non_shiftable_load,dhw_demand,cooling_demand,heating_demand,solar_generation
1.77,0,0.0,0.0,0.0
1.77,0,0.0,0.0,0.0
1.77,0,0.0,0.0,0.0
1.77,0,0.0,0.0,0.0
1.77,0,0.0,0.0,0.0
1.77,0,0.0,0.0,0.0
1.77,0,0.0,0.0,0.0
1.77,0,0.43,0.0,0.0
1.77,0,0.0,0.0,0.0
3.58,0,0.0,0.0,0.0
7.16,0,0.0,0.0,0.0
7.16,0,0.0,0.0,0.0
9.55,0,1.67,0.0,0.0
9.55,0,1.54,0.0,0.0
9.55,0,4.0,0.0,0.0
9.55,0,0.0,0.0,0.0
9.55,0,0.0,0.0,0.0
7.16,0,0.0,0.0,0.0
4.77,0,0.0,0.0,0.0
1.77,0,0.0,0.0,0.0
1.77,0,0.0,0.0,0.0
1.77,0,0.0,0.0,0.0
1.77,0,0.0,0.0,0.0
1.77,0,0.0,0.0,0.0
2.36,0,0.0,0.0,0.0
2.36,0,0.0,0.0,0.0
2.36,0,0.0,0.0,0.0
2.36,0,0.0,0.0,0.0
2.36,0,0.0,0.0,0.0
2.36,0,0.46,0.0,0.0
2.36,0,0.87,0.0,0.0
4.77,0,0.98,0.0,0.0
7.16,0,0.0,0.0,0.0
10.74,0,2.09,0.0,0.0
10.74,0,0.87,0.0,0.0
10.74,0,4.37,0.0,0.0
10.74,0,0.43,0.0,0.0
10.74,0,0.42,0.0,0.0
10.74,0,0.4,0.0,0.0
10.74,0,0.38,0.0,0.0
10.74,0,3.56,0.0,0.0
10.74,0,3.59,0.0,0.0
10.74,0,0.0,0.0,0.0
8.35,0,0.0,0.0,0.0
8.35,0,0.0,0.0,0.0
2.36,0,0.0,0.0,0.0
2.36,0,0.0,0.0,0.0
2.36,0,0.0,0.0,0.0
2.36,0,0.0,0.0,0.0
2.36,0,0.0,0.0,0.0
2.36,0,0.0,0.0,0.0
2.36,0,0.0,0.0,0.0
2.36,0,0.0,0.0,0.0
2.36,0,0.28,0.0,0.0
2.36,0,0.6,0.0,0.0
4.77,0,0.27,0.0,0.0
7.16,0,0.0,0.0,0.0
10.74,0,0.0,0.0,0.0
10.74,0,0.0,0.0,0.0
10.74,0,0.0,0.0,0.0
10.74,0,0.0,0.0,0.0
10.74,0,0.1,0.0,0.0
10.74,0,0.28,0.0,0.0
10.74,0,0.28,0.0,0.0
10.74,0,0.09,0.0,0.0
10.74,0,0.0,0.0,0.0
10.74,0,0.0,0.0,0.0
8.35,0,0.0,0.0,0.0
8.35,0,0.0,0.0,0.0
2.36,0,0.0,0.0,0.0
2.36,0,0.0,0.0,0.0
2.36,0,0.0,0.0,0.0
1.77,0,0.0,0.0,0.0
1.77,0,0.0,0.0,0.0
1.77,0,0.0,0.0,0.0
1.77,0,0.0,0.0,0.0
1.77,0,0.0,0.0,0.0
1.77,0,0.31,0.0,0.0
1.77,0,0.59,0.0,0.0
3.58,0,0.35,0.0,0.0
5.97,0,0.0,0.0,0.0
9.55,0,0.0,0.0,0.0
10.74,0,0.67,0.0,0.0
10.74,0,0.41,0.0,0.0
10.74,0,0.34,0.0,0.0
10.74,0,0.36,0.0,0.0
10.74,0,0.37,0.0,0.0
10.74,0,0.38,0.0,0.0
10.74,0,0.39,0.0,0.0
10.74,0,0.41,0.0,0.0
8.35,0,0.0,0.0,0.0
5.97,0,0.0,0.0,0.0
5.97,0,0.0,0.0,0.0
3.58,0,0.0,0.0,0.0
1.77,0,0.0,0.0,0.0
1.77,0,0.0,0.0,0.0
1.77,0,0.0,0.0,0.0
1.77,0,0.0,0.0,0.0
1.77,0,0.0,0.0,0.0
1.77,0,0.0,0.0,0.0
1.77,0,0.0,0.0,0.0
1.77,0,0.0,0.0,0.0
1.77,0,0.0,0.0,0.0
1.77,0,0.4,0.0,0.0
1.77,0,0.0,0.0,0.0
3.58,0,0.53,0.0,0.0
7.16,0,0.0,0.0,0.0
7.16,0,0.58,0.0,0.0
9.55,0,0.56,0.0,0.0
9.55,0,0.0,0.0,0.0
9.55,0,0.0,0.0,0.0
9.55,0,0.0,0.0,0.0
9.55,0,0.0,0.0,0.0
7.16,0,0.77,0.0,0.0
4.77,0,3.03,0.0,0.0
1.77,0,0.0,0.0,0.0
1.77,0,0.0,0.0,0.0
1.77,0,0.0,0.0,0.0
1.77,0,0.0,0.0,0.0
1.77,0,0.0,0.0,0.0
2.36,0,0.0,0.0,0.0
2.36,0,0.0,0.0,0.0
2.36,0,0.0,0.0,0.0
2.36,0,0.0,0.0,0.0
2.36,0,0.0,0.0,0.0
2.36,0,0.28,0.0,0.0
2.36,0,0.85,0.0,0.0
4.77,0,0.32,0.0,0.0
7.16,0,0.0,0.0,0.0
10.74,0,0.0,0.0,0.0
10.74,0,0.0,0.0,0.0
10.74,0,0.0,0.0,0.0
10.74,0,0.0,0.0,0.0
10.74,0,0.0,0.0,0.0
10.74,0,0.0,0.0,0.0
10.74,0,0.0,0.0,0.0
10.74,0,0.0,0.0,0.0
10.74,0,0.0,0.0,0.0
10.74,0,0.0,0.0,0.0
8.35,0,0.0,0.0,0.0
8.35,0,0.0,0.0,0.0
2.36,0,0.0,0.0,0.0
2.36,0,0.0,0.0,0.0
2.36,0,0.0,0.0,0.0
2.36,0,0.0,0.0,0.0
2.36,0,0.0,0.0,0.0
2.36,0,0.0,0.0,0.0
2.36,0,0.0,0.0,0.0
2.36,0,0.12,0.0,0.0
2.36,0,0.0,0.0,0.0
2.36,0,0.0,0.0,0.0
4.77,0,0.0,0.0,0.0
7.16,0,0.0,0.0,0.0
10.74,0,0.0,0.0,0.0
10.74,0,0.0,0.0,0.0
10.74,0,0.0,0.0,0.0
10.74,0,0.0,0.0,0.0
10.74,0,0.0,0.0,0.0
10.74,0,0.0,0.0,0.0
10.74,0,0.0,0.0,0.0
10.74,0,0.0,0.0,0.0
10.74,0,0.0,0.0,0.0
10.74,0,0.0,0.0,0.0
8.35,0,0.0,0.0,0.0
8.35,0,0.0,0.0,0.0
2.36,0,0.0,0.0,0.0
2.36,0,0.0,0.0,0.0
2.36,0,0.0,0.0,0.0
2.36,0,0.0,0.0,0.0
2.36,0,0.0,0.0,0.0
2.36,0,0.0,0.0,0.0
2.36,0,0.0,0.0,0.0
2.36,0,0.0,0.0,0.0
2.36,0,0.3,0.0,0.0
2.36,0,0.6,0.0,0.0
4.77,0,0.0,0.0,0.0
7.16,0,0.0,0.0,0.0
10.74,0,0.0,0.0,0.0
10.74,0,0.11,0.0,0.0
10.74,0,0.19,0.0,0.0
10.74,0,0.0,0.0,0.0
10.74,0,0.0,0.0,0.0
10.74,0,0.0,0.0,0.0
10.74,0,0.0,0.0,0.0
10.74,0,0.0,0.0,0.0
10.74,0,0.0,0.0,0.0
10.74,0,0.0,0.0,0.0
8.35,0,0.0,0.0,0.0
8.35,0,0.0,0.0,0.0
2.36,0,0.0,0.0,0.0
2.36,0,0.0,0.0,0.0
2.36,0,0.0,0.0,0.0
2.36,0,0.0,0.0,0.0
2.36,0,0.0,0.0,0.0
2.36,0,0.0,0.0,0.0
2.36,0,0.0,0.0,0.0
2.36,0,0.0,0.0,0.0
2.36,0,0.29,0.0,0.0
2.36,0,0.61,0.0,0.0
4.77,0,0.25,0.0,0.0
7.16,0,0.0,0.0,0.0
10.74,0,0.19,0.0,0.0
10.74,0,0.28,0.0,0.0
10.74,0,3.43,0.0,0.0
10.74,0,3.19,0.0,0.0
10.74,0,3.28,0.0,0.0
10.74,0,3.33,0.0,0.0
10.74,0,3.37,0.0,0.0
10.74,0,3.46,0.0,0.0
10.74,0,3.51,0.0,0.0
10.74,0,0.0,0.0,0.0
8.35,0,2.84,0.0,0.0
8.35,0,0.0,0.0,0.0
2.36,0,0.0,0.0,0.0
2.36,0,0.0,0.0,0.0
2.36,0,0.0,0.0,0.0
2.36,0,0.0,0.0,0.0
2.36,0,0.0,0.0,0.0
2.36,0,0.0,0.0,0.0
2.36,0,0.0,0.0,0.0
2.36,0,0.0,0.0,0.0
2.36,0,0.4,0.0,0.0
2.36,0,0.78,0.0,0.0
4.77,0,0.78,0.0,0.0
7.16,0,0.0,0.0,0.0
10.74,0,0.48,0.0,0.0
10.74,0,3.29,0.0,0.0
10.74,0,4.52,0.0,0.0
10.74,0,4.34,0.0,0.0
10.74,0,4.56,0.0,0.0
10.74,0,4.74,0.0,0.0
10.74,0,4.91,0.0,0.0
10.74,0,5.03,0.0,0.0
10.74,0,5.07,0.0,0.0
10.74,0,0.0,0.0,0.0
8.35,0,0.0,0.0,0.0
8.35,0,0.0,0.0,0.0
2.36,0,0.0,0.0,0.0
2.36,0,0.0,0.0,0.0
2.36,0,0.0,0.0,0.0
1.77,0,0.0,0.0,0.0
1.77,0,0.0,0.0,0.0
1.77,0,0.0,0.0,0.0
1.77,0,0.0,0.0,0.0
1.77,0,0.0,0.0,0.0
1.77,0,0.0,0.0,0.0
1.77,0,2.14,0.0,0.0
3.58,0,1.19,0.0,0.0
5.97,0,5.31,0.0,0.0
9.55,0,0.39,0.0,0.0
10.74,0,6.25,0.0,0.0
10.74,0,17.01,0.0,0.0
10.74,0,20.08,0.0,0.0
10.74,0,13.82,0.0,0.0
10.74,0,8.67,0.0,0.0
10.74,0,7.87,0.0,0.0
10.74,0,4.51,0.0,0.0
10.74,0,0.0,0.0,0.0
8.35,0,2.09,0.0,0.0
5.97,0,2.29,0.0,0.0
5.97,0,0.9,0.0,0.0
3.58,0,2.42,0.0,0.0
1.77,0,0.0,0.0,0.0
1.77,0,0.0,0.0,0.0
1.77,0,0.0,0.0,0.0
1.77,0,0.0,0.0,0.0
1.77,0,0.0,0.0,0.0
1.77,0,0.0,0.0,0.0
1.77,0,0.0,0.0,0.0
1.77,0,0.0,0.0,0.0
1.77,0,0.0,0.0,0.0
1.77,0,0.29,0.0,0.0
1.77,0,0.0,0.0,0.0
3.58,0,0.26,0.0,0.0
7.16,0,1.04,0.0,0.0
7.16,0,2.76,0.0,0.0
9.55,0,2.69,0.0,0.0
9.55,0,2.71,0.0,0.0
9.55,0,2.71,0.0,0.0
9.55,0,2.71,0.0,0.0
9.55,0,4.49,0.0,0.0
7.16,0,2.11,0.0,0.0
4.77,0,0.0,0.0,0.0
1.77,0,0.0,0.0,0.0
1.77,0,0.0,0.0,0.0
1.77,0,0.0,0.0,0.0
1.77,0,0.0,0.0,0.0
1.77,0,0.0,0.0,0.0
2.36,0,0.0,0.0,0.0
2.36,0,0.0,0.0,0.0
2.36,0,0.0,0.0,0.0
2.36,0,0.0,0.0,0.0
2.36,0,0.0,0.0,0.0
2.36,0,0.71,0.0,0.0
2.36,0,0.31,0.0,0.0
4.77,0,6.74,0.0,0.0
7.16,0,8.44,0.0,0.0
10.74,0,7.64,0.0,0.0
10.74,0,1.44,0.0,0.0
10.74,0,4.91,0.0,0.0
10.74,0,4.0,0.0,0.0
10.74,0,4.21,0.0,0.0
10.74,0,4.32,0.0,0.0
10.74,0,4.35,0.0,0.0
10.74,0,4.36,0.0,0.0
10.74,0,4.35,0.0,0.0
10.74,0,0.0,0.0,0.0
8.35,0,3.04,0.0,0.0
8.35,0,3.48,0.0,0.0
2.36,0,0.0,0.0,0.0
2.36,0,0.0,0.0,0.0
2.36,0,0.0,0.0,0.0
2.36,0,0.0,0.0,0.0
2.36,0,0.0,0.0,0.0
2.36,0,0.0,0.0,0.0
2.36,0,0.0,0.0,0.0
2.36,0,0.0,0.0,0.0
2.36,0,0.44,0.0,0.0
2.36,0,0.0,0.0,0.0
4.77,0,0.0,0.0,0.0
7.16,0,0.0,0.0,0.0
10.74,0,0.0,0.0,0.0
10.74,0,1.8,0.0,0.0
10.74,0,2.59,0.0,0.0
10.74,0,0.0,0.0,0.0
10.74,0,0.15,0.0,0.0
10.74,0,0.28,0.0,0.0
10.74,0,0.22,0.0,0.0
10.74,0,0.28,0.0,0.0
10.74,0,0.0,0.0,0.0
10.74,0,0.0,0.0,0.0
8.35,0,2.56,0.0,0.0
8.35,0,0.0,0.0,0.0
2.36,0,0.0,0.0,0.0
2.36,0,0.0,0.0,0.0
2.36,0,0.0,0.0,0.0
2.36,0,0.0,0.0,0.0
2.36,0,0.0,0.0,0.0
2.36,0,0.0,0.0,0.0
2.36,0,0.0,0.0,0.0
2.36,0,0.0,0.0,0.0
2.36,0,0.29,0.0,0.0
2.36,0,0.62,0.0,0.0
4.77,0,0.0,0.0,0.0
7.16,0,0.0,0.0,0.0
10.74,0,0.19,0.0,0.0
10.74,0,0.45,0.0,0.0
10.74,0,0.61,0.0,0.0
10.74,0,0.0,0.0,0.0
10.74,0,0.0,0.0,0.0
10.74,0,0.0,0.0,0.0
10.74,0,0.0,0.0,0.0
10.74,0,0.0,0.0,0.0
10.74,0,3.19,0.0,0.0
10.74,0,3.47,0.0,0.0
8.35,0,0.0,0.0,0.0
8.35,0,0.0,0.0,0.0
2.36,0,0.0,0.0,0.0
2.36,0,0.0,0.0,0.0
2.36,0,0.0,0.0,0.0
2.36,0,0.0,0.0,0.0
2.36,0,0.0,0.0,0.0
2.36,0,0.0,0.0,0.0
2.36,0,0.0,0.0,0.0
2.36,0,0.0,0.0,0.0
2.36,0,0.31,0.0,0.0
2.36,0,0.59,0.0,0.0
4.77,0,0.0,0.0,0.0
7.16,0,0.0,0.0,0.0
10.74,0,0.0,0.0,0.0
10.74,0,0.0,0.0,0.0
10.74,0,1.96,0.0,0.0
10.74,0,0.31,0.0,0.0
10.74,0,0.35,0.0,0.0
10.74,0,0.61,0.0,0.0
10.74,0,0.61,0.0,0.0
10.74,0,0.61,0.0,0.0
10.74,0,0.0,0.0,0.0
10.74,0,0.0,0.0,0.0
8.35,0,0.0,0.0,0.0
8.35,0,0.0,0.0,0.0
2.36,0,0.0,0.0,0.0
2.36,0,0.0,0.0,0.0
2.36,0,0.0,0.0,0.0
1.77,0,0.0,0.0,0.0
1.77,0,0.0,0.0,0.0
1.77,0,0.0,0.0,0.0
1.77,0,0.0,0.0,0.0
1.77,0,0.0,0.0,0.0
1.77,0,0.0,0.0,0.0
1.77,0,0.0,0.0,0.0
1.77,0,0.35,0.0,0.0
1.77,0,0.0,0.0,0.0
3.58,0,0.66,0.0,0.0
7.16,0,0.19,0.0,0.0
7.16,0,0.28,0.0,0.0
9.55,0,0.33,0.0,0.0
9.55,0,1.21,0.0,0.0
9.55,0,2.75,0.0,0.0
9.55,0,2.76,0.0,0.0
9.55,0,3.92,0.0,0.0
7.16,0,1.21,0.0,0.0
4.77,0,0.0,0.0,0.0
1.77,0,0.0,0.0,0.0
1.77,0,0.0,0.0,0.0
1.77,0,0.0,0.0,0.0
1.77,0,0.0,0.0,0.0
1.77,0,0.0,0.0,0.0
1.77,0,0.0,0.0,0.0
1.77,0,0.0,0.0,0.0
1.77,0,0.0,0.0,0.0
1.77,0,0.0,0.0,0.0
1.77,0,0.0,0.0,0.0
1.77,0,0.27,0.0,0.0
1.77,0,0.6,0.0,0.0
3.58,0,0.36,0.0,0.0
5.97,0,0.0,0.0,0.0
9.55,0,0.28,0.0,0.0
10.74,0,0.28,0.0,0.0
10.74,0,2.24,0.0,0.0
10.74,0,0.0,0.0,0.0
10.74,0,0.0,0.0,0.0
10.74,0,0.0,0.0,0.0
10.74,0,0.0,0.0,0.0
10.74,0,0.0,0.0,0.0
10.74,0,0.0,0.0,0.0
8.35,0,0.45,0.0,0.0
5.97,0,0.0,0.0,0.0
5.97,0,0.0,0.0,0.0
3.58,0,0.0,0.0,0.0
1.77,0,0.0,0.0,0.0
1.77,0,0.0,0.0,0.0
1.77,0,0.0,0.0,0.0
1.77,0,0.0,0.0,0.0
1.77,0,0.0,0.0,0.0
1.77,0,0.0,0.0,0.0
1.77,0,0.0,0.0,0.0
1.77,0,0.0,0.0,0.0
1.77,0,0.0,0.0,0.0
1.77,0,0.4,0.0,0.0
1.77,0,0.0,0.0,0.0
3.58,0,0.89,0.0,0.0
7.16,0,0.3,0.0,0.0
7.16,0,0.29,0.0,0.0
9.55,0,0.0,0.0,0.0
9.55,0,0.0,0.0,0.0
9.55,0,0.0,0.0,0.0
9.55,0,0.0,0.0,0.0
9.55,0,0.0,0.0,0.0
7.16,0,0.0,0.0,0.0
4.77,0,0.41,0.0,0.0
1.77,0,0.0,0.0,0.0
1.77,0,0.0,0.0,0.0
1.77,0,0.0,0.0,0.0
1.77,0,0.0,0.0,0.0
1.77,0,0.0,0.0,0.0
2.36,0,0.0,0.0,0.0
2.36,0,0.0,0.0,0.0
2.36,0,0.0,0.0,0.0
2.36,0,0.0,0.0,0.0
2.36,0,0.0,0.0,0.0
2.36,0,0.29,0.0,0.0
2.36,0,0.58,0.0,0.0
4.77,0,0.47,0.0,0.0
7.16,0,0.0,0.0,0.0
10.74,0,0.26,0.0,0.0
10.74,0,0.0,0.0,0.0
10.74,0,0.0,0.0,0.0
10.74,0,1.4,0.0,0.0
10.74,0,2.8,0.0,0.0
10.74,0,3.12,0.0,0.0
10.74,0,3.35,0.0,0.0
10.74,0,3.46,0.0,0.0
10.74,0,0.0,0.0,0.0
10.74,0,0.0,0.0,0.0
8.35,0,2.78,0.0,0.0
8.35,0,1.5,0.0,0.0
2.36,0,0.0,0.0,0.0
2.36,0,0.0,0.0,0.0
2.36,0,0.0,0.0,0.0
2.36,0,0.0,0.0,0.0
2.36,0,0.0,0.0,0.0
2.36,0,0.0,0.0,0.0
2.36,0,0.0,0.0,0.0
2.36,0,0.0,0.0,0.0
2.36,0,0.76,0.0,0.0
2.36,0,0.0,0.0,0.0
4.77,0,0.0,0.0,0.0
7.16,0,0.0,0.0,0.0
10.74,0,0.0,0.0,0.0
10.74,0,2.47,0.0,0.0
10.74,0,2.43,0.0,0.0
10.74,0,0.0,0.0,0.0
10.74,0,0.34,0.0,0.0
10.74,0,0.43,0.0,0.0
10.74,0,0.21,0.0,0.0
10.74,0,0.28,0.0,0.0
10.74,0,0.0,0.0,0.0
10.74,0,1.62,0.0,0.0
8.35,0,3.08,0.0,0.0
8.35,0,0.0,0.0,0.0
2.36,0,0.0,0.0,0.0
2.36,0,0.0,0.0,0.0
2.36,0,0.0,0.0,0.0
2.36,0,0.0,0.0,0.0
2.36,0,0.0,0.0,0.0
2.36,0,0.0,0.0,0.0
2.36,0,0.0,0.0,0.0
2.36,0,0.0,0.0,0.0
2.36,0,0.28,0.0,0.0
2.36,0,0.58,0.0,0.0
4.77,0,0.0,0.0,0.0
7.16,0,0.0,0.0,0.0
10.74,0,0.1,0.0,0.0
10.74,0,0.28,0.0,0.0
10.74,0,0.28,0.0,0.0
10.74,0,0.0,0.0,0.0
10.74,0,0.0,0.0,0.0
10.74,0,0.0,0.0,0.0
10.74,0,2.42,0.0,0.0
10.74,0,4.82,0.0,0.0
10.74,0,0.0,0.0,0.0
10.74,0,0.0,0.0,0.0
8.35,0,0.0,0.0,0.0
8.35,0,0.0,0.0,0.0
2.36,0,0.0,0.0,0.0
2.36,0,0.0,0.0,0.0
2.36,0,0.0,0.0,0.0
2.36,0,0.0,0.0,0.0
2.36,0,0.0,0.0,0.0
2.36,0,0.0,0.0,0.0
2.36,0,0.0,0.0,0.0
2.36,0,0.0,0.0,0.0
2.36,0,0.3,0.0,0.0
2.36,0,0.6,0.0,0.0
4.77,0,0.46,0.0,0.0
7.16,0,0.0,0.0,0.0
10.74,0,0.34,0.0,0.0
10.74,0,0.29,0.0,0.0
10.74,0,0.61,0.0,0.0
10.74,0,3.08,0.0,0.0
10.74,0,3.07,0.0,0.0
10.74,0,3.04,0.0,0.0
10.74,0,3.04,0.0,0.0
10.74,0,3.04,0.0,0.0
10.74,0,4.1,0.0,0.0
10.74,0,0.0,0.0,0.0
8.35,0,0.0,0.0,0.0
8.35,0,0.0,0.0,0.0
2.36,0,0.0,0.0,0.0
2.36,0,0.0,0.0,0.0
2.36,0,0.0,0.0,0.0
2.36,0,0.0,0.0,0.0
2.36,0,0.0,0.0,0.0
2.36,0,0.0,0.0,0.0
2.36,0,0.0,0.0,0.0
2.36,0,0.0,0.0,0.0
2.36,0,0.31,0.0,0.0
2.36,0,0.6,0.0,0.0
4.77,0,0.26,0.0,0.0
7.16,0,0.0,0.0,0.0
10.74,0,0.0,0.0,0.0
10.74,0,0.0,0.0,0.0
10.74,0,0.0,0.0,0.0
10.74,0,0.0,0.0,0.0
10.74,0,0.0,0.0,0.0
10.74,0,0.0,0.0,0.0
10.74,0,0.0,0.0,0.0
10.74,0,0.0,0.0,0.0
10.74,0,0.0,0.0,0.0
10.74,0,0.0,0.0,0.0
8.35,0,0.0,0.0,0.0
8.35,0,0.0,0.0,0.0
2.36,0,0.0,0.0,0.0
2.36,0,0.0,0.0,0.0
2.36,0,0.0,0.0,0.0
1.77,0,0.0,0.0,0.0
1.77,0,0.0,0.0,0.0
1.77,0,0.0,0.0,0.0
1.77,0,0.0,0.0,0.0
1.77,0,0.0,0.0,0.0
1.77,0,0.28,0.0,0.0
1.77,0,0.61,0.0,0.0
3.58,0,0.18,0.0,0.0
5.97,0,0.0,0.0,0.0
9.55,0,0.0,0.0,0.0
10.74,0,0.0,0.0,0.0
10.74,0,0.0,0.0,0.0
10.74,0,0.0,0.0,0.0
10.74,0,0.18,0.0,0.0
10.74,0,2.19,0.0,0.0
10.74,0,3.1,0.0,0.0
10.74,0,3.09,0.0,0.0
10.74,0,1.66,0.0,0.0
8.35,0,0.0,0.0,0.0
5.97,0,0.0,0.0,0.0
5.97,0,0.0,0.0,0.0
3.58,0,0.0,0.0,0.0
1.77,0,0.0,0.0,0.0
1.77,0,0.0,0.0,0.0
1.77,0,0.0,0.0,0.0
1.77,0,0.0,0.0,0.0
1.77,0,0.0,0.0,0.0
1.77,0,0.0,0.0,0.0
1.77,0,0.0,0.0,0.0
1.77,0,0.0,0.0,0.0
1.77,0,0.0,0.0,0.0
1.77,0,0.32,0.0,0.0
1.77,0,0.0,0.0,0.0
3.58,0,0.41,0.0,0.0
7.16,0,0.0,0.0,0.0
7.16,0,0.0,0.0,0.0
9.55,0,0.0,0.0,0.0
9.55,0,0.18,0.0,0.0
9.55,0,0.36,0.0,0.0
9.55,0,4.72,0.0,0.0
9.55,0,3.33,0.0,0.0
7.16,0,1.25,0.0,0.0
4.77,0,0.0,0.0,0.0
1.77,0,0.0,0.0,0.0
1.77,0,0.0,0.0,0.0
1.77,0,0.0,0.0,0.0
1.77,0,0.0,0.0,0.0
1.77,0,0.0,0.0,0.0
2.36,0,0.0,0.0,0.0
2.36,0,0.0,0.0,0.0
2.36,0,0.0,0.0,0.0
2.36,0,0.0,0.0,0.0
2.36,0,0.0,0.0,0.0
2.36,0,0.62,0.0,0.0
2.36,0,0.03,0.0,0.0
4.77,0,3.8,0.0,0.0
7.16,0,4.1,0.0,0.0
10.74,0,2.58,0.0,0.0
10.74,0,5.12,0.0,0.0
10.74,0,2.26,0.0,0.0
10.74,0,0.46,0.0,0.0
10.74,0,0.44,0.0,0.0
10.74,0,0.42,0.0,0.0
10.74,0,0.4,0.0,0.0
10.74,0,0.39,0.0,0.0
10.74,0,3.57,0.0,0.0
10.74,0,3.02,0.0,0.0
8.35,0,0.0,0.0,0.0
8.35,0,0.61,0.0,0.0
2.36,0,0.0,0.0,0.0
2.36,0,0.0,0.0,0.0
2.36,0,0.0,0.0,0.0
2.36,0,0.0,0.0,0.0
2.36,0,0.0,0.0,0.0
2.36,0,0.0,0.0,0.0
2.36,0,0.0,0.0,0.0
2.36,0,0.0,0.0,0.0
2.36,0,0.29,0.0,0.0
2.36,0,0.67,0.0,0.0
4.77,0,0.0,0.0,0.0
7.16,0,0.0,0.0,0.0
10.74,0,0.0,0.0,0.0
10.74,0,0.0,0.0,0.0
10.74,0,0.0,0.0,0.0
10.74,0,0.0,0.0,0.0
10.74,0,0.0,0.0,0.0
10.74,0,0.0,0.0,0.0
10.74,0,0.0,0.0,0.0
10.74,0,0.0,0.0,0.0
10.74,0,0.0,0.0,0.0
10.74,0,0.0,0.0,0.0
8.35,0,0.0,0.0,0.0
8.35,0,0.0,0.0,0.0
2.36,0,0.0,0.0,0.0
2.36,0,0.0,0.0,0.0
2.36,0,0.0,0.0,0.0
2.36,0,0.0,0.0,0.0
2.36,0,0.13,0.0,0.0
2.36,0,0.11,0.0,0.0
2.36,0,0.09,0.0,0.0
2.36,0,0.04,0.0,0.0
2.36,0,0.0,0.0,0.0
2.36,0,0.0,0.0,0.0
4.77,0,0.0,0.0,0.0
7.16,0,0.0,0.0,0.0
10.74,0,0.0,0.0,0.0
10.74,0,0.0,0.0,0.0
10.74,0,0.0,0.0,0.0
10.74,0,0.0,0.0,0.0
10.74,0,0.0,0.0,0.0
10.74,0,0.0,0.0,0.0
10.74,0,0.0,0.0,0.0
10.74,0,0.0,0.0,0.0
10.74,0,0.0,0.0,0.0
10.74,0,0.0,0.0,0.0
8.35,0,0.0,0.0,0.0
8.35,0,0.0,0.0,0.0
2.36,0,0.0,0.0,0.0
2.36,0,0.0,0.0,0.0
2.36,0,0.0,0.0,0.0
2.36,0,0.0,0.0,0.0
2.36,0,0.0,0.0,0.0
2.36,0,0.0,0.0,0.0
2.36,0,0.0,0.0,0.0
2.36,0,0.0,0.0,0.0
2.36,0,0.28,0.0,0.0
2.36,0,0.6,0.0,0.0
4.77,0,0.0,0.0,0.0
7.16,0,0.0,0.0,0.0
10.74,0,0.0,0.0,0.0
10.74,0,0.0,0.0,0.0
10.74,0,0.29,0.0,0.0
10.74,0,0.28,0.0,0.0
10.74,0,0.28,0.0,0.0
10.74,0,0.28,0.0,0.0
10.74,0,0.28,0.0,0.0
10.74,0,0.28,0.0,0.0
10.74,0,0.28,0.0,0.0
10.74,0,0.0,0.0,0.0
8.35,0,0.0,0.0,0.0
8.35,0,0.0,0.0,0.0
2.36,0,0.0,0.0,0.0
2.36,0,0.0,0.0,0.0
2.36,0,0.0,0.0,0.0
2.36,0,0.0,0.0,0.0
2.36,0,0.0,0.0,0.0
2.36,0,0.0,0.0,0.0
2.36,0,0.0,0.0,0.0
2.36,0,0.0,0.0,0.0
2.36,0,0.31,0.0,0.0
2.36,0,0.63,0.0,0.0
4.77,0,0.39,0.0,0.0
7.16,0,0.0,0.0,0.0
10.74,0,0.11,0.0,0.0
10.74,0,0.0,0.0,0.0
10.74,0,3.39,0.0,0.0
10.74,0,3.02,0.0,0.0
10.74,0,3.04,0.0,0.0
10.74,0,3.04,0.0,0.0
10.74,0,3.07,0.0,0.0
10.74,0,3.09,0.0,0.0
10.74,0,0.0,0.0,0.0
10.74,0,3.32,0.0,0.0
8.35,0,0.0,0.0,0.0
8.35,0,0.0,0.0,0.0
2.36,0,0.0,0.0,0.0
2.36,0,0.0,0.0,0.0
2.36,0,0.0,0.0,0.0
1.77,0,0.0,0.0,0.0
1.77,0,0.0,0.0,0.0
1.77,0,0.0,0.0,0.0
1.77,0,0.0,0.0,0.0
1.77,0,0.0,0.0,0.0
1.77,0,0.38,0.0,0.0
1.77,0,0.75,0.0,0.0
3.58,0,0.5,0.0,0.0
5.97,0,0.0,0.0,0.0
9.55,0,0.2,0.0,0.0
10.74,0,6.62,0.0,0.0
10.74,0,21.35,0.0,0.0
10.74,0,38.64,0.0,0.0
10.74,0,47.66,0.0,0.0
10.74,0,49.81,0.0,0.0
10.74,0,40.8,0.0,0.0
10.74,0,22.03,0.0,0.0
10.74,0,13.42,0.0,0.0
8.35,0,1.5,0.0,0.0
5.97,0,0.49,0.0,0.0
5.97,0,0.0,0.0,0.0
3.58,0,0.0,0.0,0.0
1.77,0,0.0,0.0,0.0
1.77,0,0.0,0.0,0.0
1.77,0,0.0,0.0,0.0
1.77,0,0.0,0.0,0.0
1.77,0,0.0,0.0,0.0
1.77,0,0.0,0.0,0.0
1.77,0,0.0,0.0,0.0
1.77,0,0.0,0.0,0.0
1.77,0,0.0,0.0,0.0
1.77,0,0.0,0.0,0.0
1.77,0,0.0,0.0,0.0
3.58,0,4.3,0.0,0.0
7.16,0,6.82,0.0,0.0
7.16,0,12.41,0.0,0.0
9.55,0,20.1,0.0,0.0
9.55,0,22.22,0.0,0.0
9.55,0,19.72,0.0,0.0
9.55,0,18.5,0.0,0.0
9.55,0,17.33,0.0,0.0
7.16,0,12.88,0.0,0.0
4.77,0,3.93,0.0,0.0
1.77,0,0.0,0.0,0.0
1.77,0,0.0,0.0,0.0
1.77,0,0.0,0.0,0.0
1.77,0,0.0,0.0,0.0
1.77,0,0.0,0.0,0.0
2.36,0,0.0,0.0,0.0
2.36,0,0.0,0.0,0.0
2.36,0,0.0,0.0,0.0
2.36,0,0.0,0.0,0.0
2.36,0,0.0,0.0,0.0
2.36,0,0.41,0.0,0.0
2.36,0,1.58,0.0,0.0
4.77,0,0.0,0.0,0.0
7.16,0,0.0,0.0,0.0
10.74,0,0.22,0.0,0.0
10.74,0,0.52,0.0,0.0
10.74,0,0.7,0.0,0.0
10.74,0,0.0,0.0,0.0
10.74,0,0.0,0.0,0.0
10.74,0,0.94,0.0,0.0
10.74,0,2.9,0.0,0.0
10.74,0,2.93,0.0,0.0
10.74,0,0.98,0.0,0.0
10.74,0,0.0,0.0,0.0
8.35,0,0.0,0.0,0.0
8.35,0,0.0,0.0,0.0
2.36,0,0.0,0.0,0.0
2.36,0,0.0,0.0,0.0
2.36,0,0.0,0.0,0.0
2.36,0,0.0,0.0,0.0
2.36,0,0.0,0.0,0.0
2.36,0,0.0,0.0,0.0
2.36,0,0.0,0.0,0.0
2.36,0,0.0,0.0,0.0
2.36,0,0.34,0.0,0.0
2.36,0,0.67,0.0,0.0
4.77,0,0.69,0.0,0.0
7.16,0,0.0,0.0,0.0
10.74,0,2.02,0.0,0.0
10.74,0,0.78,0.0,0.0
10.74,0,1.32,0.0,0.0
10.74,0,11.41,0.0,0.0
10.74,0,25.56,0.0,0.0
10.74,0,37.0,0.0,0.0
10.74,0,44.68,0.0,0.0
10.74,0,38.59,0.0,0.0
10.74,0,27.87,0.0,0.0
10.74,0,21.86,0.0,0.0
8.35,0,12.77,0.0,0.0
8.35,0,12.54,0.0,0.0
2.36,0,0.0,0.0,0.0
2.36,0,0.0,0.0,0.0
2.36,0,0.0,0.0,0.0
2.36,0,0.0,0.0,0.0
2.36,0,0.0,0.0,0.0
2.36,0,0.0,0.0,0.0
2.36,0,0.0,0.0,0.0
2.36,0,0.0,0.0,0.0
2.36,0,0.45,0.0,0.0
2.36,0,1.32,0.0,0.0
4.77,0,0.0,0.0,0.0
7.16,0,0.0,0.0,0.0
10.74,0,0.33,0.0,0.0
10.74,0,0.71,0.0,0.0
10.74,0,3.47,0.0,0.0
10.74,0,0.0,0.0,0.0
10.74,0,0.0,0.0,0.0
10.74,0,0.0,0.0,0.0
10.74,0,0.0,0.0,0.0
10.74,0,0.0,0.0,0.0
10.74,0,0.0,0.0,0.0
10.74,0,4.36,0.0,0.0
8.35,0,0.0,0.0,0.0
8.35,0,0.0,0.0,0.0
2.36,0,0.0,0.0,0.0
2.36,0,0.0,0.0,0.0
2.36,0,0.0,0.0,0.0
2.36,0,0.0,0.0,0.0
2.36,0,0.0,0.0,0.0
2.36,0,0.0,0.0,0.0
2.36,0,0.0,0.0,0.0
2.36,0,0.0,0.0,0.0
2.36,0,0.28,0.0,0.0
2.36,0,0.59,0.0,0.0
4.77,0,0.0,0.0,0.0
7.16,0,0.0,0.0,0.0
10.74,0,0.0,0.0,0.0
10.74,0,0.1,0.0,0.0
10.74,0,0.0,0.0,0.0
10.74,0,0.1,0.0,0.0
10.74,0,0.28,0.0,0.0
10.74,0,0.28,0.0,0.0
10.74,0,0.28,0.0,0.0
10.74,0,0.28,0.0,0.0
10.74,0,0.0,0.0,0.0
10.74,0,0.0,0.0,0.0
8.35,0,0.0,0.0,0.0
8.35,0,0.0,0.0,0.0
2.36,0,0.0,0.0,0.0
2.36,0,0.0,0.0,0.0
2.36,0,0.0,0.0,0.0
2.36,0,0.0,0.0,0.0
2.36,0,0.0,0.0,0.0
2.36,0,0.0,0.0,0.0
2.36,0,0.0,0.0,0.0
2.36,0,0.0,0.0,0.0
2.36,0,0.3,0.0,0.0
2.36,0,0.6,0.0,0.0
4.77,0,0.0,0.0,0.0
7.16,0,0.0,0.0,0.0
10.74,0,0.0,0.0,0.0
10.74,0,0.29,0.0,0.0
10.74,0,0.28,0.0,0.0
10.74,0,0.0,0.0,0.0
10.74,0,0.0,0.0,0.0
10.74,0,0.17,0.0,0.0
10.74,0,2.86,0.0,0.0
10.74,0,2.93,0.0,0.0
10.74,0,0.34,0.0,0.0
10.74,0,0.0,0.0,0.0
8.35,0,0.0,0.0,0.0
8.35,0,0.0,0.0,0.0
2.36,0,0.0,0.0,0.0
2.36,0,0.0,0.0,0.0
2.36,0,0.0,0.0,0.0
1.77,0,0.0,0.0,0.0
1.77,0,0.0,0.0,0.0
1.77,0,0.0,0.0,0.0
1.77,0,0.0,0.0,0.0
1.77,0,0.0,0.0,0.0
1.77,0,0.31,0.0,0.0
1.77,0,0.59,0.0,0.0
3.58,0,0.48,0.0,0.0
5.97,0,0.1,0.0,0.0
9.55,0,0.68,0.0,0.0
10.74,0,1.5,0.0,0.0
10.74,0,2.21,0.0,0.0
10.74,0,0.0,0.0,0.0
10.74,0,0.0,0.0,0.0
10.74,0,0.0,0.0,0.0
10.74,0,0.0,0.0,0.0
10.74,0,0.0,0.0,0.0
10.74,0,0.0,0.0,0.0
8.35,0,0.0,0.0,0.0
5.97,0,2.64,0.0,0.0
5.97,0,0.0,0.0,0.0
3.58,0,2.94,0.0,0.0
1.77,0,0.0,0.0,0.0
1.77,0,0.0,0.0,0.0
1.77,0,0.0,0.0,0.0
1.77,0,0.0,0.0,0.0
1.77,0,0.0,0.0,0.0
1.77,0,0.0,0.0,0.0
1.77,0,0.0,0.0,0.0
1.77,0,0.0,0.0,0.0
1.77,0,0.0,0.0,0.0
1.77,0,0.37,0.0,0.0
1.77,0,0.0,0.0,0.0
3.58,0,0.0,0.0,0.0
7.16,0,0.61,0.0,0.0
7.16,0,3.11,0.0,0.0
9.55,0,11.6,0.0,0.0
9.55,0,12.25,0.0,0.0
9.55,0,10.77,0.0,0.0
9.55,0,8.49,0.0,0.0
9.55,0,5.05,0.0,0.0
7.16,0,2.56,0.0,0.0
4.77,0,5.14,0.0,0.0
1.77,0,0.0,0.0,0.0
1.77,0,0.0,0.0,0.0
1.77,0,0.0,0.0,0.0
1.77,0,0.0,0.0,0.0
1.77,0,0.0,0.0,0.0
2.36,0,0.0,0.0,0.0
2.36,0,0.0,0.0,0.0
2.36,0,0.0,0.0,0.0
2.36,0,0.0,0.0,0.0
2.36,0,0.0,0.0,0.0
2.36,0,0.0,0.0,0.0
2.36,0,1.34,0.0,0.0
4.77,0,0.11,0.0,0.0
7.16,0,0.25,0.0,0.0
10.74,0,0.67,0.0,0.0
10.74,0,11.69,0.0,0.0
10.74,0,4.72,0.0,0.0
10.74,0,0.4,0.0,0.0
10.74,0,0.43,0.0,0.0
10.74,0,0.49,0.0,0.0
10.74,0,0.46,0.0,0.0
10.74,0,4.59,0.0,0.0
10.74,0,7.12,0.0,0.0
10.74,0,2.79,0.0,0.0
8.35,0,0.0,0.0,0.0
8.35,0,0.8,0.0,0.0
2.36,0,0.0,0.0,0.0
2.36,0,0.0,0.0,0.0
2.36,0,0.0,0.0,0.0
2.36,0,0.0,0.0,0.0
2.36,0,0.0,0.0,0.0
2.36,0,0.0,0.0,0.0
2.36,0,0.0,0.0,0.0
2.36,0,0.0,0.0,0.0
2.36,0,0.33,0.0,0.0
2.36,0,0.83,0.0,0.0
4.77,0,0.0,0.0,0.0
7.16,0,0.0,0.0,0.0
10.74,0,0.11,0.0,0.0
10.74,0,0.31,0.0,0.0
10.74,0,0.31,0.0,0.0
10.74,0,0.0,0.0,0.0
10.74,0,0.0,0.0,0.0
10.74,0,0.0,0.0,0.0
10.74,0,0.0,0.0,0.0
10.74,0,0.0,0.0,0.0
10.74,0,0.0,0.0,0.0
10.74,0,0.0,0.0,0.0
8.35,0,0.0,0.0,0.0
8.35,0,0.0,0.0,0.0
2.36,0,0.0,0.0,0.0
2.36,0,0.0,0.0,0.0
2.36,0,0.0,0.0,0.0
2.36,0,0.0,0.0,0.0
2.36,0,0.0,0.0,0.0
2.36,0,0.0,0.0,0.0
2.36,0,0.0,0.0,0.0
2.36,0,0.0,0.0,0.0
2.36,0,0.31,0.0,0.0
2.36,0,0.65,0.0,0.0
4.77,0,0.22,0.0,0.0
7.16,0,0.0,0.0,0.0
10.74,0,0.0,0.0,0.0
10.74,0,0.0,0.0,0.0
10.74,0,0.31,0.0,0.0
10.74,0,0.0,0.0,0.0
10.74,0,0.0,0.0,0.0
10.74,0,0.0,0.0,0.0
10.74,0,0.0,0.0,0.0
10.74,0,0.0,0.0,0.0
10.74,0,0.0,0.0,0.0
10.74,0,0.0,0.0,0.0
8.35,0,0.0,0.0,0.0
8.35,0,0.0,0.0,0.0
2.36,0,0.0,0.0,0.0
2.36,0,0.0,0.0,0.0
2.36,0,0.0,0.0,0.0
2.36,0,0.0,0.0,0.0
2.36,0,0.0,0.0,0.0
2.36,0,0.0,0.0,0.0
2.36,0,0.0,0.0,0.0
2.36,0,0.0,0.0,0.0
2.36,0,0.31,0.0,0.0
2.36,0,0.64,0.0,0.0
4.77,0,0.29,0.0,0.0
7.16,0,0.0,0.0,0.0
10.74,0,0.0,0.0,0.0
10.74,0,0.29,0.0,0.0
10.74,0,0.28,0.0,0.0
10.74,0,0.17,0.0,0.0
10.74,0,0.34,0.0,0.0
10.74,0,0.34,0.0,0.0
10.74,0,0.34,0.0,0.0
10.74,0,0.35,0.0,0.0
10.74,0,0.35,0.0,0.0
10.74,0,2.99,0.0,0.0
8.35,0,0.0,0.0,0.0
8.35,0,0.0,0.0,0.0
2.36,0,0.0,0.0,0.0
2.36,0,0.0,0.0,0.0
2.36,0,0.0,0.0,0.0
2.36,0,0.0,0.0,0.0
2.36,0,0.0,0.0,0.0
2.36,0,0.0,0.0,0.0
2.36,0,0.0,0.0,0.0
2.36,0,0.0,0.0,0.0
2.36,0,0.29,0.0,0.0
2.36,0,0.62,0.0,0.0
4.77,0,0.0,0.0,0.0
7.16,0,0.0,0.0,0.0
10.74,0,1.15,0.0,0.0
10.74,0,0.4,0.0,0.0
10.74,0,7.13,0.0,0.0
10.74,0,9.52,0.0,0.0
10.74,0,9.32,0.0,0.0
10.74,0,9.49,0.0,0.0
10.74,0,7.5,0.0,0.0
10.74,0,4.57,0.0,0.0
10.74,0,3.55,0.0,0.0
10.74,0,0.0,0.0,0.0
8.35,0,0.0,0.0,0.0
8.35,0,0.0,0.0,0.0
2.36,0,0.0,0.0,0.0
2.36,0,0.0,0.0,0.0
2.36,0,0.0,0.0,0.0
1.77,0,0.0,0.0,0.0
1.77,0,0.0,0.0,0.0
1.77,0,0.0,0.0,0.0
1.77,0,0.0,0.0,0.0
1.77,0,0.0,0.0,0.0
1.77,0,0.36,0.0,0.0
1.77,0,0.83,0.0,0.0
3.58,0,0.0,0.0,0.0
5.97,0,0.0,0.0,0.0
9.55,0,0.18,0.0,0.0
10.74,0,2.97,0.0,0.0
10.74,0,2.95,0.0,0.0
10.74,0,0.03,0.0,0.0
10.74,0,1.37,0.0,0.0
10.74,0,2.96,0.0,0.0
10.74,0,3.16,0.0,0.0
10.74,0,1.07,0.0,0.0
10.74,0,0.1,0.0,0.0
8.35,0,0.0,0.0,0.0
5.97,0,0.0,0.0,0.0
5.97,0,0.0,0.0,0.0
3.58,0,0.0,0.0,0.0
1.77,0,0.0,0.0,0.0
1.77,0,0.0,0.0,0.0
1.77,0,0.0,0.0,0.0
1.77,0,0.0,0.0,0.0
1.77,0,0.0,0.0,0.0
1.77,0,0.0,0.0,0.0
1.77,0,0.0,0.0,0.0
1.77,0,0.0,0.0,0.0
1.77,0,0.0,0.0,0.0
1.77,0,0.31,0.0,0.0
1.77,0,0.0,0.0,0.0
3.58,0,0.86,0.0,0.0
7.16,0,4.23,0.0,0.0
7.16,0,10.56,0.0,0.0
9.55,0,23.0,0.0,0.0
9.55,0,18.89,0.0,0.0
9.55,0,14.29,0.0,0.0
9.55,0,12.16,0.0,0.0
9.55,0,8.29,0.0,0.0
7.16,0,3.96,0.0,0.0
4.77,0,0.0,0.0,0.0
1.77,0,0.0,0.0,0.0
1.77,0,0.0,0.0,0.0
1.77,0,0.0,0.0,0.0
1.77,0,0.0,0.0,0.0
1.77,0,0.0,0.0,0.0
1.77,0,0.0,0.0,0.0
1.77,0,0.0,0.0,0.0
1.77,0,0.0,0.0,0.0
1.77,0,0.0,0.0,0.0
1.77,0,0.0,0.0,0.0
1.77,0,0.0,0.0,0.0
1.77,0,0.0,0.0,0.0
1.77,0,0.0,0.0,0.0
1.77,0,0.43,0.0,0.0
3.58,0,6.1,0.0,0.0
7.16,0,15.36,0.0,0.0
7.16,0,24.49,0.0,0.0
9.55,0,42.36,0.0,0.0
9.55,0,47.15,0.0,0.0
9.55,0,49.5,0.0,0.0
9.55,0,48.94,0.0,0.0
9.55,0,42.72,0.0,0.0
7.16,0,24.46,0.0,0.0
4.77,0,11.92,0.0,0.0
1.77,0,0.74,0.0,0.0
1.77,0,1.13,0.0,0.0
1.77,0,0.0,0.0,0.0
1.77,0,0.0,0.0,0.0
1.77,0,0.0,0.0,0.0
2.36,0,0.0,0.0,0.0
2.36,0,0.0,0.0,0.0
2.36,0,0.0,0.0,0.0
2.36,0,0.0,0.0,0.0
2.36,0,0.0,0.0,0.0
2.36,0,0.0,0.0,0.0
2.36,0,1.38,0.0,0.0
4.77,0,4.16,0.0,0.0
7.16,0,0.58,0.0,0.0
10.74,0,7.21,0.0,0.0
10.74,0,11.66,0.0,0.0
10.74,0,30.79,0.0,0.0
10.74,0,64.07,0.0,0.0
10.74,0,78.52,0.0,0.0
10.74,0,79.06,0.0,0.0
10.74,0,75.91,0.0,0.0
10.74,0,65.82,0.0,0.0
10.74,0,47.88,0.0,0.0
10.74,0,34.63,0.0,0.0
8.35,0,17.76,0.0,0.0
8.35,0,3.81,0.0,0.0
2.36,0,0.24,0.0,0.0
2.36,0,0.1,0.0,0.0
2.36,0,0.0,0.0,0.0
2.36,0,0.0,0.0,0.0
2.36,0,0.0,0.0,0.0
2.36,0,0.0,0.0,0.0
2.36,0,0.0,0.0,0.0
2.36,0,0.0,0.0,0.0
2.36,0,0.0,0.0,0.0
2.36,0,1.57,0.0,0.0
4.77,0,0.96,0.0,0.0
7.16,0,1.28,0.0,0.0
10.74,0,14.79,0.0,0.0
10.74,0,43.25,0.0,0.0
10.74,0,78.41,0.0,0.0
10.74,0,90.12,0.0,0.0
10.74,0,92.69,0.0,0.0
10.74,0,94.8,0.0,0.0
10.74,0,96.09,0.0,0.0
10.74,0,83.56,0.0,0.0
10.74,0,65.46,0.0,0.0
10.74,0,51.89,0.0,0.0
8.35,0,37.14,0.0,0.0
8.35,0,31.1,0.0,0.0
2.36,0,1.04,0.0,0.0
2.36,0,1.45,0.0,0.0
2.36,0,0.67,0.0,0.0
2.36,0,0.0,0.0,0.0
2.36,0,0.0,0.0,0.0
2.36,0,0.0,0.0,0.0
2.36,0,0.0,0.0,0.0
2.36,0,0.0,0.0,0.0
2.36,0,0.0,0.0,0.0
2.36,0,1.57,0.0,0.0
4.77,0,0.99,0.0,0.0
7.16,0,1.55,0.0,0.0
10.74,0,52.0,0.0,0.0
10.74,0,85.93,0.0,0.0
10.74,0,108.1,0.0,0.0
10.74,0,113.12,0.0,0.0
10.74,0,116.5,0.0,0.0
10.74,0,116.76,0.0,0.0
10.74,0,112.77,0.0,0.0
10.74,0,99.61,0.0,0.0
10.74,0,83.38,0.0,0.0
10.74,0,70.54,0.0,0.0
8.35,0,55.4,0.0,0.0
8.35,0,50.8,0.0,0.0
2.36,0,3.33,0.0,0.0
2.36,0,3.13,0.0,0.0
2.36,0,2.27,0.0,0.0
2.36,0,0.86,0.0,0.0
2.36,0,0.0,0.0,0.0
2.36,0,0.0,0.0,0.0
2.36,0,0.0,0.0,0.0
2.36,0,0.0,0.0,0.0
2.36,0,0.0,0.0,0.0
2.36,0,1.37,0.0,0.0
4.77,0,0.29,0.0,0.0
7.16,0,5.67,0.0,0.0
10.74,0,3.29,0.0,0.0
10.74,0,3.06,0.0,0.0
10.74,0,3.91,0.0,0.0
10.74,0,3.46,0.0,0.0
10.74,0,6.88,0.0,0.0
10.74,0,7.23,0.0,0.0
10.74,0,5.16,0.0,0.0
10.74,0,1.98,0.0,0.0
10.74,0,0.28,0.0,0.0
10.74,0,0.0,0.0,0.0
8.35,0,0.0,0.0,0.0
8.35,0,0.0,0.0,0.0
2.36,0,0.0,0.0,0.0
2.36,0,0.0,0.0,0.0
2.36,0,0.0,0.0,0.0
1.77,0,0.0,0.0,0.0
1.77,0,0.0,0.0,0.0
1.77,0,0.0,0.0,0.0
1.77,0,0.0,0.0,0.0
1.77,0,0.0,0.0,0.0
1.77,0,0.22,0.0,0.0
1.77,0,0.87,0.0,0.0
3.58,0,0.0,0.0,0.0
5.97,0,0.43,0.0,0.0
9.55,0,1.02,0.0,0.0
10.74,0,2.84,0.0,0.0
10.74,0,7.34,0.0,0.0
10.74,0,7.61,0.0,0.0
10.74,0,9.4,0.0,0.0
10.74,0,13.19,0.0,0.0
10.74,0,10.79,0.0,0.0
10.74,0,6.42,0.0,0.0
10.74,0,3.33,0.0,0.0
8.35,0,0.0,0.0,0.0
5.97,0,0.0,0.0,0.0
5.97,0,2.29,0.0,0.0
3.58,0,0.0,0.0,0.0
1.77,0,0.0,0.0,0.0
1.77,0,0.0,0.0,0.0
1.77,0,0.0,0.0,0.0
1.77,0,0.0,0.0,0.0
1.77,0,0.0,0.0,0.0
1.77,0,0.0,0.0,0.0
1.77,0,0.0,0.0,0.0
1.77,0,0.0,0.0,0.0
1.77,0,0.0,0.0,0.0
1.77,0,0.0,0.0,0.0
1.77,0,0.25,0.0,0.0
3.58,0,5.24,0.0,0.0
7.16,0,6.36,0.0,0.0
7.16,0,1.93,0.0,0.0
9.55,0,4.75,0.0,0.0
9.55,0,4.24,0.0,0.0
9.55,0,12.13,0.0,0.0
9.55,0,7.84,0.0,0.0
9.55,0,5.81,0.0,0.0
7.16,0,5.53,0.0,0.0
4.77,0,5.83,0.0,0.0
1.77,0,0.0,0.0,0.0
1.77,0,0.0,0.0,0.0
1.77,0,0.0,0.0,0.0
1.77,0,0.0,0.0,0.0
1.77,0,0.0,0.0,0.0
2.36,0,0.0,0.0,0.0
2.36,0,0.0,0.0,0.0
2.36,0,0.0,0.0,0.0
2.36,0,0.0,0.0,0.0
2.36,0,0.0,0.0,0.0
2.36,0,0.0,0.0,0.0
2.36,0,1.71,0.0,0.0
4.77,0,4.91,0.0,0.0
7.16,0,2.85,0.0,0.0
10.74,0,4.19,0.0,0.0
10.74,0,3.68,0.0,0.0
10.74,0,4.49,0.0,0.0
10.74,0,5.64,0.0,0.0
10.74,0,8.56,0.0,0.0
10.74,0,9.75,0.0,0.0
10.74,0,14.78,0.0,0.0
10.74,0,12.29,0.0,0.0
10.74,0,7.65,0.0,0.0
10.74,0,0.46,0.0,0.0
8.35,0,0.41,0.0,0.0
8.35,0,0.0,0.0,0.0
2.36,0,0.0,0.0,0.0
2.36,0,0.0,0.0,0.0
2.36,0,0.0,0.0,0.0
2.36,0,0.0,0.0,0.0
2.36,0,0.0,0.0,0.0
2.36,0,0.0,0.0,0.0
2.36,0,0.0,0.0,0.0
2.36,0,0.0,0.0,0.0
2.36,0,0.0,0.0,0.0
2.36,0,1.37,0.0,0.0
4.77,0,0.63,0.0,0.0
7.16,0,0.51,0.0,0.0
10.74,0,3.33,0.0,0.0
10.74,0,8.37,0.0,0.0
10.74,0,12.72,0.0,0.0
10.74,0,14.91,0.0,0.0
10.74,0,19.25,0.0,0.0
10.74,0,21.52,0.0,0.0
10.74,0,18.82,0.0,0.0
10.74,0,15.52,0.0,0.0
10.74,0,11.58,0.0,0.0
10.74,0,3.24,0.0,0.0
8.35,0,0.52,0.0,0.0
8.35,0,0.0,0.0,0.0
2.36,0,0.0,0.0,0.0
2.36,0,0.0,0.0,0.0
2.36,0,0.0,0.0,0.0
2.36,0,0.0,0.0,0.0
2.36,0,0.0,0.0,0.0
2.36,0,0.0,0.0,0.0
2.36,0,0.0,0.0,0.0
2.36,0,0.0,0.0,0.0
2.36,0,0.0,0.0,0.0
2.36,0,1.52,0.0,0.0
4.77,0,0.24,0.0,0.0
7.16,0,0.48,0.0,0.0
10.74,0,0.48,0.0,0.0
10.74,0,0.45,0.0,0.0
10.74,0,0.43,0.0,0.0
10.74,0,0.0,0.0,0.0
10.74,0,0.0,0.0,0.0
10.74,0,0.0,0.0,0.0
10.74,0,0.0,0.0,0.0
10.74,0,0.0,0.0,0.0
10.74,0,0.0,0.0,0.0
10.74,0,3.55,0.0,0.0
8.35,0,0.0,0.0,0.0
8.35,0,0.0,0.0,0.0
2.36,0,0.0,0.0,0.0
2.36,0,0.0,0.0,0.0
2.36,0,0.0,0.0,0.0
2.36,0,0.0,0.0,0.0
2.36,0,0.0,0.0,0.0
2.36,0,0.0,0.0,0.0
2.36,0,0.0,0.0,0.0
2.36,0,0.0,0.0,0.0
2.36,0,0.28,0.0,0.0
2.36,0,0.6,0.0,0.0
4.77,0,0.0,0.0,0.0
7.16,0,0.0,0.0,0.0
10.74,0,0.19,0.0,0.0
10.74,0,0.28,0.0,0.0
10.74,0,0.45,0.0,0.0
10.74,0,0.0,0.0,0.0
10.74,0,0.0,0.0,0.0
10.74,0,0.0,0.0,0.0
10.74,0,0.0,0.0,0.0
10.74,0,0.0,0.0,0.0
10.74,0,0.0,0.0,0.0
10.74,0,0.0,0.0,0.0
8.35,0,0.0,0.0,0.0
8.35,0,0.0,0.0,0.0
2.36,0,0.0,0.0,0.0
2.36,0,0.0,0.0,0.0
2.36,0,0.0,0.0,0.0
2.36,0,0.0,0.0,0.0
2.36,0,0.0,0.0,0.0
2.36,0,0.0,0.0,0.0
2.36,0,0.0,0.0,0.0
2.36,0,0.0,0.0,0.0
2.36,0,0.29,0.0,0.0
2.36,0,0.59,0.0,0.0
4.77,0,0.46,0.0,0.0
7.16,0,0.19,0.0,0.0
10.74,0,0.43,0.0,0.0
10.74,0,2.5,0.0,0.0
10.74,0,2.77,0.0,0.0
10.74,0,2.74,0.0,0.0
10.74,0,4.62,0.0,0.0
10.74,0,4.24,0.0,0.0
10.74,0,2.48,0.0,0.0
10.74,0,0.29,0.0,0.0
10.74,0,0.34,0.0,0.0
10.74,0,0.0,0.0,0.0
8.35,0,0.0,0.0,0.0
8.35,0,0.0,0.0,0.0
2.36,0,0.0,0.0,0.0
2.36,0,0.0,0.0,0.0
2.36,0,0.0,0.0,0.0
1.77,0,0.0,0.0,0.0
1.77,0,0.0,0.0,0.0
1.77,0,0.0,0.0,0.0
1.77,0,0.0,0.0,0.0
1.77,0,0.0,0.0,0.0
1.77,0,0.35,0.0,0.0
1.77,0,1.06,0.0,0.0
3.58,0,0.42,0.0,0.0
5.97,0,4.76,0.0,0.0
9.55,0,14.13,0.0,0.0
10.74,0,42.68,0.0,0.0
10.74,0,67.74,0.0,0.0
10.74,0,77.23,0.0,0.0
10.74,0,79.69,0.0,0.0
10.74,0,81.54,0.0,0.0
10.74,0,80.27,0.0,0.0
10.74,0,73.26,0.0,0.0
10.74,0,55.78,0.0,0.0
8.35,0,26.61,0.0,0.0
5.97,0,8.49,0.0,0.0
5.97,0,0.0,0.0,0.0
3.58,0,2.13,0.0,0.0
1.77,0,0.0,0.0,0.0
1.77,0,0.0,0.0,0.0
1.77,0,0.0,0.0,0.0
1.77,0,0.0,0.0,0.0
1.77,0,0.0,0.0,0.0
1.77,0,0.0,0.0,0.0
1.77,0,0.0,0.0,0.0
1.77,0,0.0,0.0,0.0
1.77,0,0.0,0.0,0.0
1.77,0,0.0,0.0,0.0
1.77,0,1.35,0.0,0.0
3.58,0,5.43,0.0,0.0
7.16,0,26.92,0.0,0.0
7.16,0,43.87,0.0,0.0
9.55,0,63.26,0.0,0.0
9.55,0,68.53,0.0,0.0
9.55,0,69.4,0.0,0.0
9.55,0,64.16,0.0,0.0
9.55,0,56.02,0.0,0.0
7.16,0,32.34,0.0,0.0
4.77,0,14.45,0.0,0.0
1.77,0,0.77,0.0,0.0
1.77,0,0.53,0.0,0.0
1.77,0,0.19,0.0,0.0
1.77,0,0.0,0.0,0.0
1.77,0,0.0,0.0,0.0
2.36,0,0.0,0.0,0.0
2.36,0,0.0,0.0,0.0
2.36,0,0.0,0.0,0.0
2.36,0,0.0,0.0,0.0
2.36,0,0.0,0.0,0.0
2.36,0,0.0,0.0,0.0
2.36,0,1.34,0.0,0.0
4.77,0,2.99,0.0,0.0
7.16,0,0.0,0.0,0.0
10.74,0,0.45,0.0,0.0
10.74,0,0.41,0.0,0.0
10.74,0,3.16,0.0,0.0
10.74,0,0.0,0.0,0.0
10.74,0,0.0,0.0,0.0
10.74,0,0.0,0.0,0.0
10.74,0,0.0,0.0,0.0
10.74,0,0.0,0.0,0.0
10.74,0,0.0,0.0,0.0
10.74,0,0.0,0.0,0.0
8.35,0,0.0,0.0,0.0
8.35,0,0.0,0.0,0.0
2.36,0,0.0,0.0,0.0
2.36,0,0.0,0.0,0.0
2.36,0,0.0,0.0,0.0
2.36,0,0.0,0.0,0.0
2.36,0,0.0,0.0,0.0
2.36,0,0.0,0.0,0.0
2.36,0,0.0,0.0,0.0
2.36,0,0.0,0.0,0.0
2.36,0,0.28,0.0,0.0
2.36,0,0.6,0.0,0.0
4.77,0,0.0,0.0,0.0
7.16,0,0.0,0.0,0.0
10.74,0,0.0,0.0,0.0
10.74,0,0.0,0.0,0.0
10.74,0,0.0,0.0,0.0
10.74,0,0.0,0.0,0.0
10.74,0,0.2,0.0,0.0
10.74,0,0.19,0.0,0.0
10.74,0,0.2,0.0,0.0
10.74,0,0.0,0.0,0.0
10.74,0,0.0,0.0,0.0
10.74,0,0.0,0.0,0.0
8.35,0,0.0,0.0,0.0
8.35,0,0.0,0.0,0.0
2.36,0,0.0,0.0,0.0
2.36,0,0.0,0.0,0.0
2.36,0,0.0,0.0,0.0
2.36,0,0.0,0.0,0.0
2.36,0,0.0,0.0,0.0
2.36,0,0.0,0.0,0.0
2.36,0,0.0,0.0,0.0
2.36,0,0.0,0.0,0.0
2.36,0,0.32,0.0,0.0
2.36,0,0.66,0.0,0.0
4.77,0,0.42,0.0,0.0
7.16,0,0.0,0.0,0.0
10.74,0,1.26,0.0,0.0
10.74,0,0.21,0.0,0.0
10.74,0,0.39,0.0,0.0
10.74,0,0.0,0.0,0.0
10.74,0,0.0,0.0,0.0
10.74,0,0.0,0.0,0.0
10.74,0,0.0,0.0,0.0
10.74,0,0.0,0.0,0.0
10.74,0,0.0,0.0,0.0
10.74,0,0.0,0.0,0.0
8.35,0,0.0,0.0,0.0
8.35,0,0.0,0.0,0.0
2.36,0,0.0,0.0,0.0
2.36,0,0.0,0.0,0.0
2.36,0,0.0,0.0,0.0
2.36,0,0.0,0.0,0.0
2.36,0,0.0,0.0,0.0
2.36,0,0.0,0.0,0.0
2.36,0,0.0,0.0,0.0
2.36,0,0.0,0.0,0.0
2.36,0,0.39,0.0,0.0
2.36,0,0.84,0.0,0.0
4.77,0,0.0,0.0,0.0
7.16,0,0.13,0.0,0.0
10.74,0,0.78,0.0,0.0
10.74,0,0.79,0.0,0.0
10.74,0,4.15,0.0,0.0
10.74,0,0.0,0.0,0.0
10.74,0,0.0,0.0,0.0
10.74,0,0.0,0.0,0.0
10.74,0,0.0,0.0,0.0
10.74,0,4.4,0.0,0.0
10.74,0,4.35,0.0,0.0
10.74,0,0.0,0.0,0.0
8.35,0,0.0,0.0,0.0
8.35,0,0.0,0.0,0.0
2.36,0,0.0,0.0,0.0
2.36,0,0.0,0.0,0.0
2.36,0,0.0,0.0,0.0
2.36,0,0.0,0.0,0.0
2.36,0,0.0,0.0,0.0
2.36,0,0.0,0.0,0.0
2.36,0,0.0,0.0,0.0
2.36,0,0.0,0.0,0.0
2.36,0,0.35,0.0,0.0
2.36,0,0.68,0.0,0.0
4.77,0,0.0,0.0,0.0
7.16,0,0.0,0.0,0.0
10.74,0,0.21,0.0,0.0
10.74,0,0.5,0.0,0.0
10.74,0,0.69,0.0,0.0
10.74,0,0.0,0.0,0.0
10.74,0,0.0,0.0,0.0
10.74,0,0.0,0.0,0.0
10.74,0,0.0,0.0,0.0
10.74,0,0.0,0.0,0.0
10.74,0,0.0,0.0,0.0
10.74,0,0.0,0.0,0.0
8.35,0,0.0,0.0,0.0
8.35,0,0.0,0.0,0.0
2.36,0,0.0,0.0,0.0
2.36,0,0.0,0.0,0.0
2.36,0,0.0,0.0,0.0
1.77,0,0.0,0.0,0.0
1.77,0,0.0,0.0,0.0
1.77,0,0.0,0.0,0.0
1.77,0,0.0,0.0,0.0
1.77,0,0.0,0.0,0.0
1.77,0,0.34,0.0,0.0
1.77,0,0.7,0.0,0.0
3.58,0,0.48,0.0,0.0
5.97,0,0.43,0.0,0.0
9.55,0,0.82,0.0,0.0
10.74,0,1.79,0.0,0.0
10.74,0,1.63,0.0,0.0
10.74,0,4.57,0.0,0.0
10.74,0,6.03,0.0,0.0
10.74,0,6.08,0.0,0.0
10.74,0,4.62,0.0,0.0
10.74,0,2.55,0.0,0.0
10.74,0,0.42,0.0,0.0
8.35,0,0.0,0.0,0.0
5.97,0,0.0,0.0,0.0
5.97,0,0.0,0.0,0.0
3.58,0,2.33,0.0,0.0
1.77,0,0.0,0.0,0.0
1.77,0,0.0,0.0,0.0
1.77,0,0.0,0.0,0.0
1.77,0,0.0,0.0,0.0
1.77,0,0.0,0.0,0.0
1.77,0,0.0,0.0,0.0
1.77,0,0.0,0.0,0.0
1.77,0,0.0,0.0,0.0
1.77,0,0.0,0.0,0.0
1.77,0,0.0,0.0,0.0
3.58,0,0.0,0.0,0.0
7.16,0,0.0,0.0,0.0
7.16,0,1.64,0.0,0.0
9.55,0,6.21,0.0,0.0
9.55,0,7.61,0.0,0.0
9.55,0,8.57,0.0,0.0
9.55,0,8.55,0.0,0.0
9.55,0,13.34,0.0,0.0
7.16,0,8.88,0.0,0.0
4.77,0,4.12,0.0,0.0
1.77,0,0.08,0.0,0.0
1.77,0,0.14,0.0,0.0
1.77,0,0.0,0.0,0.0
1.77,0,0.0,0.0,0.0
1.77,0,0.0,0.0,0.0
1.77,0,0.0,0.0,0.0
2.36,0,0.0,0.0,0.0
2.36,0,0.0,0.0,0.0
2.36,0,0.0,0.0,0.0
2.36,0,0.0,0.0,0.0
2.36,0,0.0,0.0,0.0
2.36,0,1.12,0.0,0.0
4.77,0,0.21,0.0,0.0
7.16,0,0.64,0.0,0.0
10.74,0,1.57,0.0,0.0
10.74,0,4.73,0.0,0.0
10.74,0,11.82,0.0,0.0
10.74,0,29.62,0.0,0.0
10.74,0,51.95,0.0,0.0
10.74,0,63.96,0.0,0.0
10.74,0,69.05,0.0,0.0
10.74,0,64.52,0.0,0.0
10.74,0,47.08,0.0,0.0
10.74,0,22.79,0.0,0.0
8.35,0,7.68,0.0,0.0
8.35,0,0.9,0.0,0.0
2.36,0,0.28,0.0,0.0
2.36,0,0.09,0.0,0.0
2.36,0,0.0,0.0,0.0
2.36,0,0.0,0.0,0.0
2.36,0,0.0,0.0,0.0
2.36,0,0.0,0.0,0.0
2.36,0,0.0,0.0,0.0
2.36,0,0.0,0.0,0.0
2.36,0,0.0,0.0,0.0
2.36,0,1.25,0.0,0.0
4.77,0,0.21,0.0,0.0
7.16,0,1.23,0.0,0.0
10.74,0,12.75,0.0,0.0
10.74,0,13.19,0.0,0.0
10.74,0,4.75,0.0,0.0
10.74,0,9.52,0.0,0.0
10.74,0,11.84,0.0,0.0
10.74,0,19.71,0.0,0.0
10.74,0,30.16,0.0,0.0
10.74,0,31.78,0.0,0.0
10.74,0,21.06,0.0,0.0
10.74,0,13.34,0.0,0.0
8.35,0,8.14,0.0,0.0
8.35,0,0.0,0.0,0.0
2.36,0,0.0,0.0,0.0
2.36,0,0.0,0.0,0.0
2.36,0,0.0,0.0,0.0
2.36,0,0.0,0.0,0.0
2.36,0,0.0,0.0,0.0
2.36,0,0.0,0.0,0.0
2.36,0,0.0,0.0,0.0
2.36,0,0.0,0.0,0.0
2.36,0,0.0,0.0,0.0
2.36,0,1.57,0.0,0.0
4.77,0,4.4,0.0,0.0
7.16,0,0.0,0.0,0.0
10.74,0,0.0,0.0,0.0
10.74,0,0.25,0.0,0.0
10.74,0,0.72,0.0,0.0
10.74,0,2.74,0.0,0.0
10.74,0,7.59,0.0,0.0
10.74,0,11.4,0.0,0.0
10.74,0,17.04,0.0,0.0
10.74,0,11.74,0.0,0.0
10.74,0,7.04,0.0,0.0
10.74,0,0.26,0.0,0.0
8.35,0,0.31,0.0,0.0
8.35,0,0.0,0.0,0.0
2.36,0,0.0,0.0,0.0
2.36,0,0.0,0.0,0.0
2.36,0,0.0,0.0,0.0
2.36,0,0.0,0.0,0.0
2.36,0,0.0,0.0,0.0
2.36,0,0.0,0.0,0.0
2.36,0,0.0,0.0,0.0
2.36,0,0.0,0.0,0.0
2.36,0,0.26,0.0,0.0
2.36,0,0.69,0.0,0.0
4.77,0,0.0,0.0,0.0
7.16,0,0.1,0.0,0.0
10.74,0,1.68,0.0,0.0
10.74,0,2.46,0.0,0.0
10.74,0,2.43,0.0,0.0
10.74,0,2.46,0.0,0.0
10.74,0,3.89,0.0,0.0
10.74,0,5.71,0.0,0.0
10.74,0,6.03,0.0,0.0
10.74,0,4.7,0.0,0.0
10.74,0,2.85,0.0,0.0
10.74,0,0.0,0.0,0.0
8.35,0,0.0,0.0,0.0
8.35,0,0.0,0.0,0.0
2.36,0,0.0,0.0,0.0
2.36,0,0.0,0.0,0.0
2.36,0,0.0,0.0,0.0
2.36,0,0.0,0.0,0.0
2.36,0,0.0,0.0,0.0
2.36,0,0.0,0.0,0.0
2.36,0,0.0,0.0,0.0
2.36,0,0.0,0.0,0.0
2.36,0,0.23,0.0,0.0
2.36,0,0.84,0.0,0.0
4.77,0,0.0,0.0,0.0
7.16,0,0.4,0.0,0.0
10.74,0,0.7,0.0,0.0
10.74,0,2.65,0.0,0.0
10.74,0,4.79,0.0,0.0
10.74,0,8.93,0.0,0.0
10.74,0,10.61,0.0,0.0
10.74,0,12.04,0.0,0.0
10.74,0,13.61,0.0,0.0
10.74,0,11.26,0.0,0.0
10.74,0,7.87,0.0,0.0
10.74,0,0.87,0.0,0.0
8.35,0,0.37,0.0,0.0
8.35,0,0.0,0.0,0.0
2.36,0,0.0,0.0,0.0
2.36,0,0.0,0.0,0.0
2.36,0,0.0,0.0,0.0
2.36,0,0.0,0.0,0.0
1.77,0,0.0,0.0,0.0
1.77,0,0.0,0.0,0.0
1.77,0,0.0,0.0,0.0
1.77,0,0.0,0.0,0.0
1.77,0,0.0,0.0,0.0
1.77,0,1.16,0.0,0.0
3.58,0,0.46,0.0,0.0
5.97,0,0.41,0.0,0.0
9.55,0,2.28,0.0,0.0
10.74,0,6.1,0.0,0.0
10.74,0,10.93,0.0,0.0
10.74,0,12.1,0.0,0.0
10.74,0,13.86,0.0,0.0
10.74,0,16.91,0.0,0.0
10.74,0,20.06,0.0,0.0
10.74,0,18.5,0.0,0.0
10.74,0,15.88,0.0,0.0
8.35,0,5.63,0.0,0.0
5.97,0,3.08,0.0,0.0
5.97,0,2.5,0.0,0.0
3.58,0,0.53,0.0,0.0
1.77,0,0.0,0.0,0.0
1.77,0,0.0,0.0,0.0
1.77,0,0.0,0.0,0.0
1.77,0,0.0,0.0,0.0
1.77,0,0.0,0.0,0.0
1.77,0,0.0,0.0,0.0
1.77,0,0.0,0.0,0.0
1.77,0,0.0,0.0,0.0
1.77,0,0.0,0.0,0.0
1.77,0,0.0,0.0,0.0
1.77,0,0.0,0.0,0.0
3.58,0,7.56,0.0,0.0
7.16,0,22.73,0.0,0.0
7.16,0,34.56,0.0,0.0
9.55,0,60.94,0.0,0.0
9.55,0,70.53,0.0,0.0
9.55,0,63.49,0.0,0.0
9.55,0,45.41,0.0,0.0
9.55,0,38.5,0.0,0.0
7.16,0,13.97,0.0,0.0
4.77,0,5.7,0.0,0.0
1.77,0,0.73,0.0,0.0
1.77,0,0.27,0.0,0.0
1.77,0,0.0,0.0,0.0
1.77,0,0.0,0.0,0.0
1.77,0,0.0,0.0,0.0
1.77,0,0.0,0.0,0.0
2.36,0,0.0,0.0,0.0
2.36,0,0.0,0.0,0.0
2.36,0,0.0,0.0,0.0
2.36,0,0.0,0.0,0.0
2.36,0,0.0,0.0,0.0
2.36,0,1.2,0.0,0.0
4.77,0,0.0,0.0,0.0
7.16,0,0.49,0.0,0.0
10.74,0,0.58,0.0,0.0
10.74,0,0.66,0.0,0.0
10.74,0,6.03,0.0,0.0
10.74,0,0.0,0.0,0.0
10.74,0,0.0,0.0,0.0
10.74,0,0.0,0.0,0.0
10.74,0,0.0,0.0,0.0
10.74,0,0.0,0.0,0.0
10.74,0,0.0,0.0,0.0
10.74,0,5.11,0.0,0.0
8.35,0,0.0,0.0,0.0
8.35,0,0.0,0.0,0.0
2.36,0,0.0,0.0,0.0
2.36,0,0.0,0.0,0.0
2.36,0,0.0,0.0,0.0
2.36,0,0.0,0.0,0.0
2.36,0,0.0,0.0,0.0
2.36,0,0.0,0.0,0.0
2.36,0,0.0,0.0,0.0
2.36,0,0.0,0.0,0.0
2.36,0,0.31,0.0,0.0
2.36,0,0.61,0.0,0.0
4.77,0,0.0,0.0,0.0
7.16,0,0.0,0.0,0.0
10.74,0,0.46,0.0,0.0
10.74,0,1.55,0.0,0.0
10.74,0,3.44,0.0,0.0
10.74,0,3.52,0.0,0.0
10.74,0,3.62,0.0,0.0
10.74,0,3.71,0.0,0.0
10.74,0,3.56,0.0,0.0
10.74,0,3.66,0.0,0.0
10.74,0,3.7,0.0,0.0
10.74,0,0.0,0.0,0.0
8.35,0,0.0,0.0,0.0
8.35,0,0.0,0.0,0.0
2.36,0,0.0,0.0,0.0
2.36,0,0.0,0.0,0.0
2.36,0,0.0,0.0,0.0
2.36,0,0.0,0.0,0.0
2.36,0,0.0,0.0,0.0
2.36,0,0.0,0.0,0.0
2.36,0,0.0,0.0,0.0
2.36,0,0.0,0.0,0.0
2.36,0,0.38,0.0,0.0
2.36,0,0.8,0.0,0.0
4.77,0,0.0,0.0,0.0
7.16,0,0.4,0.0,0.0
10.74,0,0.87,0.0,0.0
10.74,0,3.7,0.0,0.0
10.74,0,7.37,0.0,0.0
10.74,0,23.66,0.0,0.0
10.74,0,42.74,0.0,0.0
10.74,0,50.97,0.0,0.0
10.74,0,54.72,0.0,0.0
10.74,0,51.62,0.0,0.0
10.74,0,35.75,0.0,0.0
10.74,0,19.26,0.0,0.0
8.35,0,7.15,0.0,0.0
8.35,0,0.49,0.0,0.0
2.36,0,0.09,0.0,0.0
2.36,0,0.0,0.0,0.0
2.36,0,0.0,0.0,0.0
2.36,0,0.0,0.0,0.0
2.36,0,0.0,0.0,0.0
2.36,0,0.0,0.0,0.0
2.36,0,0.0,0.0,0.0
2.36,0,0.0,0.0,0.0
2.36,0,0.0,0.0,0.0
2.36,0,1.28,0.0,0.0
4.77,0,3.12,0.0,0.0
7.16,0,0.29,0.0,0.0
10.74,0,0.0,0.0,0.0
10.74,0,0.63,0.0,0.0
10.74,0,8.27,0.0,0.0
10.74,0,14.02,0.0,0.0
10.74,0,19.24,0.0,0.0
10.74,0,34.67,0.0,0.0
10.74,0,48.86,0.0,0.0
10.74,0,46.07,0.0,0.0
10.74,0,33.56,0.0,0.0
10.74,0,18.48,0.0,0.0
8.35,0,6.51,0.0,0.0
8.35,0,0.73,0.0,0.0
2.36,0,0.28,0.0,0.0
2.36,0,0.07,0.0,0.0
2.36,0,0.0,0.0,0.0
2.36,0,0.0,0.0,0.0
2.36,0,0.0,0.0,0.0
2.36,0,0.0,0.0,0.0
2.36,0,0.0,0.0,0.0
2.36,0,0.0,0.0,0.0
2.36,0,0.0,0.0,0.0
2.36,0,1.05,0.0,0.0
4.77,0,0.0,0.0,0.0
7.16,0,0.4,0.0,0.0
10.74,0,0.0,0.0,0.0
10.74,0,6.11,0.0,0.0
10.74,0,31.37,0.0,0.0
10.74,0,48.74,0.0,0.0
10.74,0,55.71,0.0,0.0
10.74,0,54.23,0.0,0.0
10.74,0,50.85,0.0,0.0
10.74,0,40.73,0.0,0.0
10.74,0,25.44,0.0,0.0
10.74,0,9.71,0.0,0.0
8.35,0,4.87,0.0,0.0
8.35,0,0.23,0.0,0.0
2.36,0,0.09,0.0,0.0
2.36,0,0.0,0.0,0.0
2.36,0,0.0,0.0,0.0
2.36,0,0.0,0.0,0.0
1.77,0,0.0,0.0,0.0
1.77,0,0.0,0.0,0.0
1.77,0,0.0,0.0,0.0
1.77,0,0.0,0.0,0.0
1.77,0,0.0,0.0,0.0
1.77,0,1.15,0.0,0.0
3.58,0,0.22,0.0,0.0
5.97,0,1.31,0.0,0.0
9.55,0,11.03,0.0,0.0
10.74,0,41.57,0.0,0.0
10.74,0,70.15,0.0,0.0
10.74,0,79.51,0.0,0.0
10.74,0,83.36,0.0,0.0
10.74,0,84.45,0.0,0.0
10.74,0,85.48,0.0,0.0
10.74,0,86.85,0.0,0.0
10.74,0,75.42,0.0,0.0
8.35,0,44.4,0.0,0.0
5.97,0,28.13,0.0,0.0
5.97,0,19.13,0.0,0.0
3.58,0,8.01,0.0,0.0
1.77,0,0.27,0.0,0.0
1.77,0,0.0,0.0,0.0
1.77,0,0.0,0.0,0.0
1.77,0,0.0,0.0,0.0
1.77,0,0.0,0.0,0.0
1.77,0,0.0,0.0,0.0
1.77,0,0.0,0.0,0.0
1.77,0,0.0,0.0,0.0
1.77,0,0.0,0.0,0.0
1.77,0,0.0,0.0,0.0
1.77,0,0.84,0.0,0.0
3.58,0,6.65,0.0,0.0
7.16,0,6.78,0.0,0.0
7.16,0,12.54,0.0,0.0
9.55,0,20.36,0.0,0.0
9.55,0,18.54,0.0,0.0
9.55,0,13.38,0.0,0.0
9.55,0,10.1,0.0,0.0
9.55,0,6.87,0.0,0.0
7.16,0,6.66,0.0,0.0
4.77,0,2.53,0.0,0.0
1.77,0,0.0,0.0,0.0
1.77,0,0.0,0.0,0.0
1.77,0,0.0,0.0,0.0
1.77,0,0.0,0.0,0.0
1.77,0,0.0,0.0,0.0
1.77,0,0.0,0.0,0.0
2.36,0,0.0,0.0,0.0
2.36,0,0.0,0.0,0.0
2.36,0,0.0,0.0,0.0
2.36,0,0.0,0.0,0.0
2.36,0,0.15,0.0,0.0
2.36,0,1.08,0.0,0.0
4.77,0,0.0,0.0,0.0
7.16,0,0.93,0.0,0.0
10.74,0,2.86,0.0,0.0
10.74,0,3.82,0.0,0.0
10.74,0,3.81,0.0,0.0
10.74,0,3.5,0.0,0.0
10.74,0,3.49,0.0,0.0
10.74,0,4.27,0.0,0.0
10.74,0,4.21,0.0,0.0
10.74,0,3.72,0.0,0.0
10.74,0,3.62,0.0,0.0
10.74,0,0.0,0.0,0.0
8.35,0,0.0,0.0,0.0
8.35,0,0.0,0.0,0.0
2.36,0,0.0,0.0,0.0
2.36,0,0.0,0.0,0.0
2.36,0,0.0,0.0,0.0
2.36,0,0.0,0.0,0.0
2.36,0,0.0,0.0,0.0
2.36,0,0.0,0.0,0.0
2.36,0,0.0,0.0,0.0
2.36,0,0.0,0.0,0.0
2.36,0,0.34,0.0,0.0
2.36,0,0.0,0.0,0.0
4.77,0,0.0,0.0,0.0
7.16,0,0.2,0.0,0.0
10.74,0,0.0,0.0,0.0
10.74,0,0.0,0.0,0.0
10.74,0,0.25,0.0,0.0
10.74,0,3.3,0.0,0.0
10.74,0,8.9,0.0,0.0
10.74,0,9.99,0.0,0.0
10.74,0,9.54,0.0,0.0
10.74,0,7.05,0.0,0.0
10.74,0,3.62,0.0,0.0
10.74,0,0.0,0.0,0.0
8.35,0,0.0,0.0,0.0
8.35,0,0.0,0.0,0.0
2.36,0,0.0,0.0,0.0
2.36,0,0.0,0.0,0.0
2.36,0,0.0,0.0,0.0
2.36,0,0.0,0.0,0.0
2.36,0,0.0,0.0,0.0
2.36,0,0.0,0.0,0.0
2.36,0,0.0,0.0,0.0
2.36,0,0.0,0.0,0.0
2.36,0,0.27,0.0,0.0
2.36,0,0.65,0.0,0.0
4.77,0,0.0,0.0,0.0
7.16,0,0.11,0.0,0.0
10.74,0,0.9,0.0,0.0
10.74,0,0.28,0.0,0.0
10.74,0,0.28,0.0,0.0
10.74,0,0.0,0.0,0.0
10.74,0,0.0,0.0,0.0
10.74,0,0.0,0.0,0.0
10.74,0,0.0,0.0,0.0
10.74,0,0.0,0.0,0.0
10.74,0,0.0,0.0,0.0
10.74,0,0.0,0.0,0.0
8.35,0,0.0,0.0,0.0
8.35,0,0.0,0.0,0.0
2.36,0,0.0,0.0,0.0
2.36,0,0.0,0.0,0.0
2.36,0,0.0,0.0,0.0
2.36,0,0.0,0.0,0.0
2.36,0,0.0,0.0,0.0
2.36,0,0.0,0.0,0.0
2.36,0,0.0,0.0,0.0
2.36,0,0.0,0.0,0.0
2.36,0,0.25,0.0,0.0
2.36,0,0.9,0.0,0.0
4.77,0,0.0,0.0,0.0
7.16,0,0.64,0.0,0.0
10.74,0,1.32,0.0,0.0
10.74,0,7.61,0.0,0.0
10.74,0,24.16,0.0,0.0
10.74,0,19.86,0.0,0.0
10.74,0,11.83,0.0,0.0
10.74,0,10.55,0.0,0.0
10.74,0,9.87,0.0,0.0
10.74,0,8.28,0.0,0.0
10.74,0,5.97,0.0,0.0
10.74,0,0.45,0.0,0.0
8.35,0,0.51,0.0,0.0
8.35,0,0.0,0.0,0.0
2.36,0,0.0,0.0,0.0
2.36,0,0.0,0.0,0.0
2.36,0,0.0,0.0,0.0
2.36,0,0.0,0.0,0.0
2.36,0,0.0,0.0,0.0
2.36,0,0.0,0.0,0.0
2.36,0,0.0,0.0,0.0
2.36,0,0.0,0.0,0.0
2.36,0,0.0,0.0,0.0
2.36,0,1.92,0.0,0.0
4.77,0,0.99,0.0,0.0
7.16,0,1.47,0.0,0.0
10.74,0,11.74,0.0,0.0
10.74,0,25.03,0.0,0.0
10.74,0,14.32,0.0,0.0
10.74,0,5.23,0.0,0.0
10.74,0,7.32,0.0,0.0
10.74,0,8.53,0.0,0.0
10.74,0,6.7,0.0,0.0
10.74,0,4.92,0.0,0.0
10.74,0,4.82,0.0,0.0
10.74,0,0.0,0.0,0.0
8.35,0,0.0,0.0,0.0
8.35,0,0.0,0.0,0.0
2.36,0,0.0,0.0,0.0
2.36,0,0.0,0.0,0.0
2.36,0,0.0,0.0,0.0
2.36,0,0.0,0.0,0.0
1.77,0,0.0,0.0,0.0
1.77,0,0.0,0.0,0.0
1.77,0,0.0,0.0,0.0
1.77,0,0.0,0.0,0.0
1.77,0,0.0,0.0,0.0
1.77,0,1.59,0.0,0.0
3.58,0,1.93,0.0,0.0
5.97,0,0.0,0.0,0.0
9.55,0,0.0,0.0,0.0
10.74,0,0.0,0.0,0.0
10.74,0,0.86,0.0,0.0
10.74,0,8.69,0.0,0.0
10.74,0,19.26,0.0,0.0
10.74,0,25.02,0.0,0.0
10.74,0,33.46,0.0,0.0
10.74,0,31.79,0.0,0.0
10.74,0,15.68,0.0,0.0
8.35,0,4.7,0.0,0.0
5.97,0,3.27,0.0,0.0
5.97,0,0.0,0.0,0.0
3.58,0,1.72,0.0,0.0
1.77,0,0.0,0.0,0.0
1.77,0,0.0,0.0,0.0
1.77,0,0.0,0.0,0.0
1.77,0,0.0,0.0,0.0
1.77,0,0.0,0.0,0.0
1.77,0,0.0,0.0,0.0
1.77,0,0.0,0.0,0.0
1.77,0,0.0,0.0,0.0
1.77,0,0.0,0.0,0.0
1.77,0,0.51,0.0,0.0
1.77,0,0.0,0.0,0.0
3.58,0,2.75,0.0,0.0
7.16,0,0.64,0.0,0.0
7.16,0,3.37,0.0,0.0
9.55,0,3.2,0.0,0.0
9.55,0,3.3,0.0,0.0
9.55,0,5.89,0.0,0.0
9.55,0,8.3,0.0,0.0
9.55,0,8.01,0.0,0.0
7.16,0,4.23,0.0,0.0
4.77,0,0.0,0.0,0.0
1.77,0,0.0,0.0,0.0
1.77,0,0.0,0.0,0.0
1.77,0,0.0,0.0,0.0
1.77,0,0.0,0.0,0.0
1.77,0,0.0,0.0,0.0
1.77,0,0.0,0.0,0.0
2.36,0,0.0,0.0,0.0
2.36,0,0.0,0.0,0.0
2.36,0,0.0,0.0,0.0
2.36,0,0.0,0.0,0.0
2.36,0,0.23,0.0,0.0
2.36,0,0.0,0.0,0.0
4.77,0,0.0,0.0,0.0
7.16,0,0.67,0.0,0.0
10.74,0,0.69,0.0,0.0
10.74,0,1.8,0.0,0.0
10.74,0,10.66,0.0,0.0
10.74,0,22.27,0.0,0.0
10.74,0,38.85,0.0,0.0
10.74,0,50.47,0.0,0.0
10.74,0,53.49,0.0,0.0
10.74,0,46.36,0.0,0.0
10.74,0,29.23,0.0,0.0
10.74,0,8.87,0.0,0.0
8.35,0,4.17,0.0,0.0
8.35,0,0.0,0.0,0.0
2.36,0,0.08,0.0,0.0
2.36,0,0.0,0.0,0.0
2.36,0,0.0,0.0,0.0
2.36,0,0.0,0.0,0.0
2.36,0,0.0,0.0,0.0
2.36,0,0.0,0.0,0.0
2.36,0,0.0,0.0,0.0
2.36,0,0.0,0.0,0.0
2.36,0,0.0,0.0,0.0
2.36,0,1.24,0.0,0.0
4.77,0,0.61,0.0,0.0
7.16,0,1.69,0.0,0.0
10.74,0,19.32,0.0,0.0
10.74,0,43.39,0.0,0.0
10.74,0,63.97,0.0,0.0
10.74,0,72.49,0.0,0.0
10.74,0,79.19,0.0,0.0
10.74,0,83.45,0.0,0.0
10.74,0,86.62,0.0,0.0
10.74,0,81.73,0.0,0.0
10.74,0,68.98,0.0,0.0
10.74,0,54.72,0.0,0.0
8.35,0,34.97,0.0,0.0
8.35,0,24.99,0.0,0.0
2.36,0,0.76,0.0,0.0
2.36,0,0.09,0.0,0.0
2.36,0,0.0,0.0,0.0
2.36,0,0.0,0.0,0.0
2.36,0,0.0,0.0,0.0
2.36,0,0.0,0.0,0.0
2.36,0,0.0,0.0,0.0
2.36,0,0.0,0.0,0.0
2.36,0,0.0,0.0,0.0
2.36,0,1.81,0.0,0.0
4.77,0,4.79,0.0,0.0
7.16,0,5.58,0.0,0.0
10.74,0,44.97,0.0,0.0
10.74,0,68.96,0.0,0.0
10.74,0,90.47,0.0,0.0
10.74,0,101.54,0.0,0.0
10.74,0,103.34,0.0,0.0
10.74,0,103.93,0.0,0.0
10.74,0,104.95,0.0,0.0
10.74,0,98.85,0.0,0.0
10.74,0,85.23,0.0,0.0
10.74,0,71.01,0.0,0.0
8.35,0,54.68,0.0,0.0
8.35,0,50.12,0.0,0.0
2.36,0,1.04,0.0,0.0
2.36,0,1.46,0.0,0.0
2.36,0,0.7,0.0,0.0
2.36,0,0.0,0.0,0.0
2.36,0,0.0,0.0,0.0
2.36,0,0.0,0.0,0.0
2.36,0,0.0,0.0,0.0
2.36,0,0.0,0.0,0.0
2.36,0,0.0,0.0,0.0
2.36,0,2.08,0.0,0.0
4.77,0,7.63,0.0,0.0
7.16,0,23.41,0.0,0.0
10.74,0,63.06,0.0,0.0
10.74,0,79.17,0.0,0.0
10.74,0,94.8,0.0,0.0
10.74,0,100.09,0.0,0.0
10.74,0,105.72,0.0,0.0
10.74,0,109.59,0.0,0.0
10.74,0,111.3,0.0,0.0
10.74,0,103.73,0.0,0.0
10.74,0,91.98,0.0,0.0
10.74,0,80.19,0.0,0.0
8.35,0,60.86,0.0,0.0
8.35,0,53.17,0.0,0.0
2.36,0,2.96,0.0,0.0
2.36,0,1.52,0.0,0.0
2.36,0,0.8,0.0,0.0
2.36,0,0.72,0.0,0.0
2.36,0,0.7,0.0,0.0
2.36,0,0.0,0.0,0.0
2.36,0,0.0,0.0,0.0
2.36,0,0.0,0.0,0.0
2.36,0,0.0,0.0,0.0
2.36,0,2.85,0.0,0.0
4.77,0,11.75,0.0,0.0
7.16,0,32.87,0.0,0.0
10.74,0,68.33,0.0,0.0
10.74,0,83.88,0.0,0.0
10.74,0,71.12,0.0,0.0
10.74,0,34.38,0.0,0.0
10.74,0,77.79,0.0,0.0
10.74,0,94.46,0.0,0.0
10.74,0,94.04,0.0,0.0
10.74,0,88.71,0.0,0.0
10.74,0,77.98,0.0,0.0
10.74,0,65.76,0.0,0.0
8.35,0,51.56,0.0,0.0
8.35,0,47.99,0.0,0.0
2.36,0,2.3,0.0,0.0
2.36,0,0.94,0.0,0.0
2.36,0,0.72,0.0,0.0
2.36,0,0.57,0.0,0.0
1.77,0,0.57,0.0,0.0
1.77,0,0.0,0.0,0.0
1.77,0,0.0,0.0,0.0
1.77,0,0.0,0.0,0.0
1.77,0,0.0,0.0,0.0
1.77,0,1.34,0.0,0.0
3.58,0,2.73,0.0,0.0
5.97,0,2.32,0.0,0.0
9.55,0,3.13,0.0,0.0
10.74,0,3.04,0.0,0.0
10.74,0,3.42,0.0,0.0
10.74,0,2.21,0.0,0.0
10.74,0,3.26,0.0,0.0
10.74,0,2.35,0.0,0.0
10.74,0,2.08,0.0,0.0
10.74,0,0.23,0.0,0.0
10.74,0,0.0,0.0,0.0
8.35,0,0.0,0.0,0.0
5.97,0,0.0,0.0,0.0
5.97,0,0.0,0.0,0.0
3.58,0,0.0,0.0,0.0
1.77,0,0.0,0.0,0.0
1.77,0,0.0,0.0,0.0
1.77,0,0.0,0.0,0.0
1.77,0,0.0,0.0,0.0
1.77,0,0.0,0.0,0.0
1.77,0,0.0,0.0,0.0
1.77,0,0.0,0.0,0.0
1.77,0,0.0,0.0,0.0
1.77,0,0.0,0.0,0.0
1.77,0,0.0,0.0,0.0
1.77,0,0.0,0.0,0.0
3.58,0,0.7,0.0,0.0
7.16,0,2.1,0.0,0.0
7.16,0,1.02,0.0,0.0
9.55,0,5.27,0.0,0.0
9.55,0,10.19,0.0,0.0
9.55,0,8.29,0.0,0.0
9.55,0,14.19,0.0,0.0
9.55,0,40.23,0.0,0.0
7.16,0,45.3,0.0,0.0
4.77,0,35.59,0.0,0.0
1.77,0,0.77,0.0,0.0
1.77,0,0.0,0.0,0.0
1.77,0,0.0,0.0,0.0
1.77,0,0.0,0.0,0.0
1.77,0,0.0,0.0,0.0
1.77,0,0.0,0.0,0.0
2.36,0,0.0,0.0,0.0
2.36,0,0.0,0.0,0.0
2.36,0,0.0,0.0,0.0
2.36,0,0.0,0.0,0.0
2.36,0,0.0,0.0,0.0
2.36,0,2.42,0.0,0.0
4.77,0,4.67,0.0,0.0
7.16,0,2.1,0.0,0.0
10.74,0,7.41,0.0,0.0
10.74,0,4.13,0.0,0.0
10.74,0,4.48,0.0,0.0
10.74,0,7.96,0.0,0.0
10.74,0,10.77,0.0,0.0
10.74,0,11.84,0.0,0.0
10.74,0,16.98,0.0,0.0
10.74,0,23.36,0.0,0.0
10.74,0,16.56,0.0,0.0
10.74,0,8.34,0.0,0.0
8.35,0,4.62,0.0,0.0
8.35,0,0.09,0.0,0.0
2.36,0,0.09,0.0,0.0
2.36,0,0.0,0.0,0.0
2.36,0,0.0,0.0,0.0
2.36,0,0.0,0.0,0.0
2.36,0,0.0,0.0,0.0
2.36,0,0.0,0.0,0.0
2.36,0,0.0,0.0,0.0
2.36,0,0.0,0.0,0.0
2.36,0,0.0,0.0,0.0
2.36,0,1.24,0.0,0.0
4.77,0,1.69,0.0,0.0
7.16,0,0.0,0.0,0.0
10.74,0,0.0,0.0,0.0
10.74,0,0.0,0.0,0.0
10.74,0,0.42,0.0,0.0
10.74,0,5.14,0.0,0.0
10.74,0,6.39,0.0,0.0
10.74,0,0.03,0.0,0.0
10.74,0,0.0,0.0,0.0
10.74,0,0.0,0.0,0.0
10.74,0,0.0,0.0,0.0
10.74,0,0.0,0.0,0.0
8.35,0,0.0,0.0,0.0
8.35,0,0.0,0.0,0.0
2.36,0,0.0,0.0,0.0
2.36,0,0.0,0.0,0.0
2.36,0,0.0,0.0,0.0
2.36,0,0.0,0.0,0.0
2.36,0,0.0,0.0,0.0
2.36,0,0.0,0.0,0.0
2.36,0,0.0,0.0,0.0
2.36,0,0.0,0.0,0.0
2.36,0,0.42,0.0,0.0
2.36,0,0.0,0.0,0.0
4.77,0,0.0,0.0,0.0
7.16,0,0.0,0.0,0.0
10.74,0,0.0,0.0,0.0
10.74,0,0.0,0.0,0.0
10.74,0,0.42,0.0,0.0
10.74,0,5.03,0.0,0.0
10.74,0,8.04,0.0,0.0
10.74,0,11.36,0.0,0.0
10.74,0,20.71,0.0,0.0
10.74,0,22.22,0.0,0.0
10.74,0,11.92,0.0,0.0
10.74,0,3.87,0.0,0.0
8.35,0,3.19,0.0,0.0
8.35,0,0.0,0.0,0.0
2.36,0,0.0,0.0,0.0
2.36,0,0.0,0.0,0.0
2.36,0,0.0,0.0,0.0
2.36,0,0.0,0.0,0.0
2.36,0,0.0,0.0,0.0
2.36,0,0.0,0.0,0.0
2.36,0,0.0,0.0,0.0
2.36,0,0.0,0.0,0.0
2.36,0,0.0,0.0,0.0
2.36,0,0.95,0.0,0.0
4.77,0,0.41,0.0,0.0
7.16,0,0.58,0.0,0.0
10.74,0,0.48,0.0,0.0
10.74,0,1.36,0.0,0.0
10.74,0,14.61,0.0,0.0
10.74,0,28.09,0.0,0.0
10.74,0,40.96,0.0,0.0
10.74,0,46.51,0.0,0.0
10.74,0,45.4,0.0,0.0
10.74,0,33.0,0.0,0.0
10.74,0,16.16,0.0,0.0
10.74,0,5.63,0.0,0.0
8.35,0,3.77,0.0,0.0
8.35,0,0.0,0.0,0.0
2.36,0,0.0,0.0,0.0
2.36,0,0.0,0.0,0.0
2.36,0,0.0,0.0,0.0
2.36,0,0.0,0.0,0.0
2.36,0,0.0,0.0,0.0
2.36,0,0.0,0.0,0.0
2.36,0,0.0,0.0,0.0
2.36,0,0.0,0.0,0.0
2.36,0,0.0,0.0,0.0
2.36,0,1.12,0.0,0.0
4.77,0,0.39,0.0,0.0
7.16,0,4.26,0.0,0.0
10.74,0,20.67,0.0,0.0
10.74,0,39.48,0.0,0.0
10.74,0,56.1,0.0,0.0
10.74,0,64.76,0.0,0.0
10.74,0,67.86,0.0,0.0
10.74,0,71.57,0.0,0.0
10.74,0,77.42,0.0,0.0
10.74,0,75.38,0.0,0.0
10.74,0,65.46,0.0,0.0
10.74,0,51.22,0.0,0.0
8.35,0,31.26,0.0,0.0
8.35,0,23.22,0.0,0.0
2.36,0,0.66,0.0,0.0
2.36,0,0.61,0.0,0.0
2.36,0,0.0,0.0,0.0
2.36,0,0.0,0.0,0.0
1.77,0,0.0,0.0,0.0
1.77,0,0.0,0.0,0.0
1.77,0,0.0,0.0,0.0
1.77,0,0.0,0.0,0.0
1.77,0,0.0,0.0,0.0
1.77,0,1.33,0.0,0.0
3.58,0,4.73,0.0,0.0
5.97,0,5.91,0.0,0.0
9.55,0,33.52,0.0,0.0
10.74,0,59.35,0.0,0.0
10.74,0,82.24,0.0,0.0
10.74,0,91.65,0.0,0.0
10.74,0,96.3,0.0,0.0
10.74,0,96.62,0.0,0.0
10.74,0,95.44,0.0,0.0
10.74,0,91.77,0.0,0.0
10.74,0,80.42,0.0,0.0
8.35,0,52.23,0.0,0.0
5.97,0,36.24,0.0,0.0
5.97,0,28.96,0.0,0.0
3.58,0,16.72,0.0,0.0
1.77,0,0.69,0.0,0.0
1.77,0,0.0,0.0,0.0
1.77,0,0.0,0.0,0.0
1.77,0,0.0,0.0,0.0
1.77,0,0.0,0.0,0.0
1.77,0,0.0,0.0,0.0
1.77,0,0.0,0.0,0.0
1.77,0,0.0,0.0,0.0
1.77,0,0.0,0.0,0.0
1.77,0,0.0,0.0,0.0
1.77,0,0.5,0.0,0.0
3.58,0,21.39,0.0,0.0
7.16,0,44.5,0.0,0.0
7.16,0,55.88,0.0,0.0
9.55,0,75.84,0.0,0.0
9.55,0,78.34,0.0,0.0
9.55,0,78.97,0.0,0.0
9.55,0,79.56,0.0,0.0
9.55,0,75.31,0.0,0.0
7.16,0,58.39,0.0,0.0
4.77,0,43.17,0.0,0.0
1.77,0,2.68,0.0,0.0
1.77,0,2.5,0.0,0.0
1.77,0,0.73,0.0,0.0
1.77,0,0.68,0.0,0.0
1.77,0,0.64,0.0,0.0
1.77,0,0.0,0.0,0.0
2.36,0,0.0,0.0,0.0
2.36,0,0.0,0.0,0.0
2.36,0,0.0,0.0,0.0
2.36,0,0.0,0.0,0.0
2.36,0,0.0,0.0,0.0
2.36,0,2.69,0.0,0.0
4.77,0,15.17,0.0,0.0
7.16,0,34.08,0.0,0.0
10.74,0,71.18,0.0,0.0
10.74,0,85.16,0.0,0.0
10.74,0,103.7,0.0,0.0
10.74,0,112.21,0.0,0.0
10.74,0,103.07,0.0,0.0
10.74,0,92.79,0.0,0.0
10.74,0,90.8,0.0,0.0
10.74,0,76.34,0.0,0.0
10.74,0,76.32,0.0,0.0
10.74,0,46.84,0.0,0.0
8.35,0,8.65,0.0,0.0
8.35,0,3.43,0.0,0.0
2.36,0,0.0,0.0,0.0
2.36,0,0.0,0.0,0.0
2.36,0,0.0,0.0,0.0
2.36,0,0.0,0.0,0.0
2.36,0,0.0,0.0,0.0
2.36,0,0.0,0.0,0.0
2.36,0,0.0,0.0,0.0
2.36,0,0.0,0.0,0.0
2.36,0,0.3,0.0,0.0
2.36,0,1.33,0.0,0.0
4.77,0,0.0,0.0,0.0
7.16,0,0.0,0.0,0.0
10.74,0,0.6,0.0,0.0
10.74,0,1.57,0.0,0.0
10.74,0,3.37,0.0,0.0
10.74,0,3.04,0.0,0.0
10.74,0,3.0,0.0,0.0
10.74,0,2.88,0.0,0.0
10.74,0,2.83,0.0,0.0
10.74,0,2.77,0.0,0.0
10.74,0,2.76,0.0,0.0
10.74,0,0.0,0.0,0.0
8.35,0,0.0,0.0,0.0
8.35,0,0.0,0.0,0.0
2.36,0,0.0,0.0,0.0
2.36,0,0.0,0.0,0.0
2.36,0,0.0,0.0,0.0
2.36,0,0.0,0.0,0.0
2.36,0,0.0,0.0,0.0
2.36,0,0.0,0.0,0.0
2.36,0,0.0,0.0,0.0
2.36,0,0.0,0.0,0.0
2.36,0,0.3,0.0,0.0
2.36,0,0.59,0.0,0.0
4.77,0,0.0,0.0,0.0
7.16,0,0.11,0.0,0.0
10.74,0,2.07,0.0,0.0
10.74,0,1.76,0.0,0.0
10.74,0,10.51,0.0,0.0
10.74,0,2.85,0.0,0.0
10.74,0,0.64,0.0,0.0
10.74,0,0.66,0.0,0.0
10.74,0,0.65,0.0,0.0
10.74,0,0.63,0.0,0.0
10.74,0,0.63,0.0,0.0
10.74,0,0.0,0.0,0.0
8.35,0,0.0,0.0,0.0
8.35,0,0.0,0.0,0.0
2.36,0,0.0,0.0,0.0
2.36,0,0.0,0.0,0.0
2.36,0,0.0,0.0,0.0
2.36,0,0.0,0.0,0.0
2.36,0,0.0,0.0,0.0
2.36,0,0.0,0.0,0.0
2.36,0,0.0,0.0,0.0
2.36,0,0.0,0.0,0.0
2.36,0,0.14,0.0,0.0
2.36,0,1.11,0.0,0.0
4.77,0,0.27,0.0,0.0
7.16,0,0.38,0.0,0.0
10.74,0,1.31,0.0,0.0
10.74,0,3.25,0.0,0.0
10.74,0,3.39,0.0,0.0
10.74,0,0.73,0.0,0.0
10.74,0,1.26,0.0,0.0
10.74,0,0.65,0.0,0.0
10.74,0,0.87,0.0,0.0
10.74,0,0.41,0.0,0.0
10.74,0,0.47,0.0,0.0
10.74,0,0.0,0.0,0.0
8.35,0,0.0,0.0,0.0
8.35,0,0.0,0.0,0.0
2.36,0,0.0,0.0,0.0
2.36,0,0.0,0.0,0.0
2.36,0,0.0,0.0,0.0
2.36,0,0.0,0.0,0.0
2.36,0,0.0,0.0,0.0
2.36,0,0.0,0.0,0.0
2.36,0,0.0,0.0,0.0
2.36,0,0.0,0.0,0.0
2.36,0,0.0,0.0,0.0
2.36,0,1.43,0.0,0.0
4.77,0,0.67,0.0,0.0
7.16,0,0.0,0.0,0.0
10.74,0,0.0,0.0,0.0
10.74,0,1.36,0.0,0.0
10.74,0,10.43,0.0,0.0
10.74,0,32.32,0.0,0.0
10.74,0,54.35,0.0,0.0
10.74,0,62.14,0.0,0.0
10.74,0,63.68,0.0,0.0
10.74,0,54.7,0.0,0.0
10.74,0,30.87,0.0,0.0
10.74,0,7.61,0.0,0.0
8.35,0,4.55,0.0,0.0
8.35,0,0.0,0.0,0.0
2.36,0,0.0,0.0,0.0
2.36,0,0.0,0.0,0.0
2.36,0,0.0,0.0,0.0
2.36,0,0.0,0.0,0.0
1.77,0,0.0,0.0,0.0
1.77,0,0.0,0.0,0.0
1.77,0,0.0,0.0,0.0
1.77,0,0.0,0.0,0.0
1.77,0,0.0,0.0,0.0
1.77,0,1.26,0.0,0.0
3.58,0,2.95,0.0,0.0
5.97,0,0.0,0.0,0.0
9.55,0,0.0,0.0,0.0
10.74,0,3.17,0.0,0.0
10.74,0,14.13,0.0,0.0
10.74,0,32.45,0.0,0.0
10.74,0,51.22,0.0,0.0
10.74,0,64.05,0.0,0.0
10.74,0,68.8,0.0,0.0
10.74,0,69.9,0.0,0.0
10.74,0,60.71,0.0,0.0
8.35,0,36.93,0.0,0.0
5.97,0,15.55,0.0,0.0
5.97,0,7.28,0.0,0.0
3.58,0,4.01,0.0,0.0
1.77,0,0.0,0.0,0.0
1.77,0,0.0,0.0,0.0
1.77,0,0.0,0.0,0.0
1.77,0,0.0,0.0,0.0
1.77,0,0.0,0.0,0.0
1.77,0,0.0,0.0,0.0
1.77,0,0.0,0.0,0.0
1.77,0,0.0,0.0,0.0
1.77,0,0.0,0.0,0.0
1.77,0,0.0,0.0,0.0
1.77,0,0.64,0.0,0.0
3.58,0,5.52,0.0,0.0
7.16,0,20.72,0.0,0.0
7.16,0,38.91,0.0,0.0
9.55,0,57.17,0.0,0.0
9.55,0,65.46,0.0,0.0
9.55,0,65.98,0.0,0.0
9.55,0,57.35,0.0,0.0
9.55,0,56.58,0.0,0.0
7.16,0,45.43,0.0,0.0
4.77,0,31.55,0.0,0.0
1.77,0,2.19,0.0,0.0
1.77,0,1.97,0.0,0.0
1.77,0,0.59,0.0,0.0
1.77,0,0.52,0.0,0.0
1.77,0,0.0,0.0,0.0
1.77,0,0.0,0.0,0.0
2.36,0,0.0,0.0,0.0
2.36,0,0.0,0.0,0.0
2.36,0,0.0,0.0,0.0
2.36,0,0.0,0.0,0.0
2.36,0,0.0,0.0,0.0
2.36,0,1.12,0.0,0.0
4.77,0,0.56,0.0,0.0
7.16,0,0.82,0.0,0.0
10.74,0,4.86,0.0,0.0
10.74,0,20.98,0.0,0.0
10.74,0,49.13,0.0,0.0
10.74,0,68.31,0.0,0.0
10.74,0,78.21,0.0,0.0
10.74,0,77.41,0.0,0.0
10.74,0,79.93,0.0,0.0
10.74,0,75.4,0.0,0.0
10.74,0,64.28,0.0,0.0
10.74,0,53.72,0.0,0.0
8.35,0,36.16,0.0,0.0
8.35,0,23.85,0.0,0.0
2.36,0,0.32,0.0,0.0
2.36,0,0.09,0.0,0.0
2.36,0,0.0,0.0,0.0
2.36,0,0.0,0.0,0.0
2.36,0,0.0,0.0,0.0
2.36,0,0.0,0.0,0.0
2.36,0,0.0,0.0,0.0
2.36,0,0.0,0.0,0.0
2.36,0,0.0,0.0,0.0
2.36,0,1.29,0.0,0.0
4.77,0,2.21,0.0,0.0
7.16,0,5.92,0.0,0.0
10.74,0,33.64,0.0,0.0
10.74,0,43.18,0.0,0.0
10.74,0,58.34,0.0,0.0
10.74,0,70.87,0.0,0.0
10.74,0,76.23,0.0,0.0
10.74,0,79.75,0.0,0.0
10.74,0,91.81,0.0,0.0
10.74,0,93.02,0.0,0.0
10.74,0,82.58,0.0,0.0
10.74,0,71.36,0.0,0.0
8.35,0,51.94,0.0,0.0
8.35,0,42.1,0.0,0.0
2.36,0,0.92,0.0,0.0
2.36,0,0.71,0.0,0.0
2.36,0,0.56,0.0,0.0
2.36,0,0.0,0.0,0.0
2.36,0,0.0,0.0,0.0
2.36,0,0.0,0.0,0.0
2.36,0,0.0,0.0,0.0
2.36,0,0.0,0.0,0.0
2.36,0,0.0,0.0,0.0
2.36,0,1.39,0.0,0.0
4.77,0,1.8,0.0,0.0
7.16,0,6.15,0.0,0.0
10.74,0,44.24,0.0,0.0
10.74,0,64.54,0.0,0.0
10.74,0,84.24,0.0,0.0
10.74,0,94.94,0.0,0.0
10.74,0,96.57,0.0,0.0
10.74,0,94.18,0.0,0.0
10.74,0,95.74,0.0,0.0
10.74,0,88.53,0.0,0.0
10.74,0,74.6,0.0,0.0
10.74,0,60.97,0.0,0.0
8.35,0,48.48,0.0,0.0
8.35,0,48.74,0.0,0.0
2.36,0,2.61,0.0,0.0
2.36,0,2.71,0.0,0.0
2.36,0,0.71,0.0,0.0
2.36,0,0.62,0.0,0.0
2.36,0,0.0,0.0,0.0
2.36,0,0.0,0.0,0.0
2.36,0,0.0,0.0,0.0
2.36,0,0.0,0.0,0.0
2.36,0,0.0,0.0,0.0
2.36,0,1.24,0.0,0.0
4.77,0,4.72,0.0,0.0
7.16,0,15.03,0.0,0.0
10.74,0,53.13,0.0,0.0
10.74,0,68.47,0.0,0.0
10.74,0,89.69,0.0,0.0
10.74,0,100.51,0.0,0.0
10.74,0,104.55,0.0,0.0
10.74,0,107.01,0.0,0.0
10.74,0,108.0,0.0,0.0
10.74,0,101.02,0.0,0.0
10.74,0,86.59,0.0,0.0
10.74,0,73.92,0.0,0.0
8.35,0,57.96,0.0,0.0
8.35,0,51.28,0.0,0.0
2.36,0,2.39,0.0,0.0
2.36,0,1.55,0.0,0.0
2.36,0,0.75,0.0,0.0
2.36,0,0.71,0.0,0.0
2.36,0,0.59,0.0,0.0
2.36,0,0.0,0.0,0.0
2.36,0,0.0,0.0,0.0
2.36,0,0.0,0.0,0.0
2.36,0,0.0,0.0,0.0
2.36,0,2.64,0.0,0.0
4.77,0,13.98,0.0,0.0
7.16,0,34.48,0.0,0.0
10.74,0,70.39,0.0,0.0
10.74,0,90.32,0.0,0.0
10.74,0,110.4,0.0,0.0
10.74,0,118.04,0.0,0.0
10.74,0,124.95,0.0,0.0
10.74,0,129.49,0.0,0.0
10.74,0,131.17,0.0,0.0
10.74,0,123.97,0.0,0.0
10.74,0,112.39,0.0,0.0
10.74,0,99.86,0.0,0.0
8.35,0,83.23,0.0,0.0
8.35,0,77.97,0.0,0.0
2.36,0,6.15,0.0,0.0
2.36,0,6.03,0.0,0.0
2.36,0,1.79,0.0,0.0
2.36,0,1.47,0.0,0.0
1.77,0,0.67,0.0,0.0
1.77,0,0.0,0.0,0.0
1.77,0,0.0,0.0,0.0
1.77,0,0.0,0.0,0.0
1.77,0,0.0,0.0,0.0
1.77,0,2.45,0.0,0.0
3.58,0,11.58,0.0,0.0
5.97,0,34.16,0.0,0.0
9.55,0,68.2,0.0,0.0
10.74,0,92.7,0.0,0.0
10.74,0,115.93,0.0,0.0
10.74,0,126.14,0.0,0.0
10.74,0,131.12,0.0,0.0
10.74,0,130.98,0.0,0.0
10.74,0,124.2,0.0,0.0
10.74,0,118.43,0.0,0.0
10.74,0,107.33,0.0,0.0
8.35,0,80.67,0.0,0.0
5.97,0,66.95,0.0,0.0
5.97,0,60.74,0.0,0.0
3.58,0,46.89,0.0,0.0
1.77,0,2.47,0.0,0.0
1.77,0,3.17,0.0,0.0
1.77,0,0.79,0.0,0.0
1.77,0,1.0,0.0,0.0
1.77,0,0.73,0.0,0.0
1.77,0,0.78,0.0,0.0
1.77,0,0.58,0.0,0.0
1.77,0,0.67,0.0,0.0
1.77,0,0.0,0.0,0.0
1.77,0,0.77,0.0,0.0
1.77,0,8.15,0.0,0.0
3.58,0,38.24,0.0,0.0
7.16,0,64.25,0.0,0.0
7.16,0,79.46,0.0,0.0
9.55,0,104.46,0.0,0.0
9.55,0,114.39,0.0,0.0
9.55,0,113.05,0.0,0.0
9.55,0,108.27,0.0,0.0
9.55,0,105.83,0.0,0.0
7.16,0,89.85,0.0,0.0
4.77,0,71.2,0.0,0.0
1.77,0,7.81,0.0,0.0
1.77,0,6.95,0.0,0.0
1.77,0,2.45,0.0,0.0
1.77,0,5.35,0.0,0.0
1.77,0,2.1,0.0,0.0
1.77,0,1.1,0.0,0.0
2.36,0,1.6,0.0,0.0
2.36,0,0.83,0.0,0.0
2.36,0,0.87,0.0,0.0
2.36,0,0.81,0.0,0.0
2.36,0,0.78,0.0,0.0
2.36,0,6.26,0.0,0.0
4.77,0,33.49,0.0,0.0
7.16,0,54.59,0.0,0.0
10.74,0,88.91,0.0,0.0
10.74,0,102.58,0.0,0.0
10.74,0,124.34,0.0,0.0
10.74,0,134.52,0.0,0.0
10.74,0,137.32,0.0,0.0
10.74,0,136.59,0.0,0.0
10.74,0,138.26,0.0,0.0
10.74,0,131.99,0.0,0.0
10.74,0,119.46,0.0,0.0
10.74,0,106.29,0.0,0.0
8.35,0,89.65,0.0,0.0
8.35,0,85.79,0.0,0.0
2.36,0,7.99,0.0,0.0
2.36,0,7.83,0.0,0.0
2.36,0,5.17,0.0,0.0
2.36,0,6.2,0.0,0.0
2.36,0,2.59,0.0,0.0
2.36,0,2.51,0.0,0.0
2.36,0,0.91,0.0,0.0
2.36,0,0.84,0.0,0.0
2.36,0,0.84,0.0,0.0
2.36,0,6.96,0.0,0.0
4.77,0,21.87,0.0,0.0
7.16,0,20.12,0.0,0.0
10.74,0,52.87,0.0,0.0
10.74,0,73.42,0.0,0.0
10.74,0,105.24,0.0,0.0
10.74,0,122.96,0.0,0.0
10.74,0,130.86,0.0,0.0
10.74,0,134.34,0.0,0.0
10.74,0,140.71,0.0,0.0
10.74,0,135.42,0.0,0.0
10.74,0,119.13,0.0,0.0
10.74,0,105.68,0.0,0.0
8.35,0,90.55,0.0,0.0
8.35,0,84.02,0.0,0.0
2.36,0,6.42,0.0,0.0
2.36,0,4.7,0.0,0.0
2.36,0,2.91,0.0,0.0
2.36,0,1.6,0.0,0.0
2.36,0,0.79,0.0,0.0
2.36,0,0.39,0.0,0.0
2.36,0,0.13,0.0,0.0
2.36,0,0.0,0.0,0.0
2.36,0,0.0,0.0,0.0
2.36,0,1.5,0.0,0.0
4.77,0,3.62,0.0,0.0
7.16,0,0.0,0.0,0.0
10.74,0,2.97,0.0,0.0
10.74,0,15.96,0.0,0.0
10.74,0,34.67,0.0,0.0
10.74,0,47.01,0.0,0.0
10.74,0,56.39,0.0,0.0
10.74,0,59.85,0.0,0.0
10.74,0,61.31,0.0,0.0
10.74,0,49.6,0.0,0.0
10.74,0,26.84,0.0,0.0
10.74,0,7.85,0.0,0.0
8.35,0,3.97,0.0,0.0
8.35,0,0.0,0.0,0.0
2.36,0,0.08,0.0,0.0
2.36,0,0.0,0.0,0.0
2.36,0,0.0,0.0,0.0
2.36,0,0.0,0.0,0.0
2.36,0,0.0,0.0,0.0
2.36,0,0.0,0.0,0.0
2.36,0,0.0,0.0,0.0
2.36,0,0.0,0.0,0.0
2.36,0,0.0,0.0,0.0
2.36,0,1.08,0.0,0.0
4.77,0,3.49,0.0,0.0
7.16,0,0.0,0.0,0.0
10.74,0,0.0,0.0,0.0
10.74,0,0.15,0.0,0.0
10.74,0,2.17,0.0,0.0
10.74,0,7.88,0.0,0.0
10.74,0,13.74,0.0,0.0
10.74,0,22.4,0.0,0.0
10.74,0,29.88,0.0,0.0
10.74,0,29.22,0.0,0.0
10.74,0,20.04,0.0,0.0
10.74,0,6.87,0.0,0.0
8.35,0,3.31,0.0,0.0
8.35,0,0.0,0.0,0.0
2.36,0,0.0,0.0,0.0
2.36,0,0.0,0.0,0.0
2.36,0,0.0,0.0,0.0
2.36,0,0.0,0.0,0.0
2.36,0,0.0,0.0,0.0
2.36,0,0.0,0.0,0.0
2.36,0,0.0,0.0,0.0
2.36,0,0.0,0.0,0.0
2.36,0,0.0,0.0,0.0
2.36,0,0.96,0.0,0.0
4.77,0,0.84,0.0,0.0
7.16,0,2.32,0.0,0.0
10.74,0,8.52,0.0,0.0
10.74,0,19.58,0.0,0.0
10.74,0,35.44,0.0,0.0
10.74,0,45.34,0.0,0.0
10.74,0,40.31,0.0,0.0
10.74,0,30.69,0.0,0.0
10.74,0,32.65,0.0,0.0
10.74,0,38.83,0.0,0.0
10.74,0,35.68,0.0,0.0
10.74,0,21.04,0.0,0.0
8.35,0,4.85,0.0,0.0
8.35,0,0.42,0.0,0.0
2.36,0,0.2,0.0,0.0
2.36,0,0.0,0.0,0.0
2.36,0,0.0,0.0,0.0
2.36,0,0.0,0.0,0.0
1.77,0,0.0,0.0,0.0
1.77,0,0.0,0.0,0.0
1.77,0,0.0,0.0,0.0
1.77,0,0.0,0.0,0.0
1.77,0,0.0,0.0,0.0
1.77,0,0.97,0.0,0.0
3.58,0,2.04,0.0,0.0
5.97,0,3.46,0.0,0.0
9.55,0,26.87,0.0,0.0
10.74,0,52.19,0.0,0.0
10.74,0,70.82,0.0,0.0
10.74,0,66.42,0.0,0.0
10.74,0,72.21,0.0,0.0
10.74,0,74.22,0.0,0.0
10.74,0,75.97,0.0,0.0
10.74,0,75.4,0.0,0.0
10.74,0,68.53,0.0,0.0
8.35,0,50.9,0.0,0.0
5.97,0,39.17,0.0,0.0
5.97,0,30.57,0.0,0.0
3.58,0,17.45,0.0,0.0
1.77,0,0.0,0.0,0.0
1.77,0,0.0,0.0,0.0
1.77,0,0.0,0.0,0.0
1.77,0,0.0,0.0,0.0
1.77,0,0.0,0.0,0.0
1.77,0,0.0,0.0,0.0
1.77,0,0.0,0.0,0.0
1.77,0,0.0,0.0,0.0
1.77,0,0.0,0.0,0.0
1.77,0,0.0,0.0,0.0
1.77,0,0.26,0.0,0.0
3.58,0,17.1,0.0,0.0
7.16,0,38.72,0.0,0.0
7.16,0,49.12,0.0,0.0
9.55,0,68.74,0.0,0.0
9.55,0,73.72,0.0,0.0
9.55,0,73.84,0.0,0.0
9.55,0,73.59,0.0,0.0
9.55,0,72.2,0.0,0.0
7.16,0,62.75,0.0,0.0
4.77,0,54.08,0.0,0.0
1.77,0,4.44,0.0,0.0
1.77,0,4.84,0.0,0.0
1.77,0,0.99,0.0,0.0
1.77,0,0.55,0.0,0.0
1.77,0,0.0,0.0,0.0
1.77,0,0.0,0.0,0.0
2.36,0,0.0,0.0,0.0
2.36,0,0.0,0.0,0.0
2.36,0,0.0,0.0,0.0
2.36,0,0.0,0.0,0.0
2.36,0,0.0,0.0,0.0
2.36,0,1.18,0.0,0.0
4.77,0,2.4,0.0,0.0
7.16,0,8.51,0.0,0.0
10.74,0,47.38,0.0,0.0
10.74,0,65.11,0.0,0.0
10.74,0,67.99,0.0,0.0
10.74,0,75.96,0.0,0.0
10.74,0,83.56,0.0,0.0
10.74,0,90.75,0.0,0.0
10.74,0,95.97,0.0,0.0
10.74,0,90.8,0.0,0.0
10.74,0,81.58,0.0,0.0
10.74,0,69.91,0.0,0.0
8.35,0,51.44,0.0,0.0
8.35,0,40.76,0.0,0.0
2.36,0,1.58,0.0,0.0
2.36,0,0.53,0.0,0.0
2.36,0,0.26,0.0,0.0
2.36,0,0.0,0.0,0.0
2.36,0,0.0,0.0,0.0
2.36,0,0.0,0.0,0.0
2.36,0,0.0,0.0,0.0
2.36,0,0.0,0.0,0.0
2.36,0,0.0,0.0,0.0
2.36,0,1.18,0.0,0.0
4.77,0,2.9,0.0,0.0
7.16,0,16.42,0.0,0.0
10.74,0,46.08,0.0,0.0
10.74,0,63.56,0.0,0.0
10.74,0,81.08,0.0,0.0
10.74,0,85.85,0.0,0.0
10.74,0,89.74,0.0,0.0
10.74,0,91.57,0.0,0.0
10.74,0,96.7,0.0,0.0
10.74,0,94.25,0.0,0.0
10.74,0,83.17,0.0,0.0
10.74,0,69.87,0.0,0.0
8.35,0,52.75,0.0,0.0
8.35,0,45.55,0.0,0.0
2.36,0,1.01,0.0,0.0
2.36,0,2.46,0.0,0.0
2.36,0,0.62,0.0,0.0
2.36,0,0.0,0.0,0.0
2.36,0,0.0,0.0,0.0
2.36,0,0.0,0.0,0.0
2.36,0,0.0,0.0,0.0
2.36,0,0.0,0.0,0.0
2.36,0,0.0,0.0,0.0
2.36,0,2.28,0.0,0.0
4.77,0,15.29,0.0,0.0
7.16,0,37.92,0.0,0.0
10.74,0,70.3,0.0,0.0
10.74,0,80.97,0.0,0.0
10.74,0,94.17,0.0,0.0
10.74,0,101.33,0.0,0.0
10.74,0,104.76,0.0,0.0
10.74,0,105.44,0.0,0.0
10.74,0,108.61,0.0,0.0
10.74,0,102.43,0.0,0.0
10.74,0,93.59,0.0,0.0
10.74,0,83.78,0.0,0.0
8.35,0,68.09,0.0,0.0
8.35,0,62.6,0.0,0.0
2.36,0,5.04,0.0,0.0
2.36,0,4.92,0.0,0.0
2.36,0,0.73,0.0,0.0
2.36,0,0.75,0.0,0.0
2.36,0,0.73,0.0,0.0
2.36,0,0.64,0.0,0.0
2.36,0,0.0,0.0,0.0
2.36,0,0.0,0.0,0.0
2.36,0,0.0,0.0,0.0
2.36,0,3.71,0.0,0.0
4.77,0,23.34,0.0,0.0
7.16,0,45.93,0.0,0.0
10.74,0,78.96,0.0,0.0
10.74,0,91.32,0.0,0.0
10.74,0,105.92,0.0,0.0
10.74,0,108.48,0.0,0.0
10.74,0,112.17,0.0,0.0
10.74,0,113.44,0.0,0.0
10.74,0,114.78,0.0,0.0
10.74,0,107.68,0.0,0.0
10.74,0,100.61,0.0,0.0
10.74,0,95.63,0.0,0.0
8.35,0,82.37,0.0,0.0
8.35,0,77.39,0.0,0.0
2.36,0,6.23,0.0,0.0
2.36,0,6.13,0.0,0.0
2.36,0,5.3,0.0,0.0
2.36,0,5.74,0.0,0.0
2.36,0,3.11,0.0,0.0
2.36,0,1.03,0.0,0.0
2.36,0,2.39,0.0,0.0
2.36,0,0.85,0.0,0.0
2.36,0,0.86,0.0,0.0
2.36,0,7.19,0.0,0.0
4.77,0,45.87,0.0,0.0
7.16,0,58.97,0.0,0.0
10.74,0,90.45,0.0,0.0
10.74,0,100.3,0.0,0.0
10.74,0,112.83,0.0,0.0
10.74,0,118.74,0.0,0.0
10.74,0,117.72,0.0,0.0
10.74,0,121.45,0.0,0.0
10.74,0,128.74,0.0,0.0
10.74,0,125.7,0.0,0.0
10.74,0,97.45,0.0,0.0
10.74,0,74.19,0.0,0.0
8.35,0,57.54,0.0,0.0
8.35,0,50.77,0.0,0.0
2.36,0,0.79,0.0,0.0
2.36,0,0.0,0.0,0.0
2.36,0,0.0,0.0,0.0
2.36,0,0.0,0.0,0.0
1.77,0,0.0,0.0,0.0
1.77,0,0.0,0.0,0.0
1.77,0,0.0,0.0,0.0
1.77,0,0.0,0.0,0.0
1.77,0,0.0,0.0,0.0
1.77,0,1.61,0.0,0.0
3.58,0,0.95,0.0,0.0
5.97,0,1.62,0.0,0.0
9.55,0,38.44,0.0,0.0
10.74,0,69.24,0.0,0.0
10.74,0,93.36,0.0,0.0
10.74,0,102.61,0.0,0.0
10.74,0,112.73,0.0,0.0
10.74,0,118.87,0.0,0.0
10.74,0,121.03,0.0,0.0
10.74,0,116.87,0.0,0.0
10.74,0,107.4,0.0,0.0
8.35,0,80.58,0.0,0.0
5.97,0,64.1,0.0,0.0
5.97,0,56.16,0.0,0.0
3.58,0,42.59,0.0,0.0
1.77,0,0.93,0.0,0.0
1.77,0,0.84,0.0,0.0
1.77,0,0.75,0.0,0.0
1.77,0,0.0,0.0,0.0
1.77,0,0.0,0.0,0.0
1.77,0,0.0,0.0,0.0
1.77,0,0.0,0.0,0.0
1.77,0,0.0,0.0,0.0
1.77,0,0.0,0.0,0.0
1.77,0,0.0,0.0,0.0
1.77,0,4.37,0.0,0.0
3.58,0,45.93,0.0,0.0
7.16,0,65.18,0.0,0.0
7.16,0,71.46,0.0,0.0
9.55,0,90.94,0.0,0.0
9.55,0,93.71,0.0,0.0
9.55,0,90.76,0.0,0.0
9.55,0,89.8,0.0,0.0
9.55,0,87.41,0.0,0.0
7.16,0,73.92,0.0,0.0
4.77,0,63.47,0.0,0.0
1.77,0,5.99,0.0,0.0
1.77,0,4.65,0.0,0.0
1.77,0,2.18,0.0,0.0
1.77,0,1.03,0.0,0.0
1.77,0,0.77,0.0,0.0
1.77,0,0.66,0.0,0.0
2.36,0,0.76,0.0,0.0
2.36,0,0.75,0.0,0.0
2.36,0,0.0,0.0,0.0
2.36,0,0.0,0.0,0.0
2.36,0,0.0,0.0,0.0
2.36,0,5.85,0.0,0.0
4.77,0,33.83,0.0,0.0
7.16,0,60.37,0.0,0.0
10.74,0,95.21,0.0,0.0
10.74,0,107.36,0.0,0.0
10.74,0,122.14,0.0,0.0
10.74,0,123.58,0.0,0.0
10.74,0,123.09,0.0,0.0
10.74,0,126.02,0.0,0.0
10.74,0,129.96,0.0,0.0
10.74,0,121.54,0.0,0.0
10.74,0,109.38,0.0,0.0
10.74,0,96.22,0.0,0.0
8.35,0,79.9,0.0,0.0
8.35,0,74.95,0.0,0.0
2.36,0,5.66,0.0,0.0
2.36,0,6.09,0.0,0.0
2.36,0,4.93,0.0,0.0
2.36,0,5.44,0.0,0.0
2.36,0,2.37,0.0,0.0
2.36,0,0.73,0.0,0.0
2.36,0,0.69,0.0,0.0
2.36,0,0.62,0.0,0.0
2.36,0,0.0,0.0,0.0
2.36,0,5.24,0.0,0.0
4.77,0,29.23,0.0,0.0
7.16,0,52.45,0.0,0.0
10.74,0,88.08,0.0,0.0
10.74,0,97.02,0.0,0.0
10.74,0,110.0,0.0,0.0
10.74,0,114.17,0.0,0.0
10.74,0,114.82,0.0,0.0
10.74,0,116.05,0.0,0.0
10.74,0,121.34,0.0,0.0
10.74,0,114.91,0.0,0.0
10.74,0,107.18,0.0,0.0
10.74,0,97.36,0.0,0.0
8.35,0,82.28,0.0,0.0
8.35,0,78.95,0.0,0.0
2.36,0,6.22,0.0,0.0
2.36,0,5.95,0.0,0.0
2.36,0,5.15,0.0,0.0
2.36,0,4.67,0.0,0.0
2.36,0,2.87,0.0,0.0
2.36,0,0.72,0.0,0.0
2.36,0,0.74,0.0,0.0
2.36,0,0.7,0.0,0.0
2.36,0,0.64,0.0,0.0
2.36,0,5.59,0.0,0.0
4.77,0,35.68,0.0,0.0
7.16,0,46.26,0.0,0.0
10.74,0,74.6,0.0,0.0
10.74,0,86.62,0.0,0.0
10.74,0,103.72,0.0,0.0
10.74,0,113.55,0.0,0.0
10.74,0,113.02,0.0,0.0
10.74,0,105.84,0.0,0.0
10.74,0,95.24,0.0,0.0
10.74,0,79.88,0.0,0.0
10.74,0,64.95,0.0,0.0
10.74,0,17.0,0.0,0.0
8.35,0,4.55,0.0,0.0
8.35,0,0.0,0.0,0.0
2.36,0,0.0,0.0,0.0
2.36,0,0.0,0.0,0.0
2.36,0,0.0,0.0,0.0
2.36,0,0.0,0.0,0.0
2.36,0,0.0,0.0,0.0
2.36,0,0.0,0.0,0.0
2.36,0,0.0,0.0,0.0
2.36,0,0.0,0.0,0.0
2.36,0,0.0,0.0,0.0
2.36,0,1.1,0.0,0.0
4.77,0,1.72,0.0,0.0
7.16,0,0.0,0.0,0.0
10.74,0,0.0,0.0,0.0
10.74,0,0.0,0.0,0.0
10.74,0,3.58,0.0,0.0
10.74,0,13.23,0.0,0.0
10.74,0,25.54,0.0,0.0
10.74,0,37.22,0.0,0.0
10.74,0,45.39,0.0,0.0
10.74,0,44.0,0.0,0.0
10.74,0,35.02,0.0,0.0
10.74,0,22.93,0.0,0.0
8.35,0,5.36,0.0,0.0
8.35,0,0.31,0.0,0.0
2.36,0,0.0,0.0,0.0
2.36,0,0.0,0.0,0.0
2.36,0,0.0,0.0,0.0
2.36,0,0.0,0.0,0.0
2.36,0,0.0,0.0,0.0
2.36,0,0.0,0.0,0.0
2.36,0,0.0,0.0,0.0
2.36,0,0.0,0.0,0.0
2.36,0,0.0,0.0,0.0
2.36,0,0.93,0.0,0.0
4.77,0,1.0,0.0,0.0
7.16,0,0.38,0.0,0.0
10.74,0,12.29,0.0,0.0
10.74,0,35.87,0.0,0.0
10.74,0,56.69,0.0,0.0
10.74,0,59.11,0.0,0.0
10.74,0,65.19,0.0,0.0
10.74,0,69.05,0.0,0.0
10.74,0,73.34,0.0,0.0
10.74,0,71.77,0.0,0.0
10.74,0,63.49,0.0,0.0
10.74,0,55.2,0.0,0.0
8.35,0,36.23,0.0,0.0
8.35,0,22.55,0.0,0.0
2.36,0,0.43,0.0,0.0
2.36,0,0.0,0.0,0.0
2.36,0,0.0,0.0,0.0
2.36,0,0.0,0.0,0.0
1.77,0,0.0,0.0,0.0
1.77,0,0.0,0.0,0.0
1.77,0,0.0,0.0,0.0
1.77,0,0.0,0.0,0.0
1.77,0,0.0,0.0,0.0
1.77,0,1.3,0.0,0.0
3.58,0,2.64,0.0,0.0
5.97,0,7.25,0.0,0.0
9.55,0,35.36,0.0,0.0
10.74,0,58.29,0.0,0.0
10.74,0,81.5,0.0,0.0
10.74,0,90.58,0.0,0.0
10.74,0,93.42,0.0,0.0
10.74,0,92.36,0.0,0.0
10.74,0,88.16,0.0,0.0
10.74,0,83.29,0.0,0.0
10.74,0,72.47,0.0,0.0
8.35,0,47.93,0.0,0.0
5.97,0,33.62,0.0,0.0
5.97,0,26.95,0.0,0.0
3.58,0,15.53,0.0,0.0
1.77,0,0.28,0.0,0.0
1.77,0,0.0,0.0,0.0
1.77,0,0.0,0.0,0.0
1.77,0,0.0,0.0,0.0
1.77,0,0.0,0.0,0.0
1.77,0,0.0,0.0,0.0
1.77,0,0.0,0.0,0.0
1.77,0,0.0,0.0,0.0
1.77,0,0.0,0.0,0.0
1.77,0,0.0,0.0,0.0
1.77,0,2.59,0.0,0.0
3.58,0,18.44,0.0,0.0
7.16,0,38.1,0.0,0.0
7.16,0,47.49,0.0,0.0
9.55,0,66.85,0.0,0.0
9.55,0,76.1,0.0,0.0
9.55,0,79.9,0.0,0.0
9.55,0,79.22,0.0,0.0
9.55,0,77.67,0.0,0.0
7.16,0,61.76,0.0,0.0
4.77,0,42.32,0.0,0.0
1.77,0,4.05,0.0,0.0
1.77,0,0.84,0.0,0.0
1.77,0,0.63,0.0,0.0
1.77,0,0.5,0.0,0.0
1.77,0,0.0,0.0,0.0
1.77,0,0.0,0.0,0.0
2.36,0,0.0,0.0,0.0
2.36,0,0.0,0.0,0.0
2.36,0,0.0,0.0,0.0
2.36,0,0.0,0.0,0.0
2.36,0,0.0,0.0,0.0
2.36,0,1.52,0.0,0.0
4.77,0,11.9,0.0,0.0
7.16,0,27.27,0.0,0.0
10.74,0,57.92,0.0,0.0
10.74,0,68.86,0.0,0.0
10.74,0,82.81,0.0,0.0
10.74,0,93.78,0.0,0.0
10.74,0,101.54,0.0,0.0
10.74,0,103.57,0.0,0.0
10.74,0,105.76,0.0,0.0
10.74,0,100.38,0.0,0.0
10.74,0,91.48,0.0,0.0
10.74,0,80.37,0.0,0.0
8.35,0,62.76,0.0,0.0
8.35,0,54.26,0.0,0.0
2.36,0,4.61,0.0,0.0
2.36,0,4.56,0.0,0.0
2.36,0,0.66,0.0,0.0
2.36,0,0.69,0.0,0.0
2.36,0,0.63,0.0,0.0
2.36,0,0.0,0.0,0.0
2.36,0,0.0,0.0,0.0
2.36,0,0.0,0.0,0.0
2.36,0,0.0,0.0,0.0
2.36,0,2.55,0.0,0.0
4.77,0,16.91,0.0,0.0
7.16,0,38.27,0.0,0.0
10.74,0,70.88,0.0,0.0
10.74,0,85.4,0.0,0.0
10.74,0,102.61,0.0,0.0
10.74,0,112.82,0.0,0.0
10.74,0,118.69,0.0,0.0
10.74,0,122.1,0.0,0.0
10.74,0,123.64,0.0,0.0
10.74,0,113.26,0.0,0.0
10.74,0,101.66,0.0,0.0
10.74,0,90.72,0.0,0.0
8.35,0,74.21,0.0,0.0
8.35,0,67.62,0.0,0.0
2.36,0,5.54,0.0,0.0
2.36,0,5.73,0.0,0.0
2.36,0,3.62,0.0,0.0
2.36,0,2.55,0.0,0.0
2.36,0,1.01,0.0,0.0
2.36,0,0.61,0.0,0.0
2.36,0,0.0,0.0,0.0
2.36,0,0.0,0.0,0.0
2.36,0,0.0,0.0,0.0
2.36,0,4.36,0.0,0.0
4.77,0,25.03,0.0,0.0
7.16,0,47.77,0.0,0.0
10.74,0,79.63,0.0,0.0
10.74,0,91.1,0.0,0.0
10.74,0,103.48,0.0,0.0
10.74,0,107.81,0.0,0.0
10.74,0,114.72,0.0,0.0
10.74,0,119.39,0.0,0.0
10.74,0,122.71,0.0,0.0
10.74,0,117.98,0.0,0.0
10.74,0,108.31,0.0,0.0
10.74,0,95.75,0.0,0.0
8.35,0,77.92,0.0,0.0
8.35,0,70.11,0.0,0.0
2.36,0,5.77,0.0,0.0
2.36,0,5.56,0.0,0.0
2.36,0,3.78,0.0,0.0
2.36,0,2.78,0.0,0.0
2.36,0,0.66,0.0,0.0
2.36,0,0.6,0.0,0.0
2.36,0,0.0,0.0,0.0
2.36,0,0.0,0.0,0.0
2.36,0,0.0,0.0,0.0
2.36,0,3.53,0.0,0.0
4.77,0,23.64,0.0,0.0
7.16,0,49.55,0.0,0.0
10.74,0,80.95,0.0,0.0
10.74,0,89.95,0.0,0.0
10.74,0,107.99,0.0,0.0
10.74,0,122.62,0.0,0.0
10.74,0,124.17,0.0,0.0
10.74,0,123.79,0.0,0.0
10.74,0,123.24,0.0,0.0
10.74,0,110.45,0.0,0.0
10.74,0,97.11,0.0,0.0
10.74,0,91.94,0.0,0.0
8.35,0,80.58,0.0,0.0
8.35,0,73.3,0.0,0.0
2.36,0,5.64,0.0,0.0
2.36,0,5.73,0.0,0.0
2.36,0,1.98,0.0,0.0
2.36,0,2.59,0.0,0.0
2.36,0,2.18,0.0,0.0
2.36,0,0.65,0.0,0.0
2.36,0,0.0,0.0,0.0
2.36,0,0.0,0.0,0.0
2.36,0,0.0,0.0,0.0
2.36,0,4.7,0.0,0.0
4.77,0,27.77,0.0,0.0
7.16,0,48.71,0.0,0.0
10.74,0,78.11,0.0,0.0
10.74,0,88.84,0.0,0.0
10.74,0,101.62,0.0,0.0
10.74,0,109.81,0.0,0.0
10.74,0,118.23,0.0,0.0
10.74,0,125.41,0.0,0.0
10.74,0,128.63,0.0,0.0
10.74,0,122.81,0.0,0.0
10.74,0,112.2,0.0,0.0
10.74,0,101.1,0.0,0.0
8.35,0,85.41,0.0,0.0
8.35,0,79.16,0.0,0.0
2.36,0,7.26,0.0,0.0
2.36,0,7.61,0.0,0.0
2.36,0,4.69,0.0,0.0
2.36,0,3.48,0.0,0.0
1.77,0,1.96,0.0,0.0
1.77,0,0.72,0.0,0.0
1.77,0,0.58,0.0,0.0
1.77,0,0.0,0.0,0.0
1.77,0,0.0,0.0,0.0
1.77,0,4.77,0.0,0.0
3.58,0,27.21,0.0,0.0
5.97,0,47.97,0.0,0.0
9.55,0,75.85,0.0,0.0
10.74,0,93.71,0.0,0.0
10.74,0,110.21,0.0,0.0
10.74,0,120.45,0.0,0.0
10.74,0,128.52,0.0,0.0
10.74,0,129.06,0.0,0.0
10.74,0,125.38,0.0,0.0
10.74,0,122.62,0.0,0.0
10.74,0,114.47,0.0,0.0
8.35,0,87.4,0.0,0.0
5.97,0,71.21,0.0,0.0
5.97,0,64.1,0.0,0.0
3.58,0,52.17,0.0,0.0
1.77,0,4.4,0.0,0.0
1.77,0,3.7,0.0,0.0
1.77,0,2.53,0.0,0.0
1.77,0,0.75,0.0,0.0
1.77,0,0.68,0.0,0.0
1.77,0,0.0,0.0,0.0
1.77,0,0.0,0.0,0.0
1.77,0,0.0,0.0,0.0
1.77,0,0.0,0.0,0.0
1.77,0,0.0,0.0,0.0
1.77,0,6.59,0.0,0.0
3.58,0,45.46,0.0,0.0
7.16,0,64.5,0.0,0.0
7.16,0,75.19,0.0,0.0
9.55,0,100.01,0.0,0.0
9.55,0,110.87,0.0,0.0
9.55,0,105.48,0.0,0.0
9.55,0,98.49,0.0,0.0
9.55,0,94.62,0.0,0.0
7.16,0,86.51,0.0,0.0
4.77,0,76.11,0.0,0.0
1.77,0,7.7,0.0,0.0
1.77,0,9.48,0.0,0.0
1.77,0,4.25,0.0,0.0
1.77,0,4.94,0.0,0.0
1.77,0,4.32,0.0,0.0
1.77,0,2.91,0.0,0.0
2.36,0,0.71,0.0,0.0
2.36,0,0.63,0.0,0.0
2.36,0,0.61,0.0,0.0
2.36,0,0.53,0.0,0.0
2.36,0,0.0,0.0,0.0
2.36,0,4.67,0.0,0.0
4.77,0,27.8,0.0,0.0
7.16,0,52.45,0.0,0.0
10.74,0,84.09,0.0,0.0
10.74,0,96.98,0.0,0.0
10.74,0,114.38,0.0,0.0
10.74,0,118.93,0.0,0.0
10.74,0,122.44,0.0,0.0
10.74,0,124.44,0.0,0.0
10.74,0,122.7,0.0,0.0
10.74,0,113.12,0.0,0.0
10.74,0,103.75,0.0,0.0
10.74,0,95.86,0.0,0.0
8.35,0,81.24,0.0,0.0
8.35,0,75.12,0.0,0.0
2.36,0,7.32,0.0,0.0
2.36,0,6.29,0.0,0.0
2.36,0,3.05,0.0,0.0
2.36,0,5.97,0.0,0.0
2.36,0,2.36,0.0,0.0
2.36,0,3.0,0.0,0.0
2.36,0,1.93,0.0,0.0
2.36,0,0.98,0.0,0.0
2.36,0,0.66,0.0,0.0
2.36,0,6.48,0.0,0.0
4.77,0,44.34,0.0,0.0
7.16,0,65.61,0.0,0.0
10.74,0,99.62,0.0,0.0
10.74,0,109.48,0.0,0.0
10.74,0,124.73,0.0,0.0
10.74,0,132.22,0.0,0.0
10.74,0,126.76,0.0,0.0
10.74,0,119.47,0.0,0.0
10.74,0,120.39,0.0,0.0
10.74,0,121.61,0.0,0.0
10.74,0,120.34,0.0,0.0
10.74,0,106.11,0.0,0.0
8.35,0,87.26,0.0,0.0
8.35,0,79.99,0.0,0.0
2.36,0,6.21,0.0,0.0
2.36,0,6.07,0.0,0.0
2.36,0,5.27,0.0,0.0
2.36,0,4.73,0.0,0.0
2.36,0,3.47,0.0,0.0
2.36,0,5.28,0.0,0.0
2.36,0,0.84,0.0,0.0
2.36,0,0.81,0.0,0.0
2.36,0,0.79,0.0,0.0
2.36,0,7.67,0.0,0.0
4.77,0,48.5,0.0,0.0
7.16,0,61.3,0.0,0.0
10.74,0,91.07,0.0,0.0
10.74,0,99.47,0.0,0.0
10.74,0,114.11,0.0,0.0
10.74,0,119.64,0.0,0.0
10.74,0,109.08,0.0,0.0
10.74,0,87.61,0.0,0.0
10.74,0,81.67,0.0,0.0
10.74,0,77.24,0.0,0.0
10.74,0,70.41,0.0,0.0
10.74,0,64.73,0.0,0.0
8.35,0,53.83,0.0,0.0
8.35,0,51.95,0.0,0.0
2.36,0,0.8,0.0,0.0
2.36,0,0.0,0.0,0.0
2.36,0,0.0,0.0,0.0
2.36,0,0.0,0.0,0.0
2.36,0,0.0,0.0,0.0
2.36,0,0.0,0.0,0.0
2.36,0,0.0,0.0,0.0
2.36,0,0.0,0.0,0.0
2.36,0,0.0,0.0,0.0
2.36,0,2.1,0.0,0.0
4.77,0,17.03,0.0,0.0
7.16,0,40.86,0.0,0.0
10.74,0,84.46,0.0,0.0
10.74,0,102.17,0.0,0.0
10.74,0,116.26,0.0,0.0
10.74,0,120.17,0.0,0.0
10.74,0,125.66,0.0,0.0
10.74,0,127.48,0.0,0.0
10.74,0,128.41,0.0,0.0
10.74,0,125.27,0.0,0.0
10.74,0,113.46,0.0,0.0
10.74,0,96.72,0.0,0.0
8.35,0,77.47,0.0,0.0
8.35,0,70.14,0.0,0.0
2.36,0,5.63,0.0,0.0
2.36,0,5.68,0.0,0.0
2.36,0,1.01,0.0,0.0
2.36,0,2.94,0.0,0.0
2.36,0,0.75,0.0,0.0
2.36,0,0.72,0.0,0.0
2.36,0,0.0,0.0,0.0
2.36,0,0.0,0.0,0.0
2.36,0,0.0,0.0,0.0
2.36,0,4.24,0.0,0.0
4.77,0,33.89,0.0,0.0
7.16,0,53.96,0.0,0.0
10.74,0,82.54,0.0,0.0
10.74,0,81.93,0.0,0.0
10.74,0,88.89,0.0,0.0
10.74,0,104.19,0.0,0.0
10.74,0,119.49,0.0,0.0
10.74,0,120.92,0.0,0.0
10.74,0,124.29,0.0,0.0
10.74,0,125.23,0.0,0.0
10.74,0,117.01,0.0,0.0
10.74,0,98.05,0.0,0.0
8.35,0,78.93,0.0,0.0
8.35,0,72.81,0.0,0.0
2.36,0,5.38,0.0,0.0
2.36,0,1.58,0.0,0.0
2.36,0,0.8,0.0,0.0
2.36,0,0.78,0.0,0.0
1.77,0,0.65,0.0,0.0
1.77,0,0.0,0.0,0.0
1.77,0,0.0,0.0,0.0
1.77,0,0.0,0.0,0.0
1.77,0,0.0,0.0,0.0
1.77,0,0.0,0.0,0.0
1.77,0,0.0,0.0,0.0
1.77,0,3.98,0.0,0.0
3.58,0,21.97,0.0,0.0
7.16,0,40.14,0.0,0.0
7.16,0,46.04,0.0,0.0
9.55,0,65.73,0.0,0.0
9.55,0,74.02,0.0,0.0
9.55,0,79.51,0.0,0.0
9.55,0,84.16,0.0,0.0
9.55,0,85.0,0.0,0.0
7.16,0,68.79,0.0,0.0
4.77,0,50.45,0.0,0.0
1.77,0,0.84,0.0,0.0
1.77,0,0.0,0.0,0.0
1.77,0,0.0,0.0,0.0
1.77,0,0.0,0.0,0.0
1.77,0,0.0,0.0,0.0
1.77,0,0.0,0.0,0.0
1.77,0,0.0,0.0,0.0
1.77,0,0.0,0.0,0.0
1.77,0,0.0,0.0,0.0
1.77,0,0.0,0.0,0.0
1.77,0,0.0,0.0,0.0
1.77,0,0.0,0.0,0.0
1.77,0,0.0,0.0,0.0
1.77,0,7.44,0.0,0.0
3.58,0,54.14,0.0,0.0
7.16,0,64.66,0.0,0.0
7.16,0,65.35,0.0,0.0
9.55,0,82.08,0.0,0.0
9.55,0,90.99,0.0,0.0
9.55,0,100.31,0.0,0.0
9.55,0,100.04,0.0,0.0
9.55,0,98.54,0.0,0.0
7.16,0,78.3,0.0,0.0
4.77,0,63.64,0.0,0.0
1.77,0,5.38,0.0,0.0
1.77,0,6.44,0.0,0.0
1.77,0,2.96,0.0,0.0
1.77,0,3.35,0.0,0.0
1.77,0,0.75,0.0,0.0
1.77,0,2.41,0.0,0.0
2.36,0,0.82,0.0,0.0
2.36,0,2.42,0.0,0.0
2.36,0,0.71,0.0,0.0
2.36,0,0.71,0.0,0.0
2.36,0,0.7,0.0,0.0
2.36,0,6.52,0.0,0.0
4.77,0,52.66,0.0,0.0
7.16,0,68.81,0.0,0.0
10.74,0,100.31,0.0,0.0
10.74,0,112.54,0.0,0.0
10.74,0,126.56,0.0,0.0
10.74,0,135.15,0.0,0.0
10.74,0,137.07,0.0,0.0
10.74,0,136.03,0.0,0.0
10.74,0,139.57,0.0,0.0
10.74,0,132.6,0.0,0.0
10.74,0,121.79,0.0,0.0
10.74,0,110.21,0.0,0.0
8.35,0,93.2,0.0,0.0
8.35,0,88.5,0.0,0.0
2.36,0,7.9,0.0,0.0
2.36,0,9.07,0.0,0.0
2.36,0,5.32,0.0,0.0
2.36,0,7.49,0.0,0.0
2.36,0,4.37,0.0,0.0
2.36,0,5.56,0.0,0.0
2.36,0,4.59,0.0,0.0
2.36,0,4.68,0.0,0.0
2.36,0,3.84,0.0,0.0
2.36,0,8.21,0.0,0.0
4.77,0,57.54,0.0,0.0
7.16,0,74.75,0.0,0.0
10.74,0,102.73,0.0,0.0
10.74,0,109.03,0.0,0.0
10.74,0,121.42,0.0,0.0
10.74,0,127.07,0.0,0.0
10.74,0,129.27,0.0,0.0
10.74,0,132.79,0.0,0.0
10.74,0,140.25,0.0,0.0
10.74,0,135.16,0.0,0.0
10.74,0,126.59,0.0,0.0
10.74,0,117.3,0.0,0.0
8.35,0,101.61,0.0,0.0
8.35,0,94.73,0.0,0.0
2.36,0,9.29,0.0,0.0
2.36,0,8.77,0.0,0.0
2.36,0,5.99,0.0,0.0
2.36,0,7.58,0.0,0.0
2.36,0,4.89,0.0,0.0
2.36,0,6.11,0.0,0.0
2.36,0,4.13,0.0,0.0
2.36,0,4.02,0.0,0.0
2.36,0,3.72,0.0,0.0
2.36,0,7.63,0.0,0.0
4.77,0,58.07,0.0,0.0
7.16,0,77.11,0.0,0.0
10.74,0,111.57,0.0,0.0
10.74,0,122.91,0.0,0.0
10.74,0,137.02,0.0,0.0
10.74,0,145.84,0.0,0.0
10.74,0,148.71,0.0,0.0
10.74,0,151.06,0.0,0.0
10.74,0,159.68,0.0,0.0
10.74,0,153.32,0.0,0.0
10.74,0,141.9,0.0,0.0
10.74,0,129.94,0.0,0.0
8.35,0,111.75,0.0,0.0
8.35,0,105.49,0.0,0.0
2.36,0,12.12,0.0,0.0
2.36,0,10.36,0.0,0.0
2.36,0,8.83,0.0,0.0
2.36,0,11.35,0.0,0.0
2.36,0,6.89,0.0,0.0
2.36,0,7.58,0.0,0.0
2.36,0,6.91,0.0,0.0
2.36,0,5.68,0.0,0.0
2.36,0,5.03,0.0,0.0
2.36,0,8.03,0.0,0.0
4.77,0,66.43,0.0,0.0
7.16,0,86.66,0.0,0.0
10.74,0,120.36,0.0,0.0
10.74,0,131.18,0.0,0.0
10.74,0,150.19,0.0,0.0
10.74,0,157.85,0.0,0.0
10.74,0,157.31,0.0,0.0
10.74,0,158.77,0.0,0.0
10.74,0,163.41,0.0,0.0
10.74,0,157.66,0.0,0.0
10.74,0,148.16,0.0,0.0
10.74,0,136.6,0.0,0.0
8.35,0,120.46,0.0,0.0
8.35,0,114.33,0.0,0.0
2.36,0,12.65,0.0,0.0
2.36,0,12.04,0.0,0.0
2.36,0,9.55,0.0,0.0
2.36,0,10.29,0.0,0.0
2.36,0,8.04,0.0,0.0
2.36,0,7.97,0.0,0.0
2.36,0,7.54,0.0,0.0
2.36,0,3.54,0.0,0.0
2.36,0,5.78,0.0,0.0
2.36,0,8.79,0.0,0.0
4.77,0,72.77,0.0,0.0
7.16,0,93.58,0.0,0.0
10.74,0,128.43,0.0,0.0
10.74,0,138.76,0.0,0.0
10.74,0,154.57,0.0,0.0
10.74,0,163.1,0.0,0.0
10.74,0,164.49,0.0,0.0
10.74,0,165.89,0.0,0.0
10.74,0,171.41,0.0,0.0
10.74,0,168.5,0.0,0.0
10.74,0,161.23,0.0,0.0
10.74,0,151.33,0.0,0.0
8.35,0,135.28,0.0,0.0
8.35,0,128.04,0.0,0.0
2.36,0,13.98,0.0,0.0
2.36,0,13.7,0.0,0.0
2.36,0,14.03,0.0,0.0
2.36,0,9.73,0.0,0.0
1.77,0,10.98,0.0,0.0
1.77,0,8.55,0.0,0.0
1.77,0,7.57,0.0,0.0
1.77,0,9.04,0.0,0.0
1.77,0,4.99,0.0,0.0
1.77,0,9.17,0.0,0.0
3.58,0,76.13,0.0,0.0
5.97,0,94.72,0.0,0.0
9.55,0,121.05,0.0,0.0
10.74,0,139.81,0.0,0.0
10.74,0,157.7,0.0,0.0
10.74,0,168.47,0.0,0.0
10.74,0,166.94,0.0,0.0
10.74,0,166.17,0.0,0.0
10.74,0,173.92,0.0,0.0
10.74,0,175.86,0.0,0.0
10.74,0,164.94,0.0,0.0
8.35,0,136.58,0.0,0.0
5.97,0,120.52,0.0,0.0
5.97,0,109.92,0.0,0.0
3.58,0,94.01,0.0,0.0
1.77,0,13.0,0.0,0.0
1.77,0,10.97,0.0,0.0
1.77,0,9.48,0.0,0.0
1.77,0,11.19,0.0,0.0
1.77,0,5.36,0.0,0.0
1.77,0,7.85,0.0,0.0
1.77,0,4.73,0.0,0.0
1.77,0,6.91,0.0,0.0
1.77,0,4.54,0.0,0.0
1.77,0,7.39,0.0,0.0
1.77,0,13.64,0.0,0.0
3.58,0,105.69,0.0,0.0
7.16,0,118.49,0.0,0.0
7.16,0,127.42,0.0,0.0
9.55,0,141.22,0.0,0.0
9.55,0,147.33,0.0,0.0
9.55,0,151.31,0.0,0.0
9.55,0,151.34,0.0,0.0
9.55,0,157.55,0.0,0.0
7.16,0,145.19,0.0,0.0
4.77,0,117.65,0.0,0.0
1.77,0,14.07,0.0,0.0
1.77,0,11.94,0.0,0.0
1.77,0,13.93,0.0,0.0
1.77,0,10.96,0.0,0.0
1.77,0,12.27,0.0,0.0
1.77,0,9.7,0.0,0.0
2.36,0,11.05,0.0,0.0
2.36,0,6.48,0.0,0.0
2.36,0,7.94,0.0,0.0
2.36,0,3.87,0.0,0.0
2.36,0,8.22,0.0,0.0
2.36,0,10.65,0.0,0.0
4.77,0,82.83,0.0,0.0
7.16,0,105.67,0.0,0.0
10.74,0,139.5,0.0,0.0
10.74,0,152.34,0.0,0.0
10.74,0,168.22,0.0,0.0
10.74,0,174.06,0.0,0.0
10.74,0,177.42,0.0,0.0
10.74,0,177.78,0.0,0.0
10.74,0,178.94,0.0,0.0
10.74,0,171.16,0.0,0.0
10.74,0,160.18,0.0,0.0
10.74,0,145.13,0.0,0.0
8.35,0,123.51,0.0,0.0
8.35,0,113.2,0.0,0.0
2.36,0,11.63,0.0,0.0
2.36,0,11.88,0.0,0.0
2.36,0,13.24,0.0,0.0
2.36,0,10.12,0.0,0.0
2.36,0,12.33,0.0,0.0
2.36,0,8.7,0.0,0.0
2.36,0,11.33,0.0,0.0
2.36,0,6.97,0.0,0.0
2.36,0,11.33,0.0,0.0
2.36,0,12.37,0.0,0.0
4.77,0,91.12,0.0,0.0
7.16,0,99.27,0.0,0.0
10.74,0,131.9,0.0,0.0
10.74,0,139.07,0.0,0.0
10.74,0,127.63,0.0,0.0
10.74,0,116.71,0.0,0.0
10.74,0,119.89,0.0,0.0
10.74,0,124.61,0.0,0.0
10.74,0,140.19,0.0,0.0
10.74,0,147.76,0.0,0.0
10.74,0,135.8,0.0,0.0
10.74,0,122.63,0.0,0.0
8.35,0,108.22,0.0,0.0
8.35,0,103.63,0.0,0.0
2.36,0,8.65,0.0,0.0
2.36,0,9.88,0.0,0.0
2.36,0,5.74,0.0,0.0
2.36,0,7.97,0.0,0.0
2.36,0,4.23,0.0,0.0
2.36,0,5.44,0.0,0.0
2.36,0,2.6,0.0,0.0
2.36,0,2.53,0.0,0.0
2.36,0,2.33,0.0,0.0
2.36,0,7.3,0.0,0.0
4.77,0,43.91,0.0,0.0
7.16,0,64.58,0.0,0.0
10.74,0,95.71,0.0,0.0
10.74,0,108.68,0.0,0.0
10.74,0,124.06,0.0,0.0
10.74,0,130.41,0.0,0.0
10.74,0,134.94,0.0,0.0
10.74,0,140.38,0.0,0.0
10.74,0,148.41,0.0,0.0
10.74,0,147.18,0.0,0.0
10.74,0,136.49,0.0,0.0
10.74,0,119.99,0.0,0.0
8.35,0,100.04,0.0,0.0
8.35,0,91.26,0.0,0.0
2.36,0,10.92,0.0,0.0
2.36,0,9.43,0.0,0.0
2.36,0,8.06,0.0,0.0
2.36,0,10.38,0.0,0.0
2.36,0,6.52,0.0,0.0
2.36,0,7.88,0.0,0.0
2.36,0,4.53,0.0,0.0
2.36,0,3.76,0.0,0.0
2.36,0,3.6,0.0,0.0
2.36,0,8.37,0.0,0.0
4.77,0,64.72,0.0,0.0
7.16,0,81.92,0.0,0.0
10.74,0,113.01,0.0,0.0
10.74,0,121.27,0.0,0.0
10.74,0,133.98,0.0,0.0
10.74,0,144.65,0.0,0.0
10.74,0,151.63,0.0,0.0
10.74,0,149.96,0.0,0.0
10.74,0,153.41,0.0,0.0
10.74,0,148.25,0.0,0.0
10.74,0,136.42,0.0,0.0
10.74,0,125.1,0.0,0.0
8.35,0,107.59,0.0,0.0
8.35,0,98.52,0.0,0.0
2.36,0,11.52,0.0,0.0
2.36,0,11.21,0.0,0.0
2.36,0,9.71,0.0,0.0
2.36,0,9.86,0.0,0.0
2.36,0,8.12,0.0,0.0
2.36,0,8.78,0.0,0.0
2.36,0,7.89,0.0,0.0
2.36,0,9.3,0.0,0.0
2.36,0,6.33,0.0,0.0
2.36,0,10.19,0.0,0.0
4.77,0,87.45,0.0,0.0
7.16,0,59.21,0.0,0.0
10.74,0,64.41,0.0,0.0
10.74,0,67.85,0.0,0.0
10.74,0,72.0,0.0,0.0
10.74,0,81.24,0.0,0.0
10.74,0,85.42,0.0,0.0
10.74,0,91.33,0.0,0.0
10.74,0,105.91,0.0,0.0
10.74,0,110.77,0.0,0.0
10.74,0,101.99,0.0,0.0
10.74,0,88.85,0.0,0.0
8.35,0,77.28,0.0,0.0
8.35,0,73.34,0.0,0.0
2.36,0,4.75,0.0,0.0
2.36,0,4.96,0.0,0.0
2.36,0,4.69,0.0,0.0
2.36,0,2.53,0.0,0.0
1.77,0,2.26,0.0,0.0
1.77,0,0.61,0.0,0.0
1.77,0,0.59,0.0,0.0
1.77,0,0.0,0.0,0.0
1.77,0,0.0,0.0,0.0
1.77,0,5.63,0.0,0.0
3.58,0,40.25,0.0,0.0
5.97,0,64.95,0.0,0.0
9.55,0,105.52,0.0,0.0
10.74,0,130.64,0.0,0.0
10.74,0,149.57,0.0,0.0
10.74,0,152.35,0.0,0.0
10.74,0,156.4,0.0,0.0
10.74,0,161.69,0.0,0.0
10.74,0,164.08,0.0,0.0
10.74,0,158.9,0.0,0.0
10.74,0,148.31,0.0,0.0
8.35,0,120.02,0.0,0.0
5.97,0,99.26,0.0,0.0
5.97,0,85.14,0.0,0.0
3.58,0,70.01,0.0,0.0
1.77,0,6.27,0.0,0.0
1.77,0,7.32,0.0,0.0
1.77,0,5.04,0.0,0.0
1.77,0,6.49,0.0,0.0
1.77,0,4.12,0.0,0.0
1.77,0,6.53,0.0,0.0
1.77,0,3.78,0.0,0.0
1.77,0,0.96,0.0,0.0
1.77,0,3.65,0.0,0.0
1.77,0,7.85,0.0,0.0
1.77,0,12.61,0.0,0.0
3.58,0,99.18,0.0,0.0
7.16,0,112.78,0.0,0.0
7.16,0,108.92,0.0,0.0
9.55,0,125.4,0.0,0.0
9.55,0,141.56,0.0,0.0
9.55,0,142.3,0.0,0.0
9.55,0,135.1,0.0,0.0
9.55,0,129.72,0.0,0.0
7.16,0,110.1,0.0,0.0
4.77,0,88.64,0.0,0.0
1.77,0,14.34,0.0,0.0
1.77,0,9.05,0.0,0.0
1.77,0,7.84,0.0,0.0
1.77,0,10.26,0.0,0.0
1.77,0,4.31,0.0,0.0
1.77,0,6.91,0.0,0.0
2.36,0,5.01,0.0,0.0
2.36,0,6.56,0.0,0.0
2.36,0,3.67,0.0,0.0
2.36,0,6.9,0.0,0.0
2.36,0,5.28,0.0,0.0
2.36,0,8.86,0.0,0.0
4.77,0,75.38,0.0,0.0
7.16,0,96.58,0.0,0.0
10.74,0,129.51,0.0,0.0
10.74,0,142.65,0.0,0.0
10.74,0,154.86,0.0,0.0
10.74,0,145.89,0.0,0.0
10.74,0,149.5,0.0,0.0
10.74,0,163.03,0.0,0.0
10.74,0,168.17,0.0,0.0
10.74,0,152.17,0.0,0.0
10.74,0,136.38,0.0,0.0
10.74,0,130.72,0.0,0.0
8.35,0,116.55,0.0,0.0
8.35,0,107.47,0.0,0.0
2.36,0,12.06,0.0,0.0
2.36,0,11.69,0.0,0.0
2.36,0,10.76,0.0,0.0
2.36,0,9.07,0.0,0.0
2.36,0,8.71,0.0,0.0
2.36,0,10.68,0.0,0.0
2.36,0,6.09,0.0,0.0
2.36,0,7.51,0.0,0.0
2.36,0,6.17,0.0,0.0
2.36,0,9.84,0.0,0.0
4.77,0,79.72,0.0,0.0
7.16,0,100.78,0.0,0.0
10.74,0,136.67,0.0,0.0
10.74,0,146.93,0.0,0.0
10.74,0,163.22,0.0,0.0
10.74,0,168.21,0.0,0.0
10.74,0,169.37,0.0,0.0
10.74,0,168.67,0.0,0.0
10.74,0,173.72,0.0,0.0
10.74,0,164.12,0.0,0.0
10.74,0,149.63,0.0,0.0
10.74,0,135.05,0.0,0.0
8.35,0,115.56,0.0,0.0
8.35,0,108.7,0.0,0.0
2.36,0,12.69,0.0,0.0
2.36,0,12.26,0.0,0.0
2.36,0,11.72,0.0,0.0
2.36,0,9.21,0.0,0.0
2.36,0,8.42,0.0,0.0
2.36,0,9.0,0.0,0.0
2.36,0,7.02,0.0,0.0
2.36,0,7.28,0.0,0.0
2.36,0,6.66,0.0,0.0
2.36,0,8.94,0.0,0.0
4.77,0,82.79,0.0,0.0
7.16,0,97.28,0.0,0.0
10.74,0,131.75,0.0,0.0
10.74,0,143.64,0.0,0.0
10.74,0,159.02,0.0,0.0
10.74,0,164.87,0.0,0.0
10.74,0,168.99,0.0,0.0
10.74,0,171.72,0.0,0.0
10.74,0,174.82,0.0,0.0
10.74,0,167.94,0.0,0.0
10.74,0,157.33,0.0,0.0
10.74,0,139.11,0.0,0.0
8.35,0,117.61,0.0,0.0
8.35,0,110.64,0.0,0.0
2.36,0,11.32,0.0,0.0
2.36,0,11.61,0.0,0.0
2.36,0,12.71,0.0,0.0
2.36,0,9.98,0.0,0.0
2.36,0,11.87,0.0,0.0
2.36,0,7.33,0.0,0.0
2.36,0,10.04,0.0,0.0
2.36,0,4.52,0.0,0.0
2.36,0,6.56,0.0,0.0
2.36,0,10.03,0.0,0.0
4.77,0,87.14,0.0,0.0
7.16,0,99.84,0.0,0.0
10.74,0,131.81,0.0,0.0
10.74,0,139.74,0.0,0.0
10.74,0,153.1,0.0,0.0
10.74,0,156.96,0.0,0.0
10.74,0,165.08,0.0,0.0
10.74,0,172.08,0.0,0.0
10.74,0,171.14,0.0,0.0
10.74,0,154.56,0.0,0.0
10.74,0,140.9,0.0,0.0
10.74,0,129.67,0.0,0.0
8.35,0,111.95,0.0,0.0
8.35,0,105.1,0.0,0.0
2.36,0,10.95,0.0,0.0
2.36,0,11.29,0.0,0.0
2.36,0,12.51,0.0,0.0
2.36,0,9.68,0.0,0.0
2.36,0,10.28,0.0,0.0
2.36,0,7.03,0.0,0.0
2.36,0,7.3,0.0,0.0
2.36,0,3.45,0.0,0.0
2.36,0,7.19,0.0,0.0
2.36,0,9.02,0.0,0.0
4.77,0,80.29,0.0,0.0
7.16,0,98.61,0.0,0.0
10.74,0,134.34,0.0,0.0
10.74,0,145.24,0.0,0.0
10.74,0,159.87,0.0,0.0
10.74,0,163.69,0.0,0.0
10.74,0,162.7,0.0,0.0
10.74,0,155.22,0.0,0.0
10.74,0,160.83,0.0,0.0
10.74,0,164.5,0.0,0.0
10.74,0,153.62,0.0,0.0
10.74,0,142.51,0.0,0.0
8.35,0,125.85,0.0,0.0
8.35,0,115.04,0.0,0.0
2.36,0,12.66,0.0,0.0
2.36,0,11.93,0.0,0.0
2.36,0,12.98,0.0,0.0
2.36,0,9.66,0.0,0.0
1.77,0,11.39,0.0,0.0
1.77,0,7.86,0.0,0.0
1.77,0,7.81,0.0,0.0
1.77,0,4.31,0.0,0.0
1.77,0,7.58,0.0,0.0
1.77,0,9.74,0.0,0.0
3.58,0,76.91,0.0,0.0
5.97,0,93.1,0.0,0.0
9.55,0,128.55,0.0,0.0
10.74,0,153.51,0.0,0.0
10.74,0,169.26,0.0,0.0
10.74,0,168.04,0.0,0.0
10.74,0,170.68,0.0,0.0
10.74,0,175.87,0.0,0.0
10.74,0,173.19,0.0,0.0
10.74,0,169.78,0.0,0.0
10.74,0,160.68,0.0,0.0
8.35,0,134.11,0.0,0.0
5.97,0,116.15,0.0,0.0
5.97,0,97.98,0.0,0.0
3.58,0,78.93,0.0,0.0
1.77,0,11.81,0.0,0.0
1.77,0,11.45,0.0,0.0
1.77,0,8.66,0.0,0.0
1.77,0,8.84,0.0,0.0
1.77,0,5.23,0.0,0.0
1.77,0,6.52,0.0,0.0
1.77,0,4.8,0.0,0.0
1.77,0,6.68,0.0,0.0
1.77,0,4.48,0.0,0.0
1.77,0,8.42,0.0,0.0
1.77,0,13.33,0.0,0.0
3.58,0,105.58,0.0,0.0
7.16,0,116.77,0.0,0.0
7.16,0,129.23,0.0,0.0
9.55,0,149.17,0.0,0.0
9.55,0,152.77,0.0,0.0
9.55,0,137.69,0.0,0.0
9.55,0,122.12,0.0,0.0
9.55,0,99.63,0.0,0.0
7.16,0,71.8,0.0,0.0
4.77,0,61.46,0.0,0.0
1.77,0,5.76,0.0,0.0
1.77,0,5.71,0.0,0.0
1.77,0,4.0,0.0,0.0
1.77,0,4.98,0.0,0.0
1.77,0,1.99,0.0,0.0
1.77,0,2.17,0.0,0.0
2.36,0,3.2,0.0,0.0
2.36,0,2.47,0.0,0.0
2.36,0,2.23,0.0,0.0
2.36,0,0.75,0.0,0.0
2.36,0,2.15,0.0,0.0
2.36,0,6.45,0.0,0.0
4.77,0,59.97,0.0,0.0
7.16,0,82.79,0.0,0.0
10.74,0,122.51,0.0,0.0
10.74,0,134.65,0.0,0.0
10.74,0,147.36,0.0,0.0
10.74,0,154.63,0.0,0.0
10.74,0,159.12,0.0,0.0
10.74,0,160.07,0.0,0.0
10.74,0,161.61,0.0,0.0
10.74,0,128.01,0.0,0.0
10.74,0,93.83,0.0,0.0
10.74,0,85.28,0.0,0.0
8.35,0,80.53,0.0,0.0
8.35,0,79.09,0.0,0.0
2.36,0,5.02,0.0,0.0
2.36,0,5.33,0.0,0.0
2.36,0,5.06,0.0,0.0
2.36,0,5.03,0.0,0.0
2.36,0,3.82,0.0,0.0
2.36,0,3.77,0.0,0.0
2.36,0,3.88,0.0,0.0
2.36,0,2.61,0.0,0.0
2.36,0,3.36,0.0,0.0
2.36,0,7.52,0.0,0.0
4.77,0,69.21,0.0,0.0
7.16,0,90.31,0.0,0.0
10.74,0,124.81,0.0,0.0
10.74,0,136.33,0.0,0.0
10.74,0,148.87,0.0,0.0
10.74,0,150.51,0.0,0.0
10.74,0,154.63,0.0,0.0
10.74,0,145.65,0.0,0.0
10.74,0,138.32,0.0,0.0
10.74,0,118.8,0.0,0.0
10.74,0,111.79,0.0,0.0
10.74,0,111.7,0.0,0.0
8.35,0,98.7,0.0,0.0
8.35,0,93.45,0.0,0.0
2.36,0,6.63,0.0,0.0
2.36,0,7.74,0.0,0.0
2.36,0,5.1,0.0,0.0
2.36,0,6.67,0.0,0.0
2.36,0,5.65,0.0,0.0
2.36,0,5.42,0.0,0.0
2.36,0,4.41,0.0,0.0
2.36,0,3.65,0.0,0.0
2.36,0,2.57,0.0,0.0
2.36,0,7.59,0.0,0.0
4.77,0,54.37,0.0,0.0
7.16,0,71.67,0.0,0.0
10.74,0,107.39,0.0,0.0
10.74,0,120.44,0.0,0.0
10.74,0,140.0,0.0,0.0
10.74,0,153.31,0.0,0.0
10.74,0,157.34,0.0,0.0
10.74,0,160.33,0.0,0.0
10.74,0,158.99,0.0,0.0
10.74,0,139.35,0.0,0.0
10.74,0,121.06,0.0,0.0
10.74,0,110.07,0.0,0.0
8.35,0,95.26,0.0,0.0
8.35,0,82.14,0.0,0.0
2.36,0,5.66,0.0,0.0
2.36,0,6.58,0.0,0.0
2.36,0,3.93,0.0,0.0
2.36,0,4.31,0.0,0.0
2.36,0,1.15,0.0,0.0
2.36,0,2.23,0.0,0.0
2.36,0,0.75,0.0,0.0
2.36,0,2.09,0.0,0.0
2.36,0,0.66,0.0,0.0
2.36,0,6.1,0.0,0.0
4.77,0,49.64,0.0,0.0
7.16,0,71.3,0.0,0.0
10.74,0,112.01,0.0,0.0
10.74,0,131.97,0.0,0.0
10.74,0,154.84,0.0,0.0
10.74,0,166.66,0.0,0.0
10.74,0,167.67,0.0,0.0
10.74,0,154.89,0.0,0.0
10.74,0,144.71,0.0,0.0
10.74,0,134.05,0.0,0.0
10.74,0,127.35,0.0,0.0
10.74,0,110.1,0.0,0.0
8.35,0,87.71,0.0,0.0
8.35,0,88.58,0.0,0.0
2.36,0,6.78,0.0,0.0
2.36,0,7.09,0.0,0.0
2.36,0,5.48,0.0,0.0
2.36,0,5.86,0.0,0.0
2.36,0,4.66,0.0,0.0
2.36,0,2.47,0.0,0.0
2.36,0,3.85,0.0,0.0
2.36,0,2.33,0.0,0.0
2.36,0,3.38,0.0,0.0
2.36,0,7.13,0.0,0.0
4.77,0,61.08,0.0,0.0
7.16,0,76.2,0.0,0.0
10.74,0,105.56,0.0,0.0
10.74,0,115.55,0.0,0.0
10.74,0,126.03,0.0,0.0
10.74,0,132.27,0.0,0.0
10.74,0,140.35,0.0,0.0
10.74,0,153.37,0.0,0.0
10.74,0,161.94,0.0,0.0
10.74,0,149.48,0.0,0.0
10.74,0,134.63,0.0,0.0
10.74,0,104.55,0.0,0.0
8.35,0,75.95,0.0,0.0
8.35,0,71.37,0.0,0.0
2.36,0,5.66,0.0,0.0
2.36,0,5.64,0.0,0.0
2.36,0,3.81,0.0,0.0
2.36,0,0.97,0.0,0.0
1.77,0,2.38,0.0,0.0
1.77,0,0.96,0.0,0.0
1.77,0,2.04,0.0,0.0
1.77,0,0.73,0.0,0.0
1.77,0,2.27,0.0,0.0
1.77,0,6.29,0.0,0.0
3.58,0,65.83,0.0,0.0
5.97,0,91.39,0.0,0.0
9.55,0,126.93,0.0,0.0
10.74,0,150.31,0.0,0.0
10.74,0,170.3,0.0,0.0
10.74,0,179.54,0.0,0.0
10.74,0,184.6,0.0,0.0
10.74,0,182.76,0.0,0.0
10.74,0,179.04,0.0,0.0
10.74,0,176.8,0.0,0.0
10.74,0,166.27,0.0,0.0
8.35,0,137.18,0.0,0.0
5.97,0,121.8,0.0,0.0
5.97,0,113.4,0.0,0.0
3.58,0,97.97,0.0,0.0
1.77,0,11.25,0.0,0.0
1.77,0,12.39,0.0,0.0
1.77,0,9.96,0.0,0.0
1.77,0,10.04,0.0,0.0
1.77,0,7.31,0.0,0.0
1.77,0,7.59,0.0,0.0
1.77,0,5.17,0.0,0.0
1.77,0,8.03,0.0,0.0
1.77,0,4.8,0.0,0.0
1.77,0,8.77,0.0,0.0
1.77,0,14.14,0.0,0.0
3.58,0,113.6,0.0,0.0
7.16,0,128.17,0.0,0.0
7.16,0,137.39,0.0,0.0
9.55,0,152.14,0.0,0.0
9.55,0,154.2,0.0,0.0
9.55,0,156.09,0.0,0.0
9.55,0,155.76,0.0,0.0
9.55,0,158.24,0.0,0.0
7.16,0,143.54,0.0,0.0
4.77,0,124.19,0.0,0.0
1.77,0,14.99,0.0,0.0
1.77,0,12.47,0.0,0.0
1.77,0,14.89,0.0,0.0
1.77,0,11.25,0.0,0.0
1.77,0,13.37,0.0,0.0
1.77,0,8.27,0.0,0.0
2.36,0,12.32,0.0,0.0
2.36,0,8.2,0.0,0.0
2.36,0,8.7,0.0,0.0
2.36,0,3.9,0.0,0.0
2.36,0,7.86,0.0,0.0
2.36,0,9.83,0.0,0.0
4.77,0,86.22,0.0,0.0
7.16,0,112.32,0.0,0.0
10.74,0,149.23,0.0,0.0
10.74,0,157.87,0.0,0.0
10.74,0,173.32,0.0,0.0
10.74,0,183.56,0.0,0.0
10.74,0,189.94,0.0,0.0
10.74,0,193.25,0.0,0.0
10.74,0,195.49,0.0,0.0
10.74,0,191.74,0.0,0.0
10.74,0,182.11,0.0,0.0
10.74,0,163.34,0.0,0.0
8.35,0,142.5,0.0,0.0
8.35,0,135.35,0.0,0.0
2.36,0,14.23,0.0,0.0
2.36,0,12.16,0.0,0.0
2.36,0,14.32,0.0,0.0
2.36,0,10.62,0.0,0.0
2.36,0,11.71,0.0,0.0
2.36,0,7.46,0.0,0.0
2.36,0,9.46,0.0,0.0
2.36,0,6.55,0.0,0.0
2.36,0,7.37,0.0,0.0
2.36,0,11.29,0.0,0.0
4.77,0,90.92,0.0,0.0
7.16,0,108.18,0.0,0.0
10.74,0,144.1,0.0,0.0
10.74,0,156.01,0.0,0.0
10.74,0,171.66,0.0,0.0
10.74,0,180.59,0.0,0.0
10.74,0,182.46,0.0,0.0
10.74,0,182.68,0.0,0.0
10.74,0,189.25,0.0,0.0
10.74,0,182.21,0.0,0.0
10.74,0,169.01,0.0,0.0
10.74,0,155.32,0.0,0.0
8.35,0,138.99,0.0,0.0
8.35,0,134.29,0.0,0.0
2.36,0,14.57,0.0,0.0
2.36,0,13.73,0.0,0.0
2.36,0,14.75,0.0,0.0
2.36,0,11.87,0.0,0.0
2.36,0,13.35,0.0,0.0
2.36,0,10.24,0.0,0.0
2.36,0,11.58,0.0,0.0
2.36,0,7.54,0.0,0.0
2.36,0,8.93,0.0,0.0
2.36,0,14.6,0.0,0.0
4.77,0,102.93,0.0,0.0
7.16,0,113.01,0.0,0.0
10.74,0,149.06,0.0,0.0
10.74,0,165.19,0.0,0.0
10.74,0,179.32,0.0,0.0
10.74,0,179.44,0.0,0.0
10.74,0,177.7,0.0,0.0
10.74,0,175.46,0.0,0.0
10.74,0,176.57,0.0,0.0
10.74,0,169.6,0.0,0.0
10.74,0,160.76,0.0,0.0
10.74,0,154.37,0.0,0.0
8.35,0,135.77,0.0,0.0
8.35,0,121.82,0.0,0.0
2.36,0,14.54,0.0,0.0
2.36,0,13.38,0.0,0.0
2.36,0,14.64,0.0,0.0
2.36,0,11.21,0.0,0.0
2.36,0,12.39,0.0,0.0
2.36,0,8.07,0.0,0.0
2.36,0,10.85,0.0,0.0
2.36,0,5.01,0.0,0.0
2.36,0,6.61,0.0,0.0
2.36,0,9.85,0.0,0.0
4.77,0,72.86,0.0,0.0
7.16,0,89.39,0.0,0.0
10.74,0,123.49,0.0,0.0
10.74,0,135.96,0.0,0.0
10.74,0,147.99,0.0,0.0
10.74,0,153.67,0.0,0.0
10.74,0,154.48,0.0,0.0
10.74,0,152.82,0.0,0.0
10.74,0,157.73,0.0,0.0
10.74,0,155.3,0.0,0.0
10.74,0,146.47,0.0,0.0
10.74,0,133.12,0.0,0.0
8.35,0,116.69,0.0,0.0
8.35,0,111.3,0.0,0.0
2.36,0,12.0,0.0,0.0
2.36,0,10.8,0.0,0.0
2.36,0,12.04,0.0,0.0
2.36,0,9.6,0.0,0.0
1.77,0,11.19,0.0,0.0
1.77,0,7.93,0.0,0.0
1.77,0,11.25,0.0,0.0
1.77,0,7.94,0.0,0.0
1.77,0,9.42,0.0,0.0
1.77,0,5.1,0.0,0.0
1.77,0,10.6,0.0,0.0
1.77,0,17.38,0.0,0.0
3.58,0,90.33,0.0,0.0
7.16,0,103.02,0.0,0.0
7.16,0,114.41,0.0,0.0
9.55,0,132.46,0.0,0.0
9.55,0,135.94,0.0,0.0
9.55,0,137.58,0.0,0.0
9.55,0,133.31,0.0,0.0
9.55,0,125.0,0.0,0.0
7.16,0,109.66,0.0,0.0
4.77,0,96.08,0.0,0.0
1.77,0,11.98,0.0,0.0
1.77,0,10.65,0.0,0.0
1.77,0,12.23,0.0,0.0
1.77,0,9.68,0.0,0.0
1.77,0,11.03,0.0,0.0
1.77,0,8.53,0.0,0.0
1.77,0,8.14,0.0,0.0
1.77,0,6.0,0.0,0.0
1.77,0,7.12,0.0,0.0
1.77,0,3.44,0.0,0.0
1.77,0,7.16,0.0,0.0
1.77,0,8.83,0.0,0.0
3.58,0,63.75,0.0,0.0
5.97,0,70.08,0.0,0.0
9.55,0,97.12,0.0,0.0
10.74,0,118.22,0.0,0.0
10.74,0,134.13,0.0,0.0
10.74,0,139.69,0.0,0.0
10.74,0,143.57,0.0,0.0
10.74,0,139.78,0.0,0.0
10.74,0,132.59,0.0,0.0
10.74,0,125.39,0.0,0.0
10.74,0,116.98,0.0,0.0
8.35,0,96.47,0.0,0.0
5.97,0,84.26,0.0,0.0
5.97,0,76.91,0.0,0.0
3.58,0,64.39,0.0,0.0
1.77,0,8.57,0.0,0.0
1.77,0,10.5,0.0,0.0
1.77,0,7.47,0.0,0.0
1.77,0,7.81,0.0,0.0
1.77,0,4.54,0.0,0.0
1.77,0,6.81,0.0,0.0
1.77,0,3.42,0.0,0.0
1.77,0,4.91,0.0,0.0
1.77,0,4.5,0.0,0.0
1.77,0,6.02,0.0,0.0
1.77,0,11.94,0.0,0.0
3.58,0,84.82,0.0,0.0
7.16,0,94.25,0.0,0.0
7.16,0,101.38,0.0,0.0
9.55,0,116.6,0.0,0.0
9.55,0,118.3,0.0,0.0
9.55,0,117.09,0.0,0.0
9.55,0,113.37,0.0,0.0
9.55,0,111.83,0.0,0.0
7.16,0,100.63,0.0,0.0
4.77,0,90.05,0.0,0.0
1.77,0,11.25,0.0,0.0
1.77,0,9.7,0.0,0.0
1.77,0,11.88,0.0,0.0
1.77,0,9.01,0.0,0.0
1.77,0,10.32,0.0,0.0
1.77,0,6.29,0.0,0.0
2.36,0,8.93,0.0,0.0
2.36,0,6.1,0.0,0.0
2.36,0,6.91,0.0,0.0
2.36,0,4.0,0.0,0.0
2.36,0,5.56,0.0,0.0
2.36,0,8.42,0.0,0.0
4.77,0,76.13,0.0,0.0
7.16,0,90.09,0.0,0.0
10.74,0,122.72,0.0,0.0
10.74,0,134.75,0.0,0.0
10.74,0,145.72,0.0,0.0
10.74,0,145.31,0.0,0.0
10.74,0,143.15,0.0,0.0
10.74,0,146.16,0.0,0.0
10.74,0,154.7,0.0,0.0
10.74,0,151.83,0.0,0.0
10.74,0,141.56,0.0,0.0
10.74,0,132.64,0.0,0.0
8.35,0,116.95,0.0,0.0
8.35,0,106.44,0.0,0.0
2.36,0,12.01,0.0,0.0
2.36,0,11.7,0.0,0.0
2.36,0,12.96,0.0,0.0
2.36,0,9.79,0.0,0.0
2.36,0,11.48,0.0,0.0
2.36,0,7.93,0.0,0.0
2.36,0,8.02,0.0,0.0
2.36,0,4.62,0.0,0.0
2.36,0,6.62,0.0,0.0
2.36,0,10.02,0.0,0.0
4.77,0,89.78,0.0,0.0
7.16,0,104.44,0.0,0.0
10.74,0,139.13,0.0,0.0
10.74,0,141.1,0.0,0.0
10.74,0,139.57,0.0,0.0
10.74,0,138.56,0.0,0.0
10.74,0,140.54,0.0,0.0
10.74,0,145.67,0.0,0.0
10.74,0,154.98,0.0,0.0
10.74,0,148.46,0.0,0.0
10.74,0,134.37,0.0,0.0
10.74,0,122.38,0.0,0.0
8.35,0,104.89,0.0,0.0
8.35,0,95.74,0.0,0.0
2.36,0,11.71,0.0,0.0
2.36,0,9.92,0.0,0.0
2.36,0,8.23,0.0,0.0
2.36,0,10.63,0.0,0.0
2.36,0,5.89,0.0,0.0
2.36,0,7.61,0.0,0.0
2.36,0,7.46,0.0,0.0
2.36,0,6.27,0.0,0.0
2.36,0,6.08,0.0,0.0
2.36,0,9.11,0.0,0.0
4.77,0,77.13,0.0,0.0
7.16,0,89.01,0.0,0.0
10.74,0,127.64,0.0,0.0
10.74,0,132.21,0.0,0.0
10.74,0,153.29,0.0,0.0
10.74,0,169.23,0.0,0.0
10.74,0,152.27,0.0,0.0
10.74,0,134.06,0.0,0.0
10.74,0,127.98,0.0,0.0
10.74,0,118.36,0.0,0.0
10.74,0,112.46,0.0,0.0
10.74,0,103.61,0.0,0.0
8.35,0,89.64,0.0,0.0
8.35,0,84.5,0.0,0.0
2.36,0,5.71,0.0,0.0
2.36,0,5.78,0.0,0.0
2.36,0,4.92,0.0,0.0
2.36,0,4.57,0.0,0.0
2.36,0,3.29,0.0,0.0
2.36,0,1.28,0.0,0.0
2.36,0,3.27,0.0,0.0
2.36,0,2.02,0.0,0.0
2.36,0,0.92,0.0,0.0
2.36,0,6.79,0.0,0.0
4.77,0,66.01,0.0,0.0
7.16,0,95.3,0.0,0.0
10.74,0,134.5,0.0,0.0
10.74,0,144.59,0.0,0.0
10.74,0,155.74,0.0,0.0
10.74,0,136.19,0.0,0.0
10.74,0,129.15,0.0,0.0
10.74,0,120.51,0.0,0.0
10.74,0,124.52,0.0,0.0
10.74,0,136.96,0.0,0.0
10.74,0,128.32,0.0,0.0
10.74,0,117.16,0.0,0.0
8.35,0,104.83,0.0,0.0
8.35,0,102.25,0.0,0.0
2.36,0,6.51,0.0,0.0
2.36,0,7.34,0.0,0.0
2.36,0,5.14,0.0,0.0
2.36,0,5.52,0.0,0.0
2.36,0,5.16,0.0,0.0
2.36,0,5.42,0.0,0.0
2.36,0,2.5,0.0,0.0
2.36,0,2.85,0.0,0.0
2.36,0,2.16,0.0,0.0
2.36,0,6.62,0.0,0.0
4.77,0,70.06,0.0,0.0
7.16,0,103.05,0.0,0.0
10.74,0,140.38,0.0,0.0
10.74,0,148.95,0.0,0.0
10.74,0,163.23,0.0,0.0
10.74,0,169.39,0.0,0.0
10.74,0,167.68,0.0,0.0
10.74,0,166.63,0.0,0.0
10.74,0,169.21,0.0,0.0
10.74,0,148.42,0.0,0.0
10.74,0,131.9,0.0,0.0
10.74,0,121.27,0.0,0.0
8.35,0,106.22,0.0,0.0
8.35,0,103.66,0.0,0.0
2.36,0,10.08,0.0,0.0
2.36,0,12.68,0.0,0.0
2.36,0,8.73,0.0,0.0
2.36,0,10.53,0.0,0.0
1.77,0,6.34,0.0,0.0
1.77,0,6.99,0.0,0.0
1.77,0,4.54,0.0,0.0
1.77,0,3.68,0.0,0.0
1.77,0,5.13,0.0,0.0
1.77,0,8.03,0.0,0.0
3.58,0,77.96,0.0,0.0
5.97,0,87.64,0.0,0.0
9.55,0,115.85,0.0,0.0
10.74,0,137.94,0.0,0.0
10.74,0,154.61,0.0,0.0
10.74,0,159.47,0.0,0.0
10.74,0,164.65,0.0,0.0
10.74,0,170.34,0.0,0.0
10.74,0,171.63,0.0,0.0
10.74,0,168.78,0.0,0.0
10.74,0,153.44,0.0,0.0
8.35,0,122.7,0.0,0.0
5.97,0,108.87,0.0,0.0
5.97,0,106.09,0.0,0.0
3.58,0,94.29,0.0,0.0
1.77,0,10.57,0.0,0.0
1.77,0,12.05,0.0,0.0
1.77,0,8.75,0.0,0.0
1.77,0,10.07,0.0,0.0
1.77,0,7.98,0.0,0.0
1.77,0,8.37,0.0,0.0
1.77,0,4.52,0.0,0.0
1.77,0,6.54,0.0,0.0
1.77,0,4.13,0.0,0.0
1.77,0,7.79,0.0,0.0
1.77,0,12.75,0.0,0.0
3.58,0,111.65,0.0,0.0
7.16,0,104.02,0.0,0.0
7.16,0,98.79,0.0,0.0
9.55,0,126.05,0.0,0.0
9.55,0,146.96,0.0,0.0
9.55,0,155.46,0.0,0.0
9.55,0,158.18,0.0,0.0
9.55,0,149.0,0.0,0.0
7.16,0,120.45,0.0,0.0
4.77,0,107.25,0.0,0.0
1.77,0,12.28,0.0,0.0
1.77,0,11.5,0.0,0.0
1.77,0,9.91,0.0,0.0
1.77,0,9.95,0.0,0.0
1.77,0,7.94,0.0,0.0
1.77,0,6.67,0.0,0.0
2.36,0,7.77,0.0,0.0
2.36,0,6.27,0.0,0.0
2.36,0,8.16,0.0,0.0
2.36,0,4.16,0.0,0.0
2.36,0,6.3,0.0,0.0
2.36,0,9.33,0.0,0.0
4.77,0,79.64,0.0,0.0
7.16,0,98.5,0.0,0.0
10.74,0,133.63,0.0,0.0
10.74,0,141.67,0.0,0.0
10.74,0,136.19,0.0,0.0
10.74,0,131.13,0.0,0.0
10.74,0,136.15,0.0,0.0
10.74,0,147.27,0.0,0.0
10.74,0,156.66,0.0,0.0
10.74,0,154.46,0.0,0.0
10.74,0,139.1,0.0,0.0
10.74,0,128.89,0.0,0.0
8.35,0,115.58,0.0,0.0
8.35,0,108.04,0.0,0.0
2.36,0,8.39,0.0,0.0
2.36,0,10.04,0.0,0.0
2.36,0,5.54,0.0,0.0
2.36,0,7.75,0.0,0.0
2.36,0,4.75,0.0,0.0
2.36,0,6.87,0.0,0.0
2.36,0,5.84,0.0,0.0
2.36,0,5.84,0.0,0.0
2.36,0,5.19,0.0,0.0
2.36,0,8.8,0.0,0.0
4.77,0,79.45,0.0,0.0
7.16,0,102.32,0.0,0.0
10.74,0,137.7,0.0,0.0
10.74,0,143.71,0.0,0.0
10.74,0,146.56,0.0,0.0
10.74,0,150.97,0.0,0.0
10.74,0,138.6,0.0,0.0
10.74,0,128.06,0.0,0.0
10.74,0,141.79,0.0,0.0
10.74,0,140.27,0.0,0.0
10.74,0,120.14,0.0,0.0
10.74,0,109.6,0.0,0.0
8.35,0,97.76,0.0,0.0
8.35,0,94.89,0.0,0.0
2.36,0,6.67,0.0,0.0
2.36,0,7.55,0.0,0.0
2.36,0,4.26,0.0,0.0
2.36,0,5.45,0.0,0.0
2.36,0,4.73,0.0,0.0
2.36,0,5.02,0.0,0.0
2.36,0,4.51,0.0,0.0
2.36,0,4.79,0.0,0.0
2.36,0,2.91,0.0,0.0
2.36,0,8.05,0.0,0.0
4.77,0,53.14,0.0,0.0
7.16,0,71.28,0.0,0.0
10.74,0,105.92,0.0,0.0
10.74,0,120.09,0.0,0.0
10.74,0,134.39,0.0,0.0
10.74,0,142.03,0.0,0.0
10.74,0,146.45,0.0,0.0
10.74,0,142.87,0.0,0.0
10.74,0,144.77,0.0,0.0
10.74,0,141.67,0.0,0.0
10.74,0,127.97,0.0,0.0
10.74,0,111.12,0.0,0.0
8.35,0,91.87,0.0,0.0
8.35,0,82.9,0.0,0.0
2.36,0,10.06,0.0,0.0
2.36,0,9.15,0.0,0.0
2.36,0,8.07,0.0,0.0
2.36,0,10.03,0.0,0.0
2.36,0,7.25,0.0,0.0
2.36,0,9.34,0.0,0.0
2.36,0,5.27,0.0,0.0
2.36,0,4.68,0.0,0.0
2.36,0,6.66,0.0,0.0
2.36,0,7.35,0.0,0.0
4.77,0,49.66,0.0,0.0
7.16,0,65.22,0.0,0.0
10.74,0,99.19,0.0,0.0
10.74,0,113.5,0.0,0.0
10.74,0,127.4,0.0,0.0
10.74,0,132.23,0.0,0.0
10.74,0,139.65,0.0,0.0
10.74,0,147.46,0.0,0.0
10.74,0,149.32,0.0,0.0
10.74,0,140.09,0.0,0.0
10.74,0,126.75,0.0,0.0
10.74,0,114.02,0.0,0.0
8.35,0,101.2,0.0,0.0
8.35,0,100.03,0.0,0.0
2.36,0,11.59,0.0,0.0
2.36,0,11.53,0.0,0.0
2.36,0,11.84,0.0,0.0
2.36,0,8.76,0.0,0.0
2.36,0,9.9,0.0,0.0
2.36,0,8.88,0.0,0.0
2.36,0,8.41,0.0,0.0
2.36,0,9.56,0.0,0.0
2.36,0,7.9,0.0,0.0
2.36,0,10.67,0.0,0.0
4.77,0,90.05,0.0,0.0
7.16,0,94.34,0.0,0.0
10.74,0,126.3,0.0,0.0
10.74,0,135.7,0.0,0.0
10.74,0,117.89,0.0,0.0
10.74,0,100.54,0.0,0.0
10.74,0,105.94,0.0,0.0
10.74,0,107.71,0.0,0.0
10.74,0,109.43,0.0,0.0
10.74,0,110.0,0.0,0.0
10.74,0,102.55,0.0,0.0
10.74,0,94.91,0.0,0.0
8.35,0,82.49,0.0,0.0
8.35,0,79.02,0.0,0.0
2.36,0,5.6,0.0,0.0
2.36,0,5.35,0.0,0.0
2.36,0,2.77,0.0,0.0
2.36,0,0.79,0.0,0.0
1.77,0,3.48,0.0,0.0
1.77,0,2.38,0.0,0.0
1.77,0,0.72,0.0,0.0
1.77,0,2.29,0.0,0.0
1.77,0,0.67,0.0,0.0
1.77,0,6.38,0.0,0.0
3.58,0,47.53,0.0,0.0
5.97,0,63.05,0.0,0.0
9.55,0,94.63,0.0,0.0
10.74,0,119.91,0.0,0.0
10.74,0,138.16,0.0,0.0
10.74,0,153.17,0.0,0.0
10.74,0,165.72,0.0,0.0
10.74,0,168.94,0.0,0.0
10.74,0,160.45,0.0,0.0
10.74,0,159.55,0.0,0.0
10.74,0,150.8,0.0,0.0
8.35,0,121.9,0.0,0.0
5.97,0,106.45,0.0,0.0
5.97,0,96.85,0.0,0.0
3.58,0,79.98,0.0,0.0
1.77,0,7.18,0.0,0.0
1.77,0,9.71,0.0,0.0
1.77,0,4.49,0.0,0.0
1.77,0,7.15,0.0,0.0
1.77,0,4.27,0.0,0.0
1.77,0,5.38,0.0,0.0
1.77,0,4.64,0.0,0.0
1.77,0,3.25,0.0,0.0
1.77,0,3.97,0.0,0.0
1.77,0,5.27,0.0,0.0
1.77,0,11.15,0.0,0.0
3.58,0,92.12,0.0,0.0
7.16,0,114.84,0.0,0.0
7.16,0,120.19,0.0,0.0
9.55,0,121.68,0.0,0.0
9.55,0,107.78,0.0,0.0
9.55,0,110.18,0.0,0.0
9.55,0,115.81,0.0,0.0
9.55,0,121.73,0.0,0.0
7.16,0,107.57,0.0,0.0
4.77,0,92.69,0.0,0.0
1.77,0,6.86,0.0,0.0
1.77,0,8.51,0.0,0.0
1.77,0,4.76,0.0,0.0
1.77,0,5.91,0.0,0.0
1.77,0,5.19,0.0,0.0
1.77,0,6.91,0.0,0.0
2.36,0,4.17,0.0,0.0
2.36,0,4.17,0.0,0.0
2.36,0,3.27,0.0,0.0
2.36,0,2.95,0.0,0.0
2.36,0,2.28,0.0,0.0
2.36,0,8.34,0.0,0.0
4.77,0,68.08,0.0,0.0
7.16,0,95.19,0.0,0.0
10.74,0,134.82,0.0,0.0
10.74,0,147.21,0.0,0.0
10.74,0,160.03,0.0,0.0
10.74,0,163.64,0.0,0.0
10.74,0,164.41,0.0,0.0
10.74,0,169.36,0.0,0.0
10.74,0,172.43,0.0,0.0
10.74,0,166.12,0.0,0.0
10.74,0,155.1,0.0,0.0
10.74,0,139.39,0.0,0.0
8.35,0,120.2,0.0,0.0
8.35,0,112.37,0.0,0.0
2.36,0,12.15,0.0,0.0
2.36,0,11.67,0.0,0.0
2.36,0,11.59,0.0,0.0
2.36,0,8.57,0.0,0.0
2.36,0,9.81,0.0,0.0
2.36,0,8.2,0.0,0.0
2.36,0,7.56,0.0,0.0
2.36,0,8.64,0.0,0.0
2.36,0,5.4,0.0,0.0
2.36,0,8.92,0.0,0.0
4.77,0,88.43,0.0,0.0
7.16,0,105.23,0.0,0.0
10.74,0,133.91,0.0,0.0
10.74,0,148.23,0.0,0.0
10.74,0,160.41,0.0,0.0
10.74,0,165.98,0.0,0.0
10.74,0,158.73,0.0,0.0
10.74,0,160.59,0.0,0.0
10.74,0,168.79,0.0,0.0
10.74,0,158.6,0.0,0.0
10.74,0,140.96,0.0,0.0
10.74,0,123.11,0.0,0.0
8.35,0,108.23,0.0,0.0
8.35,0,102.92,0.0,0.0
2.36,0,10.03,0.0,0.0
2.36,0,12.81,0.0,0.0
2.36,0,9.96,0.0,0.0
2.36,0,10.19,0.0,0.0
2.36,0,7.37,0.0,0.0
2.36,0,9.74,0.0,0.0
2.36,0,5.78,0.0,0.0
2.36,0,5.32,0.0,0.0
2.36,0,6.0,0.0,0.0
2.36,0,8.32,0.0,0.0
4.77,0,76.97,0.0,0.0
7.16,0,84.65,0.0,0.0
10.74,0,102.67,0.0,0.0
10.74,0,104.21,0.0,0.0
10.74,0,119.6,0.0,0.0
10.74,0,136.16,0.0,0.0
10.74,0,147.76,0.0,0.0
10.74,0,151.31,0.0,0.0
10.74,0,154.73,0.0,0.0
10.74,0,152.22,0.0,0.0
10.74,0,142.04,0.0,0.0
10.74,0,126.28,0.0,0.0
8.35,0,107.75,0.0,0.0
8.35,0,100.36,0.0,0.0
2.36,0,9.79,0.0,0.0
2.36,0,12.31,0.0,0.0
2.36,0,8.56,0.0,0.0
2.36,0,10.45,0.0,0.0
2.36,0,6.98,0.0,0.0
2.36,0,6.77,0.0,0.0
2.36,0,7.31,0.0,0.0
2.36,0,5.61,0.0,0.0
2.36,0,4.76,0.0,0.0
2.36,0,8.27,0.0,0.0
4.77,0,69.31,0.0,0.0
7.16,0,88.88,0.0,0.0
10.74,0,122.64,0.0,0.0
10.74,0,138.3,0.0,0.0
10.74,0,152.81,0.0,0.0
10.74,0,158.06,0.0,0.0
10.74,0,168.01,0.0,0.0
10.74,0,171.45,0.0,0.0
10.74,0,172.54,0.0,0.0
10.74,0,172.78,0.0,0.0
10.74,0,163.31,0.0,0.0
10.74,0,151.56,0.0,0.0
8.35,0,134.26,0.0,0.0
8.35,0,125.63,0.0,0.0
2.36,0,13.64,0.0,0.0
2.36,0,13.32,0.0,0.0
2.36,0,13.61,0.0,0.0
2.36,0,9.39,0.0,0.0
2.36,0,10.68,0.0,0.0
2.36,0,6.76,0.0,0.0
2.36,0,10.0,0.0,0.0
2.36,0,6.92,0.0,0.0
2.36,0,6.85,0.0,0.0
2.36,0,10.29,0.0,0.0
4.77,0,90.23,0.0,0.0
7.16,0,106.76,0.0,0.0
10.74,0,143.51,0.0,0.0
10.74,0,157.27,0.0,0.0
10.74,0,170.22,0.0,0.0
10.74,0,168.06,0.0,0.0
10.74,0,168.72,0.0,0.0
10.74,0,171.4,0.0,0.0
10.74,0,174.34,0.0,0.0
10.74,0,156.72,0.0,0.0
10.74,0,147.03,0.0,0.0
10.74,0,142.48,0.0,0.0
8.35,0,127.68,0.0,0.0
8.35,0,123.28,0.0,0.0
2.36,0,13.39,0.0,0.0
2.36,0,13.22,0.0,0.0
2.36,0,12.28,0.0,0.0
2.36,0,12.13,0.0,0.0
1.77,0,9.03,0.0,0.0
1.77,0,9.29,0.0,0.0
1.77,0,8.17,0.0,0.0
1.77,0,7.77,0.0,0.0
1.77,0,7.68,0.0,0.0
1.77,0,9.54,0.0,0.0
3.58,0,88.58,0.0,0.0
5.97,0,104.89,0.0,0.0
9.55,0,139.56,0.0,0.0
10.74,0,160.17,0.0,0.0
10.74,0,175.33,0.0,0.0
10.74,0,181.89,0.0,0.0
10.74,0,187.9,0.0,0.0
10.74,0,199.67,0.0,0.0
10.74,0,200.94,0.0,0.0
10.74,0,192.79,0.0,0.0
10.74,0,177.18,0.0,0.0
8.35,0,146.26,0.0,0.0
5.97,0,129.45,0.0,0.0
5.97,0,120.15,0.0,0.0
3.58,0,103.73,0.0,0.0
1.77,0,14.18,0.0,0.0
1.77,0,13.03,0.0,0.0
1.77,0,9.8,0.0,0.0
1.77,0,12.21,0.0,0.0
1.77,0,8.5,0.0,0.0
1.77,0,9.29,0.0,0.0
1.77,0,4.36,0.0,0.0
1.77,0,7.27,0.0,0.0
1.77,0,4.6,0.0,0.0
1.77,0,8.26,0.0,0.0
1.77,0,15.09,0.0,0.0
3.58,0,116.86,0.0,0.0
7.16,0,131.56,0.0,0.0
7.16,0,142.8,0.0,0.0
9.55,0,157.88,0.0,0.0
9.55,0,161.48,0.0,0.0
9.55,0,160.17,0.0,0.0
9.55,0,161.14,0.0,0.0
9.55,0,159.04,0.0,0.0
7.16,0,142.9,0.0,0.0
4.77,0,125.45,0.0,0.0
1.77,0,15.04,0.0,0.0
1.77,0,13.85,0.0,0.0
1.77,0,13.64,0.0,0.0
1.77,0,11.72,0.0,0.0
1.77,0,13.63,0.0,0.0
1.77,0,10.69,0.0,0.0
2.36,0,12.62,0.0,0.0
2.36,0,8.84,0.0,0.0
2.36,0,12.16,0.0,0.0
2.36,0,8.31,0.0,0.0
2.36,0,8.45,0.0,0.0
2.36,0,11.63,0.0,0.0
4.77,0,101.2,0.0,0.0
7.16,0,116.62,0.0,0.0
10.74,0,153.49,0.0,0.0
10.74,0,163.65,0.0,0.0
10.74,0,174.95,0.0,0.0
10.74,0,181.23,0.0,0.0
10.74,0,186.64,0.0,0.0
10.74,0,185.91,0.0,0.0
10.74,0,186.04,0.0,0.0
10.74,0,178.48,0.0,0.0
10.74,0,169.52,0.0,0.0
10.74,0,161.18,0.0,0.0
8.35,0,144.49,0.0,0.0
8.35,0,136.32,0.0,0.0
2.36,0,14.57,0.0,0.0
2.36,0,13.29,0.0,0.0
2.36,0,13.5,0.0,0.0
2.36,0,11.62,0.0,0.0
2.36,0,13.37,0.0,0.0
2.36,0,10.72,0.0,0.0
2.36,0,12.63,0.0,0.0
2.36,0,9.66,0.0,0.0
2.36,0,10.88,0.0,0.0
2.36,0,14.43,0.0,0.0
4.77,0,80.1,0.0,0.0
7.16,0,82.81,0.0,0.0
10.74,0,112.6,0.0,0.0
10.74,0,125.38,0.0,0.0
10.74,0,135.85,0.0,0.0
10.74,0,144.62,0.0,0.0
10.74,0,148.51,0.0,0.0
10.74,0,148.33,0.0,0.0
10.74,0,148.77,0.0,0.0
10.74,0,142.33,0.0,0.0
10.74,0,132.68,0.0,0.0
10.74,0,119.15,0.0,0.0
8.35,0,100.73,0.0,0.0
8.35,0,91.07,0.0,0.0
2.36,0,11.48,0.0,0.0
2.36,0,11.35,0.0,0.0
2.36,0,11.97,0.0,0.0
2.36,0,10.15,0.0,0.0
2.36,0,10.22,0.0,0.0
2.36,0,9.21,0.0,0.0
2.36,0,8.09,0.0,0.0
2.36,0,8.36,0.0,0.0
2.36,0,5.76,0.0,0.0
2.36,0,9.29,0.0,0.0
4.77,0,53.83,0.0,0.0
7.16,0,64.85,0.0,0.0
10.74,0,96.44,0.0,0.0
10.74,0,110.49,0.0,0.0
10.74,0,123.35,0.0,0.0
10.74,0,125.72,0.0,0.0
10.74,0,130.56,0.0,0.0
10.74,0,133.97,0.0,0.0
10.74,0,138.37,0.0,0.0
10.74,0,134.36,0.0,0.0
10.74,0,123.3,0.0,0.0
10.74,0,109.2,0.0,0.0
8.35,0,91.18,0.0,0.0
8.35,0,82.8,0.0,0.0
2.36,0,10.91,0.0,0.0
2.36,0,10.87,0.0,0.0
2.36,0,10.96,0.0,0.0
2.36,0,7.78,0.0,0.0
2.36,0,8.2,0.0,0.0
2.36,0,8.32,0.0,0.0
2.36,0,5.93,0.0,0.0
2.36,0,4.8,0.0,0.0
2.36,0,5.29,0.0,0.0
2.36,0,6.99,0.0,0.0
4.77,0,59.09,0.0,0.0
7.16,0,80.41,0.0,0.0
10.74,0,112.24,0.0,0.0
10.74,0,121.62,0.0,0.0
10.74,0,135.34,0.0,0.0
10.74,0,139.51,0.0,0.0
10.74,0,137.02,0.0,0.0
10.74,0,140.38,0.0,0.0
10.74,0,144.83,0.0,0.0
10.74,0,137.32,0.0,0.0
10.74,0,125.21,0.0,0.0
10.74,0,108.13,0.0,0.0
8.35,0,89.5,0.0,0.0
8.35,0,85.44,0.0,0.0
2.36,0,10.94,0.0,0.0
2.36,0,10.22,0.0,0.0
2.36,0,10.3,0.0,0.0
2.36,0,10.3,0.0,0.0
2.36,0,8.0,0.0,0.0
2.36,0,8.42,0.0,0.0
2.36,0,7.87,0.0,0.0
2.36,0,7.23,0.0,0.0
2.36,0,6.72,0.0,0.0
2.36,0,8.27,0.0,0.0
4.77,0,73.75,0.0,0.0
7.16,0,82.72,0.0,0.0
10.74,0,108.83,0.0,0.0
10.74,0,118.51,0.0,0.0
10.74,0,130.5,0.0,0.0
10.74,0,139.4,0.0,0.0
10.74,0,143.86,0.0,0.0
10.74,0,143.69,0.0,0.0
10.74,0,143.92,0.0,0.0
10.74,0,138.12,0.0,0.0
10.74,0,129.21,0.0,0.0
10.74,0,120.0,0.0,0.0
8.35,0,105.15,0.0,0.0
8.35,0,97.26,0.0,0.0
2.36,0,11.76,0.0,0.0
2.36,0,11.51,0.0,0.0
2.36,0,11.73,0.0,0.0
2.36,0,9.29,0.0,0.0
1.77,0,8.35,0.0,0.0
1.77,0,8.94,0.0,0.0
1.77,0,7.09,0.0,0.0
1.77,0,6.64,0.0,0.0
1.77,0,7.97,0.0,0.0
1.77,0,9.2,0.0,0.0
3.58,0,75.78,0.0,0.0
5.97,0,84.34,0.0,0.0
9.55,0,112.84,0.0,0.0
10.74,0,134.84,0.0,0.0
10.74,0,156.08,0.0,0.0
10.74,0,166.79,0.0,0.0
10.74,0,162.05,0.0,0.0
10.74,0,158.67,0.0,0.0
10.74,0,173.65,0.0,0.0
10.74,0,175.27,0.0,0.0
10.74,0,158.88,0.0,0.0
8.35,0,125.37,0.0,0.0
5.97,0,108.67,0.0,0.0
5.97,0,102.27,0.0,0.0
3.58,0,86.2,0.0,0.0
1.77,0,11.52,0.0,0.0
1.77,0,10.51,0.0,0.0
1.77,0,8.34,0.0,0.0
1.77,0,10.54,0.0,0.0
1.77,0,6.28,0.0,0.0
1.77,0,8.56,0.0,0.0
1.77,0,4.91,0.0,0.0
1.77,0,6.89,0.0,0.0
1.77,0,4.28,0.0,0.0
1.77,0,7.46,0.0,0.0
1.77,0,12.4,0.0,0.0
3.58,0,106.0,0.0,0.0
7.16,0,111.61,0.0,0.0
7.16,0,118.5,0.0,0.0
9.55,0,133.59,0.0,0.0
9.55,0,137.1,0.0,0.0
9.55,0,144.69,0.0,0.0
9.55,0,149.3,0.0,0.0
9.55,0,143.79,0.0,0.0
7.16,0,124.01,0.0,0.0
4.77,0,106.45,0.0,0.0
1.77,0,13.42,0.0,0.0
1.77,0,12.27,0.0,0.0
1.77,0,12.78,0.0,0.0
1.77,0,8.93,0.0,0.0
1.77,0,11.01,0.0,0.0
1.77,0,5.61,0.0,0.0
2.36,0,8.67,0.0,0.0
2.36,0,4.63,0.0,0.0
2.36,0,8.19,0.0,0.0
2.36,0,4.84,0.0,0.0
2.36,0,6.25,0.0,0.0
2.36,0,9.24,0.0,0.0
4.77,0,73.85,0.0,0.0
7.16,0,92.89,0.0,0.0
10.74,0,130.12,0.0,0.0
10.74,0,149.32,0.0,0.0
10.74,0,168.16,0.0,0.0
10.74,0,154.86,0.0,0.0
10.74,0,143.05,0.0,0.0
10.74,0,156.42,0.0,0.0
10.74,0,165.48,0.0,0.0
10.74,0,159.26,0.0,0.0
10.74,0,156.64,0.0,0.0
10.74,0,146.33,0.0,0.0
8.35,0,126.71,0.0,0.0
8.35,0,120.19,0.0,0.0
2.36,0,12.97,0.0,0.0
2.36,0,12.7,0.0,0.0
2.36,0,13.82,0.0,0.0
2.36,0,11.39,0.0,0.0
2.36,0,11.66,0.0,0.0
2.36,0,8.87,0.0,0.0
2.36,0,7.98,0.0,0.0
2.36,0,9.49,0.0,0.0
2.36,0,7.66,0.0,0.0
2.36,0,10.48,0.0,0.0
4.77,0,90.32,0.0,0.0
7.16,0,108.87,0.0,0.0
10.74,0,148.52,0.0,0.0
10.74,0,163.57,0.0,0.0
10.74,0,175.93,0.0,0.0
10.74,0,179.58,0.0,0.0
10.74,0,177.93,0.0,0.0
10.74,0,174.11,0.0,0.0
10.74,0,175.88,0.0,0.0
10.74,0,167.88,0.0,0.0
10.74,0,160.97,0.0,0.0
10.74,0,151.75,0.0,0.0
8.35,0,134.17,0.0,0.0
8.35,0,126.91,0.0,0.0
2.36,0,14.02,0.0,0.0
2.36,0,12.73,0.0,0.0
2.36,0,12.65,0.0,0.0
2.36,0,10.56,0.0,0.0
2.36,0,12.31,0.0,0.0
2.36,0,8.26,0.0,0.0
2.36,0,9.9,0.0,0.0
2.36,0,6.61,0.0,0.0
2.36,0,9.19,0.0,0.0
2.36,0,10.82,0.0,0.0
4.77,0,94.2,0.0,0.0
7.16,0,109.4,0.0,0.0
10.74,0,148.0,0.0,0.0
10.74,0,159.03,0.0,0.0
10.74,0,177.25,0.0,0.0
10.74,0,186.61,0.0,0.0
10.74,0,189.27,0.0,0.0
10.74,0,187.39,0.0,0.0
10.74,0,191.94,0.0,0.0
10.74,0,185.83,0.0,0.0
10.74,0,169.51,0.0,0.0
10.74,0,150.99,0.0,0.0
8.35,0,131.07,0.0,0.0
8.35,0,123.74,0.0,0.0
2.36,0,13.62,0.0,0.0
2.36,0,12.47,0.0,0.0
2.36,0,13.22,0.0,0.0
2.36,0,10.39,0.0,0.0
2.36,0,12.24,0.0,0.0
2.36,0,9.86,0.0,0.0
2.36,0,10.38,0.0,0.0
2.36,0,7.0,0.0,0.0
2.36,0,10.31,0.0,0.0
2.36,0,11.63,0.0,0.0
4.77,0,99.13,0.0,0.0
7.16,0,117.19,0.0,0.0
10.74,0,148.6,0.0,0.0
10.74,0,157.12,0.0,0.0
10.74,0,171.76,0.0,0.0
10.74,0,180.1,0.0,0.0
10.74,0,186.05,0.0,0.0
10.74,0,188.96,0.0,0.0
10.74,0,194.48,0.0,0.0
10.74,0,187.03,0.0,0.0
10.74,0,175.25,0.0,0.0
10.74,0,165.23,0.0,0.0
8.35,0,148.38,0.0,0.0
8.35,0,142.14,0.0,0.0
2.36,0,14.77,0.0,0.0
2.36,0,13.1,0.0,0.0
2.36,0,13.63,0.0,0.0
2.36,0,10.49,0.0,0.0
2.36,0,12.79,0.0,0.0
2.36,0,8.95,0.0,0.0
2.36,0,11.83,0.0,0.0
2.36,0,7.79,0.0,0.0
2.36,0,8.89,0.0,0.0
2.36,0,12.5,0.0,0.0
4.77,0,104.71,0.0,0.0
7.16,0,118.79,0.0,0.0
10.74,0,151.18,0.0,0.0
10.74,0,159.43,0.0,0.0
10.74,0,172.21,0.0,0.0
10.74,0,177.21,0.0,0.0
10.74,0,183.98,0.0,0.0
10.74,0,195.36,0.0,0.0
10.74,0,186.84,0.0,0.0
10.74,0,164.13,0.0,0.0
10.74,0,150.08,0.0,0.0
10.74,0,127.34,0.0,0.0
8.35,0,106.33,0.0,0.0
8.35,0,104.54,0.0,0.0
2.36,0,9.5,0.0,0.0
2.36,0,9.82,0.0,0.0
2.36,0,7.63,0.0,0.0
2.36,0,9.03,0.0,0.0
1.77,0,6.05,0.0,0.0
1.77,0,7.81,0.0,0.0
1.77,0,4.1,0.0,0.0
1.77,0,5.71,0.0,0.0
1.77,0,4.55,0.0,0.0
1.77,0,8.29,0.0,0.0
3.58,0,80.56,0.0,0.0
5.97,0,94.25,0.0,0.0
9.55,0,132.46,0.0,0.0
10.74,0,159.22,0.0,0.0
10.74,0,177.83,0.0,0.0
10.74,0,179.85,0.0,0.0
10.74,0,185.13,0.0,0.0
10.74,0,179.94,0.0,0.0
10.74,0,168.29,0.0,0.0
10.74,0,170.14,0.0,0.0
10.74,0,140.25,0.0,0.0
8.35,0,110.29,0.0,0.0
5.97,0,101.06,0.0,0.0
5.97,0,93.96,0.0,0.0
3.58,0,77.94,0.0,0.0
1.77,0,6.5,0.0,0.0
1.77,0,6.9,0.0,0.0
1.77,0,5.45,0.0,0.0
1.77,0,6.05,0.0,0.0
1.77,0,4.9,0.0,0.0
1.77,0,4.03,0.0,0.0
1.77,0,3.22,0.0,0.0
1.77,0,0.73,0.0,0.0
1.77,0,3.11,0.0,0.0
1.77,0,3.58,0.0,0.0
1.77,0,10.21,0.0,0.0
3.58,0,92.38,0.0,0.0
7.16,0,103.19,0.0,0.0
7.16,0,112.81,0.0,0.0
9.55,0,123.47,0.0,0.0
9.55,0,112.53,0.0,0.0
9.55,0,115.53,0.0,0.0
9.55,0,124.56,0.0,0.0
9.55,0,130.62,0.0,0.0
7.16,0,107.84,0.0,0.0
4.77,0,88.36,0.0,0.0
1.77,0,9.16,0.0,0.0
1.77,0,10.25,0.0,0.0
1.77,0,5.43,0.0,0.0
1.77,0,7.44,0.0,0.0
1.77,0,4.46,0.0,0.0
1.77,0,5.44,0.0,0.0
2.36,0,5.58,0.0,0.0
2.36,0,4.35,0.0,0.0
2.36,0,4.55,0.0,0.0
2.36,0,4.53,0.0,0.0
2.36,0,3.25,0.0,0.0
2.36,0,7.31,0.0,0.0
4.77,0,62.53,0.0,0.0
7.16,0,83.24,0.0,0.0
10.74,0,116.15,0.0,0.0
10.74,0,128.01,0.0,0.0
10.74,0,150.61,0.0,0.0
10.74,0,168.12,0.0,0.0
10.74,0,174.36,0.0,0.0
10.74,0,177.88,0.0,0.0
10.74,0,176.04,0.0,0.0
10.74,0,161.67,0.0,0.0
10.74,0,148.56,0.0,0.0
10.74,0,126.21,0.0,0.0
8.35,0,101.82,0.0,0.0
8.35,0,95.87,0.0,0.0
2.36,0,8.45,0.0,0.0
2.36,0,9.5,0.0,0.0
2.36,0,5.2,0.0,0.0
2.36,0,7.39,0.0,0.0
2.36,0,5.22,0.0,0.0
2.36,0,4.44,0.0,0.0
2.36,0,4.55,0.0,0.0
2.36,0,3.5,0.0,0.0
2.36,0,1.12,0.0,0.0
2.36,0,7.21,0.0,0.0
4.77,0,51.42,0.0,0.0
7.16,0,75.67,0.0,0.0
10.74,0,116.56,0.0,0.0
10.74,0,132.41,0.0,0.0
10.74,0,155.24,0.0,0.0
10.74,0,166.18,0.0,0.0
10.74,0,171.43,0.0,0.0
10.74,0,173.49,0.0,0.0
10.74,0,171.26,0.0,0.0
10.74,0,167.66,0.0,0.0
10.74,0,158.55,0.0,0.0
10.74,0,142.74,0.0,0.0
8.35,0,124.14,0.0,0.0
8.35,0,117.81,0.0,0.0
2.36,0,12.43,0.0,0.0
2.36,0,12.24,0.0,0.0
2.36,0,13.0,0.0,0.0
2.36,0,10.11,0.0,0.0
2.36,0,10.93,0.0,0.0
2.36,0,11.64,0.0,0.0
2.36,0,11.5,0.0,0.0
2.36,0,7.61,0.0,0.0
2.36,0,10.37,0.0,0.0
2.36,0,11.41,0.0,0.0
4.77,0,82.96,0.0,0.0
7.16,0,95.97,0.0,0.0
10.74,0,132.48,0.0,0.0
10.74,0,148.25,0.0,0.0
10.74,0,159.16,0.0,0.0
10.74,0,161.7,0.0,0.0
10.74,0,164.15,0.0,0.0
10.74,0,160.34,0.0,0.0
10.74,0,159.29,0.0,0.0
10.74,0,154.21,0.0,0.0
10.74,0,143.92,0.0,0.0
10.74,0,132.58,0.0,0.0
8.35,0,114.51,0.0,0.0
8.35,0,105.2,0.0,0.0
2.36,0,12.74,0.0,0.0
2.36,0,12.43,0.0,0.0
2.36,0,13.28,0.0,0.0
2.36,0,11.21,0.0,0.0
2.36,0,12.91,0.0,0.0
2.36,0,9.86,0.0,0.0
2.36,0,9.92,0.0,0.0
2.36,0,8.81,0.0,0.0
2.36,0,8.54,0.0,0.0
2.36,0,10.81,0.0,0.0
4.77,0,67.93,0.0,0.0
7.16,0,75.76,0.0,0.0
10.74,0,109.33,0.0,0.0
10.74,0,123.44,0.0,0.0
10.74,0,135.34,0.0,0.0
10.74,0,138.37,0.0,0.0
10.74,0,139.8,0.0,0.0
10.74,0,141.54,0.0,0.0
10.74,0,145.32,0.0,0.0
10.74,0,140.31,0.0,0.0
10.74,0,126.68,0.0,0.0
10.74,0,112.02,0.0,0.0
8.35,0,94.98,0.0,0.0
8.35,0,88.9,0.0,0.0
2.36,0,10.82,0.0,0.0
2.36,0,10.76,0.0,0.0
2.36,0,10.38,0.0,0.0
2.36,0,10.11,0.0,0.0
2.36,0,9.67,0.0,0.0
2.36,0,6.3,0.0,0.0
2.36,0,8.65,0.0,0.0
2.36,0,7.56,0.0,0.0
2.36,0,6.68,0.0,0.0
2.36,0,8.0,0.0,0.0
4.77,0,69.03,0.0,0.0
7.16,0,83.87,0.0,0.0
10.74,0,119.73,0.0,0.0
10.74,0,138.58,0.0,0.0
10.74,0,154.09,0.0,0.0
10.74,0,162.28,0.0,0.0
10.74,0,163.9,0.0,0.0
10.74,0,165.58,0.0,0.0
10.74,0,172.61,0.0,0.0
10.74,0,165.42,0.0,0.0
10.74,0,150.49,0.0,0.0
10.74,0,135.92,0.0,0.0
8.35,0,117.98,0.0,0.0
8.35,0,110.91,0.0,0.0
2.36,0,13.05,0.0,0.0
2.36,0,12.65,0.0,0.0
2.36,0,13.16,0.0,0.0
2.36,0,10.93,0.0,0.0
1.77,0,10.75,0.0,0.0
1.77,0,10.7,0.0,0.0
1.77,0,9.44,0.0,0.0
1.77,0,8.52,0.0,0.0
1.77,0,7.67,0.0,0.0
1.77,0,10.94,0.0,0.0
3.58,0,91.87,0.0,0.0
5.97,0,104.67,0.0,0.0
9.55,0,137.83,0.0,0.0
10.74,0,161.13,0.0,0.0
10.74,0,177.93,0.0,0.0
10.74,0,179.54,0.0,0.0
10.74,0,183.41,0.0,0.0
10.74,0,189.4,0.0,0.0
10.74,0,183.12,0.0,0.0
10.74,0,179.04,0.0,0.0
10.74,0,165.78,0.0,0.0
8.35,0,133.0,0.0,0.0
5.97,0,117.11,0.0,0.0
5.97,0,111.98,0.0,0.0
3.58,0,99.43,0.0,0.0
1.77,0,13.18,0.0,0.0
1.77,0,13.39,0.0,0.0
1.77,0,13.86,0.0,0.0
1.77,0,10.92,0.0,0.0
1.77,0,11.35,0.0,0.0
1.77,0,11.45,0.0,0.0
1.77,0,8.81,0.0,0.0
1.77,0,9.51,0.0,0.0
1.77,0,9.37,0.0,0.0
1.77,0,9.68,0.0,0.0
1.77,0,16.95,0.0,0.0
3.58,0,126.65,0.0,0.0
7.16,0,124.42,0.0,0.0
7.16,0,108.59,0.0,0.0
9.55,0,104.78,0.0,0.0
9.55,0,107.37,0.0,0.0
9.55,0,120.16,0.0,0.0
9.55,0,130.88,0.0,0.0
9.55,0,139.76,0.0,0.0
7.16,0,129.04,0.0,0.0
4.77,0,103.73,0.0,0.0
1.77,0,11.12,0.0,0.0
1.77,0,11.87,0.0,0.0
1.77,0,6.6,0.0,0.0
1.77,0,9.02,0.0,0.0
1.77,0,5.89,0.0,0.0
1.77,0,8.61,0.0,0.0
2.36,0,5.12,0.0,0.0
2.36,0,7.5,0.0,0.0
2.36,0,4.13,0.0,0.0
2.36,0,7.06,0.0,0.0
2.36,0,4.62,0.0,0.0
2.36,0,9.78,0.0,0.0
4.77,0,84.8,0.0,0.0
7.16,0,110.31,0.0,0.0
10.74,0,150.34,0.0,0.0
10.74,0,157.58,0.0,0.0
10.74,0,154.62,0.0,0.0
10.74,0,155.61,0.0,0.0
10.74,0,174.82,0.0,0.0
10.74,0,185.25,0.0,0.0
10.74,0,182.79,0.0,0.0
10.74,0,170.62,0.0,0.0
10.74,0,157.21,0.0,0.0
10.74,0,145.19,0.0,0.0
8.35,0,130.16,0.0,0.0
8.35,0,125.6,0.0,0.0
2.36,0,13.51,0.0,0.0
2.36,0,13.16,0.0,0.0
2.36,0,14.36,0.0,0.0
2.36,0,10.97,0.0,0.0
2.36,0,11.23,0.0,0.0
2.36,0,11.22,0.0,0.0
2.36,0,8.66,0.0,0.0
2.36,0,9.53,0.0,0.0
2.36,0,9.34,0.0,0.0
2.36,0,10.81,0.0,0.0
4.77,0,92.11,0.0,0.0
7.16,0,109.09,0.0,0.0
10.74,0,146.66,0.0,0.0
10.74,0,160.79,0.0,0.0
10.74,0,172.53,0.0,0.0
10.74,0,158.91,0.0,0.0
10.74,0,158.37,0.0,0.0
10.74,0,166.29,0.0,0.0
10.74,0,164.82,0.0,0.0
10.74,0,161.79,0.0,0.0
10.74,0,152.82,0.0,0.0
10.74,0,142.75,0.0,0.0
8.35,0,126.51,0.0,0.0
8.35,0,120.92,0.0,0.0
2.36,0,10.71,0.0,0.0
2.36,0,13.06,0.0,0.0
2.36,0,11.83,0.0,0.0
2.36,0,7.49,0.0,0.0
2.36,0,9.97,0.0,0.0
2.36,0,7.65,0.0,0.0
2.36,0,9.77,0.0,0.0
2.36,0,4.87,0.0,0.0
2.36,0,6.69,0.0,0.0
2.36,0,8.78,0.0,0.0
4.77,0,91.36,0.0,0.0
7.16,0,107.39,0.0,0.0
10.74,0,145.14,0.0,0.0
10.74,0,158.16,0.0,0.0
10.74,0,171.73,0.0,0.0
10.74,0,182.17,0.0,0.0
10.74,0,186.88,0.0,0.0
10.74,0,171.96,0.0,0.0
10.74,0,164.5,0.0,0.0
10.74,0,157.72,0.0,0.0
10.74,0,148.15,0.0,0.0
10.74,0,135.01,0.0,0.0
8.35,0,116.83,0.0,0.0
8.35,0,110.81,0.0,0.0
2.36,0,12.44,0.0,0.0
2.36,0,11.4,0.0,0.0
2.36,0,10.95,0.0,0.0
2.36,0,9.29,0.0,0.0
2.36,0,8.81,0.0,0.0
2.36,0,8.97,0.0,0.0
2.36,0,6.98,0.0,0.0
2.36,0,5.62,0.0,0.0
2.36,0,6.79,0.0,0.0
2.36,0,8.26,0.0,0.0
4.77,0,86.17,0.0,0.0
7.16,0,105.18,0.0,0.0
10.74,0,143.31,0.0,0.0
10.74,0,157.08,0.0,0.0
10.74,0,173.11,0.0,0.0
10.74,0,181.71,0.0,0.0
10.74,0,184.07,0.0,0.0
10.74,0,172.79,0.0,0.0
10.74,0,147.44,0.0,0.0
10.74,0,132.84,0.0,0.0
10.74,0,131.57,0.0,0.0
10.74,0,126.3,0.0,0.0
8.35,0,107.46,0.0,0.0
8.35,0,99.81,0.0,0.0
2.36,0,8.62,0.0,0.0
2.36,0,10.39,0.0,0.0
2.36,0,6.17,0.0,0.0
2.36,0,8.65,0.0,0.0
2.36,0,5.46,0.0,0.0
2.36,0,6.97,0.0,0.0
2.36,0,4.22,0.0,0.0
2.36,0,5.35,0.0,0.0
2.36,0,5.58,0.0,0.0
2.36,0,8.3,0.0,0.0
4.77,0,76.98,0.0,0.0
7.16,0,95.28,0.0,0.0
10.74,0,134.64,0.0,0.0
10.74,0,151.3,0.0,0.0
10.74,0,171.52,0.0,0.0
10.74,0,179.42,0.0,0.0
10.74,0,184.4,0.0,0.0
10.74,0,183.49,0.0,0.0
10.74,0,177.23,0.0,0.0
10.74,0,160.15,0.0,0.0
10.74,0,142.12,0.0,0.0
10.74,0,130.7,0.0,0.0
8.35,0,114.57,0.0,0.0
8.35,0,107.64,0.0,0.0
2.36,0,12.23,0.0,0.0
2.36,0,12.05,0.0,0.0
2.36,0,12.82,0.0,0.0
2.36,0,11.24,0.0,0.0
1.77,0,11.65,0.0,0.0
1.77,0,9.62,0.0,0.0
1.77,0,8.29,0.0,0.0
1.77,0,8.89,0.0,0.0
1.77,0,8.57,0.0,0.0
1.77,0,10.08,0.0,0.0
3.58,0,99.87,0.0,0.0
5.97,0,112.57,0.0,0.0
9.55,0,144.83,0.0,0.0
10.74,0,170.33,0.0,0.0
10.74,0,189.34,0.0,0.0
10.74,0,199.63,0.0,0.0
10.74,0,200.65,0.0,0.0
10.74,0,192.08,0.0,0.0
10.74,0,186.81,0.0,0.0
10.74,0,175.66,0.0,0.0
10.74,0,161.07,0.0,0.0
8.35,0,138.32,0.0,0.0
5.97,0,122.9,0.0,0.0
5.97,0,113.35,0.0,0.0
3.58,0,101.65,0.0,0.0
1.77,0,12.19,0.0,0.0
1.77,0,12.14,0.0,0.0
1.77,0,13.49,0.0,0.0
1.77,0,11.01,0.0,0.0
1.77,0,11.5,0.0,0.0
1.77,0,8.8,0.0,0.0
1.77,0,7.97,0.0,0.0
1.77,0,8.05,0.0,0.0
1.77,0,9.42,0.0,0.0
1.77,0,9.7,0.0,0.0
1.77,0,17.19,0.0,0.0
3.58,0,122.7,0.0,0.0
7.16,0,132.64,0.0,0.0
7.16,0,143.9,0.0,0.0
9.55,0,160.12,0.0,0.0
9.55,0,161.78,0.0,0.0
9.55,0,165.58,0.0,0.0
9.55,0,163.56,0.0,0.0
9.55,0,158.98,0.0,0.0
7.16,0,140.35,0.0,0.0
4.77,0,122.04,0.0,0.0
1.77,0,17.51,0.0,0.0
1.77,0,14.1,0.0,0.0
1.77,0,15.95,0.0,0.0
1.77,0,12.32,0.0,0.0
1.77,0,14.37,0.0,0.0
1.77,0,11.5,0.0,0.0
2.36,0,12.84,0.0,0.0
2.36,0,10.14,0.0,0.0
2.36,0,11.9,0.0,0.0
2.36,0,9.85,0.0,0.0
2.36,0,12.06,0.0,0.0
2.36,0,14.86,0.0,0.0
4.77,0,104.99,0.0,0.0
7.16,0,115.66,0.0,0.0
10.74,0,153.76,0.0,0.0
10.74,0,162.13,0.0,0.0
10.74,0,171.06,0.0,0.0
10.74,0,176.14,0.0,0.0
10.74,0,174.52,0.0,0.0
10.74,0,171.68,0.0,0.0
10.74,0,173.45,0.0,0.0
10.74,0,167.07,0.0,0.0
10.74,0,153.29,0.0,0.0
10.74,0,136.64,0.0,0.0
8.35,0,119.76,0.0,0.0
8.35,0,116.67,0.0,0.0
2.36,0,12.78,0.0,0.0
2.36,0,12.4,0.0,0.0
2.36,0,12.05,0.0,0.0
2.36,0,11.3,0.0,0.0
2.36,0,8.75,0.0,0.0
2.36,0,9.57,0.0,0.0
2.36,0,7.9,0.0,0.0
2.36,0,9.12,0.0,0.0
2.36,0,6.83,0.0,0.0
2.36,0,10.65,0.0,0.0
4.77,0,79.4,0.0,0.0
7.16,0,94.44,0.0,0.0
10.74,0,129.55,0.0,0.0
10.74,0,144.36,0.0,0.0
10.74,0,156.75,0.0,0.0
10.74,0,157.79,0.0,0.0
10.74,0,160.54,0.0,0.0
10.74,0,159.52,0.0,0.0
10.74,0,155.23,0.0,0.0
10.74,0,147.6,0.0,0.0
10.74,0,137.71,0.0,0.0
10.74,0,125.45,0.0,0.0
8.35,0,110.67,0.0,0.0
8.35,0,107.44,0.0,0.0
2.36,0,12.36,0.0,0.0
2.36,0,12.08,0.0,0.0
2.36,0,11.93,0.0,0.0
2.36,0,9.19,0.0,0.0
2.36,0,8.97,0.0,0.0
2.36,0,8.8,0.0,0.0
2.36,0,9.21,0.0,0.0
2.36,0,7.01,0.0,0.0
2.36,0,8.09,0.0,0.0
2.36,0,10.51,0.0,0.0
4.77,0,90.67,0.0,0.0
7.16,0,105.91,0.0,0.0
10.74,0,136.89,0.0,0.0
10.74,0,146.45,0.0,0.0
10.74,0,163.66,0.0,0.0
10.74,0,167.01,0.0,0.0
10.74,0,169.17,0.0,0.0
10.74,0,171.1,0.0,0.0
10.74,0,172.47,0.0,0.0
10.74,0,164.33,0.0,0.0
10.74,0,152.12,0.0,0.0
10.74,0,141.85,0.0,0.0
8.35,0,127.37,0.0,0.0
8.35,0,124.22,0.0,0.0
2.36,0,13.5,0.0,0.0
2.36,0,13.07,0.0,0.0
2.36,0,13.91,0.0,0.0
2.36,0,10.82,0.0,0.0
2.36,0,10.96,0.0,0.0
2.36,0,10.89,0.0,0.0
2.36,0,9.06,0.0,0.0
2.36,0,8.99,0.0,0.0
2.36,0,8.87,0.0,0.0
2.36,0,10.46,0.0,0.0
4.77,0,93.4,0.0,0.0
7.16,0,104.19,0.0,0.0
10.74,0,140.1,0.0,0.0
10.74,0,144.53,0.0,0.0
10.74,0,151.38,0.0,0.0
10.74,0,155.24,0.0,0.0
10.74,0,160.59,0.0,0.0
10.74,0,164.23,0.0,0.0
10.74,0,164.24,0.0,0.0
10.74,0,158.49,0.0,0.0
10.74,0,150.3,0.0,0.0
10.74,0,139.23,0.0,0.0
8.35,0,121.67,0.0,0.0
8.35,0,114.44,0.0,0.0
2.36,0,13.2,0.0,0.0
2.36,0,12.96,0.0,0.0
2.36,0,13.82,0.0,0.0
2.36,0,10.54,0.0,0.0
2.36,0,10.36,0.0,0.0
2.36,0,8.82,0.0,0.0
2.36,0,8.31,0.0,0.0
2.36,0,8.89,0.0,0.0
2.36,0,7.35,0.0,0.0
2.36,0,10.03,0.0,0.0
4.77,0,90.58,0.0,0.0
7.16,0,104.49,0.0,0.0
10.74,0,137.35,0.0,0.0
10.74,0,147.6,0.0,0.0
10.74,0,154.95,0.0,0.0
10.74,0,153.02,0.0,0.0
10.74,0,138.86,0.0,0.0
10.74,0,135.25,0.0,0.0
10.74,0,147.4,0.0,0.0
10.74,0,146.19,0.0,0.0
10.74,0,138.3,0.0,0.0
10.74,0,126.5,0.0,0.0
8.35,0,109.83,0.0,0.0
8.35,0,107.91,0.0,0.0
2.36,0,10.43,0.0,0.0
2.36,0,13.35,0.0,0.0
2.36,0,9.06,0.0,0.0
2.36,0,10.46,0.0,0.0
1.77,0,8.11,0.0,0.0
1.77,0,8.01,0.0,0.0
1.77,0,8.34,0.0,0.0
1.77,0,8.4,0.0,0.0
1.77,0,8.18,0.0,0.0
1.77,0,10.49,0.0,0.0
3.58,0,82.57,0.0,0.0
5.97,0,97.62,0.0,0.0
9.55,0,110.23,0.0,0.0
10.74,0,105.96,0.0,0.0
10.74,0,108.54,0.0,0.0
10.74,0,108.47,0.0,0.0
10.74,0,108.18,0.0,0.0
10.74,0,119.78,0.0,0.0
10.74,0,128.46,0.0,0.0
10.74,0,136.72,0.0,0.0
10.74,0,127.73,0.0,0.0
8.35,0,99.49,0.0,0.0
5.97,0,88.39,0.0,0.0
5.97,0,80.01,0.0,0.0
3.58,0,61.06,0.0,0.0
1.77,0,1.03,0.0,0.0
1.77,0,6.68,0.0,0.0
1.77,0,4.06,0.0,0.0
1.77,0,3.36,0.0,0.0
1.77,0,0.83,0.0,0.0
1.77,0,2.46,0.0,0.0
1.77,0,0.68,0.0,0.0
1.77,0,0.65,0.0,0.0
1.77,0,0.63,0.0,0.0
1.77,0,2.27,0.0,0.0
1.77,0,8.98,0.0,0.0
3.58,0,96.05,0.0,0.0
7.16,0,121.54,0.0,0.0
7.16,0,133.17,0.0,0.0
9.55,0,151.24,0.0,0.0
9.55,0,156.33,0.0,0.0
9.55,0,161.38,0.0,0.0
9.55,0,159.49,0.0,0.0
9.55,0,158.55,0.0,0.0
7.16,0,138.1,0.0,0.0
4.77,0,118.14,0.0,0.0
1.77,0,13.55,0.0,0.0
1.77,0,13.49,0.0,0.0
1.77,0,13.32,0.0,0.0
1.77,0,11.29,0.0,0.0
1.77,0,11.2,0.0,0.0
1.77,0,11.98,0.0,0.0
2.36,0,10.85,0.0,0.0
2.36,0,11.57,0.0,0.0
2.36,0,9.26,0.0,0.0
2.36,0,9.0,0.0,0.0
2.36,0,8.67,0.0,0.0
2.36,0,11.2,0.0,0.0
4.77,0,89.27,0.0,0.0
7.16,0,106.73,0.0,0.0
10.74,0,134.5,0.0,0.0
10.74,0,153.0,0.0,0.0
10.74,0,176.16,0.0,0.0
10.74,0,182.01,0.0,0.0
10.74,0,183.89,0.0,0.0
10.74,0,185.64,0.0,0.0
10.74,0,176.55,0.0,0.0
10.74,0,163.23,0.0,0.0
10.74,0,156.05,0.0,0.0
10.74,0,144.37,0.0,0.0
8.35,0,126.53,0.0,0.0
8.35,0,120.69,0.0,0.0
2.36,0,13.14,0.0,0.0
2.36,0,12.41,0.0,0.0
2.36,0,12.13,0.0,0.0
2.36,0,12.24,0.0,0.0
2.36,0,11.78,0.0,0.0
2.36,0,9.54,0.0,0.0
2.36,0,8.1,0.0,0.0
2.36,0,8.39,0.0,0.0
2.36,0,8.04,0.0,0.0
2.36,0,9.72,0.0,0.0
4.77,0,93.85,0.0,0.0
7.16,0,108.98,0.0,0.0
10.74,0,146.17,0.0,0.0
10.74,0,157.42,0.0,0.0
10.74,0,172.33,0.0,0.0
10.74,0,173.98,0.0,0.0
10.74,0,173.93,0.0,0.0
10.74,0,172.16,0.0,0.0
10.74,0,172.2,0.0,0.0
10.74,0,168.16,0.0,0.0
10.74,0,158.99,0.0,0.0
10.74,0,145.74,0.0,0.0
8.35,0,128.41,0.0,0.0
8.35,0,124.29,0.0,0.0
2.36,0,13.68,0.0,0.0
2.36,0,13.41,0.0,0.0
2.36,0,12.25,0.0,0.0
2.36,0,11.77,0.0,0.0
1.77,0,8.17,0.0,0.0
1.77,0,6.3,0.0,0.0
1.77,0,8.65,0.0,0.0
1.77,0,4.72,0.0,0.0
1.77,0,6.79,0.0,0.0
1.77,0,5.67,0.0,0.0
1.77,0,6.52,0.0,0.0
1.77,0,12.48,0.0,0.0
3.58,0,96.46,0.0,0.0
7.16,0,111.36,0.0,0.0
7.16,0,124.65,0.0,0.0
9.55,0,142.77,0.0,0.0
9.55,0,145.17,0.0,0.0
9.55,0,144.6,0.0,0.0
9.55,0,143.83,0.0,0.0
9.55,0,138.48,0.0,0.0
7.16,0,118.84,0.0,0.0
4.77,0,98.79,0.0,0.0
1.77,0,12.28,0.0,0.0
1.77,0,11.29,0.0,0.0
1.77,0,11.91,0.0,0.0
1.77,0,11.65,0.0,0.0
1.77,0,9.7,0.0,0.0
1.77,0,9.79,0.0,0.0
2.36,0,7.57,0.0,0.0
2.36,0,6.44,0.0,0.0
2.36,0,8.44,0.0,0.0
2.36,0,6.13,0.0,0.0
2.36,0,5.45,0.0,0.0
2.36,0,7.96,0.0,0.0
4.77,0,84.03,0.0,0.0
7.16,0,101.77,0.0,0.0
10.74,0,139.87,0.0,0.0
10.74,0,147.45,0.0,0.0
10.74,0,162.38,0.0,0.0
10.74,0,174.09,0.0,0.0
10.74,0,178.45,0.0,0.0
10.74,0,173.34,0.0,0.0
10.74,0,159.98,0.0,0.0
10.74,0,145.5,0.0,0.0
10.74,0,135.51,0.0,0.0
10.74,0,128.35,0.0,0.0
8.35,0,114.24,0.0,0.0
8.35,0,108.58,0.0,0.0
2.36,0,12.11,0.0,0.0
2.36,0,11.06,0.0,0.0
2.36,0,11.58,0.0,0.0
2.36,0,11.38,0.0,0.0
2.36,0,9.36,0.0,0.0
2.36,0,7.6,0.0,0.0
2.36,0,8.46,0.0,0.0
2.36,0,7.52,0.0,0.0
2.36,0,7.55,0.0,0.0
2.36,0,9.58,0.0,0.0
4.77,0,79.74,0.0,0.0
7.16,0,97.59,0.0,0.0
10.74,0,134.44,0.0,0.0
10.74,0,144.02,0.0,0.0
10.74,0,147.24,0.0,0.0
10.74,0,154.66,0.0,0.0
10.74,0,165.94,0.0,0.0
10.74,0,166.82,0.0,0.0
10.74,0,168.76,0.0,0.0
10.74,0,149.29,0.0,0.0
10.74,0,134.19,0.0,0.0
10.74,0,124.08,0.0,0.0
8.35,0,105.64,0.0,0.0
8.35,0,101.76,0.0,0.0
2.36,0,10.35,0.0,0.0
2.36,0,12.41,0.0,0.0
2.36,0,10.49,0.0,0.0
2.36,0,8.24,0.0,0.0
1.77,0,8.72,0.0,0.0
1.77,0,6.12,0.0,0.0
1.77,0,5.4,0.0,0.0
1.77,0,4.1,0.0,0.0
1.77,0,4.17,0.0,0.0
1.77,0,7.45,0.0,0.0
3.58,0,62.43,0.0,0.0
5.97,0,86.78,0.0,0.0
9.55,0,124.96,0.0,0.0
10.74,0,147.44,0.0,0.0
10.74,0,165.48,0.0,0.0
10.74,0,172.37,0.0,0.0
10.74,0,171.66,0.0,0.0
10.74,0,168.62,0.0,0.0
10.74,0,170.45,0.0,0.0
10.74,0,167.31,0.0,0.0
10.74,0,144.89,0.0,0.0
8.35,0,109.89,0.0,0.0
5.97,0,92.65,0.0,0.0
5.97,0,83.27,0.0,0.0
3.58,0,68.35,0.0,0.0
1.77,0,9.37,0.0,0.0
1.77,0,10.95,0.0,0.0
1.77,0,6.24,0.0,0.0
1.77,0,8.61,0.0,0.0
1.77,0,4.18,0.0,0.0
1.77,0,6.14,0.0,0.0
1.77,0,5.95,0.0,0.0
1.77,0,6.77,0.0,0.0
1.77,0,4.21,0.0,0.0
1.77,0,5.82,0.0,0.0
1.77,0,11.21,0.0,0.0
3.58,0,109.91,0.0,0.0
7.16,0,126.82,0.0,0.0
7.16,0,138.6,0.0,0.0
9.55,0,159.52,0.0,0.0
9.55,0,164.7,0.0,0.0
9.55,0,155.67,0.0,0.0
9.55,0,144.82,0.0,0.0
9.55,0,137.06,0.0,0.0
7.16,0,120.92,0.0,0.0
4.77,0,106.9,0.0,0.0
1.77,0,13.48,0.0,0.0
1.77,0,13.04,0.0,0.0
1.77,0,13.69,0.0,0.0
1.77,0,10.57,0.0,0.0
1.77,0,11.73,0.0,0.0
1.77,0,11.7,0.0,0.0
2.36,0,9.98,0.0,0.0
2.36,0,9.76,0.0,0.0
2.36,0,7.55,0.0,0.0
2.36,0,5.2,0.0,0.0
2.36,0,7.87,0.0,0.0
2.36,0,9.06,0.0,0.0
4.77,0,84.64,0.0,0.0
7.16,0,101.63,0.0,0.0
10.74,0,141.34,0.0,0.0
10.74,0,157.27,0.0,0.0
10.74,0,176.01,0.0,0.0
10.74,0,188.62,0.0,0.0
10.74,0,189.95,0.0,0.0
10.74,0,179.13,0.0,0.0
10.74,0,171.23,0.0,0.0
10.74,0,160.47,0.0,0.0
10.74,0,150.89,0.0,0.0
10.74,0,136.4,0.0,0.0
8.35,0,115.54,0.0,0.0
8.35,0,109.96,0.0,0.0
2.36,0,12.35,0.0,0.0
2.36,0,11.63,0.0,0.0
2.36,0,11.42,0.0,0.0
2.36,0,11.57,0.0,0.0
2.36,0,9.82,0.0,0.0
2.36,0,9.75,0.0,0.0
2.36,0,7.26,0.0,0.0
2.36,0,6.75,0.0,0.0
2.36,0,7.42,0.0,0.0
2.36,0,8.74,0.0,0.0
4.77,0,86.74,0.0,0.0
7.16,0,102.55,0.0,0.0
10.74,0,138.84,0.0,0.0
10.74,0,154.4,0.0,0.0
10.74,0,172.95,0.0,0.0
10.74,0,182.27,0.0,0.0
10.74,0,187.17,0.0,0.0
10.74,0,181.44,0.0,0.0
10.74,0,179.88,0.0,0.0
10.74,0,166.52,0.0,0.0
10.74,0,151.92,0.0,0.0
10.74,0,133.06,0.0,0.0
8.35,0,117.07,0.0,0.0
8.35,0,115.26,0.0,0.0
2.36,0,10.2,0.0,0.0
2.36,0,12.73,0.0,0.0
2.36,0,8.41,0.0,0.0
2.36,0,10.5,0.0,0.0
2.36,0,8.75,0.0,0.0
2.36,0,7.73,0.0,0.0
2.36,0,6.06,0.0,0.0
2.36,0,5.57,0.0,0.0
2.36,0,4.85,0.0,0.0
2.36,0,7.65,0.0,0.0
4.77,0,71.92,0.0,0.0
7.16,0,94.45,0.0,0.0
10.74,0,132.21,0.0,0.0
10.74,0,146.73,0.0,0.0
10.74,0,164.58,0.0,0.0
10.74,0,170.18,0.0,0.0
10.74,0,168.5,0.0,0.0
10.74,0,171.33,0.0,0.0
10.74,0,175.5,0.0,0.0
10.74,0,165.57,0.0,0.0
10.74,0,154.9,0.0,0.0
10.74,0,144.97,0.0,0.0
8.35,0,129.33,0.0,0.0
8.35,0,125.16,0.0,0.0
2.36,0,13.68,0.0,0.0
2.36,0,12.98,0.0,0.0
2.36,0,11.95,0.0,0.0
2.36,0,12.45,0.0,0.0
2.36,0,12.69,0.0,0.0
2.36,0,10.23,0.0,0.0
2.36,0,8.85,0.0,0.0
2.36,0,8.48,0.0,0.0
2.36,0,7.47,0.0,0.0
2.36,0,11.1,0.0,0.0
4.77,0,95.25,0.0,0.0
7.16,0,112.65,0.0,0.0
10.74,0,146.66,0.0,0.0
10.74,0,160.02,0.0,0.0
10.74,0,177.52,0.0,0.0
10.74,0,179.14,0.0,0.0
10.74,0,179.26,0.0,0.0
10.74,0,167.91,0.0,0.0
10.74,0,163.27,0.0,0.0
10.74,0,162.33,0.0,0.0
10.74,0,137.22,0.0,0.0
10.74,0,121.46,0.0,0.0
8.35,0,109.54,0.0,0.0
8.35,0,107.99,0.0,0.0
2.36,0,9.87,0.0,0.0
2.36,0,9.24,0.0,0.0
2.36,0,6.48,0.0,0.0
2.36,0,7.59,0.0,0.0
2.36,0,4.4,0.0,0.0
2.36,0,7.0,0.0,0.0
2.36,0,3.96,0.0,0.0
2.36,0,4.63,0.0,0.0
2.36,0,3.98,0.0,0.0
2.36,0,7.81,0.0,0.0
4.77,0,80.63,0.0,0.0
7.16,0,108.42,0.0,0.0
10.74,0,147.31,0.0,0.0
10.74,0,157.88,0.0,0.0
10.74,0,171.28,0.0,0.0
10.74,0,160.68,0.0,0.0
10.74,0,163.75,0.0,0.0
10.74,0,177.96,0.0,0.0
10.74,0,167.64,0.0,0.0
10.74,0,152.38,0.0,0.0
10.74,0,144.02,0.0,0.0
10.74,0,134.24,0.0,0.0
8.35,0,119.12,0.0,0.0
8.35,0,115.33,0.0,0.0
2.36,0,10.94,0.0,0.0
2.36,0,13.33,0.0,0.0
2.36,0,11.24,0.0,0.0
2.36,0,11.03,0.0,0.0
1.77,0,8.6,0.0,0.0
1.77,0,8.55,0.0,0.0
1.77,0,7.9,0.0,0.0
1.77,0,6.78,0.0,0.0
1.77,0,8.58,0.0,0.0
1.77,0,9.17,0.0,0.0
3.58,0,81.77,0.0,0.0
5.97,0,87.03,0.0,0.0
9.55,0,113.4,0.0,0.0
10.74,0,131.72,0.0,0.0
10.74,0,149.07,0.0,0.0
10.74,0,157.46,0.0,0.0
10.74,0,152.58,0.0,0.0
10.74,0,151.92,0.0,0.0
10.74,0,164.7,0.0,0.0
10.74,0,168.52,0.0,0.0
10.74,0,150.02,0.0,0.0
8.35,0,116.79,0.0,0.0
5.97,0,99.5,0.0,0.0
5.97,0,89.95,0.0,0.0
3.58,0,72.57,0.0,0.0
1.77,0,9.75,0.0,0.0
1.77,0,10.32,0.0,0.0
1.77,0,7.49,0.0,0.0
1.77,0,9.16,0.0,0.0
1.77,0,5.23,0.0,0.0
1.77,0,7.5,0.0,0.0
1.77,0,4.67,0.0,0.0
1.77,0,6.37,0.0,0.0
1.77,0,5.59,0.0,0.0
1.77,0,6.02,0.0,0.0
1.77,0,11.36,0.0,0.0
3.58,0,62.16,0.0,0.0
7.16,0,86.88,0.0,0.0
7.16,0,104.36,0.0,0.0
9.55,0,130.22,0.0,0.0
9.55,0,141.66,0.0,0.0
9.55,0,146.61,0.0,0.0
9.55,0,149.18,0.0,0.0
9.55,0,147.41,0.0,0.0
7.16,0,129.98,0.0,0.0
4.77,0,109.63,0.0,0.0
1.77,0,13.11,0.0,0.0
1.77,0,13.26,0.0,0.0
1.77,0,11.76,0.0,0.0
1.77,0,11.61,0.0,0.0
1.77,0,10.32,0.0,0.0
1.77,0,10.51,0.0,0.0
2.36,0,8.98,0.0,0.0
2.36,0,9.21,0.0,0.0
2.36,0,7.32,0.0,0.0
2.36,0,6.95,0.0,0.0
2.36,0,8.08,0.0,0.0
2.36,0,9.63,0.0,0.0
4.77,0,91.77,0.0,0.0
7.16,0,105.45,0.0,0.0
10.74,0,140.19,0.0,0.0
10.74,0,156.61,0.0,0.0
10.74,0,171.94,0.0,0.0
10.74,0,169.62,0.0,0.0
10.74,0,152.94,0.0,0.0
10.74,0,144.9,0.0,0.0
10.74,0,141.73,0.0,0.0
10.74,0,135.39,0.0,0.0
10.74,0,126.91,0.0,0.0
10.74,0,120.08,0.0,0.0
8.35,0,106.92,0.0,0.0
8.35,0,103.73,0.0,0.0
2.36,0,8.39,0.0,0.0
2.36,0,8.93,0.0,0.0
2.36,0,4.64,0.0,0.0
2.36,0,6.55,0.0,0.0
2.36,0,4.13,0.0,0.0
2.36,0,5.31,0.0,0.0
2.36,0,4.25,0.0,0.0
2.36,0,4.69,0.0,0.0
2.36,0,1.99,0.0,0.0
2.36,0,6.99,0.0,0.0
4.77,0,63.53,0.0,0.0
7.16,0,88.22,0.0,0.0
10.74,0,126.39,0.0,0.0
10.74,0,142.78,0.0,0.0
10.74,0,162.18,0.0,0.0
10.74,0,164.07,0.0,0.0
10.74,0,155.54,0.0,0.0
10.74,0,156.9,0.0,0.0
10.74,0,152.74,0.0,0.0
10.74,0,137.49,0.0,0.0
10.74,0,124.68,0.0,0.0
10.74,0,115.68,0.0,0.0
8.35,0,101.19,0.0,0.0
8.35,0,96.73,0.0,0.0
2.36,0,9.63,0.0,0.0
2.36,0,9.88,0.0,0.0
2.36,0,7.2,0.0,0.0
2.36,0,8.34,0.0,0.0
2.36,0,5.6,0.0,0.0
2.36,0,6.35,0.0,0.0
2.36,0,5.84,0.0,0.0
2.36,0,5.88,0.0,0.0
2.36,0,4.76,0.0,0.0
2.36,0,7.49,0.0,0.0
4.77,0,56.84,0.0,0.0
7.16,0,84.07,0.0,0.0
10.74,0,120.8,0.0,0.0
10.74,0,131.94,0.0,0.0
10.74,0,144.03,0.0,0.0
10.74,0,151.23,0.0,0.0
10.74,0,158.87,0.0,0.0
10.74,0,156.94,0.0,0.0
10.74,0,154.28,0.0,0.0
10.74,0,149.97,0.0,0.0
10.74,0,138.62,0.0,0.0
10.74,0,125.87,0.0,0.0
8.35,0,112.53,0.0,0.0
8.35,0,112.57,0.0,0.0
2.36,0,12.3,0.0,0.0
2.36,0,11.0,0.0,0.0
2.36,0,11.08,0.0,0.0
2.36,0,10.69,0.0,0.0
2.36,0,7.82,0.0,0.0
2.36,0,7.16,0.0,0.0
2.36,0,7.48,0.0,0.0
2.36,0,4.33,0.0,0.0
2.36,0,4.79,0.0,0.0
2.36,0,8.45,0.0,0.0
4.77,0,78.86,0.0,0.0
7.16,0,95.02,0.0,0.0
10.74,0,128.8,0.0,0.0
10.74,0,152.22,0.0,0.0
10.74,0,162.62,0.0,0.0
10.74,0,154.85,0.0,0.0
10.74,0,154.54,0.0,0.0
10.74,0,157.64,0.0,0.0
10.74,0,164.88,0.0,0.0
10.74,0,154.59,0.0,0.0
10.74,0,129.3,0.0,0.0
10.74,0,104.55,0.0,0.0
8.35,0,87.42,0.0,0.0
8.35,0,86.53,0.0,0.0
2.36,0,9.4,0.0,0.0
2.36,0,11.81,0.0,0.0
2.36,0,11.14,0.0,0.0
2.36,0,9.0,0.0,0.0
2.36,0,7.95,0.0,0.0
2.36,0,8.39,0.0,0.0
2.36,0,7.84,0.0,0.0
2.36,0,4.62,0.0,0.0
2.36,0,6.79,0.0,0.0
2.36,0,8.26,0.0,0.0
4.77,0,60.18,0.0,0.0
7.16,0,69.82,0.0,0.0
10.74,0,101.31,0.0,0.0
10.74,0,114.59,0.0,0.0
10.74,0,129.62,0.0,0.0
10.74,0,139.32,0.0,0.0
10.74,0,146.19,0.0,0.0
10.74,0,145.51,0.0,0.0
10.74,0,149.8,0.0,0.0
10.74,0,143.24,0.0,0.0
10.74,0,129.67,0.0,0.0
10.74,0,114.73,0.0,0.0
8.35,0,96.36,0.0,0.0
8.35,0,90.35,0.0,0.0
2.36,0,10.96,0.0,0.0
2.36,0,11.1,0.0,0.0
2.36,0,10.24,0.0,0.0
2.36,0,8.31,0.0,0.0
1.77,0,9.01,0.0,0.0
1.77,0,5.78,0.0,0.0
1.77,0,7.13,0.0,0.0
1.77,0,2.86,0.0,0.0
1.77,0,7.57,0.0,0.0
1.77,0,8.14,0.0,0.0
3.58,0,69.4,0.0,0.0
5.97,0,78.73,0.0,0.0
9.55,0,108.15,0.0,0.0
10.74,0,130.33,0.0,0.0
10.74,0,149.1,0.0,0.0
10.74,0,151.93,0.0,0.0
10.74,0,153.72,0.0,0.0
10.74,0,151.67,0.0,0.0
10.74,0,148.09,0.0,0.0
10.74,0,147.72,0.0,0.0
10.74,0,138.08,0.0,0.0
8.35,0,108.49,0.0,0.0
5.97,0,92.14,0.0,0.0
5.97,0,86.39,0.0,0.0
3.58,0,76.11,0.0,0.0
1.77,0,9.09,0.0,0.0
1.77,0,10.88,0.0,0.0
1.77,0,9.95,0.0,0.0
1.77,0,7.6,0.0,0.0
1.77,0,9.46,0.0,0.0
1.77,0,8.16,0.0,0.0
1.77,0,7.03,0.0,0.0
1.77,0,4.62,0.0,0.0
1.77,0,4.93,0.0,0.0
1.77,0,4.03,0.0,0.0
1.77,0,11.18,0.0,0.0
3.58,0,78.22,0.0,0.0
7.16,0,100.52,0.0,0.0
7.16,0,108.87,0.0,0.0
9.55,0,127.94,0.0,0.0
9.55,0,136.01,0.0,0.0
9.55,0,135.5,0.0,0.0
9.55,0,131.56,0.0,0.0
9.55,0,127.19,0.0,0.0
7.16,0,107.67,0.0,0.0
4.77,0,89.07,0.0,0.0
1.77,0,11.72,0.0,0.0
1.77,0,11.39,0.0,0.0
1.77,0,10.43,0.0,0.0
1.77,0,9.98,0.0,0.0
1.77,0,9.21,0.0,0.0
1.77,0,7.13,0.0,0.0
2.36,0,7.67,0.0,0.0
2.36,0,4.88,0.0,0.0
2.36,0,6.68,0.0,0.0
2.36,0,2.45,0.0,0.0
2.36,0,5.98,0.0,0.0
2.36,0,7.58,0.0,0.0
4.77,0,66.94,0.0,0.0
7.16,0,81.17,0.0,0.0
10.74,0,113.65,0.0,0.0
10.74,0,131.25,0.0,0.0
10.74,0,149.95,0.0,0.0
10.74,0,157.2,0.0,0.0
10.74,0,166.22,0.0,0.0
10.74,0,169.79,0.0,0.0
10.74,0,168.34,0.0,0.0
10.74,0,160.4,0.0,0.0
10.74,0,143.4,0.0,0.0
10.74,0,120.29,0.0,0.0
8.35,0,95.76,0.0,0.0
8.35,0,84.02,0.0,0.0
2.36,0,11.91,0.0,0.0
2.36,0,11.37,0.0,0.0
2.36,0,11.48,0.0,0.0
2.36,0,9.38,0.0,0.0
2.36,0,8.9,0.0,0.0
2.36,0,7.25,0.0,0.0
2.36,0,6.21,0.0,0.0
2.36,0,3.92,0.0,0.0
2.36,0,3.2,0.0,0.0
2.36,0,4.31,0.0,0.0
4.77,0,16.3,0.0,0.0
7.16,0,26.28,0.0,0.0
10.74,0,67.23,0.0,0.0
10.74,0,84.69,0.0,0.0
10.74,0,103.21,0.0,0.0
10.74,0,108.23,0.0,0.0
10.74,0,110.18,0.0,0.0
10.74,0,111.26,0.0,0.0
10.74,0,114.12,0.0,0.0
10.74,0,109.91,0.0,0.0
10.74,0,95.66,0.0,0.0
10.74,0,79.99,0.0,0.0
8.35,0,65.76,0.0,0.0
8.35,0,63.86,0.0,0.0
2.36,0,7.74,0.0,0.0
2.36,0,9.51,0.0,0.0
2.36,0,7.79,0.0,0.0
2.36,0,5.23,0.0,0.0
2.36,0,5.92,0.0,0.0
2.36,0,4.06,0.0,0.0
2.36,0,5.33,0.0,0.0
2.36,0,2.67,0.0,0.0
2.36,0,4.25,0.0,0.0
2.36,0,7.28,0.0,0.0
4.77,0,45.13,0.0,0.0
7.16,0,61.53,0.0,0.0
10.74,0,88.97,0.0,0.0
10.74,0,101.38,0.0,0.0
10.74,0,117.79,0.0,0.0
10.74,0,127.08,0.0,0.0
10.74,0,129.72,0.0,0.0
10.74,0,126.11,0.0,0.0
10.74,0,128.94,0.0,0.0
10.74,0,126.59,0.0,0.0
10.74,0,114.26,0.0,0.0
10.74,0,97.6,0.0,0.0
8.35,0,80.81,0.0,0.0
8.35,0,75.92,0.0,0.0
2.36,0,8.35,0.0,0.0
2.36,0,9.93,0.0,0.0
2.36,0,7.53,0.0,0.0
2.36,0,8.82,0.0,0.0
2.36,0,6.59,0.0,0.0
2.36,0,4.82,0.0,0.0
2.36,0,4.43,0.0,0.0
2.36,0,2.18,0.0,0.0
2.36,0,4.54,0.0,0.0
2.36,0,7.24,0.0,0.0
4.77,0,43.74,0.0,0.0
7.16,0,55.13,0.0,0.0
10.74,0,84.32,0.0,0.0
10.74,0,100.84,0.0,0.0
10.74,0,115.88,0.0,0.0
10.74,0,118.19,0.0,0.0
10.74,0,121.59,0.0,0.0
10.74,0,123.4,0.0,0.0
10.74,0,124.04,0.0,0.0
10.74,0,118.1,0.0,0.0
10.74,0,106.99,0.0,0.0
10.74,0,93.78,0.0,0.0
8.35,0,79.15,0.0,0.0
8.35,0,75.5,0.0,0.0
2.36,0,8.14,0.0,0.0
2.36,0,9.4,0.0,0.0
2.36,0,8.09,0.0,0.0
2.36,0,6.67,0.0,0.0
2.36,0,5.54,0.0,0.0
2.36,0,5.07,0.0,0.0
2.36,0,5.2,0.0,0.0
2.36,0,3.83,0.0,0.0
2.36,0,3.34,0.0,0.0
2.36,0,6.52,0.0,0.0
4.77,0,37.67,0.0,0.0
7.16,0,56.02,0.0,0.0
10.74,0,84.08,0.0,0.0
10.74,0,97.5,0.0,0.0
10.74,0,116.11,0.0,0.0
10.74,0,121.7,0.0,0.0
10.74,0,122.14,0.0,0.0
10.74,0,122.6,0.0,0.0
10.74,0,124.08,0.0,0.0
10.74,0,117.74,0.0,0.0
10.74,0,105.81,0.0,0.0
10.74,0,91.61,0.0,0.0
8.35,0,75.46,0.0,0.0
8.35,0,71.21,0.0,0.0
2.36,0,8.09,0.0,0.0
2.36,0,10.47,0.0,0.0
2.36,0,6.72,0.0,0.0
2.36,0,6.63,0.0,0.0
1.77,0,5.78,0.0,0.0
1.77,0,5.11,0.0,0.0
1.77,0,3.63,0.0,0.0
1.77,0,2.99,0.0,0.0
1.77,0,2.95,0.0,0.0
1.77,0,6.07,0.0,0.0
3.58,0,34.65,0.0,0.0
5.97,0,48.32,0.0,0.0
9.55,0,78.06,0.0,0.0
10.74,0,106.25,0.0,0.0
10.74,0,131.1,0.0,0.0
10.74,0,140.92,0.0,0.0
10.74,0,144.01,0.0,0.0
10.74,0,144.74,0.0,0.0
10.74,0,142.74,0.0,0.0
10.74,0,138.49,0.0,0.0
10.74,0,125.99,0.0,0.0
8.35,0,98.77,0.0,0.0
5.97,0,86.04,0.0,0.0
5.97,0,79.82,0.0,0.0
3.58,0,68.19,0.0,0.0
1.77,0,9.07,0.0,0.0
1.77,0,11.0,0.0,0.0
1.77,0,6.63,0.0,0.0
1.77,0,8.79,0.0,0.0
1.77,0,6.67,0.0,0.0
1.77,0,8.23,0.0,0.0
1.77,0,5.33,0.0,0.0
1.77,0,6.83,0.0,0.0
1.77,0,5.75,0.0,0.0
1.77,0,6.25,0.0,0.0
1.77,0,10.56,0.0,0.0
3.58,0,71.2,0.0,0.0
7.16,0,81.84,0.0,0.0
7.16,0,82.35,0.0,0.0
9.55,0,89.87,0.0,0.0
9.55,0,92.09,0.0,0.0
9.55,0,94.79,0.0,0.0
9.55,0,106.84,0.0,0.0
9.55,0,112.22,0.0,0.0
7.16,0,87.72,0.0,0.0
4.77,0,69.36,0.0,0.0
1.77,0,6.07,0.0,0.0
1.77,0,5.76,0.0,0.0
1.77,0,4.58,0.0,0.0
1.77,0,4.74,0.0,0.0
1.77,0,2.25,0.0,0.0
1.77,0,2.74,0.0,0.0
2.36,0,3.59,0.0,0.0
2.36,0,1.99,0.0,0.0
2.36,0,2.66,0.0,0.0
2.36,0,2.62,0.0,0.0
2.36,0,0.95,0.0,0.0
2.36,0,7.07,0.0,0.0
4.77,0,48.18,0.0,0.0
7.16,0,64.19,0.0,0.0
10.74,0,97.79,0.0,0.0
10.74,0,107.91,0.0,0.0
10.74,0,120.92,0.0,0.0
10.74,0,126.46,0.0,0.0
10.74,0,140.55,0.0,0.0
10.74,0,148.07,0.0,0.0
10.74,0,152.4,0.0,0.0
10.74,0,145.31,0.0,0.0
10.74,0,130.36,0.0,0.0
10.74,0,112.0,0.0,0.0
8.35,0,93.46,0.0,0.0
8.35,0,89.51,0.0,0.0
2.36,0,8.88,0.0,0.0
2.36,0,9.95,0.0,0.0
2.36,0,9.82,0.0,0.0
2.36,0,5.26,0.0,0.0
2.36,0,7.23,0.0,0.0
2.36,0,5.23,0.0,0.0
2.36,0,6.59,0.0,0.0
2.36,0,4.21,0.0,0.0
2.36,0,4.68,0.0,0.0
2.36,0,7.57,0.0,0.0
4.77,0,57.27,0.0,0.0
7.16,0,79.59,0.0,0.0
10.74,0,116.06,0.0,0.0
10.74,0,137.29,0.0,0.0
10.74,0,159.06,0.0,0.0
10.74,0,165.84,0.0,0.0
10.74,0,165.99,0.0,0.0
10.74,0,165.92,0.0,0.0
10.74,0,168.64,0.0,0.0
10.74,0,157.84,0.0,0.0
10.74,0,142.93,0.0,0.0
10.74,0,127.34,0.0,0.0
8.35,0,110.19,0.0,0.0
8.35,0,104.39,0.0,0.0
2.36,0,11.52,0.0,0.0
2.36,0,12.64,0.0,0.0
2.36,0,12.09,0.0,0.0
2.36,0,10.22,0.0,0.0
2.36,0,10.83,0.0,0.0
2.36,0,7.37,0.0,0.0
2.36,0,6.87,0.0,0.0
2.36,0,5.05,0.0,0.0
2.36,0,2.74,0.0,0.0
2.36,0,6.9,0.0,0.0
4.77,0,49.88,0.0,0.0
7.16,0,68.18,0.0,0.0
10.74,0,98.02,0.0,0.0
10.74,0,103.72,0.0,0.0
10.74,0,110.99,0.0,0.0
10.74,0,113.42,0.0,0.0
10.74,0,122.88,0.0,0.0
10.74,0,130.4,0.0,0.0
10.74,0,131.81,0.0,0.0
10.74,0,127.05,0.0,0.0
10.74,0,119.81,0.0,0.0
10.74,0,109.37,0.0,0.0
8.35,0,94.46,0.0,0.0
8.35,0,91.94,0.0,0.0
2.36,0,6.78,0.0,0.0
2.36,0,6.98,0.0,0.0
2.36,0,2.69,0.0,0.0
2.36,0,4.77,0.0,0.0
2.36,0,3.61,0.0,0.0
2.36,0,1.86,0.0,0.0
2.36,0,0.82,0.0,0.0
2.36,0,0.75,0.0,0.0
2.36,0,0.79,0.0,0.0
2.36,0,6.33,0.0,0.0
4.77,0,48.96,0.0,0.0
7.16,0,74.8,0.0,0.0
10.74,0,114.73,0.0,0.0
10.74,0,125.0,0.0,0.0
10.74,0,140.37,0.0,0.0
10.74,0,144.02,0.0,0.0
10.74,0,145.67,0.0,0.0
10.74,0,145.82,0.0,0.0
10.74,0,149.0,0.0,0.0
10.74,0,145.19,0.0,0.0
10.74,0,135.41,0.0,0.0
10.74,0,121.8,0.0,0.0
8.35,0,104.67,0.0,0.0
8.35,0,100.82,0.0,0.0
2.36,0,8.92,0.0,0.0
2.36,0,8.94,0.0,0.0
2.36,0,7.51,0.0,0.0
2.36,0,6.21,0.0,0.0
2.36,0,5.83,0.0,0.0
2.36,0,3.71,0.0,0.0
2.36,0,5.01,0.0,0.0
2.36,0,4.91,0.0,0.0
2.36,0,1.42,0.0,0.0
2.36,0,4.5,0.0,0.0
4.77,0,6.72,0.0,0.0
7.16,0,15.88,0.0,0.0
10.74,0,53.05,0.0,0.0
10.74,0,69.65,0.0,0.0
10.74,0,86.13,0.0,0.0
10.74,0,92.07,0.0,0.0
10.74,0,93.48,0.0,0.0
10.74,0,95.09,0.0,0.0
10.74,0,98.64,0.0,0.0
10.74,0,92.63,0.0,0.0
10.74,0,81.6,0.0,0.0
10.74,0,69.74,0.0,0.0
8.35,0,53.87,0.0,0.0
8.35,0,48.96,0.0,0.0
2.36,0,2.32,0.0,0.0
2.36,0,0.89,0.0,0.0
2.36,0,0.55,0.0,0.0
2.36,0,0.0,0.0,0.0
1.77,0,0.0,0.0,0.0
1.77,0,0.0,0.0,0.0
1.77,0,0.0,0.0,0.0
1.77,0,0.0,0.0,0.0
1.77,0,0.0,0.0,0.0
1.77,0,1.3,0.0,0.0
3.58,0,2.64,0.0,0.0
5.97,0,0.0,0.0,0.0
9.55,0,0.0,0.0,0.0
10.74,0,1.01,0.0,0.0
10.74,0,6.87,0.0,0.0
10.74,0,14.4,0.0,0.0
10.74,0,25.69,0.0,0.0
10.74,0,32.4,0.0,0.0
10.74,0,35.3,0.0,0.0
10.74,0,34.69,0.0,0.0
10.74,0,23.16,0.0,0.0
8.35,0,5.32,0.0,0.0
5.97,0,3.04,0.0,0.0
5.97,0,0.0,0.0,0.0
3.58,0,0.0,0.0,0.0
1.77,0,0.0,0.0,0.0
1.77,0,0.0,0.0,0.0
1.77,0,0.0,0.0,0.0
1.77,0,0.0,0.0,0.0
1.77,0,0.0,0.0,0.0
1.77,0,0.0,0.0,0.0
1.77,0,0.0,0.0,0.0
1.77,0,0.0,0.0,0.0
1.77,0,0.0,0.0,0.0
1.77,0,0.0,0.0,0.0
1.77,0,0.25,0.0,0.0
3.58,0,0.14,0.0,0.0
7.16,0,5.79,0.0,0.0
7.16,0,16.65,0.0,0.0
9.55,0,33.43,0.0,0.0
9.55,0,39.68,0.0,0.0
9.55,0,44.65,0.0,0.0
9.55,0,45.48,0.0,0.0
9.55,0,45.8,0.0,0.0
7.16,0,33.11,0.0,0.0
4.77,0,17.58,0.0,0.0
1.77,0,0.67,0.0,0.0
1.77,0,0.55,0.0,0.0
1.77,0,0.0,0.0,0.0
1.77,0,0.0,0.0,0.0
1.77,0,0.0,0.0,0.0
1.77,0,0.0,0.0,0.0
2.36,0,0.0,0.0,0.0
2.36,0,0.0,0.0,0.0
2.36,0,0.0,0.0,0.0
2.36,0,0.0,0.0,0.0
2.36,0,0.0,0.0,0.0
2.36,0,1.49,0.0,0.0
4.77,0,9.12,0.0,0.0
7.16,0,17.57,0.0,0.0
10.74,0,56.38,0.0,0.0
10.74,0,70.46,0.0,0.0
10.74,0,82.7,0.0,0.0
10.74,0,87.36,0.0,0.0
10.74,0,93.48,0.0,0.0
10.74,0,94.68,0.0,0.0
10.74,0,96.76,0.0,0.0
10.74,0,93.55,0.0,0.0
10.74,0,84.56,0.0,0.0
10.74,0,74.53,0.0,0.0
8.35,0,60.23,0.0,0.0
8.35,0,56.53,0.0,0.0
2.36,0,2.39,0.0,0.0
2.36,0,0.97,0.0,0.0
2.36,0,1.36,0.0,0.0
2.36,0,0.72,0.0,0.0
2.36,0,0.61,0.0,0.0
2.36,0,0.0,0.0,0.0
2.36,0,0.0,0.0,0.0
2.36,0,0.0,0.0,0.0
2.36,0,0.0,0.0,0.0
2.36,0,2.21,0.0,0.0
4.77,0,12.68,0.0,0.0
7.16,0,36.76,0.0,0.0
10.74,0,74.6,0.0,0.0
10.74,0,89.22,0.0,0.0
10.74,0,106.87,0.0,0.0
10.74,0,113.87,0.0,0.0
10.74,0,116.95,0.0,0.0
10.74,0,119.04,0.0,0.0
10.74,0,120.78,0.0,0.0
10.74,0,115.6,0.0,0.0
10.74,0,104.0,0.0,0.0
10.74,0,90.21,0.0,0.0
8.35,0,73.53,0.0,0.0
8.35,0,68.51,0.0,0.0
2.36,0,6.05,0.0,0.0
2.36,0,4.75,0.0,0.0
2.36,0,1.85,0.0,0.0
2.36,0,2.07,0.0,0.0
2.36,0,0.7,0.0,0.0
2.36,0,0.63,0.0,0.0
2.36,0,0.0,0.0,0.0
2.36,0,0.0,0.0,0.0
2.36,0,0.0,0.0,0.0
2.36,0,2.48,0.0,0.0
4.77,0,14.47,0.0,0.0
7.16,0,45.81,0.0,0.0
10.74,0,82.9,0.0,0.0
10.74,0,91.95,0.0,0.0
10.74,0,108.2,0.0,0.0
10.74,0,113.25,0.0,0.0
10.74,0,117.68,0.0,0.0
10.74,0,122.2,0.0,0.0
10.74,0,122.43,0.0,0.0
10.74,0,115.04,0.0,0.0
10.74,0,102.72,0.0,0.0
10.74,0,85.84,0.0,0.0
8.35,0,70.22,0.0,0.0
8.35,0,69.94,0.0,0.0
2.36,0,5.75,0.0,0.0
2.36,0,4.39,0.0,0.0
2.36,0,2.2,0.0,0.0
2.36,0,1.36,0.0,0.0
2.36,0,0.71,0.0,0.0
2.36,0,0.63,0.0,0.0
2.36,0,0.0,0.0,0.0
2.36,0,0.0,0.0,0.0
2.36,0,0.0,0.0,0.0
2.36,0,3.7,0.0,0.0
4.77,0,27.74,0.0,0.0
7.16,0,54.92,0.0,0.0
10.74,0,92.59,0.0,0.0
10.74,0,103.13,0.0,0.0
10.74,0,116.46,0.0,0.0
10.74,0,120.25,0.0,0.0
10.74,0,123.19,0.0,0.0
10.74,0,126.27,0.0,0.0
10.74,0,130.23,0.0,0.0
10.74,0,124.76,0.0,0.0
10.74,0,114.4,0.0,0.0
10.74,0,100.06,0.0,0.0
8.35,0,85.24,0.0,0.0
8.35,0,79.52,0.0,0.0
2.36,0,5.66,0.0,0.0
2.36,0,5.59,0.0,0.0
2.36,0,1.7,0.0,0.0
2.36,0,2.22,0.0,0.0
1.77,0,0.67,0.0,0.0
1.77,0,0.0,0.0,0.0
1.77,0,0.0,0.0,0.0
1.77,0,0.0,0.0,0.0
1.77,0,0.0,0.0,0.0
1.77,0,0.0,0.0,0.0
1.77,0,0.0,0.0,0.0
1.77,0,3.41,0.0,0.0
3.58,0,51.34,0.0,0.0
7.16,0,72.02,0.0,0.0
7.16,0,79.27,0.0,0.0
9.55,0,92.02,0.0,0.0
9.55,0,100.28,0.0,0.0
9.55,0,109.7,0.0,0.0
9.55,0,109.3,0.0,0.0
9.55,0,101.63,0.0,0.0
7.16,0,82.92,0.0,0.0
4.77,0,64.48,0.0,0.0
1.77,0,6.96,0.0,0.0
1.77,0,5.51,0.0,0.0
1.77,0,1.91,0.0,0.0
1.77,0,2.73,0.0,0.0
1.77,0,1.81,0.0,0.0
1.77,0,0.72,0.0,0.0
1.77,0,0.69,0.0,0.0
1.77,0,0.62,0.0,0.0
1.77,0,0.0,0.0,0.0
1.77,0,0.0,0.0,0.0
1.77,0,0.0,0.0,0.0
1.77,0,3.13,0.0,0.0
3.58,0,21.03,0.0,0.0
5.97,0,48.03,0.0,0.0
9.55,0,84.78,0.0,0.0
10.74,0,103.8,0.0,0.0
10.74,0,121.86,0.0,0.0
10.74,0,125.13,0.0,0.0
10.74,0,126.22,0.0,0.0
10.74,0,124.9,0.0,0.0
10.74,0,121.25,0.0,0.0
10.74,0,120.21,0.0,0.0
10.74,0,106.56,0.0,0.0
8.35,0,76.37,0.0,0.0
5.97,0,63.35,0.0,0.0
5.97,0,57.34,0.0,0.0
3.58,0,44.38,0.0,0.0
1.77,0,2.3,0.0,0.0
1.77,0,2.93,0.0,0.0
1.77,0,0.81,0.0,0.0
1.77,0,0.74,0.0,0.0
1.77,0,0.7,0.0,0.0
1.77,0,0.61,0.0,0.0
1.77,0,0.0,0.0,0.0
1.77,0,0.0,0.0,0.0
1.77,0,0.0,0.0,0.0
1.77,0,0.0,0.0,0.0
1.77,0,5.43,0.0,0.0
3.58,0,47.55,0.0,0.0
7.16,0,68.67,0.0,0.0
7.16,0,73.64,0.0,0.0
9.55,0,85.95,0.0,0.0
9.55,0,94.24,0.0,0.0
9.55,0,98.03,0.0,0.0
9.55,0,94.9,0.0,0.0
9.55,0,86.83,0.0,0.0
7.16,0,63.33,0.0,0.0
4.77,0,48.94,0.0,0.0
1.77,0,0.87,0.0,0.0
1.77,0,0.81,0.0,0.0
1.77,0,0.78,0.0,0.0
1.77,0,0.68,0.0,0.0
1.77,0,0.0,0.0,0.0
1.77,0,0.0,0.0,0.0
2.36,0,0.0,0.0,0.0
2.36,0,0.0,0.0,0.0
2.36,0,0.0,0.0,0.0
2.36,0,0.0,0.0,0.0
2.36,0,0.0,0.0,0.0
2.36,0,3.43,0.0,0.0
4.77,0,26.85,0.0,0.0
7.16,0,55.14,0.0,0.0
10.74,0,95.55,0.0,0.0
10.74,0,107.77,0.0,0.0
10.74,0,124.61,0.0,0.0
10.74,0,133.31,0.0,0.0
10.74,0,136.42,0.0,0.0
10.74,0,131.19,0.0,0.0
10.74,0,128.04,0.0,0.0
10.74,0,124.35,0.0,0.0
10.74,0,91.13,0.0,0.0
10.74,0,66.88,0.0,0.0
8.35,0,53.6,0.0,0.0
8.35,0,49.06,0.0,0.0
2.36,0,0.81,0.0,0.0
2.36,0,0.67,0.0,0.0
2.36,0,0.0,0.0,0.0
2.36,0,0.0,0.0,0.0
2.36,0,0.0,0.0,0.0
2.36,0,0.0,0.0,0.0
2.36,0,0.0,0.0,0.0
2.36,0,0.0,0.0,0.0
2.36,0,0.0,0.0,0.0
2.36,0,1.45,0.0,0.0
4.77,0,3.64,0.0,0.0
7.16,0,0.0,0.0,0.0
10.74,0,0.06,0.0,0.0
10.74,0,4.09,0.0,0.0
10.74,0,16.85,0.0,0.0
10.74,0,31.06,0.0,0.0
10.74,0,39.48,0.0,0.0
10.74,0,44.92,0.0,0.0
10.74,0,49.32,0.0,0.0
10.74,0,44.17,0.0,0.0
10.74,0,23.3,0.0,0.0
10.74,0,5.24,0.0,0.0
8.35,0,3.55,0.0,0.0
8.35,0,0.0,0.0,0.0
2.36,0,0.0,0.0,0.0
2.36,0,0.0,0.0,0.0
2.36,0,0.0,0.0,0.0
2.36,0,0.0,0.0,0.0
2.36,0,0.0,0.0,0.0
2.36,0,0.0,0.0,0.0
2.36,0,0.0,0.0,0.0
2.36,0,0.0,0.0,0.0
2.36,0,0.0,0.0,0.0
2.36,0,1.06,0.0,0.0
4.77,0,3.71,0.0,0.0
7.16,0,1.29,0.0,0.0
10.74,0,0.25,0.0,0.0
10.74,0,8.8,0.0,0.0
10.74,0,33.16,0.0,0.0
10.74,0,47.41,0.0,0.0
10.74,0,58.94,0.0,0.0
10.74,0,61.87,0.0,0.0
10.74,0,64.74,0.0,0.0
10.74,0,59.01,0.0,0.0
10.74,0,35.68,0.0,0.0
10.74,0,7.03,0.0,0.0
8.35,0,0.32,0.0,0.0
8.35,0,0.28,0.0,0.0
2.36,0,0.09,0.0,0.0
2.36,0,0.0,0.0,0.0
2.36,0,0.0,0.0,0.0
2.36,0,0.0,0.0,0.0
2.36,0,0.0,0.0,0.0
2.36,0,0.0,0.0,0.0
2.36,0,0.0,0.0,0.0
2.36,0,0.0,0.0,0.0
2.36,0,0.0,0.0,0.0
2.36,0,0.98,0.0,0.0
4.77,0,0.45,0.0,0.0
7.16,0,3.41,0.0,0.0
10.74,0,24.55,0.0,0.0
10.74,0,38.75,0.0,0.0
10.74,0,57.67,0.0,0.0
10.74,0,61.96,0.0,0.0
10.74,0,70.4,0.0,0.0
10.74,0,72.49,0.0,0.0
10.74,0,79.14,0.0,0.0
10.74,0,74.7,0.0,0.0
10.74,0,59.92,0.0,0.0
10.74,0,48.14,0.0,0.0
8.35,0,26.64,0.0,0.0
8.35,0,13.7,0.0,0.0
2.36,0,0.93,0.0,0.0
2.36,0,1.72,0.0,0.0
2.36,0,0.22,0.0,0.0
2.36,0,0.29,0.0,0.0
2.36,0,0.0,0.0,0.0
2.36,0,0.0,0.0,0.0
2.36,0,0.0,0.0,0.0
2.36,0,0.0,0.0,0.0
2.36,0,0.0,0.0,0.0
2.36,0,1.23,0.0,0.0
4.77,0,0.56,0.0,0.0
7.16,0,9.1,0.0,0.0
10.74,0,44.35,0.0,0.0
10.74,0,53.76,0.0,0.0
10.74,0,66.09,0.0,0.0
10.74,0,73.09,0.0,0.0
10.74,0,79.83,0.0,0.0
10.74,0,84.05,0.0,0.0
10.74,0,86.33,0.0,0.0
10.74,0,82.61,0.0,0.0
10.74,0,73.44,0.0,0.0
10.74,0,61.28,0.0,0.0
8.35,0,44.69,0.0,0.0
8.35,0,37.11,0.0,0.0
2.36,0,0.95,0.0,0.0
2.36,0,1.34,0.0,0.0
2.36,0,0.61,0.0,0.0
2.36,0,0.0,0.0,0.0
1.77,0,0.0,0.0,0.0
1.77,0,0.0,0.0,0.0
1.77,0,0.0,0.0,0.0
1.77,0,0.0,0.0,0.0
1.77,0,0.0,0.0,0.0
1.77,0,1.36,0.0,0.0
3.58,0,2.12,0.0,0.0
5.97,0,3.77,0.0,0.0
9.55,0,37.71,0.0,0.0
10.74,0,61.52,0.0,0.0
10.74,0,77.8,0.0,0.0
10.74,0,84.03,0.0,0.0
10.74,0,89.86,0.0,0.0
10.74,0,91.69,0.0,0.0
10.74,0,89.67,0.0,0.0
10.74,0,86.54,0.0,0.0
10.74,0,77.26,0.0,0.0
8.35,0,51.87,0.0,0.0
5.97,0,37.88,0.0,0.0
5.97,0,31.57,0.0,0.0
3.58,0,22.65,0.0,0.0
1.77,0,0.8,0.0,0.0
1.77,0,0.78,0.0,0.0
1.77,0,0.71,0.0,0.0
1.77,0,0.51,0.0,0.0
1.77,0,0.0,0.0,0.0
1.77,0,0.0,0.0,0.0
1.77,0,0.0,0.0,0.0
1.77,0,0.0,0.0,0.0
1.77,0,0.0,0.0,0.0
1.77,0,0.0,0.0,0.0
1.77,0,0.0,0.0,0.0
3.58,0,2.98,0.0,0.0
7.16,0,5.19,0.0,0.0
7.16,0,12.03,0.0,0.0
9.55,0,29.56,0.0,0.0
9.55,0,43.09,0.0,0.0
9.55,0,47.91,0.0,0.0
9.55,0,47.5,0.0,0.0
9.55,0,43.85,0.0,0.0
7.16,0,21.87,0.0,0.0
4.77,0,8.32,0.0,0.0
1.77,0,0.45,0.0,0.0
1.77,0,0.32,0.0,0.0
1.77,0,0.0,0.0,0.0
1.77,0,0.0,0.0,0.0
1.77,0,0.0,0.0,0.0
1.77,0,0.0,0.0,0.0
2.36,0,0.0,0.0,0.0
2.36,0,0.0,0.0,0.0
2.36,0,0.0,0.0,0.0
2.36,0,0.0,0.0,0.0
2.36,0,0.0,0.0,0.0
2.36,0,1.19,0.0,0.0
4.77,0,0.55,0.0,0.0
7.16,0,1.74,0.0,0.0
10.74,0,8.05,0.0,0.0
10.74,0,23.53,0.0,0.0
10.74,0,47.12,0.0,0.0
10.74,0,55.67,0.0,0.0
10.74,0,63.63,0.0,0.0
10.74,0,66.85,0.0,0.0
10.74,0,69.72,0.0,0.0
10.74,0,62.38,0.0,0.0
10.74,0,42.72,0.0,0.0
10.74,0,15.75,0.0,0.0
8.35,0,6.34,0.0,0.0
8.35,0,1.9,0.0,0.0
2.36,0,0.25,0.0,0.0
2.36,0,0.0,0.0,0.0
2.36,0,0.0,0.0,0.0
2.36,0,0.0,0.0,0.0
2.36,0,0.0,0.0,0.0
2.36,0,0.0,0.0,0.0
2.36,0,0.0,0.0,0.0
2.36,0,0.0,0.0,0.0
2.36,0,0.0,0.0,0.0
2.36,0,1.16,0.0,0.0
4.77,0,3.05,0.0,0.0
7.16,0,2.28,0.0,0.0
10.74,0,10.49,0.0,0.0
10.74,0,27.19,0.0,0.0
10.74,0,45.09,0.0,0.0
10.74,0,57.19,0.0,0.0
10.74,0,63.82,0.0,0.0
10.74,0,68.19,0.0,0.0
10.74,0,71.87,0.0,0.0
10.74,0,66.3,0.0,0.0
10.74,0,57.2,0.0,0.0
10.74,0,44.31,0.0,0.0
8.35,0,20.95,0.0,0.0
8.35,0,8.93,0.0,0.0
2.36,0,0.43,0.0,0.0
2.36,0,0.28,0.0,0.0
2.36,0,0.08,0.0,0.0
2.36,0,0.0,0.0,0.0
2.36,0,0.0,0.0,0.0
2.36,0,0.0,0.0,0.0
2.36,0,0.0,0.0,0.0
2.36,0,0.0,0.0,0.0
2.36,0,0.0,0.0,0.0
2.36,0,1.36,0.0,0.0
4.77,0,2.01,0.0,0.0
7.16,0,0.56,0.0,0.0
10.74,0,17.15,0.0,0.0
10.74,0,38.67,0.0,0.0
10.74,0,58.14,0.0,0.0
10.74,0,67.81,0.0,0.0
10.74,0,73.21,0.0,0.0
10.74,0,75.75,0.0,0.0
10.74,0,81.32,0.0,0.0
10.74,0,77.64,0.0,0.0
10.74,0,61.09,0.0,0.0
10.74,0,31.15,0.0,0.0
8.35,0,8.27,0.0,0.0
8.35,0,6.12,0.0,0.0
2.36,0,1.19,0.0,0.0
2.36,0,0.93,0.0,0.0
2.36,0,0.32,0.0,0.0
2.36,0,0.2,0.0,0.0
2.36,0,0.0,0.0,0.0
2.36,0,0.0,0.0,0.0
2.36,0,0.0,0.0,0.0
2.36,0,0.0,0.0,0.0
2.36,0,0.0,0.0,0.0
2.36,0,1.12,0.0,0.0
4.77,0,3.33,0.0,0.0
7.16,0,0.0,0.0,0.0
10.74,0,0.4,0.0,0.0
10.74,0,6.51,0.0,0.0
10.74,0,17.61,0.0,0.0
10.74,0,27.09,0.0,0.0
10.74,0,32.5,0.0,0.0
10.74,0,36.6,0.0,0.0
10.74,0,42.08,0.0,0.0
10.74,0,33.36,0.0,0.0
10.74,0,18.29,0.0,0.0
10.74,0,7.38,0.0,0.0
8.35,0,4.02,0.0,0.0
8.35,0,0.23,0.0,0.0
2.36,0,0.13,0.0,0.0
2.36,0,0.0,0.0,0.0
2.36,0,0.0,0.0,0.0
2.36,0,0.0,0.0,0.0
2.36,0,0.0,0.0,0.0
2.36,0,0.0,0.0,0.0
2.36,0,0.0,0.0,0.0
2.36,0,0.0,0.0,0.0
2.36,0,0.0,0.0,0.0
2.36,0,1.05,0.0,0.0
4.77,0,0.48,0.0,0.0
7.16,0,0.52,0.0,0.0
10.74,0,2.35,0.0,0.0
10.74,0,5.96,0.0,0.0
10.74,0,14.13,0.0,0.0
10.74,0,22.7,0.0,0.0
10.74,0,34.47,0.0,0.0
10.74,0,46.13,0.0,0.0
10.74,0,54.34,0.0,0.0
10.74,0,48.43,0.0,0.0
10.74,0,29.27,0.0,0.0
10.74,0,9.07,0.0,0.0
8.35,0,4.49,0.0,0.0
8.35,0,0.64,0.0,0.0
2.36,0,0.2,0.0,0.0
2.36,0,0.0,0.0,0.0
2.36,0,0.0,0.0,0.0
2.36,0,0.0,0.0,0.0
1.77,0,0.0,0.0,0.0
1.77,0,0.0,0.0,0.0
1.77,0,0.0,0.0,0.0
1.77,0,0.0,0.0,0.0
1.77,0,0.0,0.0,0.0
1.77,0,1.05,0.0,0.0
3.58,0,0.38,0.0,0.0
5.97,0,0.29,0.0,0.0
9.55,0,3.93,0.0,0.0
10.74,0,12.1,0.0,0.0
10.74,0,32.59,0.0,0.0
10.74,0,49.9,0.0,0.0
10.74,0,61.95,0.0,0.0
10.74,0,67.31,0.0,0.0
10.74,0,71.92,0.0,0.0
10.74,0,72.84,0.0,0.0
10.74,0,61.46,0.0,0.0
8.35,0,33.15,0.0,0.0
5.97,0,13.69,0.0,0.0
5.97,0,1.63,0.0,0.0
3.58,0,0.39,0.0,0.0
1.77,0,0.0,0.0,0.0
1.77,0,0.0,0.0,0.0
1.77,0,0.0,0.0,0.0
1.77,0,0.0,0.0,0.0
1.77,0,0.0,0.0,0.0
1.77,0,0.0,0.0,0.0
1.77,0,0.0,0.0,0.0
1.77,0,0.0,0.0,0.0
1.77,0,0.0,0.0,0.0
1.77,0,0.0,0.0,0.0
1.77,0,0.4,0.0,0.0
3.58,0,6.4,0.0,0.0
7.16,0,23.65,0.0,0.0
7.16,0,37.66,0.0,0.0
9.55,0,55.23,0.0,0.0
9.55,0,63.41,0.0,0.0
9.55,0,69.98,0.0,0.0
9.55,0,71.88,0.0,0.0
9.55,0,68.74,0.0,0.0
7.16,0,52.09,0.0,0.0
4.77,0,34.07,0.0,0.0
1.77,0,2.84,0.0,0.0
1.77,0,3.97,0.0,0.0
1.77,0,1.2,0.0,0.0
1.77,0,1.33,0.0,0.0
1.77,0,0.57,0.0,0.0
1.77,0,0.0,0.0,0.0
2.36,0,0.0,0.0,0.0
2.36,0,0.0,0.0,0.0
2.36,0,0.0,0.0,0.0
2.36,0,0.0,0.0,0.0
2.36,0,0.0,0.0,0.0
2.36,0,1.29,0.0,0.0
4.77,0,0.65,0.0,0.0
7.16,0,5.1,0.0,0.0
10.74,0,39.35,0.0,0.0
10.74,0,54.73,0.0,0.0
10.74,0,70.64,0.0,0.0
10.74,0,79.15,0.0,0.0
10.74,0,83.4,0.0,0.0
10.74,0,87.4,0.0,0.0
10.74,0,90.01,0.0,0.0
10.74,0,84.91,0.0,0.0
10.74,0,72.52,0.0,0.0
10.74,0,56.84,0.0,0.0
8.35,0,41.64,0.0,0.0
8.35,0,39.06,0.0,0.0
2.36,0,1.07,0.0,0.0
2.36,0,1.99,0.0,0.0
2.36,0,0.65,0.0,0.0
2.36,0,0.0,0.0,0.0
2.36,0,0.0,0.0,0.0
2.36,0,0.0,0.0,0.0
2.36,0,0.0,0.0,0.0
2.36,0,0.0,0.0,0.0
2.36,0,0.0,0.0,0.0
2.36,0,2.04,0.0,0.0
4.77,0,4.17,0.0,0.0
7.16,0,14.96,0.0,0.0
10.74,0,52.85,0.0,0.0
10.74,0,70.6,0.0,0.0
10.74,0,87.07,0.0,0.0
10.74,0,88.61,0.0,0.0
10.74,0,88.07,0.0,0.0
10.74,0,92.42,0.0,0.0
10.74,0,99.47,0.0,0.0
10.74,0,95.38,0.0,0.0
10.74,0,84.36,0.0,0.0
10.74,0,72.63,0.0,0.0
8.35,0,59.92,0.0,0.0
8.35,0,58.29,0.0,0.0
2.36,0,2.31,0.0,0.0
2.36,0,1.47,0.0,0.0
2.36,0,0.75,0.0,0.0
2.36,0,0.72,0.0,0.0
2.36,0,0.6,0.0,0.0
2.36,0,0.0,0.0,0.0
2.36,0,0.0,0.0,0.0
2.36,0,0.0,0.0,0.0
2.36,0,0.0,0.0,0.0
2.36,0,1.59,0.0,0.0
4.77,0,2.26,0.0,0.0
7.16,0,15.12,0.0,0.0
10.74,0,60.37,0.0,0.0
10.74,0,73.75,0.0,0.0
10.74,0,87.96,0.0,0.0
10.74,0,94.87,0.0,0.0
10.74,0,99.0,0.0,0.0
10.74,0,98.4,0.0,0.0
10.74,0,96.68,0.0,0.0
10.74,0,89.27,0.0,0.0
10.74,0,81.19,0.0,0.0
10.74,0,70.2,0.0,0.0
8.35,0,55.93,0.0,0.0
8.35,0,53.08,0.0,0.0
2.36,0,2.96,0.0,0.0
2.36,0,2.65,0.0,0.0
2.36,0,0.77,0.0,0.0
2.36,0,0.44,0.0,0.0
2.36,0,0.0,0.0,0.0
2.36,0,0.0,0.0,0.0
2.36,0,0.0,0.0,0.0
2.36,0,0.0,0.0,0.0
2.36,0,0.0,0.0,0.0
2.36,0,1.26,0.0,0.0
4.77,0,2.5,0.0,0.0
7.16,0,0.24,0.0,0.0
10.74,0,1.64,0.0,0.0
10.74,0,9.49,0.0,0.0
10.74,0,22.86,0.0,0.0
10.74,0,28.52,0.0,0.0
10.74,0,32.34,0.0,0.0
10.74,0,37.39,0.0,0.0
10.74,0,41.58,0.0,0.0
10.74,0,35.8,0.0,0.0
10.74,0,11.6,0.0,0.0
10.74,0,2.08,0.0,0.0
8.35,0,0.25,0.0,0.0
8.35,0,0.0,0.0,0.0
2.36,0,0.0,0.0,0.0
2.36,0,0.0,0.0,0.0
2.36,0,0.0,0.0,0.0
2.36,0,0.0,0.0,0.0
2.36,0,0.0,0.0,0.0
2.36,0,0.0,0.0,0.0
2.36,0,0.0,0.0,0.0
2.36,0,0.0,0.0,0.0
2.36,0,0.0,0.0,0.0
2.36,0,0.96,0.0,0.0
4.77,0,0.23,0.0,0.0
7.16,0,0.44,0.0,0.0
10.74,0,0.27,0.0,0.0
10.74,0,9.07,0.0,0.0
10.74,0,29.55,0.0,0.0
10.74,0,37.72,0.0,0.0
10.74,0,46.26,0.0,0.0
10.74,0,48.11,0.0,0.0
10.74,0,44.89,0.0,0.0
10.74,0,36.38,0.0,0.0
10.74,0,20.79,0.0,0.0
10.74,0,6.99,0.0,0.0
8.35,0,4.1,0.0,0.0
8.35,0,0.26,0.0,0.0
2.36,0,0.0,0.0,0.0
2.36,0,0.0,0.0,0.0
2.36,0,0.0,0.0,0.0
2.36,0,0.0,0.0,0.0
1.77,0,0.0,0.0,0.0
1.77,0,0.0,0.0,0.0
1.77,0,0.0,0.0,0.0
1.77,0,0.0,0.0,0.0
1.77,0,0.2,0.0,0.0
1.77,0,0.64,0.0,0.0
3.58,0,0.0,0.0,0.0
5.97,0,0.1,0.0,0.0
9.55,0,0.0,0.0,0.0
10.74,0,1.62,0.0,0.0
10.74,0,2.43,0.0,0.0
10.74,0,0.26,0.0,0.0
10.74,0,1.86,0.0,0.0
10.74,0,3.81,0.0,0.0
10.74,0,4.54,0.0,0.0
10.74,0,3.01,0.0,0.0
10.74,0,0.24,0.0,0.0
8.35,0,0.0,0.0,0.0
5.97,0,0.0,0.0,0.0
5.97,0,0.0,0.0,0.0
3.58,0,0.0,0.0,0.0
1.77,0,0.0,0.0,0.0
1.77,0,0.0,0.0,0.0
1.77,0,0.0,0.0,0.0
1.77,0,0.0,0.0,0.0
1.77,0,0.0,0.0,0.0
1.77,0,0.0,0.0,0.0
1.77,0,0.0,0.0,0.0
1.77,0,0.0,0.0,0.0
1.77,0,0.0,0.0,0.0
1.77,0,0.3,0.0,0.0
1.77,0,0.0,0.0,0.0
3.58,0,0.2,0.0,0.0
7.16,0,0.3,0.0,0.0
7.16,0,0.96,0.0,0.0
9.55,0,0.99,0.0,0.0
9.55,0,3.65,0.0,0.0
9.55,0,8.31,0.0,0.0
9.55,0,9.05,0.0,0.0
9.55,0,7.29,0.0,0.0
7.16,0,1.43,0.0,0.0
4.77,0,2.54,0.0,0.0
1.77,0,0.0,0.0,0.0
1.77,0,0.0,0.0,0.0
1.77,0,0.0,0.0,0.0
1.77,0,0.0,0.0,0.0
1.77,0,0.0,0.0,0.0
1.77,0,0.0,0.0,0.0
2.36,0,0.0,0.0,0.0
2.36,0,0.0,0.0,0.0
2.36,0,0.0,0.0,0.0
2.36,0,0.0,0.0,0.0
2.36,0,0.0,0.0,0.0
2.36,0,0.24,0.0,0.0
2.36,0,0.67,0.0,0.0
4.77,0,0.01,0.0,0.0
7.16,0,0.67,0.0,0.0
10.74,0,2.16,0.0,0.0
10.74,0,7.48,0.0,0.0
10.74,0,15.48,0.0,0.0
10.74,0,20.68,0.0,0.0
10.74,0,22.49,0.0,0.0
10.74,0,19.76,0.0,0.0
10.74,0,14.89,0.0,0.0
10.74,0,9.63,0.0,0.0
10.74,0,5.2,0.0,0.0
10.74,0,0.37,0.0,0.0
8.35,0,0.39,0.0,0.0
8.35,0,0.0,0.0,0.0
2.36,0,0.0,0.0,0.0
2.36,0,0.0,0.0,0.0
2.36,0,0.0,0.0,0.0
2.36,0,0.0,0.0,0.0
2.36,0,0.0,0.0,0.0
2.36,0,0.0,0.0,0.0
2.36,0,0.0,0.0,0.0
2.36,0,0.0,0.0,0.0
2.36,0,0.0,0.0,0.0
2.36,0,1.25,0.0,0.0
4.77,0,1.24,0.0,0.0
7.16,0,1.49,0.0,0.0
10.74,0,24.0,0.0,0.0
10.74,0,43.64,0.0,0.0
10.74,0,56.97,0.0,0.0
10.74,0,68.51,0.0,0.0
10.74,0,73.48,0.0,0.0
10.74,0,72.75,0.0,0.0
10.74,0,69.74,0.0,0.0
10.74,0,53.92,0.0,0.0
10.74,0,27.39,0.0,0.0
10.74,0,11.84,0.0,0.0
8.35,0,9.51,0.0,0.0
8.35,0,4.67,0.0,0.0
2.36,0,0.7,0.0,0.0
2.36,0,0.64,0.0,0.0
2.36,0,0.56,0.0,0.0
2.36,0,0.0,0.0,0.0
2.36,0,0.0,0.0,0.0
2.36,0,0.0,0.0,0.0
2.36,0,0.0,0.0,0.0
2.36,0,0.0,0.0,0.0
2.36,0,0.0,0.0,0.0
2.36,0,1.98,0.0,0.0
4.77,0,5.14,0.0,0.0
7.16,0,16.33,0.0,0.0
10.74,0,47.74,0.0,0.0
10.74,0,57.64,0.0,0.0
10.74,0,71.89,0.0,0.0
10.74,0,81.27,0.0,0.0
10.74,0,86.26,0.0,0.0
10.74,0,85.0,0.0,0.0
10.74,0,85.22,0.0,0.0
10.74,0,76.95,0.0,0.0
10.74,0,64.56,0.0,0.0
10.74,0,55.53,0.0,0.0
8.35,0,42.14,0.0,0.0
8.35,0,37.58,0.0,0.0
2.36,0,2.08,0.0,0.0
2.36,0,1.39,0.0,0.0
2.36,0,0.71,0.0,0.0
2.36,0,0.6,0.0,0.0
2.36,0,0.0,0.0,0.0
2.36,0,0.0,0.0,0.0
2.36,0,0.0,0.0,0.0
2.36,0,0.0,0.0,0.0
2.36,0,0.0,0.0,0.0
2.36,0,2.07,0.0,0.0
4.77,0,4.5,0.0,0.0
7.16,0,12.27,0.0,0.0
10.74,0,46.46,0.0,0.0
10.74,0,55.57,0.0,0.0
10.74,0,70.42,0.0,0.0
10.74,0,77.33,0.0,0.0
10.74,0,76.12,0.0,0.0
10.74,0,71.01,0.0,0.0
10.74,0,65.07,0.0,0.0
10.74,0,25.66,0.0,0.0
10.74,0,9.58,0.0,0.0
10.74,0,2.32,0.0,0.0
8.35,0,0.32,0.0,0.0
8.35,0,0.0,0.0,0.0
2.36,0,0.0,0.0,0.0
2.36,0,0.0,0.0,0.0
2.36,0,0.0,0.0,0.0
2.36,0,0.0,0.0,0.0
2.36,0,0.0,0.0,0.0
2.36,0,0.0,0.0,0.0
2.36,0,0.0,0.0,0.0
2.36,0,0.0,0.0,0.0
2.36,0,0.0,0.0,0.0
2.36,0,1.04,0.0,0.0
4.77,0,0.0,0.0,0.0
7.16,0,2.28,0.0,0.0
10.74,0,0.0,0.0,0.0
10.74,0,0.05,0.0,0.0
10.74,0,1.26,0.0,0.0
10.74,0,3.71,0.0,0.0
10.74,0,4.8,0.0,0.0
10.74,0,4.48,0.0,0.0
10.74,0,1.65,0.0,0.0
10.74,0,0.28,0.0,0.0
10.74,0,0.28,0.0,0.0
10.74,0,0.0,0.0,0.0
8.35,0,0.0,0.0,0.0
8.35,0,0.0,0.0,0.0
2.36,0,0.0,0.0,0.0
2.36,0,0.0,0.0,0.0
2.36,0,0.0,0.0,0.0
1.77,0,0.0,0.0,0.0
1.77,0,0.0,0.0,0.0
1.77,0,0.0,0.0,0.0
1.77,0,0.0,0.0,0.0
1.77,0,0.0,0.0,0.0
1.77,0,0.0,0.0,0.0
1.77,0,0.88,0.0,0.0
3.58,0,0.08,0.0,0.0
5.97,0,0.11,0.0,0.0
9.55,0,0.35,0.0,0.0
10.74,0,2.68,0.0,0.0
10.74,0,4.2,0.0,0.0
10.74,0,4.9,0.0,0.0
10.74,0,6.37,0.0,0.0
10.74,0,6.32,0.0,0.0
10.74,0,4.88,0.0,0.0
10.74,0,1.27,0.0,0.0
10.74,0,0.28,0.0,0.0
8.35,0,0.0,0.0,0.0
5.97,0,2.38,0.0,0.0
5.97,0,0.0,0.0,0.0
3.58,0,0.0,0.0,0.0
1.77,0,0.0,0.0,0.0
1.77,0,0.0,0.0,0.0
1.77,0,0.0,0.0,0.0
1.77,0,0.0,0.0,0.0
1.77,0,0.0,0.0,0.0
1.77,0,0.0,0.0,0.0
1.77,0,0.0,0.0,0.0
1.77,0,0.0,0.0,0.0
1.77,0,0.0,0.0,0.0
1.77,0,0.12,0.0,0.0
1.77,0,0.0,0.0,0.0
3.58,0,0.56,0.0,0.0
7.16,0,1.49,0.0,0.0
7.16,0,4.0,0.0,0.0
9.55,0,11.05,0.0,0.0
9.55,0,11.75,0.0,0.0
9.55,0,11.56,0.0,0.0
9.55,0,9.24,0.0,0.0
9.55,0,4.97,0.0,0.0
7.16,0,3.13,0.0,0.0
4.77,0,3.8,0.0,0.0
1.77,0,0.0,0.0,0.0
1.77,0,0.0,0.0,0.0
1.77,0,0.0,0.0,0.0
1.77,0,0.0,0.0,0.0
1.77,0,0.0,0.0,0.0
2.36,0,0.0,0.0,0.0
2.36,0,0.0,0.0,0.0
2.36,0,0.0,0.0,0.0
2.36,0,0.0,0.0,0.0
2.36,0,0.0,0.0,0.0
2.36,0,0.12,0.0,0.0
2.36,0,0.93,0.0,0.0
4.77,0,0.0,0.0,0.0
7.16,0,0.28,0.0,0.0
10.74,0,4.54,0.0,0.0
10.74,0,12.27,0.0,0.0
10.74,0,27.75,0.0,0.0
10.74,0,37.58,0.0,0.0
10.74,0,43.2,0.0,0.0
10.74,0,45.33,0.0,0.0
10.74,0,37.61,0.0,0.0
10.74,0,11.4,0.0,0.0
10.74,0,2.26,0.0,0.0
10.74,0,0.34,0.0,0.0
8.35,0,0.43,0.0,0.0
8.35,0,0.0,0.0,0.0
2.36,0,0.0,0.0,0.0
2.36,0,0.0,0.0,0.0
2.36,0,0.0,0.0,0.0
1.77,0,0.0,0.0,0.0
1.77,0,0.0,0.0,0.0
1.77,0,0.0,0.0,0.0
1.77,0,0.0,0.0,0.0
1.77,0,0.0,0.0,0.0
1.77,0,0.0,0.0,0.0
1.77,0,0.0,0.0,0.0
1.77,0,0.0,0.0,0.0
1.77,0,1.35,0.0,0.0
3.58,0,8.0,0.0,0.0
7.16,0,15.95,0.0,0.0
7.16,0,24.81,0.0,0.0
9.55,0,45.37,0.0,0.0
9.55,0,51.29,0.0,0.0
9.55,0,50.91,0.0,0.0
9.55,0,48.08,0.0,0.0
9.55,0,41.1,0.0,0.0
7.16,0,21.66,0.0,0.0
4.77,0,9.51,0.0,0.0
1.77,0,0.37,0.0,0.0
1.77,0,0.0,0.0,0.0
1.77,0,0.0,0.0,0.0
1.77,0,0.0,0.0,0.0
1.77,0,0.0,0.0,0.0
2.36,0,0.0,0.0,0.0
2.36,0,0.0,0.0,0.0
2.36,0,0.0,0.0,0.0
2.36,0,0.0,0.0,0.0
2.36,0,0.0,0.0,0.0
2.36,0,0.0,0.0,0.0
2.36,0,1.39,0.0,0.0
4.77,0,3.62,0.0,0.0
7.16,0,3.1,0.0,0.0
10.74,0,2.31,0.0,0.0
10.74,0,3.25,0.0,0.0
10.74,0,3.2,0.0,0.0
10.74,0,0.0,0.0,0.0
10.74,0,0.0,0.0,0.0
10.74,0,0.0,0.0,0.0
10.74,0,0.0,0.0,0.0
10.74,0,0.0,0.0,0.0
10.74,0,3.75,0.0,0.0
10.74,0,3.76,0.0,0.0
8.35,0,0.0,0.0,0.0
8.35,0,0.0,0.0,0.0
2.36,0,0.0,0.0,0.0
2.36,0,0.0,0.0,0.0
2.36,0,0.0,0.0,0.0
2.36,0,0.0,0.0,0.0
2.36,0,0.0,0.0,0.0
2.36,0,0.0,0.0,0.0
2.36,0,0.0,0.0,0.0
2.36,0,0.0,0.0,0.0
2.36,0,0.31,0.0,0.0
2.36,0,0.69,0.0,0.0
4.77,0,0.0,0.0,0.0
7.16,0,0.0,0.0,0.0
10.74,0,0.0,0.0,0.0
10.74,0,0.1,0.0,0.0
10.74,0,0.28,0.0,0.0
10.74,0,0.0,0.0,0.0
10.74,0,0.0,0.0,0.0
10.74,0,0.17,0.0,0.0
10.74,0,0.34,0.0,0.0
10.74,0,0.33,0.0,0.0
10.74,0,0.2,0.0,0.0
10.74,0,0.0,0.0,0.0
8.35,0,0.0,0.0,0.0
8.35,0,0.0,0.0,0.0
2.36,0,0.0,0.0,0.0
2.36,0,0.0,0.0,0.0
2.36,0,0.0,0.0,0.0
2.36,0,0.0,0.0,0.0
2.36,0,0.0,0.0,0.0
2.36,0,0.0,0.0,0.0
2.36,0,0.0,0.0,0.0
2.36,0,0.0,0.0,0.0
2.36,0,0.3,0.0,0.0
2.36,0,0.59,0.0,0.0
4.77,0,0.0,0.0,0.0
7.16,0,0.0,0.0,0.0
10.74,0,0.19,0.0,0.0
10.74,0,0.28,0.0,0.0
10.74,0,0.28,0.0,0.0
10.74,0,0.0,0.0,0.0
10.74,0,1.77,0.0,0.0
10.74,0,2.76,0.0,0.0
10.74,0,2.76,0.0,0.0
10.74,0,2.76,0.0,0.0
10.74,0,2.53,0.0,0.0
10.74,0,0.0,0.0,0.0
8.35,0,0.0,0.0,0.0
8.35,0,0.0,0.0,0.0
2.36,0,0.0,0.0,0.0
2.36,0,0.0,0.0,0.0
2.36,0,0.0,0.0,0.0
1.77,0,0.0,0.0,0.0
1.77,0,0.0,0.0,0.0
1.77,0,0.0,0.0,0.0
1.77,0,0.0,0.0,0.0
1.77,0,0.0,0.0,0.0
1.77,0,0.29,0.0,0.0
1.77,0,0.6,0.0,0.0
3.58,0,0.45,0.0,0.0
5.97,0,0.1,0.0,0.0
9.55,0,0.0,0.0,0.0
10.74,0,0.17,0.0,0.0
10.74,0,2.77,0.0,0.0
10.74,0,0.0,0.0,0.0
10.74,0,0.0,0.0,0.0
10.74,0,0.0,0.0,0.0
10.74,0,0.0,0.0,0.0
10.74,0,0.0,0.0,0.0
10.74,0,0.0,0.0,0.0
8.35,0,2.82,0.0,0.0
5.97,0,0.0,0.0,0.0
5.97,0,0.0,0.0,0.0
3.58,0,0.0,0.0,0.0
1.77,0,0.0,0.0,0.0
1.77,0,0.0,0.0,0.0
1.77,0,0.0,0.0,0.0
1.77,0,0.0,0.0,0.0
1.77,0,0.0,0.0,0.0
1.77,0,0.0,0.0,0.0
1.77,0,0.0,0.0,0.0
1.77,0,0.0,0.0,0.0
1.77,0,0.0,0.0,0.0
1.77,0,0.52,0.0,0.0
1.77,0,0.26,0.0,0.0
3.58,0,20.49,0.0,0.0
7.16,0,26.1,0.0,0.0
7.16,0,24.82,0.0,0.0
9.55,0,40.38,0.0,0.0
9.55,0,43.65,0.0,0.0
9.55,0,42.87,0.0,0.0
9.55,0,40.51,0.0,0.0
9.55,0,34.71,0.0,0.0
7.16,0,19.37,0.0,0.0
4.77,0,7.6,0.0,0.0
1.77,0,0.64,0.0,0.0
1.77,0,0.22,0.0,0.0
1.77,0,0.0,0.0,0.0
1.77,0,0.0,0.0,0.0
1.77,0,0.0,0.0,0.0
2.36,0,0.0,0.0,0.0
2.36,0,0.0,0.0,0.0
2.36,0,0.0,0.0,0.0
2.36,0,0.0,0.0,0.0
2.36,0,0.0,0.0,0.0
2.36,0,0.43,0.0,0.0
2.36,0,0.0,0.0,0.0
4.77,0,0.0,0.0,0.0
7.16,0,0.0,0.0,0.0
10.74,0,0.21,0.0,0.0
10.74,0,0.67,0.0,0.0
10.74,0,0.65,0.0,0.0
10.74,0,0.0,0.0,0.0
10.74,0,0.0,0.0,0.0
10.74,0,0.0,0.0,0.0
10.74,0,0.0,0.0,0.0
10.74,0,0.0,0.0,0.0
10.74,0,0.0,0.0,0.0
10.74,0,0.0,0.0,0.0
8.35,0,0.0,0.0,0.0
8.35,0,0.0,0.0,0.0
2.36,0,0.0,0.0,0.0
2.36,0,0.0,0.0,0.0
2.36,0,0.0,0.0,0.0
2.36,0,0.0,0.0,0.0
2.36,0,0.0,0.0,0.0
2.36,0,0.0,0.0,0.0
2.36,0,0.0,0.0,0.0
2.36,0,0.0,0.0,0.0
2.36,0,0.28,0.0,0.0
2.36,0,0.59,0.0,0.0
4.77,0,0.24,0.0,0.0
7.16,0,0.0,0.0,0.0
10.74,0,0.19,0.0,0.0
10.74,0,0.28,0.0,0.0
10.74,0,0.28,0.0,0.0
10.74,0,0.0,0.0,0.0
10.74,0,1.93,0.0,0.0
10.74,0,2.76,0.0,0.0
10.74,0,2.76,0.0,0.0
10.74,0,6.17,0.0,0.0
10.74,0,0.23,0.0,0.0
10.74,0,0.0,0.0,0.0
8.35,0,0.0,0.0,0.0
8.35,0,0.0,0.0,0.0
2.36,0,0.0,0.0,0.0
2.36,0,0.0,0.0,0.0
2.36,0,0.0,0.0,0.0
2.36,0,0.0,0.0,0.0
2.36,0,0.0,0.0,0.0
2.36,0,0.0,0.0,0.0
2.36,0,0.0,0.0,0.0
2.36,0,0.0,0.0,0.0
2.36,0,0.29,0.0,0.0
2.36,0,0.59,0.0,0.0
4.77,0,0.36,0.0,0.0
7.16,0,0.1,0.0,0.0
10.74,0,0.0,0.0,0.0
10.74,0,1.79,0.0,0.0
10.74,0,2.76,0.0,0.0
10.74,0,3.29,0.0,0.0
10.74,0,3.9,0.0,0.0
10.74,0,2.97,0.0,0.0
10.74,0,3.04,0.0,0.0
10.74,0,2.25,0.0,0.0
10.74,0,0.62,0.0,0.0
10.74,0,3.02,0.0,0.0
8.35,0,0.0,0.0,0.0
8.35,0,0.0,0.0,0.0
2.36,0,0.0,0.0,0.0
2.36,0,0.0,0.0,0.0
2.36,0,0.0,0.0,0.0
2.36,0,0.0,0.0,0.0
2.36,0,0.0,0.0,0.0
2.36,0,0.0,0.0,0.0
2.36,0,0.0,0.0,0.0
2.36,0,0.0,0.0,0.0
2.36,0,0.3,0.0,0.0
2.36,0,0.66,0.0,0.0
4.77,0,0.33,0.0,0.0
7.16,0,0.33,0.0,0.0
10.74,0,1.09,0.0,0.0
10.74,0,7.6,0.0,0.0
10.74,0,9.75,0.0,0.0
10.74,0,11.97,0.0,0.0
10.74,0,13.02,0.0,0.0
10.74,0,11.19,0.0,0.0
10.74,0,8.47,0.0,0.0
10.74,0,3.16,0.0,0.0
10.74,0,0.0,0.0,0.0
10.74,0,2.62,0.0,0.0
8.35,0,2.74,0.0,0.0
8.35,0,0.0,0.0,0.0
2.36,0,0.0,0.0,0.0
2.36,0,0.0,0.0,0.0
2.36,0,0.0,0.0,0.0
2.36,0,0.0,0.0,0.0
2.36,0,0.0,0.0,0.0
2.36,0,0.0,0.0,0.0
2.36,0,0.0,0.0,0.0
2.36,0,0.0,0.0,0.0
2.36,0,0.25,0.0,0.0
2.36,0,0.97,0.0,0.0
4.77,0,0.0,0.0,0.0
7.16,0,0.0,0.0,0.0
10.74,0,2.61,0.0,0.0
10.74,0,11.77,0.0,0.0
10.74,0,15.69,0.0,0.0
10.74,0,16.43,0.0,0.0
10.74,0,16.12,0.0,0.0
10.74,0,14.69,0.0,0.0
10.74,0,12.14,0.0,0.0
10.74,0,6.2,0.0,0.0
10.74,0,3.72,0.0,0.0
10.74,0,0.0,0.0,0.0
8.35,0,0.0,0.0,0.0
8.35,0,0.0,0.0,0.0
2.36,0,0.0,0.0,0.0
2.36,0,0.0,0.0,0.0
2.36,0,0.0,0.0,0.0
1.77,0,0.0,0.0,0.0
1.77,0,0.0,0.0,0.0
1.77,0,0.0,0.0,0.0
1.77,0,0.0,0.0,0.0
1.77,0,0.0,0.0,0.0
1.77,0,0.14,0.0,0.0
1.77,0,1.06,0.0,0.0
3.58,0,0.25,0.0,0.0
5.97,0,0.0,0.0,0.0
9.55,0,0.99,0.0,0.0
10.74,0,9.58,0.0,0.0
10.74,0,11.23,0.0,0.0
10.74,0,6.84,0.0,0.0
10.74,0,6.38,0.0,0.0
10.74,0,6.54,0.0,0.0
10.74,0,4.13,0.0,0.0
10.74,0,0.7,0.0,0.0
10.74,0,0.46,0.0,0.0
8.35,0,0.0,0.0,0.0
5.97,0,0.0,0.0,0.0
5.97,0,0.0,0.0,0.0
3.58,0,0.0,0.0,0.0
1.77,0,0.0,0.0,0.0
1.77,0,0.0,0.0,0.0
1.77,0,0.0,0.0,0.0
1.77,0,0.0,0.0,0.0
1.77,0,0.0,0.0,0.0
1.77,0,0.0,0.0,0.0
1.77,0,0.0,0.0,0.0
1.77,0,0.0,0.0,0.0
1.77,0,0.0,0.0,0.0
1.77,0,0.0,0.0,0.0
1.77,0,0.0,0.0,0.0
3.58,0,5.5,0.0,0.0
7.16,0,1.46,0.0,0.0
7.16,0,9.49,0.0,0.0
9.55,0,17.47,0.0,0.0
9.55,0,29.14,0.0,0.0
9.55,0,39.27,0.0,0.0
9.55,0,40.79,0.0,0.0
9.55,0,23.62,0.0,0.0
7.16,0,10.58,0.0,0.0
4.77,0,7.15,0.0,0.0
1.77,0,0.56,0.0,0.0
1.77,0,0.22,0.0,0.0
1.77,0,0.0,0.0,0.0
1.77,0,0.0,0.0,0.0
1.77,0,0.0,0.0,0.0
2.36,0,0.0,0.0,0.0
2.36,0,0.0,0.0,0.0
2.36,0,0.0,0.0,0.0
2.36,0,0.0,0.0,0.0
2.36,0,0.0,0.0,0.0
2.36,0,0.0,0.0,0.0
2.36,0,1.53,0.0,0.0
4.77,0,0.92,0.0,0.0
7.16,0,0.36,0.0,0.0
10.74,0,6.58,0.0,0.0
10.74,0,9.4,0.0,0.0
10.74,0,13.88,0.0,0.0
10.74,0,15.92,0.0,0.0
10.74,0,14.92,0.0,0.0
10.74,0,12.51,0.0,0.0
10.74,0,9.19,0.0,0.0
10.74,0,2.33,0.0,0.0
10.74,0,0.0,0.0,0.0
10.74,0,0.0,0.0,0.0
8.35,0,0.0,0.0,0.0
8.35,0,0.0,0.0,0.0
2.36,0,0.0,0.0,0.0
2.36,0,0.0,0.0,0.0
2.36,0,0.0,0.0,0.0
2.36,0,0.0,0.0,0.0
2.36,0,0.0,0.0,0.0
2.36,0,0.0,0.0,0.0
2.36,0,0.0,0.0,0.0
2.36,0,0.0,0.0,0.0
2.36,0,0.0,0.0,0.0
2.36,0,0.96,0.0,0.0
4.77,0,0.09,0.0,0.0
7.16,0,1.22,0.0,0.0
10.74,0,2.9,0.0,0.0
10.74,0,2.88,0.0,0.0
10.74,0,2.87,0.0,0.0
10.74,0,0.0,0.0,0.0
10.74,0,0.0,0.0,0.0
10.74,0,0.0,0.0,0.0
10.74,0,0.0,0.0,0.0
10.74,0,0.0,0.0,0.0
10.74,0,0.0,0.0,0.0
10.74,0,0.0,0.0,0.0
8.35,0,2.75,0.0,0.0
8.35,0,0.0,0.0,0.0
2.36,0,0.0,0.0,0.0
2.36,0,0.0,0.0,0.0
2.36,0,0.0,0.0,0.0
2.36,0,0.0,0.0,0.0
2.36,0,0.0,0.0,0.0
2.36,0,0.0,0.0,0.0
2.36,0,0.0,0.0,0.0
2.36,0,0.0,0.0,0.0
2.36,0,0.32,0.0,0.0
2.36,0,0.0,0.0,0.0
4.77,0,0.5,0.0,0.0
7.16,0,0.19,0.0,0.0
10.74,0,0.22,0.0,0.0
10.74,0,0.04,0.0,0.0
10.74,0,2.44,0.0,0.0
10.74,0,7.56,0.0,0.0
10.74,0,13.07,0.0,0.0
10.74,0,13.14,0.0,0.0
10.74,0,10.7,0.0,0.0
10.74,0,2.74,0.0,0.0
10.74,0,0.29,0.0,0.0
10.74,0,0.0,0.0,0.0
8.35,0,2.18,0.0,0.0
8.35,0,0.0,0.0,0.0
2.36,0,0.0,0.0,0.0
2.36,0,0.0,0.0,0.0
2.36,0,0.0,0.0,0.0
1.77,0,0.0,0.0,0.0
1.77,0,0.0,0.0,0.0
1.77,0,0.0,0.0,0.0
1.77,0,0.0,0.0,0.0
1.77,0,0.0,0.0,0.0
1.77,0,0.0,0.0,0.0
1.77,0,0.0,0.0,0.0
1.77,0,0.0,0.0,0.0
1.77,0,0.0,0.0,0.0
3.58,0,0.19,0.0,0.0
7.16,0,0.28,0.0,0.0
7.16,0,1.29,0.0,0.0
9.55,0,0.4,0.0,0.0
9.55,0,1.98,0.0,0.0
9.55,0,2.49,0.0,0.0
9.55,0,0.59,0.0,0.0
9.55,0,0.0,0.0,0.0
7.16,0,2.42,0.0,0.0
4.77,0,0.0,0.0,0.0
1.77,0,0.0,0.0,0.0
1.77,0,0.0,0.0,0.0
1.77,0,0.0,0.0,0.0
1.77,0,0.0,0.0,0.0
1.77,0,0.0,0.0,0.0
2.36,0,0.0,0.0,0.0
2.36,0,0.0,0.0,0.0
2.36,0,0.0,0.0,0.0
2.36,0,0.0,0.0,0.0
2.36,0,0.0,0.0,0.0
2.36,0,0.32,0.0,0.0
2.36,0,0.0,0.0,0.0
4.77,0,0.0,0.0,0.0
7.16,0,0.0,0.0,0.0
10.74,0,0.17,0.0,0.0
10.74,0,2.87,0.0,0.0
10.74,0,3.27,0.0,0.0
10.74,0,2.64,0.0,0.0
10.74,0,4.68,0.0,0.0
10.74,0,4.45,0.0,0.0
10.74,0,1.53,0.0,0.0
10.74,0,0.21,0.0,0.0
10.74,0,0.0,0.0,0.0
10.74,0,0.0,0.0,0.0
8.35,0,0.0,0.0,0.0
8.35,0,0.0,0.0,0.0
2.36,0,0.0,0.0,0.0
2.36,0,0.0,0.0,0.0
2.36,0,0.0,0.0,0.0
1.77,0,0.0,0.0,0.0
1.77,0,0.0,0.0,0.0
1.77,0,0.0,0.0,0.0
1.77,0,0.0,0.0,0.0
1.77,0,0.0,0.0,0.0
1.77,0,0.32,0.0,0.0
1.77,0,0.74,0.0,0.0
3.58,0,0.17,0.0,0.0
5.97,0,0.99,0.0,0.0
9.55,0,8.5,0.0,0.0
10.74,0,30.68,0.0,0.0
10.74,0,43.68,0.0,0.0
10.74,0,52.41,0.0,0.0
10.74,0,53.77,0.0,0.0
10.74,0,51.16,0.0,0.0
10.74,0,39.88,0.0,0.0
10.74,0,14.07,0.0,0.0
10.74,0,2.27,0.0,0.0
8.35,0,0.0,0.0,0.0
5.97,0,0.0,0.0,0.0
5.97,0,0.0,0.0,0.0
3.58,0,2.53,0.0,0.0
1.77,0,0.0,0.0,0.0
1.77,0,0.0,0.0,0.0
1.77,0,0.0,0.0,0.0
1.77,0,0.0,0.0,0.0
1.77,0,0.0,0.0,0.0
1.77,0,0.0,0.0,0.0
1.77,0,0.0,0.0,0.0
1.77,0,0.0,0.0,0.0
1.77,0,0.0,0.0,0.0
1.77,0,0.0,0.0,0.0
1.77,0,0.7,0.0,0.0
3.58,0,12.77,0.0,0.0
7.16,0,24.02,0.0,0.0
7.16,0,37.55,0.0,0.0
9.55,0,53.32,0.0,0.0
9.55,0,57.29,0.0,0.0
9.55,0,55.93,0.0,0.0
9.55,0,49.96,0.0,0.0
9.55,0,27.2,0.0,0.0
7.16,0,10.07,0.0,0.0
4.77,0,4.07,0.0,0.0
1.77,0,0.22,0.0,0.0
1.77,0,0.0,0.0,0.0
1.77,0,0.08,0.0,0.0
1.77,0,0.0,0.0,0.0
1.77,0,0.0,0.0,0.0
2.36,0,0.0,0.0,0.0
2.36,0,0.0,0.0,0.0
2.36,0,0.0,0.0,0.0
2.36,0,0.0,0.0,0.0
2.36,0,0.0,0.0,0.0
2.36,0,0.0,0.0,0.0
2.36,0,1.32,0.0,0.0
4.77,0,0.0,0.0,0.0
7.16,0,5.88,0.0,0.0
10.74,0,31.0,0.0,0.0
10.74,0,60.34,0.0,0.0
10.74,0,77.09,0.0,0.0
10.74,0,73.65,0.0,0.0
10.74,0,71.4,0.0,0.0
10.74,0,72.79,0.0,0.0
10.74,0,72.28,0.0,0.0
10.74,0,60.87,0.0,0.0
10.74,0,42.47,0.0,0.0
10.74,0,32.76,0.0,0.0
8.35,0,9.5,0.0,0.0
8.35,0,1.06,0.0,0.0
2.36,0,0.41,0.0,0.0
2.36,0,0.1,0.0,0.0
2.36,0,0.0,0.0,0.0
2.36,0,0.0,0.0,0.0
2.36,0,0.0,0.0,0.0
2.36,0,0.0,0.0,0.0
2.36,0,0.0,0.0,0.0
2.36,0,0.0,0.0,0.0
2.36,0,0.0,0.0,0.0
2.36,0,1.41,0.0,0.0
4.77,0,0.37,0.0,0.0
7.16,0,0.36,0.0,0.0
10.74,0,2.23,0.0,0.0
10.74,0,17.15,0.0,0.0
10.74,0,32.01,0.0,0.0
10.74,0,36.13,0.0,0.0
10.74,0,42.81,0.0,0.0
10.74,0,51.63,0.0,0.0
10.74,0,46.63,0.0,0.0
10.74,0,14.55,0.0,0.0
10.74,0,3.38,0.0,0.0
10.74,0,0.47,0.0,0.0
8.35,0,0.39,0.0,0.0
8.35,0,0.0,0.0,0.0
2.36,0,0.0,0.0,0.0
2.36,0,0.0,0.0,0.0
2.36,0,0.0,0.0,0.0
2.36,0,0.0,0.0,0.0
2.36,0,0.0,0.0,0.0
2.36,0,0.0,0.0,0.0
2.36,0,0.0,0.0,0.0
2.36,0,0.0,0.0,0.0
2.36,0,0.0,0.0,0.0
2.36,0,1.18,0.0,0.0
4.77,0,0.69,0.0,0.0
7.16,0,0.79,0.0,0.0
10.74,0,7.81,0.0,0.0
10.74,0,15.95,0.0,0.0
10.74,0,29.01,0.0,0.0
10.74,0,43.06,0.0,0.0
10.74,0,51.17,0.0,0.0
10.74,0,53.57,0.0,0.0
10.74,0,45.49,0.0,0.0
10.74,0,25.06,0.0,0.0
10.74,0,14.97,0.0,0.0
10.74,0,6.97,0.0,0.0
8.35,0,2.25,0.0,0.0
8.35,0,0.4,0.0,0.0
2.36,0,0.22,0.0,0.0
2.36,0,0.0,0.0,0.0
2.36,0,0.0,0.0,0.0
2.36,0,0.0,0.0,0.0
2.36,0,0.0,0.0,0.0
2.36,0,0.0,0.0,0.0
2.36,0,0.0,0.0,0.0
2.36,0,0.0,0.0,0.0
2.36,0,0.0,0.0,0.0
2.36,0,1.46,0.0,0.0
4.77,0,0.71,0.0,0.0
7.16,0,0.41,0.0,0.0
10.74,0,7.62,0.0,0.0
10.74,0,15.39,0.0,0.0
10.74,0,57.24,0.0,0.0
10.74,0,80.31,0.0,0.0
10.74,0,84.32,0.0,0.0
10.74,0,79.74,0.0,0.0
10.74,0,74.75,0.0,0.0
10.74,0,63.72,0.0,0.0
10.74,0,50.79,0.0,0.0
10.74,0,41.39,0.0,0.0
8.35,0,29.29,0.0,0.0
8.35,0,25.25,0.0,0.0
2.36,0,0.97,0.0,0.0
2.36,0,1.35,0.0,0.0
2.36,0,0.6,0.0,0.0
2.36,0,0.0,0.0,0.0
2.36,0,0.0,0.0,0.0
2.36,0,0.0,0.0,0.0
2.36,0,0.0,0.0,0.0
2.36,0,0.0,0.0,0.0
2.36,0,0.0,0.0,0.0
2.36,0,2.01,0.0,0.0
4.77,0,2.5,0.0,0.0
7.16,0,12.96,0.0,0.0
10.74,0,55.54,0.0,0.0
10.74,0,74.13,0.0,0.0
10.74,0,89.05,0.0,0.0
10.74,0,91.38,0.0,0.0
10.74,0,88.61,0.0,0.0
10.74,0,84.02,0.0,0.0
10.74,0,83.31,0.0,0.0
10.74,0,74.39,0.0,0.0
10.74,0,61.25,0.0,0.0
10.74,0,51.83,0.0,0.0
8.35,0,38.08,0.0,0.0
8.35,0,31.04,0.0,0.0
2.36,0,1.11,0.0,0.0
2.36,0,2.0,0.0,0.0
2.36,0,0.64,0.0,0.0
1.77,0,0.0,0.0,0.0
1.77,0,0.0,0.0,0.0
1.77,0,0.0,0.0,0.0
1.77,0,0.0,0.0,0.0
1.77,0,0.0,0.0,0.0
1.77,0,0.0,0.0,0.0
1.77,0,1.42,0.0,0.0
3.58,0,0.42,0.0,0.0
5.97,0,1.51,0.0,0.0
9.55,0,46.3,0.0,0.0
10.74,0,81.33,0.0,0.0
10.74,0,92.14,0.0,0.0
10.74,0,90.68,0.0,0.0
10.74,0,88.21,0.0,0.0
10.74,0,84.24,0.0,0.0
10.74,0,83.4,0.0,0.0
10.74,0,77.34,0.0,0.0
10.74,0,60.92,0.0,0.0
8.35,0,30.35,0.0,0.0
5.97,0,7.48,0.0,0.0
5.97,0,0.36,0.0,0.0
3.58,0,2.47,0.0,0.0
1.77,0,0.0,0.0,0.0
1.77,0,0.0,0.0,0.0
1.77,0,0.0,0.0,0.0
1.77,0,0.0,0.0,0.0
1.77,0,0.0,0.0,0.0
1.77,0,0.0,0.0,0.0
1.77,0,0.0,0.0,0.0
1.77,0,0.0,0.0,0.0
1.77,0,0.0,0.0,0.0
1.77,0,0.0,0.0,0.0
1.77,0,0.0,0.0,0.0
3.58,0,0.22,0.0,0.0
7.16,0,5.38,0.0,0.0
7.16,0,3.59,0.0,0.0
9.55,0,0.0,0.0,0.0
9.55,0,0.0,0.0,0.0
9.55,0,0.0,0.0,0.0
9.55,0,0.0,0.0,0.0
9.55,0,0.0,0.0,0.0
7.16,0,0.0,0.0,0.0
4.77,0,0.0,0.0,0.0
1.77,0,0.0,0.0,0.0
1.77,0,0.0,0.0,0.0
1.77,0,0.0,0.0,0.0
1.77,0,0.0,0.0,0.0
1.77,0,0.0,0.0,0.0
2.36,0,0.0,0.0,0.0
2.36,0,0.0,0.0,0.0
2.36,0,0.0,0.0,0.0
2.36,0,0.0,0.0,0.0
2.36,0,0.0,0.0,0.0
2.36,0,0.37,0.0,0.0
2.36,0,0.0,0.0,0.0
4.77,0,0.0,0.0,0.0
7.16,0,0.13,0.0,0.0
10.74,0,0.65,0.0,0.0
10.74,0,3.09,0.0,0.0
10.74,0,7.07,0.0,0.0
10.74,0,11.53,0.0,0.0
10.74,0,13.66,0.0,0.0
10.74,0,13.73,0.0,0.0
10.74,0,11.49,0.0,0.0
10.74,0,4.94,0.0,0.0
10.74,0,0.31,0.0,0.0
10.74,0,0.0,0.0,0.0
8.35,0,2.85,0.0,0.0
8.35,0,2.31,0.0,0.0
2.36,0,0.0,0.0,0.0
2.36,0,0.0,0.0,0.0
2.36,0,0.0,0.0,0.0
2.36,0,0.0,0.0,0.0
2.36,0,0.0,0.0,0.0
2.36,0,0.0,0.0,0.0
2.36,0,0.0,0.0,0.0
2.36,0,0.0,0.0,0.0
2.36,0,0.33,0.0,0.0
2.36,0,0.0,0.0,0.0
4.77,0,0.0,0.0,0.0
7.16,0,0.0,0.0,0.0
10.74,0,0.0,0.0,0.0
10.74,0,1.2,0.0,0.0
10.74,0,6.13,0.0,0.0
10.74,0,9.75,0.0,0.0
10.74,0,14.61,0.0,0.0
10.74,0,15.95,0.0,0.0
10.74,0,13.17,0.0,0.0
10.74,0,6.73,0.0,0.0
10.74,0,0.05,0.0,0.0
10.74,0,0.0,0.0,0.0
8.35,0,2.4,0.0,0.0
8.35,0,2.74,0.0,0.0
2.36,0,0.0,0.0,0.0
2.36,0,0.0,0.0,0.0
2.36,0,0.0,0.0,0.0
2.36,0,0.0,0.0,0.0
2.36,0,0.0,0.0,0.0
2.36,0,0.0,0.0,0.0
2.36,0,0.0,0.0,0.0
2.36,0,0.0,0.0,0.0
2.36,0,0.25,0.0,0.0
2.36,0,0.73,0.0,0.0
4.77,0,0.0,0.0,0.0
7.16,0,0.0,0.0,0.0
10.74,0,0.34,0.0,0.0
10.74,0,1.21,0.0,0.0
10.74,0,2.94,0.0,0.0
10.74,0,0.35,0.0,0.0
10.74,0,0.83,0.0,0.0
10.74,0,0.9,0.0,0.0
10.74,0,0.61,0.0,0.0
10.74,0,0.62,0.0,0.0
10.74,0,0.62,0.0,0.0
10.74,0,0.0,0.0,0.0
8.35,0,0.0,0.0,0.0
8.35,0,0.0,0.0,0.0
2.36,0,0.0,0.0,0.0
2.36,0,0.0,0.0,0.0
2.36,0,0.0,0.0,0.0
2.36,0,0.0,0.0,0.0
2.36,0,0.0,0.0,0.0
2.36,0,0.0,0.0,0.0
2.36,0,0.0,0.0,0.0
2.36,0,0.0,0.0,0.0
2.36,0,0.24,0.0,0.0
2.36,0,0.65,0.0,0.0
4.77,0,0.0,0.0,0.0
7.16,0,0.0,0.0,0.0
10.74,0,0.0,0.0,0.0
10.74,0,2.62,0.0,0.0
10.74,0,2.82,0.0,0.0
10.74,0,1.22,0.0,0.0
10.74,0,1.24,0.0,0.0
10.74,0,0.44,0.0,0.0
10.74,0,0.29,0.0,0.0
10.74,0,0.29,0.0,0.0
10.74,0,0.3,0.0,0.0
10.74,0,0.0,0.0,0.0
8.35,0,0.0,0.0,0.0
8.35,0,0.0,0.0,0.0
2.36,0,0.0,0.0,0.0
2.36,0,0.0,0.0,0.0
2.36,0,0.0,0.0,0.0
2.36,0,0.0,0.0,0.0
2.36,0,0.0,0.0,0.0
2.36,0,0.0,0.0,0.0
2.36,0,0.0,0.0,0.0
2.36,0,0.0,0.0,0.0
2.36,0,0.24,0.0,0.0
2.36,0,0.7,0.0,0.0
4.77,0,0.14,0.0,0.0
7.16,0,0.13,0.0,0.0
10.74,0,0.05,0.0,0.0
10.74,0,0.9,0.0,0.0
10.74,0,4.2,0.0,0.0
10.74,0,5.87,0.0,0.0
10.74,0,6.01,0.0,0.0
10.74,0,4.76,0.0,0.0
10.74,0,3.43,0.0,0.0
10.74,0,0.7,0.0,0.0
10.74,0,0.0,0.0,0.0
10.74,0,0.0,0.0,0.0
8.35,0,2.82,0.0,0.0
8.35,0,3.23,0.0,0.0
2.36,0,0.0,0.0,0.0
2.36,0,0.0,0.0,0.0
2.36,0,0.0,0.0,0.0
1.77,0,0.0,0.0,0.0
1.77,0,0.0,0.0,0.0
1.77,0,0.0,0.0,0.0
1.77,0,0.0,0.0,0.0
1.77,0,0.0,0.0,0.0
1.77,0,0.2,0.0,0.0
1.77,0,0.0,0.0,0.0
3.58,0,0.0,0.0,0.0
5.97,0,0.0,0.0,0.0
9.55,0,0.12,0.0,0.0
10.74,0,5.89,0.0,0.0
10.74,0,11.95,0.0,0.0
10.74,0,13.44,0.0,0.0
10.74,0,13.88,0.0,0.0
10.74,0,17.43,0.0,0.0
10.74,0,16.37,0.0,0.0
10.74,0,11.55,0.0,0.0
10.74,0,0.99,0.0,0.0
8.35,0,0.0,0.0,0.0
5.97,0,2.53,0.0,0.0
5.97,0,0.0,0.0,0.0
3.58,0,2.38,0.0,0.0
1.77,0,0.0,0.0,0.0
1.77,0,0.0,0.0,0.0
1.77,0,0.0,0.0,0.0
1.77,0,0.0,0.0,0.0
1.77,0,0.0,0.0,0.0
1.77,0,0.0,0.0,0.0
1.77,0,0.0,0.0,0.0
1.77,0,0.0,0.0,0.0
1.77,0,0.0,0.0,0.0
1.77,0,0.0,0.0,0.0
1.77,0,0.11,0.0,0.0
3.58,0,0.0,0.0,0.0
7.16,0,3.09,0.0,0.0
7.16,0,10.27,0.0,0.0
9.55,0,16.68,0.0,0.0
9.55,0,18.11,0.0,0.0
9.55,0,17.2,0.0,0.0
9.55,0,13.3,0.0,0.0
9.55,0,5.98,0.0,0.0
7.16,0,2.52,0.0,0.0
4.77,0,4.42,0.0,0.0
1.77,0,0.0,0.0,0.0
1.77,0,0.0,0.0,0.0
1.77,0,0.0,0.0,0.0
1.77,0,0.0,0.0,0.0
1.77,0,0.0,0.0,0.0
2.36,0,0.0,0.0,0.0
2.36,0,0.0,0.0,0.0
2.36,0,0.0,0.0,0.0
2.36,0,0.0,0.0,0.0
2.36,0,0.0,0.0,0.0
2.36,0,0.14,0.0,0.0
2.36,0,1.08,0.0,0.0
4.77,0,0.12,0.0,0.0
7.16,0,0.51,0.0,0.0
10.74,0,7.73,0.0,0.0
10.74,0,27.22,0.0,0.0
10.74,0,48.57,0.0,0.0
10.74,0,66.09,0.0,0.0
10.74,0,76.06,0.0,0.0
10.74,0,74.4,0.0,0.0
10.74,0,70.76,0.0,0.0
10.74,0,57.63,0.0,0.0
10.74,0,39.64,0.0,0.0
10.74,0,31.24,0.0,0.0
8.35,0,15.84,0.0,0.0
8.35,0,3.49,0.0,0.0
2.36,0,0.25,0.0,0.0
2.36,0,0.09,0.0,0.0
2.36,0,0.0,0.0,0.0
2.36,0,0.0,0.0,0.0
2.36,0,0.0,0.0,0.0
2.36,0,0.0,0.0,0.0
2.36,0,0.0,0.0,0.0
2.36,0,0.0,0.0,0.0
2.36,0,0.0,0.0,0.0
2.36,0,1.41,0.0,0.0
4.77,0,2.78,0.0,0.0
7.16,0,0.0,0.0,0.0
10.74,0,1.94,0.0,0.0
10.74,0,6.82,0.0,0.0
10.74,0,11.09,0.0,0.0
10.74,0,13.33,0.0,0.0
10.74,0,14.38,0.0,0.0
10.74,0,14.14,0.0,0.0
10.74,0,11.27,0.0,0.0
10.74,0,5.13,0.0,0.0
10.74,0,0.29,0.0,0.0
10.74,0,0.0,0.0,0.0
8.35,0,0.0,0.0,0.0
8.35,0,0.0,0.0,0.0
2.36,0,0.0,0.0,0.0
2.36,0,0.0,0.0,0.0
2.36,0,0.0,0.0,0.0
2.36,0,0.0,0.0,0.0
2.36,0,0.0,0.0,0.0
2.36,0,0.0,0.0,0.0
2.36,0,0.0,0.0,0.0
2.36,0,0.0,0.0,0.0
2.36,0,0.11,0.0,0.0
2.36,0,0.87,0.0,0.0
4.77,0,0.0,0.0,0.0
7.16,0,0.0,0.0,0.0
10.74,0,1.8,0.0,0.0
10.74,0,2.75,0.0,0.0
10.74,0,2.99,0.0,0.0
10.74,0,0.85,0.0,0.0
10.74,0,2.25,0.0,0.0
10.74,0,1.08,0.0,0.0
10.74,0,0.31,0.0,0.0
10.74,0,0.31,0.0,0.0
10.74,0,0.31,0.0,0.0
10.74,0,0.0,0.0,0.0
8.35,0,0.0,0.0,0.0
8.35,0,0.0,0.0,0.0
2.36,0,0.0,0.0,0.0
2.36,0,0.0,0.0,0.0
2.36,0,0.0,0.0,0.0
2.36,0,0.0,0.0,0.0
2.36,0,0.0,0.0,0.0
2.36,0,0.0,0.0,0.0
2.36,0,0.0,0.0,0.0
2.36,0,0.0,0.0,0.0
2.36,0,0.31,0.0,0.0
2.36,0,0.0,0.0,0.0
4.77,0,0.2,0.0,0.0
7.16,0,0.39,0.0,0.0
10.74,0,0.75,0.0,0.0
10.74,0,7.38,0.0,0.0
10.74,0,11.61,0.0,0.0
10.74,0,13.66,0.0,0.0
10.74,0,14.64,0.0,0.0
10.74,0,13.44,0.0,0.0
10.74,0,10.43,0.0,0.0
10.74,0,5.27,0.0,0.0
10.74,0,3.87,0.0,0.0
10.74,0,0.0,0.0,0.0
8.35,0,2.92,0.0,0.0
8.35,0,0.0,0.0,0.0
2.36,0,0.0,0.0,0.0
2.36,0,0.0,0.0,0.0
2.36,0,0.0,0.0,0.0
2.36,0,0.0,0.0,0.0
2.36,0,0.0,0.0,0.0
2.36,0,0.0,0.0,0.0
2.36,0,0.0,0.0,0.0
2.36,0,0.0,0.0,0.0
2.36,0,0.0,0.0,0.0
2.36,0,1.25,0.0,0.0
4.77,0,0.11,0.0,0.0
7.16,0,2.69,0.0,0.0
10.74,0,4.73,0.0,0.0
10.74,0,3.85,0.0,0.0
10.74,0,3.84,0.0,0.0
10.74,0,0.0,0.0,0.0
10.74,0,0.0,0.0,0.0
10.74,0,0.0,0.0,0.0
10.74,0,0.0,0.0,0.0
10.74,0,0.0,0.0,0.0
10.74,0,0.0,0.0,0.0
10.74,0,4.42,0.0,0.0
8.35,0,0.0,0.0,0.0
8.35,0,0.0,0.0,0.0
2.36,0,0.0,0.0,0.0
2.36,0,0.0,0.0,0.0
2.36,0,0.0,0.0,0.0
1.77,0,0.0,0.0,0.0
1.77,0,0.0,0.0,0.0
1.77,0,0.0,0.0,0.0
1.77,0,0.0,0.0,0.0
1.77,0,0.0,0.0,0.0
1.77,0,0.37,0.0,0.0
1.77,0,0.77,0.0,0.0
3.58,0,0.0,0.0,0.0
5.97,0,0.0,0.0,0.0
9.55,0,0.23,0.0,0.0
10.74,0,0.75,0.0,0.0
10.74,0,2.9,0.0,0.0
10.74,0,0.0,0.0,0.0
10.74,0,0.0,0.0,0.0
10.74,0,0.0,0.0,0.0
10.74,0,0.0,0.0,0.0
10.74,0,0.0,0.0,0.0
10.74,0,0.0,0.0,0.0
8.35,0,0.0,0.0,0.0
5.97,0,0.0,0.0,0.0
5.97,0,0.0,0.0,0.0
3.58,0,0.0,0.0,0.0
1.77,0,0.0,0.0,0.0
1.77,0,0.0,0.0,0.0
1.77,0,0.0,0.0,0.0
1.77,0,0.0,0.0,0.0
1.77,0,0.0,0.0,0.0
1.77,0,0.0,0.0,0.0
1.77,0,0.0,0.0,0.0
1.77,0,0.0,0.0,0.0
1.77,0,0.0,0.0,0.0
1.77,0,0.39,0.0,0.0
1.77,0,0.0,0.0,0.0
3.58,0,0.0,0.0,0.0
7.16,0,0.23,0.0,0.0
7.16,0,0.33,0.0,0.0
9.55,0,0.0,0.0,0.0
9.55,0,0.0,0.0,0.0
9.55,0,0.0,0.0,0.0
9.55,0,0.0,0.0,0.0
9.55,0,0.0,0.0,0.0
7.16,0,2.93,0.0,0.0
4.77,0,0.62,0.0,0.0
1.77,0,0.0,0.0,0.0
1.77,0,0.0,0.0,0.0
1.77,0,0.0,0.0,0.0
1.77,0,0.0,0.0,0.0
1.77,0,0.0,0.0,0.0
2.36,0,0.0,0.0,0.0
2.36,0,0.0,0.0,0.0
2.36,0,0.0,0.0,0.0
2.36,0,0.0,0.0,0.0
2.36,0,0.0,0.0,0.0
2.36,0,0.69,0.0,0.0
2.36,0,0.0,0.0,0.0
4.77,0,0.0,0.0,0.0
7.16,0,1.0,0.0,0.0
10.74,0,2.3,0.0,0.0
10.74,0,24.14,0.0,0.0
10.74,0,50.21,0.0,0.0
10.74,0,67.83,0.0,0.0
10.74,0,76.61,0.0,0.0
10.74,0,76.97,0.0,0.0
10.74,0,75.03,0.0,0.0
10.74,0,64.08,0.0,0.0
10.74,0,45.2,0.0,0.0
10.74,0,34.09,0.0,0.0
8.35,0,23.46,0.0,0.0
8.35,0,22.91,0.0,0.0
2.36,0,0.83,0.0,0.0
2.36,0,0.68,0.0,0.0
2.36,0,0.0,0.0,0.0
2.36,0,0.0,0.0,0.0
2.36,0,0.0,0.0,0.0
2.36,0,0.0,0.0,0.0
2.36,0,0.0,0.0,0.0
2.36,0,0.0,0.0,0.0
2.36,0,0.0,0.0,0.0
2.36,0,1.66,0.0,0.0
4.77,0,0.02,0.0,0.0
7.16,0,5.96,0.0,0.0
10.74,0,41.76,0.0,0.0
10.74,0,50.21,0.0,0.0
10.74,0,63.71,0.0,0.0
10.74,0,78.19,0.0,0.0
10.74,0,91.33,0.0,0.0
10.74,0,93.3,0.0,0.0
10.74,0,90.05,0.0,0.0
10.74,0,67.34,0.0,0.0
10.74,0,10.54,0.0,0.0
10.74,0,0.0,0.0,0.0
8.35,0,0.0,0.0,0.0
8.35,0,0.0,0.0,0.0
2.36,0,0.0,0.0,0.0
2.36,0,0.0,0.0,0.0
2.36,0,0.0,0.0,0.0
2.36,0,0.0,0.0,0.0
2.36,0,0.0,0.0,0.0
2.36,0,0.0,0.0,0.0
2.36,0,0.0,0.0,0.0
2.36,0,0.0,0.0,0.0
2.36,0,0.44,0.0,0.0
2.36,0,1.0,0.0,0.0
4.77,0,0.0,0.0,0.0
7.16,0,0.0,0.0,0.0
10.74,0,1.95,0.0,0.0
10.74,0,2.81,0.0,0.0
10.74,0,2.97,0.0,0.0
10.74,0,0.41,0.0,0.0
10.74,0,0.35,0.0,0.0
10.74,0,0.29,0.0,0.0
10.74,0,0.29,0.0,0.0
10.74,0,0.0,0.0,0.0
10.74,0,3.32,0.0,0.0
10.74,0,3.31,0.0,0.0
8.35,0,0.0,0.0,0.0
8.35,0,0.0,0.0,0.0
2.36,0,0.0,0.0,0.0
2.36,0,0.0,0.0,0.0
2.36,0,0.0,0.0,0.0
1.77,0,0.0,0.0,0.0
1.77,0,0.0,0.0,0.0
1.77,0,0.0,0.0,0.0
1.77,0,0.0,0.0,0.0
1.77,0,0.0,0.0,0.0
1.77,0,0.0,0.0,0.0
1.77,0,0.0,0.0,0.0
1.77,0,0.0,0.0,0.0
1.77,0,0.0,0.0,0.0
3.58,0,0.88,0.0,0.0
7.16,0,0.28,0.0,0.0
7.16,0,0.28,0.0,0.0
9.55,0,0.0,0.0,0.0
9.55,0,0.0,0.0,0.0
9.55,0,0.0,0.0,0.0
9.55,0,0.0,0.0,0.0
9.55,0,0.0,0.0,0.0
7.16,0,0.0,0.0,0.0
4.77,0,0.0,0.0,0.0
1.77,0,0.0,0.0,0.0
1.77,0,0.0,0.0,0.0
1.77,0,0.0,0.0,0.0
1.77,0,0.0,0.0,0.0
1.77,0,0.0,0.0,0.0
2.36,0,0.0,0.0,0.0
2.36,0,0.0,0.0,0.0
2.36,0,0.0,0.0,0.0
2.36,0,0.0,0.0,0.0
2.36,0,0.0,0.0,0.0
2.36,0,0.34,0.0,0.0
2.36,0,0.0,0.0,0.0
4.77,0,0.41,0.0,0.0
7.16,0,0.15,0.0,0.0
10.74,0,0.47,0.0,0.0
10.74,0,4.16,0.0,0.0
10.74,0,10.08,0.0,0.0
10.74,0,8.74,0.0,0.0
10.74,0,8.02,0.0,0.0
10.74,0,6.36,0.0,0.0
10.74,0,4.63,0.0,0.0
10.74,0,1.11,0.0,0.0
10.74,0,0.38,0.0,0.0
10.74,0,0.0,0.0,0.0
8.35,0,0.0,0.0,0.0
8.35,0,0.0,0.0,0.0
2.36,0,0.0,0.0,0.0
2.36,0,0.0,0.0,0.0
2.36,0,0.0,0.0,0.0
1.77,0,0.0,0.0,0.0
1.77,0,0.0,0.0,0.0
1.77,0,0.0,0.0,0.0
1.77,0,0.0,0.0,0.0
1.77,0,0.0,0.0,0.0
1.77,0,0.0,0.0,0.0
1.77,0,1.49,0.0,0.0
3.58,0,0.84,0.0,0.0
5.97,0,1.04,0.0,0.0
9.55,0,2.68,0.0,0.0
10.74,0,6.59,0.0,0.0
10.74,0,14.64,0.0,0.0
10.74,0,18.64,0.0,0.0
10.74,0,21.47,0.0,0.0
10.74,0,27.61,0.0,0.0
10.74,0,26.27,0.0,0.0
10.74,0,19.36,0.0,0.0
10.74,0,15.68,0.0,0.0
8.35,0,11.4,0.0,0.0
5.97,0,9.26,0.0,0.0
5.97,0,2.02,0.0,0.0
3.58,0,0.63,0.0,0.0
1.77,0,0.0,0.0,0.0
1.77,0,0.0,0.0,0.0
1.77,0,0.0,0.0,0.0
1.77,0,0.0,0.0,0.0
1.77,0,0.0,0.0,0.0
1.77,0,0.0,0.0,0.0
1.77,0,0.0,0.0,0.0
1.77,0,0.0,0.0,0.0
1.77,0,0.0,0.0,0.0
1.77,0,0.0,0.0,0.0
1.77,0,0.0,0.0,0.0
3.58,0,6.04,0.0,0.0
7.16,0,4.23,0.0,0.0
7.16,0,5.38,0.0,0.0
9.55,0,4.55,0.0,0.0
9.55,0,4.41,0.0,0.0
9.55,0,4.27,0.0,0.0
9.55,0,4.17,0.0,0.0
9.55,0,5.79,0.0,0.0
7.16,0,0.0,0.0,0.0
4.77,0,0.0,0.0,0.0
1.77,0,0.0,0.0,0.0
1.77,0,0.0,0.0,0.0
1.77,0,0.0,0.0,0.0
1.77,0,0.0,0.0,0.0
1.77,0,0.0,0.0,0.0
2.36,0,0.0,0.0,0.0
2.36,0,0.0,0.0,0.0
2.36,0,0.0,0.0,0.0
2.36,0,0.0,0.0,0.0
2.36,0,0.0,0.0,0.0
2.36,0,0.34,0.0,0.0
2.36,0,1.28,0.0,0.0
4.77,0,0.0,0.0,0.0
7.16,0,0.0,0.0,0.0
10.74,0,0.0,0.0,0.0
10.74,0,0.0,0.0,0.0
10.74,0,0.16,0.0,0.0
10.74,0,2.65,0.0,0.0
10.74,0,2.92,0.0,0.0
10.74,0,0.47,0.0,0.0
10.74,0,0.41,0.0,0.0
10.74,0,0.42,0.0,0.0
10.74,0,0.42,0.0,0.0
10.74,0,0.0,0.0,0.0
8.35,0,0.0,0.0,0.0
8.35,0,0.0,0.0,0.0
2.36,0,0.0,0.0,0.0
2.36,0,0.0,0.0,0.0
2.36,0,0.0,0.0,0.0
2.36,0,0.0,0.0,0.0
2.36,0,0.0,0.0,0.0
2.36,0,0.0,0.0,0.0
2.36,0,0.0,0.0,0.0
2.36,0,0.0,0.0,0.0
2.36,0,0.14,0.0,0.0
2.36,0,1.17,0.0,0.0
4.77,0,0.0,0.0,0.0
7.16,0,0.0,0.0,0.0
10.74,0,0.44,0.0,0.0
10.74,0,1.5,0.0,0.0
10.74,0,3.53,0.0,0.0
10.74,0,0.0,0.0,0.0
10.74,0,0.0,0.0,0.0
10.74,0,0.0,0.0,0.0
10.74,0,0.0,0.0,0.0
10.74,0,0.0,0.0,0.0
10.74,0,3.76,0.0,0.0
10.74,0,3.69,0.0,0.0
8.35,0,0.0,0.0,0.0
8.35,0,0.0,0.0,0.0
2.36,0,0.0,0.0,0.0
2.36,0,0.0,0.0,0.0
2.36,0,0.0,0.0,0.0
2.36,0,0.0,0.0,0.0
2.36,0,0.0,0.0,0.0
2.36,0,0.0,0.0,0.0
2.36,0,0.0,0.0,0.0
2.36,0,0.0,0.0,0.0
2.36,0,0.32,0.0,0.0
2.36,0,0.65,0.0,0.0
4.77,0,0.0,0.0,0.0
7.16,0,0.2,0.0,0.0
10.74,0,0.0,0.0,0.0
10.74,0,0.35,0.0,0.0
10.74,0,2.19,0.0,0.0
10.74,0,0.0,0.0,0.0
10.74,0,0.0,0.0,0.0
10.74,0,0.0,0.0,0.0
10.74,0,0.0,0.0,0.0
10.74,0,0.0,0.0,0.0
10.74,0,0.0,0.0,0.0
10.74,0,3.67,0.0,0.0
8.35,0,0.0,0.0,0.0
8.35,0,0.0,0.0,0.0
2.36,0,0.0,0.0,0.0
2.36,0,0.0,0.0,0.0
2.36,0,0.0,0.0,0.0
1.77,0,0.0,0.0,0.0
1.77,0,0.0,0.0,0.0
1.77,0,0.0,0.0,0.0
1.77,0,0.0,0.0,0.0
1.77,0,0.0,0.0,0.0
1.77,0,0.0,0.0,0.0
1.77,0,0.0,0.0,0.0
1.77,0,0.36,0.0,0.0
1.77,0,0.0,0.0,0.0
3.58,0,0.0,0.0,0.0
7.16,0,0.0,0.0,0.0
7.16,0,0.0,0.0,0.0
9.55,0,0.0,0.0,0.0
9.55,0,0.0,0.0,0.0
9.55,0,0.0,0.0,0.0
9.55,0,0.43,0.0,0.0
9.55,0,0.43,0.0,0.0
7.16,0,0.0,0.0,0.0
4.77,0,0.0,0.0,0.0
1.77,0,0.0,0.0,0.0
1.77,0,0.0,0.0,0.0
1.77,0,0.0,0.0,0.0
1.77,0,0.0,0.0,0.0
1.77,0,0.0,0.0,0.0
2.36,0,0.0,0.0,0.0
2.36,0,0.0,0.0,0.0
2.36,0,0.0,0.0,0.0
2.36,0,0.0,0.0,0.0
2.36,0,0.0,0.0,0.0
2.36,0,0.44,0.0,0.0
2.36,0,1.32,0.0,0.0
4.77,0,1.06,0.0,0.0
7.16,0,1.05,0.0,0.0
10.74,0,3.28,0.0,0.0
10.74,0,6.17,0.0,0.0
10.74,0,26.59,0.0,0.0
10.74,0,39.48,0.0,0.0
10.74,0,48.7,0.0,0.0
10.74,0,51.04,0.0,0.0
10.74,0,54.69,0.0,0.0
10.74,0,45.66,0.0,0.0
10.74,0,30.42,0.0,0.0
10.74,0,20.0,0.0,0.0
8.35,0,8.38,0.0,0.0
8.35,0,2.78,0.0,0.0
2.36,0,0.0,0.0,0.0
2.36,0,0.0,0.0,0.0
2.36,0,0.0,0.0,0.0
1.77,0,0.0,0.0,0.0
1.77,0,0.0,0.0,0.0
1.77,0,0.0,0.0,0.0
1.77,0,0.0,0.0,0.0
1.77,0,0.0,0.0,0.0
1.77,0,0.0,0.0,0.0
1.77,0,2.1,0.0,0.0
3.58,0,5.96,0.0,0.0
5.97,0,3.97,0.0,0.0
9.55,0,13.98,0.0,0.0
10.74,0,43.46,0.0,0.0
10.74,0,58.5,0.0,0.0
10.74,0,69.71,0.0,0.0
10.74,0,82.72,0.0,0.0
10.74,0,84.16,0.0,0.0
10.74,0,80.84,0.0,0.0
10.74,0,77.61,0.0,0.0
10.74,0,67.01,0.0,0.0
8.35,0,41.12,0.0,0.0
5.97,0,30.27,0.0,0.0
5.97,0,26.51,0.0,0.0
3.58,0,8.36,0.0,0.0
1.77,0,0.0,0.0,0.0
1.77,0,0.0,0.0,0.0
1.77,0,0.0,0.0,0.0
1.77,0,0.0,0.0,0.0
1.77,0,0.0,0.0,0.0
1.77,0,0.0,0.0,0.0
1.77,0,0.0,0.0,0.0
1.77,0,0.0,0.0,0.0
1.77,0,0.0,0.0,0.0
1.77,0,0.22,0.0,0.0
1.77,0,0.0,0.0,0.0
3.58,0,4.34,0.0,0.0
7.16,0,3.15,0.0,0.0
7.16,0,3.9,0.0,0.0
9.55,0,0.0,0.0,0.0
9.55,0,0.0,0.0,0.0
9.55,0,0.0,0.0,0.0
9.55,0,0.0,0.0,0.0
9.55,0,0.0,0.0,0.0
7.16,0,0.0,0.0,0.0
4.77,0,2.56,0.0,0.0
1.77,0,0.0,0.0,0.0
1.77,0,0.0,0.0,0.0
1.77,0,0.0,0.0,0.0
1.77,0,0.0,0.0,0.0
1.77,0,0.0,0.0,0.0
2.36,0,0.0,0.0,0.0
2.36,0,0.0,0.0,0.0
2.36,0,0.0,0.0,0.0
2.36,0,0.0,0.0,0.0
2.36,0,0.0,0.0,0.0
2.36,0,0.31,0.0,0.0
2.36,0,0.67,0.0,0.0
4.77,0,0.0,0.0,0.0
7.16,0,0.0,0.0,0.0
10.74,0,0.19,0.0,0.0
10.74,0,0.28,0.0,0.0
10.74,0,0.45,0.0,0.0
10.74,0,0.0,0.0,0.0
10.74,0,0.0,0.0,0.0
10.74,0,2.5,0.0,0.0
10.74,0,2.5,0.0,0.0
10.74,0,4.16,0.0,0.0
10.74,0,3.52,0.0,0.0
10.74,0,0.0,0.0,0.0
8.35,0,0.0,0.0,0.0
8.35,0,0.0,0.0,0.0
2.36,0,0.0,0.0,0.0
2.36,0,0.0,0.0,0.0
2.36,0,0.0,0.0,0.0
2.36,0,0.0,0.0,0.0
2.36,0,0.0,0.0,0.0
2.36,0,0.0,0.0,0.0
2.36,0,0.0,0.0,0.0
2.36,0,0.0,0.0,0.0
2.36,0,0.29,0.0,0.0
2.36,0,0.58,0.0,0.0
4.77,0,0.47,0.0,0.0
7.16,0,0.0,0.0,0.0
10.74,0,0.0,0.0,0.0
10.74,0,1.04,0.0,0.0
10.74,0,2.87,0.0,0.0
10.74,0,1.0,0.0,0.0
10.74,0,0.77,0.0,0.0
10.74,0,0.83,0.0,0.0
10.74,0,0.49,0.0,0.0
10.74,0,0.28,0.0,0.0
10.74,0,0.0,0.0,0.0
10.74,0,0.0,0.0,0.0
8.35,0,2.73,0.0,0.0
8.35,0,0.0,0.0,0.0
2.36,0,0.0,0.0,0.0
2.36,0,0.0,0.0,0.0
2.36,0,0.0,0.0,0.0
2.36,0,0.0,0.0,0.0
2.36,0,0.0,0.0,0.0
2.36,0,0.0,0.0,0.0
2.36,0,0.0,0.0,0.0
2.36,0,0.0,0.0,0.0
2.36,0,0.27,0.0,0.0
2.36,0,0.65,0.0,0.0
4.77,0,0.0,0.0,0.0
7.16,0,0.0,0.0,0.0
10.74,0,0.29,0.0,0.0
10.74,0,0.45,0.0,0.0
10.74,0,1.43,0.0,0.0
10.74,0,2.76,0.0,0.0
10.74,0,2.76,0.0,0.0
10.74,0,2.76,0.0,0.0
10.74,0,2.76,0.0,0.0
10.74,0,2.76,0.0,0.0
10.74,0,5.68,0.0,0.0
10.74,0,3.18,0.0,0.0
8.35,0,0.0,0.0,0.0
8.35,0,0.0,0.0,0.0
2.36,0,0.0,0.0,0.0
2.36,0,0.0,0.0,0.0
2.36,0,0.0,0.0,0.0
2.36,0,0.0,0.0,0.0
2.36,0,0.0,0.0,0.0
2.36,0,0.0,0.0,0.0
2.36,0,0.0,0.0,0.0
2.36,0,0.0,0.0,0.0
2.36,0,0.24,0.0,0.0
2.36,0,0.59,0.0,0.0
4.77,0,0.0,0.0,0.0
7.16,0,0.0,0.0,0.0
10.74,0,0.0,0.0,0.0
10.74,0,0.19,0.0,0.0
10.74,0,0.28,0.0,0.0
10.74,0,0.0,0.0,0.0
10.74,0,0.0,0.0,0.0
10.74,0,0.0,0.0,0.0
10.74,0,0.0,0.0,0.0
10.74,0,0.0,0.0,0.0
10.74,0,0.0,0.0,0.0
10.74,0,0.0,0.0,0.0
8.35,0,0.0,0.0,0.0
8.35,0,0.0,0.0,0.0
2.36,0,0.0,0.0,0.0
2.36,0,0.0,0.0,0.0
2.36,0,0.0,0.0,0.0
2.36,0,0.0,0.0,0.0
2.36,0,0.0,0.0,0.0
2.36,0,0.0,0.0,0.0
2.36,0,0.0,0.0,0.0
2.36,0,0.0,0.0,0.0
2.36,0,0.28,0.0,0.0
2.36,0,0.6,0.0,0.0
4.77,0,0.22,0.0,0.0
7.16,0,0.0,0.0,0.0
10.74,0,0.0,0.0,0.0
10.74,0,0.0,0.0,0.0
10.74,0,0.0,0.0,0.0
10.74,0,0.0,0.0,0.0
10.74,0,0.29,0.0,0.0
10.74,0,0.09,0.0,0.0
10.74,0,0.0,0.0,0.0
10.74,0,0.0,0.0,0.0
10.74,0,0.0,0.0,0.0
10.74,0,0.0,0.0,0.0
8.35,0,0.0,0.0,0.0
8.35,0,0.0,0.0,0.0
2.36,0,0.0,0.0,0.0
2.36,0,0.0,0.0,0.0
2.36,0,0.0,0.0,0.0
1.77,0,0.0,0.0,0.0
1.77,0,0.0,0.0,0.0
1.77,0,0.0,0.0,0.0
1.77,0,0.0,0.0,0.0
1.77,0,0.0,0.0,0.0
1.77,0,0.29,0.0,0.0
1.77,0,0.6,0.0,0.0
3.58,0,0.0,0.0,0.0
5.97,0,0.0,0.0,0.0
9.55,0,0.0,0.0,0.0
10.74,0,0.19,0.0,0.0
10.74,0,0.28,0.0,0.0
10.74,0,0.0,0.0,0.0
10.74,0,0.0,0.0,0.0
10.74,0,0.17,0.0,0.0
10.74,0,0.33,0.0,0.0
10.74,0,0.33,0.0,0.0
10.74,0,0.16,0.0,0.0
8.35,0,0.0,0.0,0.0
5.97,0,0.0,0.0,0.0
5.97,0,0.0,0.0,0.0
3.58,0,0.0,0.0,0.0
1.77,0,0.0,0.0,0.0
1.77,0,0.0,0.0,0.0
1.77,0,0.0,0.0,0.0
1.77,0,0.0,0.0,0.0
1.77,0,0.0,0.0,0.0
1.77,0,0.0,0.0,0.0
1.77,0,0.0,0.0,0.0
1.77,0,0.0,0.0,0.0
1.77,0,0.0,0.0,0.0
1.77,0,0.3,0.0,0.0
1.77,0,0.0,0.0,0.0
3.58,0,0.58,0.0,0.0
7.16,0,0.2,0.0,0.0
7.16,0,0.3,0.0,0.0
9.55,0,2.83,0.0,0.0
9.55,0,0.58,0.0,0.0
9.55,0,0.0,0.0,0.0
9.55,0,0.0,0.0,0.0
9.55,0,0.0,0.0,0.0
7.16,0,0.0,0.0,0.0
4.77,0,1.47,0.0,0.0
1.77,0,0.0,0.0,0.0
1.77,0,0.0,0.0,0.0
1.77,0,0.0,0.0,0.0
1.77,0,0.0,0.0,0.0
1.77,0,0.0,0.0,0.0
2.36,0,0.0,0.0,0.0
2.36,0,0.0,0.0,0.0
2.36,0,0.0,0.0,0.0
2.36,0,0.0,0.0,0.0
2.36,0,0.0,0.0,0.0
2.36,0,0.82,0.0,0.0
2.36,0,0.0,0.0,0.0
4.77,0,0.57,0.0,0.0
7.16,0,0.41,0.0,0.0
10.74,0,3.19,0.0,0.0
10.74,0,1.15,0.0,0.0
10.74,0,5.56,0.0,0.0
10.74,0,8.08,0.0,0.0
10.74,0,6.9,0.0,0.0
10.74,0,2.13,0.0,0.0
10.74,0,4.88,0.0,0.0
10.74,0,1.41,0.0,0.0
10.74,0,0.44,0.0,0.0
10.74,0,0.0,0.0,0.0
8.35,0,2.94,0.0,0.0
8.35,0,1.52,0.0,0.0
2.36,0,0.0,0.0,0.0
2.36,0,0.0,0.0,0.0
2.36,0,0.0,0.0,0.0
2.36,0,0.0,0.0,0.0
2.36,0,0.0,0.0,0.0
2.36,0,0.0,0.0,0.0
2.36,0,0.0,0.0,0.0
2.36,0,0.0,0.0,0.0
2.36,0,0.4,0.0,0.0
2.36,0,0.89,0.0,0.0
4.77,0,0.0,0.0,0.0
7.16,0,0.0,0.0,0.0
10.74,0,0.11,0.0,0.0
10.74,0,0.51,0.0,0.0
10.74,0,0.69,0.0,0.0
10.74,0,0.0,0.0,0.0
10.74,0,0.0,0.0,0.0
10.74,0,0.0,0.0,0.0
10.74,0,2.86,0.0,0.0
10.74,0,4.74,0.0,0.0
10.74,0,0.0,0.0,0.0
10.74,0,0.0,0.0,0.0
8.35,0,0.0,0.0,0.0
8.35,0,0.0,0.0,0.0
2.36,0,0.0,0.0,0.0
2.36,0,0.0,0.0,0.0
2.36,0,0.0,0.0,0.0
2.36,0,0.0,0.0,0.0
2.36,0,0.0,0.0,0.0
2.36,0,0.0,0.0,0.0
2.36,0,0.0,0.0,0.0
2.36,0,0.0,0.0,0.0
2.36,0,0.32,0.0,0.0
2.36,0,0.65,0.0,0.0
4.77,0,0.0,0.0,0.0
7.16,0,0.0,0.0,0.0
10.74,0,0.0,0.0,0.0
10.74,0,0.0,0.0,0.0
10.74,0,0.0,0.0,0.0
10.74,0,0.0,0.0,0.0
10.74,0,0.0,0.0,0.0
10.74,0,0.0,0.0,0.0
10.74,0,0.0,0.0,0.0
10.74,0,0.0,0.0,0.0
10.74,0,0.0,0.0,0.0
10.74,0,0.0,0.0,0.0
8.35,0,0.0,0.0,0.0
8.35,0,0.0,0.0,0.0
2.36,0,0.0,0.0,0.0
2.36,0,0.0,0.0,0.0
2.36,0,0.0,0.0,0.0
2.36,0,0.0,0.0,0.0
2.36,0,0.0,0.0,0.0
2.36,0,0.0,0.0,0.0
2.36,0,0.0,0.0,0.0
2.36,0,0.0,0.0,0.0
2.36,0,0.34,0.0,0.0
2.36,0,0.64,0.0,0.0
4.77,0,0.13,0.0,0.0
7.16,0,0.0,0.0,0.0
10.74,0,0.0,0.0,0.0
10.74,0,0.0,0.0,0.0
10.74,0,0.0,0.0,0.0
10.74,0,0.0,0.0,0.0
10.74,0,0.0,0.0,0.0
10.74,0,0.0,0.0,0.0
10.74,0,0.0,0.0,0.0
10.74,0,0.0,0.0,0.0
10.74,0,0.0,0.0,0.0
10.74,0,0.0,0.0,0.0
8.35,0,0.0,0.0,0.0
8.35,0,0.0,0.0,0.0
2.36,0,0.0,0.0,0.0
2.36,0,0.0,0.0,0.0
2.36,0,0.0,0.0,0.0
2.36,0,0.0,0.0,0.0
2.36,0,0.0,0.0,0.0
2.36,0,0.0,0.0,0.0
2.36,0,0.0,0.0,0.0
2.36,0,0.0,0.0,0.0
2.36,0,0.33,0.0,0.0
2.36,0,0.67,0.0,0.0
4.77,0,0.0,0.0,0.0
7.16,0,0.0,0.0,0.0
10.74,0,0.19,0.0,0.0
10.74,0,0.28,0.0,0.0
10.74,0,0.28,0.0,0.0
10.74,0,0.17,0.0,0.0
10.74,0,0.33,0.0,0.0
10.74,0,0.33,0.0,0.0
10.74,0,0.33,0.0,0.0
10.74,0,0.17,0.0,0.0
10.74,0,0.0,0.0,0.0
10.74,0,0.0,0.0,0.0
8.35,0,0.0,0.0,0.0
8.35,0,0.0,0.0,0.0
2.36,0,0.0,0.0,0.0
2.36,0,0.0,0.0,0.0
2.36,0,0.0,0.0,0.0
1.77,0,0.0,0.0,0.0
1.77,0,0.0,0.0,0.0
1.77,0,0.0,0.0,0.0
1.77,0,0.0,0.0,0.0
1.77,0,0.0,0.0,0.0
1.77,0,0.0,0.0,0.0
1.77,0,0.0,0.0,0.0
1.77,0,0.29,0.0,0.0
1.77,0,0.0,0.0,0.0
3.58,0,0.43,0.0,0.0
7.16,0,0.0,0.0,0.0
7.16,0,0.0,0.0,0.0
9.55,0,0.83,0.0,0.0
9.55,0,0.64,0.0,0.0
9.55,0,2.3,0.0,0.0
9.55,0,5.0,0.0,0.0
9.55,0,4.54,0.0,0.0
7.16,0,0.0,0.0,0.0
4.77,0,0.47,0.0,0.0
1.77,0,0.0,0.0,0.0
1.77,0,0.0,0.0,0.0
1.77,0,0.0,0.0,0.0
1.77,0,0.0,0.0,0.0
1.77,0,0.0,0.0,0.0
1.77,0,0.0,0.0,0.0
1.77,0,0.0,0.0,0.0
1.77,0,0.0,0.0,0.0
1.77,0,0.0,0.0,0.0
1.77,0,0.0,0.0,0.0
1.77,0,0.0,0.0,0.0
1.77,0,0.0,0.0,0.0
1.77,0,0.36,0.0,0.0
1.77,0,0.0,0.0,0.0
3.58,0,1.21,0.0,0.0
7.16,0,0.0,0.0,0.0
7.16,0,0.0,0.0,0.0
9.55,0,3.11,0.0,0.0
9.55,0,5.48,0.0,0.0
9.55,0,6.88,0.0,0.0
9.55,0,5.54,0.0,0.0
9.55,0,3.11,0.0,0.0
7.16,0,0.0,0.0,0.0
4.77,0,3.67,0.0,0.0
1.77,0,0.0,0.0,0.0
1.77,0,0.0,0.0,0.0
1.77,0,0.0,0.0,0.0
1.77,0,0.0,0.0,0.0
1.77,0,0.0,0.0,0.0
2.36,0,0.0,0.0,0.0
2.36,0,0.0,0.0,0.0
2.36,0,0.0,0.0,0.0
2.36,0,0.0,0.0,0.0
2.36,0,0.0,0.0,0.0
2.36,0,0.29,0.0,0.0
2.36,0,0.59,0.0,0.0
4.77,0,0.0,0.0,0.0
7.16,0,0.1,0.0,0.0
10.74,0,0.39,0.0,0.0
10.74,0,0.06,0.0,0.0
10.74,0,3.42,0.0,0.0
10.74,0,7.22,0.0,0.0
10.74,0,11.36,0.0,0.0
10.74,0,11.02,0.0,0.0
10.74,0,9.88,0.0,0.0
10.74,0,5.34,0.0,0.0
10.74,0,3.26,0.0,0.0
10.74,0,0.0,0.0,0.0
8.35,0,2.59,0.0,0.0
8.35,0,0.0,0.0,0.0
2.36,0,0.0,0.0,0.0
2.36,0,0.0,0.0,0.0
2.36,0,0.0,0.0,0.0
2.36,0,0.0,0.0,0.0
2.36,0,0.0,0.0,0.0
2.36,0,0.0,0.0,0.0
2.36,0,0.0,0.0,0.0
2.36,0,0.0,0.0,0.0
2.36,0,0.21,0.0,0.0
2.36,0,0.0,0.0,0.0
4.77,0,0.0,0.0,0.0
7.16,0,0.0,0.0,0.0
10.74,0,0.0,0.0,0.0
10.74,0,2.06,0.0,0.0
10.74,0,7.65,0.0,0.0
10.74,0,13.84,0.0,0.0
10.74,0,15.33,0.0,0.0
10.74,0,14.93,0.0,0.0
10.74,0,13.64,0.0,0.0
10.74,0,9.74,0.0,0.0
10.74,0,0.59,0.0,0.0
10.74,0,0.0,0.0,0.0
8.35,0,0.0,0.0,0.0
8.35,0,0.0,0.0,0.0
2.36,0,0.0,0.0,0.0
2.36,0,0.0,0.0,0.0
2.36,0,0.0,0.0,0.0
2.36,0,0.0,0.0,0.0
2.36,0,0.0,0.0,0.0
2.36,0,0.0,0.0,0.0
2.36,0,0.0,0.0,0.0
2.36,0,0.0,0.0,0.0
2.36,0,0.13,0.0,0.0
2.36,0,1.01,0.0,0.0
4.77,0,0.0,0.0,0.0
7.16,0,0.0,0.0,0.0
10.74,0,0.0,0.0,0.0
10.74,0,0.26,0.0,0.0
10.74,0,2.75,0.0,0.0
10.74,0,7.54,0.0,0.0
10.74,0,10.4,0.0,0.0
10.74,0,13.2,0.0,0.0
10.74,0,12.27,0.0,0.0
10.74,0,7.56,0.0,0.0
10.74,0,0.17,0.0,0.0
10.74,0,0.0,0.0,0.0
8.35,0,2.11,0.0,0.0
8.35,0,2.18,0.0,0.0
2.36,0,0.0,0.0,0.0
2.36,0,0.0,0.0,0.0
2.36,0,0.0,0.0,0.0
2.36,0,0.0,0.0,0.0
2.36,0,0.0,0.0,0.0
2.36,0,0.0,0.0,0.0
2.36,0,0.0,0.0,0.0
2.36,0,0.0,0.0,0.0
2.36,0,0.11,0.0,0.0
2.36,0,0.91,0.0,0.0
4.77,0,0.08,0.0,0.0
7.16,0,0.0,0.0,0.0
10.74,0,3.03,0.0,0.0
10.74,0,3.08,0.0,0.0
10.74,0,3.2,0.0,0.0
10.74,0,3.3,0.0,0.0
10.74,0,3.5,0.0,0.0
10.74,0,3.75,0.0,0.0
10.74,0,3.94,0.0,0.0
10.74,0,0.0,0.0,0.0
10.74,0,3.84,0.0,0.0
10.74,0,0.0,0.0,0.0
8.35,0,5.79,0.0,0.0
8.35,0,0.0,0.0,0.0
2.36,0,0.0,0.0,0.0
2.36,0,0.0,0.0,0.0
2.36,0,0.0,0.0,0.0
2.36,0,0.0,0.0,0.0
2.36,0,0.0,0.0,0.0
2.36,0,0.0,0.0,0.0
2.36,0,0.0,0.0,0.0
2.36,0,0.0,0.0,0.0
2.36,0,0.35,0.0,0.0
2.36,0,0.76,0.0,0.0
4.77,0,0.0,0.0,0.0
7.16,0,0.0,0.0,0.0
10.74,0,0.0,0.0,0.0
10.74,0,0.0,0.0,0.0
10.74,0,0.0,0.0,0.0
10.74,0,0.0,0.0,0.0
10.74,0,0.0,0.0,0.0
10.74,0,0.0,0.0,0.0
10.74,0,0.0,0.0,0.0
10.74,0,0.33,0.0,0.0
10.74,0,0.0,0.0,0.0
10.74,0,0.0,0.0,0.0
8.35,0,0.0,0.0,0.0
8.35,0,0.0,0.0,0.0
2.36,0,0.0,0.0,0.0
2.36,0,0.0,0.0,0.0
2.36,0,0.0,0.0,0.0
1.77,0,0.0,0.0,0.0
1.77,0,0.0,0.0,0.0
1.77,0,0.0,0.0,0.0
1.77,0,0.0,0.0,0.0
1.77,0,0.0,0.0,0.0
1.77,0,0.31,0.0,0.0
1.77,0,0.65,0.0,0.0
3.58,0,0.0,0.0,0.0
5.97,0,0.0,0.0,0.0
9.55,0,0.19,0.0,0.0
10.74,0,0.28,0.0,0.0
10.74,0,0.61,0.0,0.0
10.74,0,2.84,0.0,0.0
10.74,0,2.83,0.0,0.0
10.74,0,2.8,0.0,0.0
10.74,0,2.77,0.0,0.0
10.74,0,2.77,0.0,0.0
10.74,0,0.0,0.0,0.0
8.35,0,0.0,0.0,0.0
5.97,0,0.0,0.0,0.0
5.97,0,0.0,0.0,0.0
3.58,0,0.0,0.0,0.0
1.77,0,0.0,0.0,0.0
1.77,0,0.0,0.0,0.0
1.77,0,0.0,0.0,0.0
1.77,0,0.0,0.0,0.0
1.77,0,0.0,0.0,0.0
1.77,0,0.0,0.0,0.0
1.77,0,0.0,0.0,0.0
1.77,0,0.0,0.0,0.0
1.77,0,0.0,0.0,0.0
1.77,0,0.31,0.0,0.0
1.77,0,0.0,0.0,0.0
3.58,0,0.41,0.0,0.0
7.16,0,0.0,0.0,0.0
7.16,0,0.11,0.0,0.0
9.55,0,4.4,0.0,0.0
9.55,0,6.85,0.0,0.0
9.55,0,7.02,0.0,0.0
9.55,0,5.34,0.0,0.0
9.55,0,2.26,0.0,0.0
7.16,0,0.0,0.0,0.0
4.77,0,2.08,0.0,0.0
1.77,0,0.0,0.0,0.0
1.77,0,0.0,0.0,0.0
1.77,0,0.0,0.0,0.0
1.77,0,0.0,0.0,0.0
1.77,0,0.0,0.0,0.0
2.36,0,0.0,0.0,0.0
2.36,0,0.0,0.0,0.0
2.36,0,0.0,0.0,0.0
2.36,0,0.0,0.0,0.0
2.36,0,0.0,0.0,0.0
2.36,0,0.31,0.0,0.0
2.36,0,0.0,0.0,0.0
4.77,0,0.0,0.0,0.0
7.16,0,0.19,0.0,0.0
10.74,0,0.0,0.0,0.0
10.74,0,1.18,0.0,0.0
10.74,0,2.87,0.0,0.0
10.74,0,0.12,0.0,0.0
10.74,0,1.47,0.0,0.0
10.74,0,2.43,0.0,0.0
10.74,0,1.67,0.0,0.0
10.74,0,0.21,0.0,0.0
10.74,0,0.0,0.0,0.0
10.74,0,0.0,0.0,0.0
8.35,0,0.0,0.0,0.0
8.35,0,0.47,0.0,0.0
2.36,0,0.0,0.0,0.0
2.36,0,0.0,0.0,0.0
2.36,0,0.0,0.0,0.0
2.36,0,0.0,0.0,0.0
2.36,0,0.0,0.0,0.0
2.36,0,0.0,0.0,0.0
2.36,0,0.0,0.0,0.0
2.36,0,0.0,0.0,0.0
2.36,0,0.35,0.0,0.0
2.36,0,0.67,0.0,0.0
4.77,0,0.46,0.0,0.0
7.16,0,0.0,0.0,0.0
10.74,0,0.45,0.0,0.0
10.74,0,2.97,0.0,0.0
10.74,0,6.88,0.0,0.0
10.74,0,8.26,0.0,0.0
10.74,0,13.91,0.0,0.0
10.74,0,19.77,0.0,0.0
10.74,0,27.41,0.0,0.0
10.74,0,17.11,0.0,0.0
10.74,0,3.65,0.0,0.0
10.74,0,0.41,0.0,0.0
8.35,0,0.28,0.0,0.0
8.35,0,0.14,0.0,0.0
2.36,0,0.0,0.0,0.0
2.36,0,0.0,0.0,0.0
2.36,0,0.0,0.0,0.0
2.36,0,0.0,0.0,0.0
2.36,0,0.0,0.0,0.0
2.36,0,0.0,0.0,0.0
2.36,0,0.0,0.0,0.0
2.36,0,0.0,0.0,0.0
2.36,0,0.18,0.0,0.0
2.36,0,0.0,0.0,0.0
4.77,0,0.0,0.0,0.0
7.16,0,0.0,0.0,0.0
10.74,0,0.0,0.0,0.0
10.74,0,0.02,0.0,0.0
10.74,0,2.96,0.0,0.0
10.74,0,6.95,0.0,0.0
10.74,0,12.13,0.0,0.0
10.74,0,11.99,0.0,0.0
10.74,0,10.96,0.0,0.0
10.74,0,7.21,0.0,0.0
10.74,0,0.12,0.0,0.0
10.74,0,0.0,0.0,0.0
8.35,0,2.59,0.0,0.0
8.35,0,0.0,0.0,0.0
2.36,0,0.0,0.0,0.0
2.36,0,0.0,0.0,0.0
2.36,0,0.0,0.0,0.0
2.36,0,0.0,0.0,0.0
2.36,0,0.0,0.0,0.0
2.36,0,0.0,0.0,0.0
2.36,0,0.0,0.0,0.0
2.36,0,0.0,0.0,0.0
2.36,0,0.44,0.0,0.0
2.36,0,0.0,0.0,0.0
4.77,0,0.0,0.0,0.0
7.16,0,0.25,0.0,0.0
10.74,0,1.67,0.0,0.0
10.74,0,7.86,0.0,0.0
10.74,0,14.25,0.0,0.0
10.74,0,29.27,0.0,0.0
10.74,0,52.39,0.0,0.0
10.74,0,62.79,0.0,0.0
10.74,0,61.72,0.0,0.0
10.74,0,42.59,0.0,0.0
10.74,0,11.7,0.0,0.0
10.74,0,3.14,0.0,0.0
8.35,0,0.44,0.0,0.0
8.35,0,0.0,0.0,0.0
2.36,0,0.0,0.0,0.0
2.36,0,0.0,0.0,0.0
2.36,0,0.0,0.0,0.0
2.36,0,0.0,0.0,0.0
2.36,0,0.0,0.0,0.0
2.36,0,0.0,0.0,0.0
2.36,0,0.0,0.0,0.0
2.36,0,0.0,0.0,0.0
2.36,0,0.12,0.0,0.0
2.36,0,1.06,0.0,0.0
4.77,0,0.04,0.0,0.0
7.16,0,0.0,0.0,0.0
10.74,0,0.37,0.0,0.0
10.74,0,2.15,0.0,0.0
10.74,0,3.03,0.0,0.0
10.74,0,0.0,0.0,0.0
10.74,0,0.0,0.0,0.0
10.74,0,0.0,0.0,0.0
10.74,0,0.0,0.0,0.0
10.74,0,0.0,0.0,0.0
10.74,0,0.0,0.0,0.0
10.74,0,0.0,0.0,0.0
8.35,0,0.0,0.0,0.0
8.35,0,0.0,0.0,0.0
2.36,0,0.0,0.0,0.0
2.36,0,0.0,0.0,0.0
2.36,0,0.0,0.0,0.0
1.77,0,0.0,0.0,0.0
1.77,0,0.0,0.0,0.0
1.77,0,0.0,0.0,0.0
1.77,0,0.0,0.0,0.0
1.77,0,0.0,0.0,0.0
1.77,0,0.32,0.0,0.0
1.77,0,0.0,0.0,0.0
3.58,0,0.0,0.0,0.0
5.97,0,0.1,0.0,0.0
9.55,0,0.92,0.0,0.0
10.74,0,0.0,0.0,0.0
10.74,0,0.0,0.0,0.0
10.74,0,0.26,0.0,0.0
10.74,0,0.33,0.0,0.0
10.74,0,0.34,0.0,0.0
10.74,0,0.35,0.0,0.0
10.74,0,0.35,0.0,0.0
10.74,0,0.36,0.0,0.0
8.35,0,0.0,0.0,0.0
5.97,0,0.0,0.0,0.0
5.97,0,0.0,0.0,0.0
3.58,0,0.0,0.0,0.0
1.77,0,0.0,0.0,0.0
1.77,0,0.0,0.0,0.0
1.77,0,0.0,0.0,0.0
1.77,0,0.0,0.0,0.0
1.77,0,0.0,0.0,0.0
1.77,0,0.0,0.0,0.0
1.77,0,0.0,0.0,0.0
1.77,0,0.0,0.0,0.0
1.77,0,0.0,0.0,0.0
1.77,0,0.52,0.0,0.0
1.77,0,0.5,0.0,0.0
3.58,0,7.21,0.0,0.0
7.16,0,14.21,0.0,0.0
7.16,0,14.44,0.0,0.0
9.55,0,18.87,0.0,0.0
9.55,0,12.44,0.0,0.0
9.55,0,14.11,0.0,0.0
9.55,0,10.08,0.0,0.0
9.55,0,8.44,0.0,0.0
7.16,0,5.02,0.0,0.0
4.77,0,0.45,0.0,0.0
1.77,0,0.0,0.0,0.0
1.77,0,0.0,0.0,0.0
1.77,0,0.0,0.0,0.0
1.77,0,0.0,0.0,0.0
1.77,0,0.0,0.0,0.0
2.36,0,0.0,0.0,0.0
2.36,0,0.0,0.0,0.0
2.36,0,0.0,0.0,0.0
2.36,0,0.0,0.0,0.0
2.36,0,0.0,0.0,0.0
2.36,0,0.35,0.0,0.0
2.36,0,0.95,0.0,0.0
4.77,0,0.0,0.0,0.0
7.16,0,0.0,0.0,0.0
10.74,0,0.19,0.0,0.0
10.74,0,0.45,0.0,0.0
10.74,0,1.41,0.0,0.0
10.74,0,0.0,0.0,0.0
10.74,0,0.0,0.0,0.0
10.74,0,0.0,0.0,0.0
10.74,0,0.0,0.0,0.0
10.74,0,0.0,0.0,0.0
10.74,0,0.0,0.0,0.0
10.74,0,0.0,0.0,0.0
8.35,0,0.0,0.0,0.0
8.35,0,0.0,0.0,0.0
2.36,0,0.0,0.0,0.0
2.36,0,0.0,0.0,0.0
2.36,0,0.0,0.0,0.0
2.36,0,0.0,0.0,0.0
2.36,0,0.0,0.0,0.0
2.36,0,0.0,0.0,0.0
2.36,0,0.0,0.0,0.0
2.36,0,0.0,0.0,0.0
2.36,0,0.31,0.0,0.0
2.36,0,0.6,0.0,0.0
4.77,0,0.0,0.0,0.0
7.16,0,0.0,0.0,0.0
10.74,0,0.0,0.0,0.0
10.74,0,0.0,0.0,0.0
10.74,0,0.29,0.0,0.0
10.74,0,0.45,0.0,0.0
10.74,0,0.61,0.0,0.0
10.74,0,0.61,0.0,0.0
10.74,0,0.62,0.0,0.0
10.74,0,0.63,0.0,0.0
10.74,0,0.52,0.0,0.0
10.74,0,0.0,0.0,0.0
8.35,0,0.0,0.0,0.0
8.35,0,0.0,0.0,0.0
2.36,0,0.0,0.0,0.0
2.36,0,0.0,0.0,0.0
2.36,0,0.0,0.0,0.0
2.36,0,0.0,0.0,0.0
2.36,0,0.0,0.0,0.0
2.36,0,0.0,0.0,0.0
2.36,0,0.0,0.0,0.0
2.36,0,0.0,0.0,0.0
2.36,0,0.32,0.0,0.0
2.36,0,0.62,0.0,0.0
4.77,0,0.48,0.0,0.0
7.16,0,0.0,0.0,0.0
10.74,0,0.3,0.0,0.0
10.74,0,0.0,0.0,0.0
10.74,0,0.0,0.0,0.0
10.74,0,0.0,0.0,0.0
10.74,0,0.45,0.0,0.0
10.74,0,0.77,0.0,0.0
10.74,0,0.79,0.0,0.0
10.74,0,0.8,0.0,0.0
10.74,0,0.77,0.0,0.0
10.74,0,0.0,0.0,0.0
8.35,0,0.0,0.0,0.0
8.35,0,0.0,0.0,0.0
2.36,0,0.0,0.0,0.0
2.36,0,0.0,0.0,0.0
2.36,0,0.0,0.0,0.0
2.36,0,0.0,0.0,0.0
2.36,0,0.0,0.0,0.0
2.36,0,0.0,0.0,0.0
2.36,0,0.0,0.0,0.0
2.36,0,0.0,0.0,0.0
2.36,0,0.36,0.0,0.0
2.36,0,0.75,0.0,0.0
4.77,0,0.0,0.0,0.0
7.16,0,0.0,0.0,0.0
10.74,0,0.2,0.0,0.0
10.74,0,0.47,0.0,0.0
10.74,0,3.41,0.0,0.0
10.74,0,3.08,0.0,0.0
10.74,0,3.11,0.0,0.0
10.74,0,3.16,0.0,0.0
10.74,0,3.19,0.0,0.0
10.74,0,3.19,0.0,0.0
10.74,0,3.18,0.0,0.0
10.74,0,0.0,0.0,0.0
8.35,0,2.83,0.0,0.0
8.35,0,0.0,0.0,0.0
2.36,0,0.0,0.0,0.0
2.36,0,0.0,0.0,0.0
2.36,0,0.0,0.0,0.0
2.36,0,0.0,0.0,0.0
2.36,0,0.0,0.0,0.0
2.36,0,0.0,0.0,0.0
2.36,0,0.0,0.0,0.0
2.36,0,0.0,0.0,0.0
2.36,0,0.28,0.0,0.0
2.36,0,0.63,0.0,0.0
4.77,0,0.0,0.0,0.0
7.16,0,0.0,0.0,0.0
10.74,0,0.19,0.0,0.0
10.74,0,0.28,0.0,0.0
10.74,0,1.41,0.0,0.0
10.74,0,0.0,0.0,0.0
10.74,0,0.0,0.0,0.0
10.74,0,0.0,0.0,0.0
10.74,0,0.0,0.0,0.0
10.74,0,0.0,0.0,0.0
10.74,0,0.0,0.0,0.0
10.74,0,0.0,0.0,0.0
8.35,0,0.0,0.0,0.0
8.35,0,0.0,0.0,0.0
2.36,0,0.0,0.0,0.0
2.36,0,0.0,0.0,0.0
2.36,0,0.0,0.0,0.0
1.77,0,0.0,0.0,0.0
1.77,0,0.0,0.0,0.0
1.77,0,0.0,0.0,0.0
1.77,0,0.0,0.0,0.0
1.77,0,0.0,0.0,0.0
1.77,0,0.29,0.0,0.0
1.77,0,0.59,0.0,0.0
3.58,0,0.41,0.0,0.0
5.97,0,0.0,0.0,0.0
9.55,0,0.51,0.0,0.0
10.74,0,0.49,0.0,0.0
10.74,0,8.04,0.0,0.0
10.74,0,8.41,0.0,0.0
10.74,0,10.2,0.0,0.0
10.74,0,10.69,0.0,0.0
10.74,0,10.22,0.0,0.0
10.74,0,7.07,0.0,0.0
10.74,0,3.26,0.0,0.0
8.35,0,0.0,0.0,0.0
5.97,0,5.7,0.0,0.0
5.97,0,3.09,0.0,0.0
3.58,0,2.72,0.0,0.0
1.77,0,0.0,0.0,0.0
1.77,0,0.0,0.0,0.0
1.77,0,0.0,0.0,0.0
1.77,0,0.0,0.0,0.0
1.77,0,0.0,0.0,0.0
1.77,0,0.0,0.0,0.0
1.77,0,0.0,0.0,0.0
1.77,0,0.0,0.0,0.0
1.77,0,0.0,0.0,0.0
1.77,0,0.5,0.0,0.0
1.77,0,0.09,0.0,0.0
3.58,0,1.19,0.0,0.0
7.16,0,7.4,0.0,0.0
7.16,0,10.19,0.0,0.0
9.55,0,12.24,0.0,0.0
9.55,0,16.17,0.0,0.0
9.55,0,15.5,0.0,0.0
9.55,0,14.3,0.0,0.0
9.55,0,10.3,0.0,0.0
7.16,0,2.51,0.0,0.0
4.77,0,0.37,0.0,0.0
1.77,0,0.0,0.0,0.0
1.77,0,0.0,0.0,0.0
1.77,0,0.0,0.0,0.0
1.77,0,0.0,0.0,0.0
1.77,0,0.0,0.0,0.0
2.36,0,0.0,0.0,0.0
2.36,0,0.0,0.0,0.0
2.36,0,0.0,0.0,0.0
2.36,0,0.0,0.0,0.0
2.36,0,0.0,0.0,0.0
2.36,0,0.0,0.0,0.0
2.36,0,1.25,0.0,0.0
4.77,0,0.75,0.0,0.0
7.16,0,0.46,0.0,0.0
10.74,0,1.61,0.0,0.0
10.74,0,11.34,0.0,0.0
10.74,0,20.31,0.0,0.0
10.74,0,38.82,0.0,0.0
10.74,0,51.03,0.0,0.0
10.74,0,52.45,0.0,0.0
10.74,0,49.73,0.0,0.0
10.74,0,29.33,0.0,0.0
10.74,0,4.69,0.0,0.0
10.74,0,0.82,0.0,0.0
8.35,0,0.29,0.0,0.0
8.35,0,0.0,0.0,0.0
2.36,0,0.0,0.0,0.0
2.36,0,0.0,0.0,0.0
2.36,0,0.0,0.0,0.0
2.36,0,0.0,0.0,0.0
2.36,0,0.0,0.0,0.0
2.36,0,0.0,0.0,0.0
2.36,0,0.0,0.0,0.0
2.36,0,0.0,0.0,0.0
2.36,0,0.24,0.0,0.0
2.36,0,0.92,0.0,0.0
4.77,0,0.0,0.0,0.0
7.16,0,0.2,0.0,0.0
10.74,0,0.0,0.0,0.0
10.74,0,0.87,0.0,0.0
10.74,0,2.65,0.0,0.0
10.74,0,0.0,0.0,0.0
10.74,0,0.39,0.0,0.0
10.74,0,2.15,0.0,0.0
10.74,0,2.72,0.0,0.0
10.74,0,0.73,0.0,0.0
10.74,0,0.28,0.0,0.0
10.74,0,0.0,0.0,0.0
8.35,0,0.0,0.0,0.0
8.35,0,0.0,0.0,0.0
2.36,0,0.0,0.0,0.0
2.36,0,0.0,0.0,0.0
2.36,0,0.0,0.0,0.0
2.36,0,0.0,0.0,0.0
2.36,0,0.0,0.0,0.0
2.36,0,0.0,0.0,0.0
2.36,0,0.0,0.0,0.0
2.36,0,0.0,0.0,0.0
2.36,0,0.29,0.0,0.0
2.36,0,0.0,0.0,0.0
4.77,0,0.0,0.0,0.0
7.16,0,0.12,0.0,0.0
10.74,0,0.85,0.0,0.0
10.74,0,0.19,0.0,0.0
10.74,0,0.22,0.0,0.0
10.74,0,3.42,0.0,0.0
10.74,0,5.77,0.0,0.0
10.74,0,6.34,0.0,0.0
10.74,0,6.21,0.0,0.0
10.74,0,4.01,0.0,0.0
10.74,0,0.26,0.0,0.0
10.74,0,0.0,0.0,0.0
8.35,0,0.0,0.0,0.0
8.35,0,0.0,0.0,0.0
2.36,0,0.0,0.0,0.0
2.36,0,0.0,0.0,0.0
2.36,0,0.0,0.0,0.0
2.36,0,0.0,0.0,0.0
2.36,0,0.0,0.0,0.0
2.36,0,0.0,0.0,0.0
2.36,0,0.0,0.0,0.0
2.36,0,0.0,0.0,0.0
2.36,0,0.41,0.0,0.0
2.36,0,0.0,0.0,0.0
4.77,0,0.0,0.0,0.0
7.16,0,0.0,0.0,0.0
10.74,0,1.78,0.0,0.0
10.74,0,2.66,0.0,0.0
10.74,0,2.66,0.0,0.0
10.74,0,3.98,0.0,0.0
10.74,0,7.13,0.0,0.0
10.74,0,7.7,0.0,0.0
10.74,0,5.85,0.0,0.0
10.74,0,2.9,0.0,0.0
10.74,0,2.71,0.0,0.0
10.74,0,0.0,0.0,0.0
8.35,0,0.0,0.0,0.0
8.35,0,0.0,0.0,0.0
2.36,0,0.0,0.0,0.0
2.36,0,0.0,0.0,0.0
2.36,0,0.0,0.0,0.0
2.36,0,0.0,0.0,0.0
2.36,0,0.0,0.0,0.0
2.36,0,0.0,0.0,0.0
2.36,0,0.0,0.0,0.0
2.36,0,0.0,0.0,0.0
2.36,0,0.29,0.0,0.0
2.36,0,0.58,0.0,0.0
4.77,0,0.0,0.0,0.0
7.16,0,0.0,0.0,0.0
10.74,0,0.19,0.0,0.0
10.74,0,0.28,0.0,0.0
10.74,0,0.61,0.0,0.0
10.74,0,0.0,0.0,0.0
10.74,0,0.0,0.0,0.0
10.74,0,0.0,0.0,0.0
10.74,0,0.0,0.0,0.0
10.74,0,0.0,0.0,0.0
10.74,0,0.0,0.0,0.0
10.74,0,0.0,0.0,0.0
8.35,0,0.0,0.0,0.0
8.35,0,0.0,0.0,0.0
2.36,0,0.0,0.0,0.0
2.36,0,0.0,0.0,0.0
2.36,0,0.0,0.0,0.0
1.77,0,0.0,0.0,0.0
1.77,0,0.0,0.0,0.0
1.77,0,0.0,0.0,0.0
1.77,0,0.0,0.0,0.0
1.77,0,0.0,0.0,0.0
1.77,0,0.31,0.0,0.0
1.77,0,0.59,0.0,0.0
3.58,0,0.41,0.0,0.0
5.97,0,0.1,0.0,0.0
9.55,0,0.44,0.0,0.0
10.74,0,0.45,0.0,0.0
10.74,0,7.36,0.0,0.0
10.74,0,9.52,0.0,0.0
10.74,0,12.33,0.0,0.0
10.74,0,13.92,0.0,0.0
10.74,0,15.43,0.0,0.0
10.74,0,10.2,0.0,0.0
10.74,0,1.23,0.0,0.0
8.35,0,0.0,0.0,0.0
5.97,0,0.0,0.0,0.0
5.97,0,2.19,0.0,0.0
3.58,0,0.0,0.0,0.0
1.77,0,0.0,0.0,0.0
1.77,0,0.0,0.0,0.0
1.77,0,0.0,0.0,0.0
1.77,0,0.0,0.0,0.0
1.77,0,0.0,0.0,0.0
1.77,0,0.0,0.0,0.0
1.77,0,0.0,0.0,0.0
1.77,0,0.0,0.0,0.0
1.77,0,0.0,0.0,0.0
1.77,0,0.36,0.0,0.0
1.77,0,0.0,0.0,0.0
3.58,0,0.0,0.0,0.0
7.16,0,1.1,0.0,0.0
7.16,0,0.83,0.0,0.0
9.55,0,0.0,0.0,0.0
9.55,0,0.0,0.0,0.0
9.55,0,0.2,0.0,0.0
9.55,0,0.39,0.0,0.0
9.55,0,0.39,0.0,0.0
7.16,0,0.39,0.0,0.0
4.77,0,0.0,0.0,0.0
1.77,0,0.0,0.0,0.0
1.77,0,0.0,0.0,0.0
1.77,0,0.0,0.0,0.0
1.77,0,0.0,0.0,0.0
1.77,0,0.0,0.0,0.0
2.36,0,0.0,0.0,0.0
2.36,0,0.0,0.0,0.0
2.36,0,0.0,0.0,0.0
2.36,0,0.0,0.0,0.0
2.36,0,0.0,0.0,0.0
2.36,0,0.0,0.0,0.0
2.36,0,1.28,0.0,0.0
4.77,0,0.74,0.0,0.0
7.16,0,0.95,0.0,0.0
10.74,0,3.03,0.0,0.0
10.74,0,5.82,0.0,0.0
10.74,0,13.04,0.0,0.0
10.74,0,14.33,0.0,0.0
10.74,0,14.42,0.0,0.0
10.74,0,21.15,0.0,0.0
10.74,0,24.46,0.0,0.0
10.74,0,14.94,0.0,0.0
10.74,0,7.04,0.0,0.0
10.74,0,1.77,0.0,0.0
8.35,0,0.0,0.0,0.0
8.35,0,4.79,0.0,0.0
2.36,0,0.0,0.0,0.0
2.36,0,0.0,0.0,0.0
2.36,0,0.0,0.0,0.0
1.77,0,0.0,0.0,0.0
1.77,0,0.0,0.0,0.0
1.77,0,0.0,0.0,0.0
1.77,0,0.0,0.0,0.0
1.77,0,0.0,0.0,0.0
1.77,0,0.0,0.0,0.0
1.77,0,0.0,0.0,0.0
1.77,0,0.29,0.0,0.0
1.77,0,0.0,0.0,0.0
3.58,0,0.0,0.0,0.0
7.16,0,0.0,0.0,0.0
7.16,0,0.0,0.0,0.0
9.55,0,0.0,0.0,0.0
9.55,0,0.0,0.0,0.0
9.55,0,0.29,0.0,0.0
9.55,0,0.28,0.0,0.0
9.55,0,0.28,0.0,0.0
7.16,0,0.0,0.0,0.0
4.77,0,0.0,0.0,0.0
1.77,0,0.0,0.0,0.0
1.77,0,0.0,0.0,0.0
1.77,0,0.0,0.0,0.0
1.77,0,0.0,0.0,0.0
1.77,0,0.0,0.0,0.0
2.36,0,0.0,0.0,0.0
2.36,0,0.0,0.0,0.0
2.36,0,0.0,0.0,0.0
2.36,0,0.0,0.0,0.0
2.36,0,0.0,0.0,0.0
2.36,0,0.29,0.0,0.0
2.36,0,0.59,0.0,0.0
4.77,0,0.0,0.0,0.0
7.16,0,0.0,0.0,0.0
10.74,0,0.19,0.0,0.0
10.74,0,0.28,0.0,0.0
10.74,0,0.28,0.0,0.0
10.74,0,2.74,0.0,0.0
10.74,0,2.76,0.0,0.0
10.74,0,2.76,0.0,0.0
10.74,0,2.76,0.0,0.0
10.74,0,2.76,0.0,0.0
10.74,0,2.76,0.0,0.0
10.74,0,0.0,0.0,0.0
8.35,0,0.0,0.0,0.0
8.35,0,0.0,0.0,0.0
2.36,0,0.0,0.0,0.0
2.36,0,0.0,0.0,0.0
2.36,0,0.0,0.0,0.0
2.36,0,0.0,0.0,0.0
2.36,0,0.0,0.0,0.0
2.36,0,0.0,0.0,0.0
2.36,0,0.0,0.0,0.0
2.36,0,0.0,0.0,0.0
2.36,0,0.29,0.0,0.0
2.36,0,0.6,0.0,0.0
4.77,0,0.0,0.0,0.0
7.16,0,0.0,0.0,0.0
10.74,0,0.19,0.0,0.0
10.74,0,0.28,0.0,0.0
10.74,0,0.28,0.0,0.0
10.74,0,0.0,0.0,0.0
10.74,0,0.17,0.0,0.0
10.74,0,0.33,0.0,0.0
10.74,0,2.74,0.0,0.0
10.74,0,2.76,0.0,0.0
10.74,0,0.33,0.0,0.0
10.74,0,0.0,0.0,0.0
8.35,0,0.0,0.0,0.0
8.35,0,0.0,0.0,0.0
2.36,0,0.0,0.0,0.0
2.36,0,0.0,0.0,0.0
2.36,0,0.0,0.0,0.0
2.36,0,0.0,0.0,0.0
2.36,0,0.0,0.0,0.0
2.36,0,0.0,0.0,0.0
2.36,0,0.0,0.0,0.0
2.36,0,0.0,0.0,0.0
2.36,0,0.28,0.0,0.0
2.36,0,0.6,0.0,0.0
4.77,0,0.46,0.0,0.0
7.16,0,0.0,0.0,0.0
10.74,0,0.95,0.0,0.0
10.74,0,0.97,0.0,0.0
10.74,0,0.78,0.0,0.0
10.74,0,1.21,0.0,0.0
10.74,0,5.61,0.0,0.0
10.74,0,6.83,0.0,0.0
10.74,0,10.27,0.0,0.0
10.74,0,9.27,0.0,0.0
10.74,0,6.06,0.0,0.0
10.74,0,2.26,0.0,0.0
8.35,0,0.0,0.0,0.0
8.35,0,5.48,0.0,0.0
2.36,0,0.0,0.0,0.0
2.36,0,0.0,0.0,0.0
2.36,0,0.0,0.0,0.0
1.77,0,0.0,0.0,0.0
1.77,0,0.0,0.0,0.0
1.77,0,0.0,0.0,0.0
1.77,0,0.0,0.0,0.0
1.77,0,0.0,0.0,0.0
1.77,0,0.54,0.0,0.0
1.77,0,1.23,0.0,0.0
3.58,0,2.94,0.0,0.0
5.97,0,0.0,0.0,0.0
9.55,0,0.39,0.0,0.0
10.74,0,4.01,0.0,0.0
10.74,0,8.18,0.0,0.0
10.74,0,20.87,0.0,0.0
10.74,0,24.26,0.0,0.0
10.74,0,19.17,0.0,0.0
10.74,0,17.65,0.0,0.0
10.74,0,15.11,0.0,0.0
10.74,0,7.22,0.0,0.0
8.35,0,0.83,0.0,0.0
5.97,0,0.92,0.0,0.0
5.97,0,0.0,0.0,0.0
3.58,0,0.0,0.0,0.0
1.77,0,0.0,0.0,0.0
1.77,0,0.0,0.0,0.0
1.77,0,0.0,0.0,0.0
1.77,0,0.0,0.0,0.0
1.77,0,0.0,0.0,0.0
1.77,0,0.0,0.0,0.0
1.77,0,0.0,0.0,0.0
1.77,0,0.0,0.0,0.0
1.77,0,0.0,0.0,0.0
1.77,0,0.0,0.0,0.0
1.77,0,0.39,0.0,0.0
3.58,0,10.0,0.0,0.0
7.16,0,13.82,0.0,0.0
7.16,0,20.22,0.0,0.0
9.55,0,34.57,0.0,0.0
9.55,0,39.72,0.0,0.0
9.55,0,36.12,0.0,0.0
9.55,0,34.38,0.0,0.0
9.55,0,30.86,0.0,0.0
7.16,0,15.4,0.0,0.0
4.77,0,5.52,0.0,0.0
1.77,0,0.0,0.0,0.0
1.77,0,0.0,0.0,0.0
1.77,0,0.0,0.0,0.0
1.77,0,0.0,0.0,0.0
1.77,0,0.0,0.0,0.0
2.36,0,0.0,0.0,0.0
2.36,0,0.0,0.0,0.0
2.36,0,0.0,0.0,0.0
2.36,0,0.0,0.0,0.0
2.36,0,0.0,0.0,0.0
2.36,0,0.46,0.0,0.0
2.36,0,0.0,0.0,0.0
4.77,0,0.0,0.0,0.0
7.16,0,0.0,0.0,0.0
10.74,0,0.63,0.0,0.0
10.74,0,0.72,0.0,0.0
10.74,0,0.71,0.0,0.0
10.74,0,0.0,0.0,0.0
10.74,0,0.0,0.0,0.0
10.74,0,0.0,0.0,0.0
10.74,0,0.0,0.0,0.0
10.74,0,0.0,0.0,0.0
10.74,0,0.0,0.0,0.0
10.74,0,0.0,0.0,0.0
8.35,0,0.0,0.0,0.0
8.35,0,0.0,0.0,0.0
2.36,0,0.0,0.0,0.0
2.36,0,0.0,0.0,0.0
2.36,0,0.0,0.0,0.0
2.36,0,0.0,0.0,0.0
2.36,0,0.0,0.0,0.0
2.36,0,0.0,0.0,0.0
2.36,0,0.0,0.0,0.0
2.36,0,0.0,0.0,0.0
2.36,0,0.29,0.0,0.0
2.36,0,0.63,0.0,0.0
4.77,0,0.0,0.0,0.0
7.16,0,0.0,0.0,0.0
10.74,0,0.0,0.0,0.0
10.74,0,0.0,0.0,0.0
10.74,0,0.1,0.0,0.0
10.74,0,0.0,0.0,0.0
10.74,0,0.18,0.0,0.0
10.74,0,0.35,0.0,0.0
10.74,0,0.35,0.0,0.0
10.74,0,0.36,0.0,0.0
10.74,0,0.18,0.0,0.0
10.74,0,0.0,0.0,0.0
8.35,0,0.0,0.0,0.0
8.35,0,0.0,0.0,0.0
2.36,0,0.0,0.0,0.0
2.36,0,0.0,0.0,0.0
2.36,0,0.0,0.0,0.0
2.36,0,0.0,0.0,0.0
2.36,0,0.0,0.0,0.0
2.36,0,0.0,0.0,0.0
2.36,0,0.0,0.0,0.0
2.36,0,0.0,0.0,0.0
2.36,0,0.3,0.0,0.0
2.36,0,0.62,0.0,0.0
4.77,0,0.5,0.0,0.0
7.16,0,0.0,0.0,0.0
10.74,0,0.0,0.0,0.0
10.74,0,0.0,0.0,0.0
10.74,0,0.0,0.0,0.0
10.74,0,0.22,0.0,0.0
10.74,0,0.2,0.0,0.0
10.74,0,0.0,0.0,0.0
10.74,0,0.0,0.0,0.0
10.74,0,0.0,0.0,0.0
10.74,0,0.0,0.0,0.0
10.74,0,0.0,0.0,0.0
8.35,0,0.0,0.0,0.0
8.35,0,0.0,0.0,0.0
2.36,0,0.0,0.0,0.0
2.36,0,0.0,0.0,0.0
2.36,0,0.0,0.0,0.0
2.36,0,0.0,0.0,0.0
2.36,0,0.0,0.0,0.0
2.36,0,0.0,0.0,0.0
2.36,0,0.0,0.0,0.0
2.36,0,0.0,0.0,0.0
2.36,0,0.33,0.0,0.0
2.36,0,0.67,0.0,0.0
4.77,0,0.24,0.0,0.0
7.16,0,0.0,0.0,0.0
10.74,0,0.0,0.0,0.0
10.74,0,0.0,0.0,0.0
10.74,0,0.0,0.0,0.0
10.74,0,0.0,0.0,0.0
10.74,0,0.1,0.0,0.0
10.74,0,0.28,0.0,0.0
10.74,0,0.64,0.0,0.0
10.74,0,0.63,0.0,0.0
10.74,0,0.28,0.0,0.0
10.74,0,0.0,0.0,0.0
8.35,0,0.0,0.0,0.0
8.35,0,0.0,0.0,0.0
2.36,0,0.0,0.0,0.0
2.36,0,0.0,0.0,0.0
2.36,0,0.0,0.0,0.0
2.36,0,0.0,0.0,0.0
2.36,0,0.0,0.0,0.0
2.36,0,0.0,0.0,0.0
2.36,0,0.0,0.0,0.0
2.36,0,0.0,0.0,0.0
2.36,0,0.29,0.0,0.0
2.36,0,0.61,0.0,0.0
4.77,0,0.23,0.0,0.0
7.16,0,0.0,0.0,0.0
10.74,0,0.19,0.0,0.0
10.74,0,0.28,0.0,0.0
10.74,0,0.28,0.0,0.0
10.74,0,0.33,0.0,0.0
10.74,0,0.33,0.0,0.0
10.74,0,0.33,0.0,0.0
10.74,0,0.33,0.0,0.0
10.74,0,0.33,0.0,0.0
10.74,0,0.33,0.0,0.0
10.74,0,0.0,0.0,0.0
8.35,0,0.0,0.0,0.0
8.35,0,0.0,0.0,0.0
2.36,0,0.0,0.0,0.0
2.36,0,0.0,0.0,0.0
2.36,0,0.0,0.0,0.0
1.77,0,0.0,0.0,0.0
1.77,0,0.0,0.0,0.0
1.77,0,0.0,0.0,0.0
1.77,0,0.0,0.0,0.0
1.77,0,0.0,0.0,0.0
1.77,0,0.28,0.0,0.0
1.77,0,0.6,0.0,0.0
3.58,0,0.0,0.0,0.0
5.97,0,0.0,0.0,0.0
9.55,0,0.0,0.0,0.0
10.74,0,0.0,0.0,0.0
10.74,0,0.0,0.0,0.0
10.74,0,0.17,0.0,0.0
10.74,0,0.47,0.0,0.0
10.74,0,0.87,0.0,0.0
10.74,0,0.32,0.0,0.0
10.74,0,0.33,0.0,0.0
10.74,0,0.35,0.0,0.0
8.35,0,0.0,0.0,0.0
5.97,0,0.0,0.0,0.0
5.97,0,0.0,0.0,0.0
3.58,0,0.37,0.0,0.0
1.77,0,0.0,0.0,0.0
1.77,0,0.0,0.0,0.0
1.77,0,0.0,0.0,0.0
1.77,0,0.0,0.0,0.0
1.77,0,0.0,0.0,0.0
1.77,0,0.0,0.0,0.0
1.77,0,0.0,0.0,0.0
1.77,0,0.0,0.0,0.0
1.77,0,0.0,0.0,0.0
1.77,0,0.55,0.0,0.0
1.77,0,0.0,0.0,0.0
3.58,0,0.0,0.0,0.0
7.16,0,1.16,0.0,0.0
7.16,0,2.02,0.0,0.0
9.55,0,2.96,0.0,0.0
9.55,0,4.16,0.0,0.0
9.55,0,4.26,0.0,0.0
9.55,0,4.3,0.0,0.0
9.55,0,5.57,0.0,0.0
7.16,0,3.1,0.0,0.0
4.77,0,2.77,0.0,0.0
1.77,0,0.0,0.0,0.0
1.77,0,0.0,0.0,0.0
1.77,0,0.0,0.0,0.0
1.77,0,0.0,0.0,0.0
1.77,0,0.0,0.0,0.0
2.36,0,0.0,0.0,0.0
2.36,0,0.0,0.0,0.0
2.36,0,0.0,0.0,0.0
2.36,0,0.0,0.0,0.0
2.36,0,0.0,0.0,0.0
2.36,0,0.38,0.0,0.0
2.36,0,1.4,0.0,0.0
4.77,0,0.3,0.0,0.0
7.16,0,2.2,0.0,0.0
10.74,0,6.73,0.0,0.0
10.74,0,19.58,0.0,0.0
10.74,0,44.01,0.0,0.0
10.74,0,55.56,0.0,0.0
10.74,0,63.59,0.0,0.0
10.74,0,65.38,0.0,0.0
10.74,0,70.98,0.0,0.0
10.74,0,62.1,0.0,0.0
10.74,0,43.98,0.0,0.0
10.74,0,35.26,0.0,0.0
8.35,0,22.79,0.0,0.0
8.35,0,19.23,0.0,0.0
2.36,0,0.0,0.0,0.0
2.36,0,0.0,0.0,0.0
2.36,0,0.0,0.0,0.0
2.36,0,0.0,0.0,0.0
2.36,0,0.0,0.0,0.0
2.36,0,0.0,0.0,0.0
2.36,0,0.0,0.0,0.0
2.36,0,0.0,0.0,0.0
2.36,0,0.0,0.0,0.0
2.36,0,1.71,0.0,0.0
4.77,0,0.99,0.0,0.0
7.16,0,2.32,0.0,0.0
10.74,0,36.14,0.0,0.0
10.74,0,56.63,0.0,0.0
10.74,0,78.98,0.0,0.0
10.74,0,92.76,0.0,0.0
10.74,0,95.18,0.0,0.0
10.74,0,92.14,0.0,0.0
10.74,0,87.29,0.0,0.0
10.74,0,77.3,0.0,0.0
10.74,0,63.35,0.0,0.0
10.74,0,50.56,0.0,0.0
8.35,0,35.76,0.0,0.0
8.35,0,32.99,0.0,0.0
2.36,0,0.76,0.0,0.0
2.36,0,0.72,0.0,0.0
2.36,0,0.0,0.0,0.0
2.36,0,0.0,0.0,0.0
2.36,0,0.0,0.0,0.0
2.36,0,0.0,0.0,0.0
2.36,0,0.0,0.0,0.0
2.36,0,0.0,0.0,0.0
2.36,0,0.0,0.0,0.0
2.36,0,1.83,0.0,0.0
4.77,0,6.41,0.0,0.0
7.16,0,19.4,0.0,0.0
10.74,0,63.67,0.0,0.0
10.74,0,82.06,0.0,0.0
10.74,0,94.33,0.0,0.0
10.74,0,101.22,0.0,0.0
10.74,0,100.9,0.0,0.0
10.74,0,103.71,0.0,0.0
10.74,0,105.59,0.0,0.0
10.74,0,96.33,0.0,0.0
10.74,0,81.33,0.0,0.0
10.74,0,69.14,0.0,0.0
8.35,0,55.7,0.0,0.0
8.35,0,50.57,0.0,0.0
2.36,0,2.44,0.0,0.0
2.36,0,1.0,0.0,0.0
2.36,0,0.74,0.0,0.0
2.36,0,0.58,0.0,0.0
2.36,0,0.0,0.0,0.0
2.36,0,0.0,0.0,0.0
2.36,0,0.0,0.0,0.0
2.36,0,0.0,0.0,0.0
2.36,0,0.0,0.0,0.0
2.36,0,1.11,0.0,0.0
4.77,0,2.25,0.0,0.0
7.16,0,0.0,0.0,0.0
10.74,0,0.67,0.0,0.0
10.74,0,0.72,0.0,0.0
10.74,0,0.69,0.0,0.0
10.74,0,0.0,0.0,0.0
10.74,0,0.0,0.0,0.0
10.74,0,0.0,0.0,0.0
10.74,0,0.0,0.0,0.0
10.74,0,0.0,0.0,0.0
10.74,0,0.0,0.0,0.0
10.74,0,0.0,0.0,0.0
8.35,0,0.0,0.0,0.0
8.35,0,0.0,0.0,0.0
2.36,0,0.0,0.0,0.0
2.36,0,0.0,0.0,0.0
2.36,0,0.0,0.0,0.0
2.36,0,0.0,0.0,0.0
2.36,0,0.0,0.0,0.0
2.36,0,0.0,0.0,0.0
2.36,0,0.0,0.0,0.0
2.36,0,0.0,0.0,0.0
2.36,0,0.3,0.0,0.0
2.36,0,0.6,0.0,0.0
4.77,0,0.0,0.0,0.0
7.16,0,0.0,0.0,0.0
10.74,0,0.0,0.0,0.0
10.74,0,0.1,0.0,0.0
10.74,0,0.28,0.0,0.0
10.74,0,0.28,0.0,0.0
10.74,0,0.61,0.0,0.0
10.74,0,1.41,0.0,0.0
10.74,0,3.04,0.0,0.0
10.74,0,3.04,0.0,0.0
10.74,0,4.35,0.0,0.0
10.74,0,1.06,0.0,0.0
8.35,0,0.0,0.0,0.0
8.35,0,0.0,0.0,0.0
2.36,0,0.0,0.0,0.0
2.36,0,0.0,0.0,0.0
2.36,0,0.0,0.0,0.0
1.77,0,0.0,0.0,0.0
1.77,0,0.0,0.0,0.0
1.77,0,0.0,0.0,0.0
1.77,0,0.0,0.0,0.0
1.77,0,0.0,0.0,0.0
1.77,0,0.29,0.0,0.0
1.77,0,0.59,0.0,0.0
3.58,0,0.47,0.0,0.0
5.97,0,0.0,0.0,0.0
9.55,0,0.19,0.0,0.0
10.74,0,1.27,0.0,0.0
10.74,0,3.04,0.0,0.0
10.74,0,2.45,0.0,0.0
10.74,0,2.48,0.0,0.0
10.74,0,2.52,0.0,0.0
10.74,0,2.71,0.0,0.0
10.74,0,2.71,0.0,0.0
10.74,0,0.0,0.0,0.0
8.35,0,0.0,0.0,0.0
5.97,0,0.0,0.0,0.0
5.97,0,0.0,0.0,0.0
3.58,0,0.0,0.0,0.0
1.77,0,0.0,0.0,0.0
1.77,0,0.0,0.0,0.0
1.77,0,0.0,0.0,0.0
1.77,0,0.0,0.0,0.0
1.77,0,0.0,0.0,0.0
1.77,0,0.0,0.0,0.0
1.77,0,0.0,0.0,0.0
1.77,0,0.0,0.0,0.0
1.77,0,0.0,0.0,0.0
1.77,0,0.37,0.0,0.0
1.77,0,0.0,0.0,0.0
3.58,0,0.46,0.0,0.0
7.16,0,1.45,0.0,0.0
7.16,0,1.43,0.0,0.0
9.55,0,1.62,0.0,0.0
9.55,0,7.84,0.0,0.0
9.55,0,7.92,0.0,0.0
9.55,0,7.22,0.0,0.0
9.55,0,5.07,0.0,0.0
7.16,0,3.3,0.0,0.0
4.77,0,0.0,0.0,0.0
1.77,0,0.0,0.0,0.0
1.77,0,0.0,0.0,0.0
1.77,0,0.0,0.0,0.0
1.77,0,0.0,0.0,0.0
1.77,0,0.0,0.0,0.0
2.36,0,0.0,0.0,0.0
2.36,0,0.0,0.0,0.0
2.36,0,0.0,0.0,0.0
2.36,0,0.0,0.0,0.0
2.36,0,0.0,0.0,0.0
2.36,0,1.18,0.0,0.0
4.77,0,0.56,0.0,0.0
7.16,0,0.0,0.0,0.0
10.74,0,1.61,0.0,0.0
10.74,0,1.02,0.0,0.0
10.74,0,11.43,0.0,0.0
10.74,0,15.07,0.0,0.0
10.74,0,0.37,0.0,0.0
10.74,0,3.16,0.0,0.0
10.74,0,2.15,0.0,0.0
10.74,0,0.87,0.0,0.0
10.74,0,0.47,0.0,0.0
10.74,0,0.53,0.0,0.0
8.35,0,0.51,0.0,0.0
8.35,0,0.0,0.0,0.0
2.36,0,0.0,0.0,0.0
2.36,0,0.0,0.0,0.0
2.36,0,0.0,0.0,0.0
2.36,0,0.0,0.0,0.0
2.36,0,0.0,0.0,0.0
2.36,0,0.0,0.0,0.0
2.36,0,0.0,0.0,0.0
2.36,0,0.0,0.0,0.0
2.36,0,0.0,0.0,0.0
2.36,0,1.92,0.0,0.0
4.77,0,0.96,0.0,0.0
7.16,0,0.48,0.0,0.0
10.74,0,11.87,0.0,0.0
10.74,0,34.71,0.0,0.0
10.74,0,14.74,0.0,0.0
10.74,0,0.43,0.0,0.0
10.74,0,0.56,0.0,0.0
10.74,0,0.69,0.0,0.0
10.74,0,3.92,0.0,0.0
10.74,0,7.15,0.0,0.0
10.74,0,6.08,0.0,0.0
10.74,0,1.18,0.0,0.0
8.35,0,1.17,0.0,0.0
8.35,0,0.0,0.0,0.0
2.36,0,0.0,0.0,0.0
2.36,0,0.0,0.0,0.0
2.36,0,0.0,0.0,0.0
2.36,0,0.0,0.0,0.0
2.36,0,0.0,0.0,0.0
2.36,0,0.0,0.0,0.0
2.36,0,0.0,0.0,0.0
2.36,0,0.0,0.0,0.0
2.36,0,0.0,0.0,0.0
2.36,0,1.76,0.0,0.0
4.77,0,4.73,0.0,0.0
7.16,0,0.0,0.0,0.0
10.74,0,0.0,0.0,0.0
10.74,0,0.0,0.0,0.0
10.74,0,0.0,0.0,0.0
10.74,0,0.0,0.0,0.0
10.74,0,0.43,0.0,0.0
10.74,0,0.74,0.0,0.0
10.74,0,1.7,0.0,0.0
10.74,0,1.42,0.0,0.0
10.74,0,0.63,0.0,0.0
10.74,0,0.38,0.0,0.0
8.35,0,0.52,0.0,0.0
8.35,0,0.0,0.0,0.0
2.36,0,0.0,0.0,0.0
2.36,0,0.0,0.0,0.0
2.36,0,0.0,0.0,0.0
2.36,0,0.0,0.0,0.0
2.36,0,0.0,0.0,0.0
2.36,0,0.0,0.0,0.0
2.36,0,0.0,0.0,0.0
2.36,0,0.0,0.0,0.0
2.36,0,0.0,0.0,0.0
2.36,0,1.98,0.0,0.0
4.77,0,3.9,0.0,0.0
7.16,0,0.0,0.0,0.0
10.74,0,2.14,0.0,0.0
10.74,0,4.51,0.0,0.0
10.74,0,5.0,0.0,0.0
10.74,0,0.53,0.0,0.0
10.74,0,0.93,0.0,0.0
10.74,0,13.93,0.0,0.0
10.74,0,32.32,0.0,0.0
10.74,0,28.84,0.0,0.0
10.74,0,9.45,0.0,0.0
10.74,0,5.19,0.0,0.0
8.35,0,5.07,0.0,0.0
8.35,0,0.0,0.0,0.0
2.36,0,0.0,0.0,0.0
2.36,0,0.0,0.0,0.0
2.36,0,0.0,0.0,0.0
2.36,0,0.0,0.0,0.0
2.36,0,0.0,0.0,0.0
2.36,0,0.0,0.0,0.0
2.36,0,0.0,0.0,0.0
2.36,0,0.0,0.0,0.0
2.36,0,0.0,0.0,0.0
2.36,0,1.98,0.0,0.0
4.77,0,2.71,0.0,0.0
7.16,0,0.0,0.0,0.0
10.74,0,0.0,0.0,0.0
10.74,0,0.0,0.0,0.0
10.74,0,3.03,0.0,0.0
10.74,0,20.53,0.0,0.0
10.74,0,38.68,0.0,0.0
10.74,0,53.97,0.0,0.0
10.74,0,67.12,0.0,0.0
10.74,0,63.0,0.0,0.0
10.74,0,49.25,0.0,0.0
10.74,0,19.48,0.0,0.0
8.35,0,5.22,0.0,0.0
8.35,0,0.35,0.0,0.0
2.36,0,0.0,0.0,0.0
2.36,0,0.0,0.0,0.0
2.36,0,0.0,0.0,0.0
2.36,0,0.0,0.0,0.0
1.77,0,0.0,0.0,0.0
1.77,0,0.0,0.0,0.0
1.77,0,0.0,0.0,0.0
1.77,0,0.0,0.0,0.0
1.77,0,0.0,0.0,0.0
1.77,0,1.35,0.0,0.0
3.58,0,2.97,0.0,0.0
5.97,0,0.0,0.0,0.0
9.55,0,0.0,0.0,0.0
10.74,0,0.0,0.0,0.0
10.74,0,0.0,0.0,0.0
10.74,0,0.4,0.0,0.0
10.74,0,3.75,0.0,0.0
10.74,0,12.87,0.0,0.0
10.74,0,23.91,0.0,0.0
10.74,0,33.79,0.0,0.0
10.74,0,26.08,0.0,0.0
8.35,0,5.48,0.0,0.0
5.97,0,4.13,0.0,0.0
5.97,0,0.0,0.0,0.0
3.58,0,0.0,0.0,0.0
1.77,0,0.0,0.0,0.0
1.77,0,0.0,0.0,0.0
1.77,0,0.0,0.0,0.0
1.77,0,0.0,0.0,0.0
1.77,0,0.0,0.0,0.0
1.77,0,0.0,0.0,0.0
1.77,0,0.0,0.0,0.0
1.77,0,0.0,0.0,0.0
1.77,0,0.0,0.0,0.0
1.77,0,0.0,0.0,0.0
1.77,0,0.0,0.0,0.0
3.58,0,0.38,0.0,0.0
7.16,0,2.84,0.0,0.0
7.16,0,3.15,0.0,0.0
9.55,0,12.13,0.0,0.0
9.55,0,32.73,0.0,0.0
9.55,0,41.28,0.0,0.0
9.55,0,40.39,0.0,0.0
9.55,0,39.36,0.0,0.0
7.16,0,26.4,0.0,0.0
4.77,0,12.81,0.0,0.0
1.77,0,0.24,0.0,0.0
1.77,0,0.0,0.0,0.0
1.77,0,0.0,0.0,0.0
1.77,0,0.0,0.0,0.0
1.77,0,0.0,0.0,0.0
1.77,0,0.0,0.0,0.0
2.36,0,0.0,0.0,0.0
2.36,0,0.0,0.0,0.0
2.36,0,0.0,0.0,0.0
2.36,0,0.0,0.0,0.0
2.36,0,0.0,0.0,0.0
2.36,0,1.27,0.0,0.0
4.77,0,0.59,0.0,0.0
7.16,0,0.44,0.0,0.0
10.74,0,3.27,0.0,0.0
10.74,0,23.35,0.0,0.0
10.74,0,56.42,0.0,0.0
10.74,0,68.34,0.0,0.0
10.74,0,77.83,0.0,0.0
10.74,0,83.36,0.0,0.0
10.74,0,89.07,0.0,0.0
10.74,0,86.96,0.0,0.0
10.74,0,76.36,0.0,0.0
10.74,0,62.09,0.0,0.0
8.35,0,44.43,0.0,0.0
8.35,0,37.45,0.0,0.0
2.36,0,2.65,0.0,0.0
2.36,0,1.32,0.0,0.0
2.36,0,0.64,0.0,0.0
2.36,0,0.55,0.0,0.0
2.36,0,0.0,0.0,0.0
2.36,0,0.0,0.0,0.0
2.36,0,0.0,0.0,0.0
2.36,0,0.0,0.0,0.0
2.36,0,0.0,0.0,0.0
2.36,0,1.28,0.0,0.0
4.77,0,0.6,0.0,0.0
7.16,0,0.88,0.0,0.0
10.74,0,22.62,0.0,0.0
10.74,0,54.08,0.0,0.0
10.74,0,77.0,0.0,0.0
10.74,0,92.16,0.0,0.0
10.74,0,103.11,0.0,0.0
10.74,0,107.82,0.0,0.0
10.74,0,109.92,0.0,0.0
10.74,0,103.33,0.0,0.0
10.74,0,88.89,0.0,0.0
10.74,0,75.4,0.0,0.0
8.35,0,59.08,0.0,0.0
8.35,0,53.81,0.0,0.0
2.36,0,4.19,0.0,0.0
2.36,0,3.33,0.0,0.0
2.36,0,1.91,0.0,0.0
2.36,0,2.5,0.0,0.0
2.36,0,0.69,0.0,0.0
2.36,0,0.64,0.0,0.0
2.36,0,0.58,0.0,0.0
2.36,0,0.0,0.0,0.0
2.36,0,0.0,0.0,0.0
2.36,0,2.72,0.0,0.0
4.77,0,6.77,0.0,0.0
7.16,0,17.26,0.0,0.0
10.74,0,52.27,0.0,0.0
10.74,0,65.34,0.0,0.0
10.74,0,83.34,0.0,0.0
10.74,0,86.37,0.0,0.0
10.74,0,86.37,0.0,0.0
10.74,0,88.06,0.0,0.0
10.74,0,88.68,0.0,0.0
10.74,0,86.9,0.0,0.0
10.74,0,78.9,0.0,0.0
10.74,0,68.98,0.0,0.0
8.35,0,55.15,0.0,0.0
8.35,0,51.21,0.0,0.0
2.36,0,2.64,0.0,0.0
2.36,0,0.97,0.0,0.0
2.36,0,1.3,0.0,0.0
2.36,0,0.6,0.0,0.0
2.36,0,0.0,0.0,0.0
2.36,0,0.0,0.0,0.0
2.36,0,0.0,0.0,0.0
2.36,0,0.0,0.0,0.0
2.36,0,0.0,0.0,0.0
2.36,0,1.57,0.0,0.0
4.77,0,0.78,0.0,0.0
7.16,0,8.63,0.0,0.0
10.74,0,51.28,0.0,0.0
10.74,0,68.83,0.0,0.0
10.74,0,88.08,0.0,0.0
10.74,0,97.25,0.0,0.0
10.74,0,102.41,0.0,0.0
10.74,0,103.7,0.0,0.0
10.74,0,103.49,0.0,0.0
10.74,0,93.41,0.0,0.0
10.74,0,82.96,0.0,0.0
10.74,0,71.65,0.0,0.0
8.35,0,55.59,0.0,0.0
8.35,0,48.74,0.0,0.0
2.36,0,1.15,0.0,0.0
2.36,0,2.09,0.0,0.0
2.36,0,0.63,0.0,0.0
2.36,0,0.0,0.0,0.0
2.36,0,0.0,0.0,0.0
2.36,0,0.0,0.0,0.0
2.36,0,0.0,0.0,0.0
2.36,0,0.0,0.0,0.0
2.36,0,0.0,0.0,0.0
2.36,0,1.48,0.0,0.0
4.77,0,3.69,0.0,0.0
7.16,0,10.7,0.0,0.0
10.74,0,50.2,0.0,0.0
10.74,0,66.01,0.0,0.0
10.74,0,86.61,0.0,0.0
10.74,0,97.68,0.0,0.0
10.74,0,104.85,0.0,0.0
10.74,0,107.11,0.0,0.0
10.74,0,111.78,0.0,0.0
10.74,0,107.71,0.0,0.0
10.74,0,97.22,0.0,0.0
10.74,0,80.2,0.0,0.0
8.35,0,61.66,0.0,0.0
8.35,0,58.56,0.0,0.0
2.36,0,4.02,0.0,0.0
2.36,0,3.35,0.0,0.0
2.36,0,1.26,0.0,0.0
2.36,0,1.36,0.0,0.0
1.77,0,0.59,0.0,0.0
1.77,0,0.0,0.0,0.0
1.77,0,0.0,0.0,0.0
1.77,0,0.0,0.0,0.0
1.77,0,0.0,0.0,0.0
1.77,0,1.87,0.0,0.0
3.58,0,3.62,0.0,0.0
5.97,0,8.41,0.0,0.0
9.55,0,45.32,0.0,0.0
10.74,0,74.22,0.0,0.0
10.74,0,91.32,0.0,0.0
10.74,0,95.68,0.0,0.0
10.74,0,96.84,0.0,0.0
10.74,0,96.35,0.0,0.0
10.74,0,98.76,0.0,0.0
10.74,0,100.32,0.0,0.0
10.74,0,92.82,0.0,0.0
8.35,0,65.07,0.0,0.0
5.97,0,51.35,0.0,0.0
5.97,0,47.64,0.0,0.0
3.58,0,35.86,0.0,0.0
1.77,0,0.91,0.0,0.0
1.77,0,1.73,0.0,0.0
1.77,0,0.76,0.0,0.0
1.77,0,0.0,0.0,0.0
1.77,0,0.0,0.0,0.0
1.77,0,0.0,0.0,0.0
1.77,0,0.0,0.0,0.0
1.77,0,0.0,0.0,0.0
1.77,0,0.0,0.0,0.0
1.77,0,0.0,0.0,0.0
1.77,0,0.0,0.0,0.0
3.58,0,3.42,0.0,0.0
7.16,0,22.98,0.0,0.0
7.16,0,42.14,0.0,0.0
9.55,0,60.66,0.0,0.0
9.55,0,69.31,0.0,0.0
9.55,0,69.68,0.0,0.0
9.55,0,69.38,0.0,0.0
9.55,0,67.09,0.0,0.0
7.16,0,52.13,0.0,0.0
4.77,0,35.15,0.0,0.0
1.77,0,1.77,0.0,0.0
1.77,0,1.34,0.0,0.0
1.77,0,0.64,0.0,0.0
1.77,0,0.0,0.0,0.0
1.77,0,0.0,0.0,0.0
1.77,0,0.0,0.0,0.0
2.36,0,0.0,0.0,0.0
2.36,0,0.0,0.0,0.0
2.36,0,0.0,0.0,0.0
2.36,0,0.0,0.0,0.0
2.36,0,0.0,0.0,0.0
2.36,0,1.29,0.0,0.0
4.77,0,0.55,0.0,0.0
7.16,0,0.28,0.0,0.0
10.74,0,0.0,0.0,0.0
10.74,0,0.0,0.0,0.0
10.74,0,0.0,0.0,0.0
10.74,0,0.38,0.0,0.0
10.74,0,1.62,0.0,0.0
10.74,0,2.43,0.0,0.0
10.74,0,2.15,0.0,0.0
10.74,0,1.32,0.0,0.0
10.74,0,0.57,0.0,0.0
10.74,0,0.38,0.0,0.0
8.35,0,0.37,0.0,0.0
8.35,0,0.0,0.0,0.0
2.36,0,0.0,0.0,0.0
2.36,0,0.0,0.0,0.0
2.36,0,0.0,0.0,0.0
2.36,0,0.0,0.0,0.0
2.36,0,0.0,0.0,0.0
2.36,0,0.0,0.0,0.0
2.36,0,0.0,0.0,0.0
2.36,0,0.0,0.0,0.0
2.36,0,0.0,0.0,0.0
2.36,0,1.18,0.0,0.0
4.77,0,0.56,0.0,0.0
7.16,0,0.17,0.0,0.0
10.74,0,3.3,0.0,0.0
10.74,0,5.47,0.0,0.0
10.74,0,10.51,0.0,0.0
10.74,0,12.04,0.0,0.0
10.74,0,10.94,0.0,0.0
10.74,0,16.47,0.0,0.0
10.74,0,24.74,0.0,0.0
10.74,0,28.51,0.0,0.0
10.74,0,24.77,0.0,0.0
10.74,0,12.3,0.0,0.0
8.35,0,7.92,0.0,0.0
8.35,0,1.18,0.0,0.0
2.36,0,0.0,0.0,0.0
2.36,0,0.0,0.0,0.0
2.36,0,0.0,0.0,0.0
2.36,0,0.0,0.0,0.0
2.36,0,0.0,0.0,0.0
2.36,0,0.0,0.0,0.0
2.36,0,0.0,0.0,0.0
2.36,0,0.0,0.0,0.0
2.36,0,0.0,0.0,0.0
2.36,0,1.6,0.0,0.0
4.77,0,3.62,0.0,0.0
7.16,0,0.0,0.0,0.0
10.74,0,2.42,0.0,0.0
10.74,0,11.94,0.0,0.0
10.74,0,29.03,0.0,0.0
10.74,0,47.21,0.0,0.0
10.74,0,60.17,0.0,0.0
10.74,0,64.41,0.0,0.0
10.74,0,69.57,0.0,0.0
10.74,0,65.14,0.0,0.0
10.74,0,51.91,0.0,0.0
10.74,0,33.07,0.0,0.0
8.35,0,10.26,0.0,0.0
8.35,0,3.55,0.0,0.0
2.36,0,0.37,0.0,0.0
2.36,0,0.0,0.0,0.0
2.36,0,0.0,0.0,0.0
2.36,0,0.0,0.0,0.0
2.36,0,0.0,0.0,0.0
2.36,0,0.0,0.0,0.0
2.36,0,0.0,0.0,0.0
2.36,0,0.0,0.0,0.0
2.36,0,0.0,0.0,0.0
2.36,0,1.6,0.0,0.0
4.77,0,4.51,0.0,0.0
7.16,0,4.7,0.0,0.0
10.74,0,21.66,0.0,0.0
10.74,0,27.61,0.0,0.0
10.74,0,19.17,0.0,0.0
10.74,0,0.37,0.0,0.0
10.74,0,0.0,0.0,0.0
10.74,0,0.0,0.0,0.0
10.74,0,0.0,0.0,0.0
10.74,0,0.0,0.0,0.0
10.74,0,0.0,0.0,0.0
10.74,0,0.0,0.0,0.0
8.35,0,0.0,0.0,0.0
8.35,0,0.0,0.0,0.0
2.36,0,0.0,0.0,0.0
2.36,0,0.0,0.0,0.0
2.36,0,0.0,0.0,0.0
2.36,0,0.0,0.0,0.0
2.36,0,0.0,0.0,0.0
2.36,0,0.0,0.0,0.0
2.36,0,0.0,0.0,0.0
2.36,0,0.0,0.0,0.0
2.36,0,0.31,0.0,0.0
2.36,0,0.98,0.0,0.0
4.77,0,0.0,0.0,0.0
7.16,0,0.88,0.0,0.0
10.74,0,1.99,0.0,0.0
10.74,0,2.77,0.0,0.0
10.74,0,2.59,0.0,0.0
10.74,0,2.81,0.0,0.0
10.74,0,5.25,0.0,0.0
10.74,0,7.99,0.0,0.0
10.74,0,9.99,0.0,0.0
10.74,0,9.32,0.0,0.0
10.74,0,6.5,0.0,0.0
10.74,0,3.02,0.0,0.0
8.35,0,2.76,0.0,0.0
8.35,0,0.0,0.0,0.0
2.36,0,0.0,0.0,0.0
2.36,0,0.0,0.0,0.0
2.36,0,0.0,0.0,0.0
2.36,0,0.0,0.0,0.0
1.77,0,0.0,0.0,0.0
1.77,0,0.0,0.0,0.0
1.77,0,0.0,0.0,0.0
1.77,0,0.0,0.0,0.0
1.77,0,0.0,0.0,0.0
1.77,0,0.9,0.0,0.0
3.58,0,0.0,0.0,0.0
5.97,0,0.1,0.0,0.0
9.55,0,1.69,0.0,0.0
10.74,0,0.0,0.0,0.0
10.74,0,0.18,0.0,0.0
10.74,0,2.42,0.0,0.0
10.74,0,7.64,0.0,0.0
10.74,0,11.16,0.0,0.0
10.74,0,13.02,0.0,0.0
10.74,0,11.02,0.0,0.0
10.74,0,7.08,0.0,0.0
8.35,0,0.24,0.0,0.0
5.97,0,0.32,0.0,0.0
5.97,0,0.0,0.0,0.0
3.58,0,5.23,0.0,0.0
1.77,0,0.0,0.0,0.0
1.77,0,0.0,0.0,0.0
1.77,0,0.0,0.0,0.0
1.77,0,0.0,0.0,0.0
1.77,0,0.0,0.0,0.0
1.77,0,0.0,0.0,0.0
1.77,0,0.0,0.0,0.0
1.77,0,0.0,0.0,0.0
1.77,0,0.0,0.0,0.0
1.77,0,0.0,0.0,0.0
1.77,0,0.0,0.0,0.0
3.58,0,1.3,0.0,0.0
7.16,0,3.75,0.0,0.0
7.16,0,15.28,0.0,0.0
9.55,0,37.24,0.0,0.0
9.55,0,47.21,0.0,0.0
9.55,0,52.46,0.0,0.0
9.55,0,52.97,0.0,0.0
9.55,0,48.6,0.0,0.0
7.16,0,32.4,0.0,0.0
4.77,0,16.68,0.0,0.0
1.77,0,0.68,0.0,0.0
1.77,0,0.56,0.0,0.0
1.77,0,0.0,0.0,0.0
1.77,0,0.0,0.0,0.0
1.77,0,0.0,0.0,0.0
1.77,0,0.0,0.0,0.0
2.36,0,0.0,0.0,0.0
2.36,0,0.0,0.0,0.0
2.36,0,0.0,0.0,0.0
2.36,0,0.0,0.0,0.0
2.36,0,0.0,0.0,0.0
2.36,0,1.36,0.0,0.0
4.77,0,0.67,0.0,0.0
7.16,0,2.48,0.0,0.0
10.74,0,24.54,0.0,0.0
10.74,0,48.1,0.0,0.0
10.74,0,63.35,0.0,0.0
10.74,0,72.63,0.0,0.0
10.74,0,77.12,0.0,0.0
10.74,0,81.74,0.0,0.0
10.74,0,87.29,0.0,0.0
10.74,0,84.59,0.0,0.0
10.74,0,73.96,0.0,0.0
10.74,0,58.96,0.0,0.0
8.35,0,40.94,0.0,0.0
8.35,0,35.37,0.0,0.0
2.36,0,2.06,0.0,0.0
2.36,0,0.84,0.0,0.0
2.36,0,0.61,0.0,0.0
2.36,0,0.44,0.0,0.0
2.36,0,0.0,0.0,0.0
2.36,0,0.0,0.0,0.0
2.36,0,0.0,0.0,0.0
2.36,0,0.0,0.0,0.0
2.36,0,0.0,0.0,0.0
2.36,0,1.28,0.0,0.0
4.77,0,0.61,0.0,0.0
7.16,0,0.64,0.0,0.0
10.74,0,28.2,0.0,0.0
10.74,0,57.07,0.0,0.0
10.74,0,78.61,0.0,0.0
10.74,0,83.4,0.0,0.0
10.74,0,88.73,0.0,0.0
10.74,0,93.71,0.0,0.0
10.74,0,91.68,0.0,0.0
10.74,0,85.15,0.0,0.0
10.74,0,75.48,0.0,0.0
10.74,0,62.13,0.0,0.0
8.35,0,44.18,0.0,0.0
8.35,0,38.37,0.0,0.0
2.36,0,2.57,0.0,0.0
2.36,0,2.08,0.0,0.0
2.36,0,0.63,0.0,0.0
2.36,0,0.0,0.0,0.0
2.36,0,0.0,0.0,0.0
2.36,0,0.0,0.0,0.0
2.36,0,0.0,0.0,0.0
2.36,0,0.0,0.0,0.0
2.36,0,0.0,0.0,0.0
2.36,0,1.29,0.0,0.0
4.77,0,1.47,0.0,0.0
7.16,0,8.82,0.0,0.0
10.74,0,46.27,0.0,0.0
10.74,0,59.75,0.0,0.0
10.74,0,71.73,0.0,0.0
10.74,0,75.78,0.0,0.0
10.74,0,79.89,0.0,0.0
10.74,0,84.59,0.0,0.0
10.74,0,87.83,0.0,0.0
10.74,0,82.5,0.0,0.0
10.74,0,71.67,0.0,0.0
10.74,0,60.99,0.0,0.0
8.35,0,48.09,0.0,0.0
8.35,0,44.45,0.0,0.0
2.36,0,1.97,0.0,0.0
2.36,0,1.31,0.0,0.0
2.36,0,0.62,0.0,0.0
2.36,0,0.0,0.0,0.0
2.36,0,0.0,0.0,0.0
2.36,0,0.0,0.0,0.0
2.36,0,0.0,0.0,0.0
2.36,0,0.0,0.0,0.0
2.36,0,0.0,0.0,0.0
2.36,0,1.87,0.0,0.0
4.77,0,10.89,0.0,0.0
7.16,0,21.17,0.0,0.0
10.74,0,60.19,0.0,0.0
10.74,0,77.02,0.0,0.0
10.74,0,95.95,0.0,0.0
10.74,0,102.98,0.0,0.0
10.74,0,105.23,0.0,0.0
10.74,0,108.19,0.0,0.0
10.74,0,111.86,0.0,0.0
10.74,0,105.53,0.0,0.0
10.74,0,92.07,0.0,0.0
10.74,0,78.53,0.0,0.0
8.35,0,61.01,0.0,0.0
8.35,0,53.99,0.0,0.0
2.36,0,2.94,0.0,0.0
2.36,0,1.48,0.0,0.0
2.36,0,0.76,0.0,0.0
2.36,0,0.7,0.0,0.0
2.36,0,0.0,0.0,0.0
2.36,0,0.0,0.0,0.0
2.36,0,0.0,0.0,0.0
2.36,0,0.0,0.0,0.0
2.36,0,0.0,0.0,0.0
2.36,0,2.14,0.0,0.0
4.77,0,6.56,0.0,0.0
7.16,0,25.77,0.0,0.0
10.74,0,69.42,0.0,0.0
10.74,0,88.76,0.0,0.0
10.74,0,102.44,0.0,0.0
10.74,0,105.09,0.0,0.0
10.74,0,110.24,0.0,0.0
10.74,0,112.38,0.0,0.0
10.74,0,108.28,0.0,0.0
10.74,0,101.59,0.0,0.0
10.74,0,92.98,0.0,0.0
10.74,0,82.38,0.0,0.0
8.35,0,64.84,0.0,0.0
8.35,0,55.56,0.0,0.0
2.36,0,4.78,0.0,0.0
2.36,0,2.6,0.0,0.0
2.36,0,0.69,0.0,0.0
2.36,0,0.71,0.0,0.0
1.77,0,0.65,0.0,0.0
1.77,0,0.0,0.0,0.0
1.77,0,0.0,0.0,0.0
1.77,0,0.0,0.0,0.0
1.77,0,0.0,0.0,0.0
1.77,0,1.42,0.0,0.0
3.58,0,0.24,0.0,0.0
5.97,0,3.2,0.0,0.0
9.55,0,2.93,0.0,0.0
10.74,0,3.88,0.0,0.0
10.74,0,3.79,0.0,0.0
10.74,0,0.71,0.0,0.0
10.74,0,5.02,0.0,0.0
10.74,0,13.18,0.0,0.0
10.74,0,23.95,0.0,0.0
10.74,0,37.55,0.0,0.0
10.74,0,35.21,0.0,0.0
8.35,0,10.2,0.0,0.0
5.97,0,4.33,0.0,0.0
5.97,0,0.53,0.0,0.0
3.58,0,0.29,0.0,0.0
1.77,0,0.0,0.0,0.0
1.77,0,0.0,0.0,0.0
1.77,0,0.0,0.0,0.0
1.77,0,0.0,0.0,0.0
1.77,0,0.0,0.0,0.0
1.77,0,0.0,0.0,0.0
1.77,0,0.0,0.0,0.0
1.77,0,0.0,0.0,0.0
1.77,0,0.0,0.0,0.0
1.77,0,0.0,0.0,0.0
1.77,0,0.08,0.0,0.0
3.58,0,2.11,0.0,0.0
7.16,0,8.72,0.0,0.0
7.16,0,21.29,0.0,0.0
9.55,0,38.22,0.0,0.0
9.55,0,45.26,0.0,0.0
9.55,0,47.45,0.0,0.0
9.55,0,40.22,0.0,0.0
9.55,0,35.06,0.0,0.0
7.16,0,23.08,0.0,0.0
4.77,0,7.44,0.0,0.0
1.77,0,0.0,0.0,0.0
1.77,0,0.0,0.0,0.0
1.77,0,0.0,0.0,0.0
1.77,0,0.0,0.0,0.0
1.77,0,0.0,0.0,0.0
1.77,0,0.0,0.0,0.0
2.36,0,0.0,0.0,0.0
2.36,0,0.0,0.0,0.0
2.36,0,0.0,0.0,0.0
2.36,0,0.0,0.0,0.0
2.36,0,0.0,0.0,0.0
2.36,0,1.88,0.0,0.0
4.77,0,10.1,0.0,0.0
7.16,0,12.88,0.0,0.0
10.74,0,48.02,0.0,0.0
10.74,0,71.73,0.0,0.0
10.74,0,88.34,0.0,0.0
10.74,0,93.67,0.0,0.0
10.74,0,96.69,0.0,0.0
10.74,0,99.07,0.0,0.0
10.74,0,100.61,0.0,0.0
10.74,0,96.48,0.0,0.0
10.74,0,85.94,0.0,0.0
10.74,0,73.95,0.0,0.0
8.35,0,58.47,0.0,0.0
8.35,0,53.57,0.0,0.0
2.36,0,2.16,0.0,0.0
2.36,0,0.79,0.0,0.0
2.36,0,0.79,0.0,0.0
2.36,0,0.53,0.0,0.0
2.36,0,0.0,0.0,0.0
2.36,0,0.0,0.0,0.0
2.36,0,0.0,0.0,0.0
2.36,0,0.0,0.0,0.0
2.36,0,0.0,0.0,0.0
2.36,0,2.24,0.0,0.0
4.77,0,9.95,0.0,0.0
7.16,0,30.78,0.0,0.0
10.74,0,69.72,0.0,0.0
10.74,0,85.21,0.0,0.0
10.74,0,98.05,0.0,0.0
10.74,0,97.09,0.0,0.0
10.74,0,100.3,0.0,0.0
10.74,0,106.59,0.0,0.0
10.74,0,112.4,0.0,0.0
10.74,0,109.09,0.0,0.0
10.74,0,98.38,0.0,0.0
10.74,0,85.29,0.0,0.0
8.35,0,68.09,0.0,0.0
8.35,0,61.37,0.0,0.0
2.36,0,5.32,0.0,0.0
2.36,0,3.07,0.0,0.0
2.36,0,0.79,0.0,0.0
2.36,0,0.71,0.0,0.0
2.36,0,0.67,0.0,0.0
2.36,0,0.61,0.0,0.0
2.36,0,0.0,0.0,0.0
2.36,0,0.0,0.0,0.0
2.36,0,0.0,0.0,0.0
2.36,0,2.27,0.0,0.0
4.77,0,12.18,0.0,0.0
7.16,0,38.1,0.0,0.0
10.74,0,76.96,0.0,0.0
10.74,0,89.06,0.0,0.0
10.74,0,100.51,0.0,0.0
10.74,0,105.06,0.0,0.0
10.74,0,111.95,0.0,0.0
10.74,0,112.94,0.0,0.0
10.74,0,111.51,0.0,0.0
10.74,0,104.55,0.0,0.0
10.74,0,97.35,0.0,0.0
10.74,0,87.03,0.0,0.0
8.35,0,69.73,0.0,0.0
8.35,0,63.33,0.0,0.0
2.36,0,5.73,0.0,0.0
2.36,0,2.79,0.0,0.0
2.36,0,3.15,0.0,0.0
2.36,0,1.44,0.0,0.0
2.36,0,0.8,0.0,0.0
2.36,0,0.74,0.0,0.0
2.36,0,0.71,0.0,0.0
2.36,0,0.65,0.0,0.0
2.36,0,0.0,0.0,0.0
2.36,0,4.36,0.0,0.0
4.77,0,24.62,0.0,0.0
7.16,0,48.64,0.0,0.0
10.74,0,83.19,0.0,0.0
10.74,0,92.46,0.0,0.0
10.74,0,102.69,0.0,0.0
10.74,0,106.04,0.0,0.0
10.74,0,108.76,0.0,0.0
10.74,0,110.96,0.0,0.0
10.74,0,115.08,0.0,0.0
10.74,0,113.01,0.0,0.0
10.74,0,103.9,0.0,0.0
10.74,0,90.5,0.0,0.0
8.35,0,73.24,0.0,0.0
8.35,0,67.49,0.0,0.0
2.36,0,5.66,0.0,0.0
2.36,0,4.61,0.0,0.0
2.36,0,1.19,0.0,0.0
2.36,0,0.78,0.0,0.0
2.36,0,0.62,0.0,0.0
2.36,0,0.0,0.0,0.0
2.36,0,0.0,0.0,0.0
2.36,0,0.0,0.0,0.0
2.36,0,0.0,0.0,0.0
2.36,0,2.36,0.0,0.0
4.77,0,9.59,0.0,0.0
7.16,0,32.67,0.0,0.0
10.74,0,71.26,0.0,0.0
10.74,0,82.37,0.0,0.0
10.74,0,96.39,0.0,0.0
10.74,0,107.28,0.0,0.0
10.74,0,112.09,0.0,0.0
10.74,0,110.14,0.0,0.0
10.74,0,99.11,0.0,0.0
10.74,0,84.02,0.0,0.0
10.74,0,74.62,0.0,0.0
10.74,0,64.06,0.0,0.0
8.35,0,49.66,0.0,0.0
8.35,0,46.56,0.0,0.0
2.36,0,2.16,0.0,0.0
2.36,0,1.49,0.0,0.0
2.36,0,0.73,0.0,0.0
2.36,0,0.71,0.0,0.0
1.77,0,0.0,0.0,0.0
1.77,0,0.0,0.0,0.0
1.77,0,0.0,0.0,0.0
1.77,0,0.0,0.0,0.0
1.77,0,0.0,0.0,0.0
1.77,0,2.15,0.0,0.0
3.58,0,3.97,0.0,0.0
5.97,0,7.26,0.0,0.0
9.55,0,35.47,0.0,0.0
10.74,0,53.69,0.0,0.0
10.74,0,72.47,0.0,0.0
10.74,0,83.33,0.0,0.0
10.74,0,88.37,0.0,0.0
10.74,0,93.61,0.0,0.0
10.74,0,88.78,0.0,0.0
10.74,0,78.37,0.0,0.0
10.74,0,64.69,0.0,0.0
8.35,0,38.92,0.0,0.0
5.97,0,28.08,0.0,0.0
5.97,0,22.9,0.0,0.0
3.58,0,13.49,0.0,0.0
1.77,0,0.0,0.0,0.0
1.77,0,0.0,0.0,0.0
1.77,0,0.0,0.0,0.0
1.77,0,0.0,0.0,0.0
1.77,0,0.0,0.0,0.0
1.77,0,0.0,0.0,0.0
1.77,0,0.0,0.0,0.0
1.77,0,0.0,0.0,0.0
1.77,0,0.0,0.0,0.0
1.77,0,0.0,0.0,0.0
1.77,0,0.14,0.0,0.0
3.58,0,3.22,0.0,0.0
7.16,0,2.43,0.0,0.0
7.16,0,5.91,0.0,0.0
9.55,0,7.78,0.0,0.0
9.55,0,16.45,0.0,0.0
9.55,0,25.08,0.0,0.0
9.55,0,43.37,0.0,0.0
9.55,0,46.97,0.0,0.0
7.16,0,32.36,0.0,0.0
4.77,0,19.49,0.0,0.0
1.77,0,0.0,0.0,0.0
1.77,0,0.0,0.0,0.0
1.77,0,0.0,0.0,0.0
1.77,0,0.0,0.0,0.0
1.77,0,0.0,0.0,0.0
1.77,0,0.0,0.0,0.0
2.36,0,0.0,0.0,0.0
2.36,0,0.0,0.0,0.0
2.36,0,0.0,0.0,0.0
2.36,0,0.0,0.0,0.0
2.36,0,0.0,0.0,0.0
2.36,0,2.42,0.0,0.0
4.77,0,4.16,0.0,0.0
7.16,0,5.55,0.0,0.0
10.74,0,34.64,0.0,0.0
10.74,0,37.37,0.0,0.0
10.74,0,31.57,0.0,0.0
10.74,0,35.3,0.0,0.0
10.74,0,63.33,0.0,0.0
10.74,0,89.14,0.0,0.0
10.74,0,102.15,0.0,0.0
10.74,0,98.14,0.0,0.0
10.74,0,89.32,0.0,0.0
10.74,0,78.6,0.0,0.0
8.35,0,60.77,0.0,0.0
8.35,0,54.08,0.0,0.0
2.36,0,0.83,0.0,0.0
2.36,0,0.75,0.0,0.0
2.36,0,0.64,0.0,0.0
2.36,0,0.0,0.0,0.0
2.36,0,0.0,0.0,0.0
2.36,0,0.0,0.0,0.0
2.36,0,0.0,0.0,0.0
2.36,0,0.0,0.0,0.0
2.36,0,0.0,0.0,0.0
2.36,0,2.38,0.0,0.0
4.77,0,21.52,0.0,0.0
7.16,0,8.93,0.0,0.0
10.74,0,0.55,0.0,0.0
10.74,0,0.59,0.0,0.0
10.74,0,2.0,0.0,0.0
10.74,0,6.98,0.0,0.0
10.74,0,7.52,0.0,0.0
10.74,0,6.73,0.0,0.0
10.74,0,7.12,0.0,0.0
10.74,0,8.0,0.0,0.0
10.74,0,6.88,0.0,0.0
10.74,0,1.16,0.0,0.0
8.35,0,1.21,0.0,0.0
8.35,0,0.0,0.0,0.0
2.36,0,0.0,0.0,0.0
2.36,0,0.0,0.0,0.0
2.36,0,0.0,0.0,0.0
2.36,0,0.0,0.0,0.0
2.36,0,0.0,0.0,0.0
2.36,0,0.0,0.0,0.0
2.36,0,0.0,0.0,0.0
2.36,0,0.0,0.0,0.0
2.36,0,0.0,0.0,0.0
2.36,0,2.86,0.0,0.0
4.77,0,1.92,0.0,0.0
7.16,0,6.15,0.0,0.0
10.74,0,36.71,0.0,0.0
10.74,0,57.84,0.0,0.0
10.74,0,76.84,0.0,0.0
10.74,0,82.74,0.0,0.0
10.74,0,99.92,0.0,0.0
10.74,0,102.63,0.0,0.0
10.74,0,90.2,0.0,0.0
10.74,0,63.46,0.0,0.0
10.74,0,27.15,0.0,0.0
10.74,0,44.07,0.0,0.0
8.35,0,37.11,0.0,0.0
8.35,0,36.59,0.0,0.0
2.36,0,0.0,0.0,0.0
2.36,0,0.0,0.0,0.0
2.36,0,0.0,0.0,0.0
2.36,0,0.0,0.0,0.0
2.36,0,0.0,0.0,0.0
2.36,0,0.0,0.0,0.0
2.36,0,0.0,0.0,0.0
2.36,0,0.0,0.0,0.0
2.36,0,0.0,0.0,0.0
2.36,0,1.89,0.0,0.0
4.77,0,3.66,0.0,0.0
7.16,0,3.95,0.0,0.0
10.74,0,38.36,0.0,0.0
10.74,0,54.87,0.0,0.0
10.74,0,68.08,0.0,0.0
10.74,0,77.9,0.0,0.0
10.74,0,85.06,0.0,0.0
10.74,0,84.08,0.0,0.0
10.74,0,87.03,0.0,0.0
10.74,0,84.07,0.0,0.0
10.74,0,74.58,0.0,0.0
10.74,0,64.68,0.0,0.0
8.35,0,53.21,0.0,0.0
8.35,0,49.19,0.0,0.0
2.36,0,0.79,0.0,0.0
2.36,0,0.65,0.0,0.0
2.36,0,0.0,0.0,0.0
2.36,0,0.0,0.0,0.0
2.36,0,0.0,0.0,0.0
2.36,0,0.0,0.0,0.0
2.36,0,0.0,0.0,0.0
2.36,0,0.0,0.0,0.0
2.36,0,0.0,0.0,0.0
2.36,0,1.56,0.0,0.0
4.77,0,3.15,0.0,0.0
7.16,0,10.07,0.0,0.0
10.74,0,46.66,0.0,0.0
10.74,0,59.63,0.0,0.0
10.74,0,75.73,0.0,0.0
10.74,0,86.88,0.0,0.0
10.74,0,100.44,0.0,0.0
10.74,0,108.97,0.0,0.0
10.74,0,114.8,0.0,0.0
10.74,0,106.8,0.0,0.0
10.74,0,94.89,0.0,0.0
10.74,0,84.23,0.0,0.0
8.35,0,67.98,0.0,0.0
8.35,0,63.62,0.0,0.0
2.36,0,3.06,0.0,0.0
2.36,0,4.92,0.0,0.0
2.36,0,0.72,0.0,0.0
2.36,0,0.7,0.0,0.0
1.77,0,0.71,0.0,0.0
1.77,0,0.0,0.0,0.0
1.77,0,0.0,0.0,0.0
1.77,0,0.0,0.0,0.0
1.77,0,0.0,0.0,0.0
1.77,0,1.77,0.0,0.0
3.58,0,7.63,0.0,0.0
5.97,0,7.81,0.0,0.0
9.55,0,28.41,0.0,0.0
10.74,0,44.77,0.0,0.0
10.74,0,64.78,0.0,0.0
10.74,0,74.25,0.0,0.0
10.74,0,89.21,0.0,0.0
10.74,0,87.74,0.0,0.0
10.74,0,82.12,0.0,0.0
10.74,0,82.98,0.0,0.0
10.74,0,73.92,0.0,0.0
8.35,0,47.05,0.0,0.0
5.97,0,33.73,0.0,0.0
5.97,0,28.5,0.0,0.0
3.58,0,15.93,0.0,0.0
1.77,0,0.0,0.0,0.0
1.77,0,0.0,0.0,0.0
1.77,0,0.0,0.0,0.0
1.77,0,0.0,0.0,0.0
1.77,0,0.0,0.0,0.0
1.77,0,0.0,0.0,0.0
1.77,0,0.0,0.0,0.0
1.77,0,0.0,0.0,0.0
1.77,0,0.0,0.0,0.0
1.77,0,0.0,0.0,0.0
1.77,0,3.2,0.0,0.0
3.58,0,5.09,0.0,0.0
7.16,0,31.9,0.0,0.0
7.16,0,45.81,0.0,0.0
9.55,0,62.35,0.0,0.0
9.55,0,70.2,0.0,0.0
9.55,0,76.93,0.0,0.0
9.55,0,78.84,0.0,0.0
9.55,0,76.92,0.0,0.0
7.16,0,61.49,0.0,0.0
4.77,0,42.95,0.0,0.0
1.77,0,2.43,0.0,0.0
1.77,0,2.57,0.0,0.0
1.77,0,0.67,0.0,0.0
1.77,0,0.59,0.0,0.0
1.77,0,0.0,0.0,0.0
1.77,0,0.0,0.0,0.0
2.36,0,0.0,0.0,0.0
2.36,0,0.0,0.0,0.0
2.36,0,0.0,0.0,0.0
2.36,0,0.0,0.0,0.0
2.36,0,0.0,0.0,0.0
2.36,0,1.87,0.0,0.0
4.77,0,4.04,0.0,0.0
7.16,0,4.47,0.0,0.0
10.74,0,29.87,0.0,0.0
10.74,0,47.53,0.0,0.0
10.74,0,66.06,0.0,0.0
10.74,0,76.53,0.0,0.0
10.74,0,78.48,0.0,0.0
10.74,0,76.29,0.0,0.0
10.74,0,75.61,0.0,0.0
10.74,0,72.33,0.0,0.0
10.74,0,54.87,0.0,0.0
10.74,0,33.37,0.0,0.0
8.35,0,12.71,0.0,0.0
8.35,0,7.98,0.0,0.0
2.36,0,0.89,0.0,0.0
2.36,0,0.28,0.0,0.0
2.36,0,0.22,0.0,0.0
2.36,0,0.0,0.0,0.0
2.36,0,0.0,0.0,0.0
2.36,0,0.0,0.0,0.0
2.36,0,0.0,0.0,0.0
2.36,0,0.0,0.0,0.0
2.36,0,0.0,0.0,0.0
2.36,0,1.09,0.0,0.0
4.77,0,2.53,0.0,0.0
7.16,0,0.07,0.0,0.0
10.74,0,4.28,0.0,0.0
10.74,0,12.73,0.0,0.0
10.74,0,30.96,0.0,0.0
10.74,0,42.53,0.0,0.0
10.74,0,54.27,0.0,0.0
10.74,0,62.45,0.0,0.0
10.74,0,63.78,0.0,0.0
10.74,0,61.53,0.0,0.0
10.74,0,54.12,0.0,0.0
10.74,0,35.23,0.0,0.0
8.35,0,10.48,0.0,0.0
8.35,0,5.51,0.0,0.0
2.36,0,0.31,0.0,0.0
2.36,0,0.08,0.0,0.0
2.36,0,0.0,0.0,0.0
2.36,0,0.0,0.0,0.0
2.36,0,0.0,0.0,0.0
2.36,0,0.0,0.0,0.0
2.36,0,0.0,0.0,0.0
2.36,0,0.0,0.0,0.0
2.36,0,0.0,0.0,0.0
2.36,0,1.11,0.0,0.0
4.77,0,1.19,0.0,0.0
7.16,0,2.32,0.0,0.0
10.74,0,31.6,0.0,0.0
10.74,0,48.78,0.0,0.0
10.74,0,64.52,0.0,0.0
10.74,0,73.25,0.0,0.0
10.74,0,85.7,0.0,0.0
10.74,0,90.71,0.0,0.0
10.74,0,89.54,0.0,0.0
10.74,0,86.28,0.0,0.0
10.74,0,80.07,0.0,0.0
10.74,0,71.6,0.0,0.0
8.35,0,58.14,0.0,0.0
8.35,0,54.66,0.0,0.0
2.36,0,2.84,0.0,0.0
2.36,0,2.54,0.0,0.0
2.36,0,0.68,0.0,0.0
2.36,0,0.7,0.0,0.0
2.36,0,0.66,0.0,0.0
2.36,0,0.57,0.0,0.0
2.36,0,0.0,0.0,0.0
2.36,0,0.0,0.0,0.0
2.36,0,0.0,0.0,0.0
2.36,0,2.16,0.0,0.0
4.77,0,17.5,0.0,0.0
7.16,0,42.82,0.0,0.0
10.74,0,73.67,0.0,0.0
10.74,0,84.15,0.0,0.0
10.74,0,100.72,0.0,0.0
10.74,0,109.05,0.0,0.0
10.74,0,112.66,0.0,0.0
10.74,0,112.64,0.0,0.0
10.74,0,112.07,0.0,0.0
10.74,0,104.92,0.0,0.0
10.74,0,95.3,0.0,0.0
10.74,0,85.29,0.0,0.0
8.35,0,70.81,0.0,0.0
8.35,0,67.23,0.0,0.0
2.36,0,4.52,0.0,0.0
2.36,0,2.79,0.0,0.0
2.36,0,0.78,0.0,0.0
2.36,0,0.72,0.0,0.0
2.36,0,0.68,0.0,0.0
2.36,0,0.61,0.0,0.0
2.36,0,0.0,0.0,0.0
2.36,0,0.0,0.0,0.0
2.36,0,0.0,0.0,0.0
2.36,0,2.6,0.0,0.0
4.77,0,4.43,0.0,0.0
7.16,0,26.81,0.0,0.0
10.74,0,60.49,0.0,0.0
10.74,0,71.85,0.0,0.0
10.74,0,85.87,0.0,0.0
10.74,0,93.05,0.0,0.0
10.74,0,100.75,0.0,0.0
10.74,0,105.76,0.0,0.0
10.74,0,110.84,0.0,0.0
10.74,0,98.57,0.0,0.0
10.74,0,85.98,0.0,0.0
10.74,0,68.03,0.0,0.0
8.35,0,46.38,0.0,0.0
8.35,0,41.89,0.0,0.0
2.36,0,0.76,0.0,0.0
2.36,0,0.0,0.0,0.0
2.36,0,0.0,0.0,0.0
2.36,0,0.0,0.0,0.0
1.77,0,0.0,0.0,0.0
1.77,0,0.0,0.0,0.0
1.77,0,0.0,0.0,0.0
1.77,0,0.0,0.0,0.0
1.77,0,0.0,0.0,0.0
1.77,0,2.29,0.0,0.0
3.58,0,22.4,0.0,0.0
5.97,0,43.25,0.0,0.0
9.55,0,83.53,0.0,0.0
10.74,0,108.12,0.0,0.0
10.74,0,106.36,0.0,0.0
10.74,0,92.6,0.0,0.0
10.74,0,72.71,0.0,0.0
10.74,0,60.86,0.0,0.0
10.74,0,66.03,0.0,0.0
10.74,0,68.87,0.0,0.0
10.74,0,58.86,0.0,0.0
8.35,0,36.01,0.0,0.0
5.97,0,26.29,0.0,0.0
5.97,0,19.64,0.0,0.0
3.58,0,7.13,0.0,0.0
1.77,0,0.0,0.0,0.0
1.77,0,0.0,0.0,0.0
1.77,0,0.0,0.0,0.0
1.77,0,0.0,0.0,0.0
1.77,0,0.0,0.0,0.0
1.77,0,0.0,0.0,0.0
1.77,0,0.0,0.0,0.0
1.77,0,0.0,0.0,0.0
1.77,0,0.0,0.0,0.0
1.77,0,0.0,0.0,0.0
1.77,0,2.58,0.0,0.0
3.58,0,17.24,0.0,0.0
7.16,0,30.39,0.0,0.0
7.16,0,51.94,0.0,0.0
9.55,0,75.04,0.0,0.0
9.55,0,83.58,0.0,0.0
9.55,0,87.33,0.0,0.0
9.55,0,90.87,0.0,0.0
9.55,0,88.81,0.0,0.0
7.16,0,68.24,0.0,0.0
4.77,0,43.7,0.0,0.0
1.77,0,2.1,0.0,0.0
1.77,0,1.98,0.0,0.0
1.77,0,1.06,0.0,0.0
1.77,0,0.68,0.0,0.0
1.77,0,0.62,0.0,0.0
1.77,0,0.0,0.0,0.0
2.36,0,0.0,0.0,0.0
2.36,0,0.0,0.0,0.0
2.36,0,0.0,0.0,0.0
2.36,0,0.0,0.0,0.0
2.36,0,0.0,0.0,0.0
2.36,0,3.24,0.0,0.0
4.77,0,20.2,0.0,0.0
7.16,0,20.15,0.0,0.0
10.74,0,26.54,0.0,0.0
10.74,0,2.73,0.0,0.0
10.74,0,0.0,0.0,0.0
10.74,0,0.11,0.0,0.0
10.74,0,1.32,0.0,0.0
10.74,0,19.92,0.0,0.0
10.74,0,42.36,0.0,0.0
10.74,0,37.19,0.0,0.0
10.74,0,21.72,0.0,0.0
10.74,0,11.0,0.0,0.0
8.35,0,6.41,0.0,0.0
8.35,0,0.0,0.0,0.0
2.36,0,0.0,0.0,0.0
2.36,0,0.0,0.0,0.0
2.36,0,0.0,0.0,0.0
2.36,0,0.0,0.0,0.0
2.36,0,0.0,0.0,0.0
2.36,0,0.0,0.0,0.0
2.36,0,0.0,0.0,0.0
2.36,0,0.0,0.0,0.0
2.36,0,0.0,0.0,0.0
2.36,0,1.69,0.0,0.0
4.77,0,4.44,0.0,0.0
7.16,0,0.0,0.0,0.0
10.74,0,0.04,0.0,0.0
10.74,0,3.77,0.0,0.0
10.74,0,16.91,0.0,0.0
10.74,0,26.59,0.0,0.0
10.74,0,23.23,0.0,0.0
10.74,0,29.08,0.0,0.0
10.74,0,53.37,0.0,0.0
10.74,0,67.29,0.0,0.0
10.74,0,61.16,0.0,0.0
10.74,0,50.18,0.0,0.0
8.35,0,32.13,0.0,0.0
8.35,0,18.45,0.0,0.0
2.36,0,0.0,0.0,0.0
2.36,0,0.0,0.0,0.0
2.36,0,0.0,0.0,0.0
2.36,0,0.0,0.0,0.0
2.36,0,0.0,0.0,0.0
2.36,0,0.0,0.0,0.0
2.36,0,0.0,0.0,0.0
2.36,0,0.0,0.0,0.0
2.36,0,0.0,0.0,0.0
2.36,0,1.39,0.0,0.0
4.77,0,4.32,0.0,0.0
7.16,0,0.0,0.0,0.0
10.74,0,0.0,0.0,0.0
10.74,0,0.04,0.0,0.0
10.74,0,3.36,0.0,0.0
10.74,0,12.42,0.0,0.0
10.74,0,30.18,0.0,0.0
10.74,0,39.04,0.0,0.0
10.74,0,45.32,0.0,0.0
10.74,0,43.4,0.0,0.0
10.74,0,34.69,0.0,0.0
10.74,0,20.39,0.0,0.0
8.35,0,5.75,0.0,0.0
8.35,0,0.83,0.0,0.0
2.36,0,0.14,0.0,0.0
2.36,0,0.0,0.0,0.0
2.36,0,0.0,0.0,0.0
2.36,0,0.0,0.0,0.0
2.36,0,0.0,0.0,0.0
2.36,0,0.0,0.0,0.0
2.36,0,0.0,0.0,0.0
2.36,0,0.0,0.0,0.0
2.36,0,0.0,0.0,0.0
2.36,0,1.06,0.0,0.0
4.77,0,1.36,0.0,0.0
7.16,0,1.25,0.0,0.0
10.74,0,6.41,0.0,0.0
10.74,0,27.9,0.0,0.0
10.74,0,47.08,0.0,0.0
10.74,0,54.89,0.0,0.0
10.74,0,63.15,0.0,0.0
10.74,0,69.48,0.0,0.0
10.74,0,75.51,0.0,0.0
10.74,0,70.32,0.0,0.0
10.74,0,57.59,0.0,0.0
10.74,0,47.88,0.0,0.0
8.35,0,31.16,0.0,0.0
8.35,0,15.04,0.0,0.0
2.36,0,0.51,0.0,0.0
2.36,0,0.23,0.0,0.0
2.36,0,0.0,0.0,0.0
2.36,0,0.0,0.0,0.0
2.36,0,0.0,0.0,0.0
2.36,0,0.0,0.0,0.0
2.36,0,0.0,0.0,0.0
2.36,0,0.0,0.0,0.0
2.36,0,0.0,0.0,0.0
2.36,0,1.13,0.0,0.0
4.77,0,0.8,0.0,0.0
7.16,0,0.94,0.0,0.0
10.74,0,11.09,0.0,0.0
10.74,0,36.42,0.0,0.0
10.74,0,62.86,0.0,0.0
10.74,0,74.55,0.0,0.0
10.74,0,65.47,0.0,0.0
10.74,0,69.42,0.0,0.0
10.74,0,73.21,0.0,0.0
10.74,0,69.96,0.0,0.0
10.74,0,63.59,0.0,0.0
10.74,0,53.46,0.0,0.0
8.35,0,38.69,0.0,0.0
8.35,0,36.65,0.0,0.0
2.36,0,0.79,0.0,0.0
2.36,0,1.69,0.0,0.0
2.36,0,0.61,0.0,0.0
2.36,0,0.47,0.0,0.0
1.77,0,0.0,0.0,0.0
1.77,0,0.0,0.0,0.0
1.77,0,0.0,0.0,0.0
1.77,0,0.0,0.0,0.0
1.77,0,0.0,0.0,0.0
1.77,0,1.04,0.0,0.0
3.58,0,1.47,0.0,0.0
5.97,0,8.52,0.0,0.0
9.55,0,35.49,0.0,0.0
10.74,0,53.56,0.0,0.0
10.74,0,68.45,0.0,0.0
10.74,0,80.58,0.0,0.0
10.74,0,83.47,0.0,0.0
10.74,0,82.68,0.0,0.0
10.74,0,92.28,0.0,0.0
10.74,0,75.64,0.0,0.0
10.74,0,69.98,0.0,0.0
8.35,0,45.48,0.0,0.0
5.97,0,35.44,0.0,0.0
5.97,0,32.06,0.0,0.0
3.58,0,20.42,0.0,0.0
1.77,0,0.6,0.0,0.0
1.77,0,0.0,0.0,0.0
1.77,0,0.0,0.0,0.0
1.77,0,0.0,0.0,0.0
1.77,0,0.0,0.0,0.0
1.77,0,0.0,0.0,0.0
1.77,0,0.0,0.0,0.0
1.77,0,0.0,0.0,0.0
1.77,0,0.0,0.0,0.0
1.77,0,0.0,0.0,0.0
1.77,0,2.79,0.0,0.0
3.58,0,19.34,0.0,0.0
7.16,0,34.37,0.0,0.0
7.16,0,40.99,0.0,0.0
9.55,0,57.66,0.0,0.0
9.55,0,60.59,0.0,0.0
9.55,0,63.04,0.0,0.0
9.55,0,64.84,0.0,0.0
9.55,0,62.32,0.0,0.0
7.16,0,45.83,0.0,0.0
4.77,0,33.9,0.0,0.0
1.77,0,2.91,0.0,0.0
1.77,0,0.96,0.0,0.0
1.77,0,0.49,0.0,0.0
1.77,0,0.0,0.0,0.0
1.77,0,0.0,0.0,0.0
1.77,0,0.0,0.0,0.0
2.36,0,0.0,0.0,0.0
2.36,0,0.0,0.0,0.0
2.36,0,0.0,0.0,0.0
2.36,0,0.0,0.0,0.0
2.36,0,0.0,0.0,0.0
2.36,0,1.36,0.0,0.0
4.77,0,15.28,0.0,0.0
7.16,0,23.1,0.0,0.0
10.74,0,47.83,0.0,0.0
10.74,0,51.93,0.0,0.0
10.74,0,63.0,0.0,0.0
10.74,0,66.06,0.0,0.0
10.74,0,70.85,0.0,0.0
10.74,0,77.65,0.0,0.0
10.74,0,84.37,0.0,0.0
10.74,0,79.34,0.0,0.0
10.74,0,73.38,0.0,0.0
10.74,0,68.03,0.0,0.0
8.35,0,53.02,0.0,0.0
8.35,0,45.62,0.0,0.0
2.36,0,0.88,0.0,0.0
2.36,0,0.7,0.0,0.0
2.36,0,0.56,0.0,0.0
2.36,0,0.0,0.0,0.0
2.36,0,0.0,0.0,0.0
2.36,0,0.0,0.0,0.0
2.36,0,0.0,0.0,0.0
2.36,0,0.0,0.0,0.0
2.36,0,0.0,0.0,0.0
2.36,0,1.55,0.0,0.0
4.77,0,5.79,0.0,0.0
7.16,0,23.86,0.0,0.0
10.74,0,54.46,0.0,0.0
10.74,0,67.79,0.0,0.0
10.74,0,79.73,0.0,0.0
10.74,0,86.54,0.0,0.0
10.74,0,85.69,0.0,0.0
10.74,0,83.09,0.0,0.0
10.74,0,84.48,0.0,0.0
10.74,0,81.94,0.0,0.0
10.74,0,73.32,0.0,0.0
10.74,0,63.45,0.0,0.0
8.35,0,48.09,0.0,0.0
8.35,0,40.46,0.0,0.0
2.36,0,2.53,0.0,0.0
2.36,0,0.66,0.0,0.0
2.36,0,0.54,0.0,0.0
2.36,0,0.54,0.0,0.0
2.36,0,0.0,0.0,0.0
2.36,0,0.0,0.0,0.0
2.36,0,0.0,0.0,0.0
2.36,0,0.0,0.0,0.0
2.36,0,0.0,0.0,0.0
2.36,0,1.58,0.0,0.0
4.77,0,9.91,0.0,0.0
7.16,0,28.12,0.0,0.0
10.74,0,58.31,0.0,0.0
10.74,0,71.91,0.0,0.0
10.74,0,85.5,0.0,0.0
10.74,0,90.53,0.0,0.0
10.74,0,93.27,0.0,0.0
10.74,0,97.95,0.0,0.0
10.74,0,105.44,0.0,0.0
10.74,0,103.64,0.0,0.0
10.74,0,96.3,0.0,0.0
10.74,0,85.5,0.0,0.0
8.35,0,67.86,0.0,0.0
8.35,0,60.69,0.0,0.0
2.36,0,5.15,0.0,0.0
2.36,0,3.64,0.0,0.0
2.36,0,0.75,0.0,0.0
2.36,0,0.71,0.0,0.0
2.36,0,0.6,0.0,0.0
2.36,0,0.0,0.0,0.0
2.36,0,0.0,0.0,0.0
2.36,0,0.0,0.0,0.0
2.36,0,0.0,0.0,0.0
2.36,0,2.88,0.0,0.0
4.77,0,20.76,0.0,0.0
7.16,0,44.45,0.0,0.0
10.74,0,74.79,0.0,0.0
10.74,0,81.26,0.0,0.0
10.74,0,90.94,0.0,0.0
10.74,0,95.68,0.0,0.0
10.74,0,96.01,0.0,0.0
10.74,0,95.68,0.0,0.0
10.74,0,102.04,0.0,0.0
10.74,0,101.58,0.0,0.0
10.74,0,93.01,0.0,0.0
10.74,0,81.86,0.0,0.0
8.35,0,67.26,0.0,0.0
8.35,0,63.05,0.0,0.0
2.36,0,5.0,0.0,0.0
2.36,0,4.78,0.0,0.0
2.36,0,0.74,0.0,0.0
2.36,0,0.67,0.0,0.0
2.36,0,0.6,0.0,0.0
2.36,0,0.0,0.0,0.0
2.36,0,0.0,0.0,0.0
2.36,0,0.0,0.0,0.0
2.36,0,0.0,0.0,0.0
2.36,0,2.41,0.0,0.0
4.77,0,17.19,0.0,0.0
7.16,0,42.34,0.0,0.0
10.74,0,73.38,0.0,0.0
10.74,0,86.82,0.0,0.0
10.74,0,100.34,0.0,0.0
10.74,0,106.85,0.0,0.0
10.74,0,107.37,0.0,0.0
10.74,0,107.76,0.0,0.0
10.74,0,112.2,0.0,0.0
10.74,0,105.82,0.0,0.0
10.74,0,93.92,0.0,0.0
10.74,0,82.26,0.0,0.0
8.35,0,66.92,0.0,0.0
8.35,0,62.49,0.0,0.0
2.36,0,5.11,0.0,0.0
2.36,0,5.08,0.0,0.0
2.36,0,3.41,0.0,0.0
2.36,0,1.33,0.0,0.0
1.77,0,0.63,0.0,0.0
1.77,0,0.0,0.0,0.0
1.77,0,0.0,0.0,0.0
1.77,0,0.0,0.0,0.0
1.77,0,0.0,0.0,0.0
1.77,0,3.95,0.0,0.0
3.58,0,27.65,0.0,0.0
5.97,0,48.11,0.0,0.0
9.55,0,75.54,0.0,0.0
10.74,0,90.28,0.0,0.0
10.74,0,102.9,0.0,0.0
10.74,0,113.48,0.0,0.0
10.74,0,116.47,0.0,0.0
10.74,0,114.32,0.0,0.0
10.74,0,110.24,0.0,0.0
10.74,0,110.07,0.0,0.0
10.74,0,101.58,0.0,0.0
8.35,0,76.04,0.0,0.0
5.97,0,62.55,0.0,0.0
5.97,0,55.71,0.0,0.0
3.58,0,41.05,0.0,0.0
1.77,0,0.87,0.0,0.0
1.77,0,2.52,0.0,0.0
1.77,0,0.75,0.0,0.0
1.77,0,0.74,0.0,0.0
1.77,0,0.63,0.0,0.0
1.77,0,0.0,0.0,0.0
1.77,0,0.0,0.0,0.0
1.77,0,0.0,0.0,0.0
1.77,0,0.0,0.0,0.0
1.77,0,0.0,0.0,0.0
1.77,0,6.3,0.0,0.0
3.58,0,44.51,0.0,0.0
7.16,0,61.53,0.0,0.0
7.16,0,69.43,0.0,0.0
9.55,0,91.14,0.0,0.0
9.55,0,95.34,0.0,0.0
9.55,0,97.47,0.0,0.0
9.55,0,98.1,0.0,0.0
9.55,0,96.44,0.0,0.0
7.16,0,81.5,0.0,0.0
4.77,0,64.28,0.0,0.0
1.77,0,5.68,0.0,0.0
1.77,0,6.63,0.0,0.0
1.77,0,2.73,0.0,0.0
1.77,0,4.2,0.0,0.0
1.77,0,2.42,0.0,0.0
1.77,0,0.71,0.0,0.0
2.36,0,0.75,0.0,0.0
2.36,0,0.74,0.0,0.0
2.36,0,0.69,0.0,0.0
2.36,0,0.64,0.0,0.0
2.36,0,0.0,0.0,0.0
2.36,0,5.25,0.0,0.0
4.77,0,35.19,0.0,0.0
7.16,0,56.17,0.0,0.0
10.74,0,86.46,0.0,0.0
10.74,0,100.47,0.0,0.0
10.74,0,116.92,0.0,0.0
10.74,0,121.04,0.0,0.0
10.74,0,123.78,0.0,0.0
10.74,0,121.21,0.0,0.0
10.74,0,123.92,0.0,0.0
10.74,0,116.37,0.0,0.0
10.74,0,93.5,0.0,0.0
10.74,0,78.27,0.0,0.0
8.35,0,64.64,0.0,0.0
8.35,0,60.62,0.0,0.0
2.36,0,5.15,0.0,0.0
2.36,0,5.04,0.0,0.0
2.36,0,0.91,0.0,0.0
2.36,0,2.2,0.0,0.0
2.36,0,0.93,0.0,0.0
2.36,0,0.68,0.0,0.0
2.36,0,0.75,0.0,0.0
2.36,0,0.71,0.0,0.0
2.36,0,0.53,0.0,0.0
2.36,0,5.87,0.0,0.0
4.77,0,44.61,0.0,0.0
7.16,0,62.72,0.0,0.0
10.74,0,95.05,0.0,0.0
10.74,0,105.21,0.0,0.0
10.74,0,119.44,0.0,0.0
10.74,0,122.46,0.0,0.0
10.74,0,117.08,0.0,0.0
10.74,0,109.47,0.0,0.0
10.74,0,114.53,0.0,0.0
10.74,0,118.43,0.0,0.0
10.74,0,111.98,0.0,0.0
10.74,0,101.43,0.0,0.0
8.35,0,80.88,0.0,0.0
8.35,0,71.91,0.0,0.0
2.36,0,5.98,0.0,0.0
2.36,0,5.77,0.0,0.0
2.36,0,4.99,0.0,0.0
2.36,0,5.3,0.0,0.0
2.36,0,2.77,0.0,0.0
2.36,0,0.77,0.0,0.0
2.36,0,0.72,0.0,0.0
2.36,0,0.63,0.0,0.0
2.36,0,0.58,0.0,0.0
2.36,0,5.88,0.0,0.0
4.77,0,32.46,0.0,0.0
7.16,0,46.64,0.0,0.0
10.74,0,80.91,0.0,0.0
10.74,0,94.24,0.0,0.0
10.74,0,110.6,0.0,0.0
10.74,0,121.05,0.0,0.0
10.74,0,124.51,0.0,0.0
10.74,0,120.36,0.0,0.0
10.74,0,117.45,0.0,0.0
10.74,0,112.33,0.0,0.0
10.74,0,103.93,0.0,0.0
10.74,0,96.87,0.0,0.0
8.35,0,83.38,0.0,0.0
8.35,0,76.59,0.0,0.0
2.36,0,5.6,0.0,0.0
2.36,0,5.81,0.0,0.0
2.36,0,4.79,0.0,0.0
2.36,0,2.89,0.0,0.0
2.36,0,1.29,0.0,0.0
2.36,0,0.62,0.0,0.0
2.36,0,0.6,0.0,0.0
2.36,0,0.57,0.0,0.0
2.36,0,0.0,0.0,0.0
2.36,0,5.03,0.0,0.0
4.77,0,39.96,0.0,0.0
7.16,0,56.01,0.0,0.0
10.74,0,82.16,0.0,0.0
10.74,0,90.84,0.0,0.0
10.74,0,106.77,0.0,0.0
10.74,0,111.15,0.0,0.0
10.74,0,114.83,0.0,0.0
10.74,0,119.25,0.0,0.0
10.74,0,125.24,0.0,0.0
10.74,0,122.77,0.0,0.0
10.74,0,114.79,0.0,0.0
10.74,0,103.29,0.0,0.0
8.35,0,85.09,0.0,0.0
8.35,0,78.36,0.0,0.0
2.36,0,6.23,0.0,0.0
2.36,0,6.1,0.0,0.0
2.36,0,4.22,0.0,0.0
2.36,0,4.8,0.0,0.0
2.36,0,2.13,0.0,0.0
2.36,0,0.92,0.0,0.0
2.36,0,0.68,0.0,0.0
2.36,0,0.71,0.0,0.0
2.36,0,0.52,0.0,0.0
2.36,0,5.84,0.0,0.0
4.77,0,41.24,0.0,0.0
7.16,0,60.45,0.0,0.0
10.74,0,90.3,0.0,0.0
10.74,0,94.89,0.0,0.0
10.74,0,96.76,0.0,0.0
10.74,0,99.69,0.0,0.0
10.74,0,107.82,0.0,0.0
10.74,0,97.33,0.0,0.0
10.74,0,90.18,0.0,0.0
10.74,0,79.11,0.0,0.0
10.74,0,72.34,0.0,0.0
10.74,0,63.01,0.0,0.0
8.35,0,46.94,0.0,0.0
8.35,0,47.04,0.0,0.0
2.36,0,0.67,0.0,0.0
2.36,0,0.0,0.0,0.0
2.36,0,0.0,0.0,0.0
2.36,0,0.0,0.0,0.0
1.77,0,0.0,0.0,0.0
1.77,0,0.0,0.0,0.0
1.77,0,0.0,0.0,0.0
1.77,0,0.0,0.0,0.0
1.77,0,0.0,0.0,0.0
1.77,0,2.1,0.0,0.0
3.58,0,22.56,0.0,0.0
5.97,0,40.26,0.0,0.0
9.55,0,76.65,0.0,0.0
10.74,0,99.04,0.0,0.0
10.74,0,120.74,0.0,0.0
10.74,0,127.29,0.0,0.0
10.74,0,134.91,0.0,0.0
10.74,0,131.43,0.0,0.0
10.74,0,126.06,0.0,0.0
10.74,0,124.66,0.0,0.0
10.74,0,118.21,0.0,0.0
8.35,0,90.37,0.0,0.0
5.97,0,75.89,0.0,0.0
5.97,0,70.67,0.0,0.0
3.58,0,58.47,0.0,0.0
1.77,0,1.03,0.0,0.0
1.77,0,5.08,0.0,0.0
1.77,0,0.9,0.0,0.0
1.77,0,0.86,0.0,0.0
1.77,0,0.9,0.0,0.0
1.77,0,0.83,0.0,0.0
1.77,0,0.8,0.0,0.0
1.77,0,0.76,0.0,0.0
1.77,0,0.12,0.0,0.0
1.77,0,0.83,0.0,0.0
1.77,0,10.13,0.0,0.0
3.58,0,55.98,0.0,0.0
7.16,0,75.94,0.0,0.0
7.16,0,81.13,0.0,0.0
9.55,0,100.02,0.0,0.0
9.55,0,110.81,0.0,0.0
9.55,0,118.32,0.0,0.0
9.55,0,119.02,0.0,0.0
9.55,0,116.25,0.0,0.0
7.16,0,99.25,0.0,0.0
4.77,0,80.24,0.0,0.0
1.77,0,8.34,0.0,0.0
1.77,0,9.83,0.0,0.0
1.77,0,4.64,0.0,0.0
1.77,0,5.91,0.0,0.0
1.77,0,4.65,0.0,0.0
1.77,0,4.75,0.0,0.0
2.36,0,2.74,0.0,0.0
2.36,0,1.14,0.0,0.0
2.36,0,0.98,0.0,0.0
2.36,0,0.73,0.0,0.0
2.36,0,0.81,0.0,0.0
2.36,0,6.24,0.0,0.0
4.77,0,47.11,0.0,0.0
7.16,0,67.44,0.0,0.0
10.74,0,100.77,0.0,0.0
10.74,0,113.11,0.0,0.0
10.74,0,129.37,0.0,0.0
10.74,0,133.54,0.0,0.0
10.74,0,115.18,0.0,0.0
10.74,0,97.75,0.0,0.0
10.74,0,87.11,0.0,0.0
10.74,0,80.72,0.0,0.0
10.74,0,73.74,0.0,0.0
10.74,0,67.25,0.0,0.0
8.35,0,54.98,0.0,0.0
8.35,0,49.97,0.0,0.0
2.36,0,0.82,0.0,0.0
2.36,0,0.0,0.0,0.0
2.36,0,0.0,0.0,0.0
2.36,0,0.0,0.0,0.0
2.36,0,0.0,0.0,0.0
2.36,0,0.0,0.0,0.0
2.36,0,0.0,0.0,0.0
2.36,0,0.0,0.0,0.0
2.36,0,0.0,0.0,0.0
2.36,0,2.17,0.0,0.0
4.77,0,14.29,0.0,0.0
7.16,0,39.48,0.0,0.0
10.74,0,75.31,0.0,0.0
10.74,0,93.24,0.0,0.0
10.74,0,116.07,0.0,0.0
10.74,0,121.51,0.0,0.0
10.74,0,124.12,0.0,0.0
10.74,0,126.81,0.0,0.0
10.74,0,121.83,0.0,0.0
10.74,0,103.22,0.0,0.0
10.74,0,87.56,0.0,0.0
10.74,0,81.5,0.0,0.0
8.35,0,68.31,0.0,0.0
8.35,0,62.32,0.0,0.0
2.36,0,2.3,0.0,0.0
2.36,0,3.12,0.0,0.0
2.36,0,0.82,0.0,0.0
2.36,0,0.75,0.0,0.0
2.36,0,0.52,0.0,0.0
2.36,0,0.0,0.0,0.0
2.36,0,0.0,0.0,0.0
2.36,0,0.0,0.0,0.0
2.36,0,0.0,0.0,0.0
2.36,0,3.31,0.0,0.0
4.77,0,33.69,0.0,0.0
7.16,0,58.29,0.0,0.0
10.74,0,94.65,0.0,0.0
10.74,0,106.03,0.0,0.0
10.74,0,114.11,0.0,0.0
10.74,0,119.99,0.0,0.0
10.74,0,124.83,0.0,0.0
10.74,0,129.47,0.0,0.0
10.74,0,127.29,0.0,0.0
10.74,0,115.46,0.0,0.0
10.74,0,108.35,0.0,0.0
10.74,0,100.22,0.0,0.0
8.35,0,85.08,0.0,0.0
8.35,0,77.29,0.0,0.0
2.36,0,4.42,0.0,0.0
2.36,0,0.86,0.0,0.0
2.36,0,0.92,0.0,0.0
2.36,0,0.71,0.0,0.0
2.36,0,0.75,0.0,0.0
2.36,0,0.53,0.0,0.0
2.36,0,0.0,0.0,0.0
2.36,0,0.0,0.0,0.0
2.36,0,0.0,0.0,0.0
2.36,0,4.51,0.0,0.0
4.77,0,36.06,0.0,0.0
7.16,0,61.27,0.0,0.0
10.74,0,93.97,0.0,0.0
10.74,0,111.32,0.0,0.0
10.74,0,127.87,0.0,0.0
10.74,0,129.38,0.0,0.0
10.74,0,130.27,0.0,0.0
10.74,0,130.65,0.0,0.0
10.74,0,118.09,0.0,0.0
10.74,0,84.46,0.0,0.0
10.74,0,65.99,0.0,0.0
10.74,0,63.74,0.0,0.0
8.35,0,52.48,0.0,0.0
8.35,0,50.27,0.0,0.0
2.36,0,0.8,0.0,0.0
2.36,0,0.71,0.0,0.0
2.36,0,0.0,0.0,0.0
2.36,0,0.0,0.0,0.0
2.36,0,0.0,0.0,0.0
2.36,0,0.0,0.0,0.0
2.36,0,0.0,0.0,0.0
2.36,0,0.0,0.0,0.0
2.36,0,0.0,0.0,0.0
2.36,0,1.58,0.0,0.0
4.77,0,3.73,0.0,0.0
7.16,0,0.0,0.0,0.0
10.74,0,6.45,0.0,0.0
10.74,0,17.69,0.0,0.0
10.74,0,54.79,0.0,0.0
10.74,0,78.45,0.0,0.0
10.74,0,88.59,0.0,0.0
10.74,0,95.52,0.0,0.0
10.74,0,104.17,0.0,0.0
10.74,0,103.38,0.0,0.0
10.74,0,94.31,0.0,0.0
10.74,0,83.66,0.0,0.0
8.35,0,68.42,0.0,0.0
8.35,0,62.96,0.0,0.0
2.36,0,4.94,0.0,0.0
2.36,0,1.41,0.0,0.0
2.36,0,0.74,0.0,0.0
2.36,0,0.67,0.0,0.0
1.77,0,0.59,0.0,0.0
1.77,0,0.0,0.0,0.0
1.77,0,0.0,0.0,0.0
1.77,0,0.0,0.0,0.0
1.77,0,0.0,0.0,0.0
1.77,0,2.42,0.0,0.0
3.58,0,23.66,0.0,0.0
5.97,0,44.72,0.0,0.0
9.55,0,72.46,0.0,0.0
10.74,0,92.35,0.0,0.0
10.74,0,104.96,0.0,0.0
10.74,0,107.09,0.0,0.0
10.74,0,109.86,0.0,0.0
10.74,0,117.5,0.0,0.0
10.74,0,120.52,0.0,0.0
10.74,0,116.0,0.0,0.0
10.74,0,108.25,0.0,0.0
8.35,0,83.81,0.0,0.0
5.97,0,71.37,0.0,0.0
5.97,0,66.17,0.0,0.0
3.58,0,53.94,0.0,0.0
1.77,0,5.5,0.0,0.0
1.77,0,5.45,0.0,0.0
1.77,0,0.83,0.0,0.0
1.77,0,0.8,0.0,0.0
1.77,0,0.72,0.0,0.0
1.77,0,0.67,0.0,0.0
1.77,0,0.65,0.0,0.0
1.77,0,0.0,0.0,0.0
1.77,0,0.0,0.0,0.0
1.77,0,0.73,0.0,0.0
1.77,0,9.51,0.0,0.0
3.58,0,56.41,0.0,0.0
7.16,0,76.49,0.0,0.0
7.16,0,84.04,0.0,0.0
9.55,0,86.31,0.0,0.0
9.55,0,95.75,0.0,0.0
9.55,0,110.63,0.0,0.0
9.55,0,112.74,0.0,0.0
9.55,0,111.36,0.0,0.0
7.16,0,95.08,0.0,0.0
4.77,0,79.54,0.0,0.0
1.77,0,8.49,0.0,0.0
1.77,0,10.93,0.0,0.0
1.77,0,5.06,0.0,0.0
1.77,0,5.87,0.0,0.0
1.77,0,3.66,0.0,0.0
1.77,0,3.78,0.0,0.0
2.36,0,0.67,0.0,0.0
2.36,0,0.82,0.0,0.0
2.36,0,0.77,0.0,0.0
2.36,0,0.73,0.0,0.0
2.36,0,0.57,0.0,0.0
2.36,0,6.09,0.0,0.0
4.77,0,38.13,0.0,0.0
7.16,0,59.33,0.0,0.0
10.74,0,98.06,0.0,0.0
10.74,0,111.2,0.0,0.0
10.74,0,130.42,0.0,0.0
10.74,0,119.61,0.0,0.0
10.74,0,91.63,0.0,0.0
10.74,0,76.8,0.0,0.0
10.74,0,81.54,0.0,0.0
10.74,0,81.87,0.0,0.0
10.74,0,76.1,0.0,0.0
10.74,0,65.69,0.0,0.0
8.35,0,48.98,0.0,0.0
8.35,0,44.0,0.0,0.0
2.36,0,0.74,0.0,0.0
2.36,0,0.0,0.0,0.0
2.36,0,0.0,0.0,0.0
2.36,0,0.0,0.0,0.0
2.36,0,0.0,0.0,0.0
2.36,0,0.0,0.0,0.0
2.36,0,0.0,0.0,0.0
2.36,0,0.0,0.0,0.0
2.36,0,0.0,0.0,0.0
2.36,0,1.71,0.0,0.0
4.77,0,3.89,0.0,0.0
7.16,0,0.05,0.0,0.0
10.74,0,7.73,0.0,0.0
10.74,0,33.84,0.0,0.0
10.74,0,71.27,0.0,0.0
10.74,0,85.92,0.0,0.0
10.74,0,91.64,0.0,0.0
10.74,0,98.63,0.0,0.0
10.74,0,111.14,0.0,0.0
10.74,0,112.05,0.0,0.0
10.74,0,103.52,0.0,0.0
10.74,0,93.79,0.0,0.0
8.35,0,77.72,0.0,0.0
8.35,0,71.38,0.0,0.0
2.36,0,5.45,0.0,0.0
2.36,0,4.94,0.0,0.0
2.36,0,0.7,0.0,0.0
2.36,0,0.9,0.0,0.0
2.36,0,0.65,0.0,0.0
2.36,0,0.54,0.0,0.0
2.36,0,0.0,0.0,0.0
2.36,0,0.0,0.0,0.0
2.36,0,0.0,0.0,0.0
2.36,0,4.01,0.0,0.0
4.77,0,40.72,0.0,0.0
7.16,0,61.94,0.0,0.0
10.74,0,91.97,0.0,0.0
10.74,0,98.0,0.0,0.0
10.74,0,89.78,0.0,0.0
10.74,0,60.7,0.0,0.0
10.74,0,39.04,0.0,0.0
10.74,0,65.43,0.0,0.0
10.74,0,78.78,0.0,0.0
10.74,0,80.66,0.0,0.0
10.74,0,81.19,0.0,0.0
10.74,0,77.24,0.0,0.0
8.35,0,63.96,0.0,0.0
8.35,0,59.72,0.0,0.0
2.36,0,2.89,0.0,0.0
2.36,0,1.35,0.0,0.0
2.36,0,0.6,0.0,0.0
2.36,0,0.0,0.0,0.0
2.36,0,0.0,0.0,0.0
2.36,0,0.0,0.0,0.0
2.36,0,0.0,0.0,0.0
2.36,0,0.0,0.0,0.0
2.36,0,0.0,0.0,0.0
2.36,0,1.81,0.0,0.0
4.77,0,22.56,0.0,0.0
7.16,0,49.93,0.0,0.0
10.74,0,80.89,0.0,0.0
10.74,0,93.53,0.0,0.0
10.74,0,117.13,0.0,0.0
10.74,0,130.67,0.0,0.0
10.74,0,133.21,0.0,0.0
10.74,0,133.86,0.0,0.0
10.74,0,133.65,0.0,0.0
10.74,0,127.98,0.0,0.0
10.74,0,117.56,0.0,0.0
10.74,0,105.17,0.0,0.0
8.35,0,90.69,0.0,0.0
8.35,0,88.16,0.0,0.0
2.36,0,6.15,0.0,0.0
2.36,0,8.02,0.0,0.0
2.36,0,5.04,0.0,0.0
2.36,0,5.56,0.0,0.0
2.36,0,1.43,0.0,0.0
2.36,0,3.12,0.0,0.0
2.36,0,0.76,0.0,0.0
2.36,0,0.7,0.0,0.0
2.36,0,0.11,0.0,0.0
2.36,0,5.24,0.0,0.0
4.77,0,41.3,0.0,0.0
7.16,0,64.81,0.0,0.0
10.74,0,96.89,0.0,0.0
10.74,0,106.61,0.0,0.0
10.74,0,121.11,0.0,0.0
10.74,0,128.66,0.0,0.0
10.74,0,123.43,0.0,0.0
10.74,0,117.7,0.0,0.0
10.74,0,118.69,0.0,0.0
10.74,0,117.04,0.0,0.0
10.74,0,108.72,0.0,0.0
10.74,0,98.19,0.0,0.0
8.35,0,82.45,0.0,0.0
8.35,0,75.5,0.0,0.0
2.36,0,6.26,0.0,0.0
2.36,0,6.69,0.0,0.0
2.36,0,4.64,0.0,0.0
2.36,0,3.47,0.0,0.0
1.77,0,2.01,0.0,0.0
1.77,0,0.72,0.0,0.0
1.77,0,0.62,0.0,0.0
1.77,0,0.0,0.0,0.0
1.77,0,0.0,0.0,0.0
1.77,0,4.88,0.0,0.0
3.58,0,37.51,0.0,0.0
5.97,0,56.76,0.0,0.0
9.55,0,84.57,0.0,0.0
10.74,0,101.62,0.0,0.0
10.74,0,113.85,0.0,0.0
10.74,0,116.43,0.0,0.0
10.74,0,116.79,0.0,0.0
10.74,0,124.46,0.0,0.0
10.74,0,113.82,0.0,0.0
10.74,0,114.88,0.0,0.0
10.74,0,108.84,0.0,0.0
8.35,0,81.28,0.0,0.0
5.97,0,69.76,0.0,0.0
5.97,0,63.45,0.0,0.0
3.58,0,49.35,0.0,0.0
1.77,0,0.85,0.0,0.0
1.77,0,0.8,0.0,0.0
1.77,0,0.77,0.0,0.0
1.77,0,0.66,0.0,0.0
1.77,0,0.0,0.0,0.0
1.77,0,0.0,0.0,0.0
1.77,0,0.0,0.0,0.0
1.77,0,0.0,0.0,0.0
1.77,0,0.0,0.0,0.0
1.77,0,0.0,0.0,0.0
1.77,0,4.52,0.0,0.0
3.58,0,47.65,0.0,0.0
7.16,0,65.42,0.0,0.0
7.16,0,73.88,0.0,0.0
9.55,0,89.53,0.0,0.0
9.55,0,81.65,0.0,0.0
9.55,0,70.26,0.0,0.0
9.55,0,64.81,0.0,0.0
9.55,0,61.04,0.0,0.0
7.16,0,46.78,0.0,0.0
4.77,0,33.89,0.0,0.0
1.77,0,0.81,0.0,0.0
1.77,0,0.0,0.0,0.0
1.77,0,0.0,0.0,0.0
1.77,0,0.0,0.0,0.0
1.77,0,0.0,0.0,0.0
1.77,0,0.0,0.0,0.0
2.36,0,0.0,0.0,0.0
2.36,0,0.0,0.0,0.0
2.36,0,0.0,0.0,0.0
2.36,0,0.0,0.0,0.0
2.36,0,0.0,0.0,0.0
2.36,0,4.09,0.0,0.0
4.77,0,29.56,0.0,0.0
7.16,0,50.09,0.0,0.0
10.74,0,84.82,0.0,0.0
10.74,0,102.44,0.0,0.0
10.74,0,118.19,0.0,0.0
10.74,0,125.2,0.0,0.0
10.74,0,127.42,0.0,0.0
10.74,0,127.15,0.0,0.0
10.74,0,131.58,0.0,0.0
10.74,0,125.16,0.0,0.0
10.74,0,115.05,0.0,0.0
10.74,0,101.27,0.0,0.0
8.35,0,81.42,0.0,0.0
8.35,0,73.45,0.0,0.0
2.36,0,5.32,0.0,0.0
2.36,0,5.08,0.0,0.0
2.36,0,4.5,0.0,0.0
2.36,0,5.24,0.0,0.0
2.36,0,1.94,0.0,0.0
2.36,0,2.27,0.0,0.0
2.36,0,2.14,0.0,0.0
2.36,0,0.65,0.0,0.0
2.36,0,0.58,0.0,0.0
2.36,0,5.74,0.0,0.0
4.77,0,44.84,0.0,0.0
7.16,0,68.52,0.0,0.0
10.74,0,103.73,0.0,0.0
10.74,0,118.9,0.0,0.0
10.74,0,133.29,0.0,0.0
10.74,0,131.54,0.0,0.0
10.74,0,125.65,0.0,0.0
10.74,0,125.19,0.0,0.0
10.74,0,124.93,0.0,0.0
10.74,0,115.31,0.0,0.0
10.74,0,103.25,0.0,0.0
10.74,0,96.37,0.0,0.0
8.35,0,84.23,0.0,0.0
8.35,0,76.46,0.0,0.0
2.36,0,7.37,0.0,0.0
2.36,0,9.82,0.0,0.0
2.36,0,7.02,0.0,0.0
2.36,0,9.57,0.0,0.0
2.36,0,6.62,0.0,0.0
2.36,0,6.44,0.0,0.0
2.36,0,6.96,0.0,0.0
2.36,0,5.41,0.0,0.0
2.36,0,4.73,0.0,0.0
2.36,0,8.33,0.0,0.0
4.77,0,59.28,0.0,0.0
7.16,0,75.76,0.0,0.0
10.74,0,108.96,0.0,0.0
10.74,0,120.19,0.0,0.0
10.74,0,131.54,0.0,0.0
10.74,0,132.3,0.0,0.0
10.74,0,133.78,0.0,0.0
10.74,0,136.16,0.0,0.0
10.74,0,137.23,0.0,0.0
10.74,0,128.63,0.0,0.0
10.74,0,116.52,0.0,0.0
10.74,0,103.41,0.0,0.0
8.35,0,86.51,0.0,0.0
8.35,0,80.16,0.0,0.0
2.36,0,9.61,0.0,0.0
2.36,0,8.45,0.0,0.0
2.36,0,7.72,0.0,0.0
2.36,0,8.33,0.0,0.0
2.36,0,5.85,0.0,0.0
2.36,0,7.97,0.0,0.0
2.36,0,4.48,0.0,0.0
2.36,0,3.75,0.0,0.0
2.36,0,3.27,0.0,0.0
2.36,0,7.76,0.0,0.0
4.77,0,54.49,0.0,0.0
7.16,0,73.12,0.0,0.0
10.74,0,105.81,0.0,0.0
10.74,0,117.66,0.0,0.0
10.74,0,137.11,0.0,0.0
10.74,0,146.92,0.0,0.0
10.74,0,144.62,0.0,0.0
10.74,0,142.79,0.0,0.0
10.74,0,146.15,0.0,0.0
10.74,0,142.75,0.0,0.0
10.74,0,131.72,0.0,0.0
10.74,0,122.64,0.0,0.0
8.35,0,107.41,0.0,0.0
8.35,0,98.24,0.0,0.0
2.36,0,11.15,0.0,0.0
2.36,0,9.74,0.0,0.0
2.36,0,8.27,0.0,0.0
2.36,0,10.39,0.0,0.0
2.36,0,6.81,0.0,0.0
2.36,0,8.51,0.0,0.0
2.36,0,5.76,0.0,0.0
2.36,0,5.09,0.0,0.0
2.36,0,2.47,0.0,0.0
2.36,0,7.75,0.0,0.0
4.77,0,61.17,0.0,0.0
7.16,0,80.2,0.0,0.0
10.74,0,110.37,0.0,0.0
10.74,0,125.75,0.0,0.0
10.74,0,140.85,0.0,0.0
10.74,0,142.03,0.0,0.0
10.74,0,143.35,0.0,0.0
10.74,0,144.26,0.0,0.0
10.74,0,146.54,0.0,0.0
10.74,0,143.27,0.0,0.0
10.74,0,133.63,0.0,0.0
10.74,0,123.05,0.0,0.0
8.35,0,107.45,0.0,0.0
8.35,0,101.15,0.0,0.0
2.36,0,11.43,0.0,0.0
2.36,0,11.05,0.0,0.0
2.36,0,10.31,0.0,0.0
2.36,0,9.13,0.0,0.0
1.77,0,9.16,0.0,0.0
1.77,0,7.16,0.0,0.0
1.77,0,5.53,0.0,0.0
1.77,0,7.09,0.0,0.0
1.77,0,5.29,0.0,0.0
1.77,0,9.35,0.0,0.0
3.58,0,70.98,0.0,0.0
5.97,0,81.67,0.0,0.0
9.55,0,106.45,0.0,0.0
10.74,0,121.51,0.0,0.0
10.74,0,135.27,0.0,0.0
10.74,0,142.87,0.0,0.0
10.74,0,145.98,0.0,0.0
10.74,0,149.6,0.0,0.0
10.74,0,150.39,0.0,0.0
10.74,0,147.57,0.0,0.0
10.74,0,138.6,0.0,0.0
8.35,0,114.3,0.0,0.0
5.97,0,101.32,0.0,0.0
5.97,0,95.73,0.0,0.0
3.58,0,85.08,0.0,0.0
1.77,0,12.31,0.0,0.0
1.77,0,11.54,0.0,0.0
1.77,0,8.6,0.0,0.0
1.77,0,9.65,0.0,0.0
1.77,0,7.24,0.0,0.0
1.77,0,6.51,0.0,0.0
1.77,0,4.39,0.0,0.0
1.77,0,5.96,0.0,0.0
1.77,0,3.88,0.0,0.0
1.77,0,7.04,0.0,0.0
1.77,0,11.93,0.0,0.0
3.58,0,98.72,0.0,0.0
7.16,0,111.28,0.0,0.0
7.16,0,121.95,0.0,0.0
9.55,0,132.55,0.0,0.0
9.55,0,136.23,0.0,0.0
9.55,0,138.73,0.0,0.0
9.55,0,140.1,0.0,0.0
9.55,0,140.68,0.0,0.0
7.16,0,122.2,0.0,0.0
4.77,0,102.59,0.0,0.0
1.77,0,13.07,0.0,0.0
1.77,0,13.12,0.0,0.0
1.77,0,12.88,0.0,0.0
1.77,0,9.62,0.0,0.0
1.77,0,8.35,0.0,0.0
1.77,0,9.08,0.0,0.0
2.36,0,7.29,0.0,0.0
2.36,0,9.06,0.0,0.0
2.36,0,6.45,0.0,0.0
2.36,0,7.94,0.0,0.0
2.36,0,5.79,0.0,0.0
2.36,0,8.92,0.0,0.0
4.77,0,71.55,0.0,0.0
7.16,0,87.82,0.0,0.0
10.74,0,119.26,0.0,0.0
10.74,0,135.37,0.0,0.0
10.74,0,150.41,0.0,0.0
10.74,0,153.67,0.0,0.0
10.74,0,150.89,0.0,0.0
10.74,0,143.38,0.0,0.0
10.74,0,138.87,0.0,0.0
10.74,0,135.83,0.0,0.0
10.74,0,125.03,0.0,0.0
10.74,0,110.4,0.0,0.0
8.35,0,94.38,0.0,0.0
8.35,0,89.58,0.0,0.0
2.36,0,10.04,0.0,0.0
2.36,0,11.39,0.0,0.0
2.36,0,6.77,0.0,0.0
2.36,0,8.0,0.0,0.0
2.36,0,4.09,0.0,0.0
2.36,0,7.0,0.0,0.0
2.36,0,4.47,0.0,0.0
2.36,0,6.17,0.0,0.0
2.36,0,4.0,0.0,0.0
2.36,0,8.91,0.0,0.0
4.77,0,64.06,0.0,0.0
7.16,0,81.17,0.0,0.0
10.74,0,109.13,0.0,0.0
10.74,0,99.73,0.0,0.0
10.74,0,95.39,0.0,0.0
10.74,0,94.76,0.0,0.0
10.74,0,93.45,0.0,0.0
10.74,0,91.16,0.0,0.0
10.74,0,94.88,0.0,0.0
10.74,0,90.83,0.0,0.0
10.74,0,84.31,0.0,0.0
10.74,0,75.94,0.0,0.0
8.35,0,64.91,0.0,0.0
8.35,0,62.2,0.0,0.0
2.36,0,3.98,0.0,0.0
2.36,0,2.74,0.0,0.0
2.36,0,0.74,0.0,0.0
2.36,0,0.62,0.0,0.0
2.36,0,0.59,0.0,0.0
2.36,0,0.0,0.0,0.0
2.36,0,0.0,0.0,0.0
2.36,0,0.0,0.0,0.0
2.36,0,0.0,0.0,0.0
2.36,0,4.91,0.0,0.0
4.77,0,32.84,0.0,0.0
7.16,0,58.38,0.0,0.0
10.74,0,93.66,0.0,0.0
10.74,0,107.66,0.0,0.0
10.74,0,129.28,0.0,0.0
10.74,0,134.47,0.0,0.0
10.74,0,139.0,0.0,0.0
10.74,0,147.15,0.0,0.0
10.74,0,150.84,0.0,0.0
10.74,0,142.57,0.0,0.0
10.74,0,128.26,0.0,0.0
10.74,0,114.36,0.0,0.0
8.35,0,100.48,0.0,0.0
8.35,0,100.02,0.0,0.0
2.36,0,9.41,0.0,0.0
2.36,0,11.98,0.0,0.0
2.36,0,8.47,0.0,0.0
2.36,0,10.4,0.0,0.0
2.36,0,6.35,0.0,0.0
2.36,0,7.12,0.0,0.0
2.36,0,5.47,0.0,0.0
2.36,0,3.58,0.0,0.0
2.36,0,5.02,0.0,0.0
2.36,0,8.37,0.0,0.0
4.77,0,63.05,0.0,0.0
7.16,0,84.48,0.0,0.0
10.74,0,116.65,0.0,0.0
10.74,0,125.85,0.0,0.0
10.74,0,136.85,0.0,0.0
10.74,0,144.64,0.0,0.0
10.74,0,154.2,0.0,0.0
10.74,0,140.86,0.0,0.0
10.74,0,121.82,0.0,0.0
10.74,0,120.0,0.0,0.0
10.74,0,122.46,0.0,0.0
10.74,0,117.25,0.0,0.0
8.35,0,102.96,0.0,0.0
8.35,0,89.45,0.0,0.0
2.36,0,7.51,0.0,0.0
2.36,0,8.96,0.0,0.0
2.36,0,4.28,0.0,0.0
2.36,0,7.08,0.0,0.0
2.36,0,3.81,0.0,0.0
2.36,0,5.43,0.0,0.0
2.36,0,6.49,0.0,0.0
2.36,0,4.66,0.0,0.0
2.36,0,3.31,0.0,0.0
2.36,0,7.81,0.0,0.0
4.77,0,56.06,0.0,0.0
7.16,0,67.78,0.0,0.0
10.74,0,98.8,0.0,0.0
10.74,0,114.65,0.0,0.0
10.74,0,122.62,0.0,0.0
10.74,0,126.44,0.0,0.0
10.74,0,118.19,0.0,0.0
10.74,0,108.46,0.0,0.0
10.74,0,105.94,0.0,0.0
10.74,0,102.91,0.0,0.0
10.74,0,90.99,0.0,0.0
10.74,0,78.37,0.0,0.0
8.35,0,67.94,0.0,0.0
8.35,0,65.05,0.0,0.0
2.36,0,5.05,0.0,0.0
2.36,0,1.15,0.0,0.0
2.36,0,2.12,0.0,0.0
2.36,0,2.69,0.0,0.0
1.77,0,0.25,0.0,0.0
1.77,0,0.64,0.0,0.0
1.77,0,0.69,0.0,0.0
1.77,0,0.71,0.0,0.0
1.77,0,0.75,0.0,0.0
1.77,0,7.62,0.0,0.0
3.58,0,65.16,0.0,0.0
5.97,0,85.95,0.0,0.0
9.55,0,120.04,0.0,0.0
10.74,0,137.14,0.0,0.0
10.74,0,147.45,0.0,0.0
10.74,0,154.02,0.0,0.0
10.74,0,153.72,0.0,0.0
10.74,0,147.83,0.0,0.0
10.74,0,145.25,0.0,0.0
10.74,0,147.84,0.0,0.0
10.74,0,141.73,0.0,0.0
8.35,0,117.25,0.0,0.0
5.97,0,104.99,0.0,0.0
5.97,0,98.04,0.0,0.0
3.58,0,83.85,0.0,0.0
1.77,0,7.7,0.0,0.0
1.77,0,9.56,0.0,0.0
1.77,0,5.81,0.0,0.0
1.77,0,8.41,0.0,0.0
1.77,0,5.1,0.0,0.0
1.77,0,7.35,0.0,0.0
1.77,0,3.85,0.0,0.0
1.77,0,5.46,0.0,0.0
1.77,0,6.14,0.0,0.0
1.77,0,7.85,0.0,0.0
1.77,0,11.54,0.0,0.0
3.58,0,72.25,0.0,0.0
7.16,0,89.59,0.0,0.0
7.16,0,105.54,0.0,0.0
9.55,0,122.66,0.0,0.0
9.55,0,114.91,0.0,0.0
9.55,0,105.54,0.0,0.0
9.55,0,109.04,0.0,0.0
9.55,0,118.68,0.0,0.0
7.16,0,100.99,0.0,0.0
4.77,0,80.18,0.0,0.0
1.77,0,7.92,0.0,0.0
1.77,0,9.18,0.0,0.0
1.77,0,4.86,0.0,0.0
1.77,0,5.9,0.0,0.0
1.77,0,4.71,0.0,0.0
1.77,0,6.43,0.0,0.0
2.36,0,4.73,0.0,0.0
2.36,0,4.18,0.0,0.0
2.36,0,2.64,0.0,0.0
2.36,0,1.18,0.0,0.0
2.36,0,3.14,0.0,0.0
2.36,0,7.56,0.0,0.0
4.77,0,69.74,0.0,0.0
7.16,0,90.6,0.0,0.0
10.74,0,125.43,0.0,0.0
10.74,0,135.79,0.0,0.0
10.74,0,149.38,0.0,0.0
10.74,0,152.38,0.0,0.0
10.74,0,155.66,0.0,0.0
10.74,0,155.42,0.0,0.0
10.74,0,155.14,0.0,0.0
10.74,0,157.79,0.0,0.0
10.74,0,143.1,0.0,0.0
10.74,0,126.94,0.0,0.0
8.35,0,109.59,0.0,0.0
8.35,0,102.48,0.0,0.0
2.36,0,11.86,0.0,0.0
2.36,0,10.3,0.0,0.0
2.36,0,8.92,0.0,0.0
2.36,0,11.66,0.0,0.0
2.36,0,7.8,0.0,0.0
2.36,0,7.9,0.0,0.0
2.36,0,8.23,0.0,0.0
2.36,0,7.96,0.0,0.0
2.36,0,7.63,0.0,0.0
2.36,0,10.15,0.0,0.0
4.77,0,82.44,0.0,0.0
7.16,0,97.63,0.0,0.0
10.74,0,129.67,0.0,0.0
10.74,0,144.41,0.0,0.0
10.74,0,160.04,0.0,0.0
10.74,0,167.04,0.0,0.0
10.74,0,169.38,0.0,0.0
10.74,0,167.85,0.0,0.0
10.74,0,167.27,0.0,0.0
10.74,0,164.41,0.0,0.0
10.74,0,153.81,0.0,0.0
10.74,0,138.1,0.0,0.0
8.35,0,121.14,0.0,0.0
8.35,0,116.28,0.0,0.0
2.36,0,13.16,0.0,0.0
2.36,0,12.7,0.0,0.0
2.36,0,13.14,0.0,0.0
2.36,0,9.3,0.0,0.0
2.36,0,10.75,0.0,0.0
2.36,0,6.76,0.0,0.0
2.36,0,9.28,0.0,0.0
2.36,0,7.71,0.0,0.0
2.36,0,8.3,0.0,0.0
2.36,0,10.98,0.0,0.0
4.77,0,86.34,0.0,0.0
7.16,0,101.45,0.0,0.0
10.74,0,134.94,0.0,0.0
10.74,0,146.33,0.0,0.0
10.74,0,162.95,0.0,0.0
10.74,0,170.54,0.0,0.0
10.74,0,172.26,0.0,0.0
10.74,0,170.89,0.0,0.0
10.74,0,174.45,0.0,0.0
10.74,0,169.94,0.0,0.0
10.74,0,156.95,0.0,0.0
10.74,0,142.2,0.0,0.0
8.35,0,122.82,0.0,0.0
8.35,0,115.41,0.0,0.0
2.36,0,13.14,0.0,0.0
2.36,0,12.82,0.0,0.0
2.36,0,13.36,0.0,0.0
2.36,0,9.35,0.0,0.0
2.36,0,10.69,0.0,0.0
2.36,0,7.58,0.0,0.0
2.36,0,8.27,0.0,0.0
2.36,0,9.3,0.0,0.0
2.36,0,5.93,0.0,0.0
2.36,0,10.07,0.0,0.0
4.77,0,86.08,0.0,0.0
7.16,0,102.7,0.0,0.0
10.74,0,135.7,0.0,0.0
10.74,0,143.44,0.0,0.0
10.74,0,154.23,0.0,0.0
10.74,0,155.84,0.0,0.0
10.74,0,159.76,0.0,0.0
10.74,0,163.96,0.0,0.0
10.74,0,165.19,0.0,0.0
10.74,0,158.52,0.0,0.0
10.74,0,148.81,0.0,0.0
10.74,0,135.73,0.0,0.0
8.35,0,119.52,0.0,0.0
8.35,0,114.79,0.0,0.0
2.36,0,13.23,0.0,0.0
2.36,0,12.82,0.0,0.0
2.36,0,13.09,0.0,0.0
2.36,0,9.21,0.0,0.0
2.36,0,10.71,0.0,0.0
2.36,0,8.57,0.0,0.0
2.36,0,8.18,0.0,0.0
2.36,0,8.88,0.0,0.0
2.36,0,6.24,0.0,0.0
2.36,0,10.16,0.0,0.0
4.77,0,77.73,0.0,0.0
7.16,0,97.27,0.0,0.0
10.74,0,134.52,0.0,0.0
10.74,0,144.79,0.0,0.0
10.74,0,156.11,0.0,0.0
10.74,0,161.59,0.0,0.0
10.74,0,162.3,0.0,0.0
10.74,0,162.6,0.0,0.0
10.74,0,170.6,0.0,0.0
10.74,0,159.16,0.0,0.0
10.74,0,144.54,0.0,0.0
10.74,0,134.59,0.0,0.0
8.35,0,119.07,0.0,0.0
8.35,0,113.23,0.0,0.0
2.36,0,11.45,0.0,0.0
2.36,0,11.53,0.0,0.0
2.36,0,12.56,0.0,0.0
2.36,0,9.82,0.0,0.0
1.77,0,10.7,0.0,0.0
1.77,0,6.62,0.0,0.0
1.77,0,7.31,0.0,0.0
1.77,0,4.25,0.0,0.0
1.77,0,7.46,0.0,0.0
1.77,0,9.69,0.0,0.0
3.58,0,83.18,0.0,0.0
5.97,0,93.94,0.0,0.0
9.55,0,124.09,0.0,0.0
10.74,0,143.01,0.0,0.0
10.74,0,157.31,0.0,0.0
10.74,0,160.11,0.0,0.0
10.74,0,157.58,0.0,0.0
10.74,0,157.89,0.0,0.0
10.74,0,161.47,0.0,0.0
10.74,0,162.48,0.0,0.0
10.74,0,157.01,0.0,0.0
8.35,0,128.09,0.0,0.0
5.97,0,108.81,0.0,0.0
5.97,0,98.58,0.0,0.0
3.58,0,86.79,0.0,0.0
1.77,0,12.47,0.0,0.0
1.77,0,11.89,0.0,0.0
1.77,0,9.19,0.0,0.0
1.77,0,11.59,0.0,0.0
1.77,0,8.16,0.0,0.0
1.77,0,9.01,0.0,0.0
1.77,0,4.3,0.0,0.0
1.77,0,7.24,0.0,0.0
1.77,0,4.69,0.0,0.0
1.77,0,8.28,0.0,0.0
1.77,0,13.68,0.0,0.0
3.58,0,104.18,0.0,0.0
7.16,0,110.85,0.0,0.0
7.16,0,124.48,0.0,0.0
9.55,0,144.98,0.0,0.0
9.55,0,151.42,0.0,0.0
9.55,0,152.28,0.0,0.0
9.55,0,145.93,0.0,0.0
9.55,0,135.27,0.0,0.0
7.16,0,120.67,0.0,0.0
4.77,0,111.41,0.0,0.0
1.77,0,13.58,0.0,0.0
1.77,0,12.46,0.0,0.0
1.77,0,13.59,0.0,0.0
1.77,0,11.14,0.0,0.0
1.77,0,12.78,0.0,0.0
1.77,0,9.55,0.0,0.0
2.36,0,9.21,0.0,0.0
2.36,0,6.68,0.0,0.0
2.36,0,7.57,0.0,0.0
2.36,0,3.56,0.0,0.0
2.36,0,7.49,0.0,0.0
2.36,0,9.63,0.0,0.0
4.77,0,87.48,0.0,0.0
7.16,0,100.7,0.0,0.0
10.74,0,135.48,0.0,0.0
10.74,0,153.39,0.0,0.0
10.74,0,168.66,0.0,0.0
10.74,0,172.51,0.0,0.0
10.74,0,171.36,0.0,0.0
10.74,0,142.26,0.0,0.0
10.74,0,135.69,0.0,0.0
10.74,0,147.97,0.0,0.0
10.74,0,148.22,0.0,0.0
10.74,0,138.73,0.0,0.0
8.35,0,120.75,0.0,0.0
8.35,0,112.0,0.0,0.0
2.36,0,12.58,0.0,0.0
2.36,0,12.26,0.0,0.0
2.36,0,12.8,0.0,0.0
2.36,0,8.99,0.0,0.0
2.36,0,10.01,0.0,0.0
2.36,0,7.85,0.0,0.0
2.36,0,7.04,0.0,0.0
2.36,0,6.98,0.0,0.0
2.36,0,6.73,0.0,0.0
2.36,0,9.26,0.0,0.0
4.77,0,88.27,0.0,0.0
7.16,0,108.93,0.0,0.0
10.74,0,139.57,0.0,0.0
10.74,0,153.73,0.0,0.0
10.74,0,173.11,0.0,0.0
10.74,0,180.75,0.0,0.0
10.74,0,176.96,0.0,0.0
10.74,0,148.1,0.0,0.0
10.74,0,140.89,0.0,0.0
10.74,0,149.2,0.0,0.0
10.74,0,145.2,0.0,0.0
10.74,0,129.81,0.0,0.0
8.35,0,107.61,0.0,0.0
8.35,0,96.94,0.0,0.0
2.36,0,11.7,0.0,0.0
2.36,0,10.45,0.0,0.0
2.36,0,9.46,0.0,0.0
2.36,0,10.6,0.0,0.0
2.36,0,7.13,0.0,0.0
2.36,0,7.06,0.0,0.0
2.36,0,7.1,0.0,0.0
2.36,0,4.78,0.0,0.0
2.36,0,5.46,0.0,0.0
2.36,0,8.13,0.0,0.0
4.77,0,69.9,0.0,0.0
7.16,0,82.9,0.0,0.0
10.74,0,111.51,0.0,0.0
10.74,0,128.34,0.0,0.0
10.74,0,147.95,0.0,0.0
10.74,0,149.71,0.0,0.0
10.74,0,151.4,0.0,0.0
10.74,0,160.76,0.0,0.0
10.74,0,160.22,0.0,0.0
10.74,0,147.58,0.0,0.0
10.74,0,130.77,0.0,0.0
10.74,0,120.77,0.0,0.0
8.35,0,108.62,0.0,0.0
8.35,0,102.26,0.0,0.0
2.36,0,11.73,0.0,0.0
2.36,0,9.83,0.0,0.0
2.36,0,8.48,0.0,0.0
2.36,0,9.16,0.0,0.0
2.36,0,8.15,0.0,0.0
2.36,0,6.64,0.0,0.0
2.36,0,7.44,0.0,0.0
2.36,0,4.66,0.0,0.0
2.36,0,5.43,0.0,0.0
2.36,0,8.13,0.0,0.0
4.77,0,63.71,0.0,0.0
7.16,0,81.91,0.0,0.0
10.74,0,110.99,0.0,0.0
10.74,0,119.54,0.0,0.0
10.74,0,133.37,0.0,0.0
10.74,0,139.75,0.0,0.0
10.74,0,141.79,0.0,0.0
10.74,0,137.34,0.0,0.0
10.74,0,129.63,0.0,0.0
10.74,0,120.35,0.0,0.0
10.74,0,116.24,0.0,0.0
10.74,0,108.73,0.0,0.0
8.35,0,91.99,0.0,0.0
8.35,0,84.05,0.0,0.0
2.36,0,8.66,0.0,0.0
2.36,0,8.21,0.0,0.0
2.36,0,4.32,0.0,0.0
2.36,0,7.15,0.0,0.0
2.36,0,4.62,0.0,0.0
2.36,0,5.88,0.0,0.0
2.36,0,4.94,0.0,0.0
2.36,0,4.14,0.0,0.0
2.36,0,2.16,0.0,0.0
2.36,0,7.59,0.0,0.0
4.77,0,61.92,0.0,0.0
7.16,0,84.43,0.0,0.0
10.74,0,121.73,0.0,0.0
10.74,0,136.87,0.0,0.0
10.74,0,146.05,0.0,0.0
10.74,0,136.0,0.0,0.0
10.74,0,125.67,0.0,0.0
10.74,0,139.15,0.0,0.0
10.74,0,157.02,0.0,0.0
10.74,0,156.55,0.0,0.0
10.74,0,148.56,0.0,0.0
10.74,0,137.67,0.0,0.0
8.35,0,121.02,0.0,0.0
8.35,0,113.49,0.0,0.0
2.36,0,12.69,0.0,0.0
2.36,0,12.21,0.0,0.0
2.36,0,10.57,0.0,0.0
2.36,0,10.7,0.0,0.0
1.77,0,8.42,0.0,0.0
1.77,0,9.0,0.0,0.0
1.77,0,9.2,0.0,0.0
1.77,0,6.21,0.0,0.0
1.77,0,8.08,0.0,0.0
1.77,0,10.31,0.0,0.0
3.58,0,78.22,0.0,0.0
5.97,0,97.12,0.0,0.0
9.55,0,128.46,0.0,0.0
10.74,0,150.38,0.0,0.0
10.74,0,157.77,0.0,0.0
10.74,0,159.25,0.0,0.0
10.74,0,145.6,0.0,0.0
10.74,0,148.25,0.0,0.0
10.74,0,160.32,0.0,0.0
10.74,0,161.27,0.0,0.0
10.74,0,142.19,0.0,0.0
8.35,0,115.17,0.0,0.0
5.97,0,103.65,0.0,0.0
5.97,0,94.08,0.0,0.0
3.58,0,65.0,0.0,0.0
1.77,0,5.07,0.0,0.0
1.77,0,5.7,0.0,0.0
1.77,0,5.2,0.0,0.0
1.77,0,3.09,0.0,0.0
1.77,0,3.46,0.0,0.0
1.77,0,2.42,0.0,0.0
1.77,0,2.49,0.0,0.0
1.77,0,0.7,0.0,0.0
1.77,0,1.48,0.0,0.0
1.77,0,0.72,0.0,0.0
1.77,0,6.61,0.0,0.0
3.58,0,42.61,0.0,0.0
7.16,0,68.63,0.0,0.0
7.16,0,80.48,0.0,0.0
9.55,0,97.4,0.0,0.0
9.55,0,104.52,0.0,0.0
9.55,0,97.05,0.0,0.0
9.55,0,87.96,0.0,0.0
9.55,0,83.87,0.0,0.0
7.16,0,68.17,0.0,0.0
4.77,0,57.56,0.0,0.0
1.77,0,4.77,0.0,0.0
1.77,0,5.62,0.0,0.0
1.77,0,3.64,0.0,0.0
1.77,0,0.77,0.0,0.0
1.77,0,2.32,0.0,0.0
1.77,0,0.72,0.0,0.0
2.36,0,2.3,0.0,0.0
2.36,0,0.69,0.0,0.0
2.36,0,0.66,0.0,0.0
2.36,0,0.65,0.0,0.0
2.36,0,0.11,0.0,0.0
2.36,0,5.48,0.0,0.0
4.77,0,59.34,0.0,0.0
7.16,0,81.91,0.0,0.0
10.74,0,120.21,0.0,0.0
10.74,0,131.33,0.0,0.0
10.74,0,148.15,0.0,0.0
10.74,0,158.4,0.0,0.0
10.74,0,159.51,0.0,0.0
10.74,0,155.98,0.0,0.0
10.74,0,156.39,0.0,0.0
10.74,0,146.23,0.0,0.0
10.74,0,136.18,0.0,0.0
10.74,0,130.18,0.0,0.0
8.35,0,114.81,0.0,0.0
8.35,0,106.52,0.0,0.0
2.36,0,11.93,0.0,0.0
2.36,0,10.96,0.0,0.0
2.36,0,10.29,0.0,0.0
2.36,0,10.3,0.0,0.0
2.36,0,8.39,0.0,0.0
2.36,0,8.35,0.0,0.0
2.36,0,8.75,0.0,0.0
2.36,0,5.7,0.0,0.0
2.36,0,7.55,0.0,0.0
2.36,0,10.64,0.0,0.0
4.77,0,80.77,0.0,0.0
7.16,0,101.17,0.0,0.0
10.74,0,139.25,0.0,0.0
10.74,0,149.74,0.0,0.0
10.74,0,158.82,0.0,0.0
10.74,0,161.65,0.0,0.0
10.74,0,164.19,0.0,0.0
10.74,0,163.29,0.0,0.0
10.74,0,152.37,0.0,0.0
10.74,0,137.63,0.0,0.0
10.74,0,123.65,0.0,0.0
10.74,0,111.27,0.0,0.0
8.35,0,92.89,0.0,0.0
8.35,0,84.62,0.0,0.0
2.36,0,9.75,0.0,0.0
2.36,0,11.17,0.0,0.0
2.36,0,6.82,0.0,0.0
2.36,0,8.45,0.0,0.0
2.36,0,4.04,0.0,0.0
2.36,0,6.84,0.0,0.0
2.36,0,4.41,0.0,0.0
2.36,0,6.04,0.0,0.0
2.36,0,4.29,0.0,0.0
2.36,0,8.24,0.0,0.0
4.77,0,64.57,0.0,0.0
7.16,0,83.62,0.0,0.0
10.74,0,118.46,0.0,0.0
10.74,0,132.81,0.0,0.0
10.74,0,140.05,0.0,0.0
10.74,0,143.11,0.0,0.0
10.74,0,132.16,0.0,0.0
10.74,0,118.31,0.0,0.0
10.74,0,126.42,0.0,0.0
10.74,0,129.03,0.0,0.0
10.74,0,119.78,0.0,0.0
10.74,0,104.44,0.0,0.0
8.35,0,87.41,0.0,0.0
8.35,0,87.23,0.0,0.0
2.36,0,5.88,0.0,0.0
2.36,0,8.21,0.0,0.0
2.36,0,5.73,0.0,0.0
2.36,0,6.45,0.0,0.0
2.36,0,5.26,0.0,0.0
2.36,0,5.56,0.0,0.0
2.36,0,4.03,0.0,0.0
2.36,0,2.68,0.0,0.0
2.36,0,1.79,0.0,0.0
2.36,0,7.7,0.0,0.0
4.77,0,61.25,0.0,0.0
7.16,0,85.28,0.0,0.0
10.74,0,122.38,0.0,0.0
10.74,0,131.85,0.0,0.0
10.74,0,145.21,0.0,0.0
10.74,0,151.68,0.0,0.0
10.74,0,152.71,0.0,0.0
10.74,0,159.41,0.0,0.0
10.74,0,169.24,0.0,0.0
10.74,0,161.46,0.0,0.0
10.74,0,151.12,0.0,0.0
10.74,0,136.86,0.0,0.0
8.35,0,115.9,0.0,0.0
8.35,0,107.5,0.0,0.0
2.36,0,12.16,0.0,0.0
2.36,0,11.99,0.0,0.0
2.36,0,11.17,0.0,0.0
2.36,0,9.25,0.0,0.0
2.36,0,8.51,0.0,0.0
2.36,0,9.43,0.0,0.0
2.36,0,9.13,0.0,0.0
2.36,0,8.51,0.0,0.0
2.36,0,8.21,0.0,0.0
2.36,0,11.19,0.0,0.0
4.77,0,87.06,0.0,0.0
7.16,0,108.98,0.0,0.0
10.74,0,143.9,0.0,0.0
10.74,0,152.21,0.0,0.0
10.74,0,160.28,0.0,0.0
10.74,0,164.14,0.0,0.0
10.74,0,169.9,0.0,0.0
10.74,0,172.88,0.0,0.0
10.74,0,169.52,0.0,0.0
10.74,0,166.21,0.0,0.0
10.74,0,161.24,0.0,0.0
10.74,0,148.39,0.0,0.0
8.35,0,130.82,0.0,0.0
8.35,0,122.24,0.0,0.0
2.36,0,14.02,0.0,0.0
2.36,0,12.02,0.0,0.0
2.36,0,14.12,0.0,0.0
2.36,0,10.51,0.0,0.0
1.77,0,11.36,0.0,0.0
1.77,0,7.28,0.0,0.0
1.77,0,8.4,0.0,0.0
1.77,0,6.76,0.0,0.0
1.77,0,7.35,0.0,0.0
1.77,0,4.86,0.0,0.0
1.77,0,8.95,0.0,0.0
1.77,0,15.6,0.0,0.0
3.58,0,111.74,0.0,0.0
7.16,0,121.47,0.0,0.0
7.16,0,130.94,0.0,0.0
9.55,0,147.03,0.0,0.0
9.55,0,143.01,0.0,0.0
9.55,0,138.05,0.0,0.0
9.55,0,132.88,0.0,0.0
9.55,0,127.2,0.0,0.0
7.16,0,112.19,0.0,0.0
4.77,0,99.35,0.0,0.0
1.77,0,12.82,0.0,0.0
1.77,0,12.18,0.0,0.0
1.77,0,10.79,0.0,0.0
1.77,0,9.29,0.0,0.0
1.77,0,8.55,0.0,0.0
1.77,0,6.72,0.0,0.0
1.77,0,7.79,0.0,0.0
1.77,0,6.34,0.0,0.0
1.77,0,8.26,0.0,0.0
1.77,0,3.72,0.0,0.0
1.77,0,6.04,0.0,0.0
1.77,0,3.91,0.0,0.0
1.77,0,6.62,0.0,0.0
1.77,0,11.56,0.0,0.0
3.58,0,100.54,0.0,0.0
7.16,0,111.07,0.0,0.0
7.16,0,118.12,0.0,0.0
9.55,0,140.32,0.0,0.0
9.55,0,150.86,0.0,0.0
9.55,0,154.2,0.0,0.0
9.55,0,137.59,0.0,0.0
9.55,0,131.91,0.0,0.0
7.16,0,93.69,0.0,0.0
4.77,0,58.73,0.0,0.0
1.77,0,5.25,0.0,0.0
1.77,0,7.88,0.0,0.0
1.77,0,2.86,0.0,0.0
1.77,0,4.12,0.0,0.0
1.77,0,3.72,0.0,0.0
1.77,0,2.55,0.0,0.0
2.36,0,2.72,0.0,0.0
2.36,0,0.75,0.0,0.0
2.36,0,2.36,0.0,0.0
2.36,0,2.2,0.0,0.0
2.36,0,0.76,0.0,0.0
2.36,0,6.96,0.0,0.0
4.77,0,52.85,0.0,0.0
7.16,0,73.96,0.0,0.0
10.74,0,112.0,0.0,0.0
10.74,0,131.68,0.0,0.0
10.74,0,148.86,0.0,0.0
10.74,0,155.35,0.0,0.0
10.74,0,163.75,0.0,0.0
10.74,0,165.09,0.0,0.0
10.74,0,165.36,0.0,0.0
10.74,0,161.43,0.0,0.0
10.74,0,151.64,0.0,0.0
10.74,0,141.48,0.0,0.0
8.35,0,124.14,0.0,0.0
8.35,0,115.02,0.0,0.0
2.36,0,12.69,0.0,0.0
2.36,0,12.36,0.0,0.0
2.36,0,12.35,0.0,0.0
2.36,0,8.94,0.0,0.0
2.36,0,10.07,0.0,0.0
2.36,0,8.91,0.0,0.0
2.36,0,8.24,0.0,0.0
2.36,0,9.34,0.0,0.0
2.36,0,6.96,0.0,0.0
2.36,0,9.99,0.0,0.0
4.77,0,90.45,0.0,0.0
7.16,0,107.42,0.0,0.0
10.74,0,141.14,0.0,0.0
10.74,0,153.84,0.0,0.0
10.74,0,168.28,0.0,0.0
10.74,0,175.22,0.0,0.0
10.74,0,181.83,0.0,0.0
10.74,0,186.37,0.0,0.0
10.74,0,187.69,0.0,0.0
10.74,0,175.51,0.0,0.0
10.74,0,161.76,0.0,0.0
10.74,0,150.02,0.0,0.0
8.35,0,132.11,0.0,0.0
8.35,0,123.64,0.0,0.0
2.36,0,13.65,0.0,0.0
2.36,0,12.0,0.0,0.0
2.36,0,13.85,0.0,0.0
2.36,0,11.18,0.0,0.0
2.36,0,12.65,0.0,0.0
2.36,0,7.68,0.0,0.0
2.36,0,10.66,0.0,0.0
2.36,0,6.87,0.0,0.0
2.36,0,8.58,0.0,0.0
2.36,0,11.27,0.0,0.0
4.77,0,100.32,0.0,0.0
7.16,0,114.21,0.0,0.0
10.74,0,146.55,0.0,0.0
10.74,0,157.37,0.0,0.0
10.74,0,171.71,0.0,0.0
10.74,0,162.68,0.0,0.0
10.74,0,166.57,0.0,0.0
10.74,0,147.51,0.0,0.0
10.74,0,139.56,0.0,0.0
10.74,0,150.46,0.0,0.0
10.74,0,144.05,0.0,0.0
10.74,0,130.95,0.0,0.0
8.35,0,118.02,0.0,0.0
8.35,0,112.59,0.0,0.0
2.36,0,11.86,0.0,0.0
2.36,0,10.93,0.0,0.0
2.36,0,10.16,0.0,0.0
2.36,0,10.36,0.0,0.0
2.36,0,8.13,0.0,0.0
2.36,0,6.44,0.0,0.0
2.36,0,7.23,0.0,0.0
2.36,0,5.13,0.0,0.0
2.36,0,4.76,0.0,0.0
2.36,0,8.36,0.0,0.0
4.77,0,76.33,0.0,0.0
7.16,0,95.77,0.0,0.0
10.74,0,127.92,0.0,0.0
10.74,0,141.94,0.0,0.0
10.74,0,161.59,0.0,0.0
10.74,0,170.58,0.0,0.0
10.74,0,173.95,0.0,0.0
10.74,0,162.17,0.0,0.0
10.74,0,147.05,0.0,0.0
10.74,0,146.67,0.0,0.0
10.74,0,148.32,0.0,0.0
10.74,0,138.23,0.0,0.0
8.35,0,119.28,0.0,0.0
8.35,0,109.97,0.0,0.0
2.36,0,12.33,0.0,0.0
2.36,0,12.17,0.0,0.0
2.36,0,11.12,0.0,0.0
2.36,0,9.66,0.0,0.0
2.36,0,9.86,0.0,0.0
2.36,0,7.63,0.0,0.0
2.36,0,6.8,0.0,0.0
2.36,0,6.82,0.0,0.0
2.36,0,6.76,0.0,0.0
2.36,0,8.7,0.0,0.0
4.77,0,82.35,0.0,0.0
7.16,0,102.55,0.0,0.0
10.74,0,133.68,0.0,0.0
10.74,0,149.1,0.0,0.0
10.74,0,147.38,0.0,0.0
10.74,0,138.6,0.0,0.0
10.74,0,140.34,0.0,0.0
10.74,0,150.21,0.0,0.0
10.74,0,158.39,0.0,0.0
10.74,0,150.73,0.0,0.0
10.74,0,131.19,0.0,0.0
10.74,0,121.52,0.0,0.0
8.35,0,112.24,0.0,0.0
8.35,0,108.54,0.0,0.0
2.36,0,7.95,0.0,0.0
2.36,0,9.01,0.0,0.0
2.36,0,4.96,0.0,0.0
2.36,0,7.15,0.0,0.0
1.77,0,3.43,0.0,0.0
1.77,0,5.02,0.0,0.0
1.77,0,4.15,0.0,0.0
1.77,0,4.22,0.0,0.0
1.77,0,4.46,0.0,0.0
1.77,0,6.87,0.0,0.0
3.58,0,65.3,0.0,0.0
5.97,0,91.46,0.0,0.0
9.55,0,123.01,0.0,0.0
10.74,0,146.78,0.0,0.0
10.74,0,166.57,0.0,0.0
10.74,0,174.0,0.0,0.0
10.74,0,177.76,0.0,0.0
10.74,0,175.71,0.0,0.0
10.74,0,170.17,0.0,0.0
10.74,0,166.69,0.0,0.0
10.74,0,159.94,0.0,0.0
8.35,0,140.08,0.0,0.0
5.97,0,123.9,0.0,0.0
5.97,0,109.86,0.0,0.0
3.58,0,94.65,0.0,0.0
1.77,0,13.03,0.0,0.0
1.77,0,12.1,0.0,0.0
1.77,0,10.08,0.0,0.0
1.77,0,8.7,0.0,0.0
1.77,0,7.57,0.0,0.0
1.77,0,8.26,0.0,0.0
1.77,0,4.22,0.0,0.0
1.77,0,7.16,0.0,0.0
1.77,0,4.61,0.0,0.0
1.77,0,8.21,0.0,0.0
1.77,0,14.62,0.0,0.0
3.58,0,112.82,0.0,0.0
7.16,0,125.51,0.0,0.0
7.16,0,133.25,0.0,0.0
9.55,0,151.69,0.0,0.0
9.55,0,154.38,0.0,0.0
9.55,0,152.07,0.0,0.0
9.55,0,150.76,0.0,0.0
9.55,0,149.28,0.0,0.0
7.16,0,135.45,0.0,0.0
4.77,0,119.21,0.0,0.0
1.77,0,13.77,0.0,0.0
1.77,0,12.61,0.0,0.0
1.77,0,13.59,0.0,0.0
1.77,0,10.5,0.0,0.0
1.77,0,13.25,0.0,0.0
1.77,0,10.36,0.0,0.0
2.36,0,12.02,0.0,0.0
2.36,0,8.37,0.0,0.0
2.36,0,11.43,0.0,0.0
2.36,0,7.87,0.0,0.0
2.36,0,9.18,0.0,0.0
2.36,0,11.12,0.0,0.0
4.77,0,97.29,0.0,0.0
7.16,0,110.39,0.0,0.0
10.74,0,145.96,0.0,0.0
10.74,0,160.73,0.0,0.0
10.74,0,177.48,0.0,0.0
10.74,0,178.79,0.0,0.0
10.74,0,179.45,0.0,0.0
10.74,0,179.88,0.0,0.0
10.74,0,183.15,0.0,0.0
10.74,0,177.59,0.0,0.0
10.74,0,166.57,0.0,0.0
10.74,0,151.58,0.0,0.0
8.35,0,133.05,0.0,0.0
8.35,0,126.76,0.0,0.0
2.36,0,14.02,0.0,0.0
2.36,0,13.06,0.0,0.0
2.36,0,13.18,0.0,0.0
2.36,0,11.27,0.0,0.0
2.36,0,12.65,0.0,0.0
2.36,0,9.47,0.0,0.0
2.36,0,9.06,0.0,0.0
2.36,0,6.74,0.0,0.0
2.36,0,8.67,0.0,0.0
2.36,0,10.95,0.0,0.0
4.77,0,89.61,0.0,0.0
7.16,0,102.3,0.0,0.0
10.74,0,136.89,0.0,0.0
10.74,0,147.98,0.0,0.0
10.74,0,161.06,0.0,0.0
10.74,0,167.53,0.0,0.0
10.74,0,173.02,0.0,0.0
10.74,0,173.68,0.0,0.0
10.74,0,175.61,0.0,0.0
10.74,0,173.02,0.0,0.0
10.74,0,168.9,0.0,0.0
10.74,0,152.64,0.0,0.0
8.35,0,131.47,0.0,0.0
8.35,0,124.91,0.0,0.0
2.36,0,14.38,0.0,0.0
2.36,0,13.5,0.0,0.0
2.36,0,13.34,0.0,0.0
2.36,0,11.29,0.0,0.0
2.36,0,12.72,0.0,0.0
2.36,0,9.65,0.0,0.0
2.36,0,10.88,0.0,0.0
2.36,0,7.29,0.0,0.0
2.36,0,7.93,0.0,0.0
2.36,0,11.05,0.0,0.0
4.77,0,91.92,0.0,0.0
7.16,0,106.47,0.0,0.0
10.74,0,141.14,0.0,0.0
10.74,0,157.33,0.0,0.0
10.74,0,171.54,0.0,0.0
10.74,0,176.6,0.0,0.0
10.74,0,180.05,0.0,0.0
10.74,0,179.4,0.0,0.0
10.74,0,179.5,0.0,0.0
10.74,0,173.28,0.0,0.0
10.74,0,163.86,0.0,0.0
10.74,0,156.75,0.0,0.0
8.35,0,141.22,0.0,0.0
8.35,0,132.94,0.0,0.0
2.36,0,14.97,0.0,0.0
2.36,0,14.12,0.0,0.0
2.36,0,14.88,0.0,0.0
2.36,0,10.86,0.0,0.0
2.36,0,13.32,0.0,0.0
2.36,0,10.49,0.0,0.0
2.36,0,12.26,0.0,0.0
2.36,0,8.54,0.0,0.0
2.36,0,10.63,0.0,0.0
2.36,0,13.63,0.0,0.0
4.77,0,101.34,0.0,0.0
7.16,0,112.98,0.0,0.0
10.74,0,148.73,0.0,0.0
10.74,0,162.54,0.0,0.0
10.74,0,175.7,0.0,0.0
10.74,0,181.35,0.0,0.0
10.74,0,183.51,0.0,0.0
10.74,0,184.16,0.0,0.0
10.74,0,187.19,0.0,0.0
10.74,0,181.52,0.0,0.0
10.74,0,170.84,0.0,0.0
10.74,0,159.74,0.0,0.0
8.35,0,144.08,0.0,0.0
8.35,0,138.82,0.0,0.0
2.36,0,15.17,0.0,0.0
2.36,0,14.13,0.0,0.0
2.36,0,15.0,0.0,0.0
2.36,0,11.18,0.0,0.0
2.36,0,13.58,0.0,0.0
2.36,0,10.26,0.0,0.0
2.36,0,11.65,0.0,0.0
2.36,0,8.03,0.0,0.0
2.36,0,10.15,0.0,0.0
2.36,0,13.45,0.0,0.0
4.77,0,102.88,0.0,0.0
7.16,0,118.46,0.0,0.0
10.74,0,152.84,0.0,0.0
10.74,0,162.94,0.0,0.0
10.74,0,179.56,0.0,0.0
10.74,0,182.98,0.0,0.0
10.74,0,179.68,0.0,0.0
10.74,0,181.22,0.0,0.0
10.74,0,179.5,0.0,0.0
10.74,0,158.2,0.0,0.0
10.74,0,132.76,0.0,0.0
10.74,0,123.11,0.0,0.0
8.35,0,113.83,0.0,0.0
8.35,0,107.98,0.0,0.0
2.36,0,9.9,0.0,0.0
2.36,0,12.68,0.0,0.0
2.36,0,10.38,0.0,0.0
2.36,0,8.71,0.0,0.0
1.77,0,7.42,0.0,0.0
1.77,0,9.67,0.0,0.0
1.77,0,6.19,0.0,0.0
1.77,0,7.29,0.0,0.0
1.77,0,5.73,0.0,0.0
1.77,0,10.31,0.0,0.0
3.58,0,93.6,0.0,0.0
5.97,0,108.16,0.0,0.0
9.55,0,141.56,0.0,0.0
10.74,0,165.47,0.0,0.0
10.74,0,183.2,0.0,0.0
10.74,0,189.97,0.0,0.0
10.74,0,193.56,0.0,0.0
10.74,0,194.26,0.0,0.0
10.74,0,187.11,0.0,0.0
10.74,0,176.32,0.0,0.0
10.74,0,161.01,0.0,0.0
8.35,0,131.85,0.0,0.0
5.97,0,121.75,0.0,0.0
5.97,0,123.14,0.0,0.0
3.58,0,110.89,0.0,0.0
1.77,0,12.92,0.0,0.0
1.77,0,13.02,0.0,0.0
1.77,0,11.88,0.0,0.0
1.77,0,11.46,0.0,0.0
1.77,0,8.56,0.0,0.0
1.77,0,8.34,0.0,0.0
1.77,0,9.48,0.0,0.0
1.77,0,8.56,0.0,0.0
1.77,0,8.65,0.0,0.0
1.77,0,8.0,0.0,0.0
1.77,0,16.41,0.0,0.0
3.58,0,120.61,0.0,0.0
7.16,0,134.84,0.0,0.0
7.16,0,145.28,0.0,0.0
9.55,0,167.18,0.0,0.0
9.55,0,175.41,0.0,0.0
9.55,0,174.6,0.0,0.0
9.55,0,167.49,0.0,0.0
9.55,0,161.3,0.0,0.0
7.16,0,140.19,0.0,0.0
4.77,0,121.18,0.0,0.0
1.77,0,13.83,0.0,0.0
1.77,0,12.01,0.0,0.0
1.77,0,12.67,0.0,0.0
1.77,0,9.52,0.0,0.0
1.77,0,9.99,0.0,0.0
1.77,0,7.1,0.0,0.0
2.36,0,8.44,0.0,0.0
2.36,0,5.31,0.0,0.0
2.36,0,6.33,0.0,0.0
2.36,0,3.93,0.0,0.0
2.36,0,6.97,0.0,0.0
2.36,0,9.41,0.0,0.0
4.77,0,93.62,0.0,0.0
7.16,0,114.08,0.0,0.0
10.74,0,152.53,0.0,0.0
10.74,0,158.76,0.0,0.0
10.74,0,158.33,0.0,0.0
10.74,0,158.35,0.0,0.0
10.74,0,157.02,0.0,0.0
10.74,0,157.98,0.0,0.0
10.74,0,162.44,0.0,0.0
10.74,0,158.73,0.0,0.0
10.74,0,150.39,0.0,0.0
10.74,0,138.41,0.0,0.0
8.35,0,120.59,0.0,0.0
8.35,0,113.19,0.0,0.0
2.36,0,12.39,0.0,0.0
2.36,0,11.41,0.0,0.0
2.36,0,9.42,0.0,0.0
2.36,0,11.71,0.0,0.0
2.36,0,9.67,0.0,0.0
2.36,0,9.11,0.0,0.0
2.36,0,7.63,0.0,0.0
2.36,0,10.56,0.0,0.0
2.36,0,6.02,0.0,0.0
2.36,0,10.57,0.0,0.0
4.77,0,90.74,0.0,0.0
7.16,0,111.0,0.0,0.0
10.74,0,146.0,0.0,0.0
10.74,0,155.75,0.0,0.0
10.74,0,166.82,0.0,0.0
10.74,0,167.92,0.0,0.0
10.74,0,175.43,0.0,0.0
10.74,0,170.26,0.0,0.0
10.74,0,165.08,0.0,0.0
10.74,0,155.88,0.0,0.0
10.74,0,144.97,0.0,0.0
10.74,0,135.09,0.0,0.0
8.35,0,121.24,0.0,0.0
8.35,0,115.06,0.0,0.0
2.36,0,12.41,0.0,0.0
2.36,0,11.32,0.0,0.0
2.36,0,10.3,0.0,0.0
2.36,0,11.72,0.0,0.0
2.36,0,8.21,0.0,0.0
2.36,0,10.91,0.0,0.0
2.36,0,5.84,0.0,0.0
2.36,0,6.55,0.0,0.0
2.36,0,7.24,0.0,0.0
2.36,0,9.43,0.0,0.0
4.77,0,86.72,0.0,0.0
7.16,0,109.84,0.0,0.0
10.74,0,141.44,0.0,0.0
10.74,0,149.13,0.0,0.0
10.74,0,146.88,0.0,0.0
10.74,0,146.39,0.0,0.0
10.74,0,153.08,0.0,0.0
10.74,0,144.92,0.0,0.0
10.74,0,147.2,0.0,0.0
10.74,0,151.4,0.0,0.0
10.74,0,145.72,0.0,0.0
10.74,0,131.32,0.0,0.0
8.35,0,114.08,0.0,0.0
8.35,0,109.24,0.0,0.0
2.36,0,9.78,0.0,0.0
2.36,0,12.49,0.0,0.0
2.36,0,8.9,0.0,0.0
2.36,0,11.05,0.0,0.0
2.36,0,6.79,0.0,0.0
2.36,0,8.35,0.0,0.0
2.36,0,5.71,0.0,0.0
2.36,0,6.4,0.0,0.0
2.36,0,5.38,0.0,0.0
2.36,0,9.95,0.0,0.0
4.77,0,80.74,0.0,0.0
7.16,0,105.57,0.0,0.0
10.74,0,140.8,0.0,0.0
10.74,0,153.16,0.0,0.0
10.74,0,164.0,0.0,0.0
10.74,0,161.68,0.0,0.0
10.74,0,164.25,0.0,0.0
10.74,0,170.31,0.0,0.0
10.74,0,172.79,0.0,0.0
10.74,0,169.11,0.0,0.0
10.74,0,160.01,0.0,0.0
10.74,0,149.95,0.0,0.0
8.35,0,135.91,0.0,0.0
8.35,0,128.56,0.0,0.0
2.36,0,14.18,0.0,0.0
2.36,0,13.18,0.0,0.0
2.36,0,13.93,0.0,0.0
2.36,0,11.16,0.0,0.0
2.36,0,12.73,0.0,0.0
2.36,0,8.75,0.0,0.0
2.36,0,11.96,0.0,0.0
2.36,0,8.16,0.0,0.0
2.36,0,8.61,0.0,0.0
2.36,0,11.31,0.0,0.0
4.77,0,97.47,0.0,0.0
7.16,0,110.12,0.0,0.0
10.74,0,144.76,0.0,0.0
10.74,0,158.28,0.0,0.0
10.74,0,172.07,0.0,0.0
10.74,0,176.96,0.0,0.0
10.74,0,179.25,0.0,0.0
10.74,0,179.83,0.0,0.0
10.74,0,177.31,0.0,0.0
10.74,0,169.43,0.0,0.0
10.74,0,159.47,0.0,0.0
10.74,0,148.75,0.0,0.0
8.35,0,132.37,0.0,0.0
8.35,0,125.23,0.0,0.0
2.36,0,14.2,0.0,0.0
2.36,0,13.56,0.0,0.0
2.36,0,14.52,0.0,0.0
2.36,0,11.1,0.0,0.0
1.77,0,13.52,0.0,0.0
1.77,0,10.19,0.0,0.0
1.77,0,11.25,0.0,0.0
1.77,0,7.42,0.0,0.0
1.77,0,9.13,0.0,0.0
1.77,0,13.98,0.0,0.0
3.58,0,102.84,0.0,0.0
5.97,0,111.45,0.0,0.0
9.55,0,140.67,0.0,0.0
10.74,0,162.14,0.0,0.0
10.74,0,183.6,0.0,0.0
10.74,0,192.7,0.0,0.0
10.74,0,193.39,0.0,0.0
10.74,0,193.24,0.0,0.0
10.74,0,191.55,0.0,0.0
10.74,0,183.93,0.0,0.0
10.74,0,168.43,0.0,0.0
8.35,0,130.23,0.0,0.0
5.97,0,106.51,0.0,0.0
5.97,0,100.54,0.0,0.0
3.58,0,87.28,0.0,0.0
1.77,0,12.77,0.0,0.0
1.77,0,10.83,0.0,0.0
1.77,0,8.21,0.0,0.0
1.77,0,9.35,0.0,0.0
1.77,0,5.97,0.0,0.0
1.77,0,6.78,0.0,0.0
1.77,0,4.72,0.0,0.0
1.77,0,7.19,0.0,0.0
1.77,0,4.22,0.0,0.0
1.77,0,7.8,0.0,0.0
1.77,0,13.11,0.0,0.0
3.58,0,105.82,0.0,0.0
7.16,0,120.47,0.0,0.0
7.16,0,133.22,0.0,0.0
9.55,0,153.08,0.0,0.0
9.55,0,159.56,0.0,0.0
9.55,0,159.79,0.0,0.0
9.55,0,159.0,0.0,0.0
9.55,0,143.02,0.0,0.0
7.16,0,116.72,0.0,0.0
4.77,0,108.6,0.0,0.0
1.77,0,13.26,0.0,0.0
1.77,0,11.19,0.0,0.0
1.77,0,13.06,0.0,0.0
1.77,0,10.56,0.0,0.0
1.77,0,12.09,0.0,0.0
1.77,0,9.16,0.0,0.0
2.36,0,9.97,0.0,0.0
2.36,0,7.75,0.0,0.0
2.36,0,10.34,0.0,0.0
2.36,0,5.05,0.0,0.0
2.36,0,7.41,0.0,0.0
2.36,0,9.84,0.0,0.0
4.77,0,96.28,0.0,0.0
7.16,0,110.95,0.0,0.0
10.74,0,143.03,0.0,0.0
10.74,0,158.18,0.0,0.0
10.74,0,173.92,0.0,0.0
10.74,0,168.05,0.0,0.0
10.74,0,168.52,0.0,0.0
10.74,0,172.36,0.0,0.0
10.74,0,174.91,0.0,0.0
10.74,0,167.51,0.0,0.0
10.74,0,157.98,0.0,0.0
10.74,0,148.65,0.0,0.0
8.35,0,132.35,0.0,0.0
8.35,0,125.24,0.0,0.0
2.36,0,13.54,0.0,0.0
2.36,0,12.55,0.0,0.0
2.36,0,12.81,0.0,0.0
2.36,0,11.0,0.0,0.0
2.36,0,12.35,0.0,0.0
2.36,0,9.18,0.0,0.0
2.36,0,8.64,0.0,0.0
2.36,0,6.35,0.0,0.0
2.36,0,8.3,0.0,0.0
2.36,0,10.4,0.0,0.0
4.77,0,94.89,0.0,0.0
7.16,0,108.66,0.0,0.0
10.74,0,141.43,0.0,0.0
10.74,0,157.58,0.0,0.0
10.74,0,172.34,0.0,0.0
10.74,0,168.66,0.0,0.0
10.74,0,164.36,0.0,0.0
10.74,0,163.86,0.0,0.0
10.74,0,171.56,0.0,0.0
10.74,0,168.65,0.0,0.0
10.74,0,158.47,0.0,0.0
10.74,0,150.14,0.0,0.0
8.35,0,136.26,0.0,0.0
8.35,0,130.28,0.0,0.0
2.36,0,14.29,0.0,0.0
2.36,0,13.6,0.0,0.0
2.36,0,15.34,0.0,0.0
2.36,0,10.97,0.0,0.0
2.36,0,13.3,0.0,0.0
2.36,0,10.07,0.0,0.0
2.36,0,11.51,0.0,0.0
2.36,0,7.92,0.0,0.0
2.36,0,9.86,0.0,0.0
2.36,0,12.99,0.0,0.0
4.77,0,101.38,0.0,0.0
7.16,0,113.69,0.0,0.0
10.74,0,147.83,0.0,0.0
10.74,0,162.87,0.0,0.0
10.74,0,179.99,0.0,0.0
10.74,0,185.02,0.0,0.0
10.74,0,184.83,0.0,0.0
10.74,0,182.15,0.0,0.0
10.74,0,181.6,0.0,0.0
10.74,0,182.52,0.0,0.0
10.74,0,174.32,0.0,0.0
10.74,0,142.74,0.0,0.0
8.35,0,117.85,0.0,0.0
8.35,0,107.49,0.0,0.0
2.36,0,11.73,0.0,0.0
2.36,0,10.72,0.0,0.0
2.36,0,9.04,0.0,0.0
2.36,0,10.41,0.0,0.0
2.36,0,8.33,0.0,0.0
2.36,0,9.17,0.0,0.0
2.36,0,6.69,0.0,0.0
2.36,0,4.19,0.0,0.0
2.36,0,7.21,0.0,0.0
2.36,0,9.26,0.0,0.0
4.77,0,85.95,0.0,0.0
7.16,0,103.1,0.0,0.0
10.74,0,133.71,0.0,0.0
10.74,0,145.06,0.0,0.0
10.74,0,160.75,0.0,0.0
10.74,0,171.15,0.0,0.0
10.74,0,173.6,0.0,0.0
10.74,0,174.9,0.0,0.0
10.74,0,173.73,0.0,0.0
10.74,0,151.11,0.0,0.0
10.74,0,127.54,0.0,0.0
10.74,0,122.94,0.0,0.0
8.35,0,111.59,0.0,0.0
8.35,0,109.69,0.0,0.0
2.36,0,10.52,0.0,0.0
2.36,0,13.55,0.0,0.0
2.36,0,12.69,0.0,0.0
2.36,0,7.92,0.0,0.0
2.36,0,10.54,0.0,0.0
2.36,0,8.17,0.0,0.0
2.36,0,11.07,0.0,0.0
2.36,0,5.91,0.0,0.0
2.36,0,8.89,0.0,0.0
2.36,0,10.86,0.0,0.0
4.77,0,78.65,0.0,0.0
7.16,0,91.53,0.0,0.0
10.74,0,121.15,0.0,0.0
10.74,0,136.0,0.0,0.0
10.74,0,156.17,0.0,0.0
10.74,0,165.54,0.0,0.0
10.74,0,169.04,0.0,0.0
10.74,0,173.35,0.0,0.0
10.74,0,179.24,0.0,0.0
10.74,0,174.31,0.0,0.0
10.74,0,164.84,0.0,0.0
10.74,0,153.37,0.0,0.0
8.35,0,134.72,0.0,0.0
8.35,0,124.01,0.0,0.0
2.36,0,14.71,0.0,0.0
2.36,0,13.62,0.0,0.0
2.36,0,14.68,0.0,0.0
2.36,0,11.35,0.0,0.0
1.77,0,12.17,0.0,0.0
1.77,0,9.68,0.0,0.0
1.77,0,10.09,0.0,0.0
1.77,0,7.64,0.0,0.0
1.77,0,9.76,0.0,0.0
1.77,0,11.0,0.0,0.0
3.58,0,70.82,0.0,0.0
5.97,0,76.94,0.0,0.0
9.55,0,105.38,0.0,0.0
10.74,0,130.35,0.0,0.0
10.74,0,147.81,0.0,0.0
10.74,0,158.11,0.0,0.0
10.74,0,166.6,0.0,0.0
10.74,0,169.4,0.0,0.0
10.74,0,167.31,0.0,0.0
10.74,0,164.36,0.0,0.0
10.74,0,153.43,0.0,0.0
8.35,0,124.1,0.0,0.0
5.97,0,106.6,0.0,0.0
5.97,0,97.29,0.0,0.0
3.58,0,78.87,0.0,0.0
1.77,0,10.93,0.0,0.0
1.77,0,10.96,0.0,0.0
1.77,0,10.98,0.0,0.0
1.77,0,8.39,0.0,0.0
1.77,0,7.42,0.0,0.0
1.77,0,8.47,0.0,0.0
1.77,0,6.17,0.0,0.0
1.77,0,6.05,0.0,0.0
1.77,0,6.39,0.0,0.0
1.77,0,6.16,0.0,0.0
1.77,0,12.92,0.0,0.0
3.58,0,92.44,0.0,0.0
7.16,0,100.98,0.0,0.0
7.16,0,110.62,0.0,0.0
9.55,0,125.26,0.0,0.0
9.55,0,127.63,0.0,0.0
9.55,0,128.53,0.0,0.0
9.55,0,127.81,0.0,0.0
9.55,0,124.37,0.0,0.0
7.16,0,112.36,0.0,0.0
4.77,0,102.17,0.0,0.0
1.77,0,15.85,0.0,0.0
1.77,0,12.4,0.0,0.0
1.77,0,13.34,0.0,0.0
1.77,0,10.6,0.0,0.0
1.77,0,11.37,0.0,0.0
1.77,0,9.95,0.0,0.0
2.36,0,11.68,0.0,0.0
2.36,0,8.24,0.0,0.0
2.36,0,10.2,0.0,0.0
2.36,0,5.93,0.0,0.0
2.36,0,8.54,0.0,0.0
2.36,0,11.01,0.0,0.0
4.77,0,95.98,0.0,0.0
7.16,0,107.92,0.0,0.0
10.74,0,139.95,0.0,0.0
10.74,0,152.88,0.0,0.0
10.74,0,165.38,0.0,0.0
10.74,0,165.92,0.0,0.0
10.74,0,162.45,0.0,0.0
10.74,0,169.2,0.0,0.0
10.74,0,172.53,0.0,0.0
10.74,0,161.03,0.0,0.0
10.74,0,152.13,0.0,0.0
10.74,0,138.7,0.0,0.0
8.35,0,118.66,0.0,0.0
8.35,0,112.05,0.0,0.0
2.36,0,12.88,0.0,0.0
2.36,0,12.6,0.0,0.0
2.36,0,13.61,0.0,0.0
2.36,0,10.41,0.0,0.0
2.36,0,10.53,0.0,0.0
2.36,0,9.18,0.0,0.0
2.36,0,8.65,0.0,0.0
2.36,0,9.11,0.0,0.0
2.36,0,7.37,0.0,0.0
2.36,0,10.25,0.0,0.0
4.77,0,96.58,0.0,0.0
7.16,0,105.23,0.0,0.0
10.74,0,129.36,0.0,0.0
10.74,0,137.27,0.0,0.0
10.74,0,157.5,0.0,0.0
10.74,0,165.83,0.0,0.0
10.74,0,169.3,0.0,0.0
10.74,0,175.51,0.0,0.0
10.74,0,177.99,0.0,0.0
10.74,0,176.7,0.0,0.0
10.74,0,169.43,0.0,0.0
10.74,0,156.85,0.0,0.0
8.35,0,137.57,0.0,0.0
8.35,0,127.36,0.0,0.0
2.36,0,13.85,0.0,0.0
2.36,0,13.39,0.0,0.0
2.36,0,14.43,0.0,0.0
2.36,0,10.69,0.0,0.0
2.36,0,10.7,0.0,0.0
2.36,0,9.69,0.0,0.0
2.36,0,9.9,0.0,0.0
2.36,0,9.0,0.0,0.0
2.36,0,8.5,0.0,0.0
2.36,0,11.55,0.0,0.0
4.77,0,97.07,0.0,0.0
7.16,0,111.5,0.0,0.0
10.74,0,147.34,0.0,0.0
10.74,0,158.87,0.0,0.0
10.74,0,158.79,0.0,0.0
10.74,0,154.22,0.0,0.0
10.74,0,153.74,0.0,0.0
10.74,0,154.04,0.0,0.0
10.74,0,166.21,0.0,0.0
10.74,0,165.45,0.0,0.0
10.74,0,147.57,0.0,0.0
10.74,0,130.55,0.0,0.0
8.35,0,116.84,0.0,0.0
8.35,0,110.58,0.0,0.0
2.36,0,9.86,0.0,0.0
2.36,0,12.27,0.0,0.0
2.36,0,10.86,0.0,0.0
2.36,0,9.82,0.0,0.0
2.36,0,9.33,0.0,0.0
2.36,0,10.44,0.0,0.0
2.36,0,7.62,0.0,0.0
2.36,0,6.17,0.0,0.0
2.36,0,7.67,0.0,0.0
2.36,0,10.45,0.0,0.0
4.77,0,86.23,0.0,0.0
7.16,0,107.35,0.0,0.0
10.74,0,141.32,0.0,0.0
10.74,0,157.22,0.0,0.0
10.74,0,171.79,0.0,0.0
10.74,0,175.57,0.0,0.0
10.74,0,180.23,0.0,0.0
10.74,0,174.64,0.0,0.0
10.74,0,170.99,0.0,0.0
10.74,0,169.28,0.0,0.0
10.74,0,159.38,0.0,0.0
10.74,0,146.28,0.0,0.0
8.35,0,129.05,0.0,0.0
8.35,0,121.74,0.0,0.0
2.36,0,13.7,0.0,0.0
2.36,0,12.68,0.0,0.0
2.36,0,12.88,0.0,0.0
2.36,0,10.89,0.0,0.0
2.36,0,12.56,0.0,0.0
2.36,0,8.34,0.0,0.0
2.36,0,11.01,0.0,0.0
2.36,0,7.71,0.0,0.0
2.36,0,9.03,0.0,0.0
2.36,0,11.75,0.0,0.0
4.77,0,98.32,0.0,0.0
7.16,0,114.98,0.0,0.0
10.74,0,152.4,0.0,0.0
10.74,0,161.86,0.0,0.0
10.74,0,174.91,0.0,0.0
10.74,0,182.52,0.0,0.0
10.74,0,185.24,0.0,0.0
10.74,0,182.62,0.0,0.0
10.74,0,185.19,0.0,0.0
10.74,0,181.52,0.0,0.0
10.74,0,166.76,0.0,0.0
10.74,0,151.92,0.0,0.0
8.35,0,139.03,0.0,0.0
8.35,0,139.17,0.0,0.0
2.36,0,18.08,0.0,0.0
2.36,0,14.77,0.0,0.0
2.36,0,17.0,0.0,0.0
2.36,0,12.64,0.0,0.0
1.77,0,13.51,0.0,0.0
1.77,0,10.68,0.0,0.0
1.77,0,10.89,0.0,0.0
1.77,0,8.12,0.0,0.0
1.77,0,11.76,0.0,0.0
1.77,0,12.3,0.0,0.0
3.58,0,100.09,0.0,0.0
5.97,0,110.1,0.0,0.0
9.55,0,141.95,0.0,0.0
10.74,0,160.17,0.0,0.0
10.74,0,178.94,0.0,0.0
10.74,0,185.61,0.0,0.0
10.74,0,190.08,0.0,0.0
10.74,0,191.15,0.0,0.0
10.74,0,188.25,0.0,0.0
10.74,0,184.59,0.0,0.0
10.74,0,173.28,0.0,0.0
8.35,0,144.79,0.0,0.0
5.97,0,130.11,0.0,0.0
5.97,0,123.52,0.0,0.0
3.58,0,114.64,0.0,0.0
1.77,0,14.38,0.0,0.0
1.77,0,13.56,0.0,0.0
1.77,0,14.16,0.0,0.0
1.77,0,10.7,0.0,0.0
1.77,0,10.87,0.0,0.0
1.77,0,11.21,0.0,0.0
1.77,0,11.33,0.0,0.0
1.77,0,9.25,0.0,0.0
1.77,0,10.01,0.0,0.0
1.77,0,11.63,0.0,0.0
1.77,0,19.04,0.0,0.0
3.58,0,119.22,0.0,0.0
7.16,0,129.95,0.0,0.0
7.16,0,139.77,0.0,0.0
9.55,0,165.69,0.0,0.0
9.55,0,171.56,0.0,0.0
9.55,0,171.49,0.0,0.0
9.55,0,173.66,0.0,0.0
9.55,0,175.12,0.0,0.0
7.16,0,160.36,0.0,0.0
4.77,0,144.81,0.0,0.0
1.77,0,18.45,0.0,0.0
1.77,0,14.15,0.0,0.0
1.77,0,16.08,0.0,0.0
1.77,0,12.85,0.0,0.0
1.77,0,14.42,0.0,0.0
1.77,0,10.66,0.0,0.0
2.36,0,12.06,0.0,0.0
2.36,0,10.49,0.0,0.0
2.36,0,11.79,0.0,0.0
2.36,0,8.07,0.0,0.0
2.36,0,9.87,0.0,0.0
2.36,0,12.31,0.0,0.0
4.77,0,114.49,0.0,0.0
7.16,0,132.61,0.0,0.0
10.74,0,171.01,0.0,0.0
10.74,0,183.69,0.0,0.0
10.74,0,196.22,0.0,0.0
10.74,0,195.92,0.0,0.0
10.74,0,188.88,0.0,0.0
10.74,0,181.92,0.0,0.0
10.74,0,185.45,0.0,0.0
10.74,0,179.11,0.0,0.0
10.74,0,175.14,0.0,0.0
10.74,0,170.21,0.0,0.0
8.35,0,152.0,0.0,0.0
8.35,0,144.41,0.0,0.0
2.36,0,18.57,0.0,0.0
2.36,0,14.86,0.0,0.0
2.36,0,16.71,0.0,0.0
2.36,0,12.51,0.0,0.0
2.36,0,13.41,0.0,0.0
2.36,0,10.31,0.0,0.0
2.36,0,12.33,0.0,0.0
2.36,0,8.48,0.0,0.0
2.36,0,10.85,0.0,0.0
2.36,0,13.67,0.0,0.0
4.77,0,109.0,0.0,0.0
7.16,0,122.92,0.0,0.0
10.74,0,158.86,0.0,0.0
10.74,0,170.84,0.0,0.0
10.74,0,181.28,0.0,0.0
10.74,0,180.11,0.0,0.0
10.74,0,184.25,0.0,0.0
10.74,0,178.72,0.0,0.0
10.74,0,173.99,0.0,0.0
10.74,0,163.45,0.0,0.0
10.74,0,146.6,0.0,0.0
10.74,0,132.29,0.0,0.0
8.35,0,118.32,0.0,0.0
8.35,0,115.41,0.0,0.0
2.36,0,13.76,0.0,0.0
2.36,0,12.72,0.0,0.0
2.36,0,13.46,0.0,0.0
2.36,0,10.01,0.0,0.0
2.36,0,11.49,0.0,0.0
2.36,0,9.33,0.0,0.0
2.36,0,10.92,0.0,0.0
2.36,0,7.41,0.0,0.0
2.36,0,9.85,0.0,0.0
2.36,0,12.96,0.0,0.0
4.77,0,98.87,0.0,0.0
7.16,0,111.56,0.0,0.0
10.74,0,145.18,0.0,0.0
10.74,0,161.52,0.0,0.0
10.74,0,180.09,0.0,0.0
10.74,0,182.55,0.0,0.0
10.74,0,187.19,0.0,0.0
10.74,0,189.3,0.0,0.0
10.74,0,184.59,0.0,0.0
10.74,0,172.67,0.0,0.0
10.74,0,160.82,0.0,0.0
10.74,0,143.29,0.0,0.0
8.35,0,124.2,0.0,0.0
8.35,0,121.17,0.0,0.0
2.36,0,13.7,0.0,0.0
2.36,0,12.31,0.0,0.0
2.36,0,12.32,0.0,0.0
2.36,0,10.35,0.0,0.0
2.36,0,11.76,0.0,0.0
2.36,0,7.84,0.0,0.0
2.36,0,9.83,0.0,0.0
2.36,0,7.67,0.0,0.0
2.36,0,9.68,0.0,0.0
2.36,0,11.05,0.0,0.0
4.77,0,92.79,0.0,0.0
7.16,0,104.4,0.0,0.0
10.74,0,142.88,0.0,0.0
10.74,0,164.97,0.0,0.0
10.74,0,185.04,0.0,0.0
10.74,0,190.94,0.0,0.0
10.74,0,187.17,0.0,0.0
10.74,0,175.62,0.0,0.0
10.74,0,174.98,0.0,0.0
10.74,0,164.63,0.0,0.0
10.74,0,154.44,0.0,0.0
10.74,0,139.56,0.0,0.0
8.35,0,122.72,0.0,0.0
8.35,0,124.05,0.0,0.0
2.36,0,14.24,0.0,0.0
2.36,0,13.45,0.0,0.0
2.36,0,14.41,0.0,0.0
2.36,0,10.62,0.0,0.0
2.36,0,12.12,0.0,0.0
2.36,0,9.78,0.0,0.0
2.36,0,10.27,0.0,0.0
2.36,0,7.73,0.0,0.0
2.36,0,9.78,0.0,0.0
2.36,0,12.06,0.0,0.0
4.77,0,105.95,0.0,0.0
7.16,0,114.79,0.0,0.0
10.74,0,144.21,0.0,0.0
10.74,0,157.14,0.0,0.0
10.74,0,166.68,0.0,0.0
10.74,0,164.5,0.0,0.0
10.74,0,161.52,0.0,0.0
10.74,0,153.66,0.0,0.0
10.74,0,148.5,0.0,0.0
10.74,0,147.28,0.0,0.0
10.74,0,140.95,0.0,0.0
10.74,0,128.31,0.0,0.0
8.35,0,112.25,0.0,0.0
8.35,0,106.57,0.0,0.0
2.36,0,12.45,0.0,0.0
2.36,0,11.65,0.0,0.0
2.36,0,12.25,0.0,0.0
2.36,0,9.33,0.0,0.0
1.77,0,11.02,0.0,0.0
1.77,0,7.24,0.0,0.0
1.77,0,8.53,0.0,0.0
1.77,0,5.25,0.0,0.0
1.77,0,7.84,0.0,0.0
1.77,0,10.24,0.0,0.0
3.58,0,90.69,0.0,0.0
5.97,0,96.73,0.0,0.0
9.55,0,121.75,0.0,0.0
10.74,0,138.82,0.0,0.0
10.74,0,151.08,0.0,0.0
10.74,0,161.3,0.0,0.0
10.74,0,167.63,0.0,0.0
10.74,0,169.85,0.0,0.0
10.74,0,171.13,0.0,0.0
10.74,0,168.21,0.0,0.0
10.74,0,153.5,0.0,0.0
8.35,0,123.69,0.0,0.0
5.97,0,108.42,0.0,0.0
5.97,0,101.27,0.0,0.0
3.58,0,87.79,0.0,0.0
1.77,0,12.24,0.0,0.0
1.77,0,12.73,0.0,0.0
1.77,0,11.97,0.0,0.0
1.77,0,11.84,0.0,0.0
1.77,0,10.17,0.0,0.0
1.77,0,8.88,0.0,0.0
1.77,0,8.47,0.0,0.0
1.77,0,9.59,0.0,0.0
1.77,0,7.83,0.0,0.0
1.77,0,9.58,0.0,0.0
1.77,0,12.76,0.0,0.0
3.58,0,97.8,0.0,0.0
7.16,0,109.15,0.0,0.0
7.16,0,115.4,0.0,0.0
9.55,0,118.41,0.0,0.0
9.55,0,110.8,0.0,0.0
9.55,0,106.69,0.0,0.0
9.55,0,97.48,0.0,0.0
9.55,0,97.45,0.0,0.0
7.16,0,91.19,0.0,0.0
4.77,0,78.08,0.0,0.0
1.77,0,5.89,0.0,0.0
1.77,0,7.72,0.0,0.0
1.77,0,5.72,0.0,0.0
1.77,0,6.59,0.0,0.0
1.77,0,5.35,0.0,0.0
1.77,0,5.02,0.0,0.0
2.36,0,5.14,0.0,0.0
2.36,0,5.44,0.0,0.0
2.36,0,3.78,0.0,0.0
2.36,0,1.21,0.0,0.0
2.36,0,2.86,0.0,0.0
2.36,0,7.34,0.0,0.0
4.77,0,49.05,0.0,0.0
7.16,0,69.55,0.0,0.0
10.74,0,105.13,0.0,0.0
10.74,0,116.14,0.0,0.0
10.74,0,138.21,0.0,0.0
10.74,0,148.4,0.0,0.0
10.74,0,155.4,0.0,0.0
10.74,0,159.83,0.0,0.0
10.74,0,166.91,0.0,0.0
10.74,0,160.67,0.0,0.0
10.74,0,149.59,0.0,0.0
10.74,0,136.55,0.0,0.0
8.35,0,117.57,0.0,0.0
8.35,0,112.09,0.0,0.0
2.36,0,12.56,0.0,0.0
2.36,0,11.58,0.0,0.0
2.36,0,10.5,0.0,0.0
2.36,0,10.05,0.0,0.0
2.36,0,9.52,0.0,0.0
2.36,0,7.71,0.0,0.0
2.36,0,7.26,0.0,0.0
2.36,0,4.14,0.0,0.0
2.36,0,6.45,0.0,0.0
2.36,0,9.14,0.0,0.0
4.77,0,79.44,0.0,0.0
7.16,0,97.86,0.0,0.0
10.74,0,134.29,0.0,0.0
10.74,0,149.83,0.0,0.0
10.74,0,163.15,0.0,0.0
10.74,0,161.42,0.0,0.0
10.74,0,146.6,0.0,0.0
10.74,0,138.79,0.0,0.0
10.74,0,143.09,0.0,0.0
10.74,0,137.66,0.0,0.0
10.74,0,127.53,0.0,0.0
10.74,0,118.84,0.0,0.0
8.35,0,104.4,0.0,0.0
8.35,0,98.59,0.0,0.0
2.36,0,6.72,0.0,0.0
2.36,0,7.57,0.0,0.0
2.36,0,4.46,0.0,0.0
2.36,0,5.45,0.0,0.0
2.36,0,3.51,0.0,0.0
2.36,0,5.61,0.0,0.0
2.36,0,4.78,0.0,0.0
2.36,0,5.07,0.0,0.0
2.36,0,4.55,0.0,0.0
2.36,0,7.84,0.0,0.0
4.77,0,79.81,0.0,0.0
7.16,0,101.47,0.0,0.0
10.74,0,132.33,0.0,0.0
10.74,0,135.2,0.0,0.0
10.74,0,138.77,0.0,0.0
10.74,0,121.92,0.0,0.0
10.74,0,106.48,0.0,0.0
10.74,0,108.62,0.0,0.0
10.74,0,120.31,0.0,0.0
10.74,0,123.82,0.0,0.0
10.74,0,115.72,0.0,0.0
10.74,0,109.05,0.0,0.0
8.35,0,94.85,0.0,0.0
8.35,0,89.18,0.0,0.0
2.36,0,5.37,0.0,0.0
2.36,0,5.34,0.0,0.0
2.36,0,5.31,0.0,0.0
2.36,0,5.52,0.0,0.0
2.36,0,4.39,0.0,0.0
2.36,0,4.9,0.0,0.0
2.36,0,3.62,0.0,0.0
2.36,0,4.28,0.0,0.0
2.36,0,3.4,0.0,0.0
2.36,0,7.56,0.0,0.0
4.77,0,75.04,0.0,0.0
7.16,0,95.89,0.0,0.0
10.74,0,133.94,0.0,0.0
10.74,0,135.11,0.0,0.0
10.74,0,122.35,0.0,0.0
10.74,0,125.26,0.0,0.0
10.74,0,148.93,0.0,0.0
10.74,0,155.92,0.0,0.0
10.74,0,163.04,0.0,0.0
10.74,0,163.74,0.0,0.0
10.74,0,142.63,0.0,0.0
10.74,0,126.22,0.0,0.0
8.35,0,113.23,0.0,0.0
8.35,0,110.76,0.0,0.0
2.36,0,8.81,0.0,0.0
2.36,0,9.97,0.0,0.0
2.36,0,5.77,0.0,0.0
2.36,0,6.58,0.0,0.0
2.36,0,5.11,0.0,0.0
2.36,0,6.23,0.0,0.0
2.36,0,4.79,0.0,0.0
2.36,0,5.08,0.0,0.0
2.36,0,4.09,0.0,0.0
2.36,0,7.95,0.0,0.0
4.77,0,85.01,0.0,0.0
7.16,0,108.09,0.0,0.0
10.74,0,140.39,0.0,0.0
10.74,0,144.05,0.0,0.0
10.74,0,155.81,0.0,0.0
10.74,0,160.92,0.0,0.0
10.74,0,161.68,0.0,0.0
10.74,0,155.14,0.0,0.0
10.74,0,144.84,0.0,0.0
10.74,0,136.43,0.0,0.0
10.74,0,129.82,0.0,0.0
10.74,0,121.1,0.0,0.0
8.35,0,106.69,0.0,0.0
8.35,0,102.7,0.0,0.0
2.36,0,9.9,0.0,0.0
2.36,0,12.22,0.0,0.0
2.36,0,8.61,0.0,0.0
2.36,0,10.61,0.0,0.0
1.77,0,6.33,0.0,0.0
1.77,0,6.67,0.0,0.0
1.77,0,8.06,0.0,0.0
1.77,0,3.76,0.0,0.0
1.77,0,5.03,0.0,0.0
1.77,0,8.27,0.0,0.0
3.58,0,70.68,0.0,0.0
5.97,0,97.44,0.0,0.0
9.55,0,135.78,0.0,0.0
10.74,0,160.21,0.0,0.0
10.74,0,171.29,0.0,0.0
10.74,0,158.01,0.0,0.0
10.74,0,147.32,0.0,0.0
10.74,0,146.29,0.0,0.0
10.74,0,149.89,0.0,0.0
10.74,0,157.03,0.0,0.0
10.74,0,142.78,0.0,0.0
8.35,0,112.5,0.0,0.0
5.97,0,99.5,0.0,0.0
5.97,0,94.89,0.0,0.0
3.58,0,82.75,0.0,0.0
1.77,0,6.41,0.0,0.0
1.77,0,7.62,0.0,0.0
1.77,0,4.58,0.0,0.0
1.77,0,6.23,0.0,0.0
1.77,0,4.34,0.0,0.0
1.77,0,3.74,0.0,0.0
1.77,0,3.27,0.0,0.0
1.77,0,2.82,0.0,0.0
1.77,0,4.09,0.0,0.0
1.77,0,4.65,0.0,0.0
1.77,0,10.32,0.0,0.0
3.58,0,97.55,0.0,0.0
7.16,0,125.26,0.0,0.0
7.16,0,136.83,0.0,0.0
9.55,0,148.24,0.0,0.0
9.55,0,150.89,0.0,0.0
9.55,0,152.86,0.0,0.0
9.55,0,149.84,0.0,0.0
9.55,0,145.79,0.0,0.0
7.16,0,129.83,0.0,0.0
4.77,0,114.52,0.0,0.0
1.77,0,13.04,0.0,0.0
1.77,0,13.25,0.0,0.0
1.77,0,13.81,0.0,0.0
1.77,0,11.63,0.0,0.0
1.77,0,12.68,0.0,0.0
1.77,0,9.79,0.0,0.0
2.36,0,10.18,0.0,0.0
2.36,0,8.78,0.0,0.0
2.36,0,9.89,0.0,0.0
2.36,0,8.95,0.0,0.0
2.36,0,8.85,0.0,0.0
2.36,0,10.32,0.0,0.0
4.77,0,95.23,0.0,0.0
7.16,0,112.42,0.0,0.0
10.74,0,149.18,0.0,0.0
10.74,0,161.93,0.0,0.0
10.74,0,180.02,0.0,0.0
10.74,0,188.72,0.0,0.0
10.74,0,192.0,0.0,0.0
10.74,0,190.47,0.0,0.0
10.74,0,190.66,0.0,0.0
10.74,0,183.44,0.0,0.0
10.74,0,170.42,0.0,0.0
10.74,0,155.62,0.0,0.0
8.35,0,137.04,0.0,0.0
8.35,0,131.4,0.0,0.0
2.36,0,14.77,0.0,0.0
2.36,0,14.12,0.0,0.0
2.36,0,16.53,0.0,0.0
2.36,0,13.05,0.0,0.0
2.36,0,13.98,0.0,0.0
2.36,0,10.56,0.0,0.0
2.36,0,13.19,0.0,0.0
2.36,0,10.13,0.0,0.0
2.36,0,10.54,0.0,0.0
2.36,0,14.27,0.0,0.0
4.77,0,74.72,0.0,0.0
7.16,0,77.27,0.0,0.0
10.74,0,103.48,0.0,0.0
10.74,0,115.72,0.0,0.0
10.74,0,130.87,0.0,0.0
10.74,0,134.21,0.0,0.0
10.74,0,138.19,0.0,0.0
10.74,0,140.16,0.0,0.0
10.74,0,141.6,0.0,0.0
10.74,0,135.36,0.0,0.0
10.74,0,118.78,0.0,0.0
10.74,0,100.79,0.0,0.0
8.35,0,83.78,0.0,0.0
8.35,0,78.19,0.0,0.0
2.36,0,10.41,0.0,0.0
2.36,0,10.62,0.0,0.0
2.36,0,10.31,0.0,0.0
2.36,0,10.09,0.0,0.0
2.36,0,9.63,0.0,0.0
2.36,0,6.14,0.0,0.0
2.36,0,8.09,0.0,0.0
2.36,0,7.07,0.0,0.0
2.36,0,6.14,0.0,0.0
2.36,0,8.68,0.0,0.0
4.77,0,46.38,0.0,0.0
7.16,0,56.62,0.0,0.0
10.74,0,82.54,0.0,0.0
10.74,0,93.12,0.0,0.0
10.74,0,105.84,0.0,0.0
10.74,0,110.92,0.0,0.0
10.74,0,112.64,0.0,0.0
10.74,0,113.33,0.0,0.0
10.74,0,115.18,0.0,0.0
10.74,0,110.38,0.0,0.0
10.74,0,101.31,0.0,0.0
10.74,0,89.08,0.0,0.0
8.35,0,73.26,0.0,0.0
8.35,0,68.03,0.0,0.0
2.36,0,8.02,0.0,0.0
2.36,0,10.1,0.0,0.0
2.36,0,8.24,0.0,0.0
2.36,0,8.1,0.0,0.0
2.36,0,8.24,0.0,0.0
2.36,0,5.95,0.0,0.0
2.36,0,5.59,0.0,0.0
2.36,0,4.24,0.0,0.0
2.36,0,4.89,0.0,0.0
2.36,0,7.21,0.0,0.0
4.77,0,42.48,0.0,0.0
7.16,0,52.5,0.0,0.0
10.74,0,81.68,0.0,0.0
10.74,0,96.09,0.0,0.0
10.74,0,107.7,0.0,0.0
10.74,0,111.94,0.0,0.0
10.74,0,116.4,0.0,0.0
10.74,0,118.54,0.0,0.0
10.74,0,121.07,0.0,0.0
10.74,0,115.7,0.0,0.0
10.74,0,107.8,0.0,0.0
10.74,0,96.74,0.0,0.0
8.35,0,79.85,0.0,0.0
8.35,0,73.47,0.0,0.0
2.36,0,7.88,0.0,0.0
2.36,0,9.8,0.0,0.0
2.36,0,7.53,0.0,0.0
2.36,0,7.61,0.0,0.0
2.36,0,6.72,0.0,0.0
2.36,0,3.63,0.0,0.0
2.36,0,4.12,0.0,0.0
2.36,0,3.78,0.0,0.0
2.36,0,3.66,0.0,0.0
2.36,0,6.27,0.0,0.0
4.77,0,46.16,0.0,0.0
7.16,0,67.55,0.0,0.0
10.74,0,99.43,0.0,0.0
10.74,0,115.81,0.0,0.0
10.74,0,132.33,0.0,0.0
10.74,0,140.0,0.0,0.0
10.74,0,143.3,0.0,0.0
10.74,0,142.97,0.0,0.0
10.74,0,147.91,0.0,0.0
10.74,0,145.99,0.0,0.0
10.74,0,131.01,0.0,0.0
10.74,0,113.2,0.0,0.0
8.35,0,93.9,0.0,0.0
8.35,0,85.26,0.0,0.0
2.36,0,10.62,0.0,0.0
2.36,0,9.94,0.0,0.0
2.36,0,9.91,0.0,0.0
2.36,0,10.16,0.0,0.0
1.77,0,7.49,0.0,0.0
1.77,0,8.01,0.0,0.0
1.77,0,7.83,0.0,0.0
1.77,0,4.64,0.0,0.0
1.77,0,6.79,0.0,0.0
1.77,0,8.24,0.0,0.0
3.58,0,66.75,0.0,0.0
5.97,0,72.14,0.0,0.0
9.55,0,95.92,0.0,0.0
10.74,0,118.78,0.0,0.0
10.74,0,136.79,0.0,0.0
10.74,0,142.2,0.0,0.0
10.74,0,140.31,0.0,0.0
10.74,0,140.08,0.0,0.0
10.74,0,145.75,0.0,0.0
10.74,0,144.87,0.0,0.0
10.74,0,132.23,0.0,0.0
8.35,0,106.3,0.0,0.0
5.97,0,94.05,0.0,0.0
5.97,0,89.42,0.0,0.0
3.58,0,76.03,0.0,0.0
1.77,0,10.73,0.0,0.0
1.77,0,10.13,0.0,0.0
1.77,0,7.49,0.0,0.0
1.77,0,8.48,0.0,0.0
1.77,0,6.12,0.0,0.0
1.77,0,6.15,0.0,0.0
1.77,0,4.03,0.0,0.0
1.77,0,5.11,0.0,0.0
1.77,0,3.69,0.0,0.0
1.77,0,6.28,0.0,0.0
1.77,0,10.61,0.0,0.0
3.58,0,81.71,0.0,0.0
7.16,0,99.3,0.0,0.0
7.16,0,109.57,0.0,0.0
9.55,0,125.79,0.0,0.0
9.55,0,128.71,0.0,0.0
9.55,0,127.98,0.0,0.0
9.55,0,125.58,0.0,0.0
9.55,0,124.3,0.0,0.0
7.16,0,112.8,0.0,0.0
4.77,0,93.27,0.0,0.0
1.77,0,12.31,0.0,0.0
1.77,0,12.03,0.0,0.0
1.77,0,12.51,0.0,0.0
1.77,0,10.02,0.0,0.0
1.77,0,10.41,0.0,0.0
1.77,0,10.43,0.0,0.0
2.36,0,8.45,0.0,0.0
2.36,0,8.08,0.0,0.0
2.36,0,7.75,0.0,0.0
2.36,0,4.38,0.0,0.0
2.36,0,5.5,0.0,0.0
2.36,0,7.98,0.0,0.0
4.77,0,70.23,0.0,0.0
7.16,0,88.29,0.0,0.0
10.74,0,122.09,0.0,0.0
10.74,0,136.49,0.0,0.0
10.74,0,154.28,0.0,0.0
10.74,0,155.25,0.0,0.0
10.74,0,155.52,0.0,0.0
10.74,0,150.64,0.0,0.0
10.74,0,150.8,0.0,0.0
10.74,0,147.27,0.0,0.0
10.74,0,138.43,0.0,0.0
10.74,0,125.46,0.0,0.0
8.35,0,109.76,0.0,0.0
8.35,0,106.23,0.0,0.0
2.36,0,12.78,0.0,0.0
2.36,0,12.04,0.0,0.0
2.36,0,12.17,0.0,0.0
2.36,0,9.86,0.0,0.0
2.36,0,9.36,0.0,0.0
2.36,0,7.56,0.0,0.0
2.36,0,8.4,0.0,0.0
2.36,0,6.55,0.0,0.0
2.36,0,6.88,0.0,0.0
2.36,0,8.58,0.0,0.0
4.77,0,72.83,0.0,0.0
7.16,0,87.6,0.0,0.0
10.74,0,118.76,0.0,0.0
10.74,0,130.19,0.0,0.0
10.74,0,142.82,0.0,0.0
10.74,0,150.23,0.0,0.0
10.74,0,160.74,0.0,0.0
10.74,0,162.38,0.0,0.0
10.74,0,155.34,0.0,0.0
10.74,0,146.79,0.0,0.0
10.74,0,141.25,0.0,0.0
10.74,0,133.91,0.0,0.0
8.35,0,120.77,0.0,0.0
8.35,0,117.21,0.0,0.0
2.36,0,13.87,0.0,0.0
2.36,0,13.09,0.0,0.0
2.36,0,13.51,0.0,0.0
2.36,0,10.54,0.0,0.0
2.36,0,11.27,0.0,0.0
2.36,0,11.07,0.0,0.0
2.36,0,10.8,0.0,0.0
2.36,0,8.88,0.0,0.0
2.36,0,8.14,0.0,0.0
2.36,0,11.24,0.0,0.0
4.77,0,92.07,0.0,0.0
7.16,0,97.53,0.0,0.0
10.74,0,127.21,0.0,0.0
10.74,0,138.04,0.0,0.0
10.74,0,143.31,0.0,0.0
10.74,0,133.66,0.0,0.0
10.74,0,130.91,0.0,0.0
10.74,0,129.21,0.0,0.0
10.74,0,132.97,0.0,0.0
10.74,0,133.02,0.0,0.0
10.74,0,125.02,0.0,0.0
10.74,0,111.18,0.0,0.0
8.35,0,96.08,0.0,0.0
8.35,0,93.13,0.0,0.0
2.36,0,8.11,0.0,0.0
2.36,0,9.66,0.0,0.0
2.36,0,5.62,0.0,0.0
2.36,0,6.36,0.0,0.0
1.77,0,4.06,0.0,0.0
1.77,0,5.14,0.0,0.0
1.77,0,4.09,0.0,0.0
1.77,0,5.27,0.0,0.0
1.77,0,2.92,0.0,0.0
1.77,0,4.54,0.0,0.0
1.77,0,4.08,0.0,0.0
1.77,0,10.14,0.0,0.0
3.58,0,87.03,0.0,0.0
7.16,0,92.78,0.0,0.0
7.16,0,93.35,0.0,0.0
9.55,0,112.25,0.0,0.0
9.55,0,118.39,0.0,0.0
9.55,0,125.57,0.0,0.0
9.55,0,129.88,0.0,0.0
9.55,0,126.3,0.0,0.0
7.16,0,108.99,0.0,0.0
4.77,0,95.94,0.0,0.0
1.77,0,11.49,0.0,0.0
1.77,0,10.53,0.0,0.0
1.77,0,6.72,0.0,0.0
1.77,0,9.35,0.0,0.0
1.77,0,5.18,0.0,0.0
1.77,0,6.64,0.0,0.0
2.36,0,4.64,0.0,0.0
2.36,0,7.04,0.0,0.0
2.36,0,4.12,0.0,0.0
2.36,0,4.72,0.0,0.0
2.36,0,4.75,0.0,0.0
2.36,0,7.69,0.0,0.0
4.77,0,71.03,0.0,0.0
7.16,0,94.07,0.0,0.0
10.74,0,131.42,0.0,0.0
10.74,0,147.06,0.0,0.0
10.74,0,161.09,0.0,0.0
10.74,0,150.17,0.0,0.0
10.74,0,157.3,0.0,0.0
10.74,0,153.56,0.0,0.0
10.74,0,146.07,0.0,0.0
10.74,0,143.64,0.0,0.0
10.74,0,134.25,0.0,0.0
10.74,0,123.07,0.0,0.0
8.35,0,109.29,0.0,0.0
8.35,0,105.71,0.0,0.0
2.36,0,10.4,0.0,0.0
2.36,0,12.74,0.0,0.0
2.36,0,10.89,0.0,0.0
2.36,0,8.69,0.0,0.0
1.77,0,9.44,0.0,0.0
1.77,0,5.86,0.0,0.0
1.77,0,6.77,0.0,0.0
1.77,0,4.53,0.0,0.0
1.77,0,5.36,0.0,0.0
1.77,0,8.14,0.0,0.0
3.58,0,79.24,0.0,0.0
5.97,0,89.23,0.0,0.0
9.55,0,122.04,0.0,0.0
10.74,0,143.84,0.0,0.0
10.74,0,168.57,0.0,0.0
10.74,0,172.09,0.0,0.0
10.74,0,170.18,0.0,0.0
10.74,0,171.61,0.0,0.0
10.74,0,174.04,0.0,0.0
10.74,0,170.58,0.0,0.0
10.74,0,159.56,0.0,0.0
8.35,0,131.04,0.0,0.0
5.97,0,114.64,0.0,0.0
5.97,0,106.94,0.0,0.0
3.58,0,87.6,0.0,0.0
1.77,0,10.09,0.0,0.0
1.77,0,12.92,0.0,0.0
1.77,0,10.44,0.0,0.0
1.77,0,8.43,0.0,0.0
1.77,0,9.42,0.0,0.0
1.77,0,5.79,0.0,0.0
1.77,0,8.67,0.0,0.0
1.77,0,5.42,0.0,0.0
1.77,0,5.44,0.0,0.0
1.77,0,5.29,0.0,0.0
1.77,0,12.29,0.0,0.0
3.58,0,97.74,0.0,0.0
7.16,0,113.42,0.0,0.0
7.16,0,128.87,0.0,0.0
9.55,0,151.9,0.0,0.0
9.55,0,163.36,0.0,0.0
9.55,0,156.17,0.0,0.0
9.55,0,144.48,0.0,0.0
9.55,0,138.72,0.0,0.0
7.16,0,118.41,0.0,0.0
4.77,0,95.13,0.0,0.0
1.77,0,10.34,0.0,0.0
1.77,0,12.87,0.0,0.0
1.77,0,11.19,0.0,0.0
1.77,0,11.15,0.0,0.0
1.77,0,9.38,0.0,0.0
1.77,0,9.53,0.0,0.0
2.36,0,8.04,0.0,0.0
2.36,0,7.97,0.0,0.0
2.36,0,7.84,0.0,0.0
2.36,0,4.43,0.0,0.0
2.36,0,5.71,0.0,0.0
2.36,0,8.59,0.0,0.0
4.77,0,75.46,0.0,0.0
7.16,0,97.52,0.0,0.0
10.74,0,132.9,0.0,0.0
10.74,0,147.24,0.0,0.0
10.74,0,166.63,0.0,0.0
10.74,0,173.59,0.0,0.0
10.74,0,173.75,0.0,0.0
10.74,0,166.41,0.0,0.0
10.74,0,163.92,0.0,0.0
10.74,0,154.27,0.0,0.0
10.74,0,142.63,0.0,0.0
10.74,0,131.82,0.0,0.0
8.35,0,115.36,0.0,0.0
8.35,0,110.41,0.0,0.0
2.36,0,12.89,0.0,0.0
2.36,0,12.31,0.0,0.0
2.36,0,12.72,0.0,0.0
2.36,0,10.4,0.0,0.0
2.36,0,9.84,0.0,0.0
2.36,0,7.93,0.0,0.0
2.36,0,8.77,0.0,0.0
2.36,0,6.84,0.0,0.0
2.36,0,7.27,0.0,0.0
2.36,0,8.86,0.0,0.0
4.77,0,76.12,0.0,0.0
7.16,0,93.59,0.0,0.0
10.74,0,127.92,0.0,0.0
10.74,0,141.81,0.0,0.0
10.74,0,160.75,0.0,0.0
10.74,0,163.37,0.0,0.0
10.74,0,160.55,0.0,0.0
10.74,0,155.66,0.0,0.0
10.74,0,153.72,0.0,0.0
10.74,0,150.8,0.0,0.0
10.74,0,142.58,0.0,0.0
10.74,0,129.58,0.0,0.0
8.35,0,112.13,0.0,0.0
8.35,0,105.42,0.0,0.0
2.36,0,12.49,0.0,0.0
2.36,0,11.92,0.0,0.0
2.36,0,11.58,0.0,0.0
2.36,0,11.43,0.0,0.0
2.36,0,10.21,0.0,0.0
2.36,0,8.39,0.0,0.0
2.36,0,9.24,0.0,0.0
2.36,0,5.92,0.0,0.0
2.36,0,6.65,0.0,0.0
2.36,0,8.59,0.0,0.0
4.77,0,79.58,0.0,0.0
7.16,0,94.57,0.0,0.0
10.74,0,130.31,0.0,0.0
10.74,0,142.84,0.0,0.0
10.74,0,148.96,0.0,0.0
10.74,0,146.66,0.0,0.0
10.74,0,133.07,0.0,0.0
10.74,0,130.63,0.0,0.0
10.74,0,137.27,0.0,0.0
10.74,0,136.15,0.0,0.0
10.74,0,131.15,0.0,0.0
10.74,0,117.87,0.0,0.0
8.35,0,100.44,0.0,0.0
8.35,0,95.76,0.0,0.0
2.36,0,9.55,0.0,0.0
2.36,0,11.79,0.0,0.0
2.36,0,9.48,0.0,0.0
2.36,0,9.04,0.0,0.0
2.36,0,8.84,0.0,0.0
2.36,0,7.19,0.0,0.0
2.36,0,7.03,0.0,0.0
2.36,0,4.0,0.0,0.0
2.36,0,7.07,0.0,0.0
2.36,0,8.77,0.0,0.0
4.77,0,70.34,0.0,0.0
7.16,0,86.19,0.0,0.0
10.74,0,114.63,0.0,0.0
10.74,0,114.53,0.0,0.0
10.74,0,109.34,0.0,0.0
10.74,0,105.16,0.0,0.0
10.74,0,116.18,0.0,0.0
10.74,0,124.73,0.0,0.0
10.74,0,129.62,0.0,0.0
10.74,0,128.37,0.0,0.0
10.74,0,117.33,0.0,0.0
10.74,0,106.49,0.0,0.0
8.35,0,95.05,0.0,0.0
8.35,0,91.52,0.0,0.0
2.36,0,6.86,0.0,0.0
2.36,0,7.55,0.0,0.0
2.36,0,4.73,0.0,0.0
2.36,0,5.22,0.0,0.0
2.36,0,5.5,0.0,0.0
2.36,0,5.09,0.0,0.0
2.36,0,4.16,0.0,0.0
2.36,0,2.41,0.0,0.0
2.36,0,3.73,0.0,0.0
2.36,0,6.35,0.0,0.0
4.77,0,40.92,0.0,0.0
7.16,0,53.15,0.0,0.0
10.74,0,83.51,0.0,0.0
10.74,0,86.6,0.0,0.0
10.74,0,96.17,0.0,0.0
10.74,0,98.59,0.0,0.0
10.74,0,96.8,0.0,0.0
10.74,0,99.48,0.0,0.0
10.74,0,107.84,0.0,0.0
10.74,0,109.55,0.0,0.0
10.74,0,102.19,0.0,0.0
10.74,0,90.58,0.0,0.0
8.35,0,75.79,0.0,0.0
8.35,0,72.65,0.0,0.0
2.36,0,5.12,0.0,0.0
2.36,0,4.48,0.0,0.0
2.36,0,1.39,0.0,0.0
2.36,0,2.39,0.0,0.0
1.77,0,0.78,0.0,0.0
1.77,0,2.26,0.0,0.0
1.77,0,0.68,0.0,0.0
1.77,0,0.66,0.0,0.0
1.77,0,0.64,0.0,0.0
1.77,0,6.26,0.0,0.0
3.58,0,37.49,0.0,0.0
5.97,0,49.99,0.0,0.0
9.55,0,73.09,0.0,0.0
10.74,0,89.74,0.0,0.0
10.74,0,107.84,0.0,0.0
10.74,0,120.32,0.0,0.0
10.74,0,125.55,0.0,0.0
10.74,0,124.78,0.0,0.0
10.74,0,120.71,0.0,0.0
10.74,0,116.13,0.0,0.0
10.74,0,99.93,0.0,0.0
8.35,0,71.72,0.0,0.0
5.97,0,57.72,0.0,0.0
5.97,0,49.92,0.0,0.0
3.58,0,36.1,0.0,0.0
1.77,0,5.22,0.0,0.0
1.77,0,5.0,0.0,0.0
1.77,0,2.88,0.0,0.0
1.77,0,3.0,0.0,0.0
1.77,0,0.37,0.0,0.0
1.77,0,0.11,0.0,0.0
1.77,0,0.21,0.0,0.0
1.77,0,0.0,0.0,0.0
1.77,0,0.0,0.0,0.0
1.77,0,0.0,0.0,0.0
1.77,0,0.59,0.0,0.0
3.58,0,13.26,0.0,0.0
7.16,0,32.86,0.0,0.0
7.16,0,49.16,0.0,0.0
9.55,0,64.07,0.0,0.0
9.55,0,70.78,0.0,0.0
9.55,0,67.92,0.0,0.0
9.55,0,68.58,0.0,0.0
9.55,0,65.12,0.0,0.0
7.16,0,51.51,0.0,0.0
4.77,0,40.51,0.0,0.0
1.77,0,5.15,0.0,0.0
1.77,0,4.86,0.0,0.0
1.77,0,2.17,0.0,0.0
1.77,0,2.2,0.0,0.0
1.77,0,0.51,0.0,0.0
1.77,0,0.13,0.0,0.0
2.36,0,0.1,0.0,0.0
2.36,0,0.08,0.0,0.0
2.36,0,0.0,0.0,0.0
2.36,0,0.08,0.0,0.0
2.36,0,0.0,0.0,0.0
2.36,0,1.76,0.0,0.0
4.77,0,12.99,0.0,0.0
7.16,0,33.11,0.0,0.0
10.74,0,65.13,0.0,0.0
10.74,0,85.38,0.0,0.0
10.74,0,106.4,0.0,0.0
10.74,0,116.77,0.0,0.0
10.74,0,123.65,0.0,0.0
10.74,0,124.58,0.0,0.0
10.74,0,129.33,0.0,0.0
10.74,0,123.56,0.0,0.0
10.74,0,109.29,0.0,0.0
10.74,0,95.53,0.0,0.0
8.35,0,80.22,0.0,0.0
8.35,0,76.58,0.0,0.0
2.36,0,8.04,0.0,0.0
2.36,0,9.33,0.0,0.0
2.36,0,8.8,0.0,0.0
2.36,0,5.9,0.0,0.0
2.36,0,7.3,0.0,0.0
2.36,0,5.28,0.0,0.0
2.36,0,5.73,0.0,0.0
2.36,0,4.53,0.0,0.0
2.36,0,4.17,0.0,0.0
2.36,0,7.84,0.0,0.0
4.77,0,44.99,0.0,0.0
7.16,0,62.27,0.0,0.0
10.74,0,95.71,0.0,0.0
10.74,0,117.33,0.0,0.0
10.74,0,131.18,0.0,0.0
10.74,0,128.42,0.0,0.0
10.74,0,135.69,0.0,0.0
10.74,0,144.94,0.0,0.0
10.74,0,149.95,0.0,0.0
10.74,0,144.58,0.0,0.0
10.74,0,131.84,0.0,0.0
10.74,0,117.54,0.0,0.0
8.35,0,97.03,0.0,0.0
8.35,0,86.11,0.0,0.0
2.36,0,9.32,0.0,0.0
2.36,0,10.84,0.0,0.0
2.36,0,8.91,0.0,0.0
2.36,0,8.94,0.0,0.0
2.36,0,8.78,0.0,0.0
2.36,0,6.09,0.0,0.0
2.36,0,7.7,0.0,0.0
2.36,0,3.93,0.0,0.0
2.36,0,6.35,0.0,0.0
2.36,0,8.35,0.0,0.0
4.77,0,69.99,0.0,0.0
7.16,0,81.26,0.0,0.0
10.74,0,116.75,0.0,0.0
10.74,0,136.07,0.0,0.0
10.74,0,156.01,0.0,0.0
10.74,0,158.05,0.0,0.0
10.74,0,160.16,0.0,0.0
10.74,0,160.76,0.0,0.0
10.74,0,158.04,0.0,0.0
10.74,0,147.8,0.0,0.0
10.74,0,137.43,0.0,0.0
10.74,0,123.65,0.0,0.0
8.35,0,106.41,0.0,0.0
8.35,0,102.3,0.0,0.0
2.36,0,11.6,0.0,0.0
2.36,0,11.0,0.0,0.0
2.36,0,10.5,0.0,0.0
2.36,0,10.37,0.0,0.0
2.36,0,7.72,0.0,0.0
2.36,0,7.19,0.0,0.0
2.36,0,7.18,0.0,0.0
2.36,0,5.16,0.0,0.0
2.36,0,6.57,0.0,0.0
2.36,0,8.9,0.0,0.0
4.77,0,75.3,0.0,0.0
7.16,0,83.42,0.0,0.0
10.74,0,116.71,0.0,0.0
10.74,0,134.6,0.0,0.0
10.74,0,155.33,0.0,0.0
10.74,0,162.18,0.0,0.0
10.74,0,161.4,0.0,0.0
10.74,0,153.43,0.0,0.0
10.74,0,150.4,0.0,0.0
10.74,0,140.72,0.0,0.0
10.74,0,128.48,0.0,0.0
10.74,0,115.07,0.0,0.0
8.35,0,98.0,0.0,0.0
8.35,0,92.42,0.0,0.0
2.36,0,11.05,0.0,0.0
2.36,0,10.54,0.0,0.0
2.36,0,9.89,0.0,0.0
2.36,0,9.37,0.0,0.0
2.36,0,7.14,0.0,0.0
2.36,0,4.79,0.0,0.0
2.36,0,5.41,0.0,0.0
2.36,0,4.79,0.0,0.0
2.36,0,5.26,0.0,0.0
2.36,0,7.3,0.0,0.0
4.77,0,49.14,0.0,0.0
7.16,0,71.47,0.0,0.0
10.74,0,106.95,0.0,0.0
10.74,0,125.72,0.0,0.0
10.74,0,142.12,0.0,0.0
10.74,0,142.88,0.0,0.0
10.74,0,140.02,0.0,0.0
10.74,0,137.47,0.0,0.0
10.74,0,141.33,0.0,0.0
10.74,0,136.97,0.0,0.0
10.74,0,124.61,0.0,0.0
10.74,0,111.06,0.0,0.0
8.35,0,94.61,0.0,0.0
8.35,0,88.36,0.0,0.0
2.36,0,10.6,0.0,0.0
2.36,0,10.47,0.0,0.0
2.36,0,10.27,0.0,0.0
2.36,0,9.97,0.0,0.0
1.77,0,7.8,0.0,0.0
1.77,0,6.12,0.0,0.0
1.77,0,6.08,0.0,0.0
1.77,0,4.01,0.0,0.0
1.77,0,4.98,0.0,0.0
1.77,0,6.73,0.0,0.0
3.58,0,61.05,0.0,0.0
5.97,0,79.29,0.0,0.0
9.55,0,107.88,0.0,0.0
10.74,0,127.39,0.0,0.0
10.74,0,147.78,0.0,0.0
10.74,0,156.62,0.0,0.0
10.74,0,158.97,0.0,0.0
10.74,0,156.48,0.0,0.0
10.74,0,151.95,0.0,0.0
10.74,0,145.22,0.0,0.0
10.74,0,132.12,0.0,0.0
8.35,0,105.97,0.0,0.0
5.97,0,93.28,0.0,0.0
5.97,0,87.83,0.0,0.0
3.58,0,75.55,0.0,0.0
1.77,0,9.05,0.0,0.0
1.77,0,12.0,0.0,0.0
1.77,0,10.46,0.0,0.0
1.77,0,10.51,0.0,0.0
1.77,0,8.44,0.0,0.0
1.77,0,6.68,0.0,0.0
1.77,0,6.75,0.0,0.0
1.77,0,4.73,0.0,0.0
1.77,0,4.78,0.0,0.0
1.77,0,6.11,0.0,0.0
1.77,0,10.76,0.0,0.0
3.58,0,90.98,0.0,0.0
7.16,0,103.5,0.0,0.0
7.16,0,110.78,0.0,0.0
9.55,0,127.25,0.0,0.0
9.55,0,129.84,0.0,0.0
9.55,0,127.52,0.0,0.0
9.55,0,124.99,0.0,0.0
9.55,0,120.78,0.0,0.0
7.16,0,107.76,0.0,0.0
4.77,0,95.35,0.0,0.0
1.77,0,12.42,0.0,0.0
1.77,0,12.74,0.0,0.0
1.77,0,12.7,0.0,0.0
1.77,0,10.48,0.0,0.0
1.77,0,10.53,0.0,0.0
1.77,0,10.97,0.0,0.0
2.36,0,9.66,0.0,0.0
2.36,0,9.81,0.0,0.0
2.36,0,7.4,0.0,0.0
2.36,0,6.91,0.0,0.0
2.36,0,7.57,0.0,0.0
2.36,0,9.59,0.0,0.0
4.77,0,68.83,0.0,0.0
7.16,0,73.71,0.0,0.0
10.74,0,87.68,0.0,0.0
10.74,0,91.48,0.0,0.0
10.74,0,104.0,0.0,0.0
10.74,0,105.79,0.0,0.0
10.74,0,107.32,0.0,0.0
10.74,0,117.26,0.0,0.0
10.74,0,123.14,0.0,0.0
10.74,0,121.45,0.0,0.0
10.74,0,110.48,0.0,0.0
10.74,0,95.03,0.0,0.0
8.35,0,77.61,0.0,0.0
8.35,0,72.49,0.0,0.0
2.36,0,7.54,0.0,0.0
2.36,0,9.3,0.0,0.0
2.36,0,5.61,0.0,0.0
2.36,0,7.52,0.0,0.0
2.36,0,3.97,0.0,0.0
2.36,0,5.36,0.0,0.0
2.36,0,3.76,0.0,0.0
2.36,0,1.35,0.0,0.0
2.36,0,2.0,0.0,0.0
2.36,0,6.4,0.0,0.0
4.77,0,27.74,0.0,0.0
7.16,0,44.34,0.0,0.0
10.74,0,74.01,0.0,0.0
10.74,0,89.68,0.0,0.0
10.74,0,109.09,0.0,0.0
10.74,0,119.88,0.0,0.0
10.74,0,126.06,0.0,0.0
10.74,0,126.48,0.0,0.0
10.74,0,128.7,0.0,0.0
10.74,0,122.64,0.0,0.0
10.74,0,110.6,0.0,0.0
10.74,0,94.28,0.0,0.0
8.35,0,76.78,0.0,0.0
8.35,0,72.16,0.0,0.0
2.36,0,8.3,0.0,0.0
2.36,0,10.56,0.0,0.0
2.36,0,9.19,0.0,0.0
2.36,0,9.3,0.0,0.0
2.36,0,7.43,0.0,0.0
2.36,0,5.12,0.0,0.0
2.36,0,6.23,0.0,0.0
2.36,0,4.01,0.0,0.0
2.36,0,5.15,0.0,0.0
2.36,0,8.07,0.0,0.0
4.77,0,58.91,0.0,0.0
7.16,0,68.86,0.0,0.0
10.74,0,103.63,0.0,0.0
10.74,0,122.49,0.0,0.0
10.74,0,143.4,0.0,0.0
10.74,0,153.61,0.0,0.0
10.74,0,154.43,0.0,0.0
10.74,0,147.44,0.0,0.0
10.74,0,144.77,0.0,0.0
10.74,0,139.69,0.0,0.0
10.74,0,125.97,0.0,0.0
10.74,0,109.59,0.0,0.0
8.35,0,94.19,0.0,0.0
8.35,0,89.63,0.0,0.0
2.36,0,9.39,0.0,0.0
2.36,0,11.81,0.0,0.0
2.36,0,9.95,0.0,0.0
2.36,0,9.95,0.0,0.0
2.36,0,7.69,0.0,0.0
2.36,0,6.11,0.0,0.0
2.36,0,9.12,0.0,0.0
2.36,0,5.4,0.0,0.0
2.36,0,6.73,0.0,0.0
2.36,0,9.24,0.0,0.0
4.77,0,65.23,0.0,0.0
7.16,0,75.61,0.0,0.0
10.74,0,107.2,0.0,0.0
10.74,0,121.33,0.0,0.0
10.74,0,138.61,0.0,0.0
10.74,0,145.08,0.0,0.0
10.74,0,146.02,0.0,0.0
10.74,0,144.25,0.0,0.0
10.74,0,146.06,0.0,0.0
10.74,0,137.17,0.0,0.0
10.74,0,122.5,0.0,0.0
10.74,0,109.36,0.0,0.0
8.35,0,94.86,0.0,0.0
8.35,0,90.28,0.0,0.0
2.36,0,10.77,0.0,0.0
2.36,0,10.81,0.0,0.0
2.36,0,9.84,0.0,0.0
2.36,0,9.47,0.0,0.0
2.36,0,7.35,0.0,0.0
2.36,0,5.0,0.0,0.0
2.36,0,6.75,0.0,0.0
2.36,0,4.68,0.0,0.0
2.36,0,5.5,0.0,0.0
2.36,0,8.91,0.0,0.0
4.77,0,58.76,0.0,0.0
7.16,0,67.58,0.0,0.0
10.74,0,93.09,0.0,0.0
10.74,0,106.05,0.0,0.0
10.74,0,122.92,0.0,0.0
10.74,0,127.77,0.0,0.0
10.74,0,130.61,0.0,0.0
10.74,0,131.1,0.0,0.0
10.74,0,136.09,0.0,0.0
10.74,0,132.31,0.0,0.0
10.74,0,118.98,0.0,0.0
10.74,0,104.61,0.0,0.0
8.35,0,88.73,0.0,0.0
8.35,0,83.27,0.0,0.0
2.36,0,9.13,0.0,0.0
2.36,0,11.39,0.0,0.0
2.36,0,9.41,0.0,0.0
2.36,0,7.31,0.0,0.0
1.77,0,7.89,0.0,0.0
1.77,0,3.62,0.0,0.0
1.77,0,5.91,0.0,0.0
1.77,0,3.44,0.0,0.0
1.77,0,4.37,0.0,0.0
1.77,0,6.67,0.0,0.0
3.58,0,43.16,0.0,0.0
5.97,0,69.01,0.0,0.0
9.55,0,100.12,0.0,0.0
10.74,0,112.42,0.0,0.0
10.74,0,121.71,0.0,0.0
10.74,0,123.22,0.0,0.0
10.74,0,124.28,0.0,0.0
10.74,0,126.73,0.0,0.0
10.74,0,122.96,0.0,0.0
10.74,0,119.72,0.0,0.0
10.74,0,111.53,0.0,0.0
8.35,0,84.11,0.0,0.0
5.97,0,73.06,0.0,0.0
5.97,0,71.51,0.0,0.0
3.58,0,62.06,0.0,0.0
1.77,0,6.02,0.0,0.0
1.77,0,8.31,0.0,0.0
1.77,0,3.9,0.0,0.0
1.77,0,6.12,0.0,0.0
1.77,0,6.09,0.0,0.0
1.77,0,5.92,0.0,0.0
1.77,0,4.62,0.0,0.0
1.77,0,4.52,0.0,0.0
1.77,0,3.97,0.0,0.0
1.77,0,4.78,0.0,0.0
1.77,0,7.4,0.0,0.0
3.58,0,37.71,0.0,0.0
7.16,0,42.02,0.0,0.0
7.16,0,40.26,0.0,0.0
9.55,0,60.67,0.0,0.0
9.55,0,75.3,0.0,0.0
9.55,0,84.12,0.0,0.0
9.55,0,93.24,0.0,0.0
9.55,0,94.95,0.0,0.0
7.16,0,77.95,0.0,0.0
4.77,0,60.95,0.0,0.0
1.77,0,5.49,0.0,0.0
1.77,0,5.66,0.0,0.0
1.77,0,5.04,0.0,0.0
1.77,0,0.98,0.0,0.0
1.77,0,4.26,0.0,0.0
1.77,0,2.18,0.0,0.0
2.36,0,2.14,0.0,0.0
2.36,0,2.45,0.0,0.0
2.36,0,0.76,0.0,0.0
2.36,0,2.48,0.0,0.0
2.36,0,0.71,0.0,0.0
2.36,0,7.36,0.0,0.0
4.77,0,44.92,0.0,0.0
7.16,0,59.3,0.0,0.0
10.74,0,87.32,0.0,0.0
10.74,0,97.65,0.0,0.0
10.74,0,113.24,0.0,0.0
10.74,0,115.5,0.0,0.0
10.74,0,115.6,0.0,0.0
10.74,0,122.24,0.0,0.0
10.74,0,129.93,0.0,0.0
10.74,0,124.99,0.0,0.0
10.74,0,113.97,0.0,0.0
10.74,0,103.37,0.0,0.0
8.35,0,89.71,0.0,0.0
8.35,0,86.99,0.0,0.0
2.36,0,8.28,0.0,0.0
2.36,0,8.94,0.0,0.0
2.36,0,5.93,0.0,0.0
2.36,0,8.28,0.0,0.0
2.36,0,4.61,0.0,0.0
2.36,0,6.18,0.0,0.0
2.36,0,5.64,0.0,0.0
2.36,0,6.0,0.0,0.0
2.36,0,5.2,0.0,0.0
2.36,0,8.53,0.0,0.0
4.77,0,63.71,0.0,0.0
7.16,0,72.29,0.0,0.0
10.74,0,106.03,0.0,0.0
10.74,0,123.01,0.0,0.0
10.74,0,143.2,0.0,0.0
10.74,0,155.81,0.0,0.0
10.74,0,159.38,0.0,0.0
10.74,0,156.13,0.0,0.0
10.74,0,156.19,0.0,0.0
10.74,0,148.27,0.0,0.0
10.74,0,130.31,0.0,0.0
10.74,0,112.08,0.0,0.0
8.35,0,96.58,0.0,0.0
8.35,0,93.16,0.0,0.0
2.36,0,10.04,0.0,0.0
2.36,0,10.75,0.0,0.0
2.36,0,11.16,0.0,0.0
2.36,0,9.72,0.0,0.0
2.36,0,9.84,0.0,0.0
2.36,0,6.21,0.0,0.0
2.36,0,6.3,0.0,0.0
2.36,0,8.46,0.0,0.0
2.36,0,6.95,0.0,0.0
2.36,0,9.85,0.0,0.0
4.77,0,64.81,0.0,0.0
7.16,0,77.49,0.0,0.0
10.74,0,113.45,0.0,0.0
10.74,0,127.98,0.0,0.0
10.74,0,143.38,0.0,0.0
10.74,0,149.39,0.0,0.0
10.74,0,155.73,0.0,0.0
10.74,0,157.89,0.0,0.0
10.74,0,156.74,0.0,0.0
10.74,0,147.74,0.0,0.0
10.74,0,133.48,0.0,0.0
10.74,0,117.53,0.0,0.0
8.35,0,103.12,0.0,0.0
8.35,0,101.73,0.0,0.0
2.36,0,15.29,0.0,0.0
2.36,0,12.6,0.0,0.0
2.36,0,11.64,0.0,0.0
2.36,0,10.37,0.0,0.0
2.36,0,10.0,0.0,0.0
2.36,0,7.81,0.0,0.0
2.36,0,7.68,0.0,0.0
2.36,0,4.13,0.0,0.0
2.36,0,2.51,0.0,0.0
2.36,0,6.61,0.0,0.0
4.77,0,19.13,0.0,0.0
7.16,0,25.91,0.0,0.0
10.74,0,48.18,0.0,0.0
10.74,0,54.99,0.0,0.0
10.74,0,68.47,0.0,0.0
10.74,0,85.76,0.0,0.0
10.74,0,98.32,0.0,0.0
10.74,0,104.63,0.0,0.0
10.74,0,110.53,0.0,0.0
10.74,0,101.78,0.0,0.0
10.74,0,86.53,0.0,0.0
10.74,0,72.38,0.0,0.0
8.35,0,57.13,0.0,0.0
8.35,0,53.13,0.0,0.0
2.36,0,6.43,0.0,0.0
2.36,0,4.48,0.0,0.0
2.36,0,2.36,0.0,0.0
2.36,0,1.95,0.0,0.0
2.36,0,0.48,0.0,0.0
2.36,0,0.24,0.0,0.0
2.36,0,0.0,0.0,0.0
2.36,0,0.0,0.0,0.0
2.36,0,0.0,0.0,0.0
2.36,0,1.12,0.0,0.0
4.77,0,2.54,0.0,0.0
7.16,0,2.49,0.0,0.0
10.74,0,5.13,0.0,0.0
10.74,0,11.82,0.0,0.0
10.74,0,34.53,0.0,0.0
10.74,0,60.12,0.0,0.0
10.74,0,74.97,0.0,0.0
10.74,0,80.35,0.0,0.0
10.74,0,81.63,0.0,0.0
10.74,0,72.62,0.0,0.0
10.74,0,52.56,0.0,0.0
10.74,0,24.96,0.0,0.0
8.35,0,8.68,0.0,0.0
8.35,0,3.27,0.0,0.0
2.36,0,0.51,0.0,0.0
2.36,0,0.18,0.0,0.0
2.36,0,0.11,0.0,0.0
2.36,0,0.0,0.0,0.0
1.77,0,0.0,0.0,0.0
1.77,0,0.0,0.0,0.0
1.77,0,0.0,0.0,0.0
1.77,0,0.0,0.0,0.0
1.77,0,0.0,0.0,0.0
1.77,0,1.18,0.0,0.0
3.58,0,0.31,0.0,0.0
5.97,0,0.0,0.0,0.0
9.55,0,0.0,0.0,0.0
10.74,0,0.0,0.0,0.0
10.74,0,0.17,0.0,0.0
10.74,0,0.42,0.0,0.0
10.74,0,1.12,0.0,0.0
10.74,0,1.96,0.0,0.0
10.74,0,2.51,0.0,0.0
10.74,0,1.9,0.0,0.0
10.74,0,0.87,0.0,0.0
8.35,0,0.0,0.0,0.0
5.97,0,0.0,0.0,0.0
5.97,0,0.0,0.0,0.0
3.58,0,0.0,0.0,0.0
1.77,0,0.0,0.0,0.0
1.77,0,0.0,0.0,0.0
1.77,0,0.0,0.0,0.0
1.77,0,0.0,0.0,0.0
1.77,0,0.0,0.0,0.0
1.77,0,0.0,0.0,0.0
1.77,0,0.0,0.0,0.0
1.77,0,0.0,0.0,0.0
1.77,0,0.0,0.0,0.0
1.77,0,0.0,0.0,0.0
1.77,0,0.0,0.0,0.0
3.58,0,2.77,0.0,0.0
7.16,0,2.82,0.0,0.0
7.16,0,3.86,0.0,0.0
9.55,0,0.39,0.0,0.0
9.55,0,0.41,0.0,0.0
9.55,0,0.41,0.0,0.0
9.55,0,0.42,0.0,0.0
9.55,0,0.42,0.0,0.0
7.16,0,0.43,0.0,0.0
4.77,0,0.43,0.0,0.0
1.77,0,0.0,0.0,0.0
1.77,0,0.0,0.0,0.0
1.77,0,0.0,0.0,0.0
1.77,0,0.0,0.0,0.0
1.77,0,0.0,0.0,0.0
1.77,0,0.0,0.0,0.0
2.36,0,0.0,0.0,0.0
2.36,0,0.0,0.0,0.0
2.36,0,0.0,0.0,0.0
2.36,0,0.0,0.0,0.0
2.36,0,0.0,0.0,0.0
2.36,0,1.25,0.0,0.0
4.77,0,0.72,0.0,0.0
7.16,0,0.77,0.0,0.0
10.74,0,2.17,0.0,0.0
10.74,0,4.9,0.0,0.0
10.74,0,8.92,0.0,0.0
10.74,0,39.44,0.0,0.0
10.74,0,67.67,0.0,0.0
10.74,0,72.51,0.0,0.0
10.74,0,78.9,0.0,0.0
10.74,0,76.17,0.0,0.0
10.74,0,67.08,0.0,0.0
10.74,0,52.61,0.0,0.0
8.35,0,36.12,0.0,0.0
8.35,0,32.8,0.0,0.0
2.36,0,0.78,0.0,0.0
2.36,0,0.71,0.0,0.0
2.36,0,0.68,0.0,0.0
2.36,0,0.57,0.0,0.0
2.36,0,0.0,0.0,0.0
2.36,0,0.0,0.0,0.0
2.36,0,0.0,0.0,0.0
2.36,0,0.0,0.0,0.0
2.36,0,0.0,0.0,0.0
2.36,0,2.02,0.0,0.0
4.77,0,9.15,0.0,0.0
7.16,0,25.72,0.0,0.0
10.74,0,65.43,0.0,0.0
10.74,0,81.52,0.0,0.0
10.74,0,97.87,0.0,0.0
10.74,0,105.3,0.0,0.0
10.74,0,112.85,0.0,0.0
10.74,0,119.87,0.0,0.0
10.74,0,124.57,0.0,0.0
10.74,0,118.36,0.0,0.0
10.74,0,102.53,0.0,0.0
10.74,0,84.03,0.0,0.0
8.35,0,66.9,0.0,0.0
8.35,0,62.11,0.0,0.0
2.36,0,6.53,0.0,0.0
2.36,0,5.37,0.0,0.0
2.36,0,2.7,0.0,0.0
2.36,0,2.72,0.0,0.0
2.36,0,2.04,0.0,0.0
2.36,0,1.57,0.0,0.0
2.36,0,0.69,0.0,0.0
2.36,0,0.62,0.0,0.0
2.36,0,0.61,0.0,0.0
2.36,0,3.3,0.0,0.0
4.77,0,18.94,0.0,0.0
7.16,0,45.53,0.0,0.0
10.74,0,84.53,0.0,0.0
10.74,0,100.01,0.0,0.0
10.74,0,120.26,0.0,0.0
10.74,0,132.43,0.0,0.0
10.74,0,132.63,0.0,0.0
10.74,0,129.8,0.0,0.0
10.74,0,131.53,0.0,0.0
10.74,0,124.62,0.0,0.0
10.74,0,109.35,0.0,0.0
10.74,0,90.43,0.0,0.0
8.35,0,73.84,0.0,0.0
8.35,0,71.16,0.0,0.0
2.36,0,6.45,0.0,0.0
2.36,0,6.32,0.0,0.0
2.36,0,5.46,0.0,0.0
2.36,0,3.0,0.0,0.0
2.36,0,2.9,0.0,0.0
2.36,0,1.11,0.0,0.0
2.36,0,0.76,0.0,0.0
2.36,0,0.61,0.0,0.0
2.36,0,0.6,0.0,0.0
2.36,0,2.3,0.0,0.0
4.77,0,12.87,0.0,0.0
7.16,0,43.84,0.0,0.0
10.74,0,79.41,0.0,0.0
10.74,0,91.12,0.0,0.0
10.74,0,106.54,0.0,0.0
10.74,0,108.5,0.0,0.0
10.74,0,109.72,0.0,0.0
10.74,0,104.96,0.0,0.0
10.74,0,101.81,0.0,0.0
10.74,0,95.4,0.0,0.0
10.74,0,82.38,0.0,0.0
10.74,0,69.68,0.0,0.0
8.35,0,59.46,0.0,0.0
8.35,0,59.2,0.0,0.0
2.36,0,6.62,0.0,0.0
2.36,0,4.46,0.0,0.0
2.36,0,4.09,0.0,0.0
2.36,0,2.48,0.0,0.0
2.36,0,1.72,0.0,0.0
2.36,0,0.65,0.0,0.0
2.36,0,0.59,0.0,0.0
2.36,0,0.52,0.0,0.0
2.36,0,0.0,0.0,0.0
2.36,0,3.16,0.0,0.0
4.77,0,23.59,0.0,0.0
7.16,0,45.19,0.0,0.0
10.74,0,78.37,0.0,0.0
10.74,0,88.75,0.0,0.0
10.74,0,101.19,0.0,0.0
10.74,0,103.53,0.0,0.0
10.74,0,100.14,0.0,0.0
10.74,0,98.23,0.0,0.0
10.74,0,104.73,0.0,0.0
10.74,0,107.79,0.0,0.0
10.74,0,101.72,0.0,0.0
10.74,0,82.53,0.0,0.0
8.35,0,62.43,0.0,0.0
8.35,0,58.5,0.0,0.0
2.36,0,6.59,0.0,0.0
2.36,0,6.09,0.0,0.0
2.36,0,2.11,0.0,0.0
2.36,0,2.54,0.0,0.0
1.77,0,1.5,0.0,0.0
1.77,0,1.42,0.0,0.0
1.77,0,0.64,0.0,0.0
1.77,0,0.66,0.0,0.0
1.77,0,0.46,0.0,0.0
1.77,0,0.0,0.0,0.0
1.77,0,0.0,0.0,0.0
1.77,0,5.72,0.0,0.0
3.58,0,19.17,0.0,0.0
7.16,0,30.75,0.0,0.0
7.16,0,33.41,0.0,0.0
9.55,0,46.98,0.0,0.0
9.55,0,54.4,0.0,0.0
9.55,0,66.68,0.0,0.0
9.55,0,73.46,0.0,0.0
9.55,0,73.56,0.0,0.0
7.16,0,56.11,0.0,0.0
4.77,0,35.5,0.0,0.0
1.77,0,2.76,0.0,0.0
1.77,0,3.79,0.0,0.0
1.77,0,1.02,0.0,0.0
1.77,0,0.67,0.0,0.0
1.77,0,0.31,0.0,0.0
1.77,0,0.0,0.0,0.0
1.77,0,0.0,0.0,0.0
1.77,0,0.0,0.0,0.0
1.77,0,0.0,0.0,0.0
1.77,0,0.0,0.0,0.0
1.77,0,0.0,0.0,0.0
1.77,0,0.0,0.0,0.0
1.77,0,0.0,0.0,0.0
1.77,0,0.0,0.0,0.0
3.58,0,3.5,0.0,0.0
7.16,0,11.56,0.0,0.0
7.16,0,19.11,0.0,0.0
9.55,0,39.49,0.0,0.0
9.55,0,52.42,0.0,0.0
9.55,0,57.54,0.0,0.0
9.55,0,58.19,0.0,0.0
9.55,0,56.61,0.0,0.0
7.16,0,41.76,0.0,0.0
4.77,0,16.35,0.0,0.0
1.77,0,1.35,0.0,0.0
1.77,0,0.92,0.0,0.0
1.77,0,0.3,0.0,0.0
1.77,0,0.0,0.0,0.0
1.77,0,0.0,0.0,0.0
1.77,0,0.0,0.0,0.0
2.36,0,0.0,0.0,0.0
2.36,0,0.0,0.0,0.0
2.36,0,0.0,0.0,0.0
2.36,0,0.0,0.0,0.0
2.36,0,0.0,0.0,0.0
2.36,0,1.12,0.0,0.0
4.77,0,0.82,0.0,0.0
7.16,0,3.47,0.0,0.0
10.74,0,34.04,0.0,0.0
10.74,0,53.87,0.0,0.0
10.74,0,71.31,0.0,0.0
10.74,0,85.11,0.0,0.0
10.74,0,81.48,0.0,0.0
10.74,0,87.83,0.0,0.0
10.74,0,89.26,0.0,0.0
10.74,0,83.6,0.0,0.0
10.74,0,70.7,0.0,0.0
10.74,0,55.76,0.0,0.0
8.35,0,40.49,0.0,0.0
8.35,0,36.45,0.0,0.0
2.36,0,2.83,0.0,0.0
2.36,0,2.11,0.0,0.0
2.36,0,1.44,0.0,0.0
2.36,0,0.64,0.0,0.0
2.36,0,0.58,0.0,0.0
2.36,0,0.0,0.0,0.0
2.36,0,0.0,0.0,0.0
2.36,0,0.0,0.0,0.0
2.36,0,0.0,0.0,0.0
2.36,0,2.3,0.0,0.0
4.77,0,10.39,0.0,0.0
7.16,0,22.65,0.0,0.0
10.74,0,53.44,0.0,0.0
10.74,0,67.93,0.0,0.0
10.74,0,91.61,0.0,0.0
10.74,0,111.1,0.0,0.0
10.74,0,122.96,0.0,0.0
10.74,0,129.13,0.0,0.0
10.74,0,134.15,0.0,0.0
10.74,0,128.7,0.0,0.0
10.74,0,112.95,0.0,0.0
10.74,0,92.71,0.0,0.0
8.35,0,73.75,0.0,0.0
8.35,0,68.93,0.0,0.0
2.36,0,4.27,0.0,0.0
2.36,0,3.86,0.0,0.0
2.36,0,1.55,0.0,0.0
2.36,0,1.14,0.0,0.0
2.36,0,0.08,0.0,0.0
2.36,0,0.02,0.0,0.0
2.36,0,0.0,0.0,0.0
2.36,0,0.0,0.0,0.0
2.36,0,0.0,0.0,0.0
2.36,0,1.34,0.0,0.0
4.77,0,3.08,0.0,0.0
7.16,0,7.35,0.0,0.0
10.74,0,45.6,0.0,0.0
10.74,0,65.12,0.0,0.0
10.74,0,83.45,0.0,0.0
10.74,0,69.81,0.0,0.0
10.74,0,78.0,0.0,0.0
10.74,0,78.12,0.0,0.0
10.74,0,82.76,0.0,0.0
10.74,0,79.45,0.0,0.0
10.74,0,67.81,0.0,0.0
10.74,0,52.66,0.0,0.0
8.35,0,38.96,0.0,0.0
8.35,0,37.16,0.0,0.0
2.36,0,3.58,0.0,0.0
2.36,0,1.46,0.0,0.0
2.36,0,0.25,0.0,0.0
2.36,0,0.21,0.0,0.0
2.36,0,0.17,0.0,0.0
2.36,0,0.0,0.0,0.0
2.36,0,0.0,0.0,0.0
2.36,0,0.0,0.0,0.0
2.36,0,0.0,0.0,0.0
2.36,0,1.08,0.0,0.0
4.77,0,2.26,0.0,0.0
7.16,0,3.36,0.0,0.0
10.74,0,44.29,0.0,0.0
10.74,0,64.8,0.0,0.0
10.74,0,82.19,0.0,0.0
10.74,0,91.47,0.0,0.0
10.74,0,96.26,0.0,0.0
10.74,0,96.17,0.0,0.0
10.74,0,96.07,0.0,0.0
10.74,0,96.66,0.0,0.0
10.74,0,68.27,0.0,0.0
10.74,0,57.23,0.0,0.0
8.35,0,47.01,0.0,0.0
8.35,0,41.84,0.0,0.0
2.36,0,3.96,0.0,0.0
2.36,0,3.91,0.0,0.0
2.36,0,1.69,0.0,0.0
2.36,0,1.16,0.0,0.0
2.36,0,0.59,0.0,0.0
2.36,0,0.53,0.0,0.0
2.36,0,0.0,0.0,0.0
2.36,0,0.0,0.0,0.0
2.36,0,0.0,0.0,0.0
2.36,0,1.45,0.0,0.0
4.77,0,1.06,0.0,0.0
7.16,0,15.74,0.0,0.0
10.74,0,55.28,0.0,0.0
10.74,0,67.52,0.0,0.0
10.74,0,81.44,0.0,0.0
10.74,0,87.55,0.0,0.0
10.74,0,96.72,0.0,0.0
10.74,0,102.21,0.0,0.0
10.74,0,105.51,0.0,0.0
10.74,0,101.69,0.0,0.0
10.74,0,86.84,0.0,0.0
10.74,0,71.44,0.0,0.0
8.35,0,57.49,0.0,0.0
8.35,0,52.26,0.0,0.0
2.36,0,4.29,0.0,0.0
2.36,0,4.33,0.0,0.0
2.36,0,3.58,0.0,0.0
2.36,0,2.32,0.0,0.0
1.77,0,2.0,0.0,0.0
1.77,0,0.9,0.0,0.0
1.77,0,0.0,0.0,0.0
1.77,0,0.0,0.0,0.0
1.77,0,0.0,0.0,0.0
1.77,0,1.08,0.0,0.0
3.58,0,2.81,0.0,0.0
5.97,0,0.03,0.0,0.0
9.55,0,3.39,0.0,0.0
10.74,0,12.67,0.0,0.0
10.74,0,33.85,0.0,0.0
10.74,0,45.02,0.0,0.0
10.74,0,54.11,0.0,0.0
10.74,0,63.78,0.0,0.0
10.74,0,63.82,0.0,0.0
10.74,0,56.35,0.0,0.0
10.74,0,43.51,0.0,0.0
8.35,0,20.78,0.0,0.0
5.97,0,9.69,0.0,0.0
5.97,0,5.74,0.0,0.0
3.58,0,3.9,0.0,0.0
1.77,0,0.3,0.0,0.0
1.77,0,0.0,0.0,0.0
1.77,0,0.0,0.0,0.0
1.77,0,0.0,0.0,0.0
1.77,0,0.0,0.0,0.0
1.77,0,0.0,0.0,0.0
1.77,0,0.0,0.0,0.0
1.77,0,0.0,0.0,0.0
1.77,0,0.0,0.0,0.0
1.77,0,0.0,0.0,0.0
1.77,0,0.0,0.0,0.0
3.58,0,2.21,0.0,0.0
7.16,0,3.78,0.0,0.0
7.16,0,8.39,0.0,0.0
9.55,0,13.53,0.0,0.0
9.55,0,19.4,0.0,0.0
9.55,0,30.23,0.0,0.0
9.55,0,34.78,0.0,0.0
9.55,0,32.11,0.0,0.0
7.16,0,12.76,0.0,0.0
4.77,0,1.88,0.0,0.0
1.77,0,0.62,0.0,0.0
1.77,0,0.45,0.0,0.0
1.77,0,0.0,0.0,0.0
1.77,0,0.0,0.0,0.0
1.77,0,0.0,0.0,0.0
1.77,0,0.0,0.0,0.0
2.36,0,0.0,0.0,0.0
2.36,0,0.0,0.0,0.0
2.36,0,0.0,0.0,0.0
2.36,0,0.0,0.0,0.0
2.36,0,0.0,0.0,0.0
2.36,0,0.89,0.0,0.0
4.77,0,0.47,0.0,0.0
7.16,0,0.68,0.0,0.0
10.74,0,10.79,0.0,0.0
10.74,0,29.66,0.0,0.0
10.74,0,52.04,0.0,0.0
10.74,0,61.17,0.0,0.0
10.74,0,65.43,0.0,0.0
10.74,0,68.13,0.0,0.0
10.74,0,66.87,0.0,0.0
10.74,0,55.93,0.0,0.0
10.74,0,28.8,0.0,0.0
10.74,0,8.79,0.0,0.0
8.35,0,5.65,0.0,0.0
8.35,0,0.41,0.0,0.0
2.36,0,0.35,0.0,0.0
2.36,0,0.2,0.0,0.0
2.36,0,0.0,0.0,0.0
2.36,0,0.0,0.0,0.0
2.36,0,0.0,0.0,0.0
2.36,0,0.0,0.0,0.0
2.36,0,0.0,0.0,0.0
2.36,0,0.0,0.0,0.0
2.36,0,0.0,0.0,0.0
2.36,0,1.31,0.0,0.0
4.77,0,2.47,0.0,0.0
7.16,0,0.09,0.0,0.0
10.74,0,19.09,0.0,0.0
10.74,0,56.76,0.0,0.0
10.74,0,80.18,0.0,0.0
10.74,0,88.51,0.0,0.0
10.74,0,84.89,0.0,0.0
10.74,0,83.72,0.0,0.0
10.74,0,82.5,0.0,0.0
10.74,0,77.62,0.0,0.0
10.74,0,68.74,0.0,0.0
10.74,0,55.16,0.0,0.0
8.35,0,38.73,0.0,0.0
8.35,0,32.43,0.0,0.0
2.36,0,1.99,0.0,0.0
2.36,0,0.73,0.0,0.0
2.36,0,0.57,0.0,0.0
2.36,0,0.56,0.0,0.0
2.36,0,0.0,0.0,0.0
2.36,0,0.0,0.0,0.0
2.36,0,0.0,0.0,0.0
2.36,0,0.0,0.0,0.0
2.36,0,0.0,0.0,0.0
2.36,0,1.41,0.0,0.0
4.77,0,0.82,0.0,0.0
7.16,0,3.26,0.0,0.0
10.74,0,46.4,0.0,0.0
10.74,0,68.72,0.0,0.0
10.74,0,88.4,0.0,0.0
10.74,0,92.97,0.0,0.0
10.74,0,95.67,0.0,0.0
10.74,0,101.1,0.0,0.0
10.74,0,104.39,0.0,0.0
10.74,0,96.6,0.0,0.0
10.74,0,82.91,0.0,0.0
10.74,0,68.06,0.0,0.0
8.35,0,51.85,0.0,0.0
8.35,0,47.49,0.0,0.0
2.36,0,2.94,0.0,0.0
2.36,0,2.7,0.0,0.0
2.36,0,0.73,0.0,0.0
2.36,0,0.93,0.0,0.0
2.36,0,0.65,0.0,0.0
2.36,0,0.52,0.0,0.0
2.36,0,0.0,0.0,0.0
2.36,0,0.0,0.0,0.0
2.36,0,0.0,0.0,0.0
2.36,0,2.97,0.0,0.0
4.77,0,2.75,0.0,0.0
7.16,0,13.95,0.0,0.0
10.74,0,51.87,0.0,0.0
10.74,0,71.38,0.0,0.0
10.74,0,90.28,0.0,0.0
10.74,0,99.39,0.0,0.0
10.74,0,105.58,0.0,0.0
10.74,0,104.45,0.0,0.0
10.74,0,107.47,0.0,0.0
10.74,0,104.13,0.0,0.0
10.74,0,90.27,0.0,0.0
10.74,0,78.54,0.0,0.0
8.35,0,65.16,0.0,0.0
8.35,0,61.63,0.0,0.0
2.36,0,5.12,0.0,0.0
2.36,0,3.05,0.0,0.0
2.36,0,2.06,0.0,0.0
2.36,0,1.49,0.0,0.0
2.36,0,0.75,0.0,0.0
2.36,0,0.75,0.0,0.0
2.36,0,0.68,0.0,0.0
2.36,0,0.62,0.0,0.0
2.36,0,0.0,0.0,0.0
2.36,0,3.91,0.0,0.0
4.77,0,16.43,0.0,0.0
7.16,0,36.22,0.0,0.0
10.74,0,71.14,0.0,0.0
10.74,0,85.59,0.0,0.0
10.74,0,101.49,0.0,0.0
10.74,0,103.99,0.0,0.0
10.74,0,107.26,0.0,0.0
10.74,0,109.26,0.0,0.0
10.74,0,110.45,0.0,0.0
10.74,0,103.72,0.0,0.0
10.74,0,90.96,0.0,0.0
10.74,0,79.61,0.0,0.0
8.35,0,65.48,0.0,0.0
8.35,0,61.92,0.0,0.0
2.36,0,6.54,0.0,0.0
2.36,0,5.69,0.0,0.0
2.36,0,2.75,0.0,0.0
2.36,0,1.77,0.0,0.0
1.77,0,1.65,0.0,0.0
1.77,0,0.69,0.0,0.0
1.77,0,0.67,0.0,0.0
1.77,0,0.61,0.0,0.0
1.77,0,0.56,0.0,0.0
1.77,0,4.69,0.0,0.0
3.58,0,24.81,0.0,0.0
5.97,0,37.96,0.0,0.0
9.55,0,65.28,0.0,0.0
10.74,0,86.28,0.0,0.0
10.74,0,102.62,0.0,0.0
10.74,0,104.63,0.0,0.0
10.74,0,106.22,0.0,0.0
10.74,0,107.84,0.0,0.0
10.74,0,104.41,0.0,0.0
10.74,0,100.25,0.0,0.0
10.74,0,90.84,0.0,0.0
8.35,0,65.99,0.0,0.0
5.97,0,54.77,0.0,0.0
5.97,0,50.18,0.0,0.0
3.58,0,37.02,0.0,0.0
1.77,0,0.85,0.0,0.0
1.77,0,1.75,0.0,0.0
1.77,0,0.77,0.0,0.0
1.77,0,0.75,0.0,0.0
1.77,0,0.67,0.0,0.0
1.77,0,0.0,0.0,0.0
1.77,0,0.0,0.0,0.0
1.77,0,0.0,0.0,0.0
1.77,0,0.0,0.0,0.0
1.77,0,0.0,0.0,0.0
1.77,0,0.14,0.0,0.0
3.58,0,12.54,0.0,0.0
7.16,0,32.02,0.0,0.0
7.16,0,36.5,0.0,0.0
9.55,0,54.28,0.0,0.0
9.55,0,55.3,0.0,0.0
9.55,0,55.86,0.0,0.0
9.55,0,55.37,0.0,0.0
9.55,0,56.6,0.0,0.0
7.16,0,44.11,0.0,0.0
4.77,0,33.07,0.0,0.0
1.77,0,0.0,0.0,0.0
1.77,0,0.0,0.0,0.0
1.77,0,0.0,0.0,0.0
1.77,0,0.0,0.0,0.0
1.77,0,0.0,0.0,0.0
1.77,0,0.0,0.0,0.0
2.36,0,0.0,0.0,0.0
2.36,0,0.0,0.0,0.0
2.36,0,0.0,0.0,0.0
2.36,0,0.0,0.0,0.0
2.36,0,0.0,0.0,0.0
2.36,0,2.67,0.0,0.0
4.77,0,5.86,0.0,0.0
7.16,0,0.47,0.0,0.0
10.74,0,23.54,0.0,0.0
10.74,0,51.44,0.0,0.0
10.74,0,63.96,0.0,0.0
10.74,0,67.63,0.0,0.0
10.74,0,67.99,0.0,0.0
10.74,0,67.16,0.0,0.0
10.74,0,71.09,0.0,0.0
10.74,0,75.42,0.0,0.0
10.74,0,68.57,0.0,0.0
10.74,0,58.5,0.0,0.0
8.35,0,45.88,0.0,0.0
8.35,0,44.21,0.0,0.0
2.36,0,0.74,0.0,0.0
2.36,0,0.0,0.0,0.0
2.36,0,0.0,0.0,0.0
2.36,0,0.0,0.0,0.0
2.36,0,0.0,0.0,0.0
2.36,0,0.0,0.0,0.0
2.36,0,0.0,0.0,0.0
2.36,0,0.0,0.0,0.0
2.36,0,0.0,0.0,0.0
2.36,0,1.93,0.0,0.0
4.77,0,1.49,0.0,0.0
7.16,0,6.1,0.0,0.0
10.74,0,33.47,0.0,0.0
10.74,0,41.11,0.0,0.0
10.74,0,53.58,0.0,0.0
10.74,0,59.81,0.0,0.0
10.74,0,65.18,0.0,0.0
10.74,0,68.51,0.0,0.0
10.74,0,72.05,0.0,0.0
10.74,0,67.62,0.0,0.0
10.74,0,57.58,0.0,0.0
10.74,0,43.93,0.0,0.0
8.35,0,26.0,0.0,0.0
8.35,0,22.45,0.0,0.0
2.36,0,0.58,0.0,0.0
2.36,0,0.0,0.0,0.0
2.36,0,0.0,0.0,0.0
2.36,0,0.0,0.0,0.0
2.36,0,0.0,0.0,0.0
2.36,0,0.0,0.0,0.0
2.36,0,0.0,0.0,0.0
2.36,0,0.0,0.0,0.0
2.36,0,0.0,0.0,0.0
2.36,0,1.48,0.0,0.0
4.77,0,4.19,0.0,0.0
7.16,0,1.02,0.0,0.0
10.74,0,14.58,0.0,0.0
10.74,0,54.2,0.0,0.0
10.74,0,79.76,0.0,0.0
10.74,0,86.29,0.0,0.0
10.74,0,91.86,0.0,0.0
10.74,0,97.61,0.0,0.0
10.74,0,100.99,0.0,0.0
10.74,0,93.47,0.0,0.0
10.74,0,78.36,0.0,0.0
10.74,0,64.1,0.0,0.0
8.35,0,49.22,0.0,0.0
8.35,0,44.42,0.0,0.0
2.36,0,3.84,0.0,0.0
2.36,0,3.34,0.0,0.0
2.36,0,2.17,0.0,0.0
2.36,0,1.66,0.0,0.0
2.36,0,0.72,0.0,0.0
2.36,0,0.68,0.0,0.0
2.36,0,0.67,0.0,0.0
2.36,0,0.59,0.0,0.0
2.36,0,0.0,0.0,0.0
2.36,0,3.26,0.0,0.0
4.77,0,7.7,0.0,0.0
7.16,0,20.64,0.0,0.0
10.74,0,52.15,0.0,0.0
10.74,0,66.98,0.0,0.0
10.74,0,86.23,0.0,0.0
10.74,0,92.44,0.0,0.0
10.74,0,98.13,0.0,0.0
10.74,0,99.2,0.0,0.0
10.74,0,95.06,0.0,0.0
10.74,0,84.04,0.0,0.0
10.74,0,71.95,0.0,0.0
10.74,0,51.19,0.0,0.0
8.35,0,38.9,0.0,0.0
8.35,0,36.9,0.0,0.0
2.36,0,4.05,0.0,0.0
2.36,0,3.98,0.0,0.0
2.36,0,1.74,0.0,0.0
2.36,0,1.19,0.0,0.0
2.36,0,0.6,0.0,0.0
2.36,0,0.53,0.0,0.0
2.36,0,0.0,0.0,0.0
2.36,0,0.0,0.0,0.0
2.36,0,0.0,0.0,0.0
2.36,0,1.87,0.0,0.0
4.77,0,2.74,0.0,0.0
7.16,0,13.82,0.0,0.0
10.74,0,51.64,0.0,0.0
10.74,0,64.57,0.0,0.0
10.74,0,76.69,0.0,0.0
10.74,0,78.26,0.0,0.0
10.74,0,81.82,0.0,0.0
10.74,0,83.58,0.0,0.0
10.74,0,85.9,0.0,0.0
10.74,0,80.77,0.0,0.0
10.74,0,69.54,0.0,0.0
10.74,0,56.87,0.0,0.0
8.35,0,43.27,0.0,0.0
8.35,0,40.88,0.0,0.0
2.36,0,2.96,0.0,0.0
2.36,0,2.23,0.0,0.0
2.36,0,1.67,0.0,0.0
2.36,0,1.32,0.0,0.0
1.77,0,0.66,0.0,0.0
1.77,0,0.61,0.0,0.0
1.77,0,0.0,0.0,0.0
1.77,0,0.56,0.0,0.0
1.77,0,0.0,0.0,0.0
1.77,0,3.71,0.0,0.0
3.58,0,17.76,0.0,0.0
5.97,0,31.37,0.0,0.0
9.55,0,59.31,0.0,0.0
10.74,0,79.23,0.0,0.0
10.74,0,98.35,0.0,0.0
10.74,0,109.81,0.0,0.0
10.74,0,117.5,0.0,0.0
10.74,0,120.15,0.0,0.0
10.74,0,120.01,0.0,0.0
10.74,0,93.87,0.0,0.0
10.74,0,61.87,0.0,0.0
8.35,0,34.91,0.0,0.0
5.97,0,27.0,0.0,0.0
5.97,0,24.25,0.0,0.0
3.58,0,12.81,0.0,0.0
1.77,0,0.0,0.0,0.0
1.77,0,0.0,0.0,0.0
1.77,0,0.0,0.0,0.0
1.77,0,0.0,0.0,0.0
1.77,0,0.0,0.0,0.0
1.77,0,0.0,0.0,0.0
1.77,0,0.0,0.0,0.0
1.77,0,0.0,0.0,0.0
1.77,0,0.0,0.0,0.0
1.77,0,0.0,0.0,0.0
1.77,0,0.0,0.0,0.0
3.58,0,0.98,0.0,0.0
7.16,0,5.72,0.0,0.0
7.16,0,5.54,0.0,0.0
9.55,0,5.39,0.0,0.0
9.55,0,5.86,0.0,0.0
9.55,0,6.16,0.0,0.0
9.55,0,7.21,0.0,0.0
9.55,0,7.65,0.0,0.0
7.16,0,5.61,0.0,0.0
4.77,0,5.71,0.0,0.0
1.77,0,0.0,0.0,0.0
1.77,0,0.0,0.0,0.0
1.77,0,0.0,0.0,0.0
1.77,0,0.0,0.0,0.0
1.77,0,0.0,0.0,0.0
1.77,0,0.0,0.0,0.0
2.36,0,0.0,0.0,0.0
2.36,0,0.0,0.0,0.0
2.36,0,0.0,0.0,0.0
2.36,0,0.0,0.0,0.0
2.36,0,0.0,0.0,0.0
2.36,0,2.14,0.0,0.0
4.77,0,6.02,0.0,0.0
7.16,0,0.28,0.0,0.0
10.74,0,2.12,0.0,0.0
10.74,0,7.73,0.0,0.0
10.74,0,29.5,0.0,0.0
10.74,0,42.05,0.0,0.0
10.74,0,48.41,0.0,0.0
10.74,0,63.53,0.0,0.0
10.74,0,79.37,0.0,0.0
10.74,0,78.08,0.0,0.0
10.74,0,63.63,0.0,0.0
10.74,0,48.27,0.0,0.0
8.35,0,32.29,0.0,0.0
8.35,0,28.43,0.0,0.0
2.36,0,0.77,0.0,0.0
2.36,0,0.0,0.0,0.0
2.36,0,0.0,0.0,0.0
2.36,0,0.0,0.0,0.0
2.36,0,0.0,0.0,0.0
2.36,0,0.0,0.0,0.0
2.36,0,0.0,0.0,0.0
2.36,0,0.0,0.0,0.0
2.36,0,0.0,0.0,0.0
2.36,0,0.0,0.0,0.0
2.36,0,1.81,0.0,0.0
4.77,0,1.41,0.0,0.0
7.16,0,2.25,0.0,0.0
10.74,0,20.03,0.0,0.0
10.74,0,50.68,0.0,0.0
10.74,0,77.31,0.0,0.0
10.74,0,83.99,0.0,0.0
10.74,0,84.52,0.0,0.0
10.74,0,82.47,0.0,0.0
10.74,0,83.23,0.0,0.0
10.74,0,72.86,0.0,0.0
10.74,0,56.37,0.0,0.0
10.74,0,46.62,0.0,0.0
8.35,0,34.54,0.0,0.0
8.35,0,32.17,0.0,0.0
2.36,0,2.2,0.0,0.0
2.36,0,0.93,0.0,0.0
2.36,0,1.23,0.0,0.0
2.36,0,0.59,0.0,0.0
2.36,0,0.0,0.0,0.0
2.36,0,0.0,0.0,0.0
2.36,0,0.0,0.0,0.0
2.36,0,0.0,0.0,0.0
2.36,0,0.0,0.0,0.0
2.36,0,2.18,0.0,0.0
4.77,0,9.9,0.0,0.0
7.16,0,27.53,0.0,0.0
10.74,0,65.64,0.0,0.0
10.74,0,77.21,0.0,0.0
10.74,0,91.0,0.0,0.0
10.74,0,92.67,0.0,0.0
10.74,0,90.76,0.0,0.0
10.74,0,88.07,0.0,0.0
10.74,0,86.11,0.0,0.0
10.74,0,74.48,0.0,0.0
10.74,0,60.07,0.0,0.0
10.74,0,50.15,0.0,0.0
8.35,0,36.72,0.0,0.0
8.35,0,35.69,0.0,0.0
2.36,0,3.0,0.0,0.0
2.36,0,2.05,0.0,0.0
2.36,0,0.68,0.0,0.0
2.36,0,0.69,0.0,0.0
2.36,0,0.6,0.0,0.0
2.36,0,0.0,0.0,0.0
2.36,0,0.0,0.0,0.0
2.36,0,0.0,0.0,0.0
2.36,0,0.0,0.0,0.0
2.36,0,3.51,0.0,0.0
4.77,0,25.23,0.0,0.0
7.16,0,51.36,0.0,0.0
10.74,0,89.66,0.0,0.0
10.74,0,105.7,0.0,0.0
10.74,0,120.6,0.0,0.0
10.74,0,119.51,0.0,0.0
10.74,0,122.03,0.0,0.0
10.74,0,122.21,0.0,0.0
10.74,0,123.59,0.0,0.0
10.74,0,113.14,0.0,0.0
10.74,0,97.93,0.0,0.0
10.74,0,88.7,0.0,0.0
8.35,0,75.34,0.0,0.0
8.35,0,72.01,0.0,0.0
2.36,0,5.07,0.0,0.0
2.36,0,5.15,0.0,0.0
2.36,0,2.13,0.0,0.0
2.36,0,2.94,0.0,0.0
2.36,0,1.97,0.0,0.0
2.36,0,1.43,0.0,0.0
2.36,0,0.74,0.0,0.0
2.36,0,0.7,0.0,0.0
2.36,0,0.61,0.0,0.0
2.36,0,4.7,0.0,0.0
4.77,0,30.1,0.0,0.0
7.16,0,61.91,0.0,0.0
10.74,0,99.97,0.0,0.0
10.74,0,99.62,0.0,0.0
10.74,0,108.43,0.0,0.0
10.74,0,108.9,0.0,0.0
10.74,0,105.26,0.0,0.0
10.74,0,113.14,0.0,0.0
10.74,0,123.38,0.0,0.0
10.74,0,112.96,0.0,0.0
10.74,0,94.78,0.0,0.0
10.74,0,83.44,0.0,0.0
8.35,0,69.53,0.0,0.0
8.35,0,66.63,0.0,0.0
2.36,0,2.68,0.0,0.0
2.36,0,2.34,0.0,0.0
2.36,0,1.3,0.0,0.0
1.77,0,0.72,0.0,0.0
1.77,0,0.62,0.0,0.0
1.77,0,0.0,0.0,0.0
1.77,0,0.0,0.0,0.0
1.77,0,0.0,0.0,0.0
1.77,0,0.0,0.0,0.0
1.77,0,3.86,0.0,0.0
3.58,0,22.25,0.0,0.0
5.97,0,39.36,0.0,0.0
9.55,0,69.53,0.0,0.0
10.74,0,84.2,0.0,0.0
10.74,0,95.91,0.0,0.0
10.74,0,99.44,0.0,0.0
10.74,0,98.73,0.0,0.0
10.74,0,92.85,0.0,0.0
10.74,0,89.66,0.0,0.0
10.74,0,84.07,0.0,0.0
10.74,0,64.87,0.0,0.0
8.35,0,27.54,0.0,0.0
5.97,0,10.06,0.0,0.0
5.97,0,0.0,0.0,0.0
3.58,0,0.0,0.0,0.0
1.77,0,0.0,0.0,0.0
1.77,0,0.0,0.0,0.0
1.77,0,0.0,0.0,0.0
1.77,0,0.0,0.0,0.0
1.77,0,0.0,0.0,0.0
1.77,0,0.0,0.0,0.0
1.77,0,0.0,0.0,0.0
1.77,0,0.0,0.0,0.0
1.77,0,0.0,0.0,0.0
1.77,0,0.0,0.0,0.0
1.77,0,0.0,0.0,0.0
3.58,0,0.51,0.0,0.0
7.16,0,3.62,0.0,0.0
7.16,0,4.39,0.0,0.0
9.55,0,0.19,0.0,0.0
9.55,0,1.89,0.0,0.0
9.55,0,2.39,0.0,0.0
9.55,0,0.74,0.0,0.0
9.55,0,0.44,0.0,0.0
7.16,0,0.44,0.0,0.0
4.77,0,0.0,0.0,0.0
1.77,0,0.0,0.0,0.0
1.77,0,0.0,0.0,0.0
1.77,0,0.0,0.0,0.0
1.77,0,0.0,0.0,0.0
1.77,0,0.0,0.0,0.0
2.36,0,0.0,0.0,0.0
2.36,0,0.0,0.0,0.0
2.36,0,0.0,0.0,0.0
2.36,0,0.0,0.0,0.0
2.36,0,0.0,0.0,0.0
2.36,0,0.0,0.0,0.0
2.36,0,1.35,0.0,0.0
4.77,0,3.23,0.0,0.0
7.16,0,0.0,0.0,0.0
10.74,0,0.0,0.0,0.0
10.74,0,0.0,0.0,0.0
10.74,0,0.0,0.0,0.0
10.74,0,0.04,0.0,0.0
10.74,0,4.19,0.0,0.0
10.74,0,11.45,0.0,0.0
10.74,0,12.69,0.0,0.0
10.74,0,8.35,0.0,0.0
10.74,0,4.64,0.0,0.0
10.74,0,0.38,0.0,0.0
8.35,0,0.43,0.0,0.0
8.35,0,0.0,0.0,0.0
2.36,0,0.0,0.0,0.0
2.36,0,0.0,0.0,0.0
2.36,0,0.0,0.0,0.0
2.36,0,0.0,0.0,0.0
2.36,0,0.0,0.0,0.0
2.36,0,0.0,0.0,0.0
2.36,0,0.0,0.0,0.0
2.36,0,0.0,0.0,0.0
2.36,0,0.0,0.0,0.0
2.36,0,1.39,0.0,0.0
4.77,0,4.01,0.0,0.0
7.16,0,0.0,0.0,0.0
10.74,0,0.02,0.0,0.0
10.74,0,5.45,0.0,0.0
10.74,0,12.88,0.0,0.0
10.74,0,16.8,0.0,0.0
10.74,0,23.22,0.0,0.0
10.74,0,35.82,0.0,0.0
10.74,0,32.28,0.0,0.0
10.74,0,13.03,0.0,0.0
10.74,0,7.52,0.0,0.0
10.74,0,0.7,0.0,0.0
8.35,0,0.44,0.0,0.0
8.35,0,0.0,0.0,0.0
2.36,0,0.0,0.0,0.0
2.36,0,0.0,0.0,0.0
2.36,0,0.0,0.0,0.0
1.77,0,0.0,0.0,0.0
1.77,0,0.0,0.0,0.0
1.77,0,0.0,0.0,0.0
1.77,0,0.0,0.0,0.0
1.77,0,0.0,0.0,0.0
1.77,0,0.0,0.0,0.0
1.77,0,0.0,0.0,0.0
1.77,0,0.0,0.0,0.0
1.77,0,4.07,0.0,0.0
3.58,0,14.98,0.0,0.0
7.16,0,31.21,0.0,0.0
7.16,0,45.3,0.0,0.0
9.55,0,64.66,0.0,0.0
9.55,0,68.58,0.0,0.0
9.55,0,67.82,0.0,0.0
9.55,0,62.81,0.0,0.0
9.55,0,53.14,0.0,0.0
7.16,0,32.71,0.0,0.0
4.77,0,18.86,0.0,0.0
1.77,0,2.37,0.0,0.0
1.77,0,1.28,0.0,0.0
1.77,0,0.73,0.0,0.0
1.77,0,0.59,0.0,0.0
1.77,0,0.0,0.0,0.0
2.36,0,0.0,0.0,0.0
2.36,0,0.0,0.0,0.0
2.36,0,0.0,0.0,0.0
2.36,0,0.0,0.0,0.0
2.36,0,0.0,0.0,0.0
2.36,0,0.0,0.0,0.0
2.36,0,1.57,0.0,0.0
4.77,0,3.86,0.0,0.0
7.16,0,0.0,0.0,0.0
10.74,0,0.08,0.0,0.0
10.74,0,0.36,0.0,0.0
10.74,0,0.37,0.0,0.0
10.74,0,0.91,0.0,0.0
10.74,0,4.38,0.0,0.0
10.74,0,8.69,0.0,0.0
10.74,0,11.16,0.0,0.0
10.74,0,7.08,0.0,0.0
10.74,0,0.83,0.0,0.0
10.74,0,0.0,0.0,0.0
8.35,0,0.0,0.0,0.0
8.35,0,0.0,0.0,0.0
2.36,0,0.0,0.0,0.0
2.36,0,0.0,0.0,0.0
2.36,0,0.0,0.0,0.0
2.36,0,0.0,0.0,0.0
2.36,0,0.0,0.0,0.0
2.36,0,0.0,0.0,0.0
2.36,0,0.0,0.0,0.0
2.36,0,0.0,0.0,0.0
2.36,0,0.15,0.0,0.0
2.36,0,1.06,0.0,0.0
4.77,0,1.05,0.0,0.0
7.16,0,0.0,0.0,0.0
10.74,0,0.2,0.0,0.0
10.74,0,2.86,0.0,0.0
10.74,0,7.11,0.0,0.0
10.74,0,10.41,0.0,0.0
10.74,0,13.11,0.0,0.0
10.74,0,13.01,0.0,0.0
10.74,0,10.78,0.0,0.0
10.74,0,6.06,0.0,0.0
10.74,0,3.1,0.0,0.0
10.74,0,0.0,0.0,0.0
8.35,0,0.0,0.0,0.0
8.35,0,0.0,0.0,0.0
2.36,0,0.0,0.0,0.0
2.36,0,0.0,0.0,0.0
2.36,0,0.0,0.0,0.0
1.77,0,0.0,0.0,0.0
1.77,0,0.0,0.0,0.0
1.77,0,0.0,0.0,0.0
1.77,0,0.0,0.0,0.0
1.77,0,0.0,0.0,0.0
1.77,0,0.0,0.0,0.0
1.77,0,0.89,0.0,0.0
3.58,0,2.18,0.0,0.0
5.97,0,2.06,0.0,0.0
9.55,0,2.43,0.0,0.0
10.74,0,2.46,0.0,0.0
10.74,0,4.78,0.0,0.0
10.74,0,5.46,0.0,0.0
10.74,0,7.82,0.0,0.0
10.74,0,8.3,0.0,0.0
10.74,0,6.45,0.0,0.0
10.74,0,2.47,0.0,0.0
10.74,0,0.28,0.0,0.0
8.35,0,0.0,0.0,0.0
5.97,0,0.0,0.0,0.0
5.97,0,0.0,0.0,0.0
3.58,0,0.0,0.0,0.0
1.77,0,0.0,0.0,0.0
1.77,0,0.0,0.0,0.0
1.77,0,0.0,0.0,0.0
1.77,0,0.0,0.0,0.0
1.77,0,0.0,0.0,0.0
1.77,0,0.0,0.0,0.0
1.77,0,0.0,0.0,0.0
1.77,0,0.0,0.0,0.0
1.77,0,0.0,0.0,0.0
1.77,0,0.0,0.0,0.0
1.77,0,0.48,0.0,0.0
3.58,0,0.76,0.0,0.0
7.16,0,1.99,0.0,0.0
7.16,0,3.89,0.0,0.0
9.55,0,19.14,0.0,0.0
9.55,0,28.57,0.0,0.0
9.55,0,26.81,0.0,0.0
9.55,0,19.34,0.0,0.0
9.55,0,6.97,0.0,0.0
7.16,0,4.48,0.0,0.0
4.77,0,0.0,0.0,0.0
1.77,0,0.0,0.0,0.0
1.77,0,0.0,0.0,0.0
1.77,0,0.0,0.0,0.0
1.77,0,0.0,0.0,0.0
1.77,0,0.0,0.0,0.0
2.36,0,0.0,0.0,0.0
2.36,0,0.0,0.0,0.0
2.36,0,0.0,0.0,0.0
2.36,0,0.0,0.0,0.0
2.36,0,0.0,0.0,0.0
2.36,0,0.0,0.0,0.0
2.36,0,1.83,0.0,0.0
4.77,0,4.33,0.0,0.0
7.16,0,11.71,0.0,0.0
10.74,0,36.9,0.0,0.0
10.74,0,54.93,0.0,0.0
10.74,0,69.41,0.0,0.0
10.74,0,76.88,0.0,0.0
10.74,0,83.71,0.0,0.0
10.74,0,85.35,0.0,0.0
10.74,0,86.29,0.0,0.0
10.74,0,79.76,0.0,0.0
10.74,0,70.78,0.0,0.0
10.74,0,64.31,0.0,0.0
8.35,0,51.86,0.0,0.0
8.35,0,49.92,0.0,0.0
2.36,0,0.86,0.0,0.0
2.36,0,0.79,0.0,0.0
2.36,0,0.75,0.0,0.0
2.36,0,0.0,0.0,0.0
2.36,0,0.0,0.0,0.0
2.36,0,0.0,0.0,0.0
2.36,0,0.0,0.0,0.0
2.36,0,0.0,0.0,0.0
2.36,0,0.0,0.0,0.0
2.36,0,3.22,0.0,0.0
4.77,0,13.6,0.0,0.0
7.16,0,34.34,0.0,0.0
10.74,0,67.33,0.0,0.0
10.74,0,79.11,0.0,0.0
10.74,0,96.07,0.0,0.0
10.74,0,109.74,0.0,0.0
10.74,0,113.96,0.0,0.0
10.74,0,113.98,0.0,0.0
10.74,0,111.75,0.0,0.0
10.74,0,100.15,0.0,0.0
10.74,0,87.85,0.0,0.0
10.74,0,79.95,0.0,0.0
8.35,0,67.45,0.0,0.0
8.35,0,66.99,0.0,0.0
2.36,0,4.55,0.0,0.0
2.36,0,4.11,0.0,0.0
2.36,0,1.78,0.0,0.0
2.36,0,2.53,0.0,0.0
2.36,0,0.92,0.0,0.0
2.36,0,0.11,0.0,0.0
2.36,0,0.0,0.0,0.0
2.36,0,0.0,0.0,0.0
2.36,0,0.0,0.0,0.0
2.36,0,1.6,0.0,0.0
4.77,0,0.38,0.0,0.0
7.16,0,3.11,0.0,0.0
10.74,0,3.81,0.0,0.0
10.74,0,3.77,0.0,0.0
10.74,0,3.66,0.0,0.0
10.74,0,0.05,0.0,0.0
10.74,0,0.38,0.0,0.0
10.74,0,0.36,0.0,0.0
10.74,0,0.37,0.0,0.0
10.74,0,0.38,0.0,0.0
10.74,0,0.39,0.0,0.0
10.74,0,0.0,0.0,0.0
8.35,0,3.06,0.0,0.0
8.35,0,3.96,0.0,0.0
2.36,0,0.0,0.0,0.0
2.36,0,0.0,0.0,0.0
2.36,0,0.0,0.0,0.0
2.36,0,0.0,0.0,0.0
2.36,0,0.0,0.0,0.0
2.36,0,0.0,0.0,0.0
2.36,0,0.0,0.0,0.0
2.36,0,0.0,0.0,0.0
2.36,0,0.32,0.0,0.0
2.36,0,1.08,0.0,0.0
4.77,0,0.0,0.0,0.0
7.16,0,1.04,0.0,0.0
10.74,0,0.82,0.0,0.0
10.74,0,6.17,0.0,0.0
10.74,0,11.65,0.0,0.0
10.74,0,19.46,0.0,0.0
10.74,0,33.37,0.0,0.0
10.74,0,37.55,0.0,0.0
10.74,0,32.41,0.0,0.0
10.74,0,14.18,0.0,0.0
10.74,0,1.81,0.0,0.0
10.74,0,0.33,0.0,0.0
8.35,0,0.36,0.0,0.0
8.35,0,0.0,0.0,0.0
2.36,0,0.0,0.0,0.0
2.36,0,0.0,0.0,0.0
2.36,0,0.0,0.0,0.0
2.36,0,0.0,0.0,0.0
2.36,0,0.0,0.0,0.0
2.36,0,0.0,0.0,0.0
2.36,0,0.0,0.0,0.0
2.36,0,0.0,0.0,0.0
2.36,0,0.0,0.0,0.0
2.36,0,1.13,0.0,0.0
4.77,0,1.1,0.0,0.0
7.16,0,0.0,0.0,0.0
10.74,0,2.46,0.0,0.0
10.74,0,10.41,0.0,0.0
10.74,0,19.76,0.0,0.0
10.74,0,22.78,0.0,0.0
10.74,0,27.78,0.0,0.0
10.74,0,32.31,0.0,0.0
10.74,0,30.87,0.0,0.0
10.74,0,11.28,0.0,0.0
10.74,0,2.12,0.0,0.0
10.74,0,0.34,0.0,0.0
8.35,0,0.36,0.0,0.0
8.35,0,0.0,0.0,0.0
2.36,0,0.0,0.0,0.0
2.36,0,0.0,0.0,0.0
2.36,0,0.0,0.0,0.0
1.77,0,0.0,0.0,0.0
1.77,0,0.0,0.0,0.0
1.77,0,0.0,0.0,0.0
1.77,0,0.0,0.0,0.0
1.77,0,0.0,0.0,0.0
1.77,0,0.0,0.0,0.0
1.77,0,1.16,0.0,0.0
3.58,0,0.54,0.0,0.0
5.97,0,0.31,0.0,0.0
9.55,0,0.73,0.0,0.0
10.74,0,3.46,0.0,0.0
10.74,0,3.53,0.0,0.0
10.74,0,0.0,0.0,0.0
10.74,0,0.0,0.0,0.0
10.74,0,0.0,0.0,0.0
10.74,0,0.0,0.0,0.0
10.74,0,0.0,0.0,0.0
10.74,0,0.0,0.0,0.0
8.35,0,0.0,0.0,0.0
5.97,0,0.0,0.0,0.0
5.97,0,0.0,0.0,0.0
3.58,0,5.31,0.0,0.0
1.77,0,0.0,0.0,0.0
1.77,0,0.0,0.0,0.0
1.77,0,0.0,0.0,0.0
1.77,0,0.0,0.0,0.0
1.77,0,0.0,0.0,0.0
1.77,0,0.0,0.0,0.0
1.77,0,0.0,0.0,0.0
1.77,0,0.0,0.0,0.0
1.77,0,0.0,0.0,0.0
1.77,0,0.32,0.0,0.0
1.77,0,0.0,0.0,0.0
3.58,0,0.0,0.0,0.0
7.16,0,0.29,0.0,0.0
7.16,0,0.28,0.0,0.0
9.55,0,0.17,0.0,0.0
9.55,0,0.33,0.0,0.0
9.55,0,0.33,0.0,0.0
9.55,0,0.33,0.0,0.0
9.55,0,0.33,0.0,0.0
7.16,0,0.16,0.0,0.0
4.77,0,0.0,0.0,0.0
1.77,0,0.0,0.0,0.0
1.77,0,0.0,0.0,0.0
1.77,0,0.0,0.0,0.0
1.77,0,0.0,0.0,0.0
1.77,0,0.0,0.0,0.0
2.36,0,0.0,0.0,0.0
2.36,0,0.0,0.0,0.0
2.36,0,0.0,0.0,0.0
2.36,0,0.0,0.0,0.0
2.36,0,0.0,0.0,0.0
2.36,0,0.28,0.0,0.0
2.36,0,0.59,0.0,0.0
4.77,0,0.0,0.0,0.0
7.16,0,0.1,0.0,0.0
10.74,0,0.0,0.0,0.0
10.74,0,0.17,0.0,0.0
10.74,0,2.76,0.0,0.0
10.74,0,2.43,0.0,0.0
10.74,0,2.43,0.0,0.0
10.74,0,2.43,0.0,0.0
10.74,0,2.43,0.0,0.0
10.74,0,2.43,0.0,0.0
10.74,0,0.0,0.0,0.0
10.74,0,3.05,0.0,0.0
8.35,0,0.0,0.0,0.0
8.35,0,0.0,0.0,0.0
2.36,0,0.0,0.0,0.0
2.36,0,0.0,0.0,0.0
2.36,0,0.0,0.0,0.0
2.36,0,0.0,0.0,0.0
2.36,0,0.0,0.0,0.0
2.36,0,0.0,0.0,0.0
2.36,0,0.0,0.0,0.0
2.36,0,0.0,0.0,0.0
2.36,0,0.3,0.0,0.0
2.36,0,0.65,0.0,0.0
4.77,0,0.57,0.0,0.0
7.16,0,0.12,0.0,0.0
10.74,0,0.84,0.0,0.0
10.74,0,0.79,0.0,0.0
10.74,0,4.17,0.0,0.0
10.74,0,5.76,0.0,0.0
10.74,0,7.45,0.0,0.0
10.74,0,6.18,0.0,0.0
10.74,0,3.14,0.0,0.0
10.74,0,0.26,0.0,0.0
10.74,0,0.34,0.0,0.0
10.74,0,0.0,0.0,0.0
8.35,0,2.53,0.0,0.0
8.35,0,0.0,0.0,0.0
2.36,0,0.0,0.0,0.0
2.36,0,0.0,0.0,0.0
2.36,0,0.0,0.0,0.0
2.36,0,0.0,0.0,0.0
2.36,0,0.0,0.0,0.0
2.36,0,0.0,0.0,0.0
2.36,0,0.0,0.0,0.0
2.36,0,0.0,0.0,0.0
2.36,0,0.27,0.0,0.0
2.36,0,0.86,0.0,0.0
4.77,0,0.0,0.0,0.0
7.16,0,0.45,0.0,0.0
10.74,0,1.84,0.0,0.0
10.74,0,7.1,0.0,0.0
10.74,0,23.26,0.0,0.0
10.74,0,44.38,0.0,0.0
10.74,0,52.11,0.0,0.0
10.74,0,57.83,0.0,0.0
10.74,0,46.97,0.0,0.0
10.74,0,17.45,0.0,0.0
10.74,0,9.44,0.0,0.0
10.74,0,0.58,0.0,0.0
8.35,0,0.49,0.0,0.0
8.35,0,0.0,0.0,0.0
2.36,0,0.0,0.0,0.0
2.36,0,0.0,0.0,0.0
2.36,0,0.0,0.0,0.0
2.36,0,0.0,0.0,0.0
2.36,0,0.0,0.0,0.0
2.36,0,0.0,0.0,0.0
2.36,0,0.0,0.0,0.0
2.36,0,0.0,0.0,0.0
2.36,0,0.0,0.0,0.0
2.36,0,1.51,0.0,0.0
4.77,0,3.64,0.0,0.0
7.16,0,0.0,0.0,0.0
10.74,0,0.9,0.0,0.0
10.74,0,8.55,0.0,0.0
10.74,0,16.11,0.0,0.0
10.74,0,40.43,0.0,0.0
10.74,0,60.09,0.0,0.0
10.74,0,65.51,0.0,0.0
10.74,0,64.62,0.0,0.0
10.74,0,47.66,0.0,0.0
10.74,0,12.08,0.0,0.0
10.74,0,3.62,0.0,0.0
8.35,0,0.48,0.0,0.0
8.35,0,0.0,0.0,0.0
2.36,0,0.17,0.0,0.0
2.36,0,0.0,0.0,0.0
2.36,0,0.0,0.0,0.0
1.77,0,0.0,0.0,0.0
1.77,0,0.0,0.0,0.0
1.77,0,0.0,0.0,0.0
1.77,0,0.0,0.0,0.0
1.77,0,0.0,0.0,0.0
1.77,0,0.0,0.0,0.0
1.77,0,0.0,0.0,0.0
1.77,0,0.0,0.0,0.0
1.77,0,0.17,0.0,0.0
3.58,0,7.13,0.0,0.0
7.16,0,21.04,0.0,0.0
7.16,0,34.88,0.0,0.0
9.55,0,54.51,0.0,0.0
9.55,0,55.62,0.0,0.0
9.55,0,53.74,0.0,0.0
9.55,0,51.16,0.0,0.0
9.55,0,45.03,0.0,0.0
7.16,0,22.79,0.0,0.0
4.77,0,8.53,0.0,0.0
1.77,0,0.68,0.0,0.0
1.77,0,0.0,0.0,0.0
1.77,0,0.0,0.0,0.0
1.77,0,0.0,0.0,0.0
1.77,0,0.0,0.0,0.0
1.77,0,0.0,0.0,0.0
1.77,0,0.0,0.0,0.0
1.77,0,0.0,0.0,0.0
1.77,0,0.0,0.0,0.0
1.77,0,0.0,0.0,0.0
1.77,0,0.0,0.0,0.0
1.77,0,1.55,0.0,0.0
3.58,0,0.06,0.0,0.0
5.97,0,8.21,0.0,0.0
9.55,0,38.55,0.0,0.0
10.74,0,65.14,0.0,0.0
10.74,0,82.59,0.0,0.0
10.74,0,89.21,0.0,0.0
10.74,0,91.15,0.0,0.0
10.74,0,89.17,0.0,0.0
10.74,0,86.84,0.0,0.0
10.74,0,78.24,0.0,0.0
10.74,0,62.63,0.0,0.0
8.35,0,39.56,0.0,0.0
5.97,0,30.77,0.0,0.0
5.97,0,25.62,0.0,0.0
3.58,0,12.58,0.0,0.0
1.77,0,0.8,0.0,0.0
1.77,0,0.72,0.0,0.0
1.77,0,0.0,0.0,0.0
1.77,0,0.0,0.0,0.0
1.77,0,0.0,0.0,0.0
1.77,0,0.0,0.0,0.0
1.77,0,0.0,0.0,0.0
1.77,0,0.0,0.0,0.0
1.77,0,0.0,0.0,0.0
1.77,0,0.0,0.0,0.0
1.77,0,2.07,0.0,0.0
3.58,0,10.68,0.0,0.0
7.16,0,24.06,0.0,0.0
7.16,0,42.96,0.0,0.0
9.55,0,60.66,0.0,0.0
9.55,0,61.34,0.0,0.0
9.55,0,58.82,0.0,0.0
9.55,0,49.77,0.0,0.0
9.55,0,39.86,0.0,0.0
7.16,0,24.21,0.0,0.0
4.77,0,12.19,0.0,0.0
1.77,0,0.69,0.0,0.0
1.77,0,0.59,0.0,0.0
1.77,0,0.0,0.0,0.0
1.77,0,0.0,0.0,0.0
1.77,0,0.0,0.0,0.0
2.36,0,0.0,0.0,0.0
2.36,0,0.0,0.0,0.0
2.36,0,0.0,0.0,0.0
2.36,0,0.0,0.0,0.0
2.36,0,0.0,0.0,0.0
2.36,0,0.0,0.0,0.0
2.36,0,1.38,0.0,0.0
4.77,0,0.02,0.0,0.0
7.16,0,7.29,0.0,0.0
10.74,0,43.29,0.0,0.0
10.74,0,59.9,0.0,0.0
10.74,0,71.87,0.0,0.0
10.74,0,70.97,0.0,0.0
10.74,0,71.08,0.0,0.0
10.74,0,67.72,0.0,0.0
10.74,0,71.01,0.0,0.0
10.74,0,67.48,0.0,0.0
10.74,0,55.09,0.0,0.0
10.74,0,43.91,0.0,0.0
8.35,0,26.38,0.0,0.0
8.35,0,24.04,0.0,0.0
2.36,0,0.77,0.0,0.0
2.36,0,0.72,0.0,0.0
2.36,0,0.64,0.0,0.0
2.36,0,0.0,0.0,0.0
2.36,0,0.0,0.0,0.0
2.36,0,0.0,0.0,0.0
2.36,0,0.0,0.0,0.0
2.36,0,0.0,0.0,0.0
2.36,0,0.0,0.0,0.0
2.36,0,1.45,0.0,0.0
4.77,0,0.74,0.0,0.0
7.16,0,3.59,0.0,0.0
10.74,0,41.21,0.0,0.0
10.74,0,52.55,0.0,0.0
10.74,0,61.48,0.0,0.0
10.74,0,66.81,0.0,0.0
10.74,0,69.74,0.0,0.0
10.74,0,71.18,0.0,0.0
10.74,0,70.11,0.0,0.0
10.74,0,59.65,0.0,0.0
10.74,0,33.37,0.0,0.0
10.74,0,4.52,0.0,0.0
8.35,0,3.21,0.0,0.0
8.35,0,2.96,0.0,0.0
2.36,0,0.0,0.0,0.0
2.36,0,0.0,0.0,0.0
2.36,0,0.0,0.0,0.0
2.36,0,0.0,0.0,0.0
2.36,0,0.0,0.0,0.0
2.36,0,0.0,0.0,0.0
2.36,0,0.0,0.0,0.0
2.36,0,0.0,0.0,0.0
2.36,0,0.0,0.0,0.0
2.36,0,1.66,0.0,0.0
4.77,0,0.5,0.0,0.0
7.16,0,4.19,0.0,0.0
10.74,0,2.39,0.0,0.0
10.74,0,3.27,0.0,0.0
10.74,0,3.16,0.0,0.0
10.74,0,0.0,0.0,0.0
10.74,0,0.0,0.0,0.0
10.74,0,0.0,0.0,0.0
10.74,0,0.0,0.0,0.0
10.74,0,0.0,0.0,0.0
10.74,0,0.0,0.0,0.0
10.74,0,0.0,0.0,0.0
8.35,0,0.0,0.0,0.0
8.35,0,0.0,0.0,0.0
2.36,0,0.0,0.0,0.0
2.36,0,0.0,0.0,0.0
2.36,0,0.0,0.0,0.0
2.36,0,0.0,0.0,0.0
2.36,0,0.0,0.0,0.0
2.36,0,0.0,0.0,0.0
2.36,0,0.0,0.0,0.0
2.36,0,0.0,0.0,0.0
2.36,0,0.35,0.0,0.0
2.36,0,0.0,0.0,0.0
4.77,0,0.0,0.0,0.0
7.16,0,0.0,0.0,0.0
10.74,0,0.36,0.0,0.0
10.74,0,0.61,0.0,0.0
10.74,0,1.49,0.0,0.0
10.74,0,0.0,0.0,0.0
10.74,0,0.0,0.0,0.0
10.74,0,0.0,0.0,0.0
10.74,0,0.0,0.0,0.0
10.74,0,0.0,0.0,0.0
10.74,0,0.0,0.0,0.0
10.74,0,0.0,0.0,0.0
8.35,0,2.77,0.0,0.0
8.35,0,0.0,0.0,0.0
2.36,0,0.0,0.0,0.0
2.36,0,0.0,0.0,0.0
2.36,0,0.0,0.0,0.0
2.36,0,0.0,0.0,0.0
2.36,0,0.0,0.0,0.0
2.36,0,0.0,0.0,0.0
2.36,0,0.0,0.0,0.0
2.36,0,0.0,0.0,0.0
2.36,0,0.29,0.0,0.0
2.36,0,0.62,0.0,0.0
4.77,0,0.0,0.0,0.0
7.16,0,0.19,0.0,0.0
10.74,0,0.0,0.0,0.0
10.74,0,1.23,0.0,0.0
10.74,0,3.01,0.0,0.0
10.74,0,0.0,0.0,0.0
10.74,0,0.33,0.0,0.0
10.74,0,0.3,0.0,0.0
10.74,0,0.3,0.0,0.0
10.74,0,0.3,0.0,0.0
10.74,0,0.3,0.0,0.0
10.74,0,0.0,0.0,0.0
8.35,0,0.0,0.0,0.0
8.35,0,0.0,0.0,0.0
2.36,0,0.0,0.0,0.0
2.36,0,0.0,0.0,0.0
2.36,0,0.0,0.0,0.0
1.77,0,0.0,0.0,0.0
1.77,0,0.0,0.0,0.0
1.77,0,0.0,0.0,0.0
1.77,0,0.0,0.0,0.0
1.77,0,0.0,0.0,0.0
1.77,0,0.29,0.0,0.0
1.77,0,0.67,0.0,0.0
3.58,0,0.25,0.0,0.0
5.97,0,0.0,0.0,0.0
9.55,0,1.32,0.0,0.0
10.74,0,2.26,0.0,0.0
10.74,0,4.26,0.0,0.0
10.74,0,4.8,0.0,0.0
10.74,0,7.58,0.0,0.0
10.74,0,8.91,0.0,0.0
10.74,0,7.5,0.0,0.0
10.74,0,1.46,0.0,0.0
10.74,0,0.0,0.0,0.0
8.35,0,0.0,0.0,0.0
5.97,0,0.0,0.0,0.0
5.97,0,0.0,0.0,0.0
3.58,0,0.0,0.0,0.0
1.77,0,0.0,0.0,0.0
1.77,0,0.0,0.0,0.0
1.77,0,0.0,0.0,0.0
1.77,0,0.0,0.0,0.0
1.77,0,0.0,0.0,0.0
1.77,0,0.0,0.0,0.0
1.77,0,0.0,0.0,0.0
1.77,0,0.0,0.0,0.0
1.77,0,0.0,0.0,0.0
1.77,0,0.38,0.0,0.0
1.77,0,0.0,0.0,0.0
3.58,0,1.36,0.0,0.0
7.16,0,4.46,0.0,0.0
7.16,0,8.5,0.0,0.0
9.55,0,14.29,0.0,0.0
9.55,0,16.35,0.0,0.0
9.55,0,16.57,0.0,0.0
9.55,0,13.42,0.0,0.0
9.55,0,5.49,0.0,0.0
7.16,0,3.04,0.0,0.0
4.77,0,0.0,0.0,0.0
1.77,0,0.0,0.0,0.0
1.77,0,0.0,0.0,0.0
1.77,0,0.0,0.0,0.0
1.77,0,0.0,0.0,0.0
1.77,0,0.0,0.0,0.0
2.36,0,0.0,0.0,0.0
2.36,0,0.0,0.0,0.0
2.36,0,0.0,0.0,0.0
2.36,0,0.0,0.0,0.0
2.36,0,0.0,0.0,0.0
2.36,0,0.14,0.0,0.0
2.36,0,1.16,0.0,0.0
4.77,0,0.0,0.0,0.0
7.16,0,0.0,0.0,0.0
10.74,0,4.13,0.0,0.0
10.74,0,9.57,0.0,0.0
10.74,0,15.85,0.0,0.0
10.74,0,14.54,0.0,0.0
10.74,0,14.57,0.0,0.0
10.74,0,16.78,0.0,0.0
10.74,0,15.25,0.0,0.0
10.74,0,5.14,0.0,0.0
10.74,0,0.02,0.0,0.0
10.74,0,0.0,0.0,0.0
8.35,0,2.62,0.0,0.0
8.35,0,0.0,0.0,0.0
2.36,0,0.0,0.0,0.0
2.36,0,0.0,0.0,0.0
2.36,0,0.0,0.0,0.0
2.36,0,0.0,0.0,0.0
2.36,0,0.0,0.0,0.0
2.36,0,0.0,0.0,0.0
2.36,0,0.0,0.0,0.0
2.36,0,0.0,0.0,0.0
2.36,0,0.12,0.0,0.0
2.36,0,1.02,0.0,0.0
4.77,0,0.0,0.0,0.0
7.16,0,0.28,0.0,0.0
10.74,0,1.99,0.0,0.0
10.74,0,10.29,0.0,0.0
10.74,0,16.36,0.0,0.0
10.74,0,19.14,0.0,0.0
10.74,0,20.63,0.0,0.0
10.74,0,19.58,0.0,0.0
10.74,0,14.23,0.0,0.0
10.74,0,4.22,0.0,0.0
10.74,0,0.25,0.0,0.0
10.74,0,0.0,0.0,0.0
8.35,0,0.0,0.0,0.0
8.35,0,0.0,0.0,0.0
2.36,0,0.0,0.0,0.0
2.36,0,0.0,0.0,0.0
2.36,0,0.0,0.0,0.0
2.36,0,0.0,0.0,0.0
2.36,0,0.0,0.0,0.0
2.36,0,0.0,0.0,0.0
2.36,0,0.0,0.0,0.0
2.36,0,0.0,0.0,0.0
2.36,0,0.0,0.0,0.0
2.36,0,1.15,0.0,0.0
4.77,0,0.35,0.0,0.0
7.16,0,1.08,0.0,0.0
10.74,0,0.56,0.0,0.0
10.74,0,6.61,0.0,0.0
10.74,0,22.84,0.0,0.0
10.74,0,41.86,0.0,0.0
10.74,0,54.67,0.0,0.0
10.74,0,56.36,0.0,0.0
10.74,0,45.13,0.0,0.0
10.74,0,16.3,0.0,0.0
10.74,0,6.93,0.0,0.0
10.74,0,0.55,0.0,0.0
8.35,0,0.4,0.0,0.0
8.35,0,0.0,0.0,0.0
2.36,0,0.0,0.0,0.0
2.36,0,0.0,0.0,0.0
2.36,0,0.0,0.0,0.0
2.36,0,0.0,0.0,0.0
2.36,0,0.0,0.0,0.0
2.36,0,0.0,0.0,0.0
2.36,0,0.0,0.0,0.0
2.36,0,0.0,0.0,0.0
2.36,0,0.0,0.0,0.0
2.36,0,1.29,0.0,0.0
4.77,0,0.75,0.0,0.0
7.16,0,1.83,0.0,0.0
10.74,0,16.1,0.0,0.0
10.74,0,39.14,0.0,0.0
10.74,0,58.35,0.0,0.0
10.74,0,64.96,0.0,0.0
10.74,0,69.08,0.0,0.0
10.74,0,67.83,0.0,0.0
10.74,0,68.59,0.0,0.0
10.74,0,62.54,0.0,0.0
10.74,0,50.11,0.0,0.0
10.74,0,41.29,0.0,0.0
8.35,0,26.34,0.0,0.0
8.35,0,21.07,0.0,0.0
2.36,0,0.73,0.0,0.0
2.36,0,0.0,0.0,0.0
2.36,0,0.0,0.0,0.0
2.36,0,0.0,0.0,0.0
2.36,0,0.0,0.0,0.0
2.36,0,0.0,0.0,0.0
2.36,0,0.0,0.0,0.0
2.36,0,0.0,0.0,0.0
2.36,0,0.0,0.0,0.0
2.36,0,1.52,0.0,0.0
4.77,0,0.0,0.0,0.0
7.16,0,8.56,0.0,0.0
10.74,0,47.16,0.0,0.0
10.74,0,61.24,0.0,0.0
10.74,0,76.98,0.0,0.0
10.74,0,81.89,0.0,0.0
10.74,0,83.06,0.0,0.0
10.74,0,82.18,0.0,0.0
10.74,0,78.62,0.0,0.0
10.74,0,66.24,0.0,0.0
10.74,0,51.05,0.0,0.0
10.74,0,40.81,0.0,0.0
8.35,0,29.31,0.0,0.0
8.35,0,25.8,0.0,0.0
2.36,0,0.79,0.0,0.0
2.36,0,0.74,0.0,0.0
2.36,0,0.63,0.0,0.0
1.77,0,0.0,0.0,0.0
1.77,0,0.0,0.0,0.0
1.77,0,0.0,0.0,0.0
1.77,0,0.0,0.0,0.0
1.77,0,0.0,0.0,0.0
1.77,0,0.0,0.0,0.0
1.77,0,1.89,0.0,0.0
3.58,0,6.76,0.0,0.0
5.97,0,12.22,0.0,0.0
9.55,0,41.53,0.0,0.0
10.74,0,61.62,0.0,0.0
10.74,0,79.64,0.0,0.0
10.74,0,84.36,0.0,0.0
10.74,0,85.87,0.0,0.0
10.74,0,83.86,0.0,0.0
10.74,0,77.82,0.0,0.0
10.74,0,71.02,0.0,0.0
10.74,0,59.23,0.0,0.0
8.35,0,34.18,0.0,0.0
5.97,0,19.9,0.0,0.0
5.97,0,15.97,0.0,0.0
3.58,0,7.62,0.0,0.0
1.77,0,0.65,0.0,0.0
1.77,0,0.0,0.0,0.0
1.77,0,0.0,0.0,0.0
1.77,0,0.0,0.0,0.0
1.77,0,0.0,0.0,0.0
1.77,0,0.0,0.0,0.0
1.77,0,0.0,0.0,0.0
1.77,0,0.0,0.0,0.0
1.77,0,0.0,0.0,0.0
1.77,0,0.0,0.0,0.0
1.77,0,5.56,0.0,0.0
3.58,0,19.96,0.0,0.0
7.16,0,37.41,0.0,0.0
7.16,0,49.28,0.0,0.0
9.55,0,67.89,0.0,0.0
9.55,0,70.59,0.0,0.0
9.55,0,70.45,0.0,0.0
9.55,0,66.26,0.0,0.0
9.55,0,58.08,0.0,0.0
7.16,0,40.61,0.0,0.0
4.77,0,27.62,0.0,0.0
1.77,0,0.9,0.0,0.0
1.77,0,0.78,0.0,0.0
1.77,0,0.0,0.0,0.0
1.77,0,0.0,0.0,0.0
1.77,0,0.0,0.0,0.0
2.36,0,0.0,0.0,0.0
2.36,0,0.0,0.0,0.0
2.36,0,0.0,0.0,0.0
2.36,0,0.0,0.0,0.0
2.36,0,0.0,0.0,0.0
2.36,0,0.0,0.0,0.0
2.36,0,1.53,0.0,0.0
4.77,0,0.0,0.0,0.0
7.16,0,0.0,0.0,0.0
10.74,0,0.06,0.0,0.0
10.74,0,4.91,0.0,0.0
10.74,0,13.89,0.0,0.0
10.74,0,16.44,0.0,0.0
10.74,0,24.79,0.0,0.0
10.74,0,24.74,0.0,0.0
10.74,0,18.12,0.0,0.0
10.74,0,8.29,0.0,0.0
10.74,0,1.01,0.0,0.0
10.74,0,0.0,0.0,0.0
8.35,0,0.0,0.0,0.0
8.35,0,0.0,0.0,0.0
2.36,0,0.0,0.0,0.0
2.36,0,0.0,0.0,0.0
2.36,0,0.0,0.0,0.0
2.36,0,0.0,0.0,0.0
2.36,0,0.0,0.0,0.0
2.36,0,0.0,0.0,0.0
2.36,0,0.0,0.0,0.0
2.36,0,0.0,0.0,0.0
2.36,0,0.15,0.0,0.0
2.36,0,0.91,0.0,0.0
4.77,0,0.0,0.0,0.0
7.16,0,0.2,0.0,0.0
10.74,0,1.84,0.0,0.0
10.74,0,10.79,0.0,0.0
10.74,0,17.86,0.0,0.0
10.74,0,24.1,0.0,0.0
10.74,0,33.49,0.0,0.0
10.74,0,30.68,0.0,0.0
10.74,0,22.91,0.0,0.0
10.74,0,12.67,0.0,0.0
10.74,0,6.59,0.0,0.0
10.74,0,0.4,0.0,0.0
8.35,0,0.4,0.0,0.0
8.35,0,0.0,0.0,0.0
2.36,0,0.0,0.0,0.0
2.36,0,0.0,0.0,0.0
2.36,0,0.0,0.0,0.0
2.36,0,0.0,0.0,0.0
2.36,0,0.0,0.0,0.0
2.36,0,0.0,0.0,0.0
2.36,0,0.0,0.0,0.0
2.36,0,0.0,0.0,0.0
2.36,0,0.0,0.0,0.0
2.36,0,1.67,0.0,0.0
4.77,0,7.2,0.0,0.0
7.16,0,12.4,0.0,0.0
10.74,0,35.37,0.0,0.0
10.74,0,56.07,0.0,0.0
10.74,0,75.76,0.0,0.0
10.74,0,83.0,0.0,0.0
10.74,0,85.06,0.0,0.0
10.74,0,75.82,0.0,0.0
10.74,0,74.23,0.0,0.0
10.74,0,66.38,0.0,0.0
10.74,0,52.58,0.0,0.0
10.74,0,42.43,0.0,0.0
8.35,0,29.27,0.0,0.0
8.35,0,27.32,0.0,0.0
2.36,0,0.0,0.0,0.0
2.36,0,0.0,0.0,0.0
2.36,0,0.0,0.0,0.0
2.36,0,0.0,0.0,0.0
2.36,0,0.0,0.0,0.0
2.36,0,0.0,0.0,0.0
2.36,0,0.0,0.0,0.0
2.36,0,0.0,0.0,0.0
2.36,0,0.0,0.0,0.0
2.36,0,1.6,0.0,0.0
4.77,0,3.64,0.0,0.0
7.16,0,4.15,0.0,0.0
10.74,0,0.0,0.0,0.0
10.74,0,0.0,0.0,0.0
10.74,0,0.0,0.0,0.0
10.74,0,0.3,0.0,0.0
10.74,0,0.49,0.0,0.0
10.74,0,0.32,0.0,0.0
10.74,0,0.49,0.0,0.0
10.74,0,0.31,0.0,0.0
10.74,0,0.31,0.0,0.0
10.74,0,0.0,0.0,0.0
8.35,0,2.63,0.0,0.0
8.35,0,1.44,0.0,0.0
2.36,0,0.0,0.0,0.0
2.36,0,0.0,0.0,0.0
2.36,0,0.0,0.0,0.0
2.36,0,0.0,0.0,0.0
2.36,0,0.0,0.0,0.0
2.36,0,0.0,0.0,0.0
2.36,0,0.0,0.0,0.0
2.36,0,0.0,0.0,0.0
2.36,0,0.29,0.0,0.0
2.36,0,0.0,0.0,0.0
4.77,0,0.0,0.0,0.0
7.16,0,0.0,0.0,0.0
10.74,0,1.72,0.0,0.0
10.74,0,2.54,0.0,0.0
10.74,0,2.51,0.0,0.0
10.74,0,0.22,0.0,0.0
10.74,0,0.68,0.0,0.0
10.74,0,1.24,0.0,0.0
10.74,0,0.63,0.0,0.0
10.74,0,0.19,0.0,0.0
10.74,0,0.0,0.0,0.0
10.74,0,0.0,0.0,0.0
8.35,0,0.0,0.0,0.0
8.35,0,1.31,0.0,0.0
2.36,0,0.0,0.0,0.0
2.36,0,0.0,0.0,0.0
2.36,0,0.0,0.0,0.0
1.77,0,0.0,0.0,0.0
1.77,0,0.0,0.0,0.0
1.77,0,0.0,0.0,0.0
1.77,0,0.0,0.0,0.0
1.77,0,0.0,0.0,0.0
1.77,0,0.34,0.0,0.0
1.77,0,0.0,0.0,0.0
3.58,0,0.0,0.0,0.0
5.97,0,0.19,0.0,0.0
9.55,0,0.0,0.0,0.0
10.74,0,1.96,0.0,0.0
10.74,0,2.76,0.0,0.0
10.74,0,0.12,0.0,0.0
10.74,0,0.28,0.0,0.0
10.74,0,0.28,0.0,0.0
10.74,0,0.28,0.0,0.0
10.74,0,0.28,0.0,0.0
10.74,0,0.28,0.0,0.0
8.35,0,2.86,0.0,0.0
5.97,0,0.0,0.0,0.0
5.97,0,0.0,0.0,0.0
3.58,0,0.0,0.0,0.0
1.77,0,0.0,0.0,0.0
1.77,0,0.0,0.0,0.0
1.77,0,0.0,0.0,0.0
1.77,0,0.0,0.0,0.0
1.77,0,0.0,0.0,0.0
1.77,0,0.0,0.0,0.0
1.77,0,0.0,0.0,0.0
1.77,0,0.0,0.0,0.0
1.77,0,0.0,0.0,0.0
1.77,0,0.31,0.0,0.0
1.77,0,0.27,0.0,0.0
3.58,0,0.77,0.0,0.0
7.16,0,1.0,0.0,0.0
7.16,0,1.82,0.0,0.0
9.55,0,1.55,0.0,0.0
9.55,0,6.36,0.0,0.0
9.55,0,8.5,0.0,0.0
9.55,0,5.58,0.0,0.0
9.55,0,3.55,0.0,0.0
7.16,0,4.23,0.0,0.0
4.77,0,1.89,0.0,0.0
1.77,0,0.0,0.0,0.0
1.77,0,0.0,0.0,0.0
1.77,0,0.0,0.0,0.0
1.77,0,0.0,0.0,0.0
1.77,0,0.0,0.0,0.0
2.36,0,0.0,0.0,0.0
2.36,0,0.0,0.0,0.0
2.36,0,0.0,0.0,0.0
2.36,0,0.0,0.0,0.0
2.36,0,0.0,0.0,0.0
2.36,0,0.0,0.0,0.0
2.36,0,1.68,0.0,0.0
4.77,0,3.84,0.0,0.0
7.16,0,5.19,0.0,0.0
10.74,0,12.71,0.0,0.0
10.74,0,26.84,0.0,0.0
10.74,0,39.61,0.0,0.0
10.74,0,41.0,0.0,0.0
10.74,0,38.59,0.0,0.0
10.74,0,38.75,0.0,0.0
10.74,0,39.05,0.0,0.0
10.74,0,20.61,0.0,0.0
10.74,0,10.13,0.0,0.0
10.74,0,4.58,0.0,0.0
8.35,0,7.05,0.0,0.0
8.35,0,0.0,0.0,0.0
2.36,0,0.0,0.0,0.0
2.36,0,0.0,0.0,0.0
2.36,0,0.0,0.0,0.0
2.36,0,0.0,0.0,0.0
2.36,0,0.0,0.0,0.0
2.36,0,0.0,0.0,0.0
2.36,0,0.0,0.0,0.0
2.36,0,0.0,0.0,0.0
2.36,0,0.0,0.0,0.0
2.36,0,2.12,0.0,0.0
4.77,0,5.82,0.0,0.0
7.16,0,5.94,0.0,0.0
10.74,0,6.86,0.0,0.0
10.74,0,8.44,0.0,0.0
10.74,0,19.78,0.0,0.0
10.74,0,17.41,0.0,0.0
10.74,0,11.44,0.0,0.0
10.74,0,7.98,0.0,0.0
10.74,0,7.18,0.0,0.0
10.74,0,6.78,0.0,0.0
10.74,0,5.92,0.0,0.0
10.74,0,4.99,0.0,0.0
8.35,0,5.08,0.0,0.0
8.35,0,0.0,0.0,0.0
2.36,0,0.0,0.0,0.0
2.36,0,0.0,0.0,0.0
2.36,0,0.0,0.0,0.0
2.36,0,0.0,0.0,0.0
2.36,0,0.0,0.0,0.0
2.36,0,0.0,0.0,0.0
2.36,0,0.0,0.0,0.0
2.36,0,0.0,0.0,0.0
2.36,0,0.0,0.0,0.0
2.36,0,2.18,0.0,0.0
4.77,0,9.36,0.0,0.0
7.16,0,12.15,0.0,0.0
10.74,0,46.64,0.0,0.0
10.74,0,62.29,0.0,0.0
10.74,0,74.74,0.0,0.0
10.74,0,82.67,0.0,0.0
10.74,0,92.98,0.0,0.0
10.74,0,99.8,0.0,0.0
10.74,0,97.35,0.0,0.0
10.74,0,92.45,0.0,0.0
10.74,0,81.16,0.0,0.0
10.74,0,72.9,0.0,0.0
8.35,0,59.55,0.0,0.0
8.35,0,55.91,0.0,0.0
2.36,0,0.87,0.0,0.0
2.36,0,0.83,0.0,0.0
2.36,0,0.0,0.0,0.0
2.36,0,0.0,0.0,0.0
2.36,0,0.0,0.0,0.0
2.36,0,0.0,0.0,0.0
2.36,0,0.0,0.0,0.0
2.36,0,0.0,0.0,0.0
2.36,0,0.0,0.0,0.0
2.36,0,2.47,0.0,0.0
4.77,0,10.5,0.0,0.0
7.16,0,23.28,0.0,0.0
10.74,0,64.7,0.0,0.0
10.74,0,82.0,0.0,0.0
10.74,0,98.39,0.0,0.0
10.74,0,102.12,0.0,0.0
10.74,0,111.74,0.0,0.0
10.74,0,113.12,0.0,0.0
10.74,0,113.92,0.0,0.0
10.74,0,104.23,0.0,0.0
10.74,0,87.3,0.0,0.0
10.74,0,77.11,0.0,0.0
8.35,0,63.62,0.0,0.0
8.35,0,61.44,0.0,0.0
2.36,0,2.92,0.0,0.0
2.36,0,1.63,0.0,0.0
2.36,0,0.85,0.0,0.0
1.77,0,0.78,0.0,0.0
1.77,0,0.0,0.0,0.0
1.77,0,0.0,0.0,0.0
1.77,0,0.0,0.0,0.0
1.77,0,0.0,0.0,0.0
1.77,0,0.0,0.0,0.0
1.77,0,0.0,0.0,0.0
1.77,0,1.24,0.0,0.0
1.77,0,7.35,0.0,0.0
3.58,0,27.88,0.0,0.0
7.16,0,64.3,0.0,0.0
7.16,0,78.78,0.0,0.0
9.55,0,95.1,0.0,0.0
9.55,0,93.89,0.0,0.0
9.55,0,94.99,0.0,0.0
9.55,0,92.64,0.0,0.0
9.55,0,82.92,0.0,0.0
7.16,0,59.62,0.0,0.0
4.77,0,44.71,0.0,0.0
1.77,0,3.16,0.0,0.0
1.77,0,3.17,0.0,0.0
1.77,0,2.35,0.0,0.0
1.77,0,1.05,0.0,0.0
1.77,0,1.41,0.0,0.0
1.77,0,0.76,0.0,0.0
1.77,0,0.69,0.0,0.0
1.77,0,0.12,0.0,0.0
1.77,0,0.57,0.0,0.0
1.77,0,0.0,0.0,0.0
1.77,0,0.0,0.0,0.0
1.77,0,4.46,0.0,0.0
3.58,0,13.98,0.0,0.0
5.97,0,34.23,0.0,0.0
9.55,0,67.38,0.0,0.0
10.74,0,92.61,0.0,0.0
10.74,0,110.99,0.0,0.0
10.74,0,124.11,0.0,0.0
10.74,0,126.75,0.0,0.0
10.74,0,125.32,0.0,0.0
10.74,0,119.08,0.0,0.0
10.74,0,110.88,0.0,0.0
10.74,0,96.42,0.0,0.0
8.35,0,69.92,0.0,0.0
5.97,0,59.34,0.0,0.0
5.97,0,57.28,0.0,0.0
3.58,0,45.29,0.0,0.0
1.77,0,2.2,0.0,0.0
1.77,0,3.26,0.0,0.0
1.77,0,2.64,0.0,0.0
1.77,0,2.68,0.0,0.0
1.77,0,0.89,0.0,0.0
1.77,0,0.82,0.0,0.0
1.77,0,0.79,0.0,0.0
1.77,0,0.73,0.0,0.0
1.77,0,0.0,0.0,0.0
1.77,0,1.21,0.0,0.0
1.77,0,8.24,0.0,0.0
3.58,0,32.15,0.0,0.0
7.16,0,53.58,0.0,0.0
7.16,0,61.57,0.0,0.0
9.55,0,79.81,0.0,0.0
9.55,0,79.25,0.0,0.0
9.55,0,78.29,0.0,0.0
9.55,0,73.96,0.0,0.0
9.55,0,71.67,0.0,0.0
7.16,0,54.01,0.0,0.0
4.77,0,40.21,0.0,0.0
1.77,0,0.95,0.0,0.0
1.77,0,2.05,0.0,0.0
1.77,0,0.84,0.0,0.0
1.77,0,0.8,0.0,0.0
1.77,0,0.73,0.0,0.0
2.36,0,0.75,0.0,0.0
2.36,0,0.0,0.0,0.0
2.36,0,0.0,0.0,0.0
2.36,0,0.0,0.0,0.0
2.36,0,0.0,0.0,0.0
2.36,0,0.0,0.0,0.0
2.36,0,1.73,0.0,0.0
4.77,0,0.27,0.0,0.0
7.16,0,0.0,0.0,0.0
10.74,0,0.0,0.0,0.0
10.74,0,2.81,0.0,0.0
10.74,0,5.08,0.0,0.0
10.74,0,7.74,0.0,0.0
10.74,0,5.71,0.0,0.0
10.74,0,5.5,0.0,0.0
10.74,0,3.44,0.0,0.0
10.74,0,3.36,0.0,0.0
10.74,0,3.36,0.0,0.0
10.74,0,0.0,0.0,0.0
8.35,0,0.0,0.0,0.0
8.35,0,0.0,0.0,0.0
2.36,0,0.0,0.0,0.0
2.36,0,0.0,0.0,0.0
2.36,0,0.0,0.0,0.0
2.36,0,0.0,0.0,0.0
2.36,0,0.0,0.0,0.0
2.36,0,0.0,0.0,0.0
2.36,0,0.0,0.0,0.0
2.36,0,0.0,0.0,0.0
2.36,0,0.43,0.0,0.0
2.36,0,0.0,0.0,0.0
4.77,0,0.0,0.0,0.0
7.16,0,0.11,0.0,0.0
10.74,0,0.99,0.0,0.0
10.74,0,2.87,0.0,0.0
10.74,0,2.91,0.0,0.0
10.74,0,0.0,0.0,0.0
10.74,0,0.0,0.0,0.0
10.74,0,0.0,0.0,0.0
10.74,0,0.0,0.0,0.0
10.74,0,0.0,0.0,0.0
10.74,0,0.0,0.0,0.0
10.74,0,0.0,0.0,0.0
8.35,0,0.0,0.0,0.0
8.35,0,0.0,0.0,0.0
2.36,0,0.0,0.0,0.0
2.36,0,0.0,0.0,0.0
2.36,0,0.0,0.0,0.0
2.36,0,0.0,0.0,0.0
2.36,0,0.0,0.0,0.0
2.36,0,0.0,0.0,0.0
2.36,0,0.0,0.0,0.0
2.36,0,0.0,0.0,0.0
2.36,0,0.18,0.0,0.0
2.36,0,1.11,0.0,0.0
4.77,0,0.0,0.0,0.0
7.16,0,0.23,0.0,0.0
10.74,0,1.77,0.0,0.0
10.74,0,3.01,0.0,0.0
10.74,0,4.42,0.0,0.0
10.74,0,4.08,0.0,0.0
10.74,0,4.13,0.0,0.0
10.74,0,4.14,0.0,0.0
10.74,0,4.13,0.0,0.0
10.74,0,4.12,0.0,0.0
10.74,0,4.08,0.0,0.0
10.74,0,0.0,0.0,0.0
8.35,0,0.0,0.0,0.0
8.35,0,0.0,0.0,0.0
2.36,0,0.0,0.0,0.0
2.36,0,0.0,0.0,0.0
2.36,0,0.0,0.0,0.0
2.36,0,0.0,0.0,0.0
2.36,0,0.0,0.0,0.0
2.36,0,0.0,0.0,0.0
2.36,0,0.0,0.0,0.0
2.36,0,0.0,0.0,0.0
2.36,0,0.56,0.0,0.0
2.36,0,0.0,0.0,0.0
4.77,0,0.0,0.0,0.0
7.16,0,0.0,0.0,0.0
10.74,0,2.94,0.0,0.0
10.74,0,3.88,0.0,0.0
10.74,0,3.84,0.0,0.0
10.74,0,0.73,0.0,0.0
10.74,0,0.73,0.0,0.0
10.74,0,0.72,0.0,0.0
10.74,0,0.71,0.0,0.0
10.74,0,0.69,0.0,0.0
10.74,0,0.68,0.0,0.0
10.74,0,0.0,0.0,0.0
8.35,0,0.0,0.0,0.0
8.35,0,0.0,0.0,0.0
2.36,0,0.0,0.0,0.0
2.36,0,0.0,0.0,0.0
2.36,0,0.0,0.0,0.0
1.77,0,0.0,0.0,0.0
1.77,0,0.0,0.0,0.0
1.77,0,0.0,0.0,0.0
1.77,0,0.0,0.0,0.0
1.77,0,0.0,0.0,0.0
1.77,0,0.0,0.0,0.0
1.77,0,0.0,0.0,0.0
1.77,0,0.33,0.0,0.0
1.77,0,0.0,0.0,0.0
3.58,0,0.0,0.0,0.0
7.16,0,0.0,0.0,0.0
7.16,0,0.0,0.0,0.0
9.55,0,0.0,0.0,0.0
9.55,0,0.0,0.0,0.0
9.55,0,0.0,0.0,0.0
9.55,0,0.0,0.0,0.0
9.55,0,0.0,0.0,0.0
7.16,0,0.0,0.0,0.0
4.77,0,0.0,0.0,0.0
1.77,0,0.0,0.0,0.0
1.77,0,0.0,0.0,0.0
1.77,0,0.0,0.0,0.0
1.77,0,0.0,0.0,0.0
1.77,0,0.0,0.0,0.0
1.77,0,0.0,0.0,0.0
1.77,0,0.0,0.0,0.0
1.77,0,0.0,0.0,0.0
1.77,0,0.0,0.0,0.0
1.77,0,0.0,0.0,0.0
1.77,0,0.3,0.0,0.0
1.77,0,0.64,0.0,0.0
3.58,0,0.19,0.0,0.0
5.97,0,0.0,0.0,0.0
9.55,0,0.0,0.0,0.0
10.74,0,0.1,0.0,0.0
10.74,0,0.28,0.0,0.0
10.74,0,0.0,0.0,0.0
10.74,0,0.0,0.0,0.0
10.74,0,0.0,0.0,0.0
10.74,0,0.0,0.0,0.0
10.74,0,0.0,0.0,0.0
10.74,0,0.0,0.0,0.0
8.35,0,0.0,0.0,0.0
5.97,0,0.0,0.0,0.0
5.97,0,0.0,0.0,0.0
3.58,0,0.0,0.0,0.0
1.77,0,0.0,0.0,0.0
1.77,0,0.0,0.0,0.0
1.77,0,0.0,0.0,0.0
1.77,0,0.0,0.0,0.0
1.77,0,0.0,0.0,0.0
1.77,0,0.0,0.0,0.0
1.77,0,0.0,0.0,0.0
1.77,0,0.0,0.0,0.0
1.77,0,0.0,0.0,0.0
1.77,0,0.31,0.0,0.0
1.77,0,0.0,0.0,0.0
3.58,0,0.0,0.0,0.0
7.16,0,0.0,0.0,0.0
7.16,0,0.0,0.0,0.0
9.55,0,0.29,0.0,0.0
9.55,0,0.28,0.0,0.0
9.55,0,0.28,0.0,0.0
9.55,0,0.45,0.0,0.0
9.55,0,0.61,0.0,0.0
7.16,0,0.43,0.0,0.0
4.77,0,0.0,0.0,0.0
1.77,0,0.0,0.0,0.0
1.77,0,0.0,0.0,0.0
1.77,0,0.0,0.0,0.0
1.77,0,0.0,0.0,0.0
1.77,0,0.0,0.0,0.0
2.36,0,0.0,0.0,0.0
2.36,0,0.0,0.0,0.0
2.36,0,0.0,0.0,0.0
2.36,0,0.0,0.0,0.0
2.36,0,0.0,0.0,0.0
2.36,0,0.3,0.0,0.0
2.36,0,0.61,0.0,0.0
4.77,0,0.0,0.0,0.0
7.16,0,0.0,0.0,0.0
10.74,0,0.0,0.0,0.0
10.74,0,0.0,0.0,0.0
10.74,0,2.86,0.0,0.0
10.74,0,0.0,0.0,0.0
10.74,0,0.0,0.0,0.0
10.74,0,0.0,0.0,0.0
10.74,0,0.0,0.0,0.0
10.74,0,0.0,0.0,0.0
10.74,0,0.0,0.0,0.0
10.74,0,0.0,0.0,0.0
8.35,0,0.0,0.0,0.0
8.35,0,0.0,0.0,0.0
2.36,0,0.0,0.0,0.0
2.36,0,0.0,0.0,0.0
2.36,0,0.0,0.0,0.0
2.36,0,0.0,0.0,0.0
2.36,0,0.0,0.0,0.0
2.36,0,0.0,0.0,0.0
2.36,0,0.0,0.0,0.0
2.36,0,0.0,0.0,0.0
2.36,0,0.29,0.0,0.0
2.36,0,0.59,0.0,0.0
4.77,0,0.0,0.0,0.0
7.16,0,0.0,0.0,0.0
10.74,0,0.29,0.0,0.0
10.74,0,0.28,0.0,0.0
10.74,0,0.45,0.0,0.0
10.74,0,0.0,0.0,0.0
10.74,0,0.0,0.0,0.0
10.74,0,0.0,0.0,0.0
10.74,0,0.0,0.0,0.0
10.74,0,0.0,0.0,0.0
10.74,0,0.0,0.0,0.0
10.74,0,0.0,0.0,0.0
8.35,0,0.0,0.0,0.0
8.35,0,0.0,0.0,0.0
2.36,0,0.0,0.0,0.0
2.36,0,0.0,0.0,0.0
2.36,0,0.0,0.0,0.0
2.36,0,0.0,0.0,0.0
2.36,0,0.0,0.0,0.0
2.36,0,0.0,0.0,0.0
2.36,0,0.0,0.0,0.0
2.36,0,0.0,0.0,0.0
2.36,0,0.33,0.0,0.0
2.36,0,0.0,0.0,0.0
4.77,0,0.0,0.0,0.0
7.16,0,0.0,0.0,0.0
10.74,0,0.65,0.0,0.0
10.74,0,0.98,0.0,0.0
10.74,0,9.19,0.0,0.0
10.74,0,10.93,0.0,0.0
10.74,0,9.75,0.0,0.0
10.74,0,9.28,0.0,0.0
10.74,0,6.49,0.0,0.0
10.74,0,3.26,0.0,0.0
10.74,0,7.94,0.0,0.0
10.74,0,4.01,0.0,0.0
8.35,0,0.0,0.0,0.0
8.35,0,2.91,0.0,0.0
2.36,0,0.0,0.0,0.0
2.36,0,0.0,0.0,0.0
2.36,0,0.0,0.0,0.0
2.36,0,0.0,0.0,0.0
2.36,0,0.0,0.0,0.0
2.36,0,0.0,0.0,0.0
2.36,0,0.0,0.0,0.0
2.36,0,0.0,0.0,0.0
2.36,0,0.57,0.0,0.0
2.36,0,0.0,0.0,0.0
4.77,0,0.0,0.0,0.0
7.16,0,0.31,0.0,0.0
10.74,0,0.78,0.0,0.0
10.74,0,0.79,0.0,0.0
10.74,0,4.33,0.0,0.0
10.74,0,4.32,0.0,0.0
10.74,0,4.37,0.0,0.0
10.74,0,4.46,0.0,0.0
10.74,0,4.52,0.0,0.0
10.74,0,4.55,0.0,0.0
10.74,0,4.6,0.0,0.0
10.74,0,0.0,0.0,0.0
8.35,0,0.0,0.0,0.0
8.35,0,0.0,0.0,0.0
2.36,0,0.0,0.0,0.0
2.36,0,0.0,0.0,0.0
2.36,0,0.0,0.0,0.0
2.36,0,0.0,0.0,0.0
2.36,0,0.0,0.0,0.0
2.36,0,0.0,0.0,0.0
2.36,0,0.0,0.0,0.0
2.36,0,0.0,0.0,0.0
2.36,0,0.77,0.0,0.0
2.36,0,0.0,0.0,0.0
4.77,0,0.0,0.0,0.0
7.16,0,0.14,0.0,0.0
10.74,0,3.22,0.0,0.0
10.74,0,2.82,0.0,0.0
10.74,0,0.75,0.0,0.0
10.74,0,10.77,0.0,0.0
10.74,0,12.72,0.0,0.0
10.74,0,8.49,0.0,0.0
10.74,0,7.38,0.0,0.0
10.74,0,0.53,0.0,0.0
10.74,0,0.0,0.0,0.0
10.74,0,0.0,0.0,0.0
8.35,0,3.07,0.0,0.0
8.35,0,0.0,0.0,0.0
2.36,0,0.0,0.0,0.0
2.36,0,0.0,0.0,0.0
2.36,0,0.0,0.0,0.0
1.77,0,0.0,0.0,0.0
1.77,0,0.0,0.0,0.0
1.77,0,0.0,0.0,0.0
1.77,0,0.0,0.0,0.0
1.77,0,0.0,0.0,0.0
1.77,0,0.36,0.0,0.0
1.77,0,1.2,0.0,0.0
3.58,0,0.14,0.0,0.0
5.97,0,0.54,0.0,0.0
9.55,0,1.6,0.0,0.0
10.74,0,3.09,0.0,0.0
10.74,0,6.34,0.0,0.0
10.74,0,13.06,0.0,0.0
10.74,0,21.71,0.0,0.0
10.74,0,25.48,0.0,0.0
10.74,0,17.49,0.0,0.0
10.74,0,5.3,0.0,0.0
10.74,0,0.36,0.0,0.0
8.35,0,0.0,0.0,0.0
5.97,0,0.0,0.0,0.0
5.97,0,0.11,0.0,0.0
3.58,0,0.0,0.0,0.0
1.77,0,0.0,0.0,0.0
1.77,0,0.0,0.0,0.0
1.77,0,0.0,0.0,0.0
1.77,0,0.0,0.0,0.0
1.77,0,0.0,0.0,0.0
1.77,0,0.0,0.0,0.0
1.77,0,0.0,0.0,0.0
1.77,0,0.0,0.0,0.0
1.77,0,0.0,0.0,0.0
1.77,0,0.3,0.0,0.0
1.77,0,0.0,0.0,0.0
3.58,0,0.14,0.0,0.0
7.16,0,0.0,0.0,0.0
7.16,0,0.0,0.0,0.0
9.55,0,0.1,0.0,0.0
9.55,0,0.28,0.0,0.0
9.55,0,0.28,0.0,0.0
9.55,0,0.28,0.0,0.0
9.55,0,0.28,0.0,0.0
7.16,0,0.09,0.0,0.0
4.77,0,0.0,0.0,0.0
1.77,0,0.0,0.0,0.0
1.77,0,0.0,0.0,0.0
1.77,0,0.0,0.0,0.0
1.77,0,0.0,0.0,0.0
1.77,0,0.0,0.0,0.0
2.36,0,0.0,0.0,0.0
2.36,0,0.0,0.0,0.0
2.36,0,0.0,0.0,0.0
2.36,0,0.0,0.0,0.0
2.36,0,0.0,0.0,0.0
2.36,0,0.29,0.0,0.0
2.36,0,0.6,0.0,0.0
4.77,0,0.0,0.0,0.0
7.16,0,0.0,0.0,0.0
10.74,0,0.28,0.0,0.0
10.74,0,0.28,0.0,0.0
10.74,0,0.28,0.0,0.0
10.74,0,0.17,0.0,0.0
10.74,0,0.33,0.0,0.0
10.74,0,4.59,0.0,0.0
10.74,0,2.53,0.0,0.0
10.74,0,5.9,0.0,0.0
10.74,0,0.0,0.0,0.0
10.74,0,0.0,0.0,0.0
8.35,0,0.0,0.0,0.0
8.35,0,0.0,0.0,0.0
2.36,0,0.0,0.0,0.0
2.36,0,0.0,0.0,0.0
2.36,0,0.0,0.0,0.0
2.36,0,0.0,0.0,0.0
2.36,0,0.0,0.0,0.0
2.36,0,0.0,0.0,0.0
2.36,0,0.0,0.0,0.0
2.36,0,0.0,0.0,0.0
2.36,0,0.29,0.0,0.0
2.36,0,0.59,0.0,0.0
4.77,0,0.46,0.0,0.0
7.16,0,0.0,0.0,0.0
10.74,0,0.6,0.0,0.0
10.74,0,0.17,0.0,0.0
10.74,0,0.33,0.0,0.0
10.74,0,0.04,0.0,0.0
10.74,0,0.82,0.0,0.0
10.74,0,1.13,0.0,0.0
10.74,0,0.37,0.0,0.0
10.74,0,0.28,0.0,0.0
10.74,0,0.0,0.0,0.0
10.74,0,0.0,0.0,0.0
8.35,0,0.0,0.0,0.0
8.35,0,0.92,0.0,0.0
2.36,0,0.0,0.0,0.0
2.36,0,0.0,0.0,0.0
2.36,0,0.0,0.0,0.0
2.36,0,0.0,0.0,0.0
2.36,0,0.0,0.0,0.0
2.36,0,0.0,0.0,0.0
2.36,0,0.0,0.0,0.0
2.36,0,0.0,0.0,0.0
2.36,0,0.29,0.0,0.0
2.36,0,0.64,0.0,0.0
4.77,0,0.34,0.0,0.0
7.16,0,0.19,0.0,0.0
10.74,0,0.08,0.0,0.0
10.74,0,0.0,0.0,0.0
10.74,0,1.27,0.0,0.0
10.74,0,4.04,0.0,0.0
10.74,0,5.13,0.0,0.0
10.74,0,4.59,0.0,0.0
10.74,0,2.97,0.0,0.0
10.74,0,0.3,0.0,0.0
10.74,0,0.3,0.0,0.0
10.74,0,0.0,0.0,0.0
8.35,0,0.0,0.0,0.0
8.35,0,0.0,0.0,0.0
2.36,0,0.0,0.0,0.0
2.36,0,0.0,0.0,0.0
2.36,0,0.0,0.0,0.0
2.36,0,0.0,0.0,0.0
2.36,0,0.0,0.0,0.0
2.36,0,0.0,0.0,0.0
2.36,0,0.0,0.0,0.0
2.36,0,0.0,0.0,0.0
2.36,0,0.48,0.0,0.0
2.36,0,0.0,0.0,0.0
4.77,0,0.0,0.0,0.0
7.16,0,0.3,0.0,0.0
10.74,0,0.96,0.0,0.0
10.74,0,0.85,0.0,0.0
10.74,0,6.23,0.0,0.0
10.74,0,3.33,0.0,0.0
10.74,0,3.47,0.0,0.0
10.74,0,3.54,0.0,0.0
10.74,0,3.61,0.0,0.0
10.74,0,3.67,0.0,0.0
10.74,0,4.08,0.0,0.0
10.74,0,3.33,0.0,0.0
8.35,0,7.47,0.0,0.0
8.35,0,0.0,0.0,0.0
2.36,0,0.0,0.0,0.0
2.36,0,0.0,0.0,0.0
2.36,0,0.0,0.0,0.0
2.36,0,0.0,0.0,0.0
2.36,0,0.0,0.0,0.0
2.36,0,0.0,0.0,0.0
2.36,0,0.0,0.0,0.0
2.36,0,0.0,0.0,0.0
2.36,0,0.67,0.0,0.0
2.36,0,1.27,0.0,0.0
4.77,0,0.0,0.0,0.0
7.16,0,0.0,0.0,0.0
10.74,0,0.0,0.0,0.0
10.74,0,2.53,0.0,0.0
10.74,0,13.24,0.0,0.0
10.74,0,31.96,0.0,0.0
10.74,0,48.38,0.0,0.0
10.74,0,47.0,0.0,0.0
10.74,0,39.18,0.0,0.0
10.74,0,16.94,0.0,0.0
10.74,0,2.49,0.0,0.0
10.74,0,0.27,0.0,0.0
8.35,0,2.84,0.0,0.0
8.35,0,2.55,0.0,0.0
2.36,0,0.0,0.0,0.0
2.36,0,0.0,0.0,0.0
2.36,0,0.0,0.0,0.0
1.77,0,0.0,0.0,0.0
1.77,0,0.0,0.0,0.0
1.77,0,0.0,0.0,0.0
1.77,0,0.0,0.0,0.0
1.77,0,0.0,0.0,0.0
1.77,0,0.32,0.0,0.0
1.77,0,0.78,0.0,0.0
3.58,0,0.0,0.0,0.0
5.97,0,0.0,0.0,0.0
9.55,0,2.0,0.0,0.0
10.74,0,3.03,0.0,0.0
10.74,0,7.0,0.0,0.0
10.74,0,10.67,0.0,0.0
10.74,0,10.02,0.0,0.0
10.74,0,7.26,0.0,0.0
10.74,0,3.62,0.0,0.0
10.74,0,3.14,0.0,0.0
10.74,0,3.21,0.0,0.0
8.35,0,0.0,0.0,0.0
5.97,0,0.0,0.0,0.0
5.97,0,0.0,0.0,0.0
3.58,0,2.35,0.0,0.0
1.77,0,0.0,0.0,0.0
1.77,0,0.0,0.0,0.0
1.77,0,0.0,0.0,0.0
1.77,0,0.0,0.0,0.0
1.77,0,0.0,0.0,0.0
1.77,0,0.0,0.0,0.0
1.77,0,0.0,0.0,0.0
1.77,0,0.0,0.0,0.0
1.77,0,0.0,0.0,0.0
1.77,0,0.3,0.0,0.0
1.77,0,0.0,0.0,0.0
3.58,0,0.1,0.0,0.0
7.16,0,0.28,0.0,0.0
7.16,0,0.28,0.0,0.0
9.55,0,0.0,0.0,0.0
9.55,0,0.33,0.0,0.0
9.55,0,1.96,0.0,0.0
9.55,0,2.76,0.0,0.0
9.55,0,5.22,0.0,0.0
7.16,0,0.0,0.0,0.0
4.77,0,0.0,0.0,0.0
1.77,0,0.0,0.0,0.0
1.77,0,0.0,0.0,0.0
1.77,0,0.0,0.0,0.0
1.77,0,0.0,0.0,0.0
1.77,0,0.0,0.0,0.0
2.36,0,0.0,0.0,0.0
2.36,0,0.0,0.0,0.0
2.36,0,0.0,0.0,0.0
2.36,0,0.0,0.0,0.0
2.36,0,0.0,0.0,0.0
2.36,0,0.31,0.0,0.0
2.36,0,0.6,0.0,0.0
4.77,0,0.0,0.0,0.0
7.16,0,0.1,0.0,0.0
10.74,0,0.0,0.0,0.0
10.74,0,0.17,0.0,0.0
10.74,0,2.85,0.0,0.0
10.74,0,0.0,0.0,0.0
10.74,0,0.0,0.0,0.0
10.74,0,0.0,0.0,0.0
10.74,0,0.0,0.0,0.0
10.74,0,0.0,0.0,0.0
10.74,0,0.0,0.0,0.0
10.74,0,0.0,0.0,0.0
8.35,0,0.0,0.0,0.0
8.35,0,0.0,0.0,0.0
2.36,0,0.0,0.0,0.0
2.36,0,0.0,0.0,0.0
2.36,0,0.0,0.0,0.0
2.36,0,0.0,0.0,0.0
2.36,0,0.0,0.0,0.0
2.36,0,0.0,0.0,0.0
2.36,0,0.0,0.0,0.0
2.36,0,0.0,0.0,0.0
2.36,0,0.29,0.0,0.0
2.36,0,0.6,0.0,0.0
4.77,0,0.42,0.0,0.0
7.16,0,0.19,0.0,0.0
10.74,0,0.75,0.0,0.0
10.74,0,1.44,0.0,0.0
10.74,0,1.08,0.0,0.0
10.74,0,0.42,0.0,0.0
10.74,0,0.22,0.0,0.0
10.74,0,0.32,0.0,0.0
10.74,0,0.33,0.0,0.0
10.74,0,4.83,0.0,0.0
10.74,0,4.51,0.0,0.0
10.74,0,0.08,0.0,0.0
8.35,0,0.0,0.0,0.0
8.35,0,0.63,0.0,0.0
2.36,0,0.0,0.0,0.0
2.36,0,0.0,0.0,0.0
2.36,0,0.0,0.0,0.0
2.36,0,0.0,0.0,0.0
2.36,0,0.0,0.0,0.0
2.36,0,0.0,0.0,0.0
2.36,0,0.0,0.0,0.0
2.36,0,0.0,0.0,0.0
2.36,0,0.53,0.0,0.0
2.36,0,0.0,0.0,0.0
4.77,0,0.11,0.0,0.0
7.16,0,0.45,0.0,0.0
10.74,0,0.95,0.0,0.0
10.74,0,7.07,0.0,0.0
10.74,0,8.65,0.0,0.0
10.74,0,1.48,0.0,0.0
10.74,0,0.45,0.0,0.0
10.74,0,0.98,0.0,0.0
10.74,0,0.92,0.0,0.0
10.74,0,0.43,0.0,0.0
10.74,0,0.43,0.0,0.0
10.74,0,0.0,0.0,0.0
8.35,0,0.0,0.0,0.0
8.35,0,0.0,0.0,0.0
2.36,0,0.0,0.0,0.0
2.36,0,0.0,0.0,0.0
2.36,0,0.0,0.0,0.0
2.36,0,0.0,0.0,0.0
2.36,0,0.0,0.0,0.0
2.36,0,0.0,0.0,0.0
2.36,0,0.0,0.0,0.0
2.36,0,0.0,0.0,0.0
2.36,0,0.0,0.0,0.0
2.36,0,1.36,0.0,0.0
4.77,0,0.29,0.0,0.0
7.16,0,0.31,0.0,0.0
10.74,0,0.13,0.0,0.0
10.74,0,6.7,0.0,0.0
10.74,0,20.9,0.0,0.0
10.74,0,32.82,0.0,0.0
10.74,0,36.0,0.0,0.0
10.74,0,33.65,0.0,0.0
10.74,0,30.17,0.0,0.0
10.74,0,16.62,0.0,0.0
10.74,0,6.33,0.0,0.0
10.74,0,0.02,0.0,0.0
8.35,0,0.0,0.0,0.0
8.35,0,0.0,0.0,0.0
2.36,0,0.0,0.0,0.0
2.36,0,0.0,0.0,0.0
2.36,0,0.0,0.0,0.0
2.36,0,0.0,0.0,0.0
2.36,0,0.0,0.0,0.0
2.36,0,0.0,0.0,0.0
2.36,0,0.0,0.0,0.0
2.36,0,0.0,0.0,0.0
2.36,0,0.32,0.0,0.0
2.36,0,0.91,0.0,0.0
4.77,0,0.0,0.0,0.0
7.16,0,0.0,0.0,0.0
10.74,0,0.19,0.0,0.0
10.74,0,0.28,0.0,0.0
10.74,0,0.62,0.0,0.0
10.74,0,0.0,0.0,0.0
10.74,0,0.0,0.0,0.0
10.74,0,0.0,0.0,0.0
10.74,0,0.0,0.0,0.0
10.74,0,0.0,0.0,0.0
10.74,0,0.0,0.0,0.0
10.74,0,0.0,0.0,0.0
8.35,0,0.0,0.0,0.0
8.35,0,0.0,0.0,0.0
2.36,0,0.0,0.0,0.0
2.36,0,0.0,0.0,0.0
2.36,0,0.0,0.0,0.0
1.77,0,0.0,0.0,0.0
1.77,0,0.0,0.0,0.0
1.77,0,0.0,0.0,0.0
1.77,0,0.0,0.0,0.0
1.77,0,0.0,0.0,0.0
1.77,0,0.3,0.0,0.0
1.77,0,0.6,0.0,0.0
3.58,0,0.0,0.0,0.0
5.97,0,0.0,0.0,0.0
9.55,0,0.1,0.0,0.0
10.74,0,0.28,0.0,0.0
10.74,0,0.28,0.0,0.0
10.74,0,0.33,0.0,0.0
10.74,0,1.98,0.0,0.0
10.74,0,2.81,0.0,0.0
10.74,0,2.82,0.0,0.0
10.74,0,2.82,0.0,0.0
10.74,0,1.16,0.0,0.0
8.35,0,0.0,0.0,0.0
5.97,0,0.0,0.0,0.0
5.97,0,0.0,0.0,0.0
3.58,0,0.0,0.0,0.0
1.77,0,0.0,0.0,0.0
1.77,0,0.0,0.0,0.0
1.77,0,0.0,0.0,0.0
1.77,0,0.0,0.0,0.0
1.77,0,0.0,0.0,0.0
1.77,0,0.0,0.0,0.0
1.77,0,0.0,0.0,0.0
1.77,0,0.0,0.0,0.0
1.77,0,0.0,0.0,0.0
1.77,0,0.31,0.0,0.0
1.77,0,0.0,0.0,0.0
3.58,0,0.17,0.0,0.0
7.16,0,0.0,0.0,0.0
7.16,0,0.0,0.0,0.0
9.55,0,0.0,0.0,0.0
9.55,0,0.0,0.0,0.0
9.55,0,0.0,0.0,0.0
9.55,0,0.0,0.0,0.0
9.55,0,0.0,0.0,0.0
7.16,0,0.0,0.0,0.0
4.77,0,0.0,0.0,0.0
1.77,0,0.0,0.0,0.0
1.77,0,0.0,0.0,0.0
1.77,0,0.0,0.0,0.0
1.77,0,0.0,0.0,0.0
1.77,0,0.0,0.0,0.0
2.36,0,0.0,0.0,0.0
2.36,0,0.0,0.0,0.0
2.36,0,0.0,0.0,0.0
2.36,0,0.0,0.0,0.0
2.36,0,0.0,0.0,0.0
2.36,0,0.32,0.0,0.0
2.36,0,0.63,0.0,0.0
4.77,0,0.31,0.0,0.0
7.16,0,0.34,0.0,0.0
10.74,0,2.06,0.0,0.0
10.74,0,3.09,0.0,0.0
10.74,0,4.02,0.0,0.0
10.74,0,5.31,0.0,0.0
10.74,0,11.99,0.0,0.0
10.74,0,12.41,0.0,0.0
10.74,0,10.07,0.0,0.0
10.74,0,6.89,0.0,0.0
10.74,0,3.61,0.0,0.0
10.74,0,0.0,0.0,0.0
8.35,0,0.0,0.0,0.0
8.35,0,0.0,0.0,0.0
2.36,0,0.0,0.0,0.0
2.36,0,0.0,0.0,0.0
2.36,0,0.0,0.0,0.0
2.36,0,0.0,0.0,0.0
2.36,0,0.0,0.0,0.0
2.36,0,0.0,0.0,0.0
2.36,0,0.0,0.0,0.0
2.36,0,0.0,0.0,0.0
2.36,0,0.0,0.0,0.0
2.36,0,1.32,0.0,0.0
4.77,0,0.78,0.0,0.0
7.16,0,0.56,0.0,0.0
10.74,0,2.63,0.0,0.0
10.74,0,5.07,0.0,0.0
10.74,0,6.39,0.0,0.0
10.74,0,7.21,0.0,0.0
10.74,0,5.97,0.0,0.0
10.74,0,4.87,0.0,0.0
10.74,0,0.0,0.0,0.0
10.74,0,0.0,0.0,0.0
10.74,0,3.61,0.0,0.0
10.74,0,0.0,0.0,0.0
8.35,0,3.26,0.0,0.0
8.35,0,0.0,0.0,0.0
2.36,0,0.0,0.0,0.0
2.36,0,0.0,0.0,0.0
2.36,0,0.0,0.0,0.0
2.36,0,0.0,0.0,0.0
2.36,0,0.0,0.0,0.0
2.36,0,0.0,0.0,0.0
2.36,0,0.0,0.0,0.0
2.36,0,0.0,0.0,0.0
2.36,0,0.36,0.0,0.0
2.36,0,0.82,0.0,0.0
4.77,0,0.0,0.0,0.0
7.16,0,0.0,0.0,0.0
10.74,0,0.0,0.0,0.0
10.74,0,0.0,0.0,0.0
10.74,0,0.49,0.0,0.0
10.74,0,0.65,0.0,0.0
10.74,0,1.53,0.0,0.0
10.74,0,3.29,0.0,0.0
10.74,0,3.29,0.0,0.0
10.74,0,3.29,0.0,0.0
10.74,0,3.3,0.0,0.0
10.74,0,0.0,0.0,0.0
8.35,0,0.0,0.0,0.0
8.35,0,0.0,0.0,0.0
2.36,0,0.0,0.0,0.0
2.36,0,0.0,0.0,0.0
2.36,0,0.0,0.0,0.0
2.36,0,0.0,0.0,0.0
2.36,0,0.0,0.0,0.0
2.36,0,0.0,0.0,0.0
2.36,0,0.0,0.0,0.0
2.36,0,0.0,0.0,0.0
2.36,0,0.3,0.0,0.0
2.36,0,0.62,0.0,0.0
4.77,0,0.0,0.0,0.0
7.16,0,0.0,0.0,0.0
10.74,0,0.19,0.0,0.0
10.74,0,0.28,0.0,0.0
10.74,0,0.0,0.0,0.0
10.74,0,0.0,0.0,0.0
10.74,0,0.0,0.0,0.0
10.74,0,0.03,0.0,0.0
10.74,0,0.28,0.0,0.0
10.74,0,0.28,0.0,0.0
10.74,0,0.0,0.0,0.0
10.74,0,0.0,0.0,0.0
8.35,0,0.0,0.0,0.0
8.35,0,0.0,0.0,0.0
2.36,0,0.0,0.0,0.0
2.36,0,0.0,0.0,0.0
2.36,0,0.0,0.0,0.0
2.36,0,0.0,0.0,0.0
2.36,0,0.0,0.0,0.0
2.36,0,0.0,0.0,0.0
2.36,0,0.0,0.0,0.0
2.36,0,0.0,0.0,0.0
2.36,0,0.3,0.0,0.0
2.36,0,0.6,0.0,0.0
4.77,0,0.42,0.0,0.0
7.16,0,0.1,0.0,0.0
10.74,0,0.59,0.0,0.0
10.74,0,1.03,0.0,0.0
10.74,0,6.2,0.0,0.0
10.74,0,11.62,0.0,0.0
10.74,0,15.42,0.0,0.0
10.74,0,19.6,0.0,0.0
10.74,0,18.84,0.0,0.0
10.74,0,8.78,0.0,0.0
10.74,0,0.88,0.0,0.0
10.74,0,0.0,0.0,0.0
8.35,0,2.0,0.0,0.0
8.35,0,2.33,0.0,0.0
2.36,0,0.0,0.0,0.0
2.36,0,0.0,0.0,0.0
2.36,0,0.0,0.0,0.0
1.77,0,0.0,0.0,0.0
1.77,0,0.0,0.0,0.0
1.77,0,0.0,0.0,0.0
1.77,0,0.0,0.0,0.0
1.77,0,0.0,0.0,0.0
1.77,0,0.46,0.0,0.0
1.77,0,0.69,0.0,0.0
3.58,0,0.0,0.0,0.0
5.97,0,0.57,0.0,0.0
9.55,0,0.49,0.0,0.0
10.74,0,0.61,0.0,0.0
10.74,0,4.89,0.0,0.0
10.74,0,9.58,0.0,0.0
10.74,0,9.72,0.0,0.0
10.74,0,8.37,0.0,0.0
10.74,0,8.38,0.0,0.0
10.74,0,5.87,0.0,0.0
10.74,0,4.04,0.0,0.0
8.35,0,0.0,0.0,0.0
5.97,0,0.0,0.0,0.0
5.97,0,0.0,0.0,0.0
3.58,0,4.23,0.0,0.0
1.77,0,0.0,0.0,0.0
1.77,0,0.0,0.0,0.0
1.77,0,0.0,0.0,0.0
1.77,0,0.0,0.0,0.0
1.77,0,0.0,0.0,0.0
1.77,0,0.0,0.0,0.0
1.77,0,0.0,0.0,0.0
1.77,0,0.0,0.0,0.0
1.77,0,0.0,0.0,0.0
1.77,0,0.0,0.0,0.0
1.77,0,0.7,0.0,0.0
3.58,0,1.85,0.0,0.0
7.16,0,9.01,0.0,0.0
7.16,0,17.34,0.0,0.0
9.55,0,33.32,0.0,0.0
9.55,0,35.83,0.0,0.0
9.55,0,37.82,0.0,0.0
9.55,0,34.3,0.0,0.0
9.55,0,27.24,0.0,0.0
7.16,0,9.16,0.0,0.0
4.77,0,2.08,0.0,0.0
1.77,0,0.0,0.0,0.0
1.77,0,0.0,0.0,0.0
1.77,0,0.0,0.0,0.0
1.77,0,0.0,0.0,0.0
1.77,0,0.0,0.0,0.0
2.36,0,0.0,0.0,0.0
2.36,0,0.0,0.0,0.0
2.36,0,0.0,0.0,0.0
2.36,0,0.0,0.0,0.0
2.36,0,0.0,0.0,0.0
2.36,0,0.0,0.0,0.0
2.36,0,1.54,0.0,0.0
4.77,0,3.78,0.0,0.0
7.16,0,0.0,0.0,0.0
10.74,0,1.28,0.0,0.0
10.74,0,4.67,0.0,0.0
10.74,0,21.66,0.0,0.0
10.74,0,57.45,0.0,0.0
10.74,0,80.33,0.0,0.0
10.74,0,84.74,0.0,0.0
10.74,0,88.48,0.0,0.0
10.74,0,78.84,0.0,0.0
10.74,0,61.34,0.0,0.0
10.74,0,49.69,0.0,0.0
8.35,0,35.77,0.0,0.0
8.35,0,28.83,0.0,0.0
2.36,0,0.82,0.0,0.0
2.36,0,0.74,0.0,0.0
2.36,0,0.64,0.0,0.0
2.36,0,0.0,0.0,0.0
2.36,0,0.0,0.0,0.0
2.36,0,0.0,0.0,0.0
2.36,0,0.0,0.0,0.0
2.36,0,0.0,0.0,0.0
2.36,0,0.0,0.0,0.0
2.36,0,2.18,0.0,0.0
4.77,0,7.43,0.0,0.0
7.16,0,13.21,0.0,0.0
10.74,0,55.05,0.0,0.0
10.74,0,67.84,0.0,0.0
10.74,0,78.3,0.0,0.0
10.74,0,84.31,0.0,0.0
10.74,0,85.72,0.0,0.0
10.74,0,81.04,0.0,0.0
10.74,0,85.05,0.0,0.0
10.74,0,80.72,0.0,0.0
10.74,0,68.2,0.0,0.0
10.74,0,58.87,0.0,0.0
8.35,0,44.52,0.0,0.0
8.35,0,41.67,0.0,0.0
2.36,0,0.8,0.0,0.0
2.36,0,0.71,0.0,0.0
2.36,0,0.0,0.0,0.0
2.36,0,0.0,0.0,0.0
2.36,0,0.0,0.0,0.0
2.36,0,0.0,0.0,0.0
2.36,0,0.0,0.0,0.0
2.36,0,0.0,0.0,0.0
2.36,0,0.0,0.0,0.0
2.36,0,1.49,0.0,0.0
4.77,0,0.32,0.0,0.0
7.16,0,3.23,0.0,0.0
10.74,0,0.0,0.0,0.0
10.74,0,0.0,0.0,0.0
10.74,0,0.0,0.0,0.0
10.74,0,0.0,0.0,0.0
10.74,0,0.03,0.0,0.0
10.74,0,0.28,0.0,0.0
10.74,0,0.28,0.0,0.0
10.74,0,0.28,0.0,0.0
10.74,0,0.29,0.0,0.0
10.74,0,0.0,0.0,0.0
8.35,0,0.0,0.0,0.0
8.35,0,0.0,0.0,0.0
2.36,0,0.0,0.0,0.0
2.36,0,0.0,0.0,0.0
2.36,0,0.0,0.0,0.0
2.36,0,0.0,0.0,0.0
2.36,0,0.0,0.0,0.0
2.36,0,0.0,0.0,0.0
2.36,0,0.0,0.0,0.0
2.36,0,0.0,0.0,0.0
2.36,0,0.28,0.0,0.0
2.36,0,0.58,0.0,0.0
4.77,0,0.0,0.0,0.0
7.16,0,0.0,0.0,0.0
10.74,0,0.17,0.0,0.0
10.74,0,0.33,0.0,0.0
10.74,0,2.82,0.0,0.0
10.74,0,0.0,0.0,0.0
10.74,0,0.0,0.0,0.0
10.74,0,0.0,0.0,0.0
10.74,0,0.0,0.0,0.0
10.74,0,0.0,0.0,0.0
10.74,0,0.0,0.0,0.0
10.74,0,0.0,0.0,0.0
8.35,0,2.83,0.0,0.0
8.35,0,0.0,0.0,0.0
2.36,0,0.0,0.0,0.0
2.36,0,0.0,0.0,0.0
2.36,0,0.0,0.0,0.0
2.36,0,0.0,0.0,0.0
2.36,0,0.0,0.0,0.0
2.36,0,0.0,0.0,0.0
2.36,0,0.0,0.0,0.0
2.36,0,0.0,0.0,0.0
2.36,0,0.3,0.0,0.0
2.36,0,0.58,0.0,0.0
4.77,0,0.43,0.0,0.0
7.16,0,0.0,0.0,0.0
10.74,0,0.0,0.0,0.0
10.74,0,0.0,0.0,0.0
10.74,0,1.94,0.0,0.0
10.74,0,0.0,0.0,0.0
10.74,0,0.0,0.0,0.0
10.74,0,0.0,0.0,0.0
10.74,0,0.0,0.0,0.0
10.74,0,0.0,0.0,0.0
10.74,0,0.0,0.0,0.0
10.74,0,0.0,0.0,0.0
8.35,0,0.0,0.0,0.0
8.35,0,0.0,0.0,0.0
2.36,0,0.0,0.0,0.0
2.36,0,0.0,0.0,0.0
2.36,0,0.0,0.0,0.0
1.77,0,0.0,0.0,0.0
1.77,0,0.0,0.0,0.0
1.77,0,0.0,0.0,0.0
1.77,0,0.0,0.0,0.0
1.77,0,0.0,0.0,0.0
1.77,0,0.27,0.0,0.0
1.77,0,0.59,0.0,0.0
3.58,0,0.43,0.0,0.0
5.97,0,0.0,0.0,0.0
9.55,0,2.2,0.0,0.0
10.74,0,1.99,0.0,0.0
10.74,0,2.76,0.0,0.0
10.74,0,0.0,0.0,0.0
10.74,0,0.0,0.0,0.0
10.74,0,0.0,0.0,0.0
10.74,0,0.0,0.0,0.0
10.74,0,0.0,0.0,0.0
10.74,0,0.0,0.0,0.0
8.35,0,2.92,0.0,0.0
5.97,0,0.0,0.0,0.0
5.97,0,0.0,0.0,0.0
3.58,0,0.0,0.0,0.0
1.77,0,0.0,0.0,0.0
1.77,0,0.0,0.0,0.0
1.77,0,0.0,0.0,0.0
1.77,0,0.0,0.0,0.0
1.77,0,0.0,0.0,0.0
1.77,0,0.0,0.0,0.0
1.77,0,0.0,0.0,0.0
1.77,0,0.0,0.0,0.0
1.77,0,0.0,0.0,0.0
1.77,0,0.33,0.0,0.0
1.77,0,0.0,0.0,0.0
3.58,0,0.6,0.0,0.0
7.16,0,0.28,0.0,0.0
7.16,0,0.28,0.0,0.0
9.55,0,2.77,0.0,0.0
9.55,0,2.76,0.0,0.0
9.55,0,2.76,0.0,0.0
9.55,0,2.76,0.0,0.0
9.55,0,2.76,0.0,0.0
7.16,0,0.0,0.0,0.0
4.77,0,0.0,0.0,0.0
1.77,0,0.0,0.0,0.0
1.77,0,0.0,0.0,0.0
1.77,0,0.0,0.0,0.0
1.77,0,0.0,0.0,0.0
1.77,0,0.0,0.0,0.0
2.36,0,0.0,0.0,0.0
2.36,0,0.0,0.0,0.0
2.36,0,0.0,0.0,0.0
2.36,0,0.0,0.0,0.0
2.36,0,0.0,0.0,0.0
2.36,0,0.3,0.0,0.0
2.36,0,0.59,0.0,0.0
4.77,0,0.47,0.0,0.0
7.16,0,0.19,0.0,0.0
10.74,0,1.09,0.0,0.0
10.74,0,2.43,0.0,0.0
10.74,0,2.45,0.0,0.0
10.74,0,0.33,0.0,0.0
10.74,0,1.14,0.0,0.0
10.74,0,1.17,0.0,0.0
10.74,0,0.31,0.0,0.0
10.74,0,0.28,0.0,0.0
10.74,0,0.28,0.0,0.0
10.74,0,2.75,0.0,0.0
8.35,0,2.74,0.0,0.0
8.35,0,1.56,0.0,0.0
2.36,0,0.0,0.0,0.0
2.36,0,0.0,0.0,0.0
2.36,0,0.0,0.0,0.0
2.36,0,0.0,0.0,0.0
2.36,0,0.0,0.0,0.0
2.36,0,0.0,0.0,0.0
2.36,0,0.0,0.0,0.0
2.36,0,0.0,0.0,0.0
2.36,0,0.3,0.0,0.0
2.36,0,0.58,0.0,0.0
4.77,0,0.0,0.0,0.0
7.16,0,0.0,0.0,0.0
10.74,0,0.0,0.0,0.0
10.74,0,0.17,0.0,0.0
10.74,0,2.76,0.0,0.0
10.74,0,2.74,0.0,0.0
10.74,0,2.76,0.0,0.0
10.74,0,2.76,0.0,0.0
10.74,0,2.76,0.0,0.0
10.74,0,2.76,0.0,0.0
10.74,0,2.76,0.0,0.0
10.74,0,0.0,0.0,0.0
8.35,0,0.0,0.0,0.0
8.35,0,0.0,0.0,0.0
2.36,0,0.0,0.0,0.0
2.36,0,0.0,0.0,0.0
2.36,0,0.0,0.0,0.0
2.36,0,0.0,0.0,0.0
2.36,0,0.0,0.0,0.0
2.36,0,0.0,0.0,0.0
2.36,0,0.0,0.0,0.0
2.36,0,0.0,0.0,0.0
2.36,0,0.29,0.0,0.0
2.36,0,0.59,0.0,0.0
4.77,0,0.0,0.0,0.0
7.16,0,0.1,0.0,0.0
10.74,0,0.0,0.0,0.0
10.74,0,0.17,0.0,0.0
10.74,0,2.75,0.0,0.0
10.74,0,0.0,0.0,0.0
10.74,0,0.0,0.0,0.0
10.74,0,0.0,0.0,0.0
10.74,0,0.0,0.0,0.0
10.74,0,0.0,0.0,0.0
10.74,0,0.0,0.0,0.0
10.74,0,0.0,0.0,0.0
8.35,0,2.76,0.0,0.0
8.35,0,0.06,0.0,0.0
2.36,0,0.0,0.0,0.0
2.36,0,0.0,0.0,0.0
2.36,0,0.0,0.0,0.0
2.36,0,0.0,0.0,0.0
2.36,0,0.0,0.0,0.0
2.36,0,0.0,0.0,0.0
2.36,0,0.0,0.0,0.0
2.36,0,0.0,0.0,0.0
2.36,0,0.29,0.0,0.0
2.36,0,0.59,0.0,0.0
4.77,0,0.67,0.0,0.0
7.16,0,0.52,0.0,0.0
10.74,0,4.07,0.0,0.0
10.74,0,13.05,0.0,0.0
10.74,0,33.03,0.0,0.0
10.74,0,43.35,0.0,0.0
10.74,0,50.99,0.0,0.0
10.74,0,51.44,0.0,0.0
10.74,0,48.09,0.0,0.0
10.74,0,30.3,0.0,0.0
10.74,0,9.59,0.0,0.0
10.74,0,2.43,0.0,0.0
8.35,0,0.77,0.0,0.0
8.35,0,0.0,0.0,0.0
2.36,0,0.0,0.0,0.0
2.36,0,0.0,0.0,0.0
2.36,0,0.0,0.0,0.0
2.36,0,0.0,0.0,0.0
2.36,0,0.0,0.0,0.0
2.36,0,0.0,0.0,0.0
2.36,0,0.0,0.0,0.0
2.36,0,0.0,0.0,0.0
2.36,0,0.0,0.0,0.0
2.36,0,1.19,0.0,0.0
4.77,0,0.68,0.0,0.0
7.16,0,0.64,0.0,0.0
10.74,0,3.84,0.0,0.0
10.74,0,14.01,0.0,0.0
10.74,0,35.63,0.0,0.0
10.74,0,51.43,0.0,0.0
10.74,0,59.78,0.0,0.0
10.74,0,60.96,0.0,0.0
10.74,0,61.61,0.0,0.0
10.74,0,47.45,0.0,0.0
10.74,0,13.47,0.0,0.0
10.74,0,2.11,0.0,0.0
8.35,0,0.26,0.0,0.0
8.35,0,0.0,0.0,0.0
2.36,0,0.13,0.0,0.0
2.36,0,0.0,0.0,0.0
2.36,0,0.0,0.0,0.0
1.77,0,0.0,0.0,0.0
1.77,0,0.0,0.0,0.0
1.77,0,0.0,0.0,0.0
1.77,0,0.0,0.0,0.0
1.77,0,0.0,0.0,0.0
1.77,0,0.0,0.0,0.0
1.77,0,1.02,0.0,0.0
3.58,0,0.07,0.0,0.0
5.97,0,0.63,0.0,0.0
9.55,0,2.02,0.0,0.0
10.74,0,2.81,0.0,0.0
10.74,0,2.8,0.0,0.0
10.74,0,0.19,0.0,0.0
10.74,0,0.93,0.0,0.0
10.74,0,2.46,0.0,0.0
10.74,0,2.76,0.0,0.0
10.74,0,0.79,0.0,0.0
10.74,0,0.28,0.0,0.0
8.35,0,0.0,0.0,0.0
5.97,0,0.0,0.0,0.0
5.97,0,2.46,0.0,0.0
3.58,0,0.11,0.0,0.0
1.77,0,0.0,0.0,0.0
1.77,0,0.0,0.0,0.0
1.77,0,0.0,0.0,0.0
1.77,0,0.0,0.0,0.0
1.77,0,0.0,0.0,0.0
1.77,0,0.0,0.0,0.0
1.77,0,0.0,0.0,0.0
1.77,0,0.0,0.0,0.0
1.77,0,0.0,0.0,0.0
1.77,0,0.31,0.0,0.0
1.77,0,0.0,0.0,0.0
3.58,0,0.68,0.0,0.0
7.16,0,0.44,0.0,0.0
7.16,0,3.07,0.0,0.0
9.55,0,7.09,0.0,0.0
9.55,0,10.54,0.0,0.0
9.55,0,11.31,0.0,0.0
9.55,0,8.25,0.0,0.0
9.55,0,4.57,0.0,0.0
7.16,0,3.82,0.0,0.0
4.77,0,0.0,0.0,0.0
1.77,0,0.0,0.0,0.0
1.77,0,0.0,0.0,0.0
1.77,0,0.0,0.0,0.0
1.77,0,0.0,0.0,0.0
1.77,0,0.0,0.0,0.0
2.36,0,0.0,0.0,0.0
2.36,0,0.0,0.0,0.0
2.36,0,0.0,0.0,0.0
2.36,0,0.0,0.0,0.0
2.36,0,0.0,0.0,0.0
2.36,0,0.0,0.0,0.0
2.36,0,1.5,0.0,0.0
4.77,0,0.77,0.0,0.0
7.16,0,0.93,0.0,0.0
10.74,0,3.34,0.0,0.0
10.74,0,19.59,0.0,0.0
10.74,0,31.05,0.0,0.0
10.74,0,35.11,0.0,0.0
10.74,0,44.23,0.0,0.0
10.74,0,33.3,0.0,0.0
10.74,0,4.44,0.0,0.0
10.74,0,0.0,0.0,0.0
10.74,0,0.0,0.0,0.0
10.74,0,0.0,0.0,0.0
8.35,0,6.24,0.0,0.0
8.35,0,0.63,0.0,0.0
2.36,0,0.0,0.0,0.0
2.36,0,0.0,0.0,0.0
2.36,0,0.0,0.0,0.0
2.36,0,0.0,0.0,0.0
2.36,0,0.0,0.0,0.0
2.36,0,0.0,0.0,0.0
2.36,0,0.0,0.0,0.0
2.36,0,0.0,0.0,0.0
2.36,0,0.5,0.0,0.0
2.36,0,0.0,0.0,0.0
4.77,0,0.0,0.0,0.0
7.16,0,0.0,0.0,0.0
10.74,0,0.0,0.0,0.0
10.74,0,0.15,0.0,0.0
10.74,0,5.76,0.0,0.0
10.74,0,10.7,0.0,0.0
10.74,0,13.82,0.0,0.0
10.74,0,16.29,0.0,0.0
10.74,0,19.61,0.0,0.0
10.74,0,11.37,0.0,0.0
10.74,0,2.09,0.0,0.0
10.74,0,0.24,0.0,0.0
8.35,0,0.3,0.0,0.0
8.35,0,0.0,0.0,0.0
2.36,0,0.0,0.0,0.0
2.36,0,0.0,0.0,0.0
2.36,0,0.0,0.0,0.0
1.77,0,0.0,0.0,0.0
1.77,0,0.0,0.0,0.0
1.77,0,0.0,0.0,0.0
1.77,0,0.0,0.0,0.0
1.77,0,0.0,0.0,0.0
1.77,0,0.0,0.0,0.0
1.77,0,0.0,0.0,0.0
1.77,0,0.27,0.0,0.0
1.77,0,0.0,0.0,0.0
3.58,0,0.2,0.0,0.0
7.16,0,2.5,0.0,0.0
7.16,0,3.28,0.0,0.0
9.55,0,2.41,0.0,0.0
9.55,0,5.07,0.0,0.0
9.55,0,8.57,0.0,0.0
9.55,0,8.87,0.0,0.0
9.55,0,5.89,0.0,0.0
7.16,0,3.04,0.0,0.0
4.77,0,0.0,0.0,0.0
1.77,0,0.0,0.0,0.0
1.77,0,0.0,0.0,0.0
1.77,0,0.0,0.0,0.0
1.77,0,0.0,0.0,0.0
1.77,0,0.0,0.0,0.0
2.36,0,0.0,0.0,0.0
2.36,0,0.0,0.0,0.0
2.36,0,0.0,0.0,0.0
2.36,0,0.0,0.0,0.0
2.36,0,0.0,0.0,0.0
2.36,0,0.31,0.0,0.0
2.36,0,0.0,0.0,0.0
4.77,0,0.19,0.0,0.0
7.16,0,0.66,0.0,0.0
10.74,0,0.83,0.0,0.0
10.74,0,7.7,0.0,0.0
10.74,0,12.13,0.0,0.0
10.74,0,15.61,0.0,0.0
10.74,0,17.73,0.0,0.0
10.74,0,19.71,0.0,0.0
10.74,0,18.89,0.0,0.0
10.74,0,10.42,0.0,0.0
10.74,0,5.15,0.0,0.0
10.74,0,0.27,0.0,0.0
8.35,0,0.36,0.0,0.0
8.35,0,0.0,0.0,0.0
2.36,0,0.0,0.0,0.0
2.36,0,0.0,0.0,0.0
2.36,0,0.0,0.0,0.0
2.36,0,0.0,0.0,0.0
2.36,0,0.0,0.0,0.0
2.36,0,0.0,0.0,0.0
2.36,0,0.0,0.0,0.0
2.36,0,0.0,0.0,0.0
2.36,0,0.0,0.0,0.0
2.36,0,1.15,0.0,0.0
4.77,0,0.48,0.0,0.0
7.16,0,0.4,0.0,0.0
10.74,0,4.51,0.0,0.0
10.74,0,17.31,0.0,0.0
10.74,0,36.41,0.0,0.0
10.74,0,42.83,0.0,0.0
10.74,0,53.64,0.0,0.0
10.74,0,58.65,0.0,0.0
10.74,0,52.99,0.0,0.0
10.74,0,36.86,0.0,0.0
10.74,0,14.04,0.0,0.0
10.74,0,3.51,0.0,0.0
8.35,0,0.43,0.0,0.0
8.35,0,0.0,0.0,0.0
2.36,0,0.09,0.0,0.0
2.36,0,0.0,0.0,0.0
2.36,0,0.0,0.0,0.0
1.77,0,0.0,0.0,0.0
1.77,0,0.0,0.0,0.0
1.77,0,0.0,0.0,0.0
1.77,0,0.0,0.0,0.0
1.77,0,0.0,0.0,0.0
1.77,0,0.0,0.0,0.0
1.77,0,1.33,0.0,0.0
3.58,0,0.79,0.0,0.0
5.97,0,0.38,0.0,0.0
9.55,0,4.61,0.0,0.0
10.74,0,28.94,0.0,0.0
10.74,0,63.76,0.0,0.0
10.74,0,76.75,0.0,0.0
10.74,0,76.11,0.0,0.0
10.74,0,77.12,0.0,0.0
10.74,0,74.48,0.0,0.0
10.74,0,62.81,0.0,0.0
10.74,0,36.26,0.0,0.0
8.35,0,10.04,0.0,0.0
5.97,0,5.1,0.0,0.0
5.97,0,0.0,0.0,0.0
3.58,0,1.96,0.0,0.0
1.77,0,0.0,0.0,0.0
1.77,0,0.0,0.0,0.0
1.77,0,0.0,0.0,0.0
1.77,0,0.0,0.0,0.0
1.77,0,0.0,0.0,0.0
1.77,0,0.0,0.0,0.0
1.77,0,0.0,0.0,0.0
1.77,0,0.0,0.0,0.0
1.77,0,0.0,0.0,0.0
1.77,0,0.0,0.0,0.0
1.77,0,1.04,0.0,0.0
3.58,0,12.36,0.0,0.0
7.16,0,17.97,0.0,0.0
7.16,0,29.57,0.0,0.0
9.55,0,44.11,0.0,0.0
9.55,0,42.01,0.0,0.0
9.55,0,39.51,0.0,0.0
9.55,0,39.07,0.0,0.0
9.55,0,37.94,0.0,0.0
7.16,0,17.88,0.0,0.0
4.77,0,4.75,0.0,0.0
1.77,0,0.0,0.0,0.0
1.77,0,0.0,0.0,0.0
1.77,0,0.0,0.0,0.0
1.77,0,0.0,0.0,0.0
1.77,0,0.0,0.0,0.0
2.36,0,0.0,0.0,0.0
2.36,0,0.0,0.0,0.0
2.36,0,0.0,0.0,0.0
2.36,0,0.0,0.0,0.0
2.36,0,0.0,0.0,0.0
2.36,0,0.0,0.0,0.0
2.36,0,1.64,0.0,0.0
4.77,0,0.93,0.0,0.0
7.16,0,3.14,0.0,0.0
10.74,0,5.96,0.0,0.0
10.74,0,14.49,0.0,0.0
10.74,0,17.45,0.0,0.0
10.74,0,11.97,0.0,0.0
10.74,0,10.6,0.0,0.0
10.74,0,5.78,0.0,0.0
10.74,0,5.47,0.0,0.0
10.74,0,5.47,0.0,0.0
10.74,0,5.54,0.0,0.0
10.74,0,0.0,0.0,0.0
8.35,0,0.0,0.0,0.0
8.35,0,0.0,0.0,0.0
2.36,0,0.0,0.0,0.0
2.36,0,0.0,0.0,0.0
2.36,0,0.0,0.0,0.0
2.36,0,0.0,0.0,0.0
2.36,0,0.0,0.0,0.0
2.36,0,0.0,0.0,0.0
2.36,0,0.0,0.0,0.0
2.36,0,0.0,0.0,0.0
2.36,0,0.0,0.0,0.0
2.36,0,1.71,0.0,0.0
4.77,0,4.09,0.0,0.0
7.16,0,0.0,0.0,0.0
10.74,0,5.44,0.0,0.0
10.74,0,5.74,0.0,0.0
10.74,0,8.16,0.0,0.0
10.74,0,1.87,0.0,0.0
10.74,0,0.71,0.0,0.0
10.74,0,7.83,0.0,0.0
10.74,0,26.43,0.0,0.0
10.74,0,36.69,0.0,0.0
10.74,0,46.15,0.0,0.0
10.74,0,41.98,0.0,0.0
8.35,0,13.22,0.0,0.0
8.35,0,0.0,0.0,0.0
2.36,0,0.0,0.0,0.0
2.36,0,0.0,0.0,0.0
2.36,0,0.0,0.0,0.0
2.36,0,0.0,0.0,0.0
2.36,0,0.0,0.0,0.0
2.36,0,0.0,0.0,0.0
2.36,0,0.0,0.0,0.0
2.36,0,0.0,0.0,0.0
2.36,0,0.35,0.0,0.0
2.36,0,0.0,0.0,0.0
4.77,0,0.0,0.0,0.0
7.16,0,0.0,0.0,0.0
10.74,0,0.38,0.0,0.0
10.74,0,0.64,0.0,0.0
10.74,0,0.27,0.0,0.0
10.74,0,0.0,0.0,0.0
10.74,0,0.0,0.0,0.0
10.74,0,0.0,0.0,0.0
10.74,0,0.0,0.0,0.0
10.74,0,0.0,0.0,0.0
10.74,0,0.0,0.0,0.0
10.74,0,0.0,0.0,0.0
8.35,0,0.0,0.0,0.0
8.35,0,0.0,0.0,0.0
2.36,0,0.0,0.0,0.0
2.36,0,0.0,0.0,0.0
2.36,0,0.0,0.0,0.0
2.36,0,0.0,0.0,0.0
2.36,0,0.0,0.0,0.0
2.36,0,0.0,0.0,0.0
2.36,0,0.0,0.0,0.0
2.36,0,0.0,0.0,0.0
2.36,0,0.3,0.0,0.0
2.36,0,0.0,0.0,0.0
4.77,0,0.0,0.0,0.0
7.16,0,0.0,0.0,0.0
10.74,0,0.0,0.0,0.0
10.74,0,0.04,0.0,0.0
10.74,0,2.55,0.0,0.0
10.74,0,9.25,0.0,0.0
10.74,0,11.82,0.0,0.0
10.74,0,12.05,0.0,0.0
10.74,0,11.19,0.0,0.0
10.74,0,9.2,0.0,0.0
10.74,0,0.92,0.0,0.0
10.74,0,0.0,0.0,0.0
8.35,0,0.0,0.0,0.0
8.35,0,0.0,0.0,0.0
2.36,0,0.0,0.0,0.0
2.36,0,0.0,0.0,0.0
2.36,0,0.0,0.0,0.0
2.36,0,0.0,0.0,0.0
2.36,0,0.0,0.0,0.0
2.36,0,0.0,0.0,0.0
2.36,0,0.0,0.0,0.0
2.36,0,0.0,0.0,0.0
2.36,0,0.3,0.0,0.0
2.36,0,0.63,0.0,0.0
4.77,0,0.0,0.0,0.0
7.16,0,0.0,0.0,0.0
10.74,0,0.0,0.0,0.0
10.74,0,1.62,0.0,0.0
10.74,0,2.43,0.0,0.0
10.74,0,0.0,0.0,0.0
10.74,0,0.05,0.0,0.0
10.74,0,0.28,0.0,0.0
10.74,0,0.28,0.0,0.0
10.74,0,0.28,0.0,0.0
10.74,0,0.28,0.0,0.0
10.74,0,0.0,0.0,0.0
8.35,0,0.0,0.0,0.0
8.35,0,0.0,0.0,0.0
2.36,0,0.0,0.0,0.0
2.36,0,0.0,0.0,0.0
2.36,0,0.0,0.0,0.0
1.77,0,0.0,0.0,0.0
1.77,0,0.0,0.0,0.0
1.77,0,0.0,0.0,0.0
1.77,0,0.0,0.0,0.0
1.77,0,0.0,0.0,0.0
1.77,0,0.33,0.0,0.0
1.77,0,0.59,0.0,0.0
3.58,0,0.45,0.0,0.0
5.97,0,0.12,0.0,0.0
9.55,0,1.08,0.0,0.0
10.74,0,2.47,0.0,0.0
10.74,0,3.55,0.0,0.0
10.74,0,3.67,0.0,0.0
10.74,0,5.8,0.0,0.0
10.74,0,6.52,0.0,0.0
10.74,0,5.85,0.0,0.0
10.74,0,3.26,0.0,0.0
10.74,0,0.02,0.0,0.0
8.35,0,0.0,0.0,0.0
5.97,0,0.0,0.0,0.0
5.97,0,0.0,0.0,0.0
3.58,0,0.0,0.0,0.0
1.77,0,0.0,0.0,0.0
1.77,0,0.0,0.0,0.0
1.77,0,0.0,0.0,0.0
1.77,0,0.0,0.0,0.0
1.77,0,0.0,0.0,0.0
1.77,0,0.0,0.0,0.0
1.77,0,0.0,0.0,0.0
1.77,0,0.0,0.0,0.0
1.77,0,0.0,0.0,0.0
1.77,0,0.31,0.0,0.0
1.77,0,0.0,0.0,0.0
3.58,0,0.0,0.0,0.0
7.16,0,2.2,0.0,0.0
7.16,0,2.9,0.0,0.0
9.55,0,4.91,0.0,0.0
9.55,0,10.36,0.0,0.0
9.55,0,12.06,0.0,0.0
9.55,0,10.56,0.0,0.0
9.55,0,6.51,0.0,0.0
7.16,0,3.5,0.0,0.0
4.77,0,1.87,0.0,0.0
1.77,0,0.0,0.0,0.0
1.77,0,0.0,0.0,0.0
1.77,0,0.0,0.0,0.0
1.77,0,0.0,0.0,0.0
1.77,0,0.0,0.0,0.0
2.36,0,0.0,0.0,0.0
2.36,0,0.0,0.0,0.0
2.36,0,0.0,0.0,0.0
2.36,0,0.0,0.0,0.0
2.36,0,0.0,0.0,0.0
2.36,0,0.0,0.0,0.0
2.36,0,1.39,0.0,0.0
4.77,0,1.42,0.0,0.0
7.16,0,4.66,0.0,0.0
10.74,0,13.82,0.0,0.0
10.74,0,33.07,0.0,0.0
10.74,0,49.92,0.0,0.0
10.74,0,58.77,0.0,0.0
10.74,0,65.09,0.0,0.0
10.74,0,65.03,0.0,0.0
10.74,0,61.77,0.0,0.0
10.74,0,55.82,0.0,0.0
10.74,0,45.51,0.0,0.0
10.74,0,36.55,0.0,0.0
8.35,0,26.06,0.0,0.0
8.35,0,22.41,0.0,0.0
2.36,0,0.63,0.0,0.0
2.36,0,0.0,0.0,0.0
2.36,0,0.0,0.0,0.0
2.36,0,0.0,0.0,0.0
2.36,0,0.0,0.0,0.0
2.36,0,0.0,0.0,0.0
2.36,0,0.0,0.0,0.0
2.36,0,0.0,0.0,0.0
2.36,0,0.0,0.0,0.0
2.36,0,1.29,0.0,0.0
4.77,0,4.19,0.0,0.0
7.16,0,0.0,0.0,0.0
10.74,0,0.0,0.0,0.0
10.74,0,0.25,0.0,0.0
10.74,0,2.34,0.0,0.0
10.74,0,5.69,0.0,0.0
10.74,0,7.78,0.0,0.0
10.74,0,9.61,0.0,0.0
10.74,0,10.46,0.0,0.0
10.74,0,8.06,0.0,0.0
10.74,0,1.3,0.0,0.0
10.74,0,0.21,0.0,0.0
8.35,0,0.28,0.0,0.0
8.35,0,0.0,0.0,0.0
2.36,0,0.0,0.0,0.0
2.36,0,0.0,0.0,0.0
2.36,0,0.0,0.0,0.0
2.36,0,0.0,0.0,0.0
2.36,0,0.0,0.0,0.0
2.36,0,0.0,0.0,0.0
2.36,0,0.0,0.0,0.0
2.36,0,0.0,0.0,0.0
2.36,0,0.0,0.0,0.0
2.36,0,1.17,0.0,0.0
4.77,0,4.24,0.0,0.0
7.16,0,5.74,0.0,0.0
10.74,0,7.3,0.0,0.0
10.74,0,16.16,0.0,0.0
10.74,0,35.18,0.0,0.0
10.74,0,47.31,0.0,0.0
10.74,0,52.56,0.0,0.0
10.74,0,54.16,0.0,0.0
10.74,0,55.46,0.0,0.0
10.74,0,50.22,0.0,0.0
10.74,0,41.4,0.0,0.0
10.74,0,31.78,0.0,0.0
8.35,0,19.38,0.0,0.0
8.35,0,16.37,0.0,0.0
2.36,0,0.0,0.0,0.0
2.36,0,0.0,0.0,0.0
2.36,0,0.0,0.0,0.0
2.36,0,0.0,0.0,0.0
2.36,0,0.0,0.0,0.0
2.36,0,0.0,0.0,0.0
2.36,0,0.0,0.0,0.0
2.36,0,0.0,0.0,0.0
2.36,0,0.19,0.0,0.0
2.36,0,1.39,0.0,0.0
4.77,0,1.76,0.0,0.0
7.16,0,0.0,0.0,0.0
10.74,0,0.0,0.0,0.0
10.74,0,0.0,0.0,0.0
10.74,0,1.09,0.0,0.0
10.74,0,5.14,0.0,0.0
10.74,0,12.01,0.0,0.0
10.74,0,12.81,0.0,0.0
10.74,0,18.23,0.0,0.0
10.74,0,18.67,0.0,0.0
10.74,0,7.74,0.0,0.0
10.74,0,1.56,0.0,0.0
8.35,0,0.3,0.0,0.0
8.35,0,0.0,0.0,0.0
2.36,0,0.0,0.0,0.0
2.36,0,0.0,0.0,0.0
2.36,0,0.0,0.0,0.0
2.36,0,0.0,0.0,0.0
2.36,0,0.0,0.0,0.0
2.36,0,0.0,0.0,0.0
2.36,0,0.0,0.0,0.0
2.36,0,0.0,0.0,0.0
2.36,0,0.0,0.0,0.0
2.36,0,1.0,0.0,0.0
4.77,0,0.61,0.0,0.0
7.16,0,2.25,0.0,0.0
10.74,0,0.74,0.0,0.0
10.74,0,10.48,0.0,0.0
10.74,0,21.47,0.0,0.0
10.74,0,32.81,0.0,0.0
10.74,0,39.9,0.0,0.0
10.74,0,46.36,0.0,0.0
10.74,0,52.34,0.0,0.0
10.74,0,45.06,0.0,0.0
10.74,0,26.88,0.0,0.0
10.74,0,10.38,0.0,0.0
8.35,0,5.29,0.0,0.0
8.35,0,0.25,0.0,0.0
2.36,0,0.07,0.0,0.0
2.36,0,0.0,0.0,0.0
2.36,0,0.0,0.0,0.0
1.77,0,0.0,0.0,0.0
1.77,0,0.0,0.0,0.0
1.77,0,0.0,0.0,0.0
1.77,0,0.0,0.0,0.0
1.77,0,0.0,0.0,0.0
1.77,0,0.0,0.0,0.0
1.77,0,1.07,0.0,0.0
3.58,0,2.69,0.0,0.0
5.97,0,0.0,0.0,0.0
9.55,0,2.96,0.0,0.0
10.74,0,16.99,0.0,0.0
10.74,0,34.67,0.0,0.0
10.74,0,44.56,0.0,0.0
10.74,0,52.18,0.0,0.0
10.74,0,54.55,0.0,0.0
10.74,0,46.44,0.0,0.0
10.74,0,35.11,0.0,0.0
10.74,0,14.2,0.0,0.0
8.35,0,1.15,0.0,0.0
5.97,0,0.32,0.0,0.0
5.97,0,0.0,0.0,0.0
3.58,0,0.0,0.0,0.0
1.77,0,0.0,0.0,0.0
1.77,0,0.0,0.0,0.0
1.77,0,0.0,0.0,0.0
1.77,0,0.0,0.0,0.0
1.77,0,0.0,0.0,0.0
1.77,0,0.0,0.0,0.0
1.77,0,0.0,0.0,0.0
1.77,0,0.0,0.0,0.0
1.77,0,0.0,0.0,0.0
1.77,0,0.0,0.0,0.0
1.77,0,0.56,0.0,0.0
3.58,0,1.84,0.0,0.0
7.16,0,3.7,0.0,0.0
7.16,0,12.82,0.0,0.0
9.55,0,32.64,0.0,0.0
9.55,0,39.12,0.0,0.0
9.55,0,40.43,0.0,0.0
9.55,0,34.41,0.0,0.0
9.55,0,26.51,0.0,0.0
7.16,0,9.83,0.0,0.0
4.77,0,3.52,0.0,0.0
1.77,0,0.0,0.0,0.0
1.77,0,0.0,0.0,0.0
1.77,0,0.0,0.0,0.0
1.77,0,0.0,0.0,0.0
1.77,0,0.0,0.0,0.0
2.36,0,0.0,0.0,0.0
2.36,0,0.0,0.0,0.0
2.36,0,0.0,0.0,0.0
2.36,0,0.0,0.0,0.0
2.36,0,0.0,0.0,0.0
2.36,0,0.0,0.0,0.0
2.36,0,1.61,0.0,0.0
4.77,0,1.18,0.0,0.0
7.16,0,5.19,0.0,0.0
10.74,0,32.83,0.0,0.0
10.74,0,44.37,0.0,0.0
10.74,0,59.4,0.0,0.0
10.74,0,68.81,0.0,0.0
10.74,0,72.24,0.0,0.0
10.74,0,70.78,0.0,0.0
10.74,0,69.18,0.0,0.0
10.74,0,60.27,0.0,0.0
10.74,0,50.59,0.0,0.0
10.74,0,43.37,0.0,0.0
8.35,0,29.36,0.0,0.0
8.35,0,23.07,0.0,0.0
2.36,0,0.72,0.0,0.0
2.36,0,0.0,0.0,0.0
2.36,0,0.0,0.0,0.0
2.36,0,0.0,0.0,0.0
2.36,0,0.0,0.0,0.0
2.36,0,0.0,0.0,0.0
2.36,0,0.0,0.0,0.0
2.36,0,0.0,0.0,0.0
2.36,0,1.95,0.0,0.0
4.77,0,4.71,0.0,0.0
7.16,0,11.19,0.0,0.0
10.74,0,45.66,0.0,0.0
10.74,0,59.26,0.0,0.0
10.74,0,74.98,0.0,0.0
10.74,0,80.24,0.0,0.0
10.74,0,81.76,0.0,0.0
10.74,0,86.24,0.0,0.0
10.74,0,95.54,0.0,0.0
10.74,0,92.7,0.0,0.0
10.74,0,83.31,0.0,0.0
10.74,0,72.78,0.0,0.0
8.35,0,58.72,0.0,0.0
8.35,0,55.81,0.0,0.0
2.36,0,1.9,0.0,0.0
2.36,0,2.0,0.0,0.0
2.36,0,0.81,0.0,0.0
2.36,0,0.78,0.0,0.0
2.36,0,0.7,0.0,0.0
2.36,0,0.0,0.0,0.0
2.36,0,0.0,0.0,0.0
2.36,0,0.0,0.0,0.0
2.36,0,0.0,0.0,0.0
2.36,0,3.8,0.0,0.0
4.77,0,15.85,0.0,0.0
7.16,0,30.44,0.0,0.0
10.74,0,58.41,0.0,0.0
10.74,0,69.14,0.0,0.0
10.74,0,82.37,0.0,0.0
10.74,0,83.46,0.0,0.0
10.74,0,83.2,0.0,0.0
10.74,0,84.38,0.0,0.0
10.74,0,90.04,0.0,0.0
10.74,0,87.21,0.0,0.0
10.74,0,79.38,0.0,0.0
10.74,0,71.42,0.0,0.0
8.35,0,57.57,0.0,0.0
8.35,0,55.04,0.0,0.0
2.36,0,0.87,0.0,0.0
2.36,0,0.82,0.0,0.0
2.36,0,0.0,0.0,0.0
2.36,0,0.0,0.0,0.0
2.36,0,0.0,0.0,0.0
2.36,0,0.0,0.0,0.0
2.36,0,0.0,0.0,0.0
2.36,0,0.0,0.0,0.0
2.36,0,0.0,0.0,0.0
2.36,0,1.76,0.0,0.0
4.77,0,2.68,0.0,0.0
7.16,0,0.0,0.0,0.0
10.74,0,0.25,0.0,0.0
10.74,0,0.52,0.0,0.0
10.74,0,1.06,0.0,0.0
10.74,0,1.32,0.0,0.0
10.74,0,1.42,0.0,0.0
10.74,0,0.69,0.0,0.0
10.74,0,1.23,0.0,0.0
10.74,0,1.21,0.0,0.0
10.74,0,1.22,0.0,0.0
10.74,0,0.48,0.0,0.0
8.35,0,0.52,0.0,0.0
8.35,0,0.0,0.0,0.0
2.36,0,0.0,0.0,0.0
2.36,0,0.0,0.0,0.0
2.36,0,0.0,0.0,0.0
2.36,0,0.0,0.0,0.0
2.36,0,0.0,0.0,0.0
2.36,0,0.0,0.0,0.0
2.36,0,0.0,0.0,0.0
2.36,0,0.0,0.0,0.0
2.36,0,0.0,0.0,0.0
2.36,0,1.75,0.0,0.0
4.77,0,4.14,0.0,0.0
7.16,0,4.99,0.0,0.0
10.74,0,5.43,0.0,0.0
10.74,0,7.64,0.0,0.0
10.74,0,10.3,0.0,0.0
10.74,0,17.06,0.0,0.0
10.74,0,12.93,0.0,0.0
10.74,0,13.38,0.0,0.0
10.74,0,23.01,0.0,0.0
10.74,0,22.08,0.0,0.0
10.74,0,15.64,0.0,0.0
10.74,0,8.06,0.0,0.0
8.35,0,5.35,0.0,0.0
8.35,0,0.46,0.0,0.0
2.36,0,0.0,0.0,0.0
2.36,0,0.0,0.0,0.0
2.36,0,0.0,0.0,0.0
2.36,0,0.0,0.0,0.0
1.77,0,0.0,0.0,0.0
1.77,0,0.0,0.0,0.0
1.77,0,0.0,0.0,0.0
1.77,0,0.0,0.0,0.0
1.77,0,0.0,0.0,0.0
1.77,0,1.66,0.0,0.0
3.58,0,2.65,0.0,0.0
5.97,0,0.0,0.0,0.0
9.55,0,2.93,0.0,0.0
10.74,0,34.42,0.0,0.0
10.74,0,64.99,0.0,0.0
10.74,0,70.32,0.0,0.0
10.74,0,76.3,0.0,0.0
10.74,0,82.41,0.0,0.0
10.74,0,85.11,0.0,0.0
10.74,0,82.48,0.0,0.0
10.74,0,74.19,0.0,0.0
8.35,0,48.84,0.0,0.0
5.97,0,33.17,0.0,0.0
5.97,0,25.32,0.0,0.0
3.58,0,12.22,0.0,0.0
1.77,0,0.67,0.0,0.0
1.77,0,0.0,0.0,0.0
1.77,0,0.0,0.0,0.0
1.77,0,0.0,0.0,0.0
1.77,0,0.0,0.0,0.0
1.77,0,0.0,0.0,0.0
1.77,0,0.0,0.0,0.0
1.77,0,0.0,0.0,0.0
1.77,0,0.0,0.0,0.0
1.77,0,0.0,0.0,0.0
1.77,0,0.83,0.0,0.0
3.58,0,11.89,0.0,0.0
7.16,0,31.08,0.0,0.0
7.16,0,48.43,0.0,0.0
9.55,0,71.08,0.0,0.0
9.55,0,79.19,0.0,0.0
9.55,0,80.19,0.0,0.0
9.55,0,78.79,0.0,0.0
9.55,0,76.22,0.0,0.0
7.16,0,58.44,0.0,0.0
4.77,0,38.2,0.0,0.0
1.77,0,2.95,0.0,0.0
1.77,0,3.32,0.0,0.0
1.77,0,1.03,0.0,0.0
1.77,0,0.67,0.0,0.0
1.77,0,0.57,0.0,0.0
1.77,0,0.0,0.0,0.0
2.36,0,0.0,0.0,0.0
2.36,0,0.0,0.0,0.0
2.36,0,0.0,0.0,0.0
2.36,0,0.0,0.0,0.0
2.36,0,0.0,0.0,0.0
2.36,0,1.55,0.0,0.0
4.77,0,2.73,0.0,0.0
7.16,0,2.76,0.0,0.0
10.74,0,39.3,0.0,0.0
10.74,0,60.29,0.0,0.0
10.74,0,80.51,0.0,0.0
10.74,0,87.46,0.0,0.0
10.74,0,99.72,0.0,0.0
10.74,0,109.6,0.0,0.0
10.74,0,114.59,0.0,0.0
10.74,0,108.23,0.0,0.0
10.74,0,97.48,0.0,0.0
10.74,0,81.4,0.0,0.0
8.35,0,60.51,0.0,0.0
8.35,0,54.98,0.0,0.0
2.36,0,3.4,0.0,0.0
2.36,0,2.34,0.0,0.0
2.36,0,2.32,0.0,0.0
2.36,0,1.44,0.0,0.0
2.36,0,0.71,0.0,0.0
2.36,0,0.0,0.0,0.0
2.36,0,0.0,0.0,0.0
2.36,0,0.0,0.0,0.0
2.36,0,0.0,0.0,0.0
2.36,0,2.34,0.0,0.0
4.77,0,3.99,0.0,0.0
7.16,0,14.77,0.0,0.0
10.74,0,55.01,0.0,0.0
10.74,0,68.12,0.0,0.0
10.74,0,83.78,0.0,0.0
10.74,0,94.02,0.0,0.0
10.74,0,101.68,0.0,0.0
10.74,0,100.78,0.0,0.0
10.74,0,102.66,0.0,0.0
10.74,0,96.85,0.0,0.0
10.74,0,85.59,0.0,0.0
10.74,0,73.98,0.0,0.0
8.35,0,57.92,0.0,0.0
8.35,0,53.99,0.0,0.0
2.36,0,2.97,0.0,0.0
2.36,0,2.71,0.0,0.0
2.36,0,1.75,0.0,0.0
2.36,0,0.92,0.0,0.0
2.36,0,0.67,0.0,0.0
2.36,0,0.68,0.0,0.0
2.36,0,0.48,0.0,0.0
2.36,0,0.57,0.0,0.0
2.36,0,0.0,0.0,0.0
2.36,0,3.15,0.0,0.0
4.77,0,14.53,0.0,0.0
7.16,0,33.71,0.0,0.0
10.74,0,66.59,0.0,0.0
10.74,0,81.75,0.0,0.0
10.74,0,100.55,0.0,0.0
10.74,0,102.59,0.0,0.0
10.74,0,103.76,0.0,0.0
10.74,0,107.88,0.0,0.0
10.74,0,109.2,0.0,0.0
10.74,0,102.74,0.0,0.0
10.74,0,94.64,0.0,0.0
10.74,0,84.57,0.0,0.0
8.35,0,66.78,0.0,0.0
8.35,0,26.31,0.0,0.0
2.36,0,0.09,0.0,0.0
2.36,0,0.0,0.0,0.0
2.36,0,0.0,0.0,0.0
2.36,0,0.0,0.0,0.0
2.36,0,0.0,0.0,0.0
2.36,0,0.0,0.0,0.0
2.36,0,0.0,0.0,0.0
2.36,0,0.0,0.0,0.0
2.36,0,0.0,0.0,0.0
2.36,0,1.71,0.0,0.0
4.77,0,2.94,0.0,0.0
7.16,0,1.48,0.0,0.0
10.74,0,4.83,0.0,0.0
10.74,0,5.54,0.0,0.0
10.74,0,5.79,0.0,0.0
10.74,0,1.37,0.0,0.0
10.74,0,5.12,0.0,0.0
10.74,0,8.31,0.0,0.0
10.74,0,20.31,0.0,0.0
10.74,0,44.1,0.0,0.0
10.74,0,41.12,0.0,0.0
10.74,0,23.23,0.0,0.0
8.35,0,9.58,0.0,0.0
8.35,0,6.31,0.0,0.0
2.36,0,0.0,0.0,0.0
2.36,0,0.0,0.0,0.0
2.36,0,0.0,0.0,0.0
2.36,0,0.0,0.0,0.0
2.36,0,0.0,0.0,0.0
2.36,0,0.0,0.0,0.0
2.36,0,0.0,0.0,0.0
2.36,0,0.0,0.0,0.0
2.36,0,0.0,0.0,0.0
2.36,0,1.65,0.0,0.0
4.77,0,3.92,0.0,0.0
7.16,0,0.0,0.0,0.0
10.74,0,0.0,0.0,0.0
10.74,0,0.68,0.0,0.0
10.74,0,9.9,0.0,0.0
10.74,0,8.86,0.0,0.0
10.74,0,0.57,0.0,0.0
10.74,0,0.0,0.0,0.0
10.74,0,0.0,0.0,0.0
10.74,0,0.0,0.0,0.0
10.74,0,0.0,0.0,0.0
10.74,0,0.0,0.0,0.0
8.35,0,2.61,0.0,0.0
8.35,0,4.91,0.0,0.0
2.36,0,0.0,0.0,0.0
2.36,0,0.0,0.0,0.0
2.36,0,0.0,0.0,0.0
2.36,0,0.0,0.0,0.0
1.77,0,0.0,0.0,0.0
1.77,0,0.0,0.0,0.0
1.77,0,0.0,0.0,0.0
1.77,0,0.0,0.0,0.0
1.77,0,0.36,0.0,0.0
1.77,0,0.0,0.0,0.0
3.58,0,0.0,0.0,0.0
5.97,0,0.0,0.0,0.0
9.55,0,0.63,0.0,0.0
10.74,0,3.31,0.0,0.0
10.74,0,3.22,0.0,0.0
10.74,0,3.15,0.0,0.0
10.74,0,3.13,0.0,0.0
10.74,0,3.16,0.0,0.0
10.74,0,3.05,0.0,0.0
10.74,0,3.05,0.0,0.0
10.74,0,3.04,0.0,0.0
8.35,0,0.0,0.0,0.0
5.97,0,0.0,0.0,0.0
5.97,0,0.0,0.0,0.0
3.58,0,0.0,0.0,0.0
1.77,0,0.0,0.0,0.0
1.77,0,0.0,0.0,0.0
1.77,0,0.0,0.0,0.0
1.77,0,0.0,0.0,0.0
1.77,0,0.0,0.0,0.0
1.77,0,0.0,0.0,0.0
1.77,0,0.0,0.0,0.0
1.77,0,0.0,0.0,0.0
1.77,0,0.0,0.0,0.0
1.77,0,0.31,0.0,0.0
1.77,0,0.0,0.0,0.0
3.58,0,0.51,0.0,0.0
7.16,0,0.76,0.0,0.0
7.16,0,0.42,0.0,0.0
9.55,0,0.32,0.0,0.0
9.55,0,0.33,0.0,0.0
9.55,0,0.33,0.0,0.0
9.55,0,0.33,0.0,0.0
9.55,0,0.33,0.0,0.0
7.16,0,0.33,0.0,0.0
4.77,0,0.0,0.0,0.0
1.77,0,0.0,0.0,0.0
1.77,0,0.0,0.0,0.0
1.77,0,0.0,0.0,0.0
1.77,0,0.0,0.0,0.0
1.77,0,0.0,0.0,0.0
1.77,0,0.0,0.0,0.0
2.36,0,0.0,0.0,0.0
2.36,0,0.0,0.0,0.0
2.36,0,0.0,0.0,0.0
2.36,0,0.0,0.0,0.0
2.36,0,0.3,0.0,0.0
2.36,0,0.6,0.0,0.0
4.77,0,0.51,0.0,0.0
7.16,0,0.12,0.0,0.0
10.74,0,0.61,0.0,0.0
10.74,0,0.9,0.0,0.0
10.74,0,5.03,0.0,0.0
10.74,0,2.21,0.0,0.0
10.74,0,5.38,0.0,0.0
10.74,0,7.16,0.0,0.0
10.74,0,10.09,0.0,0.0
10.74,0,8.36,0.0,0.0
10.74,0,4.8,0.0,0.0
10.74,0,0.25,0.0,0.0
8.35,0,0.32,0.0,0.0
8.35,0,0.0,0.0,0.0
2.36,0,0.0,0.0,0.0
2.36,0,0.0,0.0,0.0
2.36,0,0.0,0.0,0.0
2.36,0,0.0,0.0,0.0
2.36,0,0.0,0.0,0.0
2.36,0,0.0,0.0,0.0
2.36,0,0.0,0.0,0.0
2.36,0,0.0,0.0,0.0
2.36,0,0.0,0.0,0.0
2.36,0,1.06,0.0,0.0
4.77,0,0.51,0.0,0.0
7.16,0,1.82,0.0,0.0
10.74,0,11.77,0.0,0.0
10.74,0,32.22,0.0,0.0
10.74,0,47.83,0.0,0.0
10.74,0,55.96,0.0,0.0
10.74,0,64.02,0.0,0.0
10.74,0,66.51,0.0,0.0
10.74,0,72.0,0.0,0.0
10.74,0,67.65,0.0,0.0
10.74,0,58.31,0.0,0.0
10.74,0,44.61,0.0,0.0
8.35,0,27.11,0.0,0.0
8.35,0,24.28,0.0,0.0
2.36,0,0.73,0.0,0.0
2.36,0,0.66,0.0,0.0
2.36,0,0.58,0.0,0.0
2.36,0,0.0,0.0,0.0
2.36,0,0.0,0.0,0.0
2.36,0,0.0,0.0,0.0
2.36,0,0.0,0.0,0.0
2.36,0,0.0,0.0,0.0
2.36,0,0.0,0.0,0.0
2.36,0,1.72,0.0,0.0
4.77,0,5.9,0.0,0.0
7.16,0,9.19,0.0,0.0
10.74,0,36.98,0.0,0.0
10.74,0,37.4,0.0,0.0
10.74,0,44.91,0.0,0.0
10.74,0,40.6,0.0,0.0
10.74,0,42.38,0.0,0.0
10.74,0,49.03,0.0,0.0
10.74,0,51.55,0.0,0.0
10.74,0,46.08,0.0,0.0
10.74,0,38.92,0.0,0.0
10.74,0,31.6,0.0,0.0
8.35,0,21.16,0.0,0.0
8.35,0,18.07,0.0,0.0
2.36,0,0.0,0.0,0.0
2.36,0,0.0,0.0,0.0
2.36,0,0.0,0.0,0.0
2.36,0,0.0,0.0,0.0
2.36,0,0.0,0.0,0.0
2.36,0,0.0,0.0,0.0
2.36,0,0.0,0.0,0.0
2.36,0,0.0,0.0,0.0
2.36,0,0.0,0.0,0.0
2.36,0,1.37,0.0,0.0
4.77,0,0.5,0.0,0.0
7.16,0,0.35,0.0,0.0
10.74,0,0.0,0.0,0.0
10.74,0,0.0,0.0,0.0
10.74,0,0.38,0.0,0.0
10.74,0,3.31,0.0,0.0
10.74,0,8.02,0.0,0.0
10.74,0,15.56,0.0,0.0
10.74,0,22.82,0.0,0.0
10.74,0,26.56,0.0,0.0
10.74,0,20.87,0.0,0.0
10.74,0,8.34,0.0,0.0
8.35,0,4.27,0.0,0.0
8.35,0,0.3,0.0,0.0
2.36,0,0.07,0.0,0.0
2.36,0,0.0,0.0,0.0
2.36,0,0.0,0.0,0.0
2.36,0,0.0,0.0,0.0
2.36,0,0.0,0.0,0.0
2.36,0,0.0,0.0,0.0
2.36,0,0.0,0.0,0.0
2.36,0,0.0,0.0,0.0
2.36,0,0.0,0.0,0.0
2.36,0,1.06,0.0,0.0
4.77,0,0.32,0.0,0.0
7.16,0,3.97,0.0,0.0
10.74,0,11.99,0.0,0.0
10.74,0,24.23,0.0,0.0
10.74,0,38.08,0.0,0.0
10.74,0,48.57,0.0,0.0
10.74,0,53.46,0.0,0.0
10.74,0,65.32,0.0,0.0
10.74,0,76.4,0.0,0.0
10.74,0,75.27,0.0,0.0
10.74,0,66.67,0.0,0.0
10.74,0,57.21,0.0,0.0
8.35,0,43.73,0.0,0.0
8.35,0,40.55,0.0,0.0
2.36,0,0.82,0.0,0.0
2.36,0,0.75,0.0,0.0
2.36,0,0.68,0.0,0.0
2.36,0,0.0,0.0,0.0
1.77,0,0.0,0.0,0.0
1.77,0,0.0,0.0,0.0
1.77,0,0.0,0.0,0.0
1.77,0,0.0,0.0,0.0
1.77,0,0.0,0.0,0.0
1.77,0,1.73,0.0,0.0
3.58,0,2.11,0.0,0.0
5.97,0,0.0,0.0,0.0
9.55,0,6.15,0.0,0.0
10.74,0,5.07,0.0,0.0
10.74,0,7.9,0.0,0.0
10.74,0,9.05,0.0,0.0
10.74,0,9.39,0.0,0.0
10.74,0,10.98,0.0,0.0
10.74,0,21.46,0.0,0.0
10.74,0,27.09,0.0,0.0
10.74,0,14.88,0.0,0.0
8.35,0,5.31,0.0,0.0
5.97,0,5.06,0.0,0.0
5.97,0,0.0,0.0,0.0
3.58,0,0.0,0.0,0.0
1.77,0,0.0,0.0,0.0
1.77,0,0.0,0.0,0.0
1.77,0,0.0,0.0,0.0
1.77,0,0.0,0.0,0.0
1.77,0,0.0,0.0,0.0
1.77,0,0.0,0.0,0.0
1.77,0,0.0,0.0,0.0
1.77,0,0.0,0.0,0.0
1.77,0,0.0,0.0,0.0
1.77,0,0.0,0.0,0.0
1.77,0,0.0,0.0,0.0
3.58,0,3.91,0.0,0.0
7.16,0,5.19,0.0,0.0
7.16,0,6.86,0.0,0.0
9.55,0,11.34,0.0,0.0
9.55,0,35.85,0.0,0.0
9.55,0,53.47,0.0,0.0
9.55,0,57.71,0.0,0.0
9.55,0,59.29,0.0,0.0
7.16,0,41.33,0.0,0.0
4.77,0,26.18,0.0,0.0
1.77,0,2.0,0.0,0.0
1.77,0,0.79,0.0,0.0
1.77,0,0.49,0.0,0.0
1.77,0,0.0,0.0,0.0
1.77,0,0.0,0.0,0.0
1.77,0,0.0,0.0,0.0
2.36,0,0.0,0.0,0.0
2.36,0,0.0,0.0,0.0
2.36,0,0.0,0.0,0.0
2.36,0,0.0,0.0,0.0
2.36,0,0.0,0.0,0.0
2.36,0,1.36,0.0,0.0
4.77,0,3.61,0.0,0.0
7.16,0,0.0,0.0,0.0
10.74,0,4.69,0.0,0.0
10.74,0,11.23,0.0,0.0
10.74,0,20.51,0.0,0.0
10.74,0,29.2,0.0,0.0
10.74,0,27.7,0.0,0.0
10.74,0,13.55,0.0,0.0
10.74,0,17.69,0.0,0.0
10.74,0,32.51,0.0,0.0
10.74,0,34.39,0.0,0.0
10.74,0,15.63,0.0,0.0
8.35,0,7.69,0.0,0.0
8.35,0,0.68,0.0,0.0
2.36,0,0.0,0.0,0.0
2.36,0,0.0,0.0,0.0
2.36,0,0.0,0.0,0.0
2.36,0,0.0,0.0,0.0
2.36,0,0.0,0.0,0.0
2.36,0,0.0,0.0,0.0
2.36,0,0.0,0.0,0.0
2.36,0,0.0,0.0,0.0
2.36,0,0.0,0.0,0.0
2.36,0,1.86,0.0,0.0
4.77,0,5.69,0.0,0.0
7.16,0,9.2,0.0,0.0
10.74,0,41.83,0.0,0.0
10.74,0,56.27,0.0,0.0
10.74,0,69.52,0.0,0.0
10.74,0,77.13,0.0,0.0
10.74,0,78.77,0.0,0.0
10.74,0,78.21,0.0,0.0
10.74,0,85.99,0.0,0.0
10.74,0,83.73,0.0,0.0
10.74,0,74.6,0.0,0.0
10.74,0,65.32,0.0,0.0
8.35,0,49.88,0.0,0.0
8.35,0,45.07,0.0,0.0
2.36,0,0.81,0.0,0.0
2.36,0,0.74,0.0,0.0
2.36,0,0.0,0.0,0.0
2.36,0,0.0,0.0,0.0
2.36,0,0.0,0.0,0.0
2.36,0,0.0,0.0,0.0
2.36,0,0.0,0.0,0.0
2.36,0,0.0,0.0,0.0
2.36,0,0.0,0.0,0.0
2.36,0,2.71,0.0,0.0
4.77,0,11.64,0.0,0.0
7.16,0,31.58,0.0,0.0
10.74,0,68.87,0.0,0.0
10.74,0,80.33,0.0,0.0
10.74,0,94.02,0.0,0.0
10.74,0,97.63,0.0,0.0
10.74,0,98.17,0.0,0.0
10.74,0,98.13,0.0,0.0
10.74,0,100.74,0.0,0.0
10.74,0,97.6,0.0,0.0
10.74,0,91.0,0.0,0.0
10.74,0,82.78,0.0,0.0
8.35,0,67.45,0.0,0.0
8.35,0,64.19,0.0,0.0
2.36,0,2.38,0.0,0.0
2.36,0,1.57,0.0,0.0
2.36,0,0.87,0.0,0.0
2.36,0,0.8,0.0,0.0
2.36,0,0.13,0.0,0.0
2.36,0,0.6,0.0,0.0
2.36,0,0.0,0.0,0.0
2.36,0,0.0,0.0,0.0
2.36,0,0.0,0.0,0.0
2.36,0,3.88,0.0,0.0
4.77,0,19.02,0.0,0.0
7.16,0,31.63,0.0,0.0
10.74,0,54.15,0.0,0.0
10.74,0,15.03,0.0,0.0
10.74,0,0.53,0.0,0.0
10.74,0,0.0,0.0,0.0
10.74,0,0.0,0.0,0.0
10.74,0,0.0,0.0,0.0
10.74,0,0.0,0.0,0.0
10.74,0,0.0,0.0,0.0
10.74,0,0.0,0.0,0.0
10.74,0,0.0,0.0,0.0
8.35,0,0.0,0.0,0.0
8.35,0,0.0,0.0,0.0
2.36,0,0.0,0.0,0.0
2.36,0,0.0,0.0,0.0
2.36,0,0.0,0.0,0.0
2.36,0,0.0,0.0,0.0
2.36,0,0.0,0.0,0.0
2.36,0,0.0,0.0,0.0
2.36,0,0.0,0.0,0.0
2.36,0,0.0,0.0,0.0
2.36,0,0.43,0.0,0.0
2.36,0,0.0,0.0,0.0
4.77,0,0.0,0.0,0.0
7.16,0,0.36,0.0,0.0
10.74,0,0.0,0.0,0.0
10.74,0,0.0,0.0,0.0
10.74,0,0.06,0.0,0.0
10.74,0,2.24,0.0,0.0
10.74,0,7.48,0.0,0.0
10.74,0,12.01,0.0,0.0
10.74,0,18.02,0.0,0.0
10.74,0,17.33,0.0,0.0
10.74,0,7.75,0.0,0.0
10.74,0,4.12,0.0,0.0
8.35,0,3.08,0.0,0.0
8.35,0,0.0,0.0,0.0
2.36,0,0.0,0.0,0.0
2.36,0,0.0,0.0,0.0
2.36,0,0.0,0.0,0.0
2.36,0,0.0,0.0,0.0
1.77,0,0.0,0.0,0.0
1.77,0,0.0,0.0,0.0
1.77,0,0.0,0.0,0.0
1.77,0,0.0,0.0,0.0
1.77,0,0.0,0.0,0.0
1.77,0,0.9,0.0,0.0
3.58,0,0.16,0.0,0.0
5.97,0,0.51,0.0,0.0
9.55,0,1.87,0.0,0.0
10.74,0,2.9,0.0,0.0
10.74,0,6.9,0.0,0.0
10.74,0,20.09,0.0,0.0
10.74,0,32.93,0.0,0.0
10.74,0,38.89,0.0,0.0
10.74,0,42.12,0.0,0.0
10.74,0,42.54,0.0,0.0
10.74,0,29.61,0.0,0.0
8.35,0,6.02,0.0,0.0
5.97,0,3.06,0.0,0.0
5.97,0,0.0,0.0,0.0
3.58,0,0.0,0.0,0.0
1.77,0,0.0,0.0,0.0
1.77,0,0.0,0.0,0.0
1.77,0,0.0,0.0,0.0
1.77,0,0.0,0.0,0.0
1.77,0,0.0,0.0,0.0
1.77,0,0.0,0.0,0.0
1.77,0,0.0,0.0,0.0
1.77,0,0.0,0.0,0.0
1.77,0,0.0,0.0,0.0
1.77,0,0.0,0.0,0.0
1.77,0,0.0,0.0,0.0
3.58,0,1.69,0.0,0.0
7.16,0,3.81,0.0,0.0
7.16,0,6.99,0.0,0.0
9.55,0,25.12,0.0,0.0
9.55,0,37.04,0.0,0.0
9.55,0,42.54,0.0,0.0
9.55,0,40.33,0.0,0.0
9.55,0,50.13,0.0,0.0
7.16,0,35.28,0.0,0.0
4.77,0,8.4,0.0,0.0
1.77,0,0.47,0.0,0.0
1.77,0,0.0,0.0,0.0
1.77,0,0.0,0.0,0.0
1.77,0,0.0,0.0,0.0
1.77,0,0.0,0.0,0.0
1.77,0,0.0,0.0,0.0
2.36,0,0.0,0.0,0.0
2.36,0,0.0,0.0,0.0
2.36,0,0.0,0.0,0.0
2.36,0,0.0,0.0,0.0
2.36,0,0.0,0.0,0.0
2.36,0,1.0,0.0,0.0
4.77,0,1.44,0.0,0.0
7.16,0,3.83,0.0,0.0
10.74,0,15.77,0.0,0.0
10.74,0,39.18,0.0,0.0
10.74,0,60.3,0.0,0.0
10.74,0,67.51,0.0,0.0
10.74,0,68.17,0.0,0.0
10.74,0,73.07,0.0,0.0
10.74,0,79.22,0.0,0.0
10.74,0,74.93,0.0,0.0
10.74,0,62.92,0.0,0.0
10.74,0,50.13,0.0,0.0
8.35,0,29.35,0.0,0.0
8.35,0,14.36,0.0,0.0
2.36,0,0.45,0.0,0.0
2.36,0,0.25,0.0,0.0
2.36,0,0.0,0.0,0.0
2.36,0,0.0,0.0,0.0
2.36,0,0.0,0.0,0.0
2.36,0,0.0,0.0,0.0
2.36,0,0.0,0.0,0.0
2.36,0,0.0,0.0,0.0
2.36,0,0.0,0.0,0.0
2.36,0,1.21,0.0,0.0
4.77,0,0.56,0.0,0.0
7.16,0,0.0,0.0,0.0
10.74,0,1.02,0.0,0.0
10.74,0,12.94,0.0,0.0
10.74,0,34.72,0.0,0.0
10.74,0,42.0,0.0,0.0
10.74,0,47.78,0.0,0.0
10.74,0,60.19,0.0,0.0
10.74,0,68.87,0.0,0.0
10.74,0,62.57,0.0,0.0
10.74,0,55.87,0.0,0.0
10.74,0,42.65,0.0,0.0
8.35,0,14.03,0.0,0.0
8.35,0,7.99,0.0,0.0
2.36,0,0.25,0.0,0.0
2.36,0,0.0,0.0,0.0
2.36,0,0.0,0.0,0.0
2.36,0,0.0,0.0,0.0
2.36,0,0.0,0.0,0.0
2.36,0,0.0,0.0,0.0
2.36,0,0.0,0.0,0.0
2.36,0,0.0,0.0,0.0
2.36,0,0.0,0.0,0.0
2.36,0,1.32,0.0,0.0
4.77,0,3.25,0.0,0.0
7.16,0,0.66,0.0,0.0
10.74,0,6.1,0.0,0.0
10.74,0,27.86,0.0,0.0
10.74,0,47.62,0.0,0.0
10.74,0,58.14,0.0,0.0
10.74,0,61.94,0.0,0.0
10.74,0,62.3,0.0,0.0
10.74,0,65.47,0.0,0.0
10.74,0,69.38,0.0,0.0
10.74,0,63.89,0.0,0.0
10.74,0,42.94,0.0,0.0
8.35,0,22.17,0.0,0.0
8.35,0,15.02,0.0,0.0
2.36,0,0.4,0.0,0.0
2.36,0,0.18,0.0,0.0
2.36,0,0.0,0.0,0.0
2.36,0,0.0,0.0,0.0
2.36,0,0.0,0.0,0.0
2.36,0,0.0,0.0,0.0
2.36,0,0.0,0.0,0.0
2.36,0,0.0,0.0,0.0
2.36,0,0.0,0.0,0.0
2.36,0,0.99,0.0,0.0
4.77,0,2.5,0.0,0.0
7.16,0,0.0,0.0,0.0
10.74,0,0.83,0.0,0.0
10.74,0,9.59,0.0,0.0
10.74,0,27.18,0.0,0.0
10.74,0,37.12,0.0,0.0
10.74,0,48.82,0.0,0.0
10.74,0,58.15,0.0,0.0
10.74,0,64.89,0.0,0.0
10.74,0,60.33,0.0,0.0
10.74,0,50.31,0.0,0.0
10.74,0,34.06,0.0,0.0
8.35,0,13.63,0.0,0.0
8.35,0,5.67,0.0,0.0
2.36,0,0.32,0.0,0.0
2.36,0,0.23,0.0,0.0
2.36,0,0.0,0.0,0.0
2.36,0,0.0,0.0,0.0
2.36,0,0.0,0.0,0.0
2.36,0,0.0,0.0,0.0
2.36,0,0.0,0.0,0.0
2.36,0,0.0,0.0,0.0
2.36,0,0.0,0.0,0.0
2.36,0,0.88,0.0,0.0
4.77,0,2.15,0.0,0.0
7.16,0,0.0,0.0,0.0
10.74,0,4.76,0.0,0.0
10.74,0,18.61,0.0,0.0
10.74,0,40.4,0.0,0.0
10.74,0,41.5,0.0,0.0
10.74,0,42.45,0.0,0.0
10.74,0,44.17,0.0,0.0
10.74,0,48.11,0.0,0.0
10.74,0,46.11,0.0,0.0
10.74,0,34.37,0.0,0.0
10.74,0,13.88,0.0,0.0
8.35,0,4.53,0.0,0.0
8.35,0,0.36,0.0,0.0
2.36,0,0.12,0.0,0.0
2.36,0,0.0,0.0,0.0
2.36,0,0.0,0.0,0.0
2.36,0,0.0,0.0,0.0
1.77,0,0.0,0.0,0.0
1.77,0,0.0,0.0,0.0
1.77,0,0.0,0.0,0.0
1.77,0,0.0,0.0,0.0
1.77,0,0.0,0.0,0.0
1.77,0,1.05,0.0,0.0
3.58,0,0.65,0.0,0.0
5.97,0,1.44,0.0,0.0
9.55,0,10.66,0.0,0.0
10.74,0,35.74,0.0,0.0
10.74,0,54.74,0.0,0.0
10.74,0,64.1,0.0,0.0
10.74,0,71.89,0.0,0.0
10.74,0,76.57,0.0,0.0
10.74,0,75.03,0.0,0.0
10.74,0,71.88,0.0,0.0
10.74,0,59.49,0.0,0.0
8.35,0,35.19,0.0,0.0
5.97,0,23.28,0.0,0.0
5.97,0,16.77,0.0,0.0
3.58,0,7.6,0.0,0.0
1.77,0,0.0,0.0,0.0
1.77,0,0.0,0.0,0.0
1.77,0,0.0,0.0,0.0
1.77,0,0.0,0.0,0.0
1.77,0,0.0,0.0,0.0
1.77,0,0.0,0.0,0.0
1.77,0,0.0,0.0,0.0
1.77,0,0.0,0.0,0.0
1.77,0,0.0,0.0,0.0
1.77,0,0.0,0.0,0.0
1.77,0,0.33,0.0,0.0
3.58,0,9.68,0.0,0.0
7.16,0,18.72,0.0,0.0
7.16,0,39.45,0.0,0.0
9.55,0,58.51,0.0,0.0
9.55,0,61.99,0.0,0.0
9.55,0,65.21,0.0,0.0
9.55,0,69.49,0.0,0.0
9.55,0,73.14,0.0,0.0
7.16,0,59.9,0.0,0.0
4.77,0,42.39,0.0,0.0
1.77,0,0.82,0.0,0.0
1.77,0,0.75,0.0,0.0
1.77,0,0.66,0.0,0.0
1.77,0,0.0,0.0,0.0
1.77,0,0.0,0.0,0.0
1.77,0,0.0,0.0,0.0
2.36,0,0.0,0.0,0.0
2.36,0,0.0,0.0,0.0
2.36,0,0.0,0.0,0.0
2.36,0,0.0,0.0,0.0
2.36,0,0.0,0.0,0.0
2.36,0,1.82,0.0,0.0
4.77,0,0.61,0.0,0.0
7.16,0,0.0,0.0,0.0
10.74,0,3.68,0.0,0.0
10.74,0,7.67,0.0,0.0
10.74,0,25.24,0.0,0.0
10.74,0,58.17,0.0,0.0
10.74,0,75.28,0.0,0.0
10.74,0,74.76,0.0,0.0
10.74,0,72.36,0.0,0.0
10.74,0,64.46,0.0,0.0
10.74,0,54.03,0.0,0.0
10.74,0,45.27,0.0,0.0
8.35,0,27.4,0.0,0.0
8.35,0,19.95,0.0,0.0
2.36,0,0.0,0.0,0.0
2.36,0,0.0,0.0,0.0
2.36,0,0.0,0.0,0.0
2.36,0,0.0,0.0,0.0
2.36,0,0.0,0.0,0.0
2.36,0,0.0,0.0,0.0
2.36,0,0.0,0.0,0.0
2.36,0,0.0,0.0,0.0
2.36,0,0.0,0.0,0.0
2.36,0,1.76,0.0,0.0
4.77,0,2.45,0.0,0.0
7.16,0,0.0,0.0,0.0
10.74,0,8.89,0.0,0.0
10.74,0,4.14,0.0,0.0
10.74,0,6.23,0.0,0.0
10.74,0,10.96,0.0,0.0
10.74,0,12.55,0.0,0.0
10.74,0,24.66,0.0,0.0
10.74,0,41.99,0.0,0.0
10.74,0,41.78,0.0,0.0
10.74,0,28.67,0.0,0.0
10.74,0,15.89,0.0,0.0
8.35,0,11.37,0.0,0.0
8.35,0,8.81,0.0,0.0
2.36,0,0.59,0.0,0.0
2.36,0,0.0,0.0,0.0
2.36,0,0.0,0.0,0.0
2.36,0,0.0,0.0,0.0
2.36,0,0.0,0.0,0.0
2.36,0,0.0,0.0,0.0
2.36,0,0.0,0.0,0.0
2.36,0,0.0,0.0,0.0
2.36,0,0.0,0.0,0.0
2.36,0,1.74,0.0,0.0
4.77,0,4.16,0.0,0.0
7.16,0,0.0,0.0,0.0
10.74,0,1.29,0.0,0.0
10.74,0,15.48,0.0,0.0
10.74,0,51.24,0.0,0.0
10.74,0,74.44,0.0,0.0
10.74,0,79.85,0.0,0.0
10.74,0,79.61,0.0,0.0
10.74,0,85.18,0.0,0.0
10.74,0,80.66,0.0,0.0
10.74,0,66.59,0.0,0.0
10.74,0,53.64,0.0,0.0
8.35,0,38.59,0.0,0.0
8.35,0,36.23,0.0,0.0
2.36,0,0.75,0.0,0.0
2.36,0,0.72,0.0,0.0
2.36,0,0.0,0.0,0.0
2.36,0,0.0,0.0,0.0
2.36,0,0.0,0.0,0.0
2.36,0,0.0,0.0,0.0
2.36,0,0.0,0.0,0.0
2.36,0,0.0,0.0,0.0
2.36,0,0.0,0.0,0.0
2.36,0,1.76,0.0,0.0
4.77,0,3.84,0.0,0.0
7.16,0,9.27,0.0,0.0
10.74,0,34.68,0.0,0.0
10.74,0,37.3,0.0,0.0
10.74,0,46.82,0.0,0.0
10.74,0,48.65,0.0,0.0
10.74,0,52.4,0.0,0.0
10.74,0,58.11,0.0,0.0
10.74,0,60.13,0.0,0.0
10.74,0,53.8,0.0,0.0
10.74,0,40.7,0.0,0.0
10.74,0,32.5,0.0,0.0
8.35,0,22.36,0.0,0.0
8.35,0,11.08,0.0,0.0
2.36,0,0.0,0.0,0.0
2.36,0,0.0,0.0,0.0
2.36,0,0.0,0.0,0.0
2.36,0,0.0,0.0,0.0
2.36,0,0.0,0.0,0.0
2.36,0,0.0,0.0,0.0
2.36,0,0.0,0.0,0.0
2.36,0,0.0,0.0,0.0
2.36,0,0.0,0.0,0.0
2.36,0,1.56,0.0,0.0
4.77,0,0.9,0.0,0.0
7.16,0,0.2,0.0,0.0
10.74,0,5.74,0.0,0.0
10.74,0,6.2,0.0,0.0
10.74,0,7.76,0.0,0.0
10.74,0,13.72,0.0,0.0
10.74,0,25.31,0.0,0.0
10.74,0,21.6,0.0,0.0
10.74,0,24.02,0.0,0.0
10.74,0,24.44,0.0,0.0
10.74,0,11.43,0.0,0.0
10.74,0,10.34,0.0,0.0
8.35,0,7.71,0.0,0.0
8.35,0,5.7,0.0,0.0
2.36,0,0.0,0.0,0.0
2.36,0,0.0,0.0,0.0
2.36,0,0.0,0.0,0.0
2.36,0,0.0,0.0,0.0
1.77,0,0.0,0.0,0.0
1.77,0,0.0,0.0,0.0
1.77,0,0.0,0.0,0.0
1.77,0,0.0,0.0,0.0
1.77,0,0.0,0.0,0.0
1.77,0,1.88,0.0,0.0
3.58,0,4.99,0.0,0.0
5.97,0,5.28,0.0,0.0
9.55,0,11.76,0.0,0.0
10.74,0,28.4,0.0,0.0
10.74,0,45.66,0.0,0.0
10.74,0,51.1,0.0,0.0
10.74,0,49.7,0.0,0.0
10.74,0,49.15,0.0,0.0
10.74,0,48.31,0.0,0.0
10.74,0,50.46,0.0,0.0
10.74,0,41.37,0.0,0.0
8.35,0,12.6,0.0,0.0
5.97,0,8.38,0.0,0.0
5.97,0,2.36,0.0,0.0
3.58,0,0.69,0.0,0.0
1.77,0,0.0,0.0,0.0
1.77,0,0.0,0.0,0.0
1.77,0,0.0,0.0,0.0
1.77,0,0.0,0.0,0.0
1.77,0,0.0,0.0,0.0
1.77,0,0.0,0.0,0.0
1.77,0,0.0,0.0,0.0
1.77,0,0.0,0.0,0.0
1.77,0,0.0,0.0,0.0
1.77,0,0.0,0.0,0.0
1.77,0,2.71,0.0,0.0
3.58,0,4.63,0.0,0.0
7.16,0,25.23,0.0,0.0
7.16,0,39.63,0.0,0.0
9.55,0,48.26,0.0,0.0
9.55,0,55.01,0.0,0.0
9.55,0,59.73,0.0,0.0
9.55,0,57.38,0.0,0.0
9.55,0,51.84,0.0,0.0
7.16,0,37.32,0.0,0.0
4.77,0,22.7,0.0,0.0
1.77,0,1.36,0.0,0.0
1.77,0,1.02,0.0,0.0
1.77,0,0.55,0.0,0.0
1.77,0,0.0,0.0,0.0
1.77,0,0.0,0.0,0.0
1.77,0,0.0,0.0,0.0
2.36,0,0.0,0.0,0.0
2.36,0,0.0,0.0,0.0
2.36,0,0.0,0.0,0.0
2.36,0,0.0,0.0,0.0
2.36,0,0.0,0.0,0.0
2.36,0,1.53,0.0,0.0
4.77,0,6.41,0.0,0.0
7.16,0,12.04,0.0,0.0
10.74,0,46.63,0.0,0.0
10.74,0,62.25,0.0,0.0
10.74,0,76.62,0.0,0.0
10.74,0,81.19,0.0,0.0
10.74,0,86.73,0.0,0.0
10.74,0,87.8,0.0,0.0
10.74,0,89.13,0.0,0.0
10.74,0,83.63,0.0,0.0
10.74,0,74.5,0.0,0.0
10.74,0,64.09,0.0,0.0
8.35,0,48.01,0.0,0.0
8.35,0,42.97,0.0,0.0
2.36,0,0.91,0.0,0.0
2.36,0,1.28,0.0,0.0
2.36,0,0.62,0.0,0.0
2.36,0,0.0,0.0,0.0
2.36,0,0.0,0.0,0.0
2.36,0,0.0,0.0,0.0
2.36,0,0.0,0.0,0.0
2.36,0,0.0,0.0,0.0
2.36,0,0.0,0.0,0.0
2.36,0,1.76,0.0,0.0
4.77,0,5.44,0.0,0.0
7.16,0,20.49,0.0,0.0
10.74,0,57.61,0.0,0.0
10.74,0,67.28,0.0,0.0
10.74,0,79.28,0.0,0.0
10.74,0,86.85,0.0,0.0
10.74,0,96.61,0.0,0.0
10.74,0,101.93,0.0,0.0
10.74,0,101.03,0.0,0.0
10.74,0,95.78,0.0,0.0
10.74,0,81.18,0.0,0.0
10.74,0,65.46,0.0,0.0
8.35,0,48.25,0.0,0.0
8.35,0,42.75,0.0,0.0
2.36,0,0.98,0.0,0.0
2.36,0,1.37,0.0,0.0
2.36,0,0.65,0.0,0.0
2.36,0,0.59,0.0,0.0
2.36,0,0.0,0.0,0.0
2.36,0,0.0,0.0,0.0
2.36,0,0.0,0.0,0.0
2.36,0,0.0,0.0,0.0
2.36,0,0.0,0.0,0.0
2.36,0,1.77,0.0,0.0
4.77,0,6.85,0.0,0.0
7.16,0,25.17,0.0,0.0
10.74,0,55.82,0.0,0.0
10.74,0,67.13,0.0,0.0
10.74,0,82.78,0.0,0.0
10.74,0,85.81,0.0,0.0
10.74,0,80.85,0.0,0.0
10.74,0,78.52,0.0,0.0
10.74,0,84.97,0.0,0.0
10.74,0,86.05,0.0,0.0
10.74,0,78.85,0.0,0.0
10.74,0,67.92,0.0,0.0
8.35,0,49.89,0.0,0.0
8.35,0,42.44,0.0,0.0
2.36,0,0.76,0.0,0.0
2.36,0,0.62,0.0,0.0
2.36,0,0.0,0.0,0.0
2.36,0,0.0,0.0,0.0
2.36,0,0.0,0.0,0.0
2.36,0,0.0,0.0,0.0
2.36,0,0.0,0.0,0.0
2.36,0,0.0,0.0,0.0
2.36,0,0.0,0.0,0.0
2.36,0,1.57,0.0,0.0
4.77,0,1.46,0.0,0.0
7.16,0,2.86,0.0,0.0
10.74,0,5.25,0.0,0.0
10.74,0,18.98,0.0,0.0
10.74,0,62.36,0.0,0.0
10.74,0,82.09,0.0,0.0
10.74,0,90.69,0.0,0.0
10.74,0,95.79,0.0,0.0
10.74,0,98.97,0.0,0.0
10.74,0,94.3,0.0,0.0
10.74,0,83.47,0.0,0.0
10.74,0,71.36,0.0,0.0
8.35,0,53.45,0.0,0.0
8.35,0,45.93,0.0,0.0
2.36,0,0.99,0.0,0.0
2.36,0,2.31,0.0,0.0
2.36,0,0.69,0.0,0.0
2.36,0,0.62,0.0,0.0
2.36,0,0.0,0.0,0.0
2.36,0,0.0,0.0,0.0
2.36,0,0.0,0.0,0.0
2.36,0,0.0,0.0,0.0
2.36,0,0.0,0.0,0.0
2.36,0,1.3,0.0,0.0
4.77,0,3.21,0.0,0.0
7.16,0,5.16,0.0,0.0
10.74,0,29.24,0.0,0.0
10.74,0,52.95,0.0,0.0
10.74,0,72.1,0.0,0.0
10.74,0,75.56,0.0,0.0
10.74,0,75.47,0.0,0.0
10.74,0,80.13,0.0,0.0
10.74,0,84.16,0.0,0.0
10.74,0,79.21,0.0,0.0
10.74,0,69.76,0.0,0.0
10.74,0,57.91,0.0,0.0
8.35,0,42.36,0.0,0.0
8.35,0,37.14,0.0,0.0
2.36,0,2.34,0.0,0.0
2.36,0,2.46,0.0,0.0
2.36,0,0.62,0.0,0.0
2.36,0,0.57,0.0,0.0
1.77,0,0.48,0.0,0.0
1.77,0,0.0,0.0,0.0
1.77,0,0.0,0.0,0.0
1.77,0,0.0,0.0,0.0
1.77,0,0.0,0.0,0.0
1.77,0,1.12,0.0,0.0
3.58,0,4.96,0.0,0.0
5.97,0,16.6,0.0,0.0
9.55,0,41.71,0.0,0.0
10.74,0,56.67,0.0,0.0
10.74,0,72.95,0.0,0.0
10.74,0,81.6,0.0,0.0
10.74,0,85.29,0.0,0.0
10.74,0,87.15,0.0,0.0
10.74,0,84.87,0.0,0.0
10.74,0,82.82,0.0,0.0
10.74,0,72.12,0.0,0.0
8.35,0,48.14,0.0,0.0
5.97,0,36.42,0.0,0.0
5.97,0,30.4,0.0,0.0
3.58,0,20.1,0.0,0.0
1.77,0,0.69,0.0,0.0
1.77,0,0.63,0.0,0.0
1.77,0,0.54,0.0,0.0
1.77,0,0.0,0.0,0.0
1.77,0,0.0,0.0,0.0
1.77,0,0.0,0.0,0.0
1.77,0,0.0,0.0,0.0
1.77,0,0.0,0.0,0.0
1.77,0,0.0,0.0,0.0
1.77,0,0.0,0.0,0.0
1.77,0,1.65,0.0,0.0
3.58,0,20.9,0.0,0.0
7.16,0,42.43,0.0,0.0
7.16,0,55.97,0.0,0.0
9.55,0,77.77,0.0,0.0
9.55,0,84.08,0.0,0.0
9.55,0,86.97,0.0,0.0
9.55,0,88.46,0.0,0.0
9.55,0,85.63,0.0,0.0
7.16,0,64.81,0.0,0.0
4.77,0,48.64,0.0,0.0
1.77,0,2.98,0.0,0.0
1.77,0,4.6,0.0,0.0
1.77,0,1.12,0.0,0.0
1.77,0,0.9,0.0,0.0
1.77,0,0.64,0.0,0.0
1.77,0,0.52,0.0,0.0
2.36,0,0.57,0.0,0.0
2.36,0,0.0,0.0,0.0
2.36,0,0.0,0.0,0.0
2.36,0,0.0,0.0,0.0
2.36,0,0.0,0.0,0.0
2.36,0,2.16,0.0,0.0
4.77,0,17.83,0.0,0.0
7.16,0,39.85,0.0,0.0
10.74,0,76.99,0.0,0.0
10.74,0,88.3,0.0,0.0
10.74,0,105.11,0.0,0.0
10.74,0,115.67,0.0,0.0
10.74,0,121.69,0.0,0.0
10.74,0,123.55,0.0,0.0
10.74,0,126.16,0.0,0.0
10.74,0,119.22,0.0,0.0
10.74,0,104.24,0.0,0.0
10.74,0,88.89,0.0,0.0
8.35,0,71.16,0.0,0.0
8.35,0,65.28,0.0,0.0
2.36,0,5.93,0.0,0.0
2.36,0,3.34,0.0,0.0
2.36,0,3.43,0.0,0.0
2.36,0,2.26,0.0,0.0
2.36,0,0.73,0.0,0.0
2.36,0,0.74,0.0,0.0
2.36,0,0.7,0.0,0.0
2.36,0,0.65,0.0,0.0
2.36,0,0.62,0.0,0.0
2.36,0,4.51,0.0,0.0
4.77,0,35.86,0.0,0.0
7.16,0,54.09,0.0,0.0
10.74,0,82.35,0.0,0.0
10.74,0,89.8,0.0,0.0
10.74,0,100.28,0.0,0.0
10.74,0,83.97,0.0,0.0
10.74,0,68.81,0.0,0.0
10.74,0,70.43,0.0,0.0
10.74,0,75.24,0.0,0.0
10.74,0,80.91,0.0,0.0
10.74,0,79.63,0.0,0.0
10.74,0,69.48,0.0,0.0
8.35,0,54.44,0.0,0.0
8.35,0,49.22,0.0,0.0
2.36,0,0.77,0.0,0.0
2.36,0,0.75,0.0,0.0
2.36,0,0.66,0.0,0.0
2.36,0,0.0,0.0,0.0
2.36,0,0.0,0.0,0.0
2.36,0,0.0,0.0,0.0
2.36,0,0.0,0.0,0.0
2.36,0,0.0,0.0,0.0
2.36,0,0.0,0.0,0.0
2.36,0,3.67,0.0,0.0
4.77,0,34.33,0.0,0.0
7.16,0,57.51,0.0,0.0
10.74,0,93.38,0.0,0.0
10.74,0,98.13,0.0,0.0
10.74,0,89.99,0.0,0.0
10.74,0,68.61,0.0,0.0
10.74,0,65.83,0.0,0.0
10.74,0,82.9,0.0,0.0
10.74,0,97.77,0.0,0.0
10.74,0,100.14,0.0,0.0
10.74,0,96.45,0.0,0.0
10.74,0,91.64,0.0,0.0
8.35,0,73.91,0.0,0.0
8.35,0,63.05,0.0,0.0
2.36,0,0.88,0.0,0.0
2.36,0,0.74,0.0,0.0
2.36,0,0.0,0.0,0.0
2.36,0,0.0,0.0,0.0
2.36,0,0.0,0.0,0.0
2.36,0,0.0,0.0,0.0
2.36,0,0.0,0.0,0.0
2.36,0,0.0,0.0,0.0
2.36,0,0.0,0.0,0.0
2.36,0,2.42,0.0,0.0
4.77,0,18.19,0.0,0.0
7.16,0,38.07,0.0,0.0
10.74,0,79.68,0.0,0.0
10.74,0,95.07,0.0,0.0
10.74,0,114.14,0.0,0.0
10.74,0,121.72,0.0,0.0
10.74,0,127.08,0.0,0.0
10.74,0,127.98,0.0,0.0
10.74,0,130.79,0.0,0.0
10.74,0,125.31,0.0,0.0
10.74,0,114.83,0.0,0.0
10.74,0,102.52,0.0,0.0
8.35,0,84.31,0.0,0.0
8.35,0,77.48,0.0,0.0
2.36,0,6.71,0.0,0.0
2.36,0,6.39,0.0,0.0
2.36,0,2.53,0.0,0.0
2.36,0,1.98,0.0,0.0
2.36,0,0.77,0.0,0.0
2.36,0,1.0,0.0,0.0
2.36,0,0.74,0.0,0.0
2.36,0,0.78,0.0,0.0
2.36,0,0.73,0.0,0.0
2.36,0,5.17,0.0,0.0
4.77,0,38.42,0.0,0.0
7.16,0,58.57,0.0,0.0
10.74,0,90.37,0.0,0.0
10.74,0,99.73,0.0,0.0
10.74,0,107.5,0.0,0.0
10.74,0,105.04,0.0,0.0
10.74,0,101.15,0.0,0.0
10.74,0,100.92,0.0,0.0
10.74,0,93.76,0.0,0.0
10.74,0,76.47,0.0,0.0
10.74,0,58.71,0.0,0.0
10.74,0,46.9,0.0,0.0
8.35,0,32.84,0.0,0.0
8.35,0,28.05,0.0,0.0
2.36,0,0.0,0.0,0.0
2.36,0,0.0,0.0,0.0
2.36,0,0.0,0.0,0.0
2.36,0,0.0,0.0,0.0
1.77,0,0.0,0.0,0.0
1.77,0,0.0,0.0,0.0
1.77,0,0.0,0.0,0.0
1.77,0,0.0,0.0,0.0
1.77,0,0.0,0.0,0.0
1.77,0,2.08,0.0,0.0
3.58,0,22.75,0.0,0.0
5.97,0,25.09,0.0,0.0
9.55,0,56.87,0.0,0.0
10.74,0,67.92,0.0,0.0
10.74,0,65.2,0.0,0.0
10.74,0,59.32,0.0,0.0
10.74,0,59.95,0.0,0.0
10.74,0,57.91,0.0,0.0
10.74,0,57.12,0.0,0.0
10.74,0,52.83,0.0,0.0
10.74,0,39.08,0.0,0.0
8.35,0,19.41,0.0,0.0
5.97,0,14.02,0.0,0.0
5.97,0,12.67,0.0,0.0
3.58,0,4.43,0.0,0.0
1.77,0,0.0,0.0,0.0
1.77,0,0.0,0.0,0.0
1.77,0,0.0,0.0,0.0
1.77,0,0.0,0.0,0.0
1.77,0,0.0,0.0,0.0
1.77,0,0.0,0.0,0.0
1.77,0,0.0,0.0,0.0
1.77,0,0.0,0.0,0.0
1.77,0,0.0,0.0,0.0
1.77,0,0.0,0.0,0.0
1.77,0,0.24,0.0,0.0
3.58,0,18.82,0.0,0.0
7.16,0,29.78,0.0,0.0
7.16,0,43.47,0.0,0.0
9.55,0,63.4,0.0,0.0
9.55,0,73.25,0.0,0.0
9.55,0,76.31,0.0,0.0
9.55,0,73.47,0.0,0.0
9.55,0,71.6,0.0,0.0
7.16,0,57.02,0.0,0.0
4.77,0,41.85,0.0,0.0
1.77,0,0.78,0.0,0.0
1.77,0,0.0,0.0,0.0
1.77,0,0.0,0.0,0.0
1.77,0,0.0,0.0,0.0
1.77,0,0.0,0.0,0.0
1.77,0,0.0,0.0,0.0
2.36,0,0.0,0.0,0.0
2.36,0,0.0,0.0,0.0
2.36,0,0.0,0.0,0.0
2.36,0,0.0,0.0,0.0
2.36,0,0.0,0.0,0.0
2.36,0,2.04,0.0,0.0
4.77,0,1.1,0.0,0.0
7.16,0,3.6,0.0,0.0
10.74,0,25.12,0.0,0.0
10.74,0,29.37,0.0,0.0
10.74,0,51.53,0.0,0.0
10.74,0,68.9,0.0,0.0
10.74,0,81.53,0.0,0.0
10.74,0,82.41,0.0,0.0
10.74,0,80.96,0.0,0.0
10.74,0,74.17,0.0,0.0
10.74,0,69.29,0.0,0.0
10.74,0,60.36,0.0,0.0
8.35,0,42.43,0.0,0.0
8.35,0,36.26,0.0,0.0
2.36,0,0.74,0.0,0.0
2.36,0,0.61,0.0,0.0
2.36,0,0.0,0.0,0.0
2.36,0,0.0,0.0,0.0
2.36,0,0.0,0.0,0.0
2.36,0,0.0,0.0,0.0
2.36,0,0.0,0.0,0.0
2.36,0,0.0,0.0,0.0
2.36,0,0.0,0.0,0.0
2.36,0,1.32,0.0,0.0
4.77,0,2.92,0.0,0.0
7.16,0,0.0,0.0,0.0
10.74,0,1.77,0.0,0.0
10.74,0,14.66,0.0,0.0
10.74,0,33.58,0.0,0.0
10.74,0,47.95,0.0,0.0
10.74,0,59.04,0.0,0.0
10.74,0,65.68,0.0,0.0
10.74,0,71.35,0.0,0.0
10.74,0,63.63,0.0,0.0
10.74,0,61.86,0.0,0.0
10.74,0,48.08,0.0,0.0
8.35,0,25.03,0.0,0.0
8.35,0,8.95,0.0,0.0
2.36,0,0.26,0.0,0.0
2.36,0,0.0,0.0,0.0
2.36,0,0.0,0.0,0.0
2.36,0,0.0,0.0,0.0
2.36,0,0.0,0.0,0.0
2.36,0,0.0,0.0,0.0
2.36,0,0.0,0.0,0.0
2.36,0,0.0,0.0,0.0
2.36,0,0.0,0.0,0.0
2.36,0,1.11,0.0,0.0
4.77,0,2.13,0.0,0.0
7.16,0,3.02,0.0,0.0
10.74,0,23.53,0.0,0.0
10.74,0,44.78,0.0,0.0
10.74,0,62.12,0.0,0.0
10.74,0,67.45,0.0,0.0
10.74,0,71.5,0.0,0.0
10.74,0,74.21,0.0,0.0
10.74,0,79.67,0.0,0.0
10.74,0,71.03,0.0,0.0
10.74,0,66.59,0.0,0.0
10.74,0,54.46,0.0,0.0
8.35,0,37.92,0.0,0.0
8.35,0,25.89,0.0,0.0
2.36,0,0.61,0.0,0.0
2.36,0,0.42,0.0,0.0
2.36,0,0.37,0.0,0.0
2.36,0,0.0,0.0,0.0
2.36,0,0.0,0.0,0.0
2.36,0,0.0,0.0,0.0
2.36,0,0.0,0.0,0.0
2.36,0,0.0,0.0,0.0
2.36,0,0.0,0.0,0.0
2.36,0,0.95,0.0,0.0
4.77,0,0.55,0.0,0.0
7.16,0,2.05,0.0,0.0
10.74,0,4.95,0.0,0.0
10.74,0,15.46,0.0,0.0
10.74,0,33.22,0.0,0.0
10.74,0,45.69,0.0,0.0
10.74,0,60.0,0.0,0.0
10.74,0,66.09,0.0,0.0
10.74,0,67.87,0.0,0.0
10.74,0,69.2,0.0,0.0
10.74,0,57.67,0.0,0.0
10.74,0,41.67,0.0,0.0
8.35,0,21.0,0.0,0.0
8.35,0,7.87,0.0,0.0
2.36,0,0.25,0.0,0.0
2.36,0,0.22,0.0,0.0
2.36,0,0.0,0.0,0.0
2.36,0,0.0,0.0,0.0
2.36,0,0.0,0.0,0.0
2.36,0,0.0,0.0,0.0
2.36,0,0.0,0.0,0.0
2.36,0,0.0,0.0,0.0
2.36,0,0.0,0.0,0.0
2.36,0,0.97,0.0,0.0
4.77,0,1.49,0.0,0.0
7.16,0,5.43,0.0,0.0
10.74,0,29.93,0.0,0.0
10.74,0,44.21,0.0,0.0
10.74,0,59.42,0.0,0.0
10.74,0,69.36,0.0,0.0
10.74,0,70.28,0.0,0.0
10.74,0,72.33,0.0,0.0
10.74,0,77.11,0.0,0.0
10.74,0,73.36,0.0,0.0
10.74,0,64.26,0.0,0.0
10.74,0,54.79,0.0,0.0
8.35,0,37.18,0.0,0.0
8.35,0,23.62,0.0,0.0
2.36,0,0.79,0.0,0.0
2.36,0,0.29,0.0,0.0
2.36,0,0.0,0.0,0.0
2.36,0,0.0,0.0,0.0
1.77,0,0.0,0.0,0.0
1.77,0,0.0,0.0,0.0
1.77,0,0.0,0.0,0.0
1.77,0,0.0,0.0,0.0
1.77,0,0.0,0.0,0.0
1.77,0,1.11,0.0,0.0
3.58,0,2.1,0.0,0.0
5.97,0,6.99,0.0,0.0
9.55,0,35.98,0.0,0.0
10.74,0,54.67,0.0,0.0
10.74,0,71.75,0.0,0.0
10.74,0,82.25,0.0,0.0
10.74,0,88.92,0.0,0.0
10.74,0,87.87,0.0,0.0
10.74,0,86.95,0.0,0.0
10.74,0,86.96,0.0,0.0
10.74,0,78.28,0.0,0.0
8.35,0,53.32,0.0,0.0
5.97,0,38.5,0.0,0.0
5.97,0,30.07,0.0,0.0
3.58,0,18.02,0.0,0.0
1.77,0,0.59,0.0,0.0
1.77,0,0.0,0.0,0.0
1.77,0,0.0,0.0,0.0
1.77,0,0.0,0.0,0.0
1.77,0,0.0,0.0,0.0
1.77,0,0.0,0.0,0.0
1.77,0,0.0,0.0,0.0
1.77,0,0.0,0.0,0.0
1.77,0,0.0,0.0,0.0
1.77,0,0.0,0.0,0.0
1.77,0,2.48,0.0,0.0
3.58,0,18.57,0.0,0.0
7.16,0,37.51,0.0,0.0
7.16,0,44.29,0.0,0.0
9.55,0,56.81,0.0,0.0
9.55,0,61.41,0.0,0.0
9.55,0,64.34,0.0,0.0
9.55,0,62.53,0.0,0.0
9.55,0,66.63,0.0,0.0
7.16,0,59.23,0.0,0.0
4.77,0,45.24,0.0,0.0
1.77,0,3.62,0.0,0.0
1.77,0,1.21,0.0,0.0
1.77,0,0.67,0.0,0.0
1.77,0,0.51,0.0,0.0
1.77,0,0.0,0.0,0.0
1.77,0,0.0,0.0,0.0
2.36,0,0.0,0.0,0.0
2.36,0,0.0,0.0,0.0
2.36,0,0.0,0.0,0.0
2.36,0,0.0,0.0,0.0
2.36,0,0.0,0.0,0.0
2.36,0,2.39,0.0,0.0
4.77,0,20.36,0.0,0.0
7.16,0,42.64,0.0,0.0
10.74,0,82.16,0.0,0.0
10.74,0,98.43,0.0,0.0
10.74,0,117.19,0.0,0.0
10.74,0,126.0,0.0,0.0
10.74,0,129.69,0.0,0.0
10.74,0,129.33,0.0,0.0
10.74,0,129.64,0.0,0.0
10.74,0,117.35,0.0,0.0
10.74,0,101.98,0.0,0.0
10.74,0,90.6,0.0,0.0
8.35,0,74.94,0.0,0.0
8.35,0,69.82,0.0,0.0
2.36,0,5.37,0.0,0.0
2.36,0,5.31,0.0,0.0
2.36,0,2.87,0.0,0.0
2.36,0,2.56,0.0,0.0
2.36,0,0.7,0.0,0.0
2.36,0,0.69,0.0,0.0
2.36,0,0.1,0.0,0.0
2.36,0,0.5,0.0,0.0
2.36,0,0.0,0.0,0.0
2.36,0,4.75,0.0,0.0
4.77,0,31.38,0.0,0.0
7.16,0,55.2,0.0,0.0
10.74,0,91.23,0.0,0.0
10.74,0,102.59,0.0,0.0
10.74,0,119.72,0.0,0.0
10.74,0,126.01,0.0,0.0
10.74,0,127.16,0.0,0.0
10.74,0,130.21,0.0,0.0
10.74,0,131.15,0.0,0.0
10.74,0,117.35,0.0,0.0
10.74,0,104.19,0.0,0.0
10.74,0,91.09,0.0,0.0
8.35,0,74.15,0.0,0.0
8.35,0,69.52,0.0,0.0
2.36,0,5.31,0.0,0.0
2.36,0,5.62,0.0,0.0
2.36,0,4.36,0.0,0.0
2.36,0,4.24,0.0,0.0
2.36,0,0.78,0.0,0.0
2.36,0,0.7,0.0,0.0
2.36,0,0.61,0.0,0.0
2.36,0,0.0,0.0,0.0
2.36,0,0.0,0.0,0.0
2.36,0,4.47,0.0,0.0
4.77,0,41.12,0.0,0.0
7.16,0,63.36,0.0,0.0
10.74,0,92.52,0.0,0.0
10.74,0,103.64,0.0,0.0
10.74,0,122.34,0.0,0.0
10.74,0,126.19,0.0,0.0
10.74,0,131.3,0.0,0.0
10.74,0,135.84,0.0,0.0
10.74,0,139.51,0.0,0.0
10.74,0,133.01,0.0,0.0
10.74,0,118.87,0.0,0.0
10.74,0,107.42,0.0,0.0
8.35,0,91.64,0.0,0.0
8.35,0,85.29,0.0,0.0
2.36,0,6.18,0.0,0.0
2.36,0,6.45,0.0,0.0
2.36,0,3.11,0.0,0.0
2.36,0,6.43,0.0,0.0
2.36,0,2.53,0.0,0.0
2.36,0,3.14,0.0,0.0
2.36,0,0.72,0.0,0.0
2.36,0,0.73,0.0,0.0
2.36,0,0.7,0.0,0.0
2.36,0,7.01,0.0,0.0
4.77,0,38.82,0.0,0.0
7.16,0,53.09,0.0,0.0
10.74,0,84.25,0.0,0.0
10.74,0,97.17,0.0,0.0
10.74,0,114.08,0.0,0.0
10.74,0,120.71,0.0,0.0
10.74,0,126.07,0.0,0.0
10.74,0,130.74,0.0,0.0
10.74,0,131.54,0.0,0.0
10.74,0,125.09,0.0,0.0
10.74,0,114.51,0.0,0.0
10.74,0,100.99,0.0,0.0
8.35,0,82.76,0.0,0.0
8.35,0,74.08,0.0,0.0
2.36,0,7.09,0.0,0.0
2.36,0,7.5,0.0,0.0
2.36,0,2.44,0.0,0.0
2.36,0,5.48,0.0,0.0
2.36,0,2.58,0.0,0.0
2.36,0,2.41,0.0,0.0
2.36,0,0.61,0.0,0.0
2.36,0,0.0,0.0,0.0
2.36,0,0.0,0.0,0.0
2.36,0,2.7,0.0,0.0
4.77,0,14.37,0.0,0.0
7.16,0,35.46,0.0,0.0
10.74,0,59.27,0.0,0.0
10.74,0,68.41,0.0,0.0
10.74,0,81.0,0.0,0.0
10.74,0,88.46,0.0,0.0
10.74,0,94.88,0.0,0.0
10.74,0,96.51,0.0,0.0
10.74,0,99.96,0.0,0.0
10.74,0,95.21,0.0,0.0
10.74,0,83.7,0.0,0.0
10.74,0,71.05,0.0,0.0
8.35,0,56.81,0.0,0.0
8.35,0,53.59,0.0,0.0
2.36,0,5.75,0.0,0.0
2.36,0,4.9,0.0,0.0
2.36,0,2.34,0.0,0.0
2.36,0,2.89,0.0,0.0
1.77,0,2.18,0.0,0.0
1.77,0,0.58,0.0,0.0
1.77,0,0.57,0.0,0.0
1.77,0,0.5,0.0,0.0
1.77,0,0.0,0.0,0.0
1.77,0,4.04,0.0,0.0
3.58,0,22.12,0.0,0.0
5.97,0,31.41,0.0,0.0
9.55,0,48.84,0.0,0.0
10.74,0,64.15,0.0,0.0
10.74,0,83.7,0.0,0.0
10.74,0,93.46,0.0,0.0
10.74,0,94.55,0.0,0.0
10.74,0,96.86,0.0,0.0
10.74,0,96.37,0.0,0.0
10.74,0,95.06,0.0,0.0
10.74,0,87.21,0.0,0.0
8.35,0,63.84,0.0,0.0
5.97,0,52.7,0.0,0.0
5.97,0,48.08,0.0,0.0
3.58,0,38.64,0.0,0.0
1.77,0,0.99,0.0,0.0
1.77,0,2.9,0.0,0.0
1.77,0,0.7,0.0,0.0
1.77,0,0.7,0.0,0.0
1.77,0,0.61,0.0,0.0
1.77,0,0.0,0.0,0.0
1.77,0,0.0,0.0,0.0
1.77,0,0.0,0.0,0.0
1.77,0,0.0,0.0,0.0
1.77,0,0.0,0.0,0.0
1.77,0,4.51,0.0,0.0
3.58,0,24.63,0.0,0.0
7.16,0,47.27,0.0,0.0
7.16,0,57.65,0.0,0.0
9.55,0,72.17,0.0,0.0
9.55,0,72.46,0.0,0.0
9.55,0,72.09,0.0,0.0
9.55,0,70.18,0.0,0.0
9.55,0,66.56,0.0,0.0
7.16,0,53.92,0.0,0.0
4.77,0,42.92,0.0,0.0
1.77,0,0.82,0.0,0.0
1.77,0,1.73,0.0,0.0
1.77,0,0.71,0.0,0.0
1.77,0,0.69,0.0,0.0
1.77,0,0.64,0.0,0.0
1.77,0,0.62,0.0,0.0
2.36,0,0.1,0.0,0.0
2.36,0,0.52,0.0,0.0
2.36,0,0.0,0.0,0.0
2.36,0,0.0,0.0,0.0
2.36,0,0.0,0.0,0.0
2.36,0,2.7,0.0,0.0
4.77,0,12.25,0.0,0.0
7.16,0,27.39,0.0,0.0
10.74,0,63.52,0.0,0.0
10.74,0,75.02,0.0,0.0
10.74,0,91.64,0.0,0.0
10.74,0,94.35,0.0,0.0
10.74,0,93.42,0.0,0.0
10.74,0,103.98,0.0,0.0
10.74,0,121.47,0.0,0.0
10.74,0,114.54,0.0,0.0
10.74,0,104.64,0.0,0.0
10.74,0,93.38,0.0,0.0
8.35,0,74.32,0.0,0.0
8.35,0,65.2,0.0,0.0
2.36,0,1.12,0.0,0.0
2.36,0,2.86,0.0,0.0
2.36,0,0.78,0.0,0.0
2.36,0,0.72,0.0,0.0
2.36,0,0.0,0.0,0.0
2.36,0,0.64,0.0,0.0
2.36,0,0.0,0.0,0.0
2.36,0,0.0,0.0,0.0
2.36,0,0.0,0.0,0.0
2.36,0,2.89,0.0,0.0
4.77,0,20.43,0.0,0.0
7.16,0,37.28,0.0,0.0
10.74,0,58.62,0.0,0.0
10.74,0,64.24,0.0,0.0
10.74,0,78.17,0.0,0.0
10.74,0,87.67,0.0,0.0
10.74,0,101.54,0.0,0.0
10.74,0,101.2,0.0,0.0
10.74,0,101.73,0.0,0.0
10.74,0,108.0,0.0,0.0
10.74,0,101.8,0.0,0.0
10.74,0,88.89,0.0,0.0
8.35,0,71.87,0.0,0.0
8.35,0,64.44,0.0,0.0
2.36,0,1.18,0.0,0.0
2.36,0,3.01,0.0,0.0
2.36,0,0.78,0.0,0.0
2.36,0,0.11,0.0,0.0
2.36,0,0.54,0.0,0.0
2.36,0,0.0,0.0,0.0
2.36,0,0.0,0.0,0.0
2.36,0,0.0,0.0,0.0
2.36,0,0.0,0.0,0.0
2.36,0,2.67,0.0,0.0
4.77,0,6.58,0.0,0.0
7.16,0,22.03,0.0,0.0
10.74,0,59.8,0.0,0.0
10.74,0,81.55,0.0,0.0
10.74,0,99.59,0.0,0.0
10.74,0,111.25,0.0,0.0
10.74,0,124.11,0.0,0.0
10.74,0,127.79,0.0,0.0
10.74,0,130.14,0.0,0.0
10.74,0,126.4,0.0,0.0
10.74,0,117.69,0.0,0.0
10.74,0,106.99,0.0,0.0
8.35,0,91.57,0.0,0.0
8.35,0,85.66,0.0,0.0
2.36,0,6.37,0.0,0.0
2.36,0,6.11,0.0,0.0
2.36,0,2.37,0.0,0.0
2.36,0,0.75,0.0,0.0
2.36,0,0.0,0.0,0.0
2.36,0,0.0,0.0,0.0
2.36,0,0.0,0.0,0.0
2.36,0,0.0,0.0,0.0
2.36,0,0.0,0.0,0.0
2.36,0,2.55,0.0,0.0
4.77,0,11.43,0.0,0.0
7.16,0,36.96,0.0,0.0
10.74,0,74.88,0.0,0.0
10.74,0,92.72,0.0,0.0
10.74,0,107.18,0.0,0.0
10.74,0,114.71,0.0,0.0
10.74,0,120.3,0.0,0.0
10.74,0,121.89,0.0,0.0
10.74,0,134.76,0.0,0.0
10.74,0,135.3,0.0,0.0
10.74,0,120.67,0.0,0.0
10.74,0,109.55,0.0,0.0
8.35,0,92.58,0.0,0.0
8.35,0,85.79,0.0,0.0
2.36,0,6.34,0.0,0.0
2.36,0,4.21,0.0,0.0
2.36,0,2.87,0.0,0.0
2.36,0,3.79,0.0,0.0
2.36,0,2.93,0.0,0.0
2.36,0,0.77,0.0,0.0
2.36,0,0.75,0.0,0.0
2.36,0,0.65,0.0,0.0
2.36,0,0.0,0.0,0.0
2.36,0,4.96,0.0,0.0
4.77,0,31.09,0.0,0.0
7.16,0,54.41,0.0,0.0
10.74,0,92.75,0.0,0.0
10.74,0,105.82,0.0,0.0
10.74,0,121.21,0.0,0.0
10.74,0,132.35,0.0,0.0
10.74,0,141.39,0.0,0.0
10.74,0,144.76,0.0,0.0
10.74,0,145.66,0.0,0.0
10.74,0,138.53,0.0,0.0
10.74,0,123.64,0.0,0.0
10.74,0,108.74,0.0,0.0
8.35,0,91.5,0.0,0.0
8.35,0,83.13,0.0,0.0
2.36,0,7.44,0.0,0.0
2.36,0,7.56,0.0,0.0
2.36,0,4.55,0.0,0.0
2.36,0,3.41,0.0,0.0
1.77,0,1.9,0.0,0.0
1.77,0,0.66,0.0,0.0
1.77,0,0.65,0.0,0.0
1.77,0,0.59,0.0,0.0
1.77,0,0.57,0.0,0.0
1.77,0,5.73,0.0,0.0
3.58,0,23.02,0.0,0.0
5.97,0,36.67,0.0,0.0
9.55,0,62.4,0.0,0.0
10.74,0,78.12,0.0,0.0
10.74,0,90.36,0.0,0.0
10.74,0,96.81,0.0,0.0
10.74,0,104.07,0.0,0.0
10.74,0,110.4,0.0,0.0
10.74,0,112.96,0.0,0.0
10.74,0,111.35,0.0,0.0
10.74,0,103.42,0.0,0.0
8.35,0,78.98,0.0,0.0
5.97,0,63.84,0.0,0.0
5.97,0,55.55,0.0,0.0
3.58,0,44.36,0.0,0.0
1.77,0,4.8,0.0,0.0
1.77,0,4.9,0.0,0.0
1.77,0,2.05,0.0,0.0
1.77,0,0.66,0.0,0.0
1.77,0,0.67,0.0,0.0
1.77,0,0.58,0.0,0.0
1.77,0,0.0,0.0,0.0
1.77,0,0.0,0.0,0.0
1.77,0,0.0,0.0,0.0
1.77,0,0.62,0.0,0.0
1.77,0,6.82,0.0,0.0
3.58,0,37.98,0.0,0.0
7.16,0,58.03,0.0,0.0
7.16,0,69.19,0.0,0.0
9.55,0,88.31,0.0,0.0
9.55,0,94.37,0.0,0.0
9.55,0,95.01,0.0,0.0
9.55,0,94.59,0.0,0.0
9.55,0,95.11,0.0,0.0
7.16,0,81.59,0.0,0.0
4.77,0,64.08,0.0,0.0
1.77,0,7.3,0.0,0.0
1.77,0,8.14,0.0,0.0
1.77,0,3.18,0.0,0.0
1.77,0,3.78,0.0,0.0
1.77,0,3.15,0.0,0.0
1.77,0,0.62,0.0,0.0
2.36,0,0.66,0.0,0.0
2.36,0,0.57,0.0,0.0
2.36,0,0.0,0.0,0.0
2.36,0,0.0,0.0,0.0
2.36,0,0.0,0.0,0.0
2.36,0,3.76,0.0,0.0
4.77,0,25.69,0.0,0.0
7.16,0,52.71,0.0,0.0
10.74,0,89.85,0.0,0.0
10.74,0,103.26,0.0,0.0
10.74,0,112.22,0.0,0.0
10.74,0,120.93,0.0,0.0
10.74,0,129.7,0.0,0.0
10.74,0,134.24,0.0,0.0
10.74,0,141.95,0.0,0.0
10.74,0,137.09,0.0,0.0
10.74,0,125.59,0.0,0.0
10.74,0,112.14,0.0,0.0
8.35,0,93.81,0.0,0.0
8.35,0,86.48,0.0,0.0
2.36,0,8.01,0.0,0.0
2.36,0,8.57,0.0,0.0
2.36,0,4.64,0.0,0.0
2.36,0,5.85,0.0,0.0
2.36,0,3.27,0.0,0.0
2.36,0,2.49,0.0,0.0
2.36,0,0.94,0.0,0.0
2.36,0,0.69,0.0,0.0
2.36,0,0.73,0.0,0.0
2.36,0,6.04,0.0,0.0
4.77,0,49.05,0.0,0.0
7.16,0,72.0,0.0,0.0
10.74,0,108.83,0.0,0.0
10.74,0,120.73,0.0,0.0
10.74,0,134.29,0.0,0.0
10.74,0,137.0,0.0,0.0
10.74,0,141.43,0.0,0.0
10.74,0,145.85,0.0,0.0
10.74,0,150.21,0.0,0.0
10.74,0,139.85,0.0,0.0
10.74,0,127.28,0.0,0.0
10.74,0,116.19,0.0,0.0
8.35,0,98.44,0.0,0.0
8.35,0,91.17,0.0,0.0
2.36,0,8.03,0.0,0.0
2.36,0,9.08,0.0,0.0
2.36,0,3.32,0.0,0.0
2.36,0,5.29,0.0,0.0
2.36,0,3.93,0.0,0.0
2.36,0,3.08,0.0,0.0
2.36,0,0.77,0.0,0.0
2.36,0,2.26,0.0,0.0
2.36,0,0.65,0.0,0.0
2.36,0,6.47,0.0,0.0
4.77,0,49.3,0.0,0.0
7.16,0,69.5,0.0,0.0
10.74,0,99.29,0.0,0.0
10.74,0,110.78,0.0,0.0
10.74,0,130.78,0.0,0.0
10.74,0,138.03,0.0,0.0
10.74,0,135.65,0.0,0.0
10.74,0,134.71,0.0,0.0
10.74,0,135.79,0.0,0.0
10.74,0,125.63,0.0,0.0
10.74,0,117.1,0.0,0.0
10.74,0,108.37,0.0,0.0
8.35,0,92.26,0.0,0.0
8.35,0,87.21,0.0,0.0
2.36,0,8.27,0.0,0.0
2.36,0,8.98,0.0,0.0
2.36,0,4.68,0.0,0.0
2.36,0,5.07,0.0,0.0
2.36,0,5.13,0.0,0.0
2.36,0,4.48,0.0,0.0
2.36,0,4.47,0.0,0.0
2.36,0,0.86,0.0,0.0
2.36,0,2.66,0.0,0.0
2.36,0,7.43,0.0,0.0
4.77,0,47.42,0.0,0.0
7.16,0,62.72,0.0,0.0
10.74,0,88.73,0.0,0.0
10.74,0,97.29,0.0,0.0
10.74,0,108.58,0.0,0.0
10.74,0,111.5,0.0,0.0
10.74,0,118.22,0.0,0.0
10.74,0,116.19,0.0,0.0
10.74,0,118.81,0.0,0.0
10.74,0,116.74,0.0,0.0
10.74,0,105.35,0.0,0.0
10.74,0,94.58,0.0,0.0
8.35,0,79.98,0.0,0.0
8.35,0,75.04,0.0,0.0
2.36,0,5.95,0.0,0.0
2.36,0,6.4,0.0,0.0
2.36,0,4.32,0.0,0.0
2.36,0,3.92,0.0,0.0
2.36,0,3.04,0.0,0.0
2.36,0,2.59,0.0,0.0
2.36,0,0.7,0.0,0.0
2.36,0,0.74,0.0,0.0
2.36,0,0.54,0.0,0.0
2.36,0,6.09,0.0,0.0
4.77,0,37.31,0.0,0.0
7.16,0,54.59,0.0,0.0
10.74,0,87.71,0.0,0.0
10.74,0,101.1,0.0,0.0
10.74,0,114.54,0.0,0.0
10.74,0,122.97,0.0,0.0
10.74,0,124.47,0.0,0.0
10.74,0,107.42,0.0,0.0
10.74,0,105.66,0.0,0.0
10.74,0,110.34,0.0,0.0
10.74,0,97.87,0.0,0.0
10.74,0,82.49,0.0,0.0
8.35,0,66.21,0.0,0.0
8.35,0,59.04,0.0,0.0
2.36,0,4.2,0.0,0.0
2.36,0,1.42,0.0,0.0
2.36,0,0.67,0.0,0.0
2.36,0,0.0,0.0,0.0
1.77,0,0.0,0.0,0.0
1.77,0,0.0,0.0,0.0
1.77,0,0.0,0.0,0.0
1.77,0,0.0,0.0,0.0
1.77,0,0.0,0.0,0.0
1.77,0,1.98,0.0,0.0
3.58,0,25.24,0.0,0.0
5.97,0,53.73,0.0,0.0
9.55,0,90.37,0.0,0.0
10.74,0,113.7,0.0,0.0
10.74,0,129.44,0.0,0.0
10.74,0,131.67,0.0,0.0
10.74,0,124.81,0.0,0.0
10.74,0,125.33,0.0,0.0
10.74,0,128.87,0.0,0.0
10.74,0,127.65,0.0,0.0
10.74,0,118.6,0.0,0.0
8.35,0,93.79,0.0,0.0
5.97,0,82.09,0.0,0.0
5.97,0,79.24,0.0,0.0
3.58,0,65.63,0.0,0.0
1.77,0,5.61,0.0,0.0
1.77,0,6.33,0.0,0.0
1.77,0,5.06,0.0,0.0
1.77,0,3.11,0.0,0.0
1.77,0,1.11,0.0,0.0
1.77,0,0.7,0.0,0.0
1.77,0,0.61,0.0,0.0
1.77,0,0.0,0.0,0.0
1.77,0,0.0,0.0,0.0
1.77,0,0.8,0.0,0.0
1.77,0,8.82,0.0,0.0
3.58,0,67.65,0.0,0.0
7.16,0,87.14,0.0,0.0
7.16,0,99.8,0.0,0.0
9.55,0,103.25,0.0,0.0
9.55,0,99.34,0.0,0.0
9.55,0,73.78,0.0,0.0
9.55,0,70.11,0.0,0.0
9.55,0,73.89,0.0,0.0
7.16,0,59.02,0.0,0.0
4.77,0,56.7,0.0,0.0
1.77,0,0.85,0.0,0.0
1.77,0,0.74,0.0,0.0
1.77,0,0.71,0.0,0.0
1.77,0,0.0,0.0,0.0
1.77,0,0.0,0.0,0.0
1.77,0,0.0,0.0,0.0
1.77,0,0.0,0.0,0.0
1.77,0,0.0,0.0,0.0
1.77,0,0.0,0.0,0.0
1.77,0,0.0,0.0,0.0
1.77,0,0.0,0.0,0.0
1.77,0,0.0,0.0,0.0
1.77,0,0.0,0.0,0.0
1.77,0,3.07,0.0,0.0
3.58,0,47.48,0.0,0.0
7.16,0,75.27,0.0,0.0
7.16,0,89.74,0.0,0.0
9.55,0,109.91,0.0,0.0
9.55,0,115.24,0.0,0.0
9.55,0,117.52,0.0,0.0
9.55,0,115.28,0.0,0.0
9.55,0,111.7,0.0,0.0
7.16,0,93.42,0.0,0.0
4.77,0,77.32,0.0,0.0
1.77,0,7.9,0.0,0.0
1.77,0,7.89,0.0,0.0
1.77,0,4.36,0.0,0.0
1.77,0,6.34,0.0,0.0
1.77,0,2.34,0.0,0.0
1.77,0,2.4,0.0,0.0
2.36,0,2.43,0.0,0.0
2.36,0,0.71,0.0,0.0
2.36,0,2.21,0.0,0.0
2.36,0,2.12,0.0,0.0
2.36,0,0.69,0.0,0.0
2.36,0,7.62,0.0,0.0
4.77,0,48.61,0.0,0.0
7.16,0,72.03,0.0,0.0
10.74,0,102.8,0.0,0.0
10.74,0,112.69,0.0,0.0
10.74,0,129.47,0.0,0.0
10.74,0,136.88,0.0,0.0
10.74,0,139.65,0.0,0.0
10.74,0,138.59,0.0,0.0
10.74,0,139.5,0.0,0.0
10.74,0,133.16,0.0,0.0
10.74,0,124.93,0.0,0.0
10.74,0,115.49,0.0,0.0
8.35,0,100.46,0.0,0.0
8.35,0,96.92,0.0,0.0
2.36,0,10.4,0.0,0.0
2.36,0,11.78,0.0,0.0
2.36,0,7.01,0.0,0.0
2.36,0,8.15,0.0,0.0
2.36,0,4.16,0.0,0.0
2.36,0,6.93,0.0,0.0
2.36,0,3.81,0.0,0.0
2.36,0,5.74,0.0,0.0
2.36,0,4.68,0.0,0.0
2.36,0,8.13,0.0,0.0
4.77,0,62.86,0.0,0.0
7.16,0,85.22,0.0,0.0
10.74,0,117.99,0.0,0.0
10.74,0,129.53,0.0,0.0
10.74,0,146.5,0.0,0.0
10.74,0,147.37,0.0,0.0
10.74,0,147.21,0.0,0.0
10.74,0,147.45,0.0,0.0
10.74,0,147.96,0.0,0.0
10.74,0,134.25,0.0,0.0
10.74,0,122.26,0.0,0.0
10.74,0,111.16,0.0,0.0
8.35,0,97.21,0.0,0.0
8.35,0,92.49,0.0,0.0
2.36,0,7.89,0.0,0.0
2.36,0,8.86,0.0,0.0
2.36,0,4.39,0.0,0.0
2.36,0,6.96,0.0,0.0
2.36,0,4.49,0.0,0.0
2.36,0,4.58,0.0,0.0
2.36,0,4.1,0.0,0.0
2.36,0,3.28,0.0,0.0
2.36,0,0.92,0.0,0.0
2.36,0,7.69,0.0,0.0
4.77,0,71.95,0.0,0.0
7.16,0,92.9,0.0,0.0
10.74,0,127.8,0.0,0.0
10.74,0,139.1,0.0,0.0
10.74,0,150.43,0.0,0.0
10.74,0,153.26,0.0,0.0
10.74,0,154.83,0.0,0.0
10.74,0,154.6,0.0,0.0
10.74,0,157.55,0.0,0.0
10.74,0,140.99,0.0,0.0
10.74,0,113.58,0.0,0.0
10.74,0,91.92,0.0,0.0
8.35,0,78.89,0.0,0.0
8.35,0,75.45,0.0,0.0
2.36,0,5.1,0.0,0.0
2.36,0,5.42,0.0,0.0
2.36,0,5.13,0.0,0.0
2.36,0,4.74,0.0,0.0
2.36,0,2.59,0.0,0.0
2.36,0,3.32,0.0,0.0
2.36,0,1.99,0.0,0.0
2.36,0,1.12,0.0,0.0
2.36,0,2.29,0.0,0.0
2.36,0,6.56,0.0,0.0
4.77,0,41.02,0.0,0.0
7.16,0,55.41,0.0,0.0
10.74,0,87.6,0.0,0.0
10.74,0,99.15,0.0,0.0
10.74,0,128.89,0.0,0.0
10.74,0,142.03,0.0,0.0
10.74,0,144.88,0.0,0.0
10.74,0,143.82,0.0,0.0
10.74,0,152.16,0.0,0.0
10.74,0,155.74,0.0,0.0
10.74,0,139.66,0.0,0.0
10.74,0,116.47,0.0,0.0
8.35,0,92.72,0.0,0.0
8.35,0,88.74,0.0,0.0
2.36,0,6.97,0.0,0.0
2.36,0,7.39,0.0,0.0
2.36,0,5.7,0.0,0.0
2.36,0,4.52,0.0,0.0
1.77,0,2.2,0.0,0.0
1.77,0,2.46,0.0,0.0
1.77,0,0.93,0.0,0.0
1.77,0,2.18,0.0,0.0
1.77,0,0.68,0.0,0.0
1.77,0,7.0,0.0,0.0
3.58,0,46.1,0.0,0.0
5.97,0,68.3,0.0,0.0
9.55,0,105.94,0.0,0.0
10.74,0,125.61,0.0,0.0
10.74,0,140.82,0.0,0.0
10.74,0,148.26,0.0,0.0
10.74,0,153.72,0.0,0.0
10.74,0,157.31,0.0,0.0
10.74,0,155.43,0.0,0.0
10.74,0,148.94,0.0,0.0
10.74,0,138.99,0.0,0.0
8.35,0,110.59,0.0,0.0
5.97,0,97.28,0.0,0.0
5.97,0,94.47,0.0,0.0
3.58,0,82.17,0.0,0.0
1.77,0,7.49,0.0,0.0
1.77,0,9.75,0.0,0.0
1.77,0,5.48,0.0,0.0
1.77,0,7.66,0.0,0.0
1.77,0,4.67,0.0,0.0
1.77,0,7.02,0.0,0.0
1.77,0,3.86,0.0,0.0
1.77,0,6.61,0.0,0.0
1.77,0,4.87,0.0,0.0
1.77,0,8.06,0.0,0.0
1.77,0,13.88,0.0,0.0
3.58,0,101.99,0.0,0.0
7.16,0,114.14,0.0,0.0
7.16,0,129.6,0.0,0.0
9.55,0,152.82,0.0,0.0
9.55,0,151.41,0.0,0.0
9.55,0,151.67,0.0,0.0
9.55,0,154.09,0.0,0.0
9.55,0,149.75,0.0,0.0
7.16,0,131.62,0.0,0.0
4.77,0,113.04,0.0,0.0
1.77,0,13.07,0.0,0.0
1.77,0,13.55,0.0,0.0
1.77,0,13.19,0.0,0.0
1.77,0,9.66,0.0,0.0
1.77,0,8.4,0.0,0.0
1.77,0,8.69,0.0,0.0
2.36,0,5.9,0.0,0.0
2.36,0,5.15,0.0,0.0
2.36,0,7.2,0.0,0.0
2.36,0,3.72,0.0,0.0
2.36,0,5.79,0.0,0.0
2.36,0,9.1,0.0,0.0
4.77,0,70.23,0.0,0.0
7.16,0,87.2,0.0,0.0
10.74,0,121.53,0.0,0.0
10.74,0,135.98,0.0,0.0
10.74,0,153.78,0.0,0.0
10.74,0,160.69,0.0,0.0
10.74,0,164.35,0.0,0.0
10.74,0,163.47,0.0,0.0
10.74,0,166.17,0.0,0.0
10.74,0,160.68,0.0,0.0
10.74,0,148.98,0.0,0.0
10.74,0,136.67,0.0,0.0
8.35,0,119.32,0.0,0.0
8.35,0,111.69,0.0,0.0
2.36,0,11.81,0.0,0.0
2.36,0,11.63,0.0,0.0
2.36,0,10.92,0.0,0.0
2.36,0,9.55,0.0,0.0
2.36,0,9.77,0.0,0.0
2.36,0,5.97,0.0,0.0
2.36,0,8.13,0.0,0.0
2.36,0,6.6,0.0,0.0
2.36,0,7.12,0.0,0.0
2.36,0,10.07,0.0,0.0
4.77,0,77.86,0.0,0.0
7.16,0,88.11,0.0,0.0
10.74,0,121.36,0.0,0.0
10.74,0,134.67,0.0,0.0
10.74,0,151.24,0.0,0.0
10.74,0,160.32,0.0,0.0
10.74,0,162.6,0.0,0.0
10.74,0,163.51,0.0,0.0
10.74,0,160.71,0.0,0.0
10.74,0,147.42,0.0,0.0
10.74,0,133.81,0.0,0.0
10.74,0,119.68,0.0,0.0
8.35,0,105.95,0.0,0.0
8.35,0,105.59,0.0,0.0
2.36,0,11.54,0.0,0.0
2.36,0,10.63,0.0,0.0
2.36,0,12.37,0.0,0.0
2.36,0,9.13,0.0,0.0
2.36,0,8.46,0.0,0.0
2.36,0,6.05,0.0,0.0
2.36,0,7.04,0.0,0.0
2.36,0,4.63,0.0,0.0
2.36,0,7.68,0.0,0.0
2.36,0,10.27,0.0,0.0
4.77,0,91.66,0.0,0.0
7.16,0,102.79,0.0,0.0
10.74,0,134.46,0.0,0.0
10.74,0,140.98,0.0,0.0
10.74,0,146.28,0.0,0.0
10.74,0,147.28,0.0,0.0
10.74,0,144.47,0.0,0.0
10.74,0,139.69,0.0,0.0
10.74,0,143.26,0.0,0.0
10.74,0,142.7,0.0,0.0
10.74,0,134.54,0.0,0.0
10.74,0,125.97,0.0,0.0
8.35,0,109.86,0.0,0.0
8.35,0,101.06,0.0,0.0
2.36,0,10.8,0.0,0.0
2.36,0,10.74,0.0,0.0
2.36,0,11.43,0.0,0.0
2.36,0,7.75,0.0,0.0
2.36,0,10.42,0.0,0.0
2.36,0,7.0,0.0,0.0
2.36,0,7.74,0.0,0.0
2.36,0,4.29,0.0,0.0
2.36,0,6.41,0.0,0.0
2.36,0,9.92,0.0,0.0
4.77,0,88.78,0.0,0.0
7.16,0,105.37,0.0,0.0
10.74,0,130.55,0.0,0.0
10.74,0,123.19,0.0,0.0
10.74,0,131.23,0.0,0.0
10.74,0,144.52,0.0,0.0
10.74,0,156.95,0.0,0.0
10.74,0,159.82,0.0,0.0
10.74,0,165.98,0.0,0.0
10.74,0,162.13,0.0,0.0
10.74,0,148.9,0.0,0.0
10.74,0,138.92,0.0,0.0
8.35,0,120.69,0.0,0.0
8.35,0,110.15,0.0,0.0
2.36,0,12.86,0.0,0.0
2.36,0,12.46,0.0,0.0
2.36,0,11.93,0.0,0.0
2.36,0,9.38,0.0,0.0
2.36,0,8.51,0.0,0.0
2.36,0,8.86,0.0,0.0
2.36,0,8.24,0.0,0.0
2.36,0,6.57,0.0,0.0
2.36,0,7.44,0.0,0.0
2.36,0,9.44,0.0,0.0
4.77,0,94.23,0.0,0.0
7.16,0,114.71,0.0,0.0
10.74,0,140.28,0.0,0.0
10.74,0,142.95,0.0,0.0
10.74,0,150.8,0.0,0.0
10.74,0,147.04,0.0,0.0
10.74,0,160.91,0.0,0.0
10.74,0,157.81,0.0,0.0
10.74,0,146.48,0.0,0.0
10.74,0,141.24,0.0,0.0
10.74,0,144.63,0.0,0.0
10.74,0,141.14,0.0,0.0
8.35,0,125.37,0.0,0.0
8.35,0,119.81,0.0,0.0
2.36,0,12.12,0.0,0.0
2.36,0,10.79,0.0,0.0
2.36,0,9.05,0.0,0.0
2.36,0,11.75,0.0,0.0
1.77,0,7.07,0.0,0.0
1.77,0,7.31,0.0,0.0
1.77,0,5.88,0.0,0.0
1.77,0,5.79,0.0,0.0
1.77,0,2.86,0.0,0.0
1.77,0,8.51,0.0,0.0
3.58,0,76.05,0.0,0.0
5.97,0,97.12,0.0,0.0
9.55,0,136.77,0.0,0.0
10.74,0,162.21,0.0,0.0
10.74,0,173.52,0.0,0.0
10.74,0,169.9,0.0,0.0
10.74,0,155.22,0.0,0.0
10.74,0,143.18,0.0,0.0
10.74,0,145.42,0.0,0.0
10.74,0,153.39,0.0,0.0
10.74,0,148.98,0.0,0.0
8.35,0,120.76,0.0,0.0
5.97,0,107.0,0.0,0.0
5.97,0,102.32,0.0,0.0
3.58,0,88.93,0.0,0.0
1.77,0,10.27,0.0,0.0
1.77,0,11.92,0.0,0.0
1.77,0,6.88,0.0,0.0
1.77,0,9.23,0.0,0.0
1.77,0,5.31,0.0,0.0
1.77,0,7.68,0.0,0.0
1.77,0,4.6,0.0,0.0
1.77,0,6.88,0.0,0.0
1.77,0,4.52,0.0,0.0
1.77,0,7.64,0.0,0.0
1.77,0,11.57,0.0,0.0
3.58,0,109.27,0.0,0.0
7.16,0,121.35,0.0,0.0
7.16,0,127.99,0.0,0.0
9.55,0,130.96,0.0,0.0
9.55,0,112.47,0.0,0.0
9.55,0,112.32,0.0,0.0
9.55,0,124.03,0.0,0.0
9.55,0,127.58,0.0,0.0
7.16,0,104.51,0.0,0.0
4.77,0,89.88,0.0,0.0
1.77,0,8.41,0.0,0.0
1.77,0,10.52,0.0,0.0
1.77,0,6.41,0.0,0.0
1.77,0,5.36,0.0,0.0
1.77,0,4.37,0.0,0.0
1.77,0,5.62,0.0,0.0
2.36,0,3.95,0.0,0.0
2.36,0,4.73,0.0,0.0
2.36,0,4.09,0.0,0.0
2.36,0,1.94,0.0,0.0
2.36,0,2.79,0.0,0.0
2.36,0,7.71,0.0,0.0
4.77,0,61.15,0.0,0.0
7.16,0,87.55,0.0,0.0
10.74,0,127.35,0.0,0.0
10.74,0,134.79,0.0,0.0
10.74,0,145.46,0.0,0.0
10.74,0,133.68,0.0,0.0
10.74,0,114.0,0.0,0.0
10.74,0,116.93,0.0,0.0
10.74,0,127.44,0.0,0.0
10.74,0,132.71,0.0,0.0
10.74,0,130.23,0.0,0.0
10.74,0,125.73,0.0,0.0
8.35,0,113.72,0.0,0.0
8.35,0,109.21,0.0,0.0
2.36,0,7.28,0.0,0.0
2.36,0,8.27,0.0,0.0
2.36,0,5.08,0.0,0.0
2.36,0,7.56,0.0,0.0
2.36,0,4.84,0.0,0.0
2.36,0,5.14,0.0,0.0
2.36,0,5.23,0.0,0.0
2.36,0,5.38,0.0,0.0
2.36,0,4.81,0.0,0.0
2.36,0,8.67,0.0,0.0
4.77,0,85.24,0.0,0.0
7.16,0,111.96,0.0,0.0
10.74,0,152.17,0.0,0.0
10.74,0,160.6,0.0,0.0
10.74,0,171.11,0.0,0.0
10.74,0,172.73,0.0,0.0
10.74,0,174.48,0.0,0.0
10.74,0,174.16,0.0,0.0
10.74,0,173.15,0.0,0.0
10.74,0,173.46,0.0,0.0
10.74,0,175.77,0.0,0.0
10.74,0,170.17,0.0,0.0
8.35,0,152.56,0.0,0.0
8.35,0,144.58,0.0,0.0
2.36,0,14.64,0.0,0.0
2.36,0,12.56,0.0,0.0
2.36,0,14.96,0.0,0.0
2.36,0,11.02,0.0,0.0
2.36,0,12.11,0.0,0.0
2.36,0,7.61,0.0,0.0
2.36,0,8.64,0.0,0.0
2.36,0,5.14,0.0,0.0
2.36,0,8.66,0.0,0.0
2.36,0,11.69,0.0,0.0
4.77,0,94.14,0.0,0.0
7.16,0,116.79,0.0,0.0
10.74,0,155.84,0.0,0.0
10.74,0,164.59,0.0,0.0
10.74,0,178.47,0.0,0.0
10.74,0,185.47,0.0,0.0
10.74,0,189.2,0.0,0.0
10.74,0,185.04,0.0,0.0
10.74,0,183.87,0.0,0.0
10.74,0,181.75,0.0,0.0
10.74,0,173.79,0.0,0.0
10.74,0,161.67,0.0,0.0
8.35,0,143.07,0.0,0.0
8.35,0,134.04,0.0,0.0
2.36,0,14.26,0.0,0.0
2.36,0,13.09,0.0,0.0
2.36,0,13.7,0.0,0.0
2.36,0,10.86,0.0,0.0
2.36,0,12.26,0.0,0.0
2.36,0,9.45,0.0,0.0
2.36,0,9.25,0.0,0.0
2.36,0,6.95,0.0,0.0
2.36,0,10.61,0.0,0.0
2.36,0,12.17,0.0,0.0
4.77,0,106.01,0.0,0.0
7.16,0,120.6,0.0,0.0
10.74,0,160.05,0.0,0.0
10.74,0,170.1,0.0,0.0
10.74,0,182.61,0.0,0.0
10.74,0,189.95,0.0,0.0
10.74,0,190.69,0.0,0.0
10.74,0,189.83,0.0,0.0
10.74,0,194.74,0.0,0.0
10.74,0,189.76,0.0,0.0
10.74,0,177.45,0.0,0.0
10.74,0,162.87,0.0,0.0
8.35,0,144.18,0.0,0.0
8.35,0,137.35,0.0,0.0
2.36,0,14.4,0.0,0.0
2.36,0,13.42,0.0,0.0
2.36,0,14.27,0.0,0.0
2.36,0,10.96,0.0,0.0
2.36,0,12.06,0.0,0.0
2.36,0,9.4,0.0,0.0
2.36,0,10.88,0.0,0.0
2.36,0,7.21,0.0,0.0
2.36,0,8.58,0.0,0.0
2.36,0,12.65,0.0,0.0
4.77,0,101.31,0.0,0.0
7.16,0,100.36,0.0,0.0
10.74,0,120.61,0.0,0.0
10.74,0,113.63,0.0,0.0
10.74,0,103.72,0.0,0.0
10.74,0,98.64,0.0,0.0
10.74,0,105.51,0.0,0.0
10.74,0,115.94,0.0,0.0
10.74,0,131.7,0.0,0.0
10.74,0,134.43,0.0,0.0
10.74,0,129.17,0.0,0.0
10.74,0,117.01,0.0,0.0
8.35,0,99.95,0.0,0.0
8.35,0,93.53,0.0,0.0
2.36,0,6.47,0.0,0.0
2.36,0,8.72,0.0,0.0
2.36,0,3.85,0.0,0.0
2.36,0,6.13,0.0,0.0
1.77,0,4.27,0.0,0.0
1.77,0,4.22,0.0,0.0
1.77,0,2.21,0.0,0.0
1.77,0,0.65,0.0,0.0
1.77,0,1.97,0.0,0.0
1.77,0,6.82,0.0,0.0
3.58,0,56.38,0.0,0.0
5.97,0,79.61,0.0,0.0
9.55,0,110.75,0.0,0.0
10.74,0,131.63,0.0,0.0
10.74,0,146.17,0.0,0.0
10.74,0,146.2,0.0,0.0
10.74,0,156.14,0.0,0.0
10.74,0,147.73,0.0,0.0
10.74,0,153.51,0.0,0.0
10.74,0,159.28,0.0,0.0
10.74,0,140.43,0.0,0.0
8.35,0,112.26,0.0,0.0
5.97,0,100.58,0.0,0.0
5.97,0,94.15,0.0,0.0
3.58,0,83.24,0.0,0.0
1.77,0,5.83,0.0,0.0
1.77,0,8.11,0.0,0.0
1.77,0,4.19,0.0,0.0
1.77,0,6.37,0.0,0.0
1.77,0,4.9,0.0,0.0
1.77,0,6.28,0.0,0.0
1.77,0,3.91,0.0,0.0
1.77,0,1.67,0.0,0.0
1.77,0,3.87,0.0,0.0
1.77,0,5.32,0.0,0.0
1.77,0,13.95,0.0,0.0
3.58,0,86.96,0.0,0.0
7.16,0,107.57,0.0,0.0
7.16,0,117.5,0.0,0.0
9.55,0,132.21,0.0,0.0
9.55,0,136.67,0.0,0.0
9.55,0,138.0,0.0,0.0
9.55,0,144.59,0.0,0.0
9.55,0,145.91,0.0,0.0
7.16,0,123.9,0.0,0.0
4.77,0,105.71,0.0,0.0
1.77,0,13.3,0.0,0.0
1.77,0,13.35,0.0,0.0
1.77,0,11.5,0.0,0.0
1.77,0,9.95,0.0,0.0
1.77,0,10.19,0.0,0.0
1.77,0,8.01,0.0,0.0
2.36,0,6.43,0.0,0.0
2.36,0,7.44,0.0,0.0
2.36,0,7.5,0.0,0.0
2.36,0,4.21,0.0,0.0
2.36,0,5.47,0.0,0.0
2.36,0,8.59,0.0,0.0
4.77,0,68.93,0.0,0.0
7.16,0,81.51,0.0,0.0
10.74,0,109.46,0.0,0.0
10.74,0,121.98,0.0,0.0
10.74,0,134.29,0.0,0.0
10.74,0,140.19,0.0,0.0
10.74,0,148.29,0.0,0.0
10.74,0,151.22,0.0,0.0
10.74,0,153.34,0.0,0.0
10.74,0,148.0,0.0,0.0
10.74,0,136.88,0.0,0.0
10.74,0,122.32,0.0,0.0
8.35,0,106.49,0.0,0.0
8.35,0,103.72,0.0,0.0
2.36,0,12.27,0.0,0.0
2.36,0,12.04,0.0,0.0
2.36,0,12.5,0.0,0.0
2.36,0,8.78,0.0,0.0
2.36,0,10.05,0.0,0.0
2.36,0,7.87,0.0,0.0
2.36,0,6.94,0.0,0.0
2.36,0,7.02,0.0,0.0
2.36,0,6.54,0.0,0.0
2.36,0,8.84,0.0,0.0
4.77,0,72.13,0.0,0.0
7.16,0,88.72,0.0,0.0
10.74,0,120.92,0.0,0.0
10.74,0,134.41,0.0,0.0
10.74,0,150.27,0.0,0.0
10.74,0,160.77,0.0,0.0
10.74,0,164.36,0.0,0.0
10.74,0,158.64,0.0,0.0
10.74,0,160.72,0.0,0.0
10.74,0,157.55,0.0,0.0
10.74,0,141.23,0.0,0.0
10.74,0,129.38,0.0,0.0
8.35,0,116.13,0.0,0.0
8.35,0,109.78,0.0,0.0
2.36,0,11.24,0.0,0.0
2.36,0,11.39,0.0,0.0
2.36,0,12.34,0.0,0.0
2.36,0,7.39,0.0,0.0
2.36,0,10.22,0.0,0.0
2.36,0,4.82,0.0,0.0
2.36,0,7.25,0.0,0.0
2.36,0,4.17,0.0,0.0
2.36,0,6.22,0.0,0.0
2.36,0,8.89,0.0,0.0
4.77,0,75.53,0.0,0.0
7.16,0,87.03,0.0,0.0
10.74,0,116.71,0.0,0.0
10.74,0,124.86,0.0,0.0
10.74,0,139.5,0.0,0.0
10.74,0,142.25,0.0,0.0
10.74,0,139.02,0.0,0.0
10.74,0,136.8,0.0,0.0
10.74,0,138.69,0.0,0.0
10.74,0,131.96,0.0,0.0
10.74,0,122.1,0.0,0.0
10.74,0,119.3,0.0,0.0
8.35,0,110.37,0.0,0.0
8.35,0,104.87,0.0,0.0
2.36,0,11.64,0.0,0.0
2.36,0,11.36,0.0,0.0
2.36,0,12.65,0.0,0.0
2.36,0,9.65,0.0,0.0
2.36,0,11.35,0.0,0.0
2.36,0,7.73,0.0,0.0
2.36,0,7.59,0.0,0.0
2.36,0,3.48,0.0,0.0
2.36,0,7.21,0.0,0.0
2.36,0,9.0,0.0,0.0
4.77,0,80.87,0.0,0.0
7.16,0,97.16,0.0,0.0
10.74,0,127.11,0.0,0.0
10.74,0,139.19,0.0,0.0
10.74,0,154.4,0.0,0.0
10.74,0,162.5,0.0,0.0
10.74,0,164.47,0.0,0.0
10.74,0,162.32,0.0,0.0
10.74,0,163.83,0.0,0.0
10.74,0,160.75,0.0,0.0
10.74,0,154.36,0.0,0.0
10.74,0,144.03,0.0,0.0
8.35,0,127.47,0.0,0.0
8.35,0,121.67,0.0,0.0
2.36,0,13.28,0.0,0.0
2.36,0,11.73,0.0,0.0
2.36,0,13.29,0.0,0.0
2.36,0,10.58,0.0,0.0
2.36,0,12.09,0.0,0.0
2.36,0,7.4,0.0,0.0
2.36,0,10.34,0.0,0.0
2.36,0,6.94,0.0,0.0
2.36,0,8.0,0.0,0.0
2.36,0,10.63,0.0,0.0
4.77,0,97.53,0.0,0.0
7.16,0,110.02,0.0,0.0
10.74,0,145.28,0.0,0.0
10.74,0,160.41,0.0,0.0
10.74,0,178.31,0.0,0.0
10.74,0,185.81,0.0,0.0
10.74,0,180.15,0.0,0.0
10.74,0,175.33,0.0,0.0
10.74,0,176.09,0.0,0.0
10.74,0,166.0,0.0,0.0
10.74,0,163.24,0.0,0.0
10.74,0,158.41,0.0,0.0
8.35,0,142.0,0.0,0.0
8.35,0,135.56,0.0,0.0
2.36,0,14.43,0.0,0.0
2.36,0,13.53,0.0,0.0
2.36,0,14.42,0.0,0.0
2.36,0,11.4,0.0,0.0
1.77,0,12.6,0.0,0.0
1.77,0,9.33,0.0,0.0
1.77,0,8.74,0.0,0.0
1.77,0,6.54,0.0,0.0
1.77,0,9.93,0.0,0.0
1.77,0,11.21,0.0,0.0
3.58,0,101.19,0.0,0.0
5.97,0,116.11,0.0,0.0
9.55,0,149.45,0.0,0.0
10.74,0,170.51,0.0,0.0
10.74,0,187.0,0.0,0.0
10.74,0,194.49,0.0,0.0
10.74,0,189.66,0.0,0.0
10.74,0,179.68,0.0,0.0
10.74,0,170.32,0.0,0.0
10.74,0,167.04,0.0,0.0
10.74,0,167.54,0.0,0.0
8.35,0,149.94,0.0,0.0
5.97,0,138.54,0.0,0.0
5.97,0,133.38,0.0,0.0
3.58,0,123.33,0.0,0.0
1.77,0,14.56,0.0,0.0
1.77,0,12.78,0.0,0.0
1.77,0,15.53,0.0,0.0
1.77,0,11.78,0.0,0.0
1.77,0,13.29,0.0,0.0
1.77,0,10.3,0.0,0.0
1.77,0,12.21,0.0,0.0
1.77,0,8.68,0.0,0.0
1.77,0,9.66,0.0,0.0
1.77,0,5.37,0.0,0.0
1.77,0,11.56,0.0,0.0
3.58,0,94.58,0.0,0.0
7.16,0,114.49,0.0,0.0
7.16,0,129.02,0.0,0.0
9.55,0,155.21,0.0,0.0
9.55,0,167.68,0.0,0.0
9.55,0,169.51,0.0,0.0
9.55,0,170.94,0.0,0.0
9.55,0,169.01,0.0,0.0
7.16,0,142.88,0.0,0.0
4.77,0,125.94,0.0,0.0
1.77,0,14.94,0.0,0.0
1.77,0,12.98,0.0,0.0
1.77,0,14.17,0.0,0.0
1.77,0,10.11,0.0,0.0
1.77,0,9.01,0.0,0.0
1.77,0,5.32,0.0,0.0
2.36,0,8.28,0.0,0.0
2.36,0,3.98,0.0,0.0
2.36,0,6.85,0.0,0.0
2.36,0,3.9,0.0,0.0
2.36,0,4.73,0.0,0.0
2.36,0,7.79,0.0,0.0
4.77,0,73.3,0.0,0.0
7.16,0,92.81,0.0,0.0
10.74,0,127.75,0.0,0.0
10.74,0,140.54,0.0,0.0
10.74,0,161.33,0.0,0.0
10.74,0,174.38,0.0,0.0
10.74,0,178.76,0.0,0.0
10.74,0,175.66,0.0,0.0
10.74,0,156.19,0.0,0.0
10.74,0,135.25,0.0,0.0
10.74,0,126.89,0.0,0.0
10.74,0,120.37,0.0,0.0
8.35,0,107.17,0.0,0.0
8.35,0,102.65,0.0,0.0
2.36,0,10.98,0.0,0.0
2.36,0,12.39,0.0,0.0
2.36,0,7.34,0.0,0.0
2.36,0,8.83,0.0,0.0
2.36,0,4.2,0.0,0.0
2.36,0,6.99,0.0,0.0
2.36,0,4.05,0.0,0.0
2.36,0,4.81,0.0,0.0
2.36,0,4.24,0.0,0.0
2.36,0,8.39,0.0,0.0
4.77,0,73.96,0.0,0.0
7.16,0,91.57,0.0,0.0
10.74,0,123.9,0.0,0.0
10.74,0,135.27,0.0,0.0
10.74,0,160.22,0.0,0.0
10.74,0,168.73,0.0,0.0
10.74,0,160.13,0.0,0.0
10.74,0,154.99,0.0,0.0
10.74,0,146.96,0.0,0.0
10.74,0,138.28,0.0,0.0
10.74,0,128.11,0.0,0.0
10.74,0,111.43,0.0,0.0
8.35,0,101.64,0.0,0.0
8.35,0,101.51,0.0,0.0
2.36,0,6.93,0.0,0.0
2.36,0,7.82,0.0,0.0
2.36,0,6.18,0.0,0.0
2.36,0,6.11,0.0,0.0
2.36,0,5.24,0.0,0.0
2.36,0,4.88,0.0,0.0
2.36,0,3.98,0.0,0.0
2.36,0,3.15,0.0,0.0
2.36,0,0.71,0.0,0.0
2.36,0,7.4,0.0,0.0
4.77,0,60.78,0.0,0.0
7.16,0,73.78,0.0,0.0
10.74,0,104.28,0.0,0.0
10.74,0,121.95,0.0,0.0
10.74,0,150.06,0.0,0.0
10.74,0,162.8,0.0,0.0
10.74,0,164.88,0.0,0.0
10.74,0,164.76,0.0,0.0
10.74,0,162.95,0.0,0.0
10.74,0,163.26,0.0,0.0
10.74,0,160.8,0.0,0.0
10.74,0,146.41,0.0,0.0
8.35,0,127.01,0.0,0.0
8.35,0,120.8,0.0,0.0
2.36,0,12.4,0.0,0.0
2.36,0,11.31,0.0,0.0
2.36,0,10.17,0.0,0.0
2.36,0,9.75,0.0,0.0
2.36,0,9.19,0.0,0.0
2.36,0,8.14,0.0,0.0
2.36,0,5.24,0.0,0.0
2.36,0,5.49,0.0,0.0
2.36,0,4.81,0.0,0.0
2.36,0,8.44,0.0,0.0
4.77,0,85.7,0.0,0.0
7.16,0,109.49,0.0,0.0
10.74,0,146.31,0.0,0.0
10.74,0,160.02,0.0,0.0
10.74,0,172.68,0.0,0.0
10.74,0,176.04,0.0,0.0
10.74,0,175.94,0.0,0.0
10.74,0,175.31,0.0,0.0
10.74,0,177.02,0.0,0.0
10.74,0,171.17,0.0,0.0
10.74,0,161.74,0.0,0.0
10.74,0,150.9,0.0,0.0
8.35,0,133.86,0.0,0.0
8.35,0,126.61,0.0,0.0
2.36,0,13.24,0.0,0.0
2.36,0,12.3,0.0,0.0
2.36,0,13.83,0.0,0.0
2.36,0,10.66,0.0,0.0
2.36,0,12.52,0.0,0.0
2.36,0,10.24,0.0,0.0
2.36,0,11.67,0.0,0.0
2.36,0,7.12,0.0,0.0
2.36,0,10.11,0.0,0.0
2.36,0,12.44,0.0,0.0
4.77,0,108.28,0.0,0.0
7.16,0,118.28,0.0,0.0
10.74,0,151.77,0.0,0.0
10.74,0,159.29,0.0,0.0
10.74,0,167.38,0.0,0.0
10.74,0,173.08,0.0,0.0
10.74,0,175.98,0.0,0.0
10.74,0,178.44,0.0,0.0
10.74,0,180.48,0.0,0.0
10.74,0,174.95,0.0,0.0
10.74,0,166.06,0.0,0.0
10.74,0,154.3,0.0,0.0
8.35,0,141.07,0.0,0.0
8.35,0,140.36,0.0,0.0
2.36,0,18.09,0.0,0.0
2.36,0,14.0,0.0,0.0
2.36,0,15.12,0.0,0.0
2.36,0,10.89,0.0,0.0
1.77,0,12.47,0.0,0.0
1.77,0,9.87,0.0,0.0
1.77,0,10.42,0.0,0.0
1.77,0,6.58,0.0,0.0
1.77,0,7.72,0.0,0.0
1.77,0,12.45,0.0,0.0
3.58,0,104.34,0.0,0.0
5.97,0,117.83,0.0,0.0
9.55,0,151.81,0.0,0.0
10.74,0,171.11,0.0,0.0
10.74,0,173.27,0.0,0.0
10.74,0,171.22,0.0,0.0
10.74,0,190.71,0.0,0.0
10.74,0,197.62,0.0,0.0
10.74,0,181.26,0.0,0.0
10.74,0,175.98,0.0,0.0
10.74,0,165.72,0.0,0.0
8.35,0,134.25,0.0,0.0
5.97,0,120.26,0.0,0.0
5.97,0,110.86,0.0,0.0
3.58,0,97.73,0.0,0.0
1.77,0,10.66,0.0,0.0
1.77,0,12.36,0.0,0.0
1.77,0,8.77,0.0,0.0
1.77,0,8.36,0.0,0.0
1.77,0,6.75,0.0,0.0
1.77,0,9.22,0.0,0.0
1.77,0,4.51,0.0,0.0
1.77,0,7.9,0.0,0.0
1.77,0,5.33,0.0,0.0
1.77,0,9.7,0.0,0.0
1.77,0,14.76,0.0,0.0
3.58,0,123.56,0.0,0.0
7.16,0,132.72,0.0,0.0
7.16,0,144.88,0.0,0.0
9.55,0,165.34,0.0,0.0
9.55,0,173.65,0.0,0.0
9.55,0,184.69,0.0,0.0
9.55,0,185.38,0.0,0.0
9.55,0,179.0,0.0,0.0
7.16,0,164.34,0.0,0.0
4.77,0,146.84,0.0,0.0
1.77,0,17.47,0.0,0.0
1.77,0,16.33,0.0,0.0
1.77,0,19.03,0.0,0.0
1.77,0,12.72,0.0,0.0
1.77,0,14.51,0.0,0.0
1.77,0,11.69,0.0,0.0
2.36,0,13.72,0.0,0.0
2.36,0,10.8,0.0,0.0
2.36,0,12.61,0.0,0.0
2.36,0,8.83,0.0,0.0
2.36,0,11.99,0.0,0.0
2.36,0,15.19,0.0,0.0
4.77,0,117.05,0.0,0.0
7.16,0,126.5,0.0,0.0
10.74,0,164.77,0.0,0.0
10.74,0,177.72,0.0,0.0
10.74,0,187.49,0.0,0.0
10.74,0,166.22,0.0,0.0
10.74,0,153.38,0.0,0.0
10.74,0,165.16,0.0,0.0
10.74,0,183.27,0.0,0.0
10.74,0,189.59,0.0,0.0
10.74,0,180.28,0.0,0.0
10.74,0,166.46,0.0,0.0
8.35,0,149.73,0.0,0.0
8.35,0,143.81,0.0,0.0
2.36,0,15.31,0.0,0.0
2.36,0,14.19,0.0,0.0
2.36,0,14.24,0.0,0.0
2.36,0,12.29,0.0,0.0
2.36,0,14.11,0.0,0.0
2.36,0,10.8,0.0,0.0
2.36,0,12.44,0.0,0.0
2.36,0,9.74,0.0,0.0
2.36,0,11.42,0.0,0.0
2.36,0,14.95,0.0,0.0
4.77,0,117.05,0.0,0.0
7.16,0,128.38,0.0,0.0
10.74,0,159.9,0.0,0.0
10.74,0,167.86,0.0,0.0
10.74,0,178.48,0.0,0.0
10.74,0,185.3,0.0,0.0
10.74,0,191.06,0.0,0.0
10.74,0,194.72,0.0,0.0
10.74,0,200.14,0.0,0.0
10.74,0,197.04,0.0,0.0
10.74,0,183.3,0.0,0.0
10.74,0,165.12,0.0,0.0
8.35,0,145.22,0.0,0.0
8.35,0,138.34,0.0,0.0
2.36,0,15.51,0.0,0.0
2.36,0,14.53,0.0,0.0
2.36,0,16.57,0.0,0.0
2.36,0,11.76,0.0,0.0
2.36,0,13.83,0.0,0.0
2.36,0,11.18,0.0,0.0
2.36,0,12.69,0.0,0.0
2.36,0,9.89,0.0,0.0
2.36,0,11.62,0.0,0.0
2.36,0,15.86,0.0,0.0
4.77,0,117.11,0.0,0.0
7.16,0,131.73,0.0,0.0
10.74,0,167.07,0.0,0.0
10.74,0,175.68,0.0,0.0
10.74,0,186.75,0.0,0.0
10.74,0,189.57,0.0,0.0
10.74,0,195.12,0.0,0.0
10.74,0,196.88,0.0,0.0
10.74,0,195.58,0.0,0.0
10.74,0,185.77,0.0,0.0
10.74,0,175.64,0.0,0.0
10.74,0,166.79,0.0,0.0
8.35,0,149.7,0.0,0.0
8.35,0,140.21,0.0,0.0
2.36,0,15.54,0.0,0.0
2.36,0,14.29,0.0,0.0
2.36,0,15.91,0.0,0.0
2.36,0,11.34,0.0,0.0
2.36,0,13.1,0.0,0.0
2.36,0,10.83,0.0,0.0
2.36,0,12.83,0.0,0.0
2.36,0,9.95,0.0,0.0
2.36,0,11.47,0.0,0.0
2.36,0,14.38,0.0,0.0
4.77,0,116.09,0.0,0.0
7.16,0,127.28,0.0,0.0
10.74,0,156.2,0.0,0.0
10.74,0,164.71,0.0,0.0
10.74,0,166.28,0.0,0.0
10.74,0,149.76,0.0,0.0
10.74,0,145.72,0.0,0.0
10.74,0,161.87,0.0,0.0
10.74,0,166.67,0.0,0.0
10.74,0,164.87,0.0,0.0
10.74,0,159.08,0.0,0.0
10.74,0,148.47,0.0,0.0
8.35,0,131.23,0.0,0.0
8.35,0,123.06,0.0,0.0
2.36,0,10.48,0.0,0.0
2.36,0,13.45,0.0,0.0
2.36,0,9.01,0.0,0.0
2.36,0,10.36,0.0,0.0
2.36,0,7.14,0.0,0.0
2.36,0,7.29,0.0,0.0
2.36,0,7.84,0.0,0.0
2.36,0,5.57,0.0,0.0
2.36,0,8.7,0.0,0.0
2.36,0,9.19,0.0,0.0
4.77,0,89.66,0.0,0.0
7.16,0,115.11,0.0,0.0
10.74,0,152.89,0.0,0.0
10.74,0,165.46,0.0,0.0
10.74,0,180.6,0.0,0.0
10.74,0,185.58,0.0,0.0
10.74,0,173.99,0.0,0.0
10.74,0,172.8,0.0,0.0
10.74,0,185.4,0.0,0.0
10.74,0,183.13,0.0,0.0
10.74,0,169.66,0.0,0.0
10.74,0,155.68,0.0,0.0
8.35,0,138.32,0.0,0.0
8.35,0,130.37,0.0,0.0
2.36,0,13.54,0.0,0.0
2.36,0,11.78,0.0,0.0
2.36,0,14.07,0.0,0.0
2.36,0,10.67,0.0,0.0
1.77,0,12.06,0.0,0.0
1.77,0,8.42,0.0,0.0
1.77,0,10.57,0.0,0.0
1.77,0,6.79,0.0,0.0
1.77,0,8.33,0.0,0.0
1.77,0,10.91,0.0,0.0
3.58,0,103.36,0.0,0.0
5.97,0,118.88,0.0,0.0
9.55,0,149.94,0.0,0.0
10.74,0,168.1,0.0,0.0
10.74,0,164.4,0.0,0.0
10.74,0,162.41,0.0,0.0
10.74,0,140.22,0.0,0.0
10.74,0,128.98,0.0,0.0
10.74,0,148.85,0.0,0.0
10.74,0,165.87,0.0,0.0
10.74,0,151.89,0.0,0.0
8.35,0,107.44,0.0,0.0
5.97,0,88.84,0.0,0.0
5.97,0,85.81,0.0,0.0
3.58,0,74.78,0.0,0.0
1.77,0,4.75,0.0,0.0
1.77,0,7.7,0.0,0.0
1.77,0,4.43,0.0,0.0
1.77,0,5.24,0.0,0.0
1.77,0,5.29,0.0,0.0
1.77,0,5.61,0.0,0.0
1.77,0,4.84,0.0,0.0
1.77,0,4.72,0.0,0.0
1.77,0,4.06,0.0,0.0
1.77,0,5.05,0.0,0.0
1.77,0,12.75,0.0,0.0
3.58,0,111.54,0.0,0.0
7.16,0,119.77,0.0,0.0
7.16,0,115.55,0.0,0.0
9.55,0,114.61,0.0,0.0
9.55,0,108.02,0.0,0.0
9.55,0,114.52,0.0,0.0
9.55,0,132.22,0.0,0.0
9.55,0,141.67,0.0,0.0
7.16,0,118.41,0.0,0.0
4.77,0,96.31,0.0,0.0
1.77,0,9.09,0.0,0.0
1.77,0,9.32,0.0,0.0
1.77,0,6.99,0.0,0.0
1.77,0,7.14,0.0,0.0
1.77,0,4.74,0.0,0.0
1.77,0,6.66,0.0,0.0
2.36,0,4.32,0.0,0.0
2.36,0,5.7,0.0,0.0
2.36,0,4.89,0.0,0.0
2.36,0,4.62,0.0,0.0
2.36,0,3.74,0.0,0.0
2.36,0,7.67,0.0,0.0
4.77,0,85.17,0.0,0.0
7.16,0,110.54,0.0,0.0
10.74,0,149.29,0.0,0.0
10.74,0,164.03,0.0,0.0
10.74,0,162.96,0.0,0.0
10.74,0,163.77,0.0,0.0
10.74,0,175.93,0.0,0.0
10.74,0,171.67,0.0,0.0
10.74,0,172.03,0.0,0.0
10.74,0,164.13,0.0,0.0
10.74,0,151.85,0.0,0.0
10.74,0,141.71,0.0,0.0
8.35,0,127.05,0.0,0.0
8.35,0,122.19,0.0,0.0
2.36,0,13.19,0.0,0.0
2.36,0,12.89,0.0,0.0
2.36,0,13.54,0.0,0.0
2.36,0,10.42,0.0,0.0
2.36,0,10.65,0.0,0.0
2.36,0,9.53,0.0,0.0
2.36,0,9.07,0.0,0.0
2.36,0,9.66,0.0,0.0
2.36,0,6.89,0.0,0.0
2.36,0,9.97,0.0,0.0
4.77,0,108.76,0.0,0.0
7.16,0,124.83,0.0,0.0
10.74,0,163.76,0.0,0.0
10.74,0,170.08,0.0,0.0
10.74,0,174.04,0.0,0.0
10.74,0,161.05,0.0,0.0
10.74,0,135.27,0.0,0.0
10.74,0,124.1,0.0,0.0
10.74,0,131.82,0.0,0.0
10.74,0,135.69,0.0,0.0
10.74,0,130.8,0.0,0.0
10.74,0,124.63,0.0,0.0
8.35,0,112.93,0.0,0.0
8.35,0,109.69,0.0,0.0
2.36,0,6.8,0.0,0.0
2.36,0,8.79,0.0,0.0
2.36,0,5.05,0.0,0.0
2.36,0,7.31,0.0,0.0
2.36,0,4.27,0.0,0.0
2.36,0,5.37,0.0,0.0
2.36,0,5.03,0.0,0.0
2.36,0,6.39,0.0,0.0
2.36,0,4.39,0.0,0.0
2.36,0,8.5,0.0,0.0
4.77,0,95.33,0.0,0.0
7.16,0,117.15,0.0,0.0
10.74,0,137.83,0.0,0.0
10.74,0,149.23,0.0,0.0
10.74,0,167.78,0.0,0.0
10.74,0,162.74,0.0,0.0
10.74,0,150.84,0.0,0.0
10.74,0,138.39,0.0,0.0
10.74,0,142.38,0.0,0.0
10.74,0,143.3,0.0,0.0
10.74,0,137.52,0.0,0.0
10.74,0,123.23,0.0,0.0
8.35,0,104.5,0.0,0.0
8.35,0,99.51,0.0,0.0
2.36,0,11.77,0.0,0.0
2.36,0,10.0,0.0,0.0
2.36,0,8.37,0.0,0.0
2.36,0,9.55,0.0,0.0
2.36,0,6.88,0.0,0.0
2.36,0,7.04,0.0,0.0
2.36,0,7.84,0.0,0.0
2.36,0,3.93,0.0,0.0
2.36,0,6.74,0.0,0.0
2.36,0,8.61,0.0,0.0
4.77,0,79.13,0.0,0.0
7.16,0,97.46,0.0,0.0
10.74,0,130.1,0.0,0.0
10.74,0,141.96,0.0,0.0
10.74,0,143.44,0.0,0.0
10.74,0,129.4,0.0,0.0
10.74,0,129.46,0.0,0.0
10.74,0,139.1,0.0,0.0
10.74,0,142.71,0.0,0.0
10.74,0,138.45,0.0,0.0
10.74,0,131.3,0.0,0.0
10.74,0,122.39,0.0,0.0
8.35,0,108.64,0.0,0.0
8.35,0,103.18,0.0,0.0
2.36,0,9.4,0.0,0.0
2.36,0,9.92,0.0,0.0
2.36,0,5.65,0.0,0.0
2.36,0,8.85,0.0,0.0
2.36,0,4.75,0.0,0.0
2.36,0,6.47,0.0,0.0
2.36,0,4.26,0.0,0.0
2.36,0,4.16,0.0,0.0
2.36,0,3.58,0.0,0.0
2.36,0,7.14,0.0,0.0
4.77,0,67.23,0.0,0.0
7.16,0,91.14,0.0,0.0
10.74,0,126.02,0.0,0.0
10.74,0,144.24,0.0,0.0
10.74,0,164.55,0.0,0.0
10.74,0,171.44,0.0,0.0
10.74,0,171.99,0.0,0.0
10.74,0,172.87,0.0,0.0
10.74,0,174.65,0.0,0.0
10.74,0,170.84,0.0,0.0
10.74,0,166.01,0.0,0.0
10.74,0,154.44,0.0,0.0
8.35,0,133.25,0.0,0.0
8.35,0,124.46,0.0,0.0
2.36,0,13.15,0.0,0.0
2.36,0,11.33,0.0,0.0
2.36,0,12.94,0.0,0.0
2.36,0,8.66,0.0,0.0
1.77,0,10.57,0.0,0.0
1.77,0,6.53,0.0,0.0
1.77,0,7.78,0.0,0.0
1.77,0,3.47,0.0,0.0
1.77,0,7.37,0.0,0.0
1.77,0,9.56,0.0,0.0
3.58,0,91.15,0.0,0.0
5.97,0,109.13,0.0,0.0
9.55,0,139.26,0.0,0.0
10.74,0,147.41,0.0,0.0
10.74,0,152.45,0.0,0.0
10.74,0,157.68,0.0,0.0
10.74,0,158.36,0.0,0.0
10.74,0,156.42,0.0,0.0
10.74,0,158.31,0.0,0.0
10.74,0,162.14,0.0,0.0
10.74,0,144.89,0.0,0.0
8.35,0,117.63,0.0,0.0
5.97,0,109.69,0.0,0.0
5.97,0,104.89,0.0,0.0
3.58,0,92.61,0.0,0.0
1.77,0,7.13,0.0,0.0
1.77,0,9.71,0.0,0.0
1.77,0,4.58,0.0,0.0
1.77,0,7.62,0.0,0.0
1.77,0,4.37,0.0,0.0
1.77,0,5.13,0.0,0.0
1.77,0,4.61,0.0,0.0
1.77,0,7.55,0.0,0.0
1.77,0,5.79,0.0,0.0
1.77,0,7.73,0.0,0.0
1.77,0,11.89,0.0,0.0
3.58,0,117.52,0.0,0.0
7.16,0,124.2,0.0,0.0
7.16,0,117.65,0.0,0.0
9.55,0,113.77,0.0,0.0
9.55,0,111.18,0.0,0.0
9.55,0,128.77,0.0,0.0
9.55,0,140.24,0.0,0.0
9.55,0,141.15,0.0,0.0
7.16,0,120.55,0.0,0.0
4.77,0,105.06,0.0,0.0
1.77,0,12.09,0.0,0.0
1.77,0,12.19,0.0,0.0
1.77,0,6.94,0.0,0.0
1.77,0,9.74,0.0,0.0
1.77,0,5.43,0.0,0.0
1.77,0,7.04,0.0,0.0
2.36,0,4.96,0.0,0.0
2.36,0,6.88,0.0,0.0
2.36,0,3.35,0.0,0.0
2.36,0,4.96,0.0,0.0
2.36,0,5.69,0.0,0.0
2.36,0,9.16,0.0,0.0
4.77,0,97.57,0.0,0.0
7.16,0,121.93,0.0,0.0
10.74,0,147.39,0.0,0.0
10.74,0,151.12,0.0,0.0
10.74,0,155.11,0.0,0.0
10.74,0,159.88,0.0,0.0
10.74,0,176.79,0.0,0.0
10.74,0,179.03,0.0,0.0
10.74,0,176.82,0.0,0.0
10.74,0,178.36,0.0,0.0
10.74,0,173.76,0.0,0.0
10.74,0,164.22,0.0,0.0
8.35,0,147.08,0.0,0.0
8.35,0,138.27,0.0,0.0
2.36,0,14.14,0.0,0.0
2.36,0,12.91,0.0,0.0
2.36,0,12.99,0.0,0.0
2.36,0,11.11,0.0,0.0
2.36,0,12.36,0.0,0.0
2.36,0,8.19,0.0,0.0
2.36,0,10.95,0.0,0.0
2.36,0,7.42,0.0,0.0
2.36,0,8.22,0.0,0.0
2.36,0,10.9,0.0,0.0
4.77,0,109.47,0.0,0.0
7.16,0,124.85,0.0,0.0
10.74,0,161.19,0.0,0.0
10.74,0,174.39,0.0,0.0
10.74,0,185.44,0.0,0.0
10.74,0,183.31,0.0,0.0
10.74,0,181.2,0.0,0.0
10.74,0,180.46,0.0,0.0
10.74,0,184.69,0.0,0.0
10.74,0,180.63,0.0,0.0
10.74,0,166.63,0.0,0.0
10.74,0,144.14,0.0,0.0
8.35,0,128.2,0.0,0.0
8.35,0,128.51,0.0,0.0
2.36,0,13.8,0.0,0.0
2.36,0,12.16,0.0,0.0
2.36,0,12.46,0.0,0.0
2.36,0,10.18,0.0,0.0
2.36,0,12.34,0.0,0.0
2.36,0,9.28,0.0,0.0
2.36,0,10.85,0.0,0.0
2.36,0,7.26,0.0,0.0
2.36,0,8.04,0.0,0.0
2.36,0,12.81,0.0,0.0
4.77,0,116.33,0.0,0.0
7.16,0,133.08,0.0,0.0
10.74,0,167.9,0.0,0.0
10.74,0,180.82,0.0,0.0
10.74,0,192.38,0.0,0.0
10.74,0,188.77,0.0,0.0
10.74,0,191.04,0.0,0.0
10.74,0,185.94,0.0,0.0
10.74,0,191.73,0.0,0.0
10.74,0,197.57,0.0,0.0
10.74,0,184.22,0.0,0.0
10.74,0,165.25,0.0,0.0
8.35,0,147.9,0.0,0.0
8.35,0,144.08,0.0,0.0
2.36,0,15.53,0.0,0.0
2.36,0,14.32,0.0,0.0
2.36,0,16.05,0.0,0.0
2.36,0,12.42,0.0,0.0
2.36,0,13.64,0.0,0.0
2.36,0,10.42,0.0,0.0
2.36,0,12.46,0.0,0.0
2.36,0,9.46,0.0,0.0
2.36,0,11.15,0.0,0.0
2.36,0,16.73,0.0,0.0
4.77,0,118.97,0.0,0.0
7.16,0,131.47,0.0,0.0
10.74,0,163.77,0.0,0.0
10.74,0,172.54,0.0,0.0
10.74,0,169.13,0.0,0.0
10.74,0,147.23,0.0,0.0
10.74,0,136.36,0.0,0.0
10.74,0,142.89,0.0,0.0
10.74,0,169.55,0.0,0.0
10.74,0,179.49,0.0,0.0
10.74,0,173.46,0.0,0.0
10.74,0,160.7,0.0,0.0
8.35,0,141.55,0.0,0.0
8.35,0,134.33,0.0,0.0
2.36,0,13.65,0.0,0.0
2.36,0,12.85,0.0,0.0
2.36,0,12.39,0.0,0.0
2.36,0,8.78,0.0,0.0
2.36,0,9.76,0.0,0.0
2.36,0,8.09,0.0,0.0
2.36,0,7.45,0.0,0.0
2.36,0,8.67,0.0,0.0
2.36,0,6.3,0.0,0.0
2.36,0,9.09,0.0,0.0
4.77,0,99.28,0.0,0.0
7.16,0,115.39,0.0,0.0
10.74,0,151.29,0.0,0.0
10.74,0,162.08,0.0,0.0
10.74,0,175.08,0.0,0.0
10.74,0,183.07,0.0,0.0
10.74,0,187.88,0.0,0.0
10.74,0,192.04,0.0,0.0
10.74,0,196.08,0.0,0.0
10.74,0,188.25,0.0,0.0
10.74,0,175.7,0.0,0.0
10.74,0,165.07,0.0,0.0
8.35,0,149.24,0.0,0.0
8.35,0,139.94,0.0,0.0
2.36,0,14.05,0.0,0.0
2.36,0,12.71,0.0,0.0
2.36,0,13.14,0.0,0.0
2.36,0,10.26,0.0,0.0
1.77,0,11.37,0.0,0.0
1.77,0,8.82,0.0,0.0
1.77,0,10.66,0.0,0.0
1.77,0,7.23,0.0,0.0
1.77,0,7.93,0.0,0.0
1.77,0,12.22,0.0,0.0
3.58,0,106.4,0.0,0.0
5.97,0,114.43,0.0,0.0
9.55,0,140.82,0.0,0.0
10.74,0,157.74,0.0,0.0
10.74,0,173.57,0.0,0.0
10.74,0,180.61,0.0,0.0
10.74,0,184.16,0.0,0.0
10.74,0,186.1,0.0,0.0
10.74,0,180.65,0.0,0.0
10.74,0,169.45,0.0,0.0
10.74,0,156.28,0.0,0.0
8.35,0,131.15,0.0,0.0
5.97,0,120.47,0.0,0.0
5.97,0,116.84,0.0,0.0
3.58,0,104.33,0.0,0.0
1.77,0,8.14,0.0,0.0
1.77,0,10.54,0.0,0.0
1.77,0,7.62,0.0,0.0
1.77,0,9.43,0.0,0.0
1.77,0,4.5,0.0,0.0
1.77,0,7.44,0.0,0.0
1.77,0,4.54,0.0,0.0
1.77,0,6.36,0.0,0.0
1.77,0,3.64,0.0,0.0
1.77,0,7.66,0.0,0.0
1.77,0,12.17,0.0,0.0
3.58,0,106.33,0.0,0.0
7.16,0,127.19,0.0,0.0
7.16,0,142.93,0.0,0.0
9.55,0,161.33,0.0,0.0
9.55,0,167.94,0.0,0.0
9.55,0,157.35,0.0,0.0
9.55,0,147.32,0.0,0.0
9.55,0,156.77,0.0,0.0
7.16,0,146.08,0.0,0.0
4.77,0,122.39,0.0,0.0
1.77,0,13.76,0.0,0.0
1.77,0,13.59,0.0,0.0
1.77,0,13.34,0.0,0.0
1.77,0,10.18,0.0,0.0
1.77,0,10.21,0.0,0.0
1.77,0,8.9,0.0,0.0
2.36,0,8.54,0.0,0.0
2.36,0,9.12,0.0,0.0
2.36,0,7.28,0.0,0.0
2.36,0,8.3,0.0,0.0
2.36,0,5.54,0.0,0.0
2.36,0,9.61,0.0,0.0
4.77,0,89.57,0.0,0.0
7.16,0,106.93,0.0,0.0
10.74,0,138.77,0.0,0.0
10.74,0,140.62,0.0,0.0
10.74,0,145.94,0.0,0.0
10.74,0,150.08,0.0,0.0
10.74,0,145.93,0.0,0.0
10.74,0,135.4,0.0,0.0
10.74,0,138.45,0.0,0.0
10.74,0,141.65,0.0,0.0
10.74,0,131.91,0.0,0.0
10.74,0,120.57,0.0,0.0
8.35,0,107.23,0.0,0.0
8.35,0,102.35,0.0,0.0
2.36,0,6.98,0.0,0.0
2.36,0,10.02,0.0,0.0
2.36,0,5.64,0.0,0.0
2.36,0,8.78,0.0,0.0
2.36,0,5.07,0.0,0.0
2.36,0,7.58,0.0,0.0
2.36,0,4.93,0.0,0.0
2.36,0,6.74,0.0,0.0
2.36,0,5.43,0.0,0.0
2.36,0,8.69,0.0,0.0
4.77,0,67.14,0.0,0.0
7.16,0,71.38,0.0,0.0
10.74,0,106.04,0.0,0.0
10.74,0,119.61,0.0,0.0
10.74,0,138.5,0.0,0.0
10.74,0,142.15,0.0,0.0
10.74,0,144.41,0.0,0.0
10.74,0,149.82,0.0,0.0
10.74,0,151.07,0.0,0.0
10.74,0,145.25,0.0,0.0
10.74,0,144.66,0.0,0.0
10.74,0,136.53,0.0,0.0
8.35,0,118.05,0.0,0.0
8.35,0,111.18,0.0,0.0
2.36,0,11.82,0.0,0.0
2.36,0,11.29,0.0,0.0
2.36,0,10.27,0.0,0.0
2.36,0,11.36,0.0,0.0
2.36,0,7.56,0.0,0.0
2.36,0,6.81,0.0,0.0
2.36,0,7.01,0.0,0.0
2.36,0,3.97,0.0,0.0
2.36,0,4.78,0.0,0.0
2.36,0,7.94,0.0,0.0
4.77,0,87.74,0.0,0.0
7.16,0,113.1,0.0,0.0
10.74,0,150.29,0.0,0.0
10.74,0,162.53,0.0,0.0
10.74,0,175.28,0.0,0.0
10.74,0,180.89,0.0,0.0
10.74,0,187.05,0.0,0.0
10.74,0,194.74,0.0,0.0
10.74,0,194.72,0.0,0.0
10.74,0,182.53,0.0,0.0
10.74,0,164.56,0.0,0.0
10.74,0,142.17,0.0,0.0
8.35,0,122.31,0.0,0.0
8.35,0,116.92,0.0,0.0
2.36,0,12.81,0.0,0.0
2.36,0,12.5,0.0,0.0
2.36,0,12.99,0.0,0.0
2.36,0,9.73,0.0,0.0
2.36,0,9.12,0.0,0.0
2.36,0,9.06,0.0,0.0
2.36,0,7.29,0.0,0.0
2.36,0,8.52,0.0,0.0
2.36,0,6.79,0.0,0.0
2.36,0,9.44,0.0,0.0
4.77,0,99.19,0.0,0.0
7.16,0,116.93,0.0,0.0
10.74,0,150.42,0.0,0.0
10.74,0,167.43,0.0,0.0
10.74,0,180.99,0.0,0.0
10.74,0,180.84,0.0,0.0
10.74,0,187.65,0.0,0.0
10.74,0,191.77,0.0,0.0
10.74,0,192.04,0.0,0.0
10.74,0,174.03,0.0,0.0
10.74,0,146.74,0.0,0.0
10.74,0,129.86,0.0,0.0
8.35,0,116.23,0.0,0.0
8.35,0,114.24,0.0,0.0
2.36,0,12.59,0.0,0.0
2.36,0,12.16,0.0,0.0
2.36,0,12.04,0.0,0.0
2.36,0,8.42,0.0,0.0
2.36,0,8.81,0.0,0.0
2.36,0,9.35,0.0,0.0
2.36,0,7.48,0.0,0.0
2.36,0,6.11,0.0,0.0
2.36,0,7.18,0.0,0.0
2.36,0,8.68,0.0,0.0
4.77,0,92.14,0.0,0.0
7.16,0,114.0,0.0,0.0
10.74,0,152.62,0.0,0.0
10.74,0,164.14,0.0,0.0
10.74,0,177.36,0.0,0.0
10.74,0,183.97,0.0,0.0
10.74,0,185.16,0.0,0.0
10.74,0,174.27,0.0,0.0
10.74,0,176.0,0.0,0.0
10.74,0,178.31,0.0,0.0
10.74,0,168.14,0.0,0.0
10.74,0,152.7,0.0,0.0
8.35,0,136.79,0.0,0.0
8.35,0,132.54,0.0,0.0
2.36,0,13.8,0.0,0.0
2.36,0,12.7,0.0,0.0
2.36,0,12.91,0.0,0.0
2.36,0,10.86,0.0,0.0
1.77,0,11.91,0.0,0.0
1.77,0,7.57,0.0,0.0
1.77,0,8.32,0.0,0.0
1.77,0,5.0,0.0,0.0
1.77,0,8.62,0.0,0.0
1.77,0,10.16,0.0,0.0
3.58,0,103.75,0.0,0.0
5.97,0,118.52,0.0,0.0
9.55,0,148.33,0.0,0.0
10.74,0,172.23,0.0,0.0
10.74,0,189.41,0.0,0.0
10.74,0,191.97,0.0,0.0
10.74,0,175.41,0.0,0.0
10.74,0,160.68,0.0,0.0
10.74,0,164.72,0.0,0.0
10.74,0,168.66,0.0,0.0
10.74,0,159.88,0.0,0.0
8.35,0,134.53,0.0,0.0
5.97,0,121.48,0.0,0.0
5.97,0,113.94,0.0,0.0
3.58,0,98.5,0.0,0.0
1.77,0,13.62,0.0,0.0
1.77,0,11.44,0.0,0.0
1.77,0,9.18,0.0,0.0
1.77,0,10.72,0.0,0.0
1.77,0,7.59,0.0,0.0
1.77,0,7.29,0.0,0.0
1.77,0,5.82,0.0,0.0
1.77,0,7.28,0.0,0.0
1.77,0,4.37,0.0,0.0
1.77,0,7.87,0.0,0.0
1.77,0,14.47,0.0,0.0
3.58,0,120.0,0.0,0.0
7.16,0,141.96,0.0,0.0
7.16,0,155.37,0.0,0.0
9.55,0,169.43,0.0,0.0
9.55,0,172.39,0.0,0.0
9.55,0,171.9,0.0,0.0
9.55,0,163.28,0.0,0.0
9.55,0,155.84,0.0,0.0
7.16,0,141.58,0.0,0.0
4.77,0,129.91,0.0,0.0
1.77,0,15.21,0.0,0.0
1.77,0,14.15,0.0,0.0
1.77,0,14.55,0.0,0.0
1.77,0,10.81,0.0,0.0
1.77,0,13.18,0.0,0.0
1.77,0,9.9,0.0,0.0
2.36,0,10.66,0.0,0.0
2.36,0,8.4,0.0,0.0
2.36,0,11.3,0.0,0.0
2.36,0,7.49,0.0,0.0
2.36,0,8.27,0.0,0.0
2.36,0,11.3,0.0,0.0
4.77,0,110.77,0.0,0.0
7.16,0,126.21,0.0,0.0
10.74,0,163.06,0.0,0.0
10.74,0,175.45,0.0,0.0
10.74,0,193.26,0.0,0.0
10.74,0,198.79,0.0,0.0
10.74,0,197.0,0.0,0.0
10.74,0,196.95,0.0,0.0
10.74,0,198.5,0.0,0.0
10.74,0,199.81,0.0,0.0
10.74,0,188.53,0.0,0.0
10.74,0,168.1,0.0,0.0
8.35,0,146.04,0.0,0.0
8.35,0,138.62,0.0,0.0
2.36,0,15.18,0.0,0.0
2.36,0,14.04,0.0,0.0
2.36,0,15.28,0.0,0.0
2.36,0,11.1,0.0,0.0
2.36,0,12.72,0.0,0.0
2.36,0,10.41,0.0,0.0
2.36,0,12.34,0.0,0.0
2.36,0,9.6,0.0,0.0
2.36,0,10.65,0.0,0.0
2.36,0,15.73,0.0,0.0
4.77,0,91.61,0.0,0.0
7.16,0,88.61,0.0,0.0
10.74,0,111.45,0.0,0.0
10.74,0,116.14,0.0,0.0
10.74,0,128.76,0.0,0.0
10.74,0,145.75,0.0,0.0
10.74,0,159.96,0.0,0.0
10.74,0,166.09,0.0,0.0
10.74,0,171.85,0.0,0.0
10.74,0,172.28,0.0,0.0
10.74,0,166.04,0.0,0.0
10.74,0,154.71,0.0,0.0
8.35,0,140.57,0.0,0.0
8.35,0,139.35,0.0,0.0
2.36,0,12.98,0.0,0.0
2.36,0,12.35,0.0,0.0
2.36,0,13.43,0.0,0.0
2.36,0,10.21,0.0,0.0
2.36,0,9.5,0.0,0.0
2.36,0,8.91,0.0,0.0
2.36,0,8.27,0.0,0.0
2.36,0,6.73,0.0,0.0
2.36,0,6.45,0.0,0.0
2.36,0,9.5,0.0,0.0
4.77,0,99.03,0.0,0.0
7.16,0,122.44,0.0,0.0
10.74,0,162.99,0.0,0.0
10.74,0,174.03,0.0,0.0
10.74,0,186.04,0.0,0.0
10.74,0,190.71,0.0,0.0
10.74,0,195.08,0.0,0.0
10.74,0,196.37,0.0,0.0
10.74,0,195.12,0.0,0.0
10.74,0,166.47,0.0,0.0
10.74,0,133.21,0.0,0.0
10.74,0,119.63,0.0,0.0
8.35,0,107.33,0.0,0.0
8.35,0,107.95,0.0,0.0
2.36,0,9.65,0.0,0.0
2.36,0,9.84,0.0,0.0
2.36,0,7.32,0.0,0.0
2.36,0,8.8,0.0,0.0
2.36,0,5.07,0.0,0.0
2.36,0,7.16,0.0,0.0
2.36,0,4.18,0.0,0.0
2.36,0,6.04,0.0,0.0
2.36,0,4.81,0.0,0.0
2.36,0,8.76,0.0,0.0
4.77,0,92.34,0.0,0.0
7.16,0,119.19,0.0,0.0
10.74,0,158.89,0.0,0.0
10.74,0,168.41,0.0,0.0
10.74,0,182.36,0.0,0.0
10.74,0,191.32,0.0,0.0
10.74,0,193.61,0.0,0.0
10.74,0,186.03,0.0,0.0
10.74,0,176.74,0.0,0.0
10.74,0,165.32,0.0,0.0
10.74,0,154.36,0.0,0.0
10.74,0,142.8,0.0,0.0
8.35,0,127.37,0.0,0.0
8.35,0,123.04,0.0,0.0
2.36,0,13.31,0.0,0.0
2.36,0,12.72,0.0,0.0
2.36,0,12.85,0.0,0.0
2.36,0,9.88,0.0,0.0
2.36,0,9.33,0.0,0.0
2.36,0,9.16,0.0,0.0
2.36,0,9.44,0.0,0.0
2.36,0,7.15,0.0,0.0
2.36,0,7.07,0.0,0.0
2.36,0,9.97,0.0,0.0
4.77,0,88.46,0.0,0.0
7.16,0,110.6,0.0,0.0
10.74,0,155.69,0.0,0.0
10.74,0,175.38,0.0,0.0
10.74,0,193.75,0.0,0.0
10.74,0,200.54,0.0,0.0
10.74,0,203.82,0.0,0.0
10.74,0,205.97,0.0,0.0
10.74,0,207.34,0.0,0.0
10.74,0,193.15,0.0,0.0
10.74,0,171.87,0.0,0.0
10.74,0,150.49,0.0,0.0
8.35,0,131.11,0.0,0.0
8.35,0,124.55,0.0,0.0
2.36,0,13.84,0.0,0.0
2.36,0,13.64,0.0,0.0
2.36,0,12.8,0.0,0.0
2.36,0,11.92,0.0,0.0
1.77,0,8.72,0.0,0.0
1.77,0,8.93,0.0,0.0
1.77,0,8.09,0.0,0.0
1.77,0,6.31,0.0,0.0
1.77,0,6.3,0.0,0.0
1.77,0,9.07,0.0,0.0
3.58,0,81.7,0.0,0.0
5.97,0,93.29,0.0,0.0
9.55,0,133.26,0.0,0.0
10.74,0,164.59,0.0,0.0
10.74,0,184.84,0.0,0.0
10.74,0,185.1,0.0,0.0
10.74,0,193.06,0.0,0.0
10.74,0,186.04,0.0,0.0
10.74,0,173.17,0.0,0.0
10.74,0,172.82,0.0,0.0
10.74,0,164.25,0.0,0.0
8.35,0,134.6,0.0,0.0
5.97,0,119.2,0.0,0.0
5.97,0,113.24,0.0,0.0
3.58,0,99.1,0.0,0.0
1.77,0,11.61,0.0,0.0
1.77,0,13.05,0.0,0.0
1.77,0,10.01,0.0,0.0
1.77,0,8.67,0.0,0.0
1.77,0,6.8,0.0,0.0
1.77,0,9.28,0.0,0.0
1.77,0,4.2,0.0,0.0
1.77,0,6.89,0.0,0.0
1.77,0,4.39,0.0,0.0
1.77,0,7.09,0.0,0.0
1.77,0,10.89,0.0,0.0
3.58,0,94.26,0.0,0.0
7.16,0,111.49,0.0,0.0
7.16,0,130.48,0.0,0.0
9.55,0,154.32,0.0,0.0
9.55,0,162.23,0.0,0.0
9.55,0,164.21,0.0,0.0
9.55,0,161.03,0.0,0.0
9.55,0,158.74,0.0,0.0
7.16,0,143.12,0.0,0.0
4.77,0,127.04,0.0,0.0
1.77,0,14.53,0.0,0.0
1.77,0,14.53,0.0,0.0
1.77,0,14.56,0.0,0.0
1.77,0,11.93,0.0,0.0
1.77,0,11.84,0.0,0.0
1.77,0,11.83,0.0,0.0
2.36,0,11.85,0.0,0.0
2.36,0,9.56,0.0,0.0
2.36,0,10.17,0.0,0.0
2.36,0,10.56,0.0,0.0
2.36,0,8.39,0.0,0.0
2.36,0,11.88,0.0,0.0
4.77,0,110.78,0.0,0.0
7.16,0,122.76,0.0,0.0
10.74,0,157.67,0.0,0.0
10.74,0,159.1,0.0,0.0
10.74,0,171.86,0.0,0.0
10.74,0,181.68,0.0,0.0
10.74,0,185.65,0.0,0.0
10.74,0,189.4,0.0,0.0
10.74,0,185.22,0.0,0.0
10.74,0,173.36,0.0,0.0
10.74,0,167.65,0.0,0.0
10.74,0,158.01,0.0,0.0
8.35,0,141.99,0.0,0.0
8.35,0,138.63,0.0,0.0
2.36,0,14.75,0.0,0.0
2.36,0,13.08,0.0,0.0
2.36,0,13.14,0.0,0.0
2.36,0,10.7,0.0,0.0
2.36,0,13.08,0.0,0.0
2.36,0,10.14,0.0,0.0
2.36,0,12.04,0.0,0.0
2.36,0,8.18,0.0,0.0
2.36,0,10.18,0.0,0.0
2.36,0,14.27,0.0,0.0
4.77,0,107.29,0.0,0.0
7.16,0,116.11,0.0,0.0
10.74,0,149.01,0.0,0.0
10.74,0,160.08,0.0,0.0
10.74,0,176.14,0.0,0.0
10.74,0,179.57,0.0,0.0
10.74,0,184.33,0.0,0.0
10.74,0,188.53,0.0,0.0
10.74,0,181.92,0.0,0.0
10.74,0,160.17,0.0,0.0
10.74,0,144.96,0.0,0.0
10.74,0,137.91,0.0,0.0
8.35,0,122.68,0.0,0.0
8.35,0,117.01,0.0,0.0
2.36,0,11.06,0.0,0.0
2.36,0,13.41,0.0,0.0
2.36,0,9.87,0.0,0.0
2.36,0,12.04,0.0,0.0
2.36,0,8.6,0.0,0.0
2.36,0,10.22,0.0,0.0
2.36,0,8.48,0.0,0.0
2.36,0,10.82,0.0,0.0
2.36,0,7.44,0.0,0.0
2.36,0,10.85,0.0,0.0
4.77,0,92.47,0.0,0.0
7.16,0,96.01,0.0,0.0
10.74,0,122.86,0.0,0.0
10.74,0,124.96,0.0,0.0
10.74,0,132.63,0.0,0.0
10.74,0,137.6,0.0,0.0
10.74,0,142.66,0.0,0.0
10.74,0,145.54,0.0,0.0
10.74,0,150.48,0.0,0.0
10.74,0,148.58,0.0,0.0
10.74,0,138.52,0.0,0.0
10.74,0,129.43,0.0,0.0
8.35,0,116.46,0.0,0.0
8.35,0,113.72,0.0,0.0
2.36,0,9.18,0.0,0.0
2.36,0,10.54,0.0,0.0
2.36,0,6.59,0.0,0.0
2.36,0,7.91,0.0,0.0
2.36,0,5.41,0.0,0.0
2.36,0,6.71,0.0,0.0
2.36,0,6.53,0.0,0.0
2.36,0,7.3,0.0,0.0
2.36,0,5.17,0.0,0.0
2.36,0,9.62,0.0,0.0
4.77,0,70.04,0.0,0.0
7.16,0,71.94,0.0,0.0
10.74,0,98.19,0.0,0.0
10.74,0,100.81,0.0,0.0
10.74,0,109.54,0.0,0.0
10.74,0,112.86,0.0,0.0
10.74,0,117.88,0.0,0.0
10.74,0,120.86,0.0,0.0
10.74,0,127.93,0.0,0.0
10.74,0,125.47,0.0,0.0
10.74,0,118.56,0.0,0.0
10.74,0,111.88,0.0,0.0
8.35,0,96.84,0.0,0.0
8.35,0,92.69,0.0,0.0
2.36,0,6.11,0.0,0.0
2.36,0,7.95,0.0,0.0
2.36,0,5.95,0.0,0.0
2.36,0,6.57,0.0,0.0
2.36,0,5.62,0.0,0.0
2.36,0,6.19,0.0,0.0
2.36,0,5.48,0.0,0.0
2.36,0,3.65,0.0,0.0
2.36,0,3.57,0.0,0.0
2.36,0,8.2,0.0,0.0
4.77,0,51.57,0.0,0.0
7.16,0,64.14,0.0,0.0
10.74,0,95.31,0.0,0.0
10.74,0,104.75,0.0,0.0
10.74,0,118.52,0.0,0.0
10.74,0,121.45,0.0,0.0
10.74,0,122.33,0.0,0.0
10.74,0,126.42,0.0,0.0
10.74,0,135.77,0.0,0.0
10.74,0,135.84,0.0,0.0
10.74,0,130.01,0.0,0.0
10.74,0,118.28,0.0,0.0
8.35,0,99.71,0.0,0.0
8.35,0,94.04,0.0,0.0
2.36,0,6.69,0.0,0.0
2.36,0,9.39,0.0,0.0
2.36,0,5.24,0.0,0.0
2.36,0,7.64,0.0,0.0
1.77,0,4.7,0.0,0.0
1.77,0,6.89,0.0,0.0
1.77,0,5.19,0.0,0.0
1.77,0,5.07,0.0,0.0
1.77,0,5.37,0.0,0.0
1.77,0,8.78,0.0,0.0
3.58,0,56.63,0.0,0.0
5.97,0,72.8,0.0,0.0
9.55,0,101.46,0.0,0.0
10.74,0,128.66,0.0,0.0
10.74,0,162.83,0.0,0.0
10.74,0,172.51,0.0,0.0
10.74,0,178.15,0.0,0.0
10.74,0,183.31,0.0,0.0
10.74,0,173.76,0.0,0.0
10.74,0,160.64,0.0,0.0
10.74,0,146.22,0.0,0.0
8.35,0,124.77,0.0,0.0
5.97,0,112.93,0.0,0.0
5.97,0,107.53,0.0,0.0
3.58,0,94.3,0.0,0.0
1.77,0,9.14,0.0,0.0
1.77,0,10.99,0.0,0.0
1.77,0,6.42,0.0,0.0
1.77,0,9.11,0.0,0.0
1.77,0,5.83,0.0,0.0
1.77,0,7.2,0.0,0.0
1.77,0,5.08,0.0,0.0
1.77,0,7.98,0.0,0.0
1.77,0,4.78,0.0,0.0
1.77,0,8.63,0.0,0.0
1.77,0,13.85,0.0,0.0
3.58,0,118.78,0.0,0.0
7.16,0,132.43,0.0,0.0
7.16,0,143.38,0.0,0.0
9.55,0,164.54,0.0,0.0
9.55,0,163.87,0.0,0.0
9.55,0,164.54,0.0,0.0
9.55,0,167.3,0.0,0.0
9.55,0,162.48,0.0,0.0
7.16,0,141.04,0.0,0.0
4.77,0,125.33,0.0,0.0
1.77,0,14.86,0.0,0.0
1.77,0,13.66,0.0,0.0
1.77,0,14.18,0.0,0.0
1.77,0,10.66,0.0,0.0
1.77,0,12.95,0.0,0.0
1.77,0,8.86,0.0,0.0
2.36,0,11.77,0.0,0.0
2.36,0,8.06,0.0,0.0
2.36,0,10.88,0.0,0.0
2.36,0,7.96,0.0,0.0
2.36,0,8.76,0.0,0.0
2.36,0,11.62,0.0,0.0
4.77,0,110.23,0.0,0.0
7.16,0,123.49,0.0,0.0
10.74,0,157.63,0.0,0.0
10.74,0,163.27,0.0,0.0
10.74,0,163.46,0.0,0.0
10.74,0,162.44,0.0,0.0
10.74,0,150.11,0.0,0.0
10.74,0,144.28,0.0,0.0
10.74,0,165.03,0.0,0.0
10.74,0,172.15,0.0,0.0
10.74,0,159.76,0.0,0.0
10.74,0,146.0,0.0,0.0
8.35,0,131.6,0.0,0.0
8.35,0,128.33,0.0,0.0
2.36,0,10.55,0.0,0.0
2.36,0,13.13,0.0,0.0
2.36,0,9.28,0.0,0.0
2.36,0,11.43,0.0,0.0
2.36,0,7.49,0.0,0.0
2.36,0,9.46,0.0,0.0
2.36,0,6.08,0.0,0.0
2.36,0,5.45,0.0,0.0
2.36,0,7.77,0.0,0.0
2.36,0,9.79,0.0,0.0
4.77,0,92.12,0.0,0.0
7.16,0,116.37,0.0,0.0
10.74,0,149.81,0.0,0.0
10.74,0,159.52,0.0,0.0
10.74,0,172.87,0.0,0.0
10.74,0,179.77,0.0,0.0
10.74,0,176.98,0.0,0.0
10.74,0,178.68,0.0,0.0
10.74,0,184.43,0.0,0.0
10.74,0,182.84,0.0,0.0
10.74,0,174.37,0.0,0.0
10.74,0,158.57,0.0,0.0
8.35,0,137.66,0.0,0.0
8.35,0,129.17,0.0,0.0
2.36,0,14.06,0.0,0.0
2.36,0,13.39,0.0,0.0
2.36,0,14.38,0.0,0.0
2.36,0,11.78,0.0,0.0
2.36,0,11.08,0.0,0.0
2.36,0,10.9,0.0,0.0
2.36,0,8.22,0.0,0.0
2.36,0,8.32,0.0,0.0
2.36,0,8.15,0.0,0.0
2.36,0,10.76,0.0,0.0
4.77,0,109.26,0.0,0.0
7.16,0,123.39,0.0,0.0
10.74,0,157.06,0.0,0.0
10.74,0,152.46,0.0,0.0
10.74,0,144.96,0.0,0.0
10.74,0,136.42,0.0,0.0
10.74,0,148.26,0.0,0.0
10.74,0,155.23,0.0,0.0
10.74,0,163.49,0.0,0.0
10.74,0,169.82,0.0,0.0
10.74,0,160.82,0.0,0.0
10.74,0,150.47,0.0,0.0
8.35,0,135.51,0.0,0.0
8.35,0,129.84,0.0,0.0
2.36,0,13.18,0.0,0.0
2.36,0,12.9,0.0,0.0
2.36,0,12.92,0.0,0.0
2.36,0,9.96,0.0,0.0
2.36,0,8.84,0.0,0.0
2.36,0,9.9,0.0,0.0
2.36,0,7.82,0.0,0.0
2.36,0,9.02,0.0,0.0
2.36,0,7.48,0.0,0.0
2.36,0,10.12,0.0,0.0
4.77,0,105.47,0.0,0.0
7.16,0,117.53,0.0,0.0
10.74,0,153.38,0.0,0.0
10.74,0,164.2,0.0,0.0
10.74,0,157.67,0.0,0.0
10.74,0,146.62,0.0,0.0
10.74,0,153.2,0.0,0.0
10.74,0,174.17,0.0,0.0
10.74,0,183.22,0.0,0.0
10.74,0,175.0,0.0,0.0
10.74,0,160.64,0.0,0.0
10.74,0,144.88,0.0,0.0
8.35,0,125.56,0.0,0.0
8.35,0,120.66,0.0,0.0
2.36,0,10.29,0.0,0.0
2.36,0,11.77,0.0,0.0
2.36,0,8.91,0.0,0.0
2.36,0,11.1,0.0,0.0
2.36,0,7.88,0.0,0.0
2.36,0,10.09,0.0,0.0
2.36,0,6.4,0.0,0.0
2.36,0,6.24,0.0,0.0
2.36,0,8.4,0.0,0.0
2.36,0,10.35,0.0,0.0
4.77,0,89.99,0.0,0.0
7.16,0,111.6,0.0,0.0
10.74,0,138.02,0.0,0.0
10.74,0,144.72,0.0,0.0
10.74,0,153.01,0.0,0.0
10.74,0,146.11,0.0,0.0
10.74,0,142.04,0.0,0.0
10.74,0,155.87,0.0,0.0
10.74,0,169.63,0.0,0.0
10.74,0,161.14,0.0,0.0
10.74,0,145.07,0.0,0.0
10.74,0,136.1,0.0,0.0
8.35,0,119.53,0.0,0.0
8.35,0,113.5,0.0,0.0
2.36,0,8.82,0.0,0.0
2.36,0,9.7,0.0,0.0
2.36,0,5.89,0.0,0.0
2.36,0,8.48,0.0,0.0
1.77,0,4.65,0.0,0.0
1.77,0,6.76,0.0,0.0
1.77,0,4.94,0.0,0.0
1.77,0,5.58,0.0,0.0
1.77,0,4.51,0.0,0.0
1.77,0,7.92,0.0,0.0
3.58,0,82.76,0.0,0.0
5.97,0,106.48,0.0,0.0
9.55,0,138.55,0.0,0.0
10.74,0,161.1,0.0,0.0
10.74,0,164.2,0.0,0.0
10.74,0,158.52,0.0,0.0
10.74,0,159.12,0.0,0.0
10.74,0,164.21,0.0,0.0
10.74,0,171.01,0.0,0.0
10.74,0,166.91,0.0,0.0
10.74,0,149.45,0.0,0.0
8.35,0,124.12,0.0,0.0
5.97,0,112.05,0.0,0.0
5.97,0,104.54,0.0,0.0
3.58,0,90.34,0.0,0.0
1.77,0,6.71,0.0,0.0
1.77,0,7.63,0.0,0.0
1.77,0,5.23,0.0,0.0
1.77,0,7.58,0.0,0.0
1.77,0,4.88,0.0,0.0
1.77,0,4.47,0.0,0.0
1.77,0,3.81,0.0,0.0
1.77,0,5.07,0.0,0.0
1.77,0,4.46,0.0,0.0
1.77,0,5.54,0.0,0.0
1.77,0,10.21,0.0,0.0
3.58,0,109.59,0.0,0.0
7.16,0,134.49,0.0,0.0
7.16,0,147.16,0.0,0.0
9.55,0,168.29,0.0,0.0
9.55,0,175.97,0.0,0.0
9.55,0,174.3,0.0,0.0
9.55,0,163.64,0.0,0.0
9.55,0,147.14,0.0,0.0
7.16,0,123.7,0.0,0.0
4.77,0,104.4,0.0,0.0
1.77,0,12.77,0.0,0.0
1.77,0,11.88,0.0,0.0
1.77,0,11.61,0.0,0.0
1.77,0,10.93,0.0,0.0
1.77,0,9.49,0.0,0.0
1.77,0,9.8,0.0,0.0
2.36,0,7.62,0.0,0.0
2.36,0,8.03,0.0,0.0
2.36,0,8.72,0.0,0.0
2.36,0,5.45,0.0,0.0
2.36,0,6.35,0.0,0.0
2.36,0,8.51,0.0,0.0
4.77,0,86.94,0.0,0.0
7.16,0,113.5,0.0,0.0
10.74,0,151.76,0.0,0.0
10.74,0,163.87,0.0,0.0
10.74,0,177.76,0.0,0.0
10.74,0,183.36,0.0,0.0
10.74,0,186.0,0.0,0.0
10.74,0,188.83,0.0,0.0
10.74,0,183.91,0.0,0.0
10.74,0,164.67,0.0,0.0
10.74,0,156.51,0.0,0.0
10.74,0,153.88,0.0,0.0
8.35,0,140.27,0.0,0.0
8.35,0,136.53,0.0,0.0
2.36,0,14.34,0.0,0.0
2.36,0,13.7,0.0,0.0
2.36,0,14.29,0.0,0.0
2.36,0,11.59,0.0,0.0
2.36,0,11.95,0.0,0.0
2.36,0,9.24,0.0,0.0
2.36,0,9.67,0.0,0.0
2.36,0,9.75,0.0,0.0
2.36,0,7.75,0.0,0.0
2.36,0,11.02,0.0,0.0
4.77,0,111.93,0.0,0.0
7.16,0,126.9,0.0,0.0
10.74,0,165.1,0.0,0.0
10.74,0,169.26,0.0,0.0
10.74,0,176.28,0.0,0.0
10.74,0,182.1,0.0,0.0
10.74,0,186.02,0.0,0.0
10.74,0,184.0,0.0,0.0
10.74,0,176.39,0.0,0.0
10.74,0,171.89,0.0,0.0
10.74,0,156.59,0.0,0.0
10.74,0,141.03,0.0,0.0
8.35,0,126.79,0.0,0.0
8.35,0,124.01,0.0,0.0
2.36,0,10.31,0.0,0.0
2.36,0,11.92,0.0,0.0
2.36,0,8.64,0.0,0.0
2.36,0,10.77,0.0,0.0
2.36,0,7.93,0.0,0.0
2.36,0,10.18,0.0,0.0
2.36,0,6.84,0.0,0.0
2.36,0,6.19,0.0,0.0
2.36,0,8.2,0.0,0.0
2.36,0,8.59,0.0,0.0
4.77,0,101.71,0.0,0.0
7.16,0,121.47,0.0,0.0
10.74,0,145.0,0.0,0.0
10.74,0,126.4,0.0,0.0
10.74,0,124.77,0.0,0.0
10.74,0,133.84,0.0,0.0
10.74,0,144.98,0.0,0.0
10.74,0,158.94,0.0,0.0
10.74,0,172.66,0.0,0.0
10.74,0,167.67,0.0,0.0
10.74,0,142.73,0.0,0.0
10.74,0,127.68,0.0,0.0
8.35,0,112.52,0.0,0.0
8.35,0,106.52,0.0,0.0
2.36,0,6.73,0.0,0.0
2.36,0,9.04,0.0,0.0
2.36,0,4.4,0.0,0.0
2.36,0,6.88,0.0,0.0
2.36,0,5.4,0.0,0.0
2.36,0,6.74,0.0,0.0
2.36,0,5.5,0.0,0.0
2.36,0,5.78,0.0,0.0
2.36,0,5.69,0.0,0.0
2.36,0,8.9,0.0,0.0
4.77,0,85.62,0.0,0.0
7.16,0,106.2,0.0,0.0
10.74,0,141.67,0.0,0.0
10.74,0,153.91,0.0,0.0
10.74,0,170.54,0.0,0.0
10.74,0,171.46,0.0,0.0
10.74,0,165.32,0.0,0.0
10.74,0,159.44,0.0,0.0
10.74,0,164.44,0.0,0.0
10.74,0,164.36,0.0,0.0
10.74,0,155.54,0.0,0.0
10.74,0,137.81,0.0,0.0
8.35,0,119.17,0.0,0.0
8.35,0,116.54,0.0,0.0
2.36,0,12.54,0.0,0.0
2.36,0,11.4,0.0,0.0
2.36,0,11.17,0.0,0.0
2.36,0,10.9,0.0,0.0
2.36,0,8.89,0.0,0.0
2.36,0,8.96,0.0,0.0
2.36,0,9.86,0.0,0.0
2.36,0,7.49,0.0,0.0
2.36,0,7.75,0.0,0.0
2.36,0,10.09,0.0,0.0
4.77,0,88.09,0.0,0.0
7.16,0,106.74,0.0,0.0
10.74,0,138.24,0.0,0.0
10.74,0,148.74,0.0,0.0
10.74,0,160.4,0.0,0.0
10.74,0,160.84,0.0,0.0
10.74,0,168.21,0.0,0.0
10.74,0,170.07,0.0,0.0
10.74,0,175.87,0.0,0.0
10.74,0,166.89,0.0,0.0
10.74,0,153.74,0.0,0.0
10.74,0,138.58,0.0,0.0
8.35,0,120.61,0.0,0.0
8.35,0,117.71,0.0,0.0
2.36,0,12.53,0.0,0.0
2.36,0,11.9,0.0,0.0
2.36,0,12.02,0.0,0.0
2.36,0,12.11,0.0,0.0
1.77,0,9.18,0.0,0.0
1.77,0,10.01,0.0,0.0
1.77,0,7.44,0.0,0.0
1.77,0,7.41,0.0,0.0
1.77,0,7.59,0.0,0.0
1.77,0,10.91,0.0,0.0
3.58,0,95.33,0.0,0.0
5.97,0,111.65,0.0,0.0
9.55,0,139.77,0.0,0.0
10.74,0,137.39,0.0,0.0
10.74,0,142.46,0.0,0.0
10.74,0,153.92,0.0,0.0
10.74,0,160.15,0.0,0.0
10.74,0,168.49,0.0,0.0
10.74,0,171.79,0.0,0.0
10.74,0,170.13,0.0,0.0
10.74,0,161.2,0.0,0.0
8.35,0,129.22,0.0,0.0
5.97,0,110.28,0.0,0.0
5.97,0,102.15,0.0,0.0
3.58,0,89.81,0.0,0.0
1.77,0,11.71,0.0,0.0
1.77,0,10.78,0.0,0.0
1.77,0,8.47,0.0,0.0
1.77,0,9.99,0.0,0.0
1.77,0,6.58,0.0,0.0
1.77,0,9.13,0.0,0.0
1.77,0,6.83,0.0,0.0
1.77,0,8.35,0.0,0.0
1.77,0,6.65,0.0,0.0
1.77,0,9.96,0.0,0.0
1.77,0,12.44,0.0,0.0
3.58,0,113.45,0.0,0.0
7.16,0,133.88,0.0,0.0
7.16,0,145.76,0.0,0.0
9.55,0,162.34,0.0,0.0
9.55,0,163.14,0.0,0.0
9.55,0,157.21,0.0,0.0
9.55,0,153.44,0.0,0.0
9.55,0,153.53,0.0,0.0
7.16,0,131.46,0.0,0.0
4.77,0,109.67,0.0,0.0
1.77,0,14.01,0.0,0.0
1.77,0,14.23,0.0,0.0
1.77,0,14.05,0.0,0.0
1.77,0,12.12,0.0,0.0
1.77,0,11.61,0.0,0.0
1.77,0,11.23,0.0,0.0
2.36,0,11.23,0.0,0.0
2.36,0,9.15,0.0,0.0
2.36,0,9.91,0.0,0.0
2.36,0,10.42,0.0,0.0
2.36,0,9.12,0.0,0.0
2.36,0,11.67,0.0,0.0
4.77,0,101.17,0.0,0.0
7.16,0,111.46,0.0,0.0
10.74,0,151.01,0.0,0.0
10.74,0,171.69,0.0,0.0
10.74,0,195.99,0.0,0.0
10.74,0,205.45,0.0,0.0
10.74,0,205.48,0.0,0.0
10.74,0,195.11,0.0,0.0
10.74,0,192.2,0.0,0.0
10.74,0,185.91,0.0,0.0
10.74,0,170.88,0.0,0.0
10.74,0,152.42,0.0,0.0
8.35,0,133.9,0.0,0.0
8.35,0,129.65,0.0,0.0
2.36,0,16.15,0.0,0.0
2.36,0,13.07,0.0,0.0
2.36,0,13.83,0.0,0.0
2.36,0,10.82,0.0,0.0
2.36,0,11.63,0.0,0.0
2.36,0,9.24,0.0,0.0
2.36,0,11.35,0.0,0.0
2.36,0,8.16,0.0,0.0
2.36,0,10.29,0.0,0.0
2.36,0,14.07,0.0,0.0
4.77,0,103.15,0.0,0.0
7.16,0,113.62,0.0,0.0
10.74,0,151.46,0.0,0.0
10.74,0,168.73,0.0,0.0
10.74,0,188.27,0.0,0.0
10.74,0,194.98,0.0,0.0
10.74,0,196.98,0.0,0.0
10.74,0,192.91,0.0,0.0
10.74,0,192.79,0.0,0.0
10.74,0,188.72,0.0,0.0
10.74,0,176.1,0.0,0.0
10.74,0,160.34,0.0,0.0
8.35,0,142.5,0.0,0.0
8.35,0,136.54,0.0,0.0
2.36,0,15.14,0.0,0.0
2.36,0,14.17,0.0,0.0
2.36,0,15.22,0.0,0.0
2.36,0,11.68,0.0,0.0
2.36,0,13.04,0.0,0.0
2.36,0,10.64,0.0,0.0
2.36,0,11.37,0.0,0.0
2.36,0,9.46,0.0,0.0
2.36,0,11.19,0.0,0.0
2.36,0,16.29,0.0,0.0
4.77,0,103.09,0.0,0.0
7.16,0,112.99,0.0,0.0
10.74,0,147.97,0.0,0.0
10.74,0,165.65,0.0,0.0
10.74,0,186.44,0.0,0.0
10.74,0,193.95,0.0,0.0
10.74,0,198.24,0.0,0.0
10.74,0,196.91,0.0,0.0
10.74,0,199.29,0.0,0.0
10.74,0,195.89,0.0,0.0
10.74,0,180.93,0.0,0.0
10.74,0,163.9,0.0,0.0
8.35,0,148.19,0.0,0.0
8.35,0,146.47,0.0,0.0
2.36,0,18.37,0.0,0.0
2.36,0,14.43,0.0,0.0
2.36,0,17.74,0.0,0.0
2.36,0,12.39,0.0,0.0
2.36,0,13.66,0.0,0.0
2.36,0,11.23,0.0,0.0
2.36,0,12.68,0.0,0.0
2.36,0,10.11,0.0,0.0
2.36,0,11.34,0.0,0.0
2.36,0,17.79,0.0,0.0
4.77,0,106.28,0.0,0.0
7.16,0,115.4,0.0,0.0
10.74,0,149.46,0.0,0.0
10.74,0,165.42,0.0,0.0
10.74,0,185.28,0.0,0.0
10.74,0,191.75,0.0,0.0
10.74,0,196.72,0.0,0.0
10.74,0,198.21,0.0,0.0
10.74,0,199.48,0.0,0.0
10.74,0,188.14,0.0,0.0
10.74,0,172.33,0.0,0.0
10.74,0,156.06,0.0,0.0
8.35,0,136.63,0.0,0.0
8.35,0,127.83,0.0,0.0
2.36,0,13.82,0.0,0.0
2.36,0,12.93,0.0,0.0
2.36,0,13.31,0.0,0.0
2.36,0,11.05,0.0,0.0
1.77,0,11.54,0.0,0.0
1.77,0,11.16,0.0,0.0
1.77,0,9.75,0.0,0.0
1.77,0,8.16,0.0,0.0
1.77,0,9.18,0.0,0.0
1.77,0,7.38,0.0,0.0
1.77,0,8.43,0.0,0.0
1.77,0,13.81,0.0,0.0
3.58,0,119.12,0.0,0.0
7.16,0,139.01,0.0,0.0
7.16,0,154.31,0.0,0.0
9.55,0,172.47,0.0,0.0
9.55,0,175.31,0.0,0.0
9.55,0,163.03,0.0,0.0
9.55,0,141.15,0.0,0.0
9.55,0,130.25,0.0,0.0
7.16,0,118.14,0.0,0.0
4.77,0,106.74,0.0,0.0
1.77,0,11.27,0.0,0.0
1.77,0,14.29,0.0,0.0
1.77,0,13.35,0.0,0.0
1.77,0,10.4,0.0,0.0
1.77,0,9.73,0.0,0.0
1.77,0,9.76,0.0,0.0
1.77,0,7.23,0.0,0.0
1.77,0,6.09,0.0,0.0
1.77,0,8.2,0.0,0.0
1.77,0,6.27,0.0,0.0
1.77,0,5.97,0.0,0.0
1.77,0,8.71,0.0,0.0
3.58,0,89.29,0.0,0.0
5.97,0,103.53,0.0,0.0
9.55,0,128.33,0.0,0.0
10.74,0,145.4,0.0,0.0
10.74,0,166.19,0.0,0.0
10.74,0,180.99,0.0,0.0
10.74,0,190.63,0.0,0.0
10.74,0,178.42,0.0,0.0
10.74,0,154.77,0.0,0.0
10.74,0,148.09,0.0,0.0
10.74,0,142.85,0.0,0.0
8.35,0,116.63,0.0,0.0
5.97,0,105.71,0.0,0.0
5.97,0,103.62,0.0,0.0
3.58,0,93.36,0.0,0.0
1.77,0,7.62,0.0,0.0
1.77,0,10.14,0.0,0.0
1.77,0,5.1,0.0,0.0
1.77,0,6.79,0.0,0.0
1.77,0,5.91,0.0,0.0
1.77,0,7.5,0.0,0.0
1.77,0,5.06,0.0,0.0
1.77,0,4.98,0.0,0.0
1.77,0,4.98,0.0,0.0
1.77,0,7.52,0.0,0.0
1.77,0,10.76,0.0,0.0
3.58,0,76.62,0.0,0.0
7.16,0,79.05,0.0,0.0
7.16,0,78.26,0.0,0.0
9.55,0,96.39,0.0,0.0
9.55,0,106.4,0.0,0.0
9.55,0,117.27,0.0,0.0
9.55,0,124.77,0.0,0.0
9.55,0,125.92,0.0,0.0
7.16,0,107.65,0.0,0.0
4.77,0,92.12,0.0,0.0
1.77,0,7.35,0.0,0.0
1.77,0,7.99,0.0,0.0
1.77,0,6.42,0.0,0.0
1.77,0,5.85,0.0,0.0
1.77,0,5.03,0.0,0.0
1.77,0,4.99,0.0,0.0
2.36,0,4.26,0.0,0.0
2.36,0,4.83,0.0,0.0
2.36,0,4.25,0.0,0.0
2.36,0,3.89,0.0,0.0
2.36,0,2.92,0.0,0.0
2.36,0,6.76,0.0,0.0
4.77,0,67.81,0.0,0.0
7.16,0,95.63,0.0,0.0
10.74,0,131.85,0.0,0.0
10.74,0,142.63,0.0,0.0
10.74,0,158.87,0.0,0.0
10.74,0,168.82,0.0,0.0
10.74,0,178.34,0.0,0.0
10.74,0,175.85,0.0,0.0
10.74,0,171.1,0.0,0.0
10.74,0,162.48,0.0,0.0
10.74,0,147.06,0.0,0.0
10.74,0,131.85,0.0,0.0
8.35,0,116.35,0.0,0.0
8.35,0,113.14,0.0,0.0
2.36,0,10.58,0.0,0.0
2.36,0,13.25,0.0,0.0
2.36,0,11.49,0.0,0.0
2.36,0,11.29,0.0,0.0
2.36,0,8.12,0.0,0.0
2.36,0,7.5,0.0,0.0
2.36,0,7.35,0.0,0.0
2.36,0,4.53,0.0,0.0
2.36,0,5.95,0.0,0.0
2.36,0,8.9,0.0,0.0
4.77,0,82.07,0.0,0.0
7.16,0,103.71,0.0,0.0
10.74,0,136.9,0.0,0.0
10.74,0,142.15,0.0,0.0
10.74,0,151.74,0.0,0.0
10.74,0,156.75,0.0,0.0
10.74,0,163.72,0.0,0.0
10.74,0,159.8,0.0,0.0
10.74,0,161.31,0.0,0.0
10.74,0,160.28,0.0,0.0
10.74,0,148.25,0.0,0.0
10.74,0,131.88,0.0,0.0
8.35,0,113.15,0.0,0.0
8.35,0,106.97,0.0,0.0
2.36,0,12.13,0.0,0.0
2.36,0,11.08,0.0,0.0
2.36,0,11.28,0.0,0.0
2.36,0,10.75,0.0,0.0
2.36,0,8.71,0.0,0.0
2.36,0,8.13,0.0,0.0
2.36,0,7.71,0.0,0.0
2.36,0,5.4,0.0,0.0
2.36,0,5.85,0.0,0.0
2.36,0,8.66,0.0,0.0
4.77,0,77.94,0.0,0.0
7.16,0,93.31,0.0,0.0
10.74,0,127.68,0.0,0.0
10.74,0,144.35,0.0,0.0
10.74,0,166.91,0.0,0.0
10.74,0,176.71,0.0,0.0
10.74,0,179.05,0.0,0.0
10.74,0,175.48,0.0,0.0
10.74,0,176.53,0.0,0.0
10.74,0,169.64,0.0,0.0
10.74,0,158.39,0.0,0.0
10.74,0,144.07,0.0,0.0
8.35,0,125.1,0.0,0.0
8.35,0,118.82,0.0,0.0
2.36,0,13.7,0.0,0.0
2.36,0,12.95,0.0,0.0
2.36,0,11.83,0.0,0.0
2.36,0,12.39,0.0,0.0
2.36,0,12.28,0.0,0.0
2.36,0,10.04,0.0,0.0
2.36,0,9.63,0.0,0.0
2.36,0,7.98,0.0,0.0
2.36,0,8.81,0.0,0.0
2.36,0,9.9,0.0,0.0
4.77,0,93.63,0.0,0.0
7.16,0,109.3,0.0,0.0
10.74,0,142.49,0.0,0.0
10.74,0,151.18,0.0,0.0
10.74,0,163.14,0.0,0.0
10.74,0,165.25,0.0,0.0
10.74,0,168.14,0.0,0.0
10.74,0,176.88,0.0,0.0
10.74,0,177.35,0.0,0.0
10.74,0,166.24,0.0,0.0
10.74,0,148.93,0.0,0.0
10.74,0,131.14,0.0,0.0
8.35,0,112.33,0.0,0.0
8.35,0,104.71,0.0,0.0
2.36,0,11.99,0.0,0.0
2.36,0,10.91,0.0,0.0
2.36,0,11.19,0.0,0.0
2.36,0,10.8,0.0,0.0
2.36,0,9.61,0.0,0.0
2.36,0,8.25,0.0,0.0
2.36,0,9.39,0.0,0.0
2.36,0,8.16,0.0,0.0
2.36,0,7.7,0.0,0.0
2.36,0,9.71,0.0,0.0
4.77,0,85.09,0.0,0.0
7.16,0,107.32,0.0,0.0
10.74,0,142.21,0.0,0.0
10.74,0,156.79,0.0,0.0
10.74,0,177.51,0.0,0.0
10.74,0,184.01,0.0,0.0
10.74,0,180.31,0.0,0.0
10.74,0,161.19,0.0,0.0
10.74,0,155.34,0.0,0.0
10.74,0,149.21,0.0,0.0
10.74,0,141.97,0.0,0.0
10.74,0,134.66,0.0,0.0
8.35,0,120.4,0.0,0.0
8.35,0,117.68,0.0,0.0
2.36,0,12.93,0.0,0.0
2.36,0,11.83,0.0,0.0
2.36,0,12.11,0.0,0.0
2.36,0,11.82,0.0,0.0
1.77,0,8.89,0.0,0.0
1.77,0,8.36,0.0,0.0
1.77,0,8.26,0.0,0.0
1.77,0,6.86,0.0,0.0
1.77,0,6.32,0.0,0.0
1.77,0,8.82,0.0,0.0
3.58,0,86.04,0.0,0.0
5.97,0,102.84,0.0,0.0
9.55,0,138.77,0.0,0.0
10.74,0,165.45,0.0,0.0
10.74,0,166.93,0.0,0.0
10.74,0,158.1,0.0,0.0
10.74,0,138.03,0.0,0.0
10.74,0,134.64,0.0,0.0
10.74,0,127.98,0.0,0.0
10.74,0,128.22,0.0,0.0
10.74,0,129.22,0.0,0.0
8.35,0,104.0,0.0,0.0
5.97,0,90.85,0.0,0.0
5.97,0,84.45,0.0,0.0
3.58,0,73.08,0.0,0.0
1.77,0,5.27,0.0,0.0
1.77,0,7.1,0.0,0.0
1.77,0,5.06,0.0,0.0
1.77,0,6.09,0.0,0.0
1.77,0,2.98,0.0,0.0
1.77,0,2.12,0.0,0.0
1.77,0,3.09,0.0,0.0
1.77,0,3.7,0.0,0.0
1.77,0,2.9,0.0,0.0
1.77,0,4.4,0.0,0.0
1.77,0,10.33,0.0,0.0
3.58,0,87.36,0.0,0.0
7.16,0,118.74,0.0,0.0
7.16,0,134.74,0.0,0.0
9.55,0,153.22,0.0,0.0
9.55,0,155.77,0.0,0.0
9.55,0,155.89,0.0,0.0
9.55,0,154.58,0.0,0.0
9.55,0,152.88,0.0,0.0
7.16,0,128.54,0.0,0.0
4.77,0,105.86,0.0,0.0
1.77,0,13.13,0.0,0.0
1.77,0,13.02,0.0,0.0
1.77,0,13.01,0.0,0.0
1.77,0,10.94,0.0,0.0
1.77,0,10.54,0.0,0.0
1.77,0,10.52,0.0,0.0
2.36,0,7.94,0.0,0.0
2.36,0,6.32,0.0,0.0
2.36,0,9.46,0.0,0.0
2.36,0,2.87,0.0,0.0
2.36,0,8.57,0.0,0.0
2.36,0,9.02,0.0,0.0
4.77,0,82.39,0.0,0.0
7.16,0,99.61,0.0,0.0
10.74,0,135.17,0.0,0.0
10.74,0,148.15,0.0,0.0
10.74,0,160.88,0.0,0.0
10.74,0,161.93,0.0,0.0
10.74,0,172.09,0.0,0.0
10.74,0,175.65,0.0,0.0
10.74,0,177.87,0.0,0.0
10.74,0,170.65,0.0,0.0
10.74,0,156.49,0.0,0.0
10.74,0,140.69,0.0,0.0
8.35,0,122.88,0.0,0.0
8.35,0,119.24,0.0,0.0
2.36,0,13.29,0.0,0.0
2.36,0,12.68,0.0,0.0
2.36,0,13.03,0.0,0.0
2.36,0,10.16,0.0,0.0
2.36,0,10.47,0.0,0.0
2.36,0,10.88,0.0,0.0
2.36,0,9.71,0.0,0.0
2.36,0,11.13,0.0,0.0
2.36,0,9.27,0.0,0.0
2.36,0,11.27,0.0,0.0
4.77,0,89.66,0.0,0.0
7.16,0,107.69,0.0,0.0
10.74,0,143.32,0.0,0.0
10.74,0,159.47,0.0,0.0
10.74,0,176.12,0.0,0.0
10.74,0,174.81,0.0,0.0
10.74,0,175.59,0.0,0.0
10.74,0,169.31,0.0,0.0
10.74,0,164.93,0.0,0.0
10.74,0,162.3,0.0,0.0
10.74,0,154.54,0.0,0.0
10.74,0,139.53,0.0,0.0
8.35,0,120.74,0.0,0.0
8.35,0,115.55,0.0,0.0
2.36,0,13.13,0.0,0.0
2.36,0,12.47,0.0,0.0
2.36,0,13.2,0.0,0.0
2.36,0,10.65,0.0,0.0
2.36,0,10.69,0.0,0.0
2.36,0,10.75,0.0,0.0
2.36,0,8.64,0.0,0.0
2.36,0,8.51,0.0,0.0
2.36,0,9.13,0.0,0.0
2.36,0,11.34,0.0,0.0
4.77,0,99.96,0.0,0.0
7.16,0,110.95,0.0,0.0
10.74,0,145.29,0.0,0.0
10.74,0,159.88,0.0,0.0
10.74,0,173.42,0.0,0.0
10.74,0,169.39,0.0,0.0
10.74,0,162.72,0.0,0.0
10.74,0,163.76,0.0,0.0
10.74,0,169.45,0.0,0.0
10.74,0,168.02,0.0,0.0
10.74,0,158.32,0.0,0.0
10.74,0,143.02,0.0,0.0
8.35,0,126.09,0.0,0.0
8.35,0,122.8,0.0,0.0
2.36,0,13.35,0.0,0.0
2.36,0,12.82,0.0,0.0
2.36,0,13.27,0.0,0.0
2.36,0,10.5,0.0,0.0
2.36,0,10.76,0.0,0.0
2.36,0,10.96,0.0,0.0
2.36,0,8.11,0.0,0.0
2.36,0,8.45,0.0,0.0
2.36,0,9.36,0.0,0.0
2.36,0,11.26,0.0,0.0
4.77,0,98.39,0.0,0.0
7.16,0,111.84,0.0,0.0
10.74,0,130.8,0.0,0.0
10.74,0,125.98,0.0,0.0
10.74,0,134.18,0.0,0.0
10.74,0,144.38,0.0,0.0
10.74,0,157.97,0.0,0.0
10.74,0,156.67,0.0,0.0
10.74,0,151.14,0.0,0.0
10.74,0,139.61,0.0,0.0
10.74,0,128.65,0.0,0.0
10.74,0,119.92,0.0,0.0
8.35,0,106.37,0.0,0.0
8.35,0,102.66,0.0,0.0
2.36,0,7.67,0.0,0.0
2.36,0,9.66,0.0,0.0
2.36,0,4.55,0.0,0.0
2.36,0,7.71,0.0,0.0
2.36,0,4.81,0.0,0.0
2.36,0,5.79,0.0,0.0
2.36,0,5.6,0.0,0.0
2.36,0,4.55,0.0,0.0
2.36,0,4.67,0.0,0.0
2.36,0,8.44,0.0,0.0
4.77,0,79.8,0.0,0.0
7.16,0,105.75,0.0,0.0
10.74,0,145.78,0.0,0.0
10.74,0,154.73,0.0,0.0
10.74,0,161.84,0.0,0.0
10.74,0,157.83,0.0,0.0
10.74,0,157.06,0.0,0.0
10.74,0,157.54,0.0,0.0
10.74,0,165.18,0.0,0.0
10.74,0,160.66,0.0,0.0
10.74,0,145.76,0.0,0.0
10.74,0,132.86,0.0,0.0
8.35,0,117.54,0.0,0.0
8.35,0,112.84,0.0,0.0
2.36,0,10.43,0.0,0.0
2.36,0,13.18,0.0,0.0
2.36,0,9.05,0.0,0.0
2.36,0,11.07,0.0,0.0
1.77,0,6.89,0.0,0.0
1.77,0,7.19,0.0,0.0
1.77,0,8.82,0.0,0.0
1.77,0,4.14,0.0,0.0
1.77,0,6.27,0.0,0.0
1.77,0,8.4,0.0,0.0
3.58,0,75.31,0.0,0.0
5.97,0,95.78,0.0,0.0
9.55,0,129.35,0.0,0.0
10.74,0,152.46,0.0,0.0
10.74,0,173.25,0.0,0.0
10.74,0,188.89,0.0,0.0
10.74,0,191.26,0.0,0.0
10.74,0,185.56,0.0,0.0
10.74,0,184.22,0.0,0.0
10.74,0,182.68,0.0,0.0
10.74,0,168.78,0.0,0.0
8.35,0,137.87,0.0,0.0
5.97,0,122.46,0.0,0.0
5.97,0,116.4,0.0,0.0
3.58,0,101.22,0.0,0.0
1.77,0,12.82,0.0,0.0
1.77,0,11.96,0.0,0.0
1.77,0,8.62,0.0,0.0
1.77,0,9.65,0.0,0.0
1.77,0,6.8,0.0,0.0
1.77,0,8.05,0.0,0.0
1.77,0,3.81,0.0,0.0
1.77,0,6.31,0.0,0.0
1.77,0,4.5,0.0,0.0
1.77,0,6.96,0.0,0.0
1.77,0,12.71,0.0,0.0
3.58,0,117.41,0.0,0.0
7.16,0,135.33,0.0,0.0
7.16,0,148.36,0.0,0.0
9.55,0,169.24,0.0,0.0
9.55,0,172.12,0.0,0.0
9.55,0,166.5,0.0,0.0
9.55,0,162.83,0.0,0.0
9.55,0,157.29,0.0,0.0
7.16,0,137.94,0.0,0.0
4.77,0,114.63,0.0,0.0
1.77,0,14.6,0.0,0.0
1.77,0,15.06,0.0,0.0
1.77,0,15.15,0.0,0.0
1.77,0,12.59,0.0,0.0
1.77,0,11.68,0.0,0.0
1.77,0,12.1,0.0,0.0
2.36,0,12.07,0.0,0.0
2.36,0,9.58,0.0,0.0
2.36,0,10.09,0.0,0.0
2.36,0,10.43,0.0,0.0
2.36,0,8.07,0.0,0.0
2.36,0,11.28,0.0,0.0
4.77,0,92.85,0.0,0.0
7.16,0,101.74,0.0,0.0
10.74,0,133.74,0.0,0.0
10.74,0,151.1,0.0,0.0
10.74,0,172.17,0.0,0.0
10.74,0,178.18,0.0,0.0
10.74,0,178.1,0.0,0.0
10.74,0,175.43,0.0,0.0
10.74,0,174.35,0.0,0.0
10.74,0,169.4,0.0,0.0
10.74,0,158.97,0.0,0.0
10.74,0,145.07,0.0,0.0
8.35,0,127.7,0.0,0.0
8.35,0,120.56,0.0,0.0
2.36,0,16.4,0.0,0.0
2.36,0,13.19,0.0,0.0
2.36,0,13.36,0.0,0.0
2.36,0,10.96,0.0,0.0
2.36,0,11.42,0.0,0.0
2.36,0,9.12,0.0,0.0
2.36,0,9.37,0.0,0.0
2.36,0,9.41,0.0,0.0
2.36,0,7.47,0.0,0.0
2.36,0,9.61,0.0,0.0
4.77,0,100.57,0.0,0.0
7.16,0,111.31,0.0,0.0
10.74,0,144.3,0.0,0.0
10.74,0,151.4,0.0,0.0
10.74,0,161.0,0.0,0.0
10.74,0,169.03,0.0,0.0
10.74,0,176.14,0.0,0.0
10.74,0,173.52,0.0,0.0
10.74,0,172.06,0.0,0.0
10.74,0,170.94,0.0,0.0
10.74,0,163.58,0.0,0.0
10.74,0,150.98,0.0,0.0
8.35,0,134.33,0.0,0.0
8.35,0,129.53,0.0,0.0
2.36,0,14.6,0.0,0.0
2.36,0,13.97,0.0,0.0
2.36,0,14.32,0.0,0.0
2.36,0,11.92,0.0,0.0
2.36,0,12.11,0.0,0.0
2.36,0,9.78,0.0,0.0
2.36,0,9.14,0.0,0.0
2.36,0,7.46,0.0,0.0
2.36,0,8.24,0.0,0.0
2.36,0,9.28,0.0,0.0
4.77,0,87.71,0.0,0.0
7.16,0,103.49,0.0,0.0
10.74,0,135.66,0.0,0.0
10.74,0,151.44,0.0,0.0
10.74,0,182.12,0.0,0.0
10.74,0,193.04,0.0,0.0
10.74,0,196.25,0.0,0.0
10.74,0,189.58,0.0,0.0
10.74,0,177.94,0.0,0.0
10.74,0,171.88,0.0,0.0
10.74,0,162.44,0.0,0.0
10.74,0,148.21,0.0,0.0
8.35,0,130.89,0.0,0.0
8.35,0,125.55,0.0,0.0
2.36,0,14.15,0.0,0.0
2.36,0,13.46,0.0,0.0
2.36,0,13.78,0.0,0.0
2.36,0,11.03,0.0,0.0
2.36,0,11.56,0.0,0.0
2.36,0,10.91,0.0,0.0
2.36,0,9.37,0.0,0.0
2.36,0,7.76,0.0,0.0
2.36,0,8.77,0.0,0.0
2.36,0,9.67,0.0,0.0
4.77,0,91.67,0.0,0.0
7.16,0,108.1,0.0,0.0
10.74,0,145.02,0.0,0.0
10.74,0,162.52,0.0,0.0
10.74,0,177.83,0.0,0.0
10.74,0,182.52,0.0,0.0
10.74,0,174.85,0.0,0.0
10.74,0,145.58,0.0,0.0
10.74,0,138.49,0.0,0.0
10.74,0,147.45,0.0,0.0
10.74,0,152.35,0.0,0.0
10.74,0,138.88,0.0,0.0
8.35,0,119.25,0.0,0.0
8.35,0,112.42,0.0,0.0
2.36,0,10.34,0.0,0.0
2.36,0,12.46,0.0,0.0
2.36,0,10.32,0.0,0.0
2.36,0,8.15,0.0,0.0
2.36,0,8.93,0.0,0.0
2.36,0,5.77,0.0,0.0
2.36,0,6.49,0.0,0.0
2.36,0,4.28,0.0,0.0
2.36,0,4.03,0.0,0.0
2.36,0,7.5,0.0,0.0
4.77,0,76.34,0.0,0.0
7.16,0,102.1,0.0,0.0
10.74,0,139.11,0.0,0.0
10.74,0,151.8,0.0,0.0
10.74,0,167.2,0.0,0.0
10.74,0,177.38,0.0,0.0
10.74,0,183.12,0.0,0.0
10.74,0,157.23,0.0,0.0
10.74,0,143.4,0.0,0.0
10.74,0,131.65,0.0,0.0
10.74,0,129.81,0.0,0.0
10.74,0,125.72,0.0,0.0
8.35,0,109.37,0.0,0.0
8.35,0,107.4,0.0,0.0
2.36,0,9.92,0.0,0.0
2.36,0,9.57,0.0,0.0
2.36,0,6.75,0.0,0.0
2.36,0,8.14,0.0,0.0
1.77,0,4.79,0.0,0.0
1.77,0,5.94,0.0,0.0
1.77,0,3.57,0.0,0.0
1.77,0,4.83,0.0,0.0
1.77,0,4.32,0.0,0.0
1.77,0,6.7,0.0,0.0
3.58,0,64.22,0.0,0.0
5.97,0,91.32,0.0,0.0
9.55,0,129.73,0.0,0.0
10.74,0,155.42,0.0,0.0
10.74,0,172.93,0.0,0.0
10.74,0,186.67,0.0,0.0
10.74,0,193.45,0.0,0.0
10.74,0,177.97,0.0,0.0
10.74,0,166.33,0.0,0.0
10.74,0,168.42,0.0,0.0
10.74,0,156.8,0.0,0.0
8.35,0,121.83,0.0,0.0
5.97,0,106.1,0.0,0.0
5.97,0,102.99,0.0,0.0
3.58,0,90.89,0.0,0.0
1.77,0,9.99,0.0,0.0
1.77,0,12.84,0.0,0.0
1.77,0,11.47,0.0,0.0
1.77,0,11.35,0.0,0.0
1.77,0,8.83,0.0,0.0
1.77,0,8.49,0.0,0.0
1.77,0,8.41,0.0,0.0
1.77,0,5.29,0.0,0.0
1.77,0,6.17,0.0,0.0
1.77,0,4.15,0.0,0.0
1.77,0,12.27,0.0,0.0
3.58,0,106.54,0.0,0.0
7.16,0,121.67,0.0,0.0
7.16,0,135.49,0.0,0.0
9.55,0,154.51,0.0,0.0
9.55,0,156.99,0.0,0.0
9.55,0,149.56,0.0,0.0
9.55,0,141.85,0.0,0.0
9.55,0,143.09,0.0,0.0
7.16,0,131.2,0.0,0.0
4.77,0,112.18,0.0,0.0
1.77,0,13.75,0.0,0.0
1.77,0,12.85,0.0,0.0
1.77,0,11.55,0.0,0.0
1.77,0,11.65,0.0,0.0
1.77,0,10.9,0.0,0.0
1.77,0,10.9,0.0,0.0
2.36,0,9.92,0.0,0.0
2.36,0,10.11,0.0,0.0
2.36,0,8.99,0.0,0.0
2.36,0,7.75,0.0,0.0
2.36,0,8.9,0.0,0.0
2.36,0,9.98,0.0,0.0
4.77,0,79.16,0.0,0.0
7.16,0,87.19,0.0,0.0
10.74,0,118.17,0.0,0.0
10.74,0,134.87,0.0,0.0
10.74,0,154.89,0.0,0.0
10.74,0,163.82,0.0,0.0
10.74,0,168.53,0.0,0.0
10.74,0,170.4,0.0,0.0
10.74,0,173.76,0.0,0.0
10.74,0,169.07,0.0,0.0
10.74,0,156.23,0.0,0.0
10.74,0,140.44,0.0,0.0
8.35,0,124.16,0.0,0.0
8.35,0,116.44,0.0,0.0
2.36,0,13.17,0.0,0.0
2.36,0,12.29,0.0,0.0
2.36,0,12.54,0.0,0.0
2.36,0,10.34,0.0,0.0
2.36,0,10.18,0.0,0.0
2.36,0,10.5,0.0,0.0
2.36,0,8.57,0.0,0.0
2.36,0,8.36,0.0,0.0
2.36,0,8.31,0.0,0.0
2.36,0,9.66,0.0,0.0
4.77,0,62.25,0.0,0.0
7.16,0,70.14,0.0,0.0
10.74,0,99.43,0.0,0.0
10.74,0,115.0,0.0,0.0
10.74,0,134.71,0.0,0.0
10.74,0,141.19,0.0,0.0
10.74,0,142.26,0.0,0.0
10.74,0,146.03,0.0,0.0
10.74,0,153.63,0.0,0.0
10.74,0,150.17,0.0,0.0
10.74,0,137.28,0.0,0.0
10.74,0,122.07,0.0,0.0
8.35,0,108.25,0.0,0.0
8.35,0,106.84,0.0,0.0
2.36,0,12.96,0.0,0.0
2.36,0,12.23,0.0,0.0
2.36,0,11.31,0.0,0.0
2.36,0,11.35,0.0,0.0
2.36,0,10.32,0.0,0.0
2.36,0,10.14,0.0,0.0
2.36,0,8.18,0.0,0.0
2.36,0,6.57,0.0,0.0
2.36,0,7.59,0.0,0.0
2.36,0,9.02,0.0,0.0
4.77,0,63.19,0.0,0.0
7.16,0,76.35,0.0,0.0
10.74,0,104.0,0.0,0.0
10.74,0,111.97,0.0,0.0
10.74,0,128.49,0.0,0.0
10.74,0,137.86,0.0,0.0
10.74,0,144.61,0.0,0.0
10.74,0,145.45,0.0,0.0
10.74,0,148.03,0.0,0.0
10.74,0,135.6,0.0,0.0
10.74,0,117.82,0.0,0.0
10.74,0,97.91,0.0,0.0
8.35,0,78.09,0.0,0.0
8.35,0,71.63,0.0,0.0
2.36,0,10.31,0.0,0.0
2.36,0,9.83,0.0,0.0
2.36,0,9.28,0.0,0.0
2.36,0,7.68,0.0,0.0
2.36,0,6.31,0.0,0.0
2.36,0,5.85,0.0,0.0
2.36,0,5.48,0.0,0.0
2.36,0,1.82,0.0,0.0
2.36,0,3.39,0.0,0.0
2.36,0,6.53,0.0,0.0
4.77,0,24.61,0.0,0.0
7.16,0,41.34,0.0,0.0
10.74,0,70.47,0.0,0.0
10.74,0,84.38,0.0,0.0
10.74,0,99.04,0.0,0.0
10.74,0,105.91,0.0,0.0
10.74,0,109.78,0.0,0.0
10.74,0,110.99,0.0,0.0
10.74,0,112.18,0.0,0.0
10.74,0,105.7,0.0,0.0
10.74,0,94.4,0.0,0.0
10.74,0,81.12,0.0,0.0
8.35,0,67.19,0.0,0.0
8.35,0,63.16,0.0,0.0
2.36,0,7.88,0.0,0.0
2.36,0,8.0,0.0,0.0
2.36,0,7.86,0.0,0.0
2.36,0,5.65,0.0,0.0
2.36,0,6.62,0.0,0.0
2.36,0,3.83,0.0,0.0
2.36,0,2.23,0.0,0.0
2.36,0,1.33,0.0,0.0
2.36,0,0.58,0.0,0.0
2.36,0,3.79,0.0,0.0
4.77,0,15.74,0.0,0.0
7.16,0,39.3,0.0,0.0
10.74,0,71.41,0.0,0.0
10.74,0,84.09,0.0,0.0
10.74,0,96.47,0.0,0.0
10.74,0,97.4,0.0,0.0
10.74,0,102.1,0.0,0.0
10.74,0,102.81,0.0,0.0
10.74,0,103.71,0.0,0.0
10.74,0,100.22,0.0,0.0
10.74,0,89.05,0.0,0.0
10.74,0,73.18,0.0,0.0
8.35,0,56.69,0.0,0.0
8.35,0,49.99,0.0,0.0
2.36,0,6.29,0.0,0.0
2.36,0,4.57,0.0,0.0
2.36,0,5.45,0.0,0.0
2.36,0,2.59,0.0,0.0
1.77,0,2.47,0.0,0.0
1.77,0,1.49,0.0,0.0
1.77,0,1.3,0.0,0.0
1.77,0,1.07,0.0,0.0
1.77,0,0.55,0.0,0.0
1.77,0,3.63,0.0,0.0
3.58,0,20.0,0.0,0.0
5.97,0,45.32,0.0,0.0
9.55,0,74.39,0.0,0.0
10.74,0,88.79,0.0,0.0
10.74,0,95.67,0.0,0.0
10.74,0,103.02,0.0,0.0
10.74,0,107.01,0.0,0.0
10.74,0,105.82,0.0,0.0
10.74,0,103.9,0.0,0.0
10.74,0,100.11,0.0,0.0
10.74,0,90.27,0.0,0.0
8.35,0,63.59,0.0,0.0
5.97,0,50.97,0.0,0.0
5.97,0,47.37,0.0,0.0
3.58,0,37.25,0.0,0.0
1.77,0,2.69,0.0,0.0
1.77,0,2.82,0.0,0.0
1.77,0,1.18,0.0,0.0
1.77,0,1.29,0.0,0.0
1.77,0,0.57,0.0,0.0
1.77,0,0.0,0.0,0.0
1.77,0,0.0,0.0,0.0
1.77,0,0.0,0.0,0.0
1.77,0,0.0,0.0,0.0
1.77,0,0.0,0.0,0.0
1.77,0,4.87,0.0,0.0
3.58,0,38.88,0.0,0.0
7.16,0,58.98,0.0,0.0
7.16,0,70.61,0.0,0.0
9.55,0,88.63,0.0,0.0
9.55,0,94.12,0.0,0.0
9.55,0,95.14,0.0,0.0
9.55,0,94.58,0.0,0.0
9.55,0,91.6,0.0,0.0
7.16,0,73.74,0.0,0.0
4.77,0,56.35,0.0,0.0
1.77,0,4.73,0.0,0.0
1.77,0,6.49,0.0,0.0
1.77,0,6.69,0.0,0.0
1.77,0,3.14,0.0,0.0
1.77,0,2.64,0.0,0.0
1.77,0,1.29,0.0,0.0
2.36,0,2.52,0.0,0.0
2.36,0,1.55,0.0,0.0
2.36,0,0.62,0.0,0.0
2.36,0,0.56,0.0,0.0
2.36,0,0.52,0.0,0.0
2.36,0,2.85,0.0,0.0
4.77,0,22.2,0.0,0.0
7.16,0,49.4,0.0,0.0
10.74,0,87.66,0.0,0.0
10.74,0,109.14,0.0,0.0
10.74,0,132.29,0.0,0.0
10.74,0,141.86,0.0,0.0
10.74,0,138.61,0.0,0.0
10.74,0,141.45,0.0,0.0
10.74,0,151.74,0.0,0.0
10.74,0,151.62,0.0,0.0
10.74,0,135.03,0.0,0.0
10.74,0,113.07,0.0,0.0
8.35,0,95.05,0.0,0.0
8.35,0,92.56,0.0,0.0
2.36,0,9.05,0.0,0.0
2.36,0,8.14,0.0,0.0
2.36,0,8.72,0.0,0.0
2.36,0,6.41,0.0,0.0
2.36,0,7.25,0.0,0.0
2.36,0,4.46,0.0,0.0
2.36,0,4.52,0.0,0.0
2.36,0,2.48,0.0,0.0
2.36,0,2.87,0.0,0.0
2.36,0,7.33,0.0,0.0
4.77,0,58.95,0.0,0.0
7.16,0,78.94,0.0,0.0
10.74,0,119.0,0.0,0.0
10.74,0,132.61,0.0,0.0
10.74,0,150.25,0.0,0.0
10.74,0,158.21,0.0,0.0
10.74,0,157.02,0.0,0.0
10.74,0,149.35,0.0,0.0
10.74,0,145.1,0.0,0.0
10.74,0,134.41,0.0,0.0
10.74,0,116.93,0.0,0.0
10.74,0,99.71,0.0,0.0
8.35,0,84.45,0.0,0.0
8.35,0,81.23,0.0,0.0
2.36,0,8.54,0.0,0.0
2.36,0,8.2,0.0,0.0
2.36,0,7.84,0.0,0.0
2.36,0,5.59,0.0,0.0
2.36,0,6.43,0.0,0.0
2.36,0,2.07,0.0,0.0
2.36,0,5.0,0.0,0.0
2.36,0,1.79,0.0,0.0
2.36,0,2.11,0.0,0.0
2.36,0,6.2,0.0,0.0
4.77,0,41.98,0.0,0.0
7.16,0,63.73,0.0,0.0
10.74,0,100.96,0.0,0.0
10.74,0,118.45,0.0,0.0
10.74,0,140.29,0.0,0.0
10.74,0,152.2,0.0,0.0
10.74,0,157.78,0.0,0.0
10.74,0,159.64,0.0,0.0
10.74,0,158.35,0.0,0.0
10.74,0,146.48,0.0,0.0
10.74,0,132.78,0.0,0.0
10.74,0,116.86,0.0,0.0
8.35,0,100.51,0.0,0.0
8.35,0,97.59,0.0,0.0
2.36,0,10.22,0.0,0.0
2.36,0,8.92,0.0,0.0
2.36,0,8.74,0.0,0.0
2.36,0,6.55,0.0,0.0
2.36,0,7.05,0.0,0.0
2.36,0,4.51,0.0,0.0
2.36,0,5.67,0.0,0.0
2.36,0,3.19,0.0,0.0
2.36,0,5.6,0.0,0.0
2.36,0,7.39,0.0,0.0
4.77,0,45.53,0.0,0.0
7.16,0,61.35,0.0,0.0
10.74,0,98.77,0.0,0.0
10.74,0,115.41,0.0,0.0
10.74,0,132.65,0.0,0.0
10.74,0,140.21,0.0,0.0
10.74,0,143.17,0.0,0.0
10.74,0,144.53,0.0,0.0
10.74,0,144.6,0.0,0.0
10.74,0,134.84,0.0,0.0
10.74,0,119.82,0.0,0.0
10.74,0,103.57,0.0,0.0
8.35,0,88.01,0.0,0.0
8.35,0,84.81,0.0,0.0
2.36,0,9.26,0.0,0.0
2.36,0,8.78,0.0,0.0
2.36,0,8.68,0.0,0.0
2.36,0,7.97,0.0,0.0
2.36,0,7.68,0.0,0.0
2.36,0,3.95,0.0,0.0
2.36,0,5.5,0.0,0.0
2.36,0,1.91,0.0,0.0
2.36,0,2.72,0.0,0.0
2.36,0,6.22,0.0,0.0
4.77,0,29.21,0.0,0.0
7.16,0,45.05,0.0,0.0
10.74,0,79.59,0.0,0.0
10.74,0,96.14,0.0,0.0
10.74,0,114.53,0.0,0.0
10.74,0,124.38,0.0,0.0
10.74,0,131.02,0.0,0.0
10.74,0,134.19,0.0,0.0
10.74,0,134.6,0.0,0.0
10.74,0,125.92,0.0,0.0
10.74,0,113.22,0.0,0.0
10.74,0,95.65,0.0,0.0
8.35,0,77.47,0.0,0.0
8.35,0,71.81,0.0,0.0
2.36,0,8.3,0.0,0.0
2.36,0,8.04,0.0,0.0
2.36,0,7.72,0.0,0.0
2.36,0,4.97,0.0,0.0
1.77,0,3.97,0.0,0.0
1.77,0,1.18,0.0,0.0
1.77,0,0.45,0.0,0.0
1.77,0,0.28,0.0,0.0
1.77,0,0.0,0.0,0.0
1.77,0,1.1,0.0,0.0
3.58,0,2.6,0.0,0.0
5.97,0,1.4,0.0,0.0
9.55,0,13.63,0.0,0.0
10.74,0,41.88,0.0,0.0
10.74,0,68.65,0.0,0.0
10.74,0,73.76,0.0,0.0
10.74,0,82.42,0.0,0.0
10.74,0,82.69,0.0,0.0
10.74,0,86.46,0.0,0.0
10.74,0,82.63,0.0,0.0
10.74,0,70.77,0.0,0.0
8.35,0,46.88,0.0,0.0
5.97,0,35.79,0.0,0.0
5.97,0,31.09,0.0,0.0
3.58,0,19.86,0.0,0.0
1.77,0,2.51,0.0,0.0
1.77,0,2.51,0.0,0.0
1.77,0,2.12,0.0,0.0
1.77,0,1.78,0.0,0.0
1.77,0,0.86,0.0,0.0
1.77,0,0.6,0.0,0.0
1.77,0,0.59,0.0,0.0
1.77,0,0.52,0.0,0.0
1.77,0,0.0,0.0,0.0
1.77,0,0.59,0.0,0.0
1.77,0,4.81,0.0,0.0
3.58,0,24.02,0.0,0.0
7.16,0,52.72,0.0,0.0
7.16,0,72.78,0.0,0.0
9.55,0,99.55,0.0,0.0
9.55,0,108.59,0.0,0.0
9.55,0,107.76,0.0,0.0
9.55,0,101.11,0.0,0.0
9.55,0,95.1,0.0,0.0
7.16,0,75.54,0.0,0.0
4.77,0,56.59,0.0,0.0
1.77,0,5.98,0.0,0.0
1.77,0,6.54,0.0,0.0
1.77,0,6.29,0.0,0.0
1.77,0,3.29,0.0,0.0
1.77,0,2.77,0.0,0.0
1.77,0,2.06,0.0,0.0
2.36,0,2.31,0.0,0.0
2.36,0,0.99,0.0,0.0
2.36,0,0.63,0.0,0.0
2.36,0,0.57,0.0,0.0
2.36,0,0.0,0.0,0.0
2.36,0,2.79,0.0,0.0
4.77,0,9.37,0.0,0.0
7.16,0,39.71,0.0,0.0
10.74,0,78.89,0.0,0.0
10.74,0,94.04,0.0,0.0
10.74,0,106.68,0.0,0.0
10.74,0,111.75,0.0,0.0
10.74,0,116.64,0.0,0.0
10.74,0,120.76,0.0,0.0
10.74,0,123.06,0.0,0.0
10.74,0,116.42,0.0,0.0
10.74,0,102.42,0.0,0.0
10.74,0,85.24,0.0,0.0
8.35,0,68.85,0.0,0.0
8.35,0,65.01,0.0,0.0
2.36,0,7.09,0.0,0.0
2.36,0,4.89,0.0,0.0
2.36,0,5.64,0.0,0.0
2.36,0,2.49,0.0,0.0
2.36,0,2.53,0.0,0.0
2.36,0,1.88,0.0,0.0
2.36,0,0.67,0.0,0.0
2.36,0,0.59,0.0,0.0
2.36,0,0.53,0.0,0.0
2.36,0,3.16,0.0,0.0
4.77,0,11.49,0.0,0.0
7.16,0,37.23,0.0,0.0
10.74,0,72.44,0.0,0.0
10.74,0,89.47,0.0,0.0
10.74,0,107.41,0.0,0.0
10.74,0,115.95,0.0,0.0
10.74,0,123.98,0.0,0.0
10.74,0,124.35,0.0,0.0
10.74,0,119.58,0.0,0.0
10.74,0,108.6,0.0,0.0
10.74,0,93.58,0.0,0.0
10.74,0,83.0,0.0,0.0
8.35,0,73.31,0.0,0.0
8.35,0,72.27,0.0,0.0
2.36,0,7.53,0.0,0.0
2.36,0,5.84,0.0,0.0
2.36,0,6.14,0.0,0.0
2.36,0,2.94,0.0,0.0
2.36,0,2.76,0.0,0.0
2.36,0,1.15,0.0,0.0
2.36,0,0.78,0.0,0.0
2.36,0,0.6,0.0,0.0
2.36,0,0.48,0.0,0.0
2.36,0,2.9,0.0,0.0
4.77,0,8.68,0.0,0.0
7.16,0,42.1,0.0,0.0
10.74,0,86.7,0.0,0.0
10.74,0,101.69,0.0,0.0
10.74,0,117.01,0.0,0.0
10.74,0,121.42,0.0,0.0
10.74,0,122.02,0.0,0.0
10.74,0,122.84,0.0,0.0
10.74,0,119.86,0.0,0.0
10.74,0,110.48,0.0,0.0
10.74,0,96.16,0.0,0.0
10.74,0,80.37,0.0,0.0
8.35,0,64.73,0.0,0.0
8.35,0,59.15,0.0,0.0
2.36,0,6.73,0.0,0.0
2.36,0,4.73,0.0,0.0
2.36,0,3.76,0.0,0.0
2.36,0,2.44,0.0,0.0
2.36,0,2.71,0.0,0.0
2.36,0,1.58,0.0,0.0
2.36,0,0.64,0.0,0.0
2.36,0,0.57,0.0,0.0
2.36,0,0.52,0.0,0.0
2.36,0,2.81,0.0,0.0
4.77,0,7.75,0.0,0.0
7.16,0,38.17,0.0,0.0
10.74,0,79.78,0.0,0.0
10.74,0,101.41,0.0,0.0
10.74,0,112.89,0.0,0.0
10.74,0,124.48,0.0,0.0
10.74,0,131.43,0.0,0.0
10.74,0,125.58,0.0,0.0
10.74,0,126.95,0.0,0.0
10.74,0,120.16,0.0,0.0
10.74,0,104.14,0.0,0.0
10.74,0,88.43,0.0,0.0
8.35,0,73.5,0.0,0.0
8.35,0,70.67,0.0,0.0
2.36,0,7.6,0.0,0.0
2.36,0,7.6,0.0,0.0
2.36,0,4.86,0.0,0.0
2.36,0,6.19,0.0,0.0
2.36,0,2.63,0.0,0.0
2.36,0,1.9,0.0,0.0
2.36,0,1.99,0.0,0.0
2.36,0,0.68,0.0,0.0
2.36,0,0.68,0.0,0.0
2.36,0,5.15,0.0,0.0
4.77,0,44.29,0.0,0.0
7.16,0,61.12,0.0,0.0
10.74,0,93.77,0.0,0.0
10.74,0,105.1,0.0,0.0
10.74,0,112.05,0.0,0.0
10.74,0,111.17,0.0,0.0
10.74,0,116.29,0.0,0.0
10.74,0,118.55,0.0,0.0
10.74,0,120.02,0.0,0.0
10.74,0,115.97,0.0,0.0
10.74,0,110.14,0.0,0.0
10.74,0,99.38,0.0,0.0
8.35,0,83.02,0.0,0.0
8.35,0,77.81,0.0,0.0
2.36,0,7.29,0.0,0.0
2.36,0,7.38,0.0,0.0
2.36,0,3.55,0.0,0.0
2.36,0,2.73,0.0,0.0
1.77,0,2.05,0.0,0.0
1.77,0,0.9,0.0,0.0
1.77,0,0.64,0.0,0.0
1.77,0,0.52,0.0,0.0
1.77,0,0.0,0.0,0.0
1.77,0,4.32,0.0,0.0
3.58,0,28.63,0.0,0.0
5.97,0,51.16,0.0,0.0
9.55,0,87.93,0.0,0.0
10.74,0,115.59,0.0,0.0
10.74,0,138.43,0.0,0.0
10.74,0,148.54,0.0,0.0
10.74,0,152.13,0.0,0.0
10.74,0,151.68,0.0,0.0
10.74,0,147.98,0.0,0.0
10.74,0,141.82,0.0,0.0
10.74,0,126.29,0.0,0.0
8.35,0,93.4,0.0,0.0
5.97,0,77.05,0.0,0.0
5.97,0,69.72,0.0,0.0
3.58,0,59.98,0.0,0.0
1.77,0,7.36,0.0,0.0
1.77,0,5.68,0.0,0.0
1.77,0,5.01,0.0,0.0
1.77,0,3.1,0.0,0.0
1.77,0,2.58,0.0,0.0
1.77,0,2.19,0.0,0.0
1.77,0,1.38,0.0,0.0
1.77,0,0.71,0.0,0.0
1.77,0,0.69,0.0,0.0
1.77,0,2.65,0.0,0.0
1.77,0,8.62,0.0,0.0
3.58,0,65.35,0.0,0.0
7.16,0,85.13,0.0,0.0
7.16,0,93.1,0.0,0.0
9.55,0,114.57,0.0,0.0
9.55,0,123.98,0.0,0.0
9.55,0,125.72,0.0,0.0
9.55,0,124.69,0.0,0.0
9.55,0,121.76,0.0,0.0
7.16,0,103.24,0.0,0.0
4.77,0,83.85,0.0,0.0
1.77,0,9.08,0.0,0.0
1.77,0,8.51,0.0,0.0
1.77,0,8.96,0.0,0.0
1.77,0,6.94,0.0,0.0
1.77,0,7.52,0.0,0.0
1.77,0,2.27,0.0,0.0
2.36,0,4.02,0.0,0.0
2.36,0,1.92,0.0,0.0
2.36,0,2.21,0.0,0.0
2.36,0,1.69,0.0,0.0
2.36,0,0.64,0.0,0.0
2.36,0,5.59,0.0,0.0
4.77,0,42.71,0.0,0.0
7.16,0,64.75,0.0,0.0
10.74,0,99.89,0.0,0.0
10.74,0,117.69,0.0,0.0
10.74,0,130.25,0.0,0.0
10.74,0,125.71,0.0,0.0
10.74,0,122.52,0.0,0.0
10.74,0,128.28,0.0,0.0
10.74,0,133.27,0.0,0.0
10.74,0,132.75,0.0,0.0
10.74,0,122.12,0.0,0.0
10.74,0,108.54,0.0,0.0
8.35,0,91.95,0.0,0.0
8.35,0,87.21,0.0,0.0
2.36,0,7.59,0.0,0.0
2.36,0,7.78,0.0,0.0
2.36,0,3.69,0.0,0.0
2.36,0,2.85,0.0,0.0
2.36,0,4.72,0.0,0.0
2.36,0,2.67,0.0,0.0
2.36,0,1.31,0.0,0.0
2.36,0,1.16,0.0,0.0
2.36,0,0.73,0.0,0.0
2.36,0,5.92,0.0,0.0
4.77,0,42.07,0.0,0.0
7.16,0,69.26,0.0,0.0
10.74,0,99.94,0.0,0.0
10.74,0,107.54,0.0,0.0
10.74,0,125.89,0.0,0.0
10.74,0,134.58,0.0,0.0
10.74,0,135.25,0.0,0.0
10.74,0,128.95,0.0,0.0
10.74,0,128.6,0.0,0.0
10.74,0,129.05,0.0,0.0
10.74,0,116.76,0.0,0.0
10.74,0,100.31,0.0,0.0
8.35,0,85.69,0.0,0.0
8.35,0,81.28,0.0,0.0
2.36,0,7.43,0.0,0.0
2.36,0,7.36,0.0,0.0
2.36,0,3.27,0.0,0.0
2.36,0,2.7,0.0,0.0
2.36,0,2.11,0.0,0.0
2.36,0,1.32,0.0,0.0
2.36,0,0.64,0.0,0.0
2.36,0,0.62,0.0,0.0
2.36,0,0.56,0.0,0.0
2.36,0,4.68,0.0,0.0
4.77,0,29.62,0.0,0.0
7.16,0,59.81,0.0,0.0
10.74,0,98.31,0.0,0.0
10.74,0,110.51,0.0,0.0
10.74,0,123.61,0.0,0.0
10.74,0,134.03,0.0,0.0
10.74,0,138.97,0.0,0.0
10.74,0,133.28,0.0,0.0
10.74,0,135.99,0.0,0.0
10.74,0,129.8,0.0,0.0
10.74,0,113.36,0.0,0.0
10.74,0,94.6,0.0,0.0
8.35,0,79.12,0.0,0.0
8.35,0,76.23,0.0,0.0
2.36,0,8.39,0.0,0.0
2.36,0,7.8,0.0,0.0
2.36,0,7.02,0.0,0.0
2.36,0,6.36,0.0,0.0
2.36,0,4.06,0.0,0.0
2.36,0,1.24,0.0,0.0
2.36,0,0.4,0.0,0.0
2.36,0,0.0,0.0,0.0
2.36,0,0.0,0.0,0.0
2.36,0,1.55,0.0,0.0
4.77,0,3.78,0.0,0.0
7.16,0,0.06,0.0,0.0
10.74,0,7.47,0.0,0.0
10.74,0,23.34,0.0,0.0
10.74,0,48.6,0.0,0.0
10.74,0,62.84,0.0,0.0
10.74,0,70.22,0.0,0.0
10.74,0,76.45,0.0,0.0
10.74,0,78.3,0.0,0.0
10.74,0,67.81,0.0,0.0
10.74,0,49.0,0.0,0.0
10.74,0,32.15,0.0,0.0
8.35,0,18.39,0.0,0.0
8.35,0,12.24,0.0,0.0
2.36,0,1.28,0.0,0.0
2.36,0,1.03,0.0,0.0
2.36,0,0.26,0.0,0.0
2.36,0,0.0,0.0,0.0
2.36,0,0.0,0.0,0.0
2.36,0,0.0,0.0,0.0
2.36,0,0.0,0.0,0.0
2.36,0,0.0,0.0,0.0
2.36,0,0.0,0.0,0.0
2.36,0,0.92,0.0,0.0
4.77,0,2.9,0.0,0.0
7.16,0,0.0,0.0,0.0
10.74,0,1.3,0.0,0.0
10.74,0,5.54,0.0,0.0
10.74,0,13.53,0.0,0.0
10.74,0,26.35,0.0,0.0
10.74,0,37.53,0.0,0.0
10.74,0,47.81,0.0,0.0
10.74,0,54.57,0.0,0.0
10.74,0,52.01,0.0,0.0
10.74,0,33.76,0.0,0.0
10.74,0,9.06,0.0,0.0
8.35,0,3.89,0.0,0.0
8.35,0,0.25,0.0,0.0
2.36,0,0.05,0.0,0.0
2.36,0,0.07,0.0,0.0
2.36,0,0.0,0.0,0.0
2.36,0,0.0,0.0,0.0
1.77,0,0.0,0.0,0.0
1.77,0,0.0,0.0,0.0
1.77,0,0.0,0.0,0.0
1.77,0,0.0,0.0,0.0
1.77,0,0.0,0.0,0.0
1.77,0,0.92,0.0,0.0
3.58,0,0.15,0.0,0.0
5.97,0,0.59,0.0,0.0
9.55,0,8.09,0.0,0.0
10.74,0,33.86,0.0,0.0
10.74,0,56.29,0.0,0.0
10.74,0,69.8,0.0,0.0
10.74,0,67.89,0.0,0.0
10.74,0,74.24,0.0,0.0
10.74,0,68.02,0.0,0.0
10.74,0,69.08,0.0,0.0
10.74,0,56.01,0.0,0.0
8.35,0,20.92,0.0,0.0
5.97,0,7.41,0.0,0.0
5.97,0,1.46,0.0,0.0
3.58,0,0.37,0.0,0.0
1.77,0,0.26,0.0,0.0
1.77,0,0.0,0.0,0.0
1.77,0,0.0,0.0,0.0
1.77,0,0.0,0.0,0.0
1.77,0,0.0,0.0,0.0
1.77,0,0.0,0.0,0.0
1.77,0,0.0,0.0,0.0
1.77,0,0.0,0.0,0.0
1.77,0,0.0,0.0,0.0
1.77,0,0.0,0.0,0.0
1.77,0,1.74,0.0,0.0
3.58,0,14.25,0.0,0.0
7.16,0,29.9,0.0,0.0
7.16,0,38.34,0.0,0.0
9.55,0,54.39,0.0,0.0
9.55,0,51.68,0.0,0.0
9.55,0,44.44,0.0,0.0
9.55,0,44.28,0.0,0.0
9.55,0,43.5,0.0,0.0
7.16,0,31.12,0.0,0.0
4.77,0,17.65,0.0,0.0
1.77,0,0.84,0.0,0.0
1.77,0,1.36,0.0,0.0
1.77,0,0.55,0.0,0.0
1.77,0,0.0,0.0,0.0
1.77,0,0.0,0.0,0.0
1.77,0,0.0,0.0,0.0
2.36,0,0.0,0.0,0.0
2.36,0,0.0,0.0,0.0
2.36,0,0.0,0.0,0.0
2.36,0,0.0,0.0,0.0
2.36,0,0.0,0.0,0.0
2.36,0,1.18,0.0,0.0
4.77,0,0.55,0.0,0.0
7.16,0,4.57,0.0,0.0
10.74,0,37.87,0.0,0.0
10.74,0,55.15,0.0,0.0
10.74,0,67.89,0.0,0.0
10.74,0,75.33,0.0,0.0
10.74,0,79.1,0.0,0.0
10.74,0,79.12,0.0,0.0
10.74,0,81.59,0.0,0.0
10.74,0,81.14,0.0,0.0
10.74,0,70.72,0.0,0.0
10.74,0,45.62,0.0,0.0
8.35,0,28.2,0.0,0.0
8.35,0,15.63,0.0,0.0
2.36,0,1.45,0.0,0.0
2.36,0,1.72,0.0,0.0
2.36,0,0.26,0.0,0.0
2.36,0,0.09,0.0,0.0
2.36,0,0.0,0.0,0.0
2.36,0,0.0,0.0,0.0
2.36,0,0.0,0.0,0.0
2.36,0,0.0,0.0,0.0
2.36,0,0.0,0.0,0.0
2.36,0,1.19,0.0,0.0
4.77,0,8.45,0.0,0.0
7.16,0,18.58,0.0,0.0
10.74,0,49.91,0.0,0.0
10.74,0,67.08,0.0,0.0
10.74,0,85.51,0.0,0.0
10.74,0,91.65,0.0,0.0
10.74,0,93.87,0.0,0.0
10.74,0,93.63,0.0,0.0
10.74,0,101.41,0.0,0.0
10.74,0,99.62,0.0,0.0
10.74,0,88.52,0.0,0.0
10.74,0,75.28,0.0,0.0
8.35,0,60.9,0.0,0.0
8.35,0,56.44,0.0,0.0
2.36,0,3.88,0.0,0.0
2.36,0,3.57,0.0,0.0
2.36,0,2.02,0.0,0.0
2.36,0,1.37,0.0,0.0
2.36,0,0.7,0.0,0.0
2.36,0,0.63,0.0,0.0
2.36,0,0.55,0.0,0.0
2.36,0,0.0,0.0,0.0
2.36,0,0.0,0.0,0.0
2.36,0,3.13,0.0,0.0
4.77,0,19.04,0.0,0.0
7.16,0,37.31,0.0,0.0
10.74,0,71.05,0.0,0.0
10.74,0,91.49,0.0,0.0
10.74,0,114.39,0.0,0.0
10.74,0,116.53,0.0,0.0
10.74,0,116.48,0.0,0.0
10.74,0,117.48,0.0,0.0
10.74,0,116.57,0.0,0.0
10.74,0,106.87,0.0,0.0
10.74,0,89.55,0.0,0.0
10.74,0,76.45,0.0,0.0
8.35,0,65.5,0.0,0.0
8.35,0,64.31,0.0,0.0
2.36,0,6.79,0.0,0.0
2.36,0,4.75,0.0,0.0
2.36,0,1.67,0.0,0.0
2.36,0,2.56,0.0,0.0
2.36,0,0.7,0.0,0.0
2.36,0,0.83,0.0,0.0
2.36,0,0.6,0.0,0.0
2.36,0,0.46,0.0,0.0
2.36,0,0.0,0.0,0.0
2.36,0,3.12,0.0,0.0
4.77,0,12.28,0.0,0.0
7.16,0,33.06,0.0,0.0
10.74,0,67.32,0.0,0.0
10.74,0,85.15,0.0,0.0
10.74,0,105.83,0.0,0.0
10.74,0,110.46,0.0,0.0
10.74,0,107.84,0.0,0.0
10.74,0,106.51,0.0,0.0
10.74,0,106.04,0.0,0.0
10.74,0,93.94,0.0,0.0
10.74,0,80.6,0.0,0.0
10.74,0,67.49,0.0,0.0
8.35,0,53.82,0.0,0.0
8.35,0,52.38,0.0,0.0
2.36,0,6.23,0.0,0.0
2.36,0,5.19,0.0,0.0
2.36,0,2.63,0.0,0.0
2.36,0,2.19,0.0,0.0
2.36,0,1.62,0.0,0.0
2.36,0,1.17,0.0,0.0
2.36,0,0.54,0.0,0.0
2.36,0,0.0,0.0,0.0
2.36,0,0.0,0.0,0.0
2.36,0,2.69,0.0,0.0
4.77,0,5.74,0.0,0.0
7.16,0,22.46,0.0,0.0
10.74,0,61.3,0.0,0.0
10.74,0,79.48,0.0,0.0
10.74,0,101.2,0.0,0.0
10.74,0,112.48,0.0,0.0
10.74,0,110.9,0.0,0.0
10.74,0,110.24,0.0,0.0
10.74,0,115.74,0.0,0.0
10.74,0,111.41,0.0,0.0
10.74,0,96.13,0.0,0.0
10.74,0,78.26,0.0,0.0
8.35,0,62.68,0.0,0.0
8.35,0,58.24,0.0,0.0
2.36,0,5.59,0.0,0.0
2.36,0,4.88,0.0,0.0
2.36,0,3.8,0.0,0.0
2.36,0,2.48,0.0,0.0
1.77,0,2.29,0.0,0.0
1.77,0,1.78,0.0,0.0
1.77,0,0.59,0.0,0.0
1.77,0,0.0,0.0,0.0
1.77,0,0.0,0.0,0.0
1.77,0,3.18,0.0,0.0
3.58,0,14.91,0.0,0.0
5.97,0,29.57,0.0,0.0
9.55,0,65.14,0.0,0.0
10.74,0,91.43,0.0,0.0
10.74,0,108.73,0.0,0.0
10.74,0,117.67,0.0,0.0
10.74,0,122.12,0.0,0.0
10.74,0,119.88,0.0,0.0
10.74,0,117.25,0.0,0.0
10.74,0,112.71,0.0,0.0
10.74,0,97.37,0.0,0.0
8.35,0,66.19,0.0,0.0
5.97,0,51.47,0.0,0.0
5.97,0,44.64,0.0,0.0
3.58,0,29.5,0.0,0.0
1.77,0,3.76,0.0,0.0
1.77,0,3.48,0.0,0.0
1.77,0,1.88,0.0,0.0
1.77,0,1.29,0.0,0.0
1.77,0,0.59,0.0,0.0
1.77,0,0.51,0.0,0.0
1.77,0,0.0,0.0,0.0
1.77,0,0.0,0.0,0.0
1.77,0,0.0,0.0,0.0
1.77,0,0.0,0.0,0.0
1.77,0,4.81,0.0,0.0
3.58,0,32.1,0.0,0.0
7.16,0,58.62,0.0,0.0
7.16,0,72.23,0.0,0.0
9.55,0,91.24,0.0,0.0
9.55,0,94.06,0.0,0.0
9.55,0,90.96,0.0,0.0
9.55,0,91.65,0.0,0.0
9.55,0,83.71,0.0,0.0
7.16,0,61.08,0.0,0.0
4.77,0,40.98,0.0,0.0
1.77,0,4.62,0.0,0.0
1.77,0,4.48,0.0,0.0
1.77,0,4.87,0.0,0.0
1.77,0,2.8,0.0,0.0
1.77,0,2.77,0.0,0.0
1.77,0,1.5,0.0,0.0
2.36,0,1.31,0.0,0.0
2.36,0,1.08,0.0,0.0
2.36,0,0.49,0.0,0.0
2.36,0,0.0,0.0,0.0
2.36,0,0.0,0.0,0.0
2.36,0,1.87,0.0,0.0
4.77,0,7.6,0.0,0.0
7.16,0,24.79,0.0,0.0
10.74,0,68.13,0.0,0.0
10.74,0,85.57,0.0,0.0
10.74,0,101.2,0.0,0.0
10.74,0,108.02,0.0,0.0
10.74,0,106.94,0.0,0.0
10.74,0,105.64,0.0,0.0
10.74,0,109.62,0.0,0.0
10.74,0,105.12,0.0,0.0
10.74,0,91.24,0.0,0.0
10.74,0,79.75,0.0,0.0
8.35,0,68.41,0.0,0.0
8.35,0,65.53,0.0,0.0
2.36,0,5.68,0.0,0.0
2.36,0,6.81,0.0,0.0
2.36,0,3.78,0.0,0.0
2.36,0,1.98,0.0,0.0
2.36,0,2.59,0.0,0.0
2.36,0,1.35,0.0,0.0
2.36,0,0.63,0.0,0.0
2.36,0,0.62,0.0,0.0
2.36,0,0.58,0.0,0.0
2.36,0,3.26,0.0,0.0
4.77,0,11.81,0.0,0.0
7.16,0,36.53,0.0,0.0
10.74,0,71.39,0.0,0.0
10.74,0,83.34,0.0,0.0
10.74,0,95.91,0.0,0.0
10.74,0,104.33,0.0,0.0
10.74,0,112.95,0.0,0.0
10.74,0,108.81,0.0,0.0
10.74,0,108.54,0.0,0.0
10.74,0,102.03,0.0,0.0
10.74,0,88.58,0.0,0.0
10.74,0,76.25,0.0,0.0
8.35,0,62.51,0.0,0.0
8.35,0,59.11,0.0,0.0
2.36,0,4.04,0.0,0.0
2.36,0,3.61,0.0,0.0
2.36,0,2.35,0.0,0.0
2.36,0,1.37,0.0,0.0
2.36,0,0.65,0.0,0.0
2.36,0,0.54,0.0,0.0
2.36,0,0.0,0.0,0.0
2.36,0,0.0,0.0,0.0
2.36,0,0.0,0.0,0.0
2.36,0,0.0,0.0,0.0
2.36,0,3.35,0.0,0.0
4.77,0,29.85,0.0,0.0
7.16,0,58.99,0.0,0.0
10.74,0,91.62,0.0,0.0
10.74,0,106.46,0.0,0.0
10.74,0,123.3,0.0,0.0
10.74,0,121.44,0.0,0.0
10.74,0,111.65,0.0,0.0
10.74,0,107.8,0.0,0.0
10.74,0,112.44,0.0,0.0
10.74,0,100.46,0.0,0.0
10.74,0,82.88,0.0,0.0
10.74,0,72.06,0.0,0.0
8.35,0,57.78,0.0,0.0
8.35,0,52.49,0.0,0.0
2.36,0,3.21,0.0,0.0
2.36,0,2.39,0.0,0.0
2.36,0,1.66,0.0,0.0
2.36,0,0.85,0.0,0.0
2.36,0,0.6,0.0,0.0
2.36,0,0.47,0.0,0.0
2.36,0,0.0,0.0,0.0
2.36,0,0.0,0.0,0.0
2.36,0,0.0,0.0,0.0
2.36,0,3.06,0.0,0.0
4.77,0,20.7,0.0,0.0
7.16,0,50.5,0.0,0.0
10.74,0,81.15,0.0,0.0
10.74,0,89.3,0.0,0.0
10.74,0,105.17,0.0,0.0
10.74,0,111.51,0.0,0.0
10.74,0,114.56,0.0,0.0
10.74,0,114.98,0.0,0.0
10.74,0,112.32,0.0,0.0
10.74,0,102.76,0.0,0.0
10.74,0,91.59,0.0,0.0
10.74,0,83.23,0.0,0.0
8.35,0,70.4,0.0,0.0
8.35,0,63.75,0.0,0.0
2.36,0,7.61,0.0,0.0
2.36,0,5.51,0.0,0.0
2.36,0,3.7,0.0,0.0
2.36,0,3.35,0.0,0.0
2.36,0,1.4,0.0,0.0
2.36,0,0.57,0.0,0.0
2.36,0,0.53,0.0,0.0
2.36,0,0.24,0.0,0.0
2.36,0,0.0,0.0,0.0
2.36,0,1.46,0.0,0.0
4.77,0,2.13,0.0,0.0
7.16,0,11.3,0.0,0.0
10.74,0,48.13,0.0,0.0
10.74,0,65.47,0.0,0.0
10.74,0,78.56,0.0,0.0
10.74,0,78.8,0.0,0.0
10.74,0,79.18,0.0,0.0
10.74,0,81.32,0.0,0.0
10.74,0,84.32,0.0,0.0
10.74,0,77.31,0.0,0.0
10.74,0,73.09,0.0,0.0
10.74,0,65.06,0.0,0.0
8.35,0,51.55,0.0,0.0
8.35,0,47.81,0.0,0.0
2.36,0,3.79,0.0,0.0
2.36,0,3.52,0.0,0.0
2.36,0,1.92,0.0,0.0
1.77,0,1.87,0.0,0.0
1.77,0,0.86,0.0,0.0
1.77,0,0.0,0.0,0.0
1.77,0,0.0,0.0,0.0
1.77,0,0.0,0.0,0.0
1.77,0,0.0,0.0,0.0
1.77,0,1.53,0.0,0.0
3.58,0,3.58,0.0,0.0
5.97,0,12.79,0.0,0.0
9.55,0,47.7,0.0,0.0
10.74,0,55.33,0.0,0.0
10.74,0,65.68,0.0,0.0
10.74,0,79.21,0.0,0.0
10.74,0,80.37,0.0,0.0
10.74,0,72.95,0.0,0.0
10.74,0,69.72,0.0,0.0
10.74,0,55.9,0.0,0.0
10.74,0,37.38,0.0,0.0
8.35,0,10.89,0.0,0.0
5.97,0,6.97,0.0,0.0
5.97,0,2.68,0.0,0.0
3.58,0,1.27,0.0,0.0
1.77,0,0.55,0.0,0.0
1.77,0,0.0,0.0,0.0
1.77,0,0.44,0.0,0.0
1.77,0,0.0,0.0,0.0
1.77,0,0.0,0.0,0.0
1.77,0,0.0,0.0,0.0
1.77,0,0.0,0.0,0.0
1.77,0,0.0,0.0,0.0
1.77,0,0.0,0.0,0.0
1.77,0,0.0,0.0,0.0
1.77,0,4.54,0.0,0.0
3.58,0,25.96,0.0,0.0
7.16,0,37.12,0.0,0.0
7.16,0,34.7,0.0,0.0
9.55,0,39.14,0.0,0.0
9.55,0,38.93,0.0,0.0
9.55,0,32.62,0.0,0.0
9.55,0,27.44,0.0,0.0
9.55,0,28.22,0.0,0.0
7.16,0,15.5,0.0,0.0
4.77,0,3.46,0.0,0.0
1.77,0,0.0,0.0,0.0
1.77,0,0.0,0.0,0.0
1.77,0,0.0,0.0,0.0
1.77,0,0.0,0.0,0.0
1.77,0,0.0,0.0,0.0
2.36,0,0.0,0.0,0.0
2.36,0,0.0,0.0,0.0
2.36,0,0.0,0.0,0.0
2.36,0,0.0,0.0,0.0
2.36,0,0.0,0.0,0.0
2.36,0,0.0,0.0,0.0
2.36,0,2.08,0.0,0.0
4.77,0,1.46,0.0,0.0
7.16,0,0.07,0.0,0.0
10.74,0,10.58,0.0,0.0
10.74,0,29.41,0.0,0.0
10.74,0,59.89,0.0,0.0
10.74,0,69.25,0.0,0.0
10.74,0,70.14,0.0,0.0
10.74,0,67.33,0.0,0.0
10.74,0,67.51,0.0,0.0
10.74,0,59.69,0.0,0.0
10.74,0,48.21,0.0,0.0
10.74,0,33.72,0.0,0.0
8.35,0,21.75,0.0,0.0
8.35,0,19.5,0.0,0.0
2.36,0,0.0,0.0,0.0
2.36,0,0.0,0.0,0.0
2.36,0,0.0,0.0,0.0
2.36,0,0.0,0.0,0.0
2.36,0,0.0,0.0,0.0
2.36,0,0.0,0.0,0.0
2.36,0,0.0,0.0,0.0
2.36,0,0.0,0.0,0.0
2.36,0,0.0,0.0,0.0
2.36,0,1.59,0.0,0.0
4.77,0,4.73,0.0,0.0
7.16,0,0.06,0.0,0.0
10.74,0,2.55,0.0,0.0
10.74,0,11.14,0.0,0.0
10.74,0,32.58,0.0,0.0
10.74,0,30.43,0.0,0.0
10.74,0,28.94,0.0,0.0
10.74,0,32.33,0.0,0.0
10.74,0,34.06,0.0,0.0
10.74,0,28.39,0.0,0.0
10.74,0,13.32,0.0,0.0
10.74,0,10.31,0.0,0.0
8.35,0,8.11,0.0,0.0
8.35,0,3.32,0.0,0.0
2.36,0,0.64,0.0,0.0
2.36,0,0.0,0.0,0.0
2.36,0,0.0,0.0,0.0
2.36,0,0.0,0.0,0.0
2.36,0,0.0,0.0,0.0
2.36,0,0.0,0.0,0.0
2.36,0,0.0,0.0,0.0
2.36,0,0.0,0.0,0.0
2.36,0,0.0,0.0,0.0
2.36,0,1.38,0.0,0.0
4.77,0,1.24,0.0,0.0
7.16,0,0.0,0.0,0.0
10.74,0,3.16,0.0,0.0
10.74,0,9.09,0.0,0.0
10.74,0,12.71,0.0,0.0
10.74,0,16.16,0.0,0.0
10.74,0,18.43,0.0,0.0
10.74,0,15.71,0.0,0.0
10.74,0,11.1,0.0,0.0
10.74,0,7.18,0.0,0.0
10.74,0,4.07,0.0,0.0
10.74,0,0.0,0.0,0.0
8.35,0,0.0,0.0,0.0
8.35,0,0.0,0.0,0.0
2.36,0,0.0,0.0,0.0
2.36,0,0.0,0.0,0.0
2.36,0,0.0,0.0,0.0
1.77,0,0.0,0.0,0.0
1.77,0,0.0,0.0,0.0
1.77,0,0.0,0.0,0.0
1.77,0,0.0,0.0,0.0
1.77,0,0.0,0.0,0.0
1.77,0,0.0,0.0,0.0
1.77,0,0.0,0.0,0.0
1.77,0,0.0,0.0,0.0
1.77,0,0.0,0.0,0.0
3.58,0,2.91,0.0,0.0
7.16,0,3.79,0.0,0.0
7.16,0,3.63,0.0,0.0
9.55,0,3.66,0.0,0.0
9.55,0,3.62,0.0,0.0
9.55,0,3.51,0.0,0.0
9.55,0,3.54,0.0,0.0
9.55,0,3.72,0.0,0.0
7.16,0,3.75,0.0,0.0
4.77,0,0.0,0.0,0.0
1.77,0,0.0,0.0,0.0
1.77,0,0.0,0.0,0.0
1.77,0,0.0,0.0,0.0
1.77,0,0.0,0.0,0.0
1.77,0,0.0,0.0,0.0
2.36,0,0.0,0.0,0.0
2.36,0,0.0,0.0,0.0
2.36,0,0.0,0.0,0.0
2.36,0,0.0,0.0,0.0
2.36,0,0.0,0.0,0.0
2.36,0,0.0,0.0,0.0
2.36,0,1.13,0.0,0.0
4.77,0,0.66,0.0,0.0
7.16,0,0.35,0.0,0.0
10.74,0,1.22,0.0,0.0
10.74,0,8.53,0.0,0.0
10.74,0,13.82,0.0,0.0
10.74,0,16.85,0.0,0.0
10.74,0,19.31,0.0,0.0
10.74,0,24.52,0.0,0.0
10.74,0,26.31,0.0,0.0
10.74,0,9.22,0.0,0.0
10.74,0,3.07,0.0,0.0
10.74,0,1.77,0.0,0.0
8.35,0,0.28,0.0,0.0
8.35,0,0.23,0.0,0.0
2.36,0,0.0,0.0,0.0
2.36,0,0.0,0.0,0.0
2.36,0,0.0,0.0,0.0
1.77,0,0.0,0.0,0.0
1.77,0,0.0,0.0,0.0
1.77,0,0.0,0.0,0.0
1.77,0,0.0,0.0,0.0
1.77,0,0.0,0.0,0.0
1.77,0,0.0,0.0,0.0
1.77,0,1.13,0.0,0.0
3.58,0,3.73,0.0,0.0
5.97,0,0.0,0.0,0.0
9.55,0,0.0,0.0,0.0
10.74,0,0.0,0.0,0.0
10.74,0,0.94,0.0,0.0
10.74,0,4.72,0.0,0.0
10.74,0,4.68,0.0,0.0
10.74,0,3.7,0.0,0.0
10.74,0,2.0,0.0,0.0
10.74,0,0.5,0.0,0.0
10.74,0,0.36,0.0,0.0
8.35,0,0.0,0.0,0.0
5.97,0,0.0,0.0,0.0
5.97,0,0.0,0.0,0.0
3.58,0,0.0,0.0,0.0
1.77,0,0.0,0.0,0.0
1.77,0,0.0,0.0,0.0
1.77,0,0.0,0.0,0.0
1.77,0,0.0,0.0,0.0
1.77,0,0.0,0.0,0.0
1.77,0,0.0,0.0,0.0
1.77,0,0.0,0.0,0.0
1.77,0,0.0,0.0,0.0
1.77,0,0.0,0.0,0.0
1.77,0,0.0,0.0,0.0
1.77,0,0.0,0.0,0.0
3.58,0,3.12,0.0,0.0
7.16,0,5.6,0.0,0.0
7.16,0,10.38,0.0,0.0
9.55,0,12.41,0.0,0.0
9.55,0,14.82,0.0,0.0
9.55,0,14.8,0.0,0.0
9.55,0,12.33,0.0,0.0
9.55,0,4.61,0.0,0.0
7.16,0,0.0,0.0,0.0
4.77,0,0.0,0.0,0.0
1.77,0,0.0,0.0,0.0
1.77,0,0.0,0.0,0.0
1.77,0,0.0,0.0,0.0
1.77,0,0.0,0.0,0.0
1.77,0,0.0,0.0,0.0
2.36,0,0.0,0.0,0.0
2.36,0,0.0,0.0,0.0
2.36,0,0.0,0.0,0.0
2.36,0,0.0,0.0,0.0
2.36,0,0.0,0.0,0.0
2.36,0,0.0,0.0,0.0
2.36,0,1.14,0.0,0.0
4.77,0,0.0,0.0,0.0
7.16,0,0.31,0.0,0.0
10.74,0,5.0,0.0,0.0
10.74,0,14.29,0.0,0.0
10.74,0,43.1,0.0,0.0
10.74,0,61.04,0.0,0.0
10.74,0,67.11,0.0,0.0
10.74,0,68.14,0.0,0.0
10.74,0,68.0,0.0,0.0
10.74,0,54.1,0.0,0.0
10.74,0,15.46,0.0,0.0
10.74,0,6.37,0.0,0.0
8.35,0,3.76,0.0,0.0
8.35,0,0.0,0.0,0.0
2.36,0,0.1,0.0,0.0
2.36,0,0.0,0.0,0.0
2.36,0,0.0,0.0,0.0
2.36,0,0.0,0.0,0.0
2.36,0,0.0,0.0,0.0
2.36,0,0.0,0.0,0.0
2.36,0,0.0,0.0,0.0
2.36,0,0.0,0.0,0.0
2.36,0,0.0,0.0,0.0
2.36,0,1.58,0.0,0.0
4.77,0,0.0,0.0,0.0
7.16,0,0.99,0.0,0.0
10.74,0,11.71,0.0,0.0
10.74,0,25.98,0.0,0.0
10.74,0,45.02,0.0,0.0
10.74,0,48.72,0.0,0.0
10.74,0,54.35,0.0,0.0
10.74,0,56.8,0.0,0.0
10.74,0,54.54,0.0,0.0
10.74,0,32.16,0.0,0.0
10.74,0,3.94,0.0,0.0
10.74,0,0.32,0.0,0.0
8.35,0,0.38,0.0,0.0
8.35,0,0.0,0.0,0.0
2.36,0,0.08,0.0,0.0
2.36,0,0.0,0.0,0.0
2.36,0,0.0,0.0,0.0
2.36,0,0.0,0.0,0.0
2.36,0,0.0,0.0,0.0
2.36,0,0.0,0.0,0.0
2.36,0,0.0,0.0,0.0
2.36,0,0.0,0.0,0.0
2.36,0,0.0,0.0,0.0
2.36,0,1.24,0.0,0.0
4.77,0,0.0,0.0,0.0
7.16,0,1.21,0.0,0.0
10.74,0,17.41,0.0,0.0
10.74,0,45.66,0.0,0.0
10.74,0,66.28,0.0,0.0
10.74,0,73.19,0.0,0.0
10.74,0,74.89,0.0,0.0
10.74,0,74.04,0.0,0.0
10.74,0,71.78,0.0,0.0
10.74,0,57.93,0.0,0.0
10.74,0,40.76,0.0,0.0
10.74,0,8.39,0.0,0.0
8.35,0,2.96,0.0,0.0
8.35,0,0.09,0.0,0.0
2.36,0,0.1,0.0,0.0
2.36,0,0.0,0.0,0.0
2.36,0,0.0,0.0,0.0
2.36,0,0.0,0.0,0.0
2.36,0,0.0,0.0,0.0
2.36,0,0.0,0.0,0.0
2.36,0,0.0,0.0,0.0
2.36,0,0.0,0.0,0.0
2.36,0,0.0,0.0,0.0
2.36,0,1.56,0.0,0.0
4.77,0,0.0,0.0,0.0
7.16,0,9.79,0.0,0.0
10.74,0,52.94,0.0,0.0
10.74,0,66.59,0.0,0.0
10.74,0,72.95,0.0,0.0
10.74,0,77.4,0.0,0.0
10.74,0,87.37,0.0,0.0
10.74,0,89.4,0.0,0.0
10.74,0,85.59,0.0,0.0
10.74,0,72.6,0.0,0.0
10.74,0,59.6,0.0,0.0
10.74,0,51.08,0.0,0.0
8.35,0,37.72,0.0,0.0
8.35,0,33.02,0.0,0.0
2.36,0,1.01,0.0,0.0
2.36,0,1.42,0.0,0.0
2.36,0,0.69,0.0,0.0
2.36,0,0.0,0.0,0.0
2.36,0,0.0,0.0,0.0
2.36,0,0.0,0.0,0.0
2.36,0,0.0,0.0,0.0
2.36,0,0.0,0.0,0.0
2.36,0,0.0,0.0,0.0
2.36,0,1.36,0.0,0.0
4.77,0,0.33,0.0,0.0
7.16,0,2.77,0.0,0.0
10.74,0,3.06,0.0,0.0
10.74,0,2.84,0.0,0.0
10.74,0,5.05,0.0,0.0
10.74,0,5.14,0.0,0.0
10.74,0,6.5,0.0,0.0
10.74,0,6.35,0.0,0.0
10.74,0,4.95,0.0,0.0
10.74,0,1.13,0.0,0.0
10.74,0,0.28,0.0,0.0
10.74,0,0.0,0.0,0.0
8.35,0,0.0,0.0,0.0
8.35,0,0.0,0.0,0.0
2.36,0,0.0,0.0,0.0
2.36,0,0.0,0.0,0.0
2.36,0,0.0,0.0,0.0
1.77,0,0.0,0.0,0.0
1.77,0,0.0,0.0,0.0
1.77,0,0.0,0.0,0.0
1.77,0,0.0,0.0,0.0
1.77,0,0.0,0.0,0.0
1.77,0,0.32,0.0,0.0
1.77,0,0.59,0.0,0.0
3.58,0,0.0,0.0,0.0
5.97,0,0.0,0.0,0.0
9.55,0,0.0,0.0,0.0
10.74,0,2.48,0.0,0.0
10.74,0,2.5,0.0,0.0
10.74,0,0.31,0.0,0.0
10.74,0,1.5,0.0,0.0
10.74,0,1.86,0.0,0.0
10.74,0,0.44,0.0,0.0
10.74,0,0.28,0.0,0.0
10.74,0,0.0,0.0,0.0
8.35,0,4.46,0.0,0.0
5.97,0,0.0,0.0,0.0
5.97,0,0.0,0.0,0.0
3.58,0,0.0,0.0,0.0
1.77,0,0.0,0.0,0.0
1.77,0,0.0,0.0,0.0
1.77,0,0.0,0.0,0.0
1.77,0,0.0,0.0,0.0
1.77,0,0.0,0.0,0.0
1.77,0,0.0,0.0,0.0
1.77,0,0.0,0.0,0.0
1.77,0,0.0,0.0,0.0
1.77,0,0.0,0.0,0.0
1.77,0,0.33,0.0,0.0
1.77,0,0.0,0.0,0.0
3.58,0,0.19,0.0,0.0
7.16,0,1.84,0.0,0.0
7.16,0,3.35,0.0,0.0
9.55,0,3.92,0.0,0.0
9.55,0,4.43,0.0,0.0
9.55,0,3.94,0.0,0.0
9.55,0,1.61,0.0,0.0
9.55,0,0.0,0.0,0.0
7.16,0,0.09,0.0,0.0
4.77,0,0.0,0.0,0.0
1.77,0,0.0,0.0,0.0
1.77,0,0.0,0.0,0.0
1.77,0,0.0,0.0,0.0
1.77,0,0.0,0.0,0.0
1.77,0,0.0,0.0,0.0
2.36,0,0.0,0.0,0.0
2.36,0,0.0,0.0,0.0
2.36,0,0.0,0.0,0.0
2.36,0,0.0,0.0,0.0
2.36,0,0.0,0.0,0.0
2.36,0,0.31,0.0,0.0
2.36,0,0.65,0.0,0.0
4.77,0,0.33,0.0,0.0
7.16,0,0.06,0.0,0.0
10.74,0,1.18,0.0,0.0
10.74,0,6.68,0.0,0.0
10.74,0,13.49,0.0,0.0
10.74,0,16.52,0.0,0.0
10.74,0,22.45,0.0,0.0
10.74,0,24.83,0.0,0.0
10.74,0,18.19,0.0,0.0
10.74,0,10.02,0.0,0.0
10.74,0,4.39,0.0,0.0
10.74,0,0.0,0.0,0.0
8.35,0,0.0,0.0,0.0
8.35,0,0.0,0.0,0.0
2.36,0,0.0,0.0,0.0
2.36,0,0.0,0.0,0.0
2.36,0,0.0,0.0,0.0
2.36,0,0.0,0.0,0.0
2.36,0,0.0,0.0,0.0
2.36,0,0.0,0.0,0.0
2.36,0,0.0,0.0,0.0
2.36,0,0.0,0.0,0.0
2.36,0,0.0,0.0,0.0
2.36,0,1.22,0.0,0.0
4.77,0,0.0,0.0,0.0
7.16,0,0.47,0.0,0.0
10.74,0,17.78,0.0,0.0
10.74,0,41.28,0.0,0.0
10.74,0,62.6,0.0,0.0
10.74,0,70.51,0.0,0.0
10.74,0,66.96,0.0,0.0
10.74,0,60.83,0.0,0.0
10.74,0,52.39,0.0,0.0
10.74,0,42.4,0.0,0.0
10.74,0,26.56,0.0,0.0
10.74,0,5.57,0.0,0.0
8.35,0,0.45,0.0,0.0
8.35,0,0.07,0.0,0.0
2.36,0,0.14,0.0,0.0
2.36,0,0.0,0.0,0.0
2.36,0,0.0,0.0,0.0
2.36,0,0.0,0.0,0.0
2.36,0,0.0,0.0,0.0
2.36,0,0.0,0.0,0.0
2.36,0,0.0,0.0,0.0
2.36,0,0.0,0.0,0.0
2.36,0,0.0,0.0,0.0
2.36,0,1.58,0.0,0.0
4.77,0,1.34,0.0,0.0
7.16,0,0.0,0.0,0.0
10.74,0,0.0,0.0,0.0
10.74,0,0.0,0.0,0.0
10.74,0,2.78,0.0,0.0
10.74,0,14.51,0.0,0.0
10.74,0,35.03,0.0,0.0
10.74,0,60.8,0.0,0.0
10.74,0,73.41,0.0,0.0
10.74,0,41.25,0.0,0.0
10.74,0,14.58,0.0,0.0
10.74,0,4.51,0.0,0.0
8.35,0,0.5,0.0,0.0
8.35,0,0.0,0.0,0.0
2.36,0,0.0,0.0,0.0
2.36,0,0.0,0.0,0.0
2.36,0,0.0,0.0,0.0
2.36,0,0.0,0.0,0.0
2.36,0,0.0,0.0,0.0
2.36,0,0.0,0.0,0.0
2.36,0,0.0,0.0,0.0
2.36,0,0.0,0.0,0.0
2.36,0,0.0,0.0,0.0
2.36,0,1.61,0.0,0.0
4.77,0,1.47,0.0,0.0
7.16,0,0.0,0.0,0.0
10.74,0,5.25,0.0,0.0
10.74,0,14.47,0.0,0.0
10.74,0,24.82,0.0,0.0
10.74,0,39.03,0.0,0.0
10.74,0,50.18,0.0,0.0
10.74,0,54.46,0.0,0.0
10.74,0,51.61,0.0,0.0
10.74,0,23.19,0.0,0.0
10.74,0,2.33,0.0,0.0
10.74,0,0.0,0.0,0.0
8.35,0,0.0,0.0,0.0
8.35,0,0.0,0.0,0.0
2.36,0,0.09,0.0,0.0
2.36,0,0.0,0.0,0.0
2.36,0,0.0,0.0,0.0
2.36,0,0.0,0.0,0.0
2.36,0,0.0,0.0,0.0
2.36,0,0.0,0.0,0.0
2.36,0,0.0,0.0,0.0
2.36,0,0.0,0.0,0.0
2.36,0,0.0,0.0,0.0
2.36,0,1.26,0.0,0.0
4.77,0,0.28,0.0,0.0
7.16,0,0.32,0.0,0.0
10.74,0,0.0,0.0,0.0
10.74,0,0.0,0.0,0.0
10.74,0,1.11,0.0,0.0
10.74,0,5.29,0.0,0.0
10.74,0,7.25,0.0,0.0
10.74,0,7.12,0.0,0.0
10.74,0,4.98,0.0,0.0
10.74,0,0.64,0.0,0.0
10.74,0,0.0,0.0,0.0
10.74,0,0.0,0.0,0.0
8.35,0,0.0,0.0,0.0
8.35,0,0.0,0.0,0.0
2.36,0,0.0,0.0,0.0
2.36,0,0.0,0.0,0.0
2.36,0,0.0,0.0,0.0
1.77,0,0.0,0.0,0.0
1.77,0,0.0,0.0,0.0
1.77,0,0.0,0.0,0.0
1.77,0,0.0,0.0,0.0
1.77,0,0.0,0.0,0.0
1.77,0,0.0,0.0,0.0
1.77,0,0.0,0.0,0.0
1.77,0,0.0,0.0,0.0
1.77,0,0.0,0.0,0.0
3.58,0,0.2,0.0,0.0
7.16,0,2.66,0.0,0.0
7.16,0,3.94,0.0,0.0
9.55,0,5.35,0.0,0.0
9.55,0,9.75,0.0,0.0
9.55,0,9.15,0.0,0.0
9.55,0,6.05,0.0,0.0
9.55,0,4.07,0.0,0.0
7.16,0,0.0,0.0,0.0
4.77,0,2.57,0.0,0.0
1.77,0,0.0,0.0,0.0
1.77,0,0.0,0.0,0.0
1.77,0,0.0,0.0,0.0
1.77,0,0.0,0.0,0.0
1.77,0,0.0,0.0,0.0
1.77,0,0.0,0.0,0.0
1.77,0,0.0,0.0,0.0
1.77,0,0.0,0.0,0.0
1.77,0,0.0,0.0,0.0
1.77,0,0.0,0.0,0.0
1.77,0,0.0,0.0,0.0
1.77,0,0.0,0.0,0.0
1.77,0,0.45,0.0,0.0
1.77,0,0.19,0.0,0.0
3.58,0,16.88,0.0,0.0
7.16,0,23.89,0.0,0.0
7.16,0,24.73,0.0,0.0
9.55,0,37.76,0.0,0.0
9.55,0,41.38,0.0,0.0
9.55,0,48.71,0.0,0.0
9.55,0,51.6,0.0,0.0
9.55,0,47.47,0.0,0.0
7.16,0,28.51,0.0,0.0
4.77,0,15.82,0.0,0.0
1.77,0,0.0,0.0,0.0
1.77,0,0.0,0.0,0.0
1.77,0,0.0,0.0,0.0
1.77,0,0.0,0.0,0.0
1.77,0,0.0,0.0,0.0
2.36,0,0.0,0.0,0.0
2.36,0,0.0,0.0,0.0
2.36,0,0.0,0.0,0.0
2.36,0,0.0,0.0,0.0
2.36,0,0.0,0.0,0.0
2.36,0,0.0,0.0,0.0
2.36,0,2.63,0.0,0.0
4.77,0,12.05,0.0,0.0
7.16,0,22.15,0.0,0.0
10.74,0,77.05,0.0,0.0
10.74,0,93.53,0.0,0.0
10.74,0,107.48,0.0,0.0
10.74,0,108.92,0.0,0.0
10.74,0,107.87,0.0,0.0
10.74,0,109.52,0.0,0.0
10.74,0,114.23,0.0,0.0
10.74,0,102.71,0.0,0.0
10.74,0,87.94,0.0,0.0
10.74,0,78.02,0.0,0.0
8.35,0,63.01,0.0,0.0
8.35,0,62.23,0.0,0.0
2.36,0,1.36,0.0,0.0
2.36,0,2.55,0.0,0.0
2.36,0,0.86,0.0,0.0
2.36,0,0.75,0.0,0.0
2.36,0,0.0,0.0,0.0
2.36,0,0.0,0.0,0.0
2.36,0,0.0,0.0,0.0
2.36,0,0.0,0.0,0.0
2.36,0,0.0,0.0,0.0
2.36,0,3.8,0.0,0.0
4.77,0,17.66,0.0,0.0
7.16,0,4.27,0.0,0.0
10.74,0,15.03,0.0,0.0
10.74,0,9.16,0.0,0.0
10.74,0,7.75,0.0,0.0
10.74,0,9.92,0.0,0.0
10.74,0,11.49,0.0,0.0
10.74,0,10.99,0.0,0.0
10.74,0,9.09,0.0,0.0
10.74,0,4.54,0.0,0.0
10.74,0,3.28,0.0,0.0
10.74,0,0.0,0.0,0.0
8.35,0,0.0,0.0,0.0
8.35,0,0.0,0.0,0.0
2.36,0,0.0,0.0,0.0
2.36,0,0.0,0.0,0.0
2.36,0,0.0,0.0,0.0
2.36,0,0.0,0.0,0.0
2.36,0,0.0,0.0,0.0
2.36,0,0.0,0.0,0.0
2.36,0,0.0,0.0,0.0
2.36,0,0.0,0.0,0.0
2.36,0,0.17,0.0,0.0
2.36,0,0.72,0.0,0.0
4.77,0,0.0,0.0,0.0
7.16,0,0.0,0.0,0.0
10.74,0,0.0,0.0,0.0
10.74,0,0.0,0.0,0.0
10.74,0,0.22,0.0,0.0
10.74,0,2.02,0.0,0.0
10.74,0,3.91,0.0,0.0
10.74,0,3.53,0.0,0.0
10.74,0,1.88,0.0,0.0
10.74,0,0.19,0.0,0.0
10.74,0,0.0,0.0,0.0
10.74,0,0.0,0.0,0.0
8.35,0,0.0,0.0,0.0
8.35,0,0.0,0.0,0.0
2.36,0,0.0,0.0,0.0
2.36,0,0.0,0.0,0.0
2.36,0,0.0,0.0,0.0
2.36,0,0.0,0.0,0.0
2.36,0,0.0,0.0,0.0
2.36,0,0.0,0.0,0.0
2.36,0,0.0,0.0,0.0
2.36,0,0.0,0.0,0.0
2.36,0,0.5,0.0,0.0
2.36,0,0.0,0.0,0.0
4.77,0,0.1,0.0,0.0
7.16,0,0.0,0.0,0.0
10.74,0,3.08,0.0,0.0
10.74,0,3.09,0.0,0.0
10.74,0,4.51,0.0,0.0
10.74,0,6.82,0.0,0.0
10.74,0,6.2,0.0,0.0
10.74,0,4.69,0.0,0.0
10.74,0,3.22,0.0,0.0
10.74,0,3.15,0.0,0.0
10.74,0,3.08,0.0,0.0
10.74,0,0.0,0.0,0.0
8.35,0,0.0,0.0,0.0
8.35,0,0.0,0.0,0.0
2.36,0,0.0,0.0,0.0
2.36,0,0.0,0.0,0.0
2.36,0,0.0,0.0,0.0
2.36,0,0.0,0.0,0.0
2.36,0,0.0,0.0,0.0
2.36,0,0.0,0.0,0.0
2.36,0,0.0,0.0,0.0
2.36,0,0.0,0.0,0.0
2.36,0,0.12,0.0,0.0
2.36,0,0.9,0.0,0.0
4.77,0,0.09,0.0,0.0
7.16,0,0.14,0.0,0.0
10.74,0,1.24,0.0,0.0
10.74,0,2.22,0.0,0.0
10.74,0,3.1,0.0,0.0
10.74,0,3.19,0.0,0.0
10.74,0,3.28,0.0,0.0
10.74,0,3.43,0.0,0.0
10.74,0,3.54,0.0,0.0
10.74,0,3.6,0.0,0.0
10.74,0,3.58,0.0,0.0
10.74,0,0.0,0.0,0.0
8.35,0,0.0,0.0,0.0
8.35,0,0.0,0.0,0.0
2.36,0,0.0,0.0,0.0
2.36,0,0.0,0.0,0.0
2.36,0,0.0,0.0,0.0
1.77,0,0.0,0.0,0.0
1.77,0,0.0,0.0,0.0
1.77,0,0.0,0.0,0.0
1.77,0,0.0,0.0,0.0
1.77,0,0.0,0.0,0.0
1.77,0,0.0,0.0,0.0
1.77,0,1.41,0.0,0.0
3.58,0,0.75,0.0,0.0
5.97,0,0.0,0.0,0.0
9.55,0,4.47,0.0,0.0
10.74,0,4.6,0.0,0.0
10.74,0,5.02,0.0,0.0
10.74,0,5.17,0.0,0.0
10.74,0,4.89,0.0,0.0
10.74,0,4.7,0.0,0.0
10.74,0,4.64,0.0,0.0
10.74,0,4.55,0.0,0.0
10.74,0,4.43,0.0,0.0
8.35,0,0.0,0.0,0.0
5.97,0,3.1,0.0,0.0
5.97,0,0.0,0.0,0.0
3.58,0,2.76,0.0,0.0
1.77,0,0.0,0.0,0.0
1.77,0,0.0,0.0,0.0
1.77,0,0.0,0.0,0.0
1.77,0,0.0,0.0,0.0
1.77,0,0.0,0.0,0.0
1.77,0,0.0,0.0,0.0
1.77,0,0.0,0.0,0.0
1.77,0,0.0,0.0,0.0
1.77,0,0.0,0.0,0.0
1.77,0,0.56,0.0,0.0
1.77,0,0.0,0.0,0.0
3.58,0,0.0,0.0,0.0
7.16,0,0.62,0.0,0.0
7.16,0,1.03,0.0,0.0
9.55,0,4.77,0.0,0.0
9.55,0,4.68,0.0,0.0
9.55,0,4.72,0.0,0.0
9.55,0,4.83,0.0,0.0
9.55,0,5.0,0.0,0.0
7.16,0,5.16,0.0,0.0
4.77,0,5.04,0.0,0.0
1.77,0,0.0,0.0,0.0
1.77,0,0.0,0.0,0.0
1.77,0,0.0,0.0,0.0
1.77,0,0.0,0.0,0.0
1.77,0,0.0,0.0,0.0
2.36,0,0.0,0.0,0.0
2.36,0,0.0,0.0,0.0
2.36,0,0.0,0.0,0.0
2.36,0,0.0,0.0,0.0
2.36,0,0.0,0.0,0.0
2.36,0,0.87,0.0,0.0
2.36,0,1.36,0.0,0.0
4.77,0,0.0,0.0,0.0
7.16,0,0.0,0.0,0.0
10.74,0,0.5,0.0,0.0
10.74,0,4.16,0.0,0.0
10.74,0,4.09,0.0,0.0
10.74,0,0.46,0.0,0.0
10.74,0,0.48,0.0,0.0
10.74,0,0.48,0.0,0.0
10.74,0,0.49,0.0,0.0
10.74,0,0.49,0.0,0.0
10.74,0,0.5,0.0,0.0
10.74,0,0.0,0.0,0.0
8.35,0,0.0,0.0,0.0
8.35,0,0.0,0.0,0.0
2.36,0,0.0,0.0,0.0
2.36,0,0.0,0.0,0.0
2.36,0,0.0,0.0,0.0
2.36,0,0.0,0.0,0.0
2.36,0,0.0,0.0,0.0
2.36,0,0.0,0.0,0.0
2.36,0,0.0,0.0,0.0
2.36,0,0.0,0.0,0.0
2.36,0,0.35,0.0,0.0
2.36,0,1.29,0.0,0.0
4.77,0,0.13,0.0,0.0
7.16,0,0.24,0.0,0.0
10.74,0,4.19,0.0,0.0
10.74,0,4.2,0.0,0.0
10.74,0,4.33,0.0,0.0
10.74,0,4.36,0.0,0.0
10.74,0,4.38,0.0,0.0
10.74,0,4.75,0.0,0.0
10.74,0,4.77,0.0,0.0
10.74,0,4.67,0.0,0.0
10.74,0,4.65,0.0,0.0
10.74,0,0.0,0.0,0.0
8.35,0,0.0,0.0,0.0
8.35,0,0.0,0.0,0.0
2.36,0,0.0,0.0,0.0
2.36,0,0.0,0.0,0.0
2.36,0,0.0,0.0,0.0
2.36,0,0.0,0.0,0.0
2.36,0,0.0,0.0,0.0
2.36,0,0.0,0.0,0.0
2.36,0,0.0,0.0,0.0
2.36,0,0.0,0.0,0.0
2.36,0,0.36,0.0,0.0
2.36,0,1.21,0.0,0.0
4.77,0,0.0,0.0,0.0
7.16,0,0.0,0.0,0.0
10.74,0,0.72,0.0,0.0
10.74,0,0.8,0.0,0.0
10.74,0,0.77,0.0,0.0
10.74,0,0.0,0.0,0.0
10.74,0,0.0,0.0,0.0
10.74,0,0.0,0.0,0.0
10.74,0,0.0,0.0,0.0
10.74,0,0.0,0.0,0.0
10.74,0,0.0,0.0,0.0
10.74,0,0.0,0.0,0.0
8.35,0,0.0,0.0,0.0
8.35,0,0.0,0.0,0.0
2.36,0,0.0,0.0,0.0
2.36,0,0.0,0.0,0.0
2.36,0,0.0,0.0,0.0
2.36,0,0.0,0.0,0.0
2.36,0,0.0,0.0,0.0
2.36,0,0.0,0.0,0.0
2.36,0,0.0,0.0,0.0
2.36,0,0.0,0.0,0.0
2.36,0,0.27,0.0,0.0
2.36,0,0.59,0.0,0.0
4.77,0,0.0,0.0,0.0
7.16,0,0.0,0.0,0.0
10.74,0,0.19,0.0,0.0
10.74,0,0.28,0.0,0.0
10.74,0,0.28,0.0,0.0
10.74,0,0.17,0.0,0.0
10.74,0,1.12,0.0,0.0
10.74,0,2.76,0.0,0.0
10.74,0,2.76,0.0,0.0
10.74,0,2.76,0.0,0.0
10.74,0,0.33,0.0,0.0
10.74,0,0.0,0.0,0.0
8.35,0,0.0,0.0,0.0
8.35,0,0.0,0.0,0.0
2.36,0,0.0,0.0,0.0
2.36,0,0.0,0.0,0.0
2.36,0,0.0,0.0,0.0
2.36,0,0.0,0.0,0.0
2.36,0,0.0,0.0,0.0
2.36,0,0.0,0.0,0.0
2.36,0,0.0,0.0,0.0
2.36,0,0.0,0.0,0.0
2.36,0,0.29,0.0,0.0
2.36,0,0.6,0.0,0.0
4.77,0,0.46,0.0,0.0
7.16,0,0.0,0.0,0.0
10.74,0,0.0,0.0,0.0
10.74,0,0.0,0.0,0.0
10.74,0,0.17,0.0,0.0
10.74,0,0.0,0.0,0.0
10.74,0,0.0,0.0,0.0
10.74,0,0.0,0.0,0.0
10.74,0,0.0,0.0,0.0
10.74,0,0.0,0.0,0.0
10.74,0,3.55,0.0,0.0
10.74,0,0.0,0.0,0.0
8.35,0,0.0,0.0,0.0
8.35,0,0.0,0.0,0.0
2.36,0,0.0,0.0,0.0
2.36,0,0.0,0.0,0.0
2.36,0,0.0,0.0,0.0
1.77,0,0.0,0.0,0.0
1.77,0,0.0,0.0,0.0
1.77,0,0.0,0.0,0.0
1.77,0,0.0,0.0,0.0
1.77,0,0.0,0.0,0.0
1.77,0,0.29,0.0,0.0
1.77,0,0.6,0.0,0.0
3.58,0,0.48,0.0,0.0
5.97,0,0.0,0.0,0.0
9.55,0,0.54,0.0,0.0
10.74,0,1.15,0.0,0.0
10.74,0,9.2,0.0,0.0
10.74,0,10.5,0.0,0.0
10.74,0,11.59,0.0,0.0
10.74,0,11.25,0.0,0.0
10.74,0,8.66,0.0,0.0
10.74,0,3.2,0.0,0.0
10.74,0,0.4,0.0,0.0
8.35,0,0.0,0.0,0.0
5.97,0,6.56,0.0,0.0
5.97,0,0.0,0.0,0.0
3.58,0,6.45,0.0,0.0
1.77,0,0.0,0.0,0.0
1.77,0,0.0,0.0,0.0
1.77,0,0.0,0.0,0.0
1.77,0,0.0,0.0,0.0
1.77,0,0.0,0.0,0.0
1.77,0,0.0,0.0,0.0
1.77,0,0.0,0.0,0.0
1.77,0,0.0,0.0,0.0
1.77,0,0.0,0.0,0.0
1.77,0,0.44,0.0,0.0
1.77,0,1.03,0.0,0.0
3.58,0,20.89,0.0,0.0
7.16,0,28.0,0.0,0.0
7.16,0,36.79,0.0,0.0
9.55,0,57.99,0.0,0.0
9.55,0,65.22,0.0,0.0
9.55,0,64.84,0.0,0.0
9.55,0,61.64,0.0,0.0
9.55,0,53.31,0.0,0.0
7.16,0,29.67,0.0,0.0
4.77,0,11.67,0.0,0.0
1.77,0,0.82,0.0,0.0
1.77,0,0.81,0.0,0.0
1.77,0,0.0,0.0,0.0
1.77,0,0.0,0.0,0.0
1.77,0,0.0,0.0,0.0
2.36,0,0.0,0.0,0.0
2.36,0,0.0,0.0,0.0
2.36,0,0.0,0.0,0.0
2.36,0,0.0,0.0,0.0
2.36,0,0.0,0.0,0.0
2.36,0,0.0,0.0,0.0
2.36,0,1.86,0.0,0.0
4.77,0,7.46,0.0,0.0
7.16,0,15.99,0.0,0.0
10.74,0,39.37,0.0,0.0
10.74,0,62.19,0.0,0.0
10.74,0,83.78,0.0,0.0
10.74,0,98.43,0.0,0.0
10.74,0,99.31,0.0,0.0
10.74,0,90.38,0.0,0.0
10.74,0,85.84,0.0,0.0
10.74,0,59.84,0.0,0.0
10.74,0,33.34,0.0,0.0
10.74,0,27.95,0.0,0.0
8.35,0,20.21,0.0,0.0
8.35,0,17.89,0.0,0.0
2.36,0,0.0,0.0,0.0
2.36,0,0.0,0.0,0.0
2.36,0,0.0,0.0,0.0
2.36,0,0.0,0.0,0.0
2.36,0,0.0,0.0,0.0
2.36,0,0.0,0.0,0.0
2.36,0,0.0,0.0,0.0
2.36,0,0.0,0.0,0.0
2.36,0,0.0,0.0,0.0
2.36,0,1.72,0.0,0.0
4.77,0,4.3,0.0,0.0
7.16,0,0.0,0.0,0.0
10.74,0,0.0,0.0,0.0
10.74,0,0.0,0.0,0.0
10.74,0,0.0,0.0,0.0
10.74,0,0.0,0.0,0.0
10.74,0,0.0,0.0,0.0
10.74,0,0.0,0.0,0.0
10.74,0,0.0,0.0,0.0
10.74,0,0.0,0.0,0.0
10.74,0,0.0,0.0,0.0
10.74,0,0.0,0.0,0.0
8.35,0,0.0,0.0,0.0
8.35,0,0.0,0.0,0.0
2.36,0,0.0,0.0,0.0
2.36,0,0.0,0.0,0.0
2.36,0,0.0,0.0,0.0
2.36,0,0.0,0.0,0.0
2.36,0,0.0,0.0,0.0
2.36,0,0.0,0.0,0.0
2.36,0,0.0,0.0,0.0
2.36,0,0.0,0.0,0.0
2.36,0,0.53,0.0,0.0
2.36,0,0.0,0.0,0.0
4.77,0,0.0,0.0,0.0
7.16,0,0.12,0.0,0.0
10.74,0,0.21,0.0,0.0
10.74,0,0.39,0.0,0.0
10.74,0,3.15,0.0,0.0
10.74,0,0.0,0.0,0.0
10.74,0,0.0,0.0,0.0
10.74,0,0.0,0.0,0.0
10.74,0,0.0,0.0,0.0
10.74,0,0.0,0.0,0.0
10.74,0,0.0,0.0,0.0
10.74,0,0.0,0.0,0.0
8.35,0,0.0,0.0,0.0
8.35,0,0.0,0.0,0.0
2.36,0,0.0,0.0,0.0
2.36,0,0.0,0.0,0.0
2.36,0,0.0,0.0,0.0
2.36,0,0.0,0.0,0.0
2.36,0,0.0,0.0,0.0
2.36,0,0.0,0.0,0.0
2.36,0,0.0,0.0,0.0
2.36,0,0.0,0.0,0.0
2.36,0,0.36,0.0,0.0
2.36,0,0.0,0.0,0.0
4.77,0,0.47,0.0,0.0
7.16,0,0.0,0.0,0.0
10.74,0,0.88,0.0,0.0
10.74,0,1.13,0.0,0.0
10.74,0,4.22,0.0,0.0
10.74,0,4.04,0.0,0.0
10.74,0,5.22,0.0,0.0
10.74,0,8.26,0.0,0.0
10.74,0,12.02,0.0,0.0
10.74,0,10.31,0.0,0.0
10.74,0,5.95,0.0,0.0
10.74,0,0.52,0.0,0.0
8.35,0,0.51,0.0,0.0
8.35,0,0.0,0.0,0.0
2.36,0,0.0,0.0,0.0
2.36,0,0.0,0.0,0.0
2.36,0,0.0,0.0,0.0
2.36,0,0.0,0.0,0.0
2.36,0,0.0,0.0,0.0
2.36,0,0.0,0.0,0.0
2.36,0,0.0,0.0,0.0
2.36,0,0.0,0.0,0.0
2.36,0,0.0,0.0,0.0
2.36,0,2.3,0.0,0.0
4.77,0,2.17,0.0,0.0
7.16,0,12.18,0.0,0.0
10.74,0,46.78,0.0,0.0
10.74,0,68.24,0.0,0.0
10.74,0,83.25,0.0,0.0
10.74,0,92.57,0.0,0.0
10.74,0,97.13,0.0,0.0
10.74,0,95.32,0.0,0.0
10.74,0,99.78,0.0,0.0
10.74,0,92.19,0.0,0.0
10.74,0,77.85,0.0,0.0
10.74,0,66.66,0.0,0.0
8.35,0,50.14,0.0,0.0
8.35,0,46.57,0.0,0.0
2.36,0,0.88,0.0,0.0
2.36,0,0.83,0.0,0.0
2.36,0,0.0,0.0,0.0
1.77,0,0.0,0.0,0.0
1.77,0,0.0,0.0,0.0
1.77,0,0.0,0.0,0.0
1.77,0,0.0,0.0,0.0
1.77,0,0.0,0.0,0.0
1.77,0,0.0,0.0,0.0
1.77,0,2.12,0.0,0.0
3.58,0,7.94,0.0,0.0
5.97,0,0.0,0.0,0.0
9.55,0,0.84,0.0,0.0
10.74,0,0.87,0.0,0.0
10.74,0,0.83,0.0,0.0
10.74,0,0.0,0.0,0.0
10.74,0,4.73,0.0,0.0
10.74,0,1.05,0.0,0.0
10.74,0,0.0,0.0,0.0
10.74,0,0.0,0.0,0.0
10.74,0,0.0,0.0,0.0
8.35,0,0.0,0.0,0.0
5.97,0,0.0,0.0,0.0
5.97,0,0.0,0.0,0.0
3.58,0,0.0,0.0,0.0
1.77,0,0.0,0.0,0.0
1.77,0,0.0,0.0,0.0
1.77,0,0.0,0.0,0.0
1.77,0,0.0,0.0,0.0
1.77,0,0.0,0.0,0.0
1.77,0,0.0,0.0,0.0
1.77,0,0.0,0.0,0.0
1.77,0,0.0,0.0,0.0
1.77,0,0.0,0.0,0.0
1.77,0,0.32,0.0,0.0
1.77,0,0.0,0.0,0.0
3.58,0,0.26,0.0,0.0
7.16,0,0.0,0.0,0.0
7.16,0,0.0,0.0,0.0
9.55,0,0.19,0.0,0.0
9.55,0,0.28,0.0,0.0
9.55,0,0.28,0.0,0.0
9.55,0,0.28,0.0,0.0
9.55,0,0.28,0.0,0.0
7.16,0,0.0,0.0,0.0
4.77,0,0.0,0.0,0.0
1.77,0,0.0,0.0,0.0
1.77,0,0.0,0.0,0.0
1.77,0,0.0,0.0,0.0
1.77,0,0.0,0.0,0.0
1.77,0,0.0,0.0,0.0
2.36,0,0.0,0.0,0.0
2.36,0,0.0,0.0,0.0
2.36,0,0.0,0.0,0.0
2.36,0,0.0,0.0,0.0
2.36,0,0.0,0.0,0.0
2.36,0,0.3,0.0,0.0
2.36,0,0.61,0.0,0.0
4.77,0,0.0,0.0,0.0
7.16,0,0.0,0.0,0.0
10.74,0,0.28,0.0,0.0
10.74,0,0.29,0.0,0.0
10.74,0,0.29,0.0,0.0
10.74,0,0.18,0.0,0.0
10.74,0,1.24,0.0,0.0
10.74,0,3.06,0.0,0.0
10.74,0,3.07,0.0,0.0
10.74,0,3.09,0.0,0.0
10.74,0,0.0,0.0,0.0
10.74,0,0.0,0.0,0.0
8.35,0,0.0,0.0,0.0
8.35,0,0.0,0.0,0.0
2.36,0,0.0,0.0,0.0
2.36,0,0.0,0.0,0.0
2.36,0,0.0,0.0,0.0
2.36,0,0.0,0.0,0.0
2.36,0,0.0,0.0,0.0
2.36,0,0.0,0.0,0.0
2.36,0,0.0,0.0,0.0
2.36,0,0.0,0.0,0.0
2.36,0,0.39,0.0,0.0
2.36,0,0.0,0.0,0.0
4.77,0,0.59,0.0,0.0
7.16,0,0.12,0.0,0.0
10.74,0,1.86,0.0,0.0
10.74,0,1.55,0.0,0.0
10.74,0,3.93,0.0,0.0
10.74,0,0.41,0.0,0.0
10.74,0,0.45,0.0,0.0
10.74,0,0.45,0.0,0.0
10.74,0,0.47,0.0,0.0
10.74,0,0.48,0.0,0.0
10.74,0,0.49,0.0,0.0
10.74,0,3.41,0.0,0.0
8.35,0,3.42,0.0,0.0
8.35,0,0.0,0.0,0.0
2.36,0,0.0,0.0,0.0
2.36,0,0.0,0.0,0.0
2.36,0,0.0,0.0,0.0
2.36,0,0.0,0.0,0.0
2.36,0,0.0,0.0,0.0
2.36,0,0.0,0.0,0.0
2.36,0,0.0,0.0,0.0
2.36,0,0.0,0.0,0.0
2.36,0,0.64,0.0,0.0
2.36,0,1.01,0.0,0.0
4.77,0,0.0,0.0,0.0
7.16,0,0.57,0.0,0.0
10.74,0,2.67,0.0,0.0
10.74,0,1.82,0.0,0.0
10.74,0,4.0,0.0,0.0
10.74,0,8.56,0.0,0.0
10.74,0,11.12,0.0,0.0
10.74,0,15.13,0.0,0.0
10.74,0,9.06,0.0,0.0
10.74,0,4.22,0.0,0.0
10.74,0,6.09,0.0,0.0
10.74,0,0.0,0.0,0.0
8.35,0,0.0,0.0,0.0
8.35,0,0.0,0.0,0.0
2.36,0,0.0,0.0,0.0
2.36,0,0.0,0.0,0.0
2.36,0,0.0,0.0,0.0
2.36,0,0.0,0.0,0.0
2.36,0,0.0,0.0,0.0
2.36,0,0.0,0.0,0.0
2.36,0,0.0,0.0,0.0
2.36,0,0.0,0.0,0.0
2.36,0,0.23,0.0,0.0
2.36,0,1.56,0.0,0.0
4.77,0,3.56,0.0,0.0
7.16,0,1.43,0.0,0.0
10.74,0,0.0,0.0,0.0
10.74,0,0.23,0.0,0.0
10.74,0,8.57,0.0,0.0
10.74,0,29.68,0.0,0.0
10.74,0,49.23,0.0,0.0
10.74,0,50.83,0.0,0.0
10.74,0,47.0,0.0,0.0
10.74,0,22.86,0.0,0.0
10.74,0,14.31,0.0,0.0
10.74,0,4.64,0.0,0.0
8.35,0,1.39,0.0,0.0
8.35,0,0.0,0.0,0.0
2.36,0,0.0,0.0,0.0
2.36,0,0.0,0.0,0.0
2.36,0,0.0,0.0,0.0
2.36,0,0.0,0.0,0.0
2.36,0,0.0,0.0,0.0
2.36,0,0.0,0.0,0.0
2.36,0,0.0,0.0,0.0
2.36,0,0.0,0.0,0.0
2.36,0,0.0,0.0,0.0
2.36,0,1.71,0.0,0.0
4.77,0,2.26,0.0,0.0
7.16,0,0.5,0.0,0.0
10.74,0,23.02,0.0,0.0
10.74,0,52.7,0.0,0.0
10.74,0,67.86,0.0,0.0
10.74,0,81.16,0.0,0.0
10.74,0,91.09,0.0,0.0
10.74,0,92.17,0.0,0.0
10.74,0,89.97,0.0,0.0
10.74,0,79.94,0.0,0.0
10.74,0,64.85,0.0,0.0
10.74,0,52.39,0.0,0.0
8.35,0,34.65,0.0,0.0
8.35,0,22.51,0.0,0.0
2.36,0,0.84,0.0,0.0
2.36,0,0.13,0.0,0.0
2.36,0,0.0,0.0,0.0
1.77,0,0.0,0.0,0.0
1.77,0,0.0,0.0,0.0
1.77,0,0.0,0.0,0.0
1.77,0,0.0,0.0,0.0
1.77,0,0.0,0.0,0.0
1.77,0,0.0,0.0,0.0
1.77,0,0.0,0.0,0.0
1.77,0,0.0,0.0,0.0
1.77,0,0.0,0.0,0.0
3.58,0,2.54,0.0,0.0
7.16,0,20.95,0.0,0.0
7.16,0,32.69,0.0,0.0
9.55,0,55.13,0.0,0.0
9.55,0,60.65,0.0,0.0
9.55,0,57.05,0.0,0.0
9.55,0,57.31,0.0,0.0
9.55,0,53.79,0.0,0.0
7.16,0,33.03,0.0,0.0
4.77,0,15.03,0.0,0.0
1.77,0,0.0,0.0,0.0
1.77,0,0.0,0.0,0.0
1.77,0,0.0,0.0,0.0
1.77,0,0.0,0.0,0.0
1.77,0,0.0,0.0,0.0
1.77,0,0.0,0.0,0.0
1.77,0,0.0,0.0,0.0
1.77,0,0.0,0.0,0.0
1.77,0,0.0,0.0,0.0
1.77,0,0.0,0.0,0.0
1.77,0,0.0,0.0,0.0
1.77,0,0.0,0.0,0.0
1.77,0,0.0,0.0,0.0
1.77,0,2.11,0.0,0.0
3.58,0,19.31,0.0,0.0
7.16,0,24.69,0.0,0.0
7.16,0,33.29,0.0,0.0
9.55,0,48.68,0.0,0.0
9.55,0,63.48,0.0,0.0
9.55,0,72.86,0.0,0.0
9.55,0,75.44,0.0,0.0
9.55,0,68.13,0.0,0.0
7.16,0,44.35,0.0,0.0
4.77,0,27.76,0.0,0.0
1.77,0,0.97,0.0,0.0
1.77,0,0.79,0.0,0.0
1.77,0,0.0,0.0,0.0
1.77,0,0.0,0.0,0.0
1.77,0,0.0,0.0,0.0
2.36,0,0.0,0.0,0.0
2.36,0,0.0,0.0,0.0
2.36,0,0.0,0.0,0.0
2.36,0,0.0,0.0,0.0
2.36,0,0.0,0.0,0.0
2.36,0,0.0,0.0,0.0
2.36,0,1.97,0.0,0.0
4.77,0,0.34,0.0,0.0
7.16,0,3.11,0.0,0.0
10.74,0,21.85,0.0,0.0
10.74,0,29.38,0.0,0.0
10.74,0,72.78,0.0,0.0
10.74,0,97.4,0.0,0.0
10.74,0,99.67,0.0,0.0
10.74,0,101.78,0.0,0.0
10.74,0,101.9,0.0,0.0
10.74,0,89.85,0.0,0.0
10.74,0,73.79,0.0,0.0
10.74,0,62.17,0.0,0.0
8.35,0,46.35,0.0,0.0
8.35,0,44.3,0.0,0.0
2.36,0,1.24,0.0,0.0
2.36,0,2.33,0.0,0.0
2.36,0,0.75,0.0,0.0
2.36,0,0.11,0.0,0.0
2.36,0,0.53,0.0,0.0
2.36,0,0.0,0.0,0.0
2.36,0,0.0,0.0,0.0
2.36,0,0.0,0.0,0.0
2.36,0,0.0,0.0,0.0
2.36,0,2.59,0.0,0.0
4.77,0,6.87,0.0,0.0
7.16,0,20.4,0.0,0.0
10.74,0,66.36,0.0,0.0
10.74,0,77.78,0.0,0.0
10.74,0,93.72,0.0,0.0
10.74,0,94.41,0.0,0.0
10.74,0,95.72,0.0,0.0
10.74,0,100.91,0.0,0.0
10.74,0,101.48,0.0,0.0
10.74,0,90.0,0.0,0.0
10.74,0,77.28,0.0,0.0
10.74,0,67.54,0.0,0.0
8.35,0,50.33,0.0,0.0
8.35,0,43.38,0.0,0.0
2.36,0,1.12,0.0,0.0
2.36,0,2.72,0.0,0.0
2.36,0,0.77,0.0,0.0
2.36,0,0.11,0.0,0.0
2.36,0,0.55,0.0,0.0
2.36,0,0.0,0.0,0.0
2.36,0,0.0,0.0,0.0
2.36,0,0.0,0.0,0.0
2.36,0,0.0,0.0,0.0
2.36,0,2.78,0.0,0.0
4.77,0,7.62,0.0,0.0
7.16,0,4.97,0.0,0.0
10.74,0,6.76,0.0,0.0
10.74,0,7.98,0.0,0.0
10.74,0,9.49,0.0,0.0
10.74,0,5.73,0.0,0.0
10.74,0,3.48,0.0,0.0
10.74,0,2.27,0.0,0.0
10.74,0,0.73,0.0,0.0
10.74,0,0.28,0.0,0.0
10.74,0,0.28,0.0,0.0
10.74,0,0.0,0.0,0.0
8.35,0,0.0,0.0,0.0
8.35,0,3.54,0.0,0.0
2.36,0,0.0,0.0,0.0
2.36,0,0.0,0.0,0.0
2.36,0,0.0,0.0,0.0
2.36,0,0.0,0.0,0.0
2.36,0,0.0,0.0,0.0
2.36,0,0.0,0.0,0.0
2.36,0,0.0,0.0,0.0
2.36,0,0.0,0.0,0.0
2.36,0,0.27,0.0,0.0
2.36,0,0.69,0.0,0.0
4.77,0,0.0,0.0,0.0
7.16,0,0.0,0.0,0.0
10.74,0,0.33,0.0,0.0
10.74,0,1.14,0.0,0.0
10.74,0,2.76,0.0,0.0
10.74,0,0.0,0.0,0.0
10.74,0,0.0,0.0,0.0
10.74,0,0.0,0.0,0.0
10.74,0,0.0,0.0,0.0
10.74,0,0.0,0.0,0.0
10.74,0,0.0,0.0,0.0
10.74,0,0.0,0.0,0.0
8.35,0,2.82,0.0,0.0
8.35,0,0.0,0.0,0.0
2.36,0,0.0,0.0,0.0
2.36,0,0.0,0.0,0.0
2.36,0,0.0,0.0,0.0
2.36,0,0.0,0.0,0.0
2.36,0,0.0,0.0,0.0
2.36,0,0.0,0.0,0.0
2.36,0,0.0,0.0,0.0
2.36,0,0.0,0.0,0.0
2.36,0,0.49,0.0,0.0
2.36,0,0.66,0.0,0.0
4.77,0,0.0,0.0,0.0
7.16,0,0.12,0.0,0.0
10.74,0,0.0,0.0,0.0
10.74,0,0.0,0.0,0.0
10.74,0,0.6,0.0,0.0
10.74,0,3.52,0.0,0.0
10.74,0,4.8,0.0,0.0
10.74,0,4.82,0.0,0.0
10.74,0,4.61,0.0,0.0
10.74,0,2.54,0.0,0.0
10.74,0,0.4,0.0,0.0
10.74,0,0.56,0.0,0.0
8.35,0,0.61,0.0,0.0
8.35,0,0.0,0.0,0.0
2.36,0,0.0,0.0,0.0
2.36,0,0.0,0.0,0.0
2.36,0,0.0,0.0,0.0
1.77,0,0.0,0.0,0.0
1.77,0,0.0,0.0,0.0
1.77,0,0.0,0.0,0.0
1.77,0,0.0,0.0,0.0
1.77,0,0.0,0.0,0.0
1.77,0,0.0,0.0,0.0
1.77,0,0.0,0.0,0.0
1.77,0,0.0,0.0,0.0
1.77,0,3.04,0.0,0.0
3.58,0,8.37,0.0,0.0
7.16,0,8.2,0.0,0.0
7.16,0,9.42,0.0,0.0
9.55,0,21.36,0.0,0.0
9.55,0,24.74,0.0,0.0
9.55,0,2.16,0.0,0.0
9.55,0,0.0,0.0,0.0
9.55,0,6.39,0.0,0.0
7.16,0,0.0,0.0,0.0
4.77,0,2.79,0.0,0.0
1.77,0,0.0,0.0,0.0
1.77,0,0.0,0.0,0.0
1.77,0,0.0,0.0,0.0
1.77,0,0.0,0.0,0.0
1.77,0,0.0,0.0,0.0
2.36,0,0.0,0.0,0.0
2.36,0,0.0,0.0,0.0
2.36,0,0.0,0.0,0.0
2.36,0,0.0,0.0,0.0
2.36,0,0.0,0.0,0.0
2.36,0,0.0,0.0,0.0
2.36,0,2.55,0.0,0.0
4.77,0,9.47,0.0,0.0
7.16,0,10.64,0.0,0.0
10.74,0,23.76,0.0,0.0
10.74,0,43.03,0.0,0.0
10.74,0,69.64,0.0,0.0
10.74,0,80.11,0.0,0.0
10.74,0,86.84,0.0,0.0
10.74,0,86.06,0.0,0.0
10.74,0,44.81,0.0,0.0
10.74,0,0.52,0.0,0.0
10.74,0,0.63,0.0,0.0
10.74,0,0.56,0.0,0.0
8.35,0,0.65,0.0,0.0
8.35,0,0.0,0.0,0.0
2.36,0,0.0,0.0,0.0
2.36,0,0.0,0.0,0.0
2.36,0,0.0,0.0,0.0
2.36,0,0.0,0.0,0.0
2.36,0,0.0,0.0,0.0
2.36,0,0.0,0.0,0.0
2.36,0,0.0,0.0,0.0
2.36,0,0.0,0.0,0.0
2.36,0,0.0,0.0,0.0
2.36,0,2.39,0.0,0.0
4.77,0,0.8,0.0,0.0
7.16,0,0.46,0.0,0.0
10.74,0,0.0,0.0,0.0
10.74,0,0.15,0.0,0.0
10.74,0,5.14,0.0,0.0
10.74,0,17.52,0.0,0.0
10.74,0,36.35,0.0,0.0
10.74,0,45.04,0.0,0.0
10.74,0,36.57,0.0,0.0
10.74,0,10.96,0.0,0.0
10.74,0,1.45,0.0,0.0
10.74,0,0.27,0.0,0.0
8.35,0,0.39,0.0,0.0
8.35,0,0.0,0.0,0.0
2.36,0,0.0,0.0,0.0
2.36,0,0.0,0.0,0.0
2.36,0,0.0,0.0,0.0
2.36,0,0.0,0.0,0.0
2.36,0,0.0,0.0,0.0
2.36,0,0.0,0.0,0.0
2.36,0,0.0,0.0,0.0
2.36,0,0.0,0.0,0.0
2.36,0,0.0,0.0,0.0
2.36,0,1.25,0.0,0.0
4.77,0,3.41,0.0,0.0
7.16,0,2.58,0.0,0.0
10.74,0,3.3,0.0,0.0
10.74,0,3.21,0.0,0.0
10.74,0,3.19,0.0,0.0
10.74,0,1.01,0.0,0.0
10.74,0,2.1,0.0,0.0
10.74,0,0.93,0.0,0.0
10.74,0,0.32,0.0,0.0
10.74,0,0.32,0.0,0.0
10.74,0,0.33,0.0,0.0
10.74,0,0.0,0.0,0.0
8.35,0,2.8,0.0,0.0
8.35,0,0.0,0.0,0.0
2.36,0,0.0,0.0,0.0
2.36,0,0.0,0.0,0.0
2.36,0,0.0,0.0,0.0
2.36,0,0.0,0.0,0.0
2.36,0,0.0,0.0,0.0
2.36,0,0.0,0.0,0.0
2.36,0,0.0,0.0,0.0
2.36,0,0.0,0.0,0.0
2.36,0,0.37,0.0,0.0
2.36,0,0.0,0.0,0.0
4.77,0,0.0,0.0,0.0
7.16,0,0.28,0.0,0.0
10.74,0,1.01,0.0,0.0
10.74,0,0.97,0.0,0.0
10.74,0,11.16,0.0,0.0
10.74,0,4.85,0.0,0.0
10.74,0,3.8,0.0,0.0
10.74,0,3.87,0.0,0.0
10.74,0,3.99,0.0,0.0
10.74,0,3.9,0.0,0.0
10.74,0,4.1,0.0,0.0
10.74,0,0.0,0.0,0.0
8.35,0,0.0,0.0,0.0
8.35,0,3.15,0.0,0.0
2.36,0,0.0,0.0,0.0
2.36,0,0.0,0.0,0.0
2.36,0,0.0,0.0,0.0
2.36,0,0.0,0.0,0.0
2.36,0,0.0,0.0,0.0
2.36,0,0.0,0.0,0.0
2.36,0,0.0,0.0,0.0
2.36,0,0.0,0.0,0.0
2.36,0,0.45,0.0,0.0
2.36,0,0.94,0.0,0.0
4.77,0,0.0,0.0,0.0
7.16,0,0.0,0.0,0.0
10.74,0,0.0,0.0,0.0
10.74,0,0.0,0.0,0.0
10.74,0,0.0,0.0,0.0
10.74,0,0.0,0.0,0.0
10.74,0,0.0,0.0,0.0
10.74,0,0.0,0.0,0.0
10.74,0,0.0,0.0,0.0
10.74,0,0.0,0.0,0.0
10.74,0,0.0,0.0,0.0
10.74,0,0.0,0.0,0.0
8.35,0,0.0,0.0,0.0
8.35,0,0.0,0.0,0.0
2.36,0,0.0,0.0,0.0
2.36,0,0.0,0.0,0.0
2.36,0,0.0,0.0,0.0
1.77,0,0.0,0.0,0.0
1.77,0,0.0,0.0,0.0
1.77,0,0.0,0.0,0.0
1.77,0,0.12,0.0,0.0
1.77,0,0.09,0.0,0.0
1.77,0,0.28,0.0,0.0
1.77,0,0.62,0.0,0.0
3.58,0,0.0,0.0,0.0
5.97,0,0.0,0.0,0.0
9.55,0,0.0,0.0,0.0
10.74,0,0.0,0.0,0.0
10.74,0,0.29,0.0,0.0
10.74,0,0.0,0.0,0.0
10.74,0,0.0,0.0,0.0
10.74,0,0.0,0.0,0.0
10.74,0,0.0,0.0,0.0
10.74,0,0.0,0.0,0.0
10.74,0,0.0,0.0,0.0
8.35,0,0.0,0.0,0.0
5.97,0,0.0,0.0,0.0
5.97,0,0.0,0.0,0.0
3.58,0,0.0,0.0,0.0
1.77,0,0.0,0.0,0.0
1.77,0,0.0,0.0,0.0
1.77,0,0.0,0.0,0.0
1.77,0,0.0,0.0,0.0
1.77,0,0.0,0.0,0.0
1.77,0,0.0,0.0,0.0
1.77,0,0.0,0.0,0.0
1.77,0,0.0,0.0,0.0
1.77,0,0.0,0.0,0.0
1.77,0,0.3,0.0,0.0
1.77,0,0.0,0.0,0.0
3.58,0,0.0,0.0,0.0
7.16,0,0.0,0.0,0.0
7.16,0,0.19,0.0,0.0
9.55,0,0.0,0.0,0.0
9.55,0,0.0,0.0,0.0
9.55,0,0.0,0.0,0.0
9.55,0,0.0,0.0,0.0
9.55,0,0.0,0.0,0.0
7.16,0,0.0,0.0,0.0
4.77,0,0.0,0.0,0.0
1.77,0,0.0,0.0,0.0
1.77,0,0.0,0.0,0.0
1.77,0,0.0,0.0,0.0
1.77,0,0.0,0.0,0.0
1.77,0,0.0,0.0,0.0
2.36,0,0.0,0.0,0.0
2.36,0,0.0,0.0,0.0
2.36,0,0.0,0.0,0.0
2.36,0,0.0,0.0,0.0
2.36,0,0.0,0.0,0.0
2.36,0,0.3,0.0,0.0
2.36,0,0.61,0.0,0.0
4.77,0,0.36,0.0,0.0
7.16,0,0.0,0.0,0.0
10.74,0,0.31,0.0,0.0
10.74,0,0.51,0.0,0.0
10.74,0,1.16,0.0,0.0
10.74,0,3.16,0.0,0.0
10.74,0,3.32,0.0,0.0
10.74,0,3.34,0.0,0.0
10.74,0,3.35,0.0,0.0
10.74,0,4.68,0.0,0.0
10.74,0,0.31,0.0,0.0
10.74,0,2.74,0.0,0.0
8.35,0,2.34,0.0,0.0
8.35,0,0.0,0.0,0.0
2.36,0,0.0,0.0,0.0
2.36,0,0.0,0.0,0.0
2.36,0,0.0,0.0,0.0
2.36,0,0.0,0.0,0.0
2.36,0,0.0,0.0,0.0
2.36,0,0.0,0.0,0.0
2.36,0,0.0,0.0,0.0
2.36,0,0.0,0.0,0.0
2.36,0,0.36,0.0,0.0
2.36,0,0.71,0.0,0.0
4.77,0,0.53,0.0,0.0
7.16,0,0.07,0.0,0.0
10.74,0,0.35,0.0,0.0
10.74,0,8.0,0.0,0.0
10.74,0,10.12,0.0,0.0
10.74,0,8.24,0.0,0.0
10.74,0,11.79,0.0,0.0
10.74,0,18.09,0.0,0.0
10.74,0,21.12,0.0,0.0
10.74,0,11.25,0.0,0.0
10.74,0,5.57,0.0,0.0
10.74,0,0.44,0.0,0.0
8.35,0,3.28,0.0,0.0
8.35,0,0.0,0.0,0.0
2.36,0,0.0,0.0,0.0
2.36,0,0.0,0.0,0.0
2.36,0,0.0,0.0,0.0
2.36,0,0.0,0.0,0.0
2.36,0,0.0,0.0,0.0
2.36,0,0.0,0.0,0.0
2.36,0,0.0,0.0,0.0
2.36,0,0.0,0.0,0.0
2.36,0,0.0,0.0,0.0
2.36,0,1.48,0.0,0.0
4.77,0,0.87,0.0,0.0
7.16,0,0.87,0.0,0.0
10.74,0,0.76,0.0,0.0
10.74,0,9.53,0.0,0.0
10.74,0,11.55,0.0,0.0
10.74,0,12.63,0.0,0.0
10.74,0,11.44,0.0,0.0
10.74,0,8.1,0.0,0.0
10.74,0,7.49,0.0,0.0
10.74,0,6.33,0.0,0.0
10.74,0,6.16,0.0,0.0
10.74,0,0.0,0.0,0.0
8.35,0,0.0,0.0,0.0
8.35,0,0.0,0.0,0.0
2.36,0,0.0,0.0,0.0
2.36,0,0.0,0.0,0.0
2.36,0,0.0,0.0,0.0
2.36,0,0.0,0.0,0.0
2.36,0,0.0,0.0,0.0
2.36,0,0.0,0.0,0.0
2.36,0,0.0,0.0,0.0
2.36,0,0.0,0.0,0.0
2.36,0,0.0,0.0,0.0
2.36,0,1.69,0.0,0.0
4.77,0,4.12,0.0,0.0
7.16,0,0.0,0.0,0.0
10.74,0,9.41,0.0,0.0
10.74,0,35.93,0.0,0.0
10.74,0,63.49,0.0,0.0
10.74,0,75.79,0.0,0.0
10.74,0,76.02,0.0,0.0
10.74,0,62.18,0.0,0.0
10.74,0,48.99,0.0,0.0
10.74,0,36.1,0.0,0.0
10.74,0,15.62,0.0,0.0
10.74,0,6.58,0.0,0.0
8.35,0,3.42,0.0,0.0
8.35,0,2.93,0.0,0.0
2.36,0,0.0,0.0,0.0
2.36,0,0.0,0.0,0.0
2.36,0,0.0,0.0,0.0
2.36,0,0.0,0.0,0.0
2.36,0,0.0,0.0,0.0
2.36,0,0.0,0.0,0.0
2.36,0,0.0,0.0,0.0
2.36,0,0.0,0.0,0.0
2.36,0,0.0,0.0,0.0
2.36,0,1.65,0.0,0.0
4.77,0,3.34,0.0,0.0
7.16,0,0.0,0.0,0.0
10.74,0,2.4,0.0,0.0
10.74,0,24.67,0.0,0.0
10.74,0,58.55,0.0,0.0
10.74,0,60.51,0.0,0.0
10.74,0,61.03,0.0,0.0
10.74,0,59.71,0.0,0.0
10.74,0,62.37,0.0,0.0
10.74,0,59.41,0.0,0.0
10.74,0,44.3,0.0,0.0
10.74,0,30.49,0.0,0.0
8.35,0,16.41,0.0,0.0
8.35,0,1.12,0.0,0.0
2.36,0,0.0,0.0,0.0
2.36,0,0.0,0.0,0.0
2.36,0,0.0,0.0,0.0
1.77,0,0.0,0.0,0.0
1.77,0,0.0,0.0,0.0
1.77,0,0.0,0.0,0.0
1.77,0,0.0,0.0,0.0
1.77,0,0.0,0.0,0.0
1.77,0,0.0,0.0,0.0
1.77,0,1.56,0.0,0.0
3.58,0,0.36,0.0,0.0
5.97,0,0.35,0.0,0.0
9.55,0,0.0,0.0,0.0
10.74,0,0.77,0.0,0.0
10.74,0,13.29,0.0,0.0
10.74,0,17.0,0.0,0.0
10.74,0,26.13,0.0,0.0
10.74,0,41.68,0.0,0.0
10.74,0,52.2,0.0,0.0
10.74,0,38.57,0.0,0.0
10.74,0,14.43,0.0,0.0
8.35,0,2.4,0.0,0.0
5.97,0,1.04,0.0,0.0
5.97,0,0.0,0.0,0.0
3.58,0,2.54,0.0,0.0
1.77,0,0.0,0.0,0.0
1.77,0,0.0,0.0,0.0
1.77,0,0.0,0.0,0.0
1.77,0,0.0,0.0,0.0
1.77,0,0.0,0.0,0.0
1.77,0,0.0,0.0,0.0
1.77,0,0.0,0.0,0.0
1.77,0,0.0,0.0,0.0
1.77,0,0.0,0.0,0.0
1.77,0,0.0,0.0,0.0
1.77,0,0.0,0.0,0.0
3.58,0,2.02,0.0,0.0
7.16,0,8.44,0.0,0.0
7.16,0,10.5,0.0,0.0
9.55,0,17.09,0.0,0.0
9.55,0,15.53,0.0,0.0
9.55,0,16.67,0.0,0.0
9.55,0,16.34,0.0,0.0
9.55,0,13.99,0.0,0.0
7.16,0,9.16,0.0,0.0
4.77,0,3.34,0.0,0.0
1.77,0,0.0,0.0,0.0
1.77,0,0.0,0.0,0.0
1.77,0,0.0,0.0,0.0
1.77,0,0.0,0.0,0.0
1.77,0,0.0,0.0,0.0
2.36,0,0.0,0.0,0.0
2.36,0,0.0,0.0,0.0
2.36,0,0.0,0.0,0.0
2.36,0,0.0,0.0,0.0
2.36,0,0.0,0.0,0.0
2.36,0,0.0,0.0,0.0
2.36,0,1.64,0.0,0.0
4.77,0,0.95,0.0,0.0
7.16,0,1.18,0.0,0.0
10.74,0,8.62,0.0,0.0
10.74,0,34.26,0.0,0.0
10.74,0,56.97,0.0,0.0
10.74,0,64.8,0.0,0.0
10.74,0,69.56,0.0,0.0
10.74,0,64.92,0.0,0.0
10.74,0,66.92,0.0,0.0
10.74,0,60.8,0.0,0.0
10.74,0,43.36,0.0,0.0
10.74,0,33.25,0.0,0.0
8.35,0,25.45,0.0,0.0
8.35,0,20.76,0.0,0.0
2.36,0,0.0,0.0,0.0
2.36,0,0.0,0.0,0.0
2.36,0,0.0,0.0,0.0
1.77,0,0.0,0.0,0.0
1.77,0,0.0,0.0,0.0
1.77,0,0.0,0.0,0.0
1.77,0,0.0,0.0,0.0
1.77,0,0.0,0.0,0.0
1.77,0,0.0,0.0,0.0
1.77,0,0.0,0.0,0.0
1.77,0,0.0,0.0,0.0
1.77,0,0.62,0.0,0.0
3.58,0,9.31,0.0,0.0
7.16,0,15.7,0.0,0.0
7.16,0,30.39,0.0,0.0
9.55,0,59.8,0.0,0.0
9.55,0,61.32,0.0,0.0
9.55,0,57.77,0.0,0.0
9.55,0,56.14,0.0,0.0
9.55,0,51.21,0.0,0.0
7.16,0,32.04,0.0,0.0
4.77,0,14.93,0.0,0.0
1.77,0,0.81,0.0,0.0
1.77,0,0.0,0.0,0.0
1.77,0,0.0,0.0,0.0
1.77,0,0.0,0.0,0.0
1.77,0,0.0,0.0,0.0
2.36,0,0.0,0.0,0.0
2.36,0,0.0,0.0,0.0
2.36,0,0.0,0.0,0.0
2.36,0,0.0,0.0,0.0
2.36,0,0.0,0.0,0.0
2.36,0,0.0,0.0,0.0
2.36,0,1.96,0.0,0.0
4.77,0,3.79,0.0,0.0
7.16,0,4.66,0.0,0.0
10.74,0,35.89,0.0,0.0
10.74,0,55.92,0.0,0.0
10.74,0,73.21,0.0,0.0
10.74,0,82.51,0.0,0.0
10.74,0,88.91,0.0,0.0
10.74,0,87.08,0.0,0.0
10.74,0,88.34,0.0,0.0
10.74,0,79.76,0.0,0.0
10.74,0,66.69,0.0,0.0
10.74,0,56.55,0.0,0.0
8.35,0,42.02,0.0,0.0
8.35,0,39.68,0.0,0.0
2.36,0,1.01,0.0,0.0
2.36,0,0.82,0.0,0.0
2.36,0,0.79,0.0,0.0
2.36,0,0.55,0.0,0.0
2.36,0,0.0,0.0,0.0
2.36,0,0.0,0.0,0.0
2.36,0,0.0,0.0,0.0
2.36,0,0.0,0.0,0.0
2.36,0,0.0,0.0,0.0
2.36,0,2.73,0.0,0.0
4.77,0,5.4,0.0,0.0
7.16,0,7.56,0.0,0.0
10.74,0,40.15,0.0,0.0
10.74,0,50.52,0.0,0.0
10.74,0,65.63,0.0,0.0
10.74,0,64.34,0.0,0.0
10.74,0,59.34,0.0,0.0
10.74,0,37.81,0.0,0.0
10.74,0,7.43,0.0,0.0
10.74,0,5.2,0.0,0.0
10.74,0,4.95,0.0,0.0
10.74,0,0.0,0.0,0.0
8.35,0,0.0,0.0,0.0
8.35,0,0.0,0.0,0.0
2.36,0,0.0,0.0,0.0
2.36,0,0.0,0.0,0.0
2.36,0,0.0,0.0,0.0
2.36,0,0.0,0.0,0.0
2.36,0,0.0,0.0,0.0
2.36,0,0.0,0.0,0.0
2.36,0,0.0,0.0,0.0
2.36,0,0.0,0.0,0.0
2.36,0,0.0,0.0,0.0
2.36,0,1.69,0.0,0.0
4.77,0,0.67,0.0,0.0
7.16,0,1.92,0.0,0.0
10.74,0,30.54,0.0,0.0
10.74,0,55.62,0.0,0.0
10.74,0,77.54,0.0,0.0
10.74,0,88.09,0.0,0.0
10.74,0,93.91,0.0,0.0
10.74,0,91.05,0.0,0.0
10.74,0,85.99,0.0,0.0
10.74,0,78.88,0.0,0.0
10.74,0,64.82,0.0,0.0
10.74,0,51.28,0.0,0.0
8.35,0,36.03,0.0,0.0
8.35,0,35.82,0.0,0.0
2.36,0,0.87,0.0,0.0
2.36,0,0.83,0.0,0.0
2.36,0,0.78,0.0,0.0
1.77,0,0.62,0.0,0.0
1.77,0,0.0,0.0,0.0
1.77,0,0.0,0.0,0.0
1.77,0,0.0,0.0,0.0
1.77,0,0.0,0.0,0.0
1.77,0,0.0,0.0,0.0
1.77,0,1.81,0.0,0.0
3.58,0,0.3,0.0,0.0
5.97,0,0.33,0.0,0.0
9.55,0,0.6,0.0,0.0
10.74,0,7.54,0.0,0.0
10.74,0,23.71,0.0,0.0
10.74,0,39.69,0.0,0.0
10.74,0,79.18,0.0,0.0
10.74,0,92.72,0.0,0.0
10.74,0,88.04,0.0,0.0
10.74,0,82.35,0.0,0.0
10.74,0,60.64,0.0,0.0
8.35,0,39.2,0.0,0.0
5.97,0,36.8,0.0,0.0
5.97,0,32.17,0.0,0.0
3.58,0,15.17,0.0,0.0
1.77,0,0.0,0.0,0.0
1.77,0,0.0,0.0,0.0
1.77,0,0.0,0.0,0.0
1.77,0,0.0,0.0,0.0
1.77,0,0.0,0.0,0.0
1.77,0,0.0,0.0,0.0
1.77,0,0.0,0.0,0.0
1.77,0,0.0,0.0,0.0
1.77,0,0.0,0.0,0.0
1.77,0,0.0,0.0,0.0
1.77,0,0.0,0.0,0.0
3.58,0,0.87,0.0,0.0
7.16,0,0.0,0.0,0.0
7.16,0,1.73,0.0,0.0
9.55,0,6.11,0.0,0.0
9.55,0,5.07,0.0,0.0
9.55,0,1.37,0.0,0.0
9.55,0,1.66,0.0,0.0
9.55,0,0.34,0.0,0.0
7.16,0,0.29,0.0,0.0
4.77,0,0.0,0.0,0.0
1.77,0,0.0,0.0,0.0
1.77,0,0.0,0.0,0.0
1.77,0,0.0,0.0,0.0
1.77,0,0.0,0.0,0.0
1.77,0,0.0,0.0,0.0
2.36,0,0.0,0.0,0.0
2.36,0,0.0,0.0,0.0
2.36,0,0.0,0.0,0.0
2.36,0,0.0,0.0,0.0
2.36,0,0.0,0.0,0.0
2.36,0,0.5,0.0,0.0
2.36,0,0.0,0.0,0.0
4.77,0,0.0,0.0,0.0
7.16,0,0.0,0.0,0.0
10.74,0,0.0,0.0,0.0
10.74,0,0.08,0.0,0.0
10.74,0,1.58,0.0,0.0
10.74,0,5.2,0.0,0.0
10.74,0,8.43,0.0,0.0
10.74,0,13.45,0.0,0.0
10.74,0,12.49,0.0,0.0
10.74,0,8.75,0.0,0.0
10.74,0,0.67,0.0,0.0
10.74,0,0.0,0.0,0.0
8.35,0,2.75,0.0,0.0
8.35,0,0.0,0.0,0.0
2.36,0,0.0,0.0,0.0
2.36,0,0.0,0.0,0.0
2.36,0,0.0,0.0,0.0
2.36,0,0.0,0.0,0.0
2.36,0,0.0,0.0,0.0
2.36,0,0.0,0.0,0.0
2.36,0,0.0,0.0,0.0
2.36,0,0.0,0.0,0.0
2.36,0,0.27,0.0,0.0
2.36,0,0.89,0.0,0.0
4.77,0,0.0,0.0,0.0
7.16,0,0.0,0.0,0.0
10.74,0,0.0,0.0,0.0
10.74,0,0.55,0.0,0.0
10.74,0,5.9,0.0,0.0
10.74,0,12.79,0.0,0.0
10.74,0,14.71,0.0,0.0
10.74,0,14.66,0.0,0.0
10.74,0,13.51,0.0,0.0
10.74,0,9.89,0.0,0.0
10.74,0,0.8,0.0,0.0
10.74,0,0.0,0.0,0.0
8.35,0,0.0,0.0,0.0
8.35,0,0.0,0.0,0.0
2.36,0,0.0,0.0,0.0
2.36,0,0.0,0.0,0.0
2.36,0,0.0,0.0,0.0
2.36,0,0.0,0.0,0.0
2.36,0,0.0,0.0,0.0
2.36,0,0.0,0.0,0.0
2.36,0,0.0,0.0,0.0
2.36,0,0.0,0.0,0.0
2.36,0,0.0,0.0,0.0
2.36,0,1.27,0.0,0.0
4.77,0,0.13,0.0,0.0
7.16,0,1.47,0.0,0.0
10.74,0,14.11,0.0,0.0
10.74,0,34.08,0.0,0.0
10.74,0,50.14,0.0,0.0
10.74,0,56.71,0.0,0.0
10.74,0,60.36,0.0,0.0
10.74,0,69.14,0.0,0.0
10.74,0,73.79,0.0,0.0
10.74,0,66.16,0.0,0.0
10.74,0,53.1,0.0,0.0
10.74,0,42.74,0.0,0.0
8.35,0,30.25,0.0,0.0
8.35,0,29.61,0.0,0.0
2.36,0,0.35,0.0,0.0
2.36,0,0.0,0.0,0.0
2.36,0,0.0,0.0,0.0
2.36,0,0.0,0.0,0.0
2.36,0,0.0,0.0,0.0
2.36,0,0.0,0.0,0.0
2.36,0,0.0,0.0,0.0
2.36,0,0.0,0.0,0.0
2.36,0,0.0,0.0,0.0
2.36,0,1.35,0.0,0.0
4.77,0,0.27,0.0,0.0
7.16,0,2.23,0.0,0.0
10.74,0,0.0,0.0,0.0
10.74,0,0.0,0.0,0.0
10.74,0,0.0,0.0,0.0
10.74,0,0.0,0.0,0.0
10.74,0,0.0,0.0,0.0
10.74,0,0.0,0.0,0.0
10.74,0,0.0,0.0,0.0
10.74,0,0.0,0.0,0.0
10.74,0,0.0,0.0,0.0
10.74,0,0.0,0.0,0.0
8.35,0,0.0,0.0,0.0
8.35,0,0.0,0.0,0.0
2.36,0,0.0,0.0,0.0
2.36,0,0.0,0.0,0.0
2.36,0,0.0,0.0,0.0
2.36,0,0.0,0.0,0.0
2.36,0,0.0,0.0,0.0
2.36,0,0.0,0.0,0.0
2.36,0,0.0,0.0,0.0
2.36,0,0.0,0.0,0.0
2.36,0,0.31,0.0,0.0
2.36,0,0.0,0.0,0.0
4.77,0,0.0,0.0,0.0
7.16,0,0.0,0.0,0.0
10.74,0,0.29,0.0,0.0
10.74,0,0.45,0.0,0.0
10.74,0,1.41,0.0,0.0
10.74,0,0.0,0.0,0.0
10.74,0,0.0,0.0,0.0
10.74,0,0.0,0.0,0.0
10.74,0,0.0,0.0,0.0
10.74,0,0.0,0.0,0.0
10.74,0,0.0,0.0,0.0
10.74,0,0.0,0.0,0.0
8.35,0,0.0,0.0,0.0
8.35,0,0.0,0.0,0.0
2.36,0,0.0,0.0,0.0
2.36,0,0.0,0.0,0.0
2.36,0,0.0,0.0,0.0
1.77,0,0.0,0.0,0.0
1.77,0,0.0,0.0,0.0
1.77,0,0.0,0.0,0.0
1.77,0,0.0,0.0,0.0
1.77,0,0.0,0.0,0.0
1.77,0,0.3,0.0,0.0
1.77,0,0.59,0.0,0.0
3.58,0,0.61,0.0,0.0
5.97,0,0.0,0.0,0.0
9.55,0,0.27,0.0,0.0
10.74,0,0.19,0.0,0.0
10.74,0,0.61,0.0,0.0
10.74,0,2.73,0.0,0.0
10.74,0,2.76,0.0,0.0
10.74,0,2.76,0.0,0.0
10.74,0,2.76,0.0,0.0
10.74,0,2.76,0.0,0.0
10.74,0,5.52,0.0,0.0
8.35,0,0.0,0.0,0.0
5.97,0,0.0,0.0,0.0
5.97,0,0.0,0.0,0.0
3.58,0,0.0,0.0,0.0
1.77,0,0.0,0.0,0.0
1.77,0,0.0,0.0,0.0
1.77,0,0.0,0.0,0.0
1.77,0,0.0,0.0,0.0
1.77,0,0.0,0.0,0.0
1.77,0,0.0,0.0,0.0
1.77,0,0.0,0.0,0.0
1.77,0,0.0,0.0,0.0
1.77,0,0.0,0.0,0.0
1.77,0,0.3,0.0,0.0
1.77,0,0.0,0.0,0.0
3.58,0,0.44,0.0,0.0
7.16,0,0.0,0.0,0.0
7.16,0,0.87,0.0,0.0
9.55,0,0.39,0.0,0.0
9.55,0,1.04,0.0,0.0
9.55,0,1.88,0.0,0.0
9.55,0,1.3,0.0,0.0
9.55,0,0.61,0.0,0.0
7.16,0,0.0,0.0,0.0
4.77,0,0.12,0.0,0.0
1.77,0,0.0,0.0,0.0
1.77,0,0.0,0.0,0.0
1.77,0,0.0,0.0,0.0
1.77,0,0.0,0.0,0.0
1.77,0,0.0,0.0,0.0
2.36,0,0.0,0.0,0.0
2.36,0,0.0,0.0,0.0
2.36,0,0.0,0.0,0.0
2.36,0,0.0,0.0,0.0
2.36,0,0.0,0.0,0.0
2.36,0,0.34,0.0,0.0
2.36,0,0.0,0.0,0.0
4.77,0,0.43,0.0,0.0
7.16,0,0.0,0.0,0.0
10.74,0,0.32,0.0,0.0
10.74,0,0.76,0.0,0.0
10.74,0,5.6,0.0,0.0
10.74,0,11.47,0.0,0.0
10.74,0,13.71,0.0,0.0
10.74,0,13.83,0.0,0.0
10.74,0,12.03,0.0,0.0
10.74,0,9.3,0.0,0.0
10.74,0,1.0,0.0,0.0
10.74,0,0.0,0.0,0.0
8.35,0,2.11,0.0,0.0
8.35,0,0.0,0.0,0.0
2.36,0,0.0,0.0,0.0
2.36,0,0.0,0.0,0.0
2.36,0,0.0,0.0,0.0
2.36,0,0.0,0.0,0.0
2.36,0,0.0,0.0,0.0
2.36,0,0.0,0.0,0.0
2.36,0,0.0,0.0,0.0
2.36,0,0.0,0.0,0.0
2.36,0,0.13,0.0,0.0
2.36,0,1.0,0.0,0.0
4.77,0,0.1,0.0,0.0
7.16,0,0.18,0.0,0.0
10.74,0,0.79,0.0,0.0
10.74,0,10.44,0.0,0.0
10.74,0,19.88,0.0,0.0
10.74,0,34.96,0.0,0.0
10.74,0,40.81,0.0,0.0
10.74,0,36.24,0.0,0.0
10.74,0,33.98,0.0,0.0
10.74,0,18.82,0.0,0.0
10.74,0,3.9,0.0,0.0
10.74,0,0.34,0.0,0.0
8.35,0,0.37,0.0,0.0
8.35,0,0.0,0.0,0.0
2.36,0,0.0,0.0,0.0
2.36,0,0.0,0.0,0.0
2.36,0,0.0,0.0,0.0
2.36,0,0.0,0.0,0.0
2.36,0,0.0,0.0,0.0
2.36,0,0.0,0.0,0.0
2.36,0,0.0,0.0,0.0
2.36,0,0.0,0.0,0.0
2.36,0,0.0,0.0,0.0
2.36,0,1.2,0.0,0.0
4.77,0,0.41,0.0,0.0
7.16,0,0.72,0.0,0.0
10.74,0,2.41,0.0,0.0
10.74,0,10.99,0.0,0.0
10.74,0,26.8,0.0,0.0
10.74,0,34.86,0.0,0.0
10.74,0,49.32,0.0,0.0
10.74,0,53.58,0.0,0.0
10.74,0,47.53,0.0,0.0
10.74,0,30.95,0.0,0.0
10.74,0,10.13,0.0,0.0
10.74,0,1.38,0.0,0.0
8.35,0,0.95,0.0,0.0
8.35,0,0.0,0.0,0.0
2.36,0,0.0,0.0,0.0
2.36,0,0.0,0.0,0.0
2.36,0,0.0,0.0,0.0
2.36,0,0.0,0.0,0.0
2.36,0,0.0,0.0,0.0
2.36,0,0.0,0.0,0.0
2.36,0,0.0,0.0,0.0
2.36,0,0.0,0.0,0.0
2.36,0,0.0,0.0,0.0
2.36,0,1.36,0.0,0.0
4.77,0,0.0,0.0,0.0
7.16,0,0.0,0.0,0.0
10.74,0,6.43,0.0,0.0
10.74,0,13.85,0.0,0.0
10.74,0,33.47,0.0,0.0
10.74,0,48.79,0.0,0.0
10.74,0,55.3,0.0,0.0
10.74,0,59.22,0.0,0.0
10.74,0,61.18,0.0,0.0
10.74,0,52.76,0.0,0.0
10.74,0,22.08,0.0,0.0
10.74,0,10.4,0.0,0.0
8.35,0,5.1,0.0,0.0
8.35,0,0.0,0.0,0.0
2.36,0,0.0,0.0,0.0
2.36,0,0.0,0.0,0.0
2.36,0,0.0,0.0,0.0
2.36,0,0.0,0.0,0.0
2.36,0,0.0,0.0,0.0
2.36,0,0.0,0.0,0.0
2.36,0,0.0,0.0,0.0
2.36,0,0.0,0.0,0.0
2.36,0,0.0,0.0,0.0
2.36,0,1.52,0.0,0.0
4.77,0,0.39,0.0,0.0
7.16,0,6.37,0.0,0.0
10.74,0,2.62,0.0,0.0
10.74,0,3.6,0.0,0.0
10.74,0,3.44,0.0,0.0
10.74,0,0.0,0.0,0.0
10.74,0,0.0,0.0,0.0
10.74,0,0.0,0.0,0.0
10.74,0,0.0,0.0,0.0
10.74,0,0.0,0.0,0.0
10.74,0,0.0,0.0,0.0
10.74,0,0.0,0.0,0.0
8.35,0,0.0,0.0,0.0
8.35,0,0.0,0.0,0.0
2.36,0,0.0,0.0,0.0
2.36,0,0.0,0.0,0.0
2.36,0,0.0,0.0,0.0
1.77,0,0.0,0.0,0.0
1.77,0,0.0,0.0,0.0
1.77,0,0.0,0.0,0.0
1.77,0,0.0,0.0,0.0
1.77,0,0.0,0.0,0.0
1.77,0,0.28,0.0,0.0
1.77,0,0.66,0.0,0.0
3.58,0,0.0,0.0,0.0
5.97,0,0.0,0.0,0.0
9.55,0,0.19,0.0,0.0
10.74,0,0.61,0.0,0.0
10.74,0,0.0,0.0,0.0
10.74,0,0.0,0.0,0.0
10.74,0,0.0,0.0,0.0
10.74,0,0.0,0.0,0.0
10.74,0,0.0,0.0,0.0
10.74,0,0.0,0.0,0.0
10.74,0,0.0,0.0,0.0
8.35,0,0.0,0.0,0.0
5.97,0,0.0,0.0,0.0
5.97,0,0.0,0.0,0.0
3.58,0,0.0,0.0,0.0
1.77,0,0.0,0.0,0.0
1.77,0,0.0,0.0,0.0
1.77,0,0.0,0.0,0.0
1.77,0,0.0,0.0,0.0
1.77,0,0.0,0.0,0.0
1.77,0,0.0,0.0,0.0
1.77,0,0.0,0.0,0.0
1.77,0,0.0,0.0,0.0
1.77,0,0.0,0.0,0.0
1.77,0,0.36,0.0,0.0
1.77,0,0.45,0.0,0.0
3.58,0,5.15,0.0,0.0
7.16,0,8.97,0.0,0.0
7.16,0,13.46,0.0,0.0
9.55,0,29.48,0.0,0.0
9.55,0,40.18,0.0,0.0
9.55,0,41.8,0.0,0.0
9.55,0,40.18,0.0,0.0
9.55,0,33.86,0.0,0.0
7.16,0,13.41,0.0,0.0
4.77,0,1.01,0.0,0.0
1.77,0,0.0,0.0,0.0
1.77,0,0.0,0.0,0.0
1.77,0,0.0,0.0,0.0
1.77,0,0.0,0.0,0.0
1.77,0,0.0,0.0,0.0
2.36,0,0.0,0.0,0.0
2.36,0,0.0,0.0,0.0
2.36,0,0.0,0.0,0.0
2.36,0,0.0,0.0,0.0
2.36,0,0.0,0.0,0.0
2.36,0,0.0,0.0,0.0
2.36,0,1.48,0.0,0.0
4.77,0,3.91,0.0,0.0
7.16,0,0.0,0.0,0.0
10.74,0,3.24,0.0,0.0
10.74,0,9.57,0.0,0.0
10.74,0,27.12,0.0,0.0
10.74,0,30.89,0.0,0.0
10.74,0,32.36,0.0,0.0
10.74,0,46.26,0.0,0.0
10.74,0,52.59,0.0,0.0
10.74,0,42.76,0.0,0.0
10.74,0,17.62,0.0,0.0
10.74,0,5.51,0.0,0.0
8.35,0,1.03,0.0,0.0
8.35,0,0.0,0.0,0.0
2.36,0,0.0,0.0,0.0
2.36,0,0.0,0.0,0.0
2.36,0,0.0,0.0,0.0
2.36,0,0.0,0.0,0.0
2.36,0,0.0,0.0,0.0
2.36,0,0.0,0.0,0.0
2.36,0,0.0,0.0,0.0
2.36,0,0.0,0.0,0.0
2.36,0,0.0,0.0,0.0
2.36,0,1.64,0.0,0.0
4.77,0,0.69,0.0,0.0
7.16,0,2.03,0.0,0.0
10.74,0,13.67,0.0,0.0
10.74,0,5.85,0.0,0.0
10.74,0,10.24,0.0,0.0
10.74,0,50.08,0.0,0.0
10.74,0,74.54,0.0,0.0
10.74,0,75.24,0.0,0.0
10.74,0,81.56,0.0,0.0
10.74,0,76.17,0.0,0.0
10.74,0,62.08,0.0,0.0
10.74,0,51.39,0.0,0.0
8.35,0,35.81,0.0,0.0
8.35,0,31.17,0.0,0.0
2.36,0,0.0,0.0,0.0
2.36,0,0.0,0.0,0.0
2.36,0,0.0,0.0,0.0
2.36,0,0.0,0.0,0.0
2.36,0,0.0,0.0,0.0
2.36,0,0.0,0.0,0.0
2.36,0,0.0,0.0,0.0
2.36,0,0.0,0.0,0.0
2.36,0,0.0,0.0,0.0
2.36,0,2.05,0.0,0.0
4.77,0,3.84,0.0,0.0
7.16,0,10.01,0.0,0.0
10.74,0,48.2,0.0,0.0
10.74,0,68.72,0.0,0.0
10.74,0,85.62,0.0,0.0
10.74,0,93.56,0.0,0.0
10.74,0,96.12,0.0,0.0
10.74,0,92.47,0.0,0.0
10.74,0,93.59,0.0,0.0
10.74,0,82.33,0.0,0.0
10.74,0,65.03,0.0,0.0
10.74,0,55.03,0.0,0.0
8.35,0,41.57,0.0,0.0
8.35,0,36.7,0.0,0.0
2.36,0,0.83,0.0,0.0
2.36,0,0.76,0.0,0.0
2.36,0,0.66,0.0,0.0
2.36,0,0.0,0.0,0.0
2.36,0,0.0,0.0,0.0
2.36,0,0.0,0.0,0.0
2.36,0,0.0,0.0,0.0
2.36,0,0.0,0.0,0.0
2.36,0,0.0,0.0,0.0
2.36,0,1.29,0.0,0.0
4.77,0,0.28,0.0,0.0
7.16,0,1.06,0.0,0.0
10.74,0,0.0,0.0,0.0
10.74,0,0.0,0.0,0.0
10.74,0,0.4,0.0,0.0
10.74,0,3.98,0.0,0.0
10.74,0,7.31,0.0,0.0
10.74,0,11.63,0.0,0.0
10.74,0,11.14,0.0,0.0
10.74,0,8.2,0.0,0.0
10.74,0,3.7,0.0,0.0
10.74,0,0.0,0.0,0.0
8.35,0,0.0,0.0,0.0
8.35,0,0.0,0.0,0.0
2.36,0,0.0,0.0,0.0
2.36,0,0.0,0.0,0.0
2.36,0,0.0,0.0,0.0
2.36,0,0.0,0.0,0.0
2.36,0,0.0,0.0,0.0
2.36,0,0.0,0.0,0.0
2.36,0,0.0,0.0,0.0
2.36,0,0.0,0.0,0.0
2.36,0,0.0,0.0,0.0
2.36,0,0.92,0.0,0.0
4.77,0,0.07,0.0,0.0
7.16,0,0.31,0.0,0.0
10.74,0,1.03,0.0,0.0
10.74,0,7.6,0.0,0.0
10.74,0,16.2,0.0,0.0
10.74,0,25.65,0.0,0.0
10.74,0,31.35,0.0,0.0
10.74,0,37.54,0.0,0.0
10.74,0,38.44,0.0,0.0
10.74,0,24.59,0.0,0.0
10.74,0,14.77,0.0,0.0
10.74,0,3.16,0.0,0.0
8.35,0,0.48,0.0,0.0
8.35,0,0.0,0.0,0.0
2.36,0,0.0,0.0,0.0
2.36,0,0.0,0.0,0.0
2.36,0,0.0,0.0,0.0
1.77,0,0.0,0.0,0.0
1.77,0,0.0,0.0,0.0
1.77,0,0.0,0.0,0.0
1.77,0,0.0,0.0,0.0
1.77,0,0.0,0.0,0.0
1.77,0,0.0,0.0,0.0
1.77,0,1.58,0.0,0.0
3.58,0,0.94,0.0,0.0
5.97,0,2.65,0.0,0.0
9.55,0,18.73,0.0,0.0
10.74,0,48.58,0.0,0.0
10.74,0,63.75,0.0,0.0
10.74,0,69.93,0.0,0.0
10.74,0,79.08,0.0,0.0
10.74,0,82.21,0.0,0.0
10.74,0,76.4,0.0,0.0
10.74,0,73.49,0.0,0.0
10.74,0,61.84,0.0,0.0
8.35,0,36.01,0.0,0.0
5.97,0,22.91,0.0,0.0
5.97,0,13.92,0.0,0.0
3.58,0,2.35,0.0,0.0
1.77,0,0.0,0.0,0.0
1.77,0,0.0,0.0,0.0
1.77,0,0.0,0.0,0.0
1.77,0,0.0,0.0,0.0
1.77,0,0.0,0.0,0.0
1.77,0,0.0,0.0,0.0
1.77,0,0.0,0.0,0.0
1.77,0,0.0,0.0,0.0
1.77,0,0.0,0.0,0.0
1.77,0,0.0,0.0,0.0
1.77,0,0.65,0.0,0.0
3.58,0,7.8,0.0,0.0
7.16,0,24.05,0.0,0.0
7.16,0,33.35,0.0,0.0
9.55,0,53.02,0.0,0.0
9.55,0,61.85,0.0,0.0
9.55,0,69.42,0.0,0.0
9.55,0,71.23,0.0,0.0
9.55,0,66.82,0.0,0.0
7.16,0,47.04,0.0,0.0
4.77,0,27.26,0.0,0.0
1.77,0,1.64,0.0,0.0
1.77,0,1.23,0.0,0.0
1.77,0,0.62,0.0,0.0
1.77,0,0.0,0.0,0.0
1.77,0,0.0,0.0,0.0
2.36,0,0.0,0.0,0.0
2.36,0,0.0,0.0,0.0
2.36,0,0.0,0.0,0.0
2.36,0,0.0,0.0,0.0
2.36,0,0.0,0.0,0.0
2.36,0,0.0,0.0,0.0
2.36,0,1.54,0.0,0.0
4.77,0,3.99,0.0,0.0
7.16,0,0.0,0.0,0.0
10.74,0,0.0,0.0,0.0
10.74,0,0.27,0.0,0.0
10.74,0,5.56,0.0,0.0
10.74,0,13.93,0.0,0.0
10.74,0,17.8,0.0,0.0
10.74,0,22.14,0.0,0.0
10.74,0,30.18,0.0,0.0
10.74,0,26.78,0.0,0.0
10.74,0,9.8,0.0,0.0
10.74,0,1.19,0.0,0.0
8.35,0,0.42,0.0,0.0
8.35,0,0.0,0.0,0.0
2.36,0,0.0,0.0,0.0
2.36,0,0.0,0.0,0.0
2.36,0,0.0,0.0,0.0
2.36,0,0.0,0.0,0.0
2.36,0,0.0,0.0,0.0
2.36,0,0.0,0.0,0.0
2.36,0,0.0,0.0,0.0
2.36,0,0.0,0.0,0.0
2.36,0,0.0,0.0,0.0
2.36,0,1.34,0.0,0.0
4.77,0,0.79,0.0,0.0
7.16,0,0.17,0.0,0.0
10.74,0,4.12,0.0,0.0
10.74,0,27.06,0.0,0.0
10.74,0,56.03,0.0,0.0
10.74,0,63.56,0.0,0.0
10.74,0,67.01,0.0,0.0
10.74,0,65.04,0.0,0.0
10.74,0,63.38,0.0,0.0
10.74,0,55.63,0.0,0.0
10.74,0,43.96,0.0,0.0
10.74,0,35.23,0.0,0.0
8.35,0,25.08,0.0,0.0
8.35,0,21.27,0.0,0.0
2.36,0,0.69,0.0,0.0
2.36,0,0.0,0.0,0.0
2.36,0,0.0,0.0,0.0
2.36,0,0.0,0.0,0.0
2.36,0,0.0,0.0,0.0
2.36,0,0.0,0.0,0.0
2.36,0,0.0,0.0,0.0
2.36,0,0.0,0.0,0.0
2.36,0,0.0,0.0,0.0
2.36,0,1.38,0.0,0.0
4.77,0,0.0,0.0,0.0
7.16,0,0.94,0.0,0.0
10.74,0,0.64,0.0,0.0
10.74,0,0.71,0.0,0.0
10.74,0,3.6,0.0,0.0
10.74,0,0.0,0.0,0.0
10.74,0,0.0,0.0,0.0
10.74,0,0.0,0.0,0.0
10.74,0,0.0,0.0,0.0
10.74,0,0.0,0.0,0.0
10.74,0,0.0,0.0,0.0
10.74,0,0.0,0.0,0.0
8.35,0,0.0,0.0,0.0
8.35,0,0.0,0.0,0.0
2.36,0,0.0,0.0,0.0
2.36,0,0.0,0.0,0.0
2.36,0,0.0,0.0,0.0
2.36,0,0.0,0.0,0.0
2.36,0,0.0,0.0,0.0
2.36,0,0.0,0.0,0.0
2.36,0,0.0,0.0,0.0
2.36,0,0.0,0.0,0.0
2.36,0,0.36,0.0,0.0
2.36,0,0.0,0.0,0.0
4.77,0,0.0,0.0,0.0
7.16,0,0.19,0.0,0.0
10.74,0,0.0,0.0,0.0
10.74,0,2.47,0.0,0.0
10.74,0,2.43,0.0,0.0
10.74,0,0.06,0.0,0.0
10.74,0,1.14,0.0,0.0
10.74,0,2.48,0.0,0.0
10.74,0,2.17,0.0,0.0
10.74,0,0.41,0.0,0.0
10.74,0,0.28,0.0,0.0
10.74,0,0.0,0.0,0.0
8.35,0,0.0,0.0,0.0
8.35,0,0.0,0.0,0.0
2.36,0,0.0,0.0,0.0
2.36,0,0.0,0.0,0.0
2.36,0,0.0,0.0,0.0
1.77,0,0.0,0.0,0.0
1.77,0,0.0,0.0,0.0
1.77,0,0.0,0.0,0.0
1.77,0,0.0,0.0,0.0
1.77,0,0.0,0.0,0.0
1.77,0,0.0,0.0,0.0
1.77,0,0.0,0.0,0.0
1.77,0,0.31,0.0,0.0
1.77,0,0.0,0.0,0.0
3.58,0,0.0,0.0,0.0
7.16,0,0.48,0.0,0.0
7.16,0,0.27,0.0,0.0
9.55,0,0.0,0.0,0.0
9.55,0,0.0,0.0,0.0
9.55,0,0.0,0.0,0.0
9.55,0,1.65,0.0,0.0
9.55,0,2.9,0.0,0.0
7.16,0,0.0,0.0,0.0
4.77,0,0.0,0.0,0.0
1.77,0,0.0,0.0,0.0
1.77,0,0.0,0.0,0.0
1.77,0,0.0,0.0,0.0
1.77,0,0.0,0.0,0.0
1.77,0,0.0,0.0,0.0
1.77,0,0.0,0.0,0.0
1.77,0,0.0,0.0,0.0
1.77,0,0.0,0.0,0.0
1.77,0,0.0,0.0,0.0
1.77,0,0.0,0.0,0.0
1.77,0,0.42,0.0,0.0
1.77,0,0.77,0.0,0.0
3.58,0,0.53,0.0,0.0
5.97,0,0.45,0.0,0.0
9.55,0,1.75,0.0,0.0
10.74,0,1.46,0.0,0.0
10.74,0,4.46,0.0,0.0
10.74,0,15.31,0.0,0.0
10.74,0,21.64,0.0,0.0
10.74,0,21.23,0.0,0.0
10.74,0,22.32,0.0,0.0
10.74,0,24.16,0.0,0.0
10.74,0,11.85,0.0,0.0
8.35,0,0.0,0.0,0.0
5.97,0,0.0,0.0,0.0
5.97,0,2.52,0.0,0.0
3.58,0,2.28,0.0,0.0
1.77,0,0.0,0.0,0.0
1.77,0,0.0,0.0,0.0
1.77,0,0.0,0.0,0.0
1.77,0,0.0,0.0,0.0
1.77,0,0.0,0.0,0.0
1.77,0,0.0,0.0,0.0
1.77,0,0.0,0.0,0.0
1.77,0,0.0,0.0,0.0
1.77,0,0.0,0.0,0.0
1.77,0,0.0,0.0,0.0
1.77,0,0.0,0.0,0.0
3.58,0,1.29,0.0,0.0
7.16,0,1.3,0.0,0.0
7.16,0,10.85,0.0,0.0
9.55,0,44.58,0.0,0.0
9.55,0,60.8,0.0,0.0
9.55,0,68.57,0.0,0.0
9.55,0,65.38,0.0,0.0
9.55,0,55.04,0.0,0.0
7.16,0,29.55,0.0,0.0
4.77,0,9.57,0.0,0.0
1.77,0,0.72,0.0,0.0
1.77,0,0.0,0.0,0.0
1.77,0,0.0,0.0,0.0
1.77,0,0.0,0.0,0.0
1.77,0,0.0,0.0,0.0
2.36,0,0.0,0.0,0.0
2.36,0,0.0,0.0,0.0
2.36,0,0.0,0.0,0.0
2.36,0,0.0,0.0,0.0
2.36,0,0.0,0.0,0.0
2.36,0,0.0,0.0,0.0
2.36,0,1.82,0.0,0.0
4.77,0,3.06,0.0,0.0
7.16,0,9.6,0.0,0.0
10.74,0,37.2,0.0,0.0
10.74,0,54.12,0.0,0.0
10.74,0,69.43,0.0,0.0
10.74,0,75.22,0.0,0.0
10.74,0,81.46,0.0,0.0
10.74,0,85.06,0.0,0.0
10.74,0,87.28,0.0,0.0
10.74,0,78.09,0.0,0.0
10.74,0,65.08,0.0,0.0
10.74,0,55.63,0.0,0.0
8.35,0,42.64,0.0,0.0
8.35,0,39.1,0.0,0.0
2.36,0,0.84,0.0,0.0
2.36,0,0.0,0.0,0.0
2.36,0,0.0,0.0,0.0
2.36,0,0.0,0.0,0.0
2.36,0,0.0,0.0,0.0
2.36,0,0.0,0.0,0.0
2.36,0,0.0,0.0,0.0
2.36,0,0.0,0.0,0.0
2.36,0,0.0,0.0,0.0
2.36,0,1.57,0.0,0.0
4.77,0,3.81,0.0,0.0
7.16,0,2.9,0.0,0.0
10.74,0,4.05,0.0,0.0
10.74,0,2.5,0.0,0.0
10.74,0,8.31,0.0,0.0
10.74,0,14.08,0.0,0.0
10.74,0,23.27,0.0,0.0
10.74,0,25.96,0.0,0.0
10.74,0,13.24,0.0,0.0
10.74,0,2.82,0.0,0.0
10.74,0,0.48,0.0,0.0
10.74,0,0.0,0.0,0.0
8.35,0,0.0,0.0,0.0
8.35,0,3.45,0.0,0.0
2.36,0,0.0,0.0,0.0
2.36,0,0.0,0.0,0.0
2.36,0,0.0,0.0,0.0
2.36,0,0.0,0.0,0.0
2.36,0,0.0,0.0,0.0
2.36,0,0.0,0.0,0.0
2.36,0,0.0,0.0,0.0
2.36,0,0.0,0.0,0.0
2.36,0,0.0,0.0,0.0
2.36,0,1.42,0.0,0.0
4.77,0,3.13,0.0,0.0
7.16,0,0.0,0.0,0.0
10.74,0,0.11,0.0,0.0
10.74,0,4.54,0.0,0.0
10.74,0,15.83,0.0,0.0
10.74,0,22.45,0.0,0.0
10.74,0,35.19,0.0,0.0
10.74,0,44.35,0.0,0.0
10.74,0,51.36,0.0,0.0
10.74,0,47.0,0.0,0.0
10.74,0,29.79,0.0,0.0
10.74,0,8.82,0.0,0.0
8.35,0,4.78,0.0,0.0
8.35,0,0.27,0.0,0.0
2.36,0,0.15,0.0,0.0
2.36,0,0.0,0.0,0.0
2.36,0,0.0,0.0,0.0
2.36,0,0.0,0.0,0.0
2.36,0,0.0,0.0,0.0
2.36,0,0.0,0.0,0.0
2.36,0,0.0,0.0,0.0
2.36,0,0.0,0.0,0.0
2.36,0,0.0,0.0,0.0
2.36,0,1.3,0.0,0.0
4.77,0,1.82,0.0,0.0
7.16,0,0.4,0.0,0.0
10.74,0,8.43,0.0,0.0
10.74,0,29.98,0.0,0.0
10.74,0,56.8,0.0,0.0
10.74,0,72.96,0.0,0.0
10.74,0,77.55,0.0,0.0
10.74,0,77.07,0.0,0.0
10.74,0,77.55,0.0,0.0
10.74,0,69.39,0.0,0.0
10.74,0,53.41,0.0,0.0
10.74,0,25.13,0.0,0.0
8.35,0,7.13,0.0,0.0
8.35,0,0.37,0.0,0.0
2.36,0,0.33,0.0,0.0
2.36,0,0.2,0.0,0.0
2.36,0,0.0,0.0,0.0
2.36,0,0.0,0.0,0.0
2.36,0,0.0,0.0,0.0
2.36,0,0.0,0.0,0.0
2.36,0,0.0,0.0,0.0
2.36,0,0.0,0.0,0.0
2.36,0,0.0,0.0,0.0
2.36,0,1.49,0.0,0.0
4.77,0,1.3,0.0,0.0
7.16,0,3.32,0.0,0.0
10.74,0,18.92,0.0,0.0
10.74,0,42.48,0.0,0.0
10.74,0,56.11,0.0,0.0
10.74,0,61.74,0.0,0.0
10.74,0,72.66,0.0,0.0
10.74,0,81.65,0.0,0.0
10.74,0,86.15,0.0,0.0
10.74,0,76.09,0.0,0.0
10.74,0,58.9,0.0,0.0
10.74,0,43.89,0.0,0.0
8.35,0,26.28,0.0,0.0
8.35,0,20.59,0.0,0.0
2.36,0,0.34,0.0,0.0
2.36,0,0.22,0.0,0.0
2.36,0,0.0,0.0,0.0
1.77,0,0.0,0.0,0.0
1.77,0,0.0,0.0,0.0
1.77,0,0.0,0.0,0.0
1.77,0,0.0,0.0,0.0
1.77,0,0.0,0.0,0.0
1.77,0,0.0,0.0,0.0
1.77,0,1.33,0.0,0.0
3.58,0,2.91,0.0,0.0
5.97,0,0.0,0.0,0.0
9.55,0,0.0,0.0,0.0
10.74,0,2.12,0.0,0.0
10.74,0,6.81,0.0,0.0
10.74,0,9.58,0.0,0.0
10.74,0,13.22,0.0,0.0
10.74,0,15.9,0.0,0.0
10.74,0,16.19,0.0,0.0
10.74,0,11.82,0.0,0.0
10.74,0,6.58,0.0,0.0
8.35,0,0.0,0.0,0.0
5.97,0,0.0,0.0,0.0
5.97,0,0.0,0.0,0.0
3.58,0,1.85,0.0,0.0
1.77,0,0.0,0.0,0.0
1.77,0,0.0,0.0,0.0
1.77,0,0.0,0.0,0.0
1.77,0,0.0,0.0,0.0
1.77,0,0.0,0.0,0.0
1.77,0,0.0,0.0,0.0
1.77,0,0.0,0.0,0.0
1.77,0,0.0,0.0,0.0
1.77,0,0.0,0.0,0.0
1.77,0,0.24,0.0,0.0
1.77,0,0.0,0.0,0.0
3.58,0,0.0,0.0,0.0
7.16,0,1.21,0.0,0.0
7.16,0,1.92,0.0,0.0
9.55,0,8.01,0.0,0.0
9.55,0,10.91,0.0,0.0
9.55,0,8.04,0.0,0.0
9.55,0,7.17,0.0,0.0
9.55,0,6.03,0.0,0.0
7.16,0,4.5,0.0,0.0
4.77,0,1.8,0.0,0.0
1.77,0,0.0,0.0,0.0
1.77,0,0.0,0.0,0.0
1.77,0,0.0,0.0,0.0
1.77,0,0.0,0.0,0.0
1.77,0,0.0,0.0,0.0
2.36,0,0.0,0.0,0.0
2.36,0,0.0,0.0,0.0
2.36,0,0.0,0.0,0.0
2.36,0,0.0,0.0,0.0
2.36,0,0.0,0.0,0.0
2.36,0,0.0,0.0,0.0
2.36,0,1.65,0.0,0.0
4.77,0,11.52,0.0,0.0
7.16,0,13.89,0.0,0.0
10.74,0,31.74,0.0,0.0
10.74,0,50.07,0.0,0.0
10.74,0,69.38,0.0,0.0
10.74,0,78.52,0.0,0.0
10.74,0,77.29,0.0,0.0
10.74,0,77.74,0.0,0.0
10.74,0,83.24,0.0,0.0
10.74,0,79.04,0.0,0.0
10.74,0,67.54,0.0,0.0
10.74,0,58.64,0.0,0.0
8.35,0,45.71,0.0,0.0
8.35,0,40.92,0.0,0.0
2.36,0,0.83,0.0,0.0
2.36,0,0.8,0.0,0.0
2.36,0,0.66,0.0,0.0
2.36,0,0.0,0.0,0.0
2.36,0,0.0,0.0,0.0
2.36,0,0.0,0.0,0.0
2.36,0,0.0,0.0,0.0
2.36,0,0.0,0.0,0.0
2.36,0,0.0,0.0,0.0
2.36,0,2.64,0.0,0.0
4.77,0,10.65,0.0,0.0
7.16,0,20.98,0.0,0.0
10.74,0,63.88,0.0,0.0
10.74,0,77.16,0.0,0.0
10.74,0,95.12,0.0,0.0
10.74,0,102.65,0.0,0.0
10.74,0,106.41,0.0,0.0
10.74,0,108.13,0.0,0.0
10.74,0,107.6,0.0,0.0
10.74,0,98.85,0.0,0.0
10.74,0,86.94,0.0,0.0
10.74,0,74.92,0.0,0.0
8.35,0,58.68,0.0,0.0
8.35,0,54.98,0.0,0.0
2.36,0,2.67,0.0,0.0
2.36,0,1.72,0.0,0.0
2.36,0,0.83,0.0,0.0
2.36,0,0.82,0.0,0.0
2.36,0,0.71,0.0,0.0
2.36,0,0.0,0.0,0.0
2.36,0,0.0,0.0,0.0
2.36,0,0.0,0.0,0.0
2.36,0,0.0,0.0,0.0
2.36,0,3.17,0.0,0.0
4.77,0,9.61,0.0,0.0
7.16,0,26.42,0.0,0.0
10.74,0,64.7,0.0,0.0
10.74,0,75.59,0.0,0.0
10.74,0,91.6,0.0,0.0
10.74,0,95.75,0.0,0.0
10.74,0,102.45,0.0,0.0
10.74,0,109.4,0.0,0.0
10.74,0,112.18,0.0,0.0
10.74,0,102.68,0.0,0.0
10.74,0,86.19,0.0,0.0
10.74,0,71.38,0.0,0.0
8.35,0,54.4,0.0,0.0
8.35,0,44.66,0.0,0.0
2.36,0,2.15,0.0,0.0
2.36,0,0.35,0.0,0.0
2.36,0,0.16,0.0,0.0
2.36,0,0.0,0.0,0.0
2.36,0,0.0,0.0,0.0
2.36,0,0.0,0.0,0.0
2.36,0,0.0,0.0,0.0
2.36,0,0.0,0.0,0.0
2.36,0,0.0,0.0,0.0
2.36,0,1.13,0.0,0.0
4.77,0,0.23,0.0,0.0
7.16,0,4.94,0.0,0.0
10.74,0,2.62,0.0,0.0
10.74,0,2.43,0.0,0.0
10.74,0,3.38,0.0,0.0
10.74,0,6.28,0.0,0.0
10.74,0,7.98,0.0,0.0
10.74,0,8.2,0.0,0.0
10.74,0,7.34,0.0,0.0
10.74,0,5.22,0.0,0.0
10.74,0,2.93,0.0,0.0
10.74,0,0.0,0.0,0.0
8.35,0,0.0,0.0,0.0
8.35,0,0.0,0.0,0.0
2.36,0,0.0,0.0,0.0
2.36,0,0.0,0.0,0.0
2.36,0,0.0,0.0,0.0
2.36,0,0.0,0.0,0.0
2.36,0,0.0,0.0,0.0
2.36,0,0.0,0.0,0.0
2.36,0,0.0,0.0,0.0
2.36,0,0.0,0.0,0.0
2.36,0,0.0,0.0,0.0
2.36,0,0.88,0.0,0.0
4.77,0,0.24,0.0,0.0
7.16,0,0.31,0.0,0.0
10.74,0,1.64,0.0,0.0
10.74,0,2.47,0.0,0.0
10.74,0,4.31,0.0,0.0
10.74,0,7.33,0.0,0.0
10.74,0,8.92,0.0,0.0
10.74,0,11.1,0.0,0.0
10.74,0,9.44,0.0,0.0
10.74,0,7.11,0.0,0.0
10.74,0,0.42,0.0,0.0
10.74,0,0.0,0.0,0.0
8.35,0,0.0,0.0,0.0
8.35,0,0.0,0.0,0.0
2.36,0,0.0,0.0,0.0
2.36,0,0.0,0.0,0.0
2.36,0,0.0,0.0,0.0
1.77,0,0.0,0.0,0.0
1.77,0,0.0,0.0,0.0
1.77,0,0.0,0.0,0.0
1.77,0,0.0,0.0,0.0
1.77,0,0.0,0.0,0.0
1.77,0,0.11,0.0,0.0
1.77,0,0.0,0.0,0.0
3.58,0,0.08,0.0,0.0
5.97,0,0.33,0.0,0.0
9.55,0,1.04,0.0,0.0
10.74,0,3.3,0.0,0.0
10.74,0,8.1,0.0,0.0
10.74,0,8.07,0.0,0.0
10.74,0,11.98,0.0,0.0
10.74,0,10.91,0.0,0.0
10.74,0,6.33,0.0,0.0
10.74,0,3.56,0.0,0.0
10.74,0,3.3,0.0,0.0
8.35,0,0.0,0.0,0.0
5.97,0,0.0,0.0,0.0
5.97,0,0.0,0.0,0.0
3.58,0,0.0,0.0,0.0
1.77,0,0.0,0.0,0.0
1.77,0,0.0,0.0,0.0
1.77,0,0.0,0.0,0.0
1.77,0,0.0,0.0,0.0
1.77,0,0.0,0.0,0.0
1.77,0,0.0,0.0,0.0
1.77,0,0.0,0.0,0.0
1.77,0,0.0,0.0,0.0
1.77,0,0.0,0.0,0.0
1.77,0,0.0,0.0,0.0
1.77,0,0.17,0.0,0.0
3.58,0,1.87,0.0,0.0
7.16,0,2.27,0.0,0.0
7.16,0,2.02,0.0,0.0
9.55,0,5.23,0.0,0.0
9.55,0,8.12,0.0,0.0
9.55,0,7.53,0.0,0.0
9.55,0,4.86,0.0,0.0
9.55,0,4.49,0.0,0.0
7.16,0,4.43,0.0,0.0
4.77,0,1.97,0.0,0.0
1.77,0,0.0,0.0,0.0
1.77,0,0.0,0.0,0.0
1.77,0,0.0,0.0,0.0
1.77,0,0.0,0.0,0.0
1.77,0,0.0,0.0,0.0
2.36,0,0.0,0.0,0.0
2.36,0,0.0,0.0,0.0
2.36,0,0.0,0.0,0.0
2.36,0,0.0,0.0,0.0
2.36,0,0.0,0.0,0.0
2.36,0,0.0,0.0,0.0
2.36,0,1.48,0.0,0.0
4.77,0,1.72,0.0,0.0
7.16,0,1.45,0.0,0.0
10.74,0,17.67,0.0,0.0
10.74,0,30.76,0.0,0.0
10.74,0,42.24,0.0,0.0
10.74,0,48.78,0.0,0.0
10.74,0,49.09,0.0,0.0
10.74,0,47.75,0.0,0.0
10.74,0,51.08,0.0,0.0
10.74,0,48.39,0.0,0.0
10.74,0,37.21,0.0,0.0
10.74,0,15.59,0.0,0.0
8.35,0,7.21,0.0,0.0
8.35,0,0.37,0.0,0.0
2.36,0,0.0,0.0,0.0
2.36,0,0.0,0.0,0.0
2.36,0,0.0,0.0,0.0
2.36,0,0.0,0.0,0.0
2.36,0,0.0,0.0,0.0
2.36,0,0.0,0.0,0.0
2.36,0,0.0,0.0,0.0
2.36,0,0.0,0.0,0.0
2.36,0,0.0,0.0,0.0
2.36,0,2.15,0.0,0.0
4.77,0,4.15,0.0,0.0
7.16,0,9.2,0.0,0.0
10.74,0,45.74,0.0,0.0
10.74,0,58.24,0.0,0.0
10.74,0,73.31,0.0,0.0
10.74,0,75.58,0.0,0.0
10.74,0,78.51,0.0,0.0
10.74,0,78.18,0.0,0.0
10.74,0,78.59,0.0,0.0
10.74,0,70.32,0.0,0.0
10.74,0,61.45,0.0,0.0
10.74,0,27.96,0.0,0.0
8.35,0,0.0,0.0,0.0
8.35,0,0.0,0.0,0.0
2.36,0,0.0,0.0,0.0
2.36,0,0.0,0.0,0.0
2.36,0,0.0,0.0,0.0
2.36,0,0.0,0.0,0.0
2.36,0,0.0,0.0,0.0
2.36,0,0.0,0.0,0.0
2.36,0,0.0,0.0,0.0
2.36,0,0.0,0.0,0.0
2.36,0,0.0,0.0,0.0
2.36,0,1.62,0.0,0.0
4.77,0,4.49,0.0,0.0
7.16,0,0.0,0.0,0.0
10.74,0,0.0,0.0,0.0
10.74,0,0.03,0.0,0.0
10.74,0,2.59,0.0,0.0
10.74,0,9.81,0.0,0.0
10.74,0,13.57,0.0,0.0
10.74,0,13.32,0.0,0.0
10.74,0,12.46,0.0,0.0
10.74,0,9.47,0.0,0.0
10.74,0,6.62,0.0,0.0
10.74,0,0.57,0.0,0.0
8.35,0,0.41,0.0,0.0
8.35,0,0.0,0.0,0.0
2.36,0,0.0,0.0,0.0
2.36,0,0.0,0.0,0.0
2.36,0,0.0,0.0,0.0
2.36,0,0.0,0.0,0.0
2.36,0,0.0,0.0,0.0
2.36,0,0.0,0.0,0.0
2.36,0,0.0,0.0,0.0
2.36,0,0.0,0.0,0.0
2.36,0,1.3,0.0,0.0
4.77,0,0.61,0.0,0.0
7.16,0,1.14,0.0,0.0
10.74,0,12.53,0.0,0.0
10.74,0,41.41,0.0,0.0
10.74,0,66.01,0.0,0.0
10.74,0,76.59,0.0,0.0
10.74,0,85.31,0.0,0.0
10.74,0,90.98,0.0,0.0
10.74,0,92.99,0.0,0.0
10.74,0,85.27,0.0,0.0
10.74,0,74.19,0.0,0.0
10.74,0,59.86,0.0,0.0
8.35,0,41.29,0.0,0.0
8.35,0,33.47,0.0,0.0
2.36,0,0.95,0.0,0.0
2.36,0,0.76,0.0,0.0
2.36,0,0.58,0.0,0.0
2.36,0,0.0,0.0,0.0
2.36,0,0.0,0.0,0.0
2.36,0,0.0,0.0,0.0
2.36,0,0.0,0.0,0.0
2.36,0,0.0,0.0,0.0
2.36,0,0.0,0.0,0.0
2.36,0,1.73,0.0,0.0
4.77,0,2.57,0.0,0.0
7.16,0,1.33,0.0,0.0
10.74,0,27.85,0.0,0.0
10.74,0,43.9,0.0,0.0
10.74,0,61.15,0.0,0.0
10.74,0,69.33,0.0,0.0
10.74,0,80.7,0.0,0.0
10.74,0,90.13,0.0,0.0
10.74,0,92.66,0.0,0.0
10.74,0,84.42,0.0,0.0
10.74,0,73.3,0.0,0.0
10.74,0,62.68,0.0,0.0
8.35,0,46.04,0.0,0.0
8.35,0,40.7,0.0,0.0
2.36,0,2.3,0.0,0.0
2.36,0,1.5,0.0,0.0
2.36,0,0.73,0.0,0.0
2.36,0,0.65,0.0,0.0
1.77,0,0.56,0.0,0.0
1.77,0,0.0,0.0,0.0
1.77,0,0.0,0.0,0.0
1.77,0,0.0,0.0,0.0
1.77,0,0.0,0.0,0.0
1.77,0,1.37,0.0,0.0
3.58,0,0.51,0.0,0.0
5.97,0,0.28,0.0,0.0
9.55,0,0.05,0.0,0.0
10.74,0,3.81,0.0,0.0
10.74,0,21.03,0.0,0.0
10.74,0,39.68,0.0,0.0
10.74,0,52.58,0.0,0.0
10.74,0,55.24,0.0,0.0
10.74,0,48.68,0.0,0.0
10.74,0,37.54,0.0,0.0
10.74,0,21.58,0.0,0.0
8.35,0,10.06,0.0,0.0
5.97,0,6.57,0.0,0.0
5.97,0,0.0,0.0,0.0
3.58,0,0.0,0.0,0.0
1.77,0,0.0,0.0,0.0
1.77,0,0.0,0.0,0.0
1.77,0,0.0,0.0,0.0
1.77,0,0.0,0.0,0.0
1.77,0,0.0,0.0,0.0
1.77,0,0.0,0.0,0.0
1.77,0,0.0,0.0,0.0
1.77,0,0.0,0.0,0.0
1.77,0,0.0,0.0,0.0
1.77,0,0.19,0.0,0.0
1.77,0,0.0,0.0,0.0
3.58,0,0.0,0.0,0.0
7.16,0,0.0,0.0,0.0
7.16,0,0.24,0.0,0.0
9.55,0,0.78,0.0,0.0
9.55,0,0.76,0.0,0.0
9.55,0,2.87,0.0,0.0
9.55,0,3.86,0.0,0.0
9.55,0,3.86,0.0,0.0
7.16,0,3.85,0.0,0.0
4.77,0,0.0,0.0,0.0
1.77,0,0.0,0.0,0.0
1.77,0,0.0,0.0,0.0
1.77,0,0.0,0.0,0.0
1.77,0,0.0,0.0,0.0
1.77,0,0.0,0.0,0.0
1.77,0,0.0,0.0,0.0
2.36,0,0.0,0.0,0.0
2.36,0,0.0,0.0,0.0
2.36,0,0.0,0.0,0.0
2.36,0,0.0,0.0,0.0
2.36,0,0.62,0.0,0.0
2.36,0,0.95,0.0,0.0
4.77,0,0.0,0.0,0.0
7.16,0,0.57,0.0,0.0
10.74,0,2.97,0.0,0.0
10.74,0,4.16,0.0,0.0
10.74,0,4.27,0.0,0.0
10.74,0,0.49,0.0,0.0
10.74,0,0.52,0.0,0.0
10.74,0,0.53,0.0,0.0
10.74,0,0.53,0.0,0.0
10.74,0,0.52,0.0,0.0
10.74,0,0.49,0.0,0.0
10.74,0,0.0,0.0,0.0
8.35,0,2.99,0.0,0.0
8.35,0,0.0,0.0,0.0
2.36,0,0.0,0.0,0.0
2.36,0,0.0,0.0,0.0
2.36,0,0.0,0.0,0.0
2.36,0,0.0,0.0,0.0
2.36,0,0.0,0.0,0.0
2.36,0,0.0,0.0,0.0
2.36,0,0.0,0.0,0.0
2.36,0,0.0,0.0,0.0
2.36,0,0.39,0.0,0.0
2.36,0,0.0,0.0,0.0
4.77,0,0.0,0.0,0.0
7.16,0,0.0,0.0,0.0
10.74,0,0.41,0.0,0.0
10.74,0,0.68,0.0,0.0
10.74,0,3.43,0.0,0.0
10.74,0,0.0,0.0,0.0
10.74,0,0.0,0.0,0.0
10.74,0,0.0,0.0,0.0
10.74,0,0.0,0.0,0.0
10.74,0,0.0,0.0,0.0
10.74,0,0.0,0.0,0.0
10.74,0,0.0,0.0,0.0
8.35,0,0.0,0.0,0.0
8.35,0,0.0,0.0,0.0
2.36,0,0.0,0.0,0.0
2.36,0,0.0,0.0,0.0
2.36,0,0.0,0.0,0.0
2.36,0,0.0,0.0,0.0
2.36,0,0.0,0.0,0.0
2.36,0,0.0,0.0,0.0
2.36,0,0.0,0.0,0.0
2.36,0,0.0,0.0,0.0
2.36,0,0.3,0.0,0.0
2.36,0,0.64,0.0,0.0
4.77,0,0.0,0.0,0.0
7.16,0,0.0,0.0,0.0
10.74,0,0.1,0.0,0.0
10.74,0,0.45,0.0,0.0
10.74,0,0.61,0.0,0.0
10.74,0,0.0,0.0,0.0
10.74,0,0.0,0.0,0.0
10.74,0,0.0,0.0,0.0
10.74,0,0.0,0.0,0.0
10.74,0,0.0,0.0,0.0
10.74,0,0.0,0.0,0.0
10.74,0,0.0,0.0,0.0
8.35,0,0.0,0.0,0.0
8.35,0,0.0,0.0,0.0
2.36,0,0.0,0.0,0.0
2.36,0,0.0,0.0,0.0
2.36,0,0.0,0.0,0.0
2.36,0,0.0,0.0,0.0
2.36,0,0.0,0.0,0.0
2.36,0,0.0,0.0,0.0
2.36,0,0.0,0.0,0.0
2.36,0,0.0,0.0,0.0
2.36,0,0.3,0.0,0.0
2.36,0,0.63,0.0,0.0
4.77,0,0.0,0.0,0.0
7.16,0,0.0,0.0,0.0
10.74,0,0.9,0.0,0.0
10.74,0,0.33,0.0,0.0
10.74,0,0.33,0.0,0.0
10.74,0,0.0,0.0,0.0
10.74,0,0.78,0.0,0.0
10.74,0,1.97,0.0,0.0
10.74,0,2.38,0.0,0.0
10.74,0,1.26,0.0,0.0
10.74,0,0.3,0.0,0.0
10.74,0,0.0,0.0,0.0
8.35,0,0.0,0.0,0.0
8.35,0,0.0,0.0,0.0
2.36,0,0.0,0.0,0.0
2.36,0,0.0,0.0,0.0
2.36,0,0.0,0.0,0.0
2.36,0,0.0,0.0,0.0
2.36,0,0.0,0.0,0.0
2.36,0,0.0,0.0,0.0
2.36,0,0.0,0.0,0.0
2.36,0,0.0,0.0,0.0
2.36,0,0.27,0.0,0.0
2.36,0,0.91,0.0,0.0
4.77,0,0.09,0.0,0.0
7.16,0,0.59,0.0,0.0
10.74,0,0.64,0.0,0.0
10.74,0,4.84,0.0,0.0
10.74,0,8.83,0.0,0.0
10.74,0,11.12,0.0,0.0
10.74,0,17.93,0.0,0.0
10.74,0,30.33,0.0,0.0
10.74,0,40.07,0.0,0.0
10.74,0,33.89,0.0,0.0
10.74,0,14.91,0.0,0.0
10.74,0,7.62,0.0,0.0
8.35,0,4.23,0.0,0.0
8.35,0,0.0,0.0,0.0
2.36,0,0.0,0.0,0.0
2.36,0,0.0,0.0,0.0
2.36,0,0.0,0.0,0.0
2.36,0,0.0,0.0,0.0
1.77,0,0.0,0.0,0.0
1.77,0,0.0,0.0,0.0
1.77,0,0.0,0.0,0.0
1.77,0,0.0,0.0,0.0
1.77,0,0.0,0.0,0.0
1.77,0,1.3,0.0,0.0
3.58,0,0.48,0.0,0.0
5.97,0,0.54,0.0,0.0
9.55,0,1.59,0.0,0.0
10.74,0,19.36,0.0,0.0
10.74,0,44.44,0.0,0.0
10.74,0,61.63,0.0,0.0
10.74,0,73.0,0.0,0.0
10.74,0,78.68,0.0,0.0
10.74,0,81.29,0.0,0.0
10.74,0,82.27,0.0,0.0
10.74,0,72.14,0.0,0.0
8.35,0,45.36,0.0,0.0
5.97,0,29.3,0.0,0.0
5.97,0,19.08,0.0,0.0
3.58,0,5.2,0.0,0.0
1.77,0,0.0,0.0,0.0
1.77,0,0.0,0.0,0.0
1.77,0,0.0,0.0,0.0
1.77,0,0.0,0.0,0.0
1.77,0,0.0,0.0,0.0
1.77,0,0.0,0.0,0.0
1.77,0,0.0,0.0,0.0
1.77,0,0.0,0.0,0.0
1.77,0,0.0,0.0,0.0
1.77,0,0.0,0.0,0.0
1.77,0,0.3,0.0,0.0
3.58,0,1.48,0.0,0.0
7.16,0,2.53,0.0,0.0
7.16,0,7.97,0.0,0.0
9.55,0,24.24,0.0,0.0
9.55,0,58.88,0.0,0.0
9.55,0,68.43,0.0,0.0
9.55,0,70.93,0.0,0.0
9.55,0,68.63,0.0,0.0
7.16,0,52.12,0.0,0.0
4.77,0,33.29,0.0,0.0
1.77,0,1.77,0.0,0.0
1.77,0,1.69,0.0,0.0
1.77,0,0.6,0.0,0.0
1.77,0,0.0,0.0,0.0
1.77,0,0.0,0.0,0.0
1.77,0,0.0,0.0,0.0
2.36,0,0.0,0.0,0.0
2.36,0,0.0,0.0,0.0
2.36,0,0.0,0.0,0.0
2.36,0,0.0,0.0,0.0
2.36,0,0.0,0.0,0.0
2.36,0,1.46,0.0,0.0
4.77,0,0.66,0.0,0.0
7.16,0,0.47,0.0,0.0
10.74,0,3.52,0.0,0.0
10.74,0,6.53,0.0,0.0
10.74,0,37.13,0.0,0.0
10.74,0,63.1,0.0,0.0
10.74,0,79.07,0.0,0.0
10.74,0,85.14,0.0,0.0
10.74,0,90.19,0.0,0.0
10.74,0,84.22,0.0,0.0
10.74,0,71.98,0.0,0.0
10.74,0,58.71,0.0,0.0
8.35,0,39.82,0.0,0.0
8.35,0,31.01,0.0,0.0
2.36,0,0.8,0.0,0.0
2.36,0,0.69,0.0,0.0
2.36,0,0.61,0.0,0.0
2.36,0,0.0,0.0,0.0
2.36,0,0.0,0.0,0.0
2.36,0,0.0,0.0,0.0
2.36,0,0.0,0.0,0.0
2.36,0,0.0,0.0,0.0
2.36,0,0.0,0.0,0.0
2.36,0,1.63,0.0,0.0
4.77,0,1.28,0.0,0.0
7.16,0,0.97,0.0,0.0
10.74,0,28.19,0.0,0.0
10.74,0,53.27,0.0,0.0
10.74,0,76.49,0.0,0.0
10.74,0,87.28,0.0,0.0
10.74,0,94.3,0.0,0.0
10.74,0,98.81,0.0,0.0
10.74,0,101.97,0.0,0.0
10.74,0,96.9,0.0,0.0
10.74,0,85.19,0.0,0.0
10.74,0,69.55,0.0,0.0
8.35,0,51.28,0.0,0.0
8.35,0,43.31,0.0,0.0
2.36,0,2.76,0.0,0.0
2.36,0,1.43,0.0,0.0
2.36,0,0.68,0.0,0.0
2.36,0,0.0,0.0,0.0
2.36,0,0.0,0.0,0.0
2.36,0,0.0,0.0,0.0
2.36,0,0.0,0.0,0.0
2.36,0,0.0,0.0,0.0
2.36,0,0.0,0.0,0.0
2.36,0,1.38,0.0,0.0
4.77,0,0.72,0.0,0.0
7.16,0,0.0,0.0,0.0
10.74,0,8.59,0.0,0.0
10.74,0,19.25,0.0,0.0
10.74,0,50.45,0.0,0.0
10.74,0,74.44,0.0,0.0
10.74,0,86.54,0.0,0.0
10.74,0,92.82,0.0,0.0
10.74,0,96.06,0.0,0.0
10.74,0,85.74,0.0,0.0
10.74,0,74.58,0.0,0.0
10.74,0,64.68,0.0,0.0
8.35,0,46.28,0.0,0.0
8.35,0,37.31,0.0,0.0
2.36,0,2.76,0.0,0.0
2.36,0,2.5,0.0,0.0
2.36,0,0.65,0.0,0.0
2.36,0,0.63,0.0,0.0
2.36,0,0.0,0.0,0.0
2.36,0,0.0,0.0,0.0
2.36,0,0.0,0.0,0.0
2.36,0,0.0,0.0,0.0
2.36,0,0.0,0.0,0.0
2.36,0,1.59,0.0,0.0
4.77,0,0.54,0.0,0.0
7.16,0,0.29,0.0,0.0
10.74,0,23.23,0.0,0.0
10.74,0,56.64,0.0,0.0
10.74,0,77.09,0.0,0.0
10.74,0,84.03,0.0,0.0
10.74,0,92.02,0.0,0.0
10.74,0,98.05,0.0,0.0
10.74,0,99.0,0.0,0.0
10.74,0,95.36,0.0,0.0
10.74,0,86.52,0.0,0.0
10.74,0,71.97,0.0,0.0
8.35,0,50.08,0.0,0.0
8.35,0,42.18,0.0,0.0
2.36,0,2.88,0.0,0.0
2.36,0,2.65,0.0,0.0
2.36,0,0.77,0.0,0.0
2.36,0,0.7,0.0,0.0
2.36,0,0.65,0.0,0.0
2.36,0,0.0,0.0,0.0
2.36,0,0.0,0.0,0.0
2.36,0,0.0,0.0,0.0
2.36,0,0.0,0.0,0.0
2.36,0,1.65,0.0,0.0
4.77,0,3.18,0.0,0.0
7.16,0,7.85,0.0,0.0
10.74,0,43.72,0.0,0.0
10.74,0,54.08,0.0,0.0
10.74,0,67.91,0.0,0.0
10.74,0,75.47,0.0,0.0
10.74,0,83.58,0.0,0.0
10.74,0,86.56,0.0,0.0
10.74,0,90.92,0.0,0.0
10.74,0,84.48,0.0,0.0
10.74,0,74.06,0.0,0.0
10.74,0,62.27,0.0,0.0
8.35,0,46.38,0.0,0.0
8.35,0,41.54,0.0,0.0
2.36,0,0.86,0.0,0.0
2.36,0,0.96,0.0,0.0
2.36,0,0.69,0.0,0.0
2.36,0,0.56,0.0,0.0
1.77,0,0.0,0.0,0.0
1.77,0,0.0,0.0,0.0
1.77,0,0.0,0.0,0.0
1.77,0,0.0,0.0,0.0
1.77,0,0.0,0.0,0.0
1.77,0,1.62,0.0,0.0
3.58,0,5.91,0.0,0.0
5.97,0,14.91,0.0,0.0
9.55,0,49.28,0.0,0.0
10.74,0,64.5,0.0,0.0
10.74,0,73.52,0.0,0.0
10.74,0,76.4,0.0,0.0
10.74,0,33.23,0.0,0.0
10.74,0,0.0,0.0,0.0
10.74,0,0.07,0.0,0.0
10.74,0,0.79,0.0,0.0
10.74,0,0.46,0.0,0.0
8.35,0,0.0,0.0,0.0
5.97,0,0.0,0.0,0.0
5.97,0,0.0,0.0,0.0
3.58,0,0.0,0.0,0.0
1.77,0,0.0,0.0,0.0
1.77,0,0.0,0.0,0.0
1.77,0,0.0,0.0,0.0
1.77,0,0.0,0.0,0.0
1.77,0,0.0,0.0,0.0
1.77,0,0.0,0.0,0.0
1.77,0,0.0,0.0,0.0
1.77,0,0.0,0.0,0.0
1.77,0,0.0,0.0,0.0
1.77,0,0.0,0.0,0.0
1.77,0,2.99,0.0,0.0
3.58,0,10.69,0.0,0.0
7.16,0,17.31,0.0,0.0
7.16,0,31.4,0.0,0.0
9.55,0,56.62,0.0,0.0
9.55,0,69.94,0.0,0.0
9.55,0,76.47,0.0,0.0
9.55,0,78.01,0.0,0.0
9.55,0,73.96,0.0,0.0
7.16,0,55.07,0.0,0.0
4.77,0,37.02,0.0,0.0
1.77,0,2.01,0.0,0.0
1.77,0,1.67,0.0,0.0
1.77,0,0.6,0.0,0.0
1.77,0,0.0,0.0,0.0
1.77,0,0.0,0.0,0.0
1.77,0,0.0,0.0,0.0
2.36,0,0.0,0.0,0.0
2.36,0,0.0,0.0,0.0
2.36,0,0.0,0.0,0.0
2.36,0,0.0,0.0,0.0
2.36,0,0.0,0.0,0.0
2.36,0,2.0,0.0,0.0
4.77,0,7.97,0.0,0.0
7.16,0,17.13,0.0,0.0
10.74,0,62.47,0.0,0.0
10.74,0,79.37,0.0,0.0
10.74,0,94.03,0.0,0.0
10.74,0,94.45,0.0,0.0
10.74,0,104.08,0.0,0.0
10.74,0,106.69,0.0,0.0
10.74,0,106.9,0.0,0.0
10.74,0,101.2,0.0,0.0
10.74,0,88.04,0.0,0.0
10.74,0,74.45,0.0,0.0
8.35,0,57.22,0.0,0.0
8.35,0,52.14,0.0,0.0
2.36,0,3.09,0.0,0.0
2.36,0,2.77,0.0,0.0
2.36,0,0.74,0.0,0.0
2.36,0,0.93,0.0,0.0
2.36,0,0.66,0.0,0.0
2.36,0,0.53,0.0,0.0
2.36,0,0.0,0.0,0.0
2.36,0,0.0,0.0,0.0
2.36,0,0.0,0.0,0.0
2.36,0,2.25,0.0,0.0
4.77,0,10.56,0.0,0.0
7.16,0,22.18,0.0,0.0
10.74,0,62.1,0.0,0.0
10.74,0,78.08,0.0,0.0
10.74,0,95.05,0.0,0.0
10.74,0,103.06,0.0,0.0
10.74,0,105.14,0.0,0.0
10.74,0,105.61,0.0,0.0
10.74,0,107.72,0.0,0.0
10.74,0,101.34,0.0,0.0
10.74,0,85.46,0.0,0.0
10.74,0,72.16,0.0,0.0
8.35,0,56.12,0.0,0.0
8.35,0,50.66,0.0,0.0
2.36,0,3.01,0.0,0.0
2.36,0,2.7,0.0,0.0
2.36,0,0.71,0.0,0.0
2.36,0,0.73,0.0,0.0
2.36,0,0.69,0.0,0.0
2.36,0,0.0,0.0,0.0
2.36,0,0.0,0.0,0.0
2.36,0,0.0,0.0,0.0
2.36,0,0.0,0.0,0.0
2.36,0,2.28,0.0,0.0
4.77,0,6.2,0.0,0.0
7.16,0,19.03,0.0,0.0
10.74,0,57.77,0.0,0.0
10.74,0,74.78,0.0,0.0
10.74,0,94.87,0.0,0.0
10.74,0,102.24,0.0,0.0
10.74,0,106.46,0.0,0.0
10.74,0,110.99,0.0,0.0
10.74,0,113.62,0.0,0.0
10.74,0,105.89,0.0,0.0
10.74,0,92.7,0.0,0.0
10.74,0,79.61,0.0,0.0
8.35,0,62.58,0.0,0.0
8.35,0,59.18,0.0,0.0
2.36,0,4.28,0.0,0.0
2.36,0,3.67,0.0,0.0
2.36,0,2.38,0.0,0.0
2.36,0,1.88,0.0,0.0
2.36,0,0.82,0.0,0.0
2.36,0,0.79,0.0,0.0
2.36,0,0.77,0.0,0.0
2.36,0,0.67,0.0,0.0
2.36,0,0.0,0.0,0.0
2.36,0,3.66,0.0,0.0
4.77,0,11.88,0.0,0.0
7.16,0,14.38,0.0,0.0
10.74,0,0.06,0.0,0.0
10.74,0,0.0,0.0,0.0
10.74,0,0.0,0.0,0.0
10.74,0,0.0,0.0,0.0
10.74,0,0.0,0.0,0.0
10.74,0,0.26,0.0,0.0
10.74,0,0.7,0.0,0.0
10.74,0,6.81,0.0,0.0
10.74,0,10.25,0.0,0.0
10.74,0,7.26,0.0,0.0
8.35,0,5.15,0.0,0.0
8.35,0,0.0,0.0,0.0
2.36,0,0.0,0.0,0.0
2.36,0,0.0,0.0,0.0
2.36,0,0.0,0.0,0.0
2.36,0,0.0,0.0,0.0
2.36,0,0.0,0.0,0.0
2.36,0,0.0,0.0,0.0
2.36,0,0.0,0.0,0.0
2.36,0,0.0,0.0,0.0
2.36,0,0.0,0.0,0.0
2.36,0,1.57,0.0,0.0
4.77,0,1.55,0.0,0.0
7.16,0,0.0,0.0,0.0
10.74,0,1.84,0.0,0.0
10.74,0,20.68,0.0,0.0
10.74,0,45.36,0.0,0.0
10.74,0,54.95,0.0,0.0
10.74,0,65.06,0.0,0.0
10.74,0,63.25,0.0,0.0
10.74,0,67.04,0.0,0.0
10.74,0,71.74,0.0,0.0
10.74,0,57.07,0.0,0.0
10.74,0,48.67,0.0,0.0
8.35,0,33.49,0.0,0.0
8.35,0,26.59,0.0,0.0
2.36,0,0.74,0.0,0.0
2.36,0,0.31,0.0,0.0
2.36,0,0.0,0.0,0.0
2.36,0,0.0,0.0,0.0
1.77,0,0.0,0.0,0.0
1.77,0,0.0,0.0,0.0
1.77,0,0.0,0.0,0.0
1.77,0,0.0,0.0,0.0
1.77,0,0.0,0.0,0.0
1.77,0,1.2,0.0,0.0
3.58,0,2.12,0.0,0.0
5.97,0,3.84,0.0,0.0
9.55,0,25.82,0.0,0.0
10.74,0,52.38,0.0,0.0
10.74,0,70.21,0.0,0.0
10.74,0,82.01,0.0,0.0
10.74,0,87.05,0.0,0.0
10.74,0,84.3,0.0,0.0
10.74,0,84.35,0.0,0.0
10.74,0,77.38,0.0,0.0
10.74,0,69.84,0.0,0.0
8.35,0,43.2,0.0,0.0
5.97,0,24.41,0.0,0.0
5.97,0,23.26,0.0,0.0
3.58,0,13.67,0.0,0.0
1.77,0,0.57,0.0,0.0
1.77,0,0.0,0.0,0.0
1.77,0,0.0,0.0,0.0
1.77,0,0.0,0.0,0.0
1.77,0,0.0,0.0,0.0
1.77,0,0.0,0.0,0.0
1.77,0,0.0,0.0,0.0
1.77,0,0.0,0.0,0.0
1.77,0,0.0,0.0,0.0
1.77,0,0.0,0.0,0.0
1.77,0,2.35,0.0,0.0
3.58,0,21.47,0.0,0.0
7.16,0,37.92,0.0,0.0
7.16,0,49.95,0.0,0.0
9.55,0,69.61,0.0,0.0
9.55,0,74.36,0.0,0.0
9.55,0,76.63,0.0,0.0
9.55,0,80.83,0.0,0.0
9.55,0,83.78,0.0,0.0
7.16,0,70.51,0.0,0.0
4.77,0,52.57,0.0,0.0
1.77,0,1.98,0.0,0.0
1.77,0,1.15,0.0,0.0
1.77,0,0.87,0.0,0.0
1.77,0,0.96,0.0,0.0
1.77,0,0.72,0.0,0.0
1.77,0,0.79,0.0,0.0
2.36,0,0.0,0.0,0.0
2.36,0,0.0,0.0,0.0
2.36,0,0.0,0.0,0.0
2.36,0,0.0,0.0,0.0
2.36,0,0.0,0.0,0.0
2.36,0,1.95,0.0,0.0
4.77,0,4.2,0.0,0.0
7.16,0,0.0,0.0,0.0
10.74,0,1.17,0.0,0.0
10.74,0,10.77,0.0,0.0
10.74,0,53.81,0.0,0.0
10.74,0,79.17,0.0,0.0
10.74,0,86.46,0.0,0.0
10.74,0,91.54,0.0,0.0
10.74,0,90.59,0.0,0.0
10.74,0,79.15,0.0,0.0
10.74,0,68.72,0.0,0.0
10.74,0,56.1,0.0,0.0
8.35,0,38.04,0.0,0.0
8.35,0,27.58,0.0,0.0
2.36,0,0.4,0.0,0.0
2.36,0,0.0,0.0,0.0
2.36,0,0.0,0.0,0.0
2.36,0,0.0,0.0,0.0
2.36,0,0.0,0.0,0.0
2.36,0,0.0,0.0,0.0
2.36,0,0.0,0.0,0.0
2.36,0,0.0,0.0,0.0
2.36,0,0.0,0.0,0.0
2.36,0,1.23,0.0,0.0
4.77,0,1.6,0.0,0.0
7.16,0,6.05,0.0,0.0
10.74,0,37.63,0.0,0.0
10.74,0,54.35,0.0,0.0
10.74,0,70.6,0.0,0.0
10.74,0,74.61,0.0,0.0
10.74,0,79.32,0.0,0.0
10.74,0,84.77,0.0,0.0
10.74,0,89.31,0.0,0.0
10.74,0,79.78,0.0,0.0
10.74,0,68.37,0.0,0.0
10.74,0,61.25,0.0,0.0
8.35,0,54.74,0.0,0.0
8.35,0,59.06,0.0,0.0
2.36,0,2.97,0.0,0.0
2.36,0,2.94,0.0,0.0
2.36,0,0.77,0.0,0.0
2.36,0,1.01,0.0,0.0
2.36,0,1.49,0.0,0.0
2.36,0,0.86,0.0,0.0
2.36,0,0.8,0.0,0.0
2.36,0,0.12,0.0,0.0
2.36,0,0.6,0.0,0.0
2.36,0,3.96,0.0,0.0
4.77,0,31.71,0.0,0.0
7.16,0,51.85,0.0,0.0
10.74,0,83.78,0.0,0.0
10.74,0,89.57,0.0,0.0
10.74,0,100.31,0.0,0.0
10.74,0,109.05,0.0,0.0
10.74,0,114.91,0.0,0.0
10.74,0,115.76,0.0,0.0
10.74,0,108.3,0.0,0.0
10.74,0,87.56,0.0,0.0
10.74,0,77.7,0.0,0.0
10.74,0,45.5,0.0,0.0
8.35,0,13.98,0.0,0.0
8.35,0,2.82,0.0,0.0
2.36,0,0.2,0.0,0.0
2.36,0,0.0,0.0,0.0
2.36,0,0.0,0.0,0.0
2.36,0,0.0,0.0,0.0
2.36,0,0.0,0.0,0.0
2.36,0,0.0,0.0,0.0
2.36,0,0.0,0.0,0.0
2.36,0,0.0,0.0,0.0
2.36,0,0.0,0.0,0.0
2.36,0,0.97,0.0,0.0
4.77,0,0.1,0.0,0.0
7.16,0,0.0,0.0,0.0
10.74,0,0.0,0.0,0.0
10.74,0,0.21,0.0,0.0
10.74,0,2.52,0.0,0.0
10.74,0,8.24,0.0,0.0
10.74,0,14.55,0.0,0.0
10.74,0,22.83,0.0,0.0
10.74,0,29.73,0.0,0.0
10.74,0,25.54,0.0,0.0
10.74,0,14.82,0.0,0.0
10.74,0,4.91,0.0,0.0
8.35,0,3.01,0.0,0.0
8.35,0,0.0,0.0,0.0
2.36,0,0.0,0.0,0.0
2.36,0,0.0,0.0,0.0
2.36,0,0.0,0.0,0.0
2.36,0,0.0,0.0,0.0
2.36,0,0.0,0.0,0.0
2.36,0,0.0,0.0,0.0
2.36,0,0.0,0.0,0.0
2.36,0,0.0,0.0,0.0
2.36,0,0.0,0.0,0.0
2.36,0,0.87,0.0,0.0
4.77,0,0.5,0.0,0.0
7.16,0,0.55,0.0,0.0
10.74,0,2.29,0.0,0.0
10.74,0,2.96,0.0,0.0
10.74,0,5.47,0.0,0.0
10.74,0,9.48,0.0,0.0
10.74,0,16.48,0.0,0.0
10.74,0,24.5,0.0,0.0
10.74,0,32.66,0.0,0.0
10.74,0,34.72,0.0,0.0
10.74,0,29.98,0.0,0.0
10.74,0,16.81,0.0,0.0
8.35,0,3.93,0.0,0.0
8.35,0,0.27,0.0,0.0
2.36,0,0.0,0.0,0.0
2.36,0,0.0,0.0,0.0
2.36,0,0.0,0.0,0.0
2.36,0,0.0,0.0,0.0
1.77,0,0.0,0.0,0.0
1.77,0,0.0,0.0,0.0
1.77,0,0.0,0.0,0.0
1.77,0,0.0,0.0,0.0
1.77,0,0.0,0.0,0.0
1.77,0,0.88,0.0,0.0
3.58,0,0.0,0.0,0.0
5.97,0,0.0,0.0,0.0
9.55,0,1.29,0.0,0.0
10.74,0,4.95,0.0,0.0
10.74,0,17.07,0.0,0.0
10.74,0,34.54,0.0,0.0
10.74,0,46.78,0.0,0.0
10.74,0,51.63,0.0,0.0
10.74,0,52.72,0.0,0.0
10.74,0,53.89,0.0,0.0
10.74,0,42.12,0.0,0.0
8.35,0,11.63,0.0,0.0
5.97,0,3.7,0.0,0.0
5.97,0,0.0,0.0,0.0
3.58,0,1.73,0.0,0.0
1.77,0,0.0,0.0,0.0
1.77,0,0.0,0.0,0.0
1.77,0,0.0,0.0,0.0
1.77,0,0.0,0.0,0.0
1.77,0,0.0,0.0,0.0
1.77,0,0.0,0.0,0.0
1.77,0,0.0,0.0,0.0
1.77,0,0.0,0.0,0.0
1.77,0,0.0,0.0,0.0
1.77,0,0.0,0.0,0.0
1.77,0,0.0,0.0,0.0
3.58,0,4.12,0.0,0.0
7.16,0,4.76,0.0,0.0
7.16,0,12.81,0.0,0.0
9.55,0,34.32,0.0,0.0
9.55,0,42.44,0.0,0.0
9.55,0,44.27,0.0,0.0
9.55,0,39.27,0.0,0.0
9.55,0,32.33,0.0,0.0
7.16,0,12.13,0.0,0.0
4.77,0,4.86,0.0,0.0
1.77,0,0.17,0.0,0.0
1.77,0,0.0,0.0,0.0
1.77,0,0.0,0.0,0.0
1.77,0,0.0,0.0,0.0
1.77,0,0.0,0.0,0.0
1.77,0,0.0,0.0,0.0
2.36,0,0.0,0.0,0.0
2.36,0,0.0,0.0,0.0
2.36,0,0.0,0.0,0.0
2.36,0,0.0,0.0,0.0
2.36,0,0.0,0.0,0.0
2.36,0,1.24,0.0,0.0
4.77,0,0.71,0.0,0.0
7.16,0,0.56,0.0,0.0
10.74,0,5.62,0.0,0.0
10.74,0,26.24,0.0,0.0
10.74,0,53.94,0.0,0.0
10.74,0,58.69,0.0,0.0
10.74,0,66.2,0.0,0.0
10.74,0,73.29,0.0,0.0
10.74,0,78.17,0.0,0.0
10.74,0,75.0,0.0,0.0
10.74,0,67.12,0.0,0.0
10.74,0,55.87,0.0,0.0
8.35,0,36.84,0.0,0.0
8.35,0,24.38,0.0,0.0
2.36,0,0.7,0.0,0.0
2.36,0,0.0,0.0,0.0
2.36,0,0.0,0.0,0.0
2.36,0,0.0,0.0,0.0
2.36,0,0.0,0.0,0.0
2.36,0,0.0,0.0,0.0
2.36,0,0.0,0.0,0.0
2.36,0,0.0,0.0,0.0
2.36,0,0.0,0.0,0.0
2.36,0,1.6,0.0,0.0
4.77,0,1.51,0.0,0.0
7.16,0,4.11,0.0,0.0
10.74,0,40.26,0.0,0.0
10.74,0,58.57,0.0,0.0
10.74,0,70.63,0.0,0.0
10.74,0,72.67,0.0,0.0
10.74,0,74.48,0.0,0.0
10.74,0,76.56,0.0,0.0
10.74,0,78.78,0.0,0.0
10.74,0,76.2,0.0,0.0
10.74,0,70.24,0.0,0.0
10.74,0,57.7,0.0,0.0
8.35,0,43.59,0.0,0.0
8.35,0,40.02,0.0,0.0
2.36,0,0.92,0.0,0.0
2.36,0,1.29,0.0,0.0
2.36,0,0.62,0.0,0.0
2.36,0,0.0,0.0,0.0
2.36,0,0.0,0.0,0.0
2.36,0,0.0,0.0,0.0
2.36,0,0.0,0.0,0.0
2.36,0,0.0,0.0,0.0
2.36,0,0.0,0.0,0.0
2.36,0,1.71,0.0,0.0
4.77,0,10.45,0.0,0.0
7.16,0,23.67,0.0,0.0
10.74,0,51.93,0.0,0.0
10.74,0,60.38,0.0,0.0
10.74,0,78.91,0.0,0.0
10.74,0,81.56,0.0,0.0
10.74,0,84.82,0.0,0.0
10.74,0,82.42,0.0,0.0
10.74,0,88.97,0.0,0.0
10.74,0,78.07,0.0,0.0
10.74,0,61.92,0.0,0.0
10.74,0,53.77,0.0,0.0
8.35,0,35.93,0.0,0.0
8.35,0,17.11,0.0,0.0
2.36,0,0.4,0.0,0.0
2.36,0,0.17,0.0,0.0
2.36,0,0.08,0.0,0.0
2.36,0,0.0,0.0,0.0
2.36,0,0.0,0.0,0.0
2.36,0,0.0,0.0,0.0
2.36,0,0.0,0.0,0.0
2.36,0,0.0,0.0,0.0
2.36,0,0.0,0.0,0.0
2.36,0,1.15,0.0,0.0
4.77,0,5.68,0.0,0.0
7.16,0,15.45,0.0,0.0
10.74,0,47.64,0.0,0.0
10.74,0,57.9,0.0,0.0
10.74,0,69.6,0.0,0.0
10.74,0,75.55,0.0,0.0
10.74,0,82.57,0.0,0.0
10.74,0,86.49,0.0,0.0
10.74,0,87.26,0.0,0.0
10.74,0,81.97,0.0,0.0
10.74,0,68.46,0.0,0.0
10.74,0,60.56,0.0,0.0
8.35,0,40.74,0.0,0.0
8.35,0,35.88,0.0,0.0
2.36,0,2.0,0.0,0.0
2.36,0,0.84,0.0,0.0
2.36,0,0.62,0.0,0.0
2.36,0,0.5,0.0,0.0
2.36,0,0.0,0.0,0.0
2.36,0,0.0,0.0,0.0
2.36,0,0.0,0.0,0.0
2.36,0,0.0,0.0,0.0
2.36,0,0.0,0.0,0.0
2.36,0,1.27,0.0,0.0
4.77,0,7.63,0.0,0.0
7.16,0,19.71,0.0,0.0
10.74,0,47.63,0.0,0.0
10.74,0,57.79,0.0,0.0
10.74,0,72.09,0.0,0.0
10.74,0,78.6,0.0,0.0
10.74,0,83.67,0.0,0.0
10.74,0,85.15,0.0,0.0
10.74,0,86.86,0.0,0.0
10.74,0,82.76,0.0,0.0
10.74,0,70.58,0.0,0.0
10.74,0,57.19,0.0,0.0
8.35,0,42.04,0.0,0.0
8.35,0,36.83,0.0,0.0
2.36,0,0.77,0.0,0.0
2.36,0,0.68,0.0,0.0
2.36,0,0.58,0.0,0.0
2.36,0,0.0,0.0,0.0
1.77,0,0.0,0.0,0.0
1.77,0,0.0,0.0,0.0
1.77,0,0.0,0.0,0.0
1.77,0,0.0,0.0,0.0
1.77,0,0.0,0.0,0.0
1.77,0,1.45,0.0,0.0
3.58,0,5.57,0.0,0.0
5.97,0,14.84,0.0,0.0
9.55,0,43.82,0.0,0.0
10.74,0,58.78,0.0,0.0
10.74,0,70.94,0.0,0.0
10.74,0,76.39,0.0,0.0
10.74,0,82.58,0.0,0.0
10.74,0,86.44,0.0,0.0
10.74,0,88.51,0.0,0.0
10.74,0,88.15,0.0,0.0
10.74,0,79.55,0.0,0.0
8.35,0,56.27,0.0,0.0
5.97,0,43.08,0.0,0.0
5.97,0,35.93,0.0,0.0
3.58,0,23.24,0.0,0.0
1.77,0,0.73,0.0,0.0
1.77,0,0.0,0.0,0.0
1.77,0,0.0,0.0,0.0
1.77,0,0.0,0.0,0.0
1.77,0,0.0,0.0,0.0
1.77,0,0.0,0.0,0.0
1.77,0,0.0,0.0,0.0
1.77,0,0.0,0.0,0.0
1.77,0,0.0,0.0,0.0
1.77,0,0.0,0.0,0.0
1.77,0,1.29,0.0,0.0
3.58,0,12.68,0.0,0.0
7.16,0,38.06,0.0,0.0
7.16,0,48.74,0.0,0.0
9.55,0,64.79,0.0,0.0
9.55,0,58.89,0.0,0.0
9.55,0,57.81,0.0,0.0
9.55,0,55.31,0.0,0.0
9.55,0,49.02,0.0,0.0
7.16,0,39.67,0.0,0.0
4.77,0,31.32,0.0,0.0
1.77,0,0.7,0.0,0.0
1.77,0,0.0,0.0,0.0
1.77,0,0.0,0.0,0.0
1.77,0,0.0,0.0,0.0
1.77,0,0.0,0.0,0.0
1.77,0,0.0,0.0,0.0
2.36,0,0.0,0.0,0.0
2.36,0,0.0,0.0,0.0
2.36,0,0.0,0.0,0.0
2.36,0,0.0,0.0,0.0
2.36,0,0.0,0.0,0.0
2.36,0,2.13,0.0,0.0
4.77,0,5.9,0.0,0.0
7.16,0,12.22,0.0,0.0
10.74,0,55.64,0.0,0.0
10.74,0,68.19,0.0,0.0
10.74,0,59.43,0.0,0.0
10.74,0,16.69,0.0,0.0
10.74,0,16.23,0.0,0.0
10.74,0,19.45,0.0,0.0
10.74,0,33.5,0.0,0.0
10.74,0,60.86,0.0,0.0
10.74,0,66.54,0.0,0.0
10.74,0,57.74,0.0,0.0
8.35,0,41.47,0.0,0.0
8.35,0,35.54,0.0,0.0
2.36,0,0.0,0.0,0.0
2.36,0,0.0,0.0,0.0
2.36,0,0.0,0.0,0.0
2.36,0,0.0,0.0,0.0
2.36,0,0.0,0.0,0.0
2.36,0,0.0,0.0,0.0
2.36,0,0.0,0.0,0.0
2.36,0,0.0,0.0,0.0
2.36,0,0.0,0.0,0.0
2.36,0,1.66,0.0,0.0
4.77,0,2.89,0.0,0.0
7.16,0,7.48,0.0,0.0
10.74,0,40.28,0.0,0.0
10.74,0,56.62,0.0,0.0
10.74,0,76.01,0.0,0.0
10.74,0,79.01,0.0,0.0
10.74,0,83.66,0.0,0.0
10.74,0,89.94,0.0,0.0
10.74,0,94.4,0.0,0.0
10.74,0,88.2,0.0,0.0
10.74,0,78.02,0.0,0.0
10.74,0,66.43,0.0,0.0
8.35,0,46.63,0.0,0.0
8.35,0,40.82,0.0,0.0
2.36,0,0.83,0.0,0.0
2.36,0,0.74,0.0,0.0
2.36,0,0.66,0.0,0.0
2.36,0,0.0,0.0,0.0
2.36,0,0.0,0.0,0.0
2.36,0,0.0,0.0,0.0
2.36,0,0.0,0.0,0.0
2.36,0,0.0,0.0,0.0
2.36,0,0.0,0.0,0.0
2.36,0,1.47,0.0,0.0
4.77,0,8.8,0.0,0.0
7.16,0,23.32,0.0,0.0
10.74,0,59.05,0.0,0.0
10.74,0,71.97,0.0,0.0
10.74,0,83.59,0.0,0.0
10.74,0,90.57,0.0,0.0
10.74,0,93.99,0.0,0.0
10.74,0,87.99,0.0,0.0
10.74,0,86.68,0.0,0.0
10.74,0,88.91,0.0,0.0
10.74,0,88.24,0.0,0.0
10.74,0,76.19,0.0,0.0
8.35,0,55.68,0.0,0.0
8.35,0,48.51,0.0,0.0
2.36,0,0.82,0.0,0.0
2.36,0,0.74,0.0,0.0
2.36,0,0.63,0.0,0.0
2.36,0,0.0,0.0,0.0
2.36,0,0.0,0.0,0.0
2.36,0,0.0,0.0,0.0
2.36,0,0.0,0.0,0.0
2.36,0,0.0,0.0,0.0
2.36,0,0.0,0.0,0.0
2.36,0,1.66,0.0,0.0
4.77,0,10.46,0.0,0.0
7.16,0,25.17,0.0,0.0
10.74,0,64.46,0.0,0.0
10.74,0,78.53,0.0,0.0
10.74,0,90.83,0.0,0.0
10.74,0,96.82,0.0,0.0
10.74,0,106.52,0.0,0.0
10.74,0,112.42,0.0,0.0
10.74,0,114.75,0.0,0.0
10.74,0,105.07,0.0,0.0
10.74,0,91.71,0.0,0.0
10.74,0,76.88,0.0,0.0
8.35,0,57.75,0.0,0.0
8.35,0,49.73,0.0,0.0
2.36,0,1.14,0.0,0.0
2.36,0,2.09,0.0,0.0
2.36,0,0.72,0.0,0.0
2.36,0,0.09,0.0,0.0
2.36,0,0.46,0.0,0.0
2.36,0,0.0,0.0,0.0
2.36,0,0.0,0.0,0.0
2.36,0,0.0,0.0,0.0
2.36,0,0.0,0.0,0.0
2.36,0,1.8,0.0,0.0
4.77,0,12.42,0.0,0.0
7.16,0,30.42,0.0,0.0
10.74,0,65.83,0.0,0.0
10.74,0,77.24,0.0,0.0
10.74,0,94.87,0.0,0.0
10.74,0,101.37,0.0,0.0
10.74,0,101.86,0.0,0.0
10.74,0,101.9,0.0,0.0
10.74,0,102.72,0.0,0.0
10.74,0,94.4,0.0,0.0
10.74,0,80.7,0.0,0.0
10.74,0,69.78,0.0,0.0
8.35,0,54.75,0.0,0.0
8.35,0,47.95,0.0,0.0
2.36,0,2.72,0.0,0.0
2.36,0,1.38,0.0,0.0
2.36,0,0.69,0.0,0.0
2.36,0,0.63,0.0,0.0
1.77,0,0.0,0.0,0.0
1.77,0,0.0,0.0,0.0
1.77,0,0.0,0.0,0.0
1.77,0,0.0,0.0,0.0
1.77,0,0.0,0.0,0.0
1.77,0,1.41,0.0,0.0
3.58,0,7.15,0.0,0.0
5.97,0,22.39,0.0,0.0
9.55,0,57.95,0.0,0.0
10.74,0,81.59,0.0,0.0
10.74,0,99.03,0.0,0.0
10.74,0,101.27,0.0,0.0
10.74,0,106.34,0.0,0.0
10.74,0,114.4,0.0,0.0
10.74,0,119.61,0.0,0.0
10.74,0,117.96,0.0,0.0
10.74,0,105.68,0.0,0.0
8.35,0,81.15,0.0,0.0
5.97,0,67.27,0.0,0.0
5.97,0,57.51,0.0,0.0
3.58,0,42.1,0.0,0.0
1.77,0,2.34,0.0,0.0
1.77,0,1.59,0.0,0.0
1.77,0,0.73,0.0,0.0
1.77,0,0.0,0.0,0.0
1.77,0,0.0,0.0,0.0
1.77,0,0.0,0.0,0.0
1.77,0,0.0,0.0,0.0
1.77,0,0.0,0.0,0.0
1.77,0,0.0,0.0,0.0
1.77,0,0.0,0.0,0.0
1.77,0,0.0,0.0,0.0
3.58,0,0.52,0.0,0.0
7.16,0,4.72,0.0,0.0
7.16,0,4.69,0.0,0.0
9.55,0,0.45,0.0,0.0
9.55,0,1.61,0.0,0.0
9.55,0,3.37,0.0,0.0
9.55,0,2.96,0.0,0.0
9.55,0,1.12,0.0,0.0
7.16,0,0.76,0.0,0.0
4.77,0,0.0,0.0,0.0
1.77,0,0.0,0.0,0.0
1.77,0,0.0,0.0,0.0
1.77,0,0.0,0.0,0.0
1.77,0,0.0,0.0,0.0
1.77,0,0.0,0.0,0.0
1.77,0,0.0,0.0,0.0
2.36,0,0.0,0.0,0.0
2.36,0,0.0,0.0,0.0
2.36,0,0.0,0.0,0.0
2.36,0,0.0,0.0,0.0
2.36,0,0.16,0.0,0.0
2.36,0,1.06,0.0,0.0
4.77,0,0.47,0.0,0.0
7.16,0,0.82,0.0,0.0
10.74,0,0.0,0.0,0.0
10.74,0,2.92,0.0,0.0
10.74,0,11.03,0.0,0.0
10.74,0,22.94,0.0,0.0
10.74,0,37.37,0.0,0.0
10.74,0,50.11,0.0,0.0
10.74,0,59.23,0.0,0.0
10.74,0,58.47,0.0,0.0
10.74,0,50.74,0.0,0.0
10.74,0,40.32,0.0,0.0
8.35,0,4.66,0.0,0.0
8.35,0,0.0,0.0,0.0
2.36,0,0.0,0.0,0.0
2.36,0,0.0,0.0,0.0
2.36,0,0.0,0.0,0.0
2.36,0,0.0,0.0,0.0
2.36,0,0.0,0.0,0.0
2.36,0,0.0,0.0,0.0
2.36,0,0.0,0.0,0.0
2.36,0,0.0,0.0,0.0
2.36,0,0.0,0.0,0.0
2.36,0,1.23,0.0,0.0
4.77,0,0.97,0.0,0.0
7.16,0,0.78,0.0,0.0
10.74,0,4.38,0.0,0.0
10.74,0,23.55,0.0,0.0
10.74,0,52.64,0.0,0.0
10.74,0,66.04,0.0,0.0
10.74,0,73.4,0.0,0.0
10.74,0,76.73,0.0,0.0
10.74,0,79.46,0.0,0.0
10.74,0,72.95,0.0,0.0
10.74,0,62.7,0.0,0.0
10.74,0,50.33,0.0,0.0
8.35,0,29.57,0.0,0.0
8.35,0,21.5,0.0,0.0
2.36,0,0.7,0.0,0.0
2.36,0,0.56,0.0,0.0
2.36,0,0.0,0.0,0.0
2.36,0,0.0,0.0,0.0
2.36,0,0.0,0.0,0.0
2.36,0,0.0,0.0,0.0
2.36,0,0.0,0.0,0.0
2.36,0,0.0,0.0,0.0
2.36,0,0.0,0.0,0.0
2.36,0,1.7,0.0,0.0
4.77,0,6.73,0.0,0.0
7.16,0,14.76,0.0,0.0
10.74,0,47.84,0.0,0.0
10.74,0,61.76,0.0,0.0
10.74,0,81.16,0.0,0.0
10.74,0,92.49,0.0,0.0
10.74,0,98.07,0.0,0.0
10.74,0,103.0,0.0,0.0
10.74,0,110.21,0.0,0.0
10.74,0,108.91,0.0,0.0
10.74,0,100.93,0.0,0.0
10.74,0,92.66,0.0,0.0
8.35,0,78.02,0.0,0.0
8.35,0,73.87,0.0,0.0
2.36,0,5.08,0.0,0.0
2.36,0,3.89,0.0,0.0
2.36,0,0.85,0.0,0.0
2.36,0,1.08,0.0,0.0
2.36,0,0.79,0.0,0.0
2.36,0,0.66,0.0,0.0
2.36,0,0.0,0.0,0.0
2.36,0,0.0,0.0,0.0
2.36,0,0.0,0.0,0.0
2.36,0,1.64,0.0,0.0
4.77,0,4.13,0.0,0.0
7.16,0,0.0,0.0,0.0
10.74,0,2.72,0.0,0.0
10.74,0,12.55,0.0,0.0
10.74,0,34.98,0.0,0.0
10.74,0,59.23,0.0,0.0
10.74,0,80.31,0.0,0.0
10.74,0,87.05,0.0,0.0
10.74,0,94.72,0.0,0.0
10.74,0,92.8,0.0,0.0
10.74,0,82.8,0.0,0.0
10.74,0,71.37,0.0,0.0
8.35,0,53.19,0.0,0.0
8.35,0,52.45,0.0,0.0
2.36,0,2.78,0.0,0.0
2.36,0,2.58,0.0,0.0
2.36,0,0.81,0.0,0.0
2.36,0,1.4,0.0,0.0
2.36,0,0.79,0.0,0.0
2.36,0,0.74,0.0,0.0
2.36,0,0.81,0.0,0.0
2.36,0,0.79,0.0,0.0
2.36,0,0.8,0.0,0.0
2.36,0,6.18,0.0,0.0
4.77,0,48.92,0.0,0.0
7.16,0,62.74,0.0,0.0
10.74,0,92.86,0.0,0.0
10.74,0,102.48,0.0,0.0
10.74,0,116.59,0.0,0.0
10.74,0,126.13,0.0,0.0
10.74,0,132.85,0.0,0.0
10.74,0,133.79,0.0,0.0
10.74,0,137.35,0.0,0.0
10.74,0,132.01,0.0,0.0
10.74,0,122.57,0.0,0.0
10.74,0,111.7,0.0,0.0
8.35,0,93.39,0.0,0.0
8.35,0,86.54,0.0,0.0
2.36,0,7.59,0.0,0.0
2.36,0,7.42,0.0,0.0
2.36,0,5.06,0.0,0.0
2.36,0,2.84,0.0,0.0
1.77,0,4.99,0.0,0.0
1.77,0,1.47,0.0,0.0
1.77,0,1.58,0.0,0.0
1.77,0,0.85,0.0,0.0
1.77,0,0.91,0.0,0.0
1.77,0,8.65,0.0,0.0
3.58,0,41.94,0.0,0.0
5.97,0,58.82,0.0,0.0
9.55,0,86.39,0.0,0.0
10.74,0,105.24,0.0,0.0
10.74,0,122.29,0.0,0.0
10.74,0,125.51,0.0,0.0
10.74,0,129.91,0.0,0.0
10.74,0,133.78,0.0,0.0
10.74,0,130.7,0.0,0.0
10.74,0,128.73,0.0,0.0
10.74,0,121.23,0.0,0.0
8.35,0,93.38,0.0,0.0
5.97,0,77.91,0.0,0.0
5.97,0,72.01,0.0,0.0
3.58,0,58.21,0.0,0.0
1.77,0,6.56,0.0,0.0
1.77,0,6.94,0.0,0.0
1.77,0,6.19,0.0,0.0
1.77,0,5.93,0.0,0.0
1.77,0,2.93,0.0,0.0
1.77,0,3.06,0.0,0.0
1.77,0,2.41,0.0,0.0
1.77,0,1.04,0.0,0.0
1.77,0,1.05,0.0,0.0
1.77,0,1.42,0.0,0.0
1.77,0,10.45,0.0,0.0
3.58,0,41.31,0.0,0.0
7.16,0,38.41,0.0,0.0
7.16,0,14.35,0.0,0.0
9.55,0,12.48,0.0,0.0
9.55,0,15.58,0.0,0.0
9.55,0,22.21,0.0,0.0
9.55,0,50.67,0.0,0.0
9.55,0,58.57,0.0,0.0
7.16,0,44.52,0.0,0.0
4.77,0,31.17,0.0,0.0
1.77,0,0.0,0.0,0.0
1.77,0,0.0,0.0,0.0
1.77,0,0.0,0.0,0.0
1.77,0,0.0,0.0,0.0
1.77,0,0.0,0.0,0.0
1.77,0,0.0,0.0,0.0
2.36,0,0.0,0.0,0.0
2.36,0,0.0,0.0,0.0
2.36,0,0.0,0.0,0.0
2.36,0,0.0,0.0,0.0
2.36,0,0.0,0.0,0.0
2.36,0,1.64,0.0,0.0
4.77,0,3.28,0.0,0.0
7.16,0,1.79,0.0,0.0
10.74,0,4.28,0.0,0.0
10.74,0,24.01,0.0,0.0
10.74,0,43.33,0.0,0.0
10.74,0,57.24,0.0,0.0
10.74,0,56.76,0.0,0.0
10.74,0,59.3,0.0,0.0
10.74,0,64.14,0.0,0.0
10.74,0,65.78,0.0,0.0
10.74,0,62.52,0.0,0.0
10.74,0,50.27,0.0,0.0
8.35,0,35.71,0.0,0.0
8.35,0,26.58,0.0,0.0
2.36,0,0.29,0.0,0.0
2.36,0,0.0,0.0,0.0
2.36,0,0.0,0.0,0.0
2.36,0,0.0,0.0,0.0
2.36,0,0.0,0.0,0.0
2.36,0,0.0,0.0,0.0
2.36,0,0.0,0.0,0.0
2.36,0,0.0,0.0,0.0
2.36,0,0.0,0.0,0.0
2.36,0,1.14,0.0,0.0
4.77,0,3.75,0.0,0.0
7.16,0,9.01,0.0,0.0
10.74,0,43.36,0.0,0.0
10.74,0,51.83,0.0,0.0
10.74,0,63.49,0.0,0.0
10.74,0,75.51,0.0,0.0
10.74,0,82.43,0.0,0.0
10.74,0,78.68,0.0,0.0
10.74,0,82.54,0.0,0.0
10.74,0,79.42,0.0,0.0
10.74,0,72.15,0.0,0.0
10.74,0,62.52,0.0,0.0
8.35,0,44.54,0.0,0.0
8.35,0,37.34,0.0,0.0
2.36,0,0.81,0.0,0.0
2.36,0,0.64,0.0,0.0
2.36,0,0.52,0.0,0.0
2.36,0,0.0,0.0,0.0
2.36,0,0.0,0.0,0.0
2.36,0,0.0,0.0,0.0
2.36,0,0.0,0.0,0.0
2.36,0,0.0,0.0,0.0
2.36,0,0.0,0.0,0.0
2.36,0,1.35,0.0,0.0
4.77,0,8.07,0.0,0.0
7.16,0,19.25,0.0,0.0
10.74,0,31.04,0.0,0.0
10.74,0,25.4,0.0,0.0
10.74,0,14.43,0.0,0.0
10.74,0,0.07,0.0,0.0
10.74,0,0.0,0.0,0.0
10.74,0,0.0,0.0,0.0
10.74,0,0.0,0.0,0.0
10.74,0,0.0,0.0,0.0
10.74,0,0.0,0.0,0.0
10.74,0,0.0,0.0,0.0
8.35,0,0.0,0.0,0.0
8.35,0,0.0,0.0,0.0
2.36,0,0.0,0.0,0.0
2.36,0,0.0,0.0,0.0
2.36,0,0.0,0.0,0.0
2.36,0,0.0,0.0,0.0
2.36,0,0.0,0.0,0.0
2.36,0,0.0,0.0,0.0
2.36,0,0.0,0.0,0.0
2.36,0,0.0,0.0,0.0
2.36,0,0.0,0.0,0.0
2.36,0,1.89,0.0,0.0
4.77,0,0.96,0.0,0.0
7.16,0,0.48,0.0,0.0
10.74,0,5.57,0.0,0.0
10.74,0,12.89,0.0,0.0
10.74,0,10.36,0.0,0.0
10.74,0,0.08,0.0,0.0
10.74,0,0.89,0.0,0.0
10.74,0,0.59,0.0,0.0
10.74,0,0.35,0.0,0.0
10.74,0,0.35,0.0,0.0
10.74,0,0.36,0.0,0.0
10.74,0,0.0,0.0,0.0
8.35,0,0.0,0.0,0.0
8.35,0,0.0,0.0,0.0
2.36,0,0.0,0.0,0.0
2.36,0,0.0,0.0,0.0
2.36,0,0.0,0.0,0.0
2.36,0,0.0,0.0,0.0
2.36,0,0.0,0.0,0.0
2.36,0,0.0,0.0,0.0
2.36,0,0.0,0.0,0.0
2.36,0,0.0,0.0,0.0
2.36,0,0.21,0.0,0.0
2.36,0,0.94,0.0,0.0
4.77,0,0.32,0.0,0.0
7.16,0,0.0,0.0,0.0
10.74,0,0.39,0.0,0.0
10.74,0,3.56,0.0,0.0
10.74,0,4.75,0.0,0.0
10.74,0,11.34,0.0,0.0
10.74,0,25.42,0.0,0.0
10.74,0,35.35,0.0,0.0
10.74,0,39.6,0.0,0.0
10.74,0,35.46,0.0,0.0
10.74,0,28.36,0.0,0.0
10.74,0,15.66,0.0,0.0
8.35,0,3.91,0.0,0.0
8.35,0,0.28,0.0,0.0
2.36,0,0.0,0.0,0.0
2.36,0,0.0,0.0,0.0
2.36,0,0.0,0.0,0.0
2.36,0,0.0,0.0,0.0
1.77,0,0.0,0.0,0.0
1.77,0,0.0,0.0,0.0
1.77,0,0.0,0.0,0.0
1.77,0,0.0,0.0,0.0
1.77,0,0.0,0.0,0.0
1.77,0,1.11,0.0,0.0
3.58,0,0.87,0.0,0.0
5.97,0,0.73,0.0,0.0
9.55,0,3.0,0.0,0.0
10.74,0,21.31,0.0,0.0
10.74,0,38.7,0.0,0.0
10.74,0,47.76,0.0,0.0
10.74,0,57.21,0.0,0.0
10.74,0,64.21,0.0,0.0
10.74,0,70.46,0.0,0.0
10.74,0,70.69,0.0,0.0
10.74,0,61.14,0.0,0.0
8.35,0,35.42,0.0,0.0
5.97,0,5.05,0.0,0.0
5.97,0,0.0,0.0,0.0
3.58,0,0.0,0.0,0.0
1.77,0,0.0,0.0,0.0
1.77,0,0.0,0.0,0.0
1.77,0,0.0,0.0,0.0
1.77,0,0.0,0.0,0.0
1.77,0,0.0,0.0,0.0
1.77,0,0.0,0.0,0.0
1.77,0,0.0,0.0,0.0
1.77,0,0.0,0.0,0.0
1.77,0,0.0,0.0,0.0
1.77,0,0.0,0.0,0.0
1.77,0,0.18,0.0,0.0
3.58,0,4.19,0.0,0.0
7.16,0,22.2,0.0,0.0
7.16,0,30.38,0.0,0.0
9.55,0,48.01,0.0,0.0
9.55,0,53.62,0.0,0.0
9.55,0,55.7,0.0,0.0
9.55,0,55.98,0.0,0.0
9.55,0,56.44,0.0,0.0
7.16,0,46.52,0.0,0.0
4.77,0,31.13,0.0,0.0
1.77,0,0.6,0.0,0.0
1.77,0,0.55,0.0,0.0
1.77,0,0.0,0.0,0.0
1.77,0,0.0,0.0,0.0
1.77,0,0.0,0.0,0.0
1.77,0,0.0,0.0,0.0
2.36,0,0.0,0.0,0.0
2.36,0,0.0,0.0,0.0
2.36,0,0.0,0.0,0.0
2.36,0,0.0,0.0,0.0
2.36,0,0.0,0.0,0.0
2.36,0,1.15,0.0,0.0
4.77,0,4.24,0.0,0.0
7.16,0,11.04,0.0,0.0
10.74,0,38.13,0.0,0.0
10.74,0,51.38,0.0,0.0
10.74,0,70.58,0.0,0.0
10.74,0,79.55,0.0,0.0
10.74,0,85.98,0.0,0.0
10.74,0,92.75,0.0,0.0
10.74,0,96.89,0.0,0.0
10.74,0,90.07,0.0,0.0
10.74,0,81.51,0.0,0.0
10.74,0,69.16,0.0,0.0
8.35,0,49.0,0.0,0.0
8.35,0,40.56,0.0,0.0
2.36,0,0.77,0.0,0.0
2.36,0,0.69,0.0,0.0
2.36,0,0.59,0.0,0.0
2.36,0,0.0,0.0,0.0
2.36,0,0.0,0.0,0.0
2.36,0,0.0,0.0,0.0
2.36,0,0.0,0.0,0.0
2.36,0,0.0,0.0,0.0
2.36,0,0.0,0.0,0.0
2.36,0,1.27,0.0,0.0
4.77,0,3.48,0.0,0.0
7.16,0,18.08,0.0,0.0
10.74,0,52.5,0.0,0.0
10.74,0,69.36,0.0,0.0
10.74,0,87.4,0.0,0.0
10.74,0,94.88,0.0,0.0
10.74,0,97.2,0.0,0.0
10.74,0,92.61,0.0,0.0
10.74,0,88.04,0.0,0.0
10.74,0,85.01,0.0,0.0
10.74,0,77.75,0.0,0.0
10.74,0,66.38,0.0,0.0
8.35,0,48.38,0.0,0.0
8.35,0,40.75,0.0,0.0
2.36,0,2.02,0.0,0.0
2.36,0,1.65,0.0,0.0
2.36,0,0.56,0.0,0.0
2.36,0,0.0,0.0,0.0
2.36,0,0.0,0.0,0.0
2.36,0,0.0,0.0,0.0
2.36,0,0.0,0.0,0.0
2.36,0,0.0,0.0,0.0
2.36,0,0.0,0.0,0.0
2.36,0,1.37,0.0,0.0
4.77,0,7.08,0.0,0.0
7.16,0,22.64,0.0,0.0
10.74,0,53.98,0.0,0.0
10.74,0,68.33,0.0,0.0
10.74,0,83.64,0.0,0.0
10.74,0,93.03,0.0,0.0
10.74,0,102.3,0.0,0.0
10.74,0,102.15,0.0,0.0
10.74,0,102.35,0.0,0.0
10.74,0,100.81,0.0,0.0
10.74,0,92.27,0.0,0.0
10.74,0,79.7,0.0,0.0
8.35,0,59.76,0.0,0.0
8.35,0,51.53,0.0,0.0
2.36,0,1.11,0.0,0.0
2.36,0,2.64,0.0,0.0
2.36,0,0.69,0.0,0.0
2.36,0,0.66,0.0,0.0
2.36,0,0.59,0.0,0.0
2.36,0,0.0,0.0,0.0
2.36,0,0.0,0.0,0.0
2.36,0,0.0,0.0,0.0
2.36,0,0.0,0.0,0.0
2.36,0,2.42,0.0,0.0
4.77,0,15.43,0.0,0.0
7.16,0,37.24,0.0,0.0
10.74,0,65.71,0.0,0.0
10.74,0,76.03,0.0,0.0
10.74,0,90.59,0.0,0.0
10.74,0,95.27,0.0,0.0
10.74,0,101.46,0.0,0.0
10.74,0,111.2,0.0,0.0
10.74,0,117.13,0.0,0.0
10.74,0,108.84,0.0,0.0
10.74,0,98.31,0.0,0.0
10.74,0,87.44,0.0,0.0
8.35,0,68.86,0.0,0.0
8.35,0,60.05,0.0,0.0
2.36,0,5.26,0.0,0.0
2.36,0,3.73,0.0,0.0
2.36,0,0.76,0.0,0.0
2.36,0,0.69,0.0,0.0
2.36,0,0.62,0.0,0.0
2.36,0,0.0,0.0,0.0
2.36,0,0.0,0.0,0.0
2.36,0,0.0,0.0,0.0
2.36,0,0.0,0.0,0.0
2.36,0,3.22,0.0,0.0
4.77,0,29.53,0.0,0.0
7.16,0,49.12,0.0,0.0
10.74,0,78.03,0.0,0.0
10.74,0,60.64,0.0,0.0
10.74,0,44.27,0.0,0.0
10.74,0,64.04,0.0,0.0
10.74,0,95.19,0.0,0.0
10.74,0,104.04,0.0,0.0
10.74,0,97.75,0.0,0.0
10.74,0,90.76,0.0,0.0
10.74,0,79.4,0.0,0.0
10.74,0,58.74,0.0,0.0
8.35,0,38.01,0.0,0.0
8.35,0,33.83,0.0,0.0
2.36,0,0.0,0.0,0.0
2.36,0,0.0,0.0,0.0
2.36,0,0.0,0.0,0.0
2.36,0,0.0,0.0,0.0
1.77,0,0.0,0.0,0.0
1.77,0,0.0,0.0,0.0
1.77,0,0.0,0.0,0.0
1.77,0,0.0,0.0,0.0
1.77,0,0.0,0.0,0.0
1.77,0,1.58,0.0,0.0
3.58,0,0.94,0.0,0.0
5.97,0,0.43,0.0,0.0
9.55,0,3.06,0.0,0.0
10.74,0,8.43,0.0,0.0
10.74,0,41.87,0.0,0.0
10.74,0,75.7,0.0,0.0
10.74,0,86.11,0.0,0.0
10.74,0,88.32,0.0,0.0
10.74,0,89.18,0.0,0.0
10.74,0,89.55,0.0,0.0
10.74,0,83.35,0.0,0.0
8.35,0,60.85,0.0,0.0
5.97,0,47.44,0.0,0.0
5.97,0,39.61,0.0,0.0
3.58,0,24.46,0.0,0.0
1.77,0,0.0,0.0,0.0
1.77,0,0.0,0.0,0.0
1.77,0,0.0,0.0,0.0
1.77,0,0.0,0.0,0.0
1.77,0,0.0,0.0,0.0
1.77,0,0.0,0.0,0.0
1.77,0,0.0,0.0,0.0
1.77,0,0.0,0.0,0.0
1.77,0,0.0,0.0,0.0
1.77,0,0.0,0.0,0.0
1.77,0,0.92,0.0,0.0
3.58,0,8.7,0.0,0.0
7.16,0,32.65,0.0,0.0
7.16,0,46.34,0.0,0.0
9.55,0,66.89,0.0,0.0
9.55,0,74.94,0.0,0.0
9.55,0,82.13,0.0,0.0
9.55,0,80.85,0.0,0.0
9.55,0,76.72,0.0,0.0
7.16,0,65.41,0.0,0.0
4.77,0,52.9,0.0,0.0
1.77,0,4.77,0.0,0.0
1.77,0,2.46,0.0,0.0
1.77,0,1.81,0.0,0.0
1.77,0,0.65,0.0,0.0
1.77,0,0.55,0.0,0.0
1.77,0,0.0,0.0,0.0
2.36,0,0.0,0.0,0.0
2.36,0,0.0,0.0,0.0
2.36,0,0.0,0.0,0.0
2.36,0,0.0,0.0,0.0
2.36,0,0.0,0.0,0.0
2.36,0,1.37,0.0,0.0
4.77,0,17.28,0.0,0.0
7.16,0,36.92,0.0,0.0
10.74,0,69.18,0.0,0.0
10.74,0,82.32,0.0,0.0
10.74,0,96.08,0.0,0.0
10.74,0,102.61,0.0,0.0
10.74,0,105.69,0.0,0.0
10.74,0,99.77,0.0,0.0
10.74,0,100.44,0.0,0.0
10.74,0,98.37,0.0,0.0
10.74,0,90.39,0.0,0.0
10.74,0,77.03,0.0,0.0
8.35,0,61.72,0.0,0.0
8.35,0,59.97,0.0,0.0
2.36,0,4.48,0.0,0.0
2.36,0,3.23,0.0,0.0
2.36,0,1.49,0.0,0.0
2.36,0,0.65,0.0,0.0
2.36,0,0.0,0.0,0.0
2.36,0,0.0,0.0,0.0
2.36,0,0.0,0.0,0.0
2.36,0,0.0,0.0,0.0
2.36,0,0.0,0.0,0.0
2.36,0,2.33,0.0,0.0
4.77,0,22.05,0.0,0.0
7.16,0,45.02,0.0,0.0
10.74,0,71.87,0.0,0.0
10.74,0,79.56,0.0,0.0
10.74,0,93.84,0.0,0.0
10.74,0,98.2,0.0,0.0
10.74,0,105.04,0.0,0.0
10.74,0,113.41,0.0,0.0
10.74,0,115.64,0.0,0.0
10.74,0,110.96,0.0,0.0
10.74,0,100.41,0.0,0.0
10.74,0,83.96,0.0,0.0
8.35,0,67.55,0.0,0.0
8.35,0,64.4,0.0,0.0
2.36,0,5.1,0.0,0.0
2.36,0,5.03,0.0,0.0
2.36,0,1.93,0.0,0.0
2.36,0,1.26,0.0,0.0
2.36,0,0.66,0.0,0.0
2.36,0,0.56,0.0,0.0
2.36,0,0.63,0.0,0.0
2.36,0,0.0,0.0,0.0
2.36,0,0.0,0.0,0.0
2.36,0,5.21,0.0,0.0
4.77,0,32.78,0.0,0.0
7.16,0,49.26,0.0,0.0
10.74,0,83.4,0.0,0.0
10.74,0,99.46,0.0,0.0
10.74,0,118.14,0.0,0.0
10.74,0,123.84,0.0,0.0
10.74,0,123.2,0.0,0.0
10.74,0,121.84,0.0,0.0
10.74,0,123.99,0.0,0.0
10.74,0,119.67,0.0,0.0
10.74,0,111.61,0.0,0.0
10.74,0,100.99,0.0,0.0
8.35,0,85.81,0.0,0.0
8.35,0,80.92,0.0,0.0
2.36,0,6.34,0.0,0.0
2.36,0,6.28,0.0,0.0
2.36,0,5.59,0.0,0.0
2.36,0,4.88,0.0,0.0
2.36,0,5.19,0.0,0.0
2.36,0,2.91,0.0,0.0
2.36,0,1.21,0.0,0.0
2.36,0,0.75,0.0,0.0
2.36,0,0.79,0.0,0.0
2.36,0,7.13,0.0,0.0
4.77,0,50.7,0.0,0.0
7.16,0,68.71,0.0,0.0
10.74,0,94.25,0.0,0.0
10.74,0,108.8,0.0,0.0
10.74,0,129.03,0.0,0.0
10.74,0,132.97,0.0,0.0
10.74,0,132.47,0.0,0.0
10.74,0,135.03,0.0,0.0
10.74,0,138.58,0.0,0.0
10.74,0,131.61,0.0,0.0
10.74,0,121.1,0.0,0.0
10.74,0,108.88,0.0,0.0
8.35,0,90.62,0.0,0.0
8.35,0,84.9,0.0,0.0
2.36,0,6.55,0.0,0.0
2.36,0,4.6,0.0,0.0
2.36,0,4.6,0.0,0.0
2.36,0,1.67,0.0,0.0
2.36,0,0.88,0.0,0.0
2.36,0,0.81,0.0,0.0
2.36,0,0.8,0.0,0.0
2.36,0,0.72,0.0,0.0
2.36,0,0.0,0.0,0.0
2.36,0,6.27,0.0,0.0
4.77,0,39.15,0.0,0.0
7.16,0,60.93,0.0,0.0
10.74,0,99.38,0.0,0.0
10.74,0,112.96,0.0,0.0
10.74,0,124.66,0.0,0.0
10.74,0,125.79,0.0,0.0
10.74,0,133.73,0.0,0.0
10.74,0,138.73,0.0,0.0
10.74,0,140.81,0.0,0.0
10.74,0,135.62,0.0,0.0
10.74,0,125.4,0.0,0.0
10.74,0,113.45,0.0,0.0
8.35,0,95.56,0.0,0.0
8.35,0,87.54,0.0,0.0
2.36,0,6.58,0.0,0.0
2.36,0,7.27,0.0,0.0
2.36,0,4.73,0.0,0.0
2.36,0,5.14,0.0,0.0
1.77,0,3.01,0.0,0.0
1.77,0,2.83,0.0,0.0
1.77,0,0.76,0.0,0.0
1.77,0,0.79,0.0,0.0
1.77,0,0.6,0.0,0.0
1.77,0,6.92,0.0,0.0
3.58,0,45.99,0.0,0.0
5.97,0,69.83,0.0,0.0
9.55,0,103.13,0.0,0.0
10.74,0,121.78,0.0,0.0
10.74,0,129.7,0.0,0.0
10.74,0,137.99,0.0,0.0
10.74,0,149.44,0.0,0.0
10.74,0,155.88,0.0,0.0
10.74,0,156.76,0.0,0.0
10.74,0,155.76,0.0,0.0
10.74,0,136.03,0.0,0.0
8.35,0,87.66,0.0,0.0
5.97,0,60.24,0.0,0.0
5.97,0,51.22,0.0,0.0
3.58,0,38.19,0.0,0.0
1.77,0,0.92,0.0,0.0
1.77,0,0.81,0.0,0.0
1.77,0,0.0,0.0,0.0
1.77,0,0.0,0.0,0.0
1.77,0,0.0,0.0,0.0
1.77,0,0.0,0.0,0.0
1.77,0,0.0,0.0,0.0
1.77,0,0.0,0.0,0.0
1.77,0,0.0,0.0,0.0
1.77,0,0.0,0.0,0.0
1.77,0,3.11,0.0,0.0
3.58,0,34.14,0.0,0.0
7.16,0,57.1,0.0,0.0
7.16,0,59.2,0.0,0.0
9.55,0,74.19,0.0,0.0
9.55,0,68.41,0.0,0.0
9.55,0,58.47,0.0,0.0
9.55,0,54.62,0.0,0.0
9.55,0,61.09,0.0,0.0
7.16,0,51.61,0.0,0.0
4.77,0,35.56,0.0,0.0
1.77,0,0.0,0.0,0.0
1.77,0,0.0,0.0,0.0
1.77,0,0.0,0.0,0.0
1.77,0,0.0,0.0,0.0
1.77,0,0.0,0.0,0.0
1.77,0,0.0,0.0,0.0
2.36,0,0.0,0.0,0.0
2.36,0,0.0,0.0,0.0
2.36,0,0.0,0.0,0.0
2.36,0,0.0,0.0,0.0
2.36,0,0.0,0.0,0.0
2.36,0,2.21,0.0,0.0
4.77,0,5.17,0.0,0.0
7.16,0,5.64,0.0,0.0
10.74,0,46.0,0.0,0.0
10.74,0,61.43,0.0,0.0
10.74,0,74.05,0.0,0.0
10.74,0,75.15,0.0,0.0
10.74,0,78.41,0.0,0.0
10.74,0,83.3,0.0,0.0
10.74,0,93.03,0.0,0.0
10.74,0,90.39,0.0,0.0
10.74,0,79.93,0.0,0.0
10.74,0,71.62,0.0,0.0
8.35,0,59.37,0.0,0.0
8.35,0,57.6,0.0,0.0
2.36,0,0.88,0.0,0.0
2.36,0,0.73,0.0,0.0
2.36,0,0.0,0.0,0.0
2.36,0,0.0,0.0,0.0
2.36,0,0.0,0.0,0.0
2.36,0,0.0,0.0,0.0
2.36,0,0.0,0.0,0.0
2.36,0,0.0,0.0,0.0
2.36,0,0.0,0.0,0.0
2.36,0,2.48,0.0,0.0
4.77,0,15.22,0.0,0.0
7.16,0,34.12,0.0,0.0
10.74,0,71.22,0.0,0.0
10.74,0,81.89,0.0,0.0
10.74,0,93.77,0.0,0.0
10.74,0,95.81,0.0,0.0
10.74,0,100.34,0.0,0.0
10.74,0,104.68,0.0,0.0
10.74,0,111.86,0.0,0.0
10.74,0,111.29,0.0,0.0
10.74,0,102.28,0.0,0.0
10.74,0,90.19,0.0,0.0
8.35,0,70.06,0.0,0.0
8.35,0,60.37,0.0,0.0
2.36,0,2.42,0.0,0.0
2.36,0,3.8,0.0,0.0
2.36,0,0.74,0.0,0.0
2.36,0,0.71,0.0,0.0
2.36,0,0.62,0.0,0.0
2.36,0,0.0,0.0,0.0
2.36,0,0.0,0.0,0.0
2.36,0,0.0,0.0,0.0
2.36,0,0.0,0.0,0.0
2.36,0,1.66,0.0,0.0
4.77,0,2.26,0.0,0.0
7.16,0,0.0,0.0,0.0
10.74,0,5.6,0.0,0.0
10.74,0,22.73,0.0,0.0
10.74,0,45.17,0.0,0.0
10.74,0,56.08,0.0,0.0
10.74,0,65.43,0.0,0.0
10.74,0,67.86,0.0,0.0
10.74,0,75.41,0.0,0.0
10.74,0,72.42,0.0,0.0
10.74,0,59.54,0.0,0.0
10.74,0,44.64,0.0,0.0
8.35,0,14.82,0.0,0.0
8.35,0,0.92,0.0,0.0
2.36,0,0.12,0.0,0.0
2.36,0,0.0,0.0,0.0
2.36,0,0.0,0.0,0.0
2.36,0,0.0,0.0,0.0
2.36,0,0.0,0.0,0.0
2.36,0,0.0,0.0,0.0
2.36,0,0.0,0.0,0.0
2.36,0,0.0,0.0,0.0
2.36,0,0.0,0.0,0.0
2.36,0,1.13,0.0,0.0
4.77,0,1.31,0.0,0.0
7.16,0,2.28,0.0,0.0
10.74,0,18.01,0.0,0.0
10.74,0,40.48,0.0,0.0
10.74,0,56.85,0.0,0.0
10.74,0,66.0,0.0,0.0
10.74,0,75.22,0.0,0.0
10.74,0,81.51,0.0,0.0
10.74,0,86.56,0.0,0.0
10.74,0,86.12,0.0,0.0
10.74,0,79.53,0.0,0.0
10.74,0,70.71,0.0,0.0
8.35,0,55.56,0.0,0.0
8.35,0,49.37,0.0,0.0
2.36,0,0.89,0.0,0.0
2.36,0,0.69,0.0,0.0
2.36,0,0.53,0.0,0.0
2.36,0,0.0,0.0,0.0
2.36,0,0.0,0.0,0.0
2.36,0,0.0,0.0,0.0
2.36,0,0.0,0.0,0.0
2.36,0,0.0,0.0,0.0
2.36,0,0.0,0.0,0.0
2.36,0,1.84,0.0,0.0
4.77,0,14.5,0.0,0.0
7.16,0,36.55,0.0,0.0
10.74,0,68.31,0.0,0.0
10.74,0,84.03,0.0,0.0
10.74,0,101.84,0.0,0.0
10.74,0,107.32,0.0,0.0
10.74,0,109.86,0.0,0.0
10.74,0,110.91,0.0,0.0
10.74,0,113.87,0.0,0.0
10.74,0,110.09,0.0,0.0
10.74,0,101.92,0.0,0.0
10.74,0,97.15,0.0,0.0
8.35,0,84.43,0.0,0.0
8.35,0,76.27,0.0,0.0
2.36,0,5.48,0.0,0.0
2.36,0,5.47,0.0,0.0
2.36,0,3.96,0.0,0.0
2.36,0,2.05,0.0,0.0
1.77,0,0.81,0.0,0.0
1.77,0,0.75,0.0,0.0
1.77,0,0.71,0.0,0.0
1.77,0,0.12,0.0,0.0
1.77,0,0.56,0.0,0.0
1.77,0,6.24,0.0,0.0
3.58,0,50.83,0.0,0.0
5.97,0,70.15,0.0,0.0
9.55,0,104.74,0.0,0.0
10.74,0,125.49,0.0,0.0
10.74,0,142.01,0.0,0.0
10.74,0,148.45,0.0,0.0
10.74,0,153.86,0.0,0.0
10.74,0,156.86,0.0,0.0
10.74,0,157.73,0.0,0.0
10.74,0,156.63,0.0,0.0
10.74,0,144.54,0.0,0.0
8.35,0,114.09,0.0,0.0
5.97,0,96.96,0.0,0.0
5.97,0,90.82,0.0,0.0
3.58,0,77.55,0.0,0.0
1.77,0,6.72,0.0,0.0
1.77,0,6.91,0.0,0.0
1.77,0,4.77,0.0,0.0
1.77,0,6.31,0.0,0.0
1.77,0,2.91,0.0,0.0
1.77,0,0.84,0.0,0.0
1.77,0,0.84,0.0,0.0
1.77,0,0.75,0.0,0.0
1.77,0,0.71,0.0,0.0
1.77,0,0.83,0.0,0.0
1.77,0,10.21,0.0,0.0
3.58,0,62.56,0.0,0.0
7.16,0,86.06,0.0,0.0
7.16,0,97.79,0.0,0.0
9.55,0,118.43,0.0,0.0
9.55,0,121.76,0.0,0.0
9.55,0,118.33,0.0,0.0
9.55,0,117.77,0.0,0.0
9.55,0,118.6,0.0,0.0
7.16,0,105.89,0.0,0.0
4.77,0,90.76,0.0,0.0
1.77,0,9.69,0.0,0.0
1.77,0,9.76,0.0,0.0
1.77,0,3.9,0.0,0.0
1.77,0,5.94,0.0,0.0
1.77,0,4.9,0.0,0.0
1.77,0,3.63,0.0,0.0
2.36,0,1.38,0.0,0.0
2.36,0,2.22,0.0,0.0
2.36,0,0.7,0.0,0.0
2.36,0,0.0,0.0,0.0
2.36,0,0.0,0.0,0.0
2.36,0,3.83,0.0,0.0
4.77,0,2.58,0.0,0.0
7.16,0,15.7,0.0,0.0
10.74,0,47.72,0.0,0.0
10.74,0,66.19,0.0,0.0
10.74,0,90.2,0.0,0.0
10.74,0,104.01,0.0,0.0
10.74,0,112.83,0.0,0.0
10.74,0,117.67,0.0,0.0
10.74,0,121.61,0.0,0.0
10.74,0,115.95,0.0,0.0
10.74,0,103.07,0.0,0.0
10.74,0,93.63,0.0,0.0
8.35,0,63.28,0.0,0.0
8.35,0,47.93,0.0,0.0
2.36,0,0.88,0.0,0.0
2.36,0,0.74,0.0,0.0
2.36,0,0.0,0.0,0.0
2.36,0,0.0,0.0,0.0
2.36,0,0.0,0.0,0.0
2.36,0,0.0,0.0,0.0
2.36,0,0.0,0.0,0.0
2.36,0,0.0,0.0,0.0
2.36,0,0.0,0.0,0.0
2.36,0,2.28,0.0,0.0
4.77,0,13.38,0.0,0.0
7.16,0,25.0,0.0,0.0
10.74,0,49.41,0.0,0.0
10.74,0,52.28,0.0,0.0
10.74,0,59.36,0.0,0.0
10.74,0,60.0,0.0,0.0
10.74,0,60.69,0.0,0.0
10.74,0,62.54,0.0,0.0
10.74,0,70.94,0.0,0.0
10.74,0,71.65,0.0,0.0
10.74,0,63.59,0.0,0.0
10.74,0,56.02,0.0,0.0
8.35,0,44.51,0.0,0.0
8.35,0,45.21,0.0,0.0
2.36,0,0.0,0.0,0.0
2.36,0,0.0,0.0,0.0
2.36,0,0.0,0.0,0.0
2.36,0,0.0,0.0,0.0
1.77,0,0.0,0.0,0.0
1.77,0,0.0,0.0,0.0
1.77,0,0.0,0.0,0.0
1.77,0,0.0,0.0,0.0
1.77,0,0.0,0.0,0.0
1.77,0,0.0,0.0,0.0
1.77,0,0.0,0.0,0.0
1.77,0,0.97,0.0,0.0
3.58,0,27.8,0.0,0.0
7.16,0,58.41,0.0,0.0
7.16,0,60.48,0.0,0.0
9.55,0,69.84,0.0,0.0
9.55,0,62.09,0.0,0.0
9.55,0,57.27,0.0,0.0
9.55,0,59.9,0.0,0.0
9.55,0,61.99,0.0,0.0
7.16,0,42.76,0.0,0.0
4.77,0,29.14,0.0,0.0
1.77,0,0.0,0.0,0.0
1.77,0,0.0,0.0,0.0
1.77,0,0.0,0.0,0.0
1.77,0,0.0,0.0,0.0
1.77,0,0.0,0.0,0.0
1.77,0,0.0,0.0,0.0
2.36,0,0.0,0.0,0.0
2.36,0,0.0,0.0,0.0
2.36,0,0.0,0.0,0.0
2.36,0,0.0,0.0,0.0
2.36,0,0.0,0.0,0.0
2.36,0,3.11,0.0,0.0
4.77,0,18.65,0.0,0.0
7.16,0,47.63,0.0,0.0
10.74,0,86.59,0.0,0.0
10.74,0,100.2,0.0,0.0
10.74,0,112.86,0.0,0.0
10.74,0,109.41,0.0,0.0
10.74,0,121.55,0.0,0.0
10.74,0,124.62,0.0,0.0
10.74,0,118.52,0.0,0.0
10.74,0,104.18,0.0,0.0
10.74,0,91.66,0.0,0.0
10.74,0,83.32,0.0,0.0
8.35,0,70.72,0.0,0.0
8.35,0,67.43,0.0,0.0
2.36,0,4.93,0.0,0.0
2.36,0,1.2,0.0,0.0
2.36,0,2.87,0.0,0.0
2.36,0,2.13,0.0,0.0
2.36,0,0.92,0.0,0.0
2.36,0,0.12,0.0,0.0
2.36,0,0.53,0.0,0.0
2.36,0,0.0,0.0,0.0
2.36,0,0.0,0.0,0.0
2.36,0,5.62,0.0,0.0
4.77,0,47.84,0.0,0.0
7.16,0,69.21,0.0,0.0
10.74,0,104.58,0.0,0.0
10.74,0,117.09,0.0,0.0
10.74,0,128.56,0.0,0.0
10.74,0,128.81,0.0,0.0
10.74,0,132.2,0.0,0.0
10.74,0,132.6,0.0,0.0
10.74,0,133.01,0.0,0.0
10.74,0,127.4,0.0,0.0
10.74,0,117.07,0.0,0.0
10.74,0,107.01,0.0,0.0
8.35,0,91.71,0.0,0.0
8.35,0,86.78,0.0,0.0
2.36,0,6.4,0.0,0.0
2.36,0,7.55,0.0,0.0
2.36,0,5.05,0.0,0.0
2.36,0,6.39,0.0,0.0
1.77,0,6.02,0.0,0.0
1.77,0,5.51,0.0,0.0
1.77,0,4.9,0.0,0.0
1.77,0,4.4,0.0,0.0
1.77,0,3.07,0.0,0.0
1.77,0,8.35,0.0,0.0
3.58,0,60.33,0.0,0.0
5.97,0,76.04,0.0,0.0
9.55,0,111.15,0.0,0.0
10.74,0,131.4,0.0,0.0
10.74,0,142.13,0.0,0.0
10.74,0,143.93,0.0,0.0
10.74,0,127.85,0.0,0.0
10.74,0,116.82,0.0,0.0
10.74,0,120.99,0.0,0.0
10.74,0,128.68,0.0,0.0
10.74,0,125.65,0.0,0.0
8.35,0,95.29,0.0,0.0
5.97,0,71.73,0.0,0.0
5.97,0,62.44,0.0,0.0
3.58,0,52.52,0.0,0.0
1.77,0,5.1,0.0,0.0
1.77,0,5.94,0.0,0.0
1.77,0,5.25,0.0,0.0
1.77,0,6.87,0.0,0.0
1.77,0,2.89,0.0,0.0
1.77,0,2.28,0.0,0.0
1.77,0,3.42,0.0,0.0
1.77,0,2.61,0.0,0.0
1.77,0,0.75,0.0,0.0
1.77,0,2.54,0.0,0.0
1.77,0,9.94,0.0,0.0
3.58,0,64.54,0.0,0.0
7.16,0,87.0,0.0,0.0
7.16,0,97.25,0.0,0.0
9.55,0,113.94,0.0,0.0
9.55,0,116.13,0.0,0.0
9.55,0,114.47,0.0,0.0
9.55,0,115.22,0.0,0.0
9.55,0,119.23,0.0,0.0
7.16,0,110.95,0.0,0.0
4.77,0,93.78,0.0,0.0
1.77,0,10.44,0.0,0.0
1.77,0,9.22,0.0,0.0
1.77,0,5.34,0.0,0.0
1.77,0,7.98,0.0,0.0
1.77,0,3.83,0.0,0.0
1.77,0,5.05,0.0,0.0
2.36,0,4.98,0.0,0.0
2.36,0,3.99,0.0,0.0
2.36,0,5.36,0.0,0.0
2.36,0,1.88,0.0,0.0
2.36,0,2.86,0.0,0.0
2.36,0,7.32,0.0,0.0
4.77,0,57.75,0.0,0.0
7.16,0,79.07,0.0,0.0
10.74,0,113.71,0.0,0.0
10.74,0,125.62,0.0,0.0
10.74,0,128.19,0.0,0.0
10.74,0,125.07,0.0,0.0
10.74,0,134.71,0.0,0.0
10.74,0,129.23,0.0,0.0
10.74,0,121.11,0.0,0.0
10.74,0,110.81,0.0,0.0
10.74,0,103.86,0.0,0.0
10.74,0,98.63,0.0,0.0
8.35,0,82.15,0.0,0.0
8.35,0,76.81,0.0,0.0
2.36,0,4.54,0.0,0.0
2.36,0,4.72,0.0,0.0
2.36,0,2.16,0.0,0.0
2.36,0,1.29,0.0,0.0
2.36,0,2.29,0.0,0.0
2.36,0,0.71,0.0,0.0
2.36,0,0.68,0.0,0.0
2.36,0,0.65,0.0,0.0
2.36,0,0.62,0.0,0.0
2.36,0,6.38,0.0,0.0
4.77,0,41.3,0.0,0.0
7.16,0,45.53,0.0,0.0
10.74,0,71.59,0.0,0.0
10.74,0,86.79,0.0,0.0
10.74,0,104.52,0.0,0.0
10.74,0,111.87,0.0,0.0
10.74,0,111.65,0.0,0.0
10.74,0,109.83,0.0,0.0
10.74,0,114.0,0.0,0.0
10.74,0,110.69,0.0,0.0
10.74,0,106.2,0.0,0.0
10.74,0,99.5,0.0,0.0
8.35,0,85.03,0.0,0.0
8.35,0,82.42,0.0,0.0
2.36,0,5.77,0.0,0.0
2.36,0,7.16,0.0,0.0
2.36,0,3.79,0.0,0.0
2.36,0,3.57,0.0,0.0
2.36,0,3.15,0.0,0.0
2.36,0,0.74,0.0,0.0
2.36,0,2.4,0.0,0.0
2.36,0,0.69,0.0,0.0
2.36,0,2.25,0.0,0.0
2.36,0,7.77,0.0,0.0
4.77,0,43.88,0.0,0.0
7.16,0,57.02,0.0,0.0
10.74,0,89.1,0.0,0.0
10.74,0,105.22,0.0,0.0
10.74,0,126.88,0.0,0.0
10.74,0,136.98,0.0,0.0
10.74,0,143.63,0.0,0.0
10.74,0,149.18,0.0,0.0
10.74,0,150.29,0.0,0.0
10.74,0,139.64,0.0,0.0
10.74,0,125.99,0.0,0.0
10.74,0,113.35,0.0,0.0
8.35,0,89.25,0.0,0.0
8.35,0,75.06,0.0,0.0
2.36,0,7.88,0.0,0.0
2.36,0,8.01,0.0,0.0
2.36,0,4.59,0.0,0.0
2.36,0,6.77,0.0,0.0
2.36,0,3.54,0.0,0.0
2.36,0,3.57,0.0,0.0
2.36,0,3.66,0.0,0.0
2.36,0,2.26,0.0,0.0
2.36,0,2.57,0.0,0.0
2.36,0,6.42,0.0,0.0
4.77,0,30.03,0.0,0.0
7.16,0,43.99,0.0,0.0
10.74,0,73.0,0.0,0.0
10.74,0,84.28,0.0,0.0
10.74,0,97.24,0.0,0.0
10.74,0,102.47,0.0,0.0
10.74,0,105.42,0.0,0.0
10.74,0,107.5,0.0,0.0
10.74,0,111.4,0.0,0.0
10.74,0,108.97,0.0,0.0
10.74,0,101.58,0.0,0.0
10.74,0,90.56,0.0,0.0
8.35,0,72.95,0.0,0.0
8.35,0,65.7,0.0,0.0
2.36,0,7.36,0.0,0.0
2.36,0,7.13,0.0,0.0
2.36,0,4.37,0.0,0.0
2.36,0,5.84,0.0,0.0
2.36,0,3.22,0.0,0.0
2.36,0,3.39,0.0,0.0
2.36,0,1.66,0.0,0.0
2.36,0,1.93,0.0,0.0
2.36,0,1.91,0.0,0.0
2.36,0,5.66,0.0,0.0
4.77,0,38.73,0.0,0.0
7.16,0,59.87,0.0,0.0
10.74,0,90.49,0.0,0.0
10.74,0,104.78,0.0,0.0
10.74,0,119.06,0.0,0.0
10.74,0,124.0,0.0,0.0
10.74,0,126.78,0.0,0.0
10.74,0,128.0,0.0,0.0
10.74,0,129.42,0.0,0.0
10.74,0,124.51,0.0,0.0
10.74,0,118.14,0.0,0.0
10.74,0,107.65,0.0,0.0
8.35,0,89.86,0.0,0.0
8.35,0,82.87,0.0,0.0
2.36,0,8.67,0.0,0.0
2.36,0,10.06,0.0,0.0
2.36,0,5.74,0.0,0.0
2.36,0,6.7,0.0,0.0
1.77,0,4.16,0.0,0.0
1.77,0,5.13,0.0,0.0
1.77,0,3.6,0.0,0.0
1.77,0,0.88,0.0,0.0
1.77,0,3.15,0.0,0.0
1.77,0,6.77,0.0,0.0
3.58,0,48.06,0.0,0.0
5.97,0,62.75,0.0,0.0
9.55,0,87.21,0.0,0.0
10.74,0,105.41,0.0,0.0
10.74,0,116.8,0.0,0.0
10.74,0,120.38,0.0,0.0
10.74,0,125.34,0.0,0.0
10.74,0,128.38,0.0,0.0
10.74,0,131.92,0.0,0.0
10.74,0,140.04,0.0,0.0
10.74,0,136.11,0.0,0.0
8.35,0,107.18,0.0,0.0
5.97,0,90.26,0.0,0.0
5.97,0,81.04,0.0,0.0
3.58,0,66.78,0.0,0.0
1.77,0,6.25,0.0,0.0
1.77,0,8.29,0.0,0.0
1.77,0,5.05,0.0,0.0
1.77,0,7.19,0.0,0.0
1.77,0,4.36,0.0,0.0
1.77,0,6.9,0.0,0.0
1.77,0,3.25,0.0,0.0
1.77,0,3.31,0.0,0.0
1.77,0,3.9,0.0,0.0
1.77,0,5.8,0.0,0.0
1.77,0,12.17,0.0,0.0
3.58,0,87.69,0.0,0.0
7.16,0,102.31,0.0,0.0
7.16,0,111.4,0.0,0.0
9.55,0,134.65,0.0,0.0
9.55,0,138.41,0.0,0.0
9.55,0,131.27,0.0,0.0
9.55,0,123.13,0.0,0.0
9.55,0,115.21,0.0,0.0
7.16,0,109.19,0.0,0.0
4.77,0,97.53,0.0,0.0
1.77,0,8.89,0.0,0.0
1.77,0,8.03,0.0,0.0
1.77,0,5.61,0.0,0.0
1.77,0,7.65,0.0,0.0
1.77,0,5.1,0.0,0.0
1.77,0,6.11,0.0,0.0
2.36,0,6.73,0.0,0.0
2.36,0,6.33,0.0,0.0
2.36,0,4.55,0.0,0.0
2.36,0,2.95,0.0,0.0
2.36,0,3.86,0.0,0.0
2.36,0,8.29,0.0,0.0
4.77,0,66.15,0.0,0.0
7.16,0,81.95,0.0,0.0
10.74,0,108.54,0.0,0.0
10.74,0,102.43,0.0,0.0
10.74,0,100.92,0.0,0.0
10.74,0,106.06,0.0,0.0
10.74,0,116.45,0.0,0.0
10.74,0,115.23,0.0,0.0
10.74,0,113.46,0.0,0.0
10.74,0,106.05,0.0,0.0
10.74,0,96.6,0.0,0.0
10.74,0,88.73,0.0,0.0
8.35,0,75.86,0.0,0.0
8.35,0,71.59,0.0,0.0
2.36,0,3.35,0.0,0.0
2.36,0,1.5,0.0,0.0
2.36,0,1.62,0.0,0.0
2.36,0,0.75,0.0,0.0
2.36,0,0.7,0.0,0.0
2.36,0,0.7,0.0,0.0
2.36,0,0.67,0.0,0.0
2.36,0,0.11,0.0,0.0
2.36,0,0.57,0.0,0.0
2.36,0,6.45,0.0,0.0
4.77,0,49.01,0.0,0.0
7.16,0,68.0,0.0,0.0
10.74,0,103.13,0.0,0.0
10.74,0,116.11,0.0,0.0
10.74,0,133.17,0.0,0.0
10.74,0,143.7,0.0,0.0
10.74,0,152.18,0.0,0.0
10.74,0,148.89,0.0,0.0
10.74,0,144.3,0.0,0.0
10.74,0,140.9,0.0,0.0
10.74,0,135.58,0.0,0.0
10.74,0,127.61,0.0,0.0
8.35,0,110.73,0.0,0.0
8.35,0,102.54,0.0,0.0
2.36,0,8.39,0.0,0.0
2.36,0,9.34,0.0,0.0
2.36,0,5.39,0.0,0.0
2.36,0,7.71,0.0,0.0
2.36,0,4.56,0.0,0.0
2.36,0,6.41,0.0,0.0
2.36,0,4.77,0.0,0.0
2.36,0,6.02,0.0,0.0
2.36,0,5.12,0.0,0.0
2.36,0,8.6,0.0,0.0
4.77,0,72.95,0.0,0.0
7.16,0,93.26,0.0,0.0
10.74,0,126.69,0.0,0.0
10.74,0,136.11,0.0,0.0
10.74,0,153.13,0.0,0.0
10.74,0,158.6,0.0,0.0
10.74,0,146.66,0.0,0.0
10.74,0,149.01,0.0,0.0
10.74,0,163.79,0.0,0.0
10.74,0,159.55,0.0,0.0
10.74,0,151.39,0.0,0.0
10.74,0,143.7,0.0,0.0
8.35,0,127.34,0.0,0.0
8.35,0,116.1,0.0,0.0
2.36,0,12.69,0.0,0.0
2.36,0,12.24,0.0,0.0
2.36,0,11.08,0.0,0.0
2.36,0,9.12,0.0,0.0
2.36,0,8.39,0.0,0.0
2.36,0,7.34,0.0,0.0
2.36,0,7.86,0.0,0.0
2.36,0,7.39,0.0,0.0
2.36,0,6.15,0.0,0.0
2.36,0,9.67,0.0,0.0
4.77,0,78.45,0.0,0.0
7.16,0,97.24,0.0,0.0
10.74,0,129.22,0.0,0.0
10.74,0,141.79,0.0,0.0
10.74,0,159.44,0.0,0.0
10.74,0,153.65,0.0,0.0
10.74,0,144.0,0.0,0.0
10.74,0,144.59,0.0,0.0
10.74,0,157.35,0.0,0.0
10.74,0,166.01,0.0,0.0
10.74,0,162.01,0.0,0.0
10.74,0,146.92,0.0,0.0
8.35,0,122.55,0.0,0.0
8.35,0,112.06,0.0,0.0
2.36,0,9.92,0.0,0.0
2.36,0,11.19,0.0,0.0
2.36,0,6.27,0.0,0.0
2.36,0,8.31,0.0,0.0
2.36,0,4.25,0.0,0.0
2.36,0,6.94,0.0,0.0
2.36,0,4.15,0.0,0.0
2.36,0,6.73,0.0,0.0
2.36,0,3.89,0.0,0.0
2.36,0,8.56,0.0,0.0
4.77,0,71.8,0.0,0.0
7.16,0,92.45,0.0,0.0
10.74,0,125.06,0.0,0.0
10.74,0,134.98,0.0,0.0
10.74,0,148.92,0.0,0.0
10.74,0,153.74,0.0,0.0
10.74,0,157.72,0.0,0.0
10.74,0,164.34,0.0,0.0
10.74,0,172.02,0.0,0.0
10.74,0,161.97,0.0,0.0
10.74,0,151.87,0.0,0.0
10.74,0,146.28,0.0,0.0
8.35,0,127.14,0.0,0.0
8.35,0,113.95,0.0,0.0
2.36,0,12.55,0.0,0.0
2.36,0,12.03,0.0,0.0
2.36,0,9.64,0.0,0.0
2.36,0,10.07,0.0,0.0
1.77,0,7.55,0.0,0.0
1.77,0,8.55,0.0,0.0
1.77,0,3.62,0.0,0.0
1.77,0,6.06,0.0,0.0
1.77,0,4.11,0.0,0.0
1.77,0,7.57,0.0,0.0
3.58,0,52.64,0.0,0.0
5.97,0,73.1,0.0,0.0
9.55,0,103.42,0.0,0.0
10.74,0,125.72,0.0,0.0
10.74,0,138.07,0.0,0.0
10.74,0,141.01,0.0,0.0
10.74,0,147.23,0.0,0.0
10.74,0,150.79,0.0,0.0
10.74,0,149.68,0.0,0.0
10.74,0,145.51,0.0,0.0
10.74,0,135.82,0.0,0.0
8.35,0,113.83,0.0,0.0
5.97,0,103.84,0.0,0.0
5.97,0,96.36,0.0,0.0
3.58,0,82.34,0.0,0.0
1.77,0,6.42,0.0,0.0
1.77,0,9.02,0.0,0.0
1.77,0,5.43,0.0,0.0
1.77,0,7.81,0.0,0.0
1.77,0,3.78,0.0,0.0
1.77,0,5.46,0.0,0.0
1.77,0,4.57,0.0,0.0
1.77,0,4.03,0.0,0.0
1.77,0,4.44,0.0,0.0
1.77,0,5.5,0.0,0.0
1.77,0,12.61,0.0,0.0
3.58,0,95.43,0.0,0.0
7.16,0,113.94,0.0,0.0
7.16,0,121.73,0.0,0.0
9.55,0,142.21,0.0,0.0
9.55,0,146.15,0.0,0.0
9.55,0,112.36,0.0,0.0
9.55,0,87.28,0.0,0.0
9.55,0,88.28,0.0,0.0
7.16,0,71.26,0.0,0.0
4.77,0,57.1,0.0,0.0
1.77,0,4.14,0.0,0.0
1.77,0,5.47,0.0,0.0
1.77,0,2.88,0.0,0.0
1.77,0,3.14,0.0,0.0
1.77,0,2.67,0.0,0.0
1.77,0,1.26,0.0,0.0
2.36,0,2.24,0.0,0.0
2.36,0,0.76,0.0,0.0
2.36,0,2.11,0.0,0.0
2.36,0,2.15,0.0,0.0
2.36,0,0.69,0.0,0.0
2.36,0,7.5,0.0,0.0
4.77,0,66.14,0.0,0.0
7.16,0,91.13,0.0,0.0
10.74,0,126.8,0.0,0.0
10.74,0,137.64,0.0,0.0
10.74,0,153.3,0.0,0.0
10.74,0,153.36,0.0,0.0
10.74,0,157.35,0.0,0.0
10.74,0,164.15,0.0,0.0
10.74,0,170.41,0.0,0.0
10.74,0,164.05,0.0,0.0
10.74,0,147.77,0.0,0.0
10.74,0,133.64,0.0,0.0
8.35,0,117.67,0.0,0.0
8.35,0,113.13,0.0,0.0
2.36,0,12.24,0.0,0.0
2.36,0,11.99,0.0,0.0
2.36,0,11.38,0.0,0.0
2.36,0,9.57,0.0,0.0
2.36,0,9.55,0.0,0.0
2.36,0,9.53,0.0,0.0
2.36,0,7.88,0.0,0.0
2.36,0,7.72,0.0,0.0
2.36,0,6.95,0.0,0.0
2.36,0,9.72,0.0,0.0
4.77,0,79.33,0.0,0.0
7.16,0,79.27,0.0,0.0
10.74,0,103.34,0.0,0.0
10.74,0,105.72,0.0,0.0
10.74,0,113.43,0.0,0.0
10.74,0,111.23,0.0,0.0
10.74,0,103.28,0.0,0.0
10.74,0,100.08,0.0,0.0
10.74,0,105.32,0.0,0.0
10.74,0,102.84,0.0,0.0
10.74,0,92.83,0.0,0.0
10.74,0,83.36,0.0,0.0
8.35,0,69.47,0.0,0.0
8.35,0,69.91,0.0,0.0
2.36,0,0.9,0.0,0.0
2.36,0,0.95,0.0,0.0
2.36,0,0.89,0.0,0.0
2.36,0,0.85,0.0,0.0
2.36,0,0.85,0.0,0.0
2.36,0,0.89,0.0,0.0
2.36,0,0.14,0.0,0.0
2.36,0,0.73,0.0,0.0
2.36,0,0.9,0.0,0.0
2.36,0,10.23,0.0,0.0
4.77,0,64.71,0.0,0.0
7.16,0,87.97,0.0,0.0
10.74,0,118.84,0.0,0.0
10.74,0,120.77,0.0,0.0
10.74,0,122.8,0.0,0.0
10.74,0,122.75,0.0,0.0
10.74,0,127.98,0.0,0.0
10.74,0,138.67,0.0,0.0
10.74,0,150.38,0.0,0.0
10.74,0,150.04,0.0,0.0
10.74,0,142.56,0.0,0.0
10.74,0,131.61,0.0,0.0
8.35,0,111.95,0.0,0.0
8.35,0,106.91,0.0,0.0
2.36,0,8.55,0.0,0.0
2.36,0,11.16,0.0,0.0
2.36,0,7.45,0.0,0.0
2.36,0,9.02,0.0,0.0
2.36,0,6.01,0.0,0.0
2.36,0,8.25,0.0,0.0
2.36,0,6.88,0.0,0.0
2.36,0,7.06,0.0,0.0
2.36,0,6.12,0.0,0.0
2.36,0,11.25,0.0,0.0
4.77,0,81.08,0.0,0.0
7.16,0,100.64,0.0,0.0
10.74,0,132.81,0.0,0.0
10.74,0,140.61,0.0,0.0
10.74,0,153.76,0.0,0.0
10.74,0,157.41,0.0,0.0
10.74,0,162.34,0.0,0.0
10.74,0,164.5,0.0,0.0
10.74,0,170.12,0.0,0.0
10.74,0,167.15,0.0,0.0
10.74,0,157.64,0.0,0.0
10.74,0,145.62,0.0,0.0
8.35,0,128.02,0.0,0.0
8.35,0,121.02,0.0,0.0
2.36,0,13.31,0.0,0.0
2.36,0,12.53,0.0,0.0
2.36,0,11.84,0.0,0.0
2.36,0,14.05,0.0,0.0
2.36,0,11.55,0.0,0.0
2.36,0,11.18,0.0,0.0
2.36,0,9.44,0.0,0.0
2.36,0,12.72,0.0,0.0
2.36,0,7.22,0.0,0.0
2.36,0,12.45,0.0,0.0
4.77,0,91.34,0.0,0.0
7.16,0,107.18,0.0,0.0
10.74,0,138.32,0.0,0.0
10.74,0,146.3,0.0,0.0
10.74,0,164.09,0.0,0.0
10.74,0,174.94,0.0,0.0
10.74,0,175.44,0.0,0.0
10.74,0,178.66,0.0,0.0
10.74,0,182.65,0.0,0.0
10.74,0,178.95,0.0,0.0
10.74,0,171.1,0.0,0.0
10.74,0,156.59,0.0,0.0
8.35,0,136.93,0.0,0.0
8.35,0,128.82,0.0,0.0
2.36,0,13.39,0.0,0.0
2.36,0,12.87,0.0,0.0
2.36,0,11.67,0.0,0.0
2.36,0,9.75,0.0,0.0
1.77,0,9.01,0.0,0.0
1.77,0,8.66,0.0,0.0
1.77,0,8.63,0.0,0.0
1.77,0,8.44,0.0,0.0
1.77,0,6.23,0.0,0.0
1.77,0,10.63,0.0,0.0
3.58,0,85.58,0.0,0.0
5.97,0,105.81,0.0,0.0
9.55,0,140.71,0.0,0.0
10.74,0,160.46,0.0,0.0
10.74,0,163.72,0.0,0.0
10.74,0,163.5,0.0,0.0
10.74,0,130.83,0.0,0.0
10.74,0,114.48,0.0,0.0
10.74,0,125.18,0.0,0.0
10.74,0,135.85,0.0,0.0
10.74,0,132.0,0.0,0.0
8.35,0,104.16,0.0,0.0
5.97,0,89.56,0.0,0.0
5.97,0,81.15,0.0,0.0
3.58,0,63.23,0.0,0.0
1.77,0,4.6,0.0,0.0
1.77,0,5.82,0.0,0.0
1.77,0,3.4,0.0,0.0
1.77,0,2.59,0.0,0.0
1.77,0,2.12,0.0,0.0
1.77,0,1.1,0.0,0.0
1.77,0,2.11,0.0,0.0
1.77,0,0.63,0.0,0.0
1.77,0,0.29,0.0,0.0
1.77,0,3.38,0.0,0.0
1.77,0,9.72,0.0,0.0
3.58,0,76.54,0.0,0.0
7.16,0,97.84,0.0,0.0
7.16,0,110.19,0.0,0.0
9.55,0,132.71,0.0,0.0
9.55,0,130.39,0.0,0.0
9.55,0,122.13,0.0,0.0
9.55,0,123.14,0.0,0.0
9.55,0,125.1,0.0,0.0
7.16,0,113.9,0.0,0.0
4.77,0,102.12,0.0,0.0
1.77,0,11.7,0.0,0.0
1.77,0,10.32,0.0,0.0
1.77,0,5.49,0.0,0.0
1.77,0,7.05,0.0,0.0
1.77,0,3.73,0.0,0.0
1.77,0,6.02,0.0,0.0
2.36,0,4.74,0.0,0.0
2.36,0,4.28,0.0,0.0
2.36,0,3.81,0.0,0.0
2.36,0,0.7,0.0,0.0
2.36,0,3.22,0.0,0.0
2.36,0,6.69,0.0,0.0
4.77,0,48.9,0.0,0.0
7.16,0,64.97,0.0,0.0
10.74,0,92.9,0.0,0.0
10.74,0,101.85,0.0,0.0
10.74,0,119.73,0.0,0.0
10.74,0,133.28,0.0,0.0
10.74,0,135.09,0.0,0.0
10.74,0,137.6,0.0,0.0
10.74,0,143.23,0.0,0.0
10.74,0,140.09,0.0,0.0
10.74,0,129.5,0.0,0.0
10.74,0,116.64,0.0,0.0
8.35,0,103.58,0.0,0.0
8.35,0,98.88,0.0,0.0
2.36,0,9.64,0.0,0.0
2.36,0,12.33,0.0,0.0
2.36,0,9.57,0.0,0.0
2.36,0,9.95,0.0,0.0
2.36,0,7.04,0.0,0.0
2.36,0,6.63,0.0,0.0
2.36,0,7.5,0.0,0.0
2.36,0,3.21,0.0,0.0
2.36,0,5.84,0.0,0.0
2.36,0,8.49,0.0,0.0
4.77,0,77.9,0.0,0.0
7.16,0,82.13,0.0,0.0
10.74,0,107.23,0.0,0.0
10.74,0,110.67,0.0,0.0
10.74,0,118.19,0.0,0.0
10.74,0,116.2,0.0,0.0
10.74,0,114.12,0.0,0.0
10.74,0,116.01,0.0,0.0
10.74,0,116.97,0.0,0.0
10.74,0,109.52,0.0,0.0
10.74,0,104.49,0.0,0.0
10.74,0,95.38,0.0,0.0
8.35,0,80.41,0.0,0.0
8.35,0,76.29,0.0,0.0
2.36,0,7.97,0.0,0.0
2.36,0,7.42,0.0,0.0
2.36,0,4.56,0.0,0.0
2.36,0,6.45,0.0,0.0
2.36,0,3.91,0.0,0.0
2.36,0,5.61,0.0,0.0
2.36,0,3.59,0.0,0.0
2.36,0,4.1,0.0,0.0
2.36,0,4.74,0.0,0.0
2.36,0,7.79,0.0,0.0
4.77,0,69.24,0.0,0.0
7.16,0,75.44,0.0,0.0
10.74,0,103.13,0.0,0.0
10.74,0,117.96,0.0,0.0
10.74,0,132.23,0.0,0.0
10.74,0,135.24,0.0,0.0
10.74,0,135.66,0.0,0.0
10.74,0,133.96,0.0,0.0
10.74,0,135.65,0.0,0.0
10.74,0,129.13,0.0,0.0
10.74,0,118.91,0.0,0.0
10.74,0,108.9,0.0,0.0
8.35,0,92.17,0.0,0.0
8.35,0,89.18,0.0,0.0
2.36,0,9.22,0.0,0.0
2.36,0,8.86,0.0,0.0
2.36,0,5.28,0.0,0.0
2.36,0,8.17,0.0,0.0
2.36,0,3.93,0.0,0.0
2.36,0,5.21,0.0,0.0
2.36,0,5.54,0.0,0.0
2.36,0,6.54,0.0,0.0
2.36,0,3.8,0.0,0.0
2.36,0,8.49,0.0,0.0
4.77,0,49.34,0.0,0.0
7.16,0,69.42,0.0,0.0
10.74,0,107.69,0.0,0.0
10.74,0,118.92,0.0,0.0
10.74,0,133.45,0.0,0.0
10.74,0,130.28,0.0,0.0
10.74,0,134.15,0.0,0.0
10.74,0,146.94,0.0,0.0
10.74,0,156.9,0.0,0.0
10.74,0,153.94,0.0,0.0
10.74,0,147.77,0.0,0.0
10.74,0,136.25,0.0,0.0
8.35,0,121.59,0.0,0.0
8.35,0,119.4,0.0,0.0
2.36,0,10.22,0.0,0.0
2.36,0,12.07,0.0,0.0
2.36,0,7.15,0.0,0.0
2.36,0,9.35,0.0,0.0
2.36,0,4.74,0.0,0.0
2.36,0,7.96,0.0,0.0
2.36,0,4.97,0.0,0.0
2.36,0,6.6,0.0,0.0
2.36,0,6.08,0.0,0.0
2.36,0,9.77,0.0,0.0
4.77,0,82.81,0.0,0.0
7.16,0,102.25,0.0,0.0
10.74,0,139.29,0.0,0.0
10.74,0,151.56,0.0,0.0
10.74,0,166.82,0.0,0.0
10.74,0,170.76,0.0,0.0
10.74,0,171.01,0.0,0.0
10.74,0,171.95,0.0,0.0
10.74,0,173.81,0.0,0.0
10.74,0,164.35,0.0,0.0
10.74,0,154.93,0.0,0.0
10.74,0,145.95,0.0,0.0
8.35,0,130.47,0.0,0.0
8.35,0,124.59,0.0,0.0
2.36,0,12.96,0.0,0.0
2.36,0,11.74,0.0,0.0
2.36,0,10.24,0.0,0.0
2.36,0,10.62,0.0,0.0
1.77,0,9.87,0.0,0.0
1.77,0,7.65,0.0,0.0
1.77,0,8.81,0.0,0.0
1.77,0,8.06,0.0,0.0
1.77,0,6.59,0.0,0.0
1.77,0,10.13,0.0,0.0
3.58,0,86.38,0.0,0.0
5.97,0,104.75,0.0,0.0
9.55,0,134.51,0.0,0.0
10.74,0,153.64,0.0,0.0
10.74,0,172.02,0.0,0.0
10.74,0,183.98,0.0,0.0
10.74,0,187.62,0.0,0.0
10.74,0,186.44,0.0,0.0
10.74,0,177.19,0.0,0.0
10.74,0,166.33,0.0,0.0
10.74,0,158.19,0.0,0.0
8.35,0,138.83,0.0,0.0
5.97,0,122.03,0.0,0.0
5.97,0,110.14,0.0,0.0
3.58,0,92.75,0.0,0.0
1.77,0,9.92,0.0,0.0
1.77,0,11.5,0.0,0.0
1.77,0,6.38,0.0,0.0
1.77,0,7.0,0.0,0.0
1.77,0,5.02,0.0,0.0
1.77,0,6.92,0.0,0.0
1.77,0,3.94,0.0,0.0
1.77,0,5.88,0.0,0.0
1.77,0,4.15,0.0,0.0
1.77,0,6.47,0.0,0.0
1.77,0,13.53,0.0,0.0
3.58,0,104.65,0.0,0.0
7.16,0,116.8,0.0,0.0
7.16,0,128.23,0.0,0.0
9.55,0,149.04,0.0,0.0
9.55,0,152.77,0.0,0.0
9.55,0,151.76,0.0,0.0
9.55,0,150.28,0.0,0.0
9.55,0,145.89,0.0,0.0
7.16,0,128.69,0.0,0.0
4.77,0,111.61,0.0,0.0
1.77,0,12.38,0.0,0.0
1.77,0,10.72,0.0,0.0
1.77,0,12.63,0.0,0.0
1.77,0,10.1,0.0,0.0
1.77,0,11.69,0.0,0.0
1.77,0,8.2,0.0,0.0
2.36,0,11.33,0.0,0.0
2.36,0,7.66,0.0,0.0
2.36,0,9.1,0.0,0.0
2.36,0,5.09,0.0,0.0
2.36,0,6.64,0.0,0.0
2.36,0,9.88,0.0,0.0
4.77,0,90.93,0.0,0.0
7.16,0,105.95,0.0,0.0
10.74,0,140.95,0.0,0.0
10.74,0,148.77,0.0,0.0
10.74,0,160.28,0.0,0.0
10.74,0,172.71,0.0,0.0
10.74,0,182.55,0.0,0.0
10.74,0,179.35,0.0,0.0
10.74,0,177.4,0.0,0.0
10.74,0,172.45,0.0,0.0
10.74,0,165.33,0.0,0.0
10.74,0,157.16,0.0,0.0
8.35,0,140.93,0.0,0.0
8.35,0,130.47,0.0,0.0
2.36,0,13.44,0.0,0.0
2.36,0,12.39,0.0,0.0
2.36,0,13.54,0.0,0.0
2.36,0,9.96,0.0,0.0
1.77,0,8.87,0.0,0.0
1.77,0,6.33,0.0,0.0
1.77,0,7.0,0.0,0.0
1.77,0,4.21,0.0,0.0
1.77,0,6.55,0.0,0.0
1.77,0,3.75,0.0,0.0
1.77,0,7.58,0.0,0.0
1.77,0,13.66,0.0,0.0
3.58,0,110.78,0.0,0.0
7.16,0,122.39,0.0,0.0
7.16,0,129.46,0.0,0.0
9.55,0,148.75,0.0,0.0
9.55,0,151.53,0.0,0.0
9.55,0,157.04,0.0,0.0
9.55,0,158.69,0.0,0.0
9.55,0,155.99,0.0,0.0
7.16,0,141.37,0.0,0.0
4.77,0,123.85,0.0,0.0
1.77,0,14.64,0.0,0.0
1.77,0,12.15,0.0,0.0
1.77,0,14.31,0.0,0.0
1.77,0,10.64,0.0,0.0
1.77,0,12.18,0.0,0.0
1.77,0,9.37,0.0,0.0
2.36,0,10.88,0.0,0.0
2.36,0,7.37,0.0,0.0
2.36,0,10.48,0.0,0.0
2.36,0,4.56,0.0,0.0
2.36,0,7.04,0.0,0.0
2.36,0,9.61,0.0,0.0
4.77,0,100.16,0.0,0.0
7.16,0,112.93,0.0,0.0
10.74,0,146.65,0.0,0.0
10.74,0,152.17,0.0,0.0
10.74,0,164.93,0.0,0.0
10.74,0,173.59,0.0,0.0
10.74,0,175.32,0.0,0.0
10.74,0,174.22,0.0,0.0
10.74,0,176.78,0.0,0.0
10.74,0,173.65,0.0,0.0
10.74,0,165.65,0.0,0.0
10.74,0,150.67,0.0,0.0
8.35,0,130.82,0.0,0.0
8.35,0,125.39,0.0,0.0
2.36,0,13.35,0.0,0.0
2.36,0,11.64,0.0,0.0
2.36,0,13.86,0.0,0.0
2.36,0,10.49,0.0,0.0
2.36,0,11.87,0.0,0.0
2.36,0,7.24,0.0,0.0
2.36,0,10.02,0.0,0.0
2.36,0,4.82,0.0,0.0
2.36,0,7.32,0.0,0.0
2.36,0,10.4,0.0,0.0
4.77,0,95.78,0.0,0.0
7.16,0,109.03,0.0,0.0
10.74,0,140.82,0.0,0.0
10.74,0,149.09,0.0,0.0
10.74,0,163.92,0.0,0.0
10.74,0,157.76,0.0,0.0
10.74,0,148.07,0.0,0.0
10.74,0,145.95,0.0,0.0
10.74,0,149.4,0.0,0.0
10.74,0,158.41,0.0,0.0
10.74,0,157.76,0.0,0.0
10.74,0,149.51,0.0,0.0
8.35,0,132.6,0.0,0.0
8.35,0,124.12,0.0,0.0
2.36,0,12.39,0.0,0.0
2.36,0,10.62,0.0,0.0
2.36,0,9.31,0.0,0.0
2.36,0,11.37,0.0,0.0
2.36,0,7.89,0.0,0.0
2.36,0,7.57,0.0,0.0
2.36,0,7.95,0.0,0.0
2.36,0,6.24,0.0,0.0
2.36,0,5.84,0.0,0.0
2.36,0,9.14,0.0,0.0
4.77,0,86.29,0.0,0.0
7.16,0,109.9,0.0,0.0
10.74,0,146.38,0.0,0.0
10.74,0,157.57,0.0,0.0
10.74,0,174.29,0.0,0.0
10.74,0,179.54,0.0,0.0
10.74,0,171.78,0.0,0.0
10.74,0,153.45,0.0,0.0
10.74,0,134.86,0.0,0.0
10.74,0,126.98,0.0,0.0
10.74,0,126.0,0.0,0.0
10.74,0,120.12,0.0,0.0
8.35,0,102.28,0.0,0.0
8.35,0,91.46,0.0,0.0
2.36,0,9.15,0.0,0.0
2.36,0,9.73,0.0,0.0
2.36,0,4.91,0.0,0.0
2.36,0,7.66,0.0,0.0
1.77,0,3.95,0.0,0.0
1.77,0,6.42,0.0,0.0
1.77,0,3.57,0.0,0.0
1.77,0,5.08,0.0,0.0
1.77,0,3.86,0.0,0.0
1.77,0,7.85,0.0,0.0
3.58,0,77.92,0.0,0.0
5.97,0,102.88,0.0,0.0
9.55,0,135.32,0.0,0.0
10.74,0,146.57,0.0,0.0
10.74,0,149.4,0.0,0.0
10.74,0,148.64,0.0,0.0
10.74,0,148.76,0.0,0.0
10.74,0,143.26,0.0,0.0
10.74,0,147.18,0.0,0.0
10.74,0,153.51,0.0,0.0
10.74,0,152.88,0.0,0.0
8.35,0,130.76,0.0,0.0
5.97,0,114.73,0.0,0.0
5.97,0,102.25,0.0,0.0
3.58,0,85.32,0.0,0.0
1.77,0,8.75,0.0,0.0
1.77,0,10.28,0.0,0.0
1.77,0,5.28,0.0,0.0
1.77,0,7.02,0.0,0.0
1.77,0,4.62,0.0,0.0
1.77,0,3.28,0.0,0.0
1.77,0,3.39,0.0,0.0
1.77,0,2.41,0.0,0.0
1.77,0,3.62,0.0,0.0
1.77,0,3.41,0.0,0.0
1.77,0,12.14,0.0,0.0
3.58,0,94.93,0.0,0.0
7.16,0,118.22,0.0,0.0
7.16,0,127.16,0.0,0.0
9.55,0,127.52,0.0,0.0
9.55,0,115.91,0.0,0.0
9.55,0,92.6,0.0,0.0
9.55,0,86.74,0.0,0.0
9.55,0,113.89,0.0,0.0
7.16,0,118.94,0.0,0.0
4.77,0,95.19,0.0,0.0
1.77,0,8.57,0.0,0.0
1.77,0,8.01,0.0,0.0
1.77,0,5.16,0.0,0.0
1.77,0,6.88,0.0,0.0
1.77,0,4.35,0.0,0.0
1.77,0,4.92,0.0,0.0
2.36,0,3.09,0.0,0.0
2.36,0,3.3,0.0,0.0
2.36,0,3.09,0.0,0.0
2.36,0,2.17,0.0,0.0
2.36,0,2.28,0.0,0.0
2.36,0,7.0,0.0,0.0
4.77,0,57.19,0.0,0.0
7.16,0,86.24,0.0,0.0
10.74,0,125.55,0.0,0.0
10.74,0,144.77,0.0,0.0
10.74,0,163.2,0.0,0.0
10.74,0,167.34,0.0,0.0
10.74,0,157.6,0.0,0.0
10.74,0,140.14,0.0,0.0
10.74,0,127.13,0.0,0.0
10.74,0,114.15,0.0,0.0
10.74,0,108.4,0.0,0.0
10.74,0,99.54,0.0,0.0
8.35,0,88.63,0.0,0.0
8.35,0,89.65,0.0,0.0
2.36,0,5.58,0.0,0.0
2.36,0,6.34,0.0,0.0
2.36,0,6.23,0.0,0.0
2.36,0,6.14,0.0,0.0
2.36,0,3.16,0.0,0.0
2.36,0,1.73,0.0,0.0
2.36,0,2.4,0.0,0.0
2.36,0,2.01,0.0,0.0
2.36,0,2.36,0.0,0.0
2.36,0,6.03,0.0,0.0
4.77,0,61.62,0.0,0.0
7.16,0,83.88,0.0,0.0
10.74,0,121.64,0.0,0.0
10.74,0,136.78,0.0,0.0
10.74,0,146.22,0.0,0.0
10.74,0,143.02,0.0,0.0
10.74,0,140.59,0.0,0.0
10.74,0,145.54,0.0,0.0
10.74,0,158.28,0.0,0.0
10.74,0,159.37,0.0,0.0
10.74,0,152.01,0.0,0.0
10.74,0,141.83,0.0,0.0
8.35,0,123.66,0.0,0.0
8.35,0,114.15,0.0,0.0
2.36,0,10.11,0.0,0.0
2.36,0,10.62,0.0,0.0
2.36,0,5.95,0.0,0.0
2.36,0,8.93,0.0,0.0
2.36,0,4.17,0.0,0.0
2.36,0,6.99,0.0,0.0
2.36,0,4.31,0.0,0.0
2.36,0,4.7,0.0,0.0
2.36,0,3.74,0.0,0.0
2.36,0,8.44,0.0,0.0
4.77,0,79.24,0.0,0.0
7.16,0,105.3,0.0,0.0
10.74,0,139.09,0.0,0.0
10.74,0,146.97,0.0,0.0
10.74,0,162.23,0.0,0.0
10.74,0,168.78,0.0,0.0
10.74,0,164.14,0.0,0.0
10.74,0,148.43,0.0,0.0
10.74,0,152.54,0.0,0.0
10.74,0,155.33,0.0,0.0
10.74,0,150.17,0.0,0.0
10.74,0,134.88,0.0,0.0
8.35,0,113.44,0.0,0.0
8.35,0,107.69,0.0,0.0
2.36,0,11.07,0.0,0.0
2.36,0,12.15,0.0,0.0
2.36,0,8.46,0.0,0.0
2.36,0,8.14,0.0,0.0
2.36,0,6.53,0.0,0.0
2.36,0,8.67,0.0,0.0
2.36,0,4.05,0.0,0.0
2.36,0,6.68,0.0,0.0
2.36,0,3.39,0.0,0.0
2.36,0,8.98,0.0,0.0
4.77,0,86.16,0.0,0.0
7.16,0,99.68,0.0,0.0
10.74,0,128.31,0.0,0.0
10.74,0,129.11,0.0,0.0
10.74,0,146.17,0.0,0.0
10.74,0,163.96,0.0,0.0
10.74,0,163.85,0.0,0.0
10.74,0,149.04,0.0,0.0
10.74,0,152.5,0.0,0.0
10.74,0,158.18,0.0,0.0
10.74,0,150.5,0.0,0.0
10.74,0,125.1,0.0,0.0
8.35,0,102.37,0.0,0.0
8.35,0,100.28,0.0,0.0
2.36,0,8.52,0.0,0.0
2.36,0,10.08,0.0,0.0
2.36,0,6.19,0.0,0.0
2.36,0,6.85,0.0,0.0
2.36,0,4.14,0.0,0.0
2.36,0,4.94,0.0,0.0
2.36,0,4.1,0.0,0.0
2.36,0,6.19,0.0,0.0
2.36,0,4.05,0.0,0.0
2.36,0,7.25,0.0,0.0
4.77,0,84.56,0.0,0.0
7.16,0,101.44,0.0,0.0
10.74,0,132.78,0.0,0.0
10.74,0,145.42,0.0,0.0
10.74,0,158.89,0.0,0.0
10.74,0,159.13,0.0,0.0
10.74,0,143.73,0.0,0.0
10.74,0,145.42,0.0,0.0
10.74,0,133.45,0.0,0.0
10.74,0,121.23,0.0,0.0
10.74,0,121.9,0.0,0.0
10.74,0,122.43,0.0,0.0
8.35,0,110.49,0.0,0.0
8.35,0,101.67,0.0,0.0
2.36,0,6.26,0.0,0.0
2.36,0,7.72,0.0,0.0
2.36,0,5.71,0.0,0.0
2.36,0,6.09,0.0,0.0
1.77,0,4.3,0.0,0.0
1.77,0,3.54,0.0,0.0
1.77,0,1.06,0.0,0.0
1.77,0,3.28,0.0,0.0
1.77,0,2.05,0.0,0.0
1.77,0,7.53,0.0,0.0
3.58,0,63.7,0.0,0.0
5.97,0,87.83,0.0,0.0
9.55,0,120.42,0.0,0.0
10.74,0,138.67,0.0,0.0
10.74,0,159.7,0.0,0.0
10.74,0,168.83,0.0,0.0
10.74,0,161.43,0.0,0.0
10.74,0,159.23,0.0,0.0
10.74,0,155.74,0.0,0.0
10.74,0,152.55,0.0,0.0
10.74,0,143.03,0.0,0.0
8.35,0,113.41,0.0,0.0
5.97,0,100.64,0.0,0.0
5.97,0,94.7,0.0,0.0
3.58,0,82.96,0.0,0.0
1.77,0,8.1,0.0,0.0
1.77,0,9.71,0.0,0.0
1.77,0,5.15,0.0,0.0
1.77,0,7.04,0.0,0.0
1.77,0,4.33,0.0,0.0
1.77,0,4.95,0.0,0.0
1.77,0,3.83,0.0,0.0
1.77,0,2.83,0.0,0.0
1.77,0,3.15,0.0,0.0
1.77,0,4.63,0.0,0.0
1.77,0,10.67,0.0,0.0
3.58,0,79.66,0.0,0.0
7.16,0,90.2,0.0,0.0
7.16,0,102.71,0.0,0.0
9.55,0,128.02,0.0,0.0
9.55,0,136.28,0.0,0.0
9.55,0,145.34,0.0,0.0
9.55,0,151.73,0.0,0.0
9.55,0,144.27,0.0,0.0
7.16,0,125.01,0.0,0.0
4.77,0,108.47,0.0,0.0
1.77,0,12.81,0.0,0.0
1.77,0,11.83,0.0,0.0
1.77,0,10.03,0.0,0.0
1.77,0,9.79,0.0,0.0
1.77,0,8.02,0.0,0.0
1.77,0,9.62,0.0,0.0
2.36,0,7.62,0.0,0.0
2.36,0,8.49,0.0,0.0
2.36,0,5.4,0.0,0.0
2.36,0,7.04,0.0,0.0
2.36,0,6.02,0.0,0.0
2.36,0,8.28,0.0,0.0
4.77,0,82.03,0.0,0.0
7.16,0,84.41,0.0,0.0
10.74,0,117.81,0.0,0.0
10.74,0,138.72,0.0,0.0
10.74,0,155.42,0.0,0.0
10.74,0,162.67,0.0,0.0
10.74,0,167.83,0.0,0.0
10.74,0,169.26,0.0,0.0
10.74,0,165.4,0.0,0.0
10.74,0,141.26,0.0,0.0
10.74,0,130.57,0.0,0.0
10.74,0,132.92,0.0,0.0
8.35,0,123.15,0.0,0.0
8.35,0,119.06,0.0,0.0
2.36,0,10.76,0.0,0.0
2.36,0,13.51,0.0,0.0
2.36,0,9.37,0.0,0.0
2.36,0,11.52,0.0,0.0
2.36,0,7.6,0.0,0.0
2.36,0,10.4,0.0,0.0
2.36,0,5.78,0.0,0.0
2.36,0,6.76,0.0,0.0
2.36,0,6.99,0.0,0.0
2.36,0,9.07,0.0,0.0
4.77,0,80.82,0.0,0.0
7.16,0,101.62,0.0,0.0
10.74,0,132.17,0.0,0.0
10.74,0,137.35,0.0,0.0
10.74,0,150.97,0.0,0.0
10.74,0,149.08,0.0,0.0
10.74,0,149.29,0.0,0.0
10.74,0,153.75,0.0,0.0
10.74,0,158.49,0.0,0.0
10.74,0,160.04,0.0,0.0
10.74,0,159.3,0.0,0.0
10.74,0,145.62,0.0,0.0
8.35,0,124.6,0.0,0.0
8.35,0,119.59,0.0,0.0
2.36,0,12.64,0.0,0.0
2.36,0,12.38,0.0,0.0
2.36,0,13.07,0.0,0.0
2.36,0,9.37,0.0,0.0
2.36,0,10.66,0.0,0.0
2.36,0,8.26,0.0,0.0
2.36,0,7.24,0.0,0.0
2.36,0,7.12,0.0,0.0
2.36,0,6.58,0.0,0.0
2.36,0,8.83,0.0,0.0
4.77,0,87.94,0.0,0.0
7.16,0,112.18,0.0,0.0
10.74,0,150.71,0.0,0.0
10.74,0,162.95,0.0,0.0
10.74,0,177.38,0.0,0.0
10.74,0,177.23,0.0,0.0
10.74,0,176.6,0.0,0.0
10.74,0,176.42,0.0,0.0
10.74,0,180.89,0.0,0.0
10.74,0,180.13,0.0,0.0
10.74,0,167.31,0.0,0.0
10.74,0,152.06,0.0,0.0
8.35,0,133.23,0.0,0.0
8.35,0,121.95,0.0,0.0
2.36,0,13.29,0.0,0.0
2.36,0,12.68,0.0,0.0
2.36,0,11.16,0.0,0.0
2.36,0,9.6,0.0,0.0
2.36,0,9.82,0.0,0.0
2.36,0,7.68,0.0,0.0
2.36,0,7.36,0.0,0.0
2.36,0,6.16,0.0,0.0
2.36,0,7.24,0.0,0.0
2.36,0,8.87,0.0,0.0
4.77,0,91.52,0.0,0.0
7.16,0,115.61,0.0,0.0
10.74,0,152.38,0.0,0.0
10.74,0,165.68,0.0,0.0
10.74,0,180.63,0.0,0.0
10.74,0,186.67,0.0,0.0
10.74,0,186.12,0.0,0.0
10.74,0,183.44,0.0,0.0
10.74,0,186.37,0.0,0.0
10.74,0,181.32,0.0,0.0
10.74,0,169.14,0.0,0.0
10.74,0,155.81,0.0,0.0
8.35,0,145.99,0.0,0.0
8.35,0,138.23,0.0,0.0
2.36,0,13.82,0.0,0.0
2.36,0,11.89,0.0,0.0
2.36,0,13.89,0.0,0.0
2.36,0,10.24,0.0,0.0
2.36,0,11.1,0.0,0.0
2.36,0,6.89,0.0,0.0
2.36,0,7.92,0.0,0.0
2.36,0,6.38,0.0,0.0
2.36,0,7.59,0.0,0.0
2.36,0,10.12,0.0,0.0
4.77,0,101.26,0.0,0.0
7.16,0,121.98,0.0,0.0
10.74,0,154.33,0.0,0.0
10.74,0,165.7,0.0,0.0
10.74,0,178.66,0.0,0.0
10.74,0,176.64,0.0,0.0
10.74,0,172.58,0.0,0.0
10.74,0,161.67,0.0,0.0
10.74,0,165.16,0.0,0.0
10.74,0,165.61,0.0,0.0
10.74,0,157.24,0.0,0.0
10.74,0,151.9,0.0,0.0
8.35,0,135.91,0.0,0.0
8.35,0,130.67,0.0,0.0
2.36,0,13.65,0.0,0.0
2.36,0,13.28,0.0,0.0
2.36,0,13.92,0.0,0.0
2.36,0,10.43,0.0,0.0
1.77,0,9.6,0.0,0.0
1.77,0,9.9,0.0,0.0
1.77,0,7.56,0.0,0.0
1.77,0,8.21,0.0,0.0
1.77,0,7.55,0.0,0.0
1.77,0,9.58,0.0,0.0
3.58,0,90.19,0.0,0.0
5.97,0,100.31,0.0,0.0
9.55,0,132.64,0.0,0.0
10.74,0,157.55,0.0,0.0
10.74,0,164.21,0.0,0.0
10.74,0,155.51,0.0,0.0
10.74,0,147.69,0.0,0.0
10.74,0,145.17,0.0,0.0
10.74,0,141.17,0.0,0.0
10.74,0,135.41,0.0,0.0
10.74,0,135.93,0.0,0.0
8.35,0,115.76,0.0,0.0
5.97,0,99.47,0.0,0.0
5.97,0,91.22,0.0,0.0
3.58,0,77.54,0.0,0.0
1.77,0,6.09,0.0,0.0
1.77,0,8.41,0.0,0.0
1.77,0,5.06,0.0,0.0
1.77,0,7.36,0.0,0.0
1.77,0,4.12,0.0,0.0
1.77,0,5.97,0.0,0.0
1.77,0,4.81,0.0,0.0
1.77,0,4.99,0.0,0.0
1.77,0,3.83,0.0,0.0
1.77,0,6.38,0.0,0.0
1.77,0,12.08,0.0,0.0
3.58,0,79.82,0.0,0.0
7.16,0,83.21,0.0,0.0
7.16,0,88.52,0.0,0.0
9.55,0,113.22,0.0,0.0
9.55,0,127.08,0.0,0.0
9.55,0,128.93,0.0,0.0
9.55,0,127.14,0.0,0.0
9.55,0,122.71,0.0,0.0
7.16,0,106.23,0.0,0.0
4.77,0,93.86,0.0,0.0
1.77,0,10.82,0.0,0.0
1.77,0,11.97,0.0,0.0
1.77,0,6.76,0.0,0.0
1.77,0,7.91,0.0,0.0
1.77,0,4.26,0.0,0.0
1.77,0,6.82,0.0,0.0
2.36,0,3.68,0.0,0.0
2.36,0,5.52,0.0,0.0
2.36,0,4.83,0.0,0.0
2.36,0,5.75,0.0,0.0
2.36,0,3.99,0.0,0.0
2.36,0,8.53,0.0,0.0
4.77,0,83.7,0.0,0.0
7.16,0,105.01,0.0,0.0
10.74,0,141.67,0.0,0.0
10.74,0,150.74,0.0,0.0
10.74,0,162.21,0.0,0.0
10.74,0,149.67,0.0,0.0
10.74,0,135.87,0.0,0.0
10.74,0,127.4,0.0,0.0
10.74,0,131.82,0.0,0.0
10.74,0,137.57,0.0,0.0
10.74,0,135.95,0.0,0.0
10.74,0,128.42,0.0,0.0
8.35,0,112.17,0.0,0.0
8.35,0,104.08,0.0,0.0
2.36,0,8.33,0.0,0.0
2.36,0,9.11,0.0,0.0
2.36,0,5.19,0.0,0.0
2.36,0,7.19,0.0,0.0
2.36,0,3.47,0.0,0.0
2.36,0,5.13,0.0,0.0
2.36,0,5.65,0.0,0.0
2.36,0,6.08,0.0,0.0
2.36,0,4.62,0.0,0.0
2.36,0,7.81,0.0,0.0
4.77,0,76.55,0.0,0.0
7.16,0,100.1,0.0,0.0
10.74,0,136.37,0.0,0.0
10.74,0,147.74,0.0,0.0
10.74,0,161.9,0.0,0.0
10.74,0,167.23,0.0,0.0
10.74,0,168.66,0.0,0.0
10.74,0,172.33,0.0,0.0
10.74,0,177.13,0.0,0.0
10.74,0,170.59,0.0,0.0
10.74,0,158.75,0.0,0.0
10.74,0,145.47,0.0,0.0
8.35,0,127.83,0.0,0.0
8.35,0,119.99,0.0,0.0
2.36,0,12.43,0.0,0.0
2.36,0,11.19,0.0,0.0
2.36,0,10.82,0.0,0.0
2.36,0,9.39,0.0,0.0
2.36,0,9.84,0.0,0.0
2.36,0,7.96,0.0,0.0
2.36,0,7.53,0.0,0.0
2.36,0,8.74,0.0,0.0
2.36,0,7.31,0.0,0.0
2.36,0,10.2,0.0,0.0
4.77,0,98.4,0.0,0.0
7.16,0,112.0,0.0,0.0
10.74,0,148.42,0.0,0.0
10.74,0,160.93,0.0,0.0
10.74,0,174.13,0.0,0.0
10.74,0,169.59,0.0,0.0
10.74,0,155.84,0.0,0.0
10.74,0,156.46,0.0,0.0
10.74,0,167.79,0.0,0.0
10.74,0,165.33,0.0,0.0
10.74,0,156.0,0.0,0.0
10.74,0,142.99,0.0,0.0
8.35,0,124.59,0.0,0.0
8.35,0,118.79,0.0,0.0
2.36,0,12.53,0.0,0.0
2.36,0,12.27,0.0,0.0
2.36,0,11.33,0.0,0.0
2.36,0,11.07,0.0,0.0
2.36,0,8.38,0.0,0.0
2.36,0,8.91,0.0,0.0
2.36,0,7.75,0.0,0.0
2.36,0,6.35,0.0,0.0
2.36,0,7.7,0.0,0.0
2.36,0,9.25,0.0,0.0
4.77,0,91.23,0.0,0.0
7.16,0,113.82,0.0,0.0
10.74,0,150.01,0.0,0.0
10.74,0,161.15,0.0,0.0
10.74,0,172.38,0.0,0.0
10.74,0,168.4,0.0,0.0
10.74,0,164.2,0.0,0.0
10.74,0,167.74,0.0,0.0
10.74,0,172.01,0.0,0.0
10.74,0,166.29,0.0,0.0
10.74,0,154.05,0.0,0.0
10.74,0,142.15,0.0,0.0
8.35,0,127.86,0.0,0.0
8.35,0,122.35,0.0,0.0
2.36,0,12.75,0.0,0.0
2.36,0,11.32,0.0,0.0
2.36,0,13.45,0.0,0.0
2.36,0,10.03,0.0,0.0
2.36,0,11.6,0.0,0.0
2.36,0,8.23,0.0,0.0
2.36,0,10.33,0.0,0.0
2.36,0,7.35,0.0,0.0
2.36,0,8.21,0.0,0.0
2.36,0,10.76,0.0,0.0
4.77,0,97.36,0.0,0.0
7.16,0,111.55,0.0,0.0
10.74,0,148.71,0.0,0.0
10.74,0,159.5,0.0,0.0
10.74,0,171.42,0.0,0.0
10.74,0,173.66,0.0,0.0
10.74,0,171.84,0.0,0.0
10.74,0,171.55,0.0,0.0
10.74,0,174.42,0.0,0.0
10.74,0,173.12,0.0,0.0
10.74,0,162.63,0.0,0.0
10.74,0,150.66,0.0,0.0
8.35,0,133.76,0.0,0.0
8.35,0,127.39,0.0,0.0
2.36,0,13.76,0.0,0.0
2.36,0,12.75,0.0,0.0
2.36,0,13.72,0.0,0.0
2.36,0,11.13,0.0,0.0
1.77,0,12.66,0.0,0.0
1.77,0,9.77,0.0,0.0
1.77,0,10.48,0.0,0.0
1.77,0,7.08,0.0,0.0
1.77,0,10.48,0.0,0.0
1.77,0,11.45,0.0,0.0
3.58,0,102.59,0.0,0.0
5.97,0,108.43,0.0,0.0
9.55,0,136.89,0.0,0.0
10.74,0,151.73,0.0,0.0
10.74,0,150.93,0.0,0.0
10.74,0,150.51,0.0,0.0
10.74,0,157.56,0.0,0.0
10.74,0,163.72,0.0,0.0
10.74,0,163.28,0.0,0.0
10.74,0,160.9,0.0,0.0
10.74,0,153.53,0.0,0.0
8.35,0,128.57,0.0,0.0
5.97,0,115.9,0.0,0.0
5.97,0,109.15,0.0,0.0
3.58,0,93.37,0.0,0.0
1.77,0,8.86,0.0,0.0
1.77,0,11.17,0.0,0.0
1.77,0,7.05,0.0,0.0
1.77,0,10.01,0.0,0.0
1.77,0,4.72,0.0,0.0
1.77,0,8.09,0.0,0.0
1.77,0,5.23,0.0,0.0
1.77,0,8.23,0.0,0.0
1.77,0,4.85,0.0,0.0
1.77,0,9.01,0.0,0.0
1.77,0,13.31,0.0,0.0
3.58,0,91.7,0.0,0.0
7.16,0,103.04,0.0,0.0
7.16,0,116.14,0.0,0.0
9.55,0,136.3,0.0,0.0
9.55,0,140.23,0.0,0.0
9.55,0,142.07,0.0,0.0
9.55,0,142.74,0.0,0.0
9.55,0,137.24,0.0,0.0
7.16,0,118.88,0.0,0.0
4.77,0,100.68,0.0,0.0
1.77,0,12.98,0.0,0.0
1.77,0,13.02,0.0,0.0
1.77,0,12.98,0.0,0.0
1.77,0,11.05,0.0,0.0
1.77,0,11.34,0.0,0.0
1.77,0,8.8,0.0,0.0
2.36,0,8.66,0.0,0.0
2.36,0,8.3,0.0,0.0
2.36,0,7.24,0.0,0.0
2.36,0,5.55,0.0,0.0
2.36,0,5.4,0.0,0.0
2.36,0,7.97,0.0,0.0
4.77,0,81.55,0.0,0.0
7.16,0,102.52,0.0,0.0
10.74,0,133.94,0.0,0.0
10.74,0,143.99,0.0,0.0
10.74,0,151.82,0.0,0.0
10.74,0,143.65,0.0,0.0
10.74,0,137.62,0.0,0.0
10.74,0,137.85,0.0,0.0
10.74,0,147.36,0.0,0.0
10.74,0,148.19,0.0,0.0
10.74,0,138.78,0.0,0.0
10.74,0,128.45,0.0,0.0
8.35,0,109.63,0.0,0.0
8.35,0,99.86,0.0,0.0
2.36,0,9.74,0.0,0.0
2.36,0,12.11,0.0,0.0
2.36,0,10.28,0.0,0.0
2.36,0,9.06,0.0,0.0
2.36,0,8.38,0.0,0.0
2.36,0,9.06,0.0,0.0
2.36,0,5.65,0.0,0.0
2.36,0,5.02,0.0,0.0
2.36,0,6.9,0.0,0.0
2.36,0,7.96,0.0,0.0
4.77,0,71.0,0.0,0.0
7.16,0,89.39,0.0,0.0
10.74,0,118.52,0.0,0.0
10.74,0,129.6,0.0,0.0
10.74,0,143.83,0.0,0.0
10.74,0,152.06,0.0,0.0
10.74,0,157.84,0.0,0.0
10.74,0,156.74,0.0,0.0
10.74,0,153.99,0.0,0.0
10.74,0,147.83,0.0,0.0
10.74,0,138.91,0.0,0.0
10.74,0,127.32,0.0,0.0
8.35,0,109.47,0.0,0.0
8.35,0,103.97,0.0,0.0
2.36,0,12.33,0.0,0.0
2.36,0,12.36,0.0,0.0
2.36,0,11.69,0.0,0.0
2.36,0,11.2,0.0,0.0
2.36,0,9.62,0.0,0.0
2.36,0,8.21,0.0,0.0
2.36,0,7.3,0.0,0.0
2.36,0,5.76,0.0,0.0
2.36,0,6.85,0.0,0.0
2.36,0,8.7,0.0,0.0
4.77,0,78.04,0.0,0.0
7.16,0,99.06,0.0,0.0
10.74,0,132.64,0.0,0.0
10.74,0,143.47,0.0,0.0
10.74,0,156.95,0.0,0.0
10.74,0,157.44,0.0,0.0
10.74,0,146.28,0.0,0.0
10.74,0,143.66,0.0,0.0
10.74,0,148.42,0.0,0.0
10.74,0,143.28,0.0,0.0
10.74,0,134.55,0.0,0.0
10.74,0,124.23,0.0,0.0
8.35,0,104.76,0.0,0.0
8.35,0,100.56,0.0,0.0
2.36,0,11.73,0.0,0.0
2.36,0,10.9,0.0,0.0
2.36,0,11.03,0.0,0.0
2.36,0,11.22,0.0,0.0
2.36,0,9.99,0.0,0.0
2.36,0,8.92,0.0,0.0
2.36,0,8.13,0.0,0.0
2.36,0,9.24,0.0,0.0
2.36,0,7.17,0.0,0.0
2.36,0,8.92,0.0,0.0
4.77,0,69.63,0.0,0.0
7.16,0,71.66,0.0,0.0
10.74,0,102.02,0.0,0.0
10.74,0,117.03,0.0,0.0
10.74,0,132.72,0.0,0.0
10.74,0,135.85,0.0,0.0
10.74,0,138.22,0.0,0.0
10.74,0,141.55,0.0,0.0
10.74,0,152.43,0.0,0.0
10.74,0,145.85,0.0,0.0
10.74,0,130.54,0.0,0.0
10.74,0,116.33,0.0,0.0
8.35,0,98.13,0.0,0.0
8.35,0,98.61,0.0,0.0
2.36,0,6.87,0.0,0.0
2.36,0,7.77,0.0,0.0
2.36,0,6.39,0.0,0.0
2.36,0,6.76,0.0,0.0
2.36,0,5.89,0.0,0.0
2.36,0,5.64,0.0,0.0
2.36,0,4.43,0.0,0.0
2.36,0,5.85,0.0,0.0
2.36,0,4.0,0.0,0.0
2.36,0,8.44,0.0,0.0
4.77,0,72.38,0.0,0.0
7.16,0,96.27,0.0,0.0
10.74,0,125.69,0.0,0.0
10.74,0,129.16,0.0,0.0
10.74,0,135.68,0.0,0.0
10.74,0,137.79,0.0,0.0
10.74,0,145.55,0.0,0.0
10.74,0,143.74,0.0,0.0
10.74,0,131.76,0.0,0.0
10.74,0,116.47,0.0,0.0
10.74,0,112.28,0.0,0.0
10.74,0,111.83,0.0,0.0
8.35,0,99.18,0.0,0.0
8.35,0,94.52,0.0,0.0
2.36,0,6.22,0.0,0.0
2.36,0,6.59,0.0,0.0
2.36,0,4.93,0.0,0.0
2.36,0,5.62,0.0,0.0
1.77,0,3.77,0.0,0.0
1.77,0,2.46,0.0,0.0
1.77,0,0.74,0.0,0.0
1.77,0,2.23,0.0,0.0
1.77,0,0.66,0.0,0.0
1.77,0,6.52,0.0,0.0
3.58,0,59.25,0.0,0.0
5.97,0,84.0,0.0,0.0
9.55,0,116.83,0.0,0.0
10.74,0,130.22,0.0,0.0
10.74,0,146.09,0.0,0.0
10.74,0,152.32,0.0,0.0
10.74,0,153.95,0.0,0.0
10.74,0,157.31,0.0,0.0
10.74,0,142.39,0.0,0.0
10.74,0,128.52,0.0,0.0
10.74,0,110.29,0.0,0.0
8.35,0,87.2,0.0,0.0
5.97,0,85.01,0.0,0.0
5.97,0,86.78,0.0,0.0
3.58,0,76.65,0.0,0.0
1.77,0,5.7,0.0,0.0
1.77,0,6.74,0.0,0.0
1.77,0,6.63,0.0,0.0
1.77,0,6.25,0.0,0.0
1.77,0,5.49,0.0,0.0
1.77,0,4.5,0.0,0.0
1.77,0,4.65,0.0,0.0
1.77,0,3.76,0.0,0.0
1.77,0,3.5,0.0,0.0
1.77,0,6.77,0.0,0.0
1.77,0,10.67,0.0,0.0
3.58,0,87.82,0.0,0.0
7.16,0,89.13,0.0,0.0
7.16,0,93.29,0.0,0.0
9.55,0,128.86,0.0,0.0
9.55,0,146.7,0.0,0.0
9.55,0,153.97,0.0,0.0
9.55,0,156.37,0.0,0.0
9.55,0,153.6,0.0,0.0
7.16,0,133.67,0.0,0.0
4.77,0,114.07,0.0,0.0
1.77,0,12.87,0.0,0.0
1.77,0,12.36,0.0,0.0
1.77,0,11.71,0.0,0.0
1.77,0,11.77,0.0,0.0
1.77,0,9.27,0.0,0.0
1.77,0,9.81,0.0,0.0
2.36,0,9.34,0.0,0.0
2.36,0,8.81,0.0,0.0
2.36,0,8.04,0.0,0.0
2.36,0,5.64,0.0,0.0
2.36,0,6.92,0.0,0.0
2.36,0,9.5,0.0,0.0
4.77,0,92.2,0.0,0.0
7.16,0,115.97,0.0,0.0
10.74,0,157.12,0.0,0.0
10.74,0,163.28,0.0,0.0
10.74,0,172.3,0.0,0.0
10.74,0,180.06,0.0,0.0
10.74,0,177.44,0.0,0.0
10.74,0,171.48,0.0,0.0
10.74,0,167.88,0.0,0.0
10.74,0,159.13,0.0,0.0
10.74,0,154.5,0.0,0.0
10.74,0,146.49,0.0,0.0
8.35,0,130.52,0.0,0.0
8.35,0,120.68,0.0,0.0
2.36,0,10.76,0.0,0.0
2.36,0,11.83,0.0,0.0
2.36,0,8.77,0.0,0.0
2.36,0,11.59,0.0,0.0
2.36,0,6.87,0.0,0.0
2.36,0,6.9,0.0,0.0
2.36,0,7.1,0.0,0.0
2.36,0,4.87,0.0,0.0
2.36,0,5.15,0.0,0.0
2.36,0,8.55,0.0,0.0
4.77,0,86.88,0.0,0.0
7.16,0,111.4,0.0,0.0
10.74,0,145.64,0.0,0.0
10.74,0,155.63,0.0,0.0
10.74,0,163.13,0.0,0.0
10.74,0,164.0,0.0,0.0
10.74,0,167.5,0.0,0.0
10.74,0,172.93,0.0,0.0
10.74,0,176.31,0.0,0.0
10.74,0,172.95,0.0,0.0
10.74,0,163.07,0.0,0.0
10.74,0,143.93,0.0,0.0
8.35,0,122.97,0.0,0.0
8.35,0,116.84,0.0,0.0
2.36,0,10.7,0.0,0.0
2.36,0,13.01,0.0,0.0
2.36,0,9.0,0.0,0.0
2.36,0,10.58,0.0,0.0
2.36,0,6.36,0.0,0.0
2.36,0,6.79,0.0,0.0
2.36,0,7.35,0.0,0.0
2.36,0,6.62,0.0,0.0
2.36,0,5.33,0.0,0.0
2.36,0,9.01,0.0,0.0
4.77,0,88.53,0.0,0.0
7.16,0,112.63,0.0,0.0
10.74,0,150.83,0.0,0.0
10.74,0,156.36,0.0,0.0
10.74,0,160.49,0.0,0.0
10.74,0,158.52,0.0,0.0
10.74,0,139.02,0.0,0.0
10.74,0,133.94,0.0,0.0
10.74,0,150.52,0.0,0.0
10.74,0,156.63,0.0,0.0
10.74,0,151.53,0.0,0.0
10.74,0,143.39,0.0,0.0
8.35,0,129.16,0.0,0.0
8.35,0,124.42,0.0,0.0
2.36,0,10.36,0.0,0.0
2.36,0,11.06,0.0,0.0
2.36,0,6.15,0.0,0.0
2.36,0,8.87,0.0,0.0
2.36,0,4.6,0.0,0.0
2.36,0,6.29,0.0,0.0
2.36,0,5.44,0.0,0.0
2.36,0,4.99,0.0,0.0
2.36,0,4.21,0.0,0.0
2.36,0,7.36,0.0,0.0
4.77,0,76.68,0.0,0.0
7.16,0,99.54,0.0,0.0
10.74,0,143.85,0.0,0.0
10.74,0,145.48,0.0,0.0
10.74,0,135.73,0.0,0.0
10.74,0,121.99,0.0,0.0
10.74,0,119.59,0.0,0.0
10.74,0,127.49,0.0,0.0
10.74,0,137.74,0.0,0.0
10.74,0,142.09,0.0,0.0
10.74,0,142.95,0.0,0.0
10.74,0,138.88,0.0,0.0
8.35,0,124.05,0.0,0.0
8.35,0,118.5,0.0,0.0
2.36,0,9.18,0.0,0.0
2.36,0,10.35,0.0,0.0
2.36,0,6.28,0.0,0.0
2.36,0,7.58,0.0,0.0
2.36,0,4.34,0.0,0.0
2.36,0,5.54,0.0,0.0
2.36,0,5.96,0.0,0.0
2.36,0,4.78,0.0,0.0
2.36,0,4.82,0.0,0.0
2.36,0,8.06,0.0,0.0
4.77,0,88.47,0.0,0.0
7.16,0,114.42,0.0,0.0
10.74,0,153.09,0.0,0.0
10.74,0,166.74,0.0,0.0
10.74,0,182.7,0.0,0.0
10.74,0,180.06,0.0,0.0
10.74,0,175.56,0.0,0.0
10.74,0,173.03,0.0,0.0
10.74,0,172.46,0.0,0.0
10.74,0,166.24,0.0,0.0
10.74,0,158.9,0.0,0.0
10.74,0,154.56,0.0,0.0
8.35,0,135.66,0.0,0.0
8.35,0,124.61,0.0,0.0
2.36,0,10.94,0.0,0.0
2.36,0,13.34,0.0,0.0
2.36,0,11.99,0.0,0.0
2.36,0,7.68,0.0,0.0
1.77,0,10.19,0.0,0.0
1.77,0,9.1,0.0,0.0
1.77,0,8.67,0.0,0.0
1.77,0,4.24,0.0,0.0
1.77,0,7.22,0.0,0.0
1.77,0,8.99,0.0,0.0
3.58,0,83.32,0.0,0.0
5.97,0,106.31,0.0,0.0
9.55,0,146.28,0.0,0.0
10.74,0,169.21,0.0,0.0
10.74,0,185.41,0.0,0.0
10.74,0,181.84,0.0,0.0
10.74,0,175.32,0.0,0.0
10.74,0,167.88,0.0,0.0
10.74,0,161.14,0.0,0.0
10.74,0,159.85,0.0,0.0
10.74,0,153.19,0.0,0.0
8.35,0,125.66,0.0,0.0
5.97,0,108.52,0.0,0.0
5.97,0,100.39,0.0,0.0
3.58,0,86.55,0.0,0.0
1.77,0,8.59,0.0,0.0
1.77,0,10.84,0.0,0.0
1.77,0,5.63,0.0,0.0
1.77,0,7.75,0.0,0.0
1.77,0,4.61,0.0,0.0
1.77,0,6.66,0.0,0.0
1.77,0,3.31,0.0,0.0
1.77,0,5.13,0.0,0.0
1.77,0,5.75,0.0,0.0
1.77,0,7.37,0.0,0.0
1.77,0,11.51,0.0,0.0
3.58,0,116.63,0.0,0.0
7.16,0,134.67,0.0,0.0
7.16,0,144.71,0.0,0.0
9.55,0,159.83,0.0,0.0
9.55,0,166.46,0.0,0.0
9.55,0,173.69,0.0,0.0
9.55,0,177.11,0.0,0.0
9.55,0,174.13,0.0,0.0
7.16,0,148.71,0.0,0.0
4.77,0,122.25,0.0,0.0
1.77,0,14.14,0.0,0.0
1.77,0,14.08,0.0,0.0
1.77,0,14.51,0.0,0.0
1.77,0,10.85,0.0,0.0
1.77,0,11.04,0.0,0.0
1.77,0,11.17,0.0,0.0
2.36,0,11.06,0.0,0.0
2.36,0,7.28,0.0,0.0
2.36,0,9.94,0.0,0.0
2.36,0,8.95,0.0,0.0
2.36,0,8.73,0.0,0.0
2.36,0,10.44,0.0,0.0
4.77,0,100.91,0.0,0.0
7.16,0,120.3,0.0,0.0
10.74,0,161.03,0.0,0.0
10.74,0,172.66,0.0,0.0
10.74,0,181.49,0.0,0.0
10.74,0,174.78,0.0,0.0
10.74,0,165.07,0.0,0.0
10.74,0,152.57,0.0,0.0
10.74,0,153.9,0.0,0.0
10.74,0,150.65,0.0,0.0
10.74,0,144.47,0.0,0.0
10.74,0,139.62,0.0,0.0
8.35,0,122.94,0.0,0.0
8.35,0,115.47,0.0,0.0
2.36,0,8.68,0.0,0.0
2.36,0,9.8,0.0,0.0
2.36,0,5.88,0.0,0.0
2.36,0,7.48,0.0,0.0
2.36,0,4.83,0.0,0.0
2.36,0,5.95,0.0,0.0
2.36,0,6.37,0.0,0.0
2.36,0,6.45,0.0,0.0
2.36,0,5.26,0.0,0.0
2.36,0,8.3,0.0,0.0
4.77,0,86.48,0.0,0.0
7.16,0,111.66,0.0,0.0
10.74,0,151.37,0.0,0.0
10.74,0,149.09,0.0,0.0
10.74,0,145.97,0.0,0.0
10.74,0,124.48,0.0,0.0
10.74,0,115.87,0.0,0.0
10.74,0,123.55,0.0,0.0
10.74,0,136.35,0.0,0.0
10.74,0,135.41,0.0,0.0
10.74,0,126.85,0.0,0.0
10.74,0,112.89,0.0,0.0
8.35,0,93.18,0.0,0.0
8.35,0,89.24,0.0,0.0
2.36,0,5.34,0.0,0.0
2.36,0,5.99,0.0,0.0
2.36,0,6.47,0.0,0.0
2.36,0,6.75,0.0,0.0
2.36,0,2.31,0.0,0.0
2.36,0,4.91,0.0,0.0
2.36,0,2.24,0.0,0.0
2.36,0,3.5,0.0,0.0
2.36,0,3.94,0.0,0.0
2.36,0,7.35,0.0,0.0
4.77,0,76.28,0.0,0.0
7.16,0,100.15,0.0,0.0
10.74,0,143.74,0.0,0.0
10.74,0,161.5,0.0,0.0
10.74,0,178.66,0.0,0.0
10.74,0,182.13,0.0,0.0
10.74,0,182.13,0.0,0.0
10.74,0,158.69,0.0,0.0
10.74,0,152.49,0.0,0.0
10.74,0,150.99,0.0,0.0
10.74,0,136.34,0.0,0.0
10.74,0,129.82,0.0,0.0
8.35,0,119.85,0.0,0.0
8.35,0,112.79,0.0,0.0
2.36,0,9.22,0.0,0.0
2.36,0,10.32,0.0,0.0
2.36,0,6.29,0.0,0.0
2.36,0,8.74,0.0,0.0
2.36,0,4.2,0.0,0.0
2.36,0,6.62,0.0,0.0
2.36,0,5.49,0.0,0.0
2.36,0,5.58,0.0,0.0
2.36,0,4.77,0.0,0.0
2.36,0,7.64,0.0,0.0
4.77,0,78.65,0.0,0.0
7.16,0,107.8,0.0,0.0
10.74,0,150.28,0.0,0.0
10.74,0,169.51,0.0,0.0
10.74,0,185.66,0.0,0.0
10.74,0,192.31,0.0,0.0
10.74,0,193.92,0.0,0.0
10.74,0,186.41,0.0,0.0
10.74,0,187.55,0.0,0.0
10.74,0,182.15,0.0,0.0
10.74,0,174.85,0.0,0.0
10.74,0,161.01,0.0,0.0
8.35,0,134.11,0.0,0.0
8.35,0,126.32,0.0,0.0
2.36,0,13.41,0.0,0.0
2.36,0,12.33,0.0,0.0
2.36,0,12.05,0.0,0.0
2.36,0,11.55,0.0,0.0
2.36,0,8.87,0.0,0.0
2.36,0,9.52,0.0,0.0
2.36,0,8.99,0.0,0.0
2.36,0,8.33,0.0,0.0
2.36,0,7.54,0.0,0.0
2.36,0,10.51,0.0,0.0
4.77,0,90.2,0.0,0.0
7.16,0,114.87,0.0,0.0
10.74,0,155.54,0.0,0.0
10.74,0,171.03,0.0,0.0
10.74,0,187.43,0.0,0.0
10.74,0,194.29,0.0,0.0
10.74,0,192.83,0.0,0.0
10.74,0,189.78,0.0,0.0
10.74,0,188.4,0.0,0.0
10.74,0,181.45,0.0,0.0
10.74,0,170.39,0.0,0.0
10.74,0,152.75,0.0,0.0
8.35,0,141.56,0.0,0.0
8.35,0,139.71,0.0,0.0
2.36,0,14.53,0.0,0.0
2.36,0,13.6,0.0,0.0
2.36,0,14.66,0.0,0.0
2.36,0,12.07,0.0,0.0
1.77,0,12.27,0.0,0.0
1.77,0,9.6,0.0,0.0
1.77,0,8.76,0.0,0.0
1.77,0,8.79,0.0,0.0
1.77,0,9.77,0.0,0.0
1.77,0,10.84,0.0,0.0
3.58,0,100.2,0.0,0.0
5.97,0,114.99,0.0,0.0
9.55,0,149.9,0.0,0.0
10.74,0,174.43,0.0,0.0
10.74,0,192.83,0.0,0.0
10.74,0,192.74,0.0,0.0
10.74,0,195.93,0.0,0.0
10.74,0,197.2,0.0,0.0
10.74,0,188.13,0.0,0.0
10.74,0,176.7,0.0,0.0
10.74,0,157.95,0.0,0.0
8.35,0,119.41,0.0,0.0
5.97,0,101.94,0.0,0.0
5.97,0,98.54,0.0,0.0
3.58,0,87.39,0.0,0.0
1.77,0,11.31,0.0,0.0
1.77,0,10.67,0.0,0.0
1.77,0,7.17,0.0,0.0
1.77,0,9.6,0.0,0.0
1.77,0,5.7,0.0,0.0
1.77,0,6.08,0.0,0.0
1.77,0,4.48,0.0,0.0
1.77,0,7.05,0.0,0.0
1.77,0,4.21,0.0,0.0
1.77,0,7.31,0.0,0.0
1.77,0,12.09,0.0,0.0
3.58,0,115.68,0.0,0.0
7.16,0,132.12,0.0,0.0
7.16,0,146.67,0.0,0.0
9.55,0,165.65,0.0,0.0
9.55,0,163.18,0.0,0.0
9.55,0,157.63,0.0,0.0
9.55,0,152.74,0.0,0.0
9.55,0,150.97,0.0,0.0
7.16,0,138.03,0.0,0.0
4.77,0,124.24,0.0,0.0
1.77,0,13.81,0.0,0.0
1.77,0,12.48,0.0,0.0
1.77,0,13.26,0.0,0.0
1.77,0,10.21,0.0,0.0
1.77,0,12.57,0.0,0.0
1.77,0,8.76,0.0,0.0
2.36,0,11.15,0.0,0.0
2.36,0,5.64,0.0,0.0
2.36,0,8.55,0.0,0.0
2.36,0,5.65,0.0,0.0
2.36,0,7.54,0.0,0.0
2.36,0,9.28,0.0,0.0
4.77,0,99.43,0.0,0.0
7.16,0,115.71,0.0,0.0
10.74,0,155.96,0.0,0.0
10.74,0,164.78,0.0,0.0
10.74,0,174.48,0.0,0.0
10.74,0,180.22,0.0,0.0
10.74,0,180.08,0.0,0.0
10.74,0,175.77,0.0,0.0
10.74,0,176.75,0.0,0.0
10.74,0,171.43,0.0,0.0
10.74,0,159.19,0.0,0.0
10.74,0,141.04,0.0,0.0
8.35,0,115.6,0.0,0.0
8.35,0,104.85,0.0,0.0
2.36,0,12.77,0.0,0.0
2.36,0,11.81,0.0,0.0
2.36,0,11.53,0.0,0.0
2.36,0,10.71,0.0,0.0
2.36,0,7.91,0.0,0.0
2.36,0,8.08,0.0,0.0
2.36,0,7.53,0.0,0.0
2.36,0,4.4,0.0,0.0
2.36,0,6.36,0.0,0.0
2.36,0,7.7,0.0,0.0
4.77,0,89.73,0.0,0.0
7.16,0,107.91,0.0,0.0
10.74,0,146.87,0.0,0.0
10.74,0,158.93,0.0,0.0
10.74,0,166.2,0.0,0.0
10.74,0,163.67,0.0,0.0
10.74,0,146.99,0.0,0.0
10.74,0,138.73,0.0,0.0
10.74,0,161.49,0.0,0.0
10.74,0,170.38,0.0,0.0
10.74,0,155.96,0.0,0.0
10.74,0,144.49,0.0,0.0
8.35,0,128.52,0.0,0.0
8.35,0,121.31,0.0,0.0
2.36,0,10.54,0.0,0.0
2.36,0,12.85,0.0,0.0
2.36,0,10.71,0.0,0.0
2.36,0,9.32,0.0,0.0
2.36,0,8.68,0.0,0.0
2.36,0,9.8,0.0,0.0
2.36,0,7.95,0.0,0.0
2.36,0,9.17,0.0,0.0
2.36,0,7.53,0.0,0.0
2.36,0,10.08,0.0,0.0
4.77,0,95.73,0.0,0.0
7.16,0,105.51,0.0,0.0
10.74,0,139.37,0.0,0.0
10.74,0,150.29,0.0,0.0
10.74,0,161.11,0.0,0.0
10.74,0,161.54,0.0,0.0
10.74,0,159.88,0.0,0.0
10.74,0,162.7,0.0,0.0
10.74,0,171.94,0.0,0.0
10.74,0,166.72,0.0,0.0
10.74,0,156.13,0.0,0.0
10.74,0,144.2,0.0,0.0
8.35,0,129.74,0.0,0.0
8.35,0,125.82,0.0,0.0
2.36,0,13.23,0.0,0.0
2.36,0,12.04,0.0,0.0
2.36,0,11.66,0.0,0.0
2.36,0,11.48,0.0,0.0
2.36,0,11.33,0.0,0.0
2.36,0,9.62,0.0,0.0
2.36,0,8.6,0.0,0.0
2.36,0,9.54,0.0,0.0
2.36,0,9.81,0.0,0.0
2.36,0,12.17,0.0,0.0
4.77,0,97.75,0.0,0.0
7.16,0,101.98,0.0,0.0
10.74,0,131.89,0.0,0.0
10.74,0,142.59,0.0,0.0
10.74,0,161.96,0.0,0.0
10.74,0,174.07,0.0,0.0
10.74,0,175.8,0.0,0.0
10.74,0,177.0,0.0,0.0
10.74,0,184.71,0.0,0.0
10.74,0,183.3,0.0,0.0
10.74,0,171.09,0.0,0.0
10.74,0,154.82,0.0,0.0
8.35,0,132.41,0.0,0.0
8.35,0,124.24,0.0,0.0
2.36,0,13.51,0.0,0.0
2.36,0,13.02,0.0,0.0
2.36,0,14.07,0.0,0.0
2.36,0,11.1,0.0,0.0
2.36,0,11.48,0.0,0.0
2.36,0,11.91,0.0,0.0
2.36,0,11.61,0.0,0.0
2.36,0,7.67,0.0,0.0
2.36,0,10.23,0.0,0.0
2.36,0,12.21,0.0,0.0
4.77,0,90.73,0.0,0.0
7.16,0,93.12,0.0,0.0
10.74,0,122.01,0.0,0.0
10.74,0,133.67,0.0,0.0
10.74,0,156.63,0.0,0.0
10.74,0,165.82,0.0,0.0
10.74,0,171.96,0.0,0.0
10.74,0,171.4,0.0,0.0
10.74,0,166.02,0.0,0.0
10.74,0,162.2,0.0,0.0
10.74,0,158.96,0.0,0.0
10.74,0,150.02,0.0,0.0
8.35,0,134.33,0.0,0.0
8.35,0,129.96,0.0,0.0
2.36,0,14.19,0.0,0.0
2.36,0,13.74,0.0,0.0
2.36,0,14.86,0.0,0.0
2.36,0,12.46,0.0,0.0
1.77,0,11.66,0.0,0.0
1.77,0,11.44,0.0,0.0
1.77,0,9.93,0.0,0.0
1.77,0,8.9,0.0,0.0
1.77,0,8.57,0.0,0.0
1.77,0,11.77,0.0,0.0
3.58,0,101.36,0.0,0.0
5.97,0,112.99,0.0,0.0
9.55,0,145.83,0.0,0.0
10.74,0,169.19,0.0,0.0
10.74,0,182.33,0.0,0.0
10.74,0,187.75,0.0,0.0
10.74,0,188.38,0.0,0.0
10.74,0,182.44,0.0,0.0
10.74,0,176.11,0.0,0.0
10.74,0,175.14,0.0,0.0
10.74,0,165.68,0.0,0.0
8.35,0,140.45,0.0,0.0
5.97,0,126.76,0.0,0.0
5.97,0,120.2,0.0,0.0
3.58,0,110.43,0.0,0.0
1.77,0,13.86,0.0,0.0
1.77,0,14.17,0.0,0.0
1.77,0,15.32,0.0,0.0
1.77,0,12.46,0.0,0.0
1.77,0,13.2,0.0,0.0
1.77,0,10.57,0.0,0.0
1.77,0,11.26,0.0,0.0
1.77,0,11.13,0.0,0.0
1.77,0,8.27,0.0,0.0
1.77,0,9.09,0.0,0.0
1.77,0,15.15,0.0,0.0
3.58,0,121.25,0.0,0.0
7.16,0,129.0,0.0,0.0
7.16,0,107.26,0.0,0.0
9.55,0,105.25,0.0,0.0
9.55,0,114.66,0.0,0.0
9.55,0,109.12,0.0,0.0
9.55,0,107.72,0.0,0.0
9.55,0,111.49,0.0,0.0
7.16,0,98.76,0.0,0.0
4.77,0,87.44,0.0,0.0
1.77,0,6.12,0.0,0.0
1.77,0,8.27,0.0,0.0
1.77,0,4.12,0.0,0.0
1.77,0,6.23,0.0,0.0
1.77,0,6.58,0.0,0.0
1.77,0,6.25,0.0,0.0
2.36,0,4.82,0.0,0.0
2.36,0,4.23,0.0,0.0
2.36,0,4.47,0.0,0.0
2.36,0,5.79,0.0,0.0
2.36,0,2.29,0.0,0.0
2.36,0,8.77,0.0,0.0
4.77,0,78.11,0.0,0.0
7.16,0,92.74,0.0,0.0
10.74,0,123.15,0.0,0.0
10.74,0,129.41,0.0,0.0
10.74,0,124.51,0.0,0.0
10.74,0,116.92,0.0,0.0
10.74,0,118.97,0.0,0.0
10.74,0,117.29,0.0,0.0
10.74,0,120.76,0.0,0.0
10.74,0,123.12,0.0,0.0
10.74,0,120.78,0.0,0.0
10.74,0,110.25,0.0,0.0
8.35,0,93.25,0.0,0.0
8.35,0,90.2,0.0,0.0
2.36,0,5.79,0.0,0.0
2.36,0,6.05,0.0,0.0
2.36,0,6.3,0.0,0.0
2.36,0,7.93,0.0,0.0
2.36,0,5.47,0.0,0.0
2.36,0,7.19,0.0,0.0
2.36,0,5.56,0.0,0.0
2.36,0,5.95,0.0,0.0
2.36,0,2.67,0.0,0.0
2.36,0,8.88,0.0,0.0
4.77,0,59.14,0.0,0.0
7.16,0,62.43,0.0,0.0
10.74,0,88.52,0.0,0.0
10.74,0,97.51,0.0,0.0
10.74,0,109.55,0.0,0.0
10.74,0,115.86,0.0,0.0
10.74,0,121.36,0.0,0.0
10.74,0,124.07,0.0,0.0
10.74,0,133.2,0.0,0.0
10.74,0,136.83,0.0,0.0
10.74,0,125.25,0.0,0.0
10.74,0,110.91,0.0,0.0
8.35,0,95.71,0.0,0.0
8.35,0,91.98,0.0,0.0
2.36,0,6.51,0.0,0.0
2.36,0,7.21,0.0,0.0
2.36,0,6.56,0.0,0.0
2.36,0,6.46,0.0,0.0
2.36,0,4.16,0.0,0.0
2.36,0,5.88,0.0,0.0
2.36,0,5.91,0.0,0.0
2.36,0,6.16,0.0,0.0
2.36,0,5.93,0.0,0.0
2.36,0,9.66,0.0,0.0
4.77,0,75.0,0.0,0.0
7.16,0,92.3,0.0,0.0
10.74,0,124.16,0.0,0.0
10.74,0,127.49,0.0,0.0
10.74,0,144.56,0.0,0.0
10.74,0,151.02,0.0,0.0
10.74,0,154.44,0.0,0.0
10.74,0,149.77,0.0,0.0
10.74,0,151.74,0.0,0.0
10.74,0,147.96,0.0,0.0
10.74,0,138.07,0.0,0.0
10.74,0,128.5,0.0,0.0
8.35,0,111.62,0.0,0.0
8.35,0,105.91,0.0,0.0
2.36,0,10.27,0.0,0.0
2.36,0,12.16,0.0,0.0
2.36,0,9.4,0.0,0.0
2.36,0,11.69,0.0,0.0
2.36,0,8.58,0.0,0.0
2.36,0,7.41,0.0,0.0
2.36,0,7.12,0.0,0.0
2.36,0,5.42,0.0,0.0
2.36,0,6.65,0.0,0.0
2.36,0,9.86,0.0,0.0
4.77,0,73.37,0.0,0.0
7.16,0,91.7,0.0,0.0
10.74,0,112.28,0.0,0.0
10.74,0,126.43,0.0,0.0
10.74,0,152.37,0.0,0.0
10.74,0,154.0,0.0,0.0
10.74,0,154.26,0.0,0.0
10.74,0,156.87,0.0,0.0
10.74,0,159.85,0.0,0.0
10.74,0,152.2,0.0,0.0
10.74,0,137.86,0.0,0.0
10.74,0,123.4,0.0,0.0
8.35,0,102.22,0.0,0.0
8.35,0,94.84,0.0,0.0
2.36,0,9.62,0.0,0.0
2.36,0,11.78,0.0,0.0
2.36,0,9.51,0.0,0.0
2.36,0,8.74,0.0,0.0
2.36,0,7.8,0.0,0.0
2.36,0,5.44,0.0,0.0
2.36,0,5.84,0.0,0.0
2.36,0,3.3,0.0,0.0
2.36,0,4.98,0.0,0.0
2.36,0,7.06,0.0,0.0
4.77,0,59.11,0.0,0.0
7.16,0,80.65,0.0,0.0
10.74,0,118.95,0.0,0.0
10.74,0,135.24,0.0,0.0
10.74,0,151.08,0.0,0.0
10.74,0,158.68,0.0,0.0
10.74,0,164.56,0.0,0.0
10.74,0,164.24,0.0,0.0
10.74,0,163.41,0.0,0.0
10.74,0,157.35,0.0,0.0
10.74,0,143.3,0.0,0.0
10.74,0,130.46,0.0,0.0
8.35,0,117.29,0.0,0.0
8.35,0,114.43,0.0,0.0
2.36,0,12.19,0.0,0.0
2.36,0,11.39,0.0,0.0
2.36,0,10.38,0.0,0.0
2.36,0,10.31,0.0,0.0
1.77,0,7.7,0.0,0.0
1.77,0,6.97,0.0,0.0
1.77,0,6.5,0.0,0.0
1.77,0,4.21,0.0,0.0
1.77,0,5.3,0.0,0.0
1.77,0,8.03,0.0,0.0
3.58,0,62.21,0.0,0.0
5.97,0,80.1,0.0,0.0
9.55,0,111.17,0.0,0.0
10.74,0,131.01,0.0,0.0
10.74,0,147.56,0.0,0.0
10.74,0,155.02,0.0,0.0
10.74,0,158.59,0.0,0.0
10.74,0,155.74,0.0,0.0
10.74,0,153.44,0.0,0.0
10.74,0,148.77,0.0,0.0
10.74,0,137.84,0.0,0.0
8.35,0,114.1,0.0,0.0
5.97,0,101.49,0.0,0.0
5.97,0,98.03,0.0,0.0
3.58,0,86.13,0.0,0.0
1.77,0,10.24,0.0,0.0
1.77,0,11.31,0.0,0.0
1.77,0,7.23,0.0,0.0
1.77,0,8.85,0.0,0.0
1.77,0,5.26,0.0,0.0
1.77,0,5.8,0.0,0.0
1.77,0,5.28,0.0,0.0
1.77,0,4.05,0.0,0.0
1.77,0,3.98,0.0,0.0
1.77,0,5.39,0.0,0.0
1.77,0,10.87,0.0,0.0
3.58,0,90.45,0.0,0.0
7.16,0,108.05,0.0,0.0
7.16,0,115.53,0.0,0.0
9.55,0,130.45,0.0,0.0
9.55,0,134.9,0.0,0.0
9.55,0,130.71,0.0,0.0
9.55,0,124.42,0.0,0.0
9.55,0,123.28,0.0,0.0
7.16,0,108.75,0.0,0.0
4.77,0,94.14,0.0,0.0
1.77,0,12.36,0.0,0.0
1.77,0,12.49,0.0,0.0
1.77,0,12.45,0.0,0.0
1.77,0,10.01,0.0,0.0
1.77,0,10.34,0.0,0.0
1.77,0,10.33,0.0,0.0
2.36,0,8.18,0.0,0.0
2.36,0,7.68,0.0,0.0
2.36,0,7.37,0.0,0.0
2.36,0,5.08,0.0,0.0
2.36,0,5.37,0.0,0.0
2.36,0,7.78,0.0,0.0
4.77,0,71.69,0.0,0.0
7.16,0,88.39,0.0,0.0
10.74,0,124.22,0.0,0.0
10.74,0,136.12,0.0,0.0
10.74,0,147.48,0.0,0.0
10.74,0,150.4,0.0,0.0
10.74,0,153.09,0.0,0.0
10.74,0,156.03,0.0,0.0
10.74,0,160.91,0.0,0.0
10.74,0,155.23,0.0,0.0
10.74,0,137.04,0.0,0.0
10.74,0,121.86,0.0,0.0
8.35,0,108.9,0.0,0.0
8.35,0,109.75,0.0,0.0
2.36,0,12.81,0.0,0.0
2.36,0,12.01,0.0,0.0
2.36,0,11.67,0.0,0.0
2.36,0,11.78,0.0,0.0
2.36,0,11.34,0.0,0.0
2.36,0,9.02,0.0,0.0
2.36,0,7.63,0.0,0.0
2.36,0,8.0,0.0,0.0
2.36,0,7.75,0.0,0.0
2.36,0,9.34,0.0,0.0
4.77,0,87.08,0.0,0.0
7.16,0,98.38,0.0,0.0
10.74,0,130.61,0.0,0.0
10.74,0,144.09,0.0,0.0
10.74,0,161.26,0.0,0.0
10.74,0,167.12,0.0,0.0
10.74,0,163.29,0.0,0.0
10.74,0,160.88,0.0,0.0
10.74,0,158.08,0.0,0.0
10.74,0,147.48,0.0,0.0
10.74,0,138.74,0.0,0.0
10.74,0,128.29,0.0,0.0
8.35,0,113.09,0.0,0.0
8.35,0,110.84,0.0,0.0
2.36,0,12.53,0.0,0.0
2.36,0,11.24,0.0,0.0
2.36,0,11.92,0.0,0.0
2.36,0,11.28,0.0,0.0
2.36,0,8.55,0.0,0.0
2.36,0,8.91,0.0,0.0
2.36,0,8.47,0.0,0.0
2.36,0,5.92,0.0,0.0
2.36,0,4.61,0.0,0.0
2.36,0,8.55,0.0,0.0
4.77,0,59.06,0.0,0.0
7.16,0,60.15,0.0,0.0
10.74,0,84.8,0.0,0.0
10.74,0,94.83,0.0,0.0
10.74,0,108.4,0.0,0.0
10.74,0,113.79,0.0,0.0
10.74,0,110.86,0.0,0.0
10.74,0,106.58,0.0,0.0
10.74,0,111.8,0.0,0.0
10.74,0,112.94,0.0,0.0
10.74,0,105.38,0.0,0.0
10.74,0,93.45,0.0,0.0
8.35,0,73.54,0.0,0.0
8.35,0,62.92,0.0,0.0
2.36,0,7.31,0.0,0.0
2.36,0,8.46,0.0,0.0
2.36,0,5.0,0.0,0.0
2.36,0,5.88,0.0,0.0
2.36,0,3.69,0.0,0.0
2.36,0,5.54,0.0,0.0
2.36,0,3.63,0.0,0.0
2.36,0,1.69,0.0,0.0
2.36,0,1.88,0.0,0.0
2.36,0,4.57,0.0,0.0
4.77,0,15.0,0.0,0.0
7.16,0,18.73,0.0,0.0
10.74,0,54.18,0.0,0.0
10.74,0,71.91,0.0,0.0
10.74,0,89.25,0.0,0.0
10.74,0,94.08,0.0,0.0
10.74,0,96.98,0.0,0.0
10.74,0,96.88,0.0,0.0
10.74,0,99.13,0.0,0.0
10.74,0,96.39,0.0,0.0
10.74,0,87.67,0.0,0.0
10.74,0,74.4,0.0,0.0
8.35,0,57.93,0.0,0.0
8.35,0,53.15,0.0,0.0
2.36,0,7.1,0.0,0.0
2.36,0,6.64,0.0,0.0
2.36,0,6.97,0.0,0.0
2.36,0,6.34,0.0,0.0
2.36,0,4.63,0.0,0.0
2.36,0,4.09,0.0,0.0
2.36,0,4.12,0.0,0.0
2.36,0,2.6,0.0,0.0
2.36,0,1.45,0.0,0.0
2.36,0,5.32,0.0,0.0
4.77,0,27.87,0.0,0.0
7.16,0,35.76,0.0,0.0
10.74,0,61.92,0.0,0.0
10.74,0,75.5,0.0,0.0
10.74,0,93.66,0.0,0.0
10.74,0,99.95,0.0,0.0
10.74,0,102.37,0.0,0.0
10.74,0,103.36,0.0,0.0
10.74,0,106.53,0.0,0.0
10.74,0,105.35,0.0,0.0
10.74,0,97.34,0.0,0.0
10.74,0,84.28,0.0,0.0
8.35,0,68.97,0.0,0.0
8.35,0,64.38,0.0,0.0
2.36,0,7.49,0.0,0.0
2.36,0,8.66,0.0,0.0
2.36,0,8.23,0.0,0.0
2.36,0,5.61,0.0,0.0
1.77,0,6.0,0.0,0.0
1.77,0,2.0,0.0,0.0
1.77,0,3.22,0.0,0.0
1.77,0,3.78,0.0,0.0
1.77,0,0.66,0.0,0.0
1.77,0,6.25,0.0,0.0
3.58,0,33.89,0.0,0.0
5.97,0,42.67,0.0,0.0
9.55,0,68.95,0.0,0.0
10.74,0,91.7,0.0,0.0
10.74,0,112.41,0.0,0.0
10.74,0,123.08,0.0,0.0
10.74,0,124.88,0.0,0.0
10.74,0,121.86,0.0,0.0
10.74,0,121.28,0.0,0.0
10.74,0,121.9,0.0,0.0
10.74,0,115.22,0.0,0.0
8.35,0,88.56,0.0,0.0
5.97,0,71.1,0.0,0.0
5.97,0,64.57,0.0,0.0
3.58,0,52.52,0.0,0.0
1.77,0,7.01,0.0,0.0
1.77,0,8.41,0.0,0.0
1.77,0,5.53,0.0,0.0
1.77,0,5.84,0.0,0.0
1.77,0,3.7,0.0,0.0
1.77,0,3.23,0.0,0.0
1.77,0,3.05,0.0,0.0
1.77,0,2.74,0.0,0.0
1.77,0,1.13,0.0,0.0
1.77,0,1.35,0.0,0.0
1.77,0,8.63,0.0,0.0
3.58,0,36.02,0.0,0.0
7.16,0,56.65,0.0,0.0
7.16,0,69.87,0.0,0.0
9.55,0,91.49,0.0,0.0
9.55,0,103.98,0.0,0.0
9.55,0,111.09,0.0,0.0
9.55,0,110.66,0.0,0.0
9.55,0,106.93,0.0,0.0
7.16,0,88.7,0.0,0.0
4.77,0,65.15,0.0,0.0
1.77,0,8.58,0.0,0.0
1.77,0,8.82,0.0,0.0
1.77,0,6.43,0.0,0.0
1.77,0,5.52,0.0,0.0
1.77,0,4.84,0.0,0.0
1.77,0,3.69,0.0,0.0
2.36,0,3.51,0.0,0.0
2.36,0,3.44,0.0,0.0
2.36,0,0.69,0.0,0.0
2.36,0,0.67,0.0,0.0
2.36,0,0.63,0.0,0.0
2.36,0,1.94,0.0,0.0
4.77,0,3.58,0.0,0.0
7.16,0,6.91,0.0,0.0
10.74,0,36.56,0.0,0.0
10.74,0,54.6,0.0,0.0
10.74,0,83.94,0.0,0.0
10.74,0,96.35,0.0,0.0
10.74,0,105.37,0.0,0.0
10.74,0,107.96,0.0,0.0
10.74,0,111.65,0.0,0.0
10.74,0,110.03,0.0,0.0
10.74,0,100.1,0.0,0.0
10.74,0,85.12,0.0,0.0
8.35,0,67.64,0.0,0.0
8.35,0,61.23,0.0,0.0
2.36,0,7.06,0.0,0.0
2.36,0,7.33,0.0,0.0
2.36,0,4.7,0.0,0.0
2.36,0,2.93,0.0,0.0
2.36,0,1.69,0.0,0.0
2.36,0,0.73,0.0,0.0
2.36,0,0.0,0.0,0.0
2.36,0,0.0,0.0,0.0
2.36,0,0.0,0.0,0.0
2.36,0,1.17,0.0,0.0
4.77,0,2.72,0.0,0.0
7.16,0,3.13,0.0,0.0
10.74,0,32.86,0.0,0.0
10.74,0,67.16,0.0,0.0
10.74,0,83.57,0.0,0.0
10.74,0,93.49,0.0,0.0
10.74,0,100.15,0.0,0.0
10.74,0,101.01,0.0,0.0
10.74,0,104.07,0.0,0.0
10.74,0,100.93,0.0,0.0
10.74,0,91.7,0.0,0.0
10.74,0,81.15,0.0,0.0
8.35,0,65.22,0.0,0.0
8.35,0,58.97,0.0,0.0
2.36,0,7.08,0.0,0.0
2.36,0,7.44,0.0,0.0
2.36,0,5.02,0.0,0.0
2.36,0,3.3,0.0,0.0
2.36,0,2.02,0.0,0.0
2.36,0,0.11,0.0,0.0
2.36,0,0.24,0.0,0.0
2.36,0,0.29,0.0,0.0
2.36,0,0.26,0.0,0.0
2.36,0,4.79,0.0,0.0
4.77,0,24.05,0.0,0.0
7.16,0,41.51,0.0,0.0
10.74,0,73.35,0.0,0.0
10.74,0,87.44,0.0,0.0
10.74,0,100.81,0.0,0.0
10.74,0,109.58,0.0,0.0
10.74,0,113.4,0.0,0.0
10.74,0,115.24,0.0,0.0
10.74,0,119.02,0.0,0.0
10.74,0,116.68,0.0,0.0
10.74,0,106.2,0.0,0.0
10.74,0,91.74,0.0,0.0
8.35,0,76.16,0.0,0.0
8.35,0,70.28,0.0,0.0
2.36,0,7.66,0.0,0.0
2.36,0,8.47,0.0,0.0
2.36,0,5.5,0.0,0.0
2.36,0,5.93,0.0,0.0
2.36,0,3.75,0.0,0.0
2.36,0,4.91,0.0,0.0
2.36,0,1.84,0.0,0.0
2.36,0,1.88,0.0,0.0
2.36,0,0.64,0.0,0.0
2.36,0,5.64,0.0,0.0
4.77,0,32.68,0.0,0.0
7.16,0,50.19,0.0,0.0
10.74,0,82.86,0.0,0.0
10.74,0,99.14,0.0,0.0
10.74,0,120.07,0.0,0.0
10.74,0,131.68,0.0,0.0
10.74,0,137.72,0.0,0.0
10.74,0,136.41,0.0,0.0
10.74,0,138.32,0.0,0.0
10.74,0,133.63,0.0,0.0
10.74,0,124.81,0.0,0.0
10.74,0,115.27,0.0,0.0
8.35,0,100.13,0.0,0.0
8.35,0,93.5,0.0,0.0
2.36,0,9.39,0.0,0.0
2.36,0,11.75,0.0,0.0
2.36,0,10.13,0.0,0.0
2.36,0,10.16,0.0,0.0
2.36,0,8.17,0.0,0.0
2.36,0,5.66,0.0,0.0
2.36,0,7.43,0.0,0.0
2.36,0,5.48,0.0,0.0
2.36,0,6.28,0.0,0.0
2.36,0,9.97,0.0,0.0
4.77,0,82.72,0.0,0.0
7.16,0,95.8,0.0,0.0
10.74,0,131.25,0.0,0.0
10.74,0,149.96,0.0,0.0
10.74,0,168.6,0.0,0.0
10.74,0,169.29,0.0,0.0
10.74,0,166.01,0.0,0.0
10.74,0,155.46,0.0,0.0
10.74,0,154.32,0.0,0.0
10.74,0,155.74,0.0,0.0
10.74,0,153.21,0.0,0.0
10.74,0,138.75,0.0,0.0
8.35,0,119.02,0.0,0.0
8.35,0,114.68,0.0,0.0
2.36,0,10.84,0.0,0.0
2.36,0,13.2,0.0,0.0
2.36,0,11.44,0.0,0.0
2.36,0,11.5,0.0,0.0
1.77,0,9.12,0.0,0.0
1.77,0,8.69,0.0,0.0
1.77,0,8.69,0.0,0.0
1.77,0,5.46,0.0,0.0
1.77,0,7.27,0.0,0.0
1.77,0,8.77,0.0,0.0
3.58,0,82.84,0.0,0.0
5.97,0,99.53,0.0,0.0
9.55,0,134.66,0.0,0.0
10.74,0,155.29,0.0,0.0
10.74,0,169.23,0.0,0.0
10.74,0,168.43,0.0,0.0
10.74,0,167.05,0.0,0.0
10.74,0,165.3,0.0,0.0
10.74,0,159.21,0.0,0.0
10.74,0,165.36,0.0,0.0
10.74,0,156.1,0.0,0.0
8.35,0,124.46,0.0,0.0
5.97,0,108.54,0.0,0.0
5.97,0,103.1,0.0,0.0
3.58,0,90.87,0.0,0.0
1.77,0,10.31,0.0,0.0
1.77,0,11.89,0.0,0.0
1.77,0,7.03,0.0,0.0
1.77,0,9.21,0.0,0.0
1.77,0,6.04,0.0,0.0
1.77,0,7.21,0.0,0.0
1.77,0,3.58,0.0,0.0
1.77,0,5.07,0.0,0.0
1.77,0,4.72,0.0,0.0
1.77,0,4.61,0.0,0.0
1.77,0,11.63,0.0,0.0
3.58,0,95.62,0.0,0.0
7.16,0,120.19,0.0,0.0
7.16,0,132.58,0.0,0.0
9.55,0,149.79,0.0,0.0
9.55,0,155.24,0.0,0.0
9.55,0,156.72,0.0,0.0
9.55,0,154.59,0.0,0.0
9.55,0,148.76,0.0,0.0
7.16,0,126.26,0.0,0.0
4.77,0,106.65,0.0,0.0
1.77,0,12.54,0.0,0.0
1.77,0,11.69,0.0,0.0
1.77,0,11.34,0.0,0.0
1.77,0,11.23,0.0,0.0
1.77,0,9.37,0.0,0.0
1.77,0,7.22,0.0,0.0
2.36,0,8.13,0.0,0.0
2.36,0,4.45,0.0,0.0
2.36,0,5.57,0.0,0.0
2.36,0,4.9,0.0,0.0
2.36,0,5.24,0.0,0.0
2.36,0,7.18,0.0,0.0
4.77,0,65.55,0.0,0.0
7.16,0,96.9,0.0,0.0
10.74,0,137.17,0.0,0.0
10.74,0,151.28,0.0,0.0
10.74,0,168.67,0.0,0.0
10.74,0,171.71,0.0,0.0
10.74,0,175.33,0.0,0.0
10.74,0,173.17,0.0,0.0
10.74,0,170.85,0.0,0.0
10.74,0,163.29,0.0,0.0
10.74,0,151.43,0.0,0.0
10.74,0,136.71,0.0,0.0
8.35,0,120.93,0.0,0.0
8.35,0,117.32,0.0,0.0
2.36,0,12.93,0.0,0.0
2.36,0,12.02,0.0,0.0
2.36,0,11.58,0.0,0.0
2.36,0,11.53,0.0,0.0
2.36,0,8.81,0.0,0.0
2.36,0,8.08,0.0,0.0
2.36,0,7.81,0.0,0.0
2.36,0,4.45,0.0,0.0
2.36,0,5.53,0.0,0.0
2.36,0,7.8,0.0,0.0
4.77,0,78.9,0.0,0.0
7.16,0,96.07,0.0,0.0
10.74,0,132.04,0.0,0.0
10.74,0,143.09,0.0,0.0
10.74,0,161.95,0.0,0.0
10.74,0,174.76,0.0,0.0
10.74,0,169.11,0.0,0.0
10.74,0,157.09,0.0,0.0
10.74,0,167.61,0.0,0.0
10.74,0,165.05,0.0,0.0
10.74,0,148.65,0.0,0.0
10.74,0,129.46,0.0,0.0
8.35,0,111.75,0.0,0.0
8.35,0,108.3,0.0,0.0
2.36,0,9.95,0.0,0.0
2.36,0,12.54,0.0,0.0
2.36,0,9.54,0.0,0.0
2.36,0,8.9,0.0,0.0
2.36,0,8.6,0.0,0.0
2.36,0,4.91,0.0,0.0
2.36,0,5.94,0.0,0.0
2.36,0,4.22,0.0,0.0
2.36,0,4.65,0.0,0.0
2.36,0,7.45,0.0,0.0
4.77,0,70.11,0.0,0.0
7.16,0,98.12,0.0,0.0
10.74,0,134.72,0.0,0.0
10.74,0,146.34,0.0,0.0
10.74,0,157.15,0.0,0.0
10.74,0,158.89,0.0,0.0
10.74,0,162.67,0.0,0.0
10.74,0,151.12,0.0,0.0
10.74,0,132.59,0.0,0.0
10.74,0,119.51,0.0,0.0
10.74,0,110.18,0.0,0.0
10.74,0,100.6,0.0,0.0
8.35,0,90.43,0.0,0.0
8.35,0,89.79,0.0,0.0
2.36,0,8.09,0.0,0.0
2.36,0,8.89,0.0,0.0
2.36,0,4.92,0.0,0.0
2.36,0,5.91,0.0,0.0
2.36,0,5.3,0.0,0.0
2.36,0,4.06,0.0,0.0
2.36,0,3.05,0.0,0.0
2.36,0,1.48,0.0,0.0
2.36,0,2.34,0.0,0.0
2.36,0,6.2,0.0,0.0
4.77,0,55.31,0.0,0.0
7.16,0,84.12,0.0,0.0
10.74,0,123.14,0.0,0.0
10.74,0,140.21,0.0,0.0
10.74,0,154.31,0.0,0.0
10.74,0,157.97,0.0,0.0
10.74,0,160.91,0.0,0.0
10.74,0,159.17,0.0,0.0
10.74,0,160.21,0.0,0.0
10.74,0,160.38,0.0,0.0
10.74,0,149.15,0.0,0.0
10.74,0,135.08,0.0,0.0
8.35,0,120.09,0.0,0.0
8.35,0,116.82,0.0,0.0
2.36,0,10.63,0.0,0.0
2.36,0,12.07,0.0,0.0
2.36,0,10.34,0.0,0.0
2.36,0,8.49,0.0,0.0
2.36,0,9.07,0.0,0.0
2.36,0,6.48,0.0,0.0
2.36,0,6.14,0.0,0.0
2.36,0,4.22,0.0,0.0
2.36,0,6.49,0.0,0.0
2.36,0,8.03,0.0,0.0
4.77,0,71.74,0.0,0.0
7.16,0,85.85,0.0,0.0
10.74,0,119.32,0.0,0.0
10.74,0,134.58,0.0,0.0
10.74,0,153.93,0.0,0.0
10.74,0,161.73,0.0,0.0
10.74,0,167.63,0.0,0.0
10.74,0,169.0,0.0,0.0
10.74,0,171.13,0.0,0.0
10.74,0,166.28,0.0,0.0
10.74,0,149.61,0.0,0.0
10.74,0,134.18,0.0,0.0
8.35,0,118.77,0.0,0.0
8.35,0,113.44,0.0,0.0
2.36,0,12.35,0.0,0.0
2.36,0,11.51,0.0,0.0
2.36,0,11.11,0.0,0.0
2.36,0,10.89,0.0,0.0
1.77,0,8.18,0.0,0.0
1.77,0,6.39,0.0,0.0
1.77,0,7.26,0.0,0.0
1.77,0,3.58,0.0,0.0
1.77,0,5.57,0.0,0.0
1.77,0,8.04,0.0,0.0
3.58,0,75.42,0.0,0.0
5.97,0,88.71,0.0,0.0
9.55,0,120.58,0.0,0.0
10.74,0,145.65,0.0,0.0
10.74,0,166.47,0.0,0.0
10.74,0,171.31,0.0,0.0
10.74,0,170.9,0.0,0.0
10.74,0,167.06,0.0,0.0
10.74,0,163.32,0.0,0.0
10.74,0,155.64,0.0,0.0
10.74,0,138.62,0.0,0.0
8.35,0,110.3,0.0,0.0
5.97,0,95.84,0.0,0.0
5.97,0,87.06,0.0,0.0
3.58,0,75.18,0.0,0.0
1.77,0,9.81,0.0,0.0
1.77,0,11.11,0.0,0.0
1.77,0,7.79,0.0,0.0
1.77,0,8.32,0.0,0.0
1.77,0,6.26,0.0,0.0
1.77,0,8.44,0.0,0.0
1.77,0,4.33,0.0,0.0
1.77,0,5.85,0.0,0.0
1.77,0,5.82,0.0,0.0
1.77,0,6.26,0.0,0.0
1.77,0,12.07,0.0,0.0
3.58,0,82.06,0.0,0.0
7.16,0,100.62,0.0,0.0
7.16,0,107.78,0.0,0.0
9.55,0,126.26,0.0,0.0
9.55,0,134.57,0.0,0.0
9.55,0,137.79,0.0,0.0
9.55,0,133.85,0.0,0.0
9.55,0,126.89,0.0,0.0
7.16,0,109.38,0.0,0.0
4.77,0,89.11,0.0,0.0
1.77,0,9.98,0.0,0.0
1.77,0,11.7,0.0,0.0
1.77,0,10.41,0.0,0.0
1.77,0,10.94,0.0,0.0
1.77,0,8.3,0.0,0.0
1.77,0,5.64,0.0,0.0
2.36,0,7.31,0.0,0.0
2.36,0,2.76,0.0,0.0
2.36,0,6.7,0.0,0.0
2.36,0,5.77,0.0,0.0
2.36,0,4.25,0.0,0.0
2.36,0,7.66,0.0,0.0
4.77,0,59.3,0.0,0.0
7.16,0,78.24,0.0,0.0
10.74,0,110.4,0.0,0.0
10.74,0,123.95,0.0,0.0
10.74,0,142.56,0.0,0.0
10.74,0,151.41,0.0,0.0
10.74,0,156.97,0.0,0.0
10.74,0,154.07,0.0,0.0
10.74,0,152.26,0.0,0.0
10.74,0,144.22,0.0,0.0
10.74,0,134.26,0.0,0.0
10.74,0,120.96,0.0,0.0
8.35,0,105.59,0.0,0.0
8.35,0,101.34,0.0,0.0
2.36,0,10.02,0.0,0.0
2.36,0,12.64,0.0,0.0
2.36,0,10.52,0.0,0.0
2.36,0,10.52,0.0,0.0
2.36,0,7.99,0.0,0.0
2.36,0,6.27,0.0,0.0
2.36,0,9.17,0.0,0.0
2.36,0,5.26,0.0,0.0
2.36,0,5.73,0.0,0.0
2.36,0,8.82,0.0,0.0
4.77,0,74.85,0.0,0.0
7.16,0,90.49,0.0,0.0
10.74,0,125.24,0.0,0.0
10.74,0,141.17,0.0,0.0
10.74,0,152.7,0.0,0.0
10.74,0,156.98,0.0,0.0
10.74,0,159.61,0.0,0.0
10.74,0,157.36,0.0,0.0
10.74,0,163.25,0.0,0.0
10.74,0,159.82,0.0,0.0
10.74,0,146.91,0.0,0.0
10.74,0,133.97,0.0,0.0
8.35,0,120.15,0.0,0.0
8.35,0,114.55,0.0,0.0
2.36,0,12.46,0.0,0.0
2.36,0,11.42,0.0,0.0
2.36,0,11.83,0.0,0.0
2.36,0,11.55,0.0,0.0
2.36,0,9.0,0.0,0.0
2.36,0,8.23,0.0,0.0
2.36,0,7.52,0.0,0.0
2.36,0,5.9,0.0,0.0
2.36,0,4.99,0.0,0.0
2.36,0,8.7,0.0,0.0
4.77,0,76.25,0.0,0.0
7.16,0,97.52,0.0,0.0
10.74,0,134.3,0.0,0.0
10.74,0,148.24,0.0,0.0
10.74,0,163.36,0.0,0.0
10.74,0,167.12,0.0,0.0
10.74,0,164.0,0.0,0.0
10.74,0,152.34,0.0,0.0
10.74,0,149.32,0.0,0.0
10.74,0,144.2,0.0,0.0
10.74,0,142.97,0.0,0.0
10.74,0,134.37,0.0,0.0
8.35,0,115.97,0.0,0.0
8.35,0,114.03,0.0,0.0
2.36,0,13.04,0.0,0.0
2.36,0,11.92,0.0,0.0
2.36,0,11.43,0.0,0.0
2.36,0,11.22,0.0,0.0
2.36,0,9.28,0.0,0.0
2.36,0,7.45,0.0,0.0
2.36,0,8.3,0.0,0.0
2.36,0,6.11,0.0,0.0
2.36,0,6.19,0.0,0.0
2.36,0,8.64,0.0,0.0
4.77,0,79.74,0.0,0.0
7.16,0,95.56,0.0,0.0
10.74,0,132.0,0.0,0.0
10.74,0,146.23,0.0,0.0
10.74,0,162.08,0.0,0.0
10.74,0,164.6,0.0,0.0
10.74,0,161.19,0.0,0.0
10.74,0,157.8,0.0,0.0
10.74,0,158.73,0.0,0.0
10.74,0,151.74,0.0,0.0
10.74,0,139.45,0.0,0.0
10.74,0,128.2,0.0,0.0
8.35,0,112.54,0.0,0.0
8.35,0,107.58,0.0,0.0
2.36,0,12.59,0.0,0.0
2.36,0,11.65,0.0,0.0
2.36,0,10.77,0.0,0.0
2.36,0,10.18,0.0,0.0
2.36,0,9.37,0.0,0.0
2.36,0,7.16,0.0,0.0
2.36,0,8.04,0.0,0.0
2.36,0,5.33,0.0,0.0
2.36,0,8.04,0.0,0.0
2.36,0,9.84,0.0,0.0
4.77,0,73.96,0.0,0.0
7.16,0,84.94,0.0,0.0
10.74,0,120.95,0.0,0.0
10.74,0,139.54,0.0,0.0
10.74,0,158.43,0.0,0.0
10.74,0,166.74,0.0,0.0
10.74,0,167.81,0.0,0.0
10.74,0,162.27,0.0,0.0
10.74,0,159.86,0.0,0.0
10.74,0,154.06,0.0,0.0
10.74,0,143.67,0.0,0.0
10.74,0,132.98,0.0,0.0
8.35,0,120.82,0.0,0.0
8.35,0,117.57,0.0,0.0
2.36,0,16.28,0.0,0.0
2.36,0,13.34,0.0,0.0
2.36,0,13.61,0.0,0.0
2.36,0,11.26,0.0,0.0
1.77,0,10.71,0.0,0.0
1.77,0,10.7,0.0,0.0
1.77,0,8.44,0.0,0.0
1.77,0,7.39,0.0,0.0
1.77,0,8.1,0.0,0.0
1.77,0,9.18,0.0,0.0
3.58,0,55.1,0.0,0.0
5.97,0,64.18,0.0,0.0
9.55,0,94.57,0.0,0.0
10.74,0,120.21,0.0,0.0
10.74,0,140.19,0.0,0.0
10.74,0,152.37,0.0,0.0
10.74,0,159.52,0.0,0.0
10.74,0,163.63,0.0,0.0
10.74,0,162.03,0.0,0.0
10.74,0,155.41,0.0,0.0
10.74,0,143.03,0.0,0.0
8.35,0,115.03,0.0,0.0
5.97,0,102.72,0.0,0.0
5.97,0,102.1,0.0,0.0
3.58,0,91.6,0.0,0.0
1.77,0,9.74,0.0,0.0
1.77,0,11.8,0.0,0.0
1.77,0,11.99,0.0,0.0
1.77,0,10.47,0.0,0.0
1.77,0,10.28,0.0,0.0
1.77,0,7.31,0.0,0.0
1.77,0,7.2,0.0,0.0
1.77,0,4.92,0.0,0.0
1.77,0,6.31,0.0,0.0
1.77,0,4.43,0.0,0.0
1.77,0,9.34,0.0,0.0
3.58,0,60.16,0.0,0.0
7.16,0,62.54,0.0,0.0
7.16,0,63.0,0.0,0.0
9.55,0,88.96,0.0,0.0
9.55,0,101.22,0.0,0.0
9.55,0,106.18,0.0,0.0
9.55,0,108.81,0.0,0.0
9.55,0,105.13,0.0,0.0
7.16,0,86.81,0.0,0.0
4.77,0,68.19,0.0,0.0
1.77,0,7.08,0.0,0.0
1.77,0,5.45,0.0,0.0
1.77,0,2.82,0.0,0.0
1.77,0,3.04,0.0,0.0
1.77,0,0.84,0.0,0.0
1.77,0,0.78,0.0,0.0
2.36,0,0.78,0.0,0.0
2.36,0,0.68,0.0,0.0
2.36,0,0.0,0.0,0.0
2.36,0,0.0,0.0,0.0
2.36,0,0.0,0.0,0.0
2.36,0,3.74,0.0,0.0
4.77,0,15.76,0.0,0.0
7.16,0,38.98,0.0,0.0
10.74,0,79.13,0.0,0.0
10.74,0,90.92,0.0,0.0
10.74,0,104.9,0.0,0.0
10.74,0,108.86,0.0,0.0
10.74,0,104.85,0.0,0.0
10.74,0,103.26,0.0,0.0
10.74,0,109.55,0.0,0.0
10.74,0,107.92,0.0,0.0
10.74,0,100.52,0.0,0.0
10.74,0,91.35,0.0,0.0
8.35,0,80.33,0.0,0.0
8.35,0,81.33,0.0,0.0
2.36,0,1.13,0.0,0.0
2.36,0,1.79,0.0,0.0
2.36,0,0.94,0.0,0.0
2.36,0,0.98,0.0,0.0
2.36,0,0.95,0.0,0.0
2.36,0,0.89,0.0,0.0
2.36,0,0.0,0.0,0.0
2.36,0,0.0,0.0,0.0
2.36,0,0.0,0.0,0.0
2.36,0,5.92,0.0,0.0
4.77,0,34.55,0.0,0.0
7.16,0,61.06,0.0,0.0
10.74,0,97.87,0.0,0.0
10.74,0,106.48,0.0,0.0
10.74,0,119.04,0.0,0.0
10.74,0,122.97,0.0,0.0
10.74,0,132.38,0.0,0.0
10.74,0,133.89,0.0,0.0
10.74,0,134.73,0.0,0.0
10.74,0,126.99,0.0,0.0
10.74,0,108.52,0.0,0.0
10.74,0,89.57,0.0,0.0
8.35,0,71.2,0.0,0.0
8.35,0,66.79,0.0,0.0
2.36,0,6.36,0.0,0.0
2.36,0,3.71,0.0,0.0
2.36,0,3.78,0.0,0.0
2.36,0,2.41,0.0,0.0
2.36,0,1.82,0.0,0.0
2.36,0,1.75,0.0,0.0
2.36,0,0.73,0.0,0.0
2.36,0,0.75,0.0,0.0
2.36,0,0.69,0.0,0.0
2.36,0,5.25,0.0,0.0
4.77,0,22.77,0.0,0.0
7.16,0,42.78,0.0,0.0
10.74,0,79.05,0.0,0.0
10.74,0,89.0,0.0,0.0
10.74,0,102.09,0.0,0.0
10.74,0,114.05,0.0,0.0
10.74,0,124.45,0.0,0.0
10.74,0,127.18,0.0,0.0
10.74,0,126.82,0.0,0.0
10.74,0,117.79,0.0,0.0
10.74,0,102.13,0.0,0.0
10.74,0,83.48,0.0,0.0
8.35,0,67.94,0.0,0.0
8.35,0,66.78,0.0,0.0
2.36,0,7.0,0.0,0.0
2.36,0,4.69,0.0,0.0
2.36,0,2.12,0.0,0.0
2.36,0,2.75,0.0,0.0
2.36,0,0.81,0.0,0.0
2.36,0,2.06,0.0,0.0
2.36,0,1.33,0.0,0.0
2.36,0,0.65,0.0,0.0
2.36,0,0.1,0.0,0.0
2.36,0,2.96,0.0,0.0
4.77,0,21.08,0.0,0.0
7.16,0,43.48,0.0,0.0
10.74,0,81.9,0.0,0.0
10.74,0,103.21,0.0,0.0
10.74,0,123.42,0.0,0.0
10.74,0,126.91,0.0,0.0
10.74,0,122.68,0.0,0.0
10.74,0,117.36,0.0,0.0
10.74,0,119.28,0.0,0.0
10.74,0,116.03,0.0,0.0
10.74,0,102.84,0.0,0.0
10.74,0,86.69,0.0,0.0
8.35,0,67.37,0.0,0.0
8.35,0,60.25,0.0,0.0
2.36,0,6.87,0.0,0.0
2.36,0,4.9,0.0,0.0
2.36,0,2.8,0.0,0.0
2.36,0,3.79,0.0,0.0
2.36,0,2.01,0.0,0.0
2.36,0,2.7,0.0,0.0
2.36,0,0.78,0.0,0.0
2.36,0,1.28,0.0,0.0
2.36,0,0.68,0.0,0.0
2.36,0,4.47,0.0,0.0
4.77,0,26.27,0.0,0.0
7.16,0,45.19,0.0,0.0
10.74,0,83.67,0.0,0.0
10.74,0,104.67,0.0,0.0
10.74,0,127.83,0.0,0.0
10.74,0,135.68,0.0,0.0
10.74,0,138.82,0.0,0.0
10.74,0,135.53,0.0,0.0
10.74,0,138.71,0.0,0.0
10.74,0,132.98,0.0,0.0
10.74,0,122.61,0.0,0.0
10.74,0,111.63,0.0,0.0
8.35,0,98.62,0.0,0.0
8.35,0,98.76,0.0,0.0
2.36,0,9.6,0.0,0.0
2.36,0,8.99,0.0,0.0
2.36,0,9.78,0.0,0.0
2.36,0,6.56,0.0,0.0
1.77,0,6.2,0.0,0.0
1.77,0,5.37,0.0,0.0
1.77,0,6.38,0.0,0.0
1.77,0,3.05,0.0,0.0
1.77,0,3.5,0.0,0.0
1.77,0,8.56,0.0,0.0
3.58,0,65.61,0.0,0.0
5.97,0,79.34,0.0,0.0
9.55,0,117.44,0.0,0.0
10.74,0,139.61,0.0,0.0
10.74,0,144.38,0.0,0.0
10.74,0,140.44,0.0,0.0
10.74,0,123.27,0.0,0.0
10.74,0,109.51,0.0,0.0
10.74,0,109.96,0.0,0.0
10.74,0,109.46,0.0,0.0
10.74,0,98.6,0.0,0.0
8.35,0,71.05,0.0,0.0
5.97,0,60.33,0.0,0.0
5.97,0,54.6,0.0,0.0
3.58,0,44.16,0.0,0.0
1.77,0,0.95,0.0,0.0
1.77,0,0.88,0.0,0.0
1.77,0,0.0,0.0,0.0
1.77,0,0.0,0.0,0.0
1.77,0,0.0,0.0,0.0
1.77,0,0.0,0.0,0.0
1.77,0,0.0,0.0,0.0
1.77,0,0.0,0.0,0.0
1.77,0,0.0,0.0,0.0
1.77,0,0.0,0.0,0.0
1.77,0,8.3,0.0,0.0
3.58,0,47.73,0.0,0.0
7.16,0,88.85,0.0,0.0
7.16,0,108.58,0.0,0.0
9.55,0,126.94,0.0,0.0
9.55,0,127.56,0.0,0.0
9.55,0,130.86,0.0,0.0
9.55,0,131.16,0.0,0.0
9.55,0,130.19,0.0,0.0
7.16,0,112.85,0.0,0.0
4.77,0,93.1,0.0,0.0
1.77,0,9.72,0.0,0.0
1.77,0,8.87,0.0,0.0
1.77,0,4.64,0.0,0.0
1.77,0,6.5,0.0,0.0
1.77,0,2.74,0.0,0.0
1.77,0,5.44,0.0,0.0
2.36,0,2.14,0.0,0.0
2.36,0,2.9,0.0,0.0
2.36,0,1.72,0.0,0.0
2.36,0,1.67,0.0,0.0
2.36,0,0.71,0.0,0.0
2.36,0,6.2,0.0,0.0
4.77,0,47.98,0.0,0.0
7.16,0,78.89,0.0,0.0
10.74,0,120.88,0.0,0.0
10.74,0,131.08,0.0,0.0
10.74,0,151.19,0.0,0.0
10.74,0,151.62,0.0,0.0
10.74,0,145.97,0.0,0.0
10.74,0,138.03,0.0,0.0
10.74,0,142.9,0.0,0.0
10.74,0,144.12,0.0,0.0
10.74,0,136.0,0.0,0.0
10.74,0,123.27,0.0,0.0
8.35,0,106.02,0.0,0.0
8.35,0,101.2,0.0,0.0
2.36,0,8.35,0.0,0.0
2.36,0,7.37,0.0,0.0
2.36,0,5.73,0.0,0.0
2.36,0,3.64,0.0,0.0
1.77,0,5.38,0.0,0.0
1.77,0,3.19,0.0,0.0
1.77,0,2.05,0.0,0.0
1.77,0,1.26,0.0,0.0
1.77,0,0.79,0.0,0.0
1.77,0,0.79,0.0,0.0
1.77,0,2.22,0.0,0.0
1.77,0,11.81,0.0,0.0
3.58,0,78.53,0.0,0.0
7.16,0,102.79,0.0,0.0
7.16,0,117.78,0.0,0.0
9.55,0,133.49,0.0,0.0
9.55,0,129.49,0.0,0.0
9.55,0,124.62,0.0,0.0
9.55,0,122.42,0.0,0.0
9.55,0,123.15,0.0,0.0
7.16,0,104.71,0.0,0.0
4.77,0,86.21,0.0,0.0
1.77,0,8.39,0.0,0.0
1.77,0,7.14,0.0,0.0
1.77,0,2.73,0.0,0.0
1.77,0,5.49,0.0,0.0
1.77,0,1.95,0.0,0.0
1.77,0,0.73,0.0,0.0
2.36,0,1.8,0.0,0.0
2.36,0,0.65,0.0,0.0
2.36,0,0.66,0.0,0.0
2.36,0,0.48,0.0,0.0
2.36,0,0.54,0.0,0.0
2.36,0,4.14,0.0,0.0
4.77,0,32.97,0.0,0.0
7.16,0,70.93,0.0,0.0
10.74,0,118.84,0.0,0.0
10.74,0,135.67,0.0,0.0
10.74,0,152.9,0.0,0.0
10.74,0,161.8,0.0,0.0
10.74,0,165.6,0.0,0.0
10.74,0,165.22,0.0,0.0
10.74,0,162.91,0.0,0.0
10.74,0,150.03,0.0,0.0
10.74,0,133.45,0.0,0.0
10.74,0,122.53,0.0,0.0
8.35,0,112.73,0.0,0.0
8.35,0,108.67,0.0,0.0
2.36,0,9.57,0.0,0.0
2.36,0,8.75,0.0,0.0
2.36,0,9.63,0.0,0.0
2.36,0,5.94,0.0,0.0
2.36,0,7.67,0.0,0.0
2.36,0,4.7,0.0,0.0
2.36,0,4.67,0.0,0.0
2.36,0,2.56,0.0,0.0
2.36,0,2.82,0.0,0.0
2.36,0,7.03,0.0,0.0
4.77,0,47.92,0.0,0.0
7.16,0,65.34,0.0,0.0
10.74,0,105.27,0.0,0.0
10.74,0,122.23,0.0,0.0
10.74,0,142.47,0.0,0.0
10.74,0,153.64,0.0,0.0
10.74,0,154.04,0.0,0.0
10.74,0,151.21,0.0,0.0
10.74,0,154.51,0.0,0.0
10.74,0,147.17,0.0,0.0
10.74,0,133.06,0.0,0.0
10.74,0,117.83,0.0,0.0
8.35,0,102.94,0.0,0.0
8.35,0,100.78,0.0,0.0
2.36,0,9.67,0.0,0.0
2.36,0,8.72,0.0,0.0
2.36,0,8.94,0.0,0.0
2.36,0,6.85,0.0,0.0
2.36,0,7.48,0.0,0.0
2.36,0,3.23,0.0,0.0
2.36,0,5.79,0.0,0.0
2.36,0,1.82,0.0,0.0
2.36,0,2.08,0.0,0.0
2.36,0,6.01,0.0,0.0
4.77,0,33.04,0.0,0.0
7.16,0,51.33,0.0,0.0
10.74,0,88.44,0.0,0.0
10.74,0,106.56,0.0,0.0
10.74,0,125.89,0.0,0.0
10.74,0,134.69,0.0,0.0
10.74,0,140.31,0.0,0.0
10.74,0,143.81,0.0,0.0
10.74,0,148.87,0.0,0.0
10.74,0,142.43,0.0,0.0
10.74,0,132.27,0.0,0.0
10.74,0,120.94,0.0,0.0
8.35,0,104.61,0.0,0.0
8.35,0,99.1,0.0,0.0
2.36,0,9.5,0.0,0.0
2.36,0,8.43,0.0,0.0
2.36,0,8.26,0.0,0.0
2.36,0,6.41,0.0,0.0
1.77,0,6.06,0.0,0.0
1.77,0,6.06,0.0,0.0
1.77,0,3.65,0.0,0.0
1.77,0,2.21,0.0,0.0
1.77,0,2.62,0.0,0.0
1.77,0,6.9,0.0,0.0
3.58,0,54.73,0.0,0.0
5.97,0,69.27,0.0,0.0
9.55,0,102.14,0.0,0.0
10.74,0,127.68,0.0,0.0
10.74,0,148.03,0.0,0.0
10.74,0,153.07,0.0,0.0
10.74,0,158.4,0.0,0.0
10.74,0,164.59,0.0,0.0
10.74,0,160.07,0.0,0.0
10.74,0,151.81,0.0,0.0
10.74,0,135.85,0.0,0.0
8.35,0,103.04,0.0,0.0
5.97,0,91.26,0.0,0.0
5.97,0,89.5,0.0,0.0
3.58,0,77.71,0.0,0.0
1.77,0,8.53,0.0,0.0
1.77,0,5.71,0.0,0.0
1.77,0,5.07,0.0,0.0
1.77,0,3.35,0.0,0.0
1.77,0,1.43,0.0,0.0
1.77,0,1.65,0.0,0.0
1.77,0,0.95,0.0,0.0
1.77,0,0.68,0.0,0.0
1.77,0,0.75,0.0,0.0
1.77,0,2.35,0.0,0.0
1.77,0,9.89,0.0,0.0
3.58,0,76.38,0.0,0.0
7.16,0,94.02,0.0,0.0
7.16,0,93.05,0.0,0.0
9.55,0,106.17,0.0,0.0
9.55,0,113.28,0.0,0.0
9.55,0,114.64,0.0,0.0
9.55,0,109.76,0.0,0.0
9.55,0,103.31,0.0,0.0
7.16,0,83.25,0.0,0.0
4.77,0,66.89,0.0,0.0
1.77,0,2.72,0.0,0.0
1.77,0,5.49,0.0,0.0
1.77,0,1.95,0.0,0.0
1.77,0,0.8,0.0,0.0
1.77,0,0.69,0.0,0.0
1.77,0,0.62,0.0,0.0
2.36,0,0.65,0.0,0.0
2.36,0,0.0,0.0,0.0
2.36,0,0.0,0.0,0.0
2.36,0,0.0,0.0,0.0
2.36,0,0.0,0.0,0.0
2.36,0,2.31,0.0,0.0
4.77,0,4.12,0.0,0.0
7.16,0,3.22,0.0,0.0
10.74,0,4.44,0.0,0.0
10.74,0,4.15,0.0,0.0
10.74,0,5.4,0.0,0.0
10.74,0,26.23,0.0,0.0
10.74,0,45.2,0.0,0.0
10.74,0,54.18,0.0,0.0
10.74,0,62.54,0.0,0.0
10.74,0,52.97,0.0,0.0
10.74,0,38.37,0.0,0.0
10.74,0,21.57,0.0,0.0
8.35,0,7.1,0.0,0.0
8.35,0,2.63,0.0,0.0
2.36,0,0.36,0.0,0.0
2.36,0,0.25,0.0,0.0
2.36,0,0.0,0.0,0.0
2.36,0,0.0,0.0,0.0
2.36,0,0.0,0.0,0.0
2.36,0,0.0,0.0,0.0
2.36,0,0.0,0.0,0.0
2.36,0,0.0,0.0,0.0
2.36,0,0.0,0.0,0.0
2.36,0,1.08,0.0,0.0
4.77,0,0.49,0.0,0.0
7.16,0,0.25,0.0,0.0
10.74,0,0.05,0.0,0.0
10.74,0,2.9,0.0,0.0
10.74,0,10.41,0.0,0.0
10.74,0,20.4,0.0,0.0
10.74,0,40.53,0.0,0.0
10.74,0,54.65,0.0,0.0
10.74,0,66.99,0.0,0.0
10.74,0,66.72,0.0,0.0
10.74,0,58.63,0.0,0.0
10.74,0,45.76,0.0,0.0
8.35,0,29.58,0.0,0.0
8.35,0,24.78,0.0,0.0
2.36,0,1.73,0.0,0.0
2.36,0,0.23,0.0,0.0
2.36,0,0.07,0.0,0.0
2.36,0,0.0,0.0,0.0
2.36,0,0.0,0.0,0.0
2.36,0,0.0,0.0,0.0
2.36,0,0.0,0.0,0.0
2.36,0,0.0,0.0,0.0
2.36,0,0.0,0.0,0.0
2.36,0,1.35,0.0,0.0
4.77,0,0.81,0.0,0.0
7.16,0,1.4,0.0,0.0
10.74,0,17.29,0.0,0.0
10.74,0,49.32,0.0,0.0
10.74,0,81.92,0.0,0.0
10.74,0,92.59,0.0,0.0
10.74,0,95.23,0.0,0.0
10.74,0,95.53,0.0,0.0
10.74,0,96.25,0.0,0.0
10.74,0,87.22,0.0,0.0
10.74,0,72.82,0.0,0.0
10.74,0,57.59,0.0,0.0
8.35,0,34.66,0.0,0.0
8.35,0,19.54,0.0,0.0
2.36,0,0.76,0.0,0.0
2.36,0,0.35,0.0,0.0
2.36,0,0.21,0.0,0.0
2.36,0,0.0,0.0,0.0
2.36,0,0.0,0.0,0.0
2.36,0,0.0,0.0,0.0
2.36,0,0.0,0.0,0.0
2.36,0,0.0,0.0,0.0
2.36,0,0.0,0.0,0.0
2.36,0,1.48,0.0,0.0
4.77,0,4.05,0.0,0.0
7.16,0,13.14,0.0,0.0
10.74,0,51.68,0.0,0.0
10.74,0,69.5,0.0,0.0
10.74,0,92.55,0.0,0.0
10.74,0,107.38,0.0,0.0
10.74,0,119.67,0.0,0.0
10.74,0,125.45,0.0,0.0
10.74,0,125.14,0.0,0.0
10.74,0,110.9,0.0,0.0
10.74,0,89.9,0.0,0.0
10.74,0,70.99,0.0,0.0
8.35,0,57.25,0.0,0.0
8.35,0,55.85,0.0,0.0
2.36,0,4.23,0.0,0.0
2.36,0,3.51,0.0,0.0
2.36,0,1.28,0.0,0.0
2.36,0,1.38,0.0,0.0
2.36,0,0.7,0.0,0.0
2.36,0,0.7,0.0,0.0
2.36,0,0.6,0.0,0.0
2.36,0,0.0,0.0,0.0
2.36,0,0.0,0.0,0.0
2.36,0,2.97,0.0,0.0
4.77,0,4.48,0.0,0.0
7.16,0,15.57,0.0,0.0
10.74,0,53.91,0.0,0.0
10.74,0,75.08,0.0,0.0
10.74,0,99.96,0.0,0.0
10.74,0,111.62,0.0,0.0
10.74,0,117.3,0.0,0.0
10.74,0,116.81,0.0,0.0
10.74,0,115.93,0.0,0.0
10.74,0,108.76,0.0,0.0
10.74,0,96.94,0.0,0.0
10.74,0,85.0,0.0,0.0
8.35,0,70.13,0.0,0.0
8.35,0,67.21,0.0,0.0
2.36,0,3.37,0.0,0.0
2.36,0,3.17,0.0,0.0
2.36,0,2.44,0.0,0.0
2.36,0,2.31,0.0,0.0
1.77,0,1.28,0.0,0.0
1.77,0,0.83,0.0,0.0
1.77,0,0.85,0.0,0.0
1.77,0,0.76,0.0,0.0
1.77,0,0.7,0.0,0.0
1.77,0,5.19,0.0,0.0
3.58,0,25.34,0.0,0.0
5.97,0,47.73,0.0,0.0
9.55,0,82.39,0.0,0.0
10.74,0,105.43,0.0,0.0
10.74,0,124.71,0.0,0.0
10.74,0,132.65,0.0,0.0
10.74,0,131.56,0.0,0.0
10.74,0,130.12,0.0,0.0
10.74,0,138.96,0.0,0.0
10.74,0,136.07,0.0,0.0
10.74,0,120.69,0.0,0.0
8.35,0,89.63,0.0,0.0
5.97,0,75.82,0.0,0.0
5.97,0,70.39,0.0,0.0
3.58,0,57.26,0.0,0.0
1.77,0,3.35,0.0,0.0
1.77,0,3.6,0.0,0.0
1.77,0,1.01,0.0,0.0
1.77,0,1.0,0.0,0.0
1.77,0,0.92,0.0,0.0
1.77,0,0.92,0.0,0.0
1.77,0,0.86,0.0,0.0
1.77,0,0.85,0.0,0.0
1.77,0,0.0,0.0,0.0
1.77,0,0.0,0.0,0.0
1.77,0,7.8,0.0,0.0
3.58,0,46.32,0.0,0.0
7.16,0,77.61,0.0,0.0
7.16,0,30.38,0.0,0.0
9.55,0,1.24,0.0,0.0
9.55,0,7.71,0.0,0.0
9.55,0,29.46,0.0,0.0
9.55,0,43.37,0.0,0.0
9.55,0,39.89,0.0,0.0
7.16,0,21.03,0.0,0.0
4.77,0,9.14,0.0,0.0
1.77,0,0.61,0.0,0.0
1.77,0,0.0,0.0,0.0
1.77,0,0.0,0.0,0.0
1.77,0,0.0,0.0,0.0
1.77,0,0.0,0.0,0.0
1.77,0,0.0,0.0,0.0
2.36,0,0.0,0.0,0.0
2.36,0,0.0,0.0,0.0
2.36,0,0.0,0.0,0.0
2.36,0,0.0,0.0,0.0
2.36,0,0.0,0.0,0.0
2.36,0,1.5,0.0,0.0
4.77,0,0.7,0.0,0.0
7.16,0,1.54,0.0,0.0
10.74,0,3.94,0.0,0.0
10.74,0,5.69,0.0,0.0
10.74,0,12.25,0.0,0.0
10.74,0,18.59,0.0,0.0
10.74,0,33.75,0.0,0.0
10.74,0,45.43,0.0,0.0
10.74,0,52.08,0.0,0.0
10.74,0,47.9,0.0,0.0
10.74,0,31.2,0.0,0.0
10.74,0,9.97,0.0,0.0
8.35,0,4.28,0.0,0.0
8.35,0,0.07,0.0,0.0
2.36,0,0.08,0.0,0.0
2.36,0,0.0,0.0,0.0
2.36,0,0.0,0.0,0.0
2.36,0,0.0,0.0,0.0
2.36,0,0.0,0.0,0.0
2.36,0,0.0,0.0,0.0
2.36,0,0.0,0.0,0.0
2.36,0,0.0,0.0,0.0
2.36,0,0.0,0.0,0.0
2.36,0,1.12,0.0,0.0
4.77,0,2.77,0.0,0.0
7.16,0,0.0,0.0,0.0
10.74,0,1.57,0.0,0.0
10.74,0,9.72,0.0,0.0
10.74,0,18.37,0.0,0.0
10.74,0,28.43,0.0,0.0
10.74,0,36.88,0.0,0.0
10.74,0,40.9,0.0,0.0
10.74,0,38.85,0.0,0.0
10.74,0,28.82,0.0,0.0
10.74,0,11.74,0.0,0.0
10.74,0,2.81,0.0,0.0
8.35,0,0.0,0.0,0.0
8.35,0,2.42,0.0,0.0
2.36,0,0.0,0.0,0.0
2.36,0,0.0,0.0,0.0
2.36,0,0.0,0.0,0.0
2.36,0,0.0,0.0,0.0
2.36,0,0.0,0.0,0.0
2.36,0,0.0,0.0,0.0
2.36,0,0.0,0.0,0.0
2.36,0,0.0,0.0,0.0
2.36,0,0.0,0.0,0.0
2.36,0,0.9,0.0,0.0
4.77,0,1.71,0.0,0.0
7.16,0,0.0,0.0,0.0
10.74,0,0.0,0.0,0.0
10.74,0,0.05,0.0,0.0
10.74,0,1.97,0.0,0.0
10.74,0,5.78,0.0,0.0
10.74,0,10.72,0.0,0.0
10.74,0,11.49,0.0,0.0
10.74,0,11.76,0.0,0.0
10.74,0,9.72,0.0,0.0
10.74,0,5.39,0.0,0.0
10.74,0,0.01,0.0,0.0
8.35,0,0.2,0.0,0.0
8.35,0,0.0,0.0,0.0
2.36,0,0.0,0.0,0.0
2.36,0,0.0,0.0,0.0
2.36,0,0.0,0.0,0.0
2.36,0,0.0,0.0,0.0
2.36,0,0.0,0.0,0.0
2.36,0,0.0,0.0,0.0
2.36,0,0.0,0.0,0.0
2.36,0,0.0,0.0,0.0
2.36,0,0.0,0.0,0.0
2.36,0,1.02,0.0,0.0
4.77,0,0.07,0.0,0.0
7.16,0,0.16,0.0,0.0
10.74,0,0.23,0.0,0.0
10.74,0,5.67,0.0,0.0
10.74,0,17.64,0.0,0.0
10.74,0,32.34,0.0,0.0
10.74,0,41.55,0.0,0.0
10.74,0,46.78,0.0,0.0
10.74,0,47.07,0.0,0.0
10.74,0,36.82,0.0,0.0
10.74,0,16.18,0.0,0.0
10.74,0,5.16,0.0,0.0
8.35,0,3.96,0.0,0.0
8.35,0,0.0,0.0,0.0
2.36,0,0.0,0.0,0.0
2.36,0,0.0,0.0,0.0
2.36,0,0.0,0.0,0.0
2.36,0,0.0,0.0,0.0
2.36,0,0.0,0.0,0.0
2.36,0,0.0,0.0,0.0
2.36,0,0.0,0.0,0.0
2.36,0,0.0,0.0,0.0
2.36,0,0.0,0.0,0.0
2.36,0,1.22,0.0,0.0
4.77,0,0.5,0.0,0.0
7.16,0,5.51,0.0,0.0
10.74,0,27.57,0.0,0.0
10.74,0,44.5,0.0,0.0
10.74,0,67.06,0.0,0.0
10.74,0,75.83,0.0,0.0
10.74,0,76.36,0.0,0.0
10.74,0,73.27,0.0,0.0
10.74,0,82.98,0.0,0.0
10.74,0,80.17,0.0,0.0
10.74,0,67.08,0.0,0.0
10.74,0,53.66,0.0,0.0
8.35,0,35.89,0.0,0.0
8.35,0,27.5,0.0,0.0
2.36,0,0.79,0.0,0.0
2.36,0,0.68,0.0,0.0
2.36,0,0.58,0.0,0.0
2.36,0,0.0,0.0,0.0
1.77,0,0.0,0.0,0.0
1.77,0,0.0,0.0,0.0
1.77,0,0.0,0.0,0.0
1.77,0,0.0,0.0,0.0
1.77,0,0.0,0.0,0.0
1.77,0,1.28,0.0,0.0
3.58,0,0.0,0.0,0.0
5.97,0,0.97,0.0,0.0
9.55,0,0.79,0.0,0.0
10.74,0,3.78,0.0,0.0
10.74,0,0.0,0.0,0.0
10.74,0,0.0,0.0,0.0
10.74,0,0.26,0.0,0.0
10.74,0,1.15,0.0,0.0
10.74,0,0.85,0.0,0.0
10.74,0,0.31,0.0,0.0
10.74,0,0.3,0.0,0.0
8.35,0,0.0,0.0,0.0
5.97,0,0.0,0.0,0.0
5.97,0,0.0,0.0,0.0
3.58,0,0.0,0.0,0.0
1.77,0,0.0,0.0,0.0
1.77,0,0.0,0.0,0.0
1.77,0,0.0,0.0,0.0
1.77,0,0.0,0.0,0.0
1.77,0,0.0,0.0,0.0
1.77,0,0.0,0.0,0.0
1.77,0,0.0,0.0,0.0
1.77,0,0.0,0.0,0.0
1.77,0,0.0,0.0,0.0
1.77,0,0.31,0.0,0.0
1.77,0,0.0,0.0,0.0
3.58,0,0.2,0.0,0.0
7.16,0,0.28,0.0,0.0
7.16,0,0.28,0.0,0.0
9.55,0,3.1,0.0,0.0
9.55,0,3.11,0.0,0.0
9.55,0,3.15,0.0,0.0
9.55,0,3.89,0.0,0.0
9.55,0,3.28,0.0,0.0
7.16,0,0.0,0.0,0.0
4.77,0,2.19,0.0,0.0
1.77,0,0.0,0.0,0.0
1.77,0,0.0,0.0,0.0
1.77,0,0.0,0.0,0.0
1.77,0,0.0,0.0,0.0
1.77,0,0.0,0.0,0.0
1.77,0,0.0,0.0,0.0
2.36,0,0.0,0.0,0.0
2.36,0,0.0,0.0,0.0
2.36,0,0.0,0.0,0.0
2.36,0,0.0,0.0,0.0
2.36,0,0.24,0.0,0.0
2.36,0,0.66,0.0,0.0
4.77,0,0.36,0.0,0.0
7.16,0,0.0,0.0,0.0
10.74,0,0.62,0.0,0.0
10.74,0,2.2,0.0,0.0
10.74,0,9.39,0.0,0.0
10.74,0,17.39,0.0,0.0
10.74,0,29.22,0.0,0.0
10.74,0,37.9,0.0,0.0
10.74,0,40.45,0.0,0.0
10.74,0,27.6,0.0,0.0
10.74,0,10.46,0.0,0.0
10.74,0,1.2,0.0,0.0
8.35,0,0.37,0.0,0.0
8.35,0,0.0,0.0,0.0
2.36,0,0.0,0.0,0.0
2.36,0,0.0,0.0,0.0
2.36,0,0.0,0.0,0.0
2.36,0,0.0,0.0,0.0
2.36,0,0.0,0.0,0.0
2.36,0,0.0,0.0,0.0
2.36,0,0.0,0.0,0.0
2.36,0,0.0,0.0,0.0
2.36,0,0.0,0.0,0.0
2.36,0,1.23,0.0,0.0
4.77,0,0.0,0.0,0.0
7.16,0,0.39,0.0,0.0
10.74,0,3.31,0.0,0.0
10.74,0,15.22,0.0,0.0
10.74,0,39.87,0.0,0.0
10.74,0,50.71,0.0,0.0
10.74,0,56.63,0.0,0.0
10.74,0,60.23,0.0,0.0
10.74,0,65.89,0.0,0.0
10.74,0,58.4,0.0,0.0
10.74,0,37.65,0.0,0.0
10.74,0,14.45,0.0,0.0
8.35,0,5.51,0.0,0.0
8.35,0,0.35,0.0,0.0
2.36,0,0.16,0.0,0.0
2.36,0,0.0,0.0,0.0
2.36,0,0.0,0.0,0.0
2.36,0,0.0,0.0,0.0
2.36,0,0.0,0.0,0.0
2.36,0,0.0,0.0,0.0
2.36,0,0.0,0.0,0.0
2.36,0,0.0,0.0,0.0
2.36,0,0.0,0.0,0.0
2.36,0,1.58,0.0,0.0
4.77,0,1.57,0.0,0.0
7.16,0,2.06,0.0,0.0
10.74,0,32.47,0.0,0.0
10.74,0,51.71,0.0,0.0
10.74,0,66.35,0.0,0.0
10.74,0,70.43,0.0,0.0
10.74,0,74.96,0.0,0.0
10.74,0,73.85,0.0,0.0
10.74,0,76.8,0.0,0.0
10.74,0,77.46,0.0,0.0
10.74,0,69.54,0.0,0.0
10.74,0,58.96,0.0,0.0
8.35,0,46.83,0.0,0.0
8.35,0,45.93,0.0,0.0
2.36,0,0.83,0.0,0.0
2.36,0,0.82,0.0,0.0
2.36,0,0.67,0.0,0.0
2.36,0,0.0,0.0,0.0
2.36,0,0.0,0.0,0.0
2.36,0,0.0,0.0,0.0
2.36,0,0.0,0.0,0.0
2.36,0,0.0,0.0,0.0
2.36,0,0.0,0.0,0.0
2.36,0,1.81,0.0,0.0
4.77,0,7.9,0.0,0.0
7.16,0,18.28,0.0,0.0
10.74,0,70.73,0.0,0.0
10.74,0,91.55,0.0,0.0
10.74,0,112.83,0.0,0.0
10.74,0,120.09,0.0,0.0
10.74,0,120.31,0.0,0.0
10.74,0,117.75,0.0,0.0
10.74,0,121.06,0.0,0.0
10.74,0,115.54,0.0,0.0
10.74,0,99.29,0.0,0.0
10.74,0,81.65,0.0,0.0
8.35,0,62.24,0.0,0.0
8.35,0,55.58,0.0,0.0
2.36,0,3.54,0.0,0.0
2.36,0,2.44,0.0,0.0
2.36,0,2.37,0.0,0.0
2.36,0,1.44,0.0,0.0
2.36,0,0.72,0.0,0.0
2.36,0,0.0,0.0,0.0
2.36,0,0.0,0.0,0.0
2.36,0,0.0,0.0,0.0
2.36,0,0.0,0.0,0.0
2.36,0,0.0,0.0,0.0
2.36,0,2.96,0.0,0.0
4.77,0,16.44,0.0,0.0
7.16,0,42.71,0.0,0.0
10.74,0,88.31,0.0,0.0
10.74,0,102.96,0.0,0.0
10.74,0,116.55,0.0,0.0
10.74,0,123.01,0.0,0.0
10.74,0,126.0,0.0,0.0
10.74,0,123.1,0.0,0.0
10.74,0,120.16,0.0,0.0
10.74,0,109.88,0.0,0.0
10.74,0,93.8,0.0,0.0
10.74,0,79.16,0.0,0.0
8.35,0,60.6,0.0,0.0
8.35,0,53.93,0.0,0.0
2.36,0,4.43,0.0,0.0
2.36,0,3.67,0.0,0.0
2.36,0,1.33,0.0,0.0
1.77,0,1.31,0.0,0.0
1.77,0,0.59,0.0,0.0
1.77,0,0.0,0.0,0.0
1.77,0,0.0,0.0,0.0
1.77,0,0.0,0.0,0.0
1.77,0,0.0,0.0,0.0
1.77,0,2.03,0.0,0.0
3.58,0,8.65,0.0,0.0
5.97,0,31.01,0.0,0.0
9.55,0,76.11,0.0,0.0
10.74,0,88.41,0.0,0.0
10.74,0,100.44,0.0,0.0
10.74,0,113.03,0.0,0.0
10.74,0,117.54,0.0,0.0
10.74,0,116.68,0.0,0.0
10.74,0,111.72,0.0,0.0
10.74,0,100.34,0.0,0.0
10.74,0,83.7,0.0,0.0
8.35,0,57.17,0.0,0.0
5.97,0,46.15,0.0,0.0
5.97,0,39.97,0.0,0.0
3.58,0,25.41,0.0,0.0
1.77,0,0.96,0.0,0.0
1.77,0,0.89,0.0,0.0
1.77,0,0.8,0.0,0.0
1.77,0,0.64,0.0,0.0
1.77,0,0.0,0.0,0.0
1.77,0,0.0,0.0,0.0
1.77,0,0.0,0.0,0.0
1.77,0,0.0,0.0,0.0
1.77,0,0.0,0.0,0.0
1.77,0,1.53,0.0,0.0
1.77,0,9.37,0.0,0.0
3.58,0,31.46,0.0,0.0
7.16,0,50.5,0.0,0.0
7.16,0,56.75,0.0,0.0
9.55,0,82.44,0.0,0.0
9.55,0,83.78,0.0,0.0
9.55,0,85.47,0.0,0.0
9.55,0,81.64,0.0,0.0
9.55,0,75.59,0.0,0.0
7.16,0,55.11,0.0,0.0
4.77,0,37.75,0.0,0.0
1.77,0,2.4,0.0,0.0
1.77,0,3.17,0.0,0.0
1.77,0,0.78,0.0,0.0
1.77,0,0.71,0.0,0.0
1.77,0,0.0,0.0,0.0
2.36,0,0.0,0.0,0.0
2.36,0,0.0,0.0,0.0
2.36,0,0.0,0.0,0.0
2.36,0,0.0,0.0,0.0
2.36,0,0.0,0.0,0.0
2.36,0,0.0,0.0,0.0
2.36,0,2.5,0.0,0.0
4.77,0,13.61,0.0,0.0
7.16,0,33.03,0.0,0.0
10.74,0,82.85,0.0,0.0
10.74,0,101.26,0.0,0.0
10.74,0,117.04,0.0,0.0
10.74,0,119.51,0.0,0.0
10.74,0,124.71,0.0,0.0
10.74,0,121.72,0.0,0.0
10.74,0,116.99,0.0,0.0
10.74,0,105.72,0.0,0.0
10.74,0,88.86,0.0,0.0
10.74,0,74.39,0.0,0.0
8.35,0,57.26,0.0,0.0
8.35,0,50.43,0.0,0.0
2.36,0,3.45,0.0,0.0
2.36,0,3.7,0.0,0.0
2.36,0,1.15,0.0,0.0
2.36,0,0.93,0.0,0.0
2.36,0,0.65,0.0,0.0
2.36,0,0.51,0.0,0.0
2.36,0,0.0,0.0,0.0
2.36,0,0.0,0.0,0.0
2.36,0,0.0,0.0,0.0
2.36,0,2.82,0.0,0.0
4.77,0,8.75,0.0,0.0
7.16,0,26.96,0.0,0.0
10.74,0,74.76,0.0,0.0
10.74,0,92.73,0.0,0.0
10.74,0,108.53,0.0,0.0
10.74,0,119.34,0.0,0.0
10.74,0,119.74,0.0,0.0
10.74,0,116.32,0.0,0.0
10.74,0,116.59,0.0,0.0
10.74,0,105.3,0.0,0.0
10.74,0,90.17,0.0,0.0
10.74,0,77.58,0.0,0.0
8.35,0,63.64,0.0,0.0
8.35,0,62.6,0.0,0.0
2.36,0,3.68,0.0,0.0
2.36,0,2.48,0.0,0.0
2.36,0,2.08,0.0,0.0
2.36,0,1.4,0.0,0.0
2.36,0,0.73,0.0,0.0
2.36,0,0.68,0.0,0.0
2.36,0,0.1,0.0,0.0
2.36,0,0.52,0.0,0.0
2.36,0,0.0,0.0,0.0
2.36,0,3.57,0.0,0.0
4.77,0,11.41,0.0,0.0
7.16,0,24.52,0.0,0.0
10.74,0,54.52,0.0,0.0
10.74,0,57.51,0.0,0.0
10.74,0,69.77,0.0,0.0
10.74,0,74.11,0.0,0.0
10.74,0,71.58,0.0,0.0
10.74,0,63.2,0.0,0.0
10.74,0,56.89,0.0,0.0
10.74,0,15.25,0.0,0.0
10.74,0,5.7,0.0,0.0
10.74,0,0.48,0.0,0.0
8.35,0,0.51,0.0,0.0
8.35,0,0.0,0.0,0.0
2.36,0,0.0,0.0,0.0
2.36,0,0.0,0.0,0.0
2.36,0,0.0,0.0,0.0
2.36,0,0.0,0.0,0.0
2.36,0,0.0,0.0,0.0
2.36,0,0.0,0.0,0.0
2.36,0,0.0,0.0,0.0
2.36,0,0.0,0.0,0.0
2.36,0,0.0,0.0,0.0
2.36,0,1.51,0.0,0.0
4.77,0,4.27,0.0,0.0
7.16,0,0.0,0.0,0.0
10.74,0,0.0,0.0,0.0
10.74,0,0.0,0.0,0.0
10.74,0,0.0,0.0,0.0
10.74,0,0.0,0.0,0.0
10.74,0,0.0,0.0,0.0
10.74,0,0.0,0.0,0.0
10.74,0,0.0,0.0,0.0
10.74,0,0.0,0.0,0.0
10.74,0,0.0,0.0,0.0
10.74,0,0.0,0.0,0.0
8.35,0,0.0,0.0,0.0
8.35,0,0.0,0.0,0.0
2.36,0,0.0,0.0,0.0
2.36,0,0.0,0.0,0.0
2.36,0,0.0,0.0,0.0
2.36,0,0.0,0.0,0.0
2.36,0,0.0,0.0,0.0
2.36,0,0.0,0.0,0.0
2.36,0,0.0,0.0,0.0
2.36,0,0.0,0.0,0.0
2.36,0,0.33,0.0,0.0
2.36,0,0.0,0.0,0.0
4.77,0,0.0,0.0,0.0
7.16,0,0.0,0.0,0.0
10.74,0,0.0,0.0,0.0
10.74,0,0.85,0.0,0.0
10.74,0,5.54,0.0,0.0
10.74,0,10.73,0.0,0.0
10.74,0,11.99,0.0,0.0
10.74,0,11.92,0.0,0.0
10.74,0,10.33,0.0,0.0
10.74,0,6.53,0.0,0.0
10.74,0,3.04,0.0,0.0
10.74,0,0.0,0.0,0.0
8.35,0,0.0,0.0,0.0
8.35,0,0.0,0.0,0.0
2.36,0,0.0,0.0,0.0
2.36,0,0.0,0.0,0.0
2.36,0,0.0,0.0,0.0
1.77,0,0.0,0.0,0.0
1.77,0,0.0,0.0,0.0
1.77,0,0.0,0.0,0.0
1.77,0,0.0,0.0,0.0
1.77,0,0.0,0.0,0.0
1.77,0,0.0,0.0,0.0
1.77,0,0.0,0.0,0.0
1.77,0,0.0,0.0,0.0
1.77,0,0.35,0.0,0.0
3.58,0,0.98,0.0,0.0
7.16,0,3.73,0.0,0.0
7.16,0,6.62,0.0,0.0
9.55,0,28.28,0.0,0.0
9.55,0,40.31,0.0,0.0
9.55,0,42.18,0.0,0.0
9.55,0,37.17,0.0,0.0
9.55,0,28.91,0.0,0.0
7.16,0,9.77,0.0,0.0
4.77,0,0.0,0.0,0.0
1.77,0,0.0,0.0,0.0
1.77,0,0.0,0.0,0.0
1.77,0,0.0,0.0,0.0
1.77,0,0.0,0.0,0.0
1.77,0,0.0,0.0,0.0
1.77,0,0.0,0.0,0.0
1.77,0,0.0,0.0,0.0
1.77,0,0.0,0.0,0.0
1.77,0,0.0,0.0,0.0
1.77,0,0.0,0.0,0.0
1.77,0,0.0,0.0,0.0
1.77,0,0.0,0.0,0.0
1.77,0,0.0,0.0,0.0
1.77,0,0.8,0.0,0.0
3.58,0,2.47,0.0,0.0
7.16,0,14.53,0.0,0.0
7.16,0,28.29,0.0,0.0
9.55,0,47.99,0.0,0.0
9.55,0,53.69,0.0,0.0
9.55,0,48.66,0.0,0.0
9.55,0,44.98,0.0,0.0
9.55,0,36.35,0.0,0.0
7.16,0,14.94,0.0,0.0
4.77,0,9.11,0.0,0.0
1.77,0,0.79,0.0,0.0
1.77,0,0.0,0.0,0.0
1.77,0,0.0,0.0,0.0
1.77,0,0.0,0.0,0.0
1.77,0,0.0,0.0,0.0
2.36,0,0.0,0.0,0.0
2.36,0,0.0,0.0,0.0
2.36,0,0.0,0.0,0.0
2.36,0,0.0,0.0,0.0
2.36,0,0.0,0.0,0.0
2.36,0,0.0,0.0,0.0
2.36,0,1.6,0.0,0.0
4.77,0,0.0,0.0,0.0
7.16,0,0.0,0.0,0.0
10.74,0,5.24,0.0,0.0
10.74,0,14.23,0.0,0.0
10.74,0,22.22,0.0,0.0
10.74,0,35.56,0.0,0.0
10.74,0,50.7,0.0,0.0
10.74,0,56.24,0.0,0.0
10.74,0,52.17,0.0,0.0
10.74,0,30.49,0.0,0.0
10.74,0,15.56,0.0,0.0
10.74,0,6.99,0.0,0.0
8.35,0,0.58,0.0,0.0
8.35,0,0.03,0.0,0.0
2.36,0,0.14,0.0,0.0
2.36,0,0.0,0.0,0.0
2.36,0,0.0,0.0,0.0
2.36,0,0.0,0.0,0.0
2.36,0,0.0,0.0,0.0
2.36,0,0.0,0.0,0.0
2.36,0,0.0,0.0,0.0
2.36,0,0.0,0.0,0.0
2.36,0,0.0,0.0,0.0
2.36,0,1.37,0.0,0.0
4.77,0,1.41,0.0,0.0
7.16,0,0.0,0.0,0.0
10.74,0,2.28,0.0,0.0
10.74,0,8.93,0.0,0.0
10.74,0,13.85,0.0,0.0
10.74,0,19.07,0.0,0.0
10.74,0,20.19,0.0,0.0
10.74,0,22.13,0.0,0.0
10.74,0,24.89,0.0,0.0
10.74,0,12.68,0.0,0.0
10.74,0,5.79,0.0,0.0
10.74,0,0.3,0.0,0.0
8.35,0,0.42,0.0,0.0
8.35,0,3.13,0.0,0.0
2.36,0,0.0,0.0,0.0
2.36,0,0.0,0.0,0.0
2.36,0,0.0,0.0,0.0
2.36,0,0.0,0.0,0.0
2.36,0,0.0,0.0,0.0
2.36,0,0.0,0.0,0.0
2.36,0,0.0,0.0,0.0
2.36,0,0.0,0.0,0.0
2.36,0,0.0,0.0,0.0
2.36,0,1.27,0.0,0.0
4.77,0,0.0,0.0,0.0
7.16,0,0.83,0.0,0.0
10.74,0,10.63,0.0,0.0
10.74,0,29.34,0.0,0.0
10.74,0,49.81,0.0,0.0
10.74,0,62.93,0.0,0.0
10.74,0,72.88,0.0,0.0
10.74,0,72.52,0.0,0.0
10.74,0,68.52,0.0,0.0
10.74,0,45.58,0.0,0.0
10.74,0,14.96,0.0,0.0
10.74,0,4.83,0.0,0.0
8.35,0,0.46,0.0,0.0
8.35,0,0.0,0.0,0.0
2.36,0,0.1,0.0,0.0
2.36,0,0.0,0.0,0.0
2.36,0,0.0,0.0,0.0
2.36,0,0.0,0.0,0.0
2.36,0,0.0,0.0,0.0
2.36,0,0.0,0.0,0.0
2.36,0,0.0,0.0,0.0
2.36,0,0.0,0.0,0.0
2.36,0,0.0,0.0,0.0
2.36,0,1.54,0.0,0.0
4.77,0,0.0,0.0,0.0
7.16,0,0.07,0.0,0.0
10.74,0,15.45,0.0,0.0
10.74,0,47.36,0.0,0.0
10.74,0,64.79,0.0,0.0
10.74,0,70.73,0.0,0.0
10.74,0,69.29,0.0,0.0
10.74,0,67.89,0.0,0.0
10.74,0,71.89,0.0,0.0
10.74,0,53.41,0.0,0.0
10.74,0,15.53,0.0,0.0
10.74,0,3.01,0.0,0.0
8.35,0,0.38,0.0,0.0
8.35,0,0.0,0.0,0.0
2.36,0,0.08,0.0,0.0
2.36,0,0.0,0.0,0.0
2.36,0,0.0,0.0,0.0
2.36,0,0.0,0.0,0.0
2.36,0,0.0,0.0,0.0
2.36,0,0.0,0.0,0.0
2.36,0,0.0,0.0,0.0
2.36,0,0.0,0.0,0.0
2.36,0,0.0,0.0,0.0
2.36,0,1.46,0.0,0.0
4.77,0,0.0,0.0,0.0
7.16,0,4.59,0.0,0.0
10.74,0,20.63,0.0,0.0
10.74,0,44.72,0.0,0.0
10.74,0,63.26,0.0,0.0
10.74,0,73.04,0.0,0.0
10.74,0,79.35,0.0,0.0
10.74,0,79.97,0.0,0.0
10.74,0,78.36,0.0,0.0
10.74,0,67.17,0.0,0.0
10.74,0,50.73,0.0,0.0
10.74,0,36.0,0.0,0.0
8.35,0,25.22,0.0,0.0
8.35,0,20.53,0.0,0.0
2.36,0,0.81,0.0,0.0
2.36,0,0.74,0.0,0.0
2.36,0,0.64,0.0,0.0
1.77,0,0.0,0.0,0.0
1.77,0,0.0,0.0,0.0
1.77,0,0.0,0.0,0.0
1.77,0,0.0,0.0,0.0
1.77,0,0.0,0.0,0.0
1.77,0,0.0,0.0,0.0
1.77,0,1.58,0.0,0.0
3.58,0,7.3,0.0,0.0
5.97,0,20.8,0.0,0.0
9.55,0,61.06,0.0,0.0
10.74,0,83.83,0.0,0.0
10.74,0,94.82,0.0,0.0
10.74,0,99.6,0.0,0.0
10.74,0,97.5,0.0,0.0
10.74,0,96.11,0.0,0.0
10.74,0,99.57,0.0,0.0
10.74,0,95.86,0.0,0.0
10.74,0,82.78,0.0,0.0
8.35,0,56.31,0.0,0.0
5.97,0,45.44,0.0,0.0
5.97,0,39.71,0.0,0.0
3.58,0,8.65,0.0,0.0
1.77,0,0.0,0.0,0.0
1.77,0,0.0,0.0,0.0
1.77,0,0.0,0.0,0.0
1.77,0,0.0,0.0,0.0
1.77,0,0.0,0.0,0.0
1.77,0,0.0,0.0,0.0
1.77,0,0.0,0.0,0.0
1.77,0,0.0,0.0,0.0
1.77,0,0.0,0.0,0.0
1.77,0,0.0,0.0,0.0
1.77,0,0.0,0.0,0.0
3.58,0,1.71,0.0,0.0
7.16,0,2.9,0.0,0.0
7.16,0,2.8,0.0,0.0
9.55,0,3.15,0.0,0.0
9.55,0,4.15,0.0,0.0
9.55,0,3.38,0.0,0.0
9.55,0,1.46,0.0,0.0
9.55,0,0.28,0.0,0.0
7.16,0,0.28,0.0,0.0
4.77,0,0.0,0.0,0.0
1.77,0,0.0,0.0,0.0
1.77,0,0.0,0.0,0.0
1.77,0,0.0,0.0,0.0
1.77,0,0.0,0.0,0.0
1.77,0,0.0,0.0,0.0
2.36,0,0.0,0.0,0.0
2.36,0,0.0,0.0,0.0
2.36,0,0.0,0.0,0.0
2.36,0,0.0,0.0,0.0
2.36,0,0.0,0.0,0.0
2.36,0,0.41,0.0,0.0
2.36,0,0.0,0.0,0.0
4.77,0,0.0,0.0,0.0
7.16,0,0.11,0.0,0.0
10.74,0,0.87,0.0,0.0
10.74,0,0.77,0.0,0.0
10.74,0,0.05,0.0,0.0
10.74,0,0.23,0.0,0.0
10.74,0,2.36,0.0,0.0
10.74,0,2.56,0.0,0.0
10.74,0,0.56,0.0,0.0
10.74,0,0.2,0.0,0.0
10.74,0,1.53,0.0,0.0
10.74,0,1.65,0.0,0.0
8.35,0,0.0,0.0,0.0
8.35,0,0.0,0.0,0.0
2.36,0,0.0,0.0,0.0
2.36,0,0.0,0.0,0.0
2.36,0,0.0,0.0,0.0
2.36,0,0.0,0.0,0.0
2.36,0,0.0,0.0,0.0
2.36,0,0.0,0.0,0.0
2.36,0,0.0,0.0,0.0
2.36,0,0.0,0.0,0.0
2.36,0,0.12,0.0,0.0
2.36,0,0.94,0.0,0.0
4.77,0,0.0,0.0,0.0
7.16,0,0.67,0.0,0.0
10.74,0,1.11,0.0,0.0
10.74,0,5.14,0.0,0.0
10.74,0,9.67,0.0,0.0
10.74,0,21.5,0.0,0.0
10.74,0,31.33,0.0,0.0
10.74,0,23.83,0.0,0.0
10.74,0,18.26,0.0,0.0
10.74,0,11.87,0.0,0.0
10.74,0,5.24,0.0,0.0
10.74,0,0.42,0.0,0.0
8.35,0,0.48,0.0,0.0
8.35,0,0.0,0.0,0.0
2.36,0,0.0,0.0,0.0
2.36,0,0.0,0.0,0.0
2.36,0,0.0,0.0,0.0
2.36,0,0.0,0.0,0.0
2.36,0,0.0,0.0,0.0
2.36,0,0.0,0.0,0.0
2.36,0,0.0,0.0,0.0
2.36,0,0.0,0.0,0.0
2.36,0,0.0,0.0,0.0
2.36,0,1.48,0.0,0.0
4.77,0,3.44,0.0,0.0
7.16,0,4.85,0.0,0.0
10.74,0,0.0,0.0,0.0
10.74,0,0.0,0.0,0.0
10.74,0,1.34,0.0,0.0
10.74,0,6.64,0.0,0.0
10.74,0,12.19,0.0,0.0
10.74,0,12.29,0.0,0.0
10.74,0,10.51,0.0,0.0
10.74,0,5.89,0.0,0.0
10.74,0,3.32,0.0,0.0
10.74,0,0.0,0.0,0.0
8.35,0,0.0,0.0,0.0
8.35,0,0.0,0.0,0.0
2.36,0,0.0,0.0,0.0
2.36,0,0.0,0.0,0.0
2.36,0,0.0,0.0,0.0
2.36,0,0.0,0.0,0.0
2.36,0,0.0,0.0,0.0
2.36,0,0.0,0.0,0.0
2.36,0,0.0,0.0,0.0
2.36,0,0.0,0.0,0.0
2.36,0,0.28,0.0,0.0
2.36,0,0.75,0.0,0.0
4.77,0,0.0,0.0,0.0
7.16,0,0.0,0.0,0.0
10.74,0,0.0,0.0,0.0
10.74,0,2.61,0.0,0.0
10.74,0,2.54,0.0,0.0
10.74,0,1.13,0.0,0.0
10.74,0,2.83,0.0,0.0
10.74,0,3.51,0.0,0.0
10.74,0,2.55,0.0,0.0
10.74,0,0.25,0.0,0.0
10.74,0,0.0,0.0,0.0
10.74,0,0.0,0.0,0.0
8.35,0,0.0,0.0,0.0
8.35,0,0.0,0.0,0.0
2.36,0,0.0,0.0,0.0
2.36,0,0.0,0.0,0.0
2.36,0,0.0,0.0,0.0
2.36,0,0.0,0.0,0.0
2.36,0,0.0,0.0,0.0
2.36,0,0.0,0.0,0.0
2.36,0,0.0,0.0,0.0
2.36,0,0.0,0.0,0.0
2.36,0,0.28,0.0,0.0
2.36,0,0.62,0.0,0.0
4.77,0,0.0,0.0,0.0
7.16,0,0.0,0.0,0.0
10.74,0,0.0,0.0,0.0
10.74,0,0.2,0.0,0.0
10.74,0,3.06,0.0,0.0
10.74,0,5.22,0.0,0.0
10.74,0,5.86,0.0,0.0
10.74,0,6.17,0.0,0.0
10.74,0,5.08,0.0,0.0
10.74,0,0.83,0.0,0.0
10.74,0,0.0,0.0,0.0
10.74,0,0.0,0.0,0.0
8.35,0,2.64,0.0,0.0
8.35,0,0.0,0.0,0.0
2.36,0,0.0,0.0,0.0
2.36,0,0.0,0.0,0.0
2.36,0,0.0,0.0,0.0
1.77,0,0.0,0.0,0.0
1.77,0,0.0,0.0,0.0
1.77,0,0.0,0.0,0.0
1.77,0,0.0,0.0,0.0
1.77,0,0.0,0.0,0.0
1.77,0,0.36,0.0,0.0
1.77,0,0.0,0.0,0.0
3.58,0,0.0,0.0,0.0
5.97,0,0.72,0.0,0.0
9.55,0,0.05,0.0,0.0
10.74,0,2.46,0.0,0.0
10.74,0,9.75,0.0,0.0
10.74,0,14.45,0.0,0.0
10.74,0,16.9,0.0,0.0
10.74,0,17.1,0.0,0.0
10.74,0,14.15,0.0,0.0
10.74,0,9.28,0.0,0.0
10.74,0,0.41,0.0,0.0
8.35,0,2.64,0.0,0.0
5.97,0,2.95,0.0,0.0
5.97,0,2.03,0.0,0.0
3.58,0,3.08,0.0,0.0
1.77,0,0.0,0.0,0.0
1.77,0,0.0,0.0,0.0
1.77,0,0.0,0.0,0.0
1.77,0,0.0,0.0,0.0
1.77,0,0.0,0.0,0.0
1.77,0,0.0,0.0,0.0
1.77,0,0.0,0.0,0.0
1.77,0,0.0,0.0,0.0
1.77,0,0.0,0.0,0.0
1.77,0,0.32,0.0,0.0
1.77,0,0.0,0.0,0.0
3.58,0,2.47,0.0,0.0
7.16,0,3.68,0.0,0.0
7.16,0,4.18,0.0,0.0
9.55,0,9.37,0.0,0.0
9.55,0,11.73,0.0,0.0
9.55,0,11.75,0.0,0.0
9.55,0,9.67,0.0,0.0
9.55,0,2.04,0.0,0.0
7.16,0,0.33,0.0,0.0
4.77,0,0.0,0.0,0.0
1.77,0,0.0,0.0,0.0
1.77,0,0.0,0.0,0.0
1.77,0,0.0,0.0,0.0
1.77,0,0.0,0.0,0.0
1.77,0,0.0,0.0,0.0
1.77,0,0.0,0.0,0.0
1.77,0,0.0,0.0,0.0
1.77,0,0.0,0.0,0.0
1.77,0,0.0,0.0,0.0
1.77,0,0.0,0.0,0.0
1.77,0,0.0,0.0,0.0
1.77,0,0.0,0.0,0.0
1.77,0,0.0,0.0,0.0
1.77,0,0.0,0.0,0.0
3.58,0,0.19,0.0,0.0
7.16,0,4.08,0.0,0.0
7.16,0,6.89,0.0,0.0
9.55,0,10.05,0.0,0.0
9.55,0,11.58,0.0,0.0
9.55,0,10.34,0.0,0.0
9.55,0,7.57,0.0,0.0
9.55,0,3.88,0.0,0.0
7.16,0,0.0,0.0,0.0
4.77,0,0.45,0.0,0.0
1.77,0,0.0,0.0,0.0
1.77,0,0.0,0.0,0.0
1.77,0,0.0,0.0,0.0
1.77,0,0.0,0.0,0.0
1.77,0,0.0,0.0,0.0
2.36,0,0.0,0.0,0.0
2.36,0,0.0,0.0,0.0
2.36,0,0.0,0.0,0.0
2.36,0,0.0,0.0,0.0
2.36,0,0.0,0.0,0.0
2.36,0,0.23,0.0,0.0
2.36,0,0.67,0.0,0.0
4.77,0,0.2,0.0,0.0
7.16,0,1.2,0.0,0.0
10.74,0,4.28,0.0,0.0
10.74,0,20.26,0.0,0.0
10.74,0,41.43,0.0,0.0
10.74,0,51.58,0.0,0.0
10.74,0,57.67,0.0,0.0
10.74,0,59.85,0.0,0.0
10.74,0,58.72,0.0,0.0
10.74,0,33.53,0.0,0.0
10.74,0,13.45,0.0,0.0
10.74,0,2.3,0.0,0.0
8.35,0,1.03,0.0,0.0
8.35,0,0.0,0.0,0.0
2.36,0,0.0,0.0,0.0
2.36,0,0.0,0.0,0.0
2.36,0,0.0,0.0,0.0
2.36,0,0.0,0.0,0.0
2.36,0,0.0,0.0,0.0
2.36,0,0.0,0.0,0.0
2.36,0,0.0,0.0,0.0
2.36,0,0.0,0.0,0.0
2.36,0,0.0,0.0,0.0
2.36,0,1.51,0.0,0.0
4.77,0,0.0,0.0,0.0
7.16,0,2.07,0.0,0.0
10.74,0,15.91,0.0,0.0
10.74,0,53.57,0.0,0.0
10.74,0,66.96,0.0,0.0
10.74,0,66.09,0.0,0.0
10.74,0,74.56,0.0,0.0
10.74,0,77.19,0.0,0.0
10.74,0,83.0,0.0,0.0
10.74,0,74.6,0.0,0.0
10.74,0,57.79,0.0,0.0
10.74,0,41.09,0.0,0.0
8.35,0,25.87,0.0,0.0
8.35,0,22.73,0.0,0.0
2.36,0,0.85,0.0,0.0
2.36,0,0.74,0.0,0.0
2.36,0,0.66,0.0,0.0
2.36,0,0.0,0.0,0.0
2.36,0,0.0,0.0,0.0
2.36,0,0.0,0.0,0.0
2.36,0,0.0,0.0,0.0
2.36,0,0.0,0.0,0.0
2.36,0,0.0,0.0,0.0
2.36,0,2.03,0.0,0.0
4.77,0,8.95,0.0,0.0
7.16,0,21.76,0.0,0.0
10.74,0,57.5,0.0,0.0
10.74,0,67.39,0.0,0.0
10.74,0,78.69,0.0,0.0
10.74,0,79.83,0.0,0.0
10.74,0,78.38,0.0,0.0
10.74,0,77.58,0.0,0.0
10.74,0,75.89,0.0,0.0
10.74,0,59.2,0.0,0.0
10.74,0,41.82,0.0,0.0
10.74,0,26.42,0.0,0.0
8.35,0,6.32,0.0,0.0
8.35,0,0.0,0.0,0.0
2.36,0,0.0,0.0,0.0
2.36,0,0.0,0.0,0.0
2.36,0,0.0,0.0,0.0
2.36,0,0.0,0.0,0.0
2.36,0,0.0,0.0,0.0
2.36,0,0.0,0.0,0.0
2.36,0,0.0,0.0,0.0
2.36,0,0.0,0.0,0.0
2.36,0,0.0,0.0,0.0
2.36,0,1.59,0.0,0.0
4.77,0,1.63,0.0,0.0
7.16,0,0.0,0.0,0.0
10.74,0,2.91,0.0,0.0
10.74,0,10.15,0.0,0.0
10.74,0,14.79,0.0,0.0
10.74,0,22.58,0.0,0.0
10.74,0,32.5,0.0,0.0
10.74,0,40.83,0.0,0.0
10.74,0,45.4,0.0,0.0
10.74,0,24.68,0.0,0.0
10.74,0,4.67,0.0,0.0
10.74,0,0.55,0.0,0.0
8.35,0,0.4,0.0,0.0
8.35,0,0.0,0.0,0.0
2.36,0,0.0,0.0,0.0
2.36,0,0.0,0.0,0.0
2.36,0,0.0,0.0,0.0
1.77,0,0.0,0.0,0.0
1.77,0,0.0,0.0,0.0
1.77,0,0.0,0.0,0.0
1.77,0,0.0,0.0,0.0
1.77,0,0.0,0.0,0.0
1.77,0,0.0,0.0,0.0
1.77,0,1.25,0.0,0.0
3.58,0,0.68,0.0,0.0
5.97,0,0.0,0.0,0.0
9.55,0,0.28,0.0,0.0
10.74,0,0.0,0.0,0.0
10.74,0,0.0,0.0,0.0
10.74,0,0.0,0.0,0.0
10.74,0,0.0,0.0,0.0
10.74,0,0.0,0.0,0.0
10.74,0,0.0,0.0,0.0
10.74,0,0.0,0.0,0.0
10.74,0,0.0,0.0,0.0
8.35,0,3.73,0.0,0.0
5.97,0,3.79,0.0,0.0
5.97,0,0.0,0.0,0.0
3.58,0,3.84,0.0,0.0
1.77,0,0.0,0.0,0.0
1.77,0,0.0,0.0,0.0
1.77,0,0.0,0.0,0.0
1.77,0,0.0,0.0,0.0
1.77,0,0.0,0.0,0.0
1.77,0,0.0,0.0,0.0
1.77,0,0.0,0.0,0.0
1.77,0,0.0,0.0,0.0
1.77,0,0.0,0.0,0.0
1.77,0,0.0,0.0,0.0
1.77,0,0.0,0.0,0.0
3.58,0,3.27,0.0,0.0
7.16,0,1.6,0.0,0.0
7.16,0,8.02,0.0,0.0
9.55,0,13.6,0.0,0.0
9.55,0,17.45,0.0,0.0
9.55,0,17.89,0.0,0.0
9.55,0,13.52,0.0,0.0
9.55,0,7.49,0.0,0.0
7.16,0,4.9,0.0,0.0
4.77,0,3.89,0.0,0.0
1.77,0,0.0,0.0,0.0
1.77,0,0.0,0.0,0.0
1.77,0,0.0,0.0,0.0
1.77,0,0.0,0.0,0.0
1.77,0,0.0,0.0,0.0
2.36,0,0.0,0.0,0.0
2.36,0,0.0,0.0,0.0
2.36,0,0.0,0.0,0.0
2.36,0,0.0,0.0,0.0
2.36,0,0.0,0.0,0.0
2.36,0,0.0,0.0,0.0
2.36,0,1.78,0.0,0.0
4.77,0,2.58,0.0,0.0
7.16,0,7.87,0.0,0.0
10.74,0,16.14,0.0,0.0
10.74,0,32.43,0.0,0.0
10.74,0,48.45,0.0,0.0
10.74,0,58.63,0.0,0.0
10.74,0,71.61,0.0,0.0
10.74,0,76.92,0.0,0.0
10.74,0,77.65,0.0,0.0
10.74,0,66.23,0.0,0.0
10.74,0,49.35,0.0,0.0
10.74,0,40.35,0.0,0.0
8.35,0,25.33,0.0,0.0
8.35,0,20.94,0.0,0.0
2.36,0,0.0,0.0,0.0
2.36,0,0.0,0.0,0.0
2.36,0,0.0,0.0,0.0
2.36,0,0.0,0.0,0.0
2.36,0,0.0,0.0,0.0
2.36,0,0.0,0.0,0.0
2.36,0,0.0,0.0,0.0
2.36,0,0.0,0.0,0.0
2.36,0,0.0,0.0,0.0
2.36,0,2.2,0.0,0.0
4.77,0,8.87,0.0,0.0
7.16,0,18.88,0.0,0.0
10.74,0,67.0,0.0,0.0
10.74,0,84.82,0.0,0.0
10.74,0,96.86,0.0,0.0
10.74,0,102.72,0.0,0.0
10.74,0,106.91,0.0,0.0
10.74,0,103.93,0.0,0.0
10.74,0,101.62,0.0,0.0
10.74,0,75.3,0.0,0.0
10.74,0,52.63,0.0,0.0
10.74,0,27.24,0.0,0.0
8.35,0,0.49,0.0,0.0
8.35,0,6.99,0.0,0.0
2.36,0,0.0,0.0,0.0
2.36,0,0.0,0.0,0.0
2.36,0,0.0,0.0,0.0
2.36,0,0.0,0.0,0.0
2.36,0,0.0,0.0,0.0
2.36,0,0.0,0.0,0.0
2.36,0,0.0,0.0,0.0
2.36,0,0.0,0.0,0.0
2.36,0,0.22,0.0,0.0
2.36,0,1.08,0.0,0.0
4.77,0,0.0,0.0,0.0
7.16,0,0.52,0.0,0.0
10.74,0,0.0,0.0,0.0
10.74,0,0.0,0.0,0.0
10.74,0,0.74,0.0,0.0
10.74,0,0.0,0.0,0.0
10.74,0,0.0,0.0,0.0
10.74,0,0.0,0.0,0.0
10.74,0,0.0,0.0,0.0
10.74,0,0.0,0.0,0.0
10.74,0,0.0,0.0,0.0
10.74,0,0.0,0.0,0.0
8.35,0,0.0,0.0,0.0
8.35,0,0.0,0.0,0.0
2.36,0,0.0,0.0,0.0
2.36,0,0.0,0.0,0.0
2.36,0,0.0,0.0,0.0
2.36,0,0.0,0.0,0.0
2.36,0,0.0,0.0,0.0
2.36,0,0.0,0.0,0.0
2.36,0,0.0,0.0,0.0
2.36,0,0.0,0.0,0.0
2.36,0,0.33,0.0,0.0
2.36,0,0.64,0.0,0.0
4.77,0,4.05,0.0,0.0
7.16,0,0.0,0.0,0.0
10.74,0,0.0,0.0,0.0
10.74,0,0.0,0.0,0.0
10.74,0,0.0,0.0,0.0
10.74,0,0.0,0.0,0.0
10.74,0,0.0,0.0,0.0
10.74,0,0.0,0.0,0.0
10.74,0,0.0,0.0,0.0
10.74,0,0.0,0.0,0.0
10.74,0,0.0,0.0,0.0
10.74,0,0.0,0.0,0.0
8.35,0,0.0,0.0,0.0
8.35,0,0.0,0.0,0.0
2.36,0,0.0,0.0,0.0
2.36,0,0.0,0.0,0.0
2.36,0,0.0,0.0,0.0
2.36,0,0.0,0.0,0.0
2.36,0,0.0,0.0,0.0
2.36,0,0.0,0.0,0.0
2.36,0,0.0,0.0,0.0
2.36,0,0.0,0.0,0.0
2.36,0,0.32,0.0,0.0
2.36,0,0.67,0.0,0.0
4.77,0,0.24,0.0,0.0
7.16,0,0.0,0.0,0.0
10.74,0,0.0,0.0,0.0
10.74,0,0.0,0.0,0.0
10.74,0,0.0,0.0,0.0
10.74,0,0.0,0.0,0.0
10.74,0,0.0,0.0,0.0
10.74,0,0.0,0.0,0.0
10.74,0,0.0,0.0,0.0
10.74,0,0.0,0.0,0.0
10.74,0,0.0,0.0,0.0
10.74,0,0.0,0.0,0.0
8.35,0,0.0,0.0,0.0
8.35,0,0.0,0.0,0.0
2.36,0,0.0,0.0,0.0
2.36,0,0.0,0.0,0.0
2.36,0,0.0,0.0,0.0
1.77,0,0.0,0.0,0.0
1.77,0,0.0,0.0,0.0
1.77,0,0.0,0.0,0.0
1.77,0,0.0,0.0,0.0
1.77,0,0.0,0.0,0.0
1.77,0,0.31,0.0,0.0
1.77,0,0.65,0.0,0.0
3.58,0,0.0,0.0,0.0
5.97,0,0.0,0.0,0.0
9.55,0,0.0,0.0,0.0
10.74,0,0.0,0.0,0.0
10.74,0,0.0,0.0,0.0
10.74,0,0.0,0.0,0.0
10.74,0,0.96,0.0,0.0
10.74,0,2.76,0.0,0.0
10.74,0,2.76,0.0,0.0
10.74,0,0.0,0.0,0.0
10.74,0,3.71,0.0,0.0
8.35,0,0.0,0.0,0.0
5.97,0,0.0,0.0,0.0
5.97,0,0.0,0.0,0.0
3.58,0,0.0,0.0,0.0
1.77,0,0.0,0.0,0.0
1.77,0,0.0,0.0,0.0
1.77,0,0.0,0.0,0.0
1.77,0,0.0,0.0,0.0
1.77,0,0.0,0.0,0.0
1.77,0,0.0,0.0,0.0
1.77,0,0.0,0.0,0.0
1.77,0,0.0,0.0,0.0
1.77,0,0.0,0.0,0.0
1.77,0,0.0,0.0,0.0
1.77,0,0.0,0.0,0.0
3.58,0,0.47,0.0,0.0
7.16,0,0.0,0.0,0.0
7.16,0,0.0,0.0,0.0
9.55,0,2.62,0.0,0.0
9.55,0,2.81,0.0,0.0
9.55,0,2.87,0.0,0.0
9.55,0,2.86,0.0,0.0
9.55,0,0.0,0.0,0.0
7.16,0,1.24,0.0,0.0
4.77,0,0.0,0.0,0.0
1.77,0,0.0,0.0,0.0
1.77,0,0.0,0.0,0.0
1.77,0,0.0,0.0,0.0
1.77,0,0.0,0.0,0.0
1.77,0,0.0,0.0,0.0
2.36,0,0.0,0.0,0.0
2.36,0,0.0,0.0,0.0
2.36,0,0.0,0.0,0.0
2.36,0,0.0,0.0,0.0
2.36,0,0.0,0.0,0.0
2.36,0,0.31,0.0,0.0
2.36,0,0.64,0.0,0.0
4.77,0,0.0,0.0,0.0
7.16,0,0.1,0.0,0.0
10.74,0,0.12,0.0,0.0
10.74,0,0.08,0.0,0.0
10.74,0,3.24,0.0,0.0
10.74,0,9.53,0.0,0.0
10.74,0,11.92,0.0,0.0
10.74,0,11.64,0.0,0.0
10.74,0,9.61,0.0,0.0
10.74,0,1.9,0.0,0.0
10.74,0,0.07,0.0,0.0
10.74,0,0.0,0.0,0.0
8.35,0,0.0,0.0,0.0
8.35,0,2.22,0.0,0.0
2.36,0,0.0,0.0,0.0
2.36,0,0.0,0.0,0.0
2.36,0,0.0,0.0,0.0
2.36,0,0.0,0.0,0.0
2.36,0,0.0,0.0,0.0
2.36,0,0.0,0.0,0.0
2.36,0,0.0,0.0,0.0
2.36,0,0.0,0.0,0.0
2.36,0,0.39,0.0,0.0
2.36,0,0.8,0.0,0.0
4.77,0,0.0,0.0,0.0
7.16,0,0.0,0.0,0.0
10.74,0,0.0,0.0,0.0
10.74,0,0.0,0.0,0.0
10.74,0,1.19,0.0,0.0
10.74,0,3.86,0.0,0.0
10.74,0,4.53,0.0,0.0
10.74,0,4.04,0.0,0.0
10.74,0,2.35,0.0,0.0
10.74,0,0.0,0.0,0.0
10.74,0,0.0,0.0,0.0
10.74,0,3.17,0.0,0.0
8.35,0,3.19,0.0,0.0
8.35,0,0.0,0.0,0.0
2.36,0,0.0,0.0,0.0
2.36,0,0.0,0.0,0.0
2.36,0,0.0,0.0,0.0
2.36,0,0.0,0.0,0.0
2.36,0,0.0,0.0,0.0
2.36,0,0.0,0.0,0.0
2.36,0,0.0,0.0,0.0
2.36,0,0.0,0.0,0.0
2.36,0,0.27,0.0,0.0
2.36,0,0.66,0.0,0.0
4.77,0,0.0,0.0,0.0
7.16,0,0.2,0.0,0.0
10.74,0,0.0,0.0,0.0
10.74,0,2.02,0.0,0.0
10.74,0,2.83,0.0,0.0
10.74,0,3.51,0.0,0.0
10.74,0,3.57,0.0,0.0
10.74,0,2.69,0.0,0.0
10.74,0,2.71,0.0,0.0
10.74,0,0.0,0.0,0.0
10.74,0,0.0,0.0,0.0
10.74,0,0.0,0.0,0.0
8.35,0,2.8,0.0,0.0
8.35,0,0.05,0.0,0.0
2.36,0,0.0,0.0,0.0
2.36,0,0.0,0.0,0.0
2.36,0,0.0,0.0,0.0
2.36,0,0.0,0.0,0.0
2.36,0,0.0,0.0,0.0
2.36,0,0.0,0.0,0.0
2.36,0,0.0,0.0,0.0
2.36,0,0.0,0.0,0.0
2.36,0,0.36,0.0,0.0
2.36,0,0.0,0.0,0.0
4.77,0,0.2,0.0,0.0
7.16,0,0.11,0.0,0.0
10.74,0,0.56,0.0,0.0
10.74,0,0.0,0.0,0.0
10.74,0,0.14,0.0,0.0
10.74,0,0.0,0.0,0.0
10.74,0,0.0,0.0,0.0
10.74,0,0.0,0.0,0.0
10.74,0,0.0,0.0,0.0
10.74,0,0.0,0.0,0.0
10.74,0,0.0,0.0,0.0
10.74,0,3.02,0.0,0.0
8.35,0,2.93,0.0,0.0
8.35,0,0.0,0.0,0.0
2.36,0,0.0,0.0,0.0
2.36,0,0.0,0.0,0.0
2.36,0,0.0,0.0,0.0
2.36,0,0.0,0.0,0.0
2.36,0,0.0,0.0,0.0
2.36,0,0.0,0.0,0.0
2.36,0,0.0,0.0,0.0
2.36,0,0.0,0.0,0.0
2.36,0,0.47,0.0,0.0
2.36,0,0.0,0.0,0.0
4.77,0,0.0,0.0,0.0
7.16,0,0.0,0.0,0.0
10.74,0,0.41,0.0,0.0
10.74,0,0.68,0.0,0.0
10.74,0,0.67,0.0,0.0
10.74,0,0.0,0.0,0.0
10.74,0,0.0,0.0,0.0
10.74,0,0.0,0.0,0.0
10.74,0,0.0,0.0,0.0
10.74,0,0.0,0.0,0.0
10.74,0,0.0,0.0,0.0
10.74,0,0.0,0.0,0.0
8.35,0,0.0,0.0,0.0
8.35,0,0.0,0.0,0.0
2.36,0,0.0,0.0,0.0
2.36,0,0.0,0.0,0.0
2.36,0,0.0,0.0,0.0
1.77,0,0.0,0.0,0.0
1.77,0,0.0,0.0,0.0
1.77,0,0.0,0.0,0.0
1.77,0,0.0,0.0,0.0
1.77,0,0.0,0.0,0.0
1.77,0,0.3,0.0,0.0
1.77,0,0.62,0.0,0.0
3.58,0,0.0,0.0,0.0
5.97,0,0.0,0.0,0.0
9.55,0,0.19,0.0,0.0
10.74,0,0.45,0.0,0.0
10.74,0,1.54,0.0,0.0
10.74,0,2.73,0.0,0.0
10.74,0,2.78,0.0,0.0
10.74,0,2.8,0.0,0.0
10.74,0,2.86,0.0,0.0
10.74,0,2.94,0.0,0.0
10.74,0,2.97,0.0,0.0
8.35,0,0.0,0.0,0.0
5.97,0,0.0,0.0,0.0
5.97,0,0.0,0.0,0.0
3.58,0,0.0,0.0,0.0
1.77,0,0.0,0.0,0.0
1.77,0,0.0,0.0,0.0
1.77,0,0.0,0.0,0.0
1.77,0,0.0,0.0,0.0
1.77,0,0.0,0.0,0.0
1.77,0,0.0,0.0,0.0
1.77,0,0.0,0.0,0.0
1.77,0,0.0,0.0,0.0
1.77,0,0.0,0.0,0.0
1.77,0,0.97,0.0,0.0
1.77,0,1.85,0.0,0.0
3.58,0,14.42,0.0,0.0
7.16,0,10.78,0.0,0.0
7.16,0,6.43,0.0,0.0
9.55,0,4.31,0.0,0.0
9.55,0,1.42,0.0,0.0
9.55,0,6.41,0.0,0.0
9.55,0,6.28,0.0,0.0
9.55,0,6.34,0.0,0.0
7.16,0,7.08,0.0,0.0
4.77,0,4.9,0.0,0.0
1.77,0,0.0,0.0,0.0
1.77,0,0.0,0.0,0.0
1.77,0,0.0,0.0,0.0
1.77,0,0.0,0.0,0.0
1.77,0,0.0,0.0,0.0
2.36,0,0.0,0.0,0.0
2.36,0,0.0,0.0,0.0
2.36,0,0.0,0.0,0.0
2.36,0,0.0,0.0,0.0
2.36,0,0.0,0.0,0.0
2.36,0,0.0,0.0,0.0
2.36,0,2.47,0.0,0.0
4.77,0,3.46,0.0,0.0
7.16,0,0.0,0.0,0.0
10.74,0,0.0,0.0,0.0
10.74,0,0.0,0.0,0.0
10.74,0,0.08,0.0,0.0
10.74,0,1.16,0.0,0.0
10.74,0,11.66,0.0,0.0
10.74,0,14.75,0.0,0.0
10.74,0,12.74,0.0,0.0
10.74,0,2.78,0.0,0.0
10.74,0,0.0,0.0,0.0
10.74,0,0.0,0.0,0.0
8.35,0,0.0,0.0,0.0
8.35,0,0.0,0.0,0.0
2.36,0,0.0,0.0,0.0
2.36,0,0.0,0.0,0.0
2.36,0,0.0,0.0,0.0
2.36,0,0.0,0.0,0.0
2.36,0,0.0,0.0,0.0
2.36,0,0.0,0.0,0.0
2.36,0,0.0,0.0,0.0
2.36,0,0.0,0.0,0.0
2.36,0,0.0,0.0,0.0
2.36,0,1.76,0.0,0.0
4.77,0,0.0,0.0,0.0
7.16,0,0.0,0.0,0.0
10.74,0,1.56,0.0,0.0
10.74,0,0.45,0.0,0.0
10.74,0,1.3,0.0,0.0
10.74,0,15.61,0.0,0.0
10.74,0,53.92,0.0,0.0
10.74,0,73.28,0.0,0.0
10.74,0,74.49,0.0,0.0
10.74,0,76.24,0.0,0.0
10.74,0,64.41,0.0,0.0
10.74,0,54.17,0.0,0.0
8.35,0,40.72,0.0,0.0
8.35,0,38.72,0.0,0.0
2.36,0,0.84,0.0,0.0
2.36,0,0.71,0.0,0.0
2.36,0,0.0,0.0,0.0
2.36,0,0.0,0.0,0.0
2.36,0,0.0,0.0,0.0
2.36,0,0.0,0.0,0.0
2.36,0,0.0,0.0,0.0
2.36,0,0.0,0.0,0.0
2.36,0,0.0,0.0,0.0
2.36,0,2.42,0.0,0.0
4.77,0,12.54,0.0,0.0
7.16,0,17.88,0.0,0.0
10.74,0,47.06,0.0,0.0
10.74,0,48.21,0.0,0.0
10.74,0,66.56,0.0,0.0
10.74,0,84.34,0.0,0.0
10.74,0,88.96,0.0,0.0
10.74,0,84.96,0.0,0.0
10.74,0,81.37,0.0,0.0
10.74,0,65.97,0.0,0.0
10.74,0,22.36,0.0,0.0
10.74,0,6.02,0.0,0.0
8.35,0,1.06,0.0,0.0
8.35,0,0.0,0.0,0.0
2.36,0,0.1,0.0,0.0
2.36,0,0.0,0.0,0.0
2.36,0,0.0,0.0,0.0
2.36,0,0.0,0.0,0.0
2.36,0,0.0,0.0,0.0
2.36,0,0.0,0.0,0.0
2.36,0,0.0,0.0,0.0
2.36,0,0.0,0.0,0.0
2.36,0,0.0,0.0,0.0
2.36,0,1.52,0.0,0.0
4.77,0,0.0,0.0,0.0
7.16,0,0.0,0.0,0.0
10.74,0,6.25,0.0,0.0
10.74,0,20.6,0.0,0.0
10.74,0,45.08,0.0,0.0
10.74,0,58.17,0.0,0.0
10.74,0,60.78,0.0,0.0
10.74,0,63.89,0.0,0.0
10.74,0,66.91,0.0,0.0
10.74,0,58.53,0.0,0.0
10.74,0,47.86,0.0,0.0
10.74,0,43.6,0.0,0.0
8.35,0,33.29,0.0,0.0
8.35,0,30.48,0.0,0.0
2.36,0,0.86,0.0,0.0
2.36,0,0.78,0.0,0.0
2.36,0,0.62,0.0,0.0
2.36,0,0.0,0.0,0.0
2.36,0,0.0,0.0,0.0
2.36,0,0.0,0.0,0.0
2.36,0,0.0,0.0,0.0
2.36,0,0.0,0.0,0.0
2.36,0,0.0,0.0,0.0
2.36,0,1.97,0.0,0.0
4.77,0,3.57,0.0,0.0
7.16,0,13.7,0.0,0.0
10.74,0,56.99,0.0,0.0
10.74,0,71.24,0.0,0.0
10.74,0,86.84,0.0,0.0
10.74,0,92.1,0.0,0.0
10.74,0,94.69,0.0,0.0
10.74,0,97.52,0.0,0.0
10.74,0,103.43,0.0,0.0
10.74,0,93.58,0.0,0.0
10.74,0,78.21,0.0,0.0
10.74,0,68.25,0.0,0.0
8.35,0,50.17,0.0,0.0
8.35,0,41.39,0.0,0.0
2.36,0,0.88,0.0,0.0
2.36,0,0.82,0.0,0.0
2.36,0,0.7,0.0,0.0
1.77,0,0.0,0.0,0.0
1.77,0,0.0,0.0,0.0
1.77,0,0.0,0.0,0.0
1.77,0,0.0,0.0,0.0
1.77,0,0.0,0.0,0.0
1.77,0,0.0,0.0,0.0
1.77,0,2.33,0.0,0.0
3.58,0,4.78,0.0,0.0
5.97,0,0.0,0.0,0.0
9.55,0,8.4,0.0,0.0
10.74,0,12.88,0.0,0.0
10.74,0,11.27,0.0,0.0
10.74,0,3.35,0.0,0.0
10.74,0,5.77,0.0,0.0
10.74,0,7.16,0.0,0.0
10.74,0,3.56,0.0,0.0
10.74,0,0.33,0.0,0.0
10.74,0,0.39,0.0,0.0
8.35,0,3.34,0.0,0.0
5.97,0,1.68,0.0,0.0
5.97,0,0.0,0.0,0.0
3.58,0,3.35,0.0,0.0
1.77,0,0.0,0.0,0.0
1.77,0,0.0,0.0,0.0
1.77,0,0.0,0.0,0.0
1.77,0,0.0,0.0,0.0
1.77,0,0.0,0.0,0.0
1.77,0,0.0,0.0,0.0
1.77,0,0.0,0.0,0.0
1.77,0,0.0,0.0,0.0
1.77,0,0.0,0.0,0.0
1.77,0,0.29,0.0,0.0
1.77,0,0.0,0.0,0.0
3.58,0,0.22,0.0,0.0
7.16,0,0.51,0.0,0.0
7.16,0,2.79,0.0,0.0
9.55,0,1.09,0.0,0.0
9.55,0,2.49,0.0,0.0
9.55,0,3.0,0.0,0.0
9.55,0,1.63,0.0,0.0
9.55,0,0.33,0.0,0.0
7.16,0,0.34,0.0,0.0
4.77,0,0.0,0.0,0.0
1.77,0,0.0,0.0,0.0
1.77,0,0.0,0.0,0.0
1.77,0,0.0,0.0,0.0
1.77,0,0.0,0.0,0.0
1.77,0,0.0,0.0,0.0
1.77,0,0.0,0.0,0.0
1.77,0,0.0,0.0,0.0
1.77,0,0.0,0.0,0.0
1.77,0,0.0,0.0,0.0
1.77,0,0.0,0.0,0.0
1.77,0,0.0,0.0,0.0
1.77,0,0.0,0.0,0.0
1.77,0,0.34,0.0,0.0
1.77,0,0.0,0.0,0.0
3.58,0,0.1,0.0,0.0
7.16,0,0.28,0.0,0.0
7.16,0,0.28,0.0,0.0
9.55,0,0.0,0.0,0.0
9.55,0,0.0,0.0,0.0
9.55,0,0.33,0.0,0.0
9.55,0,0.33,0.0,0.0
9.55,0,0.33,0.0,0.0
7.16,0,0.0,0.0,0.0
4.77,0,0.0,0.0,0.0
1.77,0,0.0,0.0,0.0
1.77,0,0.0,0.0,0.0
1.77,0,0.0,0.0,0.0
1.77,0,0.0,0.0,0.0
1.77,0,0.0,0.0,0.0
2.36,0,0.0,0.0,0.0
2.36,0,0.0,0.0,0.0
2.36,0,0.0,0.0,0.0
2.36,0,0.0,0.0,0.0
2.36,0,0.0,0.0,0.0
2.36,0,0.3,0.0,0.0
2.36,0,0.6,0.0,0.0
4.77,0,0.41,0.0,0.0
7.16,0,0.0,0.0,0.0
10.74,0,0.69,0.0,0.0
10.74,0,0.54,0.0,0.0
10.74,0,3.96,0.0,0.0
10.74,0,2.63,0.0,0.0
10.74,0,2.99,0.0,0.0
10.74,0,3.08,0.0,0.0
10.74,0,3.23,0.0,0.0
10.74,0,3.36,0.0,0.0
10.74,0,3.44,0.0,0.0
10.74,0,0.0,0.0,0.0
8.35,0,0.0,0.0,0.0
8.35,0,0.0,0.0,0.0
2.36,0,0.0,0.0,0.0
2.36,0,0.0,0.0,0.0
2.36,0,0.0,0.0,0.0
2.36,0,0.0,0.0,0.0
2.36,0,0.0,0.0,0.0
2.36,0,0.0,0.0,0.0
2.36,0,0.0,0.0,0.0
2.36,0,0.0,0.0,0.0
2.36,0,0.41,0.0,0.0
2.36,0,0.85,0.0,0.0
4.77,0,0.0,0.0,0.0
7.16,0,0.0,0.0,0.0
10.74,0,0.0,0.0,0.0
10.74,0,0.0,0.0,0.0
10.74,0,0.12,0.0,0.0
10.74,0,0.0,0.0,0.0
10.74,0,0.0,0.0,0.0
10.74,0,0.0,0.0,0.0
10.74,0,0.42,0.0,0.0
10.74,0,0.41,0.0,0.0
10.74,0,0.0,0.0,0.0
10.74,0,0.0,0.0,0.0
8.35,0,0.0,0.0,0.0
8.35,0,0.0,0.0,0.0
2.36,0,0.0,0.0,0.0
2.36,0,0.0,0.0,0.0
2.36,0,0.0,0.0,0.0
2.36,0,0.0,0.0,0.0
2.36,0,0.0,0.0,0.0
2.36,0,0.0,0.0,0.0
2.36,0,0.0,0.0,0.0
2.36,0,0.0,0.0,0.0
2.36,0,0.33,0.0,0.0
2.36,0,0.65,0.0,0.0
4.77,0,0.0,0.0,0.0
7.16,0,0.0,0.0,0.0
10.74,0,0.0,0.0,0.0
10.74,0,0.0,0.0,0.0
10.74,0,0.0,0.0,0.0
10.74,0,0.0,0.0,0.0
10.74,0,0.0,0.0,0.0
10.74,0,0.0,0.0,0.0
10.74,0,0.33,0.0,0.0
10.74,0,0.32,0.0,0.0
10.74,0,0.0,0.0,0.0
10.74,0,0.0,0.0,0.0
8.35,0,0.0,0.0,0.0
8.35,0,0.0,0.0,0.0
2.36,0,0.0,0.0,0.0
2.36,0,0.0,0.0,0.0
2.36,0,0.0,0.0,0.0
2.36,0,0.0,0.0,0.0
2.36,0,0.0,0.0,0.0
2.36,0,0.0,0.0,0.0
2.36,0,0.0,0.0,0.0
2.36,0,0.0,0.0,0.0
2.36,0,0.33,0.0,0.0
2.36,0,0.67,0.0,0.0
4.77,0,0.0,0.0,0.0
7.16,0,0.0,0.0,0.0
10.74,0,0.19,0.0,0.0
10.74,0,0.28,0.0,0.0
10.74,0,0.28,0.0,0.0
10.74,0,0.0,0.0,0.0
10.74,0,1.6,0.0,0.0
10.74,0,2.44,0.0,0.0
10.74,0,2.49,0.0,0.0
10.74,0,2.54,0.0,0.0
10.74,0,4.69,0.0,0.0
10.74,0,0.0,0.0,0.0
8.35,0,0.0,0.0,0.0
8.35,0,0.0,0.0,0.0
2.36,0,0.0,0.0,0.0
2.36,0,0.0,0.0,0.0
2.36,0,0.0,0.0,0.0
1.77,0,0.0,0.0,0.0
1.77,0,0.0,0.0,0.0
1.77,0,0.0,0.0,0.0
1.77,0,0.0,0.0,0.0
1.77,0,0.0,0.0,0.0
1.77,0,0.35,0.0,0.0
1.77,0,0.0,0.0,0.0
3.58,0,0.34,0.0,0.0
5.97,0,0.0,0.0,0.0
9.55,0,1.19,0.0,0.0
10.74,0,1.98,0.0,0.0
10.74,0,3.43,0.0,0.0
10.74,0,1.65,0.0,0.0
10.74,0,0.98,0.0,0.0
10.74,0,2.66,0.0,0.0
10.74,0,1.31,0.0,0.0
10.74,0,0.35,0.0,0.0
10.74,0,0.35,0.0,0.0
8.35,0,2.57,0.0,0.0
5.97,0,0.0,0.0,0.0
5.97,0,2.9,0.0,0.0
3.58,0,3.27,0.0,0.0
1.77,0,0.0,0.0,0.0
1.77,0,0.0,0.0,0.0
1.77,0,0.0,0.0,0.0
1.77,0,0.0,0.0,0.0
1.77,0,0.0,0.0,0.0
1.77,0,0.0,0.0,0.0
1.77,0,0.0,0.0,0.0
1.77,0,0.0,0.0,0.0
1.77,0,0.0,0.0,0.0
1.77,0,0.36,0.0,0.0
1.77,0,0.0,0.0,0.0
3.58,0,0.0,0.0,0.0
7.16,0,0.0,0.0,0.0
7.16,0,0.0,0.0,0.0
9.55,0,0.0,0.0,0.0
9.55,0,0.0,0.0,0.0
9.55,0,0.0,0.0,0.0
9.55,0,0.0,0.0,0.0
9.55,0,0.0,0.0,0.0
7.16,0,0.0,0.0,0.0
4.77,0,0.0,0.0,0.0
1.77,0,0.0,0.0,0.0
1.77,0,0.0,0.0,0.0
1.77,0,0.0,0.0,0.0
1.77,0,0.0,0.0,0.0
1.77,0,0.0,0.0,0.0
