non_shiftable_load,dhw_demand,cooling_demand,heating_demand,solar_generation
10.3,2.04,2.46,0.0,0.0
7.6,2.52,1.36,0.0,0.0
11.9,0.36,2.07,0.0,0.0
7.0,1.68,1.27,0.0,0.0
10.1,0.0,1.61,0.0,0.0
13.3,1.2,2.34,0.0,0.0
11.9,8.88,2.19,0.0,0.0
18.8,19.68,4.92,0.0,0.0
13.2,12.96,2.21,0.0,28.2155
13.2,13.68,2.55,0.0,45.8566
11.9,20.88,2.76,0.0,74.4313
16.3,7.32,6.13,0.0,144.55
13.4,4.44,6.03,0.0,148.719
15.8,2.28,6.98,0.0,96.634
14.5,1.32,5.84,0.0,53.573
15.6,0.84,6.57,0.0,30.8986
12.1,2.16,4.43,0.0,9.70243
13.7,2.64,5.71,0.0,0.0
21.0,6.96,11.35,0.0,0.0
13.4,4.56,5.77,0.0,0.0
12.7,1.44,5.63,0.0,0.0
18.2,6.96,10.05,0.0,0.0
13.6,1.92,6.28,0.0,0.0
12.4,0.36,5.18,0.0,0.0
12.5,1.2,5.37,0.0,0.0
9.4,0.12,3.72,0.0,0.0
8.3,0.24,3.3,0.0,0.0
10.8,0.12,4.38,0.0,0.0
11.9,0.0,4.9,0.0,0.0
10.5,0.84,4.13,0.0,0.0
9.4,11.28,3.57,0.0,0.0
12.8,19.68,5.58,0.0,0.0
13.1,6.36,5.41,0.0,45.0112
11.0,5.4,4.44,0.0,113.45
10.4,16.08,4.7,0.0,174.733
12.7,5.28,6.25,0.0,233.711
9.4,2.64,4.43,0.0,244.996
13.9,1.32,6.63,0.0,232.412
12.1,1.2,5.46,0.0,185.682
10.5,5.4,3.65,0.0,116.802
10.7,3.84,2.71,0.0,25.4838
12.4,2.4,3.14,0.0,0.0
12.4,3.84,2.97,0.0,0.0
16.7,3.0,4.02,0.0,0.0
19.1,1.8,4.33,0.0,0.0
16.7,13.32,2.55,0.0,0.0
9.1,1.56,0.57,0.0,0.0
11.9,0.24,0.57,0.0,0.0
12.7,0.36,0.55,0.0,0.0
7.2,0.24,0.2,0.0,0.0
12.3,0.12,0.35,0.0,0.0
14.3,0.0,0.28,0.0,0.0
8.9,0.24,0.01,0.0,0.0
8.9,3.36,0.0,0.0,0.0
10.9,10.44,0.0,0.0,0.0
11.0,14.4,0.11,0.0,0.0
10.2,7.8,0.1,0.0,148.982
11.1,19.68,0.39,0.0,209.928
12.9,3.48,0.75,0.0,298.434
13.4,7.44,0.87,0.0,312.11
13.5,4.32,1.14,0.0,332.16900000000004
12.0,5.16,1.33,0.0,360.719
13.9,0.84,2.09,0.0,362.224
10.9,3.72,1.87,0.0,265.818
9.7,6.0,1.32,0.0,89.0051
16.7,0.84,1.36,0.0,0.0
14.8,7.68,1.29,0.0,0.0
15.8,4.08,1.26,0.0,0.0
15.4,1.08,0.94,0.0,0.0
14.2,0.96,0.92,0.0,0.0
15.0,2.04,0.87,0.0,0.0
12.7,0.6,0.61,0.0,0.0
7.1,0.84,0.33,0.0,0.0
7.8,1.68,0.14,0.0,0.0
13.3,5.52,0.3,0.0,0.0
13.1,0.36,0.44,0.0,0.0
11.1,0.0,0.27,0.0,0.0
9.0,0.12,0.1,0.0,0.0
11.7,1.2,0.42,0.0,0.0
15.4,9.36,0.86,0.0,0.0
14.0,4.44,1.15,0.0,167.06099999999998
13.5,12.0,1.42,0.0,239.717
13.1,22.92,1.56,0.0,274.493
13.3,17.16,2.09,0.0,254.904
17.6,3.36,4.33,0.0,276.91200000000003
18.1,2.76,5.7,0.0,247.426
10.0,4.56,3.38,0.0,205.656
16.6,2.28,6.23,0.0,115.319
12.6,2.16,3.91,0.0,19.8617
20.1,5.28,7.69,0.0,0.0
15.2,4.92,5.6,0.0,0.0
18.1,3.24,7.04,0.0,0.0
14.9,1.92,5.26,0.0,0.0
12.7,1.08,4.34,0.0,0.0
16.1,2.04,6.16,0.0,0.0
12.0,0.6,3.53,0.0,0.0
7.5,0.36,1.61,0.0,0.0
7.9,3.24,1.79,0.0,0.0
12.7,0.36,4.19,0.0,0.0
11.3,0.12,3.48,0.0,0.0
5.4,0.0,1.5,0.0,0.0
9.1,0.24,2.34,0.0,0.0
10.0,1.68,2.77,0.0,0.0
11.8,8.28,3.86,0.0,0.0
16.1,6.36,5.74,0.0,35.0533
8.7,10.32,2.79,0.0,83.3007
12.3,29.64,5.28,0.0,133.474
7.6,7.32,4.24,0.0,161.289
14.6,17.88,9.28,0.0,205.484
15.0,0.96,11.24,0.0,208.856
16.4,1.08,15.25,0.0,162.253
15.7,3.84,15.92,0.0,119.52
11.9,1.2,11.04,0.0,23.3456
14.4,9.72,12.12,0.0,0.0
13.0,6.12,9.33,0.0,0.0
16.2,1.68,10.35,0.0,0.0
14.5,2.28,5.98,0.0,0.0
15.1,5.16,4.61,0.0,0.0
16.3,1.44,4.02,0.0,0.0
11.5,1.92,1.21,0.0,0.0
14.7,3.12,1.31,0.0,0.0
10.3,2.16,0.45,0.0,0.0
11.4,0.48,0.2,0.0,0.0
7.7,0.0,0.0,0.0,0.0
8.1,0.12,0.0,0.0,0.0
9.6,1.56,0.0,0.0,0.0
12.9,0.96,0.0,0.0,0.0
13.9,11.4,0.03,0.0,0.0
11.2,9.84,0.0,0.0,94.531
13.6,13.8,0.1,0.0,180.835
13.2,12.48,0.21,0.0,242.911
13.1,9.84,0.35,0.0,319.648
16.2,8.52,0.78,0.0,316.014
16.7,1.08,0.88,0.0,295.067
15.1,0.6,0.71,0.0,234.592
15.2,1.92,0.71,0.0,142.415
12.6,2.64,0.27,0.0,39.7412
15.8,8.28,0.28,0.0,0.0
16.4,4.44,0.48,0.0,0.0
18.9,2.16,0.5,0.0,0.0
18.8,2.88,0.31,0.0,0.0
13.1,2.28,0.04,0.0,0.0
15.5,1.08,0.07,0.0,0.0
13.8,4.32,0.0,0.0,0.0
7.8,1.56,0.0,0.0,0.0
11.2,0.48,0.0,0.0,0.0
9.7,0.12,0.0,0.0,0.0
8.0,3.36,0.0,0.0,0.0
11.1,0.12,0.0,0.0,0.0
11.8,1.08,0.0,0.0,0.0
13.4,4.32,0.0,0.0,0.0
13.1,24.72,0.0,0.0,0.0
15.0,7.8,0.0,0.0,166.44799999999998
9.3,5.64,0.0,0.0,240.656
16.7,16.92,0.25,0.0,277.92
10.4,6.24,0.14,0.0,283.128
8.3,5.64,0.15,0.0,364.434
11.2,6.24,0.58,0.0,388.746
15.0,3.48,1.25,0.0,386.071
12.9,6.24,1.15,0.0,271.03700000000003
12.4,7.8,0.98,0.0,110.073
13.0,3.6,0.58,0.0,11.1155
14.3,0.72,0.53,0.0,0.0
17.4,2.4,0.69,0.0,0.0
18.2,3.24,0.7,0.0,0.0
20.1,1.44,0.68,0.0,0.0
16.3,4.2,0.41,0.0,0.0
11.3,2.16,0.06,0.0,0.0
15.1,0.48,0.15,0.0,0.0
8.7,3.48,0.0,0.0,0.0
9.1,0.0,0.0,0.0,0.0
7.3,0.0,0.0,0.0,0.0
6.8,0.0,0.0,0.0,0.0
9.9,0.72,0.0,0.0,0.0
15.4,1.32,0.0,0.0,0.0
14.4,15.84,0.31,0.0,0.0
10.9,11.76,0.31,0.0,200.418
11.6,20.88,0.64,0.0,320.081
14.1,8.64,1.27,0.0,426.219
14.5,22.2,1.79,0.0,500.591
12.0,9.24,1.82,0.0,501.666
15.1,2.88,3.57,0.0,451.27
11.8,0.48,2.9,0.0,362.457
12.8,0.96,3.07,0.0,245.231
10.8,1.44,1.91,0.0,91.2449
14.3,2.52,1.93,0.0,7.0029
19.2,5.76,3.78,0.0,0.0
15.2,2.16,2.14,0.0,0.0
17.6,1.32,2.59,0.0,0.0
21.7,5.04,4.22,0.0,0.0
16.6,0.84,2.2,0.0,0.0
14.7,1.44,1.33,0.0,0.0
12.1,0.84,0.97,0.0,0.0
9.4,0.12,0.74,0.0,0.0
11.7,0.12,0.76,0.0,0.0
11.4,0.0,0.81,0.0,0.0
12.5,0.0,0.78,0.0,0.0
12.8,1.32,0.66,0.0,0.0
14.1,6.6,0.84,0.0,0.0
12.8,25.56,1.16,0.0,0.0
15.5,14.52,2.13,0.0,167.68900000000002
12.4,10.56,2.93,0.0,288.769
17.9,21.12,6.9,0.0,391.802
16.5,9.96,7.92,0.0,448.004
13.3,18.36,7.84,0.0,439.261
16.9,8.04,10.48,0.0,352.374
11.0,0.48,7.34,0.0,269.528
12.3,1.2,7.75,0.0,130.529
14.5,2.16,8.41,0.0,33.8496
13.8,1.56,7.8,0.0,0.0
12.9,3.12,7.52,0.0,0.0
11.5,2.04,6.06,0.0,0.0
13.0,3.0,6.44,0.0,0.0
14.6,2.76,6.87,0.0,0.0
17.4,0.24,8.11,0.0,0.0
14.8,0.72,5.92,0.0,0.0
9.3,0.0,2.76,0.0,0.0
13.3,0.48,4.06,0.0,0.0
9.6,0.36,2.46,0.0,0.0
12.9,0.12,3.88,0.0,0.0
11.7,0.24,3.33,0.0,0.0
11.8,2.52,3.48,0.0,0.0
11.8,13.08,3.27,0.0,0.0
13.0,14.52,3.79,0.0,0.0
14.5,11.64,4.42,0.0,27.818
11.1,7.2,3.34,0.0,56.07899999999999
15.2,2.16,6.38,0.0,97.5963
17.0,16.44,8.48,0.0,140.04
17.4,9.24,9.81,0.0,142.52
13.5,9.36,8.53,0.0,137.034
13.1,1.32,9.13,0.0,96.0527
13.4,3.36,9.44,0.0,38.9878
13.4,8.64,9.69,0.0,13.4343
10.5,3.36,8.12,0.0,0.0
19.5,1.08,18.66,0.0,0.0
15.4,0.48,13.25,0.0,0.0
19.3,0.84,18.75,0.0,0.0
15.1,2.04,14.28,0.0,0.0
18.9,0.84,21.33,0.0,0.0
19.3,2.52,22.46,0.0,0.0
10.3,0.12,10.25,0.0,0.0
9.5,0.24,10.58,0.0,0.0
11.8,0.12,13.99,0.0,0.0
7.3,0.12,9.36,0.0,0.0
12.1,0.0,15.42,0.0,0.0
14.4,0.48,20.15,0.0,0.0
12.2,10.08,16.53,0.0,0.0
8.7,16.92,11.45,0.0,0.0
10.6,11.28,13.98,0.0,82.4008
8.9,19.56,14.56,0.0,191.76
10.9,16.56,20.58,0.0,301.812
11.2,5.16,23.81,0.0,389.392
12.3,12.12,26.49,0.0,423.52
15.0,3.72,29.65,0.0,420.11800000000005
12.4,5.04,24.4,0.0,349.641
10.3,3.48,19.67,0.0,256.485
13.0,1.56,19.5,0.0,110.496
14.2,6.36,16.49,0.0,7.6067
13.3,6.12,13.76,0.0,0.0
19.9,4.44,17.92,0.0,0.0
20.2,1.44,16.31,0.0,0.0
15.4,0.6,10.3,0.0,0.0
16.3,0.84,8.18,0.0,0.0
14.3,0.6,5.7,0.0,0.0
9.3,0.84,2.6,0.0,0.0
14.5,1.44,3.36,0.0,0.0
10.5,1.08,1.4,0.0,0.0
11.1,0.12,1.5,0.0,0.0
9.6,0.12,1.01,0.0,0.0
9.9,0.48,0.83,0.0,0.0
9.9,3.0,0.9,0.0,0.0
13.2,6.24,1.8,0.0,0.0
12.3,4.92,3.87,0.0,189.159
8.7,10.32,5.89,0.0,355.31699999999995
9.7,13.68,7.88,0.0,480.298
12.3,7.2,10.29,0.0,514.914
11.7,8.16,11.44,0.0,513.373
13.2,1.2,13.3,0.0,461.385
12.2,2.64,12.76,0.0,347.957
14.0,7.08,14.25,0.0,236.652
11.4,3.24,10.27,0.0,90.6711
15.6,8.4,12.17,0.0,7.18555
14.7,1.2,10.61,0.0,0.0
13.3,0.48,8.03,0.0,0.0
19.6,2.04,12.38,0.0,0.0
14.5,0.72,7.52,0.0,0.0
17.7,3.48,8.76,0.0,0.0
16.4,2.52,7.83,0.0,0.0
10.7,1.2,4.76,0.0,0.0
14.0,2.52,6.68,0.0,0.0
9.8,0.12,4.62,0.0,0.0
13.0,0.12,6.17,0.0,0.0
14.7,0.12,6.7,0.0,0.0
13.4,2.52,6.23,0.0,0.0
11.1,2.64,4.97,0.0,0.0
14.1,13.92,7.3,0.0,0.0
11.3,13.08,5.92,0.0,27.9074
13.9,7.32,8.33,0.0,47.6846
11.5,8.76,7.1,0.0,78.1288
13.6,3.6,9.34,0.0,103.577
12.4,3.0,8.8,0.0,102.478
14.8,2.16,11.88,0.0,109.48
9.6,1.44,7.55,0.0,82.69200000000001
11.7,4.44,9.66,0.0,43.0444
14.7,2.28,13.12,0.0,14.1742
12.2,1.2,11.44,0.0,0.0
16.9,0.96,18.36,0.0,0.0
18.4,2.16,19.7,0.0,0.0
17.3,3.0,15.99,0.0,0.0
22.8,1.68,21.89,0.0,0.0
15.5,2.04,11.36,0.0,0.0
14.0,0.24,8.59,0.0,0.0
11.1,1.2,5.07,0.0,0.0
8.7,0.36,2.95,0.0,0.0
8.6,0.0,2.31,0.0,0.0
12.6,3.48,3.3,0.0,0.0
8.4,0.12,1.54,0.0,0.0
7.0,1.56,1.11,0.0,0.0
9.6,6.72,1.28,0.0,0.0
11.3,25.2,2.69,0.0,0.0
12.0,7.08,4.35,0.0,181.422
16.5,5.4,7.76,0.0,301.843
13.4,13.68,7.9,0.0,375.35
14.9,11.16,10.72,0.0,436.956
10.9,1.92,10.17,0.0,494.81
13.7,8.88,13.98,0.0,442.125
9.6,0.48,12.67,0.0,408.133
10.8,0.72,15.79,0.0,348.76300000000003
10.2,16.08,13.53,0.0,178.138
16.4,0.48,14.6,0.0,22.1951
12.7,3.12,10.15,0.0,0.0
15.3,2.64,10.45,0.0,0.0
17.2,1.68,10.17,0.0,0.0
18.2,5.88,9.77,0.0,0.0
17.7,2.76,7.75,0.0,0.0
10.9,0.72,2.92,0.0,0.0
9.8,0.36,1.99,0.0,0.0
8.1,2.28,1.29,0.0,0.0
11.0,0.36,1.48,0.0,0.0
6.6,1.92,0.95,0.0,0.0
11.2,0.0,1.45,0.0,0.0
11.6,0.72,1.39,0.0,0.0
12.9,5.16,1.62,0.0,0.0
13.3,13.2,1.89,0.0,0.0
13.3,15.48,2.41,0.0,145.825
8.4,15.6,1.87,0.0,274.801
5.2,20.76,1.71,0.0,404.569
13.1,16.2,5.59,0.0,494.847
15.1,5.28,7.59,0.0,564.1619999999999
13.3,0.24,7.4,0.0,545.298
13.9,1.08,8.46,0.0,446.172
9.5,0.96,7.4,0.0,415.05
10.7,2.88,6.7,0.0,217.021
11.7,3.48,4.31,0.0,40.5504
14.5,5.04,5.01,0.0,0.0
13.7,3.24,3.8,0.0,0.0
16.1,0.96,4.21,0.0,0.0
20.8,15.24,5.38,0.0,0.0
16.3,4.32,2.95,0.0,0.0
11.0,0.24,1.22,0.0,0.0
9.3,0.6,0.82,0.0,0.0
8.1,1.8,0.53,0.0,0.0
14.8,0.0,0.91,0.0,0.0
14.1,1.68,0.75,0.0,0.0
7.9,0.24,0.25,0.0,0.0
13.8,0.72,0.63,0.0,0.0
12.1,5.64,0.43,0.0,0.0
13.3,21.36,1.12,0.0,0.0
13.4,9.48,2.81,0.0,259.23400000000004
14.2,12.0,5.46,0.0,462.229
11.3,11.64,6.5,0.0,614.3580000000001
11.1,8.64,8.0,0.0,700.092
11.6,6.48,10.3,0.0,727.5369999999999
14.1,2.4,13.85,0.0,706.4939999999999
10.3,0.84,13.04,0.0,608.12
10.6,2.76,13.12,0.0,451.889
10.9,2.16,11.73,0.0,225.583
8.3,1.92,5.69,0.0,50.6496
13.8,1.92,7.46,0.0,0.0
15.4,1.8,7.63,0.0,0.0
17.9,4.2,8.22,0.0,0.0
12.4,2.76,4.65,0.0,0.0
14.0,0.36,4.72,0.0,0.0
9.3,0.6,2.35,0.0,0.0
13.2,0.6,3.55,0.0,0.0
9.0,1.08,2.06,0.0,0.0
8.4,0.24,1.7,0.0,0.0
11.6,0.12,2.61,0.0,0.0
6.8,0.24,1.42,0.0,0.0
15.2,1.08,3.58,0.0,0.0
12.7,8.88,2.26,0.0,0.0
9.6,9.12,1.73,0.0,0.0
17.9,9.84,5.71,0.0,126.407
12.2,15.12,4.81,0.0,259.66200000000003
16.5,6.12,7.85,0.0,356.744
12.7,6.12,7.09,0.0,432.737
13.6,1.68,8.57,0.0,453.391
13.6,9.84,10.29,0.0,458.542
11.8,0.72,10.08,0.0,439.101
10.9,2.28,9.5,0.0,313.35200000000003
10.2,3.12,7.41,0.0,141.297
16.2,2.16,8.38,0.0,18.6361
14.3,2.28,6.25,0.0,0.0
16.1,1.56,6.02,0.0,0.0
20.0,1.8,7.45,0.0,0.0
11.5,1.2,2.98,0.0,0.0
13.3,1.56,3.18,0.0,0.0
19.5,0.6,5.32,0.0,0.0
10.2,0.24,1.31,0.0,0.0
9.9,1.44,0.93,0.0,0.0
10.1,0.6,0.72,0.0,0.0
11.8,0.48,0.81,0.0,0.0
9.8,0.12,0.51,0.0,0.0
12.8,0.36,0.6,0.0,0.0
10.7,8.76,0.49,0.0,0.0
13.5,5.64,1.16,0.0,0.0
12.6,5.04,2.74,0.0,239.573
12.3,15.0,5.04,0.0,453.547
13.3,18.36,7.17,0.0,577.516
11.8,17.52,8.05,0.0,654.112
13.9,8.52,10.26,0.0,676.8330000000001
13.0,13.8,9.69,0.0,523.55
13.4,7.08,10.52,0.0,447.152
13.2,2.64,9.91,0.0,295.566
13.7,0.6,8.66,0.0,131.766
12.4,10.8,5.76,0.0,17.6522
15.2,5.52,6.38,0.0,0.0
19.7,3.6,7.99,0.0,0.0
16.2,2.76,5.49,0.0,0.0
20.9,3.12,7.68,0.0,0.0
15.9,1.8,4.89,0.0,0.0
14.3,0.72,4.19,0.0,0.0
9.3,3.0,2.15,0.0,0.0
11.0,5.76,2.87,0.0,0.0
9.5,2.64,2.38,0.0,0.0
15.0,1.32,4.42,0.0,0.0
10.0,0.0,2.19,0.0,0.0
9.8,0.24,2.38,0.0,0.0
10.0,0.36,2.15,0.0,0.0
14.0,3.84,5.29,0.0,0.0
13.8,6.72,6.77,0.0,167.454
12.5,9.84,8.23,0.0,370.872
16.6,11.64,10.84,0.0,389.716
10.2,4.44,7.95,0.0,444.539
10.4,8.28,9.72,0.0,475.773
10.1,3.96,12.66,0.0,571.2130000000001
12.9,3.36,17.15,0.0,463.672
9.5,11.16,15.76,0.0,379.912
11.6,3.12,16.29,0.0,201.564
13.6,4.44,12.76,0.0,30.4076
14.3,2.4,12.09,0.0,0.0
14.0,3.24,10.04,0.0,0.0
14.4,5.4,7.92,0.0,0.0
15.2,6.84,7.19,0.0,0.0
14.6,2.88,6.23,0.0,0.0
14.0,2.04,5.13,0.0,0.0
13.9,2.04,4.42,0.0,0.0
9.8,0.36,2.16,0.0,0.0
9.0,0.0,1.31,0.0,0.0
7.1,0.12,0.88,0.0,0.0
7.6,0.12,0.85,0.0,0.0
9.2,0.84,0.74,0.0,0.0
13.3,1.8,1.03,0.0,0.0
11.4,11.4,1.52,0.0,0.0
15.6,10.8,3.43,0.0,166.658
12.5,17.64,5.02,0.0,305.708
9.2,10.08,5.4,0.0,399.185
14.0,5.52,8.03,0.0,369.539
12.6,3.48,8.44,0.0,350.32300000000004
12.2,2.76,8.72,0.0,271.658
12.1,1.2,8.77,0.0,196.291
11.9,2.16,9.44,0.0,123.521
18.2,1.44,15.84,0.0,43.6345
13.7,3.36,10.9,0.0,3.71688
14.9,4.08,12.1,0.0,0.0
16.8,1.56,13.26,0.0,0.0
14.6,3.12,10.11,0.0,0.0
14.8,2.16,9.91,0.0,0.0
11.0,0.84,6.08,0.0,0.0
12.3,0.24,6.39,0.0,0.0
10.4,1.2,5.67,0.0,0.0
16.9,0.96,10.44,0.0,0.0
10.8,0.12,5.73,0.0,0.0
15.7,0.12,9.32,0.0,0.0
6.4,0.0,3.57,0.0,0.0
9.3,0.36,5.33,0.0,0.0
12.2,2.76,6.12,0.0,0.0
15.7,20.4,8.81,0.0,0.0
13.5,9.6,8.38,0.0,215.403
12.8,7.32,9.48,0.0,382.388
16.0,16.92,12.16,0.0,549.602
13.1,9.12,10.19,0.0,543.261
12.0,3.72,11.75,0.0,586.081
13.9,15.24,16.0,0.0,691.4689999999999
11.1,4.2,15.4,0.0,603.475
12.8,3.6,16.67,0.0,429.962
11.0,9.36,12.06,0.0,230.641
10.6,2.52,7.01,0.0,38.2717
16.6,0.36,8.84,0.0,0.0
16.7,1.44,7.14,0.0,0.0
14.1,3.0,4.55,0.0,0.0
16.7,1.44,4.6,0.0,0.0
14.4,2.4,2.55,0.0,0.0
12.8,1.2,1.68,0.0,0.0
7.0,2.4,0.58,0.0,0.0
8.9,0.48,0.5,0.0,0.0
10.9,0.24,0.54,0.0,0.0
9.9,0.24,0.32,0.0,0.0
9.2,0.0,0.17,0.0,0.0
11.6,1.32,0.32,0.0,0.0
11.8,3.48,0.27,0.0,0.0
14.2,11.76,0.78,0.0,53.7145
13.6,15.6,1.38,0.0,229.93
8.0,19.2,1.17,0.0,367.425
13.0,8.88,2.48,0.0,412.356
14.3,21.72,3.83,0.0,509.432
18.3,6.12,6.74,0.0,520.935
11.7,1.2,4.9,0.0,473.0580000000001
8.5,2.28,3.96,0.0,384.656
10.7,0.72,4.51,0.0,270.86400000000003
9.5,1.44,3.62,0.0,134.105
11.0,1.8,3.34,0.0,22.1583
14.1,5.64,4.32,0.0,0.0
14.8,2.04,4.11,0.0,0.0
17.2,2.28,4.27,0.0,0.0
14.4,4.92,2.64,0.0,0.0
13.8,0.96,2.21,0.0,0.0
14.1,0.36,1.93,0.0,0.0
12.5,0.96,1.21,0.0,0.0
8.9,0.48,0.85,0.0,0.0
14.5,0.12,1.18,0.0,0.0
8.0,1.8,0.61,0.0,0.0
7.9,0.12,0.73,0.0,0.0
7.6,3.12,0.64,0.0,0.0
10.2,7.2,0.78,0.0,0.0
14.8,20.52,1.34,0.0,21.8814
15.3,9.96,1.48,0.0,69.4151
14.7,5.16,1.8,0.0,134.185
13.6,15.48,2.05,0.0,194.051
16.2,4.08,3.49,0.0,205.132
11.7,12.24,2.88,0.0,258.98
13.4,2.64,3.89,0.0,233.549
18.3,0.48,6.3,0.0,203.029
11.4,6.6,3.74,0.0,161.612
12.1,3.96,3.61,0.0,60.8344
14.9,5.04,4.35,0.0,8.1813
17.0,2.16,5.46,0.0,0.0
14.8,4.32,4.11,0.0,0.0
16.7,3.72,4.28,0.0,0.0
13.4,4.08,2.46,0.0,0.0
14.5,3.12,2.04,0.0,0.0
13.1,3.84,1.03,0.0,0.0
10.5,1.32,0.5,0.0,0.0
10.9,0.36,0.34,0.0,0.0
8.5,0.6,0.09,0.0,0.0
11.9,0.0,0.28,0.0,0.0
11.5,0.24,0.19,0.0,0.0
12.2,1.92,0.23,0.0,0.0
12.7,5.04,0.31,0.0,0.0
15.3,23.52,0.39,0.0,8.696069999999999
15.8,1.44,0.41,0.0,38.5269
13.8,19.8,0.36,0.0,72.1154
13.6,1.2,0.32,0.0,108.741
11.5,4.56,0.36,0.0,155.023
13.8,1.44,0.5,0.0,143.039
11.4,8.4,0.24,0.0,127.737
11.0,0.96,0.22,0.0,91.3073
16.5,0.72,0.41,0.0,56.9175
12.0,5.04,0.03,0.0,19.9116
16.1,3.72,0.44,0.0,5.84203
18.3,3.48,0.56,0.0,0.0
15.7,0.84,0.31,0.0,0.0
16.6,1.92,0.47,0.0,0.0
13.2,1.08,0.25,0.0,0.0
14.7,4.92,0.32,0.0,0.0
13.4,0.6,0.34,0.0,0.0
12.5,0.6,0.22,0.0,0.0
12.0,3.12,0.22,0.0,0.0
8.2,0.48,0.11,0.0,0.0
8.3,1.68,0.04,0.0,0.0
12.3,0.12,0.22,0.0,0.0
11.0,0.0,0.18,0.0,0.0
13.7,2.88,0.25,0.0,0.0
11.8,10.68,0.18,0.0,15.8218
14.8,5.4,0.47,0.0,86.8187
10.7,18.36,0.44,0.0,220.734
12.0,21.0,0.99,0.0,357.465
11.0,5.4,1.3,0.0,487.589
13.2,2.76,2.16,0.0,537.095
15.9,1.2,4.67,0.0,517.455
15.5,6.72,5.9,0.0,406.992
11.2,5.4,4.65,0.0,287.319
13.2,2.88,5.03,0.0,135.379
13.5,3.96,3.57,0.0,25.1097
14.5,1.8,3.56,0.0,0.0
16.1,1.68,4.05,0.0,0.0
16.4,2.04,3.66,0.0,0.0
19.4,1.56,4.79,0.0,0.0
14.3,3.72,2.37,0.0,0.0
10.8,2.4,1.14,0.0,0.0
10.0,0.6,0.96,0.0,0.0
13.2,3.48,1.34,0.0,0.0
12.7,0.24,1.1,0.0,0.0
11.1,0.12,0.88,0.0,0.0
8.2,0.0,0.75,0.0,0.0
12.3,0.24,0.87,0.0,0.0
14.1,1.32,1.07,0.0,0.0
14.8,5.76,1.37,0.0,14.3982
13.8,15.36,1.29,0.0,74.9971
10.2,5.4,1.23,0.0,147.469
12.0,16.2,1.96,0.0,232.508
12.9,11.28,3.33,0.0,314.225
14.9,10.92,5.59,0.0,326.468
16.0,2.16,6.91,0.0,287.301
13.8,5.64,6.61,0.0,224.289
14.9,3.72,7.77,0.0,153.282
10.4,4.32,5.13,0.0,56.9165
12.0,7.44,5.83,0.0,9.98519
14.5,2.04,7.64,0.0,0.0
18.7,2.04,9.99,0.0,0.0
15.4,0.84,7.13,0.0,0.0
12.8,2.04,5.59,0.0,0.0
16.6,3.84,7.97,0.0,0.0
12.8,1.44,5.46,0.0,0.0
13.1,6.36,6.17,0.0,0.0
11.9,1.08,5.69,0.0,0.0
11.4,0.36,5.21,0.0,0.0
11.1,0.12,5.0,0.0,0.0
9.0,0.0,4.03,0.0,0.0
12.9,0.96,7.27,0.0,0.0
11.8,4.68,6.77,0.0,0.0
13.4,9.72,8.56,0.0,7.80092
9.1,11.88,5.52,0.0,30.0726
10.6,13.8,6.46,0.0,50.3082
10.3,24.96,6.13,0.0,61.5832
11.8,3.36,7.81,0.0,108.022
11.5,5.76,8.23,0.0,123.64
11.6,3.72,8.57,0.0,125.373
11.7,0.84,8.32,0.0,105.175
15.9,1.08,10.41,0.0,52.9776
14.2,0.72,8.46,0.0,19.1847
15.0,0.84,9.69,0.0,8.55621
12.5,3.72,7.68,0.0,0.0
18.1,2.76,10.6,0.0,0.0
16.6,3.6,8.12,0.0,0.0
22.3,2.04,10.94,0.0,0.0
16.6,1.2,4.63,0.0,0.0
8.0,1.56,1.17,0.0,0.0
8.3,0.84,1.18,0.0,0.0
9.3,1.8,1.12,0.0,0.0
8.9,0.36,0.93,0.0,0.0
10.0,2.04,0.71,0.0,0.0
9.4,2.88,0.56,0.0,0.0
9.1,2.88,0.45,0.0,0.0
8.8,3.0,0.22,0.0,0.0
15.4,27.48,0.62,0.0,27.803
12.3,6.24,0.38,0.0,65.7319
12.7,10.8,0.29,0.0,113.13
13.1,13.2,0.37,0.0,143.97899999999998
8.8,9.96,0.06,0.0,131.24200000000002
13.3,2.28,0.24,0.0,142.10299999999998
13.1,7.32,0.29,0.0,134.755
13.4,0.84,0.21,0.0,113.49
11.2,12.6,0.0,0.0,66.6828
10.7,6.24,0.0,0.0,21.8214
13.9,2.28,0.0,0.0,11.3193
13.1,2.16,0.0,0.0,0.0
17.3,0.6,0.02,0.0,0.0
16.0,1.8,0.0,0.0,0.0
15.4,6.24,0.0,0.0,0.0
16.5,2.76,0.0,0.0,0.0
17.7,0.72,0.0,0.0,0.0
9.1,1.92,0.0,0.0,0.0
8.0,0.24,0.0,0.0,0.0
9.4,0.0,0.0,0.0,0.0
9.7,0.24,0.0,0.0,0.0
11.4,0.0,0.0,0.0,0.0
15.1,3.48,0.0,0.0,0.0
8.2,2.28,0.0,0.0,0.0
16.4,15.24,0.0,0.0,34.5148
14.0,11.88,0.0,0.0,94.4056
10.9,14.4,0.0,0.0,158.406
11.0,11.64,0.0,0.0,218.96
8.4,20.16,0.0,0.0,218.257
11.9,2.28,0.0,0.0,298.916
12.4,0.6,0.12,0.0,275.505
11.9,0.84,0.31,0.0,231.297
12.8,0.96,0.46,0.0,187.727
15.1,2.4,0.47,0.0,88.8634
12.1,3.0,0.33,0.0,18.6565
18.5,5.28,0.54,0.0,0.0
11.7,2.52,0.02,0.0,0.0
19.3,1.2,0.5,0.0,0.0
15.0,4.32,0.18,0.0,0.0
12.7,4.2,0.0,0.0,0.0
15.0,0.84,0.22,0.0,0.0
13.0,0.84,0.04,0.0,0.0
12.4,0.12,0.0,0.0,0.0
7.9,0.0,0.0,0.0,0.0
11.8,1.92,0.0,0.0,0.0
12.9,0.0,0.0,0.0,0.0
11.6,0.72,0.0,0.0,0.0
18.4,10.08,0.1,0.0,0.0
11.4,22.32,0.08,0.0,57.8769
19.6,11.16,0.8,0.0,199.775
12.7,4.56,0.69,0.0,335.832
11.7,13.32,1.2,0.0,446.399
10.1,8.64,1.51,0.0,516.085
14.0,7.68,3.05,0.0,561.918
15.4,2.16,4.52,0.0,475.904
14.0,1.08,4.61,0.0,399.611
14.7,3.84,5.09,0.0,280.445
13.2,0.84,4.42,0.0,164.338
15.4,1.2,4.38,0.0,36.0294
16.7,1.92,4.26,0.0,0.0
17.7,1.08,4.0,0.0,0.0
14.1,2.64,1.95,0.0,0.0
16.7,4.68,2.5,0.0,0.0
14.5,1.32,1.56,0.0,0.0
10.8,1.32,0.82,0.0,0.0
8.3,2.04,0.54,0.0,0.0
11.5,1.08,0.77,0.0,0.0
8.4,2.88,0.57,0.0,0.0
11.0,0.12,0.77,0.0,0.0
7.8,0.36,0.52,0.0,0.0
10.0,0.72,0.6,0.0,0.0
11.7,9.24,0.75,0.0,0.0
17.3,15.0,1.71,0.0,38.2631
14.1,6.72,1.61,0.0,144.805
12.2,21.72,2.02,0.0,220.549
13.3,4.08,3.67,0.0,311.954
14.5,15.24,5.82,0.0,345.208
11.2,5.04,6.03,0.0,377.839
9.9,10.2,6.4,0.0,361.033
15.1,2.76,9.86,0.0,336.545
13.8,2.04,9.53,0.0,243.704
11.4,3.96,7.58,0.0,135.778
15.9,8.52,9.77,0.0,29.2164
19.9,7.8,12.5,0.0,0.0
19.7,0.6,11.31,0.0,0.0
15.9,1.8,7.65,0.0,0.0
14.4,2.4,6.75,0.0,0.0
15.0,0.6,6.65,0.0,0.0
13.2,0.84,5.15,0.0,0.0
9.6,0.6,3.16,0.0,0.0
7.7,3.0,2.12,0.0,0.0
6.6,0.24,1.61,0.0,0.0
8.7,0.36,2.04,0.0,0.0
7.0,0.12,1.47,0.0,0.0
11.7,1.32,2.56,0.0,0.0
12.1,0.48,3.41,0.0,0.0
11.6,6.36,10.74,0.0,70.055
10.6,5.4,16.74,0.0,317.925
11.5,8.76,20.37,0.0,541.8969999999999
9.7,24.36,20.58,0.0,699.062
10.3,17.76,22.53,0.0,747.6160000000001
18.5,13.08,34.82,0.0,750.954
13.3,3.48,32.69,0.0,708.5930000000001
12.6,9.6,36.07,0.0,615.205
17.9,1.32,43.26,0.0,471.577
9.6,5.28,29.73,0.0,270.993
14.9,3.6,31.27,0.0,62.8172
13.5,4.8,26.83,0.0,0.0
13.6,2.76,25.38,0.0,0.0
11.1,7.08,20.75,0.0,0.0
19.4,1.68,30.73,0.0,0.0
11.5,1.68,17.43,0.0,0.0
10.0,0.96,14.0,0.0,0.0
7.9,0.6,10.85,0.0,0.0
5.8,0.96,8.38,0.0,0.0
6.2,0.12,8.5,0.0,0.0
5.5,0.12,7.45,0.0,0.0
7.0,0.12,8.51,0.0,0.0
7.4,1.2,8.6,0.0,0.0
11.9,2.4,13.15,0.0,0.0
9.5,1.68,13.7,0.0,45.3566
10.8,7.56,17.52,0.0,199.066
8.3,12.12,16.9,0.0,335.469
9.4,18.36,21.6,0.0,448.251
8.9,11.04,23.53,0.0,561.067
10.7,0.96,29.2,0.0,581.621
17.1,4.32,40.3,0.0,546.22
11.0,3.84,29.53,0.0,430.334
11.1,6.48,30.33,0.0,341.65
14.1,1.92,34.63,0.0,201.129
11.2,6.12,27.32,0.0,47.5721
11.4,3.12,26.79,0.0,0.0
18.4,3.0,36.59,0.0,0.0
16.2,5.28,32.0,0.0,0.0
13.3,2.04,27.41,0.0,0.0
12.9,3.72,26.4,0.0,0.0
12.1,0.36,23.95,0.0,0.0
5.5,1.8,12.62,0.0,0.0
9.2,0.24,9.07,0.0,0.0
5.6,0.36,2.24,0.0,0.0
5.6,0.0,1.61,0.0,0.0
5.3,0.12,1.15,0.0,0.0
6.8,0.36,0.96,0.0,0.0
12.5,3.36,1.68,0.0,0.0
15.7,10.2,3.38,0.0,50.2135
9.9,26.04,1.85,0.0,212.157
8.1,1.56,2.01,0.0,362.45
13.6,11.4,4.75,0.0,507.612
13.5,7.92,5.24,0.0,606.612
11.1,3.6,5.13,0.0,625.065
13.4,4.08,6.71,0.0,621.07
11.0,3.84,6.14,0.0,530.138
7.8,2.28,4.74,0.0,396.33
12.9,1.2,6.07,0.0,220.908
9.6,3.72,3.32,0.0,52.1713
14.4,4.32,4.85,0.0,0.0
14.9,2.28,4.45,0.0,0.0
16.5,10.08,4.49,0.0,0.0
15.5,2.52,3.73,0.0,0.0
13.2,1.68,2.52,0.0,0.0
11.4,0.96,1.61,0.0,0.0
5.9,0.36,0.87,0.0,0.0
10.7,3.48,1.14,0.0,0.0
6.7,0.12,0.8,0.0,0.0
7.4,0.0,0.87,0.0,0.0
4.7,0.24,0.6,0.0,0.0
10.5,3.6,1.02,0.0,0.0
8.5,3.0,0.91,0.0,0.0
12.8,17.76,2.05,0.0,49.9988
12.3,5.04,3.11,0.0,206.784
12.3,15.36,5.55,0.0,353.431
12.3,13.08,8.05,0.0,502.04
7.6,14.52,7.96,0.0,584.688
13.3,0.84,14.24,0.0,615.382
10.3,0.24,15.74,0.0,594.197
13.3,2.64,23.34,0.0,533.254
11.4,0.96,23.38,0.0,384.168
11.1,4.44,23.16,0.0,208.469
11.7,0.48,21.78,0.0,48.5017
15.3,2.64,26.18,0.0,0.0
11.3,2.64,20.03,0.0,0.0
13.2,2.64,22.53,0.0,0.0
16.3,2.4,28.42,0.0,0.0
16.8,3.48,26.77,0.0,0.0
10.0,2.4,12.71,0.0,0.0
10.0,0.36,9.7,0.0,0.0
8.0,1.92,4.86,0.0,0.0
5.1,1.8,2.0,0.0,0.0
6.8,0.0,1.91,0.0,0.0
10.1,0.48,2.63,0.0,0.0
9.6,1.32,1.94,0.0,0.0
10.8,5.04,1.86,0.0,0.0
11.8,10.92,4.29,0.0,61.8467
12.0,6.12,5.8,0.0,269.999
8.3,0.48,5.05,0.0,468.187
13.2,15.24,8.51,0.0,643.91
10.7,14.28,8.2,0.0,767.196
10.3,9.36,9.0,0.0,833.3330000000001
14.9,6.0,12.75,0.0,823.0319999999999
15.5,0.96,14.67,0.0,757.12
13.6,3.96,14.79,0.0,616.965
12.7,1.68,13.91,0.0,407.395
5.7,0.84,5.01,0.0,136.215
14.6,1.8,5.64,0.0,0.0
16.1,3.84,5.27,0.0,0.0
13.8,4.8,3.25,0.0,0.0
11.2,3.36,1.79,0.0,0.0
18.4,0.84,3.65,0.0,0.0
12.1,0.24,1.1,0.0,0.0
12.9,2.4,0.94,0.0,0.0
6.5,0.36,0.43,0.0,0.0
8.2,0.48,0.3,0.0,0.0
8.5,0.0,0.27,0.0,0.0
10.8,0.24,0.35,0.0,0.0
9.5,0.6,0.15,0.0,0.0
9.0,2.64,0.12,0.0,0.0
11.9,11.52,0.38,0.0,57.6286
8.8,7.44,0.31,0.0,227.766
15.0,11.52,1.25,0.0,398.648
8.9,27.12,0.77,0.0,519.637
13.9,3.12,1.04,0.0,619.3969999999999
14.2,0.84,1.54,0.0,665.5260000000001
12.2,0.48,1.89,0.0,688.95
17.4,0.6,3.91,0.0,615.196
9.8,2.76,2.95,0.0,527.065
10.2,1.68,2.64,0.0,310.328
10.0,1.56,1.38,0.0,77.47
14.4,1.32,1.15,0.0,0.0
17.3,3.24,1.15,0.0,0.0
10.6,2.52,0.6,0.0,0.0
12.4,1.56,0.74,0.0,0.0
8.6,0.84,0.3,0.0,0.0
9.1,0.36,0.2,0.0,0.0
6.4,2.4,0.06,0.0,0.0
13.6,0.48,0.36,0.0,0.0
12.2,0.36,0.31,0.0,0.0
7.5,0.24,0.03,0.0,0.0
6.7,0.12,0.0,0.0,0.0
9.4,7.32,0.03,0.0,0.0
9.7,9.96,0.06,0.0,0.0
12.8,9.96,0.55,0.0,71.3526
16.9,12.96,2.81,0.0,306.933
12.1,10.44,2.66,0.0,492.444
7.9,5.04,2.09,0.0,655.082
14.6,1.32,4.88,0.0,745.898
17.3,9.36,7.34,0.0,779.347
13.6,6.12,7.37,0.0,779.3610000000001
12.9,4.32,8.64,0.0,654.754
14.7,7.08,10.71,0.0,496.622
10.0,5.28,7.56,0.0,279.656
12.3,1.2,7.03,0.0,90.0863
15.7,2.76,6.92,0.0,0.0
15.4,1.44,6.19,0.0,0.0
16.7,1.8,6.39,0.0,0.0
14.2,2.16,4.74,0.0,0.0
14.0,0.96,4.0,0.0,0.0
8.8,0.72,1.76,0.0,0.0
10.1,0.36,1.76,0.0,0.0
7.8,0.36,1.05,0.0,0.0
8.3,0.12,1.07,0.0,0.0
10.0,0.12,1.08,0.0,0.0
8.0,0.48,0.86,0.0,0.0
7.8,0.0,0.83,0.0,0.0
8.2,2.16,0.87,0.0,0.0
10.5,6.84,3.95,0.0,75.0495
10.8,7.2,7.01,0.0,321.35900000000004
12.0,4.68,10.25,0.0,518.092
8.6,16.92,9.51,0.0,601.613
10.7,12.0,10.83,0.0,692.3430000000001
11.6,7.92,13.06,0.0,713.709
14.6,3.12,16.84,0.0,680.13
13.8,2.28,18.33,0.0,633.466
15.5,3.36,21.74,0.0,479.594
9.3,5.04,15.06,0.0,278.096
9.9,3.6,11.99,0.0,70.7243
11.6,7.92,12.06,0.0,0.0
12.5,1.32,11.96,0.0,0.0
11.0,0.84,8.68,0.0,0.0
18.6,2.88,13.34,0.0,0.0
13.4,2.04,7.41,0.0,0.0
8.4,0.84,3.58,0.0,0.0
7.7,1.92,3.02,0.0,0.0
6.2,0.6,2.38,0.0,0.0
8.4,2.28,2.71,0.0,0.0
6.1,3.12,1.48,0.0,0.0
9.0,0.12,1.93,0.0,0.0
7.0,0.36,1.37,0.0,0.0
10.4,4.56,2.34,0.0,0.0
10.6,4.08,5.57,0.0,62.2293
13.7,13.68,11.44,0.0,267.582
8.0,10.2,12.04,0.0,459.244
7.8,15.96,14.11,0.0,607.509
8.5,9.48,16.46,0.0,701.934
10.6,3.48,20.15,0.0,657.248
13.9,4.32,25.67,0.0,679.2739999999999
15.0,4.68,30.27,0.0,601.722
11.7,1.08,27.92,0.0,453.48
15.8,6.0,31.44,0.0,274.422
13.4,1.92,24.05,0.0,69.8489
13.5,3.6,21.82,0.0,0.0
17.5,2.76,24.6,0.0,0.0
16.6,4.92,21.13,0.0,0.0
18.5,1.56,21.15,0.0,0.0
12.0,2.76,11.05,0.0,0.0
9.6,0.96,7.43,0.0,0.0
4.5,1.32,3.84,0.0,0.0
9.2,0.24,6.21,0.0,0.0
7.5,0.24,4.76,0.0,0.0
4.4,0.12,2.81,0.0,0.0
10.1,0.24,5.28,0.0,0.0
9.4,2.64,4.62,0.0,0.0
10.6,2.16,5.29,0.0,0.0
10.5,17.76,7.54,0.0,65.2114
11.4,19.8,12.2,0.0,228.851
10.4,3.84,16.86,0.0,467.701
12.6,12.84,21.6,0.0,615.5419999999999
11.6,2.52,17.89,0.0,614.6030000000001
10.7,2.76,16.15,0.0,613.261
12.0,9.36,20.04,0.0,575.031
8.9,5.76,17.57,0.0,522.33
11.4,1.32,19.05,0.0,372.485
11.7,0.84,16.0,0.0,221.215
10.6,1.8,10.86,0.0,49.6867
14.0,7.44,12.29,0.0,0.0
11.0,6.72,7.89,0.0,0.0
14.4,4.44,9.37,0.0,0.0
13.1,3.84,7.0,0.0,0.0
15.1,1.08,7.31,0.0,0.0
11.1,0.48,4.04,0.0,0.0
9.8,3.96,2.87,0.0,0.0
8.6,2.76,2.17,0.0,0.0
8.6,0.12,1.8,0.0,0.0
6.9,0.12,1.21,0.0,0.0
5.0,0.0,0.8,0.0,0.0
7.8,4.08,0.66,0.0,0.0
9.9,3.72,0.73,0.0,0.0
15.0,21.0,1.89,0.0,65.9488
14.4,6.96,2.05,0.0,216.223
6.5,15.48,1.13,0.0,366.779
10.5,6.6,2.14,0.0,484.485
9.0,9.6,2.14,0.0,598.9490000000001
10.5,4.32,3.11,0.0,616.212
10.2,0.48,3.63,0.0,589.37
9.8,0.72,3.43,0.0,503.221
10.1,0.72,3.19,0.0,364.104
11.2,7.44,3.0,0.0,198.954
9.5,2.16,1.62,0.0,44.2444
11.8,1.2,1.92,0.0,0.0
14.6,3.96,2.52,0.0,0.0
12.5,3.36,1.61,0.0,0.0
15.0,1.56,2.03,0.0,0.0
12.1,1.2,0.87,0.0,0.0
8.7,0.6,0.43,0.0,0.0
8.9,0.48,0.45,0.0,0.0
7.4,0.24,0.45,0.0,0.0
7.1,1.56,0.33,0.0,0.0
6.2,0.36,0.31,0.0,0.0
8.1,0.24,0.36,0.0,0.0
7.8,3.36,0.24,0.0,0.0
10.0,3.72,0.51,0.0,0.0
9.6,14.64,0.57,0.0,68.2188
13.2,3.24,1.1,0.0,207.801
12.9,3.96,1.41,0.0,362.398
7.7,8.4,0.85,0.0,482.693
7.9,11.28,1.1,0.0,566.591
8.1,2.64,1.35,0.0,620.047
9.7,3.48,1.75,0.0,596.92
11.5,2.28,2.51,0.0,517.93
14.3,3.12,3.34,0.0,369.474
13.2,1.68,2.52,0.0,214.402
13.4,4.32,1.82,0.0,46.4017
7.4,3.0,0.88,0.0,0.0
16.3,2.76,1.58,0.0,0.0
15.4,8.76,1.21,0.0,0.0
13.0,3.36,0.87,0.0,0.0
16.7,1.32,0.77,0.0,0.0
9.9,1.08,0.35,0.0,0.0
9.5,0.48,0.32,0.0,0.0
6.9,0.6,0.06,0.0,0.0
7.7,0.12,0.14,0.0,0.0
6.3,0.24,0.05,0.0,0.0
9.0,0.12,0.12,0.0,0.0
9.8,0.84,0.25,0.0,0.0
9.8,6.12,0.25,0.0,0.0
14.0,11.4,0.65,0.0,76.5185
13.2,12.6,1.31,0.0,251.6
9.6,7.08,1.69,0.0,467.655
14.7,30.48,3.64,0.0,610.734
12.4,12.96,4.46,0.0,717.732
10.1,0.36,5.47,0.0,697.669
10.8,1.44,7.34,0.0,730.8789999999999
11.0,1.2,9.83,0.0,618.433
12.2,0.72,13.06,0.0,519.5840000000001
8.2,0.84,10.25,0.0,310.713
8.5,2.04,7.48,0.0,114.293
14.1,2.04,7.72,0.0,0.0
15.0,3.84,7.36,0.0,0.0
12.7,2.16,4.99,0.0,0.0
10.8,0.96,3.48,0.0,0.0
12.1,0.84,3.14,0.0,0.0
11.1,0.0,2.04,0.0,0.0
11.0,0.0,1.44,0.0,0.0
7.7,1.08,0.83,0.0,0.0
6.7,0.24,0.67,0.0,0.0
8.2,0.12,0.59,0.0,0.0
11.7,0.12,0.74,0.0,0.0
9.6,10.2,0.53,0.0,0.0
7.5,8.76,0.4,0.0,0.0
14.0,8.88,4.06,0.0,89.4961
11.9,2.76,6.83,0.0,347.082
10.3,6.96,8.58,0.0,580.475
11.8,11.28,10.64,0.0,754.31
10.8,4.92,11.11,0.0,795.9060000000001
13.8,14.16,15.23,0.0,815.6
11.9,5.64,16.45,0.0,785.183
11.7,3.24,19.13,0.0,681.934
13.3,0.72,22.45,0.0,519.2230000000001
9.6,4.2,18.36,0.0,288.991
13.6,4.8,19.94,0.0,101.08
15.1,1.8,18.86,0.0,0.0
17.0,1.8,19.95,0.0,0.0
17.7,0.48,19.79,0.0,0.0
17.1,1.68,18.43,0.0,0.0
15.6,2.4,15.77,0.0,0.0
7.5,1.2,7.09,0.0,0.0
11.8,0.0,9.52,0.0,0.0
10.5,0.48,6.49,0.0,0.0
8.0,0.24,3.35,0.0,0.0
11.3,0.36,3.78,0.0,0.0
9.1,0.0,2.1,0.0,0.0
11.8,0.12,2.43,0.0,0.0
13.4,3.12,3.53,0.0,0.0
11.9,7.92,9.35,0.0,92.2409
14.3,4.8,13.63,0.0,374.918
9.5,11.88,10.73,0.0,601.124
8.8,25.2,9.7,0.0,759.045
13.2,12.84,12.48,0.0,833.3330000000001
13.0,9.48,14.67,0.0,833.3330000000001
11.9,1.56,15.96,0.0,833.3330000000001
13.5,2.28,21.27,0.0,766.7189999999999
10.3,4.92,22.56,0.0,638.422
10.2,5.16,23.45,0.0,405.374
12.0,5.4,18.88,0.0,170.833
15.5,7.92,15.15,0.0,0.0
14.3,0.84,11.17,0.0,0.0
14.0,1.08,9.79,0.0,0.0
13.8,0.48,8.0,0.0,0.0
10.9,1.92,4.52,0.0,0.0
8.0,0.72,2.66,0.0,0.0
7.5,0.48,1.98,0.0,0.0
7.8,2.52,1.43,0.0,0.0
4.3,0.24,0.93,0.0,0.0
5.4,0.12,0.83,0.0,0.0
8.6,0.12,0.86,0.0,0.0
9.4,0.12,0.96,0.0,0.0
10.2,1.44,1.41,0.0,0.0
12.8,4.2,7.81,0.0,93.0818
14.5,6.36,14.82,0.0,360.92
7.8,22.32,13.25,0.0,563.231
9.0,7.08,14.6,0.0,696.3430000000001
12.2,12.72,18.8,0.0,775.806
10.8,5.16,20.28,0.0,814.967
12.1,3.24,23.6,0.0,757.2280000000001
12.8,0.84,28.39,0.0,640.557
11.6,1.2,28.05,0.0,453.763
14.4,2.4,29.7,0.0,241.947
15.3,2.88,27.93,0.0,51.4444
11.6,3.36,21.31,0.0,0.0
20.1,2.64,29.98,0.0,0.0
9.1,0.84,13.96,0.0,0.0
7.5,4.08,10.11,0.0,0.0
9.7,2.88,10.57,0.0,0.0
11.7,0.48,11.1,0.0,0.0
9.7,0.24,8.33,0.0,0.0
11.8,0.12,9.84,0.0,0.0
10.5,0.48,8.47,0.0,0.0
6.1,0.12,4.96,0.0,0.0
6.4,0.24,5.19,0.0,0.0
9.4,0.72,6.84,0.0,0.0
8.7,0.48,7.73,0.0,0.0
12.7,23.04,15.29,0.0,75.3544
13.6,20.16,20.66,0.0,263.995
15.2,3.84,28.02,0.0,455.759
11.7,15.36,27.2,0.0,613.372
11.9,3.12,29.71,0.0,706.569
9.2,3.6,28.24,0.0,738.243
7.5,0.84,28.55,0.0,693.9010000000001
9.5,11.28,35.18,0.0,638.76
12.3,1.8,39.7,0.0,488.892
9.4,2.16,33.66,0.0,284.414
11.0,3.12,31.91,0.0,89.7966
10.8,5.04,27.72,0.0,0.0
15.3,1.2,31.6,0.0,0.0
14.8,7.8,28.19,0.0,0.0
18.5,3.24,30.07,0.0,0.0
14.6,1.92,21.77,0.0,0.0
11.1,0.96,15.49,0.0,0.0
8.3,0.72,10.98,0.0,0.0
7.1,0.12,9.5,0.0,0.0
7.9,0.24,9.83,0.0,0.0
6.0,0.0,7.72,0.0,0.0
10.4,0.48,11.27,0.0,0.0
9.0,1.68,9.0,0.0,0.0
8.6,3.0,9.19,0.0,0.0
11.7,19.08,14.29,0.0,67.5743
10.4,4.2,15.59,0.0,220.139
11.4,14.04,20.3,0.0,357.974
6.5,10.2,17.27,0.0,537.5409999999999
12.6,17.28,30.73,0.0,676.038
10.8,5.04,31.74,0.0,755.6619999999999
13.0,1.2,38.09,0.0,767.9
13.9,4.44,41.88,0.0,659.177
14.0,0.36,40.84,0.0,476.08
9.9,2.4,32.53,0.0,274.617
9.2,0.6,27.32,0.0,69.8876
11.4,11.52,27.03,0.0,0.0
18.5,1.8,34.13,0.0,0.0
16.9,5.04,29.32,0.0,0.0
15.5,1.8,25.88,0.0,0.0
15.2,1.32,24.1,0.0,0.0
12.7,0.84,19.66,0.0,0.0
11.9,1.92,18.15,0.0,0.0
9.8,1.8,14.86,0.0,0.0
5.3,0.12,9.14,0.0,0.0
7.7,0.12,10.85,0.0,0.0
7.2,0.24,9.47,0.0,0.0
8.8,0.48,10.63,0.0,0.0
7.5,4.08,9.76,0.0,0.0
13.6,17.28,21.4,0.0,81.8821
13.7,10.56,27.45,0.0,255.631
12.1,1.68,30.33,0.0,441.1
8.8,6.48,28.02,0.0,583.446
9.0,4.44,30.3,0.0,708.697
12.5,8.4,37.8,0.0,748.01
11.0,7.32,38.0,0.0,735.545
14.0,3.84,45.98,0.0,696.1389999999999
8.3,3.48,39.57,0.0,539.144
14.9,3.84,46.27,0.0,337.991
9.8,5.28,34.49,0.0,112.771
12.6,3.48,32.68,0.0,0.0
14.6,5.88,32.74,0.0,0.0
10.8,4.32,24.91,0.0,0.0
16.7,3.6,31.63,0.0,0.0
16.7,0.96,29.6,0.0,0.0
11.0,0.84,19.91,0.0,0.0
7.5,3.72,14.09,0.0,0.0
7.1,0.24,12.98,0.0,0.0
11.7,0.48,18.33,0.0,0.0
8.9,0.12,13.56,0.0,0.0
7.9,0.96,11.77,0.0,0.0
12.8,1.32,18.19,0.0,0.0
13.3,1.2,19.57,0.0,0.0
11.7,17.64,21.58,0.0,84.1887
12.8,9.72,29.06,0.0,272.518
7.1,15.36,27.39,0.0,513.206
11.4,19.08,38.26,0.0,728.0239999999999
11.1,3.48,39.53,0.0,833.3330000000001
12.4,0.36,42.6,0.0,833.3330000000001
11.5,2.16,43.71,0.0,792.737
16.7,0.72,52.5,0.0,657.421
10.6,0.6,44.4,0.0,497.477
8.2,0.84,38.27,0.0,283.766
10.5,2.88,37.37,0.0,81.0278
14.0,7.32,38.95,0.0,0.0
16.3,1.8,39.69,0.0,0.0
15.8,1.68,36.26,0.0,0.0
11.7,0.6,28.82,0.0,0.0
15.0,0.84,33.38,0.0,0.0
9.4,0.12,23.36,0.0,0.0
7.1,2.16,17.81,0.0,0.0
7.7,0.24,12.44,0.0,0.0
10.8,0.96,10.63,0.0,0.0
7.8,0.0,6.02,0.0,0.0
7.4,0.12,4.62,0.0,0.0
9.8,7.2,5.09,0.0,0.0
13.2,17.28,8.06,0.0,0.0
8.3,8.16,8.45,0.0,90.9822
10.7,9.6,11.29,0.0,319.53
14.2,4.8,14.27,0.0,511.875
7.7,4.44,11.2,0.0,682.1519999999999
16.3,7.92,18.56,0.0,750.383
12.9,10.2,17.6,0.0,766.367
13.2,4.44,21.23,0.0,725.2660000000001
15.0,6.24,26.31,0.0,664.575
16.4,2.76,28.3,0.0,507.04
11.2,3.72,21.22,0.0,285.323
16.0,3.36,23.08,0.0,92.2402
14.7,1.32,18.49,0.0,0.0
16.9,1.92,18.67,0.0,0.0
14.1,4.2,13.63,0.0,0.0
13.2,1.44,10.91,0.0,0.0
12.4,2.4,6.89,0.0,0.0
8.8,1.08,3.96,0.0,0.0
7.3,0.12,2.99,0.0,0.0
7.3,0.36,2.45,0.0,0.0
8.5,0.12,2.42,0.0,0.0
9.6,0.0,2.11,0.0,0.0
5.7,0.0,1.24,0.0,0.0
10.1,0.12,2.17,0.0,0.0
10.7,0.48,3.05,0.0,0.0
9.5,6.12,5.43,0.0,90.1713
12.8,17.16,10.86,0.0,300.231
12.3,25.08,13.24,0.0,502.468
9.8,17.76,12.21,0.0,649.821
10.1,6.96,14.24,0.0,737.711
12.7,4.8,18.03,0.0,751.797
12.2,3.36,20.94,0.0,718.278
14.7,4.8,27.68,0.0,662.36
8.7,1.44,21.96,0.0,501.639
13.8,2.76,24.45,0.0,282.258
10.4,8.28,17.89,0.0,79.6241
18.2,14.16,23.61,0.0,0.0
18.2,2.04,22.2,0.0,0.0
14.9,4.56,16.82,0.0,0.0
11.9,3.0,12.15,0.0,0.0
11.1,1.2,10.58,0.0,0.0
12.6,0.72,11.32,0.0,0.0
6.5,0.36,5.78,0.0,0.0
5.8,0.48,5.47,0.0,0.0
6.5,0.36,5.86,0.0,0.0
7.6,0.0,6.26,0.0,0.0
8.0,0.12,6.86,0.0,0.0
11.6,0.0,9.74,0.0,0.0
11.6,0.36,9.65,0.0,0.0
8.5,3.84,7.55,0.0,69.4444
11.6,5.52,11.19,0.0,186.081
10.8,23.04,13.8,0.0,326.215
12.4,7.56,19.3,0.0,423.364
8.9,11.88,15.05,0.0,507.677
12.5,2.04,20.21,0.0,514.415
13.7,5.88,24.24,0.0,471.198
13.3,2.04,26.28,0.0,430.779
14.5,1.44,29.72,0.0,345.06199999999995
8.3,3.36,18.44,0.0,186.254
13.6,6.0,24.07,0.0,37.3379
15.1,3.24,25.43,0.0,0.0
15.7,3.12,24.29,0.0,0.0
14.3,8.28,20.96,0.0,0.0
15.3,1.44,21.66,0.0,0.0
11.7,1.2,14.62,0.0,0.0
10.0,1.08,11.8,0.0,0.0
9.5,0.6,11.29,0.0,0.0
6.8,0.48,8.45,0.0,0.0
9.4,0.36,10.36,0.0,0.0
5.5,0.24,6.39,0.0,0.0
8.8,0.24,8.72,0.0,0.0
8.7,1.92,7.99,0.0,0.0
11.5,7.32,10.93,0.0,0.0
13.5,19.08,14.06,0.0,76.2194
10.5,15.96,10.68,0.0,199.946
6.6,7.92,9.16,0.0,342.254
15.7,11.64,20.69,0.0,473.648
12.0,3.6,19.24,0.0,569.465
10.1,0.72,19.6,0.0,676.943
10.4,2.52,22.44,0.0,637.221
10.8,4.68,26.03,0.0,556.087
10.3,1.08,27.48,0.0,456.457
13.4,1.92,30.12,0.0,279.092
11.6,3.24,24.73,0.0,83.0142
15.4,4.2,26.67,0.0,0.0
15.7,3.12,25.23,0.0,0.0
12.6,7.56,19.44,0.0,0.0
17.2,2.4,23.06,0.0,0.0
12.4,2.04,15.12,0.0,0.0
18.8,1.32,22.01,0.0,0.0
12.5,1.2,12.01,0.0,0.0
9.9,2.64,7.9,0.0,0.0
7.3,1.2,5.56,0.0,0.0
6.6,0.0,5.13,0.0,0.0
8.7,1.2,6.19,0.0,0.0
9.8,0.72,6.98,0.0,0.0
13.7,3.48,10.89,0.0,0.0
15.6,26.04,14.73,0.0,77.2564
10.2,3.72,12.14,0.0,212.466
11.2,13.8,16.78,0.0,326.611
11.6,5.76,20.79,0.0,450.151
10.0,6.6,20.04,0.0,505.099
11.6,1.92,24.67,0.0,481.596
8.8,0.24,23.61,0.0,490.952
12.0,1.68,30.43,0.0,419.024
8.3,0.96,24.01,0.0,312.277
12.2,2.16,27.82,0.0,158.644
11.6,2.52,25.43,0.0,30.7834
11.9,10.2,24.91,0.0,0.0
13.5,1.8,25.93,0.0,0.0
14.2,3.96,24.98,0.0,0.0
12.5,1.8,21.42,0.0,0.0
9.0,2.4,15.49,0.0,0.0
17.8,0.6,27.09,0.0,0.0
15.4,4.2,22.0,0.0,0.0
7.5,1.2,10.33,0.0,0.0
5.6,0.36,6.7,0.0,0.0
8.3,0.12,7.38,0.0,0.0
6.1,0.36,4.74,0.0,0.0
10.9,4.8,6.39,0.0,0.0
13.2,6.36,7.21,0.0,0.0
15.1,11.28,8.73,0.0,80.922
12.9,10.32,6.55,0.0,213.025
8.7,2.52,4.05,0.0,326.536
6.0,9.36,2.91,0.0,458.609
9.3,9.6,4.42,0.0,557.3290000000001
14.5,7.32,7.74,0.0,673.5889999999999
15.6,3.84,9.2,0.0,681.183
12.5,1.68,8.41,0.0,614.439
12.3,1.68,9.35,0.0,514.623
13.1,1.08,9.15,0.0,303.78700000000003
7.6,1.08,3.88,0.0,93.4885
10.5,5.64,3.71,0.0,0.0
11.3,1.56,3.28,0.0,0.0
13.0,4.8,3.43,0.0,0.0
13.0,6.72,3.07,0.0,0.0
14.0,1.56,2.13,0.0,0.0
17.0,1.2,2.3,0.0,0.0
14.1,2.64,1.42,0.0,0.0
8.5,1.08,0.6,0.0,0.0
8.4,0.0,0.37,0.0,0.0
5.7,0.0,0.2,0.0,0.0
8.0,0.36,0.19,0.0,0.0
7.7,1.32,0.13,0.0,0.0
9.0,5.52,0.27,0.0,0.0
7.2,12.12,0.84,0.0,116.172
16.3,14.04,4.74,0.0,385.03
10.9,9.36,4.4,0.0,629.3430000000001
7.2,20.16,3.75,0.0,796.145
10.6,13.8,5.89,0.0,833.3330000000001
11.3,1.56,7.71,0.0,833.3330000000001
11.1,0.36,9.41,0.0,833.3330000000001
13.4,1.92,13.54,0.0,798.908
8.0,2.04,12.79,0.0,652.6419999999999
13.8,2.16,17.32,0.0,423.86800000000005
10.8,3.36,11.43,0.0,144.305
15.0,3.0,8.68,0.0,0.0
16.2,0.48,7.39,0.0,0.0
15.2,1.8,6.43,0.0,0.0
13.5,3.72,5.05,0.0,0.0
9.8,2.64,2.7,0.0,0.0
9.6,0.72,1.99,0.0,0.0
6.0,2.16,0.9,0.0,0.0
6.0,3.24,0.7,0.0,0.0
9.1,0.24,0.89,0.0,0.0
5.7,0.12,0.51,0.0,0.0
6.4,0.24,0.44,0.0,0.0
10.2,6.24,0.69,0.0,0.0
7.8,18.0,0.84,0.0,0.0
9.2,13.32,4.98,0.0,118.562
11.0,8.76,8.41,0.0,400.895
12.3,10.32,10.8,0.0,616.288
12.4,3.0,11.26,0.0,781.336
8.9,3.48,10.09,0.0,833.3330000000001
12.9,7.92,14.53,0.0,833.3330000000001
10.6,6.36,14.94,0.0,833.3330000000001
9.7,0.24,16.04,0.0,742.987
13.1,2.16,20.24,0.0,523.749
11.6,0.96,17.24,0.0,271.356
13.7,7.44,16.4,0.0,43.5179
13.5,3.12,14.89,0.0,0.0
17.8,1.92,18.24,0.0,0.0
10.9,4.68,9.97,0.0,0.0
15.8,2.4,13.2,0.0,0.0
10.1,0.96,7.17,0.0,0.0
7.8,0.84,5.19,0.0,0.0
8.4,0.48,5.17,0.0,0.0
5.7,1.44,3.88,0.0,0.0
12.8,0.0,7.9,0.0,0.0
7.1,2.28,4.29,0.0,0.0
9.4,0.0,5.47,0.0,0.0
9.8,2.64,5.28,0.0,0.0
7.7,3.6,7.1,0.0,0.0
11.0,14.28,19.27,0.0,114.105
13.0,7.32,25.98,0.0,381.065
6.7,11.88,21.88,0.0,602.356
5.1,12.0,20.97,0.0,754.617
11.4,5.88,30.23,0.0,833.3330000000001
10.1,6.72,31.81,0.0,833.3330000000001
13.0,1.08,38.29,0.0,830.545
13.0,2.88,42.73,0.0,754.841
12.8,4.2,44.92,0.0,630.368
9.8,9.48,40.12,0.0,418.725
12.3,5.64,38.02,0.0,146.795
11.3,1.56,29.57,0.0,0.0
11.0,0.48,25.68,0.0,0.0
12.1,1.8,24.2,0.0,0.0
12.8,1.8,22.98,0.0,0.0
9.1,0.72,15.75,0.0,0.0
7.9,0.96,12.41,0.0,0.0
8.5,1.32,11.51,0.0,0.0
4.7,0.12,6.78,0.0,0.0
8.3,1.32,9.13,0.0,0.0
5.7,0.24,6.6,0.0,0.0
11.8,0.12,11.65,0.0,0.0
10.5,1.44,9.59,0.0,0.0
10.3,0.84,12.94,0.0,0.0
10.4,7.32,21.69,0.0,113.979
11.0,17.88,24.99,0.0,357.64
10.3,20.88,26.79,0.0,539.085
6.3,7.2,23.29,0.0,703.693
11.3,11.04,32.77,0.0,793.095
14.2,9.48,38.52,0.0,824.505
14.0,1.32,40.56,0.0,822.816
10.9,3.36,40.03,0.0,753.725
10.7,7.8,40.69,0.0,604.126
10.4,5.28,39.29,0.0,400.65
10.1,3.72,34.41,0.0,143.888
13.8,4.44,32.95,0.0,0.0
12.1,3.96,27.99,0.0,0.0
14.4,1.92,28.96,0.0,0.0
14.2,1.08,26.3,0.0,0.0
13.1,0.72,22.4,0.0,0.0
8.3,0.84,14.75,0.0,0.0
5.1,0.12,9.64,0.0,0.0
5.5,0.48,9.36,0.0,0.0
6.5,0.36,10.53,0.0,0.0
8.0,0.72,10.71,0.0,0.0
6.9,0.24,7.86,0.0,0.0
8.7,2.64,7.06,0.0,0.0
7.4,5.76,4.1,0.0,0.0
10.1,8.16,5.23,0.0,106.031
11.6,7.92,6.15,0.0,270.587
10.7,11.16,6.49,0.0,515.314
9.6,2.88,5.95,0.0,679.191
10.7,2.04,6.42,0.0,793.3610000000001
15.0,3.84,8.62,0.0,822.193
11.1,2.76,7.07,0.0,797.862
7.4,1.44,6.08,0.0,723.076
8.7,1.68,6.97,0.0,554.682
8.4,1.08,6.33,0.0,342.216
11.4,2.64,5.37,0.0,102.953
12.4,4.44,3.59,0.0,0.0
15.5,3.24,3.7,0.0,0.0
14.0,2.4,2.04,0.0,0.0
12.4,1.8,0.98,0.0,0.0
11.4,0.48,0.78,0.0,0.0
7.5,1.32,0.39,0.0,0.0
5.6,0.24,0.16,0.0,0.0
7.6,0.36,0.27,0.0,0.0
7.0,0.0,0.12,0.0,0.0
6.9,0.24,0.07,0.0,0.0
6.5,0.36,0.04,0.0,0.0
6.4,1.68,0.0,0.0,0.0
11.3,10.32,0.4,0.0,0.0
10.4,15.48,0.42,0.0,114.474
9.8,11.88,0.32,0.0,281.555
11.5,15.96,0.74,0.0,425.761
9.0,4.08,0.68,0.0,544.663
9.8,3.48,0.87,0.0,633.377
12.6,0.96,1.35,0.0,622.498
9.0,5.88,1.2,0.0,610.105
11.0,5.16,1.42,0.0,533.623
10.3,2.4,1.72,0.0,380.253
6.4,1.44,1.02,0.0,214.61900000000003
10.0,5.16,1.0,0.0,55.53
12.5,0.72,1.03,0.0,0.0
11.8,1.8,0.82,0.0,0.0
10.9,1.68,0.69,0.0,0.0
15.0,0.72,1.06,0.0,0.0
7.9,1.56,0.51,0.0,0.0
6.1,0.84,0.39,0.0,0.0
10.0,0.12,0.71,0.0,0.0
6.5,1.2,0.44,0.0,0.0
8.8,0.36,0.56,0.0,0.0
4.6,0.36,0.33,0.0,0.0
7.8,1.08,0.39,0.0,0.0
6.2,2.88,0.34,0.0,0.0
9.5,15.12,0.74,0.0,0.0
14.3,23.64,2.06,0.0,113.963
13.7,21.0,3.23,0.0,282.331
10.9,2.16,3.73,0.0,452.458
6.1,11.16,2.59,0.0,556.008
8.9,2.16,3.84,0.0,616.7130000000001
11.2,1.92,5.62,0.0,581.581
13.8,0.48,7.62,0.0,570.061
8.8,1.32,6.39,0.0,518.172
8.7,1.2,7.04,0.0,399.27
11.2,0.96,8.59,0.0,223.836
11.6,1.2,8.32,0.0,55.3368
13.4,3.0,9.05,0.0,0.0
10.1,1.32,5.93,0.0,0.0
10.7,6.36,5.97,0.0,0.0
13.4,2.4,7.67,0.0,0.0
9.1,1.44,4.34,0.0,0.0
7.6,1.2,3.24,0.0,0.0
4.1,0.12,1.64,0.0,0.0
5.3,0.84,1.79,0.0,0.0
8.3,0.12,2.74,0.0,0.0
9.5,1.56,3.05,0.0,0.0
8.9,0.24,2.63,0.0,0.0
11.4,2.64,3.55,0.0,0.0
13.8,9.36,5.37,0.0,0.0
11.1,13.44,5.69,0.0,111.135
9.0,19.44,5.3,0.0,266.243
11.3,4.8,6.99,0.0,403.442
12.5,4.32,8.04,0.0,512.665
10.2,2.76,7.03,0.0,606.091
11.0,4.92,7.35,0.0,592.1080000000001
12.8,2.16,8.78,0.0,584.984
10.3,0.72,7.09,0.0,513.362
16.0,1.56,10.15,0.0,378.485
9.1,0.84,4.82,0.0,210.709
10.0,0.96,4.19,0.0,52.5062
12.9,0.84,4.75,0.0,0.0
14.3,0.96,4.77,0.0,0.0
11.7,0.72,2.78,0.0,0.0
12.6,1.44,2.8,0.0,0.0
10.9,0.48,2.06,0.0,0.0
11.2,0.24,1.86,0.0,0.0
7.9,0.48,1.11,0.0,0.0
6.6,0.48,0.94,0.0,0.0
8.2,0.0,0.91,0.0,0.0
10.3,0.36,1.13,0.0,0.0
5.1,0.24,0.7,0.0,0.0
8.7,5.16,0.85,0.0,0.0
11.0,5.64,1.58,0.0,0.0
11.8,9.48,2.47,0.0,114.486
9.7,9.6,2.61,0.0,284.247
12.5,19.2,4.2,0.0,415.739
9.5,20.64,3.94,0.0,484.299
10.8,0.96,5.42,0.0,612.6619999999999
11.3,1.68,6.52,0.0,672.211
10.6,1.44,6.89,0.0,652.9159999999999
12.2,0.48,8.94,0.0,559.558
9.2,6.12,9.25,0.0,449.578
7.0,0.6,7.73,0.0,278.92900000000003
8.4,2.4,6.67,0.0,89.4342
15.6,2.88,9.61,0.0,0.0
14.9,3.12,8.27,0.0,0.0
9.8,0.84,4.31,0.0,0.0
9.2,1.68,3.76,0.0,0.0
10.1,0.36,3.31,0.0,0.0
8.8,3.6,2.28,0.0,0.0
9.5,0.0,2.22,0.0,0.0
6.5,2.52,1.19,0.0,0.0
10.0,0.6,1.6,0.0,0.0
9.2,0.24,1.42,0.0,0.0
7.6,0.0,1.11,0.0,0.0
11.3,0.72,1.71,0.0,0.0
10.1,8.76,2.22,0.0,0.0
10.8,15.72,4.82,0.0,120.466
10.5,5.28,7.94,0.0,319.04
7.4,11.28,8.28,0.0,525.185
8.9,13.56,10.11,0.0,655.395
11.5,2.88,13.31,0.0,742.324
10.4,14.88,14.51,0.0,779.44
10.7,2.64,17.43,0.0,732.427
13.9,7.44,25.09,0.0,642.243
12.2,2.16,24.97,0.0,473.55
7.8,11.04,19.98,0.0,300.538
13.3,4.56,23.76,0.0,92.0994
10.2,3.24,17.2,0.0,0.0
9.4,2.4,14.64,0.0,0.0
13.0,1.08,17.02,0.0,0.0
13.2,1.56,15.69,0.0,0.0
8.3,0.72,8.7,0.0,0.0
6.4,0.6,6.24,0.0,0.0
5.7,1.32,5.05,0.0,0.0
4.5,0.6,3.69,0.0,0.0
4.2,0.72,3.01,0.0,0.0
4.9,0.24,2.94,0.0,0.0
9.1,0.12,4.45,0.0,0.0
9.6,1.2,3.82,0.0,0.0
7.2,0.72,4.67,0.0,0.0
11.1,3.48,10.8,0.0,123.373
12.0,12.48,17.64,0.0,332.26300000000003
7.2,16.44,15.99,0.0,541.315
8.8,9.84,17.24,0.0,647.101
11.7,14.16,20.81,0.0,743.993
9.9,14.04,20.44,0.0,727.927
12.2,4.68,26.71,0.0,700.345
6.1,0.6,22.89,0.0,635.9540000000001
13.2,3.6,34.02,0.0,482.55
11.0,1.44,31.49,0.0,293.338
12.2,5.16,29.15,0.0,86.36200000000001
18.3,0.84,30.99,0.0,0.0
15.9,1.68,25.62,0.0,0.0
14.2,2.76,21.14,0.0,0.0
8.7,1.2,12.15,0.0,0.0
6.9,1.44,8.57,0.0,0.0
5.1,1.56,5.58,0.0,0.0
6.3,0.24,5.7,0.0,0.0
7.4,0.12,5.39,0.0,0.0
10.0,0.36,5.91,0.0,0.0
8.2,0.12,3.95,0.0,0.0
6.1,0.12,2.62,0.0,0.0
8.1,3.6,3.27,0.0,0.0
10.2,9.72,9.46,0.0,0.0
10.0,14.52,15.5,0.0,136.262
10.9,13.2,19.06,0.0,400.492
11.9,23.4,20.82,0.0,610.535
10.5,3.0,20.11,0.0,726.6439999999999
10.1,2.28,21.6,0.0,808.436
12.1,3.24,27.56,0.0,770.9019999999999
14.0,3.48,34.1,0.0,757.943
9.1,0.72,32.57,0.0,720.459
7.1,2.04,32.82,0.0,544.258
11.5,0.96,37.68,0.0,316.982
15.5,0.6,38.15,0.0,86.5689
10.3,3.0,26.33,0.0,0.0
15.4,3.12,29.81,0.0,0.0
16.3,3.0,28.64,0.0,0.0
9.7,0.84,18.18,0.0,0.0
11.4,0.96,18.15,0.0,0.0
5.0,0.24,9.15,0.0,0.0
6.0,0.36,9.0,0.0,0.0
5.2,0.24,7.33,0.0,0.0
8.5,0.24,9.5,0.0,0.0
9.9,0.24,10.66,0.0,0.0
11.0,0.48,11.71,0.0,0.0
9.5,1.68,10.02,0.0,0.0
12.3,7.44,14.49,0.0,0.0
11.1,7.68,15.29,0.0,112.296
9.3,7.08,15.89,0.0,257.11
7.3,6.96,14.27,0.0,397.351
7.1,5.04,17.0,0.0,500.022
11.8,0.96,25.28,0.0,588.055
11.7,4.44,25.92,0.0,639.43
13.0,0.72,30.67,0.0,609.7869999999999
6.9,3.0,24.85,0.0,524.4490000000001
10.4,3.72,32.16,0.0,442.24
7.5,0.24,27.95,0.0,274.754
13.5,2.88,33.4,0.0,87.2161
11.2,3.0,24.38,0.0,0.0
13.0,1.2,24.22,0.0,0.0
9.5,4.56,17.71,0.0,0.0
9.2,1.8,15.5,0.0,0.0
10.6,0.72,15.32,0.0,0.0
6.0,0.6,8.28,0.0,0.0
12.2,0.36,12.71,0.0,0.0
4.3,0.36,4.73,0.0,0.0
4.5,1.2,4.7,0.0,0.0
8.9,0.12,7.68,0.0,0.0
8.2,0.36,6.84,0.0,0.0
9.4,3.36,7.77,0.0,0.0
12.7,11.28,13.08,0.0,0.0
10.9,21.12,15.29,0.0,128.569
6.2,9.84,12.55,0.0,314.735
10.9,3.6,18.06,0.0,456.885
7.7,5.28,14.62,0.0,567.6990000000001
10.0,2.88,17.75,0.0,610.408
11.1,2.04,21.65,0.0,798.674
7.6,0.96,21.07,0.0,833.3330000000001
11.8,0.6,30.84,0.0,824.086
10.9,1.2,31.99,0.0,694.538
9.4,2.76,30.48,0.0,503.119
11.8,2.04,27.42,0.0,197.954
13.6,2.88,18.95,0.0,0.0
11.4,3.84,13.7,0.0,0.0
12.2,10.8,12.1,0.0,0.0
8.0,3.48,6.31,0.0,0.0
7.5,1.08,4.56,0.0,0.0
8.2,0.72,3.75,0.0,0.0
8.6,0.24,3.04,0.0,0.0
7.8,0.36,2.15,0.0,0.0
11.2,0.12,2.83,0.0,0.0
13.8,0.12,3.51,0.0,0.0
6.7,0.36,1.19,0.0,0.0
9.9,0.48,1.47,0.0,0.0
13.0,16.32,5.61,0.0,0.0
8.8,14.64,9.03,0.0,154.69799999999998
9.4,25.8,11.16,0.0,429.473
10.2,5.52,12.06,0.0,644.435
9.5,4.32,10.71,0.0,790.5889999999999
11.2,4.2,11.82,0.0,833.3330000000001
11.5,7.32,14.1,0.0,833.3330000000001
15.1,0.84,19.65,0.0,833.3330000000001
10.8,1.08,20.36,0.0,798.5939999999999
11.1,0.36,24.01,0.0,616.38
14.2,1.08,28.47,0.0,378.611
12.1,4.32,22.79,0.0,143.747
11.8,1.8,15.51,0.0,0.0
12.9,2.4,14.06,0.0,0.0
13.1,3.6,11.83,0.0,0.0
11.4,0.96,8.12,0.0,0.0
9.1,0.96,5.15,0.0,0.0
9.1,0.72,4.12,0.0,0.0
5.9,0.24,2.26,0.0,0.0
5.2,0.12,1.48,0.0,0.0
10.6,0.12,2.43,0.0,0.0
10.8,0.0,2.0,0.0,0.0
6.7,0.36,0.88,0.0,0.0
12.5,8.28,1.74,0.0,0.0
10.8,4.32,4.41,0.0,0.0
12.0,5.52,10.86,0.0,148.16899999999998
6.4,5.64,11.11,0.0,426.709
12.0,10.08,14.94,0.0,634.539
10.5,20.52,13.35,0.0,748.8969999999999
9.5,3.6,13.26,0.0,794.0830000000001
12.6,0.24,17.61,0.0,808.557
11.7,4.56,20.12,0.0,784.398
9.9,1.32,23.23,0.0,725.732
9.3,4.56,25.35,0.0,562.8580000000001
9.4,2.88,26.49,0.0,369.265
13.1,3.24,27.57,0.0,133.839
9.6,4.32,17.02,0.0,0.0
10.2,2.88,16.12,0.0,0.0
10.8,4.8,15.54,0.0,0.0
8.7,2.16,11.8,0.0,0.0
7.4,0.96,9.5,0.0,0.0
7.4,3.12,8.66,0.0,0.0
5.6,0.48,6.47,0.0,0.0
10.1,0.12,9.59,0.0,0.0
11.1,0.0,9.79,0.0,0.0
8.3,0.12,6.7,0.0,0.0
11.3,0.12,8.67,0.0,0.0
10.6,1.08,8.08,0.0,0.0
9.6,7.2,10.63,0.0,0.0
11.0,12.0,15.2,0.0,133.009
11.5,10.92,17.99,0.0,297.956
10.7,11.76,20.38,0.0,449.861
10.8,4.08,21.41,0.0,573.622
10.5,2.16,21.28,0.0,601.6030000000001
10.0,6.84,22.07,0.0,649.552
11.1,2.64,26.87,0.0,636.515
11.7,4.08,30.92,0.0,561.336
6.5,0.96,25.33,0.0,456.149
9.3,12.24,29.2,0.0,268.836
10.0,3.24,28.04,0.0,85.2758
15.1,2.16,30.55,0.0,0.0
12.7,3.6,25.37,0.0,0.0
16.1,3.6,29.28,0.0,0.0
8.2,1.08,17.51,0.0,0.0
6.2,0.84,14.47,0.0,0.0
6.2,0.48,13.85,0.0,0.0
5.2,2.52,12.33,0.0,0.0
4.8,0.24,11.29,0.0,0.0
6.8,0.24,14.02,0.0,0.0
6.8,0.24,13.84,0.0,0.0
7.7,0.24,15.51,0.0,0.0
10.2,0.24,19.47,0.0,0.0
11.3,0.72,21.62,0.0,0.0
11.1,5.28,23.38,0.0,124.128
10.3,14.4,27.8,0.0,297.905
7.7,22.56,28.63,0.0,502.991
9.4,14.64,32.04,0.0,617.988
10.7,8.28,35.02,0.0,712.797
10.6,7.08,36.8,0.0,759.6360000000001
9.5,4.08,35.02,0.0,664.0989999999999
14.3,1.56,41.03,0.0,568.9259999999999
9.2,4.68,33.98,0.0,391.234
11.6,3.0,35.09,0.0,229.08900000000003
15.5,3.36,37.09,0.0,74.8952
15.8,3.24,32.54,0.0,0.0
14.2,1.56,27.64,0.0,0.0
11.0,1.8,21.72,0.0,0.0
8.3,2.64,16.19,0.0,0.0
7.5,1.08,12.73,0.0,0.0
8.1,3.0,11.66,0.0,0.0
4.9,0.36,6.7,0.0,0.0
5.3,0.24,4.15,0.0,0.0
7.9,0.0,3.74,0.0,0.0
7.6,0.12,2.62,0.0,0.0
8.8,1.2,2.38,0.0,0.0
8.1,0.72,1.78,0.0,0.0
16.2,8.52,5.12,0.0,0.0
13.7,15.6,4.42,0.0,127.118
12.0,3.48,4.84,0.0,288.525
10.9,11.52,5.83,0.0,461.471
11.8,6.48,6.54,0.0,573.91
10.3,2.04,5.92,0.0,658.936
11.6,1.44,6.89,0.0,637.002
10.9,1.2,6.91,0.0,608.672
10.4,0.36,6.86,0.0,530.189
6.3,2.88,4.32,0.0,379.875
8.9,1.08,4.74,0.0,212.854
12.2,0.48,5.41,0.0,55.9339
16.6,3.84,6.05,0.0,0.0
13.9,6.0,4.17,0.0,0.0
11.6,6.6,2.8,0.0,0.0
11.4,2.16,2.17,0.0,0.0
9.5,0.36,1.36,0.0,0.0
6.4,0.72,0.87,0.0,0.0
9.0,0.24,1.03,0.0,0.0
6.9,1.2,0.85,0.0,0.0
5.8,0.24,0.7,0.0,0.0
7.5,0.48,0.69,0.0,0.0
10.4,0.48,0.93,0.0,0.0
7.0,5.28,0.62,0.0,0.0
11.4,9.48,1.67,0.0,0.0
13.4,14.64,5.45,0.0,157.04
11.2,7.32,8.04,0.0,420.781
10.4,5.4,8.46,0.0,653.374
8.1,1.44,7.36,0.0,777.847
13.8,7.44,10.92,0.0,833.3330000000001
11.1,4.92,11.23,0.0,833.3330000000001
10.5,4.2,13.4,0.0,833.3330000000001
6.2,3.96,13.66,0.0,823.19
10.0,0.84,19.93,0.0,655.225
11.2,1.44,21.58,0.0,417.347
10.9,3.36,17.45,0.0,143.275
9.8,3.6,10.22,0.0,0.0
11.3,2.4,9.76,0.0,0.0
13.8,3.12,10.1,0.0,0.0
12.4,1.32,7.37,0.0,0.0
6.6,1.2,3.16,0.0,0.0
13.9,0.12,5.91,0.0,0.0
7.2,0.48,2.46,0.0,0.0
8.6,1.2,2.41,0.0,0.0
8.9,0.12,2.15,0.0,0.0
4.8,0.12,1.22,0.0,0.0
8.4,0.0,1.57,0.0,0.0
12.2,3.24,2.3,0.0,0.0
13.8,12.12,5.77,0.0,0.0
10.0,25.2,10.38,0.0,156.809
10.3,15.12,16.2,0.0,400.974
5.9,5.52,14.97,0.0,617.0509999999999
11.3,8.64,17.97,0.0,767.289
12.0,7.68,20.77,0.0,825.8789999999999
10.9,1.2,23.58,0.0,831.436
10.0,1.44,26.48,0.0,821.133
9.1,0.84,30.33,0.0,708.2610000000001
6.9,3.24,30.37,0.0,526.232
11.0,1.68,34.89,0.0,303.941
13.7,3.72,34.95,0.0,89.0808
11.9,5.64,27.3,0.0,0.0
13.4,2.4,26.02,0.0,0.0
10.6,6.96,19.71,0.0,0.0
9.7,3.24,15.66,0.0,0.0
8.6,1.68,12.29,0.0,0.0
5.9,0.72,8.19,0.0,0.0
5.4,0.6,6.71,0.0,0.0
8.6,0.24,8.36,0.0,0.0
9.0,0.12,8.38,0.0,0.0
11.5,0.24,9.63,0.0,0.0
13.7,0.36,10.83,0.0,0.0
11.9,1.68,9.03,0.0,0.0
10.8,11.4,10.85,0.0,0.0
12.9,3.96,17.08,0.0,153.347
8.4,25.44,15.94,0.0,401.67800000000005
9.2,7.92,17.93,0.0,609.047
10.5,7.68,20.54,0.0,772.462
8.2,0.72,18.82,0.0,833.3330000000001
13.3,3.24,26.36,0.0,833.3330000000001
10.8,4.8,27.41,0.0,775.831
11.0,0.84,32.83,0.0,768.007
10.7,0.36,35.35,0.0,568.784
10.6,1.2,36.0,0.0,367.418
10.2,1.32,32.19,0.0,138.195
13.2,1.56,27.8,0.0,0.0
15.2,1.56,27.47,0.0,0.0
12.5,2.04,22.31,0.0,0.0
11.2,1.8,17.59,0.0,0.0
7.2,0.24,11.13,0.0,0.0
6.9,1.2,9.3,0.0,0.0
9.0,0.48,10.11,0.0,0.0
7.9,0.48,7.79,0.0,0.0
8.7,0.36,6.95,0.0,0.0
5.5,0.6,4.19,0.0,0.0
11.3,0.24,7.79,0.0,0.0
11.8,9.0,7.06,0.0,0.0
16.5,5.16,11.08,0.0,0.0
11.5,1.32,9.95,0.0,130.65200000000002
17.7,6.48,22.23,0.0,321.393
17.7,18.36,30.35,0.0,539.246
10.6,21.48,23.4,0.0,685.422
15.3,4.68,30.25,0.0,745.6210000000001
11.9,0.24,27.88,0.0,754.4889999999999
13.8,0.48,32.27,0.0,707.179
12.7,0.36,33.14,0.0,623.862
8.4,4.2,28.71,0.0,465.35
8.5,1.68,28.66,0.0,281.961
13.5,2.4,31.42,0.0,90.5979
14.7,3.12,27.71,0.0,0.0
10.3,2.04,19.97,0.0,0.0
12.8,1.44,20.85,0.0,0.0
7.5,4.8,12.95,0.0,0.0
8.0,0.6,12.12,0.0,0.0
5.3,0.36,8.39,0.0,0.0
6.3,0.36,8.53,0.0,0.0
7.6,0.72,8.48,0.0,0.0
8.5,0.12,8.51,0.0,0.0
9.4,0.12,9.21,0.0,0.0
8.7,1.32,8.22,0.0,0.0
11.0,2.28,10.08,0.0,0.0
14.3,7.8,16.73,0.0,0.0
11.5,11.04,17.37,0.0,141.007
6.0,8.28,15.87,0.0,330.737
10.3,12.24,24.85,0.0,513.8290000000001
8.9,9.48,25.01,0.0,656.923
13.2,2.88,32.38,0.0,731.932
11.0,2.16,31.01,0.0,720.24
11.3,1.56,33.67,0.0,650.9169999999999
9.7,4.32,35.07,0.0,589.476
10.2,4.56,37.46,0.0,448.249
10.6,4.68,37.34,0.0,270.808
13.6,2.52,37.81,0.0,77.4559
11.0,4.08,29.15,0.0,0.0
10.3,2.52,25.64,0.0,0.0
10.0,7.92,23.59,0.0,0.0
10.7,2.16,22.54,0.0,0.0
9.3,0.6,18.84,0.0,0.0
4.3,0.48,11.98,0.0,0.0
6.5,3.48,14.24,0.0,0.0
6.8,0.24,13.75,0.0,0.0
3.9,0.48,9.74,0.0,0.0
4.7,0.0,10.58,0.0,0.0
11.4,0.12,19.7,0.0,0.0
9.9,1.2,16.97,0.0,0.0
8.0,0.6,15.21,0.0,0.0
11.6,2.4,22.27,0.0,125.327
7.0,14.4,17.42,0.0,258.838
10.4,23.04,24.67,0.0,382.705
10.0,8.28,26.44,0.0,525.51
11.3,4.92,29.24,0.0,605.577
12.2,4.92,29.46,0.0,686.87
9.8,6.12,25.2,0.0,638.318
13.9,3.0,31.05,0.0,548.965
9.1,4.56,24.74,0.0,446.38
10.4,2.76,24.3,0.0,268.199
10.6,5.4,20.98,0.0,87.9959
14.1,5.4,20.09,0.0,0.0
14.7,1.92,18.92,0.0,0.0
13.0,4.2,15.42,0.0,0.0
8.3,5.76,7.88,0.0,0.0
11.4,1.68,8.85,0.0,0.0
8.0,0.96,5.28,0.0,0.0
8.5,0.12,4.93,0.0,0.0
6.0,0.72,3.2,0.0,0.0
4.2,0.12,1.94,0.0,0.0
12.4,0.0,4.35,0.0,0.0
12.2,0.36,3.96,0.0,0.0
6.0,4.32,1.54,0.0,0.0
15.7,4.92,6.14,0.0,0.0
12.7,20.16,5.68,0.0,131.138
5.8,9.84,3.79,0.0,293.685
10.5,6.36,7.51,0.0,444.768
10.9,5.16,8.57,0.0,572.781
9.3,3.6,8.1,0.0,638.365
9.6,4.32,9.55,0.0,698.393
10.8,2.88,13.41,0.0,652.764
10.7,1.08,16.36,0.0,574.505
4.7,2.16,12.75,0.0,471.828
9.1,0.6,17.57,0.0,282.069
14.0,2.88,20.63,0.0,90.9889
11.5,2.4,14.16,0.0,0.0
21.3,1.44,23.5,0.0,0.0
11.8,5.4,11.79,0.0,0.0
12.0,4.2,10.84,0.0,0.0
8.5,0.72,7.0,0.0,0.0
8.0,0.24,5.45,0.0,0.0
5.4,0.24,3.04,0.0,0.0
10.4,0.12,4.78,0.0,0.0
11.5,0.0,4.71,0.0,0.0
5.6,0.24,1.79,0.0,0.0
8.3,0.24,2.15,0.0,0.0
10.4,1.8,2.54,0.0,0.0
11.1,9.24,5.97,0.0,0.0
12.3,11.4,10.47,0.0,175.06900000000002
10.5,10.56,11.6,0.0,448.858
9.6,16.56,11.17,0.0,671.788
7.0,5.4,8.76,0.0,824.512
10.0,3.96,10.69,0.0,833.3330000000001
14.5,2.4,15.67,0.0,833.3330000000001
11.6,3.0,16.31,0.0,833.3330000000001
7.6,4.2,16.9,0.0,833.3330000000001
6.5,0.6,18.55,0.0,654.15
10.7,5.76,23.23,0.0,429.99300000000005
8.6,4.44,18.36,0.0,163.183
15.3,3.24,17.11,0.0,0.0
9.1,2.64,9.42,0.0,0.0
10.5,1.8,9.01,0.0,0.0
12.9,1.08,8.73,0.0,0.0
5.1,0.72,2.9,0.0,0.0
6.1,2.16,2.78,0.0,0.0
6.4,0.24,2.29,0.0,0.0
7.5,0.48,1.98,0.0,0.0
7.3,0.36,1.59,0.0,0.0
5.6,1.92,1.08,0.0,0.0
11.6,0.24,1.85,0.0,0.0
8.5,3.36,1.31,0.0,0.0
13.1,12.72,3.43,0.0,0.0
14.0,23.52,5.93,0.0,162.864
9.9,11.4,5.54,0.0,357.34
8.6,3.72,5.88,0.0,530.368
10.9,10.2,7.37,0.0,647.345
11.3,5.88,7.87,0.0,669.062
11.0,2.88,8.23,0.0,647.62
12.7,1.2,9.82,0.0,617.725
7.5,0.48,7.36,0.0,544.72
11.6,2.16,10.42,0.0,404.429
13.4,2.04,12.26,0.0,231.257
10.9,4.8,8.43,0.0,68.6959
13.3,1.08,8.06,0.0,0.0
15.7,1.2,9.41,0.0,0.0
17.2,10.92,9.98,0.0,0.0
13.7,0.96,6.6,0.0,0.0
9.0,0.48,3.48,0.0,0.0
7.4,1.08,2.76,0.0,0.0
7.9,0.24,2.88,0.0,0.0
7.3,0.36,2.7,0.0,0.0
11.9,0.12,4.32,0.0,0.0
9.9,0.12,3.29,0.0,0.0
10.3,0.6,3.5,0.0,0.0
10.0,4.08,3.5,0.0,0.0
12.2,13.92,6.73,0.0,30.9565
10.2,14.04,8.28,0.0,158.884
13.5,24.84,13.57,0.0,344.409
15.4,4.8,18.16,0.0,509.051
8.7,9.96,13.59,0.0,631.7959999999999
9.4,4.56,15.48,0.0,648.937
8.7,11.52,16.4,0.0,594.394
9.8,1.32,19.61,0.0,541.242
11.5,1.32,23.1,0.0,476.734
9.0,0.72,20.39,0.0,349.779
11.2,0.96,23.81,0.0,199.549
11.6,1.08,23.0,0.0,52.7907
11.4,1.08,20.41,0.0,0.0
15.6,4.44,24.8,0.0,0.0
12.3,1.92,18.86,0.0,0.0
12.0,2.28,18.49,0.0,0.0
10.6,0.48,15.66,0.0,0.0
10.3,1.92,14.37,0.0,0.0
5.4,1.68,8.78,0.0,0.0
7.4,0.96,10.2,0.0,0.0
7.8,0.12,10.51,0.0,0.0
6.7,1.2,9.64,0.0,0.0
7.8,0.0,10.93,0.0,0.0
7.6,2.28,10.68,0.0,0.0
9.9,5.04,14.36,0.0,26.8028
11.3,10.2,17.93,0.0,131.031
12.7,4.68,23.31,0.0,264.285
8.0,12.48,19.42,0.0,398.832
8.9,11.16,19.74,0.0,476.56
10.3,3.72,20.21,0.0,557.116
14.7,0.36,28.66,0.0,572.055
12.4,2.4,25.27,0.0,585.581
9.4,0.6,21.03,0.0,520.039
7.8,0.72,19.3,0.0,425.349
8.0,0.84,17.85,0.0,258.88
13.8,0.96,23.82,0.0,86.3497
12.1,4.56,17.59,0.0,0.0
12.3,3.0,16.44,0.0,0.0
13.2,2.16,16.7,0.0,0.0
10.4,1.68,11.89,0.0,0.0
6.4,1.44,7.48,0.0,0.0
7.1,0.48,7.94,0.0,0.0
5.6,0.72,6.03,0.0,0.0
4.1,0.48,4.52,0.0,0.0
5.6,0.24,5.16,0.0,0.0
8.6,2.4,6.56,0.0,0.0
7.2,0.0,4.79,0.0,0.0
10.8,3.72,6.75,0.0,0.0
11.8,12.24,8.94,0.0,30.9545
8.5,12.84,8.57,0.0,150.549
11.3,7.44,12.72,0.0,319.675
7.4,14.88,11.45,0.0,503.391
11.6,13.44,16.34,0.0,642.626
12.2,2.88,19.45,0.0,766.5219999999999
10.7,2.16,20.55,0.0,832.7610000000001
10.6,4.44,23.8,0.0,773.347
13.7,1.68,32.08,0.0,707.07
12.3,1.92,31.99,0.0,570.923
12.2,6.36,32.47,0.0,375.798
8.4,4.08,24.63,0.0,135.27
9.4,2.64,18.07,0.0,0.0
10.8,2.52,17.09,0.0,0.0
10.8,6.6,14.94,0.0,0.0
9.4,2.16,11.48,0.0,0.0
7.0,1.08,6.56,0.0,0.0
6.9,0.6,5.0,0.0,0.0
8.2,1.8,5.24,0.0,0.0
8.2,0.36,4.44,0.0,0.0
4.8,0.36,2.16,0.0,0.0
5.8,2.52,2.02,0.0,0.0
7.9,0.12,2.56,0.0,0.0
11.3,5.28,3.62,0.0,0.0
10.8,1.44,4.95,0.0,34.7279
9.0,5.4,5.63,0.0,169.273
12.3,18.36,8.84,0.0,361.106
10.0,27.84,9.11,0.0,524.706
7.7,12.48,8.35,0.0,668.921
12.6,8.16,11.74,0.0,771.628
13.2,4.2,14.3,0.0,789.507
12.2,6.0,17.35,0.0,757.466
7.9,3.36,18.52,0.0,711.357
5.8,3.24,20.15,0.0,553.431
12.0,5.4,27.49,0.0,364.357
11.3,8.04,24.57,0.0,131.158
16.1,1.8,23.79,0.0,0.0
16.8,3.96,22.42,0.0,0.0
15.6,3.72,18.44,0.0,0.0
9.9,5.52,10.33,0.0,0.0
11.5,0.72,9.83,0.0,0.0
15.4,0.48,11.67,0.0,0.0
11.0,0.24,6.47,0.0,0.0
10.3,0.24,4.63,0.0,0.0
8.7,0.48,2.99,0.0,0.0
12.1,0.36,3.99,0.0,0.0
7.4,0.36,1.59,0.0,0.0
9.2,1.56,1.95,0.0,0.0
10.5,6.6,6.65,0.0,27.1493
9.5,15.36,11.91,0.0,185.817
7.8,10.08,13.76,0.0,456.343
12.4,12.0,17.26,0.0,659.243
10.3,5.4,14.53,0.0,793.92
11.6,1.44,16.89,0.0,833.3330000000001
11.9,1.8,20.52,0.0,833.3330000000001
10.9,2.4,23.68,0.0,833.3330000000001
9.5,2.04,27.21,0.0,801.67
10.7,2.64,32.54,0.0,627.814
11.4,0.6,36.45,0.0,476.468
12.8,2.28,35.28,0.0,185.036
9.4,5.04,20.94,0.0,0.0
14.9,3.72,24.88,0.0,0.0
10.2,1.32,17.24,0.0,0.0
15.2,2.64,21.19,0.0,0.0
5.7,0.72,8.89,0.0,0.0
5.3,0.6,7.64,0.0,0.0
5.1,1.92,6.71,0.0,0.0
6.3,0.24,6.92,0.0,0.0
5.7,0.12,5.99,0.0,0.0
6.5,0.6,6.16,0.0,0.0
5.1,3.24,4.99,0.0,0.0
10.1,2.04,9.26,0.0,0.0
7.8,11.4,13.33,0.0,24.5658
11.5,10.08,21.58,0.0,179.767
7.9,10.92,20.3,0.0,397.689
8.9,22.08,23.18,0.0,572.741
8.5,6.12,23.71,0.0,673.044
14.3,2.4,33.55,0.0,724.1260000000001
11.4,0.48,31.6,0.0,757.653
8.5,7.56,31.37,0.0,732.796
12.7,8.76,39.98,0.0,635.67
8.9,0.84,35.68,0.0,483.176
8.6,1.8,35.07,0.0,293.383
9.5,5.88,33.14,0.0,108.31
11.8,2.28,29.58,0.0,0.0
12.6,2.52,28.12,0.0,0.0
10.6,0.6,22.94,0.0,0.0
6.4,3.0,15.31,0.0,0.0
5.8,0.48,13.19,0.0,0.0
5.1,0.72,10.79,0.0,0.0
6.4,0.12,10.95,0.0,0.0
4.7,0.48,8.55,0.0,0.0
7.0,0.12,10.78,0.0,0.0
4.6,0.12,8.59,0.0,0.0
9.1,0.6,13.29,0.0,0.0
8.6,7.32,12.85,0.0,0.0
10.3,18.72,20.27,0.0,36.927
9.6,11.28,22.73,0.0,167.392
10.9,3.36,28.77,0.0,345.612
7.9,10.68,28.63,0.0,531.059
10.4,2.88,34.48,0.0,658.784
14.0,7.92,40.97,0.0,738.507
8.8,2.76,34.8,0.0,731.6469999999999
11.3,5.4,41.06,0.0,698.1389999999999
9.9,1.2,41.1,0.0,596.72
7.0,1.92,38.35,0.0,481.177
8.3,2.4,40.29,0.0,294.703
17.5,2.52,49.63,0.0,117.076
12.8,4.68,35.58,0.0,0.0
9.0,4.92,27.95,0.0,0.0
13.4,4.8,32.37,0.0,0.0
12.0,3.12,28.12,0.0,0.0
11.8,10.2,26.1,0.0,0.0
4.5,0.12,14.53,0.0,0.0
7.3,0.12,17.62,0.0,0.0
6.1,1.08,15.13,0.0,0.0
4.6,0.24,12.39,0.0,0.0
5.8,0.96,13.69,0.0,0.0
8.5,0.24,17.31,0.0,0.0
9.9,3.48,19.63,0.0,0.0
8.5,15.24,25.63,0.0,28.74
13.4,4.68,36.49,0.0,180.984
11.0,11.52,35.15,0.0,402.35
11.2,14.28,37.38,0.0,577.745
11.1,6.36,36.97,0.0,704.363
7.4,0.6,31.85,0.0,751.6039999999999
12.4,0.72,40.97,0.0,755.2869999999999
13.1,2.88,44.0,0.0,709.745
12.4,8.76,45.14,0.0,619.514
10.4,0.6,42.65,0.0,471.878
11.3,5.28,43.45,0.0,287.813
14.6,1.56,45.7,0.0,112.517
13.6,3.12,36.95,0.0,0.0
9.6,2.16,28.84,0.0,0.0
8.7,0.84,26.18,0.0,0.0
8.5,2.64,24.28,0.0,0.0
7.5,0.6,21.5,0.0,0.0
5.7,0.0,18.15,0.0,0.0
6.7,2.4,18.63,0.0,0.0
4.8,0.24,14.83,0.0,0.0
6.9,0.12,17.54,0.0,0.0
7.0,1.56,17.24,0.0,0.0
5.4,1.56,14.15,0.0,0.0
9.5,13.32,20.77,0.0,0.0
8.8,3.84,24.55,0.0,40.6886
9.5,9.0,29.54,0.0,170.26
11.3,3.6,35.01,0.0,336.14
11.5,2.88,37.62,0.0,495.99300000000005
11.5,2.4,33.88,0.0,617.514
10.8,3.48,29.83,0.0,619.405
11.5,5.04,34.48,0.0,652.247
12.7,3.0,39.34,0.0,701.199
7.0,7.56,33.96,0.0,619.144
9.3,1.92,38.07,0.0,454.332
12.6,1.44,42.83,0.0,300.117
9.2,1.2,35.66,0.0,113.463
14.8,3.48,36.7,0.0,0.0
11.9,2.88,30.48,0.0,0.0
9.9,4.32,26.23,0.0,0.0
11.5,1.08,27.58,0.0,0.0
5.7,0.72,17.7,0.0,0.0
6.8,1.92,17.62,0.0,0.0
5.7,0.72,14.53,0.0,0.0
7.1,1.44,14.56,0.0,0.0
7.8,2.76,13.27,0.0,0.0
8.4,0.24,11.89,0.0,0.0
9.0,2.28,10.9,0.0,0.0
9.4,3.0,10.16,0.0,0.0
9.1,12.96,11.09,0.0,28.7669
8.3,5.64,10.93,0.0,160.50799999999998
7.6,14.28,11.03,0.0,306.783
10.7,6.24,15.16,0.0,446.794
12.1,6.84,17.16,0.0,545.74
11.2,8.04,16.95,0.0,646.98
10.9,4.68,17.63,0.0,640.69
9.1,4.92,16.46,0.0,589.856
13.2,8.88,22.65,0.0,504.424
12.4,7.92,19.57,0.0,355.61
10.4,1.32,16.03,0.0,220.138
10.9,2.88,15.47,0.0,71.4472
12.5,1.68,14.86,0.0,0.0
14.3,2.52,15.76,0.0,0.0
12.8,2.28,12.83,0.0,0.0
7.9,1.92,7.47,0.0,0.0
9.9,1.2,8.95,0.0,0.0
7.8,0.48,7.23,0.0,0.0
8.8,0.48,8.34,0.0,0.0
8.3,0.24,8.18,0.0,0.0
7.8,0.24,8.28,0.0,0.0
7.3,0.12,8.47,0.0,0.0
8.6,0.24,10.04,0.0,0.0
10.7,0.24,12.08,0.0,0.0
7.8,2.88,9.22,0.0,28.0764
10.4,14.88,10.62,0.0,142.936
7.2,7.8,8.85,0.0,255.381
7.9,1.44,12.11,0.0,403.23
7.7,3.24,13.63,0.0,491.948
11.7,3.96,20.48,0.0,570.404
8.2,0.96,17.79,0.0,570.577
10.2,3.6,24.62,0.0,551.081
8.9,2.64,26.77,0.0,505.017
7.4,4.08,28.11,0.0,399.292
9.4,7.56,34.51,0.0,252.702
12.4,4.56,39.68,0.0,98.2624
12.3,4.44,35.1,0.0,0.0
12.2,1.92,33.68,0.0,0.0
6.9,0.72,25.02,0.0,0.0
12.0,3.0,32.89,0.0,0.0
5.5,1.08,20.47,0.0,0.0
6.6,0.6,21.99,0.0,0.0
8.3,0.12,24.63,0.0,0.0
8.6,2.64,23.91,0.0,0.0
6.5,0.24,19.57,0.0,0.0
5.8,0.12,18.16,0.0,0.0
10.6,0.12,25.46,0.0,0.0
7.3,4.92,17.86,0.0,0.0
10.1,9.0,23.35,0.0,30.8507
10.4,15.36,21.7,0.0,159.524
9.8,9.24,20.1,0.0,308.779
10.9,10.08,22.38,0.0,468.155
9.7,4.08,20.38,0.0,613.036
12.9,0.96,25.14,0.0,728.755
11.8,3.84,24.42,0.0,734.4830000000001
11.5,4.68,26.03,0.0,704.325
8.3,2.28,24.73,0.0,564.054
5.0,1.68,22.51,0.0,440.103
10.7,1.56,30.05,0.0,279.954
14.6,1.68,32.05,0.0,85.7957
11.9,3.6,23.98,0.0,0.0
12.0,0.84,21.9,0.0,0.0
10.2,4.32,18.18,0.0,0.0
11.5,0.84,17.79,0.0,0.0
12.8,1.8,15.59,0.0,0.0
6.7,0.96,7.21,0.0,0.0
8.1,0.36,7.55,0.0,0.0
6.8,0.48,5.43,0.0,0.0
7.6,0.36,4.99,0.0,0.0
6.7,0.36,3.96,0.0,0.0
7.8,6.48,4.12,0.0,0.0
5.2,4.2,2.97,0.0,0.0
11.8,13.56,9.81,0.0,39.1879
7.9,6.84,9.64,0.0,189.165
11.1,26.64,14.66,0.0,399.76
11.4,3.6,15.99,0.0,604.143
8.6,3.24,12.8,0.0,740.023
11.4,0.6,16.11,0.0,833.3330000000001
9.3,4.32,14.72,0.0,833.3330000000001
10.5,5.16,15.59,0.0,757.683
7.9,8.88,14.65,0.0,641.739
9.2,2.64,17.54,0.0,497.99300000000005
10.5,1.56,18.53,0.0,340.69800000000004
13.2,7.2,18.79,0.0,126.473
12.8,7.08,12.98,0.0,0.0
15.4,4.44,13.68,0.0,0.0
9.2,3.72,6.9,0.0,0.0
7.4,1.44,4.59,0.0,0.0
5.6,0.84,3.02,0.0,0.0
8.5,0.84,3.67,0.0,0.0
6.3,0.36,2.54,0.0,0.0
5.7,0.0,1.95,0.0,0.0
7.7,0.12,2.06,0.0,0.0
6.9,0.24,1.47,0.0,0.0
5.6,0.6,1.11,0.0,0.0
12.3,5.28,2.87,0.0,0.0
8.1,21.12,7.08,0.0,9.98814
9.6,9.84,12.97,0.0,222.74
7.8,6.24,12.81,0.0,483.258
12.5,17.04,15.11,0.0,676.1460000000001
10.6,2.88,12.75,0.0,789.503
10.1,0.36,13.12,0.0,833.3330000000001
12.5,1.92,17.63,0.0,833.3330000000001
9.5,3.6,17.87,0.0,833.3330000000001
8.3,2.16,22.04,0.0,787.3530000000001
10.2,0.96,28.69,0.0,654.029
9.7,3.48,31.8,0.0,470.224
13.7,2.28,35.64,0.0,209.779
15.6,4.92,25.95,0.0,0.0
14.5,5.64,21.63,0.0,0.0
12.6,1.56,17.69,0.0,0.0
8.2,2.52,11.28,0.0,0.0
6.2,2.76,7.7,0.0,0.0
7.9,0.84,7.29,0.0,0.0
8.9,0.24,6.24,0.0,0.0
5.5,0.0,3.38,0.0,0.0
6.6,0.12,3.33,0.0,0.0
7.5,0.24,3.17,0.0,0.0
7.6,0.48,2.8,0.0,0.0
11.4,5.4,4.88,0.0,0.0
10.7,12.0,12.6,0.0,11.0029
8.0,13.32,14.77,0.0,209.198
11.7,14.88,19.39,0.0,465.228
9.2,15.24,17.19,0.0,668.298
11.5,9.84,17.92,0.0,814.9839999999999
10.4,1.8,18.0,0.0,833.3330000000001
11.4,1.68,21.91,0.0,833.3330000000001
13.3,5.04,27.69,0.0,833.3330000000001
10.8,3.48,28.51,0.0,741.055
7.7,1.2,27.09,0.0,565.84
10.4,1.2,30.17,0.0,338.779
12.4,3.48,29.0,0.0,116.115
12.4,2.64,22.77,0.0,0.0
13.9,1.08,21.99,0.0,0.0
11.2,0.6,16.8,0.0,0.0
6.5,1.56,10.12,0.0,0.0
8.6,0.24,10.52,0.0,0.0
8.2,1.2,8.36,0.0,0.0
9.8,0.0,8.65,0.0,0.0
5.9,0.24,4.94,0.0,0.0
11.1,0.12,8.3,0.0,0.0
6.2,0.24,4.83,0.0,0.0
8.2,0.6,5.78,0.0,0.0
9.8,11.4,7.46,0.0,0.0
10.0,10.68,10.81,0.0,41.4297
8.3,9.0,13.51,0.0,185.889
6.5,8.64,15.24,0.0,370.773
7.8,3.0,18.85,0.0,547.637
8.9,3.36,21.04,0.0,644.668
10.1,4.56,23.88,0.0,703.434
9.1,1.56,24.08,0.0,730.299
14.9,5.16,35.14,0.0,711.918
8.8,7.44,31.45,0.0,670.018
8.4,1.44,34.5,0.0,549.52
16.3,3.84,46.03,0.0,366.508
12.3,0.84,39.03,0.0,147.477
14.3,1.56,34.06,0.0,0.0
11.1,4.2,25.91,0.0,0.0
11.7,3.96,25.33,0.0,0.0
15.0,1.44,28.31,0.0,0.0
6.7,1.68,15.18,0.0,0.0
5.2,0.84,11.98,0.0,0.0
7.4,1.08,13.43,0.0,0.0
6.6,1.92,11.08,0.0,0.0
8.0,0.48,11.66,0.0,0.0
6.7,0.12,9.28,0.0,0.0
9.1,0.36,11.15,0.0,0.0
15.1,2.4,20.94,0.0,0.0
8.2,12.36,15.31,0.0,42.0822
9.2,4.68,20.82,0.0,183.218
7.7,14.64,22.09,0.0,348.996
9.1,8.04,26.5,0.0,513.006
7.4,6.0,25.31,0.0,625.729
9.0,3.72,29.2,0.0,733.475
10.9,1.44,33.4,0.0,788.485
10.6,8.64,35.06,0.0,756.191
11.6,4.56,40.08,0.0,698.513
9.5,2.28,39.71,0.0,568.83
10.3,3.96,42.21,0.0,384.501
13.2,3.72,43.94,0.0,156.726
12.5,2.52,34.38,0.0,0.0
10.9,3.24,28.36,0.0,0.0
9.9,0.84,25.42,0.0,0.0
8.6,1.8,21.61,0.0,0.0
7.4,0.6,18.09,0.0,0.0
6.4,0.24,15.0,0.0,0.0
10.9,2.04,19.19,0.0,0.0
11.1,0.24,18.54,0.0,0.0
7.6,0.24,12.87,0.0,0.0
4.8,2.4,8.89,0.0,0.0
8.6,0.36,12.75,0.0,0.0
12.0,3.6,19.94,0.0,0.0
11.4,1.56,25.68,0.0,42.9086
9.9,14.64,28.06,0.0,197.612
8.0,12.84,28.83,0.0,416.339
7.5,5.28,29.03,0.0,578.955
9.4,5.4,32.34,0.0,707.377
11.0,5.16,35.85,0.0,750.7260000000001
9.8,2.4,34.61,0.0,750.7410000000001
11.5,4.32,39.1,0.0,713.314
12.6,1.08,43.16,0.0,604.568
10.2,4.32,40.71,0.0,480.922
8.6,3.84,38.61,0.0,294.055
9.3,3.6,36.74,0.0,108.038
13.7,2.28,36.79,0.0,0.198528
16.4,6.36,37.44,0.0,0.0
13.4,1.92,31.88,0.0,0.0
10.1,2.76,26.07,0.0,0.0
6.0,0.48,19.27,0.0,0.0
7.0,0.24,19.94,0.0,0.0
8.2,0.36,20.71,0.0,0.0
8.3,0.36,20.12,0.0,0.0
6.0,0.12,16.23,0.0,0.0
6.1,0.24,16.26,0.0,0.0
11.6,4.08,24.64,0.0,0.0
10.1,3.84,22.7,0.0,0.0
11.1,9.48,28.86,0.0,44.9802
9.4,8.88,29.25,0.0,182.207
11.1,6.6,34.8,0.0,347.56199999999995
9.8,8.52,34.28,0.0,486.714
8.1,6.72,32.39,0.0,598.015
9.2,0.48,35.15,0.0,667.1210000000001
10.0,2.04,35.53,0.0,672.98
13.0,3.72,41.27,0.0,596.255
7.4,1.32,32.11,0.0,456.549
10.8,2.16,35.36,0.0,368.728
13.2,0.48,40.31,0.0,257.587
13.4,3.24,35.44,0.0,73.5932
14.0,1.92,30.02,0.0,1.21702
12.8,1.32,25.44,0.0,0.0
11.4,4.68,22.21,0.0,0.0
14.6,2.04,24.6,0.0,0.0
5.2,1.44,9.38,0.0,0.0
5.7,0.48,7.75,0.0,0.0
5.9,0.12,5.11,0.0,0.0
6.9,0.12,3.46,0.0,0.0
5.5,0.12,2.19,0.0,0.0
11.0,0.12,3.58,0.0,0.0
6.5,5.64,1.38,0.0,0.0
7.4,4.08,1.59,0.0,0.0
12.0,14.28,3.5,0.0,49.8655
9.5,6.84,3.39,0.0,205.883
8.7,16.08,4.12,0.0,423.518
10.0,11.64,4.6,0.0,657.242
11.2,5.64,5.17,0.0,833.3330000000001
7.0,0.72,3.84,0.0,833.3330000000001
11.6,0.72,6.65,0.0,833.3330000000001
9.5,2.52,6.98,0.0,833.3330000000001
11.0,6.72,11.32,0.0,805.177
8.7,0.6,12.25,0.0,621.872
10.9,2.76,14.89,0.0,368.926
8.3,3.96,11.02,0.0,133.994
11.0,1.08,8.97,0.0,1.43136
10.2,8.4,6.57,0.0,0.0
8.8,5.76,4.71,0.0,0.0
6.8,0.6,2.98,0.0,0.0
13.5,1.56,4.58,0.0,0.0
11.1,0.6,2.85,0.0,0.0
5.4,1.08,1.12,0.0,0.0
5.3,0.36,1.05,0.0,0.0
8.2,0.0,1.25,0.0,0.0
6.5,0.0,0.87,0.0,0.0
6.4,2.28,0.91,0.0,0.0
10.9,6.0,2.15,0.0,0.0
15.2,30.72,8.34,0.0,13.3615
8.5,15.12,8.55,0.0,241.482
9.5,3.72,9.19,0.0,496.661
8.8,13.32,8.13,0.0,656.804
10.5,5.16,8.16,0.0,784.669
12.4,1.32,9.12,0.0,833.3330000000001
12.8,2.64,10.09,0.0,833.3330000000001
11.8,6.12,12.03,0.0,833.3330000000001
11.0,1.2,16.2,0.0,779.54
7.4,0.72,16.67,0.0,619.232
11.5,2.52,21.8,0.0,396.413
14.5,9.36,23.6,0.0,155.046
14.1,2.16,17.3,0.0,0.0
11.4,2.88,11.52,0.0,0.0
8.6,3.6,7.3,0.0,0.0
12.4,1.8,8.82,0.0,0.0
5.4,4.8,3.38,0.0,0.0
9.7,0.6,4.77,0.0,0.0
4.9,0.12,2.26,0.0,0.0
6.2,1.56,2.64,0.0,0.0
7.9,0.0,3.32,0.0,0.0
7.1,1.8,3.14,0.0,0.0
7.4,0.36,3.27,0.0,0.0
10.1,3.48,4.99,0.0,0.0
10.3,14.52,6.96,0.0,50.9723
11.9,14.16,10.13,0.0,195.324
11.5,11.52,11.62,0.0,343.846
9.3,7.32,11.05,0.0,470.226
13.6,5.04,14.9,0.0,556.187
12.5,0.96,15.61,0.0,605.961
14.5,2.04,20.71,0.0,597.936
12.8,0.48,20.49,0.0,554.553
8.6,1.44,17.41,0.0,467.709
8.3,8.52,18.29,0.0,367.866
12.0,3.6,23.16,0.0,216.338
14.4,1.08,25.7,0.0,80.9727
15.6,3.0,24.07,0.0,2.77271
13.4,1.56,19.02,0.0,0.0
12.1,2.76,17.0,0.0,0.0
8.8,2.52,12.04,0.0,0.0
9.1,0.36,11.48,0.0,0.0
8.3,4.44,10.02,0.0,0.0
6.1,0.12,7.71,0.0,0.0
7.3,0.12,8.09,0.0,0.0
4.5,0.12,5.51,0.0,0.0
7.2,2.76,7.35,0.0,0.0
7.6,2.16,7.11,0.0,0.0
8.0,13.08,7.6,0.0,0.0
8.1,8.76,9.15,0.0,48.716
11.7,10.32,15.54,0.0,191.649
11.9,3.84,19.67,0.0,382.018
13.2,4.32,23.56,0.0,575.461
9.8,3.72,18.74,0.0,730.82
11.1,3.12,21.98,0.0,833.3330000000001
12.2,1.08,25.92,0.0,833.3330000000001
10.5,5.4,27.24,0.0,833.171
11.4,10.44,32.57,0.0,722.5419999999999
14.9,0.96,39.42,0.0,568.221
11.2,0.96,34.88,0.0,360.838
13.8,2.04,35.44,0.0,145.822
13.3,2.64,27.14,0.0,1.63136
11.4,3.48,21.16,0.0,0.0
8.1,3.48,15.37,0.0,0.0
7.6,0.72,13.08,0.0,0.0
7.8,1.68,11.71,0.0,0.0
4.8,0.24,6.99,0.0,0.0
7.7,0.72,8.02,0.0,0.0
7.8,4.2,7.0,0.0,0.0
7.0,0.6,5.62,0.0,0.0
6.1,0.24,4.17,0.0,0.0
7.5,0.36,4.43,0.0,0.0
9.1,6.96,7.18,0.0,0.0
11.2,10.08,13.89,0.0,44.6289
11.0,8.52,17.7,0.0,218.531
11.2,23.28,18.99,0.0,431.496
8.4,7.44,16.32,0.0,608.339
10.7,9.84,18.07,0.0,726.285
12.0,5.52,21.01,0.0,799.413
11.0,1.56,22.35,0.0,833.3330000000001
10.6,7.92,26.13,0.0,811.7660000000001
11.6,7.68,32.54,0.0,743.045
11.6,3.96,37.03,0.0,604.51
12.3,2.52,40.39,0.0,382.447
11.8,5.64,38.14,0.0,157.67600000000002
11.2,1.8,30.02,0.0,0.0
10.7,1.44,25.91,0.0,0.0
8.4,0.6,20.43,0.0,0.0
7.1,1.8,16.8,0.0,0.0
8.5,2.88,16.67,0.0,0.0
8.6,0.84,15.09,0.0,0.0
8.5,1.56,13.22,0.0,0.0
8.5,0.24,10.59,0.0,0.0
7.4,0.12,8.1,0.0,0.0
7.1,0.24,7.03,0.0,0.0
7.9,0.12,7.15,0.0,0.0
10.6,0.24,11.26,0.0,0.0
8.9,3.6,15.81,0.0,47.5541
7.5,9.24,18.28,0.0,212.799
7.7,18.84,20.64,0.0,418.423
9.8,6.0,24.81,0.0,584.036
10.2,12.72,25.49,0.0,708.672
9.9,8.76,26.32,0.0,784.069
11.5,3.24,29.93,0.0,820.705
10.2,5.4,31.26,0.0,784.2410000000001
16.2,1.2,42.31,0.0,696.176
7.8,2.16,36.08,0.0,560.2819999999999
10.0,9.24,41.21,0.0,382.264
9.6,7.8,39.72,0.0,156.141
9.4,5.4,31.26,0.0,0.0
16.8,2.64,35.82,0.0,0.0
8.9,6.24,24.65,0.0,0.0
14.0,2.52,29.07,0.0,0.0
7.2,0.6,17.57,0.0,0.0
6.1,1.08,14.26,0.0,0.0
7.8,0.36,13.88,0.0,0.0
4.1,0.12,7.47,0.0,0.0
8.7,0.24,10.53,0.0,0.0
4.5,0.36,5.95,0.0,0.0
10.2,1.8,9.77,0.0,0.0
10.1,3.36,10.88,0.0,0.0
11.3,8.52,18.16,0.0,47.4302
10.2,8.28,21.35,0.0,217.633
11.3,5.88,24.96,0.0,418.814
8.2,8.52,21.46,0.0,598.35
10.7,9.0,24.01,0.0,709.6360000000001
8.2,1.8,21.48,0.0,790.503
6.9,4.56,21.99,0.0,803.7710000000001
7.6,4.2,26.2,0.0,766.2239999999999
10.9,1.8,35.37,0.0,675.835
9.8,2.04,36.99,0.0,531.9159999999999
10.5,0.96,39.56,0.0,355.478
15.8,1.2,43.45,0.0,145.119
11.6,1.8,30.15,0.0,2.40239
14.8,3.36,30.48,0.0,0.0
13.9,1.32,27.17,0.0,0.0
14.8,0.84,25.72,0.0,0.0
8.2,1.68,15.53,0.0,0.0
9.1,2.76,15.18,0.0,0.0
10.5,0.0,15.85,0.0,0.0
7.2,0.24,10.32,0.0,0.0
6.0,0.24,8.13,0.0,0.0
6.3,0.48,7.61,0.0,0.0
6.3,0.36,7.13,0.0,0.0
13.3,3.48,14.9,0.0,0.0
11.0,13.44,18.75,0.0,52.1468
12.6,5.16,25.82,0.0,209.27
8.4,6.72,21.51,0.0,382.853
7.9,12.96,21.43,0.0,491.896
9.6,5.4,24.37,0.0,525.989
8.8,0.36,25.3,0.0,560.186
10.3,3.72,28.47,0.0,630.025
12.1,4.08,33.2,0.0,642.346
13.3,4.2,39.72,0.0,606.816
13.1,0.96,42.99,0.0,519.127
11.2,2.76,41.94,0.0,341.156
13.8,6.84,43.49,0.0,136.741
13.8,4.08,36.22,0.0,3.72673
9.2,4.92,26.61,0.0,0.0
9.2,1.32,24.61,0.0,0.0
9.0,1.44,22.21,0.0,0.0
7.5,0.48,17.96,0.0,0.0
6.3,1.56,15.2,0.0,0.0
7.9,0.48,15.84,0.0,0.0
10.5,0.36,16.84,0.0,0.0
6.0,0.12,9.23,0.0,0.0
6.5,0.24,8.93,0.0,0.0
9.9,0.6,10.77,0.0,0.0
9.8,2.76,14.28,0.0,0.0
12.1,23.04,28.66,0.0,22.3417
10.1,15.36,29.58,0.0,239.643
11.0,2.88,30.94,0.0,473.392
9.8,12.6,29.25,0.0,594.475
11.5,2.28,31.09,0.0,724.498
9.5,2.04,29.58,0.0,811.055
12.4,1.08,35.35,0.0,818.665
10.1,4.32,35.7,0.0,782.007
11.1,2.28,41.1,0.0,670.972
7.1,0.72,39.4,0.0,553.021
10.4,2.76,44.86,0.0,367.879
12.0,6.96,44.85,0.0,153.88
11.7,0.96,36.26,0.0,0.0
12.3,1.92,33.06,0.0,0.0
11.1,1.44,30.3,0.0,0.0
11.1,3.72,28.37,0.0,0.0
5.1,0.84,18.26,0.0,0.0
6.5,0.12,17.57,0.0,0.0
7.3,0.36,16.39,0.0,0.0
6.7,0.12,14.13,0.0,0.0
8.0,0.12,14.1,0.0,0.0
8.1,0.24,12.45,0.0,0.0
7.5,3.0,10.38,0.0,0.0
9.7,5.76,14.37,0.0,0.0
10.6,12.96,21.03,0.0,56.265
9.2,8.76,24.0,0.0,205.436
7.7,10.8,25.51,0.0,401.073
12.9,13.56,34.69,0.0,552.935
9.8,7.32,30.96,0.0,670.421
11.9,3.12,35.39,0.0,698.5110000000001
14.7,2.16,40.75,0.0,697.795
9.7,3.12,37.24,0.0,678.2639999999999
11.6,4.92,43.06,0.0,594.38
8.2,2.4,39.64,0.0,469.657
13.5,1.92,46.23,0.0,283.177
11.1,2.88,39.42,0.0,106.653
14.6,1.44,38.53,0.0,4.61315
13.1,1.08,33.46,0.0,0.0
11.1,2.88,28.97,0.0,0.0
10.3,1.08,26.32,0.0,0.0
9.4,1.32,23.97,0.0,0.0
6.3,2.04,17.7,0.0,0.0
8.4,1.68,19.27,0.0,0.0
9.8,0.12,21.15,0.0,0.0
7.3,0.12,16.9,0.0,0.0
7.0,0.12,15.97,0.0,0.0
6.6,1.08,14.93,0.0,0.0
8.8,7.92,19.66,0.0,0.0
7.1,7.92,21.92,0.0,59.2815
9.7,4.2,31.56,0.0,206.745
9.1,3.6,33.37,0.0,400.7
12.1,8.04,38.92,0.0,585.253
10.4,3.6,35.46,0.0,706.596
12.3,5.4,38.22,0.0,760.49
11.3,3.48,38.71,0.0,765.987
9.6,4.56,41.05,0.0,746.6210000000001
10.4,5.28,47.05,0.0,642.543
8.5,0.84,47.69,0.0,527.202
13.7,4.2,55.61,0.0,346.575
12.4,4.56,51.38,0.0,137.05700000000002
12.6,2.64,44.39,0.0,4.1697
12.3,6.0,40.7,0.0,0.0
9.1,5.04,34.11,0.0,0.0
7.2,3.84,28.61,0.0,0.0
7.6,1.44,26.03,0.0,0.0
6.2,0.6,21.28,0.0,0.0
10.8,2.28,26.53,0.0,0.0
11.4,0.6,24.59,0.0,0.0
5.7,3.12,14.82,0.0,0.0
7.0,0.0,15.93,0.0,0.0
7.2,0.24,15.27,0.0,0.0
8.9,7.44,19.78,0.0,0.0
10.0,8.28,28.32,0.0,58.7964
9.8,9.48,31.86,0.0,210.424
9.2,20.88,33.31,0.0,405.87
6.4,6.0,30.41,0.0,575.9119999999999
10.1,3.0,36.4,0.0,689.543
12.1,2.88,39.99,0.0,767.308
11.9,4.8,41.11,0.0,788.9860000000001
12.0,14.76,44.82,0.0,732.808
8.1,11.4,42.8,0.0,652.609
8.2,2.4,43.94,0.0,480.732
11.2,2.64,47.72,0.0,293.757
18.0,2.52,53.2,0.0,106.696
11.1,3.12,38.31,0.0,5.19516
8.1,2.76,31.52,0.0,0.0
10.2,2.4,33.51,0.0,0.0
9.5,1.2,30.55,0.0,0.0
6.9,0.84,25.14,0.0,0.0
5.0,1.08,20.96,0.0,0.0
5.8,0.48,21.23,0.0,0.0
8.8,0.84,25.73,0.0,0.0
6.7,0.12,21.73,0.0,0.0
5.2,0.12,18.82,0.0,0.0
9.1,0.36,24.76,0.0,0.0
12.3,1.8,31.46,0.0,0.0
7.3,1.2,26.26,0.0,59.5961
7.1,10.56,28.3,0.0,194.623
9.1,18.24,34.93,0.0,364.665
10.4,2.52,39.45,0.0,529.7669999999999
9.1,19.8,37.81,0.0,638.388
8.6,4.68,38.96,0.0,731.8969999999999
11.6,3.12,45.85,0.0,721.071
8.7,6.24,43.26,0.0,664.773
8.7,4.68,44.91,0.0,569.995
10.4,5.76,48.22,0.0,432.334
11.9,3.24,51.05,0.0,284.377
12.4,9.24,48.75,0.0,112.44
10.2,1.32,39.11,0.0,5.27298
18.2,2.28,48.01,0.0,0.0
8.2,0.6,31.16,0.0,0.0
9.4,0.96,32.53,0.0,0.0
6.9,7.32,26.99,0.0,0.0
6.5,0.6,24.83,0.0,0.0
7.0,0.36,24.38,0.0,0.0
5.8,0.36,21.82,0.0,0.0
4.4,0.0,19.31,0.0,0.0
10.0,0.0,28.52,0.0,0.0
9.4,0.72,26.57,0.0,0.0
9.1,2.28,27.53,0.0,0.0
10.7,9.36,35.79,0.0,61.261
9.0,8.28,35.51,0.0,200.168
8.8,4.56,37.85,0.0,367.92
9.9,10.2,41.37,0.0,507.1830000000001
10.7,5.28,43.17,0.0,635.586
9.2,5.88,41.68,0.0,704.045
9.1,6.12,43.73,0.0,737.431
12.8,3.36,51.59,0.0,657.791
10.9,0.96,50.24,0.0,600.596
11.7,4.44,52.52,0.0,456.674
13.6,3.12,54.49,0.0,287.192
14.6,3.36,52.62,0.0,110.736
12.1,5.28,43.28,0.0,5.8579300000000005
15.5,5.64,45.41,0.0,0.0
12.1,1.44,38.82,0.0,0.0
7.4,1.56,30.16,0.0,0.0
6.5,0.24,28.17,0.0,0.0
8.6,0.36,30.9,0.0,0.0
6.0,1.68,25.05,0.0,0.0
5.0,0.12,22.46,0.0,0.0
6.4,0.24,23.9,0.0,0.0
5.7,0.36,21.59,0.0,0.0
8.5,7.2,26.31,0.0,0.0
9.0,1.44,27.42,0.0,0.0
10.1,14.4,27.96,0.0,50.5069
9.8,4.44,25.2,0.0,159.168
8.8,9.96,26.19,0.0,269.10200000000003
11.0,10.32,32.74,0.0,400.022
6.8,3.48,30.33,0.0,529.371
9.7,1.32,38.41,0.0,599.715
9.2,3.0,39.15,0.0,646.955
10.0,5.28,43.76,0.0,580.495
10.8,7.44,49.35,0.0,539.031
11.4,0.6,51.07,0.0,438.086
11.4,4.08,48.75,0.0,285.35400000000004
13.2,6.6,49.46,0.0,105.882
9.6,4.44,39.0,0.0,7.62333
14.0,0.6,42.56,0.0,0.0
10.9,0.84,35.92,0.0,0.0
11.9,0.48,35.95,0.0,0.0
9.1,1.08,29.76,0.0,0.0
9.1,1.92,29.3,0.0,0.0
7.5,0.24,24.59,0.0,0.0
6.5,0.0,19.39,0.0,0.0
7.3,0.12,17.6,0.0,0.0
7.4,0.6,15.63,0.0,0.0
6.5,0.6,12.59,0.0,0.0
9.6,4.68,17.4,0.0,0.0
9.9,17.28,21.67,0.0,56.9769
9.1,17.04,22.38,0.0,226.55900000000003
9.9,6.12,24.08,0.0,436.114
8.7,11.76,22.38,0.0,639.93
7.8,1.68,20.02,0.0,738.278
8.4,5.04,20.53,0.0,833.3330000000001
9.3,1.44,22.83,0.0,833.3330000000001
11.5,9.48,28.38,0.0,777.257
10.4,3.6,30.59,0.0,669.809
9.8,0.84,30.97,0.0,496.191
13.2,3.96,33.64,0.0,286.651
12.9,2.28,29.19,0.0,80.7087
14.5,3.84,26.91,0.0,7.754860000000001
12.0,0.6,21.35,0.0,0.0
11.2,0.96,19.23,0.0,0.0
10.3,2.04,16.57,0.0,0.0
6.9,0.12,11.55,0.0,0.0
5.2,0.24,8.34,0.0,0.0
4.6,0.0,6.36,0.0,0.0
4.5,0.12,5.08,0.0,0.0
5.7,0.36,4.82,0.0,0.0
10.2,0.0,6.97,0.0,0.0
8.0,0.6,4.94,0.0,0.0
6.9,7.32,5.88,0.0,0.0
5.9,17.28,7.84,0.0,60.0966
10.5,12.48,12.96,0.0,230.278
9.8,9.24,13.5,0.0,428.077
10.1,3.72,13.73,0.0,564.9730000000001
13.2,7.08,16.56,0.0,649.749
12.4,2.64,16.76,0.0,691.555
10.0,1.8,16.18,0.0,676.7710000000001
8.3,4.2,17.34,0.0,638.4730000000001
12.5,2.4,24.96,0.0,570.8919999999999
8.6,0.96,22.84,0.0,428.137
11.8,4.8,26.84,0.0,277.968
12.5,1.8,25.95,0.0,110.927
16.2,2.4,26.53,0.0,3.25613
13.9,2.88,21.47,0.0,0.0
14.6,1.8,21.19,0.0,0.0
11.5,1.8,16.59,0.0,0.0
8.5,0.36,12.8,0.0,0.0
8.2,0.36,11.88,0.0,0.0
5.7,0.12,8.59,0.0,0.0
6.5,0.0,8.23,0.0,0.0
8.3,0.0,8.75,0.0,0.0
4.7,0.0,5.37,0.0,0.0
5.9,4.2,5.42,0.0,0.0
8.7,16.2,8.84,0.0,0.0
7.1,5.88,12.89,0.0,59.2298
13.4,14.76,23.32,0.0,229.696
7.9,10.2,18.82,0.0,438.981
15.8,4.32,26.9,0.0,582.879
12.6,2.88,22.17,0.0,694.7280000000001
13.5,1.68,23.74,0.0,728.6560000000001
12.6,2.28,23.4,0.0,716.883
11.0,0.96,23.61,0.0,648.303
10.4,0.96,26.3,0.0,605.043
13.3,1.08,32.47,0.0,479.365
9.8,1.56,30.11,0.0,310.54900000000004
9.9,2.04,28.62,0.0,115.246
12.6,1.68,27.2,0.0,1.80813
10.5,1.44,21.05,0.0,0.0
11.3,0.96,20.56,0.0,0.0
8.2,3.24,15.07,0.0,0.0
5.1,1.2,10.25,0.0,0.0
7.1,0.72,11.13,0.0,0.0
8.6,0.12,10.7,0.0,0.0
6.9,0.36,7.31,0.0,0.0
10.8,0.24,9.12,0.0,0.0
5.9,0.12,5.06,0.0,0.0
6.4,1.2,5.07,0.0,0.0
11.9,2.16,15.54,0.0,0.0
9.8,10.68,20.83,0.0,30.3001
11.7,8.76,26.06,0.0,253.435
9.5,5.88,24.8,0.0,483.30300000000005
9.2,7.68,24.33,0.0,651.58
9.7,1.8,24.3,0.0,739.3439999999999
10.2,4.32,25.58,0.0,788.6360000000001
9.9,2.16,26.45,0.0,778.321
9.5,5.16,29.72,0.0,715.158
11.5,4.2,36.42,0.0,663.867
11.5,3.6,39.45,0.0,514.7919999999999
10.9,5.76,40.61,0.0,347.116
17.6,3.72,46.86,0.0,151.188
10.8,5.52,33.47,0.0,6.079969999999999
11.7,1.68,30.63,0.0,0.0
9.7,3.24,26.12,0.0,0.0
9.9,0.72,23.23,0.0,0.0
11.5,0.84,22.54,0.0,0.0
4.9,0.48,12.27,0.0,0.0
5.3,0.6,10.89,0.0,0.0
8.3,0.72,12.94,0.0,0.0
7.4,0.12,10.13,0.0,0.0
6.1,0.36,7.92,0.0,0.0
8.8,0.48,9.69,0.0,0.0
6.6,5.88,14.4,0.0,0.0
8.5,5.88,23.31,0.0,36.1863
8.8,6.12,27.55,0.0,250.19
10.3,13.56,30.98,0.0,477.893
10.1,10.56,30.21,0.0,641.377
9.1,3.6,27.22,0.0,735.242
10.7,2.88,29.82,0.0,799.3889999999999
14.1,5.28,36.3,0.0,738.845
14.1,2.04,39.54,0.0,792.342
10.8,4.32,40.46,0.0,672.28
11.0,6.6,44.08,0.0,533.803
11.3,1.68,46.36,0.0,350.094
17.8,5.16,52.73,0.0,145.53
9.9,5.4,37.11,0.0,6.61597
10.4,2.88,33.07,0.0,0.0
11.0,1.44,30.98,0.0,0.0
9.7,1.44,26.22,0.0,0.0
6.8,2.4,19.56,0.0,0.0
5.7,0.12,16.13,0.0,0.0
7.5,0.24,16.15,0.0,0.0
7.0,0.48,12.92,0.0,0.0
9.4,0.12,13.96,0.0,0.0
9.7,0.0,12.8,0.0,0.0
6.6,2.76,8.29,0.0,0.0
10.7,7.92,17.61,0.0,0.0
12.7,16.8,29.63,0.0,37.7342
10.5,11.4,30.04,0.0,246.974
6.0,9.84,24.9,0.0,471.272
9.6,3.36,28.74,0.0,639.055
11.9,7.08,29.96,0.0,755.577
11.6,2.4,29.7,0.0,814.073
14.0,2.88,34.1,0.0,833.3330000000001
8.9,2.76,32.4,0.0,825.7139999999999
7.0,2.28,35.75,0.0,750.171
9.3,3.12,42.42,0.0,558.882
10.6,7.56,47.56,0.0,450.779
12.4,4.56,48.79,0.0,192.512
9.2,4.32,36.7,0.0,0.523069
11.9,7.8,32.26,0.0,0.0
8.5,2.88,25.32,0.0,0.0
10.0,0.84,24.19,0.0,0.0
8.3,2.64,19.22,0.0,0.0
4.7,0.24,12.57,0.0,0.0
7.4,2.76,13.72,0.0,0.0
5.2,1.56,9.46,0.0,0.0
7.7,0.0,10.7,0.0,0.0
7.8,0.12,9.76,0.0,0.0
10.3,1.68,12.43,0.0,0.0
8.1,5.88,12.1,0.0,0.0
8.8,21.0,17.83,0.0,68.6709
9.8,10.68,24.02,0.0,216.937
9.8,17.4,26.02,0.0,391.42
10.4,13.68,29.16,0.0,562.371
11.9,5.28,31.33,0.0,665.827
11.2,6.0,29.88,0.0,738.954
11.4,1.92,31.43,0.0,744.806
10.4,0.48,33.78,0.0,729.302
9.1,2.4,36.84,0.0,680.215
7.1,3.6,38.17,0.0,546.561
11.4,3.24,44.96,0.0,358.595
8.8,5.88,39.14,0.0,140.66899999999998
14.0,3.0,39.56,0.0,2.77765
11.3,2.76,31.12,0.0,0.0
15.1,1.56,33.83,0.0,0.0
9.4,1.32,24.28,0.0,0.0
6.2,2.76,18.37,0.0,0.0
7.4,0.84,18.94,0.0,0.0
7.8,0.24,18.75,0.0,0.0
6.2,0.24,15.96,0.0,0.0
6.8,0.24,15.87,0.0,0.0
6.9,0.12,15.75,0.0,0.0
7.8,0.24,16.8,0.0,0.0
7.7,10.56,19.36,0.0,0.0
11.1,10.32,30.89,0.0,65.0088
14.1,7.56,38.11,0.0,219.231
10.4,5.4,34.21,0.0,381.845
12.2,7.8,37.99,0.0,541.754
10.8,5.28,36.03,0.0,632.568
11.5,1.92,37.71,0.0,672.1469999999999
17.4,3.48,46.73,0.0,646.51
9.6,1.68,38.51,0.0,596.057
9.5,0.6,41.17,0.0,538.386
12.3,0.84,46.08,0.0,421.77
12.2,0.84,45.73,0.0,268.375
10.8,3.84,41.77,0.0,109.951
12.1,2.04,38.54,0.0,6.96904
12.7,3.36,35.91,0.0,0.0
8.4,0.84,28.38,0.0,0.0
7.3,4.32,25.46,0.0,0.0
10.0,0.6,27.76,0.0,0.0
4.9,0.24,18.53,0.0,0.0
6.9,0.12,20.56,0.0,0.0
5.0,0.36,16.6,0.0,0.0
8.3,0.36,20.68,0.0,0.0
6.1,0.36,16.35,0.0,0.0
5.5,2.64,14.8,0.0,0.0
5.8,5.76,18.83,0.0,0.0
12.6,18.72,36.86,0.0,66.3665
10.3,5.76,35.1,0.0,219.009
9.7,7.2,36.96,0.0,399.36
12.2,5.4,41.07,0.0,555.638
17.9,12.6,47.25,0.0,674.745
12.3,1.44,40.19,0.0,663.4960000000001
10.2,5.52,39.21,0.0,641.59
9.4,1.68,40.55,0.0,597.0740000000001
13.7,0.96,48.6,0.0,546.6759999999999
8.3,3.24,41.42,0.0,401.812
10.8,2.28,44.56,0.0,251.229
13.5,4.2,46.79,0.0,104.07
14.7,1.92,44.72,0.0,2.53252
10.9,3.0,36.68,0.0,0.0
13.2,1.44,39.16,0.0,0.0
7.1,0.96,28.66,0.0,0.0
10.2,0.24,32.64,0.0,0.0
11.9,0.36,34.07,0.0,0.0
10.3,1.44,30.35,0.0,0.0
6.6,0.12,24.02,0.0,0.0
10.4,0.36,30.54,0.0,0.0
11.2,0.12,31.16,0.0,0.0
6.4,3.72,22.64,0.0,0.0
7.8,14.64,26.4,0.0,0.0
10.4,14.76,32.44,0.0,58.0176
16.2,19.56,41.7,0.0,150.375
11.3,11.76,34.93,0.0,247.325
11.7,5.64,38.6,0.0,348.80800000000005
11.4,4.92,39.95,0.0,424.565
15.0,2.04,46.36,0.0,507.076
9.4,1.32,39.23,0.0,475.845
9.3,2.04,40.05,0.0,448.467
13.9,1.92,47.84,0.0,394.12
11.7,6.24,44.23,0.0,291.959
14.4,1.68,44.54,0.0,180.333
13.6,2.04,39.25,0.0,66.6774
10.5,1.56,30.92,0.0,4.07307
11.4,0.96,30.0,0.0,0.0
12.3,3.48,27.46,0.0,0.0
8.3,0.84,18.1,0.0,0.0
6.9,0.84,14.98,0.0,0.0
6.1,1.2,12.62,0.0,0.0
5.5,0.24,10.92,0.0,0.0
9.2,0.24,15.06,0.0,0.0
8.7,0.0,13.54,0.0,0.0
6.5,0.0,10.31,0.0,0.0
8.7,0.6,12.81,0.0,0.0
10.3,3.96,16.59,0.0,0.0
12.1,13.32,21.74,0.0,68.0883
8.7,8.4,18.68,0.0,180.431
9.0,4.32,23.44,0.0,299.807
9.7,5.76,29.81,0.0,458.419
10.6,2.88,33.15,0.0,562.49
12.3,3.24,36.72,0.0,594.164
12.9,1.44,39.97,0.0,621.44
13.4,1.44,44.49,0.0,580.002
12.4,3.48,45.94,0.0,518.129
7.8,3.24,41.07,0.0,407.2480000000001
13.4,7.56,48.64,0.0,234.798
11.8,1.8,44.06,0.0,102.293
12.8,2.88,41.12,0.0,6.07681
12.3,3.84,37.05,0.0,0.0
9.1,0.72,30.94,0.0,0.0
8.5,0.48,28.99,0.0,0.0
12.1,0.6,33.54,0.0,0.0
8.8,0.72,26.86,0.0,0.0
6.9,1.2,23.0,0.0,0.0
6.8,0.36,21.74,0.0,0.0
5.1,0.12,18.29,0.0,0.0
5.6,0.24,18.54,0.0,0.0
10.7,2.04,26.15,0.0,0.0
8.3,3.72,24.94,0.0,0.0
10.1,5.88,34.6,0.0,69.4179
9.9,16.32,36.77,0.0,217.4
11.7,10.32,41.84,0.0,383.875
8.9,6.72,38.23,0.0,501.657
12.0,10.68,40.74,0.0,532.429
12.3,4.32,41.53,0.0,561.8240000000001
12.2,5.4,42.28,0.0,557.941
11.1,4.8,42.14,0.0,570.655
9.3,3.12,40.87,0.0,455.641
10.7,3.84,43.74,0.0,365.156
11.9,3.6,44.93,0.0,227.505
17.5,3.24,50.94,0.0,80.207
10.9,3.84,38.71,0.0,8.00825
12.8,6.12,39.76,0.0,0.0
9.4,2.16,33.38,0.0,0.0
6.6,1.56,28.03,0.0,0.0
6.6,0.72,27.39,0.0,0.0
6.7,0.36,26.19,0.0,0.0
4.6,0.48,21.24,0.0,0.0
7.7,0.6,26.16,0.0,0.0
6.7,0.24,23.46,0.0,0.0
4.7,0.12,19.51,0.0,0.0
9.5,2.88,27.88,0.0,0.0
8.6,4.56,29.51,0.0,0.0
7.2,11.28,31.91,0.0,71.4333
11.4,18.96,42.48,0.0,217.767
9.6,11.04,40.8,0.0,380.69
11.9,4.68,44.78,0.0,539.341
12.5,2.88,44.86,0.0,649.8969999999999
12.4,2.52,45.46,0.0,635.452
12.5,3.84,46.56,0.0,634.504
11.2,0.96,47.15,0.0,595.795
13.5,6.12,52.42,0.0,536.863
12.0,2.28,50.65,0.0,408.417
14.7,2.16,53.2,0.0,253.533
11.1,2.16,45.87,0.0,109.085
12.8,3.72,43.11,0.0,9.64012
10.1,2.04,36.16,0.0,0.0
14.8,1.08,41.04,0.0,0.0
8.3,0.6,30.39,0.0,0.0
6.0,5.16,26.46,0.0,0.0
6.4,1.08,24.99,0.0,0.0
7.0,2.04,23.77,0.0,0.0
7.4,0.0,22.73,0.0,0.0
5.3,0.12,18.18,0.0,0.0
6.3,1.92,19.22,0.0,0.0
8.7,1.92,22.46,0.0,0.0
9.0,5.88,25.89,0.0,0.0
12.2,17.64,36.53,0.0,72.0558
12.7,9.96,39.91,0.0,217.65
8.8,11.76,35.96,0.0,382.554
10.7,5.88,39.56,0.0,524.086
10.5,3.36,38.37,0.0,602.697
11.9,6.12,41.06,0.0,604.582
11.9,0.84,42.16,0.0,613.79
10.1,2.04,41.5,0.0,555.16
12.1,3.0,47.5,0.0,517.401
8.9,3.84,44.38,0.0,402.0
9.0,1.68,44.78,0.0,257.907
7.9,1.32,41.32,0.0,107.231
13.6,2.28,44.67,0.0,5.03515
10.1,2.52,36.13,0.0,0.0
10.5,3.6,35.06,0.0,0.0
13.1,1.08,36.82,0.0,0.0
7.9,1.08,28.25,0.0,0.0
5.8,2.4,23.73,0.0,0.0
10.4,0.96,29.37,0.0,0.0
7.8,0.6,23.67,0.0,0.0
5.7,0.48,20.15,0.0,0.0
6.6,0.24,21.44,0.0,0.0
7.0,4.92,21.59,0.0,0.0
8.0,11.28,24.56,0.0,0.0
13.5,11.16,35.32,0.0,67.2979
13.7,7.32,34.55,0.0,163.22899999999998
8.9,11.4,29.71,0.0,276.875
14.0,13.44,40.31,0.0,430.751
12.4,6.6,38.87,0.0,545.727
11.8,5.04,39.5,0.0,641.122
11.2,2.28,39.36,0.0,641.719
11.2,0.36,40.19,0.0,576.474
9.6,0.72,36.22,0.0,429.892
9.8,0.96,34.83,0.0,340.79
11.2,0.72,35.77,0.0,228.54
13.4,3.0,33.46,0.0,83.9986
13.7,3.24,27.98,0.0,10.783
11.0,4.44,20.98,0.0,0.0
10.5,3.0,17.91,0.0,0.0
9.0,0.84,13.8,0.0,0.0
4.7,1.2,7.85,0.0,0.0
11.1,0.72,11.86,0.0,0.0
6.8,0.48,6.52,0.0,0.0
6.9,0.72,5.72,0.0,0.0
5.9,0.84,4.28,0.0,0.0
8.0,0.12,4.58,0.0,0.0
7.8,1.08,3.64,0.0,0.0
9.5,6.48,6.11,0.0,0.0
8.8,23.76,7.36,0.0,74.0278
13.5,12.72,12.91,0.0,237.669
9.6,8.16,11.9,0.0,438.006
8.6,3.0,11.6,0.0,637.636
11.1,4.68,13.02,0.0,821.058
14.7,3.84,17.06,0.0,833.3330000000001
14.7,4.2,19.34,0.0,833.3330000000001
8.1,1.08,16.29,0.0,833.3330000000001
7.9,0.96,21.01,0.0,786.935
8.1,3.48,25.78,0.0,643.4540000000001
11.9,4.8,33.72,0.0,462.851
10.2,5.64,32.4,0.0,205.366
10.0,3.12,25.67,0.0,4.27507
12.3,3.36,21.62,0.0,0.0
12.3,2.28,20.1,0.0,0.0
12.8,1.56,18.71,0.0,0.0
6.5,0.84,9.76,0.0,0.0
4.5,0.48,6.57,0.0,0.0
7.1,0.48,7.54,0.0,0.0
9.8,0.24,8.21,0.0,0.0
7.7,0.0,5.47,0.0,0.0
7.1,0.12,4.54,0.0,0.0
7.2,2.04,4.56,0.0,0.0
11.6,15.24,10.45,0.0,0.0
12.3,6.6,17.51,0.0,64.0914
10.5,8.76,19.67,0.0,237.742
10.5,5.28,22.05,0.0,486.729
10.9,1.8,22.56,0.0,591.891
11.9,4.92,23.27,0.0,671.959
10.4,1.2,22.49,0.0,709.314
12.3,2.76,26.68,0.0,764.913
9.1,2.28,26.87,0.0,706.6669999999999
12.2,1.8,35.3,0.0,642.072
7.5,0.72,33.56,0.0,531.035
12.1,3.0,41.58,0.0,365.017
10.3,3.24,40.24,0.0,198.299
13.6,2.88,36.05,0.0,6.66816
12.6,4.2,29.11,0.0,0.0
9.1,1.32,22.71,0.0,0.0
8.2,1.32,18.62,0.0,0.0
6.8,0.48,14.84,0.0,0.0
9.8,1.44,16.23,0.0,0.0
7.7,0.0,12.23,0.0,0.0
6.6,0.48,9.36,0.0,0.0
5.8,0.0,7.76,0.0,0.0
6.4,0.0,7.83,0.0,0.0
8.2,0.84,9.19,0.0,0.0
6.6,6.48,12.28,0.0,0.0
8.4,13.44,20.13,0.0,65.4781
7.3,6.24,21.73,0.0,232.874
6.6,5.04,22.61,0.0,416.753
9.1,12.84,26.44,0.0,565.501
9.1,14.76,26.53,0.0,684.721
13.0,2.64,32.71,0.0,783.087
12.2,4.44,33.35,0.0,801.5039999999999
14.9,7.8,40.13,0.0,723.0010000000001
11.5,6.84,39.58,0.0,693.1210000000001
10.0,4.44,40.07,0.0,557.572
10.5,5.64,41.29,0.0,353.634
10.0,6.12,39.23,0.0,160.985
13.2,2.76,36.15,0.0,7.33841
14.8,1.8,32.75,0.0,0.0
8.5,1.08,22.97,0.0,0.0
10.7,0.6,23.6,0.0,0.0
6.0,2.04,15.69,0.0,0.0
5.3,0.36,13.11,0.0,0.0
7.0,0.24,13.76,0.0,0.0
6.5,0.36,11.97,0.0,0.0
6.1,0.12,9.79,0.0,0.0
5.2,2.04,7.74,0.0,0.0
6.4,0.6,8.37,0.0,0.0
9.2,3.72,15.78,0.0,0.0
8.7,5.88,23.22,0.0,63.7538
6.0,5.28,22.26,0.0,226.984
10.1,5.04,28.1,0.0,401.931
10.2,20.16,28.61,0.0,522.519
11.8,12.6,30.6,0.0,637.078
10.8,3.48,29.51,0.0,703.805
15.5,9.72,37.77,0.0,790.841
12.0,3.0,37.44,0.0,763.061
7.6,3.24,36.97,0.0,679.862
10.7,1.2,44.18,0.0,534.701
10.1,3.36,44.98,0.0,357.06800000000004
12.4,7.2,46.07,0.0,160.692
16.1,2.88,42.87,0.0,7.84036
9.5,1.68,28.51,0.0,0.0
11.4,1.68,28.56,0.0,0.0
7.1,1.2,20.69,0.0,0.0
8.3,0.36,20.26,0.0,0.0
9.7,0.24,20.53,0.0,0.0
9.3,2.4,18.46,0.0,0.0
6.3,0.24,13.13,0.0,0.0
7.4,0.12,13.4,0.0,0.0
7.0,0.0,12.13,0.0,0.0
8.4,0.6,13.08,0.0,0.0
8.9,6.0,18.92,0.0,0.0
10.7,19.56,28.68,0.0,66.5725
13.7,13.2,35.43,0.0,227.14
10.7,7.32,32.7,0.0,411.523
9.0,6.48,30.87,0.0,552.605
11.1,5.04,32.49,0.0,672.164
11.9,4.32,33.82,0.0,750.39
9.4,3.48,32.19,0.0,805.671
9.1,0.96,36.38,0.0,789.195
12.3,2.88,44.76,0.0,697.425
9.0,3.36,43.48,0.0,558.528
8.5,4.8,44.12,0.0,354.991
14.0,6.72,50.13,0.0,160.418
10.3,3.0,38.47,0.0,8.1128
13.0,0.96,35.97,0.0,0.0
8.2,1.08,27.74,0.0,0.0
8.6,1.32,26.56,0.0,0.0
7.9,4.56,23.98,0.0,0.0
5.3,0.12,18.46,0.0,0.0
6.1,0.12,18.12,0.0,0.0
5.7,1.44,16.36,0.0,0.0
6.0,0.0,15.79,0.0,0.0
6.9,0.0,15.69,0.0,0.0
6.8,2.52,14.59,0.0,0.0
7.2,7.32,19.52,0.0,0.0
17.6,18.48,42.19,0.0,71.6955
12.0,10.8,35.4,0.0,226.191
10.5,13.8,35.16,0.0,419.472
10.8,15.12,36.12,0.0,573.19
13.5,3.24,38.54,0.0,666.16
10.2,4.56,34.75,0.0,756.8810000000001
10.0,0.96,36.63,0.0,756.3439999999999
16.1,3.12,48.83,0.0,727.452
8.1,0.96,42.53,0.0,667.2769999999999
11.4,5.76,49.99,0.0,551.061
13.3,1.68,52.99,0.0,365.986
13.7,1.8,50.23,0.0,147.375
14.2,3.48,44.58,0.0,9.60055
9.4,6.12,33.82,0.0,0.0
12.2,3.48,36.06,0.0,0.0
8.3,1.2,28.68,0.0,0.0
5.8,1.8,23.39,0.0,0.0
7.3,1.92,23.86,0.0,0.0
5.5,0.0,19.51,0.0,0.0
4.9,0.12,17.44,0.0,0.0
4.6,0.24,15.99,0.0,0.0
7.7,0.0,19.38,0.0,0.0
9.0,3.72,20.35,0.0,0.0
10.9,5.04,30.61,0.0,0.0
12.9,10.92,39.0,0.0,64.0327
8.6,17.16,34.07,0.0,233.377
11.3,9.12,38.53,0.0,408.409
11.4,8.88,38.57,0.0,559.734
8.7,4.32,33.54,0.0,682.7669999999999
11.5,4.08,36.62,0.0,750.12
12.9,3.48,39.78,0.0,774.9169999999999
9.8,1.56,39.68,0.0,761.4680000000001
10.5,2.28,44.95,0.0,676.9860000000001
6.7,0.6,43.12,0.0,534.793
14.8,1.2,55.81,0.0,365.11800000000005
13.4,1.68,52.92,0.0,163.74
13.7,3.84,47.67,0.0,9.21485
12.0,1.68,38.45,0.0,0.0
13.6,2.88,38.29,0.0,0.0
10.6,4.2,32.12,0.0,0.0
7.4,0.6,25.54,0.0,0.0
4.9,0.96,19.89,0.0,0.0
7.5,0.6,22.05,0.0,0.0
7.7,0.12,20.23,0.0,0.0
8.4,1.2,19.4,0.0,0.0
8.3,0.12,17.81,0.0,0.0
8.1,1.32,16.58,0.0,0.0
6.5,7.8,21.3,0.0,0.0
10.4,12.96,34.16,0.0,62.6921
11.7,11.76,37.96,0.0,227.326
12.8,11.52,40.82,0.0,400.365
10.7,9.24,36.61,0.0,512.644
9.3,27.48,32.81,0.0,651.362
11.8,3.12,38.09,0.0,734.6089999999999
12.9,1.68,41.49,0.0,751.3689999999999
11.6,2.04,43.44,0.0,771.92
9.7,1.92,46.48,0.0,703.17
11.3,3.0,50.69,0.0,565.735
13.3,4.8,53.44,0.0,379.838
13.4,3.6,52.9,0.0,166.80200000000002
12.2,2.4,46.33,0.0,13.9991
13.8,3.36,42.0,0.0,0.0
14.9,2.4,41.18,0.0,0.0
7.0,0.96,27.88,0.0,0.0
8.3,0.84,27.01,0.0,0.0
4.7,0.24,20.22,0.0,0.0
7.5,0.0,23.37,0.0,0.0
6.2,0.36,18.84,0.0,0.0
6.2,0.12,16.86,0.0,0.0
7.4,0.72,17.87,0.0,0.0
8.1,1.8,18.49,0.0,0.0
9.4,15.36,27.32,0.0,0.0
10.8,5.04,34.95,0.0,67.0299
11.4,13.32,37.92,0.0,227.861
11.9,7.56,39.1,0.0,410.619
11.9,3.12,38.05,0.0,555.018
10.9,5.04,34.81,0.0,601.918
10.1,1.08,33.91,0.0,711.5189999999999
9.2,1.08,35.06,0.0,724.2860000000001
11.7,4.32,42.66,0.0,714.2560000000001
10.1,0.48,45.7,0.0,618.342
10.0,6.24,48.54,0.0,491.284
11.7,2.04,51.31,0.0,299.759
13.9,1.68,51.71,0.0,122.826
14.0,4.68,47.33,0.0,13.1061
16.0,2.16,45.42,0.0,0.0
9.0,0.6,33.91,0.0,0.0
5.9,3.24,27.68,0.0,0.0
7.0,0.84,27.75,0.0,0.0
8.3,0.6,27.19,0.0,0.0
9.5,0.36,27.14,0.0,0.0
8.3,0.84,23.28,0.0,0.0
6.2,0.12,17.84,0.0,0.0
6.8,0.12,18.1,0.0,0.0
8.5,2.76,20.32,0.0,0.0
7.2,5.76,21.01,0.0,0.0
10.2,11.04,31.11,0.0,78.3767
11.4,20.28,35.77,0.0,209.316
9.7,9.36,35.11,0.0,353.206
13.0,14.64,40.86,0.0,474.708
11.6,9.12,38.28,0.0,572.113
13.5,2.52,40.72,0.0,577.565
13.9,5.16,42.69,0.0,682.493
14.4,1.92,46.42,0.0,678.2489999999999
12.5,5.64,48.0,0.0,615.679
6.7,7.56,43.75,0.0,511.485
11.0,4.32,52.28,0.0,360.686
9.1,2.28,48.57,0.0,161.373
10.4,4.56,43.82,0.0,14.0602
11.8,3.12,39.32,0.0,0.0
7.7,4.44,31.94,0.0,0.0
9.0,1.32,31.73,0.0,0.0
9.6,0.96,30.42,0.0,0.0
6.7,0.72,23.94,0.0,0.0
6.5,0.24,22.02,0.0,0.0
6.0,0.0,18.7,0.0,0.0
6.2,0.24,16.97,0.0,0.0
6.6,0.12,17.06,0.0,0.0
8.6,0.96,18.27,0.0,0.0
12.4,3.36,30.82,0.0,0.0
11.1,5.4,34.19,0.0,67.1284
9.9,3.48,35.74,0.0,223.117
11.6,8.88,39.63,0.0,412.018
10.5,18.48,37.24,0.0,589.479
10.0,10.8,34.82,0.0,701.7339999999999
11.2,0.6,36.8,0.0,758.7310000000001
10.2,1.92,38.7,0.0,803.743
10.5,6.36,43.96,0.0,755.453
8.7,3.12,45.57,0.0,684.796
11.2,2.28,51.05,0.0,538.316
14.2,1.92,55.05,0.0,338.474
13.7,2.76,51.98,0.0,123.431
10.5,2.04,43.41,0.0,13.7764
13.6,1.44,43.03,0.0,0.0
11.2,1.44,37.95,0.0,0.0
8.8,1.32,31.79,0.0,0.0
6.4,0.24,26.03,0.0,0.0
8.1,0.36,26.59,0.0,0.0
5.2,2.04,20.37,0.0,0.0
5.5,0.24,18.91,0.0,0.0
7.9,0.12,21.43,0.0,0.0
8.2,0.0,20.58,0.0,0.0
8.5,3.84,19.3,0.0,0.0
10.0,2.64,25.43,0.0,0.0
9.2,9.24,32.0,0.0,69.5651
13.1,17.76,41.96,0.0,231.375
12.4,11.16,41.8,0.0,422.359
9.9,10.08,37.76,0.0,586.624
11.5,3.12,39.56,0.0,687.232
12.3,3.36,41.13,0.0,670.935
16.7,1.08,48.39,0.0,676.7919999999999
11.9,3.0,45.4,0.0,644.0790000000001
12.8,3.6,49.37,0.0,533.604
7.6,4.2,42.54,0.0,400.408
12.5,4.8,48.45,0.0,249.438
10.4,1.92,43.37,0.0,93.8233
13.2,1.8,43.76,0.0,14.5332
9.4,4.2,35.36,0.0,0.0
9.9,3.48,34.16,0.0,0.0
7.3,0.6,28.53,0.0,0.0
5.2,0.48,24.38,0.0,0.0
4.2,2.04,21.64,0.0,0.0
5.4,0.12,22.46,0.0,0.0
10.4,0.24,29.62,0.0,0.0
7.1,0.12,22.83,0.0,0.0
5.2,0.0,19.02,0.0,0.0
6.0,1.44,20.07,0.0,0.0
10.8,5.64,31.98,0.0,0.0
11.0,25.8,37.57,0.0,76.7956
12.0,5.64,42.89,0.0,219.693
14.9,10.92,48.4,0.0,385.44
9.7,14.64,41.15,0.0,518.143
12.4,10.44,44.68,0.0,626.351
13.8,2.4,47.01,0.0,722.0210000000001
11.1,0.72,42.21,0.0,706.19
8.2,1.32,41.31,0.0,667.586
10.3,0.72,43.85,0.0,499.034
8.6,5.4,43.19,0.0,430.978
13.0,4.08,52.25,0.0,283.492
8.2,4.08,44.05,0.0,143.358
11.7,3.0,43.33,0.0,15.5655
12.4,3.48,39.76,0.0,0.0
9.1,1.92,33.42,0.0,0.0
8.2,1.2,31.27,0.0,0.0
7.3,9.48,28.74,0.0,0.0
8.6,0.84,29.95,0.0,0.0
7.2,0.12,27.46,0.0,0.0
6.5,0.12,25.7,0.0,0.0
8.6,0.24,28.63,0.0,0.0
6.4,0.0,24.46,0.0,0.0
9.1,3.84,28.94,0.0,0.0
6.3,11.4,25.8,0.0,0.0
7.0,14.88,29.36,0.0,72.3445
12.2,12.36,38.09,0.0,173.813
12.5,14.4,39.12,0.0,271.841
12.3,11.28,40.65,0.0,395.0580000000001
13.0,0.6,43.15,0.0,481.34
10.5,1.08,39.85,0.0,536.125
12.7,2.28,41.02,0.0,590.258
14.6,1.44,42.24,0.0,499.525
15.3,1.44,40.8,0.0,402.984
10.0,1.32,33.76,0.0,422.106
9.3,0.96,33.68,0.0,282.533
12.3,3.96,37.22,0.0,131.453
12.8,2.76,33.36,0.0,15.6251
9.8,2.16,25.52,0.0,0.0
10.7,2.4,26.72,0.0,0.0
7.3,3.84,20.18,0.0,0.0
7.2,2.52,19.19,0.0,0.0
8.3,1.8,19.89,0.0,0.0
5.6,0.72,14.76,0.0,0.0
6.3,1.32,15.67,0.0,0.0
9.8,0.0,20.91,0.0,0.0
8.2,0.12,17.67,0.0,0.0
5.2,1.8,13.44,0.0,0.0
10.2,14.16,26.11,0.0,0.0
10.8,16.56,32.49,0.0,77.9066
10.5,13.32,35.6,0.0,218.922
9.5,8.28,37.39,0.0,385.455
11.4,5.28,42.23,0.0,537.567
14.7,15.48,46.41,0.0,654.115
10.7,4.32,40.18,0.0,738.914
14.7,3.12,46.54,0.0,767.6060000000001
12.5,5.04,45.77,0.0,781.846
8.1,2.88,44.11,0.0,694.171
7.7,2.88,47.35,0.0,581.9780000000001
11.8,5.04,54.22,0.0,377.017
10.7,4.32,49.83,0.0,168.834
18.4,6.0,52.99,0.0,17.8169
14.2,2.64,40.55,0.0,0.0
11.3,1.92,35.29,0.0,0.0
8.4,1.2,30.38,0.0,0.0
7.8,0.24,28.6,0.0,0.0
7.3,0.48,26.22,0.0,0.0
4.3,2.16,20.07,0.0,0.0
5.4,3.72,20.99,0.0,0.0
9.0,0.12,25.99,0.0,0.0
7.8,0.12,22.74,0.0,0.0
6.4,4.56,19.99,0.0,0.0
8.8,16.68,28.45,0.0,0.0
9.6,12.0,34.03,0.0,78.2683
11.2,16.32,37.82,0.0,215.377
12.0,9.24,38.09,0.0,316.004
10.7,2.04,34.91,0.0,424.581
10.9,4.2,36.04,0.0,491.541
9.3,0.72,34.33,0.0,521.8919999999999
9.2,1.44,34.49,0.0,817.4889999999999
10.4,1.44,38.8,0.0,736.523
10.7,0.84,42.93,0.0,655.807
8.5,3.48,44.67,0.0,572.19
17.2,1.56,59.46,0.0,392.81
16.3,2.52,57.9,0.0,178.83900000000003
14.2,5.28,47.99,0.0,18.0317
11.9,3.72,37.95,0.0,0.0
11.2,1.2,34.93,0.0,0.0
10.3,1.8,31.86,0.0,0.0
7.6,1.08,26.33,0.0,0.0
4.7,2.52,20.69,0.0,0.0
7.8,2.28,25.33,0.0,0.0
6.1,1.08,20.87,0.0,0.0
8.6,0.0,24.02,0.0,0.0
7.0,0.0,20.17,0.0,0.0
7.5,1.44,20.3,0.0,0.0
9.5,10.08,26.67,0.0,0.0
7.3,14.76,25.23,0.0,80.2776
13.7,10.68,37.24,0.0,210.76
14.7,5.28,38.59,0.0,333.829
10.1,5.16,31.23,0.0,482.039
11.0,9.72,31.73,0.0,552.9490000000001
11.3,4.92,31.73,0.0,635.359
12.5,5.28,35.33,0.0,593.8580000000001
11.5,4.8,36.52,0.0,613.245
10.5,3.72,38.58,0.0,506.251
8.2,3.24,37.31,0.0,388.468
14.9,3.6,47.77,0.0,253.807
13.3,0.96,43.01,0.0,107.464
13.6,4.44,39.38,0.0,17.3788
10.3,1.44,30.69,0.0,0.0
9.5,2.28,28.37,0.0,0.0
8.3,0.96,24.8,0.0,0.0
7.0,6.24,21.35,0.0,0.0
8.4,1.8,23.35,0.0,0.0
5.3,0.48,17.99,0.0,0.0
4.1,0.12,16.23,0.0,0.0
7.7,0.36,21.56,0.0,0.0
6.5,3.72,18.59,0.0,0.0
4.4,1.56,15.25,0.0,0.0
5.5,0.6,19.48,0.0,0.0
9.2,2.16,29.03,0.0,74.6833
8.7,5.4,30.89,0.0,188.578
8.9,12.12,34.3,0.0,314.225
11.3,20.04,36.76,0.0,418.756
11.8,4.68,38.04,0.0,501.329
12.6,13.32,38.19,0.0,540.918
11.8,1.56,37.58,0.0,561.465
11.0,3.72,40.85,0.0,583.563
8.6,4.8,40.43,0.0,567.547
7.6,6.72,40.04,0.0,436.294
11.8,4.56,43.33,0.0,276.406
13.0,2.4,44.27,0.0,129.336
9.5,1.44,35.66,0.0,16.8687
11.1,4.8,34.21,0.0,0.0
10.9,0.6,32.29,0.0,0.0
9.5,0.84,28.93,0.0,0.0
6.0,3.36,23.03,0.0,0.0
7.8,0.84,25.85,0.0,0.0
6.2,0.0,22.29,0.0,0.0
5.4,1.2,20.5,0.0,0.0
6.5,0.12,21.95,0.0,0.0
6.6,2.28,21.38,0.0,0.0
8.4,3.12,23.94,0.0,0.0
7.5,3.0,24.3,0.0,0.0
8.7,12.48,31.84,0.0,77.3061
11.4,10.44,38.5,0.0,196.036
13.1,18.24,42.4,0.0,319.603
13.4,2.4,43.82,0.0,430.242
12.6,2.88,42.68,0.0,544.433
13.7,1.08,44.41,0.0,666.9739999999999
12.2,2.4,44.33,0.0,625.035
11.4,2.16,45.5,0.0,584.578
13.6,0.72,48.1,0.0,415.095
10.5,4.2,45.52,0.0,379.912
11.8,2.64,47.88,0.0,250.331
11.6,2.4,44.7,0.0,119.619
9.8,1.44,37.2,0.0,11.8899
8.3,3.0,33.09,0.0,0.0
10.5,1.92,35.33,0.0,0.0
7.6,0.48,29.84,0.0,0.0
5.5,2.16,25.37,0.0,0.0
7.9,2.16,27.98,0.0,0.0
5.3,0.0,22.29,0.0,0.0
5.6,1.44,20.83,0.0,0.0
5.3,0.12,19.35,0.0,0.0
5.9,0.0,20.27,0.0,0.0
6.4,0.84,20.8,0.0,0.0
8.2,3.12,26.26,0.0,0.0
10.2,14.52,32.39,0.0,75.7962
10.0,12.84,33.75,0.0,188.579
10.9,10.68,35.93,0.0,272.296
12.2,15.36,38.52,0.0,361.17800000000005
10.7,1.8,36.73,0.0,422.075
9.8,8.04,36.69,0.0,462.31
11.1,5.04,40.29,0.0,503.574
10.1,3.36,40.96,0.0,487.827
8.7,2.52,42.43,0.0,480.064
9.4,2.64,45.39,0.0,412.475
14.4,7.2,52.37,0.0,281.131
16.6,6.84,53.19,0.0,127.456
10.1,5.4,39.9,0.0,18.7033
11.3,3.12,38.26,0.0,0.0
15.2,3.0,42.54,0.0,0.0
9.5,3.84,31.88,0.0,0.0
6.7,3.72,26.33,0.0,0.0
5.0,0.6,22.76,0.0,0.0
5.0,0.36,21.4,0.0,0.0
5.5,0.24,20.68,0.0,0.0
6.4,0.0,21.3,0.0,0.0
6.0,3.24,19.75,0.0,0.0
7.5,1.2,21.69,0.0,0.0
8.0,4.8,30.7,0.0,0.0
7.2,10.32,34.79,0.0,65.4807
12.0,9.6,43.4,0.0,220.954
9.7,11.28,40.23,0.0,401.88
12.5,9.0,43.64,0.0,514.187
9.3,4.56,38.02,0.0,585.253
13.0,6.12,44.26,0.0,634.8530000000001
12.4,4.8,44.7,0.0,668.7
7.7,2.04,41.56,0.0,674.716
8.8,1.68,48.75,0.0,653.033
8.3,0.48,51.22,0.0,527.633
12.0,1.92,57.1,0.0,370.051
10.4,0.84,54.31,0.0,171.627
12.2,3.0,49.7,0.0,20.2905
8.0,1.2,37.84,0.0,0.0
10.8,3.12,39.87,0.0,0.0
11.6,3.0,38.3,0.0,0.0
7.3,0.24,30.07,0.0,0.0
8.4,1.92,30.73,0.0,0.0
8.9,1.56,29.76,0.0,0.0
7.2,0.12,25.18,0.0,0.0
5.5,1.32,20.92,0.0,0.0
8.2,0.24,24.49,0.0,0.0
5.9,0.36,19.95,0.0,0.0
7.9,5.04,31.81,0.0,0.0
11.9,16.68,43.6,0.0,65.1699
11.9,8.64,43.61,0.0,218.544
10.7,20.04,42.34,0.0,394.139
7.8,7.68,37.99,0.0,514.007
12.4,1.44,45.29,0.0,607.2130000000001
18.2,10.68,53.02,0.0,657.622
13.2,1.8,48.68,0.0,616.859
12.7,4.92,50.81,0.0,558.624
9.9,2.52,49.05,0.0,481.185
10.3,0.84,50.78,0.0,382.549
10.9,4.08,52.65,0.0,265.35400000000004
16.7,0.96,57.41,0.0,127.209
12.3,1.2,48.74,0.0,19.4716
10.8,1.68,42.64,0.0,0.0
11.0,4.68,41.49,0.0,0.0
10.8,2.28,39.12,0.0,0.0
11.3,3.0,37.75,0.0,0.0
9.2,0.36,33.04,0.0,0.0
5.5,0.12,26.06,0.0,0.0
5.1,0.12,23.17,0.0,0.0
5.0,1.2,21.18,0.0,0.0
4.9,0.12,20.12,0.0,0.0
3.5,3.0,17.6,0.0,0.0
9.2,5.28,38.33,0.0,0.0
8.5,12.24,41.05,0.0,65.6902
9.8,12.36,43.16,0.0,211.738
12.4,4.2,46.93,0.0,368.573
12.4,4.68,46.34,0.0,502.746
13.8,3.72,48.47,0.0,574.63
11.9,10.44,46.63,0.0,630.031
13.0,4.2,50.34,0.0,595.4540000000001
8.1,1.56,46.86,0.0,561.844
10.3,1.2,53.42,0.0,480.4
6.9,3.0,50.51,0.0,409.294
8.5,2.64,53.54,0.0,261.543
14.8,1.08,58.56,0.0,127.295
14.1,3.72,53.87,0.0,18.2142
15.1,3.24,52.0,0.0,0.0
12.6,2.88,47.64,0.0,0.0
9.4,1.2,40.69,0.0,0.0
6.4,2.04,33.97,0.0,0.0
7.9,0.12,34.52,0.0,0.0
5.9,0.48,29.58,0.0,0.0
5.5,1.56,27.01,0.0,0.0
8.8,0.12,30.94,0.0,0.0
6.8,1.2,25.74,0.0,0.0
7.2,1.56,25.76,0.0,0.0
7.8,8.52,29.56,0.0,0.0
10.4,10.44,38.34,0.0,77.2107
11.8,8.64,43.13,0.0,192.621
11.0,4.32,44.04,0.0,333.725
11.9,3.48,46.24,0.0,417.94
18.3,1.56,53.33,0.0,527.09
19.7,3.6,54.24,0.0,642.434
13.5,5.4,50.39,0.0,609.97
9.2,4.68,48.59,0.0,579.591
8.9,1.68,52.3,0.0,522.632
10.5,1.32,57.21,0.0,436.172
10.6,2.64,57.65,0.0,276.74
11.9,0.96,57.1,0.0,132.877
10.8,2.4,52.01,0.0,21.3134
8.5,1.56,43.92,0.0,0.0
13.9,2.16,48.63,0.0,0.0
7.1,4.92,36.51,0.0,0.0
6.5,0.48,33.57,0.0,0.0
5.3,0.6,29.36,0.0,0.0
6.3,0.24,29.31,0.0,0.0
4.5,0.0,24.98,0.0,0.0
5.1,0.12,25.07,0.0,0.0
5.3,1.56,24.22,0.0,0.0
6.2,2.16,24.9,0.0,0.0
6.0,0.12,31.89,0.0,0.0
7.4,2.88,41.1,0.0,58.7277
12.3,7.08,48.28,0.0,227.928
8.7,13.8,44.29,0.0,433.174
7.9,14.04,43.89,0.0,597.736
10.8,1.8,46.59,0.0,680.6389999999999
10.9,4.68,46.56,0.0,657.4110000000001
13.4,1.56,51.07,0.0,676.2539999999999
14.6,2.64,54.67,0.0,672.0930000000001
11.1,2.16,55.52,0.0,626.674
11.8,3.24,58.38,0.0,551.336
13.3,3.48,59.95,0.0,364.412
15.0,6.72,60.67,0.0,179.229
9.8,3.24,54.89,0.0,22.2032
8.3,5.16,45.79,0.0,0.0
8.7,1.56,43.48,0.0,0.0
7.0,0.24,37.99,0.0,0.0
5.7,0.96,33.76,0.0,0.0
9.5,0.6,37.92,0.0,0.0
5.4,0.48,29.19,0.0,0.0
6.1,0.12,28.53,0.0,0.0
8.2,0.12,30.46,0.0,0.0
6.7,0.0,26.87,0.0,0.0
9.8,1.56,31.34,0.0,0.0
8.9,3.24,38.61,0.0,0.0
12.2,13.68,47.86,0.0,54.7011
9.0,8.04,44.75,0.0,228.787
12.0,20.4,49.46,0.0,427.668
10.7,4.56,48.48,0.0,564.389
11.4,4.44,49.8,0.0,654.755
11.9,4.56,50.42,0.0,694.395
13.8,4.44,52.83,0.0,778.686
8.6,4.2,50.05,0.0,757.846
10.4,2.76,56.8,0.0,684.44
8.1,3.36,55.86,0.0,560.36
10.4,3.72,58.88,0.0,387.12
12.1,2.64,59.59,0.0,186.88
9.8,3.72,51.37,0.0,22.481
10.2,2.28,44.26,0.0,0.0
8.9,4.08,39.72,0.0,0.0
8.6,0.96,36.98,0.0,0.0
7.7,2.16,34.27,0.0,0.0
6.5,2.04,31.47,0.0,0.0
6.5,0.12,30.68,0.0,0.0
5.2,1.56,28.08,0.0,0.0
7.5,0.12,32.06,0.0,0.0
4.2,0.0,25.85,0.0,0.0
6.7,2.28,30.34,0.0,0.0
11.2,1.8,41.64,0.0,0.0
8.4,20.04,37.78,0.0,77.7545
10.7,13.56,43.68,0.0,202.328
12.4,12.0,47.59,0.0,313.065
12.2,6.6,47.57,0.0,424.259
12.6,0.84,43.17,0.0,403.684
14.4,5.16,42.68,0.0,392.288
11.7,2.76,38.62,0.0,419.463
7.4,4.92,34.53,0.0,465.557
8.7,3.36,39.4,0.0,435.906
9.4,3.48,44.69,0.0,410.437
10.8,3.24,46.86,0.0,305.945
14.8,3.84,52.28,0.0,144.205
11.1,1.92,43.45,0.0,22.7341
9.2,3.0,36.41,0.0,0.0
10.3,1.08,37.28,0.0,0.0
13.7,2.88,41.05,0.0,0.0
7.2,2.88,29.11,0.0,0.0
6.8,0.84,27.7,0.0,0.0
6.7,0.48,26.28,0.0,0.0
8.3,0.48,25.3,0.0,0.0
6.0,0.0,18.31,0.0,0.0
6.2,2.76,17.89,0.0,0.0
6.5,2.16,18.04,0.0,0.0
5.0,5.76,19.75,0.0,0.0
9.3,10.32,36.74,0.0,65.2607
11.5,11.04,41.81,0.0,235.811
12.7,10.44,42.7,0.0,419.008
13.7,6.36,43.24,0.0,570.206
11.3,2.52,37.16,0.0,664.012
14.1,2.28,40.5,0.0,753.1039999999999
15.3,6.48,43.54,0.0,737.698
9.7,2.28,40.73,0.0,783.297
11.5,0.84,49.77,0.0,715.7810000000001
9.7,1.44,52.31,0.0,598.558
11.1,0.84,55.31,0.0,428.981
11.1,1.56,56.06,0.0,213.904
12.9,1.44,53.1,0.0,24.0406
9.0,1.08,39.44,0.0,0.0
7.3,3.12,34.77,0.0,0.0
7.7,3.6,32.66,0.0,0.0
8.8,0.48,31.94,0.0,0.0
8.7,0.96,30.2,0.0,0.0
6.1,0.12,24.7,0.0,0.0
8.9,0.24,26.82,0.0,0.0
8.9,0.48,25.18,0.0,0.0
8.6,0.36,23.96,0.0,0.0
6.7,1.56,20.79,0.0,0.0
6.4,5.4,25.52,0.0,0.0
8.9,14.88,36.78,0.0,72.9593
12.9,6.96,45.24,0.0,219.912
8.4,12.12,40.21,0.0,407.071
11.7,6.0,43.93,0.0,580.339
12.4,5.76,42.44,0.0,713.7460000000001
13.5,4.92,43.44,0.0,701.596
12.2,3.12,42.7,0.0,684.179
12.1,3.0,46.51,0.0,632.085
9.4,1.8,48.68,0.0,638.0840000000001
9.9,0.72,52.76,0.0,505.657
10.8,1.8,55.03,0.0,335.86800000000005
10.7,3.0,52.46,0.0,138.036
11.5,1.32,49.07,0.0,23.7924
13.9,2.52,46.63,0.0,0.0
7.2,2.28,35.72,0.0,0.0
9.3,4.08,36.21,0.0,0.0
6.1,2.4,30.37,0.0,0.0
6.0,1.68,30.02,0.0,0.0
6.0,1.44,29.33,0.0,0.0
12.5,0.12,38.36,0.0,0.0
4.9,0.48,25.03,0.0,0.0
5.0,0.12,25.35,0.0,0.0
7.7,0.24,30.14,0.0,0.0
6.0,5.76,27.71,0.0,0.0
9.9,7.56,35.34,0.0,57.0628
10.8,5.88,29.87,0.0,118.152
11.3,6.36,27.74,0.0,175.335
13.7,6.36,30.76,0.0,256.431
10.4,3.84,26.92,0.0,404.989
11.6,2.4,28.8,0.0,497.176
10.6,1.8,27.63,0.0,420.564
8.9,1.92,27.45,0.0,447.898
8.1,1.8,29.95,0.0,436.386
12.1,1.92,38.41,0.0,336.19699999999995
11.4,0.6,37.08,0.0,212.862
13.1,3.84,38.14,0.0,100.179
12.3,3.48,34.23,0.0,15.6225
11.3,1.08,31.21,0.0,0.0
11.6,1.56,30.81,0.0,0.0
8.7,1.44,25.48,0.0,0.0
9.2,2.4,25.06,0.0,0.0
3.8,1.08,16.01,0.0,0.0
11.8,0.24,27.87,0.0,0.0
9.8,0.12,23.28,0.0,0.0
5.3,0.0,15.56,0.0,0.0
5.3,0.12,15.31,0.0,0.0
5.5,2.52,14.98,0.0,0.0
8.1,8.64,29.35,0.0,0.0
10.6,13.32,39.24,0.0,51.2436
12.6,9.24,42.92,0.0,231.361
9.1,12.96,39.72,0.0,449.9980000000001
9.9,1.8,41.39,0.0,583.953
13.5,6.84,44.85,0.0,678.806
13.4,1.2,44.7,0.0,640.974
14.3,5.28,46.85,0.0,773.9630000000001
9.0,7.44,43.77,0.0,692.008
9.9,0.72,51.23,0.0,716.686
10.4,3.6,55.72,0.0,614.425
15.6,4.56,60.0,0.0,438.342
10.9,3.48,58.2,0.0,210.855
8.9,4.08,49.9,0.0,24.9917
10.0,2.4,42.51,0.0,0.0
9.1,1.92,38.13,0.0,0.0
7.5,2.04,33.47,0.0,0.0
11.5,0.48,36.98,0.0,0.0
7.4,0.6,28.49,0.0,0.0
4.9,2.52,23.05,0.0,0.0
5.3,0.12,21.92,0.0,0.0
7.7,0.24,25.04,0.0,0.0
6.7,0.12,22.53,0.0,0.0
6.4,0.72,21.38,0.0,0.0
10.7,2.28,40.21,0.0,0.0
9.2,1.32,41.91,0.0,43.0686
15.8,6.72,49.96,0.0,236.55
13.0,9.48,47.48,0.0,441.47
7.8,15.36,42.14,0.0,603.861
11.9,2.76,43.79,0.0,638.073
12.8,4.2,44.46,0.0,671.26
13.4,2.28,47.55,0.0,826.086
7.7,10.08,42.41,0.0,798.827
8.7,2.64,47.22,0.0,704.105
8.8,3.36,49.99,0.0,592.987
12.4,6.12,56.71,0.0,444.475
9.6,3.12,52.99,0.0,214.586
14.5,2.76,51.36,0.0,26.4005
10.8,7.44,38.89,0.0,0.0
8.1,2.64,33.48,0.0,0.0
8.7,3.0,32.4,0.0,0.0
7.4,2.04,28.78,0.0,0.0
5.2,0.96,24.14,0.0,0.0
5.6,0.24,23.84,0.0,0.0
4.4,0.12,20.95,0.0,0.0
7.9,0.0,26.13,0.0,0.0
6.1,0.12,21.87,0.0,0.0
7.6,6.24,24.76,0.0,0.0
6.8,0.96,27.78,0.0,0.0
9.9,11.52,37.79,0.0,76.4415
12.1,7.68,44.18,0.0,201.938
10.3,9.72,43.24,0.0,347.213
12.0,2.4,46.96,0.0,474.913
10.5,2.88,43.97,0.0,595.194
15.9,2.64,48.75,0.0,674.1139999999999
12.0,2.16,42.45,0.0,779.311
13.1,2.4,49.76,0.0,783.077
18.7,2.28,60.04,0.0,743.8789999999999
10.6,1.2,54.48,0.0,585.211
10.8,3.72,54.1,0.0,360.474
9.2,1.32,49.62,0.0,145.157
10.2,0.96,47.09,0.0,25.4925
10.9,0.96,42.68,0.0,0.0
10.9,3.12,40.45,0.0,0.0
6.6,1.92,32.35,0.0,0.0
7.2,2.4,32.45,0.0,0.0
6.4,2.4,29.95,0.0,0.0
6.5,0.6,29.23,0.0,0.0
6.6,1.8,28.15,0.0,0.0
7.5,0.36,28.1,0.0,0.0
7.8,1.68,27.4,0.0,0.0
4.6,0.96,21.01,0.0,0.0
7.0,3.48,37.27,0.0,0.0
8.6,17.76,44.18,0.0,43.4145
11.5,13.68,47.45,0.0,221.308
9.3,10.68,45.1,0.0,431.807
12.4,6.6,48.76,0.0,578.177
14.9,4.44,51.06,0.0,713.5010000000001
11.5,10.92,47.13,0.0,690.008
12.0,5.28,48.67,0.0,797.07
11.0,0.96,50.78,0.0,781.926
7.6,5.16,51.4,0.0,728.449
13.4,4.92,59.2,0.0,586.7919999999999
10.8,2.52,57.81,0.0,403.597
12.7,2.4,59.18,0.0,198.505
11.3,3.48,52.98,0.0,26.0832
8.9,6.72,41.72,0.0,0.0
10.7,1.92,42.13,0.0,0.0
13.7,0.84,43.83,0.0,0.0
6.0,1.2,30.35,0.0,0.0
7.8,0.24,31.4,0.0,0.0
4.0,0.96,23.88,0.0,0.0
6.1,0.12,26.1,0.0,0.0
5.0,0.0,22.6,0.0,0.0
7.8,2.52,26.07,0.0,0.0
6.8,6.12,23.13,0.0,0.0
7.2,9.0,34.7,0.0,0.0
9.5,12.0,43.33,0.0,45.7837
12.8,6.36,47.04,0.0,226.903
12.5,16.92,47.02,0.0,436.661
11.6,11.88,46.22,0.0,604.251
10.7,2.88,45.27,0.0,717.211
9.5,3.48,44.43,0.0,781.29
11.6,5.04,47.67,0.0,770.525
7.9,2.04,45.62,0.0,727.947
9.3,1.08,53.46,0.0,697.747
7.0,0.72,53.45,0.0,556.315
11.9,0.96,58.73,0.0,440.302
12.1,1.08,59.05,0.0,222.599
12.5,1.68,57.08,0.0,27.8379
10.9,3.24,48.04,0.0,0.0
10.0,1.68,43.59,0.0,0.0
11.1,3.24,42.29,0.0,0.0
6.4,0.36,33.56,0.0,0.0
4.5,0.36,29.47,0.0,0.0
3.7,0.24,26.82,0.0,0.0
7.2,0.0,30.28,0.0,0.0
7.7,4.92,28.98,0.0,0.0
8.2,0.36,28.2,0.0,0.0
7.4,3.12,25.96,0.0,0.0
6.0,5.16,34.15,0.0,0.0
9.8,15.6,44.4,0.0,46.9592
10.3,7.8,45.08,0.0,219.878
9.8,12.24,44.89,0.0,416.92800000000005
15.3,7.32,50.49,0.0,538.997
11.7,3.12,45.5,0.0,603.165
12.2,4.92,45.33,0.0,655.971
12.5,0.84,46.71,0.0,764.3910000000001
11.2,1.32,50.82,0.0,769.5269999999999
7.9,1.56,51.59,0.0,699.933
6.6,0.6,51.74,0.0,599.466
12.2,1.44,57.49,0.0,410.337
12.1,1.32,57.55,0.0,209.165
10.9,1.32,53.23,0.0,27.1867
8.8,5.64,42.47,0.0,0.0
14.3,5.04,47.05,0.0,0.0
10.0,1.2,39.28,0.0,0.0
7.0,2.64,33.44,0.0,0.0
4.6,0.48,27.94,0.0,0.0
5.4,0.36,27.45,0.0,0.0
8.7,0.48,30.67,0.0,0.0
5.1,0.96,22.8,0.0,0.0
4.6,0.0,20.93,0.0,0.0
7.5,1.32,25.11,0.0,0.0
6.9,3.0,27.57,0.0,0.0
8.9,7.32,39.38,0.0,66.2892
8.2,10.56,42.15,0.0,220.80900000000003
14.1,5.04,49.52,0.0,432.881
10.1,7.32,44.77,0.0,588.559
12.0,2.52,46.33,0.0,700.9110000000001
11.1,3.24,44.75,0.0,773.677
15.0,3.48,50.77,0.0,778.07
9.5,4.32,46.62,0.0,659.304
9.7,0.96,51.35,0.0,650.8290000000001
7.7,1.8,52.5,0.0,507.867
8.3,0.6,55.75,0.0,351.147
12.2,2.64,57.46,0.0,148.815
8.3,2.04,49.09,0.0,26.0945
11.9,6.84,48.07,0.0,0.0
11.1,3.96,44.31,0.0,0.0
8.8,0.6,38.65,0.0,0.0
5.9,1.8,32.61,0.0,0.0
6.2,0.48,31.37,0.0,0.0
6.7,0.36,30.89,0.0,0.0
9.6,0.24,33.87,0.0,0.0
6.6,0.24,26.83,0.0,0.0
6.3,0.12,24.87,0.0,0.0
9.0,2.52,28.39,0.0,0.0
10.4,10.56,35.85,0.0,0.0
10.6,12.0,44.5,0.0,48.0779
13.0,8.52,47.71,0.0,223.377
12.3,13.8,47.62,0.0,425.673
8.2,3.36,43.82,0.0,600.755
11.9,4.8,48.09,0.0,714.206
12.2,8.16,48.38,0.0,702.413
10.3,4.08,45.79,0.0,757.0169999999999
11.6,1.8,51.16,0.0,767.3889999999999
9.0,4.32,52.61,0.0,671.7230000000001
7.3,2.88,53.27,0.0,545.701
13.0,1.08,58.86,0.0,353.528
15.0,3.24,59.72,0.0,155.30700000000002
11.7,1.68,53.88,0.0,26.7969
11.1,1.56,45.83,0.0,0.0
10.3,1.68,41.42,0.0,0.0
10.2,6.12,38.4,0.0,0.0
7.9,3.24,33.66,0.0,0.0
8.1,3.96,32.51,0.0,0.0
7.0,1.68,28.64,0.0,0.0
11.5,0.24,34.67,0.0,0.0
6.5,0.24,25.75,0.0,0.0
5.4,4.44,22.95,0.0,0.0
7.1,4.56,25.2,0.0,0.0
10.2,2.64,33.85,0.0,0.0
10.3,2.04,39.19,0.0,73.4512
10.3,8.4,43.33,0.0,204.371
12.8,13.2,48.65,0.0,368.193
6.6,17.52,40.34,0.0,486.221
13.3,0.6,49.3,0.0,574.706
14.8,3.84,50.46,0.0,655.4739999999999
14.1,1.44,51.28,0.0,645.164
10.4,4.68,46.37,0.0,612.563
10.2,7.92,46.45,0.0,472.631
7.8,3.72,37.9,0.0,263.793
13.6,1.32,43.3,0.0,183.088
10.6,2.52,36.72,0.0,75.7423
11.4,2.04,35.66,0.0,23.4526
11.3,7.08,33.32,0.0,0.0
8.2,1.32,28.07,0.0,0.0
8.2,1.32,27.2,0.0,0.0
6.8,0.72,24.2,0.0,0.0
6.5,0.12,23.23,0.0,0.0
5.1,0.24,20.51,0.0,0.0
5.6,0.12,21.21,0.0,0.0
7.4,0.24,23.94,0.0,0.0
4.9,0.12,18.74,0.0,0.0
3.8,3.36,17.04,0.0,0.0
7.9,5.76,29.0,0.0,0.0
10.7,11.04,39.49,0.0,73.8858
11.4,9.24,41.29,0.0,197.889
12.0,18.24,43.45,0.0,310.519
12.7,3.72,46.09,0.0,412.797
10.8,2.64,44.07,0.0,509.854
10.7,4.08,45.62,0.0,526.357
13.9,1.32,52.84,0.0,534.321
9.1,1.8,48.52,0.0,493.591
10.3,2.64,50.34,0.0,396.4980000000001
9.6,0.36,42.32,0.0,276.821
9.2,1.8,36.85,0.0,140.078
9.6,0.6,36.56,0.0,83.9477
9.3,1.44,34.14,0.0,19.1031
11.6,2.28,34.25,0.0,0.0
7.8,1.8,27.01,0.0,0.0
7.7,0.96,25.66,0.0,0.0
6.3,2.04,22.52,0.0,0.0
6.5,0.36,22.35,0.0,0.0
6.1,2.16,21.41,0.0,0.0
6.7,1.68,22.93,0.0,0.0
7.8,0.36,25.76,0.0,0.0
5.7,0.36,22.0,0.0,0.0
6.2,2.4,23.02,0.0,0.0
9.6,3.96,33.63,0.0,0.0
10.4,17.64,39.97,0.0,72.7844
12.1,8.64,44.01,0.0,197.358
7.6,7.2,38.76,0.0,318.385
8.1,8.64,41.95,0.0,424.124
9.9,2.28,45.11,0.0,534.641
11.3,6.48,47.58,0.0,523.447
11.6,4.2,49.64,0.0,502.761
9.1,3.72,45.07,0.0,370.745
9.8,11.88,43.28,0.0,335.357
10.0,1.56,40.93,0.0,219.813
12.9,1.92,44.73,0.0,154.511
16.0,4.08,48.39,0.0,83.7818
10.6,2.28,37.22,0.0,22.7681
10.1,11.04,34.38,0.0,0.0
9.7,0.96,32.85,0.0,0.0
6.8,0.6,27.09,0.0,0.0
8.0,1.92,27.79,0.0,0.0
7.5,3.0,25.52,0.0,0.0
4.5,2.04,19.48,0.0,0.0
6.4,0.0,22.21,0.0,0.0
6.7,0.12,22.16,0.0,0.0
5.3,5.16,19.32,0.0,0.0
4.0,4.56,16.55,0.0,0.0
6.4,4.2,23.51,0.0,0.0
9.2,9.72,32.86,0.0,73.7597
12.2,7.44,40.83,0.0,194.149
12.4,11.88,43.12,0.0,347.241
10.4,6.12,40.33,0.0,476.229
12.1,3.12,42.58,0.0,574.743
12.7,0.96,43.93,0.0,686.293
12.3,5.16,45.9,0.0,646.752
10.1,1.44,47.13,0.0,609.686
7.8,0.48,46.11,0.0,469.844
8.8,0.84,44.9,0.0,324.404
9.4,1.44,43.88,0.0,211.612
13.9,2.04,47.76,0.0,86.9209
12.9,1.32,43.43,0.0,21.0199
10.4,1.68,34.98,0.0,0.0
11.5,2.28,33.49,0.0,0.0
8.6,0.72,26.65,0.0,0.0
8.5,0.0,24.64,0.0,0.0
5.1,1.44,17.99,0.0,0.0
7.5,1.68,21.3,0.0,0.0
4.2,0.12,15.65,0.0,0.0
6.2,0.0,18.27,0.0,0.0
11.0,1.68,25.91,0.0,0.0
7.2,2.64,19.12,0.0,0.0
5.6,4.08,18.15,0.0,0.0
9.0,11.4,28.59,0.0,70.6799
15.3,9.72,42.31,0.0,181.332
11.3,21.24,39.4,0.0,315.994
10.1,5.28,40.82,0.0,477.281
14.0,7.08,47.19,0.0,605.8430000000001
11.8,6.84,44.64,0.0,699.0830000000001
11.0,2.16,46.25,0.0,650.5790000000001
9.8,2.4,46.33,0.0,583.511
9.7,2.64,46.21,0.0,451.114
10.0,1.2,46.55,0.0,348.1
10.1,2.76,47.03,0.0,255.29
11.1,2.16,42.77,0.0,89.0893
12.2,2.88,39.49,0.0,7.062239999999999
12.4,4.08,38.16,0.0,0.0
7.4,1.92,28.43,0.0,0.0
9.1,3.84,28.9,0.0,0.0
5.9,0.72,22.93,0.0,0.0
6.1,0.0,22.61,0.0,0.0
5.0,0.48,20.05,0.0,0.0
7.7,1.32,24.05,0.0,0.0
4.5,1.68,18.49,0.0,0.0
6.8,1.92,22.4,0.0,0.0
6.1,2.4,20.75,0.0,0.0
7.0,5.76,23.62,0.0,0.0
9.3,8.76,31.95,0.0,68.9825
13.2,13.8,40.17,0.0,173.765
12.0,6.12,41.08,0.0,322.454
10.2,3.96,40.12,0.0,477.544
13.5,0.84,42.96,0.0,591.864
12.3,4.56,39.89,0.0,684.477
16.4,0.72,47.32,0.0,650.058
9.9,2.4,42.59,0.0,619.393
10.9,1.08,49.23,0.0,488.365
8.6,1.68,46.32,0.0,394.0630000000001
11.4,1.68,50.37,0.0,262.509
12.0,4.2,44.77,0.0,92.174
14.3,2.4,41.17,0.0,7.12987
9.4,7.32,30.66,0.0,0.0
12.2,2.4,33.13,0.0,0.0
10.0,0.36,27.49,0.0,0.0
6.6,0.84,20.83,0.0,0.0
5.3,0.6,18.41,0.0,0.0
5.7,0.0,18.81,0.0,0.0
8.9,0.0,24.38,0.0,0.0
6.7,0.0,20.5,0.0,0.0
7.1,0.12,21.67,0.0,0.0
9.4,8.28,26.49,0.0,0.0
3.6,3.24,18.29,0.0,0.0
9.3,13.08,35.29,0.0,69.5684
11.6,6.0,43.47,0.0,185.457
10.8,14.04,45.82,0.0,330.095
12.0,2.88,49.57,0.0,499.87
10.8,0.6,48.11,0.0,632.192
13.3,2.64,51.83,0.0,730.9630000000001
11.4,4.8,51.21,0.0,716.541
12.6,7.08,56.25,0.0,663.922
11.3,2.04,57.57,0.0,589.227
14.1,0.84,61.2,0.0,479.556
10.3,3.0,58.91,0.0,314.723
11.9,3.84,58.67,0.0,160.30100000000002
9.6,3.0,50.0,0.0,26.5741
10.1,2.16,46.16,0.0,0.0
8.5,1.68,41.77,0.0,0.0
6.5,0.6,36.78,0.0,0.0
7.9,2.04,38.11,0.0,0.0
4.8,1.32,31.75,0.0,0.0
5.3,0.96,31.88,0.0,0.0
6.0,0.0,31.43,0.0,0.0
8.0,0.24,33.17,0.0,0.0
8.5,0.12,32.92,0.0,0.0
6.3,2.16,27.97,0.0,0.0
5.4,0.72,30.12,0.0,0.0
9.5,3.24,43.74,0.0,70.4305
10.4,6.24,47.23,0.0,197.93
8.9,13.92,46.56,0.0,356.75300000000004
12.9,10.44,52.53,0.0,480.774
10.4,4.08,48.65,0.0,615.821
10.8,5.04,48.13,0.0,692.562
14.6,3.72,52.92,0.0,725.438
9.4,3.0,49.79,0.0,738.6610000000001
15.3,7.08,59.48,0.0,647.135
14.2,1.92,59.34,0.0,591.0459999999999
14.0,2.52,60.46,0.0,417.136
11.6,4.2,60.57,0.0,210.169
11.7,1.68,59.43,0.0,30.6432
7.3,8.16,47.17,0.0,0.0
15.5,1.56,54.0,0.0,0.0
10.0,0.6,44.35,0.0,0.0
6.8,0.48,36.69,0.0,0.0
9.8,2.4,39.47,0.0,0.0
5.8,0.84,31.11,0.0,0.0
7.6,0.12,32.39,0.0,0.0
5.2,0.12,26.88,0.0,0.0
6.5,0.0,27.98,0.0,0.0
7.6,3.96,28.25,0.0,0.0
8.3,3.84,39.69,0.0,0.0
10.5,11.4,47.15,0.0,39.1543
14.7,9.6,52.0,0.0,215.634
11.5,17.88,48.71,0.0,433.656
14.3,3.24,52.04,0.0,589.43
11.9,10.32,49.17,0.0,680.285
10.7,2.64,48.21,0.0,737.7719999999999
13.0,0.96,52.3,0.0,785.898
9.7,1.32,52.85,0.0,781.02
12.4,3.12,59.93,0.0,702.796
12.6,2.52,60.32,0.0,585.941
12.5,2.04,61.05,0.0,404.651
8.3,3.48,60.0,0.0,211.335
11.3,1.08,59.95,0.0,29.8847
8.4,0.6,52.05,0.0,0.0
8.8,3.36,48.43,0.0,0.0
7.5,1.56,42.3,0.0,0.0
6.2,2.16,37.23,0.0,0.0
5.3,0.48,33.21,0.0,0.0
8.7,0.24,36.15,0.0,0.0
14.2,0.36,42.03,0.0,0.0
8.2,0.0,29.48,0.0,0.0
6.5,0.36,25.73,0.0,0.0
6.7,1.08,25.71,0.0,0.0
5.9,0.96,33.21,0.0,0.0
12.5,11.64,47.48,0.0,56.1246
11.9,3.0,47.38,0.0,205.813
8.4,4.08,44.41,0.0,390.292
10.6,5.64,47.44,0.0,525.033
7.8,9.36,42.5,0.0,626.758
10.0,6.24,45.6,0.0,722.569
11.9,3.24,49.53,0.0,769.885
9.2,5.28,49.49,0.0,727.2510000000001
11.1,4.56,57.44,0.0,655.818
10.0,2.76,57.69,0.0,505.855
10.8,3.48,58.49,0.0,374.777
11.9,1.44,59.01,0.0,190.722
14.3,2.64,58.81,0.0,28.9241
11.4,2.52,52.12,0.0,0.0
13.0,1.08,51.94,0.0,0.0
6.6,4.32,42.36,0.0,0.0
4.7,1.08,37.67,0.0,0.0
9.2,0.6,42.46,0.0,0.0
8.7,0.24,38.39,0.0,0.0
9.0,2.4,36.77,0.0,0.0
6.0,0.12,30.01,0.0,0.0
10.2,0.12,36.17,0.0,0.0
7.7,1.2,30.67,0.0,0.0
9.3,5.64,38.64,0.0,0.0
16.1,13.56,54.03,0.0,54.3725
17.3,9.96,53.94,0.0,207.254
12.3,6.72,49.03,0.0,393.585
10.8,6.36,48.84,0.0,557.439
8.3,1.68,45.99,0.0,678.8760000000001
11.5,8.28,50.55,0.0,592.8330000000001
13.7,0.96,53.52,0.0,604.0169999999999
11.2,0.72,53.43,0.0,583.195
9.8,0.48,55.17,0.0,539.528
7.8,0.72,55.04,0.0,434.15
9.1,1.32,55.41,0.0,270.064
9.9,2.64,53.94,0.0,125.792
14.6,0.96,54.47,0.0,19.7927
13.4,3.36,50.84,0.0,0.0
8.4,2.28,42.86,0.0,0.0
15.9,0.48,48.54,0.0,0.0
9.5,0.36,36.81,0.0,0.0
9.2,0.6,35.51,0.0,0.0
7.7,0.12,30.63,0.0,0.0
6.8,0.12,25.67,0.0,0.0
11.2,0.12,29.69,0.0,0.0
8.4,0.48,23.68,0.0,0.0
11.1,0.36,27.0,0.0,0.0
8.0,1.44,24.42,0.0,0.0
9.7,10.2,32.41,0.0,69.8107
9.3,6.84,36.83,0.0,192.616
13.2,11.16,45.65,0.0,332.051
10.9,2.88,43.19,0.0,455.902
13.5,5.28,46.49,0.0,556.7330000000001
11.9,3.0,43.57,0.0,631.9119999999999
13.0,3.6,46.39,0.0,627.114
8.6,3.36,43.77,0.0,600.859
12.7,3.36,52.77,0.0,542.293
8.8,7.2,50.01,0.0,431.237
10.4,2.28,54.09,0.0,292.257
12.1,0.36,54.97,0.0,152.638
11.0,2.16,48.84,0.0,27.6701
10.1,1.92,42.93,0.0,0.0
12.3,1.8,44.36,0.0,0.0
9.4,2.04,38.27,0.0,0.0
6.3,0.84,32.94,0.0,0.0
7.8,0.24,33.5,0.0,0.0
6.6,0.0,30.88,0.0,0.0
4.0,3.12,27.31,0.0,0.0
8.6,0.12,33.79,0.0,0.0
6.1,0.24,27.34,0.0,0.0
5.4,1.2,24.82,0.0,0.0
10.5,7.32,39.94,0.0,0.0
13.7,10.92,46.7,0.0,54.3912
12.9,8.16,45.35,0.0,206.891
10.4,6.84,42.75,0.0,375.12
11.8,1.2,44.61,0.0,573.178
13.5,4.68,45.4,0.0,715.988
10.8,0.48,40.96,0.0,779.779
16.1,5.04,49.14,0.0,802.462
9.9,2.88,44.36,0.0,769.007
9.6,5.04,49.16,0.0,687.235
7.8,7.32,49.87,0.0,570.981
9.7,2.4,53.48,0.0,393.414
11.9,2.76,55.43,0.0,199.328
13.5,1.32,52.02,0.0,29.8074
10.9,1.08,41.71,0.0,0.0
15.6,1.92,45.23,0.0,0.0
8.3,1.2,33.04,0.0,0.0
8.8,0.48,32.34,0.0,0.0
6.3,0.48,27.51,0.0,0.0
7.3,0.36,27.03,0.0,0.0
4.9,2.76,22.1,0.0,0.0
8.3,0.0,25.86,0.0,0.0
11.3,0.12,29.51,0.0,0.0
11.8,3.0,28.94,0.0,0.0
9.9,0.6,28.95,0.0,0.0
11.2,12.96,35.6,0.0,66.6533
12.0,2.04,40.21,0.0,205.288
11.6,6.24,41.31,0.0,382.056
16.2,6.0,46.76,0.0,547.101
14.3,6.72,42.39,0.0,665.1439999999999
12.1,3.48,38.54,0.0,724.195
12.1,0.48,40.16,0.0,774.914
10.9,5.4,42.47,0.0,772.2139999999999
11.3,0.72,47.21,0.0,721.7439999999999
8.5,0.72,45.68,0.0,539.656
10.6,3.24,48.76,0.0,340.00699999999995
15.3,1.8,53.89,0.0,161.80700000000002
9.8,5.28,43.24,0.0,30.1277
15.1,0.72,43.26,0.0,0.0
8.7,1.56,33.49,0.0,0.0
9.9,1.44,33.49,0.0,0.0
5.5,2.16,25.9,0.0,0.0
10.6,0.72,31.22,0.0,0.0
4.4,0.72,21.07,0.0,0.0
8.0,0.12,24.03,0.0,0.0
7.4,0.36,21.73,0.0,0.0
8.7,0.24,22.4,0.0,0.0
6.9,0.36,17.87,0.0,0.0
8.1,2.88,27.63,0.0,0.0
10.4,3.48,38.14,0.0,47.0889
10.7,5.76,40.89,0.0,202.47
9.0,3.96,39.8,0.0,413.867
11.3,8.88,42.1,0.0,580.0740000000001
11.0,1.8,39.3,0.0,697.097
8.6,6.6,35.87,0.0,771.204
16.5,3.6,46.95,0.0,786.335
11.0,5.52,42.64,0.0,763.041
10.4,2.16,46.94,0.0,691.577
8.0,6.0,48.06,0.0,602.115
9.3,0.84,51.31,0.0,407.503
13.2,1.32,55.46,0.0,229.913
13.1,0.96,53.86,0.0,32.9745
14.4,4.92,46.92,0.0,0.0
12.4,1.44,41.55,0.0,0.0
9.3,1.8,35.32,0.0,0.0
12.4,0.48,37.41,0.0,0.0
6.7,0.36,27.54,0.0,0.0
7.0,2.52,26.05,0.0,0.0
6.0,0.24,23.08,0.0,0.0
6.5,0.24,21.98,0.0,0.0
13.3,0.24,30.43,0.0,0.0
5.4,0.84,17.89,0.0,0.0
9.0,4.8,31.57,0.0,0.0
10.8,9.12,38.82,0.0,56.1104
12.7,7.2,43.71,0.0,198.022
10.4,10.44,42.11,0.0,346.795
12.3,6.96,45.5,0.0,481.004
14.5,5.88,47.53,0.0,540.062
13.1,1.56,44.78,0.0,614.4259999999999
15.1,2.88,48.82,0.0,566.14
10.8,2.04,45.61,0.0,526.052
7.2,3.48,45.13,0.0,542.871
10.0,3.36,52.25,0.0,433.539
7.6,1.8,50.7,0.0,301.15
15.0,1.08,57.03,0.0,147.159
11.4,2.4,51.13,0.0,29.8502
13.2,1.8,47.26,0.0,0.0
10.4,0.96,40.82,0.0,0.0
9.7,2.64,37.76,0.0,0.0
7.8,1.92,33.65,0.0,0.0
9.3,0.84,33.8,0.0,0.0
5.3,0.48,25.89,0.0,0.0
9.5,0.12,31.56,0.0,0.0
7.2,0.0,26.76,0.0,0.0
8.9,0.24,28.68,0.0,0.0
8.2,0.84,26.32,0.0,0.0
7.8,4.08,31.59,0.0,0.0
9.9,12.48,41.73,0.0,58.0081
10.6,6.12,45.29,0.0,199.902
9.6,4.92,44.94,0.0,378.542
12.4,2.28,47.31,0.0,466.395
10.9,10.08,41.71,0.0,481.357
10.9,6.96,41.57,0.0,545.644
12.7,3.48,44.87,0.0,580.637
13.2,2.64,47.18,0.0,548.589
9.0,3.84,43.06,0.0,490.663
7.2,2.88,42.64,0.0,386.288
13.2,2.64,52.14,0.0,264.97900000000004
12.3,4.32,49.0,0.0,148.866
12.9,2.64,45.13,0.0,28.1315
9.0,3.72,35.12,0.0,0.0
9.9,1.08,34.81,0.0,0.0
7.5,3.12,28.71,0.0,0.0
8.5,2.16,28.22,0.0,0.0
7.0,0.48,25.13,0.0,0.0
7.5,0.24,25.1,0.0,0.0
6.3,0.24,22.85,0.0,0.0
8.1,0.36,26.07,0.0,0.0
9.1,0.72,26.79,0.0,0.0
6.6,0.24,22.29,0.0,0.0
8.4,2.64,28.9,0.0,0.0
10.3,10.08,35.08,0.0,64.6997
8.6,8.52,34.77,0.0,172.455
11.2,2.04,43.4,0.0,308.79900000000004
12.6,0.96,45.04,0.0,395.538
10.9,2.04,43.29,0.0,520.115
11.7,5.4,46.19,0.0,598.472
11.5,0.72,43.51,0.0,630.251
12.9,0.84,46.34,0.0,550.88
8.2,1.56,36.42,0.0,260.745
7.2,1.08,33.26,0.0,248.326
13.5,0.48,42.9,0.0,194.454
10.3,1.32,37.11,0.0,94.976
9.2,2.88,32.31,0.0,14.778
11.0,1.32,32.46,0.0,0.0
12.7,2.4,33.45,0.0,0.0
10.1,1.32,27.77,0.0,0.0
5.0,0.6,18.67,0.0,0.0
8.0,0.24,23.31,0.0,0.0
7.1,0.24,21.31,0.0,0.0
9.8,0.36,25.21,0.0,0.0
12.1,0.0,27.75,0.0,0.0
9.5,0.12,22.66,0.0,0.0
7.2,1.08,19.18,0.0,0.0
14.5,1.8,39.24,0.0,0.0
13.2,7.92,43.26,0.0,55.0216
8.2,5.4,39.64,0.0,200.236
12.2,8.64,46.32,0.0,376.186
11.7,3.24,46.1,0.0,512.235
7.2,6.6,38.98,0.0,588.901
15.5,3.24,48.07,0.0,548.398
11.7,2.64,43.36,0.0,596.9159999999999
11.8,2.16,43.25,0.0,435.051
8.3,2.88,37.89,0.0,414.589
10.8,1.32,44.83,0.0,365.772
9.5,2.88,44.41,0.0,326.177
10.9,0.48,46.77,0.0,159.219
10.8,1.68,43.86,0.0,29.3378
12.3,1.32,40.39,0.0,0.0
10.6,3.36,36.6,0.0,0.0
9.1,0.84,32.55,0.0,0.0
8.2,0.36,30.32,0.0,0.0
8.3,0.36,29.88,0.0,0.0
5.5,0.48,24.76,0.0,0.0
5.8,0.36,23.75,0.0,0.0
6.4,0.12,23.69,0.0,0.0
8.4,0.24,26.5,0.0,0.0
9.6,1.08,27.33,0.0,0.0
6.0,11.64,24.22,0.0,0.0
11.8,9.36,45.1,0.0,48.9667
12.7,7.8,48.01,0.0,200.625
10.3,6.24,46.27,0.0,381.506
11.5,5.16,48.28,0.0,526.1519999999999
12.4,6.36,48.72,0.0,638.078
13.6,0.36,49.82,0.0,750.4960000000001
15.6,7.8,52.37,0.0,764.429
8.2,3.0,46.64,0.0,707.457
8.3,3.24,51.28,0.0,696.7489999999999
8.8,0.6,50.46,0.0,416.771
10.6,2.64,49.95,0.0,232.645
14.1,2.64,50.56,0.0,62.9057
9.9,4.92,40.62,0.0,12.9712
12.8,1.56,42.02,0.0,0.0
14.1,2.04,42.2,0.0,0.0
10.2,1.68,34.47,0.0,0.0
9.6,3.48,32.08,0.0,0.0
6.3,1.44,25.6,0.0,0.0
9.7,2.28,29.86,0.0,0.0
7.5,1.08,24.75,0.0,0.0
6.0,0.24,22.01,0.0,0.0
11.5,0.36,30.94,0.0,0.0
7.4,0.12,22.63,0.0,0.0
5.5,3.36,26.1,0.0,0.0
11.4,11.52,42.53,0.0,58.4899
12.7,6.84,46.11,0.0,198.395
11.9,7.8,45.48,0.0,375.512
11.8,11.76,45.47,0.0,506.518
8.9,5.16,40.32,0.0,620.612
13.6,2.16,46.39,0.0,725.44
15.4,0.48,49.61,0.0,699.194
13.1,4.44,50.96,0.0,652.195
12.2,1.32,54.72,0.0,574.137
16.6,1.32,59.24,0.0,476.411
11.0,2.16,56.96,0.0,313.376
12.7,5.64,56.0,0.0,155.155
9.1,5.04,46.54,0.0,25.3367
10.7,0.84,45.04,0.0,0.0
16.4,0.84,50.58,0.0,0.0
8.1,2.4,37.42,0.0,0.0
6.5,0.72,34.06,0.0,0.0
6.4,0.6,32.4,0.0,0.0
8.1,2.28,33.57,0.0,0.0
7.2,0.12,30.01,0.0,0.0
7.0,0.0,27.67,0.0,0.0
5.7,0.36,24.16,0.0,0.0
8.1,3.48,27.64,0.0,0.0
7.4,1.08,30.14,0.0,0.0
8.1,2.4,36.49,0.0,62.1486
12.1,4.56,46.72,0.0,192.193
14.3,6.24,50.16,0.0,361.701
10.3,7.8,42.81,0.0,503.231
11.5,3.24,40.97,0.0,606.09
13.1,6.36,42.07,0.0,716.9730000000001
13.6,4.68,45.59,0.0,771.533
10.7,6.84,46.98,0.0,741.66
12.2,2.76,55.57,0.0,698.461
13.2,6.48,58.19,0.0,564.615
14.4,2.76,59.13,0.0,365.282
12.6,1.44,57.97,0.0,189.144
11.7,1.92,49.73,0.0,28.261
13.9,1.8,46.59,0.0,0.0
8.7,0.96,37.06,0.0,0.0
11.0,2.64,38.31,0.0,0.0
8.6,1.68,32.72,0.0,0.0
5.3,0.24,26.49,0.0,0.0
5.8,2.16,26.4,0.0,0.0
6.4,0.12,26.56,0.0,0.0
9.9,2.64,31.39,0.0,0.0
8.0,0.0,27.68,0.0,0.0
12.6,1.44,35.82,0.0,0.0
12.0,8.16,37.23,0.0,0.0
8.4,13.2,37.03,0.0,61.0186
11.5,6.72,44.86,0.0,192.72
16.7,11.4,52.37,0.0,358.521
8.3,11.16,41.16,0.0,492.142
12.7,8.76,44.21,0.0,569.177
15.3,3.0,47.67,0.0,539.493
13.5,5.4,45.41,0.0,489.003
12.5,2.28,46.03,0.0,529.7090000000001
8.1,0.72,42.52,0.0,474.561
9.7,4.44,48.06,0.0,452.983
13.3,1.2,52.64,0.0,313.751
11.9,0.48,50.62,0.0,156.095
11.4,3.48,46.05,0.0,26.5398
13.4,5.4,44.21,0.0,0.0
13.3,2.04,41.66,0.0,0.0
6.4,0.6,29.79,0.0,0.0
7.7,0.96,31.25,0.0,0.0
7.4,0.96,29.77,0.0,0.0
5.9,0.12,26.72,0.0,0.0
8.3,0.48,30.44,0.0,0.0
8.4,0.24,29.48,0.0,0.0
9.6,0.36,30.66,0.0,0.0
5.9,0.48,23.68,0.0,0.0
8.2,3.48,32.1,0.0,0.0
8.9,9.24,41.09,0.0,57.7052
9.3,4.2,45.2,0.0,197.617
7.8,8.4,44.87,0.0,374.559
7.6,9.12,42.92,0.0,523.38
8.5,4.32,42.3,0.0,599.74
11.4,5.16,47.66,0.0,624.617
13.0,3.84,46.31,0.0,496.545
13.3,0.84,43.71,0.0,538.248
7.1,2.76,38.61,0.0,545.312
11.6,4.2,48.93,0.0,588.237
7.7,2.76,40.27,0.0,322.85400000000004
11.4,0.84,41.81,0.0,77.1311
12.5,3.0,40.31,0.0,11.3108
10.0,3.84,34.07,0.0,0.0
9.1,0.6,31.39,0.0,0.0
9.0,6.0,29.86,0.0,0.0
7.8,0.6,26.73,0.0,0.0
10.4,0.72,29.96,0.0,0.0
7.9,0.48,24.7,0.0,0.0
4.5,3.24,18.98,0.0,0.0
11.8,0.12,32.51,0.0,0.0
7.8,1.32,25.1,0.0,0.0
6.3,0.6,21.47,0.0,0.0
9.6,2.76,29.07,0.0,0.0
9.4,8.76,33.79,0.0,62.5275
10.2,7.44,38.18,0.0,195.424
14.8,1.8,46.31,0.0,388.801
7.9,3.84,36.38,0.0,564.5269999999999
12.8,1.8,41.29,0.0,689.7289999999999
13.1,4.08,40.41,0.0,712.163
11.1,3.0,39.37,0.0,809.294
11.0,2.52,43.3,0.0,787.546
7.7,0.6,44.33,0.0,723.544
10.3,0.6,52.36,0.0,634.545
9.8,0.6,53.49,0.0,461.575
11.1,3.0,54.03,0.0,206.902
7.9,3.6,42.32,0.0,29.3573
11.5,1.8,40.03,0.0,0.0
14.0,2.52,40.38,0.0,0.0
11.3,1.68,34.56,0.0,0.0
6.1,0.24,26.3,0.0,0.0
10.5,0.48,30.87,0.0,0.0
8.0,0.24,26.21,0.0,0.0
7.8,0.24,24.0,0.0,0.0
6.7,0.24,20.65,0.0,0.0
6.9,0.36,19.79,0.0,0.0
7.4,2.16,19.4,0.0,0.0
11.3,2.4,24.89,0.0,0.0
12.1,10.44,28.23,0.0,53.6581
9.1,16.8,27.53,0.0,157.803
11.9,4.2,35.76,0.0,281.003
11.5,5.88,38.0,0.0,419.001
13.0,6.36,40.39,0.0,489.155
13.7,2.76,41.19,0.0,613.836
12.1,5.28,41.1,0.0,616.309
10.1,3.96,42.49,0.0,614.81
10.5,4.32,47.35,0.0,538.066
14.3,1.8,53.65,0.0,410.376
12.7,1.68,51.23,0.0,280.358
10.6,3.24,47.29,0.0,145.063
10.1,0.84,42.4,0.0,25.7106
10.8,3.6,40.09,0.0,0.0
9.1,1.08,37.08,0.0,0.0
11.4,3.48,39.19,0.0,0.0
5.2,0.84,28.87,0.0,0.0
6.4,0.6,30.24,0.0,0.0
6.5,1.92,29.48,0.0,0.0
7.1,0.12,29.33,0.0,0.0
8.2,0.12,30.45,0.0,0.0
5.3,0.0,24.91,0.0,0.0
4.8,1.32,24.15,0.0,0.0
8.7,8.64,31.57,0.0,0.0
12.0,8.4,36.67,0.0,23.5581
11.0,5.16,34.75,0.0,81.6243
13.4,14.28,40.31,0.0,148.511
11.8,3.84,39.91,0.0,243.211
10.4,3.96,34.01,0.0,257.341
15.8,2.28,40.64,0.0,316.823
13.5,5.52,37.55,0.0,338.97900000000004
14.2,5.16,38.81,0.0,357.436
11.3,0.72,33.7,0.0,324.914
8.7,2.52,30.2,0.0,251.128
11.6,1.08,35.29,0.0,171.47799999999998
13.3,3.96,37.45,0.0,87.9687
15.2,3.96,37.7,0.0,13.2207
8.4,0.84,25.14,0.0,0.0
12.1,4.68,31.39,0.0,0.0
13.8,2.16,32.68,0.0,0.0
8.4,1.68,23.76,0.0,0.0
7.1,0.48,22.27,0.0,0.0
10.2,0.6,27.65,0.0,0.0
9.5,2.76,25.59,0.0,0.0
8.3,0.0,23.26,0.0,0.0
8.4,0.24,23.55,0.0,0.0
9.5,0.24,25.25,0.0,0.0
7.8,1.92,21.77,0.0,0.0
10.2,8.28,28.16,0.0,41.2654
8.1,4.8,25.7,0.0,124.844
11.1,5.88,34.17,0.0,223.975
12.5,3.36,40.9,0.0,394.848
8.3,11.64,35.08,0.0,533.663
16.5,4.56,49.08,0.0,620.467
13.1,8.28,45.88,0.0,638.092
12.0,3.6,49.96,0.0,694.558
11.7,1.68,52.58,0.0,565.538
10.1,2.04,51.92,0.0,458.622
9.2,1.08,51.98,0.0,294.22700000000003
11.9,5.16,54.04,0.0,148.886
13.3,2.64,51.01,0.0,26.2887
11.5,0.96,43.52,0.0,0.0
7.6,1.56,35.61,0.0,0.0
10.9,2.28,37.98,0.0,0.0
10.3,1.44,34.67,0.0,0.0
8.6,0.12,30.63,0.0,0.0
4.4,0.84,23.28,0.0,0.0
6.1,0.36,24.95,0.0,0.0
8.4,0.0,28.16,0.0,0.0
5.7,2.88,22.95,0.0,0.0
5.6,2.16,21.76,0.0,0.0
8.6,0.6,34.68,0.0,0.0
9.0,1.92,40.6,0.0,49.4676
8.7,4.92,40.97,0.0,193.177
9.0,11.64,42.68,0.0,362.673
6.7,6.0,39.75,0.0,485.484
11.1,2.76,45.77,0.0,567.442
12.4,9.6,46.24,0.0,578.187
11.9,1.8,42.64,0.0,621.2180000000001
10.7,4.32,40.73,0.0,633.259
14.5,5.16,48.98,0.0,595.785
11.9,2.64,47.54,0.0,491.404
12.0,3.12,48.68,0.0,336.49300000000005
11.4,5.88,47.33,0.0,150.73
10.2,1.56,41.78,0.0,25.8685
8.0,1.2,33.83,0.0,0.0
12.5,0.6,39.93,0.0,0.0
8.5,1.32,31.72,0.0,0.0
9.1,1.32,31.66,0.0,0.0
6.2,0.36,25.95,0.0,0.0
6.9,0.36,26.28,0.0,0.0
8.3,0.12,27.22,0.0,0.0
7.7,0.24,25.43,0.0,0.0
6.0,0.36,22.28,0.0,0.0
8.3,0.24,26.44,0.0,0.0
11.5,3.12,34.26,0.0,0.0
12.5,12.96,43.01,0.0,56.3856
11.1,5.64,44.4,0.0,195.118
10.3,12.36,45.39,0.0,395.005
13.7,11.04,49.7,0.0,588.403
11.3,9.72,46.02,0.0,717.555
9.8,4.08,43.46,0.0,794.3510000000001
12.9,2.76,48.76,0.0,811.013
11.8,1.8,50.32,0.0,793.6360000000001
10.5,1.44,54.32,0.0,722.61
10.1,3.12,56.01,0.0,598.739
10.7,2.16,57.41,0.0,430.534
12.1,0.84,58.37,0.0,217.056
14.1,2.88,56.99,0.0,27.5504
9.7,1.08,45.19,0.0,0.0
10.0,1.56,42.72,0.0,0.0
14.8,1.68,46.57,0.0,0.0
7.7,1.8,34.94,0.0,0.0
15.7,0.36,45.12,0.0,0.0
7.1,0.12,30.79,0.0,0.0
11.8,0.36,36.93,0.0,0.0
7.2,0.12,27.39,0.0,0.0
5.0,0.36,23.08,0.0,0.0
8.7,2.28,28.72,0.0,0.0
8.8,1.2,28.8,0.0,0.0
10.3,11.64,35.43,0.0,53.8215
13.3,6.24,44.53,0.0,160.454
10.8,7.2,42.8,0.0,284.844
13.0,11.64,48.21,0.0,414.636
12.3,7.8,47.47,0.0,505.479
12.3,7.8,47.81,0.0,635.475
12.4,2.04,48.63,0.0,558.643
10.3,6.36,47.0,0.0,551.872
9.7,2.52,50.59,0.0,495.927
9.9,0.84,51.92,0.0,425.92
11.6,1.68,51.04,0.0,238.179
11.0,4.44,47.7,0.0,118.719
11.9,4.8,44.44,0.0,20.1314
12.2,5.04,41.23,0.0,0.0
6.8,1.32,32.13,0.0,0.0
6.4,4.08,30.87,0.0,0.0
7.9,1.68,31.59,0.0,0.0
5.9,0.12,26.22,0.0,0.0
8.4,0.24,29.22,0.0,0.0
5.1,0.24,22.69,0.0,0.0
9.1,0.24,28.79,0.0,0.0
10.7,0.12,30.51,0.0,0.0
11.0,0.6,29.53,0.0,0.0
11.5,8.04,30.76,0.0,0.0
10.6,8.28,32.47,0.0,51.7248
12.2,12.0,37.48,0.0,163.641
11.1,5.28,34.56,0.0,253.191
10.8,2.88,34.06,0.0,319.47900000000004
10.6,2.28,35.69,0.0,418.77
11.6,2.4,38.26,0.0,623.295
11.4,1.32,40.57,0.0,663.31
7.7,0.6,39.2,0.0,589.039
11.8,1.32,48.59,0.0,525.7280000000001
10.2,0.6,48.49,0.0,412.805
6.9,1.08,45.14,0.0,284.52
10.1,1.2,47.63,0.0,138.565
9.3,2.16,40.22,0.0,19.5177
10.4,2.04,38.34,0.0,0.0
13.3,0.96,41.33,0.0,0.0
8.9,0.6,32.7,0.0,0.0
7.2,1.2,28.71,0.0,0.0
4.9,1.2,24.11,0.0,0.0
9.9,0.36,31.38,0.0,0.0
5.5,0.6,22.45,0.0,0.0
7.0,0.0,23.96,0.0,0.0
7.5,0.6,23.75,0.0,0.0
6.7,0.24,21.65,0.0,0.0
8.0,2.52,28.96,0.0,0.0
12.2,4.32,42.84,0.0,48.3796
11.3,11.16,41.8,0.0,184.818
12.4,10.68,44.78,0.0,361.515
9.8,5.04,42.0,0.0,461.485
9.8,3.0,41.76,0.0,554.2130000000001
12.6,3.24,45.92,0.0,609.694
16.2,3.84,52.41,0.0,667.543
12.5,2.52,51.46,0.0,675.2389999999999
6.9,4.68,47.42,0.0,596.128
11.9,2.04,58.19,0.0,529.045
14.7,1.68,60.08,0.0,376.864
11.1,0.12,58.97,0.0,196.864
10.2,1.56,52.82,0.0,24.6703
9.5,1.56,45.95,0.0,0.0
9.3,0.96,43.59,0.0,0.0
6.6,3.6,36.72,0.0,0.0
8.0,2.28,36.44,0.0,0.0
5.9,0.84,30.3,0.0,0.0
9.7,1.8,34.8,0.0,0.0
7.2,0.24,29.54,0.0,0.0
6.9,0.12,28.04,0.0,0.0
6.3,0.12,25.62,0.0,0.0
6.3,0.6,24.95,0.0,0.0
11.4,13.2,38.48,0.0,0.0
9.2,14.04,40.85,0.0,48.7878
11.0,5.88,45.96,0.0,193.193
13.8,8.4,49.8,0.0,357.33
8.3,9.12,44.23,0.0,523.822
13.1,2.88,50.34,0.0,642.492
12.8,5.28,49.95,0.0,582.883
13.3,2.88,51.49,0.0,596.4069999999999
11.4,2.28,52.22,0.0,550.854
9.3,4.68,50.99,0.0,446.157
9.6,3.96,49.51,0.0,300.138
10.8,0.84,50.6,0.0,186.017
8.9,2.64,47.07,0.0,78.2848
7.6,0.96,42.52,0.0,18.5565
7.8,2.64,40.05,0.0,0.0
11.5,1.68,43.86,0.0,0.0
9.7,0.72,39.26,0.0,0.0
8.7,1.08,36.11,0.0,0.0
4.3,0.36,27.35,0.0,0.0
7.8,0.72,32.68,0.0,0.0
9.0,1.44,32.94,0.0,0.0
4.8,0.0,24.39,0.0,0.0
7.7,0.24,29.01,0.0,0.0
6.8,1.92,26.3,0.0,0.0
8.4,0.0,32.52,0.0,0.0
7.9,8.76,38.26,0.0,54.8231
9.6,1.08,45.07,0.0,188.773
13.2,4.92,50.73,0.0,376.048
17.7,8.88,54.71,0.0,517.0930000000001
11.0,8.04,47.65,0.0,618.58
11.9,1.2,48.61,0.0,731.65
12.1,3.84,50.13,0.0,713.4639999999999
13.6,4.2,55.62,0.0,785.49
10.9,0.84,59.1,0.0,690.6489999999999
10.8,2.88,60.08,0.0,557.967
13.8,1.2,61.33,0.0,391.041
11.2,5.16,60.32,0.0,189.735
15.6,3.6,59.94,0.0,23.1852
16.1,1.08,55.24,0.0,0.0
9.8,1.92,47.3,0.0,0.0
10.9,5.64,45.59,0.0,0.0
6.0,2.16,35.68,0.0,0.0
7.4,0.12,35.99,0.0,0.0
6.8,1.56,33.2,0.0,0.0
5.7,0.36,29.19,0.0,0.0
7.1,0.24,30.15,0.0,0.0
8.2,1.32,29.95,0.0,0.0
7.6,0.48,27.8,0.0,0.0
6.2,1.32,32.1,0.0,0.0
10.1,6.84,45.03,0.0,44.5408
13.3,3.0,50.35,0.0,188.817
10.7,6.72,47.93,0.0,370.3080000000001
12.3,11.52,50.43,0.0,533.266
11.0,2.64,49.35,0.0,682.3480000000001
13.2,5.4,51.39,0.0,780.5010000000001
10.6,0.96,48.99,0.0,801.955
12.1,4.8,53.91,0.0,749.049
9.8,2.04,56.4,0.0,719.982
10.1,2.76,58.06,0.0,552.192
9.6,0.96,58.54,0.0,390.443
12.7,5.4,59.4,0.0,135.94
11.4,1.08,53.86,0.0,18.7772
10.0,3.72,48.17,0.0,0.0
10.9,0.72,46.54,0.0,0.0
12.1,0.6,45.63,0.0,0.0
6.2,0.72,35.4,0.0,0.0
6.4,0.36,35.08,0.0,0.0
10.9,0.24,40.72,0.0,0.0
7.8,0.12,33.62,0.0,0.0
11.1,0.48,37.82,0.0,0.0
8.3,0.0,31.29,0.0,0.0
6.6,0.84,28.18,0.0,0.0
9.8,2.64,38.92,0.0,0.0
11.5,14.52,48.1,0.0,44.9005
12.8,4.32,50.82,0.0,193.303
15.7,8.64,54.55,0.0,390.256
13.2,7.08,53.11,0.0,539.4830000000001
18.6,5.64,56.63,0.0,612.569
16.9,4.92,55.56,0.0,642.569
10.9,1.56,52.86,0.0,666.418
12.7,3.96,56.97,0.0,622.5409999999999
11.5,1.32,58.54,0.0,561.396
12.6,3.12,60.29,0.0,425.475
14.3,2.28,60.93,0.0,302.436
13.1,1.08,59.47,0.0,142.30700000000002
12.7,1.68,54.3,0.0,15.5129
9.4,3.36,49.19,0.0,0.0
12.8,2.76,50.23,0.0,0.0
6.1,1.32,39.21,0.0,0.0
7.4,0.24,39.56,0.0,0.0
7.3,0.6,37.88,0.0,0.0
12.2,0.0,44.8,0.0,0.0
8.4,0.36,36.52,0.0,0.0
7.4,0.12,31.98,0.0,0.0
8.5,0.24,31.44,0.0,0.0
8.3,0.48,29.29,0.0,0.0
7.3,6.96,27.65,0.0,0.0
9.8,11.4,33.3,0.0,45.197
12.7,6.6,38.07,0.0,137.375
10.4,6.6,38.38,0.0,266.883
10.1,7.68,41.18,0.0,431.0580000000001
10.9,9.96,41.62,0.0,550.295
12.9,12.36,44.54,0.0,651.214
12.9,5.16,45.88,0.0,646.119
11.4,4.08,46.07,0.0,629.1619999999999
9.9,3.12,47.22,0.0,517.472
8.4,2.76,47.15,0.0,417.295
10.4,4.92,51.26,0.0,299.189
10.3,7.92,49.15,0.0,147.504
9.3,3.24,41.57,0.0,18.5378
9.3,3.6,37.25,0.0,0.0
8.8,1.44,34.65,0.0,0.0
8.5,5.16,32.21,0.0,0.0
6.1,0.84,27.77,0.0,0.0
6.2,0.24,27.91,0.0,0.0
10.2,0.24,33.19,0.0,0.0
6.7,0.0,26.07,0.0,0.0
8.7,0.24,26.87,0.0,0.0
11.7,0.0,29.43,0.0,0.0
7.2,3.96,21.24,0.0,0.0
7.8,5.76,26.79,0.0,0.0
9.4,10.32,34.57,0.0,43.0649
12.2,9.24,40.7,0.0,198.3
8.7,8.04,37.87,0.0,420.065
11.4,6.84,40.58,0.0,610.18
12.0,1.44,39.45,0.0,713.1260000000001
10.5,8.52,37.26,0.0,635.984
12.6,0.48,39.74,0.0,794.41
10.4,0.84,40.45,0.0,813.932
9.1,0.84,44.33,0.0,718.0939999999999
8.1,3.12,46.95,0.0,573.49
10.7,2.76,52.32,0.0,408.404
10.2,2.64,50.63,0.0,202.268
9.8,1.32,42.14,0.0,21.2238
12.2,3.12,39.64,0.0,0.0
11.3,2.88,36.58,0.0,0.0
8.8,1.32,31.48,0.0,0.0
7.6,0.6,27.92,0.0,0.0
9.7,1.08,28.73,0.0,0.0
5.7,0.24,21.17,0.0,0.0
8.2,0.48,22.81,0.0,0.0
7.5,0.0,20.4,0.0,0.0
7.8,2.64,19.26,0.0,0.0
7.8,0.48,18.32,0.0,0.0
12.4,0.96,26.06,0.0,0.0
9.8,8.52,27.97,0.0,53.2333
11.4,5.88,37.44,0.0,180.446
13.1,8.28,42.84,0.0,336.63699999999994
12.6,5.4,42.72,0.0,456.22
12.7,6.48,42.81,0.0,544.544
13.9,2.64,43.97,0.0,646.985
14.3,3.12,45.18,0.0,637.456
9.5,0.36,42.85,0.0,622.492
13.4,1.2,51.49,0.0,556.8380000000001
8.6,1.08,46.77,0.0,447.66
9.7,4.56,48.79,0.0,291.594
12.3,1.2,48.69,0.0,136.776
13.4,1.68,44.17,0.0,17.0103
12.1,1.68,39.19,0.0,0.0
12.0,1.8,37.59,0.0,0.0
11.8,1.92,35.6,0.0,0.0
9.5,1.08,32.28,0.0,0.0
8.5,0.36,30.44,0.0,0.0
9.5,0.24,30.75,0.0,0.0
6.7,0.36,25.23,0.0,0.0
10.9,0.0,30.3,0.0,0.0
5.8,0.12,21.81,0.0,0.0
8.1,0.12,25.5,0.0,0.0
9.0,9.6,26.87,0.0,0.0
9.8,8.4,29.66,0.0,36.0629
13.0,10.08,36.53,0.0,119.727
9.0,5.4,33.96,0.0,233.271
8.7,5.16,36.48,0.0,343.047
9.0,4.68,37.85,0.0,392.99
12.2,3.0,43.85,0.0,472.021
12.1,2.88,44.48,0.0,567.8969999999999
11.8,3.12,45.7,0.0,588.695
8.8,3.96,44.37,0.0,507.897
7.7,2.64,45.85,0.0,459.214
11.6,1.8,52.27,0.0,316.884
10.2,2.52,50.26,0.0,158.934
13.2,2.88,49.39,0.0,21.7969
8.9,1.08,37.43,0.0,0.0
8.1,1.08,34.83,0.0,0.0
8.4,0.48,33.05,0.0,0.0
7.2,0.36,30.25,0.0,0.0
7.5,1.56,30.18,0.0,0.0
5.7,0.48,26.37,0.0,0.0
3.6,0.24,22.04,0.0,0.0
5.5,0.0,24.19,0.0,0.0
7.2,0.12,25.51,0.0,0.0
3.7,0.24,18.61,0.0,0.0
8.4,2.64,28.34,0.0,0.0
8.2,9.96,32.23,0.0,52.0037
9.8,7.92,37.74,0.0,170.43900000000002
13.5,5.88,45.12,0.0,309.023
9.2,4.44,40.22,0.0,423.347
10.5,12.6,43.27,0.0,512.206
12.9,2.4,46.85,0.0,664.203
11.4,2.4,44.41,0.0,560.56
11.7,1.32,47.61,0.0,562.114
12.6,5.4,53.89,0.0,503.039
10.4,1.8,54.24,0.0,458.524
11.8,4.92,56.96,0.0,324.42400000000004
10.5,2.04,52.45,0.0,145.454
8.9,1.56,44.02,0.0,17.6631
8.5,3.0,39.42,0.0,0.0
9.9,0.96,39.67,0.0,0.0
10.8,1.2,38.79,0.0,0.0
8.5,1.2,34.29,0.0,0.0
9.4,2.04,34.68,0.0,0.0
6.0,0.36,28.5,0.0,0.0
7.3,0.0,29.8,0.0,0.0
7.7,0.12,28.94,0.0,0.0
7.6,0.0,27.4,0.0,0.0
6.5,0.24,25.04,0.0,0.0
7.3,4.2,28.06,0.0,0.0
9.6,5.16,37.09,0.0,51.4996
9.5,1.68,40.44,0.0,169.12599999999998
7.0,7.68,39.63,0.0,317.47700000000003
10.5,18.84,45.17,0.0,423.125
12.3,4.68,47.38,0.0,558.616
13.2,6.12,47.35,0.0,678.462
14.1,4.92,48.86,0.0,735.816
15.5,3.84,53.32,0.0,686.78
8.3,3.24,49.36,0.0,597.281
9.4,1.8,52.64,0.0,450.734
9.1,2.16,52.45,0.0,290.117
9.7,6.24,52.44,0.0,143.828
9.6,0.48,46.99,0.0,30.3959
12.0,7.32,44.33,0.0,0.0
12.8,0.72,42.5,0.0,0.0
10.0,1.44,36.05,0.0,0.0
5.0,2.16,26.6,0.0,0.0
7.8,0.48,29.4,0.0,0.0
6.0,0.12,25.18,0.0,0.0
7.5,2.64,26.74,0.0,0.0
6.1,0.0,24.45,0.0,0.0
6.8,0.36,25.32,0.0,0.0
6.8,1.44,23.97,0.0,0.0
10.2,6.48,33.29,0.0,0.0
10.0,10.92,41.21,0.0,38.6615
9.1,4.32,42.03,0.0,194.397
10.1,3.0,44.32,0.0,400.333
10.8,5.04,46.24,0.0,567.5169999999999
11.0,3.96,46.83,0.0,708.164
11.0,6.72,45.54,0.0,690.9
10.7,5.64,43.58,0.0,544.164
10.6,0.96,47.34,0.0,652.124
8.9,2.4,50.52,0.0,617.908
11.5,1.68,55.87,0.0,492.792
9.9,6.48,53.67,0.0,294.86400000000003
10.1,3.0,54.43,0.0,138.44899999999998
9.8,2.4,49.1,0.0,17.8971
11.1,1.68,45.3,0.0,0.0
10.3,0.36,42.4,0.0,0.0
8.0,0.24,38.03,0.0,0.0
6.9,2.52,34.99,0.0,0.0
7.5,0.48,34.59,0.0,0.0
7.9,0.24,32.96,0.0,0.0
5.2,0.12,26.78,0.0,0.0
5.1,0.0,25.69,0.0,0.0
8.0,0.12,29.54,0.0,0.0
7.6,0.24,27.5,0.0,0.0
12.9,3.84,40.53,0.0,0.0
7.9,14.4,38.22,0.0,46.1319
11.8,4.92,46.61,0.0,189.654
9.3,10.2,45.41,0.0,405.447
11.9,8.16,49.5,0.0,598.854
11.2,7.44,48.75,0.0,687.932
9.7,5.64,46.57,0.0,780.836
10.7,1.68,47.84,0.0,723.9060000000001
9.2,2.76,48.56,0.0,687.15
9.9,1.08,54.96,0.0,701.682
8.2,1.92,55.34,0.0,514.786
10.2,5.64,57.6,0.0,344.146
12.5,6.96,57.69,0.0,129.673
8.5,1.44,49.78,0.0,16.8115
9.5,1.92,46.81,0.0,0.0
12.8,1.68,48.77,0.0,0.0
6.8,0.72,37.59,0.0,0.0
5.9,0.6,34.07,0.0,0.0
5.3,0.0,31.15,0.0,0.0
4.8,0.12,28.93,0.0,0.0
5.2,0.24,28.38,0.0,0.0
6.2,0.0,28.04,0.0,0.0
6.3,0.24,26.81,0.0,0.0
6.2,0.24,26.33,0.0,0.0
7.0,3.48,32.77,0.0,0.0
7.0,15.36,40.4,0.0,38.7332
9.9,5.76,46.06,0.0,191.915
12.5,5.28,49.62,0.0,401.051
11.4,6.96,48.58,0.0,524.831
8.9,2.04,45.79,0.0,666.295
14.2,0.84,52.77,0.0,600.043
11.4,3.12,50.38,0.0,805.831
9.7,2.04,51.55,0.0,716.049
12.7,3.36,58.7,0.0,716.659
9.4,2.52,58.16,0.0,589.243
10.0,1.08,59.6,0.0,411.98800000000006
8.3,0.6,58.93,0.0,190.607
11.7,1.68,58.19,0.0,15.5659
13.2,2.52,52.41,0.0,0.0
10.7,2.52,46.12,0.0,0.0
10.1,0.6,42.82,0.0,0.0
10.4,0.84,41.55,0.0,0.0
8.6,0.36,37.61,0.0,0.0
5.5,0.24,31.72,0.0,0.0
6.8,0.48,31.85,0.0,0.0
8.7,0.24,33.11,0.0,0.0
7.2,2.64,29.36,0.0,0.0
6.0,2.88,26.29,0.0,0.0
4.9,5.52,28.95,0.0,0.0
11.0,10.08,46.74,0.0,39.5988
9.3,9.72,46.1,0.0,192.779
11.9,14.16,49.58,0.0,379.385
11.1,13.32,48.79,0.0,554.95
16.0,5.76,52.69,0.0,687.184
12.7,3.36,50.23,0.0,779.561
11.9,2.88,49.76,0.0,754.3560000000001
11.5,0.48,52.6,0.0,710.127
12.4,4.08,58.6,0.0,718.166
7.7,2.28,57.56,0.0,540.423
11.1,1.8,60.11,0.0,361.157
12.3,2.64,60.62,0.0,141.349
9.7,0.84,55.19,0.0,16.8406
11.2,2.28,52.14,0.0,0.0
9.7,2.04,47.6,0.0,0.0
8.4,0.84,41.59,0.0,0.0
9.7,0.84,40.87,0.0,0.0
7.1,0.24,35.25,0.0,0.0
6.5,0.36,32.77,0.0,0.0
8.9,0.48,35.77,0.0,0.0
5.0,0.24,27.97,0.0,0.0
4.4,0.24,25.7,0.0,0.0
6.2,0.0,28.49,0.0,0.0
6.9,3.96,34.83,0.0,0.0
13.0,6.36,50.83,0.0,36.0717
9.9,7.68,47.43,0.0,192.035
14.9,9.6,53.3,0.0,383.636
12.3,5.04,50.16,0.0,528.342
13.6,1.68,50.89,0.0,623.0459999999999
14.3,2.04,51.68,0.0,791.2280000000001
14.6,2.28,52.93,0.0,809.232
12.9,3.6,55.33,0.0,817.7919999999999
10.8,1.44,56.74,0.0,701.48
10.2,1.08,56.6,0.0,529.627
9.9,2.16,54.33,0.0,305.964
10.9,2.76,50.84,0.0,113.186
9.9,3.48,42.43,0.0,8.75794
11.4,1.08,40.34,0.0,0.0
10.6,1.92,37.82,0.0,0.0
10.0,0.24,36.56,0.0,0.0
7.2,0.24,31.52,0.0,0.0
7.4,0.6,31.32,0.0,0.0
5.2,1.68,26.73,0.0,0.0
10.9,1.92,35.19,0.0,0.0
4.5,0.0,22.56,0.0,0.0
7.2,0.12,27.78,0.0,0.0
5.6,2.76,25.06,0.0,0.0
8.2,6.0,31.93,0.0,0.0
9.1,9.6,38.9,0.0,47.6769
11.2,4.32,45.55,0.0,182.821
12.5,5.04,48.65,0.0,379.564
9.0,3.12,45.54,0.0,574.388
7.9,7.56,44.81,0.0,667.572
10.0,6.36,48.38,0.0,658.645
15.9,3.48,55.57,0.0,713.929
11.6,5.4,54.12,0.0,650.89
10.3,1.32,54.98,0.0,477.233
10.5,6.12,53.4,0.0,307.334
9.5,3.12,48.5,0.0,215.132
16.9,2.16,53.56,0.0,65.226
11.6,3.12,44.29,0.0,6.47008
7.5,2.16,35.74,0.0,0.0
8.7,0.72,35.95,0.0,0.0
7.3,0.84,31.16,0.0,0.0
6.9,1.44,28.09,0.0,0.0
7.4,0.24,27.07,0.0,0.0
7.4,2.4,26.04,0.0,0.0
5.1,0.24,21.55,0.0,0.0
6.9,0.12,24.37,0.0,0.0
4.4,0.12,19.81,0.0,0.0
7.6,0.0,25.1,0.0,0.0
9.5,1.8,28.92,0.0,0.0
6.3,5.76,27.21,0.0,44.9192
9.2,4.2,37.29,0.0,161.438
10.3,8.76,41.45,0.0,258.318
10.1,16.68,41.34,0.0,345.501
12.2,4.68,45.92,0.0,437.155
12.3,5.28,45.98,0.0,525.711
10.6,2.64,41.21,0.0,513.8380000000001
12.4,3.0,45.62,0.0,466.668
10.0,2.64,46.18,0.0,494.041
8.3,3.72,48.74,0.0,514.981
11.9,2.64,52.48,0.0,329.66900000000004
15.3,6.36,54.38,0.0,145.517
12.1,2.64,44.87,0.0,15.4917
15.9,2.64,46.46,0.0,0.0
8.1,0.6,33.19,0.0,0.0
10.2,1.08,34.74,0.0,0.0
9.5,0.84,31.86,0.0,0.0
6.7,0.6,26.0,0.0,0.0
6.0,0.36,24.42,0.0,0.0
4.3,2.64,20.25,0.0,0.0
5.8,0.0,21.94,0.0,0.0
5.9,0.12,21.72,0.0,0.0
6.7,0.12,23.2,0.0,0.0
9.2,1.92,28.34,0.0,0.0
10.3,14.52,32.55,0.0,44.5115
10.8,9.0,36.01,0.0,147.72799999999998
10.5,6.96,39.62,0.0,294.597
11.9,7.44,44.46,0.0,443.805
10.1,8.52,42.63,0.0,577.751
12.3,9.36,47.23,0.0,704.7689999999999
14.9,5.76,52.24,0.0,687.16
13.5,1.2,54.44,0.0,665.7919999999999
8.7,3.12,51.15,0.0,479.502
11.3,3.84,52.49,0.0,371.727
9.7,2.76,50.36,0.0,237.538
9.9,5.52,44.85,0.0,54.2912
9.1,3.84,38.31,0.0,6.395569999999999
10.3,1.68,37.1,0.0,0.0
7.3,1.08,30.58,0.0,0.0
13.5,1.8,39.31,0.0,0.0
5.8,0.48,25.22,0.0,0.0
3.8,0.24,21.34,0.0,0.0
7.4,0.12,26.78,0.0,0.0
4.1,0.12,19.12,0.0,0.0
4.5,0.12,18.42,0.0,0.0
4.4,0.0,17.42,0.0,0.0
5.1,0.24,18.09,0.0,0.0
7.8,4.68,25.1,0.0,0.0
10.0,13.68,35.28,0.0,48.5318
9.1,10.44,38.55,0.0,191.336
12.2,6.48,44.86,0.0,410.609
11.2,7.32,43.91,0.0,579.4
9.4,8.88,40.77,0.0,696.3989999999999
12.6,3.36,47.26,0.0,695.1619999999999
7.6,2.76,42.34,0.0,691.063
10.5,3.48,51.2,0.0,676.6210000000001
9.6,5.52,53.4,0.0,585.014
8.7,3.96,55.11,0.0,469.608
8.3,4.56,56.76,0.0,328.477
6.3,0.36,51.54,0.0,142.917
10.0,0.72,49.39,0.0,8.84791
8.4,0.72,42.16,0.0,0.0
12.8,1.8,46.58,0.0,0.0
9.3,1.56,39.55,0.0,0.0
7.2,1.32,35.57,0.0,0.0
8.2,0.0,36.39,0.0,0.0
8.7,0.12,36.55,0.0,0.0
5.8,0.0,30.57,0.0,0.0
9.2,0.36,34.84,0.0,0.0
9.7,0.36,33.95,0.0,0.0
7.6,0.24,28.97,0.0,0.0
8.2,4.56,31.93,0.0,0.0
12.0,11.04,42.88,0.0,46.1867
11.2,8.28,44.38,0.0,186.002
11.3,7.2,46.17,0.0,375.516
16.3,4.68,52.7,0.0,530.759
11.8,1.08,47.7,0.0,611.493
10.5,0.48,45.82,0.0,691.6619999999999
13.8,0.96,50.88,0.0,696.081
12.4,0.96,51.44,0.0,662.7660000000001
9.5,2.64,51.36,0.0,607.134
10.0,0.6,54.83,0.0,491.342
13.2,0.36,57.72,0.0,317.643
8.4,1.68,51.91,0.0,143.63
10.1,4.2,47.43,0.0,12.1595
13.4,2.64,46.95,0.0,0.0
11.1,1.2,41.62,0.0,0.0
13.9,0.84,43.23,0.0,0.0
9.9,1.08,36.27,0.0,0.0
8.2,0.48,32.96,0.0,0.0
8.6,0.0,32.24,0.0,0.0
5.6,0.0,26.11,0.0,0.0
6.2,0.0,25.8,0.0,0.0
5.7,1.68,24.11,0.0,0.0
7.7,1.2,25.78,0.0,0.0
11.0,2.04,32.32,0.0,0.0
7.0,6.48,32.49,0.0,41.4766
11.7,12.12,42.02,0.0,190.081
9.6,11.64,40.27,0.0,383.156
13.3,6.48,45.27,0.0,569.3969999999999
12.6,3.48,43.71,0.0,695.207
12.0,3.12,42.82,0.0,725.013
11.0,1.08,42.24,0.0,714.9110000000001
11.3,1.2,45.74,0.0,702.434
11.1,1.56,49.89,0.0,639.688
7.2,1.44,47.69,0.0,487.446
8.3,1.2,49.9,0.0,323.79
11.0,2.16,50.18,0.0,140.499
9.9,0.48,42.11,0.0,11.9337
11.7,3.96,40.22,0.0,0.0
12.2,1.44,38.83,0.0,0.0
10.9,0.48,35.35,0.0,0.0
5.8,1.8,27.21,0.0,0.0
6.7,0.12,27.41,0.0,0.0
8.2,0.12,28.32,0.0,0.0
6.7,0.6,25.51,0.0,0.0
7.2,0.0,24.81,0.0,0.0
7.5,0.12,23.47,0.0,0.0
9.1,0.24,24.3,0.0,0.0
7.2,10.32,25.49,0.0,0.0
7.9,15.6,34.8,0.0,37.5324
11.1,13.44,42.06,0.0,191.235
9.7,9.48,41.72,0.0,428.97
14.0,6.24,47.44,0.0,599.806
11.0,5.4,44.2,0.0,714.439
10.3,0.84,43.7,0.0,783.47
10.2,1.92,45.21,0.0,813.893
13.8,0.6,52.7,0.0,785.607
9.1,4.56,52.75,0.0,717.336
13.6,0.36,57.83,0.0,615.73
10.9,0.72,57.32,0.0,416.82
14.0,2.64,58.72,0.0,189.305
9.0,3.24,52.66,0.0,7.96453
8.1,1.92,44.25,0.0,0.0
11.5,1.44,46.1,0.0,0.0
9.0,0.6,40.15,0.0,0.0
7.1,1.2,35.34,0.0,0.0
6.7,0.6,32.62,0.0,0.0
9.8,0.24,35.46,0.0,0.0
8.4,1.44,31.59,0.0,0.0
4.5,0.24,24.74,0.0,0.0
8.3,0.0,31.08,0.0,0.0
7.9,0.24,29.26,0.0,0.0
9.4,5.28,35.39,0.0,0.0
8.5,5.28,41.48,0.0,39.324
11.1,9.96,46.8,0.0,192.078
10.8,1.44,47.66,0.0,386.806
11.7,3.12,49.73,0.0,555.614
10.6,3.24,48.72,0.0,693.827
12.3,1.08,51.07,0.0,642.523
10.1,5.52,49.34,0.0,644.229
9.3,3.84,52.43,0.0,684.993
8.5,5.16,55.91,0.0,591.648
8.5,1.56,57.56,0.0,497.496
11.7,3.72,58.82,0.0,296.06
9.2,3.48,51.59,0.0,100.615
14.2,1.56,52.07,0.0,2.532
9.8,2.16,43.55,0.0,0.0
9.2,3.24,41.82,0.0,0.0
9.2,1.2,40.33,0.0,0.0
5.4,0.6,32.57,0.0,0.0
5.6,1.32,32.18,0.0,0.0
7.2,2.64,33.89,0.0,0.0
4.4,0.48,27.99,0.0,0.0
7.5,0.12,32.86,0.0,0.0
5.5,0.0,27.8,0.0,0.0
8.2,0.36,32.12,0.0,0.0
7.0,3.72,33.13,0.0,0.0
10.3,5.76,46.57,0.0,43.43
14.7,3.96,52.84,0.0,189.304
11.7,7.56,50.43,0.0,379.128
14.3,12.12,52.36,0.0,571.2040000000001
10.6,2.52,47.03,0.0,633.891
14.6,8.16,48.39,0.0,285.923
13.0,5.88,43.74,0.0,380.047
11.6,10.08,43.51,0.0,521.138
12.6,10.56,48.86,0.0,524.2719999999999
13.0,0.96,53.51,0.0,487.263
11.1,3.96,53.39,0.0,324.696
7.7,3.36,44.69,0.0,122.672
10.5,1.32,42.04,0.0,2.9746200000000003
12.2,3.48,40.9,0.0,0.0
9.1,0.24,34.77,0.0,0.0
10.9,0.84,36.23,0.0,0.0
8.0,1.8,31.13,0.0,0.0
5.8,0.36,27.32,0.0,0.0
6.0,0.24,27.31,0.0,0.0
5.3,1.44,26.2,0.0,0.0
5.4,0.0,26.23,0.0,0.0
6.0,0.0,26.7,0.0,0.0
5.1,0.12,25.09,0.0,0.0
7.0,4.2,31.93,0.0,0.0
7.0,12.6,40.45,0.0,42.6544
9.2,18.84,46.29,0.0,187.97
12.4,5.4,51.28,0.0,397.806
10.9,3.12,49.91,0.0,536.278
9.3,4.2,45.98,0.0,620.66
13.0,1.92,49.76,0.0,608.7330000000001
11.6,8.88,50.31,0.0,692.7760000000001
9.4,0.48,51.88,0.0,687.206
8.8,3.96,54.78,0.0,607.127
8.6,2.76,54.36,0.0,417.491
9.5,1.08,54.7,0.0,276.927
11.4,5.16,55.33,0.0,122.39
8.7,2.04,46.66,0.0,3.77601
9.9,2.4,44.69,0.0,0.0
9.7,3.84,42.62,0.0,0.0
7.9,0.36,38.25,0.0,0.0
7.2,0.84,35.42,0.0,0.0
6.0,2.16,32.32,0.0,0.0
5.3,0.24,30.25,0.0,0.0
4.8,0.24,27.84,0.0,0.0
3.8,0.0,24.8,0.0,0.0
5.2,0.24,27.38,0.0,0.0
6.4,0.48,28.96,0.0,0.0
8.1,3.36,33.03,0.0,0.0
10.2,12.12,43.15,0.0,42.4812
10.7,12.24,46.61,0.0,187.77
12.8,9.6,50.37,0.0,379.309
7.4,4.68,45.07,0.0,544.632
11.3,7.08,49.58,0.0,666.573
16.1,2.4,50.58,0.0,768.674
16.1,1.92,51.63,0.0,824.309
11.8,0.96,49.65,0.0,640.687
7.6,0.72,45.39,0.0,584.802
7.3,3.24,47.6,0.0,468.744
6.9,3.96,48.81,0.0,341.983
9.5,2.64,49.59,0.0,122.364
8.4,0.36,42.08,0.0,0.987808
9.7,2.52,41.7,0.0,0.0
10.1,2.16,40.9,0.0,0.0
9.4,1.2,37.79,0.0,0.0
5.7,1.8,30.76,0.0,0.0
9.1,0.24,35.04,0.0,0.0
5.5,0.12,27.42,0.0,0.0
4.1,0.12,24.15,0.0,0.0
4.9,0.0,25.13,0.0,0.0
9.4,0.24,32.4,0.0,0.0
5.1,0.6,23.53,0.0,0.0
6.8,3.12,27.19,0.0,0.0
15.8,11.76,46.54,0.0,39.2498
14.0,6.6,46.89,0.0,151.797
14.0,4.92,50.09,0.0,299.336
9.7,6.84,46.16,0.0,416.225
11.4,1.68,49.61,0.0,515.443
10.7,3.36,48.78,0.0,610.75
15.6,3.6,55.82,0.0,676.314
13.4,2.64,55.37,0.0,527.842
9.0,3.72,50.14,0.0,485.026
10.7,1.08,52.8,0.0,377.189
9.4,0.48,52.29,0.0,281.0
12.0,6.24,53.1,0.0,115.617
9.0,3.0,43.09,0.0,2.64173
9.1,3.0,39.37,0.0,0.0
9.3,0.48,38.14,0.0,0.0
9.1,1.2,35.43,0.0,0.0
9.1,0.48,33.28,0.0,0.0
10.1,1.2,32.86,0.0,0.0
6.4,0.24,25.77,0.0,0.0
7.9,0.36,27.41,0.0,0.0
4.9,0.24,22.24,0.0,0.0
5.2,0.12,22.28,0.0,0.0
5.9,3.24,22.87,0.0,0.0
8.7,4.2,28.37,0.0,0.0
8.1,13.68,31.99,0.0,39.5658
13.1,10.68,45.12,0.0,151.03799999999998
12.3,3.0,47.07,0.0,284.321
11.4,5.52,48.55,0.0,424.977
11.9,4.8,50.17,0.0,526.21
11.9,5.52,50.07,0.0,619.6990000000001
10.7,5.04,50.41,0.0,635.35
11.4,0.12,52.35,0.0,635.395
11.7,3.36,52.29,0.0,516.415
7.3,0.6,42.72,0.0,328.284
10.5,3.48,45.74,0.0,174.85299999999998
7.6,1.2,41.42,0.0,113.567
12.4,0.84,42.82,0.0,0.0
9.6,5.64,35.36,0.0,0.0
15.6,1.8,43.03,0.0,0.0
10.4,0.84,33.43,0.0,0.0
9.0,0.48,30.55,0.0,0.0
4.8,0.36,23.54,0.0,0.0
8.5,0.72,29.41,0.0,0.0
7.5,0.24,25.73,0.0,0.0
5.2,0.24,20.75,0.0,0.0
10.9,0.0,30.24,0.0,0.0
7.8,0.36,23.87,0.0,0.0
8.9,7.44,26.89,0.0,0.0
11.5,6.6,36.33,0.0,42.067
8.0,11.64,37.26,0.0,174.021
12.7,10.44,48.13,0.0,354.261
11.7,3.0,47.72,0.0,562.6
12.8,2.76,49.4,0.0,708.6039999999999
15.1,0.96,52.11,0.0,778.3489999999999
15.6,3.36,53.38,0.0,820.722
12.5,1.08,54.52,0.0,782.7710000000001
11.0,0.72,57.18,0.0,698.455
10.6,2.16,56.39,0.0,557.0269999999999
11.1,1.44,56.4,0.0,397.104
13.4,0.72,57.44,0.0,182.668
7.7,2.16,51.46,0.0,1.6765
10.6,1.8,48.07,0.0,0.0
9.4,0.84,43.39,0.0,0.0
9.7,0.6,41.47,0.0,0.0
7.8,0.12,37.22,0.0,0.0
8.0,0.6,36.61,0.0,0.0
6.2,1.32,32.64,0.0,0.0
7.9,0.12,34.25,0.0,0.0
6.7,0.0,30.62,0.0,0.0
9.0,0.0,33.07,0.0,0.0
9.2,0.48,32.34,0.0,0.0
10.0,2.04,36.06,0.0,0.0
8.5,8.04,42.23,0.0,38.2426
11.5,5.4,49.14,0.0,188.209
11.2,7.08,49.47,0.0,388.288
9.6,4.8,48.73,0.0,559.095
11.2,4.44,51.31,0.0,705.192
10.9,3.0,51.4,0.0,786.345
15.0,6.12,55.49,0.0,786.368
9.5,1.56,54.35,0.0,762.135
11.2,3.72,58.02,0.0,715.9630000000001
7.6,1.2,56.18,0.0,583.9019999999999
8.8,1.92,56.8,0.0,402.777
13.6,1.92,58.79,0.0,175.00099999999998
9.2,1.92,55.67,0.0,1.12971
10.4,0.96,51.63,0.0,0.0
9.6,0.6,47.08,0.0,0.0
7.8,0.48,41.56,0.0,0.0
7.0,3.12,38.19,0.0,0.0
9.2,0.6,39.61,0.0,0.0
5.7,0.36,32.94,0.0,0.0
4.8,0.0,30.22,0.0,0.0
9.8,0.12,36.53,0.0,0.0
4.9,0.0,27.09,0.0,0.0
5.7,0.0,28.77,0.0,0.0
5.5,1.44,30.05,0.0,0.0
8.7,5.76,42.66,0.0,41.9426
10.8,4.08,49.03,0.0,178.736
7.9,4.56,46.07,0.0,336.745
9.5,14.16,49.14,0.0,488.61
8.6,4.44,48.23,0.0,581.247
10.7,7.56,51.23,0.0,671.58
12.8,2.76,53.94,0.0,691.2689999999999
11.4,6.12,55.04,0.0,626.913
12.8,1.8,58.65,0.0,544.298
9.8,1.2,57.78,0.0,424.741
11.4,1.56,58.58,0.0,283.431
7.1,7.56,54.96,0.0,118.609
11.0,5.88,52.73,0.0,0.0820776999999999
8.1,1.08,46.61,0.0,0.0
9.8,0.24,47.03,0.0,0.0
9.5,1.8,45.8,0.0,0.0
5.6,1.56,38.94,0.0,0.0
6.8,0.12,39.26,0.0,0.0
6.3,2.52,36.62,0.0,0.0
4.7,0.24,32.79,0.0,0.0
4.2,0.0,30.7,0.0,0.0
5.7,0.48,32.18,0.0,0.0
8.0,0.6,34.77,0.0,0.0
6.3,1.32,33.39,0.0,0.0
8.3,12.72,40.73,0.0,43.0583
11.0,9.84,46.54,0.0,165.792
7.2,4.92,43.39,0.0,296.147
10.6,6.12,50.57,0.0,399.322
14.9,2.88,55.4,0.0,439.169
13.4,2.16,54.38,0.0,511.319
14.3,6.72,55.3,0.0,589.557
14.7,2.16,56.42,0.0,563.757
11.9,6.0,55.66,0.0,485.397
8.3,0.84,52.8,0.0,415.854
8.9,5.52,53.34,0.0,274.97900000000004
8.4,2.88,49.62,0.0,112.149
8.5,3.72,42.78,0.0,0.0
10.0,4.8,42.18,0.0,0.0
12.5,0.96,43.38,0.0,0.0
5.4,0.96,31.74,0.0,0.0
5.9,1.32,31.26,0.0,0.0
5.4,0.12,28.23,0.0,0.0
4.4,0.12,24.02,0.0,0.0
7.8,0.36,29.18,0.0,0.0
5.8,0.0,25.95,0.0,0.0
6.1,0.0,26.53,0.0,0.0
6.3,0.48,26.5,0.0,0.0
6.8,3.0,29.09,0.0,0.0
9.0,18.48,37.74,0.0,42.1114
9.5,10.2,40.39,0.0,174.705
9.4,7.32,43.3,0.0,351.209
8.6,4.8,44.36,0.0,495.416
12.3,7.08,49.16,0.0,587.23
11.2,2.4,46.52,0.0,653.222
10.3,1.56,47.08,0.0,678.7710000000001
10.9,0.72,50.48,0.0,635.842
10.0,5.04,49.66,0.0,502.071
9.8,0.24,48.46,0.0,338.451
9.2,4.8,47.08,0.0,214.411
12.1,3.72,48.17,0.0,66.5603
8.2,0.72,39.07,0.0,0.0
13.8,2.52,45.14,0.0,0.0
11.6,3.24,40.59,0.0,0.0
11.1,0.72,38.2,0.0,0.0
7.1,0.72,31.1,0.0,0.0
5.5,1.32,28.24,0.0,0.0
4.8,2.04,26.35,0.0,0.0
6.4,0.36,28.61,0.0,0.0
8.8,0.0,31.82,0.0,0.0
8.9,0.36,31.22,0.0,0.0
8.1,0.84,30.06,0.0,0.0
7.9,6.84,32.59,0.0,0.0
17.1,5.76,52.76,0.0,41.2262
9.1,6.12,42.71,0.0,176.437
14.5,7.08,51.44,0.0,347.17
10.2,9.96,46.74,0.0,470.327
12.3,1.92,50.34,0.0,579.9630000000001
10.1,3.96,47.4,0.0,632.688
11.3,1.2,49.99,0.0,659.7439999999999
13.2,0.96,54.65,0.0,613.63
9.2,1.56,51.51,0.0,513.706
11.6,0.48,54.45,0.0,365.468
6.9,1.56,47.77,0.0,232.621
10.6,8.28,51.41,0.0,102.193
10.2,2.88,45.73,0.0,0.0
8.8,3.12,41.56,0.0,0.0
12.8,2.52,46.08,0.0,0.0
9.8,1.44,39.8,0.0,0.0
8.1,0.84,35.62,0.0,0.0
7.3,0.6,32.82,0.0,0.0
5.8,0.0,29.67,0.0,0.0
8.6,0.24,33.27,0.0,0.0
6.8,0.0,29.1,0.0,0.0
8.3,0.0,30.53,0.0,0.0
6.1,0.24,26.25,0.0,0.0
7.4,1.8,29.27,0.0,0.0
7.8,12.36,32.37,0.0,31.7578
11.9,6.72,41.91,0.0,133.923
12.0,7.56,46.34,0.0,268.007
9.2,3.6,44.84,0.0,414.4
12.5,4.8,49.29,0.0,516.105
10.3,4.8,45.56,0.0,608.651
9.8,3.36,46.46,0.0,655.118
11.3,0.36,50.97,0.0,590.097
10.6,3.84,53.38,0.0,558.158
10.0,0.84,54.34,0.0,422.496
7.8,4.8,52.25,0.0,273.636
9.7,8.16,52.43,0.0,103.42
11.8,0.84,48.86,0.0,0.0
11.3,4.56,44.83,0.0,0.0
11.5,0.84,43.13,0.0,0.0
8.0,1.56,36.59,0.0,0.0
6.9,1.32,33.73,0.0,0.0
5.0,0.24,29.35,0.0,0.0
9.1,0.72,34.14,0.0,0.0
5.0,0.24,25.23,0.0,0.0
5.2,0.0,24.7,0.0,0.0
9.3,0.24,31.04,0.0,0.0
6.3,0.24,25.25,0.0,0.0
10.2,11.64,32.55,0.0,0.0
16.1,12.96,44.19,0.0,32.9772
11.2,8.04,39.76,0.0,141.944
9.0,12.12,39.52,0.0,230.379
9.2,0.84,43.07,0.0,327.09
10.1,3.0,44.92,0.0,387.89
15.2,3.0,51.2,0.0,431.1830000000001
13.2,3.36,45.12,0.0,297.825
12.4,3.36,43.47,0.0,327.983
8.8,0.36,39.87,0.0,299.57
10.7,3.0,43.84,0.0,275.41
9.6,3.12,41.9,0.0,163.782
11.2,1.92,42.49,0.0,52.0658
6.6,2.04,32.39,0.0,0.0
10.0,1.32,36.96,0.0,0.0
8.8,1.2,34.55,0.0,0.0
11.5,0.36,37.03,0.0,0.0
6.0,0.48,26.06,0.0,0.0
8.8,0.36,29.99,0.0,0.0
8.8,0.12,29.43,0.0,0.0
8.5,0.24,28.98,0.0,0.0
7.8,0.24,27.98,0.0,0.0
4.7,0.12,23.1,0.0,0.0
8.7,0.12,30.97,0.0,0.0
5.5,6.48,25.53,0.0,0.0
7.7,13.32,32.89,0.0,29.8988
8.7,1.44,36.47,0.0,137.72799999999998
11.0,7.8,40.27,0.0,239.974
9.2,4.56,33.74,0.0,310.757
10.6,3.36,35.87,0.0,385.921
12.2,3.36,36.92,0.0,490.309
16.2,1.44,42.63,0.0,591.8480000000001
11.1,1.08,36.49,0.0,499.534
9.8,2.52,35.98,0.0,423.757
9.8,4.56,38.18,0.0,329.223
10.1,3.48,38.29,0.0,219.847
12.3,4.92,39.68,0.0,55.2645
10.5,3.0,34.63,0.0,0.0
11.7,0.96,34.64,0.0,0.0
7.7,0.84,26.54,0.0,0.0
7.6,1.32,25.57,0.0,0.0
6.6,0.48,23.28,0.0,0.0
7.2,2.16,23.9,0.0,0.0
4.3,0.36,18.52,0.0,0.0
6.1,0.24,20.86,0.0,0.0
4.3,0.12,17.42,0.0,0.0
5.4,0.24,18.81,0.0,0.0
7.3,0.24,21.41,0.0,0.0
8.3,3.0,23.71,0.0,0.0
8.9,5.52,30.73,0.0,38.0339
10.6,1.56,41.47,0.0,172.662
10.3,6.96,46.19,0.0,350.417
11.4,17.88,49.73,0.0,504.895
11.8,2.64,50.02,0.0,627.479
12.9,3.6,51.64,0.0,753.846
10.4,1.32,49.73,0.0,751.112
11.2,3.36,54.94,0.0,734.438
10.1,4.8,57.92,0.0,619.503
9.2,5.4,58.59,0.0,489.344
7.5,5.76,56.96,0.0,272.761
9.3,1.68,54.37,0.0,87.5698
12.9,3.12,52.04,0.0,0.0
13.7,1.32,50.01,0.0,0.0
12.6,2.64,46.57,0.0,0.0
9.0,0.48,39.53,0.0,0.0
8.0,0.6,36.77,0.0,0.0
8.9,0.0,37.47,0.0,0.0
6.9,0.24,33.35,0.0,0.0
8.0,0.24,34.44,0.0,0.0
4.2,0.12,26.83,0.0,0.0
6.0,0.0,29.25,0.0,0.0
6.0,0.24,28.22,0.0,0.0
8.7,1.32,34.66,0.0,0.0
11.1,8.28,43.23,0.0,39.8361
10.1,6.72,44.25,0.0,172.74599999999998
9.4,7.92,43.07,0.0,312.089
10.6,10.8,48.66,0.0,501.749
13.8,4.32,53.74,0.0,614.1080000000001
10.2,3.72,50.03,0.0,744.882
11.7,3.0,53.52,0.0,725.375
14.5,2.16,58.51,0.0,675.091
15.5,0.48,60.29,0.0,548.727
8.0,2.4,51.9,0.0,401.967
12.1,0.72,56.43,0.0,246.349
7.5,3.6,47.59,0.0,91.1354
7.5,0.84,41.46,0.0,0.0
11.6,2.64,44.87,0.0,0.0
11.6,1.08,43.05,0.0,0.0
13.3,1.08,44.22,0.0,0.0
10.9,1.68,38.86,0.0,0.0
8.3,0.36,33.74,0.0,0.0
5.7,0.0,28.08,0.0,0.0
8.5,0.12,31.85,0.0,0.0
6.0,0.24,26.31,0.0,0.0
6.9,1.56,27.5,0.0,0.0
6.6,0.24,26.55,0.0,0.0
6.9,2.64,28.64,0.0,0.0
7.5,7.2,34.69,0.0,37.0784
9.6,8.64,43.43,0.0,171.791
14.0,2.64,52.29,0.0,350.19300000000004
7.6,2.76,46.12,0.0,505.149
8.6,0.36,47.18,0.0,601.72
8.5,1.44,47.26,0.0,682.307
12.3,1.92,53.01,0.0,694.342
10.8,0.24,53.66,0.0,653.888
7.1,5.04,52.44,0.0,601.494
8.9,0.6,55.29,0.0,426.918
10.1,1.08,57.09,0.0,273.685
8.0,3.0,51.07,0.0,88.0857
9.5,2.52,46.62,0.0,0.0
9.9,0.96,44.64,0.0,0.0
11.6,0.84,44.45,0.0,0.0
9.1,1.56,38.39,0.0,0.0
9.3,0.36,34.75,0.0,0.0
7.8,0.24,28.98,0.0,0.0
7.7,0.12,27.18,0.0,0.0
12.2,0.12,32.68,0.0,0.0
11.1,0.24,29.51,0.0,0.0
6.6,0.12,21.89,0.0,0.0
8.1,0.36,25.34,0.0,0.0
8.4,1.92,28.32,0.0,0.0
9.1,15.48,33.61,0.0,39.5812
11.3,7.68,40.44,0.0,170.733
15.6,6.12,49.74,0.0,324.579
8.8,5.28,41.33,0.0,474.698
10.7,1.68,45.08,0.0,604.097
10.8,2.52,46.28,0.0,674.1560000000001
10.4,2.4,47.49,0.0,690.495
9.3,5.28,49.11,0.0,647.356
12.1,0.72,56.15,0.0,588.744
10.8,0.72,54.71,0.0,435.074
9.3,0.48,50.24,0.0,237.232
10.3,3.72,48.1,0.0,70.461
10.2,5.04,42.56,0.0,0.0
12.6,2.16,43.54,0.0,0.0
11.9,1.92,41.58,0.0,0.0
8.7,1.08,35.09,0.0,0.0
8.4,0.6,32.57,0.0,0.0
9.6,0.0,32.97,0.0,0.0
6.4,1.92,27.07,0.0,0.0
7.8,0.0,28.75,0.0,0.0
7.3,0.24,26.87,0.0,0.0
8.8,0.12,28.51,0.0,0.0
7.5,0.36,25.64,0.0,0.0
10.2,1.2,33.66,0.0,0.0
14.9,6.48,48.52,0.0,31.8694
9.5,13.56,42.96,0.0,190.569
11.2,10.8,47.21,0.0,397.435
10.4,11.28,47.78,0.0,555.164
13.7,2.16,51.38,0.0,646.734
10.5,4.32,48.38,0.0,655.456
9.1,1.2,48.69,0.0,633.264
10.0,1.56,52.79,0.0,616.759
10.7,0.96,53.34,0.0,531.674
7.6,0.48,46.98,0.0,383.076
7.0,0.6,46.14,0.0,225.872
11.4,1.32,49.96,0.0,84.5444
12.6,4.08,45.35,0.0,0.0
11.8,0.72,41.9,0.0,0.0
12.4,1.08,41.3,0.0,0.0
8.9,0.72,34.81,0.0,0.0
8.9,2.88,34.09,0.0,0.0
5.6,2.28,27.81,0.0,0.0
5.7,2.16,26.79,0.0,0.0
9.3,0.24,31.34,0.0,0.0
6.5,0.0,25.32,0.0,0.0
10.6,0.36,31.94,0.0,0.0
5.5,0.24,22.51,0.0,0.0
9.9,7.68,31.06,0.0,0.0
12.3,12.6,41.38,0.0,39.8739
14.3,5.76,47.97,0.0,183.95
12.7,9.96,47.41,0.0,382.309
10.4,6.12,45.76,0.0,532.387
13.5,4.68,48.08,0.0,588.138
10.0,0.24,44.45,0.0,638.503
8.5,5.16,46.11,0.0,688.5980000000001
9.1,1.32,49.92,0.0,664.345
8.8,0.48,50.45,0.0,520.88
9.2,2.28,47.37,0.0,349.528
15.6,4.68,53.82,0.0,192.73
10.1,0.36,43.81,0.0,62.4712
11.2,0.6,41.24,0.0,0.0
11.3,0.6,39.25,0.0,0.0
12.2,0.36,38.83,0.0,0.0
11.1,3.12,34.94,0.0,0.0
9.5,0.36,30.62,0.0,0.0
7.2,0.36,25.77,0.0,0.0
9.1,0.36,27.67,0.0,0.0
7.7,0.0,23.86,0.0,0.0
6.0,0.0,20.24,0.0,0.0
4.7,0.12,17.29,0.0,0.0
4.6,0.24,16.41,0.0,0.0
8.0,4.08,24.41,0.0,0.0
8.4,13.32,33.8,0.0,37.6311
8.3,10.8,39.41,0.0,195.846
11.6,12.96,45.83,0.0,396.389
13.1,5.52,48.87,0.0,548.712
9.9,4.08,45.28,0.0,639.0369999999999
9.6,2.88,46.28,0.0,680.1560000000001
11.8,1.8,50.23,0.0,684.557
12.2,6.6,53.08,0.0,624.076
12.2,4.32,55.89,0.0,556.5369999999999
11.2,2.16,55.73,0.0,440.706
7.5,3.24,47.19,0.0,224.571
11.0,5.04,46.84,0.0,57.8838
13.4,1.56,45.08,0.0,0.0
10.9,0.48,38.46,0.0,0.0
9.8,1.56,34.51,0.0,0.0
9.7,1.08,32.37,0.0,0.0
9.0,0.12,29.83,0.0,0.0
5.6,0.24,23.52,0.0,0.0
7.1,0.12,25.14,0.0,0.0
6.1,0.12,22.32,0.0,0.0
6.8,0.0,22.8,0.0,0.0
3.7,0.24,16.99,0.0,0.0
7.0,1.32,21.7,0.0,0.0
6.6,0.6,23.11,0.0,0.0
8.6,3.48,35.97,0.0,36.1488
9.6,3.36,42.57,0.0,193.787
11.1,6.24,46.48,0.0,417.213
8.3,9.96,44.89,0.0,550.577
10.0,9.12,47.61,0.0,674.466
10.8,4.56,49.15,0.0,767.278
14.2,1.92,53.9,0.0,756.092
7.6,1.68,49.55,0.0,701.831
12.1,8.04,56.62,0.0,583.595
8.9,7.44,53.21,0.0,427.0580000000001
13.7,0.6,58.12,0.0,272.372
9.7,0.96,50.59,0.0,74.9179
14.7,1.44,51.83,0.0,0.0
10.3,5.16,44.15,0.0,0.0
10.9,0.72,43.54,0.0,0.0
10.9,1.56,41.75,0.0,0.0
10.4,0.6,39.4,0.0,0.0
8.7,1.2,34.63,0.0,0.0
6.5,0.24,29.07,0.0,0.0
8.8,0.0,30.91,0.0,0.0
5.0,0.12,23.27,0.0,0.0
8.2,0.12,28.37,0.0,0.0
6.7,0.24,25.25,0.0,0.0
4.8,1.44,23.43,0.0,0.0
8.8,8.28,39.32,0.0,35.0488
13.2,3.36,48.29,0.0,186.307
9.5,7.2,45.11,0.0,381.04
11.0,15.96,48.73,0.0,522.827
12.8,8.04,50.89,0.0,641.375
12.2,8.04,51.29,0.0,730.067
15.3,1.8,55.6,0.0,745.6560000000001
12.7,1.44,56.05,0.0,716.215
14.9,1.44,59.49,0.0,579.07
14.5,1.32,60.0,0.0,454.642
14.4,1.44,60.19,0.0,308.578
10.9,2.64,54.15,0.0,104.431
11.1,0.96,45.31,0.0,0.0
11.9,1.92,43.53,0.0,0.0
12.9,0.96,43.09,0.0,0.0
12.7,3.24,41.03,0.0,0.0
8.3,0.84,33.07,0.0,0.0
8.6,0.48,32.34,0.0,0.0
5.9,0.24,26.95,0.0,0.0
7.4,0.0,28.37,0.0,0.0
9.1,0.12,29.9,0.0,0.0
9.4,0.12,29.47,0.0,0.0
7.7,0.12,25.8,0.0,0.0
8.0,1.68,27.65,0.0,0.0
9.4,13.08,39.38,0.0,36.2839
10.2,6.6,44.18,0.0,190.707
9.7,12.96,45.46,0.0,403.577
11.9,3.48,49.42,0.0,536.524
11.6,0.48,49.6,0.0,672.857
11.9,0.84,50.36,0.0,720.9169999999999
9.0,0.48,48.57,0.0,750.118
9.0,0.6,53.09,0.0,701.029
10.4,0.48,56.73,0.0,647.0980000000001
13.6,0.48,58.64,0.0,523.281
10.5,0.84,56.32,0.0,275.82
9.4,2.04,48.68,0.0,54.062
10.6,1.2,44.52,0.0,0.0
11.9,2.4,43.46,0.0,0.0
9.7,1.92,38.01,0.0,0.0
7.9,0.84,33.62,0.0,0.0
6.3,0.24,30.32,0.0,0.0
7.3,0.72,30.97,0.0,0.0
5.4,0.0,26.6,0.0,0.0
5.1,0.24,24.89,0.0,0.0
5.6,0.12,24.99,0.0,0.0
5.6,0.12,24.35,0.0,0.0
5.7,0.48,23.89,0.0,0.0
7.1,4.8,27.12,0.0,0.0
10.0,11.52,38.69,0.0,39.8676
11.4,12.48,45.31,0.0,178.456
12.1,3.36,47.42,0.0,360.157
8.5,5.4,44.18,0.0,536.849
10.6,2.64,47.51,0.0,680.8839999999999
9.1,4.92,46.75,0.0,779.14
11.5,3.0,50.57,0.0,765.6419999999999
12.6,3.24,54.78,0.0,709.0939999999999
12.7,0.84,58.12,0.0,631.005
10.7,0.48,57.13,0.0,475.281
11.3,0.6,58.48,0.0,305.722
11.6,0.84,57.11,0.0,101.942
8.9,3.6,47.18,0.0,0.0
8.6,2.64,44.33,0.0,0.0
13.3,1.56,48.6,0.0,0.0
9.3,0.84,40.24,0.0,0.0
9.2,0.48,38.42,0.0,0.0
5.2,0.48,30.95,0.0,0.0
8.8,0.36,36.38,0.0,0.0
7.5,0.0,31.71,0.0,0.0
8.0,0.0,30.24,0.0,0.0
6.8,0.24,27.55,0.0,0.0
6.0,0.12,25.92,0.0,0.0
6.8,2.4,28.99,0.0,0.0
9.6,10.92,43.77,0.0,33.859
12.6,16.56,49.62,0.0,190.316
10.3,8.64,47.53,0.0,384.80300000000005
8.0,7.8,46.87,0.0,545.877
10.8,3.0,50.8,0.0,662.87
13.0,3.6,53.31,0.0,636.222
13.7,0.96,54.67,0.0,629.221
10.1,1.92,50.97,0.0,589.187
8.0,1.56,51.36,0.0,518.075
8.3,2.64,52.04,0.0,356.237
11.4,0.84,48.9,0.0,200.236
8.9,2.88,41.36,0.0,51.0863
10.9,1.56,40.49,0.0,0.0
12.1,2.28,40.29,0.0,0.0
11.7,2.16,38.25,0.0,0.0
8.7,2.76,32.0,0.0,0.0
10.6,0.48,33.95,0.0,0.0
9.0,0.24,30.51,0.0,0.0
9.8,0.24,30.94,0.0,0.0
4.5,3.24,21.85,0.0,0.0
4.8,0.0,22.82,0.0,0.0
6.5,0.12,25.64,0.0,0.0
9.4,0.36,30.81,0.0,0.0
9.8,5.88,32.53,0.0,0.0
14.1,9.84,46.43,0.0,38.0101
8.9,8.52,42.79,0.0,182.68
10.9,4.68,48.5,0.0,371.374
11.3,4.68,50.14,0.0,525.1659999999999
11.5,6.12,50.05,0.0,591.488
12.0,0.72,50.05,0.0,595.0409999999999
15.4,4.08,54.42,0.0,606.061
10.2,1.68,52.74,0.0,629.497
12.8,3.0,56.76,0.0,524.106
11.4,3.0,53.17,0.0,372.253
13.4,2.28,54.66,0.0,202.293
9.3,0.48,47.6,0.0,69.8986
9.5,0.12,42.92,0.0,0.0
10.1,0.6,41.53,0.0,0.0
8.6,1.08,37.6,0.0,0.0
11.6,0.72,40.3,0.0,0.0
10.3,0.6,36.06,0.0,0.0
5.9,0.6,27.68,0.0,0.0
6.6,0.24,28.04,0.0,0.0
7.3,0.0,29.61,0.0,0.0
8.0,0.24,30.7,0.0,0.0
6.0,0.12,26.38,0.0,0.0
8.3,0.36,29.69,0.0,0.0
6.1,2.16,25.88,0.0,0.0
10.9,13.92,38.02,0.0,31.2644
10.3,8.88,38.64,0.0,158.536
6.9,16.8,34.73,0.0,282.342
9.9,8.76,42.07,0.0,405.451
10.6,6.12,44.67,0.0,531.1709999999999
14.1,4.56,50.72,0.0,542.143
13.0,1.68,47.36,0.0,551.7719999999999
8.8,10.44,42.33,0.0,509.31
12.6,4.2,52.93,0.0,481.95
8.2,9.24,49.51,0.0,445.83
9.4,0.72,49.7,0.0,244.831
9.8,3.48,45.29,0.0,59.143
9.1,3.84,39.44,0.0,0.0
7.9,0.24,35.45,0.0,0.0
7.9,0.6,33.6,0.0,0.0
10.0,1.2,34.7,0.0,0.0
9.4,2.4,31.34,0.0,0.0
6.5,0.84,24.71,0.0,0.0
5.0,0.48,21.3,0.0,0.0
5.3,0.0,21.08,0.0,0.0
5.7,0.36,20.94,0.0,0.0
6.9,0.24,22.35,0.0,0.0
4.6,0.12,17.46,0.0,0.0
10.3,0.48,26.92,0.0,0.0
8.5,2.28,26.27,0.0,31.2103
11.3,4.8,34.54,0.0,175.56400000000002
11.2,5.64,37.48,0.0,376.853
9.6,6.36,37.31,0.0,570.494
10.6,8.16,38.8,0.0,682.443
9.7,1.92,38.99,0.0,794.2760000000001
9.6,2.64,42.38,0.0,819.288
10.9,8.4,49.16,0.0,757.033
8.5,5.64,51.62,0.0,702.0060000000001
13.4,1.68,58.57,0.0,503.448
12.6,1.2,58.28,0.0,302.725
10.7,1.92,54.19,0.0,91.3255
10.2,1.92,46.05,0.0,0.0
11.7,1.8,45.89,0.0,0.0
13.1,0.6,45.71,0.0,0.0
10.7,0.72,40.44,0.0,0.0
6.1,0.24,32.38,0.0,0.0
6.1,0.24,31.13,0.0,0.0
7.8,0.12,32.45,0.0,0.0
6.3,0.0,29.0,0.0,0.0
5.2,0.0,26.78,0.0,0.0
4.7,0.24,25.69,0.0,0.0
5.8,0.36,27.27,0.0,0.0
7.9,0.36,31.95,0.0,0.0
8.3,8.88,36.76,0.0,30.2477
11.9,4.08,44.97,0.0,153.502
10.6,10.56,46.39,0.0,300.507
9.4,8.16,47.12,0.0,437.771
11.3,3.72,50.73,0.0,564.83
7.9,8.52,45.3,0.0,634.883
16.1,0.48,54.44,0.0,615.138
10.1,5.16,47.8,0.0,555.503
9.5,1.08,44.54,0.0,439.97
9.9,4.44,43.1,0.0,324.255
8.6,5.28,39.79,0.0,202.718
10.6,2.4,41.26,0.0,58.9899
10.5,2.52,37.01,0.0,0.0
10.4,1.56,35.47,0.0,0.0
10.4,0.48,34.57,0.0,0.0
8.3,1.56,29.86,0.0,0.0
8.1,0.6,29.0,0.0,0.0
9.4,0.36,30.16,0.0,0.0
10.3,0.12,30.21,0.0,0.0
5.8,0.24,21.85,0.0,0.0
4.6,0.12,19.71,0.0,0.0
8.9,0.36,27.0,0.0,0.0
6.0,0.24,20.62,0.0,0.0
8.7,3.24,26.42,0.0,0.0
8.0,8.4,33.13,0.0,36.9283
11.1,7.08,42.81,0.0,174.074
7.9,12.48,40.01,0.0,342.829
9.4,3.24,43.57,0.0,455.088
12.7,3.72,49.15,0.0,528.97
8.9,0.84,44.22,0.0,613.188
9.3,0.48,46.07,0.0,593.659
11.3,0.48,50.67,0.0,577.413
7.2,3.12,44.92,0.0,459.18
8.2,2.4,43.63,0.0,323.957
9.4,1.56,43.38,0.0,181.646
9.4,3.0,41.04,0.0,52.5227
10.9,2.64,39.1,0.0,0.0
8.6,1.68,33.31,0.0,0.0
7.9,1.44,31.26,0.0,0.0
11.3,0.36,35.45,0.0,0.0
5.8,0.72,25.29,0.0,0.0
9.1,0.6,29.91,0.0,0.0
8.4,0.12,27.38,0.0,0.0
8.9,0.12,26.74,0.0,0.0
8.0,0.12,23.86,0.0,0.0
5.6,0.12,18.97,0.0,0.0
6.2,0.24,18.92,0.0,0.0
7.3,4.56,21.13,0.0,0.0
10.2,12.84,33.55,0.0,39.3019
13.0,8.76,43.64,0.0,183.072
11.7,2.64,43.77,0.0,356.343
11.9,9.72,44.76,0.0,499.199
8.8,0.96,39.6,0.0,536.535
11.5,0.36,44.95,0.0,636.4730000000001
10.5,1.68,46.31,0.0,630.682
15.4,4.44,55.38,0.0,599.751
8.2,1.56,48.28,0.0,512.3430000000001
9.7,1.92,50.78,0.0,368.766
9.3,1.32,49.88,0.0,226.048
12.3,1.68,49.79,0.0,56.7281
12.2,5.04,44.94,0.0,0.0
9.2,1.08,39.55,0.0,0.0
11.6,1.2,41.7,0.0,0.0
10.0,1.32,36.57,0.0,0.0
10.3,2.52,34.12,0.0,0.0
5.4,0.12,24.96,0.0,0.0
6.2,0.12,24.77,0.0,0.0
5.9,0.12,23.01,0.0,0.0
9.3,0.12,27.99,0.0,0.0
6.2,0.12,22.05,0.0,0.0
4.0,0.12,18.03,0.0,0.0
8.0,0.48,25.8,0.0,0.0
10.3,17.64,36.68,0.0,38.3253
12.8,11.64,44.72,0.0,174.46
9.8,9.48,41.88,0.0,330.54
9.8,11.4,44.14,0.0,421.429
10.7,1.56,48.21,0.0,475.316
10.8,2.76,48.29,0.0,516.693
10.0,1.68,47.86,0.0,508.626
10.4,2.76,49.98,0.0,469.329
10.2,0.6,51.48,0.0,408.793
9.1,0.84,48.26,0.0,283.875
13.7,0.84,51.34,0.0,155.08100000000002
12.5,0.84,44.21,0.0,24.9538
12.4,2.52,39.57,0.0,0.0
10.7,3.84,35.54,0.0,0.0
9.4,0.96,33.11,0.0,0.0
12.4,1.92,36.11,0.0,0.0
9.9,0.96,31.26,0.0,0.0
9.2,0.12,29.62,0.0,0.0
8.3,0.12,27.82,0.0,0.0
6.1,0.0,22.07,0.0,0.0
5.2,0.0,19.29,0.0,0.0
6.5,2.04,20.99,0.0,0.0
7.7,0.12,22.65,0.0,0.0
6.8,1.2,21.64,0.0,0.0
13.6,10.68,35.15,0.0,37.1512
11.2,4.2,34.32,0.0,161.467
9.5,6.96,36.13,0.0,314.108
7.8,5.16,37.07,0.0,473.349
13.8,6.36,46.07,0.0,579.28
11.3,2.04,43.92,0.0,661.49
14.4,1.44,49.6,0.0,757.3610000000001
14.3,4.44,52.56,0.0,744.582
9.6,0.72,50.14,0.0,625.169
7.7,0.72,49.55,0.0,505.859
10.7,2.64,53.22,0.0,302.64
7.3,0.24,44.03,0.0,90.3749
13.0,0.6,44.37,0.0,0.0
9.8,1.44,36.86,0.0,0.0
9.6,0.6,34.68,0.0,0.0
9.7,1.32,32.77,0.0,0.0
11.8,0.96,34.09,0.0,0.0
6.5,0.96,24.72,0.0,0.0
9.4,0.48,28.05,0.0,0.0
6.4,0.24,22.85,0.0,0.0
5.2,0.12,20.77,0.0,0.0
6.6,0.12,23.26,0.0,0.0
6.2,0.24,22.42,0.0,0.0
8.2,7.92,26.83,0.0,0.0
11.8,9.72,40.18,0.0,34.0214
13.4,5.64,45.35,0.0,190.49
6.6,12.72,38.58,0.0,404.437
10.7,8.16,46.26,0.0,587.502
12.2,6.24,47.45,0.0,696.398
12.9,0.24,48.04,0.0,772.025
14.1,2.76,50.37,0.0,766.785
11.5,12.72,50.93,0.0,751.8430000000001
7.9,1.68,50.57,0.0,704.617
9.0,0.48,52.87,0.0,522.857
7.5,2.4,51.26,0.0,320.456
7.9,5.28,46.61,0.0,95.3208
11.4,1.32,43.27,0.0,0.0
9.1,1.68,37.66,0.0,0.0
10.0,1.32,37.7,0.0,0.0
9.8,0.84,35.62,0.0,0.0
6.0,0.84,28.18,0.0,0.0
7.7,0.24,29.31,0.0,0.0
7.9,0.12,27.73,0.0,0.0
5.8,1.32,22.62,0.0,0.0
6.3,0.0,22.58,0.0,0.0
5.1,0.12,19.71,0.0,0.0
7.4,0.12,22.28,0.0,0.0
8.7,0.48,25.0,0.0,0.0
9.9,2.04,33.71,0.0,33.4997
11.9,1.56,40.17,0.0,190.693
12.4,9.6,44.46,0.0,401.559
11.1,9.24,44.92,0.0,581.678
11.9,6.36,45.57,0.0,691.171
14.0,2.52,48.83,0.0,787.73
12.0,5.88,48.18,0.0,772.09
9.3,5.76,49.19,0.0,727.505
12.0,6.72,55.4,0.0,620.031
15.7,3.6,58.22,0.0,489.182
13.5,1.8,56.59,0.0,295.54400000000004
12.3,1.56,51.79,0.0,83.7556
14.0,2.76,46.72,0.0,0.0
10.2,1.8,39.56,0.0,0.0
10.7,0.96,37.56,0.0,0.0
8.3,0.24,31.97,0.0,0.0
8.0,0.48,29.17,0.0,0.0
4.7,0.12,22.29,0.0,0.0
7.0,0.0,23.73,0.0,0.0
7.1,0.12,22.59,0.0,0.0
6.1,0.0,20.12,0.0,0.0
8.6,0.12,23.19,0.0,0.0
4.4,0.12,16.08,0.0,0.0
8.7,0.84,24.13,0.0,0.0
9.3,6.84,33.32,0.0,33.2908
10.0,4.44,40.32,0.0,192.654
9.6,8.4,42.57,0.0,404.857
13.2,18.0,48.46,0.0,575.83
9.6,3.12,44.42,0.0,707.885
9.7,0.84,45.15,0.0,778.9839999999999
8.7,0.6,46.25,0.0,797.3539999999999
13.2,1.8,55.89,0.0,749.4580000000001
10.6,2.04,56.45,0.0,628.75
10.4,1.56,57.67,0.0,519.4830000000001
9.3,1.32,57.11,0.0,307.937
12.6,3.0,56.02,0.0,92.8903
9.9,2.64,44.3,0.0,0.0
13.3,0.96,44.82,0.0,0.0
8.5,2.52,34.81,0.0,0.0
13.9,0.72,38.21,0.0,0.0
8.6,0.12,28.6,0.0,0.0
8.3,0.24,25.88,0.0,0.0
5.8,0.0,20.55,0.0,0.0
4.5,0.0,16.6,0.0,0.0
4.9,0.12,14.99,0.0,0.0
9.7,0.24,19.86,0.0,0.0
5.3,0.36,13.29,0.0,0.0
7.2,2.28,15.4,0.0,0.0
16.7,10.08,34.1,0.0,30.3604
13.3,5.52,32.02,0.0,196.467
11.1,15.72,32.4,0.0,410.275
11.2,2.04,35.31,0.0,608.538
10.7,5.64,35.05,0.0,761.6439999999999
8.6,0.24,33.51,0.0,833.3330000000001
11.5,0.84,38.24,0.0,833.3330000000001
10.2,2.4,40.12,0.0,772.653
8.4,2.04,42.52,0.0,713.957
8.5,0.0,45.1,0.0,557.575
8.3,2.76,45.1,0.0,347.754
8.6,4.68,40.28,0.0,102.241
9.2,1.32,32.81,0.0,0.0
13.6,2.76,35.61,0.0,0.0
14.0,1.2,34.18,0.0,0.0
12.8,0.6,30.41,0.0,0.0
9.8,0.72,24.58,0.0,0.0
7.3,0.36,20.14,0.0,0.0
9.5,0.36,21.77,0.0,0.0
8.0,0.24,19.15,0.0,0.0
7.5,0.12,18.12,0.0,0.0
7.9,0.0,18.46,0.0,0.0
5.7,0.36,15.35,0.0,0.0
8.1,7.2,19.4,0.0,0.0
8.8,13.56,23.86,0.0,35.8109
9.5,10.08,28.32,0.0,162.22899999999998
11.6,5.04,34.74,0.0,317.027
9.9,6.36,35.06,0.0,468.846
11.1,4.08,38.07,0.0,593.784
11.6,3.48,40.22,0.0,676.436
14.9,2.4,45.99,0.0,664.855
8.0,3.36,39.16,0.0,634.957
13.2,3.84,49.94,0.0,579.835
11.4,0.72,47.94,0.0,437.69
11.4,1.08,46.01,0.0,247.43
12.4,1.92,42.32,0.0,53.6132
10.2,3.0,34.24,0.0,0.0
13.6,0.96,36.85,0.0,0.0
13.1,1.32,34.49,0.0,0.0
7.5,0.6,24.68,0.0,0.0
6.4,0.48,21.82,0.0,0.0
5.1,0.0,18.7,0.0,0.0
8.0,0.36,20.96,0.0,0.0
6.9,0.24,18.24,0.0,0.0
6.5,0.36,16.91,0.0,0.0
8.9,0.24,20.45,0.0,0.0
7.6,0.0,19.0,0.0,0.0
7.9,2.64,20.23,0.0,0.0
12.7,10.44,31.55,0.0,35.2891
11.4,14.4,32.26,0.0,175.935
10.5,9.72,35.35,0.0,367.913
8.0,9.96,35.19,0.0,570.664
9.1,3.36,36.06,0.0,709.0
14.5,10.92,43.36,0.0,797.183
16.4,1.56,46.38,0.0,784.2610000000001
9.7,0.48,41.84,0.0,725.993
8.2,1.44,42.28,0.0,622.585
7.2,1.32,41.1,0.0,438.855
7.2,0.72,39.3,0.0,241.2
12.5,1.92,41.76,0.0,53.489
15.1,1.08,40.63,0.0,0.0
12.2,1.32,34.85,0.0,0.0
10.8,1.8,31.32,0.0,0.0
6.9,1.32,23.94,0.0,0.0
11.4,2.04,27.89,0.0,0.0
7.2,0.36,20.52,0.0,0.0
11.5,0.0,26.59,0.0,0.0
11.6,0.36,25.91,0.0,0.0
7.7,0.0,18.34,0.0,0.0
8.8,0.0,19.4,0.0,0.0
6.1,0.24,15.6,0.0,0.0
6.7,11.76,16.36,0.0,0.0
9.4,10.68,26.93,0.0,34.2409
8.3,7.68,30.12,0.0,185.596
12.6,6.36,38.82,0.0,391.716
8.7,6.48,34.54,0.0,539.571
9.4,2.88,36.35,0.0,647.432
11.9,3.0,41.04,0.0,710.721
12.0,4.44,42.34,0.0,684.398
12.2,1.32,44.94,0.0,636.054
12.3,0.96,46.73,0.0,549.639
7.7,0.48,40.32,0.0,399.24
9.5,4.44,41.9,0.0,230.153
11.7,6.6,40.93,0.0,54.9602
10.6,0.24,34.26,0.0,0.0
9.8,0.24,31.18,0.0,0.0
10.1,1.92,30.07,0.0,0.0
10.6,0.6,28.62,0.0,0.0
9.7,0.72,25.47,0.0,0.0
7.6,0.36,21.02,0.0,0.0
6.4,0.12,17.32,0.0,0.0
5.7,0.12,15.95,0.0,0.0
5.4,0.12,15.25,0.0,0.0
9.4,0.12,19.97,0.0,0.0
7.1,0.84,16.26,0.0,0.0
6.4,4.8,16.08,0.0,0.0
11.6,5.28,26.78,0.0,34.4204
12.5,2.52,30.63,0.0,160.856
9.3,16.68,30.62,0.0,323.168
9.5,3.24,35.73,0.0,487.45
14.1,1.8,44.23,0.0,609.744
9.7,1.8,39.4,0.0,661.1039999999999
8.9,4.68,39.97,0.0,651.677
9.0,6.84,43.45,0.0,609.842
9.8,1.08,46.56,0.0,500.698
12.8,4.8,50.04,0.0,369.761
13.2,0.48,49.07,0.0,201.007
10.7,8.76,42.43,0.0,37.0875
10.5,2.64,38.36,0.0,0.0
8.0,3.12,32.95,0.0,0.0
10.2,1.08,34.8,0.0,0.0
10.9,1.92,33.91,0.0,0.0
7.4,0.72,27.84,0.0,0.0
6.1,0.72,25.32,0.0,0.0
6.8,0.12,25.75,0.0,0.0
8.8,0.12,28.12,0.0,0.0
4.7,0.12,20.52,0.0,0.0
5.9,0.0,22.08,0.0,0.0
5.2,0.48,20.58,0.0,0.0
5.9,2.16,21.8,0.0,0.0
6.2,7.32,22.34,0.0,22.2215
10.7,3.6,30.88,0.0,114.259
10.7,9.36,33.09,0.0,223.80900000000003
9.4,9.24,33.8,0.0,345.001
15.6,4.32,43.05,0.0,438.008
13.8,3.72,40.17,0.0,500.899
12.7,2.88,39.19,0.0,549.856
9.8,0.6,36.28,0.0,486.524
10.9,8.16,40.33,0.0,438.544
13.3,4.2,45.89,0.0,398.556
14.1,0.84,44.97,0.0,225.129
6.1,0.72,30.43,0.0,56.3399
18.4,1.56,45.41,0.0,0.0
9.4,4.32,29.33,0.0,0.0
11.0,0.84,31.59,0.0,0.0
10.1,1.8,29.65,0.0,0.0
10.1,0.12,28.9,0.0,0.0
12.7,0.24,32.53,0.0,0.0
7.4,0.12,23.18,0.0,0.0
6.3,1.2,21.15,0.0,0.0
4.4,0.12,17.75,0.0,0.0
10.0,0.12,27.79,0.0,0.0
5.5,0.0,19.27,0.0,0.0
7.0,0.24,22.5,0.0,0.0
8.2,11.52,27.44,0.0,30.7318
12.0,3.6,35.71,0.0,149.579
11.6,20.64,36.18,0.0,267.884
13.2,12.36,40.69,0.0,383.676
10.5,8.64,37.35,0.0,493.652
9.8,5.4,37.83,0.0,494.359
10.3,2.04,41.71,0.0,724.388
11.7,3.84,48.38,0.0,719.691
11.8,4.32,52.57,0.0,642.514
8.3,0.48,49.74,0.0,514.023
13.2,1.32,55.24,0.0,309.762
11.8,1.8,49.21,0.0,79.0971
9.6,1.32,37.87,0.0,0.0
10.4,1.08,37.0,0.0,0.0
10.6,1.92,35.64,0.0,0.0
11.3,0.6,34.63,0.0,0.0
9.3,3.6,30.22,0.0,0.0
7.8,0.12,26.61,0.0,0.0
5.5,0.12,22.1,0.0,0.0
11.9,0.12,30.81,0.0,0.0
4.4,0.0,17.58,0.0,0.0
3.9,0.0,17.03,0.0,0.0
6.3,0.24,20.69,0.0,0.0
7.9,3.48,23.69,0.0,0.0
13.2,13.32,40.12,0.0,29.0941
11.4,6.84,40.75,0.0,187.979
12.2,12.84,44.05,0.0,377.315
9.7,0.48,42.64,0.0,544.241
11.2,5.88,45.7,0.0,698.7310000000001
12.4,0.24,48.44,0.0,762.047
13.9,0.36,51.79,0.0,786.452
8.7,0.24,50.14,0.0,772.3430000000001
10.1,0.48,55.79,0.0,698.2589999999999
11.0,0.24,56.36,0.0,515.93
9.0,0.84,54.41,0.0,305.832
10.3,0.96,51.04,0.0,70.342
9.0,5.16,42.15,0.0,0.0
11.8,1.44,43.36,0.0,0.0
8.8,1.08,36.58,0.0,0.0
11.2,0.24,38.0,0.0,0.0
11.4,0.6,36.09,0.0,0.0
7.8,1.56,28.66,0.0,0.0
7.8,2.4,27.03,0.0,0.0
10.9,0.0,30.19,0.0,0.0
6.1,0.24,21.7,0.0,0.0
8.0,3.24,24.22,0.0,0.0
7.1,0.84,22.29,0.0,0.0
6.5,8.52,21.51,0.0,0.0
10.5,7.8,31.98,0.0,47.389
9.9,11.52,32.64,0.0,137.987
9.5,7.8,33.2,0.0,226.535
10.5,1.2,35.44,0.0,275.671
12.7,5.76,37.99,0.0,288.877
6.6,2.04,30.14,0.0,305.10900000000004
14.6,2.4,45.81,0.0,331.56300000000005
12.8,3.48,44.49,0.0,333.477
9.1,1.08,38.38,0.0,251.755
11.7,0.24,41.72,0.0,168.09799999999998
10.4,1.32,39.67,0.0,73.5101
9.9,3.6,38.75,0.0,20.801
12.4,1.56,41.16,0.0,0.0
12.2,3.36,39.3,0.0,0.0
6.9,3.24,29.97,0.0,0.0
8.4,1.92,32.12,0.0,0.0
7.6,0.48,29.89,0.0,0.0
5.8,0.12,25.7,0.0,0.0
9.6,0.24,31.91,0.0,0.0
6.1,0.12,24.46,0.0,0.0
7.3,0.0,25.44,0.0,0.0
11.4,0.24,32.31,0.0,0.0
7.7,0.24,24.75,0.0,0.0
6.0,6.6,22.32,0.0,0.0
8.5,18.6,31.38,0.0,44.9016
10.2,12.12,36.92,0.0,135.36
7.3,14.16,35.61,0.0,237.957
6.5,2.04,37.75,0.0,299.103
10.6,1.92,47.94,0.0,371.537
11.3,1.92,50.15,0.0,370.227
11.0,2.04,51.52,0.0,436.817
12.6,2.76,53.77,0.0,412.901
5.2,1.32,43.73,0.0,368.827
8.2,3.12,48.7,0.0,277.372
11.4,2.04,52.13,0.0,152.942
10.5,4.92,47.17,0.0,37.9739
8.6,5.4,40.44,0.0,0.0
10.5,6.36,41.48,0.0,0.0
10.9,2.28,40.89,0.0,0.0
10.1,1.32,38.4,0.0,0.0
8.7,2.76,35.55,0.0,0.0
10.4,0.6,38.12,0.0,0.0
8.4,1.8,32.99,0.0,0.0
9.7,0.24,33.41,0.0,0.0
9.6,0.36,32.52,0.0,0.0
7.2,0.48,27.65,0.0,0.0
6.9,1.2,23.46,0.0,0.0
12.5,6.6,28.37,0.0,0.0
11.5,9.72,25.04,0.0,8.34637
10.4,15.0,21.68,0.0,45.4499
11.9,5.28,25.3,0.0,110.167
9.8,2.88,25.39,0.0,208.757
10.0,4.92,29.5,0.0,326.383
7.8,3.48,28.68,0.0,371.799
9.6,0.12,32.6,0.0,361.346
9.9,2.88,34.1,0.0,343.755
6.4,2.28,28.74,0.0,266.266
10.2,1.92,33.05,0.0,177.15900000000002
13.1,2.16,36.36,0.0,81.7301
10.8,3.84,31.82,0.0,19.3564
9.6,2.52,27.94,0.0,0.0
9.9,1.08,27.07,0.0,0.0
9.3,0.72,25.1,0.0,0.0
9.4,1.68,24.06,0.0,0.0
10.1,0.84,22.6,0.0,0.0
5.2,0.6,14.37,0.0,0.0
6.7,2.64,15.76,0.0,0.0
7.9,0.12,15.11,0.0,0.0
8.3,0.24,13.3,0.0,0.0
6.9,0.12,10.29,0.0,0.0
6.7,0.24,9.13,0.0,0.0
7.2,2.64,8.64,0.0,0.0
6.2,9.48,8.04,0.0,0.0
8.6,12.24,10.05,0.0,128.908
10.1,14.76,13.19,0.0,269.768
7.1,11.52,12.61,0.0,400.903
6.8,6.6,14.47,0.0,655.3660000000001
13.5,4.2,23.37,0.0,711.568
9.5,8.52,20.35,0.0,775.587
9.8,5.04,23.0,0.0,702.446
11.7,2.52,27.5,0.0,596.145
14.5,6.84,31.99,0.0,455.65
10.1,1.56,27.01,0.0,258.166
14.0,2.76,26.35,0.0,55.0169
10.4,3.6,18.12,0.0,0.0
10.8,1.56,16.29,0.0,0.0
10.6,0.6,14.81,0.0,0.0
6.2,2.52,8.46,0.0,0.0
10.4,0.6,10.7,0.0,0.0
8.4,0.72,7.77,0.0,0.0
7.8,0.48,6.61,0.0,0.0
7.6,0.12,5.55,0.0,0.0
8.6,1.44,5.45,0.0,0.0
6.2,0.12,3.81,0.0,0.0
6.4,0.24,3.48,0.0,0.0
7.6,0.84,3.95,0.0,0.0
10.0,4.2,7.84,0.0,0.0
8.2,10.08,8.81,0.0,161.6
10.7,16.68,13.86,0.0,319.665
7.8,13.32,13.56,0.0,440.411
13.3,7.68,21.77,0.0,541.318
12.4,12.0,23.61,0.0,589.863
10.5,2.52,24.01,0.0,561.86
7.5,0.96,23.76,0.0,553.37
7.1,6.6,25.3,0.0,456.451
11.5,5.04,30.8,0.0,313.57
11.8,2.16,31.06,0.0,159.506
12.9,3.6,30.1,0.0,38.1128
13.9,3.84,28.43,0.0,0.0
9.4,1.08,21.22,0.0,0.0
11.2,5.76,22.5,0.0,0.0
8.6,1.56,17.22,0.0,0.0
6.1,4.56,12.8,0.0,0.0
9.7,1.92,16.23,0.0,0.0
6.2,3.24,11.48,0.0,0.0
5.0,0.12,9.33,0.0,0.0
6.6,0.12,10.22,0.0,0.0
8.4,0.0,12.13,0.0,0.0
8.9,0.24,12.6,0.0,0.0
5.9,5.28,9.22,0.0,0.0
9.2,10.8,16.72,0.0,0.0
11.2,8.28,24.39,0.0,151.505
11.6,14.04,30.47,0.0,295.152
9.4,14.28,30.21,0.0,365.676
10.1,1.56,33.17,0.0,430.468
11.8,0.48,36.67,0.0,370.142
9.3,5.16,34.97,0.0,379.919
11.3,2.4,37.88,0.0,315.872
7.7,0.24,32.75,0.0,261.904
5.9,0.6,29.38,0.0,160.69799999999998
11.1,0.48,36.36,0.0,72.4252
9.3,2.28,32.44,0.0,15.5835
9.3,7.68,30.38,0.0,0.0
10.9,3.96,31.41,0.0,0.0
10.3,3.6,29.22,0.0,0.0
11.5,0.6,29.56,0.0,0.0
8.7,3.6,24.34,0.0,0.0
6.7,0.72,20.07,0.0,0.0
10.0,0.48,24.06,0.0,0.0
9.2,0.6,20.91,0.0,0.0
7.7,2.76,17.03,0.0,0.0
8.0,0.24,17.19,0.0,0.0
6.8,0.72,15.33,0.0,0.0
8.2,3.0,16.82,0.0,0.0
13.3,18.36,28.86,0.0,0.0
8.2,3.0,23.67,0.0,138.276
12.1,16.56,34.07,0.0,243.257
9.1,3.72,32.81,0.0,327.802
10.2,13.2,37.29,0.0,406.571
12.4,2.88,41.95,0.0,342.605
8.7,5.4,38.38,0.0,393.576
7.5,0.6,38.9,0.0,400.387
10.7,0.36,43.97,0.0,321.456
9.0,0.6,41.63,0.0,258.058
8.6,0.72,40.36,0.0,126.557
10.6,1.68,39.84,0.0,22.2438
9.1,4.08,34.74,0.0,0.0
9.5,2.88,33.43,0.0,0.0
7.4,14.88,28.75,0.0,0.0
7.0,0.84,26.54,0.0,0.0
8.3,0.48,26.8,0.0,0.0
8.3,2.28,24.91,0.0,0.0
9.2,3.48,24.18,0.0,0.0
9.3,0.24,21.77,0.0,0.0
8.0,0.0,18.25,0.0,0.0
6.7,2.76,15.71,0.0,0.0
6.8,1.44,15.09,0.0,0.0
8.8,5.28,16.81,0.0,0.0
8.8,6.48,20.69,0.0,0.0
11.8,9.12,29.9,0.0,127.901
10.0,11.4,31.01,0.0,247.877
7.1,9.72,27.59,0.0,273.86
13.4,10.08,40.64,0.0,336.718
8.9,3.24,34.82,0.0,327.87800000000004
13.7,3.84,45.06,0.0,373.024
12.4,0.48,44.37,0.0,326.393
11.1,0.72,42.07,0.0,267.451
7.0,5.76,34.54,0.0,161.404
9.1,0.6,36.66,0.0,66.1979
16.1,8.64,44.62,0.0,13.5842
14.9,2.4,39.52,0.0,0.0
13.3,3.48,35.93,0.0,0.0
7.7,5.16,27.7,0.0,0.0
11.0,3.0,32.06,0.0,0.0
7.0,1.08,24.36,0.0,0.0
6.7,0.48,22.47,0.0,0.0
6.3,0.36,21.12,0.0,0.0
5.7,1.08,19.36,0.0,0.0
9.7,0.12,24.52,0.0,0.0
7.6,0.24,19.58,0.0,0.0
8.3,0.12,20.51,0.0,0.0
12.1,6.84,27.18,0.0,0.0
10.2,14.4,27.17,0.0,0.0
10.3,14.4,30.69,0.0,127.423
10.1,14.4,35.14,0.0,243.041
12.0,2.28,40.9,0.0,300.724
10.5,2.4,40.57,0.0,367.677
10.2,0.72,41.68,0.0,353.644
13.1,0.96,47.42,0.0,486.092
9.1,2.88,43.35,0.0,425.621
8.8,0.96,43.45,0.0,342.23400000000004
12.7,4.68,47.51,0.0,222.98
8.8,2.4,40.49,0.0,83.0833
11.1,1.32,40.51,0.0,14.1392
12.6,6.0,40.5,0.0,0.0
8.7,3.72,33.13,0.0,0.0
10.3,2.16,34.3,0.0,0.0
11.7,1.56,34.58,0.0,0.0
9.6,0.6,29.38,0.0,0.0
7.6,1.92,24.76,0.0,0.0
7.6,3.48,23.98,0.0,0.0
9.7,0.12,26.7,0.0,0.0
10.4,0.84,26.7,0.0,0.0
8.9,0.12,23.25,0.0,0.0
4.3,0.96,15.62,0.0,0.0
5.4,8.4,17.01,0.0,0.0
9.0,6.84,26.61,0.0,0.0
11.9,9.48,35.01,0.0,132.292
8.3,3.24,32.27,0.0,229.997
9.0,6.6,37.18,0.0,319.208
16.6,6.6,49.41,0.0,413.074
10.5,2.76,40.69,0.0,444.628
11.6,0.6,44.67,0.0,469.019
10.6,0.36,45.61,0.0,417.189
8.6,0.0,43.94,0.0,363.329
9.7,2.04,43.85,0.0,231.995
13.1,0.72,46.16,0.0,87.4874
8.9,2.4,38.1,0.0,14.1939
9.6,2.16,37.3,0.0,0.0
10.3,1.92,36.58,0.0,0.0
7.5,1.8,30.98,0.0,0.0
6.9,2.4,28.68,0.0,0.0
9.6,0.72,30.6,0.0,0.0
4.8,0.84,21.15,0.0,0.0
6.5,3.36,23.51,0.0,0.0
5.9,0.12,20.7,0.0,0.0
6.6,2.64,20.87,0.0,0.0
8.5,0.12,23.2,0.0,0.0
7.3,0.24,20.03,0.0,0.0
8.8,4.92,22.33,0.0,0.0
6.0,6.0,21.34,0.0,0.0
11.7,10.56,34.87,0.0,136.835
7.8,14.76,31.75,0.0,236.248
8.2,10.56,35.51,0.0,318.619
10.9,4.92,42.32,0.0,407.578
10.0,3.0,41.48,0.0,435.355
11.5,8.88,44.7,0.0,441.969
11.2,1.44,44.83,0.0,383.002
8.0,1.08,40.25,0.0,333.22900000000004
13.3,4.44,46.4,0.0,229.04
7.2,2.28,35.37,0.0,90.7072
12.1,3.6,40.34,0.0,15.8726
11.4,3.72,37.04,0.0,0.0
11.2,1.68,35.01,0.0,0.0
10.0,3.72,31.73,0.0,0.0
6.7,3.96,25.28,0.0,0.0
8.4,1.32,26.61,0.0,0.0
6.4,0.48,22.11,0.0,0.0
8.3,0.24,23.8,0.0,0.0
7.9,0.12,22.03,0.0,0.0
6.0,3.72,18.87,0.0,0.0
5.2,0.12,17.09,0.0,0.0
6.8,0.24,19.15,0.0,0.0
8.6,2.28,21.89,0.0,0.0
13.0,2.64,33.15,0.0,0.0
10.0,13.2,30.77,0.0,134.472
9.3,14.04,33.01,0.0,232.426
9.1,10.44,35.64,0.0,300.892
10.1,14.4,38.12,0.0,343.401
7.0,6.24,33.91,0.0,336.87
8.0,2.64,37.58,0.0,343.037
8.5,5.64,39.29,0.0,305.411
10.1,5.16,38.63,0.0,209.79
6.7,2.76,30.25,0.0,117.797
9.6,1.2,34.25,0.0,52.5302
12.5,2.52,37.24,0.0,9.87853
10.1,1.8,31.57,0.0,0.0
12.5,0.72,34.59,0.0,0.0
8.0,1.44,26.73,0.0,0.0
12.4,3.12,32.9,0.0,0.0
7.4,3.96,23.81,0.0,0.0
4.5,0.24,18.86,0.0,0.0
5.4,1.68,20.25,0.0,0.0
8.4,0.12,24.84,0.0,0.0
6.4,1.92,20.64,0.0,0.0
6.5,0.0,20.44,0.0,0.0
8.7,0.12,23.95,0.0,0.0
8.3,3.12,23.08,0.0,0.0
7.1,6.48,24.95,0.0,0.0
9.4,17.64,32.62,0.0,125.445
9.3,15.6,37.83,0.0,255.755
14.0,8.16,48.41,0.0,320.383
11.4,2.64,46.12,0.0,381.922
7.3,2.64,42.33,0.0,376.391
6.5,0.48,45.19,0.0,525.246
10.5,1.56,50.45,0.0,437.209
6.3,0.48,40.55,0.0,373.124
13.7,2.04,49.72,0.0,227.652
8.1,2.28,34.38,0.0,68.3988
9.2,2.16,31.76,0.0,9.13246
15.9,6.0,39.56,0.0,0.0
10.3,4.2,27.61,0.0,0.0
8.2,6.48,22.82,0.0,0.0
6.1,1.92,17.75,0.0,0.0
9.1,4.08,18.46,0.0,0.0
8.7,0.84,13.83,0.0,0.0
8.3,0.36,11.36,0.0,0.0
9.2,0.12,10.91,0.0,0.0
6.0,0.12,6.99,0.0,0.0
9.6,0.12,8.7,0.0,0.0
6.7,0.0,5.38,0.0,0.0
8.8,2.52,6.64,0.0,0.0
11.9,18.84,10.36,0.0,0.0
13.0,10.92,12.99,0.0,143.39600000000002
8.8,15.48,11.96,0.0,278.936
9.5,2.52,15.43,0.0,411.93
8.5,7.92,17.77,0.0,554.988
9.8,0.24,21.8,0.0,618.492
9.9,0.72,23.52,0.0,612.395
8.4,0.48,23.77,0.0,549.953
10.2,0.84,27.6,0.0,463.874
10.8,0.48,29.49,0.0,430.74
9.8,1.68,25.1,0.0,164.146
7.3,1.08,17.77,0.0,20.8508
10.0,1.92,17.74,0.0,0.0
15.2,1.2,21.6,0.0,0.0
11.7,2.64,16.05,0.0,0.0
7.8,1.2,9.96,0.0,0.0
8.6,1.44,9.66,0.0,0.0
11.3,1.08,10.91,0.0,0.0
7.6,0.0,6.36,0.0,0.0
7.4,0.0,5.18,0.0,0.0
8.0,0.24,4.75,0.0,0.0
9.5,2.16,5.0,0.0,0.0
7.1,4.68,3.49,0.0,0.0
11.0,11.4,5.47,0.0,0.0
7.6,10.32,6.82,0.0,0.0
7.7,6.84,9.39,0.0,176.02700000000002
7.1,10.92,11.96,0.0,351.871
9.1,9.6,15.54,0.0,440.142
7.1,5.64,16.85,0.0,672.165
9.2,0.72,21.22,0.0,760.832
8.6,3.0,23.22,0.0,734.903
13.6,2.28,31.92,0.0,666.315
10.2,0.6,30.94,0.0,558.386
9.2,3.12,30.08,0.0,400.273
9.3,3.24,28.48,0.0,204.55
11.4,2.4,24.49,0.0,25.994
11.5,4.32,21.3,0.0,0.0
8.8,2.52,16.93,0.0,0.0
10.0,5.04,16.29,0.0,0.0
13.4,3.84,17.62,0.0,0.0
11.3,2.04,13.11,0.0,0.0
7.2,0.36,7.89,0.0,0.0
7.9,0.24,7.69,0.0,0.0
8.0,0.24,7.02,0.0,0.0
7.8,0.12,5.99,0.0,0.0
6.7,0.24,4.75,0.0,0.0
7.9,0.36,5.17,0.0,0.0
10.3,2.28,5.97,0.0,0.0
10.8,17.52,8.57,0.0,0.0
10.4,15.48,11.8,0.0,143.186
11.5,20.52,18.1,0.0,286.972
13.1,5.76,24.43,0.0,378.11
9.0,3.48,22.33,0.0,490.364
9.0,1.8,25.41,0.0,548.886
8.4,0.72,28.04,0.0,689.414
11.1,3.36,33.6,0.0,495.589
9.6,2.28,35.21,0.0,518.768
11.4,1.8,35.95,0.0,292.623
8.5,1.08,31.33,0.0,142.844
8.7,1.92,27.6,0.0,15.3705
11.3,6.6,27.82,0.0,0.0
9.7,2.28,23.82,0.0,0.0
10.5,2.16,23.11,0.0,0.0
7.6,2.4,17.62,0.0,0.0
6.5,0.72,14.6,0.0,0.0
8.8,1.68,15.78,0.0,0.0
7.0,0.72,12.21,0.0,0.0
7.4,0.36,10.74,0.0,0.0
6.7,0.0,9.26,0.0,0.0
7.0,0.0,9.06,0.0,0.0
8.1,2.16,9.52,0.0,0.0
8.9,3.24,9.5,0.0,0.0
11.7,3.6,14.52,0.0,0.0
12.5,11.76,19.84,0.0,129.095
8.0,8.52,19.77,0.0,260.747
6.4,4.32,20.08,0.0,337.224
9.5,9.84,28.47,0.0,475.846
12.8,2.4,35.16,0.0,543.096
12.1,0.84,35.45,0.0,555.0509999999999
14.9,0.96,40.14,0.0,440.667
9.7,0.96,34.57,0.0,365.61
5.8,0.48,30.43,0.0,293.613
20.6,1.2,47.42,0.0,125.729
14.3,2.88,36.1,0.0,13.2826
9.8,3.6,27.81,0.0,0.0
12.2,1.2,29.07,0.0,0.0
11.9,0.36,26.92,0.0,0.0
9.5,1.8,21.57,0.0,0.0
13.3,0.48,25.19,0.0,0.0
8.1,1.44,16.55,0.0,0.0
6.6,0.24,12.6,0.0,0.0
9.8,0.36,15.32,0.0,0.0
9.2,0.0,13.35,0.0,0.0
7.9,0.12,11.35,0.0,0.0
5.9,0.12,9.2,0.0,0.0
6.2,3.48,9.08,0.0,0.0
10.1,5.04,14.4,0.0,0.0
11.1,9.36,18.63,0.0,113.016
9.8,19.44,22.1,0.0,238.254
7.8,7.44,23.73,0.0,344.983
9.9,5.88,30.28,0.0,448.899
11.5,3.48,33.69,0.0,479.398
12.3,4.8,36.45,0.0,477.583
9.9,0.48,35.55,0.0,444.421
12.2,2.04,38.84,0.0,365.228
7.7,8.76,32.39,0.0,241.364
12.9,2.76,37.51,0.0,103.009
10.9,3.84,32.23,0.0,10.0968
13.0,3.36,32.48,0.0,0.0
10.1,3.48,26.78,0.0,0.0
8.7,1.44,24.25,0.0,0.0
10.6,2.76,26.95,0.0,0.0
6.6,1.44,21.16,0.0,0.0
7.3,1.32,19.88,0.0,0.0
10.5,1.2,21.41,0.0,0.0
6.7,0.36,13.64,0.0,0.0
5.8,1.44,10.92,0.0,0.0
7.6,0.0,11.78,0.0,0.0
4.5,0.12,7.72,0.0,0.0
8.2,2.04,9.99,0.0,0.0
10.1,3.36,12.84,0.0,0.0
10.4,5.04,13.76,0.0,136.775
5.7,9.6,11.04,0.0,254.69
7.8,13.08,16.51,0.0,367.578
9.3,6.72,21.81,0.0,502.42800000000005
12.1,2.52,27.46,0.0,556.097
10.4,1.8,27.54,0.0,575.034
10.5,3.36,29.56,0.0,509.857
6.6,1.2,25.75,0.0,420.842
7.1,1.08,26.04,0.0,283.008
9.1,1.68,26.91,0.0,130.213
12.9,3.6,28.36,0.0,11.0689
9.9,5.4,22.38,0.0,0.0
8.7,1.2,19.32,0.0,0.0
11.1,1.92,20.74,0.0,0.0
9.4,3.84,15.83,0.0,0.0
5.4,2.64,9.21,0.0,0.0
10.3,0.36,12.79,0.0,0.0
5.8,0.0,7.1,0.0,0.0
7.7,0.48,7.87,0.0,0.0
4.7,0.0,4.86,0.0,0.0
9.0,0.0,7.35,0.0,0.0
5.6,0.24,4.51,0.0,0.0
5.4,2.76,4.16,0.0,0.0
10.2,3.12,9.93,0.0,0.0
10.9,13.8,13.26,0.0,144.873
6.5,24.6,12.89,0.0,291.122
10.3,10.44,19.46,0.0,395.665
6.7,1.92,17.73,0.0,479.044
8.6,4.2,22.68,0.0,492.073
8.1,7.56,24.43,0.0,491.797
12.9,2.04,32.42,0.0,429.98800000000006
11.3,1.2,30.96,0.0,350.957
8.1,2.64,26.36,0.0,249.651
5.6,2.88,21.53,0.0,101.338
14.5,2.4,29.57,0.0,7.467039999999999
13.7,3.24,26.36,0.0,0.0
13.3,2.4,24.62,0.0,0.0
11.2,3.0,20.85,0.0,0.0
14.5,0.84,22.65,0.0,0.0
7.1,2.04,12.2,0.0,0.0
8.2,2.4,12.2,0.0,0.0
10.3,0.12,12.71,0.0,0.0
7.0,0.12,7.62,0.0,0.0
9.3,0.96,8.68,0.0,0.0
7.4,0.24,6.39,0.0,0.0
8.3,1.68,6.38,0.0,0.0
6.9,4.2,5.14,0.0,0.0
6.3,17.04,7.62,0.0,0.0
14.0,5.28,17.4,0.0,148.559
6.7,14.04,13.4,0.0,293.632
8.5,3.48,17.74,0.0,381.392
8.9,15.6,20.94,0.0,487.881
11.1,1.08,26.39,0.0,547.701
9.1,2.76,27.08,0.0,683.423
9.6,0.12,30.77,0.0,608.4630000000001
8.4,3.48,31.44,0.0,514.219
12.1,0.6,34.3,0.0,287.252
7.5,1.44,28.33,0.0,134.372
9.6,0.36,27.32,0.0,9.11762
9.4,2.28,24.43,0.0,0.0
7.8,0.6,20.41,0.0,0.0
11.0,1.56,22.54,0.0,0.0
10.3,0.96,19.58,0.0,0.0
10.4,0.6,17.49,0.0,0.0
8.4,0.12,13.04,0.0,0.0
6.6,0.48,9.96,0.0,0.0
5.0,0.12,8.47,0.0,0.0
7.1,0.48,10.06,0.0,0.0
10.0,0.24,12.87,0.0,0.0
5.6,0.96,7.86,0.0,0.0
11.4,7.32,13.39,0.0,0.0
10.7,10.56,15.64,0.0,0.0
10.8,12.96,18.55,0.0,141.82299999999998
11.5,14.88,25.28,0.0,345.06199999999995
12.4,9.48,29.41,0.0,489.967
7.5,4.56,24.13,0.0,630.661
8.9,1.68,27.94,0.0,703.5260000000001
12.1,4.32,33.65,0.0,699.427
9.2,2.04,32.57,0.0,617.7719999999999
6.4,1.68,31.79,0.0,520.905
7.1,6.84,33.06,0.0,379.4380000000001
8.0,1.56,31.86,0.0,185.486
9.3,6.36,27.13,0.0,20.3351
11.4,4.08,26.11,0.0,0.0
11.8,3.6,24.71,0.0,0.0
11.8,1.92,23.71,0.0,0.0
13.1,3.84,24.23,0.0,0.0
8.3,0.84,16.63,0.0,0.0
6.5,0.6,13.0,0.0,0.0
8.4,1.44,13.5,0.0,0.0
5.8,0.12,8.59,0.0,0.0
10.8,2.64,11.91,0.0,0.0
8.5,0.0,8.6,0.0,0.0
6.3,0.36,6.36,0.0,0.0
10.3,3.72,8.96,0.0,0.0
7.4,22.8,7.67,0.0,0.0
12.1,15.0,12.67,0.0,130.22
10.0,14.52,13.2,0.0,255.975
8.6,11.16,14.96,0.0,368.419
11.7,3.0,21.65,0.0,504.701
12.1,4.44,23.67,0.0,574.318
9.3,1.2,21.23,0.0,515.702
10.6,2.4,23.72,0.0,459.286
9.5,1.32,23.34,0.0,372.255
8.6,7.2,20.88,0.0,213.999
7.2,0.48,18.29,0.0,74.2022
5.8,2.28,15.43,0.0,3.4410300000000005
9.3,3.84,17.47,0.0,0.0
9.4,1.68,16.23,0.0,0.0
10.4,3.96,16.26,0.0,0.0
10.5,1.2,14.37,0.0,0.0
9.8,0.84,12.25,0.0,0.0
11.7,0.6,14.23,0.0,0.0
6.5,1.56,7.8,0.0,0.0
5.8,0.24,6.01,0.0,0.0
9.9,0.0,7.93,0.0,0.0
6.0,0.36,4.92,0.0,0.0
7.8,0.72,5.75,0.0,0.0
9.3,7.56,6.38,0.0,0.0
10.2,7.08,8.03,0.0,0.0
9.6,8.4,9.41,0.0,129.355
9.2,9.36,11.39,0.0,252.766
8.5,4.8,13.11,0.0,363.462
8.6,7.2,15.88,0.0,485.496
10.6,1.2,20.69,0.0,542.894
8.1,2.76,20.15,0.0,565.612
9.8,3.24,24.82,0.0,506.631
6.7,2.64,22.99,0.0,423.584
13.8,0.6,30.87,0.0,290.826
10.9,1.08,26.02,0.0,126.521
13.8,5.16,26.05,0.0,6.725110000000001
11.0,3.48,21.0,0.0,0.0
14.9,0.96,24.31,0.0,0.0
9.2,1.68,16.42,0.0,0.0
8.5,2.28,13.72,0.0,0.0
9.0,0.36,12.59,0.0,0.0
7.1,0.48,8.27,0.0,0.0
7.6,1.92,8.46,0.0,0.0
9.8,0.24,9.65,0.0,0.0
10.7,0.12,8.99,0.0,0.0
7.9,0.0,6.13,0.0,0.0
5.3,0.48,4.02,0.0,0.0
9.4,1.68,5.98,0.0,0.0
10.4,8.16,10.72,0.0,0.0
11.3,11.64,15.24,0.0,166.78
7.9,17.76,15.82,0.0,347.624
9.7,13.56,19.7,0.0,482.217
7.7,7.44,19.29,0.0,586.882
8.6,3.6,22.92,0.0,655.8960000000001
10.8,3.0,28.02,0.0,676.67
9.5,5.4,30.13,0.0,626.4159999999999
6.9,0.96,30.37,0.0,520.211
8.5,7.44,33.6,0.0,384.763
13.5,8.16,37.79,0.0,170.39700000000002
9.0,3.24,27.68,0.0,21.6445
10.7,2.76,26.35,0.0,0.0
10.3,1.08,23.31,0.0,0.0
10.5,6.12,21.73,0.0,0.0
8.7,2.04,16.87,0.0,0.0
7.9,0.84,14.41,0.0,0.0
6.8,0.96,11.52,0.0,0.0
10.0,0.48,13.05,0.0,0.0
5.9,0.24,7.57,0.0,0.0
6.2,0.12,7.26,0.0,0.0
6.6,0.12,6.66,0.0,0.0
7.7,0.12,6.17,0.0,0.0
11.9,0.12,9.21,0.0,0.0
10.0,2.88,12.53,0.0,0.0
10.9,8.16,18.01,0.0,161.605
10.2,12.84,23.29,0.0,346.891
8.6,19.2,25.23,0.0,502.336
8.2,9.0,26.37,0.0,607.736
11.4,7.2,32.49,0.0,655.923
6.7,1.08,29.07,0.0,660.927
9.4,3.12,36.24,0.0,609.179
10.2,3.6,40.02,0.0,503.98
9.2,1.32,38.66,0.0,344.773
5.5,2.52,31.99,0.0,150.952
12.1,2.16,35.39,0.0,11.9016
9.4,9.24,28.99,0.0,0.0
11.3,1.08,29.77,0.0,0.0
8.1,5.28,23.89,0.0,0.0
13.5,2.76,28.94,0.0,0.0
9.2,3.96,20.58,0.0,0.0
9.4,3.24,18.77,0.0,0.0
7.1,0.48,13.86,0.0,0.0
5.7,0.0,10.44,0.0,0.0
9.0,0.0,12.64,0.0,0.0
7.1,0.0,9.48,0.0,0.0
6.3,0.24,7.95,0.0,0.0
8.0,3.36,9.19,0.0,0.0
10.8,4.56,14.65,0.0,0.0
8.6,11.88,16.29,0.0,150.474
5.9,17.28,16.35,0.0,248.06
9.8,17.28,26.79,0.0,370.198
12.8,2.16,33.74,0.0,484.745
10.9,1.68,33.1,0.0,542.8009999999999
11.3,4.44,34.94,0.0,547.7719999999999
11.4,2.64,36.55,0.0,488.581
9.2,2.28,34.49,0.0,378.98800000000006
9.9,3.12,35.23,0.0,263.208
11.7,1.8,35.66,0.0,108.125
14.2,3.48,35.15,0.0,3.28285
10.7,4.68,28.06,0.0,0.0
10.2,4.8,25.97,0.0,0.0
12.3,4.44,27.29,0.0,0.0
9.7,2.28,22.13,0.0,0.0
13.1,0.84,25.55,0.0,0.0
8.2,0.24,17.22,0.0,0.0
7.3,1.32,15.72,0.0,0.0
9.4,0.24,18.36,0.0,0.0
6.5,0.12,12.92,0.0,0.0
7.8,0.0,13.6,0.0,0.0
5.7,0.6,10.73,0.0,0.0
9.5,4.56,16.06,0.0,0.0
11.9,16.68,20.81,0.0,0.0
9.0,11.88,18.64,0.0,106.679
9.2,19.44,24.14,0.0,220.252
10.0,3.84,30.06,0.0,300.846
10.2,8.16,32.88,0.0,356.88699999999994
7.6,3.48,29.61,0.0,305.247
8.3,5.4,31.81,0.0,326.027
9.6,0.24,33.99,0.0,283.712
6.3,1.56,29.89,0.0,216.852
7.6,1.56,31.31,0.0,130.162
10.2,0.6,33.99,0.0,39.774
10.2,1.32,32.82,0.0,0.0
10.2,0.96,31.17,0.0,0.0
11.1,2.4,31.14,0.0,0.0
10.6,6.12,29.4,0.0,0.0
10.7,1.32,28.24,0.0,0.0
7.0,0.48,21.17,0.0,0.0
9.3,1.8,23.51,0.0,0.0
7.5,0.0,18.56,0.0,0.0
10.3,0.12,19.97,0.0,0.0
6.7,3.6,12.75,0.0,0.0
7.6,1.44,13.87,0.0,0.0
7.1,1.68,11.84,0.0,0.0
8.1,9.36,12.86,0.0,0.0
11.7,11.88,19.85,0.0,0.0
10.9,12.6,22.33,0.0,118.966
8.1,19.44,23.95,0.0,240.889
7.3,6.72,27.32,0.0,351.837
10.7,4.68,34.73,0.0,459.394
12.6,2.4,39.19,0.0,516.341
15.6,2.88,44.18,0.0,529.515
12.3,1.92,40.74,0.0,453.707
6.5,1.68,32.29,0.0,352.715
7.9,6.36,32.08,0.0,208.671
12.6,2.28,37.24,0.0,64.9148
9.2,6.0,30.94,0.0,0.0
10.4,7.68,31.01,0.0,0.0
12.2,2.04,32.36,0.0,0.0
12.5,4.2,31.06,0.0,0.0
10.9,5.04,26.72,0.0,0.0
6.0,0.72,17.89,0.0,0.0
7.5,0.24,17.57,0.0,0.0
7.7,0.6,15.52,0.0,0.0
7.7,0.24,13.01,0.0,0.0
9.7,0.0,13.2,0.0,0.0
12.2,0.12,14.45,0.0,0.0
7.8,0.12,8.75,0.0,0.0
8.3,3.96,8.41,0.0,0.0
12.2,18.72,12.3,0.0,0.0
13.5,12.84,15.41,0.0,135.483
8.4,15.48,14.77,0.0,329.8
6.5,7.08,16.66,0.0,489.965
10.8,2.16,23.22,0.0,641.624
10.1,3.36,22.27,0.0,549.887
10.5,1.2,23.86,0.0,549.445
6.7,3.96,21.4,0.0,494.519
8.8,1.92,24.89,0.0,416.552
7.7,4.2,23.2,0.0,286.56
12.1,0.84,24.97,0.0,112.376
9.7,1.2,18.5,0.0,8.37594
13.2,2.04,20.41,0.0,0.0
11.9,1.8,16.37,0.0,0.0
13.5,2.64,15.39,0.0,0.0
12.5,1.32,12.47,0.0,0.0
7.8,0.6,7.15,0.0,0.0
7.9,1.92,6.02,0.0,0.0
7.0,1.8,4.71,0.0,0.0
9.9,0.36,5.73,0.0,0.0
8.1,0.12,4.33,0.0,0.0
6.1,0.24,3.26,0.0,0.0
8.1,2.76,3.69,0.0,0.0
7.2,6.36,3.02,0.0,0.0
10.3,12.12,5.02,0.0,0.0
12.4,19.08,8.31,0.0,123.955
12.1,4.08,12.46,0.0,273.98
7.8,4.32,15.14,0.0,542.563
14.3,5.76,23.42,0.0,657.3689999999999
10.1,3.96,20.15,0.0,596.201
8.6,0.72,21.06,0.0,585.802
12.3,0.24,27.29,0.0,536.493
7.1,0.84,22.23,0.0,444.633
10.9,0.36,25.76,0.0,292.54
21.4,0.6,36.01,0.0,124.795
7.2,2.16,16.67,0.0,11.7184
7.0,5.52,14.53,0.0,0.0
7.4,4.68,13.08,0.0,0.0
10.1,0.72,14.28,0.0,0.0
7.3,2.64,9.29,0.0,0.0
9.9,0.72,9.32,0.0,0.0
6.0,1.32,5.24,0.0,0.0
6.5,0.24,4.24,0.0,0.0
12.8,3.0,5.96,0.0,0.0
8.8,0.12,2.69,0.0,0.0
6.7,0.12,1.25,0.0,0.0
5.4,0.12,0.72,0.0,0.0
9.2,0.24,1.19,0.0,0.0
11.7,5.04,2.29,0.0,0.0
9.6,5.4,4.31,0.0,183.061
10.7,17.04,7.06,0.0,409.754
7.8,32.16,7.08,0.0,576.5
8.3,16.8,8.58,0.0,722.612
12.5,4.8,12.85,0.0,833.3330000000001
10.4,1.32,13.27,0.0,833.3330000000001
8.4,6.24,14.39,0.0,820.6519999999999
12.7,4.08,21.23,0.0,724.24
9.3,3.48,20.15,0.0,539.413
8.4,2.88,16.37,0.0,257.094
14.9,4.44,13.96,0.0,0.0
12.1,3.6,9.5,0.0,0.0
17.7,0.72,13.51,0.0,0.0
9.4,1.8,5.83,0.0,0.0
12.0,0.6,6.21,0.0,0.0
9.0,1.44,4.08,0.0,0.0
17.5,0.96,7.45,0.0,0.0
8.3,1.2,2.44,0.0,0.0
9.0,1.44,2.38,0.0,0.0
14.0,0.0,3.74,0.0,0.0
8.6,0.36,1.54,0.0,0.0
10.5,0.12,1.93,0.0,0.0
6.5,0.36,1.02,0.0,0.0
9.5,1.92,2.17,0.0,0.0
8.1,4.2,4.25,0.0,168.271
13.3,11.64,9.5,0.0,384.376
8.8,23.76,9.64,0.0,548.769
9.6,17.04,11.11,0.0,688.7869999999999
11.3,11.28,13.48,0.0,726.561
12.1,3.84,15.63,0.0,712.177
10.3,7.2,16.44,0.0,652.117
8.1,2.88,16.9,0.0,539.139
10.9,2.88,19.77,0.0,338.782
14.8,2.64,20.46,0.0,146.895
15.7,3.96,16.73,0.0,0.0
17.6,0.6,16.84,0.0,0.0
11.9,4.2,9.49,0.0,0.0
14.2,3.6,10.12,0.0,0.0
14.9,1.8,9.33,0.0,0.0
12.6,2.04,6.08,0.0,0.0
7.4,7.2,2.99,0.0,0.0
10.8,0.48,4.17,0.0,0.0
10.7,0.6,3.24,0.0,0.0
9.3,0.12,2.0,0.0,0.0
8.0,0.0,1.44,0.0,0.0
7.0,0.24,1.12,0.0,0.0
8.6,3.96,1.22,0.0,0.0
12.5,1.56,3.22,0.0,0.0
11.5,14.88,7.66,0.0,154.088
13.0,4.08,12.83,0.0,363.659
10.0,23.04,12.59,0.0,482.921
10.1,14.64,13.85,0.0,549.675
9.2,5.52,15.68,0.0,585.0419999999999
11.9,1.44,20.64,0.0,550.947
17.3,3.6,29.52,0.0,499.148
10.5,2.76,22.78,0.0,374.702
10.8,0.84,22.49,0.0,234.205
11.5,2.04,21.29,0.0,76.8702
9.8,2.04,17.85,0.0,0.0
8.5,2.16,16.17,0.0,0.0
12.7,1.2,19.72,0.0,0.0
12.8,1.2,18.26,0.0,0.0
11.4,3.24,15.3,0.0,0.0
14.7,3.12,17.8,0.0,0.0
19.2,1.2,21.91,0.0,0.0
6.1,0.48,6.63,0.0,0.0
8.9,0.0,8.0,0.0,0.0
6.3,0.24,5.59,0.0,0.0
9.0,0.12,7.07,0.0,0.0
7.2,0.6,5.59,0.0,0.0
9.0,3.12,6.74,0.0,0.0
9.0,3.6,8.42,0.0,0.0
9.8,16.56,12.93,0.0,129.566
7.2,21.36,14.99,0.0,295.577
9.5,7.68,21.23,0.0,432.24300000000005
11.7,4.08,26.9,0.0,529.6080000000001
10.6,1.8,28.23,0.0,594.673
9.8,0.48,30.85,0.0,703.461
13.8,2.64,39.01,0.0,633.7090000000001
10.0,2.52,35.74,0.0,512.679
9.3,3.12,32.7,0.0,331.86400000000003
8.4,2.88,27.24,0.0,130.30200000000002
13.4,5.76,29.19,0.0,0.0
11.8,0.96,26.57,0.0,0.0
13.2,1.44,26.73,0.0,0.0
11.2,3.6,22.38,0.0,0.0
14.7,3.96,25.82,0.0,0.0
12.1,9.0,21.24,0.0,0.0
16.6,2.28,26.0,0.0,0.0
10.7,3.12,16.81,0.0,0.0
9.9,0.36,15.6,0.0,0.0
11.6,0.12,17.1,0.0,0.0
10.2,0.12,14.97,0.0,0.0
7.9,0.12,12.12,0.0,0.0
8.6,6.0,13.24,0.0,0.0
9.8,5.28,17.01,0.0,0.0
7.4,16.92,18.52,0.0,126.392
11.5,9.96,27.41,0.0,243.054
10.2,1.44,27.2,0.0,335.357
14.6,17.76,34.43,0.0,405.9330000000001
9.0,4.92,28.35,0.0,425.193
10.3,1.2,33.8,0.0,504.891
9.2,5.4,34.5,0.0,438.398
12.8,3.12,38.6,0.0,330.376
11.1,1.8,34.48,0.0,220.968
12.5,0.84,33.04,0.0,69.8241
13.9,2.04,32.89,0.0,0.0
11.8,0.84,30.32,0.0,0.0
14.5,4.32,32.53,0.0,0.0
10.8,1.44,25.44,0.0,0.0
11.2,2.16,25.27,0.0,0.0
15.0,0.48,29.53,0.0,0.0
8.6,2.28,18.97,0.0,0.0
15.1,0.36,27.43,0.0,0.0
9.6,0.0,18.02,0.0,0.0
10.4,0.0,18.08,0.0,0.0
12.6,0.0,20.35,0.0,0.0
9.0,0.0,14.67,0.0,0.0
6.8,1.44,11.23,0.0,0.0
6.9,2.52,12.49,0.0,0.0
12.8,17.52,24.35,0.0,97.7996
10.4,16.2,23.03,0.0,221.99
13.3,10.32,31.42,0.0,374.044
10.8,15.6,28.22,0.0,452.446
10.6,8.52,30.09,0.0,542.731
12.3,1.56,33.91,0.0,513.22
13.2,1.44,35.9,0.0,491.796
7.7,3.96,26.31,0.0,321.752
10.9,1.56,27.95,0.0,179.332
9.9,2.28,23.24,0.0,49.3183
8.7,5.4,20.17,0.0,0.0
10.9,2.52,22.24,0.0,0.0
14.3,2.16,24.06,0.0,0.0
11.3,2.76,17.79,0.0,0.0
15.2,4.8,20.26,0.0,0.0
13.7,2.52,15.99,0.0,0.0
8.2,0.6,8.76,0.0,0.0
6.5,0.24,6.43,0.0,0.0
7.2,0.0,5.77,0.0,0.0
7.3,0.12,4.89,0.0,0.0
9.7,0.12,5.13,0.0,0.0
7.8,0.0,3.18,0.0,0.0
11.6,3.96,4.37,0.0,0.0
10.8,3.84,5.23,0.0,0.0
11.8,10.32,9.03,0.0,159.832
11.6,18.48,10.57,0.0,379.757
9.5,11.16,10.42,0.0,551.219
16.0,3.12,15.96,0.0,693.625
10.4,0.84,13.52,0.0,726.1160000000001
10.4,1.08,15.18,0.0,709.456
10.1,8.88,16.77,0.0,629.828
11.3,1.68,19.73,0.0,527.9209999999999
10.8,6.96,17.14,0.0,307.72900000000004
10.7,0.24,14.4,0.0,117.594
11.2,8.76,12.03,0.0,0.0
8.7,1.56,9.62,0.0,0.0
14.0,2.28,13.11,0.0,0.0
12.5,1.2,10.38,0.0,0.0
13.8,0.84,10.58,0.0,0.0
19.3,0.36,14.74,0.0,0.0
5.1,4.92,3.44,0.0,0.0
9.4,0.24,4.97,0.0,0.0
8.4,0.24,4.1,0.0,0.0
13.7,0.0,6.01,0.0,0.0
9.3,0.0,3.59,0.0,0.0
12.6,0.24,5.07,0.0,0.0
7.9,0.24,2.78,0.0,0.0
10.5,4.32,4.54,0.0,0.0
7.3,4.2,4.34,0.0,113.569
8.5,7.92,5.85,0.0,243.4
8.1,22.44,7.31,0.0,397.144
11.1,13.2,10.57,0.0,507.412
10.0,4.8,11.75,0.0,589.003
11.6,2.64,15.89,0.0,665.9
11.1,5.4,18.9,0.0,596.055
12.3,12.72,23.0,0.0,552.13
16.6,1.44,27.51,0.0,362.767
9.0,6.12,16.0,0.0,138.692
13.2,4.2,15.86,0.0,0.0
12.5,8.88,14.39,0.0,0.0
12.9,1.08,12.51,0.0,0.0
10.4,5.04,9.26,0.0,0.0
10.6,0.48,9.03,0.0,0.0
10.9,3.0,8.62,0.0,0.0
8.7,1.32,6.98,0.0,0.0
7.7,0.12,6.02,0.0,0.0
5.7,0.12,4.13,0.0,0.0
10.5,0.0,6.23,0.0,0.0
13.5,0.6,7.42,0.0,0.0
6.4,0.0,2.87,0.0,0.0
8.7,0.12,3.49,0.0,0.0
11.4,3.36,6.81,0.0,0.0
9.5,6.84,10.39,0.0,157.559
9.5,5.52,13.13,0.0,374.619
9.9,15.96,13.92,0.0,528.952
14.0,15.48,18.25,0.0,635.431
10.8,7.56,18.16,0.0,710.643
11.0,4.2,21.24,0.0,820.0
12.0,9.84,24.92,0.0,646.1469999999999
12.9,4.92,28.9,0.0,557.345
8.4,4.44,23.5,0.0,381.519
10.4,4.92,21.57,0.0,160.285
11.2,2.88,17.68,0.0,0.0
11.7,1.08,17.13,0.0,0.0
9.3,2.4,12.08,0.0,0.0
7.5,1.56,8.14,0.0,0.0
10.2,13.08,9.06,0.0,0.0
8.6,0.96,6.52,0.0,0.0
9.5,3.24,6.14,0.0,0.0
7.0,2.88,3.83,0.0,0.0
10.8,1.44,4.83,0.0,0.0
8.3,0.24,2.67,0.0,0.0
9.9,0.0,2.73,0.0,0.0
12.2,0.0,3.36,0.0,0.0
8.0,2.28,1.51,0.0,0.0
8.0,6.0,2.25,0.0,0.0
8.7,26.28,7.02,0.0,144.496
7.3,4.44,12.16,0.0,371.741
8.2,12.48,16.01,0.0,615.112
9.1,13.32,17.92,0.0,719.216
8.1,5.64,19.35,0.0,779.623
11.3,4.44,23.66,0.0,714.273
10.2,2.88,27.08,0.0,679.64
7.5,0.24,27.4,0.0,556.401
11.2,3.96,30.73,0.0,374.702
7.9,3.96,21.91,0.0,139.445
6.9,1.32,16.16,0.0,0.0
13.6,4.8,23.33,0.0,0.0
12.5,1.08,19.99,0.0,0.0
13.6,0.72,19.37,0.0,0.0
13.3,3.48,17.7,0.0,0.0
21.6,3.36,27.18,0.0,0.0
9.7,0.36,11.03,0.0,0.0
8.6,0.0,9.23,0.0,0.0
10.0,0.12,9.49,0.0,0.0
7.4,0.12,6.68,0.0,0.0
8.1,0.12,6.97,0.0,0.0
6.6,0.6,5.73,0.0,0.0
7.2,1.2,6.22,0.0,0.0
12.2,7.44,12.42,0.0,0.0
10.9,11.16,14.59,0.0,116.704
10.9,16.32,16.24,0.0,225.949
7.6,15.36,15.82,0.0,325.69
10.0,13.08,23.58,0.0,425.05300000000005
10.4,3.84,26.62,0.0,437.458
12.3,2.28,32.34,0.0,483.88
9.8,2.88,30.83,0.0,419.838
10.3,0.24,31.89,0.0,332.774
11.8,0.72,32.85,0.0,230.295
6.9,3.6,23.01,0.0,70.639
14.1,3.48,30.41,0.0,0.0
10.5,3.84,25.54,0.0,0.0
14.7,0.96,29.2,0.0,0.0
13.6,3.0,24.98,0.0,0.0
13.0,1.68,22.51,0.0,0.0
14.0,3.96,22.43,0.0,0.0
12.9,0.6,19.46,0.0,0.0
7.1,1.32,11.1,0.0,0.0
12.4,0.24,16.89,0.0,0.0
11.8,0.36,14.6,0.0,0.0
7.7,0.24,8.27,0.0,0.0
5.4,0.72,5.39,0.0,0.0
9.4,1.8,7.95,0.0,0.0
10.7,5.4,8.9,0.0,0.0
8.8,25.92,7.4,0.0,84.6769
13.4,10.08,10.53,0.0,181.329
10.1,3.36,7.85,0.0,259.144
9.3,6.84,7.82,0.0,333.996
7.2,6.12,6.95,0.0,414.918
10.2,0.84,8.72,0.0,383.404
12.4,3.72,10.43,0.0,343.386
10.2,0.6,8.17,0.0,260.123
12.0,0.48,8.42,0.0,160.267
21.2,0.6,14.99,0.0,42.5368
9.7,0.96,4.76,0.0,0.0
15.1,0.6,7.8,0.0,0.0
11.0,1.92,4.39,0.0,0.0
11.5,3.12,4.09,0.0,0.0
10.4,0.84,2.89,0.0,0.0
13.0,2.28,3.23,0.0,0.0
15.6,3.0,3.91,0.0,0.0
12.0,0.0,2.13,0.0,0.0
5.7,0.12,0.69,0.0,0.0
9.4,0.12,0.86,0.0,0.0
7.7,0.12,0.57,0.0,0.0
9.1,0.36,0.61,0.0,0.0
6.3,2.04,0.36,0.0,0.0
10.9,0.72,0.57,0.0,0.0
12.3,18.48,0.91,0.0,86.5399
9.5,18.72,0.69,0.0,191.528
11.8,15.72,1.03,0.0,272.59
12.3,14.52,1.41,0.0,386.719
10.6,10.56,1.33,0.0,452.78
10.8,1.32,1.72,0.0,528.8009999999999
9.4,4.92,2.25,0.0,534.9730000000001
12.0,4.8,3.88,0.0,508.61800000000005
7.0,2.64,2.88,0.0,372.377
8.9,0.72,2.78,0.0,176.09
8.1,3.48,1.25,0.0,0.0
11.2,0.72,1.57,0.0,0.0
12.8,3.0,1.69,0.0,0.0
14.0,3.0,1.51,0.0,0.0
16.4,3.96,1.9,0.0,0.0
15.3,2.16,1.01,0.0,0.0
9.1,0.6,0.37,0.0,0.0
8.7,1.08,0.38,0.0,0.0
10.9,3.0,0.33,0.0,0.0
8.2,0.0,0.0,0.0,0.0
15.4,0.12,0.41,0.0,0.0
7.5,0.0,0.0,0.0,0.0
7.6,2.64,0.0,0.0,0.0
11.4,3.72,0.38,0.0,0.0
15.1,7.68,3.14,0.0,192.272
7.1,16.32,2.61,0.0,466.408
8.8,6.36,3.48,0.0,673.952
10.6,1.8,4.4,0.0,803.1460000000001
12.6,2.76,6.36,0.0,833.3330000000001
12.9,2.28,7.55,0.0,833.3330000000001
9.8,0.96,7.61,0.0,773.257
12.5,3.48,10.52,0.0,629.206
11.5,3.12,10.13,0.0,443.36300000000006
9.1,0.48,6.31,0.0,188.909
11.6,9.96,4.48,0.0,0.0
14.2,2.52,5.27,0.0,0.0
15.1,1.8,4.94,0.0,0.0
8.7,0.6,1.92,0.0,0.0
10.2,2.04,2.12,0.0,0.0
11.4,2.28,1.94,0.0,0.0
13.4,5.88,2.04,0.0,0.0
10.6,0.6,1.1,0.0,0.0
10.4,0.12,0.88,0.0,0.0
6.9,0.12,0.64,0.0,0.0
7.4,0.12,0.61,0.0,0.0
10.8,0.24,0.67,0.0,0.0
11.2,2.52,0.69,0.0,0.0
5.5,5.16,0.55,0.0,0.0
9.8,7.44,2.56,0.0,154.48
5.5,17.88,3.33,0.0,391.655
16.2,16.8,8.28,0.0,567.366
13.8,9.24,9.04,0.0,690.1160000000001
15.7,2.64,11.98,0.0,781.436
9.7,1.56,10.05,0.0,759.299
10.3,4.08,11.97,0.0,689.985
9.5,12.84,11.98,0.0,545.7280000000001
9.0,4.32,11.31,0.0,362.535
9.7,3.48,9.49,0.0,147.849
11.4,3.6,7.34,0.0,0.0
13.8,4.08,8.17,0.0,0.0
13.0,1.8,6.68,0.0,0.0
13.7,0.6,6.52,0.0,0.0
13.6,3.84,5.97,0.0,0.0
9.2,0.72,3.7,0.0,0.0
6.0,0.48,2.37,0.0,0.0
11.8,0.72,4.57,0.0,0.0
5.5,0.0,2.28,0.0,0.0
9.8,0.36,4.0,0.0,0.0
9.1,0.12,3.63,0.0,0.0
8.8,0.0,3.88,0.0,0.0
7.4,0.36,3.73,0.0,0.0
6.2,0.96,4.29,0.0,0.0
9.7,2.88,10.7,0.0,130.674
9.0,7.8,14.11,0.0,314.036
10.3,21.96,18.6,0.0,471.524
8.9,13.2,20.13,0.0,581.567
13.5,17.4,29.2,0.0,607.664
8.6,7.44,26.65,0.0,633.9680000000001
9.4,8.76,31.17,0.0,595.4780000000001
9.4,5.64,32.44,0.0,490.426
7.4,0.6,29.32,0.0,348.51300000000003
10.8,3.12,30.47,0.0,154.50799999999998
12.2,3.84,27.78,0.0,0.0
12.5,0.96,28.58,0.0,0.0
17.6,1.8,34.77,0.0,0.0
11.9,5.28,24.97,0.0,0.0
16.8,3.0,31.34,0.0,0.0
10.6,2.28,20.57,0.0,0.0
13.1,0.12,23.78,0.0,0.0
11.6,0.48,20.79,0.0,0.0
10.2,0.12,16.96,0.0,0.0
7.8,0.0,6.85,0.0,0.0
10.2,0.12,4.66,0.0,0.0
10.3,0.12,3.2,0.0,0.0
6.8,3.24,1.29,0.0,0.0
8.9,6.48,1.56,0.0,0.0
10.0,13.2,2.07,0.0,106.813
7.8,6.72,1.63,0.0,236.171
9.9,12.0,3.09,0.0,388.217
8.3,10.08,3.21,0.0,542.489
10.3,7.32,4.4,0.0,608.736
9.8,10.44,5.16,0.0,658.822
9.2,1.92,6.42,0.0,662.9889999999999
9.9,2.64,8.45,0.0,616.437
8.5,0.6,7.66,0.0,445.612
6.3,4.56,4.12,0.0,190.958
7.5,3.24,2.36,0.0,0.0
11.7,4.56,3.53,0.0,0.0
10.2,1.2,2.24,0.0,0.0
11.8,0.84,2.07,0.0,0.0
10.7,1.92,1.37,0.0,0.0
11.5,1.8,0.79,0.0,0.0
9.5,0.96,0.63,0.0,0.0
12.3,0.12,0.82,0.0,0.0
8.9,0.0,0.35,0.0,0.0
7.4,0.0,0.18,0.0,0.0
8.5,0.0,0.2,0.0,0.0
9.5,0.24,0.16,0.0,0.0
5.7,1.8,0.0,0.0,0.0
7.2,12.6,0.09,0.0,0.0
8.1,13.92,0.4,0.0,127.101
13.0,21.84,2.07,0.0,351.468
9.8,21.12,2.12,0.0,549.47
9.6,5.28,2.7,0.0,714.325
10.0,1.44,4.62,0.0,829.6389999999999
10.5,1.2,6.41,0.0,827.2560000000001
13.3,0.36,9.43,0.0,786.9989999999999
9.5,0.12,8.82,0.0,642.948
15.6,1.32,12.04,0.0,448.092
6.9,2.16,4.72,0.0,177.778
8.3,3.6,2.75,0.0,0.0
12.3,2.64,3.7,0.0,0.0
14.8,3.84,4.08,0.0,0.0
16.9,1.56,4.33,0.0,0.0
9.5,2.04,1.17,0.0,0.0
11.2,2.28,1.11,0.0,0.0
11.4,2.16,0.93,0.0,0.0
6.8,0.36,0.47,0.0,0.0
9.5,0.24,0.58,0.0,0.0
7.9,0.48,0.34,0.0,0.0
9.9,0.12,0.27,0.0,0.0
11.8,0.0,0.43,0.0,0.0
9.8,2.16,0.26,0.0,0.0
8.3,3.12,0.22,0.0,0.0
13.0,17.64,2.78,0.0,149.986
9.2,10.92,4.61,0.0,402.449
9.9,5.4,7.07,0.0,634.776
12.9,4.08,10.33,0.0,746.699
11.1,3.96,11.57,0.0,805.035
7.9,1.32,12.09,0.0,817.6239999999999
12.8,1.8,16.88,0.0,779.176
11.9,3.48,16.4,0.0,586.41
8.7,1.08,13.61,0.0,395.23800000000006
13.0,1.68,13.03,0.0,162.959
11.1,1.08,7.3,0.0,0.0
11.8,0.6,7.04,0.0,0.0
15.8,2.28,8.43,0.0,0.0
12.4,1.44,5.39,0.0,0.0
11.4,4.2,4.27,0.0,0.0
13.4,3.36,4.48,0.0,0.0
12.5,0.6,3.6,0.0,0.0
9.1,0.48,2.03,0.0,0.0
10.5,0.24,2.1,0.0,0.0
7.1,0.36,0.95,0.0,0.0
6.0,0.0,0.87,0.0,0.0
9.0,0.0,0.98,0.0,0.0
6.5,2.16,0.74,0.0,0.0
8.8,3.24,1.76,0.0,0.0
8.6,11.64,4.75,0.0,132.588
9.6,12.48,9.05,0.0,348.75699999999995
8.8,13.92,11.94,0.0,541.11
9.8,27.12,13.92,0.0,640.8530000000001
12.8,3.84,17.68,0.0,697.422
9.8,8.28,17.62,0.0,653.669
11.0,3.84,21.0,0.0,618.7919999999999
13.5,6.12,25.25,0.0,530.555
9.1,0.84,20.27,0.0,344.797
11.5,2.4,18.95,0.0,143.208
11.6,2.04,14.56,0.0,0.0
11.2,1.08,13.11,0.0,0.0
13.9,0.36,13.77,0.0,0.0
9.9,4.08,8.68,0.0,0.0
13.1,1.44,9.99,0.0,0.0
15.3,2.4,10.15,0.0,0.0
13.5,0.96,7.59,0.0,0.0
8.9,1.2,4.21,0.0,0.0
17.6,0.24,8.12,0.0,0.0
7.6,0.12,2.27,0.0,0.0
7.1,0.0,1.59,0.0,0.0
7.6,0.24,1.6,0.0,0.0
10.0,3.0,2.16,0.0,0.0
6.4,1.44,2.26,0.0,0.0
8.6,12.6,8.07,0.0,136.273
12.0,24.96,16.01,0.0,380.732
10.0,3.96,17.05,0.0,572.29
8.6,1.44,16.91,0.0,681.435
9.5,2.28,19.33,0.0,768.508
11.4,3.36,22.08,0.0,722.51
10.7,13.8,23.56,0.0,662.178
9.8,0.36,24.43,0.0,525.852
8.6,3.48,22.92,0.0,366.733
13.5,2.04,23.61,0.0,148.787
11.0,6.24,16.17,0.0,0.0
13.1,3.96,17.8,0.0,0.0
7.5,2.4,10.22,0.0,0.0
15.4,0.72,17.4,0.0,0.0
7.9,0.96,8.31,0.0,0.0
14.8,0.96,13.59,0.0,0.0
11.5,2.88,8.84,0.0,0.0
7.3,0.12,4.86,0.0,0.0
16.4,0.0,9.9,0.0,0.0
6.6,0.96,3.18,0.0,0.0
12.6,0.12,5.77,0.0,0.0
7.2,0.0,3.06,0.0,0.0
6.0,3.96,2.33,0.0,0.0
8.1,8.4,4.92,0.0,0.0
10.3,8.28,10.63,0.0,117.156
8.3,10.44,12.19,0.0,316.655
6.1,18.36,12.05,0.0,453.145
7.3,10.44,13.22,0.0,505.838
14.4,2.64,19.93,0.0,434.769
12.6,2.4,18.96,0.0,378.165
11.2,3.12,18.74,0.0,331.44
9.7,6.84,17.76,0.0,265.345
14.1,3.24,22.31,0.0,141.839
14.9,0.48,20.71,0.0,33.8094
7.7,9.72,11.31,0.0,0.0
10.9,7.68,15.65,0.0,0.0
10.5,1.32,14.23,0.0,0.0
12.2,2.16,15.28,0.0,0.0
13.0,1.68,16.34,0.0,0.0
13.1,4.44,15.65,0.0,0.0
12.0,0.96,12.44,0.0,0.0
8.6,2.28,8.34,0.0,0.0
10.0,0.24,9.78,0.0,0.0
5.1,0.12,5.63,0.0,0.0
9.7,0.0,9.24,0.0,0.0
8.6,0.12,7.65,0.0,0.0
7.9,1.08,6.96,0.0,0.0
6.5,0.72,7.78,0.0,0.0
12.7,5.28,17.72,0.0,107.175
7.0,7.08,13.37,0.0,283.91200000000003
8.9,25.68,16.32,0.0,451.078
10.5,15.0,21.36,0.0,596.182
8.3,21.0,21.59,0.0,605.661
10.5,9.96,28.41,0.0,706.826
12.4,4.44,34.59,0.0,654.961
12.0,6.0,36.93,0.0,559.409
9.7,4.08,33.46,0.0,381.909
13.1,2.64,31.95,0.0,162.77100000000002
11.7,1.56,24.72,0.0,0.0
14.0,0.84,27.36,0.0,0.0
15.9,3.6,27.9,0.0,0.0
13.5,4.2,23.04,0.0,0.0
10.0,9.6,17.6,0.0,0.0
10.0,0.72,15.6,0.0,0.0
12.9,0.12,18.5,0.0,0.0
10.0,0.36,13.89,0.0,0.0
9.3,0.0,12.99,0.0,0.0
9.3,0.0,13.16,0.0,0.0
6.3,0.0,9.56,0.0,0.0
11.8,0.12,15.47,0.0,0.0
8.5,0.72,10.62,0.0,0.0
8.1,4.2,12.97,0.0,0.0
8.3,29.16,18.98,0.0,115.545
11.8,4.92,27.65,0.0,303.441
11.2,12.0,26.18,0.0,432.948
7.3,12.36,19.93,0.0,519.072
9.5,10.92,23.59,0.0,566.953
11.3,3.96,26.43,0.0,550.512
14.4,1.08,30.51,0.0,519.125
10.2,6.12,24.15,0.0,415.52
7.6,1.08,18.35,0.0,249.692
10.8,1.08,17.74,0.0,72.3291
10.1,1.56,14.76,0.0,0.0
12.9,2.16,17.26,0.0,0.0
11.8,1.8,14.06,0.0,0.0
15.7,2.04,15.98,0.0,0.0
10.3,1.08,8.6,0.0,0.0
15.4,3.24,11.45,0.0,0.0
15.6,0.48,9.97,0.0,0.0
7.9,0.12,3.98,0.0,0.0
7.9,0.24,3.57,0.0,0.0
7.9,0.12,3.12,0.0,0.0
10.4,0.0,3.75,0.0,0.0
7.0,0.12,2.08,0.0,0.0
8.7,2.76,2.37,0.0,0.0
7.5,11.52,2.33,0.0,0.0
10.5,16.2,5.49,0.0,105.288
10.9,20.16,5.95,0.0,246.989
6.2,23.28,4.47,0.0,346.621
11.4,1.2,7.23,0.0,439.465
9.0,4.56,6.68,0.0,452.952
7.5,0.84,7.04,0.0,539.049
9.7,3.6,8.57,0.0,484.024
13.1,2.88,10.7,0.0,380.535
9.6,1.92,8.39,0.0,267.80400000000003
10.1,3.36,6.86,0.0,93.9186
9.6,2.76,5.2,0.0,0.0
11.0,1.44,5.63,0.0,0.0
13.6,1.44,6.03,0.0,0.0
22.2,0.96,10.29,0.0,0.0
16.3,2.16,6.17,0.0,0.0
14.3,7.92,4.38,0.0,0.0
14.3,0.6,3.64,0.0,0.0
12.2,2.04,2.49,0.0,0.0
7.4,1.92,0.99,0.0,0.0
12.2,0.12,1.17,0.0,0.0
9.4,0.0,0.8,0.0,0.0
6.0,0.24,0.5,0.0,0.0
6.7,1.2,0.45,0.0,0.0
10.3,8.88,1.0,0.0,0.0
11.4,16.92,3.35,0.0,124.89
8.7,6.24,5.63,0.0,368.956
6.2,3.72,7.58,0.0,572.261
14.1,5.16,13.41,0.0,728.8
11.6,6.84,14.61,0.0,789.347
9.4,2.16,16.38,0.0,788.495
10.2,5.04,19.68,0.0,765.8789999999999
7.8,1.32,21.04,0.0,633.29
11.3,0.24,23.99,0.0,428.331
13.6,0.48,20.9,0.0,171.597
8.2,2.04,10.74,0.0,0.0
14.6,0.6,15.67,0.0,0.0
11.6,2.4,11.08,0.0,0.0
14.6,1.92,11.96,0.0,0.0
14.9,3.0,11.18,0.0,0.0
14.9,3.96,9.81,0.0,0.0
10.8,2.76,6.11,0.0,0.0
8.8,0.0,4.77,0.0,0.0
6.5,0.0,3.03,0.0,0.0
10.1,0.0,3.75,0.0,0.0
13.8,0.24,5.16,0.0,0.0
10.0,0.0,2.87,0.0,0.0
10.7,1.2,2.89,0.0,0.0
10.7,2.64,4.13,0.0,0.0
7.2,12.6,8.78,0.0,157.48
8.4,12.96,12.08,0.0,420.797
6.8,12.48,10.82,0.0,630.5269999999999
14.7,13.44,14.51,0.0,674.802
11.6,14.28,14.55,0.0,788.8589999999999
9.5,5.52,14.77,0.0,766.6610000000001
11.2,1.92,17.96,0.0,711.9760000000001
10.6,3.84,19.81,0.0,608.482
10.9,4.2,19.7,0.0,415.201
17.6,1.56,20.69,0.0,174.91099999999997
9.8,0.6,8.15,0.0,0.0
12.9,0.6,9.72,0.0,0.0
11.2,2.52,7.24,0.0,0.0
10.6,2.52,5.76,0.0,0.0
10.9,4.2,5.03,0.0,0.0
13.5,3.96,5.54,0.0,0.0
10.5,0.24,3.46,0.0,0.0
12.7,0.24,3.59,0.0,0.0
12.9,0.24,3.04,0.0,0.0
6.0,0.48,0.93,0.0,0.0
10.3,0.0,1.26,0.0,0.0
13.0,0.24,1.65,0.0,0.0
10.3,3.96,0.97,0.0,0.0
5.2,4.2,0.82,0.0,0.0
11.4,6.24,6.24,0.0,153.332
11.2,15.48,10.1,0.0,417.539
11.8,24.36,11.76,0.0,610.174
10.1,3.84,11.78,0.0,722.5219999999999
8.1,3.12,11.98,0.0,736.993
10.8,0.6,15.66,0.0,716.579
12.2,11.64,18.55,0.0,688.0010000000001
7.9,0.24,17.1,0.0,574.51
10.2,0.12,18.1,0.0,392.543
11.6,0.6,14.29,0.0,151.951
5.8,7.44,6.08,0.0,0.0
18.1,2.88,14.35,0.0,0.0
10.4,2.52,6.81,0.0,0.0
10.2,2.64,5.47,0.0,0.0
10.4,0.72,5.07,0.0,0.0
14.7,0.72,6.11,0.0,0.0
7.6,5.64,2.37,0.0,0.0
8.5,2.76,2.57,0.0,0.0
11.1,0.24,3.29,0.0,0.0
13.6,0.12,3.83,0.0,0.0
10.4,0.36,2.59,0.0,0.0
8.5,0.6,1.78,0.0,0.0
5.7,1.68,1.27,0.0,0.0
9.4,11.76,3.32,0.0,0.0
11.2,6.36,10.11,0.0,122.113
10.3,20.28,15.12,0.0,351.992
10.3,17.28,19.34,0.0,549.091
10.7,14.88,21.79,0.0,697.5239999999999
9.7,1.44,22.54,0.0,737.3530000000001
17.4,2.04,33.81,0.0,703.263
11.0,0.72,29.61,0.0,612.264
9.7,1.92,30.56,0.0,530.288
5.6,0.6,24.24,0.0,339.185
10.8,7.68,24.75,0.0,141.327
7.8,2.76,16.17,0.0,0.0
15.5,3.48,24.42,0.0,0.0
11.2,0.96,17.09,0.0,0.0
9.9,2.4,13.76,0.0,0.0
9.8,0.72,11.97,0.0,0.0
11.4,3.84,11.68,0.0,0.0
12.3,1.44,11.01,0.0,0.0
8.7,2.4,6.97,0.0,0.0
8.4,0.0,6.19,0.0,0.0
9.1,0.12,6.97,0.0,0.0
12.0,0.0,8.88,0.0,0.0
7.2,0.12,4.44,0.0,0.0
8.1,0.12,4.74,0.0,0.0
5.8,3.24,4.91,0.0,0.0
5.9,3.24,11.15,0.0,102.053
8.0,9.12,19.0,0.0,332.842
11.3,29.52,26.54,0.0,516.504
9.1,11.52,26.61,0.0,660.414
14.1,17.28,35.71,0.0,733.2080000000001
9.7,11.16,32.78,0.0,700.3480000000001
10.7,7.92,37.89,0.0,665.607
9.8,5.88,39.02,0.0,569.9069999999999
7.3,3.24,33.44,0.0,376.419
8.6,4.68,28.25,0.0,142.284
12.3,3.84,27.45,0.0,0.0
17.5,3.0,32.63,0.0,0.0
10.1,5.88,20.79,0.0,0.0
10.7,2.64,19.45,0.0,0.0
13.3,9.6,21.47,0.0,0.0
13.8,0.36,20.67,0.0,0.0
8.2,0.48,12.28,0.0,0.0
7.3,1.2,10.92,0.0,0.0
10.2,2.04,13.95,0.0,0.0
8.8,1.2,10.84,0.0,0.0
8.2,7.8,9.63,0.0,0.0
7.9,0.12,9.13,0.0,0.0
7.4,1.08,8.22,0.0,0.0
13.7,7.44,16.49,0.0,0.0
16.0,9.84,29.5,0.0,106.947
10.5,11.64,27.93,0.0,335.855
9.9,22.44,30.87,0.0,521.486
15.7,15.0,39.33,0.0,665.5360000000001
8.5,12.96,30.89,0.0,617.599
12.7,2.64,36.6,0.0,693.9010000000001
11.8,0.84,38.1,0.0,647.965
10.4,1.32,39.15,0.0,536.678
13.0,1.2,41.16,0.0,371.9330000000001
6.6,4.08,27.55,0.0,156.49
18.0,0.48,36.1,0.0,0.0
16.2,3.48,32.95,0.0,0.0
12.9,1.32,26.31,0.0,0.0
12.3,0.72,23.23,0.0,0.0
14.7,1.56,24.43,0.0,0.0
12.0,1.32,17.95,0.0,0.0
12.1,0.48,15.63,0.0,0.0
9.9,2.64,11.42,0.0,0.0
7.8,0.48,7.99,0.0,0.0
5.0,0.12,4.87,0.0,0.0
9.7,2.04,7.46,0.0,0.0
9.3,0.0,6.16,0.0,0.0
8.6,1.2,5.2,0.0,0.0
12.0,1.2,7.97,0.0,0.0
13.5,13.68,9.95,0.0,63.1169
12.7,20.16,12.13,0.0,195.765
11.3,14.28,18.72,0.0,501.325
8.2,4.44,20.63,0.0,684.47
11.7,3.96,26.89,0.0,764.7080000000001
13.4,7.2,30.6,0.0,749.762
13.6,1.2,33.98,0.0,667.685
13.8,0.72,38.74,0.0,579.988
8.7,5.52,31.88,0.0,410.619
10.4,0.24,26.52,0.0,159.937
10.5,4.32,21.16,0.0,0.0
13.9,3.96,24.08,0.0,0.0
18.6,0.96,26.94,0.0,0.0
10.8,7.92,15.1,0.0,0.0
12.9,0.84,15.46,0.0,0.0
10.7,2.16,10.21,0.0,0.0
18.0,0.48,15.55,0.0,0.0
15.0,3.84,10.37,0.0,0.0
12.3,0.84,7.82,0.0,0.0
8.4,0.24,5.24,0.0,0.0
10.1,0.36,5.92,0.0,0.0
6.8,0.0,3.96,0.0,0.0
7.1,1.44,4.24,0.0,0.0
10.9,7.56,7.3,0.0,0.0
14.9,9.48,13.79,0.0,80.9694
7.8,5.52,12.28,0.0,253.833
16.3,12.84,24.1,0.0,393.778
13.8,4.44,24.07,0.0,500.061
11.2,6.48,24.24,0.0,580.88
10.8,0.72,26.57,0.0,579.4119999999999
10.8,1.08,29.76,0.0,538.531
12.2,1.68,33.27,0.0,423.499
12.6,0.48,32.14,0.0,276.231
9.7,4.2,24.51,0.0,102.304
15.8,4.2,29.95,0.0,0.0
12.2,0.48,25.11,0.0,0.0
12.7,2.52,24.22,0.0,0.0
14.1,2.4,24.09,0.0,0.0
17.3,4.44,26.87,0.0,0.0
14.1,2.4,21.32,0.0,0.0
14.0,5.04,19.89,0.0,0.0
10.2,2.28,12.82,0.0,0.0
9.0,1.92,10.24,0.0,0.0
6.9,0.24,8.19,0.0,0.0
8.5,2.4,9.7,0.0,0.0
7.4,0.0,8.52,0.0,0.0
11.5,0.12,11.69,0.0,0.0
13.0,7.2,13.3,0.0,0.0
13.7,11.16,16.69,0.0,57.4161
9.1,18.0,13.48,0.0,194.509
11.1,8.16,19.18,0.0,308.66200000000003
12.9,4.8,27.72,0.0,495.357
10.0,1.92,28.51,0.0,609.2769999999999
16.1,16.2,40.03,0.0,636.501
10.6,0.6,35.77,0.0,614.1669999999999
8.8,2.52,34.58,0.0,495.867
8.1,2.64,32.77,0.0,349.366
7.3,3.24,27.28,0.0,155.52200000000002
11.3,2.28,28.33,0.0,0.0
11.2,0.72,28.33,0.0,0.0
15.8,1.44,32.85,0.0,0.0
13.5,3.24,27.33,0.0,0.0
13.6,3.48,26.19,0.0,0.0
17.5,0.72,30.24,0.0,0.0
10.4,1.08,18.55,0.0,0.0
8.0,1.68,14.61,0.0,0.0
9.5,1.56,15.18,0.0,0.0
9.6,0.12,14.14,0.0,0.0
6.1,0.12,9.75,0.0,0.0
8.6,0.6,12.03,0.0,0.0
13.1,0.0,18.03,0.0,0.0
12.0,7.8,17.35,0.0,0.0
13.1,6.0,28.44,0.0,90.0222
15.1,9.72,35.8,0.0,283.02
8.8,16.8,30.42,0.0,460.997
9.2,11.76,33.3,0.0,587.15
11.3,0.84,37.99,0.0,639.562
10.6,3.72,37.98,0.0,613.116
10.5,2.28,37.86,0.0,513.1659999999999
12.0,0.48,38.51,0.0,366.599
9.0,1.08,32.21,0.0,227.838
11.7,2.52,32.32,0.0,79.8671
10.2,0.48,27.77,0.0,0.0
12.4,5.64,30.46,0.0,0.0
16.7,1.8,34.39,0.0,0.0
15.1,1.2,29.7,0.0,0.0
14.0,3.6,26.26,0.0,0.0
11.9,1.8,21.52,0.0,0.0
9.0,0.6,16.91,0.0,0.0
6.0,2.04,11.82,0.0,0.0
8.2,0.12,13.63,0.0,0.0
10.8,0.0,16.0,0.0,0.0
9.4,0.12,12.51,0.0,0.0
8.4,0.36,10.32,0.0,0.0
7.7,3.0,9.09,0.0,0.0
12.2,2.52,13.94,0.0,0.0
13.6,9.96,20.02,0.0,68.1416
13.7,10.2,28.53,0.0,265.135
9.4,8.52,29.8,0.0,487.825
8.2,5.04,31.24,0.0,607.739
10.5,2.04,35.17,0.0,633.07
11.8,2.52,36.39,0.0,586.752
10.7,8.64,35.98,0.0,580.137
13.9,14.16,43.65,0.0,463.79
12.5,6.36,42.94,0.0,393.744
9.1,2.16,32.88,0.0,192.24400000000003
9.8,2.28,27.0,0.0,0.0
12.1,0.48,29.36,0.0,0.0
12.9,1.56,27.69,0.0,0.0
11.6,1.56,22.51,0.0,0.0
10.3,1.8,18.36,0.0,0.0
16.8,1.2,23.67,0.0,0.0
13.9,3.12,16.55,0.0,0.0
13.5,1.56,13.18,0.0,0.0
6.4,0.0,5.12,0.0,0.0
13.4,0.0,8.39,0.0,0.0
7.0,14.76,3.35,0.0,0.0
9.3,0.36,3.85,0.0,0.0
5.8,0.24,1.81,0.0,0.0
10.7,0.96,3.6,0.0,0.0
14.5,21.6,6.89,0.0,68.3996
9.5,14.64,4.92,0.0,192.91
12.4,15.84,7.08,0.0,305.486
8.2,18.96,5.64,0.0,400.338
7.3,5.88,6.03,0.0,471.439
13.5,5.04,11.46,0.0,599.331
9.6,6.0,11.01,0.0,606.44
10.2,3.24,13.11,0.0,545.7769999999999
10.3,9.48,13.86,0.0,407.511
9.5,1.08,9.62,0.0,184.287
11.4,0.72,6.64,0.0,0.0
13.0,2.16,7.31,0.0,0.0
16.9,3.0,9.12,0.0,0.0
10.9,11.64,4.72,0.0,0.0
17.3,1.92,7.57,0.0,0.0
12.6,0.96,4.41,0.0,0.0
11.9,4.2,3.54,0.0,0.0
9.2,2.04,2.2,0.0,0.0
8.7,2.64,1.78,0.0,0.0
13.7,0.24,3.38,0.0,0.0
10.6,0.0,2.0,0.0,0.0
8.3,0.0,1.31,0.0,0.0
8.5,0.48,1.36,0.0,0.0
13.2,7.2,2.88,0.0,0.0
14.7,8.4,8.44,0.0,100.117
9.4,10.92,9.74,0.0,334.301
14.9,12.96,15.27,0.0,519.2909999999999
14.8,6.6,17.29,0.0,655.471
11.0,5.4,17.15,0.0,765.9019999999999
13.8,4.8,21.54,0.0,786.5
9.9,2.28,20.78,0.0,735.102
10.2,1.32,25.05,0.0,623.602
11.5,2.64,26.8,0.0,438.449
10.3,3.24,20.62,0.0,200.925
9.3,0.48,13.18,0.0,0.0
15.9,2.52,18.19,0.0,0.0
13.6,1.44,13.09,0.0,0.0
12.0,2.88,9.56,0.0,0.0
13.2,1.08,10.5,0.0,0.0
12.5,4.2,8.92,0.0,0.0
12.7,0.6,7.77,0.0,0.0
12.0,2.28,6.06,0.0,0.0
8.4,1.32,3.28,0.0,0.0
9.4,0.0,3.22,0.0,0.0
9.1,0.12,2.55,0.0,0.0
8.7,3.48,2.01,0.0,0.0
6.9,0.48,1.46,0.0,0.0
12.0,1.92,3.16,0.0,0.0
12.9,11.4,9.02,0.0,98.2711
11.8,18.24,12.92,0.0,314.274
14.1,21.24,16.59,0.0,515.2919999999999
8.0,7.32,14.07,0.0,643.023
12.5,8.88,18.99,0.0,768.98
12.5,10.32,21.11,0.0,774.916
12.6,2.64,24.51,0.0,725.166
10.5,7.44,27.11,0.0,664.275
12.5,0.24,28.55,0.0,431.605
12.6,1.08,23.5,0.0,189.418
12.6,0.84,16.97,0.0,0.0
12.3,4.44,15.34,0.0,0.0
18.7,1.32,19.88,0.0,0.0
14.0,6.36,12.46,0.0,0.0
17.2,3.72,14.42,0.0,0.0
12.1,0.84,8.38,0.0,0.0
12.9,0.6,7.8,0.0,0.0
9.7,0.48,4.73,0.0,0.0
9.6,1.08,3.62,0.0,0.0
7.3,0.12,1.86,0.0,0.0
8.3,0.12,1.65,0.0,0.0
10.2,0.12,1.84,0.0,0.0
7.5,1.8,1.06,0.0,0.0
11.6,4.32,1.72,0.0,0.0
10.5,18.36,4.35,0.0,90.9522
10.4,8.88,6.38,0.0,311.136
8.3,5.4,7.34,0.0,496.288
10.0,9.48,8.9,0.0,603.817
8.9,8.88,8.81,0.0,617.399
15.2,3.0,15.56,0.0,697.7339999999999
12.8,0.96,16.44,0.0,669.6469999999999
9.9,5.76,16.11,0.0,588.4580000000001
13.1,0.48,18.04,0.0,382.23
7.8,0.24,9.44,0.0,138.993
15.6,3.0,11.92,0.0,0.0
14.5,2.16,10.86,0.0,0.0
18.6,1.44,12.73,0.0,0.0
12.0,2.4,6.18,0.0,0.0
13.3,9.24,6.47,0.0,0.0
15.4,1.68,6.76,0.0,0.0
6.8,6.84,2.06,0.0,0.0
12.3,0.0,3.56,0.0,0.0
13.8,1.08,3.54,0.0,0.0
7.5,0.12,1.22,0.0,0.0
8.6,0.12,1.24,0.0,0.0
6.2,0.12,0.83,0.0,0.0
8.1,0.72,0.97,0.0,0.0
10.4,2.52,1.39,0.0,0.0
14.3,14.16,4.05,0.0,70.7288
8.8,13.08,4.69,0.0,270.813
13.1,15.84,8.59,0.0,397.19
13.0,6.12,10.38,0.0,532.737
12.0,5.52,12.31,0.0,634.322
10.7,13.32,13.12,0.0,638.254
13.0,2.64,15.59,0.0,560.373
13.5,2.04,17.32,0.0,456.895
11.8,5.28,15.65,0.0,301.631
13.1,3.6,14.24,0.0,117.476
14.1,0.6,12.38,0.0,0.0
14.0,0.48,12.04,0.0,0.0
13.8,0.72,10.87,0.0,0.0
15.1,4.92,10.33,0.0,0.0
14.6,1.92,8.02,0.0,0.0
11.4,4.08,5.02,0.0,0.0
7.8,0.84,2.9,0.0,0.0
9.3,3.24,2.72,0.0,0.0
8.1,0.6,1.94,0.0,0.0
9.2,0.12,2.07,0.0,0.0
9.8,2.64,1.81,0.0,0.0
6.9,0.0,1.15,0.0,0.0
9.2,2.76,1.48,0.0,0.0
9.9,10.32,1.69,0.0,0.0
10.9,5.64,7.02,0.0,99.544
13.0,6.24,13.05,0.0,339.341
6.8,22.68,11.71,0.0,545.284
12.2,10.68,15.47,0.0,633.4830000000001
16.2,0.48,19.05,0.0,624.461
10.5,3.6,16.51,0.0,671.475
11.0,7.32,18.38,0.0,647.1569999999999
13.8,2.16,23.2,0.0,548.8430000000001
5.9,0.36,17.45,0.0,418.345
17.6,0.96,25.12,0.0,210.799
15.6,2.64,16.8,0.0,0.0
13.4,4.92,13.59,0.0,0.0
14.0,2.88,12.16,0.0,0.0
11.9,0.24,8.1,0.0,0.0
10.1,0.72,6.13,0.0,0.0
9.5,0.6,5.19,0.0,0.0
13.2,1.2,6.08,0.0,0.0
7.0,4.44,2.78,0.0,0.0
9.9,0.6,3.84,0.0,0.0
8.2,3.24,2.92,0.0,0.0
8.9,0.36,3.16,0.0,0.0
11.0,0.24,3.77,0.0,0.0
7.2,3.12,1.95,0.0,0.0
11.1,6.48,3.73,0.0,0.0
15.3,6.36,11.14,0.0,86.9596
10.6,18.48,13.37,0.0,323.819
6.3,16.92,13.61,0.0,519.665
11.6,9.12,19.25,0.0,659.044
12.8,13.2,21.81,0.0,766.203
15.9,0.96,26.14,0.0,747.816
10.2,9.72,23.63,0.0,685.317
12.3,2.4,30.23,0.0,596.9490000000001
9.2,23.76,28.74,0.0,427.756
10.6,3.0,25.21,0.0,197.433
14.3,2.4,22.08,0.0,0.0
15.1,1.44,21.53,0.0,0.0
14.2,1.68,17.75,0.0,0.0
12.7,3.72,14.55,0.0,0.0
10.8,3.96,10.89,0.0,0.0
12.1,6.6,9.78,0.0,0.0
7.8,1.56,5.31,0.0,0.0
11.2,4.44,6.38,0.0,0.0
5.9,1.44,2.6,0.0,0.0
6.7,2.16,2.44,0.0,0.0
11.0,2.16,3.66,0.0,0.0
9.1,0.12,2.19,0.0,0.0
8.7,0.12,2.1,0.0,0.0
9.7,0.48,3.14,0.0,0.0
12.0,7.08,11.84,0.0,112.392
11.0,11.76,16.39,0.0,359.569
10.8,15.96,18.27,0.0,557.754
10.2,18.6,18.99,0.0,679.997
8.8,8.28,20.15,0.0,729.9680000000001
13.6,2.04,25.89,0.0,732.1510000000001
14.2,2.28,30.02,0.0,678.826
8.9,0.96,28.47,0.0,602.701
11.3,5.04,30.31,0.0,412.648
13.6,1.32,27.69,0.0,198.351
12.7,2.76,20.36,0.0,0.0
14.9,5.76,21.57,0.0,0.0
13.5,3.84,17.48,0.0,0.0
11.7,6.6,13.12,0.0,0.0
13.8,4.44,13.19,0.0,0.0
17.3,3.48,15.43,0.0,0.0
14.1,3.0,10.97,0.0,0.0
10.4,0.12,6.65,0.0,0.0
10.0,2.16,6.19,0.0,0.0
9.0,0.36,5.41,0.0,0.0
9.0,3.0,4.87,0.0,0.0
10.1,0.12,5.3,0.0,0.0
11.7,0.0,6.16,0.0,0.0
9.5,10.56,5.07,0.0,0.0
12.3,9.72,10.97,0.0,64.7856
11.0,12.6,14.7,0.0,254.482
11.3,16.44,19.01,0.0,418.951
15.6,9.96,27.09,0.0,548.581
11.6,4.2,25.9,0.0,641.429
12.2,0.84,32.58,0.0,700.047
9.3,5.76,34.1,0.0,707.46
10.8,0.36,38.46,0.0,587.05
9.6,0.6,35.99,0.0,416.296
11.2,3.96,32.43,0.0,194.973
14.1,1.08,29.5,0.0,0.0
18.3,2.76,34.78,0.0,0.0
15.7,2.64,29.54,0.0,0.0
14.0,2.04,24.86,0.0,0.0
14.1,0.84,22.83,0.0,0.0
10.7,1.2,16.08,0.0,0.0
11.4,0.36,16.57,0.0,0.0
14.7,0.84,20.82,0.0,0.0
8.0,3.84,11.48,0.0,0.0
11.1,0.24,13.48,0.0,0.0
10.5,0.0,9.91,0.0,0.0
10.0,1.08,8.09,0.0,0.0
7.9,0.48,5.35,0.0,0.0
12.8,0.6,8.71,0.0,0.0
12.9,21.36,15.37,0.0,90.9263
14.5,13.56,20.97,0.0,341.161
11.5,13.68,20.01,0.0,537.5790000000001
9.3,13.68,19.04,0.0,679.047
11.9,16.56,22.59,0.0,778.165
11.4,4.2,24.1,0.0,772.066
12.6,6.72,28.1,0.0,744.0989999999999
11.5,3.24,30.09,0.0,642.503
11.5,0.72,29.74,0.0,457.903
9.3,2.28,21.57,0.0,216.265
10.3,4.32,15.14,0.0,0.0
10.5,2.28,13.87,0.0,0.0
12.3,1.32,13.3,0.0,0.0
14.5,5.04,13.53,0.0,0.0
13.7,1.32,11.08,0.0,0.0
14.8,1.44,9.61,0.0,0.0
12.9,0.36,6.47,0.0,0.0
9.8,6.72,4.01,0.0,0.0
6.9,0.6,2.11,0.0,0.0
12.1,0.48,3.49,0.0,0.0
9.7,0.12,2.16,0.0,0.0
9.6,0.12,1.78,0.0,0.0
10.1,0.12,1.79,0.0,0.0
8.7,5.52,1.44,0.0,0.0
10.2,6.6,5.27,0.0,85.0623
16.2,8.4,11.41,0.0,310.457
12.6,4.32,10.75,0.0,478.387
13.6,6.24,12.29,0.0,582.996
11.2,3.6,12.71,0.0,621.611
12.5,2.88,15.23,0.0,663.7869999999999
12.1,1.2,16.54,0.0,650.625
8.2,7.08,14.76,0.0,523.737
11.0,2.4,17.57,0.0,406.9
9.8,0.96,12.54,0.0,176.61900000000003
11.1,4.44,9.32,0.0,0.0
14.1,2.88,11.3,0.0,0.0
15.3,0.48,10.69,0.0,0.0
16.0,3.0,10.02,0.0,0.0
11.3,3.96,5.92,0.0,0.0
13.2,1.8,6.37,0.0,0.0
11.9,13.92,5.12,0.0,0.0
11.2,3.0,4.26,0.0,0.0
6.0,0.24,1.83,0.0,0.0
6.3,0.12,1.58,0.0,0.0
9.4,0.0,2.24,0.0,0.0
12.8,0.6,3.6,0.0,0.0
8.5,1.8,1.89,0.0,0.0
13.7,13.92,4.16,0.0,0.0
16.7,12.84,8.71,0.0,61.8001
13.5,14.4,10.24,0.0,249.999
13.5,12.96,14.04,0.0,424.364
6.8,5.28,12.19,0.0,545.717
11.7,6.36,17.8,0.0,622.836
11.2,12.72,18.64,0.0,611.251
12.2,4.92,21.8,0.0,547.729
10.2,0.72,21.11,0.0,396.423
9.3,4.44,18.85,0.0,250.53
8.0,1.2,14.58,0.0,82.6978
10.9,2.64,15.95,0.0,0.0
18.5,1.8,24.54,0.0,0.0
12.9,3.6,15.1,0.0,0.0
10.7,2.52,11.28,0.0,0.0
16.0,2.28,16.5,0.0,0.0
16.8,5.28,15.98,0.0,0.0
11.6,0.36,8.93,0.0,0.0
12.9,0.96,9.36,0.0,0.0
5.0,2.76,3.78,0.0,0.0
7.5,0.72,4.68,0.0,0.0
7.4,0.0,4.22,0.0,0.0
11.3,0.12,5.94,0.0,0.0
11.1,0.12,5.51,0.0,0.0
12.5,12.0,6.4,0.0,0.0
9.0,7.44,5.21,0.0,42.2034
10.8,9.72,6.54,0.0,176.917
13.2,15.6,8.39,0.0,276.577
7.7,8.88,5.04,0.0,355.495
19.3,4.8,12.71,0.0,413.359
11.6,0.72,7.52,0.0,405.167
8.9,3.12,5.88,0.0,384.17800000000005
12.3,2.88,7.66,0.0,320.029
11.3,1.56,6.21,0.0,196.92
9.1,1.32,3.38,0.0,62.8086
17.7,1.92,7.06,0.0,0.0
17.0,1.08,6.95,0.0,0.0
13.3,1.32,4.2,0.0,0.0
12.8,1.08,3.5,0.0,0.0
23.4,0.36,9.04,0.0,0.0
15.1,1.2,3.92,0.0,0.0
10.9,0.48,1.98,0.0,0.0
6.1,4.68,1.23,0.0,0.0
5.5,0.24,1.16,0.0,0.0
11.6,0.12,2.32,0.0,0.0
11.9,1.8,2.2,0.0,0.0
9.7,0.12,1.43,0.0,0.0
9.7,9.12,1.48,0.0,0.0
13.3,1.44,2.32,0.0,0.0
14.9,2.88,4.34,0.0,42.6924
8.8,11.16,2.7,0.0,181.628
8.4,10.68,3.33,0.0,292.467
12.4,6.48,6.0,0.0,391.961
11.2,7.08,6.24,0.0,468.78
14.2,3.72,8.14,0.0,469.601
10.8,8.04,6.86,0.0,412.208
11.8,18.0,7.41,0.0,337.68800000000005
10.0,6.6,5.71,0.0,203.848
15.1,8.28,7.03,0.0,68.8189
17.4,1.8,7.63,0.0,0.0
14.4,1.2,6.32,0.0,0.0
19.1,0.84,8.76,0.0,0.0
15.4,7.08,6.33,0.0,0.0
17.7,1.32,7.42,0.0,0.0
16.2,0.96,6.34,0.0,0.0
11.1,0.24,3.72,0.0,0.0
9.7,2.28,2.97,0.0,0.0
8.6,4.68,2.41,0.0,0.0
8.5,0.24,2.25,0.0,0.0
8.5,2.64,2.08,0.0,0.0
7.7,0.24,1.8,0.0,0.0
9.7,1.2,2.24,0.0,0.0
10.0,0.48,2.38,0.0,0.0
11.1,11.16,4.07,0.0,39.0899
9.0,15.36,4.06,0.0,177.757
8.4,8.16,4.55,0.0,276.42900000000003
11.5,17.28,7.49,0.0,347.305
11.2,1.68,8.94,0.0,429.45
10.5,3.12,9.99,0.0,545.163
11.0,5.4,10.84,0.0,453.878
11.5,2.28,11.95,0.0,359.086
12.3,0.84,12.92,0.0,278.666
11.0,2.64,9.91,0.0,111.617
18.8,0.84,15.68,0.0,0.0
20.5,6.0,17.97,0.0,0.0
17.4,4.32,13.41,0.0,0.0
15.0,4.32,10.0,0.0,0.0
14.3,2.28,9.2,0.0,0.0
13.1,2.4,7.98,0.0,0.0
8.8,2.76,5.05,0.0,0.0
8.3,3.0,4.77,0.0,0.0
16.3,3.24,9.76,0.0,0.0
6.5,0.36,3.36,0.0,0.0
7.6,0.0,4.02,0.0,0.0
8.2,0.0,4.14,0.0,0.0
11.5,0.0,5.63,0.0,0.0
10.2,0.72,5.74,0.0,0.0
11.1,12.72,11.49,0.0,66.1042
10.2,11.64,15.65,0.0,254.796
10.9,16.92,20.56,0.0,457.987
15.4,8.16,28.35,0.0,634.495
13.1,5.16,28.84,0.0,618.113
9.3,5.4,29.61,0.0,724.538
14.7,3.48,41.94,0.0,704.314
13.4,1.2,42.78,0.0,591.099
12.7,0.6,39.66,0.0,362.456
16.6,1.92,38.78,0.0,134.07
14.0,1.56,31.13,0.0,0.0
14.0,0.72,30.95,0.0,0.0
12.8,0.84,27.5,0.0,0.0
14.7,3.36,29.17,0.0,0.0
17.9,0.48,32.84,0.0,0.0
16.7,2.76,29.01,0.0,0.0
11.0,0.48,19.72,0.0,0.0
6.5,1.2,12.8,0.0,0.0
6.3,0.24,11.79,0.0,0.0
10.8,0.12,17.27,0.0,0.0
4.3,0.0,8.45,0.0,0.0
9.0,0.12,13.23,0.0,0.0
9.0,0.24,12.7,0.0,0.0
9.7,1.44,14.26,0.0,0.0
10.2,17.4,25.34,0.0,74.6016
11.6,12.72,31.72,0.0,272.871
10.1,18.96,30.18,0.0,433.687
9.0,2.76,26.91,0.0,467.402
12.2,2.16,32.67,0.0,468.259
17.9,6.48,42.89,0.0,491.69
11.1,5.16,37.82,0.0,512.063
10.8,0.48,38.8,0.0,401.594
8.0,0.96,31.07,0.0,231.703
11.4,0.48,29.17,0.0,58.7081
13.1,0.48,26.12,0.0,0.0
11.6,2.88,21.31,0.0,0.0
15.6,1.8,24.32,0.0,0.0
17.6,2.4,24.63,0.0,0.0
19.6,1.68,26.23,0.0,0.0
19.2,2.64,24.22,0.0,0.0
10.5,0.24,11.36,0.0,0.0
14.5,0.24,11.73,0.0,0.0
8.4,1.68,4.17,0.0,0.0
11.8,0.12,5.09,0.0,0.0
8.0,0.36,2.27,0.0,0.0
9.1,3.12,2.31,0.0,0.0
14.6,0.84,4.07,0.0,0.0
11.6,4.32,2.72,0.0,0.0
9.7,13.92,5.89,0.0,75.2053
12.6,10.08,10.57,0.0,306.067
12.7,12.36,12.39,0.0,508.253
13.9,6.96,14.09,0.0,659.002
12.8,3.36,15.2,0.0,791.7869999999999
11.7,0.6,14.97,0.0,785.7410000000001
9.7,2.16,14.31,0.0,712.63
9.6,0.84,13.62,0.0,583.95
8.2,1.2,11.42,0.0,386.409
14.0,3.12,11.71,0.0,154.278
9.2,3.6,5.32,0.0,0.0
12.9,4.8,6.27,0.0,0.0
13.6,1.44,5.73,0.0,0.0
14.4,1.32,5.35,0.0,0.0
15.4,2.04,5.43,0.0,0.0
8.4,1.08,1.91,0.0,0.0
11.9,6.96,2.52,0.0,0.0
10.5,0.36,1.51,0.0,0.0
7.1,0.6,0.73,0.0,0.0
14.3,0.12,1.27,0.0,0.0
7.9,0.0,0.8,0.0,0.0
9.1,0.0,0.72,0.0,0.0
8.1,2.28,0.46,0.0,0.0
12.7,7.44,0.96,0.0,0.0
12.9,15.12,3.37,0.0,79.0335
14.6,12.72,8.71,0.0,325.0
11.2,7.56,9.88,0.0,545.262
13.2,8.52,12.2,0.0,674.55
11.6,3.36,13.04,0.0,741.8960000000001
8.4,5.88,12.69,0.0,679.6030000000001
12.1,1.92,16.33,0.0,686.393
10.7,4.32,16.14,0.0,584.158
10.3,3.24,14.96,0.0,386.042
17.6,1.8,16.7,0.0,145.09
11.9,0.0,8.85,0.0,0.0
12.5,0.84,8.7,0.0,0.0
17.7,0.6,11.12,0.0,0.0
14.8,3.72,7.06,0.0,0.0
13.7,4.2,5.47,0.0,0.0
14.6,0.48,5.28,0.0,0.0
14.4,2.88,4.78,0.0,0.0
14.6,1.08,4.21,0.0,0.0
7.9,1.32,1.26,0.0,0.0
9.9,0.36,1.4,0.0,0.0
10.5,2.76,1.32,0.0,0.0
7.7,0.0,1.05,0.0,0.0
7.0,0.72,1.11,0.0,0.0
10.4,9.12,1.68,0.0,0.0
10.9,7.08,4.47,0.0,58.5835
11.0,4.32,8.11,0.0,250.55
7.5,19.2,9.57,0.0,430.777
10.2,11.64,12.79,0.0,525.234
12.9,8.28,17.3,0.0,627.605
14.2,5.64,19.9,0.0,597.446
10.8,2.88,18.43,0.0,543.107
8.5,1.56,16.98,0.0,395.22
15.4,0.36,24.11,0.0,257.336
14.3,1.8,20.47,0.0,95.6537
12.3,1.92,16.15,0.0,0.0
13.6,0.72,17.81,0.0,0.0
16.1,2.76,19.77,0.0,0.0
12.7,6.72,14.62,0.0,0.0
14.7,1.92,16.93,0.0,0.0
14.3,1.08,16.25,0.0,0.0
16.4,2.4,18.64,0.0,0.0
7.2,0.48,8.24,0.0,0.0
9.2,0.12,9.27,0.0,0.0
12.5,0.6,12.52,0.0,0.0
8.2,0.6,8.51,0.0,0.0
13.5,0.24,13.3,0.0,0.0
8.0,0.72,7.88,0.0,0.0
11.2,0.48,10.94,0.0,0.0
11.5,5.28,13.3,0.0,35.1275
11.3,18.24,14.24,0.0,162.803
11.2,14.28,16.89,0.0,278.064
13.7,7.2,24.52,0.0,387.86
10.3,11.04,21.41,0.0,456.722
13.3,2.88,27.46,0.0,433.525
13.9,11.16,29.64,0.0,399.403
10.6,9.72,25.62,0.0,317.881
10.9,7.44,24.78,0.0,193.816
19.7,2.28,35.89,0.0,57.3495
12.8,3.24,25.19,0.0,0.0
20.3,3.84,37.18,0.0,0.0
12.8,3.12,24.39,0.0,0.0
12.0,1.56,22.57,0.0,0.0
18.3,3.24,32.13,0.0,0.0
22.1,0.24,35.63,0.0,0.0
11.0,0.72,17.75,0.0,0.0
10.9,3.12,17.54,0.0,0.0
7.7,1.68,12.65,0.0,0.0
5.9,0.84,9.96,0.0,0.0
10.1,2.04,13.99,0.0,0.0
9.6,0.0,12.79,0.0,0.0
7.0,0.12,10.06,0.0,0.0
10.5,1.68,14.83,0.0,0.0
12.1,5.28,19.32,0.0,0.0
8.8,28.08,15.56,0.0,156.944
9.5,16.2,15.54,0.0,236.53
14.4,18.96,22.05,0.0,322.402
8.8,8.64,13.79,0.0,402.35
12.9,2.64,20.15,0.0,417.882
10.7,3.36,17.08,0.0,349.83
9.7,3.12,15.5,0.0,307.378
11.1,2.88,15.57,0.0,187.4
9.1,3.84,11.02,0.0,62.5108
10.5,0.48,11.25,0.0,0.0
10.8,3.72,11.68,0.0,0.0
11.5,5.4,10.67,0.0,0.0
9.0,5.28,7.35,0.0,0.0
14.1,2.28,11.18,0.0,0.0
10.6,1.08,6.99,0.0,0.0
11.1,3.36,6.92,0.0,0.0
7.4,0.24,4.3,0.0,0.0
12.5,1.92,7.24,0.0,0.0
5.7,0.12,3.17,0.0,0.0
11.7,6.6,5.8,0.0,0.0
12.8,0.12,5.9,0.0,0.0
9.0,0.48,3.7,0.0,0.0
10.5,8.88,4.24,0.0,0.0
12.6,10.44,7.73,0.0,0.0
11.6,9.24,8.8,0.0,197.768
11.4,18.24,10.87,0.0,350.737
11.7,5.52,12.61,0.0,472.285
10.6,3.24,14.61,0.0,567.891
15.8,13.2,21.91,0.0,588.876
9.8,1.92,16.87,0.0,521.967
10.5,0.84,16.66,0.0,364.241
14.1,2.76,19.42,0.0,219.655
8.4,8.04,11.73,0.0,78.1488
11.7,2.28,14.21,0.0,0.0
17.3,1.92,21.28,0.0,0.0
15.9,1.32,17.95,0.0,0.0
13.8,2.76,13.58,0.0,0.0
15.8,1.44,15.36,0.0,0.0
15.3,3.96,13.38,0.0,0.0
13.3,2.04,10.16,0.0,0.0
9.2,1.44,6.28,0.0,0.0
8.2,0.0,5.18,0.0,0.0
5.5,0.24,3.16,0.0,0.0
7.7,1.68,3.7,0.0,0.0
5.9,0.36,2.61,0.0,0.0
10.7,1.56,4.33,0.0,0.0
13.1,2.88,5.14,0.0,0.0
13.7,11.64,6.79,0.0,0.0
11.7,12.36,6.21,0.0,177.89
13.6,17.28,7.75,0.0,286.035
7.6,1.92,5.2,0.0,386.578
9.6,18.0,6.63,0.0,456.82
13.3,1.2,8.84,0.0,465.163
12.5,3.96,8.33,0.0,433.215
11.9,7.08,7.5,0.0,340.25199999999995
10.0,0.96,5.75,0.0,209.614
10.1,1.68,4.81,0.0,67.8542
14.6,1.08,5.9,0.0,0.0
14.2,1.2,5.62,0.0,0.0
16.7,3.0,6.2,0.0,0.0
12.9,4.2,3.54,0.0,0.0
10.9,1.68,2.61,0.0,0.0
12.6,0.6,2.81,0.0,0.0
11.1,0.48,1.74,0.0,0.0
7.8,0.36,1.05,0.0,0.0
10.6,3.12,1.19,0.0,0.0
7.7,0.12,0.73,0.0,0.0
5.0,0.0,0.69,0.0,0.0
12.1,0.96,1.2,0.0,0.0
9.8,1.32,0.91,0.0,0.0
11.4,6.0,1.21,0.0,0.0
10.2,12.84,2.83,0.0,0.0
10.0,15.12,5.25,0.0,285.288
9.5,11.04,6.59,0.0,465.932
7.7,8.16,6.77,0.0,602.877
11.0,1.32,9.81,0.0,716.6239999999999
12.1,3.0,12.06,0.0,720.6030000000001
8.9,3.24,11.6,0.0,669.045
13.1,3.6,15.35,0.0,584.414
14.1,0.24,16.47,0.0,421.448
10.9,6.36,11.84,0.0,209.158
12.4,2.88,8.46,0.0,0.0
17.0,0.36,10.99,0.0,0.0
13.1,5.4,6.28,0.0,0.0
13.3,5.16,6.25,0.0,0.0
14.1,1.2,6.32,0.0,0.0
16.1,3.0,6.39,0.0,0.0
10.1,3.0,3.09,0.0,0.0
15.4,0.6,5.18,0.0,0.0
9.3,0.48,1.45,0.0,0.0
14.1,0.72,2.3,0.0,0.0
9.2,0.24,1.28,0.0,0.0
6.8,0.12,0.87,0.0,0.0
12.5,0.84,1.43,0.0,0.0
13.5,5.4,1.7,0.0,0.0
16.5,16.8,2.67,0.0,0.0
12.4,7.92,1.64,0.0,66.2155
12.1,11.4,1.89,0.0,88.5682
9.4,24.96,1.61,0.0,122.061
11.2,8.52,2.37,0.0,169.085
9.0,9.12,2.41,0.0,181.965
11.8,4.08,3.64,0.0,130.084
10.2,0.36,3.11,0.0,100.007
10.8,7.2,3.69,0.0,94.2842
12.2,4.08,4.19,0.0,18.5143
12.0,0.6,4.83,0.0,0.0
14.8,2.16,6.99,0.0,0.0
20.9,4.32,11.11,0.0,0.0
14.8,0.96,6.8,0.0,0.0
14.5,2.04,6.67,0.0,0.0
13.9,3.48,6.16,0.0,0.0
8.4,1.32,3.37,0.0,0.0
14.3,0.0,6.33,0.0,0.0
10.5,0.12,4.13,0.0,0.0
7.6,0.12,3.18,0.0,0.0
14.2,0.12,6.72,0.0,0.0
11.2,0.12,5.21,0.0,0.0
7.1,0.96,3.69,0.0,0.0
12.3,10.2,6.81,0.0,0.0
11.2,13.2,7.6,0.0,0.0
13.3,9.72,10.24,0.0,118.85
13.6,11.04,13.76,0.0,244.782
12.0,3.12,16.68,0.0,335.30400000000003
15.5,9.96,26.26,0.0,361.371
9.8,3.48,22.45,0.0,385.903
11.6,6.6,27.78,0.0,346.356
15.1,1.56,32.79,0.0,259.79
13.7,3.36,29.19,0.0,142.129
11.6,3.0,24.2,0.0,16.0139
14.7,1.2,29.09,0.0,0.0
15.3,0.72,30.4,0.0,0.0
18.2,0.48,33.62,0.0,0.0
14.3,0.72,26.38,0.0,0.0
15.3,1.8,26.98,0.0,0.0
12.3,1.68,21.29,0.0,0.0
15.2,1.44,24.34,0.0,0.0
6.8,0.48,11.66,0.0,0.0
7.3,0.24,12.54,0.0,0.0
13.1,0.0,20.36,0.0,0.0
7.8,0.12,11.96,0.0,0.0
5.8,0.36,9.55,0.0,0.0
10.7,1.92,14.8,0.0,0.0
11.7,0.72,16.81,0.0,0.0
14.9,10.44,23.61,0.0,0.0
15.1,4.8,24.12,0.0,83.2981
11.0,15.6,22.01,0.0,243.318
14.4,15.96,26.44,0.0,101.373
11.1,23.64,22.28,0.0,177.67700000000002
14.1,5.04,31.17,0.0,239.741
15.7,10.8,38.5,0.0,366.935
9.7,2.04,28.83,0.0,289.004
17.0,5.04,36.82,0.0,95.1361
9.5,1.08,23.74,0.0,22.2764
9.9,9.84,25.35,0.0,0.0
12.7,4.44,30.8,0.0,0.0
19.8,1.68,39.89,0.0,0.0
17.4,1.92,33.89,0.0,0.0
18.8,0.48,33.42,0.0,0.0
11.2,0.72,18.23,0.0,0.0
9.6,2.28,14.23,0.0,0.0
9.8,3.48,13.38,0.0,0.0
16.9,8.16,19.42,0.0,0.0
8.3,0.24,7.05,0.0,0.0
6.7,0.36,5.17,0.0,0.0
9.3,0.24,6.5,0.0,0.0
9.6,0.24,5.92,0.0,0.0
15.1,0.84,9.38,0.0,0.0
13.5,5.52,8.92,0.0,0.0
12.5,5.16,9.78,0.0,193.319
12.2,7.08,9.86,0.0,297.536
12.7,34.08,10.8,0.0,429.682
15.1,11.76,14.62,0.0,514.38
9.9,8.64,10.61,0.0,496.544
11.1,1.68,12.29,0.0,447.792
13.7,2.04,15.73,0.0,336.082
13.7,4.92,15.64,0.0,258.86
13.3,3.6,11.19,0.0,30.1783
15.9,8.28,12.14,0.0,0.0
16.4,3.6,11.69,0.0,0.0
18.0,4.56,11.21,0.0,0.0
18.1,4.2,9.68,0.0,0.0
15.3,2.16,6.95,0.0,0.0
13.4,0.84,4.64,0.0,0.0
18.5,0.96,6.57,0.0,0.0
11.1,3.24,2.25,0.0,0.0
9.0,0.6,1.08,0.0,0.0
13.5,0.12,1.75,0.0,0.0
8.4,0.0,0.62,0.0,0.0
7.0,0.0,0.42,0.0,0.0
12.8,1.56,0.82,0.0,0.0
9.8,2.16,0.53,0.0,0.0
14.6,7.32,1.57,0.0,0.0
11.1,16.56,1.87,0.0,228.462
13.4,11.4,4.21,0.0,482.604
17.4,7.92,7.38,0.0,638.127
12.2,9.24,6.58,0.0,718.189
14.1,16.92,8.65,0.0,740.174
15.8,1.8,10.9,0.0,663.7560000000001
10.6,1.32,7.75,0.0,445.89
13.2,0.96,8.82,0.0,358.80300000000005
11.7,0.84,5.68,0.0,93.2714
15.9,0.6,5.89,0.0,0.0
18.9,1.08,6.8,0.0,0.0
23.3,1.8,8.47,0.0,0.0
25.8,3.48,10.22,0.0,0.0
24.1,1.8,8.32,0.0,0.0
15.4,0.96,3.35,0.0,0.0
14.9,1.08,2.43,0.0,0.0
10.8,1.8,0.99,0.0,0.0
8.8,0.0,0.8,0.0,0.0
11.3,0.24,0.8,0.0,0.0
10.2,1.56,0.68,0.0,0.0
7.4,0.12,0.56,0.0,0.0
9.4,0.96,0.46,0.0,0.0
10.9,5.04,0.56,0.0,0.0
15.3,15.24,1.59,0.0,0.0
16.9,6.24,5.32,0.0,253.593
13.5,3.36,7.77,0.0,456.231
11.6,9.48,8.78,0.0,594.612
15.4,9.36,12.3,0.0,633.702
13.1,3.96,13.63,0.0,694.791
11.9,9.36,14.83,0.0,664.15
12.8,0.84,17.41,0.0,569.039
14.4,4.56,20.66,0.0,416.919
13.0,6.84,16.77,0.0,190.811
16.4,1.68,14.45,0.0,8.46422
13.8,2.04,11.18,0.0,0.0
18.0,1.68,12.81,0.0,0.0
21.3,4.56,13.73,0.0,0.0
18.0,1.56,9.58,0.0,0.0
17.0,1.08,7.51,0.0,0.0
13.7,1.2,4.75,0.0,0.0
4.5,2.88,1.22,0.0,0.0
9.8,0.0,1.92,0.0,0.0
6.9,0.96,1.09,0.0,0.0
9.9,0.12,1.51,0.0,0.0
10.0,0.0,1.31,0.0,0.0
11.7,0.36,1.53,0.0,0.0
11.6,3.24,1.53,0.0,0.0
12.0,8.64,2.48,0.0,0.0
13.2,13.08,4.15,0.0,190.207
15.9,18.0,5.82,0.0,281.108
14.1,13.8,6.01,0.0,433.93
10.5,16.44,5.46,0.0,479.802
11.9,6.72,8.09,0.0,613.192
8.6,1.92,8.23,0.0,636.347
13.2,3.12,12.45,0.0,589.915
12.8,2.64,11.97,0.0,430.831
11.3,0.48,8.4,0.0,201.074
14.1,3.12,6.43,0.0,8.91809
14.4,1.68,5.46,0.0,0.0
16.0,6.24,4.5,0.0,0.0
17.7,1.68,4.19,0.0,0.0
15.7,19.32,2.25,0.0,0.0
14.0,2.52,0.95,0.0,0.0
12.0,0.72,0.58,0.0,0.0
11.2,0.96,0.28,0.0,0.0
6.5,0.36,0.0,0.0,0.0
10.1,0.48,0.0,0.0,0.0
9.9,0.0,0.0,0.0,0.0
8.7,0.12,0.0,0.0,0.0
7.2,0.6,0.0,0.0,0.0
13.2,8.76,0.0,0.0,0.0
13.7,22.44,0.0,0.0,0.0
13.6,12.24,0.21,0.0,290.043
13.2,17.52,0.68,0.0,500.889
12.7,23.52,1.19,0.0,649.646
13.8,1.56,1.57,0.0,679.12
10.0,2.76,1.16,0.0,584.0740000000001
12.9,4.08,2.95,0.0,715.954
15.1,1.44,4.52,0.0,623.563
14.6,2.88,3.46,0.0,399.807
12.5,3.6,1.41,0.0,52.7081
14.2,3.96,1.1,0.0,0.0
17.7,1.2,1.54,0.0,0.0
18.1,4.8,1.61,0.0,0.0
16.5,1.08,1.09,0.0,0.0
17.5,1.32,1.11,0.0,0.0
11.2,3.12,0.74,0.0,0.0
9.7,0.48,0.53,0.0,0.0
8.6,0.6,0.34,0.0,0.0
7.3,0.72,0.4,0.0,0.0
7.1,0.0,0.32,0.0,0.0
10.0,0.24,0.51,0.0,0.0
6.5,0.0,0.26,0.0,0.0
13.5,2.4,0.55,0.0,0.0
11.6,15.96,0.44,0.0,0.0
14.6,15.6,0.68,0.0,0.0
12.4,4.68,0.55,0.0,100.51
13.2,10.2,0.81,0.0,177.81400000000002
14.7,0.96,1.02,0.0,187.577
11.0,4.2,0.86,0.0,270.422
10.0,1.2,0.99,0.0,209.141
14.3,8.64,1.6,0.0,314.863
15.8,2.04,1.46,0.0,173.168
13.0,0.96,0.92,0.0,58.0783
10.9,0.48,0.66,0.0,26.6409
18.7,5.28,1.2,0.0,0.0
17.7,0.96,1.35,0.0,0.0
17.4,0.6,1.21,0.0,0.0
14.1,1.68,0.7,0.0,0.0
12.8,2.76,0.68,0.0,0.0
18.2,1.32,0.98,0.0,0.0
10.6,3.36,0.35,0.0,0.0
10.3,0.48,0.44,0.0,0.0
7.4,2.88,0.16,0.0,0.0
7.4,0.48,0.09,0.0,0.0
7.7,0.36,0.11,0.0,0.0
9.8,0.12,0.09,0.0,0.0
13.0,0.12,0.3,0.0,0.0
11.3,3.96,0.28,0.0,0.0
10.3,9.0,0.44,0.0,0.0
11.4,10.68,1.23,0.0,259.786
8.0,19.92,1.1,0.0,418.861
9.8,12.12,1.69,0.0,470.932
10.6,18.24,2.35,0.0,516.625
9.3,9.36,2.82,0.0,588.29
16.6,6.12,6.7,0.0,546.492
9.4,4.08,4.36,0.0,462.771
10.7,3.0,3.57,0.0,185.974
13.5,0.72,3.43,0.0,44.5772
13.1,10.56,3.07,0.0,0.0
17.1,3.12,4.75,0.0,0.0
18.4,4.2,4.85,0.0,0.0
14.4,1.92,3.06,0.0,0.0
16.5,0.84,3.57,0.0,0.0
15.2,1.56,2.86,0.0,0.0
12.9,1.8,1.85,0.0,0.0
8.2,0.36,0.89,0.0,0.0
8.9,4.2,0.86,0.0,0.0
11.0,0.24,1.1,0.0,0.0
11.7,2.16,1.13,0.0,0.0
6.6,0.0,0.78,0.0,0.0
9.5,2.76,0.97,0.0,0.0
10.7,0.48,1.13,0.0,0.0
11.1,6.72,1.53,0.0,0.0
8.0,7.56,1.43,0.0,124.632
11.6,5.4,2.43,0.0,184.763
8.5,17.88,3.42,0.0,360.571
12.3,9.48,5.78,0.0,321.682
13.3,6.96,6.08,0.0,211.826
13.3,4.2,6.85,0.0,234.497
17.0,2.52,10.38,0.0,322.254
10.3,4.32,5.65,0.0,100.65
11.1,6.72,5.66,0.0,26.9641
15.2,6.24,8.3,0.0,0.0
12.3,3.0,6.83,0.0,0.0
13.9,4.8,7.85,0.0,0.0
16.3,3.72,8.97,0.0,0.0
13.3,3.36,6.73,0.0,0.0
16.9,2.04,9.56,0.0,0.0
11.0,3.24,5.46,0.0,0.0
13.8,2.04,7.96,0.0,0.0
10.4,1.56,6.16,0.0,0.0
8.5,0.12,5.21,0.0,0.0
10.3,0.0,6.6,0.0,0.0
9.1,0.0,5.7,0.0,0.0
9.0,0.12,5.34,0.0,0.0
12.7,2.16,8.14,0.0,0.0
12.5,11.76,8.65,0.0,0.0
10.2,11.4,7.3,0.0,105.766
14.0,7.32,11.8,0.0,126.398
15.4,15.84,15.47,0.0,192.316
12.1,7.8,16.7,0.0,381.034
13.2,5.4,24.57,0.0,607.806
10.1,3.12,19.33,0.0,466.981
7.4,1.2,13.73,0.0,151.974
19.3,2.64,35.15,0.0,335.961
15.3,3.36,26.84,0.0,195.225
14.7,0.84,20.71,0.0,12.3741
17.0,2.64,23.38,0.0,0.0
17.7,1.56,21.86,0.0,0.0
14.1,1.32,14.68,0.0,0.0
15.2,3.36,14.75,0.0,0.0
17.1,1.44,14.74,0.0,0.0
14.0,0.6,9.48,0.0,0.0
11.6,0.6,6.82,0.0,0.0
11.2,0.0,5.09,0.0,0.0
9.2,0.24,3.06,0.0,0.0
9.4,4.32,2.65,0.0,0.0
6.9,0.24,1.43,0.0,0.0
11.2,3.24,2.32,0.0,0.0
8.7,8.16,1.43,0.0,0.0
13.7,23.52,3.05,0.0,0.0
14.8,9.12,3.42,0.0,118.705
12.5,5.88,2.04,0.0,88.1507
16.4,23.52,3.66,0.0,133.088
6.9,11.52,1.36,0.0,173.955
15.1,1.56,3.74,0.0,254.249
16.6,4.08,4.98,0.0,277.98
15.6,0.12,4.4,0.0,178.71099999999998
10.9,9.96,2.35,0.0,121.586
9.6,6.6,1.56,0.0,49.8033
14.3,3.6,2.92,0.0,0.0
15.6,0.72,3.47,0.0,0.0
15.0,2.4,2.76,0.0,0.0
14.2,0.96,2.24,0.0,0.0
15.8,5.16,2.46,0.0,0.0
15.3,0.96,2.05,0.0,0.0
12.3,2.52,1.26,0.0,0.0
11.7,2.28,1.02,0.0,0.0
10.9,0.6,0.84,0.0,0.0
7.9,0.12,0.65,0.0,0.0
10.4,0.12,0.69,0.0,0.0
8.0,0.0,0.55,0.0,0.0
8.8,0.72,0.59,0.0,0.0
11.7,9.0,0.64,0.0,0.0
13.1,12.48,0.74,0.0,0.0
13.7,15.96,0.71,0.0,17.7123
9.0,3.12,0.42,0.0,54.3402
8.6,15.72,0.58,0.0,90.7877
14.3,24.36,0.95,0.0,112.907
16.0,1.32,1.28,0.0,146.675
12.4,0.84,1.05,0.0,133.04
11.5,0.6,0.92,0.0,109.145
13.3,0.96,1.13,0.0,105.171
11.6,1.68,0.99,0.0,40.5097
12.3,1.56,1.02,0.0,0.0
15.0,4.08,1.4,0.0,0.0
14.2,1.8,1.31,0.0,0.0
14.5,1.68,1.33,0.0,0.0
16.9,15.6,1.65,0.0,0.0
17.2,1.92,1.82,0.0,0.0
14.3,1.32,1.42,0.0,0.0
14.3,0.24,1.41,0.0,0.0
7.9,3.12,0.69,0.0,0.0
10.8,0.24,0.69,0.0,0.0
13.4,0.12,0.86,0.0,0.0
9.4,0.24,0.62,0.0,0.0
11.0,0.0,0.7,0.0,0.0
9.2,2.88,0.66,0.0,0.0
15.2,17.28,1.19,0.0,0.0
17.5,5.28,1.23,0.0,6.21945
18.0,12.72,1.59,0.0,16.6649
11.5,16.44,0.95,0.0,87.2074
13.8,6.96,1.17,0.0,68.5658
15.1,4.2,1.52,0.0,82.5177
13.8,3.12,1.43,0.0,118.685
15.0,0.6,1.48,0.0,64.902
15.2,9.6,1.78,0.0,89.8669
9.4,3.96,1.1,0.0,80.6845
16.2,4.8,1.75,0.0,0.25974
14.8,2.52,1.68,0.0,0.0
15.2,1.56,1.58,0.0,0.0
14.9,5.28,1.36,0.0,0.0
19.8,2.88,2.39,0.0,0.0
13.7,0.6,0.78,0.0,0.0
12.1,1.68,0.63,0.0,0.0
10.7,2.52,0.7,0.0,0.0
9.8,0.12,0.54,0.0,0.0
10.2,0.0,0.55,0.0,0.0
7.2,0.36,0.35,0.0,0.0
8.6,0.0,0.33,0.0,0.0
10.1,0.24,0.48,0.0,0.0
14.5,15.12,0.72,0.0,0.0
14.1,15.24,1.35,0.0,0.0
11.6,12.0,2.62,0.0,269.673
15.0,10.68,5.26,0.0,474.794
10.9,1.44,4.97,0.0,594.474
11.2,6.72,5.51,0.0,564.27
18.5,2.16,10.43,0.0,612.929
9.7,5.4,8.01,0.0,613.057
13.6,1.92,12.64,0.0,605.4169999999999
14.3,0.96,12.78,0.0,350.13699999999994
10.0,5.88,8.76,0.0,237.99400000000003
20.5,0.24,11.74,0.0,20.5657
13.1,7.56,6.29,0.0,0.0
18.4,0.72,8.27,0.0,0.0
15.1,1.2,5.4,0.0,0.0
14.9,1.8,4.4,0.0,0.0
16.2,2.16,4.08,0.0,0.0
11.6,3.6,1.99,0.0,0.0
9.4,0.24,1.01,0.0,0.0
10.2,1.08,0.94,0.0,0.0
8.7,0.6,0.8,0.0,0.0
9.7,1.92,0.7,0.0,0.0
7.5,0.12,0.55,0.0,0.0
10.5,0.12,0.65,0.0,0.0
13.0,8.16,0.66,0.0,0.0
12.8,10.08,1.48,0.0,0.0
12.8,1.8,4.21,0.0,258.548
19.7,21.96,11.33,0.0,435.302
14.0,11.52,10.11,0.0,593.252
8.5,21.84,7.42,0.0,518.3340000000001
16.9,11.04,15.38,0.0,695.3989999999999
13.4,4.8,12.93,0.0,383.469
14.1,3.96,18.26,0.0,587.394
13.3,3.72,17.75,0.0,364.619
12.9,3.96,16.38,0.0,230.88
15.2,5.88,13.0,0.0,20.571
16.4,2.28,13.52,0.0,0.0
18.6,1.08,14.25,0.0,0.0
14.6,2.16,8.54,0.0,0.0
19.5,2.4,11.23,0.0,0.0
18.0,1.44,8.93,0.0,0.0
9.8,0.36,3.92,0.0,0.0
13.9,6.36,5.54,0.0,0.0
14.4,3.72,4.9,0.0,0.0
13.5,0.24,3.38,0.0,0.0
12.5,0.24,2.73,0.0,0.0
14.3,0.0,3.13,0.0,0.0
13.0,0.12,2.47,0.0,0.0
15.2,0.6,3.51,0.0,0.0
12.7,3.84,4.94,0.0,0.0
11.5,5.52,6.03,0.0,204.415
8.7,10.68,6.93,0.0,393.833
10.9,15.6,10.1,0.0,577.156
9.9,10.32,10.46,0.0,581.466
15.3,18.48,17.59,0.0,710.34
14.3,1.2,19.92,0.0,683.5310000000001
11.0,2.28,20.98,0.0,592.307
12.2,3.36,23.66,0.0,445.013
9.8,1.08,18.36,0.0,233.291
14.9,7.44,15.66,0.0,22.9081
12.2,2.04,11.28,0.0,0.0
16.1,0.96,12.61,0.0,0.0
13.8,2.4,8.8,0.0,0.0
16.7,0.72,9.88,0.0,0.0
15.9,4.56,8.04,0.0,0.0
16.4,2.88,7.53,0.0,0.0
10.9,2.28,3.42,0.0,0.0
8.3,0.96,1.4,0.0,0.0
11.7,0.36,1.85,0.0,0.0
9.2,0.0,0.99,0.0,0.0
11.1,0.0,0.94,0.0,0.0
9.0,0.12,0.72,0.0,0.0
13.6,1.08,0.91,0.0,0.0
11.6,11.16,2.02,0.0,0.0
11.7,3.84,6.12,0.0,266.144
9.2,13.2,8.7,0.0,439.853
11.1,9.72,11.66,0.0,568.503
16.0,4.56,17.26,0.0,675.2669999999999
11.3,8.4,16.51,0.0,702.944
12.5,0.72,19.4,0.0,689.909
13.2,1.2,23.5,0.0,611.799
10.4,4.68,22.15,0.0,457.062
10.7,2.4,19.42,0.0,243.567
13.5,5.4,16.34,0.0,23.0102
15.6,4.44,17.61,0.0,0.0
20.0,2.88,20.47,0.0,0.0
16.0,3.48,14.0,0.0,0.0
14.1,1.68,10.43,0.0,0.0
16.9,0.72,11.16,0.0,0.0
11.4,0.96,5.56,0.0,0.0
13.8,1.44,6.1,0.0,0.0
7.3,0.12,2.25,0.0,0.0
7.3,0.12,1.81,0.0,0.0
11.3,2.04,3.25,0.0,0.0
7.9,0.0,1.92,0.0,0.0
10.3,0.96,2.5,0.0,0.0
16.7,11.4,4.4,0.0,0.0
11.8,19.32,5.6,0.0,0.0
13.7,11.88,10.79,0.0,247.078
12.7,3.0,13.84,0.0,431.283
9.3,10.08,13.89,0.0,563.87
9.7,13.32,16.21,0.0,628.861
10.5,2.64,18.97,0.0,669.209
15.1,6.84,25.47,0.0,656.617
11.3,4.32,25.0,0.0,575.399
11.3,8.88,26.41,0.0,428.155
10.8,9.12,23.66,0.0,219.275
14.9,6.72,21.24,0.0,22.1281
16.3,0.6,21.69,0.0,0.0
18.2,2.64,22.23,0.0,0.0
18.2,2.4,20.04,0.0,0.0
17.1,1.44,16.79,0.0,0.0
15.8,1.44,13.64,0.0,0.0
8.2,0.48,5.75,0.0,0.0
17.6,0.12,12.28,0.0,0.0
15.2,2.16,8.27,0.0,0.0
10.5,0.72,4.36,0.0,0.0
5.1,0.0,1.76,0.0,0.0
8.9,0.0,2.17,0.0,0.0
10.5,0.6,2.15,0.0,0.0
12.6,4.44,2.9,0.0,0.0
14.8,12.24,6.81,0.0,0.0
12.6,15.0,9.57,0.0,251.376
12.4,13.8,12.82,0.0,438.25
10.7,8.88,12.88,0.0,574.474
8.8,17.64,12.52,0.0,658.0369999999999
10.4,9.0,16.15,0.0,685.6339999999999
11.7,0.72,19.46,0.0,655.98
11.3,0.6,22.65,0.0,576.187
10.5,0.84,23.17,0.0,436.827
12.4,1.56,22.01,0.0,233.922
11.9,3.36,16.09,0.0,23.2031
17.2,4.68,20.37,0.0,0.0
16.3,1.44,18.05,0.0,0.0
12.7,1.44,13.06,0.0,0.0
17.1,14.4,15.75,0.0,0.0
17.6,2.64,13.88,0.0,0.0
11.9,0.48,6.93,0.0,0.0
12.1,0.24,6.22,0.0,0.0
11.6,0.12,5.57,0.0,0.0
7.4,0.12,3.11,0.0,0.0
12.5,1.56,5.02,0.0,0.0
12.2,0.12,4.62,0.0,0.0
9.4,0.6,3.36,0.0,0.0
12.8,4.68,4.87,0.0,0.0
10.5,21.12,3.65,0.0,0.0
13.1,7.92,4.76,0.0,62.5291
10.6,7.68,4.1,0.0,131.731
9.7,9.6,3.5,0.0,49.324
10.8,2.88,4.24,0.0,59.2756
19.2,9.72,9.6,0.0,139.151
16.0,3.96,8.61,0.0,181.679
15.4,0.24,7.9,0.0,102.548
12.7,3.24,5.48,0.0,14.2254
10.1,3.24,3.52,0.0,7.60467
14.1,2.88,4.9,0.0,0.0
18.9,1.2,7.26,0.0,0.0
20.8,4.44,7.48,0.0,0.0
16.9,2.76,4.36,0.0,0.0
16.4,1.56,3.66,0.0,0.0
13.7,1.8,2.08,0.0,0.0
12.3,1.08,1.48,0.0,0.0
10.1,0.24,1.08,0.0,0.0
8.4,0.96,1.1,0.0,0.0
9.9,0.12,1.4,0.0,0.0
9.0,0.24,1.1,0.0,0.0
7.5,0.0,0.89,0.0,0.0
11.8,0.48,1.34,0.0,0.0
13.5,6.12,1.42,0.0,0.0
11.1,13.92,1.3,0.0,0.0
15.6,13.8,1.72,0.0,32.1019
15.7,11.4,1.75,0.0,73.3059
14.0,2.64,1.73,0.0,69.7372
12.6,14.4,1.53,0.0,80.1834
12.0,3.24,1.46,0.0,122.749
12.0,4.08,1.53,0.0,120.289
17.2,3.84,2.28,0.0,92.1007
12.0,3.36,1.34,0.0,58.2083
10.2,4.32,1.89,0.0,171.718
20.5,3.36,3.79,0.0,25.9109
20.9,2.76,4.11,0.0,0.0
14.6,0.36,1.73,0.0,0.0
13.2,1.08,1.26,0.0,0.0
16.0,0.36,1.66,0.0,0.0
11.9,2.52,0.73,0.0,0.0
14.2,0.72,0.87,0.0,0.0
11.6,0.36,0.73,0.0,0.0
9.6,0.24,0.56,0.0,0.0
7.1,0.24,0.32,0.0,0.0
13.6,0.12,0.75,0.0,0.0
9.3,0.0,0.39,0.0,0.0
8.5,0.72,0.19,0.0,0.0
13.1,4.44,0.63,0.0,0.0
13.9,4.68,1.3,0.0,60.0974
10.5,7.56,2.39,0.0,274.66700000000003
12.4,10.2,4.49,0.0,482.469
11.7,11.52,5.82,0.0,643.567
14.1,14.28,8.14,0.0,725.9060000000001
15.5,3.0,10.77,0.0,755.072
14.0,4.32,12.31,0.0,717.2810000000001
16.0,0.96,16.29,0.0,617.941
9.3,2.04,12.71,0.0,481.964
10.4,2.4,11.38,0.0,264.86
13.0,5.16,8.34,0.0,29.9601
14.4,2.76,8.07,0.0,0.0
14.9,1.44,7.32,0.0,0.0
13.7,1.92,5.8,0.0,0.0
11.6,1.68,4.04,0.0,0.0
18.7,1.32,6.18,0.0,0.0
8.2,0.12,1.53,0.0,0.0
7.3,1.2,1.07,0.0,0.0
9.4,6.0,1.0,0.0,0.0
9.0,0.24,0.92,0.0,0.0
7.8,2.04,0.81,0.0,0.0
8.2,0.12,0.67,0.0,0.0
13.4,0.12,1.08,0.0,0.0
16.9,0.72,1.71,0.0,0.0
14.0,2.52,2.97,0.0,58.3156
14.9,10.68,7.31,0.0,263.473
11.5,9.12,8.78,0.0,463.676
11.4,19.32,10.47,0.0,612.2819999999999
14.5,4.56,13.89,0.0,700.5039999999999
9.9,7.44,13.33,0.0,723.313
16.7,2.64,20.55,0.0,700.085
13.1,3.0,20.66,0.0,620.809
12.7,7.2,21.34,0.0,470.949
10.5,3.6,16.5,0.0,258.265
13.4,2.52,13.61,0.0,28.8676
16.0,3.24,14.65,0.0,0.0
12.1,4.68,9.89,0.0,0.0
16.0,2.04,11.89,0.0,0.0
16.8,3.12,11.42,0.0,0.0
11.8,3.0,6.44,0.0,0.0
16.0,1.8,7.86,0.0,0.0
14.2,2.52,5.64,0.0,0.0
6.5,0.48,1.9,0.0,0.0
9.4,0.0,2.45,0.0,0.0
10.3,0.12,2.24,0.0,0.0
12.4,0.0,2.66,0.0,0.0
8.7,0.12,1.35,0.0,0.0
10.9,4.8,1.69,0.0,0.0
14.9,13.56,5.49,0.0,59.2629
12.2,11.52,7.12,0.0,269.088
9.7,7.08,7.79,0.0,476.046
15.0,21.36,11.6,0.0,633.4069999999999
14.2,6.96,12.61,0.0,712.954
13.9,8.28,14.52,0.0,748.077
11.3,5.64,14.61,0.0,717.2739999999999
10.8,2.16,16.1,0.0,630.399
9.1,2.64,16.0,0.0,479.302
12.9,6.72,17.7,0.0,263.771
11.4,1.56,10.94,0.0,29.6576
15.0,1.32,12.38,0.0,0.0
23.0,3.12,17.84,0.0,0.0
19.0,1.56,11.14,0.0,0.0
17.8,1.68,8.66,0.0,0.0
15.9,2.28,6.4,0.0,0.0
12.1,2.28,3.78,0.0,0.0
9.5,3.84,2.47,0.0,0.0
16.4,0.24,4.94,0.0,0.0
7.7,0.12,1.2,0.0,0.0
10.2,1.56,1.61,0.0,0.0
8.8,0.12,1.27,0.0,0.0
14.7,1.2,2.58,0.0,0.0
13.4,7.44,2.46,0.0,0.0
15.5,20.76,6.01,0.0,58.348
15.7,8.4,10.38,0.0,258.694
12.4,5.4,12.07,0.0,450.324
12.9,16.92,13.8,0.0,588.564
13.4,11.04,16.23,0.0,667.2489999999999
14.2,4.92,19.4,0.0,690.2080000000001
17.2,8.52,26.11,0.0,677.2669999999999
14.2,1.8,27.99,0.0,600.436
11.3,11.76,27.18,0.0,457.975
10.8,11.16,24.51,0.0,253.73
13.0,4.08,21.14,0.0,29.6855
13.6,3.84,20.06,0.0,0.0
12.6,1.08,16.88,0.0,0.0
19.5,1.56,20.38,0.0,0.0
13.5,4.56,11.67,0.0,0.0
15.1,0.96,12.22,0.0,0.0
10.5,0.36,7.31,0.0,0.0
11.5,2.28,6.58,0.0,0.0
6.4,1.68,2.77,0.0,0.0
7.5,0.24,2.63,0.0,0.0
10.5,1.68,3.13,0.0,0.0
11.2,0.12,2.93,0.0,0.0
10.3,0.12,2.5,0.0,0.0
14.0,8.28,3.73,0.0,0.0
12.4,16.2,5.48,0.0,58.7242
11.9,13.56,8.45,0.0,264.325
15.9,9.6,13.47,0.0,459.812
7.3,5.04,10.02,0.0,602.7130000000001
11.1,16.32,14.15,0.0,667.638
17.7,6.12,21.39,0.0,701.285
15.6,1.56,23.01,0.0,677.352
12.1,1.2,23.5,0.0,597.5419999999999
11.9,3.72,24.75,0.0,458.994
9.4,1.8,19.95,0.0,262.372
11.8,2.64,15.96,0.0,30.7368
15.8,5.64,17.88,0.0,0.0
16.0,2.28,16.1,0.0,0.0
14.0,1.2,11.68,0.0,0.0
16.8,0.96,12.57,0.0,0.0
13.9,2.76,8.22,0.0,0.0
11.8,0.48,5.57,0.0,0.0
14.1,0.72,6.0,0.0,0.0
9.5,0.24,3.17,0.0,0.0
10.7,0.24,2.97,0.0,0.0
11.4,0.12,2.76,0.0,0.0
8.4,0.36,1.55,0.0,0.0
11.3,0.48,1.91,0.0,0.0
13.5,2.64,3.1,0.0,0.0
14.3,28.2,7.18,0.0,57.5304
12.5,3.84,11.55,0.0,253.215
8.8,6.24,13.39,0.0,440.094
12.9,13.32,18.01,0.0,578.999
9.6,5.64,14.13,0.0,360.312
11.1,14.04,20.89,0.0,633.13
15.6,1.08,31.91,0.0,661.56
14.3,0.96,34.98,0.0,591.604
15.2,4.2,37.2,0.0,449.056
15.3,1.44,34.19,0.0,252.354
9.9,1.44,22.0,0.0,29.4476
13.1,1.68,24.52,0.0,0.0
17.7,1.68,28.25,0.0,0.0
15.9,2.64,23.59,0.0,0.0
13.6,1.92,18.84,0.0,0.0
14.0,0.6,17.44,0.0,0.0
10.9,3.72,11.88,0.0,0.0
9.4,0.48,9.18,0.0,0.0
12.0,0.24,10.16,0.0,0.0
9.8,0.12,6.61,0.0,0.0
7.4,0.48,3.8,0.0,0.0
8.3,0.72,3.06,0.0,0.0
9.9,0.6,2.88,0.0,0.0
14.3,12.84,4.31,0.0,0.0
18.1,15.84,8.18,0.0,60.4082
11.4,9.0,5.7,0.0,228.812
13.0,7.8,7.21,0.0,359.523
17.0,2.64,10.51,0.0,502.548
13.8,7.44,9.06,0.0,570.465
16.9,5.64,11.93,0.0,517.439
11.3,5.28,11.31,0.0,627.852
11.9,0.24,14.32,0.0,589.0509999999999
6.7,0.84,10.27,0.0,427.61800000000005
10.3,1.68,10.98,0.0,220.451
20.0,7.08,16.48,0.0,18.5894
21.4,4.32,16.46,0.0,0.0
15.7,2.64,9.58,0.0,0.0
19.8,1.2,11.63,0.0,0.0
18.7,1.32,9.67,0.0,0.0
16.7,0.48,7.17,0.0,0.0
15.6,0.12,6.1,0.0,0.0
10.9,0.24,3.5,0.0,0.0
10.7,0.84,2.8,0.0,0.0
10.6,0.12,2.32,0.0,0.0
10.9,0.12,1.86,0.0,0.0
8.2,0.0,1.04,0.0,0.0
10.5,0.24,1.31,0.0,0.0
12.2,0.96,1.51,0.0,0.0
13.9,9.84,4.45,0.0,61.3425
13.7,2.28,7.45,0.0,269.814
13.9,12.6,10.1,0.0,465.447
9.6,20.28,9.37,0.0,585.948
11.3,13.8,11.58,0.0,664.181
12.0,6.12,12.63,0.0,619.98
13.3,7.32,12.79,0.0,459.193
16.5,3.96,15.92,0.0,392.965
10.9,4.08,11.8,0.0,313.97700000000003
11.8,3.48,11.74,0.0,147.134
10.5,6.36,9.27,0.0,8.8188
17.4,3.24,15.08,0.0,0.0
17.7,3.48,14.25,0.0,0.0
15.9,1.92,11.26,0.0,0.0
12.7,1.92,8.28,0.0,0.0
13.9,0.96,8.87,0.0,0.0
13.8,0.84,8.44,0.0,0.0
10.4,0.36,5.92,0.0,0.0
9.1,0.72,5.54,0.0,0.0
4.1,0.24,3.04,0.0,0.0
7.3,0.0,4.41,0.0,0.0
6.5,0.24,4.32,0.0,0.0
7.2,0.24,4.51,0.0,0.0
8.8,1.32,5.35,0.0,0.0
16.7,6.36,13.23,0.0,45.7623
9.7,10.08,9.09,0.0,129.134
6.9,19.92,14.32,0.0,407.453
8.1,10.68,18.67,0.0,562.265
13.9,4.2,25.46,0.0,542.266
13.0,4.92,22.1,0.0,154.944
13.9,4.32,24.91,0.0,148.14700000000002
11.5,5.16,25.0,0.0,331.787
14.6,1.44,27.11,0.0,133.53799999999998
12.5,2.52,24.59,0.0,139.845
9.1,8.04,19.12,0.0,30.4618
15.1,3.72,27.15,0.0,0.0
11.8,2.4,21.24,0.0,0.0
16.7,5.4,27.27,0.0,0.0
11.5,1.8,18.62,0.0,0.0
15.5,0.96,22.09,0.0,0.0
8.3,2.76,9.34,0.0,0.0
7.0,0.12,6.11,0.0,0.0
6.3,1.44,4.13,0.0,0.0
6.6,0.24,2.97,0.0,0.0
11.8,0.24,4.64,0.0,0.0
8.4,0.48,1.87,0.0,0.0
8.6,0.84,1.19,0.0,0.0
9.0,1.56,1.09,0.0,0.0
11.3,20.64,2.54,0.0,68.4395
10.8,28.32,4.39,0.0,293.14
7.3,5.28,4.57,0.0,509.65
6.7,18.84,5.3,0.0,668.757
11.0,8.4,7.9,0.0,763.926
12.0,0.6,8.94,0.0,812.452
15.6,3.6,11.89,0.0,776.313
8.9,11.04,9.73,0.0,680.9639999999999
19.2,1.68,17.03,0.0,527.394
12.9,0.84,10.9,0.0,301.462
10.6,1.56,5.85,0.0,38.5297
11.6,3.0,5.07,0.0,0.0
15.7,1.68,5.91,0.0,0.0
16.8,9.96,5.56,0.0,0.0
15.8,0.84,4.49,0.0,0.0
11.5,0.84,1.96,0.0,0.0
9.3,1.8,1.03,0.0,0.0
9.4,0.24,0.8,0.0,0.0
7.7,0.12,0.49,0.0,0.0
9.0,0.0,0.61,0.0,0.0
4.5,0.0,0.21,0.0,0.0
10.6,1.44,0.54,0.0,0.0
10.2,1.2,0.62,0.0,0.0
12.5,1.68,0.69,0.0,0.0
10.9,26.64,0.59,0.0,8.44014
13.3,4.2,0.83,0.0,64.8106
14.9,16.08,1.17,0.0,169.303
9.5,9.12,0.98,0.0,189.17
12.0,14.16,1.58,0.0,289.198
8.3,2.4,1.4,0.0,366.156
11.2,0.12,1.97,0.0,323.736
10.0,1.08,1.47,0.0,131.002
17.2,1.08,2.17,0.0,57.8853
10.4,0.84,1.32,0.0,38.1339
10.9,1.2,1.45,0.0,3.57343
14.6,4.44,2.29,0.0,0.0
12.5,1.8,1.79,0.0,0.0
12.3,4.92,1.79,0.0,0.0
10.6,3.36,1.44,0.0,0.0
14.8,0.84,2.43,0.0,0.0
13.4,0.24,1.81,0.0,0.0
10.6,0.24,1.09,0.0,0.0
10.2,0.36,1.03,0.0,0.0
7.7,0.12,0.87,0.0,0.0
5.7,0.0,0.69,0.0,0.0
7.2,0.12,0.79,0.0,0.0
7.9,0.96,0.71,0.0,0.0
8.8,5.4,0.84,0.0,0.0
8.7,8.76,0.97,0.0,0.0
12.3,9.36,1.22,0.0,13.0139
12.4,2.4,1.18,0.0,30.2171
14.1,8.16,1.52,0.0,60.2245
10.1,17.28,1.0,0.0,63.4725
10.1,7.2,1.23,0.0,55.8202
13.8,4.44,1.94,0.0,67.5258
11.6,4.2,1.72,0.0,115.307
11.0,2.64,1.71,0.0,40.98
13.2,4.68,2.24,0.0,74.2981
11.3,2.64,1.9,0.0,42.5497
14.1,1.68,2.91,0.0,0.0
15.4,2.16,3.21,0.0,0.0
14.1,6.0,2.52,0.0,0.0
12.5,3.36,2.2,0.0,0.0
12.6,1.56,1.89,0.0,0.0
10.3,0.48,1.28,0.0,0.0
8.0,0.24,1.16,0.0,0.0
11.9,0.6,1.54,0.0,0.0
11.3,0.36,1.25,0.0,0.0
7.4,0.0,0.88,0.0,0.0
10.4,0.0,1.11,0.0,0.0
9.8,2.64,1.03,0.0,0.0
11.4,3.24,1.48,0.0,0.0
12.2,9.36,2.92,0.0,66.0703
15.0,12.36,6.9,0.0,274.022
12.1,11.4,7.69,0.0,476.427
13.1,25.92,9.61,0.0,623.607
12.4,4.68,10.12,0.0,718.2669999999999
11.1,0.24,11.15,0.0,748.5139999999999
13.5,0.48,14.6,0.0,713.301
10.2,2.16,13.87,0.0,638.241
18.0,3.6,21.84,0.0,493.32
13.3,0.6,16.36,0.0,285.386
11.1,1.32,9.82,0.0,54.3427
12.8,4.68,9.19,0.0,0.0
10.8,2.16,6.29,0.0,0.0
13.4,2.52,6.9,0.0,0.0
14.1,0.84,6.09,0.0,0.0
12.2,0.72,4.04,0.0,0.0
12.3,0.24,3.39,0.0,0.0
10.7,1.08,2.16,0.0,0.0
5.7,3.24,0.77,0.0,0.0
9.4,0.12,1.03,0.0,0.0
8.6,0.12,0.75,0.0,0.0
11.1,0.0,0.78,0.0,0.0
6.1,7.44,0.49,0.0,0.0
9.4,12.84,0.56,0.0,0.0
11.6,9.48,1.77,0.0,71.7703
9.7,6.0,3.43,0.0,290.578
12.2,12.24,5.9,0.0,493.354
7.3,1.92,5.32,0.0,649.224
9.9,5.28,7.38,0.0,736.158
19.9,10.56,14.55,0.0,750.5989999999999
17.4,4.68,15.98,0.0,726.085
15.9,3.84,17.62,0.0,641.0509999999999
9.8,2.76,14.64,0.0,500.249
12.9,3.48,16.22,0.0,298.097
11.9,3.12,10.51,0.0,59.226000000000006
11.6,2.88,7.74,0.0,0.0
16.3,3.6,9.38,0.0,0.0
14.5,1.08,6.91,0.0,0.0
15.2,2.28,6.24,0.0,0.0
11.3,1.08,3.74,0.0,0.0
10.4,0.24,2.6,0.0,0.0
7.9,0.12,1.26,0.0,0.0
5.9,0.6,0.93,0.0,0.0
7.9,0.36,0.84,0.0,0.0
7.1,0.12,0.71,0.0,0.0
4.8,0.0,0.5,0.0,0.0
8.2,0.12,0.54,0.0,0.0
14.2,6.48,1.01,0.0,0.0
10.9,8.64,2.06,0.0,69.9841
12.4,14.52,5.81,0.0,270.064
7.4,19.92,7.24,0.0,464.693
8.2,24.12,9.47,0.0,573.908
9.7,4.92,11.65,0.0,681.225
17.7,8.76,19.29,0.0,729.691
11.0,5.4,16.99,0.0,700.561
17.1,4.92,26.44,0.0,617.462
11.7,5.16,23.99,0.0,491.703
13.1,4.8,23.94,0.0,288.998
10.8,8.64,17.1,0.0,57.9878
16.0,5.4,20.54,0.0,0.0
21.3,1.8,24.27,0.0,0.0
12.5,1.92,12.5,0.0,0.0
14.7,2.4,13.05,0.0,0.0
10.7,2.88,7.86,0.0,0.0
11.7,0.96,7.72,0.0,0.0
5.4,0.6,3.44,0.0,0.0
11.6,1.44,6.2,0.0,0.0
4.8,0.72,2.54,0.0,0.0
6.6,0.24,3.06,0.0,0.0
6.8,0.12,2.75,0.0,0.0
7.4,0.12,2.8,0.0,0.0
10.6,1.68,4.63,0.0,0.0
11.1,2.4,9.3,0.0,66.9992
12.9,8.04,16.18,0.0,266.06
7.8,24.6,15.9,0.0,458.0
8.4,11.4,18.22,0.0,606.822
6.8,8.64,17.62,0.0,655.7510000000001
11.3,3.96,20.32,0.0,336.065
11.1,6.36,23.25,0.0,494.497
12.2,2.04,24.9,0.0,269.463
9.3,3.12,24.28,0.0,336.60400000000004
7.6,8.28,22.14,0.0,242.519
11.3,5.28,22.37,0.0,44.9309
14.5,5.16,24.42,0.0,0.0
11.1,2.52,18.38,0.0,0.0
15.2,2.16,21.44,0.0,0.0
17.0,1.8,21.15,0.0,0.0
11.8,0.48,12.35,0.0,0.0
9.8,0.36,9.0,0.0,0.0
10.2,0.6,8.52,0.0,0.0
6.5,1.68,5.47,0.0,0.0
9.6,0.0,7.68,0.0,0.0
9.6,0.6,6.81,0.0,0.0
8.4,0.12,5.61,0.0,0.0
6.3,0.36,4.21,0.0,0.0
11.5,0.6,8.22,0.0,0.0
14.0,19.68,15.73,0.0,65.7144
12.1,17.52,18.23,0.0,266.743
7.3,3.36,16.77,0.0,460.99
10.2,8.88,21.68,0.0,617.61
11.0,9.0,24.48,0.0,704.31
8.7,2.88,24.76,0.0,730.04
11.7,1.44,31.85,0.0,716.6210000000001
13.9,4.68,36.79,0.0,633.5840000000001
10.9,2.4,32.9,0.0,492.465
12.9,3.12,31.65,0.0,291.03700000000003
10.6,0.84,22.32,0.0,62.022
12.7,2.04,22.04,0.0,0.0
16.4,4.56,24.56,0.0,0.0
12.0,11.88,16.8,0.0,0.0
13.7,2.88,16.49,0.0,0.0
16.8,1.8,17.02,0.0,0.0
16.8,0.24,14.98,0.0,0.0
11.1,0.6,7.64,0.0,0.0
5.1,0.24,2.93,0.0,0.0
8.3,0.24,3.22,0.0,0.0
6.1,0.0,1.71,0.0,0.0
6.4,0.24,1.42,0.0,0.0
10.8,2.4,1.99,0.0,0.0
15.3,1.92,3.21,0.0,0.0
11.2,13.08,3.91,0.0,76.8971
11.0,4.08,5.57,0.0,297.98400000000004
11.5,13.2,7.51,0.0,509.58
12.1,13.92,8.77,0.0,662.7639999999999
11.4,12.12,8.95,0.0,753.118
11.3,4.68,10.58,0.0,786.9069999999999
12.5,0.48,13.68,0.0,746.868
10.8,1.44,15.23,0.0,665.5060000000001
10.4,1.08,17.51,0.0,518.523
13.3,0.84,19.76,0.0,306.783
10.8,3.48,12.93,0.0,68.5623
12.7,1.68,12.26,0.0,0.0
13.4,4.68,10.84,0.0,0.0
15.1,1.44,10.68,0.0,0.0
11.0,3.36,6.53,0.0,0.0
10.6,1.2,5.01,0.0,0.0
12.2,0.96,5.2,0.0,0.0
10.6,0.12,3.97,0.0,0.0
7.2,0.0,2.07,0.0,0.0
6.2,0.12,1.35,0.0,0.0
11.2,0.24,2.19,0.0,0.0
7.9,0.0,1.08,0.0,0.0
8.6,2.16,1.05,0.0,0.0
10.3,7.92,1.43,0.0,0.0
12.8,11.28,4.7,0.0,75.8677
13.3,6.48,8.64,0.0,286.928
15.0,1.44,12.07,0.0,480.055
14.9,9.0,12.86,0.0,622.668
11.9,3.72,12.41,0.0,707.2310000000001
10.2,6.0,13.83,0.0,685.8889999999999
13.7,2.04,18.62,0.0,710.447
12.7,4.32,21.72,0.0,635.53
12.4,3.96,23.81,0.0,498.57
11.8,1.08,22.73,0.0,297.644
10.4,0.48,16.28,0.0,67.6277
14.5,3.72,17.68,0.0,0.0
13.1,3.36,14.88,0.0,0.0
12.3,6.24,12.22,0.0,0.0
20.9,5.04,18.66,0.0,0.0
13.9,1.2,9.39,0.0,0.0
11.9,0.6,6.57,0.0,0.0
7.4,0.24,3.27,0.0,0.0
9.6,0.48,3.59,0.0,0.0
3.8,0.24,1.48,0.0,0.0
6.3,0.0,1.82,0.0,0.0
8.8,0.6,2.17,0.0,0.0
11.2,0.12,2.6,0.0,0.0
7.2,1.32,1.43,0.0,0.0
12.4,16.8,5.7,0.0,77.0689
11.8,12.72,8.02,0.0,289.147
11.4,12.12,9.5,0.0,492.045
10.2,28.44,9.67,0.0,641.446
11.9,7.92,10.94,0.0,738.225
12.3,1.8,13.71,0.0,736.9839999999999
14.6,0.24,17.97,0.0,737.7180000000001
13.3,2.28,20.01,0.0,657.466
13.2,0.96,21.23,0.0,517.413
12.7,1.68,19.34,0.0,308.486
12.5,0.72,14.31,0.0,70.7552
15.4,4.2,14.49,0.0,0.0
14.4,2.16,11.83,0.0,0.0
16.4,1.2,11.2,0.0,0.0
14.5,3.96,7.22,0.0,0.0
14.2,1.68,5.24,0.0,0.0
8.3,0.24,1.75,0.0,0.0
12.9,0.12,2.45,0.0,0.0
4.7,2.16,0.64,0.0,0.0
6.4,0.36,0.53,0.0,0.0
6.5,0.12,0.44,0.0,0.0
8.2,2.76,0.49,0.0,0.0
6.1,4.92,0.19,0.0,0.0
8.7,12.6,0.38,0.0,0.0
10.4,15.0,1.17,0.0,81.0206
13.5,7.08,3.22,0.0,311.915
11.0,5.76,3.79,0.0,524.3430000000001
8.9,7.08,3.57,0.0,681.6239999999999
14.1,5.16,6.36,0.0,771.4689999999999
11.8,5.76,6.72,0.0,792.717
12.8,2.16,8.67,0.0,749.393
13.8,6.24,11.13,0.0,662.882
8.7,4.92,10.09,0.0,515.894
10.6,4.44,11.23,0.0,302.873
13.6,4.56,9.47,0.0,72.9514
16.1,4.32,9.16,0.0,0.0
16.0,2.16,7.38,0.0,0.0
19.0,8.04,8.62,0.0,0.0
20.3,1.2,8.23,0.0,0.0
9.5,0.96,2.11,0.0,0.0
10.6,0.72,1.94,0.0,0.0
8.0,0.0,1.06,0.0,0.0
8.9,0.48,0.95,0.0,0.0
8.3,0.36,0.91,0.0,0.0
7.8,0.12,0.79,0.0,0.0
9.1,0.24,0.75,0.0,0.0
10.9,1.32,0.84,0.0,0.0
12.8,3.6,1.05,0.0,0.0
11.0,10.8,2.33,0.0,81.8858
11.0,4.68,5.1,0.0,292.365
10.1,28.92,7.49,0.0,490.004
8.9,13.08,8.64,0.0,633.22
9.9,6.12,10.62,0.0,717.802
8.6,6.72,12.59,0.0,721.762
12.2,4.92,17.56,0.0,710.8689999999999
13.8,4.32,23.7,0.0,633.026
7.6,4.8,20.38,0.0,501.265
13.0,4.92,24.8,0.0,303.657
11.2,0.96,18.62,0.0,73.1061
10.5,10.08,15.72,0.0,0.0
17.2,0.84,21.5,0.0,0.0
16.2,0.84,18.48,0.0,0.0
15.3,0.6,15.74,0.0,0.0
13.9,1.92,12.39,0.0,0.0
9.2,1.08,7.14,0.0,0.0
9.0,0.12,6.18,0.0,0.0
4.6,0.12,3.16,0.0,0.0
6.2,0.6,3.2,0.0,0.0
6.1,0.24,2.71,0.0,0.0
6.7,0.12,3.09,0.0,0.0
7.4,1.68,3.68,0.0,0.0
8.9,0.48,4.44,0.0,0.0
11.8,3.84,10.17,0.0,80.6381
10.6,5.64,9.93,0.0,223.426
12.7,8.88,8.11,0.0,124.155
7.1,7.2,5.57,0.0,191.198
10.6,11.76,9.56,0.0,310.334
11.2,1.56,12.42,0.0,406.676
15.0,5.04,19.39,0.0,444.583
16.1,0.6,24.05,0.0,430.718
10.3,3.24,16.25,0.0,292.361
12.8,5.28,17.44,0.0,140.842
13.9,6.24,17.61,0.0,18.0371
13.6,5.76,17.38,0.0,0.0
14.3,2.88,17.3,0.0,0.0
14.7,2.52,16.48,0.0,0.0
11.6,2.76,11.64,0.0,0.0
11.1,1.32,10.04,0.0,0.0
11.2,0.24,9.25,0.0,0.0
8.0,1.68,6.22,0.0,0.0
5.8,0.36,4.45,0.0,0.0
4.8,0.12,3.62,0.0,0.0
7.7,0.24,5.39,0.0,0.0
8.9,0.12,6.01,0.0,0.0
9.3,0.36,5.82,0.0,0.0
13.0,0.96,9.14,0.0,0.0
13.8,17.64,11.6,0.0,65.6637
11.2,22.44,9.87,0.0,135.893
9.0,4.32,9.64,0.0,140.792
12.5,7.68,15.62,0.0,237.363
11.9,6.36,17.45,0.0,255.959
12.9,0.84,18.96,0.0,119.39
11.7,6.6,18.58,0.0,199.803
12.0,3.72,19.62,0.0,138.252
10.0,0.84,17.43,0.0,114.25
11.0,0.6,19.17,0.0,108.052
13.8,2.04,22.44,0.0,16.8317
12.4,7.8,18.28,0.0,0.0
16.5,3.84,15.69,0.0,0.0
19.1,12.36,11.12,0.0,0.0
15.8,2.4,5.93,0.0,0.0
17.3,0.96,5.01,0.0,0.0
11.2,1.56,1.67,0.0,0.0
8.2,0.72,0.75,0.0,0.0
7.2,2.04,0.4,0.0,0.0
10.3,0.36,0.49,0.0,0.0
7.1,0.0,0.2,0.0,0.0
11.4,0.84,0.32,0.0,0.0
8.7,1.92,0.17,0.0,0.0
10.9,2.88,0.2,0.0,0.0
11.2,17.16,0.13,0.0,28.672
10.8,3.96,0.23,0.0,120.364
15.0,13.68,0.65,0.0,259.775
8.6,18.6,0.35,0.0,241.666
8.8,20.76,0.71,0.0,379.015
10.3,5.04,1.05,0.0,502.38
7.8,0.48,1.18,0.0,515.216
12.6,2.88,2.63,0.0,540.644
14.9,1.56,4.52,0.0,549.9069999999999
11.0,2.04,3.42,0.0,334.76800000000003
10.9,4.56,2.3,0.0,83.9255
16.0,2.52,2.72,0.0,0.0
15.7,3.72,2.56,0.0,0.0
12.6,4.2,1.54,0.0,0.0
12.3,1.68,1.22,0.0,0.0
15.4,1.44,1.44,0.0,0.0
6.3,0.36,0.52,0.0,0.0
9.5,0.36,0.56,0.0,0.0
8.7,0.0,0.47,0.0,0.0
10.0,1.44,0.43,0.0,0.0
4.8,0.24,0.0,0.0,0.0
5.8,0.12,0.0,0.0,0.0
9.0,4.44,0.0,0.0,0.0
10.0,6.84,0.0,0.0,0.0
13.4,13.44,0.97,0.0,89.6045
13.0,2.4,2.61,0.0,321.91900000000004
9.8,0.6,3.03,0.0,542.248
7.3,8.52,2.86,0.0,704.5319999999999
12.3,19.92,5.27,0.0,804.605
10.9,7.68,6.46,0.0,821.054
14.7,4.56,9.64,0.0,788.941
14.1,1.92,11.15,0.0,697.9680000000001
11.3,1.68,11.23,0.0,550.552
10.5,1.32,10.17,0.0,337.583
12.0,0.72,7.55,0.0,86.4194
14.5,0.96,6.7,0.0,0.0
13.8,1.92,5.63,0.0,0.0
15.5,2.16,5.6,0.0,0.0
12.6,2.64,3.74,0.0,0.0
11.9,1.32,2.7,0.0,0.0
9.6,0.96,1.39,0.0,0.0
12.8,0.6,1.63,0.0,0.0
8.9,0.48,0.78,0.0,0.0
11.6,0.48,0.8,0.0,0.0
12.7,0.0,0.89,0.0,0.0
6.3,0.84,0.4,0.0,0.0
11.3,0.36,0.57,0.0,0.0
9.5,3.36,0.51,0.0,0.0
11.5,10.68,1.34,0.0,90.0908
11.5,6.84,2.44,0.0,323.051
12.2,11.04,3.59,0.0,537.997
10.8,16.32,3.45,0.0,689.268
14.5,11.64,5.31,0.0,655.086
14.4,0.36,5.95,0.0,649.422
13.5,0.24,6.62,0.0,651.57
10.8,0.6,7.25,0.0,641.229
8.6,1.32,7.67,0.0,529.456
9.8,1.2,7.72,0.0,328.62699999999995
14.6,1.2,7.66,0.0,85.7382
13.9,4.68,5.52,0.0,0.0
18.5,2.88,6.92,0.0,0.0
13.6,1.08,4.06,0.0,0.0
11.7,1.56,2.59,0.0,0.0
15.3,0.84,2.75,0.0,0.0
7.7,0.24,0.85,0.0,0.0
7.2,0.6,0.7,0.0,0.0
5.7,0.36,0.45,0.0,0.0
6.0,0.36,0.46,0.0,0.0
9.8,0.24,0.61,0.0,0.0
6.2,0.12,0.29,0.0,0.0
9.3,3.96,0.67,0.0,0.0
10.0,10.92,0.72,0.0,0.0
16.8,13.8,2.92,0.0,88.1692
11.2,8.52,3.8,0.0,305.433
10.3,6.12,3.37,0.0,312.422
7.0,11.76,2.94,0.0,382.324
10.3,5.16,4.97,0.0,410.211
13.2,6.84,7.23,0.0,414.696
14.8,3.48,7.81,0.0,163.41
11.6,1.8,6.42,0.0,198.707
13.6,0.84,6.98,0.0,53.6508
11.5,2.64,6.15,0.0,17.4628
10.1,0.72,6.31,0.0,0.75476
12.9,2.52,8.67,0.0,0.0
13.2,3.12,8.56,0.0,0.0
15.1,2.4,9.75,0.0,0.0
16.9,1.44,11.15,0.0,0.0
14.6,1.08,9.55,0.0,0.0
10.7,1.92,7.12,0.0,0.0
10.0,0.0,6.59,0.0,0.0
9.5,0.48,6.19,0.0,0.0
7.4,0.12,4.8,0.0,0.0
8.6,0.12,5.69,0.0,0.0
6.4,0.0,4.54,0.0,0.0
8.7,0.72,6.08,0.0,0.0
8.6,6.0,6.25,0.0,0.0
12.3,4.68,10.33,0.0,70.711
8.9,2.76,8.91,0.0,190.613
8.4,15.84,10.1,0.0,290.528
12.6,15.12,14.88,0.0,293.874
11.3,11.88,17.18,0.0,433.066
8.9,4.56,18.39,0.0,529.362
12.2,0.84,22.12,0.0,294.85
18.3,3.72,29.15,0.0,233.987
11.7,4.8,21.22,0.0,229.11900000000003
9.8,1.08,18.31,0.0,104.774
13.2,2.76,22.69,0.0,21.9517
15.9,3.48,25.5,0.0,0.0
14.0,1.56,20.99,0.0,0.0
11.3,0.6,16.5,0.0,0.0
17.8,0.36,24.58,0.0,0.0
9.6,1.32,12.17,0.0,0.0
8.7,0.48,9.9,0.0,0.0
10.9,0.6,10.9,0.0,0.0
9.2,0.24,8.85,0.0,0.0
5.4,0.36,5.64,0.0,0.0
7.7,0.24,7.11,0.0,0.0
6.5,0.12,5.8,0.0,0.0
8.8,0.12,7.08,0.0,0.0
10.1,1.44,9.11,0.0,0.0
10.9,7.68,13.84,0.0,79.7653
10.2,9.0,20.75,0.0,278.471
7.6,16.2,21.15,0.0,460.82
9.5,15.6,22.31,0.0,332.338
10.5,9.72,26.39,0.0,351.771
15.8,3.36,34.28,0.0,288.36
11.4,2.88,28.65,0.0,340.43300000000005
18.0,6.0,35.64,0.0,252.07
9.8,1.44,22.54,0.0,53.3871
11.0,3.24,24.03,0.0,52.99100000000001
10.5,4.92,23.14,0.0,6.32641
12.2,4.8,24.89,0.0,0.0
14.2,1.44,25.27,0.0,0.0
11.9,4.8,19.68,0.0,0.0
14.5,1.92,21.6,0.0,0.0
14.6,1.92,18.72,0.0,0.0
12.2,4.2,13.62,0.0,0.0
6.2,0.96,6.21,0.0,0.0
8.9,0.36,5.79,0.0,0.0
8.1,1.08,3.54,0.0,0.0
9.0,0.24,2.87,0.0,0.0
7.9,0.12,1.94,0.0,0.0
7.9,0.48,1.78,0.0,0.0
11.5,8.28,3.05,0.0,0.0
11.7,18.96,5.24,0.0,96.7437
12.0,29.64,4.84,0.0,224.856
12.1,5.4,2.51,0.0,82.0738
10.4,18.24,1.67,0.0,144.687
11.1,7.08,1.75,0.0,133.939
8.3,6.0,1.28,0.0,122.553
10.7,1.44,1.75,0.0,238.917
13.3,4.08,2.97,0.0,266.823
11.2,0.84,1.62,0.0,82.7421
10.9,3.6,1.37,0.0,19.1255
12.2,2.04,1.53,0.0,2.69971
15.2,5.28,2.37,0.0,0.0
12.3,2.16,1.33,0.0,0.0
17.7,4.32,2.56,0.0,0.0
12.1,3.12,1.11,0.0,0.0
14.0,0.96,1.13,0.0,0.0
11.2,0.6,0.78,0.0,0.0
8.9,4.68,0.64,0.0,0.0
8.3,0.6,0.68,0.0,0.0
7.8,0.0,0.58,0.0,0.0
11.0,0.12,0.66,0.0,0.0
11.3,0.0,0.74,0.0,0.0
10.1,2.4,0.57,0.0,0.0
9.6,4.8,0.44,0.0,0.0
14.0,20.64,0.83,0.0,22.0108
12.3,3.6,0.68,0.0,60.2249
13.0,22.92,0.89,0.0,140.173
7.1,10.2,0.79,0.0,260.091
10.0,9.0,1.17,0.0,409.839
12.6,2.28,1.73,0.0,411.319
11.5,0.48,2.23,0.0,508.01
15.7,3.36,4.41,0.0,527.109
10.7,5.28,3.51,0.0,405.021
11.0,0.48,4.04,0.0,326.192
14.3,1.44,4.0,0.0,85.5103
13.2,3.48,2.9,0.0,0.0
13.2,1.32,2.72,0.0,0.0
14.2,4.2,2.88,0.0,0.0
14.7,4.68,3.02,0.0,0.0
9.8,1.56,1.36,0.0,0.0
10.8,0.48,1.34,0.0,0.0
10.8,2.16,1.32,0.0,0.0
7.9,0.48,0.87,0.0,0.0
5.2,1.2,0.6,0.0,0.0
8.6,0.12,0.9,0.0,0.0
7.1,0.24,0.71,0.0,0.0
7.8,4.8,0.61,0.0,0.0
10.4,2.16,0.76,0.0,0.0
13.5,13.44,0.92,0.0,1.86802
14.3,4.56,1.05,0.0,35.8629
8.4,3.84,0.69,0.0,46.2639
10.9,13.44,0.86,0.0,63.2526
13.3,16.68,1.37,0.0,91.3891
11.3,11.4,1.36,0.0,113.796
17.2,2.52,1.92,0.0,95.2974
12.2,3.36,1.05,0.0,66.2799
13.5,2.52,1.25,0.0,53.1953
9.9,1.32,1.06,0.0,89.9746
14.8,0.72,2.05,0.0,94.8567
15.0,3.96,1.63,0.0,0.0
15.4,1.2,1.49,0.0,0.0
16.1,2.64,1.5,0.0,0.0
13.3,3.12,1.17,0.0,0.0
16.2,1.2,1.23,0.0,0.0
17.4,0.12,1.41,0.0,0.0
5.5,0.24,0.37,0.0,0.0
9.3,0.0,0.43,0.0,0.0
8.6,0.12,0.41,0.0,0.0
11.6,0.24,0.51,0.0,0.0
11.0,0.0,0.42,0.0,0.0
12.7,2.16,0.65,0.0,0.0
12.4,2.4,0.48,0.0,0.0
9.5,17.64,0.25,0.0,17.0284
12.3,16.2,0.62,0.0,81.7083
11.0,12.48,0.63,0.0,142.35399999999998
13.5,35.04,0.96,0.0,257.204
11.4,6.12,0.92,0.0,275.832
11.3,0.6,1.02,0.0,250.303
19.1,2.88,2.81,0.0,395.561
10.0,1.08,2.67,0.0,645.69
12.6,0.72,3.3,0.0,421.836
11.8,0.72,2.98,0.0,227.047
11.4,0.84,2.65,0.0,84.3754
12.9,2.88,2.51,0.0,0.0
14.1,2.28,2.79,0.0,0.0
12.8,3.6,2.15,0.0,0.0
12.0,3.6,1.53,0.0,0.0
12.5,2.52,1.32,0.0,0.0
12.0,0.72,1.06,0.0,0.0
8.2,0.48,0.53,0.0,0.0
6.3,0.24,0.36,0.0,0.0
5.9,0.24,0.2,0.0,0.0
9.8,0.12,0.26,0.0,0.0
8.3,0.84,0.21,0.0,0.0
10.4,5.64,0.27,0.0,0.0
9.6,10.92,0.18,0.0,0.0
11.7,13.2,0.91,0.0,107.314
10.4,6.96,1.8,0.0,340.849
11.3,8.4,3.12,0.0,556.682
13.3,6.36,4.46,0.0,705.4060000000001
13.4,1.08,5.44,0.0,733.693
14.6,12.72,7.58,0.0,823.539
10.3,2.4,6.97,0.0,782.4989999999999
9.4,0.48,7.72,0.0,704.383
15.9,3.72,12.76,0.0,557.82
11.8,1.2,9.77,0.0,349.71
21.2,0.96,13.07,0.0,99.7351
16.7,1.44,7.1,0.0,0.0
15.0,1.92,5.51,0.0,0.0
10.4,5.64,2.81,0.0,0.0
14.1,1.56,3.84,0.0,0.0
12.7,1.2,2.87,0.0,0.0
7.4,0.48,1.06,0.0,0.0
5.7,0.6,0.89,0.0,0.0
9.6,0.0,1.01,0.0,0.0
6.4,0.36,0.63,0.0,0.0
6.4,0.36,0.67,0.0,0.0
9.4,0.24,0.66,0.0,0.0
10.4,0.24,0.6,0.0,0.0
11.5,1.92,0.82,0.0,0.0
12.0,3.36,1.05,0.0,69.8291
10.9,13.56,2.0,0.0,300.401
6.9,11.04,2.73,0.0,465.08
15.2,14.16,7.9,0.0,675.289
9.9,8.28,7.4,0.0,742.0039999999999
9.4,3.6,8.92,0.0,763.939
8.9,1.08,10.33,0.0,736.819
15.8,5.04,17.88,0.0,664.743
9.2,1.32,13.75,0.0,527.817
8.3,6.12,9.38,0.0,196.811
13.0,10.2,11.06,0.0,15.1213
14.8,5.52,12.61,0.0,0.0
16.2,1.92,13.29,0.0,0.0
15.6,8.64,11.83,0.0,0.0
12.0,1.68,8.17,0.0,0.0
15.2,0.72,9.99,0.0,0.0
12.0,0.96,6.89,0.0,0.0
9.4,2.76,5.03,0.0,0.0
5.8,0.6,3.0,0.0,0.0
6.2,0.24,3.19,0.0,0.0
8.8,0.24,4.18,0.0,0.0
4.8,0.0,2.18,0.0,0.0
9.0,1.32,4.24,0.0,0.0
8.7,3.24,4.04,0.0,0.0
8.4,3.6,4.6,0.0,81.1052
8.6,12.12,4.17,0.0,103.275
9.4,17.64,4.88,0.0,163.87900000000002
10.8,10.92,6.66,0.0,229.576
7.7,5.28,6.81,0.0,312.607
11.9,5.76,11.06,0.0,352.858
12.7,2.52,12.82,0.0,293.10200000000003
5.3,2.52,6.76,0.0,133.076
11.3,2.52,12.81,0.0,191.903
7.6,7.56,8.1,0.0,71.8994
11.3,2.16,11.23,0.0,12.4985
16.4,2.52,16.7,0.0,0.0
15.4,2.04,14.31,0.0,0.0
9.7,2.4,7.7,0.0,0.0
15.1,1.92,11.95,0.0,0.0
7.7,1.32,5.4,0.0,0.0
5.2,0.96,3.5,0.0,0.0
5.4,0.12,3.54,0.0,0.0
7.9,0.24,5.56,0.0,0.0
7.4,0.12,5.01,0.0,0.0
6.7,0.48,4.33,0.0,0.0
6.0,0.12,4.11,0.0,0.0
10.2,1.2,6.55,0.0,0.0
12.7,2.76,8.9,0.0,0.0
9.4,15.72,7.84,0.0,40.093
12.8,6.6,11.41,0.0,109.378
6.4,15.6,9.11,0.0,239.532
13.4,6.6,21.81,0.0,379.565
6.9,0.84,17.37,0.0,504.974
12.2,4.68,28.56,0.0,432.393
8.1,0.48,24.71,0.0,385.551
11.0,1.08,32.92,0.0,536.477
9.8,0.96,31.96,0.0,414.458
9.3,0.84,27.99,0.0,195.864
12.0,1.32,28.89,0.0,20.0758
15.9,1.92,34.54,0.0,0.0
14.1,1.32,30.15,0.0,0.0
12.5,4.08,26.44,0.0,0.0
14.5,0.96,28.53,0.0,0.0
11.0,1.92,20.4,0.0,0.0
11.8,0.24,20.3,0.0,0.0
6.0,0.36,12.04,0.0,0.0
8.6,0.12,14.46,0.0,0.0
6.3,0.48,10.43,0.0,0.0
7.3,0.12,11.05,0.0,0.0
8.2,0.48,11.53,0.0,0.0
9.2,4.56,12.12,0.0,0.0
12.0,17.16,18.33,0.0,0.0
9.5,15.96,21.82,0.0,101.721
14.8,10.44,32.48,0.0,302.03
11.8,10.8,26.79,0.0,281.01
11.0,5.4,29.36,0.0,378.163
11.8,3.0,35.39,0.0,594.456
9.1,9.12,33.89,0.0,743.623
10.5,2.04,38.1,0.0,725.675
8.5,0.72,36.7,0.0,569.561
6.9,6.0,33.7,0.0,426.025
6.5,2.4,32.51,0.0,316.0
7.6,5.52,29.77,0.0,90.1479
14.8,1.32,35.65,0.0,0.0
14.4,1.2,32.2,0.0,0.0
13.3,3.0,28.87,0.0,0.0
10.4,2.76,23.33,0.0,0.0
11.9,0.72,23.82,0.0,0.0
9.5,2.04,19.53,0.0,0.0
9.1,0.36,17.87,0.0,0.0
7.4,0.48,13.9,0.0,0.0
8.2,0.36,14.24,0.0,0.0
8.6,0.36,14.09,0.0,0.0
8.6,0.36,13.27,0.0,0.0
7.8,4.92,12.14,0.0,0.0
9.2,11.76,16.86,0.0,0.0
9.2,15.72,25.22,0.0,104.199
11.1,13.44,31.76,0.0,302.994
7.3,3.6,28.66,0.0,484.525
8.4,3.96,32.49,0.0,625.851
10.2,8.16,36.62,0.0,613.268
8.9,4.92,36.01,0.0,747.1089999999999
15.5,0.6,45.47,0.0,483.002
12.4,0.72,45.24,0.0,640.254
7.7,3.6,38.39,0.0,425.775
6.9,2.76,35.25,0.0,230.576
13.5,1.56,41.22,0.0,88.965
14.9,3.6,39.29,0.0,0.0
8.3,3.0,28.11,0.0,0.0
12.4,10.08,31.96,0.0,0.0
8.2,3.36,23.65,0.0,0.0
11.3,0.6,26.68,0.0,0.0
10.4,0.6,23.06,0.0,0.0
6.1,0.36,15.54,0.0,0.0
7.8,0.36,17.54,0.0,0.0
10.6,0.12,21.22,0.0,0.0
9.1,0.0,18.36,0.0,0.0
7.0,0.12,13.71,0.0,0.0
11.6,1.44,10.87,0.0,0.0
15.4,6.24,7.1,0.0,0.0
13.1,15.12,3.28,0.0,7.13478
9.8,20.16,1.41,0.0,51.6196
10.6,4.8,1.34,0.0,71.755
7.7,4.32,0.97,0.0,132.821
6.8,1.92,0.8,0.0,195.072
14.2,15.72,1.59,0.0,179.972
12.3,0.96,0.96,0.0,161.376
12.5,1.92,0.66,0.0,114.01
9.2,0.6,0.37,0.0,74.279
10.6,1.08,0.33,0.0,45.2062
13.7,0.48,0.46,0.0,11.6765
14.4,1.56,0.6,0.0,0.0
13.3,1.56,0.44,0.0,0.0
9.5,3.6,0.14,0.0,0.0
6.3,0.84,0.01,0.0,0.0
10.3,0.36,0.03,0.0,0.0
7.4,0.72,0.0,0.0,0.0
4.7,0.72,0.0,0.0,0.0
6.3,0.36,0.0,0.0,0.0
9.5,0.72,0.0,0.0,0.0
7.2,0.24,0.0,0.0,0.0
10.0,0.24,0.0,0.0,0.0
8.3,6.6,0.0,0.0,0.0
9.8,5.16,0.0,0.0,0.0
13.3,13.92,0.17,0.0,132.153
12.5,9.6,1.05,0.0,373.554
9.0,14.04,1.06,0.0,570.256
11.8,15.36,1.63,0.0,603.979
13.4,4.8,2.48,0.0,689.065
12.0,2.4,3.08,0.0,693.549
13.3,1.44,4.9,0.0,685.4060000000001
7.4,3.0,3.66,0.0,586.003
17.6,2.64,9.11,0.0,431.263
8.3,3.48,5.77,0.0,369.789
8.5,1.2,4.12,0.0,114.935
14.1,1.44,4.89,0.0,0.0
12.4,1.68,3.78,0.0,0.0
14.8,0.72,4.57,0.0,0.0
10.3,4.08,2.41,0.0,0.0
12.5,0.24,2.7,0.0,0.0
7.1,0.84,1.12,0.0,0.0
9.0,0.24,1.1,0.0,0.0
6.2,0.84,0.74,0.0,0.0
7.8,0.6,0.8,0.0,0.0
8.9,0.24,0.69,0.0,0.0
5.7,0.12,0.44,0.0,0.0
4.6,2.52,0.34,0.0,0.0
9.3,11.28,0.7,0.0,0.0
10.6,12.48,2.33,0.0,129.785
11.4,5.16,4.26,0.0,362.261
9.3,11.52,4.47,0.0,566.2230000000001
6.5,13.68,4.23,0.0,705.7669999999999
11.5,3.6,7.49,0.0,772.039
10.3,2.16,8.39,0.0,809.316
10.3,1.68,10.37,0.0,750.6419999999999
10.0,5.64,13.43,0.0,685.8389999999999
11.2,6.36,17.14,0.0,552.5219999999999
8.9,6.72,15.51,0.0,346.737
10.4,1.2,13.16,0.0,107.724
12.1,4.44,11.39,0.0,0.0
15.1,2.4,12.98,0.0,0.0
14.8,4.44,11.08,0.0,0.0
10.4,0.48,6.24,0.0,0.0
10.2,0.48,5.03,0.0,0.0
10.9,0.36,4.64,0.0,0.0
5.4,4.2,1.97,0.0,0.0
8.2,0.24,2.11,0.0,0.0
11.4,0.48,2.45,0.0,0.0
6.4,0.0,1.19,0.0,0.0
6.9,0.12,1.16,0.0,0.0
6.8,1.32,1.08,0.0,0.0
8.5,3.12,1.53,0.0,0.0
9.2,4.2,2.36,0.0,75.5228
9.2,14.52,5.38,0.0,308.002
8.8,24.12,7.84,0.0,519.539
8.8,9.72,8.27,0.0,577.486
8.3,11.04,9.14,0.0,710.835
12.8,6.36,13.83,0.0,677.07
11.0,2.76,15.93,0.0,693.039
16.6,0.96,26.26,0.0,647.3240000000001
11.6,6.0,22.02,0.0,378.809
7.1,2.04,18.61,0.0,297.039
10.2,5.04,19.74,0.0,99.1265
14.7,2.52,22.02,0.0,0.0
13.6,3.48,19.39,0.0,0.0
10.9,2.16,14.93,0.0,0.0
17.9,3.96,21.91,0.0,0.0
9.0,0.48,10.37,0.0,0.0
7.1,0.96,7.71,0.0,0.0
8.3,0.0,8.03,0.0,0.0
6.4,0.0,6.33,0.0,0.0
7.7,0.36,7.39,0.0,0.0
8.2,1.32,7.56,0.0,0.0
8.0,2.04,6.49,0.0,0.0
5.8,2.64,4.69,0.0,0.0
10.5,2.88,7.74,0.0,0.0
9.1,23.52,5.79,0.0,33.9288
10.8,19.44,7.44,0.0,38.8121
9.0,11.52,7.01,0.0,132.70600000000002
12.6,3.72,10.4,0.0,137.295
9.8,2.52,9.34,0.0,228.696
9.8,4.68,12.42,0.0,412.827
8.8,1.08,14.71,0.0,436.897
12.3,1.2,17.36,0.0,138.107
6.4,2.16,10.74,0.0,165.938
10.4,1.92,16.48,0.0,25.2294
15.5,1.44,23.97,0.0,0.0
13.3,2.76,19.56,0.0,0.0
14.1,5.16,20.0,0.0,0.0
11.1,4.2,15.29,0.0,0.0
10.2,0.72,13.23,0.0,0.0
10.8,0.48,13.38,0.0,0.0
5.3,0.6,7.78,0.0,0.0
7.8,0.48,10.53,0.0,0.0
11.5,0.12,14.07,0.0,0.0
9.7,0.24,10.75,0.0,0.0
6.3,0.12,7.65,0.0,0.0
8.3,0.24,10.21,0.0,0.0
8.1,0.84,10.07,0.0,0.0
8.5,12.24,9.99,0.0,0.0
9.6,9.36,11.36,0.0,11.3744
13.8,5.16,23.97,0.0,230.444
5.6,10.2,13.39,0.0,266.079
8.4,2.4,14.4,0.0,177.27200000000002
9.3,3.48,13.26,0.0,81.2948
9.5,7.2,13.89,0.0,89.4756
12.4,0.72,19.22,0.0,150.056
10.2,0.6,16.64,0.0,152.204
11.2,5.28,18.69,0.0,111.174
12.7,0.48,20.78,0.0,65.9297
9.5,0.84,15.74,0.0,0.0
12.1,1.68,18.77,0.0,0.0
8.9,5.04,13.28,0.0,0.0
9.3,2.88,13.45,0.0,0.0
9.5,0.96,13.18,0.0,0.0
8.6,1.44,11.32,0.0,0.0
5.4,2.4,7.69,0.0,0.0
6.1,0.24,7.39,0.0,0.0
6.1,0.48,6.28,0.0,0.0
6.8,0.48,6.37,0.0,0.0
7.1,2.28,6.78,0.0,0.0
8.6,0.12,7.73,0.0,0.0
6.7,1.56,5.83,0.0,0.0
10.0,9.48,9.07,0.0,0.0
11.5,21.36,10.08,0.0,52.1829
12.4,20.52,11.95,0.0,172.06799999999998
11.3,5.16,11.48,0.0,159.36700000000002
9.3,4.44,10.33,0.0,178.642
11.3,5.16,14.22,0.0,215.613
9.3,3.72,13.66,0.0,262.927
8.9,0.36,14.41,0.0,216.449
6.6,0.48,12.18,0.0,175.77200000000002
6.3,0.24,12.53,0.0,127.435
10.3,0.36,18.9,0.0,59.3711
13.9,2.76,23.99,0.0,16.2622
13.1,3.6,21.32,0.0,0.0
12.2,1.08,18.98,0.0,0.0
12.5,6.72,19.09,0.0,0.0
10.4,1.92,14.97,0.0,0.0
8.9,0.48,11.69,0.0,0.0
6.0,0.6,8.69,0.0,0.0
7.4,0.0,10.18,0.0,0.0
10.2,0.0,12.79,0.0,0.0
5.9,0.12,8.48,0.0,0.0
7.9,0.0,10.45,0.0,0.0
8.2,0.36,10.92,0.0,0.0
8.2,2.28,10.99,0.0,0.0
9.4,11.04,11.98,0.0,0.0
13.1,11.04,16.0,0.0,46.2441
12.0,23.28,14.98,0.0,90.9708
8.7,0.72,11.47,0.0,122.444
10.0,14.64,13.43,0.0,128.664
9.0,2.52,12.71,0.0,140.884
11.9,6.12,18.93,0.0,202.027
9.8,0.96,17.78,0.0,159.025
7.9,3.24,16.88,0.0,162.648
6.3,4.2,15.22,0.0,147.632
11.0,4.2,21.11,0.0,35.7388
13.5,4.68,24.38,0.0,0.0
15.7,1.08,26.46,0.0,0.0
13.8,1.2,23.08,0.0,0.0
8.8,5.64,15.99,0.0,0.0
11.8,3.12,18.74,0.0,0.0
9.2,1.08,14.31,0.0,0.0
7.1,0.48,11.03,0.0,0.0
7.0,3.24,11.02,0.0,0.0
9.1,0.36,13.06,0.0,0.0
7.5,0.12,10.69,0.0,0.0
7.1,0.6,9.72,0.0,0.0
8.8,0.36,11.15,0.0,0.0
10.6,1.92,12.83,0.0,0.0
8.9,4.92,10.8,0.0,0.0
12.4,12.36,14.21,0.0,20.517
15.0,6.24,18.35,0.0,63.2384
8.3,11.4,10.99,0.0,142.497
10.1,23.52,17.6,0.0,275.695
10.5,2.76,21.79,0.0,386.092
11.7,3.6,25.39,0.0,372.821
12.9,2.64,30.59,0.0,487.339
11.6,2.4,33.46,0.0,581.439
7.3,2.52,29.11,0.0,450.421
12.1,1.08,36.83,0.0,327.934
15.5,2.52,36.13,0.0,101.609
15.0,1.08,29.26,0.0,0.0
14.6,3.24,26.49,0.0,0.0
11.5,1.2,19.92,0.0,0.0
8.5,0.72,14.17,0.0,0.0
11.2,0.6,15.06,0.0,0.0
6.2,2.04,8.02,0.0,0.0
6.3,0.6,7.77,0.0,0.0
4.3,0.48,5.53,0.0,0.0
11.3,0.48,10.65,0.0,0.0
6.6,2.28,6.12,0.0,0.0
9.4,0.0,7.49,0.0,0.0
10.5,3.72,7.56,0.0,0.0
9.8,3.96,7.4,0.0,0.0
10.0,9.6,6.65,0.0,12.4376
11.7,6.6,8.15,0.0,69.0923
12.1,19.92,10.12,0.0,159.148
9.6,11.4,10.34,0.0,310.371
13.5,2.28,16.98,0.0,381.555
12.7,3.24,19.41,0.0,500.79
10.2,6.0,19.9,0.0,532.43
11.7,5.76,25.01,0.0,444.257
6.8,3.48,22.68,0.0,455.207
15.0,13.32,34.11,0.0,302.219
13.6,1.32,29.13,0.0,82.8611
13.8,1.68,24.97,0.0,0.0
13.0,1.56,22.21,0.0,0.0
9.0,1.68,16.54,0.0,0.0
9.2,2.88,15.25,0.0,0.0
8.9,1.2,13.22,0.0,0.0
5.6,0.6,8.67,0.0,0.0
7.4,1.32,9.59,0.0,0.0
6.2,0.84,7.62,0.0,0.0
5.2,0.6,6.37,0.0,0.0
9.6,0.24,9.93,0.0,0.0
9.8,0.12,9.4,0.0,0.0
10.8,1.32,10.0,0.0,0.0
9.9,2.16,8.99,0.0,0.0
8.4,5.16,7.12,0.0,26.4745
8.9,15.72,8.58,0.0,86.4749
7.0,15.48,7.98,0.0,99.5378
10.6,3.12,14.94,0.0,251.001
10.6,9.6,22.01,0.0,667.172
11.7,7.32,26.34,0.0,725.9639999999999
9.9,3.12,26.77,0.0,653.32
13.9,2.28,33.52,0.0,478.987
9.4,5.64,27.58,0.0,326.462
12.5,6.36,31.58,0.0,188.308
12.0,6.84,29.26,0.0,57.5715
12.2,4.92,25.96,0.0,0.0
10.3,2.28,21.71,0.0,0.0
10.2,3.24,19.82,0.0,0.0
8.5,1.8,15.63,0.0,0.0
5.2,1.08,10.51,0.0,0.0
3.8,0.12,8.06,0.0,0.0
10.3,0.24,13.13,0.0,0.0
6.3,0.84,7.91,0.0,0.0
8.3,1.2,8.67,0.0,0.0
6.3,0.24,6.28,0.0,0.0
9.4,0.24,8.39,0.0,0.0
13.7,3.36,11.39,0.0,0.0
13.0,7.8,12.03,0.0,0.0
12.1,17.64,15.34,0.0,115.078
8.4,10.56,16.73,0.0,278.987
9.8,9.72,24.32,0.0,487.383
15.1,3.72,33.81,0.0,623.73
11.9,4.2,30.93,0.0,672.73
9.2,3.24,29.76,0.0,722.823
11.0,1.44,35.65,0.0,675.008
16.5,1.32,46.73,0.0,574.145
12.1,0.72,43.5,0.0,486.291
11.5,0.72,43.51,0.0,298.518
11.2,0.84,39.17,0.0,99.6814
15.1,3.36,38.14,0.0,0.0
14.0,3.24,34.27,0.0,0.0
16.0,2.76,34.6,0.0,0.0
10.7,1.2,25.18,0.0,0.0
9.6,0.36,21.42,0.0,0.0
8.5,0.36,17.99,0.0,0.0
7.2,0.48,15.26,0.0,0.0
9.7,0.12,16.43,0.0,0.0
7.1,0.48,11.13,0.0,0.0
7.7,0.0,10.3,0.0,0.0
6.3,0.36,7.89,0.0,0.0
13.5,1.56,14.85,0.0,0.0
7.6,8.52,11.33,0.0,0.0
10.3,10.8,20.55,0.0,132.421
10.5,7.32,26.25,0.0,327.39
10.3,10.8,30.07,0.0,498.728
7.8,2.16,28.14,0.0,617.123
11.2,5.52,34.58,0.0,690.15
10.0,7.44,35.99,0.0,704.8910000000001
11.2,4.68,41.44,0.0,667.0269999999999
8.3,3.12,41.14,0.0,524.425
11.5,4.8,46.49,0.0,416.602
9.2,2.52,41.97,0.0,236.703
16.9,4.68,48.62,0.0,87.0775
14.6,2.76,39.99,0.0,0.0
12.2,2.16,34.59,0.0,0.0
10.6,1.2,31.04,0.0,0.0
8.7,1.8,26.88,0.0,0.0
7.0,1.92,22.63,0.0,0.0
6.4,0.36,20.11,0.0,0.0
8.9,0.6,22.15,0.0,0.0
6.4,0.0,16.9,0.0,0.0
9.3,0.12,20.17,0.0,0.0
7.4,0.36,16.48,0.0,0.0
9.4,0.36,17.85,0.0,0.0
9.4,1.8,17.39,0.0,0.0
12.2,9.24,22.96,0.0,0.0
10.5,17.52,24.84,0.0,126.367
10.8,14.4,29.6,0.0,279.087
11.3,7.44,33.94,0.0,396.401
12.6,8.52,37.54,0.0,533.6569999999999
10.1,11.16,34.02,0.0,475.34
11.3,1.8,34.28,0.0,321.999
13.0,0.6,38.3,0.0,403.622
12.7,1.32,36.06,0.0,222.219
11.1,1.2,33.98,0.0,180.211
12.3,0.48,39.11,0.0,215.92
15.9,4.2,42.37,0.0,66.4291
14.0,1.32,35.55,0.0,0.0
12.5,2.88,31.88,0.0,0.0
12.3,5.52,30.54,0.0,0.0
7.3,1.56,21.99,0.0,0.0
10.5,1.44,25.36,0.0,0.0
7.3,0.6,18.46,0.0,0.0
8.3,1.2,18.23,0.0,0.0
8.0,0.24,16.8,0.0,0.0
13.1,2.76,23.13,0.0,0.0
7.9,3.6,14.13,0.0,0.0
7.2,0.24,12.3,0.0,0.0
11.0,1.44,16.98,0.0,0.0
12.6,8.64,23.0,0.0,0.0
8.8,13.32,23.99,0.0,134.981
9.8,27.0,30.06,0.0,330.726
6.1,1.32,27.42,0.0,502.727
11.8,12.24,36.48,0.0,627.562
11.5,0.6,36.35,0.0,696.6189999999999
9.8,9.6,35.53,0.0,715.5310000000001
9.3,0.72,37.7,0.0,692.0189999999999
10.5,3.12,41.0,0.0,530.298
10.9,0.36,40.88,0.0,344.833
9.8,6.96,40.05,0.0,260.577
10.7,1.08,37.3,0.0,104.72
12.9,2.52,35.31,0.0,0.0
9.8,1.56,28.79,0.0,0.0
13.9,2.04,32.83,0.0,0.0
11.9,3.12,27.65,0.0,0.0
9.5,1.2,22.25,0.0,0.0
5.4,0.6,15.32,0.0,0.0
7.5,0.24,17.37,0.0,0.0
7.1,0.24,14.49,0.0,0.0
9.0,0.12,16.2,0.0,0.0
7.1,0.24,12.89,0.0,0.0
11.3,0.24,18.07,0.0,0.0
9.4,8.28,14.09,0.0,0.0
8.6,4.56,16.84,0.0,0.0
13.7,4.8,28.97,0.0,114.43
11.5,6.6,32.22,0.0,332.455
8.2,5.88,29.71,0.0,504.551
9.2,22.56,32.42,0.0,623.073
9.7,2.16,34.03,0.0,708.5010000000001
11.5,2.64,39.27,0.0,725.4689999999999
11.8,0.36,42.55,0.0,678.9630000000001
15.9,0.72,51.37,0.0,601.79
9.3,2.4,44.77,0.0,484.535
12.3,0.84,48.89,0.0,310.495
14.6,2.16,47.58,0.0,101.012
11.3,0.6,36.41,0.0,0.0
12.1,0.72,35.73,0.0,0.0
10.8,0.84,32.23,0.0,0.0
10.3,1.92,29.53,0.0,0.0
7.7,0.48,24.19,0.0,0.0
6.4,0.48,20.15,0.0,0.0
3.7,0.6,14.32,0.0,0.0
6.0,0.12,15.8,0.0,0.0
12.4,0.48,23.98,0.0,0.0
5.7,0.48,13.11,0.0,0.0
9.1,0.12,16.9,0.0,0.0
8.4,2.16,15.47,0.0,0.0
12.4,8.88,23.11,0.0,0.0
11.2,19.32,23.99,0.0,124.962
8.9,7.2,27.18,0.0,301.761
8.0,15.96,30.92,0.0,497.365
7.9,14.88,31.83,0.0,551.244
11.8,3.6,38.3,0.0,629.403
10.4,1.8,37.41,0.0,578.243
11.2,5.16,39.03,0.0,453.565
8.6,4.8,36.9,0.0,409.84
6.8,5.64,35.55,0.0,360.066
12.3,6.12,41.73,0.0,180.146
11.9,3.36,37.68,0.0,20.5683
14.6,5.4,38.63,0.0,0.0
14.2,1.8,36.38,0.0,0.0
12.2,1.2,32.5,0.0,0.0
11.3,1.56,29.37,0.0,0.0
12.9,0.48,29.82,0.0,0.0
8.6,1.2,20.25,0.0,0.0
6.6,1.44,15.1,0.0,0.0
5.3,1.32,12.29,0.0,0.0
6.7,0.6,13.03,0.0,0.0
6.7,0.0,12.22,0.0,0.0
7.1,0.0,12.31,0.0,0.0
9.3,2.04,14.92,0.0,0.0
9.1,1.68,14.58,0.0,0.0
13.3,6.48,20.2,0.0,54.4493
11.7,12.96,22.28,0.0,217.047
12.0,13.8,28.87,0.0,393.32
7.1,12.48,24.47,0.0,390.037
10.4,5.52,33.22,0.0,488.109
13.5,4.56,38.67,0.0,733.4830000000001
12.6,3.48,38.38,0.0,511.991
9.1,0.6,34.5,0.0,437.448
9.1,2.04,35.94,0.0,341.99300000000005
10.0,3.12,39.98,0.0,326.065
15.8,6.6,43.78,0.0,108.448
12.5,2.4,32.34,0.0,0.0
12.6,1.8,29.59,0.0,0.0
16.8,0.96,33.95,0.0,0.0
11.3,1.68,25.13,0.0,0.0
7.0,1.2,17.31,0.0,0.0
13.7,1.56,23.54,0.0,0.0
6.3,0.12,10.8,0.0,0.0
8.1,0.24,10.7,0.0,0.0
6.0,0.12,7.48,0.0,0.0
6.5,0.36,7.12,0.0,0.0
11.7,0.24,10.2,0.0,0.0
9.2,1.08,7.3,0.0,0.0
15.2,8.4,14.55,0.0,0.0
13.7,21.6,14.14,0.0,130.268
11.6,5.28,11.77,0.0,213.571
7.3,7.68,9.47,0.0,316.118
11.3,2.76,12.94,0.0,238.56
13.1,2.64,16.47,0.0,266.058
11.8,2.4,17.0,0.0,341.686
16.4,3.36,23.57,0.0,313.842
9.9,0.96,14.79,0.0,181.704
9.2,0.84,14.18,0.0,134.898
10.4,1.44,16.62,0.0,90.8067
13.0,0.84,21.45,0.0,79.0453
17.9,1.8,24.39,0.0,0.0
18.8,0.84,24.36,0.0,0.0
13.1,4.68,16.66,0.0,0.0
14.4,3.72,17.6,0.0,0.0
8.3,1.44,10.07,0.0,0.0
6.7,0.48,8.46,0.0,0.0
9.2,0.36,10.06,0.0,0.0
5.7,0.0,6.65,0.0,0.0
9.5,5.28,9.67,0.0,0.0
7.4,0.72,7.7,0.0,0.0
8.3,0.48,8.24,0.0,0.0
9.8,0.96,9.52,0.0,0.0
8.2,5.28,8.39,0.0,0.0
10.1,14.4,10.23,0.0,79.7456
8.5,10.68,10.96,0.0,188.728
8.1,10.44,13.88,0.0,312.073
6.2,2.16,14.34,0.0,455.878
10.5,2.16,19.9,0.0,339.548
12.3,4.32,22.1,0.0,239.507
10.4,0.72,19.96,0.0,190.628
8.1,0.72,17.57,0.0,155.861
7.8,3.48,18.08,0.0,122.912
10.6,0.6,23.73,0.0,66.911
12.2,2.88,27.57,0.0,77.5339
12.5,1.32,23.91,0.0,0.0
16.8,0.6,28.62,0.0,0.0
10.0,0.84,17.89,0.0,0.0
10.3,1.2,16.67,0.0,0.0
6.8,0.48,11.22,0.0,0.0
7.6,0.72,10.86,0.0,0.0
8.7,0.24,10.37,0.0,0.0
8.3,0.48,8.51,0.0,0.0
6.4,0.12,6.09,0.0,0.0
4.9,0.12,4.47,0.0,0.0
7.5,0.0,5.83,0.0,0.0
12.7,6.24,9.61,0.0,0.0
13.9,5.88,15.31,0.0,0.0
10.5,18.84,18.05,0.0,157.558
6.7,12.48,17.43,0.0,361.568
6.4,5.04,17.26,0.0,488.223
13.2,8.64,27.0,0.0,428.598
11.1,6.72,27.2,0.0,609.2819999999999
12.0,3.0,30.91,0.0,632.61
11.7,0.96,32.55,0.0,580.759
11.1,0.36,33.57,0.0,502.324
8.9,2.88,31.12,0.0,366.871
9.1,0.96,31.8,0.0,260.298
12.2,0.6,32.1,0.0,71.8422
11.2,7.56,26.7,0.0,0.0
12.0,1.92,25.64,0.0,0.0
13.5,7.08,25.85,0.0,0.0
12.2,1.32,22.02,0.0,0.0
7.5,1.68,14.4,0.0,0.0
9.2,1.08,15.36,0.0,0.0
11.5,0.24,17.52,0.0,0.0
7.1,0.48,11.17,0.0,0.0
10.0,2.76,14.74,0.0,0.0
10.5,0.36,15.11,0.0,0.0
8.6,0.84,12.51,0.0,0.0
11.9,0.24,16.29,0.0,0.0
16.1,8.64,22.57,0.0,0.0
8.7,14.28,11.37,0.0,20.3911
9.1,27.36,11.87,0.0,32.5297
11.6,3.12,16.37,0.0,59.3029
9.5,7.32,13.83,0.0,102.831
12.8,1.08,17.11,0.0,91.4342
12.8,5.28,15.17,0.0,91.0318
9.6,1.44,10.24,0.0,81.2014
15.7,1.92,19.1,0.0,142.80700000000002
9.3,0.36,10.41,0.0,63.5602
12.2,1.08,14.94,0.0,75.0573
13.9,0.96,18.11,0.0,37.5488
10.6,2.4,12.42,0.0,0.0
14.6,1.2,16.59,0.0,0.0
10.2,0.84,10.99,0.0,0.0
7.6,0.96,8.43,0.0,0.0
8.4,1.32,8.79,0.0,0.0
12.9,0.0,11.37,0.0,0.0
11.4,0.72,8.03,0.0,0.0
5.5,0.84,3.0,0.0,0.0
9.3,0.12,4.09,0.0,0.0
8.9,0.24,3.28,0.0,0.0
9.9,0.48,3.43,0.0,0.0
10.0,6.12,3.16,0.0,0.0
12.0,5.28,5.96,0.0,0.0
10.5,13.08,7.84,0.0,179.21900000000002
12.0,6.96,10.6,0.0,405.98
8.4,6.84,8.9,0.0,599.636
9.3,17.88,9.21,0.0,731.7339999999999
8.7,3.6,9.23,0.0,803.02
11.9,0.96,12.54,0.0,831.7919999999999
9.7,1.68,13.99,0.0,786.2189999999999
10.8,0.84,19.79,0.0,683.7560000000001
9.4,3.48,21.11,0.0,548.2330000000001
8.8,1.8,21.3,0.0,350.784
10.9,3.48,20.45,0.0,122.098
14.5,8.64,19.04,0.0,0.0
12.4,4.2,15.55,0.0,0.0
16.2,4.92,18.38,0.0,0.0
12.3,7.08,12.95,0.0,0.0
13.5,0.96,12.23,0.0,0.0
7.1,0.72,5.39,0.0,0.0
4.7,0.84,3.3,0.0,0.0
8.4,0.24,4.28,0.0,0.0
5.1,0.36,2.17,0.0,0.0
7.6,0.12,2.59,0.0,0.0
4.4,0.0,1.46,0.0,0.0
13.1,4.44,3.56,0.0,0.0
12.7,2.64,5.5,0.0,39.4235
8.4,13.44,6.18,0.0,172.885
9.7,8.88,8.99,0.0,385.705
10.6,9.0,10.98,0.0,564.715
9.6,11.76,10.34,0.0,685.819
11.4,4.44,11.82,0.0,701.0369999999999
9.0,9.0,12.3,0.0,758.836
11.5,1.56,18.24,0.0,721.311
9.8,2.88,20.82,0.0,659.3989999999999
13.1,3.72,27.39,0.0,528.067
12.2,8.76,26.83,0.0,346.867
10.9,3.6,22.62,0.0,120.506
14.8,3.36,21.59,0.0,0.0263303
13.8,3.6,17.93,0.0,0.0
12.9,3.12,15.05,0.0,0.0
10.5,1.8,10.85,0.0,0.0
7.8,0.72,7.15,0.0,0.0
5.3,0.6,4.57,0.0,0.0
9.4,1.56,6.82,0.0,0.0
8.8,1.32,5.41,0.0,0.0
6.9,0.24,3.93,0.0,0.0
6.2,0.36,3.71,0.0,0.0
5.5,0.0,3.11,0.0,0.0
12.2,0.84,6.19,0.0,0.0
8.5,0.72,6.94,0.0,39.34
7.4,4.32,9.91,0.0,169.236
7.1,18.84,12.76,0.0,378.831
6.2,11.28,13.92,0.0,554.586
7.8,6.6,15.89,0.0,680.1060000000001
9.6,5.4,19.91,0.0,742.796
8.1,2.64,21.11,0.0,761.127
11.3,4.68,29.25,0.0,740.577
8.3,1.92,29.59,0.0,669.613
13.6,4.92,38.53,0.0,528.648
13.3,2.88,38.54,0.0,333.57800000000003
18.7,4.32,42.34,0.0,115.363
15.7,1.68,32.11,0.0,0.0
12.1,2.16,25.29,0.0,0.0
13.8,2.04,26.23,0.0,0.0
9.6,2.4,18.72,0.0,0.0
14.0,0.96,22.98,0.0,0.0
9.3,0.72,15.03,0.0,0.0
5.5,0.36,9.01,0.0,0.0
7.0,0.12,9.47,0.0,0.0
14.8,0.12,17.68,0.0,0.0
8.7,0.36,9.28,0.0,0.0
13.7,0.6,13.44,0.0,0.0
10.8,0.96,10.12,0.0,0.0
13.4,10.92,18.13,0.0,39.018
8.7,16.2,18.53,0.0,162.387
11.3,16.92,25.55,0.0,361.482
13.1,12.84,28.93,0.0,355.319
11.7,7.2,29.61,0.0,445.291
13.7,1.32,33.85,0.0,731.784
10.4,2.4,30.9,0.0,677.564
10.7,0.36,34.8,0.0,662.9689999999999
11.5,2.76,39.26,0.0,584.7819999999999
7.4,1.2,36.43,0.0,507.611
14.0,3.6,45.09,0.0,326.16200000000003
13.6,2.16,40.66,0.0,115.075
14.8,2.64,35.63,0.0,0.63565
12.9,1.08,31.02,0.0,0.0
14.3,8.76,30.44,0.0,0.0
10.3,2.4,22.95,0.0,0.0
11.8,0.48,22.85,0.0,0.0
4.3,0.36,11.37,0.0,0.0
6.5,0.84,12.42,0.0,0.0
7.8,0.12,11.8,0.0,0.0
6.1,0.12,8.52,0.0,0.0
10.0,2.04,11.59,0.0,0.0
8.1,1.32,9.18,0.0,0.0
10.5,1.56,10.7,0.0,0.0
10.5,9.0,14.35,0.0,40.6504
10.9,16.08,18.83,0.0,155.28
8.9,6.24,22.52,0.0,367.348
6.6,14.16,22.66,0.0,478.732
7.1,4.2,26.08,0.0,667.2189999999999
9.4,1.08,30.61,0.0,727.635
11.0,7.2,34.11,0.0,747.8489999999999
9.4,9.96,35.22,0.0,742.821
10.6,3.6,38.49,0.0,488.448
7.7,5.4,36.72,0.0,487.406
8.9,3.48,38.91,0.0,330.675
15.2,2.16,43.02,0.0,115.324
13.5,1.92,33.75,0.0,0.644228
12.7,1.92,30.1,0.0,0.0
13.1,3.84,28.59,0.0,0.0
9.1,1.08,20.91,0.0,0.0
7.6,0.6,17.19,0.0,0.0
6.1,0.48,13.94,0.0,0.0
6.3,0.6,12.95,0.0,0.0
6.4,0.36,11.15,0.0,0.0
5.2,0.12,8.75,0.0,0.0
6.9,0.24,9.97,0.0,0.0
6.1,2.52,8.54,0.0,0.0
10.4,11.4,12.93,0.0,0.0
15.4,16.92,24.43,0.0,42.0392
11.3,12.84,25.32,0.0,168.43400000000003
7.7,12.0,24.7,0.0,360.663
10.2,15.96,30.32,0.0,535.7180000000001
9.9,3.0,29.22,0.0,661.08
10.0,0.96,30.09,0.0,696.7360000000001
9.9,1.08,32.28,0.0,577.964
12.7,7.08,37.89,0.0,475.38
12.2,4.68,37.95,0.0,384.198
9.8,1.68,33.5,0.0,231.509
15.1,1.8,40.79,0.0,173.153
11.9,5.64,34.06,0.0,32.6659
13.4,2.76,33.46,0.0,0.0
13.5,7.8,31.81,0.0,0.0
11.4,2.76,27.87,0.0,0.0
8.4,1.32,22.19,0.0,0.0
6.5,1.08,18.36,0.0,0.0
9.0,0.24,20.77,0.0,0.0
7.0,0.0,16.14,0.0,0.0
5.0,0.36,12.62,0.0,0.0
4.7,0.12,11.88,0.0,0.0
8.8,0.36,17.16,0.0,0.0
9.8,1.2,17.98,0.0,0.0
8.6,2.76,16.47,0.0,0.0
11.6,16.92,22.65,0.0,29.7771
9.8,20.4,25.11,0.0,144.702
11.9,10.68,36.26,0.0,368.522
7.3,9.24,31.91,0.0,548.023
10.0,5.28,36.2,0.0,671.041
12.5,1.32,39.89,0.0,746.6610000000001
11.7,0.72,39.24,0.0,768.6389999999999
12.4,1.32,43.1,0.0,740.745
11.0,1.08,44.83,0.0,654.696
8.4,0.6,42.75,0.0,518.239
9.7,0.24,44.42,0.0,328.65
15.2,1.08,47.47,0.0,115.934
14.9,3.48,39.7,0.0,1.41011
11.6,1.32,32.55,0.0,0.0
11.2,6.24,30.27,0.0,0.0
14.9,2.52,33.42,0.0,0.0
5.6,1.92,18.02,0.0,0.0
5.9,0.48,16.9,0.0,0.0
4.6,5.04,14.06,0.0,0.0
7.0,0.12,17.04,0.0,0.0
6.4,0.48,14.95,0.0,0.0
7.0,1.32,15.03,0.0,0.0
9.1,3.36,17.56,0.0,0.0
10.0,14.88,18.42,0.0,0.0
11.6,8.04,26.63,0.0,45.3463
10.7,5.28,30.49,0.0,172.558
9.0,4.2,31.8,0.0,367.59
10.4,14.64,37.12,0.0,534.156
8.7,8.88,35.42,0.0,666.727
10.6,6.48,38.94,0.0,744.7739999999999
11.9,1.8,41.93,0.0,767.382
11.6,0.96,44.11,0.0,737.336
9.4,6.24,42.23,0.0,550.836
11.4,9.96,45.19,0.0,420.717
14.1,2.16,49.81,0.0,317.664
15.2,1.8,47.96,0.0,113.274
15.4,3.36,41.57,0.0,1.34798
12.2,5.4,34.32,0.0,0.0
12.4,4.08,31.99,0.0,0.0
12.3,1.08,29.51,0.0,0.0
6.3,0.36,19.38,0.0,0.0
7.6,0.24,19.75,0.0,0.0
7.9,3.96,19.25,0.0,0.0
7.2,7.2,16.96,0.0,0.0
7.1,1.92,16.04,0.0,0.0
6.7,0.36,14.79,0.0,0.0
7.2,0.48,15.37,0.0,0.0
7.9,8.4,13.14,0.0,0.0
7.2,10.8,9.16,0.0,9.45706
10.5,5.16,9.14,0.0,21.7257
10.6,14.76,8.72,0.0,119.464
8.8,3.84,8.36,0.0,218.557
9.0,8.64,10.21,0.0,334.551
9.5,4.92,12.41,0.0,536.48
10.3,2.4,15.86,0.0,756.669
11.8,2.52,19.95,0.0,431.064
8.0,12.48,19.41,0.0,574.344
8.6,1.2,23.75,0.0,512.288
9.8,4.2,26.72,0.0,326.228
8.5,4.32,22.82,0.0,116.554
9.7,3.84,19.3,0.0,1.4779799999999998
8.5,1.44,16.75,0.0,0.0
16.0,0.96,24.15,0.0,0.0
11.7,0.6,17.52,0.0,0.0
8.4,0.96,12.75,0.0,0.0
8.1,1.08,11.41,0.0,0.0
5.1,2.16,7.34,0.0,0.0
8.2,0.36,8.23,0.0,0.0
8.5,0.36,7.55,0.0,0.0
7.5,0.24,6.58,0.0,0.0
5.8,0.36,5.33,0.0,0.0
10.0,0.24,8.15,0.0,0.0
11.0,1.44,10.76,0.0,43.3777
8.6,10.68,11.62,0.0,164.547
11.1,14.16,18.23,0.0,352.09
7.1,4.2,16.78,0.0,493.625
9.8,11.4,22.26,0.0,585.857
9.7,8.52,24.06,0.0,619.158
11.9,2.28,29.11,0.0,600.018
8.8,10.32,26.78,0.0,493.865
11.0,1.2,25.84,0.0,220.333
9.4,1.44,21.98,0.0,83.8235
10.4,4.2,23.56,0.0,36.9845
11.4,4.08,23.91,0.0,43.0405
11.6,3.24,21.15,0.0,0.0
14.1,2.76,23.16,0.0,0.0
12.5,0.96,19.56,0.0,0.0
12.3,1.32,17.67,0.0,0.0
6.7,0.6,10.51,0.0,0.0
6.5,0.6,10.16,0.0,0.0
9.5,2.28,13.99,0.0,0.0
7.5,1.92,11.38,0.0,0.0
5.0,0.12,8.83,0.0,0.0
8.6,0.0,12.97,0.0,0.0
8.6,0.72,13.44,0.0,0.0
10.0,5.16,16.73,0.0,0.0
10.1,14.28,20.77,0.0,27.0503
13.9,12.24,32.31,0.0,155.99200000000002
9.6,13.44,30.49,0.0,343.842
8.5,11.76,33.13,0.0,530.701
7.4,7.56,32.73,0.0,570.9580000000001
8.5,1.2,35.94,0.0,531.76
11.5,4.2,41.39,0.0,464.83
11.1,4.08,41.98,0.0,407.615
11.0,2.52,42.94,0.0,415.231
10.5,2.16,43.45,0.0,415.257
7.6,3.48,37.28,0.0,211.453
13.4,2.16,40.82,0.0,45.5879
12.6,1.8,36.51,0.0,0.0
9.2,1.32,29.98,0.0,0.0
14.8,0.6,36.41,0.0,0.0
12.4,0.36,30.37,0.0,0.0
6.4,1.92,19.91,0.0,0.0
6.8,1.44,19.42,0.0,0.0
8.6,3.48,21.22,0.0,0.0
8.7,0.36,20.46,0.0,0.0
8.3,0.0,19.24,0.0,0.0
9.4,3.0,20.46,0.0,0.0
7.9,1.08,17.67,0.0,0.0
9.2,1.8,19.91,0.0,0.0
10.6,13.8,28.52,0.0,37.2473
11.6,5.88,34.55,0.0,176.835
8.2,9.96,31.96,0.0,365.002
8.3,14.64,33.57,0.0,449.639
8.7,3.48,35.09,0.0,478.919
10.7,0.6,37.9,0.0,410.226
12.3,1.08,42.51,0.0,618.133
9.5,4.8,41.36,0.0,570.131
10.2,3.72,44.23,0.0,512.327
11.1,0.72,46.35,0.0,415.217
10.6,1.56,46.63,0.0,312.981
14.5,2.04,48.26,0.0,113.224
13.9,3.72,40.53,0.0,1.35899
8.4,2.52,30.58,0.0,0.0
10.9,1.56,32.21,0.0,0.0
8.8,0.72,26.78,0.0,0.0
7.9,0.48,23.84,0.0,0.0
9.5,0.24,24.82,0.0,0.0
5.4,1.32,17.67,0.0,0.0
10.2,0.72,24.07,0.0,0.0
11.0,0.0,23.44,0.0,0.0
8.0,2.16,17.1,0.0,0.0
9.4,1.56,18.66,0.0,0.0
8.4,4.32,17.45,0.0,0.0
8.5,21.48,24.33,0.0,37.5723
12.1,12.48,35.58,0.0,178.581
11.0,8.52,35.76,0.0,329.117
8.3,21.48,34.03,0.0,455.991
12.0,2.4,40.0,0.0,417.014
11.5,1.32,39.74,0.0,437.085
11.4,5.64,41.52,0.0,748.438
10.9,1.08,43.27,0.0,702.703
7.9,2.4,41.59,0.0,613.486
10.9,4.8,45.51,0.0,419.535
10.1,1.32,44.22,0.0,267.996
11.9,3.12,43.87,0.0,97.9044
14.3,1.32,41.31,0.0,2.14587
10.7,2.76,33.83,0.0,0.0
10.2,2.04,31.75,0.0,0.0
11.0,1.2,31.78,0.0,0.0
9.9,3.6,28.82,0.0,0.0
6.3,0.12,22.01,0.0,0.0
5.4,0.24,20.07,0.0,0.0
4.7,0.36,18.2,0.0,0.0
8.9,0.12,23.45,0.0,0.0
7.5,0.12,20.12,0.0,0.0
7.2,5.04,19.12,0.0,0.0
7.5,6.96,19.87,0.0,0.0
9.1,11.16,28.83,0.0,38.9844
12.0,10.08,38.7,0.0,178.053
9.4,5.4,35.28,0.0,311.65
9.6,10.56,37.31,0.0,405.439
9.1,6.12,37.27,0.0,426.78
11.5,1.92,41.37,0.0,458.532
8.6,1.56,37.65,0.0,465.775
13.9,2.28,46.18,0.0,417.108
10.4,5.16,40.55,0.0,297.677
6.4,0.96,35.8,0.0,293.823
10.3,1.68,39.52,0.0,94.0527
17.0,1.8,47.11,0.0,6.092630000000001
9.3,2.28,32.74,0.0,0.0
8.9,2.64,30.29,0.0,0.0
10.2,3.0,31.29,0.0,0.0
8.7,1.56,27.14,0.0,0.0
7.2,0.48,23.62,0.0,0.0
7.6,0.72,23.54,0.0,0.0
6.8,2.16,20.82,0.0,0.0
7.5,0.12,20.7,0.0,0.0
7.2,0.12,19.07,0.0,0.0
8.5,1.2,19.89,0.0,0.0
9.5,1.56,20.65,0.0,0.0
8.6,15.72,19.31,0.0,0.0
10.5,6.12,26.75,0.0,41.145
9.4,9.24,27.98,0.0,160.555
11.9,6.12,35.57,0.0,308.945
11.3,3.12,37.21,0.0,411.601
11.7,9.12,39.23,0.0,567.908
12.4,3.48,40.87,0.0,677.202
8.9,2.64,38.51,0.0,614.531
12.9,4.32,44.99,0.0,460.456
10.8,3.0,37.2,0.0,225.931
10.4,6.12,36.79,0.0,308.137
14.5,4.56,40.99,0.0,143.921
13.4,1.44,36.64,0.0,8.661480000000001
13.6,1.44,34.41,0.0,0.0
10.8,1.92,28.74,0.0,0.0
12.6,1.8,30.76,0.0,0.0
13.5,1.2,30.66,0.0,0.0
5.0,0.48,17.32,0.0,0.0
4.1,1.08,15.59,0.0,0.0
7.3,4.08,18.97,0.0,0.0
8.9,1.8,20.27,0.0,0.0
7.7,1.56,16.77,0.0,0.0
6.9,0.24,14.91,0.0,0.0
9.0,0.96,18.24,0.0,0.0
7.7,3.96,15.93,0.0,0.0
8.9,14.52,17.98,0.0,16.2223
10.5,6.36,20.96,0.0,111.29
7.8,17.04,18.81,0.0,199.9
7.7,6.48,21.82,0.0,292.778
7.2,4.44,24.75,0.0,504.552
12.9,3.0,34.97,0.0,550.5
12.6,2.64,35.55,0.0,491.367
9.9,14.16,33.33,0.0,495.228
8.3,9.72,27.34,0.0,186.148
9.1,9.36,25.65,0.0,56.7194
11.2,7.8,28.31,0.0,39.6376
11.3,2.52,27.93,0.0,0.0
12.6,3.6,28.19,0.0,0.0
15.5,1.2,30.87,0.0,0.0
11.9,0.48,24.38,0.0,0.0
6.0,1.08,15.73,0.0,0.0
9.4,0.6,20.56,0.0,0.0
6.8,4.2,16.22,0.0,0.0
8.9,0.48,19.22,0.0,0.0
6.8,0.24,15.48,0.0,0.0
7.3,0.24,15.65,0.0,0.0
6.0,0.12,13.57,0.0,0.0
6.2,0.48,13.8,0.0,0.0
11.4,1.68,21.05,0.0,0.0
9.4,3.12,17.23,0.0,6.36831
7.5,7.56,12.6,0.0,27.5536
9.9,16.44,16.14,0.0,38.0414
8.2,6.36,14.99,0.0,93.5056
9.8,16.08,18.75,0.0,159.529
10.8,5.28,21.02,0.0,154.265
11.2,3.12,25.16,0.0,312.24
11.9,1.56,26.17,0.0,193.051
12.9,1.92,28.18,0.0,173.77700000000002
9.4,0.6,23.1,0.0,131.933
9.6,1.2,25.63,0.0,134.32399999999998
8.3,3.12,23.63,0.0,39.2711
14.4,3.96,31.33,0.0,0.0
14.9,2.52,30.48,0.0,0.0
8.8,1.2,20.04,0.0,0.0
11.8,7.08,24.04,0.0,0.0
5.2,3.0,13.36,0.0,0.0
6.0,2.76,14.15,0.0,0.0
6.0,0.36,13.65,0.0,0.0
7.5,1.08,15.41,0.0,0.0
9.9,2.64,18.73,0.0,0.0
11.4,0.24,20.56,0.0,0.0
7.2,1.32,14.22,0.0,0.0
15.7,4.68,28.55,0.0,0.0
8.8,6.36,17.29,0.0,17.0099
11.3,11.28,20.42,0.0,30.4428
10.8,8.4,20.59,0.0,55.9846
9.7,9.36,19.94,0.0,141.048
11.0,2.16,22.71,0.0,134.247
11.2,3.84,25.47,0.0,237.71400000000003
10.0,0.84,28.01,0.0,559.268
9.7,4.8,33.26,0.0,642.489
7.7,0.48,34.6,0.0,622.635
7.3,1.92,35.49,0.0,422.995
13.4,3.12,44.68,0.0,251.257
13.2,2.64,42.72,0.0,110.119
13.8,3.96,37.96,0.0,2.89119
11.6,0.96,32.71,0.0,0.0
9.0,1.44,27.4,0.0,0.0
9.5,3.6,26.25,0.0,0.0
4.9,0.36,17.63,0.0,0.0
6.8,2.16,19.18,0.0,0.0
6.2,2.88,17.78,0.0,0.0
5.8,0.24,17.56,0.0,0.0
7.2,0.12,19.72,0.0,0.0
4.7,0.48,15.55,0.0,0.0
5.5,0.72,17.51,0.0,0.0
8.1,5.04,22.45,0.0,0.0
12.2,8.88,29.19,0.0,3.76971
9.0,5.76,17.49,0.0,7.99523
10.6,10.08,16.85,0.0,11.3103
9.4,16.08,14.15,0.0,28.6015
7.5,2.04,12.08,0.0,70.8371
12.0,1.68,19.11,0.0,80.6059
9.3,1.08,13.99,0.0,62.1119
9.6,3.24,14.73,0.0,74.4237
14.3,7.92,21.25,0.0,85.6567
7.9,0.72,12.67,0.0,73.1237
12.5,2.52,20.42,0.0,37.4191
10.7,7.56,19.07,0.0,44.2297
14.6,2.28,23.78,0.0,0.718961
11.8,3.36,18.08,0.0,0.0
12.9,2.64,19.18,0.0,0.0
9.5,3.6,13.55,0.0,0.0
7.8,0.36,10.71,0.0,0.0
6.7,0.96,9.52,0.0,0.0
5.4,0.36,8.4,0.0,0.0
7.4,0.48,10.22,0.0,0.0
7.9,0.24,10.48,0.0,0.0
8.0,0.36,10.6,0.0,0.0
9.2,1.2,12.19,0.0,0.0
12.9,5.64,19.1,0.0,0.0
15.1,20.76,25.94,0.0,45.1718
9.1,19.44,17.68,0.0,119.513
7.5,7.56,19.27,0.0,214.679
9.2,18.36,27.32,0.0,435.207
15.8,6.6,38.41,0.0,372.877
15.0,3.36,38.08,0.0,448.382
11.4,1.92,35.64,0.0,644.972
11.9,4.2,38.75,0.0,571.639
9.8,3.48,33.02,0.0,176.74599999999998
9.1,1.56,30.79,0.0,236.028
14.9,1.08,38.35,0.0,217.773
13.8,4.32,35.79,0.0,90.8948
13.2,3.12,31.39,0.0,2.39043
13.0,0.96,28.95,0.0,0.0
13.2,2.76,28.85,0.0,0.0
15.5,0.6,31.4,0.0,0.0
7.7,0.6,18.52,0.0,0.0
5.5,0.12,15.57,0.0,0.0
4.7,0.12,14.07,0.0,0.0
6.8,1.32,16.52,0.0,0.0
5.6,0.12,14.13,0.0,0.0
7.1,0.0,15.8,0.0,0.0
7.5,1.56,15.47,0.0,0.0
11.1,5.88,21.08,0.0,0.0
11.6,13.92,21.38,0.0,5.51941
14.3,11.28,24.69,0.0,24.1855
14.5,12.96,27.99,0.0,167.905
9.3,12.84,22.11,0.0,184.477
11.0,14.28,29.12,0.0,361.29
12.1,1.44,33.59,0.0,493.98800000000006
8.5,0.84,29.92,0.0,511.05
7.2,4.56,28.12,0.0,330.154
13.3,3.12,38.45,0.0,348.63199999999995
8.1,1.2,31.62,0.0,315.315
12.4,0.36,37.47,0.0,176.108
9.5,3.84,31.34,0.0,48.5706
15.4,1.8,37.19,0.0,0.0
9.1,1.92,26.0,0.0,0.0
15.0,2.16,33.43,0.0,0.0
7.7,2.28,21.33,0.0,0.0
6.5,0.84,18.61,0.0,0.0
5.7,0.12,16.2,0.0,0.0
7.6,0.12,17.53,0.0,0.0
8.3,0.12,16.9,0.0,0.0
8.7,0.12,15.85,0.0,0.0
6.9,3.36,12.31,0.0,0.0
7.7,2.16,13.54,0.0,0.0
13.2,14.88,22.52,0.0,0.0
13.9,10.8,27.61,0.0,48.0979
11.5,11.64,24.09,0.0,144.179
11.8,6.12,26.77,0.0,246.806
13.9,9.36,33.4,0.0,375.927
8.1,2.16,26.89,0.0,457.405
11.7,5.04,33.88,0.0,502.643
10.7,1.2,34.59,0.0,686.931
10.9,4.92,39.03,0.0,693.3380000000001
11.6,6.72,44.0,0.0,608.076
9.7,4.44,42.51,0.0,431.85
12.1,4.2,45.21,0.0,260.619
11.8,2.28,41.71,0.0,82.7038
13.7,0.84,40.25,0.0,1.40215
10.5,1.92,33.8,0.0,0.0
16.6,5.04,41.04,0.0,0.0
14.8,0.6,36.56,0.0,0.0
5.8,1.08,21.89,0.0,0.0
5.9,0.96,21.29,0.0,0.0
5.3,0.84,19.61,0.0,0.0
5.1,4.56,18.16,0.0,0.0
8.2,0.36,21.9,0.0,0.0
9.3,0.0,22.39,0.0,0.0
8.7,1.56,20.27,0.0,0.0
7.1,2.64,17.03,0.0,0.0
9.6,12.84,20.13,0.0,0.664367
8.4,7.08,15.96,0.0,9.59743
9.2,23.28,18.6,0.0,75.2067
6.2,7.44,19.35,0.0,370.153
7.9,6.36,23.34,0.0,331.117
10.7,7.68,28.65,0.0,328.401
8.6,6.36,28.59,0.0,638.0840000000001
9.9,3.72,29.86,0.0,313.254
9.4,17.04,27.54,0.0,174.04
7.1,1.32,23.28,0.0,89.0262
12.0,4.92,30.97,0.0,38.4943
14.1,2.64,34.11,0.0,34.5578
12.3,4.2,28.51,0.0,0.0
12.1,3.24,26.86,0.0,0.0
9.9,2.16,23.03,0.0,0.0
10.0,2.52,22.13,0.0,0.0
9.5,0.84,19.34,0.0,0.0
8.2,0.36,16.98,0.0,0.0
7.0,2.04,15.54,0.0,0.0
5.0,1.56,12.16,0.0,0.0
4.2,0.24,11.07,0.0,0.0
6.8,1.56,14.33,0.0,0.0
7.1,3.6,14.59,0.0,0.0
6.6,1.44,14.11,0.0,0.0
9.8,3.12,19.78,0.0,22.0178
6.4,14.76,16.13,0.0,124.536
8.4,9.6,27.8,0.0,372.409
10.9,4.92,35.02,0.0,552.7040000000001
11.8,2.76,36.38,0.0,680.375
9.2,1.56,31.94,0.0,746.125
12.1,0.48,36.49,0.0,756.321
8.5,3.24,34.78,0.0,712.57
10.0,1.2,40.89,0.0,638.809
15.6,3.48,50.29,0.0,508.752
9.8,3.84,42.6,0.0,292.11
12.6,6.48,42.69,0.0,109.516
14.2,3.12,38.26,0.0,4.37908
14.2,2.64,35.45,0.0,0.0
11.3,1.2,29.45,0.0,0.0
7.0,3.72,21.24,0.0,0.0
8.9,3.48,22.56,0.0,0.0
5.7,0.0,17.62,0.0,0.0
4.3,0.12,15.46,0.0,0.0
8.1,0.6,20.71,0.0,0.0
8.7,0.0,20.27,0.0,0.0
9.4,0.0,19.72,0.0,0.0
10.8,0.24,20.7,0.0,0.0
8.4,1.08,17.27,0.0,0.0
6.3,8.4,17.94,0.0,50.9547
10.0,9.12,24.36,0.0,172.893
11.9,10.92,30.43,0.0,369.856
8.5,16.68,26.36,0.0,512.751
11.0,1.2,29.2,0.0,675.605
8.9,3.48,26.85,0.0,748.5989999999999
12.2,4.44,32.95,0.0,765.19
9.8,4.56,31.93,0.0,697.04
15.8,1.68,40.99,0.0,543.736
8.4,1.92,32.66,0.0,451.865
13.8,3.0,36.66,0.0,220.506
17.9,1.92,37.58,0.0,50.0442
7.1,1.92,21.47,0.0,0.0
9.6,3.6,22.6,0.0,0.0
13.3,1.32,25.49,0.0,0.0
12.3,2.4,22.3,0.0,0.0
5.1,0.24,12.0,0.0,0.0
7.8,0.0,13.24,0.0,0.0
6.9,0.12,10.88,0.0,0.0
4.5,0.24,7.4,0.0,0.0
3.9,0.12,6.05,0.0,0.0
7.6,0.24,8.37,0.0,0.0
7.4,0.72,8.09,0.0,0.0
6.0,3.12,7.36,0.0,0.0
11.1,9.24,12.71,0.0,45.1504
10.6,8.76,14.87,0.0,173.761
8.6,14.52,17.02,0.0,395.904
6.5,9.84,16.02,0.0,580.038
13.2,3.12,23.28,0.0,697.428
10.6,0.96,20.97,0.0,744.712
13.7,1.92,26.16,0.0,757.79
7.5,1.8,22.74,0.0,712.895
12.4,9.48,31.87,0.0,639.933
8.6,0.72,30.81,0.0,501.467
15.0,4.68,39.33,0.0,333.12300000000005
10.9,7.68,32.38,0.0,130.782
11.7,5.04,27.43,0.0,6.13522
15.0,2.4,28.62,0.0,0.0
12.3,1.2,23.34,0.0,0.0
9.8,3.36,18.19,0.0,0.0
8.5,1.8,14.67,0.0,0.0
10.1,0.6,15.04,0.0,0.0
7.1,0.12,10.4,0.0,0.0
7.1,0.24,9.08,0.0,0.0
8.0,0.12,9.07,0.0,0.0
12.4,0.12,12.71,0.0,0.0
7.1,0.36,6.6,0.0,0.0
13.5,6.72,13.02,0.0,0.0
13.2,15.0,19.77,0.0,59.67
10.1,7.32,21.93,0.0,209.023
8.8,10.44,23.24,0.0,393.539
8.7,18.36,24.22,0.0,542.045
11.3,3.84,28.58,0.0,640.161
11.7,2.52,30.42,0.0,673.7560000000001
10.8,1.44,31.52,0.0,716.549
9.0,4.92,33.55,0.0,684.8489999999999
10.4,1.08,39.18,0.0,624.194
15.8,0.72,47.12,0.0,480.754
11.8,4.44,40.75,0.0,240.298
12.1,8.52,38.05,0.0,58.2704
17.9,2.76,42.85,0.0,0.0
13.3,5.64,35.34,0.0,0.0
11.4,2.52,31.28,0.0,0.0
7.6,1.8,24.33,0.0,0.0
5.9,0.36,20.49,0.0,0.0
5.6,1.32,18.48,0.0,0.0
8.4,0.24,21.07,0.0,0.0
7.9,0.0,19.03,0.0,0.0
13.2,0.12,25.21,0.0,0.0
7.3,3.0,15.09,0.0,0.0
9.1,1.68,17.54,0.0,0.0
9.4,5.04,19.79,0.0,0.0
7.5,17.52,24.72,0.0,56.8212
8.6,4.92,28.77,0.0,191.331
9.3,7.8,26.08,0.0,150.161
10.4,9.36,28.31,0.0,85.3981
8.9,13.2,32.36,0.0,444.116
9.8,1.56,35.17,0.0,572.696
11.2,0.72,39.48,0.0,385.897
13.6,3.0,44.17,0.0,354.001
8.0,2.52,37.66,0.0,593.003
9.4,2.52,38.3,0.0,300.53700000000003
12.1,3.0,41.15,0.0,154.373
12.9,2.76,39.98,0.0,40.154
12.5,4.2,37.22,0.0,0.0
11.3,3.36,33.87,0.0,0.0
9.4,3.0,30.0,0.0,0.0
11.8,2.52,32.18,0.0,0.0
6.9,1.08,23.03,0.0,0.0
4.1,0.48,17.72,0.0,0.0
5.4,2.64,19.16,0.0,0.0
8.0,1.32,22.41,0.0,0.0
6.5,0.12,18.66,0.0,0.0
6.6,2.16,17.63,0.0,0.0
7.5,3.84,17.89,0.0,0.0
10.2,11.04,21.54,0.0,0.0
8.5,7.2,20.41,0.0,51.2134
9.5,8.76,24.33,0.0,156.49200000000002
9.2,1.2,25.74,0.0,212.584
11.3,12.6,30.88,0.0,283.527
12.1,7.44,32.81,0.0,235.628
12.1,2.28,35.82,0.0,332.547
13.3,3.48,39.29,0.0,328.64300000000003
10.6,4.32,36.29,0.0,298.198
9.1,7.8,34.74,0.0,278.573
10.7,3.48,33.27,0.0,106.822
9.2,1.68,31.69,0.0,94.3667
12.1,6.12,35.91,0.0,32.6688
15.6,1.56,36.84,0.0,6.05234
12.4,3.72,28.64,0.0,0.0
12.4,4.68,27.67,0.0,0.0
10.3,2.76,22.81,0.0,0.0
8.2,0.72,18.93,0.0,0.0
8.5,0.72,21.01,0.0,0.0
8.2,4.32,23.13,0.0,0.0
7.9,4.92,23.96,0.0,0.0
9.1,0.24,26.2,0.0,0.0
7.2,0.0,21.94,0.0,0.0
9.0,1.32,25.0,0.0,0.0
11.1,3.84,30.29,0.0,0.0
8.9,14.04,32.64,0.0,56.9028
8.3,6.6,35.05,0.0,199.519
6.9,18.48,36.15,0.0,382.365
9.4,2.52,40.76,0.0,428.598
8.1,8.76,31.79,0.0,173.976
10.0,1.68,31.4,0.0,82.4721
10.0,3.36,27.72,0.0,132.914
10.3,16.8,26.12,0.0,166.382
9.1,3.96,23.86,0.0,130.144
11.7,2.4,28.84,0.0,177.614
14.2,1.68,31.83,0.0,100.442
14.5,2.88,33.17,0.0,88.5905
15.4,2.04,31.37,0.0,6.04304
14.2,2.16,27.49,0.0,0.0
10.2,1.92,20.58,0.0,0.0
8.6,0.6,17.1,0.0,0.0
7.7,1.68,14.99,0.0,0.0
7.4,0.12,14.04,0.0,0.0
5.6,0.24,10.94,0.0,0.0
7.0,0.36,11.94,0.0,0.0
6.9,0.0,10.82,0.0,0.0
5.9,0.0,9.8,0.0,0.0
5.4,0.12,9.97,0.0,0.0
12.1,2.04,20.61,0.0,0.0
7.8,3.0,16.34,0.0,46.8603
11.2,10.08,21.91,0.0,119.767
7.6,8.76,18.84,0.0,169.49
10.0,5.76,30.76,0.0,365.247
7.5,16.44,30.02,0.0,574.558
10.6,4.08,36.33,0.0,581.68
13.0,0.6,42.9,0.0,521.8
9.9,3.12,39.67,0.0,414.332
12.9,6.0,46.86,0.0,492.711
6.3,0.84,38.05,0.0,346.68
11.7,3.84,45.12,0.0,207.277
11.7,3.36,40.97,0.0,54.1931
12.5,2.64,38.28,0.0,0.0
15.1,3.84,39.26,0.0,0.0
15.2,1.08,37.46,0.0,0.0
6.4,3.36,24.77,0.0,0.0
7.0,0.36,25.01,0.0,0.0
5.8,0.12,21.82,0.0,0.0
7.0,4.08,23.13,0.0,0.0
7.8,1.2,23.57,0.0,0.0
6.0,0.0,19.59,0.0,0.0
8.5,0.12,23.8,0.0,0.0
7.6,0.6,22.26,0.0,0.0
6.7,0.96,21.51,0.0,0.0
6.5,9.72,21.8,0.0,47.6765
9.1,15.24,20.95,0.0,33.7372
8.6,12.12,16.75,0.0,12.0069
9.5,6.36,14.11,0.0,28.8418
9.8,1.92,11.73,0.0,47.8656
12.0,0.72,15.78,0.0,85.5536
8.6,5.76,13.88,0.0,125.894
11.0,8.76,21.58,0.0,328.74300000000005
11.7,4.56,24.21,0.0,289.78700000000003
11.2,3.36,22.66,0.0,166.56799999999998
11.8,5.04,22.76,0.0,89.7925
15.8,1.44,28.61,0.0,33.1109
11.7,1.44,19.66,0.0,0.0
10.6,1.92,15.68,0.0,0.0
11.7,1.44,17.56,0.0,0.0
10.8,4.44,16.46,0.0,0.0
6.7,0.48,10.34,0.0,0.0
10.0,0.36,14.67,0.0,0.0
7.7,1.32,11.72,0.0,0.0
5.3,0.24,8.0,0.0,0.0
9.1,0.12,10.99,0.0,0.0
5.9,1.2,7.51,0.0,0.0
8.1,0.84,9.39,0.0,0.0
10.3,3.24,12.3,0.0,0.0
9.6,13.08,11.96,0.0,35.2474
12.1,7.32,14.96,0.0,87.5397
10.9,13.8,15.84,0.0,182.292
8.9,1.8,16.57,0.0,293.094
9.7,3.48,20.29,0.0,351.545
10.3,0.84,21.41,0.0,227.572
12.8,0.96,25.47,0.0,220.792
7.7,4.2,20.28,0.0,320.388
9.3,10.56,25.31,0.0,275.788
6.8,0.6,26.5,0.0,406.301
6.7,2.28,30.14,0.0,328.89300000000003
13.6,3.36,37.63,0.0,133.202
9.8,1.92,25.56,0.0,6.9078
11.9,2.28,26.27,0.0,0.0
12.6,4.44,25.65,0.0,0.0
11.9,0.48,21.91,0.0,0.0
6.0,0.84,11.9,0.0,0.0
4.5,0.12,8.56,0.0,0.0
5.9,2.4,8.5,0.0,0.0
6.8,0.24,7.83,0.0,0.0
7.5,0.12,7.1,0.0,0.0
5.3,0.0,4.85,0.0,0.0
4.7,2.52,4.23,0.0,0.0
9.8,4.32,7.77,0.0,0.0
7.9,20.4,10.0,0.0,64.0957
11.3,17.64,15.93,0.0,228.234
9.7,0.84,15.61,0.0,427.889
8.4,14.28,14.5,0.0,597.629
9.3,7.92,14.86,0.0,715.204
9.5,0.96,16.27,0.0,778.332
10.2,4.08,19.53,0.0,799.783
10.7,3.96,23.4,0.0,752.37
10.4,0.96,26.73,0.0,672.5189999999999
8.0,0.6,26.92,0.0,525.266
12.0,0.48,33.21,0.0,342.89300000000003
10.5,6.0,29.17,0.0,138.89
14.9,4.92,28.44,0.0,7.731330000000001
11.1,3.6,21.12,0.0,0.0
14.3,2.64,23.06,0.0,0.0
12.0,2.64,18.85,0.0,0.0
7.9,0.24,13.11,0.0,0.0
6.1,0.48,10.22,0.0,0.0
6.6,0.36,9.31,0.0,0.0
4.5,0.12,5.47,0.0,0.0
10.2,0.36,8.15,0.0,0.0
8.0,1.8,5.72,0.0,0.0
6.6,2.64,4.44,0.0,0.0
12.8,9.48,9.83,0.0,0.0
10.4,15.0,14.41,0.0,65.3111
10.1,10.08,18.56,0.0,227.805
7.2,10.92,17.97,0.0,418.741
13.4,7.32,26.2,0.0,569.4119999999999
11.6,4.56,23.57,0.0,665.7139999999999
13.8,1.44,26.69,0.0,746.2139999999999
15.8,0.36,30.82,0.0,751.956
12.2,3.6,30.33,0.0,720.33
13.2,2.64,35.75,0.0,641.703
9.8,2.4,34.63,0.0,513.2769999999999
8.8,1.32,35.22,0.0,334.583
11.0,1.32,35.68,0.0,137.637
13.5,1.56,32.04,0.0,8.36254
9.4,1.92,24.21,0.0,0.0
10.2,3.36,23.26,0.0,0.0
7.2,2.76,17.21,0.0,0.0
7.1,1.32,14.98,0.0,0.0
5.1,0.72,11.18,0.0,0.0
5.1,1.92,9.52,0.0,0.0
8.7,0.12,12.11,0.0,0.0
10.8,0.24,13.18,0.0,0.0
9.5,0.72,10.07,0.0,0.0
5.9,0.96,6.78,0.0,0.0
10.5,16.2,11.95,0.0,0.0
10.8,13.2,17.83,0.0,63.7079
13.5,15.24,25.13,0.0,223.833
9.8,15.96,22.6,0.0,413.856
12.9,2.88,27.37,0.0,562.031
11.5,1.2,25.48,0.0,656.051
12.4,1.2,27.29,0.0,737.1419999999999
11.0,1.08,27.04,0.0,735.998
9.6,0.96,28.95,0.0,710.804
8.5,1.32,31.89,0.0,629.265
12.1,2.64,38.79,0.0,497.854
16.9,3.0,45.41,0.0,329.634
13.0,1.08,38.92,0.0,136.034
16.1,3.6,36.9,0.0,8.23847
13.0,3.6,30.83,0.0,0.0
9.9,2.64,25.61,0.0,0.0
7.8,0.96,21.32,0.0,0.0
6.1,1.08,18.18,0.0,0.0
9.3,2.04,20.33,0.0,0.0
8.3,0.48,17.24,0.0,0.0
6.8,2.04,13.55,0.0,0.0
5.0,0.12,9.67,0.0,0.0
5.7,0.12,8.96,0.0,0.0
6.7,0.72,9.08,0.0,0.0
11.9,6.6,17.02,0.0,0.0
8.8,19.8,20.15,0.0,63.9201
11.8,5.76,27.14,0.0,223.774
13.8,17.28,31.55,0.0,409.132
11.7,3.72,29.4,0.0,532.82
12.6,4.8,29.21,0.0,669.477
13.7,5.76,31.2,0.0,742.803
16.1,2.16,35.75,0.0,749.2760000000001
15.2,2.52,38.14,0.0,716.078
7.0,4.08,32.42,0.0,641.841
15.0,3.72,44.05,0.0,501.882
11.9,5.4,41.44,0.0,333.25199999999995
8.3,3.96,34.88,0.0,138.558
14.1,1.8,35.44,0.0,11.3579
11.2,2.28,28.86,0.0,0.0
8.9,1.44,24.59,0.0,0.0
6.0,0.6,18.78,0.0,0.0
6.9,0.72,17.91,0.0,0.0
5.9,0.96,15.05,0.0,0.0
5.3,4.44,13.13,0.0,0.0
7.2,0.12,14.09,0.0,0.0
6.1,0.24,11.4,0.0,0.0
5.3,0.72,9.7,0.0,0.0
8.3,0.72,11.86,0.0,0.0
7.6,7.32,12.86,0.0,0.0
7.8,4.92,20.95,0.0,63.6701
10.9,5.4,28.86,0.0,219.927
11.1,2.88,30.67,0.0,403.636
8.7,12.24,26.94,0.0,552.018
9.9,10.68,27.26,0.0,673.9019999999999
13.4,4.44,32.58,0.0,736.2239999999999
11.3,10.92,30.32,0.0,754.7360000000001
9.2,1.32,30.8,0.0,712.872
8.8,3.72,35.01,0.0,651.565
10.4,6.96,39.65,0.0,518.332
13.5,5.52,43.87,0.0,342.99
18.0,9.0,45.82,0.0,143.118
10.7,7.2,30.27,0.0,12.2023
10.1,1.8,26.22,0.0,0.0
11.1,3.12,25.81,0.0,0.0
8.8,1.8,20.58,0.0,0.0
7.7,0.96,17.33,0.0,0.0
9.2,0.36,17.45,0.0,0.0
7.2,0.12,12.88,0.0,0.0
4.9,0.12,8.52,0.0,0.0
7.5,0.12,10.25,0.0,0.0
9.0,0.24,12.37,0.0,0.0
7.9,1.44,11.87,0.0,0.0
8.3,10.92,14.23,0.0,0.0
12.2,19.8,21.49,0.0,54.0497
10.5,15.36,20.24,0.0,132.24200000000002
13.7,5.4,27.95,0.0,227.541
10.9,6.48,25.94,0.0,304.443
11.8,3.36,27.73,0.0,237.596
13.8,3.48,29.92,0.0,130.45600000000002
11.5,2.16,30.19,0.0,459.572
11.0,2.16,32.93,0.0,514.865
15.4,2.76,39.98,0.0,423.459
8.0,3.0,30.87,0.0,345.952
10.7,6.12,35.88,0.0,238.296
13.0,3.24,38.97,0.0,108.134
10.4,2.28,31.37,0.0,9.63112
7.8,3.96,25.17,0.0,0.0
10.6,1.2,27.43,0.0,0.0
7.2,0.96,20.67,0.0,0.0
7.8,0.96,19.36,0.0,0.0
4.6,0.48,13.38,0.0,0.0
4.7,0.12,11.94,0.0,0.0
7.6,0.6,14.84,0.0,0.0
5.0,0.0,10.65,0.0,0.0
8.0,0.12,14.31,0.0,0.0
10.2,1.56,16.69,0.0,0.0
11.0,4.56,19.85,0.0,0.0
10.8,20.4,27.11,0.0,63.183
9.5,8.28,28.82,0.0,220.496
9.4,16.92,30.69,0.0,411.206
11.3,12.72,33.72,0.0,562.6519999999999
10.5,3.48,32.1,0.0,508.555
12.4,1.92,35.34,0.0,663.518
10.5,1.56,35.05,0.0,440.8
11.8,4.2,36.35,0.0,258.269
13.2,1.08,40.13,0.0,450.829
9.7,4.2,39.07,0.0,505.681
10.4,3.48,40.96,0.0,333.631
9.5,2.04,37.2,0.0,141.22299999999998
10.9,3.6,32.42,0.0,12.9359
12.4,2.16,30.51,0.0,0.0
13.5,5.4,30.22,0.0,0.0
10.2,2.64,24.37,0.0,0.0
7.3,1.68,18.64,0.0,0.0
6.7,0.6,16.61,0.0,0.0
5.6,1.2,14.57,0.0,0.0
4.3,0.12,11.77,0.0,0.0
6.6,0.24,13.93,0.0,0.0
6.0,0.12,12.32,0.0,0.0
7.4,2.88,13.63,0.0,0.0
7.8,5.64,16.78,0.0,0.0
12.2,19.44,30.46,0.0,62.753
8.7,9.84,28.2,0.0,219.856
9.0,4.2,30.6,0.0,405.059
9.6,9.72,31.95,0.0,514.243
8.7,7.56,30.89,0.0,591.113
10.3,1.68,35.27,0.0,515.265
12.4,1.56,38.98,0.0,350.07
9.5,3.0,36.63,0.0,514.279
7.3,0.6,36.97,0.0,633.0319999999999
12.8,0.36,46.89,0.0,452.215
9.1,0.36,43.67,0.0,330.782
10.2,3.72,42.97,0.0,137.439
11.2,3.12,37.24,0.0,12.8417
14.7,4.2,38.35,0.0,0.0
10.9,3.0,31.39,0.0,0.0
7.4,3.6,24.34,0.0,0.0
10.0,0.72,26.36,0.0,0.0
6.3,0.6,19.48,0.0,0.0
4.8,0.0,16.13,0.0,0.0
4.6,0.0,14.76,0.0,0.0
6.8,0.36,17.33,0.0,0.0
5.8,0.24,15.33,0.0,0.0
6.5,0.48,15.77,0.0,0.0
11.0,8.64,25.61,0.0,0.0
13.6,11.04,37.34,0.0,61.7516
10.7,11.76,34.99,0.0,216.134
8.1,7.8,30.98,0.0,328.879
11.2,4.44,36.69,0.0,368.597
9.1,9.36,35.12,0.0,483.671
16.2,4.8,45.37,0.0,490.141
11.9,1.56,39.68,0.0,551.029
12.0,2.52,40.67,0.0,490.61300000000006
9.5,0.96,40.53,0.0,621.817
12.5,3.6,45.21,0.0,449.271
10.6,4.32,41.78,0.0,243.485
10.3,3.24,38.68,0.0,76.3581
15.1,1.8,41.29,0.0,3.67097
20.4,2.28,45.77,0.0,0.0
13.1,6.48,33.96,0.0,0.0
12.6,2.76,31.22,0.0,0.0
6.5,0.72,20.87,0.0,0.0
4.9,0.84,17.06,0.0,0.0
8.9,0.36,21.62,0.0,0.0
6.1,1.92,16.45,0.0,0.0
10.6,0.36,21.83,0.0,0.0
6.1,0.12,13.83,0.0,0.0
7.1,2.76,13.93,0.0,0.0
7.9,12.24,17.98,0.0,0.0
8.0,4.68,26.76,0.0,62.0461
13.3,11.88,38.22,0.0,215.063
7.0,7.44,30.17,0.0,386.97
12.1,2.28,38.89,0.0,536.985
14.4,4.08,40.28,0.0,652.741
14.3,0.96,39.94,0.0,711.7080000000001
14.1,3.48,42.21,0.0,531.581
10.7,2.16,40.93,0.0,552.627
10.2,1.32,43.61,0.0,625.445
9.4,8.28,44.44,0.0,495.226
8.8,3.12,44.28,0.0,326.646
12.9,1.92,46.68,0.0,137.313
12.1,3.96,38.82,0.0,14.1195
11.1,5.4,34.26,0.0,0.0
11.2,1.92,32.81,0.0,0.0
9.5,2.4,29.02,0.0,0.0
5.7,1.08,22.2,0.0,0.0
7.2,3.12,22.85,0.0,0.0
4.7,0.24,17.71,0.0,0.0
9.4,0.12,23.61,0.0,0.0
10.5,0.24,24.37,0.0,0.0
4.3,0.72,14.26,0.0,0.0
5.1,0.12,15.38,0.0,0.0
8.2,7.8,21.93,0.0,0.0
13.4,14.52,34.84,0.0,66.4671
11.4,8.52,34.43,0.0,199.508
11.2,8.64,33.12,0.0,173.543
12.5,16.8,37.28,0.0,327.634
14.3,5.64,41.55,0.0,388.439
10.4,5.16,38.25,0.0,529.896
13.0,3.84,43.83,0.0,607.295
11.4,3.0,43.53,0.0,567.281
10.4,3.36,43.57,0.0,489.033
12.3,3.24,47.73,0.0,479.309
12.1,5.76,47.64,0.0,289.954
11.8,3.0,44.9,0.0,121.599
11.7,6.24,39.1,0.0,14.3768
12.8,1.56,37.43,0.0,0.0
9.4,1.44,30.89,0.0,0.0
10.6,0.96,30.81,0.0,0.0
5.6,1.56,22.01,0.0,0.0
7.9,0.0,24.22,0.0,0.0
5.4,0.36,18.89,0.0,0.0
6.5,1.68,19.43,0.0,0.0
6.4,0.12,18.43,0.0,0.0
6.0,0.36,17.18,0.0,0.0
5.3,0.96,15.79,0.0,0.0
6.9,2.4,20.79,0.0,0.0
9.2,4.56,28.95,0.0,65.4538
7.7,7.44,29.55,0.0,198.813
14.1,7.44,42.29,0.0,357.283
7.5,15.84,32.76,0.0,446.261
8.9,15.0,36.32,0.0,465.701
12.1,3.24,42.85,0.0,580.846
14.0,6.48,46.61,0.0,603.8240000000001
12.4,4.08,45.83,0.0,608.721
10.4,8.04,45.25,0.0,618.207
9.0,3.96,45.05,0.0,472.843
12.7,4.2,49.77,0.0,253.017
10.7,6.72,45.84,0.0,129.583
10.4,3.36,39.12,0.0,13.1158
8.5,3.12,33.05,0.0,0.0
10.5,1.08,33.65,0.0,0.0
8.5,2.4,28.76,0.0,0.0
6.2,1.68,24.18,0.0,0.0
10.0,0.12,28.82,0.0,0.0
8.4,0.48,25.37,0.0,0.0
8.6,0.24,25.13,0.0,0.0
8.4,0.12,24.25,0.0,0.0
7.8,0.12,22.81,0.0,0.0
8.3,0.84,23.69,0.0,0.0
9.5,7.44,26.34,0.0,0.0
10.2,15.72,30.33,0.0,64.5342
14.1,12.12,38.97,0.0,169.55
11.4,7.56,38.19,0.0,323.897
10.5,9.48,40.0,0.0,468.365
12.0,2.28,44.14,0.0,484.701
11.4,3.96,44.2,0.0,521.0169999999999
11.4,3.48,45.37,0.0,585.967
10.2,0.72,43.69,0.0,373.543
7.0,4.32,38.9,0.0,326.462
13.5,2.76,45.86,0.0,209.195
9.3,4.44,35.52,0.0,19.7925
12.4,1.8,40.46,0.0,77.944
7.5,3.6,30.02,0.0,13.4632
12.4,1.92,35.19,0.0,0.0
12.1,2.64,33.12,0.0,0.0
8.7,2.52,26.67,0.0,0.0
7.3,0.72,23.67,0.0,0.0
9.0,1.56,25.8,0.0,0.0
7.1,0.24,22.57,0.0,0.0
5.3,0.24,19.68,0.0,0.0
10.9,0.0,29.41,0.0,0.0
6.5,0.12,21.26,0.0,0.0
6.7,0.24,21.58,0.0,0.0
6.6,9.72,24.79,0.0,0.0
10.4,19.08,34.89,0.0,53.4554
7.7,11.16,32.47,0.0,190.075
12.5,28.2,41.68,0.0,305.951
9.4,3.84,38.93,0.0,429.033
10.3,6.0,41.86,0.0,508.253
11.7,2.28,44.9,0.0,491.436
9.9,0.6,42.14,0.0,470.358
11.2,4.2,40.71,0.0,190.188
9.7,0.24,39.22,0.0,146.668
9.8,0.6,44.55,0.0,357.11
12.8,1.32,50.2,0.0,283.46
12.6,2.64,45.41,0.0,77.0483
11.3,2.04,38.91,0.0,3.64955
12.7,3.0,38.33,0.0,0.0
12.1,2.16,35.49,0.0,0.0
13.0,2.16,34.81,0.0,0.0
4.0,2.64,20.95,0.0,0.0
8.5,3.48,26.46,0.0,0.0
6.7,0.12,22.03,0.0,0.0
7.8,0.0,22.05,0.0,0.0
4.6,0.0,16.06,0.0,0.0
5.9,0.12,17.5,0.0,0.0
5.0,3.24,16.61,0.0,0.0
8.5,8.88,23.66,0.0,0.0
9.7,17.52,28.39,0.0,68.0818
10.9,8.64,33.59,0.0,186.472
10.5,8.04,36.81,0.0,380.418
12.8,12.12,41.04,0.0,459.144
11.9,1.2,40.87,0.0,587.634
12.3,3.36,43.15,0.0,641.558
12.0,2.4,45.2,0.0,630.969
10.1,1.2,43.93,0.0,536.165
9.0,1.8,43.52,0.0,454.712
13.6,0.6,49.47,0.0,366.646
7.1,0.24,39.77,0.0,206.54
11.7,0.96,45.34,0.0,104.725
13.4,0.72,42.93,0.0,14.7204
11.4,5.4,37.29,0.0,0.0
9.6,3.12,33.14,0.0,0.0
6.7,2.04,26.69,0.0,0.0
6.8,1.08,24.72,0.0,0.0
8.3,0.36,25.0,0.0,0.0
9.0,0.12,24.5,0.0,0.0
7.9,0.12,21.89,0.0,0.0
6.2,0.12,19.52,0.0,0.0
5.0,0.0,17.94,0.0,0.0
12.1,2.04,28.47,0.0,0.0
10.8,5.64,29.03,0.0,0.0
13.9,18.12,37.46,0.0,62.8748
13.9,9.84,35.89,0.0,135.004
8.1,5.64,28.47,0.0,208.201
12.5,5.88,38.25,0.0,273.597
11.3,4.68,39.42,0.0,422.312
13.2,1.68,43.77,0.0,501.305
15.0,4.68,47.08,0.0,490.412
9.6,3.24,41.17,0.0,482.569
10.4,1.32,45.32,0.0,478.694
10.0,2.88,45.22,0.0,320.9
13.9,3.72,50.34,0.0,183.886
14.2,2.76,49.33,0.0,95.7394
14.0,5.52,44.41,0.0,12.6794
17.5,1.8,46.32,0.0,0.0
12.9,2.28,38.07,0.0,0.0
9.2,2.28,31.51,0.0,0.0
7.6,0.6,28.09,0.0,0.0
5.8,0.36,24.2,0.0,0.0
8.4,2.76,26.87,0.0,0.0
7.8,0.48,24.54,0.0,0.0
8.7,0.0,25.06,0.0,0.0
9.1,0.72,24.85,0.0,0.0
8.6,6.0,23.59,0.0,0.0
11.2,14.88,31.45,0.0,0.0
11.4,7.92,36.28,0.0,64.4265
13.0,10.92,38.4,0.0,155.078
5.9,9.72,30.95,0.0,311.557
9.9,1.44,36.65,0.0,319.075
12.8,3.0,38.13,0.0,255.232
11.5,1.2,37.3,0.0,328.23
13.8,1.2,41.86,0.0,420.775
9.5,1.68,32.69,0.0,174.832
14.8,3.12,37.4,0.0,177.521
7.0,3.36,23.08,0.0,56.7681
12.4,5.28,32.2,0.0,84.8031
13.7,1.68,33.62,0.0,56.74
12.8,3.48,29.07,0.0,4.63256
10.4,2.16,24.3,0.0,0.0
10.9,1.44,24.7,0.0,0.0
10.5,2.88,22.98,0.0,0.0
6.8,1.68,16.84,0.0,0.0
6.9,0.96,17.23,0.0,0.0
6.9,0.12,17.86,0.0,0.0
8.1,1.08,19.31,0.0,0.0
6.2,0.12,15.66,0.0,0.0
8.0,0.12,18.81,0.0,0.0
7.3,1.92,18.51,0.0,0.0
11.0,5.64,26.57,0.0,0.0
9.4,14.28,27.33,0.0,66.7774
11.2,13.56,34.22,0.0,175.137
9.1,5.28,34.11,0.0,276.098
12.4,9.84,43.16,0.0,442.186
10.1,3.6,40.31,0.0,612.0169999999999
12.8,1.44,46.15,0.0,582.979
14.8,2.76,49.84,0.0,693.3560000000001
15.2,3.48,52.23,0.0,548.193
10.1,1.44,45.97,0.0,508.204
10.5,2.64,45.71,0.0,240.104
12.2,6.0,52.17,0.0,243.361
9.9,2.76,48.46,0.0,141.319
9.8,6.36,41.13,0.0,18.4955
15.8,1.8,46.42,0.0,0.0
8.3,1.92,33.77,0.0,0.0
8.2,0.72,32.86,0.0,0.0
7.3,0.72,30.2,0.0,0.0
8.9,0.36,31.84,0.0,0.0
8.4,0.6,30.36,0.0,0.0
6.5,0.24,26.54,0.0,0.0
5.9,0.0,25.23,0.0,0.0
6.5,0.12,26.29,0.0,0.0
6.5,0.96,25.73,0.0,0.0
9.3,5.28,31.39,0.0,0.0
11.9,5.4,38.59,0.0,71.4308
10.0,7.44,36.85,0.0,179.384
10.3,6.72,39.31,0.0,286.121
7.9,21.12,38.41,0.0,399.833
11.2,9.48,44.14,0.0,430.954
13.6,3.72,47.78,0.0,525.295
11.2,10.32,45.2,0.0,528.125
10.5,3.0,46.65,0.0,690.48
7.9,9.72,47.28,0.0,619.6569999999999
8.4,6.36,50.42,0.0,491.044
10.1,4.32,53.67,0.0,325.245
13.7,6.12,55.77,0.0,141.68
16.1,3.48,50.79,0.0,19.2057
11.2,2.4,40.01,0.0,0.0
8.4,1.2,34.99,0.0,0.0
8.1,0.6,33.41,0.0,0.0
6.1,1.08,28.89,0.0,0.0
6.2,0.12,28.17,0.0,0.0
6.5,0.72,27.5,0.0,0.0
4.8,0.0,23.47,0.0,0.0
6.6,0.12,26.02,0.0,0.0
7.2,0.12,26.26,0.0,0.0
6.4,0.96,24.12,0.0,0.0
10.6,10.08,35.64,0.0,0.0
10.9,12.12,40.86,0.0,64.6393
12.8,13.2,44.04,0.0,203.811
9.3,11.4,40.53,0.0,366.371
11.0,8.76,44.18,0.0,471.421
10.7,3.36,45.52,0.0,496.397
11.2,1.8,46.85,0.0,570.6619999999999
10.4,2.64,40.2,0.0,370.961
12.5,2.4,37.94,0.0,112.522
12.0,1.2,32.91,0.0,46.017
8.5,7.08,26.39,0.0,54.6284
11.0,1.56,31.07,0.0,77.3733
15.1,2.16,37.91,0.0,82.117
9.0,3.72,26.0,0.0,11.9061
10.2,7.2,26.04,0.0,0.0
10.3,3.24,25.2,0.0,0.0
13.4,0.72,28.58,0.0,0.0
12.1,1.68,24.98,0.0,0.0
6.6,0.6,16.14,0.0,0.0
4.5,1.32,13.18,0.0,0.0
7.6,0.12,18.19,0.0,0.0
3.6,0.12,12.2,0.0,0.0
8.8,0.0,20.07,0.0,0.0
7.2,2.52,17.3,0.0,0.0
10.6,12.36,26.91,0.0,0.0
8.7,15.72,30.59,0.0,64.0594
11.6,8.52,37.85,0.0,213.386
8.3,15.48,33.65,0.0,371.814
10.2,11.4,36.9,0.0,507.408
8.2,2.04,34.47,0.0,640.619
11.3,3.24,41.7,0.0,639.808
12.0,2.28,44.89,0.0,651.908
9.8,0.72,43.81,0.0,669.4580000000001
10.8,6.36,45.05,0.0,489.339
11.2,5.64,39.31,0.0,131.241
11.4,0.84,38.22,0.0,59.5543
12.4,2.64,40.24,0.0,49.0794
14.9,4.68,41.37,0.0,4.53322
15.8,3.0,39.71,0.0,0.0
11.1,5.88,31.31,0.0,0.0
7.0,0.48,24.46,0.0,0.0
5.1,0.96,20.53,0.0,0.0
6.8,1.92,22.03,0.0,0.0
6.2,0.12,19.96,0.0,0.0
6.9,0.24,20.05,0.0,0.0
7.5,0.24,20.43,0.0,0.0
6.2,0.0,18.14,0.0,0.0
8.7,2.76,21.67,0.0,0.0
14.1,9.84,35.54,0.0,0.0
10.1,14.4,36.07,0.0,63.6082
10.8,3.0,39.52,0.0,214.257
9.6,8.28,39.15,0.0,384.835
13.3,11.64,44.19,0.0,524.253
9.1,2.16,37.85,0.0,412.919
12.5,1.2,45.13,0.0,529.0459999999999
13.8,2.88,48.46,0.0,510.62
13.4,1.92,48.53,0.0,584.071
9.6,1.08,44.28,0.0,562.202
9.1,2.64,44.4,0.0,356.07
11.5,0.84,45.2,0.0,133.335
10.0,2.52,44.66,0.0,109.741
12.3,4.92,42.76,0.0,17.8289
12.4,1.44,38.44,0.0,0.0
15.7,3.84,41.51,0.0,0.0
12.0,2.52,34.07,0.0,0.0
7.6,0.24,26.45,0.0,0.0
6.0,0.72,23.71,0.0,0.0
5.4,0.36,21.53,0.0,0.0
7.8,1.44,24.18,0.0,0.0
8.7,0.6,24.27,0.0,0.0
7.1,0.12,20.77,0.0,0.0
5.8,2.88,18.63,0.0,0.0
8.6,4.8,28.7,0.0,0.0
12.9,9.96,42.38,0.0,63.3994
9.6,13.56,38.05,0.0,206.952
10.1,3.6,40.57,0.0,381.376
13.0,8.88,44.69,0.0,532.549
12.0,6.24,42.25,0.0,633.011
14.8,3.12,46.21,0.0,626.563
11.5,2.28,44.27,0.0,603.198
8.1,0.84,43.06,0.0,534.562
11.4,2.76,42.0,0.0,282.443
8.5,7.68,31.29,0.0,81.8898
10.2,5.64,31.73,0.0,44.2278
14.6,3.84,38.0,0.0,16.7908
13.1,5.4,33.54,0.0,0.0
13.8,2.64,32.95,0.0,0.0
12.5,0.84,29.74,0.0,0.0
12.4,3.84,28.18,0.0,0.0
6.5,0.36,18.82,0.0,0.0
10.0,0.48,24.43,0.0,0.0
9.5,0.36,22.77,0.0,0.0
7.1,0.24,17.84,0.0,0.0
11.0,0.24,22.62,0.0,0.0
8.1,0.0,17.15,0.0,0.0
8.0,1.56,16.31,0.0,0.0
8.9,15.6,16.78,0.0,0.0
11.0,8.52,19.5,0.0,48.6462
13.2,14.52,24.53,0.0,167.44799999999998
11.9,11.28,25.81,0.0,340.815
10.0,1.2,24.73,0.0,466.904
12.1,4.8,27.54,0.0,635.0319999999999
15.5,2.28,32.57,0.0,711.1060000000001
15.1,1.2,34.04,0.0,717.198
11.7,0.6,33.71,0.0,675.279
10.4,1.2,37.73,0.0,599.044
6.3,1.2,36.23,0.0,484.691
12.7,0.96,46.26,0.0,282.259
11.6,2.76,43.65,0.0,129.985
11.1,2.04,38.18,0.0,18.012999999999998
14.4,2.16,38.72,0.0,0.0
9.6,0.36,30.59,0.0,0.0
8.0,1.32,26.88,0.0,0.0
8.7,2.04,26.52,0.0,0.0
6.0,1.44,20.97,0.0,0.0
4.5,0.36,17.87,0.0,0.0
8.8,0.36,23.16,0.0,0.0
7.4,0.24,19.13,0.0,0.0
7.3,0.24,17.98,0.0,0.0
6.7,2.16,16.93,0.0,0.0
12.6,7.56,31.35,0.0,0.0
6.2,12.48,28.23,0.0,64.5661
10.3,9.24,37.13,0.0,214.969
9.3,12.84,36.68,0.0,390.307
10.6,9.96,38.56,0.0,540.67
10.7,9.96,38.64,0.0,539.734
9.9,2.76,38.52,0.0,453.404
11.5,2.04,41.31,0.0,336.316
12.8,2.28,46.13,0.0,394.891
12.7,6.48,48.37,0.0,524.423
9.2,0.84,42.7,0.0,348.506
11.1,5.88,45.39,0.0,215.574
9.9,3.12,43.04,0.0,78.8438
12.2,2.16,42.55,0.0,17.9235
9.2,2.04,34.87,0.0,0.0
13.7,2.04,40.28,0.0,0.0
11.8,1.08,35.62,0.0,0.0
7.6,0.36,27.81,0.0,0.0
9.1,1.44,28.5,0.0,0.0
4.9,0.12,20.64,0.0,0.0
6.4,0.24,23.03,0.0,0.0
6.3,0.0,22.85,0.0,0.0
9.9,0.24,28.52,0.0,0.0
6.9,0.48,22.73,0.0,0.0
6.3,5.52,25.63,0.0,0.0
8.1,4.2,33.04,0.0,73.3855
10.7,1.68,39.25,0.0,194.246
10.4,11.4,41.1,0.0,351.534
8.9,12.72,40.33,0.0,493.715
8.0,9.12,39.53,0.0,516.535
11.2,4.44,41.88,0.0,525.7080000000001
9.9,7.56,41.72,0.0,580.5840000000001
10.0,3.0,46.79,0.0,613.872
10.2,3.72,49.79,0.0,479.472
9.3,0.6,49.56,0.0,429.765
9.0,3.96,47.09,0.0,234.138
12.7,4.32,48.74,0.0,79.7982
14.8,3.36,47.92,0.0,12.2729
11.9,4.2,41.56,0.0,0.0
9.0,0.96,36.35,0.0,0.0
7.2,0.72,29.75,0.0,0.0
5.7,1.32,24.09,0.0,0.0
5.6,0.0,23.97,0.0,0.0
6.6,0.36,24.98,0.0,0.0
6.6,0.0,23.32,0.0,0.0
8.2,0.24,25.43,0.0,0.0
7.4,0.12,24.12,0.0,0.0
7.8,1.32,24.94,0.0,0.0
10.6,2.76,30.41,0.0,0.0
7.9,8.52,26.37,0.0,26.0947
9.9,23.76,32.91,0.0,157.342
8.3,7.32,34.88,0.0,265.978
10.8,7.32,43.12,0.0,427.318
11.0,3.0,44.2,0.0,624.039
10.5,3.72,40.89,0.0,531.7180000000001
12.8,2.4,38.29,0.0,222.331
11.8,1.44,32.77,0.0,144.024
12.3,2.04,33.08,0.0,278.539
9.0,4.32,26.68,0.0,75.435
12.7,6.48,32.42,0.0,55.8402
10.9,4.32,28.6,0.0,7.83806
10.9,8.16,27.51,0.0,0.0
11.9,2.52,27.46,0.0,0.0
10.6,5.04,24.48,0.0,0.0
12.3,0.72,27.54,0.0,0.0
7.9,0.72,20.16,0.0,0.0
5.3,0.6,17.24,0.0,0.0
6.0,0.24,19.02,0.0,0.0
8.1,0.0,22.64,0.0,0.0
6.2,0.12,18.62,0.0,0.0
7.4,0.0,15.96,0.0,0.0
6.8,2.04,12.62,0.0,0.0
7.9,11.28,14.04,0.0,0.0
12.4,20.76,21.59,0.0,52.0233
10.9,9.84,18.54,0.0,74.8577
13.0,18.96,24.66,0.0,193.397
11.4,17.4,27.59,0.0,420.552
11.9,8.64,31.53,0.0,530.45
12.1,0.96,33.9,0.0,574.059
14.5,2.64,39.71,0.0,564.131
10.5,1.2,37.57,0.0,553.139
11.3,4.92,42.64,0.0,488.199
9.5,5.16,43.99,0.0,450.603
7.2,3.12,42.49,0.0,306.149
16.5,4.56,51.51,0.0,105.291
14.9,2.52,45.03,0.0,18.3519
11.2,3.0,37.45,0.0,0.0
12.6,2.52,37.98,0.0,0.0
8.9,1.08,30.95,0.0,0.0
4.8,0.72,23.75,0.0,0.0
8.3,2.76,28.42,0.0,0.0
5.9,0.36,23.47,0.0,0.0
6.8,0.24,23.69,0.0,0.0
9.4,0.0,27.45,0.0,0.0
6.6,0.12,21.89,0.0,0.0
6.6,2.76,21.7,0.0,0.0
12.9,9.84,37.63,0.0,0.0
11.8,15.6,36.59,0.0,69.2728
8.0,9.36,32.65,0.0,189.483
11.2,10.44,40.2,0.0,303.047
9.5,13.8,35.77,0.0,275.311
10.7,3.96,31.2,0.0,60.8786
10.6,3.36,26.37,0.0,70.8221
13.2,1.44,30.67,0.0,156.821
9.8,1.56,27.56,0.0,230.005
8.3,2.04,27.0,0.0,300.713
5.7,0.96,26.44,0.0,297.168
10.6,0.84,40.18,0.0,335.57800000000003
11.7,2.04,39.37,0.0,126.187
12.2,3.96,34.58,0.0,19.6309
12.6,3.36,32.5,0.0,0.0
7.5,2.76,24.83,0.0,0.0
6.0,2.4,21.21,0.0,0.0
10.4,0.96,26.3,0.0,0.0
6.3,1.8,18.56,0.0,0.0
9.4,0.0,22.14,0.0,0.0
7.4,0.36,17.51,0.0,0.0
5.4,0.36,13.43,0.0,0.0
9.0,1.8,18.19,0.0,0.0
6.0,1.68,12.88,0.0,0.0
10.7,8.76,24.87,0.0,0.0
11.6,14.28,35.5,0.0,64.7452
9.9,10.32,35.82,0.0,214.498
11.9,8.64,39.46,0.0,347.935
7.7,3.96,33.67,0.0,501.568
13.1,15.36,40.59,0.0,625.539
12.8,1.44,41.94,0.0,684.047
12.2,4.68,45.17,0.0,656.14
9.8,4.2,44.77,0.0,650.977
8.3,1.92,46.44,0.0,588.064
7.9,5.64,48.83,0.0,472.137
10.4,6.0,53.74,0.0,322.699
12.8,4.8,54.76,0.0,146.959
13.2,2.28,48.58,0.0,20.3586
12.1,1.2,42.81,0.0,0.0
13.0,2.16,43.07,0.0,0.0
11.7,1.92,39.55,0.0,0.0
5.4,0.6,28.51,0.0,0.0
11.7,0.84,36.46,0.0,0.0
6.6,0.12,26.4,0.0,0.0
9.6,0.12,29.03,0.0,0.0
7.8,0.12,24.59,0.0,0.0
6.6,0.24,22.23,0.0,0.0
4.8,4.8,18.73,0.0,0.0
8.1,15.6,29.27,0.0,0.0
15.9,9.72,47.62,0.0,65.6064
14.2,16.92,45.74,0.0,214.63
8.8,8.88,39.37,0.0,386.794
9.1,5.64,39.19,0.0,530.717
9.8,6.96,39.98,0.0,499.964
12.4,0.6,44.59,0.0,658.561
13.0,3.96,46.41,0.0,597.139
12.8,2.16,46.48,0.0,498.671
10.6,1.8,43.61,0.0,333.635
8.2,4.92,44.1,0.0,424.172
10.0,0.72,46.41,0.0,267.05400000000003
12.1,1.08,46.09,0.0,110.96
10.9,2.64,39.83,0.0,19.4832
13.3,1.08,40.05,0.0,0.0
9.1,1.08,32.41,0.0,0.0
9.1,2.28,30.73,0.0,0.0
7.1,2.04,26.33,0.0,0.0
7.8,2.88,26.39,0.0,0.0
6.6,0.24,23.14,0.0,0.0
4.7,0.36,19.06,0.0,0.0
6.5,0.12,21.11,0.0,0.0
5.9,0.12,19.16,0.0,0.0
8.3,1.2,22.29,0.0,0.0
7.0,4.8,25.98,0.0,0.0
6.1,13.92,31.59,0.0,65.5504
12.9,11.04,43.92,0.0,212.143
10.3,8.4,40.16,0.0,378.582
10.9,10.8,40.2,0.0,511.191
10.6,12.6,40.47,0.0,493.369
13.1,3.96,43.3,0.0,608.156
14.1,0.96,45.66,0.0,506.343
15.7,3.24,50.53,0.0,547.7819999999999
10.5,1.92,40.5,0.0,295.938
11.5,2.28,46.32,0.0,453.314
9.8,4.32,43.75,0.0,274.152
14.1,0.84,48.76,0.0,131.94899999999998
12.4,3.96,42.18,0.0,21.3932
7.8,2.4,31.64,0.0,0.0
13.8,0.96,38.52,0.0,0.0
13.6,1.2,35.75,0.0,0.0
8.6,1.44,27.38,0.0,0.0
6.7,0.96,23.67,0.0,0.0
7.8,1.2,24.25,0.0,0.0
5.5,0.36,18.63,0.0,0.0
7.1,0.24,19.6,0.0,0.0
6.6,0.12,18.02,0.0,0.0
8.9,2.04,21.29,0.0,0.0
6.8,6.12,20.96,0.0,0.0
8.6,6.0,31.14,0.0,76.0033
11.7,6.36,40.36,0.0,208.579
10.1,6.72,36.99,0.0,341.71
8.4,19.08,34.96,0.0,352.82800000000003
11.3,5.76,39.54,0.0,593.016
11.5,1.68,41.24,0.0,598.71
10.7,1.8,38.41,0.0,441.242
9.3,1.2,33.55,0.0,308.699
9.7,3.96,30.85,0.0,91.2705
8.9,6.6,29.62,0.0,88.9586
12.6,11.04,37.25,0.0,180.791
8.8,6.36,31.26,0.0,94.0211
11.5,1.32,32.25,0.0,13.4923
10.1,1.08,27.35,0.0,0.0
11.8,1.08,28.42,0.0,0.0
7.7,0.84,21.04,0.0,0.0
8.4,2.4,21.36,0.0,0.0
5.7,0.24,16.67,0.0,0.0
9.2,1.8,21.46,0.0,0.0
6.2,0.24,15.84,0.0,0.0
6.5,0.12,15.6,0.0,0.0
6.0,0.0,14.69,0.0,0.0
5.6,4.44,13.71,0.0,0.0
7.4,2.4,19.6,0.0,0.0
7.2,14.4,27.68,0.0,73.1446
14.0,12.0,40.65,0.0,210.086
11.0,19.68,37.34,0.0,367.72
10.2,5.52,36.06,0.0,522.535
12.0,3.6,37.35,0.0,625.078
12.7,4.8,38.81,0.0,674.793
12.2,2.4,39.78,0.0,687.569
15.2,1.32,47.24,0.0,635.798
9.1,2.52,42.83,0.0,499.067
6.9,1.92,38.71,0.0,256.969
9.6,2.76,42.42,0.0,138.74
12.7,1.2,44.4,0.0,104.112
9.6,2.16,36.46,0.0,21.4038
11.9,2.4,36.3,0.0,0.0
11.0,2.04,33.45,0.0,0.0
8.8,0.36,28.8,0.0,0.0
6.4,1.44,23.36,0.0,0.0
7.5,0.6,24.14,0.0,0.0
7.5,0.0,22.41,0.0,0.0
7.3,0.0,20.46,0.0,0.0
8.5,0.24,21.57,0.0,0.0
5.4,1.56,16.01,0.0,0.0
7.8,0.36,18.71,0.0,0.0
10.8,3.48,28.72,0.0,0.0
8.0,17.76,31.87,0.0,66.835
12.5,12.48,41.33,0.0,217.158
10.9,9.96,39.74,0.0,391.133
9.9,5.4,38.51,0.0,542.492
9.5,1.2,37.3,0.0,642.953
10.2,2.88,38.49,0.0,695.6510000000001
12.0,4.32,41.19,0.0,687.564
12.1,2.28,43.93,0.0,678.802
8.4,3.96,42.66,0.0,601.078
8.8,1.8,45.18,0.0,477.36
11.6,3.96,49.71,0.0,326.41900000000004
13.8,6.36,50.5,0.0,153.082
12.0,0.96,42.75,0.0,23.6115
8.0,2.88,33.71,0.0,0.0
7.7,2.4,31.6,0.0,0.0
8.6,5.04,30.74,0.0,0.0
5.9,2.04,26.31,0.0,0.0
10.0,0.72,31.61,0.0,0.0
4.1,1.32,22.89,0.0,0.0
7.0,0.12,25.6,0.0,0.0
5.3,0.12,21.26,0.0,0.0
6.9,1.68,23.13,0.0,0.0
8.1,3.48,24.71,0.0,0.0
7.9,5.28,29.19,0.0,0.0
10.7,11.4,39.15,0.0,66.704
12.2,13.2,42.45,0.0,215.399
12.8,10.56,43.71,0.0,385.912
12.3,7.32,42.97,0.0,529.239
14.0,0.84,43.31,0.0,633.806
10.6,3.84,38.04,0.0,691.193
16.0,3.48,46.46,0.0,691.709
12.2,2.28,44.42,0.0,664.475
11.2,0.48,47.39,0.0,600.355
10.6,1.32,49.31,0.0,482.302
9.2,1.92,48.57,0.0,327.466
14.8,1.32,53.4,0.0,151.211
9.4,1.08,40.14,0.0,23.622
9.0,2.04,34.74,0.0,0.0
9.1,2.04,33.55,0.0,0.0
9.7,1.2,31.89,0.0,0.0
12.9,0.36,34.11,0.0,0.0
5.6,0.6,24.03,0.0,0.0
5.0,0.24,23.15,0.0,0.0
3.7,1.68,19.0,0.0,0.0
4.0,0.24,18.69,0.0,0.0
5.5,0.12,20.85,0.0,0.0
6.0,1.2,20.37,0.0,0.0
8.9,5.4,29.24,0.0,0.0
11.9,21.48,39.29,0.0,66.1469
10.0,8.88,38.34,0.0,213.213
9.0,12.96,38.6,0.0,365.04
10.5,6.24,40.47,0.0,493.794
11.6,2.4,40.68,0.0,614.622
10.5,6.0,40.58,0.0,680.5830000000001
11.6,1.2,44.55,0.0,666.418
12.1,2.52,48.28,0.0,628.133
7.6,1.68,46.02,0.0,585.953
10.0,0.6,51.92,0.0,475.039
11.7,1.32,55.18,0.0,325.79400000000004
17.3,0.96,58.45,0.0,154.181
12.1,1.2,47.76,0.0,23.9303
12.3,3.0,43.14,0.0,0.0
10.4,5.88,37.85,0.0,0.0
9.0,1.2,33.02,0.0,0.0
6.7,2.28,27.97,0.0,0.0
6.8,0.36,26.54,0.0,0.0
9.6,0.12,28.6,0.0,0.0
7.2,0.0,23.23,0.0,0.0
4.8,0.36,18.27,0.0,0.0
4.6,0.24,17.39,0.0,0.0
4.3,2.04,16.82,0.0,0.0
7.0,7.56,26.88,0.0,0.0
10.5,6.84,38.85,0.0,65.6415
10.3,10.32,40.22,0.0,211.614
9.4,3.36,39.65,0.0,366.954
10.8,7.2,41.42,0.0,519.744
14.7,8.64,46.12,0.0,603.183
14.3,3.72,45.21,0.0,673.2660000000001
11.7,6.48,42.75,0.0,673.796
8.7,2.28,42.7,0.0,658.573
8.8,3.24,47.18,0.0,589.606
9.4,0.72,50.96,0.0,480.622
11.9,2.64,55.78,0.0,324.584
9.5,5.16,51.33,0.0,153.29
12.3,4.92,48.66,0.0,23.7995
12.2,1.32,43.77,0.0,0.0
11.7,0.84,41.59,0.0,0.0
10.5,2.88,38.79,0.0,0.0
5.2,0.84,29.85,0.0,0.0
5.5,2.28,28.31,0.0,0.0
8.0,1.56,29.93,0.0,0.0
6.2,0.0,25.0,0.0,0.0
4.6,0.24,21.13,0.0,0.0
4.4,0.0,19.39,0.0,0.0
7.7,1.92,23.67,0.0,0.0
11.1,7.56,33.76,0.0,0.0
9.0,9.12,37.69,0.0,65.3317
11.3,9.36,43.64,0.0,211.267
10.4,11.04,42.76,0.0,380.469
10.5,5.28,41.77,0.0,517.638
10.4,4.68,39.58,0.0,618.453
12.7,2.4,42.56,0.0,672.922
11.7,1.56,42.77,0.0,687.187
10.1,3.6,44.36,0.0,659.3539999999999
10.0,1.68,48.89,0.0,578.472
9.0,1.32,50.57,0.0,478.524
13.5,4.8,57.08,0.0,322.933
16.0,2.52,57.8,0.0,151.378
9.6,3.24,46.79,0.0,23.7317
12.2,2.52,45.55,0.0,0.0
7.8,1.08,38.12,0.0,0.0
9.2,0.84,39.03,0.0,0.0
6.9,1.08,34.49,0.0,0.0
5.9,1.32,31.09,0.0,0.0
5.4,0.36,27.87,0.0,0.0
6.8,0.24,27.7,0.0,0.0
6.5,0.72,25.52,0.0,0.0
6.7,0.36,24.01,0.0,0.0
4.7,0.36,19.96,0.0,0.0
7.1,0.72,28.99,0.0,0.0
8.3,1.08,37.99,0.0,65.0302
13.1,7.32,46.61,0.0,208.698
8.1,24.12,41.54,0.0,369.68
12.9,14.04,47.44,0.0,505.673
8.0,4.68,40.25,0.0,621.2
11.5,8.52,44.19,0.0,671.5880000000001
12.7,9.24,46.8,0.0,687.095
13.5,5.52,50.87,0.0,672.304
10.2,6.48,50.34,0.0,587.491
8.7,4.32,48.72,0.0,282.1
12.6,3.48,58.29,0.0,311.501
12.2,2.52,56.32,0.0,155.73
9.4,5.88,45.48,0.0,24.8462
13.5,8.16,46.09,0.0,0.0
11.4,0.84,41.18,0.0,0.0
10.0,0.36,36.83,0.0,0.0
6.5,0.72,30.21,0.0,0.0
5.8,0.48,27.97,0.0,0.0
10.8,0.24,34.05,0.0,0.0
5.3,0.24,23.39,0.0,0.0
5.6,0.12,22.92,0.0,0.0
7.4,0.36,25.65,0.0,0.0
8.3,2.4,26.72,0.0,0.0
6.8,4.68,29.74,0.0,0.0
13.1,12.48,45.27,0.0,64.9773
13.3,12.0,45.46,0.0,208.39
11.3,16.8,41.4,0.0,235.475
11.9,4.32,45.4,0.0,517.427
10.8,7.44,43.01,0.0,608.2869999999999
11.1,1.08,42.98,0.0,645.015
11.7,1.56,44.56,0.0,353.55800000000005
11.4,1.08,45.01,0.0,278.371
14.0,3.24,46.97,0.0,171.25099999999998
12.0,2.04,45.36,0.0,185.004
15.3,3.0,50.23,0.0,173.453
9.9,2.4,41.78,0.0,101.817
10.4,1.2,39.35,0.0,23.1927
8.6,3.24,33.83,0.0,0.0
10.9,2.16,35.77,0.0,0.0
8.3,1.68,29.96,0.0,0.0
4.1,2.88,22.84,0.0,0.0
4.7,1.08,23.23,0.0,0.0
5.1,0.24,23.26,0.0,0.0
7.1,3.0,25.86,0.0,0.0
4.5,0.12,20.55,0.0,0.0
8.7,1.44,26.74,0.0,0.0
5.8,0.96,21.34,0.0,0.0
6.2,3.12,24.45,0.0,0.0
7.3,18.84,32.24,0.0,75.7317
11.6,11.76,40.31,0.0,198.318
10.6,9.6,35.74,0.0,235.12
9.8,8.4,28.84,0.0,78.1662
12.2,2.76,30.7,0.0,105.645
12.6,6.72,32.63,0.0,266.656
9.2,2.76,25.37,0.0,99.688
13.0,5.64,30.28,0.0,121.33
8.2,4.8,23.16,0.0,153.851
6.5,0.48,21.42,0.0,152.19299999999998
10.5,6.24,29.0,0.0,154.602
11.8,4.68,31.35,0.0,87.4988
9.9,4.8,27.11,0.0,25.5309
8.6,1.8,22.2,0.0,0.0
12.6,1.32,27.94,0.0,0.0
11.1,4.08,23.88,0.0,0.0
6.0,2.64,14.99,0.0,0.0
6.5,0.36,15.44,0.0,0.0
7.2,0.48,16.12,0.0,0.0
5.4,0.12,12.7,0.0,0.0
5.7,0.0,12.5,0.0,0.0
5.1,3.36,11.03,0.0,0.0
8.2,0.6,15.36,0.0,0.0
7.5,11.52,17.33,0.0,0.0
10.9,15.48,29.77,0.0,74.0524
10.7,12.36,33.26,0.0,206.092
11.4,12.0,36.82,0.0,334.617
12.1,3.72,39.43,0.0,470.30300000000005
12.0,2.4,38.79,0.0,600.251
11.9,1.08,39.14,0.0,649.887
10.6,2.4,38.92,0.0,635.315
13.4,3.6,47.72,0.0,652.957
6.1,1.8,43.62,0.0,586.064
8.7,0.6,50.22,0.0,463.649
9.8,2.4,52.23,0.0,306.81
14.3,1.32,54.27,0.0,133.15200000000002
10.6,2.88,43.49,0.0,17.6549
9.5,3.84,40.06,0.0,0.0
12.7,1.08,43.03,0.0,0.0
11.3,0.84,39.53,0.0,0.0
9.8,0.12,36.09,0.0,0.0
8.4,0.36,32.29,0.0,0.0
5.5,1.32,26.44,0.0,0.0
8.5,0.12,30.0,0.0,0.0
6.4,2.76,25.36,0.0,0.0
4.7,0.0,21.93,0.0,0.0
6.7,1.08,24.96,0.0,0.0
8.1,3.48,28.8,0.0,0.0
8.6,18.84,34.38,0.0,77.1862
11.2,9.24,42.0,0.0,204.449
12.9,17.64,44.62,0.0,326.823
10.3,6.0,40.79,0.0,410.652
10.1,3.48,41.47,0.0,346.2
12.3,7.08,45.57,0.0,577.518
17.1,1.68,52.18,0.0,667.638
10.5,0.84,42.34,0.0,424.485
9.9,1.92,37.81,0.0,193.232
8.4,1.92,36.02,0.0,161.082
11.7,2.28,46.48,0.0,259.308
15.8,1.32,51.46,0.0,135.205
14.5,3.48,42.67,0.0,1.2139
11.0,5.76,35.1,0.0,0.0
10.0,3.36,31.82,0.0,0.0
9.2,1.08,29.9,0.0,0.0
7.7,1.32,27.53,0.0,0.0
7.1,2.04,26.0,0.0,0.0
5.7,4.08,22.92,0.0,0.0
4.5,0.24,20.37,0.0,0.0
5.9,1.92,22.6,0.0,0.0
3.9,0.12,18.64,0.0,0.0
9.0,3.24,26.95,0.0,0.0
5.3,3.96,25.33,0.0,0.0
7.5,10.32,31.93,0.0,64.9198
14.2,6.6,39.08,0.0,61.9988
12.4,12.12,39.87,0.0,317.92400000000004
12.8,3.72,41.59,0.0,396.778
12.1,2.04,39.47,0.0,454.826
12.3,0.96,40.01,0.0,557.503
10.5,4.32,36.35,0.0,217.22
11.2,1.56,34.89,0.0,189.1
7.0,0.84,29.55,0.0,324.571
14.0,3.24,40.19,0.0,268.362
13.5,0.96,37.96,0.0,193.208
11.9,3.48,34.78,0.0,113.82
10.4,2.4,29.78,0.0,25.2816
11.5,2.4,28.58,0.0,0.0
11.8,2.88,28.39,0.0,0.0
9.4,0.36,23.57,0.0,0.0
5.3,0.48,16.78,0.0,0.0
5.6,1.56,17.34,0.0,0.0
5.7,0.84,17.66,0.0,0.0
5.3,0.36,17.68,0.0,0.0
6.0,0.12,20.92,0.0,0.0
6.1,0.24,22.14,0.0,0.0
6.5,1.92,23.4,0.0,0.0
8.4,4.92,33.65,0.0,0.0
11.0,11.76,44.36,0.0,64.1632
14.2,8.88,49.58,0.0,207.783
11.0,10.44,46.14,0.0,367.508
11.5,3.6,47.89,0.0,438.574
11.4,1.92,48.02,0.0,533.364
13.5,1.32,51.86,0.0,633.9580000000001
12.7,2.52,51.59,0.0,484.382
11.9,5.04,50.08,0.0,328.64
10.1,2.52,48.56,0.0,367.028
7.7,1.92,47.47,0.0,407.019
14.1,4.44,55.58,0.0,237.551
12.7,5.76,52.77,0.0,121.422
12.4,3.96,48.29,0.0,25.9138
11.4,1.08,42.73,0.0,0.0
6.2,1.2,33.9,0.0,0.0
12.8,4.2,42.44,0.0,0.0
8.1,0.72,33.38,0.0,0.0
6.3,0.12,29.58,0.0,0.0
6.9,0.24,29.81,0.0,0.0
7.0,0.24,28.83,0.0,0.0
8.6,0.24,29.53,0.0,0.0
6.7,1.56,24.39,0.0,0.0
5.8,2.52,22.86,0.0,0.0
9.6,0.24,35.51,0.0,0.0
6.9,1.2,35.26,0.0,66.6805
9.5,13.8,40.39,0.0,197.466
11.9,16.44,40.89,0.0,242.554
12.2,15.0,44.04,0.0,490.44
13.3,3.72,47.58,0.0,540.8530000000001
10.8,1.56,44.65,0.0,521.321
11.5,2.88,42.87,0.0,377.735
10.5,4.8,40.23,0.0,402.091
12.8,8.76,44.03,0.0,246.854
12.2,3.72,48.91,0.0,422.087
13.3,3.0,49.88,0.0,296.153
9.9,2.52,44.61,0.0,148.993
9.7,1.2,40.54,0.0,26.4156
14.3,2.52,42.24,0.0,0.0
6.4,2.4,28.68,0.0,0.0
7.7,2.76,29.5,0.0,0.0
6.4,0.72,26.88,0.0,0.0
6.4,0.36,26.33,0.0,0.0
5.8,0.24,24.69,0.0,0.0
5.9,0.12,24.03,0.0,0.0
6.0,0.12,23.33,0.0,0.0
3.7,1.56,19.25,0.0,0.0
8.7,2.52,28.83,0.0,0.0
6.1,3.12,30.44,0.0,0.0
9.4,13.92,42.97,0.0,63.3574
13.8,12.36,49.56,0.0,205.947
10.5,25.32,46.18,0.0,347.964
9.9,4.92,45.19,0.0,443.473
13.4,4.32,49.47,0.0,642.106
11.1,4.92,46.03,0.0,590.645
13.9,1.08,52.33,0.0,525.3580000000001
11.9,1.56,50.74,0.0,527.447
10.6,3.0,52.02,0.0,489.115
11.7,2.4,54.66,0.0,419.047
13.1,4.44,55.23,0.0,267.469
11.5,1.44,50.18,0.0,124.399
10.5,1.44,44.43,0.0,27.2399
9.1,4.2,38.73,0.0,0.0
8.9,1.68,37.05,0.0,0.0
6.7,2.52,32.25,0.0,0.0
5.9,3.72,29.9,0.0,0.0
7.4,2.16,31.27,0.0,0.0
5.6,0.0,27.36,0.0,0.0
5.9,0.12,27.36,0.0,0.0
10.9,0.12,35.62,0.0,0.0
4.7,1.68,24.17,0.0,0.0
7.1,1.44,28.39,0.0,0.0
8.5,2.28,36.48,0.0,0.0
14.9,16.44,51.72,0.0,63.2364
10.7,14.04,46.16,0.0,206.883
8.7,9.72,44.2,0.0,377.111
13.1,7.44,50.1,0.0,521.294
15.3,1.68,52.29,0.0,624.8290000000001
11.8,3.72,48.5,0.0,686.5189999999999
13.2,2.88,51.22,0.0,690.263
8.4,1.44,47.38,0.0,673.1239999999999
10.3,4.92,53.98,0.0,607.2
9.3,2.64,54.62,0.0,492.234
10.9,4.68,58.35,0.0,337.636
14.9,8.76,59.68,0.0,161.266
12.2,1.68,50.95,0.0,28.0878
10.1,2.16,43.48,0.0,0.0
8.4,2.88,39.59,0.0,0.0
10.0,2.76,39.78,0.0,0.0
6.5,2.52,32.8,0.0,0.0
7.9,0.36,33.59,0.0,0.0
4.4,0.36,26.85,0.0,0.0
6.5,0.36,29.19,0.0,0.0
6.0,0.24,26.92,0.0,0.0
12.1,0.24,36.31,0.0,0.0
6.9,3.36,26.42,0.0,0.0
10.1,4.44,37.59,0.0,0.0
13.2,15.48,48.39,0.0,63.0528
13.3,8.4,48.68,0.0,205.768
11.3,17.4,46.7,0.0,373.62
10.2,9.12,46.11,0.0,521.2330000000001
9.0,1.8,44.64,0.0,621.906
14.7,3.36,52.12,0.0,681.882
13.1,3.84,51.02,0.0,691.8639999999999
13.8,1.44,54.54,0.0,680.85
7.7,1.2,50.64,0.0,608.515
6.9,0.96,52.33,0.0,493.108
11.4,0.96,59.58,0.0,338.93699999999995
14.0,0.96,59.96,0.0,162.308
10.3,2.52,50.01,0.0,28.9026
11.7,2.28,45.98,0.0,0.0
10.3,4.44,41.47,0.0,0.0
11.6,2.88,41.82,0.0,0.0
6.0,0.48,31.67,0.0,0.0
10.9,0.24,37.82,0.0,0.0
5.0,0.24,27.08,0.0,0.0
7.0,0.24,29.32,0.0,0.0
7.0,2.16,28.14,0.0,0.0
8.2,0.12,29.54,0.0,0.0
6.2,3.12,25.54,0.0,0.0
6.1,3.6,29.55,0.0,0.0
12.6,21.6,45.79,0.0,35.9021
11.1,10.44,45.19,0.0,171.225
12.9,17.88,48.85,0.0,370.714
10.8,5.28,47.04,0.0,494.783
11.1,4.32,47.62,0.0,591.146
13.5,6.96,51.43,0.0,595.244
11.0,1.56,48.96,0.0,582.393
12.1,1.92,52.92,0.0,556.724
9.4,4.44,51.71,0.0,518.029
11.1,1.2,55.8,0.0,445.711
8.5,1.8,52.83,0.0,309.875
9.2,0.84,51.94,0.0,147.222
14.5,1.44,53.03,0.0,27.6683
8.1,1.8,39.15,0.0,0.0
9.4,4.56,40.0,0.0,0.0
6.9,1.56,34.2,0.0,0.0
7.8,2.04,33.45,0.0,0.0
4.4,0.36,26.65,0.0,0.0
4.2,0.24,25.64,0.0,0.0
6.6,0.36,28.68,0.0,0.0
7.0,0.36,27.9,0.0,0.0
5.7,0.36,24.26,0.0,0.0
4.9,2.64,22.47,0.0,0.0
7.0,9.12,32.15,0.0,0.0
12.3,6.48,46.98,0.0,63.4612
14.6,10.08,49.68,0.0,204.053
12.6,2.76,47.71,0.0,371.47
11.7,4.2,47.61,0.0,449.756
10.9,2.64,45.82,0.0,615.245
11.7,2.04,47.79,0.0,663.497
14.3,5.64,52.93,0.0,623.803
11.9,4.2,52.04,0.0,546.368
11.0,3.12,53.5,0.0,514.3480000000001
8.6,2.28,51.8,0.0,384.505
11.4,3.0,56.99,0.0,287.571
12.5,3.84,56.7,0.0,151.29
11.7,2.16,50.05,0.0,27.1397
9.8,1.32,42.67,0.0,0.0
10.5,1.2,41.55,0.0,0.0
10.0,2.64,38.17,0.0,0.0
7.7,0.84,33.29,0.0,0.0
8.2,1.56,32.85,0.0,0.0
6.7,0.36,28.98,0.0,0.0
5.8,0.12,26.45,0.0,0.0
7.0,0.0,27.07,0.0,0.0
6.6,0.0,24.93,0.0,0.0
5.3,0.72,22.72,0.0,0.0
8.0,6.36,32.72,0.0,0.0
11.4,13.08,43.51,0.0,64.7494
11.8,8.04,44.49,0.0,195.2
13.2,5.88,47.71,0.0,369.76
9.6,5.04,43.96,0.0,426.086
12.1,1.56,49.5,0.0,474.05
14.4,3.72,52.69,0.0,456.709
13.4,1.56,51.79,0.0,440.601
10.5,6.36,49.04,0.0,503.119
9.0,2.16,49.85,0.0,479.537
11.2,0.96,53.93,0.0,358.29
11.3,2.16,56.04,0.0,256.72900000000004
8.2,2.52,53.14,0.0,161.276
12.6,2.52,52.01,0.0,29.1015
7.0,2.4,38.6,0.0,0.0
8.9,8.4,39.65,0.0,0.0
8.3,6.96,37.4,0.0,0.0
8.3,1.92,36.35,0.0,0.0
9.1,0.48,36.12,0.0,0.0
6.3,1.44,30.77,0.0,0.0
8.2,1.08,32.3,0.0,0.0
5.1,0.24,26.21,0.0,0.0
5.5,1.44,26.48,0.0,0.0
4.6,0.0,24.03,0.0,0.0
8.5,1.68,35.57,0.0,0.0
8.9,1.32,42.84,0.0,62.2554
15.0,9.24,51.41,0.0,199.734
10.1,10.56,45.49,0.0,349.142
9.5,12.72,44.67,0.0,479.311
9.7,4.68,44.21,0.0,597.773
13.1,9.72,48.65,0.0,607.003
11.4,3.36,48.14,0.0,657.132
9.4,3.84,49.49,0.0,642.596
11.6,1.56,55.86,0.0,575.7080000000001
10.9,6.0,56.8,0.0,476.448
16.0,2.88,58.94,0.0,318.507
10.2,2.16,55.65,0.0,141.502
10.2,3.84,51.07,0.0,27.2362
8.1,2.52,44.78,0.0,0.0
11.7,2.64,48.55,0.0,0.0
5.5,2.16,37.45,0.0,0.0
6.3,1.44,36.53,0.0,0.0
5.6,1.2,32.54,0.0,0.0
8.1,0.36,34.03,0.0,0.0
4.5,2.04,25.7,0.0,0.0
8.9,0.12,31.08,0.0,0.0
10.2,1.44,31.49,0.0,0.0
6.3,0.36,24.18,0.0,0.0
6.8,5.28,31.05,0.0,0.0
8.7,8.28,41.33,0.0,61.7639
12.3,4.56,47.39,0.0,200.571
12.1,19.08,47.43,0.0,361.518
11.6,5.64,47.68,0.0,502.955
12.8,4.92,49.56,0.0,587.415
11.2,4.2,47.56,0.0,653.29
13.3,5.88,50.74,0.0,573.754
14.1,2.28,49.22,0.0,219.86
11.2,0.84,43.97,0.0,190.241
12.1,5.28,50.83,0.0,347.366
10.1,4.2,52.23,0.0,279.973
12.0,2.04,53.89,0.0,144.611
12.7,0.48,48.83,0.0,28.7887
9.0,3.72,39.38,0.0,0.0
8.7,1.08,37.96,0.0,0.0
7.2,0.72,34.18,0.0,0.0
9.0,3.0,35.26,0.0,0.0
7.0,1.68,30.41,0.0,0.0
4.9,0.12,25.74,0.0,0.0
3.7,0.0,22.89,0.0,0.0
6.6,0.12,27.21,0.0,0.0
6.3,5.04,25.76,0.0,0.0
5.2,0.48,23.92,0.0,0.0
9.2,2.64,35.07,0.0,0.0
9.3,15.84,42.2,0.0,70.425
12.0,10.2,49.2,0.0,197.317
9.7,7.44,46.18,0.0,361.371
8.7,7.68,45.16,0.0,494.413
13.5,1.68,51.2,0.0,588.448
12.8,3.24,50.95,0.0,653.72
15.3,4.32,54.88,0.0,532.886
13.0,3.84,49.54,0.0,250.669
8.6,5.76,43.16,0.0,293.342
10.0,2.64,49.45,0.0,329.19800000000004
10.1,5.88,50.93,0.0,246.057
9.6,5.16,48.51,0.0,127.475
9.5,1.2,42.8,0.0,27.9964
8.6,2.28,36.37,0.0,0.0
10.5,0.84,36.99,0.0,0.0
15.0,2.28,41.25,0.0,0.0
9.8,3.6,31.59,0.0,0.0
6.5,1.2,25.59,0.0,0.0
3.4,0.36,19.62,0.0,0.0
9.9,0.6,28.71,0.0,0.0
8.9,0.36,26.34,0.0,0.0
6.2,5.16,22.02,0.0,0.0
6.9,1.8,23.17,0.0,0.0
8.9,5.04,31.86,0.0,0.0
10.3,7.32,39.17,0.0,63.6887
13.0,9.72,40.31,0.0,154.54399999999998
10.7,9.0,38.49,0.0,252.614
11.1,5.4,42.57,0.0,433.935
12.2,1.32,44.57,0.0,389.328
12.1,6.48,43.75,0.0,176.817
13.6,0.6,49.48,0.0,435.447
7.6,4.68,44.85,0.0,480.197
10.0,1.56,50.16,0.0,504.214
8.1,0.6,44.62,0.0,261.949
10.8,0.72,46.42,0.0,90.878
13.0,2.4,50.33,0.0,79.6876
13.1,1.68,46.9,0.0,25.6455
11.8,1.2,41.37,0.0,0.0
8.5,3.12,34.62,0.0,0.0
16.6,1.8,43.81,0.0,0.0
5.8,0.6,27.02,0.0,0.0
10.0,0.12,33.52,0.0,0.0
7.2,0.24,27.78,0.0,0.0
6.0,0.24,23.54,0.0,0.0
5.6,3.72,21.63,0.0,0.0
7.5,1.8,23.67,0.0,0.0
6.8,3.48,21.33,0.0,0.0
6.5,5.64,26.33,0.0,0.0
9.1,8.52,37.38,0.0,60.9746
11.1,12.96,39.16,0.0,186.276
11.1,18.72,37.43,0.0,221.019
14.2,5.76,43.33,0.0,238.536
10.8,3.0,42.0,0.0,438.634
13.4,7.8,47.27,0.0,495.953
13.7,2.16,47.46,0.0,357.965
12.1,3.24,43.39,0.0,278.155
11.6,1.44,41.06,0.0,232.435
9.5,0.36,38.49,0.0,241.192
12.1,3.36,45.06,0.0,232.11900000000003
13.5,2.88,47.45,0.0,135.66899999999998
12.2,1.08,40.55,0.0,29.5313
10.0,2.88,32.9,0.0,0.0
9.7,3.48,31.13,0.0,0.0
8.5,3.12,27.97,0.0,0.0
8.9,1.08,27.65,0.0,0.0
4.3,0.84,19.35,0.0,0.0
6.7,1.32,22.67,0.0,0.0
4.3,0.12,17.91,0.0,0.0
6.8,0.24,20.9,0.0,0.0
7.9,0.0,22.01,0.0,0.0
4.9,3.0,16.99,0.0,0.0
5.7,7.32,23.98,0.0,0.0
15.9,7.8,47.8,0.0,60.4893
11.0,9.24,40.55,0.0,196.942
12.1,4.8,43.66,0.0,345.717
8.0,9.96,39.96,0.0,483.333
12.9,2.4,47.92,0.0,488.015
12.7,3.12,44.75,0.0,362.797
13.5,0.72,43.79,0.0,250.864
11.8,2.28,46.86,0.0,527.341
10.3,2.52,49.8,0.0,527.283
12.2,3.48,55.36,0.0,434.302
10.9,2.4,55.33,0.0,307.115
13.7,5.16,57.55,0.0,161.037
11.1,3.48,49.16,0.0,30.5317
13.0,4.44,46.67,0.0,0.0
15.5,2.4,47.91,0.0,0.0
6.8,0.72,33.27,0.0,0.0
7.2,0.48,32.91,0.0,0.0
6.2,1.32,30.31,0.0,0.0
10.6,0.24,36.49,0.0,0.0
9.2,1.08,32.6,0.0,0.0
7.9,0.12,29.71,0.0,0.0
8.4,1.2,30.36,0.0,0.0
5.6,2.76,25.2,0.0,0.0
10.1,7.2,38.26,0.0,0.0
10.3,12.24,44.21,0.0,60.092
9.0,5.52,44.08,0.0,197.915
7.9,8.52,44.45,0.0,367.061
9.4,4.08,47.43,0.0,510.457
9.2,7.2,46.66,0.0,443.469
12.3,6.96,50.97,0.0,535.189
13.2,3.72,49.22,0.0,416.49300000000005
10.0,3.72,45.02,0.0,309.54
10.6,1.68,51.81,0.0,518.512
9.4,1.56,52.78,0.0,476.557
12.7,2.88,53.53,0.0,320.031
12.7,4.2,52.72,0.0,149.787
12.4,1.92,47.67,0.0,29.8184
10.0,0.6,38.07,0.0,0.0
10.8,6.6,34.52,0.0,0.0
9.2,1.2,28.11,0.0,0.0
4.6,1.56,20.15,0.0,0.0
6.1,1.08,22.29,0.0,0.0
4.6,0.36,19.09,0.0,0.0
4.0,0.36,17.8,0.0,0.0
6.2,0.24,20.47,0.0,0.0
9.0,0.24,24.36,0.0,0.0
7.6,2.76,20.91,0.0,0.0
8.4,1.92,22.61,0.0,0.0
10.5,3.96,25.89,0.0,14.3249
12.5,7.44,27.83,0.0,72.4553
11.5,13.08,28.7,0.0,172.726
9.0,19.08,29.9,0.0,327.181
10.0,4.92,33.68,0.0,323.082
12.5,5.76,38.76,0.0,338.969
15.0,6.72,43.07,0.0,451.783
12.4,4.8,37.08,0.0,303.03700000000003
11.4,7.2,34.15,0.0,237.981
11.7,1.92,33.46,0.0,87.3383
10.3,5.88,32.87,0.0,100.078
9.6,2.4,33.57,0.0,97.0185
9.6,1.8,31.88,0.0,26.1263
8.0,1.92,27.44,0.0,0.0
9.8,0.72,29.12,0.0,0.0
6.8,0.96,22.84,0.0,0.0
7.6,2.76,23.5,0.0,0.0
7.2,0.12,21.94,0.0,0.0
6.3,0.36,19.82,0.0,0.0
7.3,0.24,20.66,0.0,0.0
7.3,0.12,20.81,0.0,0.0
6.3,0.12,19.21,0.0,0.0
9.0,2.52,23.82,0.0,0.0
6.5,4.08,23.1,0.0,0.0
9.0,7.8,33.7,0.0,70.3857
13.0,9.48,44.55,0.0,189.765
13.1,17.52,47.6,0.0,368.315
12.4,1.2,47.34,0.0,479.586
9.9,3.12,42.84,0.0,616.88
12.0,4.2,46.08,0.0,667.875
11.9,7.32,47.74,0.0,607.139
10.0,1.32,48.2,0.0,560.286
14.6,0.96,55.71,0.0,473.611
10.2,1.08,49.06,0.0,318.937
10.4,0.84,49.31,0.0,185.9
11.8,3.6,53.95,0.0,150.159
10.8,2.04,48.02,0.0,30.8865
12.9,2.16,45.87,0.0,0.0
12.1,3.0,42.96,0.0,0.0
9.4,2.28,37.23,0.0,0.0
6.7,1.92,32.37,0.0,0.0
5.5,1.08,29.5,0.0,0.0
6.2,0.24,30.23,0.0,0.0
7.7,0.12,30.88,0.0,0.0
6.6,0.0,27.15,0.0,0.0
5.9,1.68,25.09,0.0,0.0
5.3,0.36,24.17,0.0,0.0
8.4,0.84,35.52,0.0,0.0
8.2,16.08,40.96,0.0,59.8428
12.4,10.44,48.28,0.0,196.738
9.6,7.68,46.4,0.0,364.139
10.3,2.76,47.86,0.0,512.174
12.0,3.84,49.37,0.0,617.726
13.5,10.56,49.99,0.0,665.372
13.3,3.96,49.88,0.0,677.197
11.4,4.8,50.08,0.0,680.5110000000001
10.8,4.2,49.21,0.0,380.027
11.7,4.2,44.89,0.0,89.3983
9.6,3.6,42.16,0.0,111.238
14.8,3.24,48.87,0.0,96.299
10.6,0.6,38.01,0.0,0.0
10.6,5.28,35.38,0.0,0.0
11.5,3.72,34.5,0.0,0.0
10.3,4.2,31.17,0.0,0.0
6.1,3.96,23.5,0.0,0.0
6.1,0.24,22.25,0.0,0.0
6.6,0.48,22.13,0.0,0.0
7.6,0.36,23.39,0.0,0.0
8.3,0.24,24.35,0.0,0.0
9.4,0.12,25.22,0.0,0.0
11.2,1.08,26.3,0.0,0.0
13.1,6.36,32.11,0.0,0.0
11.7,7.8,37.01,0.0,61.5415
9.9,13.32,37.62,0.0,191.345
10.1,4.92,39.31,0.0,330.731
9.6,4.32,40.4,0.0,390.307
10.0,3.0,39.35,0.0,573.602
12.8,8.4,45.37,0.0,460.794
11.6,2.88,39.24,0.0,168.332
10.1,1.2,33.84,0.0,167.49200000000002
9.3,1.32,34.73,0.0,236.889
11.5,2.52,39.53,0.0,234.686
12.8,0.84,42.83,0.0,233.121
15.0,4.32,42.59,0.0,75.4732
13.6,3.24,37.04,0.0,2.12994
14.0,1.32,36.67,0.0,0.0
11.2,1.44,32.11,0.0,0.0
15.6,1.56,38.67,0.0,0.0
4.8,0.84,20.74,0.0,0.0
7.3,0.24,25.31,0.0,0.0
9.0,3.24,27.65,0.0,0.0
4.9,0.24,19.08,0.0,0.0
9.9,0.24,26.66,0.0,0.0
8.3,0.24,23.03,0.0,0.0
10.3,1.56,26.51,0.0,0.0
13.3,2.76,32.41,0.0,0.0
8.9,6.36,29.79,0.0,65.5675
8.7,7.44,32.29,0.0,175.03799999999998
10.5,5.88,36.35,0.0,193.779
12.5,3.72,42.48,0.0,210.293
10.9,4.92,44.22,0.0,397.12
12.2,1.32,47.21,0.0,491.262
12.2,1.56,49.21,0.0,513.694
12.6,2.52,52.11,0.0,553.177
6.3,2.16,46.9,0.0,521.764
8.7,0.72,52.82,0.0,410.571
10.3,2.28,57.2,0.0,324.785
10.6,0.6,55.77,0.0,168.805
11.2,2.76,49.68,0.0,31.3949
10.3,4.92,42.11,0.0,0.0
12.9,1.2,44.1,0.0,0.0
12.4,3.36,41.63,0.0,0.0
7.6,0.6,33.1,0.0,0.0
9.1,0.48,34.21,0.0,0.0
7.8,0.12,31.44,0.0,0.0
13.5,0.36,39.64,0.0,0.0
9.2,0.48,30.94,0.0,0.0
5.2,0.12,24.01,0.0,0.0
7.5,3.12,27.94,0.0,0.0
8.2,9.12,34.22,0.0,0.0
10.3,12.12,43.84,0.0,58.3569
9.0,9.0,44.28,0.0,195.21
17.2,10.8,54.66,0.0,359.31300000000005
14.0,7.08,51.91,0.0,502.407
9.1,2.4,47.06,0.0,545.735
13.4,1.92,52.43,0.0,560.368
13.1,3.12,53.76,0.0,493.121
11.3,2.64,54.52,0.0,474.884
9.6,1.8,55.34,0.0,512.77
12.5,2.76,57.65,0.0,356.153
10.4,0.72,58.14,0.0,304.615
10.7,0.72,57.31,0.0,147.851
12.0,1.56,54.61,0.0,30.7966
14.2,4.2,51.83,0.0,0.0
13.2,4.44,48.42,0.0,0.0
8.4,0.6,38.14,0.0,0.0
9.8,0.24,38.2,0.0,0.0
5.0,1.32,29.03,0.0,0.0
10.0,0.24,35.35,0.0,0.0
7.6,0.24,29.79,0.0,0.0
12.9,0.0,37.02,0.0,0.0
9.3,0.12,30.04,0.0,0.0
6.0,0.12,24.92,0.0,0.0
8.5,2.64,31.61,0.0,0.0
11.1,12.6,42.33,0.0,63.6335
10.2,2.28,42.89,0.0,183.334
9.2,8.76,45.1,0.0,358.367
9.5,6.36,46.17,0.0,502.097
13.2,2.88,50.89,0.0,605.482
16.6,1.32,54.25,0.0,628.656
10.4,1.44,49.66,0.0,455.098
11.4,6.84,51.0,0.0,444.487
9.9,0.24,46.96,0.0,315.97700000000003
13.9,0.72,51.71,0.0,250.777
13.6,3.24,51.41,0.0,215.546
10.9,5.88,46.0,0.0,100.441
13.3,3.36,46.29,0.0,27.7286
11.5,1.08,39.31,0.0,0.0
12.3,1.32,38.14,0.0,0.0
7.3,2.04,28.86,0.0,0.0
9.1,2.52,30.34,0.0,0.0
6.2,1.32,25.32,0.0,0.0
4.4,2.28,22.62,0.0,0.0
6.6,0.12,26.5,0.0,0.0
6.7,0.0,26.12,0.0,0.0
7.1,0.12,26.16,0.0,0.0
8.3,0.0,28.43,0.0,0.0
5.8,2.4,25.15,0.0,0.0
10.7,0.72,35.96,0.0,41.5574
12.5,7.08,41.01,0.0,148.153
12.5,3.84,43.49,0.0,245.628
9.0,12.24,40.82,0.0,307.35900000000004
10.0,9.96,44.36,0.0,412.21
10.8,4.56,46.44,0.0,584.094
12.4,1.8,49.15,0.0,670.816
11.8,3.0,51.97,0.0,631.804
8.8,4.68,46.67,0.0,560.196
12.1,2.88,52.57,0.0,382.648
10.8,1.8,41.93,0.0,84.4295
9.8,3.48,35.35,0.0,24.7798
11.5,1.92,35.49,0.0,8.6618
12.2,1.44,33.0,0.0,0.0
8.6,0.96,26.07,0.0,0.0
9.0,0.72,25.02,0.0,0.0
7.7,0.6,21.21,0.0,0.0
7.0,0.24,19.25,0.0,0.0
10.3,0.24,24.77,0.0,0.0
10.6,0.12,24.98,0.0,0.0
9.2,0.36,22.45,0.0,0.0
8.0,0.0,20.75,0.0,0.0
6.4,1.32,18.44,0.0,0.0
6.6,2.52,20.1,0.0,0.0
10.1,5.76,28.76,0.0,47.2791
12.5,10.68,35.54,0.0,149.142
9.6,7.32,35.46,0.0,270.117
9.7,9.72,40.47,0.0,417.783
15.6,4.44,51.39,0.0,496.27
14.2,6.96,50.37,0.0,577.405
11.0,4.68,48.53,0.0,555.924
11.4,7.56,52.31,0.0,522.227
11.5,2.64,53.98,0.0,430.806
8.0,6.36,51.1,0.0,372.897
11.8,0.6,57.63,0.0,285.918
14.6,2.16,59.63,0.0,158.207
12.1,0.84,53.33,0.0,31.5086
15.6,2.64,51.41,0.0,0.0
10.3,3.48,42.73,0.0,0.0
13.8,1.68,46.05,0.0,0.0
8.0,1.56,35.8,0.0,0.0
10.8,0.48,39.43,0.0,0.0
6.0,0.0,30.85,0.0,0.0
8.1,0.0,33.46,0.0,0.0
6.0,0.12,28.98,0.0,0.0
6.4,0.6,29.17,0.0,0.0
8.9,3.0,32.83,0.0,0.0
6.9,2.4,33.67,0.0,0.0
10.9,12.12,46.62,0.0,56.7844
11.4,3.84,48.32,0.0,191.899
10.3,9.48,47.84,0.0,361.19
10.4,9.12,48.43,0.0,504.258
10.4,3.24,48.59,0.0,617.373
10.2,3.48,48.46,0.0,681.675
10.3,1.56,49.62,0.0,692.185
14.0,2.16,56.64,0.0,660.429
10.0,5.04,56.74,0.0,608.867
13.0,0.12,60.12,0.0,495.628
13.6,1.44,60.31,0.0,306.381
13.3,1.92,59.77,0.0,157.153
9.7,0.84,52.07,0.0,29.6843
12.7,4.2,50.15,0.0,0.0
9.8,1.44,43.71,0.0,0.0
8.1,1.68,39.34,0.0,0.0
9.1,0.48,39.38,0.0,0.0
6.8,0.36,34.01,0.0,0.0
7.8,0.12,33.99,0.0,0.0
8.1,0.24,32.89,0.0,0.0
9.3,0.36,33.51,0.0,0.0
10.9,0.24,35.26,0.0,0.0
11.6,1.8,35.65,0.0,0.0
12.5,3.72,41.15,0.0,0.0
8.8,12.24,42.09,0.0,56.4983
12.0,7.44,48.59,0.0,192.424
9.9,8.04,47.14,0.0,360.36300000000006
11.9,5.76,50.38,0.0,509.449
12.4,0.48,51.08,0.0,608.687
11.6,7.44,48.86,0.0,619.0930000000001
11.3,0.72,49.4,0.0,639.306
14.2,1.44,52.96,0.0,488.283
8.9,0.6,45.58,0.0,483.685
9.1,0.48,50.57,0.0,407.92800000000005
9.7,1.56,51.35,0.0,340.514
12.4,2.64,54.45,0.0,169.791
10.2,4.32,47.46,0.0,31.6405
13.0,2.4,44.98,0.0,0.0
14.6,3.12,45.01,0.0,0.0
9.5,0.96,35.83,0.0,0.0
11.4,0.6,37.52,0.0,0.0
5.0,0.36,26.1,0.0,0.0
4.0,0.48,23.48,0.0,0.0
11.3,0.24,34.23,0.0,0.0
6.2,0.12,24.29,0.0,0.0
9.9,0.24,29.96,0.0,0.0
7.4,1.08,24.99,0.0,0.0
10.4,0.96,34.79,0.0,0.0
12.7,7.68,44.9,0.0,56.4181
13.4,9.24,46.92,0.0,189.191
11.9,13.68,45.69,0.0,341.226
10.8,9.24,44.67,0.0,478.439
9.6,3.6,43.2,0.0,607.3430000000001
13.5,3.24,49.92,0.0,667.543
13.8,2.04,51.64,0.0,683.7280000000001
13.2,1.68,52.21,0.0,495.902
9.8,2.52,44.53,0.0,254.466
12.5,0.84,52.56,0.0,441.33
8.7,1.44,49.32,0.0,239.942
12.6,1.08,53.55,0.0,109.89
7.9,0.48,43.64,0.0,28.8634
12.1,1.32,44.15,0.0,0.0
8.3,1.8,36.75,0.0,0.0
9.3,2.52,36.79,0.0,0.0
7.7,1.08,33.0,0.0,0.0
9.9,0.24,34.67,0.0,0.0
5.9,3.48,26.82,0.0,0.0
6.3,2.28,26.39,0.0,0.0
7.5,0.12,27.35,0.0,0.0
5.3,0.0,23.29,0.0,0.0
11.2,1.2,32.97,0.0,0.0
8.1,10.32,30.94,0.0,0.0
11.9,8.76,44.44,0.0,55.2674
12.6,7.08,47.26,0.0,183.976
12.5,8.16,47.05,0.0,353.166
10.8,4.8,45.86,0.0,490.36
13.5,2.64,46.36,0.0,587.4119999999999
11.8,4.32,43.67,0.0,516.4540000000001
11.4,4.92,43.11,0.0,233.24
13.3,1.56,49.03,0.0,515.352
10.3,8.28,47.28,0.0,395.146
9.5,0.84,47.61,0.0,375.366
10.3,0.84,46.97,0.0,277.237
11.5,3.36,49.89,0.0,168.85299999999998
9.5,3.0,43.77,0.0,30.9524
14.9,3.12,45.59,0.0,0.0
17.1,2.88,45.33,0.0,0.0
9.2,0.24,32.5,0.0,0.0
5.4,0.72,26.91,0.0,0.0
12.9,0.84,37.7,0.0,0.0
5.6,0.6,24.67,0.0,0.0
14.5,0.0,38.2,0.0,0.0
9.4,0.24,28.02,0.0,0.0
11.8,0.0,30.93,0.0,0.0
6.0,0.12,20.6,0.0,0.0
7.7,1.8,27.93,0.0,0.0
8.9,8.52,38.44,0.0,55.3035
11.3,3.96,45.23,0.0,184.541
13.9,4.08,48.55,0.0,354.636
14.3,5.88,49.6,0.0,470.916
11.5,5.88,46.63,0.0,595.894
15.4,3.96,51.52,0.0,664.427
14.7,2.76,52.29,0.0,671.2189999999999
12.5,6.6,53.22,0.0,649.175
10.9,0.84,55.32,0.0,587.674
10.6,2.28,56.87,0.0,473.773
11.8,1.2,58.15,0.0,325.329
11.2,5.04,58.18,0.0,157.686
14.5,4.32,57.31,0.0,31.004
12.9,0.48,50.99,0.0,0.0
11.8,0.96,47.29,0.0,0.0
9.2,1.56,41.07,0.0,0.0
6.6,0.84,35.36,0.0,0.0
9.2,0.48,38.07,0.0,0.0
5.0,1.2,29.68,0.0,0.0
6.6,0.12,30.19,0.0,0.0
8.6,0.0,31.53,0.0,0.0
7.5,1.56,28.12,0.0,0.0
4.9,0.6,22.97,0.0,0.0
6.7,1.08,30.7,0.0,0.0
9.0,3.12,42.35,0.0,55.1647
11.1,6.0,47.4,0.0,188.879
9.5,9.84,45.95,0.0,357.249
9.4,8.28,46.63,0.0,499.039
9.8,7.08,46.38,0.0,590.71
12.0,1.68,48.65,0.0,652.423
13.4,1.68,50.91,0.0,616.457
10.6,7.08,50.95,0.0,635.5980000000001
6.8,5.4,50.36,0.0,567.9019999999999
9.0,4.68,55.72,0.0,475.591
15.0,1.56,58.98,0.0,329.735
10.3,6.24,57.05,0.0,147.274
11.0,1.56,52.64,0.0,26.5644
8.6,0.96,46.27,0.0,0.0
10.3,1.2,46.6,0.0,0.0
9.9,2.4,43.83,0.0,0.0
6.6,0.48,37.76,0.0,0.0
6.6,1.32,35.75,0.0,0.0
5.6,0.24,31.97,0.0,0.0
7.9,0.36,33.91,0.0,0.0
9.5,0.12,34.55,0.0,0.0
12.0,0.36,36.6,0.0,0.0
8.9,0.48,30.54,0.0,0.0
11.1,9.12,38.45,0.0,0.0
9.6,8.04,42.57,0.0,54.4942
11.6,4.92,47.78,0.0,188.351
14.2,8.04,51.67,0.0,355.17400000000004
10.0,8.76,47.77,0.0,499.131
11.3,6.12,49.79,0.0,594.841
11.9,7.92,50.3,0.0,654.0219999999999
8.9,3.36,46.77,0.0,655.398
12.6,5.88,53.75,0.0,634.557
12.1,0.6,56.69,0.0,552.773
9.2,1.32,56.01,0.0,413.749
9.6,3.24,56.65,0.0,267.421
11.1,3.96,57.73,0.0,150.47799999999998
14.8,1.2,56.12,0.0,29.4347
14.5,1.56,52.04,0.0,0.0
13.0,1.92,49.13,0.0,0.0
10.6,2.28,43.87,0.0,0.0
6.2,0.48,35.53,0.0,0.0
4.6,0.6,31.45,0.0,0.0
8.5,0.12,35.42,0.0,0.0
9.1,0.12,33.71,0.0,0.0
10.4,0.12,34.07,0.0,0.0
8.1,0.24,28.96,0.0,0.0
4.7,1.2,22.19,0.0,0.0
7.9,4.08,32.13,0.0,0.0
11.0,8.28,43.83,0.0,54.484
13.7,5.52,48.6,0.0,187.961
7.4,8.4,42.38,0.0,358.536
11.7,18.12,48.32,0.0,495.911
9.3,5.16,44.38,0.0,589.891
12.1,5.04,47.57,0.0,658.8560000000001
9.4,4.92,45.18,0.0,670.107
11.4,1.32,51.19,0.0,648.3430000000001
9.4,3.96,53.06,0.0,587.311
11.4,4.68,57.35,0.0,400.731
10.8,2.28,58.57,0.0,329.95
10.0,1.68,57.95,0.0,157.965
11.1,2.88,52.93,0.0,26.8932
10.9,3.48,48.98,0.0,0.0
12.3,1.08,48.85,0.0,0.0
6.0,4.56,37.54,0.0,0.0
6.7,0.6,36.44,0.0,0.0
10.8,0.36,40.33,0.0,0.0
9.3,0.24,35.54,0.0,0.0
5.8,0.36,28.45,0.0,0.0
6.4,0.36,28.38,0.0,0.0
7.5,0.0,28.27,0.0,0.0
7.3,2.04,26.52,0.0,0.0
12.0,2.52,38.31,0.0,0.0
6.9,12.96,36.98,0.0,54.3731
11.3,9.0,46.3,0.0,188.07
12.8,3.72,48.78,0.0,358.22
11.8,2.16,48.67,0.0,496.287
11.6,1.08,48.26,0.0,606.307
12.8,5.16,50.14,0.0,669.7189999999999
10.3,1.56,48.68,0.0,680.4839999999999
10.4,4.2,51.54,0.0,651.356
7.7,1.32,52.21,0.0,585.319
12.2,2.88,58.24,0.0,479.668
12.6,1.2,58.63,0.0,337.81
11.1,6.48,58.75,0.0,168.57
12.6,5.16,56.65,0.0,30.0633
10.7,1.32,50.72,0.0,0.0
12.1,3.12,50.51,0.0,0.0
11.9,1.2,48.03,0.0,0.0
7.5,0.84,39.08,0.0,0.0
11.6,0.84,42.52,0.0,0.0
6.2,0.12,32.95,0.0,0.0
9.9,0.12,38.14,0.0,0.0
6.5,0.12,30.87,0.0,0.0
7.6,0.12,31.67,0.0,0.0
8.8,0.72,32.88,0.0,0.0
8.3,2.52,35.84,0.0,0.0
8.9,4.68,43.14,0.0,53.3707
12.0,7.8,49.08,0.0,186.395
11.0,8.04,48.51,0.0,354.952
14.0,5.4,52.37,0.0,492.754
9.9,6.72,47.5,0.0,600.038
14.6,3.72,52.87,0.0,665.309
17.4,0.24,55.56,0.0,670.304
15.0,2.16,56.19,0.0,645.8
10.1,2.16,56.13,0.0,569.516
11.0,3.84,58.11,0.0,472.165
10.1,3.12,58.35,0.0,309.865
11.9,2.04,59.2,0.0,155.67
10.0,0.84,54.22,0.0,27.65
7.9,4.56,48.81,0.0,0.0
11.5,1.56,50.86,0.0,0.0
9.0,1.08,44.7,0.0,0.0
6.1,0.96,37.73,0.0,0.0
8.8,0.48,39.43,0.0,0.0
6.6,3.36,33.86,0.0,0.0
5.2,1.32,29.82,0.0,0.0
5.2,0.12,27.78,0.0,0.0
6.8,0.24,29.55,0.0,0.0
7.1,1.8,29.61,0.0,0.0
7.0,10.2,32.99,0.0,0.0
8.1,9.6,42.22,0.0,53.0557
9.5,3.36,46.47,0.0,183.905
15.0,8.16,53.3,0.0,351.667
12.5,2.76,50.75,0.0,493.34
11.8,1.92,50.32,0.0,592.809
10.8,1.8,49.65,0.0,652.25
11.7,5.64,51.02,0.0,625.762
9.8,4.2,51.47,0.0,578.37
9.9,3.24,52.87,0.0,359.476
10.4,3.12,49.47,0.0,256.741
9.2,1.08,45.95,0.0,183.41
9.3,5.64,47.81,0.0,144.936
19.0,3.96,55.59,0.0,29.2691
8.4,1.32,36.86,0.0,0.0
7.2,3.0,33.89,0.0,0.0
11.0,1.32,38.25,0.0,0.0
11.8,1.56,38.11,0.0,0.0
5.0,0.96,26.84,0.0,0.0
5.4,0.36,27.68,0.0,0.0
11.6,1.08,36.73,0.0,0.0
11.3,0.12,34.08,0.0,0.0
8.5,0.84,28.66,0.0,0.0
8.3,0.6,28.29,0.0,0.0
10.6,0.96,36.6,0.0,0.0
8.3,12.0,41.03,0.0,52.2916
12.7,3.96,49.73,0.0,183.629
11.8,8.16,49.45,0.0,349.629
10.4,5.64,48.95,0.0,490.521
12.0,4.68,51.29,0.0,592.117
10.5,3.24,50.21,0.0,656.785
13.3,3.48,53.92,0.0,667.329
18.7,6.12,59.42,0.0,655.4810000000001
11.8,2.88,58.67,0.0,586.654
9.9,4.92,57.73,0.0,473.153
11.6,1.8,54.96,0.0,125.632
9.3,5.64,50.47,0.0,20.1061
10.8,6.72,49.96,0.0,4.94906
12.9,2.4,50.93,0.0,0.0
8.9,0.6,45.8,0.0,0.0
7.6,1.92,40.91,0.0,0.0
5.3,1.44,35.62,0.0,0.0
7.0,0.48,35.65,0.0,0.0
9.5,0.12,36.82,0.0,0.0
5.8,0.48,29.38,0.0,0.0
6.9,0.24,30.75,0.0,0.0
5.4,0.72,27.68,0.0,0.0
6.6,0.6,29.2,0.0,0.0
9.9,3.36,38.13,0.0,0.0
12.5,3.48,48.74,0.0,52.2339
9.7,4.56,46.63,0.0,183.834
9.7,6.72,48.09,0.0,351.82800000000003
11.3,11.16,50.69,0.0,494.987
8.7,3.6,48.16,0.0,600.753
10.2,8.28,50.75,0.0,664.172
12.9,2.64,54.32,0.0,669.495
17.5,6.36,59.14,0.0,648.9259999999999
13.4,2.88,59.25,0.0,582.576
9.3,5.28,58.02,0.0,461.166
9.6,0.84,57.44,0.0,264.551
12.4,6.0,55.64,0.0,103.238
8.9,0.84,49.74,0.0,19.5862
12.2,0.96,48.99,0.0,0.0
13.1,2.16,47.45,0.0,0.0
10.2,0.72,40.2,0.0,0.0
9.4,0.48,37.25,0.0,0.0
7.0,0.24,32.65,0.0,0.0
6.8,0.12,32.01,0.0,0.0
6.8,1.2,30.33,0.0,0.0
7.1,2.88,29.6,0.0,0.0
7.9,0.0,31.25,0.0,0.0
9.0,1.68,33.76,0.0,0.0
6.7,3.96,33.56,0.0,0.0
8.8,4.92,44.35,0.0,51.4164
12.2,6.12,49.85,0.0,181.039
9.6,5.16,47.6,0.0,348.00800000000004
8.8,6.24,46.06,0.0,275.027
14.3,6.72,53.7,0.0,364.951
10.0,5.04,47.67,0.0,454.551
11.4,5.4,46.74,0.0,197.456
10.9,2.04,45.26,0.0,184.577
10.7,3.0,46.9,0.0,232.901
10.1,1.92,47.08,0.0,222.386
8.0,0.24,46.06,0.0,217.142
12.7,0.48,52.66,0.0,129.621
9.3,1.68,42.2,0.0,24.9255
10.0,1.92,39.61,0.0,0.0
11.5,5.28,40.65,0.0,0.0
12.6,2.4,40.99,0.0,0.0
9.7,1.68,35.76,0.0,0.0
10.0,1.08,35.78,0.0,0.0
9.6,0.12,34.48,0.0,0.0
5.8,0.0,27.77,0.0,0.0
4.6,6.6,26.15,0.0,0.0
5.6,0.0,27.98,0.0,0.0
5.8,0.48,27.5,0.0,0.0
6.9,3.72,32.14,0.0,0.0
9.0,9.72,43.25,0.0,54.1742
11.0,4.44,47.94,0.0,181.617
11.0,5.76,48.18,0.0,352.23
11.1,8.16,48.78,0.0,487.369
9.6,7.92,47.1,0.0,594.606
13.1,6.0,51.57,0.0,551.114
11.6,6.48,49.98,0.0,679.221
9.6,2.4,49.65,0.0,462.619
8.7,7.32,49.16,0.0,428.502
10.3,3.0,51.85,0.0,428.792
9.1,5.4,51.09,0.0,332.94699999999995
13.0,2.88,56.44,0.0,159.225
14.2,2.16,52.22,0.0,27.9427
8.9,8.16,39.74,0.0,0.0
10.5,1.68,40.6,0.0,0.0
7.2,3.6,33.82,0.0,0.0
7.4,0.6,33.08,0.0,0.0
5.5,0.24,29.18,0.0,0.0
7.4,0.0,31.81,0.0,0.0
9.5,2.88,34.08,0.0,0.0
6.3,0.12,26.21,0.0,0.0
9.6,0.36,30.96,0.0,0.0
5.8,4.44,24.15,0.0,0.0
9.0,3.48,34.01,0.0,0.0
10.8,10.2,44.93,0.0,51.4197
11.5,9.96,47.48,0.0,180.89
9.7,11.52,45.36,0.0,331.065
14.4,3.36,51.86,0.0,351.634
12.4,3.84,45.86,0.0,298.98400000000004
14.3,7.8,50.95,0.0,476.329
9.4,0.6,44.15,0.0,407.528
9.8,3.84,40.66,0.0,205.418
9.5,1.68,40.18,0.0,142.197
11.2,1.68,48.29,0.0,281.948
8.8,0.36,47.83,0.0,323.526
15.2,2.76,56.41,0.0,164.12099999999998
9.7,3.48,45.4,0.0,26.8349
12.3,2.4,43.35,0.0,0.0
11.9,2.28,41.04,0.0,0.0
13.7,0.48,42.25,0.0,0.0
6.4,0.6,30.31,0.0,0.0
9.9,0.48,35.3,0.0,0.0
9.6,0.36,34.07,0.0,0.0
5.5,0.12,26.68,0.0,0.0
10.5,0.12,34.38,0.0,0.0
11.4,2.28,35.17,0.0,0.0
6.3,1.32,25.55,0.0,0.0
7.6,1.68,31.52,0.0,0.0
13.7,9.0,48.89,0.0,50.6323
9.6,9.6,45.11,0.0,181.195
9.6,10.56,46.33,0.0,352.324
11.1,0.72,48.88,0.0,495.11800000000005
8.9,10.32,46.14,0.0,601.189
11.9,2.04,49.27,0.0,654.8969999999999
10.9,0.96,48.34,0.0,674.3760000000001
10.7,2.28,51.12,0.0,656.77
10.6,4.68,55.3,0.0,597.581
7.9,0.48,54.84,0.0,433.323
8.7,1.68,57.55,0.0,341.848
13.7,2.64,59.49,0.0,166.014
8.6,1.2,52.99,0.0,27.66
11.3,4.56,50.78,0.0,0.0
8.5,3.6,44.7,0.0,0.0
7.8,3.6,40.6,0.0,0.0
10.7,0.48,42.36,0.0,0.0
8.9,0.24,37.65,0.0,0.0
10.1,0.12,37.68,0.0,0.0
6.9,0.24,30.88,0.0,0.0
7.1,0.12,30.74,0.0,0.0
8.5,0.0,31.6,0.0,0.0
8.4,0.24,29.85,0.0,0.0
7.3,8.76,31.53,0.0,0.0
11.9,13.08,46.13,0.0,53.6409
9.3,8.76,45.04,0.0,183.626
13.6,7.8,51.63,0.0,357.802
13.6,4.2,52.07,0.0,500.033
13.2,1.92,51.34,0.0,600.053
14.1,2.16,52.45,0.0,676.505
13.8,6.12,52.63,0.0,674.318
9.5,2.28,51.64,0.0,664.806
10.8,2.04,56.81,0.0,594.804
13.0,2.88,58.3,0.0,483.834
11.2,0.96,58.14,0.0,340.35900000000004
12.7,1.44,58.77,0.0,164.14700000000002
8.7,2.88,52.6,0.0,26.7117
8.1,3.0,46.31,0.0,0.0
11.6,1.2,48.61,0.0,0.0
8.7,1.68,42.7,0.0,0.0
10.4,0.84,43.57,0.0,0.0
8.0,0.0,37.93,0.0,0.0
7.9,0.0,36.17,0.0,0.0
9.1,1.2,36.45,0.0,0.0
10.4,0.0,36.65,0.0,0.0
7.9,0.24,31.84,0.0,0.0
4.8,0.36,27.32,0.0,0.0
9.4,2.28,38.94,0.0,0.0
8.7,9.12,43.38,0.0,50.6254
10.0,3.84,45.24,0.0,153.667
11.6,7.68,49.67,0.0,333.06699999999995
10.2,3.6,48.92,0.0,501.657
10.3,5.64,49.75,0.0,598.266
9.8,3.0,49.07,0.0,653.255
11.9,3.0,52.56,0.0,675.1389999999999
9.8,1.8,53.75,0.0,654.3480000000001
14.1,1.44,59.42,0.0,546.817
10.2,0.96,57.96,0.0,435.224
10.4,2.76,54.28,0.0,130.336
12.9,3.12,53.28,0.0,40.0109
10.8,1.32,48.36,0.0,10.6989
12.1,0.96,45.94,0.0,0.0
10.1,1.2,40.18,0.0,0.0
7.4,2.28,34.15,0.0,0.0
6.0,0.0,30.14,0.0,0.0
7.9,0.96,31.52,0.0,0.0
8.1,0.24,30.31,0.0,0.0
7.4,0.24,27.62,0.0,0.0
8.5,0.12,28.11,0.0,0.0
10.1,0.24,29.56,0.0,0.0
9.0,2.76,26.81,0.0,0.0
11.0,3.12,34.02,0.0,0.0
8.3,0.72,37.15,0.0,50.7541
12.1,7.44,45.41,0.0,181.168
12.2,7.56,46.77,0.0,351.82199999999995
8.0,8.52,43.06,0.0,492.691
11.3,1.08,47.14,0.0,595.802
13.0,7.56,49.54,0.0,652.992
16.1,2.64,53.67,0.0,681.3560000000001
12.4,7.44,53.2,0.0,674.242
13.6,5.4,58.25,0.0,549.613
11.7,4.92,56.99,0.0,402.161
8.9,1.2,55.56,0.0,338.228
9.4,0.84,53.86,0.0,145.69299999999998
7.9,3.24,46.83,0.0,26.7896
10.2,1.32,44.94,0.0,0.0
9.7,2.4,43.04,0.0,0.0
6.8,1.32,37.85,0.0,0.0
10.3,1.08,41.49,0.0,0.0
6.2,0.36,32.58,0.0,0.0
8.1,0.36,34.62,0.0,0.0
5.9,0.12,29.9,0.0,0.0
5.2,0.36,27.6,0.0,0.0
6.6,0.12,28.64,0.0,0.0
4.7,0.36,24.61,0.0,0.0
9.1,4.68,35.73,0.0,0.0
13.9,10.08,49.83,0.0,49.3846
10.7,5.28,46.8,0.0,180.196
12.6,6.48,49.76,0.0,351.598
11.2,9.96,49.3,0.0,499.761
13.5,5.64,52.09,0.0,604.45
16.8,3.12,53.36,0.0,613.399
17.4,5.16,53.6,0.0,687.168
11.5,0.72,52.33,0.0,667.53
11.1,4.8,55.94,0.0,598.637
11.7,3.0,57.58,0.0,416.566
14.5,4.2,59.97,0.0,302.818
13.8,1.44,59.9,0.0,167.053
12.0,0.6,54.67,0.0,26.8532
10.1,3.72,48.54,0.0,0.0
12.4,1.68,48.28,0.0,0.0
7.1,1.8,38.19,0.0,0.0
6.0,0.84,35.21,0.0,0.0
6.7,0.12,34.65,0.0,0.0
9.8,0.36,36.75,0.0,0.0
7.9,0.24,31.41,0.0,0.0
8.2,0.0,30.77,0.0,0.0
8.5,1.92,30.35,0.0,0.0
5.8,2.16,25.68,0.0,0.0
10.4,2.88,36.44,0.0,0.0
9.2,8.64,41.48,0.0,48.7358
10.5,7.2,45.67,0.0,176.082
7.3,9.12,42.98,0.0,347.81800000000004
11.7,8.64,49.13,0.0,466.1830000000001
14.0,12.12,51.39,0.0,587.641
10.4,10.08,47.65,0.0,661.154
10.9,3.12,48.76,0.0,652.024
8.5,1.56,47.9,0.0,630.141
9.4,4.08,52.89,0.0,555.464
7.2,2.28,53.76,0.0,484.301
11.5,0.84,57.93,0.0,325.176
7.0,4.92,55.3,0.0,163.406
17.4,6.12,58.75,0.0,25.8203
10.7,1.68,50.28,0.0,0.0
8.1,0.84,45.09,0.0,0.0
9.9,3.24,45.86,0.0,0.0
7.2,1.32,39.48,0.0,0.0
7.4,0.84,37.25,0.0,0.0
5.4,1.92,32.65,0.0,0.0
7.4,0.48,33.77,0.0,0.0
5.1,0.36,27.92,0.0,0.0
4.6,0.12,26.25,0.0,0.0
10.9,0.72,35.67,0.0,0.0
6.7,8.64,30.31,0.0,0.0
7.9,15.0,38.88,0.0,45.4926
11.3,17.4,46.66,0.0,169.761
10.8,3.96,48.48,0.0,339.482
14.1,3.72,52.81,0.0,494.083
10.6,1.92,49.32,0.0,601.242
12.0,5.64,51.8,0.0,669.184
11.1,1.68,51.48,0.0,667.178
9.8,0.36,52.64,0.0,643.369
9.3,3.96,55.82,0.0,574.391
10.5,0.84,57.77,0.0,460.107
12.0,0.6,57.92,0.0,223.55900000000003
9.9,1.08,49.49,0.0,11.2398
10.3,4.44,47.97,0.0,0.0
11.2,2.52,44.47,0.0,0.0
11.7,3.12,40.7,0.0,0.0
6.9,2.76,31.96,0.0,0.0
5.7,0.36,28.34,0.0,0.0
7.1,0.24,29.73,0.0,0.0
6.1,0.96,27.05,0.0,0.0
8.0,1.44,29.27,0.0,0.0
8.6,0.0,29.72,0.0,0.0
8.0,0.24,27.85,0.0,0.0
7.5,1.2,26.49,0.0,0.0
9.5,3.0,33.76,0.0,0.0
8.0,5.04,37.64,0.0,47.6078
10.7,6.84,45.01,0.0,177.90200000000002
14.3,4.92,49.83,0.0,289.35900000000004
10.3,4.56,45.19,0.0,382.468
10.4,5.76,47.8,0.0,422.564
14.6,1.8,52.83,0.0,614.25
13.7,1.8,53.53,0.0,594.09
13.7,0.6,54.48,0.0,570.967
10.1,2.64,53.5,0.0,505.067
12.7,0.72,48.73,0.0,143.045
9.3,0.6,41.59,0.0,115.357
13.8,4.56,48.09,0.0,71.3934
16.4,1.08,48.49,0.0,11.6255
10.1,0.96,37.45,0.0,0.0
12.5,1.68,41.07,0.0,0.0
9.5,3.0,35.7,0.0,0.0
7.5,2.52,31.59,0.0,0.0
6.1,0.48,27.84,0.0,0.0
5.3,0.24,25.9,0.0,0.0
8.4,0.24,30.75,0.0,0.0
4.2,0.12,23.07,0.0,0.0
7.6,0.24,28.93,0.0,0.0
6.1,0.6,26.6,0.0,0.0
6.8,10.92,31.21,0.0,0.0
9.2,8.4,41.25,0.0,47.6687
12.0,6.48,46.06,0.0,179.205
14.8,4.8,49.0,0.0,355.968
10.8,7.08,44.55,0.0,498.946
10.8,2.4,44.28,0.0,604.758
11.8,2.76,46.19,0.0,677.6510000000001
12.9,2.04,49.94,0.0,684.852
11.3,1.92,50.99,0.0,664.0219999999999
8.1,1.68,51.86,0.0,607.663
10.9,2.28,57.96,0.0,490.268
10.8,3.12,58.49,0.0,341.332
10.6,0.24,58.44,0.0,148.208
12.2,3.48,55.62,0.0,23.3398
9.7,0.96,49.12,0.0,0.0
12.1,3.12,49.13,0.0,0.0
13.6,0.84,47.73,0.0,0.0
8.4,0.84,37.53,0.0,0.0
6.2,0.36,32.65,0.0,0.0
6.8,0.24,31.84,0.0,0.0
4.8,1.44,26.87,0.0,0.0
4.8,0.0,25.19,0.0,0.0
4.4,0.12,23.83,0.0,0.0
6.7,1.2,26.71,0.0,0.0
7.5,3.96,30.42,0.0,0.0
7.7,15.96,36.17,0.0,48.597
11.3,5.04,42.55,0.0,182.968
7.3,6.12,38.25,0.0,359.826
10.3,2.64,42.52,0.0,511.495
9.1,3.36,40.37,0.0,600.472
13.2,1.56,46.05,0.0,686.9789999999999
12.7,6.96,47.53,0.0,709.0260000000001
10.5,0.36,48.37,0.0,684.2769999999999
9.5,6.24,51.34,0.0,613.4630000000001
9.6,1.2,54.4,0.0,496.831
10.2,2.04,56.4,0.0,346.36400000000003
10.2,4.08,55.88,0.0,165.88
10.1,2.52,49.0,0.0,24.2268
10.1,0.6,43.49,0.0,0.0
15.4,0.96,47.31,0.0,0.0
6.2,1.68,32.22,0.0,0.0
7.3,1.08,31.39,0.0,0.0
6.5,0.12,28.88,0.0,0.0
4.6,0.12,24.43,0.0,0.0
4.5,0.6,22.09,0.0,0.0
5.1,0.12,21.23,0.0,0.0
6.1,0.24,21.28,0.0,0.0
6.9,0.0,22.77,0.0,0.0
7.5,3.96,27.21,0.0,0.0
6.4,6.36,33.39,0.0,48.4449
9.6,3.24,41.73,0.0,181.667
11.0,10.92,43.97,0.0,354.17
9.6,12.6,42.33,0.0,493.239
11.6,5.16,43.87,0.0,612.124
11.6,5.16,43.84,0.0,674.253
13.5,1.92,46.98,0.0,685.945
10.5,5.52,45.74,0.0,651.9019999999999
10.0,1.92,49.44,0.0,604.931
11.5,1.56,54.28,0.0,492.459
9.4,2.04,53.8,0.0,339.095
12.4,4.2,55.98,0.0,162.134
11.5,2.04,50.37,0.0,22.5114
8.5,1.8,42.01,0.0,0.0
11.1,1.92,43.26,0.0,0.0
8.2,1.08,37.85,0.0,0.0
7.4,0.6,36.71,0.0,0.0
7.1,0.36,35.68,0.0,0.0
7.0,0.6,34.21,0.0,0.0
9.1,0.6,35.71,0.0,0.0
9.8,0.0,34.22,0.0,0.0
5.9,0.36,26.27,0.0,0.0
6.6,0.24,27.3,0.0,0.0
9.6,4.2,34.69,0.0,0.0
8.8,13.44,41.02,0.0,46.9678
11.7,14.88,47.53,0.0,178.668
10.8,4.2,47.03,0.0,352.32
12.1,4.8,49.18,0.0,492.926
12.9,4.08,50.25,0.0,601.247
7.8,4.08,44.49,0.0,667.085
14.6,4.32,52.34,0.0,620.803
12.3,1.68,52.21,0.0,286.647
8.5,1.68,50.86,0.0,455.763
14.4,0.96,59.77,0.0,495.616
8.1,1.32,52.64,0.0,296.958
11.8,4.8,54.02,0.0,122.942
8.6,1.92,44.19,0.0,20.3605
11.3,2.28,43.34,0.0,0.0
11.2,1.92,41.34,0.0,0.0
9.1,0.12,36.36,0.0,0.0
6.9,1.68,31.56,0.0,0.0
6.4,0.12,29.85,0.0,0.0
5.1,0.0,27.03,0.0,0.0
6.4,0.0,28.18,0.0,0.0
6.3,0.12,27.2,0.0,0.0
5.7,0.12,25.89,0.0,0.0
6.5,0.48,27.42,0.0,0.0
9.8,1.68,36.03,0.0,0.0
11.1,12.36,44.92,0.0,47.0593
12.5,11.76,47.19,0.0,180.274
10.0,13.56,40.75,0.0,233.445
7.6,7.56,39.66,0.0,402.207
11.1,12.0,45.84,0.0,610.284
15.0,4.44,50.43,0.0,678.819
12.7,2.52,49.83,0.0,560.495
11.6,1.92,52.07,0.0,395.476
9.5,3.84,50.68,0.0,371.185
10.8,5.16,57.4,0.0,497.635
8.3,3.84,55.62,0.0,318.197
12.4,4.68,57.53,0.0,133.437
8.4,2.28,46.99,0.0,20.3688
9.8,2.04,44.78,0.0,0.0
11.5,1.44,45.02,0.0,0.0
5.6,1.08,33.28,0.0,0.0
7.3,1.2,34.25,0.0,0.0
5.1,0.12,28.85,0.0,0.0
5.3,0.12,27.85,0.0,0.0
6.4,0.0,28.78,0.0,0.0
4.9,0.12,26.18,0.0,0.0
5.8,0.24,27.89,0.0,0.0
8.6,0.48,32.28,0.0,0.0
6.9,7.32,31.41,0.0,0.0
11.9,11.04,47.04,0.0,46.2819
13.5,2.28,50.08,0.0,176.21200000000002
15.5,11.88,52.66,0.0,349.478
11.1,8.76,48.84,0.0,496.214
9.8,1.56,47.26,0.0,440.342
14.5,2.52,54.04,0.0,424.859
15.8,3.72,54.39,0.0,462.223
11.1,0.84,49.19,0.0,502.257
10.0,0.72,49.55,0.0,434.533
10.9,0.72,54.7,0.0,478.753
11.9,0.24,54.7,0.0,338.695
9.9,3.6,50.91,0.0,157.487
12.1,3.48,48.99,0.0,21.5516
13.9,0.72,46.18,0.0,0.0
9.2,0.72,37.37,0.0,0.0
9.5,0.6,36.8,0.0,0.0
8.6,1.2,35.51,0.0,0.0
6.7,0.6,32.0,0.0,0.0
6.6,0.24,31.1,0.0,0.0
7.4,1.32,31.28,0.0,0.0
7.6,0.0,30.41,0.0,0.0
6.1,0.12,27.21,0.0,0.0
7.7,1.8,30.06,0.0,0.0
8.5,3.72,34.2,0.0,0.0
7.8,8.64,40.44,0.0,45.6013
10.3,13.56,46.74,0.0,177.398
8.9,6.36,46.12,0.0,355.095
14.0,6.96,52.67,0.0,500.298
13.0,6.72,51.62,0.0,609.732
13.4,5.16,51.14,0.0,654.482
15.5,2.16,54.12,0.0,697.9839999999999
10.6,1.56,52.71,0.0,618.25
9.6,1.44,52.67,0.0,395.085
10.6,0.6,56.34,0.0,354.531
12.8,3.0,59.4,0.0,339.212
10.8,5.28,58.36,0.0,156.535
7.9,0.84,50.22,0.0,20.4709
11.2,4.8,48.75,0.0,0.0
8.6,2.16,42.33,0.0,0.0
5.7,2.76,36.58,0.0,0.0
8.6,0.6,39.43,0.0,0.0
8.8,0.36,37.47,0.0,0.0
7.5,0.12,33.53,0.0,0.0
6.9,0.12,31.07,0.0,0.0
4.9,0.12,27.57,0.0,0.0
5.7,0.0,28.97,0.0,0.0
8.0,1.44,32.13,0.0,0.0
7.4,8.76,32.7,0.0,0.0
10.2,6.24,44.41,0.0,45.7439
12.4,11.88,49.34,0.0,176.71400000000003
12.8,15.24,51.18,0.0,354.665
11.2,4.68,49.98,0.0,505.198
10.1,4.08,48.5,0.0,608.934
13.4,1.32,52.71,0.0,671.212
12.4,2.88,52.53,0.0,677.8389999999999
11.6,0.84,53.91,0.0,652.686
10.8,1.56,56.59,0.0,586.53
12.4,1.56,58.29,0.0,465.196
9.1,1.56,57.38,0.0,270.268
6.5,2.16,53.92,0.0,128.415
10.8,2.4,53.05,0.0,17.9393
9.5,2.52,49.59,0.0,0.0
9.3,0.36,48.18,0.0,0.0
11.1,0.48,48.19,0.0,0.0
8.5,0.72,42.04,0.0,0.0
9.5,0.36,41.8,0.0,0.0
7.1,0.72,36.29,0.0,0.0
6.3,0.36,32.87,0.0,0.0
5.6,0.0,29.9,0.0,0.0
5.6,0.0,29.28,0.0,0.0
8.3,0.0,33.72,0.0,0.0
11.2,1.32,40.01,0.0,0.0
12.2,11.64,47.5,0.0,45.7112
12.2,3.36,49.26,0.0,177.09799999999998
9.1,5.88,47.05,0.0,350.168
9.9,6.0,49.67,0.0,464.12
11.5,2.28,51.99,0.0,612.658
13.2,1.8,53.84,0.0,626.859
10.3,2.28,51.09,0.0,673.457
12.2,6.48,54.73,0.0,641.661
11.4,3.96,57.3,0.0,589.351
10.4,1.08,57.86,0.0,475.395
10.8,2.64,58.64,0.0,319.656
10.7,2.04,57.96,0.0,131.036
11.1,1.56,53.53,0.0,16.995
9.3,1.92,49.34,0.0,0.0
10.0,0.96,48.67,0.0,0.0
8.6,0.6,44.44,0.0,0.0
7.2,2.64,36.84,0.0,0.0
7.3,0.6,32.86,0.0,0.0
5.6,0.36,28.89,0.0,0.0
5.1,0.72,28.33,0.0,0.0
7.1,0.0,32.27,0.0,0.0
6.6,0.36,31.35,0.0,0.0
5.5,0.24,29.32,0.0,0.0
6.1,3.0,32.13,0.0,0.0
8.6,3.84,43.48,0.0,46.4816
10.3,3.84,47.47,0.0,174.43099999999998
11.2,6.96,48.4,0.0,287.073
8.7,13.92,45.77,0.0,347.54400000000004
8.6,6.0,47.76,0.0,487.721
13.4,3.48,54.61,0.0,653.27
12.6,4.2,56.07,0.0,611.883
21.4,4.32,61.47,0.0,550.356
11.0,3.84,59.53,0.0,580.435
7.9,2.16,58.69,0.0,479.23800000000006
10.6,0.96,59.85,0.0,316.775
9.3,2.04,59.83,0.0,143.814
12.0,1.44,57.25,0.0,19.353
11.6,1.44,52.85,0.0,0.0
13.1,0.48,53.13,0.0,0.0
8.5,1.08,48.11,0.0,0.0
6.2,4.56,41.91,0.0,0.0
8.9,0.24,41.91,0.0,0.0
7.6,0.24,38.7,0.0,0.0
6.7,0.12,36.23,0.0,0.0
7.0,0.12,35.02,0.0,0.0
6.6,0.0,32.88,0.0,0.0
8.2,0.24,34.64,0.0,0.0
7.0,1.56,34.47,0.0,0.0
8.2,13.8,44.99,0.0,44.7013
12.6,13.68,52.42,0.0,172.50099999999998
11.6,6.0,51.89,0.0,349.36
10.0,1.08,51.8,0.0,500.259
13.8,5.88,55.94,0.0,614.219
12.0,3.72,54.8,0.0,664.345
10.3,6.96,53.15,0.0,665.102
10.9,2.16,55.51,0.0,656.332
10.3,0.84,57.91,0.0,599.901
7.6,1.44,57.57,0.0,461.17
13.2,4.92,59.62,0.0,264.139
11.6,5.04,60.6,0.0,144.267
8.6,1.8,54.72,0.0,17.8497
13.7,1.08,55.22,0.0,0.0
9.5,6.6,50.51,0.0,0.0
8.8,0.36,46.86,0.0,0.0
6.8,1.68,40.88,0.0,0.0
4.4,0.48,35.41,0.0,0.0
9.3,0.0,41.27,0.0,0.0
6.6,0.0,34.18,0.0,0.0
7.4,0.0,34.11,0.0,0.0
6.3,0.0,30.83,0.0,0.0
8.2,0.72,32.91,0.0,0.0
8.5,4.08,35.65,0.0,0.0
6.4,17.28,39.58,0.0,44.27
9.7,6.72,46.99,0.0,169.928
10.4,10.32,49.53,0.0,339.39300000000003
10.7,7.56,52.04,0.0,457.79
11.1,10.2,53.21,0.0,535.216
16.3,3.0,57.09,0.0,591.8
12.9,1.2,55.49,0.0,633.5459999999999
12.0,1.2,56.96,0.0,606.634
7.9,4.92,54.71,0.0,541.962
11.8,3.36,58.3,0.0,384.948
7.5,6.84,54.45,0.0,296.022
7.9,3.12,50.95,0.0,124.056
10.8,2.88,47.93,0.0,14.2283
8.5,1.2,42.24,0.0,0.0
9.6,1.8,42.8,0.0,0.0
9.5,0.84,41.0,0.0,0.0
6.9,1.68,35.95,0.0,0.0
5.9,0.24,32.87,0.0,0.0
6.1,0.48,31.45,0.0,0.0
7.7,0.12,32.18,0.0,0.0
7.1,0.0,29.65,0.0,0.0
4.9,0.0,25.18,0.0,0.0
8.0,0.12,30.31,0.0,0.0
9.5,8.52,33.71,0.0,0.0
10.9,11.64,43.27,0.0,47.9841
13.5,9.24,48.79,0.0,164.50799999999998
13.1,8.64,49.58,0.0,335.23400000000004
9.7,11.4,47.5,0.0,462.522
11.7,3.36,51.02,0.0,601.41
13.8,3.96,53.05,0.0,652.476
15.5,3.48,54.98,0.0,681.898
12.9,3.84,56.07,0.0,655.154
12.8,4.08,58.39,0.0,530.259
10.3,0.96,56.51,0.0,331.37
10.1,0.84,56.43,0.0,254.09
13.7,10.08,53.92,0.0,35.5028
8.4,3.0,46.24,0.0,1.9751
12.7,0.96,49.35,0.0,0.0
10.5,1.2,44.23,0.0,0.0
8.4,0.84,38.93,0.0,0.0
10.7,0.24,40.22,0.0,0.0
4.8,0.72,29.39,0.0,0.0
5.6,0.12,29.69,0.0,0.0
7.3,0.24,31.89,0.0,0.0
4.0,0.12,25.79,0.0,0.0
9.5,0.24,33.42,0.0,0.0
7.6,1.08,28.56,0.0,0.0
6.9,2.64,30.08,0.0,0.0
10.5,13.56,43.56,0.0,43.6069
11.0,15.72,45.98,0.0,176.384
7.7,8.04,43.61,0.0,350.686
16.9,8.64,54.38,0.0,507.476
14.1,4.2,53.27,0.0,615.509
15.4,2.16,55.2,0.0,677.443
12.7,2.4,53.81,0.0,678.7230000000001
10.7,0.48,54.16,0.0,662.5110000000001
11.3,2.88,57.47,0.0,595.173
8.8,1.44,56.66,0.0,479.034
12.2,1.44,57.81,0.0,329.001
12.9,5.16,57.41,0.0,115.819
11.0,1.2,50.99,0.0,11.7275
10.8,1.92,48.34,0.0,0.0
10.6,1.68,47.16,0.0,0.0
8.8,1.2,43.16,0.0,0.0
12.4,0.84,45.92,0.0,0.0
7.0,1.32,35.73,0.0,0.0
7.2,0.36,34.72,0.0,0.0
10.9,0.24,39.13,0.0,0.0
5.2,0.24,28.77,0.0,0.0
12.3,0.24,39.79,0.0,0.0
8.0,0.36,31.77,0.0,0.0
7.2,5.76,32.99,0.0,0.0
13.5,10.8,50.21,0.0,43.5654
11.2,11.52,48.21,0.0,177.112
8.9,6.84,46.23,0.0,354.44199999999995
14.1,2.4,52.55,0.0,507.827
9.1,0.6,48.05,0.0,621.825
10.7,0.6,49.11,0.0,673.927
15.3,1.56,53.04,0.0,698.347
10.7,1.8,50.28,0.0,617.315
10.6,0.72,52.65,0.0,600.013
8.8,2.28,52.9,0.0,502.089
13.4,3.72,57.7,0.0,337.478
7.8,2.28,52.82,0.0,148.586
10.8,3.24,48.23,0.0,15.8183
8.8,0.48,41.4,0.0,0.0
12.4,1.68,43.74,0.0,0.0
8.2,0.6,35.96,0.0,0.0
5.6,0.72,30.59,0.0,0.0
8.0,1.08,31.13,0.0,0.0
11.7,0.24,34.22,0.0,0.0
6.7,0.12,26.97,0.0,0.0
9.0,0.12,29.05,0.0,0.0
5.2,0.12,22.14,0.0,0.0
5.7,0.12,23.63,0.0,0.0
7.3,8.76,29.98,0.0,0.0
11.0,8.4,44.05,0.0,43.9174
12.0,6.84,47.24,0.0,178.74599999999998
12.3,10.32,47.75,0.0,362.077
10.1,6.36,45.88,0.0,513.471
12.2,1.68,48.56,0.0,602.919
13.5,1.92,49.88,0.0,696.666
14.1,1.92,52.81,0.0,669.2289999999999
15.1,0.48,55.87,0.0,631.181
10.5,6.36,54.96,0.0,610.0419999999999
8.7,2.04,55.47,0.0,496.895
10.4,4.8,57.25,0.0,334.401
7.6,3.72,50.37,0.0,147.998
9.9,2.04,46.45,0.0,15.1448
8.5,0.96,40.44,0.0,0.0
13.1,2.04,44.64,0.0,0.0
10.2,0.96,38.8,0.0,0.0
5.0,1.92,30.09,0.0,0.0
5.0,0.24,28.93,0.0,0.0
4.6,0.24,27.3,0.0,0.0
6.1,0.96,27.6,0.0,0.0
6.8,0.12,27.48,0.0,0.0
4.0,0.24,22.88,0.0,0.0
8.3,0.12,29.65,0.0,0.0
10.2,1.44,32.9,0.0,0.0
6.3,5.04,28.83,0.0,42.3204
10.3,1.08,38.38,0.0,156.798
11.2,5.52,41.78,0.0,264.04
10.4,18.24,42.66,0.0,333.745
9.6,5.28,43.31,0.0,408.458
13.2,1.08,44.98,0.0,455.713
12.2,2.16,41.81,0.0,215.942
9.0,5.4,35.3,0.0,251.715
11.8,3.96,35.2,0.0,163.806
10.1,3.0,32.85,0.0,127.607
7.7,2.88,31.18,0.0,89.5008
10.0,3.96,36.36,0.0,78.0726
12.7,1.32,37.39,0.0,7.945119999999999
15.0,2.28,38.99,0.0,0.0
11.0,0.84,32.67,0.0,0.0
8.8,0.72,28.11,0.0,0.0
12.3,2.28,33.07,0.0,0.0
5.2,0.24,21.53,0.0,0.0
6.6,0.0,24.47,0.0,0.0
8.9,0.12,28.09,0.0,0.0
4.9,0.12,19.43,0.0,0.0
6.8,0.12,21.73,0.0,0.0
7.1,0.36,21.8,0.0,0.0
10.3,1.68,27.84,0.0,0.0
10.8,8.52,29.41,0.0,36.3933
11.2,12.24,31.68,0.0,106.427
12.9,6.6,37.06,0.0,201.258
9.9,4.44,36.85,0.0,409.177
9.5,5.64,39.57,0.0,532.711
11.3,1.68,44.4,0.0,585.628
11.9,3.72,46.96,0.0,667.683
12.9,1.8,52.73,0.0,632.437
9.4,3.48,51.03,0.0,541.161
8.3,3.0,49.53,0.0,378.6880000000001
8.5,0.72,50.02,0.0,244.564
9.9,3.84,51.43,0.0,128.773
9.7,2.28,44.76,0.0,10.8543
11.5,3.36,44.53,0.0,0.0
11.4,3.72,42.69,0.0,0.0
8.1,2.04,35.57,0.0,0.0
5.4,2.52,29.38,0.0,0.0
7.9,0.24,32.02,0.0,0.0
8.1,0.36,31.0,0.0,0.0
4.7,0.0,24.96,0.0,0.0
6.3,0.36,27.84,0.0,0.0
6.6,0.0,27.89,0.0,0.0
6.7,0.12,27.82,0.0,0.0
7.3,4.2,29.27,0.0,0.0
11.2,7.56,37.32,0.0,21.0663
10.1,9.84,38.46,0.0,110.967
11.3,7.68,47.08,0.0,345.475
8.4,10.32,44.61,0.0,499.568
13.3,11.16,52.47,0.0,532.384
14.7,3.48,53.56,0.0,512.294
12.9,1.8,46.36,0.0,279.72900000000004
10.5,1.32,40.19,0.0,134.322
8.7,0.36,38.66,0.0,211.912
10.2,1.92,39.78,0.0,135.575
10.2,3.6,38.94,0.0,74.0667
11.4,6.12,40.14,0.0,37.064
10.4,2.64,36.56,0.0,1.30069
8.5,1.56,31.79,0.0,0.0
12.3,3.0,36.88,0.0,0.0
9.6,1.08,30.91,0.0,0.0
5.1,0.36,22.63,0.0,0.0
6.1,0.24,24.2,0.0,0.0
10.0,0.12,30.65,0.0,0.0
7.8,0.12,25.96,0.0,0.0
9.3,0.0,28.91,0.0,0.0
7.5,0.36,25.91,0.0,0.0
9.9,0.48,30.52,0.0,0.0
8.0,7.44,28.12,0.0,0.0
8.5,18.12,33.21,0.0,42.9002
12.1,6.96,40.83,0.0,116.16
12.3,10.32,41.03,0.0,154.464
12.7,8.88,40.24,0.0,93.0319
13.2,1.92,39.02,0.0,105.075
13.5,0.72,36.84,0.0,84.5633
13.2,2.04,34.43,0.0,110.768
11.7,1.56,34.2,0.0,260.802
10.1,1.08,35.0,0.0,301.656
9.2,2.52,36.16,0.0,316.51
8.8,0.72,35.7,0.0,255.692
9.3,18.84,36.06,0.0,87.5588
9.9,3.24,34.38,0.0,4.73084
14.6,1.2,39.22,0.0,0.0
13.0,0.96,35.59,0.0,0.0
7.2,1.08,25.8,0.0,0.0
10.1,0.6,30.44,0.0,0.0
5.9,0.36,23.35,0.0,0.0
9.5,2.4,29.58,0.0,0.0
8.3,0.48,27.28,0.0,0.0
7.8,0.0,26.97,0.0,0.0
5.1,0.24,22.77,0.0,0.0
7.7,0.24,28.27,0.0,0.0
11.7,3.24,35.61,0.0,0.0
15.5,9.12,42.63,0.0,34.3535
9.4,14.16,35.23,0.0,140.524
13.1,6.12,45.39,0.0,236.023
9.4,7.2,38.03,0.0,309.35900000000004
13.1,3.96,41.46,0.0,232.398
11.3,1.08,39.48,0.0,427.847
16.3,1.68,49.5,0.0,666.387
10.5,0.6,45.24,0.0,527.915
11.5,2.04,49.57,0.0,535.509
11.6,0.96,53.9,0.0,474.134
8.2,0.24,47.25,0.0,305.814
11.4,3.72,50.08,0.0,130.615
10.1,0.72,43.38,0.0,7.0472600000000005
12.1,1.8,43.21,0.0,0.0
11.4,1.2,40.43,0.0,0.0
11.5,0.6,38.54,0.0,0.0
8.3,2.52,31.94,0.0,0.0
7.6,0.48,30.33,0.0,0.0
9.1,0.48,32.64,0.0,0.0
7.0,1.2,28.54,0.0,0.0
4.8,0.0,24.28,0.0,0.0
10.2,0.12,33.73,0.0,0.0
7.7,0.48,28.59,0.0,0.0
11.3,4.68,37.34,0.0,0.0
13.4,7.32,47.7,0.0,41.5709
12.5,11.88,47.52,0.0,165.28
10.5,7.2,46.18,0.0,338.207
9.5,0.6,45.22,0.0,376.335
14.8,5.04,52.86,0.0,557.026
8.7,0.72,46.77,0.0,578.557
13.2,3.24,52.88,0.0,553.653
13.8,2.76,51.21,0.0,261.22700000000003
9.0,2.28,41.24,0.0,154.625
9.6,0.36,43.01,0.0,201.892
12.1,4.8,46.43,0.0,124.759
7.2,1.2,37.63,0.0,40.072
10.4,5.4,40.45,0.0,0.0
11.4,1.2,39.75,0.0,0.0
9.0,1.2,34.28,0.0,0.0
12.0,0.48,37.04,0.0,0.0
8.3,2.64,29.77,0.0,0.0
7.7,0.84,28.0,0.0,0.0
5.2,1.08,23.98,0.0,0.0
6.4,0.12,25.17,0.0,0.0
7.9,0.12,27.03,0.0,0.0
6.6,0.0,23.62,0.0,0.0
7.2,0.48,24.01,0.0,0.0
5.7,4.92,23.35,0.0,0.0
10.5,15.72,40.68,0.0,42.0061
11.6,10.32,45.46,0.0,174.55599999999998
9.0,3.84,43.94,0.0,352.751
8.4,2.64,44.74,0.0,495.89
14.7,4.08,52.71,0.0,550.806
16.1,3.48,50.76,0.0,670.3580000000001
9.1,6.0,41.36,0.0,439.105
10.9,2.04,41.69,0.0,151.708
9.6,8.88,41.42,0.0,233.277
7.9,2.28,43.95,0.0,334.42800000000005
7.9,3.0,43.43,0.0,295.782
13.5,2.4,49.85,0.0,112.136
8.7,2.16,37.81,0.0,5.40565
9.2,2.16,35.78,0.0,0.0
10.6,1.2,37.05,0.0,0.0
6.5,0.48,29.31,0.0,0.0
9.1,2.76,32.51,0.0,0.0
5.7,0.48,25.91,0.0,0.0
11.9,1.56,35.54,0.0,0.0
5.0,0.48,22.48,0.0,0.0
4.3,0.24,21.22,0.0,0.0
5.8,0.0,23.81,0.0,0.0
5.4,0.0,22.52,0.0,0.0
6.5,3.24,26.06,0.0,0.0
8.0,1.32,37.49,0.0,42.0588
11.0,3.96,46.13,0.0,175.146
12.3,8.16,48.38,0.0,356.333
8.1,11.88,44.24,0.0,503.279
11.2,3.84,49.65,0.0,621.972
12.0,5.64,50.49,0.0,678.6160000000001
14.0,3.0,52.49,0.0,698.7610000000001
10.7,6.6,52.18,0.0,667.628
10.8,2.04,56.18,0.0,596.2230000000001
10.8,5.52,57.23,0.0,472.99300000000005
9.0,1.2,56.51,0.0,315.628
11.6,1.8,57.05,0.0,129.89700000000002
12.7,3.0,51.96,0.0,5.65379
11.0,2.16,47.05,0.0,0.0
9.2,0.84,43.15,0.0,0.0
9.8,0.48,43.37,0.0,0.0
7.7,0.48,38.58,0.0,0.0
7.2,0.48,35.54,0.0,0.0
8.1,3.24,35.11,0.0,0.0
6.7,0.12,31.38,0.0,0.0
5.5,0.24,27.97,0.0,0.0
8.3,0.12,32.24,0.0,0.0
6.7,0.12,28.77,0.0,0.0
7.4,3.0,31.0,0.0,0.0
6.8,12.48,37.65,0.0,41.4185
10.9,9.96,47.39,0.0,175.187
11.4,7.92,48.67,0.0,353.781
11.5,3.0,49.74,0.0,502.541
12.0,4.56,51.09,0.0,616.031
11.8,5.04,51.65,0.0,670.956
13.9,6.36,55.0,0.0,697.699
12.0,0.36,56.3,0.0,676.914
7.9,2.52,56.37,0.0,591.288
13.5,2.4,59.47,0.0,479.564
8.5,4.8,58.36,0.0,316.048
11.0,4.2,58.94,0.0,127.974
9.3,0.72,52.9,0.0,4.79439
10.6,2.28,50.88,0.0,0.0
10.1,1.08,48.74,0.0,0.0
10.1,0.6,47.1,0.0,0.0
6.8,2.4,40.71,0.0,0.0
9.2,0.84,42.78,0.0,0.0
6.1,0.0,35.41,0.0,0.0
5.2,0.12,31.61,0.0,0.0
4.1,0.12,28.34,0.0,0.0
5.1,0.0,27.79,0.0,0.0
7.5,0.24,29.5,0.0,0.0
7.7,1.44,30.19,0.0,0.0
9.0,9.96,37.48,0.0,42.582
9.3,11.88,39.44,0.0,180.552
12.7,7.68,44.2,0.0,369.0630000000001
11.3,7.8,41.7,0.0,524.935
10.9,12.72,39.59,0.0,632.931
14.7,3.36,43.85,0.0,696.1010000000001
8.9,2.04,37.72,0.0,711.335
9.0,1.32,41.19,0.0,686.745
8.3,3.6,44.41,0.0,610.939
9.5,2.04,48.63,0.0,488.77
11.8,3.0,52.21,0.0,326.886
9.1,1.2,45.32,0.0,133.65200000000002
8.6,0.96,36.96,0.0,5.709
9.5,3.24,34.8,0.0,0.0
10.9,1.44,35.03,0.0,0.0
10.0,1.2,32.19,0.0,0.0
10.8,2.04,31.01,0.0,0.0
6.1,0.12,23.63,0.0,0.0
5.6,0.24,21.67,0.0,0.0
5.3,0.36,19.81,0.0,0.0
4.9,0.0,17.93,0.0,0.0
6.9,0.24,19.59,0.0,0.0
4.7,0.12,16.07,0.0,0.0
11.4,4.56,25.84,0.0,0.0
11.4,17.76,31.29,0.0,44.7566
9.4,7.56,32.18,0.0,190.967
12.2,11.4,37.36,0.0,388.885
8.1,4.68,32.28,0.0,556.1659999999999
11.5,1.44,35.35,0.0,673.3639999999999
11.3,1.68,34.5,0.0,729.703
11.3,2.04,35.64,0.0,755.28
11.3,1.8,38.93,0.0,719.242
8.8,1.32,39.56,0.0,631.439
9.3,0.84,42.57,0.0,508.285
8.8,0.12,43.23,0.0,334.806
11.6,8.28,43.38,0.0,137.16
9.5,3.72,34.11,0.0,5.78104
10.2,2.4,32.7,0.0,0.0
9.6,2.04,30.98,0.0,0.0
10.6,1.32,30.2,0.0,0.0
5.0,1.8,21.95,0.0,0.0
5.5,0.48,21.68,0.0,0.0
10.3,0.24,25.93,0.0,0.0
6.4,0.48,19.68,0.0,0.0
7.7,0.0,20.29,0.0,0.0
9.2,2.76,21.39,0.0,0.0
10.0,0.0,21.5,0.0,0.0
6.9,2.76,18.12,0.0,0.0
9.4,11.4,28.24,0.0,44.2275
13.4,6.12,36.52,0.0,191.251
8.8,8.04,31.85,0.0,387.492
9.0,1.92,33.3,0.0,549.649
10.1,3.12,33.59,0.0,664.56
10.1,2.76,33.13,0.0,734.564
10.2,4.32,34.64,0.0,737.737
7.5,0.36,34.47,0.0,708.951
11.0,3.48,42.87,0.0,622.637
8.4,2.16,42.55,0.0,499.199
11.0,1.56,47.23,0.0,331.365
11.9,5.88,45.86,0.0,132.313
12.1,1.2,39.16,0.0,4.89234
10.9,3.6,34.71,0.0,0.0
10.3,1.68,32.19,0.0,0.0
9.7,0.6,29.55,0.0,0.0
9.7,0.6,27.91,0.0,0.0
8.3,0.36,23.82,0.0,0.0
6.7,0.24,20.08,0.0,0.0
5.7,0.12,17.36,0.0,0.0
8.2,0.0,18.81,0.0,0.0
8.9,0.0,19.14,0.0,0.0
7.7,0.24,17.51,0.0,0.0
9.6,9.72,21.73,0.0,0.0
11.7,6.24,32.36,0.0,43.2206
10.3,9.12,34.79,0.0,185.487
8.9,8.4,35.33,0.0,374.466
12.9,1.68,41.55,0.0,532.727
12.1,2.4,39.96,0.0,650.133
12.2,1.32,40.86,0.0,712.015
15.3,0.6,46.88,0.0,724.5060000000001
10.6,3.12,43.9,0.0,688.795
9.5,0.36,46.91,0.0,615.719
6.5,3.24,46.68,0.0,493.587
10.9,2.76,53.58,0.0,324.633
12.1,2.28,51.48,0.0,128.144
11.6,4.92,43.02,0.0,4.04737
13.8,1.56,42.2,0.0,0.0
9.5,1.56,34.69,0.0,0.0
9.3,0.12,32.3,0.0,0.0
7.7,0.12,28.82,0.0,0.0
9.3,0.36,29.83,0.0,0.0
6.9,1.32,25.38,0.0,0.0
4.4,1.08,21.07,0.0,0.0
4.8,0.0,21.26,0.0,0.0
9.0,0.24,26.49,0.0,0.0
8.9,0.24,25.64,0.0,0.0
6.4,7.2,23.54,0.0,0.0
6.3,7.08,30.68,0.0,42.4387
9.1,10.92,38.5,0.0,183.779
12.5,4.68,43.68,0.0,372.3130000000001
11.4,3.84,43.03,0.0,529.414
10.8,3.96,42.64,0.0,586.998
11.4,2.04,44.11,0.0,652.773
14.9,3.84,49.71,0.0,465.384
10.4,2.64,46.24,0.0,521.258
12.4,3.24,51.82,0.0,595.125
12.2,1.2,51.46,0.0,331.66900000000004
8.6,4.08,49.99,0.0,323.53
13.0,4.8,52.95,0.0,125.515
8.5,1.68,40.03,0.0,3.25068
10.1,0.96,40.36,0.0,0.0
13.0,0.12,42.03,0.0,0.0
11.0,1.2,36.36,0.0,0.0
8.0,2.76,30.44,0.0,0.0
5.3,0.36,24.96,0.0,0.0
6.3,2.64,24.34,0.0,0.0
4.7,0.24,20.38,0.0,0.0
5.3,0.0,19.91,0.0,0.0
5.5,0.36,19.15,0.0,0.0
4.6,0.24,16.99,0.0,0.0
7.2,4.08,20.97,0.0,0.0
11.5,3.96,35.4,0.0,41.8882
11.2,3.72,39.46,0.0,182.121
8.9,4.44,38.83,0.0,368.971
8.7,18.6,39.98,0.0,525.515
12.5,7.08,44.51,0.0,632.448
13.3,6.12,45.93,0.0,687.587
10.3,2.4,44.67,0.0,662.7389999999999
11.9,7.08,49.5,0.0,585.597
8.9,4.44,47.54,0.0,485.374
10.0,1.56,49.91,0.0,351.49300000000005
10.0,1.08,52.69,0.0,295.119
11.1,3.24,51.62,0.0,120.897
10.3,2.4,42.92,0.0,2.45189
9.1,1.08,38.93,0.0,0.0
13.3,0.6,42.57,0.0,0.0
7.5,1.2,32.58,0.0,0.0
9.0,0.96,32.99,0.0,0.0
5.6,4.32,25.98,0.0,0.0
7.2,0.12,26.95,0.0,0.0
5.6,0.36,22.86,0.0,0.0
7.6,0.0,24.57,0.0,0.0
8.3,0.12,24.62,0.0,0.0
5.3,0.24,19.15,0.0,0.0
6.4,4.68,22.53,0.0,0.0
10.7,12.48,37.2,0.0,40.9524
10.8,9.0,41.27,0.0,174.42700000000002
10.7,6.84,43.56,0.0,356.75699999999995
12.5,3.12,46.59,0.0,520.6619999999999
11.9,6.48,46.12,0.0,629.924
14.2,5.4,50.27,0.0,662.61
10.4,7.2,46.54,0.0,697.3960000000001
7.8,1.92,45.88,0.0,652.8
9.1,1.68,50.81,0.0,576.4490000000001
11.7,2.64,55.29,0.0,474.027
8.8,8.04,51.84,0.0,284.344
7.4,3.6,46.17,0.0,76.4024
11.1,3.12,45.5,0.0,1.13764
9.5,2.64,40.83,0.0,0.0
9.7,1.08,39.28,0.0,0.0
7.4,0.84,33.32,0.0,0.0
5.3,1.92,28.34,0.0,0.0
8.8,0.12,32.04,0.0,0.0
6.2,0.48,25.79,0.0,0.0
8.5,3.72,27.68,0.0,0.0
4.5,0.12,20.62,0.0,0.0
4.9,0.24,21.16,0.0,0.0
6.1,0.12,22.35,0.0,0.0
9.2,4.08,28.3,0.0,0.0
8.3,9.72,34.07,0.0,41.0172
8.0,9.12,37.9,0.0,180.105
13.7,6.0,46.94,0.0,349.361
10.3,2.16,44.2,0.0,498.449
8.8,0.24,43.36,0.0,578.304
12.6,2.76,48.82,0.0,611.321
11.4,0.84,48.66,0.0,666.34
9.1,0.36,49.75,0.0,560.5790000000001
10.7,2.64,51.96,0.0,392.124
7.2,0.72,48.85,0.0,370.216
8.8,1.32,51.77,0.0,273.16
12.5,5.28,52.14,0.0,62.0985
11.9,5.16,47.89,0.0,0.0
8.7,4.08,41.38,0.0,0.0
11.5,0.48,43.28,0.0,0.0
10.1,1.8,38.79,0.0,0.0
10.1,0.72,37.23,0.0,0.0
6.2,0.6,29.99,0.0,0.0
8.8,0.24,32.96,0.0,0.0
6.9,0.0,28.97,0.0,0.0
4.9,0.12,25.07,0.0,0.0
9.5,0.0,31.74,0.0,0.0
8.1,0.24,28.21,0.0,0.0
6.8,6.36,27.23,0.0,0.0
11.3,12.96,37.62,0.0,36.2845
10.8,8.88,37.31,0.0,94.9158
9.5,3.96,40.55,0.0,306.532
12.5,4.44,44.68,0.0,348.031
14.0,0.72,42.4,0.0,120.615
9.0,1.08,33.6,0.0,139.627
8.6,0.36,33.48,0.0,191.166
9.2,2.76,35.0,0.0,167.217
10.6,1.32,38.94,0.0,224.785
10.0,1.56,39.29,0.0,265.783
10.7,0.6,38.84,0.0,136.046
10.7,3.12,37.5,0.0,40.3747
10.9,2.76,35.18,0.0,0.0
11.1,0.72,33.86,0.0,0.0
12.8,1.92,35.6,0.0,0.0
10.7,2.4,31.31,0.0,0.0
12.6,0.6,33.27,0.0,0.0
4.3,0.0,19.6,0.0,0.0
9.4,0.36,27.38,0.0,0.0
9.2,0.12,26.19,0.0,0.0
6.4,0.24,21.09,0.0,0.0
8.1,1.92,23.71,0.0,0.0
6.8,0.6,21.33,0.0,0.0
7.1,0.6,24.19,0.0,0.0
9.8,11.52,34.56,0.0,38.9849
10.0,10.8,35.41,0.0,134.859
9.8,8.04,37.81,0.0,279.447
9.1,5.16,33.18,0.0,174.52900000000002
8.2,3.48,33.26,0.0,210.797
12.8,3.36,43.82,0.0,292.51
13.2,1.08,45.46,0.0,348.392
8.9,0.48,41.87,0.0,460.449
7.6,1.8,42.18,0.0,432.073
8.9,2.52,43.74,0.0,324.513
12.7,0.36,48.72,0.0,197.337
11.2,2.52,45.18,0.0,76.6276
10.3,4.92,39.69,0.0,0.0
16.9,1.32,47.82,0.0,0.0
9.5,2.64,35.68,0.0,0.0
13.9,0.96,41.17,0.0,0.0
7.0,3.24,28.9,0.0,0.0
6.8,0.48,27.86,0.0,0.0
8.6,0.12,29.54,0.0,0.0
8.9,4.56,28.14,0.0,0.0
5.0,0.36,20.88,0.0,0.0
4.9,1.32,21.13,0.0,0.0
5.2,0.12,21.97,0.0,0.0
9.1,11.76,30.85,0.0,0.0
9.0,14.16,37.6,0.0,38.9629
14.2,8.88,48.17,0.0,175.509
14.9,4.32,49.72,0.0,345.039
9.7,2.64,45.11,0.0,512.308
14.3,2.64,51.04,0.0,595.469
7.8,0.84,41.0,0.0,425.701
13.8,2.4,51.06,0.0,677.4639999999999
10.6,3.72,48.74,0.0,618.0419999999999
12.3,1.08,50.34,0.0,436.951
11.5,1.32,51.39,0.0,417.58
13.2,2.28,54.11,0.0,288.612
12.9,0.6,49.85,0.0,88.2226
10.8,1.32,42.02,0.0,0.0
11.1,0.48,40.78,0.0,0.0
11.2,2.88,39.25,0.0,0.0
8.7,0.96,33.94,0.0,0.0
9.6,0.36,34.03,0.0,0.0
8.3,0.96,30.65,0.0,0.0
7.6,0.24,28.35,0.0,0.0
4.9,0.12,22.54,0.0,0.0
8.1,0.12,27.2,0.0,0.0
5.5,0.0,22.14,0.0,0.0
8.5,0.0,27.61,0.0,0.0
7.9,4.92,26.71,0.0,0.0
9.1,5.76,30.66,0.0,9.3615
7.6,3.96,32.56,0.0,145.931
14.7,13.92,46.42,0.0,249.561
8.8,6.0,40.35,0.0,354.422
8.4,4.8,42.35,0.0,625.6619999999999
10.0,2.76,45.45,0.0,669.6189999999999
13.5,0.72,51.09,0.0,687.075
15.0,4.8,55.25,0.0,642.479
8.5,3.84,52.19,0.0,570.923
10.1,2.16,56.06,0.0,459.11
9.9,0.96,55.41,0.0,262.467
9.6,1.92,52.15,0.0,87.0897
11.3,3.72,48.57,0.0,0.0
7.0,0.84,39.97,0.0,0.0
8.9,1.08,40.45,0.0,0.0
10.0,1.68,38.56,0.0,0.0
6.5,0.36,30.17,0.0,0.0
7.3,0.48,29.79,0.0,0.0
8.0,0.12,29.83,0.0,0.0
5.5,0.36,24.71,0.0,0.0
4.5,0.0,21.74,0.0,0.0
5.4,0.0,21.6,0.0,0.0
5.5,0.0,20.77,0.0,0.0
6.6,0.48,23.64,0.0,0.0
8.6,6.72,32.35,0.0,36.7425
9.1,4.2,39.74,0.0,175.324
12.5,12.48,46.71,0.0,359.898
7.1,11.76,40.61,0.0,509.05300000000005
11.3,6.12,46.5,0.0,611.0880000000001
10.6,3.0,46.41,0.0,664.7139999999999
8.0,2.88,45.82,0.0,691.6460000000001
10.0,2.88,52.38,0.0,615.404
9.2,4.32,50.87,0.0,314.707
8.6,3.48,49.41,0.0,241.452
12.7,1.92,51.55,0.0,85.9198
12.4,1.68,47.52,0.0,0.0
10.5,0.72,40.99,0.0,0.0
9.1,4.44,36.74,0.0,0.0
10.0,1.2,36.49,0.0,0.0
7.8,3.48,31.35,0.0,0.0
5.9,0.24,27.1,0.0,0.0
11.1,0.12,34.29,0.0,0.0
4.5,0.24,23.27,0.0,0.0
7.4,0.24,27.68,0.0,0.0
7.0,0.0,25.62,0.0,0.0
7.2,0.0,25.35,0.0,0.0
7.6,0.24,26.3,0.0,0.0
9.8,0.36,31.19,0.0,0.0
9.4,8.64,37.66,0.0,39.365
10.8,8.16,43.93,0.0,177.667
12.1,9.24,47.21,0.0,365.462
11.6,12.24,48.06,0.0,523.062
11.6,3.6,48.8,0.0,642.984
10.9,5.52,48.73,0.0,700.933
10.3,2.16,49.26,0.0,705.6489999999999
12.4,0.6,54.38,0.0,672.263
12.9,1.44,56.83,0.0,592.2130000000001
9.0,0.6,52.37,0.0,471.431
8.3,1.68,51.4,0.0,294.909
12.9,5.88,54.2,0.0,100.392
15.3,1.68,50.32,0.0,0.0
8.5,3.72,39.1,0.0,0.0
14.6,1.08,46.0,0.0,0.0
11.2,0.84,38.9,0.0,0.0
9.3,0.6,34.21,0.0,0.0
7.7,0.96,29.8,0.0,0.0
5.7,0.24,25.55,0.0,0.0
4.9,0.0,23.35,0.0,0.0
8.8,0.12,28.76,0.0,0.0
5.1,0.24,21.32,0.0,0.0
7.6,0.0,25.04,0.0,0.0
8.0,1.2,25.97,0.0,0.0
13.9,10.92,43.03,0.0,39.0662
10.6,5.76,41.85,0.0,177.36
8.4,10.08,41.06,0.0,360.592
10.0,4.92,44.39,0.0,509.842
12.1,2.28,47.28,0.0,616.146
9.2,1.56,43.85,0.0,666.38
10.2,1.68,45.93,0.0,725.194
9.5,0.24,47.87,0.0,643.675
10.4,2.52,49.63,0.0,369.545
8.3,0.84,47.67,0.0,283.212
9.7,0.72,51.91,0.0,244.553
10.3,0.96,50.52,0.0,97.9508
12.0,1.56,45.68,0.0,0.0
9.8,0.72,39.97,0.0,0.0
10.2,2.04,39.27,0.0,0.0
10.2,2.16,37.64,0.0,0.0
8.7,0.6,33.52,0.0,0.0
9.7,3.36,33.88,0.0,0.0
4.1,2.16,24.21,0.0,0.0
7.5,0.12,28.22,0.0,0.0
8.7,0.0,28.52,0.0,0.0
5.4,0.12,21.39,0.0,0.0
9.1,0.36,27.24,0.0,0.0
9.9,5.16,29.65,0.0,0.0
12.4,11.04,40.83,0.0,38.8786
11.0,8.28,42.57,0.0,176.93
7.9,6.36,40.86,0.0,358.491
10.7,5.64,45.72,0.0,505.797
13.9,0.6,48.55,0.0,408.381
8.0,4.8,39.05,0.0,299.232
11.8,0.36,42.22,0.0,172.72299999999998
11.6,5.52,43.58,0.0,291.899
11.3,0.48,44.11,0.0,349.81199999999995
11.2,1.08,43.35,0.0,225.616
13.0,1.92,46.81,0.0,172.396
9.9,2.88,41.09,0.0,55.1081
12.9,3.12,41.75,0.0,0.0
11.7,1.32,38.0,0.0,0.0
12.1,0.6,37.28,0.0,0.0
10.2,1.68,33.31,0.0,0.0
10.9,1.56,33.19,0.0,0.0
8.2,0.12,28.11,0.0,0.0
8.6,0.24,28.19,0.0,0.0
7.9,1.8,26.01,0.0,0.0
4.3,0.0,20.06,0.0,0.0
6.4,0.0,24.23,0.0,0.0
6.7,0.36,24.16,0.0,0.0
7.8,1.92,26.22,0.0,0.0
11.3,11.64,37.61,0.0,38.7391
11.0,7.8,38.91,0.0,171.953
12.6,8.64,39.89,0.0,234.804
7.1,12.24,30.05,0.0,353.196
9.5,3.24,28.36,0.0,84.4027
11.9,1.56,32.91,0.0,163.597
10.3,1.32,34.38,0.0,434.345
9.8,0.48,35.37,0.0,359.73900000000003
7.9,0.6,34.26,0.0,262.346
8.5,1.8,38.81,0.0,347.10400000000004
14.8,2.64,44.37,0.0,137.81799999999998
11.1,2.76,37.1,0.0,23.397
7.1,2.16,29.9,0.0,0.0
11.1,1.2,34.71,0.0,0.0
10.6,0.96,31.84,0.0,0.0
9.0,0.6,27.44,0.0,0.0
9.0,0.24,26.15,0.0,0.0
11.4,2.04,29.24,0.0,0.0
8.4,0.0,24.09,0.0,0.0
5.9,0.36,19.77,0.0,0.0
5.5,0.0,19.19,0.0,0.0
7.7,0.0,23.04,0.0,0.0
5.0,0.12,16.93,0.0,0.0
8.2,10.08,21.19,0.0,0.0
9.8,14.88,23.76,0.0,8.62906
9.8,11.52,22.99,0.0,61.6746
11.9,3.72,27.77,0.0,110.364
11.0,6.6,26.69,0.0,172.455
11.3,3.6,26.42,0.0,80.3462
10.1,1.08,24.25,0.0,87.2925
13.2,3.48,29.34,0.0,100.219
12.7,3.36,29.2,0.0,144.967
15.7,1.44,34.42,0.0,125.157
11.2,0.6,28.98,0.0,139.61700000000002
14.4,1.08,35.58,0.0,109.789
11.5,1.92,30.44,0.0,4.5492300000000006
12.4,0.24,30.77,0.0,0.0
12.2,2.28,29.19,0.0,0.0
10.4,1.8,25.99,0.0,0.0
12.2,0.84,28.61,0.0,0.0
7.6,0.36,20.23,0.0,0.0
6.8,2.28,19.19,0.0,0.0
6.1,0.12,18.06,0.0,0.0
4.8,0.36,16.01,0.0,0.0
7.1,0.12,19.73,0.0,0.0
7.3,0.12,19.66,0.0,0.0
9.4,0.12,23.25,0.0,0.0
8.6,5.88,21.8,0.0,0.0
9.2,12.36,23.91,0.0,16.2802
11.4,4.92,29.41,0.0,135.889
12.5,11.28,32.35,0.0,204.841
9.5,6.24,30.81,0.0,378.716
10.8,5.16,35.13,0.0,497.955
12.9,4.68,40.2,0.0,574.544
11.9,4.44,40.47,0.0,577.696
9.7,7.44,39.72,0.0,566.807
8.0,2.28,39.66,0.0,526.62
9.1,5.64,41.56,0.0,376.805
10.3,0.48,42.69,0.0,236.985
9.8,3.72,39.38,0.0,94.5386
8.2,2.76,30.84,0.0,0.0
7.6,1.56,27.59,0.0,0.0
13.0,3.6,32.42,0.0,0.0
7.4,0.96,23.22,0.0,0.0
8.6,0.36,22.97,0.0,0.0
7.6,0.24,19.82,0.0,0.0
5.4,0.24,15.25,0.0,0.0
6.6,0.0,14.91,0.0,0.0
7.5,0.12,14.22,0.0,0.0
5.8,0.0,10.92,0.0,0.0
4.9,0.0,8.99,0.0,0.0
8.2,0.96,12.03,0.0,0.0
8.1,7.68,16.94,0.0,41.8155
9.2,3.24,22.09,0.0,197.229
8.0,10.2,22.91,0.0,402.021
10.7,9.24,27.1,0.0,575.689
9.2,3.72,25.04,0.0,690.799
8.7,3.6,24.93,0.0,745.422
10.0,2.52,27.68,0.0,779.298
11.7,6.96,32.31,0.0,726.565
9.2,5.64,32.75,0.0,630.239
14.6,3.12,40.94,0.0,493.037
15.9,0.72,42.77,0.0,307.003
14.0,0.96,37.35,0.0,95.9563
12.8,1.56,30.08,0.0,0.0
12.1,1.32,26.72,0.0,0.0
11.1,0.6,23.71,0.0,0.0
6.8,1.44,17.19,0.0,0.0
7.5,0.48,15.59,0.0,0.0
9.6,0.84,15.76,0.0,0.0
7.1,0.12,11.44,0.0,0.0
7.1,0.12,9.5,0.0,0.0
6.9,0.0,8.48,0.0,0.0
7.9,0.12,9.71,0.0,0.0
7.5,0.12,9.25,0.0,0.0
9.0,0.72,11.18,0.0,0.0
10.5,6.0,19.49,0.0,40.8396
9.2,4.32,23.16,0.0,191.873
13.4,13.8,32.03,0.0,388.5
10.5,13.92,30.88,0.0,557.374
12.7,7.68,34.58,0.0,662.63
14.4,4.08,37.92,0.0,714.317
11.1,0.6,36.04,0.0,727.711
14.1,6.84,43.71,0.0,678.154
12.5,2.76,46.03,0.0,621.72
10.3,1.92,45.16,0.0,458.837
9.9,2.76,43.77,0.0,231.197
15.8,5.16,48.75,0.0,82.7833
11.6,2.04,37.35,0.0,0.0
14.0,2.04,38.3,0.0,0.0
15.2,0.72,38.66,0.0,0.0
7.8,2.28,27.44,0.0,0.0
8.5,2.76,27.33,0.0,0.0
5.9,0.48,22.58,0.0,0.0
5.9,0.12,21.83,0.0,0.0
5.5,0.12,20.04,0.0,0.0
8.5,0.12,23.12,0.0,0.0
4.9,0.24,16.77,0.0,0.0
6.3,0.24,18.61,0.0,0.0
8.3,2.88,21.93,0.0,0.0
10.4,10.44,28.43,0.0,37.1275
12.9,6.48,33.76,0.0,152.208
9.9,13.2,32.45,0.0,287.137
12.0,0.96,39.25,0.0,374.319
10.2,0.6,39.97,0.0,468.606
12.6,1.8,43.89,0.0,497.05
11.2,1.56,43.31,0.0,591.842
12.1,0.96,47.45,0.0,646.96
9.8,4.32,47.59,0.0,593.183
8.4,0.36,47.53,0.0,458.072
8.3,1.32,47.24,0.0,278.535
13.3,2.04,49.52,0.0,77.3114
11.7,2.64,41.16,0.0,0.0
9.3,4.68,35.56,0.0,0.0
13.7,2.04,39.05,0.0,0.0
9.7,2.04,30.93,0.0,0.0
10.0,0.72,30.25,0.0,0.0
10.9,0.24,30.61,0.0,0.0
5.2,0.48,21.67,0.0,0.0
6.5,0.6,23.61,0.0,0.0
6.0,0.12,22.58,0.0,0.0
5.3,0.36,21.39,0.0,0.0
8.5,0.24,27.18,0.0,0.0
4.3,9.48,19.81,0.0,0.0
11.4,14.64,39.97,0.0,40.2598
12.9,4.56,44.76,0.0,180.916
10.7,10.68,42.62,0.0,368.739
8.5,2.76,41.25,0.0,521.783
8.9,0.96,42.28,0.0,633.2130000000001
11.2,6.0,45.57,0.0,701.813
11.7,0.96,47.39,0.0,722.935
13.2,2.88,53.12,0.0,687.298
6.5,2.64,47.88,0.0,594.191
10.9,0.12,54.23,0.0,450.306
8.4,2.16,49.86,0.0,274.8
6.9,0.84,43.41,0.0,74.7372
10.2,3.84,41.94,0.0,0.0
10.1,2.16,39.45,0.0,0.0
11.2,3.84,38.92,0.0,0.0
11.3,1.56,36.5,0.0,0.0
7.2,0.72,29.12,0.0,0.0
9.4,0.12,30.75,0.0,0.0
5.1,0.48,23.13,0.0,0.0
7.5,0.12,25.98,0.0,0.0
9.7,0.24,28.66,0.0,0.0
4.8,0.36,20.26,0.0,0.0
4.1,0.6,19.47,0.0,0.0
6.3,1.56,24.51,0.0,0.0
9.8,19.32,37.27,0.0,40.3607
9.4,11.4,38.58,0.0,181.832
11.4,8.76,43.43,0.0,374.278
9.7,7.68,42.08,0.0,533.61
10.7,2.64,43.48,0.0,638.177
10.1,1.68,43.85,0.0,709.778
9.2,0.84,44.5,0.0,716.8739999999999
11.3,0.6,49.98,0.0,680.841
10.1,0.48,50.85,0.0,599.891
7.7,5.52,48.23,0.0,457.817
11.9,0.6,52.84,0.0,274.578
10.4,1.44,46.25,0.0,74.4735
12.0,5.52,42.07,0.0,0.0
9.9,1.2,37.2,0.0,0.0
8.7,0.12,34.11,0.0,0.0
12.2,0.48,35.93,0.0,0.0
7.3,0.48,26.59,0.0,0.0
10.1,2.28,28.15,0.0,0.0
7.9,1.08,23.62,0.0,0.0
8.3,0.0,22.56,0.0,0.0
5.4,0.0,17.84,0.0,0.0
5.6,0.24,18.37,0.0,0.0
9.5,0.24,23.57,0.0,0.0
8.0,6.48,20.8,0.0,0.0
8.4,10.68,28.47,0.0,39.6709
11.9,9.84,38.81,0.0,183.273
9.9,2.88,39.34,0.0,370.774
10.6,1.44,42.53,0.0,530.002
12.4,3.36,45.41,0.0,631.428
11.8,2.4,45.55,0.0,695.505
13.5,3.24,48.11,0.0,708.0110000000001
12.1,1.8,49.36,0.0,678.888
11.2,1.2,51.82,0.0,584.4730000000001
7.9,1.08,49.42,0.0,454.285
13.6,0.48,55.13,0.0,270.658
12.0,4.08,48.28,0.0,70.6949
12.6,0.24,42.84,0.0,0.0
8.8,0.84,35.67,0.0,0.0
8.7,1.92,33.73,0.0,0.0
11.8,3.48,36.12,0.0,0.0
12.9,0.36,35.5,0.0,0.0
9.5,0.96,28.83,0.0,0.0
7.9,0.48,25.46,0.0,0.0
6.5,0.12,21.94,0.0,0.0
6.1,0.36,19.31,0.0,0.0
10.4,0.12,24.82,0.0,0.0
6.5,0.0,18.17,0.0,0.0
7.1,1.32,19.66,0.0,0.0
7.5,13.68,29.26,0.0,39.3889
11.9,6.36,41.77,0.0,182.83900000000003
10.4,14.52,42.13,0.0,373.508
8.5,0.96,41.57,0.0,532.549
7.4,6.0,40.48,0.0,630.432
8.5,3.36,42.93,0.0,680.3539999999999
8.6,5.52,45.18,0.0,698.546
10.5,1.08,50.93,0.0,655.05
10.0,3.0,53.23,0.0,578.862
9.6,3.12,53.55,0.0,441.79
6.9,0.6,49.75,0.0,264.8
8.4,6.0,46.2,0.0,67.9512
9.9,0.48,42.34,0.0,0.0
9.3,0.6,39.39,0.0,0.0
8.3,2.76,36.25,0.0,0.0
5.4,1.92,30.42,0.0,0.0
9.4,1.32,34.85,0.0,0.0
7.3,0.36,30.4,0.0,0.0
7.4,0.12,29.26,0.0,0.0
6.6,0.0,26.23,0.0,0.0
4.2,0.0,20.33,0.0,0.0
6.1,0.0,22.75,0.0,0.0
4.7,3.12,19.4,0.0,0.0
9.9,0.48,28.43,0.0,0.0
13.3,2.4,40.44,0.0,38.7783
14.3,6.84,45.12,0.0,179.90400000000002
10.8,6.72,43.68,0.0,361.652
10.0,22.68,44.93,0.0,510.694
9.7,3.96,44.26,0.0,605.005
10.9,4.32,46.64,0.0,680.298
10.1,1.92,47.15,0.0,673.795
9.8,3.72,49.77,0.0,651.275
11.5,4.44,54.47,0.0,564.434
9.9,7.2,53.98,0.0,439.4330000000001
13.9,2.28,56.66,0.0,261.038
12.5,1.8,52.77,0.0,65.8749
14.6,3.36,50.02,0.0,0.0
10.3,1.2,43.28,0.0,0.0
8.1,2.16,38.35,0.0,0.0
11.8,2.4,41.28,0.0,0.0
7.1,0.6,32.18,0.0,0.0
7.2,0.6,30.85,0.0,0.0
7.4,0.0,29.19,0.0,0.0
5.9,0.24,25.0,0.0,0.0
4.5,0.24,21.55,0.0,0.0
6.5,0.0,23.79,0.0,0.0
9.0,0.12,28.06,0.0,0.0
6.0,0.24,23.63,0.0,0.0
11.6,3.12,32.95,0.0,12.8092
10.3,8.64,29.83,0.0,71.2984
12.5,9.24,31.58,0.0,126.204
12.6,8.16,32.46,0.0,161.961
12.2,6.48,34.79,0.0,265.831
11.2,7.32,34.63,0.0,415.261
10.7,0.96,33.16,0.0,226.32
9.6,1.68,36.56,0.0,538.698
13.1,0.72,43.11,0.0,409.793
8.8,0.48,39.58,0.0,391.018
11.1,0.84,42.81,0.0,240.655
13.2,1.44,41.14,0.0,65.6679
16.4,5.28,40.42,0.0,0.0
14.7,0.84,36.55,0.0,0.0
11.3,1.68,31.13,0.0,0.0
8.6,2.4,26.42,0.0,0.0
8.5,2.4,25.55,0.0,0.0
8.4,0.96,23.73,0.0,0.0
8.2,0.24,21.75,0.0,0.0
5.3,0.36,16.25,0.0,0.0
4.6,0.24,14.02,0.0,0.0
6.7,0.36,15.99,0.0,0.0
4.9,0.24,12.81,0.0,0.0
7.7,1.08,16.6,0.0,0.0
12.1,17.88,29.26,0.0,39.4634
10.4,5.4,30.43,0.0,188.903
9.8,6.72,32.09,0.0,389.715
13.4,0.96,38.74,0.0,552.073
9.8,3.72,34.35,0.0,661.813
8.6,1.92,34.87,0.0,711.7289999999999
9.7,2.64,38.2,0.0,724.9939999999999
10.8,1.68,43.09,0.0,678.117
10.4,0.6,45.96,0.0,589.998
7.0,1.68,43.2,0.0,454.871
8.6,0.36,44.69,0.0,268.41900000000004
9.3,6.48,40.84,0.0,65.0844
9.5,1.92,36.0,0.0,0.0
9.9,0.84,34.27,0.0,0.0
11.3,0.6,34.18,0.0,0.0
12.4,0.6,33.87,0.0,0.0
9.7,0.24,29.46,0.0,0.0
5.1,0.84,22.55,0.0,0.0
6.1,0.12,23.11,0.0,0.0
5.7,0.24,21.08,0.0,0.0
7.4,0.0,22.54,0.0,0.0
10.7,0.12,26.82,0.0,0.0
8.5,0.48,22.77,0.0,0.0
4.5,6.24,17.32,0.0,0.0
11.1,12.48,34.66,0.0,38.2971
11.5,7.92,38.4,0.0,184.277
10.6,0.72,40.43,0.0,375.401
8.6,8.76,40.01,0.0,537.072
9.0,1.68,41.34,0.0,642.408
13.0,2.64,48.26,0.0,704.403
11.1,2.52,47.51,0.0,728.015
9.7,4.92,48.17,0.0,675.4830000000001
11.4,0.96,52.57,0.0,595.553
13.0,2.04,54.69,0.0,445.1830000000001
7.7,1.2,46.84,0.0,257.868
12.6,1.2,47.48,0.0,59.5728
8.5,4.68,36.39,0.0,0.0
14.6,3.24,42.33,0.0,0.0
12.5,1.32,37.53,0.0,0.0
11.4,0.84,34.06,0.0,0.0
6.0,0.12,25.45,0.0,0.0
5.3,0.12,23.97,0.0,0.0
5.6,0.24,23.63,0.0,0.0
7.5,0.0,25.56,0.0,0.0
5.5,0.12,21.72,0.0,0.0
6.4,0.12,22.97,0.0,0.0
9.4,0.36,27.59,0.0,0.0
9.3,3.96,27.0,0.0,0.0
11.1,20.16,35.71,0.0,37.3475
10.0,16.32,38.1,0.0,181.187
12.8,8.76,44.76,0.0,373.114
10.3,6.48,42.2,0.0,535.804
13.0,1.92,45.93,0.0,653.606
9.1,0.36,42.82,0.0,714.669
10.7,0.96,45.99,0.0,716.313
10.9,1.56,48.78,0.0,671.685
10.9,2.76,51.59,0.0,582.6
7.2,0.6,46.64,0.0,438.431
11.1,0.96,49.82,0.0,249.003
9.3,4.32,42.19,0.0,47.0669
11.5,2.16,40.61,0.0,0.0
8.7,2.28,34.82,0.0,0.0
11.4,1.32,36.71,0.0,0.0
9.4,0.6,31.79,0.0,0.0
11.6,1.44,32.66,0.0,0.0
6.2,2.16,23.22,0.0,0.0
5.8,0.0,21.51,0.0,0.0
7.1,2.88,21.79,0.0,0.0
5.8,0.12,18.73,0.0,0.0
8.2,0.12,22.9,0.0,0.0
6.5,0.24,20.39,0.0,0.0
7.0,6.84,21.4,0.0,0.0
9.8,15.48,29.97,0.0,36.5115
10.9,9.96,36.22,0.0,177.12099999999998
8.9,4.44,34.87,0.0,357.422
12.4,6.0,41.91,0.0,512.826
12.2,0.96,41.77,0.0,645.1759999999999
9.3,0.36,38.38,0.0,707.0169999999999
11.9,2.52,43.51,0.0,711.975
12.8,0.36,47.97,0.0,681.5189999999999
9.1,1.32,46.79,0.0,585.8009999999999
10.7,0.48,48.81,0.0,397.607
10.3,3.72,46.45,0.0,210.373
7.8,1.2,38.56,0.0,45.0472
10.2,0.24,37.62,0.0,0.0
8.8,0.48,33.5,0.0,0.0
9.7,4.32,32.66,0.0,0.0
8.6,2.04,28.98,0.0,0.0
6.2,0.12,23.65,0.0,0.0
7.0,0.96,23.15,0.0,0.0
7.4,0.12,22.43,0.0,0.0
8.5,0.24,22.25,0.0,0.0
5.7,0.24,16.78,0.0,0.0
6.1,0.24,17.16,0.0,0.0
5.3,0.36,15.35,0.0,0.0
7.8,5.16,18.84,0.0,0.0
11.2,10.44,30.57,0.0,37.7634
10.7,6.12,33.62,0.0,159.659
8.1,12.6,32.27,0.0,305.442
11.7,3.24,36.77,0.0,299.438
8.1,6.96,31.78,0.0,317.492
15.4,2.4,42.6,0.0,274.838
11.4,2.4,35.83,0.0,193.935
14.1,8.52,42.16,0.0,279.386
9.8,1.08,37.03,0.0,279.567
12.7,3.12,38.98,0.0,163.58700000000002
11.1,3.48,35.61,0.0,72.4342
12.9,9.96,37.64,0.0,11.6063
10.8,2.64,32.98,0.0,0.0
12.5,0.72,34.35,0.0,0.0
7.4,3.84,27.01,0.0,0.0
9.5,1.56,29.68,0.0,0.0
11.7,2.4,32.27,0.0,0.0
8.1,0.36,25.97,0.0,0.0
5.3,0.36,21.27,0.0,0.0
5.1,1.44,20.69,0.0,0.0
4.6,0.0,19.79,0.0,0.0
7.3,0.0,23.94,0.0,0.0
6.4,0.24,21.51,0.0,0.0
8.4,0.96,24.65,0.0,0.0
8.3,3.0,23.8,0.0,4.76695
13.1,1.08,29.01,0.0,12.5909
6.4,13.56,15.38,0.0,25.048
7.8,12.36,16.57,0.0,49.3231
8.7,5.4,17.79,0.0,53.5756
7.9,2.28,17.73,0.0,67.5691
9.6,4.92,24.02,0.0,115.731
10.6,2.4,32.56,0.0,417.8
10.0,6.96,36.6,0.0,551.044
8.5,3.24,31.42,0.0,238.43400000000003
7.3,2.28,28.11,0.0,82.3047
8.7,3.96,29.74,0.0,18.2215
10.3,0.48,30.52,0.0,0.0
10.3,0.96,29.72,0.0,0.0
9.4,1.32,27.52,0.0,0.0
9.4,1.2,26.79,0.0,0.0
8.6,0.12,24.85,0.0,0.0
7.1,2.04,22.57,0.0,0.0
8.0,0.24,24.5,0.0,0.0
6.0,0.12,20.31,0.0,0.0
6.5,0.12,20.33,0.0,0.0
5.4,0.0,18.79,0.0,0.0
6.4,0.12,20.76,0.0,0.0
9.0,0.48,25.97,0.0,0.0
9.0,6.36,31.09,0.0,35.1185
12.6,8.28,36.98,0.0,156.583
11.3,7.44,32.29,0.0,202.636
9.9,13.2,33.72,0.0,322.67900000000003
12.1,5.52,39.43,0.0,400.453
11.8,6.24,37.77,0.0,302.96
16.5,0.72,43.63,0.0,195.313
9.9,1.32,38.11,0.0,459.194
11.4,1.2,42.39,0.0,460.457
10.3,3.48,37.81,0.0,216.05
17.7,0.6,45.63,0.0,11.5732
10.8,2.4,35.79,0.0,0.0
14.7,2.88,39.92,0.0,0.0
12.2,3.12,34.57,0.0,0.0
13.5,1.92,36.43,0.0,0.0
15.5,0.48,38.81,0.0,0.0
7.3,0.48,25.39,0.0,0.0
6.7,0.36,24.5,0.0,0.0
6.5,0.0,23.97,0.0,0.0
9.0,0.36,27.18,0.0,0.0
5.4,0.12,20.25,0.0,0.0
4.4,0.12,18.65,0.0,0.0
7.4,0.12,23.69,0.0,0.0
6.1,3.0,21.85,0.0,0.0
15.1,8.16,42.79,0.0,35.1562
13.4,3.48,39.83,0.0,162.813
8.4,13.68,33.67,0.0,285.891
10.8,1.44,41.72,0.0,526.7919999999999
10.1,0.48,41.01,0.0,617.941
11.8,0.48,45.32,0.0,693.664
10.2,2.88,45.59,0.0,697.2260000000001
8.0,1.2,46.23,0.0,655.5039999999999
11.5,0.84,53.87,0.0,555.439
9.8,0.36,52.15,0.0,417.003
10.1,1.44,50.66,0.0,236.798
10.4,2.28,44.87,0.0,46.8647
11.6,3.12,41.52,0.0,0.0
6.0,3.72,32.62,0.0,0.0
11.3,1.32,38.23,0.0,0.0
9.4,1.08,33.68,0.0,0.0
7.7,0.36,29.46,0.0,0.0
8.0,0.24,28.09,0.0,0.0
6.8,0.12,24.73,0.0,0.0
5.3,0.0,22.03,0.0,0.0
6.6,0.0,24.07,0.0,0.0
5.4,0.0,21.42,0.0,0.0
7.4,0.6,23.99,0.0,0.0
11.0,11.64,30.07,0.0,0.0
15.8,14.4,42.18,0.0,34.2066
13.9,7.08,42.9,0.0,177.18900000000002
8.9,3.36,38.24,0.0,367.851
13.4,3.0,46.18,0.0,526.721
12.3,1.2,44.61,0.0,627.6759999999999
9.5,8.04,41.97,0.0,683.7639999999999
16.8,0.48,52.26,0.0,688.618
7.7,2.64,45.78,0.0,649.125
11.1,0.72,53.23,0.0,566.693
7.8,0.72,49.8,0.0,424.659
13.5,1.92,55.17,0.0,232.634
12.9,4.92,49.14,0.0,44.4202
10.3,2.4,41.95,0.0,0.0
13.2,1.32,44.53,0.0,0.0
9.4,1.92,38.14,0.0,0.0
8.6,3.12,34.56,0.0,0.0
9.3,0.48,33.24,0.0,0.0
6.3,0.48,26.71,0.0,0.0
6.0,0.12,24.92,0.0,0.0
8.6,0.24,26.37,0.0,0.0
12.1,0.48,28.45,0.0,0.0
9.0,0.0,21.87,0.0,0.0
10.6,1.08,23.22,0.0,0.0
8.5,2.04,19.29,0.0,0.0
6.2,17.76,17.44,0.0,20.9472
7.0,22.32,16.26,0.0,79.0196
11.0,12.72,22.25,0.0,134.47299999999998
10.5,4.32,23.03,0.0,191.647
10.0,4.68,25.5,0.0,395.105
12.8,0.36,33.06,0.0,731.6310000000001
8.0,0.84,29.38,0.0,735.7189999999999
12.7,2.64,40.22,0.0,698.9939999999999
11.0,1.32,42.26,0.0,600.552
8.7,3.6,40.18,0.0,442.112
8.4,0.72,37.93,0.0,222.548
8.7,1.2,33.41,0.0,39.1998
10.6,3.12,32.38,0.0,0.0
10.0,1.56,29.87,0.0,0.0
14.3,1.56,34.05,0.0,0.0
7.6,2.16,23.19,0.0,0.0
13.3,2.28,28.04,0.0,0.0
7.6,0.24,18.43,0.0,0.0
7.2,1.92,15.8,0.0,0.0
6.9,0.36,13.44,0.0,0.0
8.7,0.24,13.79,0.0,0.0
7.1,0.12,10.66,0.0,0.0
6.5,4.08,8.93,0.0,0.0
6.3,5.52,8.39,0.0,0.0
11.8,7.92,17.24,0.0,38.4858
11.7,18.24,20.2,0.0,199.141
10.3,2.76,20.56,0.0,412.662
9.5,1.92,21.17,0.0,586.569
16.0,4.08,30.8,0.0,682.9680000000001
8.1,5.52,23.11,0.0,747.966
16.8,2.04,35.89,0.0,758.307
11.2,1.68,32.57,0.0,712.299
7.5,1.8,31.08,0.0,616.97
10.3,0.72,34.87,0.0,458.552
12.5,3.12,36.31,0.0,250.29
8.4,0.72,25.63,0.0,43.5744
12.2,4.8,26.3,0.0,0.0
7.8,0.96,18.9,0.0,0.0
11.2,1.2,20.79,0.0,0.0
14.5,1.32,22.47,0.0,0.0
11.4,0.36,17.05,0.0,0.0
8.7,0.96,12.76,0.0,0.0
4.7,0.0,7.77,0.0,0.0
5.9,0.0,7.97,0.0,0.0
7.8,2.64,8.86,0.0,0.0
8.2,0.0,8.71,0.0,0.0
8.9,0.0,8.92,0.0,0.0
7.7,1.56,7.66,0.0,0.0
11.6,5.76,11.74,0.0,16.4872
12.0,11.64,10.32,0.0,27.249
10.5,7.92,8.9,0.0,73.6759
11.5,5.28,10.44,0.0,126.577
10.1,2.64,10.42,0.0,173.217
9.5,5.64,10.97,0.0,198.389
9.6,6.12,11.84,0.0,181.118
9.4,3.96,12.63,0.0,210.753
14.9,2.76,18.71,0.0,129.857
8.1,4.08,10.69,0.0,65.4362
14.0,3.6,19.09,0.0,75.044
9.4,5.64,13.88,0.0,36.4577
9.9,3.24,12.75,0.0,0.0
10.5,3.24,12.5,0.0,0.0
10.0,2.88,11.36,0.0,0.0
13.3,2.88,14.22,0.0,0.0
9.4,5.16,8.92,0.0,0.0
8.5,2.4,7.75,0.0,0.0
8.8,0.36,7.72,0.0,0.0
6.2,0.48,5.44,0.0,0.0
7.5,0.24,5.72,0.0,0.0
6.2,0.0,4.66,0.0,0.0
9.0,0.12,6.23,0.0,0.0
11.8,0.24,8.05,0.0,0.0
8.5,2.64,5.51,0.0,0.919479
9.6,10.32,5.44,0.0,35.1048
10.5,17.52,5.98,0.0,81.2691
8.2,19.08,5.15,0.0,128.665
7.2,14.76,4.99,0.0,172.545
9.8,6.24,7.42,0.0,221.979
8.9,4.68,8.15,0.0,316.034
8.5,5.76,8.76,0.0,318.156
9.5,8.28,10.23,0.0,257.35400000000004
6.6,2.64,8.53,0.0,181.141
10.1,0.72,14.41,0.0,144.72
8.1,8.52,11.13,0.0,40.1348
12.2,2.76,13.72,0.0,0.0
8.9,2.16,9.83,0.0,0.0
9.8,1.44,10.33,0.0,0.0
11.9,3.48,11.56,0.0,0.0
5.4,2.16,5.49,0.0,0.0
10.2,0.0,9.01,0.0,0.0
7.0,2.28,6.32,0.0,0.0
10.8,3.12,8.81,0.0,0.0
8.6,0.36,7.01,0.0,0.0
9.3,0.0,7.28,0.0,0.0
8.2,0.48,6.12,0.0,0.0
6.7,7.68,5.44,0.0,0.0
10.5,5.52,9.99,0.0,0.0
13.0,7.44,12.64,0.0,116.045
12.2,15.24,15.05,0.0,247.662
13.4,14.4,19.9,0.0,355.97900000000004
12.7,5.16,21.01,0.0,312.039
12.0,3.72,25.6,0.0,639.91
10.9,4.92,28.22,0.0,655.41
11.6,4.44,32.06,0.0,477.544
7.0,0.84,29.88,0.0,534.617
7.2,0.48,31.85,0.0,379.651
10.3,1.8,36.55,0.0,225.562
12.2,1.56,33.71,0.0,29.5468
12.8,6.48,31.01,0.0,0.0
12.7,3.96,29.32,0.0,0.0
9.8,3.24,23.73,0.0,0.0
7.9,3.36,20.5,0.0,0.0
8.5,0.96,21.02,0.0,0.0
6.3,1.68,17.2,0.0,0.0
6.1,0.24,16.23,0.0,0.0
8.5,0.36,19.41,0.0,0.0
7.6,0.24,17.4,0.0,0.0
7.3,0.12,16.24,0.0,0.0
6.4,1.32,14.77,0.0,0.0
9.2,2.28,18.03,0.0,0.0
10.5,16.68,25.87,0.0,0.0
12.0,8.76,33.59,0.0,177.384
9.5,20.64,33.24,0.0,366.47
10.6,2.52,36.72,0.0,519.617
11.3,12.72,37.64,0.0,618.823
7.6,1.68,34.09,0.0,671.444
12.4,0.72,42.65,0.0,687.585
12.8,0.84,47.33,0.0,644.75
9.5,0.72,46.85,0.0,550.528
7.9,1.8,45.71,0.0,407.193
10.0,1.2,46.81,0.0,217.742
12.4,1.92,43.14,0.0,31.2971
10.1,0.96,36.04,0.0,0.0
7.2,2.4,30.12,0.0,0.0
11.4,4.56,33.93,0.0,0.0
6.8,2.28,25.8,0.0,0.0
8.2,1.44,25.6,0.0,0.0
12.1,0.24,29.28,0.0,0.0
7.6,1.44,21.31,0.0,0.0
7.4,0.12,19.85,0.0,0.0
7.2,0.24,18.47,0.0,0.0
7.4,0.36,17.98,0.0,0.0
7.9,3.48,18.17,0.0,0.0
9.2,4.92,19.31,0.0,0.0
13.4,8.4,32.69,0.0,0.0
15.8,10.92,41.32,0.0,172.61
10.8,9.36,37.42,0.0,361.547
9.1,7.8,37.3,0.0,508.6230000000001
9.4,1.08,38.37,0.0,618.688
8.6,5.64,40.09,0.0,673.279
12.4,3.36,47.13,0.0,684.735
12.1,0.96,49.39,0.0,641.414
10.1,1.2,49.73,0.0,554.827
9.4,0.48,49.55,0.0,410.645
10.1,2.04,48.58,0.0,214.359
10.3,1.08,42.37,0.0,30.134
9.2,2.52,36.72,0.0,0.0
13.4,1.8,40.05,0.0,0.0
9.1,1.2,32.45,0.0,0.0
11.0,1.92,32.5,0.0,0.0
10.0,0.36,28.37,0.0,0.0
15.5,0.24,33.65,0.0,0.0
5.9,0.0,18.09,0.0,0.0
11.5,0.12,24.82,0.0,0.0
6.9,0.12,16.67,0.0,0.0
7.7,0.0,16.51,0.0,0.0
9.9,1.2,18.45,0.0,0.0
10.0,3.48,17.84,0.0,0.0
11.1,24.96,26.4,0.0,0.0
9.8,13.8,31.46,0.0,171.422
7.2,19.08,31.59,0.0,338.149
8.6,13.32,35.46,0.0,447.385
8.3,2.28,36.48,0.0,598.085
11.3,2.4,41.17,0.0,570.008
10.8,0.72,41.87,0.0,549.3530000000001
17.0,1.08,50.56,0.0,469.332
10.0,2.64,42.5,0.0,428.094
9.7,0.48,40.81,0.0,275.902
8.8,1.08,39.36,0.0,182.332
12.1,0.84,38.14,0.0,15.8975
11.1,3.48,33.63,0.0,0.0
9.6,1.2,29.9,0.0,0.0
11.8,4.2,31.48,0.0,0.0
10.5,1.56,27.62,0.0,0.0
8.1,0.84,23.04,0.0,0.0
7.9,2.16,20.79,0.0,0.0
8.1,3.96,18.36,0.0,0.0
7.9,1.56,16.47,0.0,0.0
9.1,0.24,17.74,0.0,0.0
6.5,0.24,13.23,0.0,0.0
9.7,0.12,18.94,0.0,0.0
4.9,7.44,13.04,0.0,0.0
9.7,9.48,24.49,0.0,0.0
9.1,8.04,30.98,0.0,173.544
13.1,4.32,41.72,0.0,368.587
12.3,4.2,40.97,0.0,506.182
8.3,6.48,35.09,0.0,535.556
8.0,1.44,36.39,0.0,562.633
13.9,0.36,45.25,0.0,542.119
10.5,0.72,41.25,0.0,448.846
9.4,2.4,40.99,0.0,366.196
15.2,0.84,51.46,0.0,351.46
10.4,1.68,45.38,0.0,204.022
10.9,1.44,39.39,0.0,20.6343
12.7,0.36,38.23,0.0,0.0
12.4,1.44,35.76,0.0,0.0
11.0,4.68,31.94,0.0,0.0
9.2,1.92,28.07,0.0,0.0
10.5,1.68,28.74,0.0,0.0
7.4,0.24,23.06,0.0,0.0
9.2,2.16,25.0,0.0,0.0
6.4,0.12,19.59,0.0,0.0
3.9,0.0,15.14,0.0,0.0
8.0,0.0,20.16,0.0,0.0
7.2,0.72,16.85,0.0,0.0
7.4,0.72,16.03,0.0,0.0
10.2,5.88,26.24,0.0,0.0
9.1,11.76,28.14,0.0,179.197
10.3,9.72,29.06,0.0,326.522
9.7,6.0,24.65,0.0,249.632
12.0,4.08,28.79,0.0,279.274
11.2,4.32,28.6,0.0,331.464
11.5,4.8,31.33,0.0,373.622
10.0,0.96,34.68,0.0,599.086
9.4,3.48,38.21,0.0,581.755
7.3,2.28,36.33,0.0,418.069
9.6,4.2,37.28,0.0,218.838
11.4,4.2,32.99,0.0,21.3193
12.8,1.8,31.59,0.0,0.0
10.5,1.92,26.7,0.0,0.0
14.0,0.36,30.4,0.0,0.0
7.5,1.56,19.52,0.0,0.0
7.4,0.72,17.0,0.0,0.0
8.2,1.08,15.77,0.0,0.0
9.4,0.24,15.13,0.0,0.0
8.2,0.24,11.35,0.0,0.0
8.8,1.32,10.45,0.0,0.0
9.0,0.0,9.55,0.0,0.0
5.6,0.0,6.24,0.0,0.0
10.5,0.12,10.08,0.0,0.0
7.3,2.04,11.34,0.0,0.0
8.1,9.36,17.21,0.0,189.643
5.3,9.24,17.7,0.0,401.578
8.7,11.76,23.95,0.0,561.076
11.0,6.24,28.03,0.0,660.7660000000001
8.0,1.08,25.57,0.0,732.118
7.4,1.44,27.27,0.0,726.253
11.1,7.44,35.82,0.0,686.168
9.0,2.88,36.54,0.0,590.485
12.1,2.88,40.76,0.0,408.911
5.2,2.16,30.56,0.0,219.239
11.8,3.72,31.41,0.0,21.9122
10.7,4.32,26.21,0.0,0.0
10.3,2.4,23.34,0.0,0.0
10.0,2.64,21.26,0.0,0.0
10.1,2.88,19.1,0.0,0.0
7.2,2.88,14.24,0.0,0.0
7.2,2.16,13.2,0.0,0.0
7.1,0.12,12.06,0.0,0.0
5.4,0.36,9.0,0.0,0.0
6.9,1.8,8.97,0.0,0.0
8.5,0.0,9.33,0.0,0.0
9.8,0.36,9.75,0.0,0.0
9.7,4.08,9.28,0.0,0.0
9.4,11.04,13.73,0.0,0.0
10.1,16.44,20.99,0.0,186.476
12.7,17.04,29.64,0.0,388.174
8.4,14.16,26.88,0.0,545.776
9.5,4.68,29.57,0.0,651.018
9.9,3.24,32.08,0.0,711.393
7.0,0.84,29.87,0.0,708.0189999999999
9.6,4.08,36.85,0.0,654.256
8.5,2.28,38.09,0.0,568.137
5.8,1.92,35.23,0.0,415.052
16.0,3.0,45.39,0.0,211.232
11.1,3.84,33.05,0.0,18.5985
10.5,6.72,29.29,0.0,0.0
11.3,3.48,28.32,0.0,0.0
11.2,4.56,26.5,0.0,0.0
8.4,2.88,20.61,0.0,0.0
9.5,0.6,19.87,0.0,0.0
8.2,0.48,16.43,0.0,0.0
5.3,0.12,12.3,0.0,0.0
9.4,0.12,16.8,0.0,0.0
8.2,0.0,14.4,0.0,0.0
7.1,0.12,12.91,0.0,0.0
3.8,0.12,8.8,0.0,0.0
10.7,0.84,17.43,0.0,0.0
10.4,28.44,21.71,0.0,0.0
10.8,6.96,22.4,0.0,117.318
10.2,12.36,21.6,0.0,133.815
7.4,4.44,21.23,0.0,174.07299999999998
13.2,12.96,37.26,0.0,391.968
8.5,2.88,34.53,0.0,631.651
11.5,3.24,41.85,0.0,681.193
10.6,0.48,45.43,0.0,632.145
8.1,0.48,45.43,0.0,541.759
8.9,0.96,47.55,0.0,394.814
8.5,2.52,44.77,0.0,198.769
10.1,0.84,39.65,0.0,17.9032
10.9,1.56,37.33,0.0,0.0
10.9,1.68,35.32,0.0,0.0
11.9,3.72,34.33,0.0,0.0
11.4,1.08,31.03,0.0,0.0
8.2,0.6,22.84,0.0,0.0
5.8,2.04,16.48,0.0,0.0
7.9,0.12,15.42,0.0,0.0
6.6,0.12,10.91,0.0,0.0
8.7,0.12,12.1,0.0,0.0
8.5,1.32,9.91,0.0,0.0
8.5,3.36,8.55,0.0,0.0
8.5,8.64,7.89,0.0,0.0
8.5,10.68,12.89,0.0,0.0
11.0,6.72,23.44,0.0,185.221
12.2,9.72,30.14,0.0,385.944
7.8,7.32,27.02,0.0,547.237
12.0,2.76,32.38,0.0,661.285
9.8,3.0,31.36,0.0,711.19
14.3,3.84,37.84,0.0,712.59
9.6,1.68,36.35,0.0,664.1669999999999
5.9,0.96,35.55,0.0,569.168
11.6,10.32,42.39,0.0,408.064
12.7,0.72,41.28,0.0,206.228
13.1,2.88,35.13,0.0,18.7119
12.6,1.68,31.86,0.0,0.0
9.8,1.56,27.39,0.0,0.0
12.7,1.92,28.56,0.0,0.0
12.6,2.64,24.94,0.0,0.0
12.7,4.32,22.4,0.0,0.0
15.8,2.16,24.03,0.0,0.0
6.0,1.32,11.66,0.0,0.0
9.5,1.92,13.51,0.0,0.0
4.7,0.24,6.73,0.0,0.0
7.3,0.0,7.65,0.0,0.0
4.5,0.12,5.28,0.0,0.0
7.4,2.76,6.68,0.0,0.0
11.9,11.88,14.07,0.0,0.0
7.8,14.4,17.28,0.0,179.287
8.7,11.64,25.34,0.0,360.537
8.6,5.16,29.68,0.0,504.326
8.7,5.4,31.54,0.0,631.2909999999999
7.7,1.2,32.13,0.0,686.46
9.1,3.24,36.81,0.0,696.47
11.7,1.44,43.53,0.0,650.711
7.8,1.08,41.84,0.0,560.035
10.6,2.16,44.35,0.0,404.892
6.3,1.56,36.39,0.0,203.389
14.6,0.72,39.03,0.0,16.9276
13.2,2.16,34.29,0.0,0.0
8.8,2.16,26.93,0.0,0.0
11.7,2.04,28.43,0.0,0.0
8.7,2.16,22.22,0.0,0.0
9.6,0.84,20.65,0.0,0.0
6.3,0.48,14.22,0.0,0.0
5.6,0.36,11.47,0.0,0.0
11.3,0.36,16.8,0.0,0.0
7.4,0.36,10.46,0.0,0.0
7.2,0.24,9.38,0.0,0.0
7.5,3.0,8.76,0.0,0.0
7.8,5.64,8.6,0.0,0.0
7.3,9.36,12.53,0.0,0.0
11.2,9.96,25.01,0.0,178.324
9.8,6.84,29.51,0.0,378.242
7.4,3.84,29.66,0.0,524.981
14.1,6.72,38.65,0.0,587.689
7.2,0.84,31.85,0.0,669.018
15.4,0.84,43.44,0.0,686.79
11.7,0.48,43.55,0.0,616.112
8.7,2.04,44.41,0.0,508.104
6.7,1.56,42.96,0.0,390.7
7.3,1.2,41.01,0.0,198.725
14.6,0.96,43.36,0.0,15.5425
10.0,3.72,34.71,0.0,0.0
14.4,0.48,37.43,0.0,0.0
7.6,1.92,26.62,0.0,0.0
10.8,1.32,28.87,0.0,0.0
8.0,1.08,24.21,0.0,0.0
9.6,0.0,25.43,0.0,0.0
7.5,0.84,19.77,0.0,0.0
6.8,0.0,15.55,0.0,0.0
6.6,1.56,13.2,0.0,0.0
7.4,0.12,12.19,0.0,0.0
8.5,0.36,11.84,0.0,0.0
7.5,1.68,9.73,0.0,0.0
9.4,8.88,14.37,0.0,0.0
11.3,7.32,19.07,0.0,171.96599999999998
11.7,18.84,20.58,0.0,315.69
10.2,6.0,21.08,0.0,444.64
12.1,6.0,24.92,0.0,553.734
8.8,4.8,22.76,0.0,617.803
10.0,7.8,25.55,0.0,639.169
10.8,2.28,28.77,0.0,569.991
9.1,3.12,27.77,0.0,448.595
9.7,10.56,27.01,0.0,297.418
9.3,3.24,25.4,0.0,144.624
9.4,4.8,22.4,0.0,8.94892
11.0,1.92,21.98,0.0,0.0
11.3,4.56,20.9,0.0,0.0
7.7,1.8,15.75,0.0,0.0
12.7,1.8,19.27,0.0,0.0
7.5,1.56,12.55,0.0,0.0
7.1,1.32,10.81,0.0,0.0
9.8,0.48,12.03,0.0,0.0
6.2,0.48,7.41,0.0,0.0
8.3,0.24,7.88,0.0,0.0
7.3,0.12,6.54,0.0,0.0
9.0,0.72,7.04,0.0,0.0
9.5,1.32,6.78,0.0,0.0
10.0,1.44,9.34,0.0,0.0
5.4,5.76,9.59,0.0,186.258
11.6,16.68,16.51,0.0,401.458
8.6,8.04,16.18,0.0,576.328
7.0,10.92,16.27,0.0,685.564
14.2,10.68,25.48,0.0,758.314
10.8,0.72,23.92,0.0,753.1089999999999
8.8,2.88,25.35,0.0,694.715
10.2,3.6,29.84,0.0,584.284
7.3,2.28,27.43,0.0,428.795
12.1,3.84,30.12,0.0,209.527
10.8,3.96,22.8,0.0,16.3266
10.2,5.88,19.96,0.0,0.0
13.2,2.16,21.9,0.0,0.0
9.3,3.84,16.5,0.0,0.0
10.7,2.28,16.33,0.0,0.0
6.9,1.32,10.9,0.0,0.0
9.9,0.72,12.2,0.0,0.0
6.3,0.36,7.79,0.0,0.0
5.8,0.12,6.32,0.0,0.0
6.6,0.12,5.97,0.0,0.0
10.9,0.0,8.6,0.0,0.0
5.9,0.12,5.09,0.0,0.0
7.9,8.52,6.14,0.0,0.0
12.8,5.28,12.46,0.0,0.0
11.6,14.28,15.85,0.0,182.443
10.7,15.72,18.96,0.0,390.538
13.9,21.6,26.7,0.0,554.153
10.7,5.16,24.78,0.0,669.324
9.7,4.2,25.43,0.0,731.951
11.9,2.76,29.87,0.0,741.6089999999999
8.1,3.84,28.38,0.0,689.3430000000001
8.3,0.84,31.68,0.0,577.775
6.1,5.4,28.49,0.0,417.705
9.8,1.44,29.78,0.0,200.51
11.1,3.12,25.63,0.0,14.5664
14.3,3.84,27.12,0.0,0.0
11.7,6.0,21.88,0.0,0.0
10.6,4.68,19.48,0.0,0.0
9.1,1.08,16.24,0.0,0.0
10.2,4.56,16.19,0.0,0.0
7.6,0.36,11.82,0.0,0.0
12.3,0.84,16.63,0.0,0.0
5.9,0.36,8.15,0.0,0.0
10.3,0.24,11.96,0.0,0.0
10.7,0.0,11.52,0.0,0.0
6.8,0.36,7.3,0.0,0.0
6.8,5.04,7.04,0.0,0.0
12.0,28.32,14.77,0.0,0.0
9.8,12.12,18.2,0.0,174.80200000000002
9.4,12.84,23.42,0.0,375.601
9.5,4.92,27.7,0.0,539.976
6.8,11.28,26.09,0.0,652.271
15.2,1.32,39.38,0.0,663.5110000000001
11.3,5.04,32.84,0.0,452.65
11.9,0.96,35.58,0.0,496.924
10.4,0.84,30.94,0.0,229.198
6.2,0.24,25.17,0.0,182.679
12.1,2.16,35.79,0.0,151.57
9.0,0.24,26.99,0.0,12.4947
11.1,0.6,27.19,0.0,0.0
8.4,1.56,21.62,0.0,0.0
12.2,4.32,25.92,0.0,0.0
9.2,1.44,19.64,0.0,0.0
8.7,0.84,17.79,0.0,0.0
8.0,2.4,15.44,0.0,0.0
6.0,0.24,11.85,0.0,0.0
9.1,0.0,15.59,0.0,0.0
7.9,0.24,12.86,0.0,0.0
5.9,1.56,9.79,0.0,0.0
8.0,0.24,11.95,0.0,0.0
9.2,7.08,12.99,0.0,0.0
7.4,11.88,14.48,0.0,0.0
9.5,11.64,24.02,0.0,169.753
7.5,10.56,26.54,0.0,367.582
10.0,5.76,33.25,0.0,532.991
9.8,8.04,33.79,0.0,615.425
13.4,3.84,39.23,0.0,561.453
12.4,1.08,39.03,0.0,485.486
8.6,2.52,37.72,0.0,590.567
7.7,1.08,38.35,0.0,516.289
8.9,1.92,39.92,0.0,394.734
14.4,1.44,44.4,0.0,181.145
8.6,4.56,30.46,0.0,10.8101
11.3,3.96,31.64,0.0,0.0
10.9,8.4,29.03,0.0,0.0
9.7,6.24,25.88,0.0,0.0
12.1,4.8,27.77,0.0,0.0
6.2,0.72,18.05,0.0,0.0
6.8,0.36,18.07,0.0,0.0
8.7,0.36,19.62,0.0,0.0
6.2,0.0,14.91,0.0,0.0
8.8,0.0,17.62,0.0,0.0
11.1,0.24,20.02,0.0,0.0
6.4,3.12,12.74,0.0,0.0
8.5,2.76,15.85,0.0,0.0
11.4,18.6,21.0,0.0,0.0
10.8,9.72,21.83,0.0,115.739
9.4,15.96,25.06,0.0,260.683
9.9,5.88,30.24,0.0,379.88
9.4,2.64,31.67,0.0,400.386
10.4,0.84,36.18,0.0,490.701
10.0,0.96,37.73,0.0,524.87
10.8,1.08,39.13,0.0,407.946
8.9,1.08,35.99,0.0,288.105
11.6,4.68,39.65,0.0,227.651
8.6,1.32,33.22,0.0,40.5042
11.5,1.32,36.63,0.0,0.0
12.4,3.72,35.72,0.0,0.0
11.6,2.64,32.8,0.0,0.0
10.6,2.04,30.56,0.0,0.0
8.1,1.8,25.46,0.0,0.0
9.3,2.16,25.81,0.0,0.0
6.8,2.04,20.88,0.0,0.0
8.2,2.76,22.38,0.0,0.0
4.5,0.36,16.16,0.0,0.0
5.4,0.36,17.19,0.0,0.0
9.5,0.24,22.55,0.0,0.0
8.3,0.36,19.78,0.0,0.0
9.4,7.08,21.78,0.0,0.0
10.7,9.96,27.41,0.0,0.0
10.3,8.04,29.16,0.0,135.845
11.5,5.88,35.51,0.0,305.887
10.3,6.12,36.04,0.0,382.011
12.9,3.96,42.43,0.0,506.204
13.0,2.76,42.76,0.0,497.55300000000005
10.6,2.76,40.01,0.0,477.853
9.2,2.52,38.75,0.0,398.469
10.5,0.6,40.07,0.0,308.007
11.2,0.6,38.0,0.0,134.261
11.3,1.92,37.15,0.0,41.1351
10.0,1.32,34.15,0.0,0.0
13.7,2.28,37.57,0.0,0.0
13.0,1.92,34.93,0.0,0.0
10.1,1.32,29.39,0.0,0.0
13.6,2.4,32.93,0.0,0.0
10.6,1.68,27.45,0.0,0.0
6.1,0.48,19.73,0.0,0.0
6.6,0.36,20.01,0.0,0.0
5.9,0.24,18.63,0.0,0.0
6.1,0.24,18.42,0.0,0.0
8.7,0.12,22.05,0.0,0.0
8.2,0.24,20.79,0.0,0.0
6.8,2.28,18.92,0.0,0.0
7.9,13.92,21.23,0.0,0.0
8.1,12.48,21.49,0.0,54.3169
10.8,11.64,29.36,0.0,143.971
8.6,9.36,30.57,0.0,266.064
9.5,7.92,34.23,0.0,311.654
11.5,4.68,37.1,0.0,253.962
11.9,9.0,38.66,0.0,313.928
8.4,2.28,31.99,0.0,190.61900000000003
8.4,1.92,30.77,0.0,149.726
11.5,6.48,34.09,0.0,62.5513
13.6,2.28,36.97,0.0,3.69311
11.1,2.4,33.46,0.0,0.0
12.2,2.52,33.94,0.0,0.0
11.1,2.04,30.91,0.0,0.0
7.6,1.08,25.22,0.0,0.0
8.2,1.92,25.6,0.0,0.0
8.2,2.4,24.65,0.0,0.0
9.3,0.36,25.13,0.0,0.0
5.0,0.36,17.79,0.0,0.0
7.3,0.48,19.67,0.0,0.0
7.6,5.28,18.97,0.0,0.0
9.6,0.0,21.75,0.0,0.0
6.1,0.0,15.95,0.0,0.0
8.6,1.44,19.79,0.0,0.0
9.3,2.64,20.14,0.0,0.0
7.6,8.52,15.24,0.0,0.0
10.6,10.68,21.02,0.0,35.12
10.1,13.2,21.4,0.0,42.2776
11.5,10.2,24.57,0.0,51.8969
8.4,10.56,21.07,0.0,100.304
11.1,0.72,24.99,0.0,73.5495
8.8,3.0,21.27,0.0,84.87700000000001
8.7,1.32,22.55,0.0,124.448
8.6,6.48,22.14,0.0,59.8364
8.5,3.72,23.57,0.0,13.3709
7.9,1.8,24.46,0.0,0.0
10.0,10.44,27.39,0.0,0.0
10.6,0.24,27.19,0.0,0.0
10.6,1.68,27.7,0.0,0.0
10.3,1.08,27.07,0.0,0.0
6.6,4.32,21.34,0.0,0.0
6.9,1.32,23.22,0.0,0.0
5.8,1.32,20.49,0.0,0.0
7.9,0.36,23.45,0.0,0.0
10.6,0.0,27.41,0.0,0.0
8.1,0.12,20.42,0.0,0.0
6.5,0.24,16.62,0.0,0.0
9.3,5.76,20.55,0.0,0.0
8.4,6.48,21.11,0.0,0.0
12.5,8.76,25.03,0.0,59.1685
6.3,17.64,16.22,0.0,113.474
10.3,11.64,26.59,0.0,282.879
9.7,6.0,24.67,0.0,170.62599999999998
11.0,6.24,26.63,0.0,203.312
9.2,4.08,23.69,0.0,217.398
10.8,1.44,24.18,0.0,101.502
7.3,0.72,18.81,0.0,29.8082
8.8,6.36,27.98,0.0,269.786
9.0,1.2,28.64,0.0,166.813
11.3,7.92,28.77,0.0,6.0257
10.1,2.16,25.46,0.0,0.0
9.8,6.84,24.41,0.0,0.0
12.0,3.84,27.57,0.0,0.0
9.0,1.8,21.48,0.0,0.0
8.7,0.84,20.15,0.0,0.0
7.4,2.16,17.48,0.0,0.0
9.8,0.24,20.87,0.0,0.0
6.8,0.12,15.62,0.0,0.0
8.8,0.24,18.09,0.0,0.0
9.7,0.36,19.09,0.0,0.0
6.9,6.0,14.75,0.0,0.0
7.4,3.48,15.6,0.0,0.0
9.9,22.08,22.6,0.0,0.0
10.3,11.88,21.81,0.0,103.385
9.3,15.48,18.07,0.0,88.2094
8.0,3.84,16.57,0.0,91.707
12.0,14.64,24.0,0.0,117.763
11.2,3.48,24.1,0.0,171.481
9.8,2.88,23.37,0.0,178.548
12.5,0.84,28.22,0.0,219.705
9.0,0.24,21.54,0.0,136.637
8.2,2.4,20.67,0.0,61.8775
5.2,0.6,19.42,0.0,113.678
12.7,1.08,28.15,0.0,5.9202
7.8,1.8,18.82,0.0,0.0
11.8,1.2,23.5,0.0,0.0
9.3,1.8,18.98,0.0,0.0
9.1,1.44,18.54,0.0,0.0
11.6,0.84,21.26,0.0,0.0
12.1,1.08,21.06,0.0,0.0
7.6,1.8,13.94,0.0,0.0
7.2,0.12,12.74,0.0,0.0
6.6,0.12,11.11,0.0,0.0
6.5,2.04,10.38,0.0,0.0
9.3,3.48,12.66,0.0,0.0
7.9,5.28,9.92,0.0,0.0
18.6,15.96,28.2,0.0,0.0
7.4,10.56,18.9,0.0,168.44099999999997
11.4,9.72,30.48,0.0,367.006
8.2,8.04,29.49,0.0,528.044
12.7,5.04,37.48,0.0,631.337
9.0,6.0,34.62,0.0,698.373
13.5,3.0,41.32,0.0,684.683
9.5,0.72,40.05,0.0,647.366
9.4,2.28,42.9,0.0,540.876
9.7,2.76,42.65,0.0,374.379
10.0,1.68,38.79,0.0,160.548
8.5,6.96,30.77,0.0,0.533165
9.6,3.48,29.94,0.0,0.0
12.4,1.44,31.73,0.0,0.0
10.9,3.0,28.09,0.0,0.0
10.3,0.6,25.83,0.0,0.0
9.2,2.16,23.12,0.0,0.0
6.8,0.72,18.57,0.0,0.0
10.6,0.84,23.47,0.0,0.0
7.2,0.0,17.72,0.0,0.0
9.4,0.12,20.6,0.0,0.0
8.6,0.36,18.38,0.0,0.0
9.3,0.6,18.77,0.0,0.0
9.1,4.08,17.75,0.0,0.0
11.3,21.12,24.76,0.0,0.0
10.0,17.16,29.44,0.0,166.239
10.0,17.16,33.32,0.0,365.74
9.0,4.56,33.03,0.0,525.879
7.3,5.52,31.46,0.0,629.25
11.6,0.84,38.21,0.0,675.0930000000001
8.9,3.72,36.65,0.0,672.4839999999999
9.2,2.76,40.95,0.0,647.805
7.4,0.24,40.61,0.0,546.3919999999999
9.3,0.84,41.54,0.0,383.896
11.7,1.56,39.94,0.0,168.054
12.2,2.52,33.31,0.0,5.71522
11.5,2.76,29.92,0.0,0.0
13.4,1.8,30.23,0.0,0.0
10.4,1.56,24.72,0.0,0.0
9.1,1.32,20.47,0.0,0.0
9.3,1.8,18.39,0.0,0.0
6.0,0.0,12.51,0.0,0.0
7.6,1.32,12.84,0.0,0.0
5.9,0.0,9.38,0.0,0.0
7.4,0.0,9.95,0.0,0.0
7.1,0.12,8.9,0.0,0.0
5.4,2.04,7.47,0.0,0.0
7.6,7.32,9.42,0.0,0.0
13.3,10.8,18.74,0.0,0.0
8.0,9.96,19.92,0.0,160.186
11.9,9.48,31.82,0.0,358.76300000000003
8.6,3.36,29.28,0.0,494.218
9.0,7.56,29.86,0.0,485.462
7.3,2.28,28.87,0.0,519.0840000000001
14.2,0.24,39.25,0.0,514.793
9.6,0.72,33.45,0.0,411.984
10.4,1.68,34.45,0.0,320.494
11.1,3.0,34.77,0.0,220.21
14.0,2.64,37.59,0.0,118.779
10.0,2.64,28.95,0.0,0.0
10.7,1.68,28.31,0.0,0.0
16.2,3.6,34.0,0.0,0.0
6.6,0.84,19.83,0.0,0.0
7.4,0.72,20.04,0.0,0.0
4.0,0.72,14.77,0.0,0.0
7.8,1.2,19.21,0.0,0.0
10.3,0.0,22.25,0.0,0.0
6.8,0.12,16.93,0.0,0.0
7.8,2.64,18.41,0.0,0.0
6.9,0.12,17.07,0.0,0.0
5.4,0.0,15.05,0.0,0.0
8.5,5.28,20.03,0.0,0.0
10.2,5.76,23.19,0.0,0.0
7.9,5.16,18.65,0.0,27.4035
8.0,16.44,20.81,0.0,52.3631
8.5,14.52,25.65,0.0,165.196
12.8,4.92,36.35,0.0,300.631
9.7,6.24,32.77,0.0,275.171
12.0,3.6,36.5,0.0,171.63299999999998
9.4,3.96,32.49,0.0,124.823
7.5,1.92,30.2,0.0,93.598
10.5,9.6,32.56,0.0,154.938
8.8,2.04,24.79,0.0,61.0365
7.6,2.52,21.15,0.0,0.0
12.5,2.64,27.78,0.0,0.0
10.8,4.44,22.63,0.0,0.0
7.8,3.36,17.24,0.0,0.0
11.2,4.08,21.5,0.0,0.0
9.2,0.84,17.5,0.0,0.0
6.1,0.6,12.09,0.0,0.0
7.5,0.36,13.68,0.0,0.0
10.1,2.04,16.76,0.0,0.0
8.1,0.12,12.96,0.0,0.0
9.5,0.36,14.48,0.0,0.0
9.3,0.12,13.68,0.0,0.0
8.9,0.36,12.75,0.0,0.0
11.1,3.96,15.1,0.0,0.0
8.5,1.08,10.12,0.0,8.047410000000001
9.3,11.16,11.35,0.0,66.706
11.5,26.16,14.83,0.0,57.735
6.7,14.4,9.62,0.0,98.1922
10.9,12.96,16.11,0.0,113.51
11.4,5.28,17.51,0.0,104.29
11.0,10.56,17.9,0.0,100.718
11.9,6.24,20.17,0.0,114.205
9.5,1.92,17.93,0.0,124.782
11.9,3.36,21.46,0.0,36.1321
11.8,1.8,21.65,0.0,0.0
12.4,2.4,22.51,0.0,0.0
14.4,1.44,24.49,0.0,0.0
12.0,5.88,20.08,0.0,0.0
13.8,14.4,22.49,0.0,0.0
12.9,3.24,19.88,0.0,0.0
7.0,1.2,11.37,0.0,0.0
6.0,0.24,10.77,0.0,0.0
6.3,0.12,10.98,0.0,0.0
9.0,0.0,14.71,0.0,0.0
8.9,0.0,14.3,0.0,0.0
9.3,0.0,15.03,0.0,0.0
9.1,2.04,14.84,0.0,0.0
9.8,6.24,19.66,0.0,0.0
9.7,17.88,24.34,0.0,155.13
11.2,6.36,21.79,0.0,123.423
11.8,16.8,23.58,0.0,214.895
19.0,19.68,35.64,0.0,189.196
11.5,2.4,25.98,0.0,278.275
9.8,6.72,24.61,0.0,240.844
10.2,8.04,28.71,0.0,327.078
7.1,1.92,30.23,0.0,445.456
11.4,0.72,38.21,0.0,363.598
9.7,1.32,31.93,0.0,151.874
10.1,2.76,27.2,0.0,1.20433
11.5,3.84,27.34,0.0,0.0
10.5,2.28,24.17,0.0,0.0
11.8,1.56,25.66,0.0,0.0
18.9,3.0,34.93,0.0,0.0
9.7,0.96,20.19,0.0,0.0
12.4,0.48,23.78,0.0,0.0
6.8,1.32,15.11,0.0,0.0
5.6,1.56,12.8,0.0,0.0
6.8,0.0,14.3,0.0,0.0
10.2,0.12,18.36,0.0,0.0
7.0,0.36,13.02,0.0,0.0
10.5,0.48,18.05,0.0,0.0
11.0,7.32,21.59,0.0,0.0
5.9,13.44,17.55,0.0,115.999
7.1,20.76,15.48,0.0,104.562
8.7,21.0,20.99,0.0,217.821
10.7,4.2,30.69,0.0,478.4380000000001
9.2,2.64,32.06,0.0,653.029
8.9,2.76,33.06,0.0,665.597
7.5,0.36,33.84,0.0,620.677
11.2,0.96,40.65,0.0,520.452
10.4,2.64,38.21,0.0,363.402
7.7,1.56,30.19,0.0,150.501
7.5,7.44,24.82,0.0,0.327791
11.0,2.16,29.22,0.0,0.0
15.7,1.92,33.88,0.0,0.0
15.7,1.32,31.85,0.0,0.0
12.6,1.44,26.15,0.0,0.0
15.0,2.28,27.97,0.0,0.0
10.1,0.96,20.28,0.0,0.0
8.9,0.84,17.19,0.0,0.0
6.8,0.48,11.68,0.0,0.0
11.3,0.36,16.31,0.0,0.0
8.8,0.36,12.3,0.0,0.0
10.4,0.96,13.39,0.0,0.0
9.2,4.32,10.41,0.0,0.0
7.6,10.44,12.88,0.0,0.0
9.9,17.64,27.01,0.0,150.151
14.8,12.84,38.86,0.0,343.715
12.6,2.88,36.79,0.0,500.18
14.4,6.6,39.06,0.0,616.087
11.5,2.04,36.49,0.0,665.324
13.2,1.8,40.46,0.0,668.927
9.7,2.16,39.42,0.0,620.543
12.5,0.6,44.45,0.0,515.784
11.9,1.8,42.18,0.0,355.32
13.2,3.0,38.8,0.0,146.767
14.6,1.8,35.28,0.0,0.1141819999999999
11.5,1.68,30.75,0.0,0.0
12.2,1.2,29.42,0.0,0.0
11.6,1.92,26.81,0.0,0.0
13.3,2.52,27.95,0.0,0.0
11.3,1.92,23.21,0.0,0.0
20.9,0.96,34.24,0.0,0.0
8.8,2.28,15.69,0.0,0.0
10.7,0.24,16.91,0.0,0.0
8.7,0.24,13.38,0.0,0.0
6.6,0.24,10.17,0.0,0.0
11.5,0.0,17.47,0.0,0.0
9.2,1.56,15.69,0.0,0.0
8.9,5.16,20.14,0.0,0.0
8.6,15.84,29.45,0.0,144.634
12.8,9.48,40.28,0.0,335.915
9.1,17.28,36.87,0.0,491.689
9.8,30.12,39.41,0.0,593.544
12.8,5.28,44.62,0.0,649.1669999999999
8.7,2.88,39.12,0.0,424.476
14.2,0.96,49.35,0.0,507.911
9.2,4.56,45.19,0.0,397.202
10.9,2.88,48.74,0.0,349.311
9.8,0.84,41.78,0.0,138.293
12.1,4.44,40.16,0.0,0.0
8.8,1.44,35.39,0.0,0.0
11.6,0.96,37.85,0.0,0.0
12.5,6.12,36.98,0.0,0.0
12.3,4.08,35.4,0.0,0.0
11.5,2.76,32.99,0.0,0.0
11.6,0.72,31.89,0.0,0.0
7.3,0.6,23.63,0.0,0.0
11.6,0.24,30.15,0.0,0.0
10.2,0.0,26.99,0.0,0.0
11.1,0.12,27.36,0.0,0.0
9.5,0.12,23.25,0.0,0.0
9.8,1.68,23.78,0.0,0.0
6.9,4.2,23.36,0.0,0.0
9.3,9.6,36.41,0.0,140.80200000000002
8.0,19.68,37.42,0.0,328.095
9.5,10.32,38.03,0.0,382.14
10.1,3.0,33.13,0.0,86.3903
12.0,6.72,37.5,0.0,172.88299999999998
9.2,5.76,31.21,0.0,37.4266
7.8,10.08,33.12,0.0,292.439
11.6,0.12,41.32,0.0,284.35
10.4,2.88,42.26,0.0,292.05
7.7,0.36,35.08,0.0,134.59
12.2,2.52,36.83,0.0,0.0
11.3,4.56,35.0,0.0,0.0
13.9,3.48,37.5,0.0,0.0
12.0,1.68,33.24,0.0,0.0
11.7,1.08,31.43,0.0,0.0
13.4,3.24,32.87,0.0,0.0
11.5,3.84,28.99,0.0,0.0
8.3,0.36,23.08,0.0,0.0
10.8,0.24,26.96,0.0,0.0
5.9,0.12,18.69,0.0,0.0
9.8,0.12,24.89,0.0,0.0
10.0,0.12,25.12,0.0,0.0
6.3,1.8,19.13,0.0,0.0
10.6,7.68,27.23,0.0,0.0
12.8,9.72,31.33,0.0,30.8077
13.3,14.16,31.29,0.0,73.6482
8.2,22.56,25.68,0.0,200.707
7.8,15.24,25.35,0.0,132.77100000000002
10.1,1.56,29.92,0.0,161.732
15.1,1.08,38.48,0.0,187.049
10.3,5.28,29.41,0.0,134.29399999999998
8.7,2.88,24.94,0.0,80.5197
8.9,0.72,25.03,0.0,82.1009
10.7,0.84,26.43,0.0,15.0842
13.5,5.64,29.54,0.0,0.0
12.4,5.52,26.01,0.0,0.0
13.8,0.6,25.16,0.0,0.0
7.2,2.88,12.5,0.0,0.0
10.6,1.08,16.02,0.0,0.0
12.5,1.44,17.18,0.0,0.0
9.1,0.72,11.49,0.0,0.0
10.4,0.72,12.93,0.0,0.0
7.5,0.24,9.63,0.0,0.0
9.9,0.12,11.85,0.0,0.0
10.0,0.24,12.03,0.0,0.0
9.3,0.0,10.72,0.0,0.0
13.1,0.48,14.23,0.0,0.0
8.2,1.32,9.68,0.0,0.0
10.9,4.44,14.99,0.0,144.808
12.0,6.36,11.27,0.0,91.2575
10.7,23.04,8.2,0.0,72.0858
8.8,8.28,6.97,0.0,129.865
9.3,13.32,8.96,0.0,147.585
10.8,9.84,16.06,0.0,580.158
11.1,3.84,21.25,0.0,645.316
11.9,0.84,24.12,0.0,541.1759999999999
10.0,2.16,21.38,0.0,367.13
9.5,1.92,17.34,0.0,141.921
10.2,3.24,14.76,0.0,0.0
13.4,3.36,18.61,0.0,0.0
11.1,2.76,14.17,0.0,0.0
11.4,3.48,13.42,0.0,0.0
10.3,1.44,11.67,0.0,0.0
11.4,0.6,10.68,0.0,0.0
10.9,6.36,9.17,0.0,0.0
7.3,0.24,6.07,0.0,0.0
7.4,0.24,5.82,0.0,0.0
9.2,0.0,7.0,0.0,0.0
9.7,0.0,7.03,0.0,0.0
10.7,0.24,7.28,0.0,0.0
7.6,0.6,5.04,0.0,0.0
8.0,3.36,6.55,0.0,0.0
11.4,20.4,11.12,0.0,105.601
10.5,7.32,7.28,0.0,49.2009
9.6,17.76,6.45,0.0,89.8519
11.3,18.36,8.35,0.0,145.785
12.7,15.12,11.2,0.0,246.56
11.2,8.04,12.81,0.0,356.31199999999995
11.6,7.32,20.18,0.0,596.2819999999999
8.7,3.24,21.68,0.0,533.096
7.9,1.56,20.94,0.0,366.507
10.6,3.48,20.17,0.0,138.488
8.9,4.32,15.11,0.0,0.0
14.2,3.96,22.31,0.0,0.0
11.8,5.64,17.79,0.0,0.0
8.6,0.72,11.82,0.0,0.0
14.7,2.4,17.77,0.0,0.0
16.1,1.44,17.85,0.0,0.0
10.8,0.12,10.16,0.0,0.0
8.8,0.36,7.92,0.0,0.0
8.6,0.48,7.26,0.0,0.0
6.1,0.12,5.06,0.0,0.0
10.5,0.0,7.66,0.0,0.0
10.4,0.72,7.54,0.0,0.0
7.5,1.44,5.52,0.0,0.0
8.1,5.64,7.45,0.0,0.0
11.3,14.52,12.32,0.0,102.21
7.9,23.88,6.69,0.0,42.987
11.5,8.4,12.33,0.0,207.793
11.3,3.36,19.14,0.0,627.797
11.1,0.36,21.94,0.0,670.38
6.7,0.48,18.89,0.0,681.778
8.1,0.48,24.47,0.0,611.237
7.3,0.0,26.58,0.0,521.4209999999999
10.6,2.76,28.63,0.0,301.316
4.8,2.16,18.5,0.0,135.08700000000002
5.6,8.52,15.71,0.0,0.0
20.4,2.04,34.22,0.0,0.0
12.9,1.08,22.1,0.0,0.0
12.9,8.4,19.78,0.0,0.0
13.7,0.12,19.43,0.0,0.0
13.4,5.16,17.61,0.0,0.0
10.1,3.48,12.02,0.0,0.0
12.6,5.64,13.87,0.0,0.0
8.9,0.24,8.7,0.0,0.0
10.4,0.24,9.34,0.0,0.0
8.7,0.24,7.58,0.0,0.0
12.3,0.0,10.16,0.0,0.0
10.1,3.12,8.11,0.0,0.0
7.6,7.8,8.17,0.0,0.0
8.0,15.12,15.3,0.0,139.549
9.5,18.84,21.64,0.0,337.48
12.0,3.96,29.46,0.0,496.791
12.5,10.92,32.69,0.0,604.105
11.2,5.16,33.47,0.0,656.801
12.9,1.44,38.32,0.0,667.005
9.1,0.6,36.37,0.0,624.543
10.2,0.36,40.12,0.0,521.72
8.7,4.56,36.57,0.0,352.885
9.7,2.52,32.62,0.0,129.628
10.6,2.64,29.72,0.0,0.0
13.4,1.32,32.93,0.0,0.0
13.4,2.64,30.35,0.0,0.0
11.6,1.68,25.97,0.0,0.0
11.6,4.8,24.2,0.0,0.0
14.1,1.44,26.08,0.0,0.0
15.8,0.6,27.12,0.0,0.0
6.6,0.12,13.03,0.0,0.0
11.0,0.48,18.77,0.0,0.0
8.5,0.24,15.41,0.0,0.0
10.3,0.0,18.06,0.0,0.0
12.5,0.24,20.95,0.0,0.0
8.0,2.04,14.62,0.0,0.0
8.7,2.04,13.53,0.0,0.0
10.8,13.32,13.94,0.0,36.5291
6.7,15.6,8.1,0.0,67.2022
9.7,8.52,11.66,0.0,161.951
10.7,15.72,13.04,0.0,128.334
9.8,12.12,12.07,0.0,131.317
11.2,1.56,14.3,0.0,134.523
14.9,2.76,23.16,0.0,366.231
9.9,3.48,22.62,0.0,527.494
9.9,1.32,21.19,0.0,324.313
11.9,2.88,19.74,0.0,94.1278
10.8,0.48,15.39,0.0,0.0
10.0,2.4,14.62,0.0,0.0
14.8,1.92,20.19,0.0,0.0
13.0,4.44,16.89,0.0,0.0
12.9,3.0,15.21,0.0,0.0
11.1,0.6,10.2,0.0,0.0
8.3,0.48,6.59,0.0,0.0
10.4,0.36,7.22,0.0,0.0
8.5,0.24,5.2,0.0,0.0
10.0,0.0,5.42,0.0,0.0
9.3,0.12,4.57,0.0,0.0
11.9,0.36,5.64,0.0,0.0
11.2,3.0,4.98,0.0,0.0
6.9,5.88,4.05,0.0,0.0
6.7,15.12,8.23,0.0,143.572
6.1,19.68,10.34,0.0,356.84
11.7,13.56,14.88,0.0,529.35
12.3,2.88,16.66,0.0,648.175
10.3,3.84,16.89,0.0,690.748
11.5,0.84,19.89,0.0,698.297
9.7,9.36,21.13,0.0,648.441
12.8,0.48,26.66,0.0,540.2080000000001
10.7,2.76,23.68,0.0,367.306
11.8,4.56,20.29,0.0,134.624
9.2,10.08,13.95,0.0,0.0
9.6,3.24,13.85,0.0,0.0
15.5,2.16,18.06,0.0,0.0
15.5,0.48,16.56,0.0,0.0
17.5,1.2,17.8,0.0,0.0
9.8,0.48,9.01,0.0,0.0
10.5,3.24,8.34,0.0,0.0
6.9,0.6,5.38,0.0,0.0
8.0,0.12,5.08,0.0,0.0
10.7,0.0,5.86,0.0,0.0
12.1,0.0,6.53,0.0,0.0
10.0,0.0,4.91,0.0,0.0
6.9,3.96,3.1,0.0,0.0
9.8,1.92,5.12,0.0,0.0
7.2,7.44,6.25,0.0,133.516
9.8,7.8,8.63,0.0,281.093
8.3,25.44,8.34,0.0,403.9330000000001
7.7,6.0,8.94,0.0,507.155
9.5,2.88,11.88,0.0,584.82
8.3,0.96,13.5,0.0,611.003
8.8,6.96,16.99,0.0,651.019
8.9,10.92,19.94,0.0,552.937
11.6,0.72,22.13,0.0,376.402
9.0,1.92,15.48,0.0,138.267
11.7,3.96,14.58,0.0,0.0
7.6,1.92,10.32,0.0,0.0
12.9,0.96,13.94,0.0,0.0
15.1,0.84,15.37,0.0,0.0
10.8,2.76,10.24,0.0,0.0
11.7,0.12,9.42,0.0,0.0
11.7,0.48,8.16,0.0,0.0
9.2,0.72,5.65,0.0,0.0
6.4,0.84,3.63,0.0,0.0
8.6,0.24,4.4,0.0,0.0
7.7,0.24,3.67,0.0,0.0
4.4,0.12,2.12,0.0,0.0
6.0,0.72,2.61,0.0,0.0
9.2,1.44,4.8,0.0,0.0
8.0,5.76,8.25,0.0,136.68200000000002
12.0,9.72,13.74,0.0,343.579
10.4,16.56,13.32,0.0,476.037
10.1,21.0,13.47,0.0,460.861
8.9,12.24,15.3,0.0,549.1519999999999
11.6,8.28,21.38,0.0,549.53
12.5,2.52,26.58,0.0,566.717
8.0,2.76,21.32,0.0,402.143
8.6,2.88,20.27,0.0,204.557
7.4,3.12,18.3,0.0,118.059
9.8,4.44,18.87,0.0,0.0
12.8,1.08,22.55,0.0,0.0
11.0,3.84,18.75,0.0,0.0
9.3,5.16,15.22,0.0,0.0
12.0,4.08,18.62,0.0,0.0
15.0,1.08,21.9,0.0,0.0
12.9,0.84,17.2,0.0,0.0
7.0,0.36,8.71,0.0,0.0
12.1,0.96,13.31,0.0,0.0
5.2,0.12,6.42,0.0,0.0
7.9,0.0,8.44,0.0,0.0
6.4,0.0,7.41,0.0,0.0
7.6,2.16,8.56,0.0,0.0
9.5,6.48,11.61,0.0,0.0
8.0,22.08,14.13,0.0,103.889
7.0,2.16,16.37,0.0,228.218
8.4,16.8,21.59,0.0,297.891
11.8,11.76,30.4,0.0,397.509
11.8,18.72,31.72,0.0,418.867
9.5,1.2,30.23,0.0,383.504
10.1,5.64,32.93,0.0,376.032
9.2,3.12,29.86,0.0,206.378
11.2,2.28,30.27,0.0,38.046
13.3,0.72,32.8,0.0,15.0028
8.6,0.72,26.68,0.0,0.0
14.0,2.4,35.93,0.0,0.0
12.0,1.8,31.15,0.0,0.0
14.3,3.72,33.66,0.0,0.0
10.6,2.16,27.54,0.0,0.0
12.1,4.56,29.45,0.0,0.0
10.0,3.12,25.37,0.0,0.0
9.5,0.12,24.28,0.0,0.0
8.3,0.36,21.46,0.0,0.0
5.6,0.0,16.79,0.0,0.0
8.1,0.0,20.69,0.0,0.0
8.6,1.08,21.06,0.0,0.0
6.6,1.08,17.67,0.0,0.0
9.8,6.72,24.99,0.0,0.0
5.9,14.76,24.85,0.0,117.182
11.0,20.28,31.74,0.0,171.11900000000003
6.9,7.92,24.76,0.0,117.809
10.5,8.88,35.83,0.0,330.55300000000005
9.4,2.64,37.23,0.0,390.36800000000005
10.2,3.96,42.75,0.0,631.465
13.1,0.24,48.69,0.0,613.827
11.2,0.6,47.8,0.0,504.566
9.3,0.96,43.22,0.0,336.99300000000005
10.2,1.68,38.09,0.0,117.365
13.9,3.48,39.8,0.0,0.0
18.9,1.08,47.01,0.0,0.0
9.3,2.64,31.06,0.0,0.0
11.4,1.44,34.03,0.0,0.0
15.2,3.24,39.55,0.0,0.0
9.5,5.64,29.37,0.0,0.0
13.7,3.12,35.99,0.0,0.0
7.6,0.36,23.94,0.0,0.0
7.9,0.72,23.94,0.0,0.0
7.0,0.24,15.02,0.0,0.0
11.2,0.0,13.84,0.0,0.0
7.3,0.12,7.61,0.0,0.0
7.8,2.4,7.05,0.0,0.0
7.3,1.32,6.57,0.0,0.0
8.9,15.96,7.73,0.0,13.5402
13.6,3.6,11.1,0.0,61.4862
12.9,2.4,10.19,0.0,100.811
13.4,3.24,12.26,0.0,198.906
13.8,3.72,14.29,0.0,228.727
11.1,0.84,13.44,0.0,318.223
11.3,2.28,13.92,0.0,198.519
9.0,2.88,11.15,0.0,161.234
12.7,2.52,14.6,0.0,108.843
7.8,4.08,8.45,0.0,23.9394
14.6,1.92,15.04,0.0,0.0
17.1,0.96,17.81,0.0,0.0
11.7,3.24,9.99,0.0,0.0
10.6,1.68,7.65,0.0,0.0
13.5,2.16,9.33,0.0,0.0
19.1,0.36,13.14,0.0,0.0
15.6,0.6,8.92,0.0,0.0
12.4,0.24,5.98,0.0,0.0
10.9,0.12,4.33,0.0,0.0
9.1,0.24,3.18,0.0,0.0
15.3,0.0,6.07,0.0,0.0
8.5,0.24,2.75,0.0,0.0
9.3,0.72,3.32,0.0,0.0
6.9,4.08,3.47,0.0,0.0
11.0,13.08,11.23,0.0,127.513
11.8,17.04,16.0,0.0,340.87800000000004
11.6,11.28,17.98,0.0,515.979
9.1,18.6,17.37,0.0,633.644
10.4,6.0,20.41,0.0,690.56
10.0,2.16,22.81,0.0,676.07
7.3,2.28,23.78,0.0,624.614
10.9,3.48,30.7,0.0,520.106
9.0,0.48,27.42,0.0,352.774
8.0,1.44,20.82,0.0,126.774
7.5,3.6,15.8,0.0,0.0
9.7,1.56,17.95,0.0,0.0
15.1,0.96,23.08,0.0,0.0
8.6,1.8,14.15,0.0,0.0
13.0,3.12,18.02,0.0,0.0
15.8,3.24,19.61,0.0,0.0
12.7,0.48,14.22,0.0,0.0
8.7,0.6,8.6,0.0,0.0
8.9,0.36,7.55,0.0,0.0
8.7,0.12,6.48,0.0,0.0
9.6,0.24,6.57,0.0,0.0
9.2,0.0,5.64,0.0,0.0
7.2,5.16,4.08,0.0,0.0
8.5,3.48,5.81,0.0,0.0
13.6,7.68,14.46,0.0,126.713
6.9,20.76,13.14,0.0,343.055
10.2,5.28,18.23,0.0,507.59
8.7,0.72,18.29,0.0,626.92
9.8,1.68,21.71,0.0,683.296
7.5,1.8,21.28,0.0,681.255
12.2,8.04,29.51,0.0,616.986
11.0,0.84,31.03,0.0,519.3
8.8,4.56,27.75,0.0,350.706
8.1,1.68,21.34,0.0,129.036
13.2,5.88,23.32,0.0,0.0
10.9,4.08,20.04,0.0,0.0
14.5,1.68,22.38,0.0,0.0
12.7,1.44,18.26,0.0,0.0
10.7,2.04,14.18,0.0,0.0
16.8,1.32,18.94,0.0,0.0
11.9,5.64,11.84,0.0,0.0
9.3,0.36,8.45,0.0,0.0
8.0,0.0,6.61,0.0,0.0
17.9,0.0,15.44,0.0,0.0
10.1,0.0,8.15,0.0,0.0
10.3,0.0,8.22,0.0,0.0
4.8,1.92,4.7,0.0,0.0
5.3,6.72,5.36,0.0,0.0
6.7,7.08,6.89,0.0,58.435
8.2,17.52,7.11,0.0,47.0791
9.8,19.44,7.86,0.0,76.4633
10.2,15.6,7.7,0.0,56.6143
12.9,2.76,10.51,0.0,73.1882
15.3,4.68,12.76,0.0,91.2838
13.2,2.28,11.04,0.0,64.2586
10.5,3.12,9.28,0.0,83.9213
9.7,2.16,8.3,0.0,25.5725
9.6,7.92,7.91,0.0,18.152
13.5,3.36,12.2,0.0,0.0
12.7,8.64,12.62,0.0,0.0
10.7,2.64,10.02,0.0,0.0
11.0,1.8,9.0,0.0,0.0
10.3,0.6,6.93,0.0,0.0
13.6,4.56,7.6,0.0,0.0
8.8,0.96,3.57,0.0,0.0
8.7,0.96,2.95,0.0,0.0
10.8,0.0,2.96,0.0,0.0
10.2,0.0,1.9,0.0,0.0
8.6,0.0,1.21,0.0,0.0
10.4,0.12,1.31,0.0,0.0
10.5,0.48,1.08,0.0,0.0
4.9,7.2,0.65,0.0,0.0
7.8,4.68,1.98,0.0,127.852
5.7,10.08,2.59,0.0,364.086
8.0,19.2,4.43,0.0,555.813
8.2,13.32,5.6,0.0,693.985
8.9,21.12,7.08,0.0,754.1010000000001
8.8,3.24,8.4,0.0,771.307
9.7,5.88,10.34,0.0,708.9860000000001
10.1,3.0,11.56,0.0,589.71
9.5,3.48,10.82,0.0,398.756
7.4,1.44,6.26,0.0,144.959
8.3,1.44,4.28,0.0,0.0
9.3,2.04,4.34,0.0,0.0
14.8,3.12,5.73,0.0,0.0
12.2,5.76,3.89,0.0,0.0
10.9,5.64,2.9,0.0,0.0
10.2,2.28,2.18,0.0,0.0
9.7,0.84,1.61,0.0,0.0
11.3,0.36,1.8,0.0,0.0
8.6,0.12,0.95,0.0,0.0
9.1,0.12,0.91,0.0,0.0
7.9,0.12,0.87,0.0,0.0
14.0,0.96,1.22,0.0,0.0
9.4,0.48,0.78,0.0,0.0
8.8,3.96,0.91,0.0,0.0
8.4,13.92,2.07,0.0,128.19
10.6,8.16,4.67,0.0,361.227
11.2,23.4,6.99,0.0,545.262
10.6,13.68,7.71,0.0,676.325
12.5,13.32,10.27,0.0,727.2560000000001
7.5,5.64,9.64,0.0,716.6
15.5,8.64,16.34,0.0,664.363
14.0,2.04,17.58,0.0,555.678
9.0,2.28,13.75,0.0,378.708
11.9,4.32,11.74,0.0,136.82399999999998
11.1,4.92,7.41,0.0,0.0
10.2,1.68,5.96,0.0,0.0
15.3,5.4,7.41,0.0,0.0
13.6,2.76,5.51,0.0,0.0
13.4,2.52,4.71,0.0,0.0
12.2,4.32,3.34,0.0,0.0
8.6,0.84,1.63,0.0,0.0
7.5,0.0,1.09,0.0,0.0
4.0,0.0,0.9,0.0,0.0
6.7,0.12,1.07,0.0,0.0
10.2,0.12,1.38,0.0,0.0
9.4,0.24,1.31,0.0,0.0
5.3,2.76,0.93,0.0,0.0
7.5,8.16,1.28,0.0,0.0
11.8,12.48,3.75,0.0,99.0138
8.9,16.8,5.25,0.0,274.718
7.6,18.12,7.6,0.0,512.571
6.7,8.88,8.45,0.0,589.665
7.0,1.08,9.6,0.0,604.484
8.2,1.08,13.44,0.0,684.454
14.2,0.36,20.09,0.0,646.156
10.6,0.72,19.46,0.0,537.21
9.7,2.88,18.19,0.0,360.172
6.3,3.96,10.79,0.0,127.074
10.5,6.36,11.2,0.0,0.0
16.5,1.44,17.16,0.0,0.0
16.8,3.48,16.6,0.0,0.0
12.9,3.6,11.44,0.0,0.0
14.6,2.88,12.27,0.0,0.0
11.6,5.52,8.26,0.0,0.0
9.9,1.08,6.08,0.0,0.0
9.1,0.6,5.2,0.0,0.0
8.9,2.4,5.0,0.0,0.0
5.8,0.36,3.14,0.0,0.0
7.9,0.36,3.62,0.0,0.0
6.5,0.0,2.77,0.0,0.0
8.8,3.24,3.56,0.0,0.0
8.8,6.6,4.61,0.0,0.0
10.9,17.52,9.86,0.0,107.724
11.8,12.48,12.64,0.0,270.772
10.4,12.36,13.05,0.0,389.051
12.1,7.68,16.4,0.0,400.195
8.3,10.92,18.8,0.0,652.638
9.3,1.32,22.16,0.0,563.757
13.0,0.48,29.98,0.0,511.177
11.0,2.64,31.29,0.0,505.545
11.8,1.32,31.35,0.0,339.904
7.5,3.12,19.94,0.0,117.204
10.5,1.2,20.58,0.0,0.0
7.7,0.96,17.06,0.0,0.0
8.2,0.96,16.29,0.0,0.0
9.0,4.2,16.06,0.0,0.0
10.0,3.36,17.07,0.0,0.0
11.2,0.96,17.89,0.0,0.0
12.0,4.2,17.37,0.0,0.0
9.5,0.12,12.66,0.0,0.0
9.7,1.68,11.83,0.0,0.0
6.3,0.36,7.86,0.0,0.0
9.8,0.0,10.69,0.0,0.0
9.1,0.12,9.64,0.0,0.0
10.3,0.36,10.54,0.0,0.0
11.3,2.76,12.68,0.0,0.0
13.2,14.04,18.85,0.0,90.2995
11.5,16.08,14.38,0.0,104.521
10.2,5.4,15.07,0.0,224.324
10.6,17.28,17.95,0.0,246.36900000000003
10.2,5.04,19.74,0.0,254.043
9.1,1.68,24.11,0.0,475.94
11.0,4.56,31.85,0.0,612.679
9.9,4.8,30.84,0.0,446.361
8.2,0.72,26.49,0.0,281.752
9.7,1.44,24.33,0.0,116.033
11.3,1.2,22.83,0.0,0.0
15.2,1.44,28.03,0.0,0.0
11.8,1.44,21.84,0.0,0.0
13.3,4.08,22.84,0.0,0.0
14.0,1.68,23.02,0.0,0.0
11.8,1.8,18.92,0.0,0.0
8.7,0.48,13.85,0.0,0.0
10.2,0.84,14.91,0.0,0.0
7.4,0.12,10.7,0.0,0.0
9.2,0.0,12.45,0.0,0.0
9.9,0.0,12.46,0.0,0.0
13.5,0.24,17.12,0.0,0.0
5.2,1.92,7.5,0.0,0.0
10.6,7.44,13.18,0.0,0.0
9.3,7.32,14.07,0.0,64.2494
10.8,19.44,22.44,0.0,246.919
7.8,7.8,22.71,0.0,420.715
10.4,2.76,28.04,0.0,420.167
12.4,1.56,32.73,0.0,447.17800000000005
11.2,3.12,33.0,0.0,472.205
11.1,6.24,32.85,0.0,376.38
7.9,0.48,28.53,0.0,313.502
15.6,2.88,38.77,0.0,237.035
10.4,2.64,28.24,0.0,114.552
11.6,8.16,26.28,0.0,0.0
13.8,2.4,28.88,0.0,0.0
15.4,2.28,29.41,0.0,0.0
11.8,0.72,22.93,0.0,0.0
9.9,3.24,19.44,0.0,0.0
15.1,3.96,26.22,0.0,0.0
10.8,5.4,18.5,0.0,0.0
8.0,0.48,13.76,0.0,0.0
12.2,0.24,18.97,0.0,0.0
8.5,0.0,12.53,0.0,0.0
7.2,0.0,10.24,0.0,0.0
9.2,0.0,11.72,0.0,0.0
7.5,2.88,9.49,0.0,0.0
8.5,4.32,12.04,0.0,0.0
10.2,6.6,22.68,0.0,96.7952
8.7,12.72,26.06,0.0,296.4
7.8,15.0,27.91,0.0,461.864
11.3,17.28,34.29,0.0,572.636
9.7,2.28,33.73,0.0,636.601
11.0,3.6,37.57,0.0,637.615
7.3,2.76,35.49,0.0,589.121
10.2,3.24,40.55,0.0,487.421
11.0,0.6,39.75,0.0,326.353
7.7,0.84,29.29,0.0,112.634
14.8,6.84,34.59,0.0,0.0
11.0,5.64,29.38,0.0,0.0
13.7,1.68,31.52,0.0,0.0
12.1,3.12,27.15,0.0,0.0
13.5,0.72,27.98,0.0,0.0
10.1,1.44,21.35,0.0,0.0
10.2,2.4,20.0,0.0,0.0
8.4,0.24,16.08,0.0,0.0
6.5,0.48,12.22,0.0,0.0
8.6,0.0,13.98,0.0,0.0
9.0,0.12,13.41,0.0,0.0
9.1,0.24,12.75,0.0,0.0
7.0,0.24,9.43,0.0,0.0
10.3,3.36,13.1,0.0,0.0
9.5,6.84,14.13,0.0,41.1699
7.3,6.6,14.98,0.0,188.867
9.9,25.32,21.79,0.0,256.368
7.1,12.48,22.84,0.0,372.41
11.8,20.88,35.32,0.0,601.011
13.4,13.44,38.37,0.0,629.258
8.7,7.8,33.78,0.0,583.8530000000001
8.5,1.08,33.47,0.0,444.976
11.7,1.2,31.47,0.0,174.075
6.6,1.2,21.05,0.0,41.8735
11.8,3.6,26.89,0.0,0.0
6.4,2.4,19.69,0.0,0.0
11.3,3.0,24.9,0.0,0.0
14.7,8.16,27.41,0.0,0.0
11.5,6.24,20.95,0.0,0.0
11.0,0.84,18.76,0.0,0.0
12.8,0.36,19.84,0.0,0.0
8.0,0.48,12.16,0.0,0.0
8.9,1.2,12.5,0.0,0.0
9.0,0.0,11.97,0.0,0.0
8.5,0.0,11.02,0.0,0.0
9.0,0.0,11.3,0.0,0.0
9.5,2.88,11.15,0.0,0.0
9.1,4.32,11.62,0.0,0.0
11.4,14.64,22.96,0.0,92.7279
8.4,6.24,23.85,0.0,290.981
6.0,21.6,23.97,0.0,451.3
9.5,6.6,30.6,0.0,567.259
13.0,15.24,35.13,0.0,510.567
12.3,6.6,34.51,0.0,521.06
11.6,6.24,32.9,0.0,416.109
11.4,3.48,29.3,0.0,167.113
12.7,3.0,30.34,0.0,116.091
12.8,3.12,29.97,0.0,62.7036
9.4,0.84,24.14,0.0,0.0
11.7,2.88,27.17,0.0,0.0
9.6,2.04,22.29,0.0,0.0
6.8,7.32,17.2,0.0,0.0
16.8,5.28,30.97,0.0,0.0
13.3,3.36,24.03,0.0,0.0
12.1,2.64,21.53,0.0,0.0
9.1,2.4,16.71,0.0,0.0
7.9,0.12,14.42,0.0,0.0
6.7,0.12,11.71,0.0,0.0
11.5,0.0,17.31,0.0,0.0
9.9,0.0,14.3,0.0,0.0
7.7,2.52,11.01,0.0,0.0
11.9,2.76,17.29,0.0,0.0
10.9,13.56,17.33,0.0,67.2597
15.6,16.32,27.68,0.0,189.465
11.1,13.2,23.04,0.0,205.734
7.5,3.0,19.1,0.0,308.871
9.7,11.04,22.29,0.0,203.228
16.8,7.56,34.21,0.0,208.871
12.2,1.68,27.43,0.0,228.245
10.9,6.6,25.4,0.0,169.02599999999998
11.4,0.72,23.69,0.0,61.7725
9.5,0.84,19.04,0.0,21.4557
11.5,2.76,21.73,0.0,0.0
12.2,1.8,23.42,0.0,0.0
15.8,1.56,27.58,0.0,0.0
10.1,8.4,17.83,0.0,0.0
17.6,5.04,28.36,0.0,0.0
11.0,3.0,17.3,0.0,0.0
14.4,0.84,21.73,0.0,0.0
11.4,4.68,16.31,0.0,0.0
9.7,0.0,11.7,0.0,0.0
8.5,0.12,9.21,0.0,0.0
8.6,0.24,8.62,0.0,0.0
9.6,0.36,9.03,0.0,0.0
11.8,0.84,10.84,0.0,0.0
7.5,5.52,6.36,0.0,0.0
12.5,20.88,9.29,0.0,15.3912
10.2,8.16,5.45,0.0,21.1136
11.0,3.12,5.33,0.0,38.7963
13.3,12.24,6.52,0.0,36.3467
12.1,1.44,6.52,0.0,135.953
13.6,3.0,8.21,0.0,199.547
12.9,0.48,8.13,0.0,261.41
13.6,3.96,8.01,0.0,112.476
10.7,2.16,5.48,0.0,59.8803
11.8,7.44,5.81,0.0,13.4809
10.5,1.68,5.39,0.0,0.0
14.8,0.6,8.45,0.0,0.0
10.8,2.04,5.22,0.0,0.0
14.3,2.64,7.16,0.0,0.0
11.2,3.36,4.9,0.0,0.0
11.6,0.96,4.74,0.0,0.0
12.9,3.96,4.98,0.0,0.0
8.6,1.44,2.59,0.0,0.0
11.0,3.36,3.28,0.0,0.0
13.0,0.12,3.68,0.0,0.0
7.0,0.0,1.4,0.0,0.0
9.5,0.24,1.76,0.0,0.0
6.1,1.8,1.14,0.0,0.0
12.9,7.56,2.19,0.0,0.0
9.8,7.92,1.59,0.0,30.5156
11.9,12.12,2.14,0.0,101.341
13.0,7.92,3.27,0.0,227.87
14.4,1.92,5.27,0.0,378.727
9.6,4.2,4.19,0.0,462.412
12.4,3.24,5.9,0.0,461.542
10.9,3.96,5.91,0.0,399.871
16.8,0.72,9.39,0.0,359.191
9.8,2.16,7.08,0.0,327.85
9.3,3.72,5.19,0.0,122.46
17.0,1.56,7.07,0.0,0.0
15.0,0.72,6.38,0.0,0.0
17.1,1.8,7.23,0.0,0.0
14.7,1.2,5.45,0.0,0.0
16.0,1.44,5.68,0.0,0.0
10.9,2.04,2.93,0.0,0.0
11.4,0.72,2.59,0.0,0.0
13.2,0.84,2.93,0.0,0.0
11.0,2.64,1.81,0.0,0.0
8.5,0.0,1.09,0.0,0.0
4.4,5.28,0.71,0.0,0.0
10.4,0.12,1.08,0.0,0.0
8.6,0.96,0.78,0.0,0.0
10.3,9.0,1.17,0.0,0.0
13.5,7.32,3.62,0.0,100.77
9.3,11.04,4.71,0.0,328.00800000000004
7.7,23.16,6.07,0.0,510.638
12.2,11.76,9.3,0.0,641.254
16.0,2.76,13.0,0.0,708.5360000000001
20.8,6.6,18.7,0.0,704.829
15.4,8.28,17.08,0.0,667.568
10.3,0.84,15.52,0.0,546.621
8.9,2.88,14.21,0.0,371.82
12.4,0.12,12.44,0.0,131.774
14.3,1.92,10.85,0.0,0.0
13.5,0.84,10.08,0.0,0.0
14.6,0.96,10.03,0.0,0.0
14.2,1.08,8.68,0.0,0.0
14.2,1.2,7.83,0.0,0.0
12.6,2.52,5.94,0.0,0.0
9.9,1.68,4.11,0.0,0.0
9.2,0.12,3.25,0.0,0.0
10.0,0.48,2.91,0.0,0.0
11.8,0.12,3.2,0.0,0.0
9.6,0.12,2.04,0.0,0.0
4.5,0.36,0.87,0.0,0.0
9.1,2.88,1.46,0.0,0.0
10.6,5.04,1.77,0.0,0.0
12.8,7.92,5.66,0.0,94.6712
11.5,30.72,8.08,0.0,312.881
12.2,12.24,10.51,0.0,491.583
15.9,9.6,14.66,0.0,608.305
11.2,5.88,13.73,0.0,673.1089999999999
15.4,6.72,18.68,0.0,684.1519999999999
20.2,12.96,26.53,0.0,628.215
14.0,20.52,24.59,0.0,519.207
9.7,1.68,20.51,0.0,352.333
11.8,1.32,17.58,0.0,124.006
10.0,4.56,12.38,0.0,0.0
16.5,0.96,19.54,0.0,0.0
14.0,2.52,15.91,0.0,0.0
12.5,2.88,13.11,0.0,0.0
14.2,3.0,14.05,0.0,0.0
11.7,2.4,10.18,0.0,0.0
11.9,0.24,9.08,0.0,0.0
11.2,0.12,7.75,0.0,0.0
6.7,0.24,4.39,0.0,0.0
8.8,0.6,4.98,0.0,0.0
10.7,5.28,5.56,0.0,0.0
5.4,0.12,2.71,0.0,0.0
5.9,0.48,2.58,0.0,0.0
8.3,0.84,3.44,0.0,0.0
12.5,12.36,8.97,0.0,81.6701
12.7,10.32,13.04,0.0,270.541
7.4,16.68,12.39,0.0,465.437
11.7,18.36,17.58,0.0,583.281
11.9,6.6,19.99,0.0,645.68
12.2,2.64,22.85,0.0,657.9689999999999
14.2,9.6,29.18,0.0,605.516
10.2,3.72,27.67,0.0,504.776
7.9,6.48,24.46,0.0,346.725
10.6,1.8,22.05,0.0,121.582
11.0,0.72,18.61,0.0,0.0
15.0,2.76,22.65,0.0,0.0
12.4,3.84,17.48,0.0,0.0
13.5,5.28,16.98,0.0,0.0
20.2,1.44,23.69,0.0,0.0
12.9,4.08,12.45,0.0,0.0
9.2,3.84,7.36,0.0,0.0
12.4,0.12,8.91,0.0,0.0
10.1,0.24,6.11,0.0,0.0
10.3,0.36,5.61,0.0,0.0
14.9,0.0,8.24,0.0,0.0
7.7,0.24,3.31,0.0,0.0
10.9,0.0,4.42,0.0,0.0
12.4,3.84,5.75,0.0,0.0
11.3,8.76,9.98,0.0,92.6607
9.5,13.44,13.19,0.0,296.535
10.0,20.88,15.9,0.0,470.989
11.9,13.68,19.3,0.0,593.249
10.5,2.16,20.34,0.0,634.25
14.9,7.2,26.77,0.0,668.4810000000001
13.5,2.76,27.82,0.0,618.521
12.0,0.24,29.13,0.0,510.052
8.6,0.72,24.81,0.0,351.289
11.8,2.64,22.17,0.0,125.537
8.8,4.08,14.06,0.0,0.0
16.2,2.16,21.12,0.0,0.0
15.5,2.16,18.08,0.0,0.0
13.4,2.16,13.51,0.0,0.0
16.7,0.48,15.67,0.0,0.0
15.5,2.16,11.83,0.0,0.0
12.7,1.44,7.34,0.0,0.0
7.8,0.72,3.71,0.0,0.0
13.1,0.36,5.63,0.0,0.0
12.1,0.24,4.27,0.0,0.0
9.9,1.32,2.61,0.0,0.0
12.8,1.2,3.2,0.0,0.0
9.2,0.72,1.71,0.0,0.0
9.6,2.16,1.91,0.0,0.0
13.2,20.4,7.5,0.0,86.7446
11.0,15.12,11.88,0.0,285.898
9.7,2.88,14.23,0.0,457.265
12.2,4.56,17.93,0.0,574.286
10.3,15.72,18.62,0.0,647.909
13.5,1.2,23.54,0.0,660.675
13.4,0.72,27.01,0.0,617.254
10.8,2.4,27.31,0.0,514.355
8.2,0.48,23.47,0.0,352.875
10.5,3.24,19.78,0.0,125.77
8.3,1.2,13.54,0.0,0.0
10.4,3.84,15.0,0.0,0.0
13.0,0.72,16.05,0.0,0.0
13.7,6.12,14.68,0.0,0.0
11.6,1.08,10.59,0.0,0.0
12.4,0.72,10.0,0.0,0.0
16.8,1.68,12.25,0.0,0.0
6.7,2.76,3.63,0.0,0.0
11.8,1.08,5.83,0.0,0.0
11.8,0.24,5.17,0.0,0.0
6.5,0.0,2.1,0.0,0.0
10.8,0.12,3.79,0.0,0.0
8.7,2.28,2.94,0.0,0.0
10.1,5.04,3.62,0.0,0.0
9.6,13.8,4.75,0.0,23.7914
12.5,5.52,7.86,0.0,141.589
11.9,7.68,10.39,0.0,244.74400000000003
11.2,10.92,14.87,0.0,515.404
11.8,0.72,15.92,0.0,312.849
17.2,0.36,28.61,0.0,450.124
10.3,0.84,26.24,0.0,590.7080000000001
9.8,4.08,28.59,0.0,496.162
8.7,0.6,25.99,0.0,334.74
8.4,0.84,20.26,0.0,117.658
13.7,4.32,23.39,0.0,0.0
13.3,1.44,23.0,0.0,0.0
12.6,3.6,20.55,0.0,0.0
14.8,1.32,21.31,0.0,0.0
11.0,6.24,14.82,0.0,0.0
12.5,0.48,14.56,0.0,0.0
8.2,9.48,8.48,0.0,0.0
11.2,1.92,9.77,0.0,0.0
8.1,2.16,6.45,0.0,0.0
13.5,0.12,10.7,0.0,0.0
10.7,0.0,8.38,0.0,0.0
5.0,0.0,4.14,0.0,0.0
11.3,0.36,7.81,0.0,0.0
11.4,10.08,8.4,0.0,0.0
14.1,13.8,14.25,0.0,50.1281
11.3,15.0,14.33,0.0,180.325
10.7,12.84,17.9,0.0,300.646
10.3,11.64,22.26,0.0,361.768
10.9,0.6,27.04,0.0,459.434
12.4,6.6,32.24,0.0,427.144
13.3,4.92,36.37,0.0,519.77
10.3,0.72,31.89,0.0,388.898
15.6,2.76,35.18,0.0,170.092
10.0,8.52,25.85,0.0,78.0771
11.8,1.32,26.44,0.0,0.0
9.7,0.96,23.91,0.0,0.0
12.9,0.36,27.07,0.0,0.0
12.8,2.4,25.17,0.0,0.0
10.8,0.72,20.95,0.0,0.0
14.2,1.08,24.19,0.0,0.0
10.0,5.76,16.59,0.0,0.0
7.7,1.44,12.39,0.0,0.0
7.3,1.44,11.01,0.0,0.0
8.0,1.32,11.42,0.0,0.0
7.0,0.12,10.07,0.0,0.0
8.8,0.12,11.56,0.0,0.0
7.6,0.36,10.12,0.0,0.0
7.9,10.2,10.88,0.0,0.0
11.7,14.4,23.15,0.0,75.5488
10.8,9.96,28.29,0.0,269.228
10.3,7.08,29.66,0.0,412.769
8.2,25.08,25.87,0.0,352.88199999999995
15.5,11.16,39.1,0.0,390.3730000000001
14.4,2.76,39.0,0.0,480.138
10.1,3.36,35.78,0.0,523.085
11.7,0.96,40.53,0.0,501.925
10.7,0.6,36.61,0.0,338.35400000000004
9.7,1.68,28.99,0.0,118.44
10.9,4.56,26.91,0.0,0.0
12.8,3.96,29.25,0.0,0.0
18.0,2.28,34.77,0.0,0.0
16.1,1.32,29.9,0.0,0.0
15.1,1.56,27.73,0.0,0.0
11.0,2.64,20.97,0.0,0.0
10.5,0.48,19.38,0.0,0.0
6.7,5.28,13.38,0.0,0.0
10.4,1.2,18.13,0.0,0.0
10.1,0.0,16.91,0.0,0.0
11.5,0.48,18.96,0.0,0.0
9.4,0.36,16.16,0.0,0.0
6.1,0.24,11.57,0.0,0.0
12.2,4.08,21.33,0.0,0.0
11.6,6.48,23.66,0.0,45.0849
12.5,17.16,30.14,0.0,217.029
11.5,13.8,29.18,0.0,304.934
12.7,16.2,32.63,0.0,341.779
8.3,2.76,30.28,0.0,560.764
14.5,3.12,40.81,0.0,572.5
17.0,9.36,44.03,0.0,548.239
8.7,16.32,33.51,0.0,424.82
11.6,6.24,35.43,0.0,276.391
14.3,1.56,34.25,0.0,101.456
12.1,0.96,28.35,0.0,0.0
11.6,2.04,27.51,0.0,0.0
13.6,2.64,28.32,0.0,0.0
12.2,5.52,24.62,0.0,0.0
28.9,2.88,46.38,0.0,0.0
16.1,1.44,27.29,0.0,0.0
11.7,1.2,20.7,0.0,0.0
8.4,1.32,16.5,0.0,0.0
8.7,2.64,17.1,0.0,0.0
7.7,3.0,15.81,0.0,0.0
8.8,2.88,17.66,0.0,0.0
9.1,0.0,17.9,0.0,0.0
12.9,1.56,23.68,0.0,0.0
12.0,0.72,22.38,0.0,0.0
15.5,5.76,30.24,0.0,38.0281
14.3,12.36,31.0,0.0,166.429
8.8,21.84,25.73,0.0,263.062
8.8,26.76,28.34,0.0,307.244
10.2,6.6,34.32,0.0,448.814
14.3,12.48,41.73,0.0,465.737
12.7,4.32,38.73,0.0,376.069
12.7,4.44,38.54,0.0,281.506
10.2,3.6,33.08,0.0,201.295
14.7,2.16,34.99,0.0,23.6638
15.2,0.72,35.28,0.0,0.0
11.3,4.08,29.83,0.0,0.0
15.3,4.32,34.84,0.0,0.0
10.1,12.24,25.77,0.0,0.0
13.2,1.32,21.81,0.0,0.0
12.7,0.96,12.92,0.0,0.0
11.8,3.12,10.57,0.0,0.0
8.9,2.4,6.89,0.0,0.0
6.8,0.36,4.23,0.0,0.0
9.6,1.8,5.52,0.0,0.0
10.8,3.48,5.76,0.0,0.0
12.7,0.0,6.4,0.0,0.0
10.0,1.32,4.27,0.0,0.0
8.6,8.16,3.28,0.0,0.0
12.7,5.88,9.8,0.0,79.6005
12.8,14.04,14.6,0.0,287.457
9.8,25.92,15.08,0.0,463.205
14.2,5.16,21.42,0.0,585.633
10.9,6.84,20.5,0.0,651.202
10.8,2.64,22.27,0.0,674.895
11.9,4.92,26.37,0.0,626.748
9.6,0.48,26.13,0.0,518.3240000000001
8.0,5.76,23.57,0.0,357.288
11.5,2.28,22.08,0.0,130.68200000000002
12.5,2.52,19.18,0.0,0.0
15.6,4.56,22.15,0.0,0.0
11.7,1.56,16.56,0.0,0.0
11.7,5.04,14.8,0.0,0.0
13.8,0.72,14.53,0.0,0.0
17.1,0.84,15.08,0.0,0.0
12.1,0.6,8.29,0.0,0.0
13.4,1.8,7.93,0.0,0.0
10.7,0.24,5.11,0.0,0.0
8.9,0.24,3.35,0.0,0.0
10.4,0.12,3.37,0.0,0.0
15.7,0.0,5.46,0.0,0.0
9.1,0.48,1.88,0.0,0.0
11.3,2.88,2.64,0.0,0.0
10.6,19.32,6.41,0.0,78.7193
13.7,9.48,13.7,0.0,281.728
9.8,12.24,14.92,0.0,455.624
10.8,6.96,17.93,0.0,579.692
12.7,9.72,21.46,0.0,647.3580000000001
10.5,6.48,22.27,0.0,650.5
11.3,0.72,26.59,0.0,605.967
14.1,2.4,32.64,0.0,513.5
7.4,1.32,24.24,0.0,352.236
10.4,1.44,22.8,0.0,127.185
13.0,0.96,22.43,0.0,0.0
13.8,1.08,23.35,0.0,0.0
14.1,2.52,21.98,0.0,0.0
12.8,4.8,19.01,0.0,0.0
13.8,3.24,19.62,0.0,0.0
15.2,3.0,20.13,0.0,0.0
11.7,2.16,14.4,0.0,0.0
9.5,0.72,11.61,0.0,0.0
7.5,3.84,9.83,0.0,0.0
12.3,1.68,15.93,0.0,0.0
10.8,0.12,13.94,0.0,0.0
10.5,0.84,12.97,0.0,0.0
13.2,0.96,16.52,0.0,0.0
10.1,5.4,13.59,0.0,0.0
13.3,13.44,24.41,0.0,65.0376
17.8,10.08,30.15,0.0,119.891
11.4,12.36,23.05,0.0,231.426
11.4,10.08,25.37,0.0,285.106
9.8,4.08,25.09,0.0,184.742
14.2,3.36,32.52,0.0,78.368
11.7,0.96,30.3,0.0,193.912
20.1,0.6,41.7,0.0,83.34700000000001
10.3,1.32,28.06,0.0,238.821
12.0,6.72,26.3,0.0,59.6042
13.9,1.32,28.1,0.0,0.0
14.3,0.84,28.79,0.0,0.0
11.4,3.0,23.31,0.0,0.0
14.8,1.56,27.53,0.0,0.0
13.0,6.48,23.78,0.0,0.0
13.1,0.84,22.99,0.0,0.0
15.1,0.84,25.68,0.0,0.0
15.0,1.44,24.43,0.0,0.0
7.1,0.6,11.83,0.0,0.0
13.4,0.0,18.69,0.0,0.0
10.2,0.12,11.26,0.0,0.0
7.6,0.0,7.89,0.0,0.0
6.4,0.6,6.47,0.0,0.0
15.4,3.0,13.6,0.0,0.0
12.0,11.64,10.3,0.0,33.2152
11.0,9.0,11.05,0.0,162.446
13.1,9.0,16.16,0.0,389.277
12.2,10.08,13.98,0.0,397.981
14.9,2.52,16.89,0.0,326.565
10.6,6.6,14.57,0.0,473.605
9.2,6.48,14.0,0.0,458.129
14.7,0.48,19.57,0.0,295.414
10.6,1.92,17.48,0.0,337.506
11.4,2.76,14.26,0.0,131.866
13.1,0.72,12.04,0.0,0.0
17.6,0.72,16.17,0.0,0.0
12.6,3.84,9.61,0.0,0.0
14.7,5.16,9.71,0.0,0.0
16.8,4.08,10.22,0.0,0.0
13.1,1.2,6.94,0.0,0.0
11.0,2.88,4.96,0.0,0.0
9.7,0.72,3.39,0.0,0.0
8.9,0.12,2.71,0.0,0.0
4.2,0.0,1.23,0.0,0.0
11.1,0.24,2.75,0.0,0.0
14.9,0.24,3.99,0.0,0.0
9.4,4.08,1.69,0.0,0.0
12.7,5.76,2.62,0.0,0.0
10.1,5.28,3.3,0.0,46.6146
10.0,7.56,5.26,0.0,225.68400000000003
7.9,18.96,7.16,0.0,460.631
8.6,5.88,8.95,0.0,617.469
9.0,1.44,10.47,0.0,677.784
16.9,2.64,17.34,0.0,693.9780000000001
16.8,7.56,19.16,0.0,646.253
8.5,0.96,14.77,0.0,552.395
12.2,0.48,18.21,0.0,381.249
12.5,2.64,13.89,0.0,144.998
10.2,3.12,8.38,0.0,0.0
14.7,1.44,11.61,0.0,0.0
13.3,3.96,8.8,0.0,0.0
15.9,4.56,9.27,0.0,0.0
17.2,3.72,9.38,0.0,0.0
14.5,1.08,6.5,0.0,0.0
10.1,1.44,3.61,0.0,0.0
7.2,2.52,2.11,0.0,0.0
7.4,0.24,1.52,0.0,0.0
10.5,0.12,1.84,0.0,0.0
12.0,0.36,2.08,0.0,0.0
13.8,1.2,2.29,0.0,0.0
10.5,6.0,1.16,0.0,0.0
12.7,5.52,1.6,0.0,0.0
9.6,4.56,2.85,0.0,73.2003
11.4,7.8,6.36,0.0,294.259
14.2,11.88,9.37,0.0,488.357
11.8,12.6,9.63,0.0,618.9069999999999
11.7,9.12,11.37,0.0,696.169
11.2,2.16,12.83,0.0,705.9830000000001
15.3,7.2,16.45,0.0,679.3510000000001
12.5,19.8,15.96,0.0,561.069
10.0,12.96,14.29,0.0,386.562
11.5,2.28,11.34,0.0,146.381
10.6,4.32,7.41,0.0,0.0
13.1,0.36,7.88,0.0,0.0
13.4,1.08,6.44,0.0,0.0
11.7,1.44,5.37,0.0,0.0
15.7,2.52,7.14,0.0,0.0
16.6,0.6,6.65,0.0,0.0
12.7,1.08,3.85,0.0,0.0
13.1,0.96,3.18,0.0,0.0
6.3,2.4,0.95,0.0,0.0
12.6,0.36,1.73,0.0,0.0
8.3,1.08,0.89,0.0,0.0
8.2,2.64,0.82,0.0,0.0
8.5,0.24,0.88,0.0,0.0
11.6,0.6,1.25,0.0,0.0
11.5,16.32,3.26,0.0,63.2484
11.3,13.56,6.64,0.0,245.558
9.3,22.08,7.33,0.0,380.878
10.4,25.68,8.95,0.0,476.854
11.5,7.2,10.46,0.0,501.251
9.6,0.96,11.55,0.0,475.499
13.8,4.8,18.8,0.0,507.628
14.6,1.56,22.77,0.0,413.082
10.3,8.88,17.08,0.0,233.635
13.5,2.64,18.71,0.0,98.2642
12.8,2.04,15.99,0.0,0.0
16.2,1.68,20.49,0.0,0.0
13.5,6.36,16.63,0.0,0.0
12.9,12.12,15.09,0.0,0.0
15.9,1.08,18.15,0.0,0.0
12.1,1.08,13.35,0.0,0.0
15.9,1.92,17.64,0.0,0.0
8.8,2.76,9.18,0.0,0.0
11.2,0.36,11.65,0.0,0.0
8.2,0.12,8.47,0.0,0.0
11.0,0.12,10.87,0.0,0.0
11.7,0.24,11.96,0.0,0.0
10.8,0.24,11.22,0.0,0.0
11.8,6.36,13.17,0.0,0.0
12.0,13.32,14.47,0.0,10.8931
12.7,17.04,16.35,0.0,62.699
11.8,14.16,19.39,0.0,208.261
14.7,9.6,25.09,0.0,197.847
11.9,4.44,19.85,0.0,134.295
10.0,7.8,16.65,0.0,87.5601
13.9,3.72,21.34,0.0,40.4385
7.6,0.84,11.99,0.0,12.8484
9.4,2.64,14.65,0.0,25.8511
8.5,2.88,12.82,0.0,10.4919
16.7,1.08,26.14,0.0,0.0
13.0,3.72,22.26,0.0,0.0
17.9,2.64,28.43,0.0,0.0
15.4,4.2,22.48,0.0,0.0
9.5,0.72,13.35,0.0,0.0
14.6,0.96,20.28,0.0,0.0
11.0,0.6,15.27,0.0,0.0
7.6,0.72,11.05,0.0,0.0
6.0,0.36,9.65,0.0,0.0
6.8,0.12,10.5,0.0,0.0
6.4,0.24,10.01,0.0,0.0
5.1,0.36,8.62,0.0,0.0
6.7,2.28,10.67,0.0,0.0
10.6,2.4,15.77,0.0,0.0
13.5,6.24,20.35,0.0,7.479210000000001
11.0,16.32,16.05,0.0,37.9203
11.1,11.52,16.5,0.0,40.4418
11.1,13.44,17.62,0.0,74.6516
12.0,3.72,20.51,0.0,104.355
11.0,3.84,18.96,0.0,88.757
11.0,2.28,17.64,0.0,70.7205
9.7,2.16,14.75,0.0,32.5134
12.7,3.96,19.16,0.0,37.4012
11.5,1.44,17.29,0.0,16.1796
8.6,1.68,14.57,0.0,0.0
16.9,2.64,27.3,0.0,0.0
15.9,0.6,23.45,0.0,0.0
12.3,3.48,17.56,0.0,0.0
14.7,1.08,20.87,0.0,0.0
12.5,3.84,15.73,0.0,0.0
9.3,0.96,10.91,0.0,0.0
9.7,2.28,11.7,0.0,0.0
7.3,1.08,10.09,0.0,0.0
9.1,0.24,12.99,0.0,0.0
10.2,0.0,14.62,0.0,0.0
9.8,2.16,13.7,0.0,0.0
8.2,0.48,11.86,0.0,0.0
10.7,9.12,18.19,0.0,0.0
12.1,15.12,27.54,0.0,52.4547
9.2,9.84,25.92,0.0,199.255
8.8,6.12,28.51,0.0,358.414
11.1,3.6,29.96,0.0,292.909
14.2,1.32,31.92,0.0,48.4224
10.2,0.48,28.06,0.0,54.5703
13.4,2.4,39.86,0.0,252.257
11.4,10.68,40.26,0.0,415.156
11.2,2.04,34.62,0.0,83.0745
13.2,3.84,38.59,0.0,126.609
8.2,0.36,28.0,0.0,0.0
13.8,1.56,38.07,0.0,0.0
14.1,2.04,36.92,0.0,0.0
18.6,2.04,41.8,0.0,0.0
10.9,2.64,28.62,0.0,0.0
16.5,0.72,36.34,0.0,0.0
12.8,5.64,28.78,0.0,0.0
11.8,0.72,27.33,0.0,0.0
7.5,0.6,20.44,0.0,0.0
14.6,0.12,31.73,0.0,0.0
12.4,0.0,26.51,0.0,0.0
8.9,0.0,20.05,0.0,0.0
7.9,1.2,18.25,0.0,0.0
9.9,5.52,22.21,0.0,0.0
18.2,11.04,39.84,0.0,43.7088
10.6,12.0,26.74,0.0,138.77
10.8,9.6,26.16,0.0,92.7812
14.1,10.92,35.65,0.0,233.705
8.2,0.24,27.14,0.0,111.633
11.6,6.6,37.16,0.0,165.43599999999998
12.1,3.24,43.64,0.0,471.577
12.1,1.68,44.63,0.0,416.11
11.0,3.84,40.76,0.0,254.138
10.1,3.96,35.87,0.0,127.14
14.7,1.2,38.86,0.0,0.0
11.6,1.8,34.32,0.0,0.0
13.4,3.12,36.05,0.0,0.0
14.2,2.88,35.92,0.0,0.0
12.6,1.32,32.94,0.0,0.0
11.7,0.96,30.74,0.0,0.0
7.4,2.04,23.45,0.0,0.0
16.3,7.44,38.13,0.0,0.0
7.3,1.2,22.13,0.0,0.0
8.6,0.36,24.7,0.0,0.0
9.3,2.64,25.34,0.0,0.0
7.3,0.0,21.66,0.0,0.0
6.2,0.96,20.43,0.0,0.0
10.2,10.32,28.66,0.0,0.0
11.2,4.8,34.99,0.0,52.0191
7.8,5.76,26.12,0.0,86.2572
10.4,12.72,34.23,0.0,205.476
16.1,11.76,48.4,0.0,530.128
8.9,2.16,39.66,0.0,548.393
11.4,3.36,43.25,0.0,464.384
10.4,10.2,40.68,0.0,281.515
10.4,0.48,44.36,0.0,381.468
12.4,0.72,47.56,0.0,339.038
9.3,1.44,36.77,0.0,128.05
14.6,3.36,40.59,0.0,0.0
15.3,5.88,41.08,0.0,0.0
17.8,3.0,42.94,0.0,0.0
15.3,4.44,37.53,0.0,0.0
18.2,0.36,40.68,0.0,0.0
12.1,1.56,30.03,0.0,0.0
11.4,0.84,28.79,0.0,0.0
10.7,0.24,27.0,0.0,0.0
11.5,0.12,28.04,0.0,0.0
7.9,0.24,22.36,0.0,0.0
9.4,0.12,24.57,0.0,0.0
12.5,0.12,29.17,0.0,0.0
11.0,3.0,26.01,0.0,0.0
11.6,4.2,27.59,0.0,0.0
11.6,1.08,33.55,0.0,53.1778
14.9,10.56,39.66,0.0,188.144
10.9,12.48,31.16,0.0,129.43200000000002
13.9,2.52,42.23,0.0,400.713
10.8,8.4,38.27,0.0,278.487
12.5,4.8,45.96,0.0,627.214
11.3,11.52,46.16,0.0,591.931
10.5,15.48,47.17,0.0,497.701
14.7,10.8,50.96,0.0,345.773
10.5,6.24,39.44,0.0,131.579
8.3,4.68,32.46,0.0,0.0
12.5,3.72,39.09,0.0,0.0
14.8,1.08,40.89,0.0,0.0
13.8,3.12,37.8,0.0,0.0
14.4,1.68,37.82,0.0,0.0
14.4,1.32,36.72,0.0,0.0
12.3,2.76,32.54,0.0,0.0
10.5,3.6,29.15,0.0,0.0
9.0,0.84,26.47,0.0,0.0
8.9,0.24,25.81,0.0,0.0
7.9,0.84,23.39,0.0,0.0
6.2,0.0,20.25,0.0,0.0
6.3,0.12,20.34,0.0,0.0
11.4,2.28,29.03,0.0,0.0
13.5,2.64,36.65,0.0,45.2114
6.6,8.52,27.64,0.0,192.993
8.9,15.0,30.61,0.0,210.237
9.5,14.76,33.24,0.0,270.79400000000004
9.8,3.0,35.52,0.0,285.438
11.2,4.44,39.77,0.0,396.223
12.9,2.88,40.19,0.0,233.378
12.6,1.08,38.96,0.0,240.535
12.1,4.32,34.35,0.0,14.8069
10.3,2.76,32.77,0.0,69.146
11.3,1.92,33.1,0.0,0.0
11.9,2.04,34.64,0.0,0.0
12.9,4.2,34.8,0.0,0.0
13.5,5.88,34.45,0.0,0.0
12.7,2.76,32.27,0.0,0.0
12.6,3.36,31.06,0.0,0.0
10.6,4.8,27.52,0.0,0.0
10.4,0.24,27.3,0.0,0.0
7.7,3.84,22.8,0.0,0.0
7.3,0.12,22.05,0.0,0.0
13.6,4.8,29.8,0.0,0.0
14.2,0.12,21.58,0.0,0.0
12.3,1.08,13.93,0.0,0.0
11.0,2.52,11.24,0.0,0.0
13.5,11.4,13.67,0.0,10.3522
12.7,14.52,13.98,0.0,127.109
8.6,16.08,12.74,0.0,303.551
16.2,21.12,24.6,0.0,517.7280000000001
20.5,1.08,28.68,0.0,407.32
14.2,6.36,21.97,0.0,593.429
14.0,4.08,20.11,0.0,353.314
9.2,0.72,16.7,0.0,452.494
13.8,5.88,18.65,0.0,177.384
16.8,2.4,19.79,0.0,108.949
12.5,4.32,11.94,0.0,0.0
15.8,1.08,15.17,0.0,0.0
15.4,2.64,13.06,0.0,0.0
17.9,2.28,13.82,0.0,0.0
13.6,1.56,8.19,0.0,0.0
13.0,1.68,6.54,0.0,0.0
16.0,0.72,8.05,0.0,0.0
7.4,3.72,2.96,0.0,0.0
7.2,0.24,2.33,0.0,0.0
5.3,1.44,1.43,0.0,0.0
11.0,1.8,2.44,0.0,0.0
10.0,0.0,2.06,0.0,0.0
9.7,1.68,1.99,0.0,0.0
9.7,0.24,1.8,0.0,0.0
15.4,13.8,5.75,0.0,0.0
9.7,7.08,3.92,0.0,148.931
10.9,13.2,7.1,0.0,366.231
8.0,2.28,7.1,0.0,487.329
7.2,16.32,6.58,0.0,450.63
11.6,12.24,8.66,0.0,381.317
13.8,2.88,11.39,0.0,378.025
13.8,3.96,11.83,0.0,282.188
11.6,2.16,9.12,0.0,130.418
10.5,0.96,7.54,0.0,0.0
10.1,0.6,8.31,0.0,0.0
13.4,1.68,11.87,0.0,0.0
12.4,0.48,10.67,0.0,0.0
16.6,5.04,14.5,0.0,0.0
16.0,1.8,14.15,0.0,0.0
12.4,1.08,10.42,0.0,0.0
10.1,0.6,8.35,0.0,0.0
15.4,3.12,12.97,0.0,0.0
11.2,0.36,8.21,0.0,0.0
12.7,1.8,7.97,0.0,0.0
8.9,0.24,5.17,0.0,0.0
8.9,1.68,5.07,0.0,0.0
6.8,1.32,3.35,0.0,0.0
10.9,4.8,5.92,0.0,0.0
10.9,22.32,5.85,0.0,0.0
13.3,7.2,6.51,0.0,7.45653
10.6,11.52,4.81,0.0,29.2142
11.1,6.72,5.27,0.0,25.0351
9.0,0.36,4.38,0.0,79.1303
11.1,0.6,6.05,0.0,88.5672
13.3,3.12,7.83,0.0,112.781
8.1,6.24,4.08,0.0,44.9919
10.9,2.52,5.67,0.0,41.6874
9.8,3.0,4.98,0.0,0.0
8.5,4.92,4.95,0.0,0.0
13.3,0.72,9.22,0.0,0.0
11.3,2.64,7.68,0.0,0.0
11.9,0.84,7.96,0.0,0.0
11.5,4.44,7.65,0.0,0.0
19.4,1.68,13.34,0.0,0.0
10.9,3.36,6.58,0.0,0.0
10.0,3.84,5.85,0.0,0.0
12.3,3.96,6.72,0.0,0.0
8.4,0.12,3.75,0.0,0.0
9.8,0.12,4.28,0.0,0.0
7.3,0.12,2.89,0.0,0.0
9.4,2.16,3.66,0.0,0.0
8.7,7.56,3.07,0.0,0.0
10.9,9.36,4.15,0.0,0.0
13.6,14.64,5.75,0.0,98.2156
12.3,13.2,4.92,0.0,114.661
9.3,13.56,3.79,0.0,172.29
13.2,0.96,6.3,0.0,210.46400000000003
10.6,21.84,5.2,0.0,260.245
15.5,5.28,7.83,0.0,195.189
9.2,0.48,4.52,0.0,165.91400000000002
14.8,3.0,6.66,0.0,59.5167
9.8,1.92,3.78,0.0,8.35551
10.2,1.44,4.35,0.0,0.0
9.3,1.92,4.17,0.0,0.0
13.9,4.32,6.29,0.0,0.0
16.8,0.6,7.97,0.0,0.0
16.0,0.72,7.37,0.0,0.0
14.3,0.96,5.93,0.0,0.0
9.5,0.6,3.32,0.0,0.0
7.6,0.48,1.26,0.0,0.0
8.9,1.68,1.42,0.0,0.0
8.8,1.08,0.96,0.0,0.0
11.2,0.0,1.15,0.0,0.0
10.1,0.0,0.93,0.0,0.0
9.0,0.24,0.84,0.0,0.0
11.4,5.4,1.28,0.0,0.0
16.9,14.16,2.84,0.0,0.0
14.4,6.84,3.05,0.0,201.936
12.1,16.32,1.91,0.0,185.898
14.5,0.96,2.31,0.0,91.9364
16.5,12.48,3.04,0.0,108.416
12.5,1.56,1.74,0.0,26.6741
15.5,12.72,3.25,0.0,108.925
13.2,1.44,2.71,0.0,140.914
9.6,1.2,1.52,0.0,90.5624
16.2,1.08,2.99,0.0,26.7481
17.1,4.32,3.5,0.0,0.0
18.7,2.4,4.37,0.0,0.0
21.4,0.96,5.39,0.0,0.0
14.6,0.6,2.44,0.0,0.0
12.7,2.76,1.77,0.0,0.0
13.9,0.36,1.74,0.0,0.0
11.2,1.56,1.25,0.0,0.0
7.0,0.6,0.81,0.0,0.0
12.9,0.6,1.35,0.0,0.0
7.9,0.24,0.82,0.0,0.0
11.1,0.36,1.01,0.0,0.0
12.9,0.12,1.13,0.0,0.0
12.6,1.44,1.24,0.0,0.0
12.7,0.6,1.21,0.0,0.0
16.7,11.4,1.72,0.0,0.0
12.9,9.6,1.35,0.0,80.8935
12.5,17.76,1.44,0.0,112.392
11.1,21.0,1.81,0.0,292.141
12.5,16.68,2.42,0.0,256.196
14.7,4.08,3.35,0.0,192.497
15.7,7.92,3.8,0.0,73.6127
11.6,3.6,3.78,0.0,303.309
15.1,2.04,5.44,0.0,239.401
14.4,0.84,4.56,0.0,92.3991
11.3,1.44,2.52,0.0,0.0
19.1,6.6,5.56,0.0,0.0
17.9,2.04,5.02,0.0,0.0
16.5,2.52,4.39,0.0,0.0
15.5,4.32,3.95,0.0,0.0
15.5,1.08,3.81,0.0,0.0
16.0,0.84,3.76,0.0,0.0
13.2,2.64,2.55,0.0,0.0
12.6,0.84,2.18,0.0,0.0
10.5,0.36,1.4,0.0,0.0
9.2,2.64,1.13,0.0,0.0
9.0,0.12,1.24,0.0,0.0
11.4,0.36,1.46,0.0,0.0
9.6,2.76,1.17,0.0,0.0
15.2,6.36,3.31,0.0,0.0
10.5,8.16,2.41,0.0,186.31
10.0,11.88,2.2,0.0,178.623
13.8,18.0,4.15,0.0,259.29400000000004
12.3,14.28,3.81,0.0,216.213
12.1,13.2,4.86,0.0,351.085
12.0,4.32,5.6,0.0,370.388
16.5,2.16,8.68,0.0,395.007
9.9,4.32,7.49,0.0,413.586
12.5,3.72,7.84,0.0,189.202
16.0,5.16,6.77,0.0,5.0342400000000005
17.9,2.64,7.99,0.0,0.0
17.9,2.64,7.54,0.0,0.0
19.3,3.72,7.67,0.0,0.0
15.9,1.68,5.13,0.0,0.0
15.3,0.72,4.1,0.0,0.0
9.4,2.04,1.6,0.0,0.0
8.6,1.92,1.27,0.0,0.0
10.0,0.36,1.36,0.0,0.0
7.4,0.36,0.83,0.0,0.0
12.3,0.0,1.41,0.0,0.0
10.7,0.12,1.19,0.0,0.0
9.8,2.04,0.89,0.0,0.0
9.7,2.16,0.88,0.0,0.0
13.4,10.56,2.56,0.0,0.0
13.6,18.12,5.92,0.0,276.131
10.2,13.92,6.67,0.0,477.529
12.7,17.64,9.02,0.0,622.254
17.2,4.2,12.85,0.0,697.63
10.6,5.4,11.12,0.0,723.127
12.1,0.96,13.6,0.0,689.6610000000001
13.4,2.04,16.09,0.0,593.12
12.7,2.88,16.45,0.0,439.098
15.0,0.48,15.28,0.0,212.551
12.3,2.64,8.06,0.0,7.86787
14.6,4.68,8.91,0.0,0.0
19.9,4.44,11.48,0.0,0.0
13.6,3.12,5.6,0.0,0.0
15.4,2.76,5.34,0.0,0.0
17.6,0.72,5.31,0.0,0.0
18.2,0.48,4.82,0.0,0.0
6.9,0.96,0.79,0.0,0.0
9.9,0.6,0.82,0.0,0.0
8.5,0.12,0.75,0.0,0.0
10.5,0.24,0.72,0.0,0.0
7.5,0.12,0.42,0.0,0.0
9.0,1.56,0.57,0.0,0.0
15.8,4.8,0.85,0.0,0.0
11.5,19.44,1.23,0.0,0.0
13.1,12.6,3.14,0.0,278.391
15.2,7.68,5.71,0.0,482.651
10.3,6.84,5.21,0.0,621.566
10.6,6.6,6.15,0.0,637.2080000000001
6.9,6.36,5.65,0.0,667.198
13.5,10.56,9.48,0.0,575.901
10.8,2.28,10.12,0.0,584.964
14.1,1.32,12.0,0.0,405.75
9.6,10.92,7.25,0.0,168.829
14.7,6.48,7.55,0.0,0.0
11.4,0.84,5.87,0.0,0.0
14.1,1.08,6.56,0.0,0.0
18.9,4.68,8.46,0.0,0.0
16.7,1.8,6.86,0.0,0.0
14.8,1.32,5.56,0.0,0.0
8.1,2.04,2.44,0.0,0.0
10.9,1.56,3.26,0.0,0.0
10.4,0.0,2.76,0.0,0.0
9.3,0.0,1.89,0.0,0.0
7.8,0.12,1.25,0.0,0.0
5.9,0.24,0.99,0.0,0.0
13.2,0.12,1.99,0.0,0.0
12.0,6.36,1.74,0.0,0.0
13.5,23.28,4.78,0.0,0.0
10.4,8.64,6.62,0.0,250.521
12.6,20.16,11.22,0.0,436.082
7.4,7.92,10.15,0.0,576.047
13.7,15.0,15.73,0.0,660.561
16.4,4.32,19.97,0.0,681.06
10.4,0.84,17.27,0.0,649.941
11.2,2.4,20.16,0.0,563.7330000000001
11.9,1.32,21.07,0.0,412.332
11.8,1.8,17.45,0.0,189.962
12.5,5.4,12.99,0.0,8.101510000000001
15.0,7.32,15.16,0.0,0.0
18.3,3.96,17.29,0.0,0.0
12.9,4.8,10.04,0.0,0.0
15.1,4.68,10.94,0.0,0.0
17.1,1.56,11.65,0.0,0.0
18.7,0.12,12.18,0.0,0.0
11.1,0.24,5.67,0.0,0.0
12.2,1.56,5.86,0.0,0.0
10.9,0.12,4.79,0.0,0.0
8.0,0.12,3.34,0.0,0.0
12.5,0.24,5.46,0.0,0.0
9.0,0.72,3.41,0.0,0.0
11.8,2.4,4.78,0.0,0.0
17.4,21.96,7.36,0.0,0.0
12.2,13.8,3.68,0.0,11.0155
12.2,9.0,3.62,0.0,34.7679
8.2,7.92,2.18,0.0,78.7682
11.4,3.96,4.45,0.0,198.39
11.3,3.84,4.64,0.0,119.992
15.3,1.8,6.83,0.0,121.205
12.7,0.48,5.71,0.0,89.3638
14.2,9.96,7.6,0.0,114.675
14.2,0.72,8.62,0.0,181.04
12.4,1.92,6.79,0.0,7.838989999999999
19.7,2.04,13.37,0.0,0.0
15.4,6.24,9.52,0.0,0.0
15.4,1.2,9.06,0.0,0.0
14.8,4.2,8.3,0.0,0.0
16.8,1.44,9.66,0.0,0.0
10.8,0.24,5.28,0.0,0.0
11.4,0.48,5.48,0.0,0.0
10.2,0.72,4.64,0.0,0.0
11.8,0.12,5.54,0.0,0.0
9.7,0.12,3.96,0.0,0.0
14.1,0.12,6.21,0.0,0.0
9.5,0.6,3.56,0.0,0.0
12.7,7.2,4.87,0.0,0.0
12.9,17.04,6.21,0.0,0.0
12.4,11.28,7.04,0.0,148.321
12.0,18.6,7.54,0.0,223.461
12.1,2.16,9.22,0.0,236.797
13.1,3.84,16.39,0.0,547.984
12.9,2.04,21.26,0.0,645.746
12.0,4.68,22.67,0.0,629.191
15.2,5.88,26.03,0.0,441.41
11.1,2.52,21.87,0.0,306.828
12.5,4.92,20.47,0.0,137.594
13.8,1.2,17.49,0.0,0.0
15.9,0.6,19.27,0.0,0.0
16.8,2.28,19.54,0.0,0.0
13.6,1.2,14.22,0.0,0.0
17.6,1.2,18.11,0.0,0.0
12.3,2.16,10.59,0.0,0.0
10.5,0.48,8.46,0.0,0.0
11.9,0.12,9.19,0.0,0.0
8.7,0.84,6.31,0.0,0.0
7.6,0.12,4.93,0.0,0.0
15.8,0.0,9.7,0.0,0.0
10.0,0.0,5.81,0.0,0.0
10.4,0.84,6.14,0.0,0.0
16.4,3.84,10.72,0.0,0.0
12.0,8.28,9.12,0.0,0.0
10.0,3.24,8.73,0.0,171.678
14.6,5.76,13.51,0.0,200.019
14.7,24.72,16.67,0.0,309.613
7.7,20.76,13.72,0.0,460.055
12.0,7.08,24.81,0.0,656.069
17.1,1.92,34.7,0.0,642.688
11.8,6.84,30.29,0.0,565.15
14.9,1.92,33.18,0.0,424.664
10.8,2.76,22.12,0.0,196.87
13.3,1.32,18.51,0.0,0.710329
15.8,4.68,20.33,0.0,0.0
17.8,3.0,20.38,0.0,0.0
13.8,1.32,13.33,0.0,0.0
16.9,1.08,14.62,0.0,0.0
17.9,1.2,10.93,0.0,0.0
11.9,0.84,4.94,0.0,0.0
8.6,2.76,3.15,0.0,0.0
7.9,0.6,2.22,0.0,0.0
10.8,0.12,2.45,0.0,0.0
12.5,2.64,2.6,0.0,0.0
8.8,0.12,1.26,0.0,0.0
10.9,0.0,1.43,0.0,0.0
12.5,1.44,1.67,0.0,0.0
12.5,5.64,1.4,0.0,0.0
14.1,14.88,1.45,0.0,18.3147
12.5,9.48,1.3,0.0,36.5058
11.7,24.72,1.25,0.0,80.0077
10.5,7.32,1.42,0.0,192.094
13.3,15.72,2.52,0.0,301.28
14.0,6.96,4.99,0.0,555.6669999999999
11.7,1.56,6.45,0.0,615.8330000000001
12.6,4.32,7.34,0.0,454.315
9.9,3.36,4.82,0.0,223.496
14.6,3.72,4.22,0.0,15.8406
13.1,2.28,3.48,0.0,0.0
12.8,4.56,2.97,0.0,0.0
14.3,2.04,2.91,0.0,0.0
14.5,1.56,2.42,0.0,0.0
14.3,0.84,1.86,0.0,0.0
12.5,4.68,1.25,0.0,0.0
10.4,3.36,0.86,0.0,0.0
6.7,0.48,0.46,0.0,0.0
11.2,0.12,0.72,0.0,0.0
9.0,0.24,0.43,0.0,0.0
7.3,0.0,0.22,0.0,0.0
10.8,0.36,0.46,0.0,0.0
10.1,4.8,0.36,0.0,0.0
15.6,14.76,1.5,0.0,0.0
15.6,15.48,3.81,0.0,276.665
14.2,1.56,5.55,0.0,475.284
13.7,15.36,7.1,0.0,612.827
12.9,8.28,7.55,0.0,707.5210000000001
12.2,6.72,8.44,0.0,727.238
11.2,1.56,9.26,0.0,701.633
15.2,1.2,12.61,0.0,603.447
10.9,0.48,9.68,0.0,441.954
14.5,4.56,9.95,0.0,219.512
16.7,7.32,7.15,0.0,14.1418
20.1,3.12,8.66,0.0,0.0
14.6,2.28,5.56,0.0,0.0
25.7,2.04,10.8,0.0,0.0
19.1,1.32,6.21,0.0,0.0
16.9,1.8,4.99,0.0,0.0
14.5,1.44,3.59,0.0,0.0
12.2,0.72,2.31,0.0,0.0
8.7,0.24,1.21,0.0,0.0
8.0,0.0,0.98,0.0,0.0
10.7,2.04,1.17,0.0,0.0
8.6,0.12,0.88,0.0,0.0
14.8,3.12,1.21,0.0,0.0
17.8,11.76,1.6,0.0,0.0
12.3,25.56,2.19,0.0,0.0
15.1,11.52,6.33,0.0,248.0
9.2,4.32,6.25,0.0,441.186
10.6,12.36,8.06,0.0,559.1
11.3,9.84,9.86,0.0,645.794
12.0,2.64,12.73,0.0,694.324
11.8,7.08,14.71,0.0,658.5
12.7,4.8,17.03,0.0,581.934
9.3,3.84,15.79,0.0,430.597
8.0,6.84,12.42,0.0,221.766
11.6,9.24,9.71,0.0,18.2717
17.8,3.72,14.38,0.0,0.0
16.3,4.8,11.55,0.0,0.0
14.2,3.0,8.13,0.0,0.0
17.7,7.92,9.11,0.0,0.0
23.1,1.2,11.98,0.0,0.0
11.8,0.72,3.81,0.0,0.0
9.8,3.0,2.38,0.0,0.0
16.1,1.32,3.77,0.0,0.0
13.9,1.32,2.4,0.0,0.0
12.0,0.0,1.56,0.0,0.0
9.9,0.0,0.99,0.0,0.0
12.8,0.12,1.26,0.0,0.0
13.1,1.8,1.27,0.0,0.0
13.7,14.16,3.37,0.0,0.0
13.4,9.36,7.56,0.0,264.815
11.0,17.4,9.59,0.0,458.972
16.2,6.24,14.05,0.0,602.572
13.4,15.48,14.57,0.0,675.363
11.1,2.88,15.17,0.0,705.758
13.6,0.6,18.34,0.0,680.3960000000001
14.2,2.64,21.51,0.0,593.765
13.2,3.6,21.97,0.0,443.165
11.8,3.12,17.48,0.0,228.336
13.0,0.84,12.57,0.0,18.6461
18.9,0.96,17.17,0.0,0.0
12.8,3.24,9.9,0.0,0.0
13.5,2.28,9.12,0.0,0.0
16.3,13.92,9.95,0.0,0.0
18.4,1.68,10.15,0.0,0.0
11.1,0.72,4.72,0.0,0.0
11.7,0.48,4.33,0.0,0.0
6.8,0.6,1.85,0.0,0.0
9.1,0.12,2.3,0.0,0.0
12.4,0.24,3.64,0.0,0.0
9.0,0.0,2.56,0.0,0.0
10.0,0.24,2.77,0.0,0.0
11.6,5.76,3.37,0.0,0.0
13.3,16.08,4.61,0.0,0.0
13.3,5.4,5.2,0.0,91.4047
14.5,3.6,7.63,0.0,194.622
10.9,3.36,7.76,0.0,330.616
14.4,6.96,10.54,0.0,316.763
10.3,7.44,7.98,0.0,236.012
11.5,7.8,7.58,0.0,39.4936
12.2,0.12,8.19,0.0,37.0139
13.6,5.04,10.15,0.0,89.8206
13.5,2.76,10.24,0.0,31.4441
14.2,1.08,11.32,0.0,0.0
13.3,2.28,10.41,0.0,0.0
13.8,3.96,10.28,0.0,0.0
9.8,2.64,6.69,0.0,0.0
17.2,6.12,11.67,0.0,0.0
15.6,0.84,9.29,0.0,0.0
10.4,0.6,5.21,0.0,0.0
9.9,0.48,4.99,0.0,0.0
4.6,0.24,2.29,0.0,0.0
7.6,0.84,2.98,0.0,0.0
10.4,0.0,3.88,0.0,0.0
14.0,0.6,6.04,0.0,0.0
9.8,0.12,3.85,0.0,0.0
14.4,7.08,6.47,0.0,0.0
14.4,10.44,9.97,0.0,0.0
13.1,3.48,12.37,0.0,207.855
12.6,7.08,15.62,0.0,398.726
9.6,3.84,15.72,0.0,488.034
10.4,6.0,20.94,0.0,665.207
14.5,0.96,29.56,0.0,703.346
13.4,4.32,31.98,0.0,671.558
16.1,8.04,37.78,0.0,583.258
11.9,0.6,32.1,0.0,433.503
11.8,1.92,27.41,0.0,218.2
15.0,3.84,24.61,0.0,17.1065
14.1,3.72,21.77,0.0,0.0
15.6,1.56,20.29,0.0,0.0
21.4,0.96,24.87,0.0,0.0
12.1,0.84,11.6,0.0,0.0
12.4,1.2,9.07,0.0,0.0
14.8,0.36,9.86,0.0,0.0
8.0,0.36,4.4,0.0,0.0
10.3,2.16,4.77,0.0,0.0
8.2,0.12,3.02,0.0,0.0
10.9,2.16,3.7,0.0,0.0
9.5,0.0,2.39,0.0,0.0
10.3,1.68,2.48,0.0,0.0
14.9,3.48,4.25,0.0,0.0
12.3,8.16,6.37,0.0,0.0
14.4,4.56,11.45,0.0,260.48
12.3,8.76,12.96,0.0,450.249
12.4,14.64,14.86,0.0,590.264
14.5,12.12,18.79,0.0,665.9810000000001
14.4,2.16,20.75,0.0,692.808
12.7,6.48,19.79,0.0,610.653
14.7,7.92,21.92,0.0,447.275
14.7,1.44,18.94,0.0,190.73
11.1,1.32,13.61,0.0,68.1082
12.3,9.72,13.67,0.0,0.0
14.6,4.32,15.37,0.0,0.0
17.0,1.56,16.17,0.0,0.0
17.3,3.6,15.77,0.0,0.0
18.9,2.04,14.56,0.0,0.0
21.2,0.6,13.52,0.0,0.0
14.8,0.6,7.02,0.0,0.0
8.7,0.6,3.06,0.0,0.0
11.4,4.44,3.49,0.0,0.0
5.5,0.0,1.27,0.0,0.0
13.3,0.24,2.41,0.0,0.0
9.1,0.12,1.1,0.0,0.0
7.9,0.6,0.81,0.0,0.0
12.0,0.84,1.09,0.0,0.0
13.1,3.24,2.7,0.0,0.0
18.0,8.04,7.49,0.0,270.383
14.1,6.48,7.75,0.0,476.33
10.6,13.8,7.63,0.0,625.943
12.0,15.0,9.06,0.0,720.335
11.2,3.72,10.04,0.0,747.7769999999999
10.7,6.48,11.59,0.0,711.829
13.4,1.08,14.74,0.0,613.313
11.8,6.36,14.45,0.0,463.139
12.9,3.12,13.42,0.0,245.888
13.8,7.08,8.24,0.0,25.0876
14.7,2.52,8.02,0.0,0.0
15.2,2.76,7.46,0.0,0.0
18.3,1.44,8.31,0.0,0.0
13.6,6.48,5.01,0.0,0.0
12.8,4.92,4.01,0.0,0.0
9.7,1.8,1.96,0.0,0.0
9.8,3.6,1.63,0.0,0.0
7.7,0.24,1.08,0.0,0.0
11.3,0.24,1.22,0.0,0.0
10.0,0.24,0.92,0.0,0.0
9.6,0.12,0.88,0.0,0.0
11.3,3.48,0.96,0.0,0.0
11.5,4.32,1.03,0.0,0.0
12.7,15.84,2.29,0.0,0.0
13.0,6.12,5.38,0.0,270.113
13.5,10.56,8.76,0.0,461.733
11.5,15.36,9.05,0.0,612.161
8.8,6.0,8.36,0.0,700.5089999999999
12.6,10.2,12.5,0.0,708.253
17.3,5.28,17.17,0.0,701.685
12.0,0.96,15.12,0.0,615.195
13.4,6.24,18.07,0.0,455.551
12.9,2.16,15.83,0.0,241.483
15.7,2.28,12.15,0.0,26.9649
17.3,1.92,12.63,0.0,0.0
16.0,2.76,9.6,0.0,0.0
23.7,4.68,13.92,0.0,0.0
17.8,3.36,7.29,0.0,0.0
14.4,0.6,4.59,0.0,0.0
12.5,2.16,2.9,0.0,0.0
15.3,1.92,3.27,0.0,0.0
8.7,3.48,0.94,0.0,0.0
12.5,0.12,1.29,0.0,0.0
9.9,3.12,0.94,0.0,0.0
11.4,0.0,0.94,0.0,0.0
6.9,1.32,0.65,0.0,0.0
14.4,11.76,1.21,0.0,0.0
15.1,19.92,2.99,0.0,0.0
15.1,7.44,6.52,0.0,268.076
13.5,10.44,8.36,0.0,465.208
12.5,4.56,9.55,0.0,609.716
11.5,4.68,10.87,0.0,695.9730000000001
12.7,3.24,13.6,0.0,721.763
13.4,4.8,15.15,0.0,706.503
15.2,2.52,17.85,0.0,612.719
12.5,6.12,16.8,0.0,453.657
16.3,14.76,17.81,0.0,241.083
17.2,6.96,12.87,0.0,23.4749
14.1,0.96,9.4,0.0,0.0
22.2,1.56,15.68,0.0,0.0
17.2,3.24,9.67,0.0,0.0
20.7,2.88,11.95,0.0,0.0
17.8,6.24,8.87,0.0,0.0
12.7,0.12,5.74,0.0,0.0
6.4,0.36,2.78,0.0,0.0
12.6,2.52,5.67,0.0,0.0
11.5,0.0,4.93,0.0,0.0
14.4,1.56,6.39,0.0,0.0
8.3,0.0,3.48,0.0,0.0
10.8,1.08,4.52,0.0,0.0
8.3,6.24,3.16,0.0,0.0
11.5,13.92,7.4,0.0,0.0
18.4,11.64,16.34,0.0,232.418
11.4,17.64,14.9,0.0,421.149
11.7,14.88,17.35,0.0,540.42
13.2,10.08,17.6,0.0,429.249
13.2,0.96,15.4,0.0,131.178
13.7,3.6,17.34,0.0,177.007
14.6,0.36,20.95,0.0,258.894
10.9,1.68,16.68,0.0,219.086
10.0,1.2,14.59,0.0,95.4245
14.0,3.96,17.88,0.0,2.65895
12.5,6.0,15.93,0.0,0.0
14.5,2.28,17.54,0.0,0.0
11.8,1.92,12.7,0.0,0.0
14.4,0.48,15.39,0.0,0.0
10.4,1.68,9.83,0.0,0.0
11.1,0.84,9.85,0.0,0.0
13.8,3.6,12.22,0.0,0.0
9.6,1.92,7.77,0.0,0.0
10.9,0.0,8.11,0.0,0.0
8.8,0.0,6.26,0.0,0.0
8.3,0.0,5.65,0.0,0.0
12.2,0.96,7.51,0.0,0.0
12.3,4.44,7.53,0.0,0.0
11.3,22.92,10.07,0.0,0.0
16.0,4.2,16.96,0.0,218.862
14.2,3.96,19.84,0.0,379.196
13.4,19.2,23.47,0.0,517.0
8.5,3.72,19.32,0.0,504.265
15.2,11.4,31.01,0.0,572.007
15.9,4.32,31.39,0.0,324.411
17.1,0.48,35.05,0.0,400.401
14.0,4.2,31.43,0.0,321.202
12.2,2.52,26.91,0.0,183.86
13.9,3.6,24.37,0.0,10.5108
11.2,3.0,19.79,0.0,0.0
16.8,3.84,25.55,0.0,0.0
19.8,4.08,28.13,0.0,0.0
15.4,6.24,20.47,0.0,0.0
9.5,0.84,10.59,0.0,0.0
11.0,1.08,10.57,0.0,0.0
11.5,0.72,9.22,0.0,0.0
9.4,0.96,4.57,0.0,0.0
11.7,0.0,3.55,0.0,0.0
15.0,0.0,3.99,0.0,0.0
7.8,0.12,0.98,0.0,0.0
13.3,0.12,1.79,0.0,0.0
9.7,8.88,0.97,0.0,0.0
11.8,22.68,1.11,0.0,0.0
16.3,3.12,2.16,0.0,104.28
12.9,13.92,1.86,0.0,278.039
12.0,5.16,1.32,0.0,147.284
13.3,1.68,1.56,0.0,140.224
14.8,10.08,1.96,0.0,208.941
14.5,0.36,1.39,0.0,89.9297
14.5,0.36,1.29,0.0,58.4117
15.3,0.72,1.13,0.0,17.5971
9.8,3.0,0.5,0.0,4.5029900000000005
15.4,4.08,1.06,0.0,0.0
18.3,5.76,1.44,0.0,0.0
13.7,0.72,0.74,0.0,0.0
18.0,0.84,1.25,0.0,0.0
17.9,0.48,1.12,0.0,0.0
18.3,0.72,1.18,0.0,0.0
10.7,0.6,0.51,0.0,0.0
10.4,1.56,0.45,0.0,0.0
8.9,0.36,0.39,0.0,0.0
9.4,0.36,0.41,0.0,0.0
14.9,0.36,0.59,0.0,0.0
8.8,0.12,0.29,0.0,0.0
11.9,0.12,0.43,0.0,0.0
12.4,1.92,0.38,0.0,0.0
13.3,9.84,1.06,0.0,61.7074
9.4,4.32,1.43,0.0,284.867
15.8,12.24,4.07,0.0,498.319
12.5,20.64,4.59,0.0,648.001
18.5,11.76,8.24,0.0,753.36
14.2,9.0,7.85,0.0,775.6610000000001
19.7,6.24,12.54,0.0,754.045
12.1,0.24,9.71,0.0,655.784
15.4,1.68,12.45,0.0,501.66
10.0,1.56,7.98,0.0,275.735
14.4,5.28,6.53,0.0,31.541
16.4,4.92,6.48,0.0,0.0
18.7,1.44,6.73,0.0,0.0
20.5,2.88,6.75,0.0,0.0
19.2,2.16,5.22,0.0,0.0
14.1,0.96,2.35,0.0,0.0
13.5,0.24,1.48,0.0,0.0
8.0,1.2,0.69,0.0,0.0
14.2,0.96,0.91,0.0,0.0
10.5,0.12,0.51,0.0,0.0
10.2,1.44,0.48,0.0,0.0
9.1,0.0,0.37,0.0,0.0
12.8,0.36,0.43,0.0,0.0
12.4,0.6,0.47,0.0,0.0
14.7,4.32,1.3,0.0,61.753
11.4,6.72,2.59,0.0,276.905
9.1,4.68,3.4,0.0,483.092
9.9,13.08,4.79,0.0,622.692
11.2,6.84,7.16,0.0,658.4810000000001
10.9,14.88,8.48,0.0,738.8939999999999
10.7,1.44,9.91,0.0,704.5219999999999
13.5,1.32,13.55,0.0,614.0740000000001
12.6,7.44,14.05,0.0,488.07
10.6,3.96,10.67,0.0,272.515
14.3,6.84,8.44,0.0,30.917
14.9,3.36,7.83,0.0,0.0
18.1,1.68,8.92,0.0,0.0
22.6,1.92,11.29,0.0,0.0
21.8,1.08,9.38,0.0,0.0
14.0,3.24,4.16,0.0,0.0
13.1,3.12,3.37,0.0,0.0
10.5,4.32,2.14,0.0,0.0
8.2,0.48,1.46,0.0,0.0
6.9,0.0,1.37,0.0,0.0
8.0,0.0,1.46,0.0,0.0
9.1,0.24,1.72,0.0,0.0
11.1,1.92,2.87,0.0,0.0
13.9,3.6,4.33,0.0,0.0
12.6,9.48,4.25,0.0,23.2859
10.4,10.2,4.52,0.0,114.86
14.7,15.96,8.52,0.0,254.664
12.2,5.76,8.15,0.0,269.068
13.0,3.36,9.97,0.0,220.746
16.2,9.96,16.9,0.0,353.088
10.8,2.4,18.19,0.0,623.3009999999999
12.7,3.36,23.13,0.0,522.566
13.4,2.4,22.13,0.0,250.794
10.4,1.8,19.53,0.0,231.45
12.9,2.64,18.16,0.0,24.1014
14.0,0.84,18.64,0.0,0.0
15.9,1.2,19.59,0.0,0.0
17.0,1.68,19.09,0.0,0.0
18.2,2.28,20.87,0.0,0.0
22.2,1.8,25.13,0.0,0.0
13.0,1.44,12.76,0.0,0.0
10.6,0.84,9.66,0.0,0.0
6.9,0.6,5.53,0.0,0.0
9.7,0.36,6.62,0.0,0.0
9.3,1.56,6.17,0.0,0.0
7.5,0.12,5.74,0.0,0.0
10.5,1.92,8.31,0.0,0.0
10.5,7.8,8.66,0.0,0.0
16.1,27.84,14.69,0.0,27.6455
11.8,6.24,11.24,0.0,105.656
9.1,7.92,10.26,0.0,172.46900000000002
14.7,13.44,19.06,0.0,218.884
10.6,15.12,15.52,0.0,259.581
12.1,5.28,18.81,0.0,269.801
16.1,13.56,23.74,0.0,241.441
12.4,0.48,15.97,0.0,40.7267
14.4,4.44,13.27,0.0,22.6808
14.0,6.6,9.73,0.0,6.68818
12.2,4.08,8.49,0.0,0.0
13.9,3.96,9.95,0.0,0.0
17.0,2.16,11.66,0.0,0.0
19.0,2.52,12.84,0.0,0.0
19.4,2.88,11.21,0.0,0.0
14.5,1.44,5.58,0.0,0.0
13.0,6.84,3.68,0.0,0.0
11.7,3.0,2.78,0.0,0.0
6.5,5.04,1.25,0.0,0.0
8.9,0.84,1.28,0.0,0.0
13.0,1.68,1.95,0.0,0.0
12.8,0.12,1.75,0.0,0.0
14.5,0.84,1.92,0.0,0.0
11.6,4.68,1.32,0.0,0.0
11.4,15.6,1.18,0.0,18.0028
14.8,15.72,1.48,0.0,80.5979
12.0,19.56,1.41,0.0,140.67600000000002
8.8,9.6,1.06,0.0,174.705
13.7,16.68,2.25,0.0,262.149
14.2,9.12,3.91,0.0,400.03
15.5,0.96,5.7,0.0,450.381
14.5,0.48,6.2,0.0,377.047
9.2,2.28,4.14,0.0,274.17
12.2,0.36,4.84,0.0,132.532
15.7,1.92,5.67,0.0,8.48521
13.3,4.8,4.7,0.0,0.0
15.4,3.12,5.33,0.0,0.0
14.8,3.12,4.75,0.0,0.0
17.5,5.52,5.73,0.0,0.0
13.8,2.28,3.44,0.0,0.0
10.1,0.72,1.83,0.0,0.0
11.0,1.32,1.76,0.0,0.0
11.0,0.36,1.37,0.0,0.0
11.2,0.36,1.32,0.0,0.0
10.5,0.0,1.16,0.0,0.0
9.3,0.0,0.87,0.0,0.0
11.0,0.96,1.08,0.0,0.0
13.8,7.32,1.29,0.0,0.0
13.9,20.28,1.48,0.0,38.7974
12.3,3.12,1.78,0.0,177.05
12.1,16.08,3.54,0.0,385.105
14.8,22.2,7.14,0.0,648.639
12.9,6.6,7.74,0.0,749.2189999999999
15.1,3.36,11.1,0.0,783.7260000000001
12.9,4.92,12.58,0.0,751.39
12.0,0.36,14.21,0.0,658.4780000000001
15.5,4.2,19.21,0.0,501.003
10.0,1.44,12.83,0.0,294.683
13.6,2.16,9.14,0.0,37.4046
17.4,1.32,10.08,0.0,0.0
12.2,4.68,5.43,0.0,0.0
17.3,1.56,7.25,0.0,0.0
21.2,8.52,8.75,0.0,0.0
13.7,1.2,3.82,0.0,0.0
12.0,2.64,2.63,0.0,0.0
8.6,3.36,1.22,0.0,0.0
9.9,0.36,1.35,0.0,0.0
10.5,0.24,1.25,0.0,0.0
8.2,0.24,0.81,0.0,0.0
5.4,0.0,0.75,0.0,0.0
10.3,1.56,1.03,0.0,0.0
14.7,8.52,1.52,0.0,0.0
9.5,23.76,2.45,0.0,61.0518
12.8,8.16,7.34,0.0,269.356
11.8,16.92,10.9,0.0,462.235
14.2,0.48,14.33,0.0,603.143
15.2,17.16,17.57,0.0,683.1510000000001
15.6,4.56,21.04,0.0,713.558
16.5,3.12,26.03,0.0,703.5989999999999
11.2,0.72,24.71,0.0,621.1759999999999
13.3,2.16,28.83,0.0,480.05300000000005
14.6,1.44,27.71,0.0,274.728
20.1,3.72,26.87,0.0,34.2767
19.2,0.96,23.42,0.0,0.0
15.0,0.84,16.81,0.0,0.0
15.4,2.04,14.38,0.0,0.0
13.9,0.72,10.61,0.0,0.0
15.9,1.44,9.95,0.0,0.0
11.0,0.84,5.02,0.0,0.0
10.0,1.56,3.95,0.0,0.0
9.8,0.24,3.22,0.0,0.0
9.2,0.12,2.46,0.0,0.0
11.0,1.8,2.9,0.0,0.0
12.1,0.0,3.17,0.0,0.0
8.0,0.96,1.85,0.0,0.0
13.7,0.12,4.44,0.0,0.0
12.5,8.76,4.11,0.0,20.0667
11.0,3.0,4.22,0.0,75.7103
7.8,28.8,5.11,0.0,189.157
11.0,4.44,10.19,0.0,465.027
11.2,14.16,12.05,0.0,448.906
17.9,4.08,20.83,0.0,406.782
13.2,9.84,17.26,0.0,325.29200000000003
7.6,2.64,12.37,0.0,278.191
13.1,3.24,19.16,0.0,211.401
12.2,1.44,17.23,0.0,102.12
15.9,3.96,20.69,0.0,6.61204
14.8,3.36,19.28,0.0,0.0
17.5,2.64,21.56,0.0,0.0
21.4,1.56,24.98,0.0,0.0
16.2,1.8,17.21,0.0,0.0
17.0,1.44,16.7,0.0,0.0
13.6,0.6,11.5,0.0,0.0
11.1,2.64,8.74,0.0,0.0
10.2,1.08,7.93,0.0,0.0
9.1,0.48,7.29,0.0,0.0
10.9,0.12,8.47,0.0,0.0
10.0,0.24,7.4,0.0,0.0
9.5,0.24,7.2,0.0,0.0
10.8,0.36,8.19,0.0,0.0
13.2,7.44,12.57,0.0,45.2766
14.5,7.68,18.19,0.0,195.675
11.2,1.92,21.38,0.0,408.779
13.5,16.44,27.4,0.0,511.982
9.0,15.24,22.97,0.0,441.518
12.0,9.12,28.52,0.0,435.087
14.6,3.84,32.69,0.0,370.61
12.2,1.08,32.71,0.0,461.966
13.5,2.28,35.1,0.0,386.55
8.9,2.88,27.58,0.0,244.679
12.0,4.92,26.67,0.0,27.7095
14.2,3.24,28.05,0.0,0.0
15.6,0.72,28.22,0.0,0.0
21.1,3.72,33.54,0.0,0.0
16.1,1.68,24.76,0.0,0.0
15.1,1.32,21.62,0.0,0.0
13.4,1.44,17.87,0.0,0.0
7.8,0.36,10.28,0.0,0.0
10.6,0.12,14.02,0.0,0.0
5.8,0.12,8.3,0.0,0.0
9.1,0.24,10.56,0.0,0.0
8.6,0.24,9.73,0.0,0.0
11.4,0.36,12.12,0.0,0.0
9.5,6.96,10.37,0.0,0.0
12.9,13.8,20.37,0.0,55.7269
11.3,25.56,22.61,0.0,245.351
13.7,6.48,24.02,0.0,265.23400000000004
12.4,20.28,23.37,0.0,268.705
13.1,5.28,29.94,0.0,485.698
11.6,6.6,32.73,0.0,665.873
13.9,4.32,39.28,0.0,572.514
11.4,6.36,39.31,0.0,573.7130000000001
9.6,4.92,38.02,0.0,436.895
11.4,0.24,37.42,0.0,246.426
14.3,2.16,35.32,0.0,29.6968
9.1,1.32,26.93,0.0,0.0
14.8,2.4,33.52,0.0,0.0
13.3,4.8,29.13,0.0,0.0
13.9,3.12,28.62,0.0,0.0
13.4,1.32,26.04,0.0,0.0
12.8,1.68,23.8,0.0,0.0
9.4,0.48,18.66,0.0,0.0
9.2,0.6,18.41,0.0,0.0
5.2,0.24,12.22,0.0,0.0
8.6,0.0,16.6,0.0,0.0
6.3,0.24,12.75,0.0,0.0
7.5,0.36,14.63,0.0,0.0
11.4,5.76,21.57,0.0,0.0
13.6,25.8,31.02,0.0,56.3822
12.7,6.36,29.5,0.0,146.387
11.7,17.04,32.83,0.0,382.869
17.8,12.36,39.98,0.0,300.589
11.4,16.44,30.09,0.0,184.702
10.6,2.28,33.63,0.0,438.886
12.4,1.08,35.05,0.0,311.72900000000004
13.4,6.48,33.07,0.0,136.142
10.9,3.36,29.12,0.0,34.8428
9.7,4.2,29.9,0.0,140.626
9.0,2.76,26.43,0.0,19.5288
16.6,2.76,37.53,0.0,0.0
14.1,2.04,31.46,0.0,0.0
14.5,4.56,31.02,0.0,0.0
12.9,1.08,28.38,0.0,0.0
15.1,0.72,31.04,0.0,0.0
11.5,0.6,24.88,0.0,0.0
9.5,2.28,18.88,0.0,0.0
8.8,1.68,10.33,0.0,0.0
6.3,0.6,5.22,0.0,0.0
8.7,0.36,6.53,0.0,0.0
6.6,0.12,4.32,0.0,0.0
12.5,0.96,7.73,0.0,0.0
11.3,4.56,6.14,0.0,0.0
14.1,17.04,7.85,0.0,0.0
10.3,7.32,5.35,0.0,15.9635
11.2,2.28,8.63,0.0,299.341
7.6,10.8,5.71,0.0,186.665
13.0,7.32,10.31,0.0,307.71
13.1,6.12,11.42,0.0,326.91
16.6,2.88,15.6,0.0,271.04
14.7,4.44,14.1,0.0,235.605
13.1,0.96,12.24,0.0,128.705
12.7,2.76,12.16,0.0,98.677
15.1,2.64,13.64,0.0,43.6484
13.2,0.96,10.83,0.0,0.0
17.8,1.2,14.8,0.0,0.0
14.4,1.32,10.12,0.0,0.0
15.3,5.16,9.48,0.0,0.0
12.9,1.44,5.75,0.0,0.0
12.2,1.68,4.67,0.0,0.0
9.3,2.4,3.04,0.0,0.0
7.3,0.0,1.8,0.0,0.0
9.6,0.24,1.85,0.0,0.0
14.0,0.0,2.72,0.0,0.0
10.0,0.12,1.39,0.0,0.0
11.7,0.6,1.38,0.0,0.0
10.0,3.6,1.19,0.0,0.0
12.8,14.76,3.86,0.0,67.7191
15.9,8.28,7.9,0.0,288.658
8.2,13.32,6.15,0.0,503.011
9.9,16.8,8.25,0.0,656.2810000000001
8.9,6.12,8.59,0.0,754.84
12.5,0.36,11.46,0.0,804.597
8.1,1.92,10.24,0.0,785.216
15.8,0.48,16.55,0.0,688.959
18.1,0.96,20.22,0.0,539.436
11.9,0.72,13.24,0.0,321.41
10.9,0.6,7.87,0.0,68.6516
16.0,3.12,9.42,0.0,0.0
15.7,2.4,7.73,0.0,0.0
16.3,3.0,6.72,0.0,0.0
12.4,5.52,4.19,0.0,0.0
14.3,0.96,4.04,0.0,0.0
13.0,0.24,2.68,0.0,0.0
7.6,2.52,1.02,0.0,0.0
7.6,2.16,0.85,0.0,0.0
4.9,0.36,0.51,0.0,0.0
8.5,0.0,0.79,0.0,0.0
4.3,0.6,0.39,0.0,0.0
7.5,0.24,0.48,0.0,0.0
15.4,18.36,1.23,0.0,0.0
10.8,13.56,2.12,0.0,73.6832
12.4,8.16,4.71,0.0,303.48900000000003
12.4,9.0,6.43,0.0,522.029
10.2,5.76,6.85,0.0,668.7339999999999
13.1,1.08,9.17,0.0,770.903
16.9,10.56,13.03,0.0,782.941
17.4,6.84,15.56,0.0,764.952
10.6,0.72,13.17,0.0,672.975
11.6,1.32,15.85,0.0,532.165
14.8,2.88,17.55,0.0,319.907
11.4,4.08,9.42,0.0,73.1518
12.0,2.76,7.46,0.0,0.0
18.5,2.28,10.89,0.0,0.0
13.0,3.24,5.47,0.0,0.0
13.7,1.44,4.51,0.0,0.0
13.2,0.96,3.62,0.0,0.0
6.2,1.08,1.19,0.0,0.0
5.7,0.12,0.93,0.0,0.0
9.5,0.48,0.9,0.0,0.0
5.6,0.0,0.69,0.0,0.0
4.9,0.12,0.49,0.0,0.0
8.5,0.0,0.53,0.0,0.0
8.8,0.72,0.58,0.0,0.0
10.6,3.96,0.61,0.0,0.0
12.9,12.6,1.93,0.0,71.0452
10.2,4.92,3.38,0.0,250.298
12.0,17.88,5.28,0.0,418.792
7.6,7.32,4.21,0.0,436.651
9.9,8.4,7.03,0.0,648.379
13.0,5.52,10.13,0.0,766.169
13.0,3.24,11.21,0.0,678.737
9.3,2.88,8.75,0.0,465.92800000000005
9.7,1.08,8.95,0.0,341.923
13.5,1.44,11.0,0.0,216.116
12.4,5.28,7.73,0.0,32.1287
13.3,6.24,6.92,0.0,0.0
16.8,1.32,8.2,0.0,0.0
13.4,1.2,5.18,0.0,0.0
14.5,4.32,5.01,0.0,0.0
13.7,1.08,3.9,0.0,0.0
11.4,1.2,2.39,0.0,0.0
7.3,0.24,0.9,0.0,0.0
5.6,0.24,0.79,0.0,0.0
7.4,0.48,0.73,0.0,0.0
8.2,0.0,0.66,0.0,0.0
9.9,0.0,0.79,0.0,0.0
5.8,3.48,0.4,0.0,0.0
11.4,1.08,0.72,0.0,0.0
10.8,7.8,2.21,0.0,73.0086
8.5,4.92,4.37,0.0,291.719
8.1,24.96,6.52,0.0,491.641
8.7,11.4,8.18,0.0,640.659
9.0,3.36,9.12,0.0,736.686
7.8,1.92,10.18,0.0,761.5319999999999
16.2,6.96,17.82,0.0,721.201
13.1,1.08,18.19,0.0,640.684
12.1,4.32,19.54,0.0,505.687
8.4,7.08,15.0,0.0,313.513
13.7,2.76,13.63,0.0,72.3013
15.6,3.72,12.74,0.0,0.0
16.6,3.48,12.02,0.0,0.0
15.5,2.76,9.19,0.0,0.0
10.2,1.68,4.57,0.0,0.0
15.0,2.64,5.46,0.0,0.0
11.5,0.96,3.08,0.0,0.0
10.5,0.24,2.29,0.0,0.0
7.4,2.64,1.16,0.0,0.0
6.3,0.72,0.86,0.0,0.0
7.5,0.12,0.95,0.0,0.0
4.9,0.0,0.69,0.0,0.0
7.4,2.4,0.81,0.0,0.0
8.4,0.96,1.11,0.0,0.0
10.1,10.44,2.82,0.0,70.8087
14.7,24.0,8.04,0.0,288.09
7.5,13.2,7.48,0.0,498.926
10.5,12.6,10.31,0.0,658.9680000000001
13.0,4.08,12.65,0.0,771.6489999999999
13.2,5.4,14.27,0.0,821.3480000000001
15.2,6.0,17.05,0.0,798.592
10.8,5.28,15.66,0.0,710.34
10.6,1.08,16.23,0.0,556.884
13.1,0.96,16.42,0.0,336.345
9.4,3.36,8.35,0.0,81.0597
13.6,3.48,8.62,0.0,0.0
19.7,2.52,11.88,0.0,0.0
16.3,13.56,7.65,0.0,0.0
18.5,5.4,8.06,0.0,0.0
7.5,1.56,2.05,0.0,0.0
15.3,1.92,4.28,0.0,0.0
8.4,0.36,1.2,0.0,0.0
7.0,2.04,0.77,0.0,0.0
9.4,0.12,0.94,0.0,0.0
5.9,0.12,0.59,0.0,0.0
8.8,0.24,0.66,0.0,0.0
11.5,0.48,0.82,0.0,0.0
11.4,1.56,0.79,0.0,0.0
15.4,30.72,3.11,0.0,74.7947
11.1,6.96,4.35,0.0,303.995
11.4,14.28,6.16,0.0,522.0840000000001
9.0,6.24,6.48,0.0,684.924
8.8,12.24,7.35,0.0,784.307
10.8,6.72,9.68,0.0,820.578
10.2,0.48,10.97,0.0,795.329
10.8,1.08,13.04,0.0,693.8
9.8,1.08,13.25,0.0,540.616
8.3,1.68,10.98,0.0,322.909
13.0,4.56,9.47,0.0,74.3857
13.6,1.56,7.58,0.0,0.0
16.7,4.2,8.34,0.0,0.0
13.8,3.12,5.36,0.0,0.0
18.2,3.96,6.56,0.0,0.0
20.4,0.96,7.12,0.0,0.0
13.2,0.36,2.88,0.0,0.0
5.9,0.24,0.81,0.0,0.0
10.0,0.48,1.2,0.0,0.0
7.8,0.12,0.87,0.0,0.0
9.9,0.36,0.96,0.0,0.0
6.9,0.36,0.73,0.0,0.0
13.7,0.36,1.13,0.0,0.0
12.3,5.76,1.04,0.0,0.0
12.6,9.84,2.89,0.0,74.1742
12.2,6.96,5.13,0.0,296.976
7.7,4.2,4.86,0.0,500.706
15.5,5.28,9.61,0.0,654.702
11.2,3.84,7.89,0.0,747.487
12.2,5.4,9.85,0.0,770.949
13.5,5.64,13.34,0.0,682.8530000000001
13.0,1.92,15.58,0.0,648.305
11.6,10.56,16.82,0.0,516.505
9.2,3.96,13.62,0.0,317.161
10.6,2.76,9.86,0.0,77.9002
13.0,4.8,9.56,0.0,0.0
9.5,2.64,5.56,0.0,0.0
13.0,4.68,6.04,0.0,0.0
15.9,1.2,6.92,0.0,0.0
10.6,0.72,3.48,0.0,0.0
12.1,1.44,3.42,0.0,0.0
7.7,0.84,1.6,0.0,0.0
9.6,0.24,1.82,0.0,0.0
9.8,0.12,1.37,0.0,0.0
13.4,0.24,2.13,0.0,0.0
6.4,0.6,0.8,0.0,0.0
10.7,1.44,1.17,0.0,0.0
13.0,4.56,1.8,0.0,0.0
10.9,15.24,4.14,0.0,70.0337
11.7,10.32,8.66,0.0,279.705
14.0,15.6,14.35,0.0,474.675
14.9,21.72,17.97,0.0,620.909
8.5,12.0,15.63,0.0,707.015
10.3,0.12,20.6,0.0,735.315
14.9,0.6,29.84,0.0,710.065
10.7,3.84,28.65,0.0,634.211
7.4,0.36,25.85,0.0,492.795
7.6,2.4,24.13,0.0,290.869
10.3,4.68,22.72,0.0,64.1357
16.5,4.44,27.44,0.0,0.0
17.3,1.2,25.74,0.0,0.0
14.2,3.12,19.44,0.0,0.0
9.7,1.32,12.69,0.0,0.0
12.0,0.96,13.55,0.0,0.0
8.3,0.6,8.45,0.0,0.0
6.4,2.52,6.2,0.0,0.0
8.0,0.48,6.51,0.0,0.0
7.5,1.8,5.51,0.0,0.0
7.5,0.0,4.96,0.0,0.0
5.9,0.12,3.58,0.0,0.0
10.3,3.24,5.77,0.0,0.0
10.5,13.92,6.02,0.0,0.0
11.6,14.76,12.41,0.0,70.607
12.2,3.72,17.86,0.0,279.154
12.0,12.12,20.46,0.0,472.422
9.7,10.92,18.4,0.0,443.256
10.1,2.4,22.48,0.0,668.4169999999999
19.1,3.36,36.54,0.0,630.178
13.8,6.24,32.61,0.0,694.419
12.7,1.08,34.09,0.0,616.112
12.3,3.36,34.22,0.0,473.352
9.6,1.56,28.63,0.0,272.887
10.5,3.48,23.72,0.0,55.6648
13.4,4.68,24.4,0.0,0.0
19.1,3.6,29.33,0.0,0.0
11.1,3.0,17.57,0.0,0.0
16.4,2.64,23.42,0.0,0.0
11.7,2.04,15.67,0.0,0.0
11.7,0.96,12.71,0.0,0.0
13.0,0.12,11.56,0.0,0.0
9.9,0.96,6.65,0.0,0.0
10.3,0.36,5.24,0.0,0.0
7.1,0.24,2.81,0.0,0.0
6.5,0.12,2.19,0.0,0.0
7.9,0.72,2.13,0.0,0.0
9.6,0.48,2.57,0.0,0.0
8.2,9.72,4.64,0.0,75.2237
10.5,10.44,7.88,0.0,298.605
13.4,10.56,11.11,0.0,505.36
7.8,17.76,8.73,0.0,651.433
6.4,13.08,8.04,0.0,749.753
12.6,5.16,13.13,0.0,754.0830000000001
17.2,3.12,18.61,0.0,724.966
11.6,2.52,17.45,0.0,647.077
11.4,7.8,20.0,0.0,503.663
12.8,3.72,20.33,0.0,305.436
13.4,10.32,16.2,0.0,74.9805
11.4,5.76,11.82,0.0,0.0
25.3,0.6,23.3,0.0,0.0
14.7,1.32,10.53,0.0,0.0
11.4,0.72,6.44,0.0,0.0
8.7,1.8,3.86,0.0,0.0
8.9,1.2,3.13,0.0,0.0
7.4,0.72,2.13,0.0,0.0
8.5,1.68,2.03,0.0,0.0
8.2,0.6,1.62,0.0,0.0
5.8,0.72,1.17,0.0,0.0
5.7,0.0,0.99,0.0,0.0
10.8,1.56,1.57,0.0,0.0
9.8,0.72,1.59,0.0,0.0
13.6,7.92,5.62,0.0,79.5015
11.7,4.8,8.05,0.0,250.072
9.2,10.8,9.39,0.0,461.151
9.5,12.24,11.23,0.0,643.59
11.1,9.24,14.2,0.0,733.4119999999999
13.3,2.52,17.51,0.0,688.07
11.2,2.76,18.6,0.0,711.549
10.8,6.72,21.77,0.0,630.641
9.9,1.68,18.46,0.0,294.621
12.1,5.4,18.49,0.0,112.137
11.1,4.68,16.73,0.0,16.7746
12.9,4.08,18.64,0.0,0.0
16.1,4.44,21.25,0.0,0.0
11.4,7.44,14.11,0.0,0.0
9.7,0.84,11.31,0.0,0.0
12.2,1.56,13.19,0.0,0.0
7.7,0.84,8.25,0.0,0.0
10.7,0.6,10.28,0.0,0.0
6.3,0.0,6.56,0.0,0.0
9.9,0.36,9.14,0.0,0.0
7.4,0.0,6.68,0.0,0.0
7.7,0.0,6.69,0.0,0.0
6.6,0.72,5.66,0.0,0.0
12.6,0.96,10.48,0.0,0.0
13.6,15.0,12.78,0.0,54.3573
8.1,27.0,9.71,0.0,167.535
8.5,4.8,13.31,0.0,332.64300000000003
9.9,19.32,15.92,0.0,219.123
11.1,3.0,18.56,0.0,310.858
11.3,2.52,20.8,0.0,329.151
11.5,4.44,25.07,0.0,360.843
9.9,10.32,21.74,0.0,368.149
16.1,0.6,23.71,0.0,168.41099999999997
11.7,0.96,11.24,0.0,54.4448
11.1,2.16,9.68,0.0,6.67052
14.5,5.16,13.7,0.0,0.0
15.9,1.92,13.54,0.0,0.0
13.9,7.32,9.6,0.0,0.0
18.0,2.16,12.59,0.0,0.0
15.6,1.2,9.17,0.0,0.0
9.9,3.0,4.46,0.0,0.0
9.2,1.44,3.62,0.0,0.0
6.7,1.8,2.25,0.0,0.0
7.0,0.36,1.85,0.0,0.0
10.7,0.12,2.8,0.0,0.0
8.3,0.6,1.62,0.0,0.0
9.8,1.68,1.71,0.0,0.0
11.1,1.2,2.29,0.0,0.0
13.4,22.68,7.28,0.0,80.9732
11.7,5.52,10.47,0.0,298.874
12.7,20.88,14.26,0.0,496.544
6.7,13.44,11.26,0.0,641.784
12.2,7.68,16.48,0.0,721.9069999999999
11.0,4.2,18.76,0.0,738.824
12.0,1.32,22.18,0.0,739.172
14.8,2.28,29.33,0.0,648.444
13.8,0.6,30.13,0.0,514.248
8.3,2.64,22.84,0.0,309.73400000000004
11.5,0.6,21.29,0.0,81.8796
11.8,1.32,18.57,0.0,0.0
11.4,1.32,16.5,0.0,0.0
16.3,3.96,19.77,0.0,0.0
18.9,2.28,20.67,0.0,0.0
12.9,1.2,12.17,0.0,0.0
9.1,2.52,7.39,0.0,0.0
16.8,0.72,12.61,0.0,0.0
6.6,1.2,3.69,0.0,0.0
6.5,0.84,3.22,0.0,0.0
10.9,0.24,5.3,0.0,0.0
7.1,0.12,2.74,0.0,0.0
9.5,0.48,3.14,0.0,0.0
11.0,2.64,4.13,0.0,0.0
11.3,11.28,7.98,0.0,82.2163
8.5,2.64,9.56,0.0,305.944
7.5,3.0,10.31,0.0,514.908
10.5,5.76,12.14,0.0,664.628
11.4,15.6,13.91,0.0,742.9169999999999
13.1,11.4,17.46,0.0,769.94
15.9,3.12,22.98,0.0,721.444
11.1,2.28,22.8,0.0,652.173
11.2,5.4,25.12,0.0,524.5169999999999
12.5,3.0,25.45,0.0,329.371
10.3,2.88,18.36,0.0,92.7848
15.3,1.32,20.19,0.0,0.0
12.5,2.04,15.81,0.0,0.0
12.7,5.64,13.12,0.0,0.0
12.8,3.84,10.67,0.0,0.0
13.2,1.68,8.65,0.0,0.0
15.9,0.84,9.12,0.0,0.0
12.1,0.6,5.55,0.0,0.0
7.9,0.36,2.82,0.0,0.0
13.5,2.16,4.83,0.0,0.0
9.4,0.0,2.57,0.0,0.0
6.2,0.36,1.51,0.0,0.0
9.5,0.48,2.34,0.0,0.0
14.3,1.32,4.71,0.0,0.0
10.3,11.4,7.38,0.0,82.0171
13.3,12.84,13.31,0.0,299.039
14.8,10.8,17.26,0.0,492.293
10.4,22.92,15.36,0.0,637.962
10.2,9.96,16.74,0.0,717.186
9.6,0.72,18.48,0.0,751.5210000000001
13.9,0.48,25.99,0.0,729.659
11.7,0.12,27.7,0.0,650.831
10.5,0.36,28.25,0.0,521.882
12.6,2.28,28.92,0.0,327.625
11.2,0.48,22.03,0.0,91.9798
13.4,2.4,20.96,0.0,0.0
14.7,2.04,20.33,0.0,0.0
17.5,3.84,21.33,0.0,0.0
14.9,5.04,16.36,0.0,0.0
11.0,1.2,10.06,0.0,0.0
12.5,0.96,9.52,0.0,0.0
10.6,0.36,7.04,0.0,0.0
8.4,1.2,5.06,0.0,0.0
5.4,0.24,2.66,0.0,0.0
6.3,0.0,2.3,0.0,0.0
5.5,0.0,1.9,0.0,0.0
10.5,5.52,4.02,0.0,0.0
11.4,19.08,5.42,0.0,0.0
13.7,15.96,12.48,0.0,82.8574
10.5,6.0,15.18,0.0,297.332
11.7,13.68,19.23,0.0,493.31
15.5,6.84,25.66,0.0,635.967
13.4,4.2,25.58,0.0,729.257
13.6,5.4,28.44,0.0,748.8639999999999
15.8,7.44,34.22,0.0,731.235
15.2,1.92,37.2,0.0,652.393
15.4,0.6,38.25,0.0,516.163
12.4,0.96,32.65,0.0,315.982
14.2,3.36,30.11,0.0,80.2714
10.1,2.28,22.03,0.0,0.0
16.0,2.64,26.99,0.0,0.0
14.2,7.92,22.93,0.0,0.0
14.8,0.48,22.28,0.0,0.0
11.2,0.24,15.78,0.0,0.0
9.5,0.96,12.48,0.0,0.0
9.2,0.24,10.82,0.0,0.0
5.6,0.36,6.73,0.0,0.0
10.1,0.24,10.04,0.0,0.0
6.8,0.12,6.37,0.0,0.0
7.5,0.0,7.02,0.0,0.0
8.7,2.28,8.15,0.0,0.0
14.7,1.32,14.12,0.0,0.0
12.4,9.96,17.22,0.0,82.6879
10.6,1.8,15.32,0.0,202.778
12.8,10.8,23.53,0.0,388.894
7.5,13.56,20.59,0.0,480.949
11.5,3.0,29.99,0.0,519.366
25.4,13.44,48.97,0.0,699.905
13.5,4.2,36.61,0.0,711.1610000000001
11.3,3.48,37.24,0.0,630.8380000000001
16.9,0.72,44.35,0.0,486.214
12.2,3.72,35.77,0.0,295.456
13.0,2.52,31.8,0.0,71.985
15.5,9.36,31.54,0.0,0.0
15.1,0.96,28.59,0.0,0.0
15.6,8.04,26.73,0.0,0.0
19.6,0.72,29.42,0.0,0.0
11.6,1.44,17.16,0.0,0.0
12.2,2.16,16.67,0.0,0.0
12.8,0.6,16.4,0.0,0.0
6.0,1.44,8.59,0.0,0.0
8.2,0.24,10.75,0.0,0.0
8.6,0.12,10.72,0.0,0.0
7.3,0.12,9.02,0.0,0.0
7.4,0.24,8.1,0.0,0.0
6.4,0.36,7.41,0.0,0.0
8.5,1.44,11.5,0.0,77.7449
9.0,5.88,15.94,0.0,208.974
9.8,7.56,21.58,0.0,350.384
7.1,12.12,19.73,0.0,349.88300000000004
9.7,11.76,27.06,0.0,460.847
12.9,2.88,30.48,0.0,321.195
12.7,4.32,27.81,0.0,144.369
10.8,3.6,25.05,0.0,163.282
13.2,2.52,28.25,0.0,135.851
7.9,6.24,20.12,0.0,68.0749
15.8,3.96,30.17,0.0,11.3354
15.0,5.16,28.14,0.0,0.0
9.8,2.04,19.52,0.0,0.0
14.8,3.96,25.39,0.0,0.0
18.6,3.48,29.58,0.0,0.0
12.1,0.72,19.33,0.0,0.0
8.2,0.48,13.65,0.0,0.0
7.6,0.84,12.3,0.0,0.0
7.0,0.12,10.8,0.0,0.0
5.1,0.48,8.47,0.0,0.0
5.3,0.12,8.44,0.0,0.0
6.3,0.6,9.08,0.0,0.0
9.4,0.84,12.06,0.0,0.0
9.9,1.08,12.77,0.0,0.0
10.6,8.04,14.23,0.0,23.5371
9.8,22.92,13.58,0.0,100.288
10.3,12.0,17.15,0.0,196.135
11.5,10.32,21.24,0.0,241.002
11.7,6.48,20.07,0.0,167.94799999999998
8.1,0.96,14.66,0.0,142.41299999999998
13.7,5.76,21.5,0.0,94.6446
12.0,9.96,16.49,0.0,33.6854
11.1,1.8,14.3,0.0,40.2508
9.5,3.24,11.17,0.0,19.6586
9.9,1.8,12.94,0.0,0.686241
13.3,2.52,19.07,0.0,0.0
13.7,7.2,18.36,0.0,0.0
17.0,8.04,22.26,0.0,0.0
15.8,0.72,20.08,0.0,0.0
18.0,0.96,22.17,0.0,0.0
7.5,1.32,8.3,0.0,0.0
9.2,1.8,9.73,0.0,0.0
5.9,0.6,6.82,0.0,0.0
5.7,0.24,6.5,0.0,0.0
7.1,0.12,7.44,0.0,0.0
7.6,0.24,7.12,0.0,0.0
12.5,1.68,11.25,0.0,0.0
11.0,3.36,10.71,0.0,0.0
12.6,19.2,17.32,0.0,86.8447
9.9,6.72,12.53,0.0,134.195
8.9,19.68,13.14,0.0,256.384
10.1,4.92,14.23,0.0,108.396
9.3,18.24,14.64,0.0,194.188
7.4,2.64,10.72,0.0,111.411
10.9,0.36,14.1,0.0,48.0727
10.6,1.32,16.09,0.0,99.8401
10.0,0.48,15.99,0.0,68.6425
7.3,0.84,12.98,0.0,18.3666
11.7,2.76,21.98,0.0,0.0
14.5,11.4,27.69,0.0,0.0
14.5,3.84,24.77,0.0,0.0
14.6,3.12,22.52,0.0,0.0
11.6,1.56,16.66,0.0,0.0
13.2,0.6,16.46,0.0,0.0
12.3,0.96,11.7,0.0,0.0
12.1,0.24,8.69,0.0,0.0
7.6,0.36,3.87,0.0,0.0
9.8,0.36,4.0,0.0,0.0
6.7,0.24,1.91,0.0,0.0
10.2,0.12,2.33,0.0,0.0
12.7,0.24,2.59,0.0,0.0
14.7,4.32,2.95,0.0,0.0
12.1,10.92,2.09,0.0,1.78079
13.1,4.92,2.36,0.0,36.1475
11.9,1.8,3.62,0.0,302.957
13.2,2.16,5.83,0.0,428.49
10.1,13.32,6.47,0.0,721.7439999999999
14.0,7.44,10.04,0.0,822.427
9.2,7.8,9.28,0.0,802.959
12.2,0.12,12.08,0.0,625.975
14.6,3.96,17.22,0.0,557.909
10.8,0.96,13.49,0.0,342.19800000000004
16.9,6.24,15.73,0.0,95.7512
15.4,2.4,11.61,0.0,0.0
14.1,3.6,9.22,0.0,0.0
13.2,7.68,7.55,0.0,0.0
17.1,11.16,9.74,0.0,0.0
15.2,1.44,7.14,0.0,0.0
16.2,0.36,6.7,0.0,0.0
11.9,1.44,3.67,0.0,0.0
6.7,1.08,1.21,0.0,0.0
5.3,0.72,0.8,0.0,0.0
7.5,0.0,1.07,0.0,0.0
5.4,2.76,0.78,0.0,0.0
10.0,0.12,0.92,0.0,0.0
10.9,3.12,1.41,0.0,0.0
12.0,11.88,4.65,0.0,101.878
9.6,13.08,7.29,0.0,326.54
17.1,12.6,14.41,0.0,527.849
13.6,28.68,13.34,0.0,672.008
9.2,5.28,11.94,0.0,768.2810000000001
11.3,0.84,15.8,0.0,805.329
14.1,0.12,20.76,0.0,780.388
12.3,1.68,23.24,0.0,692.672
10.4,2.04,23.73,0.0,548.575
8.6,0.72,20.99,0.0,336.319
11.4,0.36,18.68,0.0,96.7164
11.0,3.24,14.38,0.0,0.0
16.3,2.64,17.59,0.0,0.0
13.6,4.56,12.82,0.0,0.0
15.7,1.08,13.63,0.0,0.0
11.8,1.92,8.32,0.0,0.0
11.5,0.48,6.52,0.0,0.0
7.3,1.92,3.08,0.0,0.0
8.7,2.16,2.46,0.0,0.0
12.7,0.12,3.26,0.0,0.0
6.8,0.0,1.24,0.0,0.0
6.4,0.36,1.03,0.0,0.0
8.8,3.72,1.24,0.0,0.0
12.2,19.92,2.01,0.0,0.0
10.3,13.08,4.25,0.0,104.794
10.3,21.12,6.75,0.0,337.411
14.6,6.24,10.71,0.0,545.6659999999999
10.0,6.84,8.99,0.0,691.0210000000001
13.6,6.12,11.26,0.0,785.3480000000001
22.1,7.56,18.56,0.0,807.752
13.8,1.32,14.85,0.0,788.6189999999999
14.6,7.8,18.85,0.0,701.785
10.3,0.36,17.38,0.0,551.947
11.0,2.28,17.9,0.0,343.305
13.5,3.84,16.52,0.0,100.38
13.7,6.48,12.68,0.0,0.0
18.3,3.96,14.56,0.0,0.0
17.8,1.68,12.31,0.0,0.0
11.5,1.08,6.24,0.0,0.0
11.6,0.36,5.42,0.0,0.0
9.6,0.36,3.41,0.0,0.0
10.6,0.12,2.96,0.0,0.0
8.0,0.48,1.52,0.0,0.0
9.4,0.24,1.43,0.0,0.0
7.7,0.24,0.89,0.0,0.0
8.5,0.24,1.03,0.0,0.0
7.1,1.44,0.79,0.0,0.0
11.0,1.56,1.32,0.0,0.0
13.3,11.52,5.33,0.0,103.875
13.1,3.72,9.77,0.0,318.289
8.0,16.92,9.43,0.0,506.391
6.7,16.92,9.28,0.0,670.623
10.9,5.4,12.21,0.0,734.934
11.6,13.92,14.58,0.0,794.232
14.2,4.8,19.17,0.0,744.508
14.2,4.44,23.87,0.0,657.345
11.4,0.72,24.13,0.0,506.73
10.9,3.96,22.97,0.0,344.17800000000005
11.7,1.92,17.81,0.0,105.004
9.5,11.64,11.4,0.0,0.0
10.4,1.44,10.46,0.0,0.0
13.8,8.76,11.39,0.0,0.0
17.6,1.56,12.77,0.0,0.0
11.6,0.48,6.35,0.0,0.0
7.6,0.72,3.41,0.0,0.0
9.1,1.32,3.47,0.0,0.0
8.8,0.0,2.5,0.0,0.0
5.7,0.36,1.1,0.0,0.0
6.7,0.36,1.2,0.0,0.0
7.0,0.24,1.05,0.0,0.0
8.4,2.64,0.99,0.0,0.0
10.4,0.36,1.63,0.0,0.0
11.1,4.56,5.28,0.0,106.595
11.1,13.56,9.73,0.0,324.376
9.8,8.76,11.97,0.0,520.325
8.2,4.68,11.62,0.0,673.903
11.1,6.96,14.31,0.0,689.439
13.4,1.8,16.95,0.0,568.057
11.0,8.28,18.57,0.0,643.01
13.3,3.36,26.47,0.0,666.944
13.9,1.8,29.07,0.0,518.091
7.8,3.96,20.62,0.0,317.636
10.8,5.28,19.89,0.0,85.4768
20.0,5.16,27.95,0.0,0.0
14.7,2.4,19.38,0.0,0.0
16.4,3.96,19.78,0.0,0.0
13.5,3.48,15.3,0.0,0.0
12.6,3.12,12.33,0.0,0.0
6.6,2.64,6.01,0.0,0.0
6.8,0.48,6.53,0.0,0.0
9.2,0.48,8.36,0.0,0.0
7.9,0.36,7.32,0.0,0.0
10.1,0.12,8.92,0.0,0.0
7.1,0.12,6.02,0.0,0.0
12.0,1.92,9.81,0.0,0.0
10.5,6.0,9.63,0.0,0.0
12.4,18.84,15.3,0.0,83.7434
8.4,5.52,12.94,0.0,209.607
10.2,21.36,19.65,0.0,360.692
8.0,1.32,21.28,0.0,480.39
10.1,2.04,26.67,0.0,528.048
13.9,1.44,33.63,0.0,467.9380000000001
14.5,2.52,36.04,0.0,452.565
9.2,0.72,29.53,0.0,472.506
13.5,2.28,29.79,0.0,81.9661
11.0,1.08,26.98,0.0,90.0994
12.2,1.2,29.58,0.0,78.83
14.7,1.32,30.93,0.0,0.0
9.3,6.0,22.58,0.0,0.0
12.4,2.04,25.3,0.0,0.0
15.5,2.04,27.88,0.0,0.0
10.8,1.2,19.91,0.0,0.0
9.0,0.6,16.16,0.0,0.0
6.3,0.12,11.89,0.0,0.0
6.9,0.0,10.03,0.0,0.0
5.8,0.48,6.46,0.0,0.0
9.1,0.36,7.68,0.0,0.0
10.2,0.48,7.49,0.0,0.0
8.7,0.84,5.36,0.0,0.0
9.9,9.6,6.72,0.0,0.0
12.3,7.08,13.39,0.0,112.946
12.5,8.76,15.17,0.0,340.244
10.6,13.32,14.13,0.0,543.681
12.9,3.24,16.29,0.0,684.2810000000001
10.0,2.28,14.42,0.0,764.383
11.5,4.56,17.93,0.0,794.712
9.0,0.48,18.34,0.0,771.138
13.0,3.6,25.75,0.0,680.393
8.4,2.04,23.09,0.0,536.633
7.3,3.12,21.93,0.0,337.504
10.7,8.16,21.03,0.0,107.03
14.8,0.84,21.27,0.0,0.0
14.2,1.68,18.77,0.0,0.0
12.9,2.04,14.29,0.0,0.0
8.7,1.56,8.27,0.0,0.0
9.4,2.04,7.44,0.0,0.0
7.8,3.36,5.5,0.0,0.0
8.6,0.6,5.22,0.0,0.0
5.9,0.24,3.25,0.0,0.0
7.9,0.24,3.82,0.0,0.0
5.9,1.32,3.06,0.0,0.0
7.3,0.36,3.83,0.0,0.0
8.9,4.68,4.77,0.0,0.0
9.6,5.4,5.58,0.0,0.0
12.9,21.36,7.94,0.0,16.4946
10.1,15.48,6.67,0.0,42.7043
10.8,1.32,8.91,0.0,191.336
13.7,7.68,12.46,0.0,144.16899999999998
8.0,7.08,9.99,0.0,202.546
15.8,1.56,22.17,0.0,148.314
10.6,0.96,18.44,0.0,203.651
15.2,0.72,27.04,0.0,184.15
12.4,1.56,21.7,0.0,68.9768
7.6,0.72,16.55,0.0,102.398
12.3,0.84,25.47,0.0,83.9657
12.8,2.04,24.64,0.0,0.0
13.5,3.84,24.61,0.0,0.0
12.7,9.48,22.35,0.0,0.0
12.0,1.8,20.83,0.0,0.0
11.6,0.6,17.02,0.0,0.0
12.4,0.24,14.76,0.0,0.0
5.0,0.12,5.55,0.0,0.0
9.4,0.24,7.4,0.0,0.0
10.0,0.12,6.59,0.0,0.0
9.2,0.12,4.99,0.0,0.0
9.2,0.24,4.42,0.0,0.0
8.1,0.36,3.57,0.0,0.0
12.7,5.88,6.91,0.0,0.0
10.3,12.12,10.02,0.0,116.034
10.7,27.24,13.71,0.0,333.631
11.1,7.08,14.64,0.0,534.957
10.7,2.28,13.76,0.0,668.23
9.6,1.2,13.94,0.0,744.607
12.0,2.64,18.56,0.0,775.78
9.9,0.36,20.13,0.0,735.029
9.5,2.52,24.13,0.0,666.345
9.9,0.36,27.12,0.0,528.077
7.0,2.4,24.31,0.0,337.587
11.6,0.6,26.06,0.0,104.482
10.0,3.12,20.27,0.0,0.0
12.2,2.64,20.75,0.0,0.0
15.2,1.92,21.57,0.0,0.0
10.5,3.0,14.0,0.0,0.0
11.4,0.12,12.8,0.0,0.0
12.2,0.36,11.43,0.0,0.0
3.9,0.48,3.76,0.0,0.0
6.9,0.24,4.54,0.0,0.0
6.5,0.24,3.5,0.0,0.0
10.0,0.36,4.82,0.0,0.0
10.2,1.08,4.57,0.0,0.0
9.3,4.2,3.36,0.0,0.0
12.0,6.36,5.78,0.0,0.0
15.2,11.04,13.93,0.0,116.771
11.3,6.6,15.59,0.0,327.781
10.1,10.2,16.88,0.0,512.422
8.5,22.68,16.23,0.0,642.158
10.8,4.44,20.2,0.0,727.735
12.2,3.72,24.83,0.0,766.035
11.1,5.76,26.69,0.0,727.535
13.3,1.32,33.12,0.0,647.602
10.5,1.8,32.05,0.0,513.575
10.3,1.56,31.3,0.0,319.716
13.5,2.64,31.14,0.0,97.8917
11.9,6.24,25.67,0.0,0.0
15.6,2.04,27.82,0.0,0.0
10.8,2.16,18.92,0.0,0.0
9.8,1.56,15.78,0.0,0.0
10.5,2.4,14.59,0.0,0.0
15.4,1.44,18.37,0.0,0.0
3.8,0.24,5.23,0.0,0.0
7.1,0.96,6.36,0.0,0.0
5.1,0.0,3.98,0.0,0.0
3.9,0.12,3.01,0.0,0.0
9.6,0.24,4.73,0.0,0.0
8.2,0.84,3.94,0.0,0.0
11.0,4.8,7.93,0.0,0.0
13.8,7.2,15.64,0.0,119.739
10.8,8.16,16.93,0.0,333.898
8.0,14.16,16.75,0.0,524.795
7.5,18.12,16.79,0.0,661.475
8.7,3.0,19.22,0.0,748.318
10.8,2.52,24.15,0.0,751.704
9.3,1.56,25.34,0.0,746.8480000000001
8.2,5.64,27.79,0.0,663.058
11.8,4.68,32.86,0.0,529.4590000000001
7.3,5.64,26.66,0.0,339.27
10.4,1.08,26.06,0.0,105.354
9.6,0.6,21.13,0.0,0.0
13.5,2.16,23.13,0.0,0.0
14.1,2.76,21.1,0.0,0.0
13.0,2.76,17.91,0.0,0.0
13.0,2.4,16.1,0.0,0.0
7.3,0.12,8.25,0.0,0.0
7.5,1.56,6.87,0.0,0.0
7.0,0.12,5.51,0.0,0.0
7.6,0.12,5.45,0.0,0.0
7.9,0.24,5.04,0.0,0.0
5.8,0.24,3.5,0.0,0.0
10.0,0.96,5.94,0.0,0.0
12.6,1.08,9.69,0.0,0.0
13.2,4.8,15.76,0.0,120.059
11.1,17.16,14.76,0.0,263.19
9.6,13.32,13.95,0.0,346.50199999999995
11.0,11.28,17.8,0.0,358.141
11.9,10.8,23.29,0.0,538.956
12.1,12.84,26.88,0.0,683.148
10.3,6.48,27.05,0.0,644.275
8.6,0.96,27.38,0.0,568.031
12.6,5.04,33.3,0.0,473.394
8.5,4.44,27.15,0.0,298.687
13.7,6.24,30.38,0.0,84.6765
21.6,4.2,37.68,0.0,0.0
16.8,5.04,30.2,0.0,0.0
19.8,2.28,32.71,0.0,0.0
16.0,1.2,26.78,0.0,0.0
12.1,0.96,20.42,0.0,0.0
10.6,1.32,17.38,0.0,0.0
6.4,0.36,11.3,0.0,0.0
5.6,0.36,10.11,0.0,0.0
4.1,0.48,8.33,0.0,0.0
7.2,0.12,11.16,0.0,0.0
7.8,0.24,12.1,0.0,0.0
6.9,1.56,10.94,0.0,0.0
15.3,9.6,23.74,0.0,0.0
10.6,7.56,22.58,0.0,121.498
10.9,9.48,23.22,0.0,218.679
12.5,15.36,27.28,0.0,316.628
12.6,2.04,28.03,0.0,257.761
9.5,3.48,26.68,0.0,441.765
11.9,4.92,33.11,0.0,642.3580000000001
11.6,4.32,33.86,0.0,514.045
10.4,1.68,31.37,0.0,418.923
14.2,0.48,33.2,0.0,251.549
8.3,0.84,21.88,0.0,32.1761
13.2,0.96,29.28,0.0,4.64764
11.9,5.16,27.49,0.0,0.0
15.3,4.32,30.48,0.0,0.0
16.2,1.92,29.76,0.0,0.0
14.9,3.0,27.49,0.0,0.0
11.9,0.72,22.48,0.0,0.0
7.0,0.6,15.22,0.0,0.0
6.4,0.24,14.4,0.0,0.0
6.1,0.12,13.62,0.0,0.0
8.4,0.12,16.18,0.0,0.0
7.3,0.24,14.72,0.0,0.0
4.6,0.84,11.01,0.0,0.0
12.9,1.56,22.8,0.0,0.0
14.0,6.24,25.45,0.0,0.0
12.2,9.48,24.27,0.0,107.308
8.9,7.92,22.03,0.0,176.153
6.0,11.16,22.92,0.0,309.35200000000003
9.2,3.84,30.83,0.0,396.326
11.8,0.84,35.71,0.0,423.588
13.5,3.0,37.34,0.0,348.496
13.3,0.48,38.88,0.0,418.968
6.9,1.32,31.79,0.0,397.589
6.9,4.68,32.56,0.0,299.362
9.3,2.04,35.65,0.0,176.83
12.8,2.28,38.46,0.0,40.0075
11.9,3.24,33.95,0.0,0.0
11.8,5.64,32.38,0.0,0.0
14.3,2.4,35.59,0.0,0.0
8.7,2.16,25.47,0.0,0.0
8.4,0.6,23.52,0.0,0.0
4.9,0.24,17.64,0.0,0.0
6.5,0.6,19.55,0.0,0.0
6.6,0.24,19.12,0.0,0.0
7.9,2.4,20.82,0.0,0.0
5.7,0.24,17.08,0.0,0.0
9.2,0.36,22.27,0.0,0.0
12.3,3.24,27.8,0.0,0.0
10.8,9.0,24.64,0.0,0.0
10.0,24.84,22.14,0.0,16.6398
8.9,8.16,21.91,0.0,63.7078
11.8,4.68,30.89,0.0,190.2
9.6,7.92,28.59,0.0,181.283
10.9,11.16,30.91,0.0,205.672
14.7,1.44,36.81,0.0,207.841
12.8,0.36,34.25,0.0,256.525
8.6,2.52,28.66,0.0,240.802
10.6,0.48,31.68,0.0,201.664
10.4,2.16,30.88,0.0,86.2447
15.3,0.72,38.52,0.0,19.8529
11.7,4.56,30.97,0.0,0.0
11.1,2.28,29.47,0.0,0.0
11.2,6.6,29.35,0.0,0.0
10.5,2.52,26.56,0.0,0.0
7.9,0.84,21.84,0.0,0.0
5.5,0.72,17.76,0.0,0.0
5.2,0.24,17.18,0.0,0.0
8.0,0.24,22.0,0.0,0.0
5.8,0.0,18.21,0.0,0.0
6.9,0.0,19.87,0.0,0.0
11.2,0.12,25.35,0.0,0.0
9.4,1.44,19.44,0.0,0.0
10.1,15.36,18.03,0.0,0.0
16.2,8.4,24.61,0.0,7.22385
9.3,21.36,13.07,0.0,31.8147
11.4,2.76,16.37,0.0,55.5096
10.7,4.56,15.63,0.0,58.7991
11.8,3.12,17.72,0.0,103.934
10.5,4.92,15.76,0.0,117.758
13.7,0.6,19.65,0.0,76.1058
12.7,1.92,18.07,0.0,78.3599
7.8,0.6,11.3,0.0,61.3815
9.4,0.96,14.73,0.0,48.9273
9.9,1.08,16.54,0.0,10.4466
13.0,1.92,20.49,0.0,0.0
9.7,2.28,14.97,0.0,0.0
11.9,3.96,17.95,0.0,0.0
10.9,2.16,15.75,0.0,0.0
7.6,0.48,10.34,0.0,0.0
8.8,0.72,11.14,0.0,0.0
4.2,0.72,7.03,0.0,0.0
5.9,0.48,8.6,0.0,0.0
11.3,0.0,13.79,0.0,0.0
9.0,0.0,10.92,0.0,0.0
8.0,0.0,9.88,0.0,0.0
8.9,3.36,10.91,0.0,0.0
13.1,4.92,17.09,0.0,0.0
16.2,9.12,21.52,0.0,60.8753
9.8,7.92,14.09,0.0,140.231
12.5,11.88,20.51,0.0,215.596
10.7,9.48,19.3,0.0,241.134
12.9,4.08,23.73,0.0,212.701
14.7,3.0,25.7,0.0,155.33700000000002
11.3,3.24,22.21,0.0,286.548
12.3,1.2,23.75,0.0,158.907
11.8,1.32,25.47,0.0,212.569
10.9,0.72,28.3,0.0,271.911
14.5,0.96,30.96,0.0,75.8551
19.0,4.08,32.91,0.0,0.0
14.8,0.6,25.61,0.0,0.0
8.4,2.64,16.45,0.0,0.0
9.7,0.96,17.84,0.0,0.0
6.2,0.36,12.34,0.0,0.0
8.9,2.28,15.29,0.0,0.0
4.0,0.36,8.71,0.0,0.0
8.0,0.24,11.81,0.0,0.0
7.2,0.12,10.27,0.0,0.0
8.8,0.36,11.1,0.0,0.0
9.2,0.0,10.9,0.0,0.0
9.9,2.04,11.14,0.0,0.0
10.6,4.44,15.02,0.0,0.0
12.1,12.12,24.33,0.0,130.534
9.7,5.28,25.63,0.0,338.301
8.7,7.68,27.49,0.0,516.118
8.2,8.4,27.89,0.0,645.7230000000001
9.5,2.04,30.16,0.0,728.5269999999999
11.2,1.08,33.72,0.0,740.2260000000001
15.5,1.44,41.78,0.0,740.174
12.3,2.76,41.5,0.0,649.202
8.9,3.24,38.82,0.0,513.336
14.0,14.28,45.12,0.0,328.69699999999995
13.5,2.4,40.36,0.0,101.792
15.6,6.24,36.85,0.0,0.0
13.0,1.8,30.95,0.0,0.0
11.0,2.88,26.07,0.0,0.0
8.6,2.76,21.15,0.0,0.0
9.9,2.4,21.92,0.0,0.0
6.0,0.48,15.61,0.0,0.0
8.4,0.96,18.01,0.0,0.0
12.3,0.0,22.39,0.0,0.0
8.1,0.36,15.15,0.0,0.0
9.1,0.0,16.01,0.0,0.0
9.2,0.24,15.75,0.0,0.0
10.8,0.96,17.64,0.0,0.0
8.2,4.08,16.57,0.0,0.0
11.0,6.84,27.35,0.0,133.019
7.1,12.72,25.86,0.0,339.649
7.8,19.32,30.55,0.0,526.877
10.1,10.68,34.57,0.0,655.27
12.6,7.56,38.78,0.0,744.602
11.7,4.56,39.17,0.0,766.4110000000001
7.7,5.4,36.26,0.0,747.2639999999999
9.7,3.0,42.37,0.0,661.137
11.5,10.68,46.12,0.0,523.536
9.2,3.48,42.26,0.0,334.905
13.7,1.56,42.66,0.0,114.751
13.6,3.36,35.45,0.0,0.0
17.3,2.52,37.63,0.0,0.0
14.7,2.16,31.96,0.0,0.0
10.4,3.0,23.82,0.0,0.0
10.3,0.48,21.38,0.0,0.0
7.1,0.6,15.35,0.0,0.0
7.4,2.64,15.05,0.0,0.0
6.4,1.32,12.89,0.0,0.0
5.1,0.0,10.51,0.0,0.0
10.2,1.56,16.56,0.0,0.0
9.7,0.48,15.33,0.0,0.0
8.8,0.72,13.91,0.0,0.0
15.5,7.2,26.2,0.0,0.0
8.8,18.72,18.53,0.0,104.284
10.6,10.56,28.63,0.0,333.76300000000003
13.1,12.0,35.21,0.0,492.134
10.1,1.56,32.5,0.0,593.036
8.5,3.84,32.13,0.0,607.714
9.9,1.8,36.97,0.0,765.56
13.6,0.84,45.62,0.0,727.702
8.1,2.76,42.29,0.0,643.692
7.0,2.04,41.76,0.0,506.025
13.8,0.96,49.71,0.0,315.367
13.7,1.8,44.84,0.0,99.3283
13.8,2.04,38.41,0.0,0.0
14.9,2.88,37.76,0.0,0.0
13.5,3.0,34.16,0.0,0.0
17.6,4.56,37.81,0.0,0.0
9.5,0.24,24.39,0.0,0.0
6.3,0.72,18.99,0.0,0.0
9.4,0.96,21.66,0.0,0.0
5.0,0.12,12.85,0.0,0.0
7.8,0.12,16.1,0.0,0.0
8.3,3.0,16.11,0.0,0.0
6.9,0.6,13.13,0.0,0.0
6.7,2.64,12.76,0.0,0.0
12.3,6.24,23.58,0.0,0.0
11.4,11.4,26.84,0.0,140.372
6.1,11.4,22.13,0.0,255.634
9.3,11.88,30.53,0.0,377.06
11.6,9.72,35.78,0.0,519.012
10.6,6.96,36.27,0.0,582.883
10.2,2.28,37.66,0.0,600.186
10.4,1.08,38.83,0.0,472.216
7.3,2.16,33.13,0.0,272.965
9.7,3.72,35.46,0.0,154.115
8.4,0.6,33.91,0.0,90.6752
13.4,2.4,39.45,0.0,24.616
12.4,7.56,34.99,0.0,0.0
14.9,1.56,36.72,0.0,0.0
11.4,1.8,30.14,0.0,0.0
8.5,1.56,24.46,0.0,0.0
6.8,0.48,21.09,0.0,0.0
7.7,0.6,21.66,0.0,0.0
4.7,0.36,16.58,0.0,0.0
7.7,0.12,20.3,0.0,0.0
7.4,0.12,19.3,0.0,0.0
10.7,0.0,23.98,0.0,0.0
6.7,0.36,16.77,0.0,0.0
10.0,2.28,21.73,0.0,0.0
9.3,12.72,21.13,0.0,0.0
11.3,16.2,25.94,0.0,85.3675
9.1,7.08,26.66,0.0,208.374
7.9,3.72,30.76,0.0,366.789
11.8,13.2,39.72,0.0,472.611
9.5,4.08,36.03,0.0,469.469
13.0,4.2,41.73,0.0,303.842
14.6,0.36,48.26,0.0,582.064
9.5,1.32,43.91,0.0,569.762
11.9,7.92,46.3,0.0,418.204
12.3,1.08,43.95,0.0,222.706
17.2,3.48,47.48,0.0,65.7838
11.7,5.52,34.99,0.0,0.0
12.4,0.96,29.51,0.0,0.0
9.9,2.88,19.65,0.0,0.0
16.9,2.52,26.19,0.0,0.0
9.1,1.2,13.66,0.0,0.0
8.9,0.36,12.37,0.0,0.0
6.6,0.12,9.46,0.0,0.0
10.9,0.12,14.67,0.0,0.0
9.9,0.12,13.72,0.0,0.0
9.5,0.12,13.11,0.0,0.0
7.3,0.36,10.42,0.0,0.0
10.5,1.44,14.98,0.0,0.0
17.2,4.68,25.2,0.0,0.0
10.1,12.48,14.0,0.0,88.7925
9.7,22.32,12.53,0.0,59.7891
14.5,1.08,17.95,0.0,35.9317
11.3,2.64,13.31,0.0,31.0794
10.1,0.72,13.07,0.0,45.855
13.7,3.0,19.34,0.0,82.3483
12.4,0.24,18.6,0.0,114.994
12.6,0.6,24.48,0.0,328.515
10.8,1.44,27.25,0.0,427.1880000000001
9.9,1.32,22.54,0.0,167.021
13.4,1.8,26.35,0.0,47.8596
11.5,1.44,21.89,0.0,0.0
10.8,2.4,18.93,0.0,0.0
9.4,1.56,16.09,0.0,0.0
10.6,1.68,16.5,0.0,0.0
8.2,0.48,11.03,0.0,0.0
6.9,0.48,8.56,0.0,0.0
7.7,0.72,8.57,0.0,0.0
9.2,0.96,9.44,0.0,0.0
5.4,0.24,5.51,0.0,0.0
8.0,0.12,6.91,0.0,0.0
3.8,0.24,4.02,0.0,0.0
7.0,5.52,6.08,0.0,0.0
17.9,4.08,17.7,0.0,0.0
10.4,11.76,10.44,0.0,92.6638
10.9,1.68,10.94,0.0,101.912
10.5,6.84,12.97,0.0,177.78599999999997
9.8,23.64,16.99,0.0,369.385
11.5,3.96,19.45,0.0,301.71
12.1,2.52,17.1,0.0,198.067
13.2,1.56,16.34,0.0,172.377
11.3,0.48,12.1,0.0,136.143
8.1,3.48,8.0,0.0,50.908
10.4,2.88,10.52,0.0,61.7239
13.8,1.44,13.66,0.0,16.6544
15.2,6.0,12.77,0.0,0.0
9.9,2.52,6.64,0.0,0.0
10.9,1.44,6.49,0.0,0.0
9.3,1.2,4.63,0.0,0.0
6.0,0.72,2.62,0.0,0.0
7.7,1.32,2.88,0.0,0.0
9.6,1.56,3.26,0.0,0.0
5.9,0.36,1.64,0.0,0.0
8.0,0.12,1.86,0.0,0.0
11.2,0.36,2.86,0.0,0.0
8.8,0.36,1.82,0.0,0.0
6.2,0.12,1.15,0.0,0.0
11.0,5.88,3.13,0.0,0.0
9.8,12.48,5.15,0.0,153.41299999999998
6.3,9.48,4.38,0.0,333.385
8.6,15.36,6.77,0.0,489.311
9.7,7.2,8.37,0.0,639.992
11.1,2.52,9.9,0.0,782.635
11.7,3.6,11.08,0.0,806.783
9.6,1.44,11.71,0.0,828.3689999999999
12.7,9.48,17.76,0.0,741.047
9.4,4.92,17.09,0.0,599.933
14.0,12.96,21.41,0.0,392.145
12.2,4.68,16.02,0.0,141.918
10.4,1.2,8.44,0.0,0.0
15.4,1.68,10.29,0.0,0.0
11.8,0.84,6.26,0.0,0.0
8.9,0.84,3.93,0.0,0.0
10.1,0.6,3.67,0.0,0.0
5.3,0.24,1.39,0.0,0.0
11.7,2.52,2.61,0.0,0.0
7.6,0.12,1.16,0.0,0.0
8.8,0.12,1.2,0.0,0.0
5.5,0.12,0.79,0.0,0.0
9.6,0.12,1.05,0.0,0.0
8.8,1.32,0.98,0.0,0.0
13.6,0.72,2.46,0.0,0.0
8.3,8.52,3.49,0.0,165.785
9.8,20.04,5.75,0.0,402.246
11.7,18.12,8.34,0.0,601.935
9.4,7.2,7.66,0.0,726.123
12.7,11.76,10.1,0.0,797.3919999999999
10.1,4.92,9.94,0.0,816.073
12.2,7.2,13.28,0.0,781.9839999999999
13.5,4.68,18.3,0.0,705.0369999999999
6.5,2.76,14.97,0.0,562.2769999999999
9.1,4.2,18.16,0.0,368.765
9.6,2.88,15.04,0.0,136.211
15.0,1.2,14.45,0.0,0.0
17.7,0.84,16.17,0.0,0.0
12.4,1.92,9.66,0.0,0.0
9.0,1.92,5.23,0.0,0.0
5.8,2.28,2.85,0.0,0.0
6.7,0.72,2.51,0.0,0.0
3.9,0.24,1.23,0.0,0.0
5.3,0.48,1.2,0.0,0.0
9.6,0.12,1.79,0.0,0.0
6.3,0.0,1.0,0.0,0.0
10.0,0.12,1.38,0.0,0.0
8.3,4.08,1.16,0.0,0.0
14.0,3.72,4.15,0.0,0.0
9.0,13.44,5.86,0.0,162.314
10.9,11.04,9.97,0.0,386.821
10.9,13.2,10.68,0.0,589.0319999999999
8.0,5.04,8.64,0.0,729.52
10.7,4.56,10.85,0.0,728.946
12.3,4.68,13.61,0.0,794.845
9.8,1.2,14.97,0.0,756.326
10.1,1.44,19.52,0.0,703.821
10.4,2.16,22.3,0.0,560.377
11.2,0.84,23.98,0.0,358.94800000000004
15.5,3.36,26.07,0.0,123.519
13.1,3.36,18.08,0.0,0.0
12.7,4.2,16.28,0.0,0.0
10.3,1.08,12.78,0.0,0.0
11.3,2.04,13.04,0.0,0.0
9.3,0.36,10.16,0.0,0.0
5.8,0.48,6.52,0.0,0.0
5.4,1.2,5.83,0.0,0.0
7.4,0.24,7.18,0.0,0.0
9.1,0.24,8.12,0.0,0.0
5.1,0.24,5.02,0.0,0.0
7.7,0.96,6.38,0.0,0.0
8.0,2.04,6.02,0.0,0.0
10.4,8.52,11.71,0.0,0.0
12.2,14.88,18.72,0.0,155.56
10.3,15.72,20.21,0.0,368.497
6.4,9.36,18.26,0.0,516.503
8.8,3.0,22.38,0.0,587.814
11.6,6.6,27.87,0.0,647.366
10.2,6.6,27.39,0.0,731.7560000000001
11.3,1.08,31.06,0.0,631.5459999999999
11.5,4.08,34.83,0.0,677.709
9.9,1.32,33.5,0.0,445.034
7.2,4.68,31.16,0.0,329.921
11.6,2.76,33.49,0.0,110.779
10.5,3.72,26.1,0.0,0.0
15.5,1.68,30.72,0.0,0.0
8.4,0.72,19.87,0.0,0.0
11.8,2.16,23.24,0.0,0.0
7.4,0.96,16.27,0.0,0.0
6.4,0.48,13.7,0.0,0.0
9.5,0.72,17.12,0.0,0.0
6.9,0.36,13.43,0.0,0.0
9.6,0.24,16.61,0.0,0.0
6.4,1.92,11.81,0.0,0.0
6.7,0.48,12.07,0.0,0.0
6.3,3.84,11.25,0.0,0.0
10.3,17.52,19.12,0.0,0.0
12.3,17.16,22.41,0.0,88.3796
12.8,13.92,21.65,0.0,82.0524
10.5,8.16,17.8,0.0,104.246
8.5,9.12,14.51,0.0,39.6037
10.2,7.2,16.88,0.0,43.4543
11.0,1.2,19.19,0.0,108.971
13.9,0.72,25.55,0.0,171.46099999999998
8.3,0.48,16.86,0.0,158.968
7.9,0.6,16.87,0.0,135.53
11.2,0.36,23.03,0.0,95.3837
12.6,3.0,25.11,0.0,27.6016
10.2,1.8,19.28,0.0,0.0
10.6,0.84,19.02,0.0,0.0
9.6,12.0,17.32,0.0,0.0
11.9,1.08,20.26,0.0,0.0
13.8,2.04,19.72,0.0,0.0
7.0,2.28,8.46,0.0,0.0
7.1,0.24,7.68,0.0,0.0
11.0,0.48,9.38,0.0,0.0
9.9,3.0,6.98,0.0,0.0
6.7,0.0,3.81,0.0,0.0
7.3,0.48,3.64,0.0,0.0
11.6,0.96,5.53,0.0,0.0
8.7,9.36,5.78,0.0,0.0
10.5,13.56,10.09,0.0,165.09799999999998
11.8,29.52,13.46,0.0,383.402
9.1,0.96,12.33,0.0,565.703
8.4,6.84,11.25,0.0,702.3
15.2,3.48,17.86,0.0,763.252
9.9,5.64,15.56,0.0,725.798
9.8,3.48,19.34,0.0,748.452
15.6,2.76,30.06,0.0,663.933
11.9,0.36,29.23,0.0,519.998
14.0,1.44,33.49,0.0,324.072
13.2,0.96,29.85,0.0,115.831
13.0,2.4,24.07,0.0,0.0
13.3,3.0,22.44,0.0,0.0
12.3,5.04,20.22,0.0,0.0
10.8,1.2,16.36,0.0,0.0
11.6,1.08,15.02,0.0,0.0
7.7,0.84,8.57,0.0,0.0
5.6,0.12,5.75,0.0,0.0
9.4,0.6,8.25,0.0,0.0
4.4,0.12,4.15,0.0,0.0
10.7,0.0,7.85,0.0,0.0
10.5,0.36,7.35,0.0,0.0
9.4,5.04,6.3,0.0,0.0
10.2,8.28,7.86,0.0,0.0
10.9,8.88,9.38,0.0,80.2735
18.0,17.76,20.04,0.0,171.174
13.6,5.64,21.24,0.0,421.973
9.7,23.64,19.0,0.0,513.095
9.4,4.44,21.0,0.0,496.203
8.8,2.28,22.21,0.0,469.546
13.2,5.52,31.78,0.0,527.77
11.8,0.36,32.05,0.0,402.785
6.7,1.68,27.47,0.0,362.029
7.2,2.04,28.21,0.0,182.882
18.3,1.08,42.11,0.0,52.9521
11.7,4.44,29.87,0.0,0.0
12.3,1.08,29.48,0.0,0.0
10.9,1.44,26.39,0.0,0.0
9.2,1.2,22.59,0.0,0.0
11.2,1.44,24.8,0.0,0.0
9.8,1.2,21.45,0.0,0.0
6.7,0.72,15.73,0.0,0.0
5.8,0.12,13.49,0.0,0.0
6.7,0.12,14.08,0.0,0.0
5.6,0.0,12.02,0.0,0.0
11.2,1.32,19.19,0.0,0.0
9.2,0.12,14.82,0.0,0.0
11.6,4.32,16.93,0.0,0.0
6.5,6.48,8.67,0.0,3.14915
11.4,2.04,14.72,0.0,29.4968
9.8,21.6,15.97,0.0,216.689
11.6,13.8,20.67,0.0,408.038
12.8,6.48,21.56,0.0,215.902
16.5,3.36,26.6,0.0,116.666
9.1,1.68,17.32,0.0,234.551
13.3,12.84,26.14,0.0,329.641
7.1,1.32,16.86,0.0,190.779
12.9,10.2,25.38,0.0,122.807
11.3,3.0,25.06,0.0,112.894
11.9,6.0,22.06,0.0,0.0
10.5,2.88,18.61,0.0,0.0
14.4,1.32,23.36,0.0,0.0
9.6,0.84,15.51,0.0,0.0
7.5,2.88,11.18,0.0,0.0
10.2,0.24,13.13,0.0,0.0
4.9,0.6,6.43,0.0,0.0
3.5,1.92,4.97,0.0,0.0
6.6,0.12,6.71,0.0,0.0
5.2,0.24,5.13,0.0,0.0
6.3,0.12,6.27,0.0,0.0
6.9,0.36,7.18,0.0,0.0
11.7,4.56,14.48,0.0,38.7293
10.1,6.84,12.37,0.0,119.026
9.6,15.6,12.84,0.0,228.683
8.1,15.6,14.42,0.0,363.714
10.2,13.8,21.28,0.0,480.98800000000006
9.5,6.96,22.66,0.0,690.799
9.0,7.44,24.96,0.0,739.8539999999999
10.7,4.68,31.63,0.0,704.582
9.2,2.52,34.0,0.0,624.5
9.8,8.4,37.95,0.0,480.9380000000001
8.7,6.12,36.41,0.0,305.811
12.4,6.0,38.16,0.0,105.084
12.8,4.2,33.63,0.0,0.0
13.1,1.8,32.37,0.0,0.0
15.6,4.2,33.21,0.0,0.0
13.9,1.2,28.54,0.0,0.0
7.2,0.96,17.71,0.0,0.0
9.5,0.24,19.65,0.0,0.0
4.0,0.6,11.68,0.0,0.0
6.0,0.24,13.01,0.0,0.0
7.7,0.24,14.34,0.0,0.0
8.4,0.36,14.33,0.0,0.0
9.4,0.48,14.02,0.0,0.0
10.7,1.44,14.55,0.0,0.0
9.9,7.2,16.52,0.0,37.129
12.3,16.68,23.93,0.0,163.238
10.6,14.28,23.33,0.0,361.207
9.7,5.28,21.78,0.0,423.955
12.7,0.72,25.52,0.0,351.106
14.2,2.88,27.21,0.0,451.58
7.0,4.08,18.35,0.0,419.954
8.8,0.84,20.96,0.0,405.094
9.6,0.48,23.39,0.0,453.759
8.0,1.2,22.75,0.0,296.918
9.2,1.8,26.81,0.0,304.795
11.0,2.16,27.17,0.0,106.49
16.6,3.0,29.82,0.0,0.0
17.7,1.8,29.25,0.0,0.0
15.7,5.4,25.6,0.0,0.0
16.0,5.52,24.98,0.0,0.0
7.6,1.08,13.08,0.0,0.0
5.4,0.84,9.75,0.0,0.0
6.5,0.84,11.16,0.0,0.0
8.0,1.2,13.17,0.0,0.0
6.2,0.12,10.78,0.0,0.0
8.4,0.12,13.57,0.0,0.0
6.8,0.6,11.51,0.0,0.0
10.1,1.32,17.28,0.0,0.0
11.1,11.04,21.7,0.0,38.1182
11.3,10.8,25.08,0.0,149.485
12.2,7.32,29.04,0.0,275.868
13.8,17.16,33.05,0.0,326.948
7.1,2.4,24.54,0.0,321.404
9.9,6.12,32.09,0.0,415.952
12.3,2.76,34.4,0.0,302.735
9.6,3.72,29.72,0.0,234.785
9.0,8.76,30.47,0.0,263.531
9.0,3.36,30.43,0.0,168.91099999999997
11.2,1.2,33.95,0.0,101.052
11.9,13.32,34.0,0.0,31.9079
14.8,1.08,35.69,0.0,0.0
11.8,1.68,29.35,0.0,0.0
12.0,1.56,29.09,0.0,0.0
9.9,0.6,25.09,0.0,0.0
8.7,0.96,22.84,0.0,0.0
9.4,0.24,23.03,0.0,0.0
5.6,0.24,16.49,0.0,0.0
6.3,0.6,17.51,0.0,0.0
7.1,0.24,18.42,0.0,0.0
11.0,0.0,24.16,0.0,0.0
8.6,0.6,20.0,0.0,0.0
10.9,0.48,24.5,0.0,0.0
11.0,9.6,28.46,0.0,45.9733
12.7,26.76,33.46,0.0,154.429
9.9,11.88,29.83,0.0,222.126
8.6,3.96,31.6,0.0,339.789
10.1,1.56,35.44,0.0,381.173
12.7,4.56,38.18,0.0,243.427
11.0,0.6,34.71,0.0,201.305
7.8,0.96,29.64,0.0,176.94799999999998
9.3,0.72,30.89,0.0,96.0346
12.8,0.72,36.58,0.0,77.7699
11.5,0.6,36.51,0.0,89.5026
10.4,2.04,35.89,0.0,73.5001
13.4,3.6,37.29,0.0,0.0
11.6,1.08,33.02,0.0,0.0
13.5,8.28,35.1,0.0,0.0
11.2,2.28,30.41,0.0,0.0
8.4,0.48,25.78,0.0,0.0
5.7,0.24,21.03,0.0,0.0
6.4,0.0,21.9,0.0,0.0
7.5,0.12,23.12,0.0,0.0
6.8,0.24,21.17,0.0,0.0
7.0,2.64,20.99,0.0,0.0
5.6,0.84,18.38,0.0,0.0
10.2,8.28,26.67,0.0,0.0
13.2,14.4,31.15,0.0,18.0918
11.2,7.56,24.58,0.0,50.5817
13.2,9.12,25.83,0.0,31.3564
13.2,17.64,21.84,0.0,18.0103
11.0,8.16,15.26,0.0,44.7513
12.8,1.08,17.87,0.0,170.34900000000002
13.4,0.96,18.91,0.0,284.958
9.2,5.16,11.16,0.0,97.3463
13.2,1.56,12.85,0.0,27.5535
12.7,0.96,9.99,0.0,15.8869
11.1,0.6,8.63,0.0,0.753286
8.4,1.08,6.91,0.0,0.0
15.3,4.56,12.44,0.0,0.0
12.1,1.8,9.14,0.0,0.0
9.5,3.24,7.32,0.0,0.0
9.1,2.04,6.76,0.0,0.0
5.4,0.96,3.4,0.0,0.0
8.9,0.72,5.09,0.0,0.0
4.6,3.6,3.09,0.0,0.0
4.0,0.36,2.17,0.0,0.0
8.0,0.12,3.3,0.0,0.0
7.3,3.0,2.67,0.0,0.0
6.8,1.44,2.36,0.0,0.0
9.7,15.48,3.79,0.0,0.0
8.6,6.48,4.19,0.0,44.8959
12.6,12.24,8.26,0.0,169.447
9.3,5.16,10.52,0.0,395.762
9.4,5.4,11.62,0.0,587.067
13.7,8.16,13.91,0.0,723.5169999999999
8.0,5.4,10.63,0.0,785.545
11.1,4.56,15.67,0.0,807.828
10.0,2.04,18.09,0.0,778.61
9.7,9.0,21.9,0.0,690.8580000000001
7.0,2.04,21.7,0.0,556.773
10.7,0.84,26.93,0.0,360.02
12.0,0.96,25.78,0.0,135.034
13.1,8.4,21.04,0.0,1.42656
10.0,3.0,15.95,0.0,0.0
7.7,4.68,12.14,0.0,0.0
9.6,1.32,12.1,0.0,0.0
4.9,0.96,6.35,0.0,0.0
9.3,0.24,8.07,0.0,0.0
4.7,0.36,4.22,0.0,0.0
7.1,0.48,4.7,0.0,0.0
7.1,3.72,3.96,0.0,0.0
5.2,0.36,2.64,0.0,0.0
9.8,0.24,4.14,0.0,0.0
10.9,5.28,4.2,0.0,0.0
7.2,13.8,6.09,0.0,40.289
8.8,7.44,11.36,0.0,184.601
13.2,26.28,16.85,0.0,400.257
7.1,9.12,13.02,0.0,571.509
9.4,3.24,14.26,0.0,698.3960000000001
11.1,11.64,17.19,0.0,770.63
7.2,5.76,16.05,0.0,732.6610000000001
10.6,5.88,22.93,0.0,770.944
11.9,13.8,28.41,0.0,667.164
7.0,9.96,26.55,0.0,536.509
10.8,5.16,31.7,0.0,354.588
10.9,7.44,28.81,0.0,134.695
11.6,4.2,23.26,0.0,2.14981
12.6,4.56,22.22,0.0,0.0
12.7,1.8,19.87,0.0,0.0
6.6,0.72,11.15,0.0,0.0
9.4,1.8,12.24,0.0,0.0
5.2,0.48,7.0,0.0,0.0
5.9,2.4,6.08,0.0,0.0
5.6,0.24,4.68,0.0,0.0
5.9,0.12,4.03,0.0,0.0
6.3,2.52,3.88,0.0,0.0
5.8,0.6,3.3,0.0,0.0
7.1,0.6,3.48,0.0,0.0
9.9,3.84,9.28,0.0,42.749
10.4,11.52,14.41,0.0,187.632
6.2,15.12,13.59,0.0,401.732
13.6,6.0,20.26,0.0,568.43
8.7,10.56,16.29,0.0,680.15
13.0,4.44,23.24,0.0,764.85
12.0,2.04,24.69,0.0,717.546
13.7,7.44,30.06,0.0,733.512
9.4,1.44,29.7,0.0,616.928
8.5,0.6,32.41,0.0,504.85
12.8,5.4,38.32,0.0,355.906
12.6,10.2,34.91,0.0,136.951
9.3,3.48,24.37,0.0,2.13096
12.7,1.56,26.19,0.0,0.0
9.4,1.68,20.5,0.0,0.0
9.5,1.2,18.03,0.0,0.0
7.4,0.6,13.06,0.0,0.0
9.0,1.8,12.85,0.0,0.0
6.8,0.12,8.58,0.0,0.0
6.1,0.24,6.74,0.0,0.0
7.0,0.12,6.67,0.0,0.0
9.2,0.0,7.51,0.0,0.0
8.3,0.72,6.17,0.0,0.0
7.9,3.48,6.03,0.0,0.0
12.1,8.4,14.2,0.0,44.9927
10.0,7.56,17.39,0.0,183.735
10.0,10.2,20.89,0.0,380.727
9.9,3.72,23.74,0.0,539.661
10.0,5.16,25.68,0.0,613.315
8.6,4.32,25.57,0.0,711.335
8.5,4.44,27.16,0.0,760.334
7.0,3.72,28.74,0.0,729.1510000000001
10.9,2.04,37.62,0.0,636.577
10.7,0.72,39.66,0.0,503.841
11.2,4.2,40.63,0.0,327.023
15.4,2.04,41.89,0.0,120.019
11.7,1.56,30.79,0.0,2.26778
15.8,2.88,33.31,0.0,0.0
10.9,4.32,24.77,0.0,0.0
9.8,3.0,20.84,0.0,0.0
13.2,0.12,22.98,0.0,0.0
6.5,0.72,12.89,0.0,0.0
6.9,1.56,11.46,0.0,0.0
9.1,0.12,11.84,0.0,0.0
7.7,0.0,8.56,0.0,0.0
5.8,0.24,6.32,0.0,0.0
9.8,0.36,9.2,0.0,0.0
9.1,3.36,8.17,0.0,0.0
9.3,13.2,9.04,0.0,21.8391
12.9,7.68,13.94,0.0,95.9614
7.9,12.48,12.61,0.0,256.002
8.8,14.52,19.12,0.0,469.979
6.9,4.68,17.95,0.0,527.221
9.8,0.6,22.61,0.0,423.521
10.7,0.72,24.51,0.0,342.844
9.7,1.32,27.41,0.0,632.565
9.6,14.64,30.09,0.0,587.514
9.1,0.36,30.35,0.0,432.335
11.4,2.88,35.27,0.0,333.565
12.4,2.88,33.84,0.0,121.514
14.0,3.24,29.66,0.0,2.27871
9.5,1.44,21.55,0.0,0.0
12.5,0.6,23.69,0.0,0.0
14.0,2.04,24.16,0.0,0.0
5.3,1.44,11.85,0.0,0.0
7.6,0.36,13.31,0.0,0.0
6.7,0.6,11.3,0.0,0.0
10.3,0.24,14.99,0.0,0.0
8.2,0.12,10.52,0.0,0.0
7.4,3.6,8.23,0.0,0.0
10.3,0.6,9.15,0.0,0.0
12.4,11.4,10.37,0.0,0.0
8.9,15.96,13.44,0.0,39.5854
10.2,12.12,20.61,0.0,188.539
11.4,9.36,25.77,0.0,377.357
9.8,13.92,25.21,0.0,529.68
11.3,4.32,26.58,0.0,668.4860000000001
11.6,1.08,27.1,0.0,737.346
9.8,1.08,26.47,0.0,730.965
11.1,0.48,31.2,0.0,666.11
13.3,1.44,37.52,0.0,631.6569999999999
6.6,0.84,32.55,0.0,506.848
8.4,1.08,35.29,0.0,327.855
13.2,9.24,37.67,0.0,128.05700000000002
17.9,3.36,36.33,0.0,1.96279
9.4,8.52,24.48,0.0,0.0
11.0,1.92,23.71,0.0,0.0
6.3,1.32,15.76,0.0,0.0
6.9,0.36,14.48,0.0,0.0
5.9,0.12,11.37,0.0,0.0
3.7,0.12,7.9,0.0,0.0
5.6,0.36,7.84,0.0,0.0
9.4,0.12,9.87,0.0,0.0
8.8,3.36,8.12,0.0,0.0
9.2,0.36,7.18,0.0,0.0
9.2,11.16,8.55,0.0,0.0
10.1,14.76,14.01,0.0,43.2335
7.5,14.64,14.56,0.0,192.642
12.8,10.2,21.89,0.0,403.218
8.8,13.32,19.43,0.0,574.606
8.7,6.0,19.56,0.0,698.4060000000001
10.7,0.84,22.36,0.0,783.2360000000001
11.9,1.08,25.48,0.0,785.556
13.2,4.44,29.87,0.0,765.048
11.2,3.96,31.33,0.0,669.3380000000001
8.8,0.84,30.99,0.0,534.771
11.4,0.96,34.8,0.0,346.968
15.0,2.28,35.65,0.0,132.605
12.2,3.84,26.07,0.0,2.78147
11.4,7.92,23.2,0.0,0.0
8.8,4.68,18.5,0.0,0.0
10.0,0.48,17.84,0.0,0.0
8.3,1.68,13.84,0.0,0.0
8.1,5.4,11.14,0.0,0.0
5.3,2.04,7.46,0.0,0.0
9.9,0.24,10.57,0.0,0.0
10.2,0.36,9.68,0.0,0.0
5.8,4.2,4.87,0.0,0.0
8.7,2.16,5.67,0.0,0.0
9.7,10.68,6.61,0.0,0.0
9.4,12.84,10.78,0.0,40.3169
9.3,10.2,14.65,0.0,183.749
6.2,2.16,15.21,0.0,378.262
7.5,11.4,17.28,0.0,506.9330000000001
12.6,3.48,24.15,0.0,597.182
13.8,1.56,25.99,0.0,572.435
10.1,0.84,23.68,0.0,560.247
10.2,3.36,25.55,0.0,546.07
6.7,5.52,24.28,0.0,543.7769999999999
10.1,1.08,30.24,0.0,488.396
20.5,3.6,41.57,0.0,313.094
13.3,1.92,31.16,0.0,115.079
14.9,7.68,28.12,0.0,2.29708
11.6,3.96,22.42,0.0,0.0
10.4,3.12,19.1,0.0,0.0
9.1,0.96,15.76,0.0,0.0
8.1,1.44,13.07,0.0,0.0
7.7,1.68,11.23,0.0,0.0
6.2,2.4,8.63,0.0,0.0
6.1,1.8,7.09,0.0,0.0
7.7,0.36,7.19,0.0,0.0
6.5,0.24,5.53,0.0,0.0
6.9,0.36,5.06,0.0,0.0
9.1,7.2,6.85,0.0,0.0
8.9,12.0,11.54,0.0,47.4439
8.4,5.64,16.19,0.0,191.041
7.9,26.16,19.06,0.0,392.385
8.0,3.6,20.7,0.0,572.242
7.7,3.72,20.95,0.0,693.3489999999999
11.0,3.12,26.33,0.0,771.37
12.2,1.44,29.74,0.0,790.1189999999999
11.0,12.12,31.66,0.0,751.6569999999999
7.2,12.96,30.17,0.0,677.93
9.4,4.2,34.3,0.0,532.78
11.2,2.04,36.99,0.0,341.702
14.2,2.04,37.47,0.0,125.954
12.7,2.4,29.17,0.0,3.08747
12.9,2.04,27.15,0.0,0.0
13.7,1.08,26.81,0.0,0.0
13.4,1.08,24.82,0.0,0.0
10.4,0.48,19.53,0.0,0.0
8.6,0.12,16.11,0.0,0.0
7.1,1.2,13.35,0.0,0.0
9.9,0.0,16.15,0.0,0.0
5.1,0.0,9.8,0.0,0.0
7.1,2.28,11.67,0.0,0.0
11.4,3.24,17.56,0.0,0.0
7.0,0.72,11.94,0.0,0.0
9.4,3.48,16.06,0.0,21.7395
9.1,7.44,15.19,0.0,82.2819
8.4,14.16,15.39,0.0,100.102
8.1,7.2,20.71,0.0,346.737
10.1,20.4,29.54,0.0,532.411
9.0,9.36,29.1,0.0,411.64
12.9,1.32,34.86,0.0,280.18
8.7,5.16,30.65,0.0,312.605
9.7,5.76,36.18,0.0,502.628
10.4,2.52,39.08,0.0,413.994
10.1,7.68,39.27,0.0,280.713
10.2,8.4,36.27,0.0,95.7222
15.7,2.4,39.27,0.0,0.62654
12.1,5.16,31.71,0.0,0.0
9.9,1.44,26.75,0.0,0.0
7.2,1.56,20.93,0.0,0.0
7.4,0.96,20.65,0.0,0.0
4.9,3.96,16.38,0.0,0.0
8.7,0.36,20.94,0.0,0.0
4.9,0.24,14.54,0.0,0.0
8.7,0.0,19.65,0.0,0.0
6.0,0.36,15.27,0.0,0.0
6.9,0.24,16.78,0.0,0.0
10.9,5.76,19.74,0.0,0.0
12.5,8.16,19.74,0.0,0.0
10.7,13.92,16.07,0.0,44.1412
13.3,6.84,21.48,0.0,166.16400000000002
11.6,13.92,21.95,0.0,282.693
11.6,1.68,24.51,0.0,242.276
9.1,2.4,25.32,0.0,521.276
8.7,1.08,27.05,0.0,617.198
8.1,2.16,26.65,0.0,489.949
14.0,0.84,32.44,0.0,216.734
7.9,4.2,22.21,0.0,123.171
12.4,3.24,28.61,0.0,38.8044
9.3,3.48,23.71,0.0,11.2347
11.9,3.0,25.82,0.0,0.0
15.1,4.2,28.81,0.0,0.0
9.3,4.2,19.23,0.0,0.0
7.9,1.92,16.64,0.0,0.0
7.8,2.04,14.87,0.0,0.0
8.0,0.72,14.24,0.0,0.0
5.4,0.6,10.83,0.0,0.0
7.0,0.24,12.22,0.0,0.0
8.5,0.12,14.15,0.0,0.0
11.1,0.36,17.65,0.0,0.0
8.8,2.76,13.07,0.0,0.0
9.6,2.4,14.13,0.0,0.0
10.8,13.08,14.57,0.0,3.12804
11.1,3.84,12.06,0.0,10.5691
8.9,12.12,9.95,0.0,50.9642
8.2,13.68,11.95,0.0,237.696
7.5,2.76,15.09,0.0,461.072
10.1,0.72,20.59,0.0,525.976
8.7,2.28,19.1,0.0,320.13
9.5,5.4,22.86,0.0,437.669
9.2,6.84,22.48,0.0,227.183
6.1,1.56,19.28,0.0,243.858
11.7,2.16,27.9,0.0,126.886
12.4,6.12,28.44,0.0,37.9042
12.4,1.2,26.61,0.0,0.0
12.0,2.4,24.93,0.0,0.0
7.4,2.64,17.81,0.0,0.0
15.9,2.76,29.7,0.0,0.0
5.5,0.36,13.04,0.0,0.0
8.7,1.68,17.28,0.0,0.0
5.9,0.6,13.14,0.0,0.0
6.4,0.36,13.16,0.0,0.0
7.2,0.0,13.37,0.0,0.0
6.6,0.24,11.71,0.0,0.0
8.8,1.44,14.56,0.0,0.0
7.2,9.12,11.36,0.0,0.0
15.3,17.4,23.11,0.0,31.911
12.6,13.68,19.21,0.0,114.431
9.3,2.64,18.04,0.0,244.823
9.7,18.6,23.0,0.0,398.191
10.5,4.08,26.42,0.0,664.554
9.4,1.44,26.25,0.0,727.4939999999999
10.3,1.08,30.4,0.0,639.405
10.4,1.68,33.3,0.0,477.4980000000001
12.0,1.32,38.04,0.0,610.5169999999999
6.4,0.72,32.03,0.0,507.372
10.6,0.84,38.11,0.0,327.101
12.4,4.08,37.33,0.0,122.128
16.9,6.24,37.29,0.0,3.82234
13.0,6.48,29.84,0.0,0.0
12.1,0.72,27.62,0.0,0.0
9.4,1.44,22.4,0.0,0.0
14.2,1.32,27.24,0.0,0.0
5.6,0.0,14.07,0.0,0.0
10.1,0.24,19.65,0.0,0.0
8.2,0.24,16.19,0.0,0.0
5.6,0.48,11.97,0.0,0.0
6.5,3.24,12.6,0.0,0.0
7.3,3.24,13.7,0.0,0.0
12.3,7.68,21.87,0.0,0.0
10.5,8.04,23.56,0.0,49.7707
10.8,14.88,22.93,0.0,132.071
9.4,12.84,20.59,0.0,224.274
9.8,15.24,21.27,0.0,244.064
10.3,8.88,21.54,0.0,183.59
11.6,3.12,23.69,0.0,154.2
12.9,0.96,27.49,0.0,261.961
6.5,5.64,18.83,0.0,254.752
11.0,6.96,23.55,0.0,125.859
7.0,2.76,17.03,0.0,64.7296
10.1,2.88,23.3,0.0,73.3175
15.5,1.44,33.54,0.0,118.667
13.1,0.6,25.4,0.0,3.79602
11.8,1.44,21.43,0.0,0.0
12.1,3.0,21.54,0.0,0.0
9.5,2.04,17.34,0.0,0.0
5.9,1.92,12.12,0.0,0.0
5.9,0.6,11.76,0.0,0.0
7.6,1.8,13.68,0.0,0.0
7.3,0.0,12.34,0.0,0.0
9.2,0.0,14.81,0.0,0.0
6.9,4.8,11.45,0.0,0.0
7.5,1.8,11.99,0.0,0.0
8.3,10.68,13.6,0.0,0.0
11.6,11.52,19.82,0.0,35.7473
10.0,7.8,14.97,0.0,34.9514
14.8,4.56,22.78,0.0,120.067
8.3,9.6,14.27,0.0,161.44899999999998
6.6,3.96,12.67,0.0,167.676
11.3,4.56,21.31,0.0,218.227
12.5,2.28,25.04,0.0,265.834
10.9,2.76,21.54,0.0,223.551
12.7,3.72,23.44,0.0,143.65
11.4,3.24,21.3,0.0,77.7451
14.1,2.16,26.94,0.0,90.5296
14.7,2.64,29.8,0.0,85.0639
11.6,1.56,22.91,0.0,3.23104
9.4,1.8,18.59,0.0,0.0
9.2,3.6,18.31,0.0,0.0
10.6,3.24,19.61,0.0,0.0
4.7,2.16,11.42,0.0,0.0
6.4,1.2,13.32,0.0,0.0
5.1,3.84,10.67,0.0,0.0
7.2,8.28,12.62,0.0,0.0
7.0,0.36,11.91,0.0,0.0
6.0,0.24,10.63,0.0,0.0
8.6,0.24,14.49,0.0,0.0
10.0,8.76,17.62,0.0,0.0
12.0,12.6,22.56,0.0,58.3108
12.4,10.56,22.97,0.0,148.304
10.4,24.48,21.09,0.0,221.194
9.3,9.24,20.29,0.0,183.229
8.2,4.8,21.61,0.0,353.434
13.5,2.64,29.19,0.0,250.775
13.1,3.0,27.71,0.0,222.606
15.1,10.92,30.93,0.0,240.996
9.9,5.76,24.89,0.0,302.8
10.3,7.56,25.37,0.0,204.858
11.1,5.64,27.76,0.0,124.23
10.1,6.24,27.76,0.0,111.703
13.7,6.72,28.56,0.0,4.04504
10.8,3.48,22.66,0.0,0.0
18.3,1.08,32.27,0.0,0.0
10.4,1.08,19.44,0.0,0.0
6.1,1.08,13.12,0.0,0.0
4.6,0.72,10.18,0.0,0.0
5.6,1.44,10.56,0.0,0.0
5.6,0.12,10.2,0.0,0.0
9.2,0.0,14.14,0.0,0.0
9.3,0.24,13.68,0.0,0.0
7.9,0.12,11.24,0.0,0.0
8.0,3.84,13.05,0.0,0.0
11.7,3.48,23.31,0.0,52.5812
12.3,15.48,26.96,0.0,187.291
8.5,17.64,24.4,0.0,351.286
8.6,5.64,27.32,0.0,516.5930000000001
10.6,8.16,30.83,0.0,626.822
10.3,6.36,30.12,0.0,694.944
9.2,1.56,28.66,0.0,774.2860000000001
9.3,5.64,31.79,0.0,734.482
13.3,1.92,38.99,0.0,626.715
8.2,2.4,32.49,0.0,435.468
9.8,5.16,33.33,0.0,237.866
12.5,6.84,34.25,0.0,90.1323
11.8,7.56,29.18,0.0,3.20671
13.5,1.08,28.86,0.0,0.0
9.2,3.6,21.74,0.0,0.0
8.4,1.56,19.19,0.0,0.0
7.7,1.8,17.25,0.0,0.0
6.8,0.24,15.41,0.0,0.0
4.5,0.12,11.95,0.0,0.0
11.5,0.24,19.99,0.0,0.0
8.1,0.24,14.27,0.0,0.0
8.5,0.24,14.45,0.0,0.0
6.0,0.24,10.98,0.0,0.0
10.8,2.4,18.91,0.0,0.0
12.9,13.8,27.3,0.0,52.8829
13.7,13.44,30.27,0.0,184.526
12.4,11.28,32.14,0.0,376.721
9.3,10.44,29.91,0.0,548.6
10.6,5.04,32.26,0.0,602.44
10.4,2.52,32.95,0.0,598.484
13.9,3.36,38.96,0.0,620.745
11.3,2.52,36.7,0.0,523.751
11.4,5.4,37.99,0.0,485.249
8.2,0.72,32.92,0.0,303.575
11.4,2.64,36.69,0.0,182.21
11.5,0.84,35.24,0.0,71.8621
12.4,2.16,32.87,0.0,1.35531
13.4,4.32,31.97,0.0,0.0
9.9,4.44,25.75,0.0,0.0
7.2,2.76,20.52,0.0,0.0
7.0,2.4,18.98,0.0,0.0
6.2,0.48,16.8,0.0,0.0
6.7,1.56,16.45,0.0,0.0
5.0,0.0,12.89,0.0,0.0
9.4,0.0,18.11,0.0,0.0
11.5,0.96,20.08,0.0,0.0
8.6,0.72,15.1,0.0,0.0
10.5,0.96,19.18,0.0,0.0
14.0,8.76,30.36,0.0,60.5366
12.1,7.32,30.48,0.0,200.36
10.1,14.4,29.75,0.0,351.403
7.7,7.2,27.71,0.0,442.513
9.5,5.28,31.26,0.0,538.931
11.3,0.6,35.09,0.0,514.9159999999999
11.8,0.84,37.5,0.0,605.441
11.8,9.84,39.51,0.0,716.722
11.3,7.08,41.17,0.0,656.096
8.2,1.2,38.87,0.0,512.5319999999999
9.1,4.56,39.38,0.0,280.921
9.2,1.2,36.13,0.0,116.305
12.7,1.08,34.68,0.0,5.28249
11.9,4.2,30.84,0.0,0.0
13.8,1.68,31.0,0.0,0.0
6.6,0.72,19.71,0.0,0.0
9.3,1.68,22.09,0.0,0.0
7.1,0.96,17.06,0.0,0.0
5.3,0.12,13.57,0.0,0.0
7.3,0.6,15.25,0.0,0.0
7.8,0.36,14.98,0.0,0.0
6.1,1.44,12.1,0.0,0.0
6.9,0.36,12.75,0.0,0.0
9.0,5.52,16.24,0.0,0.0
9.6,20.64,22.68,0.0,51.9591
10.0,13.92,25.38,0.0,179.679
10.2,8.64,27.66,0.0,295.238
9.7,12.0,30.1,0.0,401.608
11.8,2.28,34.85,0.0,554.211
8.9,0.48,30.86,0.0,488.344
10.0,5.16,32.74,0.0,399.672
11.2,0.96,34.54,0.0,408.333
5.8,4.2,26.81,0.0,295.493
10.8,2.04,37.39,0.0,387.773
11.1,3.48,39.8,0.0,285.97
12.0,9.84,38.72,0.0,119.711
13.4,2.76,33.69,0.0,5.25479
14.6,9.12,32.52,0.0,0.0
10.8,0.6,24.71,0.0,0.0
7.5,1.2,17.86,0.0,0.0
6.2,0.12,15.17,0.0,0.0
6.1,0.24,13.86,0.0,0.0
6.1,0.36,12.34,0.0,0.0
5.7,3.84,10.67,0.0,0.0
8.0,0.12,12.95,0.0,0.0
8.4,0.6,12.92,0.0,0.0
8.2,1.44,12.36,0.0,0.0
10.4,3.96,16.94,0.0,0.0
12.7,15.24,22.83,0.0,41.1636
11.0,6.6,17.34,0.0,126.121
9.7,13.08,18.89,0.0,254.242
8.0,9.6,21.99,0.0,530.2130000000001
10.3,6.12,25.85,0.0,674.404
9.9,0.96,26.5,0.0,735.783
10.2,1.08,29.45,0.0,745.944
10.0,4.2,33.45,0.0,702.3810000000001
13.9,11.76,43.04,0.0,628.668
9.4,0.96,39.8,0.0,501.715
11.6,1.56,44.62,0.0,329.61300000000006
14.1,3.6,45.23,0.0,131.45
12.3,4.32,36.05,0.0,6.020969999999999
13.6,1.92,34.79,0.0,0.0
9.2,3.36,27.66,0.0,0.0
11.9,3.6,29.96,0.0,0.0
6.9,1.32,20.66,0.0,0.0
9.2,0.84,21.66,0.0,0.0
8.1,0.12,18.23,0.0,0.0
5.3,0.12,13.27,0.0,0.0
7.4,0.12,14.06,0.0,0.0
12.9,2.28,19.05,0.0,0.0
7.1,3.84,10.75,0.0,0.0
10.0,14.88,15.47,0.0,0.0
14.7,11.16,28.86,0.0,48.2071
14.0,7.68,30.88,0.0,209.757
13.9,2.28,31.87,0.0,410.8
8.2,4.2,25.14,0.0,575.586
11.8,4.56,29.6,0.0,694.2289999999999
9.4,4.44,26.42,0.0,734.826
12.1,0.6,30.8,0.0,767.164
16.6,2.76,39.52,0.0,726.446
12.5,8.16,38.57,0.0,647.886
9.5,2.04,38.09,0.0,517.639
10.9,2.88,41.42,0.0,344.357
11.3,1.92,39.37,0.0,139.111
14.3,2.52,35.77,0.0,6.12675
11.2,1.44,29.17,0.0,0.0
14.6,3.12,31.49,0.0,0.0
10.8,0.84,24.62,0.0,0.0
6.8,0.6,18.1,0.0,0.0
6.8,0.36,16.21,0.0,0.0
8.4,3.48,16.19,0.0,0.0
8.7,6.24,14.86,0.0,0.0
8.3,0.36,12.92,0.0,0.0
9.7,0.0,14.09,0.0,0.0
8.1,0.48,10.39,0.0,0.0
7.8,8.76,10.77,0.0,0.0
11.4,15.24,24.35,0.0,50.2867
10.6,11.88,28.56,0.0,208.245
12.6,18.36,32.08,0.0,382.43
9.3,11.04,28.05,0.0,546.364
11.6,9.84,31.2,0.0,632.265
11.0,7.56,30.47,0.0,741.628
15.1,4.2,36.44,0.0,774.403
12.5,14.88,36.09,0.0,730.824
8.7,6.24,34.95,0.0,648.702
8.9,3.84,37.02,0.0,509.685
8.4,6.72,34.73,0.0,266.241
14.1,2.16,38.76,0.0,95.2963
11.3,1.08,31.1,0.0,3.97701
9.3,4.68,26.24,0.0,0.0
10.2,1.08,26.15,0.0,0.0
9.3,1.56,23.03,0.0,0.0
6.3,0.6,16.98,0.0,0.0
4.7,0.24,13.78,0.0,0.0
5.1,0.36,13.18,0.0,0.0
4.6,3.84,11.35,0.0,0.0
7.7,0.12,14.11,0.0,0.0
5.5,1.68,10.3,0.0,0.0
6.8,0.24,10.95,0.0,0.0
7.1,3.36,13.0,0.0,0.0
12.5,5.28,27.73,0.0,53.7113
9.2,9.96,26.14,0.0,205.097
9.1,13.56,27.23,0.0,359.695
7.6,7.08,27.04,0.0,497.393
7.7,18.36,28.4,0.0,619.469
9.2,3.72,31.44,0.0,708.435
11.4,2.28,35.96,0.0,729.541
9.3,3.84,36.73,0.0,692.878
9.7,0.6,41.3,0.0,618.6519999999999
5.6,3.84,36.92,0.0,469.139
14.9,3.48,44.99,0.0,111.727
11.7,2.64,41.25,0.0,87.11200000000001
9.7,3.96,33.93,0.0,5.24019
11.9,1.8,34.57,0.0,0.0
7.5,0.96,27.04,0.0,0.0
9.9,0.36,28.35,0.0,0.0
5.6,4.08,20.45,0.0,0.0
5.1,0.36,18.57,0.0,0.0
5.5,0.96,17.71,0.0,0.0
7.2,0.72,18.77,0.0,0.0
8.1,0.0,19.05,0.0,0.0
7.2,0.48,17.08,0.0,0.0
8.3,0.12,18.2,0.0,0.0
8.7,2.64,20.48,0.0,0.0
10.8,10.32,31.65,0.0,58.3299
10.4,10.2,35.11,0.0,205.844
8.3,10.44,34.13,0.0,375.233
10.7,15.48,38.87,0.0,531.931
11.7,4.32,40.08,0.0,632.839
11.7,4.8,40.66,0.0,699.6139999999999
8.9,1.92,38.72,0.0,711.057
11.7,5.52,46.09,0.0,675.918
13.6,5.52,50.83,0.0,625.756
9.8,4.32,46.25,0.0,419.078
10.3,4.44,48.13,0.0,317.348
12.3,1.44,46.96,0.0,125.755
11.5,1.56,38.84,0.0,5.88633
15.8,0.36,41.77,0.0,0.0
10.5,0.48,32.06,0.0,0.0
7.7,0.84,26.33,0.0,0.0
6.2,1.08,22.86,0.0,0.0
8.0,1.32,24.14,0.0,0.0
4.8,2.76,18.22,0.0,0.0
6.1,0.0,20.02,0.0,0.0
8.1,0.12,22.91,0.0,0.0
8.4,1.08,23.24,0.0,0.0
7.7,0.6,21.92,0.0,0.0
6.6,2.88,21.02,0.0,0.0
12.2,15.12,33.61,0.0,57.3445
12.1,10.8,33.53,0.0,150.799
8.5,20.28,27.81,0.0,153.54
7.7,12.36,28.61,0.0,207.031
9.9,6.48,32.3,0.0,192.087
8.8,2.16,26.69,0.0,151.156
10.3,3.24,25.54,0.0,106.927
9.7,3.0,24.15,0.0,105.741
11.8,10.2,29.95,0.0,204.798
7.7,0.48,30.04,0.0,398.793
10.6,1.68,36.73,0.0,300.666
13.0,7.8,37.94,0.0,116.367
10.6,0.96,29.17,0.0,5.07652
10.2,1.8,26.46,0.0,0.0
11.8,3.36,28.01,0.0,0.0
9.4,2.52,23.92,0.0,0.0
5.7,1.32,18.58,0.0,0.0
7.6,0.84,22.03,0.0,0.0
5.7,1.8,19.04,0.0,0.0
4.8,0.24,18.2,0.0,0.0
7.4,0.0,23.0,0.0,0.0
5.7,0.12,20.1,0.0,0.0
6.7,2.64,22.19,0.0,0.0
9.1,6.0,28.17,0.0,0.0
11.8,21.24,36.14,0.0,61.0271
7.7,16.56,30.51,0.0,174.584
9.5,6.96,34.58,0.0,221.016
9.1,12.0,31.95,0.0,134.999
8.1,3.24,26.33,0.0,54.5361
9.8,1.92,27.02,0.0,209.923
10.0,0.96,28.72,0.0,299.904
12.9,7.92,37.5,0.0,381.6
8.2,1.92,31.39,0.0,325.135
9.0,1.56,32.73,0.0,246.874
14.4,1.56,39.93,0.0,92.9188
9.8,1.56,33.77,0.0,40.9171
10.0,3.24,32.87,0.0,0.0
11.4,8.28,32.76,0.0,0.0
12.0,0.84,31.84,0.0,0.0
12.6,1.44,30.87,0.0,0.0
9.5,0.48,24.63,0.0,0.0
5.8,0.36,18.01,0.0,0.0
5.1,1.92,16.49,0.0,0.0
6.7,0.48,18.45,0.0,0.0
6.6,0.0,18.01,0.0,0.0
8.0,1.32,19.77,0.0,0.0
8.2,0.96,20.8,0.0,0.0
8.8,5.52,24.02,0.0,0.0
10.8,11.52,31.33,0.0,59.0111
10.1,5.88,31.33,0.0,153.194
9.4,12.12,36.44,0.0,349.316
11.8,10.08,43.19,0.0,522.336
10.3,12.84,42.01,0.0,599.067
10.4,1.44,42.55,0.0,655.444
12.4,1.44,45.98,0.0,749.4939999999999
10.2,5.16,45.74,0.0,714.487
12.6,2.76,51.68,0.0,599.148
9.0,0.48,47.25,0.0,405.934
10.3,3.36,50.63,0.0,304.086
11.8,1.44,49.33,0.0,124.225
11.9,1.92,42.64,0.0,6.51863
10.3,2.76,37.34,0.0,0.0
7.4,3.36,31.54,0.0,0.0
8.4,0.96,31.75,0.0,0.0
6.1,2.16,26.51,0.0,0.0
7.4,2.64,27.33,0.0,0.0
6.8,0.12,25.06,0.0,0.0
7.3,0.12,24.72,0.0,0.0
6.9,0.0,22.79,0.0,0.0
7.0,2.4,22.64,0.0,0.0
4.1,0.36,17.96,0.0,0.0
8.6,13.8,27.55,0.0,0.0
11.3,9.84,35.95,0.0,69.2029
8.9,5.88,31.75,0.0,134.778
11.0,7.08,38.11,0.0,270.208
10.7,7.2,37.79,0.0,301.82
9.8,1.08,33.31,0.0,116.85
10.5,3.6,33.09,0.0,73.5948
14.2,2.04,36.88,0.0,57.8598
11.4,4.32,31.84,0.0,73.1008
10.9,4.92,28.72,0.0,53.9714
14.4,4.32,32.52,0.0,42.7406
14.3,6.48,30.49,0.0,53.4221
14.0,2.28,29.22,0.0,21.7721
13.0,2.16,26.07,0.0,0.0
8.4,4.44,17.65,0.0,0.0
8.5,5.52,17.58,0.0,0.0
7.6,0.36,15.49,0.0,0.0
5.0,0.36,11.53,0.0,0.0
9.3,0.72,17.62,0.0,0.0
5.4,0.36,11.11,0.0,0.0
12.4,0.24,21.3,0.0,0.0
9.1,0.0,16.57,0.0,0.0
8.6,0.36,16.57,0.0,0.0
9.0,1.32,18.62,0.0,0.0
13.3,6.12,28.5,0.0,0.0
10.3,13.2,24.45,0.0,7.73385
15.0,14.04,31.95,0.0,20.5043
13.1,7.2,27.09,0.0,14.9729
9.0,5.64,19.94,0.0,31.9328
9.2,19.8,18.8,0.0,45.4705
10.6,1.92,20.54,0.0,68.8708
12.5,3.48,23.33,0.0,64.8758
12.4,7.92,21.85,0.0,54.4266
12.1,0.96,20.88,0.0,64.875
7.0,5.16,13.24,0.0,51.8758
10.1,12.72,18.87,0.0,58.4246
12.3,1.56,23.41,0.0,26.5568
13.6,2.64,24.81,0.0,0.0
9.0,2.28,16.91,0.0,0.0
7.8,0.72,15.36,0.0,0.0
7.8,0.72,15.38,0.0,0.0
7.5,0.6,14.83,0.0,0.0
7.6,0.24,13.8,0.0,0.0
5.0,1.32,9.63,0.0,0.0
5.9,0.12,10.93,0.0,0.0
6.9,0.36,11.43,0.0,0.0
6.8,0.24,10.77,0.0,0.0
4.3,0.6,9.18,0.0,0.0
8.7,4.68,16.4,0.0,0.0
6.2,6.6,14.59,0.0,46.7081
9.1,9.48,20.41,0.0,114.873
10.6,7.68,26.3,0.0,184.009
8.4,13.08,26.21,0.0,238.72
10.5,5.4,31.12,0.0,252.425
11.3,2.64,35.15,0.0,371.149
8.1,7.08,32.97,0.0,415.055
11.4,1.8,37.83,0.0,289.403
9.8,6.0,32.54,0.0,132.518
8.7,2.28,31.05,0.0,120.202
14.0,2.76,40.03,0.0,84.3902
14.8,7.2,40.99,0.0,37.1739
10.0,3.84,31.73,0.0,8.93534
14.5,3.72,36.1,0.0,0.0
14.2,0.72,33.6,0.0,0.0
6.9,0.72,20.72,0.0,0.0
9.4,0.48,23.11,0.0,0.0
6.6,0.36,17.76,0.0,0.0
4.9,0.48,15.16,0.0,0.0
8.0,0.36,18.04,0.0,0.0
5.1,0.36,13.18,0.0,0.0
7.9,0.0,17.37,0.0,0.0
8.9,0.48,17.7,0.0,0.0
12.3,7.44,22.45,0.0,0.0
7.1,14.16,14.99,0.0,17.7198
9.1,15.96,19.03,0.0,103.736
9.6,6.84,20.48,0.0,131.563
12.1,0.96,26.2,0.0,198.11900000000003
11.6,3.0,27.41,0.0,274.706
13.0,2.4,30.59,0.0,420.858
13.2,3.72,33.22,0.0,699.578
11.1,1.44,32.51,0.0,455.163
11.5,3.12,32.43,0.0,286.55
8.4,1.44,30.04,0.0,319.943
10.3,4.2,36.73,0.0,300.597
11.4,2.64,36.27,0.0,122.696
12.0,2.76,31.2,0.0,9.68318
14.4,1.8,31.49,0.0,0.0
9.4,3.0,23.29,0.0,0.0
7.7,0.84,19.75,0.0,0.0
8.3,1.8,19.47,0.0,0.0
5.3,0.24,14.15,0.0,0.0
7.7,2.4,15.46,0.0,0.0
7.6,0.0,12.79,0.0,0.0
8.1,0.36,11.2,0.0,0.0
10.9,0.0,13.14,0.0,0.0
6.6,0.36,7.68,0.0,0.0
8.4,10.08,10.48,0.0,0.0
11.6,14.4,18.36,0.0,59.6026
9.9,5.76,18.52,0.0,214.852
6.8,11.64,16.84,0.0,411.891
10.7,9.96,21.6,0.0,596.009
10.8,11.4,20.93,0.0,709.314
11.6,4.68,22.38,0.0,765.5939999999999
10.7,0.72,22.96,0.0,783.375
10.0,0.48,25.65,0.0,761.79
10.6,0.84,30.6,0.0,670.945
9.9,4.08,32.94,0.0,545.232
9.2,1.68,34.41,0.0,356.146
12.2,1.92,36.18,0.0,149.916
13.3,4.08,30.45,0.0,12.3147
9.0,1.56,21.73,0.0,0.0
9.9,2.52,20.6,0.0,0.0
7.8,0.84,16.38,0.0,0.0
5.5,0.6,12.19,0.0,0.0
6.3,4.92,11.08,0.0,0.0
5.8,0.24,8.94,0.0,0.0
5.8,0.48,8.15,0.0,0.0
5.7,0.0,7.29,0.0,0.0
8.2,1.68,8.77,0.0,0.0
5.9,4.44,6.91,0.0,0.0
10.1,7.92,12.43,0.0,0.0
12.9,11.4,23.01,0.0,59.6666
16.8,10.56,31.57,0.0,225.165
12.0,6.84,26.49,0.0,424.846
12.2,4.2,27.11,0.0,586.889
13.3,9.12,27.51,0.0,692.571
11.4,1.08,25.64,0.0,764.436
16.4,0.84,33.58,0.0,763.367
9.7,1.32,28.63,0.0,748.925
14.8,1.08,38.27,0.0,664.2489999999999
8.3,0.48,33.54,0.0,535.752
13.1,0.6,40.88,0.0,357.201
9.3,1.56,34.83,0.0,151.09
12.3,2.64,31.6,0.0,13.0339
12.6,3.24,27.99,0.0,0.0
11.9,1.8,25.53,0.0,0.0
12.7,2.76,24.36,0.0,0.0
8.1,0.48,16.94,0.0,0.0
7.5,0.12,14.41,0.0,0.0
11.4,1.32,17.39,0.0,0.0
8.2,0.12,12.59,0.0,0.0
7.6,0.84,10.47,0.0,0.0
7.3,0.0,9.24,0.0,0.0
9.8,3.72,10.63,0.0,0.0
10.1,13.68,12.54,0.0,0.0
11.8,14.88,20.15,0.0,58.5636
9.8,14.04,20.11,0.0,232.675
9.4,3.0,20.78,0.0,438.29
14.4,4.8,26.53,0.0,590.398
11.0,11.52,21.36,0.0,702.7410000000001
11.8,4.44,22.55,0.0,777.655
12.3,1.56,25.13,0.0,782.875
14.6,3.72,31.04,0.0,747.705
8.5,1.44,28.54,0.0,658.67
6.7,4.68,30.01,0.0,530.736
9.4,4.68,34.62,0.0,353.541
12.3,3.24,35.98,0.0,150.232
9.7,2.52,26.32,0.0,12.9559
10.8,3.72,23.86,0.0,0.0
14.6,2.04,26.61,0.0,0.0
12.5,0.6,22.42,0.0,0.0
6.3,1.8,13.5,0.0,0.0
10.0,0.24,15.48,0.0,0.0
7.2,0.12,10.72,0.0,0.0
9.4,2.04,11.03,0.0,0.0
8.6,0.12,8.8,0.0,0.0
5.4,0.12,5.58,0.0,0.0
6.6,5.16,6.15,0.0,0.0
9.7,13.8,10.89,0.0,0.0
7.8,11.76,15.89,0.0,61.4121
11.0,13.68,23.36,0.0,224.784
10.9,6.24,24.99,0.0,416.501
12.1,7.92,26.5,0.0,566.873
12.6,11.16,26.66,0.0,673.86
14.0,0.96,28.87,0.0,750.3
13.5,7.92,29.44,0.0,769.778
11.1,3.12,30.19,0.0,730.1360000000001
9.3,1.2,32.78,0.0,644.865
9.2,1.2,35.8,0.0,518.232
14.9,2.76,43.98,0.0,348.284
11.9,2.64,38.79,0.0,150.85399999999998
13.2,2.52,33.56,0.0,13.7011
13.6,2.76,30.33,0.0,0.0
16.1,0.96,31.23,0.0,0.0
8.6,1.2,20.14,0.0,0.0
13.0,2.28,23.52,0.0,0.0
6.8,1.08,13.87,0.0,0.0
5.6,2.76,10.67,0.0,0.0
6.9,0.84,10.19,0.0,0.0
7.7,0.12,9.63,0.0,0.0
7.7,0.24,8.67,0.0,0.0
8.0,1.2,7.86,0.0,0.0
11.1,2.52,12.93,0.0,0.0
12.1,6.6,23.07,0.0,59.7167
14.7,4.08,30.55,0.0,225.413
10.1,6.36,25.96,0.0,421.478
8.4,11.04,24.11,0.0,574.27
9.9,3.6,25.38,0.0,689.82
14.8,7.2,32.43,0.0,742.6210000000001
11.3,4.92,29.73,0.0,753.882
14.8,5.4,37.24,0.0,725.63
12.6,6.24,38.44,0.0,646.438
9.5,2.28,37.85,0.0,524.933
13.6,11.04,44.74,0.0,346.445
12.8,3.84,41.67,0.0,147.111
10.7,2.4,32.26,0.0,15.9616
9.7,2.16,27.22,0.0,0.0
8.7,0.72,24.08,0.0,0.0
13.5,0.84,28.66,0.0,0.0
4.8,0.48,15.72,0.0,0.0
10.6,1.56,22.08,0.0,0.0
4.9,0.48,14.07,0.0,0.0
5.2,0.24,13.7,0.0,0.0
9.0,0.12,17.59,0.0,0.0
6.4,0.12,13.92,0.0,0.0
5.9,1.2,13.47,0.0,0.0
10.6,4.08,20.6,0.0,0.0
8.2,5.88,17.81,0.0,10.2725
9.6,2.88,20.94,0.0,103.139
6.1,6.96,19.21,0.0,228.071
9.6,16.08,28.37,0.0,330.1
9.6,7.68,30.32,0.0,418.301
13.2,1.32,36.14,0.0,426.99
10.7,6.0,33.56,0.0,448.864
10.0,3.0,32.53,0.0,380.47
11.0,4.08,33.12,0.0,258.375
9.3,7.32,34.97,0.0,358.751
10.2,2.16,38.46,0.0,249.893
13.4,3.96,41.79,0.0,123.169
14.1,2.28,37.25,0.0,15.0288
12.2,1.56,31.79,0.0,0.0
10.7,0.96,28.77,0.0,0.0
8.1,1.68,23.78,0.0,0.0
10.6,1.08,26.95,0.0,0.0
5.4,0.6,18.38,0.0,0.0
5.5,2.04,17.95,0.0,0.0
4.2,0.36,14.97,0.0,0.0
6.1,0.12,17.32,0.0,0.0
6.9,0.12,17.71,0.0,0.0
4.4,0.6,13.75,0.0,0.0
6.8,7.2,20.13,0.0,0.0
7.4,13.92,27.68,0.0,71.8084
11.8,18.48,38.03,0.0,210.907
6.7,8.28,33.27,0.0,401.11300000000006
11.2,15.6,42.09,0.0,551.92
10.9,2.4,40.77,0.0,660.721
12.2,1.68,42.88,0.0,728.924
13.4,7.08,46.26,0.0,737.675
11.5,1.56,46.47,0.0,695.546
11.0,2.76,48.44,0.0,611.381
9.1,3.6,44.48,0.0,356.009
11.0,2.64,46.46,0.0,221.268
12.3,2.52,47.18,0.0,133.23
10.4,2.64,38.19,0.0,13.3464
16.1,9.24,42.91,0.0,0.0
9.9,1.56,32.38,0.0,0.0
7.5,0.84,27.22,0.0,0.0
7.1,1.8,25.36,0.0,0.0
5.1,0.48,20.98,0.0,0.0
8.8,0.36,25.97,0.0,0.0
6.5,0.36,20.84,0.0,0.0
6.0,0.0,18.84,0.0,0.0
8.1,0.12,21.27,0.0,0.0
9.0,0.48,22.16,0.0,0.0
7.4,8.64,23.14,0.0,0.0
11.4,18.48,36.96,0.0,69.6345
13.2,7.44,40.88,0.0,210.742
9.2,18.84,37.08,0.0,364.0
11.6,16.92,41.98,0.0,507.576
8.8,4.32,37.45,0.0,650.064
10.7,4.32,42.22,0.0,665.76
9.6,1.92,43.11,0.0,608.844
7.3,1.56,41.9,0.0,659.7239999999999
8.9,1.8,45.99,0.0,542.543
9.3,2.4,44.49,0.0,260.5
8.8,1.08,44.38,0.0,227.406
14.8,6.24,49.92,0.0,103.588
14.8,2.4,44.22,0.0,14.0674
9.5,2.4,33.86,0.0,0.0
10.0,5.4,32.97,0.0,0.0
9.4,2.16,30.68,0.0,0.0
5.3,1.44,23.24,0.0,0.0
5.5,0.96,22.2,0.0,0.0
5.9,0.6,21.61,0.0,0.0
7.5,0.36,22.62,0.0,0.0
7.3,0.12,20.89,0.0,0.0
5.1,0.48,16.86,0.0,0.0
10.9,3.0,25.97,0.0,0.0
12.0,7.68,29.97,0.0,0.0
11.6,15.0,33.99,0.0,69.9296
13.7,15.6,40.89,0.0,201.417
10.4,6.6,36.42,0.0,287.881
9.0,14.16,35.18,0.0,450.432
12.7,4.08,43.78,0.0,539.284
11.9,4.8,43.01,0.0,567.4730000000001
12.4,3.0,43.97,0.0,682.6519999999999
11.7,2.16,46.5,0.0,593.5319999999999
9.9,1.68,47.89,0.0,524.08
14.1,1.32,56.14,0.0,489.168
13.0,0.36,54.93,0.0,320.233
14.7,4.32,54.94,0.0,136.545
15.3,4.68,48.82,0.0,15.0489
17.7,2.88,48.32,0.0,0.0
9.5,1.68,35.04,0.0,0.0
11.6,3.0,36.13,0.0,0.0
9.5,0.36,32.1,0.0,0.0
7.2,0.36,28.26,0.0,0.0
8.4,0.48,28.56,0.0,0.0
10.7,0.24,30.25,0.0,0.0
6.2,0.12,21.66,0.0,0.0
8.3,0.0,25.05,0.0,0.0
4.1,0.96,18.24,0.0,0.0
10.3,7.2,32.61,0.0,0.0
13.5,14.28,42.95,0.0,73.895
10.8,7.08,39.22,0.0,220.3
9.5,4.92,37.65,0.0,397.294
10.8,2.04,39.17,0.0,547.534
11.2,11.16,39.15,0.0,649.625
14.2,3.72,43.26,0.0,701.97
10.0,2.28,38.0,0.0,693.7
9.4,3.6,41.8,0.0,667.547
9.8,2.52,47.05,0.0,604.434
11.2,2.16,51.43,0.0,485.078
12.7,5.76,54.87,0.0,326.22900000000004
13.1,3.84,52.94,0.0,141.90200000000002
11.4,2.4,43.22,0.0,14.6848
11.7,2.04,39.44,0.0,0.0
11.4,1.8,36.96,0.0,0.0
14.5,0.6,38.7,0.0,0.0
8.7,0.72,28.64,0.0,0.0
9.1,0.24,27.19,0.0,0.0
5.5,1.32,20.58,0.0,0.0
7.8,0.24,21.6,0.0,0.0
6.1,0.12,17.06,0.0,0.0
7.4,0.12,17.4,0.0,0.0
9.3,2.52,18.66,0.0,0.0
9.3,17.28,21.57,0.0,0.0
9.2,7.56,28.93,0.0,65.3267
8.9,13.08,31.76,0.0,223.887
9.0,7.68,32.38,0.0,407.593
10.8,6.48,33.81,0.0,564.698
11.0,6.0,32.49,0.0,668.705
13.4,1.56,35.42,0.0,735.1060000000001
12.0,3.48,35.27,0.0,732.058
9.8,0.96,36.17,0.0,706.727
11.8,1.68,42.97,0.0,620.846
10.5,1.2,43.98,0.0,470.259
10.6,2.52,43.87,0.0,262.466
13.5,1.92,46.01,0.0,145.023
11.2,2.28,36.89,0.0,18.41
12.2,1.56,34.92,0.0,0.0
11.6,1.08,32.13,0.0,0.0
9.6,1.92,28.12,0.0,0.0
5.2,0.36,21.18,0.0,0.0
6.8,0.6,21.71,0.0,0.0
7.4,1.56,21.25,0.0,0.0
9.5,0.12,22.74,0.0,0.0
6.1,0.24,17.38,0.0,0.0
8.2,0.12,20.23,0.0,0.0
6.6,0.48,16.9,0.0,0.0
5.5,10.32,18.38,0.0,0.0
7.7,14.64,27.16,0.0,67.1794
9.9,15.6,31.02,0.0,224.012
11.3,4.8,31.2,0.0,334.336
8.9,14.04,28.41,0.0,395.1
9.3,11.28,29.62,0.0,598.894
14.5,2.4,37.28,0.0,708.7139999999999
8.9,6.24,32.19,0.0,534.425
12.7,1.44,39.46,0.0,584.592
10.5,0.6,36.31,0.0,319.769
9.9,2.04,35.11,0.0,192.791
10.4,9.12,37.27,0.0,165.405
13.0,4.32,39.71,0.0,85.3637
12.4,3.72,35.32,0.0,11.0496
10.1,3.84,30.36,0.0,0.0
8.6,1.08,27.36,0.0,0.0
7.6,0.84,25.06,0.0,0.0
5.1,0.48,20.35,0.0,0.0
6.7,0.12,21.58,0.0,0.0
3.8,1.2,16.07,0.0,0.0
5.0,0.36,16.48,0.0,0.0
6.3,0.24,17.44,0.0,0.0
7.0,0.24,17.74,0.0,0.0
5.8,0.48,15.84,0.0,0.0
5.6,8.4,15.9,0.0,0.0
8.4,4.8,20.54,0.0,54.4994
13.0,3.12,27.35,0.0,95.3875
5.8,4.68,18.52,0.0,157.405
9.9,10.2,29.7,0.0,282.494
7.9,13.8,31.42,0.0,443.268
12.4,1.92,38.7,0.0,473.62
8.4,6.6,31.49,0.0,319.383
8.2,1.44,30.93,0.0,236.509
9.3,3.6,32.99,0.0,243.743
8.7,4.8,30.8,0.0,139.923
9.8,1.08,31.73,0.0,46.6144
14.3,4.8,37.43,0.0,12.5067
15.4,3.72,36.85,0.0,0.0
12.7,1.8,31.56,0.0,0.0
8.6,1.08,25.55,0.0,0.0
9.0,1.68,25.85,0.0,0.0
6.3,1.44,21.42,0.0,0.0
6.1,0.0,20.8,0.0,0.0
5.9,0.36,19.95,0.0,0.0
7.0,0.24,20.48,0.0,0.0
4.8,0.12,16.2,0.0,0.0
6.7,0.12,18.56,0.0,0.0
7.9,1.32,19.56,0.0,0.0
11.2,7.44,24.52,0.0,0.0
11.8,11.88,25.48,0.0,12.808
13.0,15.0,27.88,0.0,104.977
8.3,9.84,21.43,0.0,122.279
15.3,6.84,35.66,0.0,183.286
10.7,4.8,29.75,0.0,214.515
9.9,4.2,27.98,0.0,123.21
12.2,2.76,32.8,0.0,177.53900000000002
9.0,1.32,33.26,0.0,401.921
15.1,2.4,47.82,0.0,499.566
9.7,1.92,41.68,0.0,381.251
10.5,2.4,44.51,0.0,312.645
14.6,1.32,48.7,0.0,138.06
12.4,2.4,38.59,0.0,18.1355
13.4,2.28,36.28,0.0,0.0
10.3,1.8,30.44,0.0,0.0
8.8,1.32,27.67,0.0,0.0
7.2,1.2,24.62,0.0,0.0
7.5,0.84,24.64,0.0,0.0
5.7,0.12,21.14,0.0,0.0
5.9,0.48,20.43,0.0,0.0
5.1,0.36,18.28,0.0,0.0
6.2,0.12,18.68,0.0,0.0
4.9,1.08,15.61,0.0,0.0
8.5,7.32,25.13,0.0,0.0
11.3,17.76,33.59,0.0,51.3802
10.9,12.6,27.25,0.0,74.4503
9.2,19.56,23.78,0.0,141.373
12.9,9.36,30.11,0.0,163.136
11.0,1.2,28.55,0.0,183.941
9.5,6.12,31.07,0.0,411.339
10.9,3.48,35.89,0.0,582.7130000000001
12.0,0.72,35.64,0.0,248.878
9.6,5.64,33.36,0.0,204.58900000000003
10.0,1.68,40.42,0.0,353.217
14.3,2.4,49.83,0.0,293.996
10.7,2.76,43.3,0.0,142.56799999999998
9.0,3.0,34.54,0.0,16.4372
13.6,1.92,37.6,0.0,0.0
9.4,5.28,30.56,0.0,0.0
11.8,1.56,32.77,0.0,0.0
5.8,1.8,21.75,0.0,0.0
7.6,1.08,23.14,0.0,0.0
6.2,0.12,19.42,0.0,0.0
8.4,0.24,21.81,0.0,0.0
5.0,0.24,15.81,0.0,0.0
6.8,0.36,17.93,0.0,0.0
5.7,2.16,15.59,0.0,0.0
8.8,13.68,20.77,0.0,0.0
12.0,13.32,27.48,0.0,73.1317
16.8,10.92,34.34,0.0,141.446
12.5,5.28,32.46,0.0,317.958
11.5,7.92,35.2,0.0,506.64
11.2,5.4,35.84,0.0,483.439
10.8,2.04,36.48,0.0,511.402
13.4,4.08,41.99,0.0,719.654
8.5,1.32,39.45,0.0,630.991
10.0,1.2,45.0,0.0,496.457
7.9,1.8,43.34,0.0,365.765
11.2,0.48,49.15,0.0,233.444
14.2,0.96,51.4,0.0,108.127
13.8,3.96,46.09,0.0,15.3797
10.5,2.64,38.83,0.0,0.0
13.5,2.76,41.96,0.0,0.0
8.8,3.0,33.43,0.0,0.0
5.9,0.72,23.09,0.0,0.0
8.6,0.36,22.56,0.0,0.0
6.7,0.36,18.76,0.0,0.0
7.3,0.0,18.6,0.0,0.0
8.7,0.36,20.03,0.0,0.0
5.2,0.24,14.64,0.0,0.0
7.1,1.44,16.93,0.0,0.0
5.7,10.8,15.35,0.0,0.0
12.2,15.24,30.37,0.0,75.8879
12.2,8.64,35.78,0.0,224.016
10.2,13.8,34.44,0.0,360.441
9.8,4.08,35.74,0.0,490.847
11.0,5.16,37.98,0.0,494.918
12.8,0.72,41.89,0.0,517.576
16.5,1.92,48.28,0.0,410.926
9.8,1.92,42.3,0.0,539.104
8.3,0.84,45.44,0.0,530.876
8.2,2.88,47.74,0.0,448.421
15.5,6.6,55.35,0.0,226.606
14.5,2.52,53.72,0.0,135.416
13.5,1.32,47.15,0.0,17.8186
12.9,3.48,42.81,0.0,0.0
15.0,1.08,44.49,0.0,0.0
11.5,2.28,37.34,0.0,0.0
8.9,0.72,31.38,0.0,0.0
7.3,1.08,27.73,0.0,0.0
7.7,0.24,27.95,0.0,0.0
12.1,0.36,33.92,0.0,0.0
8.9,0.0,26.59,0.0,0.0
5.5,0.12,20.13,0.0,0.0
8.5,4.44,24.61,0.0,0.0
7.4,15.0,26.17,0.0,0.0
11.9,11.88,39.17,0.0,78.3313
10.4,13.68,39.25,0.0,220.33900000000003
12.5,12.96,44.26,0.0,387.8
10.8,2.76,41.27,0.0,530.94
11.9,10.32,41.48,0.0,639.822
14.4,3.36,45.81,0.0,689.541
14.5,1.08,47.5,0.0,690.586
8.8,1.08,43.44,0.0,666.183
9.8,3.36,50.14,0.0,593.66
10.0,3.12,52.96,0.0,467.913
14.0,3.12,56.86,0.0,279.617
9.8,3.0,49.37,0.0,119.947
16.5,4.68,50.72,0.0,17.861
10.2,1.92,38.61,0.0,0.0
8.7,1.2,34.41,0.0,0.0
13.3,2.16,37.87,0.0,0.0
5.2,0.6,24.33,0.0,0.0
7.6,3.12,26.11,0.0,0.0
6.5,0.12,22.88,0.0,0.0
8.8,1.8,26.01,0.0,0.0
6.4,0.12,21.61,0.0,0.0
4.7,0.12,18.47,0.0,0.0
6.0,0.48,20.3,0.0,0.0
10.5,5.4,28.01,0.0,0.0
7.8,10.56,26.17,0.0,77.7011
12.3,9.6,35.72,0.0,224.126
10.1,7.68,34.26,0.0,379.995
9.7,8.76,33.86,0.0,477.11800000000005
11.2,6.48,36.17,0.0,521.172
16.7,3.0,43.85,0.0,551.413
13.0,5.52,40.21,0.0,598.4830000000001
8.6,0.6,37.5,0.0,558.45
11.1,2.16,43.39,0.0,511.071
8.5,1.92,41.53,0.0,408.756
10.7,8.88,46.49,0.0,287.436
16.6,3.24,52.82,0.0,143.306
14.4,3.72,43.74,0.0,19.7087
13.6,3.72,38.46,0.0,0.0
9.2,0.48,30.96,0.0,0.0
5.7,0.24,25.08,0.0,0.0
6.4,2.52,25.0,0.0,0.0
5.8,0.6,22.79,0.0,0.0
4.6,0.48,19.08,0.0,0.0
7.1,2.04,20.72,0.0,0.0
7.3,0.12,19.24,0.0,0.0
7.1,0.24,17.82,0.0,0.0
9.9,2.4,21.13,0.0,0.0
13.5,5.4,30.6,0.0,0.0
8.1,6.24,29.1,0.0,67.4317
14.4,5.64,39.85,0.0,224.304
12.4,5.64,37.88,0.0,402.039
10.9,13.56,36.1,0.0,536.049
7.5,5.16,30.69,0.0,609.294
13.0,1.8,38.5,0.0,712.977
12.5,3.96,39.88,0.0,730.888
8.3,1.32,37.77,0.0,692.048
8.1,3.84,41.81,0.0,617.3530000000001
11.2,6.96,48.99,0.0,491.812
11.1,3.84,50.3,0.0,334.32199999999995
12.8,7.68,50.63,0.0,150.506
13.5,3.96,44.75,0.0,19.6071
9.2,2.28,34.31,0.0,0.0
9.9,2.76,33.08,0.0,0.0
10.1,0.72,30.93,0.0,0.0
6.0,0.24,23.42,0.0,0.0
5.6,0.12,20.9,0.0,0.0
4.8,0.24,17.74,0.0,0.0
5.8,0.24,16.93,0.0,0.0
7.2,0.12,17.73,0.0,0.0
5.4,0.0,14.37,0.0,0.0
7.4,1.44,16.51,0.0,0.0
8.1,7.32,22.55,0.0,0.0
10.8,16.2,34.18,0.0,62.5851
12.3,17.28,39.17,0.0,219.594
10.1,8.04,38.65,0.0,397.80300000000005
11.6,14.16,41.13,0.0,542.02
12.6,4.56,42.36,0.0,475.836
10.9,6.0,42.56,0.0,474.12
14.3,1.56,49.66,0.0,458.223
13.9,0.72,51.81,0.0,528.493
11.1,4.32,50.99,0.0,565.422
11.1,2.4,52.65,0.0,412.4380000000001
12.4,6.96,56.85,0.0,328.891
9.4,2.04,50.33,0.0,147.029
15.5,5.04,51.45,0.0,19.3759
10.8,4.92,40.22,0.0,0.0
9.2,1.32,36.42,0.0,0.0
9.2,2.04,34.55,0.0,0.0
7.5,1.8,30.31,0.0,0.0
4.3,2.52,23.6,0.0,0.0
7.0,0.12,26.21,0.0,0.0
6.0,0.36,23.15,0.0,0.0
11.8,0.12,31.82,0.0,0.0
7.8,1.8,23.89,0.0,0.0
9.4,1.68,26.51,0.0,0.0
6.6,12.96,27.16,0.0,0.0
7.9,17.04,36.02,0.0,67.7928
12.8,7.32,45.82,0.0,212.443
7.1,17.04,39.01,0.0,363.898
12.5,12.96,48.46,0.0,496.016
10.0,3.12,44.24,0.0,602.384
10.1,3.96,45.51,0.0,624.42
10.9,1.56,46.93,0.0,673.443
10.8,4.92,49.49,0.0,671.296
11.6,3.36,53.74,0.0,564.381
10.8,5.16,52.14,0.0,344.42
8.8,0.36,51.52,0.0,314.155
13.3,5.04,55.47,0.0,142.57
12.0,2.28,47.35,0.0,20.4313
13.0,3.12,44.39,0.0,0.0
10.3,1.32,38.18,0.0,0.0
9.4,0.96,35.02,0.0,0.0
9.0,3.6,32.64,0.0,0.0
6.6,0.24,26.88,0.0,0.0
5.2,0.12,23.06,0.0,0.0
4.6,0.12,20.69,0.0,0.0
8.2,0.36,25.62,0.0,0.0
7.2,0.24,22.85,0.0,0.0
11.6,4.56,29.72,0.0,0.0
9.4,8.52,30.48,0.0,0.0
8.6,15.48,35.98,0.0,73.5795
9.9,8.28,38.79,0.0,203.636
11.6,6.84,42.95,0.0,370.348
12.3,9.48,44.56,0.0,457.166
9.9,4.08,41.02,0.0,624.197
11.4,0.72,43.75,0.0,708.7639999999999
15.8,2.88,51.03,0.0,718.341
11.4,1.2,47.07,0.0,667.725
8.9,2.76,47.3,0.0,553.444
10.7,3.96,50.4,0.0,435.196
11.2,0.96,50.26,0.0,262.78
10.4,0.84,48.0,0.0,125.618
12.0,1.8,44.86,0.0,19.3612
10.4,1.2,38.99,0.0,0.0
8.3,1.8,34.85,0.0,0.0
11.2,1.2,37.75,0.0,0.0
7.8,0.72,30.78,0.0,0.0
6.0,3.12,27.16,0.0,0.0
9.6,0.48,31.74,0.0,0.0
11.9,1.68,33.69,0.0,0.0
7.7,2.88,25.68,0.0,0.0
4.6,0.12,20.13,0.0,0.0
9.1,2.04,27.61,0.0,0.0
9.1,6.6,31.49,0.0,0.0
7.2,16.68,31.16,0.0,65.1924
12.3,11.04,38.7,0.0,178.27
12.2,6.36,38.86,0.0,219.242
10.3,3.84,38.75,0.0,426.615
14.9,12.84,45.32,0.0,427.789
12.4,2.4,42.2,0.0,443.916
16.3,3.24,48.83,0.0,638.878
12.2,2.88,45.86,0.0,523.369
12.0,1.2,46.03,0.0,425.847
8.9,2.52,42.19,0.0,323.988
10.4,2.52,43.95,0.0,215.987
11.6,4.08,42.98,0.0,90.7951
15.8,1.08,45.24,0.0,14.8198
17.8,3.24,45.42,0.0,0.0
11.7,2.28,35.65,0.0,0.0
9.1,0.48,30.89,0.0,0.0
9.8,0.48,30.92,0.0,0.0
6.1,0.12,24.31,0.0,0.0
5.1,2.4,21.38,0.0,0.0
4.6,0.12,19.73,0.0,0.0
5.9,0.12,21.12,0.0,0.0
7.1,0.12,22.47,0.0,0.0
7.5,3.84,22.97,0.0,0.0
12.3,13.92,32.98,0.0,0.0
16.9,6.36,42.15,0.0,77.2907
7.2,9.72,28.07,0.0,182.267
8.8,4.68,33.7,0.0,279.373
10.3,3.0,38.68,0.0,371.752
12.3,5.88,43.11,0.0,380.653
11.7,2.04,44.12,0.0,528.394
12.3,2.04,44.7,0.0,461.286
8.4,1.68,33.69,0.0,149.892
11.7,0.84,41.15,0.0,421.177
8.4,2.28,40.06,0.0,409.316
17.1,1.32,49.59,0.0,142.53799999999998
12.6,1.56,44.64,0.0,150.185
9.6,2.52,35.26,0.0,22.8348
13.0,1.8,35.19,0.0,0.0
11.5,1.32,30.88,0.0,0.0
8.0,1.08,24.1,0.0,0.0
7.7,0.96,22.1,0.0,0.0
5.3,0.96,17.35,0.0,0.0
8.1,0.12,20.56,0.0,0.0
6.6,0.24,17.26,0.0,0.0
10.3,0.0,21.35,0.0,0.0
7.8,0.12,16.61,0.0,0.0
10.7,0.6,20.55,0.0,0.0
8.6,9.36,22.9,0.0,0.0
8.9,12.0,32.7,0.0,67.6771
10.2,11.4,38.46,0.0,216.773
6.3,9.84,34.67,0.0,390.67800000000005
9.6,15.72,40.45,0.0,535.597
8.1,15.36,36.65,0.0,635.886
16.4,2.4,49.42,0.0,668.7360000000001
12.1,2.04,44.78,0.0,662.977
9.4,3.96,42.6,0.0,678.573
13.5,1.56,52.42,0.0,603.231
10.0,5.04,50.68,0.0,480.886
12.9,6.24,55.76,0.0,323.619
14.4,4.92,55.65,0.0,148.114
11.3,1.92,45.79,0.0,21.2027
12.3,1.92,42.87,0.0,0.0
8.6,1.2,36.92,0.0,0.0
11.0,0.96,38.4,0.0,0.0
8.7,0.84,33.14,0.0,0.0
5.4,0.84,26.54,0.0,0.0
6.3,0.36,25.48,0.0,0.0
5.0,0.12,21.31,0.0,0.0
7.1,0.48,23.47,0.0,0.0
7.1,0.12,22.13,0.0,0.0
9.8,0.36,25.44,0.0,0.0
8.9,3.48,28.71,0.0,0.0
8.6,6.24,35.31,0.0,74.664
8.9,6.36,39.25,0.0,216.055
9.2,5.88,41.33,0.0,376.982
8.7,19.8,41.02,0.0,497.262
10.2,15.36,42.77,0.0,562.429
7.8,3.0,36.28,0.0,644.624
12.8,5.76,44.28,0.0,672.029
11.2,1.44,37.83,0.0,271.195
7.4,2.16,32.83,0.0,341.704
10.2,4.92,34.19,0.0,173.232
15.3,2.76,39.26,0.0,57.0243
11.8,6.24,36.54,0.0,51.0557
14.3,5.52,40.65,0.0,22.7751
10.1,1.8,31.19,0.0,0.0
12.3,0.84,33.49,0.0,0.0
7.2,1.08,24.09,0.0,0.0
6.8,0.48,22.6,0.0,0.0
9.3,0.24,25.47,0.0,0.0
5.4,0.84,18.22,0.0,0.0
5.7,0.12,17.87,0.0,0.0
7.5,0.0,19.84,0.0,0.0
7.4,0.24,18.96,0.0,0.0
6.1,0.36,16.82,0.0,0.0
6.9,8.28,23.5,0.0,0.0
16.4,9.24,46.84,0.0,68.6961
15.1,20.88,45.74,0.0,210.802
13.7,9.6,44.57,0.0,370.936
10.2,3.6,40.09,0.0,525.155
11.4,1.44,41.85,0.0,612.523
9.7,3.0,40.28,0.0,665.954
12.3,1.92,45.81,0.0,676.42
13.5,1.44,51.95,0.0,628.4
9.9,4.8,50.48,0.0,549.9069999999999
11.1,3.36,53.89,0.0,449.318
9.5,10.2,53.09,0.0,323.563
10.1,1.8,52.39,0.0,148.244
11.9,3.0,48.29,0.0,21.5763
13.6,7.2,44.53,0.0,0.0
9.5,3.84,36.53,0.0,0.0
8.4,0.6,33.14,0.0,0.0
4.5,1.08,25.64,0.0,0.0
5.3,1.2,25.02,0.0,0.0
8.3,0.12,28.22,0.0,0.0
4.0,0.12,19.09,0.0,0.0
4.4,0.0,18.09,0.0,0.0
4.8,1.56,17.85,0.0,0.0
5.8,3.72,18.64,0.0,0.0
6.6,4.32,26.72,0.0,0.0
11.3,18.24,40.45,0.0,61.4033
9.3,13.68,36.31,0.0,201.792
8.8,8.76,36.84,0.0,342.144
11.0,9.0,41.4,0.0,449.951
11.4,1.08,43.4,0.0,499.687
10.1,1.8,43.55,0.0,515.356
11.0,3.48,46.31,0.0,531.1080000000001
10.1,4.2,45.64,0.0,439.102
10.3,7.8,45.05,0.0,347.574
10.0,0.48,43.74,0.0,226.145
12.4,2.28,47.42,0.0,176.257
10.3,6.36,43.19,0.0,89.8575
11.0,2.16,40.66,0.0,17.1677
8.4,2.52,34.58,0.0,0.0
8.9,2.88,34.61,0.0,0.0
10.4,6.0,35.09,0.0,0.0
6.3,1.92,26.83,0.0,0.0
8.1,0.48,28.86,0.0,0.0
10.3,0.24,31.37,0.0,0.0
6.7,0.24,23.75,0.0,0.0
9.9,0.12,28.26,0.0,0.0
7.4,8.76,23.56,0.0,0.0
9.5,1.92,26.12,0.0,0.0
8.8,6.36,29.58,0.0,0.0
10.9,6.96,39.57,0.0,71.1434
8.5,14.04,37.07,0.0,208.284
9.3,12.84,39.14,0.0,293.714
10.4,8.04,43.36,0.0,400.124
9.7,3.6,44.22,0.0,600.511
11.9,2.4,47.17,0.0,634.511
12.4,1.08,48.6,0.0,625.48
9.8,2.76,47.06,0.0,491.595
9.1,0.84,46.05,0.0,474.957
9.2,0.6,44.53,0.0,282.436
12.8,0.84,47.28,0.0,167.02200000000002
10.7,0.48,42.2,0.0,105.774
11.8,1.56,39.9,0.0,21.0484
11.0,3.72,35.82,0.0,0.0
13.3,2.76,37.99,0.0,0.0
14.0,0.84,37.49,0.0,0.0
7.8,0.72,27.1,0.0,0.0
6.6,1.44,23.8,0.0,0.0
9.2,0.24,26.94,0.0,0.0
6.6,1.68,22.76,0.0,0.0
9.7,0.0,28.38,0.0,0.0
6.1,0.24,21.52,0.0,0.0
8.2,3.6,25.74,0.0,0.0
9.1,3.6,33.7,0.0,0.0
7.7,17.64,37.89,0.0,60.3265
12.7,14.28,46.67,0.0,202.505
9.1,18.36,43.03,0.0,377.144
13.3,5.88,49.98,0.0,482.865
10.9,1.2,47.37,0.0,530.94
13.2,7.92,51.32,0.0,550.852
12.1,2.04,50.73,0.0,641.7090000000001
13.6,3.12,54.15,0.0,628.677
6.7,0.84,45.89,0.0,533.366
8.6,0.96,41.64,0.0,188.174
10.6,2.88,39.13,0.0,37.3367
10.5,1.8,35.72,0.0,0.5712119999999999
9.8,1.08,32.22,0.0,0.0
13.6,0.6,35.92,0.0,0.0
11.9,2.04,31.65,0.0,0.0
6.0,0.72,21.74,0.0,0.0
5.9,0.36,20.97,0.0,0.0
6.2,0.12,20.83,0.0,0.0
5.8,0.24,19.72,0.0,0.0
6.4,1.2,20.37,0.0,0.0
5.1,0.96,18.21,0.0,0.0
5.3,0.6,19.01,0.0,0.0
6.3,2.76,20.27,0.0,0.0
7.1,9.36,21.1,0.0,0.0
8.8,9.12,23.93,0.0,19.9586
10.1,12.12,24.57,0.0,7.77488
12.8,11.52,30.5,0.0,58.0779
11.0,2.52,31.8,0.0,232.331
12.8,6.0,40.16,0.0,578.393
12.6,4.32,44.28,0.0,531.316
14.7,5.88,48.98,0.0,585.597
13.0,0.84,47.3,0.0,526.661
11.6,3.48,48.08,0.0,453.713
10.1,2.52,49.9,0.0,397.165
10.7,0.72,52.15,0.0,314.482
11.6,4.56,50.26,0.0,153.687
10.0,1.56,39.89,0.0,24.1259
13.3,2.64,40.51,0.0,0.0
10.9,4.32,34.92,0.0,0.0
9.0,0.84,30.0,0.0,0.0
7.0,1.8,25.29,0.0,0.0
4.6,0.72,20.57,0.0,0.0
6.1,0.48,22.11,0.0,0.0
7.2,0.24,22.71,0.0,0.0
5.9,0.0,19.44,0.0,0.0
5.5,1.44,18.15,0.0,0.0
7.2,0.36,20.6,0.0,0.0
7.4,4.08,23.26,0.0,0.0
8.3,8.16,30.57,0.0,76.0391
16.4,6.72,47.23,0.0,208.816
12.9,6.36,43.36,0.0,362.587
11.9,4.56,42.47,0.0,436.93
12.2,1.08,44.14,0.0,507.414
14.4,2.4,49.11,0.0,460.784
16.5,2.04,53.37,0.0,500.603
19.5,3.0,57.11,0.0,464.21
13.0,1.56,51.74,0.0,411.436
14.1,0.96,51.41,0.0,199.903
13.1,5.4,54.0,0.0,244.08900000000003
13.1,5.52,53.69,0.0,142.184
9.5,2.88,42.97,0.0,22.3586
8.1,1.32,37.78,0.0,0.0
10.0,1.2,39.32,0.0,0.0
6.8,3.12,32.56,0.0,0.0
8.5,0.96,33.87,0.0,0.0
7.2,0.36,30.34,0.0,0.0
6.5,0.48,28.46,0.0,0.0
12.9,0.24,38.33,0.0,0.0
5.2,0.0,24.34,0.0,0.0
4.7,0.0,23.93,0.0,0.0
8.2,0.6,30.46,0.0,0.0
6.6,3.48,31.83,0.0,0.0
10.2,4.56,42.57,0.0,70.6365
10.8,6.12,45.17,0.0,202.19
10.7,19.44,43.72,0.0,283.08
10.2,12.6,45.03,0.0,509.693
14.5,4.68,51.26,0.0,627.384
10.8,8.4,46.51,0.0,668.059
15.4,5.88,54.11,0.0,637.281
11.4,4.68,50.59,0.0,648.3330000000001
9.5,3.12,52.49,0.0,584.88
8.3,4.08,53.53,0.0,444.112
12.8,2.04,58.51,0.0,295.831
14.8,3.24,58.8,0.0,150.317
12.3,2.4,51.57,0.0,24.556
11.1,3.72,45.05,0.0,0.0
9.6,0.6,41.45,0.0,0.0
7.5,0.6,36.21,0.0,0.0
5.2,4.8,30.97,0.0,0.0
8.6,0.48,33.39,0.0,0.0
9.9,0.12,32.97,0.0,0.0
6.6,0.0,26.42,0.0,0.0
5.3,0.12,24.09,0.0,0.0
5.5,2.88,24.03,0.0,0.0
7.5,4.32,27.32,0.0,0.0
6.8,2.64,31.44,0.0,0.0
12.8,11.4,46.61,0.0,68.3863
7.6,13.92,39.07,0.0,210.587
13.2,19.2,47.34,0.0,378.225
13.3,1.08,47.1,0.0,521.604
12.0,7.44,44.77,0.0,619.441
11.9,1.68,45.58,0.0,671.3969999999999
12.4,5.16,47.91,0.0,678.205
11.5,2.04,49.96,0.0,654.45
15.4,1.92,57.6,0.0,583.875
10.6,7.56,55.62,0.0,471.318
11.1,0.84,56.94,0.0,322.35400000000004
10.9,1.68,56.12,0.0,152.28799999999998
11.6,1.56,50.65,0.0,24.6323
10.6,0.6,44.1,0.0,0.0
11.3,3.48,43.31,0.0,0.0
9.1,1.68,38.85,0.0,0.0
6.1,2.04,33.32,0.0,0.0
6.9,0.36,33.61,0.0,0.0
7.6,0.36,32.97,0.0,0.0
6.1,0.12,28.33,0.0,0.0
6.3,0.36,27.29,0.0,0.0
6.5,0.0,26.88,0.0,0.0
5.2,0.96,24.44,0.0,0.0
5.7,5.76,32.49,0.0,0.0
9.4,10.92,42.36,0.0,60.1059
10.4,13.8,43.47,0.0,205.992
11.3,7.8,46.39,0.0,385.408
9.3,11.16,43.9,0.0,514.752
13.6,2.4,49.17,0.0,605.971
15.2,3.48,50.76,0.0,690.041
11.5,2.52,48.42,0.0,695.936
9.1,3.6,49.07,0.0,660.596
9.0,5.28,52.78,0.0,587.646
10.3,3.72,54.26,0.0,406.856
15.3,2.04,56.92,0.0,270.98900000000003
15.5,4.92,54.86,0.0,127.232
7.8,4.8,42.53,0.0,23.9711
10.8,2.88,42.99,0.0,0.0
8.5,1.2,38.59,0.0,0.0
9.0,2.16,37.72,0.0,0.0
7.2,2.04,33.41,0.0,0.0
10.4,1.92,35.62,0.0,0.0
5.3,1.68,26.11,0.0,0.0
4.2,0.24,23.02,0.0,0.0
4.5,0.0,22.41,0.0,0.0
6.5,3.48,25.38,0.0,0.0
7.2,1.32,27.31,0.0,0.0
5.2,13.08,30.43,0.0,0.0
8.3,8.88,41.38,0.0,66.9742
8.3,7.32,41.82,0.0,202.307
11.2,6.12,47.95,0.0,374.906
10.7,7.68,48.17,0.0,479.851
8.4,5.64,45.11,0.0,560.5409999999999
10.9,3.12,48.88,0.0,555.006
11.8,2.88,50.22,0.0,545.033
11.2,3.6,49.71,0.0,481.031
8.3,1.08,46.58,0.0,411.05300000000005
8.0,0.96,48.19,0.0,361.349
9.7,1.56,50.5,0.0,222.113
10.2,1.2,52.13,0.0,152.233
14.7,3.0,51.57,0.0,27.2957
13.6,2.28,45.45,0.0,0.0
12.5,1.8,41.67,0.0,0.0
14.3,0.84,41.61,0.0,0.0
8.1,0.84,31.27,0.0,0.0
6.1,1.56,27.0,0.0,0.0
9.0,0.36,29.69,0.0,0.0
8.4,0.12,28.01,0.0,0.0
4.3,1.2,21.75,0.0,0.0
7.8,1.44,27.16,0.0,0.0
6.1,1.32,23.87,0.0,0.0
8.0,2.52,32.91,0.0,0.0
10.4,17.76,43.29,0.0,74.5799
11.9,9.96,44.18,0.0,180.03900000000002
13.2,12.96,43.35,0.0,210.179
9.7,7.32,35.49,0.0,162.835
8.4,1.56,36.61,0.0,412.93
16.3,6.36,50.12,0.0,603.938
14.9,0.96,50.7,0.0,633.971
7.5,1.92,44.15,0.0,492.097
9.7,1.08,51.09,0.0,521.6759999999999
13.0,3.84,57.66,0.0,453.395
9.8,1.44,55.23,0.0,325.254
10.7,0.72,55.03,0.0,157.845
14.8,1.8,53.52,0.0,25.7655
12.9,2.28,46.36,0.0,0.0
10.6,2.04,41.48,0.0,0.0
7.7,1.32,35.69,0.0,0.0
7.3,2.4,33.87,0.0,0.0
7.7,0.6,33.29,0.0,0.0
6.1,0.36,29.44,0.0,0.0
7.3,0.0,30.82,0.0,0.0
6.3,0.24,28.05,0.0,0.0
7.3,0.12,28.39,0.0,0.0
6.6,1.56,26.99,0.0,0.0
6.7,5.04,34.84,0.0,0.0
9.6,9.24,45.75,0.0,62.4656
9.6,9.24,46.57,0.0,192.315
13.5,6.12,47.28,0.0,231.029
9.9,5.52,43.58,0.0,322.471
13.2,6.36,48.8,0.0,355.583
14.1,2.28,46.53,0.0,572.488
14.1,2.04,46.33,0.0,560.151
9.4,4.56,38.79,0.0,66.0899
13.1,5.28,44.01,0.0,93.6668
13.4,2.52,49.37,0.0,333.144
11.3,1.44,50.95,0.0,255.518
10.9,2.88,52.75,0.0,145.093
13.5,4.8,50.99,0.0,26.1445
11.0,2.64,42.86,0.0,0.0
9.2,1.92,38.86,0.0,0.0
8.6,2.04,35.96,0.0,0.0
8.0,0.96,33.27,0.0,0.0
4.9,0.72,27.38,0.0,0.0
6.4,2.52,29.0,0.0,0.0
10.0,0.6,33.13,0.0,0.0
11.5,0.84,33.47,0.0,0.0
5.8,0.0,23.29,0.0,0.0
4.8,1.56,21.72,0.0,0.0
10.8,7.8,37.04,0.0,0.0
8.9,11.28,36.95,0.0,62.4914
10.0,8.76,38.89,0.0,138.968
6.1,16.56,40.12,0.0,335.417
11.1,4.8,49.97,0.0,479.381
13.0,3.72,52.61,0.0,527.232
13.1,1.68,51.17,0.0,550.207
19.5,0.84,54.77,0.0,263.47
15.4,2.16,50.57,0.0,308.648
9.9,1.32,43.52,0.0,278.682
10.0,2.4,46.83,0.0,264.47700000000003
8.9,2.4,48.71,0.0,255.514
12.1,6.0,50.35,0.0,116.137
9.5,3.6,41.48,0.0,23.8143
10.3,2.76,40.07,0.0,0.0
6.1,3.96,32.98,0.0,0.0
9.7,2.76,38.18,0.0,0.0
9.8,0.48,37.06,0.0,0.0
5.8,1.08,29.65,0.0,0.0
6.7,0.72,30.68,0.0,0.0
5.7,0.12,27.93,0.0,0.0
7.7,0.0,30.52,0.0,0.0
4.9,0.24,25.34,0.0,0.0
6.5,3.24,28.27,0.0,0.0
8.2,4.32,32.13,0.0,0.0
9.0,6.48,35.55,0.0,34.7203
10.1,5.76,40.36,0.0,141.20600000000002
7.3,19.08,40.8,0.0,288.619
10.1,20.16,47.73,0.0,437.459
12.0,3.96,49.24,0.0,437.36
10.2,7.56,44.84,0.0,532.822
10.4,3.24,43.31,0.0,390.787
12.3,6.6,46.96,0.0,427.997
10.6,5.76,45.73,0.0,365.235
10.3,2.16,46.17,0.0,292.904
11.6,3.96,45.24,0.0,216.006
13.1,1.68,46.7,0.0,106.32
10.8,8.28,40.82,0.0,22.9969
10.6,5.76,37.98,0.0,0.0
11.0,0.96,38.01,0.0,0.0
7.6,0.48,30.9,0.0,0.0
8.1,3.6,30.55,0.0,0.0
5.1,0.48,25.04,0.0,0.0
6.0,0.12,26.59,0.0,0.0
5.5,0.12,25.19,0.0,0.0
8.4,0.12,30.24,0.0,0.0
7.0,2.16,27.04,0.0,0.0
6.0,5.16,25.52,0.0,0.0
7.9,4.92,33.53,0.0,0.0
10.1,9.12,40.04,0.0,68.3122
13.5,7.8,44.57,0.0,182.997
14.0,20.76,46.66,0.0,239.063
12.7,4.8,45.54,0.0,396.349
10.1,3.48,44.3,0.0,507.987
13.9,3.6,46.31,0.0,313.783
10.9,1.2,35.26,0.0,179.688
10.9,1.08,35.14,0.0,124.358
14.3,6.36,42.02,0.0,224.291
9.2,2.64,36.9,0.0,254.651
12.1,1.2,39.67,0.0,19.4119
11.8,4.32,39.78,0.0,0.0
15.2,2.16,44.96,0.0,0.0
12.4,4.32,39.31,0.0,0.0
9.7,3.36,34.36,0.0,0.0
10.6,0.96,35.09,0.0,0.0
5.7,3.0,25.83,0.0,0.0
5.9,3.12,26.39,0.0,0.0
4.0,0.36,23.17,0.0,0.0
5.9,1.56,27.25,0.0,0.0
6.8,0.0,28.75,0.0,0.0
6.9,0.12,28.51,0.0,0.0
5.0,1.44,25.14,0.0,0.0
7.9,5.88,36.3,0.0,0.0
8.5,18.84,43.53,0.0,73.4154
10.5,9.96,48.49,0.0,207.572
9.5,11.04,48.57,0.0,347.50300000000004
8.9,9.0,49.49,0.0,461.241
12.2,3.6,54.58,0.0,448.167
11.3,8.28,53.23,0.0,551.634
10.3,3.36,52.75,0.0,437.584
12.5,1.2,56.19,0.0,400.543
10.0,1.92,54.48,0.0,418.409
7.6,2.52,54.92,0.0,421.791
13.2,4.08,60.1,0.0,291.927
11.5,3.6,59.62,0.0,149.181
12.5,4.2,56.45,0.0,29.2531
10.0,4.2,51.48,0.0,0.0
14.4,1.8,54.17,0.0,0.0
7.3,2.4,44.68,0.0,0.0
5.0,3.24,38.03,0.0,0.0
5.3,5.64,35.78,0.0,0.0
8.2,0.24,38.17,0.0,0.0
5.6,0.48,30.48,0.0,0.0
5.3,0.36,28.59,0.0,0.0
5.8,0.24,29.23,0.0,0.0
7.5,0.36,31.51,0.0,0.0
8.9,5.88,38.95,0.0,0.0
12.1,10.08,49.86,0.0,67.748
10.5,8.16,48.65,0.0,208.228
10.4,8.88,49.68,0.0,380.649
10.1,5.64,50.15,0.0,520.052
13.6,2.88,53.32,0.0,615.555
12.2,4.44,52.42,0.0,675.029
12.0,4.68,52.92,0.0,678.072
10.7,1.8,54.89,0.0,634.989
8.3,1.56,55.39,0.0,449.78
9.7,0.6,58.05,0.0,399.307
11.4,0.36,59.13,0.0,330.315
14.1,1.2,60.28,0.0,159.454
10.4,1.08,56.1,0.0,28.3699
13.5,1.08,53.26,0.0,0.0
14.5,3.36,52.42,0.0,0.0
6.7,0.84,41.72,0.0,0.0
7.4,0.24,39.55,0.0,0.0
4.0,0.6,32.31,0.0,0.0
8.3,0.0,37.68,0.0,0.0
7.8,0.12,34.95,0.0,0.0
6.1,0.12,30.81,0.0,0.0
8.7,0.84,34.51,0.0,0.0
9.4,3.48,34.98,0.0,0.0
6.4,4.32,35.16,0.0,0.0
12.2,21.36,50.43,0.0,65.238
14.6,15.0,53.45,0.0,199.296
9.7,15.0,49.18,0.0,371.401
12.4,4.32,53.16,0.0,510.941
14.2,2.16,54.25,0.0,600.174
9.6,8.4,50.05,0.0,655.585
15.2,1.8,54.9,0.0,617.8
15.8,4.92,57.53,0.0,624.263
10.8,1.8,57.76,0.0,567.712
9.4,1.08,58.14,0.0,471.014
9.2,1.8,58.71,0.0,326.215
10.3,1.44,59.18,0.0,157.582
13.9,2.4,58.66,0.0,27.6516
11.9,0.96,53.13,0.0,0.0
9.2,2.16,49.42,0.0,0.0
8.9,2.4,46.8,0.0,0.0
7.6,4.56,42.37,0.0,0.0
6.6,0.48,35.86,0.0,0.0
10.3,0.12,37.9,0.0,0.0
6.1,0.24,30.23,0.0,0.0
4.6,1.2,28.12,0.0,0.0
6.8,0.24,31.77,0.0,0.0
7.2,2.76,31.8,0.0,0.0
10.0,5.4,37.13,0.0,0.0
8.2,5.88,34.27,0.0,24.1636
14.3,9.24,41.94,0.0,24.2551
16.9,7.44,43.49,0.0,86.045
13.6,4.92,37.25,0.0,199.591
11.8,3.12,30.48,0.0,112.091
11.0,5.64,28.73,0.0,125.663
12.9,5.28,34.06,0.0,267.236
12.4,3.12,36.69,0.0,405.773
7.7,4.56,34.17,0.0,440.3130000000001
8.9,0.84,41.04,0.0,438.534
11.4,5.04,46.65,0.0,315.742
11.1,4.56,45.54,0.0,156.379
14.3,1.44,44.61,0.0,30.3686
9.2,1.2,33.08,0.0,0.0
10.8,0.96,34.48,0.0,0.0
7.8,0.6,28.84,0.0,0.0
9.9,0.36,31.04,0.0,0.0
6.9,0.48,25.36,0.0,0.0
10.9,4.32,31.24,0.0,0.0
8.2,0.24,24.67,0.0,0.0
5.4,0.24,19.05,0.0,0.0
7.4,0.0,21.86,0.0,0.0
9.3,1.8,24.81,0.0,0.0
7.0,7.68,26.02,0.0,0.0
8.7,5.28,34.72,0.0,67.1326
10.7,6.96,39.46,0.0,199.482
10.8,10.2,39.7,0.0,257.047
7.6,4.56,38.11,0.0,389.068
13.0,6.6,45.28,0.0,582.203
11.5,4.8,44.0,0.0,646.716
15.4,3.72,50.93,0.0,558.789
9.0,10.2,41.66,0.0,371.778
13.0,2.52,52.17,0.0,515.9
8.8,3.0,48.69,0.0,399.485
12.8,6.12,52.29,0.0,257.525
13.1,1.8,53.71,0.0,160.937
10.9,0.6,46.07,0.0,28.9136
8.5,2.16,37.43,0.0,0.0
10.2,1.32,38.66,0.0,0.0
11.0,1.56,38.51,0.0,0.0
6.6,1.08,30.25,0.0,0.0
4.7,0.72,27.07,0.0,0.0
7.2,0.0,30.64,0.0,0.0
6.0,0.12,26.82,0.0,0.0
5.5,0.12,25.11,0.0,0.0
3.8,0.12,21.13,0.0,0.0
5.3,1.08,23.51,0.0,0.0
5.7,4.56,29.03,0.0,0.0
9.8,2.04,42.83,0.0,74.5278
7.3,8.16,40.4,0.0,199.285
12.5,14.4,48.47,0.0,360.455
9.3,13.2,43.86,0.0,505.27
10.5,2.64,45.09,0.0,602.052
11.4,5.16,45.48,0.0,660.204
17.3,2.16,52.9,0.0,687.194
9.1,5.28,46.76,0.0,461.223
9.5,5.88,50.35,0.0,490.24
10.5,5.64,55.23,0.0,391.586
12.3,1.08,55.97,0.0,192.533
10.4,3.84,54.78,0.0,160.94899999999998
12.9,1.2,51.47,0.0,31.4959
13.0,3.48,46.53,0.0,0.0
9.1,0.84,38.98,0.0,0.0
9.7,1.08,38.06,0.0,0.0
8.7,0.0,34.89,0.0,0.0
9.3,1.44,33.94,0.0,0.0
5.2,0.48,26.32,0.0,0.0
4.3,0.0,24.29,0.0,0.0
3.9,0.0,22.2,0.0,0.0
7.9,0.48,27.44,0.0,0.0
8.1,1.2,26.28,0.0,0.0
7.4,1.8,30.15,0.0,0.0
10.9,7.56,42.77,0.0,64.804
10.2,12.12,42.99,0.0,204.267
12.7,10.2,45.45,0.0,363.596
9.3,1.32,40.96,0.0,497.675
10.6,2.4,41.59,0.0,557.493
13.4,1.2,44.31,0.0,615.341
13.6,3.96,45.49,0.0,645.4580000000001
10.6,1.44,46.06,0.0,641.5409999999999
6.9,2.4,45.5,0.0,435.045
8.4,1.32,50.99,0.0,425.017
15.5,3.24,58.99,0.0,335.84
12.0,2.16,55.76,0.0,162.421
12.2,0.96,49.41,0.0,31.7028
8.2,3.24,39.12,0.0,0.0
9.0,1.32,38.83,0.0,0.0
8.2,1.2,35.98,0.0,0.0
7.2,3.0,32.6,0.0,0.0
7.1,2.64,30.75,0.0,0.0
6.8,1.32,28.79,0.0,0.0
4.8,0.12,23.95,0.0,0.0
5.4,0.0,24.01,0.0,0.0
5.7,1.56,23.75,0.0,0.0
6.4,0.48,23.72,0.0,0.0
6.4,1.32,29.3,0.0,0.0
9.4,21.0,40.65,0.0,63.9854
10.8,8.16,43.95,0.0,203.105
10.4,8.52,44.01,0.0,357.922
10.4,7.44,43.69,0.0,514.404
14.3,5.52,48.02,0.0,610.6990000000001
9.9,5.28,43.45,0.0,678.334
15.5,3.0,52.07,0.0,688.4830000000001
12.7,1.92,50.91,0.0,616.436
9.0,5.76,49.13,0.0,599.769
10.0,3.6,52.99,0.0,398.025
12.1,1.92,56.06,0.0,250.252
9.7,8.4,53.47,0.0,164.843
10.7,1.44,48.98,0.0,30.5913
12.5,2.52,46.3,0.0,0.0
10.1,2.4,41.01,0.0,0.0
9.1,3.84,37.32,0.0,0.0
4.8,1.92,29.17,0.0,0.0
7.0,2.64,30.49,0.0,0.0
5.9,0.36,27.1,0.0,0.0
4.5,0.24,22.66,0.0,0.0
9.0,0.12,28.04,0.0,0.0
7.5,2.76,24.17,0.0,0.0
5.2,1.44,19.79,0.0,0.0
6.5,3.72,28.89,0.0,0.0
8.9,9.24,40.13,0.0,55.5491
13.4,12.48,46.44,0.0,200.551
11.1,13.32,43.7,0.0,376.295
11.3,4.68,43.06,0.0,501.233
11.0,3.84,41.91,0.0,628.656
12.5,4.92,44.2,0.0,676.3889999999999
11.1,1.2,42.86,0.0,686.4739999999999
10.3,1.68,44.08,0.0,616.891
9.2,1.2,46.77,0.0,564.22
10.7,0.96,51.69,0.0,494.925
14.8,2.04,55.87,0.0,347.691
12.4,0.72,55.37,0.0,173.342
11.3,3.96,50.76,0.0,30.1724
14.9,1.32,49.49,0.0,0.0
9.1,3.48,40.56,0.0,0.0
8.6,1.08,38.25,0.0,0.0
11.9,0.6,41.36,0.0,0.0
7.4,0.36,32.77,0.0,0.0
6.2,1.56,28.91,0.0,0.0
5.1,0.0,25.76,0.0,0.0
4.6,5.4,23.03,0.0,0.0
6.0,0.12,24.3,0.0,0.0
4.9,2.52,21.6,0.0,0.0
8.8,2.52,34.46,0.0,0.0
8.6,10.56,41.32,0.0,53.5867
9.0,10.32,43.2,0.0,197.143
10.7,16.68,45.22,0.0,368.236
11.8,6.0,46.61,0.0,484.84
12.8,2.52,47.01,0.0,604.873
10.8,4.92,44.68,0.0,649.174
12.3,2.52,48.15,0.0,667.211
12.0,5.04,50.21,0.0,651.224
11.6,1.8,53.8,0.0,555.965
11.8,1.68,56.55,0.0,485.879
8.5,3.96,55.71,0.0,342.32300000000004
11.4,0.72,57.62,0.0,170.285
9.3,2.88,53.44,0.0,30.4079
10.0,1.68,47.89,0.0,0.0
11.8,2.4,48.24,0.0,0.0
9.7,0.6,43.07,0.0,0.0
9.3,3.6,40.39,0.0,0.0
4.3,0.96,31.74,0.0,0.0
5.6,0.24,32.27,0.0,0.0
4.8,0.12,28.71,0.0,0.0
9.1,0.24,34.03,0.0,0.0
7.2,0.24,28.91,0.0,0.0
7.2,1.68,27.97,0.0,0.0
6.0,11.64,31.82,0.0,0.0
8.0,5.28,42.56,0.0,56.5228
11.2,6.72,47.91,0.0,196.451
9.9,6.6,47.13,0.0,364.774
12.1,1.44,50.62,0.0,510.204
10.3,3.12,49.14,0.0,608.224
12.6,3.96,51.94,0.0,655.515
14.1,7.32,53.87,0.0,672.933
9.9,1.32,52.24,0.0,644.876
12.3,0.72,57.16,0.0,579.979
8.8,1.8,56.05,0.0,474.413
11.1,0.72,57.56,0.0,332.52
8.9,4.68,57.82,0.0,164.56
13.1,4.08,57.28,0.0,30.2236
11.7,1.92,51.99,0.0,0.0
16.5,2.4,54.47,0.0,0.0
9.6,0.84,46.95,0.0,0.0
8.1,0.84,42.64,0.0,0.0
4.6,0.72,34.9,0.0,0.0
8.2,0.24,38.46,0.0,0.0
6.8,0.96,33.7,0.0,0.0
7.3,0.12,32.77,0.0,0.0
4.4,0.0,26.96,0.0,0.0
7.4,2.04,31.8,0.0,0.0
9.3,7.44,39.63,0.0,0.0
8.6,11.76,44.86,0.0,57.8036
13.3,9.0,51.96,0.0,196.547
10.1,11.64,49.26,0.0,363.197
12.0,5.16,52.11,0.0,500.871
12.4,2.76,52.33,0.0,580.995
12.4,1.92,52.44,0.0,639.775
13.2,0.84,54.05,0.0,662.635
9.8,6.24,53.99,0.0,628.505
14.3,0.72,57.48,0.0,527.112
9.8,1.92,56.12,0.0,456.11
10.8,2.04,57.07,0.0,320.525
11.6,3.24,58.52,0.0,159.314
12.0,1.08,58.02,0.0,31.3379
11.0,1.08,54.1,0.0,0.0
11.9,0.96,53.41,0.0,0.0
7.3,4.8,48.57,0.0,0.0
7.5,1.68,46.07,0.0,0.0
7.3,0.36,43.33,0.0,0.0
3.2,0.24,34.43,0.0,0.0
6.0,0.0,37.17,0.0,0.0
8.2,0.0,38.97,0.0,0.0
8.7,1.2,37.61,0.0,0.0
7.0,1.44,33.77,0.0,0.0
7.3,3.24,32.16,0.0,0.0
7.1,4.2,28.29,0.0,3.71855
13.6,3.48,38.78,0.0,85.9735
9.6,11.28,38.15,0.0,273.329
9.4,11.4,42.31,0.0,374.728
11.6,2.88,47.95,0.0,426.42800000000005
13.5,3.96,51.78,0.0,558.883
13.2,4.92,53.42,0.0,628.396
9.9,5.28,52.87,0.0,635.354
8.1,3.6,55.07,0.0,572.9119999999999
9.9,4.8,58.97,0.0,469.446
15.1,4.8,60.74,0.0,326.192
12.6,2.52,59.77,0.0,158.526
7.9,3.24,53.47,0.0,31.7799
11.9,4.2,50.91,0.0,0.0
12.9,3.48,48.92,0.0,0.0
8.1,1.8,37.78,0.0,0.0
4.0,0.48,28.47,0.0,0.0
7.7,1.44,32.64,0.0,0.0
5.7,0.24,28.04,0.0,0.0
6.7,0.48,27.96,0.0,0.0
8.7,0.12,29.81,0.0,0.0
4.6,0.84,21.41,0.0,0.0
10.0,5.4,30.07,0.0,0.0
5.6,8.16,26.43,0.0,0.0
8.9,10.32,39.66,0.0,70.0643
14.7,8.88,49.72,0.0,200.046
12.0,12.96,45.89,0.0,316.98
11.0,2.88,45.05,0.0,371.214
13.5,4.56,49.79,0.0,558.239
12.1,3.36,49.04,0.0,638.692
14.8,5.76,53.73,0.0,633.673
11.7,2.16,52.84,0.0,587.922
11.5,5.28,47.13,0.0,177.209
7.3,3.12,37.06,0.0,39.309
15.1,1.2,49.55,0.0,59.0771
12.3,2.64,45.64,0.0,42.3903
10.8,2.04,41.24,0.0,6.81539
13.4,3.72,43.19,0.0,0.0
8.3,2.64,34.64,0.0,0.0
9.5,0.72,35.1,0.0,0.0
6.4,1.92,28.29,0.0,0.0
8.5,2.4,30.37,0.0,0.0
6.6,0.12,26.08,0.0,0.0
7.1,0.12,26.03,0.0,0.0
7.2,0.0,25.49,0.0,0.0
5.4,0.12,21.81,0.0,0.0
7.3,2.16,25.22,0.0,0.0
8.3,1.92,28.49,0.0,0.0
9.2,19.56,31.63,0.0,41.1763
9.2,12.72,32.74,0.0,108.479
10.9,9.0,38.67,0.0,188.517
11.0,3.72,43.1,0.0,367.374
12.6,2.4,47.95,0.0,579.465
12.4,3.72,48.11,0.0,659.655
16.6,1.56,51.78,0.0,608.14
11.5,2.76,48.68,0.0,650.293
8.4,6.72,43.23,0.0,555.6569999999999
9.0,0.72,45.43,0.0,432.723
14.1,2.28,48.77,0.0,188.911
14.1,5.16,43.71,0.0,40.7533
10.9,6.36,36.81,0.0,6.831910000000001
14.0,4.44,40.56,0.0,0.0
13.7,1.56,39.33,0.0,0.0
9.1,1.68,31.44,0.0,0.0
5.3,1.2,24.87,0.0,0.0
5.8,0.72,25.05,0.0,0.0
5.5,0.36,24.02,0.0,0.0
5.8,0.12,24.11,0.0,0.0
7.9,0.12,27.22,0.0,0.0
10.0,3.36,30.58,0.0,0.0
5.6,2.28,22.44,0.0,0.0
10.0,6.0,32.81,0.0,0.0
7.1,10.2,29.4,0.0,69.6054
12.7,10.08,37.44,0.0,149.591
10.3,11.16,33.42,0.0,197.902
10.2,4.92,38.86,0.0,355.177
11.2,4.08,43.16,0.0,581.564
11.8,2.4,44.9,0.0,657.418
12.8,4.2,48.09,0.0,679.415
9.1,3.36,45.68,0.0,637.942
8.9,0.6,49.39,0.0,521.5419999999999
11.6,1.44,55.19,0.0,435.14
9.9,2.88,55.65,0.0,279.875
15.6,1.44,60.58,0.0,164.513
10.3,2.64,51.93,0.0,31.0037
7.7,2.52,42.58,0.0,0.0
11.1,1.56,45.86,0.0,0.0
10.2,1.08,41.94,0.0,0.0
7.4,0.72,35.06,0.0,0.0
5.2,0.12,30.46,0.0,0.0
8.8,0.24,34.82,0.0,0.0
8.9,0.6,32.65,0.0,0.0
6.0,0.0,26.3,0.0,0.0
7.4,4.92,28.19,0.0,0.0
6.5,0.24,26.19,0.0,0.0
7.0,1.8,32.86,0.0,0.0
8.5,9.12,42.35,0.0,58.3427
9.6,6.84,46.0,0.0,194.879
10.7,10.32,48.54,0.0,360.504
12.2,5.28,50.79,0.0,505.099
9.3,9.72,47.47,0.0,591.659
12.8,4.92,51.08,0.0,647.425
16.1,3.96,54.42,0.0,670.453
9.9,4.56,52.31,0.0,654.783
10.3,2.4,56.2,0.0,589.986
11.2,1.32,57.26,0.0,480.249
11.4,2.64,57.54,0.0,332.538
14.7,2.04,58.89,0.0,167.237
13.6,2.28,57.76,0.0,31.595
9.6,1.32,50.49,0.0,0.0
10.7,0.96,49.55,0.0,0.0
10.6,0.84,47.29,0.0,0.0
9.4,1.08,44.37,0.0,0.0
7.8,0.36,41.17,0.0,0.0
5.3,0.6,35.92,0.0,0.0
4.5,0.36,33.17,0.0,0.0
6.5,0.0,34.89,0.0,0.0
11.5,0.0,40.88,0.0,0.0
7.4,2.16,32.32,0.0,0.0
7.1,9.48,37.36,0.0,0.0
10.6,11.16,48.78,0.0,58.7455
9.2,6.48,47.52,0.0,194.797
15.3,3.12,53.66,0.0,357.88
13.1,6.96,51.45,0.0,469.462
12.6,3.72,50.55,0.0,563.266
11.6,0.84,49.96,0.0,650.81
13.9,1.8,52.57,0.0,671.918
12.0,4.8,53.92,0.0,643.428
7.8,1.08,54.57,0.0,594.276
8.2,1.2,56.52,0.0,471.698
7.6,4.56,56.68,0.0,336.13
14.7,4.08,59.21,0.0,169.66299999999998
12.0,5.64,57.94,0.0,31.9359
8.4,3.72,51.7,0.0,0.0
13.6,3.0,53.87,0.0,0.0
15.5,2.16,52.92,0.0,0.0
5.2,0.36,39.13,0.0,0.0
5.4,0.72,36.68,0.0,0.0
11.2,0.24,43.73,0.0,0.0
7.6,1.2,35.08,0.0,0.0
10.2,0.12,36.99,0.0,0.0
7.8,0.24,31.61,0.0,0.0
8.6,1.08,32.24,0.0,0.0
5.5,0.72,32.8,0.0,0.0
9.7,6.48,46.69,0.0,52.529
10.6,3.36,48.67,0.0,189.871
7.7,6.96,46.82,0.0,359.634
11.1,9.6,51.59,0.0,497.548
12.4,6.24,51.38,0.0,460.2
12.2,1.8,52.67,0.0,551.73
15.6,3.24,57.34,0.0,578.232
13.1,1.56,57.58,0.0,568.514
12.4,0.84,57.26,0.0,456.929
8.9,2.88,53.38,0.0,369.375
15.6,2.4,57.79,0.0,268.842
15.0,3.84,56.95,0.0,145.79
13.3,7.68,53.47,0.0,30.3785
10.7,0.6,45.86,0.0,0.0
10.6,2.52,43.35,0.0,0.0
9.5,2.76,39.76,0.0,0.0
5.4,0.72,32.2,0.0,0.0
8.0,0.6,35.62,0.0,0.0
5.4,2.16,30.36,0.0,0.0
6.1,0.36,31.21,0.0,0.0
7.5,0.0,32.99,0.0,0.0
7.7,1.08,32.69,0.0,0.0
6.4,0.24,30.05,0.0,0.0
8.1,1.44,38.85,0.0,0.0
12.9,6.84,51.83,0.0,54.8113
11.9,7.92,50.47,0.0,191.86
9.7,5.64,48.84,0.0,359.855
11.4,8.28,51.63,0.0,503.386
10.0,3.96,50.51,0.0,607.169
10.4,7.32,51.78,0.0,658.852
12.3,2.4,54.18,0.0,687.805
9.7,7.68,55.92,0.0,639.543
9.1,5.64,59.41,0.0,577.031
9.4,9.12,60.3,0.0,428.029
11.3,0.96,61.19,0.0,341.806
13.0,3.36,62.39,0.0,168.775
10.8,1.08,60.72,0.0,31.1597
15.8,1.68,59.38,0.0,0.0
11.0,1.8,53.61,0.0,0.0
8.8,1.08,49.44,0.0,0.0
10.2,0.6,47.67,0.0,0.0
6.2,0.12,39.52,0.0,0.0
6.4,0.24,37.99,0.0,0.0
5.1,0.12,34.48,0.0,0.0
8.2,1.2,38.32,0.0,0.0
11.7,3.72,42.61,0.0,0.0
11.7,0.24,41.28,0.0,0.0
10.7,4.68,44.19,0.0,0.0
8.0,6.36,43.8,0.0,55.3023
10.4,5.52,48.15,0.0,154.084
14.8,18.36,55.02,0.0,347.29
12.9,5.28,54.16,0.0,491.552
12.1,10.92,54.09,0.0,531.808
13.4,1.56,53.1,0.0,299.813
12.4,2.64,49.16,0.0,198.786
13.3,4.92,54.3,0.0,445.8
11.9,3.0,56.72,0.0,513.007
11.1,1.2,59.03,0.0,464.523
9.8,0.96,59.18,0.0,313.757
11.4,4.2,59.78,0.0,166.674
15.5,3.12,59.49,0.0,31.1129
17.0,0.72,56.15,0.0,0.0
8.5,1.56,47.52,0.0,0.0
11.5,2.52,48.86,0.0,0.0
6.6,0.84,39.59,0.0,0.0
7.1,1.8,38.69,0.0,0.0
8.9,0.24,40.06,0.0,0.0
8.2,0.96,37.59,0.0,0.0
11.5,0.24,41.97,0.0,0.0
8.5,0.36,35.86,0.0,0.0
8.1,0.24,35.14,0.0,0.0
5.3,2.04,35.93,0.0,0.0
11.1,6.6,51.72,0.0,50.7355
12.1,6.96,52.8,0.0,184.376
13.6,5.28,53.77,0.0,325.965
10.4,13.32,51.4,0.0,461.831
9.6,7.44,51.91,0.0,498.622
13.3,6.36,54.65,0.0,646.711
11.0,4.08,54.75,0.0,629.377
12.4,2.52,58.04,0.0,542.249
10.9,4.8,59.26,0.0,543.615
8.4,0.84,59.34,0.0,470.685
9.8,4.56,60.12,0.0,282.724
9.5,3.6,59.4,0.0,146.11700000000002
8.3,1.32,54.29,0.0,29.8442
8.8,1.92,50.37,0.0,0.0
13.2,1.68,52.37,0.0,0.0
9.7,4.32,47.21,0.0,0.0
5.5,0.84,38.98,0.0,0.0
5.8,2.64,37.59,0.0,0.0
12.0,0.24,45.88,0.0,0.0
5.6,0.36,33.15,0.0,0.0
6.4,0.12,33.79,0.0,0.0
7.4,0.12,34.88,0.0,0.0
7.6,2.16,34.5,0.0,0.0
9.1,4.68,42.36,0.0,0.0
11.6,7.68,50.96,0.0,49.5342
11.5,9.72,51.13,0.0,186.118
8.5,4.68,49.43,0.0,356.764
11.1,3.96,53.77,0.0,410.012
9.3,3.0,52.14,0.0,583.2180000000001
12.5,2.28,55.08,0.0,646.61
13.0,6.72,55.91,0.0,665.73
11.4,3.0,56.97,0.0,661.903
13.4,0.72,59.88,0.0,596.494
10.6,0.6,59.42,0.0,386.393
13.2,0.6,60.3,0.0,232.94
15.0,1.32,61.23,0.0,146.787
8.5,1.92,56.11,0.0,30.6151
8.7,2.16,50.84,0.0,0.0
12.8,4.92,52.37,0.0,0.0
11.4,0.96,49.07,0.0,0.0
6.8,0.36,41.05,0.0,0.0
8.4,0.48,41.54,0.0,0.0
6.1,0.24,35.82,0.0,0.0
5.7,0.12,34.61,0.0,0.0
11.7,0.12,43.74,0.0,0.0
6.7,0.24,33.18,0.0,0.0
5.6,0.36,30.66,0.0,0.0
9.5,3.36,42.65,0.0,0.0
10.6,9.0,49.71,0.0,53.1324
8.5,9.6,47.72,0.0,181.458
12.4,8.4,52.24,0.0,279.663
13.5,7.08,52.82,0.0,402.628
9.4,4.32,46.86,0.0,472.282
10.7,1.56,43.82,0.0,149.382
12.8,2.76,47.83,0.0,362.23800000000006
12.3,2.04,50.58,0.0,501.686
9.8,6.36,46.46,0.0,270.715
9.0,2.88,47.6,0.0,302.695
13.9,1.8,54.81,0.0,253.912
12.6,1.08,52.84,0.0,118.407
9.5,0.72,47.17,0.0,32.3568
13.9,5.28,48.2,0.0,0.0
6.5,0.6,35.1,0.0,0.0
9.6,2.76,38.87,0.0,0.0
6.6,2.52,32.09,0.0,0.0
8.7,1.08,34.53,0.0,0.0
7.1,1.92,31.08,0.0,0.0
4.9,3.6,27.25,0.0,0.0
8.8,0.12,33.39,0.0,0.0
5.0,0.24,26.11,0.0,0.0
6.1,1.44,27.49,0.0,0.0
9.1,10.2,36.66,0.0,0.0
7.5,12.96,40.73,0.0,67.9567
11.1,6.96,49.18,0.0,194.149
10.5,5.64,49.16,0.0,351.023
13.6,3.84,53.15,0.0,488.305
11.5,4.08,51.77,0.0,586.19
15.1,0.96,54.8,0.0,640.434
12.0,3.12,52.92,0.0,443.983
8.1,2.16,50.01,0.0,529.4830000000001
10.1,2.04,57.14,0.0,579.54
10.4,1.08,59.24,0.0,468.3080000000001
12.5,0.84,60.2,0.0,324.406
10.5,5.64,58.14,0.0,159.441
9.1,3.36,51.98,0.0,32.0476
8.7,2.64,46.32,0.0,0.0
14.9,1.92,51.74,0.0,0.0
13.7,1.32,48.4,0.0,0.0
8.9,0.6,39.69,0.0,0.0
5.1,0.84,32.87,0.0,0.0
8.7,4.32,37.91,0.0,0.0
9.0,2.64,36.61,0.0,0.0
11.4,0.0,38.75,0.0,0.0
7.0,0.12,30.33,0.0,0.0
6.2,2.04,28.81,0.0,0.0
8.1,1.44,36.2,0.0,0.0
11.6,7.44,48.36,0.0,62.7255
8.9,7.32,46.41,0.0,185.9
8.9,5.16,48.14,0.0,353.264
9.9,5.28,49.89,0.0,491.298
8.6,5.04,45.24,0.0,543.071
14.7,2.04,52.05,0.0,348.75800000000004
17.3,1.68,50.07,0.0,84.5813
10.4,5.28,38.49,0.0,222.611
13.0,1.44,46.82,0.0,308.278
14.8,1.08,53.6,0.0,336.737
13.3,2.4,52.03,0.0,300.79
7.8,2.52,40.43,0.0,140.064
13.1,1.92,43.16,0.0,30.0767
10.2,0.96,34.78,0.0,0.0
8.1,1.56,31.16,0.0,0.0
11.9,3.12,36.39,0.0,0.0
6.0,1.08,26.11,0.0,0.0
9.1,0.48,30.78,0.0,0.0
6.1,2.28,24.65,0.0,0.0
6.3,0.12,24.88,0.0,0.0
7.7,0.12,27.19,0.0,0.0
6.3,0.24,24.54,0.0,0.0
8.7,0.96,28.37,0.0,0.0
10.2,2.28,34.98,0.0,0.0
9.5,3.84,41.75,0.0,58.9887
10.1,3.24,45.92,0.0,184.621
12.0,5.76,49.68,0.0,335.26199999999994
11.4,8.04,47.7,0.0,460.383
8.9,1.92,43.09,0.0,361.722
13.9,3.6,48.0,0.0,181.366
11.1,0.72,38.66,0.0,124.406
11.3,8.16,41.23,0.0,251.276
12.5,3.48,48.77,0.0,401.681
9.8,2.88,47.68,0.0,340.74
9.7,3.84,46.52,0.0,209.132
11.8,1.08,45.08,0.0,72.7708
15.7,4.44,47.11,0.0,15.4776
11.5,2.64,39.1,0.0,0.0
12.1,1.92,39.31,0.0,0.0
10.8,0.84,36.15,0.0,0.0
8.6,0.72,31.72,0.0,0.0
9.4,0.48,32.52,0.0,0.0
14.5,1.92,40.11,0.0,0.0
9.9,0.0,31.29,0.0,0.0
5.5,0.0,23.51,0.0,0.0
10.0,0.0,31.28,0.0,0.0
8.1,0.36,27.49,0.0,0.0
11.0,4.8,37.92,0.0,0.0
12.6,3.84,47.85,0.0,52.8114
12.0,10.92,48.38,0.0,181.765
9.1,4.92,46.14,0.0,341.529
10.5,9.48,49.88,0.0,496.708
12.6,10.32,51.62,0.0,603.283
11.9,5.4,50.5,0.0,519.807
10.9,1.32,52.55,0.0,583.229
10.2,1.56,53.43,0.0,503.24300000000005
11.5,1.44,52.9,0.0,268.008
10.4,4.8,52.17,0.0,264.903
12.2,2.16,54.09,0.0,187.132
15.9,1.08,56.86,0.0,117.304
13.0,1.8,51.38,0.0,26.3847
12.7,1.68,47.77,0.0,0.0
13.4,0.72,46.97,0.0,0.0
8.7,0.72,38.34,0.0,0.0
10.4,0.72,39.87,0.0,0.0
6.8,0.96,33.34,0.0,0.0
8.7,0.36,36.13,0.0,0.0
7.6,0.12,33.26,0.0,0.0
8.8,0.0,34.53,0.0,0.0
6.5,1.8,29.5,0.0,0.0
9.4,2.52,34.11,0.0,0.0
10.0,1.2,40.11,0.0,0.0
10.7,11.76,47.96,0.0,53.8601
10.8,2.88,49.23,0.0,186.219
8.2,8.04,47.85,0.0,350.718
8.9,2.88,49.72,0.0,380.848
9.9,6.12,50.51,0.0,472.555
13.8,7.44,52.85,0.0,501.663
13.4,5.4,47.54,0.0,216.258
12.9,3.0,41.42,0.0,75.1793
10.2,3.84,36.74,0.0,108.54
12.3,4.44,42.38,0.0,190.603
10.7,2.28,40.8,0.0,173.917
8.7,6.24,38.21,0.0,92.0583
9.5,2.04,37.95,0.0,21.0109
9.5,4.32,35.54,0.0,0.0
10.8,1.08,36.62,0.0,0.0
7.9,5.4,30.36,0.0,0.0
8.6,0.48,31.0,0.0,0.0
6.0,0.72,26.38,0.0,0.0
5.9,0.84,26.07,0.0,0.0
8.4,0.12,30.58,0.0,0.0
8.8,0.0,31.44,0.0,0.0
13.4,0.0,39.25,0.0,0.0
11.1,2.16,34.32,0.0,0.0
8.8,2.76,35.67,0.0,0.0
11.6,10.44,48.04,0.0,52.247
9.2,14.16,46.52,0.0,184.116
12.5,16.32,50.09,0.0,359.107
9.6,1.08,47.14,0.0,448.706
13.2,2.4,53.08,0.0,529.533
13.7,8.16,53.62,0.0,500.062
13.4,2.64,51.57,0.0,416.479
8.5,1.32,42.51,0.0,230.593
6.6,0.96,41.22,0.0,317.34
10.9,0.72,47.36,0.0,214.516
12.4,1.44,48.92,0.0,144.378
9.2,2.28,42.47,0.0,58.2998
11.0,2.52,42.07,0.0,11.4734
11.7,0.72,41.04,0.0,0.0
9.4,2.64,35.89,0.0,0.0
9.7,0.6,34.88,0.0,0.0
10.3,1.68,34.63,0.0,0.0
8.1,0.36,30.28,0.0,0.0
10.8,0.36,33.8,0.0,0.0
9.0,2.88,30.2,0.0,0.0
9.8,0.12,30.63,0.0,0.0
11.6,0.24,32.6,0.0,0.0
7.4,0.96,25.54,0.0,0.0
9.9,0.36,30.96,0.0,0.0
6.0,2.4,25.99,0.0,28.7376
11.1,6.72,36.44,0.0,95.7949
12.5,7.2,42.32,0.0,201.513
10.5,1.92,41.63,0.0,284.645
9.5,11.04,37.57,0.0,178.05
10.7,0.84,36.89,0.0,162.058
14.4,0.84,44.33,0.0,284.251
13.9,1.8,44.69,0.0,299.884
12.9,7.68,42.76,0.0,218.493
8.1,3.0,37.53,0.0,246.072
10.0,5.88,43.4,0.0,214.723
16.1,2.16,51.41,0.0,122.895
14.0,1.68,43.98,0.0,26.5612
12.7,3.72,39.31,0.0,0.0
14.4,0.36,40.85,0.0,0.0
8.3,1.2,30.67,0.0,0.0
6.1,4.44,26.8,0.0,0.0
5.7,0.48,25.63,0.0,0.0
5.2,2.04,23.86,0.0,0.0
4.6,0.24,21.05,0.0,0.0
7.0,3.6,23.86,0.0,0.0
7.8,0.24,24.28,0.0,0.0
5.8,0.72,19.99,0.0,0.0
4.5,18.36,22.12,0.0,0.0
13.1,6.24,45.19,0.0,55.2566
13.2,6.36,46.18,0.0,177.896
12.9,8.04,46.17,0.0,321.237
14.2,4.56,49.02,0.0,483.003
14.0,4.68,49.1,0.0,602.61
11.1,1.56,46.6,0.0,648.419
14.4,1.2,53.15,0.0,623.725
10.2,1.8,51.66,0.0,610.0269999999999
12.4,2.64,56.57,0.0,554.9830000000001
9.8,5.4,56.87,0.0,484.432
8.9,1.56,58.03,0.0,338.04900000000004
12.6,0.84,59.95,0.0,166.389
9.2,1.2,52.5,0.0,29.415
10.7,1.44,48.62,0.0,0.0
17.0,0.6,52.86,0.0,0.0
10.5,0.72,42.28,0.0,0.0
7.1,0.36,34.97,0.0,0.0
9.0,0.12,36.65,0.0,0.0
5.9,2.64,30.0,0.0,0.0
11.6,1.2,37.54,0.0,0.0
8.5,0.24,30.94,0.0,0.0
6.6,0.0,27.29,0.0,0.0
7.0,0.48,27.91,0.0,0.0
10.6,1.32,39.02,0.0,0.0
8.1,11.04,41.83,0.0,45.4179
12.3,6.84,48.73,0.0,179.34
9.8,6.48,45.71,0.0,344.64300000000003
12.1,7.08,47.69,0.0,447.836
15.5,3.72,52.74,0.0,438.816
13.4,0.84,49.72,0.0,356.906
11.1,9.48,43.4,0.0,238.594
12.5,0.6,45.62,0.0,238.595
14.5,3.36,49.79,0.0,289.147
10.0,1.68,45.82,0.0,311.434
11.4,3.6,48.18,0.0,249.203
10.2,4.92,47.89,0.0,154.202
11.4,5.4,46.01,0.0,28.8997
13.7,1.8,44.7,0.0,0.0
11.0,1.92,39.37,0.0,0.0
8.0,4.08,34.17,0.0,0.0
6.4,1.92,30.94,0.0,0.0
8.2,0.6,32.88,0.0,0.0
6.9,0.36,29.89,0.0,0.0
6.0,0.48,27.59,0.0,0.0
9.3,0.12,32.82,0.0,0.0
7.3,0.72,28.92,0.0,0.0
7.0,3.24,28.38,0.0,0.0
5.5,1.32,30.44,0.0,0.0
8.3,2.28,44.6,0.0,46.468
12.0,3.72,50.17,0.0,177.322
11.7,6.72,50.2,0.0,346.406
8.9,10.32,46.74,0.0,498.169
11.2,4.92,48.82,0.0,486.947
12.5,7.44,47.41,0.0,240.354
12.6,1.2,45.89,0.0,418.214
10.3,6.36,45.79,0.0,530.805
8.6,5.4,45.34,0.0,366.846
10.7,3.36,51.79,0.0,435.556
8.6,3.24,46.69,0.0,271.816
11.1,2.64,51.78,0.0,153.97
12.9,3.48,50.76,0.0,28.7623
12.0,1.08,45.01,0.0,0.0
15.0,2.28,47.86,0.0,0.0
12.1,2.76,42.22,0.0,0.0
7.6,2.52,34.09,0.0,0.0
7.5,0.0,33.39,0.0,0.0
7.6,0.12,32.83,0.0,0.0
10.5,0.12,36.02,0.0,0.0
7.5,0.0,29.85,0.0,0.0
6.8,0.12,28.12,0.0,0.0
6.9,0.12,29.28,0.0,0.0
9.7,4.32,39.06,0.0,0.0
11.7,20.28,49.58,0.0,54.3921
13.8,11.88,52.8,0.0,183.374
8.7,13.32,46.78,0.0,339.339
12.7,8.04,52.09,0.0,468.473
9.6,11.28,48.21,0.0,432.391
15.1,4.08,52.31,0.0,601.821
13.2,3.0,51.16,0.0,662.1510000000001
10.8,2.88,52.02,0.0,646.192
9.6,5.28,54.98,0.0,589.047
9.7,1.8,57.25,0.0,492.417
7.6,0.72,57.35,0.0,339.41
12.5,0.84,59.6,0.0,169.394
11.6,2.52,57.28,0.0,29.3744
12.3,1.2,53.18,0.0,0.0
9.5,0.84,48.65,0.0,0.0
14.5,1.68,51.41,0.0,0.0
7.1,0.84,40.17,0.0,0.0
6.1,0.84,36.93,0.0,0.0
7.0,0.36,36.18,0.0,0.0
4.7,0.0,30.12,0.0,0.0
7.5,0.0,33.18,0.0,0.0
9.2,0.24,34.73,0.0,0.0
5.0,0.48,26.7,0.0,0.0
9.5,3.36,38.32,0.0,0.0
8.8,9.36,45.04,0.0,51.0485
8.9,5.28,47.4,0.0,181.86900000000003
14.2,11.16,53.83,0.0,348.39
11.1,11.28,51.85,0.0,495.211
9.8,4.68,51.04,0.0,597.0319999999999
12.0,5.52,52.63,0.0,653.981
14.0,5.64,53.97,0.0,653.432
12.0,2.04,54.54,0.0,625.36
8.0,4.56,54.84,0.0,571.493
7.3,3.12,55.11,0.0,387.908
12.7,4.32,55.36,0.0,132.989
10.0,2.4,51.45,0.0,86.0784
12.9,0.96,51.74,0.0,17.6308
13.4,2.64,51.08,0.0,0.0
12.1,2.4,48.17,0.0,0.0
6.2,2.88,38.31,0.0,0.0
7.2,3.36,39.01,0.0,0.0
7.1,0.36,37.28,0.0,0.0
6.5,0.0,34.61,0.0,0.0
7.8,0.36,35.24,0.0,0.0
11.6,0.0,39.99,0.0,0.0
11.5,0.12,38.64,0.0,0.0
9.5,1.08,34.91,0.0,0.0
11.8,3.6,41.56,0.0,0.0
9.4,12.84,45.86,0.0,57.6025
11.6,12.36,51.17,0.0,183.625
8.7,5.52,48.85,0.0,349.341
11.2,3.48,53.08,0.0,490.021
8.1,1.2,50.83,0.0,589.266
12.1,4.08,53.86,0.0,647.137
8.0,2.16,50.84,0.0,657.335
11.2,1.08,55.89,0.0,594.832
9.9,1.8,57.72,0.0,586.428
9.6,2.64,59.01,0.0,475.318
9.5,0.6,59.49,0.0,326.698
12.2,4.56,59.99,0.0,158.477
7.7,5.04,54.6,0.0,28.6888
9.7,1.92,51.69,0.0,0.0
10.7,1.92,51.4,0.0,0.0
7.9,2.28,46.37,0.0,0.0
4.9,1.08,39.92,0.0,0.0
6.2,0.36,40.84,0.0,0.0
6.4,0.36,39.48,0.0,0.0
5.6,0.12,35.66,0.0,0.0
10.6,0.12,42.03,0.0,0.0
6.5,0.12,33.85,0.0,0.0
8.3,0.96,36.79,0.0,0.0
8.8,1.44,39.81,0.0,0.0
9.2,6.6,46.89,0.0,57.9853
10.2,9.72,49.64,0.0,182.239
9.7,17.52,49.42,0.0,306.088
8.3,3.96,46.91,0.0,309.948
10.4,4.92,43.92,0.0,104.832
12.0,0.24,41.87,0.0,51.2445
13.4,2.16,43.38,0.0,86.3186
11.6,2.4,43.15,0.0,288.482
9.4,2.88,46.93,0.0,513.257
11.3,3.96,53.83,0.0,418.74300000000005
12.9,2.64,56.7,0.0,280.78
10.9,0.84,52.77,0.0,138.47299999999998
7.6,2.04,43.28,0.0,25.3071
9.5,2.52,43.49,0.0,0.0
14.1,1.2,48.92,0.0,0.0
8.5,2.52,37.95,0.0,0.0
6.9,0.72,34.65,0.0,0.0
5.6,0.36,31.77,0.0,0.0
9.6,0.36,37.36,0.0,0.0
5.9,3.12,29.5,0.0,0.0
5.2,0.12,27.51,0.0,0.0
5.9,0.0,28.06,0.0,0.0
8.8,0.36,32.41,0.0,0.0
7.6,8.16,31.59,0.0,0.0
11.5,5.4,44.45,0.0,61.2805
10.6,6.0,47.4,0.0,186.671
12.9,3.96,51.32,0.0,339.246
9.5,6.0,48.38,0.0,472.784
10.3,4.92,49.77,0.0,551.751
12.4,1.2,52.15,0.0,630.826
14.6,4.56,55.12,0.0,613.797
8.3,1.56,52.91,0.0,609.24
8.4,2.76,56.57,0.0,544.578
8.7,8.28,59.27,0.0,474.694
9.7,0.84,59.53,0.0,320.963
9.8,1.56,58.86,0.0,155.935
10.6,2.76,54.81,0.0,27.458
6.7,4.2,46.28,0.0,0.0
11.0,1.56,48.91,0.0,0.0
9.3,2.16,43.57,0.0,0.0
11.3,0.48,44.23,0.0,0.0
5.8,0.6,34.57,0.0,0.0
8.6,2.04,38.14,0.0,0.0
5.1,0.0,31.25,0.0,0.0
8.2,0.0,35.82,0.0,0.0
6.9,0.36,32.44,0.0,0.0
9.2,3.96,35.11,0.0,0.0
8.0,1.08,34.98,0.0,0.0
8.7,9.84,41.32,0.0,54.6219
10.1,8.64,42.53,0.0,147.924
16.1,7.08,50.88,0.0,220.561
10.9,6.24,44.22,0.0,191.022
10.2,4.08,48.81,0.0,423.824
12.6,2.64,52.5,0.0,571.148
11.9,1.44,52.88,0.0,591.915
14.7,4.44,56.94,0.0,468.169
11.0,1.92,50.61,0.0,181.084
10.6,5.28,47.07,0.0,97.7015
10.3,1.68,46.1,0.0,108.33
14.7,4.2,51.89,0.0,61.1576
13.3,3.12,48.01,0.0,9.86164
10.7,1.44,42.12,0.0,0.0
7.7,2.52,36.55,0.0,0.0
9.8,2.52,38.98,0.0,0.0
10.6,1.32,38.99,0.0,0.0
10.3,0.84,37.44,0.0,0.0
5.8,0.12,29.16,0.0,0.0
6.1,0.24,29.03,0.0,0.0
8.9,0.24,33.06,0.0,0.0
7.0,0.36,28.73,0.0,0.0
6.0,3.0,26.84,0.0,0.0
10.5,2.04,38.2,0.0,0.0
10.1,4.92,43.33,0.0,54.7206
10.6,3.84,44.33,0.0,171.792
9.3,3.24,41.8,0.0,250.078
8.3,7.2,45.56,0.0,459.603
7.9,2.52,46.92,0.0,518.389
10.5,6.0,49.31,0.0,586.8330000000001
11.2,2.04,51.55,0.0,688.612
8.0,9.72,50.66,0.0,568.938
9.5,2.16,52.89,0.0,490.98800000000006
12.2,5.64,59.28,0.0,485.79
9.2,2.4,54.29,0.0,236.168
9.3,2.04,51.09,0.0,101.327
12.4,3.0,50.58,0.0,20.5883
13.0,0.36,48.51,0.0,0.0
11.0,3.24,44.47,0.0,0.0
8.9,1.68,39.79,0.0,0.0
6.7,2.04,34.34,0.0,0.0
8.4,0.12,35.52,0.0,0.0
10.0,0.36,36.8,0.0,0.0
7.1,0.12,30.65,0.0,0.0
7.8,0.12,30.98,0.0,0.0
5.3,0.12,26.06,0.0,0.0
7.5,0.24,30.51,0.0,0.0
7.8,9.48,34.67,0.0,0.0
11.0,5.64,46.29,0.0,48.5465
11.2,4.08,47.42,0.0,180.186
9.8,9.36,44.23,0.0,321.461
10.9,7.08,39.63,0.0,122.758
10.9,6.48,38.5,0.0,107.1
15.3,2.88,46.75,0.0,160.191
10.1,3.96,36.52,0.0,103.355
9.0,3.48,34.73,0.0,140.649
12.7,1.8,42.76,0.0,226.741
9.0,0.84,38.53,0.0,211.018
15.7,3.84,48.89,0.0,173.886
12.8,3.96,42.92,0.0,86.2299
13.6,0.72,41.62,0.0,15.5902
12.6,1.08,37.96,0.0,0.0
9.3,1.08,32.11,0.0,0.0
10.6,2.52,34.04,0.0,0.0
6.2,0.72,26.08,0.0,0.0
5.0,0.36,24.22,0.0,0.0
7.4,0.24,28.75,0.0,0.0
9.5,0.48,31.92,0.0,0.0
5.3,0.0,24.24,0.0,0.0
5.3,0.24,23.93,0.0,0.0
6.9,0.84,25.56,0.0,0.0
9.5,6.24,29.84,0.0,0.0
9.6,9.12,30.15,0.0,20.5714
10.2,4.56,30.44,0.0,78.4851
7.7,4.2,31.33,0.0,236.011
8.3,5.4,36.72,0.0,386.871
7.4,6.12,37.18,0.0,476.86300000000006
13.0,10.68,46.45,0.0,536.818
12.2,1.56,46.14,0.0,540.831
9.4,1.08,44.51,0.0,549.616
10.9,4.32,48.56,0.0,451.026
10.9,0.72,49.53,0.0,357.759
9.7,4.2,52.36,0.0,335.91
8.6,3.96,50.71,0.0,167.769
8.7,1.56,44.17,0.0,26.2493
9.2,1.8,39.86,0.0,0.0
12.9,1.8,43.63,0.0,0.0
11.8,0.48,40.28,0.0,0.0
7.4,3.12,32.01,0.0,0.0
10.0,3.6,35.13,0.0,0.0
7.6,0.24,30.34,0.0,0.0
10.1,0.12,33.01,0.0,0.0
3.8,0.12,21.31,0.0,0.0
7.4,1.2,27.73,0.0,0.0
8.8,2.52,30.22,0.0,0.0
8.8,8.64,33.58,0.0,0.0
11.4,9.36,45.58,0.0,49.7782
12.1,5.88,48.69,0.0,180.905
12.0,3.96,50.1,0.0,355.801
12.6,5.52,51.83,0.0,500.882
11.7,0.6,51.44,0.0,570.195
15.7,3.36,55.13,0.0,633.335
12.2,4.44,53.66,0.0,652.8009999999999
13.9,0.84,57.54,0.0,680.492
9.9,2.64,58.55,0.0,606.1709999999999
9.6,1.08,59.0,0.0,427.617
11.9,1.56,59.5,0.0,285.083
10.5,4.32,56.01,0.0,145.553
8.4,1.8,47.54,0.0,24.0029
14.1,1.56,49.47,0.0,0.0
11.3,0.96,44.05,0.0,0.0
9.0,1.32,38.64,0.0,0.0
9.6,0.48,37.92,0.0,0.0
7.3,1.08,32.66,0.0,0.0
5.9,0.24,29.5,0.0,0.0
10.3,1.8,35.41,0.0,0.0
9.3,0.12,32.11,0.0,0.0
7.1,0.24,27.72,0.0,0.0
5.9,0.36,25.77,0.0,0.0
11.2,1.32,38.21,0.0,0.0
7.4,4.92,40.23,0.0,42.4032
7.7,7.8,43.67,0.0,171.523
10.8,10.08,48.01,0.0,338.675
14.6,5.16,52.81,0.0,491.341
11.2,9.12,50.28,0.0,574.313
13.0,5.16,52.39,0.0,629.099
13.1,2.64,53.32,0.0,674.4889999999999
13.2,2.88,56.2,0.0,656.0
11.1,4.56,57.74,0.0,596.564
15.4,1.2,59.31,0.0,396.735
10.1,1.32,48.76,0.0,41.4151
13.0,2.16,50.36,0.0,27.4067
9.1,2.28,42.61,0.0,2.03857
12.7,1.08,45.56,0.0,0.0
7.4,0.36,35.76,0.0,0.0
8.1,3.24,34.84,0.0,0.0
5.4,1.32,29.67,0.0,0.0
8.5,0.24,33.37,0.0,0.0
7.8,0.6,30.68,0.0,0.0
3.6,0.12,23.01,0.0,0.0
7.6,0.24,29.55,0.0,0.0
9.3,0.24,31.64,0.0,0.0
7.4,0.12,27.62,0.0,0.0
8.5,8.52,33.13,0.0,0.0
13.8,15.24,49.22,0.0,47.5083
10.7,3.72,46.51,0.0,176.99900000000002
8.8,5.28,45.87,0.0,349.166
13.5,4.2,52.3,0.0,496.366
9.6,6.0,47.71,0.0,606.549
11.5,1.68,51.15,0.0,631.55
13.3,2.04,53.66,0.0,610.908
9.2,1.44,49.6,0.0,221.567
8.3,2.76,50.65,0.0,378.586
11.4,1.44,58.33,0.0,424.432
13.7,1.08,60.28,0.0,286.485
11.0,5.88,57.91,0.0,149.77100000000002
16.0,5.28,56.71,0.0,24.005
9.6,2.76,47.47,0.0,0.0
9.3,3.84,45.39,0.0,0.0
9.2,0.6,43.63,0.0,0.0
7.1,0.6,38.31,0.0,0.0
7.4,0.84,36.59,0.0,0.0
9.1,2.28,37.18,0.0,0.0
10.5,0.12,37.67,0.0,0.0
6.7,0.24,30.21,0.0,0.0
8.9,0.24,33.16,0.0,0.0
7.2,0.24,29.91,0.0,0.0
9.2,1.44,36.79,0.0,0.0
10.5,9.96,46.65,0.0,44.5243
9.7,1.08,47.45,0.0,175.37900000000002
12.7,3.6,51.51,0.0,350.987
12.3,5.76,51.84,0.0,493.707
12.9,9.0,53.01,0.0,593.057
14.1,4.92,54.34,0.0,589.9830000000001
12.2,2.04,51.39,0.0,201.838
11.7,1.2,50.22,0.0,266.355
11.1,1.08,51.53,0.0,356.779
12.8,0.96,54.85,0.0,323.308
11.7,4.68,53.4,0.0,210.643
13.1,5.04,52.85,0.0,104.125
14.2,6.48,50.45,0.0,18.2768
9.4,0.84,42.2,0.0,0.0
13.0,2.28,46.21,0.0,0.0
9.4,2.76,39.22,0.0,0.0
8.5,0.72,36.15,0.0,0.0
6.7,0.96,31.62,0.0,0.0
4.2,0.0,26.44,0.0,0.0
4.8,2.4,27.17,0.0,0.0
8.9,0.12,33.66,0.0,0.0
5.9,0.24,27.72,0.0,0.0
5.8,0.24,27.42,0.0,0.0
5.9,2.64,30.94,0.0,0.0
9.1,3.12,44.44,0.0,49.5442
11.8,1.44,49.63,0.0,176.141
11.8,3.24,49.75,0.0,347.27
12.9,15.24,52.3,0.0,486.836
10.2,5.4,50.58,0.0,574.349
13.5,6.6,53.14,0.0,601.969
13.2,1.8,53.84,0.0,673.503
11.0,4.92,55.11,0.0,648.465
9.9,2.64,55.43,0.0,426.709
8.7,1.56,53.22,0.0,247.489
8.6,0.96,54.4,0.0,211.864
11.0,2.4,55.4,0.0,105.067
10.5,1.44,52.25,0.0,18.1977
10.3,1.44,49.42,0.0,0.0
11.0,0.72,47.7,0.0,0.0
13.6,1.56,48.5,0.0,0.0
7.1,1.08,37.07,0.0,0.0
7.6,0.36,37.06,0.0,0.0
7.7,0.36,36.79,0.0,0.0
7.6,0.12,35.69,0.0,0.0
7.5,0.24,34.55,0.0,0.0
6.5,0.24,31.87,0.0,0.0
10.3,0.24,37.22,0.0,0.0
6.7,3.12,33.5,0.0,0.0
9.5,10.8,46.48,0.0,44.3556
12.1,5.88,50.91,0.0,175.172
11.2,9.6,51.23,0.0,349.283
10.9,3.48,52.26,0.0,496.137
11.2,5.52,53.02,0.0,602.693
10.2,3.6,53.14,0.0,663.535
16.9,4.56,58.14,0.0,599.7230000000001
12.0,0.96,56.87,0.0,620.187
8.9,1.92,57.9,0.0,565.2040000000001
9.5,2.04,59.27,0.0,480.2480000000001
13.2,6.48,61.31,0.0,322.715
9.3,4.8,60.38,0.0,151.156
7.7,1.68,54.46,0.0,22.0176
8.8,3.6,50.91,0.0,0.0
9.3,1.68,49.18,0.0,0.0
6.9,1.92,43.01,0.0,0.0
6.4,0.36,39.69,0.0,0.0
9.2,0.48,42.13,0.0,0.0
10.0,0.24,41.06,0.0,0.0
5.1,0.36,32.34,0.0,0.0
4.2,0.12,31.2,0.0,0.0
5.4,0.0,32.54,0.0,0.0
7.8,0.12,34.74,0.0,0.0
6.5,2.4,29.91,0.0,0.0
8.2,11.88,31.86,0.0,1.28041
12.8,10.56,36.23,0.0,22.0656
8.6,5.76,26.84,0.0,33.2401
9.5,7.8,29.13,0.0,51.5621
11.0,7.08,36.16,0.0,219.781
12.1,1.2,43.73,0.0,540.205
14.4,0.96,49.81,0.0,618.242
10.6,3.0,47.89,0.0,562.717
8.8,3.6,47.58,0.0,437.965
11.1,5.28,51.92,0.0,334.042
12.9,6.0,55.25,0.0,225.558
6.0,1.92,45.61,0.0,102.591
10.6,3.0,48.32,0.0,15.5298
8.8,1.56,44.01,0.0,0.0
13.2,1.2,49.45,0.0,0.0
12.0,0.72,46.16,0.0,0.0
5.8,2.04,35.36,0.0,0.0
9.9,0.48,41.49,0.0,0.0
7.1,0.96,34.92,0.0,0.0
6.5,0.0,32.72,0.0,0.0
6.2,0.0,31.14,0.0,0.0
5.4,0.36,28.68,0.0,0.0
7.4,0.48,32.21,0.0,0.0
8.7,6.84,36.67,0.0,0.0
11.9,10.44,48.42,0.0,54.8533
10.9,7.32,49.29,0.0,183.042
11.6,5.64,51.49,0.0,344.057
9.4,4.08,50.31,0.0,483.306
11.2,1.68,52.4,0.0,585.965
11.8,0.72,52.74,0.0,594.964
13.5,3.12,55.24,0.0,642.886
12.2,0.6,56.86,0.0,592.4780000000001
8.5,3.48,52.83,0.0,213.268
12.5,0.48,51.66,0.0,42.5572
10.6,0.36,45.85,0.0,23.7022
11.9,3.72,46.08,0.0,10.889
11.9,2.28,43.29,0.0,0.0
13.4,2.52,42.79,0.0,0.0
10.4,1.2,37.33,0.0,0.0
8.9,0.48,34.62,0.0,0.0
9.7,1.44,34.99,0.0,0.0
6.7,0.24,28.71,0.0,0.0
5.4,3.36,26.63,0.0,0.0
5.3,0.12,25.72,0.0,0.0
7.7,0.0,29.17,0.0,0.0
4.6,0.24,23.44,0.0,0.0
5.2,0.48,25.06,0.0,0.0
7.4,5.16,31.42,0.0,0.0
8.8,10.92,41.15,0.0,56.1177
10.4,11.64,47.57,0.0,185.532
9.7,9.48,48.24,0.0,329.723
10.8,5.16,51.21,0.0,450.533
10.3,3.6,51.45,0.0,514.119
13.1,0.6,55.7,0.0,557.404
12.0,3.96,56.08,0.0,575.1759999999999
11.7,0.96,56.63,0.0,627.04
11.7,1.8,54.93,0.0,320.315
10.6,0.96,52.78,0.0,238.84
9.7,0.72,52.03,0.0,185.51
7.8,5.4,48.11,0.0,89.7293
10.4,1.2,47.39,0.0,12.2584
11.9,3.36,46.36,0.0,0.0
9.1,0.48,40.58,0.0,0.0
12.2,1.8,43.66,0.0,0.0
8.4,0.48,36.53,0.0,0.0
5.7,0.24,31.38,0.0,0.0
6.8,0.36,32.06,0.0,0.0
8.0,0.48,33.18,0.0,0.0
5.3,0.12,27.7,0.0,0.0
8.4,0.0,32.79,0.0,0.0
9.8,0.84,33.71,0.0,0.0
9.6,9.12,34.56,0.0,0.0
6.9,6.96,36.21,0.0,54.7337
15.3,10.56,51.76,0.0,182.034
13.1,7.2,51.05,0.0,344.116
9.4,2.64,49.14,0.0,484.085
8.6,3.36,49.89,0.0,591.554
13.0,0.48,55.04,0.0,650.011
15.4,5.76,57.26,0.0,669.648
13.1,3.84,58.28,0.0,628.352
8.9,0.36,57.79,0.0,556.153
9.4,0.36,54.61,0.0,153.841
11.1,1.08,55.37,0.0,133.71
9.1,3.0,52.43,0.0,87.9377
12.0,5.16,51.61,0.0,11.5253
9.9,4.32,45.49,0.0,0.0
10.0,2.16,43.51,0.0,0.0
8.4,1.92,38.84,0.0,0.0
4.8,0.84,31.26,0.0,0.0
6.3,2.28,31.63,0.0,0.0
7.0,2.4,30.74,0.0,0.0
7.3,0.96,29.8,0.0,0.0
4.7,0.0,24.27,0.0,0.0
8.3,0.0,29.98,0.0,0.0
5.6,0.24,24.49,0.0,0.0
6.1,4.2,27.29,0.0,0.0
11.5,10.32,41.96,0.0,55.1925
9.4,3.0,40.18,0.0,178.625
11.0,5.88,45.65,0.0,306.646
13.1,1.56,51.76,0.0,492.634
11.2,4.92,50.91,0.0,556.453
13.1,1.44,53.72,0.0,421.418
12.4,1.92,54.99,0.0,593.744
10.1,5.52,54.1,0.0,545.122
11.6,7.92,55.42,0.0,420.387
10.8,3.24,56.93,0.0,440.219
9.1,4.68,55.38,0.0,318.017
14.2,3.0,58.56,0.0,149.13299999999998
10.2,1.08,46.83,0.0,19.778
11.3,1.56,44.46,0.0,0.0
9.7,0.24,40.8,0.0,0.0
8.0,2.88,37.05,0.0,0.0
7.8,2.04,35.14,0.0,0.0
7.9,0.36,33.88,0.0,0.0
5.6,0.6,28.96,0.0,0.0
5.0,1.08,27.28,0.0,0.0
5.4,0.0,27.38,0.0,0.0
9.1,0.12,32.97,0.0,0.0
5.3,0.12,25.06,0.0,0.0
7.4,4.68,30.7,0.0,0.0
12.1,5.4,41.88,0.0,52.8878
10.0,2.28,36.17,0.0,115.343
12.5,9.0,42.42,0.0,208.831
9.4,16.56,42.86,0.0,472.383
8.6,6.0,43.82,0.0,521.039
15.3,1.92,53.18,0.0,653.503
14.5,2.28,53.12,0.0,705.5419999999999
8.8,5.64,50.52,0.0,662.057
8.2,4.2,53.06,0.0,553.021
9.0,2.64,56.16,0.0,468.784
11.1,6.36,59.4,0.0,314.54400000000004
11.9,5.04,58.09,0.0,139.60299999999998
8.5,1.68,48.71,0.0,18.4697
12.1,2.28,49.96,0.0,0.0
11.3,0.6,47.83,0.0,0.0
10.9,0.84,45.19,0.0,0.0
6.2,1.8,35.99,0.0,0.0
6.6,0.24,36.37,0.0,0.0
9.0,1.44,39.44,0.0,0.0
5.4,0.24,32.31,0.0,0.0
7.6,0.24,36.15,0.0,0.0
6.7,0.0,33.53,0.0,0.0
7.5,0.0,34.12,0.0,0.0
9.9,1.56,39.78,0.0,0.0
9.1,16.2,43.81,0.0,53.2594
9.1,10.8,47.22,0.0,176.93900000000002
14.5,6.0,54.55,0.0,336.47900000000004
11.0,6.36,51.51,0.0,429.021
13.0,3.6,53.54,0.0,526.788
11.9,1.8,53.44,0.0,630.5419999999999
11.5,4.08,54.79,0.0,614.203
12.6,2.64,57.8,0.0,572.2080000000001
15.1,3.12,59.66,0.0,445.497
11.9,3.0,56.68,0.0,301.582
9.9,2.76,52.97,0.0,124.802
12.0,4.8,53.64,0.0,54.6455
10.7,5.4,50.83,0.0,2.71366
9.9,3.96,48.47,0.0,0.0
10.1,1.44,46.59,0.0,0.0
7.5,1.44,40.09,0.0,0.0
6.7,2.04,38.03,0.0,0.0
6.2,2.76,36.22,0.0,0.0
4.5,1.2,32.05,0.0,0.0
9.0,0.36,39.29,0.0,0.0
4.5,0.36,29.96,0.0,0.0
5.6,0.24,31.45,0.0,0.0
7.1,0.6,33.52,0.0,0.0
11.6,3.84,41.38,0.0,0.0
10.5,14.04,42.4,0.0,51.6337
11.8,8.88,47.85,0.0,171.113
11.0,2.52,48.86,0.0,318.165
10.9,6.12,50.2,0.0,427.014
8.9,7.44,49.15,0.0,469.144
12.3,1.44,54.28,0.0,452.836
12.0,1.44,55.01,0.0,477.346
11.8,0.96,55.59,0.0,438.927
8.1,1.8,48.68,0.0,215.546
9.2,1.08,44.93,0.0,109.718
10.2,1.92,44.77,0.0,19.5075
9.7,2.28,44.37,0.0,9.98892
8.2,3.48,40.03,0.0,0.0
12.1,1.2,43.86,0.0,0.0
8.3,1.08,35.53,0.0,0.0
9.3,0.84,36.27,0.0,0.0
5.9,0.36,29.92,0.0,0.0
7.5,0.0,32.43,0.0,0.0
9.7,0.36,35.52,0.0,0.0
5.9,0.36,28.14,0.0,0.0
5.5,0.12,27.55,0.0,0.0
7.3,0.12,30.82,0.0,0.0
7.0,0.12,29.7,0.0,0.0
9.3,6.48,33.79,0.0,0.0
11.6,11.52,37.22,0.0,22.0911
9.5,3.96,32.49,0.0,78.9733
9.3,6.0,33.14,0.0,114.613
9.4,6.0,34.11,0.0,168.942
12.8,1.08,40.11,0.0,157.197
13.1,5.28,41.23,0.0,151.999
14.2,2.04,44.29,0.0,236.882
10.8,1.92,39.14,0.0,218.802
9.1,1.56,35.81,0.0,132.309
12.1,0.84,41.46,0.0,97.9406
12.0,0.24,42.4,0.0,122.243
9.4,7.68,38.75,0.0,64.4606
8.9,2.4,36.21,0.0,6.00705
15.2,0.72,45.67,0.0,0.0
15.0,1.68,43.88,0.0,0.0
10.9,1.08,36.16,0.0,0.0
7.6,0.48,30.69,0.0,0.0
7.6,0.48,31.21,0.0,0.0
5.6,0.36,26.83,0.0,0.0
6.8,0.24,28.14,0.0,0.0
8.7,0.12,30.84,0.0,0.0
8.6,2.4,31.06,0.0,0.0
8.2,1.2,30.89,0.0,0.0
7.4,2.28,28.51,0.0,0.0
10.5,7.44,32.3,0.0,0.0
7.9,11.28,24.59,0.0,13.2891
12.0,10.92,31.15,0.0,21.3704
10.7,8.52,27.9,0.0,46.1958
12.9,6.36,32.85,0.0,93.2408
12.8,4.92,34.04,0.0,129.07
9.2,3.48,30.49,0.0,234.673
12.6,0.48,36.81,0.0,186.404
8.7,1.56,30.28,0.0,168.22099999999998
9.5,0.36,33.36,0.0,175.009
13.0,0.96,41.39,0.0,169.28400000000002
9.6,4.68,35.21,0.0,77.4836
9.4,0.96,32.96,0.0,6.88657
12.1,3.96,36.45,0.0,0.0
11.4,0.72,33.84,0.0,0.0
9.1,2.04,29.37,0.0,0.0
11.0,0.72,31.56,0.0,0.0
7.8,0.0,25.6,0.0,0.0
6.0,1.44,23.89,0.0,0.0
7.1,0.24,26.01,0.0,0.0
6.5,0.24,23.73,0.0,0.0
4.9,0.12,19.75,0.0,0.0
8.4,0.36,25.33,0.0,0.0
8.4,7.56,25.52,0.0,0.0
11.5,7.92,30.94,0.0,32.4072
10.1,8.16,27.84,0.0,102.293
9.3,11.76,28.07,0.0,129.283
11.1,2.52,34.08,0.0,217.541
13.0,4.56,38.58,0.0,283.39
13.1,0.84,39.39,0.0,247.55
13.4,4.92,39.54,0.0,253.301
13.0,4.2,40.83,0.0,348.241
8.2,1.08,36.7,0.0,393.334
11.3,0.12,43.9,0.0,340.148
9.9,0.6,43.45,0.0,243.917
8.9,0.6,42.6,0.0,137.697
11.3,5.04,40.14,0.0,15.9616
9.7,1.8,34.24,0.0,0.0
12.6,1.08,37.66,0.0,0.0
8.8,0.72,31.12,0.0,0.0
9.9,0.6,32.49,0.0,0.0
9.6,0.96,31.34,0.0,0.0
6.1,0.48,25.67,0.0,0.0
6.9,1.2,26.78,0.0,0.0
5.9,0.0,24.88,0.0,0.0
6.3,0.12,25.81,0.0,0.0
5.3,1.2,23.53,0.0,0.0
7.7,0.24,28.38,0.0,0.0
12.0,11.52,39.31,0.0,43.7597
9.9,7.2,33.71,0.0,131.572
9.6,5.76,34.75,0.0,247.512
9.8,1.8,39.64,0.0,430.665
10.4,5.76,44.92,0.0,566.911
14.3,6.72,53.02,0.0,533.604
15.4,5.16,55.67,0.0,618.5419999999999
9.0,0.48,51.21,0.0,579.181
12.8,11.52,54.76,0.0,336.665
8.1,2.76,47.68,0.0,337.041
10.5,3.36,53.2,0.0,283.275
9.9,7.44,49.35,0.0,124.853
9.9,1.68,43.54,0.0,12.9223
8.2,0.84,38.61,0.0,0.0
9.2,0.84,39.33,0.0,0.0
15.8,0.36,47.52,0.0,0.0
8.2,2.28,33.02,0.0,0.0
6.3,0.36,29.73,0.0,0.0
8.9,1.44,34.01,0.0,0.0
5.0,3.0,27.59,0.0,0.0
10.8,0.0,38.31,0.0,0.0
5.4,0.24,27.18,0.0,0.0
7.1,0.12,30.31,0.0,0.0
8.8,4.92,35.93,0.0,0.0
7.7,4.8,41.41,0.0,47.6604
10.0,4.32,48.38,0.0,177.52900000000002
12.9,6.48,52.72,0.0,355.694
10.1,15.72,50.32,0.0,487.5630000000001
8.6,7.56,50.14,0.0,572.88
9.9,7.92,51.96,0.0,669.586
11.4,5.76,54.66,0.0,662.336
12.3,5.16,56.93,0.0,687.638
11.8,5.52,59.23,0.0,621.735
8.1,6.72,58.34,0.0,495.276
10.9,1.44,59.42,0.0,333.201
10.1,1.68,58.71,0.0,143.745
10.9,4.8,53.52,0.0,13.7045
8.7,2.28,47.08,0.0,0.0
12.9,1.2,49.34,0.0,0.0
10.2,0.84,42.34,0.0,0.0
5.0,0.84,32.6,0.0,0.0
7.7,0.48,35.44,0.0,0.0
6.9,3.72,33.13,0.0,0.0
11.1,0.12,39.57,0.0,0.0
5.2,0.0,29.14,0.0,0.0
6.5,0.12,31.68,0.0,0.0
5.2,0.36,29.1,0.0,0.0
4.7,4.32,30.37,0.0,0.0
8.9,6.36,46.31,0.0,46.6717
10.9,8.4,50.81,0.0,177.485
8.9,1.8,48.45,0.0,318.576
9.8,1.56,49.7,0.0,313.646
12.3,5.64,49.86,0.0,478.514
13.1,7.92,47.77,0.0,233.887
12.0,8.04,43.14,0.0,90.8012
12.6,0.96,44.93,0.0,313.062
9.6,4.68,47.02,0.0,478.825
10.6,9.48,51.96,0.0,396.185
11.2,4.68,50.99,0.0,274.899
11.1,3.84,49.81,0.0,117.231
8.7,3.24,42.24,0.0,11.075
11.3,0.72,43.41,0.0,0.0
12.3,0.72,43.67,0.0,0.0
10.1,1.92,39.17,0.0,0.0
6.7,1.56,33.0,0.0,0.0
6.1,0.12,31.33,0.0,0.0
6.3,0.24,31.03,0.0,0.0
4.9,0.12,27.21,0.0,0.0
4.7,0.12,26.56,0.0,0.0
10.1,0.12,36.4,0.0,0.0
9.1,0.24,32.86,0.0,0.0
5.9,3.6,29.4,0.0,0.0
10.8,12.84,47.2,0.0,38.1878
10.5,8.76,48.44,0.0,166.66
10.9,7.68,49.99,0.0,331.281
8.2,11.64,47.88,0.0,393.286
10.6,11.16,51.26,0.0,518.961
12.3,1.44,52.24,0.0,672.73
13.7,0.84,54.51,0.0,501.3130000000001
11.2,4.44,53.23,0.0,331.76199999999994
9.4,1.44,56.52,0.0,595.442
7.9,2.88,57.53,0.0,500.562
11.1,2.4,59.94,0.0,333.468
8.1,3.72,58.08,0.0,143.72299999999998
8.4,1.8,50.35,0.0,12.6384
9.5,1.56,47.12,0.0,0.0
10.7,1.56,46.72,0.0,0.0
9.1,0.96,41.71,0.0,0.0
8.6,0.72,39.01,0.0,0.0
4.7,0.36,31.83,0.0,0.0
6.8,0.6,33.95,0.0,0.0
7.6,0.24,33.75,0.0,0.0
6.9,0.12,31.92,0.0,0.0
10.7,0.12,37.63,0.0,0.0
8.0,0.24,32.2,0.0,0.0
10.5,5.04,38.49,0.0,0.0
7.4,10.68,41.21,0.0,43.2681
9.4,2.04,47.15,0.0,173.234
12.7,8.88,51.6,0.0,335.444
13.8,8.28,51.21,0.0,485.651
12.7,1.32,45.67,0.0,305.189
12.6,1.92,43.51,0.0,189.928
10.4,5.16,45.09,0.0,543.341
10.3,2.28,46.9,0.0,519.658
9.0,1.44,47.38,0.0,450.30300000000005
10.3,2.28,52.21,0.0,373.422
9.5,0.96,53.17,0.0,252.05900000000003
11.5,11.28,54.83,0.0,134.569
12.8,2.76,50.14,0.0,7.90115
14.7,0.84,49.92,0.0,0.0
8.7,1.2,40.53,0.0,0.0
7.9,0.6,38.46,0.0,0.0
8.3,0.72,37.52,0.0,0.0
5.6,0.36,32.06,0.0,0.0
5.0,3.96,30.51,0.0,0.0
8.3,0.12,34.76,0.0,0.0
6.4,0.0,30.4,0.0,0.0
6.1,0.12,30.05,0.0,0.0
7.7,0.36,32.73,0.0,0.0
6.4,4.92,32.25,0.0,0.0
9.2,16.92,46.02,0.0,39.1471
10.1,9.96,48.29,0.0,173.995
13.0,7.44,51.76,0.0,353.892
9.9,3.24,49.14,0.0,473.535
14.0,4.68,51.48,0.0,431.311
9.8,0.6,43.7,0.0,210.93400000000003
14.3,2.16,53.09,0.0,409.617
12.6,2.04,53.81,0.0,631.982
9.8,4.08,53.44,0.0,530.64
8.2,0.48,49.92,0.0,313.559
10.7,0.6,49.4,0.0,147.934
12.8,1.92,50.33,0.0,59.1942
8.6,3.12,41.46,0.0,1.9803
9.4,3.0,40.53,0.0,0.0
11.0,1.44,41.51,0.0,0.0
14.5,1.2,45.01,0.0,0.0
8.5,1.56,34.5,0.0,0.0
6.7,1.08,32.13,0.0,0.0
7.2,0.24,32.55,0.0,0.0
4.7,0.12,26.97,0.0,0.0
5.1,0.0,27.65,0.0,0.0
6.8,0.24,30.61,0.0,0.0
8.8,1.08,33.06,0.0,0.0
12.4,15.12,40.74,0.0,0.0
11.3,10.44,45.98,0.0,38.5502
11.2,6.36,46.88,0.0,172.76
10.6,8.16,46.86,0.0,324.607
12.3,3.24,47.97,0.0,475.907
11.9,1.8,45.48,0.0,502.372
8.4,1.44,37.14,0.0,143.58100000000002
13.4,3.6,45.84,0.0,275.709
10.7,3.48,45.78,0.0,401.778
10.5,1.56,48.39,0.0,444.997
8.7,3.24,44.5,0.0,287.015
9.6,1.92,46.19,0.0,257.092
9.7,3.0,46.1,0.0,114.318
9.3,5.28,40.92,0.0,5.35621
9.0,0.84,37.72,0.0,0.0
10.8,1.44,38.86,0.0,0.0
8.5,0.96,33.78,0.0,0.0
7.3,0.84,31.26,0.0,0.0
8.9,0.36,33.77,0.0,0.0
10.2,1.68,35.45,0.0,0.0
8.5,1.44,31.56,0.0,0.0
4.9,0.0,24.92,0.0,0.0
7.4,0.12,28.84,0.0,0.0
7.7,0.12,28.72,0.0,0.0
8.7,4.32,32.72,0.0,0.0
7.9,16.32,40.31,0.0,39.5092
13.0,6.84,49.95,0.0,174.03799999999998
10.0,4.08,46.79,0.0,332.06800000000004
8.6,4.08,46.68,0.0,479.972
9.6,2.16,46.64,0.0,582.695
13.2,5.64,52.17,0.0,508.755
13.2,1.44,52.44,0.0,386.432
10.1,0.72,49.25,0.0,441.18
9.7,6.12,51.11,0.0,478.546
8.0,0.84,48.47,0.0,362.514
10.2,2.76,46.4,0.0,155.084
9.9,3.6,45.04,0.0,61.2403
12.9,1.56,47.13,0.0,1.18488
14.4,0.72,46.54,0.0,0.0
8.0,0.6,35.42,0.0,0.0
9.5,1.92,36.49,0.0,0.0
7.6,1.68,32.77,0.0,0.0
8.6,0.6,33.16,0.0,0.0
4.5,0.84,25.53,0.0,0.0
3.9,0.24,24.08,0.0,0.0
4.8,0.0,24.98,0.0,0.0
6.2,0.0,27.12,0.0,0.0
6.4,0.24,27.0,0.0,0.0
6.5,1.32,28.91,0.0,0.0
8.6,8.76,41.34,0.0,42.6263
11.1,1.8,47.72,0.0,171.17700000000002
9.1,4.08,46.54,0.0,346.745
8.8,14.4,47.83,0.0,476.24
9.2,7.2,48.91,0.0,613.298
12.5,7.2,53.04,0.0,667.3969999999999
12.5,1.68,54.47,0.0,687.86
11.6,3.12,56.77,0.0,658.1360000000001
10.3,3.84,58.13,0.0,592.487
8.1,4.08,53.6,0.0,329.927
9.5,0.96,52.04,0.0,180.531
9.5,2.16,49.41,0.0,76.3742
9.3,4.32,44.62,0.0,2.94103
13.5,3.0,47.46,0.0,0.0
8.5,0.6,38.19,0.0,0.0
9.9,0.36,38.8,0.0,0.0
6.8,1.44,32.7,0.0,0.0
11.3,0.0,38.56,0.0,0.0
6.7,0.24,30.41,0.0,0.0
3.5,0.24,24.46,0.0,0.0
6.2,0.0,28.24,0.0,0.0
9.0,0.0,31.72,0.0,0.0
6.3,1.32,26.07,0.0,0.0
7.8,4.68,30.46,0.0,0.0
11.9,12.96,44.41,0.0,47.2671
10.8,11.04,46.58,0.0,173.58
11.1,8.52,48.87,0.0,346.626
10.7,6.96,49.53,0.0,491.581
10.7,4.56,50.03,0.0,600.75
11.7,11.76,51.15,0.0,653.0840000000001
12.0,8.04,52.23,0.0,669.867
12.6,2.04,55.04,0.0,642.1669999999999
9.1,1.56,51.71,0.0,214.629
10.9,1.2,53.65,0.0,226.462
8.4,1.2,54.97,0.0,284.686
12.0,2.04,57.38,0.0,121.609
10.9,5.04,50.77,0.0,5.2187
9.6,0.72,46.87,0.0,0.0
11.4,0.72,48.47,0.0,0.0
9.6,3.12,43.42,0.0,0.0
4.5,0.72,33.63,0.0,0.0
8.1,0.48,37.95,0.0,0.0
7.5,0.48,34.88,0.0,0.0
4.4,0.12,28.96,0.0,0.0
5.2,0.24,30.37,0.0,0.0
8.2,0.0,34.79,0.0,0.0
8.6,0.48,34.29,0.0,0.0
9.2,3.6,36.75,0.0,0.0
11.4,14.88,48.09,0.0,44.5608
11.3,4.92,50.15,0.0,174.171
12.5,8.4,52.57,0.0,342.259
6.6,3.6,46.57,0.0,408.29
11.5,5.64,53.26,0.0,444.225
9.6,2.88,51.63,0.0,504.943
12.4,1.32,55.19,0.0,585.381
10.5,0.48,54.78,0.0,381.344
9.7,1.56,51.16,0.0,300.43
10.8,1.92,51.05,0.0,163.295
8.8,5.04,45.48,0.0,6.6696100000000005
10.2,0.48,45.85,0.0,0.0
12.3,0.6,46.5,0.0,0.0
9.4,1.8,39.57,0.0,0.0
11.4,1.2,41.71,0.0,0.0
7.1,1.2,34.05,0.0,0.0
6.5,0.84,32.45,0.0,0.0
7.5,1.2,33.82,0.0,0.0
5.8,0.24,30.24,0.0,0.0
6.5,0.24,30.96,0.0,0.0
5.5,0.12,28.91,0.0,0.0
4.7,0.36,27.65,0.0,0.0
4.7,0.24,27.92,0.0,0.0
12.6,4.56,44.21,0.0,0.0
9.9,13.92,45.83,0.0,44.3755
15.8,6.6,54.31,0.0,176.84099999999998
12.0,6.24,49.38,0.0,295.914
10.2,4.2,42.0,0.0,324.301
11.1,1.44,41.05,0.0,370.901
10.2,0.6,38.19,0.0,220.127
13.3,1.68,46.25,0.0,523.342
9.8,1.08,44.12,0.0,405.056
9.3,2.88,46.7,0.0,420.285
11.7,1.2,51.18,0.0,304.955
9.5,1.56,43.2,0.0,168.13099999999997
8.1,16.56,39.16,0.0,64.9502
8.1,2.04,36.38,0.0,1.25015
11.2,4.2,39.07,0.0,0.0
11.6,1.32,37.74,0.0,0.0
12.1,0.6,37.21,0.0,0.0
5.5,1.2,26.91,0.0,0.0
7.6,0.96,31.43,0.0,0.0
9.6,0.36,34.71,0.0,0.0
6.0,0.48,27.98,0.0,0.0
9.2,0.12,34.17,0.0,0.0
6.6,0.24,28.89,0.0,0.0
8.3,0.72,32.03,0.0,0.0
7.4,4.2,30.26,0.0,0.0
9.8,12.12,41.11,0.0,44.3583
10.2,15.48,46.25,0.0,179.729
12.0,6.72,50.22,0.0,366.24300000000005
10.3,1.92,49.66,0.0,486.294
10.5,3.84,50.47,0.0,638.918
15.1,1.56,56.01,0.0,617.22
10.9,1.8,53.01,0.0,595.7230000000001
11.1,0.24,53.47,0.0,553.116
9.5,2.64,51.2,0.0,391.904
7.0,1.08,48.02,0.0,285.456
15.1,0.96,57.58,0.0,203.398
9.3,1.2,49.62,0.0,85.7634
10.6,0.48,45.51,0.0,2.17777
13.6,4.08,46.9,0.0,0.0
10.5,0.72,40.95,0.0,0.0
13.0,1.8,42.58,0.0,0.0
7.8,0.72,33.85,0.0,0.0
4.8,0.72,28.78,0.0,0.0
6.3,0.12,30.68,0.0,0.0
7.1,0.12,31.53,0.0,0.0
8.5,0.0,33.25,0.0,0.0
6.6,0.12,28.26,0.0,0.0
10.5,0.36,33.98,0.0,0.0
8.1,7.56,30.1,0.0,0.0
8.9,12.6,34.01,0.0,36.4348
10.6,10.2,39.12,0.0,117.742
12.5,11.28,43.2,0.0,169.167
9.7,2.52,39.26,0.0,170.96099999999998
9.7,3.12,41.09,0.0,167.726
10.2,4.08,44.68,0.0,238.952
12.6,0.6,51.39,0.0,444.087
11.3,0.84,48.5,0.0,308.67900000000003
11.9,1.08,53.19,0.0,444.427
8.9,0.36,49.36,0.0,285.66900000000004
13.6,3.72,53.21,0.0,165.183
11.2,1.08,47.5,0.0,62.8352
9.3,2.52,40.49,0.0,0.4531739999999999
10.6,3.6,40.58,0.0,0.0
9.9,1.08,39.4,0.0,0.0
10.4,1.68,40.29,0.0,0.0
8.5,0.48,36.15,0.0,0.0
9.5,0.84,36.98,0.0,0.0
7.8,1.44,33.14,0.0,0.0
6.4,0.12,29.44,0.0,0.0
7.7,0.0,31.01,0.0,0.0
8.0,0.0,31.19,0.0,0.0
6.3,0.96,28.41,0.0,0.0
5.8,2.28,30.55,0.0,0.0
13.2,8.52,49.43,0.0,42.3697
12.4,5.4,46.17,0.0,123.378
11.5,4.32,47.53,0.0,295.053
10.5,6.96,41.93,0.0,169.572
13.4,4.68,47.79,0.0,366.655
11.2,5.88,46.34,0.0,456.427
10.9,1.92,47.36,0.0,498.317
10.6,5.64,49.3,0.0,559.175
8.6,3.96,47.42,0.0,363.646
7.8,0.84,48.77,0.0,345.492
12.5,3.72,55.88,0.0,238.405
11.4,7.44,52.21,0.0,97.6768
12.4,1.44,47.51,0.0,2.75811
12.0,1.32,43.75,0.0,0.0
12.4,1.08,43.02,0.0,0.0
6.4,0.84,33.07,0.0,0.0
7.4,1.32,34.19,0.0,0.0
6.3,1.56,31.46,0.0,0.0
9.4,0.48,35.71,0.0,0.0
6.7,0.12,30.29,0.0,0.0
6.7,0.0,30.04,0.0,0.0
4.9,0.12,26.77,0.0,0.0
6.9,0.24,30.68,0.0,0.0
5.2,5.28,28.29,0.0,0.0
8.8,6.48,35.95,0.0,25.52
11.2,3.6,40.86,0.0,88.2887
12.7,4.92,50.21,0.0,277.54
8.8,16.8,48.57,0.0,515.1990000000001
10.9,3.72,52.42,0.0,568.376
13.6,8.4,55.78,0.0,575.665
14.0,3.48,56.33,0.0,509.49
16.6,6.24,58.36,0.0,391.185
11.4,4.92,55.64,0.0,363.082
8.4,4.08,56.02,0.0,395.67800000000005
8.9,0.6,56.81,0.0,264.087
9.3,4.44,53.28,0.0,97.8853
9.0,1.68,46.12,0.0,1.88695
10.5,2.28,45.53,0.0,0.0
10.7,0.36,44.47,0.0,0.0
13.7,1.08,46.75,0.0,0.0
10.1,1.2,39.78,0.0,0.0
4.2,0.12,29.81,0.0,0.0
5.7,0.0,31.98,0.0,0.0
6.0,0.0,32.32,0.0,0.0
10.1,0.12,39.19,0.0,0.0
6.7,0.12,32.54,0.0,0.0
7.0,0.96,33.06,0.0,0.0
8.3,6.48,36.93,0.0,0.0
9.8,12.24,45.89,0.0,41.9038
10.3,15.48,47.9,0.0,177.858
10.8,2.76,49.53,0.0,358.591
7.8,6.84,48.11,0.0,513.4630000000001
12.4,6.96,54.79,0.0,627.464
9.8,5.28,53.73,0.0,695.704
10.7,3.72,55.77,0.0,706.2389999999999
10.9,0.84,58.12,0.0,671.637
10.9,5.04,59.03,0.0,585.746
15.5,3.24,59.86,0.0,476.381
10.1,2.64,58.9,0.0,305.632
8.7,0.84,58.0,0.0,115.362
9.9,0.84,52.45,0.0,2.23359
9.5,2.64,49.57,0.0,0.0
12.0,0.96,49.67,0.0,0.0
8.1,0.48,42.39,0.0,0.0
11.9,1.44,45.68,0.0,0.0
6.6,0.0,36.36,0.0,0.0
7.7,0.24,37.15,0.0,0.0
6.7,0.0,35.07,0.0,0.0
6.7,0.24,34.54,0.0,0.0
6.5,0.24,33.25,0.0,0.0
8.0,0.36,34.97,0.0,0.0
8.0,5.16,35.89,0.0,0.0
12.2,11.64,49.04,0.0,41.9049
9.5,8.4,46.44,0.0,176.856
9.4,10.68,48.01,0.0,359.69
12.3,6.96,52.92,0.0,515.439
10.7,4.68,52.34,0.0,626.318
11.2,3.96,53.69,0.0,693.882
11.1,0.72,54.68,0.0,699.4680000000001
10.6,0.84,56.81,0.0,670.065
10.3,3.6,58.52,0.0,594.005
10.5,2.64,58.46,0.0,467.872
6.3,3.24,57.61,0.0,299.645
11.1,2.64,58.93,0.0,107.661
11.4,3.0,53.99,0.0,1.78404
10.1,1.2,50.67,0.0,0.0
7.2,0.96,45.74,0.0,0.0
11.2,0.96,47.91,0.0,0.0
8.2,0.96,41.83,0.0,0.0
4.5,0.6,35.33,0.0,0.0
6.0,0.24,37.3,0.0,0.0
9.6,2.16,41.43,0.0,0.0
7.0,0.12,35.01,0.0,0.0
7.6,0.12,34.81,0.0,0.0
6.5,0.12,32.26,0.0,0.0
6.6,6.0,33.82,0.0,0.0
9.3,12.48,43.92,0.0,42.4149
10.5,6.72,48.1,0.0,179.893
13.3,3.48,52.57,0.0,359.796
8.8,6.24,49.62,0.0,519.364
9.7,3.96,51.37,0.0,621.268
9.3,2.52,51.66,0.0,683.8580000000001
10.9,1.44,54.43,0.0,704.827
11.7,1.44,57.74,0.0,663.942
9.3,0.6,57.92,0.0,583.105
6.9,0.24,57.23,0.0,458.4
10.5,0.36,58.57,0.0,292.407
11.7,4.56,59.05,0.0,103.804
10.6,1.32,54.93,0.0,0.968144
9.7,1.68,51.98,0.0,0.0
10.9,0.72,52.35,0.0,0.0
10.6,1.68,50.88,0.0,0.0
8.0,0.48,45.07,0.0,0.0
7.2,0.36,40.51,0.0,0.0
7.8,0.24,40.05,0.0,0.0
10.3,0.0,42.67,0.0,0.0
8.6,0.0,38.38,0.0,0.0
9.7,0.6,39.07,0.0,0.0
7.2,0.36,34.12,0.0,0.0
8.9,3.0,37.68,0.0,0.0
9.0,9.96,42.81,0.0,42.0882
12.4,15.24,50.11,0.0,179.40599999999998
14.0,6.24,52.34,0.0,349.94
14.4,5.52,53.12,0.0,495.075
10.7,1.56,51.23,0.0,606.276
9.5,3.12,50.91,0.0,665.3380000000001
11.2,0.48,53.97,0.0,684.297
9.2,1.56,55.99,0.0,654.8480000000001
10.7,0.48,58.92,0.0,525.212
12.2,1.92,57.74,0.0,285.803
14.0,2.04,55.69,0.0,49.0128
15.5,1.2,55.38,0.0,15.1797
11.0,2.64,50.73,0.0,0.0
15.1,2.64,52.44,0.0,0.0
12.0,0.84,46.97,0.0,0.0
7.5,1.68,38.6,0.0,0.0
8.8,2.04,39.25,0.0,0.0
11.9,0.24,43.34,0.0,0.0
5.9,0.12,33.08,0.0,0.0
3.7,2.88,28.1,0.0,0.0
6.3,0.24,30.91,0.0,0.0
7.5,0.0,31.49,0.0,0.0
6.4,0.12,28.81,0.0,0.0
10.1,8.28,36.08,0.0,0.0
9.9,8.52,42.35,0.0,43.0139
13.1,8.28,49.45,0.0,176.96099999999998
8.8,6.36,45.84,0.0,355.05800000000005
11.8,2.88,51.42,0.0,473.273
13.2,4.08,53.75,0.0,595.314
11.3,1.8,53.12,0.0,655.743
12.8,5.76,55.89,0.0,678.6360000000001
9.1,1.56,53.81,0.0,517.056
14.8,2.04,53.1,0.0,60.3019
12.7,0.48,49.7,0.0,63.427
13.8,6.24,51.97,0.0,98.9255
9.3,1.56,45.95,0.0,31.7911
10.9,0.24,45.7,0.0,0.0
11.3,0.6,44.25,0.0,0.0
13.2,3.0,45.2,0.0,0.0
16.3,1.8,47.24,0.0,0.0
7.5,1.44,32.95,0.0,0.0
6.4,1.32,30.83,0.0,0.0
8.8,0.36,34.28,0.0,0.0
5.3,0.12,27.48,0.0,0.0
4.0,0.12,25.17,0.0,0.0
4.2,0.0,25.64,0.0,0.0
6.2,0.12,28.76,0.0,0.0
10.0,3.84,37.07,0.0,0.0
6.9,12.72,37.75,0.0,44.0704
12.2,9.72,47.1,0.0,162.734
9.7,11.64,40.63,0.0,238.631
7.8,6.6,39.4,0.0,306.185
9.5,2.52,45.96,0.0,473.758
11.3,3.96,51.29,0.0,583.85
11.3,6.24,53.04,0.0,675.8380000000001
10.5,5.4,52.45,0.0,605.003
11.6,3.12,48.48,0.0,255.872
11.5,4.2,43.68,0.0,86.4757
8.6,1.92,39.04,0.0,65.8951
8.3,5.16,38.63,0.0,20.2064
13.8,3.24,44.71,0.0,0.0
10.4,2.76,37.63,0.0,0.0
9.2,1.92,35.8,0.0,0.0
13.4,3.0,41.99,0.0,0.0
9.7,0.84,34.23,0.0,0.0
6.3,0.6,27.96,0.0,0.0
5.3,0.24,26.12,0.0,0.0
4.5,0.36,24.62,0.0,0.0
4.5,0.0,25.0,0.0,0.0
6.1,0.12,28.14,0.0,0.0
5.7,0.24,26.81,0.0,0.0
6.8,0.36,30.6,0.0,0.0
8.0,4.32,39.31,0.0,41.959
11.8,6.6,44.23,0.0,118.049
9.3,7.56,30.82,0.0,6.08395
7.0,7.08,24.66,0.0,48.4516
11.7,3.96,32.69,0.0,34.2565
12.8,3.6,35.58,0.0,90.4156
16.5,3.36,43.78,0.0,209.173
11.7,5.88,40.03,0.0,365.912
10.8,1.44,41.61,0.0,371.144
7.6,3.6,37.23,0.0,246.672
11.0,3.96,41.44,0.0,139.27100000000002
11.2,1.44,41.12,0.0,45.1927
9.1,3.48,36.34,0.0,0.0
12.3,1.68,40.3,0.0,0.0
10.1,0.48,35.9,0.0,0.0
8.4,1.32,32.53,0.0,0.0
10.2,0.36,34.96,0.0,0.0
6.0,0.12,26.81,0.0,0.0
6.6,0.12,27.55,0.0,0.0
7.1,0.0,27.32,0.0,0.0
6.1,0.12,24.49,0.0,0.0
5.0,0.24,22.42,0.0,0.0
7.2,0.36,26.25,0.0,0.0
5.3,0.6,23.66,0.0,0.0
8.8,8.4,38.71,0.0,39.2909
9.6,6.72,44.11,0.0,175.16099999999997
8.8,8.76,44.46,0.0,354.416
8.5,13.56,45.06,0.0,393.676
11.2,11.04,48.55,0.0,535.635
10.1,12.0,46.64,0.0,670.813
15.5,1.8,54.75,0.0,685.1619999999999
13.1,2.52,56.09,0.0,583.547
10.1,2.28,54.3,0.0,511.41
7.6,0.48,48.85,0.0,322.98900000000003
15.4,0.36,55.1,0.0,123.614
9.6,6.96,45.83,0.0,36.6881
11.8,2.04,45.56,0.0,0.0
10.1,0.96,40.6,0.0,0.0
11.8,0.72,42.42,0.0,0.0
6.9,1.68,33.51,0.0,0.0
6.1,0.24,30.91,0.0,0.0
8.2,0.12,33.02,0.0,0.0
9.4,0.24,33.72,0.0,0.0
4.5,1.68,24.48,0.0,0.0
4.1,0.12,23.67,0.0,0.0
7.6,0.12,29.36,0.0,0.0
6.1,0.72,25.4,0.0,0.0
9.7,3.72,33.54,0.0,0.0
10.2,10.32,40.14,0.0,40.9155
11.6,15.0,45.92,0.0,178.207
12.1,7.44,47.98,0.0,318.298
13.8,0.36,49.44,0.0,285.434
11.3,2.16,47.18,0.0,330.341
12.3,0.48,49.92,0.0,458.767
12.8,0.84,51.15,0.0,674.939
11.7,0.6,51.12,0.0,467.807
8.9,0.48,49.09,0.0,341.991
9.3,0.36,53.89,0.0,417.24
9.5,0.84,55.16,0.0,289.599
11.8,3.96,53.45,0.0,95.0056
12.5,3.48,46.93,0.0,0.0
11.0,3.96,42.39,0.0,0.0
7.5,1.44,35.58,0.0,0.0
9.1,1.2,35.83,0.0,0.0
7.6,2.16,32.01,0.0,0.0
8.4,0.12,31.85,0.0,0.0
9.3,0.12,31.15,0.0,0.0
8.3,0.12,27.7,0.0,0.0
6.3,0.24,23.54,0.0,0.0
5.2,0.12,21.26,0.0,0.0
8.0,0.24,25.86,0.0,0.0
7.4,2.64,25.88,0.0,0.0
14.7,16.56,45.63,0.0,38.8698
11.5,9.96,44.1,0.0,181.165
12.3,1.44,46.54,0.0,353.744
10.7,11.88,46.12,0.0,515.28
7.2,1.8,42.58,0.0,632.549
8.9,6.24,46.19,0.0,705.9169999999999
8.9,0.36,47.9,0.0,711.072
9.5,0.36,52.13,0.0,682.837
9.4,1.56,55.41,0.0,599.382
7.4,0.6,53.93,0.0,414.131
9.6,3.6,56.22,0.0,239.656
9.0,4.92,53.16,0.0,100.171
10.9,4.08,48.38,0.0,0.0
12.3,0.96,47.81,0.0,0.0
12.9,0.84,46.35,0.0,0.0
10.1,0.84,40.19,0.0,0.0
6.2,1.8,32.72,0.0,0.0
11.7,0.48,39.87,0.0,0.0
4.5,0.12,27.45,0.0,0.0
8.2,0.12,32.47,0.0,0.0
6.0,0.0,26.93,0.0,0.0
4.7,0.0,24.24,0.0,0.0
8.8,0.6,30.99,0.0,0.0
6.3,2.64,27.09,0.0,0.0
11.3,12.0,43.83,0.0,39.4749
13.2,12.36,48.69,0.0,176.634
11.2,9.96,46.21,0.0,273.943
10.2,5.52,45.95,0.0,422.198
10.7,4.08,45.49,0.0,290.8
14.1,2.04,51.47,0.0,308.581
12.5,0.96,48.4,0.0,303.046
8.7,2.28,48.62,0.0,665.135
8.1,0.96,50.68,0.0,440.367
10.4,0.6,55.23,0.0,328.478
9.5,0.48,55.18,0.0,281.922
11.0,3.36,51.54,0.0,87.0663
10.4,1.44,43.51,0.0,0.0
13.2,3.36,44.61,0.0,0.0
9.0,0.96,36.89,0.0,0.0
8.6,2.28,34.37,0.0,0.0
10.8,1.56,35.87,0.0,0.0
9.3,1.08,32.16,0.0,0.0
6.5,0.0,27.25,0.0,0.0
10.2,0.0,32.6,0.0,0.0
7.0,0.0,27.27,0.0,0.0
7.1,0.24,26.84,0.0,0.0
9.4,0.24,30.04,0.0,0.0
8.6,8.28,29.39,0.0,0.0
9.0,12.6,38.29,0.0,38.8146
12.6,6.0,47.27,0.0,165.579
11.9,4.08,47.45,0.0,300.333
14.3,4.08,51.18,0.0,516.9490000000001
9.9,0.72,47.47,0.0,610.159
11.2,0.24,50.32,0.0,651.7769999999999
16.0,3.0,54.83,0.0,687.1289999999999
8.2,2.64,46.21,0.0,284.83
13.0,0.36,49.92,0.0,109.433
11.0,0.96,50.35,0.0,282.89
7.5,1.56,48.19,0.0,251.025
12.3,5.16,51.69,0.0,75.7193
9.5,0.36,41.93,0.0,0.0
15.6,0.48,48.8,0.0,0.0
12.3,3.12,42.72,0.0,0.0
16.4,1.44,46.71,0.0,0.0
13.0,2.04,39.11,0.0,0.0
10.4,0.0,33.92,0.0,0.0
7.9,0.36,29.09,0.0,0.0
6.2,0.0,26.33,0.0,0.0
7.0,0.24,27.69,0.0,0.0
7.3,0.0,27.5,0.0,0.0
5.1,0.36,23.37,0.0,0.0
9.6,3.24,32.36,0.0,0.0
11.8,12.6,43.26,0.0,38.2605
10.4,8.76,44.13,0.0,160.369
9.9,21.72,45.65,0.0,315.168
9.2,1.32,47.4,0.0,487.001
12.2,5.76,48.49,0.0,598.674
10.7,3.0,45.06,0.0,551.895
8.9,3.84,38.86,0.0,293.987
11.4,3.72,43.56,0.0,475.419
9.7,0.84,36.75,0.0,198.384
10.6,2.16,35.26,0.0,108.084
13.8,0.96,41.08,0.0,78.5411
10.7,4.8,35.99,0.0,21.104
8.4,0.96,30.97,0.0,0.0
8.9,0.36,31.12,0.0,0.0
9.8,1.08,33.1,0.0,0.0
8.5,1.08,30.06,0.0,0.0
10.9,0.12,32.63,0.0,0.0
6.0,0.36,23.09,0.0,0.0
4.7,0.48,20.44,0.0,0.0
4.4,0.12,19.17,0.0,0.0
5.4,0.0,20.66,0.0,0.0
7.5,2.28,25.01,0.0,0.0
8.0,2.76,26.07,0.0,0.0
5.8,0.24,23.97,0.0,0.0
12.2,7.2,41.42,0.0,37.3287
9.4,2.4,37.27,0.0,147.01
12.5,7.32,45.47,0.0,275.827
8.9,17.4,44.64,0.0,496.33
10.1,3.84,47.65,0.0,604.165
10.3,4.68,49.36,0.0,640.474
10.3,0.96,50.98,0.0,684.2810000000001
10.3,2.88,53.73,0.0,672.0169999999999
11.1,4.08,57.95,0.0,593.368
8.0,5.04,55.94,0.0,455.271
9.7,3.36,57.26,0.0,276.624
11.2,3.96,54.29,0.0,80.2372
13.4,5.16,50.53,0.0,0.0
9.8,3.12,42.77,0.0,0.0
12.5,1.92,45.29,0.0,0.0
11.0,0.48,41.93,0.0,0.0
6.9,1.44,34.69,0.0,0.0
8.7,0.36,35.51,0.0,0.0
6.7,0.36,29.37,0.0,0.0
8.1,0.24,29.75,0.0,0.0
7.1,0.0,27.15,0.0,0.0
8.5,0.0,28.99,0.0,0.0
5.6,0.24,24.2,0.0,0.0
6.6,0.84,28.4,0.0,0.0
10.1,6.36,40.93,0.0,37.9664
9.1,3.36,42.47,0.0,177.282
13.1,8.28,49.96,0.0,358.767
11.2,13.08,48.95,0.0,509.304
8.4,1.68,45.52,0.0,617.871
12.6,7.08,49.79,0.0,669.166
13.6,1.92,51.77,0.0,698.077
10.7,1.8,52.93,0.0,671.695
10.3,1.08,56.48,0.0,575.81
8.2,0.96,55.25,0.0,438.419
7.0,0.48,52.93,0.0,264.279
12.3,6.36,54.98,0.0,72.9856
9.8,8.28,45.84,0.0,0.0
10.4,3.36,44.31,0.0,0.0
13.3,1.44,46.43,0.0,0.0
14.2,1.56,45.6,0.0,0.0
4.8,0.24,30.19,0.0,0.0
6.2,0.84,31.33,0.0,0.0
8.2,0.12,33.58,0.0,0.0
8.0,0.0,32.87,0.0,0.0
7.8,0.24,32.55,0.0,0.0
5.6,0.12,29.24,0.0,0.0
6.1,0.48,28.24,0.0,0.0
8.6,3.24,31.44,0.0,0.0
8.6,10.68,38.96,0.0,37.0347
11.8,4.68,48.03,0.0,176.579
10.3,9.84,47.38,0.0,364.787
13.4,0.6,52.33,0.0,524.4830000000001
14.1,0.36,53.78,0.0,639.8580000000001
14.2,2.64,53.78,0.0,700.432
10.7,0.48,51.6,0.0,684.1310000000001
10.8,0.24,52.92,0.0,383.031
12.9,1.56,55.0,0.0,337.422
10.1,6.12,53.76,0.0,334.809
8.4,0.84,53.93,0.0,274.115
8.1,1.56,49.05,0.0,75.9192
10.8,4.08,45.83,0.0,0.0
11.8,0.72,44.53,0.0,0.0
10.7,2.28,41.13,0.0,0.0
12.6,0.36,42.66,0.0,0.0
7.3,1.92,33.97,0.0,0.0
4.9,0.48,29.55,0.0,0.0
9.3,0.0,35.44,0.0,0.0
6.7,0.12,29.62,0.0,0.0
8.2,0.24,31.32,0.0,0.0
10.1,0.24,34.01,0.0,0.0
3.9,0.12,23.2,0.0,0.0
11.9,7.68,38.43,0.0,0.0
12.5,12.0,46.67,0.0,35.4844
11.7,2.76,47.55,0.0,176.90900000000002
11.8,5.52,49.1,0.0,362.235
9.6,9.6,48.99,0.0,523.525
12.3,0.12,52.45,0.0,629.6519999999999
12.7,5.04,52.52,0.0,508.241
12.9,0.84,51.86,0.0,429.419
13.9,3.24,53.36,0.0,394.697
7.5,4.32,46.89,0.0,286.827
10.6,0.96,53.16,0.0,267.296
13.4,2.04,58.3,0.0,247.18
10.6,2.88,51.15,0.0,67.7118
9.3,1.2,43.43,0.0,0.0
9.8,1.8,42.12,0.0,0.0
12.4,3.36,44.87,0.0,0.0
9.7,1.2,38.92,0.0,0.0
7.0,2.88,33.62,0.0,0.0
8.6,0.12,35.27,0.0,0.0
10.1,0.36,36.42,0.0,0.0
6.2,0.12,28.71,0.0,0.0
6.4,0.0,29.02,0.0,0.0
5.9,0.0,28.06,0.0,0.0
7.4,0.36,30.34,0.0,0.0
5.3,3.6,27.61,0.0,0.0
8.3,13.2,41.51,0.0,37.332
13.1,14.52,50.67,0.0,176.1
11.5,3.84,45.93,0.0,307.085
9.9,7.92,40.24,0.0,352.509
11.7,3.36,40.52,0.0,191.49400000000003
8.6,0.96,39.63,0.0,458.818
9.2,0.84,43.32,0.0,503.511
11.1,1.32,45.61,0.0,331.635
14.4,2.16,46.21,0.0,185.721
9.5,2.52,36.26,0.0,98.7565
13.6,0.72,43.28,0.0,56.0185
14.3,1.68,43.68,0.0,11.6549
9.6,0.6,34.43,0.0,0.0
8.1,0.6,31.36,0.0,0.0
8.9,1.92,32.3,0.0,0.0
11.4,0.84,35.02,0.0,0.0
5.7,1.32,24.96,0.0,0.0
10.3,0.12,33.35,0.0,0.0
7.6,0.12,27.69,0.0,0.0
7.9,0.24,27.9,0.0,0.0
11.8,0.0,34.1,0.0,0.0
5.9,0.24,23.17,0.0,0.0
7.9,0.0,28.05,0.0,0.0
8.3,9.0,30.11,0.0,0.0
12.3,19.56,44.42,0.0,39.8905
8.6,7.8,42.21,0.0,174.696
12.6,9.24,49.4,0.0,292.196
8.0,1.32,43.04,0.0,338.896
10.9,0.6,48.41,0.0,458.506
10.8,0.96,47.03,0.0,346.18800000000005
10.6,0.6,46.91,0.0,338.244
11.3,0.6,48.18,0.0,285.25
14.7,1.92,54.97,0.0,361.207
7.7,1.32,44.45,0.0,253.96400000000003
10.4,3.0,46.66,0.0,118.639
8.7,1.8,41.81,0.0,27.9792
9.9,0.6,41.46,0.0,0.0
10.9,0.6,41.19,0.0,0.0
9.9,0.48,37.98,0.0,0.0
13.7,1.92,42.1,0.0,0.0
11.5,0.48,36.63,0.0,0.0
5.0,0.36,25.22,0.0,0.0
7.4,0.48,29.15,0.0,0.0
6.9,1.92,27.32,0.0,0.0
5.8,2.16,25.0,0.0,0.0
6.5,0.12,25.88,0.0,0.0
8.2,0.48,27.92,0.0,0.0
9.8,6.6,31.42,0.0,0.0
12.5,10.08,42.76,0.0,36.0592
10.9,4.68,40.26,0.0,132.114
12.3,13.68,45.46,0.0,281.91900000000004
8.1,3.48,42.7,0.0,395.216
11.0,5.88,50.12,0.0,468.986
10.3,3.36,50.54,0.0,641.55
15.1,3.6,57.11,0.0,632.2819999999999
14.4,3.36,58.46,0.0,518.259
8.8,2.52,55.95,0.0,536.2
9.2,4.92,55.94,0.0,375.947
16.6,0.36,59.05,0.0,140.929
10.9,6.48,51.97,0.0,33.012
9.7,0.36,47.19,0.0,0.0
9.5,0.36,44.45,0.0,0.0
9.8,1.2,43.12,0.0,0.0
5.8,1.8,34.45,0.0,0.0
10.1,0.6,40.08,0.0,0.0
7.6,1.2,34.03,0.0,0.0
6.7,0.24,31.2,0.0,0.0
4.3,0.12,25.58,0.0,0.0
3.9,0.36,23.92,0.0,0.0
4.5,0.12,24.12,0.0,0.0
7.5,0.12,28.74,0.0,0.0
6.7,2.64,27.78,0.0,0.0
9.5,3.96,41.55,0.0,37.5123
8.4,3.36,44.56,0.0,178.231
10.0,5.64,49.42,0.0,370.298
9.9,12.0,51.05,0.0,525.236
11.0,3.0,52.95,0.0,632.81
14.0,2.52,55.62,0.0,689.586
8.0,0.84,51.56,0.0,687.556
9.7,1.32,56.52,0.0,661.9580000000001
11.9,2.88,59.22,0.0,574.234
12.2,1.92,58.96,0.0,446.93
11.2,0.6,58.82,0.0,264.586
7.6,0.72,54.91,0.0,67.5569
15.7,2.52,55.14,0.0,0.0
11.3,0.84,49.73,0.0,0.0
8.2,0.84,44.37,0.0,0.0
9.6,1.08,43.77,0.0,0.0
7.4,2.52,38.48,0.0,0.0
8.2,0.24,37.46,0.0,0.0
6.7,0.0,33.56,0.0,0.0
6.3,0.12,31.96,0.0,0.0
5.6,0.12,29.16,0.0,0.0
8.6,0.0,32.62,0.0,0.0
5.4,0.0,27.0,0.0,0.0
12.3,0.6,39.69,0.0,0.0
10.1,4.68,42.34,0.0,38.0648
12.8,6.84,48.62,0.0,178.94400000000002
8.8,9.72,45.31,0.0,366.56
9.7,10.8,48.41,0.0,521.212
11.7,3.6,51.33,0.0,627.5880000000001
10.2,7.68,50.56,0.0,686.4780000000001
14.9,1.44,55.53,0.0,698.1139999999999
12.8,0.36,56.82,0.0,653.395
14.5,5.16,58.7,0.0,573.656
9.9,1.2,57.41,0.0,431.944
11.2,1.32,57.88,0.0,249.19
8.1,0.84,53.59,0.0,60.8562
12.1,1.92,51.93,0.0,0.0
12.7,1.44,50.39,0.0,0.0
13.4,0.84,48.88,0.0,0.0
9.6,4.8,42.11,0.0,0.0
7.9,0.36,38.21,0.0,0.0
5.7,0.96,33.49,0.0,0.0
5.1,0.48,31.18,0.0,0.0
6.6,0.0,31.44,0.0,0.0
5.3,0.24,27.6,0.0,0.0
6.5,0.36,28.99,0.0,0.0
10.0,0.24,33.55,0.0,0.0
7.8,1.8,30.38,0.0,0.0
9.6,9.84,42.55,0.0,37.9723
9.4,8.88,46.03,0.0,177.977
12.8,9.48,51.29,0.0,364.4380000000001
11.8,3.12,51.35,0.0,517.066
12.6,2.04,51.76,0.0,619.087
12.6,0.24,51.92,0.0,672.492
9.0,3.12,49.94,0.0,669.794
11.1,2.76,55.07,0.0,539.069
11.8,0.36,57.33,0.0,472.779
7.8,0.36,55.19,0.0,363.578
11.0,1.8,57.97,0.0,235.918
10.2,6.24,53.36,0.0,53.5917
12.7,4.08,51.84,0.0,0.0
10.9,1.44,48.08,0.0,0.0
16.3,0.72,52.36,0.0,0.0
13.4,0.6,47.18,0.0,0.0
9.6,0.96,40.21,0.0,0.0
11.0,1.44,40.28,0.0,0.0
6.4,0.36,30.67,0.0,0.0
7.1,0.12,30.29,0.0,0.0
5.7,0.36,26.82,0.0,0.0
6.0,0.12,26.26,0.0,0.0
5.1,0.12,23.65,0.0,0.0
7.7,8.28,28.6,0.0,0.0
8.6,13.32,37.84,0.0,37.4769
10.1,5.16,45.01,0.0,176.76
12.3,5.28,49.4,0.0,316.634
11.0,3.84,49.43,0.0,461.158
13.8,0.6,53.02,0.0,617.3580000000001
9.8,0.84,50.35,0.0,680.081
9.8,0.6,52.7,0.0,686.821
11.4,2.64,57.28,0.0,634.504
8.2,0.12,54.59,0.0,380.715
10.7,2.28,58.23,0.0,407.544
11.1,0.12,56.65,0.0,171.709
12.2,2.64,54.24,0.0,37.0118
10.0,1.08,49.07,0.0,0.0
12.1,7.32,49.4,0.0,0.0
8.1,4.56,42.04,0.0,0.0
11.4,0.72,44.54,0.0,0.0
7.5,0.72,36.97,0.0,0.0
7.5,0.24,35.38,0.0,0.0
3.8,0.72,27.67,0.0,0.0
9.0,0.0,34.77,0.0,0.0
8.6,0.36,31.79,0.0,0.0
7.3,0.36,28.3,0.0,0.0
4.4,0.24,22.97,0.0,0.0
6.9,2.52,27.87,0.0,0.0
14.2,12.36,47.5,0.0,38.113
10.6,10.92,45.45,0.0,175.74599999999998
10.3,7.44,47.45,0.0,356.978
9.3,4.68,48.89,0.0,512.682
11.2,4.92,50.98,0.0,614.491
10.0,1.44,50.05,0.0,663.3439999999999
11.4,0.72,52.05,0.0,695.697
8.4,0.96,46.12,0.0,330.838
9.0,0.84,40.86,0.0,53.737
13.4,2.28,51.08,0.0,172.64
10.3,0.84,51.52,0.0,231.871
13.6,0.36,50.47,0.0,48.8354
7.6,1.68,37.46,0.0,0.0
11.4,2.04,41.32,0.0,0.0
10.9,0.24,39.12,0.0,0.0
6.7,0.84,31.06,0.0,0.0
10.0,4.56,34.79,0.0,0.0
6.3,3.12,27.35,0.0,0.0
7.0,2.64,27.86,0.0,0.0
6.4,0.0,25.82,0.0,0.0
5.7,0.0,23.7,0.0,0.0
8.1,0.12,27.03,0.0,0.0
7.3,0.36,24.7,0.0,0.0
5.0,7.44,21.47,0.0,0.0
12.2,9.24,41.68,0.0,40.8153
12.6,9.6,46.78,0.0,176.17700000000002
9.2,3.96,45.43,0.0,350.884
10.4,2.76,48.85,0.0,496.12
11.6,5.16,49.64,0.0,564.462
12.3,2.04,51.48,0.0,648.379
9.4,1.92,50.89,0.0,680.193
8.0,1.68,47.8,0.0,627.418
7.1,2.64,46.85,0.0,462.196
10.3,0.6,49.49,0.0,312.504
8.5,2.28,45.62,0.0,206.582
11.1,2.64,45.14,0.0,49.9268
8.5,0.48,36.58,0.0,0.0
10.3,0.72,37.64,0.0,0.0
10.5,1.2,36.99,0.0,0.0
7.3,0.24,30.64,0.0,0.0
5.2,0.12,26.57,0.0,0.0
5.6,0.6,26.28,0.0,0.0
6.8,0.0,26.86,0.0,0.0
5.5,0.12,23.57,0.0,0.0
6.9,0.12,25.35,0.0,0.0
8.1,0.0,26.37,0.0,0.0
7.7,0.24,24.76,0.0,0.0
6.5,7.92,23.2,0.0,0.0
7.7,5.04,32.4,0.0,40.4191
13.2,6.0,47.09,0.0,174.563
13.0,18.36,49.26,0.0,356.534
9.9,2.04,47.22,0.0,478.454
11.2,6.12,49.23,0.0,554.058
9.5,5.52,49.07,0.0,671.923
12.9,0.96,55.25,0.0,663.562
11.4,4.2,56.32,0.0,628.498
13.6,5.88,57.29,0.0,356.694
12.6,4.2,58.39,0.0,406.724
10.1,1.56,56.69,0.0,225.693
11.3,7.56,52.84,0.0,45.5881
11.2,0.6,47.99,0.0,0.0
10.5,0.12,44.94,0.0,0.0
15.1,1.44,48.37,0.0,0.0
5.6,1.92,34.01,0.0,0.0
6.1,0.96,33.8,0.0,0.0
8.1,0.12,35.4,0.0,0.0
5.1,0.24,28.12,0.0,0.0
5.0,0.0,26.55,0.0,0.0
7.5,0.0,29.35,0.0,0.0
4.7,0.12,23.42,0.0,0.0
6.2,0.36,25.68,0.0,0.0
8.3,0.24,28.62,0.0,0.0
7.8,3.84,32.93,0.0,40.3345
7.9,4.92,39.76,0.0,175.92
10.4,6.24,46.95,0.0,351.38699999999994
8.6,8.52,46.17,0.0,503.905
9.5,6.96,47.77,0.0,603.821
11.4,5.64,51.07,0.0,656.66
12.3,4.44,53.45,0.0,665.931
10.2,6.36,54.34,0.0,621.411
9.1,4.68,54.52,0.0,529.89
11.3,4.32,56.97,0.0,390.775
11.8,0.72,56.84,0.0,210.239
10.2,2.76,51.7,0.0,37.0068
14.5,0.48,52.25,0.0,0.0
9.3,0.84,43.29,0.0,0.0
6.8,0.84,37.61,0.0,0.0
8.8,1.08,38.66,0.0,0.0
9.8,0.72,38.37,0.0,0.0
5.8,0.96,30.3,0.0,0.0
7.4,0.36,31.4,0.0,0.0
9.3,0.36,33.41,0.0,0.0
4.9,0.24,25.7,0.0,0.0
4.8,0.24,24.69,0.0,0.0
7.0,0.12,27.49,0.0,0.0
6.9,0.48,26.83,0.0,0.0
7.8,7.2,33.01,0.0,39.5801
10.1,6.84,40.47,0.0,176.172
11.6,11.88,44.78,0.0,349.75699999999995
9.7,9.6,44.05,0.0,496.583
11.3,4.8,46.92,0.0,604.558
13.5,4.2,50.59,0.0,650.023
11.4,3.12,49.83,0.0,664.192
11.3,6.6,53.6,0.0,630.1030000000001
13.5,2.88,58.52,0.0,537.382
8.5,0.36,54.25,0.0,388.973
13.6,0.24,57.54,0.0,207.026
10.7,3.24,50.36,0.0,36.2536
9.7,2.16,45.4,0.0,0.0
10.6,2.52,43.98,0.0,0.0
14.6,1.68,47.01,0.0,0.0
18.1,1.68,48.5,0.0,0.0
11.0,0.6,37.01,0.0,0.0
4.7,0.6,27.13,0.0,0.0
7.0,0.12,30.35,0.0,0.0
4.6,1.2,25.71,0.0,0.0
5.9,0.36,26.59,0.0,0.0
5.6,0.12,24.08,0.0,0.0
7.5,0.72,25.67,0.0,0.0
11.4,1.32,30.89,0.0,0.0
8.1,13.56,29.41,0.0,38.8084
11.3,6.84,37.72,0.0,168.783
10.2,10.32,39.08,0.0,341.545
10.5,1.2,41.28,0.0,477.6880000000001
9.8,0.24,41.31,0.0,601.909
10.1,1.8,42.71,0.0,658.6460000000001
10.3,1.8,44.24,0.0,667.079
10.2,0.36,47.73,0.0,615.941
7.4,0.36,48.72,0.0,541.525
8.4,1.8,51.28,0.0,400.729
9.5,0.96,51.32,0.0,222.402
8.0,5.28,44.47,0.0,42.8856
10.3,1.2,43.18,0.0,0.0
9.2,0.72,40.12,0.0,0.0
11.1,1.2,41.07,0.0,0.0
10.6,1.8,37.98,0.0,0.0
12.1,2.04,38.28,0.0,0.0
7.4,0.6,29.48,0.0,0.0
6.4,0.24,26.43,0.0,0.0
5.5,0.36,23.47,0.0,0.0
5.5,0.36,22.16,0.0,0.0
9.6,0.12,27.68,0.0,0.0
8.3,0.48,24.04,0.0,0.0
8.9,5.88,24.73,0.0,0.0
9.8,16.44,29.34,0.0,35.7206
14.4,9.6,40.8,0.0,173.05900000000003
10.6,2.88,38.65,0.0,340.37800000000004
13.9,4.32,44.45,0.0,486.292
11.0,2.4,40.8,0.0,588.9
11.6,1.2,42.48,0.0,672.3960000000001
11.1,2.4,43.79,0.0,730.497
9.6,1.08,46.15,0.0,681.4689999999999
9.6,0.6,49.44,0.0,583.781
12.8,0.36,53.21,0.0,424.942
8.1,0.6,44.92,0.0,232.872
13.7,2.76,46.33,0.0,43.5368
9.0,6.48,35.38,0.0,0.0
9.3,2.76,33.46,0.0,0.0
13.4,1.68,36.05,0.0,0.0
11.3,2.4,29.97,0.0,0.0
8.8,0.48,24.34,0.0,0.0
7.6,0.36,21.1,0.0,0.0
10.4,0.36,23.09,0.0,0.0
6.8,0.12,17.17,0.0,0.0
4.4,0.12,13.25,0.0,0.0
5.7,0.12,13.88,0.0,0.0
5.3,0.12,12.41,0.0,0.0
9.1,1.68,16.83,0.0,0.0
8.2,11.76,21.08,0.0,37.1604
8.3,16.32,26.1,0.0,189.735
10.7,11.16,32.54,0.0,391.55
9.2,6.12,32.11,0.0,557.281
11.7,4.08,34.81,0.0,673.6289999999999
12.1,3.48,36.26,0.0,707.595
14.5,0.48,40.67,0.0,732.423
10.1,1.56,38.77,0.0,683.302
9.1,0.12,40.05,0.0,582.075
8.1,3.96,39.62,0.0,424.693
15.1,0.12,46.4,0.0,220.97
7.4,0.48,32.59,0.0,36.5056
9.5,0.48,31.35,0.0,0.0
11.2,3.72,31.53,0.0,0.0
11.8,1.92,31.13,0.0,0.0
10.9,2.52,28.05,0.0,0.0
9.2,0.84,23.74,0.0,0.0
5.1,2.04,17.01,0.0,0.0
9.7,0.24,20.93,0.0,0.0
6.3,0.72,14.49,0.0,0.0
9.8,0.12,17.72,0.0,0.0
5.0,0.48,10.67,0.0,0.0
6.2,0.36,11.57,0.0,0.0
6.2,12.24,11.25,0.0,0.0
8.5,12.12,20.45,0.0,36.3752
10.9,13.08,30.91,0.0,184.363
10.8,9.24,34.62,0.0,378.827
12.3,2.28,37.84,0.0,540.4159999999999
7.6,2.88,31.46,0.0,650.307
12.9,4.44,38.71,0.0,679.078
13.7,0.36,41.21,0.0,686.165
10.7,0.96,40.6,0.0,569.303
10.9,0.96,43.76,0.0,526.1619999999999
10.0,5.52,44.14,0.0,440.78
20.5,1.44,54.86,0.0,246.481
8.6,3.24,35.45,0.0,37.7142
13.2,3.6,36.83,0.0,0.0
12.5,1.44,33.56,0.0,0.0
9.9,3.96,28.48,0.0,0.0
14.5,1.56,32.72,0.0,0.0
9.9,0.6,25.39,0.0,0.0
9.4,0.6,23.62,0.0,0.0
8.2,0.24,21.42,0.0,0.0
7.3,0.0,19.52,0.0,0.0
9.1,0.12,21.17,0.0,0.0
7.0,0.0,17.34,0.0,0.0
7.6,0.48,17.51,0.0,0.0
8.7,2.88,18.91,0.0,0.0
11.3,8.28,29.73,0.0,33.4149
9.0,10.08,32.18,0.0,183.359
8.9,17.64,33.21,0.0,326.073
10.2,4.92,35.75,0.0,420.451
10.7,2.4,35.92,0.0,326.46
10.5,2.88,38.64,0.0,552.92
14.5,3.72,45.32,0.0,505.004
10.1,4.08,40.84,0.0,525.547
9.8,3.72,40.28,0.0,446.443
9.7,8.88,35.56,0.0,139.851
7.6,4.44,32.09,0.0,57.2233
12.4,3.12,37.45,0.0,6.015
10.7,1.56,33.12,0.0,0.0
10.9,1.44,31.5,0.0,0.0
11.5,0.6,30.91,0.0,0.0
10.9,1.32,28.3,0.0,0.0
10.6,1.92,25.59,0.0,0.0
6.3,0.36,17.77,0.0,0.0
7.5,0.48,18.22,0.0,0.0
8.0,0.36,17.25,0.0,0.0
6.2,0.48,13.8,0.0,0.0
6.8,0.0,13.86,0.0,0.0
6.8,0.24,13.12,0.0,0.0
8.1,2.76,14.88,0.0,0.0
6.1,3.72,19.74,0.0,33.8206
11.3,6.72,34.14,0.0,180.461
10.8,11.4,36.69,0.0,378.395
10.2,15.96,37.0,0.0,541.513
8.2,11.4,34.25,0.0,642.047
4.9,7.68,31.63,0.0,703.074
8.9,1.2,39.05,0.0,711.15
10.1,2.4,43.75,0.0,672.3
9.1,4.8,45.44,0.0,570.826
9.2,2.76,46.39,0.0,429.117
10.0,4.44,45.92,0.0,233.101
11.8,4.32,41.84,0.0,39.5009
8.6,2.16,33.66,0.0,0.0
12.3,2.4,36.57,0.0,0.0
8.2,2.64,29.45,0.0,0.0
13.5,0.96,34.02,0.0,0.0
6.1,2.52,22.11,0.0,0.0
9.6,0.12,25.31,0.0,0.0
6.4,0.48,19.01,0.0,0.0
7.2,0.36,18.5,0.0,0.0
8.4,0.0,19.23,0.0,0.0
6.5,0.12,15.61,0.0,0.0
7.6,0.12,16.36,0.0,0.0
8.2,4.92,17.76,0.0,0.0
8.3,10.8,25.73,0.0,0.0
10.6,13.8,35.86,0.0,178.329
10.6,13.32,39.66,0.0,366.524
7.7,13.56,38.04,0.0,515.513
13.1,0.96,46.15,0.0,624.2769999999999
11.7,3.12,46.5,0.0,647.297
9.2,2.04,46.09,0.0,445.793
10.1,7.2,50.68,0.0,547.243
8.6,1.32,51.99,0.0,517.716
6.5,0.72,51.73,0.0,420.26
8.4,3.6,52.83,0.0,227.197
10.4,2.88,47.94,0.0,36.4147
12.3,4.56,45.55,0.0,0.0
11.1,3.36,41.77,0.0,0.0
11.2,4.32,40.91,0.0,0.0
9.5,5.28,37.24,0.0,0.0
11.2,0.96,38.63,0.0,0.0
5.8,1.8,28.85,0.0,0.0
11.7,1.92,36.62,0.0,0.0
5.0,0.48,23.77,0.0,0.0
6.0,1.2,24.97,0.0,0.0
4.5,0.36,22.63,0.0,0.0
6.7,1.68,27.0,0.0,0.0
6.1,9.24,26.46,0.0,0.0
11.6,15.24,41.43,0.0,0.0
8.9,9.0,41.17,0.0,173.44400000000002
5.3,9.36,39.82,0.0,361.259
7.4,8.04,45.62,0.0,523.034
11.3,17.16,50.74,0.0,636.533
13.9,2.52,53.7,0.0,690.5110000000001
10.1,0.48,50.39,0.0,690.803
9.2,0.48,51.58,0.0,665.39
11.2,3.12,55.49,0.0,566.828
6.8,2.4,50.26,0.0,421.043
6.3,1.2,46.72,0.0,227.451
7.3,3.96,40.84,0.0,35.1954
12.2,1.2,42.76,0.0,0.0
8.2,2.04,35.05,0.0,0.0
10.4,3.24,36.4,0.0,0.0
8.4,1.2,31.6,0.0,0.0
6.3,2.16,26.82,0.0,0.0
9.8,0.6,30.47,0.0,0.0
5.4,1.08,23.41,0.0,0.0
5.5,0.12,23.01,0.0,0.0
7.5,5.28,25.51,0.0,0.0
6.7,4.08,23.01,0.0,0.0
7.4,0.36,22.97,0.0,0.0
9.1,9.96,25.12,0.0,0.0
10.4,10.2,33.37,0.0,0.0
13.6,11.88,43.2,0.0,176.084
9.8,7.92,41.01,0.0,363.634
10.9,4.92,44.34,0.0,522.842
9.0,8.04,42.87,0.0,638.453
8.2,0.36,44.05,0.0,685.658
10.7,1.68,49.37,0.0,709.7510000000001
12.6,0.72,54.91,0.0,649.604
12.6,2.28,57.44,0.0,554.765
10.1,3.24,54.82,0.0,406.396
7.7,3.12,50.11,0.0,213.308
12.3,3.48,50.17,0.0,29.881
10.3,1.32,43.62,0.0,0.0
10.5,2.88,41.89,0.0,0.0
10.4,1.56,40.66,0.0,0.0
10.0,3.36,38.25,0.0,0.0
5.3,2.52,29.19,0.0,0.0
10.6,0.6,35.15,0.0,0.0
8.8,1.44,30.11,0.0,0.0
5.3,0.12,23.95,0.0,0.0
7.7,0.12,28.19,0.0,0.0
8.9,0.24,29.73,0.0,0.0
5.1,0.72,22.81,0.0,0.0
6.0,5.52,24.02,0.0,0.0
13.0,24.0,41.79,0.0,0.0
8.3,14.64,37.37,0.0,177.245
11.6,16.08,44.62,0.0,369.195
12.1,8.76,46.09,0.0,524.0369999999999
10.2,1.56,43.77,0.0,632.049
8.5,6.6,43.06,0.0,680.125
9.7,0.72,46.48,0.0,706.0319999999999
10.9,3.96,51.49,0.0,653.018
11.2,1.08,54.76,0.0,568.067
11.8,0.48,55.78,0.0,424.6
11.7,1.2,54.31,0.0,227.283
13.0,1.56,49.0,0.0,35.3071
11.8,4.08,43.31,0.0,0.0
11.7,2.16,41.35,0.0,0.0
8.6,2.04,35.49,0.0,0.0
10.1,1.2,35.69,0.0,0.0
11.0,2.28,35.83,0.0,0.0
10.3,0.24,32.91,0.0,0.0
8.6,2.16,28.59,0.0,0.0
4.3,0.24,21.03,0.0,0.0
6.6,1.2,22.63,0.0,0.0
10.6,0.0,27.18,0.0,0.0
10.5,0.24,25.92,0.0,0.0
7.6,5.4,21.05,0.0,0.0
8.4,12.96,28.37,0.0,0.0
10.6,8.28,36.23,0.0,182.604
12.5,2.16,41.87,0.0,382.408
9.7,3.72,39.83,0.0,543.413
9.3,9.24,39.66,0.0,647.344
7.3,1.8,39.12,0.0,704.8989999999999
12.4,2.16,47.55,0.0,716.145
8.0,2.28,46.79,0.0,670.8989999999999
7.6,0.36,49.66,0.0,578.703
9.0,1.92,51.74,0.0,428.957
12.6,0.84,53.36,0.0,226.095
9.4,1.56,42.64,0.0,23.115
10.4,1.2,40.16,0.0,0.0
8.0,2.76,34.53,0.0,0.0
11.2,0.84,36.5,0.0,0.0
7.4,0.48,28.9,0.0,0.0
8.3,0.6,27.24,0.0,0.0
4.6,0.6,19.37,0.0,0.0
9.6,0.36,23.35,0.0,0.0
10.9,0.12,21.99,0.0,0.0
6.6,0.0,14.41,0.0,0.0
11.2,0.0,17.96,0.0,0.0
5.5,0.24,10.38,0.0,0.0
7.2,6.24,11.2,0.0,0.0
8.4,6.6,16.8,0.0,0.0
7.8,9.0,20.42,0.0,197.721
9.1,12.0,25.12,0.0,415.497
9.6,10.44,27.8,0.0,580.45
12.1,4.2,31.52,0.0,670.3539999999999
7.5,5.76,26.53,0.0,632.628
12.3,7.2,34.71,0.0,722.768
8.7,1.08,34.25,0.0,692.064
7.8,3.24,37.08,0.0,620.938
8.8,7.92,39.09,0.0,450.887
9.4,3.12,37.6,0.0,246.123
14.7,1.2,37.44,0.0,26.2428
12.2,4.08,31.53,0.0,0.0
6.6,1.08,23.04,0.0,0.0
13.4,1.08,29.23,0.0,0.0
11.8,1.44,25.18,0.0,0.0
8.6,0.72,20.68,0.0,0.0
9.6,0.24,21.69,0.0,0.0
9.1,0.12,20.0,0.0,0.0
7.4,0.12,16.69,0.0,0.0
9.1,2.28,18.05,0.0,0.0
6.3,0.12,13.89,0.0,0.0
6.9,0.0,13.88,0.0,0.0
6.5,1.8,12.78,0.0,0.0
10.6,0.6,23.0,0.0,0.0
13.6,9.24,31.02,0.0,177.666
6.9,17.04,26.13,0.0,349.92400000000004
10.2,13.68,33.82,0.0,462.831
9.5,14.52,36.28,0.0,561.4
9.9,2.4,40.62,0.0,673.188
10.8,2.76,44.37,0.0,696.191
10.4,0.96,47.52,0.0,612.849
11.0,5.64,49.77,0.0,478.107
8.9,1.32,47.36,0.0,391.19
6.9,1.44,42.6,0.0,201.946
10.0,2.16,40.24,0.0,18.0949
17.7,6.6,46.12,0.0,0.0
9.3,0.48,33.31,0.0,0.0
10.1,1.92,32.74,0.0,0.0
5.5,7.2,24.75,0.0,0.0
9.9,2.52,29.06,0.0,0.0
8.8,0.36,25.17,0.0,0.0
4.5,3.24,17.48,0.0,0.0
8.8,0.36,21.41,0.0,0.0
8.0,0.0,17.92,0.0,0.0
6.4,0.0,14.55,0.0,0.0
7.6,0.24,15.38,0.0,0.0
7.0,6.36,13.7,0.0,0.0
9.6,4.68,24.3,0.0,0.0
12.5,12.36,35.89,0.0,180.746
11.8,21.48,40.09,0.0,374.245
11.6,14.28,41.96,0.0,534.96
12.0,2.88,41.92,0.0,643.999
12.2,6.12,42.51,0.0,685.341
13.8,5.16,46.11,0.0,712.9060000000001
8.6,3.0,43.96,0.0,666.6619999999999
8.8,1.44,47.32,0.0,569.59
7.9,2.04,46.72,0.0,416.766
10.4,0.24,47.12,0.0,212.969
12.7,1.68,42.96,0.0,19.7078
16.1,3.36,43.97,0.0,0.0
12.6,3.0,37.05,0.0,0.0
9.2,2.88,30.3,0.0,0.0
8.9,4.44,27.62,0.0,0.0
10.0,3.84,27.42,0.0,0.0
8.8,0.48,24.21,0.0,0.0
10.4,0.36,24.6,0.0,0.0
7.4,0.24,17.32,0.0,0.0
7.8,0.24,16.0,0.0,0.0
8.9,0.0,17.01,0.0,0.0
8.1,4.8,15.82,0.0,0.0
9.9,7.56,18.07,0.0,0.0
10.6,15.96,25.94,0.0,0.0
10.0,12.12,31.91,0.0,183.357
11.5,11.76,38.43,0.0,381.543
12.6,5.28,41.88,0.0,535.2180000000001
10.1,16.68,38.8,0.0,646.6569999999999
10.8,1.32,40.87,0.0,702.118
9.3,0.48,42.7,0.0,711.878
6.7,1.92,43.69,0.0,671.263
10.0,0.6,49.73,0.0,568.77
10.0,0.6,49.46,0.0,418.344
9.2,0.72,45.3,0.0,217.621
12.4,3.0,41.94,0.0,20.4737
12.2,1.92,38.92,0.0,0.0
9.3,1.2,33.89,0.0,0.0
13.6,1.8,38.42,0.0,0.0
6.7,0.84,26.46,0.0,0.0
11.0,0.48,30.54,0.0,0.0
8.5,0.12,24.98,0.0,0.0
7.2,1.68,21.32,0.0,0.0
6.1,0.24,17.24,0.0,0.0
6.2,0.84,15.37,0.0,0.0
6.7,1.92,14.69,0.0,0.0
8.4,3.6,15.76,0.0,0.0
10.7,15.12,17.81,0.0,0.0
9.9,14.04,23.67,0.0,0.0
10.5,11.88,32.87,0.0,180.996
11.1,16.2,38.93,0.0,378.102
8.8,2.76,37.93,0.0,535.04
10.5,1.56,41.02,0.0,644.92
11.5,6.84,43.13,0.0,702.145
7.5,4.32,39.82,0.0,705.3330000000001
8.7,0.84,44.97,0.0,663.817
8.2,1.44,47.36,0.0,568.726
8.8,4.56,47.6,0.0,418.73
12.2,0.84,48.56,0.0,215.828
8.0,4.56,35.85,0.0,19.5035
11.4,1.8,36.86,0.0,0.0
12.2,3.84,35.54,0.0,0.0
7.9,3.72,27.24,0.0,0.0
11.5,2.04,29.69,0.0,0.0
7.1,0.96,21.52,0.0,0.0
7.8,2.04,20.61,0.0,0.0
8.5,0.24,20.24,0.0,0.0
6.9,0.12,16.2,0.0,0.0
8.2,0.24,16.29,0.0,0.0
8.2,0.12,14.89,0.0,0.0
7.8,0.96,13.72,0.0,0.0
8.1,3.84,13.33,0.0,0.0
13.4,13.44,27.51,0.0,0.0
10.0,11.88,29.02,0.0,159.322
11.5,15.48,36.13,0.0,325.962
9.1,5.76,37.32,0.0,509.917
13.8,5.16,44.54,0.0,570.998
9.9,4.32,41.03,0.0,682.311
14.8,1.08,49.35,0.0,690.95
11.5,0.48,48.29,0.0,643.029
11.1,0.96,49.63,0.0,502.027
9.5,3.6,46.62,0.0,305.006
10.6,1.56,45.18,0.0,129.502
9.0,5.28,38.65,0.0,8.01844
16.9,1.8,45.9,0.0,0.0
12.9,3.12,38.72,0.0,0.0
10.5,3.6,34.13,0.0,0.0
9.5,1.56,31.25,0.0,0.0
6.7,0.72,25.73,0.0,0.0
8.1,2.52,26.89,0.0,0.0
10.5,2.16,29.5,0.0,0.0
6.5,0.36,20.96,0.0,0.0
8.8,0.36,23.44,0.0,0.0
7.2,0.12,20.67,0.0,0.0
6.8,1.2,19.77,0.0,0.0
10.6,4.32,26.83,0.0,0.0
11.6,13.56,33.56,0.0,0.0
10.8,15.0,33.06,0.0,115.492
11.5,13.44,39.37,0.0,269.904
11.7,3.0,42.97,0.0,387.2
7.8,3.6,36.79,0.0,387.334
10.1,2.76,38.85,0.0,215.87
9.4,1.92,42.56,0.0,508.839
10.0,0.72,42.88,0.0,384.379
9.6,0.84,38.77,0.0,110.787
10.3,0.72,41.59,0.0,148.80100000000002
11.6,0.84,46.34,0.0,184.986
9.7,1.8,38.68,0.0,14.1097
13.5,3.12,41.11,0.0,0.0
13.9,1.2,39.83,0.0,0.0
11.1,2.76,34.59,0.0,0.0
8.7,1.56,29.99,0.0,0.0
8.2,1.08,28.43,0.0,0.0
8.6,0.48,27.94,0.0,0.0
6.8,3.48,23.76,0.0,0.0
4.4,0.24,18.47,0.0,0.0
10.0,2.88,26.1,0.0,0.0
7.2,0.48,19.68,0.0,0.0
8.9,0.12,21.8,0.0,0.0
7.3,1.32,19.62,0.0,0.0
9.7,14.16,30.05,0.0,0.0
7.6,8.88,30.66,0.0,137.412
12.4,8.28,44.15,0.0,323.368
9.0,11.4,42.08,0.0,524.134
10.5,4.56,44.84,0.0,627.109
10.5,6.6,46.46,0.0,683.694
11.2,3.72,49.36,0.0,688.6139999999999
11.5,1.56,53.4,0.0,635.452
12.1,1.68,55.96,0.0,542.275
7.1,6.6,50.97,0.0,393.527
12.4,4.32,54.08,0.0,190.761
9.8,5.76,44.31,0.0,14.0323
9.3,4.68,40.32,0.0,0.0
9.4,1.2,37.84,0.0,0.0
7.8,0.96,33.67,0.0,0.0
8.7,2.4,33.39,0.0,0.0
7.7,1.08,30.59,0.0,0.0
7.7,1.2,29.05,0.0,0.0
5.3,1.56,23.51,0.0,0.0
7.9,0.6,26.33,0.0,0.0
8.2,0.48,25.21,0.0,0.0
5.6,0.12,19.95,0.0,0.0
9.2,0.12,25.97,0.0,0.0
8.1,0.36,23.69,0.0,0.0
7.0,3.96,28.37,0.0,0.0
11.1,7.32,41.78,0.0,165.266
6.4,9.36,36.57,0.0,319.966
11.1,8.64,43.44,0.0,314.625
6.2,7.68,37.97,0.0,385.634
13.8,3.36,50.8,0.0,623.942
6.7,1.56,43.47,0.0,637.058
10.5,8.4,50.65,0.0,595.307
10.9,3.0,54.29,0.0,535.085
9.8,3.12,53.8,0.0,384.456
12.0,3.0,54.27,0.0,182.68400000000003
9.6,5.88,45.43,0.0,13.4062
14.3,1.32,48.77,0.0,0.0
10.0,1.56,41.25,0.0,0.0
13.1,3.84,44.2,0.0,0.0
9.9,2.52,37.01,0.0,0.0
6.4,3.72,29.6,0.0,0.0
8.4,0.48,30.72,0.0,0.0
9.3,3.48,30.18,0.0,0.0
7.7,0.36,25.97,0.0,0.0
5.3,0.24,21.28,0.0,0.0
7.7,0.0,24.68,0.0,0.0
7.8,0.24,23.9,0.0,0.0
9.2,5.16,26.47,0.0,0.0
10.0,4.56,33.77,0.0,0.0
10.2,12.24,37.05,0.0,146.623
12.9,14.28,42.13,0.0,246.014
10.7,11.52,43.25,0.0,427.245
11.4,4.68,44.8,0.0,409.731
10.5,4.56,41.04,0.0,349.456
14.8,7.92,44.66,0.0,116.2
10.4,1.44,38.27,0.0,117.361
11.6,1.8,42.79,0.0,130.584
12.1,3.48,49.2,0.0,303.005
10.2,2.16,45.59,0.0,178.40200000000002
16.9,0.96,49.22,0.0,11.7656
10.5,3.6,37.72,0.0,0.0
10.9,1.68,37.38,0.0,0.0
11.0,5.04,37.11,0.0,0.0
5.4,3.84,27.24,0.0,0.0
6.7,2.64,28.84,0.0,0.0
6.0,2.52,27.22,0.0,0.0
10.4,0.72,33.57,0.0,0.0
11.1,1.56,33.4,0.0,0.0
6.3,2.76,24.73,0.0,0.0
6.9,0.12,24.8,0.0,0.0
6.0,0.48,22.29,0.0,0.0
8.0,5.04,25.27,0.0,0.0
11.9,26.76,38.43,0.0,0.0
11.9,6.48,42.39,0.0,151.44899999999998
8.7,7.08,35.46,0.0,206.229
10.7,1.8,39.88,0.0,263.608
9.7,9.84,42.05,0.0,329.372
8.3,3.0,43.91,0.0,586.8290000000001
14.6,0.72,51.07,0.0,607.18
10.7,1.08,43.68,0.0,271.613
5.9,3.96,38.29,0.0,250.976
8.1,0.36,46.12,0.0,290.107
12.2,1.32,51.73,0.0,183.735
12.3,1.32,44.78,0.0,12.3052
10.2,0.84,38.91,0.0,0.0
7.3,1.68,33.05,0.0,0.0
13.8,2.88,40.65,0.0,0.0
8.1,1.92,29.58,0.0,0.0
5.6,0.84,24.05,0.0,0.0
9.0,0.36,27.54,0.0,0.0
6.6,0.12,21.86,0.0,0.0
6.9,0.12,20.46,0.0,0.0
9.9,2.64,23.85,0.0,0.0
10.4,2.04,23.65,0.0,0.0
8.9,2.16,20.51,0.0,0.0
7.9,12.36,18.66,0.0,0.0
9.8,9.6,29.28,0.0,0.0
13.6,12.12,42.13,0.0,166.942
9.0,12.6,38.07,0.0,356.53
9.8,5.64,40.18,0.0,394.628
13.1,3.48,45.55,0.0,385.186
11.7,5.16,46.28,0.0,551.952
12.5,3.96,49.23,0.0,677.676
9.2,1.92,47.08,0.0,514.341
8.0,0.84,48.88,0.0,477.283
11.2,8.4,53.26,0.0,368.451
7.3,0.72,45.04,0.0,171.06
11.6,1.32,43.7,0.0,9.9584
10.5,2.28,39.01,0.0,0.0
10.9,4.2,37.66,0.0,0.0
14.3,1.68,41.27,0.0,0.0
7.4,1.08,30.15,0.0,0.0
10.3,1.56,33.4,0.0,0.0
7.4,0.12,27.64,0.0,0.0
6.5,1.44,23.42,0.0,0.0
8.3,0.36,21.8,0.0,0.0
5.1,0.36,14.33,0.0,0.0
7.3,0.0,14.67,0.0,0.0
5.3,0.6,10.08,0.0,0.0
9.4,6.96,13.48,0.0,0.0
13.1,16.8,21.38,0.0,0.0
13.1,18.96,25.55,0.0,189.405
9.3,11.88,23.91,0.0,408.887
7.5,10.2,23.46,0.0,581.905
12.2,3.36,29.71,0.0,701.185
13.1,1.8,32.01,0.0,763.063
11.8,1.8,31.64,0.0,767.6419999999999
15.1,3.84,38.2,0.0,709.304
7.9,0.36,32.37,0.0,598.13
12.4,0.36,37.19,0.0,434.325
13.9,1.08,36.31,0.0,212.899
12.2,2.64,28.45,0.0,16.0504
10.3,2.16,23.6,0.0,0.0
12.6,1.8,24.37,0.0,0.0
8.9,3.36,18.44,0.0,0.0
9.4,1.08,17.2,0.0,0.0
8.6,1.44,14.6,0.0,0.0
6.5,2.04,10.67,0.0,0.0
5.7,0.6,8.62,0.0,0.0
8.2,0.48,9.95,0.0,0.0
6.6,0.24,7.68,0.0,0.0
6.7,0.72,6.75,0.0,0.0
6.9,0.6,6.16,0.0,0.0
6.9,5.4,5.61,0.0,0.0
7.0,8.04,8.46,0.0,0.0
13.2,12.72,17.29,0.0,189.041
11.6,9.36,18.69,0.0,411.591
8.0,3.12,16.9,0.0,584.656
10.3,3.12,20.29,0.0,685.08
8.9,1.56,20.61,0.0,745.035
10.0,2.64,23.82,0.0,732.193
11.7,1.68,29.27,0.0,681.581
10.3,0.48,30.81,0.0,580.346
12.0,0.24,33.77,0.0,419.617
12.9,0.6,32.52,0.0,208.867
6.3,6.24,18.68,0.0,14.5728
12.1,4.08,21.78,0.0,0.0
8.4,1.32,15.77,0.0,0.0
11.1,2.64,16.08,0.0,0.0
10.3,1.44,13.21,0.0,0.0
9.7,0.84,11.11,0.0,0.0
3.4,0.0,4.83,0.0,0.0
8.0,1.56,6.72,0.0,0.0
7.1,0.6,5.25,0.0,0.0
5.3,1.2,3.63,0.0,0.0
5.4,0.0,3.37,0.0,0.0
5.8,0.24,3.19,0.0,0.0
7.5,1.68,3.47,0.0,0.0
12.5,10.56,9.69,0.0,0.0
12.0,8.16,16.33,0.0,179.899
13.0,21.0,21.91,0.0,387.192
7.0,10.68,18.53,0.0,549.529
10.6,7.56,23.8,0.0,655.452
9.8,7.32,25.4,0.0,708.89
11.8,5.4,30.12,0.0,716.4689999999999
9.8,4.44,31.19,0.0,642.744
9.9,3.84,32.45,0.0,506.489
8.1,3.24,28.6,0.0,256.575
9.6,2.76,28.96,0.0,109.132
7.9,2.88,24.18,0.0,3.22357
8.9,7.32,22.89,0.0,0.0
8.3,1.08,19.97,0.0,0.0
11.4,1.32,22.23,0.0,0.0
8.2,4.44,16.7,0.0,0.0
7.7,0.72,13.65,0.0,0.0
6.9,0.72,11.0,0.0,0.0
8.5,0.96,11.24,0.0,0.0
7.8,0.24,8.95,0.0,0.0
8.1,3.12,8.75,0.0,0.0
9.9,0.24,9.66,0.0,0.0
4.6,0.12,4.95,0.0,0.0
7.5,0.48,6.71,0.0,0.0
9.4,3.6,13.03,0.0,0.0
10.3,2.52,21.34,0.0,174.99900000000002
8.1,8.64,23.76,0.0,361.839
7.5,7.32,24.94,0.0,460.812
10.2,12.0,29.75,0.0,612.476
14.8,5.52,36.1,0.0,618.07
10.7,1.56,29.62,0.0,450.557
13.4,1.56,32.3,0.0,344.57300000000004
9.5,5.52,27.58,0.0,275.097
14.4,4.92,32.18,0.0,132.806
8.1,2.04,24.41,0.0,45.5939
11.4,3.36,27.68,0.0,0.0
12.5,3.84,26.91,0.0,0.0
8.1,2.76,19.58,0.0,0.0
12.5,4.56,23.29,0.0,0.0
8.8,3.84,16.19,0.0,0.0
7.9,2.28,13.59,0.0,0.0
9.5,0.12,13.9,0.0,0.0
5.3,1.08,7.91,0.0,0.0
7.5,0.12,8.93,0.0,0.0
8.5,1.68,9.01,0.0,0.0
8.1,0.12,7.77,0.0,0.0
4.5,1.08,4.87,0.0,0.0
7.0,3.6,6.13,0.0,0.0
7.8,5.64,9.98,0.0,0.0
8.6,13.32,18.25,0.0,168.982
9.4,15.72,25.17,0.0,366.504
10.9,15.72,30.12,0.0,520.89
9.8,3.12,29.46,0.0,623.121
8.2,2.64,29.01,0.0,690.596
9.6,15.24,32.92,0.0,700.409
9.8,1.92,36.76,0.0,650.326
12.2,1.8,42.13,0.0,551.84
11.5,0.6,41.41,0.0,393.747
10.3,2.28,36.78,0.0,179.66
11.7,7.2,32.04,0.0,8.192639999999999
10.7,9.84,27.92,0.0,0.0
8.3,2.4,22.92,0.0,0.0
8.8,7.56,21.33,0.0,0.0
9.8,7.08,20.24,0.0,0.0
7.7,9.12,15.78,0.0,0.0
5.1,2.04,11.02,0.0,0.0
6.2,0.48,10.89,0.0,0.0
6.9,0.12,10.24,0.0,0.0
7.7,0.0,10.05,0.0,0.0
8.2,0.24,9.75,0.0,0.0
7.6,1.68,8.89,0.0,0.0
11.2,3.6,12.92,0.0,0.0
13.3,21.0,21.26,0.0,0.0
8.6,9.24,21.63,0.0,164.122
7.6,14.28,25.64,0.0,352.379
10.9,2.88,33.7,0.0,484.103
8.4,16.08,31.51,0.0,574.007
9.0,1.32,33.16,0.0,518.3240000000001
16.0,0.48,42.72,0.0,472.578
8.1,0.36,33.34,0.0,331.034
7.3,0.24,37.05,0.0,427.886
6.8,0.96,37.79,0.0,322.61
12.5,1.92,42.74,0.0,141.142
8.8,2.16,33.23,0.0,3.60661
12.6,0.6,35.93,0.0,0.0
14.8,1.68,37.05,0.0,0.0
11.2,3.12,30.85,0.0,0.0
8.7,3.12,25.73,0.0,0.0
7.1,0.96,21.9,0.0,0.0
7.7,0.36,21.28,0.0,0.0
6.6,0.24,17.45,0.0,0.0
7.7,0.36,17.76,0.0,0.0
7.1,2.52,16.78,0.0,0.0
8.9,1.92,19.56,0.0,0.0
6.4,0.6,15.54,0.0,0.0
7.7,9.48,18.07,0.0,0.0
7.9,13.68,21.03,0.0,0.0
10.5,6.72,29.87,0.0,144.225
11.5,7.08,35.66,0.0,309.47900000000004
10.6,4.32,38.23,0.0,451.943
11.2,5.28,41.12,0.0,611.552
11.0,2.76,41.78,0.0,654.934
12.6,1.92,44.11,0.0,657.645
12.3,1.56,46.8,0.0,608.351
8.9,1.32,45.14,0.0,509.53
12.3,4.68,48.2,0.0,352.658
15.3,3.6,47.98,0.0,143.643
6.9,3.12,32.31,0.0,2.4199200000000003
13.8,2.52,38.99,0.0,0.0
13.3,3.12,36.73,0.0,0.0
10.3,6.24,31.39,0.0,0.0
9.5,2.52,28.28,0.0,0.0
9.3,0.6,26.15,0.0,0.0
5.7,5.52,19.02,0.0,0.0
7.7,0.36,20.2,0.0,0.0
5.7,1.08,15.41,0.0,0.0
6.2,0.12,14.52,0.0,0.0
11.0,0.36,21.34,0.0,0.0
8.5,0.48,17.8,0.0,0.0
5.1,1.08,12.46,0.0,0.0
11.6,14.52,25.51,0.0,0.0
7.9,15.12,26.1,0.0,159.775
7.1,9.84,30.2,0.0,351.81
11.6,12.84,40.09,0.0,513.275
11.9,3.48,41.3,0.0,621.395
11.9,0.6,42.64,0.0,686.9169999999999
7.9,0.84,38.86,0.0,681.966
9.2,1.68,42.96,0.0,641.2130000000001
10.2,0.36,45.72,0.0,523.7280000000001
9.3,3.0,43.35,0.0,368.045
13.8,0.24,44.27,0.0,156.922
11.8,3.84,35.53,0.0,4.1767
15.1,3.24,37.51,0.0,0.0
10.5,1.92,29.91,0.0,0.0
7.2,3.6,24.08,0.0,0.0
10.5,1.44,27.04,0.0,0.0
10.2,1.68,24.6,0.0,0.0
11.0,0.24,23.26,0.0,0.0
9.3,0.24,18.7,0.0,0.0
7.4,0.24,13.64,0.0,0.0
5.7,0.0,9.94,0.0,0.0
10.1,0.0,14.79,0.0,0.0
7.5,3.48,10.43,0.0,0.0
6.5,7.08,9.25,0.0,0.0
11.2,6.6,19.63,0.0,0.0
9.1,8.28,25.37,0.0,159.91
9.8,7.44,32.36,0.0,356.027
12.5,4.92,39.41,0.0,512.964
9.1,7.44,36.03,0.0,614.3919999999999
11.0,0.6,40.28,0.0,673.7439999999999
11.0,0.84,42.5,0.0,675.745
11.5,2.28,45.6,0.0,620.428
7.1,0.48,43.33,0.0,528.977
12.0,0.84,49.21,0.0,374.156
8.1,0.72,41.46,0.0,164.12
10.5,2.52,37.65,0.0,4.72169
8.7,3.6,32.53,0.0,0.0
13.1,0.6,36.09,0.0,0.0
9.7,1.32,29.76,0.0,0.0
12.7,1.2,31.49,0.0,0.0
11.0,0.84,26.49,0.0,0.0
8.8,0.72,21.73,0.0,0.0
7.8,0.24,18.53,0.0,0.0
9.4,0.36,18.83,0.0,0.0
10.3,0.0,18.5,0.0,0.0
10.6,0.0,17.67,0.0,0.0
8.8,0.24,16.37,0.0,0.0
8.1,5.64,16.53,0.0,0.0
11.2,6.36,25.06,0.0,0.0
13.7,12.12,35.78,0.0,160.532
8.7,18.96,33.66,0.0,355.34
9.2,5.04,37.67,0.0,509.61800000000005
9.4,7.68,38.68,0.0,608.979
8.5,3.0,38.91,0.0,665.0319999999999
11.0,1.32,44.05,0.0,665.811
9.6,3.72,45.65,0.0,618.035
8.7,3.0,46.81,0.0,514.821
9.7,2.76,47.51,0.0,366.485
11.6,5.64,46.1,0.0,160.039
10.9,4.92,38.25,0.0,4.33981
13.0,1.32,37.9,0.0,0.0
10.7,1.92,32.47,0.0,0.0
7.3,1.44,25.39,0.0,0.0
11.5,0.96,28.13,0.0,0.0
9.4,0.48,23.21,0.0,0.0
4.1,2.28,14.0,0.0,0.0
7.8,1.2,16.89,0.0,0.0
9.6,0.0,17.19,0.0,0.0
10.4,0.12,16.33,0.0,0.0
8.9,0.0,13.3,0.0,0.0
6.2,0.12,9.56,0.0,0.0
8.2,2.04,11.05,0.0,0.0
11.0,1.8,19.01,0.0,0.0
5.3,9.36,20.7,0.0,156.134
9.3,8.64,33.81,0.0,351.38
10.1,12.72,37.56,0.0,501.347
7.6,9.84,35.42,0.0,573.247
8.3,2.04,38.07,0.0,656.5160000000001
10.1,1.32,42.94,0.0,665.668
10.5,3.72,46.13,0.0,613.725
8.0,3.12,45.56,0.0,518.148
9.7,2.88,47.04,0.0,349.642
10.0,2.16,42.75,0.0,151.56
10.8,4.8,36.73,0.0,0.0
13.0,6.6,36.77,0.0,0.0
6.7,2.28,26.8,0.0,0.0
14.9,0.96,34.18,0.0,0.0
10.3,1.08,25.73,0.0,0.0
10.4,1.44,24.23,0.0,0.0
8.7,0.6,20.43,0.0,0.0
11.0,0.48,22.06,0.0,0.0
11.5,0.24,19.8,0.0,0.0
6.9,0.12,11.69,0.0,0.0
10.1,0.0,14.86,0.0,0.0
11.8,0.0,15.94,0.0,0.0
8.6,2.04,11.3,0.0,0.0
12.0,4.92,20.98,0.0,0.0
9.4,16.08,26.31,0.0,150.048
9.4,5.16,32.66,0.0,340.566
8.3,28.44,33.71,0.0,439.237
14.5,14.76,43.78,0.0,520.35
14.5,18.72,45.37,0.0,631.698
14.1,7.08,45.44,0.0,635.467
10.5,0.84,43.4,0.0,626.726
7.2,2.4,42.21,0.0,477.464
7.6,2.04,41.87,0.0,310.41
13.1,0.24,45.54,0.0,132.279
12.2,2.4,39.29,0.0,0.0
13.2,3.24,38.77,0.0,0.0
11.0,3.48,34.34,0.0,0.0
10.8,2.52,33.0,0.0,0.0
10.8,0.84,30.65,0.0,0.0
17.2,3.24,37.08,0.0,0.0
11.2,2.52,26.95,0.0,0.0
9.1,0.24,22.93,0.0,0.0
11.3,1.68,24.76,0.0,0.0
9.6,0.12,21.11,0.0,0.0
9.3,0.0,19.8,0.0,0.0
7.6,0.48,16.84,0.0,0.0
8.2,2.04,17.63,0.0,0.0
10.5,15.12,23.8,0.0,0.0
10.0,23.88,29.66,0.0,136.09799999999998
8.5,20.64,32.77,0.0,310.595
9.1,10.8,34.42,0.0,346.914
5.9,6.6,32.44,0.0,400.384
10.7,1.56,42.17,0.0,552.521
11.5,1.32,43.25,0.0,599.19
8.0,0.48,36.19,0.0,240.562
11.5,2.4,42.76,0.0,238.753
9.4,0.6,42.79,0.0,343.459
6.4,3.84,34.87,0.0,132.218
17.0,6.36,43.97,0.0,0.0
10.0,4.44,32.38,0.0,0.0
11.6,1.32,33.37,0.0,0.0
13.1,0.6,33.69,0.0,0.0
11.9,5.04,29.17,0.0,0.0
9.4,2.64,23.88,0.0,0.0
14.0,1.92,28.68,0.0,0.0
14.3,4.32,26.39,0.0,0.0
7.3,0.6,14.66,0.0,0.0
7.2,0.6,13.49,0.0,0.0
8.0,0.0,14.63,0.0,0.0
7.6,0.84,14.24,0.0,0.0
12.2,2.76,21.66,0.0,0.0
11.1,8.52,25.33,0.0,0.0
15.2,18.36,41.87,0.0,147.909
12.0,8.64,40.94,0.0,340.21
10.7,2.04,40.51,0.0,463.323
16.2,15.6,47.74,0.0,571.6990000000001
10.7,0.72,41.65,0.0,658.395
18.4,0.72,51.12,0.0,601.851
11.4,2.04,40.65,0.0,290.341
18.3,3.6,47.45,0.0,50.645
13.6,2.4,46.75,0.0,250.331
13.5,1.8,44.17,0.0,140.461
9.9,6.24,33.62,0.0,0.0
12.8,0.72,36.81,0.0,0.0
11.4,2.64,32.39,0.0,0.0
12.7,1.68,31.69,0.0,0.0
9.8,2.28,26.24,0.0,0.0
20.8,1.68,39.91,0.0,0.0
15.2,2.52,29.85,0.0,0.0
14.5,0.24,27.62,0.0,0.0
11.8,0.0,22.7,0.0,0.0
4.9,1.68,12.41,0.0,0.0
9.3,0.24,17.9,0.0,0.0
9.9,0.36,17.45,0.0,0.0
11.7,0.6,19.23,0.0,0.0
10.3,0.48,21.24,0.0,0.0
9.1,12.84,29.84,0.0,141.999
9.5,17.88,36.1,0.0,333.081
11.5,14.88,41.09,0.0,480.917
10.8,18.36,38.83,0.0,585.153
8.4,7.92,37.32,0.0,639.775
14.9,3.6,46.63,0.0,630.8009999999999
10.5,0.48,45.15,0.0,591.474
15.4,5.16,52.94,0.0,492.597
11.3,6.0,47.94,0.0,331.605
15.2,0.72,47.59,0.0,121.836
12.3,2.52,40.54,0.0,0.0
13.5,0.6,41.95,0.0,0.0
10.1,1.68,35.78,0.0,0.0
12.7,1.44,36.67,0.0,0.0
13.7,6.48,36.79,0.0,0.0
14.8,2.16,36.03,0.0,0.0
13.5,0.24,31.52,0.0,0.0
8.3,1.44,22.35,0.0,0.0
11.0,0.0,23.27,0.0,0.0
7.9,0.24,17.27,0.0,0.0
4.8,0.0,12.28,0.0,0.0
8.5,0.0,14.95,0.0,0.0
5.5,3.12,10.3,0.0,0.0
7.6,1.08,15.35,0.0,0.0
15.2,17.04,32.1,0.0,156.341
13.0,14.52,32.43,0.0,359.647
10.2,14.28,30.88,0.0,516.311
13.8,1.32,35.95,0.0,589.9830000000001
10.3,7.2,32.47,0.0,578.914
11.3,2.04,33.67,0.0,527.436
8.6,6.96,31.75,0.0,418.087
13.6,1.32,40.21,0.0,372.874
12.3,4.56,38.76,0.0,288.141
12.8,0.6,35.18,0.0,104.382
8.4,10.8,27.33,0.0,0.0
9.2,0.84,29.01,0.0,0.0
11.4,2.28,30.81,0.0,0.0
12.7,0.84,30.92,0.0,0.0
9.9,0.96,25.91,0.0,0.0
15.9,1.44,32.94,0.0,0.0
20.8,4.92,37.18,0.0,0.0
16.5,0.48,29.03,0.0,0.0
8.0,1.32,15.97,0.0,0.0
6.2,1.68,11.65,0.0,0.0
10.8,0.12,15.86,0.0,0.0
7.3,0.0,11.43,0.0,0.0
9.6,0.6,13.81,0.0,0.0
5.3,6.96,9.54,0.0,0.0
9.2,7.2,17.55,0.0,56.6463
8.4,10.2,23.01,0.0,270.78
11.7,16.32,29.68,0.0,379.717
7.7,15.36,24.42,0.0,397.942
14.7,3.24,35.28,0.0,455.406
14.5,3.0,37.64,0.0,652.612
11.0,7.8,34.79,0.0,592.151
13.5,4.92,38.32,0.0,474.86
7.6,0.96,30.96,0.0,361.837
12.2,1.92,31.65,0.0,141.088
11.5,7.32,26.69,0.0,0.0
13.3,7.2,28.71,0.0,0.0
13.2,1.68,26.59,0.0,0.0
15.0,0.72,26.89,0.0,0.0
12.8,0.6,23.22,0.0,0.0
8.8,3.0,17.46,0.0,0.0
8.1,0.72,15.66,0.0,0.0
10.7,0.24,17.73,0.0,0.0
9.9,0.36,15.91,0.0,0.0
9.1,0.0,14.14,0.0,0.0
8.6,0.12,12.92,0.0,0.0
8.5,0.24,12.31,0.0,0.0
9.0,0.36,12.85,0.0,0.0
5.3,2.4,10.35,0.0,0.0
8.9,5.16,19.78,0.0,122.801
7.5,10.92,21.24,0.0,262.926
6.8,24.36,20.75,0.0,247.042
12.4,18.96,29.02,0.0,324.309
9.4,13.92,23.8,0.0,214.191
13.3,10.32,27.28,0.0,162.915
11.8,8.28,22.62,0.0,49.1356
7.8,3.72,15.1,0.0,21.0687
10.9,4.32,19.54,0.0,46.0579
7.4,4.2,14.21,0.0,10.3832
11.7,3.36,21.45,0.0,0.0
13.3,0.84,24.79,0.0,0.0
13.5,1.68,24.38,0.0,0.0
14.0,2.88,25.25,0.0,0.0
11.6,10.08,21.96,0.0,0.0
12.1,1.2,22.49,0.0,0.0
10.5,5.64,19.37,0.0,0.0
8.2,0.72,15.33,0.0,0.0
6.2,0.24,11.65,0.0,0.0
12.3,0.24,20.42,0.0,0.0
9.2,0.0,15.01,0.0,0.0
8.8,0.12,14.72,0.0,0.0
7.2,1.08,12.61,0.0,0.0
10.9,1.8,19.32,0.0,0.0
12.1,11.88,24.02,0.0,110.217
9.9,3.84,19.97,0.0,161.606
9.7,12.84,22.9,0.0,317.029
7.8,12.84,20.63,0.0,252.999
11.2,17.04,28.01,0.0,283.971
8.2,0.84,25.75,0.0,369.408
14.5,3.84,35.07,0.0,286.305
10.3,2.04,26.09,0.0,161.784
5.8,2.4,17.41,0.0,69.8672
7.4,0.72,18.99,0.0,16.8799
9.6,1.08,22.35,0.0,0.0
10.7,3.48,24.29,0.0,0.0
15.3,2.4,30.08,0.0,0.0
14.9,1.56,26.97,0.0,0.0
12.6,2.16,22.16,0.0,0.0
13.4,1.08,22.5,0.0,0.0
9.3,1.68,15.62,0.0,0.0
12.4,0.0,19.37,0.0,0.0
6.7,0.36,10.85,0.0,0.0
5.5,0.12,9.17,0.0,0.0
6.5,0.0,9.73,0.0,0.0
10.3,0.36,13.45,0.0,0.0
7.3,2.04,10.03,0.0,0.0
8.3,4.44,11.44,0.0,0.0
10.2,15.12,15.39,0.0,70.7256
10.8,19.8,16.93,0.0,173.813
7.5,14.28,14.48,0.0,277.573
8.3,13.44,19.12,0.0,447.006
10.3,3.12,24.36,0.0,504.916
8.8,1.32,22.84,0.0,463.145
10.8,1.08,26.19,0.0,374.396
9.5,0.96,24.55,0.0,297.279
10.3,1.08,24.51,0.0,193.199
9.1,1.44,21.11,0.0,61.8767
10.1,5.52,21.7,0.0,0.0
20.6,2.4,36.03,0.0,0.0
15.7,2.16,27.48,0.0,0.0
15.0,3.0,25.35,0.0,0.0
11.1,2.28,19.7,0.0,0.0
12.7,8.88,20.67,0.0,0.0
12.1,0.36,18.18,0.0,0.0
9.5,3.96,13.52,0.0,0.0
7.0,0.6,9.24,0.0,0.0
11.1,0.12,12.03,0.0,0.0
9.9,0.24,9.57,0.0,0.0
8.9,0.24,7.88,0.0,0.0
10.0,3.84,8.09,0.0,0.0
7.5,4.44,7.82,0.0,0.0
13.2,17.28,18.97,0.0,155.519
14.6,8.52,23.97,0.0,369.75
8.8,3.24,18.92,0.0,541.057
7.5,6.6,18.32,0.0,639.2669999999999
11.6,5.28,24.38,0.0,672.539
11.0,0.6,25.41,0.0,694.2310000000001
12.3,2.16,29.17,0.0,639.996
12.8,0.84,29.3,0.0,440.646
10.0,1.32,22.69,0.0,227.961
10.1,0.36,19.65,0.0,80.2246
14.2,3.0,22.23,0.0,0.0
14.0,0.6,21.64,0.0,0.0
13.5,1.56,19.47,0.0,0.0
11.8,1.92,16.62,0.0,0.0
11.1,0.84,14.89,0.0,0.0
10.9,0.84,12.46,0.0,0.0
14.9,1.32,16.9,0.0,0.0
13.0,0.24,13.57,0.0,0.0
6.2,0.12,5.8,0.0,0.0
7.1,0.0,6.28,0.0,0.0
8.6,0.0,7.18,0.0,0.0
9.2,0.24,7.27,0.0,0.0
11.7,0.6,8.8,0.0,0.0
9.4,2.64,7.0,0.0,0.0
14.4,8.76,11.09,0.0,39.5172
10.3,17.04,8.52,0.0,146.22
8.6,17.28,9.08,0.0,310.98900000000003
9.9,17.52,11.57,0.0,360.27
10.4,6.36,13.93,0.0,398.154
14.8,4.32,19.05,0.0,303.49
9.9,1.8,13.12,0.0,193.939
8.9,4.2,11.08,0.0,92.9883
10.7,1.44,12.24,0.0,47.5873
6.1,0.84,7.41,0.0,10.7897
11.3,1.56,12.31,0.0,0.0
16.4,3.48,18.45,0.0,0.0
9.6,1.56,9.83,0.0,0.0
17.7,2.88,17.21,0.0,0.0
16.9,3.36,15.55,0.0,0.0
12.1,1.2,9.66,0.0,0.0
16.4,0.84,13.49,0.0,0.0
6.4,3.48,4.5,0.0,0.0
8.7,0.12,5.79,0.0,0.0
6.5,0.12,3.59,0.0,0.0
9.8,0.24,5.65,0.0,0.0
10.7,0.0,6.71,0.0,0.0
7.2,1.92,4.28,0.0,0.0
7.4,5.76,5.08,0.0,0.0
9.0,8.52,8.18,0.0,110.959
9.1,19.68,9.68,0.0,238.517
12.1,13.92,14.76,0.0,409.932
10.4,0.96,16.31,0.0,538.6080000000001
8.6,0.96,18.03,0.0,669.5419999999999
9.1,2.04,21.01,0.0,671.952
12.5,7.8,28.67,0.0,619.447
14.1,0.96,33.22,0.0,494.007
7.9,0.12,25.58,0.0,346.396
9.3,0.6,22.92,0.0,132.511
7.9,3.48,17.95,0.0,0.0
13.0,4.92,24.32,0.0,0.0
10.9,2.52,20.13,0.0,0.0
15.6,1.56,23.88,0.0,0.0
12.9,0.72,18.59,0.0,0.0
18.9,1.92,23.53,0.0,0.0
9.7,10.08,11.14,0.0,0.0
6.8,0.36,7.54,0.0,0.0
9.9,0.0,8.72,0.0,0.0
8.1,0.0,6.44,0.0,0.0
9.9,0.12,7.16,0.0,0.0
9.9,0.0,6.44,0.0,0.0
7.4,1.8,4.68,0.0,0.0
7.4,8.52,5.27,0.0,0.0
8.1,11.88,7.78,0.0,121.331
9.0,16.56,9.95,0.0,263.961
9.1,19.8,10.12,0.0,332.861
12.6,7.92,13.73,0.0,421.1880000000001
9.8,3.24,13.22,0.0,457.685
14.7,2.64,21.28,0.0,557.491
11.7,0.48,18.18,0.0,359.74
12.4,2.88,18.57,0.0,236.812
8.0,2.76,12.35,0.0,116.108
10.5,8.88,13.76,0.0,26.8709
10.2,11.88,13.63,0.0,0.0
17.0,9.12,21.87,0.0,0.0
15.7,0.6,19.05,0.0,0.0
7.4,2.4,8.84,0.0,0.0
8.8,2.52,9.24,0.0,0.0
12.3,1.56,11.43,0.0,0.0
10.5,0.84,8.83,0.0,0.0
6.9,2.88,5.53,0.0,0.0
9.4,0.24,6.38,0.0,0.0
6.7,0.0,4.15,0.0,0.0
8.1,0.12,4.54,0.0,0.0
5.5,0.0,2.7,0.0,0.0
8.3,1.2,4.03,0.0,0.0
8.8,0.36,5.59,0.0,0.0
8.3,4.32,10.49,0.0,140.077
8.2,6.36,13.95,0.0,335.12800000000004
10.0,23.52,16.72,0.0,500.106
11.3,13.92,19.38,0.0,611.573
7.0,11.52,17.34,0.0,672.757
9.2,2.88,21.61,0.0,674.14
8.7,4.56,24.15,0.0,627.687
9.8,6.24,28.03,0.0,515.582
8.0,4.68,25.19,0.0,352.673
11.4,1.32,24.15,0.0,127.703
10.3,3.24,16.99,0.0,0.0
13.1,2.4,19.23,0.0,0.0
18.6,5.4,24.34,0.0,0.0
11.8,0.48,13.7,0.0,0.0
10.8,4.56,10.93,0.0,0.0
10.6,0.24,9.16,0.0,0.0
10.5,0.12,7.59,0.0,0.0
8.5,0.36,4.94,0.0,0.0
10.7,1.8,5.4,0.0,0.0
4.9,0.12,1.98,0.0,0.0
8.7,0.0,3.24,0.0,0.0
12.3,0.0,4.54,0.0,0.0
6.1,1.56,1.57,0.0,0.0
6.8,2.88,2.49,0.0,0.0
11.0,20.52,9.05,0.0,136.739
14.4,2.16,16.35,0.0,321.994
8.9,15.24,15.21,0.0,485.777
11.1,12.84,19.18,0.0,588.434
10.1,8.04,21.28,0.0,635.039
12.0,4.44,27.87,0.0,625.001
12.8,8.76,33.39,0.0,536.5830000000001
10.3,2.52,32.6,0.0,437.8
7.5,2.04,27.76,0.0,289.771
10.4,3.12,27.3,0.0,91.686
11.5,1.2,26.07,0.0,0.0
10.1,2.52,23.8,0.0,0.0
12.5,4.08,24.77,0.0,0.0
8.4,0.6,17.23,0.0,0.0
13.4,2.16,21.92,0.0,0.0
14.9,3.12,21.94,0.0,0.0
12.5,0.72,17.39,0.0,0.0
9.0,0.0,11.68,0.0,0.0
8.7,1.68,9.68,0.0,0.0
8.6,0.12,8.68,0.0,0.0
7.2,0.0,5.7,0.0,0.0
5.4,1.08,3.28,0.0,0.0
7.4,2.64,3.92,0.0,0.0
6.1,5.28,4.33,0.0,0.0
8.4,5.4,13.22,0.0,138.94899999999998
9.6,22.8,19.86,0.0,339.94699999999995
8.7,25.08,20.42,0.0,501.172
10.2,5.4,22.77,0.0,611.1
13.3,1.8,29.05,0.0,668.508
8.0,0.72,24.42,0.0,682.334
9.8,0.36,29.97,0.0,621.248
13.7,0.48,36.86,0.0,524.276
9.7,0.84,31.56,0.0,362.902
9.0,0.96,25.65,0.0,138.91299999999998
9.5,6.84,20.5,0.0,0.0
10.1,2.88,19.89,0.0,0.0
25.3,4.08,36.41,0.0,0.0
10.0,1.08,16.66,0.0,0.0
13.5,0.72,19.26,0.0,0.0
13.0,3.0,16.36,0.0,0.0
12.1,0.48,13.19,0.0,0.0
13.9,4.32,12.88,0.0,0.0
6.2,0.72,4.48,0.0,0.0
7.2,0.24,4.21,0.0,0.0
11.2,0.12,5.94,0.0,0.0
7.1,0.12,3.24,0.0,0.0
7.1,1.92,2.93,0.0,0.0
6.8,7.68,3.87,0.0,0.0
8.7,16.2,11.85,0.0,136.335
8.0,9.72,16.6,0.0,339.084
10.7,3.84,22.02,0.0,506.924
11.0,7.44,24.48,0.0,621.76
11.9,5.4,28.89,0.0,672.05
12.0,1.44,32.22,0.0,685.54
9.6,2.88,32.48,0.0,628.503
8.9,3.36,33.91,0.0,523.577
8.8,2.28,32.72,0.0,352.88800000000003
12.8,1.56,31.86,0.0,128.561
12.3,0.84,26.53,0.0,0.0
13.5,0.96,27.49,0.0,0.0
12.3,3.12,23.76,0.0,0.0
8.6,2.88,16.49,0.0,0.0
9.1,0.84,15.61,0.0,0.0
13.8,0.84,20.68,0.0,0.0
9.7,0.6,14.4,0.0,0.0
10.2,0.36,14.5,0.0,0.0
11.2,0.84,14.67,0.0,0.0
5.8,0.24,7.87,0.0,0.0
10.4,0.12,11.67,0.0,0.0
9.8,0.12,10.11,0.0,0.0
7.7,0.6,7.84,0.0,0.0
6.4,2.64,8.62,0.0,0.0
8.5,13.32,18.51,0.0,118.32
13.4,14.16,32.77,0.0,319.106
8.0,14.4,28.57,0.0,474.111
8.4,25.8,29.77,0.0,585.293
10.3,6.24,30.46,0.0,427.444
11.2,1.2,32.97,0.0,340.75800000000004
11.0,0.48,38.44,0.0,552.002
9.8,3.84,39.85,0.0,501.887
8.8,3.48,36.9,0.0,337.232
7.7,1.56,29.48,0.0,118.49
10.6,1.68,29.51,0.0,0.0
17.1,1.2,37.81,0.0,0.0
13.4,2.4,30.62,0.0,0.0
13.1,2.28,28.1,0.0,0.0
13.0,0.6,26.38,0.0,0.0
12.4,1.92,23.9,0.0,0.0
7.4,0.48,15.93,0.0,0.0
11.9,0.48,21.64,0.0,0.0
13.3,0.12,20.72,0.0,0.0
8.5,0.12,10.9,0.0,0.0
8.1,0.24,8.47,0.0,0.0
9.5,0.0,7.65,0.0,0.0
10.4,2.28,6.89,0.0,0.0
8.3,3.48,5.6,0.0,0.0
11.0,10.56,11.35,0.0,132.877
7.1,21.96,10.98,0.0,358.81
9.4,11.4,13.07,0.0,548.2080000000001
8.9,0.6,13.01,0.0,683.863
10.9,0.36,15.64,0.0,752.0830000000001
13.1,0.96,18.87,0.0,755.0880000000001
9.8,2.76,18.01,0.0,700.183
13.4,0.6,23.89,0.0,583.255
12.4,4.44,23.04,0.0,399.231
7.8,0.72,13.78,0.0,156.743
8.6,6.48,10.41,0.0,0.0
6.3,1.2,8.11,0.0,0.0
12.2,2.52,11.42,0.0,0.0
13.7,0.72,10.83,0.0,0.0
17.5,1.92,12.27,0.0,0.0
10.3,1.68,4.96,0.0,0.0
12.7,4.56,5.46,0.0,0.0
3.7,2.4,1.42,0.0,0.0
11.4,0.24,3.33,0.0,0.0
8.0,0.24,1.69,0.0,0.0
8.3,0.12,1.35,0.0,0.0
6.4,0.36,1.02,0.0,0.0
8.0,0.0,1.13,0.0,0.0
5.1,7.68,1.0,0.0,0.0
6.1,5.64,3.62,0.0,146.036
9.9,19.44,7.39,0.0,371.552
10.6,11.28,9.38,0.0,550.5
6.6,12.72,8.48,0.0,669.477
12.3,4.32,12.89,0.0,726.421
14.2,2.64,16.12,0.0,725.123
10.9,2.64,16.01,0.0,674.275
15.7,3.24,22.35,0.0,568.8969999999999
11.8,3.96,19.33,0.0,396.167
9.9,6.6,13.09,0.0,150.317
12.0,12.96,8.87,0.0,0.0
13.4,4.56,8.3,0.0,0.0
16.0,1.32,8.85,0.0,0.0
9.3,1.44,3.86,0.0,0.0
12.0,2.76,4.22,0.0,0.0
10.3,0.6,2.61,0.0,0.0
10.7,4.68,2.02,0.0,0.0
9.2,0.6,1.37,0.0,0.0
11.7,0.12,1.58,0.0,0.0
7.9,0.0,0.81,0.0,0.0
14.0,2.04,1.45,0.0,0.0
9.0,0.0,0.77,0.0,0.0
7.8,0.36,0.49,0.0,0.0
12.2,1.32,1.08,0.0,0.0
7.4,7.92,3.11,0.0,141.166
8.8,9.6,6.78,0.0,358.314
9.6,14.16,10.08,0.0,502.689
8.8,16.68,10.97,0.0,607.428
8.8,13.08,13.13,0.0,688.1039999999999
11.9,6.84,17.33,0.0,709.122
10.4,6.84,18.14,0.0,659.382
10.9,2.88,21.67,0.0,557.097
10.6,7.2,21.66,0.0,393.51
6.0,5.88,12.24,0.0,152.891
14.0,2.28,13.93,0.0,0.0
13.8,2.04,12.89,0.0,0.0
10.4,5.04,8.62,0.0,0.0
9.4,5.76,6.21,0.0,0.0
17.5,6.36,11.1,0.0,0.0
15.9,3.0,8.45,0.0,0.0
10.9,0.24,4.29,0.0,0.0
10.4,1.08,2.94,0.0,0.0
6.0,0.6,1.12,0.0,0.0
5.8,0.12,0.9,0.0,0.0
9.2,0.12,1.08,0.0,0.0
9.2,0.12,0.92,0.0,0.0
8.5,2.04,0.87,0.0,0.0
5.7,3.84,0.85,0.0,0.0
9.3,11.4,4.16,0.0,134.553
10.8,5.88,9.76,0.0,344.309
7.2,13.08,10.85,0.0,509.46
9.3,14.04,14.09,0.0,618.499
7.6,29.52,15.34,0.0,694.448
10.5,4.8,19.28,0.0,692.952
9.5,3.24,21.66,0.0,568.758
10.5,4.08,26.25,0.0,501.55
8.1,2.28,23.94,0.0,369.274
10.8,5.52,21.8,0.0,137.204
12.2,2.64,19.59,0.0,0.0
10.5,1.92,17.11,0.0,0.0
8.1,2.16,12.56,0.0,0.0
15.0,6.72,18.18,0.0,0.0
13.3,3.48,15.38,0.0,0.0
14.6,2.64,15.84,0.0,0.0
13.6,0.6,13.12,0.0,0.0
9.8,0.0,8.49,0.0,0.0
12.4,1.8,9.9,0.0,0.0
12.0,0.24,9.33,0.0,0.0
5.3,3.36,4.43,0.0,0.0
10.7,0.12,7.79,0.0,0.0
7.4,2.64,5.63,0.0,0.0
10.0,7.56,8.39,0.0,0.0
9.5,10.08,14.21,0.0,104.58
9.7,20.4,17.64,0.0,295.136
11.0,22.92,21.08,0.0,352.582
10.6,4.32,25.15,0.0,488.716
9.3,3.6,27.96,0.0,651.508
7.4,2.64,27.81,0.0,622.747
9.4,2.04,28.3,0.0,323.639
11.1,0.48,26.82,0.0,151.974
7.6,9.12,18.75,0.0,84.9353
5.8,3.0,15.1,0.0,18.6419
9.5,1.92,20.82,0.0,0.0
11.0,0.84,23.22,0.0,0.0
11.7,3.96,22.31,0.0,0.0
10.7,1.56,18.98,0.0,0.0
14.7,1.32,23.79,0.0,0.0
16.6,8.52,25.69,0.0,0.0
8.9,2.28,13.64,0.0,0.0
13.6,0.84,19.22,0.0,0.0
9.1,0.0,11.48,0.0,0.0
6.2,0.12,7.52,0.0,0.0
7.5,0.24,7.97,0.0,0.0
7.3,0.12,7.37,0.0,0.0
9.8,4.92,9.31,0.0,0.0
8.6,2.76,9.55,0.0,0.0
9.6,20.4,16.11,0.0,109.69
7.6,19.08,13.8,0.0,255.614
11.0,3.12,13.28,0.0,144.595
12.3,6.0,15.97,0.0,226.179
12.6,6.0,20.86,0.0,296.514
11.1,3.0,25.85,0.0,594.482
12.5,1.08,33.02,0.0,562.955
13.9,0.6,38.62,0.0,467.292
10.5,1.2,32.93,0.0,329.207
10.2,0.84,26.05,0.0,115.809
10.0,1.44,22.36,0.0,0.0
14.9,0.84,28.99,0.0,0.0
8.8,1.44,18.32,0.0,0.0
12.4,2.4,21.04,0.0,0.0
9.8,1.2,15.16,0.0,0.0
10.8,1.44,14.08,0.0,0.0
14.3,0.48,16.81,0.0,0.0
8.1,0.12,8.42,0.0,0.0
14.8,0.48,16.05,0.0,0.0
9.4,0.12,9.67,0.0,0.0
9.4,0.12,9.17,0.0,0.0
11.9,0.12,10.87,0.0,0.0
6.7,1.32,6.28,0.0,0.0
6.5,5.28,6.89,0.0,0.0
9.0,16.32,14.99,0.0,106.178
11.0,10.92,21.39,0.0,313.283
10.3,18.24,22.51,0.0,475.212
10.4,21.0,24.05,0.0,584.564
9.0,5.52,24.53,0.0,645.1569999999999
13.8,1.44,32.89,0.0,650.245
13.6,0.84,35.19,0.0,601.544
9.9,9.84,33.02,0.0,504.5580000000001
9.4,1.8,31.23,0.0,334.277
7.1,2.76,22.52,0.0,117.122
9.0,1.92,19.36,0.0,0.0
14.9,0.72,24.98,0.0,0.0
15.5,4.08,23.46,0.0,0.0
14.3,1.8,21.6,0.0,0.0
16.5,2.16,24.41,0.0,0.0
15.2,3.0,20.56,0.0,0.0
12.7,0.72,15.43,0.0,0.0
11.3,1.32,11.98,0.0,0.0
8.4,0.12,7.73,0.0,0.0
10.2,0.0,7.81,0.0,0.0
8.4,0.24,5.58,0.0,0.0
9.9,0.0,5.89,0.0,0.0
5.0,3.72,2.85,0.0,0.0
8.8,7.08,4.3,0.0,0.0
8.1,7.56,4.57,0.0,71.255
10.2,15.6,6.77,0.0,179.47799999999998
9.0,9.72,8.82,0.0,401.298
11.8,4.08,12.6,0.0,552.969
9.3,2.16,13.01,0.0,626.2
9.5,6.0,15.91,0.0,695.57
8.5,7.92,17.37,0.0,642.73
13.9,2.76,25.34,0.0,538.121
8.1,8.4,19.11,0.0,368.615
7.2,2.28,13.24,0.0,136.45600000000002
15.6,4.68,16.95,0.0,0.0
11.3,2.88,12.25,0.0,0.0
10.2,0.72,10.62,0.0,0.0
11.3,0.48,10.86,0.0,0.0
11.2,0.84,9.8,0.0,0.0
14.0,1.32,10.67,0.0,0.0
10.2,2.4,6.16,0.0,0.0
10.5,0.36,5.56,0.0,0.0
9.8,0.12,4.42,0.0,0.0
7.5,0.36,2.66,0.0,0.0
6.9,0.24,1.86,0.0,0.0
13.7,0.12,3.04,0.0,0.0
8.5,0.24,1.19,0.0,0.0
6.7,8.76,1.31,0.0,0.0
9.2,4.2,4.9,0.0,115.491
11.1,14.52,8.35,0.0,289.904
13.9,20.76,12.25,0.0,447.934
10.0,12.0,12.29,0.0,616.004
12.8,0.96,16.72,0.0,655.6
11.6,2.04,18.31,0.0,629.318
12.8,3.84,21.36,0.0,585.368
8.4,5.4,18.71,0.0,433.141
10.0,0.6,20.15,0.0,303.397
9.9,8.04,16.39,0.0,101.554
9.7,4.32,13.15,0.0,0.0
11.0,4.8,13.77,0.0,0.0
14.2,1.8,15.4,0.0,0.0
8.4,3.36,8.05,0.0,0.0
10.7,2.52,9.15,0.0,0.0
10.8,5.28,8.52,0.0,0.0
10.5,0.84,7.88,0.0,0.0
11.7,2.52,7.89,0.0,0.0
8.9,0.24,5.68,0.0,0.0
9.6,0.36,5.78,0.0,0.0
5.6,0.0,3.74,0.0,0.0
8.8,0.12,6.19,0.0,0.0
7.8,0.12,5.88,0.0,0.0
10.7,0.96,8.6,0.0,0.0
8.5,3.96,10.02,0.0,78.8207
10.0,10.92,12.19,0.0,140.494
8.1,30.48,14.98,0.0,309.268
12.4,13.8,26.3,0.0,435.12
7.2,13.68,21.84,0.0,412.804
7.1,3.48,21.96,0.0,288.743
11.2,9.36,27.67,0.0,97.743
15.1,3.24,38.91,0.0,347.63199999999995
9.6,2.04,30.59,0.0,282.157
6.4,0.96,21.92,0.0,71.5868
7.7,1.32,23.13,0.0,0.0
9.8,1.2,27.78,0.0,0.0
13.5,1.08,32.99,0.0,0.0
10.6,7.92,27.12,0.0,0.0
9.5,6.96,25.4,0.0,0.0
13.2,1.08,31.65,0.0,0.0
10.5,0.24,26.34,0.0,0.0
16.4,0.36,35.81,0.0,0.0
12.9,0.48,28.85,0.0,0.0
12.6,0.12,28.24,0.0,0.0
9.2,0.12,21.85,0.0,0.0
9.6,0.48,22.65,0.0,0.0
8.6,4.08,20.83,0.0,0.0
8.4,3.0,21.71,0.0,0.0
7.9,12.36,26.15,0.0,79.9107
10.1,9.96,31.73,0.0,180.79
12.3,12.24,41.22,0.0,366.329
9.4,13.8,38.52,0.0,457.231
14.2,9.0,46.4,0.0,456.336
11.4,12.84,41.45,0.0,389.347
9.9,1.2,38.41,0.0,290.76
8.9,4.32,39.09,0.0,307.905
9.3,1.56,40.46,0.0,283.152
12.3,3.24,39.33,0.0,85.3504
9.6,1.2,32.28,0.0,0.0
10.0,2.64,33.5,0.0,0.0
12.9,4.8,36.3,0.0,0.0
17.2,6.24,41.43,0.0,0.0
9.6,0.24,27.82,0.0,0.0
12.7,1.08,31.71,0.0,0.0
15.9,3.72,34.8,0.0,0.0
12.2,2.16,27.64,0.0,0.0
10.4,0.24,24.86,0.0,0.0
6.6,0.24,18.3,0.0,0.0
8.2,0.0,20.93,0.0,0.0
9.7,0.24,23.23,0.0,0.0
7.7,0.24,19.56,0.0,0.0
7.6,3.48,20.06,0.0,0.0
10.1,8.88,25.54,0.0,0.0
7.6,26.16,13.02,0.0,10.7071
9.9,16.92,12.52,0.0,55.1513
8.8,3.24,14.68,0.0,255.213
12.5,1.56,23.13,0.0,395.208
8.6,0.48,17.88,0.0,326.333
12.5,0.36,24.61,0.0,359.182
9.9,0.84,21.1,0.0,365.235
10.0,3.24,18.54,0.0,217.118
8.4,2.04,13.21,0.0,62.6778
8.1,4.08,11.1,0.0,0.0
11.1,1.2,13.68,0.0,0.0
9.9,1.56,10.65,0.0,0.0
15.1,0.96,14.79,0.0,0.0
11.3,3.12,9.73,0.0,0.0
12.7,4.68,8.29,0.0,0.0
16.7,3.84,9.72,0.0,0.0
7.0,2.28,2.75,0.0,0.0
9.0,1.2,3.6,0.0,0.0
5.9,2.28,2.28,0.0,0.0
5.6,0.0,1.68,0.0,0.0
10.5,1.8,2.89,0.0,0.0
6.6,0.36,1.53,0.0,0.0
10.7,8.4,3.2,0.0,0.0
8.1,12.12,5.67,0.0,108.878
12.0,14.28,10.11,0.0,333.55
11.4,1.68,11.24,0.0,520.795
8.3,11.52,10.45,0.0,636.639
10.1,0.48,12.83,0.0,703.5419999999999
12.5,2.76,16.27,0.0,692.942
11.7,4.2,17.67,0.0,642.361
11.7,0.48,20.15,0.0,528.028
7.8,0.24,16.54,0.0,350.161
14.7,5.88,17.95,0.0,129.619
14.0,5.64,13.05,0.0,0.0
15.2,1.8,13.22,0.0,0.0
11.6,2.76,8.69,0.0,0.0
10.7,0.48,6.68,0.0,0.0
12.5,3.6,6.95,0.0,0.0
15.7,0.72,9.17,0.0,0.0
13.1,3.36,5.62,0.0,0.0
13.4,5.4,4.65,0.0,0.0
11.3,0.12,4.17,0.0,0.0
9.9,0.0,3.81,0.0,0.0
4.6,0.0,1.71,0.0,0.0
8.7,0.12,3.08,0.0,0.0
8.5,2.64,2.8,0.0,0.0
10.0,5.64,3.52,0.0,0.0
11.2,16.92,5.51,0.0,86.1811
14.8,17.4,9.16,0.0,244.004
13.5,10.2,9.52,0.0,315.768
18.2,3.24,14.94,0.0,452.283
14.2,4.8,14.74,0.0,577.2
12.6,7.2,16.17,0.0,629.874
13.8,1.8,18.7,0.0,519.646
11.8,0.96,17.33,0.0,424.068
10.7,0.36,15.25,0.0,270.987
12.2,9.6,13.75,0.0,83.6436
14.9,0.36,15.02,0.0,0.0
13.2,1.44,13.65,0.0,0.0
13.9,2.28,13.47,0.0,0.0
10.9,3.24,9.78,0.0,0.0
15.0,3.24,13.63,0.0,0.0
17.2,5.16,14.96,0.0,0.0
11.2,0.36,7.89,0.0,0.0
9.2,7.2,5.91,0.0,0.0
7.4,1.08,4.34,0.0,0.0
11.8,0.12,6.52,0.0,0.0
7.4,3.0,4.11,0.0,0.0
7.7,0.0,3.89,0.0,0.0
11.1,0.24,5.44,0.0,0.0
9.9,11.76,4.8,0.0,0.0
15.1,7.08,7.94,0.0,28.6881
11.2,9.48,5.28,0.0,85.8702
13.9,14.76,6.86,0.0,45.429
10.0,9.36,5.12,0.0,121.11
9.6,4.8,5.46,0.0,92.2269
15.8,3.6,10.46,0.0,124.343
9.2,1.08,6.97,0.0,296.793
8.4,2.64,5.29,0.0,40.6074
11.8,1.92,7.52,0.0,27.3814
6.9,1.2,4.44,0.0,3.23333
12.0,4.08,8.5,0.0,0.0
14.1,7.2,10.42,0.0,0.0
16.0,0.48,11.48,0.0,0.0
12.1,1.68,8.07,0.0,0.0
19.3,0.84,14.87,0.0,0.0
17.2,2.16,13.05,0.0,0.0
11.4,1.68,8.51,0.0,0.0
6.1,0.72,4.73,0.0,0.0
10.1,1.56,7.93,0.0,0.0
10.1,0.0,8.69,0.0,0.0
12.2,0.96,10.49,0.0,0.0
12.7,0.36,10.61,0.0,0.0
10.8,3.84,8.72,0.0,0.0
10.0,6.0,8.07,0.0,0.0
12.1,5.28,10.87,0.0,33.993
10.7,11.04,8.78,0.0,57.4466
9.5,11.28,7.49,0.0,36.3378
8.0,11.4,6.77,0.0,19.799
10.8,12.84,11.11,0.0,89.3854
11.7,5.88,13.91,0.0,207.365
15.8,4.68,18.74,0.0,159.56
15.1,7.92,15.05,0.0,54.5264
12.9,12.72,11.47,0.0,23.9917
9.1,2.64,7.99,0.0,2.4192400000000003
8.9,5.64,8.39,0.0,0.0
17.1,2.28,17.72,0.0,0.0
14.9,0.72,13.88,0.0,0.0
16.5,0.24,16.0,0.0,0.0
10.7,4.32,9.23,0.0,0.0
12.7,1.44,10.97,0.0,0.0
7.7,0.84,6.3,0.0,0.0
7.8,2.4,6.51,0.0,0.0
12.7,1.08,10.36,0.0,0.0
10.4,0.6,7.49,0.0,0.0
6.3,2.28,4.05,0.0,0.0
7.3,0.0,4.48,0.0,0.0
6.8,0.12,4.04,0.0,0.0
11.2,0.6,7.02,0.0,0.0
13.7,18.6,9.51,0.0,10.5458
12.6,12.96,7.44,0.0,42.1811
11.1,9.36,5.77,0.0,34.2871
8.3,23.04,3.95,0.0,29.3449
9.0,2.16,4.44,0.0,31.0628
13.9,2.28,9.08,0.0,98.1094
13.4,4.92,10.93,0.0,348.875
12.3,2.64,10.5,0.0,280.79900000000004
5.9,2.88,5.52,0.0,168.06900000000002
14.4,1.44,11.59,0.0,40.786
8.4,2.28,7.34,0.0,0.0
13.7,2.64,13.38,0.0,0.0
9.8,2.04,9.13,0.0,0.0
16.4,6.12,15.8,0.0,0.0
13.9,1.32,13.3,0.0,0.0
14.5,5.52,14.65,0.0,0.0
7.4,2.52,7.57,0.0,0.0
7.1,0.24,7.29,0.0,0.0
10.6,0.24,8.23,0.0,0.0
8.1,0.0,5.04,0.0,0.0
11.8,5.76,7.31,0.0,0.0
10.2,0.0,5.76,0.0,0.0
8.2,1.92,4.01,0.0,0.0
8.3,3.24,4.29,0.0,0.0
12.0,5.16,9.81,0.0,90.9159
14.4,12.0,9.29,0.0,131.246
10.9,22.2,6.31,0.0,159.671
12.0,8.88,7.65,0.0,204.168
13.8,6.6,10.1,0.0,303.07
12.1,4.2,10.05,0.0,326.161
14.0,3.24,13.43,0.0,288.769
10.1,0.6,14.49,0.0,463.492
10.3,4.08,15.74,0.0,353.47
12.0,3.12,12.83,0.0,124.029
12.0,3.6,9.93,0.0,0.0
15.2,2.16,13.66,0.0,0.0
12.4,2.28,9.96,0.0,0.0
10.4,1.68,7.74,0.0,0.0
16.7,1.56,13.02,0.0,0.0
15.2,3.0,10.36,0.0,0.0
12.3,0.72,7.73,0.0,0.0
7.1,0.36,4.02,0.0,0.0
8.3,0.24,4.28,0.0,0.0
4.9,0.36,2.56,0.0,0.0
9.6,0.0,4.39,0.0,0.0
8.5,0.0,3.66,0.0,0.0
10.3,0.24,4.64,0.0,0.0
10.3,0.24,4.96,0.0,0.0
11.6,13.08,9.67,0.0,82.6243
12.7,19.92,13.29,0.0,281.323
12.0,8.04,10.12,0.0,233.977
11.3,7.44,9.69,0.0,238.47
11.3,3.36,10.22,0.0,245.976
14.3,12.12,14.23,0.0,262.783
12.8,0.48,15.9,0.0,299.181
9.9,8.4,17.29,0.0,424.337
10.6,0.96,18.3,0.0,322.013
8.3,0.36,12.06,0.0,97.7531
10.3,2.76,12.22,0.0,0.0
9.9,1.32,12.32,0.0,0.0
12.5,0.96,14.65,0.0,0.0
14.3,5.76,15.73,0.0,0.0
17.7,4.08,18.95,0.0,0.0
13.8,0.84,12.36,0.0,0.0
10.1,0.12,7.89,0.0,0.0
13.4,3.12,9.67,0.0,0.0
8.5,0.36,5.4,0.0,0.0
9.4,2.04,5.64,0.0,0.0
8.0,0.0,4.58,0.0,0.0
8.2,3.48,4.34,0.0,0.0
9.9,2.04,4.69,0.0,0.0
11.6,4.68,5.08,0.0,0.0
11.1,19.44,4.49,0.0,35.6453
17.7,9.12,7.33,0.0,86.6443
10.6,8.16,2.53,0.0,50.4302
9.7,3.72,2.05,0.0,43.6087
6.4,2.64,1.52,0.0,126.78
8.6,0.12,1.86,0.0,139.25
12.8,2.52,3.35,0.0,126.375
10.8,14.16,2.05,0.0,42.7595
12.1,0.6,2.6,0.0,10.2977
13.3,3.6,3.05,0.0,0.0
13.7,0.48,3.36,0.0,0.0
12.9,0.96,3.36,0.0,0.0
10.2,3.36,2.05,0.0,0.0
13.5,3.24,2.77,0.0,0.0
14.7,3.84,2.92,0.0,0.0
17.4,0.6,3.42,0.0,0.0
11.6,6.84,1.34,0.0,0.0
8.7,0.12,0.94,0.0,0.0
12.4,2.04,1.09,0.0,0.0
7.7,0.36,0.54,0.0,0.0
8.1,1.2,0.63,0.0,0.0
11.0,0.0,0.62,0.0,0.0
9.7,1.8,0.46,0.0,0.0
12.4,3.84,0.71,0.0,0.0
13.2,11.4,1.44,0.0,89.4992
10.4,15.12,2.09,0.0,315.028
9.0,16.32,2.72,0.0,506.269
13.6,15.0,5.34,0.0,636.955
13.3,4.2,6.55,0.0,700.0269999999999
12.4,8.88,7.38,0.0,710.166
8.8,3.24,7.14,0.0,657.285
13.4,1.68,11.1,0.0,548.026
12.0,4.2,9.96,0.0,380.227
8.0,1.56,5.21,0.0,142.118
13.9,0.6,5.92,0.0,0.0
17.3,1.92,7.05,0.0,0.0
12.4,0.96,4.29,0.0,0.0
13.9,1.44,4.43,0.0,0.0
16.6,3.48,4.91,0.0,0.0
12.9,3.36,2.79,0.0,0.0
10.5,1.56,1.57,0.0,0.0
11.2,1.56,1.28,0.0,0.0
9.3,0.36,0.82,0.0,0.0
10.3,0.48,0.87,0.0,0.0
12.5,2.64,0.87,0.0,0.0
7.5,0.24,0.54,0.0,0.0
12.9,0.24,0.83,0.0,0.0
9.5,7.68,0.52,0.0,0.0
12.4,5.16,1.78,0.0,90.3767
11.4,5.28,3.27,0.0,312.186
11.3,25.56,4.63,0.0,506.449
16.1,3.24,7.9,0.0,632.121
16.1,6.12,9.14,0.0,711.4830000000001
12.6,2.52,9.06,0.0,714.227
11.2,4.68,10.0,0.0,668.303
10.8,0.72,11.06,0.0,550.271
10.8,1.68,10.32,0.0,389.715
11.1,0.96,7.26,0.0,147.611
12.7,4.56,5.28,0.0,0.0
15.0,0.72,5.72,0.0,0.0
17.3,3.36,5.91,0.0,0.0
13.0,4.8,3.43,0.0,0.0
13.0,2.28,3.1,0.0,0.0
16.4,0.72,3.79,0.0,0.0
9.1,0.72,1.01,0.0,0.0
11.1,1.32,0.96,0.0,0.0
10.0,0.24,0.82,0.0,0.0
10.6,0.12,0.76,0.0,0.0
9.3,2.28,0.68,0.0,0.0
15.2,1.44,1.24,0.0,0.0
8.7,4.44,0.72,0.0,0.0
11.3,3.6,1.09,0.0,0.0
14.1,3.12,3.77,0.0,81.5796
14.4,14.04,7.8,0.0,288.54900000000004
13.4,17.76,10.8,0.0,460.754
12.3,8.88,12.44,0.0,591.502
13.4,8.52,16.1,0.0,659.9730000000001
14.0,4.2,19.43,0.0,668.505
13.2,3.96,21.23,0.0,629.883
9.5,7.32,20.88,0.0,519.762
9.5,9.12,21.33,0.0,353.916
12.0,3.48,19.39,0.0,128.57
14.2,2.52,18.22,0.0,0.0
15.2,0.96,19.13,0.0,0.0
17.5,0.48,19.96,0.0,0.0
13.2,8.16,12.95,0.0,0.0
18.5,2.04,18.2,0.0,0.0
12.6,2.16,10.06,0.0,0.0
8.5,1.2,6.5,0.0,0.0
10.9,2.64,8.54,0.0,0.0
4.0,0.36,3.58,0.0,0.0
7.9,1.92,5.24,0.0,0.0
6.8,7.44,4.61,0.0,0.0
5.0,0.24,3.63,0.0,0.0
11.5,0.36,7.51,0.0,0.0
13.3,0.6,9.3,0.0,0.0
10.2,8.52,12.69,0.0,74.6856
10.4,12.0,19.36,0.0,268.813
7.9,13.68,22.19,0.0,434.55300000000005
10.9,22.8,29.18,0.0,555.364
11.0,7.2,33.54,0.0,613.618
16.3,5.16,42.19,0.0,612.856
14.3,3.96,41.29,0.0,511.319
14.9,0.96,43.55,0.0,405.8130000000001
9.7,3.96,37.01,0.0,315.702
12.6,1.8,35.27,0.0,105.976
10.5,5.88,28.64,0.0,0.0
16.7,4.56,37.02,0.0,0.0
18.3,1.92,36.83,0.0,0.0
11.8,5.04,25.91,0.0,0.0
11.5,1.32,24.7,0.0,0.0
12.6,2.4,25.27,0.0,0.0
16.4,2.16,29.6,0.0,0.0
7.9,0.36,14.61,0.0,0.0
12.7,1.08,20.59,0.0,0.0
8.2,1.32,13.37,0.0,0.0
12.0,2.52,18.67,0.0,0.0
8.4,0.12,12.74,0.0,0.0
11.7,0.12,17.54,0.0,0.0
16.2,1.32,25.68,0.0,0.0
12.4,10.56,26.68,0.0,68.083
13.3,12.96,29.56,0.0,196.139
11.5,12.6,23.69,0.0,126.981
15.9,7.44,35.98,0.0,278.427
17.4,12.6,41.84,0.0,331.235
14.3,6.96,41.02,0.0,523.383
13.8,5.52,39.41,0.0,367.621
9.8,1.44,28.02,0.0,65.5529
15.9,1.92,35.72,0.0,49.453
11.4,2.16,24.61,0.0,9.7268
15.4,4.08,28.64,0.0,0.0
11.5,3.96,23.18,0.0,0.0
12.8,3.24,24.64,0.0,0.0
13.3,4.68,23.54,0.0,0.0
12.2,0.72,21.06,0.0,0.0
16.0,1.32,26.25,0.0,0.0
13.1,0.72,20.25,0.0,0.0
8.7,0.24,12.59,0.0,0.0
8.6,0.24,11.31,0.0,0.0
7.7,0.0,9.5,0.0,0.0
6.4,0.0,7.97,0.0,0.0
10.6,0.12,12.02,0.0,0.0
7.1,1.56,7.8,0.0,0.0
9.2,1.32,9.26,0.0,0.0
10.3,15.48,13.49,0.0,63.1872
11.7,8.88,16.3,0.0,245.412
11.4,9.96,12.44,0.0,168.69400000000002
13.0,1.56,12.92,0.0,149.005
10.7,10.68,10.65,0.0,168.297
14.7,3.24,15.9,0.0,181.399
12.0,3.48,11.82,0.0,138.00799999999998
14.4,4.68,14.62,0.0,84.0649
7.5,0.6,10.24,0.0,228.364
9.9,1.2,11.33,0.0,98.669
14.2,3.12,14.02,0.0,0.0
14.1,2.28,14.26,0.0,0.0
16.5,1.68,16.11,0.0,0.0
12.5,10.44,10.14,0.0,0.0
15.9,0.6,13.18,0.0,0.0
17.8,1.2,13.92,0.0,0.0
11.7,0.36,6.94,0.0,0.0
9.5,0.48,4.69,0.0,0.0
8.3,1.68,3.13,0.0,0.0
10.7,0.48,3.63,0.0,0.0
8.9,0.24,2.31,0.0,0.0
7.0,0.0,1.43,0.0,0.0
5.9,0.84,1.18,0.0,0.0
7.4,5.52,1.3,0.0,0.0
13.4,14.04,4.22,0.0,72.0592
12.2,9.72,6.12,0.0,279.903
8.8,10.08,5.76,0.0,472.175
10.7,9.6,7.47,0.0,605.937
9.8,8.4,8.62,0.0,660.7669999999999
11.9,0.36,10.83,0.0,693.202
11.4,1.2,11.8,0.0,642.184
9.1,6.96,11.25,0.0,547.198
9.5,2.88,11.11,0.0,370.709
13.2,3.72,10.53,0.0,140.381
17.0,3.0,10.68,0.0,0.0
14.4,1.32,8.6,0.0,0.0
12.0,2.04,6.34,0.0,0.0
12.2,2.4,5.89,0.0,0.0
16.1,2.52,7.11,0.0,0.0
13.0,1.32,4.68,0.0,0.0
10.7,17.4,3.08,0.0,0.0
9.4,1.92,1.94,0.0,0.0
11.8,3.0,2.27,0.0,0.0
14.1,0.12,2.82,0.0,0.0
10.1,0.0,1.46,0.0,0.0
13.3,0.0,2.54,0.0,0.0
7.7,0.36,1.29,0.0,0.0
11.6,0.96,1.96,0.0,0.0
15.1,17.4,6.14,0.0,71.2502
9.0,9.84,5.98,0.0,271.117
10.7,10.8,8.51,0.0,448.835
17.6,6.72,13.55,0.0,523.9169999999999
11.2,7.08,9.82,0.0,409.331
11.7,5.28,12.71,0.0,388.066
11.6,2.16,14.08,0.0,260.788
7.3,0.6,11.2,0.0,153.826
13.9,4.32,23.32,0.0,264.59
12.6,3.24,21.04,0.0,115.792
11.8,1.08,18.4,0.0,0.0
13.4,1.32,21.62,0.0,0.0
13.6,3.36,21.65,0.0,0.0
13.9,2.28,21.26,0.0,0.0
16.6,2.16,24.79,0.0,0.0
18.1,1.8,26.47,0.0,0.0
10.2,1.68,14.38,0.0,0.0
9.8,9.12,14.15,0.0,0.0
7.0,1.2,10.59,0.0,0.0
10.9,0.24,15.78,0.0,0.0
10.1,2.04,14.75,0.0,0.0
8.6,0.12,12.49,0.0,0.0
7.9,0.96,12.12,0.0,0.0
13.9,11.76,22.46,0.0,0.0
14.1,7.56,29.26,0.0,60.406000000000006
8.4,7.56,25.79,0.0,245.828
9.5,12.48,30.5,0.0,361.26
12.2,2.76,34.15,0.0,314.708
14.8,6.48,39.95,0.0,314.158
10.8,3.24,36.96,0.0,487.815
15.1,6.0,43.43,0.0,376.516
13.7,2.04,40.08,0.0,203.169
11.0,0.84,39.61,0.0,322.676
13.3,2.16,37.79,0.0,105.656
12.1,1.56,33.34,0.0,0.0
15.1,1.68,38.0,0.0,0.0
12.4,3.84,31.34,0.0,0.0
16.0,0.96,35.74,0.0,0.0
17.2,2.16,36.17,0.0,0.0
11.6,1.56,25.35,0.0,0.0
8.2,0.12,19.01,0.0,0.0
9.3,2.28,20.49,0.0,0.0
8.3,0.48,18.31,0.0,0.0
6.7,0.48,15.43,0.0,0.0
9.2,0.36,18.97,0.0,0.0
9.1,0.0,17.76,0.0,0.0
6.8,0.12,13.38,0.0,0.0
9.6,2.52,11.3,0.0,0.0
15.5,10.68,13.9,0.0,60.9716
9.2,21.6,4.12,0.0,44.8252
8.7,11.4,2.22,0.0,15.585
13.1,15.24,3.32,0.0,57.9815
10.4,9.72,1.72,0.0,28.7281
8.9,3.36,1.25,0.0,66.9843
16.9,15.12,2.59,0.0,95.5435
12.8,14.16,1.26,0.0,56.7861
13.4,2.88,0.94,0.0,19.4664
11.4,1.68,0.58,0.0,1.92303
9.2,9.48,0.54,0.0,0.0
13.8,1.8,0.78,0.0,0.0
17.6,3.72,1.18,0.0,0.0
15.2,2.64,0.82,0.0,0.0
20.5,0.96,1.36,0.0,0.0
10.3,1.2,0.41,0.0,0.0
13.5,0.48,0.61,0.0,0.0
8.8,1.44,0.25,0.0,0.0
5.9,3.84,0.08,0.0,0.0
8.0,1.68,0.13,0.0,0.0
10.0,2.52,0.12,0.0,0.0
9.4,0.12,0.13,0.0,0.0
9.4,0.0,0.17,0.0,0.0
8.9,2.4,0.12,0.0,0.0
10.4,4.08,0.49,0.0,61.4738
12.4,13.68,0.58,0.0,151.942
10.9,8.4,0.49,0.0,177.47799999999998
12.5,23.16,0.85,0.0,244.03
11.9,6.0,1.06,0.0,364.182
11.9,2.52,1.64,0.0,626.591
14.9,9.24,3.73,0.0,491.654
11.4,1.44,4.55,0.0,532.809
12.7,4.2,5.24,0.0,366.819
13.1,0.6,4.0,0.0,137.319
12.4,1.08,2.57,0.0,0.0
11.6,4.56,2.4,0.0,0.0
15.1,3.24,3.3,0.0,0.0
15.7,5.88,2.86,0.0,0.0
14.3,1.92,1.92,0.0,0.0
14.4,4.56,1.65,0.0,0.0
11.9,2.16,0.96,0.0,0.0
12.7,0.48,0.96,0.0,0.0
11.1,0.36,0.77,0.0,0.0
7.2,1.8,0.43,0.0,0.0
9.0,0.12,0.57,0.0,0.0
6.7,0.0,0.38,0.0,0.0
10.7,0.24,0.48,0.0,0.0
9.7,1.56,0.51,0.0,0.0
13.9,8.64,1.4,0.0,70.3859
12.0,12.72,2.57,0.0,282.24
14.5,15.96,4.92,0.0,469.631
14.0,17.52,6.13,0.0,597.5880000000001
18.3,4.8,9.61,0.0,653.4209999999999
18.7,11.04,12.2,0.0,675.5
11.3,5.88,9.88,0.0,630.986
13.8,2.04,12.93,0.0,530.32
15.5,2.16,14.42,0.0,369.8130000000001
7.9,0.96,6.81,0.0,137.196
11.6,2.04,6.01,0.0,0.0
14.9,1.32,7.25,0.0,0.0
13.6,2.04,6.03,0.0,0.0
10.7,1.8,4.05,0.0,0.0
13.3,2.04,4.58,0.0,0.0
14.8,0.36,4.7,0.0,0.0
11.9,2.28,2.85,0.0,0.0
8.1,1.8,1.23,0.0,0.0
13.5,0.12,2.12,0.0,0.0
5.0,0.12,0.82,0.0,0.0
10.8,3.0,1.1,0.0,0.0
8.3,0.0,0.88,0.0,0.0
8.2,1.08,1.04,0.0,0.0
12.8,0.48,1.81,0.0,0.0
12.5,14.52,3.41,0.0,60.1844
10.2,7.56,4.15,0.0,214.584
11.4,7.92,4.4,0.0,220.479
9.8,6.72,5.07,0.0,273.011
10.3,15.72,6.43,0.0,340.516
9.2,2.4,6.37,0.0,323.884
12.3,2.52,8.03,0.0,256.845
10.2,3.48,6.46,0.0,112.068
9.9,1.92,6.07,0.0,63.8444
9.4,0.72,5.49,0.0,15.1526
11.6,1.08,7.06,0.0,0.0
15.3,2.52,9.96,0.0,0.0
12.1,1.8,7.03,0.0,0.0
13.7,6.96,7.92,0.0,0.0
15.6,0.48,8.89,0.0,0.0
12.2,4.08,5.71,0.0,0.0
7.8,0.6,3.2,0.0,0.0
9.0,0.36,3.37,0.0,0.0
8.6,0.72,3.21,0.0,0.0
7.5,0.0,2.78,0.0,0.0
6.1,0.36,2.02,0.0,0.0
6.5,0.12,2.35,0.0,0.0
8.4,0.48,3.29,0.0,0.0
8.4,1.56,3.15,0.0,0.0
11.8,10.32,5.09,0.0,0.1177319999999999
11.2,1.8,4.79,0.0,13.531
11.9,19.08,5.82,0.0,66.5763
12.0,10.08,6.66,0.0,88.9328
13.3,2.28,8.09,0.0,116.959
10.9,3.24,6.35,0.0,112.856
10.5,2.76,6.63,0.0,139.109
13.9,2.4,9.91,0.0,81.9522
13.8,1.2,13.35,0.0,223.488
12.9,1.68,12.31,0.0,88.7977
11.0,2.16,9.25,0.0,0.0
12.1,4.8,11.29,0.0,0.0
12.9,2.52,12.26,0.0,0.0
15.4,5.4,15.2,0.0,0.0
16.4,3.48,16.39,0.0,0.0
13.3,0.96,11.36,0.0,0.0
12.6,5.4,10.04,0.0,0.0
7.5,7.2,5.81,0.0,0.0
10.8,0.6,8.33,0.0,0.0
6.2,0.0,4.52,0.0,0.0
8.4,0.0,5.79,0.0,0.0
10.3,1.8,6.76,0.0,0.0
9.0,1.56,5.58,0.0,0.0
10.3,10.44,6.48,0.0,0.0
11.1,11.16,9.92,0.0,54.3414
11.1,21.36,13.41,0.0,237.06
8.0,9.96,11.53,0.0,333.612
12.4,10.32,15.4,0.0,283.718
14.6,8.52,24.95,0.0,552.054
9.5,9.84,23.92,0.0,623.67
13.9,0.6,34.03,0.0,582.977
15.1,1.32,38.18,0.0,490.436
12.3,5.76,33.34,0.0,337.039
15.3,2.88,32.22,0.0,123.286
9.8,1.44,21.19,0.0,0.0
17.5,1.08,31.79,0.0,0.0
15.4,0.84,26.62,0.0,0.0
16.5,1.68,26.14,0.0,0.0
15.6,1.68,23.31,0.0,0.0
17.2,2.76,23.7,0.0,0.0
11.4,1.56,13.87,0.0,0.0
9.5,5.4,10.14,0.0,0.0
6.7,0.36,6.47,0.0,0.0
7.5,0.0,6.3,0.0,0.0
6.5,0.24,5.01,0.0,0.0
7.1,0.24,4.77,0.0,0.0
8.2,0.84,5.04,0.0,0.0
10.9,10.08,7.58,0.0,0.0
14.0,4.56,14.99,0.0,54.7174
9.9,4.2,17.38,0.0,237.024
11.8,15.96,24.87,0.0,407.643
13.2,11.88,29.27,0.0,488.702
10.7,6.0,25.99,0.0,321.953
10.7,3.96,32.88,0.0,584.781
14.4,8.16,42.36,0.0,580.224
11.6,0.6,41.21,0.0,489.306
10.2,1.68,37.78,0.0,345.093
14.0,1.92,37.43,0.0,133.487
12.9,1.08,32.21,0.0,0.0
13.8,0.84,33.35,0.0,0.0
17.2,2.28,36.09,0.0,0.0
13.4,1.08,27.1,0.0,0.0
21.0,0.48,36.03,0.0,0.0
12.0,0.96,20.77,0.0,0.0
13.4,0.84,22.11,0.0,0.0
9.0,3.96,15.32,0.0,0.0
7.5,1.8,12.9,0.0,0.0
10.0,0.12,15.62,0.0,0.0
10.8,2.16,15.72,0.0,0.0
10.9,0.96,14.95,0.0,0.0
10.4,0.36,12.97,0.0,0.0
11.3,0.24,14.66,0.0,0.0
13.6,6.36,24.64,0.0,58.5812
9.0,17.16,22.4,0.0,252.473
11.6,13.2,27.44,0.0,377.321
12.0,12.84,28.65,0.0,371.537
11.9,14.64,29.55,0.0,309.0
13.6,2.52,34.62,0.0,353.327
14.1,8.28,34.18,0.0,231.032
11.9,18.12,28.14,0.0,19.1664
14.1,11.16,36.47,0.0,242.797
15.6,6.84,36.49,0.0,121.63
18.3,3.12,37.56,0.0,0.0
14.1,2.76,30.89,0.0,0.0
12.6,3.0,27.01,0.0,0.0
11.6,0.36,24.95,0.0,0.0
13.1,2.52,27.63,0.0,0.0
14.1,2.04,28.47,0.0,0.0
11.9,0.72,23.91,0.0,0.0
10.3,1.92,20.86,0.0,0.0
5.4,0.36,12.65,0.0,0.0
9.9,0.6,19.19,0.0,0.0
4.0,7.8,10.1,0.0,0.0
7.5,0.0,13.39,0.0,0.0
8.3,0.36,13.79,0.0,0.0
10.8,0.36,18.53,0.0,0.0
13.0,3.96,28.91,0.0,55.918
10.6,8.04,30.6,0.0,244.36900000000003
10.1,18.12,31.89,0.0,378.638
13.3,18.36,34.41,0.0,314.862
9.4,8.64,25.05,0.0,90.3043
12.8,2.28,31.31,0.0,67.0614
15.3,4.92,42.38,0.0,479.3
11.3,1.08,38.5,0.0,344.088
14.1,3.0,44.42,0.0,338.13
12.5,3.24,36.03,0.0,125.156
14.8,1.08,35.83,0.0,0.0
11.8,4.8,31.8,0.0,0.0
14.1,2.64,34.45,0.0,0.0
13.0,6.0,31.22,0.0,0.0
12.1,4.56,28.98,0.0,0.0
14.9,2.28,32.11,0.0,0.0
11.4,4.2,25.13,0.0,0.0
11.6,2.52,24.79,0.0,0.0
13.8,2.64,27.67,0.0,0.0
6.2,0.24,14.63,0.0,0.0
4.4,0.0,11.84,0.0,0.0
9.1,0.12,18.52,0.0,0.0
8.5,0.12,16.18,0.0,0.0
10.1,3.12,18.87,0.0,0.0
10.1,5.64,25.38,0.0,54.104
12.2,11.76,33.11,0.0,232.91
10.2,14.64,28.58,0.0,326.093
23.8,6.96,45.36,0.0,153.69799999999998
9.9,3.72,29.2,0.0,386.227
10.9,7.8,35.22,0.0,486.508
13.9,0.72,41.44,0.0,429.619
10.0,0.6,39.83,0.0,476.529
14.3,7.08,43.97,0.0,315.282
7.3,2.64,29.2,0.0,112.304
15.8,0.36,38.5,0.0,0.0
14.0,3.6,35.15,0.0,0.0
7.6,2.16,23.95,0.0,0.0
12.4,4.08,30.32,0.0,0.0
14.0,0.6,31.58,0.0,0.0
12.2,0.96,26.91,0.0,0.0
11.9,0.72,24.72,0.0,0.0
11.6,1.56,22.99,0.0,0.0
10.1,2.28,20.34,0.0,0.0
8.4,0.0,16.99,0.0,0.0
8.5,0.0,16.38,0.0,0.0
7.5,6.72,14.69,0.0,0.0
6.0,2.04,12.27,0.0,0.0
8.5,0.84,15.98,0.0,0.0
11.6,9.36,27.35,0.0,0.0
12.8,14.04,35.84,0.0,224.518
13.9,8.64,39.77,0.0,392.3080000000001
12.7,5.88,36.54,0.0,423.273
11.3,15.12,34.98,0.0,436.077
13.5,4.2,38.76,0.0,360.74300000000005
10.4,3.24,35.56,0.0,348.709
15.1,3.84,46.08,0.0,403.249
7.4,0.48,35.0,0.0,336.477
10.6,0.12,34.43,0.0,132.84
11.3,3.48,31.6,0.0,0.0
10.3,0.72,30.56,0.0,0.0
12.8,1.2,32.35,0.0,0.0
13.7,5.28,31.51,0.0,0.0
12.6,4.56,28.48,0.0,0.0
16.4,1.92,32.9,0.0,0.0
11.9,0.72,24.48,0.0,0.0
7.3,4.2,17.45,0.0,0.0
11.0,0.96,23.1,0.0,0.0
6.7,2.4,15.25,0.0,0.0
7.6,0.0,16.24,0.0,0.0
7.4,0.12,15.94,0.0,0.0
7.4,0.24,15.98,0.0,0.0
8.7,7.56,18.2,0.0,0.0
16.3,14.28,32.36,0.0,0.0
14.5,9.72,27.66,0.0,143.305
8.4,4.32,17.07,0.0,275.628
10.5,6.24,20.83,0.0,392.15
10.8,7.8,20.85,0.0,435.585
8.3,0.6,16.28,0.0,421.778
12.8,2.28,19.4,0.0,312.777
11.8,3.96,17.3,0.0,306.826
9.7,2.04,13.93,0.0,208.511
8.4,2.76,10.59,0.0,80.1035
12.3,0.24,11.51,0.0,0.0
13.8,4.44,11.96,0.0,0.0
12.2,4.08,8.97,0.0,0.0
11.0,5.76,6.87,0.0,0.0
11.8,5.16,6.44,0.0,0.0
16.4,1.2,7.94,0.0,0.0
10.6,11.16,4.02,0.0,0.0
11.6,1.8,3.83,0.0,0.0
13.8,1.56,4.37,0.0,0.0
10.4,0.24,2.62,0.0,0.0
6.5,0.12,1.31,0.0,0.0
14.2,0.0,3.13,0.0,0.0
9.8,0.24,1.75,0.0,0.0
11.5,2.28,2.09,0.0,0.0
11.1,12.24,3.91,0.0,0.0
13.2,20.16,6.7,0.0,244.087
11.2,12.12,6.56,0.0,392.283
16.6,9.36,9.35,0.0,462.143
13.8,10.92,8.35,0.0,479.33
9.7,8.52,7.07,0.0,473.919
10.5,1.68,7.32,0.0,403.276
16.6,1.8,11.06,0.0,285.414
14.8,0.48,12.3,0.0,350.497
14.0,2.16,10.6,0.0,180.562
14.5,0.96,7.73,0.0,0.0
12.6,1.32,6.31,0.0,0.0
16.4,2.64,7.99,0.0,0.0
14.2,6.96,6.03,0.0,0.0
15.5,0.84,6.31,0.0,0.0
14.4,1.2,5.35,0.0,0.0
9.5,3.0,2.76,0.0,0.0
13.2,7.2,3.78,0.0,0.0
11.0,1.44,2.91,0.0,0.0
7.2,0.0,1.47,0.0,0.0
7.8,2.52,1.47,0.0,0.0
10.6,0.36,2.45,0.0,0.0
10.2,2.04,2.39,0.0,0.0
9.5,6.48,2.38,0.0,0.0
11.5,3.84,5.22,0.0,0.0
11.1,4.2,7.26,0.0,226.502
10.9,6.0,9.74,0.0,391.6230000000001
10.3,9.36,11.1,0.0,518.164
10.1,10.2,12.92,0.0,589.565
16.6,2.76,20.34,0.0,602.151
13.6,3.0,19.55,0.0,557.461
10.8,0.48,18.55,0.0,450.579
11.6,1.08,19.81,0.0,291.753
12.0,3.48,18.99,0.0,91.4206
9.9,7.92,15.7,0.0,0.0
13.4,1.32,22.03,0.0,0.0
13.8,3.6,22.49,0.0,0.0
16.3,3.36,25.26,0.0,0.0
14.7,3.6,23.68,0.0,0.0
6.5,1.32,11.91,0.0,0.0
7.7,0.6,12.87,0.0,0.0
14.0,1.2,17.69,0.0,0.0
14.8,0.84,19.53,0.0,0.0
11.6,0.48,14.6,0.0,0.0
8.9,0.12,12.02,0.0,0.0
9.2,0.36,13.53,0.0,0.0
9.9,1.56,15.3,0.0,0.0
11.7,2.04,18.99,0.0,0.0
13.4,7.44,22.9,0.0,0.0
12.4,7.32,21.71,0.0,110.928
11.2,24.12,21.53,0.0,181.073
13.0,16.92,25.7,0.0,134.134
12.9,16.8,28.39,0.0,224.256
12.5,6.36,29.09,0.0,204.707
14.5,4.68,32.81,0.0,287.875
13.3,1.08,24.78,0.0,109.491
14.2,1.92,22.21,0.0,65.26
10.0,5.04,14.25,0.0,18.0823
11.9,1.44,17.06,0.0,0.0
17.3,4.92,25.05,0.0,0.0
19.5,2.52,26.11,0.0,0.0
15.3,2.64,19.26,0.0,0.0
13.8,0.96,16.78,0.0,0.0
14.5,1.8,16.89,0.0,0.0
13.5,1.2,15.63,0.0,0.0
9.6,3.24,10.35,0.0,0.0
9.3,0.96,9.75,0.0,0.0
11.6,0.12,12.26,0.0,0.0
10.6,3.12,11.49,0.0,0.0
9.5,0.12,10.67,0.0,0.0
11.4,0.36,13.57,0.0,0.0
13.4,0.72,18.3,0.0,0.0
16.2,11.4,29.12,0.0,0.0
14.8,11.52,30.0,0.0,184.041
11.1,8.04,20.14,0.0,78.8528
8.8,23.64,17.15,0.0,23.1754
10.2,2.28,23.98,0.0,90.0525
15.0,7.2,37.3,0.0,174.025
16.3,4.32,40.04,0.0,230.349
13.4,2.52,32.51,0.0,100.995
13.2,6.0,25.41,0.0,20.4326
10.3,1.92,17.63,0.0,3.15285
11.3,5.4,20.9,0.0,0.0
12.4,6.0,23.71,0.0,0.0
16.6,2.04,29.1,0.0,0.0
19.6,3.0,30.75,0.0,0.0
13.7,1.08,19.54,0.0,0.0
12.6,1.08,16.12,0.0,0.0
8.9,1.2,9.95,0.0,0.0
12.5,1.2,12.52,0.0,0.0
8.1,0.48,7.65,0.0,0.0
12.9,1.2,11.59,0.0,0.0
8.5,0.12,7.16,0.0,0.0
8.1,0.12,6.59,0.0,0.0
7.6,0.12,6.03,0.0,0.0
9.1,3.84,6.75,0.0,0.0
17.2,9.84,14.18,0.0,0.0
13.7,10.68,11.11,0.0,130.71200000000002
10.4,13.2,11.14,0.0,261.279
11.9,16.8,17.14,0.0,420.507
13.4,2.16,24.05,0.0,538.861
14.8,0.96,31.1,0.0,655.4580000000001
14.2,0.84,34.06,0.0,612.925
11.7,0.36,32.58,0.0,514.374
14.1,0.6,33.69,0.0,358.335
9.6,0.96,23.25,0.0,151.071
16.8,1.8,27.88,0.0,0.0
16.2,1.2,26.11,0.0,0.0
19.2,0.72,27.69,0.0,0.0
15.1,1.68,19.74,0.0,0.0
19.3,2.76,22.82,0.0,0.0
21.1,1.2,23.53,0.0,0.0
15.4,2.04,16.2,0.0,0.0
12.5,4.08,11.74,0.0,0.0
10.5,0.0,8.7,0.0,0.0
10.3,0.24,7.47,0.0,0.0
9.4,5.52,5.88,0.0,0.0
7.7,0.12,4.5,0.0,0.0
12.2,1.56,7.21,0.0,0.0
8.9,1.32,4.93,0.0,0.0
12.1,20.64,9.38,0.0,0.0
12.6,9.12,11.55,0.0,170.35
8.6,12.72,9.32,0.0,333.019
8.8,20.4,9.52,0.0,440.088
10.4,10.32,13.13,0.0,589.938
11.0,4.68,15.82,0.0,643.409
11.8,5.16,17.47,0.0,596.521
12.4,4.2,17.85,0.0,422.487
19.5,6.96,25.2,0.0,302.73400000000004
13.7,7.92,16.48,0.0,127.695
12.8,9.6,12.18,0.0,0.0
16.5,1.08,14.9,0.0,0.0
19.6,2.16,16.05,0.0,0.0
18.4,3.6,13.16,0.0,0.0
20.1,3.72,13.56,0.0,0.0
12.6,3.6,5.77,0.0,0.0
14.1,0.72,5.41,0.0,0.0
12.6,0.36,3.86,0.0,0.0
8.8,0.48,2.05,0.0,0.0
12.5,0.0,3.17,0.0,0.0
13.9,3.48,3.16,0.0,0.0
9.5,0.12,1.53,0.0,0.0
13.4,2.16,2.97,0.0,0.0
9.9,5.4,1.67,0.0,0.0
14.7,10.68,5.93,0.0,0.0
12.4,8.28,8.26,0.0,235.537
13.0,18.6,11.41,0.0,414.074
11.2,12.72,11.26,0.0,475.046
11.6,18.72,11.91,0.0,448.385
8.8,10.68,10.29,0.0,393.922
13.8,1.08,13.44,0.0,209.884
12.7,2.88,12.68,0.0,92.3124
8.0,4.08,12.82,0.0,271.825
11.0,4.08,16.53,0.0,142.862
12.7,2.04,15.9,0.0,0.0
11.2,3.84,14.0,0.0,0.0
11.5,6.12,13.3,0.0,0.0
15.3,1.56,15.05,0.0,0.0
12.6,1.56,9.71,0.0,0.0
14.5,2.76,10.09,0.0,0.0
17.4,0.96,11.39,0.0,0.0
7.0,0.72,3.29,0.0,0.0
12.3,0.12,5.55,0.0,0.0
10.7,0.12,3.73,0.0,0.0
14.9,1.56,5.23,0.0,0.0
9.5,0.12,2.15,0.0,0.0
10.6,0.72,2.15,0.0,0.0
12.3,7.92,2.04,0.0,0.0
16.1,17.4,3.01,0.0,0.0
13.9,3.24,1.48,0.0,6.20606
16.0,4.8,1.48,0.0,30.7277
11.1,17.16,0.78,0.0,43.823
12.8,11.16,0.83,0.0,172.957
11.5,0.24,0.67,0.0,81.6154
17.6,4.08,1.35,0.0,97.7418
16.4,0.48,0.99,0.0,21.317
10.5,2.4,0.57,0.0,40.6411
15.4,2.28,0.75,0.0,10.7742
14.0,2.04,0.52,0.0,0.0
14.2,3.24,0.6,0.0,0.0
15.5,4.2,0.62,0.0,0.0
17.7,3.96,0.64,0.0,0.0
12.7,6.84,0.31,0.0,0.0
13.9,4.92,0.21,0.0,0.0
13.1,0.96,0.03,0.0,0.0
15.2,0.48,0.11,0.0,0.0
10.5,0.72,0.0,0.0,0.0
8.7,0.12,0.0,0.0,0.0
7.4,1.92,0.0,0.0,0.0
10.8,2.76,0.0,0.0,0.0
10.8,3.36,0.0,0.0,0.0
13.1,3.24,0.0,0.0,0.0
14.4,19.08,0.0,0.0,0.0
14.2,10.44,0.19,0.0,301.504
12.4,24.84,0.59,0.0,525.519
13.7,0.72,1.09,0.0,690.5060000000001
13.1,12.72,1.61,0.0,782.89
11.6,2.76,2.24,0.0,811.0369999999999
14.9,0.6,4.87,0.0,756.972
10.9,2.52,4.58,0.0,662.423
11.8,0.36,4.68,0.0,492.854
14.2,1.8,3.96,0.0,249.693
12.2,3.72,1.28,0.0,18.3045
18.4,4.2,2.15,0.0,0.0
18.4,1.2,1.58,0.0,0.0
16.3,2.52,1.07,0.0,0.0
13.0,1.32,0.65,0.0,0.0
15.3,0.96,0.62,0.0,0.0
12.0,1.32,0.45,0.0,0.0
9.3,0.12,0.07,0.0,0.0
6.7,0.72,0.0,0.0,0.0
8.9,0.24,0.0,0.0,0.0
10.4,0.36,0.0,0.0,0.0
15.3,0.0,0.12,0.0,0.0
12.7,0.0,0.01,0.0,0.0
11.2,4.56,0.0,0.0,0.0
12.6,8.88,0.23,0.0,0.0
12.3,9.0,0.68,0.0,285.264
11.9,13.92,1.42,0.0,493.574
14.0,18.72,2.5,0.0,638.822
15.3,13.32,4.44,0.0,716.059
8.2,4.44,3.22,0.0,747.451
16.3,5.4,7.65,0.0,708.549
16.7,5.64,9.72,0.0,576.705
11.9,2.16,7.84,0.0,459.801
10.2,5.88,5.41,0.0,231.596
15.5,7.32,4.52,0.0,16.9942
12.7,4.2,2.77,0.0,0.0
17.2,3.24,3.6,0.0,0.0
16.3,2.04,2.59,0.0,0.0
15.1,2.52,1.68,0.0,0.0
17.1,1.32,1.63,0.0,0.0
15.4,0.72,1.0,0.0,0.0
7.2,3.24,0.36,0.0,0.0
12.1,7.2,0.58,0.0,0.0
8.4,0.36,0.31,0.0,0.0
8.9,1.32,0.45,0.0,0.0
10.6,0.12,0.52,0.0,0.0
17.9,0.0,0.93,0.0,0.0
11.3,0.72,0.68,0.0,0.0
11.0,5.76,1.28,0.0,0.0
13.3,4.44,3.54,0.0,261.02
15.2,9.0,7.23,0.0,452.114
14.8,19.68,9.0,0.0,556.107
13.3,9.6,10.2,0.0,630.086
10.5,7.56,10.92,0.0,699.745
14.6,2.76,13.33,0.0,584.7
11.1,2.28,7.58,0.0,116.861
9.8,6.0,6.45,0.0,24.133000000000003
15.3,6.12,11.13,0.0,133.429
14.8,6.0,9.16,0.0,13.9705
17.3,4.68,11.25,0.0,0.0
17.2,3.12,9.98,0.0,0.0
20.2,2.4,11.8,0.0,0.0
15.0,2.4,7.78,0.0,0.0
16.6,0.96,8.53,0.0,0.0
16.6,1.44,8.04,0.0,0.0
17.3,0.48,7.94,0.0,0.0
12.0,0.12,4.41,0.0,0.0
10.3,0.12,3.68,0.0,0.0
10.9,0.0,3.93,0.0,0.0
8.8,0.0,2.83,0.0,0.0
12.0,0.0,4.06,0.0,0.0
8.5,4.44,2.79,0.0,0.0
12.3,6.96,7.95,0.0,0.0
13.0,3.36,13.84,0.0,240.031
9.9,9.6,14.92,0.0,428.367
12.0,10.68,17.48,0.0,499.514
9.8,5.52,14.5,0.0,372.716
12.9,5.88,17.49,0.0,193.082
15.2,3.36,23.99,0.0,269.082
11.0,2.4,23.03,0.0,350.376
9.7,1.2,24.16,0.0,348.555
14.5,7.32,27.81,0.0,177.149
11.8,1.2,19.55,0.0,0.667666
17.3,2.16,25.47,0.0,0.0
12.9,1.32,17.1,0.0,0.0
17.5,2.64,22.04,0.0,0.0
20.5,1.8,25.61,0.0,0.0
16.3,0.48,18.48,0.0,0.0
11.8,0.84,11.46,0.0,0.0
13.1,1.44,11.59,0.0,0.0
12.5,0.96,10.26,0.0,0.0
12.7,0.0,9.87,0.0,0.0
7.3,1.8,5.2,0.0,0.0
9.2,1.08,5.84,0.0,0.0
11.9,1.56,7.69,0.0,0.0
11.9,7.32,8.19,0.0,0.0
19.7,10.08,17.42,0.0,0.0
14.6,6.96,13.46,0.0,125.367
10.2,6.0,12.55,0.0,209.251
13.7,13.44,21.75,0.0,318.615
11.6,14.76,19.46,0.0,265.82
10.7,0.72,18.99,0.0,306.03700000000003
11.2,4.32,19.56,0.0,278.038
15.6,4.2,24.36,0.0,109.767
13.1,15.96,20.17,0.0,56.9952
12.5,19.2,18.88,0.0,18.8361
11.7,5.28,17.74,0.0,0.0
12.7,0.72,19.37,0.0,0.0
17.4,2.16,25.88,0.0,0.0
14.9,5.04,20.66,0.0,0.0
12.3,2.28,16.0,0.0,0.0
17.1,1.56,22.2,0.0,0.0
11.4,0.48,13.51,0.0,0.0
12.3,0.6,13.61,0.0,0.0
10.1,1.44,10.83,0.0,0.0
11.4,0.12,12.44,0.0,0.0
9.7,3.24,10.44,0.0,0.0
8.6,0.0,8.6,0.0,0.0
8.5,1.32,7.8,0.0,0.0
12.1,2.64,10.98,0.0,0.0
14.1,18.72,14.57,0.0,0.0
13.6,10.08,16.65,0.0,122.572
11.9,9.84,22.13,0.0,307.209
11.7,10.92,26.07,0.0,373.355
11.6,16.92,30.88,0.0,568.835
7.8,3.96,28.74,0.0,664.8660000000001
14.9,0.72,39.44,0.0,575.771
17.8,0.36,38.16,0.0,196.432
13.3,2.88,34.79,0.0,332.761
9.9,1.8,28.11,0.0,184.96400000000003
14.7,2.4,29.26,0.0,10.7798
11.4,9.72,24.27,0.0,0.0
10.8,3.24,21.29,0.0,0.0
14.8,0.96,25.29,0.0,0.0
13.6,6.24,22.56,0.0,0.0
13.6,4.08,21.17,0.0,0.0
14.5,0.48,21.16,0.0,0.0
11.4,0.24,16.43,0.0,0.0
6.6,0.72,10.14,0.0,0.0
8.8,0.0,12.36,0.0,0.0
9.7,0.0,12.8,0.0,0.0
9.8,0.12,11.29,0.0,0.0
12.9,0.36,13.24,0.0,0.0
14.4,5.76,15.26,0.0,0.0
11.5,17.04,12.95,0.0,0.0
14.5,9.72,19.39,0.0,127.697
14.5,8.04,23.9,0.0,236.294
12.4,14.28,26.02,0.0,383.79
12.2,8.52,26.25,0.0,259.945
12.2,8.88,26.87,0.0,233.212
11.6,3.96,27.24,0.0,277.701
14.5,1.56,31.97,0.0,239.147
11.7,3.0,29.54,0.0,239.22
11.6,4.44,29.73,0.0,210.375
10.5,2.04,22.59,0.0,15.9461
12.9,1.08,25.64,0.0,0.0
22.6,7.44,37.45,0.0,0.0
15.6,2.88,25.69,0.0,0.0
15.7,4.32,23.54,0.0,0.0
13.8,3.12,19.05,0.0,0.0
11.2,1.32,14.35,0.0,0.0
11.0,0.72,12.46,0.0,0.0
8.1,0.72,8.21,0.0,0.0
8.3,0.12,7.05,0.0,0.0
8.5,0.24,6.78,0.0,0.0
11.4,0.48,8.96,0.0,0.0
11.1,2.04,8.15,0.0,0.0
12.9,12.84,8.78,0.0,0.0
16.1,18.72,13.21,0.0,0.0
15.5,7.32,14.5,0.0,173.52200000000002
12.4,14.64,13.14,0.0,241.724
11.9,3.96,16.65,0.0,298.165
11.9,9.0,21.9,0.0,428.714
11.5,3.72,23.73,0.0,450.524
12.8,6.96,30.61,0.0,598.91
10.5,3.24,31.83,0.0,551.874
10.6,1.2,33.47,0.0,414.253
13.0,2.64,33.12,0.0,214.053
10.2,7.8,22.73,0.0,16.2771
17.7,1.68,31.34,0.0,0.0
14.9,0.48,24.52,0.0,0.0
18.4,1.44,27.07,0.0,0.0
15.7,3.48,21.84,0.0,0.0
19.0,2.4,23.83,0.0,0.0
14.6,2.04,16.9,0.0,0.0
8.4,0.36,9.65,0.0,0.0
7.4,2.4,8.54,0.0,0.0
6.8,0.24,7.78,0.0,0.0
8.5,0.36,8.91,0.0,0.0
8.7,0.24,8.21,0.0,0.0
10.9,0.36,8.67,0.0,0.0
13.3,0.96,10.09,0.0,0.0
12.1,9.0,14.26,0.0,0.0
12.4,12.36,18.92,0.0,225.174
10.3,24.12,19.07,0.0,346.721
11.4,31.32,23.64,0.0,417.035
16.5,21.24,32.33,0.0,425.968
7.7,4.44,20.42,0.0,389.096
16.3,3.84,33.34,0.0,344.307
16.8,1.2,34.34,0.0,327.113
12.9,4.44,29.36,0.0,286.007
14.3,4.32,28.85,0.0,138.489
11.6,3.48,22.49,0.0,7.759760000000001
14.8,5.28,26.01,0.0,0.0
16.8,3.12,26.0,0.0,0.0
16.7,1.8,24.45,0.0,0.0
13.3,6.12,19.3,0.0,0.0
18.5,2.04,25.92,0.0,0.0
12.9,0.72,17.77,0.0,0.0
6.1,0.72,9.03,0.0,0.0
11.9,6.24,14.58,0.0,0.0
8.7,0.48,9.83,0.0,0.0
10.2,1.8,10.98,0.0,0.0
10.0,0.0,10.36,0.0,0.0
13.2,0.12,13.48,0.0,0.0
14.5,2.52,14.75,0.0,0.0
14.5,4.32,20.49,0.0,0.0
17.1,7.68,28.36,0.0,186.623
15.6,11.28,27.77,0.0,244.542
13.3,29.16,28.79,0.0,391.695
12.5,6.84,29.13,0.0,374.79
16.3,11.88,36.41,0.0,402.389
12.8,8.16,32.27,0.0,417.249
13.0,0.72,28.88,0.0,131.47799999999998
12.8,4.92,27.17,0.0,59.2439
17.2,4.08,32.77,0.0,20.8198
15.0,8.04,29.27,0.0,0.0
12.0,4.92,24.7,0.0,0.0
14.6,4.92,27.96,0.0,0.0
15.4,6.12,27.76,0.0,0.0
16.2,0.96,27.75,0.0,0.0
13.3,1.44,22.22,0.0,0.0
8.7,4.68,14.65,0.0,0.0
10.1,4.08,15.79,0.0,0.0
7.7,1.08,11.76,0.0,0.0
11.2,0.24,15.15,0.0,0.0
8.1,0.0,10.39,0.0,0.0
10.6,0.12,13.87,0.0,0.0
11.7,0.84,15.74,0.0,0.0
11.6,2.04,16.11,0.0,0.0
11.5,12.24,18.62,0.0,0.0
17.2,10.92,30.53,0.0,165.25599999999997
15.8,9.24,28.86,0.0,170.96900000000002
15.0,10.68,32.38,0.0,328.36800000000005
19.1,2.52,42.9,0.0,497.038
12.8,1.2,37.59,0.0,639.281
11.1,0.84,36.4,0.0,567.172
12.6,2.4,38.38,0.0,444.283
15.7,0.84,42.76,0.0,363.675
14.2,2.16,37.27,0.0,183.032
12.7,1.32,30.4,0.0,14.7856
15.4,6.48,33.69,0.0,0.0
21.7,2.52,40.17,0.0,0.0
16.5,2.64,30.55,0.0,0.0
13.6,3.36,25.44,0.0,0.0
15.5,5.04,27.03,0.0,0.0
10.3,1.2,18.34,0.0,0.0
9.8,2.52,17.21,0.0,0.0
8.1,0.6,14.16,0.0,0.0
14.4,0.0,23.08,0.0,0.0
7.5,0.24,12.67,0.0,0.0
13.3,0.12,21.19,0.0,0.0
12.5,2.04,19.32,0.0,0.0
12.0,5.88,18.6,0.0,0.0
12.1,17.76,26.14,0.0,0.0
12.8,7.56,31.97,0.0,231.461
15.9,9.12,35.51,0.0,326.599
16.8,14.88,37.09,0.0,341.85
13.4,12.84,34.44,0.0,440.344
13.3,3.0,37.6,0.0,528.018
10.7,6.96,36.22,0.0,522.95
11.2,2.04,37.2,0.0,398.18
12.1,6.48,37.68,0.0,306.507
10.0,8.04,31.31,0.0,142.92700000000002
14.8,1.68,34.86,0.0,7.83162
12.5,0.72,31.25,0.0,0.0
15.3,3.12,33.86,0.0,0.0
14.1,2.76,30.54,0.0,0.0
12.9,1.56,28.1,0.0,0.0
23.3,1.92,42.39,0.0,0.0
8.7,4.8,19.15,0.0,0.0
6.3,3.72,16.0,0.0,0.0
7.6,3.48,17.74,0.0,0.0
12.9,0.12,25.69,0.0,0.0
10.9,3.12,21.11,0.0,0.0
7.5,0.12,15.62,0.0,0.0
7.2,0.72,15.59,0.0,0.0
16.5,7.56,30.57,0.0,0.0
13.4,15.12,23.81,0.0,0.0
13.3,8.52,23.12,0.0,43.2646
12.2,17.88,21.71,0.0,55.739
12.5,6.96,24.43,0.0,121.414
9.9,18.48,23.21,0.0,198.37
14.4,4.08,29.41,0.0,223.078
12.3,3.12,22.72,0.0,71.1003
13.2,0.48,21.14,0.0,37.6687
13.7,1.68,19.78,0.0,10.5746
10.6,1.32,14.93,0.0,1.50045
13.5,1.92,19.69,0.0,0.0
15.0,5.28,21.48,0.0,0.0
20.4,2.16,27.5,0.0,0.0
12.5,1.32,14.19,0.0,0.0
18.7,1.92,22.22,0.0,0.0
15.8,3.72,17.21,0.0,0.0
11.8,2.28,11.08,0.0,0.0
13.3,0.96,13.24,0.0,0.0
11.6,0.6,11.24,0.0,0.0
12.4,0.0,11.99,0.0,0.0
10.0,0.12,9.32,0.0,0.0
13.8,0.0,13.57,0.0,0.0
9.6,0.24,9.34,0.0,0.0
15.4,3.48,16.5,0.0,0.0
13.9,20.76,20.8,0.0,0.0
11.1,3.36,24.43,0.0,228.474
13.5,9.36,33.61,0.0,408.927
10.3,10.92,29.95,0.0,467.41
15.3,5.28,40.64,0.0,619.066
10.7,7.32,36.89,0.0,632.664
15.9,4.32,45.95,0.0,609.8919999999999
13.3,0.84,42.21,0.0,459.859
9.2,5.4,33.32,0.0,263.151
12.3,2.04,35.46,0.0,123.56
16.4,2.64,38.23,0.0,7.55871
12.6,0.96,32.26,0.0,0.0
19.4,3.0,39.75,0.0,0.0
16.7,2.28,33.73,0.0,0.0
12.7,7.08,28.05,0.0,0.0
20.4,0.6,38.84,0.0,0.0
11.8,0.72,24.53,0.0,0.0
12.3,0.12,25.16,0.0,0.0
11.9,3.6,24.54,0.0,0.0
9.5,0.0,20.65,0.0,0.0
10.5,0.24,22.8,0.0,0.0
11.4,0.0,24.06,0.0,0.0
10.3,2.16,21.74,0.0,0.0
15.9,8.28,24.34,0.0,0.0
11.8,13.92,16.72,0.0,0.0
15.5,6.84,25.8,0.0,195.24
11.0,10.56,21.45,0.0,326.67400000000004
16.1,0.36,29.59,0.0,355.899
10.6,7.56,22.67,0.0,350.97900000000004
12.5,14.28,26.0,0.0,185.6
12.4,8.16,32.29,0.0,534.06
13.4,2.28,35.9,0.0,344.965
14.5,2.52,38.12,0.0,366.041
7.4,3.48,25.55,0.0,172.646
13.6,3.96,30.96,0.0,11.616
20.6,4.56,40.5,0.0,0.0
14.4,0.6,30.77,0.0,0.0
14.2,1.92,30.37,0.0,0.0
12.8,1.2,27.31,0.0,0.0
16.2,0.72,30.9,0.0,0.0
11.6,1.32,22.01,0.0,0.0
6.3,1.2,13.42,0.0,0.0
11.8,0.36,21.3,0.0,0.0
7.7,2.64,14.67,0.0,0.0
8.1,0.48,14.48,0.0,0.0
10.5,0.0,16.97,0.0,0.0
8.7,2.52,13.82,0.0,0.0
15.5,0.48,19.49,0.0,0.0
14.2,6.72,12.51,0.0,0.0
12.3,3.84,8.95,0.0,4.18233
9.0,21.24,10.03,0.0,268.566
10.5,17.64,17.11,0.0,615.387
10.4,17.52,18.94,0.0,702.466
10.8,3.6,20.38,0.0,730.664
14.3,8.52,23.08,0.0,667.038
12.4,2.4,18.51,0.0,315.895
13.3,3.48,22.67,0.0,455.147
15.7,1.2,22.64,0.0,241.592
15.5,6.12,17.59,0.0,24.7088
16.4,1.32,17.61,0.0,0.0
12.7,3.0,12.63,0.0,0.0
18.0,1.92,16.53,0.0,0.0
13.5,1.08,10.11,0.0,0.0
21.8,1.44,18.05,0.0,0.0
15.1,3.0,9.86,0.0,0.0
12.3,6.48,7.17,0.0,0.0
9.2,0.84,5.12,0.0,0.0
6.4,0.72,3.39,0.0,0.0
9.1,0.24,4.28,0.0,0.0
8.0,0.0,3.51,0.0,0.0
8.9,0.24,3.46,0.0,0.0
14.5,1.08,5.89,0.0,0.0
11.3,4.68,7.33,0.0,56.2028
12.7,8.76,11.65,0.0,262.94
11.1,7.56,12.56,0.0,465.143
9.5,18.96,12.59,0.0,609.911
11.8,14.28,15.27,0.0,709.441
14.3,13.44,19.25,0.0,725.2510000000001
13.5,1.2,21.33,0.0,687.678
11.8,1.2,23.54,0.0,603.567
13.7,3.72,27.46,0.0,461.596
11.7,3.48,23.31,0.0,263.402
12.1,2.28,17.79,0.0,32.5617
21.7,4.08,26.63,0.0,0.0
18.5,1.56,19.83,0.0,0.0
12.5,2.4,11.03,0.0,0.0
17.9,5.4,15.37,0.0,0.0
13.8,1.32,9.14,0.0,0.0
9.7,1.92,5.26,0.0,0.0
11.1,0.84,4.94,0.0,0.0
8.9,0.24,3.1,0.0,0.0
7.0,0.12,2.0,0.0,0.0
7.0,0.0,1.71,0.0,0.0
10.4,0.24,2.27,0.0,0.0
13.1,3.48,3.01,0.0,0.0
11.9,5.04,2.76,0.0,0.0
13.3,17.64,6.54,0.0,58.4039
15.2,6.84,11.73,0.0,261.785
10.5,8.76,11.89,0.0,456.939
12.0,10.08,14.09,0.0,596.168
10.6,6.0,15.27,0.0,678.492
12.5,14.52,19.15,0.0,710.322
9.8,1.08,18.8,0.0,691.784
13.7,0.72,25.87,0.0,608.145
13.8,3.6,27.96,0.0,466.842
9.9,6.24,22.17,0.0,264.59
12.6,1.68,19.34,0.0,31.4952
12.5,2.28,17.96,0.0,0.0
18.8,3.24,23.66,0.0,0.0
30.6,2.28,36.51,0.0,0.0
13.8,4.32,14.78,0.0,0.0
15.2,1.92,15.42,0.0,0.0
12.2,1.44,10.98,0.0,0.0
9.7,4.44,7.79,0.0,0.0
13.3,3.6,9.88,0.0,0.0
5.9,0.12,4.22,0.0,0.0
8.7,4.2,4.7,0.0,0.0
9.3,0.0,4.3,0.0,0.0
10.0,0.48,4.55,0.0,0.0
13.4,10.68,6.85,0.0,0.0
15.6,19.08,12.56,0.0,52.5622
13.1,6.0,16.86,0.0,227.211
10.8,4.92,18.27,0.0,379.386
12.2,13.2,21.59,0.0,365.387
14.5,7.44,29.09,0.0,501.871
14.0,6.12,30.22,0.0,467.819
12.9,8.04,29.62,0.0,273.405
10.6,2.28,32.3,0.0,466.357
13.2,9.96,35.91,0.0,364.033
8.5,9.12,26.61,0.0,160.227
8.6,6.36,23.48,0.0,8.598939999999999
15.9,0.36,33.21,0.0,0.0
20.4,1.08,38.19,0.0,0.0
16.1,0.72,30.68,0.0,0.0
13.8,2.16,25.68,0.0,0.0
15.4,1.44,24.4,0.0,0.0
14.9,2.88,20.68,0.0,0.0
10.1,2.16,12.28,0.0,0.0
10.3,1.92,10.28,0.0,0.0
11.0,1.2,9.25,0.0,0.0
7.2,1.8,5.3,0.0,0.0
11.6,0.0,7.22,0.0,0.0
12.8,1.08,6.79,0.0,0.0
12.7,3.12,5.86,0.0,0.0
9.2,14.04,4.82,0.0,42.9123
14.5,11.64,8.82,0.0,196.221
17.1,13.2,12.89,0.0,412.86800000000005
9.3,8.52,8.99,0.0,552.989
9.7,20.28,9.06,0.0,598.679
11.3,14.4,11.21,0.0,592.8330000000001
12.4,0.96,11.98,0.0,487.235
13.4,0.6,11.69,0.0,258.79900000000004
9.9,1.8,8.64,0.0,197.683
11.2,1.08,8.75,0.0,93.3613
13.4,2.88,9.27,0.0,4.93739
13.7,8.64,8.74,0.0,0.0
16.7,4.2,9.44,0.0,0.0
12.6,3.48,5.65,0.0,0.0
14.5,5.16,6.36,0.0,0.0
15.2,1.32,5.98,0.0,0.0
17.1,0.36,5.94,0.0,0.0
11.6,0.36,2.63,0.0,0.0
8.1,0.36,1.37,0.0,0.0
10.1,0.24,1.65,0.0,0.0
12.1,0.12,2.04,0.0,0.0
8.0,0.36,1.01,0.0,0.0
10.7,2.4,1.24,0.0,0.0
15.2,9.12,2.06,0.0,0.0
14.2,25.8,3.8,0.0,61.3538
17.0,9.0,6.54,0.0,237.086
13.1,7.2,5.75,0.0,407.302
10.3,13.32,4.99,0.0,461.409
14.4,5.04,8.94,0.0,706.388
16.6,10.56,11.16,0.0,713.2460000000001
15.8,3.6,9.09,0.0,385.015
12.2,1.08,7.7,0.0,357.515
14.7,4.56,9.18,0.0,294.807
12.7,1.32,6.68,0.0,149.632
15.2,1.68,6.75,0.0,13.4927
14.2,0.96,6.08,0.0,0.0
16.7,4.8,6.68,0.0,0.0
16.8,8.16,5.93,0.0,0.0
23.5,6.84,9.19,0.0,0.0
19.2,3.84,6.03,0.0,0.0
9.7,0.36,1.85,0.0,0.0
8.3,0.0,1.31,0.0,0.0
9.9,0.6,1.37,0.0,0.0
8.7,0.12,1.17,0.0,0.0
7.2,0.12,0.87,0.0,0.0
14.7,0.0,1.88,0.0,0.0
9.4,3.36,1.04,0.0,0.0
13.5,6.6,1.5,0.0,0.0
13.1,17.64,1.58,0.0,12.6526
17.0,9.84,2.53,0.0,49.7927
11.0,14.88,1.36,0.0,104.502
15.1,5.4,2.6,0.0,159.675
10.2,6.12,2.21,0.0,248.567
12.9,2.04,4.94,0.0,477.122
15.7,8.52,6.34,0.0,369.48800000000006
17.0,1.08,6.08,0.0,183.284
9.4,3.0,2.68,0.0,116.459
10.2,1.92,2.98,0.0,51.2169
13.3,7.08,3.97,0.0,0.910582
20.4,5.04,6.98,0.0,0.0
16.2,0.72,4.78,0.0,0.0
13.3,3.48,3.04,0.0,0.0
13.8,0.72,2.71,0.0,0.0
12.7,1.08,2.12,0.0,0.0
17.6,0.48,3.69,0.0,0.0
7.7,0.72,0.87,0.0,0.0
11.8,0.12,1.3,0.0,0.0
8.3,0.12,0.73,0.0,0.0
11.9,0.0,0.93,0.0,0.0
13.4,0.0,1.16,0.0,0.0
11.1,1.08,0.88,0.0,0.0
10.7,3.48,0.9,0.0,0.0
12.8,8.76,2.69,0.0,63.2729
15.2,10.2,7.08,0.0,277.209
7.8,15.24,6.48,0.0,484.624
14.5,9.96,11.46,0.0,637.627
12.0,19.32,11.59,0.0,730.794
11.5,10.68,13.55,0.0,767.405
21.1,10.32,22.64,0.0,740.663
9.9,3.96,16.58,0.0,645.188
15.0,5.88,23.4,0.0,496.281
12.3,0.48,18.78,0.0,287.23
20.4,3.0,20.22,0.0,35.9196
21.6,3.48,18.65,0.0,0.0
13.5,4.08,8.74,0.0,0.0
13.7,1.32,7.75,0.0,0.0
16.8,0.96,8.32,0.0,0.0
16.8,6.36,7.13,0.0,0.0
11.9,0.36,3.93,0.0,0.0
10.3,0.24,2.88,0.0,0.0
8.5,4.08,1.69,0.0,0.0
13.3,0.36,2.83,0.0,0.0
15.2,0.12,2.95,0.0,0.0
7.6,0.24,0.82,0.0,0.0
9.3,0.0,0.89,0.0,0.0
14.7,2.16,1.64,0.0,0.0
14.2,5.76,4.39,0.0,61.2471
12.7,6.96,8.36,0.0,267.597
12.2,7.44,11.52,0.0,466.677
11.7,13.56,12.85,0.0,606.388
10.4,9.24,14.13,0.0,691.2310000000001
13.1,15.84,18.08,0.0,733.825
14.0,7.92,21.57,0.0,700.34
12.8,3.96,24.65,0.0,617.74
16.1,6.12,29.87,0.0,480.606
11.7,4.08,23.21,0.0,272.101
11.7,3.6,17.89,0.0,33.7276
17.8,8.04,21.49,0.0,0.0
15.9,5.52,17.23,0.0,0.0
19.5,1.44,19.15,0.0,0.0
15.3,4.68,13.01,0.0,0.0
16.6,3.0,13.13,0.0,0.0
7.4,4.2,4.97,0.0,0.0
11.5,0.24,6.52,0.0,0.0
7.1,0.12,3.48,0.0,0.0
9.1,0.24,4.11,0.0,0.0
7.2,0.0,3.0,0.0,0.0
7.9,0.12,3.19,0.0,0.0
11.0,1.68,4.22,0.0,0.0
11.1,0.84,4.02,0.0,0.0
14.1,9.0,10.09,0.0,60.4608
14.2,7.56,16.35,0.0,263.531
12.0,6.12,18.41,0.0,457.668
12.8,12.72,21.28,0.0,606.457
15.6,3.6,26.71,0.0,682.085
7.9,9.96,21.08,0.0,715.8530000000001
10.6,4.08,26.94,0.0,697.6010000000001
16.0,0.48,36.11,0.0,612.947
11.8,1.2,31.95,0.0,478.949
13.9,3.12,31.83,0.0,278.223
15.3,0.72,27.13,0.0,35.71
21.6,0.48,31.85,0.0,0.0
26.9,0.72,35.3,0.0,0.0
18.7,3.0,22.92,0.0,0.0
16.3,1.32,18.1,0.0,0.0
10.5,0.72,9.88,0.0,0.0
13.6,0.36,11.51,0.0,0.0
9.9,0.6,7.26,0.0,0.0
8.4,0.12,5.7,0.0,0.0
8.4,0.12,5.15,0.0,0.0
7.6,0.0,4.37,0.0,0.0
8.0,0.12,4.28,0.0,0.0
8.4,1.56,4.0,0.0,0.0
12.4,0.96,6.66,0.0,0.0
12.9,15.24,11.63,0.0,59.5161
10.8,7.2,15.4,0.0,260.772
12.5,11.76,20.4,0.0,449.136
8.9,11.52,17.07,0.0,456.327
10.0,11.28,19.75,0.0,460.836
12.1,1.92,24.85,0.0,429.223
12.9,0.48,30.5,0.0,607.548
11.6,0.84,31.05,0.0,487.5
15.2,0.36,37.23,0.0,453.336
10.7,3.24,28.7,0.0,254.544
12.3,2.16,25.43,0.0,30.2428
13.4,0.84,24.44,0.0,0.0
11.5,2.16,19.14,0.0,0.0
15.0,2.04,21.26,0.0,0.0
18.5,3.84,23.85,0.0,0.0
14.8,0.36,17.07,0.0,0.0
14.4,3.6,14.9,0.0,0.0
14.7,2.16,13.8,0.0,0.0
6.5,0.12,5.15,0.0,0.0
3.9,0.24,3.16,0.0,0.0
6.1,0.36,3.73,0.0,0.0
9.2,0.12,4.8,0.0,0.0
9.4,1.92,4.32,0.0,0.0
6.9,5.4,3.22,0.0,0.0
12.5,15.36,11.36,0.0,60.6219
9.7,1.92,15.92,0.0,254.698
16.3,4.32,25.54,0.0,444.324
6.0,6.72,13.78,0.0,419.579
9.0,10.2,19.85,0.0,451.252
13.9,10.56,31.24,0.0,590.523
14.8,5.4,34.67,0.0,567.251
13.3,0.84,35.32,0.0,507.015
8.3,3.48,29.54,0.0,362.877
10.3,0.48,31.5,0.0,244.016
14.7,0.84,31.9,0.0,39.7496
16.3,2.76,31.37,0.0,0.0
13.9,0.96,25.48,0.0,0.0
17.5,10.8,28.27,0.0,0.0
13.2,2.64,20.54,0.0,0.0
13.8,1.92,19.81,0.0,0.0
9.7,0.84,13.19,0.0,0.0
7.0,0.36,8.96,0.0,0.0
11.1,1.2,12.71,0.0,0.0
11.4,0.24,12.56,0.0,0.0
9.3,0.24,9.37,0.0,0.0
11.9,0.0,10.83,0.0,0.0
9.3,0.84,7.82,0.0,0.0
11.4,4.08,8.93,0.0,0.0
14.2,15.0,12.89,0.0,58.9101
10.2,12.12,7.06,0.0,66.9465
10.1,6.24,6.17,0.0,131.224
9.0,18.96,5.94,0.0,201.73
14.2,10.56,9.49,0.0,208.856
9.9,0.72,8.17,0.0,468.471
16.3,1.56,17.29,0.0,649.529
8.8,5.28,12.75,0.0,614.4
9.5,0.84,14.53,0.0,461.641
12.5,1.2,16.38,0.0,254.871
9.1,1.2,9.22,0.0,41.5217
10.3,1.8,8.88,0.0,0.0
11.8,2.28,9.04,0.0,0.0
20.7,0.84,15.62,0.0,0.0
11.9,3.0,6.28,0.0,0.0
15.7,0.6,7.56,0.0,0.0
12.8,0.36,4.75,0.0,0.0
7.5,3.12,1.93,0.0,0.0
8.3,3.0,1.82,0.0,0.0
6.1,1.56,1.09,0.0,0.0
8.6,0.0,1.21,0.0,0.0
9.1,0.36,1.16,0.0,0.0
7.0,5.64,0.73,0.0,0.0
12.9,15.12,1.46,0.0,0.0
11.4,14.4,2.24,0.0,65.4589
18.6,13.44,6.78,0.0,266.721
11.8,4.68,5.3,0.0,391.231
11.7,3.0,7.58,0.0,580.743
11.9,0.72,9.54,0.0,677.1
15.0,3.84,13.5,0.0,723.1060000000001
11.3,7.92,12.86,0.0,695.372
12.9,2.28,15.53,0.0,615.51
12.6,4.32,17.62,0.0,466.796
11.7,2.52,16.04,0.0,265.931
12.5,3.36,12.85,0.0,46.0247
14.8,0.72,12.93,0.0,0.0
14.1,0.96,10.2,0.0,0.0
10.9,4.92,6.19,0.0,0.0
12.8,2.28,6.88,0.0,0.0
14.9,1.2,7.66,0.0,0.0
11.6,0.24,5.0,0.0,0.0
9.9,0.24,4.1,0.0,0.0
6.6,0.6,2.49,0.0,0.0
7.1,0.12,2.31,0.0,0.0
5.7,0.12,1.6,0.0,0.0
7.1,0.36,1.71,0.0,0.0
12.3,2.52,3.68,0.0,0.0
9.7,2.28,2.86,0.0,0.0
9.2,7.92,5.28,0.0,60.8494
8.3,4.68,8.23,0.0,229.83900000000003
7.6,18.12,12.32,0.0,432.511
8.5,13.56,14.82,0.0,576.6709999999999
9.4,15.12,18.44,0.0,669.735
9.8,3.48,22.69,0.0,676.52
10.7,3.48,28.07,0.0,663.2189999999999
13.5,4.56,35.91,0.0,573.06
11.5,6.12,34.33,0.0,436.109
12.0,0.96,32.35,0.0,242.667
12.2,9.12,27.4,0.0,40.9165
12.0,11.4,24.72,0.0,0.0
15.6,1.92,27.46,0.0,0.0
25.1,7.2,37.96,0.0,0.0
17.2,1.68,24.83,0.0,0.0
10.1,0.84,13.83,0.0,0.0
13.5,0.6,16.88,0.0,0.0
8.5,0.72,9.41,0.0,0.0
5.1,1.56,5.84,0.0,0.0
5.5,0.24,5.97,0.0,0.0
7.8,3.12,7.43,0.0,0.0
6.6,0.12,5.95,0.0,0.0
11.2,0.24,9.14,0.0,0.0
9.4,0.48,7.67,0.0,0.0
9.2,6.24,11.2,0.0,56.5957
11.0,5.16,13.1,0.0,144.127
8.6,17.4,11.36,0.0,113.751
11.5,24.0,21.49,0.0,461.477
10.9,17.04,23.45,0.0,473.116
9.7,7.56,22.26,0.0,382.568
13.7,5.76,30.84,0.0,454.92
11.3,0.6,30.77,0.0,497.117
14.3,2.16,33.67,0.0,313.475
9.8,4.2,26.5,0.0,189.438
12.6,4.44,27.24,0.0,50.0703
8.1,3.0,18.68,0.0,0.0
18.8,1.56,31.36,0.0,0.0
15.6,4.92,25.08,0.0,0.0
13.7,2.04,21.56,0.0,0.0
8.8,0.84,13.97,0.0,0.0
9.2,0.36,13.59,0.0,0.0
8.2,0.6,11.0,0.0,0.0
9.2,0.36,11.02,0.0,0.0
8.1,0.24,9.72,0.0,0.0
3.7,0.0,6.19,0.0,0.0
8.9,0.24,10.46,0.0,0.0
11.1,0.24,12.17,0.0,0.0
9.2,5.04,10.76,0.0,0.0
13.1,17.04,16.85,0.0,32.8176
8.4,20.64,10.56,0.0,79.2399
12.9,8.52,17.32,0.0,11.9638
10.6,33.96,13.07,0.0,49.188
11.3,5.16,15.27,0.0,22.5543
11.1,4.56,21.44,0.0,213.003
13.9,4.32,34.11,0.0,555.641
13.0,2.28,31.63,0.0,247.874
15.2,1.92,39.12,0.0,358.076
9.7,1.56,30.03,0.0,251.048
14.0,2.16,32.28,0.0,36.102
14.0,3.48,31.29,0.0,0.0
17.4,3.36,34.52,0.0,0.0
14.4,5.76,28.3,0.0,0.0
15.5,3.6,29.04,0.0,0.0
18.9,5.16,32.48,0.0,0.0
9.4,1.2,17.28,0.0,0.0
9.5,0.6,16.98,0.0,0.0
5.3,1.68,10.55,0.0,0.0
14.5,0.96,22.96,0.0,0.0
6.1,0.0,10.46,0.0,0.0
7.1,0.72,11.13,0.0,0.0
9.3,3.24,14.16,0.0,0.0
10.3,3.72,16.49,0.0,0.0
11.3,18.6,24.34,0.0,62.7766
11.9,7.08,29.34,0.0,224.898
12.4,15.96,30.86,0.0,266.212
9.4,13.44,31.18,0.0,437.673
10.7,13.44,35.96,0.0,498.48800000000006
14.3,5.64,44.25,0.0,620.911
11.8,0.12,42.16,0.0,632.71
10.3,4.8,40.78,0.0,494.929
10.9,1.44,42.03,0.0,435.797
8.8,6.12,35.58,0.0,238.381
12.0,2.88,34.14,0.0,35.6652
18.7,1.08,40.94,0.0,0.0
10.2,1.44,27.08,0.0,0.0
16.6,1.44,34.75,0.0,0.0
13.8,3.24,28.6,0.0,0.0
13.2,1.08,25.96,0.0,0.0
10.9,0.6,20.9,0.0,0.0
9.2,2.52,16.8,0.0,0.0
7.4,0.48,13.14,0.0,0.0
6.7,0.24,11.06,0.0,0.0
7.8,2.4,9.56,0.0,0.0
5.9,0.0,5.29,0.0,0.0
9.0,2.52,5.11,0.0,0.0
10.6,6.48,5.05,0.0,0.0
12.7,12.24,9.66,0.0,72.3265
9.1,5.76,10.05,0.0,285.006
10.6,1.44,12.62,0.0,511.135
10.5,8.52,13.76,0.0,655.6460000000001
9.9,18.6,14.33,0.0,734.8810000000001
11.3,12.72,17.52,0.0,756.743
15.4,3.36,23.91,0.0,717.9630000000001
14.8,2.88,27.52,0.0,633.698
13.0,0.84,27.65,0.0,504.377
10.2,2.64,23.38,0.0,307.645
13.8,3.6,21.33,0.0,74.3876
13.8,1.2,18.67,0.0,0.0
16.1,4.56,19.01,0.0,0.0
17.3,1.2,18.03,0.0,0.0
17.3,3.96,16.44,0.0,0.0
14.6,2.04,11.78,0.0,0.0
16.2,0.24,11.66,0.0,0.0
7.1,1.2,4.0,0.0,0.0
11.7,0.24,5.41,0.0,0.0
4.8,0.12,1.82,0.0,0.0
8.0,0.12,2.54,0.0,0.0
8.6,0.36,2.41,0.0,0.0
8.6,0.84,1.81,0.0,0.0
12.8,3.12,3.31,0.0,0.0
10.9,10.44,6.44,0.0,70.8638
14.0,11.52,12.48,0.0,284.399
8.8,10.08,12.56,0.0,482.102
11.7,23.76,16.16,0.0,625.8430000000001
11.4,10.08,18.23,0.0,707.192
13.4,0.24,23.04,0.0,745.948
13.1,0.48,26.19,0.0,712.535
16.1,0.36,34.13,0.0,625.742
11.2,0.6,29.68,0.0,480.963
9.5,2.16,26.03,0.0,277.393
14.5,1.32,28.21,0.0,55.4339
16.9,2.4,29.31,0.0,0.0
20.7,3.0,31.98,0.0,0.0
18.5,3.0,27.76,0.0,0.0
15.2,3.12,22.64,0.0,0.0
9.9,0.48,15.16,0.0,0.0
8.5,0.72,13.46,0.0,0.0
5.7,3.72,9.88,0.0,0.0
9.4,1.2,13.17,0.0,0.0
8.1,0.24,10.62,0.0,0.0
8.8,0.0,10.79,0.0,0.0
6.7,0.0,8.41,0.0,0.0
8.1,3.72,9.82,0.0,0.0
10.6,13.8,12.66,0.0,0.0
10.8,14.64,17.65,0.0,77.3664
12.8,9.36,25.62,0.0,249.69
10.7,6.6,22.81,0.0,319.67400000000004
12.6,7.08,25.71,0.0,213.615
11.6,1.2,25.79,0.0,187.262
8.3,4.2,23.91,0.0,253.621
16.0,9.72,40.56,0.0,482.262
14.1,2.04,38.85,0.0,526.196
12.8,4.08,33.02,0.0,229.902
9.8,3.12,29.53,0.0,219.175
13.7,3.24,32.19,0.0,42.4317
15.2,4.44,32.82,0.0,0.0
16.6,3.48,32.58,0.0,0.0
12.2,1.56,24.02,0.0,0.0
17.9,6.6,31.6,0.0,0.0
11.0,2.4,20.78,0.0,0.0
8.9,0.6,17.88,0.0,0.0
8.7,0.0,17.01,0.0,0.0
9.4,0.12,17.44,0.0,0.0
5.8,0.48,11.88,0.0,0.0
11.4,0.36,19.98,0.0,0.0
8.9,0.0,16.0,0.0,0.0
9.0,0.96,15.97,0.0,0.0
12.1,4.44,21.12,0.0,0.0
12.8,10.8,28.25,0.0,70.9015
9.8,6.36,22.18,0.0,153.817
5.0,16.92,18.3,0.0,300.826
8.8,19.92,27.16,0.0,363.6830000000001
11.4,11.52,31.39,0.0,327.094
16.2,5.04,40.69,0.0,489.826
11.5,1.2,36.55,0.0,597.61
13.9,4.56,43.66,0.0,541.544
13.2,1.8,44.04,0.0,463.105
13.5,6.0,42.85,0.0,270.408
13.8,5.04,38.18,0.0,58.1794
12.9,12.0,34.34,0.0,0.0
13.8,2.04,33.27,0.0,0.0
14.5,7.2,31.57,0.0,0.0
13.7,2.64,28.49,0.0,0.0
16.0,0.72,29.59,0.0,0.0
10.6,0.36,19.69,0.0,0.0
7.2,0.36,13.7,0.0,0.0
8.3,0.36,14.61,0.0,0.0
7.1,0.12,12.28,0.0,0.0
8.6,0.12,13.3,0.0,0.0
10.6,0.24,15.57,0.0,0.0
8.1,0.0,10.82,0.0,0.0
8.1,0.36,10.52,0.0,0.0
9.8,2.64,15.27,0.0,82.2887
9.0,9.6,13.59,0.0,201.535
12.2,9.84,15.0,0.0,172.419
5.0,12.24,8.65,0.0,215.694
10.2,7.32,18.69,0.0,513.413
14.8,1.92,28.23,0.0,686.568
11.2,2.64,23.79,0.0,475.51
14.2,0.48,27.14,0.0,316.245
15.4,3.36,27.2,0.0,153.281
8.8,5.04,18.95,0.0,72.5244
12.7,6.12,23.78,0.0,46.4361
17.0,3.96,28.04,0.0,0.0
16.3,1.44,25.3,0.0,0.0
17.4,2.4,25.16,0.0,0.0
15.7,3.96,21.53,0.0,0.0
11.4,0.72,14.06,0.0,0.0
14.4,0.36,16.83,0.0,0.0
6.4,0.6,7.36,0.0,0.0
6.6,2.88,6.65,0.0,0.0
6.6,0.12,6.13,0.0,0.0
8.4,0.12,7.36,0.0,0.0
7.7,0.84,6.78,0.0,0.0
7.0,0.84,5.86,0.0,0.0
11.5,3.24,9.84,0.0,0.0
16.4,16.68,21.15,0.0,77.4393
11.1,21.12,18.01,0.0,234.515
9.8,4.44,17.22,0.0,292.625
12.9,19.92,26.84,0.0,426.276
11.1,3.0,27.29,0.0,504.586
12.3,1.68,30.9,0.0,508.606
11.5,6.48,31.93,0.0,574.124
16.3,21.6,37.58,0.0,409.257
12.2,5.88,29.31,0.0,222.091
11.5,2.04,26.6,0.0,95.6854
14.6,1.8,29.43,0.0,12.4626
12.8,3.48,26.74,0.0,0.0
15.5,2.4,29.29,0.0,0.0
14.3,4.92,26.61,0.0,0.0
14.2,1.92,26.26,0.0,0.0
16.0,1.44,28.18,0.0,0.0
10.9,0.84,16.93,0.0,0.0
7.5,0.72,9.16,0.0,0.0
7.7,4.8,7.26,0.0,0.0
7.4,0.12,5.4,0.0,0.0
8.8,0.12,4.71,0.0,0.0
10.4,0.12,4.75,0.0,0.0
9.4,2.4,3.52,0.0,0.0
8.9,1.56,2.7,0.0,0.0
13.2,18.36,4.39,0.0,6.907610000000001
8.9,0.84,1.76,0.0,26.6686
7.6,9.84,1.45,0.0,78.3647
11.0,7.68,2.93,0.0,162.721
11.4,14.28,4.05,0.0,322.618
12.5,0.96,4.5,0.0,213.632
10.2,2.76,4.16,0.0,326.322
13.6,4.44,4.93,0.0,163.826
9.8,0.96,3.17,0.0,86.9172
8.7,1.08,4.2,0.0,215.508
12.0,2.76,5.22,0.0,68.5254
16.6,1.56,7.04,0.0,0.0
10.6,3.6,3.18,0.0,0.0
11.1,4.08,2.63,0.0,0.0
15.4,3.48,4.45,0.0,0.0
12.6,1.44,3.19,0.0,0.0
9.9,0.6,2.1,0.0,0.0
9.3,0.24,2.06,0.0,0.0
10.7,0.0,2.43,0.0,0.0
4.2,0.12,0.92,0.0,0.0
6.5,0.12,1.2,0.0,0.0
10.2,0.36,1.49,0.0,0.0
9.8,2.16,1.3,0.0,0.0
10.9,9.48,1.81,0.0,0.0
8.5,10.68,3.69,0.0,84.3248
9.5,5.28,6.8,0.0,310.267
13.7,3.12,11.65,0.0,490.226
10.5,8.4,10.3,0.0,657.185
12.9,16.08,12.29,0.0,743.602
11.0,9.84,13.11,0.0,766.387
16.3,2.64,19.3,0.0,742.456
11.4,0.72,19.32,0.0,657.998
12.1,3.36,22.79,0.0,517.836
10.4,4.56,20.99,0.0,318.933
16.9,1.44,22.49,0.0,92.4375
11.6,2.4,12.66,0.0,0.0
15.8,2.16,14.0,0.0,0.0
14.1,3.36,10.85,0.0,0.0
16.4,4.44,11.93,0.0,0.0
14.0,2.28,8.31,0.0,0.0
12.8,1.08,6.35,0.0,0.0
7.8,0.36,3.06,0.0,0.0
8.7,0.12,2.71,0.0,0.0
8.5,0.36,2.02,0.0,0.0
9.5,0.12,1.88,0.0,0.0
6.8,0.0,1.13,0.0,0.0
13.5,1.08,2.65,0.0,0.0
14.4,4.68,3.03,0.0,0.0
9.7,14.76,1.94,0.0,58.6242
15.4,11.52,4.94,0.0,135.561
11.2,15.24,3.56,0.0,161.476
6.6,28.44,1.84,0.0,123.858
9.9,14.52,2.53,0.0,76.2076
12.2,0.48,3.57,0.0,85.3259
10.5,3.12,3.27,0.0,170.082
13.8,0.72,4.72,0.0,125.593
18.6,0.48,7.69,0.0,172.453
9.5,0.96,3.11,0.0,98.2011
10.9,0.48,3.38,0.0,14.6668
15.2,1.8,5.34,0.0,0.0
16.0,2.64,5.69,0.0,0.0
14.4,1.32,4.76,0.0,0.0
20.6,3.36,8.53,0.0,0.0
8.8,0.48,2.27,0.0,0.0
14.5,0.36,5.55,0.0,0.0
7.9,6.24,2.65,0.0,0.0
8.9,0.96,3.08,0.0,0.0
5.4,0.36,1.81,0.0,0.0
9.8,0.12,3.12,0.0,0.0
7.5,0.72,1.98,0.0,0.0
7.7,14.28,1.81,0.0,0.0
12.2,13.08,3.89,0.0,0.0
14.7,15.96,10.34,0.0,85.0902
14.7,8.04,15.73,0.0,277.22700000000003
10.4,8.04,11.77,0.0,342.215
10.6,3.84,13.0,0.0,376.106
10.9,6.6,17.97,0.0,638.556
10.6,4.2,22.38,0.0,668.485
10.2,2.52,25.4,0.0,700.2
11.2,3.36,30.58,0.0,624.2719999999999
12.0,0.48,34.3,0.0,486.261
11.4,3.36,32.91,0.0,297.791
13.3,1.44,30.63,0.0,79.5614
7.5,0.96,18.9,0.0,0.0
17.4,2.52,29.29,0.0,0.0
15.1,1.32,23.44,0.0,0.0
9.9,3.0,15.63,0.0,0.0
15.7,2.4,22.09,0.0,0.0
12.1,0.72,15.95,0.0,0.0
7.7,0.24,9.83,0.0,0.0
3.7,0.12,5.47,0.0,0.0
11.9,0.72,11.46,0.0,0.0
9.2,0.12,8.4,0.0,0.0
5.8,0.12,4.98,0.0,0.0
7.0,0.36,4.8,0.0,0.0
14.0,2.16,11.16,0.0,0.0
15.1,4.8,18.82,0.0,82.7545
13.7,5.88,16.93,0.0,225.521
8.9,12.6,13.19,0.0,318.964
8.4,7.8,17.26,0.0,447.169
12.2,5.64,28.43,0.0,661.127
12.4,6.96,32.91,0.0,662.534
13.0,6.6,37.9,0.0,669.0889999999999
11.5,5.64,40.11,0.0,603.4540000000001
13.2,6.36,43.87,0.0,489.517
13.6,6.84,42.15,0.0,295.643
16.3,11.76,40.33,0.0,73.1414
16.0,7.56,35.68,0.0,0.0
14.9,0.96,30.82,0.0,0.0
18.7,7.8,33.8,0.0,0.0
18.4,1.92,32.0,0.0,0.0
11.0,0.84,19.94,0.0,0.0
9.7,1.2,17.03,0.0,0.0
11.5,0.84,18.48,0.0,0.0
10.0,1.32,14.7,0.0,0.0
8.4,0.48,12.22,0.0,0.0
5.7,0.24,9.36,0.0,0.0
6.4,0.0,9.7,0.0,0.0
8.0,0.24,10.94,0.0,0.0
11.6,0.24,16.55,0.0,0.0
12.7,5.16,26.65,0.0,86.7862
10.2,11.16,26.64,0.0,263.86400000000003
5.1,16.56,19.08,0.0,324.567
12.1,19.44,32.47,0.0,384.175
9.9,13.08,31.01,0.0,498.108
14.0,2.4,37.27,0.0,403.881
15.8,7.08,41.79,0.0,503.972
18.0,7.8,45.67,0.0,423.515
11.9,1.92,36.48,0.0,335.32300000000004
10.7,6.12,32.63,0.0,185.068
10.7,7.08,30.45,0.0,36.1336
11.1,7.08,29.75,0.0,0.0
17.0,2.16,37.05,0.0,0.0
16.6,1.08,33.84,0.0,0.0
13.8,1.92,29.23,0.0,0.0
12.2,2.16,20.79,0.0,0.0
8.3,1.8,10.89,0.0,0.0
7.2,0.48,9.22,0.0,0.0
8.2,0.0,9.73,0.0,0.0
7.4,0.36,8.34,0.0,0.0
6.3,0.12,6.64,0.0,0.0
8.4,0.36,7.94,0.0,0.0
8.5,0.24,7.5,0.0,0.0
9.4,0.24,8.07,0.0,0.0
11.4,12.36,10.15,0.0,43.3128
9.4,17.4,8.35,0.0,119.114
9.5,6.12,11.51,0.0,263.449
7.6,8.04,15.15,0.0,560.314
12.8,7.2,23.35,0.0,670.058
11.4,0.96,23.79,0.0,552.196
11.8,4.8,28.83,0.0,652.893
13.6,2.88,32.61,0.0,583.487
13.5,1.8,30.57,0.0,410.586
14.9,2.88,28.55,0.0,216.768
13.7,1.92,23.36,0.0,52.2858
11.9,4.8,19.52,0.0,0.0
14.9,3.36,21.08,0.0,0.0
15.6,3.84,18.92,0.0,0.0
15.4,5.28,16.73,0.0,0.0
14.1,1.56,13.42,0.0,0.0
11.0,2.28,8.77,0.0,0.0
9.5,2.4,6.46,0.0,0.0
8.7,2.04,5.51,0.0,0.0
11.5,0.0,7.24,0.0,0.0
8.9,0.12,5.1,0.0,0.0
5.1,0.12,2.83,0.0,0.0
9.0,2.28,4.85,0.0,0.0
10.3,5.04,6.84,0.0,0.0
11.5,17.28,13.05,0.0,88.4155
11.3,6.36,16.8,0.0,301.543
13.9,12.36,21.19,0.0,493.844
9.3,9.48,17.97,0.0,630.453
12.5,16.8,23.39,0.0,716.102
9.2,1.56,22.63,0.0,727.05
11.9,0.72,29.43,0.0,722.482
9.8,0.84,31.0,0.0,625.803
8.7,0.6,31.77,0.0,504.205
8.3,3.84,30.36,0.0,318.146
12.7,1.32,31.43,0.0,90.6379
13.6,6.24,28.12,0.0,0.0
14.4,10.2,26.99,0.0,0.0
14.1,4.68,25.28,0.0,0.0
14.2,1.32,23.13,0.0,0.0
15.2,0.72,21.37,0.0,0.0
17.6,1.08,21.4,0.0,0.0
10.5,0.12,10.71,0.0,0.0
9.5,0.12,8.64,0.0,0.0
10.6,0.84,8.86,0.0,0.0
9.7,0.0,7.29,0.0,0.0
7.7,0.12,5.19,0.0,0.0
13.9,3.36,9.13,0.0,0.0
8.2,7.68,5.97,0.0,0.0
14.8,5.4,18.46,0.0,87.1727
13.7,8.88,23.48,0.0,293.942
10.2,3.48,23.28,0.0,473.955
9.2,3.96,24.3,0.0,610.016
8.9,11.64,25.75,0.0,676.513
12.2,9.6,32.9,0.0,722.029
13.7,6.72,38.07,0.0,712.1030000000001
17.0,3.6,45.53,0.0,637.774
12.1,1.44,40.44,0.0,508.518
9.0,2.16,35.3,0.0,321.986
10.8,1.68,32.79,0.0,92.7058
15.4,2.88,34.03,0.0,0.0
15.7,2.16,31.05,0.0,0.0
11.8,2.28,23.39,0.0,0.0
20.4,7.08,33.43,0.0,0.0
12.3,1.32,20.8,0.0,0.0
7.5,0.96,12.99,0.0,0.0
7.0,0.6,11.07,0.0,0.0
5.8,0.48,9.57,0.0,0.0
8.8,0.12,12.53,0.0,0.0
5.3,0.12,8.23,0.0,0.0
7.9,0.36,9.53,0.0,0.0
7.8,0.36,8.28,0.0,0.0
10.0,1.44,12.11,0.0,0.0
13.4,12.0,25.17,0.0,92.4802
10.5,16.44,24.71,0.0,281.562
6.5,2.4,20.96,0.0,417.895
10.6,8.04,28.82,0.0,522.439
14.0,8.88,33.25,0.0,481.61300000000006
14.7,0.84,34.76,0.0,480.005
12.8,0.24,35.13,0.0,471.136
9.5,0.0,35.95,0.0,592.492
15.3,5.04,45.36,0.0,512.89
17.7,0.96,45.68,0.0,315.653
9.2,1.8,29.61,0.0,88.1683
16.2,1.08,34.79,0.0,0.0
14.9,1.2,30.53,0.0,0.0
15.0,3.0,28.24,0.0,0.0
14.4,5.04,25.87,0.0,0.0
14.7,0.84,24.61,0.0,0.0
9.9,0.48,16.84,0.0,0.0
8.5,2.28,14.41,0.0,0.0
5.1,1.68,9.98,0.0,0.0
6.9,0.24,10.75,0.0,0.0
5.5,0.36,7.76,0.0,0.0
6.5,0.12,7.08,0.0,0.0
8.1,5.64,6.87,0.0,0.0
10.1,13.68,8.69,0.0,0.0
11.8,11.88,15.42,0.0,101.717
11.1,14.52,16.5,0.0,332.367
11.3,6.6,17.15,0.0,540.498
13.8,5.16,20.32,0.0,676.4169999999999
18.8,6.48,27.12,0.0,764.73
10.3,14.16,19.63,0.0,805.326
14.4,1.08,26.8,0.0,767.302
17.4,7.92,33.28,0.0,697.3610000000001
9.2,1.32,26.43,0.0,543.888
13.1,9.12,29.59,0.0,347.866
11.3,4.44,22.5,0.0,106.727
14.7,2.52,21.36,0.0,0.0
13.6,1.32,18.03,0.0,0.0
19.3,4.2,21.92,0.0,0.0
11.1,1.32,11.29,0.0,0.0
14.3,1.44,12.28,0.0,0.0
11.9,0.72,8.39,0.0,0.0
5.4,0.0,3.44,0.0,0.0
5.8,0.36,2.97,0.0,0.0
7.0,0.72,2.93,0.0,0.0
6.7,0.0,1.73,0.0,0.0
6.5,0.12,1.4,0.0,0.0
9.3,0.12,2.18,0.0,0.0
11.9,3.36,3.45,0.0,0.0
15.3,6.72,8.46,0.0,102.403
9.8,4.92,8.65,0.0,329.031
9.5,15.96,10.81,0.0,528.305
9.6,19.2,11.88,0.0,676.507
9.8,8.04,13.48,0.0,743.95
8.6,8.52,14.72,0.0,777.3560000000001
22.3,1.56,29.76,0.0,752.1669999999999
8.6,6.12,15.41,0.0,389.578
9.5,5.4,18.12,0.0,321.712
12.8,1.56,24.05,0.0,316.657
12.8,4.2,21.08,0.0,83.4592
15.4,3.72,21.67,0.0,0.0
12.9,3.12,17.37,0.0,0.0
16.4,1.56,20.28,0.0,0.0
14.0,2.52,16.78,0.0,0.0
14.1,3.6,17.1,0.0,0.0
10.6,0.84,12.39,0.0,0.0
7.8,0.72,9.3,0.0,0.0
9.6,0.48,11.4,0.0,0.0
9.1,0.12,10.44,0.0,0.0
5.4,0.36,7.02,0.0,0.0
4.4,0.0,6.63,0.0,0.0
8.2,2.04,10.05,0.0,0.0
6.5,1.92,10.35,0.0,0.0
10.1,5.64,20.06,0.0,99.9156
16.3,12.0,30.95,0.0,199.808
7.3,15.6,20.35,0.0,365.429
9.7,11.16,26.86,0.0,361.753
10.6,6.24,32.76,0.0,529.314
14.7,2.52,40.46,0.0,636.002
10.4,5.76,32.17,0.0,343.727
12.5,2.88,35.7,0.0,304.91200000000003
11.5,0.6,36.17,0.0,277.161
15.1,7.08,41.8,0.0,264.817
15.0,4.32,37.58,0.0,60.3714
12.3,2.28,32.08,0.0,0.0
15.7,1.92,35.72,0.0,0.0
17.0,1.92,35.62,0.0,0.0
11.4,2.04,26.27,0.0,0.0
15.0,2.28,31.15,0.0,0.0
10.5,1.56,23.03,0.0,0.0
6.5,0.36,17.22,0.0,0.0
6.8,0.72,17.76,0.0,0.0
5.8,0.0,15.74,0.0,0.0
6.7,0.0,16.56,0.0,0.0
5.9,0.6,14.59,0.0,0.0
8.1,0.36,17.96,0.0,0.0
8.9,3.24,21.12,0.0,0.0
10.4,12.96,30.23,0.0,100.897
14.1,29.28,36.28,0.0,235.36
12.3,7.08,34.61,0.0,329.42
9.9,28.32,34.06,0.0,456.898
11.7,6.36,39.56,0.0,548.872
10.9,6.24,40.08,0.0,554.2280000000001
11.8,2.64,43.82,0.0,596.661
12.4,5.28,46.51,0.0,597.279
10.8,1.68,41.47,0.0,388.597
10.9,1.2,38.33,0.0,198.916
9.2,2.88,33.69,0.0,49.4647
11.9,4.92,36.05,0.0,0.0
13.5,2.16,35.95,0.0,0.0
14.6,2.88,35.66,0.0,0.0
14.5,2.4,34.14,0.0,0.0
19.2,1.32,39.75,0.0,0.0
9.6,1.2,23.89,0.0,0.0
6.3,0.12,18.62,0.0,0.0
8.9,0.48,22.23,0.0,0.0
7.8,0.12,19.91,0.0,0.0
6.2,2.64,16.98,0.0,0.0
10.3,0.48,22.41,0.0,0.0
6.8,2.28,15.78,0.0,0.0
7.2,9.6,17.88,0.0,0.0
11.8,9.12,32.02,0.0,88.7275
12.2,12.84,31.55,0.0,196.116
9.1,17.16,29.07,0.0,315.445
10.7,3.6,33.25,0.0,324.828
8.8,2.28,33.16,0.0,498.904
13.6,8.16,41.03,0.0,409.473
11.7,3.36,41.92,0.0,530.275
11.7,5.64,46.03,0.0,573.235
8.6,7.2,41.7,0.0,439.15
12.0,3.84,43.59,0.0,246.84
7.4,1.56,32.66,0.0,60.3342
14.8,2.16,40.05,0.0,0.0
16.9,1.68,40.17,0.0,0.0
8.6,1.68,25.3,0.0,0.0
11.0,2.88,26.48,0.0,0.0
8.6,2.88,19.78,0.0,0.0
7.5,0.6,14.92,0.0,0.0
6.2,0.48,10.35,0.0,0.0
6.1,0.24,7.97,0.0,0.0
3.7,0.12,5.06,0.0,0.0
6.1,0.24,5.67,0.0,0.0
7.2,0.48,5.56,0.0,0.0
7.9,3.24,5.13,0.0,0.0
7.8,6.72,5.14,0.0,0.0
12.3,19.08,10.47,0.0,106.876
9.4,10.8,10.22,0.0,322.082
13.8,6.12,14.44,0.0,546.601
6.7,10.56,9.75,0.0,697.5880000000001
9.4,2.52,11.97,0.0,789.5310000000001
11.6,1.56,15.98,0.0,806.169
8.5,0.6,15.47,0.0,784.092
11.1,0.84,21.05,0.0,695.122
8.3,0.36,20.06,0.0,534.847
11.9,0.72,23.29,0.0,351.93300000000005
11.9,0.48,19.96,0.0,107.577
14.3,5.76,19.1,0.0,0.0
11.0,2.04,13.94,0.0,0.0
13.3,5.64,14.6,0.0,0.0
12.0,0.6,11.91,0.0,0.0
8.0,0.36,7.05,0.0,0.0
10.3,0.36,7.55,0.0,0.0
11.4,0.0,7.09,0.0,0.0
11.6,0.0,6.05,0.0,0.0
6.7,0.0,3.08,0.0,0.0
11.7,0.12,5.12,0.0,0.0
7.5,0.24,2.66,0.0,0.0
9.0,1.08,2.93,0.0,0.0
11.2,10.68,4.7,0.0,0.0
13.3,14.4,9.84,0.0,117.88
12.1,15.48,11.97,0.0,349.31699999999995
11.0,0.84,12.16,0.0,562.319
12.7,7.08,13.08,0.0,711.252
7.8,1.56,10.98,0.0,790.1610000000001
8.9,11.52,13.58,0.0,822.283
11.3,2.04,18.03,0.0,770.6569999999999
12.8,1.08,24.21,0.0,689.2810000000001
9.2,0.6,22.94,0.0,548.6519999999999
7.5,7.32,20.69,0.0,358.916
8.7,1.08,17.14,0.0,114.878
10.8,1.44,14.84,0.0,0.0
12.9,1.68,14.43,0.0,0.0
14.3,2.04,13.77,0.0,0.0
16.3,2.76,13.31,0.0,0.0
8.3,0.36,6.12,0.0,0.0
12.8,0.36,8.98,0.0,0.0
6.1,0.12,3.91,0.0,0.0
8.9,0.48,4.73,0.0,0.0
6.9,0.0,3.27,0.0,0.0
10.3,0.24,4.13,0.0,0.0
9.7,0.12,3.61,0.0,0.0
10.2,8.4,3.78,0.0,0.0
5.3,10.92,2.45,0.0,0.0
13.9,5.88,10.34,0.0,114.331
10.7,5.52,11.49,0.0,330.973
16.5,12.96,17.13,0.0,525.327
9.1,17.4,12.57,0.0,676.3610000000001
10.7,3.96,15.06,0.0,754.541
10.9,0.36,17.38,0.0,782.1310000000001
14.1,2.28,23.97,0.0,763.044
12.3,0.6,23.54,0.0,639.5930000000001
9.5,3.24,15.93,0.0,179.523
7.2,0.36,11.42,0.0,30.4213
11.9,1.32,15.46,0.0,4.0452900000000005
12.1,4.08,15.46,0.0,0.0
13.0,1.8,15.34,0.0,0.0
10.8,0.72,11.51,0.0,0.0
16.8,1.44,17.3,0.0,0.0
9.1,1.68,9.04,0.0,0.0
9.2,1.56,8.22,0.0,0.0
7.4,0.6,6.05,0.0,0.0
7.6,0.48,5.82,0.0,0.0
4.8,0.24,3.92,0.0,0.0
9.2,0.0,6.09,0.0,0.0
6.0,0.12,4.1,0.0,0.0
7.4,5.52,4.5,0.0,0.0
9.4,4.92,5.71,0.0,0.0
12.8,5.4,8.95,0.0,19.8547
10.4,1.56,7.32,0.0,74.1526
11.9,10.08,9.29,0.0,140.835
11.9,12.84,11.38,0.0,180.771
7.7,3.24,11.06,0.0,328.82
9.2,1.2,15.07,0.0,342.25699999999995
10.2,1.32,18.19,0.0,393.295
11.0,0.48,18.89,0.0,290.38
10.2,5.76,15.45,0.0,59.3133
7.9,15.24,12.13,0.0,0.0
12.0,2.52,18.05,0.0,0.0
10.7,3.84,16.58,0.0,0.0
14.2,2.16,19.89,0.0,0.0
8.5,4.8,11.63,0.0,0.0
11.9,3.48,15.63,0.0,0.0
8.1,2.28,10.08,0.0,0.0
8.4,0.84,9.9,0.0,0.0
10.8,1.92,11.75,0.0,0.0
5.9,2.52,6.84,0.0,0.0
6.3,0.0,6.72,0.0,0.0
10.1,0.12,9.68,0.0,0.0
8.2,0.6,7.59,0.0,0.0
5.2,1.08,5.24,0.0,0.0
10.6,1.56,11.18,0.0,0.0
11.6,3.84,18.1,0.0,115.722
10.2,14.76,20.96,0.0,303.906
9.2,25.32,20.71,0.0,379.466
7.1,7.68,16.37,0.0,223.76
7.8,17.28,19.12,0.0,261.089
10.9,6.84,25.46,0.0,278.152
11.2,12.72,24.83,0.0,203.819
10.3,2.76,22.85,0.0,152.616
9.8,5.88,21.79,0.0,117.63
8.9,1.32,21.12,0.0,106.593
10.9,4.2,24.59,0.0,73.4605
19.6,3.96,34.93,0.0,0.0
16.0,1.2,27.7,0.0,0.0
17.7,4.68,28.96,0.0,0.0
12.3,1.92,20.91,0.0,0.0
10.4,1.92,17.81,0.0,0.0
9.3,0.6,16.09,0.0,0.0
8.9,0.12,15.7,0.0,0.0
5.9,0.12,11.41,0.0,0.0
7.7,0.36,13.63,0.0,0.0
5.3,0.24,10.42,0.0,0.0
5.7,0.24,10.93,0.0,0.0
9.1,1.68,15.45,0.0,0.0
12.9,7.8,23.16,0.0,0.0
13.1,16.2,30.04,0.0,116.427
10.0,11.64,24.95,0.0,249.808
7.9,13.08,21.28,0.0,207.027
15.7,14.64,37.47,0.0,342.23400000000004
11.8,0.96,33.68,0.0,442.138
10.3,1.56,32.22,0.0,406.132
10.7,1.32,33.03,0.0,398.106
13.0,1.08,33.23,0.0,123.117
13.0,1.2,32.98,0.0,157.583
10.3,1.8,27.32,0.0,125.889
11.1,0.72,27.63,0.0,27.535
7.3,2.52,19.3,0.0,0.0
14.9,3.84,26.97,0.0,0.0
13.5,6.6,22.86,0.0,0.0
15.4,1.32,24.32,0.0,0.0
13.2,0.24,19.54,0.0,0.0
10.6,2.4,14.83,0.0,0.0
5.9,0.48,7.94,0.0,0.0
4.1,0.0,5.48,0.0,0.0
9.4,0.36,9.19,0.0,0.0
11.0,0.24,10.09,0.0,0.0
8.3,0.72,7.06,0.0,0.0
9.7,0.72,7.22,0.0,0.0
6.9,9.48,5.32,0.0,0.0
10.3,10.32,8.84,0.0,88.8173
8.6,2.04,8.69,0.0,247.58900000000003
7.6,13.08,9.53,0.0,395.805
8.1,5.76,10.98,0.0,503.71
8.6,3.6,13.39,0.0,609.795
7.5,2.76,15.16,0.0,623.784
12.6,5.52,23.7,0.0,595.883
10.3,7.08,22.56,0.0,490.268
10.7,2.76,22.79,0.0,349.425
7.6,2.16,17.06,0.0,115.622
10.1,11.4,19.78,0.0,26.6596
13.5,0.84,23.59,0.0,0.0
11.2,4.92,19.21,0.0,0.0
13.3,2.64,20.42,0.0,0.0
13.4,1.92,19.35,0.0,0.0
9.8,1.08,12.96,0.0,0.0
7.4,0.6,9.0,0.0,0.0
11.3,0.36,11.6,0.0,0.0
8.2,0.0,7.86,0.0,0.0
8.2,0.24,7.23,0.0,0.0
9.5,1.56,7.59,0.0,0.0
6.8,0.72,5.54,0.0,0.0
11.5,3.6,9.47,0.0,0.0
10.4,6.0,10.64,0.0,0.0
12.6,26.64,17.74,0.0,116.622
8.4,8.52,19.0,0.0,312.177
11.6,5.64,27.33,0.0,489.881
10.1,9.36,27.52,0.0,616.548
10.0,10.8,29.06,0.0,677.8330000000001
13.8,0.72,36.69,0.0,708.535
10.9,0.6,36.33,0.0,702.0189999999999
12.8,0.36,42.57,0.0,626.901
5.3,1.08,34.12,0.0,476.194
12.1,2.76,43.51,0.0,312.846
14.6,1.92,42.11,0.0,94.218
12.2,2.04,32.39,0.0,0.0
14.9,1.68,33.28,0.0,0.0
9.9,5.04,24.63,0.0,0.0
10.1,0.72,22.48,0.0,0.0
8.1,1.08,17.8,0.0,0.0
8.8,0.48,17.57,0.0,0.0
9.6,0.0,17.08,0.0,0.0
10.1,0.12,16.12,0.0,0.0
7.5,0.12,11.58,0.0,0.0
9.2,0.12,13.15,0.0,0.0
10.4,0.24,15.0,0.0,0.0
9.8,1.68,14.14,0.0,0.0
14.7,9.0,23.81,0.0,0.0
8.2,17.04,19.63,0.0,117.981
10.1,28.68,23.24,0.0,245.63
9.3,3.96,24.59,0.0,354.608
9.3,6.48,27.08,0.0,422.318
10.9,0.48,31.4,0.0,561.908
9.9,0.72,32.45,0.0,611.0409999999999
10.2,0.12,36.25,0.0,677.763
8.3,1.32,35.87,0.0,569.979
11.7,2.64,38.12,0.0,322.329
9.8,6.6,35.01,0.0,173.15900000000002
10.4,0.48,34.4,0.0,44.5235
10.9,2.28,31.2,0.0,0.0
15.3,3.0,34.87,0.0,0.0
11.4,2.64,28.05,0.0,0.0
13.3,1.68,29.24,0.0,0.0
9.6,1.08,22.64,0.0,0.0
7.2,0.48,18.34,0.0,0.0
7.3,0.24,17.71,0.0,0.0
5.7,0.24,14.1,0.0,0.0
12.1,0.12,22.22,0.0,0.0
4.6,0.24,10.63,0.0,0.0
10.2,0.0,17.26,0.0,0.0
10.3,6.72,15.8,0.0,0.0
11.6,8.76,16.75,0.0,0.0
10.1,9.48,15.96,0.0,118.943
11.7,13.08,20.25,0.0,271.385
19.4,13.2,31.88,0.0,304.647
10.8,15.96,22.88,0.0,390.059
11.0,2.16,25.99,0.0,489.041
10.5,0.84,27.33,0.0,570.586
11.6,9.72,29.04,0.0,445.797
15.6,0.84,34.51,0.0,446.64
9.9,1.56,24.85,0.0,244.382
8.2,0.6,20.76,0.0,20.9712
12.5,0.84,26.03,0.0,2.2922
15.2,0.96,27.7,0.0,0.0
14.0,2.4,24.57,0.0,0.0
10.8,1.68,19.45,0.0,0.0
9.4,2.88,16.85,0.0,0.0
7.1,1.68,13.45,0.0,0.0
6.4,1.08,11.71,0.0,0.0
5.0,0.36,9.18,0.0,0.0
6.9,0.36,8.26,0.0,0.0
10.3,0.48,8.41,0.0,0.0
9.4,0.12,5.55,0.0,0.0
9.6,0.12,4.51,0.0,0.0
10.8,2.28,4.97,0.0,0.0
12.2,2.52,5.12,0.0,0.0
9.1,8.4,2.24,0.0,0.0
6.6,4.8,1.51,0.0,25.8128
8.0,11.28,1.91,0.0,172.83
11.0,17.64,3.71,0.0,264.49
10.5,2.04,4.19,0.0,229.564
9.8,2.28,4.69,0.0,328.202
11.5,5.52,6.17,0.0,372.597
13.1,5.4,7.71,0.0,267.715
10.3,6.36,8.5,0.0,381.86
12.6,16.08,14.1,0.0,340.80400000000003
10.2,1.32,9.95,0.0,104.855
13.5,2.4,9.43,0.0,0.0
11.0,4.68,7.12,0.0,0.0
13.6,1.08,8.44,0.0,0.0
11.8,1.44,5.95,0.0,0.0
9.3,1.32,4.46,0.0,0.0
6.9,0.6,3.51,0.0,0.0
8.2,2.16,3.82,0.0,0.0
6.6,0.72,3.07,0.0,0.0
8.6,0.48,3.89,0.0,0.0
7.2,0.0,3.29,0.0,0.0
13.6,1.68,6.91,0.0,0.0
12.2,0.6,6.22,0.0,0.0
12.8,1.68,6.61,0.0,0.0
7.5,8.52,3.78,0.0,47.7761
8.1,19.68,4.4,0.0,109.356
10.6,24.0,6.36,0.0,186.85
8.2,16.08,6.22,0.0,258.323
11.0,13.32,9.0,0.0,254.463
9.2,6.84,8.11,0.0,266.809
10.9,5.16,8.45,0.0,98.9607
9.4,1.68,6.74,0.0,89.3287
13.4,1.08,9.83,0.0,48.451
9.5,4.8,6.96,0.0,7.52152
21.1,6.12,17.25,0.0,0.0
14.2,2.4,9.03,0.0,0.0
13.8,3.96,7.3,0.0,0.0
14.1,1.68,6.56,0.0,0.0
9.6,0.6,3.36,0.0,0.0
7.5,1.68,2.23,0.0,0.0
9.8,0.72,2.76,0.0,0.0
8.4,0.48,1.99,0.0,0.0
9.4,0.24,2.13,0.0,0.0
8.0,0.24,1.53,0.0,0.0
8.8,0.0,1.46,0.0,0.0
8.9,0.24,1.46,0.0,0.0
10.6,0.72,1.67,0.0,0.0
11.6,2.28,2.79,0.0,0.0
13.0,22.32,5.0,0.0,127.459
8.1,4.08,4.15,0.0,326.313
11.3,13.2,7.38,0.0,551.057
9.2,4.8,6.66,0.0,716.89
8.8,1.68,6.68,0.0,807.2139999999999
11.1,4.44,9.02,0.0,823.196
10.8,1.56,10.28,0.0,782.4830000000001
8.2,0.84,11.18,0.0,704.013
8.4,1.44,14.52,0.0,554.705
8.8,3.12,15.8,0.0,357.721
15.7,3.48,19.94,0.0,121.316
12.2,2.4,11.38,0.0,0.0
8.5,5.88,7.09,0.0,0.0
13.1,2.76,9.99,0.0,0.0
10.1,1.32,6.45,0.0,0.0
10.1,0.96,4.97,0.0,0.0
6.3,0.12,2.41,0.0,0.0
6.4,0.24,1.77,0.0,0.0
6.7,0.12,1.39,0.0,0.0
5.9,0.48,1.12,0.0,0.0
6.9,1.56,1.1,0.0,0.0
7.0,0.48,0.92,0.0,0.0
8.9,0.72,1.11,0.0,0.0
13.4,5.28,1.87,0.0,0.0
11.8,14.88,1.83,0.0,128.398
9.1,11.64,1.82,0.0,230.705
8.8,8.28,3.29,0.0,512.547
9.6,9.24,4.47,0.0,716.0139999999999
13.1,0.72,6.46,0.0,797.584
15.3,11.76,8.29,0.0,813.9939999999999
10.4,2.64,7.49,0.0,773.773
6.7,3.24,7.65,0.0,689.045
8.4,1.2,11.1,0.0,539.025
8.6,0.84,12.52,0.0,342.124
13.0,6.6,13.34,0.0,114.993
11.7,3.12,8.04,0.0,0.0
11.2,1.92,6.54,0.0,0.0
11.5,5.16,5.87,0.0,0.0
7.1,0.6,3.15,0.0,0.0
6.3,2.28,2.22,0.0,0.0
5.4,1.2,1.43,0.0,0.0
6.8,0.12,1.29,0.0,0.0
7.1,0.12,1.25,0.0,0.0
10.0,0.24,1.56,0.0,0.0
10.2,0.12,1.37,0.0,0.0
8.2,0.24,1.04,0.0,0.0
6.3,3.24,0.81,0.0,0.0
11.1,11.04,1.61,0.0,0.0
13.2,22.56,3.85,0.0,134.584
7.7,8.16,2.6,0.0,239.871
11.5,6.12,5.06,0.0,329.663
8.9,3.84,6.4,0.0,584.299
11.4,2.76,9.17,0.0,685.4689999999999
11.1,0.36,11.21,0.0,717.779
15.6,0.84,17.44,0.0,744.954
10.1,0.48,16.53,0.0,684.567
7.7,3.36,17.05,0.0,539.585
9.3,1.68,19.16,0.0,343.481
13.0,2.4,19.7,0.0,111.422
15.1,2.4,16.63,0.0,0.0
14.3,1.2,14.02,0.0,0.0
12.2,3.6,10.96,0.0,0.0
12.6,3.24,10.44,0.0,0.0
6.7,0.36,5.13,0.0,0.0
7.7,1.2,5.12,0.0,0.0
10.1,1.68,6.2,0.0,0.0
9.6,0.6,5.56,0.0,0.0
6.8,0.12,3.67,0.0,0.0
11.2,2.04,5.79,0.0,0.0
9.9,0.36,4.54,0.0,0.0
9.6,1.68,3.96,0.0,0.0
15.8,6.72,10.19,0.0,0.0
10.6,16.8,11.54,0.0,140.754
5.8,28.44,12.17,0.0,351.525
13.8,6.48,20.63,0.0,533.831
13.0,8.28,20.13,0.0,552.873
10.3,1.2,18.8,0.0,547.518
10.9,5.64,22.77,0.0,521.568
11.2,0.96,26.65,0.0,623.905
10.5,0.72,29.85,0.0,678.502
9.4,0.48,30.54,0.0,539.404
10.9,1.92,32.61,0.0,346.69300000000004
12.6,2.76,30.96,0.0,119.153
15.0,1.56,26.67,0.0,0.0
13.1,1.92,21.32,0.0,0.0
9.2,2.16,15.1,0.0,0.0
12.1,1.08,17.44,0.0,0.0
6.5,1.44,9.91,0.0,0.0
8.3,0.96,10.9,0.0,0.0
6.9,0.48,8.34,0.0,0.0
12.6,0.48,12.76,0.0,0.0
8.9,0.24,8.47,0.0,0.0
6.3,1.68,6.05,0.0,0.0
11.2,0.48,9.61,0.0,0.0
13.1,8.88,10.6,0.0,0.0
9.8,6.0,10.46,0.0,0.0
10.0,12.48,16.11,0.0,141.132
8.6,11.04,19.26,0.0,347.93699999999995
12.1,12.48,27.28,0.0,521.437
11.1,11.28,26.75,0.0,602.2280000000001
7.8,4.2,24.42,0.0,665.263
13.1,0.72,33.58,0.0,729.87
10.9,1.32,33.78,0.0,643.886
9.8,0.72,36.1,0.0,603.855
9.4,1.2,37.42,0.0,469.255
11.6,3.48,40.09,0.0,287.153
12.1,1.08,37.12,0.0,88.5816
12.5,3.24,31.78,0.0,0.0
15.6,2.04,33.27,0.0,0.0
11.3,3.48,25.82,0.0,0.0
9.4,2.28,21.16,0.0,0.0
6.5,3.24,15.71,0.0,0.0
6.9,0.36,14.7,0.0,0.0
5.2,1.2,11.33,0.0,0.0
5.6,0.48,10.21,0.0,0.0
9.8,0.24,13.98,0.0,0.0
8.4,0.24,10.91,0.0,0.0
6.5,0.12,8.29,0.0,0.0
11.9,2.04,13.36,0.0,0.0
8.3,4.56,10.85,0.0,0.0
8.1,7.92,10.25,0.0,75.3849
6.5,7.68,9.27,0.0,145.90200000000002
9.7,20.4,17.46,0.0,266.018
9.8,11.64,24.01,0.0,496.346
11.0,4.44,28.97,0.0,713.8960000000001
15.3,2.76,38.24,0.0,715.153
7.0,1.56,29.87,0.0,644.313
11.3,6.36,40.66,0.0,574.942
11.2,6.12,42.31,0.0,483.266
10.9,15.36,41.55,0.0,297.469
11.6,2.16,38.37,0.0,101.238
9.8,4.56,29.64,0.0,0.0
12.2,2.52,30.59,0.0,0.0
12.4,4.2,29.18,0.0,0.0
8.5,0.96,21.72,0.0,0.0
9.5,1.2,20.91,0.0,0.0
8.1,0.84,16.65,0.0,0.0
4.7,3.24,10.62,0.0,0.0
6.5,0.6,11.06,0.0,0.0
8.7,0.12,11.92,0.0,0.0
5.4,0.36,7.54,0.0,0.0
11.2,0.36,12.13,0.0,0.0
8.6,1.8,8.23,0.0,0.0
12.3,0.72,13.51,0.0,0.0
9.3,7.44,10.76,0.0,100.949
6.5,14.16,11.06,0.0,228.774
8.5,9.96,19.45,0.0,443.436
11.9,15.48,28.36,0.0,543.1569999999999
10.2,8.04,28.09,0.0,608.97
10.1,8.28,30.64,0.0,756.591
11.8,9.84,36.55,0.0,743.0310000000001
13.2,0.96,42.54,0.0,648.374
9.8,2.04,40.41,0.0,526.815
9.8,6.48,40.7,0.0,339.865
14.5,5.28,42.7,0.0,120.95
15.2,3.72,35.69,0.0,0.0
13.7,2.4,30.63,0.0,0.0
14.0,4.92,28.96,0.0,0.0
7.2,1.2,17.88,0.0,0.0
14.5,0.6,25.93,0.0,0.0
6.2,0.72,12.98,0.0,0.0
6.0,0.24,11.25,0.0,0.0
8.6,0.6,12.57,0.0,0.0
8.1,0.0,10.83,0.0,0.0
7.3,0.48,9.67,0.0,0.0
8.3,0.48,10.58,0.0,0.0
11.9,2.28,15.09,0.0,0.0
9.9,5.16,15.95,0.0,0.0
14.8,14.52,29.61,0.0,149.38
9.7,6.72,25.2,0.0,336.80800000000005
13.1,15.6,33.64,0.0,482.467
9.8,2.04,31.42,0.0,638.575
11.9,3.24,35.49,0.0,753.698
10.5,4.32,35.39,0.0,761.9860000000001
12.2,3.0,40.64,0.0,718.92
9.6,0.24,40.88,0.0,632.586
11.4,0.72,44.97,0.0,520.403
12.1,1.44,46.08,0.0,334.19800000000004
12.5,1.32,42.46,0.0,119.916
11.7,4.2,33.76,0.0,0.0
13.7,3.0,33.74,0.0,0.0
12.0,3.24,28.98,0.0,0.0
10.7,1.08,24.6,0.0,0.0
7.9,1.56,18.7,0.0,0.0
9.3,0.24,18.7,0.0,0.0
7.6,0.48,14.3,0.0,0.0
6.6,0.12,11.43,0.0,0.0
9.6,0.36,14.69,0.0,0.0
12.5,0.48,18.23,0.0,0.0
8.4,1.32,11.79,0.0,0.0
7.7,2.64,10.72,0.0,0.0
11.7,10.2,20.84,0.0,0.0
11.3,9.12,24.45,0.0,152.504
6.9,7.92,18.87,0.0,309.16900000000004
8.1,14.04,21.54,0.0,392.393
9.0,7.44,24.99,0.0,679.02
10.0,1.8,27.63,0.0,750.238
11.5,4.92,32.01,0.0,765.811
10.6,3.6,34.51,0.0,720.5160000000001
12.1,3.0,40.58,0.0,636.716
11.1,2.52,41.2,0.0,478.894
8.9,3.6,38.61,0.0,315.772
14.5,1.08,42.37,0.0,110.443
9.1,0.84,28.68,0.0,0.0
11.3,2.88,29.06,0.0,0.0
11.5,7.08,27.86,0.0,0.0
9.7,1.08,23.27,0.0,0.0
5.3,0.36,15.03,0.0,0.0
7.6,0.96,15.24,0.0,0.0
7.4,0.72,13.41,0.0,0.0
7.3,0.0,12.3,0.0,0.0
6.7,0.48,10.72,0.0,0.0
9.7,0.24,13.3,0.0,0.0
10.8,0.6,12.35,0.0,0.0
8.9,0.48,9.98,0.0,0.0
7.1,12.0,12.71,0.0,0.0
10.8,27.84,22.3,0.0,151.601
7.7,10.56,22.05,0.0,352.469
14.1,5.04,34.38,0.0,526.075
10.5,12.72,30.59,0.0,653.89
12.0,3.84,33.57,0.0,728.712
10.4,0.84,32.83,0.0,750.1519999999999
13.6,0.96,40.23,0.0,707.824
16.1,1.08,46.56,0.0,624.659
7.1,4.08,37.11,0.0,489.682
8.8,5.4,39.57,0.0,307.323
10.1,4.44,37.71,0.0,101.089
10.6,5.04,31.76,0.0,0.0
12.6,0.96,31.85,0.0,0.0
15.3,3.96,34.3,0.0,0.0
8.9,3.72,23.49,0.0,0.0
7.1,0.24,19.41,0.0,0.0
10.5,0.48,22.98,0.0,0.0
6.7,0.72,15.93,0.0,0.0
6.4,0.12,13.97,0.0,0.0
10.0,0.0,18.08,0.0,0.0
11.0,0.12,18.45,0.0,0.0
9.6,0.24,15.66,0.0,0.0
7.0,2.4,11.8,0.0,0.0
13.2,11.52,24.8,0.0,0.0
8.9,10.08,21.84,0.0,149.37
8.7,24.36,22.42,0.0,257.677
7.6,0.48,22.72,0.0,300.954
9.7,8.4,28.55,0.0,368.967
11.0,0.96,32.46,0.0,519.456
13.4,12.0,37.33,0.0,614.285
13.2,0.36,37.57,0.0,397.19
10.9,0.84,36.67,0.0,482.927
11.3,0.36,36.32,0.0,327.849
11.6,1.92,37.62,0.0,271.884
13.0,3.0,36.46,0.0,85.4543
12.2,1.32,30.35,0.0,0.0
11.5,0.72,27.76,0.0,0.0
14.5,2.4,31.07,0.0,0.0
10.8,0.96,24.32,0.0,0.0
12.4,0.72,25.99,0.0,0.0
9.9,0.72,21.16,0.0,0.0
6.0,0.48,15.1,0.0,0.0
5.7,0.48,14.67,0.0,0.0
7.2,0.36,16.18,0.0,0.0
6.3,1.8,14.13,0.0,0.0
11.1,0.24,21.07,0.0,0.0
12.5,6.48,22.19,0.0,0.0
12.3,9.84,26.27,0.0,0.0
13.2,2.52,31.92,0.0,156.91299999999998
10.0,9.24,26.23,0.0,231.197
9.6,12.0,26.94,0.0,229.153
11.9,15.24,33.35,0.0,632.672
7.6,2.28,27.44,0.0,517.941
12.3,1.92,23.56,0.0,101.255
11.8,2.04,17.91,0.0,123.723
10.3,1.2,16.97,0.0,167.72099999999998
9.2,1.8,17.48,0.0,245.444
12.2,1.44,23.03,0.0,185.73
13.5,0.96,24.09,0.0,90.2645
12.5,1.56,18.19,0.0,0.0
12.4,2.64,17.31,0.0,0.0
12.8,1.32,18.15,0.0,0.0
13.0,1.08,18.19,0.0,0.0
5.1,0.72,8.19,0.0,0.0
5.4,0.84,8.04,0.0,0.0
5.5,0.48,8.2,0.0,0.0
5.9,0.0,8.83,0.0,0.0
4.8,0.24,8.0,0.0,0.0
9.4,0.12,12.34,0.0,0.0
7.0,0.36,9.41,0.0,0.0
12.1,3.84,15.45,0.0,0.0
11.5,10.44,20.26,0.0,0.0
13.4,10.68,29.54,0.0,157.836
14.6,2.04,35.12,0.0,355.406
4.9,5.88,21.91,0.0,485.595
8.7,11.16,29.06,0.0,480.8
12.3,3.72,36.68,0.0,585.111
11.8,6.84,37.78,0.0,740.721
10.9,10.08,39.49,0.0,715.6489999999999
10.1,1.68,41.9,0.0,635.889
10.3,2.4,43.77,0.0,499.141
10.8,7.32,43.78,0.0,313.652
11.0,1.56,40.08,0.0,104.472
15.6,1.08,39.31,0.0,0.0
10.9,1.2,29.96,0.0,0.0
12.3,5.04,30.44,0.0,0.0
10.1,2.28,25.2,0.0,0.0
6.1,1.2,18.0,0.0,0.0
7.1,0.6,18.75,0.0,0.0
7.6,0.6,19.2,0.0,0.0
6.2,0.84,16.7,0.0,0.0
5.4,0.12,14.67,0.0,0.0
6.3,0.12,15.07,0.0,0.0
7.9,0.0,16.86,0.0,0.0
8.5,0.72,17.15,0.0,0.0
9.8,0.12,23.32,0.0,38.9343
8.5,2.76,27.23,0.0,156.441
7.1,12.6,29.61,0.0,358.511
10.6,16.56,37.3,0.0,539.6669999999999
10.0,6.24,36.54,0.0,635.5409999999999
10.6,12.36,37.3,0.0,522.243
13.1,7.32,41.95,0.0,746.068
12.0,6.36,43.18,0.0,728.977
8.1,6.6,39.91,0.0,643.529
9.4,2.04,42.66,0.0,507.915
12.3,4.68,45.88,0.0,320.454
13.4,3.6,42.97,0.0,106.262
15.2,3.48,38.65,0.0,0.0
16.7,3.0,38.34,0.0,0.0
15.9,6.24,35.6,0.0,0.0
9.2,1.44,24.32,0.0,0.0
6.6,3.12,19.7,0.0,0.0
10.9,0.72,25.3,0.0,0.0
6.0,0.48,16.64,0.0,0.0
9.9,0.48,21.51,0.0,0.0
5.5,0.12,13.59,0.0,0.0
6.9,2.16,14.89,0.0,0.0
8.1,1.32,15.86,0.0,0.0
10.3,2.64,18.8,0.0,0.0
11.6,7.32,26.94,0.0,36.6343
14.7,14.16,36.29,0.0,158.22299999999998
11.3,8.04,32.07,0.0,320.003
8.9,10.2,31.89,0.0,517.0219999999999
9.4,0.6,34.13,0.0,603.42
10.2,1.68,35.96,0.0,671.738
12.5,4.68,40.75,0.0,681.135
10.8,1.44,40.63,0.0,647.481
11.1,1.44,43.6,0.0,634.062
9.8,0.96,42.4,0.0,461.084
10.6,2.52,42.78,0.0,280.092
11.9,3.48,41.12,0.0,110.923
12.8,3.0,35.76,0.0,0.0
14.3,2.64,35.3,0.0,0.0
22.0,4.32,43.81,0.0,0.0
12.3,1.56,28.22,0.0,0.0
9.0,0.96,22.4,0.0,0.0
5.2,0.48,16.22,0.0,0.0
4.7,0.48,14.61,0.0,0.0
5.6,0.12,14.63,0.0,0.0
4.4,0.36,11.98,0.0,0.0
10.0,2.76,19.48,0.0,0.0
10.2,0.6,18.34,0.0,0.0
12.5,3.0,21.71,0.0,0.0
9.3,11.4,22.19,0.0,38.9607
10.2,9.84,28.31,0.0,165.207
11.5,13.8,32.13,0.0,305.969
12.1,12.48,36.57,0.0,539.063
8.7,3.72,32.3,0.0,667.02
9.6,4.92,34.58,0.0,733.954
10.3,0.96,36.87,0.0,765.138
12.8,0.6,43.24,0.0,728.054
6.8,5.4,38.2,0.0,630.828
9.0,2.64,41.8,0.0,446.36
10.5,1.56,43.38,0.0,295.115
12.3,3.0,42.57,0.0,100.607
10.2,2.52,33.79,0.0,0.0
12.5,2.4,34.75,0.0,0.0
12.2,5.16,33.31,0.0,0.0
9.7,1.56,27.92,0.0,0.0
7.6,1.56,23.39,0.0,0.0
8.6,0.36,24.58,0.0,0.0
10.1,0.72,26.07,0.0,0.0
10.7,0.12,25.99,0.0,0.0
7.8,2.28,20.2,0.0,0.0
9.7,0.12,22.34,0.0,0.0
10.5,0.84,22.8,0.0,0.0
8.8,5.76,20.14,0.0,0.0
11.1,5.64,22.73,0.0,0.0
10.8,22.2,18.54,0.0,7.154260000000001
10.5,19.2,13.87,0.0,29.9402
10.7,2.52,12.04,0.0,46.4536
12.2,8.04,13.89,0.0,79.4499
10.6,2.88,11.57,0.0,98.7149
8.9,3.36,10.35,0.0,192.515
11.3,0.36,16.08,0.0,319.584
9.4,0.48,14.25,0.0,186.957
8.0,0.48,16.53,0.0,294.574
10.9,0.6,25.04,0.0,280.473
12.9,1.56,27.12,0.0,118.817
12.4,2.88,19.91,0.0,0.608875
13.4,1.44,19.57,0.0,0.0
13.4,4.2,18.82,0.0,0.0
12.8,0.72,16.74,0.0,0.0
10.9,1.32,13.62,0.0,0.0
10.0,0.48,11.28,0.0,0.0
5.9,3.12,6.6,0.0,0.0
8.2,0.0,7.97,0.0,0.0
10.6,0.72,9.45,0.0,0.0
14.2,0.48,11.18,0.0,0.0
7.3,0.48,4.61,0.0,0.0
9.8,0.96,5.83,0.0,0.0
11.0,7.08,11.98,0.0,37.8692
8.1,15.12,15.85,0.0,169.687
9.8,21.6,20.65,0.0,378.374
14.9,2.88,28.29,0.0,551.055
11.2,0.36,24.08,0.0,661.77
8.7,1.44,21.69,0.0,721.107
14.3,7.92,30.97,0.0,752.928
14.7,0.96,34.54,0.0,707.578
13.0,2.4,36.52,0.0,632.701
10.3,1.2,36.73,0.0,516.293
7.9,0.36,35.44,0.0,337.283
9.0,0.36,33.98,0.0,127.297
12.7,3.0,31.5,0.0,0.500989
9.6,3.48,25.32,0.0,0.0
15.6,4.2,31.22,0.0,0.0
13.2,1.68,25.58,0.0,0.0
7.4,1.32,15.8,0.0,0.0
5.9,0.36,12.15,0.0,0.0
7.7,0.24,12.19,0.0,0.0
6.1,0.24,8.44,0.0,0.0
4.4,0.0,6.41,0.0,0.0
8.7,0.24,9.08,0.0,0.0
6.7,3.0,6.31,0.0,0.0
8.0,14.28,7.59,0.0,0.0
9.3,13.08,14.63,0.0,38.5806
11.2,9.72,23.05,0.0,172.58700000000002
8.3,4.2,23.0,0.0,377.955
12.3,8.4,30.71,0.0,555.399
9.6,2.64,27.64,0.0,691.3989999999999
10.0,4.92,29.73,0.0,752.443
13.3,3.0,36.27,0.0,774.951
12.2,1.44,37.14,0.0,697.3539999999999
9.3,6.36,36.65,0.0,686.154
9.3,4.32,38.48,0.0,548.948
14.3,3.84,44.34,0.0,354.49300000000005
12.4,1.2,37.87,0.0,131.738
12.3,3.24,29.86,0.0,1.27684
9.2,2.16,23.52,0.0,0.0
11.8,5.04,25.06,0.0,0.0
14.9,2.04,27.42,0.0,0.0
7.7,3.12,16.75,0.0,0.0
7.9,1.2,16.53,0.0,0.0
7.0,8.28,14.13,0.0,0.0
6.8,3.36,12.97,0.0,0.0
5.5,0.0,11.03,0.0,0.0
6.6,0.36,12.42,0.0,0.0
11.8,3.0,20.59,0.0,0.0
11.0,2.52,20.2,0.0,0.0
9.6,11.4,20.74,0.0,48.0408
11.2,3.12,22.76,0.0,78.1346
7.5,20.4,19.6,0.0,187.674
9.5,4.56,28.41,0.0,347.858
7.9,2.52,27.91,0.0,343.45
9.4,5.52,31.81,0.0,297.476
12.0,6.96,35.88,0.0,195.937
10.2,5.64,34.41,0.0,223.358
8.9,32.4,35.59,0.0,349.275
8.9,1.2,36.84,0.0,305.41900000000004
13.0,5.16,44.75,0.0,232.967
14.9,6.36,44.76,0.0,68.2241
13.2,1.2,38.36,0.0,0.0
10.5,1.8,33.11,0.0,0.0
9.5,0.6,31.41,0.0,0.0
15.7,2.04,40.55,0.0,0.0
9.4,2.16,28.75,0.0,0.0
5.0,0.72,20.54,0.0,0.0
4.6,0.24,19.96,0.0,0.0
8.7,0.12,26.74,0.0,0.0
6.1,0.12,21.32,0.0,0.0
5.9,0.0,14.99,0.0,0.0
8.2,0.12,13.98,0.0,0.0
7.3,0.36,11.75,0.0,0.0
8.7,0.96,14.13,0.0,13.5145
10.5,9.96,17.66,0.0,95.5926
9.3,11.76,20.86,0.0,279.647
6.3,7.08,21.26,0.0,460.421
8.7,11.88,26.69,0.0,649.2959999999999
10.3,3.0,30.76,0.0,745.921
11.6,0.96,34.57,0.0,765.905
12.2,3.0,38.38,0.0,728.429
7.2,4.32,35.32,0.0,669.512
10.5,0.84,41.45,0.0,530.7819999999999
10.7,4.08,41.69,0.0,346.88199999999995
11.3,2.04,38.74,0.0,130.881
11.3,1.2,30.46,0.0,2.07891
13.3,4.68,29.29,0.0,0.0
16.1,4.68,30.71,0.0,0.0
9.7,1.08,19.82,0.0,0.0
9.5,0.6,17.5,0.0,0.0
5.1,4.56,9.9,0.0,0.0
7.5,0.24,11.38,0.0,0.0
5.8,0.12,8.56,0.0,0.0
6.7,0.12,8.52,0.0,0.0
6.6,0.12,7.59,0.0,0.0
5.4,0.12,5.52,0.0,0.0
6.0,1.8,6.07,0.0,0.0
8.1,11.28,13.95,0.0,43.9412
12.8,6.96,25.97,0.0,180.698
7.1,12.84,22.7,0.0,374.479
13.5,9.0,33.51,0.0,560.743
8.0,1.32,26.57,0.0,673.7280000000001
8.3,5.04,28.14,0.0,733.9739999999999
10.6,6.0,32.89,0.0,759.283
13.2,2.64,39.24,0.0,745.8839999999999
11.3,6.36,41.07,0.0,658.268
7.8,2.4,37.06,0.0,461.038
8.7,1.32,36.44,0.0,250.956
16.0,4.8,42.8,0.0,80.7905
11.9,2.88,33.97,0.0,0.0
14.8,3.12,37.31,0.0,0.0
9.0,2.04,29.45,0.0,0.0
12.7,1.68,34.56,0.0,0.0
9.4,1.44,28.87,0.0,0.0
9.8,1.08,29.96,0.0,0.0
5.1,5.04,21.83,0.0,0.0
6.6,0.0,24.25,0.0,0.0
8.0,0.0,26.08,0.0,0.0
7.5,0.36,23.76,0.0,0.0
9.4,6.72,26.5,0.0,0.0
8.6,0.96,25.22,0.0,0.0
9.7,8.28,31.52,0.0,31.3334
9.5,4.92,35.15,0.0,176.878
8.2,16.8,33.72,0.0,300.316
8.0,11.16,32.72,0.0,288.956
8.9,5.52,36.21,0.0,396.285
11.1,0.24,42.86,0.0,635.881
9.9,1.2,42.71,0.0,617.6990000000001
9.1,5.88,43.39,0.0,649.043
10.8,3.72,47.75,0.0,658.1139999999999
11.4,0.36,46.09,0.0,527.577
7.6,1.92,38.21,0.0,348.158
11.9,6.96,36.87,0.0,132.955
11.8,2.04,28.12,0.0,2.1063400000000003
11.2,1.68,23.65,0.0,0.0
11.7,4.32,21.06,0.0,0.0
7.6,1.56,13.46,0.0,0.0
5.7,0.72,9.6,0.0,0.0
4.9,3.12,7.41,0.0,0.0
6.5,1.56,7.07,0.0,0.0
7.7,0.0,6.29,0.0,0.0
5.6,0.24,3.66,0.0,0.0
7.0,1.8,3.68,0.0,0.0
7.1,2.28,3.27,0.0,0.0
10.2,9.84,4.67,0.0,0.0
11.4,22.08,9.86,0.0,36.7005
10.3,19.56,13.47,0.0,191.856
10.8,7.92,15.28,0.0,415.985
8.0,20.88,13.53,0.0,594.153
8.6,3.48,12.98,0.0,735.2769999999999
13.1,4.08,17.59,0.0,811.753
11.8,0.48,18.74,0.0,819.7489999999999
9.4,9.36,19.29,0.0,779.4789999999999
8.1,2.76,21.53,0.0,702.669
8.6,0.36,24.57,0.0,559.857
10.8,0.72,27.96,0.0,363.531
12.4,1.44,26.92,0.0,138.87
14.8,3.6,23.01,0.0,3.01148
8.5,3.84,14.18,0.0,0.0
11.2,2.76,15.51,0.0,0.0
8.1,1.44,10.69,0.0,0.0
6.1,0.6,6.66,0.0,0.0
10.0,0.12,6.93,0.0,0.0
8.1,0.12,4.68,0.0,0.0
10.4,0.24,5.45,0.0,0.0
4.9,0.0,2.05,0.0,0.0
6.1,0.84,2.14,0.0,0.0
7.5,4.08,2.23,0.0,0.0
11.8,8.64,4.2,0.0,0.0
10.8,17.28,8.07,0.0,38.3375
11.5,13.08,13.21,0.0,193.092
10.4,10.92,14.74,0.0,413.481
11.6,10.68,15.73,0.0,589.993
10.3,9.96,13.95,0.0,701.328
10.8,2.88,15.46,0.0,769.653
13.8,0.84,21.01,0.0,805.71
11.5,4.2,21.82,0.0,780.83
11.7,2.88,26.57,0.0,688.137
7.9,0.48,25.85,0.0,556.7330000000001
11.6,0.6,31.63,0.0,362.351
8.8,2.4,26.43,0.0,140.781
9.9,2.64,20.49,0.0,2.98189
12.0,1.44,20.58,0.0,0.0
14.6,0.96,21.6,0.0,0.0
10.6,2.16,15.4,0.0,0.0
7.3,0.96,9.35,0.0,0.0
7.4,0.6,6.85,0.0,0.0
8.5,2.52,6.18,0.0,0.0
8.4,1.08,5.21,0.0,0.0
5.6,0.12,3.29,0.0,0.0
8.0,2.76,3.71,0.0,0.0
8.2,2.76,3.38,0.0,0.0
10.8,18.96,4.74,0.0,0.0
7.2,13.08,6.83,0.0,38.8804
10.9,7.2,13.15,0.0,191.579
10.2,2.04,14.71,0.0,399.546
11.6,2.76,16.72,0.0,562.575
10.6,1.8,16.61,0.0,670.8760000000001
9.6,1.32,17.48,0.0,757.6260000000001
9.9,4.56,20.38,0.0,768.4839999999999
12.8,7.56,26.85,0.0,738.424
13.8,16.08,31.88,0.0,657.209
9.0,0.84,29.86,0.0,525.0930000000001
15.4,1.44,37.83,0.0,345.326
13.5,1.56,32.85,0.0,132.295
10.6,3.36,23.06,0.0,2.88622
11.7,3.12,21.69,0.0,0.0
13.6,5.4,21.78,0.0,0.0
13.2,4.56,18.87,0.0,0.0
5.7,1.68,8.93,0.0,0.0
6.3,0.6,7.97,0.0,0.0
7.5,2.04,7.9,0.0,0.0
5.9,2.16,5.7,0.0,0.0
7.9,0.6,5.64,0.0,0.0
6.7,0.12,4.13,0.0,0.0
8.4,0.12,4.42,0.0,0.0
8.2,6.36,4.14,0.0,0.0
7.3,7.08,8.16,0.0,40.6099
10.9,6.0,15.54,0.0,192.646
7.9,17.76,15.64,0.0,403.24
10.4,3.48,18.58,0.0,576.645
7.5,3.96,16.01,0.0,703.3919999999999
10.3,5.52,20.74,0.0,776.618
11.3,4.32,24.85,0.0,796.4010000000001
12.6,12.72,29.67,0.0,771.5239999999999
8.2,8.76,27.58,0.0,683.817
7.7,3.96,29.39,0.0,541.5509999999999
14.2,0.96,38.28,0.0,351.032
13.0,0.6,34.17,0.0,133.374
11.0,6.6,24.46,0.0,2.88547
13.9,3.0,25.21,0.0,0.0
14.0,1.56,23.45,0.0,0.0
11.0,2.4,17.74,0.0,0.0
8.8,1.08,13.39,0.0,0.0
4.9,0.48,8.1,0.0,0.0
7.9,0.24,9.75,0.0,0.0
8.1,0.24,8.34,0.0,0.0
4.4,0.0,4.92,0.0,0.0
6.3,0.12,6.04,0.0,0.0
8.6,2.88,8.05,0.0,0.0
10.8,5.88,10.68,0.0,0.0
10.0,4.8,12.67,0.0,32.2644
10.5,10.92,12.89,0.0,112.093
10.1,13.32,18.62,0.0,315.267
8.2,4.68,21.0,0.0,508.549
9.4,3.36,24.74,0.0,660.885
13.1,4.8,30.85,0.0,532.561
11.6,1.2,30.83,0.0,548.132
9.6,6.12,30.63,0.0,503.512
13.4,3.36,37.64,0.0,501.61300000000006
9.3,0.6,32.96,0.0,352.407
10.3,2.76,36.36,0.0,262.99
12.8,7.68,38.73,0.0,126.309
13.3,4.08,31.76,0.0,3.13276
11.2,2.52,25.91,0.0,0.0
9.9,2.04,22.68,0.0,0.0
11.2,0.72,23.07,0.0,0.0
9.0,0.84,18.11,0.0,0.0
6.9,0.24,14.48,0.0,0.0
9.2,0.6,16.73,0.0,0.0
6.2,0.36,11.57,0.0,0.0
5.6,0.12,10.52,0.0,0.0
6.9,0.48,11.2,0.0,0.0
7.8,0.0,11.53,0.0,0.0
8.9,2.04,13.46,0.0,0.0
13.8,14.16,27.0,0.0,46.0996
11.7,9.84,28.1,0.0,185.986
9.1,10.32,27.09,0.0,394.421
14.2,13.56,35.62,0.0,562.711
11.4,4.44,32.02,0.0,609.993
10.2,0.6,30.97,0.0,632.63
9.5,1.08,31.35,0.0,663.385
10.8,10.56,35.27,0.0,620.996
9.7,1.32,35.83,0.0,588.202
8.7,0.6,35.92,0.0,477.08
12.8,2.76,41.36,0.0,287.65
11.2,2.04,36.59,0.0,109.319
9.9,5.52,29.11,0.0,3.0036400000000003
11.9,10.32,29.06,0.0,0.0
10.6,3.48,25.7,0.0,0.0
13.7,1.2,28.5,0.0,0.0
6.9,1.68,17.98,0.0,0.0
6.8,1.56,16.85,0.0,0.0
8.0,1.56,16.59,0.0,0.0
6.9,0.48,13.41,0.0,0.0
7.6,0.0,12.75,0.0,0.0
7.6,2.4,12.55,0.0,0.0
13.6,0.6,21.72,0.0,0.0
8.4,4.08,14.33,0.0,0.0
13.2,8.4,28.23,0.0,43.13
14.1,6.6,34.07,0.0,190.424
8.8,10.44,26.17,0.0,312.96
10.0,14.28,30.01,0.0,427.807
7.8,1.92,27.14,0.0,648.32
9.5,1.08,29.26,0.0,633.341
11.1,0.84,33.48,0.0,718.993
7.9,1.68,32.39,0.0,629.317
8.6,4.56,35.56,0.0,589.9730000000001
8.4,1.44,37.04,0.0,500.346
7.8,1.68,35.86,0.0,304.344
13.2,2.04,39.51,0.0,122.949
14.1,1.2,33.77,0.0,3.44818
9.0,1.32,24.25,0.0,0.0
9.9,4.2,22.58,0.0,0.0
9.3,1.2,18.62,0.0,0.0
7.3,0.96,14.05,0.0,0.0
6.9,0.36,11.88,0.0,0.0
7.2,0.0,10.71,0.0,0.0
6.0,0.24,8.47,0.0,0.0
6.5,0.12,7.98,0.0,0.0
4.8,0.0,5.83,0.0,0.0
5.9,2.16,6.35,0.0,0.0
11.0,7.2,11.11,0.0,0.0
14.1,16.92,21.36,0.0,44.6492
13.2,13.8,27.45,0.0,187.486
12.5,15.24,29.97,0.0,382.337
11.3,18.72,29.63,0.0,544.906
15.5,2.76,34.53,0.0,654.726
13.0,3.0,31.5,0.0,727.84
10.4,0.36,30.12,0.0,738.8510000000001
15.0,3.36,39.68,0.0,702.9639999999999
8.6,3.48,35.38,0.0,565.849
8.9,1.08,36.85,0.0,437.894
12.9,2.76,40.76,0.0,235.444
9.3,4.8,35.48,0.0,119.482
14.5,1.68,35.26,0.0,3.79783
12.2,3.0,29.3,0.0,0.0
10.5,2.88,25.79,0.0,0.0
9.3,1.44,22.21,0.0,0.0
6.7,0.36,17.77,0.0,0.0
5.2,0.12,14.84,0.0,0.0
4.4,0.6,11.6,0.0,0.0
6.6,1.8,12.32,0.0,0.0
9.8,0.12,14.56,0.0,0.0
10.9,0.0,14.75,0.0,0.0
8.5,0.96,10.91,0.0,0.0
11.6,6.96,16.66,0.0,0.0
11.7,16.68,23.76,0.0,47.683
8.9,11.52,24.26,0.0,186.424
10.6,13.2,28.18,0.0,362.859
14.9,12.12,35.72,0.0,491.1
14.0,5.64,35.24,0.0,606.315
9.9,1.2,30.73,0.0,646.077
8.5,3.12,31.11,0.0,613.802
10.6,0.72,35.19,0.0,570.625
9.8,9.12,34.75,0.0,484.034
11.6,2.28,37.99,0.0,380.818
10.6,2.4,35.69,0.0,209.85
15.3,5.16,38.51,0.0,70.7169
14.4,2.4,32.9,0.0,0.5743510000000001
11.4,2.76,26.6,0.0,0.0
11.6,4.8,25.07,0.0,0.0
9.1,3.0,19.77,0.0,0.0
9.5,0.48,18.88,0.0,0.0
5.0,0.24,11.84,0.0,0.0
8.4,2.28,15.63,0.0,0.0
5.4,0.12,11.16,0.0,0.0
5.5,0.24,10.39,0.0,0.0
9.0,1.92,13.76,0.0,0.0
6.6,3.6,10.16,0.0,0.0
11.2,8.28,17.53,0.0,0.0
11.1,9.84,24.41,0.0,48.6522
8.6,9.48,24.74,0.0,192.814
9.8,15.24,26.57,0.0,310.908
8.9,12.12,26.58,0.0,361.398
10.1,11.76,29.17,0.0,443.799
9.1,4.08,28.99,0.0,425.182
9.2,4.44,31.17,0.0,470.356
10.7,3.72,35.2,0.0,525.183
9.1,11.16,34.57,0.0,436.142
7.7,2.04,35.8,0.0,487.729
12.2,2.4,41.48,0.0,304.029
9.6,3.6,35.78,0.0,119.625
13.8,1.56,35.78,0.0,3.72436
14.1,2.52,33.14,0.0,0.0
11.1,3.48,27.65,0.0,0.0
11.7,1.44,27.33,0.0,0.0
7.2,0.72,19.58,0.0,0.0
6.5,0.36,17.96,0.0,0.0
8.1,0.48,19.16,0.0,0.0
6.7,2.04,15.88,0.0,0.0
7.0,2.88,15.42,0.0,0.0
4.5,0.0,11.15,0.0,0.0
8.2,0.72,16.08,0.0,0.0
14.1,7.8,25.97,0.0,0.0
11.2,12.96,23.56,0.0,48.6365
8.1,7.56,20.1,0.0,147.78
8.1,25.08,23.52,0.0,277.702
11.9,4.44,33.56,0.0,435.364
10.3,9.24,32.31,0.0,470.943
10.2,2.88,33.48,0.0,514.155
11.2,1.8,31.75,0.0,372.515
7.4,5.04,26.25,0.0,375.164
10.3,20.04,27.69,0.0,84.7777
6.6,6.6,21.81,0.0,78.4483
14.9,8.4,35.55,0.0,89.3252
10.5,9.12,29.08,0.0,44.0678
11.2,11.52,28.08,0.0,0.0
10.1,3.84,24.47,0.0,0.0
16.4,1.08,33.15,0.0,0.0
7.8,1.32,18.33,0.0,0.0
7.4,1.32,17.21,0.0,0.0
7.0,0.84,15.93,0.0,0.0
6.2,0.36,13.68,0.0,0.0
9.1,1.68,17.27,0.0,0.0
6.0,0.12,11.88,0.0,0.0
7.9,0.12,14.09,0.0,0.0
10.5,0.6,16.95,0.0,0.0
6.6,0.84,12.52,0.0,0.0
12.7,1.8,29.09,0.0,51.069
9.7,12.72,27.71,0.0,190.922
8.6,9.84,28.09,0.0,343.00300000000004
9.8,4.32,30.47,0.0,463.289
14.3,14.52,32.18,0.0,205.686
11.0,6.48,22.52,0.0,97.5006
11.3,2.88,23.02,0.0,137.132
12.5,6.48,24.47,0.0,98.5589
8.9,0.6,20.06,0.0,86.0199
6.2,5.04,22.89,0.0,340.103
10.4,1.32,32.78,0.0,281.607
12.0,8.4,32.87,0.0,99.9329
15.2,2.64,32.91,0.0,2.93535
14.6,2.04,29.88,0.0,0.0
12.2,3.12,25.59,0.0,0.0
7.4,1.92,17.27,0.0,0.0
6.0,1.08,14.42,0.0,0.0
6.2,2.76,13.15,0.0,0.0
5.4,0.24,10.57,0.0,0.0
6.5,0.0,10.5,0.0,0.0
8.1,0.0,11.3,0.0,0.0
7.6,0.12,10.35,0.0,0.0
8.4,0.48,10.72,0.0,0.0
7.4,4.68,9.97,0.0,0.0
13.3,9.96,22.32,0.0,50.8346
7.9,11.28,19.74,0.0,183.229
9.0,12.24,25.94,0.0,359.53
11.7,12.96,32.04,0.0,483.092
14.9,0.36,37.65,0.0,662.7330000000001
12.6,1.56,35.88,0.0,671.59
10.1,6.48,33.6,0.0,658.158
9.6,2.88,35.69,0.0,621.271
8.7,4.32,37.79,0.0,527.809
8.5,5.64,39.52,0.0,492.134
12.2,1.44,43.2,0.0,320.436
14.3,2.76,42.94,0.0,122.96
13.0,3.12,34.87,0.0,4.5500300000000005
10.1,2.64,28.2,0.0,0.0
9.8,4.68,26.08,0.0,0.0
10.7,4.92,25.16,0.0,0.0
8.2,2.16,19.79,0.0,0.0
5.6,0.6,14.31,0.0,0.0
6.3,2.04,14.34,0.0,0.0
7.6,1.44,14.4,0.0,0.0
5.1,0.24,9.89,0.0,0.0
5.0,2.28,9.58,0.0,0.0
7.7,1.08,12.1,0.0,0.0
10.5,3.12,17.71,0.0,0.0
9.8,8.28,24.16,0.0,50.0091
9.9,7.2,28.71,0.0,199.189
10.7,13.32,31.94,0.0,359.15
8.8,9.6,30.23,0.0,512.055
7.5,1.8,29.12,0.0,451.453
9.7,2.28,33.96,0.0,610.12
9.7,0.84,34.15,0.0,642.336
9.3,6.96,34.07,0.0,530.599
10.1,5.64,32.08,0.0,191.86900000000003
9.9,3.96,35.87,0.0,372.577
9.5,2.04,40.33,0.0,318.761
16.0,3.0,46.74,0.0,122.832
16.4,1.8,39.35,0.0,4.5043
12.9,3.24,31.65,0.0,0.0
10.9,2.4,27.63,0.0,0.0
10.8,1.2,25.85,0.0,0.0
6.7,0.84,18.69,0.0,0.0
10.1,0.12,22.75,0.0,0.0
7.7,0.36,17.56,0.0,0.0
6.5,0.36,15.03,0.0,0.0
6.6,0.0,14.56,0.0,0.0
6.8,2.28,13.73,0.0,0.0
8.6,0.36,15.42,0.0,0.0
11.8,7.56,21.28,0.0,0.0
11.6,19.2,28.62,0.0,55.8677
10.5,17.28,30.91,0.0,193.925
11.6,2.16,35.13,0.0,365.693
11.9,8.4,37.15,0.0,531.9730000000001
11.8,4.44,35.83,0.0,627.519
11.8,1.2,35.83,0.0,687.5369999999999
11.9,3.12,37.5,0.0,737.482
9.9,3.48,38.74,0.0,713.242
13.7,1.2,47.67,0.0,635.0409999999999
6.8,3.12,38.67,0.0,398.741
10.2,2.16,45.27,0.0,324.631
12.5,3.96,44.68,0.0,127.679
13.0,3.72,37.65,0.0,4.68112
12.2,1.56,33.15,0.0,0.0
10.2,5.28,28.4,0.0,0.0
11.1,2.04,27.74,0.0,0.0
6.5,0.36,19.29,0.0,0.0
6.1,0.6,17.1,0.0,0.0
7.0,0.0,17.27,0.0,0.0
3.6,0.24,11.8,0.0,0.0
6.9,0.12,14.87,0.0,0.0
10.5,0.36,19.15,0.0,0.0
7.1,2.88,13.48,0.0,0.0
9.6,3.36,18.47,0.0,0.0
7.5,16.56,23.65,0.0,50.3751
10.9,11.52,33.02,0.0,201.472
8.3,15.12,30.44,0.0,392.982
8.1,6.72,30.69,0.0,481.635
12.9,3.48,37.92,0.0,628.115
13.2,2.04,37.97,0.0,735.7869999999999
13.9,3.72,39.91,0.0,751.447
11.1,5.76,38.41,0.0,725.677
11.2,6.24,41.84,0.0,647.2040000000001
11.1,1.56,43.79,0.0,512.42
10.0,0.48,42.71,0.0,336.595
11.8,0.84,41.95,0.0,134.297
13.5,2.04,36.95,0.0,5.47132
10.2,2.04,29.26,0.0,0.0
8.5,2.4,25.37,0.0,0.0
7.2,1.2,21.52,0.0,0.0
6.6,1.44,18.6,0.0,0.0
9.6,3.96,21.22,0.0,0.0
5.5,4.92,14.41,0.0,0.0
9.7,0.96,19.06,0.0,0.0
8.7,0.0,16.35,0.0,0.0
6.8,6.6,12.59,0.0,0.0
8.8,1.44,14.06,0.0,0.0
9.4,9.6,15.8,0.0,0.0
11.6,9.6,27.85,0.0,50.2732
12.9,7.68,34.6,0.0,203.101
9.5,6.84,31.24,0.0,396.421
6.6,4.08,28.29,0.0,549.58
9.6,2.76,33.26,0.0,651.681
9.7,7.56,34.54,0.0,586.43
11.3,4.44,36.93,0.0,622.23
14.6,4.32,44.7,0.0,648.455
7.3,2.16,39.58,0.0,619.423
10.3,1.56,44.87,0.0,457.19
14.9,1.8,48.64,0.0,182.144
9.0,3.48,38.33,0.0,55.7515
15.2,0.96,44.38,0.0,0.502767
12.1,3.12,37.36,0.0,0.0
14.7,6.12,39.19,0.0,0.0
10.8,5.16,31.28,0.0,0.0
6.2,0.36,22.3,0.0,0.0
9.9,0.48,25.02,0.0,0.0
6.9,2.76,17.15,0.0,0.0
6.8,0.84,14.95,0.0,0.0
10.3,0.24,17.74,0.0,0.0
7.3,0.0,11.68,0.0,0.0
7.9,1.8,11.43,0.0,0.0
9.2,2.28,12.6,0.0,0.0
8.7,10.2,10.75,0.0,9.02059
9.6,9.12,10.26,0.0,74.1416
10.5,16.44,10.12,0.0,70.4528
9.7,4.92,10.77,0.0,207.786
9.5,5.4,13.22,0.0,413.797
15.2,8.52,21.49,0.0,457.482
11.7,3.84,18.34,0.0,682.947
8.9,2.64,17.22,0.0,722.422
8.8,15.6,18.17,0.0,467.775
10.0,6.48,17.77,0.0,219.907
9.5,3.24,16.17,0.0,133.454
12.5,2.64,18.42,0.0,70.3339
11.3,3.96,14.55,0.0,2.39896
14.5,2.28,16.45,0.0,0.0
15.6,5.76,16.34,0.0,0.0
10.4,0.96,9.51,0.0,0.0
9.8,0.6,7.05,0.0,0.0
7.5,3.24,4.23,0.0,0.0
7.4,0.48,3.92,0.0,0.0
5.3,0.12,2.52,0.0,0.0
3.8,0.0,1.67,0.0,0.0
8.6,0.12,3.14,0.0,0.0
8.1,0.36,2.63,0.0,0.0
9.7,2.04,4.06,0.0,0.0
10.9,1.08,8.97,0.0,55.9217
10.3,4.8,12.72,0.0,222.099
8.5,23.28,13.68,0.0,428.159
8.9,5.04,14.39,0.0,600.884
8.5,5.16,12.89,0.0,720.6360000000001
7.1,3.12,12.18,0.0,780.7560000000001
11.1,6.72,18.87,0.0,801.299
9.2,4.68,21.04,0.0,768.6089999999999
8.8,2.04,25.62,0.0,673.159
14.5,4.56,36.11,0.0,535.229
10.1,0.84,33.61,0.0,351.636
12.3,3.84,34.53,0.0,143.165
14.2,2.64,28.44,0.0,6.42972
15.6,4.68,25.48,0.0,0.0
13.9,1.32,21.77,0.0,0.0
9.0,1.44,15.04,0.0,0.0
6.2,0.72,10.23,0.0,0.0
10.6,0.48,13.23,0.0,0.0
7.0,0.48,8.14,0.0,0.0
8.2,0.24,8.17,0.0,0.0
7.8,0.0,6.78,0.0,0.0
9.1,0.0,7.05,0.0,0.0
10.0,0.72,6.99,0.0,0.0
11.3,2.4,8.83,0.0,0.0
6.9,12.72,10.68,0.0,62.5076
7.9,7.44,16.31,0.0,218.525
10.1,11.52,20.73,0.0,414.195
9.8,8.16,21.3,0.0,574.0840000000001
9.6,3.6,21.68,0.0,686.441
9.3,2.88,22.88,0.0,760.806
11.1,3.96,27.04,0.0,773.211
12.1,2.76,31.66,0.0,751.7
10.2,3.84,33.44,0.0,666.05
7.7,3.72,32.93,0.0,532.42
9.9,3.0,37.23,0.0,346.964
13.3,2.16,38.86,0.0,140.884
12.1,2.52,29.44,0.0,6.27474
13.2,2.28,27.77,0.0,0.0
12.9,1.56,25.67,0.0,0.0
11.1,5.16,21.41,0.0,0.0
6.9,2.28,15.23,0.0,0.0
5.2,0.48,12.19,0.0,0.0
6.9,0.24,13.14,0.0,0.0
8.0,1.2,13.42,0.0,0.0
6.5,0.12,10.32,0.0,0.0
7.1,1.68,11.67,0.0,0.0
8.5,3.96,14.44,0.0,0.0
10.0,3.0,17.83,0.0,0.0
8.1,13.92,18.1,0.0,36.5072
8.0,8.4,16.37,0.0,93.9341
8.1,10.56,20.97,0.0,252.431
11.6,10.92,31.55,0.0,411.913
8.0,1.08,29.34,0.0,558.15
14.0,0.6,38.67,0.0,717.291
8.4,0.6,32.67,0.0,636.599
8.8,4.56,35.96,0.0,586.896
9.9,7.68,38.48,0.0,364.119
8.2,3.12,37.18,0.0,307.209
11.9,3.36,43.56,0.0,191.497
9.0,2.76,39.42,0.0,114.613
10.9,4.08,37.79,0.0,5.50063
14.2,7.2,40.73,0.0,0.0
9.4,7.44,32.04,0.0,0.0
11.4,1.56,34.22,0.0,0.0
5.3,0.6,22.77,0.0,0.0
5.7,0.36,22.91,0.0,0.0
7.9,0.48,26.03,0.0,0.0
4.5,0.12,16.47,0.0,0.0
7.3,0.0,17.29,0.0,0.0
5.0,0.12,11.99,0.0,0.0
6.3,0.12,11.95,0.0,0.0
10.3,9.84,18.88,0.0,0.0
12.0,24.12,26.69,0.0,53.9962
9.7,12.24,22.79,0.0,199.086
8.7,6.36,23.89,0.0,418.742
9.9,9.48,25.03,0.0,587.793
11.5,5.28,26.15,0.0,695.5889999999999
12.3,1.8,27.84,0.0,735.313
13.3,1.44,31.35,0.0,743.018
11.2,3.6,32.56,0.0,720.419
13.7,1.44,41.19,0.0,634.245
9.8,1.44,39.69,0.0,506.422
11.4,2.16,43.45,0.0,331.232
14.2,3.24,44.67,0.0,134.94899999999998
12.3,5.4,35.22,0.0,6.80335
12.7,2.52,33.32,0.0,0.0
15.3,5.28,36.41,0.0,0.0
10.8,1.2,29.24,0.0,0.0
10.4,0.96,28.61,0.0,0.0
6.2,0.24,23.03,0.0,0.0
6.3,1.56,24.01,0.0,0.0
6.3,3.24,24.2,0.0,0.0
5.2,0.24,22.41,0.0,0.0
11.4,1.44,33.99,0.0,0.0
7.3,2.04,25.73,0.0,0.0
13.2,3.0,38.14,0.0,0.0
9.2,17.04,33.24,0.0,53.6786
6.7,5.64,27.42,0.0,116.1
9.8,14.52,36.66,0.0,240.727
9.2,15.0,37.62,0.0,307.877
9.9,5.4,41.1,0.0,421.319
9.6,1.56,42.93,0.0,518.72
11.1,3.0,46.33,0.0,565.087
12.4,5.52,50.26,0.0,529.601
12.9,9.84,52.41,0.0,502.778
11.7,1.56,49.9,0.0,354.69300000000004
10.9,0.48,50.48,0.0,276.29900000000004
12.7,3.96,50.63,0.0,112.155
14.6,3.36,47.35,0.0,5.46521
9.5,0.96,36.94,0.0,0.0
13.7,1.8,42.63,0.0,0.0
9.0,0.84,33.62,0.0,0.0
4.9,0.6,26.21,0.0,0.0
8.9,1.68,32.4,0.0,0.0
6.6,0.0,27.2,0.0,0.0
6.4,1.8,25.94,0.0,0.0
7.3,0.0,26.79,0.0,0.0
6.6,3.24,25.51,0.0,0.0
9.1,3.0,29.82,0.0,0.0
11.1,13.44,32.88,0.0,0.0
11.1,18.96,34.58,0.0,54.5802
10.2,7.32,34.65,0.0,157.058
11.6,7.44,37.88,0.0,196.718
12.4,4.8,42.97,0.0,348.79400000000004
10.2,2.88,41.68,0.0,397.932
10.9,2.88,43.31,0.0,341.714
10.8,3.84,45.57,0.0,494.893
10.9,2.52,46.1,0.0,444.697
13.3,6.0,45.99,0.0,156.172
10.7,4.8,42.19,0.0,149.33
14.8,0.96,50.26,0.0,140.609
9.3,1.2,41.85,0.0,92.3434
9.5,1.44,38.49,0.0,6.2438400000000005
10.4,2.76,38.08,0.0,0.0
8.0,3.72,33.22,0.0,0.0
11.8,3.0,38.79,0.0,0.0
7.4,2.28,30.17,0.0,0.0
8.0,0.84,30.86,0.0,0.0
6.9,7.08,29.05,0.0,0.0
7.7,3.0,30.32,0.0,0.0
9.8,2.88,33.75,0.0,0.0
4.3,0.0,23.56,0.0,0.0
10.3,0.6,34.37,0.0,0.0
9.2,6.0,31.69,0.0,0.0
9.2,8.04,32.31,0.0,38.3699
12.2,3.6,36.23,0.0,79.2131
11.1,24.72,31.48,0.0,30.6932
10.1,2.88,25.32,0.0,20.1507
9.4,7.44,20.87,0.0,38.2849
13.4,6.84,27.7,0.0,53.5313
14.6,3.36,28.6,0.0,56.9679
6.6,12.12,16.15,0.0,63.8043
14.8,6.84,30.63,0.0,51.478
13.6,3.96,30.22,0.0,92.694
9.6,2.4,25.74,0.0,86.8517
14.4,4.8,34.24,0.0,47.0822
12.8,5.76,28.52,0.0,0.0
13.2,1.56,27.92,0.0,0.0
6.6,1.44,17.4,0.0,0.0
9.0,1.68,19.69,0.0,0.0
6.2,3.36,12.31,0.0,0.0
7.6,0.36,12.12,0.0,0.0
4.3,4.68,7.27,0.0,0.0
7.5,0.36,8.67,0.0,0.0
9.0,0.12,8.78,0.0,0.0
6.6,0.36,5.94,0.0,0.0
5.7,1.68,4.63,0.0,0.0
8.7,4.44,8.44,0.0,0.0
10.2,6.72,16.51,0.0,58.6613
11.0,1.68,20.93,0.0,230.147
10.4,4.2,21.92,0.0,429.515
10.5,5.28,22.48,0.0,584.578
8.9,10.08,19.76,0.0,695.467
13.5,3.84,25.52,0.0,755.779
12.5,9.48,25.79,0.0,760.8910000000001
11.9,0.96,28.81,0.0,734.405
10.5,4.08,32.04,0.0,644.6
10.8,7.2,36.32,0.0,511.706
9.8,5.4,37.86,0.0,346.306
14.6,2.88,41.66,0.0,144.197
10.3,4.92,29.27,0.0,7.57684
9.2,3.96,23.92,0.0,0.0
12.7,1.32,27.09,0.0,0.0
11.5,1.44,23.3,0.0,0.0
6.8,0.48,15.35,0.0,0.0
5.7,0.36,11.58,0.0,0.0
5.9,0.0,9.77,0.0,0.0
5.7,0.6,8.2,0.0,0.0
7.6,0.24,8.75,0.0,0.0
5.8,0.12,6.32,0.0,0.0
7.5,1.92,7.49,0.0,0.0
9.0,10.08,10.31,0.0,0.0
10.0,11.16,19.19,0.0,57.2534
10.6,12.0,25.61,0.0,218.254
10.2,7.56,26.96,0.0,408.022
10.8,7.8,27.84,0.0,551.939
10.9,7.08,27.14,0.0,665.378
10.7,2.28,27.6,0.0,727.7610000000001
16.4,5.04,36.07,0.0,732.8439999999999
12.7,2.16,34.74,0.0,710.6389999999999
8.2,3.84,33.75,0.0,638.19
9.4,1.68,38.55,0.0,519.057
10.4,4.32,41.66,0.0,342.44
13.6,1.56,43.64,0.0,144.874
10.0,6.96,32.37,0.0,11.2854
10.7,4.32,28.9,0.0,0.0
8.1,3.6,23.92,0.0,0.0
8.5,1.56,22.9,0.0,0.0
8.4,2.76,20.5,0.0,0.0
6.7,0.36,16.21,0.0,0.0
6.4,0.24,14.17,0.0,0.0
6.2,0.24,12.47,0.0,0.0
6.8,0.24,12.01,0.0,0.0
7.1,0.0,11.43,0.0,0.0
5.0,1.32,8.64,0.0,0.0
7.7,7.56,13.67,0.0,0.0
12.5,24.36,26.4,0.0,65.3668
10.9,7.08,21.07,0.0,121.028
8.7,11.52,14.05,0.0,52.2703
9.4,16.2,13.62,0.0,42.9756
11.5,0.72,15.04,0.0,39.301
12.9,1.32,15.45,0.0,44.0035
9.9,1.56,8.93,0.0,36.938
6.4,0.84,5.62,0.0,36.7171
11.3,0.72,10.42,0.0,29.0064
11.1,4.08,10.94,0.0,67.0515
8.8,4.32,10.09,0.0,56.9803
12.8,3.12,15.32,0.0,8.92227
13.4,3.36,14.67,0.0,0.0
12.3,4.2,13.15,0.0,0.0
10.6,1.92,12.0,0.0,0.0
10.0,0.84,10.98,0.0,0.0
7.0,0.96,7.81,0.0,0.0
10.4,1.68,10.95,0.0,0.0
5.4,0.0,5.99,0.0,0.0
5.4,0.36,5.84,0.0,0.0
5.2,0.0,5.76,0.0,0.0
8.8,0.12,8.74,0.0,0.0
8.2,5.52,8.57,0.0,0.0
11.0,9.6,11.55,0.0,0.0
13.4,17.28,14.64,0.0,46.0444
9.1,10.32,11.17,0.0,150.49200000000002
8.7,9.0,10.21,0.0,200.553
10.9,4.2,10.38,0.0,62.402
9.5,5.88,11.87,0.0,468.26
15.0,1.92,20.93,0.0,677.938
11.7,4.08,17.36,0.0,776.225
10.6,0.96,16.7,0.0,450.667
11.2,1.56,17.08,0.0,517.6669999999999
7.7,1.68,13.05,0.0,290.175
11.4,0.96,19.25,0.0,251.741
10.0,3.48,18.32,0.0,153.645
13.9,2.76,17.14,0.0,12.7059
13.9,2.88,14.36,0.0,0.0
12.9,3.6,11.58,0.0,0.0
7.8,4.44,5.01,0.0,0.0
9.6,0.72,5.57,0.0,0.0
4.0,1.08,2.35,0.0,0.0
4.2,0.12,2.03,0.0,0.0
6.5,0.24,2.71,0.0,0.0
8.1,0.0,3.36,0.0,0.0
8.9,0.0,3.67,0.0,0.0
6.4,0.96,2.28,0.0,0.0
9.0,9.12,4.22,0.0,0.0
9.1,17.04,8.16,0.0,61.2836
9.3,18.96,11.49,0.0,233.901
10.6,8.4,14.15,0.0,435.715
13.0,3.0,15.86,0.0,612.1469999999999
12.2,20.4,14.25,0.0,724.835
11.4,6.84,14.5,0.0,793.6610000000001
13.5,2.76,19.7,0.0,805.7610000000001
9.9,1.08,19.42,0.0,769.941
9.1,1.92,22.37,0.0,681.915
6.1,3.84,22.07,0.0,540.58
9.9,6.24,28.4,0.0,353.86
14.8,2.16,32.67,0.0,147.517
8.4,4.92,19.76,0.0,12.205
13.8,3.48,22.76,0.0,0.0
7.8,2.4,14.02,0.0,0.0
9.6,1.08,13.0,0.0,0.0
7.9,0.96,9.1,0.0,0.0
6.1,1.08,6.78,0.0,0.0
9.7,0.12,8.82,0.0,0.0
6.5,1.44,5.26,0.0,0.0
11.6,0.24,8.31,0.0,0.0
6.5,0.12,4.16,0.0,0.0
8.1,3.96,4.65,0.0,0.0
9.8,15.6,7.13,0.0,0.0
12.9,7.56,15.5,0.0,62.4767
10.8,16.8,17.99,0.0,225.086
12.6,9.96,21.8,0.0,416.361
8.9,3.12,17.79,0.0,569.494
13.3,6.72,22.18,0.0,684.077
13.5,0.72,23.36,0.0,747.297
13.2,3.12,24.86,0.0,748.5039999999999
13.2,2.4,29.1,0.0,719.877
10.4,0.6,31.22,0.0,636.356
13.6,3.6,37.85,0.0,516.931
11.8,4.2,37.64,0.0,341.565
8.8,1.92,32.51,0.0,145.086
16.3,3.36,33.96,0.0,13.007
11.4,5.64,23.62,0.0,0.0
11.4,2.76,21.47,0.0,0.0
9.5,0.96,16.92,0.0,0.0
4.6,1.92,9.71,0.0,0.0
14.8,2.76,19.5,0.0,0.0
6.4,1.56,8.05,0.0,0.0
6.5,0.72,7.32,0.0,0.0
5.1,0.24,5.59,0.0,0.0
6.0,0.12,5.71,0.0,0.0
8.4,1.92,6.99,0.0,0.0
10.3,6.36,10.24,0.0,0.0
9.2,12.0,16.26,0.0,59.797
11.3,12.48,23.24,0.0,224.11
7.9,6.36,21.39,0.0,409.911
9.8,6.84,24.02,0.0,536.4780000000001
10.5,5.88,24.22,0.0,666.682
11.6,5.52,26.32,0.0,738.555
12.5,3.48,28.92,0.0,742.355
16.3,2.88,36.96,0.0,704.5939999999999
13.0,4.68,37.46,0.0,622.439
10.2,3.48,37.65,0.0,510.887
13.2,12.24,43.71,0.0,345.412
10.3,1.2,38.67,0.0,149.289
11.0,3.48,32.17,0.0,13.0681
10.4,1.68,27.31,0.0,0.0
9.7,2.88,24.11,0.0,0.0
8.3,0.48,19.72,0.0,0.0
8.7,1.08,17.99,0.0,0.0
4.4,0.36,10.96,0.0,0.0
7.0,1.2,12.17,0.0,0.0
5.2,2.52,8.54,0.0,0.0
5.2,0.12,7.18,0.0,0.0
5.1,0.24,6.28,0.0,0.0
5.4,0.6,6.01,0.0,0.0
9.2,5.4,10.83,0.0,0.0
6.6,7.2,16.66,0.0,60.8046
10.9,2.76,25.97,0.0,222.026
11.0,3.24,27.0,0.0,412.33
10.7,9.72,26.86,0.0,537.061
9.4,13.8,24.74,0.0,660.799
11.0,3.12,28.03,0.0,670.325
13.1,8.64,33.21,0.0,687.375
13.9,1.2,38.24,0.0,716.41
8.9,2.76,37.02,0.0,617.1709999999999
7.9,1.56,37.71,0.0,416.505
14.4,1.92,48.07,0.0,315.389
10.6,5.52,42.15,0.0,147.237
13.4,4.8,38.01,0.0,13.6973
12.6,3.36,32.02,0.0,0.0
10.0,1.2,26.46,0.0,0.0
8.6,1.32,22.42,0.0,0.0
7.4,3.12,18.52,0.0,0.0
7.2,0.12,16.28,0.0,0.0
4.7,0.24,11.45,0.0,0.0
5.4,0.48,9.96,0.0,0.0
8.6,0.12,11.75,0.0,0.0
6.8,0.24,8.8,0.0,0.0
8.3,0.6,9.49,0.0,0.0
11.9,8.76,16.72,0.0,0.0
8.7,15.0,21.65,0.0,59.9779
11.5,15.72,29.44,0.0,217.541
8.2,4.8,26.08,0.0,396.96
12.4,9.36,32.04,0.0,563.51
10.5,1.68,28.83,0.0,661.613
11.4,2.52,31.64,0.0,725.182
13.0,2.76,35.49,0.0,749.9739999999999
13.2,1.32,38.64,0.0,721.2710000000001
15.1,2.04,44.24,0.0,640.734
9.2,4.8,39.03,0.0,515.87
10.6,6.12,42.37,0.0,344.664
9.6,3.6,39.36,0.0,148.029
14.3,1.68,38.07,0.0,13.7208
8.7,1.08,26.72,0.0,0.0
12.1,2.52,28.99,0.0,0.0
7.7,0.6,20.89,0.0,0.0
7.2,1.68,18.03,0.0,0.0
10.1,0.24,18.79,0.0,0.0
5.2,0.12,10.5,0.0,0.0
6.6,0.12,10.76,0.0,0.0
7.6,0.24,11.07,0.0,0.0
5.5,1.68,8.88,0.0,0.0
5.9,1.2,8.84,0.0,0.0
9.5,12.84,15.12,0.0,0.0
16.8,26.04,32.8,0.0,69.9395
11.9,11.88,27.2,0.0,200.997
13.8,18.6,32.66,0.0,368.9330000000001
10.3,17.64,29.59,0.0,502.691
11.4,9.84,32.18,0.0,537.534
11.7,3.12,32.49,0.0,628.414
12.4,0.72,34.77,0.0,711.061
10.4,1.56,36.69,0.0,713.802
5.7,3.48,34.65,0.0,623.969
7.9,3.84,40.67,0.0,497.333
12.9,3.0,48.93,0.0,331.398
12.3,5.28,45.52,0.0,142.727
13.1,6.0,39.05,0.0,13.4821
10.1,2.28,30.96,0.0,0.0
12.5,5.28,32.11,0.0,0.0
10.2,0.96,27.05,0.0,0.0
6.2,0.36,19.9,0.0,0.0
5.3,3.96,17.45,0.0,0.0
5.5,0.0,16.83,0.0,0.0
12.1,0.36,25.47,0.0,0.0
5.7,0.12,14.61,0.0,0.0
6.8,0.12,15.48,0.0,0.0
7.3,4.2,15.04,0.0,0.0
11.6,10.32,22.67,0.0,0.0
7.3,17.64,21.37,0.0,75.4981
12.0,6.84,32.36,0.0,207.333
9.0,13.08,29.44,0.0,345.204
13.0,9.84,37.27,0.0,454.11800000000005
11.8,5.28,36.09,0.0,535.794
11.0,2.4,35.71,0.0,626.181
11.2,2.52,37.95,0.0,638.317
12.0,0.72,42.22,0.0,636.263
12.2,1.32,45.62,0.0,605.7869999999999
13.8,0.12,48.13,0.0,351.292
14.7,1.68,52.07,0.0,301.795
9.7,2.28,44.26,0.0,145.579
11.5,2.64,39.35,0.0,15.0553
16.5,5.16,41.41,0.0,0.0
11.9,1.8,32.93,0.0,0.0
7.1,1.68,24.46,0.0,0.0
9.2,0.48,25.57,0.0,0.0
5.5,0.36,18.06,0.0,0.0
9.0,0.12,21.67,0.0,0.0
5.6,0.24,15.46,0.0,0.0
8.9,0.24,19.52,0.0,0.0
8.2,0.12,18.18,0.0,0.0
6.9,0.72,16.47,0.0,0.0
6.7,3.84,19.36,0.0,0.0
12.6,11.64,35.22,0.0,72.9046
8.5,16.92,27.19,0.0,184.147
11.7,8.28,31.08,0.0,174.422
11.8,4.44,24.02,0.0,31.0283
12.1,19.08,22.32,0.0,58.9418
12.5,1.44,27.91,0.0,515.135
11.7,1.08,31.04,0.0,710.071
12.2,2.64,37.31,0.0,679.956
8.8,0.96,31.09,0.0,366.932
11.0,4.8,36.83,0.0,455.206
10.7,2.28,31.98,0.0,150.825
13.6,4.44,33.05,0.0,30.7304
13.1,3.24,28.81,0.0,0.638231
14.3,2.52,28.84,0.0,0.0
12.5,1.32,25.08,0.0,0.0
9.6,1.08,19.6,0.0,0.0
7.1,0.6,15.58,0.0,0.0
5.4,4.2,12.01,0.0,0.0
5.5,0.36,10.48,0.0,0.0
5.7,1.92,9.49,0.0,0.0
4.9,0.24,7.88,0.0,0.0
6.3,0.12,8.57,0.0,0.0
7.9,2.76,9.54,0.0,0.0
10.7,10.32,14.12,0.0,0.0
10.4,9.72,16.15,0.0,43.9335
13.1,14.64,19.02,0.0,121.098
14.0,9.6,23.85,0.0,286.46
8.0,3.0,18.86,0.0,524.057
12.4,3.72,25.61,0.0,677.888
14.3,1.08,29.48,0.0,738.513
11.5,0.96,28.34,0.0,738.5010000000001
8.5,1.32,28.94,0.0,488.38
8.4,1.2,32.53,0.0,478.9330000000001
9.5,0.84,36.88,0.0,418.502
10.0,2.28,39.76,0.0,306.386
13.1,1.56,43.14,0.0,143.85399999999998
10.9,3.12,34.11,0.0,14.937
11.8,2.16,32.37,0.0,0.0
9.7,2.28,27.82,0.0,0.0
8.9,1.56,24.4,0.0,0.0
8.0,0.36,21.1,0.0,0.0
9.4,1.92,21.16,0.0,0.0
6.0,0.24,14.97,0.0,0.0
5.1,0.48,12.76,0.0,0.0
10.9,0.0,19.08,0.0,0.0
12.9,0.24,20.03,0.0,0.0
8.0,1.8,12.35,0.0,0.0
8.7,6.48,15.85,0.0,0.0
12.4,9.6,28.77,0.0,64.7791
7.9,7.2,24.94,0.0,225.054
10.3,9.12,29.09,0.0,414.384
11.1,12.72,30.51,0.0,533.5509999999999
9.0,13.44,26.6,0.0,662.4989999999999
12.1,1.8,31.69,0.0,718.206
13.3,5.76,35.26,0.0,682.035
11.9,2.52,37.77,0.0,705.0880000000001
11.7,1.8,42.38,0.0,621.16
11.4,1.68,44.91,0.0,500.012
10.1,4.2,45.34,0.0,339.829
12.2,3.72,46.86,0.0,147.333
13.0,3.72,40.61,0.0,16.0246
11.4,2.64,35.13,0.0,0.0
9.6,1.56,31.04,0.0,0.0
10.0,0.84,29.5,0.0,0.0
10.1,0.96,27.71,0.0,0.0
6.2,0.24,20.22,0.0,0.0
5.6,0.12,17.24,0.0,0.0
6.1,0.24,15.78,0.0,0.0
6.1,0.24,14.6,0.0,0.0
6.0,0.12,13.1,0.0,0.0
8.9,0.24,15.8,0.0,0.0
7.7,3.48,18.1,0.0,0.0
9.2,4.32,29.44,0.0,61.125
9.6,6.48,33.21,0.0,221.022
7.4,3.72,30.82,0.0,404.066
8.3,15.72,31.63,0.0,545.206
14.3,15.6,40.15,0.0,630.495
10.9,10.32,36.84,0.0,544.988
12.5,5.28,39.39,0.0,641.511
10.5,3.24,37.28,0.0,346.815
7.7,11.88,34.93,0.0,275.86
10.9,3.72,39.78,0.0,180.981
10.0,7.08,44.31,0.0,302.79200000000003
11.5,3.24,45.2,0.0,148.939
10.7,4.56,36.39,0.0,16.7479
10.5,5.28,32.5,0.0,0.0
10.2,0.96,30.89,0.0,0.0
9.1,2.28,27.87,0.0,0.0
5.4,1.2,21.01,0.0,0.0
8.0,0.6,22.33,0.0,0.0
8.1,0.72,20.32,0.0,0.0
5.8,0.24,15.99,0.0,0.0
4.9,0.24,14.23,0.0,0.0
6.7,0.12,15.68,0.0,0.0
8.2,2.88,16.7,0.0,0.0
6.9,6.6,19.5,0.0,0.0
9.9,11.16,32.69,0.0,61.1722
11.6,18.6,38.01,0.0,224.377
10.8,14.04,37.47,0.0,417.435
9.9,6.96,35.41,0.0,577.609
11.9,3.96,36.4,0.0,693.3839999999999
11.7,4.8,35.7,0.0,751.095
9.7,3.0,33.79,0.0,761.648
13.2,1.68,42.21,0.0,733.816
12.0,1.8,44.86,0.0,645.318
8.7,1.8,43.98,0.0,519.688
10.0,3.84,47.79,0.0,347.446
13.0,2.64,48.76,0.0,151.639
10.0,5.28,36.8,0.0,17.5189
10.6,4.92,33.62,0.0,0.0
13.9,0.6,36.59,0.0,0.0
10.6,0.96,30.7,0.0,0.0
6.7,3.84,23.63,0.0,0.0
7.8,0.96,23.71,0.0,0.0
5.5,0.0,19.52,0.0,0.0
7.0,0.0,21.63,0.0,0.0
5.9,0.12,18.98,0.0,0.0
7.7,0.0,21.29,0.0,0.0
7.8,3.6,20.82,0.0,0.0
7.9,9.36,25.05,0.0,0.0
12.7,12.24,39.77,0.0,65.5119
12.2,11.16,37.21,0.0,193.906
7.7,15.72,34.13,0.0,382.777
13.5,7.92,44.18,0.0,560.688
10.6,3.0,38.68,0.0,678.336
13.5,4.68,44.05,0.0,713.9860000000001
13.7,0.96,46.7,0.0,614.497
11.0,0.6,44.99,0.0,584.658
7.0,3.12,41.59,0.0,585.106
7.8,2.76,44.24,0.0,439.653
12.3,0.96,52.26,0.0,318.74
10.5,2.16,48.36,0.0,151.891
15.7,2.16,47.67,0.0,21.0287
10.3,3.72,36.14,0.0,0.0
11.1,1.32,36.57,0.0,0.0
7.0,1.2,29.6,0.0,0.0
5.4,1.32,26.45,0.0,0.0
6.0,2.04,26.73,0.0,0.0
11.4,0.48,34.75,0.0,0.0
4.8,0.12,21.53,0.0,0.0
4.6,0.0,21.11,0.0,0.0
6.4,0.12,24.05,0.0,0.0
7.5,2.04,25.24,0.0,0.0
9.2,12.12,29.85,0.0,0.0
12.2,17.4,39.38,0.0,74.2673
13.4,9.96,43.78,0.0,208.106
9.3,11.4,36.62,0.0,272.97900000000004
10.4,8.52,40.7,0.0,426.09
10.0,5.16,42.11,0.0,590.16
8.9,2.4,42.67,0.0,589.716
10.9,1.8,46.54,0.0,545.905
10.3,0.6,47.12,0.0,541.908
10.0,1.68,46.72,0.0,409.173
9.4,3.24,44.78,0.0,331.38699999999994
10.1,0.96,42.96,0.0,67.8239
11.6,2.04,44.52,0.0,3.6299
14.1,1.92,45.31,0.0,0.0
12.3,2.04,40.19,0.0,0.0
11.0,3.96,36.9,0.0,0.0
13.2,1.2,38.82,0.0,0.0
7.1,1.32,27.38,0.0,0.0
7.1,0.36,26.91,0.0,0.0
7.4,0.72,26.22,0.0,0.0
8.5,0.0,27.13,0.0,0.0
9.6,0.36,27.61,0.0,0.0
4.8,0.24,18.34,0.0,0.0
7.4,0.72,22.38,0.0,0.0
5.0,6.0,22.51,0.0,0.0
9.5,8.76,37.58,0.0,73.2723
13.3,7.32,42.98,0.0,162.873
11.7,11.4,43.75,0.0,399.154
8.4,7.2,38.92,0.0,509.131
11.4,12.12,45.03,0.0,498.361
12.1,3.96,46.28,0.0,355.12
15.1,1.08,51.05,0.0,633.939
10.6,2.76,47.9,0.0,593.665
10.2,3.36,50.04,0.0,586.691
7.8,3.12,46.57,0.0,359.297
10.6,2.88,50.54,0.0,219.007
11.5,4.8,51.3,0.0,139.74200000000002
11.1,2.16,44.44,0.0,18.7003
9.3,2.88,38.18,0.0,0.0
10.8,0.96,39.12,0.0,0.0
12.5,1.92,40.27,0.0,0.0
8.2,0.6,31.55,0.0,0.0
4.9,0.24,25.02,0.0,0.0
7.2,1.8,27.98,0.0,0.0
6.5,0.36,25.37,0.0,0.0
6.4,0.24,24.2,0.0,0.0
10.1,0.12,30.66,0.0,0.0
9.0,4.08,27.45,0.0,0.0
7.6,15.36,28.78,0.0,0.0
10.7,10.2,40.99,0.0,68.4512
12.5,10.2,44.31,0.0,184.385
13.5,17.04,47.8,0.0,362.057
12.5,2.64,46.7,0.0,524.255
10.9,4.92,43.39,0.0,453.524
12.2,4.2,46.25,0.0,640.861
13.5,3.48,50.07,0.0,683.6189999999999
14.3,1.68,54.47,0.0,654.746
13.8,1.68,56.81,0.0,489.279
10.7,1.92,54.79,0.0,479.01
17.7,4.08,61.7,0.0,317.055
12.8,1.56,50.95,0.0,138.905
12.6,0.96,41.43,0.0,19.1161
16.7,1.2,41.72,0.0,0.0
10.0,3.0,30.09,0.0,0.0
9.2,1.44,27.23,0.0,0.0
5.8,1.44,20.48,0.0,0.0
6.4,1.08,20.9,0.0,0.0
5.5,1.08,19.16,0.0,0.0
6.3,0.24,20.13,0.0,0.0
6.9,0.24,21.06,0.0,0.0
8.9,0.24,24.06,0.0,0.0
7.8,0.6,21.48,0.0,0.0
9.1,5.52,26.02,0.0,0.0
10.7,14.64,30.82,0.0,60.0627
12.8,11.52,32.16,0.0,67.1664
4.8,5.28,22.78,0.0,241.99
11.1,6.72,36.12,0.0,370.629
8.0,9.48,31.46,0.0,462.48800000000006
12.0,5.76,36.44,0.0,297.14
13.1,1.68,35.22,0.0,152.498
13.1,5.04,30.99,0.0,65.0694
11.4,3.48,27.3,0.0,30.5739
8.6,3.84,27.97,0.0,262.475
11.9,6.0,36.76,0.0,236.429
10.1,3.24,31.68,0.0,110.275
14.4,3.96,33.53,0.0,17.3381
9.4,4.56,22.91,0.0,0.0
11.0,1.68,25.03,0.0,0.0
9.8,0.72,21.64,0.0,0.0
9.5,1.32,20.62,0.0,0.0
6.5,1.68,15.85,0.0,0.0
7.5,5.04,16.68,0.0,0.0
7.6,0.24,16.62,0.0,0.0
6.6,0.12,15.09,0.0,0.0
7.8,0.24,16.68,0.0,0.0
5.8,0.84,13.24,0.0,0.0
8.1,2.16,17.78,0.0,0.0
6.3,7.08,15.62,0.0,47.3825
9.7,3.84,21.05,0.0,85.9665
9.2,9.12,25.04,0.0,248.252
9.4,21.48,29.4,0.0,357.64
11.2,13.92,32.2,0.0,330.017
12.1,2.4,32.63,0.0,261.296
6.6,6.84,25.29,0.0,306.261
12.8,2.76,36.63,0.0,338.348
5.3,2.4,28.38,0.0,424.064
10.2,2.04,34.09,0.0,211.095
12.2,5.4,36.24,0.0,86.8213
10.1,4.56,32.55,0.0,12.5894
10.0,6.48,31.22,0.0,0.0
10.5,2.88,30.85,0.0,0.0
8.5,2.04,26.48,0.0,0.0
7.2,1.92,22.72,0.0,0.0
8.3,1.08,24.21,0.0,0.0
9.4,0.6,25.69,0.0,0.0
6.3,0.6,19.57,0.0,0.0
4.8,0.12,16.92,0.0,0.0
6.3,0.12,19.51,0.0,0.0
5.9,0.24,18.81,0.0,0.0
7.1,2.04,19.87,0.0,0.0
10.7,13.32,27.31,0.0,0.0
10.6,13.2,27.8,0.0,33.8197
8.6,15.0,27.25,0.0,159.789
11.3,11.16,36.61,0.0,340.921
11.5,14.64,36.49,0.0,440.599
10.2,5.4,34.65,0.0,419.709
10.7,9.6,37.37,0.0,382.323
10.7,3.36,38.77,0.0,487.089
10.4,1.68,39.0,0.0,490.911
12.1,3.36,44.34,0.0,498.98800000000006
9.5,2.52,44.32,0.0,488.095
11.1,3.84,48.53,0.0,329.55
13.3,4.8,49.55,0.0,150.393
15.7,2.28,44.95,0.0,18.7845
11.4,4.68,34.09,0.0,0.0
11.7,0.72,33.67,0.0,0.0
11.6,0.72,31.91,0.0,0.0
8.4,1.8,25.61,0.0,0.0
7.9,0.72,23.84,0.0,0.0
7.5,0.36,21.52,0.0,0.0
7.2,0.12,19.49,0.0,0.0
5.0,0.24,15.34,0.0,0.0
4.9,3.0,13.58,0.0,0.0
6.1,1.68,13.85,0.0,0.0
8.7,6.72,17.96,0.0,0.0
11.1,18.72,22.79,0.0,73.2823
9.6,7.44,23.65,0.0,221.345
12.2,12.36,28.29,0.0,429.606
7.2,9.24,20.92,0.0,583.403
10.2,11.16,23.39,0.0,697.457
14.0,1.68,28.35,0.0,686.437
8.8,2.04,23.28,0.0,708.0939999999999
9.4,0.84,26.92,0.0,685.7810000000001
10.3,0.72,31.45,0.0,598.6709999999999
10.1,3.96,33.33,0.0,523.005
11.4,2.88,34.66,0.0,282.068
10.3,3.12,32.83,0.0,157.142
10.3,2.16,26.42,0.0,20.9901
10.5,4.68,21.88,0.0,0.0
9.0,1.68,18.13,0.0,0.0
5.9,0.84,12.55,0.0,0.0
7.5,1.68,12.57,0.0,0.0
6.5,1.68,9.01,0.0,0.0
9.5,0.24,10.7,0.0,0.0
7.3,0.12,7.54,0.0,0.0
7.6,0.12,7.03,0.0,0.0
6.6,0.0,5.5,0.0,0.0
7.7,3.0,5.64,0.0,0.0
11.7,13.44,12.26,0.0,0.0
8.6,16.8,16.56,0.0,62.9694
14.1,13.2,26.54,0.0,227.653
11.5,10.08,24.28,0.0,416.326
12.7,6.96,25.95,0.0,558.596
16.6,7.08,30.41,0.0,666.932
13.7,1.44,27.46,0.0,719.707
14.4,1.68,30.6,0.0,729.311
9.6,1.44,29.26,0.0,700.238
9.2,1.92,33.75,0.0,622.255
10.3,0.6,39.25,0.0,504.953
12.5,0.48,44.67,0.0,343.361
10.5,0.84,41.59,0.0,156.976
10.3,3.12,35.24,0.0,20.5171
11.8,1.8,32.48,0.0,0.0
8.4,1.2,26.18,0.0,0.0
10.2,1.44,26.36,0.0,0.0
7.3,1.44,19.91,0.0,0.0
8.0,1.44,18.82,0.0,0.0
8.1,0.48,18.04,0.0,0.0
4.9,0.12,13.47,0.0,0.0
7.2,0.0,15.41,0.0,0.0
8.3,0.12,15.98,0.0,0.0
7.2,1.32,14.05,0.0,0.0
9.1,5.52,21.67,0.0,0.0
12.6,17.64,34.04,0.0,64.119
12.1,6.24,35.24,0.0,225.407
15.2,7.92,41.01,0.0,413.177
9.1,3.24,32.91,0.0,562.776
11.6,9.72,36.04,0.0,669.086
12.5,4.32,37.63,0.0,726.1489999999999
11.8,6.36,37.76,0.0,740.988
10.9,2.52,39.15,0.0,697.5889999999999
11.0,1.44,43.37,0.0,635.285
10.5,2.4,45.82,0.0,506.434
11.9,7.68,49.35,0.0,342.13300000000004
13.3,4.08,50.68,0.0,155.144
13.2,6.12,44.54,0.0,20.2184
11.2,2.16,36.78,0.0,0.0
12.0,2.76,36.64,0.0,0.0
9.4,1.08,31.64,0.0,0.0
10.9,0.12,33.06,0.0,0.0
5.8,0.36,24.15,0.0,0.0
4.1,0.24,21.38,0.0,0.0
8.7,1.08,28.8,0.0,0.0
5.4,0.0,22.27,0.0,0.0
4.2,0.12,20.32,0.0,0.0
6.6,2.88,24.48,0.0,0.0
11.2,17.64,37.45,0.0,0.0
12.9,9.12,40.34,0.0,67.4959
12.3,10.2,41.56,0.0,183.225
13.5,10.92,48.44,0.0,368.119
11.7,1.92,46.06,0.0,480.256
12.9,5.88,48.31,0.0,521.268
13.3,0.6,49.73,0.0,558.033
13.7,1.8,51.15,0.0,665.171
12.3,1.08,51.8,0.0,472.287
10.3,2.16,53.56,0.0,598.444
7.5,3.36,51.91,0.0,473.079
14.2,4.92,61.42,0.0,312.17400000000004
8.2,5.28,49.87,0.0,142.254
11.2,2.76,47.62,0.0,21.0398
13.6,3.12,47.58,0.0,0.0
10.2,2.52,41.56,0.0,0.0
9.8,2.88,39.06,0.0,0.0
6.7,1.8,32.26,0.0,0.0
7.5,0.72,32.3,0.0,0.0
8.3,1.56,32.09,0.0,0.0
5.2,0.6,24.84,0.0,0.0
7.8,0.12,28.33,0.0,0.0
7.7,0.24,27.07,0.0,0.0
5.8,0.48,22.68,0.0,0.0
9.9,5.88,31.83,0.0,0.0
12.3,10.92,39.98,0.0,75.2992
10.6,10.2,37.78,0.0,172.382
9.9,3.72,40.43,0.0,328.59
7.5,12.12,38.63,0.0,478.254
14.1,2.76,48.88,0.0,492.952
9.9,5.52,43.08,0.0,592.413
11.5,2.64,46.98,0.0,592.215
10.2,1.2,47.19,0.0,502.644
8.3,3.72,48.26,0.0,583.316
10.5,5.76,53.72,0.0,442.958
14.3,6.72,59.33,0.0,280.89
11.4,3.84,53.38,0.0,135.886
10.2,2.52,45.2,0.0,21.7507
10.1,2.64,40.23,0.0,0.0
10.2,3.12,38.05,0.0,0.0
7.0,1.8,31.85,0.0,0.0
4.6,2.4,26.58,0.0,0.0
7.8,0.84,31.0,0.0,0.0
6.1,2.16,25.71,0.0,0.0
6.4,0.48,22.54,0.0,0.0
7.3,0.12,21.47,0.0,0.0
4.6,0.24,15.41,0.0,0.0
9.2,0.72,19.79,0.0,0.0
10.5,7.44,20.2,0.0,0.0
13.2,10.56,23.95,0.0,21.0795
6.4,9.72,13.71,0.0,55.1503
7.9,4.2,20.23,0.0,236.912
9.3,11.76,28.68,0.0,444.233
8.6,8.52,31.12,0.0,563.025
9.1,4.92,34.11,0.0,606.694
11.6,5.52,40.35,0.0,597.86
10.3,2.4,40.69,0.0,543.9540000000001
11.2,2.64,42.42,0.0,330.559
9.1,0.96,39.29,0.0,270.651
10.2,1.56,37.89,0.0,106.355
9.1,5.4,36.1,0.0,40.8634
10.1,2.88,32.7,0.0,2.24186
11.3,1.92,30.43,0.0,0.0
7.9,1.56,24.06,0.0,0.0
8.9,1.8,24.4,0.0,0.0
5.3,0.96,18.04,0.0,0.0
5.9,1.44,18.45,0.0,0.0
6.2,0.0,18.06,0.0,0.0
6.3,0.12,17.64,0.0,0.0
6.3,0.12,17.44,0.0,0.0
5.5,0.24,14.86,0.0,0.0
7.7,0.96,18.14,0.0,0.0
7.8,8.4,18.76,0.0,0.0
9.6,18.72,22.56,0.0,34.9344
16.5,14.76,33.64,0.0,90.5903
6.5,6.96,16.08,0.0,110.669
9.1,5.76,20.14,0.0,131.497
8.2,1.08,18.76,0.0,144.01
12.2,3.24,25.15,0.0,135.56799999999998
10.5,1.92,21.57,0.0,110.852
13.6,0.96,26.92,0.0,133.17700000000002
10.8,1.44,22.59,0.0,138.963
8.2,2.4,18.07,0.0,35.3926
13.5,3.0,28.6,0.0,4.65279
12.4,6.0,27.61,0.0,0.0
9.3,1.68,21.52,0.0,0.0
14.0,4.8,29.34,0.0,0.0
11.4,2.16,24.68,0.0,0.0
9.4,1.08,20.85,0.0,0.0
6.2,0.0,15.77,0.0,0.0
6.6,6.0,15.86,0.0,0.0
5.0,0.36,12.74,0.0,0.0
7.2,0.24,15.99,0.0,0.0
7.4,0.0,15.29,0.0,0.0
6.9,0.24,14.02,0.0,0.0
11.4,1.2,21.74,0.0,0.0
10.8,7.8,21.46,0.0,0.0
14.0,20.04,31.37,0.0,68.0374
13.1,7.44,34.79,0.0,200.943
13.6,9.72,38.3,0.0,295.832
11.2,10.8,36.73,0.0,402.675
11.6,5.16,37.44,0.0,423.159
9.5,5.52,34.39,0.0,395.07
12.1,1.08,35.25,0.0,206.11
10.7,3.12,30.93,0.0,160.332
7.8,4.8,29.06,0.0,336.45
5.9,5.64,27.18,0.0,253.262
10.6,1.56,31.08,0.0,49.1764
12.3,4.56,32.84,0.0,7.81809
11.8,7.44,30.68,0.0,0.0
8.3,3.12,23.04,0.0,0.0
14.3,4.44,32.5,0.0,0.0
11.0,1.32,25.92,0.0,0.0
7.1,2.28,18.9,0.0,0.0
7.0,3.84,18.4,0.0,0.0
7.2,0.48,18.59,0.0,0.0
6.7,0.48,17.53,0.0,0.0
5.5,0.36,15.78,0.0,0.0
5.6,1.2,16.32,0.0,0.0
7.4,3.12,19.15,0.0,0.0
6.2,7.8,18.54,0.0,0.0
8.7,10.32,27.28,0.0,76.9134
12.0,7.44,36.34,0.0,193.898
9.7,15.12,34.65,0.0,318.154
10.1,6.36,37.11,0.0,389.079
12.6,0.6,40.62,0.0,551.571
13.2,3.96,41.3,0.0,470.92
13.4,6.0,43.76,0.0,420.65
9.1,1.68,37.61,0.0,338.121
12.2,0.84,38.75,0.0,230.877
9.6,0.36,31.6,0.0,126.185
14.0,1.56,37.72,0.0,84.9449
8.1,1.44,28.84,0.0,60.7463
10.8,1.92,31.08,0.0,10.2686
11.4,2.28,29.96,0.0,0.0
7.3,6.6,22.54,0.0,0.0
18.3,1.92,39.43,0.0,0.0
7.4,0.96,20.45,0.0,0.0
5.8,0.36,17.95,0.0,0.0
6.2,0.24,17.87,0.0,0.0
7.4,0.24,18.92,0.0,0.0
7.8,0.48,18.89,0.0,0.0
7.3,1.56,17.62,0.0,0.0
6.8,2.4,17.18,0.0,0.0
7.1,4.92,24.28,0.0,0.0
15.3,15.6,45.45,0.0,63.1873
13.9,8.88,40.85,0.0,181.6
9.0,13.08,35.39,0.0,329.046
11.1,9.12,40.64,0.0,481.0
8.8,4.56,37.34,0.0,420.953
12.2,5.04,42.18,0.0,449.239
10.9,1.68,40.3,0.0,661.176
8.3,2.76,39.75,0.0,633.231
9.1,1.8,42.05,0.0,447.295
10.4,1.32,41.74,0.0,269.034
13.4,1.8,44.38,0.0,109.28
12.2,2.64,41.93,0.0,70.5112
9.7,1.56,35.32,0.0,11.6973
12.6,1.44,37.42,0.0,0.0
10.6,2.04,33.26,0.0,0.0
8.3,3.72,28.55,0.0,0.0
8.3,1.8,28.41,0.0,0.0
5.6,0.36,23.36,0.0,0.0
7.0,0.72,25.63,0.0,0.0
6.0,0.36,23.54,0.0,0.0
6.1,1.44,23.33,0.0,0.0
5.2,0.12,21.38,0.0,0.0
7.6,1.8,25.89,0.0,0.0
9.3,5.76,28.95,0.0,0.0
8.5,10.8,28.32,0.0,38.9941
19.7,9.72,49.5,0.0,122.796
10.2,7.92,37.52,0.0,304.80400000000003
12.6,6.84,43.75,0.0,409.448
12.5,2.64,43.41,0.0,371.657
10.3,4.2,38.51,0.0,258.749
19.2,14.16,46.14,0.0,72.9411
12.4,3.48,33.56,0.0,103.328
11.5,2.64,33.64,0.0,106.358
9.8,4.2,33.69,0.0,108.711
11.4,0.48,40.39,0.0,151.791
8.3,6.12,35.43,0.0,97.6047
12.3,2.4,36.3,0.0,19.5049
6.6,1.44,23.63,0.0,0.0
11.7,0.48,31.49,0.0,0.0
8.2,1.32,26.43,0.0,0.0
7.4,0.72,25.31,0.0,0.0
5.9,0.96,21.93,0.0,0.0
5.2,0.6,20.17,0.0,0.0
6.7,0.24,22.39,0.0,0.0
5.8,0.12,20.17,0.0,0.0
6.0,0.24,19.55,0.0,0.0
9.7,1.56,24.9,0.0,0.0
5.1,15.48,17.4,0.0,0.0
8.4,11.4,25.44,0.0,22.2551
11.9,12.0,35.78,0.0,166.49900000000002
10.8,19.56,37.41,0.0,315.631
11.8,2.04,41.15,0.0,431.15
10.9,3.0,39.81,0.0,591.5
14.0,2.76,43.89,0.0,666.045
15.0,1.44,45.86,0.0,670.586
13.4,3.36,46.74,0.0,533.6419999999999
12.3,2.28,46.88,0.0,453.838
8.9,1.2,43.85,0.0,327.98400000000004
13.3,3.12,53.34,0.0,276.263
10.2,2.88,47.79,0.0,132.705
9.2,1.56,39.65,0.0,23.755
9.8,2.04,35.5,0.0,0.0
10.1,1.56,34.06,0.0,0.0
5.7,4.56,25.25,0.0,0.0
7.7,1.44,27.02,0.0,0.0
7.3,0.96,25.28,0.0,0.0
8.1,0.36,25.61,0.0,0.0
5.5,0.12,20.8,0.0,0.0
6.9,0.12,23.24,0.0,0.0
6.1,1.8,21.12,0.0,0.0
8.6,2.04,25.31,0.0,0.0
4.7,3.72,18.84,0.0,0.0
7.2,4.2,27.65,0.0,63.3176
10.4,6.0,38.29,0.0,192.227
10.3,12.48,40.63,0.0,336.32300000000004
11.5,7.44,43.17,0.0,479.407
11.3,3.72,40.56,0.0,434.111
14.4,6.6,44.26,0.0,461.204
13.0,3.0,44.18,0.0,565.7180000000001
10.7,4.68,40.65,0.0,454.029
14.5,4.44,44.01,0.0,283.494
8.5,1.92,32.74,0.0,204.653
9.7,1.2,35.39,0.0,171.84
13.0,6.48,39.02,0.0,77.7315
11.7,2.28,33.5,0.0,14.2491
12.8,4.08,33.18,0.0,0.0
8.9,1.92,26.23,0.0,0.0
7.0,2.52,22.17,0.0,0.0
5.4,1.56,19.0,0.0,0.0
4.1,0.24,16.18,0.0,0.0
6.5,0.48,19.27,0.0,0.0
4.4,0.12,15.55,0.0,0.0
6.1,0.0,17.96,0.0,0.0
5.1,0.12,16.37,0.0,0.0
6.8,7.08,19.33,0.0,0.0
9.5,3.48,24.25,0.0,0.0
9.4,9.96,23.88,0.0,43.1367
11.7,8.52,25.73,0.0,70.0128
11.9,10.08,26.51,0.0,102.636
9.8,2.52,29.03,0.0,355.958
14.1,2.28,38.09,0.0,436.098
12.2,3.0,36.01,0.0,500.97
13.6,3.36,38.92,0.0,374.939
11.1,3.6,35.3,0.0,345.722
12.4,5.52,38.62,0.0,389.202
7.9,1.8,33.42,0.0,277.563
16.2,2.4,48.99,0.0,273.095
12.9,1.08,43.83,0.0,141.164
14.6,3.84,41.56,0.0,22.5509
12.2,2.28,34.94,0.0,0.0
9.0,3.24,30.19,0.0,0.0
6.7,0.72,25.9,0.0,0.0
6.9,0.72,25.05,0.0,0.0
7.1,3.6,24.12,0.0,0.0
6.1,2.28,20.87,0.0,0.0
8.2,3.36,23.11,0.0,0.0
5.9,0.24,18.7,0.0,0.0
5.5,0.48,17.9,0.0,0.0
7.1,1.2,20.23,0.0,0.0
8.6,3.12,29.33,0.0,0.0
8.3,14.64,33.14,0.0,62.0742
10.5,10.44,33.93,0.0,194.185
9.2,9.48,33.74,0.0,352.92900000000003
10.3,4.68,36.32,0.0,531.5319999999999
10.3,3.12,35.51,0.0,642.056
12.5,2.16,39.52,0.0,699.929
12.7,1.44,41.79,0.0,711.492
10.5,4.2,43.01,0.0,686.051
6.8,9.6,43.1,0.0,616.349
8.3,1.08,47.82,0.0,492.574
16.6,2.76,59.16,0.0,335.288
10.6,1.68,49.1,0.0,157.886
12.1,1.08,44.34,0.0,26.4761
7.7,8.52,32.21,0.0,0.0
11.1,3.84,34.41,0.0,0.0
7.5,1.8,27.19,0.0,0.0
5.9,1.32,22.92,0.0,0.0
8.1,2.28,24.19,0.0,0.0
8.8,0.12,23.22,0.0,0.0
6.3,0.36,18.33,0.0,0.0
5.3,0.24,16.18,0.0,0.0
6.8,3.48,17.14,0.0,0.0
4.6,1.44,13.6,0.0,0.0
5.3,4.92,18.97,0.0,0.0
8.4,9.84,28.56,0.0,64.3228
14.1,10.68,37.44,0.0,220.893
10.2,8.88,32.62,0.0,400.8730000000001
10.3,5.4,32.19,0.0,555.019
15.2,7.2,36.81,0.0,648.744
12.6,2.4,33.11,0.0,716.227
11.9,3.24,33.7,0.0,728.99
13.1,1.44,38.27,0.0,690.5239999999999
8.3,1.2,36.42,0.0,621.601
9.9,0.72,41.9,0.0,510.58
10.2,2.04,45.25,0.0,353.366
10.4,1.56,44.86,0.0,166.727
10.9,0.84,39.07,0.0,27.1581
8.9,1.8,31.48,0.0,0.0
9.4,1.92,30.38,0.0,0.0
13.0,0.72,32.67,0.0,0.0
10.1,0.72,26.29,0.0,0.0
8.1,0.24,21.72,0.0,0.0
9.2,0.24,20.38,0.0,0.0
7.6,0.36,16.24,0.0,0.0
7.4,3.96,15.5,0.0,0.0
7.9,2.4,16.27,0.0,0.0
5.9,1.08,12.61,0.0,0.0
5.4,4.2,16.52,0.0,0.0
13.5,15.12,36.84,0.0,63.5746
11.2,8.76,35.69,0.0,216.798
9.8,17.88,34.34,0.0,397.591
10.1,10.2,35.1,0.0,546.39
9.3,2.64,33.11,0.0,645.344
13.9,6.84,39.49,0.0,704.0160000000001
10.8,2.16,36.94,0.0,724.6310000000001
10.9,1.08,40.35,0.0,690.1560000000001
12.9,1.8,45.91,0.0,569.729
11.3,1.44,44.79,0.0,384.064
9.8,3.6,44.59,0.0,281.94
10.9,0.72,44.63,0.0,130.398
12.6,0.84,42.09,0.0,26.3433
13.0,2.04,38.73,0.0,0.0
9.5,1.68,32.38,0.0,0.0
11.4,2.88,33.88,0.0,0.0
5.4,1.56,23.32,0.0,0.0
6.0,1.44,22.6,0.0,0.0
4.0,0.12,17.5,0.0,0.0
7.4,0.12,21.16,0.0,0.0
6.6,0.0,19.51,0.0,0.0
7.1,0.12,19.35,0.0,0.0
7.2,3.6,18.46,0.0,0.0
5.1,5.88,21.85,0.0,0.0
6.5,15.48,31.02,0.0,59.4432
15.0,11.28,44.32,0.0,202.968
11.1,6.24,37.91,0.0,376.027
10.2,6.12,36.01,0.0,537.6659999999999
12.2,3.36,37.68,0.0,597.0790000000001
12.3,2.88,39.19,0.0,561.113
11.5,4.68,40.12,0.0,487.268
9.7,2.52,41.01,0.0,498.514
12.4,2.64,47.01,0.0,451.043
13.4,3.72,52.14,0.0,514.732
16.3,2.16,58.77,0.0,355.65
11.2,3.6,52.12,0.0,169.06900000000002
9.9,1.92,43.53,0.0,26.8896
8.5,4.56,35.87,0.0,0.0
15.8,3.84,44.23,0.0,0.0
7.2,1.2,29.74,0.0,0.0
6.1,0.36,26.85,0.0,0.0
8.4,1.68,28.79,0.0,0.0
6.8,0.84,24.87,0.0,0.0
8.5,0.24,26.82,0.0,0.0
8.9,0.12,26.22,0.0,0.0
7.9,0.12,23.75,0.0,0.0
7.7,0.72,23.51,0.0,0.0
9.6,8.04,31.94,0.0,0.0
7.8,10.2,30.94,0.0,63.1224
13.3,9.0,43.73,0.0,169.983
7.4,5.88,36.48,0.0,341.992
9.0,5.52,39.38,0.0,304.205
12.4,2.4,44.85,0.0,354.82
12.4,3.24,47.46,0.0,564.085
13.8,7.68,50.64,0.0,459.069
13.5,4.08,47.79,0.0,234.549
12.7,1.2,45.28,0.0,258.147
10.8,0.48,44.64,0.0,309.771
13.3,3.96,52.81,0.0,287.192
14.3,2.4,52.75,0.0,137.186
9.8,2.28,39.2,0.0,27.323
13.6,3.36,41.17,0.0,0.0
10.1,4.08,34.63,0.0,0.0
7.8,0.84,30.35,0.0,0.0
5.9,2.4,26.56,0.0,0.0
8.9,2.52,30.43,0.0,0.0
5.6,0.48,23.4,0.0,0.0
4.6,0.48,21.28,0.0,0.0
7.2,0.0,25.72,0.0,0.0
5.6,1.68,22.29,0.0,0.0
8.9,1.32,28.29,0.0,0.0
4.9,0.48,21.94,0.0,0.0
7.6,3.24,31.69,0.0,65.3264
9.5,6.6,37.35,0.0,199.267
10.4,5.76,37.23,0.0,262.764
10.3,10.32,32.17,0.0,202.904
13.5,2.4,34.3,0.0,112.595
11.6,4.68,31.69,0.0,172.104
12.9,4.44,35.48,0.0,219.302
14.0,2.52,36.44,0.0,163.558
10.7,3.6,29.7,0.0,161.69799999999998
10.0,4.2,27.41,0.0,81.0932
10.3,3.48,28.31,0.0,5.4368
15.3,4.32,37.4,0.0,0.0
12.8,6.84,31.67,0.0,0.0
10.2,6.48,26.44,0.0,0.0
8.6,2.04,23.82,0.0,0.0
10.1,1.08,25.46,0.0,0.0
8.3,0.36,21.4,0.0,0.0
8.1,0.36,20.95,0.0,0.0
7.3,1.8,19.51,0.0,0.0
6.3,0.48,17.42,0.0,0.0
7.2,0.0,19.76,0.0,0.0
5.8,0.84,17.73,0.0,0.0
6.2,4.92,18.16,0.0,0.0
7.8,2.88,22.7,0.0,0.0
9.2,9.96,28.47,0.0,65.4407
12.5,9.72,37.52,0.0,175.46
10.0,17.52,35.08,0.0,250.378
9.9,6.12,37.59,0.0,353.37300000000005
10.8,4.08,40.89,0.0,469.521
12.9,3.6,45.02,0.0,480.77
10.6,0.84,42.94,0.0,592.997
10.3,1.44,44.75,0.0,461.107
11.4,2.76,44.32,0.0,151.606
7.7,4.56,45.21,0.0,378.196
10.1,0.96,52.43,0.0,337.027
10.0,2.64,51.45,0.0,159.20600000000002
12.1,2.4,47.61,0.0,27.2566
11.6,6.96,41.54,0.0,0.0
8.9,3.48,36.1,0.0,0.0
11.3,1.2,37.77,0.0,0.0
6.3,1.56,28.89,0.0,0.0
5.2,0.48,26.67,0.0,0.0
5.4,3.84,25.87,0.0,0.0
5.6,1.44,25.43,0.0,0.0
8.8,0.0,30.32,0.0,0.0
3.4,0.36,19.44,0.0,0.0
4.5,2.04,21.04,0.0,0.0
5.7,3.96,30.26,0.0,0.0
10.5,16.44,45.05,0.0,56.5906
11.9,10.44,44.98,0.0,194.835
10.5,14.88,42.0,0.0,315.362
8.3,6.12,39.79,0.0,336.098
10.3,1.44,45.99,0.0,462.612
12.3,7.2,49.4,0.0,562.188
10.5,3.24,44.0,0.0,348.521
9.2,3.6,43.7,0.0,495.667
8.9,5.64,48.81,0.0,589.055
10.6,1.44,54.69,0.0,486.193
9.9,5.76,55.78,0.0,333.112
11.4,9.24,56.84,0.0,161.72799999999998
10.6,2.88,49.51,0.0,27.3835
8.7,4.44,41.03,0.0,0.0
12.1,2.28,44.08,0.0,0.0
7.8,3.96,35.72,0.0,0.0
8.2,0.84,34.99,0.0,0.0
6.6,0.6,30.56,0.0,0.0
8.9,0.84,32.52,0.0,0.0
4.0,0.12,22.66,0.0,0.0
5.8,0.12,24.84,0.0,0.0
7.7,0.24,27.3,0.0,0.0
4.2,2.88,20.09,0.0,0.0
6.5,7.32,31.26,0.0,0.0
10.9,14.04,45.13,0.0,58.0494
16.4,9.24,51.13,0.0,183.679
12.0,12.0,44.79,0.0,326.939
11.7,9.72,46.09,0.0,463.936
9.4,0.6,40.65,0.0,592.0790000000001
10.2,3.36,40.58,0.0,656.928
11.4,3.0,44.43,0.0,698.563
9.3,1.56,43.31,0.0,557.841
6.9,1.2,43.2,0.0,600.6469999999999
10.4,1.92,53.33,0.0,487.586
14.2,2.04,60.19,0.0,333.75300000000004
11.7,0.72,56.1,0.0,162.289
10.3,2.76,46.92,0.0,27.2381
11.2,0.36,42.09,0.0,0.0
11.8,2.28,41.17,0.0,0.0
10.1,1.08,36.73,0.0,0.0
7.7,0.48,31.66,0.0,0.0
6.5,0.48,28.99,0.0,0.0
7.4,0.24,29.28,0.0,0.0
5.6,0.0,24.69,0.0,0.0
7.3,1.08,26.69,0.0,0.0
8.9,2.64,28.44,0.0,0.0
6.3,0.24,22.69,0.0,0.0
7.2,3.48,29.05,0.0,0.0
8.7,13.8,34.22,0.0,68.9193
12.1,6.84,42.41,0.0,191.871
9.5,17.52,39.84,0.0,315.277
10.6,5.4,42.96,0.0,423.307
12.3,4.32,46.01,0.0,554.0419999999999
12.6,5.4,48.09,0.0,548.475
12.5,4.8,49.14,0.0,564.781
13.7,1.44,52.84,0.0,629.985
7.6,1.68,48.89,0.0,552.82
12.7,4.08,56.76,0.0,347.296
12.8,2.64,59.09,0.0,305.423
8.5,3.0,53.56,0.0,160.243
11.5,0.96,51.72,0.0,28.025
12.3,0.84,46.66,0.0,0.0
11.5,1.8,42.77,0.0,0.0
8.7,1.08,36.13,0.0,0.0
6.6,0.48,31.42,0.0,0.0
6.1,0.36,27.5,0.0,0.0
4.5,1.44,20.74,0.0,0.0
7.2,0.72,22.75,0.0,0.0
5.8,0.12,18.89,0.0,0.0
6.1,0.12,18.79,0.0,0.0
5.0,1.68,16.99,0.0,0.0
8.0,7.44,22.21,0.0,0.0
7.4,10.2,23.62,0.0,69.684
16.0,9.84,38.57,0.0,123.712
11.3,13.56,32.81,0.0,161.47899999999998
13.6,3.6,41.72,0.0,343.01300000000003
11.7,1.44,40.62,0.0,415.629
16.6,1.56,48.69,0.0,495.828
10.8,8.28,41.38,0.0,348.49
12.9,1.2,45.66,0.0,345.24
11.7,1.08,41.12,0.0,137.84
9.8,0.72,37.3,0.0,23.3437
10.6,2.28,41.97,0.0,135.19799999999998
11.7,4.92,43.81,0.0,85.4073
11.7,1.32,41.52,0.0,18.6949
12.2,4.56,40.31,0.0,0.0
11.8,3.6,38.57,0.0,0.0
8.5,1.32,32.35,0.0,0.0
9.6,0.48,33.87,0.0,0.0
4.1,1.56,23.94,0.0,0.0
6.3,0.0,27.63,0.0,0.0
7.5,0.48,28.41,0.0,0.0
9.4,0.24,30.45,0.0,0.0
7.9,3.6,26.6,0.0,0.0
3.7,2.4,18.78,0.0,0.0
11.4,10.56,38.57,0.0,0.0
11.5,7.68,44.27,0.0,67.5668
7.9,13.2,40.56,0.0,206.409
11.4,4.44,47.28,0.0,368.349
10.9,1.92,46.61,0.0,459.375
14.2,1.56,52.23,0.0,493.483
13.6,2.16,52.9,0.0,557.563
14.3,2.16,54.52,0.0,541.664
10.9,1.44,42.27,0.0,226.82
9.2,3.0,37.54,0.0,399.369
7.6,0.48,36.54,0.0,389.628
13.6,5.28,42.71,0.0,196.356
13.6,1.68,39.06,0.0,54.8165
11.0,7.32,32.38,0.0,10.293
15.1,3.6,36.13,0.0,0.0
5.9,2.04,21.9,0.0,0.0
9.8,1.8,27.07,0.0,0.0
5.2,3.84,19.3,0.0,0.0
7.0,0.24,22.47,0.0,0.0
5.4,2.16,19.62,0.0,0.0
5.7,0.36,20.41,0.0,0.0
5.5,0.36,19.97,0.0,0.0
4.7,3.96,18.27,0.0,0.0
3.8,0.48,16.63,0.0,0.0
7.2,4.8,30.04,0.0,0.0
8.8,5.64,40.54,0.0,57.7534
11.6,8.28,46.65,0.0,198.876
12.3,21.84,47.75,0.0,372.244
10.4,10.8,44.76,0.0,521.148
12.9,3.0,47.45,0.0,619.2090000000001
10.4,6.24,43.41,0.0,676.6239999999999
11.4,6.0,45.97,0.0,691.831
13.5,1.8,52.72,0.0,665.2560000000001
8.0,8.76,49.91,0.0,598.2819999999999
12.4,5.52,58.73,0.0,490.117
13.0,4.2,59.85,0.0,326.038
10.5,4.56,56.22,0.0,152.398
9.4,3.12,48.28,0.0,29.2239
10.3,7.08,44.13,0.0,0.0
10.0,3.6,42.08,0.0,0.0
10.0,2.4,40.46,0.0,0.0
9.3,3.24,38.39,0.0,0.0
4.2,0.48,29.27,0.0,0.0
5.7,0.36,30.95,0.0,0.0
5.5,0.12,28.66,0.0,0.0
6.5,0.12,28.53,0.0,0.0
4.6,1.56,23.53,0.0,0.0
5.0,3.36,24.38,0.0,0.0
11.3,3.12,36.21,0.0,0.0
9.6,9.12,31.9,0.0,32.9025
10.9,5.16,33.01,0.0,87.7152
13.6,21.6,37.07,0.0,145.464
10.8,1.56,32.33,0.0,230.61
13.6,4.44,37.36,0.0,202.436
11.4,0.96,31.33,0.0,149.10299999999998
12.3,0.72,31.38,0.0,125.96
7.3,2.04,22.09,0.0,97.118
9.1,3.84,25.06,0.0,88.411
11.3,2.4,29.12,0.0,73.0644
12.2,0.6,31.54,0.0,56.8601
10.4,2.28,28.14,0.0,4.5953
17.7,3.0,38.99,0.0,0.0
13.9,2.28,31.46,0.0,0.0
8.0,5.04,21.59,0.0,0.0
8.4,0.84,22.51,0.0,0.0
6.6,3.12,19.3,0.0,0.0
9.9,1.08,25.62,0.0,0.0
6.3,0.0,18.93,0.0,0.0
7.8,0.24,21.38,0.0,0.0
4.9,0.0,16.33,0.0,0.0
5.5,1.8,17.88,0.0,0.0
7.0,0.24,21.31,0.0,0.0
4.9,5.76,20.93,0.0,0.0
10.5,19.44,37.66,0.0,77.1774
11.5,11.52,39.7,0.0,149.954
8.6,13.8,38.14,0.0,312.578
10.4,11.28,39.31,0.0,248.17
13.0,1.92,42.54,0.0,367.801
12.9,3.48,40.77,0.0,219.565
11.1,3.12,38.78,0.0,263.986
8.4,2.4,35.87,0.0,213.377
11.3,6.48,44.62,0.0,281.748
8.5,3.0,42.57,0.0,260.085
12.2,4.68,55.38,0.0,330.418
11.6,3.6,52.3,0.0,160.14
10.2,3.6,43.5,0.0,32.0193
10.5,6.12,40.22,0.0,0.0
12.4,0.36,43.66,0.0,0.0
9.8,1.32,37.75,0.0,0.0
5.8,1.8,30.7,0.0,0.0
5.1,0.36,29.42,0.0,0.0
4.6,0.12,27.64,0.0,0.0
4.9,0.0,28.07,0.0,0.0
4.9,0.12,28.07,0.0,0.0
7.2,1.68,32.0,0.0,0.0
3.9,5.16,24.74,0.0,0.0
7.7,8.04,39.34,0.0,0.0
7.7,12.24,43.85,0.0,57.1974
11.3,9.6,47.2,0.0,184.366
9.4,7.68,44.61,0.0,309.087
14.4,7.08,54.27,0.0,441.331
11.0,3.0,50.0,0.0,484.43
13.0,2.76,53.86,0.0,429.597
12.7,3.6,54.78,0.0,584.629
9.0,3.36,50.69,0.0,483.899
9.3,3.12,52.82,0.0,557.351
9.5,1.08,53.47,0.0,383.115
11.3,3.0,58.59,0.0,336.386
12.8,2.04,58.25,0.0,161.813
12.9,2.64,51.31,0.0,31.9962
11.8,2.16,44.71,0.0,0.0
15.3,2.64,48.83,0.0,0.0
11.0,0.84,40.85,0.0,0.0
8.4,1.08,36.42,0.0,0.0
6.5,0.48,33.06,0.0,0.0
4.8,1.44,29.75,0.0,0.0
6.1,0.12,32.13,0.0,0.0
10.9,3.84,39.69,0.0,0.0
5.9,1.32,28.46,0.0,0.0
5.1,1.68,27.26,0.0,0.0
7.0,3.72,34.78,0.0,0.0
9.4,12.96,43.01,0.0,71.4869
11.2,13.44,46.68,0.0,191.266
10.5,10.68,45.87,0.0,323.54900000000004
12.6,6.84,48.02,0.0,268.03700000000003
10.1,2.88,45.82,0.0,361.028
13.5,5.64,54.81,0.0,588.379
10.9,2.64,51.34,0.0,503.33
10.5,3.96,52.72,0.0,604.311
12.5,1.32,55.71,0.0,404.865
10.4,1.08,53.44,0.0,287.073
16.8,3.12,64.58,0.0,314.494
15.4,3.96,61.48,0.0,156.951
11.1,1.8,50.36,0.0,31.0743
10.0,1.8,43.81,0.0,0.0
9.6,2.64,41.52,0.0,0.0
11.6,1.2,43.3,0.0,0.0
13.0,1.32,43.44,0.0,0.0
5.8,0.36,29.96,0.0,0.0
5.7,0.48,29.98,0.0,0.0
4.2,0.24,26.19,0.0,0.0
4.3,0.24,25.69,0.0,0.0
4.7,0.24,25.98,0.0,0.0
4.1,0.36,24.15,0.0,0.0
8.3,6.36,37.65,0.0,0.0
8.0,10.68,42.52,0.0,62.9756
12.9,8.76,50.73,0.0,199.487
10.4,2.4,47.62,0.0,343.50800000000004
10.1,5.52,47.6,0.0,479.441
13.0,3.0,49.7,0.0,557.289
11.9,3.24,47.47,0.0,479.077
13.1,3.84,43.61,0.0,321.508
12.1,4.2,36.63,0.0,165.733
10.1,1.56,33.87,0.0,140.596
10.8,3.12,39.02,0.0,223.247
12.3,2.76,46.31,0.0,275.951
11.4,3.72,45.31,0.0,158.744
10.1,2.52,36.57,0.0,32.3574
12.7,1.92,36.35,0.0,0.0
9.3,1.32,30.17,0.0,0.0
8.6,0.84,28.4,0.0,0.0
5.8,0.72,22.55,0.0,0.0
6.8,0.96,23.75,0.0,0.0
8.8,0.12,26.69,0.0,0.0
7.0,0.0,22.03,0.0,0.0
5.7,0.24,19.51,0.0,0.0
7.9,1.32,22.61,0.0,0.0
4.7,1.32,16.64,0.0,0.0
11.9,5.76,33.44,0.0,0.0
11.6,6.48,37.33,0.0,73.2987
11.0,11.28,36.75,0.0,146.939
9.8,11.64,38.87,0.0,306.296
8.9,7.08,39.45,0.0,413.7
10.9,0.96,43.28,0.0,529.034
15.7,2.04,50.29,0.0,631.05
11.8,5.16,45.25,0.0,384.489
13.1,7.68,45.57,0.0,173.919
9.3,1.08,43.07,0.0,319.255
11.0,0.84,47.0,0.0,223.512
12.2,3.72,52.39,0.0,258.013
15.1,2.76,55.22,0.0,139.914
8.6,3.12,40.65,0.0,30.0743
9.6,2.76,38.81,0.0,0.0
6.2,1.32,33.17,0.0,0.0
10.0,2.64,36.58,0.0,0.0
6.9,2.04,29.27,0.0,0.0
7.1,0.36,28.34,0.0,0.0
7.0,0.72,26.38,0.0,0.0
4.7,0.0,21.49,0.0,0.0
11.7,0.0,31.56,0.0,0.0
5.6,1.92,20.04,0.0,0.0
6.4,2.64,21.06,0.0,0.0
11.1,0.96,33.3,0.0,0.0
8.5,3.72,34.2,0.0,64.2866
9.4,8.16,35.67,0.0,200.624
12.1,9.36,36.93,0.0,248.185
10.4,15.0,36.58,0.0,373.92
9.6,6.72,36.8,0.0,472.174
12.2,2.76,40.29,0.0,677.304
11.3,4.44,40.97,0.0,683.622
9.3,7.44,41.66,0.0,645.16
10.4,3.0,46.8,0.0,585.919
10.3,6.12,49.52,0.0,486.259
10.0,5.16,51.24,0.0,335.94199999999995
13.6,3.36,54.63,0.0,163.393
11.2,4.32,44.63,0.0,31.4979
7.2,8.88,34.79,0.0,0.0
9.0,4.44,36.49,0.0,0.0
8.0,0.96,33.7,0.0,0.0
5.9,0.84,28.99,0.0,0.0
4.6,0.48,25.9,0.0,0.0
7.0,0.24,27.81,0.0,0.0
4.3,0.12,21.65,0.0,0.0
5.0,0.12,22.31,0.0,0.0
5.4,0.24,22.72,0.0,0.0
5.3,4.32,22.58,0.0,0.0
6.9,4.08,26.83,0.0,0.0
7.7,9.12,30.29,0.0,59.5871
12.4,7.92,38.5,0.0,133.452
15.7,12.72,44.01,0.0,227.574
13.0,4.56,42.14,0.0,403.437
15.3,3.6,46.01,0.0,502.698
13.1,0.84,42.79,0.0,508.903
10.3,0.96,38.42,0.0,411.348
11.8,1.68,41.69,0.0,452.064
10.3,0.96,39.53,0.0,336.139
10.0,2.28,37.44,0.0,156.312
13.7,3.6,44.3,0.0,203.748
13.2,3.84,41.85,0.0,86.5111
11.2,4.32,36.14,0.0,17.8472
13.4,4.68,36.23,0.0,0.0
12.6,1.08,33.53,0.0,0.0
11.0,0.6,30.17,0.0,0.0
8.6,1.56,26.7,0.0,0.0
3.9,2.64,19.57,0.0,0.0
5.1,0.12,20.11,0.0,0.0
4.4,1.56,18.6,0.0,0.0
5.4,0.12,19.45,0.0,0.0
6.9,0.24,22.22,0.0,0.0
6.9,0.84,22.61,0.0,0.0
4.2,6.24,20.47,0.0,0.0
10.7,15.0,37.03,0.0,70.7997
10.2,10.32,35.73,0.0,168.697
10.1,7.44,36.67,0.0,297.138
10.6,2.64,40.09,0.0,430.512
13.3,1.2,45.71,0.0,522.8
13.3,7.8,45.75,0.0,523.98
11.1,3.12,43.5,0.0,521.634
10.6,0.96,43.61,0.0,440.614
9.6,3.24,41.25,0.0,378.895
7.2,3.12,36.99,0.0,278.406
13.8,3.84,46.81,0.0,177.46900000000002
13.8,5.4,45.06,0.0,96.1819
10.3,2.16,36.28,0.0,23.0705
11.1,1.92,35.76,0.0,0.0
8.4,3.12,31.65,0.0,0.0
7.5,2.4,28.62,0.0,0.0
5.0,1.56,22.39,0.0,0.0
5.8,0.36,22.83,0.0,0.0
7.0,0.6,23.51,0.0,0.0
4.7,0.24,19.53,0.0,0.0
7.7,0.12,25.24,0.0,0.0
6.9,3.12,23.26,0.0,0.0
5.3,3.48,19.34,0.0,0.0
9.1,4.92,26.2,0.0,0.0
12.4,10.2,35.0,0.0,70.9058
13.2,12.6,36.81,0.0,154.246
12.7,10.56,36.68,0.0,223.342
11.0,5.52,36.72,0.0,300.045
10.5,10.08,36.27,0.0,211.178
12.5,3.96,40.45,0.0,296.957
12.5,4.2,43.5,0.0,486.617
12.1,4.08,45.82,0.0,423.466
11.2,0.72,46.53,0.0,438.94
10.8,1.08,46.31,0.0,218.095
12.2,0.84,53.58,0.0,284.531
12.6,2.76,54.59,0.0,166.736
9.2,4.44,43.26,0.0,30.9615
9.0,1.08,38.67,0.0,0.0
14.5,2.76,46.84,0.0,0.0
8.0,1.8,35.6,0.0,0.0
6.9,1.8,33.72,0.0,0.0
6.0,0.24,31.65,0.0,0.0
8.1,2.04,34.99,0.0,0.0
6.0,0.0,29.84,0.0,0.0
8.8,2.76,34.53,0.0,0.0
5.3,0.0,26.6,0.0,0.0
5.6,1.44,27.07,0.0,0.0
6.2,2.28,30.51,0.0,0.0
10.2,13.08,42.81,0.0,68.5768
11.4,8.88,45.29,0.0,166.923
9.7,17.04,46.2,0.0,356.345
10.3,8.52,47.83,0.0,428.994
10.5,2.4,47.69,0.0,590.258
13.0,6.24,51.48,0.0,592.53
13.5,1.56,53.06,0.0,629.025
8.8,1.8,49.25,0.0,649.4590000000001
9.0,2.04,53.84,0.0,578.521
11.8,1.68,58.37,0.0,461.265
12.4,3.36,58.99,0.0,315.713
13.1,1.92,58.05,0.0,154.945
15.1,2.16,54.94,0.0,32.953
10.7,2.04,44.29,0.0,0.0
9.2,2.76,41.03,0.0,0.0
11.3,3.6,42.61,0.0,0.0
6.5,2.4,33.61,0.0,0.0
7.6,1.44,35.33,0.0,0.0
8.5,0.0,34.97,0.0,0.0
7.6,0.12,31.28,0.0,0.0
11.4,0.12,36.79,0.0,0.0
6.0,0.48,25.61,0.0,0.0
4.1,0.36,22.09,0.0,0.0
8.3,13.8,34.54,0.0,0.0
8.3,10.08,40.75,0.0,72.7782
11.3,7.2,47.82,0.0,200.202
14.2,9.72,51.39,0.0,360.221
9.2,2.16,45.03,0.0,500.947
13.2,2.76,51.17,0.0,531.964
13.4,1.68,51.39,0.0,666.2260000000001
11.7,5.04,51.24,0.0,674.382
9.4,2.4,52.09,0.0,661.263
13.0,4.56,59.81,0.0,586.351
10.7,2.64,57.64,0.0,478.016
11.1,2.4,58.28,0.0,323.706
9.4,2.04,53.93,0.0,159.908
15.2,1.68,55.9,0.0,33.8644
8.5,3.72,41.04,0.0,0.0
11.5,2.16,43.2,0.0,0.0
10.4,0.36,38.75,0.0,0.0
6.7,1.44,30.34,0.0,0.0
9.2,0.48,32.49,0.0,0.0
8.6,0.48,29.62,0.0,0.0
11.4,2.04,32.11,0.0,0.0
6.3,0.0,22.41,0.0,0.0
8.7,0.24,26.23,0.0,0.0
9.8,3.96,26.63,0.0,0.0
5.3,0.36,21.38,0.0,0.0
11.2,10.2,39.2,0.0,75.9856
8.7,4.2,39.12,0.0,206.075
11.3,1.32,45.37,0.0,365.208
14.6,5.4,50.86,0.0,496.94
14.4,4.08,50.25,0.0,583.842
13.6,3.84,48.64,0.0,640.985
16.6,2.04,54.59,0.0,656.069
12.5,5.04,52.34,0.0,621.384
12.1,0.36,55.35,0.0,558.979
14.3,5.16,59.71,0.0,449.494
10.6,2.4,56.96,0.0,306.209
11.7,4.44,55.63,0.0,153.27200000000002
8.5,5.76,45.73,0.0,32.4802
10.0,6.12,44.45,0.0,0.0
13.1,0.48,47.55,0.0,0.0
6.2,0.72,36.4,0.0,0.0
7.8,1.8,38.12,0.0,0.0
10.0,1.44,39.92,0.0,0.0
7.4,0.48,33.54,0.0,0.0
6.9,0.36,31.32,0.0,0.0
9.9,0.0,34.48,0.0,0.0
6.2,0.24,26.3,0.0,0.0
11.2,0.6,34.05,0.0,0.0
7.5,0.36,30.71,0.0,0.0
10.5,3.24,43.34,0.0,66.4487
9.8,3.36,44.67,0.0,198.1
8.5,7.08,43.18,0.0,321.798
7.3,12.12,42.47,0.0,462.734
11.0,2.76,48.54,0.0,499.028
12.1,3.24,49.29,0.0,643.05
9.3,2.4,46.72,0.0,690.0260000000001
12.7,6.36,54.85,0.0,650.525
11.4,4.92,55.84,0.0,547.922
7.4,2.4,51.89,0.0,423.8080000000001
14.6,2.64,61.17,0.0,318.361
12.3,0.72,60.39,0.0,167.25
13.1,1.44,57.02,0.0,31.6172
12.0,1.2,49.5,0.0,0.0
13.9,1.56,49.66,0.0,0.0
7.7,2.88,37.67,0.0,0.0
5.8,0.36,32.99,0.0,0.0
4.7,0.12,29.45,0.0,0.0
8.6,0.12,33.07,0.0,0.0
7.0,0.72,28.58,0.0,0.0
8.0,0.96,29.23,0.0,0.0
6.7,0.24,25.66,0.0,0.0
10.9,0.24,32.28,0.0,0.0
11.3,5.16,38.13,0.0,0.0
10.5,13.92,43.65,0.0,50.8065
13.1,7.08,48.3,0.0,191.11900000000003
14.8,7.92,50.82,0.0,366.025
16.6,8.76,53.12,0.0,503.597
11.8,8.64,47.87,0.0,513.909
10.9,3.36,46.71,0.0,623.087
14.4,6.36,53.59,0.0,601.585
10.5,2.64,50.67,0.0,625.156
13.3,4.56,58.21,0.0,553.6519999999999
11.4,0.96,57.91,0.0,388.04
10.4,3.84,59.35,0.0,348.725
10.4,0.84,59.72,0.0,172.733
11.9,1.68,55.69,0.0,31.2158
10.7,1.08,46.43,0.0,0.0
13.4,2.16,48.07,0.0,0.0
10.3,1.2,41.7,0.0,0.0
11.9,0.48,42.44,0.0,0.0
5.1,1.08,30.44,0.0,0.0
7.9,0.12,34.3,0.0,0.0
9.7,2.76,35.32,0.0,0.0
5.6,0.12,26.88,0.0,0.0
9.2,0.36,33.13,0.0,0.0
6.5,0.84,27.16,0.0,0.0
9.5,2.4,38.91,0.0,0.0
9.3,11.28,44.86,0.0,49.761
11.6,2.76,47.72,0.0,182.36
9.2,4.68,45.26,0.0,328.17400000000004
9.3,11.04,45.61,0.0,355.766
8.4,7.56,44.02,0.0,548.472
14.2,3.72,51.75,0.0,661.302
12.5,3.72,51.61,0.0,634.085
11.9,0.72,54.19,0.0,532.284
10.9,3.12,55.28,0.0,475.369
11.2,0.48,58.38,0.0,480.186
14.7,3.0,61.34,0.0,341.285
11.3,1.56,60.13,0.0,174.708
10.7,3.0,54.38,0.0,30.9891
12.4,5.52,49.01,0.0,0.0
9.3,0.96,42.55,0.0,0.0
10.9,6.12,42.73,0.0,0.0
8.4,1.44,37.17,0.0,0.0
10.7,0.96,39.58,0.0,0.0
7.4,0.24,32.77,0.0,0.0
8.4,0.12,33.14,0.0,0.0
9.3,0.12,32.7,0.0,0.0
7.2,0.12,27.97,0.0,0.0
10.1,2.64,32.65,0.0,0.0
5.6,3.48,30.15,0.0,0.0
9.4,12.0,43.48,0.0,50.5985
12.4,7.92,48.1,0.0,186.687
9.7,2.76,45.25,0.0,352.366
8.6,7.8,44.36,0.0,389.209
10.5,1.68,47.04,0.0,484.663
12.0,5.64,47.19,0.0,542.369
13.6,1.56,50.2,0.0,435.693
13.2,4.32,47.72,0.0,392.549
7.0,1.68,37.79,0.0,257.453
11.1,0.84,47.09,0.0,251.897
9.8,1.08,50.57,0.0,293.643
9.6,2.64,51.18,0.0,165.53099999999998
9.9,2.52,46.13,0.0,31.3973
9.0,3.0,39.32,0.0,0.0
11.0,5.04,41.2,0.0,0.0
10.9,0.84,40.26,0.0,0.0
7.5,1.56,34.09,0.0,0.0
8.3,0.72,33.85,0.0,0.0
8.3,2.28,32.05,0.0,0.0
7.8,0.0,29.39,0.0,0.0
8.2,0.12,29.25,0.0,0.0
8.7,0.36,29.4,0.0,0.0
7.1,1.2,25.56,0.0,0.0
10.6,0.6,37.61,0.0,0.0
9.2,8.28,41.83,0.0,55.0776
9.4,13.8,45.1,0.0,189.262
12.3,15.36,49.73,0.0,351.968
13.9,8.28,51.59,0.0,502.385
11.6,6.72,48.86,0.0,607.489
15.0,4.92,55.34,0.0,636.543
10.7,1.56,50.98,0.0,577.952
14.8,4.2,51.2,0.0,240.44
12.4,0.84,42.25,0.0,82.9107
12.9,0.96,43.4,0.0,137.333
12.5,3.6,45.17,0.0,176.197
12.2,0.6,44.47,0.0,109.901
9.3,1.08,36.58,0.0,26.1037
9.4,0.72,33.02,0.0,0.0
7.8,1.32,29.14,0.0,0.0
11.7,3.96,34.65,0.0,0.0
7.3,2.76,26.88,0.0,0.0
6.0,0.24,23.97,0.0,0.0
4.4,2.28,20.81,0.0,0.0
4.7,0.24,20.97,0.0,0.0
10.3,0.12,30.31,0.0,0.0
7.6,0.12,24.36,0.0,0.0
8.3,0.48,25.17,0.0,0.0
8.1,11.28,30.4,0.0,0.0
9.2,16.2,40.62,0.0,52.5807
10.4,6.84,43.85,0.0,182.238
11.6,7.2,45.42,0.0,296.087
12.5,0.36,44.85,0.0,253.038
9.0,3.12,36.18,0.0,158.112
15.0,3.48,47.24,0.0,221.166
11.5,4.8,42.01,0.0,251.673
9.1,4.2,39.04,0.0,290.798
9.9,0.96,42.52,0.0,338.409
13.1,5.64,50.24,0.0,335.491
15.3,0.6,57.67,0.0,315.245
13.0,1.92,54.43,0.0,166.398
12.2,2.52,47.6,0.0,33.2321
11.4,0.36,40.6,0.0,0.0
8.9,0.6,35.44,0.0,0.0
10.7,1.32,37.28,0.0,0.0
8.0,0.24,31.28,0.0,0.0
4.6,0.48,24.26,0.0,0.0
7.3,2.4,27.89,0.0,0.0
8.6,0.96,28.22,0.0,0.0
7.4,0.0,24.78,0.0,0.0
7.0,0.12,23.16,0.0,0.0
10.0,0.24,28.5,0.0,0.0
8.3,0.96,30.57,0.0,0.0
10.2,12.36,41.77,0.0,63.243
12.1,3.36,46.44,0.0,192.194
14.8,8.04,50.37,0.0,353.309
13.1,3.36,48.79,0.0,485.161
14.0,3.72,50.3,0.0,571.231
12.2,1.2,44.73,0.0,573.419
18.7,2.64,51.46,0.0,256.136
7.4,3.48,30.19,0.0,98.2072
10.2,1.56,34.27,0.0,174.388
9.9,2.28,40.42,0.0,305.899
9.0,0.96,42.54,0.0,224.505
11.7,5.64,43.65,0.0,101.997
15.3,2.16,43.98,0.0,22.9884
14.4,1.56,40.18,0.0,0.0
15.2,2.28,40.38,0.0,0.0
8.5,1.08,29.01,0.0,0.0
6.9,0.84,25.88,0.0,0.0
9.2,1.2,28.14,0.0,0.0
4.5,0.6,19.09,0.0,0.0
6.0,0.24,21.08,0.0,0.0
5.9,0.24,19.76,0.0,0.0
6.8,0.72,19.95,0.0,0.0
10.3,0.6,25.63,0.0,0.0
10.9,1.08,30.4,0.0,0.0
7.1,3.84,31.46,0.0,63.6587
10.3,3.6,41.21,0.0,192.14
13.2,6.48,46.54,0.0,353.896
8.5,8.04,40.47,0.0,492.895
11.2,3.48,45.11,0.0,594.043
11.8,4.08,46.35,0.0,642.026
13.8,3.24,47.18,0.0,674.842
8.3,6.96,39.45,0.0,550.114
8.9,4.92,33.95,0.0,63.5953
12.2,3.6,35.1,0.0,30.4318
7.7,1.68,28.97,0.0,24.7809
11.5,3.48,35.28,0.0,4.59521
10.2,3.12,31.68,0.0,0.0
8.0,2.16,27.15,0.0,0.0
12.3,1.56,33.76,0.0,0.0
11.7,1.8,31.87,0.0,0.0
5.9,0.6,21.46,0.0,0.0
7.5,0.48,23.61,0.0,0.0
5.9,0.12,19.69,0.0,0.0
5.7,0.24,19.15,0.0,0.0
8.5,0.24,23.78,0.0,0.0
6.5,0.24,19.77,0.0,0.0
7.7,3.6,21.74,0.0,0.0
6.5,4.92,20.46,0.0,0.0
12.5,11.64,35.38,0.0,42.0759
11.9,4.68,36.57,0.0,122.668
8.7,13.2,37.27,0.0,305.407
12.9,11.04,46.77,0.0,430.551
13.5,6.36,47.57,0.0,448.355
13.4,5.4,45.87,0.0,406.677
14.1,0.72,45.35,0.0,327.607
14.5,1.2,48.21,0.0,462.054
10.4,0.48,45.46,0.0,351.326
13.1,0.84,52.4,0.0,352.737
9.2,2.4,47.37,0.0,233.824
12.4,1.08,51.11,0.0,116.695
11.3,3.0,46.22,0.0,26.293000000000003
10.4,0.72,41.5,0.0,0.0
13.4,2.04,44.03,0.0,0.0
9.5,2.28,36.46,0.0,0.0
6.0,0.72,29.38,0.0,0.0
7.9,1.2,31.12,0.0,0.0
8.1,1.44,30.19,0.0,0.0
7.4,1.56,27.51,0.0,0.0
8.7,0.24,28.87,0.0,0.0
7.3,1.08,25.62,0.0,0.0
5.3,3.0,21.76,0.0,0.0
7.0,2.88,31.09,0.0,0.0
8.6,9.0,41.62,0.0,48.9914
13.7,4.32,49.91,0.0,177.94
10.9,9.96,46.9,0.0,334.862
10.6,5.28,46.91,0.0,465.339
9.6,10.8,43.98,0.0,609.674
14.9,4.68,53.61,0.0,672.7239999999999
10.0,4.2,47.07,0.0,553.054
10.3,1.08,44.53,0.0,344.244
6.8,4.56,39.53,0.0,252.29
11.3,2.76,48.86,0.0,271.712
11.6,1.8,49.67,0.0,170.64
10.0,7.56,44.35,0.0,54.3506
9.5,5.16,39.38,0.0,10.0242
13.0,3.24,42.57,0.0,0.0
13.8,1.44,42.91,0.0,0.0
8.0,3.12,32.62,0.0,0.0
10.8,0.84,37.23,0.0,0.0
10.6,3.48,36.52,0.0,0.0
8.3,2.4,31.57,0.0,0.0
8.9,0.0,31.48,0.0,0.0
5.7,0.24,24.43,0.0,0.0
11.1,0.0,33.29,0.0,0.0
7.3,4.56,25.74,0.0,0.0
7.5,3.0,29.66,0.0,0.0
9.6,8.76,36.41,0.0,61.2406
11.8,5.76,41.99,0.0,160.091
10.7,7.2,42.3,0.0,333.33
11.4,2.16,40.56,0.0,269.366
12.7,2.28,44.34,0.0,589.634
11.2,5.16,43.87,0.0,662.83
12.5,2.4,49.37,0.0,598.965
13.0,3.36,47.91,0.0,340.215
8.6,0.96,43.62,0.0,517.9780000000001
12.4,0.84,53.05,0.0,418.055
9.0,1.92,44.78,0.0,154.39600000000002
10.4,3.72,41.81,0.0,49.1569
11.8,1.92,40.02,0.0,8.59634
15.3,2.16,43.28,0.0,0.0
11.9,3.96,37.3,0.0,0.0
13.3,1.68,38.92,0.0,0.0
9.1,0.6,30.91,0.0,0.0
8.9,0.12,29.24,0.0,0.0
5.1,1.92,22.41,0.0,0.0
6.9,0.12,25.3,0.0,0.0
7.2,0.12,24.94,0.0,0.0
8.4,0.96,27.11,0.0,0.0
6.6,0.24,24.71,0.0,0.0
8.6,0.24,32.33,0.0,0.0
9.5,5.52,38.68,0.0,64.3125
12.2,12.0,44.76,0.0,176.92700000000002
13.0,8.52,47.15,0.0,291.428
10.2,6.48,45.52,0.0,453.534
11.6,8.76,47.4,0.0,587.884
13.9,1.92,51.13,0.0,589.035
12.2,1.32,45.56,0.0,608.234
11.8,2.28,46.27,0.0,621.35
10.2,4.08,41.36,0.0,390.274
11.0,0.96,37.16,0.0,81.1742
11.6,1.2,39.52,0.0,106.228
11.5,0.84,40.44,0.0,93.2984
15.3,1.8,43.43,0.0,21.3126
10.7,3.6,33.52,0.0,0.0
15.0,2.88,39.74,0.0,0.0
9.6,2.64,30.57,0.0,0.0
6.9,2.76,25.73,0.0,0.0
8.0,0.12,27.61,0.0,0.0
10.1,0.48,30.03,0.0,0.0
4.4,1.92,18.61,0.0,0.0
6.0,0.12,21.28,0.0,0.0
4.8,0.36,18.93,0.0,0.0
7.0,0.84,22.62,0.0,0.0
6.2,9.36,26.59,0.0,0.0
12.4,15.36,43.34,0.0,51.0744
9.2,7.92,35.28,0.0,109.197
11.8,3.36,44.16,0.0,318.457
11.7,5.64,45.0,0.0,381.997
11.6,9.0,45.6,0.0,581.684
11.8,0.72,46.37,0.0,618.091
10.4,3.48,44.54,0.0,546.5269999999999
11.8,1.32,48.78,0.0,558.081
10.1,6.24,47.21,0.0,310.555
10.9,3.24,49.59,0.0,311.144
11.0,1.68,48.72,0.0,224.172
11.9,0.36,47.6,0.0,106.111
10.8,3.12,41.77,0.0,24.1412
11.9,3.72,40.51,0.0,0.0
9.8,2.28,36.63,0.0,0.0
8.2,0.96,33.54,0.0,0.0
11.5,0.36,37.44,0.0,0.0
4.4,0.48,24.35,0.0,0.0
6.7,0.72,27.48,0.0,0.0
4.6,2.88,22.61,0.0,0.0
6.1,0.0,24.24,0.0,0.0
11.4,0.12,32.46,0.0,0.0
6.4,3.48,21.89,0.0,0.0
11.6,1.56,35.63,0.0,0.0
10.8,8.88,41.03,0.0,53.0225
11.4,6.6,43.02,0.0,181.831
9.2,9.72,34.04,0.0,190.605
10.7,6.24,37.44,0.0,264.618
12.8,5.04,45.09,0.0,435.536
18.8,5.52,54.71,0.0,553.335
12.7,1.08,47.46,0.0,584.0169999999999
9.6,1.68,45.72,0.0,641.6659999999999
12.6,0.84,53.99,0.0,533.66
11.8,4.08,52.54,0.0,302.045
14.6,2.04,58.52,0.0,267.41700000000003
12.5,3.6,53.95,0.0,137.19899999999998
11.4,1.08,46.91,0.0,27.6143
9.1,0.6,39.25,0.0,0.0
14.6,0.6,46.24,0.0,0.0
13.5,0.6,43.02,0.0,0.0
7.3,0.72,32.47,0.0,0.0
7.7,0.48,32.24,0.0,0.0
5.2,1.2,27.37,0.0,0.0
8.6,0.36,32.17,0.0,0.0
5.7,0.12,25.84,0.0,0.0
6.6,0.12,27.38,0.0,0.0
8.1,1.92,29.64,0.0,0.0
6.9,3.24,27.87,0.0,0.0
7.0,2.04,30.24,0.0,59.3936
9.6,5.04,34.21,0.0,127.241
9.4,5.16,36.34,0.0,244.765
10.9,6.6,43.46,0.0,463.33
13.2,3.24,48.13,0.0,537.891
11.4,5.4,46.44,0.0,599.387
12.7,3.24,49.3,0.0,657.83
13.9,6.6,53.48,0.0,554.585
8.9,2.16,43.75,0.0,325.078
11.0,9.72,40.53,0.0,36.324
9.9,1.92,41.71,0.0,85.6615
8.8,2.28,43.63,0.0,108.928
15.7,2.28,50.56,0.0,24.1638
11.2,1.2,40.29,0.0,0.0
10.3,0.72,38.23,0.0,0.0
9.7,2.28,35.43,0.0,0.0
8.0,0.24,31.11,0.0,0.0
7.1,1.08,28.84,0.0,0.0
6.4,0.24,27.25,0.0,0.0
9.4,0.24,31.69,0.0,0.0
12.8,1.32,36.08,0.0,0.0
6.1,0.84,23.52,0.0,0.0
6.9,0.6,24.03,0.0,0.0
8.4,3.96,31.56,0.0,0.0
14.1,4.44,48.92,0.0,46.2577
10.9,5.04,44.64,0.0,180.733
10.8,2.88,43.9,0.0,301.913
11.9,8.4,44.48,0.0,305.941
11.2,6.96,43.42,0.0,512.441
15.2,2.64,49.25,0.0,370.769
12.3,1.8,46.19,0.0,407.291
12.1,1.44,49.23,0.0,447.997
11.1,0.84,48.39,0.0,321.472
11.3,1.32,51.29,0.0,321.60900000000004
15.3,1.2,61.92,0.0,345.746
10.7,0.6,56.35,0.0,168.898
11.2,2.04,49.45,0.0,29.5978
13.0,2.04,46.04,0.0,0.0
11.5,3.24,42.32,0.0,0.0
7.3,3.12,34.79,0.0,0.0
10.8,0.6,39.81,0.0,0.0
7.4,0.12,32.86,0.0,0.0
7.3,0.12,31.51,0.0,0.0
7.9,0.12,30.79,0.0,0.0
5.1,0.0,24.35,0.0,0.0
6.0,0.48,25.7,0.0,0.0
5.5,3.36,24.25,0.0,0.0
8.6,0.6,33.26,0.0,0.0
12.8,6.96,47.77,0.0,53.0834
13.7,6.96,50.3,0.0,183.977
8.0,7.56,43.94,0.0,349.117
10.0,8.4,47.68,0.0,492.104
9.6,10.2,46.19,0.0,596.544
13.8,2.88,52.26,0.0,655.975
14.3,1.92,52.75,0.0,673.7330000000001
11.4,2.28,51.6,0.0,645.804
8.2,3.24,51.75,0.0,580.585
12.8,0.6,59.46,0.0,477.09
10.4,1.8,57.99,0.0,317.355
16.1,4.32,59.89,0.0,103.707
15.5,4.44,56.8,0.0,30.0738
12.9,1.8,47.67,0.0,0.0
9.3,1.8,40.13,0.0,0.0
8.2,2.76,36.43,0.0,0.0
5.4,0.48,30.21,0.0,0.0
10.7,0.84,37.21,0.0,0.0
5.0,2.04,26.22,0.0,0.0
7.5,0.12,29.52,0.0,0.0
5.4,0.0,24.71,0.0,0.0
8.5,0.12,29.37,0.0,0.0
9.4,0.48,29.25,0.0,0.0
7.5,1.8,29.89,0.0,0.0
14.1,10.92,49.87,0.0,47.211000000000006
13.2,7.08,49.63,0.0,181.046
9.7,8.04,46.43,0.0,353.869
10.9,1.8,49.37,0.0,495.784
11.6,3.24,50.95,0.0,598.073
13.2,4.2,53.16,0.0,650.4
12.8,2.52,53.26,0.0,652.544
11.0,0.48,53.95,0.0,641.482
8.0,1.2,54.57,0.0,572.9259999999999
8.5,3.48,57.43,0.0,471.443
13.0,2.16,60.02,0.0,328.406
8.8,3.48,58.8,0.0,160.792
9.4,2.16,54.66,0.0,29.9591
9.5,2.4,48.41,0.0,0.0
12.9,4.68,50.75,0.0,0.0
15.4,0.72,51.58,0.0,0.0
7.6,0.48,36.41,0.0,0.0
8.3,0.48,35.9,0.0,0.0
5.9,2.04,29.71,0.0,0.0
6.4,0.36,29.08,0.0,0.0
10.7,0.0,35.25,0.0,0.0
8.7,2.04,30.4,0.0,0.0
10.6,0.36,32.59,0.0,0.0
9.7,3.96,33.12,0.0,0.0
7.9,8.76,37.7,0.0,62.6666
10.9,6.48,47.56,0.0,190.479
11.5,14.52,49.68,0.0,314.754
9.7,5.04,48.14,0.0,481.256
13.6,10.92,53.65,0.0,584.719
11.9,3.0,51.9,0.0,568.3009999999999
15.0,2.76,54.45,0.0,301.967
14.6,4.44,52.9,0.0,239.542
11.2,2.04,50.97,0.0,473.079
8.8,1.68,50.4,0.0,376.145
12.4,1.32,53.01,0.0,158.592
15.3,1.56,54.14,0.0,55.5739
9.1,0.84,42.79,0.0,9.11205
14.9,4.68,50.65,0.0,0.0
12.9,0.96,46.28,0.0,0.0
5.9,3.36,33.8,0.0,0.0
6.3,1.08,33.95,0.0,0.0
7.6,0.6,34.79,0.0,0.0
6.9,2.52,31.93,0.0,0.0
7.9,0.12,33.57,0.0,0.0
7.2,0.12,30.81,0.0,0.0
6.1,0.0,28.15,0.0,0.0
5.4,0.48,26.72,0.0,0.0
5.4,11.52,29.02,0.0,0.0
9.6,12.48,41.11,0.0,61.31
13.6,4.2,47.22,0.0,153.512
11.0,6.72,46.32,0.0,337.19800000000004
9.5,3.36,45.78,0.0,481.48800000000006
11.3,3.36,46.42,0.0,420.078
16.2,2.64,52.26,0.0,248.277
13.5,5.28,45.78,0.0,214.411
7.1,5.28,35.31,0.0,397.585
10.6,1.8,39.55,0.0,187.814
11.7,0.72,44.48,0.0,299.616
12.9,0.48,49.31,0.0,283.507
10.4,5.28,45.15,0.0,149.211
10.8,3.48,40.79,0.0,27.6732
9.7,3.12,35.57,0.0,0.0
12.7,1.92,38.67,0.0,0.0
11.2,0.36,34.61,0.0,0.0
9.9,0.24,31.96,0.0,0.0
8.3,1.2,28.86,0.0,0.0
10.2,0.0,31.58,0.0,0.0
6.5,3.36,24.44,0.0,0.0
4.7,0.12,20.51,0.0,0.0
7.9,0.12,26.06,0.0,0.0
6.9,0.48,23.74,0.0,0.0
6.8,3.0,27.93,0.0,0.0
8.4,11.28,38.0,0.0,47.5288
13.1,3.0,43.51,0.0,165.17
14.2,6.72,40.9,0.0,99.7756
8.7,3.48,31.11,0.0,208.51
9.6,10.92,35.49,0.0,358.343
12.1,2.88,42.53,0.0,539.057
11.7,1.8,44.77,0.0,542.886
11.9,3.0,46.98,0.0,481.572
9.8,0.72,44.96,0.0,489.642
10.1,2.88,46.15,0.0,371.686
15.4,2.52,54.21,0.0,256.768
12.7,2.28,49.45,0.0,156.685
12.2,4.56,43.19,0.0,28.5555
10.6,4.32,37.39,0.0,0.0
9.7,1.08,35.58,0.0,0.0
10.4,3.12,34.73,0.0,0.0
7.7,1.8,28.86,0.0,0.0
9.8,3.12,31.06,0.0,0.0
5.3,0.24,23.04,0.0,0.0
7.2,0.0,26.22,0.0,0.0
5.5,0.24,23.65,0.0,0.0
6.6,1.32,26.04,0.0,0.0
8.2,0.12,29.02,0.0,0.0
13.7,1.68,41.39,0.0,0.0
5.3,2.16,32.42,0.0,64.9515
11.1,2.4,46.82,0.0,190.80900000000003
12.7,8.28,50.66,0.0,334.966
13.5,9.24,52.92,0.0,435.033
13.7,4.68,53.98,0.0,518.1469999999999
11.1,4.68,46.71,0.0,551.293
12.3,2.64,46.83,0.0,452.549
10.1,3.36,38.66,0.0,150.043
8.0,4.8,36.84,0.0,330.287
10.2,4.68,40.93,0.0,250.848
8.6,1.2,40.85,0.0,217.971
12.9,4.68,46.45,0.0,115.272
11.6,1.44,40.45,0.0,19.7527
11.8,2.4,38.73,0.0,0.0
9.1,1.08,33.73,0.0,0.0
9.2,0.48,32.9,0.0,0.0
3.6,1.32,23.12,0.0,0.0
9.7,1.68,32.62,0.0,0.0
8.6,0.48,28.81,0.0,0.0
6.5,0.12,24.98,0.0,0.0
7.0,0.24,25.71,0.0,0.0
8.1,0.24,27.28,0.0,0.0
6.1,0.24,23.53,0.0,0.0
8.6,7.08,30.32,0.0,0.0
7.5,4.44,34.58,0.0,65.8954
13.8,12.96,49.35,0.0,183.866
17.6,11.04,54.98,0.0,350.86
11.9,3.48,48.31,0.0,486.103
10.5,5.76,46.4,0.0,595.419
13.0,6.36,50.56,0.0,662.873
12.0,0.72,50.61,0.0,600.87
14.1,1.44,55.68,0.0,650.7669999999999
6.8,1.32,49.56,0.0,585.398
8.2,2.88,54.18,0.0,430.979
8.9,0.96,55.47,0.0,292.26
12.7,1.08,57.73,0.0,150.989
10.8,2.76,48.86,0.0,27.1692
10.4,2.04,44.4,0.0,0.0
13.9,2.28,46.93,0.0,0.0
11.1,0.96,41.26,0.0,0.0
11.3,0.48,39.55,0.0,0.0
5.5,1.44,29.35,0.0,0.0
7.2,0.36,31.82,0.0,0.0
7.8,1.32,31.11,0.0,0.0
4.5,0.0,24.54,0.0,0.0
7.2,0.12,29.5,0.0,0.0
7.1,0.36,29.12,0.0,0.0
6.6,3.48,29.88,0.0,0.0
9.2,10.8,40.28,0.0,59.7519
12.7,3.12,48.73,0.0,177.88
13.2,6.96,51.45,0.0,348.861
11.7,6.36,50.42,0.0,487.202
9.6,7.08,48.39,0.0,578.737
12.6,8.28,53.51,0.0,444.774
10.3,1.2,49.93,0.0,539.362
10.3,1.2,50.26,0.0,522.146
11.1,5.04,54.13,0.0,560.659
10.9,0.48,55.56,0.0,467.335
10.2,3.12,50.38,0.0,142.49200000000002
17.0,3.96,56.29,0.0,33.0028
14.2,3.6,51.09,0.0,3.55298
7.3,1.8,38.47,0.0,0.0
8.7,0.72,39.36,0.0,0.0
6.7,4.68,34.62,0.0,0.0
7.5,0.72,33.77,0.0,0.0
9.6,2.04,36.01,0.0,0.0
7.7,0.12,31.07,0.0,0.0
5.1,0.12,25.13,0.0,0.0
9.5,0.12,31.89,0.0,0.0
7.1,0.12,26.01,0.0,0.0
7.4,3.0,26.84,0.0,0.0
8.7,3.48,32.45,0.0,0.0
10.8,6.0,43.97,0.0,56.2234
10.9,14.16,46.98,0.0,183.65
13.7,8.76,51.11,0.0,351.251
11.5,3.48,49.08,0.0,496.23800000000006
10.8,2.04,48.71,0.0,598.341
14.2,6.96,52.63,0.0,652.414
12.2,0.84,49.63,0.0,651.379
9.1,0.84,49.2,0.0,645.461
7.0,1.08,50.8,0.0,581.288
9.9,2.04,56.93,0.0,467.261
11.5,0.36,58.39,0.0,290.279
12.1,5.76,57.94,0.0,154.59
9.2,3.12,48.68,0.0,25.7564
11.0,2.16,46.01,0.0,0.0
11.2,1.2,45.15,0.0,0.0
15.0,0.84,49.26,0.0,0.0
6.7,0.36,35.14,0.0,0.0
7.1,0.48,34.15,0.0,0.0
6.3,0.6,31.14,0.0,0.0
10.8,0.12,37.6,0.0,0.0
9.5,0.0,33.42,0.0,0.0
7.3,0.24,28.36,0.0,0.0
8.0,0.48,29.5,0.0,0.0
9.7,0.6,34.38,0.0,0.0
7.5,6.24,36.23,0.0,58.7648
10.1,11.04,45.11,0.0,181.442
11.3,8.04,49.14,0.0,354.93699999999995
8.2,3.0,46.05,0.0,496.131
12.4,16.08,50.68,0.0,605.872
14.3,1.08,52.3,0.0,659.3839999999999
13.7,2.28,52.43,0.0,699.9939999999999
12.1,3.0,53.22,0.0,670.1080000000001
9.8,3.0,54.12,0.0,558.861
7.2,1.44,53.52,0.0,436.697
6.6,1.08,55.07,0.0,330.545
10.7,1.68,57.97,0.0,156.328
7.9,2.4,47.87,0.0,25.8134
8.8,2.88,44.17,0.0,0.0
11.7,1.08,46.75,0.0,0.0
7.6,4.2,39.55,0.0,0.0
7.6,1.32,38.7,0.0,0.0
4.1,0.96,31.86,0.0,0.0
7.0,3.72,35.95,0.0,0.0
6.0,0.12,32.51,0.0,0.0
4.9,0.12,29.51,0.0,0.0
8.8,0.12,35.42,0.0,0.0
7.3,2.28,31.05,0.0,0.0
6.9,14.16,30.95,0.0,0.0
10.1,7.8,38.43,0.0,40.4779
10.7,5.88,37.83,0.0,72.8729
11.4,6.24,39.28,0.0,99.4803
13.1,7.2,43.87,0.0,157.22799999999998
12.5,3.36,43.64,0.0,280.27
16.9,0.6,51.17,0.0,365.407
11.0,6.72,43.0,0.0,383.203
12.1,2.04,47.15,0.0,466.4980000000001
8.9,2.4,44.24,0.0,385.027
7.4,2.64,40.86,0.0,216.545
12.9,1.56,48.69,0.0,129.572
14.0,0.96,50.1,0.0,62.7914
8.3,3.6,39.02,0.0,9.90156
10.5,1.2,40.32,0.0,0.0
10.3,4.56,38.53,0.0,0.0
12.1,0.36,40.18,0.0,0.0
10.1,0.84,35.82,0.0,0.0
7.0,0.12,30.29,0.0,0.0
7.7,0.48,31.07,0.0,0.0
10.9,0.48,35.56,0.0,0.0
6.9,0.12,28.28,0.0,0.0
12.0,0.12,37.09,0.0,0.0
7.2,1.56,27.8,0.0,0.0
9.0,0.24,33.77,0.0,0.0
10.7,8.64,41.72,0.0,56.5849
13.0,2.76,46.69,0.0,186.985
10.6,10.2,43.42,0.0,351.523
12.9,11.76,46.24,0.0,498.108
9.5,8.64,41.32,0.0,606.754
18.2,4.8,53.21,0.0,665.942
12.9,2.16,47.77,0.0,699.039
10.7,6.48,48.12,0.0,673.382
9.1,1.92,50.67,0.0,604.914
14.3,3.36,59.09,0.0,489.508
9.3,1.2,54.63,0.0,337.345
11.6,1.56,55.19,0.0,160.006
11.2,1.2,47.46,0.0,26.0216
9.1,0.48,40.22,0.0,0.0
11.9,1.8,42.09,0.0,0.0
7.6,0.96,34.18,0.0,0.0
7.0,0.96,31.65,0.0,0.0
6.6,0.12,29.53,0.0,0.0
7.4,0.48,29.13,0.0,0.0
5.0,0.0,22.38,0.0,0.0
6.5,0.0,22.12,0.0,0.0
8.7,0.36,24.72,0.0,0.0
10.9,0.6,27.67,0.0,0.0
6.0,1.32,21.88,0.0,0.0
7.3,5.88,33.83,0.0,54.2167
12.5,5.04,46.72,0.0,182.295
9.5,5.52,43.8,0.0,357.222
10.3,10.32,45.62,0.0,505.818
8.5,5.16,41.75,0.0,472.152
12.3,9.6,46.7,0.0,291.535
9.2,3.24,42.06,0.0,303.186
15.5,7.8,50.32,0.0,235.96400000000003
10.7,5.76,45.55,0.0,395.788
10.7,5.16,47.33,0.0,334.385
11.4,7.44,45.3,0.0,94.0319
11.9,3.72,44.88,0.0,44.9658
12.4,1.32,42.98,0.0,5.1668400000000005
10.8,1.56,37.86,0.0,0.0
8.4,0.96,32.8,0.0,0.0
7.7,0.84,30.56,0.0,0.0
5.3,0.72,25.97,0.0,0.0
6.9,0.36,27.97,0.0,0.0
7.2,0.48,27.32,0.0,0.0
6.8,0.12,24.76,0.0,0.0
5.4,0.0,20.96,0.0,0.0
7.1,0.36,22.83,0.0,0.0
10.6,0.12,27.67,0.0,0.0
8.6,3.36,28.4,0.0,0.0
13.2,10.08,43.7,0.0,47.9884
10.5,7.92,41.97,0.0,184.507
12.1,5.4,45.2,0.0,362.391
9.5,6.84,41.72,0.0,515.556
14.9,1.44,47.72,0.0,624.98
14.0,6.24,46.3,0.0,699.322
10.6,4.44,43.73,0.0,722.334
12.0,0.6,48.84,0.0,680.7230000000001
11.0,2.88,50.3,0.0,613.569
10.6,5.04,52.26,0.0,499.888
9.8,2.52,53.34,0.0,343.596
11.3,7.92,54.0,0.0,163.84599999999998
8.2,1.32,42.53,0.0,23.7796
13.8,0.72,45.03,0.0,0.0
7.3,2.16,35.49,0.0,0.0
8.9,0.96,36.24,0.0,0.0
7.6,2.28,31.86,0.0,0.0
8.6,0.24,31.43,0.0,0.0
6.1,2.28,25.78,0.0,0.0
6.2,0.24,23.47,0.0,0.0
4.4,0.12,19.33,0.0,0.0
6.7,0.0,23.57,0.0,0.0
4.4,0.24,19.68,0.0,0.0
6.9,1.44,27.47,0.0,0.0
9.1,16.2,38.78,0.0,47.7585
9.5,6.84,41.91,0.0,178.472
15.6,14.16,50.84,0.0,334.444
9.9,5.28,44.14,0.0,474.834
8.5,7.44,41.99,0.0,611.995
11.0,1.68,44.96,0.0,627.038
14.2,4.2,47.76,0.0,189.863
10.8,1.08,43.66,0.0,335.05
10.7,2.4,43.08,0.0,244.351
8.8,2.88,41.21,0.0,240.417
7.5,1.92,39.29,0.0,117.5
12.3,5.52,45.28,0.0,49.1091
7.8,1.08,35.54,0.0,5.9858
6.6,1.56,31.81,0.0,0.0
11.4,1.2,38.04,0.0,0.0
10.6,1.8,35.44,0.0,0.0
8.0,0.84,31.23,0.0,0.0
5.9,0.48,27.9,0.0,0.0
5.2,0.36,26.37,0.0,0.0
8.2,0.36,31.41,0.0,0.0
9.3,0.12,31.16,0.0,0.0
8.5,0.36,29.1,0.0,0.0
9.9,0.24,30.59,0.0,0.0
6.9,5.76,23.84,0.0,0.0
12.6,8.88,33.6,0.0,40.7945
11.3,8.76,29.24,0.0,51.9153
11.3,6.6,31.78,0.0,172.173
9.6,7.44,33.08,0.0,278.768
8.6,3.48,33.42,0.0,295.37
11.5,0.72,39.02,0.0,274.965
14.1,3.6,42.67,0.0,258.765
10.6,1.08,38.75,0.0,233.795
8.5,0.48,41.21,0.0,446.921
9.0,1.2,41.02,0.0,318.789
8.9,0.84,37.25,0.0,84.4311
10.6,5.76,38.64,0.0,54.2149
8.0,1.92,32.05,0.0,6.95678
11.4,1.8,36.21,0.0,0.0
9.1,1.8,31.19,0.0,0.0
10.7,2.04,33.52,0.0,0.0
9.3,0.36,30.48,0.0,0.0
6.3,0.24,25.17,0.0,0.0
7.8,0.12,28.1,0.0,0.0
4.6,0.12,21.95,0.0,0.0
5.2,0.12,23.91,0.0,0.0
5.3,4.8,24.72,0.0,0.0
5.6,3.72,25.06,0.0,0.0
10.8,1.92,37.0,0.0,0.0
8.3,13.2,37.29,0.0,52.0305
11.8,8.28,46.12,0.0,179.21900000000002
11.0,5.28,42.86,0.0,316.085
12.4,10.68,44.28,0.0,355.93300000000005
12.9,2.64,43.56,0.0,335.51800000000003
15.9,3.6,48.16,0.0,297.05
8.5,2.4,37.15,0.0,563.431
11.9,0.24,41.56,0.0,322.619
9.3,2.64,32.65,0.0,113.822
9.8,1.68,30.89,0.0,59.1876
8.7,0.84,32.63,0.0,143.887
12.2,3.24,39.45,0.0,94.0264
13.1,0.84,37.44,0.0,12.6475
13.4,4.44,35.97,0.0,0.0
10.3,0.96,30.89,0.0,0.0
9.4,1.2,28.83,0.0,0.0
9.6,4.8,28.9,0.0,0.0
6.5,0.12,23.08,0.0,0.0
8.7,1.56,26.44,0.0,0.0
4.8,0.36,18.57,0.0,0.0
7.0,0.12,22.06,0.0,0.0
9.0,0.0,25.34,0.0,0.0
5.3,0.72,18.2,0.0,0.0
8.9,12.6,27.57,0.0,0.0
6.5,8.4,29.35,0.0,59.4173
11.9,12.36,41.47,0.0,169.09099999999998
11.9,7.68,41.81,0.0,272.672
13.0,2.76,43.01,0.0,275.289
8.9,5.16,37.73,0.0,393.48800000000006
13.5,0.96,45.92,0.0,258.347
12.5,0.24,47.93,0.0,455.995
8.3,2.64,43.38,0.0,495.825
7.6,0.72,37.41,0.0,207.399
13.8,2.28,42.33,0.0,27.0301
11.8,1.68,37.29,0.0,2.96363
10.8,1.68,35.71,0.0,0.0
13.1,3.72,38.26,0.0,0.0
8.7,1.2,30.86,0.0,0.0
10.5,0.96,33.84,0.0,0.0
12.1,0.72,36.7,0.0,0.0
9.4,0.24,32.06,0.0,0.0
10.4,0.72,33.49,0.0,0.0
7.0,0.84,27.0,0.0,0.0
6.3,2.16,25.37,0.0,0.0
8.9,0.12,29.61,0.0,0.0
4.8,0.0,21.84,0.0,0.0
7.4,0.6,27.83,0.0,0.0
9.2,3.84,33.49,0.0,0.0
10.2,15.72,39.48,0.0,55.2967
15.6,8.16,50.75,0.0,179.643
6.1,6.6,34.14,0.0,330.772
11.5,3.84,36.67,0.0,133.94
11.8,3.6,39.88,0.0,236.522
10.7,6.6,43.58,0.0,506.319
8.8,4.68,44.49,0.0,569.891
10.1,2.28,49.75,0.0,542.812
8.7,2.88,50.85,0.0,514.283
9.4,3.36,55.79,0.0,483.293
9.2,3.72,56.38,0.0,329.21
11.0,1.92,55.93,0.0,150.541
12.6,1.32,50.92,0.0,20.6568
10.3,0.96,43.55,0.0,0.0
8.2,0.6,39.37,0.0,0.0
6.0,0.6,35.07,0.0,0.0
7.1,2.4,35.68,0.0,0.0
5.7,0.24,32.04,0.0,0.0
7.8,0.24,34.26,0.0,0.0
5.6,0.36,28.95,0.0,0.0
3.4,0.0,24.37,0.0,0.0
3.8,0.24,24.44,0.0,0.0
8.7,0.0,32.97,0.0,0.0
7.6,3.12,32.73,0.0,0.0
9.6,3.96,43.4,0.0,48.5888
10.7,6.48,46.96,0.0,172.826
11.1,10.2,50.06,0.0,339.405
11.6,17.76,51.54,0.0,456.146
10.4,5.28,49.17,0.0,569.656
9.1,4.44,48.66,0.0,629.138
10.7,0.84,53.72,0.0,620.248
9.7,3.6,52.5,0.0,578.2180000000001
11.4,3.6,51.5,0.0,313.056
7.9,4.68,43.62,0.0,176.112
11.8,2.52,51.13,0.0,138.45600000000002
11.3,8.76,48.37,0.0,71.8378
10.5,3.36,44.0,0.0,9.16857
9.7,1.08,40.06,0.0,0.0
10.7,1.8,39.56,0.0,0.0
6.6,1.8,31.15,0.0,0.0
5.4,4.08,28.52,0.0,0.0
5.0,0.12,26.82,0.0,0.0
7.5,0.24,29.85,0.0,0.0
6.0,0.12,25.52,0.0,0.0
7.2,0.12,27.17,0.0,0.0
5.8,0.12,24.11,0.0,0.0
5.1,0.36,22.89,0.0,0.0
7.4,1.68,30.81,0.0,0.0
6.9,9.96,38.41,0.0,45.1048
11.9,16.32,48.97,0.0,176.52200000000002
15.0,7.92,52.59,0.0,303.301
7.9,5.76,44.19,0.0,448.301
13.0,5.04,52.66,0.0,498.317
10.0,4.56,47.81,0.0,545.27
15.1,5.52,55.1,0.0,467.672
12.6,1.2,53.46,0.0,456.45
13.8,3.96,54.55,0.0,278.472
11.1,0.84,52.97,0.0,292.741
9.7,6.72,49.96,0.0,81.3916
16.8,1.56,56.49,0.0,0.0
10.6,3.24,44.14,0.0,0.0
13.2,2.52,45.34,0.0,0.0
11.2,1.2,40.05,0.0,0.0
7.8,0.6,33.42,0.0,0.0
7.2,1.92,31.61,0.0,0.0
9.9,0.24,34.91,0.0,0.0
7.5,0.36,30.12,0.0,0.0
4.5,0.12,25.17,0.0,0.0
6.7,0.0,28.87,0.0,0.0
7.2,0.12,28.25,0.0,0.0
8.4,0.36,29.67,0.0,0.0
9.8,2.76,34.55,0.0,0.0
9.2,12.84,41.82,0.0,45.1565
10.1,11.52,45.96,0.0,165.808
14.6,9.36,52.96,0.0,336.834
8.3,4.68,45.54,0.0,376.92
8.0,3.6,43.12,0.0,496.722
13.1,1.2,49.37,0.0,261.139
15.3,1.08,47.87,0.0,134.07299999999998
12.8,0.84,42.5,0.0,264.702
8.9,4.32,39.0,0.0,223.61
7.5,1.08,42.12,0.0,341.451
11.8,6.24,50.23,0.0,230.588
13.3,2.28,50.05,0.0,97.442
10.3,2.4,41.2,0.0,13.5958
10.2,1.8,39.63,0.0,0.0
9.0,0.96,37.56,0.0,0.0
7.1,0.48,33.61,0.0,0.0
7.0,0.36,31.57,0.0,0.0
8.8,0.12,33.04,0.0,0.0
10.7,0.36,34.43,0.0,0.0
7.4,0.0,27.63,0.0,0.0
5.6,0.12,24.48,0.0,0.0
5.7,0.36,24.25,0.0,0.0
9.1,0.36,29.98,0.0,0.0
6.7,2.28,26.0,0.0,0.0
8.9,9.0,32.94,0.0,46.3929
12.7,6.36,42.36,0.0,135.311
14.4,6.6,50.99,0.0,320.906
10.2,9.24,41.81,0.0,341.029
11.5,1.56,40.54,0.0,263.198
12.0,3.24,35.35,0.0,63.9005
12.8,3.84,35.65,0.0,137.477
9.0,0.24,30.73,0.0,142.542
13.4,0.36,40.05,0.0,187.976
8.5,1.56,35.89,0.0,238.099
11.0,1.32,43.99,0.0,217.919
12.7,11.4,46.05,0.0,99.3834
9.6,1.92,37.48,0.0,12.7898
13.1,2.16,41.84,0.0,0.0
12.0,2.52,39.64,0.0,0.0
13.8,1.2,41.75,0.0,0.0
6.9,0.48,30.04,0.0,0.0
6.2,0.48,29.1,0.0,0.0
5.3,4.08,26.79,0.0,0.0
9.2,0.12,33.54,0.0,0.0
5.3,0.0,25.56,0.0,0.0
9.3,0.12,33.04,0.0,0.0
6.7,0.48,27.31,0.0,0.0
6.7,2.88,29.62,0.0,0.0
9.9,14.4,43.69,0.0,48.3416
12.2,17.04,50.18,0.0,178.697
14.5,7.8,53.38,0.0,348.079
7.8,11.4,46.47,0.0,479.919
12.9,3.72,54.16,0.0,580.711
13.0,2.52,54.79,0.0,566.011
15.8,3.0,57.55,0.0,545.203
10.4,0.6,52.46,0.0,485.071
8.9,3.72,51.97,0.0,380.186
7.0,0.36,46.04,0.0,254.412
9.8,3.12,49.41,0.0,169.896
10.3,7.56,49.39,0.0,78.1988
11.9,1.32,47.4,0.0,9.20141
12.2,1.08,44.64,0.0,0.0
10.8,1.8,40.6,0.0,0.0
11.5,2.76,39.62,0.0,0.0
6.1,0.96,29.66,0.0,0.0
8.9,1.2,33.84,0.0,0.0
4.8,0.96,26.42,0.0,0.0
6.7,0.24,29.86,0.0,0.0
9.7,0.0,34.3,0.0,0.0
6.0,0.12,26.16,0.0,0.0
7.2,0.24,27.9,0.0,0.0
5.1,4.2,25.59,0.0,0.0
7.0,11.16,36.56,0.0,48.4752
12.3,14.52,45.32,0.0,95.2612
13.8,9.36,51.46,0.0,294.10900000000004
13.1,2.88,52.98,0.0,390.655
11.8,4.92,52.36,0.0,598.643
11.3,3.72,51.71,0.0,540.903
14.3,2.4,55.54,0.0,524.0319999999999
10.7,1.8,49.47,0.0,545.865
11.4,0.84,51.3,0.0,482.796
11.6,4.08,52.36,0.0,384.451
10.1,0.72,51.1,0.0,285.221
11.2,1.68,50.41,0.0,126.291
9.7,1.44,41.61,0.0,13.843
9.6,1.08,38.19,0.0,0.0
8.0,0.6,34.6,0.0,0.0
13.4,0.36,41.29,0.0,0.0
5.5,1.2,26.17,0.0,0.0
7.7,1.56,28.49,0.0,0.0
6.1,1.32,24.87,0.0,0.0
6.6,0.0,24.76,0.0,0.0
4.7,0.12,20.41,0.0,0.0
8.7,0.0,27.49,0.0,0.0
8.1,0.6,25.46,0.0,0.0
6.2,5.16,23.66,0.0,0.0
14.9,8.28,46.99,0.0,52.368
10.4,7.2,43.52,0.0,182.391
12.5,4.56,49.36,0.0,347.905
11.2,3.48,48.89,0.0,491.837
7.2,7.2,43.44,0.0,597.864
13.3,5.88,52.18,0.0,641.3340000000001
14.0,1.2,53.81,0.0,671.452
12.0,1.08,55.18,0.0,635.518
10.8,3.96,58.7,0.0,587.803
12.6,2.28,61.62,0.0,447.459
12.4,4.32,62.14,0.0,287.736
12.0,6.72,60.46,0.0,143.094
22.0,1.32,61.31,0.0,15.0097
12.9,0.84,50.0,0.0,0.0
15.2,0.6,50.68,0.0,0.0
10.2,0.6,41.51,0.0,0.0
6.2,0.24,34.16,0.0,0.0
11.2,0.24,41.18,0.0,0.0
7.0,0.36,32.63,0.0,0.0
5.1,0.48,28.67,0.0,0.0
6.0,0.0,29.28,0.0,0.0
5.8,0.0,28.01,0.0,0.0
5.4,0.0,26.9,0.0,0.0
8.6,1.08,34.75,0.0,0.0
8.1,5.04,41.24,0.0,44.7737
9.1,3.6,46.46,0.0,175.80700000000002
9.5,6.72,48.41,0.0,318.788
10.7,13.68,50.34,0.0,399.642
12.5,3.24,53.47,0.0,476.642
11.5,3.48,49.78,0.0,625.235
14.1,3.96,52.61,0.0,530.49
12.0,8.64,46.77,0.0,335.64300000000003
11.6,6.96,41.5,0.0,97.4896
8.4,8.16,35.56,0.0,43.0058
10.5,3.36,41.75,0.0,86.4168
8.4,2.4,38.52,0.0,49.8562
8.1,4.44,35.85,0.0,2.82336
15.7,1.56,46.35,0.0,0.0
10.9,0.6,36.96,0.0,0.0
8.1,0.72,31.8,0.0,0.0
9.0,0.48,33.12,0.0,0.0
9.1,0.12,32.64,0.0,0.0
7.8,0.48,29.66,0.0,0.0
6.2,1.32,26.29,0.0,0.0
4.8,0.0,23.56,0.0,0.0
6.3,0.12,26.74,0.0,0.0
6.0,0.0,25.65,0.0,0.0
7.7,2.52,31.75,0.0,0.0
11.4,9.36,46.66,0.0,42.5735
10.9,9.84,47.39,0.0,174.643
11.4,6.0,49.24,0.0,344.278
13.3,5.52,50.79,0.0,473.696
11.2,4.68,42.55,0.0,257.353
11.8,4.68,36.01,0.0,71.921
12.6,6.36,34.92,0.0,81.6233
10.8,1.92,33.1,0.0,134.571
9.9,3.12,33.12,0.0,159.261
7.9,3.84,30.58,0.0,138.382
8.0,1.44,31.12,0.0,60.3125
9.9,0.6,34.35,0.0,23.0318
8.9,1.32,30.45,0.0,0.0
11.7,0.84,33.3,0.0,0.0
8.1,0.84,26.64,0.0,0.0
9.7,1.68,29.39,0.0,0.0
9.2,0.12,28.29,0.0,0.0
5.6,0.36,21.7,0.0,0.0
6.3,0.0,22.87,0.0,0.0
5.2,0.48,20.52,0.0,0.0
5.4,0.36,21.65,0.0,0.0
7.5,0.12,26.67,0.0,0.0
7.3,0.36,26.49,0.0,0.0
8.0,2.4,29.15,0.0,0.0
11.3,11.04,36.51,0.0,28.4911
9.8,7.8,34.82,0.0,92.7473
8.3,9.0,40.51,0.0,259.78700000000003
10.1,8.64,48.84,0.0,482.945
11.6,4.32,51.44,0.0,608.99
13.3,3.12,54.32,0.0,642.461
12.0,2.4,52.72,0.0,666.8860000000001
10.6,1.56,49.63,0.0,607.735
7.1,0.72,47.43,0.0,569.078
7.7,3.36,47.15,0.0,380.595
8.8,6.24,46.91,0.0,291.938
10.0,4.32,47.53,0.0,138.38299999999998
9.2,3.36,40.18,0.0,13.0232
8.9,1.32,37.11,0.0,0.0
11.3,2.04,40.01,0.0,0.0
9.5,2.04,35.63,0.0,0.0
12.6,3.0,39.62,0.0,0.0
7.6,0.24,30.28,0.0,0.0
5.2,0.24,25.38,0.0,0.0
9.0,0.12,30.95,0.0,0.0
5.7,0.12,24.54,0.0,0.0
7.2,0.24,27.24,0.0,0.0
5.3,0.24,22.71,0.0,0.0
9.3,2.28,32.06,0.0,0.0
11.6,12.48,44.51,0.0,40.674
12.2,6.72,48.0,0.0,174.44400000000002
10.4,3.72,47.09,0.0,356.57300000000004
12.3,6.12,51.21,0.0,508.03
10.4,4.56,50.42,0.0,566.911
10.0,0.72,50.36,0.0,673.433
13.9,5.76,56.74,0.0,674.008
12.0,0.24,56.91,0.0,572.55
10.3,2.64,56.61,0.0,545.904
10.2,1.2,58.25,0.0,408.452
7.8,0.72,55.34,0.0,254.626
12.9,8.4,61.0,0.0,142.925
8.0,2.76,47.15,0.0,12.7365
13.3,1.44,50.95,0.0,0.0
10.4,1.8,43.87,0.0,0.0
13.3,0.6,46.38,0.0,0.0
13.0,0.72,43.42,0.0,0.0
7.2,0.6,31.99,0.0,0.0
9.1,1.2,34.45,0.0,0.0
8.0,0.12,31.13,0.0,0.0
6.4,0.0,27.29,0.0,0.0
8.0,2.52,29.75,0.0,0.0
7.2,0.36,27.41,0.0,0.0
8.8,2.16,32.19,0.0,0.0
10.9,14.52,44.55,0.0,40.0492
7.6,10.32,42.55,0.0,175.676
9.4,10.8,46.61,0.0,356.642
14.3,4.32,53.67,0.0,506.497
12.2,6.6,51.58,0.0,598.998
10.2,3.0,49.77,0.0,676.59
15.8,4.56,57.28,0.0,703.08
10.2,3.6,54.24,0.0,654.722
8.9,1.8,56.11,0.0,589.529
11.3,0.36,59.11,0.0,452.412
8.8,0.84,57.98,0.0,319.291
9.0,4.2,57.87,0.0,137.037
9.9,3.48,52.08,0.0,11.2492
14.5,2.4,54.31,0.0,0.0
10.8,0.96,47.54,0.0,0.0
9.6,0.6,43.56,0.0,0.0
12.5,1.68,45.84,0.0,0.0
8.6,0.12,37.68,0.0,0.0
7.3,0.12,34.78,0.0,0.0
7.7,0.36,34.31,0.0,0.0
6.8,0.12,32.24,0.0,0.0
7.3,0.12,32.55,0.0,0.0
8.6,0.36,33.14,0.0,0.0
10.1,10.68,36.79,0.0,0.0
9.0,9.96,41.91,0.0,46.0717
14.5,10.8,52.51,0.0,176.226
12.2,15.24,50.62,0.0,348.54
11.4,3.72,50.7,0.0,492.337
10.4,3.96,50.81,0.0,601.04
14.0,0.72,55.71,0.0,665.6189999999999
14.7,2.52,56.51,0.0,681.322
12.2,1.44,57.33,0.0,639.951
10.7,1.32,57.94,0.0,522.726
9.0,0.6,50.72,0.0,143.841
10.7,2.04,49.87,0.0,26.273000000000003
12.2,1.32,49.76,0.0,3.61844
12.3,2.64,44.82,0.0,0.0
8.6,1.44,36.62,0.0,0.0
7.7,0.6,34.36,0.0,0.0
7.4,0.48,32.93,0.0,0.0
9.6,0.12,34.83,0.0,0.0
8.4,1.08,31.6,0.0,0.0
9.4,0.36,32.76,0.0,0.0
9.1,0.6,31.58,0.0,0.0
4.5,0.12,22.69,0.0,0.0
10.3,0.12,33.02,0.0,0.0
9.3,1.2,30.86,0.0,0.0
9.5,1.56,33.26,0.0,0.0
13.3,15.6,45.61,0.0,48.6457
9.0,4.08,42.29,0.0,180.281
10.3,3.12,47.13,0.0,351.423
11.8,7.2,50.31,0.0,496.561
11.4,5.28,50.74,0.0,606.188
11.0,2.64,50.8,0.0,664.9780000000001
11.1,7.44,52.0,0.0,692.232
8.7,3.84,51.33,0.0,664.2460000000001
8.5,0.96,54.33,0.0,588.552
9.9,1.8,57.47,0.0,475.851
10.9,1.2,59.08,0.0,313.536
7.4,4.08,55.06,0.0,129.43200000000002
12.3,1.68,53.72,0.0,6.92782
14.8,0.72,52.84,0.0,0.0
10.4,0.84,44.91,0.0,0.0
9.4,0.84,41.79,0.0,0.0
5.6,2.76,34.77,0.0,0.0
4.8,0.6,32.32,0.0,0.0
9.1,0.48,36.87,0.0,0.0
8.1,0.24,32.89,0.0,0.0
8.4,0.0,32.81,0.0,0.0
4.8,0.12,25.04,0.0,0.0
8.0,0.0,29.68,0.0,0.0
7.9,1.68,31.6,0.0,0.0
7.5,3.72,40.32,0.0,42.3516
6.5,3.48,42.04,0.0,175.666
12.5,12.72,51.89,0.0,342.36300000000006
9.0,10.56,48.41,0.0,425.204
12.8,5.76,53.33,0.0,560.164
13.7,3.0,52.04,0.0,611.368
13.7,3.0,52.79,0.0,704.2330000000001
10.3,4.44,52.98,0.0,614.082
9.2,3.0,54.52,0.0,546.812
9.1,5.52,55.35,0.0,454.859
8.4,5.64,50.34,0.0,240.038
9.1,1.44,48.65,0.0,101.909
12.0,3.12,46.82,0.0,4.71277
14.1,4.56,45.69,0.0,0.0
8.4,0.6,36.06,0.0,0.0
12.9,0.96,42.03,0.0,0.0
8.7,0.48,33.48,0.0,0.0
8.5,0.24,32.32,0.0,0.0
7.8,0.24,29.72,0.0,0.0
6.1,1.08,25.46,0.0,0.0
6.9,0.12,27.24,0.0,0.0
6.1,0.24,24.44,0.0,0.0
7.8,0.12,25.95,0.0,0.0
7.8,5.52,27.96,0.0,0.0
10.1,14.04,41.34,0.0,41.9127
11.0,23.4,45.71,0.0,175.53
14.7,6.48,51.67,0.0,354.427
11.9,1.68,49.09,0.0,508.412
11.9,3.12,48.55,0.0,611.554
12.9,3.12,47.73,0.0,275.935
10.9,8.28,41.9,0.0,198.846
11.5,1.32,44.39,0.0,329.992
9.2,1.08,47.54,0.0,481.261
9.4,2.52,52.86,0.0,453.211
10.0,3.24,53.36,0.0,271.237
9.5,2.88,49.1,0.0,104.579
9.3,3.48,43.27,0.0,4.522869999999999
12.3,2.04,44.41,0.0,0.0
9.6,3.12,38.57,0.0,0.0
10.2,0.84,38.35,0.0,0.0
6.9,0.72,32.43,0.0,0.0
8.8,0.24,34.98,0.0,0.0
4.1,0.24,26.05,0.0,0.0
6.5,0.12,30.69,0.0,0.0
5.1,0.12,27.48,0.0,0.0
7.3,0.24,31.23,0.0,0.0
5.5,0.36,26.96,0.0,0.0
6.0,3.48,27.78,0.0,0.0
10.3,13.68,36.66,0.0,13.1842
9.3,6.48,36.8,0.0,122.051
12.0,9.0,44.88,0.0,247.046
10.1,4.8,44.75,0.0,365.459
10.2,9.96,46.06,0.0,506.277
12.2,5.88,48.87,0.0,624.173
11.8,3.24,50.85,0.0,581.719
11.9,1.68,52.46,0.0,574.73
8.6,1.92,50.78,0.0,561.488
7.7,2.16,49.33,0.0,318.293
10.0,6.24,49.47,0.0,116.417
10.4,3.36,48.31,0.0,51.9228
12.3,1.08,47.83,0.0,0.444233
8.3,0.72,39.78,0.0,0.0
7.7,1.08,37.9,0.0,0.0
7.8,1.56,36.04,0.0,0.0
8.8,1.92,36.24,0.0,0.0
8.1,0.24,34.23,0.0,0.0
5.2,0.96,29.31,0.0,0.0
4.7,0.12,28.6,0.0,0.0
9.7,0.12,37.87,0.0,0.0
7.0,0.12,31.64,0.0,0.0
5.7,0.24,28.8,0.0,0.0
6.5,9.6,30.92,0.0,0.0
8.8,9.0,35.66,0.0,34.2441
11.9,6.12,39.14,0.0,79.253
10.2,4.8,36.68,0.0,112.459
11.8,2.4,44.48,0.0,264.904
12.0,2.16,49.54,0.0,551.375
10.7,0.84,49.1,0.0,599.788
12.7,3.6,53.67,0.0,564.655
11.6,0.24,54.41,0.0,593.75
9.5,0.6,54.31,0.0,536.585
9.6,2.64,56.01,0.0,411.502
10.6,1.56,57.16,0.0,229.697
9.6,4.44,52.31,0.0,85.4513
10.3,2.4,47.72,0.0,2.92787
12.7,2.28,47.88,0.0,0.0
11.2,1.08,43.91,0.0,0.0
13.1,0.72,45.31,0.0,0.0
9.7,5.28,39.13,0.0,0.0
8.2,0.24,36.1,0.0,0.0
6.6,3.6,33.22,0.0,0.0
6.2,0.48,32.0,0.0,0.0
5.0,0.0,28.57,0.0,0.0
9.1,0.0,34.5,0.0,0.0
8.8,0.24,33.09,0.0,0.0
5.9,0.24,28.52,0.0,0.0
6.6,14.16,30.71,0.0,30.7155
9.8,14.16,37.48,0.0,124.552
10.9,5.16,41.73,0.0,270.425
9.5,2.76,40.16,0.0,279.682
9.8,4.92,45.62,0.0,526.3580000000001
14.9,1.68,55.23,0.0,554.597
12.2,4.32,52.56,0.0,546.1
8.4,0.36,48.69,0.0,439.6230000000001
9.1,2.16,48.82,0.0,297.514
9.5,0.6,47.48,0.0,193.788
7.5,2.64,45.24,0.0,134.904
11.0,4.8,49.96,0.0,55.0629
13.9,1.68,51.19,0.0,0.393803
9.2,3.0,42.39,0.0,0.0
12.5,0.72,46.62,0.0,0.0
9.4,4.32,40.44,0.0,0.0
9.5,0.36,40.21,0.0,0.0
7.4,0.36,36.05,0.0,0.0
4.3,0.24,29.57,0.0,0.0
8.2,1.44,34.44,0.0,0.0
5.7,0.12,28.77,0.0,0.0
6.3,0.12,29.31,0.0,0.0
10.3,0.24,36.47,0.0,0.0
11.9,10.68,39.87,0.0,0.0
8.5,9.48,38.38,0.0,41.7412
16.7,8.52,54.36,0.0,168.692
12.0,3.24,49.45,0.0,300.29900000000004
9.9,3.6,49.32,0.0,502.284
10.9,0.96,52.4,0.0,462.616
10.7,0.84,53.23,0.0,498.609
11.1,0.6,54.04,0.0,454.242
8.7,1.08,53.39,0.0,573.548
10.7,1.68,57.64,0.0,562.3580000000001
13.1,1.8,58.88,0.0,365.894
9.5,1.08,52.64,0.0,170.297
11.4,0.36,53.53,0.0,60.7777
11.3,1.8,49.55,0.0,0.40325
11.9,0.6,48.16,0.0,0.0
12.2,0.84,47.93,0.0,0.0
9.0,1.08,41.9,0.0,0.0
7.8,0.96,39.02,0.0,0.0
9.8,0.36,41.03,0.0,0.0
4.5,0.84,31.15,0.0,0.0
8.2,1.2,36.99,0.0,0.0
9.7,0.0,38.07,0.0,0.0
6.7,0.24,32.06,0.0,0.0
6.4,2.28,29.66,0.0,0.0
5.9,3.0,27.72,0.0,0.0
10.6,17.64,38.82,0.0,39.372
11.8,4.68,44.15,0.0,146.582
10.9,8.64,46.72,0.0,279.471
12.7,1.92,50.8,0.0,364.009
10.8,1.56,38.31,0.0,180.938
11.9,2.04,37.45,0.0,168.951
13.8,4.92,40.91,0.0,150.386
10.3,1.68,34.07,0.0,81.1278
10.2,6.72,34.62,0.0,128.295
12.0,1.44,38.27,0.0,158.265
11.4,2.64,36.52,0.0,63.0881
9.5,3.72,33.65,0.0,13.3345
8.2,1.44,30.8,0.0,0.0
9.0,0.96,31.89,0.0,0.0
9.9,0.84,33.33,0.0,0.0
10.1,1.56,32.38,0.0,0.0
6.7,4.2,25.58,0.0,0.0
9.2,0.72,29.61,0.0,0.0
8.5,0.48,29.07,0.0,0.0
5.1,0.84,22.89,0.0,0.0
8.1,0.24,29.3,0.0,0.0
5.8,0.12,25.05,0.0,0.0
6.3,0.0,26.31,0.0,0.0
5.0,2.64,24.61,0.0,0.0
10.3,5.76,35.54,0.0,0.0
10.4,5.52,33.43,0.0,45.7739
12.6,8.64,37.5,0.0,82.3994
10.5,10.44,35.18,0.0,169.25400000000002
9.9,5.64,32.03,0.0,166.93099999999998
12.7,3.96,34.92,0.0,90.087
10.2,2.88,30.27,0.0,119.085
15.2,6.24,38.78,0.0,142.834
9.1,5.76,27.7,0.0,86.24700000000001
7.3,3.0,27.8,0.0,163.252
11.3,1.92,36.94,0.0,86.5525
14.4,2.52,41.73,0.0,21.2543
9.3,2.16,30.35,0.0,0.0
9.5,4.56,30.41,0.0,0.0
10.4,0.6,32.31,0.0,0.0
7.5,0.48,27.03,0.0,0.0
8.3,0.48,28.93,0.0,0.0
5.3,0.6,23.8,0.0,0.0
7.2,1.44,27.37,0.0,0.0
6.3,4.32,25.41,0.0,0.0
8.6,0.0,29.64,0.0,0.0
4.8,0.0,22.0,0.0,0.0
6.1,0.36,24.54,0.0,0.0
6.5,3.96,23.67,0.0,0.0
8.0,14.76,26.29,0.0,10.1978
10.7,5.64,28.55,0.0,48.2607
8.9,4.2,23.7,0.0,59.1562
10.2,3.0,28.78,0.0,114.686
10.7,3.36,34.21,0.0,369.684
12.6,3.36,37.67,0.0,303.337
10.4,7.68,32.28,0.0,152.529
8.1,1.92,30.08,0.0,237.454
13.3,1.56,40.98,0.0,220.511
7.9,2.4,34.04,0.0,307.285
11.2,1.68,38.24,0.0,50.9723
11.0,2.16,39.32,0.0,99.5459
10.0,4.8,33.67,0.0,1.41847
12.2,2.16,36.24,0.0,0.0
8.5,0.6,29.47,0.0,0.0
10.3,0.84,33.48,0.0,0.0
7.2,1.68,28.62,0.0,0.0
10.8,0.48,35.64,0.0,0.0
8.6,0.24,30.99,0.0,0.0
7.4,0.12,28.42,0.0,0.0
5.0,0.0,22.74,0.0,0.0
5.6,0.12,24.35,0.0,0.0
6.6,0.36,27.12,0.0,0.0
7.7,5.76,30.98,0.0,0.0
7.8,12.24,34.37,0.0,35.2727
11.9,9.24,42.51,0.0,124.678
11.5,11.16,42.41,0.0,218.82
8.2,5.52,37.17,0.0,334.881
13.5,6.72,48.43,0.0,445.132
10.4,3.12,45.86,0.0,499.239
12.8,0.36,48.81,0.0,492.4330000000001
9.2,0.96,45.71,0.0,462.306
9.5,6.24,48.81,0.0,495.837
9.4,4.92,46.28,0.0,302.283
10.7,7.8,47.99,0.0,172.292
6.6,4.08,41.4,0.0,97.2782
10.0,1.44,41.25,0.0,1.3464
9.8,1.8,38.41,0.0,0.0
9.7,1.2,37.26,0.0,0.0
7.0,1.92,30.85,0.0,0.0
9.4,1.08,34.16,0.0,0.0
8.6,0.6,31.98,0.0,0.0
6.5,0.0,27.43,0.0,0.0
5.9,0.12,25.81,0.0,0.0
7.5,0.12,28.4,0.0,0.0
7.9,0.24,28.2,0.0,0.0
6.4,1.32,24.83,0.0,0.0
7.2,8.28,28.34,0.0,0.0
7.1,7.08,34.21,0.0,44.7939
9.6,3.12,41.07,0.0,178.292
12.0,2.52,40.15,0.0,169.738
9.0,5.16,40.64,0.0,517.823
12.2,3.24,49.76,0.0,607.715
11.2,2.64,49.68,0.0,517.644
11.2,2.16,49.49,0.0,635.376
15.2,1.44,56.85,0.0,645.821
10.2,0.96,52.61,0.0,615.409
11.5,3.48,54.97,0.0,480.608
9.8,0.48,51.83,0.0,302.745
10.7,6.0,48.68,0.0,108.393
12.4,1.32,42.43,0.0,2.01833
11.3,1.56,37.92,0.0,0.0
14.7,1.08,41.16,0.0,0.0
8.9,0.72,30.89,0.0,0.0
9.0,0.48,30.43,0.0,0.0
7.2,0.36,26.39,0.0,0.0
5.4,0.12,22.45,0.0,0.0
7.5,0.24,25.52,0.0,0.0
7.7,0.24,24.59,0.0,0.0
8.8,0.12,25.82,0.0,0.0
3.5,1.08,16.13,0.0,0.0
8.1,2.52,24.88,0.0,0.0
11.8,6.36,38.6,0.0,43.8089
8.3,9.72,35.89,0.0,179.03099999999998
10.8,13.08,42.27,0.0,362.039
12.1,8.76,45.57,0.0,489.58
12.9,1.44,47.06,0.0,530.814
11.0,5.28,44.54,0.0,651.586
16.5,2.16,54.15,0.0,687.933
9.4,1.68,48.89,0.0,663.683
12.1,1.92,56.04,0.0,576.364
7.6,1.32,51.27,0.0,446.419
9.6,0.36,53.18,0.0,279.826
13.5,0.36,54.4,0.0,97.7691
11.0,0.96,44.72,0.0,1.1040299999999998
8.9,2.52,40.12,0.0,0.0
9.3,1.08,38.84,0.0,0.0
9.8,1.08,36.65,0.0,0.0
7.3,3.24,30.34,0.0,0.0
7.1,1.44,28.62,0.0,0.0
10.0,0.12,31.83,0.0,0.0
8.1,0.0,26.43,0.0,0.0
7.9,0.24,24.94,0.0,0.0
4.9,0.12,19.3,0.0,0.0
8.5,0.0,26.07,0.0,0.0
4.6,8.64,20.93,0.0,0.0
8.9,13.68,34.88,0.0,44.1099
10.6,7.8,40.91,0.0,183.963
13.1,6.24,46.33,0.0,359.148
10.9,1.56,43.76,0.0,511.633
11.2,4.08,43.74,0.0,616.033
11.1,1.68,43.98,0.0,683.433
10.6,3.48,45.47,0.0,706.053
11.1,2.88,49.27,0.0,671.4010000000001
15.0,2.28,57.18,0.0,588.373
9.0,0.24,50.79,0.0,463.375
12.5,6.0,55.05,0.0,293.204
8.7,3.6,47.66,0.0,102.946
10.0,0.48,42.76,0.0,1.08711
14.1,0.6,45.65,0.0,0.0
7.6,1.68,35.17,0.0,0.0
14.7,0.72,43.34,0.0,0.0
5.2,0.24,27.23,0.0,0.0
6.6,6.24,27.7,0.0,0.0
5.4,0.12,24.28,0.0,0.0
6.3,0.12,24.15,0.0,0.0
4.2,0.12,19.18,0.0,0.0
7.2,0.0,23.0,0.0,0.0
6.3,0.12,20.33,0.0,0.0
7.1,2.88,22.96,0.0,0.0
6.6,10.8,30.82,0.0,45.9533
10.2,5.64,41.68,0.0,181.07
10.9,19.08,44.34,0.0,362.771
9.4,7.68,42.57,0.0,516.98
11.6,9.84,46.62,0.0,582.602
10.9,2.4,46.65,0.0,621.531
11.0,5.16,48.26,0.0,642.757
11.1,2.28,50.42,0.0,608.499
10.0,5.4,49.44,0.0,499.86
8.7,1.56,48.31,0.0,398.414
9.3,1.32,49.53,0.0,258.328
16.8,5.16,55.83,0.0,87.6893
14.2,1.56,47.17,0.0,0.0
10.5,2.04,40.02,0.0,0.0
7.3,0.48,34.11,0.0,0.0
6.7,0.24,31.66,0.0,0.0
8.0,2.52,32.29,0.0,0.0
5.5,0.24,26.33,0.0,0.0
4.8,0.72,23.17,0.0,0.0
4.3,0.12,20.86,0.0,0.0
7.5,0.12,25.11,0.0,0.0
8.0,2.16,24.79,0.0,0.0
6.3,0.6,20.95,0.0,0.0
9.2,0.36,26.7,0.0,0.0
9.8,0.72,34.94,0.0,39.2369
10.9,3.36,41.03,0.0,170.985
9.0,10.2,39.94,0.0,341.413
8.6,20.28,41.38,0.0,468.1
8.3,4.2,41.47,0.0,571.109
11.6,3.96,46.72,0.0,605.992
10.2,3.0,46.44,0.0,614.013
9.3,3.72,48.07,0.0,570.422
15.2,4.56,58.47,0.0,585.052
7.5,5.04,49.19,0.0,401.537
12.6,0.48,55.13,0.0,229.57
14.7,2.64,53.38,0.0,74.9577
10.8,1.56,42.78,0.0,0.0
7.7,1.68,36.99,0.0,0.0
10.3,0.6,40.04,0.0,0.0
14.1,4.44,43.38,0.0,0.0
7.9,0.6,32.06,0.0,0.0
10.6,0.12,35.48,0.0,0.0
6.0,0.24,26.98,0.0,0.0
5.1,0.24,24.41,0.0,0.0
8.0,0.12,28.51,0.0,0.0
6.7,0.12,24.72,0.0,0.0
8.1,0.24,26.56,0.0,0.0
7.2,0.96,26.41,0.0,0.0
11.4,9.96,37.81,0.0,38.3372
8.1,5.76,36.33,0.0,168.313
10.5,5.28,44.64,0.0,341.80400000000003
11.9,11.4,47.58,0.0,500.745
11.6,5.52,46.69,0.0,596.373
11.5,10.56,47.72,0.0,671.008
9.0,1.56,46.41,0.0,555.49
11.5,5.52,51.3,0.0,491.587
15.3,0.48,54.61,0.0,308.55400000000003
8.2,0.84,44.52,0.0,226.237
14.7,0.72,57.16,0.0,256.379
7.2,1.92,44.05,0.0,83.8708
14.4,3.0,47.97,0.0,0.0
12.3,2.88,42.22,0.0,0.0
13.2,0.48,42.59,0.0,0.0
9.6,2.04,36.05,0.0,0.0
8.8,3.96,33.85,0.0,0.0
5.2,0.24,25.18,0.0,0.0
12.1,0.48,33.98,0.0,0.0
5.4,0.12,20.79,0.0,0.0
6.7,0.0,23.0,0.0,0.0
7.6,0.24,24.41,0.0,0.0
9.2,0.24,25.91,0.0,0.0
8.2,2.16,23.83,0.0,0.0
8.3,6.36,25.67,0.0,41.1812
11.1,9.96,27.78,0.0,78.9455
11.8,15.96,30.4,0.0,203.135
9.3,4.68,29.4,0.0,291.378
12.3,2.28,36.09,0.0,450.025
10.5,0.12,35.31,0.0,566.789
11.9,0.36,37.11,0.0,348.06199999999995
9.4,0.24,34.02,0.0,375.344
9.5,2.76,36.71,0.0,476.44
10.0,0.84,39.89,0.0,430.699
8.7,3.12,38.22,0.0,265.721
14.2,3.0,42.68,0.0,86.1755
9.6,8.64,31.7,0.0,0.0
13.1,2.28,34.27,0.0,0.0
10.6,2.04,29.12,0.0,0.0
10.9,1.92,27.76,0.0,0.0
7.9,0.24,21.98,0.0,0.0
4.3,0.84,16.03,0.0,0.0
7.9,3.96,19.37,0.0,0.0
7.3,0.24,17.43,0.0,0.0
8.2,0.12,17.51,0.0,0.0
4.9,0.12,12.5,0.0,0.0
9.0,0.36,17.07,0.0,0.0
9.0,6.0,17.62,0.0,0.0
7.2,9.84,20.1,0.0,43.0621
10.1,8.88,26.99,0.0,193.808
12.1,6.0,31.13,0.0,394.881
9.1,8.04,28.71,0.0,552.604
8.5,1.44,27.74,0.0,679.295
9.1,5.76,28.46,0.0,738.2230000000001
14.4,0.6,35.95,0.0,767.627
11.9,2.64,35.42,0.0,712.752
9.7,2.52,36.38,0.0,621.265
7.5,0.36,36.18,0.0,490.966
8.5,1.44,38.3,0.0,307.05400000000003
11.4,2.4,38.52,0.0,102.292
12.2,3.48,33.05,0.0,0.0
10.7,1.44,28.99,0.0,0.0
12.0,1.08,29.3,0.0,0.0
14.6,1.2,30.89,0.0,0.0
10.0,0.24,23.32,0.0,0.0
9.8,0.36,21.5,0.0,0.0
7.7,0.36,17.95,0.0,0.0
9.8,0.36,19.74,0.0,0.0
6.4,0.24,14.48,0.0,0.0
9.2,0.12,16.92,0.0,0.0
8.8,0.36,15.64,0.0,0.0
5.9,3.48,12.31,0.0,0.0
13.7,12.36,28.43,0.0,40.7255
8.6,14.4,24.92,0.0,192.579
9.7,8.4,28.43,0.0,392.657
11.4,8.64,31.66,0.0,555.368
14.4,1.8,35.23,0.0,671.825
9.9,7.2,30.11,0.0,740.5
13.3,0.48,35.47,0.0,747.577
10.1,0.72,34.57,0.0,705.165
9.3,0.96,37.49,0.0,624.8
9.5,0.6,40.3,0.0,462.377
11.1,1.2,43.5,0.0,306.582
11.1,0.6,40.74,0.0,101.301
13.3,0.72,36.98,0.0,0.0
12.4,1.68,33.96,0.0,0.0
9.2,2.04,29.06,0.0,0.0
8.3,0.72,26.38,0.0,0.0
11.8,0.6,29.24,0.0,0.0
6.7,0.24,21.05,0.0,0.0
5.8,0.0,18.36,0.0,0.0
5.8,1.2,17.33,0.0,0.0
6.1,0.0,16.73,0.0,0.0
6.8,0.12,16.29,0.0,0.0
5.4,0.36,13.53,0.0,0.0
5.5,4.44,14.13,0.0,0.0
11.6,12.0,27.6,0.0,40.2159
10.7,8.64,29.45,0.0,188.988
12.1,2.64,33.68,0.0,373.851
10.5,2.4,33.08,0.0,536.033
12.8,2.28,37.43,0.0,655.574
12.6,4.44,38.9,0.0,722.0189999999999
9.5,4.68,36.66,0.0,741.018
11.4,3.12,42.0,0.0,693.752
8.4,1.44,40.43,0.0,600.255
10.0,0.84,43.38,0.0,446.045
12.4,6.72,46.42,0.0,272.532
11.1,0.12,41.74,0.0,84.3321
10.0,0.12,35.19,0.0,0.0
10.1,2.64,33.27,0.0,0.0
12.1,4.08,34.32,0.0,0.0
9.2,2.4,28.53,0.0,0.0
6.6,0.36,23.18,0.0,0.0
7.6,3.96,22.85,0.0,0.0
7.3,0.0,21.12,0.0,0.0
8.3,0.12,20.71,0.0,0.0
7.6,0.12,18.17,0.0,0.0
5.8,0.12,14.82,0.0,0.0
6.2,0.6,14.55,0.0,0.0
8.5,5.52,17.32,0.0,0.0
9.7,11.4,24.26,0.0,42.442
10.6,3.0,28.36,0.0,187.197
10.9,18.0,30.16,0.0,380.279
10.0,1.56,30.2,0.0,549.908
11.4,2.76,32.29,0.0,660.8910000000001
10.6,0.6,32.61,0.0,718.041
13.0,4.2,38.78,0.0,712.301
10.8,2.28,39.76,0.0,669.9989999999999
8.6,4.08,39.08,0.0,500.72
10.7,3.96,39.79,0.0,213.56
12.6,0.24,42.73,0.0,110.358
11.7,12.6,40.85,0.0,77.332
9.4,2.16,32.02,0.0,0.0
9.4,0.24,29.05,0.0,0.0
11.9,0.36,30.33,0.0,0.0
9.9,1.2,25.58,0.0,0.0
5.2,3.36,17.73,0.0,0.0
9.0,0.0,21.94,0.0,0.0
8.0,0.0,19.08,0.0,0.0
5.5,0.12,14.23,0.0,0.0
6.8,0.48,14.91,0.0,0.0
6.3,0.12,13.43,0.0,0.0
5.3,0.24,11.14,0.0,0.0
5.6,1.2,11.62,0.0,0.0
10.2,5.16,22.23,0.0,42.9499
12.5,2.52,28.51,0.0,188.285
6.8,6.96,22.24,0.0,391.7480000000001
8.8,8.16,25.19,0.0,561.626
11.9,10.8,29.29,0.0,674.082
11.3,4.32,30.15,0.0,755.31
11.4,6.48,33.33,0.0,760.54
10.3,2.4,35.53,0.0,726.0889999999999
8.0,3.6,36.66,0.0,636.305
12.9,5.16,45.07,0.0,492.706
12.5,2.4,45.34,0.0,305.428
15.3,3.6,45.09,0.0,96.6206
7.2,1.68,28.23,0.0,0.0
9.2,0.84,28.41,0.0,0.0
10.6,1.56,28.19,0.0,0.0
10.0,2.64,25.08,0.0,0.0
7.9,2.04,19.05,0.0,0.0
10.9,1.2,20.51,0.0,0.0
5.2,0.12,11.0,0.0,0.0
5.7,1.08,10.21,0.0,0.0
6.8,0.12,10.25,0.0,0.0
7.1,0.0,9.67,0.0,0.0
10.8,0.12,13.21,0.0,0.0
9.8,0.96,11.46,0.0,0.0
8.8,9.96,16.05,0.0,41.979
10.1,7.68,23.12,0.0,195.093
11.0,5.04,27.03,0.0,396.158
10.6,8.76,28.24,0.0,564.823
9.3,5.76,26.9,0.0,680.29
13.5,5.64,32.62,0.0,738.288
11.3,1.44,31.48,0.0,757.596
10.0,2.64,33.4,0.0,707.784
13.9,1.8,41.88,0.0,620.279
9.4,0.72,38.87,0.0,473.631
7.4,1.68,36.69,0.0,284.783
8.8,2.04,35.07,0.0,79.8349
12.2,2.52,32.89,0.0,0.0
17.5,1.08,37.58,0.0,0.0
14.1,0.48,32.51,0.0,0.0
12.4,0.84,28.46,0.0,0.0
6.8,2.76,19.0,0.0,0.0
4.6,0.24,14.42,0.0,0.0
7.8,0.12,15.64,0.0,0.0
7.1,0.0,12.9,0.0,0.0
6.1,0.24,11.57,0.0,0.0
8.3,0.12,14.18,0.0,0.0
5.9,0.36,10.53,0.0,0.0
7.6,2.76,12.81,0.0,0.0
8.2,9.24,16.15,0.0,32.3345
12.0,8.76,25.71,0.0,151.213
13.4,9.96,33.39,0.0,339.777
9.5,6.72,30.87,0.0,490.403
12.3,1.56,35.33,0.0,555.5880000000001
13.1,2.64,37.35,0.0,602.0880000000001
12.2,0.48,38.39,0.0,541.386
9.6,3.48,37.45,0.0,585.029
9.3,3.36,39.55,0.0,507.208
10.4,0.84,43.47,0.0,434.499
11.1,0.84,44.74,0.0,256.871
10.4,6.0,40.22,0.0,68.0882
9.2,2.16,32.95,0.0,0.0
11.4,1.8,33.17,0.0,0.0
11.4,1.08,31.49,0.0,0.0
11.0,0.96,28.83,0.0,0.0
10.4,0.24,26.1,0.0,0.0
6.4,0.96,18.87,0.0,0.0
6.1,0.12,17.4,0.0,0.0
4.8,0.36,13.92,0.0,0.0
8.9,0.24,17.7,0.0,0.0
9.1,0.12,16.76,0.0,0.0
9.6,0.48,16.28,0.0,0.0
8.6,3.24,14.43,0.0,0.0
12.3,10.8,27.73,0.0,42.252
8.9,6.36,28.88,0.0,180.499
10.8,8.52,34.44,0.0,370.279
11.5,7.32,36.02,0.0,521.148
10.7,0.84,35.06,0.0,624.424
12.2,7.56,38.55,0.0,699.784
9.9,0.84,37.88,0.0,704.2260000000001
11.1,0.48,43.56,0.0,672.528
10.7,0.96,47.01,0.0,590.972
8.4,0.96,46.0,0.0,461.072
12.9,0.36,51.88,0.0,276.881
11.2,3.0,45.95,0.0,76.16
9.1,1.32,38.02,0.0,0.0
12.4,1.56,40.51,0.0,0.0
9.3,1.8,34.23,0.0,0.0
7.5,1.2,30.64,0.0,0.0
6.9,0.36,28.87,0.0,0.0
6.1,0.0,26.32,0.0,0.0
6.2,0.36,25.39,0.0,0.0
6.0,0.12,24.11,0.0,0.0
5.1,0.12,22.12,0.0,0.0
4.9,0.12,21.62,0.0,0.0
5.6,0.36,23.07,0.0,0.0
8.3,0.96,29.47,0.0,0.0
15.9,11.16,48.39,0.0,39.8655
9.3,11.04,39.33,0.0,171.44
10.1,10.92,43.18,0.0,355.766
9.0,3.72,43.59,0.0,522.773
8.9,1.32,45.0,0.0,627.3430000000001
11.0,2.64,47.96,0.0,630.237
9.7,1.92,46.93,0.0,568.51
10.8,0.48,48.99,0.0,355.06800000000004
9.1,1.8,49.56,0.0,557.206
8.5,1.2,50.31,0.0,446.23
13.7,1.2,57.9,0.0,262.327
13.7,0.48,52.95,0.0,70.0527
9.9,1.8,41.14,0.0,0.0
15.8,3.72,48.0,0.0,0.0
9.6,1.68,37.81,0.0,0.0
11.5,2.28,39.81,0.0,0.0
8.2,2.04,33.33,0.0,0.0
10.4,0.24,36.12,0.0,0.0
8.5,0.24,31.51,0.0,0.0
5.4,0.0,25.49,0.0,0.0
5.3,0.0,25.49,0.0,0.0
7.5,0.12,29.16,0.0,0.0
5.9,0.36,24.87,0.0,0.0
5.6,14.76,24.46,0.0,0.0
10.7,19.32,41.25,0.0,43.1091
10.8,13.68,45.18,0.0,177.15599999999998
12.8,13.2,49.13,0.0,360.674
8.1,3.36,44.14,0.0,464.69
12.0,4.2,50.64,0.0,507.02
11.8,1.8,51.22,0.0,402.356
10.8,0.6,50.72,0.0,437.71
8.9,1.2,46.05,0.0,347.027
11.5,0.48,46.88,0.0,198.223
11.5,0.36,50.23,0.0,261.558
14.8,1.44,57.91,0.0,235.873
10.0,2.4,47.38,0.0,67.7208
10.4,0.24,42.21,0.0,0.0
10.1,0.84,39.49,0.0,0.0
10.6,3.6,39.43,0.0,0.0
15.2,1.68,45.19,0.0,0.0
10.1,0.48,35.62,0.0,0.0
5.9,1.2,28.54,0.0,0.0
8.4,0.0,31.94,0.0,0.0
5.8,0.12,25.37,0.0,0.0
6.6,0.36,25.5,0.0,0.0
7.1,0.24,23.53,0.0,0.0
4.8,0.12,18.28,0.0,0.0
9.3,3.72,26.77,0.0,0.0
8.7,13.92,34.64,0.0,38.4851
14.5,3.48,47.95,0.0,177.62599999999998
13.2,19.32,47.52,0.0,365.355
8.8,0.6,42.8,0.0,523.268
12.8,1.32,48.15,0.0,628.4490000000001
13.3,1.8,49.39,0.0,679.955
15.5,5.16,53.93,0.0,690.0310000000001
11.4,5.88,52.76,0.0,649.4069999999999
10.4,2.04,55.2,0.0,569.264
10.5,3.96,56.38,0.0,442.739
17.0,0.72,61.56,0.0,260.459
12.4,2.76,53.5,0.0,68.57600000000001
8.5,2.4,41.63,0.0,0.0
10.2,1.2,41.95,0.0,0.0
9.0,3.36,38.03,0.0,0.0
6.7,0.84,32.36,0.0,0.0
7.7,0.6,31.62,0.0,0.0
8.6,2.04,30.89,0.0,0.0
5.3,0.24,23.4,0.0,0.0
6.4,0.0,24.17,0.0,0.0
6.7,0.24,23.92,0.0,0.0
5.6,0.0,21.11,0.0,0.0
7.9,0.0,24.51,0.0,0.0
7.1,1.8,22.14,0.0,0.0
8.6,6.96,33.5,0.0,40.8651
15.4,4.92,49.99,0.0,177.387
9.6,6.0,44.59,0.0,360.546
8.9,11.88,45.7,0.0,517.409
11.7,8.52,49.67,0.0,625.354
12.1,1.2,50.22,0.0,677.434
10.1,8.16,49.39,0.0,678.857
10.1,7.32,54.04,0.0,654.868
8.6,7.08,55.13,0.0,563.586
10.2,5.64,57.11,0.0,430.894
16.2,1.44,60.94,0.0,256.052
12.0,1.56,53.58,0.0,64.2546
8.7,2.4,43.66,0.0,0.0
12.6,2.4,46.6,0.0,0.0
8.0,0.72,37.74,0.0,0.0
16.6,1.56,48.39,0.0,0.0
10.9,0.12,36.91,0.0,0.0
5.7,0.0,27.33,0.0,0.0
6.3,0.12,26.7,0.0,0.0
6.1,0.12,24.78,0.0,0.0
5.6,0.12,22.55,0.0,0.0
6.0,0.0,22.48,0.0,0.0
7.1,0.36,24.06,0.0,0.0
7.1,0.48,24.19,0.0,0.0
10.9,5.52,38.65,0.0,41.5577
10.7,8.04,42.2,0.0,176.84599999999998
11.9,11.64,43.79,0.0,267.98900000000003
11.1,14.64,45.76,0.0,384.736
10.0,7.44,46.04,0.0,603.741
14.5,5.28,52.56,0.0,677.328
12.2,2.64,49.14,0.0,666.187
12.4,3.84,51.22,0.0,426.273
8.5,2.64,47.91,0.0,380.549
7.4,1.92,47.26,0.0,350.215
12.4,0.72,53.18,0.0,200.146
8.4,0.48,41.98,0.0,48.2728
9.3,3.6,38.48,0.0,0.0
10.6,2.4,38.89,0.0,0.0
12.9,1.32,41.32,0.0,0.0
8.7,1.92,33.09,0.0,0.0
10.0,1.68,33.66,0.0,0.0
9.6,0.6,31.49,0.0,0.0
6.8,0.12,26.45,0.0,0.0
7.6,0.36,27.31,0.0,0.0
5.7,0.12,22.32,0.0,0.0
6.0,0.0,22.2,0.0,0.0
5.3,0.24,21.03,0.0,0.0
8.8,3.36,28.3,0.0,0.0
12.8,21.72,41.5,0.0,41.5053
15.9,3.96,49.14,0.0,159.42700000000002
9.9,16.44,42.64,0.0,306.741
10.2,3.12,46.37,0.0,480.846
10.6,2.64,46.71,0.0,409.992
12.8,2.28,50.64,0.0,410.311
8.1,2.76,43.52,0.0,417.173
13.8,0.72,47.21,0.0,187.266
9.9,4.2,37.71,0.0,142.755
10.7,2.4,36.12,0.0,33.5258
7.6,1.44,32.21,0.0,55.0705
9.5,0.84,34.56,0.0,10.2871
13.0,5.4,37.36,0.0,0.0
13.9,1.2,36.77,0.0,0.0
12.8,0.96,34.03,0.0,0.0
11.4,0.72,30.9,0.0,0.0
7.7,1.92,24.27,0.0,0.0
7.3,0.24,23.15,0.0,0.0
6.9,0.24,22.28,0.0,0.0
6.4,0.12,20.72,0.0,0.0
10.7,0.36,27.2,0.0,0.0
6.2,0.12,17.75,0.0,0.0
7.9,0.24,20.91,0.0,0.0
6.5,4.2,18.76,0.0,0.0
7.7,13.08,29.21,0.0,42.5542
10.3,9.48,40.79,0.0,177.041
10.4,7.44,43.57,0.0,355.98800000000006
9.0,5.04,42.97,0.0,508.662
8.6,2.88,42.82,0.0,615.366
9.6,3.72,45.84,0.0,668.9639999999999
9.4,1.44,47.07,0.0,666.306
10.9,2.04,52.34,0.0,619.869
8.9,1.32,52.93,0.0,550.259
8.6,2.04,53.04,0.0,421.643
13.4,0.48,58.22,0.0,238.432
10.9,2.28,50.15,0.0,53.7692
11.4,0.72,46.26,0.0,0.0
10.0,0.48,42.44,0.0,0.0
9.6,1.92,39.42,0.0,0.0
10.3,1.08,37.22,0.0,0.0
6.8,0.48,29.32,0.0,0.0
7.2,0.24,28.03,0.0,0.0
10.4,0.72,32.16,0.0,0.0
4.2,0.36,21.35,0.0,0.0
6.6,2.4,24.78,0.0,0.0
9.5,0.24,28.53,0.0,0.0
8.2,0.72,24.61,0.0,0.0
10.6,0.6,28.84,0.0,0.0
12.1,14.52,37.97,0.0,42.2362
13.2,10.32,44.23,0.0,179.033
10.4,7.2,42.74,0.0,359.978
9.1,7.44,43.18,0.0,517.144
10.4,7.08,45.73,0.0,601.6030000000001
10.4,4.32,46.76,0.0,672.555
10.5,2.04,49.38,0.0,683.416
8.5,1.8,51.27,0.0,642.89
11.2,0.36,57.44,0.0,553.576
10.6,0.84,57.49,0.0,414.605
11.1,1.68,56.66,0.0,230.007
9.2,0.96,48.22,0.0,48.5148
10.4,1.56,44.84,0.0,0.0
10.7,3.72,42.61,0.0,0.0
9.1,0.6,38.12,0.0,0.0
8.1,2.04,35.3,0.0,0.0
11.3,0.36,38.2,0.0,0.0
5.2,2.16,25.91,0.0,0.0
8.6,4.92,29.57,0.0,0.0
7.5,1.56,25.88,0.0,0.0
5.5,0.0,21.02,0.0,0.0
8.8,0.0,25.91,0.0,0.0
8.2,0.12,24.02,0.0,0.0
5.7,6.72,20.6,0.0,0.0
7.7,15.0,32.06,0.0,41.6715
10.0,3.6,40.56,0.0,180.802
7.5,3.48,39.59,0.0,364.856
12.9,6.36,50.01,0.0,514.104
11.9,4.8,48.97,0.0,619.436
10.6,1.08,48.8,0.0,694.924
10.0,2.64,49.64,0.0,702.4889999999999
9.9,3.72,52.46,0.0,654.775
11.2,1.56,56.71,0.0,570.391
8.0,0.24,52.98,0.0,427.57
10.9,3.84,53.97,0.0,241.181
13.1,2.4,51.01,0.0,51.731
11.0,0.36,42.53,0.0,0.0
11.2,1.56,40.2,0.0,0.0
11.2,0.84,38.51,0.0,0.0
10.9,1.32,36.15,0.0,0.0
11.6,0.12,34.73,0.0,0.0
9.4,1.56,29.2,0.0,0.0
11.3,0.24,30.92,0.0,0.0
6.8,0.24,24.09,0.0,0.0
5.8,0.24,22.67,0.0,0.0
5.9,0.12,22.23,0.0,0.0
5.9,0.24,21.82,0.0,0.0
10.4,6.12,29.89,0.0,0.0
9.1,9.12,33.65,0.0,40.0828
11.4,2.64,41.51,0.0,179.857
13.1,13.44,46.19,0.0,366.984
10.4,11.4,43.66,0.0,524.756
9.9,5.16,43.41,0.0,623.309
12.0,2.04,46.69,0.0,684.058
9.0,0.84,44.98,0.0,706.252
8.5,1.8,48.14,0.0,670.678
7.7,6.24,49.45,0.0,580.4159999999999
7.8,1.32,49.76,0.0,427.56
10.9,3.84,51.58,0.0,242.896
12.3,4.8,47.94,0.0,51.0107
11.1,1.68,40.99,0.0,0.0
8.3,0.48,34.36,0.0,0.0
8.6,0.36,33.68,0.0,0.0
6.8,1.56,29.06,0.0,0.0
9.9,2.04,31.64,0.0,0.0
10.2,0.12,30.18,0.0,0.0
8.2,1.32,24.89,0.0,0.0
3.7,0.12,16.44,0.0,0.0
10.2,0.12,26.77,0.0,0.0
5.9,1.56,20.02,0.0,0.0
5.2,0.12,19.11,0.0,0.0
9.3,0.6,26.85,0.0,0.0
5.7,8.28,26.89,0.0,39.4261
9.5,1.68,38.13,0.0,178.75099999999998
10.7,1.68,41.9,0.0,371.86
7.2,9.96,37.52,0.0,527.696
12.6,2.16,45.56,0.0,643.1469999999999
10.1,8.52,43.34,0.0,697.995
12.8,4.08,49.09,0.0,704.06
12.2,4.8,51.31,0.0,664.3430000000001
11.3,3.36,51.52,0.0,574.8530000000001
9.1,0.36,45.5,0.0,241.963
8.9,0.72,46.6,0.0,188.452
14.1,3.96,50.43,0.0,48.8627
12.0,1.44,42.35,0.0,0.0
11.5,0.6,39.23,0.0,0.0
8.3,1.08,33.5,0.0,0.0
9.7,0.48,34.39,0.0,0.0
10.2,0.36,33.71,0.0,0.0
9.5,0.6,32.0,0.0,0.0
7.2,0.36,27.52,0.0,0.0
5.5,0.0,23.49,0.0,0.0
9.4,0.0,29.66,0.0,0.0
6.0,0.0,22.47,0.0,0.0
8.1,0.48,25.54,0.0,0.0
5.5,0.36,20.87,0.0,0.0
7.1,4.92,32.05,0.0,35.6233
10.2,4.56,42.61,0.0,177.93900000000002
11.2,9.96,45.21,0.0,339.28
11.2,11.88,46.76,0.0,526.4580000000001
9.5,10.44,43.9,0.0,604.7959999999999
8.5,9.12,43.79,0.0,604.571
11.8,0.6,49.18,0.0,687.8439999999999
11.0,2.64,51.78,0.0,611.785
10.2,1.8,53.86,0.0,533.248
10.9,2.88,56.25,0.0,422.747
11.4,4.44,55.36,0.0,243.77
13.1,2.64,52.35,0.0,51.3441
11.5,2.64,45.37,0.0,0.0
10.3,0.96,41.66,0.0,0.0
10.3,1.2,40.38,0.0,0.0
12.4,3.0,41.61,0.0,0.0
6.8,0.36,31.11,0.0,0.0
8.4,0.36,32.71,0.0,0.0
7.6,0.12,28.92,0.0,0.0
7.6,0.12,27.12,0.0,0.0
6.1,0.12,23.12,0.0,0.0
6.6,0.12,23.01,0.0,0.0
5.5,0.36,19.89,0.0,0.0
6.6,1.68,21.83,0.0,0.0
9.2,11.28,36.16,0.0,33.792
10.2,5.64,43.41,0.0,174.78
12.1,7.8,47.65,0.0,367.435
8.9,4.92,45.25,0.0,523.818
10.8,1.44,48.15,0.0,626.755
6.4,1.32,42.32,0.0,684.948
10.0,0.6,49.0,0.0,682.654
9.3,0.48,50.17,0.0,648.705
9.1,2.16,51.7,0.0,543.49
10.3,2.4,53.68,0.0,402.11
8.8,0.12,50.83,0.0,239.31
9.2,3.0,47.1,0.0,48.795
12.4,3.6,47.35,0.0,0.0
10.3,1.8,43.13,0.0,0.0
9.6,1.8,40.53,0.0,0.0
8.8,1.32,36.73,0.0,0.0
8.2,4.08,33.33,0.0,0.0
8.2,0.24,31.48,0.0,0.0
6.2,2.76,26.59,0.0,0.0
7.0,0.0,25.98,0.0,0.0
6.1,0.24,23.6,0.0,0.0
7.8,0.12,27.34,0.0,0.0
8.8,0.6,28.86,0.0,0.0
10.9,7.92,31.13,0.0,0.0
13.6,10.44,41.64,0.0,36.7173
9.8,8.28,40.8,0.0,175.58599999999998
10.1,7.68,44.55,0.0,359.021
11.2,4.92,47.56,0.0,512.635
14.7,0.6,51.56,0.0,608.658
10.1,2.76,47.32,0.0,667.932
13.4,1.56,52.34,0.0,674.7389999999999
11.0,2.4,52.24,0.0,631.688
9.1,3.0,52.55,0.0,534.794
8.2,1.08,51.53,0.0,398.99300000000005
8.6,2.4,50.49,0.0,211.737
8.7,4.32,46.29,0.0,37.0035
9.6,4.32,43.02,0.0,0.0
10.6,1.92,41.47,0.0,0.0
9.3,0.6,37.36,0.0,0.0
8.8,2.76,34.43,0.0,0.0
7.4,0.24,29.95,0.0,0.0
10.2,0.24,31.86,0.0,0.0
7.6,0.6,26.23,0.0,0.0
10.3,0.12,29.9,0.0,0.0
8.2,3.36,25.44,0.0,0.0
9.0,0.24,28.25,0.0,0.0
7.6,0.72,26.39,0.0,0.0
8.8,3.0,27.71,0.0,0.0
9.2,11.88,33.01,0.0,37.5442
8.3,10.08,35.86,0.0,178.207
10.7,6.24,43.29,0.0,362.317
14.2,6.36,49.52,0.0,516.3009999999999
11.2,3.36,45.58,0.0,616.6569999999999
11.6,4.2,47.9,0.0,671.6560000000001
12.9,1.08,51.84,0.0,682.4760000000001
13.3,0.12,55.27,0.0,631.774
9.5,0.48,53.24,0.0,548.596
8.8,0.84,52.32,0.0,402.202
8.7,0.84,50.86,0.0,211.76
10.3,2.52,48.18,0.0,35.5355
10.8,0.6,45.49,0.0,0.0
12.4,3.48,46.69,0.0,0.0
12.8,1.68,45.56,0.0,0.0
10.6,0.96,39.15,0.0,0.0
6.4,0.24,30.74,0.0,0.0
8.9,0.36,32.14,0.0,0.0
6.9,0.12,27.06,0.0,0.0
5.0,1.56,22.7,0.0,0.0
7.1,0.24,24.17,0.0,0.0
8.0,0.12,24.46,0.0,0.0
7.4,0.48,22.72,0.0,0.0
8.4,8.64,23.64,0.0,0.0
10.0,13.44,30.54,0.0,36.9923
12.3,5.16,37.65,0.0,177.362
11.1,6.24,38.38,0.0,360.902
10.5,2.04,39.43,0.0,510.13
11.0,1.68,41.21,0.0,609.3919999999999
8.7,0.24,40.0,0.0,663.82
17.6,0.48,53.26,0.0,675.227
12.4,2.76,51.17,0.0,632.669
11.0,0.96,53.29,0.0,541.899
15.2,1.44,58.43,0.0,401.027
9.7,2.16,50.76,0.0,214.762
14.9,1.8,52.35,0.0,37.0656
12.6,0.36,45.66,0.0,0.0
10.7,0.48,41.4,0.0,0.0
11.8,0.96,41.81,0.0,0.0
8.1,0.6,34.52,0.0,0.0
10.2,0.24,36.93,0.0,0.0
7.6,5.64,32.72,0.0,0.0
6.6,0.24,30.07,0.0,0.0
8.6,1.2,32.59,0.0,0.0
8.2,0.12,30.79,0.0,0.0
8.8,0.12,30.85,0.0,0.0
7.3,0.0,27.78,0.0,0.0
5.9,2.28,26.15,0.0,0.0
8.6,11.76,32.28,0.0,22.5488
10.7,4.56,35.33,0.0,92.555
12.1,14.64,37.03,0.0,187.175
8.4,9.6,27.44,0.0,126.66
9.8,5.52,28.77,0.0,79.3567
11.0,2.16,35.27,0.0,210.054
8.6,7.8,36.89,0.0,406.323
12.1,5.52,45.77,0.0,451.726
11.2,3.96,47.32,0.0,550.932
7.3,5.64,41.34,0.0,395.375
13.7,4.8,48.68,0.0,201.728
10.7,2.4,39.61,0.0,29.1453
8.4,2.04,33.27,0.0,0.0
11.7,0.96,36.79,0.0,0.0
11.1,2.04,35.08,0.0,0.0
8.8,2.16,28.94,0.0,0.0
6.9,0.96,23.93,0.0,0.0
8.0,0.96,24.69,0.0,0.0
8.3,0.6,22.98,0.0,0.0
10.8,0.0,25.1,0.0,0.0
10.3,0.12,23.27,0.0,0.0
7.5,0.24,18.16,0.0,0.0
9.6,0.0,21.23,0.0,0.0
6.7,0.48,17.4,0.0,0.0
7.9,2.88,22.52,0.0,38.7929
8.3,10.8,25.2,0.0,120.587
5.0,14.52,23.29,0.0,270.089
8.6,13.32,29.6,0.0,268.17400000000004
10.8,8.52,31.71,0.0,108.354
11.8,6.72,33.37,0.0,82.0187
9.0,1.56,27.48,0.0,89.1467
9.7,2.88,29.41,0.0,123.062
10.0,3.48,29.22,0.0,80.1114
6.6,4.2,22.88,0.0,7.7424
9.0,0.6,30.22,0.0,0.0
9.9,6.24,32.61,0.0,0.0
12.2,0.72,35.77,0.0,0.0
9.4,2.28,30.49,0.0,0.0
10.5,1.32,33.45,0.0,0.0
10.4,2.04,33.07,0.0,0.0
7.0,3.36,26.72,0.0,0.0
7.4,0.24,27.65,0.0,0.0
10.5,0.36,33.16,0.0,0.0
8.0,0.24,27.21,0.0,0.0
6.7,0.0,24.43,0.0,0.0
9.6,0.0,29.61,0.0,0.0
8.2,0.12,26.51,0.0,0.0
9.9,5.04,30.14,0.0,0.0
14.3,4.2,41.98,0.0,37.8655
7.3,14.04,34.62,0.0,172.304
9.0,11.16,40.06,0.0,326.19
15.9,13.8,50.29,0.0,347.602
8.2,3.36,38.91,0.0,413.029
11.0,4.08,44.98,0.0,438.06
14.5,1.08,52.76,0.0,657.8860000000001
10.1,0.72,48.58,0.0,593.293
11.2,0.48,50.97,0.0,472.986
11.8,2.4,52.15,0.0,428.717
9.9,2.76,46.38,0.0,228.194
8.3,2.76,37.73,0.0,34.6261
11.8,5.04,38.12,0.0,0.0
10.4,3.48,33.74,0.0,0.0
9.2,3.72,30.42,0.0,0.0
7.5,1.92,27.11,0.0,0.0
8.4,2.76,27.58,0.0,0.0
5.9,0.72,22.55,0.0,0.0
9.6,0.0,27.35,0.0,0.0
10.1,0.0,26.0,0.0,0.0
6.9,0.72,19.91,0.0,0.0
10.5,0.12,25.77,0.0,0.0
5.0,1.56,16.57,0.0,0.0
8.1,1.92,21.96,0.0,0.0
12.4,16.8,33.58,0.0,0.0
14.0,12.84,39.03,0.0,180.326
12.2,12.24,37.59,0.0,342.81300000000005
8.3,5.64,31.19,0.0,331.836
9.0,10.56,34.63,0.0,495.89
8.4,1.8,35.94,0.0,664.773
7.3,0.6,37.0,0.0,707.7669999999999
11.7,1.08,47.12,0.0,668.797
8.1,0.48,43.41,0.0,568.511
8.1,1.32,42.86,0.0,399.675
10.6,1.08,44.76,0.0,209.375
9.6,3.36,37.59,0.0,30.0029
10.0,2.16,33.85,0.0,0.0
8.2,2.28,29.35,0.0,0.0
10.5,3.6,31.72,0.0,0.0
9.6,1.68,27.83,0.0,0.0
8.0,0.24,23.67,0.0,0.0
9.0,1.08,24.84,0.0,0.0
10.4,0.12,26.76,0.0,0.0
8.2,0.12,22.01,0.0,0.0
6.4,0.0,18.19,0.0,0.0
8.8,3.48,20.77,0.0,0.0
10.3,0.36,22.5,0.0,0.0
10.3,11.88,22.25,0.0,0.0
9.1,12.84,26.46,0.0,0.0
10.0,8.52,33.09,0.0,181.754
10.6,16.44,37.54,0.0,376.11
12.1,2.64,42.06,0.0,533.819
8.1,4.32,36.69,0.0,647.377
7.4,2.16,37.3,0.0,715.682
10.2,2.4,42.68,0.0,736.073
5.7,0.24,39.09,0.0,692.975
11.0,1.08,48.11,0.0,591.884
6.9,5.88,43.26,0.0,440.394
6.8,0.96,42.01,0.0,231.932
11.3,5.88,41.48,0.0,34.6998
9.8,2.16,33.97,0.0,0.0
10.7,4.32,31.93,0.0,0.0
12.2,3.84,32.33,0.0,0.0
7.5,0.96,25.5,0.0,0.0
6.3,0.84,23.78,0.0,0.0
6.3,0.48,22.85,0.0,0.0
10.8,1.44,28.48,0.0,0.0
9.6,0.48,24.78,0.0,0.0
6.9,0.84,19.41,0.0,0.0
6.0,0.12,17.36,0.0,0.0
7.4,0.36,19.02,0.0,0.0
6.6,5.64,17.77,0.0,0.0
8.5,17.04,27.86,0.0,0.0
10.4,22.92,35.15,0.0,182.227
8.4,18.96,34.52,0.0,378.11800000000005
11.9,4.44,42.44,0.0,537.734
13.1,2.4,44.89,0.0,641.3919999999999
12.0,2.4,44.3,0.0,701.4010000000001
11.2,0.24,45.89,0.0,713.378
12.6,1.2,49.42,0.0,471.602
8.2,0.24,45.39,0.0,481.52
10.3,3.24,47.86,0.0,330.75800000000004
11.4,0.84,47.82,0.0,164.517
7.0,3.36,38.45,0.0,16.0463
8.1,2.88,38.5,0.0,0.0
10.2,1.32,40.58,0.0,0.0
15.5,3.0,47.78,0.0,0.0
9.9,1.8,36.92,0.0,0.0
9.5,1.8,35.83,0.0,0.0
10.6,0.36,36.95,0.0,0.0
7.0,4.2,30.15,0.0,0.0
5.5,0.36,27.63,0.0,0.0
5.6,1.2,28.01,0.0,0.0
6.5,0.0,29.69,0.0,0.0
6.5,1.68,29.58,0.0,0.0
9.1,14.52,34.78,0.0,0.0
9.3,9.36,34.47,0.0,0.0
15.8,8.28,45.8,0.0,38.764
10.8,12.84,41.66,0.0,231.46
10.3,4.08,44.6,0.0,297.684
13.9,1.68,50.37,0.0,364.306
8.7,0.72,40.03,0.0,289.009
11.5,1.44,39.58,0.0,196.287
10.2,2.64,31.76,0.0,68.7395
8.3,1.8,28.25,0.0,87.292
6.4,2.88,25.3,0.0,98.916
10.3,0.24,32.89,0.0,47.8021
11.9,0.84,35.01,0.0,2.1332
11.0,1.56,31.45,0.0,0.0
16.7,1.92,39.27,0.0,0.0
8.3,1.32,25.49,0.0,0.0
8.8,0.96,27.21,0.0,0.0
9.3,1.08,27.63,0.0,0.0
10.2,0.6,28.45,0.0,0.0
6.4,1.68,20.24,0.0,0.0
8.7,0.0,24.14,0.0,0.0
5.5,2.76,18.3,0.0,0.0
6.6,0.12,20.08,0.0,0.0
5.7,0.24,18.17,0.0,0.0
7.0,0.6,20.15,0.0,0.0
7.1,7.56,26.1,0.0,0.0
7.9,16.2,33.04,0.0,165.90599999999998
9.2,10.32,40.55,0.0,335.913
10.1,11.52,46.27,0.0,498.207
6.4,6.72,41.89,0.0,609.487
10.9,6.72,49.89,0.0,652.0369999999999
7.9,12.0,47.02,0.0,584.149
11.1,2.4,54.16,0.0,544.682
10.7,1.68,55.72,0.0,487.42800000000005
11.2,6.6,55.11,0.0,312.54400000000004
5.9,5.16,47.05,0.0,159.017
14.5,2.64,54.49,0.0,13.437
8.1,2.88,42.22,0.0,0.0
9.8,3.12,42.11,0.0,0.0
9.5,1.08,39.49,0.0,0.0
12.9,3.96,43.18,0.0,0.0
7.4,0.72,32.78,0.0,0.0
4.1,0.96,26.37,0.0,0.0
8.8,0.36,34.06,0.0,0.0
10.5,0.96,35.28,0.0,0.0
6.5,3.12,26.5,0.0,0.0
6.8,0.0,26.42,0.0,0.0
5.0,0.36,22.36,0.0,0.0
6.3,0.36,24.91,0.0,0.0
9.1,2.28,37.19,0.0,0.0
11.7,7.68,45.5,0.0,155.233
7.2,11.64,38.63,0.0,291.08
10.2,19.56,45.42,0.0,359.245
9.6,4.56,47.49,0.0,527.081
13.3,6.0,52.69,0.0,472.397
7.3,2.04,40.26,0.0,283.41700000000003
11.0,2.28,42.47,0.0,84.5832
10.0,3.96,43.38,0.0,194.367
13.2,3.96,50.48,0.0,216.49400000000003
8.2,4.2,40.96,0.0,97.0451
11.4,4.56,44.14,0.0,4.57224
11.7,4.08,42.41,0.0,0.0
10.4,1.44,38.7,0.0,0.0
10.9,4.32,38.77,0.0,0.0
9.9,1.68,36.06,0.0,0.0
9.1,4.08,34.01,0.0,0.0
9.1,0.24,33.76,0.0,0.0
6.4,0.24,28.66,0.0,0.0
8.3,0.12,31.93,0.0,0.0
6.1,0.36,26.66,0.0,0.0
8.7,0.12,31.24,0.0,0.0
5.7,1.08,24.12,0.0,0.0
7.0,4.44,27.14,0.0,0.0
8.4,6.84,37.46,0.0,0.0
9.9,9.96,45.36,0.0,171.093
10.7,17.52,49.32,0.0,356.106
12.4,17.76,51.88,0.0,497.127
11.9,1.92,50.59,0.0,568.577
10.5,1.44,49.19,0.0,456.916
8.5,7.92,45.83,0.0,323.22
12.2,1.44,51.45,0.0,317.647
9.3,2.64,44.23,0.0,135.372
8.0,2.4,43.39,0.0,163.181
10.6,3.84,46.99,0.0,82.5534
8.7,4.56,41.36,0.0,3.3497800000000004
9.7,12.48,39.9,0.0,0.0
12.3,1.2,41.04,0.0,0.0
10.9,5.52,36.82,0.0,0.0
6.1,3.24,27.41,0.0,0.0
7.9,1.2,29.29,0.0,0.0
7.0,2.16,26.25,0.0,0.0
6.5,0.0,23.49,0.0,0.0
8.8,0.24,26.1,0.0,0.0
5.6,0.12,19.31,0.0,0.0
8.3,0.0,23.38,0.0,0.0
5.7,1.56,18.15,0.0,0.0
8.9,3.0,23.63,0.0,0.0
10.0,16.08,33.61,0.0,0.0
10.3,9.24,41.23,0.0,169.32299999999998
12.3,15.36,48.12,0.0,354.426
9.0,5.88,45.26,0.0,500.926
10.5,12.36,48.18,0.0,598.486
9.8,2.28,48.82,0.0,643.685
8.3,4.2,49.2,0.0,671.882
9.9,1.2,54.99,0.0,620.236
9.5,0.72,56.85,0.0,529.846
8.0,1.44,54.67,0.0,376.455
12.5,1.8,56.57,0.0,184.347
8.2,1.2,45.42,0.0,14.0446
12.5,1.68,48.97,0.0,0.0
12.0,1.8,46.26,0.0,0.0
8.0,3.0,38.42,0.0,0.0
11.0,3.48,41.74,0.0,0.0
10.0,0.36,38.39,0.0,0.0
6.4,1.32,30.98,0.0,0.0
5.5,0.36,28.5,0.0,0.0
11.4,1.56,37.79,0.0,0.0
9.0,0.12,30.84,0.0,0.0
9.8,4.8,30.45,0.0,0.0
5.5,4.2,22.27,0.0,0.0
7.8,12.96,26.68,0.0,0.0
10.8,10.92,37.73,0.0,0.0
11.3,14.16,42.26,0.0,169.66400000000002
13.4,21.6,47.92,0.0,357.01199999999994
9.1,5.52,43.46,0.0,510.09
8.8,6.72,43.88,0.0,604.174
9.4,3.48,46.7,0.0,653.839
13.4,0.96,53.44,0.0,668.36
13.4,0.48,55.93,0.0,616.705
8.6,3.72,53.26,0.0,525.563
10.6,2.52,55.76,0.0,381.899
8.6,2.52,51.01,0.0,189.581
9.5,4.32,45.79,0.0,16.7882
10.5,2.52,44.27,0.0,0.0
14.0,4.8,47.11,0.0,0.0
12.2,4.68,43.18,0.0,0.0
14.4,3.72,44.7,0.0,0.0
7.1,1.68,31.65,0.0,0.0
5.5,0.0,27.82,0.0,0.0
7.8,0.48,30.04,0.0,0.0
6.1,0.48,25.27,0.0,0.0
11.0,0.12,31.23,0.0,0.0
9.9,0.24,27.02,0.0,0.0
5.5,0.24,19.35,0.0,0.0
8.1,3.36,23.48,0.0,0.0
12.1,21.48,35.41,0.0,0.0
11.7,21.24,39.51,0.0,171.55700000000002
8.9,14.64,38.73,0.0,359.86300000000006
9.2,5.16,40.59,0.0,510.345
8.2,4.32,39.8,0.0,609.871
11.9,4.92,46.41,0.0,662.132
10.7,0.48,47.11,0.0,670.118
9.2,1.68,49.42,0.0,621.203
7.9,0.72,51.2,0.0,517.996
7.5,2.64,50.52,0.0,366.132
11.3,1.8,52.97,0.0,172.81099999999998
15.0,2.28,52.62,0.0,11.4885
11.1,5.4,44.31,0.0,0.0
10.0,7.32,41.07,0.0,0.0
11.1,4.08,41.55,0.0,0.0
8.2,2.4,34.97,0.0,0.0
8.5,1.8,33.93,0.0,0.0
7.0,0.6,31.27,0.0,0.0
11.4,2.4,37.97,0.0,0.0
6.5,0.48,28.04,0.0,0.0
8.5,0.0,31.16,0.0,0.0
8.9,0.0,30.84,0.0,0.0
5.9,0.96,24.2,0.0,0.0
9.9,2.64,30.95,0.0,0.0
8.3,7.2,34.21,0.0,0.0
9.3,17.28,42.27,0.0,169.079
13.0,4.2,49.66,0.0,361.826
9.8,2.28,46.47,0.0,520.004
11.9,2.28,49.08,0.0,620.0169999999999
8.4,2.04,45.59,0.0,673.17
8.5,0.72,48.13,0.0,691.482
13.1,1.32,57.09,0.0,649.372
8.5,0.36,54.92,0.0,550.904
10.3,3.96,56.52,0.0,398.467
8.5,1.08,51.0,0.0,194.207
10.7,1.92,46.98,0.0,14.803
10.7,2.88,43.75,0.0,0.0
12.2,1.08,44.04,0.0,0.0
12.6,1.2,43.11,0.0,0.0
7.3,2.04,31.82,0.0,0.0
8.4,1.2,32.35,0.0,0.0
7.3,0.84,29.5,0.0,0.0
7.6,0.48,29.51,0.0,0.0
12.3,0.0,36.8,0.0,0.0
7.2,2.76,26.05,0.0,0.0
6.4,0.12,25.04,0.0,0.0
5.9,0.0,24.66,0.0,0.0
10.8,3.72,34.28,0.0,0.0
8.5,6.36,35.53,0.0,0.0
7.4,13.56,39.11,0.0,165.533
8.8,12.0,42.01,0.0,288.878
7.6,14.4,36.85,0.0,255.867
10.9,11.64,40.37,0.0,133.916
8.1,4.56,36.04,0.0,240.266
8.8,6.36,40.75,0.0,317.786
11.9,4.32,46.58,0.0,300.35900000000004
8.9,1.92,37.88,0.0,156.914
7.8,4.8,33.98,0.0,53.4879
10.0,2.4,37.81,0.0,22.8106
10.1,6.6,37.95,0.0,0.0
9.4,2.64,34.67,0.0,0.0
12.5,2.28,37.65,0.0,0.0
6.6,2.28,26.13,0.0,0.0
10.0,3.0,30.57,0.0,0.0
7.1,3.48,24.76,0.0,0.0
8.9,0.84,27.75,0.0,0.0
6.9,0.24,23.6,0.0,0.0
9.1,0.72,25.73,0.0,0.0
6.0,3.24,17.73,0.0,0.0
4.7,0.0,14.25,0.0,0.0
6.6,0.0,16.01,0.0,0.0
5.3,1.32,13.45,0.0,0.0
13.1,2.88,24.43,0.0,0.0
9.4,12.12,14.51,0.0,42.6872
9.9,12.36,14.35,0.0,83.8641
13.3,15.96,18.93,0.0,119.341
10.6,10.08,16.79,0.0,143.806
9.1,4.2,22.01,0.0,602.441
8.4,2.28,24.22,0.0,736.9110000000001
9.1,2.04,28.15,0.0,682.8439999999999
10.7,5.4,33.02,0.0,589.394
9.0,2.16,30.39,0.0,439.187
9.6,2.16,29.31,0.0,222.101
8.0,2.28,21.81,0.0,19.2779
10.1,2.64,21.5,0.0,0.0
9.5,1.44,19.38,0.0,0.0
9.8,4.32,18.67,0.0,0.0
9.5,3.0,16.34,0.0,0.0
6.8,2.64,11.3,0.0,0.0
8.5,0.84,11.58,0.0,0.0
8.5,0.48,9.76,0.0,0.0
6.9,0.24,7.46,0.0,0.0
7.5,0.0,7.31,0.0,0.0
8.3,0.24,7.15,0.0,0.0
5.8,0.12,4.99,0.0,0.0
7.4,1.8,5.52,0.0,0.0
8.6,7.8,9.48,0.0,0.0
7.5,10.92,12.71,0.0,194.65
14.1,17.64,20.7,0.0,409.68
10.8,13.08,19.61,0.0,578.367
9.4,2.16,19.67,0.0,684.421
10.1,2.88,22.74,0.0,746.2389999999999
9.7,1.32,25.3,0.0,741.405
11.7,6.48,32.29,0.0,681.3860000000001
10.2,0.12,34.04,0.0,579.359
11.9,0.24,37.23,0.0,417.447
7.4,1.44,30.14,0.0,204.897
10.0,4.08,27.48,0.0,16.2472
9.9,5.88,24.64,0.0,0.0
13.6,5.76,27.75,0.0,0.0
10.4,3.36,20.96,0.0,0.0
8.0,6.12,15.84,0.0,0.0
9.4,1.44,17.92,0.0,0.0
10.0,1.44,17.74,0.0,0.0
7.4,0.6,12.91,0.0,0.0
9.5,0.24,14.44,0.0,0.0
11.7,1.2,16.23,0.0,0.0
4.2,0.24,7.42,0.0,0.0
6.8,0.6,9.26,0.0,0.0
11.4,2.28,13.42,0.0,0.0
12.4,24.6,19.14,0.0,0.0
8.8,9.24,19.95,0.0,177.55700000000002
7.7,13.68,23.34,0.0,374.449
8.1,3.84,27.28,0.0,538.56
13.0,15.6,35.99,0.0,658.622
12.5,2.16,36.76,0.0,719.237
11.5,0.36,36.94,0.0,727.7810000000001
9.7,0.0,37.83,0.0,674.93
12.7,0.6,44.84,0.0,575.606
6.0,2.52,35.79,0.0,415.572
9.3,1.32,37.14,0.0,203.118
11.0,1.68,32.89,0.0,15.2213
11.0,1.08,28.55,0.0,0.0
9.6,1.68,23.51,0.0,0.0
10.5,3.0,22.5,0.0,0.0
10.1,0.6,20.02,0.0,0.0
9.4,1.08,16.95,0.0,0.0
7.5,0.36,13.33,0.0,0.0
6.9,0.0,11.21,0.0,0.0
7.1,0.12,9.56,0.0,0.0
5.8,0.12,7.04,0.0,0.0
8.2,2.88,8.82,0.0,0.0
6.8,2.04,8.26,0.0,0.0
9.0,9.72,10.89,0.0,0.0
7.4,17.28,13.5,0.0,0.0
10.7,7.8,24.27,0.0,173.18400000000003
9.6,15.36,28.14,0.0,369.787
8.7,9.12,29.11,0.0,535.1990000000001
11.6,5.52,34.95,0.0,646.934
8.7,2.64,33.82,0.0,703.862
10.5,0.96,40.6,0.0,694.357
11.8,2.28,47.12,0.0,653.413
9.5,0.96,46.84,0.0,551.868
11.7,3.24,48.78,0.0,403.124
12.6,1.08,45.87,0.0,188.497
10.2,3.6,35.11,0.0,12.7776
11.2,6.48,33.09,0.0,0.0
9.4,5.4,28.9,0.0,0.0
13.1,6.96,32.89,0.0,0.0
13.3,3.36,30.12,0.0,0.0
8.7,0.48,20.88,0.0,0.0
6.9,1.56,16.86,0.0,0.0
7.5,0.24,17.55,0.0,0.0
8.9,0.48,19.24,0.0,0.0
6.6,0.0,15.02,0.0,0.0
10.5,0.0,19.58,0.0,0.0
9.5,0.36,16.89,0.0,0.0
9.2,5.52,16.13,0.0,0.0
14.6,20.52,25.26,0.0,0.0
10.1,24.12,19.68,0.0,110.591
10.7,16.68,26.66,0.0,263.991
8.4,4.56,28.62,0.0,409.862
11.5,3.36,36.71,0.0,482.095
9.4,0.24,36.21,0.0,524.508
10.5,0.48,40.32,0.0,536.9019999999999
13.0,0.48,45.11,0.0,453.858
10.7,0.84,40.52,0.0,334.37699999999995
10.6,3.48,39.47,0.0,215.956
12.4,0.36,40.65,0.0,87.8677
9.3,2.16,33.72,0.0,1.09321
10.4,5.64,33.6,0.0,0.0
7.2,3.72,26.98,0.0,0.0
9.5,3.12,30.03,0.0,0.0
11.4,0.72,32.14,0.0,0.0
7.6,0.72,25.06,0.0,0.0
6.0,0.48,21.98,0.0,0.0
8.8,2.04,27.13,0.0,0.0
6.7,0.24,22.47,0.0,0.0
9.1,1.68,25.63,0.0,0.0
9.6,0.24,25.48,0.0,0.0
5.5,0.12,17.66,0.0,0.0
5.4,11.4,17.47,0.0,0.0
9.1,5.52,26.41,0.0,0.0
8.0,18.12,27.83,0.0,123.85
11.3,4.44,37.77,0.0,252.617
10.6,3.96,38.64,0.0,352.452
12.0,8.16,42.21,0.0,328.26800000000003
6.4,2.88,36.77,0.0,367.716
9.9,1.8,44.05,0.0,459.49300000000005
7.4,0.36,42.61,0.0,471.265
7.9,0.96,46.6,0.0,456.149
9.5,2.28,46.24,0.0,288.024
11.0,2.52,44.71,0.0,112.51
11.6,2.16,42.36,0.0,1.6452
15.4,2.52,46.07,0.0,0.0
10.9,0.84,36.35,0.0,0.0
10.2,1.32,35.13,0.0,0.0
7.8,1.32,30.56,0.0,0.0
9.2,0.48,32.38,0.0,0.0
9.2,0.48,31.01,0.0,0.0
9.9,0.12,31.23,0.0,0.0
7.7,0.12,26.5,0.0,0.0
8.7,0.12,28.39,0.0,0.0
9.4,0.0,29.17,0.0,0.0
4.3,0.24,19.1,0.0,0.0
6.4,2.88,21.19,0.0,0.0
11.7,9.84,33.82,0.0,0.0
7.5,10.8,30.18,0.0,158.991
8.9,11.4,37.75,0.0,336.181
8.2,13.68,35.28,0.0,323.029
7.4,4.2,22.57,0.0,79.5038
7.9,3.72,20.76,0.0,250.46
7.5,12.24,23.16,0.0,355.255
9.1,4.2,27.46,0.0,291.733
7.0,1.56,26.29,0.0,359.344
6.4,3.12,21.98,0.0,149.458
10.1,3.36,25.93,0.0,55.1525
8.1,3.36,21.57,0.0,0.0
11.9,4.32,24.18,0.0,0.0
10.4,2.16,20.04,0.0,0.0
8.7,3.84,16.83,0.0,0.0
8.2,2.52,14.74,0.0,0.0
10.6,0.48,16.95,0.0,0.0
6.7,1.08,10.78,0.0,0.0
9.3,0.24,12.86,0.0,0.0
4.8,0.12,7.52,0.0,0.0
6.1,1.44,8.09,0.0,0.0
6.9,0.24,8.0,0.0,0.0
8.6,0.12,8.79,0.0,0.0
7.3,0.24,6.85,0.0,0.0
8.4,3.12,11.46,0.0,0.0
9.3,10.92,14.46,0.0,143.079
9.5,9.0,15.31,0.0,278.985
6.7,11.52,16.54,0.0,581.3580000000001
8.5,14.4,19.33,0.0,698.6030000000001
10.3,3.12,23.25,0.0,747.007
11.4,1.08,27.44,0.0,763.7660000000001
12.3,2.28,31.74,0.0,707.232
7.9,3.6,28.76,0.0,592.078
10.7,3.6,32.67,0.0,427.47
10.8,3.6,30.5,0.0,208.73
12.6,1.56,26.25,0.0,14.5824
9.1,5.52,19.17,0.0,0.0
10.4,2.28,18.55,0.0,0.0
8.9,1.68,13.46,0.0,0.0
10.4,2.16,12.2,0.0,0.0
7.4,1.44,7.79,0.0,0.0
6.5,0.84,5.95,0.0,0.0
12.0,1.56,9.81,0.0,0.0
8.6,0.24,5.95,0.0,0.0
7.9,0.0,4.63,0.0,0.0
9.7,0.0,5.46,0.0,0.0
9.6,0.0,4.71,0.0,0.0
5.4,2.76,2.62,0.0,0.0
13.0,9.0,10.42,0.0,0.0
10.9,17.88,14.07,0.0,176.885
14.0,21.12,19.87,0.0,387.526
10.3,14.28,18.36,0.0,557.835
13.9,0.84,23.32,0.0,680.927
10.4,1.68,21.09,0.0,748.048
8.3,1.44,20.88,0.0,759.323
11.8,0.84,27.43,0.0,714.3589999999999
8.8,0.24,26.39,0.0,606.77
8.0,1.08,25.78,0.0,438.518
13.4,2.28,28.93,0.0,206.965
10.3,5.16,19.42,0.0,12.3865
7.1,5.28,11.78,0.0,0.0
10.8,3.0,12.72,0.0,0.0
11.5,3.72,13.18,0.0,0.0
9.9,1.32,11.17,0.0,0.0
7.6,0.96,7.85,0.0,0.0
7.4,0.72,6.71,0.0,0.0
8.0,0.0,6.01,0.0,0.0
7.9,0.12,4.97,0.0,0.0
7.5,3.0,4.3,0.0,0.0
9.7,0.12,4.78,0.0,0.0
7.7,3.0,2.93,0.0,0.0
10.4,3.24,3.03,0.0,0.0
8.5,25.32,4.2,0.0,0.0
10.1,9.96,9.64,0.0,189.445
9.1,18.24,12.02,0.0,410.43
8.8,2.28,12.3,0.0,581.664
11.0,14.52,13.99,0.0,695.945
12.0,0.84,16.54,0.0,749.312
10.5,0.72,17.14,0.0,768.9069999999999
9.6,1.92,19.38,0.0,705.32
8.1,2.4,21.26,0.0,595.809
9.6,0.48,23.24,0.0,423.48
8.8,0.84,20.21,0.0,197.033
13.4,3.84,19.09,0.0,10.6492
10.6,0.84,11.75,0.0,0.0
10.0,2.04,9.03,0.0,0.0
12.6,2.88,10.32,0.0,0.0
11.2,1.08,7.49,0.0,0.0
8.0,1.2,4.53,0.0,0.0
6.9,0.72,3.13,0.0,0.0
8.6,0.72,3.1,0.0,0.0
8.4,0.12,2.77,0.0,0.0
8.6,0.24,2.51,0.0,0.0
8.3,1.56,1.88,0.0,0.0
6.5,1.44,1.52,0.0,0.0
9.6,6.36,2.04,0.0,0.0
8.6,14.88,3.71,0.0,0.0
12.0,12.84,10.11,0.0,176.563
10.2,16.44,13.52,0.0,380.828
12.8,3.0,17.16,0.0,545.07
10.8,5.88,16.89,0.0,642.587
11.8,2.88,20.11,0.0,709.3939999999999
7.8,2.4,18.9,0.0,709.696
12.4,0.6,27.61,0.0,668.182
7.4,0.6,25.07,0.0,574.487
12.3,4.92,30.9,0.0,415.372
12.3,3.96,28.71,0.0,189.804
8.5,3.72,19.46,0.0,8.837639999999999
11.3,6.84,20.04,0.0,0.0
11.9,3.0,18.75,0.0,0.0
11.8,2.28,17.17,0.0,0.0
8.6,5.28,12.09,0.0,0.0
6.4,0.96,8.54,0.0,0.0
13.1,0.12,13.0,0.0,0.0
8.8,0.12,7.41,0.0,0.0
8.7,0.48,7.67,0.0,0.0
4.4,0.12,4.95,0.0,0.0
9.8,0.36,8.32,0.0,0.0
11.7,0.24,9.63,0.0,0.0
7.8,2.76,5.97,0.0,0.0
12.1,11.76,12.69,0.0,0.0
16.7,23.4,25.36,0.0,164.024
10.7,15.12,20.84,0.0,314.972
12.7,12.24,24.23,0.0,219.604
8.4,2.4,24.09,0.0,537.394
9.7,3.36,29.02,0.0,532.37
13.9,0.72,35.63,0.0,467.531
11.4,1.44,31.3,0.0,238.316
11.3,0.96,37.66,0.0,471.266
14.7,2.52,43.45,0.0,383.105
12.4,1.56,37.01,0.0,167.304
11.0,1.92,29.78,0.0,5.9351400000000005
9.5,1.68,24.76,0.0,0.0
12.0,2.76,25.95,0.0,0.0
10.4,7.08,22.95,0.0,0.0
14.2,1.32,26.77,0.0,0.0
8.3,1.08,15.71,0.0,0.0
8.7,1.44,13.28,0.0,0.0
6.3,1.32,7.52,0.0,0.0
7.8,0.36,6.5,0.0,0.0
9.6,3.24,6.26,0.0,0.0
6.9,0.36,3.25,0.0,0.0
7.4,0.84,2.46,0.0,0.0
7.2,11.76,2.17,0.0,0.0
6.5,11.04,1.6,0.0,0.0
10.4,14.4,2.68,0.0,74.3828
10.0,12.0,3.98,0.0,232.085
8.8,6.24,5.7,0.0,445.516
13.7,5.28,10.16,0.0,678.288
8.8,1.8,9.03,0.0,724.702
12.9,0.6,13.44,0.0,775.1260000000001
12.7,1.2,15.43,0.0,711.99
8.2,3.96,13.85,0.0,612.774
9.2,0.6,15.06,0.0,436.91
10.4,2.04,14.13,0.0,197.33900000000003
9.3,2.64,7.78,0.0,8.84215
10.0,8.04,6.36,0.0,0.0
7.8,1.68,4.53,0.0,0.0
11.0,1.8,5.33,0.0,0.0
6.2,2.04,2.7,0.0,0.0
7.7,0.72,2.81,0.0,0.0
6.6,0.72,1.99,0.0,0.0
9.8,1.56,2.47,0.0,0.0
7.6,0.48,1.41,0.0,0.0
9.8,0.0,1.43,0.0,0.0
8.6,0.12,1.05,0.0,0.0
8.1,0.12,0.96,0.0,0.0
7.3,3.36,0.69,0.0,0.0
7.8,11.76,1.27,0.0,0.0
8.7,10.92,4.28,0.0,183.05900000000003
9.7,14.4,6.99,0.0,410.864
10.7,13.8,9.14,0.0,585.364
9.3,11.4,9.01,0.0,699.466
15.5,6.12,13.85,0.0,768.707
10.9,5.28,13.22,0.0,761.4860000000001
12.7,5.52,16.9,0.0,690.556
7.2,4.92,16.39,0.0,551.736
7.4,7.56,17.22,0.0,417.793
14.1,3.36,20.08,0.0,188.332
10.1,0.96,10.16,0.0,6.8521
11.6,2.16,9.06,0.0,0.0
8.6,3.24,5.47,0.0,0.0
8.4,0.6,4.5,0.0,0.0
12.1,1.32,5.42,0.0,0.0
7.4,1.08,2.68,0.0,0.0
8.7,2.4,2.41,0.0,0.0
4.4,0.24,1.22,0.0,0.0
7.3,0.24,1.44,0.0,0.0
7.8,0.12,1.26,0.0,0.0
7.2,0.12,1.18,0.0,0.0
5.9,0.6,0.98,0.0,0.0
5.0,1.8,0.82,0.0,0.0
8.7,4.2,1.96,0.0,0.0
9.8,7.08,5.99,0.0,172.115
7.8,10.44,10.22,0.0,373.51
11.9,8.52,15.16,0.0,541.288
8.3,3.0,14.12,0.0,647.257
7.0,5.76,15.74,0.0,691.115
9.7,1.2,19.82,0.0,720.1239999999999
12.6,5.4,27.07,0.0,659.705
8.5,2.4,26.25,0.0,561.595
8.8,3.12,26.82,0.0,397.601
13.1,2.52,28.88,0.0,176.741
7.9,2.4,17.27,0.0,6.165109999999999
13.4,3.36,20.76,0.0,0.0
11.4,2.4,16.37,0.0,0.0
10.7,3.0,14.64,0.0,0.0
11.3,2.4,13.14,0.0,0.0
9.5,2.16,9.2,0.0,0.0
5.7,0.12,5.37,0.0,0.0
7.0,0.12,4.94,0.0,0.0
5.6,0.12,3.24,0.0,0.0
8.3,1.56,4.13,0.0,0.0
6.5,0.12,2.71,0.0,0.0
7.9,0.36,2.89,0.0,0.0
6.9,4.08,2.29,0.0,0.0
9.2,7.68,5.24,0.0,0.0
10.1,8.16,11.42,0.0,166.611
8.3,22.56,16.14,0.0,363.518
6.9,9.72,17.24,0.0,520.285
13.2,3.0,24.76,0.0,594.337
9.7,4.44,22.67,0.0,606.313
10.8,7.92,26.96,0.0,693.687
11.2,2.4,28.9,0.0,412.1
10.8,2.28,32.75,0.0,460.912
11.2,0.36,34.85,0.0,379.523
10.0,0.72,30.53,0.0,162.673
11.7,4.56,26.85,0.0,2.13029
10.7,5.88,22.47,0.0,0.0
10.9,5.28,21.01,0.0,0.0
9.6,5.76,17.36,0.0,0.0
12.5,4.32,18.73,0.0,0.0
7.0,0.72,10.84,0.0,0.0
8.2,0.84,11.81,0.0,0.0
8.2,0.48,11.55,0.0,0.0
7.7,0.0,10.63,0.0,0.0
7.4,0.0,10.33,0.0,0.0
7.9,0.12,10.75,0.0,0.0
5.8,0.36,8.77,0.0,0.0
9.3,4.44,12.21,0.0,0.0
7.7,12.36,12.63,0.0,0.0
9.0,9.72,18.34,0.0,139.753
12.0,22.2,26.08,0.0,271.149
8.7,10.56,23.63,0.0,300.35400000000004
11.9,3.48,31.26,0.0,401.567
8.5,1.44,27.1,0.0,361.47
11.1,0.72,31.53,0.0,403.377
9.1,0.36,25.1,0.0,128.743
11.1,1.2,28.1,0.0,111.846
8.4,5.4,26.86,0.0,178.771
5.9,1.8,22.55,0.0,57.8935
11.1,1.08,29.46,0.0,0.0
20.7,2.4,42.87,0.0,0.0
11.1,2.4,26.38,0.0,0.0
13.1,1.32,29.54,0.0,0.0
12.1,5.76,27.5,0.0,0.0
11.0,6.0,24.63,0.0,0.0
13.5,0.6,27.77,0.0,0.0
7.4,3.84,17.5,0.0,0.0
9.8,0.36,20.61,0.0,0.0
6.8,0.24,14.85,0.0,0.0
7.5,0.12,15.22,0.0,0.0
7.4,0.0,14.47,0.0,0.0
7.2,2.04,14.87,0.0,0.0
11.6,8.16,25.05,0.0,0.0
11.9,14.16,32.45,0.0,149.60399999999998
14.1,10.32,42.22,0.0,334.217
8.7,4.8,37.03,0.0,491.894
9.7,9.72,40.2,0.0,595.487
8.1,6.0,39.78,0.0,654.219
9.8,1.08,43.36,0.0,600.009
10.1,1.44,44.81,0.0,502.663
9.9,1.08,47.21,0.0,508.536
12.9,0.84,50.15,0.0,345.29
12.7,2.76,45.56,0.0,132.885
18.8,2.64,48.04,0.0,0.0
13.6,1.44,37.08,0.0,0.0
12.2,1.2,32.77,0.0,0.0
11.8,1.32,31.23,0.0,0.0
16.1,4.08,35.95,0.0,0.0
10.2,2.04,24.92,0.0,0.0
9.7,4.44,23.41,0.0,0.0
6.8,0.48,17.7,0.0,0.0
8.5,1.44,18.96,0.0,0.0
12.0,0.0,23.13,0.0,0.0
10.5,9.0,18.84,0.0,0.0
12.4,0.36,20.26,0.0,0.0
10.2,2.28,15.72,0.0,0.0
10.4,2.88,20.62,0.0,0.0
8.5,12.12,28.71,0.0,147.885
14.1,14.64,42.88,0.0,335.01
11.0,8.4,39.47,0.0,486.161
10.5,22.56,40.03,0.0,553.092
10.6,9.24,41.09,0.0,597.4119999999999
9.8,6.84,42.04,0.0,626.498
10.6,1.44,47.05,0.0,566.5419999999999
11.4,5.28,50.5,0.0,503.486
10.9,3.6,48.61,0.0,345.91900000000004
10.3,2.64,42.97,0.0,138.02100000000002
14.3,1.44,43.4,0.0,0.0
10.9,5.28,37.03,0.0,0.0
11.0,1.32,34.27,0.0,0.0
11.0,4.44,31.43,0.0,0.0
11.0,2.16,29.77,0.0,0.0
10.8,2.88,27.09,0.0,0.0
7.8,4.32,19.93,0.0,0.0
7.7,3.0,18.14,0.0,0.0
10.0,0.12,20.28,0.0,0.0
10.6,0.0,18.86,0.0,0.0
13.5,0.0,21.27,0.0,0.0
12.2,0.12,18.04,0.0,0.0
8.3,3.6,10.96,0.0,0.0
11.1,6.36,17.71,0.0,0.0
11.5,10.32,29.27,0.0,146.208
8.2,23.52,30.36,0.0,337.589
7.3,10.32,32.17,0.0,491.292
8.3,0.6,32.76,0.0,467.465
9.2,1.68,35.72,0.0,516.924
13.1,2.64,44.02,0.0,635.89
12.6,5.16,46.77,0.0,602.81
13.7,1.32,50.17,0.0,500.397
9.0,3.6,42.96,0.0,346.783
9.0,2.76,37.54,0.0,138.747
14.8,8.88,40.05,0.0,0.0
12.2,2.76,35.53,0.0,0.0
10.3,1.8,30.88,0.0,0.0
11.7,0.72,30.85,0.0,0.0
14.7,1.2,33.65,0.0,0.0
14.2,2.76,30.69,0.0,0.0
11.6,2.52,24.64,0.0,0.0
5.5,2.64,14.05,0.0,0.0
6.6,2.52,14.28,0.0,0.0
10.0,0.12,17.19,0.0,0.0
7.4,3.84,12.05,0.0,0.0
6.2,0.12,10.03,0.0,0.0
7.7,0.48,11.01,0.0,0.0
8.6,0.6,14.77,0.0,0.0
7.9,10.68,24.1,0.0,145.731
8.6,13.32,30.78,0.0,337.371
6.8,25.92,27.91,0.0,362.571
8.8,6.36,32.0,0.0,458.567
9.0,5.16,32.69,0.0,377.322
13.2,1.92,42.97,0.0,536.116
10.5,2.16,38.38,0.0,293.163
10.0,2.4,42.47,0.0,419.989
6.5,2.16,37.39,0.0,337.49
12.2,3.96,40.43,0.0,124.83
11.4,5.52,34.73,0.0,0.0
13.9,6.24,37.25,0.0,0.0
11.4,1.2,31.5,0.0,0.0
8.1,0.72,25.01,0.0,0.0
11.4,0.6,29.1,0.0,0.0
12.0,0.72,27.84,0.0,0.0
8.7,0.6,21.16,0.0,0.0
8.5,3.0,19.49,0.0,0.0
6.4,0.48,14.93,0.0,0.0
7.5,0.24,15.95,0.0,0.0
9.0,0.12,17.26,0.0,0.0
11.2,0.24,19.77,0.0,0.0
7.7,0.48,13.16,0.0,0.0
7.0,1.68,15.26,0.0,0.0
7.0,3.72,25.28,0.0,141.696
9.7,10.32,34.18,0.0,300.928
6.9,13.56,32.95,0.0,453.282
10.4,13.8,40.49,0.0,583.387
13.2,21.6,44.91,0.0,621.65
12.0,6.48,44.1,0.0,565.617
8.1,9.24,43.5,0.0,588.952
10.5,2.04,49.35,0.0,489.566
7.8,2.52,43.49,0.0,337.814
8.5,3.36,38.97,0.0,124.11
6.7,2.52,31.61,0.0,0.0
12.4,0.72,38.79,0.0,0.0
16.6,1.8,41.61,0.0,0.0
10.3,5.04,28.93,0.0,0.0
13.4,6.96,31.53,0.0,0.0
9.8,0.6,24.16,0.0,0.0
15.9,0.6,32.3,0.0,0.0
5.5,0.12,14.77,0.0,0.0
9.9,0.48,20.4,0.0,0.0
9.0,0.12,17.41,0.0,0.0
8.6,0.0,15.56,0.0,0.0
8.8,0.24,14.74,0.0,0.0
8.9,1.44,13.75,0.0,0.0
9.1,3.96,17.45,0.0,0.0
10.6,26.52,29.39,0.0,142.846
11.5,5.88,33.25,0.0,301.733
8.6,11.28,30.79,0.0,426.062
9.6,13.56,34.87,0.0,551.714
8.9,19.68,35.96,0.0,532.17
14.0,6.48,46.34,0.0,581.163
14.1,1.8,48.14,0.0,527.7090000000001
12.1,4.56,45.06,0.0,346.34
11.0,1.44,43.96,0.0,274.365
9.2,4.8,37.23,0.0,97.3915
8.5,1.92,32.76,0.0,0.0
9.7,0.36,34.05,0.0,0.0
16.0,3.96,40.72,0.0,0.0
14.8,1.92,37.15,0.0,0.0
12.7,2.16,32.52,0.0,0.0
14.0,2.4,32.31,0.0,0.0
16.4,0.24,33.73,0.0,0.0
7.5,0.36,18.62,0.0,0.0
7.1,0.48,17.78,0.0,0.0
7.0,0.24,17.59,0.0,0.0
9.3,0.0,20.98,0.0,0.0
8.4,0.24,18.61,0.0,0.0
5.2,3.0,13.32,0.0,0.0
7.9,4.2,17.77,0.0,0.0
6.7,15.84,16.75,0.0,56.7064
10.0,21.24,21.89,0.0,119.426
10.9,10.68,22.12,0.0,90.5718
11.5,6.48,23.57,0.0,103.655
9.4,4.8,22.82,0.0,224.498
8.0,0.72,22.91,0.0,313.455
8.9,0.24,23.53,0.0,255.752
13.0,3.0,27.88,0.0,169.752
22.9,0.6,39.11,0.0,73.8411
8.3,1.68,15.22,0.0,17.9482
9.3,3.12,16.88,0.0,0.0
12.1,3.72,21.23,0.0,0.0
10.0,2.04,16.46,0.0,0.0
14.4,3.0,20.86,0.0,0.0
10.6,3.0,13.7,0.0,0.0
12.3,2.76,14.47,0.0,0.0
13.3,1.68,14.96,0.0,0.0
14.1,0.24,14.8,0.0,0.0
11.8,0.6,10.79,0.0,0.0
9.7,0.12,8.13,0.0,0.0
9.0,0.24,6.96,0.0,0.0
7.4,0.48,5.24,0.0,0.0
10.9,4.8,7.37,0.0,0.0
8.4,10.32,6.26,0.0,0.0
8.0,14.88,8.16,0.0,143.079
10.4,10.08,7.85,0.0,126.841
13.7,3.6,9.15,0.0,109.708
11.5,5.64,7.74,0.0,155.506
13.5,6.36,10.26,0.0,225.004
8.7,2.16,6.7,0.0,186.671
16.6,2.28,13.04,0.0,149.88299999999998
10.7,2.16,8.36,0.0,111.078
9.7,1.68,10.74,0.0,293.882
14.8,0.72,15.1,0.0,140.659
9.1,0.6,6.94,0.0,0.0
12.1,1.32,9.72,0.0,0.0
12.2,3.6,9.31,0.0,0.0
13.6,3.48,9.91,0.0,0.0
15.5,4.08,11.28,0.0,0.0
13.9,1.68,9.4,0.0,0.0
13.8,1.08,8.75,0.0,0.0
10.4,0.24,5.71,0.0,0.0
9.2,3.48,4.31,0.0,0.0
7.1,0.12,2.37,0.0,0.0
9.1,5.16,2.93,0.0,0.0
9.7,0.24,3.47,0.0,0.0
6.2,4.92,1.93,0.0,0.0
6.9,7.56,3.52,0.0,0.0
10.2,14.28,9.89,0.0,154.776
9.8,10.44,12.31,0.0,370.496
12.6,4.56,15.24,0.0,553.457
7.7,22.44,12.56,0.0,665.76
11.1,8.64,16.84,0.0,729.9730000000001
8.6,2.16,16.75,0.0,723.992
14.7,1.32,24.97,0.0,663.416
12.4,8.88,25.88,0.0,544.178
7.9,2.76,21.39,0.0,386.535
8.6,1.2,18.13,0.0,150.24
9.1,6.12,14.65,0.0,0.0
9.9,1.32,15.14,0.0,0.0
15.9,1.92,19.75,0.0,0.0
15.0,1.8,17.01,0.0,0.0
12.6,3.12,13.23,0.0,0.0
13.4,1.2,12.64,0.0,0.0
7.4,1.08,6.41,0.0,0.0
12.8,0.6,9.18,0.0,0.0
13.2,0.24,8.71,0.0,0.0
7.9,0.0,4.83,0.0,0.0
11.0,0.0,6.2,0.0,0.0
7.6,0.0,3.92,0.0,0.0
10.3,1.8,5.18,0.0,0.0
8.3,3.6,4.95,0.0,0.0
12.4,5.76,13.26,0.0,145.762
9.4,15.12,15.22,0.0,353.69699999999995
7.1,16.32,14.66,0.0,518.516
13.6,1.8,21.59,0.0,628.923
10.2,1.8,19.24,0.0,528.36
8.0,0.6,21.37,0.0,688.308
9.4,5.64,27.29,0.0,647.766
8.3,0.72,29.05,0.0,534.556
11.7,2.04,32.93,0.0,360.244
8.4,5.64,23.59,0.0,128.942
8.1,4.8,19.54,0.0,0.0
11.7,3.36,23.84,0.0,0.0
12.1,2.04,22.05,0.0,0.0
9.8,0.72,17.04,0.0,0.0
12.7,2.88,19.51,0.0,0.0
11.7,2.64,17.29,0.0,0.0
7.0,6.12,10.87,0.0,0.0
10.4,0.48,14.05,0.0,0.0
15.2,0.36,19.53,0.0,0.0
10.1,0.24,12.15,0.0,0.0
14.9,0.12,18.13,0.0,0.0
10.8,0.0,12.14,0.0,0.0
8.4,2.16,9.27,0.0,0.0
10.7,7.2,13.14,0.0,0.0
10.6,7.32,17.89,0.0,135.376
9.8,16.44,16.26,0.0,173.269
9.3,19.44,21.75,0.0,409.931
10.9,12.6,28.26,0.0,557.482
7.0,4.68,24.04,0.0,626.612
11.8,2.04,33.48,0.0,611.305
12.4,7.8,36.93,0.0,573.7959999999999
9.4,11.16,33.3,0.0,470.421
8.1,2.76,30.25,0.0,319.10200000000003
9.4,3.48,27.41,0.0,104.972
12.2,9.0,27.95,0.0,0.0
9.8,4.08,23.94,0.0,0.0
12.6,1.56,26.14,0.0,0.0
7.1,1.44,15.82,0.0,0.0
12.6,0.72,21.35,0.0,0.0
13.5,0.84,19.69,0.0,0.0
11.0,0.72,14.57,0.0,0.0
8.8,1.08,10.63,0.0,0.0
11.4,1.8,12.17,0.0,0.0
13.3,0.12,13.06,0.0,0.0
8.8,1.2,8.12,0.0,0.0
8.9,0.0,7.76,0.0,0.0
6.0,0.84,5.16,0.0,0.0
8.9,2.76,8.49,0.0,0.0
7.0,5.4,12.37,0.0,133.964
6.7,9.24,15.31,0.0,334.79400000000004
10.5,21.24,20.91,0.0,503.298
9.6,16.32,21.1,0.0,616.6709999999999
15.3,12.6,30.46,0.0,672.2860000000001
8.8,12.96,24.81,0.0,662.322
13.9,11.28,34.72,0.0,597.773
11.5,0.6,33.8,0.0,490.624
14.7,1.92,36.64,0.0,335.842
10.4,2.52,26.61,0.0,115.065
7.1,1.56,19.61,0.0,0.0
11.8,1.56,25.4,0.0,0.0
17.8,1.44,30.82,0.0,0.0
17.5,9.6,27.9,0.0,0.0
14.3,2.4,21.89,0.0,0.0
12.2,4.56,16.72,0.0,0.0
14.2,0.84,17.71,0.0,0.0
8.8,2.16,9.86,0.0,0.0
7.1,0.24,7.47,0.0,0.0
8.6,0.12,7.47,0.0,0.0
6.4,0.0,5.28,0.0,0.0
17.4,0.12,13.33,0.0,0.0
7.7,2.28,5.34,0.0,0.0
7.0,1.44,6.05,0.0,0.0
9.9,20.28,12.87,0.0,135.238
16.6,7.08,22.55,0.0,339.547
10.8,13.68,19.08,0.0,498.034
11.7,9.84,21.36,0.0,607.691
13.9,18.24,26.2,0.0,662.9680000000001
12.5,4.92,26.75,0.0,661.81
14.4,1.8,32.1,0.0,619.911
9.9,1.08,29.23,0.0,513.376
9.1,1.8,27.53,0.0,349.663
11.1,4.2,25.31,0.0,126.876
8.3,2.64,17.69,0.0,0.0
10.4,2.88,19.15,0.0,0.0
10.4,3.36,16.41,0.0,0.0
11.6,0.72,14.85,0.0,0.0
10.7,2.88,12.11,0.0,0.0
10.8,1.68,10.72,0.0,0.0
17.7,3.36,17.34,0.0,0.0
15.5,0.0,13.83,0.0,0.0
10.9,0.12,8.65,0.0,0.0
7.1,0.24,5.52,0.0,0.0
7.6,0.0,5.44,0.0,0.0
7.4,0.24,5.22,0.0,0.0
9.7,4.8,5.83,0.0,0.0
7.6,5.76,5.58,0.0,0.0
10.9,11.88,13.76,0.0,129.355
10.4,15.0,17.77,0.0,331.214
9.8,18.84,20.72,0.0,488.888
8.8,6.96,21.87,0.0,595.192
12.1,1.08,28.45,0.0,651.865
8.5,2.04,26.1,0.0,655.717
11.1,0.36,33.58,0.0,596.901
11.9,0.24,36.25,0.0,500.75
6.7,3.36,27.94,0.0,330.20300000000003
11.7,1.08,29.76,0.0,110.831
22.6,3.72,39.98,0.0,0.0
9.8,1.56,21.86,0.0,0.0
10.9,2.64,20.84,0.0,0.0
10.8,4.68,18.88,0.0,0.0
14.1,2.16,21.33,0.0,0.0
12.9,10.2,17.04,0.0,0.0
9.6,1.2,11.34,0.0,0.0
9.5,0.12,10.05,0.0,0.0
10.4,0.0,9.6,0.0,0.0
11.5,0.12,9.41,0.0,0.0
9.8,0.0,6.82,0.0,0.0
7.5,0.24,4.78,0.0,0.0
12.1,5.4,7.48,0.0,0.0
8.2,2.52,6.11,0.0,0.0
8.7,15.0,12.62,0.0,123.939
10.9,13.32,19.14,0.0,322.266
8.3,3.12,20.89,0.0,470.153
10.7,8.88,26.55,0.0,553.572
14.0,7.8,33.19,0.0,641.346
9.8,0.96,29.45,0.0,627.967
13.5,4.92,35.46,0.0,497.254
5.7,2.16,26.06,0.0,354.976
11.3,0.84,35.33,0.0,330.767
11.4,3.12,30.56,0.0,110.776
11.6,4.56,26.38,0.0,0.0
15.9,1.32,30.75,0.0,0.0
13.0,0.96,24.51,0.0,0.0
14.3,3.6,24.55,0.0,0.0
11.9,1.44,19.17,0.0,0.0
11.5,1.2,16.31,0.0,0.0
10.9,0.48,14.21,0.0,0.0
9.8,0.36,11.0,0.0,0.0
8.6,5.64,8.38,0.0,0.0
8.2,0.36,7.31,0.0,0.0
7.1,2.04,5.77,0.0,0.0
9.7,0.36,6.72,0.0,0.0
9.9,1.56,6.45,0.0,0.0
8.8,8.16,6.65,0.0,0.0
9.5,15.12,14.4,0.0,119.463
12.5,12.96,23.84,0.0,317.134
9.6,12.6,24.23,0.0,481.789
10.2,17.88,26.71,0.0,596.625
9.0,7.08,27.19,0.0,656.2080000000001
15.4,1.68,37.95,0.0,660.547
11.0,0.84,35.51,0.0,616.471
13.1,3.6,40.88,0.0,506.665
10.3,6.24,35.98,0.0,347.86400000000003
8.7,0.72,28.42,0.0,124.799
9.9,1.56,25.7,0.0,0.0
12.5,1.8,28.08,0.0,0.0
12.1,0.72,25.62,0.0,0.0
14.6,0.84,27.44,0.0,0.0
14.8,6.6,26.26,0.0,0.0
14.9,3.24,25.18,0.0,0.0
12.5,0.72,21.07,0.0,0.0
6.8,0.36,12.54,0.0,0.0
9.7,0.12,15.83,0.0,0.0
7.1,0.0,11.32,0.0,0.0
7.6,0.0,11.43,0.0,0.0
8.9,0.0,13.2,0.0,0.0
7.5,7.2,10.86,0.0,0.0
9.3,5.4,14.77,0.0,0.0
11.3,10.08,26.83,0.0,125.895
10.0,17.16,29.5,0.0,268.118
10.8,7.56,34.22,0.0,393.957
8.9,3.6,33.85,0.0,498.171
10.9,1.2,37.47,0.0,430.707
14.0,5.4,41.97,0.0,481.468
12.3,5.76,37.51,0.0,298.117
15.6,0.72,41.45,0.0,177.02900000000002
8.1,3.36,33.93,0.0,247.549
7.3,4.56,29.97,0.0,97.1297
10.1,7.32,31.08,0.0,0.0
8.9,5.76,28.87,0.0,0.0
10.0,1.68,29.09,0.0,0.0
14.9,1.08,35.33,0.0,0.0
13.5,1.68,28.62,0.0,0.0
11.4,1.8,20.31,0.0,0.0
8.3,2.4,12.6,0.0,0.0
10.0,0.72,11.34,0.0,0.0
11.5,0.24,10.18,0.0,0.0
11.0,0.48,7.61,0.0,0.0
11.5,3.72,6.54,0.0,0.0
11.5,0.0,5.34,0.0,0.0
10.6,1.32,3.99,0.0,0.0
8.7,5.4,3.59,0.0,0.0
11.7,6.12,9.6,0.0,145.786
7.3,7.08,9.48,0.0,372.846
15.5,14.88,15.72,0.0,553.91
7.9,24.36,12.1,0.0,674.508
9.9,0.48,15.17,0.0,731.291
15.1,3.96,20.88,0.0,737.273
12.7,1.2,20.82,0.0,684.9760000000001
10.3,7.08,20.93,0.0,567.911
9.1,1.44,19.7,0.0,387.336
8.9,3.48,14.49,0.0,148.453
12.4,2.04,13.41,0.0,0.0
13.0,2.52,13.18,0.0,0.0
9.7,0.96,8.82,0.0,0.0
8.1,3.72,6.32,0.0,0.0
8.2,2.04,5.5,0.0,0.0
12.2,2.04,6.69,0.0,0.0
7.7,1.32,3.65,0.0,0.0
8.4,0.96,3.36,0.0,0.0
7.4,1.68,2.43,0.0,0.0
11.2,0.12,3.41,0.0,0.0
8.0,0.36,1.9,0.0,0.0
7.7,0.0,1.51,0.0,0.0
6.3,0.24,1.31,0.0,0.0
6.4,1.32,1.4,0.0,0.0
8.6,4.44,3.75,0.0,123.101
10.5,9.12,6.3,0.0,296.851
7.1,27.48,5.47,0.0,401.11800000000005
7.1,9.72,6.31,0.0,449.711
10.2,17.64,10.06,0.0,585.192
9.6,10.68,11.17,0.0,535.628
15.7,6.12,19.47,0.0,644.855
15.1,3.48,22.26,0.0,544.422
7.9,3.12,15.19,0.0,371.98800000000006
7.5,2.28,10.3,0.0,136.905
15.4,1.68,13.04,0.0,0.0
13.2,0.6,11.12,0.0,0.0
18.6,2.16,15.33,0.0,0.0
10.8,4.2,7.3,0.0,0.0
13.0,4.56,8.5,0.0,0.0
10.2,1.8,5.85,0.0,0.0
10.9,0.84,5.98,0.0,0.0
10.9,0.48,5.52,0.0,0.0
7.9,0.12,3.92,0.0,0.0
8.6,0.0,4.14,0.0,0.0
7.9,0.0,3.33,0.0,0.0
11.9,0.24,4.47,0.0,0.0
10.1,1.44,2.85,0.0,0.0
9.8,4.44,3.59,0.0,0.0
7.9,14.16,7.04,0.0,113.571
10.1,8.52,10.82,0.0,275.961
10.8,17.16,11.28,0.0,271.513
11.7,11.16,15.39,0.0,464.451
8.1,10.8,12.51,0.0,284.606
11.4,4.56,20.97,0.0,495.718
17.5,8.52,32.9,0.0,512.113
11.8,2.52,25.38,0.0,350.539
11.9,1.08,25.13,0.0,234.786
7.1,1.92,16.32,0.0,71.528
10.4,1.8,18.91,0.0,0.0
12.1,2.52,21.32,0.0,0.0
11.8,2.76,19.57,0.0,0.0
10.5,3.96,16.47,0.0,0.0
11.2,1.08,16.59,0.0,0.0
12.4,0.72,16.77,0.0,0.0
13.3,2.16,16.22,0.0,0.0
7.7,0.24,8.55,0.0,0.0
7.9,0.24,7.89,0.0,0.0
7.2,0.12,6.51,0.0,0.0
7.6,0.0,6.16,0.0,0.0
10.8,0.24,7.93,0.0,0.0
7.5,1.92,5.13,0.0,0.0
8.3,9.6,5.6,0.0,0.0
10.0,15.12,7.55,0.0,93.3547
11.4,19.2,9.58,0.0,213.05
9.6,26.88,10.47,0.0,418.045
8.4,7.56,9.05,0.0,346.343
12.5,4.2,15.63,0.0,566.991
8.5,0.72,15.98,0.0,681.367
13.9,0.36,24.23,0.0,618.3290000000001
10.2,1.2,22.82,0.0,514.534
13.6,0.84,25.65,0.0,345.281
7.1,1.8,14.53,0.0,119.728
7.2,7.92,11.55,0.0,0.0
8.1,2.52,11.86,0.0,0.0
15.1,2.04,17.19,0.0,0.0
11.0,1.2,10.73,0.0,0.0
16.1,1.44,13.42,0.0,0.0
12.3,9.36,7.63,0.0,0.0
10.0,4.32,4.98,0.0,0.0
8.8,0.96,3.29,0.0,0.0
9.0,0.24,2.66,0.0,0.0
10.3,0.24,2.73,0.0,0.0
6.1,0.48,1.21,0.0,0.0
11.3,0.0,2.0,0.0,0.0
8.0,5.16,1.3,0.0,0.0
8.1,3.12,1.45,0.0,0.0
7.4,14.16,3.46,0.0,126.762
11.3,5.28,7.18,0.0,355.778
8.5,3.12,7.51,0.0,543.45
13.3,3.12,11.03,0.0,664.043
10.8,2.88,11.49,0.0,730.393
10.4,1.44,13.57,0.0,721.0269999999999
9.8,5.88,15.1,0.0,662.487
11.6,3.0,18.75,0.0,545.32
7.3,0.96,15.42,0.0,377.906
7.6,0.84,11.11,0.0,140.607
13.7,0.6,11.84,0.0,0.0
14.5,0.6,11.9,0.0,0.0
10.0,6.12,7.11,0.0,0.0
15.5,1.8,10.01,0.0,0.0
18.4,2.16,11.47,0.0,0.0
10.6,1.32,5.27,0.0,0.0
13.0,1.44,5.65,0.0,0.0
9.7,0.0,3.08,0.0,0.0
11.4,0.84,2.36,0.0,0.0
7.4,0.12,0.87,0.0,0.0
8.0,0.0,1.12,0.0,0.0
9.8,0.48,1.31,0.0,0.0
5.5,1.2,0.67,0.0,0.0
9.8,3.12,1.08,0.0,0.0
12.2,9.84,4.72,0.0,124.87
12.1,13.8,9.23,0.0,343.94699999999995
10.1,17.52,10.23,0.0,519.245
13.2,18.84,13.53,0.0,621.126
8.8,9.72,12.89,0.0,685.615
13.0,2.04,17.55,0.0,689.3839999999999
9.9,3.36,17.49,0.0,608.992
12.2,6.36,22.76,0.0,537.33
7.0,0.36,18.36,0.0,372.685
7.7,2.04,14.09,0.0,140.851
10.0,1.8,10.75,0.0,0.0
14.2,3.72,13.91,0.0,0.0
13.3,1.56,11.33,0.0,0.0
9.4,1.44,5.56,0.0,0.0
12.8,4.44,6.35,0.0,0.0
12.9,3.72,5.31,0.0,0.0
10.1,0.72,3.36,0.0,0.0
9.2,2.4,2.3,0.0,0.0
7.8,0.0,1.3,0.0,0.0
16.3,0.0,3.17,0.0,0.0
8.0,0.12,0.94,0.0,0.0
9.0,0.12,0.86,0.0,0.0
7.1,6.72,0.6,0.0,0.0
9.0,6.84,1.05,0.0,0.0
16.1,5.52,6.28,0.0,116.663
9.4,17.76,8.49,0.0,317.861
9.0,15.72,10.76,0.0,492.382
10.1,1.2,12.46,0.0,596.01
10.9,3.0,15.46,0.0,649.786
9.7,3.24,17.04,0.0,661.079
11.8,7.92,21.64,0.0,608.9259999999999
15.1,0.48,28.85,0.0,498.857
12.0,4.56,25.75,0.0,334.61800000000005
12.0,3.12,21.55,0.0,114.547
12.7,0.96,18.15,0.0,0.0
10.6,2.16,13.85,0.0,0.0
11.1,2.04,11.82,0.0,0.0
11.3,1.32,10.37,0.0,0.0
10.2,2.28,8.12,0.0,0.0
12.6,1.56,9.19,0.0,0.0
11.4,2.04,6.31,0.0,0.0
7.4,0.6,3.17,0.0,0.0
17.6,0.36,7.76,0.0,0.0
11.6,0.0,4.29,0.0,0.0
6.4,0.0,2.09,0.0,0.0
5.9,0.0,2.01,0.0,0.0
6.2,1.08,2.26,0.0,0.0
7.2,8.64,3.29,0.0,0.0
10.2,12.96,8.72,0.0,106.256
11.3,11.04,12.65,0.0,318.206
6.9,17.64,11.37,0.0,485.944
9.5,4.56,13.73,0.0,610.5319999999999
12.2,2.16,17.8,0.0,666.39
11.9,1.92,19.88,0.0,670.5989999999999
14.3,2.16,25.65,0.0,613.6419999999999
13.7,4.2,28.44,0.0,514.993
8.4,0.96,22.57,0.0,352.99300000000005
8.0,7.2,17.17,0.0,128.82
9.9,8.04,15.82,0.0,0.0
11.2,5.4,16.74,0.0,0.0
11.8,1.2,15.6,0.0,0.0
11.0,5.16,12.6,0.0,0.0
16.0,0.72,16.17,0.0,0.0
14.2,1.08,11.9,0.0,0.0
8.5,0.48,5.05,0.0,0.0
9.8,3.0,4.24,0.0,0.0
7.6,0.72,3.12,0.0,0.0
8.3,0.24,3.31,0.0,0.0
10.1,2.4,2.96,0.0,0.0
12.0,0.0,2.76,0.0,0.0
10.4,0.36,1.64,0.0,0.0
9.2,2.76,1.94,0.0,0.0
6.1,5.64,5.44,0.0,114.572
12.7,8.76,12.68,0.0,330.779
10.2,27.84,13.18,0.0,504.102
7.9,14.88,13.17,0.0,617.001
9.1,13.32,15.55,0.0,677.158
10.5,4.44,18.15,0.0,691.9019999999999
9.7,10.92,19.85,0.0,639.5930000000001
12.3,2.4,24.81,0.0,543.889
12.9,1.92,25.07,0.0,367.67
8.6,2.52,16.46,0.0,134.023
7.6,2.76,11.26,0.0,0.0
10.5,3.48,11.7,0.0,0.0
18.2,2.04,15.91,0.0,0.0
9.5,1.92,6.21,0.0,0.0
10.0,5.88,5.3,0.0,0.0
14.7,0.84,6.67,0.0,0.0
10.6,1.92,3.8,0.0,0.0
9.8,1.8,2.88,0.0,0.0
8.7,0.84,1.92,0.0,0.0
6.8,0.24,1.22,0.0,0.0
8.7,0.0,1.57,0.0,0.0
9.2,0.12,1.44,0.0,0.0
8.9,1.44,1.33,0.0,0.0
9.6,2.64,2.06,0.0,0.0
8.8,14.88,6.02,0.0,105.484
11.7,8.16,11.74,0.0,316.738
6.7,13.8,11.71,0.0,481.104
12.6,23.04,18.1,0.0,589.446
8.6,21.0,18.23,0.0,640.031
9.6,9.12,21.73,0.0,650.002
8.4,1.2,24.57,0.0,611.521
13.0,6.12,34.26,0.0,498.269
8.0,1.68,27.48,0.0,339.676
10.9,1.44,25.75,0.0,120.24
5.7,4.44,16.19,0.0,0.0
13.2,1.08,24.71,0.0,0.0
11.8,5.88,20.68,0.0,0.0
10.6,0.84,17.74,0.0,0.0
12.2,2.16,19.02,0.0,0.0
15.8,2.52,23.23,0.0,0.0
15.5,3.36,22.06,0.0,0.0
7.5,0.36,10.07,0.0,0.0
7.8,1.44,9.25,0.0,0.0
11.2,0.12,11.88,0.0,0.0
8.2,0.0,8.52,0.0,0.0
6.0,0.12,6.29,0.0,0.0
5.6,5.04,5.89,0.0,0.0
7.1,3.84,7.79,0.0,0.0
11.5,11.76,17.21,0.0,102.115
7.0,23.88,14.74,0.0,231.448
11.2,19.44,24.69,0.0,372.615
9.1,4.68,26.94,0.0,559.45
10.0,2.28,28.93,0.0,593.715
11.0,2.4,30.13,0.0,451.483
9.0,0.24,30.62,0.0,481.16
13.7,0.12,38.01,0.0,324.271
5.9,8.4,29.03,0.0,307.79400000000004
10.8,0.84,31.25,0.0,97.1621
16.5,3.36,35.94,0.0,0.0
18.5,1.44,37.41,0.0,0.0
10.4,4.56,23.9,0.0,0.0
13.5,1.56,26.76,0.0,0.0
14.5,1.32,26.51,0.0,0.0
14.4,0.72,24.87,0.0,0.0
10.4,3.6,18.64,0.0,0.0
11.5,3.12,19.84,0.0,0.0
12.0,0.96,19.76,0.0,0.0
10.6,2.52,16.48,0.0,0.0
3.8,0.12,8.11,0.0,0.0
10.5,0.24,15.72,0.0,0.0
10.5,5.04,16.04,0.0,0.0
7.6,9.12,12.87,0.0,0.0
11.8,13.08,27.6,0.0,95.2949
9.7,9.72,26.85,0.0,239.801
10.0,2.76,24.26,0.0,146.585
12.4,8.04,29.52,0.0,197.396
11.3,9.0,28.79,0.0,185.136
12.8,1.44,33.96,0.0,394.611
15.5,3.24,38.37,0.0,384.945
14.1,3.0,37.43,0.0,346.682
10.0,0.72,31.16,0.0,292.145
10.9,3.48,26.91,0.0,86.2869
10.4,1.8,23.0,0.0,0.0
16.9,0.48,31.88,0.0,0.0
14.2,0.48,24.4,0.0,0.0
11.3,1.56,18.86,0.0,0.0
11.1,1.44,18.04,0.0,0.0
16.4,1.56,23.39,0.0,0.0
13.4,0.96,16.58,0.0,0.0
10.7,0.12,10.96,0.0,0.0
8.7,0.12,8.22,0.0,0.0
7.4,0.12,6.27,0.0,0.0
10.7,0.0,7.89,0.0,0.0
6.2,0.24,4.26,0.0,0.0
6.5,2.16,4.09,0.0,0.0
12.7,2.52,8.99,0.0,0.0
12.5,11.88,14.28,0.0,93.2241
10.2,12.6,16.89,0.0,289.13
13.1,9.24,22.32,0.0,460.109
15.8,12.6,27.18,0.0,579.311
13.6,6.24,26.15,0.0,635.06
12.3,14.4,27.61,0.0,639.317
13.5,2.88,32.63,0.0,598.934
12.6,0.96,34.11,0.0,489.312
10.1,0.6,30.15,0.0,332.298
10.7,4.8,25.4,0.0,114.442
10.9,1.44,21.64,0.0,0.0
15.1,0.84,25.59,0.0,0.0
14.2,3.12,21.58,0.0,0.0
16.4,2.64,22.54,0.0,0.0
14.8,0.72,18.94,0.0,0.0
9.2,2.76,10.34,0.0,0.0
11.8,1.08,12.66,0.0,0.0
7.4,1.68,7.81,0.0,0.0
10.1,4.32,9.78,0.0,0.0
11.5,2.4,10.93,0.0,0.0
8.4,2.52,7.87,0.0,0.0
12.9,0.12,11.45,0.0,0.0
9.2,1.32,7.69,0.0,0.0
9.6,10.08,8.35,0.0,0.0
9.7,5.16,12.61,0.0,97.9241
11.0,5.88,13.27,0.0,227.636
9.6,24.96,7.88,0.0,100.729
12.2,20.04,10.04,0.0,140.691
14.2,6.24,12.58,0.0,160.43
9.3,2.64,8.47,0.0,169.958
11.2,2.76,10.07,0.0,152.36700000000002
7.8,2.28,8.38,0.0,221.234
12.9,0.6,17.61,0.0,329.19
11.5,3.24,12.69,0.0,104.054
14.8,1.92,13.46,0.0,0.0
13.8,1.44,12.69,0.0,0.0
17.7,0.48,16.42,0.0,0.0
16.5,1.56,12.87,0.0,0.0
11.1,1.2,6.47,0.0,0.0
15.4,2.76,8.68,0.0,0.0
6.5,0.36,2.74,0.0,0.0
7.5,2.4,3.01,0.0,0.0
5.7,0.24,2.47,0.0,0.0
9.8,1.44,4.48,0.0,0.0
10.8,0.12,5.1,0.0,0.0
13.8,2.64,6.92,0.0,0.0
7.6,0.36,3.49,0.0,0.0
10.5,7.92,5.39,0.0,0.0
11.5,6.72,9.6,0.0,88.811
12.2,19.68,12.35,0.0,233.881
13.0,14.4,14.7,0.0,312.319
12.3,6.72,18.9,0.0,486.59
12.3,5.64,23.22,0.0,590.383
8.6,4.32,22.08,0.0,636.948
13.0,7.08,30.78,0.0,590.021
15.2,9.36,35.55,0.0,489.806
9.3,4.2,26.66,0.0,328.61
12.4,3.12,25.15,0.0,108.049
12.7,3.72,21.66,0.0,0.0
18.2,2.16,27.08,0.0,0.0
13.6,2.52,19.01,0.0,0.0
13.8,0.72,17.16,0.0,0.0
17.7,1.2,20.16,0.0,0.0
12.2,1.44,12.52,0.0,0.0
10.4,0.96,9.46,0.0,0.0
12.2,1.8,9.32,0.0,0.0
5.9,2.4,4.14,0.0,0.0
8.0,1.92,5.16,0.0,0.0
8.0,9.48,4.65,0.0,0.0
6.2,0.84,3.19,0.0,0.0
7.1,1.2,3.62,0.0,0.0
7.8,0.24,5.14,0.0,0.0
11.2,8.28,11.84,0.0,87.7596
10.8,13.56,12.32,0.0,152.505
11.1,11.76,14.0,0.0,201.572
8.9,18.6,13.84,0.0,240.644
9.3,2.88,15.17,0.0,101.74
11.9,3.24,24.62,0.0,247.271
11.4,6.84,30.25,0.0,339.55400000000003
14.1,0.36,39.57,0.0,419.322
7.0,1.56,27.64,0.0,311.686
9.4,1.68,25.62,0.0,100.592
14.0,0.72,29.44,0.0,0.0
14.4,3.84,30.05,0.0,0.0
15.1,1.8,29.55,0.0,0.0
14.8,7.8,27.67,0.0,0.0
12.0,3.24,23.35,0.0,0.0
14.8,3.96,27.26,0.0,0.0
12.0,1.8,22.86,0.0,0.0
15.1,0.24,27.49,0.0,0.0
8.6,0.24,16.91,0.0,0.0
8.4,0.72,16.92,0.0,0.0
8.7,3.0,16.88,0.0,0.0
12.3,0.0,21.3,0.0,0.0
7.5,0.48,13.05,0.0,0.0
12.7,6.24,21.72,0.0,0.0
13.1,12.48,27.48,0.0,77.16
10.5,18.0,28.76,0.0,203.531
9.2,18.84,33.6,0.0,423.948
9.8,11.52,35.74,0.0,472.581
12.0,14.52,39.91,0.0,385.655
14.1,7.44,45.02,0.0,516.819
14.4,1.44,46.44,0.0,482.457
10.1,1.68,39.19,0.0,313.819
10.4,0.48,37.49,0.0,243.193
11.5,0.84,31.8,0.0,66.6487
10.1,0.84,26.07,0.0,0.0
15.4,4.2,32.42,0.0,0.0
16.0,1.32,27.16,0.0,0.0
13.6,3.6,18.63,0.0,0.0
13.7,1.2,15.78,0.0,0.0
14.3,1.2,14.62,0.0,0.0
9.2,0.72,7.99,0.0,0.0
9.7,3.84,7.11,0.0,0.0
8.6,3.36,5.12,0.0,0.0
6.4,0.24,2.95,0.0,0.0
8.7,0.12,2.97,0.0,0.0
10.3,3.48,2.68,0.0,0.0
9.9,2.28,1.72,0.0,0.0
11.7,0.6,2.01,0.0,0.0
11.6,13.68,2.0,0.0,0.0
10.5,20.76,1.29,0.0,0.960071
9.7,11.64,1.11,0.0,43.3142
13.9,6.24,1.7,0.0,26.0951
10.1,4.08,1.11,0.0,48.5257
19.8,6.36,3.76,0.0,121.892
11.2,0.96,1.48,0.0,137.82399999999998
12.7,7.08,1.44,0.0,57.4316
13.0,9.24,1.43,0.0,8.78737
9.9,3.24,0.87,0.0,0.0
11.1,1.2,1.04,0.0,0.0
11.3,0.48,1.3,0.0,0.0
15.8,0.96,1.84,0.0,0.0
15.0,5.76,1.53,0.0,0.0
14.3,1.08,1.29,0.0,0.0
12.4,1.32,1.0,0.0,0.0
12.1,0.24,1.13,0.0,0.0
11.8,5.04,1.17,0.0,0.0
8.7,2.4,0.72,0.0,0.0
9.2,0.36,0.74,0.0,0.0
8.9,0.0,0.83,0.0,0.0
7.3,0.12,0.71,0.0,0.0
7.9,1.68,0.77,0.0,0.0
9.3,5.28,0.94,0.0,0.0
19.1,13.92,2.38,0.0,6.10346
12.3,6.6,1.41,0.0,18.9697
10.4,16.2,1.14,0.0,2.64887
10.1,12.12,1.08,0.0,42.9922
8.5,7.8,1.0,0.0,45.6805
13.9,0.72,1.74,0.0,134.636
16.5,0.48,1.79,0.0,105.162
11.5,2.76,1.24,0.0,32.8576
8.6,2.28,0.82,0.0,1.83082
8.8,8.88,0.74,0.0,0.0
13.5,4.08,1.47,0.0,0.0
13.4,0.72,1.55,0.0,0.0
13.4,2.76,1.39,0.0,0.0
12.0,3.48,1.28,0.0,0.0
12.4,3.72,1.21,0.0,0.0
13.3,1.68,1.24,0.0,0.0
12.1,6.96,1.08,0.0,0.0
10.0,3.48,0.67,0.0,0.0
11.3,0.0,0.61,0.0,0.0
6.2,0.0,0.32,0.0,0.0
9.5,1.32,0.35,0.0,0.0
10.2,0.0,0.35,0.0,0.0
8.7,1.32,0.22,0.0,0.0
10.6,5.28,0.24,0.0,0.0
11.3,8.04,0.31,0.0,0.0
12.8,15.6,0.31,0.0,0.0
12.3,20.4,0.24,0.0,27.6389
13.4,10.32,0.38,0.0,82.9843
15.2,7.44,0.52,0.0,69.3033
12.2,9.84,0.34,0.0,71.08800000000001
11.7,1.32,0.35,0.0,62.2794
13.5,0.84,0.38,0.0,25.9972
10.4,0.84,0.17,0.0,12.6597
9.0,1.32,0.24,0.0,0.0
16.7,0.6,0.68,0.0,0.0
14.6,0.36,0.5,0.0,0.0
15.5,1.32,0.68,0.0,0.0
12.7,2.52,0.46,0.0,0.0
13.2,0.84,0.33,0.0,0.0
13.5,1.56,0.4,0.0,0.0
12.1,4.32,0.27,0.0,0.0
9.6,4.8,0.08,0.0,0.0
11.9,0.12,0.24,0.0,0.0
7.2,0.24,0.0,0.0,0.0
7.9,0.0,0.0,0.0,0.0
13.2,0.24,0.21,0.0,0.0
8.0,0.12,0.0,0.0,0.0
9.3,4.56,0.0,0.0,0.0
13.6,3.84,0.79,0.0,99.0688
13.1,16.68,2.34,0.0,324.592
11.7,17.04,3.45,0.0,517.409
11.9,24.24,4.39,0.0,652.347
12.4,9.72,6.02,0.0,719.8389999999999
8.7,1.44,5.89,0.0,734.806
13.2,2.4,9.21,0.0,669.7689999999999
17.3,0.72,13.19,0.0,558.273
9.5,1.68,8.27,0.0,387.789
12.9,1.68,6.7,0.0,146.53
16.1,0.24,5.52,0.0,0.0
11.1,0.72,3.01,0.0,0.0
20.4,2.76,6.03,0.0,0.0
14.4,2.04,2.73,0.0,0.0
14.0,0.48,2.1,0.0,0.0
12.7,1.08,1.2,0.0,0.0
12.3,0.6,1.01,0.0,0.0
11.3,2.52,0.88,0.0,0.0
8.5,0.36,0.53,0.0,0.0
8.1,0.36,0.45,0.0,0.0
6.8,0.0,0.32,0.0,0.0
9.8,0.24,0.34,0.0,0.0
11.5,2.28,0.42,0.0,0.0
10.9,0.48,0.39,0.0,0.0
11.8,5.76,1.08,0.0,89.1772
10.5,17.52,3.45,0.0,304.338
9.6,10.56,5.48,0.0,463.871
11.4,13.2,8.11,0.0,578.059
8.2,10.56,8.58,0.0,675.2360000000001
17.3,4.92,15.84,0.0,688.995
16.1,14.28,17.34,0.0,638.939
9.9,7.92,15.57,0.0,532.22
11.6,6.24,16.88,0.0,373.112
8.4,2.76,9.6,0.0,139.97299999999998
14.1,2.64,9.32,0.0,0.0
16.1,3.96,9.31,0.0,0.0
16.5,1.56,7.37,0.0,0.0
12.5,2.16,4.36,0.0,0.0
13.6,1.8,4.14,0.0,0.0
20.1,4.32,6.56,0.0,0.0
8.2,0.6,1.24,0.0,0.0
6.9,2.88,0.83,0.0,0.0
6.0,0.72,0.68,0.0,0.0
8.3,0.36,0.74,0.0,0.0
6.6,3.0,0.41,0.0,0.0
11.6,1.2,0.7,0.0,0.0
10.1,0.0,0.62,0.0,0.0
12.0,0.6,0.63,0.0,0.0
10.7,15.24,1.8,0.0,89.6639
11.4,10.44,4.8,0.0,305.235
10.4,13.2,7.62,0.0,480.0
8.3,18.12,8.94,0.0,606.674
5.9,2.76,9.62,0.0,669.242
13.4,2.4,16.56,0.0,679.932
12.4,8.16,18.61,0.0,635.825
11.0,2.88,20.34,0.0,541.256
10.4,5.88,20.22,0.0,372.862
17.3,6.48,22.09,0.0,141.43
11.7,2.88,12.29,0.0,0.0
14.0,2.16,13.46,0.0,0.0
15.7,2.64,13.33,0.0,0.0
15.2,12.48,10.88,0.0,0.0
12.6,1.92,7.6,0.0,0.0
13.7,3.72,7.35,0.0,0.0
12.7,0.48,5.74,0.0,0.0
12.5,2.64,5.07,0.0,0.0
8.5,1.32,2.81,0.0,0.0
4.7,0.84,1.42,0.0,0.0
8.2,6.0,2.41,0.0,0.0
11.5,0.0,3.6,0.0,0.0
8.4,0.36,1.86,0.0,0.0
10.2,6.6,2.55,0.0,0.0
14.7,11.28,7.84,0.0,83.2272
13.0,14.64,10.48,0.0,303.538
13.0,25.44,12.6,0.0,494.534
11.9,9.72,13.14,0.0,626.096
11.1,2.64,14.17,0.0,697.1419999999999
12.3,7.2,16.95,0.0,706.2719999999999
15.4,1.32,20.43,0.0,673.304
11.8,1.08,19.7,0.0,562.729
12.3,4.08,20.7,0.0,392.5630000000001
12.5,3.48,15.67,0.0,154.628
13.6,1.2,11.66,0.0,0.0
15.4,2.52,11.9,0.0,0.0
16.4,0.72,10.84,0.0,0.0
15.5,4.2,8.43,0.0,0.0
15.4,2.28,7.32,0.0,0.0
10.6,0.84,3.69,0.0,0.0
13.7,0.36,4.57,0.0,0.0
6.8,1.08,1.28,0.0,0.0
11.4,1.32,1.99,0.0,0.0
11.3,0.12,1.89,0.0,0.0
5.6,0.12,0.73,0.0,0.0
8.5,0.12,0.53,0.0,0.0
6.9,4.32,0.49,0.0,0.0
11.7,0.6,0.76,0.0,0.0
12.4,21.12,2.42,0.0,87.55
12.2,16.2,5.35,0.0,306.269
11.0,4.8,7.24,0.0,486.491
10.0,4.44,8.38,0.0,614.056
9.5,15.12,9.87,0.0,687.9019999999999
10.0,5.88,12.09,0.0,695.295
14.4,1.2,15.05,0.0,550.357
10.5,2.28,12.0,0.0,368.679
11.7,1.8,12.32,0.0,246.543
10.4,0.36,9.01,0.0,85.3367
8.9,6.72,6.39,0.0,0.0
14.5,2.4,9.27,0.0,0.0
17.8,0.6,10.6,0.0,0.0
20.3,10.2,11.23,0.0,0.0
15.4,0.48,6.79,0.0,0.0
13.1,3.48,5.07,0.0,0.0
13.4,0.36,4.46,0.0,0.0
13.8,3.0,4.16,0.0,0.0
6.8,4.56,1.43,0.0,0.0
11.9,0.36,2.43,0.0,0.0
10.9,0.0,1.55,0.0,0.0
8.5,0.12,1.1,0.0,0.0
8.9,0.36,1.01,0.0,0.0
9.3,8.52,1.02,0.0,0.0
11.4,18.24,2.25,0.0,55.0744
10.4,7.56,3.83,0.0,201.596
12.7,8.52,7.73,0.0,326.695
9.0,9.72,7.43,0.0,397.421
14.1,0.96,10.1,0.0,372.807
13.8,0.36,9.61,0.0,208.002
15.7,0.24,11.23,0.0,171.102
12.5,4.68,8.9,0.0,113.126
11.2,0.48,7.77,0.0,50.706
9.2,4.56,6.34,0.0,10.8526
11.6,0.36,8.24,0.0,0.0
13.7,0.6,10.35,0.0,0.0
13.1,3.0,9.07,0.0,0.0
10.2,5.52,5.99,0.0,0.0
16.8,0.72,10.28,0.0,0.0
15.3,0.24,8.56,0.0,0.0
9.5,4.56,4.34,0.0,0.0
5.1,5.28,2.28,0.0,0.0
5.6,0.36,2.03,0.0,0.0
8.5,0.24,2.84,0.0,0.0
9.0,0.0,2.92,0.0,0.0
8.2,0.12,2.27,0.0,0.0
8.4,1.44,1.9,0.0,0.0
9.3,3.48,1.92,0.0,0.0
15.9,15.0,4.25,0.0,8.11542
12.1,16.56,2.21,0.0,39.1012
8.8,10.8,1.54,0.0,99.1629
15.8,10.08,3.32,0.0,104.622
10.4,6.24,1.58,0.0,161.334
15.1,7.32,3.12,0.0,121.762
14.0,1.92,2.63,0.0,96.3327
9.9,1.2,1.41,0.0,60.3058
9.8,0.36,1.41,0.0,15.6033
8.8,5.28,1.19,0.0,0.946184
14.3,0.6,2.51,0.0,0.0
11.6,0.72,1.89,0.0,0.0
15.6,2.76,2.87,0.0,0.0
13.9,0.72,2.2,0.0,0.0
14.3,1.44,2.28,0.0,0.0
8.3,0.48,0.92,0.0,0.0
8.3,2.88,0.93,0.0,0.0
9.5,0.96,1.07,0.0,0.0
7.9,1.68,0.79,0.0,0.0
7.8,0.12,0.81,0.0,0.0
11.9,2.88,1.17,0.0,0.0
8.9,0.12,0.77,0.0,0.0
6.9,2.76,0.73,0.0,0.0
7.8,15.48,0.78,0.0,0.0
11.3,4.8,1.48,0.0,49.2883
6.8,7.08,1.62,0.0,211.344
10.1,20.52,3.92,0.0,429.529
11.5,11.04,5.76,0.0,527.822
12.9,7.32,5.58,0.0,373.348
10.1,3.6,4.71,0.0,343.867
15.5,1.08,6.86,0.0,211.136
14.9,1.08,6.47,0.0,77.0772
11.7,1.8,6.32,0.0,231.224
13.5,2.28,6.52,0.0,99.9848
14.6,0.36,6.48,0.0,0.0
16.6,0.72,8.09,0.0,0.0
17.0,0.36,8.72,0.0,0.0
14.9,2.64,7.72,0.0,0.0
13.6,0.48,7.18,0.0,0.0
15.9,1.56,9.11,0.0,0.0
13.0,2.88,7.19,0.0,0.0
8.8,2.04,5.44,0.0,0.0
9.2,0.36,6.68,0.0,0.0
5.4,2.52,4.69,0.0,0.0
8.1,0.24,7.05,0.0,0.0
11.2,3.12,10.65,0.0,0.0
6.4,9.24,7.51,0.0,0.0
9.3,0.36,10.97,0.0,0.0
12.2,6.36,14.18,0.0,0.0
7.8,12.24,8.6,0.0,5.59689
13.1,15.48,14.03,0.0,5.62279
13.0,15.84,14.79,0.0,32.7476
13.7,4.92,17.79,0.0,98.9085
12.4,4.8,16.62,0.0,123.614
10.9,4.8,14.17,0.0,34.8399
9.2,0.24,11.91,0.0,39.8987
12.5,6.48,16.65,0.0,3.13501
15.9,9.0,22.24,0.0,0.0
13.7,3.84,20.19,0.0,0.0
15.7,2.16,24.8,0.0,0.0
14.1,0.36,20.88,0.0,0.0
14.3,1.56,19.85,0.0,0.0
14.9,3.48,20.25,0.0,0.0
16.9,1.68,22.34,0.0,0.0
16.8,0.96,21.13,0.0,0.0
12.6,1.44,14.63,0.0,0.0
8.8,0.36,9.93,0.0,0.0
6.0,2.16,7.98,0.0,0.0
7.9,2.28,10.25,0.0,0.0
6.7,0.0,8.42,0.0,0.0
8.0,0.36,9.17,0.0,0.0
13.0,0.36,14.83,0.0,0.0
14.3,14.64,16.48,0.0,0.0
8.4,18.84,8.39,0.0,0.0
7.5,16.2,7.49,0.0,0.0
11.4,20.64,12.52,0.0,84.2666
11.7,8.76,15.55,0.0,140.524
14.3,4.08,22.7,0.0,230.166
10.7,4.8,22.0,0.0,393.544
12.2,1.08,24.0,0.0,239.45
10.3,6.24,19.26,0.0,108.888
11.9,2.88,18.98,0.0,24.7148
8.1,3.48,13.23,0.0,0.0
14.3,6.24,22.11,0.0,0.0
16.3,3.6,23.15,0.0,0.0
12.3,5.04,17.05,0.0,0.0
14.2,1.92,20.01,0.0,0.0
14.4,4.08,19.41,0.0,0.0
11.5,4.8,13.99,0.0,0.0
11.0,4.2,12.86,0.0,0.0
12.1,2.16,14.07,0.0,0.0
7.0,0.36,8.22,0.0,0.0
14.2,2.52,16.21,0.0,0.0
5.4,0.0,6.66,0.0,0.0
9.4,0.36,10.42,0.0,0.0
9.6,8.16,11.44,0.0,0.0
10.1,11.52,18.13,0.0,62.0924
12.9,17.76,28.39,0.0,248.605
8.1,18.24,20.65,0.0,422.289
11.2,12.72,19.19,0.0,275.91200000000003
17.0,6.72,28.55,0.0,192.34
12.1,7.32,24.92,0.0,250.975
19.4,1.68,40.03,0.0,263.411
11.4,1.44,34.02,0.0,423.138
9.3,4.2,31.76,0.0,335.103
8.6,1.68,26.93,0.0,126.075
13.2,5.04,31.65,0.0,0.0
11.8,1.68,29.64,0.0,0.0
12.5,0.72,29.72,0.0,0.0
14.7,2.4,32.09,0.0,0.0
15.1,0.6,32.18,0.0,0.0
17.2,3.96,33.56,0.0,0.0
10.2,2.16,20.33,0.0,0.0
6.2,1.08,13.86,0.0,0.0
4.1,0.72,11.68,0.0,0.0
9.9,0.0,21.15,0.0,0.0
8.3,3.72,18.59,0.0,0.0
8.9,0.6,19.39,0.0,0.0
5.2,0.12,13.59,0.0,0.0
9.1,1.2,21.25,0.0,0.0
12.9,10.56,29.18,0.0,24.106
14.6,13.8,33.01,0.0,132.856
9.7,12.84,23.68,0.0,214.282
12.3,8.4,27.42,0.0,180.668
9.0,6.72,26.24,0.0,329.017
11.1,6.96,37.07,0.0,636.7719999999999
13.6,1.56,43.16,0.0,595.793
12.1,3.48,42.45,0.0,507.607
13.6,3.36,41.99,0.0,358.23400000000004
10.3,0.6,30.47,0.0,141.536
10.0,1.56,23.99,0.0,0.0
12.9,0.96,26.97,0.0,0.0
12.6,0.6,24.0,0.0,0.0
12.7,8.28,21.29,0.0,0.0
12.7,1.08,20.37,0.0,0.0
14.8,0.6,21.36,0.0,0.0
15.3,0.96,19.77,0.0,0.0
8.4,5.16,9.08,0.0,0.0
8.0,1.68,7.43,0.0,0.0
8.7,0.24,7.13,0.0,0.0
9.0,0.24,6.37,0.0,0.0
7.6,0.0,4.68,0.0,0.0
5.6,1.08,3.37,0.0,0.0
10.3,7.44,6.32,0.0,0.0
14.7,17.04,14.04,0.0,64.8589
13.8,4.08,19.39,0.0,260.82
8.6,9.48,18.91,0.0,427.729
14.1,2.16,28.03,0.0,544.572
10.1,2.04,25.24,0.0,605.634
9.4,0.6,24.6,0.0,487.869
13.9,2.64,28.32,0.0,183.52
10.9,4.44,26.1,0.0,183.808
11.1,1.32,30.79,0.0,336.897
9.6,15.12,24.35,0.0,118.559
10.6,1.32,23.84,0.0,0.0
12.4,0.48,27.44,0.0,0.0
12.0,1.2,25.7,0.0,0.0
17.1,1.68,32.36,0.0,0.0
13.5,0.72,25.9,0.0,0.0
14.7,1.44,27.89,0.0,0.0
8.2,4.44,16.8,0.0,0.0
8.7,0.24,16.57,0.0,0.0
9.8,0.96,17.45,0.0,0.0
11.7,0.0,19.86,0.0,0.0
12.0,1.44,19.63,0.0,0.0
8.4,0.0,13.74,0.0,0.0
12.4,1.08,19.96,0.0,0.0
7.8,5.76,13.22,0.0,0.0
15.0,11.64,32.08,0.0,58.7753
9.4,15.96,28.46,0.0,246.112
11.2,6.48,32.01,0.0,387.856
14.1,9.96,36.0,0.0,363.378
11.2,6.72,33.79,0.0,310.827
13.9,3.96,40.14,0.0,369.736
12.1,3.6,35.96,0.0,238.165
18.5,0.96,45.98,0.0,174.84
10.2,1.08,39.0,0.0,343.821
14.7,2.4,40.19,0.0,129.156
14.0,0.84,35.11,0.0,0.0
15.5,1.56,37.23,0.0,0.0
15.9,1.92,35.61,0.0,0.0
14.0,4.44,30.42,0.0,0.0
12.0,0.72,26.61,0.0,0.0
13.5,4.2,28.17,0.0,0.0
10.4,1.32,22.46,0.0,0.0
15.5,0.84,30.37,0.0,0.0
8.5,2.76,18.26,0.0,0.0
6.9,0.12,15.7,0.0,0.0
8.9,3.0,18.61,0.0,0.0
9.5,0.0,19.33,0.0,0.0
6.7,1.92,14.46,0.0,0.0
11.1,11.04,22.5,0.0,0.0
11.3,8.88,23.58,0.0,32.8735
11.6,6.24,22.74,0.0,151.52
10.5,24.72,22.38,0.0,270.406
9.3,14.88,22.51,0.0,406.762
11.3,1.32,22.33,0.0,336.543
12.1,0.72,21.49,0.0,296.219
9.7,1.08,20.56,0.0,393.369
15.5,3.24,30.5,0.0,497.72
9.1,0.48,20.21,0.0,336.347
10.7,2.88,16.68,0.0,119.824
14.6,1.32,17.1,0.0,0.0
14.4,1.2,15.6,0.0,0.0
8.9,1.08,7.6,0.0,0.0
14.6,1.08,10.72,0.0,0.0
17.3,1.32,12.42,0.0,0.0
15.9,0.96,9.67,0.0,0.0
10.4,2.4,4.92,0.0,0.0
7.0,1.68,2.81,0.0,0.0
8.1,0.12,2.82,0.0,0.0
10.9,0.48,3.5,0.0,0.0
10.1,0.12,2.94,0.0,0.0
9.9,0.48,2.41,0.0,0.0
11.2,0.0,2.62,0.0,0.0
12.0,6.36,3.04,0.0,0.0
9.2,6.48,4.19,0.0,61.0189
10.6,21.24,7.71,0.0,256.534
12.7,11.76,11.55,0.0,440.17800000000005
12.3,9.0,12.79,0.0,571.254
7.5,13.08,11.93,0.0,643.332
11.9,4.8,17.36,0.0,659.232
13.2,19.92,19.83,0.0,622.524
12.6,12.72,22.25,0.0,520.927
9.8,1.8,19.83,0.0,362.549
10.3,1.68,16.27,0.0,138.57
13.0,1.8,15.4,0.0,0.0
14.9,2.16,16.43,0.0,0.0
14.6,0.96,13.65,0.0,0.0
11.7,2.52,8.75,0.0,0.0
13.2,3.84,8.23,0.0,0.0
20.9,1.92,13.08,0.0,0.0
7.7,0.96,3.04,0.0,0.0
9.1,6.24,2.71,0.0,0.0
8.0,0.12,1.67,0.0,0.0
9.3,0.48,1.78,0.0,0.0
11.7,8.4,2.13,0.0,0.0
6.3,1.32,0.76,0.0,0.0
7.9,3.48,0.86,0.0,0.0
7.8,1.8,0.7,0.0,0.0
10.0,6.12,1.79,0.0,68.3946
7.9,14.28,3.05,0.0,285.327
13.6,12.0,6.62,0.0,479.742
10.8,25.08,6.19,0.0,625.927
11.4,5.4,7.37,0.0,694.8910000000001
10.1,5.04,7.89,0.0,710.33
14.8,3.36,12.38,0.0,657.456
9.3,2.64,10.48,0.0,559.1659999999999
9.8,7.44,9.95,0.0,395.066
9.6,6.24,7.06,0.0,158.649
12.7,3.48,6.23,0.0,0.0
11.1,5.16,4.94,0.0,0.0
13.6,1.92,5.15,0.0,0.0
25.3,9.84,10.04,0.0,0.0
12.3,3.6,3.34,0.0,0.0
11.4,2.52,2.79,0.0,0.0
10.2,5.64,2.09,0.0,0.0
8.2,0.72,1.14,0.0,0.0
5.9,1.56,0.96,0.0,0.0
5.7,0.12,0.87,0.0,0.0
11.6,3.72,1.28,0.0,0.0
8.5,0.24,1.08,0.0,0.0
10.5,2.52,1.23,0.0,0.0
12.0,14.16,1.45,0.0,0.0
11.3,11.4,2.09,0.0,56.0786
11.9,13.56,1.68,0.0,74.3195
8.7,21.6,1.38,0.0,122.885
18.7,16.32,5.8,0.0,359.949
14.6,4.56,3.19,0.0,82.105
14.7,9.84,3.91,0.0,125.963
12.0,0.24,4.5,0.0,224.83
11.3,0.72,6.8,0.0,398.419
9.5,0.96,6.72,0.0,343.22
11.9,0.72,6.37,0.0,120.449
13.1,1.56,6.13,0.0,0.0
16.7,4.68,8.67,0.0,0.0
12.6,2.52,6.08,0.0,0.0
12.6,6.72,5.47,0.0,0.0
14.9,3.6,6.04,0.0,0.0
13.0,2.4,4.34,0.0,0.0
6.4,0.36,1.51,0.0,0.0
8.7,0.48,2.14,0.0,0.0
8.2,2.76,1.75,0.0,0.0
8.8,0.36,1.55,0.0,0.0
7.1,0.0,1.27,0.0,0.0
7.9,3.6,1.26,0.0,0.0
10.5,0.84,1.47,0.0,0.0
8.5,0.72,1.15,0.0,0.0
11.2,12.0,1.95,0.0,51.5395
9.8,10.08,1.83,0.0,165.771
9.8,6.96,1.19,0.0,35.5697
9.8,6.84,1.1,0.0,91.8905
9.8,21.72,1.13,0.0,91.3912
13.0,2.16,1.64,0.0,117.339
11.1,2.76,1.26,0.0,91.3717
10.5,6.72,1.13,0.0,52.8793
7.9,2.64,0.85,0.0,16.5919
13.4,0.72,1.29,0.0,0.97925
12.7,0.6,1.47,0.0,0.0
11.3,5.04,1.31,0.0,0.0
15.6,0.72,1.65,0.0,0.0
11.3,5.4,1.13,0.0,0.0
13.3,2.28,1.32,0.0,0.0
13.0,0.96,1.17,0.0,0.0
12.9,0.36,1.29,0.0,0.0
14.6,0.48,1.36,0.0,0.0
10.7,0.36,0.72,0.0,0.0
5.0,2.04,0.51,0.0,0.0
7.2,0.24,0.55,0.0,0.0
9.3,0.0,0.58,0.0,0.0
8.3,0.84,0.53,0.0,0.0
13.6,4.2,0.79,0.0,0.0
13.0,17.88,0.77,0.0,0.0
13.0,10.08,0.85,0.0,36.4346
10.3,13.2,0.63,0.0,66.2274
8.0,8.04,0.66,0.0,110.668
12.5,10.8,1.2,0.0,249.202
7.8,0.72,0.81,0.0,211.302
13.9,3.0,1.37,0.0,126.384
11.2,4.56,1.23,0.0,82.7607
9.2,0.6,1.64,0.0,269.493
10.8,5.76,1.84,0.0,132.033
13.8,3.36,1.72,0.0,0.0
15.0,0.6,2.13,0.0,0.0
13.0,1.8,1.81,0.0,0.0
11.3,1.2,1.53,0.0,0.0
15.8,7.08,2.38,0.0,0.0
12.4,0.84,1.53,0.0,0.0
13.1,2.88,1.54,0.0,0.0
9.1,4.68,0.9,0.0,0.0
10.8,0.24,1.18,0.0,0.0
10.6,0.12,1.01,0.0,0.0
7.3,1.44,0.63,0.0,0.0
8.5,0.12,0.78,0.0,0.0
9.0,0.0,0.67,0.0,0.0
11.6,3.0,0.73,0.0,0.0
12.0,15.12,1.51,0.0,0.0
11.3,16.92,2.68,0.0,268.619
11.4,7.32,4.38,0.0,469.27
8.9,11.52,4.77,0.0,604.28
10.1,4.32,6.39,0.0,682.242
13.1,10.68,9.12,0.0,697.475
9.9,2.4,9.15,0.0,657.462
14.2,1.44,13.26,0.0,545.9
8.6,1.92,9.93,0.0,377.92
9.6,5.16,7.99,0.0,166.265
13.6,0.24,6.74,0.0,0.949855
17.4,0.84,8.95,0.0,0.0
17.9,0.72,9.06,0.0,0.0
9.8,3.36,4.34,0.0,0.0
17.6,3.24,7.35,0.0,0.0
16.0,3.72,5.99,0.0,0.0
9.0,0.84,2.84,0.0,0.0
11.9,3.96,3.43,0.0,0.0
5.9,1.32,1.2,0.0,0.0
10.5,0.24,1.96,0.0,0.0
8.9,0.24,1.53,0.0,0.0
7.5,0.24,1.22,0.0,0.0
13.1,0.96,2.06,0.0,0.0
9.7,8.16,1.4,0.0,0.0
12.0,4.68,4.36,0.0,0.0
14.5,7.8,8.88,0.0,254.711
6.4,15.72,6.5,0.0,391.076
9.8,12.6,8.88,0.0,452.756
13.0,2.88,12.51,0.0,510.492
11.7,2.52,13.7,0.0,600.741
11.9,4.8,13.02,0.0,329.598
11.6,1.68,16.47,0.0,442.1
7.5,5.76,14.39,0.0,380.95
11.0,2.88,14.53,0.0,161.821
12.6,2.88,12.57,0.0,0.3341949999999999
16.1,2.16,15.88,0.0,0.0
12.4,0.48,10.84,0.0,0.0
15.9,0.96,13.51,0.0,0.0
11.7,1.32,8.17,0.0,0.0
14.1,0.96,8.51,0.0,0.0
14.4,0.36,8.1,0.0,0.0
8.7,1.68,3.33,0.0,0.0
11.4,0.24,3.71,0.0,0.0
10.4,2.76,2.81,0.0,0.0
8.4,0.36,1.57,0.0,0.0
9.2,0.12,1.43,0.0,0.0
6.4,1.08,0.9,0.0,0.0
13.4,7.68,1.55,0.0,0.0
13.4,8.4,3.18,0.0,0.0
12.0,22.2,4.81,0.0,240.845
11.4,12.12,4.51,0.0,316.824
12.7,7.92,3.06,0.0,53.5757
13.1,16.8,3.15,0.0,53.703
12.4,2.16,2.62,0.0,60.7576
11.8,9.36,2.37,0.0,41.0094
13.9,18.96,2.79,0.0,49.9113
12.4,4.68,1.55,0.0,32.0975
13.6,7.08,1.59,0.0,7.95811
13.3,3.24,1.31,0.0,0.0
15.9,5.16,1.79,0.0,0.0
12.8,1.32,1.03,0.0,0.0
12.8,2.4,0.71,0.0,0.0
15.3,1.68,0.65,0.0,0.0
18.8,1.56,0.92,0.0,0.0
8.8,3.24,0.05,0.0,0.0
