non_shiftable_load,dhw_demand,cooling_demand,heating_demand,solar_generation
9.8,0.0,0.0,0.0,0.0
10.41,0.0,0.0,0.0,0.0
10.39,0.0,0.0,0.0,0.0
10.33,0.0,0.0,0.0,0.0
9.41,0.0,0.0,0.0,0.0
9.74,0.0,0.0,0.0,0.0
11.2,0.38,0.0,0.0,0.0
10.56,0.38,0.0,0.0,0.0
11.82,0.38,0.0,0.0,28.2155
13.14,0.38,0.0,0.0,45.8566
11.52,0.38,0.0,0.0,74.4313
11.64,0.57,0.0,0.0,144.55
12.1,0.57,0.0,0.0,148.719
13.33,0.85,0.0,0.0,96.634
13.29,0.57,0.0,0.0,53.573
13.28,0.38,0.0,0.0,30.8986
13.53,0.38,0.0,0.0,9.70243
12.05,0.38,0.0,0.0,0.0
8.78,0.0,0.0,0.0,0.0
7.94,0.0,0.0,0.0,0.0
8.09,0.0,0.0,0.0,0.0
8.22,0.0,0.0,0.0,0.0
9.46,0.0,0.0,0.0,0.0
8.85,0.0,0.0,0.0,0.0
12.7,0.0,0.0,0.0,0.0
11.71,0.0,0.0,0.0,0.0
12.37,0.0,0.0,0.0,0.0
13.18,0.0,0.0,0.0,0.0
11.83,0.0,0.0,0.0,0.0
10.52,0.0,0.0,0.0,0.0
12.39,0.66,10.69,0.0,0.0
21.56,1.8,17.55,0.0,0.0
51.77,3.32,19.58,0.0,45.0112
43.15,3.6,19.23,0.0,113.45
46.88,3.7,20.54,0.0,174.733
43.67,4.42,13.97,0.0,233.711
45.51,5.28,9.26,0.0,244.996
46.45,5.0,8.57,0.0,232.412
47.56,3.15,7.24,0.0,185.682
46.58,3.05,0.89,0.0,116.802
49.93,4.07,0.0,0.0,25.4838
37.36,2.41,0.0,0.0,0.0
20.88,1.94,0.0,0.0,0.0
18.3,1.4,0.0,0.0,0.0
17.41,1.56,0.0,0.0,0.0
15.07,0.74,0.0,0.0,0.0
16.94,0.47,0.0,0.0,0.0
14.75,0.47,0.0,0.0,0.0
13.43,0.0,0.0,0.0,0.0
13.09,0.0,0.0,0.0,0.0
14.17,0.0,0.0,0.0,0.0
15.24,0.0,0.0,0.0,0.0
15.46,0.0,0.0,0.0,0.0
15.46,0.0,0.0,0.0,0.0
19.16,0.66,0.0,0.0,0.0
33.26,1.8,0.0,0.0,0.0
70.91,3.32,0.0,0.0,148.982
60.44,3.61,0.0,0.0,209.928
58.02,3.7,0.0,0.0,298.434
58.45,4.38,0.0,0.0,312.11
61.69,5.28,0.0,0.0,332.16900000000004
61.87,5.0,0.0,0.0,360.719
58.02,3.15,0.0,0.0,362.224
54.22,3.06,0.0,0.0,265.818
55.24,4.08,0.0,0.0,89.0051
42.41,2.41,0.0,0.0,0.0
20.23,1.95,0.0,0.0,0.0
17.43,1.38,0.0,0.0,0.0
18.23,1.56,0.0,0.0,0.0
15.68,0.76,0.0,0.0,0.0
13.66,0.47,0.0,0.0,0.0
16.16,0.47,0.0,0.0,0.0
10.51,0.0,0.0,0.0,0.0
10.76,0.0,0.0,0.0,0.0
9.71,0.0,0.0,0.0,0.0
9.9,0.0,0.0,0.0,0.0
9.67,0.0,0.0,0.0,0.0
10.16,0.0,0.0,0.0,0.0
17.12,0.67,0.0,0.0,0.0
20.97,1.05,0.0,0.0,0.0
24.89,1.43,0.0,0.0,167.06099999999998
27.61,2.0,0.0,0.0,239.717
28.77,1.81,0.0,0.0,274.493
30.59,2.19,0.0,0.0,254.904
23.95,1.9,0.0,0.0,276.91200000000003
19.16,1.81,4.46,0.0,247.426
15.18,1.43,16.37,0.0,205.656
15.07,1.24,18.28,0.0,115.319
15.99,1.33,8.73,0.0,19.8617
14.12,0.67,0.42,0.0,0.0
12.8,0.67,0.0,0.0,0.0
10.68,0.0,0.0,0.0,0.0
9.61,0.0,0.0,0.0,0.0
10.49,0.0,0.0,0.0,0.0
11.36,0.0,0.0,0.0,0.0
10.3,0.0,0.0,0.0,0.0
9.63,0.0,0.0,0.0,0.0
9.19,0.0,0.0,0.0,0.0
8.44,0.0,0.0,0.0,0.0
8.65,0.0,0.0,0.0,0.0
9.85,0.0,0.0,0.0,0.0
8.9,0.0,0.0,0.0,0.0
11.95,0.38,0.0,0.0,0.0
12.17,0.38,0.0,0.0,0.0
12.34,0.38,0.0,0.0,35.0533
11.09,0.38,0.0,0.0,83.3007
10.99,0.38,0.0,0.0,133.474
11.73,0.57,0.0,0.0,161.289
12.65,0.57,0.0,0.0,205.484
11.03,0.86,0.0,0.0,208.856
12.25,0.57,0.0,0.0,162.253
13.06,0.38,0.0,0.0,119.52
12.23,0.38,0.0,0.0,23.3456
12.5,0.38,0.0,0.0,0.0
10.59,0.0,0.0,0.0,0.0
11.21,0.0,0.0,0.0,0.0
11.11,0.0,0.0,0.0,0.0
10.62,0.0,0.0,0.0,0.0
10.64,0.0,0.0,0.0,0.0
10.71,0.0,0.0,0.0,0.0
12.74,0.0,0.0,0.0,0.0
12.23,0.0,0.0,0.0,0.0
11.63,0.0,0.0,0.0,0.0
11.52,0.0,0.0,0.0,0.0
12.33,0.0,0.0,0.0,0.0
12.83,0.0,0.0,0.0,0.0
17.35,0.67,0.0,0.0,0.0
31.3,1.81,0.0,0.0,0.0
62.48,3.33,0.0,0.0,94.531
48.24,3.62,0.0,0.0,180.835
41.81,3.71,0.0,0.0,242.911
47.97,4.43,0.0,0.0,319.648
54.02,5.3,0.0,0.0,316.014
51.9,5.02,0.0,0.0,295.067
51.51,3.16,0.0,0.0,234.592
53.89,3.06,0.0,0.0,142.415
58.6,4.09,0.0,0.0,39.7412
46.75,2.42,0.0,0.0,0.0
21.53,1.95,0.0,0.0,0.0
18.82,1.39,0.0,0.0,0.0
19.1,1.56,0.0,0.0,0.0
16.44,0.76,0.0,0.0,0.0
17.41,0.48,0.0,0.0,0.0
18.76,0.48,0.0,0.0,0.0
15.46,0.0,0.0,0.0,0.0
15.46,0.0,0.0,0.0,0.0
15.32,0.0,0.0,0.0,0.0
15.46,0.0,0.0,0.0,0.0
15.29,0.0,0.0,0.0,0.0
15.46,0.0,0.0,0.0,0.0
18.2,0.67,0.0,0.0,0.0
27.97,1.81,0.0,0.0,0.0
60.99,3.33,0.0,0.0,166.44799999999998
52.18,3.62,0.0,0.0,240.656
51.22,3.72,0.0,0.0,277.92
52.89,4.42,0.0,0.0,283.128
57.27,5.3,0.0,0.0,364.434
53.84,5.02,0.0,0.0,388.746
44.67,3.16,0.0,0.0,386.071
49.06,3.07,0.0,0.0,271.03700000000003
49.35,4.09,0.0,0.0,110.073
41.89,2.43,0.0,0.0,11.1155
18.45,1.94,0.0,0.0,0.0
14.86,1.41,0.0,0.0,0.0
15.1,1.58,0.0,0.0,0.0
14.41,0.74,0.0,0.0,0.0
16.26,0.48,0.0,0.0,0.0
14.76,0.48,0.0,0.0,0.0
12.76,0.0,0.0,0.0,0.0
13.7,0.0,0.0,0.0,0.0
12.28,0.0,0.0,0.0,0.0
13.01,0.0,0.0,0.0,0.0
13.99,0.0,0.0,0.0,0.0
12.5,0.0,0.0,0.0,0.0
16.05,0.67,0.0,0.0,0.0
27.34,1.81,0.0,0.0,0.0
55.94,3.34,0.0,0.0,200.418
49.86,3.62,0.0,0.0,320.081
52.43,3.72,0.0,0.0,426.219
55.4,4.4,0.0,0.0,500.591
49.29,5.3,0.0,0.0,501.666
47.88,5.03,0.0,0.0,451.27
48.44,3.16,0.0,0.0,362.457
49.15,3.07,0.0,0.0,245.231
48.17,4.09,0.0,0.0,91.2449
39.11,2.42,0.0,0.0,7.0029
20.69,1.96,0.0,0.0,0.0
15.95,1.38,0.0,0.0,0.0
16.08,1.58,0.0,0.0,0.0
14.46,0.76,0.0,0.0,0.0
13.48,0.48,0.0,0.0,0.0
15.76,0.48,0.0,0.0,0.0
13.86,0.0,0.0,0.0,0.0
14.9,0.0,0.0,0.0,0.0
14.72,0.0,0.0,0.0,0.0
15.46,0.0,0.0,0.0,0.0
15.46,0.0,0.0,0.0,0.0
15.12,0.0,0.0,0.0,0.0
19.16,0.67,0.0,0.0,0.0
33.26,1.81,0.0,0.0,0.0
66.16,3.34,0.0,0.0,167.68900000000002
60.22,3.63,0.0,0.0,288.769
58.02,3.72,5.5,0.0,391.802
55.66,4.42,20.69,0.0,448.004
58.66,5.31,31.9,0.0,439.261
58.74,5.02,36.14,0.0,352.374
53.54,3.17,35.58,0.0,269.528
56.41,3.07,32.21,0.0,130.529
58.79,4.09,23.49,0.0,33.8496
44.44,2.43,13.02,0.0,0.0
21.98,1.95,7.99,0.0,0.0
18.08,1.41,5.24,0.0,0.0
19.22,1.57,1.0,0.0,0.0
16.43,0.74,0.0,0.0,0.0
14.3,0.48,0.0,0.0,0.0
13.18,0.48,0.0,0.0,0.0
12.35,0.0,0.0,0.0,0.0
11.18,0.0,0.0,0.0,0.0
12.78,0.0,0.0,0.0,0.0
13.16,0.0,0.0,0.0,0.0
12.82,0.0,0.0,0.0,0.0
12.89,0.0,0.0,0.0,0.0
13.94,0.67,0.0,0.0,0.0
22.75,1.81,0.0,0.0,0.0
56.94,3.34,0.39,0.0,27.818
49.47,3.63,12.77,0.0,56.07899999999999
49.86,3.72,27.37,0.0,97.5963
53.21,4.41,35.54,0.0,140.04
50.63,5.31,49.0,0.0,142.52
46.64,5.03,68.28,0.0,137.034
40.1,3.17,75.78,0.0,96.0527
44.81,3.07,76.21,0.0,38.9878
46.81,4.1,76.0,0.0,13.4343
41.33,2.42,67.55,0.0,0.0
18.79,1.96,62.19,0.0,0.0
14.97,1.38,61.55,0.0,0.0
16.81,1.59,63.8,0.0,0.0
17.12,0.76,73.45,0.0,0.0
15.96,0.48,0.0,0.0,0.0
17.6,0.48,0.0,0.0,0.0
10.58,0.0,0.0,0.0,0.0
9.55,0.0,0.0,0.0,0.0
9.68,0.0,0.0,0.0,0.0
9.89,0.0,0.0,0.0,0.0
10.16,0.0,0.0,0.0,0.0
9.9,0.0,0.0,0.0,0.0
14.93,0.67,102.59,0.0,0.0
19.73,1.05,92.71,0.0,0.0
24.71,1.43,87.83,0.0,82.4008
25.89,2.01,87.46,0.0,191.76
24.22,1.81,86.09,0.0,301.812
25.48,2.2,87.82,0.0,389.392
20.06,1.91,83.75,0.0,423.52
18.92,1.81,73.26,0.0,420.11800000000005
17.14,1.43,58.24,0.0,349.641
16.46,1.24,50.05,0.0,256.485
16.96,1.34,42.53,0.0,110.496
13.61,0.67,30.45,0.0,7.6067
11.65,0.67,0.0,0.0,0.0
9.17,0.0,0.0,0.0,0.0
10.34,0.0,0.0,0.0,0.0
10.38,0.0,0.0,0.0,0.0
9.14,0.0,0.0,0.0,0.0
8.48,0.0,0.0,0.0,0.0
9.75,0.0,0.0,0.0,0.0
8.63,0.0,0.0,0.0,0.0
9.65,0.0,0.0,0.0,0.0
8.67,0.0,0.0,0.0,0.0
9.72,0.0,0.0,0.0,0.0
9.05,0.0,0.0,0.0,0.0
12.46,0.38,0.0,0.0,0.0
12.88,0.38,0.0,0.0,0.0
13.94,0.38,0.0,0.0,189.159
14.37,0.38,0.0,0.0,355.31699999999995
14.37,0.38,0.0,0.0,480.298
14.37,0.57,0.0,0.0,514.914
13.49,0.57,0.0,0.0,513.373
12.41,0.86,0.0,0.0,461.385
13.37,0.57,0.0,0.0,347.957
12.03,0.38,0.0,0.0,236.652
11.29,0.38,0.0,0.0,90.6711
10.49,0.38,0.0,0.0,7.18555
8.38,0.0,0.0,0.0,0.0
8.09,0.0,0.0,0.0,0.0
8.1,0.0,0.0,0.0,0.0
8.16,0.0,0.0,0.0,0.0
8.44,0.0,0.0,0.0,0.0
8.91,0.0,0.0,0.0,0.0
13.44,0.0,0.0,0.0,0.0
13.19,0.0,0.0,0.0,0.0
12.59,0.0,0.0,0.0,0.0
11.2,0.0,0.0,0.0,0.0
10.76,0.0,0.0,0.0,0.0
10.67,0.0,0.0,0.0,0.0
14.23,0.67,45.04,0.0,0.0
24.62,1.82,50.92,0.0,0.0
60.31,3.35,62.75,0.0,27.9074
47.79,3.63,69.3,0.0,47.6846
50.85,3.73,70.41,0.0,78.1288
49.17,4.45,70.79,0.0,103.577
55.88,5.32,73.34,0.0,102.478
54.99,5.04,78.93,0.0,109.48
48.32,3.17,78.51,0.0,82.69200000000001
47.47,3.08,79.49,0.0,43.0444
54.6,4.11,82.67,0.0,14.1742
38.68,2.42,79.24,0.0,0.0
19.72,1.96,74.53,0.0,0.0
16.51,1.39,69.76,0.0,0.0
17.62,1.58,47.7,0.0,0.0
17.36,0.76,28.04,0.0,0.0
18.57,0.48,0.0,0.0,0.0
17.1,0.48,0.0,0.0,0.0
12.97,0.0,0.0,0.0,0.0
12.45,0.0,0.0,0.0,0.0
13.74,0.0,0.0,0.0,0.0
13.55,0.0,0.0,0.0,0.0
14.63,0.0,0.0,0.0,0.0
13.89,0.0,0.0,0.0,0.0
16.4,0.67,0.0,0.0,0.0
28.42,1.82,0.0,0.0,0.0
65.08,3.35,0.0,0.0,181.422
51.19,3.64,2.45,0.0,301.843
44.8,3.73,12.07,0.0,375.35
47.09,4.43,22.26,0.0,436.956
45.07,5.32,29.09,0.0,494.81
47.02,5.04,32.41,0.0,442.125
45.93,3.18,34.27,0.0,408.133
41.47,3.08,32.92,0.0,348.76300000000003
44.7,4.11,26.09,0.0,178.138
38.5,2.43,15.67,0.0,22.1951
16.81,1.96,6.2,0.0,0.0
14.91,1.41,0.29,0.0,0.0
17.73,1.57,0.0,0.0,0.0
16.17,0.74,0.0,0.0,0.0
16.43,0.48,0.0,0.0,0.0
17.54,0.48,0.0,0.0,0.0
13.68,0.0,0.0,0.0,0.0
12.11,0.0,0.0,0.0,0.0
11.0,0.0,0.0,0.0,0.0
11.61,0.0,0.0,0.0,0.0
11.08,0.0,0.0,0.0,0.0
12.04,0.0,0.0,0.0,0.0
15.88,0.67,0.0,0.0,0.0
27.01,1.82,0.0,0.0,0.0
59.02,3.35,0.0,0.0,145.825
43.99,3.64,0.0,0.0,274.801
42.27,3.73,0.0,0.0,404.569
44.27,4.42,0.0,0.0,494.847
48.07,5.33,0.0,0.0,564.1619999999999
51.97,5.05,0.0,0.0,545.298
52.78,3.17,0.0,0.0,446.172
50.37,3.08,0.0,0.0,415.05
54.45,4.11,0.0,0.0,217.021
38.16,2.42,0.0,0.0,40.5504
19.28,1.97,0.0,0.0,0.0
15.32,1.37,0.0,0.0,0.0
17.4,1.6,0.0,0.0,0.0
17.04,0.76,0.0,0.0,0.0
17.47,0.48,0.0,0.0,0.0
17.21,0.48,0.0,0.0,0.0
12.8,0.0,0.0,0.0,0.0
12.59,0.0,0.0,0.0,0.0
14.01,0.0,0.0,0.0,0.0
14.62,0.0,0.0,0.0,0.0
14.27,0.0,0.0,0.0,0.0
13.39,0.0,0.0,0.0,0.0
16.95,0.67,0.0,0.0,0.0
27.29,1.82,0.0,0.0,0.0
51.43,3.35,0.0,0.0,259.23400000000004
43.55,3.64,0.0,0.0,462.229
48.04,3.73,0.0,0.0,614.3580000000001
51.42,4.43,1.35,0.0,700.092
47.47,5.33,11.34,0.0,727.5369999999999
49.13,5.05,18.46,0.0,706.4939999999999
41.35,3.18,21.15,0.0,608.12
39.35,3.08,19.19,0.0,451.889
41.81,4.11,12.26,0.0,225.583
40.23,2.43,2.09,0.0,50.6496
20.61,1.96,0.0,0.0,0.0
19.4,1.39,0.0,0.0,0.0
17.36,1.58,0.0,0.0,0.0
15.13,0.77,0.0,0.0,0.0
15.12,0.48,0.0,0.0,0.0
13.91,0.48,0.0,0.0,0.0
8.69,0.0,0.0,0.0,0.0
8.65,0.0,0.0,0.0,0.0
9.24,0.0,0.0,0.0,0.0
10.15,0.0,0.0,0.0,0.0
9.96,0.0,0.0,0.0,0.0
10.06,0.0,0.0,0.0,0.0
10.93,0.38,0.0,0.0,0.0
12.12,0.38,0.0,0.0,0.0
11.3,0.38,0.0,0.0,126.407
11.47,0.38,0.0,0.0,259.66200000000003
11.9,0.38,0.0,0.0,356.744
11.98,0.57,0.0,0.0,432.737
11.71,0.57,0.0,0.0,453.391
12.91,0.86,0.0,0.0,458.542
14.02,0.57,0.0,0.0,439.101
12.8,0.38,0.0,0.0,313.35200000000003
11.51,0.38,0.0,0.0,141.297
12.59,0.38,0.0,0.0,18.6361
10.04,0.0,0.0,0.0,0.0
9.33,0.0,0.0,0.0,0.0
10.11,0.0,0.0,0.0,0.0
10.5,0.0,0.0,0.0,0.0
9.62,0.0,0.0,0.0,0.0
9.4,0.0,0.0,0.0,0.0
8.54,0.0,0.0,0.0,0.0
9.73,0.0,0.0,0.0,0.0
9.64,0.0,0.0,0.0,0.0
10.44,0.0,0.0,0.0,0.0
10.54,0.0,0.0,0.0,0.0
11.07,0.0,0.0,0.0,0.0
19.16,0.67,0.0,0.0,0.0
25.61,1.05,0.0,0.0,0.0
29.59,1.44,0.0,0.0,239.573
32.41,2.01,0.0,0.0,453.547
31.2,1.82,0.0,0.0,577.516
34.02,2.2,1.09,0.0,654.112
25.23,1.92,5.69,0.0,676.8330000000001
22.0,1.82,8.88,0.0,523.55
18.83,1.44,10.18,0.0,447.152
18.38,1.25,9.91,0.0,295.566
18.68,1.34,2.6,0.0,131.766
16.79,0.67,0.0,0.0,17.6522
13.73,0.67,0.0,0.0,0.0
11.6,0.0,0.0,0.0,0.0
11.6,0.0,0.0,0.0,0.0
11.6,0.0,0.0,0.0,0.0
11.6,0.0,0.0,0.0,0.0
11.38,0.0,0.0,0.0,0.0
10.58,0.0,0.0,0.0,0.0
10.47,0.0,0.0,0.0,0.0
10.96,0.0,0.0,0.0,0.0
11.23,0.0,0.0,0.0,0.0
11.46,0.0,0.0,0.0,0.0
11.6,0.0,0.0,0.0,0.0
13.09,0.38,0.0,0.0,0.0
14.04,0.38,0.0,0.0,0.0
13.92,0.38,0.0,0.0,167.454
13.81,0.38,0.0,0.0,370.872
14.37,0.38,0.0,0.0,389.716
14.37,0.58,0.0,0.0,444.539
13.97,0.58,0.0,0.0,475.773
12.5,0.86,0.0,0.0,571.2130000000001
12.36,0.58,0.0,0.0,463.672
11.61,0.38,0.0,0.0,379.912
10.45,0.38,0.0,0.0,201.564
12.21,0.38,0.0,0.0,30.4076
10.07,0.0,0.0,0.0,0.0
9.0,0.0,0.0,0.0,0.0
8.94,0.0,0.0,0.0,0.0
8.18,0.0,0.0,0.0,0.0
8.89,0.0,0.0,0.0,0.0
9.09,0.0,0.0,0.0,0.0
11.51,0.0,0.0,0.0,0.0
13.29,0.0,0.0,0.0,0.0
12.42,0.0,0.0,0.0,0.0
13.43,0.0,0.0,0.0,0.0
12.77,0.0,0.0,0.0,0.0
13.24,0.0,0.0,0.0,0.0
17.31,0.67,0.0,0.0,0.0
29.06,1.82,0.0,0.0,0.0
53.9,3.36,0.0,0.0,166.658
48.48,3.64,5.5,0.0,305.708
42.26,3.74,24.27,0.0,399.185
44.73,4.46,35.51,0.0,369.539
51.47,5.34,43.16,0.0,350.32300000000004
53.57,5.06,46.87,0.0,271.658
51.05,3.18,49.7,0.0,196.291
54.66,3.09,52.98,0.0,123.521
56.13,4.12,52.76,0.0,43.6345
43.36,2.43,40.08,0.0,3.71688
23.17,1.97,29.7,0.0,0.0
20.3,1.38,24.19,0.0,0.0
18.6,1.6,19.11,0.0,0.0
16.64,0.76,12.96,0.0,0.0
18.04,0.48,0.0,0.0,0.0
16.65,0.48,0.0,0.0,0.0
11.75,0.0,0.0,0.0,0.0
12.56,0.0,0.0,0.0,0.0
12.83,0.0,0.0,0.0,0.0
13.98,0.0,0.0,0.0,0.0
14.2,0.0,0.0,0.0,0.0
12.6,0.0,0.0,0.0,0.0
16.87,0.67,20.55,0.0,0.0
25.63,1.82,2.91,0.0,0.0
52.44,3.36,0.0,0.0,215.403
52.41,3.65,4.37,0.0,382.388
49.73,3.74,7.13,0.0,549.602
45.13,4.44,9.36,0.0,543.261
45.18,5.34,17.66,0.0,586.081
50.22,5.06,23.37,0.0,691.4689999999999
45.28,3.18,24.35,0.0,603.475
49.41,3.09,18.98,0.0,429.962
57.07,4.12,8.84,0.0,230.641
46.48,2.43,0.42,0.0,38.2717
20.52,1.97,0.0,0.0,0.0
15.41,1.4,0.0,0.0,0.0
13.93,1.58,0.0,0.0,0.0
15.97,0.77,0.0,0.0,0.0
15.86,0.48,0.0,0.0,0.0
16.02,0.48,0.0,0.0,0.0
12.07,0.0,0.0,0.0,0.0
12.44,0.0,0.0,0.0,0.0
11.33,0.0,0.0,0.0,0.0
11.61,0.0,0.0,0.0,0.0
11.24,0.0,0.0,0.0,0.0
12.44,0.0,0.0,0.0,0.0
16.59,0.67,0.0,0.0,0.0
25.85,1.82,0.0,0.0,53.7145
56.57,3.36,0.0,0.0,229.93
47.19,3.65,0.0,0.0,367.425
48.65,3.74,0.0,0.0,412.356
47.84,4.44,0.0,0.0,509.432
54.49,5.34,0.0,0.0,520.935
48.69,5.05,0.0,0.0,473.0580000000001
43.64,3.19,0.0,0.0,384.656
47.04,3.09,0.0,0.0,270.86400000000003
53.96,4.12,0.0,0.0,134.105
41.07,2.44,0.0,0.0,22.1583
19.06,1.96,0.0,0.0,0.0
18.6,1.41,0.0,0.0,0.0
16.28,1.57,0.0,0.0,0.0
16.48,0.74,0.0,0.0,0.0
15.65,0.48,0.0,0.0,0.0
14.55,0.48,0.0,0.0,0.0
11.33,0.0,0.0,0.0,0.0
11.06,0.0,0.0,0.0,0.0
10.58,0.0,0.0,0.0,0.0
10.44,0.0,0.0,0.0,0.0
10.07,0.0,0.0,0.0,0.0
10.88,0.0,0.0,0.0,0.0
12.77,0.67,0.0,0.0,0.0
27.66,1.82,0.0,0.0,21.8814
62.68,3.36,0.0,0.0,69.4151
46.73,3.65,0.0,0.0,134.185
40.43,3.74,0.0,0.0,194.051
46.62,4.43,0.0,0.0,205.132
50.81,5.34,0.0,0.0,258.98
55.69,5.06,0.0,0.0,233.549
53.19,3.18,3.85,0.0,203.029
54.04,3.09,3.89,0.0,161.612
56.16,4.12,0.25,0.0,60.8344
44.79,2.43,0.0,0.0,8.1813
19.64,1.96,0.0,0.0,0.0
16.05,1.42,0.0,0.0,0.0
18.3,1.6,0.0,0.0,0.0
15.8,0.75,0.0,0.0,0.0
15.81,0.48,0.0,0.0,0.0
17.56,0.48,0.0,0.0,0.0
13.25,0.0,0.0,0.0,0.0
13.33,0.0,0.0,0.0,0.0
11.71,0.0,0.0,0.0,0.0
11.02,0.0,0.0,0.0,0.0
10.47,0.0,0.0,0.0,0.0
11.77,0.0,0.0,0.0,0.0
16.72,0.67,0.0,0.0,0.0
27.74,1.82,0.0,0.0,8.696069999999999
60.79,3.36,0.0,0.0,38.5269
51.04,3.65,0.0,0.0,72.1154
45.98,3.74,0.0,0.0,108.741
52.02,4.43,0.0,0.0,155.023
52.04,5.34,0.0,0.0,143.039
50.66,5.06,0.0,0.0,127.737
50.16,3.18,0.0,0.0,91.3073
47.4,3.09,0.0,0.0,56.9175
51.48,4.12,0.0,0.0,19.9116
44.77,2.43,0.0,0.0,5.84203
23.33,1.97,0.0,0.0,0.0
20.56,1.38,0.0,0.0,0.0
20.77,1.6,0.0,0.0,0.0
19.05,0.76,0.0,0.0,0.0
17.34,0.48,0.0,0.0,0.0
16.34,0.48,0.0,0.0,0.0
9.42,0.0,0.0,0.0,0.0
9.04,0.0,0.0,0.0,0.0
8.08,0.0,0.0,0.0,0.0
7.57,0.0,0.0,0.0,0.0
7.79,0.0,0.0,0.0,0.0
7.85,0.0,0.0,0.0,0.0
15.89,0.67,0.0,0.0,0.0
23.24,1.06,0.0,0.0,15.8218
27.07,1.44,0.0,0.0,86.8187
25.92,2.02,0.0,0.0,220.734
25.4,1.82,0.0,0.0,357.465
28.3,2.21,0.0,0.0,487.589
21.59,1.92,0.0,0.0,537.095
17.51,1.82,0.0,0.0,517.455
16.33,1.44,0.0,0.0,406.992
15.21,1.25,4.11,0.0,287.319
14.09,1.34,0.73,0.0,135.379
12.68,0.67,0.0,0.0,25.1097
11.62,0.67,0.0,0.0,0.0
8.75,0.0,0.0,0.0,0.0
9.43,0.0,0.0,0.0,0.0
8.92,0.0,0.0,0.0,0.0
8.21,0.0,0.0,0.0,0.0
7.7,0.0,0.0,0.0,0.0
7.61,0.0,0.0,0.0,0.0
7.87,0.0,0.0,0.0,0.0
9.44,0.0,0.0,0.0,0.0
9.61,0.0,0.0,0.0,0.0
8.62,0.0,0.0,0.0,0.0
8.4,0.0,0.0,0.0,0.0
11.93,0.38,0.0,0.0,0.0
11.56,0.38,0.0,0.0,14.3982
12.37,0.38,0.0,0.0,74.9971
13.5,0.38,0.0,0.0,147.469
13.6,0.38,0.0,0.0,232.508
14.27,0.58,0.0,0.0,314.225
14.37,0.58,0.0,0.0,326.468
14.37,0.86,0.0,0.0,287.301
13.04,0.58,0.0,0.0,224.289
11.73,0.38,0.0,0.0,153.282
10.97,0.38,0.0,0.0,56.9165
11.22,0.38,0.0,0.0,9.98519
8.06,0.0,0.0,0.0,0.0
8.55,0.0,0.0,0.0,0.0
9.68,0.0,0.0,0.0,0.0
10.3,0.0,0.0,0.0,0.0
9.68,0.0,0.0,0.0,0.0
9.47,0.0,0.0,0.0,0.0
12.79,0.0,0.0,0.0,0.0
11.4,0.0,0.0,0.0,0.0
12.58,0.0,0.0,0.0,0.0
11.19,0.0,0.0,0.0,0.0
11.94,0.0,0.0,0.0,0.0
10.89,0.0,0.0,0.0,0.0
13.23,0.67,53.9,0.0,0.0
27.1,1.82,58.42,0.0,7.80092
55.48,3.36,66.13,0.0,30.0726
49.41,3.65,66.86,0.0,50.3082
48.09,3.74,64.58,0.0,61.5832
49.58,4.47,58.08,0.0,108.022
44.04,5.34,60.04,0.0,123.64
52.48,5.06,55.96,0.0,125.373
47.64,3.19,43.8,0.0,105.175
48.47,3.09,32.76,0.0,52.9776
55.01,4.12,27.36,0.0,19.1847
42.49,2.43,22.62,0.0,8.55621
19.5,1.97,17.2,0.0,0.0
16.94,1.38,10.41,0.0,0.0
14.82,1.6,2.25,0.0,0.0
13.34,0.76,0.0,0.0,0.0
14.72,0.48,0.0,0.0,0.0
13.48,0.48,0.0,0.0,0.0
10.21,0.0,0.0,0.0,0.0
12.03,0.0,0.0,0.0,0.0
12.26,0.0,0.0,0.0,0.0
12.05,0.0,0.0,0.0,0.0
13.6,0.0,0.0,0.0,0.0
14.23,0.0,0.0,0.0,0.0
16.08,0.67,0.0,0.0,0.0
24.75,1.82,0.0,0.0,27.803
49.02,3.36,0.0,0.0,65.7319
41.0,3.65,0.0,0.0,113.13
39.66,3.74,0.0,0.0,143.97899999999998
44.51,4.44,0.0,0.0,131.24200000000002
52.84,5.34,0.0,0.0,142.10299999999998
58.72,5.06,0.0,0.0,134.755
51.91,3.19,0.0,0.0,113.49
55.49,3.09,0.0,0.0,66.6828
59.13,4.12,0.0,0.0,21.8214
48.93,2.43,0.0,0.0,11.3193
24.0,1.97,0.0,0.0,0.0
20.77,1.39,0.0,0.0,0.0
19.55,1.6,0.0,0.0,0.0
16.58,0.77,0.0,0.0,0.0
17.61,0.48,0.0,0.0,0.0
17.37,0.48,0.0,0.0,0.0
12.7,0.0,0.0,0.0,0.0
13.69,0.0,0.0,0.0,0.0
12.22,0.0,0.0,0.0,0.0
10.95,0.0,0.0,0.0,0.0
13.11,0.0,0.0,0.0,0.0
13.36,0.0,0.0,0.0,0.0
17.22,0.67,0.0,0.0,0.0
26.5,1.82,0.0,0.0,34.5148
60.92,3.36,0.0,0.0,94.4056
54.06,3.65,0.0,0.0,158.406
48.33,3.74,0.0,0.0,218.96
52.63,4.44,0.0,0.0,218.257
56.78,5.34,0.0,0.0,298.916
59.06,5.06,0.0,0.0,275.505
48.67,3.19,0.0,0.0,231.297
43.35,3.09,0.0,0.0,187.727
42.78,4.12,0.0,0.0,88.8634
40.82,2.43,0.0,0.0,18.6565
18.05,1.97,0.0,0.0,0.0
16.18,1.39,0.0,0.0,0.0
17.15,1.59,0.0,0.0,0.0
14.15,0.77,0.0,0.0,0.0
14.58,0.48,0.0,0.0,0.0
13.61,0.48,0.0,0.0,0.0
12.62,0.0,0.0,0.0,0.0
12.21,0.0,0.0,0.0,0.0
12.72,0.0,0.0,0.0,0.0
12.29,0.0,0.0,0.0,0.0
11.04,0.0,0.0,0.0,0.0
11.69,0.0,0.0,0.0,0.0
16.6,0.67,0.0,0.0,0.0
28.91,1.82,0.0,0.0,57.8769
56.42,3.36,0.0,0.0,199.775
48.53,3.65,0.0,0.0,335.832
49.18,3.74,0.0,0.0,446.399
51.1,4.44,0.0,0.0,516.085
50.5,5.34,0.0,0.0,561.918
48.56,5.06,0.0,0.0,475.904
44.42,3.19,0.0,0.0,399.611
46.53,3.09,0.0,0.0,280.445
46.2,4.12,0.0,0.0,164.338
40.68,2.43,0.0,0.0,36.0294
18.53,1.97,0.0,0.0,0.0
14.84,1.39,0.0,0.0,0.0
14.24,1.59,0.0,0.0,0.0
14.41,0.77,0.0,0.0,0.0
14.14,0.48,0.0,0.0,0.0
16.55,0.48,0.0,0.0,0.0
12.29,0.0,0.0,0.0,0.0
12.47,0.0,0.0,0.0,0.0
13.95,0.0,0.0,0.0,0.0
14.78,0.0,0.0,0.0,0.0
15.28,0.0,0.0,0.0,0.0
15.46,0.0,0.0,0.0,0.0
18.84,0.67,0.0,0.0,0.0
29.49,1.82,0.0,0.0,38.2631
60.24,3.36,0.0,0.0,144.805
48.17,3.65,0.0,0.0,220.549
44.59,3.74,11.81,0.0,311.954
50.9,4.44,27.89,0.0,345.208
52.85,5.34,35.57,0.0,377.839
47.89,5.06,38.13,0.0,361.033
42.85,3.19,38.73,0.0,336.545
41.26,3.09,32.37,0.0,243.704
40.42,4.12,24.61,0.0,135.778
36.55,2.44,8.12,0.0,29.2164
20.73,1.97,0.0,0.0,0.0
16.48,1.4,0.0,0.0,0.0
16.32,1.58,0.0,0.0,0.0
15.54,0.77,0.0,0.0,0.0
13.83,0.48,0.0,0.0,0.0
15.4,0.48,0.0,0.0,0.0
9.63,0.0,0.0,0.0,0.0
10.36,0.0,0.0,0.0,0.0
10.56,0.0,0.0,0.0,0.0
9.27,0.0,0.0,0.0,0.0
8.27,0.0,0.0,0.0,0.0
8.3,0.0,0.0,0.0,0.0
14.13,0.67,0.0,0.0,0.0
18.88,1.06,3.61,0.0,70.055
20.48,1.44,31.96,0.0,317.925
25.34,2.02,62.85,0.0,541.8969999999999
24.84,1.82,83.47,0.0,699.062
25.02,2.21,92.84,0.0,747.6160000000001
16.83,1.92,97.25,0.0,750.954
15.82,1.82,98.56,0.0,708.5930000000001
15.79,1.44,97.25,0.0,615.205
15.49,1.25,92.94,0.0,471.577
16.75,1.34,86.35,0.0,270.993
14.71,0.67,80.9,0.0,62.8172
11.37,0.67,0.0,0.0,0.0
9.78,0.0,0.0,0.0,0.0
10.28,0.0,0.0,0.0,0.0
10.58,0.0,0.0,0.0,0.0
10.55,0.0,0.0,0.0,0.0
10.71,0.0,0.0,0.0,0.0
9.4,0.0,0.0,0.0,0.0
8.49,0.0,0.0,0.0,0.0
7.84,0.0,0.0,0.0,0.0
8.56,0.0,0.0,0.0,0.0
8.92,0.0,0.0,0.0,0.0
9.36,0.0,0.0,0.0,0.0
12.53,0.38,0.0,0.0,0.0
13.12,0.38,0.0,0.0,45.3566
11.44,0.38,0.0,0.0,199.066
12.62,0.38,0.0,0.0,335.469
12.54,0.38,0.0,0.0,448.251
13.53,0.58,0.0,0.0,561.067
12.18,0.58,38.83,0.0,581.621
10.72,0.86,54.04,0.0,546.22
10.0,0.58,0.0,0.0,430.334
11.1,0.38,0.0,0.0,341.65
11.63,0.38,0.0,0.0,201.129
11.93,0.38,0.0,0.0,47.5721
10.15,0.0,0.0,0.0,0.0
10.64,0.0,0.0,0.0,0.0
10.77,0.0,0.0,0.0,0.0
11.52,0.0,0.0,0.0,0.0
11.35,0.0,0.0,0.0,0.0
11.05,0.0,0.0,0.0,0.0
14.21,0.0,0.0,0.0,0.0
15.1,0.0,0.0,0.0,0.0
14.75,0.0,0.0,0.0,0.0
15.46,0.0,0.0,0.0,0.0
15.46,0.0,0.0,0.0,0.0
15.46,0.0,0.0,0.0,0.0
18.02,0.67,0.0,0.0,0.0
33.26,1.82,0.0,0.0,50.2135
65.79,3.36,0.0,0.0,212.157
60.26,3.64,0.0,0.0,362.45
57.98,3.74,0.0,0.0,507.612
58.52,4.46,0.0,0.0,606.612
56.08,5.34,0.0,0.0,625.065
56.67,5.06,0.0,0.0,621.07
48.84,3.18,0.0,0.0,530.138
48.78,3.09,0.0,0.0,396.33
46.98,4.12,0.0,0.0,220.908
34.45,2.43,0.0,0.0,52.1713
20.44,1.97,0.0,0.0,0.0
15.42,1.38,0.0,0.0,0.0
16.33,1.6,0.0,0.0,0.0
13.76,0.76,0.0,0.0,0.0
13.06,0.48,0.0,0.0,0.0
12.41,0.48,0.0,0.0,0.0
11.78,0.0,0.0,0.0,0.0
10.67,0.0,0.0,0.0,0.0
10.75,0.0,0.0,0.0,0.0
12.51,0.0,0.0,0.0,0.0
12.16,0.0,0.0,0.0,0.0
12.26,0.0,0.0,0.0,0.0
16.55,0.67,0.0,0.0,0.0
28.66,1.82,0.0,0.0,49.9988
54.14,3.36,0.0,0.0,206.784
47.15,3.64,0.0,0.0,353.431
45.35,3.74,12.53,0.0,502.04
53.24,4.44,36.32,0.0,584.688
57.72,5.34,72.72,0.0,615.382
56.75,5.05,101.36,0.0,594.197
46.92,3.18,107.52,0.0,533.254
52.09,3.09,109.33,0.0,384.168
50.54,4.12,108.07,0.0,208.469
44.54,2.43,103.23,0.0,48.5017
23.67,1.97,97.25,0.0,0.0
19.34,1.4,95.41,0.0,0.0
20.62,1.57,95.61,0.0,0.0
18.93,0.77,102.39,0.0,0.0
19.16,0.48,0.0,0.0,0.0
19.16,0.48,0.0,0.0,0.0
15.46,0.0,0.0,0.0,0.0
15.46,0.0,0.0,0.0,0.0
14.13,0.0,0.0,0.0,0.0
12.47,0.0,0.0,0.0,0.0
12.12,0.0,0.0,0.0,0.0
12.84,0.0,0.0,0.0,0.0
16.75,0.67,0.0,0.0,0.0
28.02,1.82,0.0,0.0,61.8467
54.9,3.36,0.0,0.0,269.999
48.04,3.64,0.0,0.0,468.187
42.6,3.74,0.0,0.0,643.91
45.34,4.44,0.0,0.0,767.196
52.83,5.33,0.0,0.0,833.3330000000001
55.86,5.05,0.0,0.0,823.0319999999999
52.73,3.18,0.0,0.0,757.12
52.28,3.09,0.0,0.0,616.965
50.56,4.12,0.0,0.0,407.395
42.17,2.44,0.0,0.0,136.215
21.06,1.96,0.0,0.0,0.0
19.74,1.41,0.0,0.0,0.0
18.38,1.58,0.0,0.0,0.0
15.36,0.75,0.0,0.0,0.0
15.98,0.48,0.0,0.0,0.0
15.64,0.48,0.0,0.0,0.0
11.53,0.0,0.0,0.0,0.0
10.95,0.0,0.0,0.0,0.0
10.51,0.0,0.0,0.0,0.0
12.81,0.0,0.0,0.0,0.0
12.49,0.0,0.0,0.0,0.0
10.92,0.0,0.0,0.0,0.0
14.02,0.67,0.0,0.0,0.0
23.82,1.82,0.0,0.0,57.6286
47.32,3.35,0.0,0.0,227.766
45.39,3.64,0.0,0.0,398.648
49.59,3.74,0.0,0.0,519.637
44.78,4.42,0.0,0.0,619.3969999999999
50.04,5.33,0.0,0.0,665.5260000000001
48.21,5.05,0.0,0.0,688.95
40.28,3.18,0.0,0.0,615.196
40.74,3.09,0.0,0.0,527.065
45.82,4.12,0.0,0.0,310.328
36.8,2.42,0.0,0.0,77.47
16.85,1.97,0.0,0.0,0.0
17.28,1.38,0.0,0.0,0.0
18.31,1.61,0.0,0.0,0.0
17.29,0.76,0.0,0.0,0.0
16.11,0.48,0.0,0.0,0.0
17.48,0.48,0.0,0.0,0.0
13.19,0.0,0.0,0.0,0.0
12.7,0.0,0.0,0.0,0.0
11.68,0.0,0.0,0.0,0.0
11.09,0.0,0.0,0.0,0.0
12.69,0.0,0.0,0.0,0.0
13.49,0.0,0.0,0.0,0.0
17.41,0.67,0.0,0.0,0.0
31.16,1.82,0.0,0.0,71.3526
67.44,3.35,0.0,0.0,306.933
56.67,3.64,0.0,0.0,492.444
53.63,3.74,0.0,0.0,655.082
50.42,4.43,0.0,0.0,745.898
46.9,5.33,0.0,0.0,779.347
44.7,5.05,0.0,0.0,779.3610000000001
41.43,3.18,0.0,0.0,654.754
47.45,3.08,0.0,0.0,496.622
50.57,4.11,0.0,0.0,279.656
43.66,2.43,0.0,0.0,90.0863
19.97,1.97,0.0,0.0,0.0
18.43,1.39,0.0,0.0,0.0
18.01,1.58,0.0,0.0,0.0
14.65,0.77,0.0,0.0,0.0
14.46,0.48,0.0,0.0,0.0
15.0,0.48,0.0,0.0,0.0
8.08,0.0,0.0,0.0,0.0
8.52,0.0,0.0,0.0,0.0
9.95,0.0,0.0,0.0,0.0
10.25,0.0,0.0,0.0,0.0
9.12,0.0,0.0,0.0,0.0
10.31,0.0,0.0,0.0,0.0
16.87,0.67,0.0,0.0,0.0
22.21,1.05,0.0,0.0,75.0495
24.08,1.44,0.0,0.0,321.35900000000004
28.1,2.01,0.0,0.0,518.092
29.02,1.82,1.8,0.0,601.613
33.93,2.2,4.93,0.0,692.3430000000001
23.22,1.91,10.78,0.0,713.709
21.0,1.82,11.94,0.0,680.13
17.67,1.44,13.03,0.0,633.466
16.1,1.24,13.46,0.0,479.594
17.82,1.34,10.39,0.0,278.096
14.77,0.67,8.95,0.0,70.7243
11.68,0.67,0.0,0.0,0.0
9.01,0.0,0.0,0.0,0.0
7.99,0.0,0.0,0.0,0.0
9.36,0.0,0.0,0.0,0.0
8.61,0.0,0.0,0.0,0.0
8.85,0.0,0.0,0.0,0.0
8.97,0.0,0.0,0.0,0.0
8.46,0.0,0.0,0.0,0.0
9.88,0.0,0.0,0.0,0.0
10.59,0.0,0.0,0.0,0.0
9.37,0.0,0.0,0.0,0.0
8.37,0.0,0.0,0.0,0.0
11.91,0.38,0.0,0.0,0.0
10.76,0.38,0.0,0.0,62.2293
12.06,0.38,0.0,0.0,267.582
10.47,0.38,0.0,0.0,459.244
10.14,0.38,4.98,0.0,607.509
10.35,0.57,49.08,0.0,701.934
9.52,0.57,41.37,0.0,657.248
10.61,0.86,47.22,0.0,679.2739999999999
11.09,0.57,52.04,0.0,601.722
9.85,0.38,27.81,0.0,453.48
10.11,0.38,0.0,0.0,274.422
9.96,0.38,0.0,0.0,69.8489
9.24,0.0,0.0,0.0,0.0
9.15,0.0,0.0,0.0,0.0
9.86,0.0,0.0,0.0,0.0
9.45,0.0,0.0,0.0,0.0
10.52,0.0,0.0,0.0,0.0
9.47,0.0,0.0,0.0,0.0
12.43,0.0,0.0,0.0,0.0
11.95,0.0,0.0,0.0,0.0
11.57,0.0,0.0,0.0,0.0
12.08,0.0,0.0,0.0,0.0
12.97,0.0,0.0,0.0,0.0
13.5,0.0,0.0,0.0,0.0
16.48,0.67,6.6,0.0,0.0
26.36,1.82,13.13,0.0,65.2114
59.03,3.35,37.57,0.0,228.851
47.87,3.63,72.53,0.0,467.701
51.48,3.73,94.9,0.0,615.5419999999999
55.7,4.45,59.07,0.0,614.6030000000001
56.85,5.32,42.34,0.0,613.261
60.27,5.04,53.26,0.0,575.031
57.18,3.17,37.49,0.0,522.33
58.02,3.08,22.98,0.0,372.485
61.64,4.11,14.49,0.0,221.215
48.93,2.42,3.73,0.0,49.6867
23.06,1.96,0.0,0.0,0.0
18.96,1.39,0.0,0.0,0.0
17.3,1.58,0.0,0.0,0.0
14.87,0.76,0.0,0.0,0.0
13.48,0.48,0.0,0.0,0.0
16.02,0.48,0.0,0.0,0.0
12.15,0.0,0.0,0.0,0.0
13.35,0.0,0.0,0.0,0.0
13.78,0.0,0.0,0.0,0.0
13.39,0.0,0.0,0.0,0.0
14.08,0.0,0.0,0.0,0.0
13.14,0.0,0.0,0.0,0.0
17.21,0.67,0.0,0.0,0.0
31.47,1.82,0.0,0.0,65.9488
70.25,3.35,0.0,0.0,216.223
56.28,3.63,0.0,0.0,366.779
48.45,3.73,0.0,0.0,484.485
50.52,4.43,0.0,0.0,598.9490000000001
45.82,5.32,0.0,0.0,616.212
42.76,5.04,0.0,0.0,589.37
38.87,3.17,0.0,0.0,503.221
47.1,3.08,0.0,0.0,364.104
48.92,4.1,0.0,0.0,198.954
36.34,2.43,0.0,0.0,44.2444
16.92,1.95,0.0,0.0,0.0
14.86,1.41,0.0,0.0,0.0
16.72,1.58,0.0,0.0,0.0
17.05,0.74,0.0,0.0,0.0
16.55,0.48,0.0,0.0,0.0
16.13,0.48,0.0,0.0,0.0
13.98,0.0,0.0,0.0,0.0
13.33,0.0,0.0,0.0,0.0
12.68,0.0,0.0,0.0,0.0
12.12,0.0,0.0,0.0,0.0
13.62,0.0,0.0,0.0,0.0
13.73,0.0,0.0,0.0,0.0
18.28,0.67,0.0,0.0,0.0
30.29,1.82,0.0,0.0,68.2188
64.48,3.34,0.0,0.0,207.801
55.05,3.63,0.0,0.0,362.398
51.99,3.73,0.0,0.0,482.693
48.89,4.41,0.0,0.0,566.591
43.7,5.32,0.0,0.0,620.047
49.59,5.04,0.0,0.0,596.92
45.68,3.17,0.0,0.0,517.93
50.74,3.08,0.0,0.0,369.474
49.32,4.1,0.0,0.0,214.402
42.96,2.42,0.0,0.0,46.4017
22.45,1.96,0.0,0.0,0.0
20.06,1.38,0.0,0.0,0.0
18.59,1.59,0.0,0.0,0.0
17.44,0.76,0.0,0.0,0.0
17.65,0.48,0.0,0.0,0.0
15.67,0.48,0.0,0.0,0.0
13.76,0.0,0.0,0.0,0.0
14.07,0.0,0.0,0.0,0.0
12.36,0.0,0.0,0.0,0.0
11.29,0.0,0.0,0.0,0.0
11.2,0.0,0.0,0.0,0.0
10.79,0.0,0.0,0.0,0.0
13.82,0.67,0.0,0.0,0.0
26.1,1.81,0.0,0.0,76.5185
56.62,3.34,0.0,0.0,251.6
53.74,3.63,0.0,0.0,467.655
51.4,3.72,0.0,0.0,610.734
47.66,4.42,0.0,0.0,717.732
52.69,5.31,0.0,0.0,697.669
47.58,5.03,0.0,0.0,730.8789999999999
43.35,3.17,0.0,0.0,618.433
38.96,3.07,4.78,0.0,519.5840000000001
40.34,4.1,3.93,0.0,310.713
33.87,2.43,0.0,0.0,114.293
17.61,1.95,0.0,0.0,0.0
16.43,1.4,0.0,0.0,0.0
16.23,1.57,0.0,0.0,0.0
13.74,0.74,0.0,0.0,0.0
12.89,0.48,0.0,0.0,0.0
14.17,0.48,0.0,0.0,0.0
12.33,0.0,0.0,0.0,0.0
10.86,0.0,0.0,0.0,0.0
11.28,0.0,0.0,0.0,0.0
11.56,0.0,0.0,0.0,0.0
11.23,0.0,0.0,0.0,0.0
13.01,0.0,0.0,0.0,0.0
15.67,0.67,0.0,0.0,0.0
28.96,1.81,0.0,0.0,89.4961
60.58,3.34,0.0,0.0,347.082
50.62,3.63,0.55,0.0,580.475
44.52,3.72,19.2,0.0,754.31
49.47,4.41,40.54,0.0,795.9060000000001
50.65,5.31,47.75,0.0,815.6
49.72,5.03,58.52,0.0,785.183
49.55,3.17,57.66,0.0,681.934
45.66,3.07,52.52,0.0,519.2230000000001
50.9,4.1,52.01,0.0,288.991
40.57,2.42,46.15,0.0,101.08
18.64,1.96,42.28,0.0,0.0
14.74,1.38,43.16,0.0,0.0
16.74,1.59,43.6,0.0,0.0
13.84,0.76,47.2,0.0,0.0
13.03,0.48,0.0,0.0,0.0
14.57,0.48,0.0,0.0,0.0
8.38,0.0,0.0,0.0,0.0
9.3,0.0,0.0,0.0,0.0
10.2,0.0,0.0,0.0,0.0
11.1,0.0,0.0,0.0,0.0
10.8,0.0,0.0,0.0,0.0
11.53,0.0,0.0,0.0,0.0
19.01,0.67,0.0,0.0,0.0
23.43,1.05,0.0,0.0,92.2409
26.85,1.43,0.0,0.0,374.918
29.03,2.0,0.0,0.0,601.124
27.37,1.81,0.0,0.0,759.045
30.66,2.19,0.0,0.0,833.3330000000001
24.03,1.91,2.15,0.0,833.3330000000001
20.86,1.81,10.4,0.0,833.3330000000001
19.06,1.43,17.58,0.0,766.7189999999999
18.38,1.24,21.78,0.0,638.422
17.9,1.34,21.3,0.0,405.374
16.66,0.67,11.04,0.0,170.833
14.37,0.67,0.0,0.0,0.0
11.6,0.0,0.0,0.0,0.0
11.6,0.0,0.0,0.0,0.0
10.68,0.0,0.0,0.0,0.0
10.83,0.0,0.0,0.0,0.0
9.67,0.0,0.0,0.0,0.0
10.59,0.0,0.0,0.0,0.0
9.33,0.0,0.0,0.0,0.0
8.95,0.0,0.0,0.0,0.0
8.2,0.0,0.0,0.0,0.0
9.63,0.0,0.0,0.0,0.0
10.07,0.0,0.0,0.0,0.0
13.63,0.38,0.0,0.0,0.0
12.24,0.38,0.0,0.0,93.0818
11.8,0.38,0.93,0.0,360.92
11.97,0.38,21.22,0.0,563.231
10.69,0.38,27.35,0.0,696.3430000000001
10.67,0.57,43.43,0.0,775.806
12.44,0.57,48.59,0.0,814.967
11.04,0.86,47.82,0.0,757.2280000000001
10.43,0.57,46.89,0.0,640.557
11.69,0.38,47.86,0.0,453.763
10.6,0.38,6.27,0.0,241.947
11.35,0.38,0.0,0.0,51.4444
9.9,0.0,0.0,0.0,0.0
10.4,0.0,0.0,0.0,0.0
10.32,0.0,0.0,0.0,0.0
9.51,0.0,0.0,0.0,0.0
8.92,0.0,0.0,0.0,0.0
8.37,0.0,0.0,0.0,0.0
8.77,0.0,0.0,0.0,0.0
10.0,0.0,0.0,0.0,0.0
9.05,0.0,0.0,0.0,0.0
9.52,0.0,0.0,0.0,0.0
9.34,0.0,0.0,0.0,0.0
9.34,0.0,0.0,0.0,0.0
12.84,0.38,0.0,0.0,0.0
12.35,0.38,0.0,0.0,75.3544
11.25,0.38,0.0,0.0,263.995
11.84,0.38,0.0,0.0,455.759
10.87,0.38,43.54,0.0,613.372
12.23,0.57,64.29,0.0,706.569
11.43,0.57,73.92,0.0,738.243
10.52,0.86,57.43,0.0,693.9010000000001
9.85,0.57,65.9,0.0,638.76
10.45,0.38,72.34,0.0,488.892
12.15,0.38,40.89,0.0,284.414
13.32,0.38,32.25,0.0,89.7966
9.85,0.0,0.0,0.0,0.0
9.63,0.0,0.0,0.0,0.0
9.12,0.0,0.0,0.0,0.0
9.11,0.0,0.0,0.0,0.0
8.55,0.0,0.0,0.0,0.0
9.91,0.0,0.0,0.0,0.0
13.52,0.0,0.0,0.0,0.0
11.83,0.0,0.0,0.0,0.0
10.8,0.0,0.0,0.0,0.0
10.48,0.0,0.0,0.0,0.0
10.47,0.0,0.0,0.0,0.0
9.98,0.0,0.0,0.0,0.0
14.84,0.67,74.98,0.0,0.0
25.69,1.81,79.49,0.0,67.5743
60.64,3.33,83.84,0.0,220.139
53.0,3.62,88.46,0.0,357.974
49.74,3.71,101.24,0.0,537.5409999999999
52.41,4.43,121.87,0.0,676.038
46.91,5.29,130.7,0.0,755.6619999999999
49.82,5.01,132.66,0.0,767.9
44.75,3.16,134.06,0.0,659.177
50.78,3.06,130.67,0.0,476.08
53.52,4.08,121.57,0.0,274.617
43.53,2.42,103.4,0.0,69.8876
23.1,1.95,94.03,0.0,0.0
20.77,1.4,89.09,0.0,0.0
19.86,1.56,85.34,0.0,0.0
18.37,0.74,84.37,0.0,0.0
16.91,0.47,0.0,0.0,0.0
15.06,0.48,0.0,0.0,0.0
13.48,0.0,0.0,0.0,0.0
13.98,0.0,0.0,0.0,0.0
12.69,0.0,0.0,0.0,0.0
11.1,0.0,0.0,0.0,0.0
10.39,0.0,0.0,0.0,0.0
10.12,0.0,0.0,0.0,0.0
15.92,0.67,84.97,0.0,0.0
26.82,1.81,85.64,0.0,81.8821
58.54,3.33,97.66,0.0,255.631
44.33,3.61,113.17,0.0,441.1
48.64,3.71,126.13,0.0,583.446
45.96,4.39,138.49,0.0,708.697
42.0,5.29,146.55,0.0,748.01
48.4,5.01,152.04,0.0,735.545
42.18,3.15,160.84,0.0,696.1389999999999
45.79,3.06,167.02,0.0,539.144
44.77,4.08,156.35,0.0,337.991
33.59,2.41,117.8,0.0,112.771
15.75,1.95,103.04,0.0,0.0
17.3,1.39,100.47,0.0,0.0
17.27,1.56,97.3,0.0,0.0
15.58,0.76,94.48,0.0,0.0
16.13,0.48,0.0,0.0,0.0
17.24,0.48,0.0,0.0,0.0
14.25,0.0,0.0,0.0,0.0
12.89,0.0,0.0,0.0,0.0
12.94,0.0,0.0,0.0,0.0
12.08,0.0,0.0,0.0,0.0
10.71,0.0,0.0,0.0,0.0
11.53,0.0,0.0,0.0,0.0
16.32,0.66,101.34,0.0,0.0
30.46,1.8,97.08,0.0,84.1887
58.2,3.32,111.07,0.0,272.518
46.38,3.61,141.08,0.0,513.206
44.79,3.7,165.58,0.0,728.0239999999999
52.65,4.41,170.69,0.0,833.3330000000001
47.16,5.28,171.01,0.0,833.3330000000001
51.36,5.01,184.9,0.0,792.737
42.8,3.15,194.65,0.0,657.421
45.65,3.06,193.62,0.0,497.477
46.24,4.08,178.33,0.0,283.766
38.67,2.41,137.88,0.0,81.0278
16.76,1.95,120.55,0.0,0.0
14.19,1.37,117.79,0.0,0.0
15.59,1.6,115.33,0.0,0.0
15.92,0.75,113.83,0.0,0.0
17.15,0.47,0.0,0.0,0.0
17.41,0.47,0.0,0.0,0.0
13.99,0.0,0.0,0.0,0.0
14.61,0.0,0.0,0.0,0.0
14.22,0.0,0.0,0.0,0.0
12.86,0.0,0.0,0.0,0.0
12.08,0.0,0.0,0.0,0.0
11.85,0.0,0.0,0.0,0.0
15.12,0.66,3.91,0.0,0.0
28.39,1.8,3.39,0.0,90.9822
64.43,3.32,1.53,0.0,319.53
56.88,3.61,4.79,0.0,511.875
51.78,3.7,16.86,0.0,682.1519999999999
51.05,4.4,22.5,0.0,750.383
50.87,5.28,25.11,0.0,766.367
45.81,5.0,42.11,0.0,725.2660000000001
49.0,3.15,45.02,0.0,664.575
50.95,3.05,41.91,0.0,507.04
47.04,4.07,36.62,0.0,285.323
34.75,2.42,26.22,0.0,92.2402
18.13,1.94,21.15,0.0,0.0
14.29,1.41,17.39,0.0,0.0
17.33,1.58,10.38,0.0,0.0
14.24,0.74,4.47,0.0,0.0
15.07,0.47,0.0,0.0,0.0
14.64,0.47,0.0,0.0,0.0
8.89,0.0,0.0,0.0,0.0
9.23,0.0,0.0,0.0,0.0
9.75,0.0,0.0,0.0,0.0
9.99,0.0,0.0,0.0,0.0
8.7,0.0,0.0,0.0,0.0
9.58,0.0,0.0,0.0,0.0
14.78,0.66,0.0,0.0,0.0
20.1,1.04,5.65,0.0,90.1713
20.55,1.42,20.3,0.0,300.231
24.91,1.99,30.75,0.0,502.468
26.2,1.8,35.85,0.0,649.821
28.35,2.18,47.71,0.0,737.711
19.23,1.9,51.32,0.0,751.797
17.25,1.8,54.36,0.0,718.278
16.96,1.42,56.31,0.0,662.36
13.73,1.23,50.92,0.0,501.639
13.47,1.33,41.81,0.0,282.258
11.98,0.66,37.12,0.0,79.6241
11.93,0.66,0.0,0.0,0.0
8.66,0.0,0.0,0.0,0.0
9.56,0.0,0.0,0.0,0.0
9.93,0.0,0.0,0.0,0.0
9.97,0.0,0.0,0.0,0.0
8.7,0.0,0.0,0.0,0.0
8.02,0.0,0.0,0.0,0.0
9.43,0.0,0.0,0.0,0.0
9.0,0.0,0.0,0.0,0.0
8.87,0.0,0.0,0.0,0.0
8.04,0.0,0.0,0.0,0.0
8.31,0.0,0.0,0.0,0.0
12.16,0.38,0.0,0.0,0.0
10.57,0.38,0.0,0.0,69.4444
11.63,0.38,0.0,0.0,186.081
10.65,0.38,0.0,0.0,326.215
10.08,0.38,0.0,0.0,423.364
11.34,0.57,0.0,0.0,507.677
10.53,0.57,0.0,0.0,514.415
10.93,0.85,0.0,0.0,471.198
11.86,0.57,0.0,0.0,430.779
12.62,0.38,0.0,0.0,345.06199999999995
11.7,0.38,0.0,0.0,186.254
12.09,0.38,0.0,0.0,37.3379
9.75,0.0,0.0,0.0,0.0
10.51,0.0,0.0,0.0,0.0
10.39,0.0,0.0,0.0,0.0
9.87,0.0,0.0,0.0,0.0
10.53,0.0,0.0,0.0,0.0
10.76,0.0,0.0,0.0,0.0
15.31,0.0,0.0,0.0,0.0
14.48,0.0,0.0,0.0,0.0
13.72,0.0,0.0,0.0,0.0
13.02,0.0,0.0,0.0,0.0
13.24,0.0,0.0,0.0,0.0
13.42,0.0,0.0,0.0,0.0
17.42,0.66,64.24,0.0,0.0
26.87,1.8,73.05,0.0,76.2194
51.78,3.31,49.82,0.0,199.946
41.55,3.6,41.26,0.0,342.254
40.27,3.69,49.35,0.0,473.648
41.56,4.41,57.73,0.0,569.465
48.58,5.26,66.57,0.0,676.943
55.02,4.98,77.17,0.0,637.221
49.88,3.14,82.19,0.0,556.087
49.34,3.04,89.52,0.0,456.457
48.27,4.06,90.2,0.0,279.092
37.29,2.41,75.22,0.0,83.0142
20.12,1.93,66.86,0.0,0.0
18.83,1.4,63.68,0.0,0.0
19.98,1.57,56.65,0.0,0.0
16.37,0.74,46.25,0.0,0.0
14.77,0.47,0.0,0.0,0.0
14.37,0.47,0.0,0.0,0.0
11.33,0.0,0.0,0.0,0.0
11.7,0.0,0.0,0.0,0.0
12.64,0.0,0.0,0.0,0.0
12.16,0.0,0.0,0.0,0.0
11.67,0.0,0.0,0.0,0.0
13.2,0.0,0.0,0.0,0.0
16.66,0.66,44.55,0.0,0.0
30.04,1.8,62.56,0.0,77.2564
69.19,3.31,79.97,0.0,212.466
54.85,3.59,85.98,0.0,326.611
51.64,3.69,94.44,0.0,450.151
55.64,4.37,101.07,0.0,505.099
50.46,5.26,103.04,0.0,481.596
47.72,4.98,110.51,0.0,490.952
49.93,3.14,113.11,0.0,419.024
45.64,3.04,111.53,0.0,312.277
51.68,4.06,108.81,0.0,158.644
35.7,2.41,98.31,0.0,30.7834
16.22,1.93,90.08,0.0,0.0
15.18,1.4,87.09,0.0,0.0
15.41,1.57,87.0,0.0,0.0
14.0,0.74,86.15,0.0,0.0
14.17,0.47,0.0,0.0,0.0
14.6,0.47,0.0,0.0,0.0
13.11,0.0,0.0,0.0,0.0
14.25,0.0,0.0,0.0,0.0
14.59,0.0,0.0,0.0,0.0
14.92,0.0,0.0,0.0,0.0
13.61,0.0,0.0,0.0,0.0
11.98,0.0,0.0,0.0,0.0
15.58,0.66,3.55,0.0,0.0
25.12,1.79,0.0,0.0,80.922
50.52,3.31,0.0,0.0,213.025
48.04,3.59,0.0,0.0,326.536
46.88,3.68,0.0,0.0,458.609
47.96,4.37,0.0,0.0,557.3290000000001
53.46,5.25,0.0,0.0,673.5889999999999
47.66,4.97,0.0,0.0,681.183
41.6,3.13,0.0,0.0,614.439
49.61,3.04,0.0,0.0,514.623
48.97,4.05,0.0,0.0,303.78700000000003
40.32,2.4,0.0,0.0,93.4885
18.37,1.92,0.0,0.0,0.0
18.28,1.41,0.0,0.0,0.0
17.82,1.57,0.0,0.0,0.0
17.58,0.74,0.0,0.0,0.0
16.53,0.47,0.0,0.0,0.0
14.37,0.47,0.0,0.0,0.0
13.27,0.0,0.0,0.0,0.0
13.03,0.0,0.0,0.0,0.0
12.63,0.0,0.0,0.0,0.0
11.58,0.0,0.0,0.0,0.0
12.88,0.0,0.0,0.0,0.0
14.16,0.0,0.0,0.0,0.0
15.57,0.66,0.0,0.0,0.0
30.15,1.79,0.0,0.0,116.172
67.62,3.3,0.0,0.0,385.03
51.66,3.58,0.0,0.0,629.3430000000001
48.84,3.68,0.0,0.0,796.145
47.64,4.37,0.0,0.0,833.3330000000001
51.87,5.25,0.0,0.0,833.3330000000001
50.52,4.97,0.0,0.0,833.3330000000001
50.26,3.13,0.0,0.0,798.908
50.34,3.04,0.0,0.0,652.6419999999999
56.2,4.05,0.0,0.0,423.86800000000005
42.71,2.4,0.0,0.0,144.305
18.47,1.92,0.0,0.0,0.0
17.27,1.41,0.0,0.0,0.0
17.76,1.57,0.0,0.0,0.0
15.44,0.74,0.0,0.0,0.0
14.51,0.47,0.0,0.0,0.0
14.75,0.47,0.0,0.0,0.0
12.06,0.0,0.0,0.0,0.0
10.96,0.0,0.0,0.0,0.0
11.2,0.0,0.0,0.0,0.0
12.94,0.0,0.0,0.0,0.0
11.98,0.0,0.0,0.0,0.0
12.12,0.0,0.0,0.0,0.0
16.59,0.66,0.0,0.0,0.0
27.0,1.79,0.0,0.0,118.562
61.06,3.3,0.0,0.0,400.895
47.62,3.58,3.7,0.0,616.288
41.46,3.67,12.33,0.0,781.336
47.61,4.36,22.79,0.0,833.3330000000001
44.95,5.24,32.45,0.0,833.3330000000001
51.91,4.96,40.96,0.0,833.3330000000001
46.34,3.13,41.7,0.0,742.987
41.09,3.03,40.45,0.0,523.749
44.03,4.05,35.74,0.0,271.356
32.53,2.39,30.82,0.0,43.5179
16.74,1.93,27.39,0.0,0.0
16.22,1.39,25.05,0.0,0.0
15.22,1.57,23.54,0.0,0.0
16.14,0.74,20.31,0.0,0.0
15.54,0.47,0.0,0.0,0.0
17.1,0.47,0.0,0.0,0.0
9.27,0.0,0.0,0.0,0.0
8.21,0.0,0.0,0.0,0.0
8.95,0.0,0.0,0.0,0.0
8.05,0.0,0.0,0.0,0.0
9.33,0.0,0.0,0.0,0.0
9.3,0.0,0.0,0.0,0.0
16.4,0.66,27.99,0.0,0.0
18.98,1.04,57.25,0.0,114.105
24.81,1.41,82.4,0.0,381.065
28.6,1.98,94.16,0.0,602.356
29.01,1.79,102.34,0.0,754.617
31.82,2.16,111.24,0.0,833.3330000000001
24.6,1.88,113.34,0.0,833.3330000000001
22.0,1.79,112.18,0.0,830.545
19.41,1.41,112.63,0.0,754.841
18.38,1.22,113.35,0.0,630.368
18.78,1.32,107.43,0.0,418.725
15.66,0.66,92.43,0.0,146.795
13.8,0.66,0.0,0.0,0.0
10.66,0.0,0.0,0.0,0.0
11.05,0.0,0.0,0.0,0.0
9.76,0.0,0.0,0.0,0.0
9.36,0.0,0.0,0.0,0.0
10.28,0.0,0.0,0.0,0.0
8.99,0.0,0.0,0.0,0.0
9.36,0.0,0.0,0.0,0.0
8.67,0.0,0.0,0.0,0.0
9.75,0.0,0.0,0.0,0.0
9.37,0.0,0.0,0.0,0.0
9.51,0.0,0.0,0.0,0.0
11.95,0.38,0.0,0.0,0.0
12.6,0.38,28.53,0.0,113.979
13.1,0.38,62.25,0.0,357.64
13.8,0.38,57.76,0.0,539.085
13.58,0.38,64.13,0.0,703.693
12.66,0.56,67.59,0.0,793.095
12.66,0.56,73.05,0.0,824.505
13.26,0.85,74.24,0.0,822.816
13.96,0.56,74.23,0.0,753.725
13.8,0.38,71.49,0.0,604.126
13.69,0.38,71.03,0.0,400.65
14.37,0.38,67.81,0.0,143.888
10.81,0.0,7.9,0.0,0.0
10.61,0.0,0.0,0.0,0.0
10.17,0.0,0.0,0.0,0.0
9.4,0.0,0.0,0.0,0.0
10.06,0.0,0.0,0.0,0.0
9.11,0.0,0.0,0.0,0.0
10.79,0.0,0.0,0.0,0.0
13.11,0.0,0.0,0.0,0.0
12.13,0.0,0.0,0.0,0.0
11.35,0.0,0.0,0.0,0.0
13.25,0.0,0.0,0.0,0.0
11.8,0.0,0.0,0.0,0.0
14.2,0.66,1.63,0.0,0.0
23.86,1.78,0.0,0.0,106.031
52.81,3.29,0.0,0.0,270.587
44.65,3.57,0.0,0.0,515.314
42.42,3.66,0.0,0.0,679.191
48.33,4.38,0.0,0.0,793.3610000000001
44.47,5.22,0.0,0.0,822.193
46.6,4.94,0.0,0.0,797.862
47.73,3.11,0.0,0.0,723.076
42.17,3.02,0.0,0.0,554.682
49.51,4.03,0.0,0.0,342.216
35.43,2.38,0.0,0.0,102.953
17.66,1.93,0.0,0.0,0.0
15.31,1.35,0.0,0.0,0.0
15.31,1.56,0.0,0.0,0.0
15.98,0.74,0.0,0.0,0.0
15.13,0.47,0.0,0.0,0.0
13.92,0.47,0.0,0.0,0.0
10.31,0.0,0.0,0.0,0.0
10.22,0.0,0.0,0.0,0.0
10.15,0.0,0.0,0.0,0.0
10.54,0.0,0.0,0.0,0.0
10.21,0.0,0.0,0.0,0.0
10.64,0.0,0.0,0.0,0.0
13.85,0.66,0.0,0.0,0.0
26.42,1.78,0.0,0.0,114.474
52.0,3.28,0.0,0.0,281.555
42.69,3.56,0.0,0.0,425.761
48.89,3.66,0.0,0.0,544.663
53.5,4.35,0.0,0.0,633.377
49.26,5.21,0.0,0.0,622.498
53.19,4.94,0.0,0.0,610.105
44.04,3.11,0.0,0.0,533.623
45.26,3.02,0.0,0.0,380.253
44.51,4.03,0.0,0.0,214.61900000000003
36.71,2.37,0.0,0.0,55.53
18.4,1.93,0.0,0.0,0.0
16.01,1.36,0.0,0.0,0.0
14.92,1.55,0.0,0.0,0.0
16.05,0.75,0.0,0.0,0.0
16.63,0.47,0.0,0.0,0.0
18.18,0.47,0.0,0.0,0.0
13.53,0.0,0.0,0.0,0.0
12.37,0.0,0.0,0.0,0.0
13.68,0.0,0.0,0.0,0.0
14.61,0.0,0.0,0.0,0.0
15.18,0.0,0.0,0.0,0.0
13.6,0.0,0.0,0.0,0.0
15.68,0.66,0.0,0.0,0.0
29.68,1.78,0.0,0.0,113.963
63.3,3.28,0.0,0.0,282.331
51.32,3.56,0.0,0.0,452.458
53.54,3.65,0.0,0.0,556.008
51.29,4.34,0.0,0.0,616.7130000000001
52.25,5.21,0.0,0.0,581.581
49.87,4.94,0.0,0.0,570.061
45.33,3.11,0.0,0.0,518.172
51.47,3.01,2.77,0.0,399.27
49.6,4.02,5.36,0.0,223.836
42.49,2.37,5.32,0.0,55.3368
21.92,1.92,3.39,0.0,0.0
19.82,1.37,0.39,0.0,0.0
20.45,1.54,0.0,0.0,0.0
19.16,0.73,2.85,0.0,0.0
19.16,0.47,0.0,0.0,0.0
18.64,0.47,0.0,0.0,0.0
14.96,0.0,0.0,0.0,0.0
14.24,0.0,0.0,0.0,0.0
13.28,0.0,0.0,0.0,0.0
13.94,0.0,0.0,0.0,0.0
13.22,0.0,0.0,0.0,0.0
12.41,0.0,0.0,0.0,0.0
16.88,0.65,0.0,0.0,0.0
30.25,1.78,0.0,0.0,111.135
64.06,3.27,0.0,0.0,266.243
55.49,3.55,0.0,0.0,403.442
50.39,3.65,0.0,0.0,512.665
56.94,4.32,0.0,0.0,606.091
55.15,5.2,0.0,0.0,592.1080000000001
59.07,4.92,0.0,0.0,584.984
52.13,3.1,0.0,0.0,513.362
50.81,3.01,0.0,0.0,378.485
50.37,4.02,0.0,0.0,210.709
40.54,2.37,0.0,0.0,52.5062
18.09,1.92,0.0,0.0,0.0
17.11,1.34,0.0,0.0,0.0
17.83,1.56,0.0,0.0,0.0
14.61,0.74,0.0,0.0,0.0
16.5,0.47,0.0,0.0,0.0
17.04,0.47,0.0,0.0,0.0
11.92,0.0,0.0,0.0,0.0
11.46,0.0,0.0,0.0,0.0
10.37,0.0,0.0,0.0,0.0
11.6,0.0,0.0,0.0,0.0
12.93,0.0,0.0,0.0,0.0
12.15,0.0,0.0,0.0,0.0
14.96,0.65,0.0,0.0,0.0
26.61,1.77,0.0,0.0,114.486
55.97,3.27,0.0,0.0,284.247
51.08,3.55,0.0,0.0,415.739
45.92,3.64,0.0,0.0,484.299
53.85,4.33,0.0,0.0,612.6619999999999
54.96,5.19,0.0,0.0,672.211
54.28,4.93,0.0,0.0,652.9159999999999
50.37,3.1,0.0,0.0,559.558
53.46,3.01,0.0,0.0,449.578
58.33,4.01,0.0,0.0,278.92900000000003
47.69,2.37,0.0,0.0,89.4342
21.46,1.91,0.0,0.0,0.0
17.0,1.36,0.0,0.0,0.0
15.32,1.52,0.0,0.0,0.0
14.67,0.72,0.0,0.0,0.0
15.56,0.46,0.0,0.0,0.0
15.18,0.47,0.0,0.0,0.0
10.06,0.0,0.0,0.0,0.0
9.67,0.0,0.0,0.0,0.0
8.46,0.0,0.0,0.0,0.0
7.72,0.0,0.0,0.0,0.0
9.14,0.0,0.0,0.0,0.0
10.18,0.0,0.0,0.0,0.0
18.18,0.65,0.0,0.0,0.0
25.33,1.03,0.0,0.0,120.466
29.01,1.4,7.65,0.0,319.04
32.41,1.96,20.29,0.0,525.185
28.76,1.77,33.18,0.0,655.395
29.61,2.14,50.77,0.0,742.324
20.56,1.86,58.05,0.0,779.44
19.35,1.77,60.48,0.0,732.427
16.8,1.4,60.45,0.0,642.243
16.45,1.21,59.17,0.0,473.55
17.17,1.31,57.59,0.0,300.538
13.94,0.65,53.67,0.0,92.0994
10.96,0.65,0.0,0.0,0.0
8.87,0.0,0.0,0.0,0.0
8.63,0.0,0.0,0.0,0.0
9.05,0.0,0.0,0.0,0.0
9.23,0.0,0.0,0.0,0.0
9.95,0.0,0.0,0.0,0.0
9.33,0.0,0.0,0.0,0.0
9.36,0.0,0.0,0.0,0.0
8.46,0.0,0.0,0.0,0.0
7.78,0.0,0.0,0.0,0.0
7.66,0.0,0.0,0.0,0.0
10.06,0.37,0.0,0.0,0.0
9.77,0.37,0.0,0.0,0.0
11.21,0.37,0.0,0.0,123.373
12.59,0.37,22.69,0.0,332.26300000000003
11.24,0.37,25.04,0.0,541.315
11.6,0.56,0.0,0.0,647.101
11.09,0.56,20.59,0.0,743.993
9.86,0.84,39.24,0.0,727.927
10.81,0.56,53.46,0.0,700.345
10.19,0.37,17.56,0.0,635.9540000000001
11.47,0.37,33.01,0.0,482.55
10.45,0.37,38.64,0.0,293.338
8.96,0.0,0.0,0.0,86.36200000000001
9.16,0.0,0.0,0.0,0.0
9.23,0.0,0.0,0.0,0.0
9.37,0.0,0.0,0.0,0.0
9.67,0.0,0.0,0.0,0.0
9.84,0.0,0.0,0.0,0.0
10.56,0.0,0.0,0.0,0.0
13.2,0.0,0.0,0.0,0.0
13.99,0.0,0.0,0.0,0.0
12.85,0.0,0.0,0.0,0.0
13.24,0.0,0.0,0.0,0.0
12.49,0.0,0.0,0.0,0.0
15.72,0.65,0.0,0.0,0.0
28.62,1.77,8.94,0.0,0.0
55.27,3.25,31.16,0.0,136.262
52.57,3.53,50.8,0.0,400.492
51.9,3.63,67.61,0.0,610.535
58.89,4.34,82.98,0.0,726.6439999999999
53.98,5.17,90.74,0.0,808.436
48.77,4.9,101.83,0.0,770.9019999999999
42.67,3.08,103.57,0.0,757.943
46.87,2.99,109.62,0.0,720.459
53.99,3.99,113.03,0.0,544.258
43.86,2.35,97.08,0.0,316.982
20.96,1.91,79.43,0.0,86.5689
18.81,1.36,76.81,0.0,0.0
19.59,1.52,75.13,0.0,0.0
17.85,0.72,70.98,0.0,0.0
16.02,0.46,0.0,0.0,0.0
14.63,0.46,0.0,0.0,0.0
12.75,0.0,0.0,0.0,0.0
12.61,0.0,0.0,0.0,0.0
11.7,0.0,0.0,0.0,0.0
11.29,0.0,0.0,0.0,0.0
12.1,0.0,0.0,0.0,0.0
10.71,0.0,0.0,0.0,0.0
13.44,0.65,75.32,0.0,0.0
25.12,1.76,77.37,0.0,0.0
57.56,3.25,87.87,0.0,112.296
45.03,3.53,92.15,0.0,257.11
44.72,3.62,94.48,0.0,397.351
51.34,4.3,99.65,0.0,500.022
57.66,5.16,105.64,0.0,588.055
51.87,4.89,110.89,0.0,639.43
43.57,3.08,114.4,0.0,609.7869999999999
39.34,2.99,119.62,0.0,524.4490000000001
40.07,3.98,125.15,0.0,442.24
35.5,2.35,108.8,0.0,274.754
19.64,1.91,95.7,0.0,87.2161
15.91,1.35,89.08,0.0,0.0
18.1,1.52,83.19,0.0,0.0
17.74,0.74,78.88,0.0,0.0
18.22,0.46,0.0,0.0,0.0
18.2,0.46,0.0,0.0,0.0
14.05,0.0,0.0,0.0,0.0
14.88,0.0,0.0,0.0,0.0
14.78,0.0,0.0,0.0,0.0
13.99,0.0,0.0,0.0,0.0
13.31,0.0,0.0,0.0,0.0
14.52,0.0,0.0,0.0,0.0
17.97,0.65,53.9,0.0,0.0
31.52,1.76,60.55,0.0,0.0
66.93,3.24,73.54,0.0,128.569
59.21,3.52,77.47,0.0,314.735
51.24,3.61,80.45,0.0,456.885
56.92,4.31,74.64,0.0,567.6990000000001
55.33,5.15,71.92,0.0,610.408
56.58,4.88,78.04,0.0,798.674
56.42,3.07,81.25,0.0,833.3330000000001
58.02,2.98,81.75,0.0,824.086
59.25,3.98,80.77,0.0,694.538
43.24,2.35,59.31,0.0,503.119
19.0,1.91,38.11,0.0,197.954
17.27,1.33,26.4,0.0,0.0
18.73,1.55,21.16,0.0,0.0
15.72,0.74,16.18,0.0,0.0
15.7,0.46,0.0,0.0,0.0
16.53,0.46,0.0,0.0,0.0
13.85,0.0,0.0,0.0,0.0
14.53,0.0,0.0,0.0,0.0
14.24,0.0,0.0,0.0,0.0
13.31,0.0,0.0,0.0,0.0
12.39,0.0,0.0,0.0,0.0
13.6,0.0,0.0,0.0,0.0
17.55,0.65,0.0,0.0,0.0
31.58,1.76,0.0,0.0,0.0
66.02,3.24,0.0,0.0,154.69799999999998
52.24,3.52,0.0,0.0,429.473
48.85,3.61,5.5,0.0,644.435
44.13,4.3,11.02,0.0,790.5889999999999
41.66,5.15,17.48,0.0,833.3330000000001
41.96,4.87,26.47,0.0,833.3330000000001
44.21,3.07,31.35,0.0,833.3330000000001
45.91,2.98,34.02,0.0,798.5939999999999
51.1,3.97,37.95,0.0,616.38
40.68,2.35,35.09,0.0,378.611
18.4,1.89,26.52,0.0,143.747
14.36,1.34,18.92,0.0,0.0
15.65,1.56,12.18,0.0,0.0
15.71,0.73,3.25,0.0,0.0
15.56,0.46,0.0,0.0,0.0
15.89,0.46,0.0,0.0,0.0
13.67,0.0,0.0,0.0,0.0
14.59,0.0,0.0,0.0,0.0
15.46,0.0,0.0,0.0,0.0
15.46,0.0,0.0,0.0,0.0
14.82,0.0,0.0,0.0,0.0
15.28,0.0,0.0,0.0,0.0
17.84,0.65,0.0,0.0,0.0
30.21,1.76,0.0,0.0,0.0
58.51,3.23,3.72,0.0,148.16899999999998
49.19,3.51,23.27,0.0,426.709
46.27,3.6,37.94,0.0,634.539
44.15,4.29,54.68,0.0,748.8969999999999
47.84,5.14,63.44,0.0,794.0830000000001
50.96,4.87,67.11,0.0,808.557
48.31,3.06,70.2,0.0,784.398
47.63,2.97,75.81,0.0,725.732
55.33,3.96,77.84,0.0,562.8580000000001
41.72,2.35,69.46,0.0,369.265
21.5,1.88,58.59,0.0,133.839
20.0,1.36,52.22,0.0,0.0
18.85,1.55,48.02,0.0,0.0
15.53,0.73,44.46,0.0,0.0
15.58,0.46,0.0,0.0,0.0
15.05,0.46,0.0,0.0,0.0
11.89,0.0,0.0,0.0,0.0
8.75,0.0,0.0,0.0,0.0
8.97,0.0,0.0,0.0,0.0
8.05,0.0,0.0,0.0,0.0
7.76,0.0,0.0,0.0,0.0
8.99,0.0,0.0,0.0,0.0
13.38,0.65,45.1,0.0,0.0
17.2,1.01,59.21,0.0,0.0
22.65,1.38,70.19,0.0,133.009
24.35,1.94,74.79,0.0,297.956
26.2,1.75,80.48,0.0,449.861
25.16,2.12,83.1,0.0,573.622
18.97,1.84,82.86,0.0,601.6030000000001
15.33,1.75,83.85,0.0,649.552
15.07,1.38,87.01,0.0,636.515
15.93,1.2,89.65,0.0,561.336
17.49,1.29,87.97,0.0,456.149
14.04,0.65,86.21,0.0,268.836
10.88,0.65,0.0,0.0,85.2758
8.65,0.0,0.0,0.0,0.0
9.01,0.0,0.0,0.0,0.0
9.94,0.0,0.0,0.0,0.0
9.41,0.0,0.0,0.0,0.0
10.48,0.0,0.0,0.0,0.0
11.1,0.0,0.0,0.0,0.0
10.75,0.0,0.0,0.0,0.0
10.25,0.0,0.0,0.0,0.0
9.76,0.0,0.0,0.0,0.0
9.31,0.0,0.0,0.0,0.0
9.95,0.0,0.0,0.0,0.0
12.04,0.37,0.0,0.0,0.0
12.74,0.37,0.0,0.0,0.0
13.22,0.37,0.0,0.0,124.128
12.04,0.37,44.91,0.0,297.905
12.47,0.37,59.74,0.0,502.991
12.85,0.55,75.44,0.0,617.988
13.19,0.55,77.62,0.0,712.797
13.96,0.83,67.02,0.0,759.6360000000001
13.16,0.55,76.8,0.0,664.0989999999999
13.63,0.37,63.2,0.0,568.9259999999999
14.37,0.37,40.54,0.0,391.234
14.37,0.37,38.36,0.0,229.08900000000003
10.76,0.0,7.84,0.0,74.8952
11.21,0.0,0.0,0.0,0.0
11.24,0.0,0.0,0.0,0.0
10.07,0.0,0.0,0.0,0.0
9.12,0.0,0.0,0.0,0.0
8.03,0.0,0.0,0.0,0.0
8.25,0.0,0.0,0.0,0.0
12.55,0.0,0.0,0.0,0.0
11.26,0.0,0.0,0.0,0.0
12.5,0.0,0.0,0.0,0.0
12.5,0.0,0.0,0.0,0.0
13.93,0.0,0.0,0.0,0.0
18.35,0.64,0.0,0.0,0.0
28.76,1.75,0.0,0.0,0.0
54.58,3.22,0.0,0.0,127.118
41.95,3.49,0.0,0.0,288.525
39.06,3.59,0.0,0.0,461.471
42.03,4.29,0.0,0.0,573.91
42.79,5.11,0.0,0.0,658.936
47.9,4.84,0.0,0.0,637.002
46.36,3.05,0.0,0.0,608.672
51.36,2.96,0.0,0.0,530.189
57.09,3.94,0.0,0.0,379.875
45.02,2.34,0.0,0.0,212.854
21.2,1.87,0.0,0.0,55.9339
19.47,1.33,0.0,0.0,0.0
20.37,1.54,0.0,0.0,0.0
19.16,0.73,0.0,0.0,0.0
19.16,0.46,0.0,0.0,0.0
17.38,0.46,0.0,0.0,0.0
13.76,0.0,0.0,0.0,0.0
14.34,0.0,0.0,0.0,0.0
14.89,0.0,0.0,0.0,0.0
13.32,0.0,0.0,0.0,0.0
11.99,0.0,0.0,0.0,0.0
11.83,0.0,0.0,0.0,0.0
15.34,0.64,0.0,0.0,0.0
23.8,1.74,0.0,0.0,0.0
59.63,3.21,0.0,0.0,157.04
51.63,3.49,0.0,0.0,420.781
50.16,3.58,0.0,0.0,653.374
53.97,4.27,0.0,0.0,777.847
50.39,5.1,6.61,0.0,833.3330000000001
44.85,4.83,21.13,0.0,833.3330000000001
42.12,3.04,32.96,0.0,833.3330000000001
40.5,2.96,35.43,0.0,823.19
40.99,3.94,33.82,0.0,655.225
36.54,2.32,26.47,0.0,417.347
17.14,1.89,14.27,0.0,143.275
14.64,1.33,6.01,0.0,0.0
16.56,1.51,0.95,0.0,0.0
15.81,0.73,0.0,0.0,0.0
13.94,0.46,0.0,0.0,0.0
15.04,0.46,0.0,0.0,0.0
13.11,0.0,0.0,0.0,0.0
13.3,0.0,0.0,0.0,0.0
13.18,0.0,0.0,0.0,0.0
13.85,0.0,0.0,0.0,0.0
14.7,0.0,0.0,0.0,0.0
14.42,0.0,0.0,0.0,0.0
17.25,0.64,0.0,0.0,0.0
31.25,1.74,0.0,0.0,0.0
64.97,3.21,16.33,0.0,156.809
54.38,3.48,51.91,0.0,400.974
56.47,3.57,71.49,0.0,617.0509999999999
54.01,4.27,87.11,0.0,767.289
51.74,5.09,93.02,0.0,825.8789999999999
51.54,4.82,102.73,0.0,831.436
44.67,3.04,104.09,0.0,821.133
39.98,2.95,109.43,0.0,708.2610000000001
49.24,3.93,111.13,0.0,526.232
42.38,2.32,95.26,0.0,303.941
18.89,1.88,81.75,0.0,89.0808
17.23,1.34,78.87,0.0,0.0
15.36,1.5,74.8,0.0,0.0
15.18,0.71,67.21,0.0,0.0
15.57,0.46,0.0,0.0,0.0
13.65,0.46,0.0,0.0,0.0
13.23,0.0,0.0,0.0,0.0
11.65,0.0,0.0,0.0,0.0
11.01,0.0,0.0,0.0,0.0
13.02,0.0,0.0,0.0,0.0
12.46,0.0,0.0,0.0,0.0
13.2,0.0,0.0,0.0,0.0
17.73,0.64,37.64,0.0,0.0
30.85,1.74,33.0,0.0,0.0
68.71,3.2,38.45,0.0,153.347
56.91,3.48,41.53,0.0,401.67800000000005
58.02,3.57,49.36,0.0,609.047
60.44,4.24,65.81,0.0,772.462
61.69,5.09,72.08,0.0,833.3330000000001
62.45,4.82,76.41,0.0,833.3330000000001
53.2,3.03,80.74,0.0,775.831
47.1,2.94,91.54,0.0,768.007
52.74,3.92,94.55,0.0,568.784
42.95,2.32,84.37,0.0,367.418
19.1,1.87,72.17,0.0,138.195
16.87,1.31,62.46,0.0,0.0
16.49,1.53,56.56,0.0,0.0
13.49,0.73,52.19,0.0,0.0
15.45,0.46,0.0,0.0,0.0
15.74,0.46,0.0,0.0,0.0
13.68,0.0,0.0,0.0,0.0
13.17,0.0,0.0,0.0,0.0
13.38,0.0,0.0,0.0,0.0
12.21,0.0,0.0,0.0,0.0
12.11,0.0,0.0,0.0,0.0
12.14,0.0,0.0,0.0,0.0
16.53,0.64,3.92,0.0,0.0
25.3,1.73,1.17,0.0,0.0
56.99,3.2,25.99,0.0,130.65200000000002
47.59,3.47,56.22,0.0,321.393
47.42,3.56,84.46,0.0,539.246
51.23,4.25,94.91,0.0,685.422
48.98,5.07,99.15,0.0,745.6210000000001
53.33,4.8,101.34,0.0,754.4889999999999
54.09,3.03,99.07,0.0,707.179
48.28,2.94,98.42,0.0,623.862
49.56,3.92,95.27,0.0,465.35
41.55,2.31,79.57,0.0,281.961
19.54,1.87,68.49,0.0,90.5979
17.24,1.33,64.39,0.0,0.0
18.5,1.49,60.6,0.0,0.0
17.38,0.71,60.45,0.0,0.0
18.85,0.45,0.0,0.0,0.0
16.94,0.46,0.0,0.0,0.0
14.56,0.0,0.0,0.0,0.0
10.82,0.0,0.0,0.0,0.0
11.2,0.0,0.0,0.0,0.0
11.28,0.0,0.0,0.0,0.0
11.06,0.0,0.0,0.0,0.0
11.6,0.0,0.0,0.0,0.0
19.16,0.64,71.08,0.0,0.0
25.61,1.0,73.14,0.0,0.0
27.11,1.37,78.46,0.0,141.007
28.21,1.91,87.34,0.0,330.737
23.54,1.73,97.84,0.0,513.8290000000001
25.35,2.1,107.76,0.0,656.923
21.81,1.82,111.1,0.0,731.932
19.18,1.73,112.28,0.0,720.24
18.22,1.37,110.6,0.0,650.9169999999999
16.95,1.18,110.7,0.0,589.476
17.88,1.28,110.34,0.0,448.249
15.52,0.64,102.27,0.0,270.808
13.15,0.64,0.0,0.0,77.4559
10.71,0.0,0.0,0.0,0.0
10.49,0.0,0.0,0.0,0.0
10.57,0.0,0.0,0.0,0.0
10.02,0.0,0.0,0.0,0.0
10.77,0.0,0.0,0.0,0.0
10.12,0.0,0.0,0.0,0.0
9.96,0.0,0.0,0.0,0.0
9.91,0.0,0.0,0.0,0.0
9.45,0.0,0.0,0.0,0.0
10.19,0.0,0.0,0.0,0.0
9.75,0.0,0.0,0.0,0.0
12.53,0.36,0.0,0.0,0.0
11.9,0.36,0.0,0.0,0.0
11.52,0.36,0.0,0.0,125.327
12.78,0.36,0.0,0.0,258.838
11.4,0.36,10.13,0.0,382.705
11.92,0.55,31.37,0.0,525.51
13.12,0.55,56.67,0.0,605.577
11.62,0.82,58.55,0.0,686.87
11.8,0.55,40.0,0.0,638.318
11.18,0.36,16.92,0.0,548.965
10.7,0.36,12.72,0.0,446.38
10.47,0.36,9.49,0.0,268.199
9.91,0.0,0.0,0.0,87.9959
10.18,0.0,0.0,0.0,0.0
10.96,0.0,0.0,0.0,0.0
11.18,0.0,0.0,0.0,0.0
10.61,0.0,0.0,0.0,0.0
10.38,0.0,0.0,0.0,0.0
11.22,0.0,0.0,0.0,0.0
14.39,0.0,0.0,0.0,0.0
15.33,0.0,0.0,0.0,0.0
15.46,0.0,0.0,0.0,0.0
15.46,0.0,0.0,0.0,0.0
14.16,0.0,0.0,0.0,0.0
16.63,0.64,0.0,0.0,0.0
29.3,1.72,0.0,0.0,0.0
62.91,3.18,0.0,0.0,131.138
54.66,3.45,6.86,0.0,293.685
50.98,3.54,13.69,0.0,444.768
52.34,4.25,22.14,0.0,572.781
47.86,5.05,26.74,0.0,638.365
45.26,4.77,34.99,0.0,698.393
42.81,3.01,47.5,0.0,652.764
44.65,2.92,47.69,0.0,574.505
47.83,3.9,46.24,0.0,471.828
34.0,2.3,41.0,0.0,282.069
15.98,1.86,33.23,0.0,90.9889
15.25,1.32,29.25,0.0,0.0
17.73,1.49,27.53,0.0,0.0
16.33,0.7,22.56,0.0,0.0
16.22,0.45,0.0,0.0,0.0
14.16,0.45,0.0,0.0,0.0
12.7,0.0,0.0,0.0,0.0
12.71,0.0,0.0,0.0,0.0
14.09,0.0,0.0,0.0,0.0
13.55,0.0,0.0,0.0,0.0
13.79,0.0,0.0,0.0,0.0
13.23,0.0,0.0,0.0,0.0
17.27,0.63,0.0,0.0,0.0
27.22,1.72,0.0,0.0,0.0
61.59,3.17,4.73,0.0,175.06900000000002
50.55,3.44,11.96,0.0,448.858
46.14,3.53,19.82,0.0,671.788
48.49,4.21,32.11,0.0,824.512
44.79,5.04,40.67,0.0,833.3330000000001
49.99,4.76,48.61,0.0,833.3330000000001
43.25,3.0,51.33,0.0,833.3330000000001
40.03,2.92,51.75,0.0,833.3330000000001
44.09,3.89,49.51,0.0,654.15
33.97,2.29,38.98,0.0,429.99300000000005
19.75,1.86,27.54,0.0,163.183
16.06,1.32,20.97,0.0,0.0
15.69,1.48,17.26,0.0,0.0
16.55,0.7,12.1,0.0,0.0
16.6,0.45,0.0,0.0,0.0
15.67,0.45,0.0,0.0,0.0
13.99,0.0,0.0,0.0,0.0
13.52,0.0,0.0,0.0,0.0
12.86,0.0,0.0,0.0,0.0
13.06,0.0,0.0,0.0,0.0
12.96,0.0,0.0,0.0,0.0
12.2,0.0,0.0,0.0,0.0
17.05,0.63,0.0,0.0,0.0
31.16,1.72,0.0,0.0,0.0
69.25,3.17,0.0,0.0,162.864
60.44,3.44,0.0,0.0,357.34
58.02,3.53,4.47,0.0,530.368
55.29,4.2,7.74,0.0,647.345
56.9,5.03,10.48,0.0,669.062
50.36,4.75,11.43,0.0,647.62
51.94,3.0,8.85,0.0,617.725
50.07,2.91,7.52,0.0,544.72
55.3,3.88,7.18,0.0,404.429
39.51,2.29,4.6,0.0,231.257
17.75,1.85,0.88,0.0,68.6959
14.18,1.33,0.0,0.0,0.0
17.32,1.49,0.0,0.0,0.0
16.35,0.7,0.0,0.0,0.0
14.55,0.45,0.0,0.0,0.0
14.41,0.45,0.0,0.0,0.0
12.6,0.0,0.0,0.0,0.0
12.72,0.0,0.0,0.0,0.0
12.18,0.0,0.0,0.0,0.0
11.33,0.0,0.0,0.0,0.0
10.52,0.0,0.0,0.0,0.0
11.46,0.0,0.0,0.0,0.0
14.3,0.63,12.18,0.0,0.0
23.89,1.71,23.62,0.0,30.9565
59.04,3.16,42.52,0.0,158.884
45.04,3.43,63.15,0.0,344.409
47.57,3.52,79.69,0.0,509.051
46.89,4.19,89.85,0.0,631.7959999999999
53.61,5.02,93.21,0.0,648.937
54.47,4.74,92.58,0.0,594.394
49.67,2.99,85.53,0.0,541.242
45.1,2.91,84.03,0.0,476.734
45.8,3.87,88.42,0.0,349.779
37.45,2.29,90.75,0.0,199.549
20.69,1.84,86.04,0.0,52.7907
19.43,1.33,83.99,0.0,0.0
17.56,1.49,82.32,0.0,0.0
17.15,0.71,80.87,0.0,0.0
17.05,0.45,0.0,0.0,0.0
18.07,0.45,0.0,0.0,0.0
14.91,0.0,0.0,0.0,0.0
13.28,0.0,0.0,0.0,0.0
11.58,0.0,0.0,0.0,0.0
11.25,0.0,0.0,0.0,0.0
11.57,0.0,0.0,0.0,0.0
11.51,0.0,0.0,0.0,0.0
16.51,0.63,102.86,0.0,0.0
29.34,1.71,97.45,0.0,26.8028
58.47,3.15,106.38,0.0,131.031
48.31,3.42,111.28,0.0,264.285
42.06,3.51,115.55,0.0,398.832
51.82,4.19,107.27,0.0,476.56
57.94,5.0,99.04,0.0,557.116
54.31,4.74,100.7,0.0,572.055
51.42,2.99,98.96,0.0,585.581
50.03,2.9,95.73,0.0,520.039
54.35,3.86,89.76,0.0,425.349
41.87,2.28,72.36,0.0,258.88
19.12,1.83,65.69,0.0,86.3497
15.25,1.34,67.74,0.0,0.0
17.95,1.5,73.02,0.0,0.0
14.33,0.71,74.94,0.0,0.0
13.97,0.45,0.0,0.0,0.0
15.34,0.45,0.0,0.0,0.0
11.25,0.0,0.0,0.0,0.0
8.74,0.0,0.0,0.0,0.0
9.08,0.0,0.0,0.0,0.0
8.52,0.0,0.0,0.0,0.0
9.46,0.0,0.0,0.0,0.0
9.92,0.0,0.0,0.0,0.0
17.47,0.63,16.84,0.0,0.0
20.5,0.99,29.14,0.0,30.9545
24.23,1.35,48.57,0.0,150.549
23.33,1.89,46.71,0.0,319.675
23.73,1.71,53.42,0.0,503.391
29.37,2.07,68.07,0.0,642.626
22.64,1.8,88.23,0.0,766.5219999999999
17.4,1.71,89.79,0.0,832.7610000000001
13.99,1.35,85.88,0.0,773.347
13.13,1.17,83.7,0.0,707.07
15.07,1.26,76.83,0.0,570.923
12.3,0.63,65.28,0.0,375.798
10.3,0.63,18.25,0.0,135.27
9.88,0.0,0.0,0.0,0.0
10.3,0.0,0.0,0.0,0.0
9.01,0.0,0.0,0.0,0.0
9.09,0.0,0.0,0.0,0.0
8.34,0.0,0.0,0.0,0.0
9.24,0.0,0.0,0.0,0.0
10.4,0.0,0.0,0.0,0.0
10.31,0.0,0.0,0.0,0.0
9.26,0.0,0.0,0.0,0.0
8.98,0.0,0.0,0.0,0.0
9.51,0.0,0.0,0.0,0.0
12.49,0.36,0.0,0.0,0.0
11.74,0.36,0.0,0.0,34.7279
11.67,0.36,0.0,0.0,169.273
13.04,0.36,0.0,0.0,361.106
11.66,0.36,0.0,0.0,524.706
12.13,0.54,0.0,0.0,668.921
11.65,0.54,0.0,0.0,771.628
10.66,0.81,22.26,0.0,789.507
9.79,0.54,29.12,0.0,757.466
9.68,0.36,25.03,0.0,711.357
9.4,0.36,36.61,0.0,553.431
11.86,0.36,38.6,0.0,364.357
9.87,0.0,23.64,0.0,131.158
10.48,0.0,0.0,0.0,0.0
10.56,0.0,0.0,0.0,0.0
10.37,0.0,0.0,0.0,0.0
11.05,0.0,0.0,0.0,0.0
11.33,0.0,0.0,0.0,0.0
11.6,0.0,0.0,0.0,0.0
14.89,0.0,0.0,0.0,0.0
13.95,0.0,0.0,0.0,0.0
12.4,0.0,0.0,0.0,0.0
13.46,0.0,0.0,0.0,0.0
13.39,0.0,0.0,0.0,0.0
17.37,0.63,0.0,0.0,0.0
30.33,1.7,2.13,0.0,27.1493
56.5,3.13,26.07,0.0,185.817
53.52,3.4,44.95,0.0,456.343
55.39,3.49,59.72,0.0,659.243
60.44,4.2,69.55,0.0,793.92
61.69,4.97,77.3,0.0,833.3330000000001
57.19,4.71,90.64,0.0,833.3330000000001
52.32,2.97,95.83,0.0,833.3330000000001
56.26,2.88,99.25,0.0,801.67
58.66,3.83,101.16,0.0,627.814
42.88,2.27,92.63,0.0,476.468
21.33,1.82,77.31,0.0,185.036
16.46,1.29,63.2,0.0,0.0
16.92,1.51,57.96,0.0,0.0
14.04,0.71,52.77,0.0,0.0
13.76,0.45,0.0,0.0,0.0
16.25,0.45,0.0,0.0,0.0
12.21,0.0,0.0,0.0,0.0
12.25,0.0,0.0,0.0,0.0
12.69,0.0,0.0,0.0,0.0
12.1,0.0,0.0,0.0,0.0
13.4,0.0,0.0,0.0,0.0
13.68,0.0,0.0,0.0,0.0
17.26,0.63,65.07,0.0,0.0
28.31,1.7,72.3,0.0,24.5658
55.0,3.13,89.49,0.0,179.767
51.49,3.4,100.56,0.0,397.689
52.63,3.48,108.56,0.0,572.741
56.3,4.17,115.11,0.0,673.044
51.05,4.96,119.34,0.0,724.1260000000001
49.02,4.71,127.36,0.0,757.653
51.38,2.96,131.54,0.0,732.796
47.41,2.87,138.24,0.0,635.67
52.18,3.83,140.63,0.0,483.176
40.49,2.26,116.8,0.0,293.383
18.16,1.84,102.42,0.0,108.31
15.4,1.29,96.08,0.0,0.0
17.74,1.45,91.82,0.0,0.0
17.74,0.69,87.47,0.0,0.0
18.56,0.44,0.0,0.0,0.0
16.89,0.45,0.0,0.0,0.0
13.02,0.0,0.0,0.0,0.0
11.83,0.0,0.0,0.0,0.0
13.16,0.0,0.0,0.0,0.0
13.04,0.0,0.0,0.0,0.0
12.93,0.0,0.0,0.0,0.0
13.86,0.0,0.0,0.0,0.0
18.06,0.62,101.9,0.0,0.0
27.65,1.69,100.93,0.0,36.927
52.85,3.12,110.72,0.0,167.392
44.84,3.39,120.59,0.0,345.612
47.21,3.48,137.67,0.0,531.059
53.53,4.15,155.34,0.0,658.784
53.29,4.95,164.7,0.0,738.507
53.91,4.69,165.83,0.0,731.6469999999999
49.64,2.96,167.06,0.0,698.1389999999999
43.54,2.87,169.75,0.0,596.72
44.76,3.82,168.42,0.0,481.177
39.77,2.26,139.24,0.0,294.703
17.83,1.82,115.07,0.0,117.076
17.71,1.28,109.3,0.0,0.0
17.78,1.47,108.4,0.0,0.0
17.09,0.71,105.43,0.0,0.0
16.81,0.45,0.0,0.0,0.0
14.7,0.45,0.0,0.0,0.0
12.4,0.0,0.0,0.0,0.0
11.57,0.0,0.0,0.0,0.0
12.05,0.0,0.0,0.0,0.0
12.01,0.0,0.0,0.0,0.0
12.22,0.0,0.0,0.0,0.0
13.78,0.0,0.0,0.0,0.0
14.91,0.62,118.67,0.0,0.0
23.2,1.69,113.66,0.0,28.74
46.56,3.11,135.1,0.0,180.984
42.94,3.38,143.81,0.0,402.35
45.2,3.47,155.68,0.0,577.745
52.42,4.15,162.82,0.0,704.363
58.53,4.95,162.78,0.0,751.6039999999999
62.45,4.68,172.87,0.0,755.2869999999999
58.02,2.94,177.66,0.0,709.745
56.73,2.87,181.33,0.0,619.514
61.64,3.82,178.45,0.0,471.878
46.7,2.25,149.91,0.0,287.813
23.26,1.81,126.01,0.0,112.517
19.12,1.32,116.1,0.0,0.0
18.05,1.48,111.27,0.0,0.0
14.96,0.7,109.46,0.0,0.0
13.59,0.44,0.0,0.0,0.0
15.65,0.44,0.0,0.0,0.0
12.81,0.0,0.0,0.0,0.0
11.18,0.0,0.0,0.0,0.0
11.58,0.0,0.0,0.0,0.0
10.67,0.0,0.0,0.0,0.0
12.21,0.0,0.0,0.0,0.0
12.86,0.0,0.0,0.0,0.0
14.11,0.62,125.61,0.0,0.0
22.89,1.69,121.78,0.0,40.6886
52.47,3.11,137.81,0.0,170.26
51.49,3.37,151.59,0.0,336.14
44.72,3.46,169.55,0.0,495.99300000000005
46.0,4.14,148.85,0.0,617.514
45.8,4.93,125.85,0.0,619.405
51.8,4.68,154.56,0.0,652.247
47.22,2.94,161.66,0.0,701.199
44.56,2.85,163.0,0.0,619.144
47.97,3.81,162.27,0.0,454.332
40.95,2.25,131.08,0.0,300.117
18.5,1.82,110.36,0.0,113.463
15.15,1.3,105.95,0.0,0.0
14.27,1.46,105.5,0.0,0.0
12.55,0.69,104.58,0.0,0.0
13.46,0.44,0.0,0.0,0.0
14.55,0.44,0.0,0.0,0.0
13.35,0.0,0.0,0.0,0.0
10.52,0.0,0.0,0.0,0.0
9.72,0.0,0.0,0.0,0.0
9.94,0.0,0.0,0.0,0.0
9.87,0.0,0.0,0.0,0.0
10.38,0.0,0.0,0.0,0.0
17.66,0.62,46.61,0.0,0.0
22.29,0.97,43.42,0.0,28.7669
27.38,1.33,42.68,0.0,160.50799999999998
26.53,1.86,41.84,0.0,306.783
25.26,1.68,41.45,0.0,446.794
26.04,2.04,42.18,0.0,545.74
17.95,1.77,48.02,0.0,646.98
18.3,1.68,47.87,0.0,640.69
15.08,1.33,44.01,0.0,589.856
12.61,1.15,45.4,0.0,504.424
13.84,1.24,36.78,0.0,355.61
11.2,0.62,33.1,0.0,220.138
11.09,0.62,0.0,0.0,71.4472
7.94,0.0,0.0,0.0,0.0
9.18,0.0,0.0,0.0,0.0
10.1,0.0,0.0,0.0,0.0
8.94,0.0,0.0,0.0,0.0
9.92,0.0,0.0,0.0,0.0
8.67,0.0,0.0,0.0,0.0
8.67,0.0,0.0,0.0,0.0
8.31,0.0,0.0,0.0,0.0
9.83,0.0,0.0,0.0,0.0
8.67,0.0,0.0,0.0,0.0
8.67,0.0,0.0,0.0,0.0
12.07,0.35,0.0,0.0,0.0
12.05,0.35,0.0,0.0,28.0764
12.37,0.35,0.0,0.0,142.936
12.92,0.35,0.0,0.0,255.381
13.77,0.35,0.0,0.0,403.23
14.34,0.53,0.0,0.0,491.948
14.29,0.53,0.0,0.0,570.404
14.37,0.8,0.0,0.0,570.577
14.37,0.53,4.88,0.0,551.081
14.37,0.35,37.28,0.0,505.017
13.31,0.35,60.55,0.0,399.292
13.47,0.35,80.4,0.0,252.702
11.16,0.0,11.7,0.0,98.2624
10.03,0.0,0.0,0.0,0.0
9.45,0.0,0.0,0.0,0.0
10.2,0.0,0.0,0.0,0.0
9.07,0.0,0.0,0.0,0.0
9.67,0.0,0.0,0.0,0.0
10.12,0.0,0.0,0.0,0.0
11.69,0.0,0.0,0.0,0.0
10.68,0.0,0.0,0.0,0.0
12.29,0.0,0.0,0.0,0.0
13.79,0.0,0.0,0.0,0.0
12.67,0.0,0.0,0.0,0.0
15.36,0.62,139.8,0.0,0.0
27.03,1.68,113.67,0.0,30.8507
64.38,3.09,102.2,0.0,159.524
56.51,3.35,79.84,0.0,308.779
58.02,3.44,70.04,0.0,468.155
55.48,4.15,69.99,0.0,613.036
55.19,4.89,75.39,0.0,728.755
56.47,4.65,85.34,0.0,734.4830000000001
45.9,2.92,86.02,0.0,704.325
49.51,2.83,93.11,0.0,564.054
53.36,3.79,101.35,0.0,440.103
45.71,2.23,85.95,0.0,279.954
22.39,1.81,75.51,0.0,85.7957
19.26,1.29,73.52,0.0,0.0
18.75,1.45,69.62,0.0,0.0
17.33,0.69,65.26,0.0,0.0
17.42,0.44,0.0,0.0,0.0
16.8,0.44,0.0,0.0,0.0
12.09,0.0,0.0,0.0,0.0
11.14,0.0,0.0,0.0,0.0
10.28,0.0,0.0,0.0,0.0
11.79,0.0,0.0,0.0,0.0
12.64,0.0,0.0,0.0,0.0
11.71,0.0,0.0,0.0,0.0
13.05,0.62,5.62,0.0,0.0
23.45,1.67,16.48,0.0,39.1879
59.21,3.08,29.54,0.0,189.165
50.44,3.34,36.73,0.0,399.76
42.21,3.43,48.21,0.0,604.143
46.28,4.11,54.92,0.0,740.023
45.28,4.88,62.29,0.0,833.3330000000001
50.44,4.63,67.29,0.0,833.3330000000001
48.5,2.91,40.6,0.0,757.683
49.86,2.83,24.87,0.0,641.739
50.61,3.77,34.71,0.0,497.99300000000005
39.26,2.23,24.08,0.0,340.69800000000004
20.67,1.79,17.7,0.0,126.473
16.16,1.3,18.89,0.0,0.0
15.04,1.46,17.84,0.0,0.0
15.5,0.69,14.53,0.0,0.0
16.81,0.44,0.0,0.0,0.0
15.75,0.44,0.0,0.0,0.0
11.66,0.0,0.0,0.0,0.0
13.44,0.0,0.0,0.0,0.0
13.89,0.0,0.0,0.0,0.0
12.59,0.0,0.0,0.0,0.0
14.0,0.0,0.0,0.0,0.0
14.57,0.0,0.0,0.0,0.0
18.01,0.61,0.0,0.0,0.0
29.9,1.67,0.0,0.0,9.98814
67.06,3.07,16.53,0.0,222.74
55.57,3.34,31.61,0.0,483.258
54.2,3.42,37.41,0.0,676.1460000000001
59.98,4.09,46.46,0.0,789.503
59.61,4.88,54.73,0.0,833.3330000000001
61.46,4.61,60.35,0.0,833.3330000000001
56.59,2.91,60.08,0.0,833.3330000000001
53.62,2.83,66.49,0.0,787.3530000000001
59.21,3.76,74.2,0.0,654.029
46.91,2.22,69.36,0.0,470.224
23.22,1.78,61.13,0.0,209.779
20.77,1.29,48.23,0.0,0.0
20.77,1.48,39.32,0.0,0.0
19.16,0.7,33.67,0.0,0.0
17.65,0.44,0.0,0.0,0.0
15.78,0.44,0.0,0.0,0.0
14.13,0.0,0.0,0.0,0.0
14.32,0.0,0.0,0.0,0.0
13.32,0.0,0.0,0.0,0.0
12.43,0.0,0.0,0.0,0.0
11.78,0.0,0.0,0.0,0.0
13.34,0.0,0.0,0.0,0.0
16.23,0.61,0.0,0.0,0.0
27.1,1.66,8.78,0.0,11.0029
58.43,3.07,45.14,0.0,209.198
47.23,3.33,65.15,0.0,465.228
47.32,3.42,69.45,0.0,668.298
48.06,4.09,70.57,0.0,814.9839999999999
44.59,4.87,75.17,0.0,833.3330000000001
50.4,4.6,87.16,0.0,833.3330000000001
42.94,2.9,89.95,0.0,833.3330000000001
48.95,2.82,92.78,0.0,741.055
47.59,3.75,88.3,0.0,565.84
36.11,2.22,73.1,0.0,338.779
18.15,1.79,61.04,0.0,116.115
15.43,1.26,55.02,0.0,0.0
14.66,1.43,50.14,0.0,0.0
15.8,0.68,44.14,0.0,0.0
16.68,0.44,0.0,0.0,0.0
17.84,0.44,0.0,0.0,0.0
15.46,0.0,0.0,0.0,0.0
15.46,0.0,0.0,0.0,0.0
15.46,0.0,0.0,0.0,0.0
15.46,0.0,0.0,0.0,0.0
14.4,0.0,0.0,0.0,0.0
15.01,0.0,0.0,0.0,0.0
17.8,0.61,40.5,0.0,0.0
31.01,1.66,66.85,0.0,41.4297
65.01,3.06,85.34,0.0,185.889
49.99,3.32,96.67,0.0,370.773
46.0,3.41,103.92,0.0,547.637
49.05,4.08,109.39,0.0,644.668
44.51,4.85,112.71,0.0,703.434
42.68,4.6,115.54,0.0,730.299
45.9,2.89,120.45,0.0,711.918
43.49,2.81,130.41,0.0,670.018
51.08,3.75,137.75,0.0,549.52
42.49,2.21,115.75,0.0,366.508
18.34,1.77,101.98,0.0,147.477
16.77,1.3,91.55,0.0,0.0
17.81,1.46,86.68,0.0,0.0
17.17,0.69,87.28,0.0,0.0
18.19,0.44,0.0,0.0,0.0
17.85,0.44,0.0,0.0,0.0
14.44,0.0,0.0,0.0,0.0
11.34,0.0,0.0,0.0,0.0
10.62,0.0,0.0,0.0,0.0
10.87,0.0,0.0,0.0,0.0
10.55,0.0,0.0,0.0,0.0
10.92,0.0,0.0,0.0,0.0
16.71,0.61,89.46,0.0,0.0
23.49,0.96,93.63,0.0,42.0822
28.72,1.31,97.53,0.0,183.218
31.65,1.83,103.66,0.0,348.996
31.2,1.66,109.35,0.0,513.006
34.02,2.01,115.51,0.0,625.729
25.23,1.74,116.99,0.0,733.475
22.0,1.66,115.81,0.0,788.485
19.99,1.31,112.68,0.0,756.191
18.38,1.13,113.81,0.0,698.513
17.25,1.22,114.45,0.0,568.83
14.75,0.61,102.9,0.0,384.501
13.51,0.61,67.54,0.0,156.726
10.1,0.0,24.44,0.0,0.0
10.14,0.0,0.0,0.0,0.0
9.07,0.0,0.0,0.0,0.0
9.49,0.0,0.0,0.0,0.0
9.25,0.0,0.0,0.0,0.0
8.41,0.0,0.0,0.0,0.0
9.67,0.0,0.0,0.0,0.0
10.13,0.0,0.0,0.0,0.0
8.85,0.0,0.0,0.0,0.0
8.75,0.0,0.0,0.0,0.0
8.73,0.0,0.0,0.0,0.0
10.54,0.35,0.0,0.0,0.0
9.9,0.35,14.3,0.0,42.9086
11.99,0.35,77.26,0.0,197.612
12.04,0.35,70.1,0.0,416.339
12.47,0.35,89.2,0.0,578.955
13.44,0.52,78.58,0.0,707.377
13.19,0.52,30.81,0.0,750.7260000000001
14.22,0.78,58.69,0.0,750.7410000000001
14.37,0.52,53.78,0.0,713.314
13.76,0.35,74.09,0.0,604.568
14.37,0.35,76.74,0.0,480.922
13.96,0.35,75.6,0.0,294.055
11.6,0.0,55.45,0.0,108.038
11.48,0.0,45.77,0.0,0.198528
11.6,0.0,0.0,0.0,0.0
11.6,0.0,0.0,0.0,0.0
11.6,0.0,0.0,0.0,0.0
11.6,0.0,0.0,0.0,0.0
10.58,0.0,0.0,0.0,0.0
13.71,0.0,0.0,0.0,0.0
14.5,0.0,0.0,0.0,0.0
15.27,0.0,0.0,0.0,0.0
15.46,0.0,0.0,0.0,0.0
15.46,0.0,0.0,0.0,0.0
18.3,0.61,132.45,0.0,0.0
33.26,1.65,125.41,0.0,44.9802
70.91,3.04,136.37,0.0,182.207
59.3,3.3,151.06,0.0,347.56199999999995
51.8,3.38,166.99,0.0,486.714
50.59,4.08,181.17,0.0,598.015
49.26,4.83,186.02,0.0,667.1210000000001
53.84,4.56,168.82,0.0,672.98
47.57,2.88,160.43,0.0,596.255
46.44,2.79,151.16,0.0,456.549
53.09,3.71,141.39,0.0,368.728
43.97,2.2,139.15,0.0,257.587
20.46,1.78,112.44,0.0,73.5932
16.02,1.25,99.81,0.0,1.21702
16.43,1.41,99.6,0.0,0.0
16.3,0.67,97.09,0.0,0.0
17.68,0.43,0.0,0.0,0.0
18.23,0.43,0.0,0.0,0.0
14.37,0.0,0.0,0.0,0.0
14.93,0.0,0.0,0.0,0.0
15.46,0.0,0.0,0.0,0.0
15.2,0.0,0.0,0.0,0.0
15.0,0.0,0.0,0.0,0.0
14.56,0.0,0.0,0.0,0.0
16.11,0.61,0.0,0.0,0.0
29.57,1.65,0.0,0.0,49.8655
55.83,3.03,0.0,0.0,205.883
49.31,3.29,0.0,0.0,423.518
50.04,3.38,0.0,0.0,657.242
55.85,4.04,0.0,0.0,833.3330000000001
59.43,4.81,4.26,0.0,833.3330000000001
62.45,4.55,14.21,0.0,833.3330000000001
58.02,2.87,21.47,0.0,833.3330000000001
56.55,2.78,24.51,0.0,805.177
61.64,3.7,24.61,0.0,621.872
48.93,2.19,19.62,0.0,368.926
22.49,1.78,14.63,0.0,133.994
20.77,1.25,11.13,0.0,1.43136
20.77,1.41,7.43,0.0,0.0
19.16,0.67,1.88,0.0,0.0
19.16,0.43,0.0,0.0,0.0
18.29,0.43,0.0,0.0,0.0
14.83,0.0,0.0,0.0,0.0
15.27,0.0,0.0,0.0,0.0
15.14,0.0,0.0,0.0,0.0
13.92,0.0,0.0,0.0,0.0
12.21,0.0,0.0,0.0,0.0
13.78,0.0,0.0,0.0,0.0
15.66,0.6,0.0,0.0,0.0
28.85,1.64,0.0,0.0,13.3615
53.68,3.02,0.0,0.0,241.482
45.43,3.28,0.34,0.0,496.661
45.76,3.37,9.41,0.0,656.804
50.22,4.03,18.86,0.0,784.669
53.83,4.8,27.13,0.0,833.3330000000001
54.93,4.53,32.39,0.0,833.3330000000001
46.05,2.86,35.29,0.0,833.3330000000001
47.65,2.78,38.15,0.0,779.54
55.9,3.69,39.66,0.0,619.232
40.1,2.19,34.09,0.0,396.413
17.65,1.78,25.68,0.0,155.046
15.05,1.25,19.65,0.0,0.0
15.54,1.41,14.16,0.0,0.0
15.51,0.67,6.97,0.0,0.0
13.78,0.43,0.0,0.0,0.0
14.24,0.43,0.0,0.0,0.0
13.22,0.0,0.0,0.0,0.0
12.07,0.0,0.0,0.0,0.0
11.5,0.0,0.0,0.0,0.0
12.92,0.0,0.0,0.0,0.0
13.34,0.0,0.0,0.0,0.0
12.23,0.0,0.0,0.0,0.0
14.24,0.6,42.5,0.0,0.0
28.29,1.64,42.94,0.0,50.9723
64.9,3.02,47.77,0.0,195.324
49.78,3.27,57.94,0.0,343.846
49.12,3.36,55.16,0.0,470.226
54.6,4.02,57.12,0.0,556.187
53.86,4.79,72.3,0.0,605.961
53.95,4.53,76.0,0.0,597.936
46.49,2.86,70.05,0.0,554.553
49.56,2.77,70.64,0.0,467.709
47.28,3.69,73.07,0.0,367.866
42.55,2.18,70.41,0.0,216.338
18.88,1.78,65.19,0.0,80.9727
16.55,1.25,64.51,0.0,2.77271
14.98,1.41,67.29,0.0,0.0
13.66,0.67,70.01,0.0,0.0
14.79,0.43,0.0,0.0,0.0
16.0,0.43,0.0,0.0,0.0
12.1,0.0,0.0,0.0,0.0
12.32,0.0,0.0,0.0,0.0
11.55,0.0,0.0,0.0,0.0
12.3,0.0,0.0,0.0,0.0
11.75,0.0,0.0,0.0,0.0
12.45,0.0,0.0,0.0,0.0
15.51,0.6,53.1,0.0,0.0
29.78,1.63,56.35,0.0,48.716
64.56,3.01,76.24,0.0,191.649
49.77,3.27,83.85,0.0,382.018
50.97,3.35,92.28,0.0,575.461
52.79,4.02,97.62,0.0,730.82
47.83,4.77,102.21,0.0,833.3330000000001
42.94,4.52,108.78,0.0,833.3330000000001
45.39,2.85,110.94,0.0,833.171
45.76,2.76,116.02,0.0,722.5419999999999
52.81,3.68,117.99,0.0,568.221
43.6,2.17,101.67,0.0,360.838
20.41,1.76,83.15,0.0,145.822
17.73,1.26,71.89,0.0,1.63136
15.55,1.42,64.94,0.0,0.0
16.05,0.67,58.32,0.0,0.0
15.08,0.43,0.0,0.0,0.0
15.82,0.43,0.0,0.0,0.0
11.41,0.0,0.0,0.0,0.0
9.21,0.0,0.0,0.0,0.0
10.23,0.0,0.0,0.0,0.0
9.48,0.0,0.0,0.0,0.0
8.5,0.0,0.0,0.0,0.0
8.35,0.0,0.0,0.0,0.0
13.76,0.6,15.07,0.0,0.0
17.84,0.94,32.1,0.0,44.6289
24.36,1.29,52.4,0.0,218.531
23.4,1.8,63.51,0.0,431.496
24.11,1.63,70.68,0.0,608.339
26.67,1.97,76.06,0.0,726.285
22.18,1.72,77.96,0.0,799.413
21.05,1.63,82.88,0.0,833.3330000000001
18.69,1.29,85.08,0.0,811.7660000000001
15.54,1.11,87.33,0.0,743.045
16.3,1.2,90.75,0.0,604.51
14.07,0.6,84.79,0.0,382.447
10.54,0.6,55.85,0.0,157.67600000000002
8.69,0.0,20.28,0.0,0.0
8.6,0.0,0.0,0.0,0.0
8.7,0.0,0.0,0.0,0.0
9.6,0.0,0.0,0.0,0.0
9.34,0.0,0.0,0.0,0.0
9.35,0.0,0.0,0.0,0.0
8.63,0.0,0.0,0.0,0.0
9.29,0.0,0.0,0.0,0.0
9.07,0.0,0.0,0.0,0.0
9.46,0.0,0.0,0.0,0.0
8.41,0.0,0.0,0.0,0.0
10.04,0.34,0.0,0.0,0.0
10.79,0.34,0.0,0.0,47.5541
10.06,0.34,46.8,0.0,212.799
9.7,0.34,65.03,0.0,418.423
10.16,0.34,53.11,0.0,584.036
11.79,0.51,64.57,0.0,708.672
12.96,0.51,28.09,0.0,784.069
11.98,0.77,38.23,0.0,820.705
12.17,0.51,42.8,0.0,784.2410000000001
11.84,0.34,67.59,0.0,696.176
12.46,0.34,52.85,0.0,560.2819999999999
11.13,0.34,62.8,0.0,382.264
10.17,0.0,66.5,0.0,156.141
10.5,0.0,50.05,0.0,0.0
9.42,0.0,0.0,0.0,0.0
8.54,0.0,0.0,0.0,0.0
8.99,0.0,0.0,0.0,0.0
8.15,0.0,0.0,0.0,0.0
8.4,0.0,0.0,0.0,0.0
12.76,0.0,0.0,0.0,0.0
13.35,0.0,0.0,0.0,0.0
13.88,0.0,0.0,0.0,0.0
14.43,0.0,0.0,0.0,0.0
12.97,0.0,0.0,0.0,0.0
15.06,0.6,39.73,0.0,0.0
28.72,1.62,60.44,0.0,47.4302
59.6,2.99,87.25,0.0,217.633
53.94,3.24,95.34,0.0,418.814
55.52,3.33,101.04,0.0,598.35
51.41,4.01,107.33,0.0,709.6360000000001
55.36,4.76,110.12,0.0,790.503
55.15,4.48,121.75,0.0,803.7710000000001
51.64,2.82,122.93,0.0,766.2239999999999
48.02,2.73,130.54,0.0,675.835
46.27,3.66,135.27,0.0,531.9159999999999
41.04,2.16,112.01,0.0,355.478
17.58,1.74,101.03,0.0,145.119
17.37,1.26,90.98,0.0,2.40239
16.12,1.42,84.99,0.0,0.0
14.47,0.67,80.05,0.0,0.0
14.43,0.43,0.0,0.0,0.0
16.28,0.43,0.0,0.0,0.0
12.82,0.0,0.0,0.0,0.0
13.95,0.0,0.0,0.0,0.0
13.86,0.0,0.0,0.0,0.0
13.24,0.0,0.0,0.0,0.0
12.14,0.0,0.0,0.0,0.0
12.08,0.0,0.0,0.0,0.0
16.04,0.6,66.56,0.0,0.0
26.78,1.62,83.9,0.0,52.1468
56.85,2.98,104.82,0.0,209.27
51.56,3.24,110.17,0.0,382.853
53.3,3.32,114.7,0.0,491.896
57.13,4.0,123.71,0.0,525.989
56.18,4.72,127.78,0.0,560.186
55.38,4.48,138.74,0.0,630.025
51.27,2.81,140.26,0.0,642.346
45.37,2.74,156.27,0.0,606.816
43.59,3.64,166.25,0.0,519.127
39.92,2.15,140.65,0.0,341.156
18.87,1.74,121.75,0.0,136.741
14.57,1.23,108.93,0.0,3.72673
17.07,1.38,101.33,0.0,0.0
14.95,0.66,96.47,0.0,0.0
15.51,0.42,0.0,0.0,0.0
15.44,0.43,0.0,0.0,0.0
12.85,0.0,0.0,0.0,0.0
12.66,0.0,0.0,0.0,0.0
12.25,0.0,0.0,0.0,0.0
12.29,0.0,0.0,0.0,0.0
13.84,0.0,0.0,0.0,0.0
12.58,0.0,0.0,0.0,0.0
16.96,0.59,72.2,0.0,0.0
31.47,1.61,93.17,0.0,22.3417
70.65,2.97,118.17,0.0,239.643
60.44,3.23,124.16,0.0,473.392
58.02,3.31,136.77,0.0,594.475
60.17,3.98,149.29,0.0,724.498
56.75,4.71,150.52,0.0,811.055
57.35,4.47,154.36,0.0,818.665
47.71,2.8,154.25,0.0,782.007
52.21,2.73,160.23,0.0,670.972
59.67,3.64,160.03,0.0,553.021
48.93,2.15,128.18,0.0,367.879
23.38,1.73,103.42,0.0,153.88
20.21,1.21,96.15,0.0,0.0
20.77,1.38,98.21,0.0,0.0
19.16,0.66,99.33,0.0,0.0
19.16,0.42,0.0,0.0,0.0
18.81,0.42,0.0,0.0,0.0
15.25,0.0,0.0,0.0,0.0
15.22,0.0,0.0,0.0,0.0
14.28,0.0,0.0,0.0,0.0
13.81,0.0,0.0,0.0,0.0
14.3,0.0,0.0,0.0,0.0
13.9,0.0,0.0,0.0,0.0
17.46,0.59,85.37,0.0,0.0
28.04,1.61,91.85,0.0,56.265
63.05,2.97,116.64,0.0,205.436
55.95,3.22,130.02,0.0,401.073
49.34,3.3,143.48,0.0,552.935
45.31,3.97,161.02,0.0,670.421
53.8,4.7,166.85,0.0,698.5110000000001
49.14,4.46,174.47,0.0,697.795
41.56,2.8,177.68,0.0,678.2639999999999
46.84,2.72,179.49,0.0,594.38
50.94,3.63,176.54,0.0,469.657
35.34,2.14,141.24,0.0,283.177
19.67,1.73,114.23,0.0,106.653
17.19,1.22,110.15,0.0,4.61315
15.63,1.37,107.38,0.0,0.0
13.1,0.65,105.02,0.0,0.0
12.52,0.42,0.0,0.0,0.0
14.85,0.42,0.0,0.0,0.0
12.47,0.0,0.0,0.0,0.0
12.45,0.0,0.0,0.0,0.0
12.19,0.0,0.0,0.0,0.0
11.71,0.0,0.0,0.0,0.0
12.93,0.0,0.0,0.0,0.0
13.3,0.0,0.0,0.0,0.0
16.66,0.59,120.42,0.0,0.0
26.98,1.61,119.73,0.0,59.2815
53.33,2.96,140.96,0.0,206.745
40.74,3.21,158.4,0.0,400.7
39.95,3.3,178.5,0.0,585.253
46.72,3.96,188.56,0.0,706.596
47.09,4.68,185.37,0.0,760.49
47.51,4.45,198.17,0.0,765.987
39.62,2.79,206.29,0.0,746.6210000000001
48.58,2.72,210.75,0.0,642.543
51.87,3.61,212.38,0.0,527.202
45.01,2.14,187.88,0.0,346.575
21.97,1.73,151.32,0.0,137.05700000000002
19.66,1.22,134.12,0.0,4.1697
18.8,1.38,132.14,0.0,0.0
16.22,0.66,128.81,0.0,0.0
16.31,0.42,0.0,0.0,0.0
14.37,0.42,0.0,0.0,0.0
10.48,0.0,0.0,0.0,0.0
9.15,0.0,0.0,0.0,0.0
8.09,0.0,0.0,0.0,0.0
9.3,0.0,0.0,0.0,0.0
10.12,0.0,0.0,0.0,0.0
10.12,0.0,0.0,0.0,0.0
16.85,0.59,113.21,0.0,0.0
19.81,0.93,117.47,0.0,58.7964
21.43,1.26,130.54,0.0,210.424
22.52,1.77,138.39,0.0,405.87
24.69,1.6,144.11,0.0,575.9119999999999
29.26,1.94,152.61,0.0,689.543
20.21,1.69,151.57,0.0,767.308
15.63,1.6,153.09,0.0,788.9860000000001
15.91,1.26,152.34,0.0,732.808
14.24,1.1,149.42,0.0,652.609
14.89,1.18,144.45,0.0,480.732
14.53,0.59,125.05,0.0,293.757
11.07,0.59,51.65,0.0,106.696
9.31,0.0,21.48,0.0,5.19516
9.24,0.0,0.0,0.0,0.0
9.99,0.0,0.0,0.0,0.0
8.98,0.0,0.0,0.0,0.0
8.24,0.0,0.0,0.0,0.0
9.05,0.0,0.0,0.0,0.0
8.08,0.0,0.0,0.0,0.0
9.22,0.0,0.0,0.0,0.0
8.4,0.0,0.0,0.0,0.0
9.59,0.0,0.0,0.0,0.0
9.04,0.0,0.0,0.0,0.0
11.38,0.34,0.0,0.0,0.0
12.07,0.34,6.49,0.0,59.5961
11.19,0.34,79.81,0.0,194.623
11.01,0.34,90.31,0.0,364.665
11.97,0.34,87.01,0.0,529.7669999999999
10.96,0.5,101.41,0.0,638.388
10.9,0.5,70.62,0.0,731.8969999999999
10.86,0.76,98.74,0.0,721.071
10.47,0.5,100.77,0.0,664.773
11.98,0.34,105.71,0.0,569.995
12.26,0.34,94.22,0.0,432.334
12.92,0.34,117.82,0.0,284.377
9.15,0.0,100.03,0.0,112.44
8.71,0.0,49.84,0.0,5.27298
8.96,0.0,0.0,0.0,0.0
8.02,0.0,0.0,0.0,0.0
8.84,0.0,0.0,0.0,0.0
9.03,0.0,0.0,0.0,0.0
9.35,0.0,0.0,0.0,0.0
13.5,0.0,0.0,0.0,0.0
11.83,0.0,0.0,0.0,0.0
12.33,0.0,0.0,0.0,0.0
12.15,0.0,0.0,0.0,0.0
12.8,0.0,0.0,0.0,0.0
16.73,0.59,166.21,0.0,0.0
28.69,1.59,151.06,0.0,61.261
64.95,2.94,177.22,0.0,200.168
58.25,3.19,189.6,0.0,367.92
54.55,3.27,201.98,0.0,507.1830000000001
58.88,3.94,217.18,0.0,635.586
55.72,4.67,218.02,0.0,704.045
50.09,4.41,226.66,0.0,737.431
47.23,2.77,225.19,0.0,657.791
51.17,2.7,225.86,0.0,600.596
54.09,3.58,223.93,0.0,456.674
43.84,2.12,195.7,0.0,287.192
22.02,1.73,157.79,0.0,110.736
18.97,1.22,145.91,0.0,5.8579300000000005
18.5,1.38,144.0,0.0,0.0
15.4,0.66,143.76,0.0,0.0
16.57,0.42,0.0,0.0,0.0
14.62,0.42,0.0,0.0,0.0
11.13,0.0,0.0,0.0,0.0
12.48,0.0,0.0,0.0,0.0
11.95,0.0,0.0,0.0,0.0
12.32,0.0,0.0,0.0,0.0
11.24,0.0,0.0,0.0,0.0
11.78,0.0,0.0,0.0,0.0
15.99,0.59,168.18,0.0,0.0
27.23,1.59,131.0,0.0,50.5069
53.09,2.93,132.17,0.0,159.168
42.35,3.18,137.85,0.0,269.10200000000003
41.53,3.26,157.75,0.0,400.022
46.87,3.93,192.33,0.0,529.371
48.96,4.64,208.12,0.0,599.715
46.18,4.39,222.65,0.0,646.955
40.77,2.77,223.78,0.0,580.495
41.62,2.68,229.43,0.0,539.031
42.42,3.58,229.18,0.0,438.086
32.75,2.12,189.37,0.0,285.35400000000004
16.86,1.71,156.01,0.0,105.882
15.39,1.24,151.73,0.0,7.62333
15.58,1.39,148.16,0.0,0.0
13.21,0.66,145.52,0.0,0.0
15.01,0.42,0.0,0.0,0.0
14.5,0.42,0.0,0.0,0.0
10.69,0.0,0.0,0.0,0.0
10.99,0.0,0.0,0.0,0.0
13.11,0.0,0.0,0.0,0.0
11.45,0.0,0.0,0.0,0.0
13.1,0.0,0.0,0.0,0.0
12.16,0.0,0.0,0.0,0.0
16.06,0.58,66.96,0.0,0.0
29.36,1.59,59.57,0.0,56.9769
66.43,2.92,72.88,0.0,226.55900000000003
55.2,3.17,81.61,0.0,436.114
56.92,3.25,86.47,0.0,639.93
60.44,3.92,92.59,0.0,738.278
61.69,4.64,93.12,0.0,833.3330000000001
62.45,4.38,103.47,0.0,833.3330000000001
58.02,2.76,105.79,0.0,777.257
54.13,2.67,110.05,0.0,669.809
54.86,3.58,105.42,0.0,496.191
46.37,2.11,81.57,0.0,286.651
21.25,1.69,63.06,0.0,80.7087
19.07,1.19,57.59,0.0,7.754860000000001
17.68,1.36,55.13,0.0,0.0
16.74,0.67,57.45,0.0,0.0
18.12,0.42,0.0,0.0,0.0
16.82,0.42,0.0,0.0,0.0
12.18,0.0,0.0,0.0,0.0
11.78,0.0,0.0,0.0,0.0
11.95,0.0,0.0,0.0,0.0
12.06,0.0,0.0,0.0,0.0
11.29,0.0,0.0,0.0,0.0
12.51,0.0,0.0,0.0,0.0
15.6,0.58,20.5,0.0,0.0
26.41,1.58,25.88,0.0,60.0966
58.83,2.91,37.46,0.0,230.278
47.84,3.16,44.17,0.0,428.077
49.01,3.25,49.94,0.0,564.9730000000001
49.38,3.91,57.53,0.0,649.749
49.25,4.63,59.48,0.0,691.555
48.1,4.37,67.29,0.0,676.7710000000001
39.96,2.74,71.61,0.0,638.4730000000001
41.99,2.68,77.62,0.0,570.8919999999999
41.79,3.56,81.12,0.0,428.137
32.87,2.1,67.58,0.0,277.968
15.51,1.71,57.64,0.0,110.927
16.01,1.21,52.74,0.0,3.25613
17.58,1.36,49.67,0.0,0.0
16.64,0.65,49.28,0.0,0.0
16.79,0.42,0.0,0.0,0.0
15.54,0.42,0.0,0.0,0.0
12.49,0.0,0.0,0.0,0.0
11.02,0.0,0.0,0.0,0.0
11.86,0.0,0.0,0.0,0.0
10.69,0.0,0.0,0.0,0.0
12.74,0.0,0.0,0.0,0.0
13.65,0.0,0.0,0.0,0.0
17.54,0.58,33.62,0.0,0.0
27.28,1.58,48.74,0.0,59.2298
51.05,2.91,71.35,0.0,229.696
41.5,3.16,75.14,0.0,438.981
41.52,3.24,75.03,0.0,582.879
41.13,3.9,80.4,0.0,694.7280000000001
51.82,4.61,80.04,0.0,728.6560000000001
50.11,4.36,81.41,0.0,716.883
48.75,2.75,75.68,0.0,648.303
50.16,2.65,78.96,0.0,605.043
49.21,3.56,87.87,0.0,479.365
35.29,2.1,78.58,0.0,310.54900000000004
19.74,1.67,67.19,0.0,115.246
18.32,1.18,61.29,0.0,1.80813
16.6,1.34,57.27,0.0,0.0
17.11,0.66,54.92,0.0,0.0
17.9,0.42,0.0,0.0,0.0
19.16,0.42,0.0,0.0,0.0
15.46,0.0,0.0,0.0,0.0
11.13,0.0,0.0,0.0,0.0
11.38,0.0,0.0,0.0,0.0
11.6,0.0,0.0,0.0,0.0
11.6,0.0,0.0,0.0,0.0
11.6,0.0,0.0,0.0,0.0
19.1,0.58,34.0,0.0,0.0
23.89,0.91,69.56,0.0,30.3001
26.02,1.24,88.95,0.0,253.435
27.76,1.74,92.74,0.0,483.30300000000005
24.78,1.57,92.06,0.0,651.58
29.55,1.9,88.38,0.0,739.3439999999999
21.59,1.66,86.32,0.0,788.6360000000001
18.71,1.57,86.76,0.0,778.321
15.73,1.24,87.31,0.0,715.158
16.07,1.08,91.14,0.0,663.867
15.22,1.16,93.97,0.0,514.7919999999999
14.98,0.58,85.76,0.0,347.116
12.02,0.58,59.29,0.0,151.188
8.94,0.0,37.59,0.0,6.079969999999999
9.32,0.0,0.0,0.0,0.0
8.38,0.0,0.0,0.0,0.0
9.6,0.0,0.0,0.0,0.0
9.86,0.0,0.0,0.0,0.0
8.84,0.0,0.0,0.0,0.0
8.4,0.0,0.0,0.0,0.0
7.78,0.0,0.0,0.0,0.0
7.62,0.0,0.0,0.0,0.0
7.53,0.0,0.0,0.0,0.0
8.0,0.0,0.0,0.0,0.0
10.65,0.33,4.6,0.0,0.0
11.25,0.33,58.95,0.0,36.1863
11.58,0.33,55.72,0.0,250.19
10.83,0.33,66.7,0.0,477.893
11.25,0.33,74.46,0.0,641.377
11.69,0.5,57.29,0.0,735.242
11.97,0.5,42.73,0.0,799.3889999999999
12.76,0.74,39.78,0.0,738.845
13.19,0.5,34.58,0.0,792.342
13.59,0.33,66.58,0.0,672.28
13.86,0.33,75.82,0.0,533.803
13.82,0.33,60.42,0.0,350.094
10.68,0.0,71.98,0.0,145.53
10.81,0.0,69.17,0.0,6.61597
10.1,0.0,0.0,0.0,0.0
9.22,0.0,0.0,0.0,0.0
8.6,0.0,0.0,0.0,0.0
9.12,0.0,0.0,0.0,0.0
8.9,0.0,0.0,0.0,0.0
10.98,0.0,0.0,0.0,0.0
10.21,0.0,0.0,0.0,0.0
11.2,0.0,0.0,0.0,0.0
12.52,0.0,0.0,0.0,0.0
11.93,0.0,0.0,0.0,0.0
14.07,0.58,61.5,0.0,0.0
27.8,1.57,90.01,0.0,37.7342
54.82,2.88,110.7,0.0,246.974
44.74,3.13,111.19,0.0,471.272
40.43,3.21,113.09,0.0,639.055
50.5,3.87,119.94,0.0,755.577
45.6,4.6,115.01,0.0,814.073
51.9,4.32,123.79,0.0,833.3330000000001
46.28,2.73,137.79,0.0,825.7139999999999
49.09,2.63,149.32,0.0,750.171
57.08,3.53,156.05,0.0,558.882
47.87,2.08,139.31,0.0,450.779
22.83,1.66,116.02,0.0,192.512
20.69,1.17,102.11,0.0,0.523069
19.2,1.33,89.83,0.0,0.0
19.16,0.66,84.54,0.0,0.0
19.16,0.41,0.0,0.0,0.0
19.16,0.41,0.0,0.0,0.0
15.46,0.0,0.0,0.0,0.0
15.46,0.0,0.0,0.0,0.0
14.69,0.0,0.0,0.0,0.0
14.63,0.0,0.0,0.0,0.0
15.46,0.0,0.0,0.0,0.0
15.46,0.0,0.0,0.0,0.0
19.16,0.58,78.55,0.0,0.0
33.26,1.56,84.65,0.0,68.6709
70.91,2.88,102.6,0.0,216.937
60.44,3.12,110.77,0.0,391.42
58.02,3.21,127.24,0.0,562.371
56.43,3.86,138.44,0.0,665.827
56.89,4.58,136.41,0.0,738.954
61.26,4.32,142.1,0.0,744.806
54.59,2.72,146.83,0.0,729.302
54.49,2.63,156.78,0.0,680.215
52.18,3.52,164.23,0.0,546.561
38.21,2.08,138.97,0.0,358.595
17.21,1.66,111.0,0.0,140.66899999999998
14.86,1.22,101.86,0.0,2.77765
13.7,1.38,95.99,0.0,0.0
15.36,0.66,95.7,0.0,0.0
15.22,0.41,0.0,0.0,0.0
14.55,0.41,0.0,0.0,0.0
11.53,0.0,0.0,0.0,0.0
11.09,0.0,0.0,0.0,0.0
11.94,0.0,0.0,0.0,0.0
11.2,0.0,0.0,0.0,0.0
13.14,0.0,0.0,0.0,0.0
13.94,0.0,0.0,0.0,0.0
17.32,0.57,107.51,0.0,0.0
28.52,1.56,107.26,0.0,65.0088
56.52,2.87,132.83,0.0,219.231
52.17,3.12,148.61,0.0,381.845
47.29,3.2,156.97,0.0,541.754
47.74,3.85,164.07,0.0,632.568
53.24,4.56,164.97,0.0,672.1469999999999
54.28,4.31,174.76,0.0,646.51
48.32,2.71,176.66,0.0,596.057
46.29,2.63,180.21,0.0,538.386
44.65,3.51,179.0,0.0,421.77
35.51,2.07,153.31,0.0,268.375
16.82,1.66,122.54,0.0,109.951
17.52,1.22,114.7,0.0,6.96904
15.68,1.37,113.32,0.0,0.0
13.41,0.65,112.06,0.0,0.0
15.37,0.41,0.0,0.0,0.0
16.12,0.41,0.0,0.0,0.0
13.83,0.0,0.0,0.0,0.0
14.38,0.0,0.0,0.0,0.0
13.08,0.0,0.0,0.0,0.0
12.24,0.0,0.0,0.0,0.0
11.68,0.0,0.0,0.0,0.0
11.3,0.0,0.0,0.0,0.0
16.49,0.57,126.79,0.0,0.0
24.85,1.55,127.12,0.0,66.3665
51.25,2.86,156.66,0.0,219.009
44.53,3.11,166.6,0.0,399.36
44.8,3.19,172.8,0.0,555.638
46.75,3.84,178.49,0.0,674.745
48.24,4.55,175.14,0.0,663.4960000000001
51.27,4.3,186.99,0.0,641.59
42.25,2.7,189.48,0.0,597.0740000000001
41.96,2.62,189.65,0.0,546.6759999999999
46.34,3.5,185.91,0.0,401.812
36.81,2.07,163.43,0.0,251.229
19.26,1.65,139.37,0.0,104.07
16.61,1.22,133.93,0.0,2.53252
15.33,1.38,130.73,0.0,0.0
13.49,0.65,133.61,0.0,0.0
13.39,0.41,0.0,0.0,0.0
13.28,0.41,0.0,0.0,0.0
12.22,0.0,0.0,0.0,0.0
13.55,0.0,0.0,0.0,0.0
14.39,0.0,0.0,0.0,0.0
13.3,0.0,0.0,0.0,0.0
12.21,0.0,0.0,0.0,0.0
10.78,0.0,0.0,0.0,0.0
12.81,0.57,168.08,0.0,0.0
25.44,1.55,153.63,0.0,58.0176
51.3,2.85,172.46,0.0,150.375
46.53,3.1,178.02,0.0,247.325
47.67,3.18,187.78,0.0,348.80800000000005
52.42,3.83,198.38,0.0,424.565
47.82,4.55,201.26,0.0,507.076
42.96,4.28,205.51,0.0,475.845
41.29,2.7,204.88,0.0,448.467
42.33,2.61,208.04,0.0,394.12
45.7,3.49,208.74,0.0,291.959
42.11,2.06,152.87,0.0,180.333
20.22,1.64,120.71,0.0,66.6774
17.14,1.16,119.02,0.0,4.07307
15.97,1.32,114.78,0.0,0.0
15.8,0.63,102.86,0.0,0.0
14.11,0.41,0.0,0.0,0.0
15.39,0.41,0.0,0.0,0.0
12.47,0.0,0.0,0.0,0.0
8.53,0.0,0.0,0.0,0.0
7.86,0.0,0.0,0.0,0.0
9.15,0.0,0.0,0.0,0.0
9.65,0.0,0.0,0.0,0.0
8.62,0.0,0.0,0.0,0.0
16.17,0.57,104.01,0.0,0.0
23.38,0.89,101.88,0.0,68.0883
24.77,1.22,103.87,0.0,180.431
24.73,1.71,110.79,0.0,299.807
22.45,1.55,122.22,0.0,458.419
27.15,1.87,134.46,0.0,562.49
20.98,1.63,138.2,0.0,594.164
18.18,1.55,146.38,0.0,621.44
17.68,1.22,151.09,0.0,580.002
14.28,1.06,153.94,0.0,518.129
16.07,1.14,146.72,0.0,407.2480000000001
13.86,0.57,138.98,0.0,234.798
12.63,0.57,16.97,0.0,102.293
9.53,0.0,0.0,0.0,6.07681
9.08,0.0,0.0,0.0,0.0
8.35,0.0,0.0,0.0,0.0
9.46,0.0,0.0,0.0,0.0
8.29,0.0,0.0,0.0,0.0
7.98,0.0,0.0,0.0,0.0
8.41,0.0,0.0,0.0,0.0
9.98,0.0,0.0,0.0,0.0
8.88,0.0,0.0,0.0,0.0
8.53,0.0,0.0,0.0,0.0
7.94,0.0,0.0,0.0,0.0
10.57,0.32,0.0,0.0,0.0
9.78,0.32,40.06,0.0,69.4179
10.65,0.32,115.23,0.0,217.4
11.3,0.32,122.51,0.0,383.875
10.89,0.32,79.15,0.0,501.657
10.48,0.49,103.08,0.0,532.429
9.9,0.49,42.17,0.0,561.8240000000001
11.04,0.73,33.12,0.0,557.941
10.4,0.49,51.07,0.0,570.655
9.76,0.32,97.44,0.0,455.641
10.25,0.32,73.82,0.0,365.156
11.22,0.32,86.02,0.0,227.505
9.42,0.0,24.29,0.0,80.207
9.85,0.0,19.55,0.0,8.00825
9.3,0.0,0.0,0.0,0.0
9.2,0.0,0.0,0.0,0.0
10.32,0.0,0.0,0.0,0.0
8.94,0.0,0.0,0.0,0.0
8.2,0.0,0.0,0.0,0.0
12.27,0.0,0.0,0.0,0.0
10.96,0.0,0.0,0.0,0.0
11.69,0.0,0.0,0.0,0.0
12.23,0.0,0.0,0.0,0.0
12.06,0.0,0.0,0.0,0.0
14.89,0.57,168.68,0.0,0.0
25.51,1.54,159.55,0.0,71.4333
51.23,2.83,194.3,0.0,217.767
48.65,3.08,196.96,0.0,380.69
48.03,3.16,202.24,0.0,539.341
53.5,3.8,208.17,0.0,649.8969999999999
58.73,4.53,202.6,0.0,635.452
59.27,4.25,207.99,0.0,634.504
57.58,2.67,212.49,0.0,595.795
55.88,2.6,213.72,0.0,536.863
53.96,3.45,209.19,0.0,408.417
39.7,2.05,178.44,0.0,253.533
20.42,1.66,141.26,0.0,109.085
15.54,1.19,128.59,0.0,9.64012
14.85,1.35,125.09,0.0,0.0
16.09,0.64,131.12,0.0,0.0
17.39,0.4,0.0,0.0,0.0
16.62,0.4,0.0,0.0,0.0
14.09,0.0,0.0,0.0,0.0
14.55,0.0,0.0,0.0,0.0
14.26,0.0,0.0,0.0,0.0
12.55,0.0,0.0,0.0,0.0
13.83,0.0,0.0,0.0,0.0
14.19,0.0,0.0,0.0,0.0
18.63,0.57,138.05,0.0,0.0
28.79,1.53,132.95,0.0,72.0558
60.44,2.83,171.83,0.0,217.65
49.35,3.07,183.02,0.0,382.554
49.98,3.15,185.67,0.0,524.086
54.79,3.8,190.53,0.0,602.697
53.62,4.5,189.14,0.0,604.582
55.48,4.23,194.97,0.0,613.79
49.39,2.68,198.11,0.0,555.16
52.92,2.58,201.79,0.0,517.401
53.62,3.46,199.43,0.0,402.0
41.77,2.04,174.53,0.0,257.907
19.76,1.65,141.85,0.0,107.231
15.18,1.16,133.17,0.0,5.03515
15.86,1.32,132.19,0.0,0.0
15.46,0.63,127.36,0.0,0.0
14.02,0.4,0.0,0.0,0.0
15.13,0.4,0.0,0.0,0.0
11.69,0.0,0.0,0.0,0.0
12.28,0.0,0.0,0.0,0.0
13.14,0.0,0.0,0.0,0.0
13.73,0.0,0.0,0.0,0.0
14.8,0.0,0.0,0.0,0.0
14.27,0.0,0.0,0.0,0.0
16.07,0.56,144.77,0.0,0.0
27.71,1.53,139.28,0.0,67.2979
61.04,2.82,155.79,0.0,163.22899999999998
52.44,3.06,160.93,0.0,276.875
44.61,3.14,172.53,0.0,430.751
49.0,3.79,185.58,0.0,545.727
51.16,4.48,188.28,0.0,641.122
48.75,4.23,190.91,0.0,641.719
47.61,2.67,183.15,0.0,576.474
50.76,2.57,164.54,0.0,429.892
53.76,3.45,150.33,0.0,340.79
42.63,2.03,112.3,0.0,228.54
18.56,1.64,84.23,0.0,83.9986
15.66,1.16,69.09,0.0,10.783
16.96,1.31,62.87,0.0,0.0
15.85,0.63,57.81,0.0,0.0
16.32,0.4,0.0,0.0,0.0
15.22,0.4,0.0,0.0,0.0
11.54,0.0,0.0,0.0,0.0
12.39,0.0,0.0,0.0,0.0
11.3,0.0,0.0,0.0,0.0
12.69,0.0,0.0,0.0,0.0
13.26,0.0,0.0,0.0,0.0
12.85,0.0,0.0,0.0,0.0
14.54,0.56,4.52,0.0,0.0
28.26,1.53,8.13,0.0,74.0278
62.39,2.81,20.97,0.0,237.669
54.96,3.05,33.62,0.0,438.006
45.89,3.13,47.83,0.0,637.636
42.61,3.78,60.91,0.0,821.058
46.09,4.46,63.23,0.0,833.3330000000001
53.81,4.22,70.78,0.0,833.3330000000001
52.13,2.66,77.57,0.0,833.3330000000001
56.72,2.57,86.9,0.0,786.935
57.97,3.44,95.24,0.0,643.4540000000001
48.93,2.02,81.71,0.0,462.851
24.0,1.64,72.64,0.0,205.366
20.77,1.16,63.49,0.0,4.27507
20.77,1.31,55.37,0.0,0.0
18.22,0.63,51.74,0.0,0.0
19.16,0.4,0.0,0.0,0.0
19.16,0.4,0.0,0.0,0.0
15.46,0.0,0.0,0.0,0.0
15.46,0.0,0.0,0.0,0.0
15.46,0.0,0.0,0.0,0.0
15.37,0.0,0.0,0.0,0.0
15.46,0.0,0.0,0.0,0.0
14.46,0.0,0.0,0.0,0.0
16.42,0.56,24.97,0.0,0.0
30.03,1.52,43.89,0.0,64.0914
58.64,2.8,70.68,0.0,237.742
44.97,3.05,85.19,0.0,486.729
50.29,3.13,94.3,0.0,591.891
51.38,3.77,98.52,0.0,671.959
46.94,4.46,99.72,0.0,709.314
42.68,4.2,106.43,0.0,764.913
47.97,2.66,112.93,0.0,706.6669999999999
51.23,2.56,121.98,0.0,642.072
49.71,3.43,128.62,0.0,531.035
41.22,2.02,112.11,0.0,365.017
22.3,1.64,100.25,0.0,198.299
18.73,1.16,87.77,0.0,6.66816
18.46,1.31,80.99,0.0,0.0
17.73,0.63,74.71,0.0,0.0
18.54,0.4,0.0,0.0,0.0
19.16,0.4,0.0,0.0,0.0
15.46,0.0,0.0,0.0,0.0
11.23,0.0,0.0,0.0,0.0
10.07,0.0,0.0,0.0,0.0
9.98,0.0,0.0,0.0,0.0
10.8,0.0,0.0,0.0,0.0
11.14,0.0,0.0,0.0,0.0
17.37,0.56,74.61,0.0,0.0
25.16,0.88,82.28,0.0,65.4781
29.59,1.2,91.78,0.0,232.874
31.86,1.68,96.98,0.0,416.753
28.34,1.52,102.19,0.0,565.501
30.28,1.84,106.6,0.0,684.721
23.99,1.6,105.94,0.0,783.087
22.0,1.52,104.82,0.0,801.5039999999999
19.99,1.2,102.81,0.0,723.0010000000001
18.38,1.04,101.63,0.0,693.1210000000001
18.53,1.12,100.91,0.0,557.572
15.54,0.56,91.68,0.0,353.634
13.52,0.56,57.53,0.0,160.985
11.29,0.0,50.48,0.0,7.33841
11.6,0.0,0.0,0.0,0.0
11.6,0.0,0.0,0.0,0.0
11.6,0.0,0.0,0.0,0.0
11.39,0.0,0.0,0.0,0.0
11.6,0.0,0.0,0.0,0.0
11.08,0.0,0.0,0.0,0.0
10.27,0.0,0.0,0.0,0.0
9.44,0.0,0.0,0.0,0.0
8.81,0.0,0.0,0.0,0.0
7.94,0.0,0.0,0.0,0.0
9.34,0.32,0.0,0.0,0.0
11.62,0.32,43.38,0.0,63.7538
12.6,0.32,65.8,0.0,226.984
13.25,0.32,67.47,0.0,401.931
13.77,0.32,69.31,0.0,522.519
14.37,0.48,68.49,0.0,637.078
13.92,0.48,9.3,0.0,703.805
12.83,0.72,19.33,0.0,790.841
12.84,0.48,61.56,0.0,763.061
11.14,0.32,74.06,0.0,679.862
11.5,0.32,65.89,0.0,534.701
10.28,0.32,82.73,0.0,357.06800000000004
8.61,0.0,67.74,0.0,160.692
9.56,0.0,48.11,0.0,7.84036
9.69,0.0,0.0,0.0,0.0
9.45,0.0,0.0,0.0,0.0
9.16,0.0,0.0,0.0,0.0
8.54,0.0,0.0,0.0,0.0
10.0,0.0,0.0,0.0,0.0
13.29,0.0,0.0,0.0,0.0
13.01,0.0,0.0,0.0,0.0
14.26,0.0,0.0,0.0,0.0
14.88,0.0,0.0,0.0,0.0
15.46,0.0,0.0,0.0,0.0
19.16,0.56,96.4,0.0,0.0
30.84,1.51,104.97,0.0,66.5725
57.73,2.78,125.54,0.0,227.14
51.76,3.02,131.51,0.0,411.523
46.3,3.1,136.6,0.0,552.605
48.71,3.74,140.95,0.0,672.164
45.86,4.46,145.55,0.0,750.39
53.97,4.17,156.24,0.0,805.671
44.19,2.63,162.03,0.0,789.195
43.49,2.54,167.69,0.0,697.425
44.65,3.4,172.14,0.0,558.528
34.54,2.0,154.13,0.0,354.991
19.13,1.63,127.01,0.0,160.418
17.95,1.15,112.39,0.0,8.1128
15.52,1.3,102.94,0.0,0.0
13.97,0.62,102.62,0.0,0.0
12.79,0.4,0.0,0.0,0.0
14.95,0.4,0.0,0.0,0.0
11.39,0.0,0.0,0.0,0.0
13.22,0.0,0.0,0.0,0.0
14.12,0.0,0.0,0.0,0.0
12.67,0.0,0.0,0.0,0.0
13.48,0.0,0.0,0.0,0.0
13.93,0.0,0.0,0.0,0.0
15.34,0.56,111.32,0.0,0.0
26.41,1.51,114.75,0.0,71.6955
55.73,2.78,141.61,0.0,226.191
51.49,3.02,152.98,0.0,419.472
48.06,3.09,162.64,0.0,573.19
49.55,3.73,170.89,0.0,666.16
54.21,4.43,173.4,0.0,756.8810000000001
47.53,4.16,182.35,0.0,756.3439999999999
44.03,2.62,190.49,0.0,727.452
45.19,2.54,194.98,0.0,667.2769999999999
49.22,3.38,193.29,0.0,551.061
36.89,2.01,168.78,0.0,365.986
17.71,1.62,136.53,0.0,147.375
17.27,1.17,122.87,0.0,9.60055
15.03,1.33,115.92,0.0,0.0
15.82,0.63,118.41,0.0,0.0
14.01,0.4,0.0,0.0,0.0
16.28,0.4,0.0,0.0,0.0
14.31,0.0,0.0,0.0,0.0
14.3,0.0,0.0,0.0,0.0
14.93,0.0,0.0,0.0,0.0
13.67,0.0,0.0,0.0,0.0
11.85,0.0,0.0,0.0,0.0
12.99,0.0,0.0,0.0,0.0
17.61,0.55,123.1,0.0,0.0
32.45,1.5,129.35,0.0,64.0327
70.91,2.77,163.21,0.0,233.377
57.57,3.01,169.23,0.0,408.409
49.73,3.09,173.2,0.0,559.734
50.31,3.72,173.31,0.0,682.7669999999999
52.68,4.43,167.03,0.0,750.12
46.13,4.15,179.35,0.0,774.9169999999999
39.5,2.6,188.1,0.0,761.4680000000001
40.62,2.54,194.93,0.0,676.9860000000001
45.86,3.38,200.49,0.0,534.793
40.43,2.0,180.26,0.0,365.11800000000005
19.32,1.59,147.52,0.0,163.74
15.77,1.13,128.86,0.0,9.21485
16.1,1.28,116.73,0.0,0.0
16.76,0.61,113.8,0.0,0.0
15.8,0.4,0.0,0.0,0.0
14.79,0.4,0.0,0.0,0.0
12.32,0.0,0.0,0.0,0.0
11.14,0.0,0.0,0.0,0.0
10.64,0.0,0.0,0.0,0.0
11.21,0.0,0.0,0.0,0.0
12.57,0.0,0.0,0.0,0.0
13.65,0.0,0.0,0.0,0.0
15.48,0.55,112.77,0.0,0.0
27.74,1.5,129.19,0.0,62.6921
60.95,2.76,167.43,0.0,227.326
52.19,3.0,172.36,0.0,400.365
50.42,3.08,173.07,0.0,512.644
47.91,3.71,181.98,0.0,651.362
45.43,4.41,189.25,0.0,734.6089999999999
49.79,4.14,192.67,0.0,751.3689999999999
43.76,2.6,195.5,0.0,771.92
50.26,2.53,198.05,0.0,703.17
51.23,3.37,192.77,0.0,565.735
42.91,2.0,163.5,0.0,379.838
19.44,1.6,142.55,0.0,166.80200000000002
17.99,1.17,129.21,0.0,13.9991
17.18,1.33,115.99,0.0,0.0
17.05,0.63,112.2,0.0,0.0
17.32,0.39,0.0,0.0,0.0
16.26,0.39,0.0,0.0,0.0
14.02,0.0,0.0,0.0,0.0
15.09,0.0,0.0,0.0,0.0
15.46,0.0,0.0,0.0,0.0
15.23,0.0,0.0,0.0,0.0
15.46,0.0,0.0,0.0,0.0
15.46,0.0,0.0,0.0,0.0
19.16,0.55,118.85,0.0,0.0
33.26,1.5,126.82,0.0,67.0299
67.17,2.76,162.4,0.0,227.861
60.44,2.99,168.8,0.0,410.619
58.02,3.07,172.52,0.0,555.018
58.26,3.7,174.16,0.0,601.918
56.8,4.41,172.08,0.0,711.5189999999999
62.24,4.13,186.58,0.0,724.2860000000001
56.31,2.6,199.03,0.0,714.2560000000001
58.02,2.52,206.25,0.0,618.342
61.29,3.37,208.95,0.0,491.284
48.93,1.98,182.54,0.0,299.759
23.46,1.61,146.39,0.0,122.826
19.57,1.14,132.03,0.0,13.1061
18.3,1.29,124.09,0.0,0.0
16.25,0.62,121.44,0.0,0.0
14.17,0.39,0.0,0.0,0.0
16.08,0.39,0.0,0.0,0.0
14.07,0.0,0.0,0.0,0.0
9.24,0.0,0.0,0.0,0.0
10.01,0.0,0.0,0.0,0.0
10.14,0.0,0.0,0.0,0.0
9.91,0.0,0.0,0.0,0.0
8.78,0.0,0.0,0.0,0.0
13.13,0.55,124.18,0.0,0.0
21.65,0.86,127.47,0.0,78.3767
26.77,1.18,134.03,0.0,209.316
27.41,1.65,140.28,0.0,353.206
28.34,1.49,143.63,0.0,474.708
30.03,1.81,145.8,0.0,572.113
21.25,1.57,147.17,0.0,577.565
17.4,1.49,150.78,0.0,682.493
15.46,1.18,149.4,0.0,678.2489999999999
14.65,1.02,150.18,0.0,615.679
14.79,1.1,151.35,0.0,511.485
12.64,0.55,126.9,0.0,360.686
11.14,0.55,89.6,0.0,161.373
8.91,0.0,90.73,0.0,14.0602
8.0,0.0,0.0,0.0,0.0
8.51,0.0,0.0,0.0,0.0
7.96,0.0,0.0,0.0,0.0
9.26,0.0,0.0,0.0,0.0
8.76,0.0,0.0,0.0,0.0
8.7,0.0,0.0,0.0,0.0
9.98,0.0,0.0,0.0,0.0
9.11,0.0,0.0,0.0,0.0
8.06,0.0,0.0,0.0,0.0
8.55,0.0,0.0,0.0,0.0
11.61,0.31,22.99,0.0,0.0
11.3,0.31,58.54,0.0,67.1284
11.94,0.31,96.49,0.0,223.117
11.67,0.31,95.93,0.0,412.018
12.59,0.31,62.95,0.0,589.479
11.25,0.47,92.66,0.0,701.7339999999999
12.24,0.47,77.65,0.0,758.7310000000001
12.25,0.71,37.89,0.0,803.743
11.52,0.47,85.1,0.0,755.453
10.9,0.31,82.63,0.0,684.796
9.79,0.31,73.24,0.0,538.316
9.4,0.31,99.81,0.0,338.474
7.72,0.0,89.27,0.0,123.431
9.62,0.0,64.58,0.0,13.7764
9.15,0.0,21.85,0.0,0.0
9.92,0.0,0.0,0.0,0.0
10.62,0.0,0.0,0.0,0.0
9.45,0.0,0.0,0.0,0.0
9.3,0.0,0.0,0.0,0.0
12.27,0.0,0.0,0.0,0.0
11.28,0.0,0.0,0.0,0.0
11.3,0.0,0.0,0.0,0.0
10.52,0.0,0.0,0.0,0.0
12.57,0.0,0.0,0.0,0.0
14.44,0.55,115.69,0.0,0.0
26.88,1.49,127.78,0.0,69.5651
50.26,2.74,171.8,0.0,231.375
50.61,2.97,181.0,0.0,422.359
51.67,3.05,185.48,0.0,586.624
51.33,3.67,193.39,0.0,687.232
47.01,4.39,189.66,0.0,670.935
50.3,4.1,201.04,0.0,676.7919999999999
43.39,2.58,204.65,0.0,644.0790000000001
42.03,2.51,203.07,0.0,533.604
44.29,3.33,196.11,0.0,400.408
33.49,1.98,167.03,0.0,249.438
19.07,1.58,135.05,0.0,93.8233
17.86,1.17,126.16,0.0,14.5332
19.48,1.32,121.25,0.0,0.0
16.44,0.62,120.41,0.0,0.0
15.9,0.39,0.0,0.0,0.0
16.65,0.39,0.0,0.0,0.0
12.14,0.0,0.0,0.0,0.0
11.84,0.0,0.0,0.0,0.0
10.53,0.0,0.0,0.0,0.0
10.64,0.0,0.0,0.0,0.0
12.37,0.0,0.0,0.0,0.0
11.04,0.0,0.0,0.0,0.0
14.1,0.55,141.01,0.0,0.0
25.66,1.48,145.27,0.0,76.7956
48.74,2.73,189.16,0.0,219.693
39.1,2.96,198.91,0.0,385.44
46.67,3.04,203.84,0.0,518.143
53.67,3.67,210.89,0.0,626.351
54.09,4.37,206.25,0.0,722.0210000000001
53.96,4.09,201.03,0.0,706.19
48.47,2.58,197.79,0.0,667.586
44.01,2.49,194.42,0.0,499.034
46.34,3.33,208.94,0.0,430.978
33.26,1.97,197.47,0.0,283.492
19.98,1.6,161.28,0.0,143.358
17.34,1.15,142.8,0.0,15.5655
15.27,1.31,133.78,0.0,0.0
13.83,0.62,135.09,0.0,0.0
15.67,0.39,0.0,0.0,0.0
16.93,0.39,0.0,0.0,0.0
13.32,0.0,0.0,0.0,0.0
13.46,0.0,0.0,0.0,0.0
14.4,0.0,0.0,0.0,0.0
12.74,0.0,0.0,0.0,0.0
11.79,0.0,0.0,0.0,0.0
12.09,0.0,0.0,0.0,0.0
16.01,0.54,166.28,0.0,0.0
27.18,1.48,155.95,0.0,72.3445
63.0,2.72,183.29,0.0,173.813
46.88,2.96,185.82,0.0,271.841
42.3,3.03,192.19,0.0,395.0580000000001
40.63,3.66,203.52,0.0,481.34
49.99,4.36,204.43,0.0,536.125
55.76,4.08,187.37,0.0,590.258
46.78,2.58,160.8,0.0,499.525
44.99,2.49,147.18,0.0,402.984
48.64,3.32,151.22,0.0,422.106
39.7,1.97,130.46,0.0,282.533
21.18,1.59,122.24,0.0,131.453
16.81,1.15,123.69,0.0,15.6251
16.48,1.3,123.7,0.0,0.0
16.27,0.62,123.27,0.0,0.0
16.53,0.39,0.0,0.0,0.0
18.1,0.39,0.0,0.0,0.0
14.25,0.0,0.0,0.0,0.0
13.97,0.0,0.0,0.0,0.0
14.03,0.0,0.0,0.0,0.0
15.04,0.0,0.0,0.0,0.0
15.06,0.0,0.0,0.0,0.0
15.46,0.0,0.0,0.0,0.0
19.16,0.54,133.91,0.0,0.0
31.29,1.48,135.17,0.0,77.9066
70.91,2.72,166.86,0.0,218.922
60.44,2.95,184.82,0.0,385.455
58.02,3.03,198.37,0.0,537.567
60.38,3.65,199.73,0.0,654.115
58.33,4.35,192.21,0.0,738.914
56.93,4.07,200.24,0.0,767.6060000000001
53.96,2.57,203.19,0.0,781.846
52.88,2.48,206.73,0.0,694.171
57.61,3.31,214.77,0.0,581.9780000000001
47.26,1.97,192.36,0.0,377.017
21.16,1.58,155.02,0.0,168.834
19.6,1.15,136.05,0.0,17.8169
20.77,1.3,126.74,0.0,0.0
17.39,0.62,132.81,0.0,0.0
16.53,0.39,0.0,0.0,0.0
15.78,0.39,0.0,0.0,0.0
13.98,0.0,0.0,0.0,0.0
14.16,0.0,0.0,0.0,0.0
15.06,0.0,0.0,0.0,0.0
13.84,0.0,0.0,0.0,0.0
12.83,0.0,0.0,0.0,0.0
12.02,0.0,0.0,0.0,0.0
16.61,0.54,150.48,0.0,0.0
25.28,1.47,146.86,0.0,78.2683
54.09,2.71,176.14,0.0,215.377
46.1,2.94,177.84,0.0,316.004
49.77,3.02,169.21,0.0,424.581
52.42,3.64,173.36,0.0,491.541
49.53,4.34,183.65,0.0,521.8919999999999
55.99,4.06,194.06,0.0,817.4889999999999
48.97,2.56,195.81,0.0,736.523
44.43,2.48,203.57,0.0,655.807
47.49,3.3,216.74,0.0,572.19
34.43,1.96,200.97,0.0,392.81
18.71,1.56,168.7,0.0,178.83900000000003
18.16,1.16,144.37,0.0,18.0317
18.88,1.31,133.51,0.0,0.0
16.07,0.62,130.06,0.0,0.0
16.6,0.39,0.0,0.0,0.0
17.68,0.39,0.0,0.0,0.0
13.68,0.0,0.0,0.0,0.0
10.44,0.0,0.0,0.0,0.0
9.6,0.0,0.0,0.0,0.0
9.36,0.0,0.0,0.0,0.0
8.28,0.0,0.0,0.0,0.0
8.78,0.0,0.0,0.0,0.0
12.55,0.31,0.0,0.0,0.0
11.99,0.31,0.0,0.0,80.2776
11.84,0.31,48.8,0.0,210.76
12.84,0.31,86.74,0.0,333.829
11.19,0.31,91.04,0.0,482.039
12.68,0.46,44.31,0.0,552.9490000000001
12.69,0.46,13.67,0.0,635.359
13.28,0.7,37.48,0.0,593.8580000000001
14.02,0.46,49.81,0.0,613.245
14.04,0.31,101.01,0.0,506.251
12.64,0.31,83.57,0.0,388.468
11.21,0.31,76.72,0.0,253.807
8.99,0.0,34.56,0.0,107.464
9.19,0.0,0.0,0.0,17.3788
8.66,0.0,0.0,0.0,0.0
8.26,0.0,0.0,0.0,0.0
9.26,0.0,0.0,0.0,0.0
9.72,0.0,0.0,0.0,0.0
8.96,0.0,0.0,0.0,0.0
8.28,0.0,0.0,0.0,0.0
8.67,0.0,0.0,0.0,0.0
9.75,0.0,0.0,0.0,0.0
9.61,0.0,0.0,0.0,0.0
9.42,0.0,0.0,0.0,0.0
12.45,0.31,0.0,0.0,0.0
11.14,0.31,0.0,0.0,74.6833
12.12,0.31,52.66,0.0,188.578
12.25,0.31,96.28,0.0,314.225
12.1,0.31,26.27,0.0,418.756
10.83,0.46,6.65,0.0,501.329
10.71,0.46,52.01,0.0,540.918
11.23,0.69,39.26,0.0,561.465
10.15,0.46,102.81,0.0,583.563
9.95,0.31,84.74,0.0,567.547
10.6,0.31,107.24,0.0,436.294
11.72,0.31,46.99,0.0,276.406
9.85,0.0,31.68,0.0,129.336
10.05,0.0,45.39,0.0,16.8687
10.13,0.0,0.0,0.0,0.0
10.04,0.0,0.0,0.0,0.0
9.79,0.0,0.0,0.0,0.0
9.26,0.0,0.0,0.0,0.0
10.19,0.0,0.0,0.0,0.0
12.01,0.0,0.0,0.0,0.0
12.74,0.0,0.0,0.0,0.0
12.06,0.0,0.0,0.0,0.0
11.21,0.0,0.0,0.0,0.0
13.18,0.0,28.02,0.0,0.0
17.02,0.54,159.32,0.0,0.0
28.14,1.46,154.87,0.0,77.3061
53.14,2.69,192.04,0.0,196.036
48.55,2.92,198.42,0.0,319.603
42.49,3.0,208.34,0.0,430.242
50.81,3.62,214.68,0.0,544.433
48.13,4.34,211.3,0.0,666.9739999999999
50.85,4.03,221.02,0.0,625.035
46.85,2.53,220.4,0.0,584.578
50.54,2.46,220.51,0.0,415.095
47.26,3.29,218.62,0.0,379.912
39.01,1.93,188.48,0.0,250.331
21.28,1.58,149.03,0.0,119.619
16.16,1.12,134.71,0.0,11.8899
14.82,1.27,131.06,0.0,0.0
14.54,0.61,131.12,0.0,0.0
15.37,0.38,0.0,0.0,0.0
14.87,0.38,0.0,0.0,0.0
11.59,0.0,0.0,0.0,0.0
10.43,0.0,0.0,0.0,0.0
12.11,0.0,0.0,0.0,0.0
11.21,0.0,0.0,0.0,0.0
12.07,0.0,0.0,0.0,0.0
13.45,0.0,0.0,0.0,0.0
14.62,0.54,143.46,0.0,0.0
24.94,1.46,142.69,0.0,75.7962
50.82,2.69,186.0,0.0,188.579
44.28,2.92,187.91,0.0,272.296
46.06,2.99,192.36,0.0,361.17800000000005
46.34,3.61,202.56,0.0,422.075
48.95,4.31,202.92,0.0,462.31
50.06,4.02,211.89,0.0,503.574
50.38,2.53,212.63,0.0,487.827
50.85,2.46,217.92,0.0,480.064
55.04,3.27,220.14,0.0,412.475
38.87,1.94,192.91,0.0,281.131
20.59,1.55,158.32,0.0,127.456
16.1,1.1,144.5,0.0,18.7033
16.71,1.25,136.53,0.0,0.0
16.64,0.6,135.62,0.0,0.0
15.55,0.38,0.0,0.0,0.0
14.97,0.38,0.0,0.0,0.0
11.06,0.0,0.0,0.0,0.0
10.45,0.0,0.0,0.0,0.0
10.9,0.0,0.0,0.0,0.0
12.33,0.0,0.0,0.0,0.0
11.07,0.0,0.0,0.0,0.0
11.55,0.0,0.0,0.0,0.0
12.92,0.54,143.97,0.0,0.0
27.9,1.45,157.26,0.0,65.4807
51.88,2.68,201.92,0.0,220.954
50.49,2.91,204.99,0.0,401.88
42.98,2.99,207.89,0.0,514.187
43.16,3.6,214.57,0.0,585.253
45.52,4.29,215.08,0.0,634.8530000000001
45.25,4.02,223.65,0.0,668.7
43.05,2.53,225.28,0.0,674.716
42.3,2.45,237.65,0.0,653.033
52.06,3.26,241.67,0.0,527.633
45.52,1.94,217.4,0.0,370.051
23.36,1.54,183.18,0.0,171.627
20.77,1.09,160.0,0.0,20.2905
18.91,1.24,143.58,0.0,0.0
16.37,0.6,140.07,0.0,0.0
17.5,0.38,0.0,0.0,0.0
15.62,0.38,0.0,0.0,0.0
11.99,0.0,0.0,0.0,0.0
13.11,0.0,0.0,0.0,0.0
12.52,0.0,0.0,0.0,0.0
13.59,0.0,0.0,0.0,0.0
11.92,0.0,0.0,0.0,0.0
10.88,0.0,0.0,0.0,0.0
14.96,0.53,151.7,0.0,0.0
23.22,1.45,170.91,0.0,65.1699
49.38,2.67,218.9,0.0,218.544
47.12,2.9,216.17,0.0,394.139
44.01,2.98,218.25,0.0,514.007
42.73,3.59,230.92,0.0,607.2130000000001
44.41,4.28,228.47,0.0,657.622
49.21,4.01,237.68,0.0,616.859
51.53,2.52,241.82,0.0,558.624
45.52,2.45,244.19,0.0,481.185
53.56,3.26,244.34,0.0,382.549
38.38,1.93,215.83,0.0,265.35400000000004
17.12,1.54,179.66,0.0,127.209
14.33,1.09,164.23,0.0,19.4716
13.76,1.24,154.63,0.0,0.0
14.41,0.6,151.45,0.0,0.0
16.05,0.38,0.0,0.0,0.0
14.57,0.38,0.0,0.0,0.0
13.11,0.0,0.0,0.0,0.0
12.0,0.0,0.0,0.0,0.0
11.19,0.0,0.0,0.0,0.0
12.51,0.0,0.0,0.0,0.0
12.96,0.0,0.0,0.0,0.0
11.36,0.0,0.0,0.0,0.0
14.03,0.53,158.53,0.0,0.0
25.45,1.45,185.97,0.0,65.6902
60.9,2.67,231.16,0.0,211.738
56.41,2.9,227.87,0.0,368.573
52.61,2.97,229.89,0.0,502.746
55.43,3.58,238.06,0.0,574.63
60.7,4.28,236.61,0.0,630.031
62.45,4.0,249.58,0.0,595.4540000000001
58.02,2.51,252.24,0.0,561.844
55.23,2.44,257.37,0.0,480.4
57.35,3.25,261.95,0.0,409.294
47.18,1.92,232.7,0.0,261.543
24.0,1.54,200.21,0.0,127.295
20.77,1.1,180.33,0.0,18.2142
20.77,1.25,169.39,0.0,0.0
19.16,0.6,161.0,0.0,0.0
18.38,0.38,0.0,0.0,0.0
19.16,0.38,0.0,0.0,0.0
15.27,0.0,0.0,0.0,0.0
11.25,0.0,0.0,0.0,0.0
11.6,0.0,0.0,0.0,0.0
11.6,0.0,0.0,0.0,0.0
11.6,0.0,0.0,0.0,0.0
10.98,0.0,0.0,0.0,0.0
19.16,0.53,170.55,0.0,0.0
25.61,0.84,168.76,0.0,77.2107
29.59,1.14,175.49,0.0,192.621
32.41,1.6,178.34,0.0,333.725
30.44,1.45,186.52,0.0,417.94
34.02,1.75,192.62,0.0,527.09
25.23,1.52,189.46,0.0,642.434
20.24,1.45,182.57,0.0,609.97
17.75,1.14,188.12,0.0,579.591
15.57,0.99,202.39,0.0,522.632
16.93,1.07,206.07,0.0,436.172
15.58,0.53,164.26,0.0,276.74
14.37,0.53,104.69,0.0,132.877
10.58,0.0,108.4,0.0,21.3134
9.69,0.0,13.1,0.0,0.0
10.0,0.0,0.0,0.0,0.0
8.81,0.0,0.0,0.0,0.0
9.3,0.0,0.0,0.0,0.0
10.44,0.0,0.0,0.0,0.0
10.54,0.0,0.0,0.0,0.0
11.26,0.0,0.0,0.0,0.0
11.2,0.0,0.0,0.0,0.0
11.6,0.0,0.0,0.0,0.0
11.6,0.0,0.0,0.0,0.0
14.37,0.3,55.73,0.0,0.0
14.37,0.3,117.7,0.0,58.7277
14.37,0.3,139.05,0.0,227.928
14.03,0.3,106.03,0.0,433.174
13.2,0.3,119.58,0.0,597.736
13.94,0.46,127.14,0.0,680.6389999999999
14.37,0.46,95.26,0.0,657.4110000000001
14.37,0.68,111.27,0.0,676.2539999999999
13.56,0.46,120.51,0.0,672.0930000000001
13.12,0.3,99.43,0.0,626.674
12.14,0.3,128.79,0.0,551.336
12.59,0.3,148.21,0.0,364.412
9.85,0.0,101.21,0.0,179.229
9.41,0.0,105.76,0.0,22.2032
10.18,0.0,102.63,0.0,0.0
10.67,0.0,13.89,0.0,0.0
10.19,0.0,13.77,0.0,0.0
9.87,0.0,0.0,0.0,0.0
10.53,0.0,0.0,0.0,0.0
12.22,0.0,0.0,0.0,0.0
12.2,0.0,0.0,0.0,0.0
12.11,0.0,0.0,0.0,0.0
11.14,0.0,0.0,0.0,0.0
10.51,0.0,61.1,0.0,0.0
14.97,0.53,168.73,0.0,0.0
27.52,1.44,209.28,0.0,54.7011
65.1,2.65,260.3,0.0,228.787
54.51,2.88,251.17,0.0,427.668
48.39,2.95,253.87,0.0,564.389
45.45,3.56,257.19,0.0,654.755
48.86,4.28,250.08,0.0,694.395
47.34,3.96,261.09,0.0,778.686
43.97,2.51,261.62,0.0,757.846
49.22,2.42,264.06,0.0,684.44
52.63,3.23,267.28,0.0,560.36
44.87,1.92,241.71,0.0,387.12
19.46,1.51,206.17,0.0,186.88
17.89,1.13,173.87,0.0,22.481
16.28,1.29,147.17,0.0,0.0
13.33,0.61,141.94,0.0,0.0
15.63,0.38,0.0,0.0,0.0
15.08,0.38,0.0,0.0,0.0
12.95,0.0,0.0,0.0,0.0
12.22,0.0,0.0,0.0,0.0
12.02,0.0,0.0,0.0,0.0
13.46,0.0,0.0,0.0,0.0
14.68,0.0,0.0,0.0,0.0
13.75,0.0,65.6,0.0,0.0
14.82,0.53,178.12,0.0,0.0
25.22,1.44,179.69,0.0,77.7545
49.89,2.65,229.33,0.0,202.328
45.36,2.87,231.55,0.0,313.065
41.93,2.95,235.7,0.0,424.259
41.39,3.55,210.32,0.0,403.684
41.66,4.27,188.25,0.0,392.288
47.61,3.95,198.88,0.0,419.463
50.25,2.5,204.14,0.0,465.557
52.23,2.42,216.33,0.0,435.906
60.32,3.22,235.78,0.0,410.437
48.93,1.91,197.45,0.0,305.945
24.0,1.51,160.31,0.0,144.205
19.45,1.08,157.86,0.0,22.7341
19.67,1.23,149.55,0.0,0.0
19.16,0.59,150.16,0.0,0.0
19.16,0.38,0.0,0.0,0.0
19.16,0.38,0.0,0.0,0.0
14.5,0.0,0.0,0.0,0.0
13.86,0.0,0.0,0.0,0.0
12.64,0.0,0.0,0.0,0.0
11.28,0.0,0.0,0.0,0.0
10.6,0.0,0.0,0.0,0.0
12.51,0.0,0.0,0.0,0.0
15.0,0.53,138.09,0.0,0.0
27.76,1.43,142.23,0.0,65.2607
63.75,2.64,195.13,0.0,235.811
49.69,2.87,188.82,0.0,419.008
45.74,2.94,191.02,0.0,570.206
45.07,3.55,194.07,0.0,664.012
50.08,4.24,187.33,0.0,753.1039999999999
56.01,3.95,198.93,0.0,737.698
53.14,2.48,208.22,0.0,783.297
57.32,2.41,221.88,0.0,715.7810000000001
61.26,3.22,235.11,0.0,598.558
48.92,1.89,212.39,0.0,428.981
23.18,1.56,174.34,0.0,213.904
19.31,1.11,145.72,0.0,24.0406
17.2,1.26,121.43,0.0,0.0
14.76,0.6,118.68,0.0,0.0
16.15,0.38,0.0,0.0,0.0
16.86,0.38,0.0,0.0,0.0
12.29,0.0,0.0,0.0,0.0
13.4,0.0,0.0,0.0,0.0
11.85,0.0,0.0,0.0,0.0
13.52,0.0,0.0,0.0,0.0
12.57,0.0,0.0,0.0,0.0
11.73,0.0,0.0,0.0,0.0
15.86,0.53,143.49,0.0,0.0
26.79,1.43,155.79,0.0,72.9593
56.04,2.64,210.29,0.0,219.912
48.37,2.86,210.15,0.0,407.071
45.13,2.94,206.74,0.0,580.339
45.49,3.54,206.84,0.0,713.7460000000001
44.16,4.25,205.25,0.0,701.596
44.43,3.94,221.92,0.0,684.179
38.65,2.49,223.06,0.0,632.085
37.75,2.4,231.56,0.0,638.0840000000001
49.47,3.21,236.1,0.0,505.657
38.18,1.91,205.33,0.0,335.86800000000005
19.84,1.5,165.68,0.0,138.036
17.19,1.13,146.3,0.0,23.7924
15.96,1.28,126.63,0.0,0.0
13.92,0.6,124.44,0.0,0.0
14.94,0.38,0.0,0.0,0.0
13.39,0.38,0.0,0.0,0.0
11.36,0.0,0.0,0.0,0.0
13.1,0.0,0.0,0.0,0.0
11.7,0.0,0.0,0.0,0.0
11.02,0.0,0.0,0.0,0.0
11.01,0.0,0.0,0.0,0.0
11.4,0.0,58.96,0.0,0.0
15.3,0.53,168.45,0.0,0.0
29.59,1.43,166.75,0.0,57.0628
64.3,2.63,158.38,0.0,118.152
48.98,2.86,136.07,0.0,175.335
47.1,2.93,133.51,0.0,256.431
51.98,3.53,137.36,0.0,404.989
46.4,4.25,141.9,0.0,497.176
51.12,3.93,155.05,0.0,420.564
43.75,2.48,161.36,0.0,447.898
50.35,2.4,176.53,0.0,436.386
50.85,3.2,189.17,0.0,336.19699999999995
43.76,1.9,156.68,0.0,212.862
19.32,1.52,123.57,0.0,100.179
15.15,1.08,121.58,0.0,15.6225
17.49,1.23,121.05,0.0,0.0
14.27,0.59,121.4,0.0,0.0
14.83,0.38,0.0,0.0,0.0
14.83,0.38,0.0,0.0,0.0
13.19,0.0,0.0,0.0,0.0
10.47,0.0,0.0,0.0,0.0
9.37,0.0,0.0,0.0,0.0
9.37,0.0,0.0,0.0,0.0
10.09,0.0,0.0,0.0,0.0
9.66,0.0,0.0,0.0,0.0
16.63,0.52,126.8,0.0,0.0
22.43,0.82,145.35,0.0,51.2436
23.44,1.12,162.45,0.0,231.361
28.62,1.57,173.14,0.0,449.9980000000001
24.92,1.42,176.9,0.0,583.953
28.41,1.72,176.19,0.0,678.806
19.17,1.5,163.95,0.0,640.974
17.38,1.42,160.0,0.0,773.9630000000001
17.34,1.12,168.9,0.0,692.008
14.79,0.97,179.15,0.0,716.686
15.18,1.05,180.09,0.0,614.425
12.98,0.52,150.32,0.0,438.342
12.11,0.52,112.33,0.0,210.855
9.85,0.0,107.95,0.0,24.9917
10.57,0.0,0.0,0.0,0.0
10.71,0.0,0.0,0.0,0.0
11.4,0.0,0.0,0.0,0.0
11.6,0.0,0.0,0.0,0.0
10.99,0.0,0.0,0.0,0.0
9.88,0.0,0.0,0.0,0.0
10.35,0.0,0.0,0.0,0.0
10.04,0.0,0.0,0.0,0.0
8.8,0.0,0.0,0.0,0.0
8.02,0.0,0.0,0.0,0.0
10.54,0.3,54.94,0.0,0.0
11.78,0.3,107.71,0.0,43.0686
10.87,0.3,129.44,0.0,236.55
11.09,0.3,101.35,0.0,441.47
11.4,0.3,114.91,0.0,603.861
11.3,0.45,114.48,0.0,638.073
12.56,0.45,89.91,0.0,671.26
10.98,0.67,88.79,0.0,826.086
11.2,0.45,108.48,0.0,798.827
10.17,0.3,90.65,0.0,704.105
9.81,0.3,107.49,0.0,592.987
11.94,0.3,119.73,0.0,444.475
8.75,0.0,86.87,0.0,214.586
8.89,0.0,94.5,0.0,26.4005
9.39,0.0,57.33,0.0,0.0
9.97,0.0,11.81,0.0,0.0
8.69,0.0,0.0,0.0,0.0
8.74,0.0,0.0,0.0,0.0
9.06,0.0,0.0,0.0,0.0
12.45,0.0,0.0,0.0,0.0
12.14,0.0,0.0,0.0,0.0
11.66,0.0,0.0,0.0,0.0
11.71,0.0,0.0,0.0,0.0
13.06,0.0,53.56,0.0,0.0
15.64,0.52,158.02,0.0,0.0
25.08,1.42,171.07,0.0,76.4415
54.31,2.61,220.66,0.0,201.938
51.98,2.84,226.13,0.0,347.213
47.75,2.91,236.42,0.0,474.913
49.74,3.51,237.34,0.0,595.194
53.0,4.22,210.61,0.0,674.1139999999999
47.69,3.92,218.47,0.0,779.311
48.18,2.46,236.85,0.0,783.077
52.1,2.39,245.27,0.0,743.8789999999999
57.52,3.19,238.64,0.0,585.211
42.16,1.87,208.11,0.0,360.474
18.97,1.53,177.13,0.0,145.157
14.88,1.09,162.02,0.0,25.4925
17.48,1.24,143.1,0.0,0.0
14.19,0.59,138.79,0.0,0.0
15.64,0.37,0.0,0.0,0.0
15.67,0.37,0.0,0.0,0.0
12.64,0.0,0.0,0.0,0.0
11.6,0.0,0.0,0.0,0.0
11.34,0.0,0.0,0.0,0.0
12.39,0.0,0.0,0.0,0.0
10.86,0.0,0.0,0.0,0.0
13.11,0.0,0.0,0.0,0.0
17.14,0.52,169.77,0.0,0.0
31.37,1.42,204.78,0.0,43.4145
65.95,2.61,247.25,0.0,221.308
51.35,2.83,238.62,0.0,431.807
43.07,2.91,237.96,0.0,578.177
51.63,3.5,241.56,0.0,713.5010000000001
54.33,4.21,235.17,0.0,690.008
57.1,3.9,243.79,0.0,797.07
54.34,2.47,243.88,0.0,781.926
50.98,2.38,253.53,0.0,728.449
55.14,3.18,252.89,0.0,586.7919999999999
44.8,1.88,225.64,0.0,403.597
20.36,1.51,190.83,0.0,198.505
16.51,1.07,164.56,0.0,26.0832
15.95,1.22,141.92,0.0,0.0
14.09,0.59,143.41,0.0,0.0
16.42,0.37,0.0,0.0,0.0
15.59,0.37,0.0,0.0,0.0
11.07,0.0,0.0,0.0,0.0
12.16,0.0,0.0,0.0,0.0
12.0,0.0,0.0,0.0,0.0
13.09,0.0,0.0,0.0,0.0
11.8,0.0,0.0,0.0,0.0
11.87,0.0,12.88,0.0,0.0
16.74,0.52,153.28,0.0,0.0
29.07,1.41,194.14,0.0,45.7837
58.63,2.6,242.63,0.0,226.903
48.62,2.83,232.82,0.0,436.661
49.25,2.9,231.2,0.0,604.251
49.57,3.5,235.84,0.0,717.211
51.39,4.2,228.81,0.0,781.29
47.18,3.89,243.1,0.0,770.525
42.21,2.46,248.5,0.0,727.947
44.17,2.38,255.66,0.0,697.747
41.92,3.17,261.38,0.0,556.315
35.24,1.88,239.16,0.0,440.302
18.88,1.5,203.32,0.0,222.599
16.66,1.07,173.09,0.0,27.8379
17.26,1.22,142.13,0.0,0.0
16.07,0.59,138.4,0.0,0.0
16.59,0.37,0.0,0.0,0.0
16.32,0.37,0.0,0.0,0.0
12.7,0.0,0.0,0.0,0.0
12.32,0.0,0.0,0.0,0.0
12.13,0.0,0.0,0.0,0.0
13.23,0.0,0.0,0.0,0.0
12.52,0.0,0.0,0.0,0.0
12.52,0.0,53.61,0.0,0.0
16.23,0.52,153.05,0.0,0.0
27.25,1.41,194.3,0.0,46.9592
51.02,2.6,241.25,0.0,219.878
41.63,2.82,233.13,0.0,416.92800000000005
41.81,2.9,229.78,0.0,538.997
51.46,3.49,232.12,0.0,603.165
56.99,4.19,224.21,0.0,655.971
52.48,3.88,238.16,0.0,764.3910000000001
44.37,2.46,248.38,0.0,769.5269999999999
50.56,2.37,250.19,0.0,699.933
52.62,3.17,243.14,0.0,599.466
39.68,1.87,216.1,0.0,410.337
18.06,1.5,185.88,0.0,209.165
16.87,1.07,160.13,0.0,27.1867
14.83,1.22,133.85,0.0,0.0
14.73,0.59,135.36,0.0,0.0
14.16,0.37,0.0,0.0,0.0
15.78,0.37,0.0,0.0,0.0
13.02,0.0,0.0,0.0,0.0
14.09,0.0,0.0,0.0,0.0
14.86,0.0,0.0,0.0,0.0
13.94,0.0,0.0,0.0,0.0
12.34,0.0,0.0,0.0,0.0
12.04,0.0,49.4,0.0,0.0
16.75,0.52,140.79,0.0,0.0
25.41,1.41,163.54,0.0,66.2892
48.37,2.6,233.36,0.0,220.80900000000003
48.15,2.82,232.97,0.0,432.881
43.89,2.89,233.07,0.0,588.559
52.02,3.49,236.89,0.0,700.9110000000001
50.87,4.19,226.42,0.0,773.677
52.49,3.87,235.5,0.0,778.07
47.52,2.45,230.94,0.0,659.304
52.66,2.37,241.22,0.0,650.8290000000001
57.33,3.16,256.85,0.0,507.867
41.63,1.87,227.8,0.0,351.147
20.91,1.51,191.2,0.0,148.815
17.52,1.07,169.02,0.0,26.0945
15.68,1.22,146.31,0.0,0.0
16.0,0.59,139.64,0.0,0.0
14.83,0.37,0.0,0.0,0.0
13.56,0.37,0.0,0.0,0.0
11.77,0.0,0.0,0.0,0.0
9.71,0.0,0.0,0.0,0.0
10.5,0.0,0.0,0.0,0.0
9.58,0.0,0.0,0.0,0.0
8.6,0.0,0.0,0.0,0.0
8.82,0.0,0.0,0.0,0.0
14.15,0.52,159.93,0.0,0.0
18.16,0.81,177.21,0.0,48.0779
22.48,1.11,186.15,0.0,223.377
24.71,1.55,194.72,0.0,425.673
26.17,1.41,198.74,0.0,600.755
29.66,1.7,197.42,0.0,714.206
23.84,1.48,178.36,0.0,702.413
21.9,1.41,177.68,0.0,757.0169999999999
19.99,1.11,186.57,0.0,767.3889999999999
17.05,0.96,190.2,0.0,671.7230000000001
15.7,1.04,193.62,0.0,545.701
14.81,0.52,153.6,0.0,353.528
10.98,0.52,110.9,0.0,155.30700000000002
8.98,0.0,114.82,0.0,26.7969
10.13,0.0,5.56,0.0,0.0
9.45,0.0,11.65,0.0,0.0
10.25,0.0,0.0,0.0,0.0
8.94,0.0,0.0,0.0,0.0
8.58,0.0,0.0,0.0,0.0
9.74,0.0,0.0,0.0,0.0
8.71,0.0,0.0,0.0,0.0
8.2,0.0,0.0,0.0,0.0
8.78,0.0,0.0,0.0,0.0
9.79,0.0,0.0,0.0,0.0
12.4,0.3,13.21,0.0,0.0
12.95,0.3,101.73,0.0,73.4512
13.96,0.3,99.72,0.0,204.371
13.23,0.3,131.4,0.0,368.193
11.9,0.3,116.16,0.0,486.221
11.53,0.44,102.43,0.0,574.706
10.4,0.44,132.45,0.0,655.4739999999999
9.84,0.67,106.48,0.0,645.164
9.7,0.44,50.09,0.0,612.563
11.61,0.3,20.61,0.0,472.631
11.88,0.3,0.0,0.0,263.793
11.01,0.3,22.64,0.0,183.088
8.12,0.0,0.0,0.0,75.7423
9.43,0.0,0.0,0.0,23.4526
8.35,0.0,0.0,0.0,0.0
9.61,0.0,0.0,0.0,0.0
9.88,0.0,0.0,0.0,0.0
9.37,0.0,0.0,0.0,0.0
8.94,0.0,0.0,0.0,0.0
12.37,0.0,0.0,0.0,0.0
13.55,0.0,0.0,0.0,0.0
12.65,0.0,0.0,0.0,0.0
13.47,0.0,0.0,0.0,0.0
13.08,0.0,56.95,0.0,0.0
17.67,0.52,159.81,0.0,0.0
29.79,1.4,171.3,0.0,73.8858
64.15,2.58,227.23,0.0,197.889
51.58,2.8,236.23,0.0,310.519
43.63,2.88,244.02,0.0,412.797
47.3,3.47,249.72,0.0,509.854
43.47,4.18,249.21,0.0,526.357
50.93,3.86,264.4,0.0,534.321
42.37,2.42,262.0,0.0,493.591
41.62,2.36,256.01,0.0,396.4980000000001
48.4,3.15,198.54,0.0,276.821
34.94,1.86,141.91,0.0,140.078
18.72,1.48,120.59,0.0,83.9477
14.66,1.1,127.22,0.0,19.1031
15.85,1.25,130.16,0.0,0.0
16.12,0.59,125.78,0.0,0.0
14.21,0.37,0.0,0.0,0.0
16.22,0.37,0.0,0.0,0.0
12.55,0.0,0.0,0.0,0.0
13.04,0.0,0.0,0.0,0.0
12.35,0.0,0.0,0.0,0.0
13.3,0.0,0.0,0.0,0.0
12.32,0.0,0.0,0.0,0.0
12.05,0.0,0.0,0.0,0.0
14.47,0.52,164.46,0.0,0.0
23.66,1.4,173.75,0.0,72.7844
49.67,2.58,222.53,0.0,197.358
47.32,2.8,226.21,0.0,318.385
48.6,2.87,235.32,0.0,424.124
46.24,3.46,240.46,0.0,534.641
53.46,4.18,234.35,0.0,523.447
47.77,3.86,251.4,0.0,502.761
46.97,2.42,233.58,0.0,370.745
44.94,2.35,205.21,0.0,335.357
51.83,3.14,183.98,0.0,219.813
37.35,1.86,164.59,0.0,154.511
17.53,1.48,147.7,0.0,83.7818
14.99,1.1,144.48,0.0,22.7681
15.08,1.25,141.32,0.0,0.0
12.93,0.59,138.26,0.0,0.0
15.64,0.37,0.0,0.0,0.0
14.38,0.37,0.0,0.0,0.0
10.98,0.0,0.0,0.0,0.0
12.14,0.0,0.0,0.0,0.0
10.9,0.0,0.0,0.0,0.0
11.18,0.0,0.0,0.0,0.0
11.42,0.0,0.0,0.0,0.0
12.64,0.0,0.0,0.0,0.0
16.27,0.51,147.17,0.0,0.0
28.57,1.4,143.09,0.0,73.7597
52.79,2.57,188.68,0.0,194.149
49.0,2.79,198.81,0.0,347.241
43.75,2.87,207.14,0.0,476.229
50.99,3.46,219.91,0.0,574.743
53.0,4.17,219.89,0.0,686.293
55.56,3.85,235.1,0.0,646.752
45.89,2.42,240.67,0.0,609.686
51.19,2.34,237.67,0.0,469.844
47.06,3.14,217.03,0.0,324.404
33.65,1.86,173.76,0.0,211.612
16.31,1.46,140.82,0.0,86.9209
15.64,1.1,136.77,0.0,21.0199
16.32,1.25,128.01,0.0,0.0
15.64,0.59,122.8,0.0,0.0
15.2,0.37,0.0,0.0,0.0
15.57,0.37,0.0,0.0,0.0
11.87,0.0,0.0,0.0,0.0
10.78,0.0,0.0,0.0,0.0
11.17,0.0,0.0,0.0,0.0
10.83,0.0,0.0,0.0,0.0
10.29,0.0,0.0,0.0,0.0
12.43,0.0,0.0,0.0,0.0
13.55,0.51,137.58,0.0,0.0
22.68,1.4,138.34,0.0,70.6799
51.67,2.57,182.42,0.0,181.332
49.78,2.79,204.54,0.0,315.994
51.25,2.86,223.23,0.0,477.281
47.0,3.45,235.72,0.0,605.8430000000001
54.68,4.17,236.31,0.0,699.0830000000001
55.61,3.84,247.88,0.0,650.5790000000001
48.23,2.41,234.21,0.0,583.511
50.03,2.34,220.23,0.0,451.114
49.31,3.13,214.06,0.0,348.1
42.63,1.86,190.5,0.0,255.29
18.91,1.46,139.61,0.0,89.0893
15.87,1.04,131.97,0.0,7.062239999999999
18.06,1.19,137.05,0.0,0.0
18.02,0.58,128.19,0.0,0.0
16.08,0.37,0.0,0.0,0.0
17.35,0.37,0.0,0.0,0.0
13.79,0.0,0.0,0.0,0.0
13.78,0.0,0.0,0.0,0.0
12.71,0.0,0.0,0.0,0.0
13.5,0.0,0.0,0.0,0.0
13.2,0.0,0.0,0.0,0.0
14.31,0.0,0.0,0.0,0.0
16.98,0.51,154.74,0.0,0.0
31.49,1.39,153.77,0.0,68.9825
70.91,2.57,187.65,0.0,173.765
60.44,2.79,193.24,0.0,322.454
58.01,2.86,200.02,0.0,477.544
59.02,3.45,199.45,0.0,591.864
53.74,4.14,193.07,0.0,684.477
53.17,3.83,212.19,0.0,650.058
45.99,2.42,230.37,0.0,619.393
46.16,2.35,241.29,0.0,488.365
47.01,3.12,225.48,0.0,394.0630000000001
37.7,1.83,197.4,0.0,262.509
18.26,1.51,138.62,0.0,92.174
17.68,1.08,124.69,0.0,7.12987
15.61,1.23,122.14,0.0,0.0
15.97,0.58,119.1,0.0,0.0
16.86,0.37,0.0,0.0,0.0
16.02,0.37,0.0,0.0,0.0
13.25,0.0,0.0,0.0,0.0
9.85,0.0,0.0,0.0,0.0
9.67,0.0,0.0,0.0,0.0
10.24,0.0,0.0,0.0,0.0
9.15,0.0,0.0,0.0,0.0
9.11,0.0,0.0,0.0,0.0
15.77,0.51,160.6,0.0,0.0
23.4,0.81,161.9,0.0,69.5684
23.84,1.1,175.72,0.0,185.457
24.65,1.54,191.1,0.0,330.095
22.5,1.39,202.84,0.0,499.87
26.74,1.68,204.27,0.0,632.192
21.38,1.46,198.37,0.0,730.9630000000001
17.33,1.39,199.46,0.0,716.541
16.34,1.1,203.43,0.0,663.922
14.25,0.95,206.5,0.0,589.227
13.09,1.02,205.8,0.0,479.556
10.95,0.51,171.43,0.0,314.723
9.84,0.51,115.98,0.0,160.30100000000002
8.87,0.0,101.28,0.0,26.5741
10.04,0.0,0.0,0.0,0.0
9.79,0.0,0.0,0.0,0.0
10.31,0.0,0.0,0.0,0.0
10.94,0.0,0.0,0.0,0.0
10.09,0.0,0.0,0.0,0.0
10.73,0.0,0.0,0.0,0.0
11.08,0.0,0.0,0.0,0.0
11.6,0.0,0.0,0.0,0.0
11.6,0.0,0.0,0.0,0.0
10.53,0.0,0.0,0.0,0.0
12.88,0.29,8.31,0.0,0.0
13.64,0.29,120.08,0.0,70.4305
13.69,0.29,129.18,0.0,197.93
14.27,0.29,127.98,0.0,356.75300000000004
12.95,0.29,128.76,0.0,480.774
13.16,0.44,124.26,0.0,615.821
13.57,0.44,120.48,0.0,692.562
13.22,0.66,104.71,0.0,725.438
13.41,0.44,107.14,0.0,738.6610000000001
11.89,0.29,122.69,0.0,647.135
10.43,0.29,130.76,0.0,591.0459999999999
12.12,0.29,131.28,0.0,417.136
9.44,0.0,129.18,0.0,210.169
9.02,0.0,122.48,0.0,30.6432
8.42,0.0,101.68,0.0,0.0
8.62,0.0,29.6,0.0,0.0
7.9,0.0,50.08,0.0,0.0
8.31,0.0,0.0,0.0,0.0
7.99,0.0,0.0,0.0,0.0
11.79,0.0,0.0,0.0,0.0
11.07,0.0,0.0,0.0,0.0
12.61,0.0,0.0,0.0,0.0
13.81,0.0,0.0,0.0,0.0
14.25,0.0,62.77,0.0,0.0
18.45,0.51,177.83,0.0,0.0
28.9,1.39,224.83,0.0,39.1543
66.24,2.55,268.41,0.0,215.634
54.24,2.77,257.78,0.0,433.656
45.14,2.85,256.47,0.0,589.43
46.79,3.43,260.7,0.0,680.285
44.43,4.15,255.59,0.0,737.7719999999999
47.53,3.82,271.23,0.0,785.898
49.48,2.4,277.02,0.0,781.02
43.26,2.33,282.83,0.0,702.796
51.75,3.11,291.19,0.0,585.941
45.26,1.85,270.57,0.0,404.651
21.71,1.47,233.59,0.0,211.335
17.69,1.05,202.64,0.0,29.8847
17.67,1.2,174.7,0.0,0.0
16.26,0.58,165.12,0.0,0.0
17.78,0.36,0.0,0.0,0.0
15.84,0.36,0.0,0.0,0.0
12.91,0.0,0.0,0.0,0.0
12.46,0.0,0.0,0.0,0.0
10.94,0.0,0.0,0.0,0.0
11.95,0.0,0.0,0.0,0.0
11.32,0.0,0.0,0.0,0.0
11.57,0.0,57.68,0.0,0.0
14.7,0.51,160.29,0.0,0.0
29.13,1.39,196.52,0.0,56.1246
66.14,2.55,251.51,0.0,205.813
52.24,2.77,249.33,0.0,390.292
47.68,2.84,251.05,0.0,525.033
43.44,3.43,254.27,0.0,626.758
50.11,4.12,249.56,0.0,722.569
44.64,3.82,259.1,0.0,769.885
40.72,2.39,262.45,0.0,727.2510000000001
37.86,2.33,274.18,0.0,655.818
43.36,3.11,279.46,0.0,505.855
34.44,1.84,249.86,0.0,374.777
15.73,1.46,217.51,0.0,190.722
15.6,1.09,191.78,0.0,28.9241
14.68,1.24,168.96,0.0,0.0
13.59,0.58,170.54,0.0,0.0
14.06,0.36,0.0,0.0,0.0
13.11,0.36,0.0,0.0,0.0
12.33,0.0,0.0,0.0,0.0
11.23,0.0,0.0,0.0,0.0
12.06,0.0,0.0,0.0,0.0
12.66,0.0,0.0,0.0,0.0
11.22,0.0,0.0,0.0,0.0
10.92,0.0,64.89,0.0,0.0
13.07,0.51,176.89,0.0,0.0
27.19,1.38,208.61,0.0,54.3725
53.57,2.55,256.72,0.0,207.254
46.21,2.77,256.82,0.0,393.585
40.84,2.84,263.63,0.0,557.439
41.99,3.42,264.49,0.0,678.8760000000001
43.59,4.14,254.87,0.0,592.8330000000001
51.4,3.81,264.95,0.0,604.0169999999999
45.51,2.4,263.08,0.0,583.195
46.8,2.32,265.99,0.0,539.528
48.29,3.1,266.72,0.0,434.15
36.9,1.84,231.17,0.0,270.064
20.77,1.47,199.33,0.0,125.792
19.31,1.05,172.55,0.0,19.7927
18.4,1.2,152.68,0.0,0.0
15.52,0.58,138.55,0.0,0.0
14.23,0.36,0.0,0.0,0.0
14.85,0.36,0.0,0.0,0.0
11.83,0.0,0.0,0.0,0.0
11.35,0.0,0.0,0.0,0.0
12.25,0.0,0.0,0.0,0.0
12.65,0.0,0.0,0.0,0.0
13.99,0.0,0.0,0.0,0.0
15.01,0.0,0.0,0.0,0.0
19.16,0.51,137.71,0.0,0.0
31.72,1.38,143.78,0.0,69.8107
70.91,2.54,208.53,0.0,192.616
59.71,2.76,218.88,0.0,332.051
58.02,2.84,229.48,0.0,455.902
60.44,3.42,233.55,0.0,556.7330000000001
58.45,4.12,226.38,0.0,631.9119999999999
52.92,3.81,235.93,0.0,627.114
50.27,2.39,235.79,0.0,600.859
44.28,2.31,242.5,0.0,542.293
52.89,3.1,248.18,0.0,431.237
42.55,1.85,217.0,0.0,292.257
21.52,1.45,178.58,0.0,152.638
18.0,1.04,155.77,0.0,27.6701
17.39,1.19,141.1,0.0,0.0
15.94,0.57,137.74,0.0,0.0
15.25,0.36,0.0,0.0,0.0
15.28,0.36,0.0,0.0,0.0
13.06,0.0,0.0,0.0,0.0
9.05,0.0,0.0,0.0,0.0
9.44,0.0,0.0,0.0,0.0
9.28,0.0,0.0,0.0,0.0
9.89,0.0,0.0,0.0,0.0
8.57,0.0,0.0,0.0,0.0
11.26,0.29,63.24,0.0,0.0
12.57,0.29,106.62,0.0,54.3912
12.29,0.29,107.44,0.0,206.891
11.47,0.29,73.34,0.0,375.12
10.58,0.29,112.8,0.0,573.178
11.69,0.44,111.34,0.0,715.988
12.93,0.44,73.62,0.0,779.779
12.98,0.65,96.6,0.0,802.462
13.33,0.44,109.15,0.0,769.007
14.24,0.29,83.52,0.0,687.235
13.88,0.29,96.08,0.0,570.981
14.37,0.29,108.9,0.0,393.414
11.6,0.0,83.09,0.0,199.328
10.78,0.0,88.15,0.0,29.8074
11.6,0.0,80.91,0.0,0.0
10.87,0.0,4.76,0.0,0.0
10.06,0.0,9.85,0.0,0.0
9.33,0.0,0.0,0.0,0.0
8.93,0.0,0.0,0.0,0.0
10.23,0.0,0.0,0.0,0.0
10.96,0.0,0.0,0.0,0.0
10.48,0.0,0.0,0.0,0.0
9.32,0.0,0.0,0.0,0.0
9.92,0.0,44.03,0.0,0.0
16.25,0.51,121.39,0.0,0.0
23.43,0.8,128.95,0.0,66.6533
25.45,1.09,143.91,0.0,205.288
24.84,1.52,152.57,0.0,382.056
25.96,1.38,158.85,0.0,547.101
25.68,1.67,157.51,0.0,665.1439999999999
21.54,1.45,146.04,0.0,724.195
19.13,1.38,144.18,0.0,774.914
15.79,1.09,141.62,0.0,772.2139999999999
16.27,0.94,138.98,0.0,721.7439999999999
17.86,1.02,135.29,0.0,539.656
14.57,0.51,108.71,0.0,340.00699999999995
11.46,0.51,77.52,0.0,161.80700000000002
8.22,0.0,83.44,0.0,30.1277
9.73,0.0,19.19,0.0,0.0
9.48,0.0,0.0,0.0,0.0
9.26,0.0,0.0,0.0,0.0
8.84,0.0,0.0,0.0,0.0
8.9,0.0,0.0,0.0,0.0
8.3,0.0,0.0,0.0,0.0
7.97,0.0,0.0,0.0,0.0
8.2,0.0,0.0,0.0,0.0
7.62,0.0,0.0,0.0,0.0
7.8,0.0,0.0,0.0,0.0
11.84,0.29,36.2,0.0,0.0
12.87,0.29,83.8,0.0,47.0889
12.14,0.29,102.96,0.0,202.47
10.69,0.29,81.68,0.0,413.867
10.0,0.29,92.18,0.0,580.0740000000001
9.62,0.43,97.49,0.0,697.097
9.93,0.43,72.89,0.0,771.204
9.5,0.65,81.35,0.0,786.335
10.4,0.43,83.12,0.0,763.041
10.95,0.29,68.31,0.0,691.577
10.23,0.29,84.17,0.0,602.115
10.84,0.29,98.82,0.0,407.503
9.46,0.0,78.27,0.0,229.913
9.43,0.0,83.97,0.0,32.9745
8.81,0.0,74.22,0.0,0.0
9.32,0.0,29.13,0.0,0.0
8.61,0.0,9.71,0.0,0.0
8.33,0.0,9.62,0.0,0.0
8.12,0.0,0.0,0.0,0.0
11.51,0.0,0.0,0.0,0.0
11.46,0.0,0.0,0.0,0.0
10.98,0.0,0.0,0.0,0.0
12.04,0.0,0.0,0.0,0.0
13.21,0.0,0.0,0.0,0.0
14.67,0.51,131.21,0.0,0.0
24.45,1.38,162.32,0.0,56.1104
56.84,2.53,220.49,0.0,198.022
51.14,2.75,227.77,0.0,346.795
47.24,2.82,233.31,0.0,481.004
44.28,3.4,235.64,0.0,540.062
43.35,4.12,219.04,0.0,614.4259999999999
41.32,3.78,227.45,0.0,566.14
46.81,2.39,232.6,0.0,526.052
42.93,2.31,241.22,0.0,542.871
52.63,3.08,245.7,0.0,433.539
41.24,1.81,210.77,0.0,301.15
18.1,1.48,176.1,0.0,147.159
16.47,1.06,158.67,0.0,29.8502
15.62,1.21,135.87,0.0,0.0
15.58,0.58,131.66,0.0,0.0
16.2,0.36,0.0,0.0,0.0
16.1,0.36,0.0,0.0,0.0
11.3,0.0,0.0,0.0,0.0
12.35,0.0,0.0,0.0,0.0
11.19,0.0,0.0,0.0,0.0
11.27,0.0,0.0,0.0,0.0
10.65,0.0,0.0,0.0,0.0
10.05,0.0,53.62,0.0,0.0
14.33,0.51,152.53,0.0,0.0
25.14,1.37,183.34,0.0,58.0081
50.57,2.53,241.89,0.0,199.902
40.87,2.75,243.56,0.0,378.542
42.39,2.82,234.08,0.0,466.395
49.15,3.4,223.87,0.0,481.357
44.56,4.11,214.67,0.0,545.644
48.36,3.78,221.26,0.0,580.637
49.58,2.38,225.7,0.0,548.589
49.68,2.3,231.64,0.0,490.663
50.59,3.08,231.33,0.0,386.288
42.89,1.82,197.01,0.0,264.97900000000004
18.42,1.47,159.32,0.0,148.866
15.71,1.05,142.89,0.0,28.1315
14.87,1.2,131.41,0.0,0.0
16.28,0.57,127.57,0.0,0.0
17.69,0.36,0.0,0.0,0.0
16.06,0.36,0.0,0.0,0.0
13.52,0.0,0.0,0.0,0.0
13.32,0.0,0.0,0.0,0.0
14.0,0.0,0.0,0.0,0.0
13.39,0.0,0.0,0.0,0.0
14.37,0.0,0.0,0.0,0.0
12.62,0.0,0.0,0.0,0.0
15.04,0.51,159.65,0.0,0.0
24.76,1.37,154.35,0.0,64.6997
54.58,2.53,203.49,0.0,172.455
43.47,2.74,221.76,0.0,308.79900000000004
48.15,2.82,221.95,0.0,395.538
54.54,3.39,241.92,0.0,520.115
55.88,4.1,246.06,0.0,598.472
57.03,3.78,218.9,0.0,630.251
50.17,2.38,197.87,0.0,550.88
53.99,2.3,189.9,0.0,260.745
59.63,3.08,185.87,0.0,248.326
48.93,1.82,164.17,0.0,194.454
22.96,1.46,138.55,0.0,94.976
18.11,1.04,135.07,0.0,14.778
15.9,1.19,132.51,0.0,0.0
13.46,0.57,129.95,0.0,0.0
15.52,0.36,0.0,0.0,0.0
17.04,0.36,0.0,0.0,0.0
12.69,0.0,0.0,0.0,0.0
13.06,0.0,0.0,0.0,0.0
13.96,0.0,0.0,0.0,0.0
14.23,0.0,0.0,0.0,0.0
13.96,0.0,0.0,0.0,0.0
12.49,0.0,0.0,0.0,0.0
14.08,0.51,144.08,0.0,0.0
26.08,1.37,170.75,0.0,55.0216
53.93,2.53,229.73,0.0,200.236
45.66,2.74,235.67,0.0,376.186
42.45,2.81,234.57,0.0,512.235
45.64,3.39,237.54,0.0,588.901
41.98,4.1,206.1,0.0,548.398
48.18,3.77,201.4,0.0,596.9159999999999
47.46,2.38,189.99,0.0,435.051
48.47,2.3,194.6,0.0,414.589
51.39,3.07,218.06,0.0,365.772
40.9,1.82,189.32,0.0,326.177
18.92,1.46,154.74,0.0,159.219
15.67,1.04,154.04,0.0,29.3378
14.05,1.19,149.08,0.0,0.0
14.17,0.57,152.5,0.0,0.0
14.3,0.36,0.0,0.0,0.0
14.62,0.36,0.0,0.0,0.0
13.21,0.0,0.0,0.0,0.0
14.17,0.0,0.0,0.0,0.0
15.2,0.0,0.0,0.0,0.0
13.75,0.0,0.0,0.0,0.0
12.5,0.0,0.0,0.0,0.0
13.86,0.0,0.0,0.0,0.0
15.08,0.5,145.7,0.0,0.0
28.5,1.37,176.18,0.0,48.9667
65.4,2.52,240.74,0.0,200.625
51.67,2.74,243.72,0.0,381.506
51.88,2.81,241.89,0.0,526.1519999999999
52.85,3.39,245.06,0.0,638.078
53.03,4.09,235.81,0.0,750.4960000000001
53.93,3.77,241.85,0.0,764.429
52.31,2.37,244.55,0.0,707.457
55.89,2.3,248.41,0.0,696.7489999999999
60.02,3.07,229.98,0.0,416.771
48.27,1.82,189.77,0.0,232.645
23.03,1.46,147.4,0.0,62.9057
20.77,1.04,140.52,0.0,12.9712
19.08,1.19,141.28,0.0,0.0
16.44,0.57,140.31,0.0,0.0
17.4,0.36,0.0,0.0,0.0
16.85,0.36,0.0,0.0,0.0
14.33,0.0,0.0,0.0,0.0
11.6,0.0,0.0,0.0,0.0
10.86,0.0,0.0,0.0,0.0
10.48,0.0,0.0,0.0,0.0
10.35,0.0,0.0,0.0,0.0
10.32,0.0,0.0,0.0,0.0
16.3,0.5,148.63,0.0,0.0
23.15,0.79,158.88,0.0,58.4899
27.27,1.08,171.1,0.0,198.395
30.67,1.51,173.7,0.0,375.512
31.11,1.37,179.69,0.0,506.518
34.02,1.66,179.17,0.0,620.612
25.23,1.44,167.76,0.0,725.44
20.79,1.37,168.79,0.0,699.194
19.12,1.08,182.18,0.0,652.195
18.38,0.94,191.81,0.0,574.137
18.78,1.01,191.38,0.0,476.411
15.98,0.5,145.0,0.0,313.376
14.2,0.5,97.82,0.0,155.155
11.6,0.0,96.01,0.0,25.3367
11.6,0.0,12.13,0.0,0.0
11.6,0.0,0.0,0.0,0.0
11.21,0.0,0.0,0.0,0.0
11.6,0.0,0.0,0.0,0.0
11.18,0.0,0.0,0.0,0.0
11.6,0.0,0.0,0.0,0.0
11.6,0.0,0.0,0.0,0.0
10.58,0.0,0.0,0.0,0.0
11.2,0.0,0.0,0.0,0.0
10.61,0.0,0.0,0.0,0.0
12.46,0.29,25.87,0.0,0.0
12.0,0.29,111.61,0.0,62.1486
12.02,0.29,102.03,0.0,192.193
13.01,0.29,120.94,0.0,361.701
12.25,0.29,114.4,0.0,503.231
11.87,0.43,79.25,0.0,606.09
12.01,0.43,99.64,0.0,716.9730000000001
11.61,0.65,108.95,0.0,771.533
10.57,0.43,70.25,0.0,741.66
10.75,0.29,133.95,0.0,698.461
10.17,0.29,129.88,0.0,564.615
11.26,0.29,83.75,0.0,365.282
8.52,0.0,122.7,0.0,189.144
8.54,0.0,118.82,0.0,28.261
8.41,0.0,44.76,0.0,0.0
9.46,0.0,0.0,0.0,0.0
8.85,0.0,0.0,0.0,0.0
8.48,0.0,0.0,0.0,0.0
9.37,0.0,0.0,0.0,0.0
12.11,0.0,0.0,0.0,0.0
11.99,0.0,0.0,0.0,0.0
13.37,0.0,0.0,0.0,0.0
12.21,0.0,0.0,0.0,0.0
13.61,0.0,58.89,0.0,0.0
16.25,0.5,165.46,0.0,0.0
28.71,1.37,179.52,0.0,61.0186
60.91,2.52,233.86,0.0,192.72
48.52,2.73,238.08,0.0,358.521
45.76,2.8,235.53,0.0,492.142
44.66,3.38,210.01,0.0,569.177
45.98,4.1,207.32,0.0,539.493
45.51,3.75,220.62,0.0,489.003
45.92,2.38,231.73,0.0,529.7090000000001
41.46,2.3,240.53,0.0,474.561
52.03,3.06,247.04,0.0,452.983
44.65,1.79,202.08,0.0,313.751
19.3,1.49,168.52,0.0,156.095
17.18,1.06,164.18,0.0,26.5398
17.18,1.21,153.26,0.0,0.0
16.47,0.57,150.07,0.0,0.0
15.59,0.36,0.0,0.0,0.0
13.62,0.36,0.0,0.0,0.0
11.85,0.0,0.0,0.0,0.0
12.43,0.0,0.0,0.0,0.0
13.91,0.0,0.0,0.0,0.0
14.14,0.0,0.0,0.0,0.0
13.58,0.0,0.0,0.0,0.0
14.28,0.0,0.0,0.0,0.0
15.9,0.5,175.29,0.0,0.0
24.51,1.37,192.99,0.0,57.7052
54.73,2.52,244.93,0.0,197.617
48.1,2.73,244.09,0.0,374.559
47.33,2.8,227.94,0.0,523.38
45.95,3.38,219.97,0.0,599.74
50.34,4.1,226.58,0.0,624.617
55.38,3.75,219.84,0.0,496.545
49.32,2.37,204.48,0.0,538.248
52.57,2.3,219.44,0.0,545.312
49.25,3.06,225.35,0.0,588.237
37.73,1.79,176.02,0.0,322.85400000000004
18.72,1.49,142.13,0.0,77.1311
16.5,1.06,141.45,0.0,11.3108
15.13,1.21,141.84,0.0,0.0
13.5,0.57,139.81,0.0,0.0
13.57,0.36,0.0,0.0,0.0
16.03,0.36,0.0,0.0,0.0
11.9,0.0,0.0,0.0,0.0
12.03,0.0,0.0,0.0,0.0
13.37,0.0,0.0,0.0,0.0
13.14,0.0,0.0,0.0,0.0
12.2,0.0,0.0,0.0,0.0
11.78,0.0,0.0,0.0,0.0
16.05,0.5,145.61,0.0,0.0
27.25,1.36,140.1,0.0,62.5275
52.26,2.51,192.67,0.0,195.424
49.01,2.73,199.67,0.0,388.801
43.33,2.8,204.75,0.0,564.5269999999999
47.19,3.38,205.73,0.0,689.7289999999999
47.32,4.09,201.22,0.0,712.163
51.39,3.75,210.51,0.0,809.294
48.95,2.37,208.82,0.0,787.546
47.87,2.29,215.51,0.0,723.544
44.42,3.06,225.43,0.0,634.545
32.37,1.79,197.19,0.0,461.575
16.6,1.49,154.17,0.0,206.902
16.0,1.06,127.4,0.0,29.3573
16.56,1.21,110.65,0.0,0.0
16.69,0.57,107.08,0.0,0.0
17.0,0.36,0.0,0.0,0.0
17.7,0.36,0.0,0.0,0.0
14.27,0.0,0.0,0.0,0.0
15.44,0.0,0.0,0.0,0.0
15.2,0.0,0.0,0.0,0.0
15.46,0.0,0.0,0.0,0.0
15.37,0.0,0.0,0.0,0.0
14.27,0.0,0.0,0.0,0.0
17.96,0.5,107.21,0.0,0.0
28.6,1.36,108.01,0.0,53.6581
55.62,2.51,153.69,0.0,157.803
47.84,2.73,177.56,0.0,281.003
46.72,2.8,196.16,0.0,419.001
44.33,3.37,206.87,0.0,489.155
46.42,4.09,197.66,0.0,613.836
47.45,3.74,215.43,0.0,616.309
45.86,2.37,224.98,0.0,614.81
47.59,2.29,227.88,0.0,538.066
46.7,3.06,224.4,0.0,410.376
36.02,1.78,187.3,0.0,280.358
20.3,1.49,147.84,0.0,145.063
17.81,1.06,135.0,0.0,25.7106
17.93,1.21,132.58,0.0,0.0
14.35,0.57,136.97,0.0,0.0
14.36,0.36,0.0,0.0,0.0
15.75,0.36,0.0,0.0,0.0
14.0,0.0,0.0,0.0,0.0
12.27,0.0,0.0,0.0,0.0
11.4,0.0,0.0,0.0,0.0
13.39,0.0,0.0,0.0,0.0
13.94,0.0,0.0,0.0,0.0
13.89,0.0,55.93,0.0,0.0
15.7,0.5,165.3,0.0,0.0
24.25,1.36,170.99,0.0,23.5581
56.54,2.51,202.47,0.0,81.6243
52.2,2.73,205.2,0.0,148.511
46.62,2.8,214.67,0.0,243.211
52.9,3.37,182.75,0.0,257.341
50.88,4.09,162.06,0.0,316.823
44.9,3.74,176.2,0.0,338.97900000000004
45.31,2.37,173.82,0.0,357.436
48.22,2.29,170.87,0.0,324.914
47.94,3.05,178.38,0.0,251.128
42.57,1.78,158.83,0.0,171.47799999999998
20.27,1.49,139.61,0.0,87.9687
18.64,1.06,138.02,0.0,13.2207
17.19,1.21,135.69,0.0,0.0
14.94,0.57,131.48,0.0,0.0
15.45,0.36,0.0,0.0,0.0
14.53,0.36,0.0,0.0,0.0
12.69,0.0,0.0,0.0,0.0
8.76,0.0,0.0,0.0,0.0
8.43,0.0,0.0,0.0,0.0
9.24,0.0,0.0,0.0,0.0
8.29,0.0,0.0,0.0,0.0
7.97,0.0,0.0,0.0,0.0
15.32,0.5,141.73,0.0,0.0
20.28,0.79,142.39,0.0,41.2654
25.21,1.08,140.47,0.0,124.844
27.79,1.51,146.53,0.0,223.975
28.36,1.36,157.83,0.0,394.848
30.68,1.65,166.76,0.0,533.663
20.7,1.43,172.35,0.0,620.467
17.77,1.36,181.63,0.0,638.092
14.41,1.08,180.71,0.0,694.558
12.88,0.93,177.71,0.0,565.538
15.52,1.0,181.87,0.0,458.622
13.96,0.5,153.28,0.0,294.22700000000003
11.36,0.5,93.46,0.0,148.886
8.75,0.0,100.53,0.0,26.2887
8.0,0.0,12.18,0.0,0.0
9.34,0.0,0.0,0.0,0.0
9.4,0.0,0.0,0.0,0.0
9.69,0.0,0.0,0.0,0.0
8.9,0.0,0.0,0.0,0.0
9.0,0.0,0.0,0.0,0.0
8.82,0.0,0.0,0.0,0.0
10.0,0.0,0.0,0.0,0.0
10.8,0.0,0.0,0.0,0.0
11.38,0.0,0.0,0.0,0.0
14.37,0.29,65.86,0.0,0.0
14.37,0.29,84.59,0.0,49.4676
14.26,0.29,129.72,0.0,193.177
14.29,0.29,129.3,0.0,362.673
14.37,0.29,89.02,0.0,485.484
14.37,0.43,122.49,0.0,567.442
14.37,0.43,59.44,0.0,578.187
13.35,0.64,4.25,0.0,621.2180000000001
12.47,0.43,79.22,0.0,633.259
10.94,0.29,90.33,0.0,595.785
11.78,0.29,109.03,0.0,491.404
13.06,0.29,124.91,0.0,336.49300000000005
11.36,0.0,77.73,0.0,150.73
10.87,0.0,76.09,0.0,25.8685
9.54,0.0,0.0,0.0,0.0
9.11,0.0,0.0,0.0,0.0
8.6,0.0,0.0,0.0,0.0
8.32,0.0,0.0,0.0,0.0
9.47,0.0,0.0,0.0,0.0
13.46,0.0,0.0,0.0,0.0
13.69,0.0,0.0,0.0,0.0
12.83,0.0,0.0,0.0,0.0
11.22,0.0,0.0,0.0,0.0
11.25,0.0,0.0,0.0,0.0
14.13,0.5,176.02,0.0,0.0
24.78,1.36,178.15,0.0,56.3856
51.44,2.51,236.34,0.0,195.118
43.76,2.72,238.16,0.0,395.005
46.97,2.79,238.56,0.0,588.403
49.58,3.37,238.72,0.0,717.555
53.03,4.08,228.87,0.0,794.3510000000001
48.67,3.74,237.73,0.0,811.013
42.28,2.36,244.9,0.0,793.6360000000001
45.0,2.29,250.6,0.0,722.61
51.02,3.05,257.81,0.0,598.739
43.56,1.78,234.06,0.0,430.534
20.32,1.48,199.8,0.0,217.056
16.58,1.06,170.0,0.0,27.5504
17.51,1.21,144.7,0.0,0.0
14.39,0.57,141.31,0.0,0.0
14.16,0.36,0.0,0.0,0.0
14.25,0.36,0.0,0.0,0.0
12.6,0.0,0.0,0.0,0.0
11.17,0.0,0.0,0.0,0.0
10.81,0.0,0.0,0.0,0.0
11.55,0.0,0.0,0.0,0.0
10.85,0.0,0.0,0.0,0.0
10.95,0.0,51.87,0.0,0.0
12.72,0.5,146.91,0.0,0.0
23.05,1.36,165.22,0.0,53.8215
58.45,2.51,219.52,0.0,160.454
51.04,2.72,224.9,0.0,284.844
44.82,2.79,241.81,0.0,414.636
44.39,3.37,247.91,0.0,505.479
41.71,4.08,240.89,0.0,635.475
45.33,3.74,243.35,0.0,558.643
40.72,2.36,246.27,0.0,551.872
38.33,2.29,252.3,0.0,495.927
44.73,3.05,245.78,0.0,425.92
40.58,1.78,200.52,0.0,238.179
21.63,1.45,158.37,0.0,118.719
17.26,1.06,144.43,0.0,20.1314
16.13,1.21,140.74,0.0,0.0
13.21,0.57,144.23,0.0,0.0
14.51,0.36,0.0,0.0,0.0
14.67,0.36,0.0,0.0,0.0
10.9,0.0,0.0,0.0,0.0
10.37,0.0,0.0,0.0,0.0
10.92,0.0,0.0,0.0,0.0
12.53,0.0,0.0,0.0,0.0
13.41,0.0,0.0,0.0,0.0
13.96,0.0,0.0,0.0,0.0
17.2,0.5,157.64,0.0,0.0
31.25,1.36,156.03,0.0,51.7248
62.41,2.51,195.02,0.0,163.641
48.15,2.72,182.8,0.0,253.191
46.31,2.79,183.57,0.0,319.47900000000004
48.5,3.36,198.78,0.0,418.77
54.56,4.08,205.6,0.0,623.295
51.03,3.74,222.32,0.0,663.31
43.01,2.36,229.13,0.0,589.039
38.87,2.29,232.2,0.0,525.7280000000001
51.74,3.05,238.09,0.0,412.805
37.55,1.78,209.12,0.0,284.52
21.03,1.45,165.24,0.0,138.565
19.89,1.06,146.05,0.0,19.5177
19.3,1.21,138.91,0.0,0.0
16.63,0.57,136.3,0.0,0.0
15.22,0.36,0.0,0.0,0.0
15.23,0.36,0.0,0.0,0.0
11.51,0.0,0.0,0.0,0.0
10.55,0.0,0.0,0.0,0.0
12.48,0.0,0.0,0.0,0.0
11.21,0.0,0.0,0.0,0.0
11.89,0.0,0.0,0.0,0.0
10.99,0.0,0.0,0.0,0.0
13.15,0.5,147.97,0.0,0.0
21.67,1.36,166.2,0.0,48.3796
48.12,2.5,213.46,0.0,184.818
41.0,2.72,217.72,0.0,361.515
38.22,2.79,228.79,0.0,461.485
40.41,3.36,235.22,0.0,554.2130000000001
44.42,4.08,230.11,0.0,609.694
47.32,3.74,248.37,0.0,667.543
46.87,2.36,249.16,0.0,675.2389999999999
47.43,2.29,252.22,0.0,596.128
51.27,3.05,264.0,0.0,529.045
38.75,1.79,242.65,0.0,376.864
17.77,1.47,212.44,0.0,196.864
15.74,1.06,183.97,0.0,24.6703
17.62,1.21,163.23,0.0,0.0
15.3,0.57,158.51,0.0,0.0
15.08,0.36,0.0,0.0,0.0
14.26,0.36,0.0,0.0,0.0
12.99,0.0,0.0,0.0,0.0
12.82,0.0,0.0,0.0,0.0
11.96,0.0,0.0,0.0,0.0
13.08,0.0,0.0,0.0,0.0
13.64,0.0,0.0,0.0,0.0
13.68,0.0,26.99,0.0,0.0
17.98,0.5,165.81,0.0,0.0
32.16,1.36,185.38,0.0,48.7878
62.39,2.5,242.88,0.0,193.193
51.33,2.72,244.16,0.0,357.33
50.51,2.79,250.7,0.0,523.822
57.39,3.36,252.0,0.0,642.492
61.32,4.08,241.96,0.0,582.883
58.48,3.73,254.45,0.0,596.4069999999999
52.48,2.36,258.55,0.0,550.854
50.6,2.29,257.89,0.0,446.157
51.09,3.05,236.4,0.0,300.138
41.98,1.79,205.83,0.0,186.017
21.54,1.45,174.61,0.0,78.2848
19.54,1.07,166.27,0.0,18.5565
19.32,1.22,162.48,0.0,0.0
17.84,0.57,159.38,0.0,0.0
17.14,0.36,0.0,0.0,0.0
16.92,0.36,0.0,0.0,0.0
12.62,0.0,0.0,0.0,0.0
8.68,0.0,0.0,0.0,0.0
9.01,0.0,0.0,0.0,0.0
9.18,0.0,0.0,0.0,0.0
9.3,0.0,0.0,0.0,0.0
8.85,0.0,0.0,0.0,0.0
14.51,0.5,172.43,0.0,0.0
18.6,0.79,181.84,0.0,54.8231
24.27,1.07,198.67,0.0,188.773
25.2,1.5,207.94,0.0,376.048
26.05,1.36,209.45,0.0,517.0930000000001
25.38,1.65,206.86,0.0,618.58
21.49,1.43,195.81,0.0,731.65
20.35,1.36,197.55,0.0,713.4639999999999
18.27,1.07,218.09,0.0,785.49
18.28,0.93,225.52,0.0,690.6489999999999
18.78,1.0,221.38,0.0,557.967
16.79,0.5,172.01,0.0,391.041
14.37,0.5,125.62,0.0,189.735
11.6,0.0,127.87,0.0,23.1852
11.33,0.0,28.73,0.0,0.0
11.6,0.0,0.0,0.0,0.0
11.53,0.0,0.0,0.0,0.0
11.6,0.0,0.0,0.0,0.0
11.6,0.0,0.0,0.0,0.0
11.51,0.0,0.0,0.0,0.0
11.35,0.0,0.0,0.0,0.0
10.85,0.0,0.0,0.0,0.0
11.31,0.0,0.0,0.0,0.0
10.36,0.0,0.0,0.0,0.0
13.36,0.29,56.29,0.0,0.0
13.3,0.29,123.49,0.0,44.5408
13.43,0.29,141.66,0.0,188.817
14.3,0.29,111.03,0.0,370.3080000000001
13.54,0.29,128.09,0.0,533.266
13.41,0.43,138.2,0.0,682.3480000000001
12.86,0.43,100.97,0.0,780.5010000000001
11.21,0.64,116.88,0.0,801.955
10.99,0.43,127.35,0.0,749.049
9.94,0.29,104.8,0.0,719.982
11.17,0.29,127.22,0.0,552.192
12.33,0.29,141.4,0.0,390.443
10.41,0.0,102.35,0.0,135.94
9.62,0.0,114.72,0.0,18.7772
9.35,0.0,42.33,0.0,0.0
9.63,0.0,41.08,0.0,0.0
9.02,0.0,21.6,0.0,0.0
9.87,0.0,0.0,0.0,0.0
8.57,0.0,0.0,0.0,0.0
10.84,0.0,31.65,0.0,0.0
12.88,0.0,0.0,0.0,0.0
11.38,0.0,0.0,0.0,0.0
10.33,0.0,0.0,0.0,0.0
11.1,0.0,65.48,0.0,0.0
15.04,0.5,182.71,0.0,0.0
25.36,1.36,216.04,0.0,44.9005
51.17,2.5,268.8,0.0,193.303
50.18,2.72,268.34,0.0,390.256
48.39,2.79,269.36,0.0,539.4830000000001
50.3,3.36,271.13,0.0,612.569
46.79,4.08,265.3,0.0,642.569
44.69,3.73,281.33,0.0,666.418
49.35,2.36,279.55,0.0,622.5409999999999
44.73,2.29,279.87,0.0,561.396
51.37,3.04,278.66,0.0,425.475
41.74,1.79,247.5,0.0,302.436
20.17,1.44,215.31,0.0,142.30700000000002
17.2,1.07,188.34,0.0,15.5129
15.41,1.22,173.39,0.0,0.0
14.49,0.57,167.26,0.0,0.0
13.96,0.36,0.0,0.0,0.0
14.98,0.36,0.0,0.0,0.0
12.37,0.0,0.0,0.0,0.0
13.5,0.0,0.0,0.0,0.0
13.54,0.0,0.0,0.0,0.0
12.23,0.0,0.0,0.0,0.0
11.27,0.0,0.0,0.0,0.0
10.55,0.0,54.08,0.0,0.0
14.25,0.5,144.14,0.0,0.0
27.42,1.36,149.16,0.0,45.197
61.06,2.5,190.28,0.0,137.375
56.89,2.72,201.53,0.0,266.883
49.88,2.79,216.99,0.0,431.0580000000001
54.04,3.36,219.99,0.0,550.295
51.15,4.08,216.92,0.0,651.214
48.96,3.73,230.24,0.0,646.119
50.78,2.36,230.66,0.0,629.1619999999999
46.37,2.29,232.28,0.0,517.472
47.77,3.04,231.98,0.0,417.295
34.01,1.79,197.83,0.0,299.189
15.68,1.44,155.62,0.0,147.504
16.82,1.07,130.86,0.0,18.5378
15.76,1.22,117.19,0.0,0.0
16.62,0.57,112.37,0.0,0.0
16.6,0.36,0.0,0.0,0.0
15.98,0.36,0.0,0.0,0.0
11.63,0.0,0.0,0.0,0.0
13.19,0.0,0.0,0.0,0.0
12.33,0.0,0.0,0.0,0.0
11.52,0.0,0.0,0.0,0.0
12.97,0.0,0.0,0.0,0.0
13.3,0.0,40.71,0.0,0.0
15.45,0.5,110.3,0.0,0.0
29.02,1.36,117.64,0.0,43.0649
54.39,2.5,175.8,0.0,198.3
42.78,2.72,185.81,0.0,420.065
40.09,2.79,193.93,0.0,610.18
43.65,3.36,198.79,0.0,713.1260000000001
44.07,4.08,189.6,0.0,635.984
41.18,3.73,200.04,0.0,794.41
43.26,2.36,205.03,0.0,813.932
47.92,2.29,214.75,0.0,718.0939999999999
55.42,3.04,221.47,0.0,573.49
42.96,1.79,188.65,0.0,408.404
20.38,1.44,148.15,0.0,202.268
16.62,1.07,121.6,0.0,21.2238
18.0,1.22,108.38,0.0,0.0
16.94,0.57,105.84,0.0,0.0
17.4,0.36,0.0,0.0,0.0
17.11,0.36,0.0,0.0,0.0
12.27,0.0,0.0,0.0,0.0
13.66,0.0,0.0,0.0,0.0
11.98,0.0,0.0,0.0,0.0
11.21,0.0,0.0,0.0,0.0
12.81,0.0,0.0,0.0,0.0
11.62,0.0,0.0,0.0,0.0
14.06,0.5,109.19,0.0,0.0
23.88,1.36,118.69,0.0,53.2333
54.46,2.5,185.09,0.0,180.446
46.38,2.72,201.27,0.0,336.63699999999994
48.6,2.79,211.73,0.0,456.22
45.78,3.36,220.69,0.0,544.544
48.69,4.08,209.67,0.0,646.985
52.55,3.73,215.54,0.0,637.456
49.13,2.36,221.88,0.0,622.492
53.7,2.29,227.86,0.0,556.8380000000001
55.29,3.04,224.96,0.0,447.66
39.75,1.79,184.92,0.0,291.594
21.5,1.44,136.15,0.0,136.776
17.31,1.07,116.19,0.0,17.0103
16.33,1.22,111.93,0.0,0.0
16.04,0.57,111.25,0.0,0.0
15.63,0.36,0.0,0.0,0.0
16.91,0.36,0.0,0.0,0.0
13.9,0.0,0.0,0.0,0.0
14.14,0.0,0.0,0.0,0.0
12.69,0.0,0.0,0.0,0.0
12.58,0.0,0.0,0.0,0.0
13.87,0.0,0.0,0.0,0.0
14.37,0.0,0.0,0.0,0.0
18.53,0.5,134.11,0.0,0.0
30.22,1.36,138.46,0.0,36.0629
58.25,2.5,181.95,0.0,119.727
47.01,2.72,188.7,0.0,233.271
49.85,2.79,204.38,0.0,343.047
48.31,3.36,216.26,0.0,392.99
53.66,4.08,219.13,0.0,472.021
52.91,3.73,229.94,0.0,567.8969999999999
43.78,2.36,226.58,0.0,588.695
50.48,2.29,224.9,0.0,507.897
54.96,3.04,225.15,0.0,459.214
46.66,1.79,193.65,0.0,316.884
23.72,1.45,160.95,0.0,158.934
20.77,1.07,142.85,0.0,21.7969
20.77,1.22,126.55,0.0,0.0
19.16,0.57,122.64,0.0,0.0
19.16,0.36,0.0,0.0,0.0
18.93,0.36,0.0,0.0,0.0
15.46,0.0,0.0,0.0,0.0
11.6,0.0,0.0,0.0,0.0
10.58,0.0,0.0,0.0,0.0
11.14,0.0,0.0,0.0,0.0
11.6,0.0,0.0,0.0,0.0
11.6,0.0,0.0,0.0,0.0
19.12,0.5,142.36,0.0,0.0
25.61,0.79,142.01,0.0,52.0037
28.86,1.07,150.82,0.0,170.43900000000002
32.41,1.5,165.49,0.0,309.023
29.01,1.36,180.13,0.0,423.347
31.18,1.65,193.73,0.0,512.206
21.15,1.43,189.19,0.0,664.203
16.24,1.36,177.45,0.0,560.56
15.14,1.07,181.07,0.0,562.114
13.36,0.93,200.41,0.0,503.039
12.47,1.0,201.35,0.0,458.524
13.9,0.5,155.79,0.0,324.42400000000004
12.61,0.5,102.85,0.0,145.454
9.77,0.0,111.3,0.0,17.6631
8.85,0.0,0.0,0.0,0.0
9.43,0.0,0.0,0.0,0.0
8.52,0.0,0.0,0.0,0.0
9.8,0.0,0.0,0.0,0.0
9.2,0.0,0.0,0.0,0.0
8.61,0.0,0.0,0.0,0.0
8.49,0.0,0.0,0.0,0.0
9.49,0.0,0.0,0.0,0.0
9.79,0.0,0.0,0.0,0.0
8.66,0.0,0.0,0.0,0.0
10.59,0.29,0.0,0.0,0.0
10.63,0.29,65.21,0.0,51.4996
12.15,0.29,101.57,0.0,169.12599999999998
12.42,0.29,116.44,0.0,317.47700000000003
13.49,0.29,124.2,0.0,423.125
12.67,0.43,94.17,0.0,558.616
11.29,0.43,104.78,0.0,678.462
10.27,0.64,115.39,0.0,735.816
10.97,0.43,95.16,0.0,686.78
9.96,0.29,115.79,0.0,597.281
10.72,0.29,126.64,0.0,450.734
11.87,0.29,93.22,0.0,290.117
8.59,0.0,102.91,0.0,143.828
9.6,0.0,94.65,0.0,30.3959
9.72,0.0,33.56,0.0,0.0
8.63,0.0,10.94,0.0,0.0
9.46,0.0,0.0,0.0,0.0
10.1,0.0,0.0,0.0,0.0
9.26,0.0,0.0,0.0,0.0
12.86,0.0,0.0,0.0,0.0
12.54,0.0,0.0,0.0,0.0
11.09,0.0,0.0,0.0,0.0
11.98,0.0,0.0,0.0,0.0
11.02,0.0,55.13,0.0,0.0
15.43,0.5,147.39,0.0,0.0
26.57,1.36,172.93,0.0,38.6615
61.14,2.51,231.86,0.0,194.397
48.06,2.72,238.93,0.0,400.333
43.69,2.79,253.03,0.0,567.5169999999999
43.59,3.36,260.25,0.0,708.164
40.89,4.08,229.12,0.0,690.9
48.43,3.74,231.2,0.0,544.164
40.09,2.36,244.66,0.0,652.124
40.32,2.29,254.8,0.0,617.908
40.41,3.05,256.42,0.0,492.792
40.53,1.78,230.58,0.0,294.86400000000003
18.94,1.48,195.54,0.0,138.44899999999998
17.17,1.06,170.08,0.0,17.8971
17.79,1.21,153.79,0.0,0.0
16.27,0.57,151.28,0.0,0.0
16.71,0.36,0.0,0.0,0.0
16.11,0.36,0.0,0.0,0.0
12.22,0.0,0.0,0.0,0.0
12.95,0.0,0.0,0.0,0.0
13.19,0.0,0.0,0.0,0.0
12.11,0.0,0.0,0.0,0.0
12.27,0.0,0.0,0.0,0.0
12.45,0.0,55.95,0.0,0.0
13.69,0.5,153.15,0.0,0.0
27.48,1.36,182.09,0.0,46.1319
57.64,2.51,247.92,0.0,189.654
53.26,2.72,253.57,0.0,405.447
49.93,2.79,261.96,0.0,598.854
56.19,3.37,262.62,0.0,687.932
61.69,4.08,250.58,0.0,780.836
62.45,3.74,258.35,0.0,723.9060000000001
58.02,2.36,257.69,0.0,687.15
54.04,2.29,264.43,0.0,701.682
50.25,3.05,265.31,0.0,514.786
35.75,1.78,235.1,0.0,344.146
17.43,1.48,196.73,0.0,129.673
13.79,1.06,173.29,0.0,16.8115
13.51,1.21,160.48,0.0,0.0
14.46,0.57,155.58,0.0,0.0
14.05,0.36,0.0,0.0,0.0
13.29,0.36,0.0,0.0,0.0
11.46,0.0,0.0,0.0,0.0
11.01,0.0,0.0,0.0,0.0
10.31,0.0,0.0,0.0,0.0
12.98,0.0,0.0,0.0,0.0
13.94,0.0,0.0,0.0,0.0
13.85,0.0,57.86,0.0,0.0
15.04,0.5,160.73,0.0,0.0
29.28,1.36,190.84,0.0,38.7332
58.87,2.51,250.19,0.0,191.915
54.72,2.72,254.09,0.0,401.051
54.1,2.79,257.48,0.0,524.831
51.57,3.37,265.36,0.0,666.295
50.6,4.08,264.23,0.0,600.043
51.86,3.74,271.14,0.0,805.831
46.41,2.37,272.38,0.0,716.049
50.14,2.29,281.3,0.0,716.659
53.34,3.05,284.74,0.0,589.243
45.67,1.78,247.52,0.0,411.98800000000006
20.71,1.48,206.09,0.0,190.607
15.93,1.06,178.63,0.0,15.5659
17.64,1.21,155.71,0.0,0.0
14.27,0.57,153.76,0.0,0.0
15.91,0.36,0.0,0.0,0.0
15.1,0.36,0.0,0.0,0.0
13.78,0.0,0.0,0.0,0.0
12.58,0.0,0.0,0.0,0.0
12.33,0.0,0.0,0.0,0.0
13.53,0.0,0.0,0.0,0.0
12.75,0.0,0.0,0.0,0.0
12.72,0.0,59.7,0.0,0.0
14.37,0.5,161.65,0.0,0.0
25.07,1.36,199.23,0.0,39.5988
51.5,2.51,261.09,0.0,192.779
47.97,2.72,254.96,0.0,379.385
44.23,2.8,256.37,0.0,554.95
45.95,3.37,259.24,0.0,687.184
48.12,4.09,251.18,0.0,779.561
45.11,3.74,267.28,0.0,754.3560000000001
39.19,2.37,272.89,0.0,710.127
43.99,2.29,282.73,0.0,718.166
42.41,3.05,286.18,0.0,540.423
40.57,1.78,253.6,0.0,361.157
17.91,1.49,217.61,0.0,141.349
17.69,1.06,193.13,0.0,16.8406
17.09,1.21,178.69,0.0,0.0
13.74,0.57,162.75,0.0,0.0
15.85,0.36,0.0,0.0,0.0
17.32,0.36,0.0,0.0,0.0
13.21,0.0,0.0,0.0,0.0
11.52,0.0,0.0,0.0,0.0
13.29,0.0,0.0,0.0,0.0
14.04,0.0,0.0,0.0,0.0
12.98,0.0,0.0,0.0,0.0
12.74,0.0,62.92,0.0,0.0
15.53,0.5,173.45,0.0,0.0
27.79,1.36,209.46,0.0,36.0717
51.5,2.51,263.89,0.0,192.035
50.34,2.73,258.7,0.0,383.636
47.68,2.8,258.74,0.0,528.342
52.39,3.37,259.62,0.0,623.0459999999999
52.62,4.08,246.81,0.0,791.2280000000001
58.11,3.74,266.24,0.0,809.232
56.23,2.37,281.34,0.0,817.7919999999999
57.97,2.29,261.25,0.0,701.48
56.82,3.05,233.1,0.0,529.627
43.35,1.78,208.6,0.0,305.964
18.53,1.48,156.47,0.0,113.186
14.54,1.06,146.58,0.0,8.75794
14.66,1.21,147.72,0.0,0.0
15.18,0.57,154.38,0.0,0.0
14.98,0.36,0.0,0.0,0.0
14.97,0.36,0.0,0.0,0.0
12.99,0.0,0.0,0.0,0.0
9.19,0.0,0.0,0.0,0.0
9.09,0.0,0.0,0.0,0.0
10.17,0.0,0.0,0.0,0.0
8.87,0.0,0.0,0.0,0.0
9.39,0.0,0.0,0.0,0.0
15.48,0.5,174.89,0.0,0.0
21.87,0.79,169.49,0.0,47.6769
27.17,1.08,185.62,0.0,182.821
31.04,1.51,205.1,0.0,379.564
28.08,1.36,215.09,0.0,574.388
28.84,1.65,217.02,0.0,667.572
21.59,1.44,205.61,0.0,658.645
16.33,1.36,207.06,0.0,713.929
13.71,1.08,202.5,0.0,650.89
12.14,0.93,202.18,0.0,477.233
13.68,1.0,191.94,0.0,307.334
12.07,0.5,151.67,0.0,215.132
11.16,0.5,0.0,0.0,65.226
8.16,0.0,0.0,0.0,6.47008
8.72,0.0,0.0,0.0,0.0
9.51,0.0,0.0,0.0,0.0
9.51,0.0,0.0,0.0,0.0
8.71,0.0,0.0,0.0,0.0
7.84,0.0,0.0,0.0,0.0
9.69,0.0,0.0,0.0,0.0
9.84,0.0,0.0,0.0,0.0
9.1,0.0,0.0,0.0,0.0
9.82,0.0,0.0,0.0,0.0
9.78,0.0,0.0,0.0,0.0
11.27,0.29,0.0,0.0,0.0
10.12,0.29,15.33,0.0,44.9192
11.72,0.29,122.17,0.0,161.438
12.12,0.29,111.05,0.0,258.318
12.57,0.29,115.98,0.0,345.501
13.69,0.43,129.87,0.0,437.155
14.16,0.43,84.23,0.0,525.711
14.02,0.65,98.22,0.0,513.8380000000001
14.37,0.43,103.62,0.0,466.668
13.04,0.29,84.15,0.0,494.041
11.7,0.29,124.1,0.0,514.981
12.99,0.29,105.87,0.0,329.66900000000004
10.94,0.0,77.06,0.0,145.517
10.72,0.0,77.24,0.0,15.4917
11.37,0.0,0.0,0.0,0.0
10.46,0.0,0.0,0.0,0.0
9.54,0.0,0.0,0.0,0.0
8.77,0.0,0.0,0.0,0.0
9.63,0.0,0.0,0.0,0.0
12.02,0.0,0.0,0.0,0.0
13.11,0.0,0.0,0.0,0.0
13.34,0.0,0.0,0.0,0.0
11.66,0.0,0.0,0.0,0.0
11.23,0.0,55.66,0.0,0.0
14.21,0.5,157.4,0.0,0.0
28.3,1.36,157.88,0.0,44.5115
64.64,2.51,204.93,0.0,147.72799999999998
51.15,2.73,213.11,0.0,294.597
43.42,2.8,226.37,0.0,443.805
43.55,3.38,244.54,0.0,577.751
43.62,4.09,248.11,0.0,704.7689999999999
44.02,3.75,264.98,0.0,687.16
48.47,2.37,269.9,0.0,665.7919999999999
52.81,2.3,267.14,0.0,479.502
48.81,3.06,241.93,0.0,371.727
34.43,1.79,210.11,0.0,237.538
20.35,1.49,158.62,0.0,54.2912
18.83,1.06,145.46,0.0,6.395569999999999
17.97,1.21,142.1,0.0,0.0
14.67,0.57,140.92,0.0,0.0
13.04,0.36,0.0,0.0,0.0
12.61,0.36,0.0,0.0,0.0
12.52,0.0,0.0,0.0,0.0
13.17,0.0,0.0,0.0,0.0
14.43,0.0,0.0,0.0,0.0
14.91,0.0,0.0,0.0,0.0
13.25,0.0,0.0,0.0,0.0
12.33,0.0,0.0,0.0,0.0
16.87,0.5,146.46,0.0,0.0
29.3,1.37,144.08,0.0,48.5318
66.67,2.52,202.71,0.0,191.336
51.88,2.73,214.63,0.0,410.609
49.25,2.8,225.13,0.0,579.4
54.02,3.38,238.15,0.0,696.3989999999999
50.76,4.09,237.66,0.0,695.1619999999999
56.67,3.75,254.69,0.0,691.063
55.79,2.37,258.4,0.0,676.6210000000001
57.84,2.3,258.01,0.0,585.014
61.62,3.06,263.07,0.0,469.608
48.93,1.79,233.34,0.0,328.477
24.0,1.49,191.5,0.0,142.917
20.25,1.06,166.37,0.0,8.84791
20.77,1.21,152.36,0.0,0.0
19.16,0.57,150.59,0.0,0.0
17.59,0.36,0.0,0.0,0.0
18.48,0.36,0.0,0.0,0.0
13.45,0.0,0.0,0.0,0.0
13.3,0.0,0.0,0.0,0.0
13.3,0.0,0.0,0.0,0.0
14.15,0.0,0.0,0.0,0.0
12.43,0.0,0.0,0.0,0.0
13.82,0.0,57.32,0.0,0.0
18.07,0.5,150.82,0.0,0.0
33.26,1.37,161.05,0.0,46.1867
66.64,2.52,222.03,0.0,186.002
50.96,2.73,231.75,0.0,375.516
52.79,2.81,243.12,0.0,530.759
59.45,3.38,244.29,0.0,611.493
55.83,4.1,232.23,0.0,691.6619999999999
56.13,3.75,244.61,0.0,696.081
47.2,2.38,241.86,0.0,662.7660000000001
51.12,2.3,243.42,0.0,607.134
58.25,3.06,246.29,0.0,491.342
48.11,1.79,211.36,0.0,317.643
24.0,1.49,173.83,0.0,143.63
20.77,1.06,148.26,0.0,12.1595
20.77,1.21,132.05,0.0,0.0
19.16,0.57,128.64,0.0,0.0
19.16,0.36,0.0,0.0,0.0
19.01,0.36,0.0,0.0,0.0
13.95,0.0,0.0,0.0,0.0
12.74,0.0,0.0,0.0,0.0
12.87,0.0,0.0,0.0,0.0
11.67,0.0,0.0,0.0,0.0
12.26,0.0,0.0,0.0,0.0
11.31,0.0,47.3,0.0,0.0
14.69,0.5,125.43,0.0,0.0
26.23,1.37,133.35,0.0,41.4766
62.03,2.52,191.27,0.0,190.081
47.89,2.74,203.6,0.0,383.156
48.54,2.81,212.69,0.0,569.3969999999999
49.73,3.38,214.78,0.0,695.207
45.46,4.1,202.1,0.0,725.013
42.1,3.76,213.83,0.0,714.9110000000001
43.57,2.38,219.25,0.0,702.434
47.49,2.3,226.51,0.0,639.688
47.36,3.07,228.93,0.0,487.446
41.96,1.8,188.13,0.0,323.79
18.76,1.49,143.43,0.0,140.499
14.88,1.06,121.42,0.0,11.9337
16.4,1.21,111.88,0.0,0.0
14.26,0.58,111.58,0.0,0.0
15.28,0.36,0.0,0.0,0.0
13.4,0.36,0.0,0.0,0.0
10.37,0.0,0.0,0.0,0.0
12.04,0.0,0.0,0.0,0.0
12.2,0.0,0.0,0.0,0.0
13.19,0.0,0.0,0.0,0.0
11.87,0.0,0.0,0.0,0.0
11.15,0.0,40.18,0.0,0.0
15.04,0.5,113.59,0.0,0.0
29.55,1.37,140.0,0.0,37.5324
62.91,2.52,204.52,0.0,191.235
48.01,2.74,216.0,0.0,428.97
46.14,2.81,230.33,0.0,599.806
50.98,3.39,235.45,0.0,714.439
49.31,4.1,228.14,0.0,783.47
47.09,3.76,238.52,0.0,813.893
41.27,2.38,243.23,0.0,785.607
39.49,2.3,255.33,0.0,717.336
42.32,3.07,258.79,0.0,615.73
39.3,1.8,223.57,0.0,416.82
20.61,1.48,187.17,0.0,189.305
17.95,1.06,162.15,0.0,7.96453
18.97,1.21,137.36,0.0,0.0
16.03,0.58,135.42,0.0,0.0
15.83,0.36,0.0,0.0,0.0
15.34,0.36,0.0,0.0,0.0
12.96,0.0,0.0,0.0,0.0
10.23,0.0,0.0,0.0,0.0
9.49,0.0,0.0,0.0,0.0
10.33,0.0,0.0,0.0,0.0
9.87,0.0,0.0,0.0,0.0
9.48,0.0,54.2,0.0,0.0
16.74,0.5,155.01,0.0,0.0
24.25,0.79,175.44,0.0,39.324
29.59,1.08,193.67,0.0,192.078
29.59,1.51,205.43,0.0,386.806
29.83,1.37,213.2,0.0,555.614
33.42,1.66,213.14,0.0,693.827
24.32,1.44,202.1,0.0,642.523
19.71,1.37,205.25,0.0,644.229
16.01,1.08,214.81,0.0,684.993
13.37,0.94,210.9,0.0,591.648
15.88,1.01,206.98,0.0,497.496
15.55,0.5,156.46,0.0,296.06
13.13,0.5,98.07,0.0,100.615
9.71,0.0,39.83,0.0,2.532
8.87,0.0,0.0,0.0,0.0
9.67,0.0,0.0,0.0,0.0
8.96,0.0,0.0,0.0,0.0
9.59,0.0,0.0,0.0,0.0
9.36,0.0,0.0,0.0,0.0
8.6,0.0,0.0,0.0,0.0
8.26,0.0,0.0,0.0,0.0
8.79,0.0,0.0,0.0,0.0
9.66,0.0,0.0,0.0,0.0
9.44,0.0,0.0,0.0,0.0
10.72,0.29,49.22,0.0,0.0
10.96,0.29,115.67,0.0,43.43
12.48,0.29,140.19,0.0,189.304
12.55,0.29,157.22,0.0,379.128
11.19,0.29,109.09,0.0,571.2040000000001
12.03,0.43,88.45,0.0,633.891
11.34,0.43,79.59,0.0,285.923
12.16,0.65,45.0,0.0,380.047
12.29,0.43,108.78,0.0,521.138
13.32,0.29,107.3,0.0,524.2719999999999
12.46,0.29,100.69,0.0,487.263
10.83,0.29,134.28,0.0,324.696
8.34,0.0,107.34,0.0,122.672
8.3,0.0,74.52,0.0,2.9746200000000003
9.37,0.0,0.0,0.0,0.0
9.37,0.0,24.73,0.0,0.0
10.25,0.0,0.0,0.0,0.0
8.91,0.0,0.0,0.0,0.0
10.12,0.0,0.0,0.0,0.0
12.63,0.0,0.0,0.0,0.0
13.59,0.0,0.0,0.0,0.0
13.34,0.0,0.0,0.0,0.0
12.52,0.0,0.0,0.0,0.0
13.24,0.0,65.2,0.0,0.0
16.7,0.51,178.63,0.0,0.0
26.06,1.37,202.64,0.0,42.6544
49.07,2.53,259.51,0.0,187.97
40.33,2.75,265.41,0.0,397.806
39.17,2.82,263.21,0.0,536.278
48.83,3.4,246.55,0.0,620.66
48.15,4.12,237.25,0.0,608.7330000000001
51.31,3.77,267.98,0.0,692.7760000000001
51.9,2.38,276.89,0.0,687.206
45.56,2.31,275.2,0.0,607.127
46.46,3.08,268.56,0.0,417.491
34.41,1.81,228.95,0.0,276.927
20.42,1.48,191.53,0.0,122.39
16.17,1.06,173.74,0.0,3.77601
14.9,1.21,164.36,0.0,0.0
14.85,0.58,161.59,0.0,0.0
13.18,0.36,0.0,0.0,0.0
12.71,0.36,0.0,0.0,0.0
12.69,0.0,0.0,0.0,0.0
13.1,0.0,0.0,0.0,0.0
11.79,0.0,0.0,0.0,0.0
12.94,0.0,0.0,0.0,0.0
12.59,0.0,0.0,0.0,0.0
12.47,0.0,63.6,0.0,0.0
14.92,0.51,169.41,0.0,0.0
28.08,1.37,185.91,0.0,42.4812
52.82,2.53,247.13,0.0,187.77
50.34,2.75,252.54,0.0,379.309
50.92,2.82,261.71,0.0,544.632
51.1,3.4,260.57,0.0,666.573
53.22,4.11,216.42,0.0,768.674
52.67,3.78,226.83,0.0,824.309
46.6,2.38,241.17,0.0,640.687
47.79,2.31,243.78,0.0,584.802
48.26,3.08,251.17,0.0,468.744
35.05,1.82,227.55,0.0,341.983
17.33,1.47,188.67,0.0,122.364
17.09,1.05,168.58,0.0,0.987808
17.73,1.2,160.44,0.0,0.0
16.32,0.58,154.89,0.0,0.0
14.16,0.36,0.0,0.0,0.0
15.06,0.36,0.0,0.0,0.0
11.69,0.0,0.0,0.0,0.0
12.26,0.0,0.0,0.0,0.0
13.5,0.0,0.0,0.0,0.0
14.51,0.0,0.0,0.0,0.0
15.13,0.0,0.0,0.0,0.0
15.46,0.0,54.85,0.0,0.0
17.63,0.51,154.93,0.0,0.0
29.38,1.38,171.75,0.0,39.2498
54.46,2.53,225.03,0.0,151.797
46.41,2.75,242.06,0.0,299.336
44.98,2.82,257.54,0.0,416.225
50.19,3.4,267.6,0.0,515.443
47.62,4.11,265.18,0.0,610.75
48.67,3.79,278.74,0.0,676.314
41.22,2.38,261.54,0.0,527.842
47.97,2.31,249.6,0.0,485.026
52.24,3.08,245.2,0.0,377.189
43.89,1.83,215.04,0.0,281.0
23.2,1.46,173.99,0.0,115.617
20.77,1.04,156.12,0.0,2.64173
20.77,1.19,148.18,0.0,0.0
18.54,0.57,140.04,0.0,0.0
18.84,0.36,0.0,0.0,0.0
17.73,0.36,0.0,0.0,0.0
12.63,0.0,0.0,0.0,0.0
11.01,0.0,0.0,0.0,0.0
10.47,0.0,0.0,0.0,0.0
12.09,0.0,0.0,0.0,0.0
11.46,0.0,0.0,0.0,0.0
10.76,0.0,0.0,0.0,0.0
12.5,0.51,151.96,0.0,0.0
22.96,1.38,167.58,0.0,39.5658
52.66,2.54,222.85,0.0,151.03799999999998
40.85,2.75,239.82,0.0,284.321
47.71,2.83,255.79,0.0,424.977
46.53,3.41,268.65,0.0,526.21
53.87,4.11,263.57,0.0,619.6990000000001
48.74,3.79,275.6,0.0,635.35
46.53,2.38,250.71,0.0,635.395
49.33,2.31,216.9,0.0,516.415
54.82,3.09,208.98,0.0,328.284
40.34,1.84,190.2,0.0,174.85299999999998
21.45,1.45,163.5,0.0,113.567
17.93,1.04,148.33,0.0,0.0
18.93,1.19,142.57,0.0,0.0
17.78,0.57,138.23,0.0,0.0
17.85,0.36,0.0,0.0,0.0
17.12,0.36,0.0,0.0,0.0
14.56,0.0,0.0,0.0,0.0
15.05,0.0,0.0,0.0,0.0
15.46,0.0,0.0,0.0,0.0
15.46,0.0,0.0,0.0,0.0
15.37,0.0,0.0,0.0,0.0
15.46,0.0,0.0,0.0,0.0
19.16,0.51,150.19,0.0,0.0
31.16,1.38,157.35,0.0,42.067
66.62,2.54,218.51,0.0,174.021
59.76,2.76,235.47,0.0,354.261
54.52,2.83,247.17,0.0,562.6
55.76,3.41,257.18,0.0,708.6039999999999
61.69,4.11,249.84,0.0,778.3489999999999
57.74,3.8,264.93,0.0,820.722
53.11,2.38,265.83,0.0,782.7710000000001
51.39,2.31,262.62,0.0,698.455
52.73,3.09,253.38,0.0,557.0269999999999
43.11,1.84,213.57,0.0,397.104
18.46,1.45,184.51,0.0,182.668
15.62,1.03,156.02,0.0,1.6765
14.21,1.18,134.69,0.0,0.0
15.84,0.57,133.72,0.0,0.0
17.48,0.36,0.0,0.0,0.0
16.49,0.36,0.0,0.0,0.0
13.46,0.0,0.0,0.0,0.0
10.54,0.0,0.0,0.0,0.0
9.41,0.0,0.0,0.0,0.0
9.18,0.0,0.0,0.0,0.0
8.81,0.0,0.0,0.0,0.0
8.44,0.0,58.95,0.0,0.0
14.73,0.51,174.07,0.0,0.0
17.81,0.8,186.35,0.0,38.2426
20.69,1.09,201.01,0.0,188.209
24.73,1.53,213.23,0.0,388.288
21.5,1.38,225.27,0.0,559.095
24.59,1.67,227.44,0.0,705.192
19.71,1.45,223.11,0.0,786.345
17.83,1.38,218.32,0.0,786.368
15.52,1.09,212.65,0.0,762.135
13.78,0.94,212.64,0.0,715.9630000000001
16.31,1.02,201.96,0.0,583.9019999999999
13.01,0.51,152.56,0.0,402.777
12.14,0.51,118.33,0.0,175.00099999999998
10.26,0.0,116.64,0.0,1.12971
10.64,0.0,49.6,0.0,0.0
11.29,0.0,19.37,0.0,0.0
11.6,0.0,0.0,0.0,0.0
10.57,0.0,0.0,0.0,0.0
11.46,0.0,0.0,0.0,0.0
11.18,0.0,0.0,0.0,0.0
11.02,0.0,0.0,0.0,0.0
11.17,0.0,0.0,0.0,0.0
11.42,0.0,0.0,0.0,0.0
11.6,0.0,0.0,0.0,0.0
14.37,0.29,4.79,0.0,0.0
13.95,0.29,123.77,0.0,41.9426
13.45,0.29,124.6,0.0,178.736
14.37,0.29,110.99,0.0,336.745
13.56,0.29,139.61,0.0,488.61
14.11,0.44,122.45,0.0,581.247
13.78,0.44,108.87,0.0,671.58
14.04,0.65,137.46,0.0,691.2689999999999
12.69,0.44,124.75,0.0,626.913
11.0,0.29,112.19,0.0,544.298
12.53,0.29,140.7,0.0,424.741
12.19,0.29,117.71,0.0,283.431
9.01,0.0,100.15,0.0,118.609
9.17,0.0,120.81,0.0,0.0820776999999999
8.12,0.0,66.65,0.0,0.0
9.56,0.0,30.79,0.0,0.0
10.13,0.0,48.67,0.0,0.0
10.97,0.0,48.84,0.0,0.0
9.76,0.0,14.27,0.0,0.0
11.78,0.0,28.15,0.0,0.0
10.56,0.0,31.75,0.0,0.0
11.19,0.0,0.0,0.0,0.0
13.28,0.0,28.57,0.0,0.0
11.76,0.0,101.25,0.0,0.0
13.41,0.51,169.91,0.0,0.0
26.98,1.38,193.8,0.0,43.0583
55.5,2.55,247.27,0.0,165.792
49.37,2.77,259.79,0.0,296.147
41.89,2.84,267.4,0.0,399.322
44.98,3.42,272.33,0.0,439.169
44.0,4.14,268.68,0.0,511.319
47.2,3.81,275.48,0.0,589.557
48.65,2.4,268.36,0.0,563.757
47.47,2.32,266.53,0.0,485.397
52.33,3.1,265.39,0.0,415.854
39.0,1.84,224.32,0.0,274.97900000000004
17.34,1.47,178.89,0.0,112.149
16.72,1.05,156.0,0.0,0.0
15.86,1.2,151.39,0.0,0.0
14.79,0.58,148.12,0.0,0.0
15.19,0.36,0.0,0.0,0.0
14.57,0.36,0.0,0.0,0.0
12.18,0.0,0.0,0.0,0.0
13.43,0.0,0.0,0.0,0.0
13.93,0.0,0.0,0.0,0.0
13.19,0.0,0.0,0.0,0.0
13.8,0.0,0.0,0.0,0.0
13.11,0.0,59.74,0.0,0.0
17.0,0.51,161.78,0.0,0.0
28.9,1.39,171.17,0.0,42.1114
66.79,2.55,222.62,0.0,174.705
60.44,2.77,230.02,0.0,351.209
57.7,2.84,243.98,0.0,495.416
60.44,3.43,248.17,0.0,587.23
59.01,4.13,235.52,0.0,653.222
58.46,3.82,249.1,0.0,678.7710000000001
56.52,2.39,246.95,0.0,635.842
58.02,2.33,240.45,0.0,502.071
58.43,3.11,235.65,0.0,338.451
42.53,1.84,197.38,0.0,214.411
20.53,1.46,154.71,0.0,66.5603
18.1,1.04,143.2,0.0,0.0
16.51,1.19,140.92,0.0,0.0
16.14,0.57,140.63,0.0,0.0
16.74,0.36,0.0,0.0,0.0
14.56,0.36,0.0,0.0,0.0
13.53,0.0,0.0,0.0,0.0
13.3,0.0,0.0,0.0,0.0
12.59,0.0,0.0,0.0,0.0
13.22,0.0,0.0,0.0,0.0
14.21,0.0,0.0,0.0,0.0
14.52,0.0,57.84,0.0,0.0
15.86,0.51,169.74,0.0,0.0
29.69,1.39,184.33,0.0,41.2262
62.66,2.56,233.03,0.0,176.437
54.34,2.78,235.75,0.0,347.17
51.2,2.85,244.13,0.0,470.327
56.13,3.43,255.25,0.0,579.9630000000001
55.7,4.12,245.38,0.0,632.688
50.38,3.83,258.14,0.0,659.7439999999999
42.59,2.4,259.96,0.0,613.63
48.44,2.34,259.99,0.0,513.706
49.38,3.11,254.37,0.0,365.468
42.63,1.83,217.84,0.0,232.621
19.91,1.51,181.74,0.0,102.193
15.45,1.08,165.53,0.0,0.0
15.86,1.23,162.26,0.0,0.0
14.33,0.58,159.72,0.0,0.0
13.35,0.37,0.0,0.0,0.0
14.82,0.37,0.0,0.0,0.0
12.24,0.0,0.0,0.0,0.0
11.24,0.0,0.0,0.0,0.0
11.01,0.0,0.0,0.0,0.0
10.15,0.0,0.0,0.0,0.0
10.45,0.0,0.0,0.0,0.0
12.4,0.0,57.86,0.0,0.0
16.41,0.51,164.32,0.0,0.0
30.8,1.39,173.55,0.0,31.7578
65.31,2.56,218.13,0.0,133.923
54.82,2.78,231.82,0.0,268.007
46.4,2.85,238.38,0.0,414.4
49.02,3.44,242.2,0.0,516.105
51.73,4.15,232.84,0.0,608.651
51.29,3.83,247.69,0.0,655.118
47.15,2.41,252.85,0.0,590.097
50.02,2.33,252.64,0.0,558.158
48.06,3.12,252.2,0.0,422.496
34.59,1.86,218.66,0.0,273.636
18.82,1.46,180.44,0.0,103.42
16.83,1.04,156.12,0.0,0.0
15.11,1.19,147.65,0.0,0.0
16.06,0.58,145.55,0.0,0.0
14.74,0.37,0.0,0.0,0.0
15.38,0.37,0.0,0.0,0.0
12.3,0.0,0.0,0.0,0.0
13.44,0.0,0.0,0.0,0.0
12.38,0.0,0.0,0.0,0.0
12.88,0.0,0.0,0.0,0.0
13.42,0.0,0.0,0.0,0.0
12.41,0.0,52.83,0.0,0.0
14.26,0.51,151.84,0.0,0.0
28.0,1.39,169.06,0.0,32.9772
60.08,2.56,217.39,0.0,141.944
44.58,2.78,228.23,0.0,230.379
49.23,2.86,242.85,0.0,327.09
54.26,3.44,246.68,0.0,387.89
56.12,4.14,232.56,0.0,431.1830000000001
57.15,3.84,223.5,0.0,297.825
55.54,2.41,211.92,0.0,327.983
53.57,2.35,221.0,0.0,299.57
51.07,3.12,223.42,0.0,275.41
41.21,1.83,195.79,0.0,163.782
19.43,1.52,158.3,0.0,52.0658
15.21,1.08,151.03,0.0,0.0
14.52,1.23,151.69,0.0,0.0
13.84,0.59,150.32,0.0,0.0
15.77,0.37,0.0,0.0,0.0
16.68,0.37,0.0,0.0,0.0
14.6,0.0,0.0,0.0,0.0
10.45,0.0,0.0,0.0,0.0
11.36,0.0,0.0,0.0,0.0
10.59,0.0,0.0,0.0,0.0
11.15,0.0,0.0,0.0,0.0
10.81,0.0,0.0,0.0,0.0
17.65,0.51,181.6,0.0,0.0
24.92,0.81,174.08,0.0,29.8988
29.59,1.1,171.38,0.0,137.72799999999998
32.41,1.54,158.51,0.0,239.974
28.71,1.39,142.01,0.0,310.757
29.22,1.69,137.82,0.0,385.921
21.94,1.47,132.99,0.0,490.309
20.66,1.39,132.92,0.0,591.8480000000001
19.85,1.1,138.7,0.0,499.534
18.38,0.95,146.69,0.0,423.757
18.78,1.03,154.64,0.0,329.223
16.46,0.51,148.55,0.0,219.847
14.14,0.51,0.0,0.0,55.2645
11.6,0.0,0.0,0.0,0.0
11.6,0.0,0.0,0.0,0.0
10.68,0.0,0.0,0.0,0.0
10.88,0.0,0.0,0.0,0.0
10.22,0.0,0.0,0.0,0.0
10.62,0.0,0.0,0.0,0.0
10.79,0.0,0.0,0.0,0.0
10.8,0.0,0.0,0.0,0.0
10.09,0.0,0.0,0.0,0.0
9.72,0.0,0.0,0.0,0.0
8.47,0.0,0.0,0.0,0.0
9.9,0.29,0.0,0.0,0.0
10.91,0.29,0.0,0.0,38.0339
10.71,0.29,128.35,0.0,172.662
9.88,0.29,140.68,0.0,350.417
10.87,0.29,93.33,0.0,504.895
12.16,0.44,141.4,0.0,627.479
11.08,0.44,137.83,0.0,753.846
11.14,0.66,94.59,0.0,751.112
10.06,0.44,147.77,0.0,734.438
11.0,0.29,148.19,0.0,619.503
10.45,0.29,99.94,0.0,489.344
10.57,0.29,144.36,0.0,272.761
8.19,0.0,133.39,0.0,87.5698
9.02,0.0,57.63,0.0,0.0
9.71,0.0,21.19,0.0,0.0
8.56,0.0,0.0,0.0,0.0
9.24,0.0,0.0,0.0,0.0
8.23,0.0,0.0,0.0,0.0
8.68,0.0,0.0,0.0,0.0
12.12,0.0,0.0,0.0,0.0
12.22,0.0,0.0,0.0,0.0
12.08,0.0,0.0,0.0,0.0
11.56,0.0,0.0,0.0,0.0
12.97,0.0,66.95,0.0,0.0
16.88,0.52,184.16,0.0,0.0
26.45,1.4,194.51,0.0,39.8361
60.92,2.58,244.26,0.0,172.74599999999998
48.19,2.8,241.77,0.0,312.089
42.46,2.87,262.77,0.0,501.749
51.77,3.46,274.22,0.0,614.1080000000001
52.16,4.17,261.64,0.0,744.882
49.24,3.85,275.7,0.0,725.375
46.97,2.42,283.02,0.0,675.091
48.16,2.34,272.93,0.0,548.727
48.96,3.14,262.38,0.0,401.967
39.15,1.86,228.7,0.0,246.349
18.67,1.47,188.05,0.0,91.1354
15.5,1.04,166.84,0.0,0.0
17.59,1.19,159.85,0.0,0.0
16.19,0.58,159.74,0.0,0.0
15.02,0.37,0.0,0.0,0.0
16.11,0.37,0.0,0.0,0.0
12.65,0.0,0.0,0.0,0.0
12.82,0.0,0.0,0.0,0.0
13.24,0.0,0.0,0.0,0.0
11.83,0.0,0.0,0.0,0.0
11.66,0.0,0.0,0.0,0.0
13.38,0.0,58.89,0.0,0.0
18.02,0.52,168.12,0.0,0.0
32.4,1.4,179.79,0.0,37.0784
70.91,2.58,238.59,0.0,171.791
60.44,2.8,252.55,0.0,350.19300000000004
53.83,2.87,262.46,0.0,505.149
52.95,3.46,266.03,0.0,601.72
58.38,4.16,251.37,0.0,682.307
62.0,3.85,261.5,0.0,694.342
52.25,2.44,263.26,0.0,653.888
47.24,2.36,266.84,0.0,601.494
47.91,3.14,265.83,0.0,426.918
38.06,1.85,231.61,0.0,273.685
19.66,1.51,188.19,0.0,88.0857
15.08,1.07,165.75,0.0,0.0
16.84,1.22,160.93,0.0,0.0
14.07,0.59,155.78,0.0,0.0
13.73,0.37,0.0,0.0,0.0
15.02,0.37,0.0,0.0,0.0
12.69,0.0,0.0,0.0,0.0
10.22,0.0,0.0,0.0,0.0
9.03,0.0,0.0,0.0,0.0
10.26,0.0,0.0,0.0,0.0
9.56,0.0,0.0,0.0,0.0
9.31,0.0,0.0,0.0,0.0
11.95,0.3,0.0,0.0,0.0
13.23,0.3,57.45,0.0,39.5812
14.12,0.3,107.55,0.0,170.733
13.29,0.3,113.26,0.0,324.579
13.89,0.3,113.41,0.0,474.698
14.37,0.44,116.34,0.0,604.097
13.64,0.44,117.26,0.0,674.1560000000001
12.61,0.66,115.63,0.0,690.495
11.37,0.44,113.16,0.0,647.356
10.01,0.3,116.15,0.0,588.744
12.05,0.3,111.5,0.0,435.074
12.95,0.3,106.62,0.0,237.232
9.74,0.0,101.31,0.0,70.461
10.49,0.0,29.41,0.0,0.0
11.06,0.0,25.44,0.0,0.0
9.84,0.0,0.0,0.0,0.0
10.72,0.0,0.0,0.0,0.0
11.6,0.0,0.0,0.0,0.0
11.6,0.0,0.0,0.0,0.0
15.46,0.0,0.0,0.0,0.0
15.46,0.0,0.0,0.0,0.0
14.3,0.0,0.0,0.0,0.0
13.95,0.0,0.0,0.0,0.0
14.49,0.0,55.32,0.0,0.0
16.86,0.52,155.88,0.0,0.0
29.6,1.4,185.21,0.0,31.8694
67.07,2.59,251.97,0.0,190.569
52.95,2.81,263.05,0.0,397.435
46.02,2.88,258.65,0.0,555.164
46.75,3.48,258.66,0.0,646.734
54.47,4.19,260.72,0.0,655.456
58.54,3.87,276.2,0.0,633.264
52.41,2.43,270.84,0.0,616.759
55.29,2.37,254.43,0.0,531.674
52.92,3.15,240.11,0.0,383.076
43.3,1.85,201.9,0.0,225.872
21.85,1.52,166.37,0.0,84.5444
16.91,1.1,150.42,0.0,0.0
18.63,1.25,144.54,0.0,0.0
15.82,0.59,145.02,0.0,0.0
16.25,0.37,0.0,0.0,0.0
15.99,0.37,0.0,0.0,0.0
11.62,0.0,0.0,0.0,0.0
11.75,0.0,0.0,0.0,0.0
12.78,0.0,0.0,0.0,0.0
13.48,0.0,0.0,0.0,0.0
13.56,0.0,0.0,0.0,0.0
12.62,0.0,51.92,0.0,0.0
16.62,0.52,142.19,0.0,0.0
30.92,1.41,157.46,0.0,39.8739
59.07,2.59,230.05,0.0,183.95
49.99,2.81,246.38,0.0,382.309
41.89,2.89,245.78,0.0,532.387
49.04,3.48,236.55,0.0,588.138
51.42,4.19,233.67,0.0,638.503
52.01,3.88,252.87,0.0,688.5980000000001
51.32,2.43,256.52,0.0,664.345
55.05,2.38,260.89,0.0,520.88
61.47,3.16,234.92,0.0,349.528
44.6,1.85,192.25,0.0,192.73
21.58,1.53,153.45,0.0,62.4712
18.88,1.09,142.22,0.0,0.0
18.13,1.24,141.2,0.0,0.0
17.56,0.59,137.65,0.0,0.0
17.81,0.37,0.0,0.0,0.0
19.16,0.37,0.0,0.0,0.0
15.46,0.0,0.0,0.0,0.0
11.6,0.0,0.0,0.0,0.0
11.6,0.0,0.0,0.0,0.0
11.6,0.0,0.0,0.0,0.0
10.85,0.0,0.0,0.0,0.0
10.58,0.0,0.0,0.0,0.0
15.67,0.52,129.97,0.0,0.0
21.08,0.82,141.28,0.0,37.6311
23.33,1.11,175.61,0.0,195.846
23.12,1.56,196.19,0.0,396.389
20.73,1.41,203.54,0.0,548.712
24.4,1.71,206.48,0.0,639.0369999999999
21.25,1.48,202.52,0.0,680.1560000000001
19.95,1.41,195.36,0.0,684.557
16.1,1.11,196.87,0.0,624.076
14.96,0.96,203.72,0.0,556.5369999999999
16.26,1.04,192.42,0.0,440.706
13.52,0.52,141.87,0.0,224.571
12.83,0.52,38.72,0.0,57.8838
9.83,0.0,0.0,0.0,0.0
9.73,0.0,0.0,0.0,0.0
10.19,0.0,0.0,0.0,0.0
9.89,0.0,0.0,0.0,0.0
10.51,0.0,0.0,0.0,0.0
9.37,0.0,0.0,0.0,0.0
9.48,0.0,0.0,0.0,0.0
10.4,0.0,0.0,0.0,0.0
9.76,0.0,0.0,0.0,0.0
9.16,0.0,0.0,0.0,0.0
10.22,0.0,0.0,0.0,0.0
12.93,0.3,0.0,0.0,0.0
12.14,0.3,109.79,0.0,36.1488
12.02,0.3,132.73,0.0,193.787
10.49,0.3,94.12,0.0,417.213
9.93,0.3,139.79,0.0,550.577
11.94,0.45,137.98,0.0,674.466
11.88,0.45,95.66,0.0,767.278
10.87,0.67,144.82,0.0,756.092
10.41,0.45,134.61,0.0,701.831
10.66,0.3,84.76,0.0,583.595
10.36,0.3,122.17,0.0,427.0580000000001
11.76,0.3,119.02,0.0,272.372
10.4,0.0,79.97,0.0,74.9179
10.38,0.0,80.61,0.0,0.0
10.97,0.0,20.74,0.0,0.0
11.16,0.0,0.0,0.0,0.0
9.89,0.0,0.0,0.0,0.0
8.8,0.0,0.0,0.0,0.0
9.52,0.0,0.0,0.0,0.0
13.3,0.0,0.0,0.0,0.0
14.08,0.0,0.0,0.0,0.0
12.58,0.0,0.0,0.0,0.0
13.41,0.0,0.0,0.0,0.0
14.25,0.0,59.37,0.0,0.0
15.56,0.52,161.73,0.0,0.0
27.18,1.41,180.47,0.0,35.0488
60.12,2.61,249.16,0.0,186.307
55.72,2.83,263.33,0.0,381.04
49.57,2.9,269.05,0.0,522.827
47.69,3.5,269.02,0.0,641.375
47.51,4.21,266.93,0.0,730.067
42.64,3.9,278.07,0.0,745.6560000000001
40.14,2.45,272.09,0.0,716.215
48.36,2.39,266.49,0.0,579.07
46.97,3.18,260.1,0.0,454.642
34.13,1.86,227.03,0.0,308.578
20.36,1.53,181.84,0.0,104.431
15.35,1.09,152.04,0.0,0.0
17.78,1.24,145.72,0.0,0.0
16.56,0.59,144.95,0.0,0.0
18.12,0.37,0.0,0.0,0.0
16.7,0.37,0.0,0.0,0.0
13.77,0.0,0.0,0.0,0.0
13.13,0.0,0.0,0.0,0.0
12.07,0.0,0.0,0.0,0.0
12.02,0.0,0.0,0.0,0.0
13.51,0.0,0.0,0.0,0.0
12.2,0.0,52.55,0.0,0.0
14.39,0.52,151.84,0.0,0.0
26.51,1.42,170.22,0.0,36.2839
50.94,2.61,237.92,0.0,190.707
48.83,2.84,250.21,0.0,403.577
51.53,2.91,259.01,0.0,536.524
55.92,3.51,261.15,0.0,672.857
59.12,4.22,255.06,0.0,720.9169999999999
62.3,3.9,270.54,0.0,750.118
58.02,2.47,271.48,0.0,701.029
53.4,2.39,266.59,0.0,647.0980000000001
59.8,3.18,244.4,0.0,523.281
43.63,1.88,212.75,0.0,275.82
18.85,1.51,166.13,0.0,54.062
18.05,1.07,160.57,0.0,0.0
17.65,1.23,160.74,0.0,0.0
15.19,0.59,159.98,0.0,0.0
14.94,0.37,0.0,0.0,0.0
14.83,0.37,0.0,0.0,0.0
12.64,0.0,0.0,0.0,0.0
11.84,0.0,0.0,0.0,0.0
10.53,0.0,0.0,0.0,0.0
11.45,0.0,0.0,0.0,0.0
12.49,0.0,0.0,0.0,0.0
12.31,0.0,0.0,0.0,0.0
14.86,0.52,165.85,0.0,0.0
27.3,1.42,168.36,0.0,39.8676
56.26,2.62,228.85,0.0,178.456
42.91,2.84,242.87,0.0,360.157
39.66,2.92,250.31,0.0,536.849
49.68,3.51,253.21,0.0,680.8839999999999
53.94,4.22,241.93,0.0,779.14
55.35,3.91,250.3,0.0,765.6419999999999
47.08,2.47,262.24,0.0,709.0939999999999
48.6,2.38,271.65,0.0,631.005
45.28,3.18,267.56,0.0,475.281
36.3,1.89,232.88,0.0,305.722
19.46,1.5,194.75,0.0,101.942
17.41,1.07,169.12,0.0,0.0
15.26,1.22,163.62,0.0,0.0
14.68,0.59,155.33,0.0,0.0
15.71,0.37,0.0,0.0,0.0
17.47,0.37,0.0,0.0,0.0
13.72,0.0,0.0,0.0,0.0
14.49,0.0,0.0,0.0,0.0
13.38,0.0,0.0,0.0,0.0
14.31,0.0,0.0,0.0,0.0
14.15,0.0,0.0,0.0,0.0
13.33,0.0,59.21,0.0,0.0
14.6,0.52,165.76,0.0,0.0
26.14,1.42,190.13,0.0,33.859
54.63,2.62,253.75,0.0,190.316
46.98,2.85,258.43,0.0,384.80300000000005
49.13,2.92,265.14,0.0,545.877
48.79,3.52,267.91,0.0,662.87
50.74,4.22,259.91,0.0,636.222
56.97,3.92,271.24,0.0,629.221
50.61,2.47,241.67,0.0,589.187
54.59,2.39,234.5,0.0,518.075
57.65,3.19,250.8,0.0,356.237
48.44,1.9,191.98,0.0,200.236
24.0,1.5,152.5,0.0,51.0863
20.17,1.06,151.32,0.0,0.0
18.13,1.21,152.1,0.0,0.0
16.51,0.59,151.29,0.0,0.0
16.45,0.37,0.0,0.0,0.0
16.5,0.37,0.0,0.0,0.0
12.66,0.0,0.0,0.0,0.0
12.79,0.0,0.0,0.0,0.0
12.49,0.0,0.0,0.0,0.0
12.68,0.0,0.0,0.0,0.0
13.15,0.0,0.0,0.0,0.0
13.12,0.0,0.0,0.0,0.0
15.92,0.53,163.18,0.0,0.0
24.85,1.43,178.5,0.0,38.0101
58.35,2.63,245.99,0.0,182.68
47.44,2.85,260.22,0.0,371.374
44.79,2.93,264.66,0.0,525.1659999999999
45.97,3.53,266.82,0.0,591.488
51.23,4.22,242.99,0.0,595.0409999999999
47.04,3.93,257.48,0.0,606.061
48.97,2.47,272.2,0.0,629.497
46.02,2.39,258.44,0.0,524.106
42.98,3.2,243.73,0.0,372.253
34.4,1.89,209.52,0.0,202.293
19.54,1.53,171.98,0.0,69.8986
18.2,1.12,158.69,0.0,0.0
16.77,1.27,155.87,0.0,0.0
15.7,0.6,153.45,0.0,0.0
16.29,0.38,0.0,0.0,0.0
16.94,0.38,0.0,0.0,0.0
13.33,0.0,0.0,0.0,0.0
9.3,0.0,0.0,0.0,0.0
10.34,0.0,0.0,0.0,0.0
9.49,0.0,0.0,0.0,0.0
8.81,0.0,0.0,0.0,0.0
8.66,0.0,0.0,0.0,0.0
15.26,0.53,172.23,0.0,0.0
22.26,0.83,160.31,0.0,31.2644
22.85,1.13,158.99,0.0,158.536
23.41,1.58,167.02,0.0,282.342
22.63,1.43,178.32,0.0,405.451
23.78,1.73,187.96,0.0,531.1709999999999
17.38,1.5,189.54,0.0,542.143
15.09,1.43,177.15,0.0,551.7719999999999
15.31,1.13,177.3,0.0,509.31
15.27,0.98,196.42,0.0,481.95
15.27,1.05,198.02,0.0,445.83
13.14,0.53,152.86,0.0,244.831
12.56,0.53,55.29,0.0,59.143
9.88,0.0,26.0,0.0,0.0
8.75,0.0,0.0,0.0,0.0
8.98,0.0,0.0,0.0,0.0
8.59,0.0,0.0,0.0,0.0
9.03,0.0,0.0,0.0,0.0
9.73,0.0,0.0,0.0,0.0
10.6,0.0,0.0,0.0,0.0
9.49,0.0,0.0,0.0,0.0
9.1,0.0,0.0,0.0,0.0
10.29,0.0,0.0,0.0,0.0
9.85,0.0,0.0,0.0,0.0
12.51,0.3,0.0,0.0,0.0
11.97,0.3,0.0,0.0,31.2103
12.95,0.3,95.07,0.0,175.56400000000002
11.48,0.3,104.8,0.0,376.853
12.65,0.3,83.27,0.0,570.494
11.98,0.45,100.53,0.0,682.443
10.61,0.45,120.24,0.0,794.2760000000001
12.0,0.68,98.05,0.0,819.288
10.68,0.45,119.01,0.0,757.033
10.52,0.3,137.31,0.0,702.0060000000001
9.58,0.3,106.83,0.0,503.448
10.63,0.3,121.44,0.0,302.725
7.96,0.0,123.47,0.0,91.3255
9.13,0.0,64.82,0.0,0.0
8.58,0.0,51.77,0.0,0.0
9.36,0.0,0.0,0.0,0.0
8.54,0.0,27.43,0.0,0.0
8.36,0.0,0.0,0.0,0.0
8.92,0.0,0.0,0.0,0.0
12.65,0.0,0.0,0.0,0.0
12.09,0.0,0.0,0.0,0.0
13.22,0.0,0.0,0.0,0.0
13.96,0.0,0.0,0.0,0.0
12.29,0.0,61.15,0.0,0.0
15.22,0.53,174.49,0.0,0.0
25.46,1.43,188.28,0.0,30.2477
59.14,2.64,233.49,0.0,153.502
51.4,2.87,247.57,0.0,300.507
45.51,2.94,265.24,0.0,437.771
49.37,3.55,272.29,0.0,564.83
54.63,4.26,253.86,0.0,634.883
52.49,3.95,237.33,0.0,615.138
45.57,2.5,227.72,0.0,555.503
46.95,2.41,222.47,0.0,439.97
48.65,3.22,219.89,0.0,324.255
36.5,1.91,187.31,0.0,202.718
18.3,1.51,158.74,0.0,58.9899
15.57,1.08,156.81,0.0,0.0
14.82,1.23,155.27,0.0,0.0
12.78,0.59,152.27,0.0,0.0
12.9,0.38,0.0,0.0,0.0
14.64,0.38,0.0,0.0,0.0
12.82,0.0,0.0,0.0,0.0
13.2,0.0,0.0,0.0,0.0
14.03,0.0,0.0,0.0,0.0
12.31,0.0,0.0,0.0,0.0
11.18,0.0,0.0,0.0,0.0
12.32,0.0,0.0,0.0,0.0
15.12,0.53,148.8,0.0,0.0
25.44,1.44,158.71,0.0,36.9283
48.31,2.65,217.25,0.0,174.074
47.0,2.87,233.67,0.0,342.829
50.18,2.95,246.73,0.0,455.088
48.93,3.56,258.41,0.0,528.97
50.68,4.25,248.92,0.0,613.188
54.66,3.96,249.35,0.0,593.659
53.05,2.48,244.38,0.0,577.413
57.24,2.42,236.97,0.0,459.18
61.02,3.23,217.21,0.0,323.957
46.56,1.89,179.26,0.0,181.646
20.59,1.56,147.81,0.0,52.5227
17.3,1.11,144.23,0.0,0.0
17.07,1.26,142.05,0.0,0.0
15.28,0.6,141.39,0.0,0.0
13.65,0.38,0.0,0.0,0.0
15.01,0.38,0.0,0.0,0.0
12.72,0.0,0.0,0.0,0.0
13.98,0.0,0.0,0.0,0.0
12.6,0.0,0.0,0.0,0.0
12.89,0.0,0.0,0.0,0.0
12.45,0.0,0.0,0.0,0.0
12.01,0.0,0.0,0.0,0.0
14.38,0.53,139.0,0.0,0.0
28.91,1.44,143.47,0.0,39.3019
59.12,2.65,205.27,0.0,183.072
47.48,2.88,219.72,0.0,356.343
40.32,2.96,227.94,0.0,499.199
40.9,3.56,230.89,0.0,536.535
51.6,4.27,227.99,0.0,636.4730000000001
57.08,3.97,246.03,0.0,630.682
49.29,2.5,244.1,0.0,599.751
47.01,2.42,242.51,0.0,512.3430000000001
43.59,3.24,240.55,0.0,368.766
39.39,1.9,202.08,0.0,226.048
20.82,1.56,158.96,0.0,56.7281
19.38,1.12,148.14,0.0,0.0
20.77,1.27,150.31,0.0,0.0
19.16,0.61,144.13,0.0,0.0
18.11,0.38,0.0,0.0,0.0
18.19,0.38,0.0,0.0,0.0
14.96,0.0,0.0,0.0,0.0
14.01,0.0,0.0,0.0,0.0
12.54,0.0,0.0,0.0,0.0
11.14,0.0,0.0,0.0,0.0
12.88,0.0,0.0,0.0,0.0
13.9,0.0,0.0,0.0,0.0
17.04,0.53,149.47,0.0,0.0
31.19,1.44,158.75,0.0,38.3253
69.34,2.66,217.96,0.0,174.46
53.87,2.89,227.07,0.0,330.54
51.55,2.96,252.25,0.0,421.429
50.68,3.57,254.36,0.0,475.316
56.52,4.28,237.04,0.0,516.693
59.42,3.98,248.38,0.0,508.626
57.92,2.5,248.39,0.0,469.329
58.02,2.42,251.23,0.0,408.793
61.64,3.25,237.41,0.0,283.875
45.32,1.91,181.65,0.0,155.08100000000002
20.26,1.57,125.67,0.0,24.9538
19.12,1.12,117.6,0.0,0.0
19.74,1.28,118.97,0.0,0.0
17.86,0.61,122.13,0.0,0.0
17.52,0.38,0.0,0.0,0.0
15.34,0.38,0.0,0.0,0.0
13.14,0.0,0.0,0.0,0.0
11.41,0.0,0.0,0.0,0.0
13.06,0.0,0.0,0.0,0.0
13.72,0.0,0.0,0.0,0.0
13.21,0.0,0.0,0.0,0.0
13.13,0.0,0.0,0.0,0.0
15.47,0.53,130.74,0.0,0.0
24.2,1.45,124.79,0.0,37.1512
60.23,2.66,171.6,0.0,161.467
49.93,2.89,189.45,0.0,314.108
45.05,2.97,204.37,0.0,473.349
44.6,3.58,213.56,0.0,579.28
52.99,4.29,210.47,0.0,661.49
54.04,3.99,223.13,0.0,757.3610000000001
48.99,2.51,227.43,0.0,744.582
44.04,2.43,237.02,0.0,625.169
43.35,3.25,235.58,0.0,505.859
36.83,1.91,197.95,0.0,302.64
18.79,1.58,149.62,0.0,90.3749
14.41,1.12,125.47,0.0,0.0
13.62,1.27,121.28,0.0,0.0
13.36,0.61,118.84,0.0,0.0
15.88,0.38,0.0,0.0,0.0
13.83,0.38,0.0,0.0,0.0
12.58,0.0,0.0,0.0,0.0
8.73,0.0,0.0,0.0,0.0
7.97,0.0,0.0,0.0,0.0
9.06,0.0,0.0,0.0,0.0
9.7,0.0,0.0,0.0,0.0
9.04,0.0,0.0,0.0,0.0
15.96,0.53,150.1,0.0,0.0
23.53,0.84,143.96,0.0,34.0214
27.78,1.14,155.29,0.0,190.49
28.69,1.6,169.83,0.0,404.437
29.45,1.45,179.39,0.0,587.502
34.02,1.75,181.74,0.0,696.398
25.23,1.53,169.2,0.0,772.025
21.84,1.45,166.48,0.0,766.785
19.99,1.14,170.51,0.0,751.8430000000001
17.53,0.99,172.14,0.0,704.617
18.52,1.07,171.93,0.0,522.857
16.13,0.53,132.45,0.0,320.456
13.85,0.53,94.58,0.0,95.3208
10.6,0.0,32.02,0.0,0.0
9.39,0.0,0.0,0.0,0.0
9.25,0.0,0.0,0.0,0.0
9.2,0.0,0.0,0.0,0.0
8.44,0.0,0.0,0.0,0.0
8.96,0.0,0.0,0.0,0.0
8.47,0.0,0.0,0.0,0.0
8.56,0.0,0.0,0.0,0.0
8.19,0.0,0.0,0.0,0.0
8.6,0.0,0.0,0.0,0.0
9.33,0.0,0.0,0.0,0.0
11.76,0.31,0.0,0.0,0.0
11.19,0.31,57.7,0.0,33.4997
11.38,0.31,94.92,0.0,190.693
10.6,0.31,112.81,0.0,401.559
10.31,0.31,87.61,0.0,581.678
9.63,0.46,100.61,0.0,691.171
10.64,0.46,115.42,0.0,787.73
11.82,0.69,92.52,0.0,772.09
10.82,0.46,107.11,0.0,727.505
9.93,0.31,117.23,0.0,620.031
9.33,0.31,89.43,0.0,489.182
10.58,0.31,98.74,0.0,295.54400000000004
7.73,0.0,100.79,0.0,83.7556
8.34,0.0,52.67,0.0,0.0
8.93,0.0,20.67,0.0,0.0
8.03,0.0,0.0,0.0,0.0
8.32,0.0,0.0,0.0,0.0
8.3,0.0,0.0,0.0,0.0
7.63,0.0,0.0,0.0,0.0
11.43,0.0,0.0,0.0,0.0
11.9,0.0,0.0,0.0,0.0
12.64,0.0,0.0,0.0,0.0
12.11,0.0,0.0,0.0,0.0
11.18,0.0,0.0,0.0,0.0
14.87,0.54,134.81,0.0,0.0
25.64,1.46,144.1,0.0,33.2908
51.43,2.68,212.72,0.0,192.654
44.71,2.91,224.32,0.0,404.857
41.92,2.99,237.12,0.0,575.83
40.29,3.6,238.03,0.0,707.885
42.04,4.32,228.27,0.0,778.9839999999999
51.45,4.01,248.87,0.0,797.3539999999999
52.62,2.53,260.66,0.0,749.4580000000001
47.8,2.45,263.23,0.0,628.75
45.3,3.27,264.29,0.0,519.4830000000001
35.39,1.92,220.32,0.0,307.937
19.69,1.59,160.75,0.0,92.8903
15.43,1.13,123.1,0.0,0.0
14.58,1.28,110.61,0.0,0.0
15.86,0.61,102.76,0.0,0.0
16.83,0.38,0.0,0.0,0.0
16.7,0.38,0.0,0.0,0.0
13.1,0.0,0.0,0.0,0.0
11.35,0.0,0.0,0.0,0.0
11.08,0.0,0.0,0.0,0.0
12.65,0.0,0.0,0.0,0.0
14.05,0.0,0.0,0.0,0.0
14.54,0.0,0.0,0.0,0.0
16.97,0.54,86.54,0.0,0.0
25.78,1.46,90.09,0.0,30.3604
57.35,2.69,126.46,0.0,196.467
42.7,2.92,147.78,0.0,410.275
48.35,3.0,168.34,0.0,608.538
54.81,3.61,176.19,0.0,761.6439999999999
51.95,4.32,163.11,0.0,833.3330000000001
53.55,4.03,172.87,0.0,833.3330000000001
44.66,2.53,182.14,0.0,772.653
40.44,2.47,193.85,0.0,713.957
40.42,3.28,198.52,0.0,557.575
38.44,1.94,156.37,0.0,347.754
17.82,1.56,109.18,0.0,102.241
14.74,1.11,95.07,0.0,0.0
16.11,1.26,94.19,0.0,0.0
16.78,0.6,92.44,0.0,0.0
17.45,0.38,0.0,0.0,0.0
17.27,0.38,0.0,0.0,0.0
14.87,0.0,0.0,0.0,0.0
13.37,0.0,0.0,0.0,0.0
14.58,0.0,0.0,0.0,0.0
13.41,0.0,0.0,0.0,0.0
11.91,0.0,0.0,0.0,0.0
10.68,0.0,0.0,0.0,0.0
12.76,0.54,109.53,0.0,0.0
26.81,1.46,110.65,0.0,35.8109
52.47,2.69,152.35,0.0,162.22899999999998
42.52,2.93,169.32,0.0,317.027
49.08,3.0,186.46,0.0,468.846
54.53,3.62,198.28,0.0,593.784
56.64,4.32,196.77,0.0,676.436
51.16,4.04,208.72,0.0,664.855
45.25,2.55,205.1,0.0,634.957
50.81,2.46,210.1,0.0,579.835
58.23,3.28,212.02,0.0,437.69
43.17,1.95,172.59,0.0,247.43
22.86,1.54,123.09,0.0,53.6132
20.34,1.15,112.23,0.0,0.0
18.87,1.31,110.66,0.0,0.0
18.42,0.62,108.97,0.0,0.0
19.16,0.38,0.0,0.0,0.0
19.16,0.38,0.0,0.0,0.0
14.49,0.0,0.0,0.0,0.0
15.46,0.0,0.0,0.0,0.0
15.46,0.0,0.0,0.0,0.0
15.46,0.0,0.0,0.0,0.0
15.46,0.0,0.0,0.0,0.0
15.46,0.0,0.0,0.0,0.0
19.16,0.54,119.7,0.0,0.0
33.26,1.47,114.75,0.0,35.2891
70.91,2.7,150.29,0.0,175.935
60.44,2.93,168.4,0.0,367.913
58.02,3.01,185.76,0.0,570.664
60.44,3.63,188.53,0.0,709.0
61.69,4.34,174.84,0.0,797.183
57.63,4.04,186.63,0.0,784.2610000000001
53.06,2.53,196.53,0.0,725.993
47.46,2.48,201.11,0.0,622.585
51.13,3.29,198.75,0.0,438.855
36.49,1.94,160.72,0.0,241.2
20.31,1.57,118.21,0.0,53.489
18.98,1.11,111.06,0.0,0.0
19.24,1.27,110.05,0.0,0.0
19.16,0.61,109.29,0.0,0.0
18.53,0.39,0.0,0.0,0.0
17.96,0.39,0.0,0.0,0.0
12.83,0.0,0.0,0.0,0.0
11.84,0.0,0.0,0.0,0.0
11.26,0.0,0.0,0.0,0.0
12.73,0.0,0.0,0.0,0.0
12.85,0.0,0.0,0.0,0.0
13.44,0.0,0.0,0.0,0.0
15.29,0.54,110.74,0.0,0.0
28.74,1.47,108.97,0.0,34.2409
66.6,2.71,151.42,0.0,185.596
58.56,2.94,167.51,0.0,391.716
50.56,3.02,180.51,0.0,539.571
47.23,3.64,191.83,0.0,647.432
45.87,4.33,184.74,0.0,710.721
42.72,4.05,194.59,0.0,684.398
38.1,2.56,198.37,0.0,636.054
42.39,2.47,200.87,0.0,549.639
41.85,3.29,195.5,0.0,399.24
31.67,1.96,159.07,0.0,230.153
15.52,1.57,115.47,0.0,54.9602
16.7,1.15,106.89,0.0,0.0
16.26,1.3,105.2,0.0,0.0
13.87,0.62,103.54,0.0,0.0
12.7,0.39,0.0,0.0,0.0
13.34,0.39,0.0,0.0,0.0
13.0,0.0,0.0,0.0,0.0
10.49,0.0,0.0,0.0,0.0
10.67,0.0,0.0,0.0,0.0
10.3,0.0,0.0,0.0,0.0
9.91,0.0,0.0,0.0,0.0
9.51,0.0,0.0,0.0,0.0
15.25,0.54,105.85,0.0,0.0
19.93,0.85,105.03,0.0,34.4204
23.61,1.16,107.5,0.0,160.856
24.9,1.63,120.04,0.0,323.168
22.17,1.47,144.53,0.0,487.45
28.68,1.78,160.9,0.0,609.744
20.95,1.55,162.4,0.0,661.1039999999999
16.55,1.47,161.75,0.0,651.677
16.07,1.16,163.02,0.0,609.842
16.22,1.01,162.75,0.0,500.698
17.62,1.09,153.93,0.0,369.761
16.54,0.54,130.02,0.0,201.007
14.37,0.54,55.25,0.0,37.0875
11.6,0.0,0.0,0.0,0.0
10.65,0.0,0.0,0.0,0.0
10.59,0.0,0.0,0.0,0.0
9.21,0.0,0.0,0.0,0.0
10.12,0.0,0.0,0.0,0.0
10.08,0.0,0.0,0.0,0.0
10.49,0.0,0.0,0.0,0.0
9.48,0.0,0.0,0.0,0.0
8.34,0.0,0.0,0.0,0.0
9.43,0.0,0.0,0.0,0.0
8.31,0.0,0.0,0.0,0.0
11.7,0.31,0.0,0.0,0.0
12.8,0.31,0.0,0.0,22.2215
11.47,0.31,0.0,0.0,114.259
10.8,0.31,51.49,0.0,223.80900000000003
10.79,0.31,61.46,0.0,345.001
9.97,0.47,57.62,0.0,438.008
10.21,0.47,0.0,0.0,500.899
9.63,0.7,0.0,0.0,549.856
9.36,0.47,68.92,0.0,486.524
10.47,0.31,82.46,0.0,438.544
11.15,0.31,121.35,0.0,398.556
11.27,0.31,85.27,0.0,225.129
9.27,0.0,0.0,0.0,56.3399
9.67,0.0,0.0,0.0,0.0
9.7,0.0,0.0,0.0,0.0
9.76,0.0,0.0,0.0,0.0
10.57,0.0,0.0,0.0,0.0
10.43,0.0,0.0,0.0,0.0
9.7,0.0,0.0,0.0,0.0
12.32,0.0,0.0,0.0,0.0
13.35,0.0,0.0,0.0,0.0
13.3,0.0,0.0,0.0,0.0
12.18,0.0,0.0,0.0,0.0
11.35,0.0,56.94,0.0,0.0
15.25,0.55,156.0,0.0,0.0
23.75,1.48,145.64,0.0,30.7318
57.6,2.73,185.53,0.0,149.579
50.18,2.96,192.65,0.0,267.884
42.62,3.04,203.89,0.0,383.676
48.28,3.66,213.86,0.0,493.652
50.24,4.38,209.88,0.0,494.359
52.14,4.08,226.74,0.0,724.388
52.72,2.56,235.13,0.0,719.691
52.8,2.5,245.4,0.0,642.514
52.67,3.32,251.03,0.0,514.023
40.09,1.97,216.78,0.0,309.762
18.52,1.56,159.12,0.0,79.0971
16.51,1.11,131.37,0.0,0.0
16.89,1.26,127.79,0.0,0.0
17.29,0.61,126.14,0.0,0.0
18.09,0.39,0.0,0.0,0.0
18.68,0.39,0.0,0.0,0.0
15.46,0.0,0.0,0.0,0.0
15.46,0.0,0.0,0.0,0.0
14.5,0.0,0.0,0.0,0.0
14.13,0.0,0.0,0.0,0.0
14.23,0.0,0.0,0.0,0.0
13.5,0.0,0.0,0.0,0.0
17.4,0.55,134.66,0.0,0.0
29.3,1.48,138.04,0.0,29.0941
63.31,2.73,205.77,0.0,187.979
55.36,2.97,220.33,0.0,377.315
49.41,3.04,233.91,0.0,544.241
48.02,3.67,238.9,0.0,698.7310000000001
50.1,4.37,233.03,0.0,762.047
44.21,4.09,245.09,0.0,786.452
38.54,2.57,249.88,0.0,772.3430000000001
43.95,2.5,259.6,0.0,698.2589999999999
50.2,3.34,261.91,0.0,515.93
39.7,1.96,227.64,0.0,305.832
18.01,1.6,171.81,0.0,70.342
17.45,1.13,147.82,0.0,0.0
15.34,1.29,141.61,0.0,0.0
13.19,0.62,136.16,0.0,0.0
16.2,0.39,0.0,0.0,0.0
15.83,0.39,0.0,0.0,0.0
13.05,0.0,0.0,0.0,0.0
11.43,0.0,0.0,0.0,0.0
10.36,0.0,0.0,0.0,0.0
10.86,0.0,0.0,0.0,0.0
10.92,0.0,0.0,0.0,0.0
12.67,0.0,24.13,0.0,0.0
14.23,0.55,141.61,0.0,0.0
23.68,1.49,139.83,0.0,47.389
54.02,2.74,181.53,0.0,137.987
52.92,2.97,187.88,0.0,226.535
51.87,3.05,190.95,0.0,275.671
49.29,3.68,193.59,0.0,288.877
51.55,4.38,194.19,0.0,305.10900000000004
57.05,4.1,212.29,0.0,331.56300000000005
51.54,2.58,215.87,0.0,333.477
49.68,2.5,209.1,0.0,251.755
48.06,3.35,205.18,0.0,168.09799999999998
43.01,1.97,188.19,0.0,73.5101
18.47,1.61,156.52,0.0,20.801
15.37,1.14,152.8,0.0,0.0
17.59,1.29,152.88,0.0,0.0
15.51,0.62,151.86,0.0,0.0
16.47,0.39,0.0,0.0,0.0
16.16,0.39,0.0,0.0,0.0
12.74,0.0,0.0,0.0,0.0
11.72,0.0,0.0,0.0,0.0
13.35,0.0,0.0,0.0,0.0
14.16,0.0,0.0,0.0,0.0
14.72,0.0,0.0,0.0,0.0
13.91,0.0,0.0,0.0,0.0
18.56,0.55,168.0,0.0,0.0
31.39,1.49,164.91,0.0,44.9016
70.23,2.75,200.08,0.0,135.36
60.44,2.98,212.93,0.0,237.957
55.89,3.06,220.12,0.0,299.103
60.44,3.69,235.61,0.0,371.537
61.69,4.39,235.91,0.0,370.227
60.73,4.11,248.03,0.0,436.817
53.53,2.59,242.83,0.0,412.901
48.61,2.51,239.04,0.0,368.827
51.88,3.35,237.46,0.0,277.372
44.99,1.97,212.16,0.0,152.942
21.68,1.6,174.39,0.0,37.9739
17.2,1.13,163.6,0.0,0.0
18.17,1.29,161.14,0.0,0.0
15.06,0.62,159.69,0.0,0.0
14.78,0.39,0.0,0.0,0.0
14.7,0.39,0.0,0.0,0.0
11.43,0.0,0.0,0.0,0.0
12.35,0.0,0.0,0.0,0.0
12.01,0.0,0.0,0.0,0.0
10.87,0.0,0.0,0.0,0.0
11.6,0.0,0.0,0.0,0.0
10.65,0.0,0.0,0.0,0.0
15.31,0.55,125.92,0.0,0.0
26.28,1.49,113.8,0.0,8.34637
63.23,2.75,130.01,0.0,45.4499
47.65,2.99,133.94,0.0,110.167
47.33,3.07,147.28,0.0,208.757
49.38,3.7,162.31,0.0,326.383
47.45,4.4,168.22,0.0,371.799
52.66,4.12,173.95,0.0,361.346
53.76,2.59,171.1,0.0,343.755
50.99,2.53,168.33,0.0,266.266
56.22,3.36,162.87,0.0,177.15900000000002
42.37,1.98,134.83,0.0,81.7301
22.54,1.59,113.97,0.0,19.3564
17.35,1.13,109.7,0.0,0.0
18.39,1.28,106.45,0.0,0.0
15.62,0.61,103.71,0.0,0.0
17.28,0.39,0.0,0.0,0.0
16.27,0.39,0.0,0.0,0.0
13.41,0.0,0.0,0.0,0.0
10.18,0.0,0.0,0.0,0.0
10.82,0.0,0.0,0.0,0.0
9.69,0.0,0.0,0.0,0.0
8.41,0.0,0.0,0.0,0.0
8.87,0.0,0.0,0.0,0.0
16.02,0.55,55.4,0.0,0.0
19.92,0.87,51.6,0.0,0.0
20.55,1.18,48.41,0.0,128.908
21.1,1.66,53.32,0.0,269.768
24.16,1.5,54.86,0.0,400.903
28.0,1.81,58.98,0.0,655.3660000000001
20.88,1.58,62.12,0.0,711.568
18.78,1.5,66.19,0.0,775.587
17.55,1.18,66.67,0.0,702.446
16.24,1.02,68.06,0.0,596.145
15.02,1.1,68.0,0.0,455.65
13.39,0.55,59.35,0.0,258.166
11.67,0.55,0.0,0.0,55.0169
10.15,0.0,0.0,0.0,0.0
9.26,0.0,0.0,0.0,0.0
8.4,0.0,0.0,0.0,0.0
9.95,0.0,0.0,0.0,0.0
8.91,0.0,0.0,0.0,0.0
8.65,0.0,0.0,0.0,0.0
9.87,0.0,0.0,0.0,0.0
8.74,0.0,0.0,0.0,0.0
9.91,0.0,0.0,0.0,0.0
8.9,0.0,0.0,0.0,0.0
9.06,0.0,0.0,0.0,0.0
12.36,0.32,0.0,0.0,0.0
12.94,0.32,0.0,0.0,0.0
13.0,0.32,0.0,0.0,161.6
13.73,0.32,2.29,0.0,319.665
14.37,0.32,5.07,0.0,440.411
14.37,0.47,18.42,0.0,541.318
14.37,0.47,53.98,0.0,589.863
13.6,0.71,60.59,0.0,561.86
12.86,0.47,41.77,0.0,553.37
11.15,0.32,56.47,0.0,456.451
11.43,0.32,31.78,0.0,313.57
10.05,0.32,29.46,0.0,159.506
8.94,0.0,0.0,0.0,38.1128
9.87,0.0,0.0,0.0,0.0
9.72,0.0,0.0,0.0,0.0
9.75,0.0,0.0,0.0,0.0
9.5,0.0,0.0,0.0,0.0
8.81,0.0,0.0,0.0,0.0
8.26,0.0,0.0,0.0,0.0
12.89,0.0,0.0,0.0,0.0
12.68,0.0,0.0,0.0,0.0
13.06,0.0,0.0,0.0,0.0
14.05,0.0,0.0,0.0,0.0
12.52,0.0,0.0,0.0,0.0
16.62,0.55,89.39,0.0,0.0
27.51,1.51,92.69,0.0,0.0
62.15,2.77,109.48,0.0,151.505
52.11,3.01,124.8,0.0,295.152
50.27,3.09,142.05,0.0,365.676
45.31,3.72,153.53,0.0,430.468
52.06,4.44,157.89,0.0,370.142
52.92,4.15,166.54,0.0,379.919
45.85,2.62,161.52,0.0,315.872
51.51,2.53,157.56,0.0,261.904
50.4,3.39,155.73,0.0,160.69799999999998
41.63,1.99,138.34,0.0,72.4252
17.99,1.63,120.27,0.0,15.5835
14.27,1.15,117.58,0.0,0.0
17.06,1.31,115.33,0.0,0.0
14.75,0.63,113.09,0.0,0.0
15.25,0.4,0.0,0.0,0.0
15.38,0.4,0.0,0.0,0.0
11.49,0.0,0.0,0.0,0.0
11.04,0.0,0.0,0.0,0.0
12.97,0.0,0.0,0.0,0.0
13.97,0.0,0.0,0.0,0.0
12.16,0.0,0.0,0.0,0.0
13.37,0.0,0.0,0.0,0.0
15.48,0.56,113.05,0.0,0.0
23.74,1.51,116.78,0.0,0.0
47.22,2.78,136.58,0.0,138.276
41.73,3.02,148.23,0.0,243.257
44.77,3.1,167.33,0.0,327.802
50.61,3.73,184.43,0.0,406.571
49.29,4.44,190.21,0.0,342.605
53.62,4.16,200.04,0.0,393.576
43.47,2.62,198.23,0.0,400.387
42.11,2.55,193.64,0.0,321.456
44.73,3.39,190.46,0.0,258.058
41.01,2.01,163.82,0.0,126.557
20.83,1.61,131.02,0.0,22.2438
16.74,1.18,124.88,0.0,0.0
16.3,1.33,122.25,0.0,0.0
13.93,0.63,121.75,0.0,0.0
15.88,0.4,0.0,0.0,0.0
17.04,0.4,0.0,0.0,0.0
14.86,0.0,0.0,0.0,0.0
13.91,0.0,0.0,0.0,0.0
12.77,0.0,0.0,0.0,0.0
13.98,0.0,0.0,0.0,0.0
14.09,0.0,0.0,0.0,0.0
14.77,0.0,0.0,0.0,0.0
18.95,0.56,105.16,0.0,0.0
31.38,1.51,116.86,0.0,0.0
65.57,2.79,148.37,0.0,127.901
58.59,3.03,162.2,0.0,247.877
50.15,3.1,172.18,0.0,273.86
54.75,3.74,185.97,0.0,336.718
53.34,4.45,190.73,0.0,327.87800000000004
55.48,4.18,199.09,0.0,373.024
54.65,2.62,199.36,0.0,326.393
51.48,2.56,191.7,0.0,267.451
58.21,3.4,184.24,0.0,161.404
42.78,2.01,162.15,0.0,66.1979
21.9,1.6,126.9,0.0,13.5842
20.05,1.19,123.35,0.0,0.0
20.77,1.35,126.72,0.0,0.0
19.16,0.64,129.13,0.0,0.0
18.91,0.4,0.0,0.0,0.0
17.46,0.4,0.0,0.0,0.0
14.6,0.0,0.0,0.0,0.0
13.19,0.0,0.0,0.0,0.0
11.68,0.0,0.0,0.0,0.0
12.92,0.0,0.0,0.0,0.0
13.94,0.0,0.0,0.0,0.0
14.68,0.0,0.0,0.0,0.0
17.17,0.56,127.05,0.0,0.0
28.94,1.52,131.71,0.0,0.0
64.78,2.79,158.91,0.0,127.423
54.22,3.03,176.34,0.0,243.041
48.49,3.11,187.39,0.0,300.724
51.73,3.75,198.47,0.0,367.677
55.82,4.47,199.22,0.0,353.644
54.27,4.19,211.8,0.0,486.092
44.61,2.62,211.68,0.0,425.621
40.02,2.57,209.0,0.0,342.23400000000004
49.88,3.41,202.24,0.0,222.98
37.69,2.02,177.4,0.0,83.0833
18.66,1.61,143.7,0.0,14.1392
15.42,1.19,141.18,0.0,0.0
16.83,1.35,138.09,0.0,0.0
17.06,0.64,138.87,0.0,0.0
15.33,0.4,0.0,0.0,0.0
16.43,0.4,0.0,0.0,0.0
12.21,0.0,0.0,0.0,0.0
9.07,0.0,0.0,0.0,0.0
9.22,0.0,0.0,0.0,0.0
8.89,0.0,0.0,0.0,0.0
8.25,0.0,0.0,0.0,0.0
8.88,0.0,0.0,0.0,0.0
10.89,0.32,0.0,0.0,0.0
10.95,0.32,0.0,0.0,0.0
11.19,0.32,0.0,0.0,132.292
11.75,0.32,64.54,0.0,229.997
10.47,0.32,63.32,0.0,319.208
11.75,0.48,71.66,0.0,413.074
11.24,0.48,114.38,0.0,444.628
11.13,0.72,115.59,0.0,469.019
12.37,0.48,80.44,0.0,417.189
11.61,0.32,118.81,0.0,363.329
12.95,0.32,87.67,0.0,231.995
13.41,0.32,28.09,0.0,87.4874
11.34,0.0,12.18,0.0,14.1939
11.6,0.0,0.0,0.0,0.0
11.6,0.0,0.0,0.0,0.0
11.6,0.0,0.0,0.0,0.0
10.64,0.0,0.0,0.0,0.0
9.64,0.0,0.0,0.0,0.0
9.14,0.0,0.0,0.0,0.0
9.39,0.0,0.0,0.0,0.0
9.18,0.0,0.0,0.0,0.0
8.19,0.0,0.0,0.0,0.0
9.51,0.0,0.0,0.0,0.0
9.63,0.0,0.0,0.0,0.0
16.26,0.56,145.54,0.0,0.0
22.77,0.88,138.99,0.0,0.0
25.16,1.2,143.36,0.0,136.835
27.69,1.68,154.0,0.0,236.248
23.64,1.52,162.85,0.0,318.619
24.5,1.84,175.03,0.0,407.578
18.67,1.6,172.48,0.0,435.355
18.7,1.52,169.35,0.0,441.969
17.57,1.2,161.57,0.0,383.002
16.69,1.04,153.48,0.0,333.22900000000004
15.26,1.12,146.99,0.0,229.04
13.38,0.56,131.9,0.0,90.7072
12.15,0.56,0.0,0.0,15.8726
8.88,0.0,0.0,0.0,0.0
9.06,0.0,0.0,0.0,0.0
9.29,0.0,0.0,0.0,0.0
9.51,0.0,0.0,0.0,0.0
9.81,0.0,0.0,0.0,0.0
8.69,0.0,0.0,0.0,0.0
9.68,0.0,0.0,0.0,0.0
9.92,0.0,0.0,0.0,0.0
9.73,0.0,0.0,0.0,0.0
10.01,0.0,0.0,0.0,0.0
9.25,0.0,0.0,0.0,0.0
10.73,0.32,0.0,0.0,0.0
11.68,0.32,0.0,0.0,0.0
12.86,0.32,23.32,0.0,134.472
12.79,0.32,61.46,0.0,232.426
13.12,0.32,44.42,0.0,300.892
12.78,0.48,60.89,0.0,343.401
12.74,0.48,72.29,0.0,336.87
12.91,0.72,79.41,0.0,343.037
12.09,0.48,79.17,0.0,305.411
11.23,0.32,63.0,0.0,209.79
10.73,0.32,0.0,0.0,117.797
10.51,0.32,0.0,0.0,52.5302
9.61,0.0,0.0,0.0,9.87853
8.35,0.0,0.0,0.0,0.0
8.13,0.0,0.0,0.0,0.0
7.62,0.0,0.0,0.0,0.0
7.76,0.0,0.0,0.0,0.0
8.45,0.0,0.0,0.0,0.0
7.92,0.0,0.0,0.0,0.0
12.18,0.0,0.0,0.0,0.0
11.92,0.0,0.0,0.0,0.0
12.96,0.0,0.0,0.0,0.0
13.98,0.0,0.0,0.0,0.0
13.98,0.0,0.0,0.0,0.0
16.79,0.56,161.44,0.0,0.0
27.43,1.53,152.08,0.0,0.0
64.62,2.82,181.73,0.0,125.445
50.79,3.06,198.59,0.0,255.755
48.81,3.14,209.85,0.0,320.383
46.44,3.79,225.23,0.0,381.922
43.16,4.52,230.98,0.0,376.391
51.89,4.23,242.58,0.0,525.246
48.82,2.65,229.64,0.0,437.209
51.32,2.59,206.07,0.0,373.124
55.14,3.44,204.55,0.0,227.652
41.0,2.04,151.47,0.0,68.3988
19.55,1.63,121.89,0.0,9.13246
17.7,1.2,121.26,0.0,0.0
15.63,1.35,118.07,0.0,0.0
16.28,0.64,115.21,0.0,0.0
15.55,0.4,0.0,0.0,0.0
15.56,0.4,0.0,0.0,0.0
11.79,0.0,0.0,0.0,0.0
12.55,0.0,0.0,0.0,0.0
13.69,0.0,0.0,0.0,0.0
14.37,0.0,0.0,0.0,0.0
13.14,0.0,0.0,0.0,0.0
13.36,0.0,0.0,0.0,0.0
15.89,0.57,34.99,0.0,0.0
25.56,1.54,36.5,0.0,0.0
51.18,2.83,51.23,0.0,143.39600000000002
46.16,3.07,61.62,0.0,278.936
44.29,3.15,74.25,0.0,411.93
41.46,3.8,87.31,0.0,554.988
41.72,4.51,89.54,0.0,618.492
41.0,4.24,95.77,0.0,612.395
41.86,2.68,97.84,0.0,549.953
45.37,2.58,101.65,0.0,463.874
48.18,3.46,100.09,0.0,430.74
40.98,2.04,73.99,0.0,164.146
20.74,1.66,58.69,0.0,20.8508
15.81,1.17,52.23,0.0,0.0
16.82,1.33,47.4,0.0,0.0
17.26,0.63,43.41,0.0,0.0
16.21,0.4,0.0,0.0,0.0
16.81,0.4,0.0,0.0,0.0
14.45,0.0,0.0,0.0,0.0
13.55,0.0,0.0,0.0,0.0
14.12,0.0,0.0,0.0,0.0
14.88,0.0,0.0,0.0,0.0
13.82,0.0,0.0,0.0,0.0
13.48,0.0,0.0,0.0,0.0
14.53,0.57,13.51,0.0,0.0
28.27,1.54,20.16,0.0,0.0
55.6,2.84,40.19,0.0,176.02700000000002
45.8,3.08,58.15,0.0,351.871
41.93,3.16,76.12,0.0,440.142
44.44,3.81,87.74,0.0,672.165
53.19,4.51,93.31,0.0,760.832
53.71,4.25,105.72,0.0,734.903
53.95,2.68,110.44,0.0,666.315
57.41,2.6,119.33,0.0,558.386
58.0,3.47,112.93,0.0,400.273
42.27,2.05,79.58,0.0,204.55
20.0,1.63,57.66,0.0,25.994
17.23,1.15,51.7,0.0,0.0
15.96,1.31,51.72,0.0,0.0
14.52,0.63,46.91,0.0,0.0
13.21,0.4,0.0,0.0,0.0
16.11,0.41,0.0,0.0,0.0
11.84,0.0,0.0,0.0,0.0
12.19,0.0,0.0,0.0,0.0
11.17,0.0,0.0,0.0,0.0
13.1,0.0,0.0,0.0,0.0
14.03,0.0,0.0,0.0,0.0
14.55,0.0,0.0,0.0,0.0
16.74,0.57,20.88,0.0,0.0
29.49,1.54,35.76,0.0,0.0
63.61,2.84,76.85,0.0,143.186
54.99,3.09,90.07,0.0,286.972
53.4,3.17,97.58,0.0,378.11
48.57,3.82,105.72,0.0,490.364
47.38,4.51,113.29,0.0,548.886
43.99,4.26,123.99,0.0,689.414
46.44,2.67,130.95,0.0,495.589
48.56,2.61,141.51,0.0,518.768
49.64,3.47,132.35,0.0,292.623
38.59,2.06,106.87,0.0,142.844
17.19,1.66,89.43,0.0,15.3705
13.67,1.2,84.87,0.0,0.0
16.36,1.35,81.6,0.0,0.0
13.98,0.64,79.65,0.0,0.0
12.95,0.41,0.0,0.0,0.0
14.07,0.41,0.0,0.0,0.0
12.59,0.0,0.0,0.0,0.0
12.12,0.0,0.0,0.0,0.0
11.21,0.0,0.0,0.0,0.0
11.74,0.0,0.0,0.0,0.0
11.81,0.0,0.0,0.0,0.0
11.38,0.0,0.0,0.0,0.0
13.06,0.57,72.89,0.0,0.0
23.81,1.55,75.79,0.0,0.0
51.37,2.85,97.72,0.0,129.095
44.97,3.09,109.8,0.0,260.747
49.27,3.18,115.02,0.0,337.224
49.78,3.83,124.54,0.0,475.846
44.79,4.53,130.01,0.0,543.096
44.93,4.28,143.71,0.0,555.0509999999999
45.39,2.7,146.8,0.0,440.667
44.15,2.61,146.94,0.0,365.61
50.8,3.48,146.03,0.0,293.613
43.98,2.06,121.35,0.0,125.729
21.75,1.64,104.94,0.0,13.2826
20.0,1.16,100.69,0.0,0.0
18.69,1.31,95.52,0.0,0.0
18.43,0.63,90.89,0.0,0.0
19.16,0.41,0.0,0.0,0.0
19.16,0.41,0.0,0.0,0.0
14.09,0.0,0.0,0.0,0.0
10.86,0.0,0.0,0.0,0.0
11.6,0.0,0.0,0.0,0.0
11.6,0.0,0.0,0.0,0.0
11.37,0.0,0.0,0.0,0.0
10.59,0.0,0.0,0.0,0.0
18.34,0.57,86.93,0.0,0.0
23.88,0.9,84.63,0.0,0.0
24.15,1.22,91.88,0.0,113.016
29.33,1.71,101.17,0.0,238.254
27.65,1.55,107.68,0.0,344.983
27.19,1.88,112.7,0.0,448.899
21.19,1.63,114.86,0.0,479.398
19.42,1.55,116.51,0.0,477.583
18.32,1.22,114.17,0.0,444.421
17.87,1.06,109.99,0.0,365.228
18.78,1.14,105.09,0.0,241.364
16.63,0.57,101.76,0.0,103.009
14.13,0.57,0.0,0.0,10.0968
10.23,0.0,0.0,0.0,0.0
9.11,0.0,0.0,0.0,0.0
9.2,0.0,0.0,0.0,0.0
8.08,0.0,0.0,0.0,0.0
7.8,0.0,0.0,0.0,0.0
9.61,0.0,0.0,0.0,0.0
10.18,0.0,0.0,0.0,0.0
9.75,0.0,0.0,0.0,0.0
9.69,0.0,0.0,0.0,0.0
10.39,0.0,0.0,0.0,0.0
9.62,0.0,0.0,0.0,0.0
10.8,0.33,0.0,0.0,0.0
11.41,0.33,0.0,0.0,0.0
10.92,0.33,0.0,0.0,136.775
11.31,0.33,0.0,0.0,254.69
10.74,0.33,0.0,0.0,367.578
9.95,0.49,20.92,0.0,502.42800000000005
11.13,0.49,59.99,0.0,556.097
11.99,0.74,69.41,0.0,575.034
11.55,0.49,54.2,0.0,509.857
12.67,0.33,59.87,0.0,420.842
12.51,0.33,26.25,0.0,283.008
13.24,0.33,18.47,0.0,130.213
9.72,0.0,0.0,0.0,11.0689
9.78,0.0,0.0,0.0,0.0
9.26,0.0,0.0,0.0,0.0
10.16,0.0,0.0,0.0,0.0
9.93,0.0,0.0,0.0,0.0
10.6,0.0,0.0,0.0,0.0
10.41,0.0,0.0,0.0,0.0
14.25,0.0,0.0,0.0,0.0
14.03,0.0,0.0,0.0,0.0
15.14,0.0,0.0,0.0,0.0
15.46,0.0,0.0,0.0,0.0
15.46,0.0,0.0,0.0,0.0
18.07,0.57,31.63,0.0,0.0
31.4,1.56,46.74,0.0,0.0
64.25,2.87,83.53,0.0,144.873
48.11,3.12,91.19,0.0,291.122
45.49,3.2,94.64,0.0,395.665
53.32,3.86,103.4,0.0,479.044
57.73,4.59,109.65,0.0,492.073
62.45,4.3,121.83,0.0,491.797
58.02,2.72,124.66,0.0,429.98800000000006
58.02,2.62,119.28,0.0,350.957
60.73,3.52,106.56,0.0,249.651
46.01,2.07,88.64,0.0,101.338
22.64,1.67,77.65,0.0,7.467039999999999
20.31,1.18,77.62,0.0,0.0
20.55,1.34,76.25,0.0,0.0
19.16,0.64,74.03,0.0,0.0
18.56,0.41,0.0,0.0,0.0
18.3,0.41,0.0,0.0,0.0
15.46,0.0,0.0,0.0,0.0
15.46,0.0,0.0,0.0,0.0
15.46,0.0,0.0,0.0,0.0
14.54,0.0,0.0,0.0,0.0
13.66,0.0,0.0,0.0,0.0
13.54,0.0,0.0,0.0,0.0
16.15,0.58,29.24,0.0,0.0
28.8,1.56,58.37,0.0,0.0
64.7,2.88,81.44,0.0,148.559
55.12,3.13,86.91,0.0,293.632
54.89,3.21,92.42,0.0,381.392
60.44,3.87,100.34,0.0,487.881
61.69,4.57,106.37,0.0,547.701
62.45,4.32,115.86,0.0,683.423
56.99,2.72,123.17,0.0,608.4630000000001
54.27,2.64,129.49,0.0,514.219
55.72,3.52,124.31,0.0,287.252
40.14,2.07,104.1,0.0,134.372
20.93,1.69,89.19,0.0,9.11762
18.12,1.19,84.16,0.0,0.0
16.74,1.35,80.58,0.0,0.0
15.78,0.64,78.06,0.0,0.0
15.1,0.41,0.0,0.0,0.0
15.68,0.41,0.0,0.0,0.0
12.5,0.0,0.0,0.0,0.0
12.07,0.0,0.0,0.0,0.0
13.11,0.0,0.0,0.0,0.0
11.37,0.0,0.0,0.0,0.0
12.72,0.0,0.0,0.0,0.0
11.66,0.0,0.0,0.0,0.0
14.38,0.58,79.71,0.0,0.0
25.87,1.57,78.57,0.0,0.0
61.04,2.89,84.95,0.0,141.82299999999998
54.19,3.13,91.85,0.0,345.06199999999995
47.19,3.22,101.12,0.0,489.967
48.56,3.88,111.48,0.0,630.661
53.01,4.58,115.77,0.0,703.5260000000001
51.72,4.33,126.12,0.0,699.427
44.2,2.72,133.69,0.0,617.7719999999999
44.01,2.64,139.69,0.0,520.905
47.07,3.53,134.5,0.0,379.4380000000001
41.14,2.08,102.07,0.0,185.486
20.73,1.69,79.22,0.0,20.3351
15.99,1.19,75.43,0.0,0.0
16.59,1.35,76.6,0.0,0.0
14.32,0.64,76.58,0.0,0.0
14.44,0.41,0.0,0.0,0.0
15.61,0.41,0.0,0.0,0.0
12.7,0.0,0.0,0.0,0.0
11.64,0.0,0.0,0.0,0.0
10.72,0.0,0.0,0.0,0.0
12.57,0.0,0.0,0.0,0.0
11.38,0.0,0.0,0.0,0.0
10.87,0.0,0.0,0.0,0.0
14.83,0.58,40.32,0.0,0.0
23.46,1.57,42.16,0.0,0.0
50.53,2.89,53.2,0.0,130.22
42.29,3.14,61.31,0.0,255.975
38.9,3.22,72.85,0.0,368.419
38.9,3.89,81.52,0.0,504.701
40.71,4.59,80.07,0.0,574.318
41.67,4.34,83.06,0.0,515.702
48.13,2.73,83.79,0.0,459.286
45.45,2.65,86.54,0.0,372.255
50.66,3.54,80.45,0.0,213.999
39.59,2.09,66.87,0.0,74.2022
20.7,1.69,60.57,0.0,3.4410300000000005
19.23,1.19,58.91,0.0,0.0
16.85,1.34,58.17,0.0,0.0
15.15,0.64,58.28,0.0,0.0
15.3,0.41,0.0,0.0,0.0
17.04,0.41,0.0,0.0,0.0
14.06,0.0,0.0,0.0,0.0
13.04,0.0,0.0,0.0,0.0
11.84,0.0,0.0,0.0,0.0
10.72,0.0,0.0,0.0,0.0
11.22,0.0,0.0,0.0,0.0
11.02,0.0,0.0,0.0,0.0
13.97,0.58,31.2,0.0,0.0
24.31,1.58,34.27,0.0,0.0
48.14,2.9,57.0,0.0,129.355
39.4,3.15,66.31,0.0,252.766
47.1,3.23,70.51,0.0,363.462
48.44,3.9,78.01,0.0,485.496
53.97,4.6,77.83,0.0,542.894
58.99,4.35,85.05,0.0,565.612
57.57,2.74,91.13,0.0,506.631
58.02,2.65,96.55,0.0,423.584
60.07,3.55,92.93,0.0,290.826
47.4,2.1,75.05,0.0,126.521
24.0,1.67,65.26,0.0,6.725110000000001
20.09,1.18,62.81,0.0,0.0
20.58,1.34,62.0,0.0,0.0
17.4,0.66,62.53,0.0,0.0
18.15,0.41,0.0,0.0,0.0
16.4,0.41,0.0,0.0,0.0
12.31,0.0,0.0,0.0,0.0
9.33,0.0,0.0,0.0,0.0
9.29,0.0,0.0,0.0,0.0
8.97,0.0,0.0,0.0,0.0
9.55,0.0,0.0,0.0,0.0
10.09,0.0,0.0,0.0,0.0
17.42,0.58,25.82,0.0,0.0
24.88,0.91,29.41,0.0,0.0
29.59,1.25,56.28,0.0,166.78
31.17,1.75,73.07,0.0,347.624
30.03,1.58,77.66,0.0,482.217
32.19,1.91,83.61,0.0,586.882
25.16,1.66,87.31,0.0,655.8960000000001
20.66,1.58,89.69,0.0,676.67
18.68,1.25,92.99,0.0,626.4159999999999
16.56,1.08,95.47,0.0,520.211
17.67,1.16,96.34,0.0,384.763
15.15,0.58,87.66,0.0,170.39700000000002
11.66,0.58,0.0,0.0,21.6445
9.62,0.0,0.0,0.0,0.0
9.07,0.0,0.0,0.0,0.0
9.1,0.0,0.0,0.0,0.0
8.39,0.0,0.0,0.0,0.0
9.63,0.0,0.0,0.0,0.0
10.62,0.0,0.0,0.0,0.0
10.74,0.0,0.0,0.0,0.0
11.06,0.0,0.0,0.0,0.0
10.62,0.0,0.0,0.0,0.0
10.87,0.0,0.0,0.0,0.0
11.17,0.0,0.0,0.0,0.0
13.78,0.33,0.0,0.0,0.0
14.26,0.33,0.0,0.0,0.0
13.1,0.33,8.43,0.0,161.605
13.81,0.33,55.32,0.0,346.891
13.14,0.33,46.05,0.0,502.336
11.98,0.5,70.92,0.0,607.736
12.25,0.5,64.9,0.0,655.923
11.58,0.75,58.41,0.0,660.927
12.27,0.5,78.22,0.0,609.179
11.07,0.33,69.78,0.0,503.98
11.06,0.33,60.31,0.0,344.773
10.67,0.33,76.12,0.0,150.952
9.96,0.0,16.71,0.0,11.9016
10.03,0.0,0.0,0.0,0.0
8.73,0.0,0.0,0.0,0.0
9.78,0.0,0.0,0.0,0.0
9.14,0.0,0.0,0.0,0.0
9.95,0.0,0.0,0.0,0.0
9.76,0.0,0.0,0.0,0.0
13.42,0.0,0.0,0.0,0.0
12.01,0.0,0.0,0.0,0.0
11.63,0.0,0.0,0.0,0.0
10.43,0.0,0.0,0.0,0.0
10.51,0.0,0.0,0.0,0.0
15.17,0.58,67.93,0.0,0.0
28.27,1.59,80.62,0.0,0.0
54.52,2.92,96.08,0.0,150.474
45.07,3.17,109.41,0.0,248.06
39.5,3.26,116.17,0.0,370.198
42.45,3.93,130.23,0.0,484.745
46.48,4.65,138.41,0.0,542.8009999999999
47.43,4.39,146.32,0.0,547.7719999999999
41.77,2.76,149.47,0.0,488.581
44.88,2.68,149.1,0.0,378.98800000000006
47.31,3.57,146.25,0.0,263.208
37.58,2.11,119.49,0.0,108.125
17.4,1.72,102.87,0.0,3.28285
14.9,1.22,99.07,0.0,0.0
15.83,1.38,97.67,0.0,0.0
14.98,0.66,96.23,0.0,0.0
16.42,0.42,0.0,0.0,0.0
14.29,0.42,0.0,0.0,0.0
12.27,0.0,0.0,0.0,0.0
13.26,0.0,0.0,0.0,0.0
13.18,0.0,0.0,0.0,0.0
13.21,0.0,0.0,0.0,0.0
12.71,0.0,0.0,0.0,0.0
11.08,0.0,0.0,0.0,0.0
13.45,0.59,99.21,0.0,0.0
27.08,1.59,98.0,0.0,0.0
53.73,2.93,108.62,0.0,106.679
45.94,3.18,115.92,0.0,220.252
41.05,3.27,134.08,0.0,300.846
43.43,3.94,151.54,0.0,356.88699999999994
45.98,4.65,152.27,0.0,305.247
53.53,4.39,152.58,0.0,326.027
52.83,2.78,153.97,0.0,283.712
55.17,2.68,156.73,0.0,216.852
55.4,3.58,154.54,0.0,130.162
42.21,2.12,136.37,0.0,39.774
21.09,1.7,116.47,0.0,0.0
17.05,1.24,116.24,0.0,0.0
18.23,1.4,117.94,0.0,0.0
14.99,0.66,116.59,0.0,0.0
14.77,0.42,0.0,0.0,0.0
13.71,0.42,0.0,0.0,0.0
11.31,0.0,0.0,0.0,0.0
12.62,0.0,0.0,0.0,0.0
11.87,0.0,0.0,0.0,0.0
13.15,0.0,0.0,0.0,0.0
11.61,0.0,0.0,0.0,0.0
10.75,0.0,0.0,0.0,0.0
14.06,0.59,98.46,0.0,0.0
23.32,1.6,99.78,0.0,0.0
54.02,2.94,117.69,0.0,118.966
52.36,3.19,131.53,0.0,240.889
49.83,3.27,146.94,0.0,351.837
56.13,3.95,161.48,0.0,459.394
52.2,4.66,164.51,0.0,516.341
46.49,4.41,172.98,0.0,529.515
45.41,2.78,170.19,0.0,453.707
41.01,2.69,163.05,0.0,352.715
51.76,3.6,153.26,0.0,208.671
43.89,2.12,131.58,0.0,64.9148
20.33,1.7,114.35,0.0,0.0
17.32,1.24,111.93,0.0,0.0
18.64,1.4,110.83,0.0,0.0
16.02,0.67,106.29,0.0,0.0
14.07,0.42,0.0,0.0,0.0
12.92,0.42,0.0,0.0,0.0
12.59,0.0,0.0,0.0,0.0
12.6,0.0,0.0,0.0,0.0
11.08,0.0,0.0,0.0,0.0
12.84,0.0,0.0,0.0,0.0
13.11,0.0,0.0,0.0,0.0
12.45,0.0,0.0,0.0,0.0
16.39,0.59,43.62,0.0,0.0
29.23,1.6,40.65,0.0,0.0
60.09,2.95,47.13,0.0,135.483
46.5,3.2,56.71,0.0,329.8
44.48,3.28,71.74,0.0,489.965
42.95,3.96,81.49,0.0,641.624
45.81,4.67,78.95,0.0,549.887
44.05,4.42,85.55,0.0,549.445
39.29,2.79,88.32,0.0,494.519
46.06,2.7,90.85,0.0,416.552
48.53,3.6,87.46,0.0,286.56
39.1,2.13,59.68,0.0,112.376
17.03,1.72,50.23,0.0,8.37594
16.87,1.24,46.14,0.0,0.0
16.61,1.4,37.13,0.0,0.0
14.99,0.67,24.8,0.0,0.0
15.29,0.42,0.0,0.0,0.0
14.64,0.42,0.0,0.0,0.0
11.03,0.0,0.0,0.0,0.0
13.04,0.0,0.0,0.0,0.0
12.15,0.0,0.0,0.0,0.0
12.61,0.0,0.0,0.0,0.0
11.71,0.0,0.0,0.0,0.0
10.84,0.0,0.0,0.0,0.0
15.98,0.59,10.39,0.0,0.0
26.13,1.6,7.42,0.0,0.0
55.3,2.95,37.23,0.0,123.955
45.78,3.21,58.28,0.0,273.98
40.58,3.29,76.37,0.0,542.563
39.73,3.97,88.17,0.0,657.3689999999999
45.43,4.68,89.01,0.0,596.201
50.1,4.43,95.32,0.0,585.802
43.26,2.8,94.68,0.0,536.493
41.77,2.71,90.13,0.0,444.633
41.05,3.61,84.91,0.0,292.54
33.37,2.13,70.43,0.0,124.795
17.97,1.73,61.12,0.0,11.7184
15.84,1.23,57.12,0.0,0.0
15.82,1.39,53.57,0.0,0.0
13.19,0.66,48.27,0.0,0.0
15.1,0.42,0.0,0.0,0.0
14.19,0.42,0.0,0.0,0.0
10.53,0.0,0.0,0.0,0.0
7.71,0.0,0.0,0.0,0.0
8.67,0.0,0.0,0.0,0.0
8.79,0.0,0.0,0.0,0.0
8.27,0.0,0.0,0.0,0.0
9.17,0.0,0.0,0.0,0.0
16.33,0.59,0.0,0.0,0.0
23.83,0.93,0.0,0.0,0.0
29.11,1.27,0.0,0.0,183.061
29.93,1.78,0.0,0.0,409.754
31.01,1.61,0.0,0.0,576.5
32.34,1.95,0.06,0.0,722.612
22.72,1.69,5.24,0.0,833.3330000000001
19.66,1.61,11.16,0.0,833.3330000000001
17.85,1.27,17.93,0.0,820.6519999999999
14.45,1.1,22.56,0.0,724.24
14.12,1.18,22.63,0.0,539.413
12.04,0.59,14.57,0.0,257.094
9.76,0.59,0.0,0.0,0.0
9.07,0.0,0.0,0.0,0.0
8.07,0.0,0.0,0.0,0.0
9.64,0.0,0.0,0.0,0.0
8.61,0.0,0.0,0.0,0.0
8.21,0.0,0.0,0.0,0.0
9.01,0.0,0.0,0.0,0.0
8.19,0.0,0.0,0.0,0.0
8.17,0.0,0.0,0.0,0.0
9.29,0.0,0.0,0.0,0.0
9.15,0.0,0.0,0.0,0.0
9.89,0.0,0.0,0.0,0.0
13.36,0.34,0.0,0.0,0.0
13.29,0.34,0.0,0.0,0.0
12.62,0.34,0.0,0.0,168.271
10.92,0.34,0.0,0.0,384.376
10.18,0.34,0.0,0.0,548.769
9.83,0.51,11.58,0.0,688.7869999999999
11.65,0.51,20.72,0.0,726.561
12.59,0.76,20.37,0.0,712.177
11.12,0.51,18.05,0.0,652.117
12.04,0.34,22.84,0.0,539.139
10.96,0.34,9.72,0.0,338.782
12.53,0.34,0.0,0.0,146.895
9.21,0.0,0.0,0.0,0.0
8.09,0.0,0.0,0.0,0.0
9.74,0.0,0.0,0.0,0.0
10.27,0.0,0.0,0.0,0.0
9.35,0.0,0.0,0.0,0.0
8.71,0.0,0.0,0.0,0.0
9.78,0.0,0.0,0.0,0.0
12.08,0.0,0.0,0.0,0.0
12.98,0.0,0.0,0.0,0.0
12.94,0.0,0.0,0.0,0.0
13.91,0.0,0.0,0.0,0.0
14.17,0.0,0.0,0.0,0.0
15.32,0.0,0.0,0.0,0.0
17.13,0.6,0.0,0.0,0.0
29.03,1.62,15.22,0.0,154.088
58.91,2.98,45.96,0.0,363.659
51.74,3.23,56.2,0.0,482.921
53.43,3.32,71.05,0.0,549.675
54.45,4.0,81.12,0.0,585.0419999999999
55.69,4.74,82.75,0.0,550.947
48.91,4.47,87.8,0.0,499.148
48.01,2.81,85.61,0.0,374.702
51.3,2.72,81.04,0.0,234.205
50.99,3.65,76.12,0.0,76.8702
38.61,2.15,68.28,0.0,0.0
16.96,1.72,61.79,0.0,0.0
14.58,1.27,58.72,0.0,0.0
16.05,1.43,53.85,0.0,0.0
14.4,0.68,51.14,0.0,0.0
14.77,0.43,0.0,0.0,0.0
13.95,0.43,0.0,0.0,0.0
11.96,0.0,0.0,0.0,0.0
13.2,0.0,0.0,0.0,0.0
11.49,0.0,0.0,0.0,0.0
12.82,0.0,0.0,0.0,0.0
13.79,0.0,0.0,0.0,0.0
12.06,0.0,0.0,0.0,0.0
13.55,0.6,50.53,0.0,0.0
24.22,1.62,69.64,0.0,129.566
58.06,2.98,83.44,0.0,295.577
50.35,3.24,93.75,0.0,432.24300000000005
53.51,3.32,101.37,0.0,529.6080000000001
56.67,4.0,109.89,0.0,594.673
59.58,4.72,118.13,0.0,703.461
60.98,4.48,124.71,0.0,633.7090000000001
56.56,2.82,127.6,0.0,512.679
58.02,2.74,118.39,0.0,331.86400000000003
60.68,3.64,107.09,0.0,130.30200000000002
47.21,2.15,94.59,0.0,0.0
20.55,1.75,86.3,0.0,0.0
17.41,1.23,82.87,0.0,0.0
15.75,1.39,81.66,0.0,0.0
13.37,0.66,81.21,0.0,0.0
15.54,0.43,0.0,0.0,0.0
15.26,0.43,0.0,0.0,0.0
13.65,0.0,0.0,0.0,0.0
12.82,0.0,0.0,0.0,0.0
13.25,0.0,0.0,0.0,0.0
14.49,0.0,0.0,0.0,0.0
13.96,0.0,0.0,0.0,0.0
13.52,0.0,0.0,0.0,0.0
17.81,0.6,92.35,0.0,0.0
30.02,1.62,93.59,0.0,126.392
66.02,2.99,104.76,0.0,243.054
57.0,3.25,110.27,0.0,335.357
53.54,3.33,118.66,0.0,405.9330000000001
60.26,4.0,130.13,0.0,425.193
60.67,4.74,142.28,0.0,504.891
56.87,4.49,148.18,0.0,438.398
54.21,2.82,142.47,0.0,330.376
51.15,2.73,136.78,0.0,220.968
54.83,3.66,128.39,0.0,69.8241
39.54,2.16,114.95,0.0,0.0
17.9,1.73,106.92,0.0,0.0
17.31,1.27,103.41,0.0,0.0
15.11,1.43,99.7,0.0,0.0
14.64,0.68,98.53,0.0,0.0
16.27,0.43,0.0,0.0,0.0
17.57,0.43,0.0,0.0,0.0
14.63,0.0,0.0,0.0,0.0
14.23,0.0,0.0,0.0,0.0
13.9,0.0,0.0,0.0,0.0
15.1,0.0,0.0,0.0,0.0
15.46,0.0,0.0,0.0,0.0
15.46,0.0,0.0,0.0,0.0
18.82,0.6,93.67,0.0,0.0
31.71,1.63,97.85,0.0,97.7996
65.44,3.0,108.43,0.0,221.99
53.88,3.25,117.31,0.0,374.044
47.81,3.34,124.56,0.0,452.446
49.32,4.02,138.97,0.0,542.731
56.01,4.74,138.28,0.0,513.22
53.64,4.51,141.69,0.0,491.796
48.37,2.83,128.27,0.0,321.752
44.44,2.76,116.8,0.0,179.332
51.83,3.67,108.58,0.0,49.3183
36.68,2.17,84.43,0.0,0.0
16.99,1.74,71.1,0.0,0.0
17.24,1.23,65.14,0.0,0.0
16.26,1.39,58.97,0.0,0.0
16.16,0.66,51.77,0.0,0.0
16.92,0.43,0.0,0.0,0.0
15.51,0.43,0.0,0.0,0.0
12.24,0.0,0.0,0.0,0.0
13.75,0.0,0.0,0.0,0.0
14.51,0.0,0.0,0.0,0.0
14.01,0.0,0.0,0.0,0.0
14.6,0.0,0.0,0.0,0.0
13.71,0.0,0.0,0.0,0.0
15.71,0.6,0.0,0.0,0.0
25.41,1.63,0.0,0.0,159.832
51.57,3.0,0.04,0.0,379.757
40.75,3.26,6.17,0.0,551.219
45.64,3.35,15.93,0.0,693.625
50.23,4.01,22.2,0.0,726.1160000000001
48.19,4.77,28.17,0.0,709.456
48.24,4.51,35.09,0.0,629.828
43.65,2.84,37.12,0.0,527.9209999999999
47.0,2.75,31.06,0.0,307.72900000000004
51.79,3.68,25.74,0.0,117.594
37.97,2.17,23.09,0.0,0.0
20.59,1.76,20.87,0.0,0.0
19.18,1.26,19.15,0.0,0.0
18.81,1.42,18.52,0.0,0.0
18.15,0.67,18.09,0.0,0.0
19.06,0.43,0.0,0.0,0.0
19.16,0.43,0.0,0.0,0.0
11.6,0.0,0.0,0.0,0.0
11.6,0.0,0.0,0.0,0.0
11.6,0.0,0.0,0.0,0.0
10.9,0.0,0.0,0.0,0.0
11.6,0.0,0.0,0.0,0.0
10.87,0.0,0.0,0.0,0.0
18.99,0.6,7.45,0.0,0.0
25.61,0.95,12.31,0.0,113.569
29.59,1.29,16.21,0.0,243.4
32.41,1.81,22.08,0.0,397.144
31.2,1.63,30.01,0.0,507.412
34.02,1.98,36.23,0.0,589.003
24.21,1.72,40.09,0.0,665.9
22.0,1.63,40.33,0.0,596.055
19.99,1.29,39.97,0.0,552.13
17.54,1.12,38.48,0.0,362.767
16.72,1.2,31.69,0.0,138.692
15.62,0.6,24.92,0.0,0.0
12.35,0.6,0.0,0.0,0.0
9.04,0.0,0.0,0.0,0.0
9.94,0.0,0.0,0.0,0.0
9.68,0.0,0.0,0.0,0.0
9.74,0.0,0.0,0.0,0.0
9.31,0.0,0.0,0.0,0.0
10.35,0.0,0.0,0.0,0.0
10.37,0.0,0.0,0.0,0.0
9.37,0.0,0.0,0.0,0.0
8.87,0.0,0.0,0.0,0.0
9.73,0.0,0.0,0.0,0.0
9.69,0.0,0.0,0.0,0.0
13.19,0.35,0.0,0.0,0.0
13.6,0.35,0.0,0.0,157.559
13.78,0.35,0.0,0.0,374.619
12.6,0.35,2.7,0.0,528.952
11.65,0.35,22.35,0.0,635.431
13.03,0.52,28.0,0.0,710.643
11.67,0.52,28.52,0.0,820.0
10.62,0.78,38.86,0.0,646.1469999999999
10.7,0.52,35.94,0.0,557.345
10.19,0.35,29.7,0.0,381.519
11.63,0.35,11.73,0.0,160.285
10.62,0.35,0.0,0.0,0.0
9.42,0.0,0.0,0.0,0.0
8.43,0.0,0.0,0.0,0.0
9.06,0.0,0.0,0.0,0.0
8.23,0.0,0.0,0.0,0.0
7.7,0.0,0.0,0.0,0.0
9.04,0.0,0.0,0.0,0.0
12.21,0.0,0.0,0.0,0.0
11.64,0.0,0.0,0.0,0.0
11.18,0.0,0.0,0.0,0.0
11.27,0.0,0.0,0.0,0.0
12.56,0.0,0.0,0.0,0.0
12.66,0.0,0.0,0.0,0.0
16.54,0.61,0.0,0.0,0.0
30.89,1.64,2.66,0.0,144.496
69.51,3.03,35.15,0.0,371.741
60.44,3.29,65.31,0.0,615.112
58.02,3.37,81.44,0.0,719.216
60.44,4.06,94.37,0.0,779.623
61.69,4.81,99.49,0.0,714.273
57.94,4.54,100.94,0.0,679.64
53.56,2.87,104.39,0.0,556.401
57.72,2.78,101.01,0.0,374.702
55.45,3.7,83.35,0.0,139.445
43.15,2.19,66.69,0.0,0.0
19.28,1.78,58.94,0.0,0.0
15.97,1.25,55.73,0.0,0.0
14.54,1.41,53.83,0.0,0.0
12.88,0.67,51.95,0.0,0.0
12.39,0.43,0.0,0.0,0.0
12.4,0.43,0.0,0.0,0.0
7.99,0.0,0.0,0.0,0.0
9.17,0.0,0.0,0.0,0.0
8.3,0.0,0.0,0.0,0.0
8.31,0.0,0.0,0.0,0.0
7.94,0.0,0.0,0.0,0.0
9.31,0.0,0.0,0.0,0.0
11.09,0.35,0.0,0.0,0.0
9.9,0.35,0.0,0.0,116.704
11.39,0.35,0.0,0.0,225.949
12.66,0.35,0.0,0.0,325.69
11.08,0.35,13.03,0.0,425.05300000000005
11.03,0.52,41.73,0.0,437.458
10.86,0.52,61.87,0.0,483.88
11.07,0.78,71.61,0.0,419.838
11.76,0.52,66.84,0.0,332.774
12.73,0.35,17.59,0.0,230.295
11.84,0.35,0.0,0.0,70.639
12.42,0.35,0.0,0.0,0.0
9.21,0.0,0.0,0.0,0.0
8.65,0.0,0.0,0.0,0.0
8.32,0.0,0.0,0.0,0.0
9.91,0.0,0.0,0.0,0.0
10.74,0.0,0.0,0.0,0.0
10.87,0.0,0.0,0.0,0.0
13.55,0.0,0.0,0.0,0.0
13.8,0.0,0.0,0.0,0.0
13.66,0.0,0.0,0.0,0.0
13.44,0.0,0.0,0.0,0.0
14.32,0.0,0.0,0.0,0.0
14.22,0.0,0.0,0.0,0.0
17.88,0.61,31.05,0.0,0.0
30.4,1.65,26.97,0.0,84.6769
69.27,3.04,23.93,0.0,181.329
58.17,3.3,20.91,0.0,259.144
58.02,3.39,20.1,0.0,333.996
60.44,4.08,17.83,0.0,414.918
56.23,4.83,12.92,0.0,383.404
53.76,4.56,10.24,0.0,343.386
53.93,2.88,6.94,0.0,260.123
50.59,2.79,4.67,0.0,160.267
50.25,3.72,1.07,0.0,42.5368
42.21,2.2,0.0,0.0,0.0
20.42,1.78,0.0,0.0,0.0
15.32,1.25,0.0,0.0,0.0
15.44,1.42,0.0,0.0,0.0
13.75,0.67,0.0,0.0,0.0
15.26,0.43,0.0,0.0,0.0
15.39,0.43,0.0,0.0,0.0
12.08,0.0,0.0,0.0,0.0
12.23,0.0,0.0,0.0,0.0
13.37,0.0,0.0,0.0,0.0
14.3,0.0,0.0,0.0,0.0
14.25,0.0,0.0,0.0,0.0
13.29,0.0,0.0,0.0,0.0
17.94,0.61,0.0,0.0,0.0
31.69,1.65,0.0,0.0,86.5399
69.0,3.05,0.0,0.0,191.528
60.44,3.31,0.0,0.0,272.59
54.76,3.4,0.0,0.0,386.719
59.64,4.06,0.0,0.0,452.78
61.69,4.83,0.0,0.0,528.8009999999999
62.45,4.58,0.0,0.0,534.9730000000001
58.02,2.88,0.0,0.0,508.61800000000005
55.08,2.8,0.0,0.0,372.377
61.64,3.73,0.0,0.0,176.09
48.93,2.2,0.0,0.0,0.0
22.64,1.77,0.0,0.0,0.0
18.68,1.24,0.0,0.0,0.0
16.44,1.45,0.0,0.0,0.0
13.81,0.69,0.0,0.0,0.0
15.47,0.44,0.0,0.0,0.0
16.76,0.44,0.0,0.0,0.0
14.58,0.0,0.0,0.0,0.0
15.46,0.0,0.0,0.0,0.0
15.41,0.0,0.0,0.0,0.0
15.46,0.0,0.0,0.0,0.0
14.46,0.0,0.0,0.0,0.0
14.95,0.0,0.0,0.0,0.0
17.68,0.61,0.0,0.0,0.0
30.09,1.66,0.0,0.0,192.272
55.8,3.05,0.0,0.0,466.408
44.96,3.32,0.0,0.0,673.952
42.77,3.4,0.0,0.0,803.1460000000001
40.66,4.08,0.0,0.0,833.3330000000001
41.28,4.85,0.0,0.0,833.3330000000001
41.75,4.59,0.0,0.0,773.257
43.12,2.89,0.0,0.0,629.206
41.51,2.8,0.0,0.0,443.36300000000006
45.35,3.74,0.0,0.0,188.909
40.97,2.21,0.0,0.0,0.0
18.72,1.8,0.0,0.0,0.0
14.43,1.26,0.0,0.0,0.0
16.37,1.42,0.0,0.0,0.0
13.49,0.68,0.0,0.0,0.0
15.3,0.44,0.0,0.0,0.0
14.5,0.44,0.0,0.0,0.0
7.95,0.0,0.0,0.0,0.0
7.74,0.0,0.0,0.0,0.0
8.1,0.0,0.0,0.0,0.0
8.51,0.0,0.0,0.0,0.0
7.95,0.0,0.0,0.0,0.0
8.51,0.0,0.0,0.0,0.0
15.87,0.61,0.0,0.0,0.0
19.11,0.96,0.0,0.0,154.48
25.54,1.31,0.0,0.0,391.655
29.26,1.84,0.0,0.0,567.366
27.2,1.66,0.0,0.0,690.1160000000001
29.3,2.01,0.0,0.0,781.436
19.07,1.75,2.88,0.0,759.299
17.94,1.66,6.55,0.0,689.985
17.68,1.31,7.45,0.0,545.7280000000001
16.49,1.14,6.88,0.0,362.535
17.59,1.22,4.06,0.0,147.849
14.8,0.61,0.0,0.0,0.0
11.32,0.61,0.0,0.0,0.0
8.04,0.0,0.0,0.0,0.0
7.84,0.0,0.0,0.0,0.0
8.33,0.0,0.0,0.0,0.0
9.12,0.0,0.0,0.0,0.0
10.27,0.0,0.0,0.0,0.0
11.03,0.0,0.0,0.0,0.0
11.21,0.0,0.0,0.0,0.0
11.6,0.0,0.0,0.0,0.0
11.6,0.0,0.0,0.0,0.0
11.6,0.0,0.0,0.0,0.0
11.6,0.0,0.0,0.0,0.0
14.37,0.35,0.0,0.0,0.0
14.37,0.35,0.0,0.0,130.674
14.37,0.35,0.0,0.0,314.036
14.3,0.35,0.0,0.0,471.524
14.37,0.35,0.0,0.0,581.567
14.37,0.53,59.75,0.0,607.664
14.37,0.53,75.13,0.0,633.9680000000001
13.31,0.79,58.52,0.0,595.4780000000001
11.83,0.53,64.81,0.0,490.426
10.96,0.35,33.17,0.0,348.51300000000003
12.54,0.35,0.0,0.0,154.50799999999998
12.6,0.35,0.0,0.0,0.0
10.17,0.0,0.0,0.0,0.0
9.2,0.0,0.0,0.0,0.0
8.7,0.0,0.0,0.0,0.0
9.82,0.0,0.0,0.0,0.0
9.98,0.0,0.0,0.0,0.0
8.76,0.0,0.0,0.0,0.0
11.85,0.0,0.0,0.0,0.0
11.47,0.0,0.0,0.0,0.0
11.5,0.0,0.0,0.0,0.0
11.83,0.0,0.0,0.0,0.0
13.55,0.0,0.0,0.0,0.0
11.99,0.0,0.0,0.0,0.0
16.63,0.62,0.0,0.0,0.0
25.85,1.67,0.0,0.0,106.813
53.62,3.08,0.0,0.0,236.171
41.81,3.34,0.0,0.0,388.217
44.8,3.43,0.0,0.0,542.489
44.77,4.13,0.0,0.0,608.736
47.03,4.88,0.0,0.0,658.822
51.09,4.63,0.0,0.0,662.9889999999999
49.73,2.91,0.0,0.0,616.437
43.94,2.82,0.0,0.0,445.612
49.93,3.77,0.0,0.0,190.958
38.32,2.22,0.0,0.0,0.0
19.48,1.79,0.0,0.0,0.0
18.22,1.3,0.0,0.0,0.0
19.5,1.46,0.0,0.0,0.0
18.24,0.69,0.0,0.0,0.0
17.12,0.44,0.0,0.0,0.0
14.84,0.44,0.0,0.0,0.0
13.03,0.0,0.0,0.0,0.0
12.3,0.0,0.0,0.0,0.0
13.71,0.0,0.0,0.0,0.0
13.37,0.0,0.0,0.0,0.0
13.48,0.0,0.0,0.0,0.0
13.5,0.0,0.0,0.0,0.0
15.88,0.62,0.0,0.0,0.0
25.86,1.67,0.0,0.0,127.101
54.65,3.08,0.0,0.0,351.468
52.05,3.35,0.0,0.0,549.47
48.0,3.43,0.0,0.0,714.325
47.5,4.11,0.0,0.0,829.6389999999999
48.12,4.89,0.0,0.0,827.2560000000001
45.44,4.63,0.0,0.0,786.9989999999999
44.9,2.91,0.0,0.0,642.948
42.54,2.83,0.0,0.0,448.092
46.02,3.78,0.0,0.0,177.778
40.03,2.23,0.0,0.0,0.0
19.21,1.79,0.0,0.0,0.0
17.38,1.3,0.0,0.0,0.0
15.89,1.46,0.0,0.0,0.0
14.01,0.69,0.0,0.0,0.0
15.67,0.44,0.0,0.0,0.0
16.8,0.44,0.0,0.0,0.0
13.64,0.0,0.0,0.0,0.0
11.85,0.0,0.0,0.0,0.0
12.16,0.0,0.0,0.0,0.0
13.04,0.0,0.0,0.0,0.0
13.67,0.0,0.0,0.0,0.0
13.78,0.0,0.0,0.0,0.0
18.11,0.62,0.0,0.0,0.0
31.16,1.68,0.0,0.0,149.986
70.05,3.09,0.0,0.0,402.449
60.44,3.35,0.0,0.0,634.776
58.02,3.44,1.65,0.0,746.699
60.44,4.12,9.53,0.0,805.035
57.6,4.9,16.83,0.0,817.6239999999999
54.36,4.64,20.09,0.0,779.176
45.96,2.92,16.37,0.0,586.41
42.21,2.84,11.9,0.0,395.23800000000006
44.07,3.79,3.21,0.0,162.959
33.54,2.23,0.0,0.0,0.0
17.75,1.8,0.0,0.0,0.0
16.56,1.3,0.0,0.0,0.0
18.02,1.46,0.0,0.0,0.0
17.51,0.69,0.0,0.0,0.0
18.64,0.44,0.0,0.0,0.0
19.16,0.44,0.0,0.0,0.0
14.19,0.0,0.0,0.0,0.0
13.55,0.0,0.0,0.0,0.0
14.24,0.0,0.0,0.0,0.0
14.28,0.0,0.0,0.0,0.0
12.54,0.0,0.0,0.0,0.0
13.62,0.0,0.0,0.0,0.0
14.81,0.62,0.0,0.0,0.0
26.67,1.68,1.71,0.0,132.588
54.96,3.1,18.05,0.0,348.75699999999995
43.4,3.36,44.33,0.0,541.11
41.7,3.45,57.57,0.0,640.8530000000001
40.7,4.13,58.71,0.0,697.422
50.76,4.91,61.01,0.0,653.669
52.85,4.66,66.79,0.0,618.7919999999999
51.74,2.93,60.42,0.0,530.555
47.79,2.84,54.1,0.0,344.797
56.21,3.8,43.27,0.0,143.208
41.53,2.24,28.49,0.0,0.0
22.05,1.81,19.23,0.0,0.0
17.65,1.3,14.9,0.0,0.0
18.19,1.46,13.14,0.0,0.0
17.98,0.69,7.79,0.0,0.0
17.62,0.44,0.0,0.0,0.0
15.42,0.44,0.0,0.0,0.0
11.91,0.0,0.0,0.0,0.0
12.07,0.0,0.0,0.0,0.0
13.33,0.0,0.0,0.0,0.0
13.01,0.0,0.0,0.0,0.0
14.08,0.0,0.0,0.0,0.0
14.64,0.0,0.0,0.0,0.0
16.8,0.62,0.0,0.0,0.0
29.77,1.68,6.41,0.0,136.273
67.76,3.1,38.24,0.0,380.732
59.09,3.37,56.88,0.0,572.29
58.02,3.46,67.26,0.0,681.435
60.44,4.13,73.6,0.0,768.508
61.69,4.92,77.06,0.0,722.51
59.49,4.67,78.78,0.0,662.178
50.28,2.93,74.64,0.0,525.852
44.06,2.84,69.99,0.0,366.733
48.89,3.8,56.61,0.0,148.787
37.95,2.24,43.18,0.0,0.0
16.83,1.82,36.53,0.0,0.0
17.0,1.29,34.3,0.0,0.0
15.16,1.45,32.97,0.0,0.0
12.88,0.69,32.01,0.0,0.0
14.77,0.44,0.0,0.0,0.0
13.28,0.44,0.0,0.0,0.0
9.26,0.0,0.0,0.0,0.0
8.44,0.0,0.0,0.0,0.0
8.53,0.0,0.0,0.0,0.0
9.98,0.0,0.0,0.0,0.0
8.96,0.0,0.0,0.0,0.0
9.23,0.0,0.0,0.0,0.0
16.5,0.62,9.99,0.0,0.0
23.94,0.98,23.65,0.0,117.156
25.41,1.33,43.34,0.0,316.655
26.53,1.87,66.12,0.0,453.145
27.85,1.69,77.58,0.0,505.838
26.68,2.04,78.3,0.0,434.769
18.79,1.78,75.94,0.0,378.165
16.75,1.69,75.05,0.0,331.44
14.07,1.33,76.1,0.0,265.345
12.39,1.15,74.68,0.0,141.839
14.98,1.24,70.98,0.0,33.8094
13.53,0.62,67.59,0.0,0.0
12.29,0.62,0.0,0.0,0.0
9.43,0.0,0.0,0.0,0.0
8.75,0.0,0.0,0.0,0.0
8.54,0.0,0.0,0.0,0.0
8.32,0.0,0.0,0.0,0.0
9.51,0.0,0.0,0.0,0.0
8.77,0.0,0.0,0.0,0.0
8.49,0.0,0.0,0.0,0.0
9.1,0.0,0.0,0.0,0.0
10.09,0.0,0.0,0.0,0.0
9.42,0.0,0.0,0.0,0.0
9.69,0.0,0.0,0.0,0.0
12.48,0.36,0.0,0.0,0.0
11.55,0.36,0.0,0.0,107.175
11.8,0.36,0.0,0.0,283.91200000000003
11.83,0.36,0.0,0.0,451.078
11.47,0.36,9.78,0.0,596.182
11.64,0.53,67.08,0.0,605.661
11.23,0.53,46.81,0.0,706.826
12.62,0.8,71.43,0.0,654.961
11.65,0.53,70.55,0.0,559.409
12.22,0.36,46.17,0.0,381.909
12.78,0.36,23.63,0.0,162.77100000000002
13.63,0.36,0.0,0.0,0.0
9.74,0.0,0.0,0.0,0.0
10.35,0.0,0.0,0.0,0.0
11.2,0.0,0.0,0.0,0.0
11.6,0.0,0.0,0.0,0.0
11.15,0.0,0.0,0.0,0.0
10.38,0.0,0.0,0.0,0.0
13.03,0.0,0.0,0.0,0.0
12.13,0.0,0.0,0.0,0.0
13.76,0.0,0.0,0.0,0.0
12.18,0.0,0.0,0.0,0.0
13.13,0.0,0.0,0.0,0.0
11.58,0.0,0.0,0.0,0.0
15.99,0.62,92.38,0.0,0.0
28.26,1.7,87.92,0.0,115.545
62.35,3.12,93.07,0.0,303.441
57.66,3.39,91.3,0.0,432.948
58.02,3.48,83.25,0.0,519.072
60.44,4.19,82.57,0.0,566.953
61.69,4.95,76.32,0.0,550.512
62.45,4.7,74.87,0.0,519.125
58.02,2.96,64.63,0.0,415.52
57.08,2.87,55.79,0.0,249.692
61.64,3.82,45.04,0.0,72.3291
48.93,2.26,37.57,0.0,0.0
22.24,1.82,34.09,0.0,0.0
19.58,1.28,31.38,0.0,0.0
19.75,1.47,24.46,0.0,0.0
17.0,0.71,17.76,0.0,0.0
17.5,0.45,0.0,0.0,0.0
16.93,0.45,0.0,0.0,0.0
13.4,0.0,0.0,0.0,0.0
12.77,0.0,0.0,0.0,0.0
13.82,0.0,0.0,0.0,0.0
14.57,0.0,0.0,0.0,0.0
15.46,0.0,0.0,0.0,0.0
15.46,0.0,0.0,0.0,0.0
17.61,0.63,0.0,0.0,0.0
28.8,1.7,0.0,0.0,105.288
64.84,3.13,2.66,0.0,246.989
59.3,3.4,3.94,0.0,346.621
55.9,3.49,4.39,0.0,439.465
57.2,4.17,6.7,0.0,452.952
51.69,4.97,7.76,0.0,539.049
49.47,4.71,7.55,0.0,484.024
41.44,2.96,6.95,0.0,380.535
48.84,2.87,4.52,0.0,267.80400000000003
45.15,3.84,0.93,0.0,93.9186
40.96,2.26,0.0,0.0,0.0
18.71,1.84,0.0,0.0,0.0
17.26,1.3,0.0,0.0,0.0
17.4,1.46,0.0,0.0,0.0
15.35,0.69,0.0,0.0,0.0
17.18,0.45,0.0,0.0,0.0
17.24,0.45,0.0,0.0,0.0
12.39,0.0,0.0,0.0,0.0
11.53,0.0,0.0,0.0,0.0
12.05,0.0,0.0,0.0,0.0
12.61,0.0,0.0,0.0,0.0
11.54,0.0,0.0,0.0,0.0
13.41,0.0,0.0,0.0,0.0
14.71,0.63,0.0,0.0,0.0
24.5,1.7,0.0,0.0,124.89
57.67,3.14,0.0,0.0,368.956
47.31,3.4,3.58,0.0,572.261
44.59,3.49,18.72,0.0,728.8
49.02,4.17,32.96,0.0,789.347
55.94,4.98,46.26,0.0,788.495
56.64,4.71,61.67,0.0,765.8789999999999
51.19,2.97,64.07,0.0,633.29
47.37,2.88,57.54,0.0,428.331
52.62,3.84,43.64,0.0,171.597
38.41,2.27,31.61,0.0,0.0
17.12,1.82,25.24,0.0,0.0
14.29,1.34,21.29,0.0,0.0
13.52,1.5,13.23,0.0,0.0
13.26,0.71,11.56,0.0,0.0
13.76,0.45,0.0,0.0,0.0
14.44,0.45,0.0,0.0,0.0
7.93,0.0,0.0,0.0,0.0
9.61,0.0,0.0,0.0,0.0
9.73,0.0,0.0,0.0,0.0
8.56,0.0,0.0,0.0,0.0
9.61,0.0,0.0,0.0,0.0
10.1,0.0,0.0,0.0,0.0
12.58,0.36,0.0,0.0,0.0
11.6,0.36,0.0,0.0,157.48
12.05,0.36,0.0,0.0,420.797
12.98,0.36,0.79,0.0,630.5269999999999
12.22,0.36,3.14,0.0,674.802
11.27,0.54,5.57,0.0,788.8589999999999
11.49,0.54,9.6,0.0,766.6610000000001
11.43,0.81,15.52,0.0,711.9760000000001
11.83,0.54,14.05,0.0,608.482
11.86,0.36,14.45,0.0,415.201
13.16,0.36,5.31,0.0,174.91099999999997
11.85,0.36,0.0,0.0,0.0
10.57,0.0,0.0,0.0,0.0
11.21,0.0,0.0,0.0,0.0
11.6,0.0,0.0,0.0,0.0
11.6,0.0,0.0,0.0,0.0
11.6,0.0,0.0,0.0,0.0
11.45,0.0,0.0,0.0,0.0
15.46,0.0,0.0,0.0,0.0
15.46,0.0,0.0,0.0,0.0
14.34,0.0,0.0,0.0,0.0
14.64,0.0,0.0,0.0,0.0
15.46,0.0,0.0,0.0,0.0
15.17,0.0,0.0,0.0,0.0
17.22,0.63,0.0,0.0,0.0
31.26,1.71,0.0,0.0,153.332
65.92,3.15,0.0,0.0,417.539
60.37,3.42,0.0,0.0,610.174
58.02,3.51,2.51,0.0,722.5219999999999
60.44,4.22,12.58,0.0,736.993
59.47,5.0,20.63,0.0,716.579
56.19,4.73,30.64,0.0,688.0010000000001
49.95,2.98,33.44,0.0,574.51
43.64,2.9,26.46,0.0,392.543
52.59,3.86,12.78,0.0,151.951
38.25,2.28,1.31,0.0,0.0
18.29,1.83,0.0,0.0,0.0
16.75,1.33,0.0,0.0,0.0
14.66,1.49,0.0,0.0,0.0
16.06,0.71,0.0,0.0,0.0
14.16,0.45,0.0,0.0,0.0
13.05,0.45,0.0,0.0,0.0
9.56,0.0,0.0,0.0,0.0
8.97,0.0,0.0,0.0,0.0
9.21,0.0,0.0,0.0,0.0
8.29,0.0,0.0,0.0,0.0
8.41,0.0,0.0,0.0,0.0
9.34,0.0,0.0,0.0,0.0
15.19,0.63,0.0,0.0,0.0
18.39,0.99,19.48,0.0,122.113
22.56,1.35,55.22,0.0,351.992
24.41,1.89,81.61,0.0,549.091
21.95,1.71,93.16,0.0,697.5239999999999
22.37,2.07,96.55,0.0,737.3530000000001
18.91,1.8,97.86,0.0,703.263
18.78,1.71,96.15,0.0,612.264
16.18,1.35,92.55,0.0,530.288
16.16,1.17,85.01,0.0,339.185
15.23,1.26,73.92,0.0,141.327
12.59,0.63,61.55,0.0,0.0
9.93,0.63,0.0,0.0,0.0
8.05,0.0,0.0,0.0,0.0
7.8,0.0,0.0,0.0,0.0
8.41,0.0,0.0,0.0,0.0
9.83,0.0,0.0,0.0,0.0
8.75,0.0,0.0,0.0,0.0
8.45,0.0,0.0,0.0,0.0
9.79,0.0,0.0,0.0,0.0
10.3,0.0,0.0,0.0,0.0
9.34,0.0,0.0,0.0,0.0
9.66,0.0,0.0,0.0,0.0
9.79,0.0,0.0,0.0,0.0
10.76,0.36,0.0,0.0,0.0
11.39,0.36,0.0,0.0,102.053
10.6,0.36,0.0,0.0,332.842
11.23,0.36,47.76,0.0,516.504
12.64,0.36,74.6,0.0,660.414
12.39,0.54,69.8,0.0,733.2080000000001
12.43,0.54,60.44,0.0,700.3480000000001
12.53,0.81,77.68,0.0,665.607
13.33,0.54,66.46,0.0,569.9069999999999
12.1,0.36,53.52,0.0,376.419
11.11,0.36,48.06,0.0,142.284
10.38,0.36,0.0,0.0,0.0
7.7,0.0,0.0,0.0,0.0
9.23,0.0,0.0,0.0,0.0
8.59,0.0,0.0,0.0,0.0
8.07,0.0,0.0,0.0,0.0
7.57,0.0,0.0,0.0,0.0
7.42,0.0,0.0,0.0,0.0
10.72,0.0,0.0,0.0,0.0
10.8,0.0,0.0,0.0,0.0
10.85,0.0,0.0,0.0,0.0
11.41,0.0,0.0,0.0,0.0
12.4,0.0,0.0,0.0,0.0
10.93,0.0,0.0,0.0,0.0
13.06,0.63,76.34,0.0,0.0
25.45,1.72,79.71,0.0,106.947
50.72,3.17,95.98,0.0,335.855
44.98,3.44,112.62,0.0,521.486
50.13,3.53,115.59,0.0,665.5360000000001
51.72,4.24,113.53,0.0,617.599
46.06,5.03,110.97,0.0,693.9010000000001
54.06,4.76,113.4,0.0,647.965
48.24,3.0,121.52,0.0,536.678
47.32,2.92,126.99,0.0,371.9330000000001
51.63,3.88,116.35,0.0,156.49
40.05,2.29,97.27,0.0,0.0
21.33,1.85,88.52,0.0,0.0
16.29,1.33,84.1,0.0,0.0
18.43,1.49,80.34,0.0,0.0
16.23,0.71,75.35,0.0,0.0
14.61,0.45,0.0,0.0,0.0
15.36,0.45,0.0,0.0,0.0
13.1,0.0,0.0,0.0,0.0
13.45,0.0,0.0,0.0,0.0
13.69,0.0,0.0,0.0,0.0
13.39,0.0,0.0,0.0,0.0
13.88,0.0,0.0,0.0,0.0
12.39,0.0,0.0,0.0,0.0
14.32,0.63,23.57,0.0,0.0
25.44,1.72,22.98,0.0,63.1169
59.93,3.17,31.55,0.0,195.765
53.49,3.45,62.91,0.0,501.325
44.6,3.54,96.57,0.0,684.47
47.89,4.21,100.55,0.0,764.7080000000001
49.09,5.04,100.32,0.0,749.762
52.65,4.77,105.13,0.0,667.685
47.95,3.01,112.77,0.0,579.988
43.78,2.92,112.56,0.0,410.619
43.08,3.89,87.34,0.0,159.937
35.68,2.3,60.14,0.0,0.0
19.43,1.86,49.47,0.0,0.0
17.11,1.33,40.81,0.0,0.0
15.66,1.49,34.55,0.0,0.0
15.11,0.71,28.68,0.0,0.0
15.31,0.45,0.0,0.0,0.0
16.83,0.45,0.0,0.0,0.0
13.83,0.0,0.0,0.0,0.0
14.23,0.0,0.0,0.0,0.0
14.16,0.0,0.0,0.0,0.0
14.82,0.0,0.0,0.0,0.0
13.33,0.0,0.0,0.0,0.0
12.98,0.0,0.0,0.0,0.0
16.31,0.64,35.36,0.0,0.0
26.63,1.73,46.9,0.0,80.9694
63.72,3.18,74.55,0.0,253.833
53.11,3.45,90.65,0.0,393.778
48.97,3.54,100.15,0.0,500.061
51.24,4.22,110.44,0.0,580.88
51.97,5.05,116.58,0.0,579.4119999999999
45.72,4.78,123.25,0.0,538.531
46.95,3.01,124.3,0.0,423.499
43.08,2.93,116.63,0.0,276.231
46.05,3.9,107.82,0.0,102.304
41.82,2.3,95.31,0.0,0.0
20.71,1.87,87.27,0.0,0.0
16.4,1.32,83.33,0.0,0.0
17.86,1.48,80.31,0.0,0.0
14.89,0.7,79.56,0.0,0.0
15.6,0.45,0.0,0.0,0.0
15.53,0.45,0.0,0.0,0.0
13.2,0.0,0.0,0.0,0.0
11.64,0.0,0.0,0.0,0.0
12.49,0.0,0.0,0.0,0.0
13.58,0.0,0.0,0.0,0.0
12.26,0.0,0.0,0.0,0.0
11.77,0.0,0.0,0.0,0.0
15.12,0.64,77.67,0.0,0.0
24.98,1.73,79.01,0.0,57.4161
51.96,3.19,86.61,0.0,194.509
48.55,3.46,92.66,0.0,308.66200000000003
44.66,3.55,110.72,0.0,495.357
46.89,4.22,131.2,0.0,609.2769999999999
52.44,5.06,140.94,0.0,636.501
47.87,4.79,146.1,0.0,614.1669999999999
46.45,3.01,146.79,0.0,495.867
44.55,2.92,143.61,0.0,349.366
45.0,3.91,132.05,0.0,155.52200000000002
37.66,2.3,109.47,0.0,0.0
18.21,1.87,102.01,0.0,0.0
15.23,1.32,98.66,0.0,0.0
15.09,1.49,96.14,0.0,0.0
15.56,0.7,94.47,0.0,0.0
15.86,0.45,0.0,0.0,0.0
16.26,0.46,0.0,0.0,0.0
12.44,0.0,0.0,0.0,0.0
11.59,0.0,0.0,0.0,0.0
12.44,0.0,0.0,0.0,0.0
12.62,0.0,0.0,0.0,0.0
13.86,0.0,0.0,0.0,0.0
14.26,0.0,0.0,0.0,0.0
16.94,0.64,94.99,0.0,0.0
28.31,1.73,96.54,0.0,90.0222
65.38,3.19,118.42,0.0,283.02
53.34,3.47,139.55,0.0,460.997
49.73,3.56,146.65,0.0,587.15
48.0,4.23,150.95,0.0,639.562
45.72,5.07,151.07,0.0,613.116
43.7,4.8,156.13,0.0,513.1659999999999
41.55,3.02,152.4,0.0,366.599
47.92,2.93,142.55,0.0,227.838
54.62,3.91,133.4,0.0,79.8671
38.31,2.31,112.68,0.0,0.0
19.22,1.87,104.01,0.0,0.0
17.38,1.31,100.92,0.0,0.0
17.86,1.5,96.64,0.0,0.0
15.11,0.73,93.17,0.0,0.0
13.57,0.46,0.0,0.0,0.0
15.64,0.46,0.0,0.0,0.0
8.46,0.0,0.0,0.0,0.0
8.55,0.0,0.0,0.0,0.0
7.83,0.0,0.0,0.0,0.0
8.47,0.0,0.0,0.0,0.0
9.38,0.0,0.0,0.0,0.0
10.48,0.0,0.0,0.0,0.0
17.37,0.64,73.73,0.0,0.0
20.83,1.0,79.3,0.0,68.1416
21.15,1.37,92.02,0.0,265.135
25.5,1.92,122.61,0.0,487.825
23.11,1.74,138.41,0.0,607.739
25.2,2.1,134.63,0.0,633.07
21.25,1.83,131.28,0.0,586.752
19.51,1.74,126.93,0.0,580.137
17.78,1.37,120.72,0.0,463.79
16.94,1.19,119.4,0.0,393.744
18.5,1.28,108.64,0.0,192.24400000000003
16.22,0.64,97.42,0.0,0.0
14.37,0.64,0.0,0.0,0.0
11.04,0.0,0.0,0.0,0.0
10.62,0.0,0.0,0.0,0.0
11.35,0.0,0.0,0.0,0.0
11.35,0.0,0.0,0.0,0.0
11.15,0.0,0.0,0.0,0.0
10.89,0.0,0.0,0.0,0.0
11.6,0.0,0.0,0.0,0.0
10.68,0.0,0.0,0.0,0.0
9.89,0.0,0.0,0.0,0.0
9.81,0.0,0.0,0.0,0.0
9.2,0.0,0.0,0.0,0.0
12.48,0.37,0.0,0.0,0.0
11.99,0.37,0.0,0.0,68.3996
12.3,0.37,0.0,0.0,192.91
11.0,0.37,0.0,0.0,305.486
10.21,0.37,0.0,0.0,400.338
10.82,0.55,0.0,0.0,471.439
10.25,0.55,0.93,0.0,599.331
9.66,0.82,3.72,0.0,606.44
11.52,0.55,4.53,0.0,545.7769999999999
10.82,0.37,2.27,0.0,407.511
12.35,0.37,0.0,0.0,184.287
13.4,0.37,0.0,0.0,0.0
10.4,0.0,0.0,0.0,0.0
10.73,0.0,0.0,0.0,0.0
9.68,0.0,0.0,0.0,0.0
9.03,0.0,0.0,0.0,0.0
8.88,0.0,0.0,0.0,0.0
8.88,0.0,0.0,0.0,0.0
12.29,0.0,0.0,0.0,0.0
12.7,0.0,0.0,0.0,0.0
13.41,0.0,0.0,0.0,0.0
13.13,0.0,0.0,0.0,0.0
11.94,0.0,0.0,0.0,0.0
11.95,0.0,0.0,0.0,0.0
15.39,0.64,0.0,0.0,0.0
29.87,1.74,0.0,0.0,100.117
63.37,3.21,2.18,0.0,334.301
55.57,3.48,13.13,0.0,519.2909999999999
52.68,3.58,25.11,0.0,655.471
49.78,4.28,34.38,0.0,765.9019999999999
51.57,5.1,43.76,0.0,786.5
55.57,4.83,53.93,0.0,735.102
46.29,3.04,57.44,0.0,623.602
48.9,2.95,56.28,0.0,438.449
56.51,3.93,43.49,0.0,200.925
40.32,2.33,27.04,0.0,0.0
21.67,1.87,14.82,0.0,0.0
19.04,1.31,3.43,0.0,0.0
18.23,1.54,0.0,0.0,0.0
16.62,0.73,6.32,0.0,0.0
17.38,0.46,0.0,0.0,0.0
16.69,0.46,0.0,0.0,0.0
13.98,0.0,0.0,0.0,0.0
12.29,0.0,0.0,0.0,0.0
11.13,0.0,0.0,0.0,0.0
11.26,0.0,0.0,0.0,0.0
11.26,0.0,0.0,0.0,0.0
10.95,0.0,0.0,0.0,0.0
15.33,0.64,0.0,0.0,0.0
25.81,1.74,0.0,0.0,98.2711
56.14,3.21,7.2,0.0,314.274
45.61,3.49,17.75,0.0,515.2919999999999
41.29,3.58,28.76,0.0,643.023
40.04,4.27,34.42,0.0,768.98
45.42,5.11,42.33,0.0,774.916
47.73,4.83,53.54,0.0,725.166
47.91,3.04,58.92,0.0,664.275
44.31,2.96,58.64,0.0,431.605
42.28,3.94,46.79,0.0,189.418
34.5,2.32,30.2,0.0,0.0
16.23,1.89,21.05,0.0,0.0
15.63,1.33,14.58,0.0,0.0
17.72,1.51,4.66,0.0,0.0
17.55,0.73,2.87,0.0,0.0
15.98,0.46,0.0,0.0,0.0
16.77,0.46,0.0,0.0,0.0
13.77,0.0,0.0,0.0,0.0
12.53,0.0,0.0,0.0,0.0
11.37,0.0,0.0,0.0,0.0
11.14,0.0,0.0,0.0,0.0
12.9,0.0,0.0,0.0,0.0
12.2,0.0,0.0,0.0,0.0
14.48,0.64,0.0,0.0,0.0
23.8,1.75,0.0,0.0,90.9522
54.05,3.22,0.0,0.0,311.136
52.27,3.5,0.0,0.0,496.288
52.02,3.59,0.0,0.0,603.817
52.92,4.28,0.0,0.0,617.399
48.29,5.11,1.99,0.0,697.7339999999999
50.26,4.84,8.72,0.0,669.6469999999999
51.58,3.05,12.08,0.0,588.4580000000001
52.42,2.96,9.84,0.0,382.23
57.15,3.95,2.45,0.0,138.993
40.39,2.33,0.0,0.0,0.0
18.95,1.89,0.0,0.0,0.0
16.7,1.33,0.0,0.0,0.0
18.01,1.51,0.0,0.0,0.0
15.1,0.71,0.0,0.0,0.0
16.29,0.46,0.0,0.0,0.0
14.9,0.46,0.0,0.0,0.0
12.02,0.0,0.0,0.0,0.0
11.77,0.0,0.0,0.0,0.0
11.1,0.0,0.0,0.0,0.0
10.33,0.0,0.0,0.0,0.0
11.22,0.0,0.0,0.0,0.0
11.15,0.0,0.0,0.0,0.0
15.17,0.65,0.0,0.0,0.0
23.45,1.75,0.0,0.0,70.7288
46.59,3.23,0.0,0.0,270.813
47.34,3.5,2.07,0.0,397.19
41.49,3.59,11.34,0.0,532.737
48.61,4.27,24.35,0.0,634.322
48.53,5.12,27.55,0.0,638.254
54.49,4.86,27.36,0.0,560.373
43.8,3.05,25.69,0.0,456.895
39.19,2.97,21.89,0.0,301.631
41.21,3.95,17.39,0.0,117.476
32.84,2.34,10.72,0.0,0.0
19.43,1.88,7.7,0.0,0.0
18.43,1.36,6.92,0.0,0.0
17.79,1.52,0.84,0.0,0.0
14.28,0.72,0.0,0.0,0.0
15.39,0.46,0.0,0.0,0.0
16.54,0.46,0.0,0.0,0.0
12.57,0.0,0.0,0.0,0.0
12.54,0.0,0.0,0.0,0.0
12.78,0.0,0.0,0.0,0.0
13.67,0.0,0.0,0.0,0.0
13.44,0.0,0.0,0.0,0.0
13.8,0.0,0.0,0.0,0.0
15.9,0.65,0.0,0.0,0.0
24.84,1.75,0.0,0.0,99.544
59.35,3.23,9.46,0.0,339.341
53.0,3.51,25.63,0.0,545.284
50.46,3.6,34.25,0.0,633.4830000000001
52.58,4.28,41.31,0.0,624.461
47.7,5.13,39.16,0.0,671.475
48.02,4.87,38.87,0.0,647.1569999999999
44.34,3.06,33.92,0.0,548.8430000000001
39.98,2.97,33.52,0.0,418.345
51.3,3.96,30.25,0.0,210.799
41.44,2.34,18.06,0.0,0.0
22.03,1.88,8.73,0.0,0.0
18.46,1.37,1.5,0.0,0.0
17.57,1.53,0.0,0.0,0.0
14.26,0.72,0.0,0.0,0.0
14.72,0.46,0.0,0.0,0.0
16.66,0.46,0.0,0.0,0.0
9.34,0.0,0.0,0.0,0.0
10.07,0.0,0.0,0.0,0.0
10.71,0.0,0.0,0.0,0.0
10.07,0.0,0.0,0.0,0.0
10.37,0.0,0.0,0.0,0.0
9.4,0.0,0.0,0.0,0.0
17.02,0.65,0.0,0.0,0.0
21.68,1.02,0.52,0.0,86.9596
23.38,1.39,13.65,0.0,323.819
25.31,1.94,32.98,0.0,519.665
22.21,1.76,49.76,0.0,659.044
27.27,2.13,58.54,0.0,766.203
22.0,1.85,57.93,0.0,747.816
19.52,1.76,59.66,0.0,685.317
17.37,1.39,66.48,0.0,596.9490000000001
14.42,1.2,67.32,0.0,427.756
16.4,1.29,56.38,0.0,197.433
15.76,0.65,42.6,0.0,0.0
13.46,0.65,0.0,0.0,0.0
11.18,0.0,0.0,0.0,0.0
11.6,0.0,0.0,0.0,0.0
11.6,0.0,0.0,0.0,0.0
11.6,0.0,0.0,0.0,0.0
11.6,0.0,0.0,0.0,0.0
11.32,0.0,0.0,0.0,0.0
11.6,0.0,0.0,0.0,0.0
11.6,0.0,0.0,0.0,0.0
11.6,0.0,0.0,0.0,0.0
11.43,0.0,0.0,0.0,0.0
11.6,0.0,0.0,0.0,0.0
13.98,0.37,0.0,0.0,0.0
14.17,0.37,0.0,0.0,112.392
13.41,0.37,2.51,0.0,359.569
14.18,0.37,15.37,0.0,557.754
14.32,0.37,31.23,0.0,679.997
14.05,0.56,44.25,0.0,729.9680000000001
14.37,0.56,38.54,0.0,732.1510000000001
14.37,0.83,47.4,0.0,678.826
13.32,0.56,52.89,0.0,602.701
14.24,0.37,35.89,0.0,412.648
14.37,0.37,26.7,0.0,198.351
14.37,0.37,0.0,0.0,0.0
11.6,0.0,0.0,0.0,0.0
10.57,0.0,0.0,0.0,0.0
9.76,0.0,0.0,0.0,0.0
9.56,0.0,0.0,0.0,0.0
10.35,0.0,0.0,0.0,0.0
10.82,0.0,0.0,0.0,0.0
13.09,0.0,0.0,0.0,0.0
12.25,0.0,0.0,0.0,0.0
12.15,0.0,0.0,0.0,0.0
13.39,0.0,0.0,0.0,0.0
12.63,0.0,0.0,0.0,0.0
13.01,0.0,0.0,0.0,0.0
16.29,0.65,24.87,0.0,0.0
25.28,1.76,38.45,0.0,64.7856
59.01,3.25,69.43,0.0,254.482
53.42,3.52,87.22,0.0,418.951
47.38,3.62,99.28,0.0,548.581
48.39,4.33,112.13,0.0,641.429
51.03,5.15,124.01,0.0,700.047
50.61,4.89,129.97,0.0,707.46
45.02,3.07,130.75,0.0,587.05
46.05,2.98,130.31,0.0,416.296
54.68,3.98,118.16,0.0,194.973
40.19,2.35,99.49,0.0,0.0
19.83,1.9,92.06,0.0,0.0
18.37,1.36,88.59,0.0,0.0
17.05,1.52,83.92,0.0,0.0
14.21,0.72,77.99,0.0,0.0
16.28,0.46,0.0,0.0,0.0
15.1,0.46,0.0,0.0,0.0
11.21,0.0,0.0,0.0,0.0
12.12,0.0,0.0,0.0,0.0
11.61,0.0,0.0,0.0,0.0
12.57,0.0,0.0,0.0,0.0
12.23,0.0,0.0,0.0,0.0
12.95,0.0,0.0,0.0,0.0
16.46,0.65,17.93,0.0,0.0
28.56,1.76,16.87,0.0,90.9263
59.1,3.25,22.95,0.0,341.161
55.52,3.53,32.52,0.0,537.5790000000001
48.76,3.62,38.5,0.0,679.047
50.96,4.3,43.14,0.0,778.165
57.03,5.16,46.05,0.0,772.066
53.39,4.9,51.73,0.0,744.0989999999999
48.44,3.08,56.14,0.0,642.503
44.86,2.99,53.27,0.0,457.903
54.5,3.99,40.78,0.0,216.265
43.28,2.35,25.08,0.0,0.0
21.79,1.91,17.7,0.0,0.0
20.16,1.35,13.87,0.0,0.0
19.72,1.52,11.92,0.0,0.0
16.07,0.72,8.8,0.0,0.0
16.11,0.46,0.0,0.0,0.0
14.48,0.46,0.0,0.0,0.0
12.33,0.0,0.0,0.0,0.0
12.15,0.0,0.0,0.0,0.0
11.58,0.0,0.0,0.0,0.0
11.21,0.0,0.0,0.0,0.0
12.29,0.0,0.0,0.0,0.0
10.78,0.0,0.0,0.0,0.0
14.42,0.65,0.0,0.0,0.0
28.4,1.77,0.0,0.0,85.0623
61.7,3.26,0.0,0.0,310.457
45.78,3.53,0.0,0.0,478.387
45.74,3.63,5.64,0.0,582.996
53.72,4.3,17.7,0.0,621.611
53.65,5.17,18.65,0.0,663.7869999999999
47.87,4.9,23.05,0.0,650.625
49.31,3.08,19.37,0.0,523.737
46.83,3.0,14.81,0.0,406.9
47.92,3.99,7.6,0.0,176.61900000000003
36.97,2.35,1.02,0.0,0.0
20.42,1.91,0.0,0.0,0.0
17.45,1.34,0.0,0.0,0.0
17.43,1.53,0.0,0.0,0.0
15.76,0.74,0.0,0.0,0.0
15.35,0.47,0.0,0.0,0.0
16.94,0.47,0.0,0.0,0.0
14.48,0.0,0.0,0.0,0.0
15.46,0.0,0.0,0.0,0.0
15.46,0.0,0.0,0.0,0.0
15.46,0.0,0.0,0.0,0.0
15.46,0.0,0.0,0.0,0.0
15.46,0.0,0.0,0.0,0.0
18.66,0.65,0.0,0.0,0.0
33.26,1.77,3.22,0.0,61.8001
70.91,3.26,18.5,0.0,249.999
60.44,3.54,42.17,0.0,424.364
58.02,3.63,61.98,0.0,545.717
60.44,4.33,70.48,0.0,622.836
58.54,5.18,72.38,0.0,611.251
61.63,4.91,81.42,0.0,547.729
53.19,3.09,79.09,0.0,396.423
52.88,3.0,71.33,0.0,250.53
59.5,3.99,61.14,0.0,82.6978
41.92,2.37,54.93,0.0,0.0
18.46,1.9,44.45,0.0,0.0
17.18,1.39,33.15,0.0,0.0
15.84,1.55,29.13,0.0,0.0
13.7,0.73,28.4,0.0,0.0
13.68,0.47,0.0,0.0,0.0
16.35,0.47,0.0,0.0,0.0
12.91,0.0,0.0,0.0,0.0
13.39,0.0,0.0,0.0,0.0
12.61,0.0,0.0,0.0,0.0
11.52,0.0,0.0,0.0,0.0
11.89,0.0,0.0,0.0,0.0
11.93,0.0,0.0,0.0,0.0
15.48,0.65,15.69,0.0,0.0
30.11,1.77,12.78,0.0,42.2034
58.07,3.27,11.77,0.0,176.917
47.8,3.55,10.63,0.0,276.577
44.52,3.64,4.55,0.0,355.495
41.21,4.32,4.19,0.0,413.359
42.96,5.18,1.77,0.0,405.167
44.57,4.92,0.0,0.0,384.17800000000005
49.44,3.09,0.0,0.0,320.029
44.6,3.0,0.0,0.0,196.92
47.9,4.0,0.0,0.0,62.8086
38.58,2.36,0.0,0.0,0.0
18.55,1.91,0.0,0.0,0.0
16.83,1.36,0.0,0.0,0.0
18.83,1.53,0.0,0.0,0.0
15.45,0.75,0.0,0.0,0.0
14.08,0.47,0.0,0.0,0.0
14.7,0.47,0.0,0.0,0.0
9.66,0.0,0.0,0.0,0.0
9.04,0.0,0.0,0.0,0.0
9.6,0.0,0.0,0.0,0.0
9.08,0.0,0.0,0.0,0.0
9.61,0.0,0.0,0.0,0.0
10.04,0.0,0.0,0.0,0.0
17.04,0.65,0.0,0.0,0.0
21.39,1.03,0.0,0.0,42.6924
25.44,1.4,0.0,0.0,181.628
24.23,1.96,0.0,0.0,292.467
22.37,1.78,0.0,0.0,391.961
23.05,2.15,0.0,0.0,468.78
16.68,1.87,0.0,0.0,469.601
14.17,1.78,0.0,0.0,412.208
12.7,1.4,0.0,0.0,337.68800000000005
13.65,1.21,0.0,0.0,203.848
14.02,1.31,0.0,0.0,68.8189
13.85,0.65,0.0,0.0,0.0
12.95,0.65,0.0,0.0,0.0
11.32,0.0,0.0,0.0,0.0
11.03,0.0,0.0,0.0,0.0
9.79,0.0,0.0,0.0,0.0
9.99,0.0,0.0,0.0,0.0
10.07,0.0,0.0,0.0,0.0
8.78,0.0,0.0,0.0,0.0
9.67,0.0,0.0,0.0,0.0
9.99,0.0,0.0,0.0,0.0
9.61,0.0,0.0,0.0,0.0
8.98,0.0,0.0,0.0,0.0
10.23,0.0,0.0,0.0,0.0
12.28,0.37,0.0,0.0,0.0
12.81,0.37,0.0,0.0,39.0899
12.15,0.37,0.0,0.0,177.757
12.44,0.37,0.0,0.0,276.42900000000003
13.42,0.37,0.0,0.0,347.305
14.2,0.56,0.0,0.0,429.45
14.37,0.56,0.0,0.0,545.163
14.29,0.84,0.0,0.0,453.878
14.37,0.56,0.0,0.0,359.086
13.94,0.37,0.0,0.0,278.666
12.49,0.37,0.0,0.0,111.617
11.03,0.37,0.0,0.0,0.0
9.53,0.0,0.0,0.0,0.0
8.76,0.0,0.0,0.0,0.0
7.87,0.0,0.0,0.0,0.0
7.52,0.0,0.0,0.0,0.0
9.07,0.0,0.0,0.0,0.0
9.8,0.0,0.0,0.0,0.0
14.12,0.0,0.0,0.0,0.0
14.39,0.0,0.0,0.0,0.0
14.35,0.0,0.0,0.0,0.0
14.4,0.0,0.0,0.0,0.0
14.27,0.0,0.0,0.0,0.0
13.85,0.0,0.0,0.0,0.0
17.14,0.66,30.8,0.0,0.0
29.6,1.78,38.97,0.0,66.1042
57.42,3.28,65.83,0.0,254.796
43.76,3.56,85.93,0.0,457.987
41.94,3.65,107.32,0.0,634.495
44.62,4.38,123.15,0.0,618.113
52.76,5.21,137.7,0.0,724.538
53.4,4.93,141.45,0.0,704.314
46.32,3.11,140.83,0.0,591.099
49.81,3.02,134.14,0.0,362.456
56.35,4.02,121.66,0.0,134.07
45.4,2.37,109.5,0.0,0.0
23.47,1.93,101.88,0.0,0.0
18.24,1.35,98.86,0.0,0.0
19.37,1.56,98.45,0.0,0.0
18.99,0.74,96.49,0.0,0.0
17.24,0.47,0.0,0.0,0.0
16.75,0.47,0.0,0.0,0.0
11.98,0.0,0.0,0.0,0.0
11.99,0.0,0.0,0.0,0.0
11.25,0.0,0.0,0.0,0.0
10.83,0.0,0.0,0.0,0.0
11.37,0.0,0.0,0.0,0.0
11.42,0.0,0.0,0.0,0.0
16.35,0.66,96.99,0.0,0.0
25.07,1.78,96.9,0.0,74.6016
61.2,3.28,112.79,0.0,272.871
45.46,3.56,126.44,0.0,433.687
46.45,3.66,126.25,0.0,467.402
50.85,4.35,131.01,0.0,468.259
50.85,5.22,139.99,0.0,491.69
51.1,4.95,155.81,0.0,512.063
42.16,3.11,150.12,0.0,401.594
38.67,3.02,139.43,0.0,231.703
47.07,4.03,119.04,0.0,58.7081
35.25,2.37,93.55,0.0,0.0
19.31,1.93,75.68,0.0,0.0
16.75,1.36,78.27,0.0,0.0
18.19,1.54,74.78,0.0,0.0
14.91,0.75,73.2,0.0,0.0
15.8,0.47,0.0,0.0,0.0
14.05,0.47,0.0,0.0,0.0
10.51,0.0,0.0,0.0,0.0
10.13,0.0,0.0,0.0,0.0
9.89,0.0,0.0,0.0,0.0
10.52,0.0,0.0,0.0,0.0
11.36,0.0,0.0,0.0,0.0
12.8,0.0,0.0,0.0,0.0
14.34,0.66,0.0,0.0,0.0
28.93,1.78,0.0,0.0,75.2053
63.56,3.29,0.0,0.0,306.067
54.08,3.57,0.0,0.0,508.253
49.29,3.66,0.86,0.0,659.002
53.39,4.36,10.58,0.0,791.7869999999999
54.4,5.23,9.41,0.0,785.7410000000001
53.31,4.95,10.78,0.0,712.63
45.7,3.12,5.32,0.0,583.95
40.53,3.02,1.62,0.0,386.409
50.92,4.03,0.0,0.0,154.278
37.91,2.38,0.0,0.0,0.0
19.33,1.92,0.0,0.0,0.0
17.62,1.37,0.0,0.0,0.0
16.49,1.53,0.0,0.0,0.0
15.73,0.73,0.0,0.0,0.0
17.12,0.47,0.0,0.0,0.0
15.88,0.47,0.0,0.0,0.0
10.13,0.0,0.0,0.0,0.0
10.73,0.0,0.0,0.0,0.0
9.72,0.0,0.0,0.0,0.0
8.95,0.0,0.0,0.0,0.0
9.98,0.0,0.0,0.0,0.0
10.29,0.0,0.0,0.0,0.0
12.7,0.38,0.0,0.0,0.0
13.57,0.38,0.0,0.0,79.0335
13.58,0.38,0.0,0.0,325.0
13.19,0.38,0.0,0.0,545.262
13.2,0.38,0.0,0.0,674.55
13.0,0.56,0.0,0.0,741.8960000000001
11.84,0.56,4.0,0.0,679.6030000000001
11.36,0.85,6.11,0.0,686.393
12.7,0.56,6.32,0.0,584.158
11.71,0.38,4.66,0.0,386.042
12.45,0.38,0.0,0.0,145.09
11.13,0.38,0.0,0.0,0.0
8.35,0.0,0.0,0.0,0.0
8.64,0.0,0.0,0.0,0.0
9.7,0.0,0.0,0.0,0.0
9.95,0.0,0.0,0.0,0.0
9.94,0.0,0.0,0.0,0.0
9.99,0.0,0.0,0.0,0.0
11.59,0.0,0.0,0.0,0.0
12.59,0.0,0.0,0.0,0.0
13.09,0.0,0.0,0.0,0.0
11.9,0.0,0.0,0.0,0.0
11.03,0.0,0.0,0.0,0.0
12.62,0.0,0.0,0.0,0.0
17.33,0.66,0.0,0.0,0.0
31.98,1.79,0.56,0.0,58.5835
60.89,3.3,17.14,0.0,250.55
46.09,3.58,44.62,0.0,430.777
41.71,3.67,59.01,0.0,525.234
40.06,4.39,78.05,0.0,627.605
47.82,5.24,74.41,0.0,597.446
45.39,4.95,71.95,0.0,543.107
49.78,3.12,67.83,0.0,395.22
45.73,3.03,64.57,0.0,257.336
48.8,4.04,58.21,0.0,95.6537
38.57,2.39,50.22,0.0,0.0
20.43,1.92,45.92,0.0,0.0
16.35,1.38,44.76,0.0,0.0
16.29,1.57,46.99,0.0,0.0
16.05,0.74,51.02,0.0,0.0
17.23,0.47,0.0,0.0,0.0
17.62,0.47,0.0,0.0,0.0
9.44,0.0,0.0,0.0,0.0
9.8,0.0,0.0,0.0,0.0
9.8,0.0,0.0,0.0,0.0
9.47,0.0,0.0,0.0,0.0
9.93,0.0,0.0,0.0,0.0
10.68,0.0,0.0,0.0,0.0
16.48,0.66,77.52,0.0,0.0
21.49,1.04,75.57,0.0,35.1275
21.84,1.41,79.76,0.0,162.803
26.61,1.98,85.87,0.0,278.064
27.91,1.79,89.16,0.0,387.86
26.75,2.17,93.34,0.0,456.722
20.69,1.89,96.55,0.0,433.525
19.43,1.79,98.78,0.0,399.403
15.91,1.41,100.26,0.0,317.881
13.45,1.23,99.75,0.0,193.816
14.62,1.32,100.24,0.0,57.3495
12.61,0.66,100.31,0.0,0.0
10.91,0.66,0.0,0.0,0.0
10.06,0.0,0.0,0.0,0.0
10.16,0.0,0.0,0.0,0.0
10.38,0.0,0.0,0.0,0.0
10.54,0.0,0.0,0.0,0.0
11.05,0.0,0.0,0.0,0.0
9.99,0.0,0.0,0.0,0.0
9.19,0.0,0.0,0.0,0.0
9.01,0.0,0.0,0.0,0.0
9.74,0.0,0.0,0.0,0.0
8.45,0.0,0.0,0.0,0.0
9.44,0.0,0.0,0.0,0.0
10.47,0.38,0.0,0.0,0.0
11.71,0.38,0.0,0.0,0.0
12.46,0.38,0.0,0.0,156.944
11.44,0.38,0.0,0.0,236.53
12.11,0.38,0.0,0.0,322.402
12.58,0.57,0.0,0.0,402.35
13.37,0.57,0.0,0.0,417.882
13.23,0.85,0.0,0.0,349.83
13.27,0.57,0.0,0.0,307.378
13.93,0.38,0.0,0.0,187.4
13.17,0.38,0.0,0.0,62.5108
14.27,0.38,0.0,0.0,0.0
11.6,0.0,0.0,0.0,0.0
11.6,0.0,0.0,0.0,0.0
10.97,0.0,0.0,0.0,0.0
10.46,0.0,0.0,0.0,0.0
10.89,0.0,0.0,0.0,0.0
9.58,0.0,0.0,0.0,0.0
13.51,0.0,0.0,0.0,0.0
12.7,0.0,0.0,0.0,0.0
12.53,0.0,0.0,0.0,0.0
13.33,0.0,0.0,0.0,0.0
13.68,0.0,0.0,0.0,0.0
14.45,0.0,0.0,0.0,0.0
18.62,0.66,6.02,0.0,0.0
29.77,1.79,6.52,0.0,0.0
63.35,3.31,14.3,0.0,197.768
47.01,3.59,18.76,0.0,350.737
40.29,3.68,24.17,0.0,472.285
51.13,4.41,40.28,0.0,567.891
52.15,5.25,54.33,0.0,588.876
48.41,4.97,55.61,0.0,521.967
47.38,3.14,45.21,0.0,364.241
49.49,3.04,38.82,0.0,219.655
50.79,4.05,37.97,0.0,78.1488
38.52,2.4,37.48,0.0,0.0
19.87,1.93,37.62,0.0,0.0
19.08,1.4,32.92,0.0,0.0
20.58,1.57,26.39,0.0,0.0
18.46,0.74,24.48,0.0,0.0
17.4,0.47,0.0,0.0,0.0
16.56,0.47,0.0,0.0,0.0
13.54,0.0,0.0,0.0,0.0
13.5,0.0,0.0,0.0,0.0
14.6,0.0,0.0,0.0,0.0
15.02,0.0,0.0,0.0,0.0
15.46,0.0,0.0,0.0,0.0
15.46,0.0,0.0,0.0,0.0
19.16,0.66,0.0,0.0,0.0
33.26,1.8,0.0,0.0,0.0
70.91,3.31,0.0,0.0,177.89
60.44,3.59,0.0,0.0,286.035
57.32,3.69,0.0,0.0,386.578
59.93,4.38,0.0,0.0,456.82
57.96,5.26,0.0,0.0,465.163
58.89,4.98,0.0,0.0,433.215
56.93,3.14,0.0,0.0,340.25199999999995
58.02,3.04,0.0,0.0,209.614
61.64,4.06,0.0,0.0,67.8542
47.1,2.41,0.0,0.0,0.0
21.82,1.93,0.0,0.0,0.0
20.16,1.4,0.0,0.0,0.0
19.27,1.57,0.0,0.0,0.0
18.52,0.74,0.0,0.0,0.0
19.16,0.47,0.0,0.0,0.0
19.16,0.47,0.0,0.0,0.0
15.27,0.0,0.0,0.0,0.0
15.46,0.0,0.0,0.0,0.0
15.15,0.0,0.0,0.0,0.0
15.4,0.0,0.0,0.0,0.0
14.13,0.0,0.0,0.0,0.0
14.07,0.0,0.0,0.0,0.0
16.54,0.66,0.0,0.0,0.0
26.19,1.8,0.0,0.0,0.0
58.37,3.31,0.0,0.0,285.288
53.79,3.6,0.0,0.0,465.932
47.34,3.69,0.0,0.0,602.877
47.14,4.38,0.0,0.0,716.6239999999999
51.76,5.27,0.0,0.0,720.6030000000001
45.98,4.99,0.0,0.0,669.045
45.78,3.14,0.0,0.0,584.414
48.85,3.05,0.0,0.0,421.448
49.76,4.06,0.0,0.0,209.158
39.95,2.41,0.0,0.0,0.0
17.74,1.93,0.0,0.0,0.0
14.99,1.4,0.0,0.0,0.0
17.2,1.57,0.0,0.0,0.0
17.43,0.74,0.0,0.0,0.0
15.31,0.47,0.0,0.0,0.0
14.69,0.47,0.0,0.0,0.0
8.84,0.0,0.0,0.0,0.0
8.42,0.0,0.0,0.0,0.0
8.36,0.0,0.0,0.0,0.0
9.91,0.0,0.0,0.0,0.0
9.44,0.0,0.0,0.0,0.0
10.45,0.0,0.0,0.0,0.0
11.24,0.38,0.0,0.0,0.0
12.73,0.38,0.0,0.0,0.0
13.3,0.38,0.0,0.0,66.2155
12.49,0.38,0.0,0.0,88.5682
12.76,0.38,0.0,0.0,122.061
12.61,0.57,0.0,0.0,169.085
13.72,0.57,0.0,0.0,181.965
14.07,0.85,0.0,0.0,130.084
12.81,0.57,0.0,0.0,100.007
13.65,0.38,0.0,0.0,94.2842
14.22,0.38,0.0,0.0,18.5143
14.37,0.38,0.0,0.0,0.0
11.55,0.0,0.0,0.0,0.0
11.6,0.0,0.0,0.0,0.0
11.0,0.0,0.0,0.0,0.0
9.71,0.0,0.0,0.0,0.0
8.74,0.0,0.0,0.0,0.0
9.63,0.0,0.0,0.0,0.0
11.96,0.0,0.0,0.0,0.0
11.4,0.0,0.0,0.0,0.0
12.82,0.0,0.0,0.0,0.0
14.13,0.0,0.0,0.0,0.0
13.45,0.0,0.0,0.0,0.0
12.88,0.0,0.0,0.0,0.0
17.13,0.66,48.37,0.0,0.0
31.65,1.8,56.89,0.0,0.0
70.91,3.32,68.9,0.0,118.85
60.44,3.6,79.46,0.0,244.782
52.7,3.7,91.36,0.0,335.30400000000003
59.21,4.42,98.83,0.0,361.371
61.69,5.28,104.29,0.0,385.903
62.45,5.0,107.33,0.0,346.356
58.02,3.15,107.32,0.0,259.79
56.86,3.05,107.44,0.0,142.129
59.96,4.07,104.8,0.0,16.0139
45.17,2.41,101.13,0.0,0.0
20.35,1.94,96.97,0.0,0.0
19.2,1.4,94.35,0.0,0.0
18.18,1.56,91.86,0.0,0.0
15.82,0.74,88.94,0.0,0.0
14.63,0.47,0.0,0.0,0.0
15.47,0.47,0.0,0.0,0.0
8.89,0.0,0.0,0.0,0.0
8.84,0.0,0.0,0.0,0.0
8.69,0.0,0.0,0.0,0.0
9.17,0.0,0.0,0.0,0.0
9.63,0.0,0.0,0.0,0.0
8.77,0.0,0.0,0.0,0.0
15.78,0.66,93.55,0.0,0.0
21.39,1.04,94.13,0.0,0.0
24.84,1.42,98.14,0.0,83.2981
24.05,1.99,103.49,0.0,243.318
22.34,1.8,107.15,0.0,101.373
24.63,2.18,107.86,0.0,177.67700000000002
16.88,1.9,113.03,0.0,239.741
17.14,1.8,117.65,0.0,366.935
15.77,1.42,116.13,0.0,289.004
14.0,1.23,114.59,0.0,95.1361
15.02,1.33,113.0,0.0,22.2764
14.32,0.66,111.13,0.0,0.0
12.69,0.66,0.0,0.0,0.0
10.94,0.0,0.0,0.0,0.0
10.64,0.0,0.0,0.0,0.0
9.91,0.0,0.0,0.0,0.0
10.78,0.0,0.0,0.0,0.0
9.84,0.0,0.0,0.0,0.0
10.29,0.0,0.0,0.0,0.0
10.86,0.0,0.0,0.0,0.0
10.33,0.0,0.0,0.0,0.0
9.39,0.0,0.0,0.0,0.0
9.16,0.0,0.0,0.0,0.0
10.33,0.0,0.0,0.0,0.0
12.04,0.38,0.0,0.0,0.0
11.78,0.38,0.0,0.0,0.0
11.95,0.38,0.0,0.0,193.319
10.45,0.38,0.0,0.0,297.536
11.58,0.38,0.0,0.0,429.682
12.48,0.57,0.0,0.0,514.38
13.46,0.57,0.0,0.0,496.544
14.33,0.86,0.0,0.0,447.792
13.19,0.57,0.0,0.0,336.082
12.96,0.38,0.0,0.0,258.86
13.5,0.38,0.0,0.0,30.1783
11.94,0.38,0.0,0.0,0.0
10.23,0.0,0.0,0.0,0.0
9.39,0.0,0.0,0.0,0.0
9.56,0.0,0.0,0.0,0.0
8.32,0.0,0.0,0.0,0.0
9.54,0.0,0.0,0.0,0.0
9.37,0.0,0.0,0.0,0.0
13.96,0.0,0.0,0.0,0.0
13.5,0.0,0.0,0.0,0.0
14.58,0.0,0.0,0.0,0.0
14.21,0.0,0.0,0.0,0.0
14.24,0.0,0.0,0.0,0.0
14.94,0.0,0.0,0.0,0.0
18.54,0.67,0.0,0.0,0.0
33.02,1.81,0.0,0.0,0.0
69.87,3.33,0.0,0.0,228.462
60.44,3.61,0.0,0.0,482.604
52.93,3.71,0.0,0.0,638.127
59.59,4.43,0.0,0.0,718.189
61.69,5.29,0.0,0.0,740.174
62.45,5.01,0.0,0.0,663.7560000000001
58.02,3.16,0.0,0.0,445.89
54.17,3.06,0.0,0.0,358.80300000000005
56.39,4.08,0.0,0.0,93.2714
40.25,2.42,0.0,0.0,0.0
18.17,1.95,0.0,0.0,0.0
15.47,1.4,0.0,0.0,0.0
17.05,1.56,0.0,0.0,0.0
17.18,0.74,0.0,0.0,0.0
15.5,0.47,0.0,0.0,0.0
16.59,0.48,0.0,0.0,0.0
12.74,0.0,0.0,0.0,0.0
11.32,0.0,0.0,0.0,0.0
12.93,0.0,0.0,0.0,0.0
13.63,0.0,0.0,0.0,0.0
14.39,0.0,0.0,0.0,0.0
15.3,0.0,0.0,0.0,0.0
18.6,0.67,0.0,0.0,0.0
29.61,1.81,0.0,0.0,0.0
60.04,3.33,0.0,0.0,253.593
56.16,3.62,0.0,0.0,456.231
57.48,3.71,1.69,0.0,594.612
54.87,4.39,4.64,0.0,633.702
48.76,5.3,16.83,0.0,694.791
45.61,5.02,22.09,0.0,664.15
49.23,3.16,23.13,0.0,569.039
48.87,3.07,25.62,0.0,416.919
51.71,4.09,20.17,0.0,190.811
38.47,2.41,8.64,0.0,8.46422
17.5,1.95,0.41,0.0,0.0
16.06,1.38,0.0,0.0,0.0
18.11,1.57,0.0,0.0,0.0
16.03,0.76,0.0,0.0,0.0
17.26,0.48,0.0,0.0,0.0
15.42,0.48,0.0,0.0,0.0
12.96,0.0,0.0,0.0,0.0
11.65,0.0,0.0,0.0,0.0
11.64,0.0,0.0,0.0,0.0
11.6,0.0,0.0,0.0,0.0
13.15,0.0,0.0,0.0,0.0
13.21,0.0,0.0,0.0,0.0
17.43,0.67,0.0,0.0,0.0
26.9,1.81,0.0,0.0,0.0
58.69,3.33,0.0,0.0,190.207
47.38,3.62,0.0,0.0,281.108
44.31,3.72,0.0,0.0,433.93
47.99,4.42,0.0,0.0,479.802
55.24,5.3,1.51,0.0,613.192
60.42,5.02,9.17,0.0,636.347
55.39,3.16,11.11,0.0,589.915
54.39,3.07,7.53,0.0,430.831
61.64,4.09,0.74,0.0,201.074
48.93,2.42,0.0,0.0,8.91809
23.41,1.94,0.0,0.0,0.0
18.34,1.41,0.0,0.0,0.0
17.16,1.58,0.0,0.0,0.0
16.43,0.74,0.0,0.0,0.0
15.1,0.48,0.0,0.0,0.0
13.45,0.48,0.0,0.0,0.0
11.36,0.0,0.0,0.0,0.0
11.67,0.0,0.0,0.0,0.0
12.16,0.0,0.0,0.0,0.0
12.04,0.0,0.0,0.0,0.0
11.82,0.0,0.0,0.0,0.0
12.98,0.0,0.0,0.0,0.0
13.97,0.67,0.0,0.0,0.0
26.19,1.81,0.0,0.0,0.0
58.96,3.34,0.0,0.0,290.043
44.1,3.62,0.0,0.0,500.889
46.68,3.72,0.0,0.0,649.646
49.08,4.4,0.0,0.0,679.12
52.96,5.3,0.0,0.0,584.0740000000001
54.62,5.03,0.0,0.0,715.954
48.54,3.16,0.0,0.0,623.563
43.72,3.07,0.0,0.0,399.807
51.87,4.09,0.0,0.0,52.7081
42.07,2.42,0.0,0.0,0.0
18.05,1.96,0.0,0.0,0.0
17.92,1.39,0.0,0.0,0.0
17.06,1.57,0.0,0.0,0.0
14.5,0.76,0.0,0.0,0.0
16.04,0.48,0.0,0.0,0.0
17.26,0.48,0.0,0.0,0.0
12.66,0.0,0.0,0.0,0.0
13.56,0.0,0.0,0.0,0.0
14.01,0.0,0.0,0.0,0.0
13.78,0.0,0.0,0.0,0.0
14.1,0.0,0.0,0.0,0.0
14.07,0.0,0.0,0.0,0.0
16.21,0.67,0.0,0.0,0.0
28.93,1.81,0.0,0.0,0.0
53.5,3.34,0.0,0.0,100.51
46.38,3.63,0.0,0.0,177.81400000000002
45.45,3.72,0.0,0.0,187.577
48.68,4.42,0.0,0.0,270.422
43.52,5.31,0.0,0.0,209.141
52.64,5.02,0.0,0.0,314.863
44.78,3.17,0.0,0.0,173.168
41.23,3.07,0.0,0.0,58.0783
45.61,4.09,0.0,0.0,26.6409
37.6,2.43,0.0,0.0,0.0
17.03,1.95,0.0,0.0,0.0
16.82,1.41,0.0,0.0,0.0
18.32,1.58,0.0,0.0,0.0
15.65,0.74,0.0,0.0,0.0
16.84,0.48,0.0,0.0,0.0
14.93,0.48,0.0,0.0,0.0
8.8,0.0,0.0,0.0,0.0
10.01,0.0,0.0,0.0,0.0
9.23,0.0,0.0,0.0,0.0
10.22,0.0,0.0,0.0,0.0
8.97,0.0,0.0,0.0,0.0
9.73,0.0,0.0,0.0,0.0
17.29,0.67,0.0,0.0,0.0
23.23,1.05,0.0,0.0,0.0
24.39,1.43,0.0,0.0,259.786
23.64,2.0,0.0,0.0,418.861
22.22,1.81,0.0,0.0,470.932
22.63,2.2,0.0,0.0,516.625
17.42,1.91,0.0,0.0,588.29
15.92,1.81,0.0,0.0,546.492
15.34,1.43,0.0,0.0,462.771
14.14,1.24,0.0,0.0,185.974
15.36,1.34,0.0,0.0,44.5772
15.2,0.67,0.0,0.0,0.0
12.18,0.67,0.0,0.0,0.0
10.04,0.0,0.0,0.0,0.0
9.76,0.0,0.0,0.0,0.0
8.91,0.0,0.0,0.0,0.0
9.97,0.0,0.0,0.0,0.0
8.86,0.0,0.0,0.0,0.0
9.38,0.0,0.0,0.0,0.0
9.24,0.0,0.0,0.0,0.0
8.85,0.0,0.0,0.0,0.0
9.43,0.0,0.0,0.0,0.0
8.54,0.0,0.0,0.0,0.0
9.73,0.0,0.0,0.0,0.0
12.43,0.38,0.0,0.0,0.0
12.89,0.38,0.0,0.0,0.0
12.65,0.38,0.0,0.0,124.632
12.37,0.38,0.0,0.0,184.763
12.26,0.38,0.0,0.0,360.571
12.1,0.57,0.0,0.0,321.682
11.62,0.57,0.0,0.0,211.826
11.07,0.86,0.0,0.0,234.497
10.88,0.57,0.0,0.0,322.254
11.68,0.38,0.0,0.0,100.65
12.92,0.38,0.0,0.0,26.9641
13.08,0.38,0.0,0.0,0.0
9.75,0.0,0.0,0.0,0.0
10.64,0.0,0.0,0.0,0.0
9.76,0.0,0.0,0.0,0.0
8.85,0.0,0.0,0.0,0.0
8.66,0.0,0.0,0.0,0.0
9.96,0.0,0.0,0.0,0.0
13.42,0.0,0.0,0.0,0.0
13.0,0.0,0.0,0.0,0.0
12.32,0.0,0.0,0.0,0.0
11.01,0.0,0.0,0.0,0.0
10.91,0.0,0.0,0.0,0.0
12.32,0.0,0.0,0.0,0.0
14.68,0.67,52.88,0.0,0.0
23.21,1.82,54.83,0.0,0.0
51.14,3.35,61.31,0.0,105.766
49.01,3.63,73.68,0.0,126.398
47.43,3.73,79.52,0.0,192.316
50.15,4.45,81.95,0.0,381.034
54.58,5.32,87.93,0.0,607.806
50.89,5.04,87.3,0.0,466.981
42.36,3.17,82.15,0.0,151.974
49.56,3.08,81.67,0.0,335.961
48.6,4.1,72.77,0.0,195.225
40.52,2.42,57.32,0.0,12.3741
20.38,1.96,52.0,0.0,0.0
16.32,1.39,41.73,0.0,0.0
14.88,1.58,31.26,0.0,0.0
14.87,0.76,25.11,0.0,0.0
14.2,0.48,0.0,0.0,0.0
15.58,0.48,0.0,0.0,0.0
12.24,0.0,0.0,0.0,0.0
10.89,0.0,0.0,0.0,0.0
12.69,0.0,0.0,0.0,0.0
11.53,0.0,0.0,0.0,0.0
11.66,0.0,0.0,0.0,0.0
12.0,0.0,0.0,0.0,0.0
15.26,0.67,0.0,0.0,0.0
24.56,1.82,0.0,0.0,0.0
57.46,3.35,0.0,0.0,118.705
45.73,3.63,0.0,0.0,88.1507
49.04,3.73,0.0,0.0,133.088
44.85,4.43,0.0,0.0,173.955
45.9,5.32,0.0,0.0,254.249
50.81,5.04,0.0,0.0,277.98
48.04,3.18,0.0,0.0,178.71099999999998
43.57,3.08,0.0,0.0,121.586
42.92,4.11,0.0,0.0,49.8033
41.46,2.43,0.0,0.0,0.0
18.99,1.96,0.0,0.0,0.0
17.79,1.41,0.0,0.0,0.0
17.31,1.57,0.0,0.0,0.0
15.58,0.74,0.0,0.0,0.0
16.53,0.48,0.0,0.0,0.0
18.09,0.48,0.0,0.0,0.0
12.98,0.0,0.0,0.0,0.0
13.68,0.0,0.0,0.0,0.0
14.23,0.0,0.0,0.0,0.0
14.18,0.0,0.0,0.0,0.0
14.04,0.0,0.0,0.0,0.0
13.86,0.0,0.0,0.0,0.0
15.81,0.67,0.0,0.0,0.0
23.92,1.82,0.0,0.0,0.0
48.3,3.35,0.0,0.0,17.7123
42.99,3.64,0.0,0.0,54.3402
41.44,3.73,0.0,0.0,90.7877
42.5,4.42,0.0,0.0,112.907
51.62,5.32,0.0,0.0,146.675
49.8,5.05,0.0,0.0,133.04
47.76,3.17,0.0,0.0,109.145
49.22,3.08,0.0,0.0,105.171
49.89,4.11,0.0,0.0,40.5097
37.36,2.42,0.0,0.0,0.0
18.46,1.97,0.0,0.0,0.0
15.79,1.37,0.0,0.0,0.0
18.13,1.6,0.0,0.0,0.0
16.09,0.76,0.0,0.0,0.0
15.81,0.48,0.0,0.0,0.0
16.51,0.48,0.0,0.0,0.0
13.96,0.0,0.0,0.0,0.0
13.89,0.0,0.0,0.0,0.0
14.02,0.0,0.0,0.0,0.0
12.39,0.0,0.0,0.0,0.0
11.54,0.0,0.0,0.0,0.0
11.02,0.0,0.0,0.0,0.0
13.73,0.67,0.0,0.0,0.0
27.67,1.82,0.0,0.0,0.0
64.71,3.35,0.0,0.0,6.21945
51.07,3.64,0.0,0.0,16.6649
46.2,3.73,0.0,0.0,87.2074
46.06,4.43,0.0,0.0,68.5658
42.49,5.33,0.0,0.0,82.5177
46.37,5.05,0.0,0.0,118.685
41.38,3.18,0.0,0.0,64.902
40.18,3.08,0.0,0.0,89.8669
42.55,4.11,0.0,0.0,80.6845
35.83,2.43,0.0,0.0,0.25974
18.49,1.96,0.0,0.0,0.0
15.18,1.39,0.0,0.0,0.0
14.82,1.58,0.0,0.0,0.0
13.91,0.77,0.0,0.0,0.0
12.83,0.48,0.0,0.0,0.0
14.22,0.48,0.0,0.0,0.0
12.97,0.0,0.0,0.0,0.0
13.14,0.0,0.0,0.0,0.0
11.69,0.0,0.0,0.0,0.0
12.93,0.0,0.0,0.0,0.0
14.26,0.0,0.0,0.0,0.0
14.11,0.0,0.0,0.0,0.0
18.77,0.67,0.0,0.0,0.0
33.26,1.82,0.0,0.0,0.0
70.91,3.35,0.0,0.0,269.673
60.44,3.64,0.0,0.0,474.794
57.83,3.73,0.0,0.0,594.474
60.44,4.44,0.0,0.0,564.27
56.2,5.33,0.0,0.0,612.929
56.84,5.05,0.0,0.0,613.057
47.46,3.18,0.0,0.0,605.4169999999999
47.67,3.08,0.0,0.0,350.13699999999994
45.73,4.11,0.0,0.0,237.99400000000003
40.29,2.43,0.0,0.0,20.5657
21.14,1.96,0.0,0.0,0.0
19.11,1.41,0.0,0.0,0.0
19.48,1.57,0.0,0.0,0.0
19.16,0.74,0.0,0.0,0.0
18.2,0.48,0.0,0.0,0.0
17.38,0.48,0.0,0.0,0.0
11.27,0.0,0.0,0.0,0.0
10.2,0.0,0.0,0.0,0.0
10.47,0.0,0.0,0.0,0.0
9.84,0.0,0.0,0.0,0.0
9.44,0.0,0.0,0.0,0.0
9.72,0.0,0.0,0.0,0.0
10.51,0.38,0.0,0.0,0.0
10.59,0.38,0.0,0.0,0.0
11.4,0.38,0.0,0.0,258.548
11.0,0.38,0.0,0.0,435.302
10.26,0.38,0.0,0.0,593.252
10.94,0.57,0.0,0.0,518.3340000000001
12.32,0.57,14.85,0.0,695.3989999999999
12.49,0.86,5.05,0.0,383.469
12.38,0.57,6.75,0.0,587.394
11.23,0.38,0.0,0.0,364.619
12.52,0.38,0.0,0.0,230.88
11.23,0.38,0.0,0.0,20.571
9.88,0.0,0.0,0.0,0.0
9.74,0.0,0.0,0.0,0.0
10.32,0.0,0.0,0.0,0.0
9.54,0.0,0.0,0.0,0.0
9.52,0.0,0.0,0.0,0.0
8.75,0.0,0.0,0.0,0.0
8.43,0.0,0.0,0.0,0.0
7.88,0.0,0.0,0.0,0.0
9.65,0.0,0.0,0.0,0.0
9.36,0.0,0.0,0.0,0.0
9.45,0.0,0.0,0.0,0.0
9.62,0.0,0.0,0.0,0.0
12.58,0.38,0.0,0.0,0.0
12.58,0.38,0.0,0.0,0.0
10.9,0.38,0.0,0.0,204.415
11.37,0.38,0.0,0.0,393.833
10.35,0.38,0.0,0.0,577.156
10.67,0.58,0.0,0.0,581.466
10.8,0.58,18.7,0.0,710.34
11.63,0.86,26.37,0.0,683.5310000000001
12.84,0.58,22.4,0.0,592.307
12.94,0.38,24.58,0.0,445.013
12.45,0.38,5.5,0.0,233.291
10.88,0.38,0.0,0.0,22.9081
8.06,0.0,0.0,0.0,0.0
8.82,0.0,0.0,0.0,0.0
8.18,0.0,0.0,0.0,0.0
8.19,0.0,0.0,0.0,0.0
8.61,0.0,0.0,0.0,0.0
9.76,0.0,0.0,0.0,0.0
11.88,0.0,0.0,0.0,0.0
10.95,0.0,0.0,0.0,0.0
11.6,0.0,0.0,0.0,0.0
11.21,0.0,0.0,0.0,0.0
10.56,0.0,0.0,0.0,0.0
11.76,0.0,0.0,0.0,0.0
16.23,0.67,0.0,0.0,0.0
28.91,1.82,0.0,0.0,0.0
64.01,3.36,0.0,0.0,266.144
53.46,3.64,8.3,0.0,439.853
50.89,3.74,25.0,0.0,568.503
52.33,4.46,39.8,0.0,675.2669999999999
57.02,5.33,46.49,0.0,702.944
53.9,5.05,53.85,0.0,689.909
52.72,3.18,55.06,0.0,611.799
51.13,3.09,54.44,0.0,457.062
57.99,4.12,46.32,0.0,243.567
48.93,2.43,33.06,0.0,23.0102
24.0,1.97,23.42,0.0,0.0
20.14,1.38,16.03,0.0,0.0
20.77,1.6,7.42,0.0,0.0
19.16,0.76,0.91,0.0,0.0
19.16,0.48,0.0,0.0,0.0
17.8,0.48,0.0,0.0,0.0
15.38,0.0,0.0,0.0,0.0
14.87,0.0,0.0,0.0,0.0
15.46,0.0,0.0,0.0,0.0
14.74,0.0,0.0,0.0,0.0
15.12,0.0,0.0,0.0,0.0
15.06,0.0,0.0,0.0,0.0
17.7,0.67,0.0,0.0,0.0
30.45,1.82,0.0,0.0,0.0
60.03,3.36,9.1,0.0,247.078
53.45,3.64,33.42,0.0,431.283
47.11,3.74,52.98,0.0,563.87
53.37,4.44,62.94,0.0,628.861
55.31,5.34,67.08,0.0,669.209
52.81,5.05,72.58,0.0,656.617
44.29,3.18,70.74,0.0,575.399
41.81,3.09,69.25,0.0,428.155
50.51,4.12,62.09,0.0,219.275
35.92,2.43,41.87,0.0,22.1281
17.9,1.97,31.3,0.0,0.0
15.02,1.4,29.05,0.0,0.0
15.5,1.57,25.55,0.0,0.0
13.15,0.77,15.43,0.0,0.0
14.7,0.48,0.0,0.0,0.0
15.54,0.48,0.0,0.0,0.0
13.24,0.0,0.0,0.0,0.0
12.3,0.0,0.0,0.0,0.0
13.44,0.0,0.0,0.0,0.0
14.66,0.0,0.0,0.0,0.0
14.34,0.0,0.0,0.0,0.0
15.46,0.0,0.0,0.0,0.0
18.67,0.67,0.0,0.0,0.0
29.19,1.82,0.0,0.0,0.0
64.45,3.36,4.98,0.0,251.376
57.83,3.65,23.75,0.0,438.25
51.49,3.74,34.05,0.0,574.474
56.98,4.45,37.85,0.0,658.0369999999999
59.2,5.34,51.12,0.0,685.6339999999999
55.28,5.05,61.51,0.0,655.98
53.14,3.19,62.82,0.0,576.187
46.45,3.09,60.95,0.0,436.827
49.74,4.12,49.48,0.0,233.922
36.18,2.44,33.63,0.0,23.2031
16.74,1.96,26.98,0.0,0.0
17.36,1.41,25.96,0.0,0.0
17.33,1.58,24.99,0.0,0.0
15.75,0.74,14.59,0.0,0.0
14.0,0.48,0.0,0.0,0.0
14.01,0.48,0.0,0.0,0.0
11.5,0.0,0.0,0.0,0.0
10.47,0.0,0.0,0.0,0.0
12.33,0.0,0.0,0.0,0.0
12.31,0.0,0.0,0.0,0.0
11.4,0.0,0.0,0.0,0.0
12.67,0.0,0.0,0.0,0.0
13.83,0.67,9.82,0.0,0.0
22.8,1.82,11.72,0.0,0.0
48.67,3.36,13.89,0.0,62.5291
42.01,3.65,20.57,0.0,131.731
44.78,3.74,23.15,0.0,49.324
46.28,4.43,26.05,0.0,59.2756
43.13,5.34,31.42,0.0,139.151
51.15,5.06,34.81,0.0,181.679
45.24,3.18,34.24,0.0,102.548
48.28,3.09,31.28,0.0,14.2254
45.11,4.12,16.9,0.0,7.60467
37.7,2.43,0.71,0.0,0.0
20.68,1.97,0.0,0.0,0.0
16.36,1.39,0.0,0.0,0.0
16.79,1.61,0.0,0.0,0.0
15.92,0.76,0.0,0.0,0.0
17.19,0.48,0.0,0.0,0.0
17.41,0.48,0.0,0.0,0.0
14.02,0.0,0.0,0.0,0.0
13.16,0.0,0.0,0.0,0.0
13.51,0.0,0.0,0.0,0.0
12.56,0.0,0.0,0.0,0.0
13.04,0.0,0.0,0.0,0.0
13.51,0.0,0.0,0.0,0.0
16.42,0.67,0.0,0.0,0.0
30.3,1.82,0.0,0.0,0.0
57.69,3.36,0.0,0.0,32.1019
43.35,3.65,0.0,0.0,73.3059
46.06,3.74,0.0,0.0,69.7372
50.88,4.44,0.0,0.0,80.1834
52.0,5.34,0.0,0.0,122.749
49.6,5.06,0.0,0.0,120.289
49.02,3.18,0.0,0.0,92.1007
49.06,3.09,0.0,0.0,58.2083
52.14,4.12,0.0,0.0,171.718
37.51,2.43,0.0,0.0,25.9109
20.39,1.97,0.0,0.0,0.0
18.97,1.39,0.0,0.0,0.0
17.63,1.6,0.0,0.0,0.0
17.25,0.76,0.0,0.0,0.0
16.09,0.48,0.0,0.0,0.0
15.31,0.48,0.0,0.0,0.0
9.33,0.0,0.0,0.0,0.0
9.3,0.0,0.0,0.0,0.0
9.9,0.0,0.0,0.0,0.0
10.3,0.0,0.0,0.0,0.0
10.05,0.0,0.0,0.0,0.0
9.28,0.0,0.0,0.0,0.0
14.69,0.67,0.0,0.0,0.0
18.39,1.06,0.0,0.0,60.0974
20.53,1.44,0.0,0.0,274.66700000000003
21.12,2.02,0.0,0.0,482.469
22.9,1.82,0.0,0.0,643.567
26.5,2.21,0.0,0.0,725.9060000000001
20.64,1.92,0.0,0.0,755.072
16.27,1.82,4.29,0.0,717.2810000000001
14.78,1.44,10.8,0.0,617.941
14.36,1.25,12.24,0.0,481.964
13.62,1.34,5.71,0.0,264.86
14.22,0.67,0.0,0.0,29.9601
10.64,0.67,0.0,0.0,0.0
8.37,0.0,0.0,0.0,0.0
9.11,0.0,0.0,0.0,0.0
9.05,0.0,0.0,0.0,0.0
10.23,0.0,0.0,0.0,0.0
9.72,0.0,0.0,0.0,0.0
8.99,0.0,0.0,0.0,0.0
10.09,0.0,0.0,0.0,0.0
9.97,0.0,0.0,0.0,0.0
10.07,0.0,0.0,0.0,0.0
10.83,0.0,0.0,0.0,0.0
11.34,0.0,0.0,0.0,0.0
14.37,0.38,0.0,0.0,0.0
14.37,0.38,0.0,0.0,58.3156
13.47,0.38,0.0,0.0,263.473
14.37,0.38,0.0,0.0,463.676
13.74,0.38,0.0,0.0,612.2819999999999
13.49,0.58,0.0,0.0,700.5039999999999
13.18,0.58,19.18,0.0,723.313
14.13,0.86,34.61,0.0,700.085
13.44,0.58,15.2,0.0,620.809
12.09,0.38,0.0,0.0,470.949
12.79,0.38,0.0,0.0,258.265
13.59,0.38,0.0,0.0,28.8676
10.85,0.0,0.0,0.0,0.0
9.96,0.0,0.0,0.0,0.0
10.81,0.0,0.0,0.0,0.0
9.5,0.0,0.0,0.0,0.0
10.19,0.0,0.0,0.0,0.0
10.28,0.0,0.0,0.0,0.0
12.07,0.0,0.0,0.0,0.0
12.44,0.0,0.0,0.0,0.0
12.87,0.0,0.0,0.0,0.0
13.93,0.0,0.0,0.0,0.0
13.26,0.0,0.0,0.0,0.0
11.47,0.0,0.0,0.0,0.0
15.6,0.67,0.0,0.0,0.0
26.54,1.82,0.0,0.0,59.2629
59.08,3.36,0.0,0.0,269.088
55.2,3.65,0.0,0.0,476.046
50.14,3.74,0.29,0.0,633.4069999999999
45.87,4.47,8.86,0.0,712.954
50.55,5.34,16.0,0.0,748.077
53.04,5.06,23.85,0.0,717.2739999999999
48.91,3.19,27.81,0.0,630.399
49.74,3.09,27.01,0.0,479.302
54.69,4.12,22.86,0.0,263.771
45.07,2.43,12.17,0.0,29.6576
20.93,1.97,3.69,0.0,0.0
18.67,1.38,0.0,0.0,0.0
16.25,1.6,0.0,0.0,0.0
16.8,0.76,0.0,0.0,0.0
16.11,0.48,0.0,0.0,0.0
17.37,0.48,0.0,0.0,0.0
12.24,0.0,0.0,0.0,0.0
12.99,0.0,0.0,0.0,0.0
11.8,0.0,0.0,0.0,0.0
13.28,0.0,0.0,0.0,0.0
14.41,0.0,0.0,0.0,0.0
14.6,0.0,0.0,0.0,0.0
17.66,0.67,0.0,0.0,0.0
27.81,1.82,0.0,0.0,58.348
56.37,3.36,6.25,0.0,258.694
50.04,3.65,24.72,0.0,450.324
49.79,3.74,34.65,0.0,588.564
50.68,4.44,44.75,0.0,667.2489999999999
53.69,5.34,52.57,0.0,690.2080000000001
57.26,5.06,65.27,0.0,677.2669999999999
50.28,3.19,72.08,0.0,600.436
46.59,3.09,76.36,0.0,457.975
44.28,4.12,67.24,0.0,253.73
40.22,2.43,50.17,0.0,29.6855
17.27,1.97,42.68,0.0,0.0
15.5,1.39,37.45,0.0,0.0
16.25,1.59,18.57,0.0,0.0
14.46,0.77,6.06,0.0,0.0
16.21,0.48,0.0,0.0,0.0
14.4,0.48,0.0,0.0,0.0
11.13,0.0,0.0,0.0,0.0
10.68,0.0,0.0,0.0,0.0
10.66,0.0,0.0,0.0,0.0
10.29,0.0,0.0,0.0,0.0
11.63,0.0,0.0,0.0,0.0
10.77,0.0,0.0,0.0,0.0
15.0,0.67,0.0,0.0,0.0
25.34,1.82,0.0,0.0,58.7242
60.34,3.36,0.49,0.0,264.325
52.59,3.65,11.53,0.0,459.812
46.99,3.74,24.2,0.0,602.7130000000001
45.67,4.45,36.04,0.0,667.638
44.38,5.34,44.31,0.0,701.285
47.18,5.06,53.29,0.0,677.352
47.15,3.19,53.64,0.0,597.5419999999999
44.23,3.09,53.31,0.0,458.994
49.36,4.12,49.04,0.0,262.372
35.48,2.44,32.8,0.0,30.7368
18.14,1.97,20.2,0.0,0.0
15.38,1.4,11.16,0.0,0.0
15.92,1.57,2.28,0.0,0.0
15.72,0.77,0.0,0.0,0.0
15.06,0.48,0.0,0.0,0.0
17.05,0.48,0.0,0.0,0.0
14.62,0.0,0.0,0.0,0.0
12.96,0.0,0.0,0.0,0.0
11.75,0.0,0.0,0.0,0.0
12.6,0.0,0.0,0.0,0.0
13.14,0.0,0.0,0.0,0.0
13.72,0.0,0.0,0.0,0.0
17.63,0.67,0.0,0.0,0.0
30.38,1.82,3.51,0.0,57.5304
68.23,3.36,35.94,0.0,253.215
54.41,3.65,65.83,0.0,440.094
54.2,3.74,87.1,0.0,578.999
49.7,4.45,91.68,0.0,360.312
51.1,5.34,99.99,0.0,633.13
56.26,5.06,107.33,0.0,661.56
51.99,3.19,108.7,0.0,591.604
49.96,3.09,108.75,0.0,449.056
49.44,4.12,98.44,0.0,252.354
42.25,2.44,78.56,0.0,29.4476
17.98,1.96,70.06,0.0,0.0
15.49,1.41,68.68,0.0,0.0
16.93,1.58,62.51,0.0,0.0
14.36,0.74,54.22,0.0,0.0
16.37,0.48,0.0,0.0,0.0
14.94,0.48,0.0,0.0,0.0
13.11,0.0,0.0,0.0,0.0
13.97,0.0,0.0,0.0,0.0
12.98,0.0,0.0,0.0,0.0
14.01,0.0,0.0,0.0,0.0
13.38,0.0,0.0,0.0,0.0
14.51,0.0,0.0,0.0,0.0
16.41,0.67,0.0,0.0,0.0
28.37,1.82,0.0,0.0,60.4082
53.43,3.36,0.0,0.0,228.812
47.53,3.65,0.0,0.0,359.523
42.37,3.74,0.0,0.0,502.548
44.37,4.43,0.0,0.0,570.465
49.51,5.34,0.33,0.0,517.439
50.29,5.06,9.84,0.0,627.852
51.58,3.18,15.66,0.0,589.0509999999999
54.84,3.09,13.3,0.0,427.61800000000005
57.71,4.12,8.7,0.0,220.451
46.01,2.43,2.36,0.0,18.5894
22.3,1.97,0.0,0.0,0.0
17.76,1.39,0.0,0.0,0.0
16.95,1.61,0.0,0.0,0.0
17.12,0.76,0.0,0.0,0.0
16.22,0.48,0.0,0.0,0.0
14.57,0.48,0.0,0.0,0.0
8.63,0.0,0.0,0.0,0.0
8.55,0.0,0.0,0.0,0.0
9.24,0.0,0.0,0.0,0.0
10.01,0.0,0.0,0.0,0.0
9.72,0.0,0.0,0.0,0.0
8.91,0.0,0.0,0.0,0.0
16.35,0.67,0.0,0.0,0.0
19.07,1.06,0.0,0.0,61.3425
21.18,1.44,0.0,0.0,269.814
24.51,2.02,0.46,0.0,465.447
23.56,1.82,15.02,0.0,585.948
28.98,2.21,26.54,0.0,664.181
20.33,1.92,30.13,0.0,619.98
17.15,1.82,25.32,0.0,459.193
14.98,1.44,20.46,0.0,392.965
13.16,1.25,21.73,0.0,313.97700000000003
14.27,1.34,20.23,0.0,147.134
12.54,0.67,16.44,0.0,8.8188
10.75,0.67,0.0,0.0,0.0
9.98,0.0,0.0,0.0,0.0
9.21,0.0,0.0,0.0,0.0
9.44,0.0,0.0,0.0,0.0
8.66,0.0,0.0,0.0,0.0
8.42,0.0,0.0,0.0,0.0
8.93,0.0,0.0,0.0,0.0
8.26,0.0,0.0,0.0,0.0
7.61,0.0,0.0,0.0,0.0
9.04,0.0,0.0,0.0,0.0
8.98,0.0,0.0,0.0,0.0
9.94,0.0,0.0,0.0,0.0
11.1,0.38,0.0,0.0,0.0
11.68,0.38,0.0,0.0,45.7623
11.41,0.38,0.0,0.0,129.134
11.95,0.38,0.0,0.0,407.453
11.66,0.38,0.0,0.0,562.265
10.88,0.58,14.95,0.0,542.266
11.61,0.58,0.0,0.0,154.944
10.5,0.86,0.0,0.0,148.14700000000002
10.19,0.58,0.0,0.0,331.787
12.21,0.38,0.0,0.0,133.53799999999998
12.82,0.38,0.0,0.0,139.845
11.54,0.38,0.0,0.0,30.4618
8.73,0.0,0.0,0.0,0.0
8.0,0.0,0.0,0.0,0.0
8.9,0.0,0.0,0.0,0.0
8.55,0.0,0.0,0.0,0.0
9.4,0.0,0.0,0.0,0.0
9.17,0.0,0.0,0.0,0.0
12.03,0.0,0.0,0.0,0.0
12.93,0.0,0.0,0.0,0.0
12.43,0.0,0.0,0.0,0.0
12.35,0.0,0.0,0.0,0.0
11.03,0.0,0.0,0.0,0.0
11.15,0.0,0.0,0.0,0.0
15.89,0.67,0.0,0.0,0.0
24.26,1.82,0.0,0.0,68.4395
56.78,3.36,0.0,0.0,293.14
49.74,3.65,0.0,0.0,509.65
46.92,3.74,0.0,0.0,668.757
49.92,4.47,0.0,0.0,763.926
56.2,5.34,0.0,0.0,812.452
51.3,5.06,0.0,0.0,776.313
43.64,3.18,0.0,0.0,680.9639999999999
43.15,3.09,0.0,0.0,527.394
45.29,4.12,0.0,0.0,301.462
33.89,2.43,0.0,0.0,38.5297
19.01,1.97,0.0,0.0,0.0
15.15,1.38,0.0,0.0,0.0
14.85,1.6,0.0,0.0,0.0
15.89,0.76,0.0,0.0,0.0
14.82,0.48,0.0,0.0,0.0
14.32,0.48,0.0,0.0,0.0
12.97,0.0,0.0,0.0,0.0
12.33,0.0,0.0,0.0,0.0
13.71,0.0,0.0,0.0,0.0
14.38,0.0,0.0,0.0,0.0
14.07,0.0,0.0,0.0,0.0
12.67,0.0,0.0,0.0,0.0
14.91,0.67,0.0,0.0,0.0
23.64,1.82,0.0,0.0,8.44014
47.46,3.36,0.0,0.0,64.8106
49.94,3.64,0.0,0.0,169.303
47.43,3.74,0.0,0.0,189.17
48.69,4.44,0.0,0.0,289.198
43.96,5.34,0.0,0.0,366.156
53.04,5.05,0.0,0.0,323.736
49.0,3.18,0.0,0.0,131.002
49.88,3.09,0.0,0.0,57.8853
49.02,4.12,0.0,0.0,38.1339
37.14,2.43,0.0,0.0,3.57343
20.45,1.97,0.0,0.0,0.0
16.88,1.4,0.0,0.0,0.0
16.98,1.58,0.0,0.0,0.0
14.55,0.77,0.0,0.0,0.0
15.67,0.48,0.0,0.0,0.0
15.2,0.48,0.0,0.0,0.0
11.02,0.0,0.0,0.0,0.0
10.17,0.0,0.0,0.0,0.0
11.35,0.0,0.0,0.0,0.0
11.64,0.0,0.0,0.0,0.0
12.89,0.0,0.0,0.0,0.0
13.93,0.0,0.0,0.0,0.0
16.32,0.67,0.0,0.0,0.0
26.85,1.82,0.0,0.0,0.0
51.54,3.36,0.0,0.0,13.0139
50.0,3.64,0.0,0.0,30.2171
52.17,3.74,0.0,0.0,60.2245
56.93,4.44,0.0,0.0,63.4725
61.69,5.34,0.0,0.0,55.8202
62.45,5.05,0.0,0.0,67.5258
54.75,3.18,0.0,0.0,115.307
52.27,3.09,0.0,0.0,40.98
52.56,4.12,0.0,0.0,74.2981
41.14,2.44,0.0,0.0,42.5497
21.81,1.96,0.0,0.0,0.0
18.35,1.41,0.0,0.0,0.0
16.19,1.57,0.0,0.0,0.0
16.74,0.74,0.0,0.0,0.0
16.76,0.48,0.0,0.0,0.0
18.22,0.48,0.0,0.0,0.0
13.11,0.0,0.0,0.0,0.0
12.89,0.0,0.0,0.0,0.0
11.66,0.0,0.0,0.0,0.0
11.0,0.0,0.0,0.0,0.0
11.63,0.0,0.0,0.0,0.0
10.45,0.0,0.0,0.0,0.0
13.28,0.67,0.0,0.0,0.0
26.82,1.82,0.0,0.0,66.0703
50.93,3.36,0.0,0.0,274.022
47.41,3.64,0.0,0.0,476.427
47.91,3.74,0.0,0.0,623.607
50.79,4.42,2.97,0.0,718.2669999999999
51.47,5.33,10.82,0.0,748.5139999999999
47.63,5.06,16.62,0.0,713.301
40.32,3.18,18.14,0.0,638.241
43.56,3.09,17.42,0.0,493.32
46.8,4.12,13.75,0.0,285.386
42.7,2.43,4.2,0.0,54.3427
18.41,1.96,0.0,0.0,0.0
14.25,1.39,0.0,0.0,0.0
17.45,1.61,0.0,0.0,0.0
14.64,0.76,0.0,0.0,0.0
16.59,0.48,0.0,0.0,0.0
15.35,0.48,0.0,0.0,0.0
13.0,0.0,0.0,0.0,0.0
13.48,0.0,0.0,0.0,0.0
12.09,0.0,0.0,0.0,0.0
11.23,0.0,0.0,0.0,0.0
11.57,0.0,0.0,0.0,0.0
10.76,0.0,0.0,0.0,0.0
15.89,0.67,0.0,0.0,0.0
27.91,1.82,0.0,0.0,71.7703
64.54,3.35,0.0,0.0,290.578
57.53,3.64,0.0,0.0,493.354
50.75,3.74,0.0,0.0,649.224
47.89,4.43,0.0,0.0,736.158
45.23,5.33,0.0,0.0,750.5989999999999
45.69,5.05,2.62,0.0,726.085
46.77,3.18,5.16,0.0,641.0509999999999
40.95,3.09,5.82,0.0,500.249
50.01,4.12,5.82,0.0,298.097
43.91,2.43,0.95,0.0,59.226000000000006
21.43,1.97,0.0,0.0,0.0
16.99,1.39,0.0,0.0,0.0
15.51,1.59,0.0,0.0,0.0
14.62,0.76,0.0,0.0,0.0
14.31,0.48,0.0,0.0,0.0
15.58,0.48,0.0,0.0,0.0
10.26,0.0,0.0,0.0,0.0
9.35,0.0,0.0,0.0,0.0
9.07,0.0,0.0,0.0,0.0
9.01,0.0,0.0,0.0,0.0
9.18,0.0,0.0,0.0,0.0
9.38,0.0,0.0,0.0,0.0
15.34,0.67,0.0,0.0,0.0
20.68,1.05,0.0,0.0,69.9841
21.38,1.44,0.45,0.0,270.064
24.73,2.01,14.68,0.0,464.693
22.6,1.82,30.69,0.0,573.908
24.89,2.2,42.35,0.0,681.225
19.42,1.92,49.31,0.0,729.691
15.49,1.82,52.76,0.0,700.561
15.91,1.44,54.11,0.0,617.462
15.72,1.25,55.96,0.0,491.703
13.91,1.34,51.09,0.0,288.998
12.35,0.67,42.37,0.0,57.9878
11.21,0.67,0.0,0.0,0.0
8.88,0.0,0.0,0.0,0.0
8.06,0.0,0.0,0.0,0.0
9.18,0.0,0.0,0.0,0.0
9.04,0.0,0.0,0.0,0.0
8.66,0.0,0.0,0.0,0.0
7.82,0.0,0.0,0.0,0.0
7.61,0.0,0.0,0.0,0.0
9.52,0.0,0.0,0.0,0.0
9.78,0.0,0.0,0.0,0.0
8.82,0.0,0.0,0.0,0.0
8.94,0.0,0.0,0.0,0.0
10.91,0.38,0.0,0.0,0.0
10.41,0.38,0.0,0.0,66.9992
11.58,0.38,0.0,0.0,266.06
10.31,0.38,0.0,0.0,458.0
12.16,0.38,0.0,0.0,606.822
11.49,0.57,45.66,0.0,655.7510000000001
12.48,0.57,12.91,0.0,336.065
12.53,0.86,0.0,0.0,494.497
11.11,0.57,0.0,0.0,269.463
11.72,0.38,0.0,0.0,336.60400000000004
12.62,0.38,0.0,0.0,242.519
11.05,0.38,0.0,0.0,44.9309
9.1,0.0,0.0,0.0,0.0
9.08,0.0,0.0,0.0,0.0
10.13,0.0,0.0,0.0,0.0
9.84,0.0,0.0,0.0,0.0
10.54,0.0,0.0,0.0,0.0
10.04,0.0,0.0,0.0,0.0
11.94,0.0,0.0,0.0,0.0
13.16,0.0,0.0,0.0,0.0
12.51,0.0,0.0,0.0,0.0
12.55,0.0,0.0,0.0,0.0
11.12,0.0,0.0,0.0,0.0
11.85,0.0,0.0,0.0,0.0
16.46,0.67,43.33,0.0,0.0
30.76,1.82,62.32,0.0,65.7144
69.62,3.35,72.3,0.0,266.743
60.44,3.64,81.89,0.0,460.99
58.02,3.73,90.35,0.0,617.61
57.55,4.46,95.5,0.0,704.31
61.69,5.33,99.71,0.0,730.04
58.8,5.04,97.2,0.0,716.6210000000001
51.51,3.18,92.62,0.0,633.5840000000001
49.9,3.08,90.24,0.0,492.465
46.36,4.11,77.13,0.0,291.03700000000003
38.1,2.43,57.02,0.0,62.022
18.64,1.96,49.54,0.0,0.0
15.35,1.39,48.12,0.0,0.0
14.56,1.58,40.64,0.0,0.0
12.84,0.76,33.82,0.0,0.0
14.75,0.48,0.0,0.0,0.0
14.34,0.48,0.0,0.0,0.0
10.78,0.0,0.0,0.0,0.0
12.21,0.0,0.0,0.0,0.0
11.58,0.0,0.0,0.0,0.0
12.74,0.0,0.0,0.0,0.0
12.85,0.0,0.0,0.0,0.0
13.61,0.0,0.0,0.0,0.0
16.59,0.67,0.0,0.0,0.0
28.55,1.82,0.0,0.0,76.8971
56.86,3.35,0.0,0.0,297.98400000000004
50.41,3.63,0.0,0.0,509.58
48.33,3.73,0.0,0.0,662.7639999999999
52.08,4.43,0.0,0.0,753.118
57.65,5.32,5.32,0.0,786.9069999999999
51.16,5.04,19.59,0.0,746.868
47.92,3.18,30.95,0.0,665.5060000000001
51.76,3.08,36.46,0.0,518.523
57.23,4.11,35.34,0.0,306.783
40.05,2.43,26.67,0.0,68.5623
18.63,1.96,17.8,0.0,0.0
14.61,1.41,9.84,0.0,0.0
16.63,1.58,4.71,0.0,0.0
16.39,0.74,0.51,0.0,0.0
16.01,0.48,0.0,0.0,0.0
17.48,0.48,0.0,0.0,0.0
14.97,0.0,0.0,0.0,0.0
15.46,0.0,0.0,0.0,0.0
15.46,0.0,0.0,0.0,0.0
14.99,0.0,0.0,0.0,0.0
14.6,0.0,0.0,0.0,0.0
15.46,0.0,0.0,0.0,0.0
19.16,0.67,0.0,0.0,0.0
31.15,1.82,0.0,0.0,75.8677
64.83,3.35,0.0,0.0,286.928
59.97,3.63,6.36,0.0,480.055
58.02,3.73,16.37,0.0,622.668
58.37,4.41,26.86,0.0,707.2310000000001
54.24,5.32,36.5,0.0,685.8889999999999
53.33,5.04,43.42,0.0,710.447
51.19,3.17,44.46,0.0,635.53
52.47,3.08,47.5,0.0,498.57
48.49,4.11,46.32,0.0,297.644
40.09,2.42,32.19,0.0,67.6277
20.16,1.96,24.71,0.0,0.0
17.82,1.38,23.18,0.0,0.0
16.72,1.59,17.22,0.0,0.0
15.48,0.76,7.27,0.0,0.0
17.24,0.48,0.0,0.0,0.0
16.88,0.48,0.0,0.0,0.0
14.49,0.0,0.0,0.0,0.0
13.21,0.0,0.0,0.0,0.0
11.54,0.0,0.0,0.0,0.0
11.55,0.0,0.0,0.0,0.0
11.51,0.0,0.0,0.0,0.0
10.87,0.0,0.0,0.0,0.0
12.81,0.67,0.0,0.0,0.0
22.28,1.82,0.0,0.0,77.0689
56.76,3.34,0.0,0.0,289.147
43.76,3.63,3.27,0.0,492.045
41.23,3.73,7.92,0.0,641.446
44.07,4.43,15.37,0.0,738.225
52.2,5.32,27.61,0.0,736.9839999999999
54.86,5.03,41.6,0.0,737.7180000000001
47.77,3.17,44.29,0.0,657.466
47.94,3.08,37.55,0.0,517.413
48.01,4.1,28.57,0.0,308.486
33.76,2.43,18.1,0.0,70.7552
19.19,1.95,12.88,0.0,0.0
14.77,1.41,11.05,0.0,0.0
15.06,1.57,4.82,0.0,0.0
14.07,0.74,0.0,0.0,0.0
16.15,0.48,0.0,0.0,0.0
16.29,0.48,0.0,0.0,0.0
13.34,0.0,0.0,0.0,0.0
13.33,0.0,0.0,0.0,0.0
12.91,0.0,0.0,0.0,0.0
11.9,0.0,0.0,0.0,0.0
11.53,0.0,0.0,0.0,0.0
10.92,0.0,0.0,0.0,0.0
14.44,0.67,0.0,0.0,0.0
24.02,1.81,0.0,0.0,81.0206
53.15,3.34,0.0,0.0,311.915
52.62,3.63,0.0,0.0,524.3430000000001
49.09,3.72,0.0,0.0,681.6239999999999
49.05,4.41,0.0,0.0,771.4689999999999
45.87,5.31,0.0,0.0,792.717
48.81,5.03,0.0,0.0,749.393
51.02,3.17,0.0,0.0,662.882
44.68,3.08,0.0,0.0,515.894
51.87,4.1,0.0,0.0,302.873
38.73,2.42,0.0,0.0,72.9514
18.99,1.96,0.0,0.0,0.0
17.39,1.38,0.0,0.0,0.0
16.76,1.58,0.0,0.0,0.0
14.26,0.76,0.0,0.0,0.0
16.17,0.48,0.0,0.0,0.0
16.76,0.48,0.0,0.0,0.0
10.68,0.0,0.0,0.0,0.0
10.55,0.0,0.0,0.0,0.0
9.36,0.0,0.0,0.0,0.0
9.48,0.0,0.0,0.0,0.0
10.41,0.0,0.0,0.0,0.0
11.19,0.0,0.0,0.0,0.0
18.17,0.67,0.0,0.0,0.0
23.23,1.05,0.0,0.0,81.8858
25.15,1.43,0.0,0.0,292.365
26.75,2.0,10.39,0.0,490.004
25.64,1.81,29.21,0.0,633.22
30.86,2.19,45.72,0.0,717.802
21.11,1.91,55.44,0.0,721.762
18.44,1.81,61.9,0.0,710.8689999999999
15.16,1.43,66.4,0.0,633.026
13.07,1.24,66.88,0.0,501.265
12.74,1.34,60.42,0.0,303.657
12.06,0.67,48.81,0.0,73.1061
12.33,0.67,0.0,0.0,0.0
9.64,0.0,0.0,0.0,0.0
9.07,0.0,0.0,0.0,0.0
8.84,0.0,0.0,0.0,0.0
8.06,0.0,0.0,0.0,0.0
9.24,0.0,0.0,0.0,0.0
8.12,0.0,0.0,0.0,0.0
7.62,0.0,0.0,0.0,0.0
9.47,0.0,0.0,0.0,0.0
8.64,0.0,0.0,0.0,0.0
8.5,0.0,0.0,0.0,0.0
8.75,0.0,0.0,0.0,0.0
11.96,0.38,0.0,0.0,0.0
11.25,0.38,0.0,0.0,80.6381
12.32,0.38,0.0,0.0,223.426
11.35,0.38,0.0,0.0,124.155
11.07,0.38,0.0,0.0,191.198
10.78,0.57,0.0,0.0,310.334
11.76,0.57,0.0,0.0,406.676
10.27,0.86,0.0,0.0,444.583
10.19,0.57,0.0,0.0,430.718
11.67,0.38,0.0,0.0,292.361
10.92,0.38,0.0,0.0,140.842
10.79,0.38,0.0,0.0,18.0371
8.15,0.0,0.0,0.0,0.0
8.73,0.0,0.0,0.0,0.0
9.61,0.0,0.0,0.0,0.0
10.54,0.0,0.0,0.0,0.0
9.46,0.0,0.0,0.0,0.0
9.47,0.0,0.0,0.0,0.0
12.06,0.0,0.0,0.0,0.0
11.53,0.0,0.0,0.0,0.0
10.85,0.0,0.0,0.0,0.0
12.75,0.0,0.0,0.0,0.0
13.4,0.0,0.0,0.0,0.0
13.7,0.0,0.0,0.0,0.0
16.74,0.67,37.56,0.0,0.0
26.83,1.81,50.72,0.0,65.6637
52.92,3.34,74.34,0.0,135.893
50.28,3.62,81.12,0.0,140.792
44.15,3.72,87.1,0.0,237.363
43.96,4.44,92.27,0.0,255.959
48.65,5.3,92.36,0.0,119.39
50.16,5.02,91.16,0.0,199.803
50.37,3.16,90.39,0.0,138.252
52.62,3.07,90.98,0.0,114.25
51.06,4.09,93.07,0.0,108.052
37.34,2.42,91.1,0.0,16.8317
18.69,1.95,75.82,0.0,0.0
14.44,1.39,19.94,0.0,0.0
15.87,1.56,0.0,0.0,0.0
16.39,0.76,0.0,0.0,0.0
17.84,0.48,0.0,0.0,0.0
18.35,0.48,0.0,0.0,0.0
11.08,0.0,0.0,0.0,0.0
11.6,0.0,0.0,0.0,0.0
11.6,0.0,0.0,0.0,0.0
10.52,0.0,0.0,0.0,0.0
9.35,0.0,0.0,0.0,0.0
9.02,0.0,0.0,0.0,0.0
10.3,0.38,0.0,0.0,0.0
10.26,0.38,0.0,0.0,28.672
11.59,0.38,0.0,0.0,120.364
12.88,0.38,0.0,0.0,259.775
13.12,0.38,0.0,0.0,241.666
11.69,0.57,0.0,0.0,379.015
11.5,0.57,0.0,0.0,502.38
10.78,0.86,0.0,0.0,515.216
12.44,0.57,0.0,0.0,540.644
12.36,0.38,0.0,0.0,549.9069999999999
11.57,0.38,0.0,0.0,334.76800000000003
11.14,0.38,0.0,0.0,83.9255
10.15,0.0,0.0,0.0,0.0
10.39,0.0,0.0,0.0,0.0
11.1,0.0,0.0,0.0,0.0
11.6,0.0,0.0,0.0,0.0
11.25,0.0,0.0,0.0,0.0
10.01,0.0,0.0,0.0,0.0
14.28,0.0,0.0,0.0,0.0
15.29,0.0,0.0,0.0,0.0
15.46,0.0,0.0,0.0,0.0
15.46,0.0,0.0,0.0,0.0
14.48,0.0,0.0,0.0,0.0
13.67,0.0,0.0,0.0,0.0
16.92,0.67,0.0,0.0,0.0
27.9,1.81,0.0,0.0,89.6045
55.27,3.33,0.0,0.0,321.91900000000004
52.32,3.62,0.0,0.0,542.248
44.13,3.71,0.0,0.0,704.5319999999999
45.98,4.43,0.0,0.0,804.605
42.68,5.29,0.0,0.0,821.054
49.06,5.01,0.0,0.0,788.941
46.93,3.16,2.63,0.0,697.9680000000001
52.31,3.06,5.0,0.0,550.552
56.28,4.08,3.42,0.0,337.583
48.01,2.42,0.0,0.0,86.4194
21.67,1.95,0.0,0.0,0.0
16.78,1.4,0.0,0.0,0.0
18.38,1.56,0.0,0.0,0.0
18.07,0.74,0.0,0.0,0.0
15.86,0.47,0.0,0.0,0.0
16.86,0.48,0.0,0.0,0.0
14.82,0.0,0.0,0.0,0.0
15.1,0.0,0.0,0.0,0.0
14.39,0.0,0.0,0.0,0.0
13.09,0.0,0.0,0.0,0.0
12.56,0.0,0.0,0.0,0.0
11.08,0.0,0.0,0.0,0.0
16.23,0.67,0.0,0.0,0.0
28.68,1.81,0.0,0.0,90.0908
56.54,3.33,0.0,0.0,323.051
48.65,3.61,0.0,0.0,537.997
49.21,3.71,0.0,0.0,689.268
48.21,4.39,0.0,0.0,655.086
55.24,5.29,0.0,0.0,649.422
59.56,5.01,0.0,0.0,651.57
55.63,3.16,0.0,0.0,641.229
54.41,3.06,0.0,0.0,529.456
51.49,4.08,0.0,0.0,328.62699999999995
36.11,2.41,0.0,0.0,85.7382
16.42,1.95,0.0,0.0,0.0
16.67,1.38,0.0,0.0,0.0
16.99,1.57,0.0,0.0,0.0
17.23,0.76,0.0,0.0,0.0
17.7,0.48,0.0,0.0,0.0
17.59,0.48,0.0,0.0,0.0
14.98,0.0,0.0,0.0,0.0
14.4,0.0,0.0,0.0,0.0
13.01,0.0,0.0,0.0,0.0
11.68,0.0,0.0,0.0,0.0
10.66,0.0,0.0,0.0,0.0
11.75,0.0,0.0,0.0,0.0
16.16,0.66,0.0,0.0,0.0
25.94,1.8,0.0,0.0,88.1692
60.9,3.32,0.0,0.0,305.433
54.61,3.61,6.18,0.0,312.422
50.53,3.7,18.13,0.0,382.324
47.21,4.4,23.75,0.0,410.211
47.85,5.28,36.11,0.0,414.696
45.53,5.0,38.33,0.0,163.41
40.1,3.15,33.03,0.0,198.707
46.53,3.06,31.29,0.0,53.6508
48.42,4.08,34.23,0.0,17.4628
34.8,2.41,35.81,0.0,0.75476
19.15,1.94,34.03,0.0,0.0
15.86,1.41,32.06,0.0,0.0
18.02,1.58,31.45,0.0,0.0
15.63,0.74,32.08,0.0,0.0
14.86,0.47,0.0,0.0,0.0
14.96,0.47,0.0,0.0,0.0
9.52,0.0,0.0,0.0,0.0
10.32,0.0,0.0,0.0,0.0
11.09,0.0,0.0,0.0,0.0
11.6,0.0,0.0,0.0,0.0
11.6,0.0,0.0,0.0,0.0
11.6,0.0,0.0,0.0,0.0
19.16,0.66,48.84,0.0,0.0
25.61,1.04,48.76,0.0,70.711
28.23,1.42,56.84,0.0,190.613
30.37,1.99,67.0,0.0,290.528
29.84,1.8,69.78,0.0,293.874
28.96,2.18,73.9,0.0,433.066
21.05,1.9,78.7,0.0,529.362
20.23,1.8,77.68,0.0,294.85
17.75,1.42,76.81,0.0,233.987
14.73,1.23,76.95,0.0,229.11900000000003
14.1,1.33,76.79,0.0,104.774
13.23,0.66,75.52,0.0,21.9517
12.61,0.66,0.0,0.0,0.0
9.41,0.0,0.0,0.0,0.0
9.68,0.0,0.0,0.0,0.0
10.15,0.0,0.0,0.0,0.0
10.85,0.0,0.0,0.0,0.0
10.73,0.0,0.0,0.0,0.0
11.35,0.0,0.0,0.0,0.0
11.35,0.0,0.0,0.0,0.0
11.46,0.0,0.0,0.0,0.0
10.37,0.0,0.0,0.0,0.0
11.07,0.0,0.0,0.0,0.0
10.64,0.0,0.0,0.0,0.0
12.92,0.38,0.0,0.0,0.0
12.32,0.38,0.0,0.0,79.7653
11.46,0.38,0.0,0.0,278.471
10.18,0.38,0.0,0.0,460.82
10.6,0.38,0.0,0.0,332.338
10.99,0.57,0.0,0.0,351.771
12.45,0.57,0.0,0.0,288.36
13.22,0.85,0.0,0.0,340.43300000000005
11.67,0.57,0.0,0.0,252.07
12.95,0.38,0.0,0.0,53.3871
11.97,0.38,0.0,0.0,52.99100000000001
10.45,0.38,0.0,0.0,6.32641
8.25,0.0,0.0,0.0,0.0
7.82,0.0,0.0,0.0,0.0
9.01,0.0,0.0,0.0,0.0
9.96,0.0,0.0,0.0,0.0
9.53,0.0,0.0,0.0,0.0
10.24,0.0,0.0,0.0,0.0
13.25,0.0,0.0,0.0,0.0
11.65,0.0,0.0,0.0,0.0
12.1,0.0,0.0,0.0,0.0
13.22,0.0,0.0,0.0,0.0
13.81,0.0,0.0,0.0,0.0
14.75,0.0,0.0,0.0,0.0
19.16,0.66,0.0,0.0,0.0
33.26,1.8,0.0,0.0,96.7437
65.07,3.32,0.0,0.0,224.856
56.94,3.6,0.0,0.0,82.0738
49.92,3.69,0.0,0.0,144.687
53.66,4.42,0.0,0.0,133.939
50.02,5.27,0.0,0.0,122.553
45.49,4.99,0.0,0.0,238.917
42.41,3.14,0.0,0.0,266.823
46.1,3.05,0.0,0.0,82.7421
47.4,4.06,0.0,0.0,19.1255
38.21,2.41,0.0,0.0,2.69971
17.53,1.93,0.0,0.0,0.0
15.5,1.4,0.0,0.0,0.0
15.17,1.57,0.0,0.0,0.0
13.33,0.74,0.0,0.0,0.0
14.11,0.47,0.0,0.0,0.0
13.05,0.47,0.0,0.0,0.0
10.85,0.0,0.0,0.0,0.0
11.46,0.0,0.0,0.0,0.0
11.57,0.0,0.0,0.0,0.0
11.84,0.0,0.0,0.0,0.0
11.37,0.0,0.0,0.0,0.0
12.14,0.0,0.0,0.0,0.0
15.34,0.66,0.0,0.0,0.0
24.07,1.8,0.0,0.0,22.0108
53.23,3.31,0.0,0.0,60.2249
52.61,3.6,0.0,0.0,140.173
48.59,3.69,0.0,0.0,260.091
54.84,4.37,0.0,0.0,409.839
52.14,5.26,0.0,0.0,411.319
50.63,4.98,0.0,0.0,508.01
44.07,3.14,0.0,0.0,527.109
47.35,3.04,0.0,0.0,405.021
49.46,4.06,0.0,0.0,326.192
43.96,2.41,0.0,0.0,85.5103
21.28,1.93,0.0,0.0,0.0
17.79,1.4,0.0,0.0,0.0
15.67,1.56,0.0,0.0,0.0
13.91,0.74,0.0,0.0,0.0
14.73,0.47,0.0,0.0,0.0
13.41,0.47,0.0,0.0,0.0
10.37,0.0,0.0,0.0,0.0
12.74,0.0,0.0,0.0,0.0
13.68,0.0,0.0,0.0,0.0
14.26,0.0,0.0,0.0,0.0
13.93,0.0,0.0,0.0,0.0
13.8,0.0,0.0,0.0,0.0
15.42,0.66,0.0,0.0,0.0
27.4,1.8,0.0,0.0,1.86802
52.78,3.31,0.0,0.0,35.8629
42.71,3.59,0.0,0.0,46.2639
43.79,3.69,0.0,0.0,63.2526
50.92,4.37,0.0,0.0,91.3891
55.77,5.26,0.0,0.0,113.796
55.98,4.98,0.0,0.0,95.2974
46.75,3.14,0.0,0.0,66.2799
42.43,3.04,0.0,0.0,53.1953
46.9,4.06,0.0,0.0,89.9746
39.43,2.4,0.0,0.0,94.8567
18.46,1.93,0.0,0.0,0.0
14.37,1.4,0.0,0.0,0.0
17.36,1.56,0.0,0.0,0.0
15.94,0.74,0.0,0.0,0.0
16.54,0.47,0.0,0.0,0.0
15.52,0.47,0.0,0.0,0.0
13.5,0.0,0.0,0.0,0.0
11.91,0.0,0.0,0.0,0.0
11.84,0.0,0.0,0.0,0.0
12.29,0.0,0.0,0.0,0.0
12.47,0.0,0.0,0.0,0.0
11.4,0.0,0.0,0.0,0.0
16.16,0.66,0.0,0.0,0.0
28.91,1.79,0.0,0.0,17.0284
58.91,3.31,0.0,0.0,81.7083
44.24,3.59,0.0,0.0,142.35399999999998
41.9,3.68,0.0,0.0,257.204
46.07,4.37,0.0,0.0,275.832
52.06,5.25,0.0,0.0,250.303
57.83,4.97,0.0,0.0,395.561
53.69,3.13,0.0,0.0,645.69
52.64,3.04,0.0,0.0,421.836
50.65,4.05,0.0,0.0,227.047
43.93,2.4,0.0,0.0,84.3754
19.89,1.93,0.0,0.0,0.0
15.17,1.4,0.0,0.0,0.0
17.15,1.56,0.0,0.0,0.0
14.63,0.74,0.0,0.0,0.0
15.93,0.47,0.0,0.0,0.0
14.37,0.47,0.0,0.0,0.0
12.57,0.0,0.0,0.0,0.0
11.18,0.0,0.0,0.0,0.0
12.93,0.0,0.0,0.0,0.0
12.71,0.0,0.0,0.0,0.0
11.74,0.0,0.0,0.0,0.0
11.28,0.0,0.0,0.0,0.0
15.35,0.66,0.0,0.0,0.0
29.61,1.79,0.0,0.0,107.314
59.46,3.3,0.0,0.0,340.849
47.14,3.58,0.0,0.0,556.682
43.67,3.68,0.0,0.0,705.4060000000001
48.27,4.36,0.0,0.0,733.693
48.55,5.25,0.0,0.0,823.539
47.63,4.97,0.0,0.0,782.4989999999999
41.91,3.13,0.0,0.0,704.383
39.19,3.03,0.0,0.0,557.82
50.64,4.05,0.0,0.0,349.71
40.54,2.4,0.0,0.0,99.7351
17.59,1.92,0.0,0.0,0.0
17.78,1.4,0.0,0.0,0.0
18.28,1.57,0.0,0.0,0.0
16.3,0.74,0.0,0.0,0.0
17.0,0.47,0.0,0.0,0.0
14.97,0.47,0.0,0.0,0.0
8.8,0.0,0.0,0.0,0.0
8.03,0.0,0.0,0.0,0.0
7.92,0.0,0.0,0.0,0.0
8.13,0.0,0.0,0.0,0.0
8.05,0.0,0.0,0.0,0.0
8.24,0.0,0.0,0.0,0.0
14.66,0.66,0.0,0.0,0.0
17.47,1.04,0.0,0.0,69.8291
19.61,1.41,0.0,0.0,300.401
26.91,1.98,0.0,0.0,465.08
25.48,1.79,5.64,0.0,675.289
26.43,2.17,18.64,0.0,742.0039999999999
22.12,1.88,27.43,0.0,763.939
19.82,1.79,31.76,0.0,736.819
18.11,1.41,33.82,0.0,664.743
16.3,1.22,29.14,0.0,527.817
14.66,1.32,23.95,0.0,196.811
14.56,0.66,17.54,0.0,15.1213
13.17,0.66,0.0,0.0,0.0
11.36,0.0,0.0,0.0,0.0
10.46,0.0,0.0,0.0,0.0
9.4,0.0,0.0,0.0,0.0
10.23,0.0,0.0,0.0,0.0
8.96,0.0,0.0,0.0,0.0
8.07,0.0,0.0,0.0,0.0
9.28,0.0,0.0,0.0,0.0
9.08,0.0,0.0,0.0,0.0
8.43,0.0,0.0,0.0,0.0
8.58,0.0,0.0,0.0,0.0
9.08,0.0,0.0,0.0,0.0
10.82,0.38,0.0,0.0,0.0
10.17,0.38,0.0,0.0,81.1052
11.68,0.38,0.0,0.0,103.275
12.02,0.38,0.0,0.0,163.87900000000002
11.04,0.38,0.0,0.0,229.576
9.91,0.56,0.0,0.0,312.607
9.54,0.56,0.0,0.0,352.858
11.86,0.85,0.0,0.0,293.10200000000003
10.63,0.56,0.0,0.0,133.076
10.23,0.38,0.0,0.0,191.903
10.39,0.38,0.0,0.0,71.8994
9.94,0.38,0.0,0.0,12.4985
8.56,0.0,0.0,0.0,0.0
9.57,0.0,0.0,0.0,0.0
9.27,0.0,0.0,0.0,0.0
8.2,0.0,0.0,0.0,0.0
9.59,0.0,0.0,0.0,0.0
8.87,0.0,0.0,0.0,0.0
12.5,0.0,0.0,0.0,0.0
13.93,0.0,0.0,0.0,0.0
15.17,0.0,0.0,0.0,0.0
15.41,0.0,0.0,0.0,0.0
13.97,0.0,0.0,0.0,0.0
12.74,0.0,0.0,0.0,0.0
16.73,0.66,51.79,0.0,0.0
28.73,1.79,69.52,0.0,40.093
60.82,3.29,81.75,0.0,109.378
50.89,3.57,93.74,0.0,239.532
43.65,3.67,106.46,0.0,379.565
46.57,4.39,113.25,0.0,504.974
47.76,5.23,120.08,0.0,432.393
43.2,4.95,126.29,0.0,385.551
47.33,3.12,120.3,0.0,536.477
42.33,3.03,121.48,0.0,414.458
52.48,4.04,115.34,0.0,195.864
38.11,2.38,110.03,0.0,20.0758
17.41,1.92,104.5,0.0,0.0
16.27,1.36,100.37,0.0,0.0
18.43,1.57,97.59,0.0,0.0
17.99,0.75,94.87,0.0,0.0
18.72,0.47,0.0,0.0,0.0
17.68,0.47,0.0,0.0,0.0
13.27,0.0,0.0,0.0,0.0
12.54,0.0,0.0,0.0,0.0
11.27,0.0,0.0,0.0,0.0
12.61,0.0,0.0,0.0,0.0
12.98,0.0,0.0,0.0,0.0
13.04,0.0,0.0,0.0,0.0
15.83,0.66,88.08,0.0,0.0
28.88,1.78,91.05,0.0,101.721
61.0,3.29,104.29,0.0,302.03
49.11,3.57,111.89,0.0,281.01
45.9,3.66,118.99,0.0,378.163
44.85,4.35,138.47,0.0,594.456
52.4,5.22,150.53,0.0,743.623
47.36,4.95,149.07,0.0,725.675
50.18,3.11,144.83,0.0,569.561
46.46,3.02,136.7,0.0,426.025
55.37,4.03,130.96,0.0,316.0
41.16,2.37,112.13,0.0,90.1479
21.31,1.93,102.64,0.0,0.0
16.81,1.35,98.68,0.0,0.0
16.45,1.56,97.2,0.0,0.0
14.67,0.75,95.41,0.0,0.0
16.01,0.47,0.0,0.0,0.0
17.59,0.47,0.0,0.0,0.0
15.14,0.0,0.0,0.0,0.0
15.46,0.0,0.0,0.0,0.0
15.36,0.0,0.0,0.0,0.0
15.26,0.0,0.0,0.0,0.0
15.46,0.0,0.0,0.0,0.0
15.46,0.0,0.0,0.0,0.0
18.74,0.66,101.33,0.0,0.0
33.26,1.78,102.1,0.0,104.199
70.49,3.28,121.24,0.0,302.994
60.44,3.56,138.49,0.0,484.525
58.02,3.66,151.1,0.0,625.851
59.21,4.35,154.83,0.0,613.268
58.2,5.22,158.48,0.0,747.1089999999999
59.94,4.94,160.18,0.0,483.002
51.91,3.11,167.55,0.0,640.254
49.37,3.02,166.06,0.0,425.775
56.8,4.02,157.23,0.0,230.576
41.49,2.38,129.96,0.0,88.965
17.71,1.92,117.06,0.0,0.0
15.18,1.37,115.26,0.0,0.0
16.75,1.53,112.32,0.0,0.0
17.26,0.73,108.59,0.0,0.0
18.02,0.47,0.0,0.0,0.0
17.33,0.47,0.0,0.0,0.0
14.82,0.0,0.0,0.0,0.0
14.14,0.0,0.0,0.0,0.0
13.53,0.0,0.0,0.0,0.0
11.97,0.0,0.0,0.0,0.0
11.22,0.0,0.0,0.0,0.0
12.81,0.0,0.0,0.0,0.0
16.03,0.66,0.0,0.0,0.0
26.66,1.78,0.0,0.0,7.13478
63.44,3.28,0.0,0.0,51.6196
48.92,3.56,0.0,0.0,71.755
42.86,3.65,0.0,0.0,132.821
41.16,4.33,0.0,0.0,195.072
44.56,5.21,0.0,0.0,179.972
41.6,4.93,0.0,0.0,161.376
37.73,3.11,0.0,0.0,114.01
44.0,3.02,0.0,0.0,74.279
47.31,4.02,0.0,0.0,45.2062
40.85,2.37,0.0,0.0,11.6765
18.93,1.92,0.0,0.0,0.0
18.5,1.34,0.0,0.0,0.0
16.19,1.57,0.0,0.0,0.0
13.49,0.74,0.0,0.0,0.0
12.74,0.47,0.0,0.0,0.0
14.15,0.47,0.0,0.0,0.0
10.81,0.0,0.0,0.0,0.0
10.53,0.0,0.0,0.0,0.0
11.0,0.0,0.0,0.0,0.0
13.11,0.0,0.0,0.0,0.0
13.13,0.0,0.0,0.0,0.0
12.27,0.0,0.0,0.0,0.0
15.69,0.65,0.0,0.0,0.0
27.14,1.78,0.0,0.0,132.153
57.15,3.27,0.0,0.0,373.554
52.5,3.55,0.0,0.0,570.256
48.05,3.65,0.0,0.0,603.979
52.82,4.33,0.0,0.0,689.065
56.79,5.2,0.0,0.0,693.549
51.36,4.93,0.0,0.0,685.4060000000001
48.13,3.1,0.0,0.0,586.003
45.3,3.01,0.0,0.0,431.263
45.7,4.01,0.0,0.0,369.789
40.35,2.37,0.0,0.0,114.935
21.31,1.92,0.0,0.0,0.0
18.23,1.36,0.0,0.0,0.0
19.33,1.53,0.0,0.0,0.0
15.93,0.75,0.0,0.0,0.0
14.53,0.47,0.0,0.0,0.0
16.64,0.47,0.0,0.0,0.0
9.51,0.0,0.0,0.0,0.0
8.84,0.0,0.0,0.0,0.0
7.91,0.0,0.0,0.0,0.0
7.5,0.0,0.0,0.0,0.0
8.22,0.0,0.0,0.0,0.0
8.31,0.0,0.0,0.0,0.0
13.34,0.65,0.0,0.0,0.0
18.58,1.03,0.0,0.0,129.785
23.89,1.4,0.0,0.0,362.261
24.79,1.96,0.0,0.0,566.2230000000001
24.6,1.77,0.0,0.0,705.7669999999999
30.26,2.15,4.42,0.0,772.039
24.24,1.87,12.1,0.0,809.316
20.57,1.77,18.09,0.0,750.6419999999999
19.64,1.4,25.27,0.0,685.8389999999999
16.23,1.21,27.78,0.0,552.5219999999999
15.48,1.31,26.1,0.0,346.737
14.7,0.65,17.25,0.0,107.724
12.93,0.65,0.0,0.0,0.0
9.89,0.0,0.0,0.0,0.0
8.69,0.0,0.0,0.0,0.0
9.24,0.0,0.0,0.0,0.0
9.66,0.0,0.0,0.0,0.0
8.64,0.0,0.0,0.0,0.0
8.73,0.0,0.0,0.0,0.0
9.96,0.0,0.0,0.0,0.0
9.7,0.0,0.0,0.0,0.0
9.94,0.0,0.0,0.0,0.0
9.52,0.0,0.0,0.0,0.0
10.12,0.0,0.0,0.0,0.0
12.69,0.37,0.0,0.0,0.0
11.18,0.37,0.0,0.0,75.5228
10.67,0.37,0.0,0.0,308.002
11.4,0.37,0.0,0.0,519.539
12.35,0.37,0.0,0.0,577.486
12.3,0.56,0.0,0.0,710.835
10.77,0.56,0.0,0.0,677.07
11.71,0.84,0.0,0.0,693.039
11.98,0.56,0.0,0.0,647.3240000000001
10.91,0.37,0.0,0.0,378.809
10.57,0.37,26.93,0.0,297.039
11.38,0.37,0.0,0.0,99.1265
10.33,0.0,0.0,0.0,0.0
9.09,0.0,0.0,0.0,0.0
8.44,0.0,0.0,0.0,0.0
7.8,0.0,0.0,0.0,0.0
8.08,0.0,0.0,0.0,0.0
8.25,0.0,0.0,0.0,0.0
12.65,0.0,0.0,0.0,0.0
11.09,0.0,0.0,0.0,0.0
12.65,0.0,0.0,0.0,0.0
12.96,0.0,0.0,0.0,0.0
11.77,0.0,0.0,0.0,0.0
15.09,0.65,55.74,0.0,0.0
24.73,1.77,55.2,0.0,0.0
48.97,3.26,60.03,0.0,33.9288
48.81,3.54,66.56,0.0,38.8121
42.28,3.63,70.56,0.0,132.70600000000002
50.46,4.35,72.24,0.0,137.295
52.22,5.17,75.13,0.0,228.696
46.21,4.91,82.16,0.0,412.827
48.71,3.09,88.1,0.0,436.897
46.65,3.0,89.5,0.0,138.107
52.12,4.0,92.03,0.0,165.938
39.88,2.36,93.12,0.0,25.2294
19.57,1.91,87.46,0.0,0.0
17.33,1.35,82.99,0.0,0.0
18.66,1.52,80.27,0.0,0.0
17.69,0.74,77.46,0.0,0.0
15.62,0.47,0.0,0.0,0.0
16.12,0.47,0.0,0.0,0.0
11.63,0.0,0.0,0.0,0.0
10.52,0.0,0.0,0.0,0.0
13.01,0.0,0.0,0.0,0.0
11.37,0.0,0.0,0.0,0.0
10.87,0.0,0.0,0.0,0.0
10.18,0.0,0.0,0.0,0.0
12.41,0.65,89.01,0.0,0.0
24.79,1.77,85.75,0.0,0.0
57.08,3.25,90.6,0.0,11.3744
43.49,3.53,103.25,0.0,230.444
40.11,3.63,113.84,0.0,266.079
42.35,4.32,102.91,0.0,177.27200000000002
52.05,5.17,98.98,0.0,81.2948
46.24,4.89,99.78,0.0,89.4756
48.87,3.08,99.6,0.0,150.056
45.12,2.99,101.31,0.0,152.204
52.66,3.99,104.05,0.0,111.174
40.62,2.36,100.94,0.0,65.9297
20.33,1.89,93.16,0.0,0.0
17.73,1.39,89.31,0.0,0.0
15.4,1.55,87.16,0.0,0.0
14.0,0.73,86.23,0.0,0.0
16.1,0.46,0.0,0.0,0.0
15.43,0.46,0.0,0.0,0.0
12.08,0.0,0.0,0.0,0.0
12.47,0.0,0.0,0.0,0.0
12.69,0.0,0.0,0.0,0.0
13.4,0.0,0.0,0.0,0.0
13.68,0.0,0.0,0.0,0.0
13.52,0.0,0.0,0.0,0.0
16.25,0.65,70.57,0.0,0.0
29.45,1.76,74.45,0.0,0.0
54.52,3.25,78.99,0.0,52.1829
44.04,3.53,80.12,0.0,172.06799999999998
42.54,3.62,82.54,0.0,159.36700000000002
47.82,4.3,85.93,0.0,178.642
53.03,5.16,90.57,0.0,215.613
57.69,4.9,92.91,0.0,262.927
56.83,3.08,94.02,0.0,216.449
57.18,2.99,95.46,0.0,175.77200000000002
61.64,3.98,97.86,0.0,127.435
48.93,2.35,96.47,0.0,59.3711
24.0,1.9,91.82,0.0,16.2622
20.77,1.37,88.58,0.0,0.0
20.77,1.53,86.03,0.0,0.0
19.16,0.72,84.79,0.0,0.0
19.16,0.46,0.0,0.0,0.0
19.16,0.46,0.0,0.0,0.0
15.46,0.0,0.0,0.0,0.0
15.46,0.0,0.0,0.0,0.0
14.27,0.0,0.0,0.0,0.0
13.38,0.0,0.0,0.0,0.0
13.68,0.0,0.0,0.0,0.0
12.54,0.0,0.0,0.0,0.0
13.94,0.65,96.48,0.0,0.0
27.71,1.76,91.98,0.0,0.0
59.36,3.24,93.54,0.0,46.2441
47.8,3.52,92.14,0.0,90.9708
50.91,3.61,93.54,0.0,122.444
56.31,4.29,92.26,0.0,128.664
50.4,5.15,92.64,0.0,140.884
54.86,4.89,97.83,0.0,202.027
53.92,3.07,103.91,0.0,159.025
51.99,2.98,106.61,0.0,162.648
53.8,3.98,107.86,0.0,147.632
38.83,2.35,102.58,0.0,35.7388
20.36,1.9,93.97,0.0,0.0
16.87,1.36,91.77,0.0,0.0
17.39,1.52,92.08,0.0,0.0
16.65,0.72,91.55,0.0,0.0
15.37,0.46,0.0,0.0,0.0
17.25,0.46,0.0,0.0,0.0
13.85,0.0,0.0,0.0,0.0
13.72,0.0,0.0,0.0,0.0
13.88,0.0,0.0,0.0,0.0
14.23,0.0,0.0,0.0,0.0
14.51,0.0,0.0,0.0,0.0
12.98,0.0,0.0,0.0,0.0
17.05,0.65,93.99,0.0,0.0
28.52,1.76,88.95,0.0,0.0
58.96,3.24,90.83,0.0,20.517
43.69,3.52,90.28,0.0,63.2384
46.7,3.61,91.66,0.0,142.497
49.95,4.29,100.51,0.0,275.695
54.18,5.14,110.14,0.0,386.092
47.44,4.88,112.82,0.0,372.821
43.99,3.07,116.21,0.0,487.339
47.99,2.98,119.5,0.0,581.439
56.47,3.97,119.08,0.0,450.421
46.91,2.35,108.94,0.0,327.934
24.0,1.89,93.1,0.0,101.609
18.86,1.36,85.18,0.0,0.0
16.81,1.52,79.72,0.0,0.0
16.24,0.72,73.73,0.0,0.0
17.72,0.46,0.0,0.0,0.0
15.61,0.46,0.0,0.0,0.0
12.86,0.0,0.0,0.0,0.0
8.39,0.0,0.0,0.0,0.0
8.75,0.0,0.0,0.0,0.0
8.93,0.0,0.0,0.0,0.0
9.22,0.0,0.0,0.0,0.0
9.12,0.0,0.0,0.0,0.0
15.29,0.65,36.15,0.0,0.0
19.66,1.02,38.42,0.0,0.0
21.78,1.39,44.09,0.0,12.4376
22.68,1.94,46.93,0.0,69.0923
26.1,1.76,56.38,0.0,159.148
29.08,2.13,63.07,0.0,310.371
19.88,1.85,66.14,0.0,381.555
18.87,1.76,73.38,0.0,500.79
18.22,1.39,76.2,0.0,532.43
16.6,1.2,79.34,0.0,444.257
18.38,1.29,80.26,0.0,455.207
14.81,0.65,79.41,0.0,302.219
12.46,0.65,0.0,0.0,82.8611
10.73,0.0,0.0,0.0,0.0
10.66,0.0,0.0,0.0,0.0
9.71,0.0,0.0,0.0,0.0
9.62,0.0,0.0,0.0,0.0
9.18,0.0,0.0,0.0,0.0
8.49,0.0,0.0,0.0,0.0
8.1,0.0,0.0,0.0,0.0
7.62,0.0,0.0,0.0,0.0
7.51,0.0,0.0,0.0,0.0
7.59,0.0,0.0,0.0,0.0
7.69,0.0,0.0,0.0,0.0
10.54,0.37,0.0,0.0,0.0
10.5,0.37,0.0,0.0,0.0
12.29,0.37,0.0,0.0,26.4745
12.0,0.37,0.0,0.0,86.4749
11.71,0.37,0.0,0.0,99.5378
10.51,0.55,0.0,0.0,251.001
11.3,0.55,0.0,0.0,667.172
11.95,0.83,37.99,0.0,725.9639999999999
12.63,0.55,45.38,0.0,653.32
12.34,0.37,16.37,0.0,478.987
11.01,0.37,29.33,0.0,326.462
10.87,0.37,0.0,0.0,188.308
9.66,0.0,0.0,0.0,57.5715
9.51,0.0,0.0,0.0,0.0
8.65,0.0,0.0,0.0,0.0
7.86,0.0,0.0,0.0,0.0
8.47,0.0,0.0,0.0,0.0
8.2,0.0,0.0,0.0,0.0
9.28,0.0,0.0,0.0,0.0
11.47,0.0,0.0,0.0,0.0
11.96,0.0,0.0,0.0,0.0
11.94,0.0,0.0,0.0,0.0
11.56,0.0,0.0,0.0,0.0
12.6,0.0,0.0,0.0,0.0
13.81,0.64,39.54,0.0,0.0
24.63,1.75,48.37,0.0,0.0
55.89,3.22,78.49,0.0,115.078
46.74,3.5,84.91,0.0,278.987
40.5,3.59,98.36,0.0,487.383
51.4,4.3,110.08,0.0,623.73
47.8,5.12,118.31,0.0,672.73
44.88,4.85,128.38,0.0,722.823
38.32,3.05,135.27,0.0,675.008
47.52,2.96,147.5,0.0,574.145
47.19,3.95,154.8,0.0,486.291
37.25,2.34,133.44,0.0,298.518
20.64,1.87,105.96,0.0,99.6814
16.3,1.37,98.38,0.0,0.0
15.69,1.54,94.04,0.0,0.0
16.43,0.73,89.86,0.0,0.0
16.94,0.46,0.0,0.0,0.0
15.26,0.46,0.0,0.0,0.0
12.96,0.0,0.0,0.0,0.0
11.67,0.0,0.0,0.0,0.0
12.75,0.0,0.0,0.0,0.0
14.06,0.0,0.0,0.0,0.0
13.33,0.0,0.0,0.0,0.0
13.92,0.0,0.0,0.0,0.0
15.1,0.64,55.25,0.0,0.0
27.28,1.75,68.55,0.0,0.0
61.39,3.22,88.42,0.0,132.421
54.51,3.49,102.92,0.0,327.39
51.17,3.59,118.98,0.0,498.728
48.89,4.27,139.77,0.0,617.123
55.31,5.11,150.99,0.0,690.15
55.11,4.84,165.58,0.0,704.8910000000001
47.21,3.05,173.24,0.0,667.0269999999999
44.16,2.95,181.1,0.0,524.425
44.04,3.94,178.25,0.0,416.602
34.5,2.33,143.22,0.0,236.703
19.79,1.88,113.38,0.0,87.0775
16.08,1.32,107.39,0.0,0.0
14.88,1.53,105.14,0.0,0.0
13.46,0.73,103.81,0.0,0.0
13.89,0.46,0.0,0.0,0.0
15.0,0.46,0.0,0.0,0.0
12.89,0.0,0.0,0.0,0.0
12.31,0.0,0.0,0.0,0.0
13.74,0.0,0.0,0.0,0.0
14.87,0.0,0.0,0.0,0.0
14.57,0.0,0.0,0.0,0.0
15.12,0.0,0.0,0.0,0.0
16.77,0.64,102.2,0.0,0.0
29.96,1.74,100.97,0.0,0.0
59.82,3.21,111.77,0.0,126.367
52.94,3.49,121.29,0.0,279.087
47.11,3.58,140.54,0.0,396.401
47.71,4.27,158.16,0.0,533.6569999999999
51.12,5.1,154.84,0.0,475.34
45.82,4.83,156.25,0.0,321.999
44.73,3.04,156.55,0.0,403.622
47.24,2.96,147.08,0.0,222.219
46.73,3.94,150.0,0.0,180.211
41.31,2.32,128.91,0.0,215.92
18.28,1.89,112.44,0.0,66.4291
15.43,1.33,110.67,0.0,0.0
16.49,1.5,109.53,0.0,0.0
15.71,0.71,108.52,0.0,0.0
13.67,0.46,0.0,0.0,0.0
16.17,0.46,0.0,0.0,0.0
14.04,0.0,0.0,0.0,0.0
13.13,0.0,0.0,0.0,0.0
14.44,0.0,0.0,0.0,0.0
13.61,0.0,0.0,0.0,0.0
13.88,0.0,0.0,0.0,0.0
13.11,0.0,0.0,0.0,0.0
15.86,0.64,95.16,0.0,0.0
25.29,1.74,95.02,0.0,0.0
48.52,3.21,112.59,0.0,134.981
44.78,3.48,133.5,0.0,330.726
49.47,3.57,153.46,0.0,502.727
45.14,4.25,166.7,0.0,627.562
41.81,5.1,164.73,0.0,696.6189999999999
41.18,4.83,172.72,0.0,715.5310000000001
46.04,3.04,174.12,0.0,692.0189999999999
41.1,2.94,176.45,0.0,530.298
48.51,3.92,166.97,0.0,344.833
40.45,2.33,139.16,0.0,260.577
21.71,1.87,115.62,0.0,104.72
18.65,1.33,114.04,0.0,0.0
17.73,1.54,110.78,0.0,0.0
14.98,0.73,108.9,0.0,0.0
13.26,0.46,0.0,0.0,0.0
15.59,0.46,0.0,0.0,0.0
12.46,0.0,0.0,0.0,0.0
11.82,0.0,0.0,0.0,0.0
11.05,0.0,0.0,0.0,0.0
10.41,0.0,0.0,0.0,0.0
13.01,0.0,0.0,0.0,0.0
13.41,0.0,0.0,0.0,0.0
15.96,0.64,98.97,0.0,0.0
26.01,1.74,102.96,0.0,0.0
52.31,3.2,120.69,0.0,114.43
43.52,3.48,140.47,0.0,332.455
48.42,3.57,155.63,0.0,504.551
52.86,4.25,169.24,0.0,623.073
55.8,5.08,169.81,0.0,708.5010000000001
58.37,4.81,179.86,0.0,725.4689999999999
56.31,3.03,181.18,0.0,678.9630000000001
51.68,2.95,191.64,0.0,601.79
53.06,3.93,197.02,0.0,484.535
44.7,2.31,168.77,0.0,310.495
19.27,1.88,125.75,0.0,101.012
15.58,1.33,113.07,0.0,0.0
15.17,1.49,113.52,0.0,0.0
16.49,0.71,112.96,0.0,0.0
16.14,0.46,0.0,0.0,0.0
16.2,0.46,0.0,0.0,0.0
11.41,0.0,0.0,0.0,0.0
8.39,0.0,0.0,0.0,0.0
9.37,0.0,0.0,0.0,0.0
10.05,0.0,0.0,0.0,0.0
9.96,0.0,0.0,0.0,0.0
9.69,0.0,0.0,0.0,0.0
17.5,0.64,103.91,0.0,0.0
20.55,1.0,101.24,0.0,0.0
21.12,1.37,102.72,0.0,124.962
24.26,1.92,111.22,0.0,301.761
26.64,1.73,127.87,0.0,497.365
28.7,2.1,131.64,0.0,551.244
22.31,1.83,130.18,0.0,629.403
21.22,1.73,128.11,0.0,578.243
17.98,1.37,124.94,0.0,453.565
15.5,1.19,125.08,0.0,409.84
16.59,1.28,124.35,0.0,360.066
14.7,0.64,119.12,0.0,180.146
12.04,0.64,0.0,0.0,20.5683
8.88,0.0,0.0,0.0,0.0
8.18,0.0,0.0,0.0,0.0
8.96,0.0,0.0,0.0,0.0
8.7,0.0,0.0,0.0,0.0
9.74,0.0,0.0,0.0,0.0
9.67,0.0,0.0,0.0,0.0
9.97,0.0,0.0,0.0,0.0
9.27,0.0,0.0,0.0,0.0
8.85,0.0,0.0,0.0,0.0
8.95,0.0,0.0,0.0,0.0
8.45,0.0,0.0,0.0,0.0
11.13,0.36,0.0,0.0,0.0
12.17,0.36,0.0,0.0,0.0
10.64,0.36,0.0,0.0,54.4493
10.24,0.36,0.0,0.0,217.047
11.62,0.36,39.82,0.0,393.32
11.18,0.55,23.96,0.0,390.037
11.75,0.55,57.19,0.0,488.109
10.44,0.82,90.99,0.0,733.4830000000001
12.22,0.55,50.9,0.0,511.991
12.17,0.36,59.91,0.0,437.448
11.83,0.36,73.06,0.0,341.99300000000005
11.69,0.36,66.26,0.0,326.065
10.09,0.0,63.31,0.0,108.448
10.94,0.0,17.34,0.0,0.0
11.6,0.0,0.0,0.0,0.0
11.6,0.0,0.0,0.0,0.0
11.6,0.0,0.0,0.0,0.0
11.6,0.0,0.0,0.0,0.0
11.6,0.0,0.0,0.0,0.0
14.67,0.0,0.0,0.0,0.0
14.54,0.0,0.0,0.0,0.0
15.46,0.0,0.0,0.0,0.0
14.5,0.0,0.0,0.0,0.0
14.54,0.0,0.0,0.0,0.0
15.89,0.64,31.88,0.0,0.0
29.11,1.73,29.52,0.0,0.0
62.8,3.18,36.09,0.0,130.268
57.75,3.46,45.2,0.0,213.571
58.02,3.55,54.89,0.0,316.118
58.1,4.26,58.36,0.0,238.56
61.69,5.06,63.73,0.0,266.058
62.45,4.78,74.22,0.0,341.686
54.61,3.01,74.69,0.0,313.842
49.37,2.93,73.29,0.0,181.704
46.64,3.9,74.34,0.0,134.898
39.79,2.3,67.74,0.0,90.8067
17.86,1.87,62.06,0.0,79.0453
15.91,1.32,59.85,0.0,0.0
16.37,1.48,58.31,0.0,0.0
16.91,0.7,58.69,0.0,0.0
17.16,0.45,0.0,0.0,0.0
15.17,0.45,0.0,0.0,0.0
12.15,0.0,0.0,0.0,0.0
11.26,0.0,0.0,0.0,0.0
10.52,0.0,0.0,0.0,0.0
12.38,0.0,0.0,0.0,0.0
11.09,0.0,0.0,0.0,0.0
10.18,0.0,0.0,0.0,0.0
12.44,0.64,59.75,0.0,0.0
24.39,1.72,71.0,0.0,0.0
55.42,3.18,78.1,0.0,79.7456
47.68,3.45,82.12,0.0,188.728
48.8,3.54,87.71,0.0,312.073
48.24,4.21,95.49,0.0,455.878
47.99,5.05,98.44,0.0,339.548
52.36,4.78,100.77,0.0,239.507
46.63,3.01,100.66,0.0,190.628
43.96,2.92,102.34,0.0,155.861
43.88,3.9,106.0,0.0,122.912
40.88,2.3,101.86,0.0,66.911
18.93,1.87,94.89,0.0,77.5339
14.85,1.32,91.2,0.0,0.0
14.92,1.48,88.52,0.0,0.0
14.85,0.7,85.91,0.0,0.0
13.67,0.45,0.0,0.0,0.0
16.04,0.45,0.0,0.0,0.0
12.31,0.0,0.0,0.0,0.0
13.13,0.0,0.0,0.0,0.0
13.66,0.0,0.0,0.0,0.0
13.13,0.0,0.0,0.0,0.0
12.54,0.0,0.0,0.0,0.0
13.32,0.0,0.0,0.0,0.0
17.73,0.63,31.02,0.0,0.0
27.56,1.72,60.18,0.0,0.0
57.1,3.17,89.24,0.0,157.558
50.76,3.44,101.93,0.0,361.568
46.19,3.53,107.69,0.0,488.223
46.95,4.2,112.21,0.0,428.598
47.41,5.04,117.95,0.0,609.2819999999999
51.73,4.77,127.08,0.0,632.61
49.4,3.0,125.17,0.0,580.759
43.75,2.92,129.14,0.0,502.324
50.83,3.89,124.15,0.0,366.871
41.59,2.29,102.12,0.0,260.298
22.29,1.86,89.94,0.0,71.8422
20.54,1.32,85.45,0.0,0.0
20.77,1.48,81.89,0.0,0.0
19.16,0.7,79.6,0.0,0.0
18.15,0.45,0.0,0.0,0.0
17.57,0.45,0.0,0.0,0.0
13.88,0.0,0.0,0.0,0.0
14.56,0.0,0.0,0.0,0.0
13.01,0.0,0.0,0.0,0.0
11.65,0.0,0.0,0.0,0.0
13.22,0.0,0.0,0.0,0.0
11.5,0.0,0.0,0.0,0.0
15.34,0.63,91.07,0.0,0.0
25.13,1.72,92.6,0.0,0.0
56.37,3.17,100.79,0.0,20.3911
51.7,3.44,101.52,0.0,32.5297
53.6,3.53,103.33,0.0,59.3029
53.51,4.2,102.89,0.0,102.831
56.77,5.03,86.93,0.0,91.4342
50.4,4.75,70.54,0.0,91.0318
45.83,3.0,65.78,0.0,81.2014
41.98,2.91,63.21,0.0,142.80700000000002
51.93,3.88,63.22,0.0,63.5602
37.28,2.29,67.7,0.0,75.0573
19.6,1.85,70.36,0.0,37.5488
18.52,1.33,71.89,0.0,0.0
18.36,1.49,71.14,0.0,0.0
15.25,0.7,75.02,0.0,0.0
16.76,0.45,0.0,0.0,0.0
17.13,0.45,0.0,0.0,0.0
12.04,0.0,0.0,0.0,0.0
13.37,0.0,0.0,0.0,0.0
12.1,0.0,0.0,0.0,0.0
13.74,0.0,0.0,0.0,0.0
14.82,0.0,0.0,0.0,0.0
15.43,0.0,0.0,0.0,0.0
19.16,0.63,0.0,0.0,0.0
33.26,1.71,0.0,0.0,0.0
67.6,3.16,0.0,0.0,179.21900000000002
60.44,3.43,4.22,0.0,405.98
57.74,3.52,13.42,0.0,599.636
60.44,4.19,22.87,0.0,731.7339999999999
57.82,5.02,31.74,0.0,803.02
60.22,4.74,41.26,0.0,831.7919999999999
58.02,2.99,48.71,0.0,786.2189999999999
54.65,2.91,57.22,0.0,683.7560000000001
61.64,3.87,62.5,0.0,548.2330000000001
48.93,2.29,53.7,0.0,350.784
24.0,1.84,43.49,0.0,122.098
20.77,1.33,38.53,0.0,0.0
19.28,1.49,35.71,0.0,0.0
18.42,0.71,33.65,0.0,0.0
17.89,0.45,0.0,0.0,0.0
18.5,0.45,0.0,0.0,0.0
15.46,0.0,0.0,0.0,0.0
11.6,0.0,0.0,0.0,0.0
11.6,0.0,0.0,0.0,0.0
11.02,0.0,0.0,0.0,0.0
9.93,0.0,0.0,0.0,0.0
9.21,0.0,0.0,0.0,0.0
15.28,0.63,0.0,0.0,0.0
22.99,0.99,0.0,0.0,39.4235
26.79,1.35,1.55,0.0,172.885
31.91,1.89,9.98,0.0,385.705
28.08,1.71,21.97,0.0,564.715
31.61,2.07,33.11,0.0,685.819
20.59,1.8,40.46,0.0,701.0369999999999
18.96,1.71,49.79,0.0,758.836
17.51,1.35,55.78,0.0,721.311
14.27,1.17,58.69,0.0,659.3989999999999
15.23,1.26,58.98,0.0,528.067
12.7,0.63,51.67,0.0,346.867
12.02,0.63,0.0,0.0,120.506
9.11,0.0,0.0,0.0,0.0263303
8.09,0.0,0.0,0.0,0.0
7.83,0.0,0.0,0.0,0.0
9.3,0.0,0.0,0.0,0.0
10.11,0.0,0.0,0.0,0.0
9.19,0.0,0.0,0.0,0.0
8.26,0.0,0.0,0.0,0.0
8.07,0.0,0.0,0.0,0.0
9.0,0.0,0.0,0.0,0.0
10.06,0.0,0.0,0.0,0.0
8.93,0.0,0.0,0.0,0.0
11.91,0.36,0.0,0.0,0.0
11.22,0.36,0.0,0.0,39.34
10.15,0.36,0.0,0.0,169.236
9.43,0.36,15.81,0.0,378.831
11.84,0.36,27.1,0.0,554.586
12.77,0.54,27.08,0.0,680.1060000000001
11.51,0.54,33.8,0.0,742.796
10.82,0.81,69.29,0.0,761.127
9.81,0.54,63.07,0.0,740.577
10.92,0.36,47.3,0.0,669.613
10.51,0.36,64.25,0.0,528.648
10.85,0.36,68.98,0.0,333.57800000000003
8.61,0.0,30.28,0.0,115.363
9.55,0.0,0.0,0.0,0.0
10.41,0.0,0.0,0.0,0.0
11.22,0.0,0.0,0.0,0.0
11.34,0.0,0.0,0.0,0.0
11.6,0.0,0.0,0.0,0.0
11.52,0.0,0.0,0.0,0.0
15.46,0.0,0.0,0.0,0.0
14.12,0.0,0.0,0.0,0.0
15.23,0.0,0.0,0.0,0.0
15.46,0.0,0.0,0.0,0.0
15.46,0.0,0.0,0.0,0.0
19.16,0.63,50.0,0.0,0.0
33.26,1.7,70.91,0.0,39.018
70.53,3.14,91.58,0.0,162.387
54.75,3.41,106.3,0.0,361.482
52.38,3.5,112.53,0.0,355.319
54.14,4.21,120.42,0.0,445.291
55.54,4.98,129.14,0.0,731.784
58.76,4.72,131.57,0.0,677.564
51.32,2.97,135.4,0.0,662.9689999999999
47.41,2.89,143.51,0.0,584.7819999999999
52.84,3.84,148.56,0.0,507.611
42.62,2.27,127.92,0.0,326.16200000000003
18.15,1.82,103.42,0.0,115.075
15.66,1.34,95.61,0.0,0.63565
14.96,1.5,91.85,0.0,0.0
12.76,0.71,88.79,0.0,0.0
13.91,0.45,0.0,0.0,0.0
13.46,0.45,0.0,0.0,0.0
12.27,0.0,0.0,0.0,0.0
13.72,0.0,0.0,0.0,0.0
14.81,0.0,0.0,0.0,0.0
15.12,0.0,0.0,0.0,0.0
15.46,0.0,0.0,0.0,0.0
15.46,0.0,0.0,0.0,0.0
19.16,0.63,51.69,0.0,0.0
33.26,1.7,69.09,0.0,40.6504
70.91,3.13,90.66,0.0,155.28
60.44,3.4,108.92,0.0,367.348
58.02,3.49,126.31,0.0,478.732
60.44,4.17,144.57,0.0,667.2189999999999
61.69,4.97,141.87,0.0,727.635
60.96,4.72,151.14,0.0,747.8489999999999
52.94,2.97,154.08,0.0,742.821
52.52,2.87,151.65,0.0,488.448
58.44,3.83,153.05,0.0,487.406
45.95,2.27,128.7,0.0,330.675
20.64,1.84,104.37,0.0,115.324
18.58,1.29,96.62,0.0,0.644228
19.37,1.46,93.34,0.0,0.0
16.28,0.72,90.09,0.0,0.0
15.7,0.45,0.0,0.0,0.0
14.59,0.45,0.0,0.0,0.0
12.49,0.0,0.0,0.0,0.0
12.64,0.0,0.0,0.0,0.0
11.39,0.0,0.0,0.0,0.0
13.07,0.0,0.0,0.0,0.0
12.17,0.0,0.0,0.0,0.0
12.98,0.0,0.0,0.0,0.0
14.92,0.63,82.22,0.0,0.0
27.75,1.7,87.48,0.0,42.0392
52.35,3.13,105.88,0.0,168.43400000000003
46.07,3.4,117.35,0.0,360.663
48.49,3.48,124.78,0.0,535.7180000000001
47.19,4.17,130.34,0.0,661.08
43.98,4.97,128.46,0.0,696.7360000000001
48.94,4.7,142.32,0.0,577.964
48.79,2.96,148.16,0.0,475.38
52.99,2.87,146.62,0.0,384.198
58.16,3.83,142.34,0.0,231.509
45.91,2.26,115.99,0.0,173.153
22.49,1.83,104.69,0.0,32.6659
19.06,1.31,103.23,0.0,0.0
17.37,1.47,101.92,0.0,0.0
14.05,0.7,102.54,0.0,0.0
13.67,0.45,0.0,0.0,0.0
15.21,0.45,0.0,0.0,0.0
13.16,0.0,0.0,0.0,0.0
13.16,0.0,0.0,0.0,0.0
11.85,0.0,0.0,0.0,0.0
12.46,0.0,0.0,0.0,0.0
13.52,0.0,0.0,0.0,0.0
12.37,0.0,0.0,0.0,0.0
14.14,0.62,110.71,0.0,0.0
22.43,1.69,110.69,0.0,29.7771
55.97,3.12,121.22,0.0,144.702
53.57,3.39,135.08,0.0,368.522
46.94,3.48,152.02,0.0,548.023
51.15,4.15,166.15,0.0,671.041
47.65,4.95,164.86,0.0,746.6610000000001
54.46,4.7,170.29,0.0,768.6389999999999
48.81,2.95,175.04,0.0,740.745
52.9,2.86,181.37,0.0,654.696
50.61,3.82,181.92,0.0,518.239
44.12,2.26,152.02,0.0,328.65
21.21,1.83,120.91,0.0,115.934
19.75,1.28,113.65,0.0,1.41011
20.77,1.46,110.89,0.0,0.0
18.2,0.71,108.57,0.0,0.0
19.1,0.45,0.0,0.0,0.0
19.16,0.45,0.0,0.0,0.0
15.46,0.0,0.0,0.0,0.0
15.25,0.0,0.0,0.0,0.0
14.6,0.0,0.0,0.0,0.0
15.46,0.0,0.0,0.0,0.0
14.86,0.0,0.0,0.0,0.0
15.46,0.0,0.0,0.0,0.0
19.16,0.62,108.96,0.0,0.0
33.23,1.69,108.51,0.0,45.3463
70.91,3.11,131.98,0.0,172.558
59.14,3.38,154.86,0.0,367.59
58.02,3.47,173.05,0.0,534.156
58.17,4.16,176.15,0.0,666.727
61.31,4.95,167.39,0.0,744.7739999999999
62.45,4.67,178.05,0.0,767.382
58.02,2.95,182.5,0.0,737.336
58.02,2.86,178.52,0.0,550.836
61.11,3.81,177.36,0.0,420.717
47.53,2.25,154.27,0.0,317.664
23.82,1.81,122.77,0.0,113.274
20.77,1.32,112.66,0.0,1.34798
20.77,1.48,107.22,0.0,0.0
18.88,0.7,101.77,0.0,0.0
19.16,0.44,0.0,0.0,0.0
19.16,0.44,0.0,0.0,0.0
15.46,0.0,0.0,0.0,0.0
11.36,0.0,0.0,0.0,0.0
10.32,0.0,0.0,0.0,0.0
11.14,0.0,0.0,0.0,0.0
11.16,0.0,0.0,0.0,0.0
11.39,0.0,0.0,0.0,0.0
19.16,0.62,88.49,0.0,0.0
25.59,0.98,54.65,0.0,9.45706
29.59,1.33,36.77,0.0,21.7257
32.14,1.86,29.5,0.0,119.464
29.21,1.69,34.44,0.0,218.557
29.81,2.04,40.22,0.0,334.551
21.11,1.78,43.9,0.0,536.48
17.51,1.69,58.25,0.0,756.669
13.97,1.33,65.88,0.0,431.064
12.18,1.15,70.07,0.0,574.344
13.16,1.24,76.36,0.0,512.288
13.79,0.62,74.85,0.0,326.228
10.44,0.62,18.27,0.0,116.554
9.01,0.0,0.0,0.0,1.4779799999999998
10.26,0.0,0.0,0.0,0.0
9.02,0.0,0.0,0.0,0.0
10.22,0.0,0.0,0.0,0.0
9.72,0.0,0.0,0.0,0.0
10.13,0.0,0.0,0.0,0.0
8.8,0.0,0.0,0.0,0.0
8.62,0.0,0.0,0.0,0.0
9.84,0.0,0.0,0.0,0.0
9.11,0.0,0.0,0.0,0.0
10.06,0.0,0.0,0.0,0.0
11.03,0.35,0.0,0.0,0.0
11.89,0.35,0.0,0.0,43.3777
12.69,0.35,0.0,0.0,164.547
11.29,0.35,20.94,0.0,352.09
11.67,0.35,15.19,0.0,493.625
11.53,0.53,22.44,0.0,585.857
12.16,0.53,3.86,0.0,619.158
13.06,0.8,32.65,0.0,600.018
11.93,0.53,13.42,0.0,493.865
11.3,0.35,0.0,0.0,220.333
10.08,0.35,0.0,0.0,83.8235
11.06,0.35,0.0,0.0,36.9845
9.83,0.0,0.0,0.0,43.0405
10.34,0.0,0.0,0.0,0.0
9.5,0.0,0.0,0.0,0.0
9.45,0.0,0.0,0.0,0.0
8.86,0.0,0.0,0.0,0.0
8.15,0.0,0.0,0.0,0.0
9.67,0.0,0.0,0.0,0.0
12.4,0.0,0.0,0.0,0.0
12.73,0.0,0.0,0.0,0.0
13.97,0.0,0.0,0.0,0.0
14.07,0.0,0.0,0.0,0.0
14.12,0.0,0.0,0.0,0.0
15.88,0.62,111.23,0.0,0.0
30.42,1.68,109.29,0.0,27.0503
64.73,3.09,120.07,0.0,155.99200000000002
59.35,3.36,134.81,0.0,343.842
58.02,3.45,156.47,0.0,530.701
59.53,4.15,169.61,0.0,570.9580000000001
60.66,4.9,174.33,0.0,531.76
55.11,4.66,177.84,0.0,464.83
50.27,2.93,176.34,0.0,407.615
46.75,2.83,172.54,0.0,415.231
54.85,3.79,172.94,0.0,415.257
38.23,2.23,144.67,0.0,211.453
18.32,1.82,121.22,0.0,45.5879
15.74,1.29,119.37,0.0,0.0
18.14,1.45,116.29,0.0,0.0
17.09,0.69,111.35,0.0,0.0
17.79,0.44,0.0,0.0,0.0
18.33,0.44,0.0,0.0,0.0
15.18,0.0,0.0,0.0,0.0
15.29,0.0,0.0,0.0,0.0
14.9,0.0,0.0,0.0,0.0
13.69,0.0,0.0,0.0,0.0
12.2,0.0,0.0,0.0,0.0
13.34,0.0,0.0,0.0,0.0
15.22,0.62,117.39,0.0,0.0
24.41,1.68,116.68,0.0,37.2473
60.34,3.09,139.13,0.0,176.835
45.74,3.35,155.01,0.0,365.002
50.38,3.44,169.46,0.0,449.639
51.82,4.11,175.69,0.0,478.919
52.91,4.89,171.3,0.0,410.226
55.14,4.65,178.15,0.0,618.133
54.92,2.92,184.29,0.0,570.131
49.32,2.83,187.67,0.0,512.327
47.61,3.79,189.71,0.0,415.217
36.86,2.23,164.83,0.0,312.981
20.51,1.8,130.28,0.0,113.224
17.3,1.29,120.86,0.0,1.35899
16.11,1.46,117.91,0.0,0.0
16.13,0.69,114.01,0.0,0.0
13.98,0.44,0.0,0.0,0.0
16.45,0.44,0.0,0.0,0.0
14.07,0.0,0.0,0.0,0.0
12.51,0.0,0.0,0.0,0.0
12.77,0.0,0.0,0.0,0.0
12.81,0.0,0.0,0.0,0.0
13.07,0.0,0.0,0.0,0.0
12.84,0.0,0.0,0.0,0.0
14.16,0.62,114.23,0.0,0.0
24.63,1.67,116.49,0.0,37.5723
54.43,3.08,146.41,0.0,178.581
50.73,3.34,162.98,0.0,329.117
48.1,3.43,174.15,0.0,455.991
50.28,4.11,179.98,0.0,417.014
54.66,4.89,179.85,0.0,437.085
48.37,4.63,186.49,0.0,748.438
50.06,2.91,186.58,0.0,702.703
46.32,2.83,187.47,0.0,613.486
51.51,3.77,183.95,0.0,419.535
38.07,2.23,161.3,0.0,267.996
21.19,1.79,128.78,0.0,97.9044
18.95,1.31,119.86,0.0,2.14587
17.26,1.47,117.72,0.0,0.0
17.18,0.7,116.2,0.0,0.0
15.99,0.44,0.0,0.0,0.0
15.89,0.44,0.0,0.0,0.0
14.18,0.0,0.0,0.0,0.0
15.35,0.0,0.0,0.0,0.0
15.46,0.0,0.0,0.0,0.0
14.49,0.0,0.0,0.0,0.0
13.19,0.0,0.0,0.0,0.0
14.11,0.0,0.0,0.0,0.0
15.6,0.61,133.74,0.0,0.0
29.48,1.67,130.09,0.0,38.9844
68.23,3.07,158.92,0.0,178.053
60.15,3.34,171.46,0.0,311.65
52.98,3.42,179.23,0.0,405.439
59.77,4.1,185.81,0.0,426.78
58.66,4.88,186.81,0.0,458.532
62.24,4.61,194.71,0.0,465.775
58.02,2.91,192.38,0.0,417.108
58.02,2.82,188.42,0.0,297.677
61.64,3.76,190.38,0.0,293.823
48.8,2.22,163.59,0.0,94.0527
24.0,1.79,137.83,0.0,6.092630000000001
20.77,1.25,132.79,0.0,0.0
20.77,1.45,129.23,0.0,0.0
18.59,0.7,126.74,0.0,0.0
19.16,0.44,0.0,0.0,0.0
17.94,0.44,0.0,0.0,0.0
14.39,0.0,0.0,0.0,0.0
14.23,0.0,0.0,0.0,0.0
13.39,0.0,0.0,0.0,0.0
11.82,0.0,0.0,0.0,0.0
12.21,0.0,0.0,0.0,0.0
13.16,0.0,0.0,0.0,0.0
14.78,0.61,124.39,0.0,0.0
25.34,1.66,120.86,0.0,41.145
60.1,3.07,144.54,0.0,160.555
54.83,3.33,160.82,0.0,308.945
55.47,3.42,172.21,0.0,411.601
52.98,4.1,181.87,0.0,567.908
52.76,4.86,183.59,0.0,677.202
53.39,4.61,196.67,0.0,614.531
44.14,2.9,190.32,0.0,460.456
48.11,2.81,164.64,0.0,225.931
46.6,3.75,154.29,0.0,308.137
35.6,2.21,123.29,0.0,143.921
19.0,1.81,110.74,0.0,8.661480000000001
15.44,1.27,108.76,0.0,0.0
17.36,1.43,107.59,0.0,0.0
16.68,0.68,107.27,0.0,0.0
17.52,0.44,0.0,0.0,0.0
17.76,0.44,0.0,0.0,0.0
14.93,0.0,0.0,0.0,0.0
10.27,0.0,0.0,0.0,0.0
9.96,0.0,0.0,0.0,0.0
8.9,0.0,0.0,0.0,0.0
8.64,0.0,0.0,0.0,0.0
8.88,0.0,0.0,0.0,0.0
15.09,0.61,109.49,0.0,0.0
22.48,0.96,105.76,0.0,16.2223
24.47,1.31,103.21,0.0,111.29
26.92,1.84,104.64,0.0,199.9
22.5,1.66,106.01,0.0,292.778
23.87,2.01,110.25,0.0,504.552
18.55,1.75,116.22,0.0,550.5
14.7,1.66,119.5,0.0,491.367
13.99,1.31,122.56,0.0,495.228
13.45,1.14,116.29,0.0,186.148
14.66,1.22,110.68,0.0,56.7194
11.81,0.61,105.79,0.0,39.6376
10.4,0.61,0.0,0.0,0.0
8.49,0.0,0.0,0.0,0.0
9.63,0.0,0.0,0.0,0.0
9.38,0.0,0.0,0.0,0.0
10.18,0.0,0.0,0.0,0.0
9.59,0.0,0.0,0.0,0.0
8.75,0.0,0.0,0.0,0.0
9.65,0.0,0.0,0.0,0.0
9.76,0.0,0.0,0.0,0.0
9.53,0.0,0.0,0.0,0.0
9.69,0.0,0.0,0.0,0.0
9.67,0.0,0.0,0.0,0.0
12.82,0.35,0.0,0.0,0.0
11.57,0.35,0.0,0.0,6.36831
12.02,0.35,0.0,0.0,27.5536
12.04,0.35,0.0,0.0,38.0414
12.63,0.35,0.0,0.0,93.5056
13.43,0.52,0.0,0.0,159.529
14.37,0.52,0.0,0.0,154.265
14.37,0.78,0.0,0.0,312.24
14.37,0.52,0.0,0.0,193.051
13.45,0.35,0.0,0.0,173.77700000000002
12.55,0.35,0.0,0.0,131.933
13.12,0.35,0.0,0.0,134.32399999999998
10.44,0.0,0.0,0.0,39.2711
9.6,0.0,0.0,0.0,0.0
9.44,0.0,0.0,0.0,0.0
9.51,0.0,0.0,0.0,0.0
9.37,0.0,0.0,0.0,0.0
8.43,0.0,0.0,0.0,0.0
8.94,0.0,0.0,0.0,0.0
11.26,0.0,0.0,0.0,0.0
11.78,0.0,0.0,0.0,0.0
12.2,0.0,0.0,0.0,0.0
13.26,0.0,0.0,0.0,0.0
13.85,0.0,0.0,0.0,0.0
17.36,0.61,135.98,0.0,0.0
26.87,1.65,125.63,0.0,17.0099
54.5,3.04,129.77,0.0,30.4428
43.1,3.31,130.77,0.0,55.9846
39.61,3.39,122.57,0.0,141.048
50.41,4.09,123.06,0.0,134.247
55.87,4.84,124.27,0.0,237.71400000000003
55.85,4.57,143.81,0.0,559.268
46.7,2.88,163.56,0.0,642.489
47.08,2.8,176.57,0.0,622.635
48.21,3.72,178.76,0.0,422.995
38.68,2.2,157.68,0.0,251.257
21.18,1.77,132.9,0.0,110.119
17.88,1.25,124.82,0.0,2.89119
15.49,1.42,120.59,0.0,0.0
15.87,0.7,114.67,0.0,0.0
15.44,0.43,0.0,0.0,0.0
15.71,0.43,0.0,0.0,0.0
11.78,0.0,0.0,0.0,0.0
10.71,0.0,0.0,0.0,0.0
12.69,0.0,0.0,0.0,0.0
11.35,0.0,0.0,0.0,0.0
10.43,0.0,0.0,0.0,0.0
11.71,0.0,0.0,0.0,0.0
15.86,0.61,147.06,0.0,0.0
27.89,1.65,141.65,0.0,3.76971
52.7,3.04,123.46,0.0,7.99523
50.38,3.3,107.14,0.0,11.3103
49.83,3.38,103.96,0.0,28.6015
47.54,4.08,107.01,0.0,70.8371
46.82,4.81,109.57,0.0,80.6059
49.24,4.57,107.77,0.0,62.1119
42.42,2.87,104.06,0.0,74.4237
40.77,2.78,104.8,0.0,85.6567
51.75,3.72,109.93,0.0,73.1237
38.54,2.2,106.99,0.0,37.4191
19.92,1.76,100.0,0.0,44.2297
17.74,1.29,96.25,0.0,0.718961
18.31,1.45,93.49,0.0,0.0
16.84,0.69,90.3,0.0,0.0
16.91,0.43,0.0,0.0,0.0
16.96,0.43,0.0,0.0,0.0
14.59,0.0,0.0,0.0,0.0
14.01,0.0,0.0,0.0,0.0
14.54,0.0,0.0,0.0,0.0
12.81,0.0,0.0,0.0,0.0
12.83,0.0,0.0,0.0,0.0
13.72,0.0,0.0,0.0,0.0
16.66,0.61,99.09,0.0,0.0
28.69,1.65,103.7,0.0,45.1718
62.33,3.03,117.78,0.0,119.513
51.53,3.29,120.56,0.0,214.679
47.37,3.38,131.23,0.0,435.207
43.92,4.05,147.26,0.0,372.877
44.95,4.81,155.78,0.0,448.382
41.91,4.55,175.79,0.0,644.972
40.06,2.87,171.27,0.0,571.639
43.45,2.78,151.93,0.0,176.74599999999998
49.77,3.71,127.41,0.0,236.028
41.11,2.19,109.69,0.0,217.773
18.16,1.78,107.45,0.0,90.8948
14.17,1.26,108.08,0.0,2.39043
17.43,1.42,108.92,0.0,0.0
15.38,0.68,111.35,0.0,0.0
14.51,0.43,0.0,0.0,0.0
15.06,0.43,0.0,0.0,0.0
11.21,0.0,0.0,0.0,0.0
11.04,0.0,0.0,0.0,0.0
12.43,0.0,0.0,0.0,0.0
13.75,0.0,0.0,0.0,0.0
13.12,0.0,0.0,0.0,0.0
11.55,0.0,0.0,0.0,0.0
14.22,0.6,111.75,0.0,0.0
25.71,1.64,108.81,0.0,5.51941
60.36,3.02,116.12,0.0,24.1855
54.33,3.28,117.35,0.0,167.905
48.88,3.37,123.32,0.0,184.477
55.63,4.04,133.62,0.0,361.29
51.79,4.8,146.76,0.0,493.98800000000006
51.85,4.54,156.81,0.0,511.05
51.01,2.86,149.83,0.0,330.154
46.96,2.77,148.7,0.0,348.63199999999995
50.97,3.7,151.84,0.0,315.315
42.68,2.18,125.96,0.0,176.108
18.34,1.78,112.48,0.0,48.5706
17.32,1.26,112.88,0.0,0.0
17.3,1.42,112.82,0.0,0.0
16.32,0.67,110.84,0.0,0.0
15.7,0.43,0.0,0.0,0.0
16.45,0.43,0.0,0.0,0.0
12.8,0.0,0.0,0.0,0.0
11.39,0.0,0.0,0.0,0.0
12.22,0.0,0.0,0.0,0.0
12.54,0.0,0.0,0.0,0.0
11.16,0.0,0.0,0.0,0.0
11.03,0.0,0.0,0.0,0.0
13.82,0.6,103.15,0.0,0.0
26.24,1.64,103.18,0.0,48.0979
59.87,3.02,116.25,0.0,144.179
54.17,3.27,119.71,0.0,246.806
46.79,3.36,134.21,0.0,375.927
53.68,4.03,150.33,0.0,457.405
50.9,4.79,160.92,0.0,502.643
54.8,4.53,175.69,0.0,686.931
49.72,2.85,181.06,0.0,693.3380000000001
48.22,2.76,188.82,0.0,608.076
55.87,3.69,185.13,0.0,431.85
39.64,2.18,159.61,0.0,260.619
19.37,1.77,127.96,0.0,82.7038
15.67,1.26,123.16,0.0,1.40215
14.2,1.42,121.98,0.0,0.0
13.54,0.67,120.23,0.0,0.0
13.34,0.43,0.0,0.0,0.0
13.55,0.43,0.0,0.0,0.0
13.09,0.0,0.0,0.0,0.0
9.64,0.0,0.0,0.0,0.0
8.76,0.0,0.0,0.0,0.0
7.85,0.0,0.0,0.0,0.0
8.72,0.0,0.0,0.0,0.0
8.86,0.0,0.0,0.0,0.0
14.41,0.6,121.03,0.0,0.0
21.64,0.95,113.57,0.0,0.664367
25.32,1.29,109.84,0.0,9.59743
30.08,1.81,106.84,0.0,75.2067
30.14,1.63,106.01,0.0,370.153
34.02,1.98,107.95,0.0,331.117
25.23,1.72,111.98,0.0,328.401
22.0,1.63,122.09,0.0,638.0840000000001
19.68,1.29,122.78,0.0,313.254
18.38,1.12,120.91,0.0,174.04
18.78,1.2,118.78,0.0,89.0262
16.79,0.6,116.82,0.0,38.4943
14.37,0.6,0.0,0.0,34.5578
11.28,0.0,0.0,0.0,0.0
11.4,0.0,0.0,0.0,0.0
11.34,0.0,0.0,0.0,0.0
10.49,0.0,0.0,0.0,0.0
11.28,0.0,0.0,0.0,0.0
10.34,0.0,0.0,0.0,0.0
10.98,0.0,0.0,0.0,0.0
11.6,0.0,0.0,0.0,0.0
11.02,0.0,0.0,0.0,0.0
11.6,0.0,0.0,0.0,0.0
11.01,0.0,0.0,0.0,0.0
14.37,0.34,0.0,0.0,0.0
13.05,0.34,0.0,0.0,22.0178
12.82,0.34,0.0,0.0,124.536
12.09,0.34,48.22,0.0,372.409
13.17,0.34,93.17,0.0,552.7040000000001
13.15,0.51,69.17,0.0,680.375
13.56,0.51,30.75,0.0,746.125
13.98,0.77,69.15,0.0,756.321
13.03,0.51,76.98,0.0,712.57
13.67,0.34,62.25,0.0,638.809
12.91,0.34,87.0,0.0,508.752
11.91,0.34,75.41,0.0,292.11
8.89,0.0,54.23,0.0,109.516
8.58,0.0,18.26,0.0,4.37908
8.44,0.0,0.0,0.0,0.0
9.55,0.0,0.0,0.0,0.0
9.9,0.0,0.0,0.0,0.0
10.6,0.0,0.0,0.0,0.0
10.38,0.0,0.0,0.0,0.0
12.18,0.0,0.0,0.0,0.0
13.11,0.0,0.0,0.0,0.0
12.02,0.0,0.0,0.0,0.0
13.34,0.0,0.0,0.0,0.0
14.37,0.0,0.0,0.0,0.0
18.74,0.6,109.63,0.0,0.0
33.26,1.63,100.46,0.0,50.9547
70.91,2.99,97.13,0.0,172.893
58.65,3.25,101.92,0.0,369.856
55.05,3.34,112.81,0.0,512.751
58.21,4.02,128.38,0.0,675.605
55.13,4.77,131.26,0.0,748.5989999999999
51.93,4.49,138.22,0.0,765.19
44.05,2.83,135.09,0.0,697.04
45.54,2.74,134.01,0.0,543.736
46.25,3.67,129.45,0.0,451.865
40.45,2.16,97.32,0.0,220.506
18.91,1.75,81.43,0.0,50.0442
18.22,1.26,77.96,0.0,0.0
19.38,1.42,77.95,0.0,0.0
19.16,0.67,75.48,0.0,0.0
19.16,0.43,0.0,0.0,0.0
17.9,0.43,0.0,0.0,0.0
14.59,0.0,0.0,0.0,0.0
14.48,0.0,0.0,0.0,0.0
13.49,0.0,0.0,0.0,0.0
13.42,0.0,0.0,0.0,0.0
13.35,0.0,0.0,0.0,0.0
11.56,0.0,0.0,0.0,0.0
13.77,0.6,51.27,0.0,0.0
24.78,1.62,54.54,0.0,45.1504
58.8,2.99,63.67,0.0,173.761
53.08,3.24,69.89,0.0,395.904
45.71,3.33,77.48,0.0,580.038
51.81,4.0,82.78,0.0,697.428
47.81,4.73,83.46,0.0,744.712
46.51,4.49,96.93,0.0,757.79
46.1,2.82,104.6,0.0,712.895
43.74,2.74,110.0,0.0,639.933
49.19,3.65,113.64,0.0,501.467
36.73,2.16,98.14,0.0,333.12300000000005
17.6,1.74,82.47,0.0,130.782
15.6,1.22,74.64,0.0,6.13522
16.65,1.39,72.86,0.0,0.0
14.97,0.66,65.79,0.0,0.0
15.26,0.43,0.0,0.0,0.0
14.87,0.43,0.0,0.0,0.0
11.43,0.0,0.0,0.0,0.0
12.72,0.0,0.0,0.0,0.0
13.11,0.0,0.0,0.0,0.0
11.66,0.0,0.0,0.0,0.0
12.26,0.0,0.0,0.0,0.0
11.73,0.0,0.0,0.0,0.0
15.48,0.6,40.49,0.0,0.0
29.98,1.62,66.75,0.0,59.67
67.78,2.98,90.87,0.0,209.023
57.94,3.24,97.78,0.0,393.539
50.55,3.32,109.63,0.0,542.045
47.66,3.98,122.77,0.0,640.161
51.66,4.72,127.98,0.0,673.7560000000001
45.39,4.48,148.3,0.0,716.549
49.8,2.81,156.32,0.0,684.8489999999999
44.37,2.73,156.08,0.0,624.194
43.49,3.65,157.62,0.0,480.754
40.23,2.15,130.21,0.0,240.298
20.96,1.72,109.72,0.0,58.2704
19.44,1.27,108.22,0.0,0.0
18.9,1.43,107.07,0.0,0.0
18.91,0.68,104.91,0.0,0.0
18.42,0.43,0.0,0.0,0.0
18.37,0.43,0.0,0.0,0.0
15.09,0.0,0.0,0.0,0.0
15.46,0.0,0.0,0.0,0.0
15.05,0.0,0.0,0.0,0.0
15.46,0.0,0.0,0.0,0.0
15.46,0.0,0.0,0.0,0.0
15.17,0.0,0.0,0.0,0.0
17.81,0.59,107.99,0.0,0.0
32.94,1.61,114.89,0.0,56.8212
70.91,2.97,142.24,0.0,191.331
59.2,3.23,146.91,0.0,150.161
57.51,3.31,155.22,0.0,85.3981
60.44,3.99,179.38,0.0,444.116
61.6,4.71,187.12,0.0,572.696
57.56,4.46,193.2,0.0,385.897
48.66,2.81,189.22,0.0,354.001
46.2,2.73,186.32,0.0,593.003
54.93,3.63,178.33,0.0,300.53700000000003
42.89,2.15,152.0,0.0,154.373
20.23,1.75,129.21,0.0,40.154
17.87,1.23,127.6,0.0,0.0
16.77,1.39,126.99,0.0,0.0
16.63,0.66,124.59,0.0,0.0
17.29,0.42,0.0,0.0,0.0
15.53,0.42,0.0,0.0,0.0
13.83,0.0,0.0,0.0,0.0
12.75,0.0,0.0,0.0,0.0
11.5,0.0,0.0,0.0,0.0
12.94,0.0,0.0,0.0,0.0
13.15,0.0,0.0,0.0,0.0
13.74,0.0,0.0,0.0,0.0
17.13,0.59,111.44,0.0,0.0
27.65,1.61,108.14,0.0,51.2134
54.04,2.97,121.16,0.0,156.49200000000002
53.06,3.22,131.88,0.0,212.584
50.03,3.3,146.25,0.0,283.527
45.06,3.98,157.55,0.0,235.628
50.35,4.69,167.2,0.0,332.547
48.54,4.46,178.06,0.0,328.64300000000003
45.18,2.79,179.27,0.0,298.198
43.23,2.73,178.5,0.0,278.573
46.35,3.62,163.92,0.0,106.822
35.51,2.14,144.57,0.0,94.3667
20.27,1.74,122.56,0.0,32.6688
15.93,1.22,112.54,0.0,6.05234
17.47,1.38,109.94,0.0,0.0
14.55,0.66,109.36,0.0,0.0
15.9,0.42,0.0,0.0,0.0
17.48,0.42,0.0,0.0,0.0
13.56,0.0,0.0,0.0,0.0
10.55,0.0,0.0,0.0,0.0
9.71,0.0,0.0,0.0,0.0
9.23,0.0,0.0,0.0,0.0
8.96,0.0,0.0,0.0,0.0
8.26,0.0,0.0,0.0,0.0
14.78,0.59,154.22,0.0,0.0
19.04,0.93,144.96,0.0,56.9028
23.97,1.27,149.15,0.0,199.519
25.01,1.77,158.71,0.0,382.365
26.99,1.61,166.97,0.0,428.598
28.03,1.94,148.63,0.0,173.976
22.88,1.69,133.71,0.0,82.4721
17.98,1.61,111.99,0.0,132.914
18.09,1.27,103.54,0.0,166.382
15.68,1.1,104.71,0.0,130.144
14.56,1.18,103.47,0.0,177.614
12.14,0.59,101.37,0.0,100.442
10.21,0.59,0.0,0.0,88.5905
9.35,0.0,0.0,0.0,6.04304
8.55,0.0,0.0,0.0,0.0
8.46,0.0,0.0,0.0,0.0
8.81,0.0,0.0,0.0,0.0
9.09,0.0,0.0,0.0,0.0
8.88,0.0,0.0,0.0,0.0
8.09,0.0,0.0,0.0,0.0
8.23,0.0,0.0,0.0,0.0
9.19,0.0,0.0,0.0,0.0
9.64,0.0,0.0,0.0,0.0
8.38,0.0,0.0,0.0,0.0
10.87,0.34,0.0,0.0,0.0
12.02,0.34,0.0,0.0,46.8603
11.56,0.34,0.0,0.0,119.767
11.26,0.34,0.0,0.0,169.49
11.19,0.34,20.32,0.0,365.247
12.29,0.51,62.49,0.0,574.558
11.52,0.51,31.56,0.0,581.68
12.68,0.76,70.57,0.0,521.8
12.54,0.51,68.98,0.0,414.332
12.7,0.34,66.75,0.0,492.711
13.79,0.34,101.04,0.0,346.68
14.37,0.34,59.35,0.0,207.277
11.6,0.0,0.0,0.0,54.1931
11.6,0.0,0.0,0.0,0.0
11.13,0.0,0.0,0.0,0.0
11.6,0.0,0.0,0.0,0.0
11.0,0.0,0.0,0.0,0.0
11.6,0.0,0.0,0.0,0.0
10.78,0.0,0.0,0.0,0.0
14.42,0.0,0.0,0.0,0.0
13.72,0.0,0.0,0.0,0.0
12.99,0.0,0.0,0.0,0.0
12.52,0.0,0.0,0.0,0.0
12.83,0.0,0.0,0.0,0.0
13.89,0.59,149.77,0.0,0.0
23.75,1.6,133.68,0.0,47.6765
58.43,2.94,126.11,0.0,33.7372
53.74,3.2,113.86,0.0,12.0069
45.17,3.28,102.15,0.0,28.8418
51.61,3.95,93.16,0.0,47.8656
57.78,4.68,93.17,0.0,85.5536
54.95,4.42,100.73,0.0,125.894
55.71,2.77,109.64,0.0,328.74300000000005
58.02,2.71,117.67,0.0,289.78700000000003
61.64,3.59,118.28,0.0,166.56799999999998
48.93,2.12,107.92,0.0,89.7925
22.29,1.73,101.92,0.0,33.1109
20.7,1.22,94.34,0.0,0.0
18.78,1.38,87.87,0.0,0.0
15.44,0.66,88.49,0.0,0.0
14.9,0.42,0.0,0.0,0.0
14.53,0.42,0.0,0.0,0.0
13.52,0.0,0.0,0.0,0.0
13.67,0.0,0.0,0.0,0.0
12.3,0.0,0.0,0.0,0.0
13.25,0.0,0.0,0.0,0.0
12.73,0.0,0.0,0.0,0.0
13.48,0.0,0.0,0.0,0.0
16.47,0.59,80.26,0.0,0.0
28.46,1.59,84.29,0.0,35.2474
57.75,2.94,91.7,0.0,87.5397
49.68,3.19,93.83,0.0,182.292
45.09,3.27,97.25,0.0,293.094
42.88,3.94,106.72,0.0,351.545
47.06,4.65,109.59,0.0,227.572
53.47,4.4,110.34,0.0,220.792
48.23,2.78,112.78,0.0,320.388
49.21,2.69,119.08,0.0,275.788
49.08,3.59,133.06,0.0,406.301
40.94,2.12,121.37,0.0,328.89300000000003
20.31,1.72,107.43,0.0,133.202
18.45,1.23,100.35,0.0,6.9078
19.61,1.39,94.87,0.0,0.0
17.99,0.66,88.56,0.0,0.0
16.44,0.42,0.0,0.0,0.0
14.38,0.42,0.0,0.0,0.0
10.78,0.0,0.0,0.0,0.0
11.86,0.0,0.0,0.0,0.0
11.18,0.0,0.0,0.0,0.0
10.45,0.0,0.0,0.0,0.0
12.64,0.0,0.0,0.0,0.0
13.21,0.0,0.0,0.0,0.0
17.81,0.59,28.29,0.0,0.0
33.07,1.59,33.65,0.0,64.0957
70.91,2.93,45.12,0.0,228.234
57.69,3.18,53.55,0.0,427.889
50.76,3.26,59.68,0.0,597.629
53.86,3.93,70.65,0.0,715.204
54.75,4.64,77.37,0.0,778.332
48.14,4.39,87.82,0.0,799.783
43.9,2.77,90.46,0.0,752.37
49.47,2.68,95.07,0.0,672.5189999999999
45.47,3.58,97.05,0.0,525.266
37.55,2.11,84.67,0.0,342.89300000000003
19.43,1.7,74.58,0.0,138.89
16.32,1.24,68.27,0.0,7.731330000000001
17.58,1.4,64.29,0.0,0.0
14.67,0.66,60.39,0.0,0.0
14.99,0.42,0.0,0.0,0.0
16.3,0.42,0.0,0.0,0.0
11.43,0.0,0.0,0.0,0.0
10.88,0.0,0.0,0.0,0.0
11.92,0.0,0.0,0.0,0.0
12.36,0.0,0.0,0.0,0.0
13.71,0.0,0.0,0.0,0.0
13.94,0.0,0.0,0.0,0.0
17.4,0.58,17.63,0.0,0.0
28.37,1.59,52.21,0.0,65.3111
65.7,2.92,84.97,0.0,227.805
53.78,3.17,87.58,0.0,418.741
49.2,3.25,86.55,0.0,569.4119999999999
52.68,3.92,91.17,0.0,665.7139999999999
58.76,4.64,93.19,0.0,746.2139999999999
55.1,4.38,102.64,0.0,751.956
52.38,2.76,113.39,0.0,720.33
52.53,2.67,123.73,0.0,641.703
57.17,3.58,126.17,0.0,513.2769999999999
40.94,2.11,100.8,0.0,334.583
19.71,1.69,87.86,0.0,137.637
17.15,1.19,81.34,0.0,8.36254
14.96,1.36,77.93,0.0,0.0
13.77,0.67,75.33,0.0,0.0
16.26,0.42,0.0,0.0,0.0
17.35,0.42,0.0,0.0,0.0
12.18,0.0,0.0,0.0,0.0
11.03,0.0,0.0,0.0,0.0
10.31,0.0,0.0,0.0,0.0
11.3,0.0,0.0,0.0,0.0
10.27,0.0,0.0,0.0,0.0
10.29,0.0,0.0,0.0,0.0
12.43,0.58,49.74,0.0,0.0
27.24,1.58,59.76,0.0,63.7079
52.74,2.91,85.4,0.0,223.833
46.47,3.16,92.62,0.0,413.856
45.83,3.25,98.55,0.0,562.031
46.73,3.91,103.35,0.0,656.051
46.21,4.64,104.77,0.0,737.1419999999999
49.36,4.37,113.42,0.0,735.998
50.85,2.74,115.95,0.0,710.804
45.43,2.68,125.86,0.0,629.265
46.14,3.56,129.17,0.0,497.854
32.9,2.1,109.39,0.0,329.634
16.64,1.71,91.92,0.0,136.034
16.3,1.21,84.72,0.0,8.23847
17.95,1.36,82.07,0.0,0.0
16.85,0.65,80.14,0.0,0.0
15.87,0.42,0.0,0.0,0.0
14.59,0.42,0.0,0.0,0.0
11.48,0.0,0.0,0.0,0.0
8.98,0.0,0.0,0.0,0.0
9.22,0.0,0.0,0.0,0.0
8.49,0.0,0.0,0.0,0.0
9.39,0.0,0.0,0.0,0.0
9.1,0.0,0.0,0.0,0.0
15.45,0.58,67.22,0.0,0.0
20.57,0.91,76.42,0.0,63.9201
21.29,1.25,84.5,0.0,223.774
27.56,1.74,91.2,0.0,409.132
26.47,1.58,93.44,0.0,532.82
28.72,1.91,93.37,0.0,669.477
20.26,1.66,96.47,0.0,742.803
16.55,1.58,95.61,0.0,749.2760000000001
14.49,1.25,94.72,0.0,716.078
12.75,1.08,94.41,0.0,641.841
12.97,1.16,93.99,0.0,501.882
11.09,0.58,86.01,0.0,333.25199999999995
10.28,0.58,54.22,0.0,138.558
8.1,0.0,21.03,0.0,11.3579
9.79,0.0,0.0,0.0,0.0
10.25,0.0,0.0,0.0,0.0
10.59,0.0,0.0,0.0,0.0
11.35,0.0,0.0,0.0,0.0
10.72,0.0,0.0,0.0,0.0
10.9,0.0,0.0,0.0,0.0
11.44,0.0,0.0,0.0,0.0
10.82,0.0,0.0,0.0,0.0
11.21,0.0,0.0,0.0,0.0
10.41,0.0,0.0,0.0,0.0
12.95,0.33,0.0,0.0,0.0
11.98,0.33,26.17,0.0,63.6701
12.45,0.33,64.74,0.0,219.927
13.42,0.33,74.0,0.0,403.636
14.22,0.33,55.32,0.0,552.018
14.19,0.5,54.39,0.0,673.9019999999999
14.37,0.5,24.34,0.0,736.2239999999999
14.37,0.75,19.61,0.0,754.7360000000001
14.37,0.5,50.21,0.0,712.872
14.37,0.33,64.14,0.0,651.565
14.37,0.33,57.07,0.0,518.332
13.88,0.33,69.63,0.0,342.99
10.54,0.0,56.01,0.0,143.118
10.65,0.0,27.1,0.0,12.2023
11.59,0.0,0.0,0.0,0.0
11.21,0.0,0.0,0.0,0.0
11.15,0.0,0.0,0.0,0.0
11.6,0.0,0.0,0.0,0.0
11.6,0.0,0.0,0.0,0.0
15.46,0.0,0.0,0.0,0.0
15.25,0.0,0.0,0.0,0.0
15.21,0.0,0.0,0.0,0.0
15.46,0.0,0.0,0.0,0.0
15.46,0.0,0.0,0.0,0.0
19.16,0.58,90.17,0.0,0.0
31.25,1.57,96.04,0.0,54.0497
70.91,2.89,107.4,0.0,132.24200000000002
60.44,3.14,108.49,0.0,227.541
58.02,3.22,111.16,0.0,304.443
57.94,3.88,118.57,0.0,237.596
53.69,4.61,119.46,0.0,130.45600000000002
50.03,4.33,129.65,0.0,459.572
43.11,2.74,139.9,0.0,514.865
41.26,2.64,146.01,0.0,423.459
40.83,3.54,144.55,0.0,345.952
31.5,2.09,124.07,0.0,238.296
15.32,1.67,111.43,0.0,108.134
15.02,1.23,106.67,0.0,9.63112
16.54,1.39,102.51,0.0,0.0
16.01,0.66,97.97,0.0,0.0
16.69,0.41,0.0,0.0,0.0
17.71,0.41,0.0,0.0,0.0
12.72,0.0,0.0,0.0,0.0
11.5,0.0,0.0,0.0,0.0
12.36,0.0,0.0,0.0,0.0
13.07,0.0,0.0,0.0,0.0
14.24,0.0,0.0,0.0,0.0
13.67,0.0,0.0,0.0,0.0
15.69,0.58,94.38,0.0,0.0
27.14,1.57,97.55,0.0,63.183
55.16,2.88,116.93,0.0,220.496
46.34,3.13,125.46,0.0,411.206
44.88,3.21,137.5,0.0,562.6519999999999
44.03,3.87,146.26,0.0,508.555
48.96,4.59,149.5,0.0,663.518
51.75,4.33,151.81,0.0,440.8
44.01,2.72,144.63,0.0,258.269
47.54,2.65,145.63,0.0,450.829
46.44,3.52,151.87,0.0,505.681
36.91,2.08,127.68,0.0,333.631
19.7,1.69,106.31,0.0,141.22299999999998
15.13,1.21,97.63,0.0,12.9359
17.54,1.37,93.12,0.0,0.0
14.39,0.65,91.23,0.0,0.0
13.69,0.41,0.0,0.0,0.0
14.08,0.41,0.0,0.0,0.0
12.84,0.0,0.0,0.0,0.0
11.88,0.0,0.0,0.0,0.0
12.49,0.0,0.0,0.0,0.0
12.36,0.0,0.0,0.0,0.0
11.84,0.0,0.0,0.0,0.0
11.94,0.0,0.0,0.0,0.0
15.2,0.58,95.52,0.0,0.0
29.53,1.56,99.5,0.0,62.753
58.05,2.88,119.55,0.0,219.856
51.26,3.12,131.4,0.0,405.059
53.08,3.21,143.91,0.0,514.243
55.88,3.86,154.14,0.0,591.113
57.3,4.57,158.49,0.0,515.265
61.35,4.32,165.56,0.0,350.07
58.02,2.71,170.96,0.0,514.279
58.02,2.64,176.84,0.0,633.0319999999999
61.64,3.51,181.24,0.0,452.215
48.93,2.08,163.15,0.0,330.782
22.83,1.7,133.16,0.0,137.439
18.48,1.2,118.21,0.0,12.8417
19.67,1.36,113.37,0.0,0.0
16.42,0.65,109.72,0.0,0.0
17.03,0.41,0.0,0.0,0.0
18.52,0.41,0.0,0.0,0.0
15.0,0.0,0.0,0.0,0.0
13.36,0.0,0.0,0.0,0.0
13.39,0.0,0.0,0.0,0.0
14.24,0.0,0.0,0.0,0.0
12.59,0.0,0.0,0.0,0.0
13.59,0.0,0.0,0.0,0.0
17.67,0.57,117.69,0.0,0.0
33.26,1.56,122.1,0.0,61.7516
70.91,2.87,152.26,0.0,216.134
59.63,3.12,157.2,0.0,328.879
58.02,3.2,160.41,0.0,368.597
59.38,3.85,168.21,0.0,483.671
59.63,4.56,169.87,0.0,490.141
62.45,4.31,173.8,0.0,551.029
55.53,2.7,168.29,0.0,490.61300000000006
55.48,2.64,174.27,0.0,621.817
60.56,3.5,178.88,0.0,449.271
48.93,2.07,151.71,0.0,243.485
24.0,1.68,118.4,0.0,76.3581
19.85,1.2,114.43,0.0,3.67097
20.67,1.36,114.01,0.0,0.0
19.16,0.65,111.47,0.0,0.0
19.16,0.41,0.0,0.0,0.0
18.88,0.41,0.0,0.0,0.0
15.46,0.0,0.0,0.0,0.0
15.46,0.0,0.0,0.0,0.0
14.71,0.0,0.0,0.0,0.0
15.46,0.0,0.0,0.0,0.0
15.2,0.0,0.0,0.0,0.0
13.74,0.0,0.0,0.0,0.0
14.95,0.57,104.63,0.0,0.0
23.54,1.55,115.06,0.0,62.0461
55.5,2.86,147.68,0.0,215.063
49.27,3.11,158.15,0.0,386.97
45.57,3.19,166.89,0.0,536.985
42.11,3.84,169.96,0.0,652.741
40.53,4.55,169.13,0.0,711.7080000000001
52.2,4.3,180.28,0.0,531.581
49.58,2.7,182.54,0.0,552.627
49.88,2.63,184.3,0.0,625.445
47.69,3.49,183.59,0.0,495.226
43.24,2.07,157.26,0.0,326.646
22.64,1.66,124.13,0.0,137.313
19.54,1.21,112.66,0.0,14.1195
17.4,1.37,111.25,0.0,0.0
16.67,0.65,110.87,0.0,0.0
15.28,0.41,0.0,0.0,0.0
16.85,0.41,0.0,0.0,0.0
14.01,0.0,0.0,0.0,0.0
11.31,0.0,0.0,0.0,0.0
10.09,0.0,0.0,0.0,0.0
9.99,0.0,0.0,0.0,0.0
9.17,0.0,0.0,0.0,0.0
8.69,0.0,0.0,0.0,0.0
15.66,0.57,125.79,0.0,0.0
18.49,0.9,126.28,0.0,66.4671
19.81,1.22,130.02,0.0,199.508
21.09,1.71,133.23,0.0,173.543
22.14,1.55,137.96,0.0,327.634
24.18,1.88,142.71,0.0,388.439
20.45,1.63,148.48,0.0,529.896
18.19,1.55,144.83,0.0,607.295
16.8,1.22,140.14,0.0,567.281
15.51,1.06,134.74,0.0,489.033
17.21,1.14,136.32,0.0,479.309
15.16,0.57,117.43,0.0,289.954
12.83,0.57,69.41,0.0,121.599
8.97,0.0,19.92,0.0,14.3768
9.76,0.0,0.0,0.0,0.0
10.77,0.0,0.0,0.0,0.0
10.38,0.0,0.0,0.0,0.0
9.19,0.0,0.0,0.0,0.0
9.14,0.0,0.0,0.0,0.0
8.81,0.0,0.0,0.0,0.0
8.07,0.0,0.0,0.0,0.0
9.34,0.0,0.0,0.0,0.0
9.92,0.0,0.0,0.0,0.0
8.71,0.0,0.0,0.0,0.0
10.85,0.33,0.0,0.0,0.0
11.22,0.33,11.6,0.0,65.4538
11.24,0.33,68.63,0.0,198.813
12.56,0.33,80.11,0.0,357.283
11.47,0.33,83.64,0.0,446.261
12.56,0.49,81.27,0.0,465.701
13.65,0.49,52.5,0.0,580.846
12.29,0.73,63.31,0.0,603.8240000000001
11.36,0.49,90.99,0.0,608.721
11.45,0.33,79.69,0.0,618.207
10.52,0.33,92.97,0.0,472.843
12.27,0.33,101.3,0.0,253.017
8.69,0.0,74.98,0.0,129.583
8.88,0.0,41.82,0.0,13.1158
9.78,0.0,20.63,0.0,0.0
10.39,0.0,0.0,0.0,0.0
9.55,0.0,0.0,0.0,0.0
9.14,0.0,0.0,0.0,0.0
8.7,0.0,0.0,0.0,0.0
13.05,0.0,0.0,0.0,0.0
11.91,0.0,0.0,0.0,0.0
13.55,0.0,0.0,0.0,0.0
13.22,0.0,0.0,0.0,0.0
12.35,0.0,0.0,0.0,0.0
15.98,0.57,150.33,0.0,0.0
26.25,1.54,142.18,0.0,64.5342
59.25,2.84,166.72,0.0,169.55
48.23,3.08,179.11,0.0,323.897
46.85,3.17,195.27,0.0,468.365
50.93,3.81,209.37,0.0,484.701
46.55,4.54,208.0,0.0,521.0169999999999
45.02,4.26,217.1,0.0,585.967
47.34,2.68,207.65,0.0,373.543
41.49,2.61,203.31,0.0,326.462
44.77,3.46,192.16,0.0,209.195
39.91,2.05,146.2,0.0,19.7925
20.9,1.67,122.56,0.0,77.944
18.83,1.19,119.76,0.0,13.4632
17.14,1.34,116.54,0.0,0.0
17.22,0.64,118.55,0.0,0.0
16.65,0.41,0.0,0.0,0.0
14.94,0.41,0.0,0.0,0.0
12.59,0.0,0.0,0.0,0.0
12.22,0.0,0.0,0.0,0.0
10.77,0.0,0.0,0.0,0.0
10.68,0.0,0.0,0.0,0.0
10.18,0.0,0.0,0.0,0.0
10.31,0.0,0.0,0.0,0.0
13.72,0.57,152.84,0.0,0.0
26.73,1.54,149.99,0.0,53.4554
59.97,2.83,181.65,0.0,190.075
54.65,3.08,190.26,0.0,305.951
56.72,3.16,200.41,0.0,429.033
60.44,3.8,210.5,0.0,508.253
56.66,4.5,208.65,0.0,491.436
57.39,4.25,204.1,0.0,470.358
46.57,2.68,181.97,0.0,190.188
43.98,2.59,182.49,0.0,146.668
50.06,3.47,200.27,0.0,357.11
42.27,2.04,184.33,0.0,283.46
20.47,1.64,145.92,0.0,77.0483
17.66,1.16,130.03,0.0,3.64955
16.42,1.31,123.48,0.0,0.0
16.95,0.63,117.41,0.0,0.0
16.02,0.4,0.0,0.0,0.0
14.56,0.4,0.0,0.0,0.0
13.2,0.0,0.0,0.0,0.0
13.32,0.0,0.0,0.0,0.0
13.59,0.0,0.0,0.0,0.0
13.07,0.0,0.0,0.0,0.0
12.64,0.0,0.0,0.0,0.0
12.77,0.0,0.0,0.0,0.0
16.75,0.57,133.99,0.0,0.0
26.24,1.53,126.96,0.0,68.0818
52.68,2.83,152.08,0.0,186.472
47.81,3.07,172.25,0.0,380.418
41.44,3.15,183.73,0.0,459.144
46.36,3.8,197.29,0.0,587.634
53.58,4.49,202.82,0.0,641.558
56.8,4.24,213.29,0.0,630.969
51.9,2.67,206.69,0.0,536.165
53.78,2.59,198.83,0.0,454.712
61.64,3.45,196.34,0.0,366.646
48.93,2.04,167.26,0.0,206.54
22.39,1.63,141.18,0.0,104.725
18.38,1.15,132.09,0.0,14.7204
19.72,1.3,127.08,0.0,0.0
16.89,0.62,120.75,0.0,0.0
18.05,0.4,0.0,0.0,0.0
19.16,0.4,0.0,0.0,0.0
15.46,0.0,0.0,0.0,0.0
15.03,0.0,0.0,0.0,0.0
15.08,0.0,0.0,0.0,0.0
14.49,0.0,0.0,0.0,0.0
12.98,0.0,0.0,0.0,0.0
13.99,0.0,0.0,0.0,0.0
15.92,0.56,134.15,0.0,0.0
27.76,1.53,136.71,0.0,62.8748
65.23,2.82,162.12,0.0,135.004
57.18,3.06,165.46,0.0,208.201
49.28,3.14,174.62,0.0,273.597
53.84,3.79,192.67,0.0,422.312
56.25,4.48,193.77,0.0,501.305
51.55,4.23,204.51,0.0,490.412
48.9,2.66,206.85,0.0,482.569
53.59,2.58,209.39,0.0,478.694
55.06,3.45,207.31,0.0,320.9
41.24,2.03,181.67,0.0,183.886
20.17,1.63,148.97,0.0,95.7394
15.24,1.15,136.51,0.0,12.6794
16.11,1.3,130.8,0.0,0.0
15.29,0.62,128.67,0.0,0.0
15.82,0.4,0.0,0.0,0.0
15.89,0.4,0.0,0.0,0.0
13.67,0.0,0.0,0.0,0.0
12.86,0.0,0.0,0.0,0.0
11.42,0.0,0.0,0.0,0.0
13.31,0.0,0.0,0.0,0.0
13.18,0.0,0.0,0.0,0.0
12.55,0.0,0.0,0.0,0.0
16.36,0.56,146.35,0.0,0.0
24.75,1.53,147.72,0.0,64.4265
57.42,2.81,175.24,0.0,155.078
52.42,3.05,182.73,0.0,311.557
54.84,3.13,180.35,0.0,319.075
55.47,3.78,174.43,0.0,255.232
49.64,4.47,177.11,0.0,328.23
44.59,4.22,189.69,0.0,420.775
48.87,2.66,167.46,0.0,174.832
43.99,2.57,151.38,0.0,177.521
49.29,3.44,143.34,0.0,56.7681
34.44,2.02,130.16,0.0,84.8031
16.23,1.63,118.55,0.0,56.74
13.46,1.15,115.09,0.0,4.63256
13.44,1.31,117.24,0.0,0.0
14.37,0.63,116.69,0.0,0.0
16.34,0.4,0.0,0.0,0.0
17.53,0.4,0.0,0.0,0.0
14.15,0.0,0.0,0.0,0.0
9.74,0.0,0.0,0.0,0.0
9.55,0.0,0.0,0.0,0.0
9.45,0.0,0.0,0.0,0.0
8.36,0.0,0.0,0.0,0.0
8.98,0.0,0.0,0.0,0.0
13.78,0.56,142.15,0.0,0.0
18.85,0.88,142.21,0.0,66.7774
25.39,1.2,142.03,0.0,175.137
27.61,1.68,144.81,0.0,276.098
29.01,1.52,157.2,0.0,442.186
32.08,1.84,165.18,0.0,612.0169999999999
24.28,1.6,165.79,0.0,582.979
19.78,1.52,167.53,0.0,693.3560000000001
17.93,1.2,162.31,0.0,548.193
14.29,1.04,157.2,0.0,508.204
13.33,1.12,152.99,0.0,240.104
13.97,0.56,146.36,0.0,243.361
10.46,0.56,72.68,0.0,141.319
9.44,0.0,23.91,0.0,18.4955
8.77,0.0,0.0,0.0,0.0
8.77,0.0,0.0,0.0,0.0
9.29,0.0,0.0,0.0,0.0
8.56,0.0,0.0,0.0,0.0
9.14,0.0,0.0,0.0,0.0
10.27,0.0,0.0,0.0,0.0
9.92,0.0,0.0,0.0,0.0
9.79,0.0,0.0,0.0,0.0
8.62,0.0,0.0,0.0,0.0
10.04,0.0,0.0,0.0,0.0
12.21,0.32,0.0,0.0,0.0
12.17,0.32,0.0,0.0,71.4308
10.91,0.32,48.83,0.0,179.384
12.09,0.32,64.52,0.0,286.121
10.62,0.32,96.25,0.0,399.833
10.76,0.48,59.75,0.0,430.954
10.8,0.48,65.72,0.0,525.295
9.94,0.72,70.32,0.0,528.125
9.86,0.48,112.07,0.0,690.48
10.18,0.32,127.3,0.0,619.6569999999999
9.61,0.32,98.15,0.0,491.044
9.44,0.32,112.91,0.0,325.245
9.1,0.0,117.43,0.0,141.68
9.29,0.0,86.98,0.0,19.2057
10.1,0.0,23.25,0.0,0.0
9.76,0.0,0.0,0.0,0.0
9.76,0.0,0.0,0.0,0.0
9.51,0.0,0.0,0.0,0.0
10.15,0.0,0.0,0.0,0.0
14.62,0.0,0.0,0.0,0.0
14.27,0.0,0.0,0.0,0.0
15.28,0.0,0.0,0.0,0.0
15.46,0.0,0.0,0.0,0.0
15.08,0.0,57.83,0.0,0.0
17.17,0.56,162.12,0.0,0.0
26.59,1.52,166.9,0.0,64.6393
63.67,2.79,197.97,0.0,203.811
53.95,3.03,203.55,0.0,366.371
51.19,3.11,213.93,0.0,471.421
56.15,3.75,226.39,0.0,496.397
54.09,4.47,222.35,0.0,570.6619999999999
47.44,4.18,192.27,0.0,370.961
41.71,2.64,163.85,0.0,112.522
49.43,2.55,146.57,0.0,46.017
49.9,3.41,146.63,0.0,54.6284
42.83,2.01,129.35,0.0,77.3733
18.86,1.62,121.25,0.0,82.117
16.85,1.15,119.38,0.0,11.9061
14.89,1.3,116.84,0.0,0.0
13.9,0.62,114.76,0.0,0.0
12.91,0.4,0.0,0.0,0.0
15.13,0.4,0.0,0.0,0.0
11.31,0.0,0.0,0.0,0.0
13.09,0.0,0.0,0.0,0.0
11.43,0.0,0.0,0.0,0.0
13.36,0.0,0.0,0.0,0.0
12.04,0.0,0.0,0.0,0.0
11.58,0.0,0.0,0.0,0.0
15.1,0.56,121.36,0.0,0.0
25.29,1.51,123.9,0.0,64.0594
58.37,2.78,156.71,0.0,213.386
45.52,3.02,170.58,0.0,371.814
49.82,3.1,183.06,0.0,507.408
53.53,3.74,196.3,0.0,640.619
55.55,4.43,199.91,0.0,639.808
57.03,4.17,207.5,0.0,651.908
46.24,2.63,205.06,0.0,669.4580000000001
48.81,2.55,195.72,0.0,489.339
51.64,3.39,169.25,0.0,131.241
39.69,2.01,137.52,0.0,59.5543
17.31,1.64,125.92,0.0,49.0794
13.88,1.17,123.65,0.0,4.53322
16.17,1.32,120.04,0.0,0.0
14.51,0.63,118.56,0.0,0.0
15.87,0.4,0.0,0.0,0.0
13.79,0.4,0.0,0.0,0.0
11.69,0.0,0.0,0.0,0.0
11.53,0.0,0.0,0.0,0.0
12.6,0.0,0.0,0.0,0.0
11.64,0.0,0.0,0.0,0.0
10.67,0.0,0.0,0.0,0.0
11.52,0.0,0.0,0.0,0.0
14.99,0.56,133.78,0.0,0.0
23.71,1.51,142.7,0.0,63.6082
55.48,2.78,179.0,0.0,214.257
50.36,3.02,192.56,0.0,384.835
51.6,3.09,194.34,0.0,524.253
52.68,3.73,194.23,0.0,412.919
51.54,4.43,200.18,0.0,529.0459999999999
53.12,4.16,212.45,0.0,510.62
53.41,2.61,211.38,0.0,584.071
51.64,2.55,194.85,0.0,562.202
50.86,3.39,188.25,0.0,356.07
41.72,2.01,172.01,0.0,133.335
22.25,1.6,151.69,0.0,109.741
19.93,1.19,143.75,0.0,17.8289
18.77,1.34,137.0,0.0,0.0
16.4,0.63,134.76,0.0,0.0
15.94,0.4,0.0,0.0,0.0
15.64,0.4,0.0,0.0,0.0
13.84,0.0,0.0,0.0,0.0
14.84,0.0,0.0,0.0,0.0
14.76,0.0,0.0,0.0,0.0
15.04,0.0,0.0,0.0,0.0
15.46,0.0,0.0,0.0,0.0
14.89,0.0,0.0,0.0,0.0
16.38,0.55,137.61,0.0,0.0
30.65,1.5,149.26,0.0,63.3994
64.82,2.77,184.27,0.0,206.952
51.1,3.01,192.41,0.0,381.376
44.97,3.09,203.58,0.0,532.549
51.57,3.72,208.23,0.0,633.011
47.35,4.43,200.32,0.0,626.563
50.17,4.15,214.05,0.0,603.198
48.06,2.61,216.55,0.0,534.562
51.93,2.53,178.6,0.0,282.443
51.67,3.38,142.46,0.0,81.8898
42.98,1.99,119.37,0.0,44.2278
20.93,1.61,115.91,0.0,16.7908
15.67,1.14,116.25,0.0,0.0
16.3,1.29,114.98,0.0,0.0
14.02,0.62,114.49,0.0,0.0
15.19,0.4,0.0,0.0,0.0
14.12,0.4,0.0,0.0,0.0
11.35,0.0,0.0,0.0,0.0
12.99,0.0,0.0,0.0,0.0
13.26,0.0,0.0,0.0,0.0
13.64,0.0,0.0,0.0,0.0
13.36,0.0,0.0,0.0,0.0
12.98,0.0,0.0,0.0,0.0
15.25,0.55,103.58,0.0,0.0
24.23,1.5,95.99,0.0,48.6462
52.69,2.76,99.58,0.0,167.44799999999998
51.67,3.0,103.25,0.0,340.815
48.5,3.08,112.29,0.0,466.904
47.38,3.71,125.2,0.0,635.0319999999999
46.59,4.41,131.46,0.0,711.1060000000001
42.19,4.14,148.21,0.0,717.198
40.94,2.6,159.18,0.0,675.279
45.31,2.53,173.57,0.0,599.044
50.18,3.37,182.78,0.0,484.691
37.08,2.0,163.3,0.0,282.259
18.47,1.59,130.81,0.0,129.985
14.65,1.18,119.06,0.0,18.012999999999998
14.26,1.33,115.87,0.0,0.0
16.19,0.63,114.64,0.0,0.0
15.51,0.39,0.0,0.0,0.0
15.35,0.39,0.0,0.0,0.0
13.92,0.0,0.0,0.0,0.0
9.18,0.0,0.0,0.0,0.0
8.69,0.0,0.0,0.0,0.0
9.74,0.0,0.0,0.0,0.0
8.61,0.0,0.0,0.0,0.0
9.58,0.0,0.0,0.0,0.0
17.49,0.55,117.0,0.0,0.0
23.13,0.87,122.03,0.0,64.5661
23.19,1.18,131.5,0.0,214.969
24.34,1.65,136.22,0.0,390.307
26.25,1.5,139.71,0.0,540.67
28.78,1.81,141.09,0.0,539.734
23.34,1.58,137.7,0.0,453.404
18.64,1.5,137.45,0.0,336.316
18.31,1.18,146.8,0.0,394.891
15.69,1.02,147.6,0.0,524.423
13.98,1.1,139.44,0.0,348.506
11.76,0.55,129.63,0.0,215.574
12.13,0.55,37.15,0.0,78.8438
8.57,0.0,22.84,0.0,17.9235
8.65,0.0,0.0,0.0,0.0
7.88,0.0,0.0,0.0,0.0
9.39,0.0,0.0,0.0,0.0
9.58,0.0,0.0,0.0,0.0
8.72,0.0,0.0,0.0,0.0
8.65,0.0,0.0,0.0,0.0
9.24,0.0,0.0,0.0,0.0
9.99,0.0,0.0,0.0,0.0
9.8,0.0,0.0,0.0,0.0
8.52,0.0,0.0,0.0,0.0
11.07,0.31,0.0,0.0,0.0
10.77,0.31,48.25,0.0,73.3855
12.05,0.31,75.43,0.0,194.246
11.37,0.31,99.88,0.0,351.534
12.81,0.31,104.22,0.0,493.715
12.19,0.47,79.32,0.0,516.535
11.33,0.47,87.3,0.0,525.7080000000001
12.39,0.71,54.2,0.0,580.5840000000001
13.58,0.47,84.6,0.0,613.872
14.11,0.31,114.12,0.0,479.472
14.37,0.31,105.62,0.0,429.765
13.38,0.31,92.37,0.0,234.138
10.0,0.0,66.1,0.0,79.7982
9.4,0.0,0.0,0.0,12.2729
9.8,0.0,27.29,0.0,0.0
9.09,0.0,0.0,0.0,0.0
10.08,0.0,0.0,0.0,0.0
10.57,0.0,0.0,0.0,0.0
10.29,0.0,0.0,0.0,0.0
14.73,0.0,0.0,0.0,0.0
15.09,0.0,0.0,0.0,0.0
14.47,0.0,0.0,0.0,0.0
14.83,0.0,0.0,0.0,0.0
15.02,0.0,30.12,0.0,0.0
17.82,0.55,161.78,0.0,0.0
29.29,1.49,149.73,0.0,26.0947
61.37,2.74,181.22,0.0,157.342
49.29,2.98,197.2,0.0,265.978
45.66,3.06,212.39,0.0,427.318
52.16,3.68,223.04,0.0,624.039
54.48,4.4,203.66,0.0,531.7180000000001
54.01,4.11,167.02,0.0,222.331
53.2,2.59,146.66,0.0,144.024
49.31,2.51,146.04,0.0,278.539
49.41,3.34,150.81,0.0,75.435
40.33,1.98,136.6,0.0,55.8402
17.85,1.6,124.57,0.0,7.83806
14.6,1.16,118.49,0.0,0.0
15.39,1.32,114.28,0.0,0.0
14.16,0.62,114.09,0.0,0.0
16.18,0.39,0.0,0.0,0.0
16.79,0.39,0.0,0.0,0.0
12.08,0.0,0.0,0.0,0.0
12.32,0.0,0.0,0.0,0.0
11.38,0.0,0.0,0.0,0.0
12.56,0.0,0.0,0.0,0.0
11.03,0.0,0.0,0.0,0.0
11.66,0.0,0.0,0.0,0.0
13.66,0.55,89.24,0.0,0.0
22.41,1.49,96.24,0.0,52.0233
50.05,2.74,105.28,0.0,74.8577
50.9,2.97,107.74,0.0,193.397
50.86,3.05,119.61,0.0,420.552
57.51,3.67,145.19,0.0,530.45
55.68,4.38,159.63,0.0,574.059
50.57,4.1,169.6,0.0,564.131
41.67,2.59,178.33,0.0,553.139
49.21,2.49,192.18,0.0,488.199
55.0,3.34,199.62,0.0,450.603
40.34,1.96,179.11,0.0,306.149
21.37,1.62,141.97,0.0,105.291
18.85,1.15,129.52,0.0,18.3519
18.09,1.3,124.38,0.0,0.0
15.77,0.62,124.92,0.0,0.0
16.98,0.39,0.0,0.0,0.0
15.85,0.39,0.0,0.0,0.0
13.56,0.0,0.0,0.0,0.0
13.96,0.0,0.0,0.0,0.0
12.63,0.0,0.0,0.0,0.0
13.09,0.0,0.0,0.0,0.0
11.34,0.0,0.0,0.0,0.0
11.63,0.0,0.0,0.0,0.0
14.42,0.55,151.77,0.0,0.0
26.64,1.48,150.91,0.0,69.2728
56.34,2.73,179.3,0.0,189.483
53.24,2.96,185.38,0.0,303.047
45.57,3.04,182.75,0.0,275.311
45.21,3.67,157.16,0.0,60.8786
44.44,4.37,124.26,0.0,70.8221
46.06,4.09,127.04,0.0,156.821
42.47,2.58,133.24,0.0,230.005
41.22,2.49,140.05,0.0,300.713
47.4,3.34,150.6,0.0,297.168
36.0,1.96,144.55,0.0,335.57800000000003
19.89,1.62,125.04,0.0,126.187
18.72,1.14,118.8,0.0,19.6309
18.64,1.3,118.13,0.0,0.0
15.86,0.62,117.24,0.0,0.0
14.57,0.39,0.0,0.0,0.0
14.86,0.39,0.0,0.0,0.0
13.36,0.0,0.0,0.0,0.0
13.71,0.0,0.0,0.0,0.0
12.91,0.0,0.0,0.0,0.0
12.01,0.0,0.0,0.0,0.0
11.17,0.0,0.0,0.0,0.0
12.75,0.0,0.0,0.0,0.0
15.46,0.54,111.44,0.0,0.0
25.22,1.48,130.21,0.0,64.7452
55.91,2.72,167.45,0.0,214.498
45.21,2.96,174.37,0.0,347.935
42.27,3.03,181.24,0.0,501.568
45.61,3.66,196.2,0.0,625.539
50.84,4.36,203.95,0.0,684.047
45.11,4.08,215.25,0.0,656.14
45.24,2.58,214.01,0.0,650.977
42.17,2.48,212.71,0.0,588.064
42.33,3.32,216.5,0.0,472.137
40.82,1.96,193.93,0.0,322.699
21.97,1.6,160.25,0.0,146.959
17.18,1.15,142.5,0.0,20.3586
15.95,1.3,139.96,0.0,0.0
13.77,0.62,140.78,0.0,0.0
14.23,0.39,0.0,0.0,0.0
14.91,0.39,0.0,0.0,0.0
11.1,0.0,0.0,0.0,0.0
11.49,0.0,0.0,0.0,0.0
11.76,0.0,0.0,0.0,0.0
11.59,0.0,0.0,0.0,0.0
12.57,0.0,0.0,0.0,0.0
12.08,0.0,0.0,0.0,0.0
14.39,0.54,143.47,0.0,0.0
23.74,1.48,150.19,0.0,65.6064
50.72,2.72,192.98,0.0,214.63
51.27,2.95,195.19,0.0,386.794
43.78,3.03,196.09,0.0,530.717
47.17,3.65,206.55,0.0,499.964
45.9,4.35,205.4,0.0,658.561
53.74,4.07,206.06,0.0,597.139
47.7,2.57,199.82,0.0,498.671
48.32,2.48,195.3,0.0,333.635
48.87,3.31,202.88,0.0,424.172
42.62,1.97,176.69,0.0,267.05400000000003
21.94,1.58,141.53,0.0,110.96
19.81,1.15,130.71,0.0,19.4832
19.63,1.3,124.74,0.0,0.0
17.07,0.62,121.19,0.0,0.0
15.14,0.39,0.0,0.0,0.0
16.96,0.39,0.0,0.0,0.0
12.77,0.0,0.0,0.0,0.0
8.92,0.0,0.0,0.0,0.0
8.78,0.0,0.0,0.0,0.0
8.68,0.0,0.0,0.0,0.0
9.14,0.0,0.0,0.0,0.0
8.33,0.0,0.0,0.0,0.0
12.83,0.54,137.54,0.0,0.0
19.23,0.85,145.15,0.0,65.5504
20.96,1.16,152.21,0.0,212.143
21.37,1.63,153.47,0.0,378.582
21.46,1.47,152.57,0.0,511.191
27.47,1.78,154.56,0.0,493.369
19.05,1.55,148.75,0.0,608.156
18.58,1.47,145.81,0.0,506.343
15.12,1.16,153.87,0.0,547.7819999999999
14.21,1.01,135.46,0.0,295.938
14.43,1.08,143.45,0.0,453.314
12.68,0.54,134.69,0.0,274.152
10.03,0.54,0.0,0.0,131.94899999999998
8.36,0.0,22.94,0.0,21.3932
7.68,0.0,0.0,0.0,0.0
8.11,0.0,0.0,0.0,0.0
7.64,0.0,0.0,0.0,0.0
9.36,0.0,0.0,0.0,0.0
8.95,0.0,0.0,0.0,0.0
8.6,0.0,0.0,0.0,0.0
8.62,0.0,0.0,0.0,0.0
9.71,0.0,0.0,0.0,0.0
8.43,0.0,0.0,0.0,0.0
8.63,0.0,0.0,0.0,0.0
11.69,0.31,0.0,0.0,0.0
11.95,0.31,37.1,0.0,76.0033
12.42,0.31,109.12,0.0,208.579
12.73,0.31,97.17,0.0,341.71
11.1,0.31,74.77,0.0,352.82800000000003
10.74,0.46,102.57,0.0,593.016
9.71,0.46,67.39,0.0,598.71
9.44,0.7,34.0,0.0,441.242
9.93,0.46,12.63,0.0,308.699
9.33,0.31,10.8,0.0,91.2705
9.62,0.31,10.65,0.0,88.9586
10.65,0.31,0.0,0.0,180.791
9.71,0.0,0.0,0.0,94.0211
9.92,0.0,0.0,0.0,13.4923
9.32,0.0,0.0,0.0,0.0
9.06,0.0,0.0,0.0,0.0
8.23,0.0,0.0,0.0,0.0
9.7,0.0,0.0,0.0,0.0
9.89,0.0,0.0,0.0,0.0
12.01,0.0,0.0,0.0,0.0
12.32,0.0,0.0,0.0,0.0
12.67,0.0,0.0,0.0,0.0
12.53,0.0,0.0,0.0,0.0
11.45,0.0,0.0,0.0,0.0
13.01,0.54,131.69,0.0,0.0
22.14,1.46,132.15,0.0,73.1446
54.42,2.7,169.95,0.0,210.086
53.23,2.93,180.29,0.0,367.72
52.47,3.01,188.87,0.0,522.535
49.98,3.62,191.46,0.0,625.078
47.97,4.34,189.4,0.0,674.793
54.78,4.04,193.85,0.0,687.569
44.82,2.53,197.92,0.0,635.798
46.83,2.47,206.61,0.0,499.067
47.14,3.29,198.8,0.0,256.969
38.41,1.94,167.51,0.0,138.74
17.95,1.58,128.88,0.0,104.112
18.03,1.12,122.51,0.0,21.4038
19.19,1.27,118.63,0.0,0.0
18.59,0.61,120.1,0.0,0.0
19.16,0.39,0.0,0.0,0.0
19.16,0.39,0.0,0.0,0.0
15.46,0.0,0.0,0.0,0.0
14.72,0.0,0.0,0.0,0.0
14.76,0.0,0.0,0.0,0.0
15.46,0.0,0.0,0.0,0.0
15.46,0.0,0.0,0.0,0.0
15.33,0.0,0.0,0.0,0.0
18.21,0.54,122.6,0.0,0.0
32.34,1.46,136.88,0.0,66.835
70.91,2.69,188.13,0.0,217.158
60.44,2.92,195.6,0.0,391.133
56.56,3.0,202.11,0.0,542.492
58.45,3.62,203.96,0.0,642.953
54.49,4.31,189.63,0.0,695.6510000000001
50.37,4.03,187.99,0.0,687.564
45.82,2.54,190.98,0.0,678.802
48.38,2.46,192.32,0.0,601.078
46.54,3.28,192.61,0.0,477.36
36.26,1.95,161.42,0.0,326.41900000000004
19.58,1.54,131.18,0.0,153.082
17.73,1.09,116.13,0.0,23.6115
18.51,1.24,106.12,0.0,0.0
17.74,0.6,103.27,0.0,0.0
18.98,0.38,0.0,0.0,0.0
19.16,0.38,0.0,0.0,0.0
14.96,0.0,0.0,0.0,0.0
14.41,0.0,0.0,0.0,0.0
14.89,0.0,0.0,0.0,0.0
15.46,0.0,0.0,0.0,0.0
14.57,0.0,0.0,0.0,0.0
13.44,0.0,0.0,0.0,0.0
16.09,0.54,133.11,0.0,0.0
26.68,1.46,142.12,0.0,66.704
56.65,2.69,194.93,0.0,215.399
52.23,2.92,200.4,0.0,385.912
47.83,2.99,202.63,0.0,529.239
48.11,3.61,202.51,0.0,633.806
53.43,4.29,190.1,0.0,691.193
47.05,4.02,199.13,0.0,691.709
39.84,2.54,205.06,0.0,664.475
41.99,2.45,209.36,0.0,600.355
45.69,3.27,209.47,0.0,482.302
37.89,1.95,178.19,0.0,327.466
17.34,1.54,138.32,0.0,151.211
15.87,1.15,117.03,0.0,23.622
14.13,1.3,108.09,0.0,0.0
14.25,0.61,105.89,0.0,0.0
13.87,0.38,0.0,0.0,0.0
12.83,0.38,0.0,0.0,0.0
11.58,0.0,0.0,0.0,0.0
12.5,0.0,0.0,0.0,0.0
12.5,0.0,0.0,0.0,0.0
12.44,0.0,0.0,0.0,0.0
11.05,0.0,0.0,0.0,0.0
11.21,0.0,0.0,0.0,0.0
13.81,0.54,121.03,0.0,0.0
27.8,1.45,133.6,0.0,66.1469
64.91,2.68,191.59,0.0,213.213
58.24,2.91,199.89,0.0,365.04
58.02,2.99,203.98,0.0,493.794
58.28,3.6,213.8,0.0,614.622
56.89,4.32,211.47,0.0,680.5830000000001
57.91,4.01,220.39,0.0,666.418
55.71,2.52,220.18,0.0,628.133
52.11,2.45,224.18,0.0,585.953
53.46,3.27,230.4,0.0,475.039
40.58,1.92,199.73,0.0,325.79400000000004
18.49,1.58,167.83,0.0,154.181
15.96,1.12,147.07,0.0,23.9303
17.67,1.27,130.11,0.0,0.0
15.55,0.61,124.35,0.0,0.0
13.89,0.38,0.0,0.0,0.0
13.09,0.38,0.0,0.0,0.0
10.04,0.0,0.0,0.0,0.0
11.27,0.0,0.0,0.0,0.0
12.22,0.0,0.0,0.0,0.0
13.15,0.0,0.0,0.0,0.0
14.07,0.0,0.0,0.0,0.0
13.59,0.0,0.0,0.0,0.0
18.08,0.53,129.69,0.0,0.0
30.24,1.45,148.78,0.0,65.6415
65.66,2.67,203.8,0.0,211.614
50.41,2.9,204.06,0.0,366.954
43.64,2.98,211.86,0.0,519.744
52.48,3.59,215.91,0.0,603.183
54.77,4.3,203.57,0.0,673.2660000000001
59.45,4.0,214.06,0.0,673.796
52.47,2.51,217.39,0.0,658.573
55.92,2.46,223.22,0.0,589.606
55.1,3.26,230.3,0.0,480.622
41.99,1.92,202.04,0.0,324.584
22.27,1.56,166.82,0.0,153.29
20.77,1.11,144.94,0.0,23.7995
20.77,1.26,130.8,0.0,0.0
18.88,0.6,129.38,0.0,0.0
18.09,0.38,0.0,0.0,0.0
18.86,0.38,0.0,0.0,0.0
15.46,0.0,0.0,0.0,0.0
11.6,0.0,0.0,0.0,0.0
10.81,0.0,0.0,0.0,0.0
9.71,0.0,0.0,0.0,0.0
10.54,0.0,0.0,0.0,0.0
10.44,0.0,0.0,0.0,0.0
16.87,0.53,134.51,0.0,0.0
21.65,0.84,153.85,0.0,65.3317
26.41,1.14,161.98,0.0,211.267
28.69,1.6,160.65,0.0,380.469
26.04,1.45,157.9,0.0,517.638
29.42,1.75,156.27,0.0,618.453
19.66,1.52,149.72,0.0,672.922
19.36,1.45,147.97,0.0,687.187
18.93,1.14,157.42,0.0,659.3539999999999
17.35,0.99,164.5,0.0,578.472
16.47,1.07,164.47,0.0,478.524
13.86,0.53,130.34,0.0,322.933
10.73,0.53,93.73,0.0,151.378
9.06,0.0,98.88,0.0,23.7317
9.29,0.0,23.07,0.0,0.0
10.15,0.0,0.0,0.0,0.0
8.8,0.0,0.0,0.0,0.0
8.58,0.0,0.0,0.0,0.0
8.47,0.0,0.0,0.0,0.0
9.81,0.0,0.0,0.0,0.0
10.09,0.0,0.0,0.0,0.0
10.8,0.0,0.0,0.0,0.0
10.41,0.0,0.0,0.0,0.0
10.91,0.0,0.0,0.0,0.0
12.68,0.3,42.03,0.0,0.0
12.38,0.3,85.84,0.0,65.0302
11.44,0.3,104.86,0.0,208.698
11.68,0.3,119.43,0.0,369.68
11.57,0.3,92.74,0.0,505.673
11.95,0.46,107.26,0.0,621.2
12.06,0.46,112.5,0.0,671.5880000000001
11.34,0.68,80.1,0.0,687.095
11.26,0.46,94.25,0.0,672.304
12.49,0.3,119.61,0.0,587.491
11.82,0.3,95.66,0.0,282.1
10.42,0.3,108.54,0.0,311.501
9.33,0.0,113.78,0.0,155.73
9.33,0.0,84.83,0.0,24.8462
8.71,0.0,48.54,0.0,0.0
9.99,0.0,18.51,0.0,0.0
10.85,0.0,0.0,0.0,0.0
11.6,0.0,0.0,0.0,0.0
11.6,0.0,0.0,0.0,0.0
15.02,0.0,0.0,0.0,0.0
15.46,0.0,0.0,0.0,0.0
15.46,0.0,0.0,0.0,0.0
15.46,0.0,0.0,0.0,0.0
14.16,0.0,52.66,0.0,0.0
15.71,0.53,144.84,0.0,0.0
27.68,1.44,175.49,0.0,64.9773
64.19,2.66,222.5,0.0,208.39
51.94,2.88,216.55,0.0,235.475
54.31,2.96,231.01,0.0,517.427
50.43,3.57,233.61,0.0,608.2869999999999
49.65,4.29,223.05,0.0,645.015
46.54,3.97,232.44,0.0,353.55800000000005
47.29,2.51,221.29,0.0,278.371
50.31,2.42,206.88,0.0,171.25099999999998
53.27,3.23,209.77,0.0,185.004
38.57,1.92,179.41,0.0,173.453
18.06,1.53,140.47,0.0,101.817
15.16,1.08,131.12,0.0,23.1927
14.89,1.23,126.48,0.0,0.0
13.14,0.59,126.52,0.0,0.0
13.6,0.38,0.0,0.0,0.0
13.3,0.38,0.0,0.0,0.0
12.36,0.0,0.0,0.0,0.0
13.0,0.0,0.0,0.0,0.0
11.7,0.0,0.0,0.0,0.0
10.62,0.0,0.0,0.0,0.0
12.41,0.0,0.0,0.0,0.0
13.73,0.0,0.0,0.0,0.0
18.17,0.53,143.87,0.0,0.0
29.85,1.44,151.15,0.0,75.7317
61.42,2.65,202.33,0.0,198.318
47.18,2.88,193.12,0.0,235.12
47.96,2.95,166.31,0.0,78.1662
47.49,3.56,156.59,0.0,105.645
45.64,4.25,153.57,0.0,266.656
54.07,3.97,153.58,0.0,99.688
46.85,2.49,150.37,0.0,121.33
47.75,2.43,150.94,0.0,153.851
45.98,3.23,152.66,0.0,152.19299999999998
34.51,1.9,132.05,0.0,154.602
18.59,1.55,115.7,0.0,87.4988
16.18,1.1,114.96,0.0,25.5309
14.39,1.25,115.7,0.0,0.0
12.81,0.6,113.59,0.0,0.0
12.92,0.38,0.0,0.0,0.0
14.7,0.38,0.0,0.0,0.0
13.06,0.0,0.0,0.0,0.0
13.59,0.0,0.0,0.0,0.0
12.78,0.0,0.0,0.0,0.0
12.98,0.0,0.0,0.0,0.0
11.84,0.0,0.0,0.0,0.0
12.86,0.0,0.0,0.0,0.0
15.61,0.53,107.57,0.0,0.0
24.34,1.44,117.06,0.0,74.0524
55.54,2.65,162.51,0.0,206.092
48.69,2.87,177.49,0.0,334.617
51.84,2.95,190.21,0.0,470.30300000000005
50.7,3.55,199.72,0.0,600.251
54.66,4.26,192.61,0.0,649.887
55.08,3.96,204.04,0.0,635.315
51.63,2.49,217.49,0.0,652.957
49.92,2.41,225.32,0.0,586.064
46.29,3.23,226.73,0.0,463.649
36.35,1.9,193.36,0.0,306.81
19.53,1.56,152.01,0.0,133.15200000000002
14.8,1.12,133.52,0.0,17.6549
17.7,1.27,136.07,0.0,0.0
14.69,0.6,139.73,0.0,0.0
16.18,0.38,0.0,0.0,0.0
15.96,0.38,0.0,0.0,0.0
12.59,0.0,0.0,0.0,0.0
12.95,0.0,0.0,0.0,0.0
13.64,0.0,0.0,0.0,0.0
13.09,0.0,0.0,0.0,0.0
13.76,0.0,0.0,0.0,0.0
12.45,0.0,0.0,0.0,0.0
14.16,0.53,144.88,0.0,0.0
28.54,1.43,144.12,0.0,77.1862
53.66,2.64,198.61,0.0,204.449
43.17,2.87,206.65,0.0,326.823
42.39,2.94,212.55,0.0,410.652
41.8,3.55,221.16,0.0,346.2
49.8,4.26,221.5,0.0,577.518
48.48,3.95,233.8,0.0,667.638
41.29,2.49,201.9,0.0,424.485
39.97,2.41,175.13,0.0,193.232
48.37,3.21,183.3,0.0,161.082
35.31,1.91,184.29,0.0,259.308
18.21,1.51,158.88,0.0,135.205
18.13,1.07,144.78,0.0,1.2139
15.97,1.22,129.74,0.0,0.0
15.32,0.59,124.23,0.0,0.0
14.48,0.38,0.0,0.0,0.0
16.5,0.38,0.0,0.0,0.0
11.96,0.0,0.0,0.0,0.0
10.68,0.0,0.0,0.0,0.0
11.94,0.0,0.0,0.0,0.0
10.64,0.0,0.0,0.0,0.0
12.65,0.0,0.0,0.0,0.0
11.35,0.0,0.0,0.0,0.0
14.34,0.53,148.79,0.0,0.0
22.93,1.43,144.78,0.0,64.9198
46.38,2.64,176.47,0.0,61.9988
44.7,2.86,183.39,0.0,317.92400000000004
49.47,2.94,197.72,0.0,396.778
47.08,3.54,200.8,0.0,454.826
50.67,4.23,200.18,0.0,557.503
51.08,3.94,192.56,0.0,217.22
46.64,2.47,171.93,0.0,189.1
46.9,2.41,164.64,0.0,324.571
49.97,3.21,166.15,0.0,268.362
38.92,1.88,142.5,0.0,193.208
20.54,1.56,121.35,0.0,113.82
19.03,1.11,121.63,0.0,25.2816
19.4,1.26,120.44,0.0,0.0
17.1,0.6,119.16,0.0,0.0
16.38,0.38,0.0,0.0,0.0
16.43,0.38,0.0,0.0,0.0
13.76,0.0,0.0,0.0,0.0
10.78,0.0,0.0,0.0,0.0
10.65,0.0,0.0,0.0,0.0
9.97,0.0,0.0,0.0,0.0
10.3,0.0,0.0,0.0,0.0
10.56,0.0,0.0,0.0,0.0
18.22,0.53,168.47,0.0,0.0
25.31,0.83,175.0,0.0,64.1632
29.59,1.13,183.27,0.0,207.783
30.09,1.58,186.95,0.0,367.508
27.28,1.43,188.15,0.0,438.574
28.36,1.73,187.18,0.0,533.364
18.87,1.5,183.43,0.0,633.9580000000001
17.17,1.43,178.94,0.0,484.382
16.91,1.13,168.61,0.0,328.64
16.67,0.98,164.4,0.0,367.028
16.01,1.05,169.75,0.0,407.019
12.89,0.53,149.19,0.0,237.551
11.45,0.53,68.94,0.0,121.422
9.61,0.0,67.65,0.0,25.9138
9.26,0.0,0.0,0.0,0.0
9.13,0.0,0.0,0.0,0.0
9.97,0.0,0.0,0.0,0.0
9.17,0.0,0.0,0.0,0.0
8.87,0.0,0.0,0.0,0.0
8.93,0.0,0.0,0.0,0.0
8.29,0.0,0.0,0.0,0.0
7.65,0.0,0.0,0.0,0.0
8.0,0.0,0.0,0.0,0.0
8.33,0.0,0.0,0.0,0.0
10.81,0.3,29.83,0.0,0.0
10.59,0.3,109.81,0.0,66.6805
11.97,0.3,60.67,0.0,197.466
11.07,0.3,113.01,0.0,242.554
11.93,0.3,113.33,0.0,490.44
13.0,0.45,77.82,0.0,540.8530000000001
12.05,0.45,105.23,0.0,521.321
11.0,0.67,78.0,0.0,377.735
11.11,0.45,39.08,0.0,402.091
10.79,0.3,58.81,0.0,246.854
10.77,0.3,108.36,0.0,422.087
11.42,0.3,101.26,0.0,296.153
8.14,0.0,16.16,0.0,148.993
8.88,0.0,79.91,0.0,26.4156
9.79,0.0,0.0,0.0,0.0
9.27,0.0,0.0,0.0,0.0
9.09,0.0,0.0,0.0,0.0
8.24,0.0,0.0,0.0,0.0
8.31,0.0,0.0,0.0,0.0
12.69,0.0,0.0,0.0,0.0
13.52,0.0,0.0,0.0,0.0
13.14,0.0,0.0,0.0,0.0
12.75,0.0,0.0,0.0,0.0
11.93,0.0,56.51,0.0,0.0
14.73,0.52,164.36,0.0,0.0
28.56,1.42,188.18,0.0,63.3574
53.11,2.62,231.37,0.0,205.947
44.29,2.84,229.88,0.0,347.964
46.59,2.92,235.91,0.0,443.473
53.8,3.52,233.23,0.0,642.106
48.65,4.23,227.12,0.0,590.645
53.85,3.92,248.47,0.0,525.3580000000001
53.37,2.47,239.29,0.0,527.447
54.6,2.4,241.49,0.0,489.115
60.47,3.19,250.78,0.0,419.047
45.39,1.88,214.54,0.0,267.469
22.58,1.53,172.72,0.0,124.399
18.56,1.08,154.54,0.0,27.2399
18.69,1.24,142.05,0.0,0.0
16.67,0.59,137.03,0.0,0.0
14.86,0.37,0.0,0.0,0.0
13.21,0.37,0.0,0.0,0.0
11.27,0.0,0.0,0.0,0.0
10.48,0.0,0.0,0.0,0.0
12.84,0.0,0.0,0.0,0.0
13.31,0.0,0.0,0.0,0.0
13.52,0.0,0.0,0.0,0.0
11.71,0.0,59.2,0.0,0.0
16.17,0.52,170.3,0.0,0.0
24.7,1.42,194.79,0.0,63.2364
58.87,2.61,233.84,0.0,206.883
51.63,2.84,229.99,0.0,377.111
52.3,2.91,236.76,0.0,521.294
55.53,3.51,241.26,0.0,624.8290000000001
54.27,4.22,236.81,0.0,686.5189999999999
48.39,3.9,248.33,0.0,690.263
50.67,2.47,247.9,0.0,673.1239999999999
51.18,2.39,248.96,0.0,607.2
56.79,3.18,256.02,0.0,492.234
43.72,1.89,228.88,0.0,337.636
20.65,1.5,189.31,0.0,161.266
19.1,1.07,167.13,0.0,28.0878
18.68,1.22,154.01,0.0,0.0
15.68,0.59,153.49,0.0,0.0
13.99,0.37,0.0,0.0,0.0
13.69,0.37,0.0,0.0,0.0
10.83,0.0,0.0,0.0,0.0
11.06,0.0,0.0,0.0,0.0
11.44,0.0,0.0,0.0,0.0
10.63,0.0,0.0,0.0,0.0
10.09,0.0,0.0,0.0,0.0
10.15,0.0,57.93,0.0,0.0
15.63,0.52,166.36,0.0,0.0
27.25,1.42,191.77,0.0,63.0528
64.0,2.61,235.68,0.0,205.768
57.88,2.83,234.11,0.0,373.62
56.46,2.91,236.27,0.0,521.2330000000001
60.44,3.5,243.5,0.0,621.906
59.89,4.2,239.33,0.0,681.882
62.45,3.9,250.32,0.0,691.8639999999999
58.02,2.46,249.53,0.0,680.85
57.24,2.38,255.7,0.0,608.515
59.1,3.18,260.31,0.0,493.108
45.63,1.89,231.85,0.0,338.93699999999995
23.32,1.49,193.76,0.0,162.308
19.14,1.06,167.69,0.0,28.9026
16.85,1.21,151.27,0.0,0.0
13.99,0.58,149.54,0.0,0.0
16.32,0.37,0.0,0.0,0.0
14.45,0.37,0.0,0.0,0.0
11.41,0.0,0.0,0.0,0.0
11.28,0.0,0.0,0.0,0.0
11.3,0.0,0.0,0.0,0.0
10.74,0.0,0.0,0.0,0.0
10.72,0.0,0.0,0.0,0.0
11.84,0.0,57.31,0.0,0.0
13.71,0.52,164.82,0.0,0.0
23.57,1.41,181.91,0.0,35.9021
58.12,2.6,231.95,0.0,171.225
47.89,2.83,233.37,0.0,370.714
50.49,2.9,236.32,0.0,494.783
55.96,3.5,242.04,0.0,591.146
52.74,4.2,236.38,0.0,595.244
48.6,3.89,253.23,0.0,582.393
43.75,2.46,255.56,0.0,556.724
50.68,2.37,252.27,0.0,518.029
55.48,3.17,250.68,0.0,445.711
39.66,1.88,220.89,0.0,309.875
17.9,1.49,183.36,0.0,147.222
14.73,1.06,164.64,0.0,27.6683
14.44,1.22,153.01,0.0,0.0
15.92,0.59,149.76,0.0,0.0
16.42,0.37,0.0,0.0,0.0
16.25,0.37,0.0,0.0,0.0
13.86,0.0,0.0,0.0,0.0
14.74,0.0,0.0,0.0,0.0
13.7,0.0,0.0,0.0,0.0
14.43,0.0,0.0,0.0,0.0
14.84,0.0,0.0,0.0,0.0
15.46,0.0,55.4,0.0,0.0
19.16,0.52,159.18,0.0,0.0
32.36,1.41,178.95,0.0,63.4612
70.84,2.6,230.68,0.0,204.053
60.44,2.82,234.95,0.0,371.47
58.02,2.9,238.9,0.0,449.756
55.33,3.49,237.26,0.0,615.245
55.63,4.19,233.65,0.0,663.497
58.47,3.88,250.85,0.0,623.803
57.25,2.45,251.15,0.0,546.368
58.02,2.37,256.49,0.0,514.3480000000001
60.12,3.16,248.53,0.0,384.505
48.26,1.88,213.88,0.0,287.571
22.01,1.5,182.11,0.0,151.29
19.78,1.07,161.33,0.0,27.1397
20.77,1.22,148.64,0.0,0.0
17.46,0.59,143.52,0.0,0.0
18.25,0.37,0.0,0.0,0.0
19.16,0.37,0.0,0.0,0.0
14.48,0.0,0.0,0.0,0.0
10.69,0.0,0.0,0.0,0.0
10.93,0.0,0.0,0.0,0.0
10.48,0.0,0.0,0.0,0.0
10.23,0.0,0.0,0.0,0.0
8.98,0.0,0.0,0.0,0.0
14.77,0.52,164.06,0.0,0.0
20.37,0.82,173.69,0.0,64.7494
26.3,1.11,180.71,0.0,195.2
27.55,1.56,187.79,0.0,369.76
28.79,1.41,192.34,0.0,426.086
29.46,1.71,199.39,0.0,474.05
20.12,1.48,193.42,0.0,456.709
17.58,1.41,185.83,0.0,440.601
14.68,1.11,184.09,0.0,503.119
13.53,0.96,187.35,0.0,479.537
14.46,1.04,188.27,0.0,358.29
12.05,0.52,156.5,0.0,256.72900000000004
11.54,0.52,99.27,0.0,161.276
9.6,0.0,108.58,0.0,29.1015
10.12,0.0,0.0,0.0,0.0
9.01,0.0,24.82,0.0,0.0
9.4,0.0,0.0,0.0,0.0
8.25,0.0,0.0,0.0,0.0
7.7,0.0,0.0,0.0,0.0
9.71,0.0,0.0,0.0,0.0
8.91,0.0,0.0,0.0,0.0
8.31,0.0,0.0,0.0,0.0
9.24,0.0,0.0,0.0,0.0
9.56,0.0,0.0,0.0,0.0
11.24,0.3,36.85,0.0,0.0
11.65,0.3,117.1,0.0,62.2554
10.68,0.3,119.96,0.0,199.734
10.28,0.3,113.31,0.0,349.142
9.82,0.3,105.69,0.0,479.311
9.83,0.44,109.52,0.0,597.773
9.57,0.44,111.31,0.0,607.003
11.28,0.67,92.15,0.0,657.132
12.78,0.44,112.71,0.0,642.596
12.62,0.3,109.67,0.0,575.7080000000001
11.98,0.3,102.39,0.0,476.448
13.0,0.3,105.67,0.0,318.507
10.47,0.0,106.78,0.0,141.502
9.64,0.0,107.7,0.0,27.2362
9.95,0.0,70.1,0.0,0.0
10.63,0.0,28.92,0.0,0.0
10.52,0.0,28.19,0.0,0.0
11.42,0.0,0.0,0.0,0.0
10.73,0.0,0.0,0.0,0.0
14.78,0.0,0.0,0.0,0.0
13.96,0.0,0.0,0.0,0.0
12.24,0.0,0.0,0.0,0.0
13.48,0.0,0.0,0.0,0.0
11.7,0.0,56.89,0.0,0.0
14.8,0.52,160.36,0.0,0.0
25.1,1.4,195.09,0.0,61.7639
49.27,2.59,246.12,0.0,200.571
43.12,2.81,245.81,0.0,361.518
48.15,2.88,255.58,0.0,502.955
47.32,3.47,258.44,0.0,587.415
53.91,4.19,247.82,0.0,653.29
56.64,3.87,255.16,0.0,573.754
57.18,2.42,215.36,0.0,219.86
58.02,2.36,205.91,0.0,190.241
61.64,3.15,235.05,0.0,347.366
47.58,1.85,219.53,0.0,279.973
23.76,1.49,187.14,0.0,144.611
20.77,1.1,165.29,0.0,28.7887
20.77,1.25,150.48,0.0,0.0
19.16,0.59,146.96,0.0,0.0
19.16,0.37,0.0,0.0,0.0
18.8,0.37,0.0,0.0,0.0
15.46,0.0,0.0,0.0,0.0
15.46,0.0,0.0,0.0,0.0
14.81,0.0,0.0,0.0,0.0
15.46,0.0,0.0,0.0,0.0
15.46,0.0,0.0,0.0,0.0
15.46,0.0,55.5,0.0,0.0
18.23,0.52,162.3,0.0,0.0
30.53,1.4,189.42,0.0,70.425
62.91,2.58,243.42,0.0,197.317
55.83,2.8,241.97,0.0,361.371
48.17,2.88,249.48,0.0,494.413
50.12,3.47,258.46,0.0,588.448
53.29,4.18,255.05,0.0,653.72
51.59,3.87,264.83,0.0,532.886
42.84,2.42,221.51,0.0,250.669
47.14,2.36,214.31,0.0,293.342
52.03,3.15,233.75,0.0,329.19800000000004
43.66,1.85,210.72,0.0,246.057
21.43,1.49,169.27,0.0,127.475
18.31,1.1,145.58,0.0,27.9964
17.61,1.25,131.92,0.0,0.0
17.55,0.59,126.71,0.0,0.0
18.61,0.37,0.0,0.0,0.0
18.25,0.37,0.0,0.0,0.0
15.46,0.0,0.0,0.0,0.0
15.46,0.0,0.0,0.0,0.0
14.92,0.0,0.0,0.0,0.0
15.46,0.0,0.0,0.0,0.0
14.57,0.0,0.0,0.0,0.0
15.46,0.0,0.0,0.0,0.0
18.65,0.52,148.56,0.0,0.0
31.57,1.4,161.75,0.0,63.6887
60.74,2.58,197.13,0.0,154.54399999999998
49.62,2.8,201.21,0.0,252.614
42.74,2.87,222.77,0.0,433.935
47.63,3.46,236.28,0.0,389.328
49.87,4.17,226.23,0.0,176.817
47.4,3.86,242.56,0.0,435.447
42.46,2.42,252.89,0.0,480.197
48.3,2.35,243.4,0.0,504.214
52.48,3.14,227.52,0.0,261.949
41.33,1.85,181.3,0.0,90.878
18.48,1.47,151.38,0.0,79.6876
14.91,1.1,144.65,0.0,25.6455
15.03,1.25,139.18,0.0,0.0
13.54,0.59,136.7,0.0,0.0
16.11,0.37,0.0,0.0,0.0
16.0,0.37,0.0,0.0,0.0
13.02,0.0,0.0,0.0,0.0
13.94,0.0,0.0,0.0,0.0
12.48,0.0,0.0,0.0,0.0
11.69,0.0,0.0,0.0,0.0
12.05,0.0,0.0,0.0,0.0
13.11,0.0,0.0,0.0,0.0
17.29,0.51,143.22,0.0,0.0
29.05,1.4,157.12,0.0,60.9746
60.71,2.57,200.79,0.0,186.276
46.15,2.79,195.87,0.0,221.019
40.78,2.87,202.86,0.0,238.536
42.17,3.46,221.26,0.0,438.634
50.38,4.17,220.93,0.0,495.953
56.31,3.85,230.98,0.0,357.965
45.44,2.42,214.24,0.0,278.155
43.07,2.34,195.37,0.0,232.435
44.14,3.14,191.52,0.0,241.192
35.45,1.86,171.12,0.0,232.11900000000003
18.34,1.46,144.84,0.0,135.66899999999998
16.96,1.1,132.97,0.0,29.5313
18.85,1.25,125.02,0.0,0.0
16.75,0.59,122.58,0.0,0.0
18.24,0.37,0.0,0.0,0.0
18.61,0.37,0.0,0.0,0.0
14.81,0.0,0.0,0.0,0.0
13.64,0.0,0.0,0.0,0.0
12.18,0.0,0.0,0.0,0.0
13.42,0.0,0.0,0.0,0.0
13.69,0.0,0.0,0.0,0.0
12.44,0.0,0.0,0.0,0.0
15.06,0.51,138.77,0.0,0.0
23.06,1.4,157.46,0.0,60.4893
51.16,2.57,209.93,0.0,196.942
50.01,2.79,218.41,0.0,345.717
46.98,2.86,228.42,0.0,483.333
49.48,3.45,233.1,0.0,488.015
55.33,4.17,210.36,0.0,362.797
53.65,3.84,201.97,0.0,250.864
46.88,2.41,221.66,0.0,527.341
44.13,2.34,240.07,0.0,527.283
46.62,3.13,247.65,0.0,434.302
37.91,1.86,222.2,0.0,307.115
20.01,1.46,190.95,0.0,161.037
18.37,1.04,168.51,0.0,30.5317
18.66,1.19,152.01,0.0,0.0
17.44,0.58,145.56,0.0,0.0
16.98,0.37,0.0,0.0,0.0
14.97,0.37,0.0,0.0,0.0
12.39,0.0,0.0,0.0,0.0
9.45,0.0,0.0,0.0,0.0
9.54,0.0,0.0,0.0,0.0
8.52,0.0,0.0,0.0,0.0
7.77,0.0,0.0,0.0,0.0
8.34,0.0,0.0,0.0,0.0
13.42,0.51,175.61,0.0,0.0
19.28,0.81,184.08,0.0,60.092
22.02,1.1,191.78,0.0,197.915
24.54,1.54,194.06,0.0,367.061
23.54,1.39,199.31,0.0,510.457
26.91,1.69,194.32,0.0,443.469
20.24,1.47,185.73,0.0,535.189
19.6,1.39,163.25,0.0,416.49300000000005
15.45,1.1,165.38,0.0,309.54
13.07,0.95,181.99,0.0,518.512
12.92,1.03,184.67,0.0,476.557
12.71,0.51,150.96,0.0,320.031
10.25,0.51,19.38,0.0,149.787
9.44,0.0,89.87,0.0,29.8184
10.52,0.0,0.0,0.0,0.0
10.62,0.0,0.0,0.0,0.0
10.72,0.0,0.0,0.0,0.0
10.28,0.0,0.0,0.0,0.0
10.88,0.0,0.0,0.0,0.0
10.71,0.0,0.0,0.0,0.0
9.56,0.0,0.0,0.0,0.0
8.75,0.0,0.0,0.0,0.0
9.46,0.0,0.0,0.0,0.0
9.92,0.0,0.0,0.0,0.0
13.1,0.29,0.0,0.0,0.0
12.15,0.29,0.0,0.0,14.3249
12.66,0.29,0.0,0.0,72.4553
12.12,0.29,0.0,0.0,172.726
11.69,0.29,50.56,0.0,327.181
11.91,0.44,45.53,0.0,323.082
13.13,0.44,57.98,0.0,338.969
14.09,0.66,81.39,0.0,451.783
14.37,0.44,48.63,0.0,303.03700000000003
14.37,0.29,22.35,0.0,237.981
14.37,0.29,0.0,0.0,87.3383
14.29,0.29,0.0,0.0,100.078
11.6,0.0,0.0,0.0,97.0185
11.6,0.0,0.0,0.0,26.1263
10.99,0.0,0.0,0.0,0.0
11.1,0.0,0.0,0.0,0.0
11.6,0.0,0.0,0.0,0.0
10.77,0.0,0.0,0.0,0.0
10.07,0.0,0.0,0.0,0.0
14.49,0.0,0.0,0.0,0.0
15.46,0.0,0.0,0.0,0.0
15.19,0.0,0.0,0.0,0.0
15.34,0.0,0.0,0.0,0.0
15.17,0.0,55.23,0.0,0.0
18.69,0.51,158.94,0.0,0.0
29.3,1.39,169.72,0.0,70.3857
68.02,2.56,224.93,0.0,189.765
54.25,2.78,232.18,0.0,368.315
45.64,2.85,236.08,0.0,479.586
41.89,3.44,240.1,0.0,616.88
51.15,4.15,237.65,0.0,667.875
49.1,3.82,248.81,0.0,607.139
40.45,2.41,246.43,0.0,560.286
44.29,2.33,247.83,0.0,473.611
50.94,3.11,237.28,0.0,318.937
42.57,1.85,203.98,0.0,185.9
20.99,1.47,182.38,0.0,150.159
18.7,1.05,163.3,0.0,30.8865
17.9,1.2,145.24,0.0,0.0
17.66,0.58,139.6,0.0,0.0
17.29,0.37,0.0,0.0,0.0
16.05,0.37,0.0,0.0,0.0
11.94,0.0,0.0,0.0,0.0
12.98,0.0,0.0,0.0,0.0
13.89,0.0,0.0,0.0,0.0
13.2,0.0,0.0,0.0,0.0
14.32,0.0,0.0,0.0,0.0
12.9,0.0,57.76,0.0,0.0
17.07,0.51,168.04,0.0,0.0
26.05,1.39,187.39,0.0,59.8428
54.12,2.55,239.68,0.0,196.738
52.46,2.77,244.79,0.0,364.139
51.37,2.85,245.94,0.0,512.174
51.23,3.43,243.04,0.0,617.726
45.42,4.12,232.04,0.0,665.372
43.03,3.83,242.83,0.0,677.197
39.37,2.39,242.67,0.0,680.5110000000001
48.57,2.34,226.59,0.0,380.027
56.18,3.11,203.76,0.0,89.3983
48.29,1.83,173.37,0.0,111.238
23.33,1.48,137.55,0.0,96.299
18.88,1.09,125.99,0.0,0.0
19.7,1.24,119.65,0.0,0.0
18.98,0.58,117.64,0.0,0.0
17.29,0.36,0.0,0.0,0.0
16.56,0.36,0.0,0.0,0.0
13.21,0.0,0.0,0.0,0.0
12.03,0.0,0.0,0.0,0.0
12.8,0.0,0.0,0.0,0.0
11.22,0.0,0.0,0.0,0.0
12.83,0.0,0.0,0.0,0.0
14.13,0.0,0.0,0.0,0.0
15.49,0.51,127.55,0.0,0.0
26.99,1.39,142.05,0.0,61.5415
52.36,2.55,203.3,0.0,191.345
49.75,2.77,211.84,0.0,330.731
52.73,2.84,223.51,0.0,390.307
52.76,3.43,210.33,0.0,573.602
49.37,4.14,216.04,0.0,460.794
55.87,3.81,200.58,0.0,168.332
48.36,2.4,180.1,0.0,167.49200000000002
49.55,2.32,188.79,0.0,236.889
55.98,3.11,196.39,0.0,234.686
44.83,1.84,178.88,0.0,233.121
21.36,1.47,141.72,0.0,75.4732
17.77,1.05,136.16,0.0,2.12994
16.05,1.2,137.99,0.0,0.0
16.76,0.58,140.05,0.0,0.0
14.82,0.36,0.0,0.0,0.0
14.49,0.36,0.0,0.0,0.0
12.45,0.0,0.0,0.0,0.0
12.74,0.0,0.0,0.0,0.0
11.96,0.0,0.0,0.0,0.0
13.24,0.0,0.0,0.0,0.0
14.38,0.0,0.0,0.0,0.0
14.44,0.0,0.0,0.0,0.0
16.42,0.51,145.6,0.0,0.0
25.36,1.38,149.09,0.0,65.5675
58.65,2.55,197.23,0.0,175.03799999999998
49.98,2.77,204.31,0.0,193.779
51.33,2.84,213.23,0.0,210.293
47.61,3.42,231.67,0.0,397.12
43.44,4.12,234.71,0.0,491.262
43.54,3.81,245.24,0.0,513.694
48.67,2.39,250.7,0.0,553.177
51.7,2.32,257.64,0.0,521.764
57.03,3.1,254.38,0.0,410.571
42.03,1.84,226.36,0.0,324.785
22.46,1.44,189.11,0.0,168.805
20.61,1.09,160.91,0.0,31.3949
20.77,1.24,143.72,0.0,0.0
17.74,0.58,142.08,0.0,0.0
17.39,0.36,0.0,0.0,0.0
17.89,0.36,0.0,0.0,0.0
14.02,0.0,0.0,0.0,0.0
14.07,0.0,0.0,0.0,0.0
12.48,0.0,0.0,0.0,0.0
11.51,0.0,0.0,0.0,0.0
11.9,0.0,0.0,0.0,0.0
11.28,0.0,56.84,0.0,0.0
14.34,0.51,162.53,0.0,0.0
24.59,1.38,189.15,0.0,58.3569
57.89,2.54,242.84,0.0,195.21
50.94,2.76,244.93,0.0,359.31300000000005
50.67,2.84,245.73,0.0,502.407
54.2,3.42,250.43,0.0,545.735
57.89,4.14,246.45,0.0,560.368
52.16,3.8,266.72,0.0,493.121
49.2,2.4,266.81,0.0,474.884
44.1,2.32,258.48,0.0,512.77
49.88,3.1,260.69,0.0,356.153
40.52,1.83,235.44,0.0,304.615
17.25,1.47,199.0,0.0,147.851
15.26,1.05,176.82,0.0,30.7966
14.25,1.2,157.59,0.0,0.0
13.18,0.58,149.21,0.0,0.0
14.04,0.36,0.0,0.0,0.0
13.63,0.36,0.0,0.0,0.0
13.18,0.0,0.0,0.0,0.0
8.8,0.0,0.0,0.0,0.0
9.28,0.0,0.0,0.0,0.0
8.18,0.0,0.0,0.0,0.0
9.32,0.0,0.0,0.0,0.0
8.26,0.0,0.0,0.0,0.0
9.76,0.29,0.0,0.0,0.0
9.79,0.29,106.28,0.0,63.6335
10.32,0.29,133.25,0.0,183.334
10.47,0.29,105.23,0.0,358.367
11.4,0.29,118.33,0.0,502.097
11.36,0.44,128.83,0.0,605.482
12.09,0.44,99.17,0.0,628.656
13.19,0.65,113.72,0.0,455.098
13.24,0.44,122.55,0.0,444.487
12.97,0.29,80.03,0.0,315.97700000000003
11.85,0.29,105.56,0.0,250.777
12.13,0.29,93.44,0.0,215.546
10.49,0.0,66.44,0.0,100.441
9.43,0.0,39.21,0.0,27.7286
8.7,0.0,0.0,0.0,0.0
8.74,0.0,0.0,0.0,0.0
9.54,0.0,0.0,0.0,0.0
9.29,0.0,0.0,0.0,0.0
10.16,0.0,0.0,0.0,0.0
8.8,0.0,0.0,0.0,0.0
9.96,0.0,0.0,0.0,0.0
10.02,0.0,0.0,0.0,0.0
10.05,0.0,0.0,0.0,0.0
8.75,0.0,0.0,0.0,0.0
9.94,0.29,0.0,0.0,0.0
11.2,0.29,0.0,0.0,41.5574
10.76,0.29,98.19,0.0,148.153
10.12,0.29,105.88,0.0,245.628
10.09,0.29,92.58,0.0,307.35900000000004
9.87,0.44,129.42,0.0,412.21
10.09,0.44,116.85,0.0,584.094
9.73,0.65,102.47,0.0,670.816
10.69,0.44,134.35,0.0,631.804
10.61,0.29,106.95,0.0,560.196
11.53,0.29,69.31,0.0,382.648
11.82,0.29,41.35,0.0,84.4295
10.41,0.0,0.0,0.0,24.7798
9.13,0.0,0.0,0.0,8.6618
8.24,0.0,0.0,0.0,0.0
8.55,0.0,0.0,0.0,0.0
8.63,0.0,0.0,0.0,0.0
8.86,0.0,0.0,0.0,0.0
9.34,0.0,0.0,0.0,0.0
12.81,0.0,0.0,0.0,0.0
12.97,0.0,0.0,0.0,0.0
12.39,0.0,0.0,0.0,0.0
12.21,0.0,0.0,0.0,0.0
12.81,0.0,54.42,0.0,0.0
14.45,0.51,153.18,0.0,0.0
22.85,1.38,152.88,0.0,47.2791
57.87,2.54,203.45,0.0,149.142
45.42,2.75,217.27,0.0,270.117
48.46,2.83,242.16,0.0,417.783
49.13,3.41,255.45,0.0,496.27
43.75,4.13,252.57,0.0,577.405
50.77,3.79,273.18,0.0,555.924
42.3,2.39,270.06,0.0,522.227
43.23,2.31,265.46,0.0,430.806
53.08,3.09,265.93,0.0,372.897
44.66,1.82,232.3,0.0,285.918
20.51,1.48,199.92,0.0,158.207
15.63,1.06,176.72,0.0,31.5086
14.52,1.21,155.41,0.0,0.0
13.37,0.58,157.38,0.0,0.0
16.05,0.36,0.0,0.0,0.0
17.71,0.36,0.0,0.0,0.0
14.96,0.0,0.0,0.0,0.0
14.58,0.0,0.0,0.0,0.0
15.17,0.0,0.0,0.0,0.0
15.46,0.0,0.0,0.0,0.0
15.46,0.0,0.0,0.0,0.0
14.54,0.0,61.82,0.0,0.0
15.87,0.51,171.61,0.0,0.0
27.7,1.38,200.22,0.0,56.7844
63.35,2.53,248.27,0.0,191.899
55.34,2.75,247.7,0.0,361.19
50.49,2.82,252.38,0.0,504.258
50.21,3.4,255.78,0.0,617.373
46.73,4.11,249.32,0.0,681.675
47.3,3.79,265.42,0.0,692.185
41.71,2.38,272.48,0.0,660.429
42.73,2.31,276.04,0.0,608.867
47.22,3.08,270.05,0.0,495.628
39.86,1.83,235.7,0.0,306.381
18.99,1.46,201.36,0.0,157.153
14.47,1.05,176.66,0.0,29.6843
14.52,1.2,158.81,0.0,0.0
15.39,0.57,155.96,0.0,0.0
15.56,0.36,0.0,0.0,0.0
14.13,0.36,0.0,0.0,0.0
10.74,0.0,0.0,0.0,0.0
11.66,0.0,0.0,0.0,0.0
12.13,0.0,0.0,0.0,0.0
12.41,0.0,0.0,0.0,0.0
12.79,0.0,0.0,0.0,0.0
11.71,0.0,62.42,0.0,0.0
16.7,0.51,171.32,0.0,0.0
29.77,1.37,201.95,0.0,56.4983
58.15,2.53,254.53,0.0,192.424
49.0,2.75,251.38,0.0,360.36300000000006
45.1,2.82,253.56,0.0,509.449
44.15,3.4,258.11,0.0,608.687
46.84,4.1,234.53,0.0,619.0930000000001
43.19,3.78,252.77,0.0,639.306
41.54,2.38,229.01,0.0,488.283
43.65,2.3,217.96,0.0,483.685
43.43,3.08,240.19,0.0,407.92800000000005
32.48,1.83,196.7,0.0,340.514
16.98,1.46,161.23,0.0,169.791
13.61,1.04,159.87,0.0,31.6405
15.49,1.19,149.34,0.0,0.0
13.56,0.57,147.32,0.0,0.0
14.68,0.36,0.0,0.0,0.0
13.6,0.36,0.0,0.0,0.0
10.59,0.0,0.0,0.0,0.0
12.93,0.0,0.0,0.0,0.0
13.27,0.0,0.0,0.0,0.0
13.8,0.0,0.0,0.0,0.0
14.45,0.0,0.0,0.0,0.0
14.63,0.0,25.42,0.0,0.0
17.36,0.51,152.89,0.0,0.0
29.75,1.37,177.36,0.0,56.4181
67.81,2.53,227.78,0.0,189.191
53.96,2.74,229.35,0.0,341.226
45.75,2.82,235.43,0.0,478.439
44.71,3.39,245.21,0.0,607.3430000000001
51.9,4.1,241.91,0.0,667.543
54.05,3.78,254.53,0.0,683.7280000000001
49.58,2.38,240.43,0.0,495.902
46.58,2.3,216.03,0.0,254.466
46.6,3.08,230.53,0.0,441.33
42.12,1.82,213.45,0.0,239.942
20.77,1.46,176.08,0.0,109.89
19.51,1.04,158.73,0.0,28.8634
19.87,1.19,143.82,0.0,0.0
19.16,0.57,140.61,0.0,0.0
18.76,0.36,0.0,0.0,0.0
19.16,0.36,0.0,0.0,0.0
15.28,0.0,0.0,0.0,0.0
15.46,0.0,0.0,0.0,0.0
15.46,0.0,0.0,0.0,0.0
15.46,0.0,0.0,0.0,0.0
15.46,0.0,0.0,0.0,0.0
14.94,0.0,0.0,0.0,0.0
19.16,0.51,154.92,0.0,0.0
30.38,1.37,182.96,0.0,55.2674
65.1,2.53,236.92,0.0,183.976
50.0,2.74,233.91,0.0,353.166
52.46,2.81,242.66,0.0,490.36
55.07,3.39,215.59,0.0,587.4119999999999
54.07,4.1,205.82,0.0,516.4540000000001
47.88,3.77,217.29,0.0,233.24
48.26,2.38,233.0,0.0,515.352
43.11,2.3,240.43,0.0,395.146
47.9,3.07,239.84,0.0,375.366
39.71,1.82,187.99,0.0,277.237
19.74,1.46,156.86,0.0,168.85299999999998
16.95,1.04,160.05,0.0,30.9524
14.78,1.19,152.16,0.0,0.0
15.47,0.57,149.31,0.0,0.0
15.62,0.36,0.0,0.0,0.0
16.2,0.36,0.0,0.0,0.0
12.56,0.0,0.0,0.0,0.0
9.96,0.0,0.0,0.0,0.0
8.63,0.0,0.0,0.0,0.0
9.42,0.0,0.0,0.0,0.0
8.55,0.0,0.0,0.0,0.0
9.89,0.0,0.0,0.0,0.0
15.68,0.5,141.87,0.0,0.0
21.69,0.79,161.94,0.0,55.3035
23.71,1.08,181.48,0.0,184.541
23.84,1.51,188.54,0.0,354.636
21.93,1.37,196.77,0.0,470.916
22.57,1.66,200.35,0.0,595.894
19.01,1.44,192.52,0.0,664.427
17.71,1.37,190.75,0.0,671.2189999999999
15.51,1.08,191.27,0.0,649.175
13.3,0.94,191.17,0.0,587.674
15.28,1.01,191.74,0.0,473.773
12.61,0.5,154.44,0.0,325.329
10.83,0.5,116.82,0.0,157.686
8.29,0.0,123.41,0.0,31.004
9.35,0.0,6.44,0.0,0.0
9.77,0.0,13.49,0.0,0.0
10.06,0.0,0.0,0.0,0.0
10.43,0.0,0.0,0.0,0.0
11.16,0.0,0.0,0.0,0.0
10.95,0.0,0.0,0.0,0.0
10.75,0.0,0.0,0.0,0.0
11.54,0.0,0.0,0.0,0.0
10.83,0.0,0.0,0.0,0.0
9.62,0.0,0.0,0.0,0.0
12.89,0.29,37.76,0.0,0.0
12.24,0.29,117.23,0.0,55.1647
13.37,0.29,107.48,0.0,188.879
13.44,0.29,139.18,0.0,357.249
11.89,0.29,120.53,0.0,499.039
11.8,0.43,104.49,0.0,590.71
12.11,0.43,130.41,0.0,652.423
12.37,0.65,102.34,0.0,616.457
12.14,0.43,97.22,0.0,635.5980000000001
12.65,0.29,124.34,0.0,567.9019999999999
13.21,0.29,113.04,0.0,475.591
12.51,0.29,103.53,0.0,329.735
10.09,0.0,123.55,0.0,147.274
9.37,0.0,103.33,0.0,26.5644
9.74,0.0,52.41,0.0,0.0
9.64,0.0,26.85,0.0,0.0
10.15,0.0,39.59,0.0,0.0
9.06,0.0,0.0,0.0,0.0
9.51,0.0,27.78,0.0,0.0
12.4,0.0,0.0,0.0,0.0
11.47,0.0,0.0,0.0,0.0
13.33,0.0,0.0,0.0,0.0
14.31,0.0,0.0,0.0,0.0
14.0,0.0,59.82,0.0,0.0
16.62,0.5,168.12,0.0,0.0
28.57,1.37,201.63,0.0,54.4942
64.53,2.52,255.53,0.0,188.351
48.09,2.74,257.85,0.0,355.17400000000004
48.27,2.81,264.47,0.0,499.131
49.13,3.38,270.49,0.0,594.841
54.05,4.1,255.33,0.0,654.0219999999999
51.27,3.76,265.0,0.0,655.398
50.07,2.38,265.98,0.0,634.557
46.62,2.3,274.23,0.0,552.773
52.89,3.06,277.64,0.0,413.749
38.71,1.79,240.18,0.0,267.421
21.33,1.49,203.37,0.0,150.47799999999998
18.82,1.06,177.57,0.0,29.4347
18.9,1.21,161.72,0.0,0.0
17.47,0.58,157.25,0.0,0.0
15.69,0.36,0.0,0.0,0.0
17.03,0.36,0.0,0.0,0.0
13.56,0.0,0.0,0.0,0.0
13.19,0.0,0.0,0.0,0.0
14.45,0.0,0.0,0.0,0.0
13.51,0.0,0.0,0.0,0.0
11.94,0.0,0.0,0.0,0.0
13.42,0.0,55.97,0.0,0.0
16.32,0.5,156.31,0.0,0.0
30.97,1.37,181.03,0.0,54.484
65.59,2.52,238.27,0.0,187.961
50.23,2.73,240.42,0.0,358.536
50.93,2.8,243.55,0.0,495.911
48.93,3.38,246.39,0.0,589.891
47.79,4.1,237.94,0.0,658.8560000000001
54.83,3.75,253.04,0.0,670.107
52.31,2.38,255.14,0.0,648.3430000000001
54.99,2.3,261.04,0.0,587.311
61.64,3.06,269.69,0.0,400.731
47.55,1.79,246.89,0.0,329.95
21.02,1.49,204.46,0.0,157.965
16.34,1.06,171.84,0.0,26.8932
17.09,1.21,156.96,0.0,0.0
15.19,0.57,153.37,0.0,0.0
13.93,0.36,0.0,0.0,0.0
15.9,0.36,0.0,0.0,0.0
13.96,0.0,0.0,0.0,0.0
12.24,0.0,0.0,0.0,0.0
12.6,0.0,0.0,0.0,0.0
12.8,0.0,0.0,0.0,0.0
12.83,0.0,0.0,0.0,0.0
14.15,0.0,55.4,0.0,0.0
19.01,0.5,155.84,0.0,0.0
33.26,1.37,184.64,0.0,54.3731
66.13,2.52,243.57,0.0,188.07
60.44,2.73,245.08,0.0,358.22
58.02,2.8,254.85,0.0,496.287
57.8,3.38,257.14,0.0,606.307
55.61,4.09,248.12,0.0,669.7189999999999
58.71,3.75,261.37,0.0,680.4839999999999
49.7,2.37,261.85,0.0,651.356
47.48,2.3,265.14,0.0,585.319
50.41,3.06,269.52,0.0,479.668
43.87,1.79,240.66,0.0,337.81
23.23,1.49,213.94,0.0,168.57
18.09,1.06,189.17,0.0,30.0633
18.46,1.21,166.57,0.0,0.0
18.54,0.57,161.88,0.0,0.0
18.79,0.36,0.0,0.0,0.0
18.66,0.36,0.0,0.0,0.0
15.03,0.0,0.0,0.0,0.0
15.03,0.0,0.0,0.0,0.0
14.73,0.0,0.0,0.0,0.0
15.46,0.0,0.0,0.0,0.0
15.46,0.0,0.0,0.0,0.0
15.33,0.0,63.96,0.0,0.0
17.33,0.5,175.16,0.0,0.0
26.41,1.36,200.39,0.0,53.3707
54.66,2.51,253.24,0.0,186.395
45.96,2.73,254.86,0.0,354.952
48.47,2.8,261.21,0.0,492.754
52.28,3.38,262.5,0.0,600.038
54.66,4.09,254.08,0.0,665.309
57.58,3.75,265.62,0.0,670.304
51.68,2.37,269.11,0.0,645.8
48.1,2.3,275.13,0.0,569.516
53.4,3.06,278.68,0.0,472.165
41.4,1.79,248.13,0.0,309.865
21.8,1.49,216.36,0.0,155.67
19.84,1.06,190.03,0.0,27.65
19.43,1.21,174.33,0.0,0.0
16.78,0.57,164.01,0.0,0.0
14.85,0.36,0.0,0.0,0.0
16.02,0.36,0.0,0.0,0.0
13.22,0.0,0.0,0.0,0.0
12.82,0.0,0.0,0.0,0.0
11.39,0.0,0.0,0.0,0.0
11.91,0.0,0.0,0.0,0.0
13.39,0.0,0.0,0.0,0.0
12.64,0.0,61.14,0.0,0.0
14.66,0.5,167.18,0.0,0.0
26.2,1.36,203.06,0.0,53.0557
56.49,2.51,260.09,0.0,183.905
49.55,2.73,259.37,0.0,351.667
43.94,2.8,260.45,0.0,493.34
45.25,3.37,267.54,0.0,592.809
51.06,4.09,256.59,0.0,652.25
56.2,3.74,264.81,0.0,625.762
54.07,2.37,268.72,0.0,578.37
58.02,2.29,263.83,0.0,359.476
61.64,3.06,235.7,0.0,256.741
48.93,1.78,182.91,0.0,183.41
22.38,1.49,153.15,0.0,144.936
20.62,1.06,152.93,0.0,29.2691
20.77,1.21,145.04,0.0,0.0
19.16,0.57,145.93,0.0,0.0
19.16,0.36,0.0,0.0,0.0
19.16,0.36,0.0,0.0,0.0
15.46,0.0,0.0,0.0,0.0
11.6,0.0,0.0,0.0,0.0
10.98,0.0,0.0,0.0,0.0
10.86,0.0,0.0,0.0,0.0
9.67,0.0,0.0,0.0,0.0
10.1,0.0,0.0,0.0,0.0
15.67,0.5,174.42,0.0,0.0
18.78,0.79,190.12,0.0,52.2916
22.71,1.08,204.27,0.0,183.629
24.76,1.51,212.46,0.0,349.629
22.41,1.36,219.15,0.0,490.521
23.57,1.65,221.07,0.0,592.117
17.6,1.43,212.3,0.0,656.785
17.84,1.36,211.65,0.0,667.329
17.29,1.08,217.32,0.0,655.4810000000001
15.68,0.93,213.34,0.0,586.654
15.83,1.0,200.55,0.0,473.153
12.94,0.5,153.11,0.0,125.632
11.3,0.5,43.45,0.0,20.1061
8.48,0.0,20.69,0.0,4.94906
8.59,0.0,0.0,0.0,0.0
8.23,0.0,30.41,0.0,0.0
9.15,0.0,0.0,0.0,0.0
10.02,0.0,0.0,0.0,0.0
10.51,0.0,0.0,0.0,0.0
11.01,0.0,0.0,0.0,0.0
10.91,0.0,0.0,0.0,0.0
9.85,0.0,0.0,0.0,0.0
9.19,0.0,0.0,0.0,0.0
9.07,0.0,0.0,0.0,0.0
12.6,0.29,44.49,0.0,0.0
11.35,0.29,106.15,0.0,52.2339
11.71,0.29,126.18,0.0,183.834
12.56,0.29,145.68,0.0,351.82800000000003
13.05,0.29,112.86,0.0,494.987
12.93,0.43,128.3,0.0,600.753
13.14,0.43,143.97,0.0,664.172
11.59,0.65,114.1,0.0,669.495
12.13,0.43,132.03,0.0,648.9259999999999
11.52,0.29,141.89,0.0,582.576
11.25,0.29,109.17,0.0,461.166
10.81,0.29,119.8,0.0,264.551
9.1,0.0,122.2,0.0,103.238
8.35,0.0,66.49,0.0,19.5862
9.24,0.0,27.85,0.0,0.0
10.09,0.0,0.0,0.0,0.0
10.67,0.0,0.0,0.0,0.0
11.3,0.0,0.0,0.0,0.0
11.6,0.0,0.0,0.0,0.0
15.46,0.0,28.91,0.0,0.0
15.46,0.0,0.0,0.0,0.0
14.78,0.0,0.0,0.0,0.0
13.93,0.0,0.0,0.0,0.0
13.96,0.0,96.12,0.0,0.0
18.12,0.5,177.5,0.0,0.0
29.08,1.36,214.77,0.0,51.4164
61.61,2.51,271.37,0.0,181.039
57.33,2.72,272.84,0.0,348.00800000000004
49.1,2.79,265.08,0.0,275.027
54.07,3.37,261.02,0.0,364.951
49.64,4.08,253.74,0.0,454.551
44.71,3.74,251.06,0.0,197.456
46.77,2.37,242.86,0.0,184.577
51.42,2.29,243.81,0.0,232.901
50.29,3.05,245.63,0.0,222.386
35.56,1.78,220.44,0.0,217.142
17.24,1.47,183.38,0.0,129.621
13.99,1.06,164.54,0.0,24.9255
16.3,1.21,154.76,0.0,0.0
13.41,0.57,150.67,0.0,0.0
13.38,0.36,0.0,0.0,0.0
15.44,0.36,0.0,0.0,0.0
11.1,0.0,0.0,0.0,0.0
11.27,0.0,0.0,0.0,0.0
10.29,0.0,0.0,0.0,0.0
11.58,0.0,0.0,0.0,0.0
10.99,0.0,0.0,0.0,0.0
11.01,0.0,63.96,0.0,0.0
13.9,0.5,176.14,0.0,0.0
22.54,1.36,200.21,0.0,54.1742
45.85,2.51,253.82,0.0,181.617
48.44,2.72,251.48,0.0,352.23
42.17,2.79,252.88,0.0,487.369
49.79,3.37,254.2,0.0,594.606
55.22,4.08,245.81,0.0,551.114
51.4,3.74,260.05,0.0,679.221
47.85,2.36,255.99,0.0,462.619
44.56,2.29,250.19,0.0,428.502
54.08,3.05,243.12,0.0,428.792
44.27,1.78,207.6,0.0,332.94699999999995
22.16,1.46,173.41,0.0,159.225
18.23,1.06,164.31,0.0,27.9427
17.32,1.21,155.65,0.0,0.0
14.66,0.57,155.78,0.0,0.0
14.66,0.36,0.0,0.0,0.0
13.78,0.36,0.0,0.0,0.0
10.23,0.0,0.0,0.0,0.0
10.86,0.0,0.0,0.0,0.0
11.14,0.0,0.0,0.0,0.0
11.71,0.0,0.0,0.0,0.0
11.97,0.0,0.0,0.0,0.0
11.97,0.0,58.71,0.0,0.0
14.15,0.5,169.66,0.0,0.0
28.83,1.36,192.35,0.0,51.4197
54.93,2.51,245.73,0.0,180.89
42.35,2.72,241.47,0.0,331.065
43.37,2.79,243.66,0.0,351.634
48.89,3.37,223.52,0.0,298.98400000000004
48.99,4.08,228.67,0.0,476.329
47.15,3.74,242.8,0.0,407.528
39.53,2.36,216.78,0.0,205.418
40.41,2.29,214.41,0.0,142.197
47.38,3.05,235.71,0.0,281.948
42.78,1.78,208.85,0.0,323.526
20.67,1.48,168.36,0.0,164.12099999999998
18.67,1.06,159.88,0.0,26.8349
17.77,1.21,150.73,0.0,0.0
14.57,0.57,150.46,0.0,0.0
14.23,0.36,0.0,0.0,0.0
14.01,0.36,0.0,0.0,0.0
11.52,0.0,0.0,0.0,0.0
10.98,0.0,0.0,0.0,0.0
10.39,0.0,0.0,0.0,0.0
10.46,0.0,0.0,0.0,0.0
11.83,0.0,0.0,0.0,0.0
11.63,0.0,60.4,0.0,0.0
16.28,0.5,169.63,0.0,0.0
28.02,1.36,188.31,0.0,50.6323
52.04,2.51,241.41,0.0,181.195
41.69,2.72,243.42,0.0,352.324
41.76,2.79,249.55,0.0,495.11800000000005
45.39,3.36,249.27,0.0,601.189
43.69,4.08,231.09,0.0,654.8969999999999
47.77,3.74,243.51,0.0,674.3760000000001
48.94,2.36,252.62,0.0,656.77
46.5,2.29,257.84,0.0,597.581
47.71,3.05,264.5,0.0,433.323
42.08,1.78,236.52,0.0,341.848
20.54,1.47,206.23,0.0,166.014
16.74,1.06,183.83,0.0,27.66
18.02,1.21,163.72,0.0,0.0
16.58,0.57,153.74,0.0,0.0
18.02,0.36,0.0,0.0,0.0
18.67,0.36,0.0,0.0,0.0
15.46,0.0,0.0,0.0,0.0
14.47,0.0,0.0,0.0,0.0
14.63,0.0,0.0,0.0,0.0
13.67,0.0,0.0,0.0,0.0
13.22,0.0,0.0,0.0,0.0
11.48,0.0,60.65,0.0,0.0
13.12,0.5,170.62,0.0,0.0
22.03,1.36,193.65,0.0,53.6409
48.21,2.5,248.11,0.0,183.626
40.68,2.72,248.3,0.0,357.802
42.6,2.79,255.46,0.0,500.033
48.27,3.36,258.46,0.0,600.053
50.54,4.08,248.8,0.0,676.505
55.03,3.74,260.5,0.0,674.318
47.63,2.36,262.98,0.0,664.806
50.71,2.29,262.64,0.0,594.804
48.83,3.05,263.78,0.0,483.834
35.17,1.79,233.62,0.0,340.35900000000004
18.64,1.47,201.82,0.0,164.14700000000002
18.27,1.06,175.84,0.0,26.7117
18.95,1.21,156.16,0.0,0.0
17.69,0.57,159.39,0.0,0.0
17.38,0.36,0.0,0.0,0.0
15.89,0.36,0.0,0.0,0.0
12.39,0.0,0.0,0.0,0.0
8.86,0.0,0.0,0.0,0.0
8.48,0.0,0.0,0.0,0.0
9.93,0.0,0.0,0.0,0.0
9.34,0.0,0.0,0.0,0.0
8.21,0.0,64.28,0.0,0.0
12.86,0.5,181.07,0.0,0.0
19.04,0.79,189.25,0.0,50.6254
25.07,1.07,192.68,0.0,153.667
28.9,1.5,203.37,0.0,333.06699999999995
24.33,1.36,210.19,0.0,501.657
25.68,1.65,219.46,0.0,598.266
19.08,1.43,213.5,0.0,653.255
15.41,1.36,208.84,0.0,675.1389999999999
16.35,1.07,215.74,0.0,654.3480000000001
16.56,0.93,222.54,0.0,546.817
15.13,1.0,210.57,0.0,435.224
13.98,0.5,162.94,0.0,130.336
11.76,0.5,16.25,0.0,40.0109
10.39,0.0,0.0,0.0,10.6989
11.32,0.0,0.0,0.0,0.0
10.76,0.0,0.0,0.0,0.0
10.79,0.0,0.0,0.0,0.0
11.0,0.0,0.0,0.0,0.0
11.2,0.0,0.0,0.0,0.0
11.23,0.0,0.0,0.0,0.0
11.6,0.0,0.0,0.0,0.0
11.6,0.0,0.0,0.0,0.0
11.44,0.0,0.0,0.0,0.0
11.02,0.0,0.0,0.0,0.0
12.41,0.29,18.18,0.0,0.0
11.6,0.29,120.12,0.0,50.7541
11.71,0.29,98.69,0.0,181.168
12.83,0.29,116.6,0.0,351.82199999999995
13.41,0.29,131.62,0.0,492.691
12.94,0.43,101.33,0.0,595.802
11.72,0.43,117.35,0.0,652.992
10.92,0.64,133.91,0.0,681.3560000000001
10.28,0.43,102.29,0.0,674.242
11.38,0.29,125.19,0.0,549.613
10.02,0.29,124.5,0.0,402.161
10.94,0.29,90.4,0.0,338.228
9.65,0.0,106.72,0.0,145.69299999999998
8.41,0.0,119.48,0.0,26.7896
7.98,0.0,55.55,0.0,0.0
8.08,0.0,34.37,0.0,0.0
8.8,0.0,13.55,0.0,0.0
9.5,0.0,20.93,0.0,0.0
8.91,0.0,0.0,0.0,0.0
12.01,0.0,14.24,0.0,0.0
12.44,0.0,14.05,0.0,0.0
13.65,0.0,0.0,0.0,0.0
13.57,0.0,0.0,0.0,0.0
12.88,0.0,57.91,0.0,0.0
17.63,0.5,161.46,0.0,0.0
28.11,1.36,196.04,0.0,49.3846
55.45,2.5,254.11,0.0,180.196
48.29,2.72,253.81,0.0,351.598
42.67,2.79,263.35,0.0,499.761
51.65,3.36,267.82,0.0,604.45
51.42,4.08,241.9,0.0,613.399
55.66,3.73,251.53,0.0,687.168
47.87,2.36,257.69,0.0,667.53
49.32,2.29,263.97,0.0,598.637
45.44,3.04,263.64,0.0,416.566
35.17,1.79,231.78,0.0,302.818
17.14,1.44,201.91,0.0,167.053
16.68,1.07,178.23,0.0,26.8532
18.65,1.22,159.22,0.0,0.0
17.84,0.57,153.24,0.0,0.0
16.4,0.36,0.0,0.0,0.0
14.96,0.36,0.0,0.0,0.0
12.64,0.0,0.0,0.0,0.0
11.03,0.0,0.0,0.0,0.0
12.43,0.0,0.0,0.0,0.0
12.05,0.0,0.0,0.0,0.0
13.71,0.0,0.0,0.0,0.0
13.45,0.0,58.32,0.0,0.0
16.68,0.5,162.08,0.0,0.0
30.46,1.36,188.45,0.0,48.7358
67.37,2.5,243.81,0.0,176.082
60.29,2.72,244.72,0.0,347.81800000000004
53.72,2.79,256.7,0.0,466.1830000000001
59.13,3.36,259.28,0.0,587.641
61.1,4.08,238.66,0.0,661.154
59.53,3.73,244.02,0.0,652.024
49.8,2.36,245.45,0.0,630.141
44.31,2.29,257.79,0.0,555.464
52.05,3.04,263.8,0.0,484.301
38.46,1.79,234.2,0.0,325.176
19.93,1.44,203.19,0.0,163.406
15.99,1.07,181.61,0.0,25.8203
15.12,1.22,163.34,0.0,0.0
13.37,0.57,156.74,0.0,0.0
13.73,0.36,0.0,0.0,0.0
12.65,0.36,0.0,0.0,0.0
12.61,0.0,0.0,0.0,0.0
13.96,0.0,0.0,0.0,0.0
14.67,0.0,0.0,0.0,0.0
14.21,0.0,0.0,0.0,0.0
14.68,0.0,0.0,0.0,0.0
15.46,0.0,59.53,0.0,0.0
18.18,0.5,163.26,0.0,0.0
31.68,1.36,190.45,0.0,45.4926
66.74,2.5,243.77,0.0,169.761
60.44,2.72,251.77,0.0,339.482
53.15,2.79,261.98,0.0,494.083
59.84,3.36,268.64,0.0,601.242
58.96,4.08,259.61,0.0,669.184
59.32,3.73,269.22,0.0,667.178
54.42,2.36,267.77,0.0,643.369
58.02,2.29,271.48,0.0,574.391
58.73,3.04,280.16,0.0,460.107
41.54,1.79,243.21,0.0,223.55900000000003
19.31,1.46,167.99,0.0,11.2398
17.49,1.07,147.17,0.0,0.0
16.05,1.22,141.32,0.0,0.0
13.46,0.57,139.35,0.0,0.0
13.29,0.36,0.0,0.0,0.0
13.77,0.36,0.0,0.0,0.0
10.26,0.0,0.0,0.0,0.0
9.96,0.0,0.0,0.0,0.0
11.97,0.0,0.0,0.0,0.0
13.23,0.0,0.0,0.0,0.0
11.74,0.0,0.0,0.0,0.0
11.63,0.0,44.6,0.0,0.0
16.24,0.5,170.94,0.0,0.0
26.45,1.36,187.7,0.0,47.6078
55.03,2.5,234.94,0.0,177.90200000000002
52.46,2.72,229.98,0.0,289.35900000000004
49.12,2.79,241.05,0.0,382.468
50.02,3.36,256.29,0.0,422.564
56.51,4.08,253.76,0.0,614.25
58.7,3.73,270.09,0.0,594.09
50.64,2.36,262.85,0.0,570.967
46.48,2.29,261.14,0.0,505.067
49.41,3.04,219.51,0.0,143.045
37.16,1.79,177.12,0.0,115.357
18.15,1.44,152.89,0.0,71.3934
16.82,1.07,150.66,0.0,11.6255
16.6,1.22,151.44,0.0,0.0
17.0,0.57,149.58,0.0,0.0
15.88,0.36,0.0,0.0,0.0
16.56,0.36,0.0,0.0,0.0
12.47,0.0,0.0,0.0,0.0
12.06,0.0,0.0,0.0,0.0
13.52,0.0,0.0,0.0,0.0
12.46,0.0,0.0,0.0,0.0
12.44,0.0,0.0,0.0,0.0
11.81,0.0,57.02,0.0,0.0
13.83,0.5,157.88,0.0,0.0
23.03,1.36,168.94,0.0,47.6687
55.62,2.5,214.54,0.0,179.205
47.87,2.72,215.95,0.0,355.968
45.92,2.79,226.13,0.0,498.946
51.65,3.36,238.51,0.0,604.758
54.03,4.08,234.36,0.0,677.6510000000001
49.72,3.73,248.39,0.0,684.852
51.11,2.36,255.58,0.0,664.0219999999999
51.43,2.29,264.9,0.0,607.663
57.47,3.04,269.58,0.0,490.268
47.09,1.79,240.27,0.0,341.332
24.0,1.45,205.2,0.0,148.208
20.77,1.07,177.28,0.0,23.3398
20.45,1.22,155.59,0.0,0.0
19.16,0.57,144.03,0.0,0.0
19.16,0.36,0.0,0.0,0.0
19.16,0.36,0.0,0.0,0.0
14.17,0.0,0.0,0.0,0.0
10.59,0.0,0.0,0.0,0.0
11.07,0.0,0.0,0.0,0.0
10.3,0.0,0.0,0.0,0.0
9.51,0.0,0.0,0.0,0.0
9.93,0.0,47.2,0.0,0.0
17.31,0.5,126.65,0.0,0.0
23.27,0.79,130.11,0.0,48.597
28.98,1.07,143.87,0.0,182.968
31.38,1.5,158.11,0.0,359.826
31.14,1.36,172.75,0.0,511.495
34.02,1.65,179.22,0.0,600.472
25.23,1.43,173.51,0.0,686.9789999999999
21.23,1.36,178.04,0.0,709.0260000000001
18.45,1.07,185.7,0.0,684.2769999999999
17.74,0.93,189.36,0.0,613.4630000000001
18.78,1.0,187.93,0.0,496.831
16.79,0.5,143.47,0.0,346.36400000000003
14.37,0.5,102.06,0.0,165.88
10.58,0.0,101.43,0.0,24.2268
11.37,0.0,33.04,0.0,0.0
11.36,0.0,10.28,0.0,0.0
10.29,0.0,0.0,0.0,0.0
11.18,0.0,0.0,0.0,0.0
11.6,0.0,0.0,0.0,0.0
11.6,0.0,0.0,0.0,0.0
10.93,0.0,0.0,0.0,0.0
11.6,0.0,0.0,0.0,0.0
11.6,0.0,0.0,0.0,0.0
10.54,0.0,0.0,0.0,0.0
12.45,0.29,6.96,0.0,0.0
11.75,0.29,95.39,0.0,48.4449
10.5,0.29,83.25,0.0,181.667
11.1,0.29,97.66,0.0,354.17
11.74,0.29,105.61,0.0,493.239
12.93,0.43,80.26,0.0,612.124
13.88,0.43,92.55,0.0,674.253
12.94,0.64,103.01,0.0,685.945
11.43,0.43,78.05,0.0,651.9019999999999
11.26,0.29,93.64,0.0,604.931
10.39,0.29,105.1,0.0,492.459
9.95,0.29,83.2,0.0,339.095
9.1,0.0,96.07,0.0,162.134
9.05,0.0,101.71,0.0,22.5114
8.44,0.0,55.06,0.0,0.0
7.74,0.0,45.61,0.0,0.0
8.46,0.0,6.38,0.0,0.0
8.23,0.0,13.56,0.0,0.0
9.65,0.0,14.49,0.0,0.0
12.86,0.0,14.37,0.0,0.0
13.36,0.0,0.0,0.0,0.0
14.58,0.0,0.0,0.0,0.0
14.88,0.0,0.0,0.0,0.0
15.39,0.0,57.86,0.0,0.0
17.49,0.5,164.28,0.0,0.0
27.55,1.36,192.32,0.0,46.9678
55.54,2.51,248.37,0.0,178.668
50.38,2.72,250.34,0.0,352.32
50.15,2.79,258.18,0.0,492.926
54.29,3.36,259.82,0.0,601.247
58.16,4.08,243.88,0.0,667.085
52.08,3.74,251.24,0.0,620.803
51.56,2.36,259.57,0.0,286.647
54.29,2.29,262.05,0.0,455.763
61.64,3.05,255.84,0.0,495.616
48.79,1.79,222.36,0.0,296.958
23.11,1.47,178.51,0.0,122.942
20.77,1.06,154.8,0.0,20.3605
20.07,1.21,144.91,0.0,0.0
17.93,0.57,143.33,0.0,0.0
18.05,0.36,0.0,0.0,0.0
18.81,0.36,0.0,0.0,0.0
14.3,0.0,0.0,0.0,0.0
13.51,0.0,0.0,0.0,0.0
13.1,0.0,0.0,0.0,0.0
14.21,0.0,0.0,0.0,0.0
12.49,0.0,0.0,0.0,0.0
11.64,0.0,58.84,0.0,0.0
16.38,0.5,165.28,0.0,0.0
28.62,1.36,188.79,0.0,47.0593
57.26,2.51,236.28,0.0,180.274
54.05,2.72,220.21,0.0,233.445
55.17,2.79,229.61,0.0,402.207
59.81,3.36,245.13,0.0,610.284
61.69,4.08,240.76,0.0,678.819
62.44,3.74,261.31,0.0,560.495
58.02,2.36,267.81,0.0,395.476
58.02,2.29,263.43,0.0,371.185
57.84,3.05,273.13,0.0,497.635
48.75,1.78,247.05,0.0,318.197
24.0,1.48,208.4,0.0,133.437
18.83,1.06,181.18,0.0,20.3688
16.57,1.21,165.32,0.0,0.0
14.66,0.57,155.84,0.0,0.0
14.52,0.36,0.0,0.0,0.0
13.94,0.36,0.0,0.0,0.0
11.5,0.0,0.0,0.0,0.0
13.16,0.0,0.0,0.0,0.0
12.3,0.0,0.0,0.0,0.0
12.07,0.0,0.0,0.0,0.0
11.21,0.0,0.0,0.0,0.0
10.87,0.0,63.22,0.0,0.0
13.53,0.5,171.24,0.0,0.0
27.28,1.36,190.66,0.0,46.2819
51.67,2.51,246.72,0.0,176.21200000000002
40.76,2.72,250.81,0.0,349.478
41.97,2.79,257.27,0.0,496.214
41.99,3.37,241.81,0.0,440.342
52.14,4.08,239.03,0.0,424.859
58.0,3.74,246.06,0.0,462.223
49.22,2.36,244.19,0.0,502.257
48.84,2.29,255.3,0.0,434.533
50.06,3.05,260.3,0.0,478.753
43.51,1.78,210.63,0.0,338.695
22.6,1.48,168.37,0.0,157.487
19.7,1.06,157.4,0.0,21.5516
18.88,1.21,148.58,0.0,0.0
18.92,0.57,151.11,0.0,0.0
17.47,0.36,0.0,0.0,0.0
18.47,0.36,0.0,0.0,0.0
15.46,0.0,0.0,0.0,0.0
15.46,0.0,0.0,0.0,0.0
15.46,0.0,0.0,0.0,0.0
15.46,0.0,0.0,0.0,0.0
14.76,0.0,0.0,0.0,0.0
15.46,0.0,62.05,0.0,0.0
19.14,0.5,173.58,0.0,0.0
30.24,1.36,191.69,0.0,45.6013
69.88,2.51,243.27,0.0,177.398
60.44,2.72,245.18,0.0,355.095
58.02,2.79,257.46,0.0,500.298
60.44,3.37,260.84,0.0,609.732
57.52,4.08,250.23,0.0,654.482
51.98,3.74,264.77,0.0,697.9839999999999
41.99,2.37,260.83,0.0,618.25
48.19,2.29,255.99,0.0,395.085
47.98,3.05,261.21,0.0,354.531
37.45,1.78,233.65,0.0,339.212
20.32,1.48,196.94,0.0,156.535
16.32,1.06,170.22,0.0,20.4709
17.31,1.21,155.3,0.0,0.0
15.83,0.57,153.64,0.0,0.0
16.43,0.36,0.0,0.0,0.0
16.1,0.36,0.0,0.0,0.0
13.91,0.0,0.0,0.0,0.0
14.83,0.0,0.0,0.0,0.0
14.53,0.0,0.0,0.0,0.0
13.55,0.0,0.0,0.0,0.0
12.85,0.0,0.0,0.0,0.0
11.77,0.0,63.95,0.0,0.0
14.3,0.5,174.17,0.0,0.0
26.61,1.36,193.18,0.0,45.7439
53.66,2.51,252.39,0.0,176.71400000000003
51.33,2.72,257.02,0.0,354.665
51.99,2.8,260.57,0.0,505.198
48.27,3.37,263.44,0.0,608.934
52.0,4.08,257.61,0.0,671.212
55.76,3.74,270.81,0.0,677.8389999999999
51.07,2.37,269.68,0.0,652.686
55.69,2.29,275.78,0.0,586.53
61.64,3.05,279.75,0.0,465.196
46.25,1.78,238.1,0.0,270.268
20.21,1.49,198.8,0.0,128.415
17.74,1.06,179.0,0.0,17.9393
19.34,1.21,174.94,0.0,0.0
16.3,0.57,172.74,0.0,0.0
15.19,0.36,0.0,0.0,0.0
14.15,0.36,0.0,0.0,0.0
10.68,0.0,0.0,0.0,0.0
9.0,0.0,0.0,0.0,0.0
8.99,0.0,0.0,0.0,0.0
8.2,0.0,0.0,0.0,0.0
8.48,0.0,0.0,0.0,0.0
8.34,0.0,65.55,0.0,0.0
15.83,0.5,180.46,0.0,0.0
19.75,0.79,184.35,0.0,45.7112
23.75,1.08,196.19,0.0,177.09799999999998
29.03,1.51,207.61,0.0,350.168
28.77,1.36,213.18,0.0,464.12
32.55,1.65,222.29,0.0,612.658
25.1,1.43,219.24,0.0,626.859
20.52,1.36,216.04,0.0,673.457
17.61,1.08,217.54,0.0,641.661
15.39,0.93,217.94,0.0,589.351
17.03,1.0,214.91,0.0,475.395
14.98,0.5,163.42,0.0,319.656
13.74,0.5,114.87,0.0,131.036
10.54,0.0,124.48,0.0,16.995
10.2,0.0,14.38,0.0,0.0
10.1,0.0,34.68,0.0,0.0
9.34,0.0,0.0,0.0,0.0
9.43,0.0,0.0,0.0,0.0
8.81,0.0,0.0,0.0,0.0
8.33,0.0,0.0,0.0,0.0
9.19,0.0,0.0,0.0,0.0
10.06,0.0,0.0,0.0,0.0
10.08,0.0,0.0,0.0,0.0
9.95,0.0,0.0,0.0,0.0
12.76,0.29,26.11,0.0,0.0
12.02,0.29,134.61,0.0,46.4816
12.75,0.29,110.16,0.0,174.43099999999998
11.33,0.29,126.75,0.0,287.073
10.42,0.29,139.91,0.0,347.54400000000004
11.4,0.43,109.71,0.0,487.721
12.25,0.43,133.92,0.0,653.27
11.94,0.65,151.93,0.0,611.883
10.66,0.43,117.86,0.0,550.356
12.09,0.29,140.25,0.0,580.435
12.37,0.29,160.02,0.0,479.23800000000006
12.41,0.29,123.29,0.0,316.775
8.89,0.0,138.46,0.0,143.814
8.05,0.0,141.57,0.0,19.353
8.55,0.0,74.63,0.0,0.0
8.92,0.0,47.85,0.0,0.0
9.8,0.0,51.15,0.0,0.0
9.58,0.0,0.0,0.0,0.0
8.54,0.0,43.7,0.0,0.0
11.97,0.0,0.0,0.0,0.0
10.99,0.0,52.08,0.0,0.0
11.69,0.0,0.0,0.0,0.0
10.64,0.0,0.0,0.0,0.0
12.75,0.0,111.96,0.0,0.0
16.89,0.5,181.45,0.0,0.0
30.64,1.36,220.75,0.0,44.7013
56.95,2.51,282.59,0.0,172.50099999999998
45.09,2.73,285.64,0.0,349.36
45.96,2.8,293.37,0.0,500.259
52.79,3.37,294.32,0.0,614.219
58.84,4.09,278.87,0.0,664.345
61.24,3.75,280.09,0.0,665.102
51.69,2.37,274.88,0.0,656.332
51.96,2.29,282.6,0.0,599.901
48.09,3.06,282.24,0.0,461.17
39.68,1.78,254.09,0.0,264.139
19.89,1.49,230.02,0.0,144.267
15.89,1.06,198.27,0.0,17.8497
15.5,1.21,181.74,0.0,0.0
14.86,0.57,174.34,0.0,0.0
14.5,0.36,0.0,0.0,0.0
15.15,0.36,0.0,0.0,0.0
12.65,0.0,0.0,0.0,0.0
11.49,0.0,0.0,0.0,0.0
11.12,0.0,0.0,0.0,0.0
12.33,0.0,0.0,0.0,0.0
13.0,0.0,0.0,0.0,0.0
11.57,0.0,65.26,0.0,0.0
14.02,0.5,181.77,0.0,0.0
24.16,1.36,208.46,0.0,44.27
53.92,2.51,261.82,0.0,169.928
42.55,2.73,267.27,0.0,339.39300000000003
39.28,2.8,279.45,0.0,457.79
42.12,3.38,284.6,0.0,535.216
49.85,4.09,270.92,0.0,591.8
48.09,3.75,287.24,0.0,633.5459999999999
41.31,2.37,276.99,0.0,606.634
49.51,2.3,268.84,0.0,541.962
52.44,3.06,261.79,0.0,384.948
36.59,1.79,215.78,0.0,296.022
18.8,1.49,171.01,0.0,124.056
16.34,1.06,150.54,0.0,14.2283
17.73,1.21,145.41,0.0,0.0
14.42,0.57,145.44,0.0,0.0
13.78,0.36,0.0,0.0,0.0
13.92,0.36,0.0,0.0,0.0
12.46,0.0,0.0,0.0,0.0
11.88,0.0,0.0,0.0,0.0
12.83,0.0,0.0,0.0,0.0
13.15,0.0,0.0,0.0,0.0
11.65,0.0,0.0,0.0,0.0
12.06,0.0,55.54,0.0,0.0
15.42,0.5,154.2,0.0,0.0
27.25,1.37,185.19,0.0,47.9841
50.98,2.52,239.39,0.0,164.50799999999998
41.57,2.73,249.34,0.0,335.23400000000004
45.3,2.8,266.23,0.0,462.522
43.35,3.38,276.01,0.0,601.41
41.3,4.1,262.98,0.0,652.476
50.6,3.75,276.14,0.0,681.898
52.05,2.38,280.01,0.0,655.154
51.63,2.3,275.22,0.0,530.259
51.81,3.06,266.02,0.0,331.37
37.6,1.79,227.86,0.0,254.09
20.87,1.49,173.7,0.0,35.5028
19.53,1.06,158.09,0.0,1.9751
20.77,1.21,155.61,0.0,0.0
19.16,0.57,155.1,0.0,0.0
18.35,0.36,0.0,0.0,0.0
18.18,0.36,0.0,0.0,0.0
13.4,0.0,0.0,0.0,0.0
12.58,0.0,0.0,0.0,0.0
12.63,0.0,0.0,0.0,0.0
11.0,0.0,0.0,0.0,0.0
10.56,0.0,0.0,0.0,0.0
12.51,0.0,54.42,0.0,0.0
15.07,0.5,154.72,0.0,0.0
23.08,1.37,177.83,0.0,43.6069
48.87,2.52,234.43,0.0,176.384
41.63,2.73,247.6,0.0,350.686
41.35,2.81,266.14,0.0,507.476
43.5,3.38,275.73,0.0,615.509
47.72,4.1,268.2,0.0,677.443
47.41,3.75,273.02,0.0,678.7230000000001
44.22,2.38,261.14,0.0,662.5110000000001
41.37,2.3,264.05,0.0,595.173
43.89,3.06,260.71,0.0,479.034
34.19,1.79,227.14,0.0,329.001
18.94,1.49,179.88,0.0,115.819
18.41,1.06,155.71,0.0,11.7275
18.21,1.21,155.98,0.0,0.0
16.31,0.58,160.67,0.0,0.0
16.5,0.36,0.0,0.0,0.0
18.1,0.36,0.0,0.0,0.0
13.72,0.0,0.0,0.0,0.0
13.51,0.0,0.0,0.0,0.0
12.9,0.0,0.0,0.0,0.0
12.66,0.0,0.0,0.0,0.0
13.43,0.0,0.0,0.0,0.0
11.7,0.0,62.16,0.0,0.0
13.32,0.5,172.58,0.0,0.0
27.45,1.37,199.39,0.0,43.5654
64.61,2.52,248.97,0.0,177.112
50.88,2.74,248.68,0.0,354.44199999999995
44.21,2.81,256.72,0.0,507.827
44.88,3.38,254.29,0.0,621.825
44.16,4.1,236.49,0.0,673.927
51.15,3.76,243.55,0.0,698.347
42.66,2.38,236.02,0.0,617.315
48.96,2.3,232.22,0.0,600.013
47.78,3.07,239.51,0.0,502.089
42.74,1.79,209.39,0.0,337.478
18.83,1.49,169.08,0.0,148.586
17.03,1.06,142.97,0.0,15.8183
16.62,1.21,131.74,0.0,0.0
15.02,0.58,129.04,0.0,0.0
17.0,0.36,0.0,0.0,0.0
16.99,0.36,0.0,0.0,0.0
12.27,0.0,0.0,0.0,0.0
8.07,0.0,0.0,0.0,0.0
7.96,0.0,0.0,0.0,0.0
7.64,0.0,0.0,0.0,0.0
8.63,0.0,0.0,0.0,0.0
9.01,0.0,45.76,0.0,0.0
15.6,0.5,152.89,0.0,0.0
21.46,0.79,160.16,0.0,43.9174
26.22,1.08,172.12,0.0,178.74599999999998
28.93,1.51,179.52,0.0,362.077
27.29,1.37,183.48,0.0,513.471
31.26,1.66,185.18,0.0,602.919
25.16,1.44,181.34,0.0,696.666
22.0,1.37,191.54,0.0,669.2289999999999
19.99,1.08,197.62,0.0,631.181
17.46,0.94,197.81,0.0,610.0419999999999
18.78,1.01,193.24,0.0,496.895
15.9,0.5,144.86,0.0,334.401
13.39,0.5,102.73,0.0,147.998
10.91,0.0,107.74,0.0,15.1448
11.13,0.0,0.0,0.0,0.0
11.58,0.0,18.34,0.0,0.0
11.6,0.0,0.0,0.0,0.0
11.6,0.0,0.0,0.0,0.0
11.12,0.0,0.0,0.0,0.0
11.04,0.0,0.0,0.0,0.0
11.6,0.0,0.0,0.0,0.0
11.6,0.0,0.0,0.0,0.0
11.6,0.0,0.0,0.0,0.0
11.6,0.0,0.0,0.0,0.0
13.76,0.29,0.0,0.0,0.0
14.37,0.29,7.25,0.0,42.3204
13.64,0.29,108.6,0.0,156.798
14.37,0.29,105.31,0.0,264.04
14.26,0.29,113.65,0.0,333.745
14.37,0.43,110.87,0.0,408.458
14.37,0.43,37.42,0.0,455.713
13.9,0.65,8.42,0.0,215.942
12.4,0.43,38.54,0.0,251.715
12.89,0.29,12.57,0.0,163.806
13.27,0.29,0.0,0.0,127.607
14.35,0.29,0.0,0.0,89.5008
11.47,0.0,53.35,0.0,78.0726
11.54,0.0,0.0,0.0,7.945119999999999
11.6,0.0,0.0,0.0,0.0
11.6,0.0,0.0,0.0,0.0
11.6,0.0,0.0,0.0,0.0
11.14,0.0,0.0,0.0,0.0
11.6,0.0,0.0,0.0,0.0
15.05,0.0,0.0,0.0,0.0
15.46,0.0,0.0,0.0,0.0
15.46,0.0,0.0,0.0,0.0
15.46,0.0,0.0,0.0,0.0
15.46,0.0,57.65,0.0,0.0
19.16,0.51,157.79,0.0,0.0
30.46,1.37,149.71,0.0,36.3933
63.55,2.53,196.72,0.0,106.427
56.24,2.74,202.44,0.0,201.258
51.96,2.82,216.66,0.0,409.177
57.98,3.39,239.79,0.0,532.711
56.34,4.11,240.5,0.0,585.628
50.21,3.77,254.96,0.0,667.683
50.48,2.38,260.99,0.0,632.437
45.7,2.31,266.65,0.0,541.161
44.32,3.07,261.12,0.0,378.6880000000001
40.89,1.81,225.0,0.0,244.564
20.39,1.49,185.57,0.0,128.773
15.45,1.06,161.53,0.0,10.8543
17.84,1.21,153.96,0.0,0.0
16.73,0.58,152.46,0.0,0.0
16.9,0.36,0.0,0.0,0.0
15.21,0.36,0.0,0.0,0.0
11.51,0.0,0.0,0.0,0.0
12.54,0.0,0.0,0.0,0.0
11.5,0.0,0.0,0.0,0.0
11.8,0.0,0.0,0.0,0.0
11.62,0.0,0.0,0.0,0.0
11.72,0.0,61.74,0.0,0.0
15.34,0.51,171.69,0.0,0.0
26.16,1.37,174.73,0.0,21.0663
57.37,2.53,216.46,0.0,110.967
45.43,2.75,234.17,0.0,345.475
43.03,2.82,247.82,0.0,499.568
45.52,3.4,258.59,0.0,532.384
44.79,4.11,248.9,0.0,512.294
42.31,3.78,230.37,0.0,279.72900000000004
46.86,2.38,209.57,0.0,134.322
43.02,2.31,209.84,0.0,211.912
46.99,3.08,204.66,0.0,135.575
39.32,1.81,183.23,0.0,74.0667
18.85,1.47,153.73,0.0,37.064
15.07,1.05,151.04,0.0,1.30069
15.82,1.2,146.29,0.0,0.0
15.2,0.58,144.36,0.0,0.0
14.55,0.36,0.0,0.0,0.0
15.38,0.36,0.0,0.0,0.0
12.65,0.0,0.0,0.0,0.0
11.22,0.0,0.0,0.0,0.0
13.1,0.0,0.0,0.0,0.0
12.25,0.0,0.0,0.0,0.0
11.94,0.0,0.0,0.0,0.0
12.52,0.0,0.0,0.0,0.0
14.66,0.51,174.09,0.0,0.0
27.61,1.37,182.46,0.0,42.9002
57.81,2.53,217.1,0.0,116.16
51.83,2.75,214.0,0.0,154.464
43.58,2.82,210.0,0.0,93.0319
50.78,3.4,205.77,0.0,105.075
44.97,4.11,184.55,0.0,84.5633
48.83,3.78,170.14,0.0,110.768
44.2,2.38,171.76,0.0,260.802
39.83,2.3,183.43,0.0,301.656
46.75,3.08,197.47,0.0,316.51
33.11,1.83,173.84,0.0,255.692
15.55,1.46,147.74,0.0,87.5588
15.51,1.04,142.14,0.0,4.73084
14.41,1.19,137.84,0.0,0.0
14.41,0.57,137.59,0.0,0.0
13.55,0.36,0.0,0.0,0.0
12.84,0.36,0.0,0.0,0.0
12.84,0.0,0.0,0.0,0.0
12.73,0.0,0.0,0.0,0.0
13.8,0.0,0.0,0.0,0.0
13.43,0.0,0.0,0.0,0.0
14.49,0.0,0.0,0.0,0.0
13.23,0.0,0.0,0.0,0.0
17.97,0.51,175.43,0.0,0.0
29.14,1.38,176.86,0.0,34.3535
64.57,2.53,209.54,0.0,140.524
54.11,2.75,220.66,0.0,236.023
54.51,2.82,209.14,0.0,309.35900000000004
60.44,3.4,187.47,0.0,232.398
56.11,4.11,195.61,0.0,427.847
54.78,3.79,224.53,0.0,666.387
49.23,2.38,236.71,0.0,527.915
48.15,2.31,244.32,0.0,535.509
56.28,3.08,254.31,0.0,474.134
42.47,1.83,203.07,0.0,305.814
18.64,1.46,160.24,0.0,130.615
18.08,1.04,155.36,0.0,7.0472600000000005
19.72,1.19,154.08,0.0,0.0
17.2,0.57,152.32,0.0,0.0
15.19,0.36,0.0,0.0,0.0
13.48,0.36,0.0,0.0,0.0
11.38,0.0,0.0,0.0,0.0
11.93,0.0,0.0,0.0,0.0
11.57,0.0,0.0,0.0,0.0
11.97,0.0,0.0,0.0,0.0
10.91,0.0,0.0,0.0,0.0
12.6,0.0,0.0,0.0,0.0
13.67,0.51,173.69,0.0,0.0
23.21,1.38,191.5,0.0,41.5709
56.92,2.54,239.23,0.0,165.28
50.1,2.75,239.69,0.0,338.207
47.89,2.83,237.05,0.0,376.335
45.23,3.41,249.03,0.0,557.026
46.16,4.11,245.31,0.0,578.557
50.4,3.8,255.86,0.0,553.653
44.91,2.38,235.38,0.0,261.22700000000003
50.85,2.31,209.55,0.0,154.625
47.28,3.09,206.5,0.0,201.892
39.54,1.84,182.88,0.0,124.759
18.76,1.45,151.7,0.0,40.072
15.96,1.04,145.14,0.0,0.0
16.35,1.19,142.43,0.0,0.0
15.16,0.57,141.89,0.0,0.0
13.64,0.36,0.0,0.0,0.0
12.69,0.36,0.0,0.0,0.0
11.26,0.0,0.0,0.0,0.0
8.46,0.0,0.0,0.0,0.0
7.94,0.0,0.0,0.0,0.0
9.32,0.0,0.0,0.0,0.0
8.92,0.0,0.0,0.0,0.0
9.96,0.0,0.0,0.0,0.0
17.54,0.51,151.89,0.0,0.0
21.72,0.8,162.49,0.0,42.0061
23.72,1.09,184.39,0.0,174.55599999999998
26.66,1.52,201.4,0.0,352.751
22.56,1.38,210.77,0.0,495.89
22.53,1.67,208.96,0.0,550.806
16.69,1.45,171.27,0.0,670.3580000000001
14.35,1.38,162.65,0.0,439.105
12.97,1.09,159.88,0.0,151.708
14.8,0.94,164.1,0.0,233.277
15.69,1.02,171.77,0.0,334.42800000000005
12.35,0.51,158.62,0.0,295.782
10.41,0.51,0.0,0.0,112.136
9.01,0.0,0.0,0.0,5.40565
9.98,0.0,0.0,0.0,0.0
9.93,0.0,0.0,0.0,0.0
9.73,0.0,0.0,0.0,0.0
10.67,0.0,0.0,0.0,0.0
10.17,0.0,0.0,0.0,0.0
10.07,0.0,0.0,0.0,0.0
9.49,0.0,0.0,0.0,0.0
8.99,0.0,0.0,0.0,0.0
10.19,0.0,0.0,0.0,0.0
10.85,0.0,0.0,0.0,0.0
12.32,0.29,0.0,0.0,0.0
11.81,0.29,97.88,0.0,42.0588
11.33,0.29,134.15,0.0,175.146
10.06,0.29,108.35,0.0,356.333
9.54,0.29,127.47,0.0,503.279
11.14,0.44,137.99,0.0,621.972
11.04,0.44,99.8,0.0,678.6160000000001
10.42,0.65,115.81,0.0,698.7610000000001
12.24,0.44,132.08,0.0,667.628
12.1,0.29,99.35,0.0,596.2230000000001
12.6,0.29,117.75,0.0,472.99300000000005
13.6,0.29,128.97,0.0,315.628
11.6,0.0,95.97,0.0,129.89700000000002
10.51,0.0,105.64,0.0,5.65379
10.79,0.0,38.75,0.0,0.0
10.69,0.0,41.3,0.0,0.0
11.35,0.0,29.51,0.0,0.0
10.86,0.0,0.0,0.0,0.0
11.23,0.0,0.0,0.0,0.0
15.46,0.0,0.0,0.0,0.0
15.46,0.0,0.0,0.0,0.0
14.21,0.0,0.0,0.0,0.0
14.96,0.0,0.0,0.0,0.0
14.75,0.0,62.96,0.0,0.0
17.96,0.51,172.07,0.0,0.0
27.69,1.38,193.88,0.0,41.4185
53.05,2.55,252.68,0.0,175.187
50.01,2.76,257.33,0.0,353.781
47.51,2.84,263.93,0.0,502.541
52.42,3.42,272.31,0.0,616.031
54.95,4.14,267.8,0.0,670.956
58.22,3.8,281.98,0.0,697.699
50.61,2.4,281.49,0.0,676.914
55.2,2.32,283.58,0.0,591.288
61.64,3.1,283.75,0.0,479.564
48.93,1.83,247.87,0.0,316.048
24.0,1.47,208.28,0.0,127.974
20.77,1.05,177.2,0.0,4.79439
20.51,1.2,164.97,0.0,0.0
19.16,0.58,168.17,0.0,0.0
19.16,0.36,0.0,0.0,0.0
19.16,0.36,0.0,0.0,0.0
15.46,0.0,0.0,0.0,0.0
14.74,0.0,0.0,0.0,0.0
13.53,0.0,0.0,0.0,0.0
14.4,0.0,0.0,0.0,0.0
14.07,0.0,0.0,0.0,0.0
13.52,0.0,55.09,0.0,0.0
14.95,0.51,145.38,0.0,0.0
29.43,1.38,145.85,0.0,42.582
63.98,2.55,195.7,0.0,180.552
54.37,2.77,195.68,0.0,369.0630000000001
56.16,2.84,203.0,0.0,524.935
60.44,3.42,209.68,0.0,632.931
61.55,4.12,197.15,0.0,696.1010000000001
62.45,3.81,211.9,0.0,711.335
58.02,2.39,215.61,0.0,686.745
57.56,2.32,219.93,0.0,610.939
61.64,3.1,222.31,0.0,488.77
46.43,1.85,178.1,0.0,326.886
20.99,1.45,128.13,0.0,133.65200000000002
19.6,1.04,108.16,0.0,5.709
20.77,1.19,103.43,0.0,0.0
18.46,0.57,100.69,0.0,0.0
16.84,0.36,0.0,0.0,0.0
16.22,0.36,0.0,0.0,0.0
11.93,0.0,0.0,0.0,0.0
11.21,0.0,0.0,0.0,0.0
11.5,0.0,0.0,0.0,0.0
11.09,0.0,0.0,0.0,0.0
11.39,0.0,0.0,0.0,0.0
11.43,0.0,16.32,0.0,0.0
14.24,0.51,97.86,0.0,0.0
27.12,1.39,100.27,0.0,44.7566
59.23,2.55,150.02,0.0,190.967
53.5,2.77,162.91,0.0,388.885
54.08,2.84,171.59,0.0,556.1659999999999
54.34,3.43,176.81,0.0,673.3639999999999
59.68,4.12,167.71,0.0,729.703
53.71,3.82,177.48,0.0,755.28
46.82,2.39,182.02,0.0,719.242
48.44,2.34,187.15,0.0,631.439
46.8,3.11,189.18,0.0,508.285
36.1,1.83,155.22,0.0,334.806
17.44,1.48,114.11,0.0,137.16
14.79,1.09,100.57,0.0,5.78104
14.98,1.24,96.88,0.0,0.0
14.57,0.58,94.07,0.0,0.0
13.47,0.36,0.0,0.0,0.0
12.9,0.36,0.0,0.0,0.0
10.96,0.0,0.0,0.0,0.0
12.04,0.0,0.0,0.0,0.0
13.3,0.0,0.0,0.0,0.0
13.18,0.0,0.0,0.0,0.0
13.01,0.0,0.0,0.0,0.0
12.59,0.0,0.0,0.0,0.0
13.82,0.51,98.57,0.0,0.0
28.39,1.39,99.47,0.0,44.2275
61.02,2.56,142.67,0.0,191.251
45.77,2.78,160.31,0.0,387.492
48.48,2.85,173.86,0.0,549.649
53.36,3.43,177.42,0.0,664.56
56.9,4.15,167.88,0.0,734.564
51.96,3.82,180.72,0.0,737.737
49.06,2.4,186.57,0.0,708.951
48.57,2.33,192.6,0.0,622.637
54.77,3.11,194.09,0.0,499.199
43.58,1.85,163.28,0.0,331.365
23.06,1.47,123.22,0.0,132.313
18.83,1.05,105.86,0.0,4.89234
18.05,1.2,101.51,0.0,0.0
14.51,0.58,99.16,0.0,0.0
15.97,0.37,0.0,0.0,0.0
16.72,0.37,0.0,0.0,0.0
13.58,0.0,0.0,0.0,0.0
13.97,0.0,0.0,0.0,0.0
12.3,0.0,0.0,0.0,0.0
12.47,0.0,0.0,0.0,0.0
12.88,0.0,0.0,0.0,0.0
12.68,0.0,0.0,0.0,0.0
15.81,0.51,102.43,0.0,0.0
26.79,1.39,111.47,0.0,43.2206
57.0,2.56,165.84,0.0,185.487
49.51,2.78,184.34,0.0,374.466
51.27,2.85,198.66,0.0,532.727
46.28,3.44,206.99,0.0,650.133
43.74,4.13,201.69,0.0,712.015
52.8,3.83,214.65,0.0,724.5060000000001
47.84,2.4,216.94,0.0,688.795
43.48,2.35,225.86,0.0,615.719
50.62,3.12,233.37,0.0,493.587
42.47,1.83,193.54,0.0,324.633
18.3,1.48,145.44,0.0,128.144
14.18,1.09,119.13,0.0,4.04737
13.96,1.24,111.02,0.0,0.0
12.33,0.59,108.73,0.0,0.0
14.77,0.37,0.0,0.0,0.0
16.25,0.37,0.0,0.0,0.0
14.41,0.0,0.0,0.0,0.0
11.2,0.0,0.0,0.0,0.0
11.6,0.0,0.0,0.0,0.0
11.6,0.0,0.0,0.0,0.0
11.6,0.0,0.0,0.0,0.0
10.55,0.0,0.0,0.0,0.0
18.52,0.51,134.61,0.0,0.0
25.61,0.81,132.98,0.0,42.4387
29.59,1.1,140.74,0.0,183.779
32.41,1.54,149.29,0.0,372.3130000000001
30.58,1.39,163.66,0.0,529.414
31.49,1.68,170.57,0.0,586.998
23.94,1.46,163.9,0.0,652.773
21.81,1.39,160.8,0.0,465.384
19.23,1.1,161.08,0.0,521.258
17.91,0.95,171.3,0.0,595.125
16.5,1.03,161.35,0.0,331.66900000000004
15.13,0.51,124.7,0.0,323.53
13.7,0.51,86.62,0.0,125.515
10.95,0.0,31.68,0.0,3.25068
10.93,0.0,16.47,0.0,0.0
9.63,0.0,0.0,0.0,0.0
9.15,0.0,0.0,0.0,0.0
8.94,0.0,0.0,0.0,0.0
9.25,0.0,0.0,0.0,0.0
9.6,0.0,0.0,0.0,0.0
9.58,0.0,0.0,0.0,0.0
9.06,0.0,0.0,0.0,0.0
10.09,0.0,0.0,0.0,0.0
9.25,0.0,0.0,0.0,0.0
12.42,0.29,0.0,0.0,0.0
12.44,0.29,63.22,0.0,41.8882
12.99,0.29,104.76,0.0,182.121
13.71,0.29,86.03,0.0,368.971
13.06,0.29,99.33,0.0,525.515
11.72,0.44,109.94,0.0,632.448
10.98,0.44,85.69,0.0,687.587
10.11,0.66,100.09,0.0,662.7389999999999
10.5,0.44,110.07,0.0,585.597
11.48,0.29,83.21,0.0,485.374
12.81,0.29,96.49,0.0,351.49300000000005
11.73,0.29,110.63,0.0,295.119
10.03,0.0,79.46,0.0,120.897
9.83,0.0,75.74,0.0,2.45189
8.74,0.0,31.63,0.0,0.0
9.07,0.0,0.0,0.0,0.0
10.05,0.0,0.0,0.0,0.0
9.23,0.0,0.0,0.0,0.0
10.24,0.0,0.0,0.0,0.0
14.49,0.0,0.0,0.0,0.0
15.3,0.0,0.0,0.0,0.0
14.54,0.0,0.0,0.0,0.0
13.32,0.0,0.0,0.0,0.0
13.79,0.0,47.91,0.0,0.0
17.54,0.51,133.53,0.0,0.0
30.99,1.4,150.61,0.0,40.9524
62.44,2.57,220.57,0.0,174.42700000000002
46.75,2.79,232.61,0.0,356.75699999999995
50.43,2.87,242.09,0.0,520.6619999999999
53.67,3.45,246.34,0.0,629.924
57.49,4.17,234.6,0.0,662.61
57.26,3.85,241.16,0.0,697.3960000000001
56.98,2.41,240.19,0.0,652.8
52.72,2.34,245.28,0.0,576.4490000000001
56.24,3.13,249.94,0.0,474.027
44.81,1.86,209.28,0.0,284.344
23.35,1.46,161.48,0.0,76.4024
18.96,1.04,141.34,0.0,1.13764
17.63,1.19,138.4,0.0,0.0
16.5,0.58,132.89,0.0,0.0
15.75,0.37,0.0,0.0,0.0
16.03,0.37,0.0,0.0,0.0
11.96,0.0,0.0,0.0,0.0
12.01,0.0,0.0,0.0,0.0
11.07,0.0,0.0,0.0,0.0
12.95,0.0,0.0,0.0,0.0
14.04,0.0,0.0,0.0,0.0
14.85,0.0,44.98,0.0,0.0
17.28,0.52,127.21,0.0,0.0
30.04,1.4,142.41,0.0,41.0172
69.69,2.58,210.61,0.0,180.105
60.44,2.8,223.03,0.0,349.361
58.02,2.87,229.42,0.0,498.449
55.47,3.46,235.71,0.0,578.304
56.78,4.16,232.28,0.0,611.321
58.1,3.85,250.04,0.0,666.34
47.56,2.43,256.33,0.0,560.5790000000001
50.96,2.35,243.66,0.0,392.124
58.51,3.14,239.1,0.0,370.216
48.93,1.84,207.18,0.0,273.16
21.73,1.51,167.17,0.0,62.0985
16.69,1.07,154.9,0.0,0.0
15.22,1.22,151.56,0.0,0.0
15.53,0.59,146.07,0.0,0.0
13.63,0.37,0.0,0.0,0.0
15.17,0.37,0.0,0.0,0.0
13.57,0.0,0.0,0.0,0.0
13.54,0.0,0.0,0.0,0.0
12.76,0.0,0.0,0.0,0.0
13.77,0.0,0.0,0.0,0.0
12.85,0.0,0.0,0.0,0.0
13.49,0.0,52.73,0.0,0.0
15.32,0.52,150.62,0.0,0.0
28.8,1.4,166.34,0.0,36.2845
56.51,2.58,207.14,0.0,94.9158
42.82,2.8,222.96,0.0,306.532
49.05,2.87,228.96,0.0,348.031
44.35,3.46,213.18,0.0,120.615
46.59,4.16,199.52,0.0,139.627
43.75,3.86,199.65,0.0,191.166
40.44,2.42,193.79,0.0,167.217
44.87,2.36,198.99,0.0,224.785
45.73,3.14,206.13,0.0,265.783
35.12,1.84,177.45,0.0,136.046
16.69,1.53,139.27,0.0,40.3747
13.57,1.09,133.52,0.0,0.0
13.36,1.24,133.75,0.0,0.0
13.91,0.59,133.47,0.0,0.0
12.83,0.37,0.0,0.0,0.0
13.1,0.37,0.0,0.0,0.0
12.81,0.0,0.0,0.0,0.0
10.29,0.0,0.0,0.0,0.0
10.51,0.0,0.0,0.0,0.0
10.87,0.0,0.0,0.0,0.0
11.13,0.0,0.0,0.0,0.0
10.43,0.0,0.0,0.0,0.0
13.56,0.3,0.0,0.0,0.0
12.07,0.3,33.09,0.0,38.9849
12.36,0.3,74.48,0.0,134.859
11.01,0.3,106.87,0.0,279.447
11.59,0.3,31.79,0.0,174.52900000000002
11.63,0.44,33.68,0.0,210.797
12.62,0.44,92.65,0.0,292.51
12.52,0.66,87.4,0.0,348.392
11.66,0.44,93.91,0.0,460.449
11.99,0.3,122.88,0.0,432.073
11.8,0.3,107.17,0.0,324.513
11.71,0.3,92.17,0.0,197.337
8.86,0.0,105.21,0.0,76.6276
9.36,0.0,13.44,0.0,0.0
9.49,0.0,0.0,0.0,0.0
9.21,0.0,0.0,0.0,0.0
9.68,0.0,0.0,0.0,0.0
10.06,0.0,0.0,0.0,0.0
10.46,0.0,0.0,0.0,0.0
14.49,0.0,0.0,0.0,0.0
13.62,0.0,0.0,0.0,0.0
13.7,0.0,0.0,0.0,0.0
13.75,0.0,0.0,0.0,0.0
13.63,0.0,55.14,0.0,0.0
14.9,0.52,157.69,0.0,0.0
25.39,1.4,167.75,0.0,38.9629
54.52,2.59,230.54,0.0,175.509
52.08,2.81,243.66,0.0,345.039
46.0,2.88,252.72,0.0,512.308
50.7,3.48,255.62,0.0,595.469
50.23,4.19,232.71,0.0,425.701
48.93,3.87,247.89,0.0,677.4639999999999
48.86,2.43,242.79,0.0,618.0419999999999
50.22,2.37,232.44,0.0,436.951
54.01,3.15,236.01,0.0,417.58
38.26,1.85,202.78,0.0,288.612
20.29,1.52,159.91,0.0,88.2226
16.44,1.1,146.47,0.0,0.0
16.32,1.25,144.07,0.0,0.0
16.05,0.59,140.81,0.0,0.0
14.85,0.37,0.0,0.0,0.0
16.46,0.37,0.0,0.0,0.0
14.36,0.0,0.0,0.0,0.0
10.14,0.0,0.0,0.0,0.0
9.91,0.0,0.0,0.0,0.0
8.8,0.0,0.0,0.0,0.0
8.3,0.0,0.0,0.0,0.0
9.75,0.0,0.0,0.0,0.0
17.23,0.52,160.17,0.0,0.0
23.71,0.81,156.55,0.0,9.3615
25.13,1.11,161.99,0.0,145.931
25.38,1.56,176.21,0.0,249.561
23.44,1.41,192.0,0.0,354.422
25.69,1.7,207.27,0.0,625.6619999999999
17.23,1.48,195.17,0.0,669.6189999999999
18.56,1.41,189.55,0.0,687.075
17.72,1.11,201.62,0.0,642.479
15.59,0.96,209.85,0.0,570.923
15.41,1.04,202.0,0.0,459.11
14.29,0.52,156.13,0.0,262.467
11.79,0.52,103.34,0.0,87.0897
8.48,0.0,39.05,0.0,0.0
7.85,0.0,0.0,0.0,0.0
9.5,0.0,0.0,0.0,0.0
9.56,0.0,0.0,0.0,0.0
8.83,0.0,0.0,0.0,0.0
8.92,0.0,0.0,0.0,0.0
10.0,0.0,0.0,0.0,0.0
8.88,0.0,0.0,0.0,0.0
8.64,0.0,0.0,0.0,0.0
9.85,0.0,0.0,0.0,0.0
8.66,0.0,0.0,0.0,0.0
10.5,0.3,0.0,0.0,0.0
11.94,0.3,50.49,0.0,36.7425
10.98,0.3,98.44,0.0,175.324
11.29,0.3,114.74,0.0,359.898
11.88,0.3,127.8,0.0,509.05300000000005
12.05,0.45,102.34,0.0,611.0880000000001
11.09,0.45,124.0,0.0,664.7139999999999
11.0,0.67,145.48,0.0,691.6460000000001
12.33,0.45,104.92,0.0,615.404
10.71,0.3,114.43,0.0,314.707
10.3,0.3,121.48,0.0,241.452
10.02,0.3,65.1,0.0,85.9198
8.43,0.0,51.08,0.0,0.0
8.48,0.0,18.15,0.0,0.0
9.48,0.0,0.0,0.0,0.0
8.65,0.0,0.0,0.0,0.0
9.71,0.0,0.0,0.0,0.0
9.19,0.0,0.0,0.0,0.0
8.78,0.0,0.0,0.0,0.0
11.34,0.0,0.0,0.0,0.0
11.92,0.0,0.0,0.0,0.0
13.46,0.0,0.0,0.0,0.0
14.06,0.0,0.0,0.0,0.0
15.01,0.0,57.07,0.0,0.0
18.97,0.52,159.33,0.0,0.0
33.26,1.41,177.15,0.0,39.365
68.02,2.6,241.39,0.0,177.667
51.26,2.82,250.61,0.0,365.462
43.12,2.9,257.84,0.0,523.062
47.12,3.49,261.85,0.0,642.984
47.56,4.2,253.71,0.0,700.933
42.95,3.9,263.6,0.0,705.6489999999999
45.34,2.44,260.1,0.0,672.263
49.01,2.39,261.13,0.0,592.2130000000001
46.33,3.17,256.55,0.0,471.431
41.06,1.86,217.03,0.0,294.909
19.01,1.54,175.3,0.0,100.392
17.65,1.09,151.38,0.0,0.0
16.95,1.24,145.06,0.0,0.0
17.38,0.59,141.08,0.0,0.0
16.61,0.37,0.0,0.0,0.0
17.97,0.37,0.0,0.0,0.0
15.09,0.0,0.0,0.0,0.0
15.46,0.0,0.0,0.0,0.0
15.46,0.0,0.0,0.0,0.0
15.3,0.0,0.0,0.0,0.0
14.15,0.0,0.0,0.0,0.0
12.74,0.0,49.5,0.0,0.0
15.61,0.52,141.1,0.0,0.0
26.75,1.41,150.63,0.0,39.0662
58.24,2.61,221.56,0.0,177.36
46.34,2.83,233.38,0.0,360.592
44.78,2.9,242.21,0.0,509.842
51.34,3.5,247.7,0.0,616.146
53.95,4.21,234.27,0.0,666.38
55.12,3.9,240.27,0.0,725.194
45.42,2.46,240.5,0.0,643.675
48.97,2.38,238.0,0.0,369.545
46.78,3.17,237.89,0.0,283.212
33.36,1.87,207.25,0.0,244.553
17.33,1.51,166.97,0.0,97.9508
16.7,1.08,145.23,0.0,0.0
17.93,1.23,138.11,0.0,0.0
15.36,0.59,135.47,0.0,0.0
13.66,0.37,0.0,0.0,0.0
14.78,0.37,0.0,0.0,0.0
11.73,0.0,0.0,0.0,0.0
11.3,0.0,0.0,0.0,0.0
13.31,0.0,0.0,0.0,0.0
13.86,0.0,0.0,0.0,0.0
13.94,0.0,0.0,0.0,0.0
12.84,0.0,24.83,0.0,0.0
15.49,0.52,151.29,0.0,0.0
26.74,1.42,160.59,0.0,38.8786
63.77,2.61,223.45,0.0,176.93
56.12,2.84,235.78,0.0,358.491
54.06,2.91,241.27,0.0,505.797
50.99,3.51,235.6,0.0,408.381
56.09,4.21,221.51,0.0,299.232
50.46,3.9,208.54,0.0,172.72299999999998
47.81,2.47,206.89,0.0,291.899
52.42,2.38,210.82,0.0,349.81199999999995
50.86,3.18,210.11,0.0,225.616
38.15,1.88,187.8,0.0,172.396
21.17,1.5,144.55,0.0,55.1081
16.26,1.07,134.1,0.0,0.0
15.24,1.22,132.16,0.0,0.0
14.95,0.59,133.2,0.0,0.0
16.33,0.37,0.0,0.0,0.0
16.81,0.37,0.0,0.0,0.0
12.77,0.0,0.0,0.0,0.0
11.74,0.0,0.0,0.0,0.0
13.29,0.0,0.0,0.0,0.0
13.23,0.0,0.0,0.0,0.0
11.87,0.0,0.0,0.0,0.0
11.0,0.0,0.0,0.0,0.0
15.24,0.52,159.05,0.0,0.0
25.98,1.42,158.13,0.0,38.7391
52.46,2.62,194.24,0.0,171.953
47.53,2.84,196.24,0.0,234.804
44.52,2.92,190.29,0.0,353.196
47.97,3.51,172.93,0.0,84.4027
44.12,4.22,165.6,0.0,163.597
44.1,3.91,191.7,0.0,434.345
48.95,2.47,198.88,0.0,359.73900000000003
43.55,2.38,199.83,0.0,262.346
46.73,3.18,207.78,0.0,347.10400000000004
34.39,1.89,171.98,0.0,137.81799999999998
16.06,1.49,139.99,0.0,23.397
13.62,1.06,139.93,0.0,0.0
13.33,1.21,139.48,0.0,0.0
13.98,0.58,128.31,0.0,0.0
15.29,0.37,0.0,0.0,0.0
15.34,0.37,0.0,0.0,0.0
12.31,0.0,0.0,0.0,0.0
11.37,0.0,0.0,0.0,0.0
11.33,0.0,0.0,0.0,0.0
13.31,0.0,0.0,0.0,0.0
13.23,0.0,0.0,0.0,0.0
14.07,0.0,0.0,0.0,0.0
17.79,0.52,127.7,0.0,0.0
32.3,1.42,124.39,0.0,8.62906
70.91,2.62,152.42,0.0,61.6746
55.35,2.85,154.7,0.0,110.364
56.48,2.92,154.8,0.0,172.455
60.17,3.52,157.92,0.0,80.3462
61.69,4.22,156.1,0.0,87.2925
62.45,3.92,158.85,0.0,100.219
57.85,2.47,158.57,0.0,144.967
56.89,2.39,163.33,0.0,125.157
60.45,3.19,171.0,0.0,139.61700000000002
48.56,1.9,155.24,0.0,109.789
24.0,1.5,133.44,0.0,4.5492300000000006
20.2,1.06,128.72,0.0,0.0
19.92,1.21,126.05,0.0,0.0
16.71,0.58,124.34,0.0,0.0
15.63,0.37,0.0,0.0,0.0
16.16,0.37,0.0,0.0,0.0
12.4,0.0,0.0,0.0,0.0
9.59,0.0,0.0,0.0,0.0
8.87,0.0,0.0,0.0,0.0
9.45,0.0,0.0,0.0,0.0
9.6,0.0,0.0,0.0,0.0
8.65,0.0,0.0,0.0,0.0
16.52,0.53,129.24,0.0,0.0
23.06,0.83,124.55,0.0,16.2802
26.66,1.13,121.0,0.0,135.889
30.46,1.58,118.72,0.0,204.841
31.2,1.43,122.05,0.0,378.716
31.13,1.73,132.25,0.0,497.955
21.49,1.5,142.68,0.0,574.544
17.33,1.43,144.65,0.0,577.696
14.5,1.13,139.52,0.0,566.807
15.63,0.98,134.63,0.0,526.62
16.39,1.05,125.45,0.0,376.805
13.65,0.53,104.31,0.0,236.985
11.95,0.53,58.91,0.0,94.5386
8.65,0.0,24.9,0.0,0.0
9.66,0.0,0.0,0.0,0.0
9.61,0.0,0.0,0.0,0.0
10.08,0.0,0.0,0.0,0.0
10.12,0.0,0.0,0.0,0.0
9.48,0.0,0.0,0.0,0.0
9.48,0.0,0.0,0.0,0.0
8.69,0.0,0.0,0.0,0.0
9.95,0.0,0.0,0.0,0.0
8.93,0.0,0.0,0.0,0.0
8.04,0.0,0.0,0.0,0.0
11.24,0.3,0.0,0.0,0.0
11.1,0.3,3.6,0.0,41.8155
12.33,0.3,53.81,0.0,197.229
12.89,0.3,47.59,0.0,402.021
14.03,0.3,56.94,0.0,575.689
13.83,0.45,64.48,0.0,690.799
13.27,0.45,50.42,0.0,745.422
13.79,0.68,57.03,0.0,779.298
12.37,0.45,64.7,0.0,726.565
10.83,0.3,50.29,0.0,630.239
12.5,0.3,57.81,0.0,493.037
12.59,0.3,63.98,0.0,307.003
11.08,0.0,47.5,0.0,95.9563
11.25,0.0,25.56,0.0,0.0
10.77,0.0,0.0,0.0,0.0
11.16,0.0,0.0,0.0,0.0
9.93,0.0,0.0,0.0,0.0
8.89,0.0,0.0,0.0,0.0
9.62,0.0,0.0,0.0,0.0
13.92,0.0,0.0,0.0,0.0
14.27,0.0,0.0,0.0,0.0
14.21,0.0,0.0,0.0,0.0
13.17,0.0,0.0,0.0,0.0
14.34,0.0,0.0,0.0,0.0
16.94,0.53,73.42,0.0,0.0
31.09,1.43,78.78,0.0,40.8396
65.83,2.64,104.53,0.0,191.873
49.75,2.86,125.87,0.0,388.5
46.29,2.94,153.73,0.0,557.374
44.01,3.54,171.09,0.0,662.63
51.11,4.26,170.78,0.0,714.317
51.2,3.94,186.29,0.0,727.711
50.24,2.49,193.89,0.0,678.154
49.23,2.41,202.57,0.0,621.72
54.34,3.21,201.05,0.0,458.837
39.77,1.9,160.98,0.0,231.197
17.73,1.51,120.92,0.0,82.7833
15.89,1.08,110.94,0.0,0.0
16.18,1.23,110.33,0.0,0.0
15.39,0.59,108.84,0.0,0.0
17.11,0.38,0.0,0.0,0.0
17.64,0.38,0.0,0.0,0.0
14.72,0.0,0.0,0.0,0.0
14.17,0.0,0.0,0.0,0.0
12.76,0.0,0.0,0.0,0.0
12.32,0.0,0.0,0.0,0.0
12.48,0.0,0.0,0.0,0.0
13.95,0.0,0.0,0.0,0.0
17.8,0.53,114.67,0.0,0.0
32.39,1.43,112.57,0.0,37.1275
61.64,2.64,151.59,0.0,152.208
55.56,2.87,173.69,0.0,287.137
53.11,2.94,200.77,0.0,374.319
57.84,3.55,212.06,0.0,468.606
61.12,4.25,200.88,0.0,497.05
58.64,3.95,220.15,0.0,591.842
57.68,2.48,226.9,0.0,646.96
52.27,2.41,232.75,0.0,593.183
56.9,3.22,232.97,0.0,458.072
41.51,1.89,197.57,0.0,278.535
20.68,1.56,151.97,0.0,77.3114
16.59,1.11,127.78,0.0,0.0
15.99,1.26,117.61,0.0,0.0
13.36,0.6,112.23,0.0,0.0
14.92,0.38,0.0,0.0,0.0
14.05,0.38,0.0,0.0,0.0
13.05,0.0,0.0,0.0,0.0
11.5,0.0,0.0,0.0,0.0
10.85,0.0,0.0,0.0,0.0
12.4,0.0,0.0,0.0,0.0
12.74,0.0,0.0,0.0,0.0
12.07,0.0,0.0,0.0,0.0
15.26,0.53,150.98,0.0,0.0
25.37,1.44,146.38,0.0,40.2598
60.58,2.65,199.7,0.0,180.916
46.66,2.87,214.99,0.0,368.739
43.86,2.95,230.72,0.0,521.783
43.98,3.56,237.6,0.0,633.2130000000001
49.75,4.27,224.81,0.0,701.813
53.47,3.96,237.16,0.0,722.935
46.2,2.49,243.68,0.0,687.298
41.6,2.41,244.34,0.0,594.191
48.04,3.23,239.42,0.0,450.306
38.76,1.91,203.45,0.0,274.8
20.85,1.51,158.05,0.0,74.7372
19.44,1.13,137.01,0.0,0.0
18.56,1.28,133.74,0.0,0.0
15.62,0.61,132.73,0.0,0.0
13.64,0.38,0.0,0.0,0.0
14.26,0.38,0.0,0.0,0.0
10.85,0.0,0.0,0.0,0.0
11.09,0.0,0.0,0.0,0.0
12.11,0.0,0.0,0.0,0.0
12.88,0.0,0.0,0.0,0.0
12.08,0.0,0.0,0.0,0.0
12.21,0.0,0.0,0.0,0.0
16.22,0.53,153.1,0.0,0.0
31.0,1.44,150.7,0.0,40.3607
70.41,2.65,205.83,0.0,181.832
54.7,2.88,216.66,0.0,374.278
52.1,2.96,230.44,0.0,533.61
48.2,3.56,237.81,0.0,638.177
53.15,4.28,231.1,0.0,709.778
53.19,3.97,239.04,0.0,716.8739999999999
48.98,2.5,235.44,0.0,680.841
46.88,2.42,236.37,0.0,599.891
49.09,3.23,232.11,0.0,457.817
34.63,1.92,192.32,0.0,274.578
17.98,1.53,146.15,0.0,74.4735
15.33,1.13,125.02,0.0,0.0
16.97,1.29,120.16,0.0,0.0
14.83,0.61,117.66,0.0,0.0
13.88,0.38,0.0,0.0,0.0
12.67,0.38,0.0,0.0,0.0
11.18,0.0,0.0,0.0,0.0
11.29,0.0,0.0,0.0,0.0
13.06,0.0,0.0,0.0,0.0
12.28,0.0,0.0,0.0,0.0
11.61,0.0,0.0,0.0,0.0
11.72,0.0,0.0,0.0,0.0
13.88,0.53,113.64,0.0,0.0
26.44,1.44,119.16,0.0,39.6709
50.79,2.66,180.46,0.0,183.273
50.71,2.89,203.19,0.0,370.774
44.48,2.96,219.26,0.0,530.002
51.25,3.57,222.09,0.0,631.428
53.6,4.29,207.34,0.0,695.505
58.17,3.98,213.16,0.0,708.0110000000001
56.28,2.51,216.82,0.0,678.888
50.65,2.42,226.03,0.0,584.4730000000001
52.53,3.24,228.03,0.0,454.285
43.34,1.92,186.55,0.0,270.658
22.8,1.54,139.95,0.0,70.6949
17.9,1.08,119.82,0.0,0.0
17.53,1.23,115.95,0.0,0.0
14.55,0.59,116.33,0.0,0.0
14.45,0.38,0.0,0.0,0.0
16.66,0.38,0.0,0.0,0.0
12.87,0.0,0.0,0.0,0.0
8.55,0.0,0.0,0.0,0.0
7.77,0.0,0.0,0.0,0.0
9.61,0.0,0.0,0.0,0.0
10.14,0.0,0.0,0.0,0.0
8.91,0.0,0.0,0.0,0.0
15.94,0.53,122.52,0.0,0.0
21.36,0.84,133.57,0.0,39.3889
22.92,1.14,155.61,0.0,182.83900000000003
28.13,1.6,167.74,0.0,373.508
27.07,1.45,174.23,0.0,532.549
26.15,1.75,181.07,0.0,630.432
21.71,1.52,177.1,0.0,680.3539999999999
16.51,1.45,174.19,0.0,698.546
17.08,1.14,178.25,0.0,655.05
15.01,0.99,176.36,0.0,578.862
16.73,1.07,166.07,0.0,441.79
13.27,0.53,120.04,0.0,264.8
11.76,0.53,81.45,0.0,67.9512
9.49,0.0,30.32,0.0,0.0
9.23,0.0,0.0,0.0,0.0
9.68,0.0,0.0,0.0,0.0
9.65,0.0,0.0,0.0,0.0
9.18,0.0,0.0,0.0,0.0
8.95,0.0,0.0,0.0,0.0
8.18,0.0,0.0,0.0,0.0
9.8,0.0,0.0,0.0,0.0
8.49,0.0,0.0,0.0,0.0
9.69,0.0,0.0,0.0,0.0
8.7,0.0,0.0,0.0,0.0
10.0,0.31,0.0,0.0,0.0
10.19,0.31,66.41,0.0,38.7783
11.99,0.31,101.17,0.0,179.90400000000002
12.06,0.31,117.18,0.0,361.652
11.49,0.31,87.1,0.0,510.694
12.43,0.46,98.98,0.0,605.005
12.34,0.46,111.52,0.0,680.298
11.16,0.69,85.14,0.0,673.795
12.3,0.46,97.34,0.0,651.275
11.52,0.31,107.68,0.0,564.434
12.06,0.31,81.02,0.0,439.4330000000001
11.28,0.31,93.82,0.0,261.038
10.0,0.0,101.52,0.0,65.8749
8.77,0.0,55.82,0.0,0.0
8.5,0.0,23.48,0.0,0.0
7.79,0.0,0.0,0.0,0.0
8.56,0.0,0.0,0.0,0.0
9.33,0.0,0.0,0.0,0.0
9.89,0.0,0.0,0.0,0.0
13.17,0.0,0.0,0.0,0.0
13.72,0.0,0.0,0.0,0.0
14.51,0.0,0.0,0.0,0.0
12.73,0.0,0.0,0.0,0.0
12.5,0.0,52.49,0.0,0.0
16.11,0.54,144.38,0.0,0.0
30.17,1.45,146.28,0.0,12.8092
65.16,2.68,179.45,0.0,71.2984
49.72,2.91,164.29,0.0,126.204
47.87,2.98,165.73,0.0,161.961
52.5,3.59,179.74,0.0,265.831
53.87,4.32,179.94,0.0,415.261
55.79,4.0,184.59,0.0,226.32
45.25,2.52,199.51,0.0,538.698
44.4,2.44,203.68,0.0,409.793
52.13,3.27,207.69,0.0,391.018
36.59,1.92,172.78,0.0,240.655
20.41,1.58,124.27,0.0,65.6679
18.26,1.13,112.23,0.0,0.0
16.38,1.28,109.87,0.0,0.0
13.55,0.61,110.61,0.0,0.0
13.7,0.38,0.0,0.0,0.0
14.26,0.38,0.0,0.0,0.0
10.55,0.0,0.0,0.0,0.0
12.66,0.0,0.0,0.0,0.0
11.65,0.0,0.0,0.0,0.0
11.01,0.0,0.0,0.0,0.0
10.51,0.0,0.0,0.0,0.0
10.32,0.0,0.0,0.0,0.0
13.09,0.54,105.03,0.0,0.0
27.8,1.46,102.62,0.0,39.4634
64.0,2.68,141.36,0.0,188.903
47.69,2.91,157.67,0.0,389.715
40.41,2.99,173.31,0.0,552.073
48.75,3.6,183.38,0.0,661.813
55.41,4.31,181.2,0.0,711.7289999999999
54.09,4.02,195.44,0.0,724.9939999999999
53.59,2.52,202.06,0.0,678.117
55.95,2.46,208.3,0.0,589.998
60.04,3.27,207.69,0.0,454.871
45.58,1.93,168.2,0.0,268.41900000000004
21.66,1.57,118.37,0.0,65.0844
16.88,1.11,105.24,0.0,0.0
18.84,1.26,102.31,0.0,0.0
17.09,0.61,101.58,0.0,0.0
18.46,0.38,0.0,0.0,0.0
16.52,0.38,0.0,0.0,0.0
11.7,0.0,0.0,0.0,0.0
11.4,0.0,0.0,0.0,0.0
10.8,0.0,0.0,0.0,0.0
13.02,0.0,0.0,0.0,0.0
12.17,0.0,0.0,0.0,0.0
12.27,0.0,0.0,0.0,0.0
13.66,0.54,127.55,0.0,0.0
27.18,1.46,125.86,0.0,38.2971
55.77,2.69,179.08,0.0,184.277
47.86,2.92,199.41,0.0,375.401
46.17,3.0,215.48,0.0,537.072
50.61,3.61,224.23,0.0,642.408
56.67,4.31,221.51,0.0,704.403
50.84,4.03,230.9,0.0,728.015
45.94,2.53,228.33,0.0,675.4830000000001
40.99,2.46,228.06,0.0,595.553
47.95,3.28,228.78,0.0,445.1830000000001
36.11,1.94,187.81,0.0,257.868
19.04,1.54,137.22,0.0,59.5728
17.16,1.1,123.14,0.0,0.0
17.17,1.25,121.18,0.0,0.0
14.36,0.6,119.14,0.0,0.0
13.87,0.38,0.0,0.0,0.0
14.84,0.38,0.0,0.0,0.0
11.21,0.0,0.0,0.0,0.0
12.9,0.0,0.0,0.0,0.0
12.38,0.0,0.0,0.0,0.0
11.61,0.0,0.0,0.0,0.0
10.63,0.0,0.0,0.0,0.0
12.17,0.0,0.0,0.0,0.0
14.65,0.54,141.28,0.0,0.0
28.57,1.46,136.92,0.0,37.3475
63.53,2.69,192.25,0.0,181.187
56.62,2.93,203.8,0.0,373.114
50.43,3.0,213.39,0.0,535.804
47.74,3.62,218.03,0.0,653.606
51.44,4.31,210.78,0.0,714.669
55.33,4.03,220.99,0.0,716.313
46.63,2.55,224.61,0.0,671.685
49.2,2.46,230.41,0.0,582.6
55.97,3.28,225.59,0.0,438.431
43.33,1.95,182.3,0.0,249.003
18.85,1.55,134.79,0.0,47.0669
18.29,1.15,122.34,0.0,0.0
19.18,1.3,119.65,0.0,0.0
18.24,0.62,118.07,0.0,0.0
18.98,0.38,0.0,0.0,0.0
19.16,0.38,0.0,0.0,0.0
15.46,0.0,0.0,0.0,0.0
15.46,0.0,0.0,0.0,0.0
15.46,0.0,0.0,0.0,0.0
15.46,0.0,0.0,0.0,0.0
14.21,0.0,0.0,0.0,0.0
14.59,0.0,0.0,0.0,0.0
18.47,0.54,122.26,0.0,0.0
30.09,1.47,120.22,0.0,36.5115
68.49,2.7,172.27,0.0,177.12099999999998
60.44,2.93,181.89,0.0,357.422
58.02,3.01,193.35,0.0,512.826
56.5,3.63,198.61,0.0,645.1759999999999
59.03,4.34,188.58,0.0,707.0169999999999
59.47,4.04,200.58,0.0,711.975
53.55,2.54,207.97,0.0,681.5189999999999
51.17,2.48,218.04,0.0,585.8009999999999
51.27,3.29,217.77,0.0,397.607
41.41,1.95,174.34,0.0,210.373
17.91,1.56,128.06,0.0,45.0472
17.46,1.11,117.07,0.0,0.0
16.21,1.26,114.24,0.0,0.0
14.1,0.61,112.66,0.0,0.0
14.83,0.39,0.0,0.0,0.0
16.21,0.39,0.0,0.0,0.0
11.88,0.0,0.0,0.0,0.0
9.48,0.0,0.0,0.0,0.0
9.2,0.0,0.0,0.0,0.0
8.87,0.0,0.0,0.0,0.0
8.3,0.0,0.0,0.0,0.0
8.1,0.0,0.0,0.0,0.0
15.52,0.54,111.45,0.0,0.0
18.85,0.85,115.48,0.0,37.7634
21.92,1.16,134.96,0.0,159.659
27.01,1.62,150.12,0.0,305.442
24.77,1.47,146.33,0.0,299.438
29.85,1.78,144.63,0.0,317.492
20.38,1.55,139.94,0.0,274.838
18.49,1.47,137.19,0.0,193.935
17.94,1.16,139.03,0.0,279.386
16.3,1.01,130.61,0.0,279.567
15.47,1.08,123.46,0.0,163.58700000000002
12.57,0.54,119.95,0.0,72.4342
9.83,0.54,0.0,0.0,11.6063
8.13,0.0,0.0,0.0,0.0
7.65,0.0,0.0,0.0,0.0
9.31,0.0,0.0,0.0,0.0
8.77,0.0,0.0,0.0,0.0
9.21,0.0,0.0,0.0,0.0
9.36,0.0,0.0,0.0,0.0
8.51,0.0,0.0,0.0,0.0
8.49,0.0,0.0,0.0,0.0
8.52,0.0,0.0,0.0,0.0
8.58,0.0,0.0,0.0,0.0
8.75,0.0,0.0,0.0,0.0
10.29,0.31,0.0,0.0,0.0
11.67,0.31,0.0,0.0,4.76695
11.82,0.31,0.0,0.0,12.5909
10.29,0.31,0.0,0.0,25.048
9.78,0.31,0.0,0.0,49.3231
10.92,0.47,0.0,0.0,53.5756
11.15,0.47,0.0,0.0,67.5691
12.36,0.7,0.0,0.0,115.731
13.34,0.47,43.66,0.0,417.8
12.4,0.31,87.23,0.0,551.044
12.12,0.31,95.66,0.0,238.43400000000003
11.68,0.31,24.2,0.0,82.3047
9.68,0.0,0.0,0.0,18.2215
9.71,0.0,0.0,0.0,0.0
10.74,0.0,0.0,0.0,0.0
11.37,0.0,0.0,0.0,0.0
10.27,0.0,0.0,0.0,0.0
9.5,0.0,0.0,0.0,0.0
9.36,0.0,0.0,0.0,0.0
11.76,0.0,0.0,0.0,0.0
11.94,0.0,0.0,0.0,0.0
13.25,0.0,0.0,0.0,0.0
11.63,0.0,0.0,0.0,0.0
11.97,0.0,0.0,0.0,0.0
15.43,0.54,164.24,0.0,0.0
28.34,1.48,142.52,0.0,35.1185
55.17,2.72,185.65,0.0,156.583
46.68,2.95,175.32,0.0,202.636
51.16,3.03,186.23,0.0,322.67900000000003
55.81,3.65,200.13,0.0,400.453
50.35,4.37,191.8,0.0,302.96
56.77,4.07,193.85,0.0,195.313
52.44,2.56,206.49,0.0,459.194
49.0,2.5,213.04,0.0,460.457
47.85,3.32,200.73,0.0,216.05
36.51,1.96,168.3,0.0,11.5732
19.06,1.57,135.7,0.0,0.0
17.82,1.11,132.88,0.0,0.0
16.76,1.26,133.14,0.0,0.0
14.05,0.61,133.36,0.0,0.0
13.9,0.39,0.0,0.0,0.0
15.68,0.39,0.0,0.0,0.0
12.71,0.0,0.0,0.0,0.0
13.24,0.0,0.0,0.0,0.0
12.07,0.0,0.0,0.0,0.0
10.91,0.0,0.0,0.0,0.0
12.4,0.0,0.0,0.0,0.0
12.79,0.0,0.0,0.0,0.0
15.49,0.55,149.1,0.0,0.0
27.72,1.48,139.74,0.0,35.1562
62.97,2.73,191.91,0.0,162.813
52.18,2.96,198.66,0.0,285.891
48.47,3.04,215.91,0.0,526.7919999999999
50.73,3.66,221.12,0.0,617.941
52.8,4.36,222.01,0.0,693.664
52.11,4.08,236.68,0.0,697.2260000000001
50.42,2.57,237.2,0.0,655.5039999999999
55.04,2.49,242.06,0.0,555.439
52.02,3.33,244.25,0.0,417.003
38.65,1.95,199.56,0.0,236.798
18.02,1.61,144.04,0.0,46.8647
16.1,1.14,129.75,0.0,0.0
14.67,1.29,126.19,0.0,0.0
15.16,0.62,129.34,0.0,0.0
16.58,0.39,0.0,0.0,0.0
18.16,0.39,0.0,0.0,0.0
14.51,0.0,0.0,0.0,0.0
15.01,0.0,0.0,0.0,0.0
15.39,0.0,0.0,0.0,0.0
14.76,0.0,0.0,0.0,0.0
13.69,0.0,0.0,0.0,0.0
13.41,0.0,0.0,0.0,0.0
17.36,0.55,144.03,0.0,0.0
31.01,1.48,138.58,0.0,34.2066
70.28,2.73,201.54,0.0,177.18900000000002
60.44,2.97,214.34,0.0,367.851
55.14,3.04,220.14,0.0,526.721
55.2,3.67,220.74,0.0,627.6759999999999
52.36,4.37,214.02,0.0,683.7639999999999
49.86,4.09,233.15,0.0,688.618
42.6,2.58,239.18,0.0,649.125
43.19,2.49,242.14,0.0,566.693
49.96,3.34,242.59,0.0,424.659
44.02,1.96,203.0,0.0,232.634
21.14,1.61,150.2,0.0,44.4202
16.05,1.15,135.19,0.0,0.0
14.67,1.3,133.87,0.0,0.0
14.78,0.62,126.91,0.0,0.0
15.06,0.39,0.0,0.0,0.0
15.64,0.39,0.0,0.0,0.0
11.98,0.0,0.0,0.0,0.0
11.41,0.0,0.0,0.0,0.0
13.17,0.0,0.0,0.0,0.0
12.44,0.0,0.0,0.0,0.0
12.07,0.0,0.0,0.0,0.0
12.81,0.0,0.0,0.0,0.0
17.53,0.55,111.16,0.0,0.0
27.1,1.49,100.38,0.0,20.9472
62.25,2.74,118.02,0.0,79.0196
46.35,2.97,118.0,0.0,134.47299999999998
41.54,3.05,122.87,0.0,191.647
40.16,3.68,140.01,0.0,395.105
43.69,4.39,153.3,0.0,731.6310000000001
42.02,4.1,169.67,0.0,735.7189999999999
47.22,2.59,182.29,0.0,698.9939999999999
50.29,2.5,194.58,0.0,600.552
52.49,3.35,193.63,0.0,442.112
37.57,1.97,149.88,0.0,222.548
18.21,1.62,108.41,0.0,39.1998
17.34,1.15,101.79,0.0,0.0
15.13,1.3,99.45,0.0,0.0
12.75,0.62,94.04,0.0,0.0
12.99,0.39,0.0,0.0,0.0
15.06,0.39,0.0,0.0,0.0
10.71,0.0,0.0,0.0,0.0
12.88,0.0,0.0,0.0,0.0
12.64,0.0,0.0,0.0,0.0
12.45,0.0,0.0,0.0,0.0
11.25,0.0,0.0,0.0,0.0
10.75,0.0,0.0,0.0,0.0
12.71,0.55,53.73,0.0,0.0
23.44,1.49,52.1,0.0,38.4858
48.56,2.75,63.49,0.0,199.141
42.43,2.98,73.87,0.0,412.662
37.94,3.06,89.16,0.0,586.569
41.56,3.69,110.68,0.0,682.9680000000001
49.03,4.39,119.35,0.0,747.966
45.14,4.11,137.94,0.0,758.307
46.14,2.59,148.52,0.0,712.299
47.11,2.51,155.55,0.0,616.97
44.5,3.36,152.51,0.0,458.552
40.62,1.97,109.48,0.0,250.29
18.57,1.61,82.92,0.0,43.5744
15.76,1.14,76.67,0.0,0.0
14.16,1.29,77.27,0.0,0.0
13.09,0.62,72.79,0.0,0.0
13.64,0.39,0.0,0.0,0.0
14.51,0.39,0.0,0.0,0.0
11.54,0.0,0.0,0.0,0.0
9.08,0.0,0.0,0.0,0.0
8.57,0.0,0.0,0.0,0.0
8.56,0.0,0.0,0.0,0.0
9.5,0.0,0.0,0.0,0.0
9.09,0.0,0.0,0.0,0.0
14.38,0.55,49.24,0.0,0.0
17.76,0.87,47.93,0.0,16.4872
21.18,1.18,50.74,0.0,27.249
24.67,1.65,52.17,0.0,73.6759
22.24,1.49,52.82,0.0,126.577
23.75,1.81,55.99,0.0,173.217
19.32,1.57,58.93,0.0,198.389
19.04,1.49,63.83,0.0,181.118
15.85,1.18,69.16,0.0,210.753
13.1,1.02,70.03,0.0,129.857
14.76,1.1,67.25,0.0,65.4362
13.59,0.55,64.44,0.0,75.044
11.92,0.55,0.0,0.0,36.4577
9.43,0.0,0.0,0.0,0.0
8.57,0.0,0.0,0.0,0.0
9.57,0.0,0.0,0.0,0.0
10.44,0.0,0.0,0.0,0.0
11.31,0.0,0.0,0.0,0.0
11.6,0.0,0.0,0.0,0.0
11.6,0.0,0.0,0.0,0.0
11.17,0.0,0.0,0.0,0.0
10.23,0.0,0.0,0.0,0.0
9.49,0.0,0.0,0.0,0.0
8.51,0.0,0.0,0.0,0.0
11.54,0.32,0.0,0.0,0.0
10.62,0.32,0.0,0.0,0.919479
11.17,0.32,0.0,0.0,35.1048
10.56,0.32,0.0,0.0,81.2691
11.11,0.32,0.0,0.0,128.665
10.1,0.47,0.0,0.0,172.545
9.84,0.47,0.0,0.0,221.979
9.65,0.71,0.0,0.0,316.034
11.08,0.47,0.0,0.0,318.156
11.37,0.32,0.0,0.0,257.35400000000004
10.58,0.32,0.0,0.0,181.141
11.02,0.32,0.0,0.0,144.72
9.03,0.0,0.0,0.0,40.1348
7.99,0.0,0.0,0.0,0.0
7.56,0.0,0.0,0.0,0.0
8.07,0.0,0.0,0.0,0.0
8.04,0.0,0.0,0.0,0.0
7.65,0.0,0.0,0.0,0.0
8.69,0.0,0.0,0.0,0.0
11.68,0.0,0.0,0.0,0.0
12.03,0.0,0.0,0.0,0.0
10.92,0.0,0.0,0.0,0.0
10.17,0.0,0.0,0.0,0.0
10.37,0.0,0.0,0.0,0.0
14.68,0.55,47.8,0.0,0.0
25.72,1.5,57.47,0.0,0.0
49.96,2.77,77.56,0.0,116.045
44.38,3.0,81.57,0.0,247.662
49.02,3.08,84.96,0.0,355.97900000000004
53.37,3.71,90.99,0.0,312.039
56.79,4.43,107.22,0.0,639.91
53.14,4.14,124.51,0.0,655.41
49.9,2.62,126.39,0.0,477.544
48.13,2.52,137.44,0.0,534.617
49.07,3.38,140.77,0.0,379.651
37.9,1.98,125.1,0.0,225.562
20.57,1.63,103.33,0.0,29.5468
17.84,1.16,98.5,0.0,0.0
15.63,1.31,95.49,0.0,0.0
15.07,0.63,92.36,0.0,0.0
15.59,0.4,0.0,0.0,0.0
16.52,0.4,0.0,0.0,0.0
14.03,0.0,0.0,0.0,0.0
13.36,0.0,0.0,0.0,0.0
14.01,0.0,0.0,0.0,0.0
14.81,0.0,0.0,0.0,0.0
15.46,0.0,0.0,0.0,0.0
14.89,0.0,0.0,0.0,0.0
19.16,0.55,101.05,0.0,0.0
33.26,1.51,101.76,0.0,0.0
67.43,2.77,120.31,0.0,177.384
56.84,3.01,141.54,0.0,366.47
54.09,3.09,157.41,0.0,519.617
54.27,3.72,163.65,0.0,618.823
48.52,4.43,161.04,0.0,671.444
47.22,4.15,172.76,0.0,687.585
45.3,2.61,186.0,0.0,644.75
40.71,2.55,197.56,0.0,550.528
49.92,3.38,200.45,0.0,407.193
36.29,2.0,165.01,0.0,217.742
17.59,1.59,121.66,0.0,31.2971
15.37,1.18,113.33,0.0,0.0
16.04,1.34,110.83,0.0,0.0
14.51,0.63,108.35,0.0,0.0
16.43,0.4,0.0,0.0,0.0
16.98,0.4,0.0,0.0,0.0
13.17,0.0,0.0,0.0,0.0
12.32,0.0,0.0,0.0,0.0
13.49,0.0,0.0,0.0,0.0
13.56,0.0,0.0,0.0,0.0
14.03,0.0,0.0,0.0,0.0
15.16,0.0,0.0,0.0,0.0
19.08,0.56,110.29,0.0,0.0
31.12,1.51,113.88,0.0,0.0
63.18,2.78,147.66,0.0,172.61
47.26,3.02,173.9,0.0,361.547
41.26,3.1,188.47,0.0,508.6230000000001
44.12,3.73,196.21,0.0,618.688
47.29,4.45,197.87,0.0,673.279
46.09,4.17,203.39,0.0,684.735
47.9,2.61,204.52,0.0,641.414
52.31,2.55,211.62,0.0,554.827
55.04,3.39,214.49,0.0,410.645
42.51,2.0,176.96,0.0,214.359
22.3,1.6,127.14,0.0,30.134
19.07,1.13,116.84,0.0,0.0
19.51,1.29,117.12,0.0,0.0
18.06,0.62,115.03,0.0,0.0
19.16,0.4,0.0,0.0,0.0
19.16,0.4,0.0,0.0,0.0
15.46,0.0,0.0,0.0,0.0
15.13,0.0,0.0,0.0,0.0
14.45,0.0,0.0,0.0,0.0
13.49,0.0,0.0,0.0,0.0
13.26,0.0,0.0,0.0,0.0
12.72,0.0,0.0,0.0,0.0
16.83,0.56,100.38,0.0,0.0
30.5,1.51,106.03,0.0,0.0
65.96,2.79,146.8,0.0,171.422
54.03,3.03,169.69,0.0,338.149
47.31,3.1,180.44,0.0,447.385
49.99,3.74,186.53,0.0,598.085
45.98,4.43,181.12,0.0,570.008
44.18,4.17,192.16,0.0,549.3530000000001
44.93,2.63,184.59,0.0,469.332
42.47,2.54,177.7,0.0,428.094
45.37,3.4,169.88,0.0,275.902
36.97,2.0,133.98,0.0,182.332
20.46,1.65,104.05,0.0,15.8975
18.6,1.16,103.65,0.0,0.0
18.24,1.32,107.44,0.0,0.0
17.39,0.63,105.66,0.0,0.0
17.4,0.4,0.0,0.0,0.0
15.36,0.4,0.0,0.0,0.0
11.16,0.0,0.0,0.0,0.0
10.38,0.0,0.0,0.0,0.0
10.05,0.0,0.0,0.0,0.0
11.47,0.0,0.0,0.0,0.0
12.14,0.0,0.0,0.0,0.0
11.9,0.0,0.0,0.0,0.0
16.37,0.56,116.3,0.0,0.0
26.36,1.52,116.12,0.0,0.0
52.24,2.79,148.41,0.0,173.544
44.61,3.03,171.6,0.0,368.587
41.55,3.11,179.61,0.0,506.182
42.29,3.75,183.19,0.0,535.556
41.47,4.46,175.96,0.0,562.633
42.66,4.19,178.63,0.0,542.119
45.62,2.63,176.91,0.0,448.846
42.59,2.56,181.94,0.0,366.196
52.5,3.4,194.79,0.0,351.46
40.75,2.02,168.4,0.0,204.022
21.15,1.64,118.02,0.0,20.6343
17.21,1.18,106.75,0.0,0.0
15.76,1.33,105.23,0.0,0.0
13.39,0.63,107.06,0.0,0.0
15.98,0.4,0.0,0.0,0.0
15.35,0.4,0.0,0.0,0.0
12.92,0.0,0.0,0.0,0.0
8.99,0.0,0.0,0.0,0.0
8.77,0.0,0.0,0.0,0.0
9.04,0.0,0.0,0.0,0.0
9.04,0.0,0.0,0.0,0.0
9.06,0.0,0.0,0.0,0.0
10.28,0.32,0.0,0.0,0.0
11.73,0.32,0.0,0.0,0.0
10.33,0.32,65.85,0.0,179.197
11.15,0.32,73.97,0.0,326.522
11.61,0.32,0.0,0.0,249.632
11.33,0.48,0.0,0.0,279.274
11.95,0.48,35.98,0.0,331.464
11.38,0.72,35.9,0.0,373.622
12.82,0.48,86.42,0.0,599.086
12.03,0.32,76.98,0.0,581.755
10.51,0.32,67.55,0.0,418.069
10.63,0.32,84.02,0.0,218.838
9.94,0.0,35.66,0.0,21.3193
10.18,0.0,0.0,0.0,0.0
10.96,0.0,0.0,0.0,0.0
10.06,0.0,0.0,0.0,0.0
9.37,0.0,0.0,0.0,0.0
9.24,0.0,0.0,0.0,0.0
8.77,0.0,0.0,0.0,0.0
10.03,0.0,0.0,0.0,0.0
10.66,0.0,0.0,0.0,0.0
9.89,0.0,0.0,0.0,0.0
8.64,0.0,0.0,0.0,0.0
8.51,0.0,0.0,0.0,0.0
9.8,0.32,0.0,0.0,0.0
9.57,0.32,0.0,0.0,0.0
9.69,0.32,29.95,0.0,189.643
9.94,0.32,50.57,0.0,401.578
9.49,0.32,56.35,0.0,561.076
10.3,0.48,59.87,0.0,660.7660000000001
11.2,0.48,62.98,0.0,732.118
11.78,0.72,64.94,0.0,726.253
12.18,0.48,64.57,0.0,686.168
11.28,0.32,65.17,0.0,590.485
12.09,0.32,63.01,0.0,408.911
12.37,0.32,59.27,0.0,219.239
8.67,0.0,21.17,0.0,21.9122
8.22,0.0,0.0,0.0,0.0
9.44,0.0,0.0,0.0,0.0
9.06,0.0,0.0,0.0,0.0
9.38,0.0,0.0,0.0,0.0
9.05,0.0,0.0,0.0,0.0
10.05,0.0,0.0,0.0,0.0
11.63,0.0,0.0,0.0,0.0
11.64,0.0,0.0,0.0,0.0
12.22,0.0,0.0,0.0,0.0
11.47,0.0,0.0,0.0,0.0
11.81,0.0,0.0,0.0,0.0
15.86,0.56,49.13,0.0,0.0
25.58,1.53,72.25,0.0,0.0
60.04,2.81,95.61,0.0,186.476
55.51,3.06,114.9,0.0,388.174
50.16,3.14,132.63,0.0,545.776
47.29,3.78,143.53,0.0,651.018
53.85,4.51,131.77,0.0,711.393
55.02,4.22,143.2,0.0,708.0189999999999
50.73,2.65,155.25,0.0,654.256
54.08,2.58,162.59,0.0,568.137
51.67,3.44,164.0,0.0,415.052
42.3,2.03,125.55,0.0,211.232
19.24,1.62,97.86,0.0,18.5985
18.03,1.2,92.67,0.0,0.0
18.81,1.36,90.35,0.0,0.0
16.69,0.64,88.76,0.0,0.0
14.48,0.4,0.0,0.0,0.0
13.07,0.4,0.0,0.0,0.0
12.39,0.0,0.0,0.0,0.0
11.65,0.0,0.0,0.0,0.0
10.99,0.0,0.0,0.0,0.0
12.91,0.0,0.0,0.0,0.0
12.57,0.0,0.0,0.0,0.0
11.64,0.0,0.0,0.0,0.0
13.53,0.56,98.95,0.0,0.0
25.09,1.53,101.02,0.0,0.0
60.0,2.82,114.72,0.0,117.318
47.1,3.06,121.39,0.0,133.815
48.69,3.14,137.58,0.0,174.07299999999998
46.81,3.79,168.17,0.0,391.968
48.29,4.5,189.94,0.0,631.651
48.56,4.23,200.28,0.0,681.193
49.73,2.66,209.18,0.0,632.145
49.47,2.58,219.17,0.0,541.759
51.9,3.44,222.91,0.0,394.814
44.72,2.03,187.53,0.0,198.769
19.98,1.67,137.3,0.0,17.9032
19.13,1.18,127.57,0.0,0.0
17.36,1.33,124.73,0.0,0.0
16.92,0.64,110.18,0.0,0.0
17.57,0.4,0.0,0.0,0.0
15.75,0.4,0.0,0.0,0.0
11.19,0.0,0.0,0.0,0.0
13.19,0.0,0.0,0.0,0.0
12.64,0.0,0.0,0.0,0.0
11.5,0.0,0.0,0.0,0.0
12.36,0.0,0.0,0.0,0.0
13.16,0.0,0.0,0.0,0.0
15.54,0.57,33.12,0.0,0.0
26.58,1.54,57.77,0.0,0.0
57.28,2.83,91.36,0.0,185.221
53.11,3.07,106.04,0.0,385.944
48.64,3.15,128.65,0.0,547.237
45.2,3.8,144.33,0.0,661.285
50.83,4.5,132.7,0.0,711.19
46.16,4.24,137.05,0.0,712.59
43.28,2.68,143.59,0.0,664.1669999999999
45.39,2.58,150.63,0.0,569.168
50.37,3.46,154.66,0.0,408.064
38.7,2.04,118.8,0.0,206.228
20.2,1.64,89.14,0.0,18.7119
16.92,1.16,84.78,0.0,0.0
16.24,1.31,84.23,0.0,0.0
16.42,0.63,80.14,0.0,0.0
15.11,0.4,0.0,0.0,0.0
14.39,0.4,0.0,0.0,0.0
13.0,0.0,0.0,0.0,0.0
11.3,0.0,0.0,0.0,0.0
12.46,0.0,0.0,0.0,0.0
13.38,0.0,0.0,0.0,0.0
14.09,0.0,0.0,0.0,0.0
14.8,0.0,0.0,0.0,0.0
17.79,0.57,38.57,0.0,0.0
27.35,1.54,46.62,0.0,0.0
58.2,2.84,86.93,0.0,179.287
43.41,3.08,113.7,0.0,360.537
45.38,3.16,135.69,0.0,504.326
42.92,3.81,146.22,0.0,631.2909999999999
44.05,4.5,145.19,0.0,686.46
46.2,4.25,157.9,0.0,696.47
45.64,2.67,163.69,0.0,650.711
41.49,2.6,168.13,0.0,560.035
52.08,3.46,207.39,0.0,404.892
44.73,2.05,126.94,0.0,203.389
23.44,1.63,90.11,0.0,16.9276
20.54,1.21,87.74,0.0,0.0
19.79,1.37,86.24,0.0,0.0
16.62,0.65,83.63,0.0,0.0
15.51,0.41,0.0,0.0,0.0
13.95,0.41,0.0,0.0,0.0
11.39,0.0,0.0,0.0,0.0
12.31,0.0,0.0,0.0,0.0
13.61,0.0,0.0,0.0,0.0
14.42,0.0,0.0,0.0,0.0
14.85,0.0,0.0,0.0,0.0
15.46,0.0,0.0,0.0,0.0
19.16,0.57,71.52,0.0,0.0
32.17,1.54,75.65,0.0,0.0
70.91,2.84,104.96,0.0,178.324
59.25,3.09,128.18,0.0,378.242
57.76,3.17,143.98,0.0,524.981
59.63,3.82,147.42,0.0,587.689
56.55,4.53,139.46,0.0,669.018
53.28,4.26,158.18,0.0,686.79
44.23,2.69,171.17,0.0,616.112
42.32,2.59,181.1,0.0,508.104
53.17,3.48,186.14,0.0,390.7
39.37,2.05,143.42,0.0,198.725
20.29,1.65,105.8,0.0,15.5425
17.32,1.17,100.41,0.0,0.0
15.7,1.32,97.59,0.0,0.0
15.3,0.63,94.5,0.0,0.0
17.13,0.41,0.0,0.0,0.0
16.43,0.41,0.0,0.0,0.0
14.33,0.0,0.0,0.0,0.0
10.36,0.0,0.0,0.0,0.0
9.06,0.0,0.0,0.0,0.0
9.41,0.0,0.0,0.0,0.0
10.0,0.0,0.0,0.0,0.0
10.69,0.0,0.0,0.0,0.0
16.27,0.57,47.56,0.0,0.0
22.54,0.9,47.16,0.0,0.0
24.69,1.22,51.33,0.0,171.96599999999998
28.12,1.71,61.77,0.0,315.69
27.23,1.55,67.26,0.0,444.64
30.81,1.87,73.84,0.0,553.734
21.08,1.63,75.51,0.0,617.803
19.3,1.55,79.47,0.0,639.169
17.74,1.22,83.54,0.0,569.991
17.45,1.06,80.76,0.0,448.595
18.44,1.14,72.83,0.0,297.418
15.8,0.57,64.16,0.0,144.624
13.27,0.57,0.0,0.0,8.94892
11.6,0.0,0.0,0.0,0.0
11.6,0.0,0.0,0.0,0.0
10.77,0.0,0.0,0.0,0.0
10.73,0.0,0.0,0.0,0.0
10.72,0.0,0.0,0.0,0.0
11.28,0.0,0.0,0.0,0.0
10.86,0.0,0.0,0.0,0.0
10.21,0.0,0.0,0.0,0.0
9.49,0.0,0.0,0.0,0.0
8.61,0.0,0.0,0.0,0.0
8.28,0.0,0.0,0.0,0.0
10.36,0.33,0.0,0.0,0.0
10.53,0.33,0.0,0.0,0.0
9.79,0.33,1.22,0.0,186.258
9.38,0.33,20.74,0.0,401.458
11.37,0.33,23.34,0.0,576.328
11.28,0.49,27.76,0.0,685.564
10.92,0.49,43.06,0.0,758.314
11.94,0.73,40.08,0.0,753.1089999999999
13.15,0.49,37.78,0.0,694.715
12.26,0.33,49.52,0.0,584.284
11.01,0.33,42.81,0.0,428.795
10.64,0.33,34.59,0.0,209.527
10.03,0.0,13.65,0.0,16.3266
9.53,0.0,0.0,0.0,0.0
9.6,0.0,0.0,0.0,0.0
10.44,0.0,0.0,0.0,0.0
9.86,0.0,0.0,0.0,0.0
9.77,0.0,0.0,0.0,0.0
9.7,0.0,0.0,0.0,0.0
13.64,0.0,0.0,0.0,0.0
13.81,0.0,0.0,0.0,0.0
13.61,0.0,0.0,0.0,0.0
14.11,0.0,0.0,0.0,0.0
13.5,0.0,0.0,0.0,0.0
14.54,0.57,37.13,0.0,0.0
27.44,1.56,42.78,0.0,0.0
61.33,2.86,57.11,0.0,182.443
54.66,3.11,72.58,0.0,390.538
47.32,3.19,91.85,0.0,554.153
54.78,3.85,105.58,0.0,669.324
51.73,4.58,109.38,0.0,731.951
49.8,4.29,117.16,0.0,741.6089999999999
44.36,2.71,123.47,0.0,689.3430000000001
50.84,2.62,119.69,0.0,577.775
49.91,3.5,114.51,0.0,417.705
37.57,2.06,89.65,0.0,200.51
16.56,1.68,77.88,0.0,14.5664
16.23,1.18,80.66,0.0,0.0
17.29,1.34,78.07,0.0,0.0
16.2,0.64,76.32,0.0,0.0
14.18,0.41,0.0,0.0,0.0
15.89,0.41,0.0,0.0,0.0
12.74,0.0,0.0,0.0,0.0
11.36,0.0,0.0,0.0,0.0
10.94,0.0,0.0,0.0,0.0
11.38,0.0,0.0,0.0,0.0
13.12,0.0,0.0,0.0,0.0
13.03,0.0,0.0,0.0,0.0
15.71,0.57,56.17,0.0,0.0
29.36,1.56,60.55,0.0,0.0
59.51,2.87,84.49,0.0,174.80200000000002
46.77,3.12,104.86,0.0,375.601
40.89,3.2,127.31,0.0,539.976
44.24,3.86,146.8,0.0,652.271
47.13,4.56,149.95,0.0,663.5110000000001
47.09,4.31,151.18,0.0,452.65
43.51,2.71,146.44,0.0,496.924
46.06,2.63,136.19,0.0,229.198
47.09,3.5,136.21,0.0,182.679
33.44,2.07,117.99,0.0,151.57
16.7,1.7,104.44,0.0,12.4947
15.93,1.2,99.56,0.0,0.0
16.01,1.35,95.84,0.0,0.0
14.14,0.65,93.45,0.0,0.0
15.49,0.41,0.0,0.0,0.0
14.87,0.41,0.0,0.0,0.0
11.04,0.0,0.0,0.0,0.0
11.07,0.0,0.0,0.0,0.0
12.22,0.0,0.0,0.0,0.0
11.99,0.0,0.0,0.0,0.0
12.61,0.0,0.0,0.0,0.0
13.9,0.0,0.0,0.0,0.0
16.44,0.58,89.06,0.0,0.0
29.35,1.56,86.07,0.0,0.0
60.82,2.88,100.55,0.0,169.753
50.31,3.13,120.19,0.0,367.582
49.28,3.21,142.46,0.0,532.991
52.54,3.87,159.08,0.0,615.425
48.62,4.57,158.84,0.0,561.453
54.18,4.32,167.81,0.0,485.486
54.91,2.71,174.0,0.0,590.567
56.92,2.64,176.75,0.0,516.289
61.64,3.51,173.67,0.0,394.734
48.93,2.08,137.81,0.0,181.145
23.0,1.7,112.0,0.0,10.8101
19.95,1.2,108.62,0.0,0.0
19.16,1.36,105.96,0.0,0.0
16.89,0.65,103.28,0.0,0.0
15.91,0.41,0.0,0.0,0.0
15.28,0.41,0.0,0.0,0.0
13.78,0.0,0.0,0.0,0.0
12.98,0.0,0.0,0.0,0.0
13.25,0.0,0.0,0.0,0.0
13.07,0.0,0.0,0.0,0.0
12.87,0.0,0.0,0.0,0.0
13.12,0.0,0.0,0.0,0.0
15.96,0.58,104.05,0.0,0.0
28.54,1.57,99.42,0.0,0.0
60.09,2.89,106.94,0.0,115.739
44.79,3.13,117.27,0.0,260.683
45.54,3.22,141.6,0.0,379.88
50.06,3.88,161.91,0.0,400.386
46.98,4.58,172.78,0.0,490.701
54.66,4.33,184.19,0.0,524.87
55.49,2.72,177.17,0.0,407.946
56.92,2.65,174.71,0.0,288.105
61.64,3.52,173.09,0.0,227.651
48.93,2.08,141.67,0.0,40.5042
23.81,1.7,121.55,0.0,0.0
20.77,1.2,120.74,0.0,0.0
20.77,1.35,119.02,0.0,0.0
19.16,0.65,117.78,0.0,0.0
18.29,0.41,0.0,0.0,0.0
16.5,0.41,0.0,0.0,0.0
12.9,0.0,0.0,0.0,0.0
12.67,0.0,0.0,0.0,0.0
11.21,0.0,0.0,0.0,0.0
12.54,0.0,0.0,0.0,0.0
12.14,0.0,0.0,0.0,0.0
12.69,0.0,0.0,0.0,0.0
14.81,0.58,122.56,0.0,0.0
27.1,1.57,116.44,0.0,0.0
56.27,2.89,132.18,0.0,135.845
48.4,3.14,152.82,0.0,305.887
41.21,3.22,166.84,0.0,382.011
39.74,3.89,180.91,0.0,506.204
43.23,4.59,176.89,0.0,497.55300000000005
46.23,4.34,189.03,0.0,477.853
39.98,2.73,185.65,0.0,398.469
44.21,2.65,179.21,0.0,308.007
47.48,3.54,168.76,0.0,134.261
39.16,2.09,142.52,0.0,41.1351
19.6,1.69,121.67,0.0,0.0
15.16,1.19,118.7,0.0,0.0
15.69,1.35,116.04,0.0,0.0
13.92,0.64,113.99,0.0,0.0
13.28,0.41,0.0,0.0,0.0
14.35,0.41,0.0,0.0,0.0
10.68,0.0,0.0,0.0,0.0
7.76,0.0,0.0,0.0,0.0
9.06,0.0,0.0,0.0,0.0
8.26,0.0,0.0,0.0,0.0
9.75,0.0,0.0,0.0,0.0
8.66,0.0,0.0,0.0,0.0
13.9,0.58,128.13,0.0,0.0
21.41,0.91,125.16,0.0,0.0
23.54,1.24,122.93,0.0,54.3169
26.26,1.74,125.24,0.0,143.971
23.5,1.58,129.91,0.0,266.064
24.24,1.91,137.12,0.0,311.654
20.77,1.66,134.52,0.0,253.962
16.07,1.58,133.97,0.0,313.928
15.18,1.24,131.99,0.0,190.61900000000003
14.5,1.08,125.75,0.0,149.726
16.17,1.16,122.05,0.0,62.5513
15.02,0.58,121.52,0.0,3.69311
12.45,0.58,0.0,0.0,0.0
10.79,0.0,0.0,0.0,0.0
11.52,0.0,0.0,0.0,0.0
11.35,0.0,0.0,0.0,0.0
11.01,0.0,0.0,0.0,0.0
9.72,0.0,0.0,0.0,0.0
9.29,0.0,0.0,0.0,0.0
10.28,0.0,0.0,0.0,0.0
11.04,0.0,0.0,0.0,0.0
11.01,0.0,0.0,0.0,0.0
11.6,0.0,0.0,0.0,0.0
11.13,0.0,0.0,0.0,0.0
12.2,0.33,0.0,0.0,0.0
12.97,0.33,0.0,0.0,0.0
12.42,0.33,0.0,0.0,0.0
13.1,0.33,0.0,0.0,35.12
13.34,0.33,0.0,0.0,42.2776
14.37,0.5,0.0,0.0,51.8969
14.37,0.5,0.0,0.0,100.304
13.45,0.75,0.0,0.0,73.5495
13.79,0.5,0.0,0.0,84.87700000000001
13.55,0.33,0.0,0.0,124.448
13.63,0.33,0.0,0.0,59.8364
13.01,0.33,0.0,0.0,13.3709
10.06,0.0,0.0,0.0,0.0
9.58,0.0,0.0,0.0,0.0
10.19,0.0,0.0,0.0,0.0
9.84,0.0,0.0,0.0,0.0
10.71,0.0,0.0,0.0,0.0
10.21,0.0,0.0,0.0,0.0
10.45,0.0,0.0,0.0,0.0
12.53,0.0,0.0,0.0,0.0
13.69,0.0,0.0,0.0,0.0
14.13,0.0,0.0,0.0,0.0
14.02,0.0,0.0,0.0,0.0
14.91,0.0,0.0,0.0,0.0
18.42,0.58,125.53,0.0,0.0
28.75,1.58,116.73,0.0,0.0
53.33,2.92,118.17,0.0,59.1685
51.87,3.17,118.41,0.0,113.474
44.84,3.25,126.48,0.0,282.879
48.7,3.92,131.3,0.0,170.62599999999998
49.07,4.65,131.41,0.0,203.312
53.3,4.38,137.49,0.0,217.398
48.57,2.76,130.66,0.0,101.502
44.57,2.68,130.33,0.0,29.8082
45.98,3.56,144.15,0.0,269.786
37.69,2.11,129.69,0.0,166.813
20.55,1.71,119.23,0.0,6.0257
18.72,1.22,116.86,0.0,0.0
20.02,1.38,116.11,0.0,0.0
19.16,0.66,114.95,0.0,0.0
17.51,0.42,0.0,0.0,0.0
16.52,0.42,0.0,0.0,0.0
13.18,0.0,0.0,0.0,0.0
11.68,0.0,0.0,0.0,0.0
10.56,0.0,0.0,0.0,0.0
11.24,0.0,0.0,0.0,0.0
11.97,0.0,0.0,0.0,0.0
12.28,0.0,0.0,0.0,0.0
14.08,0.58,116.0,0.0,0.0
25.82,1.59,109.51,0.0,0.0
62.17,2.92,116.24,0.0,103.385
50.5,3.17,112.61,0.0,88.2094
49.93,3.26,113.63,0.0,91.707
54.97,3.93,117.56,0.0,117.763
51.81,4.64,119.22,0.0,171.481
48.95,4.38,124.87,0.0,178.548
47.68,2.77,124.69,0.0,219.705
49.11,2.67,124.75,0.0,136.637
51.66,3.58,124.39,0.0,61.8775
44.48,2.11,111.73,0.0,113.678
20.32,1.69,100.91,0.0,5.9202
16.43,1.25,96.56,0.0,0.0
17.14,1.41,93.77,0.0,0.0
14.57,0.67,93.5,0.0,0.0
13.56,0.42,0.0,0.0,0.0
13.52,0.42,0.0,0.0,0.0
12.51,0.0,0.0,0.0,0.0
13.11,0.0,0.0,0.0,0.0
13.69,0.0,0.0,0.0,0.0
13.67,0.0,0.0,0.0,0.0
12.95,0.0,0.0,0.0,0.0
13.79,0.0,0.0,0.0,0.0
16.78,0.59,74.68,0.0,0.0
25.67,1.59,76.85,0.0,0.0
50.16,2.93,93.53,0.0,168.44099999999997
43.3,3.18,112.8,0.0,367.006
49.35,3.27,134.54,0.0,528.044
47.13,3.94,146.54,0.0,631.337
51.67,4.66,140.82,0.0,698.373
47.74,4.4,152.17,0.0,684.683
43.55,2.77,161.6,0.0,647.366
44.69,2.68,171.13,0.0,540.876
46.22,3.59,172.95,0.0,374.379
42.59,2.12,133.82,0.0,160.548
19.35,1.69,106.39,0.0,0.533165
18.75,1.19,102.49,0.0,0.0
19.82,1.36,99.76,0.0,0.0
17.21,0.67,99.68,0.0,0.0
15.42,0.42,0.0,0.0,0.0
13.63,0.42,0.0,0.0,0.0
13.06,0.0,0.0,0.0,0.0
12.99,0.0,0.0,0.0,0.0
13.33,0.0,0.0,0.0,0.0
14.39,0.0,0.0,0.0,0.0
14.36,0.0,0.0,0.0,0.0
13.67,0.0,0.0,0.0,0.0
16.6,0.59,111.01,0.0,0.0
30.85,1.6,105.26,0.0,0.0
61.8,2.94,121.69,0.0,166.239
56.82,3.19,138.73,0.0,365.74
54.46,3.27,148.41,0.0,525.879
54.24,3.95,154.61,0.0,629.25
55.61,4.67,148.59,0.0,675.0930000000001
60.61,4.41,161.0,0.0,672.4839999999999
54.38,2.77,164.74,0.0,647.805
49.48,2.69,164.17,0.0,546.3919999999999
51.54,3.6,161.31,0.0,383.896
36.35,2.12,117.74,0.0,168.054
20.23,1.71,91.71,0.0,5.71522
17.24,1.2,88.2,0.0,0.0
17.51,1.36,87.48,0.0,0.0
17.52,0.65,86.75,0.0,0.0
18.18,0.42,0.0,0.0,0.0
16.61,0.42,0.0,0.0,0.0
13.65,0.0,0.0,0.0,0.0
14.46,0.0,0.0,0.0,0.0
13.07,0.0,0.0,0.0,0.0
11.7,0.0,0.0,0.0,0.0
13.33,0.0,0.0,0.0,0.0
13.54,0.0,0.0,0.0,0.0
16.99,0.59,80.95,0.0,0.0
31.4,1.6,83.95,0.0,0.0
70.71,2.95,104.21,0.0,160.186
60.44,3.2,127.35,0.0,358.76300000000003
58.02,3.28,141.78,0.0,494.218
60.44,3.95,148.68,0.0,485.462
61.69,4.66,141.17,0.0,519.0840000000001
56.53,4.43,152.09,0.0,514.793
47.77,2.78,151.64,0.0,411.984
46.59,2.71,148.86,0.0,320.494
52.4,3.59,144.92,0.0,220.21
38.43,2.13,115.85,0.0,118.779
17.01,1.74,100.94,0.0,0.0
16.91,1.22,97.55,0.0,0.0
15.83,1.38,95.75,0.0,0.0
16.75,0.66,94.66,0.0,0.0
17.29,0.42,0.0,0.0,0.0
15.62,0.42,0.0,0.0,0.0
13.0,0.0,0.0,0.0,0.0
8.64,0.0,0.0,0.0,0.0
8.5,0.0,0.0,0.0,0.0
8.34,0.0,0.0,0.0,0.0
7.9,0.0,0.0,0.0,0.0
7.48,0.0,0.0,0.0,0.0
13.55,0.59,121.53,0.0,0.0
20.56,0.93,118.42,0.0,0.0
25.17,1.27,116.55,0.0,27.4035
23.89,1.77,122.37,0.0,52.3631
24.09,1.6,129.04,0.0,165.196
27.68,1.94,136.77,0.0,300.631
20.03,1.69,146.44,0.0,275.171
17.06,1.6,152.41,0.0,171.63299999999998
16.62,1.27,153.51,0.0,124.823
13.86,1.1,154.57,0.0,93.598
14.8,1.18,123.42,0.0,154.938
13.53,0.59,102.94,0.0,61.0365
10.8,0.59,0.0,0.0,0.0
9.12,0.0,0.0,0.0,0.0
9.34,0.0,0.0,0.0,0.0
8.84,0.0,0.0,0.0,0.0
9.5,0.0,0.0,0.0,0.0
9.18,0.0,0.0,0.0,0.0
9.27,0.0,0.0,0.0,0.0
8.14,0.0,0.0,0.0,0.0
8.91,0.0,0.0,0.0,0.0
9.49,0.0,0.0,0.0,0.0
9.47,0.0,0.0,0.0,0.0
8.36,0.0,0.0,0.0,0.0
11.33,0.34,0.0,0.0,0.0
12.02,0.34,0.0,0.0,0.0
10.74,0.34,0.0,0.0,8.047410000000001
11.36,0.34,0.0,0.0,66.706
11.14,0.34,0.0,0.0,57.735
12.08,0.51,0.0,0.0,98.1922
10.9,0.51,0.0,0.0,113.51
12.15,0.76,0.0,0.0,104.29
11.55,0.51,0.0,0.0,100.718
12.53,0.34,0.0,0.0,114.205
12.01,0.34,0.0,0.0,124.782
10.6,0.34,0.0,0.0,36.1321
9.68,0.0,0.0,0.0,0.0
9.49,0.0,0.0,0.0,0.0
9.66,0.0,0.0,0.0,0.0
8.95,0.0,0.0,0.0,0.0
8.08,0.0,0.0,0.0,0.0
7.57,0.0,0.0,0.0,0.0
8.93,0.0,0.0,0.0,0.0
10.83,0.0,0.0,0.0,0.0
12.38,0.0,0.0,0.0,0.0
12.09,0.0,0.0,0.0,0.0
10.93,0.0,0.0,0.0,0.0
11.08,0.0,0.0,0.0,0.0
16.09,0.59,117.28,0.0,0.0
25.39,1.61,108.47,0.0,0.0
56.54,2.97,110.42,0.0,155.13
50.79,3.22,107.72,0.0,123.423
53.52,3.31,109.86,0.0,214.895
58.07,3.99,114.59,0.0,189.196
59.37,4.73,118.78,0.0,278.275
62.45,4.46,121.98,0.0,240.844
52.54,2.8,128.32,0.0,327.078
54.21,2.72,145.09,0.0,445.456
58.39,3.63,153.44,0.0,363.598
43.06,2.14,123.43,0.0,151.874
20.88,1.72,106.99,0.0,1.20433
18.78,1.21,102.52,0.0,0.0
16.52,1.38,99.7,0.0,0.0
14.69,0.65,98.43,0.0,0.0
16.64,0.42,0.0,0.0,0.0
15.58,0.42,0.0,0.0,0.0
11.52,0.0,0.0,0.0,0.0
10.96,0.0,0.0,0.0,0.0
10.39,0.0,0.0,0.0,0.0
10.02,0.0,0.0,0.0,0.0
12.66,0.0,0.0,0.0,0.0
13.96,0.0,0.0,0.0,0.0
13.83,0.0,0.0,0.0,0.0
17.63,0.6,101.74,0.0,0.0
27.84,1.62,100.6,0.0,115.999
52.8,2.98,105.43,0.0,104.562
47.96,3.23,105.65,0.0,217.821
51.85,3.32,122.6,0.0,478.4380000000001
54.66,4.0,139.94,0.0,653.029
49.91,4.74,141.15,0.0,665.597
49.93,4.47,149.79,0.0,620.677
49.99,2.81,153.29,0.0,520.452
46.89,2.72,154.67,0.0,363.402
43.57,3.65,138.81,0.0,150.501
34.47,2.15,107.42,0.0,0.327791
16.1,1.72,98.56,0.0,0.0
15.49,1.27,96.13,0.0,0.0
16.91,1.43,94.41,0.0,0.0
13.64,0.68,93.34,0.0,0.0
12.61,0.43,0.0,0.0,0.0
14.99,0.43,0.0,0.0,0.0
13.37,0.0,0.0,0.0,0.0
11.67,0.0,0.0,0.0,0.0
11.92,0.0,0.0,0.0,0.0
11.31,0.0,0.0,0.0,0.0
11.74,0.0,0.0,0.0,0.0
13.07,0.0,0.0,0.0,0.0
16.53,0.6,87.16,0.0,0.0
27.98,1.62,100.38,0.0,150.151
60.79,2.98,134.94,0.0,343.715
55.88,3.24,148.48,0.0,500.18
50.2,3.32,150.52,0.0,616.087
52.74,4.0,154.8,0.0,665.324
47.45,4.73,149.44,0.0,668.927
48.38,4.48,157.14,0.0,620.543
46.93,2.82,158.79,0.0,515.784
46.44,2.74,158.14,0.0,355.32
49.67,3.64,141.5,0.0,146.767
41.98,2.16,106.27,0.0,0.1141819999999999
18.1,1.76,95.76,0.0,0.0
15.78,1.23,92.16,0.0,0.0
14.63,1.39,92.82,0.0,0.0
15.79,0.66,94.03,0.0,0.0
17.4,0.43,0.0,0.0,0.0
15.99,0.43,0.0,0.0,0.0
13.51,0.0,0.0,0.0,0.0
12.77,0.0,0.0,0.0,0.0
13.49,0.0,0.0,0.0,0.0
11.93,0.0,0.0,0.0,0.0
12.74,0.0,0.0,0.0,0.0
13.82,0.0,0.0,0.0,0.0
15.61,0.6,110.48,0.0,0.0
25.43,1.62,122.75,0.0,144.634
61.83,2.99,169.1,0.0,335.915
47.82,3.25,185.37,0.0,491.689
42.14,3.33,191.41,0.0,593.544
46.3,4.0,194.54,0.0,649.1669999999999
53.99,4.74,193.65,0.0,424.476
49.29,4.49,204.03,0.0,507.911
49.37,2.82,205.52,0.0,397.202
47.32,2.74,207.63,0.0,349.311
54.11,3.66,194.15,0.0,138.293
45.84,2.16,157.73,0.0,0.0
21.59,1.73,138.59,0.0,0.0
17.76,1.28,136.47,0.0,0.0
17.76,1.44,135.17,0.0,0.0
14.21,0.68,136.06,0.0,0.0
15.35,0.43,0.0,0.0,0.0
17.0,0.43,0.0,0.0,0.0
11.91,0.0,0.0,0.0,0.0
10.75,0.0,0.0,0.0,0.0
12.29,0.0,0.0,0.0,0.0
11.24,0.0,0.0,0.0,0.0
11.63,0.0,0.0,0.0,0.0
13.14,0.0,0.0,0.0,0.0
17.13,0.6,140.75,0.0,0.0
28.28,1.63,145.88,0.0,140.80200000000002
59.29,3.0,190.84,0.0,328.095
55.14,3.25,196.35,0.0,382.14
47.94,3.34,176.52,0.0,86.3903
50.29,4.02,180.74,0.0,172.88299999999998
45.98,4.74,178.9,0.0,37.4266
49.92,4.51,180.6,0.0,292.439
44.13,2.82,188.85,0.0,284.35
43.69,2.76,202.57,0.0,292.05
48.05,3.66,192.61,0.0,134.59
39.89,2.17,154.18,0.0,0.0
21.38,1.75,135.75,0.0,0.0
17.78,1.23,133.92,0.0,0.0
18.91,1.39,132.48,0.0,0.0
18.15,0.66,128.59,0.0,0.0
18.49,0.43,0.0,0.0,0.0
19.16,0.43,0.0,0.0,0.0
10.54,0.0,0.0,0.0,0.0
10.38,0.0,0.0,0.0,0.0
9.46,0.0,0.0,0.0,0.0
9.22,0.0,0.0,0.0,0.0
10.02,0.0,0.0,0.0,0.0
10.27,0.0,0.0,0.0,0.0
15.27,0.6,139.48,0.0,0.0
19.77,0.94,135.3,0.0,30.8077
25.95,1.29,132.44,0.0,73.6482
28.85,1.8,134.57,0.0,200.707
30.01,1.63,134.7,0.0,132.77100000000002
34.02,1.97,135.36,0.0,161.732
25.23,1.72,134.62,0.0,187.049
22.0,1.63,131.84,0.0,134.29399999999998
19.99,1.29,128.48,0.0,80.5197
18.38,1.12,125.32,0.0,82.1009
18.78,1.2,120.0,0.0,15.0842
16.79,0.6,108.95,0.0,0.0
14.09,0.6,0.0,0.0,0.0
10.9,0.0,0.0,0.0,0.0
10.32,0.0,0.0,0.0,0.0
9.49,0.0,0.0,0.0,0.0
8.85,0.0,0.0,0.0,0.0
9.31,0.0,0.0,0.0,0.0
8.39,0.0,0.0,0.0,0.0
9.06,0.0,0.0,0.0,0.0
8.84,0.0,0.0,0.0,0.0
8.16,0.0,0.0,0.0,0.0
9.34,0.0,0.0,0.0,0.0
9.63,0.0,0.0,0.0,0.0
10.69,0.34,0.0,0.0,0.0
10.01,0.34,0.0,0.0,144.808
10.59,0.34,0.0,0.0,91.2575
10.5,0.34,0.0,0.0,72.0858
10.69,0.34,0.0,0.0,129.865
10.23,0.52,0.0,0.0,147.585
12.16,0.52,0.0,0.0,580.158
12.33,0.77,35.32,0.0,645.316
11.42,0.52,42.43,0.0,541.1759999999999
11.94,0.34,6.42,0.0,367.13
11.92,0.34,10.88,0.0,141.921
10.94,0.34,0.0,0.0,0.0
8.06,0.0,0.0,0.0,0.0
9.0,0.0,0.0,0.0,0.0
9.86,0.0,0.0,0.0,0.0
9.62,0.0,0.0,0.0,0.0
8.38,0.0,0.0,0.0,0.0
9.52,0.0,0.0,0.0,0.0
12.71,0.0,0.0,0.0,0.0
13.58,0.0,0.0,0.0,0.0
13.43,0.0,0.0,0.0,0.0
14.62,0.0,0.0,0.0,0.0
13.17,0.0,0.0,0.0,0.0
11.56,0.0,0.0,0.0,0.0
13.71,0.6,34.8,0.0,0.0
25.69,1.64,35.03,0.0,105.601
55.9,3.02,38.57,0.0,49.2009
48.09,3.28,40.44,0.0,89.8519
48.78,3.36,42.79,0.0,145.785
47.9,4.05,50.26,0.0,246.56
52.36,4.8,59.18,0.0,356.31199999999995
51.86,4.53,75.64,0.0,596.2819999999999
51.72,2.86,86.8,0.0,533.096
49.34,2.77,92.85,0.0,366.507
45.58,3.69,84.82,0.0,138.488
42.04,2.18,77.0,0.0,0.0
20.0,1.78,75.79,0.0,0.0
15.23,1.25,72.89,0.0,0.0
14.05,1.41,56.58,0.0,0.0
14.27,0.67,48.42,0.0,0.0
14.47,0.43,0.0,0.0,0.0
13.41,0.43,0.0,0.0,0.0
11.91,0.0,0.0,0.0,0.0
10.75,0.0,0.0,0.0,0.0
12.02,0.0,0.0,0.0,0.0
11.23,0.0,0.0,0.0,0.0
12.03,0.0,0.0,0.0,0.0
10.8,0.0,0.0,0.0,0.0
15.61,0.61,45.83,0.0,0.0
27.85,1.64,49.65,0.0,102.21
62.57,3.03,55.42,0.0,42.987
48.79,3.29,59.64,0.0,207.793
50.66,3.37,83.21,0.0,627.797
51.44,4.03,97.11,0.0,670.38
46.06,4.81,95.05,0.0,681.778
43.26,4.54,107.09,0.0,611.237
42.21,2.87,113.23,0.0,521.4209999999999
46.22,2.78,104.97,0.0,301.316
49.04,3.7,91.24,0.0,135.08700000000002
39.61,2.19,78.9,0.0,0.0
18.87,1.78,71.1,0.0,0.0
18.3,1.25,68.29,0.0,0.0
18.23,1.41,63.54,0.0,0.0
16.57,0.67,60.84,0.0,0.0
17.41,0.43,0.0,0.0,0.0
16.28,0.43,0.0,0.0,0.0
8.89,0.0,0.0,0.0,0.0
8.85,0.0,0.0,0.0,0.0
10.11,0.0,0.0,0.0,0.0
10.5,0.0,0.0,0.0,0.0
10.75,0.0,0.0,0.0,0.0
9.62,0.0,0.0,0.0,0.0
11.35,0.35,0.0,0.0,0.0
11.47,0.35,0.0,0.0,139.549
10.59,0.35,11.1,0.0,337.48
10.61,0.35,58.63,0.0,496.791
12.13,0.35,74.53,0.0,604.105
12.13,0.52,77.5,0.0,656.801
11.16,0.52,80.32,0.0,667.005
11.8,0.78,79.92,0.0,624.543
13.04,0.52,77.14,0.0,521.72
13.23,0.35,75.77,0.0,352.885
12.89,0.35,40.26,0.0,129.628
11.97,0.35,0.0,0.0,0.0
10.65,0.0,0.0,0.0,0.0
9.66,0.0,0.0,0.0,0.0
8.45,0.0,0.0,0.0,0.0
9.43,0.0,0.0,0.0,0.0
8.84,0.0,0.0,0.0,0.0
9.58,0.0,0.0,0.0,0.0
13.04,0.0,0.0,0.0,0.0
12.87,0.0,0.0,0.0,0.0
12.44,0.0,0.0,0.0,0.0
12.89,0.0,0.0,0.0,0.0
11.54,0.0,0.0,0.0,0.0
10.73,0.0,0.0,0.0,0.0
13.91,0.61,80.81,0.0,0.0
23.11,1.65,53.14,0.0,36.5291
48.29,3.04,57.39,0.0,67.2022
50.4,3.3,60.95,0.0,161.951
47.87,3.39,62.19,0.0,128.334
53.79,4.08,62.65,0.0,131.317
50.99,4.83,64.86,0.0,134.523
56.17,4.56,67.78,0.0,366.231
47.11,2.88,73.57,0.0,527.494
46.07,2.79,74.83,0.0,324.313
50.5,3.72,70.77,0.0,94.1278
40.88,2.2,57.94,0.0,0.0
21.8,1.78,53.79,0.0,0.0
17.84,1.25,58.08,0.0,0.0
16.85,1.42,53.99,0.0,0.0
15.28,0.67,47.1,0.0,0.0
14.7,0.43,0.0,0.0,0.0
14.13,0.43,0.0,0.0,0.0
11.61,0.0,0.0,0.0,0.0
11.38,0.0,0.0,0.0,0.0
12.3,0.0,0.0,0.0,0.0
13.4,0.0,0.0,0.0,0.0
13.99,0.0,0.0,0.0,0.0
12.45,0.0,0.0,0.0,0.0
14.48,0.61,20.32,0.0,0.0
22.51,1.65,27.31,0.0,143.572
54.71,3.05,34.81,0.0,356.84
52.9,3.31,39.63,0.0,529.35
54.58,3.4,46.7,0.0,648.175
52.89,4.06,54.4,0.0,690.748
52.42,4.83,55.83,0.0,698.297
50.72,4.58,61.83,0.0,648.441
47.31,2.88,64.5,0.0,540.2080000000001
46.61,2.8,58.18,0.0,367.306
44.52,3.73,47.31,0.0,134.624
33.16,2.2,39.19,0.0,0.0
18.44,1.77,35.19,0.0,0.0
17.88,1.24,33.34,0.0,0.0
17.26,1.43,32.6,0.0,0.0
15.69,0.7,31.98,0.0,0.0
16.38,0.44,0.0,0.0,0.0
17.33,0.44,0.0,0.0,0.0
9.65,0.0,0.0,0.0,0.0
8.67,0.0,0.0,0.0,0.0
8.89,0.0,0.0,0.0,0.0
8.04,0.0,0.0,0.0,0.0
9.81,0.0,0.0,0.0,0.0
8.54,0.0,0.0,0.0,0.0
12.99,0.61,12.64,0.0,0.0
18.65,0.96,13.59,0.0,133.516
24.82,1.31,18.75,0.0,281.093
23.88,1.83,21.06,0.0,403.9330000000001
22.11,1.66,25.94,0.0,507.155
23.67,2.01,34.6,0.0,584.82
18.08,1.75,39.78,0.0,611.003
17.0,1.66,44.4,0.0,651.019
17.47,1.31,46.48,0.0,552.937
15.86,1.13,42.97,0.0,376.402
17.25,1.22,36.14,0.0,138.267
14.87,0.61,32.29,0.0,0.0
13.84,0.61,0.0,0.0,0.0
9.99,0.0,0.0,0.0,0.0
10.58,0.0,0.0,0.0,0.0
10.57,0.0,0.0,0.0,0.0
10.65,0.0,0.0,0.0,0.0
10.44,0.0,0.0,0.0,0.0
9.66,0.0,0.0,0.0,0.0
9.0,0.0,0.0,0.0,0.0
9.45,0.0,0.0,0.0,0.0
9.16,0.0,0.0,0.0,0.0
8.5,0.0,0.0,0.0,0.0
9.42,0.0,0.0,0.0,0.0
12.48,0.35,0.0,0.0,0.0
11.49,0.35,0.0,0.0,136.68200000000002
11.08,0.35,0.0,0.0,343.579
10.18,0.35,0.0,0.0,476.037
11.76,0.35,0.0,0.0,460.861
11.32,0.52,42.37,0.0,549.1519999999999
12.81,0.52,53.87,0.0,549.53
12.14,0.79,44.23,0.0,566.717
12.7,0.52,51.36,0.0,402.143
10.99,0.35,12.74,0.0,204.557
11.04,0.35,0.0,0.0,118.059
10.37,0.35,0.0,0.0,0.0
8.5,0.0,0.0,0.0,0.0
7.9,0.0,0.0,0.0,0.0
8.01,0.0,0.0,0.0,0.0
9.64,0.0,0.0,0.0,0.0
10.01,0.0,0.0,0.0,0.0
8.76,0.0,0.0,0.0,0.0
11.01,0.0,0.0,0.0,0.0
10.9,0.0,0.0,0.0,0.0
12.6,0.0,0.0,0.0,0.0
11.34,0.0,0.0,0.0,0.0
10.56,0.0,0.0,0.0,0.0
12.61,0.0,0.0,0.0,0.0
14.36,0.61,84.46,0.0,0.0
27.69,1.67,88.63,0.0,103.889
57.55,3.07,101.56,0.0,228.218
54.11,3.33,113.13,0.0,297.891
52.64,3.42,124.4,0.0,397.509
52.74,4.12,133.68,0.0,418.867
55.41,4.87,142.72,0.0,383.504
60.09,4.62,147.8,0.0,376.032
51.92,2.9,141.48,0.0,206.378
47.32,2.82,135.64,0.0,38.046
55.8,3.76,134.98,0.0,15.0028
42.12,2.22,130.19,0.0,0.0
18.28,1.78,122.94,0.0,0.0
16.29,1.3,121.33,0.0,0.0
14.78,1.46,119.89,0.0,0.0
15.45,0.69,118.92,0.0,0.0
14.43,0.44,0.0,0.0,0.0
14.95,0.44,0.0,0.0,0.0
11.09,0.0,0.0,0.0,0.0
11.58,0.0,0.0,0.0,0.0
11.92,0.0,0.0,0.0,0.0
10.73,0.0,0.0,0.0,0.0
10.99,0.0,0.0,0.0,0.0
12.68,0.0,0.0,0.0,0.0
14.47,0.62,130.26,0.0,0.0
24.67,1.67,123.92,0.0,117.182
50.84,3.08,132.37,0.0,171.11900000000003
47.49,3.34,134.31,0.0,117.809
41.57,3.43,147.54,0.0,330.55300000000005
47.57,4.1,164.79,0.0,390.36800000000005
50.48,4.89,180.35,0.0,631.465
47.64,4.62,189.01,0.0,613.827
46.13,2.91,192.64,0.0,504.566
43.16,2.83,185.26,0.0,336.99300000000005
49.91,3.76,168.0,0.0,117.365
39.76,2.23,142.38,0.0,0.0
18.42,1.78,129.87,0.0,0.0
14.92,1.25,127.63,0.0,0.0
16.71,1.46,128.76,0.0,0.0
16.12,0.7,129.66,0.0,0.0
17.28,0.44,0.0,0.0,0.0
17.95,0.44,0.0,0.0,0.0
14.43,0.0,0.0,0.0,0.0
12.87,0.0,0.0,0.0,0.0
12.73,0.0,0.0,0.0,0.0
13.3,0.0,0.0,0.0,0.0
12.57,0.0,0.0,0.0,0.0
12.31,0.0,0.0,0.0,0.0
14.85,0.62,28.21,0.0,0.0
23.16,1.67,32.11,0.0,13.5402
56.81,3.08,42.76,0.0,61.4862
46.04,3.35,46.35,0.0,100.811
42.39,3.43,52.18,0.0,198.906
49.34,4.11,54.02,0.0,228.727
50.1,4.9,56.33,0.0,318.223
45.36,4.62,57.72,0.0,198.519
39.93,2.92,56.43,0.0,161.234
44.73,2.83,55.67,0.0,108.843
51.63,3.77,54.8,0.0,23.9394
44.8,2.23,42.28,0.0,0.0
22.7,1.79,30.23,0.0,0.0
19.47,1.26,23.02,0.0,0.0
19.13,1.47,11.92,0.0,0.0
15.83,0.7,8.83,0.0,0.0
16.79,0.44,0.0,0.0,0.0
17.3,0.44,0.0,0.0,0.0
13.06,0.0,0.0,0.0,0.0
13.13,0.0,0.0,0.0,0.0
14.02,0.0,0.0,0.0,0.0
13.44,0.0,0.0,0.0,0.0
11.76,0.0,0.0,0.0,0.0
10.52,0.0,0.0,0.0,0.0
12.81,0.62,17.55,0.0,0.0
23.25,1.68,39.96,0.0,127.513
59.44,3.09,58.42,0.0,340.87800000000004
46.08,3.35,67.77,0.0,515.979
43.92,3.44,78.75,0.0,633.644
41.88,4.12,85.93,0.0,690.56
47.16,4.91,88.73,0.0,676.07
43.92,4.64,94.62,0.0,624.614
48.49,2.93,94.18,0.0,520.106
52.66,2.84,87.49,0.0,352.774
55.22,3.78,75.2,0.0,126.774
42.79,2.24,59.45,0.0,0.0
22.55,1.79,54.18,0.0,0.0
19.16,1.32,57.72,0.0,0.0
20.75,1.48,57.53,0.0,0.0
19.16,0.7,53.2,0.0,0.0
19.16,0.44,0.0,0.0,0.0
19.16,0.44,0.0,0.0,0.0
14.02,0.0,0.0,0.0,0.0
12.25,0.0,0.0,0.0,0.0
13.05,0.0,0.0,0.0,0.0
13.55,0.0,0.0,0.0,0.0
13.07,0.0,0.0,0.0,0.0
13.83,0.0,0.0,0.0,0.0
15.2,0.62,23.36,0.0,0.0
25.29,1.68,30.95,0.0,126.713
51.48,3.1,43.14,0.0,343.055
50.13,3.36,56.06,0.0,507.59
51.55,3.45,71.46,0.0,626.92
51.68,4.13,82.85,0.0,683.296
46.86,4.92,81.69,0.0,681.255
46.53,4.65,88.66,0.0,616.986
43.91,2.92,94.72,0.0,519.3
50.15,2.85,94.87,0.0,350.706
53.85,3.79,83.11,0.0,129.036
42.3,2.24,61.44,0.0,0.0
21.9,1.8,51.64,0.0,0.0
16.63,1.31,48.78,0.0,0.0
15.57,1.47,44.18,0.0,0.0
14.57,0.7,40.36,0.0,0.0
14.16,0.44,0.0,0.0,0.0
14.01,0.44,0.0,0.0,0.0
9.91,0.0,0.0,0.0,0.0
8.8,0.0,0.0,0.0,0.0
8.91,0.0,0.0,0.0,0.0
9.4,0.0,0.0,0.0,0.0
10.45,0.0,0.0,0.0,0.0
9.65,0.0,0.0,0.0,0.0
14.39,0.62,49.68,0.0,0.0
22.01,0.98,61.78,0.0,58.435
24.22,1.33,69.28,0.0,47.0791
27.72,1.86,65.89,0.0,76.4633
27.9,1.68,64.84,0.0,56.6143
30.18,2.04,69.13,0.0,73.1882
24.05,1.77,68.29,0.0,91.2838
21.21,1.68,69.35,0.0,64.2586
18.96,1.33,72.12,0.0,83.9213
17.27,1.15,70.81,0.0,25.5725
15.48,1.24,69.18,0.0,18.152
13.28,0.62,68.33,0.0,0.0
12.85,0.62,0.0,0.0,0.0
10.06,0.0,0.0,0.0,0.0
9.57,0.0,0.0,0.0,0.0
8.87,0.0,0.0,0.0,0.0
9.41,0.0,0.0,0.0,0.0
9.2,0.0,0.0,0.0,0.0
9.95,0.0,0.0,0.0,0.0
10.52,0.0,0.0,0.0,0.0
9.3,0.0,0.0,0.0,0.0
8.63,0.0,0.0,0.0,0.0
9.05,0.0,0.0,0.0,0.0
9.8,0.0,0.0,0.0,0.0
11.17,0.36,0.0,0.0,0.0
10.96,0.36,0.0,0.0,127.852
11.83,0.36,0.0,0.0,364.086
11.65,0.36,0.0,0.0,555.813
12.14,0.36,0.0,0.0,693.985
10.79,0.53,0.0,0.0,754.1010000000001
11.35,0.53,0.0,0.0,771.307
10.13,0.8,0.0,0.0,708.9860000000001
10.78,0.53,0.09,0.0,589.71
11.03,0.36,0.0,0.0,398.756
10.6,0.36,0.0,0.0,144.959
11.31,0.36,0.0,0.0,0.0
9.04,0.0,0.0,0.0,0.0
9.54,0.0,0.0,0.0,0.0
9.2,0.0,0.0,0.0,0.0
10.29,0.0,0.0,0.0,0.0
9.32,0.0,0.0,0.0,0.0
8.68,0.0,0.0,0.0,0.0
11.82,0.0,0.0,0.0,0.0
11.0,0.0,0.0,0.0,0.0
11.79,0.0,0.0,0.0,0.0
12.85,0.0,0.0,0.0,0.0
11.66,0.0,0.0,0.0,0.0
11.82,0.0,0.0,0.0,0.0
14.75,0.62,0.0,0.0,0.0
24.42,1.69,0.0,0.0,128.19
47.24,3.12,0.0,0.0,361.227
49.91,3.38,0.0,0.0,545.262
42.04,3.47,0.0,0.0,676.325
46.8,4.18,0.0,0.0,727.2560000000001
43.28,4.94,5.12,0.0,716.6
53.1,4.69,11.05,0.0,664.363
45.36,2.95,13.72,0.0,555.678
45.27,2.86,13.61,0.0,378.708
45.47,3.81,7.93,0.0,136.82399999999998
40.6,2.26,0.23,0.0,0.0
20.6,1.82,0.0,0.0,0.0
17.88,1.28,0.0,0.0,0.0
17.55,1.45,0.0,0.0,0.0
17.05,0.71,0.0,0.0,0.0
15.58,0.45,0.0,0.0,0.0
16.21,0.45,0.0,0.0,0.0
13.08,0.0,0.0,0.0,0.0
13.42,0.0,0.0,0.0,0.0
13.79,0.0,0.0,0.0,0.0
12.81,0.0,0.0,0.0,0.0
13.8,0.0,0.0,0.0,0.0
14.54,0.0,0.0,0.0,0.0
16.33,0.62,0.0,0.0,0.0
29.76,1.7,1.74,0.0,99.0138
63.02,3.12,11.35,0.0,274.718
52.75,3.39,22.61,0.0,512.571
51.7,3.48,35.14,0.0,589.665
56.39,4.16,41.1,0.0,604.484
56.19,4.96,50.15,0.0,684.454
52.91,4.69,57.17,0.0,646.156
53.19,2.95,52.37,0.0,537.21
56.16,2.87,44.51,0.0,360.172
57.12,3.83,33.3,0.0,127.074
43.12,2.26,26.32,0.0,0.0
21.67,1.83,24.27,0.0,0.0
19.12,1.31,24.55,0.0,0.0
19.85,1.47,24.3,0.0,0.0
16.46,0.7,23.51,0.0,0.0
16.57,0.45,0.0,0.0,0.0
16.99,0.45,0.0,0.0,0.0
12.79,0.0,0.0,0.0,0.0
12.07,0.0,0.0,0.0,0.0
11.91,0.0,0.0,0.0,0.0
11.68,0.0,0.0,0.0,0.0
12.5,0.0,0.0,0.0,0.0
12.59,0.0,0.0,0.0,0.0
15.35,0.63,19.71,0.0,0.0
24.37,1.7,30.14,0.0,107.724
52.09,3.13,46.2,0.0,270.772
47.6,3.4,67.21,0.0,389.051
45.31,3.49,82.25,0.0,400.195
42.46,4.16,101.17,0.0,652.638
41.28,4.96,106.61,0.0,563.757
47.68,4.71,111.25,0.0,511.177
49.65,2.96,112.89,0.0,505.545
43.77,2.87,109.46,0.0,339.904
52.68,3.83,98.91,0.0,117.204
38.72,2.27,91.09,0.0,0.0
17.34,1.82,83.86,0.0,0.0
14.19,1.28,80.43,0.0,0.0
14.72,1.49,78.46,0.0,0.0
13.48,0.71,78.58,0.0,0.0
14.68,0.45,0.0,0.0,0.0
15.19,0.45,0.0,0.0,0.0
10.76,0.0,0.0,0.0,0.0
10.13,0.0,0.0,0.0,0.0
12.36,0.0,0.0,0.0,0.0
12.31,0.0,0.0,0.0,0.0
13.21,0.0,0.0,0.0,0.0
13.44,0.0,0.0,0.0,0.0
16.21,0.63,77.17,0.0,0.0
28.66,1.7,78.03,0.0,90.2995
66.6,3.14,84.1,0.0,104.521
52.66,3.4,86.76,0.0,224.324
50.03,3.49,92.25,0.0,246.36900000000003
46.79,4.18,97.34,0.0,254.043
48.35,4.98,107.46,0.0,475.94
53.05,4.72,120.56,0.0,612.679
50.39,2.97,120.13,0.0,446.361
50.37,2.87,115.77,0.0,281.752
49.92,3.84,106.95,0.0,116.033
41.05,2.26,96.45,0.0,0.0
20.56,1.85,88.08,0.0,0.0
17.79,1.29,85.16,0.0,0.0
18.47,1.46,83.14,0.0,0.0
16.66,0.69,81.99,0.0,0.0
17.07,0.45,0.0,0.0,0.0
16.32,0.45,0.0,0.0,0.0
10.55,0.0,0.0,0.0,0.0
9.21,0.0,0.0,0.0,0.0
10.01,0.0,0.0,0.0,0.0
9.47,0.0,0.0,0.0,0.0
9.13,0.0,0.0,0.0,0.0
8.08,0.0,0.0,0.0,0.0
12.05,0.36,0.0,0.0,0.0
11.86,0.36,0.0,0.0,64.2494
11.39,0.36,0.0,0.0,246.919
10.35,0.36,16.78,0.0,420.715
10.49,0.36,37.14,0.0,420.167
11.1,0.54,71.2,0.0,447.17800000000005
10.5,0.54,75.14,0.0,472.205
10.8,0.81,72.86,0.0,376.38
11.91,0.54,32.17,0.0,313.502
12.6,0.36,19.37,0.0,237.035
12.12,0.36,9.12,0.0,114.552
11.19,0.36,0.0,0.0,0.0
8.01,0.0,0.0,0.0,0.0
8.22,0.0,0.0,0.0,0.0
9.29,0.0,0.0,0.0,0.0
8.4,0.0,0.0,0.0,0.0
9.74,0.0,0.0,0.0,0.0
9.83,0.0,0.0,0.0,0.0
8.92,0.0,0.0,0.0,0.0
8.42,0.0,0.0,0.0,0.0
7.69,0.0,0.0,0.0,0.0
8.58,0.0,0.0,0.0,0.0
8.05,0.0,0.0,0.0,0.0
9.31,0.0,0.0,0.0,0.0
16.94,0.63,83.77,0.0,0.0
21.8,0.99,91.28,0.0,96.7952
24.08,1.35,98.23,0.0,296.4
26.32,1.89,109.47,0.0,461.864
22.12,1.71,119.24,0.0,572.636
22.52,2.07,124.11,0.0,636.601
17.41,1.8,124.5,0.0,637.615
15.16,1.71,122.43,0.0,589.121
12.94,1.35,119.75,0.0,487.421
12.49,1.17,115.89,0.0,326.353
14.76,1.26,104.16,0.0,112.634
12.7,0.63,97.62,0.0,0.0
11.19,0.63,0.0,0.0,0.0
8.77,0.0,0.0,0.0,0.0
10.03,0.0,0.0,0.0,0.0
10.09,0.0,0.0,0.0,0.0
9.13,0.0,0.0,0.0,0.0
9.61,0.0,0.0,0.0,0.0
9.95,0.0,0.0,0.0,0.0
10.33,0.0,0.0,0.0,0.0
10.94,0.0,0.0,0.0,0.0
9.68,0.0,0.0,0.0,0.0
8.83,0.0,0.0,0.0,0.0
8.79,0.0,0.0,0.0,0.0
10.84,0.36,0.0,0.0,0.0
11.31,0.36,0.0,0.0,41.1699
12.77,0.36,0.0,0.0,188.867
11.17,0.36,0.0,0.0,256.368
11.0,0.36,24.38,0.0,372.41
11.93,0.54,75.01,0.0,601.011
12.59,0.54,77.16,0.0,629.258
13.06,0.81,74.98,0.0,583.8530000000001
12.42,0.54,71.26,0.0,444.976
13.4,0.36,41.2,0.0,174.075
14.37,0.36,0.0,0.0,41.8735
13.03,0.36,0.0,0.0,0.0
9.4,0.0,0.0,0.0,0.0
8.67,0.0,0.0,0.0,0.0
9.43,0.0,0.0,0.0,0.0
8.35,0.0,0.0,0.0,0.0
9.72,0.0,0.0,0.0,0.0
10.23,0.0,0.0,0.0,0.0
13.23,0.0,0.0,0.0,0.0
14.08,0.0,0.0,0.0,0.0
13.85,0.0,0.0,0.0,0.0
14.16,0.0,0.0,0.0,0.0
15.13,0.0,0.0,0.0,0.0
15.46,0.0,0.0,0.0,0.0
18.24,0.63,72.8,0.0,0.0
32.5,1.72,83.53,0.0,92.7279
70.91,3.16,104.58,0.0,290.981
60.44,3.43,122.2,0.0,451.3
57.5,3.52,126.82,0.0,567.259
59.39,4.23,127.76,0.0,510.567
61.69,5.02,129.16,0.0,521.06
62.45,4.75,132.94,0.0,416.109
55.98,3.0,121.46,0.0,167.113
52.94,2.91,120.29,0.0,116.091
54.23,3.87,123.05,0.0,62.7036
45.31,2.29,109.56,0.0,0.0
21.4,1.85,99.95,0.0,0.0
18.58,1.33,95.61,0.0,0.0
16.33,1.49,93.98,0.0,0.0
15.55,0.71,93.33,0.0,0.0
17.07,0.45,0.0,0.0,0.0
15.89,0.45,0.0,0.0,0.0
12.34,0.0,0.0,0.0,0.0
11.29,0.0,0.0,0.0,0.0
10.77,0.0,0.0,0.0,0.0
10.23,0.0,0.0,0.0,0.0
12.73,0.0,0.0,0.0,0.0
11.64,0.0,0.0,0.0,0.0
15.49,0.63,89.83,0.0,0.0
25.93,1.72,88.32,0.0,67.2597
61.51,3.17,101.12,0.0,189.465
51.75,3.44,110.73,0.0,205.734
48.02,3.53,115.6,0.0,308.871
51.13,4.21,120.43,0.0,203.228
57.3,5.03,125.67,0.0,208.871
62.42,4.76,130.36,0.0,228.245
58.02,3.0,128.3,0.0,169.02599999999998
57.03,2.91,122.23,0.0,61.7725
56.75,3.88,119.73,0.0,21.4557
47.72,2.29,106.44,0.0,0.0
23.06,1.85,97.27,0.0,0.0
20.62,1.33,95.28,0.0,0.0
20.77,1.49,93.13,0.0,0.0
19.16,0.71,90.63,0.0,0.0
19.0,0.45,0.0,0.0,0.0
19.01,0.45,0.0,0.0,0.0
15.23,0.0,0.0,0.0,0.0
15.46,0.0,0.0,0.0,0.0
15.46,0.0,0.0,0.0,0.0
14.23,0.0,0.0,0.0,0.0
15.26,0.0,0.0,0.0,0.0
15.04,0.0,0.0,0.0,0.0
17.96,0.63,38.94,0.0,0.0
27.9,1.72,30.98,0.0,15.3912
54.34,3.17,19.31,0.0,21.1136
49.28,3.45,13.33,0.0,38.7963
52.24,3.54,11.81,0.0,36.3467
55.25,4.21,13.63,0.0,135.953
57.78,5.04,16.08,0.0,199.547
56.01,4.77,18.45,0.0,261.41
51.59,3.01,19.47,0.0,112.476
48.79,2.92,18.77,0.0,59.8803
44.91,3.89,16.06,0.0,13.4809
40.26,2.3,13.8,0.0,0.0
18.45,1.86,11.79,0.0,0.0
16.74,1.33,9.62,0.0,0.0
14.71,1.49,8.65,0.0,0.0
13.84,0.71,7.97,0.0,0.0
12.81,0.45,0.0,0.0,0.0
15.34,0.45,0.0,0.0,0.0
12.06,0.0,0.0,0.0,0.0
12.27,0.0,0.0,0.0,0.0
13.41,0.0,0.0,0.0,0.0
12.23,0.0,0.0,0.0,0.0
11.68,0.0,0.0,0.0,0.0
13.31,0.0,0.0,0.0,0.0
17.86,0.64,0.0,0.0,0.0
30.22,1.73,0.0,0.0,30.5156
70.11,3.18,0.0,0.0,101.341
54.92,3.45,0.0,0.0,227.87
53.53,3.54,0.0,0.0,378.727
50.82,4.22,0.0,0.0,462.412
54.82,5.05,0.0,0.0,461.542
50.78,4.78,0.0,0.0,399.871
45.52,3.01,0.0,0.0,359.191
48.87,2.92,0.0,0.0,327.85
46.65,3.9,0.0,0.0,122.46
42.47,2.3,0.0,0.0,0.0
20.52,1.87,0.0,0.0,0.0
18.7,1.32,0.0,0.0,0.0
20.16,1.48,0.0,0.0,0.0
19.12,0.7,0.0,0.0,0.0
19.16,0.45,0.0,0.0,0.0
17.39,0.45,0.0,0.0,0.0
13.13,0.0,0.0,0.0,0.0
13.36,0.0,0.0,0.0,0.0
12.11,0.0,0.0,0.0,0.0
12.8,0.0,0.0,0.0,0.0
12.25,0.0,0.0,0.0,0.0
11.35,0.0,0.0,0.0,0.0
16.55,0.64,0.0,0.0,0.0
30.57,1.73,0.0,0.0,100.77
64.59,3.19,0.0,0.0,328.00800000000004
54.35,3.46,0.0,0.0,510.638
52.07,3.55,0.0,0.0,641.254
49.71,4.22,6.5,0.0,708.5360000000001
54.11,5.06,13.51,0.0,704.829
56.39,4.79,21.92,0.0,667.568
52.13,3.01,25.55,0.0,546.621
53.34,2.92,22.79,0.0,371.82
54.52,3.91,15.23,0.0,131.774
47.02,2.3,7.07,0.0,0.0
23.37,1.87,5.45,0.0,0.0
20.77,1.31,7.2,0.0,0.0
19.78,1.51,7.23,0.0,0.0
19.16,0.73,5.14,0.0,0.0
17.93,0.46,0.0,0.0,0.0
17.54,0.46,0.0,0.0,0.0
10.64,0.0,0.0,0.0,0.0
9.55,0.0,0.0,0.0,0.0
8.76,0.0,0.0,0.0,0.0
8.76,0.0,0.0,0.0,0.0
9.8,0.0,0.0,0.0,0.0
8.61,0.0,0.0,0.0,0.0
13.47,0.64,0.0,0.0,0.0
20.63,1.0,0.0,0.0,94.6712
22.31,1.37,0.0,0.0,312.881
23.31,1.91,6.77,0.0,491.583
24.82,1.73,20.46,0.0,608.305
28.25,2.1,30.05,0.0,673.1089999999999
23.0,1.82,38.79,0.0,684.1519999999999
20.93,1.73,48.02,0.0,628.215
18.01,1.37,55.22,0.0,519.207
15.1,1.19,54.33,0.0,352.333
15.82,1.28,39.86,0.0,124.006
14.22,0.64,31.23,0.0,0.0
12.55,0.64,0.0,0.0,0.0
9.95,0.0,0.0,0.0,0.0
9.51,0.0,0.0,0.0,0.0
9.08,0.0,0.0,0.0,0.0
8.33,0.0,0.0,0.0,0.0
8.66,0.0,0.0,0.0,0.0
9.76,0.0,0.0,0.0,0.0
9.07,0.0,0.0,0.0,0.0
10.21,0.0,0.0,0.0,0.0
9.88,0.0,0.0,0.0,0.0
9.11,0.0,0.0,0.0,0.0
9.88,0.0,0.0,0.0,0.0
12.52,0.37,0.0,0.0,0.0
11.3,0.37,0.0,0.0,81.6701
12.19,0.37,0.0,0.0,270.541
11.28,0.37,0.0,0.0,465.437
11.04,0.37,28.24,0.0,583.281
11.73,0.55,44.63,0.0,645.68
12.26,0.55,41.43,0.0,657.9689999999999
11.84,0.82,50.64,0.0,605.516
13.07,0.55,57.37,0.0,504.776
12.45,0.37,43.45,0.0,346.725
11.7,0.37,9.6,0.0,121.582
11.59,0.37,0.0,0.0,0.0
9.84,0.0,0.0,0.0,0.0
10.81,0.0,0.0,0.0,0.0
10.84,0.0,0.0,0.0,0.0
9.98,0.0,0.0,0.0,0.0
10.35,0.0,0.0,0.0,0.0
9.23,0.0,0.0,0.0,0.0
12.35,0.0,0.0,0.0,0.0
12.51,0.0,0.0,0.0,0.0
12.89,0.0,0.0,0.0,0.0
11.73,0.0,0.0,0.0,0.0
12.1,0.0,0.0,0.0,0.0
12.38,0.0,0.0,0.0,0.0
13.59,0.64,1.03,0.0,0.0
25.15,1.74,19.52,0.0,92.6607
56.48,3.2,39.96,0.0,296.535
49.23,3.48,53.18,0.0,470.989
50.39,3.57,65.53,0.0,593.249
45.48,4.28,76.49,0.0,634.25
50.13,5.09,75.35,0.0,668.4810000000001
45.87,4.82,76.06,0.0,618.521
43.64,3.03,76.9,0.0,510.052
47.07,2.94,73.06,0.0,351.289
45.05,3.93,54.71,0.0,125.537
41.62,2.32,35.2,0.0,0.0
18.88,1.88,25.77,0.0,0.0
14.4,1.31,20.44,0.0,0.0
15.29,1.53,12.89,0.0,0.0
13.7,0.73,9.0,0.0,0.0
12.68,0.46,0.0,0.0,0.0
15.44,0.46,0.0,0.0,0.0
13.07,0.0,0.0,0.0,0.0
11.38,0.0,0.0,0.0,0.0
11.1,0.0,0.0,0.0,0.0
10.54,0.0,0.0,0.0,0.0
11.86,0.0,0.0,0.0,0.0
13.38,0.0,0.0,0.0,0.0
15.08,0.64,0.0,0.0,0.0
24.45,1.74,0.0,0.0,86.7446
50.5,3.21,30.76,0.0,285.898
40.71,3.48,55.97,0.0,457.265
42.18,3.58,67.42,0.0,574.286
41.04,4.26,80.75,0.0,647.909
42.69,5.1,84.01,0.0,660.675
48.02,4.82,86.93,0.0,617.254
49.09,3.04,85.0,0.0,514.355
46.99,2.95,69.22,0.0,352.875
55.68,3.94,49.44,0.0,125.77
42.22,2.32,40.39,0.0,0.0
21.2,1.88,35.51,0.0,0.0
16.97,1.33,31.41,0.0,0.0
16.75,1.5,23.84,0.0,0.0
14.11,0.73,14.52,0.0,0.0
14.7,0.46,0.0,0.0,0.0
16.46,0.46,0.0,0.0,0.0
13.75,0.0,0.0,0.0,0.0
13.08,0.0,0.0,0.0,0.0
12.49,0.0,0.0,0.0,0.0
12.82,0.0,0.0,0.0,0.0
12.56,0.0,0.0,0.0,0.0
13.34,0.0,0.0,0.0,0.0
16.79,0.64,2.33,0.0,0.0
30.74,1.74,28.29,0.0,23.7914
57.5,3.21,61.24,0.0,141.589
47.0,3.49,76.17,0.0,244.74400000000003
40.56,3.58,86.94,0.0,515.404
46.68,4.28,93.66,0.0,312.849
45.22,5.1,100.23,0.0,450.124
45.72,4.83,107.28,0.0,590.7080000000001
41.77,3.04,108.14,0.0,496.162
46.97,2.96,104.11,0.0,334.74
47.29,3.94,87.76,0.0,117.658
36.47,2.32,74.41,0.0,0.0
20.16,1.88,66.85,0.0,0.0
18.87,1.34,63.59,0.0,0.0
19.09,1.5,57.48,0.0,0.0
18.54,0.71,48.76,0.0,0.0
17.52,0.46,0.0,0.0,0.0
18.49,0.46,0.0,0.0,0.0
14.56,0.0,0.0,0.0,0.0
15.46,0.0,0.0,0.0,0.0
15.43,0.0,0.0,0.0,0.0
15.46,0.0,0.0,0.0,0.0
15.46,0.0,0.0,0.0,0.0
15.46,0.0,0.0,0.0,0.0
18.06,0.64,42.12,0.0,0.0
28.02,1.75,66.11,0.0,50.1281
54.11,3.22,84.44,0.0,180.325
52.13,3.5,96.18,0.0,300.646
43.36,3.59,107.6,0.0,361.768
48.97,4.26,118.56,0.0,459.434
47.73,5.11,124.28,0.0,427.144
55.04,4.85,126.08,0.0,519.77
50.31,3.05,118.09,0.0,388.898
50.39,2.96,113.18,0.0,170.092
57.04,3.94,112.88,0.0,78.0771
48.78,2.33,106.82,0.0,0.0
24.0,1.87,100.02,0.0,0.0
20.77,1.36,96.09,0.0,0.0
20.54,1.53,93.51,0.0,0.0
19.16,0.72,91.22,0.0,0.0
17.41,0.46,0.0,0.0,0.0
18.48,0.46,0.0,0.0,0.0
14.51,0.0,0.0,0.0,0.0
13.55,0.0,0.0,0.0,0.0
14.61,0.0,0.0,0.0,0.0
15.46,0.0,0.0,0.0,0.0
15.46,0.0,0.0,0.0,0.0
15.46,0.0,0.0,0.0,0.0
19.16,0.65,89.8,0.0,0.0
31.4,1.75,90.97,0.0,75.5488
67.55,3.23,108.88,0.0,269.228
60.44,3.5,123.9,0.0,412.769
52.87,3.59,129.08,0.0,352.88199999999995
55.65,4.27,141.06,0.0,390.3730000000001
61.35,5.13,146.56,0.0,480.138
60.9,4.85,146.3,0.0,523.085
58.02,3.05,144.86,0.0,501.925
58.02,2.96,137.28,0.0,338.35400000000004
59.84,3.95,121.23,0.0,118.44
48.93,2.34,104.8,0.0,0.0
22.82,1.88,98.07,0.0,0.0
20.61,1.34,96.53,0.0,0.0
18.73,1.54,94.86,0.0,0.0
15.86,0.73,94.48,0.0,0.0
13.94,0.46,0.0,0.0,0.0
13.24,0.46,0.0,0.0,0.0
9.5,0.0,0.0,0.0,0.0
10.45,0.0,0.0,0.0,0.0
9.83,0.0,0.0,0.0,0.0
9.05,0.0,0.0,0.0,0.0
8.67,0.0,0.0,0.0,0.0
9.74,0.0,0.0,0.0,0.0
15.35,0.65,111.61,0.0,0.0
22.61,1.02,107.12,0.0,45.0849
22.81,1.38,106.77,0.0,217.029
22.29,1.94,108.39,0.0,304.934
25.98,1.75,112.82,0.0,341.779
27.87,2.12,119.81,0.0,560.764
18.43,1.85,119.41,0.0,572.5
14.97,1.75,117.47,0.0,548.239
14.9,1.38,112.43,0.0,424.82
13.69,1.2,104.44,0.0,276.391
15.34,1.29,97.63,0.0,101.456
15.28,0.65,94.64,0.0,0.0
14.05,0.65,0.0,0.0,0.0
10.92,0.0,0.0,0.0,0.0
11.5,0.0,0.0,0.0,0.0
11.6,0.0,0.0,0.0,0.0
10.87,0.0,0.0,0.0,0.0
10.79,0.0,0.0,0.0,0.0
11.51,0.0,0.0,0.0,0.0
10.64,0.0,0.0,0.0,0.0
9.29,0.0,0.0,0.0,0.0
8.87,0.0,0.0,0.0,0.0
8.77,0.0,0.0,0.0,0.0
8.89,0.0,0.0,0.0,0.0
12.18,0.37,0.0,0.0,0.0
11.12,0.37,0.0,0.0,38.0281
11.94,0.37,0.0,0.0,166.429
11.54,0.37,0.0,0.0,263.062
10.91,0.37,0.0,0.0,307.244
10.82,0.55,67.91,0.0,448.814
9.7,0.55,103.73,0.0,465.737
11.96,0.83,56.3,0.0,376.069
12.13,0.55,46.68,0.0,281.506
12.76,0.37,24.21,0.0,201.295
12.33,0.37,0.0,0.0,23.6638
12.39,0.37,0.0,0.0,0.0
8.95,0.0,0.0,0.0,0.0
9.54,0.0,0.0,0.0,0.0
8.85,0.0,0.0,0.0,0.0
9.45,0.0,0.0,0.0,0.0
9.12,0.0,0.0,0.0,0.0
9.5,0.0,0.0,0.0,0.0
11.26,0.0,0.0,0.0,0.0
12.89,0.0,0.0,0.0,0.0
12.42,0.0,0.0,0.0,0.0
12.01,0.0,0.0,0.0,0.0
13.27,0.0,0.0,0.0,0.0
13.52,0.0,0.0,0.0,0.0
16.39,0.65,0.0,0.0,0.0
25.98,1.76,5.47,0.0,79.6005
61.71,3.24,25.56,0.0,287.457
49.66,3.52,47.49,0.0,463.205
49.44,3.61,66.58,0.0,585.633
46.54,4.32,71.85,0.0,651.202
53.4,5.15,75.41,0.0,674.895
51.92,4.88,82.04,0.0,626.748
48.68,3.07,84.07,0.0,518.3240000000001
48.08,2.98,79.86,0.0,357.288
50.24,3.97,65.48,0.0,130.68200000000002
40.98,2.35,49.87,0.0,0.0
21.13,1.89,44.88,0.0,0.0
16.77,1.36,44.66,0.0,0.0
14.84,1.53,41.37,0.0,0.0
15.61,0.72,26.88,0.0,0.0
14.04,0.46,0.0,0.0,0.0
13.94,0.46,0.0,0.0,0.0
12.54,0.0,0.0,0.0,0.0
12.87,0.0,0.0,0.0,0.0
13.05,0.0,0.0,0.0,0.0
12.13,0.0,0.0,0.0,0.0
11.7,0.0,0.0,0.0,0.0
13.48,0.0,0.0,0.0,0.0
17.79,0.65,0.0,0.0,0.0
30.0,1.76,1.33,0.0,78.7193
64.49,3.25,38.77,0.0,281.728
55.04,3.52,67.09,0.0,455.624
57.5,3.62,84.31,0.0,579.692
60.44,4.3,90.97,0.0,647.3580000000001
61.69,5.15,93.73,0.0,650.5
60.5,4.89,100.22,0.0,605.967
57.3,3.07,99.77,0.0,513.5
58.02,2.98,95.99,0.0,352.236
59.64,3.98,84.84,0.0,127.185
46.4,2.35,70.87,0.0,0.0
23.54,1.9,63.96,0.0,0.0
20.77,1.36,62.01,0.0,0.0
19.02,1.52,67.11,0.0,0.0
19.05,0.72,71.8,0.0,0.0
17.92,0.46,0.0,0.0,0.0
16.42,0.46,0.0,0.0,0.0
13.02,0.0,0.0,0.0,0.0
11.87,0.0,0.0,0.0,0.0
13.26,0.0,0.0,0.0,0.0
12.65,0.0,0.0,0.0,0.0
11.66,0.0,0.0,0.0,0.0
12.98,0.0,0.0,0.0,0.0
15.51,0.65,89.86,0.0,0.0
27.77,1.76,94.06,0.0,65.0376
64.59,3.25,107.42,0.0,119.891
50.51,3.53,116.13,0.0,231.426
53.57,3.62,131.13,0.0,285.106
53.26,4.3,143.86,0.0,184.742
48.26,5.16,151.73,0.0,78.368
45.47,4.9,150.11,0.0,193.912
38.65,3.08,130.89,0.0,83.34700000000001
47.56,2.99,127.36,0.0,238.821
49.17,3.99,125.4,0.0,59.6042
43.03,2.35,116.98,0.0,0.0
20.66,1.91,107.01,0.0,0.0
19.04,1.35,103.95,0.0,0.0
19.21,1.52,102.7,0.0,0.0
16.28,0.72,101.28,0.0,0.0
14.56,0.46,0.0,0.0,0.0
15.46,0.46,0.0,0.0,0.0
13.13,0.0,0.0,0.0,0.0
13.81,0.0,0.0,0.0,0.0
12.31,0.0,0.0,0.0,0.0
13.63,0.0,0.0,0.0,0.0
13.62,0.0,0.0,0.0,0.0
14.56,0.0,0.0,0.0,0.0
16.6,0.65,34.08,0.0,0.0
30.6,1.77,31.99,0.0,33.2152
68.71,3.26,36.66,0.0,162.446
53.82,3.53,31.67,0.0,389.277
52.02,3.63,30.74,0.0,397.981
49.58,4.3,35.55,0.0,326.565
46.49,5.17,38.59,0.0,473.605
46.74,4.9,37.56,0.0,458.129
49.24,3.08,35.52,0.0,295.414
53.96,3.0,35.09,0.0,337.506
54.67,3.99,26.37,0.0,131.866
46.5,2.35,16.28,0.0,0.0
20.55,1.91,11.32,0.0,0.0
16.72,1.35,8.5,0.0,0.0
15.68,1.53,2.57,0.0,0.0
16.61,0.74,0.0,0.0,0.0
15.49,0.47,0.0,0.0,0.0
17.2,0.47,0.0,0.0,0.0
13.06,0.0,0.0,0.0,0.0
11.96,0.0,0.0,0.0,0.0
13.05,0.0,0.0,0.0,0.0
12.59,0.0,0.0,0.0,0.0
13.65,0.0,0.0,0.0,0.0
13.57,0.0,0.0,0.0,0.0
14.96,0.65,0.0,0.0,0.0
23.45,1.77,0.0,0.0,46.6146
50.57,3.26,0.0,0.0,225.68400000000003
47.22,3.54,4.01,0.0,460.631
40.09,3.63,8.94,0.0,617.469
45.03,4.33,12.45,0.0,677.784
52.2,5.18,14.35,0.0,693.9780000000001
56.66,4.91,17.86,0.0,646.253
54.38,3.09,23.56,0.0,552.395
53.99,3.0,24.26,0.0,381.249
52.85,3.99,15.32,0.0,144.998
41.03,2.37,8.42,0.0,0.0
19.58,1.9,4.4,0.0,0.0
18.79,1.39,0.7,0.0,0.0
16.34,1.55,0.0,0.0,0.0
14.86,0.73,0.0,0.0,0.0
15.52,0.47,0.0,0.0,0.0
15.57,0.47,0.0,0.0,0.0
9.32,0.0,0.0,0.0,0.0
8.88,0.0,0.0,0.0,0.0
7.94,0.0,0.0,0.0,0.0
8.23,0.0,0.0,0.0,0.0
7.69,0.0,0.0,0.0,0.0
7.45,0.0,0.0,0.0,0.0
12.81,0.65,0.0,0.0,0.0
16.8,1.03,0.0,0.0,73.2003
23.36,1.4,0.0,0.0,294.259
26.09,1.96,0.0,0.0,488.357
23.5,1.77,0.0,0.0,618.9069999999999
26.06,2.15,5.15,0.0,696.169
19.99,1.87,11.02,0.0,705.9830000000001
19.64,1.77,13.24,0.0,679.3510000000001
19.35,1.4,14.46,0.0,561.069
18.05,1.21,13.54,0.0,386.562
18.78,1.31,8.11,0.0,146.381
16.79,0.65,1.01,0.0,0.0
14.08,0.65,0.0,0.0,0.0
11.53,0.0,0.0,0.0,0.0
11.21,0.0,0.0,0.0,0.0
10.46,0.0,0.0,0.0,0.0
9.91,0.0,0.0,0.0,0.0
9.88,0.0,0.0,0.0,0.0
9.38,0.0,0.0,0.0,0.0
8.34,0.0,0.0,0.0,0.0
9.01,0.0,0.0,0.0,0.0
7.99,0.0,0.0,0.0,0.0
8.36,0.0,0.0,0.0,0.0
9.41,0.0,0.0,0.0,0.0
12.82,0.37,0.0,0.0,0.0
11.64,0.37,0.0,0.0,63.2484
11.47,0.37,0.0,0.0,245.558
12.18,0.37,0.0,0.0,380.878
10.65,0.37,0.0,0.0,476.854
11.06,0.56,0.0,0.0,501.251
11.49,0.56,2.19,0.0,475.499
12.53,0.84,32.16,0.0,507.628
11.1,0.56,0.0,0.0,413.082
10.74,0.37,0.0,0.0,233.635
11.78,0.37,0.0,0.0,98.2642
12.62,0.37,0.0,0.0,0.0
8.85,0.0,0.0,0.0,0.0
9.64,0.0,0.0,0.0,0.0
10.5,0.0,0.0,0.0,0.0
9.37,0.0,0.0,0.0,0.0
9.08,0.0,0.0,0.0,0.0
8.8,0.0,0.0,0.0,0.0
11.0,0.0,0.0,0.0,0.0
12.06,0.0,0.0,0.0,0.0
11.06,0.0,0.0,0.0,0.0
13.11,0.0,0.0,0.0,0.0
13.48,0.0,0.0,0.0,0.0
14.64,0.0,0.0,0.0,0.0
19.16,0.65,74.63,0.0,0.0
33.26,1.78,75.7,0.0,10.8931
65.29,3.27,83.91,0.0,62.699
51.45,3.55,91.1,0.0,208.261
44.84,3.65,98.29,0.0,197.847
50.55,4.37,105.02,0.0,134.295
46.09,5.2,107.82,0.0,87.5601
53.71,4.93,107.86,0.0,40.4385
46.94,3.1,106.84,0.0,12.8484
44.41,3.01,104.38,0.0,25.8511
44.26,4.02,102.72,0.0,10.4919
32.63,2.36,103.58,0.0,0.0
17.68,1.93,102.87,0.0,0.0
15.02,1.35,97.74,0.0,0.0
13.81,1.56,90.53,0.0,0.0
14.0,0.75,86.32,0.0,0.0
15.36,0.47,0.0,0.0,0.0
15.05,0.47,0.0,0.0,0.0
12.06,0.0,0.0,0.0,0.0
12.06,0.0,0.0,0.0,0.0
12.46,0.0,0.0,0.0,0.0
11.38,0.0,0.0,0.0,0.0
13.05,0.0,0.0,0.0,0.0
12.08,0.0,0.0,0.0,0.0
14.0,0.66,98.32,0.0,0.0
24.75,1.78,98.54,0.0,7.479210000000001
48.43,3.28,104.52,0.0,37.9203
44.08,3.56,106.53,0.0,40.4418
42.73,3.65,109.01,0.0,74.6516
50.76,4.34,114.96,0.0,104.355
50.67,5.21,115.42,0.0,88.757
47.75,4.94,109.02,0.0,70.7205
42.31,3.11,102.41,0.0,32.5134
44.35,3.02,101.11,0.0,37.4012
50.59,4.02,102.54,0.0,16.1796
44.43,2.38,99.5,0.0,0.0
22.46,1.92,93.84,0.0,0.0
19.02,1.37,90.26,0.0,0.0
18.71,1.53,87.71,0.0,0.0
17.26,0.73,84.38,0.0,0.0
15.04,0.47,0.0,0.0,0.0
13.76,0.47,0.0,0.0,0.0
13.08,0.0,0.0,0.0,0.0
12.37,0.0,0.0,0.0,0.0
13.07,0.0,0.0,0.0,0.0
13.31,0.0,0.0,0.0,0.0
14.16,0.0,0.0,0.0,0.0
14.1,0.0,0.0,0.0,0.0
16.95,0.66,114.07,0.0,0.0
29.31,1.78,115.98,0.0,52.4547
58.34,3.28,120.73,0.0,199.255
43.81,3.56,129.5,0.0,358.414
39.23,3.66,133.01,0.0,292.909
39.75,4.34,136.63,0.0,48.4224
51.06,5.22,148.19,0.0,54.5703
52.25,4.94,156.34,0.0,252.257
49.99,3.11,161.26,0.0,415.156
48.31,3.02,148.27,0.0,83.0745
52.69,4.03,151.17,0.0,126.609
37.04,2.38,143.54,0.0,0.0
20.82,1.92,133.94,0.0,0.0
16.07,1.37,130.23,0.0,0.0
16.53,1.57,126.36,0.0,0.0
15.02,0.74,124.28,0.0,0.0
16.58,0.47,0.0,0.0,0.0
14.9,0.47,0.0,0.0,0.0
10.77,0.0,0.0,0.0,0.0
12.5,0.0,0.0,0.0,0.0
12.52,0.0,0.0,0.0,0.0
11.27,0.0,0.0,0.0,0.0
10.33,0.0,0.0,0.0,0.0
12.12,0.0,0.0,0.0,0.0
14.56,0.66,129.46,0.0,0.0
24.41,1.78,124.04,0.0,43.7088
47.65,3.29,131.93,0.0,138.77
47.72,3.57,137.82,0.0,92.7812
47.77,3.66,152.04,0.0,233.705
53.86,4.35,160.76,0.0,111.633
54.52,5.22,171.32,0.0,165.43599999999998
58.43,4.95,185.31,0.0,471.577
51.49,3.11,182.9,0.0,416.11
55.02,3.02,179.47,0.0,254.138
58.18,4.03,170.87,0.0,127.14
41.24,2.37,147.07,0.0,0.0
20.7,1.93,135.76,0.0,0.0
18.29,1.35,132.88,0.0,0.0
16.03,1.57,130.76,0.0,0.0
13.81,0.75,129.63,0.0,0.0
14.84,0.47,0.0,0.0,0.0
14.23,0.47,0.0,0.0,0.0
10.08,0.0,0.0,0.0,0.0
8.74,0.0,0.0,0.0,0.0
8.34,0.0,0.0,0.0,0.0
9.36,0.0,0.0,0.0,0.0
9.9,0.0,0.0,0.0,0.0
9.61,0.0,0.0,0.0,0.0
11.84,0.38,0.0,0.0,0.0
12.83,0.38,0.0,0.0,52.0191
13.17,0.38,0.0,0.0,86.2572
13.44,0.38,9.97,0.0,205.476
11.88,0.38,120.51,0.0,530.128
12.1,0.56,102.82,0.0,548.393
13.03,0.56,114.21,0.0,464.384
12.54,0.85,121.12,0.0,281.515
12.24,0.56,91.73,0.0,381.468
12.19,0.38,104.94,0.0,339.038
12.62,0.38,97.66,0.0,128.05
13.18,0.38,0.0,0.0,0.0
10.38,0.0,0.0,0.0,0.0
9.06,0.0,0.0,0.0,0.0
9.26,0.0,0.0,0.0,0.0
9.9,0.0,0.0,0.0,0.0
9.01,0.0,0.0,0.0,0.0
10.15,0.0,0.0,0.0,0.0
10.65,0.0,0.0,0.0,0.0
10.71,0.0,0.0,0.0,0.0
10.96,0.0,0.0,0.0,0.0
11.57,0.0,0.0,0.0,0.0
11.05,0.0,0.0,0.0,0.0
10.63,0.0,0.0,0.0,0.0
19.03,0.66,149.61,0.0,0.0
25.61,1.04,134.55,0.0,53.1778
27.47,1.41,135.02,0.0,188.144
30.52,1.98,136.48,0.0,129.43200000000002
30.93,1.79,151.61,0.0,400.713
33.42,2.17,158.94,0.0,278.487
25.23,1.88,171.12,0.0,627.214
22.0,1.79,169.42,0.0,591.931
19.17,1.41,170.03,0.0,497.701
15.73,1.22,159.72,0.0,345.773
14.97,1.32,141.63,0.0,131.579
13.09,0.66,129.95,0.0,0.0
10.45,0.66,0.0,0.0,0.0
8.86,0.0,0.0,0.0,0.0
8.47,0.0,0.0,0.0,0.0
8.48,0.0,0.0,0.0,0.0
8.19,0.0,0.0,0.0,0.0
7.66,0.0,0.0,0.0,0.0
7.71,0.0,0.0,0.0,0.0
9.49,0.0,0.0,0.0,0.0
10.56,0.0,0.0,0.0,0.0
11.44,0.0,0.0,0.0,0.0
10.81,0.0,0.0,0.0,0.0
10.35,0.0,0.0,0.0,0.0
13.46,0.38,0.0,0.0,0.0
12.74,0.38,0.0,0.0,45.2114
13.42,0.38,46.59,0.0,192.993
14.37,0.38,20.66,0.0,210.237
13.21,0.38,52.38,0.0,270.79400000000004
11.55,0.57,67.0,0.0,285.438
10.41,0.57,95.11,0.0,396.223
9.57,0.85,48.01,0.0,233.378
9.98,0.57,38.03,0.0,240.535
12.06,0.38,0.0,0.0,14.8069
13.21,0.38,0.0,0.0,69.146
14.06,0.38,0.0,0.0,0.0
10.28,0.0,0.0,0.0,0.0
9.97,0.0,0.0,0.0,0.0
10.02,0.0,0.0,0.0,0.0
8.82,0.0,0.0,0.0,0.0
9.63,0.0,0.0,0.0,0.0
9.05,0.0,0.0,0.0,0.0
12.65,0.0,0.0,0.0,0.0
13.55,0.0,0.0,0.0,0.0
12.59,0.0,0.0,0.0,0.0
12.79,0.0,0.0,0.0,0.0
11.67,0.0,0.0,0.0,0.0
10.87,0.0,0.0,0.0,0.0
13.62,0.66,35.62,0.0,0.0
27.49,1.79,35.79,0.0,10.3522
59.89,3.3,47.56,0.0,127.109
46.06,3.59,54.84,0.0,303.551
39.74,3.68,62.58,0.0,517.7280000000001
50.89,4.4,59.93,0.0,407.32
53.98,5.25,58.38,0.0,593.429
53.63,4.97,57.75,0.0,353.314
46.1,3.13,52.98,0.0,452.494
48.16,3.04,44.93,0.0,177.384
47.26,4.05,32.94,0.0,108.949
37.0,2.4,21.3,0.0,0.0
17.15,1.92,17.0,0.0,0.0
17.48,1.41,14.3,0.0,0.0
18.39,1.57,7.46,0.0,0.0
18.12,0.74,2.75,0.0,0.0
19.16,0.47,0.0,0.0,0.0
17.69,0.47,0.0,0.0,0.0
15.1,0.0,0.0,0.0,0.0
15.46,0.0,0.0,0.0,0.0
14.77,0.0,0.0,0.0,0.0
14.79,0.0,0.0,0.0,0.0
15.46,0.0,0.0,0.0,0.0
15.46,0.0,0.0,0.0,0.0
18.41,0.66,0.0,0.0,0.0
32.89,1.79,0.0,0.0,0.0
64.32,3.31,1.98,0.0,148.931
58.45,3.59,5.86,0.0,366.231
50.66,3.68,15.11,0.0,487.329
51.34,4.37,23.37,0.0,450.63
55.39,5.25,25.7,0.0,381.317
52.07,4.97,28.9,0.0,378.025
52.03,3.14,29.68,0.0,282.188
54.73,3.04,29.14,0.0,130.418
52.34,4.06,30.71,0.0,0.0
36.42,2.4,33.93,0.0,0.0
18.2,1.93,34.96,0.0,0.0
14.7,1.41,35.89,0.0,0.0
13.67,1.57,38.75,0.0,0.0
13.35,0.74,40.84,0.0,0.0
14.7,0.47,0.0,0.0,0.0
16.48,0.47,0.0,0.0,0.0
14.42,0.0,0.0,0.0,0.0
13.15,0.0,0.0,0.0,0.0
11.71,0.0,0.0,0.0,0.0
12.8,0.0,0.0,0.0,0.0
13.05,0.0,0.0,0.0,0.0
12.99,0.0,0.0,0.0,0.0
16.2,0.66,24.1,0.0,0.0
26.87,1.8,28.09,0.0,0.0
60.41,3.31,34.75,0.0,7.45653
53.49,3.59,36.18,0.0,29.2142
54.79,3.69,37.42,0.0,25.0351
56.03,4.38,38.64,0.0,79.1303
59.11,5.26,39.02,0.0,88.5672
55.24,4.98,42.21,0.0,112.781
51.77,3.14,41.41,0.0,44.9919
54.89,3.04,39.75,0.0,41.6874
58.68,4.06,40.83,0.0,0.0
42.62,2.41,40.83,0.0,0.0
18.38,1.93,40.55,0.0,0.0
16.36,1.41,43.94,0.0,0.0
15.7,1.57,42.73,0.0,0.0
13.96,0.74,40.21,0.0,0.0
15.73,0.47,0.0,0.0,0.0
17.21,0.47,0.0,0.0,0.0
12.48,0.0,0.0,0.0,0.0
13.06,0.0,0.0,0.0,0.0
13.52,0.0,0.0,0.0,0.0
12.04,0.0,0.0,0.0,0.0
13.13,0.0,0.0,0.0,0.0
14.25,0.0,0.0,0.0,0.0
18.83,0.66,5.37,0.0,0.0
31.38,1.8,9.41,0.0,0.0
64.74,3.31,14.32,0.0,98.2156
50.05,3.6,15.14,0.0,114.661
51.14,3.69,16.48,0.0,172.29
52.58,4.38,16.01,0.0,210.46400000000003
50.52,5.27,14.92,0.0,260.245
45.64,4.98,17.36,0.0,195.189
41.54,3.14,18.2,0.0,165.91400000000002
41.51,3.05,17.71,0.0,59.5167
50.27,4.06,17.72,0.0,8.35551
36.18,2.41,17.11,0.0,0.0
16.05,1.93,15.37,0.0,0.0
15.44,1.4,13.86,0.0,0.0
15.09,1.57,13.15,0.0,0.0
13.82,0.74,12.53,0.0,0.0
13.21,0.47,0.0,0.0,0.0
15.83,0.47,0.0,0.0,0.0
9.53,0.0,1.06,0.0,0.0
8.58,0.0,0.43,0.0,0.0
9.8,0.0,0.0,0.0,0.0
9.82,0.0,0.0,0.0,0.0
10.35,0.0,0.0,0.0,0.0
10.49,0.0,0.0,0.0,0.0
11.91,0.38,0.0,0.0,0.0
10.98,0.38,0.0,0.0,0.0
10.79,0.38,0.0,0.0,201.936
12.34,0.38,0.0,0.0,185.898
12.64,0.38,0.0,0.0,91.9364
11.04,0.57,0.0,0.0,108.416
11.21,0.57,0.0,0.0,26.6741
10.76,0.85,0.0,0.0,108.925
10.07,0.57,0.0,0.0,140.914
9.86,0.38,0.0,0.0,90.5624
10.95,0.38,0.0,0.0,26.7481
11.58,0.38,0.0,0.0,0.0
9.28,0.0,0.0,0.0,0.0
9.5,0.0,0.0,0.0,0.0
9.07,0.0,0.0,0.0,0.0
8.48,0.0,0.0,0.0,0.0
9.51,0.0,0.0,0.0,0.0
8.7,0.0,0.0,0.0,0.0
9.14,0.0,0.0,0.0,0.0
8.04,0.0,0.0,0.0,0.0
8.01,0.0,0.0,0.0,0.0
8.47,0.0,0.0,0.0,0.0
9.47,0.0,0.0,0.0,0.0
10.34,0.0,0.0,0.0,0.0
17.32,0.66,0.0,0.0,0.0
20.79,1.04,0.0,0.0,0.0
23.82,1.42,0.0,0.0,80.8935
28.49,1.99,0.0,0.0,112.392
24.11,1.8,0.0,0.0,292.141
29.23,2.18,0.0,0.0,256.196
23.63,1.9,0.0,0.0,192.497
19.25,1.8,0.0,0.0,73.6127
17.84,1.42,0.0,0.0,303.309
15.48,1.23,0.0,0.0,239.401
15.27,1.33,0.0,0.0,92.3991
14.12,0.66,0.0,0.0,0.0
11.06,0.66,0.0,0.0,0.0
8.1,0.0,0.0,0.0,0.0
9.6,0.0,0.0,0.0,0.0
9.52,0.0,0.0,0.0,0.0
8.84,0.0,0.0,0.0,0.0
9.34,0.0,0.0,0.0,0.0
9.29,0.0,0.0,0.0,0.0
9.78,0.0,0.0,0.0,0.0
8.81,0.0,0.0,0.0,0.0
8.07,0.0,0.0,0.0,0.0
8.5,0.0,0.0,0.0,0.0
7.86,0.0,0.0,0.0,0.0
9.44,0.38,0.0,0.0,0.0
9.26,0.38,0.0,0.0,0.0
10.12,0.38,0.0,0.0,186.31
9.54,0.38,0.0,0.0,178.623
9.25,0.38,0.0,0.0,259.29400000000004
9.34,0.57,0.0,0.0,216.213
9.45,0.57,0.0,0.0,351.085
10.1,0.85,0.0,0.0,370.388
11.56,0.57,0.0,0.0,395.007
11.17,0.38,0.0,0.0,413.586
10.59,0.38,0.0,0.0,189.202
12.25,0.38,0.0,0.0,5.0342400000000005
10.44,0.0,0.0,0.0,0.0
11.21,0.0,0.0,0.0,0.0
11.39,0.0,0.0,0.0,0.0
11.12,0.0,0.0,0.0,0.0
11.36,0.0,0.0,0.0,0.0
10.35,0.0,0.0,0.0,0.0
14.43,0.0,0.0,0.0,0.0
13.47,0.0,0.0,0.0,0.0
13.45,0.0,0.0,0.0,0.0
13.35,0.0,0.0,0.0,0.0
11.59,0.0,0.0,0.0,0.0
12.68,0.0,0.0,0.0,0.0
14.43,0.67,0.0,0.0,0.0
22.72,1.81,0.0,0.0,0.0
56.41,3.33,0.0,0.0,276.131
53.81,3.61,0.0,0.0,477.529
55.32,3.71,0.0,0.0,622.254
60.44,4.43,0.0,0.0,697.63
61.32,5.29,1.77,0.0,723.127
62.24,5.01,6.96,0.0,689.6610000000001
58.02,3.15,11.99,0.0,593.12
57.53,3.06,11.54,0.0,439.098
61.07,4.08,5.59,0.0,212.551
48.93,2.41,0.31,0.0,7.86787
24.0,1.94,0.0,0.0,0.0
20.52,1.4,0.0,0.0,0.0
20.77,1.56,0.0,0.0,0.0
18.13,0.74,0.0,0.0,0.0
18.34,0.47,0.0,0.0,0.0
18.31,0.48,0.0,0.0,0.0
15.43,0.0,0.0,0.0,0.0
14.73,0.0,0.0,0.0,0.0
13.46,0.0,0.0,0.0,0.0
12.49,0.0,0.0,0.0,0.0
11.73,0.0,0.0,0.0,0.0
11.1,0.0,0.0,0.0,0.0
15.07,0.67,0.0,0.0,0.0
23.49,1.81,0.0,0.0,0.0
56.05,3.33,0.0,0.0,278.391
50.63,3.61,0.0,0.0,482.651
45.74,3.71,0.0,0.0,621.566
46.76,4.39,0.0,0.0,637.2080000000001
43.94,5.29,0.0,0.0,667.198
46.82,5.01,0.0,0.0,575.901
44.59,3.16,0.0,0.0,584.964
48.75,3.06,0.0,0.0,405.75
54.15,4.08,0.0,0.0,168.829
37.59,2.41,0.0,0.0,0.0
18.48,1.95,0.0,0.0,0.0
14.62,1.38,0.0,0.0,0.0
13.63,1.57,0.0,0.0,0.0
14.63,0.76,0.0,0.0,0.0
13.07,0.48,0.0,0.0,0.0
12.46,0.48,0.0,0.0,0.0
11.09,0.0,0.0,0.0,0.0
12.76,0.0,0.0,0.0,0.0
11.29,0.0,0.0,0.0,0.0
10.52,0.0,0.0,0.0,0.0
11.59,0.0,0.0,0.0,0.0
10.76,0.0,0.0,0.0,0.0
13.41,0.67,0.0,0.0,0.0
23.87,1.81,0.0,0.0,0.0
48.43,3.33,2.26,0.0,250.521
46.99,3.62,21.25,0.0,436.082
43.3,3.71,36.91,0.0,576.047
41.49,4.41,43.94,0.0,660.561
49.56,5.3,48.06,0.0,681.06
53.85,5.01,53.8,0.0,649.941
44.37,3.16,51.93,0.0,563.7330000000001
48.93,3.06,43.37,0.0,412.332
53.4,4.09,32.46,0.0,189.962
38.16,2.42,22.98,0.0,8.101510000000001
19.98,1.94,18.94,0.0,0.0
17.82,1.41,18.22,0.0,0.0
19.08,1.58,15.45,0.0,0.0
19.01,0.74,11.25,0.0,0.0
19.16,0.48,0.0,0.0,0.0
19.16,0.48,0.0,0.0,0.0
14.12,0.0,0.0,0.0,0.0
13.66,0.0,0.0,0.0,0.0
13.0,0.0,0.0,0.0,0.0
11.27,0.0,0.0,0.0,0.0
10.95,0.0,0.0,0.0,0.0
11.16,0.0,0.0,0.0,0.0
15.59,0.67,8.3,0.0,0.0
27.91,1.81,10.26,0.0,0.0
54.66,3.33,10.76,0.0,11.0155
47.87,3.62,8.17,0.0,34.7679
45.11,3.72,9.83,0.0,78.7682
52.63,4.4,15.58,0.0,198.39
53.52,5.3,17.89,0.0,119.992
51.37,5.02,22.11,0.0,121.205
48.09,3.16,27.02,0.0,89.3638
51.4,3.07,26.31,0.0,114.675
49.14,4.09,28.91,0.0,181.04
34.27,2.42,31.09,0.0,7.838989999999999
18.23,1.95,30.45,0.0,0.0
15.3,1.39,28.91,0.0,0.0
13.87,1.56,21.8,0.0,0.0
13.49,0.76,17.9,0.0,0.0
12.59,0.48,0.0,0.0,0.0
13.42,0.48,0.0,0.0,0.0
12.39,0.0,0.0,0.0,0.0
13.17,0.0,0.0,0.0,0.0
11.81,0.0,0.0,0.0,0.0
11.05,0.0,0.0,0.0,0.0
12.38,0.0,0.0,0.0,0.0
12.55,0.0,0.0,0.0,0.0
16.75,0.67,2.23,0.0,0.0
30.42,1.81,6.91,0.0,0.0
66.98,3.34,19.39,0.0,148.321
50.84,3.62,27.44,0.0,223.461
53.16,3.72,38.36,0.0,236.797
50.68,4.42,59.44,0.0,547.984
48.1,5.3,77.2,0.0,645.746
46.73,5.02,81.78,0.0,629.191
44.56,3.16,66.65,0.0,441.41
46.87,3.07,66.46,0.0,306.828
44.9,4.09,54.43,0.0,137.594
39.2,2.43,34.96,0.0,0.0
18.53,1.95,25.65,0.0,0.0
17.17,1.41,26.81,0.0,0.0
18.69,1.58,25.62,0.0,0.0
17.31,0.75,23.79,0.0,0.0
17.07,0.48,0.0,0.0,0.0
15.7,0.48,0.0,0.0,0.0
10.53,0.0,0.0,0.0,0.0
10.14,0.0,0.0,0.0,0.0
10.28,0.0,0.0,0.0,0.0
9.96,0.0,0.0,0.0,0.0
10.51,0.0,0.0,0.0,0.0
10.97,0.0,0.0,0.0,0.0
19.16,0.67,36.33,0.0,0.0
25.21,1.05,44.61,0.0,0.0
26.59,1.43,47.34,0.0,171.678
27.01,2.0,65.84,0.0,200.019
26.66,1.81,71.97,0.0,309.613
28.53,2.19,76.09,0.0,460.055
21.44,1.91,86.03,0.0,656.069
19.07,1.81,88.62,0.0,642.688
16.33,1.43,85.17,0.0,565.15
15.92,1.24,71.25,0.0,424.664
16.82,1.34,49.29,0.0,196.87
16.23,0.67,38.72,0.0,0.710329
14.25,0.67,0.0,0.0,0.0
11.6,0.0,0.0,0.0,0.0
10.51,0.0,0.0,0.0,0.0
11.0,0.0,0.0,0.0,0.0
11.49,0.0,0.0,0.0,0.0
11.6,0.0,0.0,0.0,0.0
11.44,0.0,0.0,0.0,0.0
11.06,0.0,0.0,0.0,0.0
10.3,0.0,0.0,0.0,0.0
10.52,0.0,0.0,0.0,0.0
10.79,0.0,0.0,0.0,0.0
9.91,0.0,0.0,0.0,0.0
10.94,0.38,0.0,0.0,0.0
10.96,0.38,0.0,0.0,0.0
11.67,0.38,0.0,0.0,18.3147
11.82,0.38,0.0,0.0,36.5058
12.51,0.38,0.0,0.0,80.0077
11.02,0.57,0.0,0.0,192.094
10.36,0.57,0.0,0.0,301.28
11.92,0.86,0.0,0.0,555.6669999999999
10.82,0.57,0.0,0.0,615.8330000000001
10.17,0.38,0.0,0.0,454.315
12.13,0.38,0.0,0.0,223.496
10.82,0.38,0.0,0.0,15.8406
8.71,0.0,0.0,0.0,0.0
7.89,0.0,0.0,0.0,0.0
9.02,0.0,0.0,0.0,0.0
9.2,0.0,0.0,0.0,0.0
9.45,0.0,0.0,0.0,0.0
9.08,0.0,0.0,0.0,0.0
13.05,0.0,0.0,0.0,0.0
12.98,0.0,0.0,0.0,0.0
11.92,0.0,0.0,0.0,0.0
13.59,0.0,0.0,0.0,0.0
13.5,0.0,0.0,0.0,0.0
14.59,0.0,0.0,0.0,0.0
18.58,0.67,0.0,0.0,0.0
29.9,1.81,0.0,0.0,0.0
62.72,3.34,0.0,0.0,276.665
54.13,3.63,0.0,0.0,475.284
51.66,3.73,0.0,0.0,612.827
56.49,4.45,0.0,0.0,707.5210000000001
58.74,5.32,0.0,0.0,727.238
62.45,5.03,0.0,0.0,701.633
58.02,3.17,0.0,0.0,603.447
58.02,3.08,0.0,0.0,441.954
61.16,4.1,0.0,0.0,219.512
44.79,2.42,0.0,0.0,14.1418
19.69,1.96,0.0,0.0,0.0
17.29,1.39,0.0,0.0,0.0
15.3,1.57,0.0,0.0,0.0
15.17,0.76,0.0,0.0,0.0
13.54,0.48,0.0,0.0,0.0
12.85,0.48,0.0,0.0,0.0
12.78,0.0,0.0,0.0,0.0
13.03,0.0,0.0,0.0,0.0
13.27,0.0,0.0,0.0,0.0
13.18,0.0,0.0,0.0,0.0
14.29,0.0,0.0,0.0,0.0
15.45,0.0,0.0,0.0,0.0
19.16,0.67,0.0,0.0,0.0
33.26,1.82,0.0,0.0,0.0
66.26,3.35,0.0,0.0,248.0
51.08,3.63,0.0,0.0,441.186
42.74,3.73,1.69,0.0,559.1
51.69,4.43,11.02,0.0,645.794
47.96,5.32,14.94,0.0,694.324
51.46,5.03,21.07,0.0,658.5
52.44,3.17,23.35,0.0,581.934
48.14,3.08,22.4,0.0,430.597
44.72,4.1,18.39,0.0,221.766
38.43,2.43,8.34,0.0,18.2717
21.03,1.95,1.03,0.0,0.0
17.19,1.41,0.0,0.0,0.0
15.78,1.58,0.0,0.0,0.0
13.51,0.74,0.0,0.0,0.0
15.49,0.48,0.0,0.0,0.0
14.68,0.48,0.0,0.0,0.0
12.09,0.0,0.0,0.0,0.0
12.75,0.0,0.0,0.0,0.0
12.11,0.0,0.0,0.0,0.0
12.14,0.0,0.0,0.0,0.0
13.18,0.0,0.0,0.0,0.0
14.11,0.0,0.0,0.0,0.0
18.39,0.67,0.0,0.0,0.0
28.24,1.82,0.0,0.0,0.0
59.29,3.35,0.0,0.0,264.815
49.82,3.63,9.24,0.0,458.972
46.36,3.73,20.86,0.0,602.572
44.9,4.42,29.54,0.0,675.363
53.13,5.32,33.47,0.0,705.758
48.79,5.04,37.85,0.0,680.3960000000001
49.8,3.17,37.64,0.0,593.765
52.97,3.08,34.37,0.0,443.165
60.61,4.11,24.61,0.0,228.336
44.38,2.42,12.34,0.0,18.6461
23.31,1.97,5.05,0.0,0.0
20.77,1.38,0.8,0.0,0.0
19.08,1.6,0.0,0.0,0.0
16.18,0.76,0.0,0.0,0.0
16.59,0.48,0.0,0.0,0.0
17.71,0.48,0.0,0.0,0.0
12.94,0.0,0.0,0.0,0.0
13.07,0.0,0.0,0.0,0.0
12.78,0.0,0.0,0.0,0.0
13.51,0.0,0.0,0.0,0.0
12.9,0.0,0.0,0.0,0.0
11.55,0.0,0.0,0.0,0.0
13.35,0.67,0.0,0.0,0.0
22.78,1.82,4.52,0.0,0.0
48.28,3.35,17.97,0.0,91.4047
47.26,3.64,34.92,0.0,194.622
44.66,3.73,46.11,0.0,330.616
44.41,4.43,54.4,0.0,316.763
42.95,5.32,57.58,0.0,236.012
45.85,5.04,55.52,0.0,39.4936
49.53,3.18,51.29,0.0,37.0139
50.41,3.08,48.61,0.0,89.8206
47.45,4.11,48.82,0.0,31.4441
34.03,2.43,46.68,0.0,0.0
17.35,1.96,44.77,0.0,0.0
16.25,1.4,42.68,0.0,0.0
16.08,1.57,39.26,0.0,0.0
15.89,0.74,27.78,0.0,0.0
14.84,0.48,0.0,0.0,0.0
15.33,0.48,0.0,0.0,0.0
13.45,0.0,0.0,0.0,0.0
13.79,0.0,0.0,0.0,0.0
12.12,0.0,0.0,0.0,0.0
11.76,0.0,0.0,0.0,0.0
12.95,0.0,0.0,0.0,0.0
12.67,0.0,0.0,0.0,0.0
15.46,0.67,16.06,0.0,0.0
24.03,1.82,22.57,0.0,0.0
55.25,3.35,36.21,0.0,207.855
48.61,3.64,57.6,0.0,398.726
44.51,3.73,80.8,0.0,488.034
46.3,4.42,98.58,0.0,665.207
45.73,5.33,104.81,0.0,703.346
42.84,5.05,107.67,0.0,671.558
45.4,3.18,103.12,0.0,583.258
51.12,3.08,93.59,0.0,433.503
50.02,4.11,78.51,0.0,218.2
39.27,2.42,62.58,0.0,17.1065
21.63,1.97,48.21,0.0,0.0
19.4,1.39,35.34,0.0,0.0
19.58,1.61,29.03,0.0,0.0
16.99,0.76,16.55,0.0,0.0
18.39,0.48,0.0,0.0,0.0
16.95,0.48,0.0,0.0,0.0
9.07,0.0,0.0,0.0,0.0
8.67,0.0,0.0,0.0,0.0
9.56,0.0,0.0,0.0,0.0
10.47,0.0,0.0,0.0,0.0
10.49,0.0,0.0,0.0,0.0
11.25,0.0,0.0,0.0,0.0
19.16,0.67,0.0,0.0,0.0
24.19,1.05,0.0,0.0,0.0
27.64,1.44,6.74,0.0,260.48
32.29,2.01,19.06,0.0,450.249
28.19,1.82,32.34,0.0,590.264
31.04,2.2,46.09,0.0,665.9810000000001
21.12,1.92,53.15,0.0,692.808
17.95,1.82,50.72,0.0,610.653
17.59,1.44,45.18,0.0,447.275
15.5,1.24,39.02,0.0,190.73
15.02,1.34,34.7,0.0,68.1082
11.89,0.67,29.81,0.0,0.0
10.15,0.67,0.0,0.0,0.0
9.61,0.0,0.0,0.0,0.0
9.42,0.0,0.0,0.0,0.0
9.15,0.0,0.0,0.0,0.0
9.56,0.0,0.0,0.0,0.0
10.55,0.0,0.0,0.0,0.0
10.98,0.0,0.0,0.0,0.0
9.97,0.0,0.0,0.0,0.0
9.48,0.0,0.0,0.0,0.0
9.02,0.0,0.0,0.0,0.0
8.01,0.0,0.0,0.0,0.0
7.54,0.0,0.0,0.0,0.0
10.0,0.38,0.0,0.0,0.0
11.4,0.38,0.0,0.0,0.0
10.62,0.38,0.0,0.0,270.383
9.96,0.38,0.0,0.0,476.33
10.8,0.38,0.0,0.0,625.943
10.86,0.57,0.0,0.0,720.335
11.11,0.57,0.0,0.0,747.7769999999999
10.91,0.86,0.0,0.0,711.829
11.18,0.57,0.98,0.0,613.313
12.73,0.38,0.55,0.0,463.139
11.06,0.38,0.0,0.0,245.888
12.36,0.38,0.0,0.0,25.0876
8.88,0.0,0.0,0.0,0.0
10.02,0.0,0.0,0.0,0.0
9.33,0.0,0.0,0.0,0.0
8.47,0.0,0.0,0.0,0.0
9.31,0.0,0.0,0.0,0.0
8.4,0.0,0.0,0.0,0.0
11.79,0.0,0.0,0.0,0.0
13.14,0.0,0.0,0.0,0.0
13.27,0.0,0.0,0.0,0.0
13.54,0.0,0.0,0.0,0.0
14.22,0.0,0.0,0.0,0.0
15.28,0.0,0.0,0.0,0.0
18.5,0.67,0.0,0.0,0.0
28.78,1.82,0.0,0.0,0.0
67.13,3.35,0.0,0.0,270.113
59.7,3.64,0.0,0.0,461.733
51.85,3.74,0.0,0.0,612.161
51.35,4.46,0.0,0.0,700.5089999999999
57.45,5.33,0.07,0.0,708.253
53.31,5.05,3.51,0.0,701.685
48.07,3.18,6.52,0.0,615.195
47.14,3.09,6.68,0.0,455.551
54.05,4.12,4.15,0.0,241.483
46.59,2.43,0.3,0.0,26.9649
20.67,1.97,0.0,0.0,0.0
18.79,1.39,0.0,0.0,0.0
18.92,1.59,0.0,0.0,0.0
17.5,0.76,0.0,0.0,0.0
17.64,0.48,0.0,0.0,0.0
18.34,0.48,0.0,0.0,0.0
13.58,0.0,0.0,0.0,0.0
12.57,0.0,0.0,0.0,0.0
11.51,0.0,0.0,0.0,0.0
13.0,0.0,0.0,0.0,0.0
11.7,0.0,0.0,0.0,0.0
13.47,0.0,0.0,0.0,0.0
14.86,0.67,0.0,0.0,0.0
24.39,1.82,0.0,0.0,0.0
52.37,3.36,0.0,0.0,268.076
42.66,3.64,0.0,0.0,465.208
45.76,3.74,4.36,0.0,609.716
47.56,4.44,16.68,0.0,695.9730000000001
47.75,5.34,22.88,0.0,721.763
54.15,5.05,22.44,0.0,706.503
46.71,3.18,19.5,0.0,612.719
43.35,3.09,15.67,0.0,453.657
51.66,4.12,9.81,0.0,241.083
38.35,2.43,1.36,0.0,23.4749
20.44,1.96,0.0,0.0,0.0
17.7,1.4,0.0,0.0,0.0
16.1,1.57,0.0,0.0,0.0
13.14,0.77,0.0,0.0,0.0
14.78,0.48,0.0,0.0,0.0
14.87,0.48,0.0,0.0,0.0
11.99,0.0,0.0,0.0,0.0
12.57,0.0,0.0,0.0,0.0
10.99,0.0,0.0,0.0,0.0
11.29,0.0,0.0,0.0,0.0
12.62,0.0,0.0,0.0,0.0
12.38,0.0,0.0,0.0,0.0
14.89,0.67,16.34,0.0,0.0
23.67,1.82,21.0,0.0,0.0
48.34,3.36,36.37,0.0,232.418
40.52,3.64,57.22,0.0,421.149
44.72,3.74,78.75,0.0,540.42
51.87,4.45,82.1,0.0,429.249
50.94,5.34,78.2,0.0,131.178
47.54,5.05,76.62,0.0,177.007
48.07,3.19,75.04,0.0,258.894
51.42,3.09,70.26,0.0,219.086
53.78,4.12,66.34,0.0,95.4245
42.25,2.44,59.13,0.0,2.65895
18.72,1.96,53.36,0.0,0.0
15.01,1.41,52.35,0.0,0.0
16.03,1.58,50.93,0.0,0.0
15.18,0.74,54.17,0.0,0.0
15.63,0.48,0.0,0.0,0.0
16.94,0.48,0.0,0.0,0.0
13.9,0.0,0.0,0.0,0.0
12.43,0.0,0.0,0.0,0.0
12.46,0.0,0.0,0.0,0.0
11.49,0.0,0.0,0.0,0.0
12.35,0.0,0.0,0.0,0.0
13.74,0.0,0.0,0.0,0.0
17.1,0.67,21.53,0.0,0.0
29.93,1.82,21.07,0.0,0.0
58.15,3.36,28.64,0.0,218.862
44.81,3.65,63.27,0.0,379.196
40.29,3.74,96.19,0.0,517.0
44.26,4.43,106.7,0.0,504.265
48.51,5.34,109.83,0.0,572.007
51.74,5.06,108.88,0.0,324.411
47.07,3.18,106.5,0.0,400.401
47.69,3.09,103.63,0.0,321.202
49.48,4.12,98.05,0.0,183.86
42.43,2.43,88.71,0.0,10.5108
22.35,1.97,80.38,0.0,0.0
17.48,1.39,76.32,0.0,0.0
17.75,1.61,73.14,0.0,0.0
17.34,0.76,68.93,0.0,0.0
15.13,0.48,0.0,0.0,0.0
13.64,0.48,0.0,0.0,0.0
11.4,0.0,0.0,0.0,0.0
10.33,0.0,0.0,0.0,0.0
12.06,0.0,0.0,0.0,0.0
12.92,0.0,0.0,0.0,0.0
14.16,0.0,0.0,0.0,0.0
14.61,0.0,0.0,0.0,0.0
16.92,0.67,0.0,0.0,0.0
30.5,1.82,0.0,0.0,0.0
66.56,3.36,0.0,0.0,104.28
55.54,3.65,0.0,0.0,278.039
56.19,3.74,0.0,0.0,147.284
55.07,4.44,0.0,0.0,140.224
60.43,5.34,0.0,0.0,208.941
61.53,5.06,0.0,0.0,89.9297
56.02,3.18,0.0,0.0,58.4117
58.02,3.09,0.0,0.0,17.5971
56.04,4.12,0.0,0.0,4.5029900000000005
44.14,2.43,0.0,0.0,0.0
20.99,1.97,0.0,0.0,0.0
18.83,1.39,0.0,0.0,0.0
18.77,1.59,0.0,0.0,0.0
15.52,0.77,0.0,0.0,0.0
13.65,0.48,0.0,0.0,0.0
14.62,0.48,0.0,0.0,0.0
8.41,0.0,0.0,0.0,0.0
8.44,0.0,0.0,0.0,0.0
9.56,0.0,0.0,0.0,0.0
9.79,0.0,0.0,0.0,0.0
9.24,0.0,0.0,0.0,0.0
9.1,0.0,0.0,0.0,0.0
17.06,0.67,0.0,0.0,0.0
21.23,1.06,0.0,0.0,61.7074
23.69,1.44,0.0,0.0,284.867
25.86,2.02,0.0,0.0,498.319
22.27,1.82,0.0,0.0,648.001
23.58,2.21,0.0,0.0,753.36
21.03,1.92,0.0,0.0,775.6610000000001
17.46,1.82,0.0,0.0,754.045
14.7,1.44,0.0,0.0,655.784
14.27,1.25,0.0,0.0,501.66
13.0,1.34,0.0,0.0,275.735
12.36,0.67,0.0,0.0,31.541
10.6,0.67,0.0,0.0,0.0
7.85,0.0,0.0,0.0,0.0
7.88,0.0,0.0,0.0,0.0
7.87,0.0,0.0,0.0,0.0
7.61,0.0,0.0,0.0,0.0
8.08,0.0,0.0,0.0,0.0
8.9,0.0,0.0,0.0,0.0
9.72,0.0,0.0,0.0,0.0
9.52,0.0,0.0,0.0,0.0
10.4,0.0,0.0,0.0,0.0
9.48,0.0,0.0,0.0,0.0
9.16,0.0,0.0,0.0,0.0
12.04,0.38,0.0,0.0,0.0
11.01,0.38,0.0,0.0,61.753
12.42,0.38,0.0,0.0,276.905
12.79,0.38,0.0,0.0,483.092
11.39,0.38,0.0,0.0,622.692
11.74,0.58,0.0,0.0,658.4810000000001
12.52,0.58,0.0,0.0,738.8939999999999
11.52,0.86,0.0,0.0,704.5219999999999
10.85,0.58,0.0,0.0,614.0740000000001
9.74,0.38,0.0,0.0,488.07
9.7,0.38,0.0,0.0,272.515
9.78,0.38,0.0,0.0,30.917
9.31,0.0,0.0,0.0,0.0
9.04,0.0,0.0,0.0,0.0
8.1,0.0,0.0,0.0,0.0
8.53,0.0,0.0,0.0,0.0
8.79,0.0,0.0,0.0,0.0
8.87,0.0,0.0,0.0,0.0
11.52,0.0,0.0,0.0,0.0
11.63,0.0,0.0,0.0,0.0
10.8,0.0,0.0,0.0,0.0
10.88,0.0,0.0,0.0,0.0
12.61,0.0,0.0,0.0,0.0
12.08,0.0,0.0,0.0,0.0
15.26,0.67,18.62,0.0,0.0
29.2,1.82,25.18,0.0,23.2859
65.16,3.36,37.39,0.0,114.86
59.93,3.65,48.93,0.0,254.664
58.02,3.74,56.81,0.0,269.068
60.44,4.47,64.12,0.0,220.746
61.33,5.34,69.08,0.0,353.088
57.02,5.06,77.49,0.0,623.3009999999999
54.49,3.19,79.15,0.0,522.566
54.28,3.09,76.01,0.0,250.794
57.51,4.12,70.82,0.0,231.45
47.45,2.43,56.94,0.0,24.1014
21.3,1.97,50.67,0.0,0.0
18.68,1.38,49.2,0.0,0.0
19.98,1.6,50.47,0.0,0.0
16.84,0.76,60.44,0.0,0.0
15.1,0.48,0.0,0.0,0.0
14.56,0.48,0.0,0.0,0.0
12.24,0.0,0.0,0.0,0.0
12.53,0.0,0.0,0.0,0.0
11.54,0.0,0.0,0.0,0.0
11.3,0.0,0.0,0.0,0.0
11.66,0.0,0.0,0.0,0.0
12.35,0.0,0.0,0.0,0.0
16.86,0.67,68.51,0.0,0.0
28.23,1.82,70.55,0.0,27.6455
55.06,3.36,77.5,0.0,105.656
52.08,3.65,81.46,0.0,172.46900000000002
52.23,3.74,84.56,0.0,218.884
51.15,4.44,86.79,0.0,259.581
46.59,5.34,89.55,0.0,269.801
51.33,5.06,91.69,0.0,241.441
50.29,3.19,87.67,0.0,40.7267
51.64,3.09,48.54,0.0,22.6808
50.98,4.12,24.44,0.0,6.68818
40.11,2.43,20.4,0.0,0.0
19.08,1.97,18.54,0.0,0.0
15.22,1.39,18.7,0.0,0.0
17.89,1.59,16.63,0.0,0.0
16.44,0.77,5.01,0.0,0.0
16.57,0.48,0.0,0.0,0.0
17.64,0.48,0.0,0.0,0.0
14.22,0.0,0.0,0.0,0.0
12.47,0.0,0.0,0.0,0.0
10.97,0.0,0.0,0.0,0.0
11.77,0.0,0.0,0.0,0.0
11.82,0.0,0.0,0.0,0.0
11.6,0.0,0.0,0.0,0.0
16.27,0.67,0.0,0.0,0.0
26.74,1.82,0.0,0.0,18.0028
63.94,3.36,0.0,0.0,80.5979
48.03,3.65,0.0,0.0,140.67600000000002
44.03,3.74,0.0,0.0,174.705
49.31,4.45,0.0,0.0,262.149
50.01,5.34,0.0,0.0,400.03
48.17,5.06,0.0,0.0,450.381
43.05,3.19,0.0,0.0,377.047
48.61,3.09,0.0,0.0,274.17
57.0,4.12,0.0,0.0,132.532
46.08,2.44,0.0,0.0,8.48521
23.58,1.97,0.0,0.0,0.0
20.02,1.4,0.0,0.0,0.0
20.29,1.57,0.0,0.0,0.0
19.16,0.77,0.0,0.0,0.0
17.98,0.48,0.0,0.0,0.0
18.47,0.48,0.0,0.0,0.0
15.46,0.0,0.0,0.0,0.0
14.18,0.0,0.0,0.0,0.0
14.28,0.0,0.0,0.0,0.0
13.86,0.0,0.0,0.0,0.0
13.3,0.0,0.0,0.0,0.0
11.91,0.0,0.0,0.0,0.0
15.82,0.67,0.0,0.0,0.0
25.38,1.82,0.0,0.0,38.7974
57.14,3.36,0.0,0.0,177.05
48.65,3.65,0.0,0.0,385.105
46.04,3.74,0.0,0.0,648.639
45.92,4.45,0.0,0.0,749.2189999999999
52.53,5.34,1.68,0.0,783.7260000000001
50.0,5.06,12.23,0.0,751.39
41.59,3.19,17.73,0.0,658.4780000000001
47.9,3.09,17.86,0.0,501.003
45.67,4.12,11.55,0.0,294.683
39.3,2.44,0.84,0.0,37.4046
19.51,1.96,0.0,0.0,0.0
18.72,1.41,0.0,0.0,0.0
20.1,1.57,0.0,0.0,0.0
19.16,0.74,0.0,0.0,0.0
17.88,0.48,0.0,0.0,0.0
16.24,0.48,0.0,0.0,0.0
13.94,0.0,0.0,0.0,0.0
13.09,0.0,0.0,0.0,0.0
13.69,0.0,0.0,0.0,0.0
12.86,0.0,0.0,0.0,0.0
12.04,0.0,0.0,0.0,0.0
11.71,0.0,0.0,0.0,0.0
13.64,0.67,0.0,0.0,0.0
21.92,1.82,0.0,0.0,61.0518
45.58,3.36,3.61,0.0,269.356
41.07,3.65,23.3,0.0,462.235
48.3,3.74,40.36,0.0,603.143
49.69,4.43,52.97,0.0,683.1510000000001
45.04,5.34,61.68,0.0,713.558
50.39,5.06,71.04,0.0,703.5989999999999
47.49,3.18,72.29,0.0,621.1759999999999
49.25,3.09,69.8,0.0,480.05300000000005
53.52,4.12,56.15,0.0,274.728
36.94,2.43,37.52,0.0,34.2767
17.02,1.96,29.22,0.0,0.0
15.86,1.41,23.9,0.0,0.0
16.96,1.6,14.64,0.0,0.0
15.13,0.75,3.23,0.0,0.0
15.02,0.48,0.0,0.0,0.0
13.45,0.48,0.0,0.0,0.0
7.89,0.0,0.0,0.0,0.0
8.32,0.0,0.0,0.0,0.0
8.95,0.0,0.0,0.0,0.0
8.16,0.0,0.0,0.0,0.0
9.27,0.0,0.0,0.0,0.0
9.46,0.0,0.0,0.0,0.0
16.62,0.67,0.0,0.0,0.0
23.63,1.06,5.09,0.0,20.0667
28.89,1.44,24.48,0.0,75.7103
28.4,2.02,43.77,0.0,189.157
29.84,1.82,64.2,0.0,465.027
29.0,2.21,71.22,0.0,448.906
21.96,1.92,72.16,0.0,406.782
18.73,1.82,71.73,0.0,325.29200000000003
17.88,1.44,70.62,0.0,278.191
17.28,1.25,69.0,0.0,211.401
16.21,1.34,66.12,0.0,102.12
14.72,0.67,62.75,0.0,6.61204
12.94,0.67,0.0,0.0,0.0
10.99,0.0,0.0,0.0,0.0
11.54,0.0,0.0,0.0,0.0
10.93,0.0,0.0,0.0,0.0
10.37,0.0,0.0,0.0,0.0
10.17,0.0,0.0,0.0,0.0
9.45,0.0,0.0,0.0,0.0
8.81,0.0,0.0,0.0,0.0
8.69,0.0,0.0,0.0,0.0
8.93,0.0,0.0,0.0,0.0
7.97,0.0,0.0,0.0,0.0
8.0,0.0,0.0,0.0,0.0
11.24,0.38,0.0,0.0,0.0
11.1,0.38,0.0,0.0,45.2766
10.72,0.38,0.0,0.0,195.675
10.39,0.38,0.0,0.0,408.779
10.69,0.38,0.0,0.0,511.982
11.07,0.58,0.0,0.0,441.518
11.62,0.58,0.0,0.0,435.087
10.83,0.86,0.0,0.0,370.61
9.94,0.58,13.21,0.0,461.966
11.86,0.38,7.79,0.0,386.55
13.11,0.38,31.78,0.0,244.679
12.54,0.38,0.0,0.0,27.7095
9.56,0.0,0.0,0.0,0.0
9.03,0.0,0.0,0.0,0.0
9.35,0.0,0.0,0.0,0.0
8.64,0.0,0.0,0.0,0.0
7.8,0.0,0.0,0.0,0.0
7.65,0.0,0.0,0.0,0.0
10.96,0.0,0.0,0.0,0.0
11.56,0.0,0.0,0.0,0.0
12.41,0.0,0.0,0.0,0.0
12.03,0.0,0.0,0.0,0.0
13.31,0.0,0.0,0.0,0.0
11.73,0.0,0.0,0.0,0.0
16.53,0.67,73.13,0.0,0.0
30.3,1.82,79.88,0.0,55.7269
69.68,3.36,85.83,0.0,245.351
55.26,3.65,93.0,0.0,265.23400000000004
48.24,3.74,98.84,0.0,268.705
54.24,4.47,112.01,0.0,485.698
49.31,5.34,129.3,0.0,665.873
52.76,5.06,140.11,0.0,572.514
46.35,3.18,145.84,0.0,573.7130000000001
43.93,3.09,149.02,0.0,436.895
51.74,4.12,138.64,0.0,246.426
39.45,2.43,114.79,0.0,29.6968
20.52,1.97,106.36,0.0,0.0
18.66,1.38,102.1,0.0,0.0
19.41,1.6,97.42,0.0,0.0
18.61,0.76,93.94,0.0,0.0
19.01,0.48,0.0,0.0,0.0
19.16,0.48,0.0,0.0,0.0
15.46,0.0,0.0,0.0,0.0
15.46,0.0,0.0,0.0,0.0
14.26,0.0,0.0,0.0,0.0
13.25,0.0,0.0,0.0,0.0
11.98,0.0,0.0,0.0,0.0
11.03,0.0,0.0,0.0,0.0
16.3,0.67,113.97,0.0,0.0
27.12,1.82,109.49,0.0,56.3822
53.7,3.36,114.93,0.0,146.387
46.41,3.65,127.2,0.0,382.869
45.17,3.74,133.14,0.0,300.589
49.71,4.44,136.37,0.0,184.702
50.09,5.34,148.68,0.0,438.886
53.04,5.06,146.2,0.0,311.72900000000004
52.64,3.18,132.63,0.0,136.142
48.28,3.09,131.97,0.0,34.8428
56.02,4.12,134.03,0.0,140.626
41.9,2.44,124.68,0.0,19.5288
18.57,1.97,116.66,0.0,0.0
15.8,1.4,113.31,0.0,0.0
17.41,1.57,111.21,0.0,0.0
15.61,0.77,110.93,0.0,0.0
14.7,0.48,0.0,0.0,0.0
14.86,0.48,0.0,0.0,0.0
11.46,0.0,0.0,0.0,0.0
12.27,0.0,0.0,0.0,0.0
10.94,0.0,0.0,0.0,0.0
11.12,0.0,0.0,0.0,0.0
11.81,0.0,0.0,0.0,0.0
10.81,0.0,0.0,0.0,0.0
15.66,0.67,10.85,0.0,0.0
27.13,1.82,14.75,0.0,0.0
58.92,3.36,21.42,0.0,15.9635
46.25,3.64,30.4,0.0,299.341
44.04,3.74,34.88,0.0,186.665
47.41,4.45,35.67,0.0,307.71
54.72,5.34,38.56,0.0,326.91
48.19,5.05,40.7,0.0,271.04
44.07,3.19,38.25,0.0,235.605
41.55,3.09,40.03,0.0,128.705
51.34,4.12,37.23,0.0,98.677
41.9,2.44,27.94,0.0,43.6484
20.49,1.96,23.44,0.0,0.0
16.3,1.41,22.69,0.0,0.0
15.57,1.58,19.84,0.0,0.0
14.42,0.75,13.8,0.0,0.0
15.82,0.48,0.0,0.0,0.0
13.95,0.48,0.0,0.0,0.0
12.5,0.0,0.0,0.0,0.0
13.62,0.0,0.0,0.0,0.0
12.49,0.0,0.0,0.0,0.0
11.93,0.0,0.0,0.0,0.0
11.09,0.0,0.0,0.0,0.0
13.1,0.0,0.0,0.0,0.0
16.27,0.67,0.0,0.0,0.0
28.75,1.82,0.0,0.0,67.7191
57.27,3.36,0.0,0.0,288.658
48.33,3.64,0.0,0.0,503.011
50.84,3.74,0.0,0.0,656.2810000000001
49.19,4.43,0.0,0.0,754.84
53.92,5.34,0.07,0.0,804.597
57.19,5.06,5.27,0.0,785.216
56.74,3.18,7.75,0.0,688.959
54.32,3.09,7.01,0.0,539.436
54.57,4.12,3.87,0.0,321.41
43.83,2.43,0.0,0.0,68.6516
20.58,1.97,0.0,0.0,0.0
17.12,1.38,0.0,0.0,0.0
18.87,1.6,0.0,0.0,0.0
15.45,0.76,0.0,0.0,0.0
14.0,0.48,0.0,0.0,0.0
14.15,0.48,0.0,0.0,0.0
12.89,0.0,0.0,0.0,0.0
12.59,0.0,0.0,0.0,0.0
13.77,0.0,0.0,0.0,0.0
12.11,0.0,0.0,0.0,0.0
12.86,0.0,0.0,0.0,0.0
13.57,0.0,0.0,0.0,0.0
15.06,0.67,0.0,0.0,0.0
29.47,1.82,0.0,0.0,73.6832
57.21,3.36,0.0,0.0,303.48900000000003
43.54,3.64,0.0,0.0,522.029
49.6,3.74,0.0,0.0,668.7339999999999
53.51,4.43,0.0,0.0,770.903
51.85,5.33,0.0,0.0,782.941
56.9,5.05,0.0,0.0,764.952
57.29,3.18,0.06,0.0,672.975
56.17,3.09,2.15,0.0,532.165
61.64,4.12,0.7,0.0,319.907
48.93,2.43,0.0,0.0,73.1518
24.0,1.97,0.0,0.0,0.0
20.77,1.39,0.0,0.0,0.0
19.87,1.58,0.0,0.0,0.0
18.95,0.77,0.0,0.0,0.0
19.16,0.48,0.0,0.0,0.0
19.16,0.48,0.0,0.0,0.0
11.32,0.0,0.0,0.0,0.0
10.61,0.0,0.0,0.0,0.0
11.39,0.0,0.0,0.0,0.0
11.6,0.0,0.0,0.0,0.0
10.82,0.0,0.0,0.0,0.0
11.6,0.0,0.0,0.0,0.0
18.73,0.67,0.0,0.0,0.0
25.61,1.05,0.0,0.0,71.0452
29.59,1.44,0.0,0.0,250.298
29.91,2.01,1.17,0.0,418.792
27.34,1.82,5.27,0.0,436.651
28.77,2.2,6.35,0.0,648.379
20.6,1.92,7.14,0.0,766.169
18.69,1.82,8.74,0.0,678.737
16.81,1.44,7.26,0.0,465.92800000000005
15.81,1.25,5.63,0.0,341.923
15.69,1.34,1.67,0.0,216.116
13.87,0.67,0.0,0.0,32.1287
11.58,0.67,0.0,0.0,0.0
8.32,0.0,0.0,0.0,0.0
8.49,0.0,0.0,0.0,0.0
8.75,0.0,0.0,0.0,0.0
9.14,0.0,0.0,0.0,0.0
9.82,0.0,0.0,0.0,0.0
9.5,0.0,0.0,0.0,0.0
10.54,0.0,0.0,0.0,0.0
10.96,0.0,0.0,0.0,0.0
11.27,0.0,0.0,0.0,0.0
11.6,0.0,0.0,0.0,0.0
10.6,0.0,0.0,0.0,0.0
12.36,0.38,0.0,0.0,0.0
13.31,0.38,0.0,0.0,73.0086
11.65,0.38,0.0,0.0,291.719
11.5,0.38,0.0,0.0,491.641
11.61,0.38,0.0,0.0,640.659
11.63,0.57,1.28,0.0,736.686
11.99,0.57,7.06,0.0,761.5319999999999
11.13,0.86,9.55,0.0,721.201
9.98,0.57,11.29,0.0,640.684
11.08,0.38,2.2,0.0,505.687
12.43,0.38,0.0,0.0,313.513
13.06,0.38,0.0,0.0,72.3013
9.28,0.0,0.0,0.0,0.0
8.36,0.0,0.0,0.0,0.0
8.86,0.0,0.0,0.0,0.0
8.04,0.0,0.0,0.0,0.0
9.08,0.0,0.0,0.0,0.0
8.41,0.0,0.0,0.0,0.0
12.51,0.0,0.0,0.0,0.0
11.31,0.0,0.0,0.0,0.0
11.69,0.0,0.0,0.0,0.0
12.43,0.0,0.0,0.0,0.0
12.29,0.0,0.0,0.0,0.0
11.99,0.0,0.0,0.0,0.0
15.56,0.67,0.0,0.0,0.0
27.48,1.82,0.0,0.0,70.8087
56.07,3.35,1.94,0.0,288.09
47.79,3.64,11.23,0.0,498.926
50.87,3.73,18.53,0.0,658.9680000000001
55.53,4.46,21.82,0.0,771.6489999999999
58.78,5.33,22.4,0.0,821.3480000000001
56.21,5.05,25.54,0.0,798.592
52.37,3.18,25.22,0.0,710.34
51.59,3.08,19.46,0.0,556.884
54.36,4.11,11.64,0.0,336.345
41.02,2.43,3.04,0.0,81.0597
18.49,1.97,0.0,0.0,0.0
15.46,1.39,0.0,0.0,0.0
17.25,1.59,0.0,0.0,0.0
16.0,0.76,0.0,0.0,0.0
17.41,0.48,0.0,0.0,0.0
16.54,0.48,0.0,0.0,0.0
11.93,0.0,0.0,0.0,0.0
11.56,0.0,0.0,0.0,0.0
11.14,0.0,0.0,0.0,0.0
11.69,0.0,0.0,0.0,0.0
12.68,0.0,0.0,0.0,0.0
11.17,0.0,0.0,0.0,0.0
14.87,0.67,0.0,0.0,0.0
23.8,1.82,0.0,0.0,74.7947
56.45,3.35,0.0,0.0,303.995
51.27,3.64,0.0,0.0,522.0840000000001
51.07,3.73,0.0,0.0,684.924
57.49,4.43,0.0,0.0,784.307
55.23,5.33,4.67,0.0,820.578
50.64,5.04,10.4,0.0,795.329
44.38,3.18,13.22,0.0,693.8
46.91,3.08,13.21,0.0,540.616
47.33,4.11,8.04,0.0,322.909
40.06,2.43,0.95,0.0,74.3857
21.61,1.96,0.0,0.0,0.0
18.86,1.4,0.0,0.0,0.0
17.59,1.57,0.0,0.0,0.0
16.11,0.74,0.0,0.0,0.0
14.08,0.48,0.0,0.0,0.0
13.48,0.48,0.0,0.0,0.0
11.33,0.0,0.0,0.0,0.0
10.39,0.0,0.0,0.0,0.0
11.69,0.0,0.0,0.0,0.0
10.96,0.0,0.0,0.0,0.0
11.89,0.0,0.0,0.0,0.0
12.87,0.0,0.0,0.0,0.0
15.17,0.67,0.0,0.0,0.0
29.54,1.82,0.0,0.0,74.1742
66.67,3.35,0.0,0.0,296.976
57.83,3.63,0.0,0.0,500.706
56.59,3.73,0.0,0.0,654.702
60.44,4.41,0.0,0.0,747.487
61.69,5.32,0.0,0.0,770.949
57.91,5.05,5.3,0.0,682.8530000000001
54.52,3.17,12.49,0.0,648.305
54.6,3.08,16.25,0.0,516.505
58.96,4.11,12.17,0.0,317.161
48.93,2.42,3.23,0.0,77.9002
22.52,1.97,0.0,0.0,0.0
17.5,1.37,0.0,0.0,0.0
17.83,1.61,0.0,0.0,0.0
17.73,0.76,0.0,0.0,0.0
18.38,0.48,0.0,0.0,0.0
17.07,0.48,0.0,0.0,0.0
13.55,0.0,0.0,0.0,0.0
13.95,0.0,0.0,0.0,0.0
14.57,0.0,0.0,0.0,0.0
15.46,0.0,0.0,0.0,0.0
15.46,0.0,0.0,0.0,0.0
15.46,0.0,0.0,0.0,0.0
19.16,0.67,0.0,0.0,0.0
33.26,1.82,0.98,0.0,70.0337
70.91,3.35,26.95,0.0,279.705
60.44,3.63,60.62,0.0,474.675
58.02,3.73,80.41,0.0,620.909
60.44,4.42,92.37,0.0,707.015
56.72,5.32,98.69,0.0,735.315
53.24,5.04,100.35,0.0,710.065
49.63,3.17,98.45,0.0,634.211
53.77,3.08,96.6,0.0,492.795
55.94,4.11,88.58,0.0,290.869
43.29,2.43,72.02,0.0,64.1357
21.9,1.96,62.62,0.0,0.0
20.12,1.4,55.21,0.0,0.0
18.46,1.56,45.59,0.0,0.0
15.34,0.76,42.59,0.0,0.0
16.7,0.48,0.0,0.0,0.0
16.05,0.48,0.0,0.0,0.0
14.25,0.0,0.0,0.0,0.0
12.65,0.0,0.0,0.0,0.0
13.63,0.0,0.0,0.0,0.0
12.93,0.0,0.0,0.0,0.0
14.01,0.0,0.0,0.0,0.0
13.15,0.0,0.0,0.0,0.0
14.39,0.67,19.77,0.0,0.0
24.67,1.82,35.69,0.0,70.607
48.31,3.34,59.8,0.0,279.154
47.49,3.63,84.41,0.0,472.422
43.06,3.73,91.14,0.0,443.256
46.0,4.43,99.96,0.0,668.4169999999999
45.0,5.32,102.85,0.0,630.178
44.29,5.03,104.57,0.0,694.419
48.0,3.17,103.88,0.0,616.112
48.25,3.08,103.48,0.0,473.352
50.42,4.1,94.72,0.0,272.887
38.35,2.43,72.16,0.0,55.6648
19.06,1.95,60.53,0.0,0.0
16.24,1.42,56.64,0.0,0.0
14.35,1.58,52.74,0.0,0.0
15.57,0.75,59.03,0.0,0.0
16.49,0.48,0.0,0.0,0.0
14.44,0.48,0.0,0.0,0.0
7.98,0.0,0.0,0.0,0.0
8.36,0.0,0.0,0.0,0.0
9.16,0.0,0.0,0.0,0.0
8.79,0.0,0.0,0.0,0.0
7.91,0.0,0.0,0.0,0.0
8.29,0.0,0.0,0.0,0.0
16.09,0.67,0.0,0.0,0.0
19.26,1.05,0.0,0.0,75.2237
24.69,1.43,0.0,0.0,298.605
26.06,2.01,0.0,0.0,505.36
22.86,1.81,2.98,0.0,651.433
23.88,2.2,5.36,0.0,749.753
21.02,1.91,10.27,0.0,754.0830000000001
19.39,1.81,15.29,0.0,724.966
18.25,1.43,22.9,0.0,647.077
17.66,1.24,27.23,0.0,503.663
17.71,1.34,24.76,0.0,305.436
14.3,0.67,19.52,0.0,74.9805
11.94,0.67,0.0,0.0,0.0
8.95,0.0,0.0,0.0,0.0
8.21,0.0,0.0,0.0,0.0
7.73,0.0,0.0,0.0,0.0
7.91,0.0,0.0,0.0,0.0
8.86,0.0,0.0,0.0,0.0
8.19,0.0,0.0,0.0,0.0
8.94,0.0,0.0,0.0,0.0
10.08,0.0,0.0,0.0,0.0
10.95,0.0,0.0,0.0,0.0
11.4,0.0,0.0,0.0,0.0
11.6,0.0,0.0,0.0,0.0
14.37,0.38,0.0,0.0,0.0
13.75,0.38,0.0,0.0,79.5015
14.14,0.38,0.0,0.0,250.072
12.83,0.38,0.0,0.0,461.151
12.97,0.38,0.0,0.0,643.59
13.92,0.57,26.3,0.0,733.4119999999999
14.37,0.57,36.9,0.0,688.07
13.67,0.86,47.58,0.0,711.549
12.37,0.57,39.28,0.0,630.641
13.47,0.38,0.0,0.0,294.621
14.31,0.38,0.0,0.0,112.137
14.37,0.38,0.0,0.0,16.7746
11.6,0.0,0.0,0.0,0.0
11.54,0.0,0.0,0.0,0.0
11.6,0.0,0.0,0.0,0.0
11.6,0.0,0.0,0.0,0.0
11.6,0.0,0.0,0.0,0.0
11.6,0.0,0.0,0.0,0.0
15.46,0.0,0.0,0.0,0.0
15.46,0.0,0.0,0.0,0.0
15.07,0.0,0.0,0.0,0.0
15.46,0.0,0.0,0.0,0.0
15.46,0.0,0.0,0.0,0.0
14.03,0.0,0.0,0.0,0.0
17.77,0.67,65.4,0.0,0.0
33.16,1.81,67.89,0.0,54.3573
70.91,3.34,75.92,0.0,167.535
59.79,3.62,84.33,0.0,332.64300000000003
54.03,3.72,93.21,0.0,219.123
54.47,4.44,99.31,0.0,310.858
48.62,5.31,103.42,0.0,329.151
44.3,5.03,104.27,0.0,360.843
41.09,3.16,98.19,0.0,368.149
41.15,3.07,72.58,0.0,168.41099999999997
44.4,4.09,37.6,0.0,54.4448
38.82,2.42,27.24,0.0,6.67052
17.21,1.95,26.82,0.0,0.0
15.65,1.39,23.24,0.0,0.0
14.34,1.56,18.8,0.0,0.0
15.49,0.76,16.79,0.0,0.0
16.68,0.48,0.0,0.0,0.0
15.17,0.48,0.0,0.0,0.0
13.47,0.0,0.0,0.0,0.0
12.31,0.0,0.0,0.0,0.0
12.07,0.0,0.0,0.0,0.0
11.19,0.0,0.0,0.0,0.0
13.24,0.0,0.0,0.0,0.0
13.68,0.0,0.0,0.0,0.0
15.77,0.67,0.0,0.0,0.0
24.41,1.81,0.0,0.0,80.9732
47.23,3.34,5.88,0.0,298.874
40.82,3.62,29.71,0.0,496.544
47.45,3.72,48.32,0.0,641.784
43.41,4.42,64.84,0.0,721.9069999999999
48.89,5.3,70.54,0.0,738.824
44.24,5.02,73.49,0.0,739.172
40.51,3.16,71.76,0.0,648.444
47.2,3.07,71.62,0.0,514.248
51.64,4.09,66.64,0.0,309.73400000000004
37.56,2.42,50.06,0.0,81.8796
20.07,1.94,42.65,0.0,0.0
15.95,1.42,41.76,0.0,0.0
18.28,1.58,37.21,0.0,0.0
14.98,0.75,29.86,0.0,0.0
15.01,0.48,0.0,0.0,0.0
13.67,0.48,0.0,0.0,0.0
7.93,0.0,0.0,0.0,0.0
9.68,0.0,0.0,0.0,0.0
8.62,0.0,0.0,0.0,0.0
9.1,0.0,0.0,0.0,0.0
10.14,0.0,0.0,0.0,0.0
9.45,0.0,0.0,0.0,0.0
10.35,0.38,0.0,0.0,0.0
11.01,0.38,0.0,0.0,82.2163
11.99,0.38,0.0,0.0,305.944
12.36,0.38,0.0,0.0,514.908
10.85,0.38,3.54,0.0,664.628
9.8,0.57,16.63,0.0,742.9169999999999
10.16,0.57,19.96,0.0,769.94
11.66,0.86,30.65,0.0,721.444
10.46,0.57,30.04,0.0,652.173
9.9,0.38,27.15,0.0,524.5169999999999
11.4,0.38,26.0,0.0,329.371
11.41,0.38,3.28,0.0,92.7848
8.51,0.0,0.0,0.0,0.0
7.8,0.0,0.0,0.0,0.0
8.63,0.0,0.0,0.0,0.0
9.07,0.0,0.0,0.0,0.0
9.93,0.0,0.0,0.0,0.0
9.47,0.0,0.0,0.0,0.0
13.3,0.0,0.0,0.0,0.0
11.81,0.0,0.0,0.0,0.0
10.69,0.0,0.0,0.0,0.0
12.67,0.0,0.0,0.0,0.0
11.39,0.0,0.0,0.0,0.0
11.22,0.0,0.0,0.0,0.0
16.49,0.67,0.0,0.0,0.0
26.26,1.81,4.43,0.0,82.0171
52.2,3.33,24.54,0.0,299.039
47.8,3.62,44.27,0.0,492.293
49.1,3.71,58.89,0.0,637.962
46.04,4.43,68.78,0.0,717.186
47.07,5.29,71.73,0.0,751.5210000000001
45.41,5.01,81.29,0.0,729.659
47.96,3.16,83.22,0.0,650.831
41.77,3.06,78.41,0.0,521.882
42.04,4.08,67.47,0.0,327.625
41.15,2.42,51.63,0.0,91.9798
17.93,1.95,43.33,0.0,0.0
17.68,1.4,37.43,0.0,0.0
18.14,1.56,32.94,0.0,0.0
14.61,0.74,24.4,0.0,0.0
15.26,0.47,0.0,0.0,0.0
15.09,0.48,0.0,0.0,0.0
12.97,0.0,0.0,0.0,0.0
13.99,0.0,0.0,0.0,0.0
14.41,0.0,0.0,0.0,0.0
15.03,0.0,0.0,0.0,0.0
13.93,0.0,0.0,0.0,0.0
13.74,0.0,0.0,0.0,0.0
14.94,0.67,13.43,0.0,0.0
25.47,1.81,34.59,0.0,82.8574
61.23,3.33,58.47,0.0,297.332
48.67,3.61,79.47,0.0,493.31
49.14,3.71,94.41,0.0,635.967
46.82,4.39,100.57,0.0,729.257
54.0,5.29,101.11,0.0,748.8639999999999
54.13,5.01,105.63,0.0,731.235
53.03,3.16,107.68,0.0,652.393
46.81,3.06,104.26,0.0,516.163
51.12,4.08,97.74,0.0,315.982
42.32,2.41,80.57,0.0,80.2714
22.23,1.95,69.7,0.0,0.0
18.85,1.38,63.73,0.0,0.0
18.1,1.56,70.86,0.0,0.0
14.52,0.76,70.54,0.0,0.0
16.5,0.48,0.0,0.0,0.0
16.51,0.48,0.0,0.0,0.0
8.8,0.0,0.0,0.0,0.0
9.3,0.0,0.0,0.0,0.0
9.98,0.0,0.0,0.0,0.0
9.1,0.0,0.0,0.0,0.0
8.32,0.0,0.0,0.0,0.0
9.43,0.0,0.0,0.0,0.0
14.09,0.66,62.84,0.0,0.0
19.89,1.04,69.02,0.0,82.6879
25.36,1.42,76.23,0.0,202.778
27.92,1.99,85.53,0.0,388.894
25.4,1.8,96.47,0.0,480.949
27.49,2.18,103.53,0.0,519.366
21.45,1.9,106.83,0.0,699.905
18.37,1.8,106.02,0.0,711.1610000000001
16.07,1.42,105.1,0.0,630.8380000000001
15.28,1.23,101.6,0.0,486.214
16.95,1.33,92.94,0.0,295.456
14.06,0.66,83.65,0.0,71.985
10.55,0.66,0.0,0.0,0.0
9.57,0.0,0.0,0.0,0.0
8.75,0.0,0.0,0.0,0.0
8.13,0.0,0.0,0.0,0.0
7.99,0.0,0.0,0.0,0.0
7.67,0.0,0.0,0.0,0.0
8.14,0.0,0.0,0.0,0.0
8.18,0.0,0.0,0.0,0.0
7.88,0.0,0.0,0.0,0.0
9.43,0.0,0.0,0.0,0.0
8.98,0.0,0.0,0.0,0.0
9.28,0.0,0.0,0.0,0.0
10.74,0.38,0.0,0.0,0.0
11.74,0.38,0.0,0.0,77.7449
12.46,0.38,0.0,0.0,208.974
12.61,0.38,0.0,0.0,350.384
11.82,0.38,0.0,0.0,349.88300000000004
10.59,0.57,30.97,0.0,460.847
10.26,0.57,0.0,0.0,321.195
11.98,0.85,0.0,0.0,144.369
11.13,0.57,0.0,0.0,163.282
10.24,0.38,0.0,0.0,135.851
9.71,0.38,0.0,0.0,68.0749
9.28,0.38,0.0,0.0,11.3354
9.17,0.0,0.0,0.0,0.0
8.76,0.0,0.0,0.0,0.0
9.48,0.0,0.0,0.0,0.0
9.3,0.0,0.0,0.0,0.0
9.08,0.0,0.0,0.0,0.0
9.34,0.0,0.0,0.0,0.0
12.23,0.0,0.0,0.0,0.0
12.25,0.0,0.0,0.0,0.0
12.23,0.0,0.0,0.0,0.0
13.53,0.0,0.0,0.0,0.0
11.96,0.0,0.0,0.0,0.0
13.22,0.0,0.0,0.0,0.0
14.21,0.66,97.95,0.0,0.0
26.19,1.8,95.31,0.0,23.5371
53.97,3.32,100.88,0.0,100.288
42.89,3.6,103.32,0.0,196.135
45.88,3.7,107.59,0.0,241.002
51.26,4.42,110.14,0.0,167.94799999999998
51.76,5.27,108.75,0.0,142.41299999999998
50.75,4.99,105.45,0.0,94.6446
50.53,3.15,95.47,0.0,33.6854
45.1,3.05,91.02,0.0,40.2508
51.57,4.07,92.77,0.0,19.6586
42.27,2.41,91.74,0.0,0.686241
18.51,1.94,87.37,0.0,0.0
17.93,1.4,85.21,0.0,0.0
17.56,1.57,83.75,0.0,0.0
16.53,0.74,82.43,0.0,0.0
17.59,0.47,0.0,0.0,0.0
17.0,0.47,0.0,0.0,0.0
13.46,0.0,0.0,0.0,0.0
12.56,0.0,0.0,0.0,0.0
11.24,0.0,0.0,0.0,0.0
11.98,0.0,0.0,0.0,0.0
13.58,0.0,0.0,0.0,0.0
13.82,0.0,0.0,0.0,0.0
16.61,0.66,68.82,0.0,0.0
30.8,1.8,80.59,0.0,86.8447
64.24,3.32,93.14,0.0,134.195
47.64,3.6,100.03,0.0,256.384
40.68,3.69,102.84,0.0,108.396
50.18,4.38,108.4,0.0,194.188
53.88,5.27,103.42,0.0,111.411
48.8,4.99,101.81,0.0,48.0727
46.59,3.14,106.87,0.0,99.8401
45.58,3.05,111.81,0.0,68.6425
44.19,4.06,118.1,0.0,18.3666
34.66,2.41,120.56,0.0,0.0
19.9,1.94,114.61,0.0,0.0
16.67,1.4,103.74,0.0,0.0
15.43,1.56,94.45,0.0,0.0
14.6,0.74,86.63,0.0,0.0
13.95,0.47,0.0,0.0,0.0
14.66,0.47,0.0,0.0,0.0
11.56,0.0,0.0,0.0,0.0
11.98,0.0,0.0,0.0,0.0
11.42,0.0,0.0,0.0,0.0
11.05,0.0,0.0,0.0,0.0
12.49,0.0,0.0,0.0,0.0
13.06,0.0,0.0,0.0,0.0
14.24,0.66,0.0,0.0,0.0
27.47,1.8,0.0,0.0,1.78079
54.47,3.31,0.0,0.0,36.1475
49.34,3.6,0.0,0.0,302.957
46.53,3.69,0.0,0.0,428.49
44.72,4.37,4.28,0.0,721.7439999999999
41.98,5.26,15.1,0.0,822.427
48.07,4.98,24.28,0.0,802.959
46.25,3.14,23.79,0.0,625.975
43.32,3.05,23.8,0.0,557.909
45.65,4.06,19.21,0.0,342.19800000000004
41.25,2.41,10.63,0.0,95.7512
20.5,1.93,4.89,0.0,0.0
16.46,1.4,0.91,0.0,0.0
15.71,1.56,0.0,0.0,0.0
14.35,0.74,2.01,0.0,0.0
14.17,0.47,0.0,0.0,0.0
13.18,0.47,0.0,0.0,0.0
10.35,0.0,0.0,0.0,0.0
12.79,0.0,0.0,0.0,0.0
13.89,0.0,0.0,0.0,0.0
13.72,0.0,0.0,0.0,0.0
14.57,0.0,0.0,0.0,0.0
14.48,0.0,0.0,0.0,0.0
19.16,0.66,0.0,0.0,0.0
33.26,1.8,0.0,0.0,101.878
70.91,3.31,3.96,0.0,326.54
60.44,3.59,19.4,0.0,527.849
55.23,3.69,31.63,0.0,672.008
57.76,4.37,41.47,0.0,768.2810000000001
53.33,5.26,50.29,0.0,805.329
57.03,4.98,61.32,0.0,780.388
53.67,3.14,61.34,0.0,692.672
48.66,3.04,63.67,0.0,548.575
47.81,4.06,56.92,0.0,336.319
35.42,2.4,38.6,0.0,96.7164
18.81,1.93,28.75,0.0,0.0
15.46,1.4,23.71,0.0,0.0
15.54,1.56,17.08,0.0,0.0
14.28,0.74,14.71,0.0,0.0
13.07,0.47,0.0,0.0,0.0
15.41,0.47,0.0,0.0,0.0
13.78,0.0,0.0,0.0,0.0
14.78,0.0,0.0,0.0,0.0
13.14,0.0,0.0,0.0,0.0
13.26,0.0,0.0,0.0,0.0
12.0,0.0,0.0,0.0,0.0
13.53,0.0,0.0,0.0,0.0
16.12,0.66,0.0,0.0,0.0
25.87,1.79,0.0,0.0,104.794
52.1,3.31,0.0,0.0,337.411
45.93,3.59,0.0,0.0,545.6659999999999
49.91,3.68,0.0,0.0,691.0210000000001
53.31,4.37,0.0,0.0,785.3480000000001
53.52,5.25,0.0,0.0,807.752
49.51,4.97,8.1,0.0,788.6189999999999
50.51,3.13,15.24,0.0,701.785
51.36,3.04,16.24,0.0,551.947
49.44,4.05,15.15,0.0,343.305
40.8,2.4,12.23,0.0,100.38
21.05,1.93,5.22,0.0,0.0
17.54,1.4,0.0,0.0,0.0
15.26,1.57,0.0,0.0,0.0
15.12,0.74,0.0,0.0,0.0
14.49,0.47,0.0,0.0,0.0
13.81,0.47,0.0,0.0,0.0
8.76,0.0,0.0,0.0,0.0
9.92,0.0,0.0,0.0,0.0
10.8,0.0,0.0,0.0,0.0
9.71,0.0,0.0,0.0,0.0
9.31,0.0,0.0,0.0,0.0
8.77,0.0,0.0,0.0,0.0
13.11,0.66,0.0,0.0,0.0
20.23,1.04,0.0,0.0,103.875
25.18,1.41,1.36,0.0,318.289
29.39,1.98,12.15,0.0,506.391
25.62,1.79,21.12,0.0,670.623
24.57,2.17,25.58,0.0,734.934
19.64,1.89,29.34,0.0,794.232
15.68,1.79,35.37,0.0,744.508
14.03,1.41,37.46,0.0,657.345
14.68,1.23,37.35,0.0,506.73
16.35,1.32,32.33,0.0,344.17800000000005
13.79,0.66,18.95,0.0,105.004
11.71,0.66,0.0,0.0,0.0
9.07,0.0,0.0,0.0,0.0
8.33,0.0,0.0,0.0,0.0
8.15,0.0,0.0,0.0,0.0
7.78,0.0,0.0,0.0,0.0
7.76,0.0,0.0,0.0,0.0
9.44,0.0,0.0,0.0,0.0
8.92,0.0,0.0,0.0,0.0
9.39,0.0,0.0,0.0,0.0
9.56,0.0,0.0,0.0,0.0
8.89,0.0,0.0,0.0,0.0
8.41,0.0,0.0,0.0,0.0
12.11,0.38,0.0,0.0,0.0
12.24,0.38,0.0,0.0,106.595
11.75,0.38,0.0,0.0,324.376
12.65,0.38,0.0,0.0,520.325
12.5,0.38,0.0,0.0,673.903
12.1,0.57,30.25,0.0,689.439
10.53,0.57,4.92,0.0,568.057
11.37,0.85,26.52,0.0,643.01
12.62,0.57,50.53,0.0,666.944
11.54,0.38,17.1,0.0,518.091
12.11,0.38,25.96,0.0,317.636
13.33,0.38,0.0,0.0,85.4768
10.97,0.0,0.0,0.0,0.0
9.65,0.0,0.0,0.0,0.0
9.91,0.0,0.0,0.0,0.0
10.36,0.0,0.0,0.0,0.0
9.86,0.0,0.0,0.0,0.0
9.42,0.0,0.0,0.0,0.0
13.26,0.0,0.0,0.0,0.0
13.62,0.0,0.0,0.0,0.0
12.71,0.0,0.0,0.0,0.0
11.42,0.0,0.0,0.0,0.0
11.45,0.0,0.0,0.0,0.0
12.74,0.0,0.0,0.0,0.0
14.37,0.66,68.31,0.0,0.0
25.97,1.79,70.39,0.0,83.7434
54.44,3.29,83.38,0.0,209.607
52.87,3.58,92.7,0.0,360.692
46.2,3.67,101.23,0.0,480.39
48.69,4.39,107.54,0.0,528.048
47.85,5.23,115.34,0.0,467.9380000000001
47.11,4.95,118.25,0.0,452.565
41.4,3.12,113.84,0.0,472.506
45.48,3.03,105.49,0.0,81.9661
46.35,4.04,104.05,0.0,90.0994
35.17,2.39,99.51,0.0,78.83
19.97,1.92,93.71,0.0,0.0
17.64,1.37,92.13,0.0,0.0
16.46,1.57,90.12,0.0,0.0
14.38,0.75,87.85,0.0,0.0
15.01,0.47,0.0,0.0,0.0
16.23,0.47,0.0,0.0,0.0
14.21,0.0,0.0,0.0,0.0
14.73,0.0,0.0,0.0,0.0
15.46,0.0,0.0,0.0,0.0
15.2,0.0,0.0,0.0,0.0
13.84,0.0,0.0,0.0,0.0
12.44,0.0,0.0,0.0,0.0
14.5,0.66,15.53,0.0,0.0
23.88,1.79,15.49,0.0,112.946
53.89,3.29,20.39,0.0,340.244
50.25,3.57,27.4,0.0,543.681
43.29,3.67,33.76,0.0,684.2810000000001
40.94,4.36,37.25,0.0,764.383
44.51,5.23,44.18,0.0,794.712
47.24,4.96,51.13,0.0,771.138
47.07,3.12,52.57,0.0,680.393
52.63,3.03,56.43,0.0,536.633
57.85,4.04,55.27,0.0,337.504
42.47,2.38,41.88,0.0,107.03
18.49,1.93,35.14,0.0,0.0
17.46,1.36,32.45,0.0,0.0
16.87,1.56,22.76,0.0,0.0
16.26,0.75,11.33,0.0,0.0
14.89,0.47,0.0,0.0,0.0
14.09,0.47,0.0,0.0,0.0
13.15,0.0,0.0,0.0,0.0
13.72,0.0,0.0,0.0,0.0
11.89,0.0,0.0,0.0,0.0
13.32,0.0,0.0,0.0,0.0
14.17,0.0,0.0,0.0,0.0
13.63,0.0,0.0,0.0,0.0
18.33,0.66,51.39,0.0,0.0
29.35,1.78,60.63,0.0,16.4946
65.61,3.29,71.2,0.0,42.7043
50.68,3.57,77.77,0.0,191.336
50.57,3.66,87.46,0.0,144.16899999999998
55.62,4.35,99.45,0.0,202.546
58.19,5.22,108.49,0.0,148.314
54.45,4.95,110.34,0.0,203.651
50.1,3.11,108.63,0.0,184.15
49.2,3.02,106.94,0.0,68.9768
46.27,4.03,108.04,0.0,102.398
38.94,2.38,106.18,0.0,83.9657
19.41,1.93,100.19,0.0,0.0
17.37,1.37,96.82,0.0,0.0
18.13,1.53,93.55,0.0,0.0
15.7,0.75,91.75,0.0,0.0
16.05,0.47,0.0,0.0,0.0
16.38,0.47,0.0,0.0,0.0
11.86,0.0,0.0,0.0,0.0
12.33,0.0,0.0,0.0,0.0
13.39,0.0,0.0,0.0,0.0
14.44,0.0,0.0,0.0,0.0
15.16,0.0,0.0,0.0,0.0
15.46,0.0,0.0,0.0,0.0
18.33,0.66,3.29,0.0,0.0
33.26,1.78,11.05,0.0,116.034
65.29,3.28,23.28,0.0,333.631
58.64,3.56,29.19,0.0,534.957
58.02,3.66,34.02,0.0,668.23
60.44,4.35,43.23,0.0,744.607
61.69,5.22,52.79,0.0,775.78
62.45,4.94,65.23,0.0,735.029
53.34,3.11,70.49,0.0,666.345
50.13,3.02,74.75,0.0,528.077
55.2,4.02,76.19,0.0,337.587
38.64,2.38,63.74,0.0,104.482
17.22,1.92,54.94,0.0,0.0
15.5,1.38,50.18,0.0,0.0
14.96,1.54,41.78,0.0,0.0
16.27,0.73,33.3,0.0,0.0
15.31,0.47,0.0,0.0,0.0
14.76,0.47,0.0,0.0,0.0
11.56,0.0,0.0,0.0,0.0
12.54,0.0,0.0,0.0,0.0
13.75,0.0,0.0,0.0,0.0
14.84,0.0,0.0,0.0,0.0
14.41,0.0,0.0,0.0,0.0
13.67,0.0,0.0,0.0,0.0
17.67,0.66,0.0,0.0,0.0
27.73,1.78,18.85,0.0,116.771
63.78,3.28,56.93,0.0,327.781
50.59,3.56,74.89,0.0,512.422
52.61,3.65,87.47,0.0,642.158
59.16,4.33,93.73,0.0,727.735
61.69,5.21,89.68,0.0,766.035
62.45,4.93,88.69,0.0,727.535
58.02,3.1,92.45,0.0,647.602
58.02,3.02,96.44,0.0,513.575
58.54,4.02,92.35,0.0,319.716
46.83,2.37,75.14,0.0,97.8917
23.44,1.92,65.7,0.0,0.0
19.56,1.34,62.26,0.0,0.0
19.57,1.57,59.63,0.0,0.0
18.84,0.74,58.16,0.0,0.0
19.16,0.47,0.0,0.0,0.0
19.16,0.47,0.0,0.0,0.0
11.6,0.0,0.0,0.0,0.0
11.6,0.0,0.0,0.0,0.0
11.6,0.0,0.0,0.0,0.0
11.6,0.0,0.0,0.0,0.0
10.66,0.0,0.0,0.0,0.0
10.17,0.0,0.0,0.0,0.0
16.14,0.65,22.83,0.0,0.0
22.68,1.03,34.55,0.0,119.739
23.48,1.4,52.7,0.0,333.898
23.27,1.96,67.52,0.0,524.795
23.76,1.78,74.17,0.0,661.475
25.86,2.15,78.38,0.0,748.318
19.41,1.87,78.8,0.0,751.704
16.45,1.78,80.33,0.0,746.8480000000001
15.51,1.4,79.92,0.0,663.058
15.35,1.22,76.84,0.0,529.4590000000001
17.16,1.31,71.15,0.0,339.27
16.46,0.65,63.44,0.0,105.354
12.69,0.65,0.0,0.0,0.0
11.17,0.0,0.0,0.0,0.0
11.11,0.0,0.0,0.0,0.0
11.21,0.0,0.0,0.0,0.0
11.22,0.0,0.0,0.0,0.0
11.08,0.0,0.0,0.0,0.0
10.98,0.0,0.0,0.0,0.0
11.15,0.0,0.0,0.0,0.0
10.01,0.0,0.0,0.0,0.0
10.45,0.0,0.0,0.0,0.0
10.71,0.0,0.0,0.0,0.0
10.21,0.0,0.0,0.0,0.0
12.65,0.37,0.0,0.0,0.0
11.36,0.37,0.0,0.0,120.059
12.29,0.37,0.0,0.0,263.19
12.52,0.37,0.0,0.0,346.50199999999995
13.42,0.37,0.0,0.0,358.141
14.37,0.56,0.0,0.0,538.956
14.37,0.56,33.15,0.0,683.148
13.81,0.84,38.98,0.0,644.275
12.57,0.56,37.0,0.0,568.031
12.69,0.37,62.86,0.0,473.394
12.37,0.37,49.92,0.0,298.687
12.92,0.37,26.43,0.0,84.6765
9.69,0.0,0.0,0.0,0.0
9.64,0.0,0.0,0.0,0.0
10.28,0.0,0.0,0.0,0.0
8.91,0.0,0.0,0.0,0.0
8.01,0.0,0.0,0.0,0.0
9.42,0.0,0.0,0.0,0.0
13.6,0.0,0.0,0.0,0.0
13.2,0.0,0.0,0.0,0.0
12.77,0.0,0.0,0.0,0.0
13.3,0.0,0.0,0.0,0.0
12.28,0.0,0.0,0.0,0.0
10.86,0.0,0.0,0.0,0.0
13.37,0.65,92.04,0.0,0.0
27.51,1.77,88.65,0.0,121.498
55.28,3.26,95.53,0.0,218.679
42.52,3.54,99.48,0.0,316.628
39.95,3.64,104.54,0.0,257.761
49.45,4.35,114.91,0.0,441.765
46.79,5.18,128.1,0.0,642.3580000000001
54.74,4.92,133.0,0.0,514.045
51.72,3.09,127.26,0.0,418.923
48.69,3.0,118.68,0.0,251.549
46.71,4.0,113.3,0.0,32.1761
34.95,2.36,105.96,0.0,4.64764
18.69,1.92,99.68,0.0,0.0
14.42,1.35,96.26,0.0,0.0
15.6,1.53,93.29,0.0,0.0
15.55,0.72,92.75,0.0,0.0
16.02,0.46,0.0,0.0,0.0
14.61,0.47,0.0,0.0,0.0
12.36,0.0,0.0,0.0,0.0
11.87,0.0,0.0,0.0,0.0
12.22,0.0,0.0,0.0,0.0
12.1,0.0,0.0,0.0,0.0
13.12,0.0,0.0,0.0,0.0
14.13,0.65,107.96,0.0,0.0
23.67,1.77,103.91,0.0,0.0
49.09,3.26,109.42,0.0,107.308
43.21,3.54,110.79,0.0,176.153
43.01,3.63,119.77,0.0,309.35200000000003
51.11,4.27,135.49,0.0,396.326
53.61,5.18,146.13,0.0,423.588
49.94,4.9,147.37,0.0,348.496
47.12,3.09,151.91,0.0,418.968
44.69,3.0,157.99,0.0,397.589
54.02,4.0,159.34,0.0,299.362
45.8,2.35,136.26,0.0,176.83
22.15,1.92,119.42,0.0,40.0075
17.18,1.34,117.92,0.0,0.0
16.22,1.52,116.83,0.0,0.0
14.31,0.74,114.46,0.0,0.0
15.46,0.47,0.0,0.0,0.0
14.77,0.47,0.0,0.0,0.0
13.27,0.0,0.0,0.0,0.0
12.11,0.0,0.0,0.0,0.0
11.06,0.0,0.0,0.0,0.0
11.99,0.0,0.0,0.0,0.0
12.61,0.0,0.0,0.0,0.0
11.38,0.0,0.0,0.0,0.0
15.77,0.65,132.65,0.0,0.0
30.34,1.77,125.78,0.0,0.0
62.0,3.25,130.91,0.0,16.6398
55.37,3.53,128.11,0.0,63.7078
55.19,3.63,136.61,0.0,190.2
55.6,4.32,145.69,0.0,181.283
59.25,5.17,146.49,0.0,205.672
62.45,4.9,149.56,0.0,207.841
58.02,3.08,147.96,0.0,256.525
54.16,2.99,150.09,0.0,240.802
56.09,3.99,152.15,0.0,201.664
40.03,2.36,134.32,0.0,86.2447
19.06,1.89,125.96,0.0,19.8529
18.24,1.39,123.71,0.0,0.0
17.97,1.55,122.03,0.0,0.0
15.51,0.73,120.96,0.0,0.0
13.78,0.46,0.0,0.0,0.0
13.24,0.46,0.0,0.0,0.0
11.69,0.0,0.0,0.0,0.0
12.5,0.0,0.0,0.0,0.0
12.23,0.0,0.0,0.0,0.0
12.79,0.0,0.0,0.0,0.0
12.19,0.0,0.0,0.0,0.0
11.6,0.0,0.0,0.0,0.0
13.47,0.65,126.75,0.0,0.0
24.21,1.76,105.38,0.0,0.0
52.28,3.25,103.01,0.0,7.22385
51.3,3.53,99.16,0.0,31.8147
44.82,3.62,99.09,0.0,55.5096
50.09,4.3,102.57,0.0,58.7991
53.87,5.16,102.43,0.0,103.934
52.5,4.89,104.35,0.0,117.758
43.66,3.08,101.64,0.0,76.1058
43.56,2.99,101.47,0.0,78.3599
51.91,3.98,101.97,0.0,61.3815
39.35,2.36,99.05,0.0,48.9273
19.07,1.9,95.8,0.0,10.4466
17.36,1.37,94.04,0.0,0.0
15.64,1.53,92.34,0.0,0.0
13.5,0.73,91.26,0.0,0.0
14.8,0.46,0.0,0.0,0.0
13.61,0.46,0.0,0.0,0.0
10.8,0.0,0.0,0.0,0.0
12.66,0.0,0.0,0.0,0.0
12.89,0.0,0.0,0.0,0.0
11.75,0.0,0.0,0.0,0.0
12.22,0.0,0.0,0.0,0.0
11.8,0.0,0.0,0.0,0.0
14.69,0.65,93.16,0.0,0.0
28.62,1.76,91.92,0.0,0.0
61.68,3.24,97.09,0.0,60.8753
52.81,3.52,97.56,0.0,140.231
54.96,3.61,101.04,0.0,215.596
52.97,4.29,105.25,0.0,241.134
54.19,5.15,107.49,0.0,212.701
52.7,4.89,103.45,0.0,155.33700000000002
45.36,3.07,101.83,0.0,286.548
43.34,2.98,102.8,0.0,158.907
51.99,3.98,105.16,0.0,212.569
42.6,2.35,103.08,0.0,271.911
20.25,1.89,96.08,0.0,75.8551
18.85,1.36,92.59,0.0,0.0
18.5,1.52,90.62,0.0,0.0
15.1,0.72,89.81,0.0,0.0
14.47,0.46,0.0,0.0,0.0
16.0,0.46,0.0,0.0,0.0
13.98,0.0,0.0,0.0,0.0
9.58,0.0,0.0,0.0,0.0
10.54,0.0,0.0,0.0,0.0
9.59,0.0,0.0,0.0,0.0
8.37,0.0,0.0,0.0,0.0
8.57,0.0,0.0,0.0,0.0
16.45,0.65,82.44,0.0,0.0
20.54,1.02,82.88,0.0,0.0
23.87,1.39,87.99,0.0,130.534
27.7,1.94,96.78,0.0,338.301
27.69,1.76,99.21,0.0,516.118
30.72,2.13,99.91,0.0,645.7230000000001
21.64,1.85,100.96,0.0,728.5269999999999
20.62,1.76,102.55,0.0,740.2260000000001
17.38,1.39,104.79,0.0,740.174
16.14,1.2,106.03,0.0,649.202
15.6,1.3,105.62,0.0,513.336
12.28,0.65,98.04,0.0,328.69699999999995
9.9,0.65,32.83,0.0,101.792
8.9,0.0,0.0,0.0,0.0
10.17,0.0,0.0,0.0,0.0
8.99,0.0,0.0,0.0,0.0
9.37,0.0,0.0,0.0,0.0
8.25,0.0,0.0,0.0,0.0
8.71,0.0,0.0,0.0,0.0
9.27,0.0,0.0,0.0,0.0
10.2,0.0,0.0,0.0,0.0
9.61,0.0,0.0,0.0,0.0
10.25,0.0,0.0,0.0,0.0
9.96,0.0,0.0,0.0,0.0
12.71,0.37,0.0,0.0,0.0
13.82,0.37,0.0,0.0,0.0
12.95,0.37,37.48,0.0,133.019
12.04,0.37,67.21,0.0,339.649
12.02,0.37,77.02,0.0,526.877
10.9,0.55,79.34,0.0,655.27
9.78,0.55,68.0,0.0,744.602
9.58,0.83,80.45,0.0,766.4110000000001
11.39,0.55,87.61,0.0,747.2639999999999
11.97,0.37,66.16,0.0,661.137
12.27,0.37,76.08,0.0,523.536
10.78,0.37,81.56,0.0,334.905
8.59,0.0,60.49,0.0,114.751
7.85,0.0,17.67,0.0,0.0
8.48,0.0,0.0,0.0,0.0
9.63,0.0,0.0,0.0,0.0
9.34,0.0,0.0,0.0,0.0
9.58,0.0,0.0,0.0,0.0
8.36,0.0,0.0,0.0,0.0
13.23,0.0,0.0,0.0,0.0
12.92,0.0,0.0,0.0,0.0
14.29,0.0,0.0,0.0,0.0
13.64,0.0,0.0,0.0,0.0
12.85,0.0,0.0,0.0,0.0
13.89,0.65,96.24,0.0,0.0
27.11,1.75,94.83,0.0,0.0
53.67,3.23,99.96,0.0,104.284
49.31,3.51,112.74,0.0,333.76300000000003
49.18,3.6,130.01,0.0,492.134
54.28,4.31,150.28,0.0,593.036
53.13,5.13,154.8,0.0,607.714
49.5,4.86,168.69,0.0,765.56
46.13,3.06,178.05,0.0,727.702
46.13,2.97,188.19,0.0,643.692
54.23,3.96,188.5,0.0,506.025
38.9,2.34,163.67,0.0,315.367
18.52,1.88,127.86,0.0,99.3283
14.87,1.37,116.8,0.0,0.0
17.33,1.53,114.13,0.0,0.0
13.98,0.72,110.06,0.0,0.0
13.53,0.46,0.0,0.0,0.0
13.47,0.46,0.0,0.0,0.0
10.83,0.0,0.0,0.0,0.0
10.65,0.0,0.0,0.0,0.0
11.52,0.0,0.0,0.0,0.0
13.02,0.0,0.0,0.0,0.0
13.25,0.0,0.0,0.0,0.0
11.48,0.0,0.0,0.0,0.0
13.96,0.64,105.07,0.0,0.0
22.79,1.75,103.58,0.0,0.0
55.35,3.22,115.18,0.0,140.372
47.22,3.5,127.55,0.0,255.634
50.16,3.59,145.74,0.0,377.06
55.23,4.27,161.17,0.0,519.012
61.3,5.12,168.1,0.0,582.883
56.36,4.85,182.73,0.0,600.186
51.66,3.05,175.88,0.0,472.216
47.35,2.96,167.86,0.0,272.965
48.48,3.95,161.13,0.0,154.115
37.47,2.34,136.51,0.0,90.6752
20.61,1.88,118.41,0.0,24.616
16.66,1.33,114.67,0.0,0.0
17.62,1.53,112.6,0.0,0.0
15.96,0.73,111.85,0.0,0.0
13.99,0.46,0.0,0.0,0.0
16.15,0.46,0.0,0.0,0.0
13.58,0.0,0.0,0.0,0.0
13.41,0.0,0.0,0.0,0.0
14.65,0.0,0.0,0.0,0.0
15.46,0.0,0.0,0.0,0.0
14.65,0.0,0.0,0.0,0.0
14.8,0.0,0.0,0.0,0.0
18.58,0.64,119.71,0.0,0.0
30.19,1.75,119.35,0.0,0.0
69.39,3.22,133.99,0.0,85.3675
58.21,3.49,141.62,0.0,208.374
50.66,3.59,163.11,0.0,366.789
48.28,4.27,182.61,0.0,472.611
47.99,5.11,180.57,0.0,469.469
50.95,4.84,182.09,0.0,303.842
45.16,3.05,186.49,0.0,582.064
49.65,2.96,186.85,0.0,569.762
47.76,3.95,182.33,0.0,418.204
40.99,2.32,156.7,0.0,222.706
20.42,1.89,126.88,0.0,65.7838
15.53,1.33,121.52,0.0,0.0
16.45,1.5,94.19,0.0,0.0
15.89,0.73,62.95,0.0,0.0
15.45,0.46,0.0,0.0,0.0
16.99,0.46,0.0,0.0,0.0
12.18,0.0,0.0,0.0,0.0
13.22,0.0,0.0,0.0,0.0
12.23,0.0,0.0,0.0,0.0
11.94,0.0,0.0,0.0,0.0
10.96,0.0,0.0,0.0,0.0
11.53,0.0,0.0,0.0,0.0
13.4,0.64,99.11,0.0,0.0
25.53,1.74,97.71,0.0,0.0
53.61,3.21,103.02,0.0,88.7925
45.38,3.49,99.51,0.0,59.7891
47.27,3.58,99.07,0.0,35.9317
43.18,4.27,102.08,0.0,31.0794
46.72,5.1,103.54,0.0,45.855
53.73,4.83,104.66,0.0,82.3483
47.5,3.04,100.22,0.0,114.994
48.67,2.96,104.14,0.0,328.515
49.7,3.94,115.55,0.0,427.1880000000001
42.56,2.32,104.05,0.0,167.021
18.48,1.88,97.68,0.0,47.8596
14.28,1.33,95.18,0.0,0.0
15.99,1.5,94.77,0.0,0.0
16.22,0.71,90.37,0.0,0.0
17.25,0.46,0.0,0.0,0.0
16.36,0.46,0.0,0.0,0.0
13.05,0.0,0.0,0.0,0.0
13.97,0.0,0.0,0.0,0.0
12.92,0.0,0.0,0.0,0.0
12.47,0.0,0.0,0.0,0.0
13.05,0.0,0.0,0.0,0.0
11.63,0.0,0.0,0.0,0.0
12.96,0.64,56.47,0.0,0.0
21.62,1.74,72.53,0.0,0.0
58.11,3.21,89.08,0.0,92.6638
51.67,3.48,92.29,0.0,101.912
53.94,3.57,95.77,0.0,177.78599999999997
53.4,4.24,102.59,0.0,369.385
51.63,5.1,102.94,0.0,301.71
54.78,4.83,86.47,0.0,198.067
45.67,3.04,58.16,0.0,172.377
50.46,2.95,43.04,0.0,136.143
52.57,3.93,37.1,0.0,50.908
43.98,2.33,32.96,0.0,61.7239
19.03,1.86,29.37,0.0,16.6544
15.49,1.33,25.7,0.0,0.0
14.74,1.53,20.03,0.0,0.0
14.59,0.73,14.73,0.0,0.0
16.48,0.46,0.0,0.0,0.0
16.92,0.46,0.0,0.0,0.0
14.07,0.0,0.0,0.0,0.0
9.38,0.0,0.0,0.0,0.0
10.29,0.0,0.0,0.0,0.0
9.37,0.0,0.0,0.0,0.0
9.04,0.0,0.0,0.0,0.0
10.12,0.0,0.0,0.0,0.0
14.49,0.64,0.0,0.0,0.0
20.76,1.01,0.0,0.0,0.0
22.39,1.37,0.0,0.0,153.41299999999998
25.2,1.92,1.9,0.0,333.385
24.13,1.74,7.1,0.0,489.311
23.34,2.1,12.85,0.0,639.992
18.59,1.83,17.51,0.0,782.635
15.29,1.74,19.8,0.0,806.783
16.81,1.37,26.19,0.0,828.3689999999999
14.76,1.19,28.89,0.0,741.047
15.22,1.28,27.15,0.0,599.933
13.23,0.64,22.05,0.0,392.145
11.36,0.64,0.0,0.0,141.918
8.14,0.0,0.0,0.0,0.0
7.72,0.0,0.0,0.0,0.0
7.86,0.0,0.0,0.0,0.0
7.98,0.0,0.0,0.0,0.0
7.59,0.0,0.0,0.0,0.0
9.17,0.0,0.0,0.0,0.0
8.11,0.0,0.0,0.0,0.0
7.73,0.0,0.0,0.0,0.0
7.49,0.0,0.0,0.0,0.0
9.34,0.0,0.0,0.0,0.0
10.35,0.0,0.0,0.0,0.0
13.8,0.37,0.0,0.0,0.0
12.46,0.37,0.0,0.0,0.0
11.21,0.37,0.0,0.0,165.785
11.9,0.37,0.0,0.0,402.246
12.68,0.37,0.0,0.0,601.935
13.23,0.55,0.0,0.0,726.123
12.96,0.55,0.0,0.0,797.3919999999999
12.09,0.82,0.0,0.0,816.073
11.03,0.55,4.46,0.0,781.9839999999999
11.68,0.37,0.0,0.0,705.0369999999999
10.55,0.37,8.71,0.0,562.2769999999999
9.66,0.37,7.69,0.0,368.765
8.3,0.0,0.0,0.0,136.211
8.66,0.0,0.0,0.0,0.0
9.67,0.0,0.0,0.0,0.0
8.88,0.0,0.0,0.0,0.0
9.72,0.0,0.0,0.0,0.0
10.04,0.0,0.0,0.0,0.0
10.38,0.0,0.0,0.0,0.0
12.99,0.0,0.0,0.0,0.0
12.99,0.0,0.0,0.0,0.0
12.75,0.0,0.0,0.0,0.0
13.13,0.0,0.0,0.0,0.0
13.76,0.0,0.0,0.0,0.0
15.14,0.64,0.0,0.0,0.0
26.47,1.73,0.0,0.0,0.0
50.9,3.19,3.65,0.0,162.314
49.16,3.46,21.41,0.0,386.821
51.49,3.55,34.47,0.0,589.0319999999999
46.42,4.26,42.99,0.0,729.52
50.6,5.07,51.27,0.0,728.946
52.57,4.79,59.75,0.0,794.845
45.83,3.02,63.49,0.0,756.326
41.97,2.93,64.07,0.0,703.821
42.25,3.91,63.35,0.0,560.377
37.31,2.3,54.61,0.0,358.94800000000004
16.49,1.88,44.88,0.0,123.519
13.75,1.32,40.48,0.0,0.0
13.82,1.49,39.43,0.0,0.0
14.06,0.7,40.3,0.0,0.0
15.05,0.45,0.0,0.0,0.0
16.26,0.46,0.0,0.0,0.0
12.15,0.0,0.0,0.0,0.0
12.85,0.0,0.0,0.0,0.0
11.48,0.0,0.0,0.0,0.0
13.37,0.0,0.0,0.0,0.0
13.06,0.0,0.0,0.0,0.0
12.1,0.0,0.0,0.0,0.0
16.95,0.64,48.36,0.0,0.0
31.05,1.73,61.5,0.0,0.0
69.44,3.18,74.7,0.0,155.56
59.75,3.46,85.84,0.0,368.497
58.02,3.55,94.25,0.0,516.503
56.77,4.22,100.72,0.0,587.814
61.69,5.06,107.18,0.0,647.366
62.45,4.79,112.54,0.0,731.7560000000001
58.02,3.01,112.16,0.0,631.5459999999999
58.02,2.92,116.3,0.0,677.709
56.36,3.91,117.81,0.0,445.034
39.29,2.3,109.13,0.0,329.921
20.38,1.87,95.28,0.0,110.779
17.55,1.31,89.91,0.0,0.0
18.65,1.48,87.54,0.0,0.0
17.21,0.73,85.15,0.0,0.0
18.46,0.45,0.0,0.0,0.0
17.39,0.45,0.0,0.0,0.0
12.55,0.0,0.0,0.0,0.0
12.06,0.0,0.0,0.0,0.0
11.07,0.0,0.0,0.0,0.0
10.25,0.0,0.0,0.0,0.0
9.98,0.0,0.0,0.0,0.0
9.84,0.0,0.0,0.0,0.0
14.08,0.64,99.9,0.0,0.0
23.35,1.72,99.18,0.0,0.0
50.7,3.18,107.36,0.0,88.3796
44.63,3.45,107.68,0.0,82.0524
44.06,3.54,108.0,0.0,104.246
50.09,4.23,110.09,0.0,39.6037
45.5,5.04,108.36,0.0,43.4543
43.05,4.78,109.69,0.0,108.971
41.22,3.01,111.08,0.0,171.46099999999998
46.87,2.92,109.53,0.0,158.968
44.25,3.89,109.71,0.0,135.53
34.89,2.3,106.15,0.0,95.3837
16.22,1.84,99.89,0.0,27.6016
16.17,1.35,96.57,0.0,0.0
18.39,1.51,93.53,0.0,0.0
16.46,0.72,91.89,0.0,0.0
15.03,0.45,0.0,0.0,0.0
13.82,0.45,0.0,0.0,0.0
11.5,0.0,0.0,0.0,0.0
12.07,0.0,0.0,0.0,0.0
11.17,0.0,0.0,0.0,0.0
10.22,0.0,0.0,0.0,0.0
12.85,0.0,0.0,0.0,0.0
13.11,0.0,0.0,0.0,0.0
16.08,0.63,10.53,0.0,0.0
28.4,1.72,9.91,0.0,0.0
64.14,3.17,19.89,0.0,165.09799999999998
50.56,3.44,28.1,0.0,383.402
46.85,3.53,35.96,0.0,565.703
50.97,4.22,43.48,0.0,702.3
48.17,5.03,49.67,0.0,763.252
46.96,4.77,59.88,0.0,725.798
50.05,3.01,68.74,0.0,748.452
51.12,2.92,74.87,0.0,663.933
55.37,3.89,82.61,0.0,519.998
38.89,2.3,75.47,0.0,324.072
19.71,1.85,64.29,0.0,115.831
17.76,1.34,59.01,0.0,0.0
18.87,1.5,55.18,0.0,0.0
16.67,0.71,54.0,0.0,0.0
17.81,0.45,0.0,0.0,0.0
17.16,0.45,0.0,0.0,0.0
14.52,0.0,0.0,0.0,0.0
15.46,0.0,0.0,0.0,0.0
15.46,0.0,0.0,0.0,0.0
15.46,0.0,0.0,0.0,0.0
15.46,0.0,0.0,0.0,0.0
14.21,0.0,0.0,0.0,0.0
17.46,0.63,29.34,0.0,0.0
28.77,1.72,53.54,0.0,0.0
61.32,3.17,77.58,0.0,80.2735
51.84,3.44,84.85,0.0,171.174
49.27,3.53,90.82,0.0,421.973
44.76,4.2,100.49,0.0,513.095
42.58,5.03,106.7,0.0,496.203
40.53,4.75,112.9,0.0,469.546
39.84,3.0,124.35,0.0,527.77
42.3,2.91,132.81,0.0,402.785
46.38,3.88,139.06,0.0,362.029
41.07,2.29,117.3,0.0,182.882
18.28,1.85,108.17,0.0,52.9521
16.93,1.33,105.48,0.0,0.0
15.62,1.49,103.54,0.0,0.0
16.25,0.71,102.07,0.0,0.0
14.97,0.45,0.0,0.0,0.0
16.0,0.45,0.0,0.0,0.0
12.79,0.0,0.0,0.0,0.0
8.78,0.0,0.0,0.0,0.0
9.86,0.0,0.0,0.0,0.0
10.72,0.0,0.0,0.0,0.0
10.1,0.0,0.0,0.0,0.0
10.53,0.0,0.0,0.0,0.0
16.11,0.63,104.9,0.0,0.0
19.96,0.99,95.22,0.0,0.0
20.46,1.35,89.98,0.0,3.14915
22.2,1.9,88.11,0.0,29.4968
25.17,1.71,90.74,0.0,216.689
25.29,2.08,94.55,0.0,408.038
19.75,1.81,95.3,0.0,215.902
16.63,1.71,93.92,0.0,116.666
14.63,1.35,92.68,0.0,234.551
12.66,1.17,93.4,0.0,329.641
13.25,1.26,91.78,0.0,190.779
11.93,0.63,90.49,0.0,122.807
11.67,0.63,0.0,0.0,112.894
9.46,0.0,0.0,0.0,0.0
10.37,0.0,0.0,0.0,0.0
10.05,0.0,0.0,0.0,0.0
9.43,0.0,0.0,0.0,0.0
9.24,0.0,0.0,0.0,0.0
9.07,0.0,0.0,0.0,0.0
10.2,0.0,0.0,0.0,0.0
11.01,0.0,0.0,0.0,0.0
11.29,0.0,0.0,0.0,0.0
11.24,0.0,0.0,0.0,0.0
10.17,0.0,0.0,0.0,0.0
10.96,0.36,0.0,0.0,0.0
11.37,0.36,0.0,0.0,38.7293
10.57,0.36,0.0,0.0,119.026
11.27,0.36,0.0,0.0,228.683
11.68,0.36,0.0,0.0,363.714
11.51,0.54,0.0,0.0,480.98800000000006
11.18,0.54,30.15,0.0,690.799
11.23,0.81,65.43,0.0,739.8539999999999
11.32,0.54,80.83,0.0,704.582
10.89,0.36,62.15,0.0,624.5
11.44,0.36,72.79,0.0,480.9380000000001
11.31,0.36,76.57,0.0,305.811
8.88,0.0,57.51,0.0,105.084
9.52,0.0,0.0,0.0,0.0
10.58,0.0,0.0,0.0,0.0
10.53,0.0,0.0,0.0,0.0
9.95,0.0,0.0,0.0,0.0
10.08,0.0,0.0,0.0,0.0
10.78,0.0,0.0,0.0,0.0
15.18,0.0,0.0,0.0,0.0
14.78,0.0,0.0,0.0,0.0
15.46,0.0,0.0,0.0,0.0
14.93,0.0,0.0,0.0,0.0
13.48,0.0,0.0,0.0,0.0
16.52,0.63,74.66,0.0,0.0
28.81,1.71,67.48,0.0,37.129
58.19,3.15,75.06,0.0,163.238
50.6,3.42,86.57,0.0,361.207
51.61,3.51,91.53,0.0,423.955
48.51,4.22,92.17,0.0,351.106
52.54,5.0,94.85,0.0,451.58
49.39,4.73,93.53,0.0,419.954
41.74,2.98,91.49,0.0,405.094
40.17,2.89,95.83,0.0,453.759
50.12,3.85,102.87,0.0,296.918
35.72,2.28,99.4,0.0,304.795
20.33,1.83,91.72,0.0,106.49
15.47,1.33,87.65,0.0,0.0
14.05,1.49,85.07,0.0,0.0
12.92,0.71,83.6,0.0,0.0
15.56,0.45,0.0,0.0,0.0
14.84,0.45,0.0,0.0,0.0
12.72,0.0,0.0,0.0,0.0
11.74,0.0,0.0,0.0,0.0
13.52,0.0,0.0,0.0,0.0
14.53,0.0,0.0,0.0,0.0
15.46,0.0,0.0,0.0,0.0
15.44,0.0,0.0,0.0,0.0
18.69,0.63,104.21,0.0,0.0
32.04,1.7,103.54,0.0,38.1182
70.91,3.14,112.61,0.0,149.485
59.59,3.41,116.09,0.0,275.868
55.51,3.5,124.87,0.0,326.948
54.36,4.18,135.21,0.0,321.404
59.42,4.98,147.96,0.0,415.952
62.45,4.73,146.26,0.0,302.735
58.02,2.97,141.38,0.0,234.785
52.64,2.88,146.07,0.0,263.531
50.25,3.84,146.62,0.0,168.91099999999997
39.47,2.28,129.44,0.0,101.052
19.99,1.83,120.03,0.0,31.9079
18.25,1.28,115.81,0.0,0.0
16.48,1.5,111.74,0.0,0.0
17.11,0.72,109.82,0.0,0.0
16.05,0.45,0.0,0.0,0.0
14.36,0.45,0.0,0.0,0.0
13.36,0.0,0.0,0.0,0.0
13.81,0.0,0.0,0.0,0.0
13.73,0.0,0.0,0.0,0.0
12.78,0.0,0.0,0.0,0.0
12.57,0.0,0.0,0.0,0.0
11.36,0.0,0.0,0.0,0.0
14.6,0.63,134.24,0.0,0.0
26.82,1.7,127.22,0.0,45.9733
63.87,3.13,135.42,0.0,154.429
55.04,3.4,142.91,0.0,222.126
52.77,3.49,159.14,0.0,339.789
59.53,4.18,169.62,0.0,381.173
61.69,4.97,170.47,0.0,243.427
62.45,4.72,168.94,0.0,201.305
58.02,2.96,162.57,0.0,176.94799999999998
58.02,2.87,159.31,0.0,96.0346
61.64,3.84,160.77,0.0,77.7699
48.93,2.26,148.17,0.0,89.5026
23.8,1.84,136.32,0.0,73.5001
20.14,1.3,133.19,0.0,0.0
20.77,1.46,130.58,0.0,0.0
19.16,0.69,128.4,0.0,0.0
17.72,0.45,0.0,0.0,0.0
17.28,0.45,0.0,0.0,0.0
14.43,0.0,0.0,0.0,0.0
15.44,0.0,0.0,0.0,0.0
15.06,0.0,0.0,0.0,0.0
15.43,0.0,0.0,0.0,0.0
14.06,0.0,0.0,0.0,0.0
13.01,0.0,0.0,0.0,0.0
17.17,0.63,150.85,0.0,0.0
30.55,1.7,139.65,0.0,18.0918
65.63,3.13,141.59,0.0,50.5817
59.45,3.4,129.67,0.0,31.3564
51.91,3.48,110.23,0.0,18.0103
56.11,4.15,86.45,0.0,44.7513
61.69,4.96,74.96,0.0,170.34900000000002
57.5,4.7,82.1,0.0,284.958
49.07,2.96,80.3,0.0,97.3463
50.91,2.87,60.09,0.0,27.5535
51.66,3.83,45.05,0.0,15.8869
40.5,2.27,42.34,0.0,0.753286
19.16,1.82,41.44,0.0,0.0
16.2,1.27,40.71,0.0,0.0
17.63,1.5,43.15,0.0,0.0
16.63,0.71,45.83,0.0,0.0
18.2,0.45,0.0,0.0,0.0
17.94,0.45,0.0,0.0,0.0
14.89,0.0,0.0,0.0,0.0
14.52,0.0,0.0,0.0,0.0
15.46,0.0,0.0,0.0,0.0
15.46,0.0,0.0,0.0,0.0
15.46,0.0,0.0,0.0,0.0
14.67,0.0,0.0,0.0,0.0
17.3,0.62,16.26,0.0,0.0
27.01,1.69,16.62,0.0,44.8959
59.73,3.12,23.62,0.0,169.447
50.79,3.39,33.92,0.0,395.762
51.4,3.48,39.51,0.0,587.067
54.2,4.16,42.22,0.0,723.5169999999999
59.45,4.95,49.82,0.0,785.545
54.95,4.69,59.41,0.0,807.828
53.35,2.95,62.23,0.0,778.61
46.77,2.86,66.23,0.0,690.8580000000001
53.02,3.83,68.66,0.0,556.773
43.83,2.25,61.73,0.0,360.02
18.81,1.83,53.68,0.0,135.034
14.99,1.3,48.45,0.0,1.42656
16.04,1.46,44.24,0.0,0.0
15.89,0.69,40.79,0.0,0.0
14.0,0.44,0.0,0.0,0.0
15.4,0.45,0.0,0.0,0.0
12.23,0.0,0.0,0.0,0.0
9.68,0.0,0.0,0.0,0.0
9.84,0.0,0.0,0.0,0.0
10.77,0.0,0.0,0.0,0.0
9.71,0.0,0.0,0.0,0.0
10.23,0.0,0.0,0.0,0.0
14.89,0.62,0.0,0.0,0.0
19.98,0.98,9.84,0.0,40.289
23.32,1.33,35.72,0.0,184.601
23.68,1.87,45.17,0.0,400.257
20.91,1.69,48.82,0.0,571.509
23.1,2.05,52.56,0.0,698.3960000000001
18.02,1.78,57.89,0.0,770.63
14.92,1.69,62.11,0.0,732.6610000000001
13.52,1.33,63.8,0.0,770.944
13.04,1.16,65.08,0.0,667.164
13.92,1.25,67.77,0.0,536.509
12.18,0.62,61.1,0.0,354.588
10.69,0.62,21.24,0.0,134.695
9.83,0.0,0.0,0.0,2.14981
10.49,0.0,0.0,0.0,0.0
9.6,0.0,0.0,0.0,0.0
8.94,0.0,0.0,0.0,0.0
9.95,0.0,0.0,0.0,0.0
10.84,0.0,0.0,0.0,0.0
10.26,0.0,0.0,0.0,0.0
9.28,0.0,0.0,0.0,0.0
9.9,0.0,0.0,0.0,0.0
10.01,0.0,0.0,0.0,0.0
10.52,0.0,0.0,0.0,0.0
14.01,0.36,0.0,0.0,0.0
13.33,0.36,0.0,0.0,42.749
13.73,0.36,16.24,0.0,187.632
14.37,0.36,30.22,0.0,401.732
14.37,0.36,46.43,0.0,568.43
14.37,0.53,30.75,0.0,680.15
13.08,0.53,0.0,0.0,764.85
12.17,0.8,19.01,0.0,717.546
12.66,0.53,21.59,0.0,733.512
12.5,0.36,44.63,0.0,616.928
12.32,0.36,58.58,0.0,504.85
11.61,0.36,44.24,0.0,355.906
10.16,0.0,45.87,0.0,136.951
9.68,0.0,22.51,0.0,2.13096
9.15,0.0,0.0,0.0,0.0
8.13,0.0,0.0,0.0,0.0
7.99,0.0,0.0,0.0,0.0
9.82,0.0,0.0,0.0,0.0
8.57,0.0,0.0,0.0,0.0
11.03,0.0,0.0,0.0,0.0
11.04,0.0,0.0,0.0,0.0
11.38,0.0,0.0,0.0,0.0
11.09,0.0,0.0,0.0,0.0
10.3,0.0,0.0,0.0,0.0
12.38,0.62,30.61,0.0,0.0
27.66,1.68,55.61,0.0,44.9927
63.08,3.1,76.62,0.0,183.735
57.47,3.37,90.78,0.0,380.727
48.95,3.45,99.18,0.0,539.661
47.84,4.16,104.23,0.0,613.315
47.99,4.91,106.13,0.0,711.335
47.69,4.67,107.51,0.0,760.334
43.88,2.93,114.13,0.0,729.1510000000001
43.15,2.84,124.8,0.0,636.577
41.53,3.8,128.22,0.0,503.841
33.24,2.24,108.91,0.0,327.023
20.08,1.82,92.79,0.0,120.019
16.76,1.28,86.35,0.0,2.26778
16.8,1.44,82.5,0.0,0.0
14.1,0.69,77.41,0.0,0.0
16.54,0.44,0.0,0.0,0.0
14.91,0.44,0.0,0.0,0.0
13.13,0.0,0.0,0.0,0.0
13.04,0.0,0.0,0.0,0.0
13.57,0.0,0.0,0.0,0.0
13.62,0.0,0.0,0.0,0.0
12.63,0.0,0.0,0.0,0.0
11.68,0.0,0.0,0.0,0.0
13.45,0.62,42.18,0.0,0.0
23.84,1.68,64.02,0.0,21.8391
48.5,3.09,82.16,0.0,95.9614
46.8,3.36,89.21,0.0,256.002
41.24,3.45,95.47,0.0,469.979
49.58,4.12,99.04,0.0,527.221
52.71,4.9,99.84,0.0,423.521
50.3,4.66,103.62,0.0,342.844
40.93,2.93,109.37,0.0,632.565
45.54,2.83,113.72,0.0,587.514
53.75,3.79,115.25,0.0,432.335
38.75,2.23,105.14,0.0,333.565
18.38,1.82,92.72,0.0,121.514
14.68,1.28,86.32,0.0,2.27871
16.71,1.44,83.12,0.0,0.0
14.68,0.69,80.4,0.0,0.0
15.49,0.44,0.0,0.0,0.0
16.62,0.44,0.0,0.0,0.0
11.76,0.0,0.0,0.0,0.0
12.93,0.0,0.0,0.0,0.0
12.07,0.0,0.0,0.0,0.0
12.08,0.0,0.0,0.0,0.0
11.39,0.0,0.0,0.0,0.0
11.66,0.0,0.0,0.0,0.0
15.49,0.62,28.14,0.0,0.0
28.59,1.68,49.31,0.0,39.5854
62.79,3.09,87.46,0.0,188.539
49.41,3.35,90.44,0.0,377.357
46.56,3.44,85.97,0.0,529.68
49.68,4.11,90.31,0.0,668.4860000000001
46.49,4.89,93.07,0.0,737.346
53.76,4.65,104.76,0.0,730.965
44.32,2.92,111.44,0.0,666.11
43.15,2.83,117.7,0.0,631.6569999999999
52.23,3.79,122.2,0.0,506.848
38.96,2.23,98.49,0.0,327.855
18.84,1.81,78.82,0.0,128.05700000000002
16.52,1.29,72.84,0.0,1.96279
17.07,1.45,72.79,0.0,0.0
15.7,0.69,66.76,0.0,0.0
16.82,0.44,0.0,0.0,0.0
16.32,0.44,0.0,0.0,0.0
13.4,0.0,0.0,0.0,0.0
14.22,0.0,0.0,0.0,0.0
14.67,0.0,0.0,0.0,0.0
13.69,0.0,0.0,0.0,0.0
14.67,0.0,0.0,0.0,0.0
12.97,0.0,0.0,0.0,0.0
15.87,0.62,41.35,0.0,0.0
24.87,1.67,52.26,0.0,43.2335
57.81,3.08,59.82,0.0,192.642
50.56,3.34,66.29,0.0,403.218
48.6,3.43,74.33,0.0,574.606
45.31,4.11,78.88,0.0,698.4060000000001
53.64,4.89,77.26,0.0,783.2360000000001
58.71,4.63,89.66,0.0,785.556
57.27,2.91,97.3,0.0,765.048
53.23,2.83,106.64,0.0,669.3380000000001
61.0,3.77,109.38,0.0,534.771
44.99,2.23,86.97,0.0,346.968
23.91,1.79,69.21,0.0,132.605
20.77,1.3,62.86,0.0,2.78147
19.87,1.46,60.85,0.0,0.0
16.67,0.69,56.7,0.0,0.0
14.84,0.44,0.0,0.0,0.0
14.21,0.44,0.0,0.0,0.0
11.95,0.0,0.0,0.0,0.0
13.06,0.0,0.0,0.0,0.0
14.14,0.0,0.0,0.0,0.0
13.22,0.0,0.0,0.0,0.0
12.71,0.0,0.0,0.0,0.0
11.12,0.0,0.0,0.0,0.0
12.97,0.61,17.97,0.0,0.0
21.79,1.67,30.53,0.0,40.3169
58.82,3.07,52.71,0.0,183.749
49.88,3.34,65.24,0.0,378.262
48.0,3.42,74.06,0.0,506.9330000000001
53.57,4.1,88.79,0.0,597.182
47.71,4.88,83.3,0.0,572.435
50.09,4.61,92.07,0.0,560.247
45.5,2.91,91.62,0.0,546.07
44.41,2.83,95.05,0.0,543.7769999999999
43.91,3.76,96.23,0.0,488.396
32.25,2.22,80.36,0.0,313.094
18.02,1.78,67.24,0.0,115.079
17.28,1.25,62.66,0.0,2.29708
15.89,1.46,61.21,0.0,0.0
13.61,0.7,58.19,0.0,0.0
14.83,0.44,0.0,0.0,0.0
14.35,0.44,0.0,0.0,0.0
10.6,0.0,0.0,0.0,0.0
7.96,0.0,0.0,0.0,0.0
9.02,0.0,0.0,0.0,0.0
8.25,0.0,0.0,0.0,0.0
7.67,0.0,0.0,0.0,0.0
7.84,0.0,0.0,0.0,0.0
13.6,0.61,26.32,0.0,0.0
19.25,0.96,53.35,0.0,47.4439
24.36,1.31,76.86,0.0,191.041
25.4,1.84,84.28,0.0,392.385
24.17,1.66,84.43,0.0,572.242
28.74,2.01,86.65,0.0,693.3489999999999
19.74,1.75,89.24,0.0,771.37
18.7,1.66,92.6,0.0,790.1189999999999
16.7,1.31,94.19,0.0,751.6569999999999
16.19,1.14,93.96,0.0,677.93
15.74,1.23,92.57,0.0,532.78
15.4,0.61,84.98,0.0,341.702
13.45,0.61,45.52,0.0,125.954
9.68,0.0,14.1,0.0,3.08747
10.11,0.0,0.0,0.0,0.0
8.97,0.0,0.0,0.0,0.0
7.99,0.0,0.0,0.0,0.0
7.9,0.0,0.0,0.0,0.0
9.54,0.0,0.0,0.0,0.0
8.44,0.0,0.0,0.0,0.0
7.89,0.0,0.0,0.0,0.0
7.81,0.0,0.0,0.0,0.0
8.95,0.0,0.0,0.0,0.0
7.97,0.0,0.0,0.0,0.0
10.64,0.35,0.0,0.0,0.0
11.39,0.35,0.0,0.0,21.7395
11.05,0.35,0.0,0.0,82.2819
9.93,0.35,0.0,0.0,100.102
12.12,0.35,0.0,0.0,346.737
11.87,0.52,0.0,0.0,532.411
12.76,0.52,0.0,0.0,411.64
11.71,0.79,0.0,0.0,280.18
10.69,0.52,28.18,0.0,312.605
11.25,0.35,61.99,0.0,502.628
12.16,0.35,81.16,0.0,413.994
13.27,0.35,69.42,0.0,280.713
10.91,0.0,31.72,0.0,95.7222
9.68,0.0,0.0,0.0,0.62654
8.5,0.0,0.0,0.0,0.0
8.83,0.0,0.0,0.0,0.0
8.22,0.0,0.0,0.0,0.0
9.3,0.0,0.0,0.0,0.0
8.55,0.0,0.0,0.0,0.0
11.23,0.0,0.0,0.0,0.0
10.57,0.0,0.0,0.0,0.0
11.49,0.0,0.0,0.0,0.0
11.9,0.0,0.0,0.0,0.0
11.67,0.0,0.0,0.0,0.0
15.42,0.61,113.05,0.0,0.0
27.85,1.66,97.55,0.0,0.0
61.4,3.05,101.58,0.0,44.1412
46.22,3.31,99.73,0.0,166.16400000000002
40.02,3.4,106.31,0.0,282.693
48.08,4.1,118.41,0.0,242.276
54.9,4.84,130.14,0.0,521.276
49.1,4.58,148.38,0.0,617.198
51.32,2.88,144.66,0.0,489.949
47.65,2.81,133.09,0.0,216.734
56.31,3.73,127.61,0.0,123.171
46.39,2.21,110.76,0.0,38.8044
23.72,1.77,104.23,0.0,11.2347
18.83,1.24,99.35,0.0,0.0
20.12,1.45,94.99,0.0,0.0
17.38,0.7,93.38,0.0,0.0
18.0,0.44,0.0,0.0,0.0
19.16,0.44,0.0,0.0,0.0
15.46,0.0,0.0,0.0,0.0
15.2,0.0,0.0,0.0,0.0
15.46,0.0,0.0,0.0,0.0
14.14,0.0,0.0,0.0,0.0
13.82,0.0,0.0,0.0,0.0
13.38,0.0,0.0,0.0,0.0
17.14,0.61,102.59,0.0,0.0
27.11,1.65,94.94,0.0,3.12804
50.81,3.04,95.4,0.0,10.5691
46.95,3.31,92.67,0.0,50.9642
44.71,3.39,90.82,0.0,237.696
46.92,4.08,98.35,0.0,461.072
48.47,4.83,104.49,0.0,525.976
55.43,4.58,109.46,0.0,320.13
50.62,2.88,114.53,0.0,437.669
46.95,2.79,118.89,0.0,227.183
44.16,3.73,122.4,0.0,243.858
36.84,2.2,110.73,0.0,126.886
19.32,1.79,103.82,0.0,37.9042
15.88,1.27,101.07,0.0,0.0
15.42,1.43,99.17,0.0,0.0
14.69,0.68,98.27,0.0,0.0
14.59,0.43,0.0,0.0,0.0
13.66,0.43,0.0,0.0,0.0
13.0,0.0,0.0,0.0,0.0
14.18,0.0,0.0,0.0,0.0
15.19,0.0,0.0,0.0,0.0
13.89,0.0,0.0,0.0,0.0
12.49,0.0,0.0,0.0,0.0
13.03,0.0,0.0,0.0,0.0
14.34,0.61,96.72,0.0,0.0
22.5,1.65,91.63,0.0,31.911
46.91,3.04,97.56,0.0,114.431
40.93,3.3,100.68,0.0,244.823
47.51,3.38,107.11,0.0,398.191
54.14,4.05,122.38,0.0,664.554
56.17,4.82,131.16,0.0,727.4939999999999
52.61,4.56,143.3,0.0,639.405
46.54,2.88,143.41,0.0,477.4980000000001
49.63,2.79,151.04,0.0,610.5169999999999
49.6,3.71,153.0,0.0,507.372
41.65,2.2,121.77,0.0,327.101
19.71,1.78,105.1,0.0,122.128
16.29,1.25,99.15,0.0,3.82234
17.31,1.41,98.58,0.0,0.0
13.9,0.67,97.49,0.0,0.0
14.64,0.43,0.0,0.0,0.0
16.03,0.43,0.0,0.0,0.0
11.38,0.0,0.0,0.0,0.0
12.92,0.0,0.0,0.0,0.0
11.65,0.0,0.0,0.0,0.0
12.34,0.0,0.0,0.0,0.0
13.79,0.0,0.0,0.0,0.0
14.05,0.0,0.0,0.0,0.0
15.16,0.61,104.72,0.0,0.0
24.47,1.65,102.0,0.0,49.7707
50.3,3.03,109.83,0.0,132.071
49.03,3.29,109.18,0.0,224.274
52.36,3.38,111.01,0.0,244.064
56.21,4.04,113.66,0.0,183.59
53.46,4.81,111.81,0.0,154.2
56.76,4.54,117.64,0.0,261.961
53.89,2.87,118.34,0.0,254.752
56.12,2.78,116.06,0.0,125.859
61.64,3.7,115.08,0.0,64.7296
48.93,2.19,105.39,0.0,73.3175
24.0,1.78,96.78,0.0,118.667
20.09,1.25,94.53,0.0,3.79602
18.62,1.41,91.15,0.0,0.0
17.5,0.67,89.41,0.0,0.0
18.55,0.43,0.0,0.0,0.0
19.0,0.43,0.0,0.0,0.0
15.46,0.0,0.0,0.0,0.0
15.46,0.0,0.0,0.0,0.0
14.45,0.0,0.0,0.0,0.0
14.26,0.0,0.0,0.0,0.0
12.79,0.0,0.0,0.0,0.0
13.16,0.0,0.0,0.0,0.0
16.31,0.6,99.38,0.0,0.0
28.71,1.64,95.02,0.0,35.7473
54.38,3.02,100.29,0.0,34.9514
48.42,3.28,101.0,0.0,120.067
41.71,3.37,101.61,0.0,161.44899999999998
47.01,4.03,101.76,0.0,167.676
51.46,4.8,105.53,0.0,218.227
51.56,4.53,109.63,0.0,265.834
52.43,2.86,107.32,0.0,223.551
55.99,2.77,106.79,0.0,143.65
57.07,3.69,108.52,0.0,77.7451
45.14,2.19,102.95,0.0,90.5296
19.58,1.78,97.95,0.0,85.0639
18.1,1.25,96.42,0.0,3.23104
17.33,1.41,94.67,0.0,0.0
14.33,0.67,92.88,0.0,0.0
13.98,0.43,0.0,0.0,0.0
15.11,0.43,0.0,0.0,0.0
12.16,0.0,0.0,0.0,0.0
8.14,0.0,0.0,0.0,0.0
7.96,0.0,0.0,0.0,0.0
9.53,0.0,0.0,0.0,0.0
9.2,0.0,0.0,0.0,0.0
8.38,0.0,0.0,0.0,0.0
16.18,0.6,98.98,0.0,0.0
23.28,0.95,94.95,0.0,58.3108
25.64,1.29,94.5,0.0,148.304
25.22,1.81,96.04,0.0,221.194
22.64,1.64,96.73,0.0,183.229
29.07,1.98,97.41,0.0,353.434
19.6,1.72,97.0,0.0,250.775
16.27,1.64,96.32,0.0,222.606
16.86,1.29,95.72,0.0,240.996
13.89,1.12,94.82,0.0,302.8
16.11,1.21,94.88,0.0,204.858
15.7,0.6,94.04,0.0,124.23
12.06,0.6,0.0,0.0,111.703
8.99,0.0,0.0,0.0,4.04504
9.77,0.0,0.0,0.0,0.0
8.82,0.0,0.0,0.0,0.0
9.21,0.0,0.0,0.0,0.0
9.89,0.0,0.0,0.0,0.0
9.13,0.0,0.0,0.0,0.0
9.75,0.0,0.0,0.0,0.0
8.81,0.0,0.0,0.0,0.0
9.47,0.0,0.0,0.0,0.0
9.02,0.0,0.0,0.0,0.0
9.98,0.0,0.0,0.0,0.0
11.16,0.34,0.0,0.0,0.0
11.28,0.34,0.0,0.0,52.5812
11.11,0.34,0.0,0.0,187.291
11.95,0.34,55.76,0.0,351.286
13.18,0.34,70.44,0.0,516.5930000000001
12.32,0.52,37.56,0.0,626.822
11.98,0.52,19.7,0.0,694.944
11.65,0.77,34.96,0.0,774.2860000000001
11.94,0.52,39.08,0.0,734.482
12.04,0.34,70.01,0.0,626.715
12.65,0.34,55.41,0.0,435.468
11.34,0.34,54.91,0.0,237.866
9.54,0.0,8.04,0.0,90.1323
8.51,0.0,0.0,0.0,3.20671
8.72,0.0,0.0,0.0,0.0
8.75,0.0,0.0,0.0,0.0
7.99,0.0,0.0,0.0,0.0
9.24,0.0,0.0,0.0,0.0
9.59,0.0,0.0,0.0,0.0
12.74,0.0,0.0,0.0,0.0
12.52,0.0,0.0,0.0,0.0
11.41,0.0,0.0,0.0,0.0
10.32,0.0,0.0,0.0,0.0
12.98,0.0,0.0,0.0,0.0
16.79,0.6,98.27,0.0,0.0
28.43,1.63,95.86,0.0,52.8829
61.45,3.0,104.93,0.0,184.526
50.91,3.26,114.3,0.0,376.721
44.48,3.34,130.14,0.0,548.6
46.08,4.03,142.48,0.0,602.44
52.01,4.78,144.69,0.0,598.484
47.87,4.5,154.7,0.0,620.745
48.41,2.84,154.08,0.0,523.751
44.75,2.75,152.5,0.0,485.249
53.99,3.67,147.11,0.0,303.575
37.69,2.17,120.48,0.0,182.21
16.4,1.76,109.21,0.0,71.8621
16.99,1.25,105.49,0.0,1.35531
16.9,1.41,102.65,0.0,0.0
13.59,0.67,100.48,0.0,0.0
15.37,0.43,0.0,0.0,0.0
14.36,0.43,0.0,0.0,0.0
12.99,0.0,0.0,0.0,0.0
14.28,0.0,0.0,0.0,0.0
13.94,0.0,0.0,0.0,0.0
13.43,0.0,0.0,0.0,0.0
12.04,0.0,0.0,0.0,0.0
12.17,0.0,0.0,0.0,0.0
13.85,0.6,102.07,0.0,0.0
23.2,1.63,102.91,0.0,60.5366
59.24,2.99,119.0,0.0,200.36
46.78,3.25,132.44,0.0,351.403
49.14,3.34,142.41,0.0,442.513
50.29,4.01,152.45,0.0,538.931
56.06,4.74,155.85,0.0,514.9159999999999
49.4,4.5,171.5,0.0,605.441
45.82,2.83,172.86,0.0,716.722
44.06,2.74,170.25,0.0,656.096
49.09,3.67,172.08,0.0,512.5319999999999
40.36,2.16,134.62,0.0,280.921
18.09,1.73,109.01,0.0,116.305
17.09,1.28,101.86,0.0,5.28249
17.34,1.44,98.55,0.0,0.0
15.0,0.68,94.6,0.0,0.0
13.95,0.43,0.0,0.0,0.0
15.44,0.43,0.0,0.0,0.0
11.15,0.0,0.0,0.0,0.0
10.7,0.0,0.0,0.0,0.0
12.21,0.0,0.0,0.0,0.0
13.13,0.0,0.0,0.0,0.0
11.92,0.0,0.0,0.0,0.0
12.02,0.0,0.0,0.0,0.0
15.37,0.6,97.25,0.0,0.0
26.82,1.62,101.21,0.0,51.9591
49.97,2.99,118.56,0.0,179.679
41.67,3.24,127.47,0.0,295.238
40.89,3.33,143.79,0.0,401.608
49.19,4.01,158.16,0.0,554.211
53.72,4.73,155.61,0.0,488.344
53.74,4.49,151.71,0.0,399.672
45.63,2.82,145.12,0.0,408.333
45.39,2.75,146.49,0.0,295.493
43.68,3.65,158.52,0.0,387.773
36.92,2.16,133.93,0.0,285.97
16.74,1.75,114.57,0.0,119.711
17.02,1.23,108.41,0.0,5.25479
17.13,1.39,103.74,0.0,0.0
14.06,0.66,97.65,0.0,0.0
12.79,0.43,0.0,0.0,0.0
14.32,0.43,0.0,0.0,0.0
12.52,0.0,0.0,0.0,0.0
11.1,0.0,0.0,0.0,0.0
11.01,0.0,0.0,0.0,0.0
10.79,0.0,0.0,0.0,0.0
11.57,0.0,0.0,0.0,0.0
13.34,0.0,0.0,0.0,0.0
17.26,0.6,99.24,0.0,0.0
27.67,1.62,94.68,0.0,41.1636
58.5,2.98,99.08,0.0,126.121
43.85,3.24,99.81,0.0,254.242
40.6,3.32,116.38,0.0,530.2130000000001
39.5,3.99,135.15,0.0,674.404
42.98,4.72,139.47,0.0,735.783
41.74,4.48,155.62,0.0,745.944
47.09,2.81,162.61,0.0,702.3810000000001
44.21,2.73,169.06,0.0,628.668
43.99,3.65,172.36,0.0,501.715
39.93,2.15,146.02,0.0,329.61300000000006
21.24,1.72,116.36,0.0,131.45
18.44,1.21,106.7,0.0,6.020969999999999
19.7,1.39,102.39,0.0,0.0
17.8,0.66,101.63,0.0,0.0
16.55,0.42,0.0,0.0,0.0
17.83,0.43,0.0,0.0,0.0
14.3,0.0,0.0,0.0,0.0
14.74,0.0,0.0,0.0,0.0
15.46,0.0,0.0,0.0,0.0
14.63,0.0,0.0,0.0,0.0
13.46,0.0,0.0,0.0,0.0
12.33,0.0,0.0,0.0,0.0
15.34,0.59,72.24,0.0,0.0
23.52,1.61,82.9,0.0,48.2071
53.07,2.97,99.0,0.0,209.757
46.15,3.23,109.72,0.0,410.8
49.59,3.31,122.19,0.0,575.586
53.4,3.97,129.07,0.0,694.2289999999999
53.81,4.71,122.95,0.0,734.826
52.93,4.47,130.49,0.0,767.164
50.03,2.81,138.88,0.0,726.446
54.07,2.72,146.36,0.0,647.886
55.48,3.64,148.91,0.0,517.639
45.82,2.15,121.43,0.0,344.357
24.0,1.72,100.16,0.0,139.111
20.77,1.21,90.64,0.0,6.12675
20.77,1.38,87.3,0.0,0.0
17.51,0.68,84.33,0.0,0.0
15.62,0.42,0.0,0.0,0.0
16.7,0.42,0.0,0.0,0.0
12.03,0.0,0.0,0.0,0.0
9.52,0.0,0.0,0.0,0.0
10.18,0.0,0.0,0.0,0.0
11.08,0.0,0.0,0.0,0.0
11.6,0.0,0.0,0.0,0.0
11.0,0.0,0.0,0.0,0.0
17.12,0.59,63.48,0.0,0.0
23.86,0.93,85.32,0.0,50.2867
26.3,1.27,98.89,0.0,208.245
29.48,1.78,99.61,0.0,382.43
28.17,1.61,100.1,0.0,546.364
27.59,1.95,103.55,0.0,632.265
21.3,1.69,103.83,0.0,741.628
20.06,1.61,102.44,0.0,774.403
18.21,1.27,102.32,0.0,730.824
16.94,1.1,101.99,0.0,648.702
17.37,1.19,101.98,0.0,509.685
14.69,0.59,93.02,0.0,266.241
13.41,0.59,16.21,0.0,95.2963
11.5,0.0,0.0,0.0,3.97701
11.6,0.0,0.0,0.0,0.0
11.6,0.0,0.0,0.0,0.0
11.6,0.0,0.0,0.0,0.0
11.02,0.0,0.0,0.0,0.0
11.6,0.0,0.0,0.0,0.0
11.6,0.0,0.0,0.0,0.0
11.16,0.0,0.0,0.0,0.0
11.6,0.0,0.0,0.0,0.0
11.6,0.0,0.0,0.0,0.0
11.45,0.0,0.0,0.0,0.0
13.42,0.34,0.0,0.0,0.0
12.3,0.34,32.69,0.0,53.7113
11.7,0.34,54.91,0.0,205.097
11.28,0.34,79.37,0.0,359.695
11.7,0.34,72.99,0.0,497.393
10.54,0.51,56.68,0.0,619.469
10.56,0.51,53.52,0.0,708.435
11.18,0.76,59.23,0.0,729.541
12.22,0.51,56.67,0.0,692.878
12.21,0.34,86.22,0.0,618.6519999999999
11.62,0.34,91.42,0.0,469.139
10.75,0.34,39.61,0.0,111.727
8.63,0.0,42.96,0.0,87.11200000000001
9.19,0.0,19.44,0.0,5.24019
8.54,0.0,0.0,0.0,0.0
9.94,0.0,0.0,0.0,0.0
8.87,0.0,0.0,0.0,0.0
8.58,0.0,0.0,0.0,0.0
9.37,0.0,0.0,0.0,0.0
13.7,0.0,0.0,0.0,0.0
12.18,0.0,0.0,0.0,0.0
13.26,0.0,0.0,0.0,0.0
12.05,0.0,0.0,0.0,0.0
13.51,0.0,0.0,0.0,0.0
15.43,0.59,121.63,0.0,0.0
27.72,1.6,122.56,0.0,58.3299
53.07,2.95,151.2,0.0,205.844
46.02,3.2,166.74,0.0,375.233
39.55,3.29,176.05,0.0,531.931
44.54,3.96,186.09,0.0,632.839
47.39,4.7,189.46,0.0,699.6139999999999
52.06,4.43,201.85,0.0,711.057
45.06,2.78,203.77,0.0,675.918
46.31,2.71,205.69,0.0,625.756
48.62,3.6,202.73,0.0,419.078
40.9,2.13,174.41,0.0,317.348
20.75,1.73,134.85,0.0,125.755
17.39,1.22,120.89,0.0,5.88633
18.88,1.37,118.04,0.0,0.0
15.15,0.65,114.64,0.0,0.0
16.11,0.42,0.0,0.0,0.0
16.05,0.42,0.0,0.0,0.0
11.95,0.0,0.0,0.0,0.0
12.52,0.0,0.0,0.0,0.0
12.45,0.0,0.0,0.0,0.0
12.36,0.0,0.0,0.0,0.0
11.5,0.0,0.0,0.0,0.0
11.93,0.0,0.0,0.0,0.0
15.62,0.59,144.56,0.0,0.0
23.93,1.6,140.57,0.0,57.3445
58.2,2.94,158.11,0.0,150.799
48.67,3.2,162.69,0.0,153.54
49.96,3.28,168.06,0.0,207.031
54.22,3.95,172.71,0.0,192.087
54.05,4.66,144.07,0.0,151.156
50.4,4.42,133.17,0.0,106.927
42.0,2.78,131.74,0.0,105.741
46.03,2.7,132.31,0.0,204.798
43.18,3.59,151.3,0.0,398.793
37.88,2.12,136.34,0.0,300.666
20.2,1.73,119.52,0.0,116.367
18.27,1.22,115.39,0.0,5.07652
17.49,1.38,112.55,0.0,0.0
14.36,0.66,110.94,0.0,0.0
16.07,0.42,0.0,0.0,0.0
14.18,0.42,0.0,0.0,0.0
12.88,0.0,0.0,0.0,0.0
13.21,0.0,0.0,0.0,0.0
12.03,0.0,0.0,0.0,0.0
12.98,0.0,0.0,0.0,0.0
12.79,0.0,0.0,0.0,0.0
13.32,0.0,0.0,0.0,0.0
15.39,0.59,161.38,0.0,0.0
29.99,1.59,154.32,0.0,61.0271
61.97,2.94,171.22,0.0,174.584
49.2,3.19,180.38,0.0,221.016
44.2,3.27,177.74,0.0,134.999
51.28,3.94,156.72,0.0,54.5361
48.89,4.65,131.24,0.0,209.923
48.12,4.4,135.5,0.0,299.904
49.44,2.78,153.28,0.0,381.6
45.34,2.69,164.75,0.0,325.135
47.79,3.59,173.78,0.0,246.874
34.15,2.12,163.58,0.0,92.9188
20.08,1.72,152.57,0.0,40.9171
15.6,1.23,144.29,0.0,0.0
15.93,1.39,133.35,0.0,0.0
15.47,0.66,127.06,0.0,0.0
15.2,0.42,0.0,0.0,0.0
15.47,0.42,0.0,0.0,0.0
13.1,0.0,0.0,0.0,0.0
11.78,0.0,0.0,0.0,0.0
12.8,0.0,0.0,0.0,0.0
14.03,0.0,0.0,0.0,0.0
12.69,0.0,0.0,0.0,0.0
11.48,0.0,0.0,0.0,0.0
14.83,0.59,143.22,0.0,0.0
27.89,1.59,138.36,0.0,59.0111
58.54,2.93,150.77,0.0,153.194
47.49,3.18,170.68,0.0,349.316
51.12,3.26,187.99,0.0,522.336
50.56,3.93,202.17,0.0,599.067
45.31,4.65,203.79,0.0,655.444
41.89,4.39,210.46,0.0,749.4939999999999
45.76,2.77,210.05,0.0,714.487
40.34,2.68,213.26,0.0,599.148
47.52,3.58,212.56,0.0,405.934
41.34,2.11,193.74,0.0,304.086
21.89,1.7,156.19,0.0,124.225
16.88,1.24,139.88,0.0,6.51863
18.17,1.4,135.3,0.0,0.0
18.17,0.67,132.49,0.0,0.0
19.16,0.42,0.0,0.0,0.0
18.89,0.42,0.0,0.0,0.0
15.46,0.0,0.0,0.0,0.0
14.59,0.0,0.0,0.0,0.0
13.86,0.0,0.0,0.0,0.0
13.57,0.0,0.0,0.0,0.0
13.65,0.0,0.0,0.0,0.0
14.28,0.0,0.0,0.0,0.0
17.49,0.58,155.22,0.0,0.0
30.48,1.59,147.19,0.0,69.2029
56.89,2.92,169.77,0.0,134.778
46.44,3.17,178.9,0.0,270.208
48.61,3.25,184.04,0.0,301.82
55.7,3.92,179.93,0.0,116.85
55.73,4.64,175.6,0.0,73.5948
54.27,4.38,168.77,0.0,57.8598
53.88,2.76,164.85,0.0,73.1008
56.81,2.67,152.71,0.0,53.9714
54.59,3.58,141.02,0.0,42.7406
43.02,2.11,118.11,0.0,53.4221
20.58,1.69,106.97,0.0,21.7721
18.98,1.19,103.85,0.0,0.0
18.21,1.35,101.23,0.0,0.0
14.61,0.64,100.82,0.0,0.0
14.58,0.42,0.0,0.0,0.0
16.29,0.42,0.0,0.0,0.0
12.71,0.0,0.0,0.0,0.0
10.5,0.0,0.0,0.0,0.0
9.97,0.0,0.0,0.0,0.0
10.5,0.0,0.0,0.0,0.0
11.06,0.0,0.0,0.0,0.0
11.23,0.0,0.0,0.0,0.0
17.56,0.58,140.63,0.0,0.0
24.88,0.92,139.56,0.0,7.73385
27.21,1.25,137.65,0.0,20.5043
31.41,1.75,137.23,0.0,14.9729
30.38,1.58,131.98,0.0,31.9328
32.4,1.91,117.81,0.0,45.4705
21.22,1.66,112.08,0.0,68.8708
16.65,1.58,109.35,0.0,64.8758
15.3,1.25,106.21,0.0,54.4266
14.59,1.08,104.42,0.0,64.875
14.85,1.17,101.13,0.0,51.8758
13.29,0.58,97.79,0.0,58.4246
10.1,0.58,0.0,0.0,26.5568
9.66,0.0,0.0,0.0,0.0
9.16,0.0,0.0,0.0,0.0
8.68,0.0,0.0,0.0,0.0
9.06,0.0,0.0,0.0,0.0
8.51,0.0,0.0,0.0,0.0
9.83,0.0,0.0,0.0,0.0
8.71,0.0,0.0,0.0,0.0
8.56,0.0,0.0,0.0,0.0
8.06,0.0,0.0,0.0,0.0
9.61,0.0,0.0,0.0,0.0
9.07,0.0,0.0,0.0,0.0
12.62,0.33,0.0,0.0,0.0
13.09,0.33,0.0,0.0,46.7081
11.57,0.33,0.0,0.0,114.873
12.45,0.33,0.0,0.0,184.009
10.98,0.33,0.0,0.0,238.72
11.05,0.5,0.0,0.0,252.425
12.52,0.5,0.0,0.0,371.149
11.69,0.75,0.0,0.0,415.055
11.21,0.5,0.0,0.0,289.403
11.2,0.33,0.0,0.0,132.518
10.05,0.33,0.0,0.0,120.202
11.99,0.33,0.0,0.0,84.3902
9.38,0.0,0.0,0.0,37.1739
9.81,0.0,0.0,0.0,8.93534
9.12,0.0,0.0,0.0,0.0
9.62,0.0,0.0,0.0,0.0
9.34,0.0,0.0,0.0,0.0
8.53,0.0,0.0,0.0,0.0
8.78,0.0,0.0,0.0,0.0
11.66,0.0,0.0,0.0,0.0
12.69,0.0,0.0,0.0,0.0
13.17,0.0,0.0,0.0,0.0
12.22,0.0,0.0,0.0,0.0
10.79,0.0,0.0,0.0,0.0
13.09,0.58,124.23,0.0,0.0
24.56,1.57,115.13,0.0,17.7198
52.93,2.9,118.7,0.0,103.736
41.95,3.15,115.22,0.0,131.563
42.53,3.23,117.1,0.0,198.11900000000003
48.79,3.89,126.11,0.0,274.706
49.02,4.62,129.68,0.0,420.858
45.59,4.34,145.9,0.0,699.578
38.58,2.75,145.68,0.0,455.163
40.99,2.65,139.8,0.0,286.55
43.51,3.54,139.39,0.0,319.943
35.41,2.09,123.81,0.0,300.597
16.26,1.68,109.51,0.0,122.696
13.81,1.23,103.82,0.0,9.68318
17.12,1.39,100.33,0.0,0.0
17.13,0.66,98.51,0.0,0.0
15.54,0.41,0.0,0.0,0.0
14.12,0.41,0.0,0.0,0.0
11.93,0.0,0.0,0.0,0.0
11.56,0.0,0.0,0.0,0.0
11.06,0.0,0.0,0.0,0.0
10.3,0.0,0.0,0.0,0.0
12.97,0.0,0.0,0.0,0.0
11.48,0.0,0.0,0.0,0.0
14.56,0.58,45.86,0.0,0.0
28.93,1.57,48.76,0.0,59.6026
57.76,2.89,64.88,0.0,214.852
52.4,3.14,72.51,0.0,411.891
52.51,3.22,79.95,0.0,596.009
49.19,3.88,85.03,0.0,709.314
47.28,4.6,87.62,0.0,765.5939999999999
47.16,4.34,99.28,0.0,783.375
39.89,2.72,103.57,0.0,761.79
43.25,2.66,107.75,0.0,670.945
46.77,3.53,112.44,0.0,545.232
33.77,2.09,99.59,0.0,356.146
19.04,1.71,86.92,0.0,149.916
14.91,1.2,78.45,0.0,12.3147
17.3,1.36,75.59,0.0,0.0
14.14,0.65,73.8,0.0,0.0
13.1,0.41,0.0,0.0,0.0
13.03,0.41,0.0,0.0,0.0
10.8,0.0,0.0,0.0,0.0
10.29,0.0,0.0,0.0,0.0
11.21,0.0,0.0,0.0,0.0
11.46,0.0,0.0,0.0,0.0
13.18,0.0,0.0,0.0,0.0
12.62,0.0,0.0,0.0,0.0
15.46,0.58,69.12,0.0,0.0
23.52,1.57,77.65,0.0,59.6666
52.2,2.88,92.97,0.0,225.165
42.68,3.13,98.77,0.0,424.846
44.83,3.21,104.97,0.0,586.889
46.02,3.87,109.35,0.0,692.571
51.82,4.58,107.89,0.0,764.436
51.1,4.33,113.67,0.0,763.367
45.85,2.72,116.5,0.0,748.925
49.55,2.64,122.34,0.0,664.2489999999999
57.05,3.52,125.42,0.0,535.752
42.74,2.08,105.35,0.0,357.201
22.62,1.7,89.09,0.0,151.09
19.61,1.2,79.6,0.0,13.0339
18.52,1.35,74.62,0.0,0.0
15.07,0.65,72.48,0.0,0.0
15.88,0.41,0.0,0.0,0.0
14.06,0.41,0.0,0.0,0.0
11.73,0.0,0.0,0.0,0.0
12.31,0.0,0.0,0.0,0.0
13.54,0.0,0.0,0.0,0.0
14.51,0.0,0.0,0.0,0.0
13.13,0.0,0.0,0.0,0.0
13.11,0.0,0.0,0.0,0.0
17.65,0.58,45.93,0.0,0.0
30.98,1.56,52.95,0.0,58.5636
66.28,2.88,68.67,0.0,232.675
58.31,3.12,72.95,0.0,438.29
53.76,3.21,79.41,0.0,590.398
54.08,3.86,84.45,0.0,702.7410000000001
48.21,4.57,86.66,0.0,777.655
46.64,4.32,98.7,0.0,782.875
44.22,2.71,101.49,0.0,747.705
45.69,2.64,108.75,0.0,658.67
43.99,3.51,114.78,0.0,530.736
40.97,2.07,94.72,0.0,353.541
19.15,1.7,80.97,0.0,150.232
14.9,1.2,71.42,0.0,12.9559
16.12,1.35,66.34,0.0,0.0
16.67,0.65,63.79,0.0,0.0
17.84,0.41,0.0,0.0,0.0
16.93,0.41,0.0,0.0,0.0
12.99,0.0,0.0,0.0,0.0
12.79,0.0,0.0,0.0,0.0
12.1,0.0,0.0,0.0,0.0
12.14,0.0,0.0,0.0,0.0
13.69,0.0,0.0,0.0,0.0
13.89,0.0,0.0,0.0,0.0
17.75,0.57,46.09,0.0,0.0
27.52,1.56,67.78,0.0,61.4121
63.17,2.87,88.74,0.0,224.784
48.36,3.12,93.52,0.0,416.501
52.15,3.2,98.33,0.0,566.873
56.14,3.85,107.25,0.0,673.86
50.2,4.56,106.68,0.0,750.3
54.78,4.31,111.99,0.0,769.778
44.84,2.7,118.62,0.0,730.1360000000001
50.89,2.64,126.86,0.0,644.865
52.99,3.5,131.96,0.0,518.232
43.66,2.07,111.41,0.0,348.284
20.18,1.69,95.82,0.0,150.85399999999998
16.25,1.2,85.17,0.0,13.7011
15.34,1.36,81.42,0.0,0.0
15.17,0.65,79.55,0.0,0.0
15.64,0.41,0.0,0.0,0.0
16.62,0.41,0.0,0.0,0.0
11.84,0.0,0.0,0.0,0.0
10.13,0.0,0.0,0.0,0.0
9.37,0.0,0.0,0.0,0.0
8.52,0.0,0.0,0.0,0.0
9.72,0.0,0.0,0.0,0.0
10.62,0.0,0.0,0.0,0.0
17.66,0.57,45.39,0.0,0.0
23.5,0.9,77.27,0.0,59.7167
29.07,1.23,91.37,0.0,225.413
29.57,1.72,96.46,0.0,421.478
28.2,1.55,98.09,0.0,574.27
32.78,1.88,98.03,0.0,689.82
25.23,1.64,99.74,0.0,742.6210000000001
20.34,1.55,101.85,0.0,753.882
19.53,1.23,99.57,0.0,725.63
18.38,1.06,101.45,0.0,646.438
18.78,1.14,104.51,0.0,524.933
16.79,0.57,97.78,0.0,346.445
14.37,0.57,61.03,0.0,147.111
11.6,0.0,23.7,0.0,15.9616
10.97,0.0,0.0,0.0,0.0
11.6,0.0,0.0,0.0,0.0
11.6,0.0,0.0,0.0,0.0
11.6,0.0,0.0,0.0,0.0
10.98,0.0,0.0,0.0,0.0
11.15,0.0,0.0,0.0,0.0
10.24,0.0,0.0,0.0,0.0
10.46,0.0,0.0,0.0,0.0
9.41,0.0,0.0,0.0,0.0
10.16,0.0,0.0,0.0,0.0
12.4,0.33,0.0,0.0,0.0
10.98,0.33,0.0,0.0,10.2725
10.03,0.33,0.0,0.0,103.139
10.71,0.33,0.0,0.0,228.071
11.88,0.33,0.0,0.0,330.1
12.35,0.49,21.31,0.0,418.301
13.47,0.49,0.0,0.0,426.99
13.12,0.73,33.41,0.0,448.864
13.27,0.49,40.97,0.0,380.47
13.78,0.33,20.71,0.0,258.375
12.88,0.33,74.66,0.0,358.751
13.98,0.33,54.26,0.0,249.893
11.6,0.0,71.82,0.0,123.169
10.58,0.0,29.5,0.0,15.0288
9.82,0.0,0.0,0.0,0.0
9.03,0.0,0.0,0.0,0.0
9.58,0.0,0.0,0.0,0.0
9.11,0.0,0.0,0.0,0.0
9.39,0.0,0.0,0.0,0.0
13.69,0.0,0.0,0.0,0.0
14.58,0.0,0.0,0.0,0.0
14.2,0.0,0.0,0.0,0.0
13.69,0.0,0.0,0.0,0.0
14.7,0.0,0.0,0.0,0.0
19.16,0.57,133.79,0.0,0.0
33.26,1.55,131.44,0.0,71.8084
70.91,2.85,159.95,0.0,210.907
60.44,3.09,177.73,0.0,401.11300000000006
58.02,3.17,187.37,0.0,551.92
60.44,3.82,196.53,0.0,660.721
61.69,4.55,197.88,0.0,728.924
62.45,4.27,204.87,0.0,737.675
54.56,2.68,205.64,0.0,695.546
52.7,2.61,207.35,0.0,611.381
56.02,3.47,197.04,0.0,356.009
41.37,2.05,165.35,0.0,221.268
18.54,1.68,135.69,0.0,133.23
14.43,1.19,124.23,0.0,13.3464
14.78,1.34,122.09,0.0,0.0
13.94,0.64,119.98,0.0,0.0
13.96,0.41,0.0,0.0,0.0
13.13,0.41,0.0,0.0,0.0
11.03,0.0,0.0,0.0,0.0
10.61,0.0,0.0,0.0,0.0
12.35,0.0,0.0,0.0,0.0
13.34,0.0,0.0,0.0,0.0
11.91,0.0,0.0,0.0,0.0
11.17,0.0,0.0,0.0,0.0
13.96,0.57,137.53,0.0,0.0
25.17,1.54,139.01,0.0,69.6345
49.0,2.84,173.15,0.0,210.742
50.02,3.08,185.66,0.0,364.0
49.05,3.17,192.71,0.0,507.576
53.75,3.81,200.02,0.0,650.064
53.26,4.51,202.69,0.0,665.76
54.05,4.26,212.93,0.0,608.844
46.67,2.68,211.97,0.0,659.7239999999999
43.17,2.6,209.18,0.0,542.543
47.4,3.47,194.0,0.0,260.5
36.72,2.05,165.36,0.0,227.406
18.1,1.63,129.52,0.0,103.588
15.62,1.15,119.19,0.0,14.0674
15.63,1.31,117.52,0.0,0.0
15.44,0.63,118.47,0.0,0.0
13.78,0.4,0.0,0.0,0.0
13.82,0.41,0.0,0.0,0.0
10.64,0.0,0.0,0.0,0.0
11.99,0.0,0.0,0.0,0.0
12.58,0.0,0.0,0.0,0.0
12.99,0.0,0.0,0.0,0.0
12.56,0.0,0.0,0.0,0.0
13.59,0.0,0.0,0.0,0.0
15.1,0.57,134.77,0.0,0.0
28.41,1.54,142.12,0.0,69.9296
63.58,2.83,177.06,0.0,201.417
49.26,3.08,183.81,0.0,287.881
52.59,3.16,191.85,0.0,450.432
56.96,3.8,209.71,0.0,539.284
58.51,4.5,207.03,0.0,567.4730000000001
55.78,4.25,211.23,0.0,682.6519999999999
53.6,2.67,216.66,0.0,593.5319999999999
51.66,2.6,221.48,0.0,524.08
50.46,3.46,221.71,0.0,489.168
37.68,2.05,195.64,0.0,320.233
16.83,1.64,161.34,0.0,136.545
14.51,1.21,144.95,0.0,15.0489
16.22,1.36,138.54,0.0,0.0
14.79,0.65,133.92,0.0,0.0
15.93,0.4,0.0,0.0,0.0
15.3,0.4,0.0,0.0,0.0
13.49,0.0,0.0,0.0,0.0
14.69,0.0,0.0,0.0,0.0
15.46,0.0,0.0,0.0,0.0
15.35,0.0,0.0,0.0,0.0
15.46,0.0,0.0,0.0,0.0
15.46,0.0,0.0,0.0,0.0
18.77,0.57,150.63,0.0,0.0
32.65,1.53,141.82,0.0,73.895
70.91,2.83,173.51,0.0,220.3
56.38,3.07,178.97,0.0,397.294
51.37,3.15,184.53,0.0,547.534
47.02,3.8,191.77,0.0,649.625
53.38,4.51,188.24,0.0,701.97
49.21,4.23,199.15,0.0,693.7
42.72,2.67,206.87,0.0,667.547
43.8,2.58,210.35,0.0,604.434
51.8,3.45,211.92,0.0,485.078
38.71,2.03,186.36,0.0,326.22900000000004
17.1,1.66,150.39,0.0,141.90200000000002
14.99,1.17,127.11,0.0,14.6848
14.53,1.33,116.78,0.0,0.0
14.59,0.63,112.9,0.0,0.0
13.49,0.4,0.0,0.0,0.0
15.36,0.4,0.0,0.0,0.0
12.02,0.0,0.0,0.0,0.0
11.95,0.0,0.0,0.0,0.0
13.34,0.0,0.0,0.0,0.0
12.43,0.0,0.0,0.0,0.0
12.34,0.0,0.0,0.0,0.0
12.93,0.0,0.0,0.0,0.0
15.56,0.56,93.26,0.0,0.0
29.34,1.53,100.7,0.0,65.3267
67.43,2.82,130.93,0.0,223.887
60.44,3.06,138.11,0.0,407.593
54.57,3.14,143.33,0.0,564.698
54.12,3.79,147.55,0.0,668.705
51.64,4.48,145.29,0.0,735.1060000000001
49.35,4.22,157.85,0.0,732.058
44.38,2.67,162.91,0.0,706.727
47.38,2.57,170.87,0.0,620.846
52.39,3.45,172.92,0.0,470.259
43.45,2.03,139.55,0.0,262.466
21.23,1.64,109.07,0.0,145.023
17.43,1.16,97.52,0.0,18.41
18.6,1.31,94.1,0.0,0.0
17.48,0.63,92.54,0.0,0.0
15.64,0.4,0.0,0.0,0.0
16.75,0.4,0.0,0.0,0.0
13.89,0.0,0.0,0.0,0.0
11.22,0.0,0.0,0.0,0.0
9.99,0.0,0.0,0.0,0.0
10.59,0.0,0.0,0.0,0.0
9.55,0.0,0.0,0.0,0.0
8.96,0.0,0.0,0.0,0.0
15.93,0.56,101.52,0.0,0.0
18.69,0.88,101.86,0.0,67.1794
24.51,1.21,104.33,0.0,224.012
27.68,1.69,102.07,0.0,334.336
23.7,1.53,105.35,0.0,395.1
26.17,1.85,112.6,0.0,598.894
18.51,1.61,113.87,0.0,708.7139999999999
16.01,1.53,115.69,0.0,534.425
13.48,1.21,118.21,0.0,584.592
12.75,1.04,114.98,0.0,319.769
15.0,1.12,112.43,0.0,192.791
14.81,0.56,107.35,0.0,165.405
13.11,0.56,0.0,0.0,85.3637
10.41,0.0,0.0,0.0,11.0496
9.59,0.0,0.0,0.0,0.0
10.52,0.0,0.0,0.0,0.0
11.27,0.0,0.0,0.0,0.0
11.6,0.0,0.0,0.0,0.0
11.6,0.0,0.0,0.0,0.0
11.45,0.0,0.0,0.0,0.0
11.25,0.0,0.0,0.0,0.0
11.38,0.0,0.0,0.0,0.0
11.6,0.0,0.0,0.0,0.0
10.67,0.0,0.0,0.0,0.0
12.34,0.32,0.0,0.0,0.0
13.35,0.32,0.0,0.0,54.4994
13.8,0.32,0.0,0.0,95.3875
13.75,0.32,0.0,0.0,157.405
13.3,0.32,29.71,0.0,282.494
12.47,0.48,38.55,0.0,443.268
12.77,0.48,40.86,0.0,473.62
11.89,0.72,39.75,0.0,319.383
12.98,0.48,31.6,0.0,236.509
13.18,0.32,13.21,0.0,243.743
12.18,0.32,20.93,0.0,139.923
12.11,0.32,0.0,0.0,46.6144
10.62,0.0,0.0,0.0,12.5067
9.66,0.0,0.0,0.0,0.0
9.76,0.0,0.0,0.0,0.0
9.47,0.0,0.0,0.0,0.0
10.52,0.0,0.0,0.0,0.0
9.51,0.0,0.0,0.0,0.0
10.2,0.0,0.0,0.0,0.0
13.06,0.0,0.0,0.0,0.0
11.99,0.0,0.0,0.0,0.0
12.1,0.0,0.0,0.0,0.0
11.32,0.0,0.0,0.0,0.0
11.06,0.0,0.0,0.0,0.0
13.12,0.56,141.02,0.0,0.0
23.15,1.52,126.13,0.0,12.808
55.38,2.8,149.4,0.0,104.977
51.39,3.04,156.45,0.0,122.279
52.41,3.12,166.1,0.0,183.286
59.1,3.76,176.96,0.0,214.515
61.69,4.49,174.88,0.0,123.21
62.45,4.19,176.82,0.0,177.53900000000002
57.66,2.64,190.96,0.0,401.921
55.21,2.56,207.72,0.0,499.566
61.64,3.42,205.85,0.0,381.251
48.93,2.02,184.72,0.0,312.645
22.81,1.62,153.97,0.0,138.06
19.56,1.14,136.28,0.0,18.1355
19.27,1.3,128.64,0.0,0.0
18.86,0.62,127.06,0.0,0.0
17.77,0.4,0.0,0.0,0.0
16.91,0.4,0.0,0.0,0.0
12.78,0.0,0.0,0.0,0.0
13.34,0.0,0.0,0.0,0.0
14.13,0.0,0.0,0.0,0.0
13.47,0.0,0.0,0.0,0.0
13.35,0.0,0.0,0.0,0.0
12.15,0.0,0.0,0.0,0.0
14.89,0.56,136.16,0.0,0.0
27.04,1.52,130.9,0.0,51.3802
52.6,2.79,148.82,0.0,74.4503
50.04,3.03,142.85,0.0,141.373
51.02,3.11,145.09,0.0,163.136
55.33,3.75,153.17,0.0,183.941
52.91,4.44,163.43,0.0,411.339
53.33,4.18,183.57,0.0,582.7130000000001
54.45,2.64,172.3,0.0,248.878
56.33,2.55,169.85,0.0,204.58900000000003
57.21,3.41,191.24,0.0,353.217
47.17,2.0,176.44,0.0,293.996
23.98,1.65,144.13,0.0,142.56799999999998
19.36,1.16,129.71,0.0,16.4372
19.4,1.32,124.31,0.0,0.0
19.08,0.63,125.21,0.0,0.0
19.16,0.4,0.0,0.0,0.0
19.16,0.4,0.0,0.0,0.0
15.46,0.0,0.0,0.0,0.0
15.03,0.0,0.0,0.0,0.0
13.6,0.0,0.0,0.0,0.0
13.71,0.0,0.0,0.0,0.0
14.57,0.0,0.0,0.0,0.0
13.64,0.0,0.0,0.0,0.0
16.98,0.56,119.47,0.0,0.0
28.09,1.51,112.6,0.0,73.1317
53.36,2.78,122.47,0.0,141.446
45.03,3.02,139.91,0.0,317.958
46.87,3.1,165.64,0.0,506.64
47.09,3.74,179.83,0.0,483.439
53.0,4.44,191.11,0.0,511.402
55.37,4.17,201.76,0.0,719.654
52.58,2.62,207.48,0.0,630.991
49.65,2.55,210.28,0.0,496.457
47.7,3.39,213.11,0.0,365.765
38.97,2.01,191.41,0.0,233.444
20.01,1.62,157.11,0.0,108.127
15.91,1.18,147.23,0.0,15.3797
18.18,1.33,142.73,0.0,0.0
17.7,0.63,138.87,0.0,0.0
17.96,0.4,0.0,0.0,0.0
18.3,0.4,0.0,0.0,0.0
14.65,0.0,0.0,0.0,0.0
13.22,0.0,0.0,0.0,0.0
11.68,0.0,0.0,0.0,0.0
10.71,0.0,0.0,0.0,0.0
10.65,0.0,0.0,0.0,0.0
12.69,0.0,0.0,0.0,0.0
13.94,0.56,122.91,0.0,0.0
22.93,1.51,120.63,0.0,75.8879
54.05,2.78,149.44,0.0,224.016
45.38,3.02,168.28,0.0,360.441
43.93,3.09,184.3,0.0,490.847
46.38,3.73,191.29,0.0,494.918
53.33,4.44,197.05,0.0,517.576
56.71,4.16,203.4,0.0,410.926
52.08,2.61,206.16,0.0,539.104
50.79,2.55,221.66,0.0,530.876
54.72,3.39,226.21,0.0,448.421
42.42,2.0,194.38,0.0,226.606
20.63,1.59,164.6,0.0,135.416
19.33,1.19,150.28,0.0,17.8186
19.57,1.35,146.05,0.0,0.0
18.24,0.63,142.95,0.0,0.0
17.33,0.4,0.0,0.0,0.0
15.84,0.4,0.0,0.0,0.0
11.92,0.0,0.0,0.0,0.0
13.61,0.0,0.0,0.0,0.0
12.42,0.0,0.0,0.0,0.0
13.49,0.0,0.0,0.0,0.0
13.4,0.0,0.0,0.0,0.0
14.45,0.0,0.0,0.0,0.0
17.63,0.55,151.2,0.0,0.0
30.56,1.5,144.49,0.0,78.3313
58.67,2.77,181.44,0.0,220.33900000000003
45.27,3.01,192.67,0.0,387.8
43.11,3.09,196.64,0.0,530.94
44.88,3.72,202.36,0.0,639.822
47.05,4.43,205.32,0.0,689.541
44.64,4.15,220.96,0.0,690.586
42.9,2.61,226.23,0.0,666.183
46.18,2.53,229.26,0.0,593.66
51.11,3.38,229.79,0.0,467.913
44.35,1.99,196.21,0.0,279.617
23.36,1.61,156.99,0.0,119.947
20.77,1.14,137.73,0.0,17.861
18.92,1.29,130.59,0.0,0.0
16.24,0.62,121.33,0.0,0.0
15.65,0.4,0.0,0.0,0.0
16.06,0.4,0.0,0.0,0.0
13.21,0.0,0.0,0.0,0.0
8.92,0.0,0.0,0.0,0.0
9.92,0.0,0.0,0.0,0.0
10.07,0.0,0.0,0.0,0.0
10.56,0.0,0.0,0.0,0.0
11.45,0.0,0.0,0.0,0.0
17.23,0.55,116.16,0.0,0.0
21.08,0.87,109.28,0.0,77.7011
21.55,1.18,111.7,0.0,224.126
21.65,1.66,118.54,0.0,379.995
20.88,1.5,122.86,0.0,477.11800000000005
25.21,1.82,125.7,0.0,521.172
19.15,1.58,125.59,0.0,551.413
18.53,1.5,129.67,0.0,598.4830000000001
18.17,1.18,136.28,0.0,558.45
14.77,1.03,138.82,0.0,511.071
13.73,1.11,137.03,0.0,408.756
14.35,0.55,117.42,0.0,287.436
11.94,0.55,73.5,0.0,143.306
8.88,0.0,47.94,0.0,19.7087
8.0,0.0,0.0,0.0,0.0
7.96,0.0,0.0,0.0,0.0
7.9,0.0,0.0,0.0,0.0
8.93,0.0,0.0,0.0,0.0
9.43,0.0,0.0,0.0,0.0
9.15,0.0,0.0,0.0,0.0
10.09,0.0,0.0,0.0,0.0
8.99,0.0,0.0,0.0,0.0
8.12,0.0,0.0,0.0,0.0
9.71,0.0,0.0,0.0,0.0
11.48,0.32,5.74,0.0,0.0
11.87,0.32,73.18,0.0,67.4317
10.7,0.32,55.16,0.0,224.304
11.39,0.32,85.32,0.0,402.039
12.45,0.32,86.59,0.0,536.049
12.02,0.47,58.07,0.0,609.294
11.47,0.47,78.78,0.0,712.977
10.65,0.71,55.23,0.0,730.888
10.27,0.47,60.46,0.0,692.048
11.94,0.32,82.84,0.0,617.3530000000001
13.15,0.32,96.38,0.0,491.812
11.59,0.32,74.17,0.0,334.32199999999995
9.06,0.0,81.03,0.0,150.506
10.1,0.0,75.83,0.0,19.6071
10.87,0.0,4.66,0.0,0.0
9.69,0.0,9.65,0.0,0.0
9.96,0.0,0.0,0.0,0.0
9.59,0.0,0.0,0.0,0.0
10.29,0.0,0.0,0.0,0.0
12.23,0.0,0.0,0.0,0.0
11.5,0.0,0.0,0.0,0.0
10.97,0.0,0.0,0.0,0.0
11.71,0.0,0.0,0.0,0.0
10.62,0.0,0.0,0.0,0.0
14.67,0.55,112.9,0.0,0.0
28.2,1.49,122.85,0.0,62.5851
63.32,2.75,168.35,0.0,219.594
49.18,2.99,188.06,0.0,397.80300000000005
44.4,3.06,194.37,0.0,542.02
48.96,3.69,198.25,0.0,475.836
53.57,4.41,207.37,0.0,474.12
53.55,4.12,224.55,0.0,458.223
44.39,2.6,227.48,0.0,528.493
42.27,2.51,231.5,0.0,565.422
47.8,3.35,230.37,0.0,412.4380000000001
40.13,1.99,208.07,0.0,328.891
17.99,1.61,171.38,0.0,147.029
14.98,1.16,149.19,0.0,19.3759
14.13,1.31,138.54,0.0,0.0
15.81,0.63,136.03,0.0,0.0
16.71,0.39,0.0,0.0,0.0
15.09,0.39,0.0,0.0,0.0
13.73,0.0,0.0,0.0,0.0
14.02,0.0,0.0,0.0,0.0
13.63,0.0,0.0,0.0,0.0
14.4,0.0,0.0,0.0,0.0
15.32,0.0,0.0,0.0,0.0
14.44,0.0,0.0,0.0,0.0
18.01,0.55,156.67,0.0,0.0
33.26,1.49,165.3,0.0,67.7928
70.91,2.74,207.13,0.0,212.443
58.53,2.98,212.64,0.0,363.898
58.02,3.06,220.53,0.0,496.016
60.44,3.68,225.81,0.0,602.384
61.69,4.39,221.75,0.0,624.42
62.45,4.11,231.53,0.0,673.443
53.07,2.59,234.52,0.0,671.296
48.44,2.5,239.23,0.0,564.381
46.47,3.35,230.24,0.0,344.42
34.01,1.97,206.99,0.0,314.155
16.08,1.61,172.86,0.0,142.57
14.75,1.14,152.51,0.0,20.4313
15.02,1.3,143.26,0.0,0.0
14.41,0.62,138.88,0.0,0.0
13.1,0.39,0.0,0.0,0.0
15.19,0.39,0.0,0.0,0.0
12.31,0.0,0.0,0.0,0.0
12.58,0.0,0.0,0.0,0.0
11.59,0.0,0.0,0.0,0.0
12.78,0.0,0.0,0.0,0.0
12.27,0.0,0.0,0.0,0.0
13.25,0.0,0.0,0.0,0.0
16.29,0.55,153.98,0.0,0.0
28.25,1.49,161.51,0.0,73.5795
59.84,2.74,198.32,0.0,203.636
56.12,2.97,198.78,0.0,370.348
55.73,3.05,206.83,0.0,457.166
56.15,3.67,218.2,0.0,624.197
58.77,4.38,211.47,0.0,708.7639999999999
52.5,4.1,214.64,0.0,718.341
47.34,2.58,217.32,0.0,667.725
48.88,2.5,220.68,0.0,553.444
51.97,3.34,214.96,0.0,435.196
44.89,1.96,188.28,0.0,262.78
23.1,1.61,157.47,0.0,125.618
18.05,1.14,142.23,0.0,19.3612
18.21,1.29,137.23,0.0,0.0
16.99,0.62,135.81,0.0,0.0
17.79,0.39,0.0,0.0,0.0
18.6,0.39,0.0,0.0,0.0
15.46,0.0,0.0,0.0,0.0
15.07,0.0,0.0,0.0,0.0
13.73,0.0,0.0,0.0,0.0
13.69,0.0,0.0,0.0,0.0
12.97,0.0,0.0,0.0,0.0
13.18,0.0,0.0,0.0,0.0
14.32,0.55,155.63,0.0,0.0
27.35,1.48,149.71,0.0,65.1924
52.52,2.73,182.38,0.0,178.27
45.74,2.96,177.74,0.0,219.242
44.77,3.04,189.43,0.0,426.615
44.04,3.67,194.05,0.0,427.789
50.72,4.37,193.07,0.0,443.916
54.33,4.09,204.47,0.0,638.878
51.02,2.58,202.6,0.0,523.369
49.65,2.49,201.77,0.0,425.847
49.12,3.34,201.47,0.0,323.988
36.38,1.96,170.16,0.0,215.987
18.06,1.61,135.25,0.0,90.7951
16.51,1.14,128.63,0.0,14.8198
18.58,1.29,125.52,0.0,0.0
18.33,0.62,125.58,0.0,0.0
17.48,0.39,0.0,0.0,0.0
16.44,0.39,0.0,0.0,0.0
12.44,0.0,0.0,0.0,0.0
13.3,0.0,0.0,0.0,0.0
11.94,0.0,0.0,0.0,0.0
10.75,0.0,0.0,0.0,0.0
13.11,0.0,0.0,0.0,0.0
13.53,0.0,0.0,0.0,0.0
16.39,0.54,150.17,0.0,0.0
30.63,1.48,140.29,0.0,77.2907
68.69,2.72,168.85,0.0,182.267
56.11,2.96,179.17,0.0,279.373
50.01,3.03,192.11,0.0,371.752
54.24,3.66,203.64,0.0,380.653
49.45,4.36,210.14,0.0,528.394
53.78,4.08,213.89,0.0,461.286
53.64,2.57,178.31,0.0,149.892
49.73,2.48,178.6,0.0,421.177
48.12,3.33,190.62,0.0,409.316
42.82,1.96,153.89,0.0,142.53799999999998
20.66,1.61,128.19,0.0,150.185
17.4,1.14,122.22,0.0,22.8348
16.59,1.3,118.42,0.0,0.0
13.74,0.62,119.47,0.0,0.0
16.38,0.39,0.0,0.0,0.0
15.83,0.39,0.0,0.0,0.0
14.04,0.0,0.0,0.0,0.0
11.46,0.0,0.0,0.0,0.0
11.6,0.0,0.0,0.0,0.0
11.6,0.0,0.0,0.0,0.0
11.52,0.0,0.0,0.0,0.0
11.6,0.0,0.0,0.0,0.0
19.16,0.54,119.54,0.0,0.0
25.61,0.85,134.69,0.0,67.6771
28.03,1.16,153.58,0.0,216.773
27.22,1.63,167.42,0.0,390.67800000000005
25.44,1.48,171.91,0.0,535.597
24.16,1.79,168.57,0.0,635.886
17.78,1.55,159.04,0.0,668.7360000000001
16.57,1.48,145.75,0.0,662.977
15.63,1.16,146.29,0.0,678.573
14.14,1.01,155.38,0.0,603.231
13.84,1.09,157.37,0.0,480.886
12.81,0.54,127.9,0.0,323.619
12.63,0.54,89.18,0.0,148.114
10.95,0.0,77.47,0.0,21.2027
10.63,0.0,0.0,0.0,0.0
9.72,0.0,0.0,0.0,0.0
9.89,0.0,0.0,0.0,0.0
10.77,0.0,0.0,0.0,0.0
11.53,0.0,0.0,0.0,0.0
11.58,0.0,0.0,0.0,0.0
10.84,0.0,0.0,0.0,0.0
10.23,0.0,0.0,0.0,0.0
10.63,0.0,0.0,0.0,0.0
9.99,0.0,0.0,0.0,0.0
11.79,0.31,3.95,0.0,0.0
11.34,0.31,94.04,0.0,74.664
11.03,0.31,92.25,0.0,216.055
10.14,0.31,107.33,0.0,376.982
12.08,0.31,117.16,0.0,497.262
12.59,0.46,90.54,0.0,562.429
12.75,0.46,90.9,0.0,644.624
11.73,0.7,13.3,0.0,672.029
10.43,0.46,0.0,0.0,271.195
9.58,0.31,36.34,0.0,341.704
10.27,0.31,0.0,0.0,173.232
11.42,0.31,23.82,0.0,57.0243
8.99,0.0,0.0,0.0,51.0557
9.96,0.0,0.0,0.0,22.7751
9.36,0.0,0.0,0.0,0.0
8.39,0.0,0.0,0.0,0.0
9.59,0.0,0.0,0.0,0.0
9.08,0.0,0.0,0.0,0.0
8.07,0.0,0.0,0.0,0.0
7.98,0.0,0.0,0.0,0.0
8.79,0.0,0.0,0.0,0.0
8.52,0.0,0.0,0.0,0.0
9.49,0.0,0.0,0.0,0.0
9.82,0.0,0.0,0.0,0.0
12.92,0.31,28.46,0.0,0.0
13.66,0.31,79.59,0.0,68.6961
13.81,0.31,106.16,0.0,210.802
13.33,0.31,116.72,0.0,370.936
13.55,0.31,91.42,0.0,525.155
12.34,0.46,106.79,0.0,612.523
10.88,0.46,92.08,0.0,665.954
11.21,0.7,66.13,0.0,676.42
12.52,0.46,95.1,0.0,628.4
12.69,0.31,104.65,0.0,549.9069999999999
12.71,0.31,104.33,0.0,449.318
11.99,0.31,102.7,0.0,323.563
10.48,0.0,98.58,0.0,148.244
9.87,0.0,81.46,0.0,21.5763
8.86,0.0,23.33,0.0,0.0
8.36,0.0,11.5,0.0,0.0
9.68,0.0,11.42,0.0,0.0
10.69,0.0,0.0,0.0,0.0
10.97,0.0,0.0,0.0,0.0
14.03,0.0,0.0,0.0,0.0
15.02,0.0,0.0,0.0,0.0
15.46,0.0,0.0,0.0,0.0
14.19,0.0,0.0,0.0,0.0
14.17,0.0,0.0,0.0,0.0
17.76,0.54,140.21,0.0,0.0
31.26,1.46,153.68,0.0,61.4033
62.71,2.7,194.13,0.0,201.792
54.35,2.93,199.59,0.0,342.144
53.91,3.01,207.23,0.0,449.951
55.71,3.62,220.83,0.0,499.687
52.05,4.34,221.74,0.0,515.356
54.08,4.04,234.01,0.0,531.1080000000001
51.52,2.53,225.97,0.0,439.102
55.41,2.47,216.94,0.0,347.574
55.2,3.29,209.58,0.0,226.145
47.73,1.94,183.17,0.0,176.257
21.37,1.58,148.74,0.0,89.8575
18.11,1.12,140.17,0.0,17.1677
19.77,1.27,138.17,0.0,0.0
17.66,0.61,137.96,0.0,0.0
18.64,0.39,0.0,0.0,0.0
19.16,0.39,0.0,0.0,0.0
15.46,0.0,0.0,0.0,0.0
15.46,0.0,0.0,0.0,0.0
15.46,0.0,0.0,0.0,0.0
15.46,0.0,0.0,0.0,0.0
15.38,0.0,0.0,0.0,0.0
15.46,0.0,0.0,0.0,0.0
19.16,0.54,146.09,0.0,0.0
31.16,1.46,158.97,0.0,71.1434
70.3,2.69,209.41,0.0,208.284
60.44,2.92,208.67,0.0,293.714
54.06,3.0,220.0,0.0,400.124
52.95,3.62,233.95,0.0,600.511
58.39,4.31,223.88,0.0,634.511
53.1,4.03,234.12,0.0,625.48
47.18,2.54,234.11,0.0,491.595
52.07,2.46,220.13,0.0,474.957
52.51,3.28,208.16,0.0,282.436
36.14,1.95,176.08,0.0,167.02200000000002
19.77,1.54,143.59,0.0,105.774
15.35,1.09,140.25,0.0,21.0484
15.99,1.25,137.8,0.0,0.0
14.6,0.6,139.29,0.0,0.0
16.44,0.38,0.0,0.0,0.0
16.91,0.38,0.0,0.0,0.0
11.88,0.0,0.0,0.0,0.0
11.09,0.0,0.0,0.0,0.0
11.13,0.0,0.0,0.0,0.0
10.31,0.0,0.0,0.0,0.0
10.58,0.0,0.0,0.0,0.0
12.59,0.0,0.0,0.0,0.0
15.26,0.54,165.94,0.0,0.0
25.07,1.46,184.81,0.0,60.3265
56.01,2.69,225.19,0.0,202.505
43.72,2.92,227.33,0.0,377.144
49.88,2.99,235.46,0.0,482.865
54.49,3.61,243.76,0.0,530.94
55.76,4.29,238.11,0.0,550.852
52.66,4.02,246.55,0.0,641.7090000000001
45.1,2.54,242.53,0.0,628.677
42.66,2.45,241.68,0.0,533.366
49.31,3.27,204.08,0.0,188.174
42.77,1.95,160.76,0.0,37.3367
21.95,1.54,126.94,0.0,0.5712119999999999
16.92,1.15,127.73,0.0,0.0
15.8,1.3,125.76,0.0,0.0
16.7,0.61,125.07,0.0,0.0
15.87,0.38,0.0,0.0,0.0
13.93,0.38,0.0,0.0,0.0
12.62,0.0,0.0,0.0,0.0
14.05,0.0,0.0,0.0,0.0
12.95,0.0,0.0,0.0,0.0
11.34,0.0,0.0,0.0,0.0
11.9,0.0,0.0,0.0,0.0
11.16,0.0,0.0,0.0,0.0
15.7,0.54,141.61,0.0,0.0
29.76,1.45,130.13,0.0,19.9586
57.09,2.68,158.67,0.0,7.77488
46.68,2.91,161.22,0.0,58.0779
43.5,2.99,172.12,0.0,232.331
48.22,3.6,204.01,0.0,578.393
51.79,4.32,216.89,0.0,531.316
53.61,4.01,231.74,0.0,585.597
49.22,2.52,227.29,0.0,526.661
46.62,2.45,235.05,0.0,453.713
54.92,3.27,245.19,0.0,397.165
42.12,1.92,212.57,0.0,314.482
22.35,1.58,162.76,0.0,153.687
17.25,1.12,136.86,0.0,24.1259
16.61,1.27,136.81,0.0,0.0
15.64,0.61,132.06,0.0,0.0
13.72,0.38,0.0,0.0,0.0
16.39,0.38,0.0,0.0,0.0
11.72,0.0,0.0,0.0,0.0
9.21,0.0,0.0,0.0,0.0
10.34,0.0,0.0,0.0,0.0
9.88,0.0,0.0,0.0,0.0
9.68,0.0,0.0,0.0,0.0
8.78,0.0,0.0,0.0,0.0
14.62,0.53,144.82,0.0,0.0
18.32,0.84,140.22,0.0,76.0391
23.28,1.15,152.02,0.0,208.816
22.84,1.6,164.9,0.0,362.587
22.07,1.45,171.47,0.0,436.93
25.83,1.76,177.37,0.0,507.414
17.46,1.53,177.95,0.0,460.784
16.62,1.45,181.03,0.0,500.603
16.74,1.15,184.11,0.0,464.21
14.54,0.99,176.63,0.0,411.436
16.59,1.07,162.28,0.0,199.903
14.56,0.53,147.48,0.0,244.08900000000003
11.92,0.53,85.95,0.0,142.184
10.39,0.0,73.41,0.0,22.3586
9.43,0.0,12.25,0.0,0.0
9.64,0.0,0.0,0.0,0.0
10.62,0.0,0.0,0.0,0.0
9.84,0.0,0.0,0.0,0.0
10.16,0.0,0.0,0.0,0.0
10.36,0.0,0.0,0.0,0.0
9.68,0.0,0.0,0.0,0.0
9.59,0.0,0.0,0.0,0.0
8.55,0.0,0.0,0.0,0.0
9.08,0.0,0.0,0.0,0.0
10.27,0.3,0.0,0.0,0.0
12.02,0.3,110.96,0.0,70.6365
11.42,0.3,139.36,0.0,202.19
10.15,0.3,104.97,0.0,283.08
12.22,0.3,120.4,0.0,509.693
12.07,0.46,136.93,0.0,627.384
10.78,0.46,105.44,0.0,668.059
12.15,0.69,109.45,0.0,637.281
11.05,0.46,109.6,0.0,648.3330000000001
11.89,0.3,104.07,0.0,584.88
10.62,0.3,134.57,0.0,444.112
11.85,0.3,117.44,0.0,295.831
10.08,0.0,96.65,0.0,150.317
9.11,0.0,119.35,0.0,24.556
10.25,0.0,40.09,0.0,0.0
10.08,0.0,13.59,0.0,0.0
9.14,0.0,0.0,0.0,0.0
9.35,0.0,0.0,0.0,0.0
9.19,0.0,0.0,0.0,0.0
12.44,0.0,0.0,0.0,0.0
12.1,0.0,0.0,0.0,0.0
11.95,0.0,0.0,0.0,0.0
10.63,0.0,0.0,0.0,0.0
10.03,0.0,58.41,0.0,0.0
13.94,0.53,164.09,0.0,0.0
22.87,1.45,177.11,0.0,68.3863
50.03,2.66,223.25,0.0,210.587
47.02,2.89,223.75,0.0,378.225
42.24,2.97,229.5,0.0,521.604
41.42,3.58,236.27,0.0,619.441
43.09,4.3,231.25,0.0,671.3969999999999
51.27,3.98,244.56,0.0,678.205
48.25,2.51,244.53,0.0,654.45
44.3,2.43,250.5,0.0,583.875
53.79,3.24,253.82,0.0,471.318
39.77,1.93,225.09,0.0,322.35400000000004
17.36,1.54,189.83,0.0,152.28799999999998
14.04,1.14,164.23,0.0,24.6323
15.59,1.29,146.4,0.0,0.0
15.81,0.61,141.66,0.0,0.0
17.54,0.38,0.0,0.0,0.0
15.62,0.38,0.0,0.0,0.0
13.64,0.0,0.0,0.0,0.0
13.61,0.0,0.0,0.0,0.0
12.78,0.0,0.0,0.0,0.0
12.87,0.0,0.0,0.0,0.0
12.87,0.0,0.0,0.0,0.0
12.27,0.0,51.01,0.0,0.0
14.7,0.53,145.66,0.0,0.0
25.02,1.44,169.41,0.0,60.1059
50.21,2.66,211.32,0.0,205.992
45.73,2.88,219.94,0.0,385.408
40.96,2.96,226.18,0.0,514.752
44.25,3.57,236.93,0.0,605.971
50.29,4.28,229.68,0.0,690.041
55.54,3.97,241.89,0.0,695.936
50.46,2.51,245.85,0.0,660.596
43.97,2.42,245.67,0.0,587.646
44.81,3.24,239.77,0.0,406.856
40.26,1.92,197.93,0.0,270.98900000000003
20.03,1.53,155.56,0.0,127.232
17.39,1.14,137.82,0.0,23.9711
19.23,1.29,135.65,0.0,0.0
17.12,0.61,137.98,0.0,0.0
16.66,0.38,0.0,0.0,0.0
14.46,0.38,0.0,0.0,0.0
12.29,0.0,0.0,0.0,0.0
12.61,0.0,0.0,0.0,0.0
11.38,0.0,0.0,0.0,0.0
11.69,0.0,0.0,0.0,0.0
10.89,0.0,0.0,0.0,0.0
12.51,0.0,50.91,0.0,0.0
16.4,0.53,160.58,0.0,0.0
28.57,1.44,190.5,0.0,66.9742
54.73,2.65,231.82,0.0,202.307
52.68,2.88,235.48,0.0,374.906
55.02,2.95,237.48,0.0,479.851
51.05,3.56,238.44,0.0,560.5409999999999
47.03,4.28,229.35,0.0,555.006
51.9,3.96,236.73,0.0,545.033
49.61,2.5,228.42,0.0,481.031
49.2,2.42,228.66,0.0,411.05300000000005
47.93,3.23,232.76,0.0,361.349
43.16,1.92,197.53,0.0,222.113
21.9,1.52,170.61,0.0,152.233
19.77,1.08,147.51,0.0,27.2957
20.1,1.23,130.76,0.0,0.0
18.83,0.59,127.59,0.0,0.0
19.16,0.38,0.0,0.0,0.0
19.16,0.38,0.0,0.0,0.0
15.46,0.0,0.0,0.0,0.0
15.46,0.0,0.0,0.0,0.0
15.46,0.0,0.0,0.0,0.0
14.8,0.0,0.0,0.0,0.0
15.46,0.0,0.0,0.0,0.0
15.46,0.0,50.66,0.0,0.0
19.16,0.53,153.97,0.0,0.0
32.05,1.44,188.87,0.0,74.5799
69.49,2.65,228.46,0.0,180.03900000000002
60.44,2.87,216.94,0.0,210.179
57.36,2.95,199.04,0.0,162.835
58.11,3.55,213.87,0.0,412.93
53.92,4.25,220.59,0.0,603.938
57.64,3.96,243.5,0.0,633.971
48.88,2.48,247.54,0.0,492.097
48.05,2.43,254.75,0.0,521.6759999999999
54.24,3.23,256.11,0.0,453.395
43.52,1.89,225.2,0.0,325.254
21.54,1.55,194.01,0.0,157.845
19.05,1.1,168.45,0.0,25.7655
19.54,1.26,146.59,0.0,0.0
16.37,0.6,146.18,0.0,0.0
17.36,0.38,0.0,0.0,0.0
16.73,0.38,0.0,0.0,0.0
14.18,0.0,0.0,0.0,0.0
12.99,0.0,0.0,0.0,0.0
13.21,0.0,0.0,0.0,0.0
12.53,0.0,0.0,0.0,0.0
12.13,0.0,0.0,0.0,0.0
11.18,0.0,57.71,0.0,0.0
13.06,0.53,172.56,0.0,0.0
24.08,1.43,205.66,0.0,62.4656
53.53,2.64,253.85,0.0,192.315
49.85,2.87,223.3,0.0,231.029
49.9,2.94,224.56,0.0,322.471
51.33,3.55,235.31,0.0,355.583
55.79,4.25,221.78,0.0,572.488
57.82,3.95,237.15,0.0,560.151
52.03,2.49,222.88,0.0,66.0899
56.13,2.4,208.04,0.0,93.6668
61.64,3.22,221.56,0.0,333.144
48.93,1.91,217.01,0.0,255.518
23.04,1.52,196.67,0.0,145.093
20.17,1.07,178.01,0.0,26.1445
19.62,1.22,164.92,0.0,0.0
19.06,0.59,158.06,0.0,0.0
18.14,0.38,0.0,0.0,0.0
19.16,0.38,0.0,0.0,0.0
14.62,0.0,0.0,0.0,0.0
9.86,0.0,0.0,0.0,0.0
9.96,0.0,0.0,0.0,0.0
9.92,0.0,0.0,0.0,0.0
10.86,0.0,0.0,0.0,0.0
10.6,0.0,0.0,0.0,0.0
18.14,0.53,167.82,0.0,0.0
21.41,0.83,173.78,0.0,62.4914
23.51,1.13,181.57,0.0,138.968
27.15,1.58,207.13,0.0,335.417
25.01,1.43,219.14,0.0,479.381
26.12,1.73,218.14,0.0,527.232
18.58,1.51,199.81,0.0,550.207
18.67,1.43,169.44,0.0,263.47
16.72,1.13,159.23,0.0,308.648
16.84,0.98,161.56,0.0,278.682
15.17,1.05,169.83,0.0,264.47700000000003
14.77,0.53,158.19,0.0,255.514
13.58,0.53,41.96,0.0,116.137
11.6,0.0,0.0,0.0,23.8143
11.51,0.0,0.0,0.0,0.0
11.6,0.0,0.0,0.0,0.0
11.18,0.0,0.0,0.0,0.0
10.94,0.0,0.0,0.0,0.0
11.37,0.0,0.0,0.0,0.0
11.53,0.0,0.0,0.0,0.0
11.6,0.0,0.0,0.0,0.0
11.6,0.0,0.0,0.0,0.0
11.6,0.0,0.0,0.0,0.0
10.8,0.0,0.0,0.0,0.0
14.05,0.3,0.0,0.0,0.0
13.34,0.3,0.0,0.0,34.7203
12.6,0.3,69.39,0.0,141.20600000000002
12.11,0.3,135.72,0.0,288.619
10.74,0.3,107.26,0.0,437.459
10.6,0.45,125.37,0.0,437.36
10.03,0.45,92.2,0.0,532.822
11.12,0.68,8.22,0.0,390.787
11.72,0.45,89.74,0.0,427.997
10.35,0.3,105.83,0.0,365.235
10.55,0.3,109.66,0.0,292.904
10.96,0.3,40.84,0.0,216.006
8.94,0.0,31.98,0.0,106.32
9.76,0.0,13.53,0.0,22.9969
10.36,0.0,0.0,0.0,0.0
10.1,0.0,0.0,0.0,0.0
10.0,0.0,0.0,0.0,0.0
10.57,0.0,0.0,0.0,0.0
9.86,0.0,0.0,0.0,0.0
12.11,0.0,0.0,0.0,0.0
10.71,0.0,0.0,0.0,0.0
11.82,0.0,0.0,0.0,0.0
12.49,0.0,0.0,0.0,0.0
11.65,0.0,64.56,0.0,0.0
15.06,0.52,162.83,0.0,0.0
23.74,1.42,178.17,0.0,68.3122
57.77,2.62,232.82,0.0,182.997
47.3,2.85,239.03,0.0,239.063
45.64,2.92,228.31,0.0,396.349
41.99,3.52,238.68,0.0,507.987
49.03,4.23,218.06,0.0,313.783
46.32,3.93,193.11,0.0,179.688
39.23,2.47,191.44,0.0,124.358
42.41,2.4,196.83,0.0,224.291
44.94,3.2,208.42,0.0,254.651
36.96,1.89,202.09,0.0,19.4119
20.72,1.52,174.68,0.0,0.0
15.79,1.08,171.43,0.0,0.0
17.66,1.23,165.2,0.0,0.0
14.67,0.59,161.15,0.0,0.0
16.05,0.37,0.0,0.0,0.0
15.45,0.37,0.0,0.0,0.0
12.74,0.0,0.0,0.0,0.0
12.36,0.0,0.0,0.0,0.0
11.14,0.0,0.0,0.0,0.0
12.08,0.0,0.0,0.0,0.0
11.52,0.0,0.0,0.0,0.0
13.29,0.0,32.2,0.0,0.0
15.08,0.52,185.44,0.0,0.0
24.31,1.42,213.24,0.0,73.4154
50.05,2.62,262.02,0.0,207.572
49.11,2.84,262.39,0.0,347.50300000000004
51.65,2.92,265.6,0.0,461.241
51.79,3.52,274.01,0.0,448.167
47.69,4.22,264.43,0.0,551.634
46.39,3.91,274.04,0.0,437.584
50.16,2.47,272.44,0.0,400.543
50.99,2.39,265.01,0.0,418.409
51.23,3.19,274.91,0.0,421.791
44.8,1.9,261.41,0.0,291.927
20.5,1.49,237.69,0.0,149.181
16.88,1.06,208.73,0.0,29.2531
18.7,1.21,190.53,0.0,0.0
18.73,0.58,184.96,0.0,0.0
17.01,0.37,0.0,0.0,0.0
15.48,0.37,0.0,0.0,0.0
12.68,0.0,0.0,0.0,0.0
11.06,0.0,0.0,0.0,0.0
11.8,0.0,0.0,0.0,0.0
13.39,0.0,0.0,0.0,0.0
13.81,0.0,0.0,0.0,0.0
14.4,0.0,64.56,0.0,0.0
16.02,0.52,182.34,0.0,0.0
25.24,1.42,214.16,0.0,67.748
49.14,2.61,265.85,0.0,208.228
50.69,2.84,263.53,0.0,380.649
53.54,2.91,262.34,0.0,520.052
60.24,3.51,266.21,0.0,615.555
61.31,4.21,259.88,0.0,675.029
62.45,3.91,274.7,0.0,678.072
57.16,2.46,273.4,0.0,634.989
57.6,2.38,276.56,0.0,449.78
55.68,3.18,283.04,0.0,399.307
47.93,1.9,256.95,0.0,330.315
24.0,1.49,225.01,0.0,159.454
20.77,1.12,194.93,0.0,28.3699
20.77,1.27,171.39,0.0,0.0
17.57,0.6,162.15,0.0,0.0
15.51,0.37,0.0,0.0,0.0
13.91,0.37,0.0,0.0,0.0
12.52,0.0,0.0,0.0,0.0
13.0,0.0,0.0,0.0,0.0
11.61,0.0,0.0,0.0,0.0
11.77,0.0,0.0,0.0,0.0
10.6,0.0,0.0,0.0,0.0
10.39,0.0,66.21,0.0,0.0
14.57,0.52,183.79,0.0,0.0
27.47,1.42,219.93,0.0,65.238
56.23,2.61,266.46,0.0,199.296
44.38,2.83,269.82,0.0,371.401
41.02,2.91,270.12,0.0,510.941
50.21,3.5,272.05,0.0,600.174
54.04,4.21,265.88,0.0,655.585
50.74,3.91,275.7,0.0,617.8
47.84,2.45,275.71,0.0,624.263
48.28,2.39,284.79,0.0,567.712
53.55,3.18,289.68,0.0,471.014
39.23,1.87,260.42,0.0,326.215
20.32,1.53,225.17,0.0,157.582
15.31,1.09,195.27,0.0,27.6516
15.03,1.24,174.11,0.0,0.0
15.6,0.59,172.06,0.0,0.0
16.24,0.37,0.0,0.0,0.0
15.37,0.37,0.0,0.0,0.0
12.58,0.0,0.0,0.0,0.0
13.32,0.0,0.0,0.0,0.0
11.76,0.0,0.0,0.0,0.0
11.19,0.0,0.0,0.0,0.0
12.39,0.0,0.0,0.0,0.0
12.85,0.0,65.2,0.0,0.0
17.37,0.52,183.91,0.0,0.0
27.71,1.41,189.5,0.0,24.1636
53.18,2.6,215.24,0.0,24.2551
42.96,2.83,197.79,0.0,86.045
45.81,2.9,184.5,0.0,199.591
43.41,3.5,167.39,0.0,112.091
40.89,4.21,158.66,0.0,125.663
46.14,3.89,175.33,0.0,267.236
41.39,2.46,188.84,0.0,405.773
43.18,2.38,208.79,0.0,440.3130000000001
52.11,3.17,221.48,0.0,438.534
44.38,1.87,200.2,0.0,315.742
21.07,1.51,165.76,0.0,156.379
16.35,1.07,145.87,0.0,30.3686
18.34,1.23,137.43,0.0,0.0
15.12,0.59,136.87,0.0,0.0
15.16,0.37,0.0,0.0,0.0
13.5,0.37,0.0,0.0,0.0
11.01,0.0,0.0,0.0,0.0
9.11,0.0,0.0,0.0,0.0
9.16,0.0,0.0,0.0,0.0
9.36,0.0,0.0,0.0,0.0
9.06,0.0,0.0,0.0,0.0
8.79,0.0,0.0,0.0,0.0
16.16,0.52,142.78,0.0,0.0
20.23,0.82,151.16,0.0,67.1326
21.38,1.11,166.18,0.0,199.482
26.81,1.56,168.85,0.0,257.047
26.45,1.41,181.34,0.0,389.068
30.73,1.71,177.85,0.0,582.203
20.97,1.49,171.35,0.0,646.716
19.94,1.41,178.09,0.0,558.789
15.75,1.11,164.74,0.0,371.778
14.03,0.97,177.96,0.0,515.9
15.17,1.04,183.29,0.0,399.485
11.91,0.52,155.59,0.0,257.525
11.15,0.52,16.32,0.0,160.937
8.39,0.0,68.6,0.0,28.9136
7.83,0.0,12.79,0.0,0.0
7.82,0.0,0.0,0.0,0.0
9.32,0.0,0.0,0.0,0.0
8.22,0.0,0.0,0.0,0.0
9.59,0.0,0.0,0.0,0.0
8.76,0.0,0.0,0.0,0.0
9.92,0.0,0.0,0.0,0.0
9.29,0.0,0.0,0.0,0.0
8.75,0.0,0.0,0.0,0.0
9.12,0.0,0.0,0.0,0.0
10.67,0.3,13.97,0.0,0.0
11.56,0.3,119.7,0.0,74.5278
11.38,0.3,97.34,0.0,199.285
10.94,0.3,112.74,0.0,360.455
12.33,0.3,126.38,0.0,505.27
13.14,0.44,95.83,0.0,602.052
14.29,0.44,106.2,0.0,660.204
14.37,0.67,100.21,0.0,687.194
14.37,0.44,90.37,0.0,461.223
13.89,0.3,134.06,0.0,490.24
12.63,0.3,119.56,0.0,391.586
12.75,0.3,98.48,0.0,192.533
9.21,0.0,122.69,0.0,160.94899999999998
8.88,0.0,103.55,0.0,31.4959
9.78,0.0,26.05,0.0,0.0
8.99,0.0,0.0,0.0,0.0
10.12,0.0,0.0,0.0,0.0
9.63,0.0,0.0,0.0,0.0
10.04,0.0,0.0,0.0,0.0
14.04,0.0,0.0,0.0,0.0
13.85,0.0,0.0,0.0,0.0
14.51,0.0,0.0,0.0,0.0
13.9,0.0,0.0,0.0,0.0
14.55,0.0,54.17,0.0,0.0
18.66,0.52,151.55,0.0,0.0
29.93,1.41,176.61,0.0,64.804
64.13,2.59,216.22,0.0,204.267
56.15,2.81,211.26,0.0,363.596
51.5,2.89,215.43,0.0,497.675
53.67,3.48,220.22,0.0,557.493
50.85,4.19,212.2,0.0,615.341
53.91,3.88,226.48,0.0,645.4580000000001
44.98,2.43,231.96,0.0,641.5409999999999
44.73,2.37,236.81,0.0,435.045
46.22,3.16,239.63,0.0,425.017
42.68,1.85,208.93,0.0,335.84
20.0,1.53,167.93,0.0,162.421
17.14,1.09,146.49,0.0,31.7028
18.31,1.25,137.5,0.0,0.0
16.18,0.59,136.58,0.0,0.0
16.07,0.37,0.0,0.0,0.0
15.9,0.37,0.0,0.0,0.0
12.63,0.0,0.0,0.0,0.0
13.86,0.0,0.0,0.0,0.0
12.83,0.0,0.0,0.0,0.0
13.41,0.0,0.0,0.0,0.0
12.72,0.0,0.0,0.0,0.0
12.83,0.0,49.97,0.0,0.0
16.19,0.52,141.96,0.0,0.0
26.31,1.4,166.32,0.0,63.9854
49.47,2.59,216.69,0.0,203.105
41.1,2.81,219.88,0.0,357.922
37.58,2.88,224.5,0.0,514.404
39.57,3.47,230.02,0.0,610.6990000000001
39.58,4.18,229.56,0.0,678.334
45.16,3.87,242.65,0.0,688.4830000000001
49.47,2.42,236.93,0.0,616.436
52.78,2.37,240.17,0.0,599.769
59.69,3.15,244.87,0.0,398.025
48.93,1.84,206.18,0.0,250.252
22.15,1.53,174.96,0.0,164.843
17.97,1.09,157.64,0.0,30.5913
19.64,1.24,142.9,0.0,0.0
16.28,0.59,137.69,0.0,0.0
16.17,0.37,0.0,0.0,0.0
15.44,0.37,0.0,0.0,0.0
11.4,0.0,0.0,0.0,0.0
10.51,0.0,0.0,0.0,0.0
11.73,0.0,0.0,0.0,0.0
12.0,0.0,0.0,0.0,0.0
13.03,0.0,0.0,0.0,0.0
13.66,0.0,22.65,0.0,0.0
16.67,0.52,140.43,0.0,0.0
25.02,1.4,168.84,0.0,55.5491
59.83,2.58,217.28,0.0,200.551
44.29,2.8,213.96,0.0,376.295
44.27,2.88,211.51,0.0,501.233
52.39,3.47,215.36,0.0,628.656
47.71,4.17,204.22,0.0,676.3889999999999
48.49,3.87,209.6,0.0,686.4739999999999
45.9,2.42,210.01,0.0,616.891
45.69,2.37,214.89,0.0,564.22
53.22,3.15,218.28,0.0,494.925
41.82,1.84,187.94,0.0,347.691
19.22,1.53,166.36,0.0,173.342
18.2,1.09,152.17,0.0,30.1724
16.25,1.24,133.87,0.0,0.0
15.31,0.59,135.7,0.0,0.0
16.95,0.37,0.0,0.0,0.0
18.43,0.37,0.0,0.0,0.0
14.99,0.0,0.0,0.0,0.0
15.46,0.0,0.0,0.0,0.0
15.46,0.0,0.0,0.0,0.0
15.46,0.0,0.0,0.0,0.0
15.46,0.0,0.0,0.0,0.0
15.46,0.0,50.69,0.0,0.0
18.55,0.52,147.35,0.0,0.0
32.33,1.4,181.45,0.0,53.5867
70.91,2.58,229.69,0.0,197.143
55.38,2.8,226.73,0.0,368.236
51.65,2.87,230.18,0.0,484.84
53.28,3.46,233.77,0.0,604.873
53.66,4.17,229.39,0.0,649.174
53.99,3.86,240.4,0.0,667.211
45.36,2.42,239.24,0.0,651.224
46.66,2.36,244.0,0.0,555.965
51.15,3.14,252.61,0.0,485.879
43.51,1.85,230.67,0.0,342.32300000000004
21.29,1.51,200.92,0.0,170.285
18.09,1.1,175.02,0.0,30.4079
17.0,1.25,155.02,0.0,0.0
13.83,0.59,153.23,0.0,0.0
14.49,0.37,0.0,0.0,0.0
15.88,0.37,0.0,0.0,0.0
12.41,0.0,0.0,0.0,0.0
11.88,0.0,0.0,0.0,0.0
12.08,0.0,0.0,0.0,0.0
12.29,0.0,0.0,0.0,0.0
10.78,0.0,0.0,0.0,0.0
11.7,0.0,58.54,0.0,0.0
13.56,0.51,166.12,0.0,0.0
26.21,1.4,203.7,0.0,56.5228
59.19,2.57,252.07,0.0,196.451
48.61,2.79,250.88,0.0,364.774
47.05,2.87,257.08,0.0,510.204
48.69,3.46,264.53,0.0,608.224
50.99,4.17,259.14,0.0,655.515
44.95,3.85,262.49,0.0,672.933
40.45,2.41,260.39,0.0,644.876
48.35,2.34,263.22,0.0,579.979
53.55,3.13,262.2,0.0,474.413
38.44,1.86,243.41,0.0,332.52
17.67,1.47,220.62,0.0,164.56
17.71,1.04,193.61,0.0,30.2236
18.78,1.19,172.41,0.0,0.0
16.74,0.58,169.44,0.0,0.0
15.49,0.37,0.0,0.0,0.0
14.56,0.37,0.0,0.0,0.0
13.41,0.0,0.0,0.0,0.0
11.01,0.0,0.0,0.0,0.0
11.08,0.0,0.0,0.0,0.0
11.6,0.0,0.0,0.0,0.0
11.6,0.0,0.0,0.0,0.0
11.6,0.0,60.13,0.0,0.0
18.69,0.51,168.25,0.0,0.0
25.61,0.81,197.59,0.0,57.8036
26.99,1.1,214.58,0.0,196.547
27.57,1.54,221.43,0.0,363.197
22.98,1.4,223.84,0.0,500.871
23.31,1.69,224.34,0.0,580.995
17.38,1.47,217.05,0.0,639.775
14.44,1.4,206.21,0.0,662.635
12.79,1.1,201.38,0.0,628.505
15.02,0.95,195.55,0.0,527.112
15.77,1.03,196.55,0.0,456.11
12.3,0.51,158.52,0.0,320.525
11.2,0.51,123.17,0.0,159.314
10.08,0.0,130.68,0.0,31.3379
9.8,0.0,59.43,0.0,0.0
8.94,0.0,32.08,0.0,0.0
8.38,0.0,18.34,0.0,0.0
8.22,0.0,15.72,0.0,0.0
8.01,0.0,15.65,0.0,0.0
9.71,0.0,0.0,0.0,0.0
9.17,0.0,0.0,0.0,0.0
9.19,0.0,0.0,0.0,0.0
8.08,0.0,0.0,0.0,0.0
7.8,0.0,0.0,0.0,0.0
10.79,0.29,0.0,0.0,0.0
10.23,0.29,0.0,0.0,3.71855
11.3,0.29,23.69,0.0,85.9735
10.43,0.29,114.09,0.0,273.329
10.71,0.29,109.23,0.0,374.728
10.38,0.44,142.06,0.0,426.42800000000005
12.13,0.44,129.56,0.0,558.883
12.94,0.66,115.96,0.0,628.396
11.94,0.44,149.13,0.0,635.354
12.74,0.29,137.3,0.0,572.9119999999999
13.39,0.29,121.06,0.0,469.446
12.19,0.29,146.36,0.0,326.192
10.74,0.0,124.47,0.0,158.526
10.68,0.0,105.73,0.0,31.7799
10.3,0.0,74.11,0.0,0.0
11.2,0.0,44.99,0.0,0.0
11.6,0.0,0.0,0.0,0.0
11.6,0.0,26.91,0.0,0.0
11.6,0.0,0.0,0.0,0.0
15.46,0.0,0.0,0.0,0.0
15.32,0.0,0.0,0.0,0.0
15.24,0.0,0.0,0.0,0.0
15.46,0.0,0.0,0.0,0.0
15.03,0.0,56.42,0.0,0.0
19.16,0.51,157.78,0.0,0.0
33.26,1.39,187.32,0.0,70.0643
67.51,2.56,240.85,0.0,200.046
51.02,2.78,241.61,0.0,316.98
51.96,2.86,250.47,0.0,371.214
57.3,3.44,263.74,0.0,558.239
61.6,4.16,261.28,0.0,638.692
61.0,3.83,277.18,0.0,633.673
55.19,2.41,271.45,0.0,587.922
58.02,2.33,228.1,0.0,177.209
57.62,3.12,203.78,0.0,39.309
47.06,1.85,184.45,0.0,59.0771
21.13,1.46,155.41,0.0,42.3903
16.74,1.05,149.76,0.0,6.81539
16.06,1.2,145.73,0.0,0.0
13.64,0.58,143.87,0.0,0.0
15.7,0.37,0.0,0.0,0.0
14.41,0.37,0.0,0.0,0.0
12.39,0.0,0.0,0.0,0.0
11.04,0.0,0.0,0.0,0.0
10.44,0.0,0.0,0.0,0.0
10.26,0.0,0.0,0.0,0.0
12.73,0.0,0.0,0.0,0.0
12.29,0.0,44.86,0.0,0.0
16.13,0.51,162.77,0.0,0.0
28.61,1.39,166.82,0.0,41.1763
57.88,2.56,204.01,0.0,108.479
46.62,2.78,207.19,0.0,188.517
50.11,2.85,224.77,0.0,367.374
48.75,3.44,246.07,0.0,579.465
51.24,4.13,242.25,0.0,659.655
47.41,3.83,234.3,0.0,608.14
46.17,2.4,229.93,0.0,650.293
51.04,2.34,208.26,0.0,555.6569999999999
49.64,3.11,211.27,0.0,432.723
36.72,1.83,188.65,0.0,188.911
19.4,1.49,150.72,0.0,40.7533
18.09,1.09,152.84,0.0,6.831910000000001
19.57,1.24,154.82,0.0,0.0
17.73,0.58,156.36,0.0,0.0
16.39,0.37,0.0,0.0,0.0
15.07,0.37,0.0,0.0,0.0
11.94,0.0,0.0,0.0,0.0
10.66,0.0,0.0,0.0,0.0
10.56,0.0,0.0,0.0,0.0
12.04,0.0,0.0,0.0,0.0
11.81,0.0,0.0,0.0,0.0
12.05,0.0,0.0,0.0,0.0
16.18,0.51,165.74,0.0,0.0
25.03,1.39,153.15,0.0,69.6054
54.96,2.55,185.46,0.0,149.591
46.17,2.77,186.09,0.0,197.902
42.78,2.85,209.59,0.0,355.177
49.53,3.43,231.66,0.0,581.564
44.39,4.15,231.96,0.0,657.418
47.69,3.82,242.12,0.0,679.415
41.07,2.4,245.07,0.0,637.942
38.34,2.33,246.19,0.0,521.5419999999999
49.07,3.11,255.83,0.0,435.14
41.96,1.85,237.37,0.0,279.875
21.42,1.47,204.64,0.0,164.513
16.82,1.05,178.35,0.0,31.0037
14.99,1.2,162.61,0.0,0.0
16.3,0.58,160.48,0.0,0.0
16.16,0.36,0.0,0.0,0.0
15.2,0.36,0.0,0.0,0.0
11.43,0.0,0.0,0.0,0.0
12.53,0.0,0.0,0.0,0.0
13.02,0.0,0.0,0.0,0.0
11.43,0.0,0.0,0.0,0.0
12.21,0.0,0.0,0.0,0.0
12.95,0.0,28.78,0.0,0.0
14.36,0.51,168.12,0.0,0.0
26.89,1.39,197.5,0.0,58.3427
56.82,2.55,247.85,0.0,194.879
48.31,2.77,250.67,0.0,360.504
45.32,2.84,256.69,0.0,505.099
53.24,3.43,258.39,0.0,591.659
47.97,4.12,247.87,0.0,647.425
47.31,3.82,257.28,0.0,670.453
46.56,2.39,259.98,0.0,654.783
42.2,2.33,265.19,0.0,589.986
41.24,3.11,268.53,0.0,480.249
38.89,1.84,240.68,0.0,332.538
17.45,1.47,209.67,0.0,167.237
14.86,1.09,181.3,0.0,31.595
13.98,1.24,158.13,0.0,0.0
13.72,0.58,155.96,0.0,0.0
12.69,0.36,0.0,0.0,0.0
15.63,0.36,0.0,0.0,0.0
11.56,0.0,0.0,0.0,0.0
12.02,0.0,0.0,0.0,0.0
12.43,0.0,0.0,0.0,0.0
13.72,0.0,0.0,0.0,0.0
13.74,0.0,0.0,0.0,0.0
13.34,0.0,66.25,0.0,0.0
15.08,0.51,184.12,0.0,0.0
28.22,1.38,216.59,0.0,58.7455
53.45,2.55,262.61,0.0,194.797
46.78,2.77,260.9,0.0,357.88
42.78,2.84,259.76,0.0,469.462
45.84,3.42,255.19,0.0,563.266
42.54,4.14,245.04,0.0,650.81
40.92,3.81,258.67,0.0,671.918
40.3,2.4,264.39,0.0,643.428
48.3,2.32,268.43,0.0,594.276
53.43,3.1,273.2,0.0,471.698
44.2,1.84,245.27,0.0,336.13
19.61,1.47,212.24,0.0,169.66299999999998
16.39,1.05,190.24,0.0,31.9359
15.02,1.2,176.51,0.0,0.0
14.55,0.58,168.46,0.0,0.0
13.63,0.36,0.0,0.0,0.0
13.76,0.36,0.0,0.0,0.0
12.97,0.0,0.0,0.0,0.0
8.92,0.0,0.0,0.0,0.0
8.8,0.0,0.0,0.0,0.0
9.17,0.0,0.0,0.0,0.0
9.53,0.0,0.0,0.0,0.0
8.88,0.0,58.96,0.0,0.0
15.1,0.51,170.99,0.0,0.0
21.0,0.8,196.79,0.0,52.529
22.42,1.09,211.45,0.0,189.871
27.0,1.53,221.08,0.0,359.634
27.69,1.38,223.32,0.0,497.548
29.4,1.67,202.46,0.0,460.2
19.92,1.45,198.3,0.0,551.73
16.35,1.38,222.68,0.0,578.232
15.4,1.09,231.93,0.0,568.514
13.82,0.95,210.18,0.0,456.929
13.26,1.02,205.28,0.0,369.375
12.4,0.51,173.74,0.0,268.842
9.97,0.51,13.73,0.0,145.79
8.45,0.0,106.05,0.0,30.3785
9.2,0.0,0.0,0.0,0.0
9.28,0.0,0.0,0.0,0.0
10.26,0.0,0.0,0.0,0.0
9.98,0.0,0.0,0.0,0.0
9.57,0.0,0.0,0.0,0.0
8.9,0.0,0.0,0.0,0.0
10.12,0.0,0.0,0.0,0.0
9.76,0.0,0.0,0.0,0.0
8.67,0.0,0.0,0.0,0.0
9.89,0.0,0.0,0.0,0.0
12.28,0.29,68.5,0.0,0.0
12.44,0.29,133.76,0.0,54.8113
10.83,0.29,153.7,0.0,191.86
11.82,0.29,117.96,0.0,359.855
12.08,0.29,130.49,0.0,503.386
13.03,0.44,144.82,0.0,607.169
13.15,0.44,110.77,0.0,658.852
13.51,0.65,133.27,0.0,687.805
12.91,0.44,160.08,0.0,639.543
12.9,0.29,127.48,0.0,577.031
11.92,0.29,148.32,0.0,428.029
12.23,0.29,166.91,0.0,341.806
8.93,0.0,124.51,0.0,168.775
8.03,0.0,137.34,0.0,31.1597
7.91,0.0,130.68,0.0,0.0
8.21,0.0,37.87,0.0,0.0
7.88,0.0,36.82,0.0,0.0
8.11,0.0,15.53,0.0,0.0
9.67,0.0,31.71,0.0,0.0
12.54,0.0,23.18,0.0,0.0
11.41,0.0,23.82,0.0,0.0
11.99,0.0,16.57,0.0,0.0
12.86,0.0,16.26,0.0,0.0
13.87,0.0,131.52,0.0,0.0
16.49,0.51,187.57,0.0,0.0
29.32,1.38,225.2,0.0,55.3023
58.09,2.54,270.61,0.0,154.084
53.95,2.76,281.63,0.0,347.29
46.78,2.83,289.97,0.0,491.552
48.49,3.41,288.6,0.0,531.808
55.49,4.13,249.29,0.0,299.813
57.97,3.79,241.84,0.0,198.786
57.5,2.39,259.51,0.0,445.8
58.02,2.32,278.99,0.0,513.007
56.6,3.09,293.86,0.0,464.523
43.34,1.82,264.8,0.0,313.757
19.23,1.48,231.86,0.0,166.674
18.39,1.05,206.02,0.0,31.1129
17.76,1.2,185.0,0.0,0.0
16.4,0.58,179.67,0.0,0.0
16.26,0.36,0.0,0.0,0.0
16.1,0.36,0.0,0.0,0.0
14.08,0.0,0.0,0.0,0.0
13.61,0.0,0.0,0.0,0.0
12.29,0.0,0.0,0.0,0.0
12.28,0.0,0.0,0.0,0.0
11.41,0.0,0.0,0.0,0.0
11.75,0.0,71.01,0.0,0.0
14.41,0.51,198.98,0.0,0.0
28.52,1.38,237.34,0.0,50.7355
54.77,2.54,277.95,0.0,184.376
49.12,2.75,270.51,0.0,325.965
41.68,2.83,272.86,0.0,461.831
41.53,3.41,279.79,0.0,498.622
50.11,4.11,271.81,0.0,646.711
53.38,3.79,291.78,0.0,629.377
45.11,2.38,297.85,0.0,542.249
46.77,2.31,301.34,0.0,543.615
48.85,3.09,303.11,0.0,470.685
35.59,1.83,263.6,0.0,282.724
19.39,1.46,221.32,0.0,146.11700000000002
17.84,1.04,192.66,0.0,29.8442
15.74,1.19,174.52,0.0,0.0
13.32,0.57,171.12,0.0,0.0
13.88,0.36,0.0,0.0,0.0
14.08,0.36,0.0,0.0,0.0
10.6,0.0,0.0,0.0,0.0
11.07,0.0,0.0,0.0,0.0
12.33,0.0,0.0,0.0,0.0
11.04,0.0,0.0,0.0,0.0
12.13,0.0,0.0,0.0,0.0
10.93,0.0,68.84,0.0,0.0
14.19,0.51,194.68,0.0,0.0
23.43,1.38,234.66,0.0,49.5342
54.86,2.53,283.97,0.0,186.118
52.66,2.75,280.37,0.0,356.764
48.38,2.82,284.28,0.0,410.012
49.44,3.4,285.25,0.0,583.2180000000001
44.57,4.1,273.32,0.0,646.61
44.88,3.79,289.44,0.0,665.73
45.75,2.38,288.76,0.0,661.903
49.72,2.31,288.44,0.0,596.494
48.92,3.08,285.1,0.0,386.393
37.24,1.83,249.82,0.0,232.94
20.34,1.46,224.38,0.0,146.787
17.33,1.04,201.24,0.0,30.6151
19.03,1.19,176.35,0.0,0.0
17.71,0.57,170.97,0.0,0.0
18.22,0.36,0.0,0.0,0.0
17.38,0.36,0.0,0.0,0.0
15.0,0.0,0.0,0.0,0.0
15.46,0.0,0.0,0.0,0.0
15.46,0.0,0.0,0.0,0.0
14.32,0.0,0.0,0.0,0.0
14.7,0.0,0.0,0.0,0.0
15.46,0.0,68.24,0.0,0.0
17.85,0.51,192.64,0.0,0.0
28.94,1.37,229.13,0.0,53.1324
64.58,2.53,273.9,0.0,181.458
49.48,2.75,263.99,0.0,279.663
46.93,2.82,265.36,0.0,402.628
50.81,3.4,245.6,0.0,472.282
46.73,4.1,220.25,0.0,149.382
47.15,3.78,230.01,0.0,362.23800000000006
40.99,2.38,250.28,0.0,501.686
45.54,2.3,247.2,0.0,270.715
42.76,3.08,255.63,0.0,302.695
40.44,1.83,224.98,0.0,253.912
21.0,1.46,189.45,0.0,118.407
19.74,1.04,179.74,0.0,32.3568
20.03,1.19,168.1,0.0,0.0
17.79,0.57,163.46,0.0,0.0
18.65,0.36,0.0,0.0,0.0
19.16,0.36,0.0,0.0,0.0
15.46,0.0,0.0,0.0,0.0
15.46,0.0,0.0,0.0,0.0
14.13,0.0,0.0,0.0,0.0
12.85,0.0,0.0,0.0,0.0
11.4,0.0,0.0,0.0,0.0
11.55,0.0,62.84,0.0,0.0
14.27,0.51,175.54,0.0,0.0
24.91,1.37,202.58,0.0,67.9567
55.2,2.53,259.12,0.0,194.149
45.4,2.74,262.48,0.0,351.023
41.52,2.82,269.29,0.0,488.305
44.23,3.39,276.24,0.0,586.19
44.31,4.1,268.64,0.0,640.434
52.18,3.78,265.28,0.0,443.983
43.19,2.38,263.36,0.0,529.4830000000001
41.75,2.3,276.79,0.0,579.54
47.55,3.08,282.34,0.0,468.3080000000001
41.28,1.83,248.34,0.0,324.406
19.0,1.46,211.08,0.0,159.441
17.9,1.04,185.49,0.0,32.0476
18.9,1.19,168.88,0.0,0.0
17.83,0.57,164.61,0.0,0.0
16.63,0.36,0.0,0.0,0.0
14.67,0.36,0.0,0.0,0.0
13.26,0.0,0.0,0.0,0.0
9.66,0.0,0.0,0.0,0.0
8.62,0.0,0.0,0.0,0.0
9.52,0.0,0.0,0.0,0.0
10.37,0.0,0.0,0.0,0.0
11.22,0.0,62.8,0.0,0.0
17.34,0.51,180.06,0.0,0.0
21.24,0.79,199.54,0.0,62.7255
26.2,1.08,217.14,0.0,185.9
30.45,1.52,218.88,0.0,353.264
27.31,1.37,220.74,0.0,491.298
27.32,1.66,189.67,0.0,543.071
20.83,1.44,183.89,0.0,348.75800000000004
19.01,1.37,149.22,0.0,84.5813
16.59,1.08,141.26,0.0,222.611
14.5,0.94,164.28,0.0,308.278
16.25,1.01,186.72,0.0,336.737
14.78,0.51,167.62,0.0,300.79
12.91,0.51,0.0,0.0,140.064
10.26,0.0,0.0,0.0,30.0767
10.62,0.0,0.0,0.0,0.0
11.25,0.0,0.0,0.0,0.0
11.38,0.0,0.0,0.0,0.0
11.6,0.0,0.0,0.0,0.0
11.6,0.0,0.0,0.0,0.0
11.14,0.0,0.0,0.0,0.0
11.31,0.0,0.0,0.0,0.0
10.52,0.0,0.0,0.0,0.0
9.65,0.0,0.0,0.0,0.0
10.45,0.0,0.0,0.0,0.0
11.24,0.29,28.59,0.0,0.0
12.59,0.29,134.57,0.0,58.9887
11.54,0.29,110.9,0.0,184.621
11.25,0.29,131.16,0.0,335.26199999999994
10.16,0.29,126.61,0.0,460.383
11.78,0.43,91.29,0.0,361.722
10.62,0.43,60.55,0.0,181.366
12.12,0.65,53.02,0.0,124.406
12.61,0.43,63.29,0.0,251.276
11.27,0.29,76.0,0.0,401.681
11.79,0.29,120.09,0.0,340.74
11.05,0.29,111.57,0.0,209.132
7.95,0.0,53.09,0.0,72.7708
8.25,0.0,0.0,0.0,15.4776
9.78,0.0,0.0,0.0,0.0
10.26,0.0,0.0,0.0,0.0
9.89,0.0,0.0,0.0,0.0
9.35,0.0,0.0,0.0,0.0
9.4,0.0,0.0,0.0,0.0
11.94,0.0,0.0,0.0,0.0
11.69,0.0,0.0,0.0,0.0
13.18,0.0,0.0,0.0,0.0
13.97,0.0,0.0,0.0,0.0
14.71,0.0,59.32,0.0,0.0
19.11,0.5,171.73,0.0,0.0
31.4,1.37,210.63,0.0,52.8114
63.75,2.52,263.22,0.0,181.765
47.3,2.74,264.78,0.0,341.529
51.12,2.81,272.75,0.0,496.708
50.82,3.39,257.1,0.0,603.283
47.37,4.11,254.35,0.0,519.807
47.87,3.76,281.43,0.0,583.229
49.46,2.38,271.36,0.0,503.24300000000005
47.35,2.3,260.22,0.0,268.008
55.59,3.07,252.75,0.0,264.903
41.35,1.79,218.12,0.0,187.132
21.29,1.49,184.22,0.0,117.304
17.92,1.06,169.46,0.0,26.3847
18.69,1.21,163.68,0.0,0.0
17.47,0.58,160.07,0.0,0.0
16.84,0.36,0.0,0.0,0.0
14.71,0.36,0.0,0.0,0.0
11.24,0.0,0.0,0.0,0.0
11.4,0.0,0.0,0.0,0.0
11.89,0.0,0.0,0.0,0.0
13.27,0.0,0.0,0.0,0.0
11.76,0.0,0.0,0.0,0.0
13.16,0.0,64.81,0.0,0.0
15.64,0.5,184.04,0.0,0.0
27.53,1.37,221.78,0.0,53.8601
54.5,2.52,272.32,0.0,186.219
50.72,2.74,274.14,0.0,350.718
52.38,2.81,275.1,0.0,380.848
58.52,3.38,265.59,0.0,472.555
57.97,4.1,236.61,0.0,501.663
57.8,3.76,202.84,0.0,216.258
51.42,2.38,185.63,0.0,75.1793
51.0,2.3,191.29,0.0,108.54
51.89,3.06,206.16,0.0,190.603
37.22,1.8,194.97,0.0,173.917
18.39,1.48,163.51,0.0,92.0583
15.94,1.06,160.76,0.0,21.0109
14.23,1.21,159.08,0.0,0.0
12.76,0.57,155.59,0.0,0.0
12.61,0.36,0.0,0.0,0.0
12.88,0.36,0.0,0.0,0.0
11.53,0.0,0.0,0.0,0.0
13.27,0.0,0.0,0.0,0.0
13.27,0.0,0.0,0.0,0.0
12.0,0.0,0.0,0.0,0.0
12.18,0.0,0.0,0.0,0.0
11.32,0.0,0.0,0.0,0.0
13.91,0.5,185.26,0.0,0.0
28.12,1.37,221.52,0.0,52.247
61.82,2.52,264.57,0.0,184.116
53.37,2.73,240.5,0.0,359.107
46.46,2.8,246.94,0.0,448.706
48.26,3.38,262.72,0.0,529.533
52.55,4.1,248.7,0.0,500.062
48.2,3.75,241.9,0.0,416.479
42.07,2.37,215.34,0.0,230.593
39.87,2.3,217.48,0.0,317.34
40.17,3.06,219.65,0.0,214.516
34.66,1.79,193.08,0.0,144.378
17.03,1.48,152.24,0.0,58.2998
15.78,1.06,139.2,0.0,11.4734
14.72,1.21,134.74,0.0,0.0
16.09,0.57,137.92,0.0,0.0
13.96,0.36,0.0,0.0,0.0
13.93,0.36,0.0,0.0,0.0
12.84,0.0,0.0,0.0,0.0
11.19,0.0,0.0,0.0,0.0
12.15,0.0,0.0,0.0,0.0
11.69,0.0,0.0,0.0,0.0
10.9,0.0,0.0,0.0,0.0
12.7,0.0,0.0,0.0,0.0
14.39,0.5,163.05,0.0,0.0
27.87,1.37,169.58,0.0,28.7376
60.82,2.52,208.42,0.0,95.7949
47.02,2.73,212.73,0.0,201.513
48.98,2.8,226.85,0.0,284.645
52.35,3.38,213.16,0.0,178.05
47.98,4.1,195.82,0.0,162.058
44.34,3.75,205.32,0.0,284.251
40.48,2.37,213.74,0.0,299.884
41.86,2.3,209.0,0.0,218.493
51.05,3.06,212.13,0.0,246.072
42.14,1.79,191.12,0.0,214.723
22.23,1.48,158.36,0.0,122.895
16.87,1.06,150.21,0.0,26.5612
15.71,1.21,145.6,0.0,0.0
16.61,0.57,142.8,0.0,0.0
15.49,0.36,0.0,0.0,0.0
15.27,0.36,0.0,0.0,0.0
11.81,0.0,0.0,0.0,0.0
11.32,0.0,0.0,0.0,0.0
10.73,0.0,0.0,0.0,0.0
12.93,0.0,0.0,0.0,0.0
13.39,0.0,0.0,0.0,0.0
14.58,0.0,0.0,0.0,0.0
18.62,0.5,149.07,0.0,0.0
30.42,1.36,166.79,0.0,55.2566
65.03,2.51,216.18,0.0,177.896
57.78,2.73,222.34,0.0,321.237
53.44,2.8,236.27,0.0,483.003
59.43,3.38,246.97,0.0,602.61
61.69,4.09,243.38,0.0,648.419
62.45,3.75,259.78,0.0,623.725
58.02,2.37,260.0,0.0,610.0269999999999
54.85,2.29,261.12,0.0,554.9830000000001
54.74,3.06,264.88,0.0,484.432
46.32,1.79,244.85,0.0,338.04900000000004
22.58,1.49,210.62,0.0,166.389
20.27,1.06,179.83,0.0,29.415
20.77,1.21,160.44,0.0,0.0
18.78,0.57,153.94,0.0,0.0
18.73,0.36,0.0,0.0,0.0
16.76,0.36,0.0,0.0,0.0
12.53,0.0,0.0,0.0,0.0
9.44,0.0,0.0,0.0,0.0
8.25,0.0,0.0,0.0,0.0
9.77,0.0,0.0,0.0,0.0
10.14,0.0,0.0,0.0,0.0
8.97,0.0,0.0,0.0,0.0
14.94,0.5,165.18,0.0,0.0
20.21,0.79,187.25,0.0,45.4179
20.79,1.08,200.25,0.0,179.34
23.95,1.51,200.85,0.0,344.64300000000003
25.4,1.36,181.46,0.0,447.836
28.3,1.65,182.38,0.0,438.816
18.69,1.44,183.47,0.0,356.906
16.37,1.36,179.47,0.0,238.594
16.2,1.08,174.3,0.0,238.595
15.37,0.93,175.3,0.0,289.147
13.66,1.0,180.68,0.0,311.434
14.11,0.5,159.81,0.0,249.203
13.25,0.5,6.78,0.0,154.202
10.22,0.0,68.41,0.0,28.8997
9.46,0.0,13.97,0.0,0.0
8.58,0.0,0.0,0.0,0.0
8.59,0.0,0.0,0.0,0.0
8.6,0.0,0.0,0.0,0.0
8.68,0.0,0.0,0.0,0.0
9.17,0.0,0.0,0.0,0.0
8.05,0.0,0.0,0.0,0.0
9.01,0.0,0.0,0.0,0.0
8.23,0.0,0.0,0.0,0.0
7.61,0.0,0.0,0.0,0.0
11.02,0.29,34.72,0.0,0.0
10.51,0.29,138.09,0.0,46.468
11.64,0.29,96.08,0.0,177.322
11.81,0.29,145.46,0.0,346.406
12.4,0.29,145.48,0.0,498.169
11.2,0.43,62.12,0.0,486.947
12.1,0.43,48.55,0.0,240.354
12.58,0.65,54.41,0.0,418.214
12.26,0.43,87.16,0.0,530.805
13.25,0.29,135.84,0.0,366.846
13.36,0.29,104.71,0.0,435.556
13.34,0.29,103.57,0.0,271.816
11.6,0.0,63.21,0.0,153.97
10.56,0.0,88.44,0.0,28.7623
10.88,0.0,14.52,0.0,0.0
11.13,0.0,0.0,0.0,0.0
10.75,0.0,0.0,0.0,0.0
10.56,0.0,0.0,0.0,0.0
11.01,0.0,0.0,0.0,0.0
14.94,0.0,0.0,0.0,0.0
15.46,0.0,0.0,0.0,0.0
15.46,0.0,0.0,0.0,0.0
15.46,0.0,0.0,0.0,0.0
15.46,0.0,65.18,0.0,0.0
17.82,0.5,189.43,0.0,0.0
29.18,1.36,226.89,0.0,54.3921
62.12,2.51,277.97,0.0,183.374
47.48,2.72,260.78,0.0,339.339
44.0,2.8,259.6,0.0,468.473
48.37,3.37,256.34,0.0,432.391
50.64,4.09,242.36,0.0,601.821
53.09,3.74,266.41,0.0,662.1510000000001
42.72,2.37,267.65,0.0,646.192
39.05,2.29,268.29,0.0,589.047
40.45,3.05,282.08,0.0,492.417
36.77,1.78,260.65,0.0,339.41
19.49,1.49,232.65,0.0,169.394
18.07,1.06,203.82,0.0,29.3744
18.51,1.21,177.57,0.0,0.0
17.48,0.57,170.5,0.0,0.0
16.41,0.36,0.0,0.0,0.0
14.55,0.36,0.0,0.0,0.0
11.71,0.0,0.0,0.0,0.0
11.62,0.0,0.0,0.0,0.0
10.96,0.0,0.0,0.0,0.0
12.1,0.0,0.0,0.0,0.0
13.35,0.0,0.0,0.0,0.0
14.47,0.0,60.53,0.0,0.0
16.34,0.5,172.12,0.0,0.0
26.25,1.36,211.59,0.0,51.0485
56.24,2.51,269.9,0.0,181.86900000000003
47.0,2.72,271.19,0.0,348.39
45.47,2.79,277.25,0.0,495.211
51.28,3.37,276.51,0.0,597.0319999999999
54.28,4.08,258.67,0.0,653.981
54.73,3.74,266.55,0.0,653.432
48.12,2.37,267.75,0.0,625.36
51.77,2.29,276.14,0.0,571.493
49.46,3.05,278.81,0.0,387.908
34.42,1.78,227.0,0.0,132.989
15.75,1.49,174.67,0.0,86.0784
15.17,1.06,163.05,0.0,17.6308
17.04,1.21,163.51,0.0,0.0
15.89,0.57,162.1,0.0,0.0
14.11,0.36,0.0,0.0,0.0
13.02,0.36,0.0,0.0,0.0
10.74,0.0,0.0,0.0,0.0
10.1,0.0,0.0,0.0,0.0
10.58,0.0,0.0,0.0,0.0
12.63,0.0,0.0,0.0,0.0
13.44,0.0,0.0,0.0,0.0
14.35,0.0,62.97,0.0,0.0
16.6,0.5,176.48,0.0,0.0
29.19,1.36,217.83,0.0,57.6025
66.56,2.51,276.64,0.0,183.625
60.44,2.72,277.23,0.0,349.341
58.02,2.79,283.92,0.0,490.021
60.44,3.37,284.51,0.0,589.266
61.69,4.08,265.39,0.0,647.137
61.57,3.74,280.39,0.0,657.335
58.02,2.36,276.51,0.0,594.832
54.57,2.29,284.38,0.0,586.428
55.33,3.05,299.32,0.0,475.318
46.67,1.78,265.74,0.0,326.698
24.0,1.48,223.76,0.0,158.477
20.77,1.06,195.94,0.0,28.6888
19.43,1.21,180.7,0.0,0.0
18.9,0.57,176.88,0.0,0.0
18.83,0.36,0.0,0.0,0.0
17.0,0.36,0.0,0.0,0.0
14.94,0.0,0.0,0.0,0.0
15.46,0.0,0.0,0.0,0.0
15.46,0.0,0.0,0.0,0.0
15.05,0.0,0.0,0.0,0.0
14.87,0.0,0.0,0.0,0.0
15.46,0.0,68.46,0.0,0.0
18.88,0.5,193.31,0.0,0.0
29.85,1.36,225.8,0.0,57.9853
63.13,2.51,276.76,0.0,182.239
54.18,2.72,271.14,0.0,306.088
55.45,2.79,272.16,0.0,309.948
54.05,3.37,243.37,0.0,104.832
50.93,4.08,211.45,0.0,51.2445
53.72,3.74,204.73,0.0,86.3186
53.12,2.36,215.31,0.0,288.482
50.51,2.29,253.03,0.0,513.257
53.48,3.05,273.61,0.0,418.74300000000005
41.3,1.78,250.45,0.0,280.78
19.53,1.48,212.76,0.0,138.47299999999998
14.91,1.06,188.03,0.0,25.3071
17.39,1.21,177.49,0.0,0.0
15.93,0.57,172.2,0.0,0.0
16.06,0.36,0.0,0.0,0.0
16.65,0.36,0.0,0.0,0.0
14.17,0.0,0.0,0.0,0.0
13.53,0.0,0.0,0.0,0.0
11.75,0.0,0.0,0.0,0.0
12.23,0.0,0.0,0.0,0.0
12.08,0.0,0.0,0.0,0.0
11.73,0.0,57.42,0.0,0.0
15.92,0.5,163.26,0.0,0.0
25.03,1.36,187.73,0.0,61.2805
57.58,2.51,247.75,0.0,186.671
43.74,2.72,256.13,0.0,339.246
46.91,2.79,265.45,0.0,472.784
50.31,3.36,269.74,0.0,551.751
47.98,4.08,264.07,0.0,630.826
44.7,3.74,280.55,0.0,613.797
43.37,2.36,286.7,0.0,609.24
41.86,2.29,287.82,0.0,544.578
46.2,3.05,288.08,0.0,474.694
40.77,1.79,254.93,0.0,320.963
18.77,1.47,223.6,0.0,155.935
15.66,1.06,197.86,0.0,27.458
16.9,1.21,177.26,0.0,0.0
16.07,0.57,165.8,0.0,0.0
17.37,0.36,0.0,0.0,0.0
15.27,0.36,0.0,0.0,0.0
11.54,0.0,0.0,0.0,0.0
8.73,0.0,0.0,0.0,0.0
8.37,0.0,0.0,0.0,0.0
9.29,0.0,0.0,0.0,0.0
8.32,0.0,0.0,0.0,0.0
8.26,0.0,60.11,0.0,0.0
13.81,0.5,172.93,0.0,0.0
21.07,0.79,183.95,0.0,54.6219
24.46,1.07,189.26,0.0,147.924
25.05,1.5,193.0,0.0,220.561
23.95,1.36,197.79,0.0,191.022
26.9,1.65,214.92,0.0,423.824
19.95,1.43,213.82,0.0,571.148
16.33,1.36,214.7,0.0,591.915
15.7,1.07,217.91,0.0,468.169
14.91,0.93,197.85,0.0,181.084
13.29,1.0,178.97,0.0,97.7015
13.09,0.5,170.06,0.0,108.33
10.46,0.5,0.0,0.0,61.1576
9.41,0.0,0.0,0.0,9.86164
8.91,0.0,0.0,0.0,0.0
10.0,0.0,0.0,0.0,0.0
9.69,0.0,0.0,0.0,0.0
8.8,0.0,0.0,0.0,0.0
8.2,0.0,0.0,0.0,0.0
7.97,0.0,0.0,0.0,0.0
9.17,0.0,0.0,0.0,0.0
9.14,0.0,0.0,0.0,0.0
10.05,0.0,0.0,0.0,0.0
8.95,0.0,0.0,0.0,0.0
10.84,0.29,25.69,0.0,0.0
10.47,0.29,129.53,0.0,54.7206
12.09,0.29,104.91,0.0,171.792
11.81,0.29,121.25,0.0,250.078
10.59,0.29,142.94,0.0,459.603
11.37,0.43,113.35,0.0,518.389
12.65,0.43,132.01,0.0,586.8330000000001
13.11,0.64,132.46,0.0,688.612
13.79,0.43,105.69,0.0,568.938
13.73,0.29,119.42,0.0,490.98800000000006
13.03,0.29,144.52,0.0,485.79
12.62,0.29,112.63,0.0,236.168
9.59,0.0,121.87,0.0,101.327
10.54,0.0,48.55,0.0,20.5883
10.17,0.0,0.0,0.0,0.0
10.12,0.0,30.51,0.0,0.0
9.24,0.0,0.0,0.0,0.0
8.8,0.0,0.0,0.0,0.0
8.29,0.0,0.0,0.0,0.0
10.61,0.0,0.0,0.0,0.0
11.66,0.0,0.0,0.0,0.0
13.25,0.0,0.0,0.0,0.0
14.18,0.0,0.0,0.0,0.0
13.36,0.0,62.48,0.0,0.0
17.01,0.5,180.18,0.0,0.0
31.86,1.36,203.02,0.0,48.5465
60.75,2.5,252.48,0.0,180.186
50.03,2.72,243.32,0.0,321.461
48.45,2.79,225.91,0.0,122.758
46.52,3.36,223.58,0.0,107.1
47.15,4.08,227.1,0.0,160.191
43.74,3.73,219.68,0.0,103.355
39.6,2.36,201.23,0.0,140.649
47.31,2.29,202.1,0.0,226.741
55.2,3.04,216.78,0.0,211.018
41.37,1.79,194.09,0.0,173.886
18.7,1.45,160.31,0.0,86.2299
17.77,1.07,156.49,0.0,15.5902
15.78,1.22,152.75,0.0,0.0
15.85,0.57,146.69,0.0,0.0
14.18,0.36,0.0,0.0,0.0
14.58,0.36,0.0,0.0,0.0
12.26,0.0,0.0,0.0,0.0
12.17,0.0,0.0,0.0,0.0
11.39,0.0,0.0,0.0,0.0
12.18,0.0,0.0,0.0,0.0
13.38,0.0,0.0,0.0,0.0
13.02,0.0,29.93,0.0,0.0
15.65,0.5,161.64,0.0,0.0
26.61,1.36,148.17,0.0,20.5714
63.01,2.5,182.35,0.0,78.4851
50.25,2.72,190.55,0.0,236.011
48.29,2.79,208.57,0.0,386.871
49.84,3.36,226.99,0.0,476.86300000000006
47.82,4.08,223.81,0.0,536.818
55.18,3.73,235.62,0.0,540.831
50.29,2.36,236.32,0.0,549.616
44.31,2.29,231.25,0.0,451.026
45.28,3.04,231.94,0.0,357.759
34.86,1.79,220.34,0.0,335.91
19.77,1.44,191.14,0.0,167.769
18.35,1.07,165.59,0.0,26.2493
16.84,1.22,149.84,0.0,0.0
13.75,0.57,147.93,0.0,0.0
14.94,0.36,0.0,0.0,0.0
15.9,0.36,0.0,0.0,0.0
12.66,0.0,0.0,0.0,0.0
13.37,0.0,0.0,0.0,0.0
13.32,0.0,0.0,0.0,0.0
13.56,0.0,0.0,0.0,0.0
11.8,0.0,0.0,0.0,0.0
13.06,0.0,0.0,0.0,0.0
14.84,0.5,175.72,0.0,0.0
23.33,1.36,199.78,0.0,49.7782
51.62,2.5,255.9,0.0,180.905
46.15,2.72,256.92,0.0,355.801
50.24,2.79,262.5,0.0,500.882
45.85,3.36,269.6,0.0,570.195
42.92,4.08,263.05,0.0,633.335
41.03,3.73,279.61,0.0,652.8009999999999
41.31,2.36,284.06,0.0,680.492
41.24,2.29,284.38,0.0,606.1709999999999
48.28,3.04,280.65,0.0,427.617
35.53,1.79,236.35,0.0,285.083
16.1,1.44,186.95,0.0,145.553
14.47,1.07,162.0,0.0,24.0029
14.14,1.22,151.29,0.0,0.0
13.12,0.57,147.59,0.0,0.0
12.44,0.36,0.0,0.0,0.0
13.02,0.36,0.0,0.0,0.0
11.71,0.0,0.0,0.0,0.0
11.99,0.0,0.0,0.0,0.0
11.62,0.0,0.0,0.0,0.0
10.48,0.0,0.0,0.0,0.0
12.35,0.0,0.0,0.0,0.0
11.78,0.0,53.85,0.0,0.0
16.78,0.5,158.43,0.0,0.0
28.5,1.36,194.84,0.0,42.4032
57.29,2.5,253.58,0.0,171.523
53.59,2.72,252.41,0.0,338.675
49.39,2.79,264.06,0.0,491.341
55.81,3.36,268.81,0.0,574.313
60.6,4.08,257.64,0.0,629.099
60.76,3.73,273.01,0.0,674.4889999999999
52.2,2.36,275.78,0.0,656.0
50.47,2.29,277.37,0.0,596.564
52.57,3.04,254.42,0.0,396.735
38.44,1.79,196.32,0.0,41.4151
17.41,1.44,156.4,0.0,27.4067
15.19,1.07,151.63,0.0,2.03857
16.97,1.22,151.24,0.0,0.0
15.71,0.57,148.9,0.0,0.0
16.67,0.36,0.0,0.0,0.0
18.2,0.36,0.0,0.0,0.0
13.79,0.0,0.0,0.0,0.0
12.83,0.0,0.0,0.0,0.0
12.35,0.0,0.0,0.0,0.0
10.9,0.0,0.0,0.0,0.0
12.62,0.0,0.0,0.0,0.0
12.1,0.0,0.0,0.0,0.0
13.92,0.5,167.59,0.0,0.0
26.27,1.36,194.74,0.0,47.5083
61.57,2.5,248.66,0.0,176.99900000000002
52.86,2.72,257.12,0.0,349.166
54.36,2.79,262.6,0.0,496.366
52.06,3.36,265.73,0.0,606.549
54.45,4.08,263.45,0.0,631.55
58.26,3.73,274.23,0.0,610.908
57.44,2.36,256.26,0.0,221.567
56.52,2.29,260.13,0.0,378.586
59.51,3.04,273.55,0.0,424.432
47.35,1.79,241.55,0.0,286.485
22.97,1.44,203.01,0.0,149.77100000000002
20.77,1.07,180.82,0.0,24.005
20.77,1.22,170.4,0.0,0.0
19.16,0.57,169.2,0.0,0.0
19.16,0.36,0.0,0.0,0.0
19.16,0.36,0.0,0.0,0.0
15.46,0.0,0.0,0.0,0.0
10.51,0.0,0.0,0.0,0.0
10.26,0.0,0.0,0.0,0.0
10.05,0.0,0.0,0.0,0.0
10.84,0.0,0.0,0.0,0.0
11.57,0.0,54.3,0.0,0.0
18.25,0.5,171.04,0.0,0.0
24.11,0.79,191.47,0.0,44.5243
27.76,1.07,210.85,0.0,175.37900000000002
30.33,1.5,217.56,0.0,350.987
25.82,1.36,227.26,0.0,493.707
27.41,1.65,230.72,0.0,593.057
19.05,1.43,221.81,0.0,589.9830000000001
19.0,1.36,192.41,0.0,201.838
18.26,1.07,177.53,0.0,266.355
16.79,0.93,183.81,0.0,356.779
15.03,1.0,187.0,0.0,323.308
13.19,0.5,161.65,0.0,210.643
10.21,0.5,35.69,0.0,104.125
8.16,0.0,20.94,0.0,18.2768
8.1,0.0,0.0,0.0,0.0
8.9,0.0,0.0,0.0,0.0
9.51,0.0,0.0,0.0,0.0
9.69,0.0,0.0,0.0,0.0
10.67,0.0,0.0,0.0,0.0
9.95,0.0,0.0,0.0,0.0
9.14,0.0,0.0,0.0,0.0
8.07,0.0,0.0,0.0,0.0
9.73,0.0,0.0,0.0,0.0
9.62,0.0,0.0,0.0,0.0
13.13,0.29,34.63,0.0,0.0
13.81,0.29,118.93,0.0,49.5442
13.72,0.29,123.68,0.0,176.141
14.01,0.29,127.94,0.0,347.27
13.25,0.29,133.67,0.0,486.836
13.52,0.43,132.34,0.0,574.349
13.11,0.43,127.8,0.0,601.969
13.05,0.64,125.64,0.0,673.503
13.12,0.43,127.87,0.0,648.465
13.68,0.29,124.37,0.0,426.709
12.88,0.29,119.96,0.0,247.489
13.75,0.29,122.53,0.0,211.864
11.6,0.0,123.08,0.0,105.067
11.52,0.0,46.31,0.0,18.1977
11.6,0.0,49.2,0.0,0.0
11.6,0.0,21.87,0.0,0.0
10.76,0.0,0.0,0.0,0.0
11.6,0.0,30.39,0.0,0.0
10.97,0.0,0.0,0.0,0.0
13.01,0.0,0.0,0.0,0.0
12.99,0.0,30.95,0.0,0.0
13.83,0.0,0.0,0.0,0.0
14.81,0.0,0.0,0.0,0.0
15.46,0.0,97.02,0.0,0.0
19.16,0.5,180.19,0.0,0.0
33.26,1.36,223.43,0.0,44.3556
70.91,2.5,280.17,0.0,175.172
58.61,2.72,282.63,0.0,349.283
54.54,2.79,289.13,0.0,496.137
54.88,3.36,295.39,0.0,602.693
57.34,4.08,287.8,0.0,663.535
50.88,3.74,301.47,0.0,599.7230000000001
42.02,2.36,298.65,0.0,620.187
49.3,2.29,302.22,0.0,565.2040000000001
52.8,3.05,309.06,0.0,480.2480000000001
36.86,1.79,274.18,0.0,322.715
16.44,1.46,226.41,0.0,151.156
16.0,1.07,191.96,0.0,22.0176
15.85,1.22,175.31,0.0,0.0
14.48,0.57,171.89,0.0,0.0
14.01,0.36,0.0,0.0,0.0
14.48,0.36,0.0,0.0,0.0
12.74,0.0,0.0,0.0,0.0
11.58,0.0,0.0,0.0,0.0
10.52,0.0,0.0,0.0,0.0
11.63,0.0,0.0,0.0,0.0
10.87,0.0,0.0,0.0,0.0
11.98,0.0,65.19,0.0,0.0
14.66,0.5,172.11,0.0,0.0
23.75,1.36,169.33,0.0,1.28041
50.23,2.51,199.89,0.0,22.0656
46.03,2.72,187.05,0.0,33.2401
45.34,2.79,186.82,0.0,51.5621
44.66,3.36,201.41,0.0,219.781
43.64,4.08,227.72,0.0,540.205
47.37,3.74,254.41,0.0,618.242
50.8,2.36,262.05,0.0,562.717
45.54,2.29,265.97,0.0,437.965
49.19,3.05,270.32,0.0,334.042
43.87,1.79,239.88,0.0,225.558
23.15,1.47,203.24,0.0,102.591
20.37,1.06,185.75,0.0,15.5298
19.9,1.21,184.65,0.0,0.0
16.34,0.57,179.95,0.0,0.0
15.23,0.36,0.0,0.0,0.0
15.1,0.36,0.0,0.0,0.0
10.9,0.0,0.0,0.0,0.0
10.95,0.0,0.0,0.0,0.0
10.49,0.0,0.0,0.0,0.0
10.26,0.0,0.0,0.0,0.0
10.49,0.0,0.0,0.0,0.0
10.47,0.0,63.5,0.0,0.0
13.05,0.5,180.19,0.0,0.0
21.78,1.36,207.12,0.0,54.8533
49.17,2.51,265.2,0.0,183.042
46.71,2.72,273.33,0.0,344.057
40.89,2.79,282.27,0.0,483.306
49.08,3.36,284.45,0.0,585.965
52.22,4.08,276.18,0.0,594.964
56.63,3.74,292.43,0.0,642.886
47.44,2.36,296.09,0.0,592.4780000000001
48.51,2.29,277.76,0.0,213.268
50.72,3.05,234.71,0.0,42.5572
36.91,1.79,184.18,0.0,23.7022
16.35,1.45,147.73,0.0,10.889
16.33,1.07,147.92,0.0,0.0
18.24,1.22,152.72,0.0,0.0
15.23,0.57,157.04,0.0,0.0
16.65,0.36,0.0,0.0,0.0
16.76,0.36,0.0,0.0,0.0
12.92,0.0,0.0,0.0,0.0
11.91,0.0,0.0,0.0,0.0
10.61,0.0,0.0,0.0,0.0
12.19,0.0,0.0,0.0,0.0
13.58,0.0,0.0,0.0,0.0
12.49,0.0,0.0,0.0,0.0
16.98,0.5,179.79,0.0,0.0
29.06,1.36,200.64,0.0,56.1177
62.42,2.51,256.93,0.0,185.532
54.65,2.72,265.82,0.0,329.723
57.08,2.79,273.36,0.0,450.533
55.34,3.37,283.73,0.0,514.119
50.27,4.08,285.21,0.0,557.404
52.76,3.74,298.2,0.0,575.1759999999999
46.33,2.36,281.56,0.0,627.04
48.68,2.29,260.28,0.0,320.315
53.51,3.05,248.65,0.0,238.84
40.56,1.78,216.31,0.0,185.51
20.67,1.47,177.96,0.0,89.7293
18.29,1.06,166.93,0.0,12.2584
19.62,1.21,162.73,0.0,0.0
19.16,0.57,162.97,0.0,0.0
19.16,0.36,0.0,0.0,0.0
18.42,0.36,0.0,0.0,0.0
13.63,0.0,0.0,0.0,0.0
13.59,0.0,0.0,0.0,0.0
13.31,0.0,0.0,0.0,0.0
12.73,0.0,0.0,0.0,0.0
12.95,0.0,0.0,0.0,0.0
12.06,0.0,58.13,0.0,0.0
15.73,0.5,162.86,0.0,0.0
24.44,1.36,182.62,0.0,54.7337
49.52,2.51,241.58,0.0,182.034
48.88,2.72,260.74,0.0,344.116
50.04,2.79,280.98,0.0,484.085
50.88,3.37,290.7,0.0,591.554
49.69,4.08,285.13,0.0,650.011
45.26,3.74,298.83,0.0,669.648
39.14,2.37,301.22,0.0,628.352
47.15,2.29,299.64,0.0,556.153
55.67,3.05,274.26,0.0,153.841
38.44,1.78,231.16,0.0,133.71
19.76,1.48,183.46,0.0,87.9377
15.68,1.06,169.41,0.0,11.5253
16.93,1.21,161.88,0.0,0.0
14.72,0.57,162.1,0.0,0.0
14.47,0.36,0.0,0.0,0.0
15.52,0.36,0.0,0.0,0.0
12.56,0.0,0.0,0.0,0.0
10.07,0.0,0.0,0.0,0.0
10.27,0.0,0.0,0.0,0.0
11.12,0.0,0.0,0.0,0.0
10.21,0.0,0.0,0.0,0.0
9.76,0.0,0.0,0.0,0.0
17.01,0.5,171.1,0.0,0.0
21.71,0.79,165.04,0.0,55.1925
26.49,1.08,177.37,0.0,178.625
27.32,1.51,199.38,0.0,306.646
28.83,1.36,224.33,0.0,492.634
31.73,1.65,232.82,0.0,556.453
20.6,1.43,224.12,0.0,421.418
19.13,1.36,233.67,0.0,593.744
15.13,1.08,219.14,0.0,545.122
12.56,0.93,200.63,0.0,420.387
13.86,1.0,199.57,0.0,440.219
11.96,0.5,166.76,0.0,318.017
9.45,0.5,109.92,0.0,149.13299999999998
9.32,0.0,97.1,0.0,19.778
10.09,0.0,0.0,0.0,0.0
9.4,0.0,0.0,0.0,0.0
9.69,0.0,0.0,0.0,0.0
9.61,0.0,0.0,0.0,0.0
9.21,0.0,0.0,0.0,0.0
8.36,0.0,0.0,0.0,0.0
8.91,0.0,0.0,0.0,0.0
10.07,0.0,0.0,0.0,0.0
10.38,0.0,0.0,0.0,0.0
11.16,0.0,0.0,0.0,0.0
13.95,0.29,0.0,0.0,0.0
14.29,0.29,54.74,0.0,52.8878
14.19,0.29,87.82,0.0,115.343
14.37,0.29,87.41,0.0,208.831
14.1,0.29,122.6,0.0,472.383
13.51,0.43,124.6,0.0,521.039
12.81,0.43,128.42,0.0,653.503
12.58,0.65,128.96,0.0,705.5419999999999
12.96,0.43,128.23,0.0,662.057
11.74,0.29,130.13,0.0,553.021
11.5,0.29,131.38,0.0,468.784
11.55,0.29,129.22,0.0,314.54400000000004
8.7,0.0,126.5,0.0,139.60299999999998
9.17,0.0,122.5,0.0,18.4697
9.67,0.0,45.64,0.0,0.0
9.41,0.0,60.12,0.0,0.0
8.84,0.0,0.0,0.0,0.0
8.87,0.0,31.29,0.0,0.0
8.47,0.0,0.0,0.0,0.0
12.33,0.0,0.0,0.0,0.0
12.13,0.0,32.3,0.0,0.0
12.83,0.0,0.0,0.0,0.0
12.72,0.0,0.0,0.0,0.0
12.79,0.0,129.86,0.0,0.0
16.95,0.5,186.21,0.0,0.0
26.98,1.36,211.57,0.0,53.2594
58.87,2.51,264.91,0.0,176.93900000000002
46.95,2.73,269.42,0.0,336.47900000000004
49.95,2.8,267.45,0.0,429.021
50.4,3.37,276.29,0.0,526.788
52.93,4.09,275.18,0.0,630.5419999999999
48.0,3.74,291.23,0.0,614.203
39.7,2.37,294.5,0.0,572.2080000000001
46.71,2.29,281.72,0.0,445.497
54.79,3.05,268.61,0.0,301.582
38.0,1.78,232.08,0.0,124.802
19.32,1.49,196.56,0.0,54.6455
16.94,1.06,183.99,0.0,2.71366
15.31,1.21,180.28,0.0,0.0
12.89,0.57,173.75,0.0,0.0
15.72,0.36,0.0,0.0,0.0
16.82,0.36,0.0,0.0,0.0
13.3,0.0,0.0,0.0,0.0
12.44,0.0,0.0,0.0,0.0
12.74,0.0,0.0,0.0,0.0
13.74,0.0,0.0,0.0,0.0
14.21,0.0,0.0,0.0,0.0
12.94,0.0,65.52,0.0,0.0
16.98,0.5,183.94,0.0,0.0
29.63,1.36,198.59,0.0,51.6337
68.14,2.51,248.14,0.0,171.113
60.44,2.73,252.54,0.0,318.165
58.02,2.8,265.35,0.0,427.014
55.06,3.37,278.74,0.0,469.144
59.42,4.09,273.8,0.0,452.836
54.48,3.75,291.74,0.0,477.346
54.55,2.37,287.92,0.0,438.927
58.02,2.29,261.01,0.0,215.546
61.64,3.06,230.5,0.0,109.718
45.69,1.78,201.98,0.0,19.5075
21.24,1.49,172.82,0.0,9.98892
18.68,1.06,166.63,0.0,0.0
17.55,1.21,161.73,0.0,0.0
15.85,0.57,161.94,0.0,0.0
14.99,0.36,0.0,0.0,0.0
15.7,0.36,0.0,0.0,0.0
12.64,0.0,0.0,0.0,0.0
12.59,0.0,0.0,0.0,0.0
12.05,0.0,0.0,0.0,0.0
13.52,0.0,0.0,0.0,0.0
14.59,0.0,0.0,0.0,0.0
15.46,0.0,64.22,0.0,0.0
19.16,0.5,172.48,0.0,0.0
33.26,1.36,180.24,0.0,22.0911
70.91,2.51,211.62,0.0,78.9733
60.44,2.73,202.82,0.0,114.613
54.85,2.8,200.02,0.0,168.942
60.33,3.38,202.06,0.0,157.197
56.19,4.09,208.23,0.0,151.999
56.19,3.75,218.51,0.0,236.882
46.24,2.37,215.85,0.0,218.802
50.83,2.3,214.37,0.0,132.309
56.62,3.06,217.48,0.0,97.9406
40.7,1.79,203.11,0.0,122.243
19.99,1.49,170.87,0.0,64.4606
16.54,1.06,167.85,0.0,6.00705
16.33,1.21,166.02,0.0,0.0
13.54,0.57,165.14,0.0,0.0
15.29,0.36,0.0,0.0,0.0
15.45,0.36,0.0,0.0,0.0
12.61,0.0,0.0,0.0,0.0
11.87,0.0,0.0,0.0,0.0
13.3,0.0,0.0,0.0,0.0
14.3,0.0,0.0,0.0,0.0
14.79,0.0,0.0,0.0,0.0
13.23,0.0,0.0,0.0,0.0
17.76,0.5,182.67,0.0,0.0
28.59,1.37,159.67,0.0,0.0
53.43,2.52,182.73,0.0,13.2891
44.85,2.73,173.61,0.0,21.3704
41.4,2.8,170.72,0.0,46.1958
49.68,3.38,174.27,0.0,93.2408
53.54,4.1,176.79,0.0,129.07
51.93,3.75,187.88,0.0,234.673
47.31,2.37,185.42,0.0,186.404
46.0,2.3,189.3,0.0,168.22099999999998
43.23,3.06,192.42,0.0,175.009
32.69,1.79,175.53,0.0,169.28400000000002
17.36,1.49,150.6,0.0,77.4836
16.84,1.06,146.85,0.0,6.88657
15.29,1.21,143.54,0.0,0.0
14.37,0.57,137.6,0.0,0.0
15.44,0.36,0.0,0.0,0.0
16.08,0.36,0.0,0.0,0.0
11.5,0.0,0.0,0.0,0.0
12.76,0.0,0.0,0.0,0.0
12.38,0.0,0.0,0.0,0.0
11.22,0.0,0.0,0.0,0.0
11.98,0.0,0.0,0.0,0.0
11.96,0.0,0.0,0.0,0.0
13.21,0.5,157.72,0.0,0.0
25.96,1.37,143.63,0.0,32.4072
61.59,2.52,167.14,0.0,102.293
50.98,2.73,168.17,0.0,129.283
42.69,2.81,176.15,0.0,217.541
44.58,3.38,188.1,0.0,283.39
51.15,4.1,190.79,0.0,247.55
49.88,3.75,194.55,0.0,253.301
47.0,2.38,197.87,0.0,348.241
49.91,2.3,207.11,0.0,393.334
57.26,3.06,213.12,0.0,340.148
46.48,1.79,195.39,0.0,243.917
22.3,1.49,159.94,0.0,137.697
18.88,1.06,143.83,0.0,15.9616
19.46,1.21,138.99,0.0,0.0
16.85,0.57,137.48,0.0,0.0
16.45,0.36,0.0,0.0,0.0
17.58,0.36,0.0,0.0,0.0
13.3,0.0,0.0,0.0,0.0
10.69,0.0,0.0,0.0,0.0
11.6,0.0,0.0,0.0,0.0
11.6,0.0,0.0,0.0,0.0
11.06,0.0,0.0,0.0,0.0
10.23,0.0,0.0,0.0,0.0
16.02,0.5,156.9,0.0,0.0
21.85,0.79,142.63,0.0,43.7597
25.56,1.08,141.94,0.0,131.572
25.29,1.51,148.02,0.0,247.512
23.98,1.37,171.6,0.0,430.665
25.5,1.66,203.07,0.0,566.911
17.12,1.44,204.19,0.0,533.604
15.71,1.37,208.11,0.0,618.5419999999999
14.07,1.08,212.96,0.0,579.181
15.43,0.94,196.42,0.0,336.665
17.41,1.01,177.06,0.0,337.041
14.14,0.5,156.78,0.0,283.275
12.03,0.5,96.81,0.0,124.853
9.52,0.0,40.92,0.0,12.9223
8.41,0.0,0.0,0.0,0.0
9.52,0.0,0.0,0.0,0.0
9.33,0.0,0.0,0.0,0.0
9.44,0.0,0.0,0.0,0.0
8.56,0.0,0.0,0.0,0.0
9.84,0.0,0.0,0.0,0.0
10.03,0.0,0.0,0.0,0.0
9.83,0.0,0.0,0.0,0.0
9.51,0.0,0.0,0.0,0.0
8.75,0.0,0.0,0.0,0.0
11.14,0.29,0.0,0.0,0.0
12.51,0.29,132.73,0.0,47.6604
11.21,0.29,147.23,0.0,177.52900000000002
11.16,0.29,98.16,0.0,355.694
12.22,0.29,146.04,0.0,487.5630000000001
12.56,0.43,144.11,0.0,572.88
12.64,0.43,99.01,0.0,669.586
12.86,0.65,145.06,0.0,662.336
12.73,0.43,142.7,0.0,687.638
13.16,0.29,99.53,0.0,621.735
14.25,0.29,151.11,0.0,495.276
13.64,0.29,141.84,0.0,333.201
11.07,0.0,92.55,0.0,143.745
11.0,0.0,120.41,0.0,13.7045
10.82,0.0,75.68,0.0,0.0
11.6,0.0,41.39,0.0,0.0
11.6,0.0,13.78,0.0,0.0
11.6,0.0,0.0,0.0,0.0
11.6,0.0,0.0,0.0,0.0
15.46,0.0,0.0,0.0,0.0
15.14,0.0,0.0,0.0,0.0
14.87,0.0,0.0,0.0,0.0
14.43,0.0,0.0,0.0,0.0
14.97,0.0,70.37,0.0,0.0
19.16,0.5,196.28,0.0,0.0
33.26,1.37,218.52,0.0,46.6717
70.91,2.52,270.6,0.0,177.485
60.44,2.74,267.05,0.0,318.576
53.07,2.81,267.86,0.0,313.646
56.45,3.39,242.43,0.0,478.514
59.89,4.11,235.07,0.0,233.887
62.45,3.76,223.6,0.0,90.8012
58.02,2.38,220.9,0.0,313.062
58.02,2.3,253.04,0.0,478.825
57.15,3.07,268.57,0.0,396.185
41.74,1.8,224.14,0.0,274.899
20.65,1.49,185.66,0.0,117.231
17.63,1.06,178.19,0.0,11.075
15.78,1.21,175.46,0.0,0.0
13.26,0.58,176.45,0.0,0.0
13.17,0.36,0.0,0.0,0.0
16.13,0.36,0.0,0.0,0.0
12.12,0.0,0.0,0.0,0.0
13.39,0.0,0.0,0.0,0.0
12.04,0.0,0.0,0.0,0.0
12.3,0.0,0.0,0.0,0.0
12.71,0.0,0.0,0.0,0.0
12.98,0.0,62.01,0.0,0.0
16.17,0.51,174.84,0.0,0.0
24.66,1.37,202.75,0.0,38.1878
57.73,2.53,252.76,0.0,166.66
51.53,2.74,253.7,0.0,331.281
43.69,2.82,262.06,0.0,393.286
52.28,3.39,268.65,0.0,518.961
47.82,4.11,259.24,0.0,672.73
46.72,3.77,272.25,0.0,501.3130000000001
43.72,2.38,271.1,0.0,331.76199999999994
45.68,2.3,276.1,0.0,595.442
46.87,3.07,282.66,0.0,500.562
39.7,1.81,254.84,0.0,333.468
19.83,1.48,215.65,0.0,143.72299999999998
16.45,1.05,181.92,0.0,12.6384
14.87,1.2,166.33,0.0,0.0
15.01,0.58,163.7,0.0,0.0
14.86,0.36,0.0,0.0,0.0
15.14,0.36,0.0,0.0,0.0
12.69,0.0,0.0,0.0,0.0
11.42,0.0,0.0,0.0,0.0
11.86,0.0,0.0,0.0,0.0
11.77,0.0,0.0,0.0,0.0
12.1,0.0,0.0,0.0,0.0
13.53,0.0,62.78,0.0,0.0
16.56,0.51,175.99,0.0,0.0
30.19,1.37,206.95,0.0,43.2681
65.18,2.53,260.6,0.0,173.234
49.49,2.75,260.42,0.0,335.444
43.8,2.82,233.07,0.0,485.651
42.38,3.4,214.64,0.0,305.189
48.92,4.11,206.38,0.0,189.928
55.4,3.78,237.7,0.0,543.341
52.1,2.38,243.79,0.0,519.658
50.66,2.3,252.6,0.0,450.30300000000005
46.79,3.08,266.78,0.0,373.422
40.1,1.82,234.9,0.0,252.05900000000003
21.13,1.47,204.03,0.0,134.569
18.52,1.05,182.11,0.0,7.90115
16.6,1.2,172.48,0.0,0.0
13.59,0.57,168.56,0.0,0.0
13.43,0.36,0.0,0.0,0.0
16.32,0.36,0.0,0.0,0.0
11.88,0.0,0.0,0.0,0.0
12.42,0.0,0.0,0.0,0.0
11.93,0.0,0.0,0.0,0.0
11.71,0.0,0.0,0.0,0.0
13.14,0.0,0.0,0.0,0.0
11.66,0.0,64.83,0.0,0.0
13.69,0.51,183.16,0.0,0.0
28.08,1.37,211.41,0.0,39.1471
54.21,2.53,259.81,0.0,173.995
43.84,2.75,261.19,0.0,353.892
42.36,2.82,267.35,0.0,473.535
44.25,3.4,235.82,0.0,431.311
52.44,4.11,219.93,0.0,210.93400000000003
57.26,3.78,244.71,0.0,409.617
49.62,2.38,264.35,0.0,631.982
43.88,2.3,274.38,0.0,530.64
49.83,3.08,268.76,0.0,313.559
41.7,1.83,223.6,0.0,147.934
19.64,1.46,183.1,0.0,59.1942
18.16,1.04,170.31,0.0,1.9803
19.3,1.19,165.08,0.0,0.0
15.59,0.57,161.96,0.0,0.0
14.12,0.36,0.0,0.0,0.0
16.25,0.36,0.0,0.0,0.0
13.79,0.0,0.0,0.0,0.0
12.18,0.0,0.0,0.0,0.0
13.65,0.0,0.0,0.0,0.0
14.64,0.0,0.0,0.0,0.0
13.58,0.0,0.0,0.0,0.0
14.5,0.0,61.6,0.0,0.0
19.01,0.51,173.83,0.0,0.0
30.55,1.38,200.47,0.0,38.5502
68.87,2.53,242.34,0.0,172.76
52.53,2.75,236.87,0.0,324.607
54.31,2.82,226.77,0.0,475.907
50.53,3.4,227.38,0.0,502.372
56.23,4.11,215.2,0.0,143.58100000000002
53.39,3.79,223.26,0.0,275.709
50.02,2.38,243.89,0.0,401.778
46.02,2.31,256.27,0.0,444.997
53.99,3.08,247.35,0.0,287.015
37.79,1.83,209.5,0.0,257.092
20.49,1.46,175.38,0.0,114.318
19.21,1.04,166.46,0.0,5.35621
18.5,1.19,160.47,0.0,0.0
16.6,0.57,158.47,0.0,0.0
17.36,0.36,0.0,0.0,0.0
16.89,0.36,0.0,0.0,0.0
13.07,0.0,0.0,0.0,0.0
8.54,0.0,0.0,0.0,0.0
7.82,0.0,0.0,0.0,0.0
8.69,0.0,0.0,0.0,0.0
8.55,0.0,0.0,0.0,0.0
7.99,0.0,0.0,0.0,0.0
13.44,0.51,177.16,0.0,0.0
20.87,0.8,185.68,0.0,39.5092
23.2,1.09,200.79,0.0,174.03799999999998
25.92,1.52,207.04,0.0,332.06800000000004
24.64,1.38,217.76,0.0,479.972
26.78,1.67,197.48,0.0,582.695
19.81,1.45,190.0,0.0,508.755
17.09,1.38,186.28,0.0,386.432
14.11,1.09,192.92,0.0,441.18
14.32,0.94,200.83,0.0,478.546
16.01,1.01,191.43,0.0,362.514
14.43,0.51,163.92,0.0,155.084
11.63,0.51,0.0,0.0,61.2403
8.43,0.0,0.0,0.0,1.18488
9.13,0.0,0.0,0.0,0.0
9.29,0.0,0.0,0.0,0.0
8.26,0.0,0.0,0.0,0.0
9.51,0.0,0.0,0.0,0.0
8.37,0.0,0.0,0.0,0.0
9.08,0.0,0.0,0.0,0.0
9.12,0.0,0.0,0.0,0.0
9.28,0.0,0.0,0.0,0.0
9.33,0.0,0.0,0.0,0.0
10.0,0.0,0.0,0.0,0.0
12.75,0.29,0.0,0.0,0.0
13.56,0.29,123.53,0.0,42.6263
14.04,0.29,141.6,0.0,171.17700000000002
14.34,0.29,97.87,0.0,346.745
14.37,0.29,145.73,0.0,476.24
14.37,0.44,143.16,0.0,613.298
13.02,0.44,97.7,0.0,667.3969999999999
13.26,0.65,150.9,0.0,687.86
12.44,0.44,146.75,0.0,658.1360000000001
12.88,0.29,95.48,0.0,592.487
11.47,0.29,132.8,0.0,329.927
11.95,0.29,123.05,0.0,180.531
10.43,0.0,53.71,0.0,76.3742
11.34,0.0,27.05,0.0,2.94103
10.52,0.0,0.0,0.0,0.0
10.58,0.0,0.0,0.0,0.0
10.11,0.0,0.0,0.0,0.0
8.95,0.0,0.0,0.0,0.0
9.5,0.0,0.0,0.0,0.0
13.79,0.0,0.0,0.0,0.0
13.67,0.0,0.0,0.0,0.0
12.61,0.0,0.0,0.0,0.0
13.32,0.0,0.0,0.0,0.0
14.4,0.0,58.17,0.0,0.0
17.17,0.51,161.83,0.0,0.0
29.35,1.38,195.02,0.0,47.2671
55.29,2.54,259.39,0.0,173.58
46.39,2.76,267.57,0.0,346.626
44.93,2.83,273.97,0.0,491.581
50.02,3.41,276.49,0.0,600.75
51.17,4.13,267.23,0.0,653.0840000000001
49.71,3.8,278.85,0.0,669.867
50.19,2.39,281.97,0.0,642.1669999999999
47.62,2.32,264.81,0.0,214.629
50.73,3.09,250.88,0.0,226.462
37.37,1.83,230.22,0.0,284.686
19.17,1.48,205.31,0.0,121.609
14.56,1.05,183.44,0.0,5.2187
15.31,1.2,176.44,0.0,0.0
16.34,0.58,170.37,0.0,0.0
17.72,0.36,0.0,0.0,0.0
16.36,0.36,0.0,0.0,0.0
13.47,0.0,0.0,0.0,0.0
14.54,0.0,0.0,0.0,0.0
15.46,0.0,0.0,0.0,0.0
15.46,0.0,0.0,0.0,0.0
15.46,0.0,0.0,0.0,0.0
14.97,0.0,63.09,0.0,0.0
17.1,0.51,179.99,0.0,0.0
26.76,1.38,208.54,0.0,44.5608
60.24,2.55,267.35,0.0,174.171
45.42,2.76,275.51,0.0,342.259
47.9,2.84,275.44,0.0,408.29
51.2,3.42,277.96,0.0,444.225
56.93,4.12,276.19,0.0,504.943
56.51,3.81,289.72,0.0,585.381
50.21,2.39,281.7,0.0,381.344
46.08,2.31,246.7,0.0,300.43
50.36,3.1,240.66,0.0,163.295
44.33,1.85,216.88,0.0,6.6696100000000005
23.05,1.45,177.1,0.0,0.0
18.65,1.04,171.56,0.0,0.0
18.49,1.19,170.64,0.0,0.0
15.22,0.57,172.18,0.0,0.0
14.69,0.36,0.0,0.0,0.0
15.53,0.36,0.0,0.0,0.0
12.44,0.0,0.0,0.0,0.0
11.29,0.0,0.0,0.0,0.0
11.11,0.0,0.0,0.0,0.0
12.85,0.0,0.0,0.0,0.0
13.57,0.0,0.0,0.0,0.0
13.71,0.0,64.99,0.0,0.0
18.18,0.51,186.96,0.0,0.0
30.49,1.38,211.91,0.0,44.3755
61.43,2.55,252.22,0.0,176.84099999999998
51.87,2.77,232.99,0.0,295.914
46.73,2.84,203.47,0.0,324.301
51.17,3.42,198.4,0.0,370.901
53.81,4.12,207.95,0.0,220.127
58.73,3.82,230.24,0.0,523.342
51.85,2.39,247.64,0.0,405.056
47.42,2.33,260.94,0.0,420.285
54.11,3.1,257.72,0.0,304.955
40.03,1.83,205.21,0.0,168.13099999999997
18.99,1.46,166.42,0.0,64.9502
17.88,1.09,160.6,0.0,1.25015
16.53,1.24,155.88,0.0,0.0
15.59,0.58,153.11,0.0,0.0
15.79,0.36,0.0,0.0,0.0
16.06,0.36,0.0,0.0,0.0
13.65,0.0,0.0,0.0,0.0
11.84,0.0,0.0,0.0,0.0
10.64,0.0,0.0,0.0,0.0
11.08,0.0,0.0,0.0,0.0
12.9,0.0,0.0,0.0,0.0
14.13,0.0,0.0,0.0,0.0
16.79,0.51,173.37,0.0,0.0
29.42,1.39,184.82,0.0,44.3583
63.83,2.55,243.1,0.0,179.729
58.56,2.77,244.81,0.0,366.24300000000005
57.66,2.84,253.61,0.0,486.294
60.44,3.43,261.64,0.0,638.918
61.69,4.15,256.95,0.0,617.22
62.45,3.82,263.66,0.0,595.7230000000001
57.39,2.4,253.45,0.0,553.116
58.02,2.32,252.07,0.0,391.904
61.64,3.11,252.97,0.0,285.456
48.93,1.85,221.02,0.0,203.398
23.31,1.47,173.37,0.0,85.7634
20.77,1.05,156.19,0.0,2.17777
20.77,1.2,153.95,0.0,0.0
19.16,0.58,151.45,0.0,0.0
17.46,0.36,0.0,0.0,0.0
16.87,0.36,0.0,0.0,0.0
13.4,0.0,0.0,0.0,0.0
13.48,0.0,0.0,0.0,0.0
12.97,0.0,0.0,0.0,0.0
11.32,0.0,0.0,0.0,0.0
13.31,0.0,0.0,0.0,0.0
12.87,0.0,56.04,0.0,0.0
16.72,0.51,165.43,0.0,0.0
25.11,1.39,177.42,0.0,36.4348
60.21,2.56,218.57,0.0,117.742
50.15,2.78,219.68,0.0,169.167
45.17,2.85,227.54,0.0,170.96099999999998
46.46,3.43,234.61,0.0,167.726
47.33,4.13,237.38,0.0,238.952
54.21,3.83,260.57,0.0,444.087
52.03,2.39,254.82,0.0,308.67900000000003
46.59,2.34,260.74,0.0,444.427
52.67,3.11,252.99,0.0,285.66900000000004
45.43,1.84,214.71,0.0,165.183
24.0,1.46,172.05,0.0,62.8352
20.77,1.09,161.62,0.0,0.4531739999999999
19.21,1.24,160.19,0.0,0.0
18.26,0.58,163.48,0.0,0.0
16.3,0.37,0.0,0.0,0.0
16.78,0.37,0.0,0.0,0.0
13.74,0.0,0.0,0.0,0.0
8.98,0.0,0.0,0.0,0.0
8.84,0.0,0.0,0.0,0.0
8.02,0.0,0.0,0.0,0.0
9.22,0.0,0.0,0.0,0.0
9.43,0.0,0.0,0.0,0.0
14.74,0.51,192.39,0.0,0.0
18.63,0.8,194.9,0.0,42.3697
23.9,1.1,195.05,0.0,123.378
27.68,1.54,197.94,0.0,295.053
25.1,1.39,168.37,0.0,169.572
27.73,1.68,174.65,0.0,366.655
17.98,1.46,183.59,0.0,456.427
18.25,1.39,187.8,0.0,498.317
16.54,1.1,197.87,0.0,559.175
14.93,0.95,197.42,0.0,363.646
14.21,1.02,194.84,0.0,345.492
13.71,0.51,165.88,0.0,238.405
10.76,0.51,88.15,0.0,97.6768
8.49,0.0,39.26,0.0,2.75811
9.37,0.0,0.0,0.0,0.0
8.27,0.0,0.0,0.0,0.0
9.54,0.0,0.0,0.0,0.0
9.75,0.0,0.0,0.0,0.0
8.6,0.0,0.0,0.0,0.0
8.35,0.0,0.0,0.0,0.0
8.87,0.0,0.0,0.0,0.0
8.01,0.0,0.0,0.0,0.0
8.64,0.0,0.0,0.0,0.0
9.13,0.0,0.0,0.0,0.0
11.06,0.29,0.0,0.0,0.0
10.03,0.29,0.0,0.0,25.52
10.97,0.29,42.49,0.0,88.2887
9.92,0.29,133.46,0.0,277.54
11.3,0.29,135.48,0.0,515.1990000000001
10.65,0.44,138.79,0.0,568.376
9.63,0.44,136.53,0.0,575.665
10.48,0.66,137.4,0.0,509.49
9.81,0.44,131.2,0.0,391.185
10.85,0.29,124.66,0.0,363.082
11.83,0.29,125.73,0.0,395.67800000000005
11.98,0.29,117.82,0.0,264.087
8.94,0.0,106.5,0.0,97.8853
8.08,0.0,78.96,0.0,1.88695
8.91,0.0,28.75,0.0,0.0
8.58,0.0,20.73,0.0,0.0
8.95,0.0,42.14,0.0,0.0
8.7,0.0,0.0,0.0,0.0
7.91,0.0,0.0,0.0,0.0
12.6,0.0,29.72,0.0,0.0
11.37,0.0,0.0,0.0,0.0
11.86,0.0,0.0,0.0,0.0
11.35,0.0,0.0,0.0,0.0
12.12,0.0,133.66,0.0,0.0
13.56,0.51,182.61,0.0,0.0
27.81,1.39,203.55,0.0,41.9038
55.94,2.57,258.42,0.0,177.858
45.66,2.79,273.19,0.0,358.591
49.67,2.86,287.87,0.0,513.4630000000001
48.88,3.45,295.92,0.0,627.464
46.14,4.16,291.83,0.0,695.704
42.46,3.84,302.62,0.0,706.2389999999999
38.49,2.41,295.06,0.0,671.637
41.1,2.34,296.53,0.0,585.746
48.52,3.13,298.77,0.0,476.381
35.8,1.86,256.53,0.0,305.632
16.3,1.46,207.74,0.0,115.362
17.48,1.04,173.8,0.0,2.23359
15.95,1.19,165.64,0.0,0.0
16.27,0.58,164.07,0.0,0.0
16.95,0.37,0.0,0.0,0.0
18.09,0.37,0.0,0.0,0.0
15.46,0.0,0.0,0.0,0.0
15.46,0.0,0.0,0.0,0.0
14.81,0.0,0.0,0.0,0.0
15.46,0.0,0.0,0.0,0.0
15.46,0.0,0.0,0.0,0.0
15.46,0.0,63.99,0.0,0.0
18.64,0.51,177.8,0.0,0.0
32.78,1.4,196.08,0.0,41.9049
70.91,2.57,254.07,0.0,176.856
54.78,2.79,267.81,0.0,359.69
50.33,2.87,278.94,0.0,515.439
51.85,3.45,283.11,0.0,626.318
51.82,4.15,275.6,0.0,693.882
46.89,3.84,289.05,0.0,699.4680000000001
43.32,2.42,289.81,0.0,670.065
46.84,2.35,294.54,0.0,594.005
54.12,3.13,299.93,0.0,467.872
45.92,1.84,260.14,0.0,299.645
23.26,1.51,214.88,0.0,107.661
20.77,1.08,182.64,0.0,1.78404
20.65,1.23,172.01,0.0,0.0
19.16,0.59,168.13,0.0,0.0
17.87,0.37,0.0,0.0,0.0
19.11,0.37,0.0,0.0,0.0
15.46,0.0,0.0,0.0,0.0
15.46,0.0,0.0,0.0,0.0
15.0,0.0,0.0,0.0,0.0
13.77,0.0,0.0,0.0,0.0
13.53,0.0,0.0,0.0,0.0
12.44,0.0,118.57,0.0,0.0
16.16,0.52,167.48,0.0,0.0
25.16,1.4,188.72,0.0,42.4149
51.85,2.58,247.23,0.0,179.893
44.87,2.8,261.26,0.0,359.796
44.02,2.87,274.59,0.0,519.364
49.64,3.46,280.12,0.0,621.268
47.36,4.16,273.19,0.0,683.8580000000001
54.02,3.86,289.96,0.0,704.827
48.24,2.41,295.3,0.0,663.942
52.56,2.36,302.92,0.0,583.105
50.4,3.14,308.32,0.0,458.4
41.57,1.84,266.12,0.0,292.407
19.71,1.51,218.84,0.0,103.804
17.84,1.09,189.43,0.0,0.968144
16.31,1.24,183.63,0.0,0.0
14.65,0.59,181.04,0.0,0.0
14.89,0.37,0.0,0.0,0.0
16.06,0.37,0.0,0.0,0.0
11.75,0.0,0.0,0.0,0.0
10.8,0.0,0.0,0.0,0.0
10.25,0.0,0.0,0.0,0.0
12.09,0.0,0.0,0.0,0.0
13.56,0.0,0.0,0.0,0.0
14.4,0.0,124.07,0.0,0.0
16.83,0.52,175.48,0.0,0.0
26.88,1.4,196.53,0.0,42.0882
57.67,2.58,252.22,0.0,179.40599999999998
53.4,2.8,262.45,0.0,349.94
44.83,2.87,274.22,0.0,495.075
52.95,3.46,280.82,0.0,606.276
56.47,4.17,273.31,0.0,665.3380000000001
50.2,3.86,287.94,0.0,684.297
51.2,2.42,295.33,0.0,654.8480000000001
50.29,2.35,300.52,0.0,525.212
57.87,3.14,284.91,0.0,285.803
47.84,1.85,231.68,0.0,49.0128
23.86,1.5,190.73,0.0,15.1797
20.3,1.1,176.8,0.0,0.0
20.77,1.25,166.07,0.0,0.0
18.53,0.59,156.3,0.0,0.0
18.56,0.37,0.0,0.0,0.0
17.18,0.37,0.0,0.0,0.0
12.52,0.0,0.0,0.0,0.0
10.01,0.0,0.0,0.0,0.0
9.93,0.0,0.0,0.0,0.0
9.03,0.0,0.0,0.0,0.0
8.1,0.0,0.0,0.0,0.0
7.87,0.0,0.0,0.0,0.0
10.96,0.3,0.0,0.0,0.0
12.54,0.3,121.52,0.0,43.0139
11.0,0.3,138.77,0.0,176.96099999999998
12.58,0.3,96.27,0.0,355.05800000000005
11.04,0.3,150.91,0.0,473.273
9.96,0.44,154.17,0.0,595.314
10.67,0.44,105.45,0.0,655.743
9.96,0.66,158.85,0.0,678.6360000000001
10.18,0.44,144.57,0.0,517.056
10.85,0.3,86.16,0.0,60.3019
11.12,0.3,81.95,0.0,63.427
12.38,0.3,90.46,0.0,98.9255
8.67,0.0,37.13,0.0,31.7911
9.01,0.0,0.0,0.0,0.0
8.41,0.0,22.26,0.0,0.0
9.72,0.0,0.0,0.0,0.0
8.83,0.0,0.0,0.0,0.0
8.52,0.0,0.0,0.0,0.0
9.82,0.0,0.0,0.0,0.0
10.2,0.0,0.0,0.0,0.0
11.08,0.0,0.0,0.0,0.0
9.89,0.0,0.0,0.0,0.0
10.83,0.0,0.0,0.0,0.0
11.14,0.0,63.33,0.0,0.0
16.74,0.52,183.05,0.0,0.0
21.0,0.81,193.17,0.0,44.0704
25.62,1.11,196.41,0.0,162.734
26.87,1.55,194.7,0.0,238.631
26.03,1.4,202.17,0.0,306.185
27.06,1.7,219.44,0.0,473.758
19.38,1.48,227.34,0.0,583.85
16.63,1.4,231.89,0.0,675.8380000000001
13.9,1.11,208.84,0.0,605.003
13.26,0.96,172.34,0.0,255.872
14.29,1.04,161.86,0.0,86.4757
13.11,0.52,160.17,0.0,65.8951
12.62,0.52,0.0,0.0,20.2064
10.47,0.0,0.0,0.0,0.0
10.38,0.0,0.0,0.0,0.0
10.36,0.0,0.0,0.0,0.0
9.83,0.0,0.0,0.0,0.0
10.47,0.0,0.0,0.0,0.0
10.66,0.0,0.0,0.0,0.0
10.52,0.0,0.0,0.0,0.0
10.49,0.0,0.0,0.0,0.0
10.93,0.0,0.0,0.0,0.0
9.91,0.0,0.0,0.0,0.0
9.64,0.0,0.0,0.0,0.0
11.77,0.3,0.0,0.0,0.0
11.34,0.3,107.7,0.0,41.959
10.33,0.3,137.11,0.0,118.049
11.8,0.3,14.3,0.0,6.08395
10.42,0.3,0.0,0.0,48.4516
10.52,0.44,0.0,0.0,34.2565
9.95,0.44,0.0,0.0,90.4156
12.17,0.67,47.55,0.0,209.173
11.99,0.44,93.17,0.0,365.912
13.21,0.3,109.0,0.0,371.144
13.79,0.3,83.32,0.0,246.672
14.37,0.3,70.89,0.0,139.27100000000002
11.44,0.0,0.0,0.0,45.1927
11.6,0.0,0.0,0.0,0.0
10.51,0.0,0.0,0.0,0.0
9.95,0.0,0.0,0.0,0.0
9.21,0.0,0.0,0.0,0.0
9.19,0.0,0.0,0.0,0.0
9.59,0.0,0.0,0.0,0.0
11.84,0.0,0.0,0.0,0.0
12.69,0.0,0.0,0.0,0.0
13.27,0.0,0.0,0.0,0.0
12.13,0.0,0.0,0.0,0.0
12.89,0.0,60.41,0.0,0.0
14.13,0.52,166.68,0.0,0.0
25.02,1.41,181.72,0.0,39.2909
49.14,2.6,249.13,0.0,175.16099999999997
50.46,2.82,254.54,0.0,354.416
50.33,2.89,259.0,0.0,393.676
50.64,3.49,262.88,0.0,535.635
47.58,4.2,254.43,0.0,670.813
46.9,3.89,275.54,0.0,685.1619999999999
44.24,2.43,279.58,0.0,583.547
48.85,2.38,272.34,0.0,511.41
54.04,3.16,259.89,0.0,322.98900000000003
42.41,1.85,211.24,0.0,123.614
21.44,1.54,168.45,0.0,36.6881
18.27,1.09,159.87,0.0,0.0
18.49,1.24,156.29,0.0,0.0
16.2,0.59,155.84,0.0,0.0
17.83,0.37,0.0,0.0,0.0
19.16,0.37,0.0,0.0,0.0
14.63,0.0,0.0,0.0,0.0
14.84,0.0,0.0,0.0,0.0
15.46,0.0,0.0,0.0,0.0
15.46,0.0,0.0,0.0,0.0
14.73,0.0,0.0,0.0,0.0
14.56,0.0,56.17,0.0,0.0
16.42,0.52,163.46,0.0,0.0
29.81,1.41,177.21,0.0,40.9155
62.6,2.6,235.43,0.0,178.207
49.46,2.82,238.93,0.0,318.298
46.71,2.9,236.91,0.0,285.434
48.81,3.49,245.1,0.0,330.341
47.72,4.2,244.24,0.0,458.767
55.15,3.89,256.31,0.0,674.939
45.6,2.45,252.16,0.0,467.807
48.49,2.38,249.64,0.0,341.991
55.91,3.17,257.7,0.0,417.24
44.95,1.86,221.28,0.0,289.599
20.89,1.52,173.37,0.0,95.0056
16.15,1.08,147.71,0.0,0.0
16.47,1.23,140.69,0.0,0.0
14.02,0.59,137.36,0.0,0.0
15.48,0.37,0.0,0.0,0.0
14.87,0.37,0.0,0.0,0.0
13.27,0.0,0.0,0.0,0.0
12.49,0.0,0.0,0.0,0.0
11.99,0.0,0.0,0.0,0.0
12.15,0.0,0.0,0.0,0.0
12.59,0.0,0.0,0.0,0.0
12.26,0.0,23.76,0.0,0.0
17.0,0.52,142.94,0.0,0.0
31.35,1.41,156.51,0.0,38.8698
59.07,2.61,219.86,0.0,181.165
52.0,2.83,234.05,0.0,353.744
48.63,2.9,245.24,0.0,515.28
50.78,3.5,254.37,0.0,632.549
51.85,4.21,250.12,0.0,705.9169999999999
45.65,3.89,261.94,0.0,711.072
48.45,2.46,263.47,0.0,682.837
49.42,2.38,269.42,0.0,599.382
50.63,3.17,267.55,0.0,414.131
41.57,1.88,228.9,0.0,239.656
18.58,1.51,189.06,0.0,100.171
18.21,1.07,161.18,0.0,0.0
19.0,1.22,153.3,0.0,0.0
18.91,0.59,150.87,0.0,0.0
19.16,0.37,0.0,0.0,0.0
19.02,0.37,0.0,0.0,0.0
15.46,0.0,0.0,0.0,0.0
15.46,0.0,0.0,0.0,0.0
15.07,0.0,0.0,0.0,0.0
15.46,0.0,0.0,0.0,0.0
15.46,0.0,0.0,0.0,0.0
14.89,0.0,57.67,0.0,0.0
17.22,0.52,161.24,0.0,0.0
28.11,1.42,179.74,0.0,39.4749
64.21,2.61,241.34,0.0,176.634
56.66,2.84,242.8,0.0,273.943
56.41,2.91,248.35,0.0,422.198
53.25,3.51,248.46,0.0,290.8
50.63,4.21,246.41,0.0,308.581
53.01,3.9,253.42,0.0,303.046
50.07,2.47,266.17,0.0,665.135
44.31,2.38,265.36,0.0,440.367
42.59,3.18,257.5,0.0,328.478
35.58,1.89,218.92,0.0,281.922
19.34,1.5,170.02,0.0,87.0663
16.76,1.07,144.34,0.0,0.0
15.02,1.22,135.29,0.0,0.0
15.02,0.59,130.81,0.0,0.0
16.78,0.37,0.0,0.0,0.0
16.88,0.37,0.0,0.0,0.0
13.72,0.0,0.0,0.0,0.0
13.76,0.0,0.0,0.0,0.0
12.21,0.0,0.0,0.0,0.0
12.02,0.0,0.0,0.0,0.0
12.1,0.0,0.0,0.0,0.0
13.04,0.0,26.74,0.0,0.0
17.67,0.52,159.14,0.0,0.0
28.58,1.42,177.06,0.0,38.8146
56.26,2.62,238.48,0.0,165.579
42.13,2.84,246.84,0.0,300.333
40.75,2.92,257.83,0.0,516.9490000000001
51.3,3.51,265.88,0.0,610.159
53.44,4.21,258.07,0.0,651.7769999999999
55.07,3.91,263.38,0.0,687.1289999999999
45.69,2.47,240.16,0.0,284.83
41.76,2.38,224.32,0.0,109.433
42.02,3.18,227.89,0.0,282.89
31.85,1.9,207.85,0.0,251.025
18.06,1.49,171.07,0.0,75.7193
14.51,1.06,158.95,0.0,0.0
15.06,1.21,156.9,0.0,0.0
13.19,0.58,153.02,0.0,0.0
15.8,0.37,0.0,0.0,0.0
15.93,0.37,0.0,0.0,0.0
11.47,0.0,0.0,0.0,0.0
8.57,0.0,0.0,0.0,0.0
9.04,0.0,0.0,0.0,0.0
9.7,0.0,0.0,0.0,0.0
8.73,0.0,0.0,0.0,0.0
9.12,0.0,0.0,0.0,0.0
16.41,0.52,164.77,0.0,0.0
22.64,0.82,165.37,0.0,38.2605
23.97,1.12,187.76,0.0,160.369
25.77,1.57,207.17,0.0,315.168
26.86,1.42,227.38,0.0,487.001
27.63,1.72,196.1,0.0,598.674
22.66,1.5,178.33,0.0,551.895
20.83,1.42,152.67,0.0,293.987
18.86,1.12,153.72,0.0,475.419
18.38,0.97,139.75,0.0,198.384
17.46,1.05,140.66,0.0,108.084
13.97,0.52,151.9,0.0,78.5411
12.14,0.52,0.0,0.0,21.104
9.88,0.0,0.0,0.0,0.0
10.63,0.0,0.0,0.0,0.0
9.99,0.0,0.0,0.0,0.0
10.94,0.0,0.0,0.0,0.0
11.57,0.0,0.0,0.0,0.0
10.66,0.0,0.0,0.0,0.0
10.15,0.0,0.0,0.0,0.0
10.52,0.0,0.0,0.0,0.0
10.8,0.0,0.0,0.0,0.0
9.56,0.0,0.0,0.0,0.0
10.15,0.0,0.0,0.0,0.0
11.3,0.3,0.0,0.0,0.0
10.46,0.3,53.17,0.0,37.3287
11.77,0.3,96.08,0.0,147.01
12.31,0.3,119.79,0.0,275.827
13.26,0.3,138.45,0.0,496.33
12.37,0.45,110.75,0.0,604.165
10.89,0.45,130.41,0.0,640.474
10.73,0.68,143.77,0.0,684.2810000000001
11.81,0.45,112.83,0.0,672.0169999999999
12.94,0.3,129.73,0.0,593.368
13.04,0.3,145.25,0.0,455.271
11.65,0.3,102.81,0.0,276.624
8.62,0.0,108.41,0.0,80.2372
9.02,0.0,93.03,0.0,0.0
8.13,0.0,13.14,0.0,0.0
9.18,0.0,0.0,0.0,0.0
9.62,0.0,0.0,0.0,0.0
9.47,0.0,0.0,0.0,0.0
10.41,0.0,0.0,0.0,0.0
12.98,0.0,0.0,0.0,0.0
11.76,0.0,0.0,0.0,0.0
13.27,0.0,0.0,0.0,0.0
13.62,0.0,0.0,0.0,0.0
12.24,0.0,61.36,0.0,0.0
15.54,0.53,177.25,0.0,0.0
27.75,1.43,189.16,0.0,37.9664
56.11,2.63,241.23,0.0,177.282
50.92,2.86,249.4,0.0,358.767
46.93,2.93,256.57,0.0,509.304
51.86,3.53,255.49,0.0,617.871
53.03,4.25,240.94,0.0,669.166
49.37,3.93,260.73,0.0,698.077
48.68,2.49,270.07,0.0,671.695
43.27,2.41,277.12,0.0,575.81
51.27,3.2,275.0,0.0,438.419
38.95,1.9,232.45,0.0,264.279
19.28,1.52,185.0,0.0,72.9856
16.94,1.08,161.11,0.0,0.0
15.9,1.23,156.84,0.0,0.0
16.13,0.59,153.7,0.0,0.0
15.83,0.38,0.0,0.0,0.0
15.64,0.38,0.0,0.0,0.0
12.0,0.0,0.0,0.0,0.0
11.5,0.0,0.0,0.0,0.0
10.68,0.0,0.0,0.0,0.0
12.34,0.0,0.0,0.0,0.0
13.71,0.0,0.0,0.0,0.0
11.96,0.0,60.93,0.0,0.0
13.83,0.53,157.14,0.0,0.0
28.44,1.43,173.44,0.0,37.0347
55.01,2.64,242.49,0.0,176.579
48.83,2.86,253.03,0.0,364.787
45.2,2.94,264.26,0.0,524.4830000000001
49.59,3.54,266.03,0.0,639.8580000000001
48.6,4.24,249.72,0.0,700.432
45.97,3.94,265.83,0.0,684.1310000000001
40.96,2.48,262.63,0.0,383.031
38.61,2.4,251.7,0.0,337.422
41.19,3.22,254.63,0.0,334.809
32.49,1.9,226.86,0.0,274.115
17.07,1.54,180.66,0.0,75.9192
15.33,1.12,155.82,0.0,0.0
14.47,1.27,150.44,0.0,0.0
15.55,0.6,150.03,0.0,0.0
17.06,0.38,0.0,0.0,0.0
16.03,0.38,0.0,0.0,0.0
11.75,0.0,0.0,0.0,0.0
12.84,0.0,0.0,0.0,0.0
12.58,0.0,0.0,0.0,0.0
12.24,0.0,0.0,0.0,0.0
11.08,0.0,0.0,0.0,0.0
12.14,0.0,59.45,0.0,0.0
13.85,0.53,169.51,0.0,0.0
23.56,1.43,191.48,0.0,35.4844
53.58,2.64,246.63,0.0,176.90900000000002
44.63,2.87,254.61,0.0,362.235
43.88,2.94,263.03,0.0,523.525
47.5,3.55,263.82,0.0,629.6519999999999
52.2,4.26,254.32,0.0,508.241
50.58,3.95,257.78,0.0,429.419
49.7,2.49,253.66,0.0,394.697
46.8,2.41,251.87,0.0,286.827
53.9,3.22,255.69,0.0,267.296
37.35,1.91,228.12,0.0,247.18
16.54,1.51,182.86,0.0,67.7118
13.95,1.13,164.94,0.0,0.0
15.22,1.28,161.48,0.0,0.0
14.24,0.6,160.44,0.0,0.0
15.02,0.38,0.0,0.0,0.0
16.09,0.38,0.0,0.0,0.0
12.84,0.0,0.0,0.0,0.0
13.51,0.0,0.0,0.0,0.0
11.81,0.0,0.0,0.0,0.0
13.39,0.0,0.0,0.0,0.0
12.87,0.0,0.0,0.0,0.0
14.25,0.0,61.14,0.0,0.0
16.98,0.53,172.41,0.0,0.0
28.2,1.44,189.46,0.0,37.332
61.57,2.65,246.04,0.0,176.1
51.43,2.87,217.25,0.0,307.085
51.11,2.95,206.55,0.0,352.509
56.5,3.56,209.8,0.0,191.49400000000003
56.17,4.28,225.22,0.0,458.818
61.25,3.96,252.38,0.0,503.511
57.92,2.5,240.77,0.0,331.635
58.02,2.42,219.12,0.0,185.721
59.88,3.22,204.87,0.0,98.7565
46.2,1.92,187.25,0.0,56.0185
20.67,1.51,158.03,0.0,11.6549
18.67,1.08,156.07,0.0,0.0
18.57,1.23,153.02,0.0,0.0
18.65,0.59,150.63,0.0,0.0
16.93,0.38,0.0,0.0,0.0
16.36,0.38,0.0,0.0,0.0
14.2,0.0,0.0,0.0,0.0
12.84,0.0,0.0,0.0,0.0
11.37,0.0,0.0,0.0,0.0
12.23,0.0,0.0,0.0,0.0
11.36,0.0,0.0,0.0,0.0
11.37,0.0,0.0,0.0,0.0
14.58,0.53,176.23,0.0,0.0
25.96,1.44,183.69,0.0,39.8905
62.84,2.65,242.46,0.0,174.696
49.06,2.88,248.65,0.0,292.196
47.72,2.96,253.45,0.0,338.896
50.88,3.56,255.73,0.0,458.506
57.08,4.26,241.51,0.0,346.18800000000005
61.84,3.97,249.2,0.0,338.244
56.44,2.49,241.36,0.0,285.25
57.22,2.44,246.8,0.0,361.207
61.03,3.24,241.53,0.0,253.96400000000003
47.17,1.9,204.02,0.0,118.639
21.69,1.55,168.78,0.0,27.9792
16.45,1.1,160.86,0.0,0.0
17.97,1.25,156.72,0.0,0.0
16.94,0.6,154.41,0.0,0.0
16.51,0.38,0.0,0.0,0.0
17.55,0.38,0.0,0.0,0.0
13.27,0.0,0.0,0.0,0.0
9.64,0.0,0.0,0.0,0.0
10.41,0.0,0.0,0.0,0.0
9.43,0.0,0.0,0.0,0.0
10.22,0.0,0.0,0.0,0.0
11.09,0.0,0.0,0.0,0.0
16.53,0.53,168.44,0.0,0.0
21.69,0.84,168.23,0.0,36.0592
27.26,1.14,176.25,0.0,132.114
27.77,1.6,190.25,0.0,281.91900000000004
27.81,1.44,206.21,0.0,395.216
28.75,1.75,221.77,0.0,468.986
19.69,1.52,228.0,0.0,641.55
19.1,1.44,226.09,0.0,632.2819999999999
15.98,1.14,220.88,0.0,518.259
13.72,0.99,221.15,0.0,536.2
15.48,1.06,210.25,0.0,375.947
13.02,0.53,174.07,0.0,140.929
11.27,0.53,0.0,0.0,33.012
9.0,0.0,0.0,0.0,0.0
9.01,0.0,0.0,0.0,0.0
8.05,0.0,0.0,0.0,0.0
9.59,0.0,0.0,0.0,0.0
10.4,0.0,0.0,0.0,0.0
10.76,0.0,0.0,0.0,0.0
9.93,0.0,0.0,0.0,0.0
10.62,0.0,0.0,0.0,0.0
11.04,0.0,0.0,0.0,0.0
11.6,0.0,0.0,0.0,0.0
11.48,0.0,0.0,0.0,0.0
14.37,0.3,0.0,0.0,0.0
14.13,0.3,101.37,0.0,37.5123
12.94,0.3,149.7,0.0,178.231
13.45,0.3,115.87,0.0,370.298
13.7,0.3,134.43,0.0,525.236
13.17,0.46,152.66,0.0,632.81
13.38,0.46,120.63,0.0,689.586
13.43,0.69,138.74,0.0,687.556
11.95,0.46,148.6,0.0,661.9580000000001
11.16,0.3,114.25,0.0,574.234
12.66,0.3,129.86,0.0,446.93
13.04,0.3,137.0,0.0,264.586
11.31,0.0,94.73,0.0,67.5569
10.63,0.0,66.62,0.0,0.0
10.07,0.0,51.68,0.0,0.0
9.6,0.0,13.2,0.0,0.0
9.36,0.0,46.61,0.0,0.0
10.14,0.0,0.0,0.0,0.0
10.75,0.0,0.0,0.0,0.0
14.33,0.0,14.65,0.0,0.0
15.24,0.0,14.36,0.0,0.0
14.35,0.0,0.0,0.0,0.0
14.5,0.0,0.0,0.0,0.0
13.34,0.0,60.84,0.0,0.0
15.55,0.53,171.97,0.0,0.0
25.66,1.45,189.53,0.0,38.0648
51.19,2.67,244.07,0.0,178.94400000000002
43.07,2.9,250.48,0.0,366.56
46.99,2.98,261.76,0.0,521.212
46.41,3.59,266.88,0.0,627.5880000000001
48.65,4.31,257.75,0.0,686.4780000000001
46.34,3.99,267.68,0.0,698.1139999999999
48.53,2.52,270.88,0.0,653.395
48.57,2.43,273.34,0.0,573.656
56.59,3.26,277.13,0.0,431.944
44.7,1.93,236.48,0.0,249.19
20.06,1.56,189.24,0.0,60.8562
16.26,1.13,163.1,0.0,0.0
17.96,1.29,153.79,0.0,0.0
15.37,0.61,150.47,0.0,0.0
15.28,0.38,0.0,0.0,0.0
14.86,0.38,0.0,0.0,0.0
10.83,0.0,0.0,0.0,0.0
11.51,0.0,0.0,0.0,0.0
12.15,0.0,0.0,0.0,0.0
11.34,0.0,0.0,0.0,0.0
11.88,0.0,0.0,0.0,0.0
11.45,0.0,55.0,0.0,0.0
14.71,0.54,161.73,0.0,0.0
25.09,1.45,188.63,0.0,37.9723
59.88,2.68,246.39,0.0,177.977
46.69,2.91,256.74,0.0,364.4380000000001
49.05,2.98,255.49,0.0,517.066
51.66,3.59,250.16,0.0,619.087
56.46,4.31,243.9,0.0,672.492
55.98,4.01,263.77,0.0,669.794
55.07,2.51,268.52,0.0,539.069
58.02,2.45,267.45,0.0,472.779
60.84,3.27,270.18,0.0,363.578
44.8,1.92,235.87,0.0,235.918
19.41,1.58,191.66,0.0,53.5917
14.91,1.12,173.27,0.0,0.0
16.12,1.27,167.65,0.0,0.0
15.19,0.61,163.6,0.0,0.0
15.14,0.38,0.0,0.0,0.0
15.57,0.38,0.0,0.0,0.0
12.21,0.0,0.0,0.0,0.0
10.81,0.0,0.0,0.0,0.0
12.44,0.0,0.0,0.0,0.0
11.79,0.0,0.0,0.0,0.0
12.02,0.0,0.0,0.0,0.0
11.31,0.0,54.35,0.0,0.0
14.94,0.54,153.32,0.0,0.0
26.34,1.46,169.92,0.0,37.4769
51.62,2.68,233.34,0.0,176.76
51.17,2.91,238.15,0.0,316.634
51.17,2.99,254.71,0.0,461.158
51.32,3.6,273.57,0.0,617.3580000000001
51.79,4.31,269.76,0.0,680.081
54.07,4.02,284.24,0.0,686.821
49.32,2.52,280.73,0.0,634.504
52.54,2.46,267.41,0.0,380.715
58.37,3.27,269.05,0.0,407.544
47.64,1.93,228.22,0.0,171.709
21.21,1.56,184.57,0.0,37.0118
19.3,1.11,167.73,0.0,0.0
19.02,1.26,161.53,0.0,0.0
16.87,0.6,159.02,0.0,0.0
17.31,0.38,0.0,0.0,0.0
16.86,0.38,0.0,0.0,0.0
14.08,0.0,0.0,0.0,0.0
12.55,0.0,0.0,0.0,0.0
11.57,0.0,0.0,0.0,0.0
12.3,0.0,0.0,0.0,0.0
11.17,0.0,0.0,0.0,0.0
10.53,0.0,55.99,0.0,0.0
14.65,0.54,157.36,0.0,0.0
22.81,1.46,177.37,0.0,38.113
50.59,2.69,241.43,0.0,175.74599999999998
49.5,2.92,253.79,0.0,356.978
42.35,3.0,265.99,0.0,512.682
46.87,3.61,266.95,0.0,614.491
51.33,4.31,259.74,0.0,663.3439999999999
54.83,4.03,258.22,0.0,695.697
45.55,2.53,228.68,0.0,330.838
43.86,2.46,199.15,0.0,53.737
48.67,3.28,223.22,0.0,172.64
40.9,1.94,220.93,0.0,231.871
21.03,1.54,176.13,0.0,48.8354
17.79,1.1,158.46,0.0,0.0
17.38,1.25,151.47,0.0,0.0
16.85,0.6,148.26,0.0,0.0
16.45,0.38,0.0,0.0,0.0
16.48,0.38,0.0,0.0,0.0
12.57,0.0,0.0,0.0,0.0
11.08,0.0,0.0,0.0,0.0
11.13,0.0,0.0,0.0,0.0
11.97,0.0,0.0,0.0,0.0
12.45,0.0,0.0,0.0,0.0
13.91,0.0,0.0,0.0,0.0
15.08,0.54,149.21,0.0,0.0
28.02,1.46,166.65,0.0,40.8153
61.43,2.69,228.99,0.0,176.17700000000002
49.82,2.93,245.04,0.0,350.884
50.46,3.0,254.02,0.0,496.12
52.37,3.62,258.04,0.0,564.462
53.59,4.31,254.79,0.0,648.379
50.46,4.03,268.85,0.0,680.193
50.02,2.55,230.26,0.0,627.418
50.37,2.46,210.0,0.0,462.196
55.0,3.28,209.08,0.0,312.504
44.57,1.95,194.96,0.0,206.582
23.5,1.55,162.1,0.0,49.9268
18.91,1.15,151.5,0.0,0.0
17.99,1.3,152.52,0.0,0.0
17.23,0.62,149.62,0.0,0.0
18.15,0.38,0.0,0.0,0.0
19.16,0.38,0.0,0.0,0.0
15.46,0.0,0.0,0.0,0.0
11.34,0.0,0.0,0.0,0.0
10.66,0.0,0.0,0.0,0.0
10.71,0.0,0.0,0.0,0.0
11.57,0.0,0.0,0.0,0.0
10.93,0.0,0.0,0.0,0.0
18.02,0.54,148.56,0.0,0.0
21.56,0.85,151.74,0.0,40.4191
26.27,1.16,176.02,0.0,174.563
26.76,1.62,199.57,0.0,356.534
25.67,1.47,215.76,0.0,478.454
28.52,1.77,219.79,0.0,554.058
19.1,1.54,222.94,0.0,671.923
17.18,1.47,223.02,0.0,663.562
16.86,1.16,206.98,0.0,628.498
14.53,1.0,192.58,0.0,356.694
15.0,1.08,197.81,0.0,406.724
13.11,0.54,152.92,0.0,225.693
10.78,0.54,77.42,0.0,45.5881
8.76,0.0,23.88,0.0,0.0
9.9,0.0,0.0,0.0,0.0
9.07,0.0,0.0,0.0,0.0
9.55,0.0,0.0,0.0,0.0
9.73,0.0,0.0,0.0,0.0
10.05,0.0,0.0,0.0,0.0
9.04,0.0,0.0,0.0,0.0
9.85,0.0,0.0,0.0,0.0
9.14,0.0,0.0,0.0,0.0
9.92,0.0,0.0,0.0,0.0
9.33,0.0,0.0,0.0,0.0
10.24,0.31,0.0,0.0,0.0
10.58,0.31,76.27,0.0,40.3345
11.25,0.31,87.37,0.0,175.92
11.51,0.31,135.91,0.0,351.38699999999994
10.84,0.31,133.6,0.0,503.905
11.96,0.46,93.23,0.0,603.821
10.38,0.46,142.06,0.0,656.66
11.88,0.7,138.71,0.0,665.931
11.54,0.46,87.34,0.0,621.411
11.36,0.31,127.07,0.0,529.89
10.02,0.31,126.19,0.0,390.775
11.59,0.31,85.53,0.0,210.239
9.81,0.0,124.59,0.0,37.0068
10.58,0.0,53.07,0.0,0.0
11.13,0.0,13.2,0.0,0.0
9.97,0.0,26.78,0.0,0.0
10.1,0.0,0.0,0.0,0.0
10.85,0.0,0.0,0.0,0.0
10.71,0.0,0.0,0.0,0.0
14.75,0.0,0.0,0.0,0.0
13.95,0.0,0.0,0.0,0.0
14.1,0.0,0.0,0.0,0.0
14.55,0.0,0.0,0.0,0.0
13.47,0.0,56.52,0.0,0.0
14.99,0.54,156.39,0.0,0.0
26.45,1.47,161.64,0.0,39.5801
50.2,2.71,220.47,0.0,176.172
40.81,2.95,227.78,0.0,349.75699999999995
48.72,3.02,243.24,0.0,496.583
47.05,3.64,251.3,0.0,604.558
42.78,4.36,246.01,0.0,650.023
42.66,4.06,259.95,0.0,664.192
42.69,2.55,264.83,0.0,630.1030000000001
48.27,2.49,271.41,0.0,537.382
48.36,3.31,271.94,0.0,388.973
42.62,1.96,228.59,0.0,207.026
22.06,1.57,178.92,0.0,36.2536
18.65,1.11,161.92,0.0,0.0
17.17,1.27,152.98,0.0,0.0
14.9,0.61,144.14,0.0,0.0
16.25,0.39,0.0,0.0,0.0
17.51,0.39,0.0,0.0,0.0
13.21,0.0,0.0,0.0,0.0
14.49,0.0,0.0,0.0,0.0
14.2,0.0,0.0,0.0,0.0
14.45,0.0,0.0,0.0,0.0
15.09,0.0,0.0,0.0,0.0
13.9,0.0,46.63,0.0,0.0
18.29,0.54,123.07,0.0,0.0
29.05,1.48,123.86,0.0,38.8084
66.3,2.72,181.46,0.0,168.783
50.29,2.95,195.22,0.0,341.545
48.54,3.03,206.46,0.0,477.6880000000001
51.25,3.65,216.12,0.0,601.909
47.59,4.35,208.54,0.0,658.6460000000001
47.53,4.07,221.57,0.0,667.079
42.04,2.57,230.52,0.0,615.941
42.83,2.48,242.66,0.0,541.525
46.17,3.32,248.88,0.0,400.729
40.38,1.96,207.69,0.0,222.402
19.64,1.6,156.0,0.0,42.8856
16.82,1.14,141.59,0.0,0.0
16.32,1.3,140.74,0.0,0.0
13.28,0.62,136.83,0.0,0.0
15.32,0.39,0.0,0.0,0.0
16.29,0.39,0.0,0.0,0.0
12.74,0.0,0.0,0.0,0.0
11.24,0.0,0.0,0.0,0.0
12.37,0.0,0.0,0.0,0.0
13.91,0.0,0.0,0.0,0.0
14.78,0.0,0.0,0.0,0.0
14.64,0.0,0.0,0.0,0.0
19.16,0.55,132.33,0.0,0.0
33.26,1.48,132.14,0.0,35.7206
70.91,2.73,192.24,0.0,173.05900000000003
60.44,2.96,199.41,0.0,340.37800000000004
58.02,3.04,205.41,0.0,486.292
59.58,3.66,212.48,0.0,588.9
60.14,4.36,208.1,0.0,672.3960000000001
62.45,4.08,222.13,0.0,730.497
57.25,2.58,227.16,0.0,681.4689999999999
57.19,2.49,234.42,0.0,583.781
55.34,3.32,229.9,0.0,424.942
44.02,1.97,181.83,0.0,232.872
20.47,1.59,123.5,0.0,43.5368
17.55,1.15,107.51,0.0,0.0
17.0,1.31,102.22,0.0,0.0
16.28,0.62,95.36,0.0,0.0
16.91,0.39,0.0,0.0,0.0
16.03,0.39,0.0,0.0,0.0
12.75,0.0,0.0,0.0,0.0
11.85,0.0,0.0,0.0,0.0
12.44,0.0,0.0,0.0,0.0
12.02,0.0,0.0,0.0,0.0
12.21,0.0,0.0,0.0,0.0
11.64,0.0,0.0,0.0,0.0
15.99,0.55,87.22,0.0,0.0
26.9,1.48,88.96,0.0,37.1604
51.59,2.73,129.64,0.0,189.735
46.68,2.97,150.49,0.0,391.55
43.04,3.04,164.1,0.0,557.281
40.78,3.67,167.44,0.0,673.6289999999999
50.62,4.38,161.43,0.0,707.595
56.55,4.09,174.5,0.0,732.423
47.46,2.59,183.22,0.0,683.302
49.3,2.49,188.14,0.0,582.075
56.31,3.33,190.4,0.0,424.693
41.11,1.97,148.47,0.0,220.97
20.79,1.6,105.63,0.0,36.5056
18.47,1.16,99.78,0.0,0.0
17.33,1.31,97.09,0.0,0.0
16.08,0.62,92.51,0.0,0.0
15.59,0.39,0.0,0.0,0.0
15.85,0.39,0.0,0.0,0.0
13.09,0.0,0.0,0.0,0.0
13.5,0.0,0.0,0.0,0.0
14.32,0.0,0.0,0.0,0.0
14.55,0.0,0.0,0.0,0.0
15.27,0.0,0.0,0.0,0.0
14.95,0.0,0.0,0.0,0.0
18.48,0.55,87.67,0.0,0.0
33.26,1.49,92.15,0.0,36.3752
70.91,2.74,134.17,0.0,184.363
60.44,2.97,160.53,0.0,378.827
58.02,3.05,173.09,0.0,540.4159999999999
60.44,3.68,172.76,0.0,650.307
57.69,4.39,162.35,0.0,679.078
55.19,4.1,175.98,0.0,686.165
49.35,2.59,182.91,0.0,569.303
53.71,2.5,185.69,0.0,526.1619999999999
53.7,3.34,191.98,0.0,440.78
37.58,1.97,154.05,0.0,246.481
17.13,1.61,108.01,0.0,37.7142
14.29,1.15,99.55,0.0,0.0
14.92,1.31,95.06,0.0,0.0
14.52,0.62,94.15,0.0,0.0
16.66,0.39,0.0,0.0,0.0
17.74,0.39,0.0,0.0,0.0
14.81,0.0,0.0,0.0,0.0
10.33,0.0,0.0,0.0,0.0
10.77,0.0,0.0,0.0,0.0
10.57,0.0,0.0,0.0,0.0
9.62,0.0,0.0,0.0,0.0
8.49,0.0,0.0,0.0,0.0
15.38,0.55,99.12,0.0,0.0
19.14,0.86,102.76,0.0,33.4149
24.09,1.18,123.82,0.0,183.359
23.79,1.65,136.18,0.0,326.073
22.27,1.49,136.88,0.0,420.451
27.94,1.8,131.02,0.0,326.46
19.44,1.57,138.25,0.0,552.92
18.06,1.49,137.89,0.0,505.004
18.13,1.18,132.86,0.0,525.547
17.91,1.02,128.8,0.0,446.443
18.78,1.1,115.6,0.0,139.851
15.66,0.55,109.46,0.0,57.2233
14.24,0.55,0.0,0.0,6.015
11.35,0.0,0.0,0.0,0.0
10.35,0.0,0.0,0.0,0.0
10.18,0.0,0.0,0.0,0.0
10.28,0.0,0.0,0.0,0.0
8.9,0.0,0.0,0.0,0.0
9.16,0.0,0.0,0.0,0.0
8.33,0.0,0.0,0.0,0.0
7.72,0.0,0.0,0.0,0.0
8.46,0.0,0.0,0.0,0.0
9.98,0.0,0.0,0.0,0.0
10.32,0.0,0.0,0.0,0.0
11.71,0.31,0.0,0.0,0.0
10.28,0.31,11.86,0.0,33.8206
10.99,0.31,75.03,0.0,180.461
11.16,0.31,67.39,0.0,378.395
11.23,0.31,89.3,0.0,541.513
11.87,0.47,83.71,0.0,642.047
11.19,0.47,74.91,0.0,703.074
12.09,0.71,98.32,0.0,711.15
11.45,0.47,86.39,0.0,672.3
10.86,0.31,74.7,0.0,570.826
12.29,0.31,95.53,0.0,429.117
12.79,0.31,78.33,0.0,233.101
10.62,0.0,55.95,0.0,39.5009
10.78,0.0,14.23,0.0,0.0
11.21,0.0,0.0,0.0,0.0
11.6,0.0,0.0,0.0,0.0
10.64,0.0,0.0,0.0,0.0
9.87,0.0,0.0,0.0,0.0
9.33,0.0,0.0,0.0,0.0
11.35,0.0,0.0,0.0,0.0
10.84,0.0,0.0,0.0,0.0
12.04,0.0,0.0,0.0,0.0
10.9,0.0,0.0,0.0,0.0
11.25,0.0,0.0,0.0,0.0
15.55,0.55,105.8,0.0,0.0
26.14,1.5,110.62,0.0,0.0
52.12,2.76,158.97,0.0,178.329
49.12,3.0,192.39,0.0,366.524
48.28,3.07,210.24,0.0,515.513
47.3,3.71,220.82,0.0,624.2769999999999
46.48,4.42,223.01,0.0,647.297
50.13,4.13,236.12,0.0,445.793
47.51,2.61,236.4,0.0,547.243
50.25,2.52,247.74,0.0,517.716
47.08,3.37,258.72,0.0,420.26
34.43,1.99,220.88,0.0,227.197
19.58,1.63,163.7,0.0,36.4147
16.97,1.16,146.84,0.0,0.0
17.7,1.31,145.63,0.0,0.0
16.58,0.63,147.24,0.0,0.0
15.57,0.39,0.0,0.0,0.0
14.79,0.39,0.0,0.0,0.0
11.24,0.0,0.0,0.0,0.0
13.13,0.0,0.0,0.0,0.0
13.98,0.0,0.0,0.0,0.0
14.13,0.0,0.0,0.0,0.0
14.25,0.0,0.0,0.0,0.0
13.57,0.0,28.79,0.0,0.0
17.16,0.55,164.08,0.0,0.0
29.32,1.5,165.56,0.0,0.0
63.62,2.77,216.94,0.0,173.44400000000002
50.85,3.0,235.22,0.0,361.259
52.71,3.08,237.29,0.0,523.034
48.41,3.71,240.91,0.0,636.533
53.85,4.42,236.98,0.0,690.5110000000001
48.74,4.14,245.01,0.0,690.803
45.53,2.6,238.47,0.0,665.39
47.35,2.54,237.03,0.0,566.828
53.33,3.38,234.95,0.0,421.043
37.07,1.99,192.62,0.0,227.451
17.81,1.59,140.9,0.0,35.1954
16.76,1.13,126.37,0.0,0.0
14.96,1.28,124.72,0.0,0.0
12.87,0.61,122.38,0.0,0.0
15.58,0.39,0.0,0.0,0.0
14.74,0.4,0.0,0.0,0.0
11.73,0.0,0.0,0.0,0.0
10.74,0.0,0.0,0.0,0.0
11.53,0.0,0.0,0.0,0.0
12.39,0.0,0.0,0.0,0.0
12.59,0.0,0.0,0.0,0.0
11.33,0.0,0.0,0.0,0.0
16.48,0.55,131.38,0.0,0.0
30.08,1.51,134.02,0.0,0.0
59.92,2.77,190.27,0.0,176.084
52.53,3.01,212.77,0.0,363.634
54.66,3.09,221.38,0.0,522.842
57.37,3.72,229.33,0.0,638.453
61.69,4.42,230.35,0.0,685.658
60.38,4.15,246.04,0.0,709.7510000000001
58.02,2.61,251.58,0.0,649.604
52.54,2.54,253.22,0.0,554.765
52.97,3.38,250.46,0.0,406.396
45.38,2.01,216.55,0.0,213.308
19.65,1.62,166.62,0.0,29.881
18.86,1.17,151.14,0.0,0.0
18.86,1.33,148.24,0.0,0.0
16.73,0.63,146.42,0.0,0.0
16.59,0.4,0.0,0.0,0.0
17.64,0.4,0.0,0.0,0.0
14.52,0.0,0.0,0.0,0.0
14.19,0.0,0.0,0.0,0.0
14.31,0.0,0.0,0.0,0.0
13.57,0.0,0.0,0.0,0.0
13.78,0.0,0.0,0.0,0.0
14.37,0.0,52.37,0.0,0.0
15.75,0.56,144.05,0.0,0.0
27.56,1.51,137.25,0.0,0.0
56.15,2.78,187.21,0.0,177.245
46.07,3.02,207.69,0.0,369.195
50.7,3.1,216.17,0.0,524.0369999999999
46.01,3.73,218.09,0.0,632.049
52.48,4.44,213.41,0.0,680.125
52.59,4.17,226.03,0.0,706.0319999999999
44.8,2.61,231.89,0.0,653.018
42.83,2.55,235.42,0.0,568.067
47.54,3.39,236.13,0.0,424.6
35.58,2.01,197.31,0.0,227.283
18.88,1.59,147.28,0.0,35.3071
15.57,1.13,131.34,0.0,0.0
15.0,1.28,128.59,0.0,0.0
14.65,0.61,123.85,0.0,0.0
13.65,0.4,0.0,0.0,0.0
15.33,0.4,0.0,0.0,0.0
12.31,0.0,0.0,0.0,0.0
11.33,0.0,0.0,0.0,0.0
11.9,0.0,0.0,0.0,0.0
12.15,0.0,0.0,0.0,0.0
11.81,0.0,0.0,0.0,0.0
12.25,0.0,0.0,0.0,0.0
13.77,0.56,120.71,0.0,0.0
24.66,1.51,114.86,0.0,0.0
57.99,2.79,162.99,0.0,182.604
48.77,3.03,182.8,0.0,382.408
49.46,3.1,194.0,0.0,543.413
50.63,3.74,197.58,0.0,647.344
52.22,4.43,194.7,0.0,704.8989999999999
48.15,4.17,211.35,0.0,716.145
49.86,2.63,219.22,0.0,670.8989999999999
48.01,2.54,224.03,0.0,578.703
47.42,3.4,224.37,0.0,428.957
41.57,2.0,188.91,0.0,226.095
20.92,1.65,135.27,0.0,23.115
15.83,1.16,118.64,0.0,0.0
15.42,1.32,113.92,0.0,0.0
15.78,0.63,108.85,0.0,0.0
16.49,0.4,0.0,0.0,0.0
15.8,0.4,0.0,0.0,0.0
14.15,0.0,0.0,0.0,0.0
9.43,0.0,0.0,0.0,0.0
9.86,0.0,0.0,0.0,0.0
10.31,0.0,0.0,0.0,0.0
9.47,0.0,0.0,0.0,0.0
10.12,0.0,0.0,0.0,0.0
16.83,0.56,58.96,0.0,0.0
21.63,0.88,58.47,0.0,0.0
27.01,1.2,69.19,0.0,197.721
29.69,1.68,81.6,0.0,415.497
26.84,1.52,93.83,0.0,580.45
27.24,1.84,100.26,0.0,670.3539999999999
21.93,1.6,99.12,0.0,632.628
19.2,1.52,100.05,0.0,722.768
16.09,1.2,103.48,0.0,692.064
16.23,1.04,108.65,0.0,620.938
17.54,1.12,106.91,0.0,450.887
16.67,0.56,88.93,0.0,246.123
13.06,0.56,20.73,0.0,26.2428
9.88,0.0,0.0,0.0,0.0
8.8,0.0,0.0,0.0,0.0
8.11,0.0,0.0,0.0,0.0
8.47,0.0,0.0,0.0,0.0
7.77,0.0,0.0,0.0,0.0
8.86,0.0,0.0,0.0,0.0
9.47,0.0,0.0,0.0,0.0
8.34,0.0,0.0,0.0,0.0
9.4,0.0,0.0,0.0,0.0
8.89,0.0,0.0,0.0,0.0
8.13,0.0,0.0,0.0,0.0
9.95,0.32,0.0,0.0,0.0
11.78,0.32,7.18,0.0,0.0
11.39,0.32,55.14,0.0,177.666
12.78,0.32,55.66,0.0,349.92400000000004
13.48,0.32,80.12,0.0,462.831
14.02,0.48,83.03,0.0,561.4
14.19,0.48,82.1,0.0,673.188
14.37,0.72,111.69,0.0,696.191
14.07,0.48,98.24,0.0,612.849
12.97,0.32,79.18,0.0,478.107
11.59,0.32,99.25,0.0,391.19
10.95,0.32,81.22,0.0,201.946
8.74,0.0,57.22,0.0,18.0949
9.76,0.0,10.0,0.0,0.0
8.88,0.0,9.9,0.0,0.0
9.7,0.0,0.0,0.0,0.0
8.97,0.0,0.0,0.0,0.0
9.36,0.0,0.0,0.0,0.0
8.55,0.0,0.0,0.0,0.0
10.83,0.0,0.0,0.0,0.0
12.21,0.0,0.0,0.0,0.0
11.28,0.0,0.0,0.0,0.0
11.27,0.0,0.0,0.0,0.0
12.99,0.0,0.0,0.0,0.0
15.11,0.56,99.34,0.0,0.0
28.7,1.52,102.42,0.0,0.0
53.27,2.81,150.7,0.0,180.746
45.47,3.05,182.74,0.0,374.245
45.27,3.13,192.95,0.0,534.96
41.79,3.77,188.15,0.0,643.999
48.09,4.49,179.56,0.0,685.341
53.12,4.21,194.13,0.0,712.9060000000001
51.24,2.64,204.0,0.0,666.6619999999999
49.52,2.57,211.38,0.0,569.59
51.97,3.43,214.39,0.0,416.766
40.51,2.03,175.05,0.0,212.969
18.19,1.61,125.07,0.0,19.7078
18.06,1.14,116.57,0.0,0.0
18.3,1.3,113.85,0.0,0.0
18.12,0.62,109.54,0.0,0.0
16.44,0.4,0.0,0.0,0.0
15.62,0.4,0.0,0.0,0.0
11.49,0.0,0.0,0.0,0.0
10.59,0.0,0.0,0.0,0.0
12.09,0.0,0.0,0.0,0.0
12.03,0.0,0.0,0.0,0.0
12.43,0.0,0.0,0.0,0.0
13.28,0.0,0.0,0.0,0.0
15.98,0.56,100.26,0.0,0.0
26.83,1.53,102.91,0.0,0.0
50.71,2.81,140.05,0.0,183.357
46.86,3.06,165.46,0.0,381.543
39.96,3.14,181.3,0.0,535.2180000000001
50.44,3.78,185.22,0.0,646.6569999999999
49.03,4.47,181.7,0.0,702.118
43.61,4.22,199.92,0.0,711.878
45.2,2.66,204.41,0.0,671.263
46.69,2.57,203.63,0.0,568.77
46.27,3.44,201.07,0.0,418.344
39.03,2.03,159.31,0.0,217.621
17.93,1.63,119.45,0.0,20.4737
14.17,1.15,117.65,0.0,0.0
16.11,1.31,119.47,0.0,0.0
15.22,0.63,116.91,0.0,0.0
14.26,0.4,0.0,0.0,0.0
15.86,0.4,0.0,0.0,0.0
12.73,0.0,0.0,0.0,0.0
13.61,0.0,0.0,0.0,0.0
13.39,0.0,0.0,0.0,0.0
14.42,0.0,0.0,0.0,0.0
13.61,0.0,0.0,0.0,0.0
12.16,0.0,0.0,0.0,0.0
13.38,0.56,99.01,0.0,0.0
23.72,1.53,104.03,0.0,0.0
54.71,2.82,154.97,0.0,180.996
45.19,3.06,189.23,0.0,378.102
49.92,3.14,200.05,0.0,535.04
47.28,3.79,198.03,0.0,644.92
46.86,4.48,188.22,0.0,702.145
46.16,4.23,196.47,0.0,705.3330000000001
49.0,2.67,201.84,0.0,663.817
49.7,2.58,202.75,0.0,568.726
56.27,3.45,202.99,0.0,418.73
44.73,2.03,163.07,0.0,215.828
21.49,1.63,116.28,0.0,19.5035
19.04,1.15,108.56,0.0,0.0
18.89,1.31,104.98,0.0,0.0
17.27,0.63,100.01,0.0,0.0
18.14,0.4,0.0,0.0,0.0
18.49,0.4,0.0,0.0,0.0
14.97,0.0,0.0,0.0,0.0
14.76,0.0,0.0,0.0,0.0
15.26,0.0,0.0,0.0,0.0
15.46,0.0,0.0,0.0,0.0
14.69,0.0,0.0,0.0,0.0
13.79,0.0,0.0,0.0,0.0
15.77,0.57,91.43,0.0,0.0
27.91,1.54,96.04,0.0,0.0
56.26,2.83,132.11,0.0,159.322
46.44,3.07,171.7,0.0,325.962
47.27,3.15,198.92,0.0,509.917
54.3,3.8,195.49,0.0,570.998
49.58,4.49,194.0,0.0,682.311
44.96,4.24,209.81,0.0,690.95
48.08,2.67,207.02,0.0,643.029
45.87,2.59,212.19,0.0,502.027
52.56,3.46,209.13,0.0,305.006
43.23,2.04,164.57,0.0,129.502
21.33,1.63,124.06,0.0,8.01844
16.33,1.15,117.96,0.0,0.0
18.07,1.31,117.06,0.0,0.0
17.03,0.62,117.02,0.0,0.0
17.58,0.4,0.0,0.0,0.0
15.54,0.4,0.0,0.0,0.0
12.19,0.0,0.0,0.0,0.0
11.24,0.0,0.0,0.0,0.0
11.22,0.0,0.0,0.0,0.0
12.01,0.0,0.0,0.0,0.0
12.37,0.0,0.0,0.0,0.0
11.05,0.0,0.0,0.0,0.0
12.96,0.57,136.86,0.0,0.0
25.51,1.54,141.32,0.0,0.0
48.73,2.84,171.75,0.0,115.492
48.18,3.08,187.48,0.0,269.904
40.91,3.16,196.67,0.0,387.2
40.31,3.81,194.75,0.0,387.334
40.26,4.5,183.52,0.0,215.87
48.01,4.25,204.04,0.0,508.839
47.56,2.67,200.69,0.0,384.379
42.36,2.6,186.09,0.0,110.787
49.86,3.46,189.08,0.0,148.80100000000002
37.68,2.05,179.0,0.0,184.986
19.34,1.64,142.23,0.0,14.1097
16.3,1.21,134.49,0.0,0.0
15.43,1.36,131.46,0.0,0.0
14.3,0.65,128.91,0.0,0.0
14.74,0.41,0.0,0.0,0.0
14.96,0.41,0.0,0.0,0.0
12.81,0.0,0.0,0.0,0.0
8.42,0.0,0.0,0.0,0.0
7.73,0.0,0.0,0.0,0.0
8.3,0.0,0.0,0.0,0.0
8.4,0.0,0.0,0.0,0.0
8.96,0.0,0.0,0.0,0.0
14.0,0.57,132.88,0.0,0.0
17.3,0.89,134.44,0.0,0.0
24.04,1.22,142.43,0.0,137.412
28.12,1.71,162.53,0.0,323.368
28.18,1.54,180.47,0.0,524.134
31.39,1.87,189.09,0.0,627.109
22.8,1.62,187.77,0.0,683.694
19.68,1.54,186.69,0.0,688.6139999999999
17.79,1.22,189.16,0.0,635.452
16.47,1.06,192.12,0.0,542.275
16.47,1.14,182.39,0.0,393.527
15.52,0.57,138.81,0.0,190.761
14.24,0.57,27.42,0.0,14.0323
10.65,0.0,0.0,0.0,0.0
11.03,0.0,0.0,0.0,0.0
10.88,0.0,0.0,0.0,0.0
11.6,0.0,0.0,0.0,0.0
11.6,0.0,0.0,0.0,0.0
11.6,0.0,0.0,0.0,0.0
11.6,0.0,0.0,0.0,0.0
10.74,0.0,0.0,0.0,0.0
10.61,0.0,0.0,0.0,0.0
11.55,0.0,0.0,0.0,0.0
11.6,0.0,0.0,0.0,0.0
13.28,0.33,0.0,0.0,0.0
11.6,0.33,32.1,0.0,0.0
10.95,0.33,96.12,0.0,165.266
11.14,0.33,109.93,0.0,319.966
11.82,0.33,108.02,0.0,314.625
11.32,0.49,104.51,0.0,385.634
12.52,0.49,97.69,0.0,623.942
12.23,0.73,129.29,0.0,637.058
13.01,0.49,114.23,0.0,595.307
12.27,0.33,101.86,0.0,535.085
12.51,0.33,127.76,0.0,384.456
13.62,0.33,106.12,0.0,182.68400000000003
11.58,0.0,91.18,0.0,13.4062
11.6,0.0,12.97,0.0,0.0
10.6,0.0,26.69,0.0,0.0
9.94,0.0,0.0,0.0,0.0
10.19,0.0,0.0,0.0,0.0
9.16,0.0,0.0,0.0,0.0
9.06,0.0,0.0,0.0,0.0
12.13,0.0,0.0,0.0,0.0
11.15,0.0,0.0,0.0,0.0
12.23,0.0,0.0,0.0,0.0
12.93,0.0,0.0,0.0,0.0
13.04,0.0,52.96,0.0,0.0
14.73,0.57,151.0,0.0,0.0
23.14,1.55,152.27,0.0,0.0
57.63,2.86,195.59,0.0,146.623
43.32,3.1,202.71,0.0,246.014
39.72,3.18,223.19,0.0,427.245
47.47,3.84,227.07,0.0,409.731
53.9,4.57,208.67,0.0,349.456
48.79,4.28,204.1,0.0,116.2
46.81,2.7,203.42,0.0,117.361
41.29,2.62,205.08,0.0,130.584
40.52,3.49,222.48,0.0,303.005
36.94,2.06,202.32,0.0,178.40200000000002
18.33,1.68,158.79,0.0,11.7656
16.15,1.19,149.48,0.0,0.0
17.36,1.34,144.82,0.0,0.0
17.67,0.64,142.26,0.0,0.0
16.18,0.41,0.0,0.0,0.0
15.01,0.41,0.0,0.0,0.0
12.16,0.0,0.0,0.0,0.0
13.08,0.0,0.0,0.0,0.0
13.22,0.0,0.0,0.0,0.0
13.88,0.0,0.0,0.0,0.0
13.03,0.0,0.0,0.0,0.0
13.36,0.0,0.0,0.0,0.0
16.19,0.57,153.88,0.0,0.0
26.17,1.56,150.53,0.0,0.0
55.77,2.86,199.61,0.0,151.44899999999998
43.86,3.11,194.73,0.0,206.229
49.0,3.19,197.09,0.0,263.608
44.74,3.85,217.02,0.0,329.372
42.13,4.55,213.89,0.0,586.8290000000001
40.37,4.3,224.7,0.0,607.18
45.46,2.7,215.46,0.0,271.613
43.03,2.64,208.04,0.0,250.976
44.04,3.49,218.75,0.0,290.107
35.58,2.07,189.53,0.0,183.735
16.57,1.68,143.72,0.0,12.3052
15.74,1.2,137.51,0.0,0.0
16.42,1.36,135.09,0.0,0.0
14.72,0.65,129.93,0.0,0.0
16.38,0.41,0.0,0.0,0.0
16.83,0.41,0.0,0.0,0.0
13.13,0.0,0.0,0.0,0.0
13.06,0.0,0.0,0.0,0.0
13.63,0.0,0.0,0.0,0.0
12.96,0.0,0.0,0.0,0.0
11.75,0.0,0.0,0.0,0.0
12.77,0.0,0.0,0.0,0.0
15.17,0.57,120.4,0.0,0.0
27.54,1.56,129.55,0.0,0.0
63.56,2.87,181.65,0.0,166.942
55.61,3.12,204.67,0.0,356.53
47.95,3.2,209.83,0.0,394.628
51.88,3.86,214.44,0.0,385.186
50.77,4.56,214.96,0.0,551.952
49.14,4.31,222.13,0.0,677.676
51.19,2.7,220.93,0.0,514.341
54.75,2.64,223.72,0.0,477.283
57.75,3.5,225.84,0.0,368.451
41.76,2.08,183.26,0.0,171.06
21.19,1.68,132.72,0.0,9.9584
16.05,1.21,123.62,0.0,0.0
15.21,1.36,122.24,0.0,0.0
14.27,0.65,123.04,0.0,0.0
16.6,0.41,0.0,0.0,0.0
17.75,0.41,0.0,0.0,0.0
15.46,0.0,0.0,0.0,0.0
15.46,0.0,0.0,0.0,0.0
15.46,0.0,0.0,0.0,0.0
15.46,0.0,0.0,0.0,0.0
15.46,0.0,0.0,0.0,0.0
15.46,0.0,0.0,0.0,0.0
17.66,0.58,60.83,0.0,0.0
27.0,1.56,57.67,0.0,0.0
58.73,2.88,75.03,0.0,189.405
48.97,3.13,89.24,0.0,408.887
43.11,3.21,101.35,0.0,581.905
48.91,3.87,108.74,0.0,701.185
44.43,4.58,105.56,0.0,763.063
41.38,4.32,114.62,0.0,767.6419999999999
46.25,2.71,126.13,0.0,709.304
45.74,2.65,133.37,0.0,598.13
44.12,3.51,129.75,0.0,434.325
38.25,2.08,90.27,0.0,212.899
17.46,1.69,70.26,0.0,16.0504
15.39,1.2,67.9,0.0,0.0
13.93,1.36,66.77,0.0,0.0
12.74,0.65,63.95,0.0,0.0
14.08,0.41,0.0,0.0,0.0
15.36,0.41,0.0,0.0,0.0
11.24,0.0,0.0,0.0,0.0
12.62,0.0,0.0,0.0,0.0
13.55,0.0,0.0,0.0,0.0
11.8,0.0,0.0,0.0,0.0
12.7,0.0,0.0,0.0,0.0
13.06,0.0,0.0,0.0,0.0
17.17,0.58,34.84,0.0,0.0
30.57,1.57,33.52,0.0,0.0
60.18,2.89,42.78,0.0,189.041
55.29,3.13,53.65,0.0,411.591
55.04,3.22,61.77,0.0,584.656
59.07,3.88,69.71,0.0,685.08
61.22,4.59,73.94,0.0,745.035
61.83,4.33,87.32,0.0,732.193
52.39,2.72,97.42,0.0,681.581
54.85,2.65,107.85,0.0,580.346
61.64,3.52,111.97,0.0,419.617
48.93,2.08,76.59,0.0,208.867
24.0,1.7,56.16,0.0,14.5728
20.77,1.2,50.03,0.0,0.0
19.26,1.36,43.44,0.0,0.0
18.97,0.65,33.79,0.0,0.0
17.11,0.41,0.0,0.0,0.0
15.78,0.41,0.0,0.0,0.0
11.83,0.0,0.0,0.0,0.0
9.99,0.0,0.0,0.0,0.0
9.2,0.0,0.0,0.0,0.0
10.39,0.0,0.0,0.0,0.0
10.93,0.0,0.0,0.0,0.0
10.79,0.0,0.0,0.0,0.0
17.95,0.58,6.32,0.0,0.0
23.68,0.91,18.46,0.0,0.0
28.96,1.24,56.56,0.0,179.899
31.72,1.74,78.02,0.0,387.192
27.89,1.57,84.3,0.0,549.529
32.65,1.9,89.21,0.0,655.452
21.43,1.65,92.87,0.0,708.89
18.29,1.57,94.29,0.0,716.4689999999999
15.41,1.24,94.3,0.0,642.744
15.48,1.07,91.07,0.0,506.489
17.25,1.16,85.59,0.0,256.575
15.6,0.58,80.6,0.0,109.132
13.74,0.58,0.0,0.0,3.22357
10.6,0.0,0.0,0.0,0.0
10.22,0.0,0.0,0.0,0.0
10.92,0.0,0.0,0.0,0.0
11.6,0.0,0.0,0.0,0.0
11.6,0.0,0.0,0.0,0.0
10.99,0.0,0.0,0.0,0.0
10.76,0.0,0.0,0.0,0.0
11.32,0.0,0.0,0.0,0.0
10.5,0.0,0.0,0.0,0.0
10.49,0.0,0.0,0.0,0.0
11.15,0.0,0.0,0.0,0.0
13.34,0.33,0.0,0.0,0.0
14.15,0.33,0.0,0.0,0.0
14.37,0.33,31.78,0.0,174.99900000000002
13.36,0.33,57.79,0.0,361.839
11.73,0.33,65.35,0.0,460.812
12.21,0.5,53.36,0.0,612.476
12.55,0.5,61.52,0.0,618.07
11.87,0.75,66.58,0.0,450.557
11.8,0.5,36.59,0.0,344.57300000000004
13.11,0.33,29.17,0.0,275.097
13.51,0.33,0.0,0.0,132.806
14.37,0.33,0.0,0.0,45.5939
10.84,0.0,0.0,0.0,0.0
11.14,0.0,0.0,0.0,0.0
11.6,0.0,0.0,0.0,0.0
11.6,0.0,0.0,0.0,0.0
10.91,0.0,0.0,0.0,0.0
9.99,0.0,0.0,0.0,0.0
9.96,0.0,0.0,0.0,0.0
14.46,0.0,0.0,0.0,0.0
14.74,0.0,0.0,0.0,0.0
15.02,0.0,0.0,0.0,0.0
15.46,0.0,0.0,0.0,0.0
15.26,0.0,0.0,0.0,0.0
17.48,0.58,42.61,0.0,0.0
27.76,1.58,55.95,0.0,0.0
60.3,2.91,92.73,0.0,168.982
45.27,3.16,110.86,0.0,366.504
45.35,3.24,120.44,0.0,520.89
46.4,3.91,127.26,0.0,623.121
49.67,4.64,124.11,0.0,690.596
45.74,4.36,130.83,0.0,700.409
42.27,2.75,137.08,0.0,650.326
49.5,2.67,143.72,0.0,551.84
49.83,3.56,150.81,0.0,393.747
34.74,2.1,110.97,0.0,179.66
17.7,1.69,83.17,0.0,8.192639999999999
17.5,1.23,79.92,0.0,0.0
19.26,1.39,77.94,0.0,0.0
17.98,0.66,76.18,0.0,0.0
17.9,0.42,0.0,0.0,0.0
18.02,0.42,0.0,0.0,0.0
13.49,0.0,0.0,0.0,0.0
13.65,0.0,0.0,0.0,0.0
14.78,0.0,0.0,0.0,0.0
13.46,0.0,0.0,0.0,0.0
14.6,0.0,0.0,0.0,0.0
12.99,0.0,0.0,0.0,0.0
17.54,0.58,75.77,0.0,0.0
29.76,1.58,85.94,0.0,0.0
56.77,2.92,101.88,0.0,164.122
42.45,3.17,115.33,0.0,352.379
46.29,3.25,136.78,0.0,484.103
51.75,3.92,154.16,0.0,574.007
57.6,4.63,154.47,0.0,518.3240000000001
52.4,4.37,163.69,0.0,472.578
53.38,2.75,160.32,0.0,331.034
47.36,2.67,171.26,0.0,427.886
48.4,3.57,173.63,0.0,322.61
34.27,2.1,143.46,0.0,141.142
16.4,1.69,113.18,0.0,3.60661
16.44,1.19,110.79,0.0,0.0
16.5,1.35,108.6,0.0,0.0
13.69,0.64,105.32,0.0,0.0
13.32,0.42,0.0,0.0,0.0
13.69,0.42,0.0,0.0,0.0
11.37,0.0,0.0,0.0,0.0
12.66,0.0,0.0,0.0,0.0
11.98,0.0,0.0,0.0,0.0
11.92,0.0,0.0,0.0,0.0
10.59,0.0,0.0,0.0,0.0
10.56,0.0,0.0,0.0,0.0
13.93,0.58,118.36,0.0,0.0
28.22,1.59,118.52,0.0,0.0
66.0,2.92,134.32,0.0,144.225
58.74,3.17,154.99,0.0,309.47900000000004
55.78,3.26,180.6,0.0,451.943
59.94,3.93,194.31,0.0,611.552
61.69,4.63,180.29,0.0,654.934
59.1,4.38,185.9,0.0,657.645
55.6,2.77,191.76,0.0,608.351
55.0,2.68,194.08,0.0,509.53
54.78,3.57,189.68,0.0,352.658
47.28,2.11,144.97,0.0,143.643
22.09,1.7,113.22,0.0,2.4199200000000003
19.37,1.23,113.86,0.0,0.0
17.58,1.39,115.78,0.0,0.0
14.34,0.66,115.44,0.0,0.0
15.03,0.42,0.0,0.0,0.0
13.97,0.42,0.0,0.0,0.0
10.4,0.0,0.0,0.0,0.0
11.46,0.0,0.0,0.0,0.0
11.94,0.0,0.0,0.0,0.0
10.84,0.0,0.0,0.0,0.0
10.3,0.0,0.0,0.0,0.0
12.41,0.0,0.0,0.0,0.0
16.74,0.59,111.23,0.0,0.0
26.75,1.59,109.9,0.0,0.0
63.3,2.93,132.1,0.0,159.775
56.58,3.18,157.08,0.0,351.81
54.44,3.27,175.21,0.0,513.275
57.85,3.94,181.17,0.0,621.395
54.16,4.65,172.62,0.0,686.9169999999999
48.31,4.39,176.37,0.0,681.966
48.45,2.77,179.15,0.0,641.2130000000001
46.65,2.68,182.11,0.0,523.7280000000001
51.27,3.59,176.31,0.0,368.045
38.69,2.12,138.34,0.0,156.922
17.56,1.69,105.57,0.0,4.1767
14.22,1.25,101.78,0.0,0.0
17.54,1.41,101.66,0.0,0.0
17.22,0.67,100.04,0.0,0.0
15.36,0.42,0.0,0.0,0.0
14.98,0.42,0.0,0.0,0.0
12.7,0.0,0.0,0.0,0.0
11.64,0.0,0.0,0.0,0.0
11.1,0.0,0.0,0.0,0.0
11.12,0.0,0.0,0.0,0.0
12.2,0.0,0.0,0.0,0.0
12.11,0.0,0.0,0.0,0.0
14.54,0.59,84.6,0.0,0.0
27.41,1.6,92.85,0.0,0.0
63.96,2.94,118.58,0.0,159.91
50.81,3.19,145.47,0.0,356.027
48.52,3.27,163.89,0.0,512.964
52.29,3.95,175.28,0.0,614.3919999999999
51.94,4.67,176.94,0.0,673.7439999999999
54.05,4.41,180.47,0.0,675.745
50.18,2.78,184.58,0.0,620.428
50.92,2.69,195.5,0.0,528.977
56.24,3.6,201.45,0.0,374.156
41.32,2.12,163.96,0.0,164.12
20.81,1.7,117.17,0.0,4.72169
15.99,1.25,111.46,0.0,0.0
17.92,1.41,108.97,0.0,0.0
16.71,0.67,107.93,0.0,0.0
18.06,0.42,0.0,0.0,0.0
17.99,0.42,0.0,0.0,0.0
13.46,0.0,0.0,0.0,0.0
9.48,0.0,0.0,0.0,0.0
9.9,0.0,0.0,0.0,0.0
9.87,0.0,0.0,0.0,0.0
9.71,0.0,0.0,0.0,0.0
10.5,0.0,0.0,0.0,0.0
16.35,0.59,114.32,0.0,0.0
19.62,0.93,112.17,0.0,0.0
25.04,1.26,118.52,0.0,160.532
27.67,1.77,138.5,0.0,355.34
25.76,1.6,151.29,0.0,509.61800000000005
25.54,1.94,147.1,0.0,608.979
18.08,1.68,146.83,0.0,665.0319999999999
15.16,1.6,146.84,0.0,665.811
16.06,1.26,144.51,0.0,618.035
14.54,1.09,149.03,0.0,514.821
14.66,1.18,146.87,0.0,366.485
14.61,0.59,109.51,0.0,160.039
11.04,0.59,0.0,0.0,4.33981
9.87,0.0,0.0,0.0,0.0
8.65,0.0,0.0,0.0,0.0
9.61,0.0,0.0,0.0,0.0
10.56,0.0,0.0,0.0,0.0
11.24,0.0,0.0,0.0,0.0
10.31,0.0,0.0,0.0,0.0
9.37,0.0,0.0,0.0,0.0
8.27,0.0,0.0,0.0,0.0
9.21,0.0,0.0,0.0,0.0
8.18,0.0,0.0,0.0,0.0
9.49,0.0,0.0,0.0,0.0
11.74,0.34,0.0,0.0,0.0
12.28,0.34,0.0,0.0,0.0
10.66,0.34,42.51,0.0,156.134
10.95,0.34,88.97,0.0,351.38
12.54,0.34,85.41,0.0,501.347
11.25,0.51,79.31,0.0,573.247
12.44,0.51,104.94,0.0,656.5160000000001
10.79,0.76,91.57,0.0,665.668
11.87,0.51,74.09,0.0,613.725
10.64,0.34,96.78,0.0,518.148
10.24,0.34,79.09,0.0,349.642
10.93,0.34,62.06,0.0,151.56
9.62,0.0,43.18,0.0,0.0
9.65,0.0,12.54,0.0,0.0
8.93,0.0,0.0,0.0,0.0
8.35,0.0,0.0,0.0,0.0
9.46,0.0,0.0,0.0,0.0
8.73,0.0,0.0,0.0,0.0
8.09,0.0,0.0,0.0,0.0
10.08,0.0,0.0,0.0,0.0
12.66,0.0,0.0,0.0,0.0
13.32,0.0,0.0,0.0,0.0
13.53,0.0,0.0,0.0,0.0
13.94,0.0,0.0,0.0,0.0
18.12,0.59,84.61,0.0,0.0
31.09,1.61,93.47,0.0,0.0
70.91,2.96,128.3,0.0,150.048
57.17,3.21,162.47,0.0,340.566
54.84,3.3,180.95,0.0,439.237
55.72,3.98,185.7,0.0,520.35
58.22,4.71,178.33,0.0,631.698
61.81,4.45,183.66,0.0,635.467
58.02,2.79,185.1,0.0,626.726
53.47,2.72,192.65,0.0,477.464
55.89,3.62,194.33,0.0,310.41
47.58,2.14,155.31,0.0,132.279
24.0,1.72,121.12,0.0,0.0
20.05,1.21,119.92,0.0,0.0
19.51,1.37,118.32,0.0,0.0
16.38,0.65,112.92,0.0,0.0
15.33,0.42,0.0,0.0,0.0
14.03,0.42,0.0,0.0,0.0
11.79,0.0,0.0,0.0,0.0
11.97,0.0,0.0,0.0,0.0
12.26,0.0,0.0,0.0,0.0
12.16,0.0,0.0,0.0,0.0
12.51,0.0,0.0,0.0,0.0
13.83,0.0,0.0,0.0,0.0
16.97,0.59,110.36,0.0,0.0
31.59,1.61,109.9,0.0,0.0
64.01,2.97,134.75,0.0,136.09799999999998
58.05,3.22,160.56,0.0,310.595
57.29,3.31,169.07,0.0,346.914
57.85,3.97,178.08,0.0,400.384
61.69,4.7,177.96,0.0,552.521
62.45,4.46,192.89,0.0,599.19
58.02,2.8,187.23,0.0,240.562
57.68,2.72,182.32,0.0,238.753
61.64,3.63,186.86,0.0,343.459
48.93,2.14,150.0,0.0,132.218
24.0,1.73,117.61,0.0,0.0
20.77,1.22,115.41,0.0,0.0
20.77,1.37,114.21,0.0,0.0
17.75,0.65,109.4,0.0,0.0
16.9,0.42,0.0,0.0,0.0
16.79,0.42,0.0,0.0,0.0
13.86,0.0,0.0,0.0,0.0
14.33,0.0,0.0,0.0,0.0
14.48,0.0,0.0,0.0,0.0
15.24,0.0,0.0,0.0,0.0
14.7,0.0,0.0,0.0,0.0
13.85,0.0,0.0,0.0,0.0
13.88,0.0,0.0,0.0,0.0
15.25,0.6,124.56,0.0,0.0
26.03,1.62,140.08,0.0,147.909
58.53,2.98,190.12,0.0,340.21
43.82,3.23,194.32,0.0,463.323
48.07,3.32,196.59,0.0,571.6990000000001
55.38,4.0,200.78,0.0,658.395
49.54,4.74,198.3,0.0,601.851
48.57,4.47,198.41,0.0,290.341
44.89,2.81,179.79,0.0,50.645
49.12,2.72,188.48,0.0,250.331
55.31,3.65,176.66,0.0,140.461
46.72,2.15,136.23,0.0,0.0
23.12,1.72,115.36,0.0,0.0
18.5,1.27,111.95,0.0,0.0
16.42,1.43,109.79,0.0,0.0
16.32,0.68,108.8,0.0,0.0
16.02,0.43,0.0,0.0,0.0
14.88,0.43,0.0,0.0,0.0
11.42,0.0,0.0,0.0,0.0
11.9,0.0,0.0,0.0,0.0
11.68,0.0,0.0,0.0,0.0
13.47,0.0,0.0,0.0,0.0
12.6,0.0,0.0,0.0,0.0
11.78,0.0,0.0,0.0,0.0
14.11,0.6,104.49,0.0,0.0
28.19,1.62,121.06,0.0,141.999
62.15,2.98,168.51,0.0,333.081
46.37,3.24,172.79,0.0,480.917
43.17,3.32,167.36,0.0,585.153
42.54,4.0,173.64,0.0,639.775
50.87,4.73,176.03,0.0,630.8009999999999
55.26,4.48,193.91,0.0,591.474
45.19,2.82,198.52,0.0,492.597
42.86,2.74,194.2,0.0,331.605
45.12,3.64,183.33,0.0,121.836
33.62,2.16,147.06,0.0,0.0
15.73,1.76,123.45,0.0,0.0
13.85,1.23,119.04,0.0,0.0
15.86,1.39,114.52,0.0,0.0
13.12,0.66,108.94,0.0,0.0
12.63,0.43,0.0,0.0,0.0
12.3,0.43,0.0,0.0,0.0
11.29,0.0,0.0,0.0,0.0
11.0,0.0,0.0,0.0,0.0
11.76,0.0,0.0,0.0,0.0
12.97,0.0,0.0,0.0,0.0
13.71,0.0,0.0,0.0,0.0
14.2,0.0,0.0,0.0,0.0
18.42,0.6,68.47,0.0,0.0
33.26,1.62,77.31,0.0,156.341
70.91,2.99,105.35,0.0,359.647
60.44,3.25,121.66,0.0,516.311
57.13,3.33,133.74,0.0,589.9830000000001
60.44,4.0,145.09,0.0,578.914
61.69,4.74,143.57,0.0,527.436
62.45,4.49,154.8,0.0,418.087
58.02,2.82,155.74,0.0,372.874
55.81,2.74,146.65,0.0,288.141
59.46,3.66,142.43,0.0,104.382
48.93,2.16,120.13,0.0,0.0
23.97,1.73,109.31,0.0,0.0
20.13,1.28,106.21,0.0,0.0
20.77,1.44,103.74,0.0,0.0
17.99,0.68,101.26,0.0,0.0
17.54,0.43,0.0,0.0,0.0
16.81,0.43,0.0,0.0,0.0
9.77,0.0,0.0,0.0,0.0
9.48,0.0,0.0,0.0,0.0
10.19,0.0,0.0,0.0,0.0
9.81,0.0,0.0,0.0,0.0
9.81,0.0,0.0,0.0,0.0
8.95,0.0,0.0,0.0,0.0
15.88,0.6,87.42,0.0,0.0
23.03,0.94,93.16,0.0,56.6463
24.87,1.28,96.02,0.0,270.78
25.33,1.8,97.66,0.0,379.717
26.17,1.63,97.77,0.0,397.942
26.54,1.97,101.04,0.0,455.406
18.73,1.71,104.81,0.0,652.612
16.95,1.63,103.34,0.0,592.151
15.76,1.28,101.13,0.0,474.86
14.06,1.11,97.31,0.0,361.837
14.59,1.2,87.59,0.0,141.088
14.17,0.6,81.84,0.0,0.0
11.22,0.6,0.0,0.0,0.0
9.11,0.0,0.0,0.0,0.0
9.71,0.0,0.0,0.0,0.0
8.66,0.0,0.0,0.0,0.0
9.55,0.0,0.0,0.0,0.0
10.14,0.0,0.0,0.0,0.0
9.54,0.0,0.0,0.0,0.0
8.31,0.0,0.0,0.0,0.0
9.29,0.0,0.0,0.0,0.0
8.48,0.0,0.0,0.0,0.0
8.86,0.0,0.0,0.0,0.0
9.71,0.0,0.0,0.0,0.0
11.13,0.34,0.0,0.0,0.0
10.72,0.34,0.0,0.0,122.801
12.16,0.34,0.0,0.0,262.926
13.26,0.34,0.0,0.0,247.042
12.59,0.34,0.0,0.0,324.309
10.9,0.52,0.0,0.0,214.191
10.65,0.52,0.0,0.0,162.915
10.11,0.77,0.0,0.0,49.1356
10.94,0.52,0.0,0.0,21.0687
10.28,0.34,0.0,0.0,46.0579
10.57,0.34,0.0,0.0,10.3832
12.25,0.34,0.0,0.0,0.0
10.28,0.0,0.0,0.0,0.0
10.26,0.0,0.0,0.0,0.0
10.48,0.0,0.0,0.0,0.0
9.81,0.0,0.0,0.0,0.0
9.46,0.0,0.0,0.0,0.0
9.2,0.0,0.0,0.0,0.0
11.41,0.0,0.0,0.0,0.0
12.68,0.0,0.0,0.0,0.0
12.22,0.0,0.0,0.0,0.0
13.11,0.0,0.0,0.0,0.0
14.27,0.0,0.0,0.0,0.0
13.98,0.0,0.0,0.0,0.0
17.21,0.6,118.79,0.0,0.0
26.51,1.63,109.66,0.0,110.217
61.83,3.01,110.85,0.0,161.606
53.24,3.27,115.87,0.0,317.029
51.08,3.36,123.76,0.0,252.999
48.36,4.04,138.46,0.0,283.971
54.39,4.79,140.76,0.0,369.408
49.96,4.52,145.31,0.0,286.305
43.59,2.85,134.32,0.0,161.784
49.38,2.76,127.19,0.0,69.8672
49.86,3.68,124.45,0.0,16.8799
40.01,2.18,111.96,0.0,0.0
18.17,1.77,103.47,0.0,0.0
16.38,1.25,99.75,0.0,0.0
15.7,1.41,98.19,0.0,0.0
14.1,0.67,96.19,0.0,0.0
15.06,0.43,0.0,0.0,0.0
15.99,0.43,0.0,0.0,0.0
14.18,0.0,0.0,0.0,0.0
13.67,0.0,0.0,0.0,0.0
14.19,0.0,0.0,0.0,0.0
13.49,0.0,0.0,0.0,0.0
12.06,0.0,0.0,0.0,0.0
12.12,0.0,0.0,0.0,0.0
13.46,0.6,84.67,0.0,0.0
23.88,1.64,80.8,0.0,70.7256
51.17,3.02,86.58,0.0,173.813
40.0,3.28,88.88,0.0,277.573
46.44,3.36,97.91,0.0,447.006
49.2,4.03,111.42,0.0,504.916
48.22,4.79,110.38,0.0,463.145
47.38,4.53,115.17,0.0,374.396
40.67,2.86,110.84,0.0,297.279
45.4,2.77,107.0,0.0,193.199
45.13,3.69,106.2,0.0,61.8767
33.66,2.18,96.96,0.0,0.0
18.97,1.77,90.09,0.0,0.0
18.27,1.26,87.28,0.0,0.0
17.7,1.42,85.77,0.0,0.0
16.78,0.67,86.5,0.0,0.0
17.02,0.43,0.0,0.0,0.0
16.31,0.43,0.0,0.0,0.0
14.44,0.0,0.0,0.0,0.0
15.46,0.0,0.0,0.0,0.0
14.47,0.0,0.0,0.0,0.0
13.81,0.0,0.0,0.0,0.0
13.51,0.0,0.0,0.0,0.0
14.68,0.0,0.0,0.0,0.0
18.3,0.61,35.48,0.0,0.0
30.73,1.64,40.53,0.0,155.519
60.4,3.03,50.56,0.0,369.75
46.21,3.29,61.6,0.0,541.057
50.61,3.37,69.97,0.0,639.2669999999999
56.55,4.04,73.59,0.0,672.539
58.59,4.8,72.55,0.0,694.2310000000001
58.99,4.54,76.66,0.0,639.996
48.75,2.86,74.66,0.0,440.646
42.73,2.77,68.23,0.0,227.961
45.76,3.7,61.02,0.0,80.2246
37.41,2.19,50.62,0.0,0.0
19.72,1.78,45.26,0.0,0.0
18.97,1.26,45.21,0.0,0.0
18.06,1.42,48.88,0.0,0.0
16.59,0.67,46.3,0.0,0.0
15.85,0.43,0.0,0.0,0.0
14.2,0.43,0.0,0.0,0.0
9.89,0.0,0.0,0.0,0.0
8.66,0.0,0.0,0.0,0.0
9.7,0.0,0.0,0.0,0.0
10.39,0.0,0.0,0.0,0.0
10.71,0.0,0.0,0.0,0.0
11.6,0.0,0.0,0.0,0.0
13.25,0.35,0.0,0.0,0.0
12.43,0.35,0.0,0.0,39.5172
12.07,0.35,0.0,0.0,146.22
12.33,0.35,0.0,0.0,310.98900000000003
11.09,0.35,0.0,0.0,360.27
11.17,0.52,0.0,0.0,398.154
12.63,0.52,0.0,0.0,303.49
13.3,0.78,0.0,0.0,193.939
12.15,0.52,0.0,0.0,92.9883
13.01,0.35,0.0,0.0,47.5873
13.9,0.35,0.0,0.0,10.7897
13.49,0.35,0.0,0.0,0.0
10.0,0.0,0.0,0.0,0.0
9.15,0.0,0.0,0.0,0.0
9.92,0.0,0.0,0.0,0.0
9.83,0.0,0.0,0.0,0.0
9.83,0.0,0.0,0.0,0.0
10.5,0.0,0.0,0.0,0.0
14.67,0.0,0.0,0.0,0.0
14.95,0.0,0.0,0.0,0.0
15.46,0.0,0.0,0.0,0.0
15.46,0.0,0.0,0.0,0.0
15.46,0.0,0.0,0.0,0.0
15.46,0.0,0.0,0.0,0.0
19.16,0.61,37.38,0.0,0.0
31.68,1.65,42.63,0.0,110.959
69.0,3.04,49.34,0.0,238.517
54.89,3.3,55.35,0.0,409.932
53.68,3.39,70.07,0.0,538.6080000000001
55.26,4.08,86.24,0.0,669.5419999999999
53.84,4.83,87.13,0.0,671.952
49.58,4.56,94.72,0.0,619.447
50.57,2.88,96.98,0.0,494.007
55.09,2.79,95.49,0.0,346.396
59.09,3.72,83.67,0.0,132.511
47.23,2.2,71.05,0.0,0.0
24.0,1.78,66.43,0.0,0.0
19.71,1.25,64.33,0.0,0.0
18.03,1.42,60.28,0.0,0.0
16.61,0.67,52.17,0.0,0.0
17.41,0.43,0.0,0.0,0.0
17.03,0.43,0.0,0.0,0.0
11.11,0.0,0.0,0.0,0.0
10.44,0.0,0.0,0.0,0.0
10.57,0.0,0.0,0.0,0.0
9.7,0.0,0.0,0.0,0.0
9.61,0.0,0.0,0.0,0.0
9.11,0.0,0.0,0.0,0.0
13.62,0.61,20.93,0.0,0.0
21.35,0.96,25.09,0.0,121.331
27.24,1.31,30.53,0.0,263.961
30.96,1.83,35.54,0.0,332.861
29.72,1.65,40.77,0.0,421.1880000000001
28.56,2.0,45.09,0.0,457.685
19.04,1.74,51.83,0.0,557.491
15.27,1.65,54.44,0.0,359.74
16.25,1.31,55.32,0.0,236.812
14.78,1.13,54.52,0.0,116.108
15.51,1.22,51.75,0.0,26.8709
15.03,0.61,54.37,0.0,0.0
11.31,0.61,0.0,0.0,0.0
8.31,0.0,0.0,0.0,0.0
9.28,0.0,0.0,0.0,0.0
10.02,0.0,0.0,0.0,0.0
8.69,0.0,0.0,0.0,0.0
9.05,0.0,0.0,0.0,0.0
8.63,0.0,0.0,0.0,0.0
8.37,0.0,0.0,0.0,0.0
9.61,0.0,0.0,0.0,0.0
10.5,0.0,0.0,0.0,0.0
11.01,0.0,0.0,0.0,0.0
11.32,0.0,0.0,0.0,0.0
12.53,0.35,0.0,0.0,0.0
11.04,0.35,0.0,0.0,140.077
9.8,0.35,0.0,0.0,335.12800000000004
9.62,0.35,10.21,0.0,500.106
9.79,0.35,47.59,0.0,611.573
9.81,0.52,49.61,0.0,672.757
11.2,0.52,45.81,0.0,674.14
10.09,0.79,45.59,0.0,627.687
9.59,0.52,46.84,0.0,515.582
11.61,0.35,44.78,0.0,352.673
12.26,0.35,5.36,0.0,127.703
12.7,0.35,0.0,0.0,0.0
10.14,0.0,0.0,0.0,0.0
10.52,0.0,0.0,0.0,0.0
9.94,0.0,0.0,0.0,0.0
10.49,0.0,0.0,0.0,0.0
10.63,0.0,0.0,0.0,0.0
11.33,0.0,0.0,0.0,0.0
15.46,0.0,0.0,0.0,0.0
15.43,0.0,0.0,0.0,0.0
13.95,0.0,0.0,0.0,0.0
12.84,0.0,0.0,0.0,0.0
11.38,0.0,0.0,0.0,0.0
11.59,0.0,0.0,0.0,0.0
14.83,0.61,0.0,0.0,0.0
24.26,1.66,19.01,0.0,136.739
54.78,3.06,54.65,0.0,321.994
41.55,3.32,76.24,0.0,485.777
41.39,3.41,95.03,0.0,588.434
43.27,4.11,106.36,0.0,635.039
50.77,4.86,116.71,0.0,625.001
52.95,4.6,123.64,0.0,536.5830000000001
45.74,2.89,126.52,0.0,437.8
48.53,2.82,118.97,0.0,289.771
48.07,3.75,107.16,0.0,91.686
36.22,2.21,95.64,0.0,0.0
20.74,1.77,87.26,0.0,0.0
18.11,1.3,83.48,0.0,0.0
18.78,1.46,80.55,0.0,0.0
18.45,0.69,74.55,0.0,0.0
19.16,0.44,0.0,0.0,0.0
17.89,0.44,0.0,0.0,0.0
14.25,0.0,0.0,0.0,0.0
14.44,0.0,0.0,0.0,0.0
13.11,0.0,0.0,0.0,0.0
14.42,0.0,0.0,0.0,0.0
14.18,0.0,0.0,0.0,0.0
12.84,0.0,0.0,0.0,0.0
15.56,0.61,2.82,0.0,0.0
30.06,1.67,46.41,0.0,138.94899999999998
61.28,3.07,89.66,0.0,339.94699999999995
51.96,3.33,93.98,0.0,501.172
48.16,3.42,97.83,0.0,611.1
48.92,4.09,97.15,0.0,668.508
54.72,4.87,91.83,0.0,682.334
59.15,4.6,93.87,0.0,621.248
55.95,2.91,98.49,0.0,524.276
58.02,2.82,98.87,0.0,362.902
61.64,3.75,84.83,0.0,138.91299999999998
48.93,2.22,60.42,0.0,0.0
23.08,1.79,49.65,0.0,0.0
18.6,1.25,49.33,0.0,0.0
16.94,1.45,52.83,0.0,0.0
15.88,0.7,50.15,0.0,0.0
16.23,0.44,0.0,0.0,0.0
14.1,0.44,0.0,0.0,0.0
10.56,0.0,0.0,0.0,0.0
11.17,0.0,0.0,0.0,0.0
12.8,0.0,0.0,0.0,0.0
11.18,0.0,0.0,0.0,0.0
12.45,0.0,0.0,0.0,0.0
13.9,0.0,0.0,0.0,0.0
15.39,0.62,2.32,0.0,0.0
26.44,1.67,44.0,0.0,136.335
51.55,3.08,87.2,0.0,339.084
46.34,3.34,104.51,0.0,506.924
49.16,3.43,115.88,0.0,621.76
50.93,4.11,125.26,0.0,672.05
53.3,4.88,129.85,0.0,685.54
59.04,4.62,131.12,0.0,628.503
49.5,2.91,135.63,0.0,523.577
42.97,2.82,130.65,0.0,352.88800000000003
44.79,3.76,114.76,0.0,128.561
36.4,2.23,98.15,0.0,0.0
19.57,1.8,88.76,0.0,0.0
18.59,1.26,84.13,0.0,0.0
17.78,1.43,80.42,0.0,0.0
14.2,0.68,77.67,0.0,0.0
16.34,0.44,0.0,0.0,0.0
17.36,0.44,0.0,0.0,0.0
13.62,0.0,0.0,0.0,0.0
12.35,0.0,0.0,0.0,0.0
12.47,0.0,0.0,0.0,0.0
12.35,0.0,0.0,0.0,0.0
13.2,0.0,0.0,0.0,0.0
12.91,0.0,0.0,0.0,0.0
16.33,0.62,82.41,0.0,0.0
30.4,1.67,89.43,0.0,118.32
61.52,3.08,113.54,0.0,319.106
49.87,3.35,133.66,0.0,474.111
51.45,3.43,136.82,0.0,585.293
46.81,4.1,133.99,0.0,427.444
52.13,4.88,139.82,0.0,340.75800000000004
52.75,4.64,154.61,0.0,552.002
43.44,2.91,159.75,0.0,501.887
49.43,2.82,151.55,0.0,337.232
56.77,3.78,131.97,0.0,118.49
39.97,2.23,110.23,0.0,0.0
17.67,1.8,103.24,0.0,0.0
14.58,1.29,100.51,0.0,0.0
17.41,1.45,98.1,0.0,0.0
15.55,0.69,95.35,0.0,0.0
14.81,0.44,0.0,0.0,0.0
14.83,0.44,0.0,0.0,0.0
11.71,0.0,0.0,0.0,0.0
12.8,0.0,0.0,0.0,0.0
13.04,0.0,0.0,0.0,0.0
13.05,0.0,0.0,0.0,0.0
14.04,0.0,0.0,0.0,0.0
12.48,0.0,0.0,0.0,0.0
14.52,0.62,6.29,0.0,0.0
27.44,1.68,1.61,0.0,132.877
59.23,3.09,4.17,0.0,358.81
54.12,3.35,8.97,0.0,548.2080000000001
52.17,3.44,13.82,0.0,683.863
52.71,4.12,20.98,0.0,752.0830000000001
50.98,4.9,28.36,0.0,755.0880000000001
57.04,4.65,35.44,0.0,700.183
47.55,2.92,39.1,0.0,583.255
43.29,2.84,39.49,0.0,399.231
53.25,3.79,31.84,0.0,156.743
45.65,2.23,25.27,0.0,0.0
23.25,1.8,22.68,0.0,0.0
20.32,1.3,21.13,0.0,0.0
19.88,1.46,16.13,0.0,0.0
19.02,0.69,9.03,0.0,0.0
18.79,0.44,0.0,0.0,0.0
19.16,0.44,0.0,0.0,0.0
11.6,0.0,0.0,0.0,0.0
10.88,0.0,0.0,0.0,0.0
10.23,0.0,0.0,0.0,0.0
9.47,0.0,0.0,0.0,0.0
9.22,0.0,0.0,0.0,0.0
8.79,0.0,0.0,0.0,0.0
14.09,0.62,0.0,0.0,0.0
20.08,0.97,0.0,0.0,146.036
23.46,1.33,0.0,0.0,371.552
23.77,1.86,0.0,0.0,550.5
23.87,1.68,2.19,0.0,669.477
23.41,2.03,5.97,0.0,726.421
18.74,1.77,10.77,0.0,725.123
15.93,1.68,17.47,0.0,674.275
14.36,1.33,21.69,0.0,568.8969999999999
12.46,1.15,19.41,0.0,396.167
13.01,1.24,13.03,0.0,150.317
11.14,0.62,0.6,0.0,0.0
11.29,0.62,0.0,0.0,0.0
9.96,0.0,0.0,0.0,0.0
9.13,0.0,0.0,0.0,0.0
10.32,0.0,0.0,0.0,0.0
10.86,0.0,0.0,0.0,0.0
11.48,0.0,0.0,0.0,0.0
11.01,0.0,0.0,0.0,0.0
10.69,0.0,0.0,0.0,0.0
11.31,0.0,0.0,0.0,0.0
10.37,0.0,0.0,0.0,0.0
9.41,0.0,0.0,0.0,0.0
10.5,0.0,0.0,0.0,0.0
13.76,0.35,0.0,0.0,0.0
12.47,0.35,0.0,0.0,141.166
11.8,0.35,0.0,0.0,358.314
10.46,0.35,0.0,0.0,502.689
11.72,0.35,14.59,0.0,607.428
10.94,0.53,24.99,0.0,688.1039999999999
11.85,0.53,22.93,0.0,709.122
11.83,0.8,26.59,0.0,659.382
11.48,0.53,29.68,0.0,557.097
12.67,0.35,20.48,0.0,393.51
12.46,0.35,0.0,0.0,152.891
13.25,0.35,0.0,0.0,0.0
10.94,0.0,0.0,0.0,0.0
11.17,0.0,0.0,0.0,0.0
11.6,0.0,0.0,0.0,0.0
11.35,0.0,0.0,0.0,0.0
11.6,0.0,0.0,0.0,0.0
11.45,0.0,0.0,0.0,0.0
15.46,0.0,0.0,0.0,0.0
14.22,0.0,0.0,0.0,0.0
14.18,0.0,0.0,0.0,0.0
12.97,0.0,0.0,0.0,0.0
12.38,0.0,0.0,0.0,0.0
11.19,0.0,0.0,0.0,0.0
14.8,0.62,0.0,0.0,0.0
27.94,1.69,0.0,0.0,134.553
54.6,3.11,21.44,0.0,344.309
45.87,3.38,49.25,0.0,509.46
40.48,3.46,72.57,0.0,618.499
45.39,4.18,82.28,0.0,694.448
44.47,4.93,83.12,0.0,692.952
46.05,4.68,90.68,0.0,568.758
46.97,2.94,89.41,0.0,501.55
42.49,2.85,84.37,0.0,369.274
52.36,3.81,69.52,0.0,137.204
41.21,2.25,57.03,0.0,0.0
21.55,1.83,49.05,0.0,0.0
20.05,1.28,43.06,0.0,0.0
20.77,1.45,36.31,0.0,0.0
19.16,0.69,39.61,0.0,0.0
18.23,0.44,0.0,0.0,0.0
17.01,0.44,0.0,0.0,0.0
14.22,0.0,0.0,0.0,0.0
13.83,0.0,0.0,0.0,0.0
14.61,0.0,0.0,0.0,0.0
15.41,0.0,0.0,0.0,0.0
14.48,0.0,0.0,0.0,0.0
15.18,0.0,0.0,0.0,0.0
18.98,0.62,48.19,0.0,0.0
31.25,1.69,68.6,0.0,104.58
59.94,3.12,80.77,0.0,295.136
49.21,3.38,92.29,0.0,352.582
49.92,3.47,105.07,0.0,488.716
45.24,4.14,119.26,0.0,651.508
50.67,4.94,124.64,0.0,622.747
47.64,4.69,117.13,0.0,323.639
41.97,2.95,107.58,0.0,151.974
43.66,2.86,100.12,0.0,84.9353
42.74,3.81,98.8,0.0,18.6419
39.62,2.26,96.25,0.0,0.0
17.78,1.82,88.79,0.0,0.0
17.16,1.28,84.47,0.0,0.0
18.33,1.48,81.98,0.0,0.0
18.21,0.71,81.25,0.0,0.0
19.16,0.45,0.0,0.0,0.0
19.16,0.45,0.0,0.0,0.0
15.46,0.0,0.0,0.0,0.0
15.46,0.0,0.0,0.0,0.0
15.46,0.0,0.0,0.0,0.0
14.85,0.0,0.0,0.0,0.0
14.75,0.0,0.0,0.0,0.0
14.36,0.0,0.0,0.0,0.0
15.8,0.62,74.45,0.0,0.0
29.45,1.7,73.15,0.0,109.69
57.43,3.12,81.14,0.0,255.614
50.99,3.39,82.94,0.0,144.595
43.93,3.48,82.98,0.0,226.179
44.71,4.16,91.95,0.0,296.514
49.76,4.96,104.95,0.0,594.482
52.39,4.69,122.66,0.0,562.955
48.96,2.95,133.43,0.0,467.292
44.38,2.87,129.78,0.0,329.207
43.63,3.83,111.77,0.0,115.809
38.99,2.26,99.23,0.0,0.0
19.46,1.83,89.39,0.0,0.0
16.22,1.31,83.1,0.0,0.0
14.42,1.47,79.04,0.0,0.0
13.85,0.7,71.74,0.0,0.0
13.65,0.45,0.0,0.0,0.0
14.95,0.45,0.0,0.0,0.0
10.96,0.0,0.0,0.0,0.0
10.17,0.0,0.0,0.0,0.0
10.93,0.0,0.0,0.0,0.0
11.66,0.0,0.0,0.0,0.0
12.37,0.0,0.0,0.0,0.0
13.11,0.0,0.0,0.0,0.0
14.33,0.63,68.15,0.0,0.0
22.87,1.7,62.88,0.0,106.178
52.0,3.13,71.75,0.0,313.283
42.4,3.4,78.19,0.0,475.212
41.52,3.49,90.94,0.0,584.564
47.75,4.16,97.12,0.0,645.1569999999999
53.32,4.96,99.25,0.0,650.245
51.58,4.71,105.88,0.0,601.544
45.3,2.96,108.8,0.0,504.5580000000001
50.13,2.87,107.27,0.0,334.277
49.25,3.83,91.92,0.0,117.122
42.12,2.27,65.41,0.0,0.0
17.93,1.83,48.27,0.0,0.0
15.53,1.28,42.49,0.0,0.0
15.42,1.47,57.22,0.0,0.0
15.3,0.71,64.67,0.0,0.0
16.68,0.45,0.0,0.0,0.0
15.86,0.45,0.0,0.0,0.0
11.45,0.0,0.0,0.0,0.0
11.1,0.0,0.0,0.0,0.0
11.51,0.0,0.0,0.0,0.0
12.31,0.0,0.0,0.0,0.0
12.73,0.0,0.0,0.0,0.0
13.74,0.0,0.0,0.0,0.0
16.77,0.63,7.49,0.0,0.0
27.26,1.7,8.84,0.0,71.255
64.55,3.14,14.81,0.0,179.47799999999998
52.82,3.4,19.19,0.0,401.298
47.31,3.49,22.36,0.0,552.969
48.7,4.18,31.31,0.0,626.2
53.05,4.98,40.79,0.0,695.57
52.04,4.72,48.46,0.0,642.73
42.02,2.97,51.51,0.0,538.121
39.01,2.87,49.2,0.0,368.615
43.29,3.85,38.39,0.0,136.45600000000002
32.88,2.26,19.06,0.0,0.0
17.24,1.85,13.53,0.0,0.0
16.58,1.3,19.43,0.0,0.0
17.66,1.46,22.72,0.0,0.0
14.77,0.69,21.99,0.0,0.0
13.66,0.45,0.0,0.0,0.0
14.24,0.45,0.0,0.0,0.0
8.95,0.0,0.0,0.0,0.0
9.68,0.0,0.0,0.0,0.0
10.17,0.0,0.0,0.0,0.0
9.54,0.0,0.0,0.0,0.0
9.12,0.0,0.0,0.0,0.0
8.95,0.0,0.0,0.0,0.0
10.2,0.36,0.0,0.0,0.0
12.17,0.36,0.0,0.0,115.491
11.34,0.36,0.0,0.0,289.904
10.36,0.36,0.0,0.0,447.934
11.33,0.36,14.14,0.0,616.004
11.05,0.54,28.5,0.0,655.6
12.48,0.54,31.24,0.0,629.318
11.23,0.81,31.22,0.0,585.368
11.71,0.54,43.94,0.0,433.141
12.97,0.36,27.87,0.0,303.397
13.05,0.36,0.0,0.0,101.554
14.04,0.36,0.0,0.0,0.0
11.6,0.0,0.0,0.0,0.0
11.6,0.0,0.0,0.0,0.0
10.61,0.0,0.0,0.0,0.0
10.57,0.0,0.0,0.0,0.0
9.66,0.0,0.0,0.0,0.0
9.23,0.0,0.0,0.0,0.0
9.9,0.0,0.0,0.0,0.0
9.43,0.0,0.0,0.0,0.0
10.07,0.0,0.0,0.0,0.0
9.61,0.0,0.0,0.0,0.0
9.36,0.0,0.0,0.0,0.0
9.86,0.0,0.0,0.0,0.0
11.71,0.36,0.0,0.0,0.0
12.31,0.36,0.0,0.0,78.8207
11.55,0.36,0.0,0.0,140.494
10.56,0.36,0.0,0.0,309.268
11.18,0.36,0.0,0.0,435.12
10.21,0.54,40.88,0.0,412.804
10.34,0.54,0.0,0.0,288.743
11.12,0.81,0.0,0.0,97.743
11.11,0.54,38.47,0.0,347.63199999999995
11.64,0.36,0.0,0.0,282.157
12.98,0.36,0.0,0.0,71.5868
12.99,0.36,0.0,0.0,0.0
11.1,0.0,0.0,0.0,0.0
11.2,0.0,0.0,0.0,0.0
10.01,0.0,0.0,0.0,0.0
9.02,0.0,0.0,0.0,0.0
9.7,0.0,0.0,0.0,0.0
8.69,0.0,0.0,0.0,0.0
11.76,0.0,0.0,0.0,0.0
11.29,0.0,0.0,0.0,0.0
11.53,0.0,0.0,0.0,0.0
13.43,0.0,0.0,0.0,0.0
14.17,0.0,0.0,0.0,0.0
13.9,0.0,0.0,0.0,0.0
15.0,0.63,158.97,0.0,0.0
28.59,1.71,139.87,0.0,79.9107
54.73,3.16,149.5,0.0,180.79
47.45,3.43,166.4,0.0,366.329
41.04,3.52,180.02,0.0,457.231
40.33,4.23,188.85,0.0,456.336
42.78,5.01,188.41,0.0,389.347
44.36,4.74,185.4,0.0,290.76
39.41,2.99,184.39,0.0,307.905
37.66,2.9,186.57,0.0,283.152
51.47,3.87,172.74,0.0,85.3504
43.97,2.28,150.35,0.0,0.0
22.69,1.84,139.04,0.0,0.0
19.03,1.33,135.97,0.0,0.0
20.42,1.49,136.03,0.0,0.0
17.04,0.71,132.92,0.0,0.0
16.1,0.45,0.0,0.0,0.0
16.11,0.45,0.0,0.0,0.0
13.62,0.0,0.0,0.0,0.0
12.54,0.0,0.0,0.0,0.0
13.71,0.0,0.0,0.0,0.0
12.46,0.0,0.0,0.0,0.0
11.83,0.0,0.0,0.0,0.0
12.8,0.0,0.0,0.0,0.0
17.28,0.63,154.72,0.0,0.0
30.24,1.72,148.06,0.0,0.0
56.23,3.16,108.9,0.0,10.7071
49.3,3.43,62.36,0.0,55.1513
45.14,3.52,66.18,0.0,255.213
52.62,4.2,78.34,0.0,395.208
49.07,5.02,79.43,0.0,326.333
47.13,4.75,75.54,0.0,359.182
43.15,2.99,70.86,0.0,365.235
44.51,2.91,63.64,0.0,217.118
50.44,3.87,51.15,0.0,62.6778
40.39,2.29,39.73,0.0,0.0
20.35,1.84,33.22,0.0,0.0
15.53,1.34,29.69,0.0,0.0
15.57,1.5,28.2,0.0,0.0
13.93,0.71,26.45,0.0,0.0
13.49,0.45,0.0,0.0,0.0
13.07,0.45,0.0,0.0,0.0
10.75,0.0,0.0,0.0,0.0
10.27,0.0,0.0,0.0,0.0
12.0,0.0,0.0,0.0,0.0
11.88,0.0,0.0,0.0,0.0
11.44,0.0,0.0,0.0,0.0
11.35,0.0,0.0,0.0,0.0
16.23,0.63,0.0,0.0,0.0
25.81,1.72,0.0,0.0,108.878
57.1,3.17,3.47,0.0,333.55
43.34,3.44,10.93,0.0,520.795
40.99,3.53,16.8,0.0,636.639
40.59,4.21,17.07,0.0,703.5419999999999
48.79,5.03,23.77,0.0,692.942
50.03,4.76,31.31,0.0,642.361
46.65,3.0,31.54,0.0,528.028
48.62,2.91,30.46,0.0,350.161
52.63,3.88,21.07,0.0,129.619
44.97,2.29,8.72,0.0,0.0
19.46,1.85,0.63,0.0,0.0
16.49,1.33,0.0,0.0,0.0
16.01,1.5,0.0,0.0,0.0
15.77,0.71,0.0,0.0,0.0
14.83,0.45,0.0,0.0,0.0
16.56,0.45,0.0,0.0,0.0
13.82,0.0,0.0,0.0,0.0
12.47,0.0,0.0,0.0,0.0
13.61,0.0,0.0,0.0,0.0
12.29,0.0,0.0,0.0,0.0
12.04,0.0,0.0,0.0,0.0
13.58,0.0,0.0,0.0,0.0
17.81,0.63,12.47,0.0,0.0
33.24,1.72,15.23,0.0,86.1811
70.91,3.17,23.76,0.0,244.004
60.44,3.45,30.93,0.0,315.768
54.64,3.54,37.55,0.0,452.283
51.29,4.21,46.27,0.0,577.2
57.59,5.04,49.43,0.0,629.874
52.05,4.77,47.18,0.0,519.646
42.37,3.01,42.13,0.0,424.068
40.64,2.92,37.71,0.0,270.987
47.1,3.89,33.53,0.0,83.6436
36.48,2.3,30.17,0.0,0.0
20.41,1.86,28.59,0.0,0.0
16.05,1.33,29.38,0.0,0.0
15.83,1.49,32.69,0.0,0.0
13.13,0.71,35.43,0.0,0.0
14.39,0.45,0.0,0.0,0.0
15.89,0.45,0.0,0.0,0.0
14.19,0.0,0.0,0.0,0.0
13.55,0.0,0.0,0.0,0.0
13.36,0.0,0.0,0.0,0.0
12.52,0.0,0.0,0.0,0.0
13.01,0.0,0.0,0.0,0.0
13.78,0.0,0.0,0.0,0.0
17.33,0.64,16.2,0.0,0.0
28.65,1.73,18.49,0.0,28.6881
59.87,3.18,24.28,0.0,85.8702
44.2,3.45,28.98,0.0,45.429
48.42,3.54,33.75,0.0,121.11
55.42,4.22,42.4,0.0,92.2269
56.98,5.05,47.47,0.0,124.343
56.14,4.78,48.77,0.0,296.793
47.49,3.01,48.54,0.0,40.6074
48.82,2.92,48.76,0.0,27.3814
51.92,3.9,49.71,0.0,3.23333
38.24,2.3,44.84,0.0,0.0
16.91,1.87,39.51,0.0,0.0
13.81,1.32,37.65,0.0,0.0
13.79,1.48,40.33,0.0,0.0
12.4,0.7,50.97,0.0,0.0
15.37,0.45,0.0,0.0,0.0
14.48,0.45,0.0,0.0,0.0
9.07,0.0,0.0,0.0,0.0
8.17,0.0,0.0,0.0,0.0
8.82,0.0,0.0,0.0,0.0
8.07,0.0,0.0,0.0,0.0
8.67,0.0,0.0,0.0,0.0
8.28,0.0,0.0,0.0,0.0
15.43,0.64,56.18,0.0,0.0
20.76,1.0,76.41,0.0,33.993
23.82,1.37,76.66,0.0,57.4466
26.65,1.91,77.87,0.0,36.3378
26.09,1.73,81.12,0.0,19.799
29.99,2.09,87.98,0.0,89.3854
20.83,1.82,90.7,0.0,207.365
16.19,1.73,81.35,0.0,159.56
14.02,1.37,75.64,0.0,54.5264
15.53,1.18,74.52,0.0,23.9917
17.46,1.27,71.36,0.0,2.4192400000000003
14.67,0.64,66.83,0.0,0.0
11.28,0.64,0.0,0.0,0.0
8.42,0.0,0.0,0.0,0.0
8.54,0.0,0.0,0.0,0.0
9.9,0.0,0.0,0.0,0.0
10.31,0.0,0.0,0.0,0.0
8.93,0.0,0.0,0.0,0.0
9.54,0.0,0.0,0.0,0.0
10.53,0.0,0.0,0.0,0.0
9.71,0.0,0.0,0.0,0.0
8.46,0.0,0.0,0.0,0.0
9.94,0.0,0.0,0.0,0.0
9.65,0.0,0.0,0.0,0.0
11.43,0.36,0.0,0.0,0.0
12.28,0.36,0.0,0.0,10.5458
11.36,0.36,0.0,0.0,42.1811
11.06,0.36,0.0,0.0,34.2871
11.81,0.36,0.0,0.0,29.3449
10.79,0.55,0.0,0.0,31.0628
10.96,0.55,0.0,0.0,98.1094
9.78,0.82,0.0,0.0,348.875
9.43,0.55,0.0,0.0,280.79900000000004
10.41,0.36,0.0,0.0,168.06900000000002
11.43,0.36,0.0,0.0,40.786
12.36,0.36,0.0,0.0,0.0
10.09,0.0,0.0,0.0,0.0
10.67,0.0,0.0,0.0,0.0
9.8,0.0,0.0,0.0,0.0
9.07,0.0,0.0,0.0,0.0
9.42,0.0,0.0,0.0,0.0
9.07,0.0,0.0,0.0,0.0
12.72,0.0,0.0,0.0,0.0
11.07,0.0,0.0,0.0,0.0
11.97,0.0,0.0,0.0,0.0
10.66,0.0,0.0,0.0,0.0
11.07,0.0,0.0,0.0,0.0
12.9,0.0,0.0,0.0,0.0
14.73,0.64,13.8,0.0,0.0
22.87,1.74,8.64,0.0,90.9159
47.49,3.2,10.8,0.0,131.246
45.8,3.47,16.03,0.0,159.671
41.78,3.56,19.0,0.0,204.168
43.82,4.27,22.18,0.0,303.07
42.67,5.08,28.76,0.0,326.161
42.21,4.81,33.92,0.0,288.769
41.06,3.03,32.22,0.0,463.492
45.35,2.93,29.82,0.0,353.47
52.21,3.92,23.4,0.0,124.029
39.53,2.31,14.84,0.0,0.0
18.15,1.88,14.61,0.0,0.0
14.74,1.31,17.66,0.0,0.0
14.29,1.5,18.54,0.0,0.0
13.15,0.73,18.24,0.0,0.0
14.23,0.46,0.0,0.0,0.0
14.44,0.46,0.0,0.0,0.0
12.16,0.0,0.0,0.0,0.0
13.14,0.0,0.0,0.0,0.0
13.22,0.0,0.0,0.0,0.0
13.78,0.0,0.0,0.0,0.0
14.03,0.0,0.0,0.0,0.0
12.27,0.0,0.0,0.0,0.0
15.15,0.64,12.57,0.0,0.0
26.47,1.74,13.25,0.0,82.6243
56.88,3.2,18.63,0.0,281.323
43.12,3.48,27.83,0.0,233.977
49.12,3.57,38.68,0.0,238.47
46.31,4.26,44.69,0.0,245.976
48.07,5.09,50.45,0.0,262.783
54.72,4.82,54.62,0.0,299.181
44.88,3.03,50.5,0.0,424.337
44.26,2.95,45.26,0.0,322.013
48.42,3.93,43.68,0.0,97.7531
39.27,2.32,43.07,0.0,0.0
16.87,1.88,42.83,0.0,0.0
14.87,1.34,44.03,0.0,0.0
17.24,1.5,44.85,0.0,0.0
16.22,0.71,42.88,0.0,0.0
15.58,0.46,0.0,0.0,0.0
13.94,0.46,0.0,0.0,0.0
10.25,0.0,0.0,0.0,0.0
11.92,0.0,0.0,0.0,0.0
12.82,0.0,0.0,0.0,0.0
14.07,0.0,0.0,0.0,0.0
14.41,0.0,0.0,0.0,0.0
15.09,0.0,0.0,0.0,0.0
18.87,0.64,3.95,0.0,0.0
32.41,1.74,0.0,0.0,35.6453
63.38,3.21,0.0,0.0,86.6443
49.19,3.48,0.0,0.0,50.4302
41.59,3.58,0.0,0.0,43.6087
50.02,4.25,0.0,0.0,126.78
54.4,5.1,0.0,0.0,139.25
55.68,4.83,0.0,0.0,126.375
50.86,3.04,0.0,0.0,42.7595
52.57,2.95,0.0,0.0,10.2977
54.02,3.93,0.0,0.0,0.0
45.41,2.33,0.0,0.0,0.0
23.63,1.86,0.0,0.0,0.0
19.76,1.37,0.0,0.0,0.0
20.55,1.53,0.0,0.0,0.0
18.93,0.72,0.0,0.0,0.0
19.16,0.46,0.0,0.0,0.0
19.05,0.46,0.0,0.0,0.0
13.87,0.0,0.0,0.0,0.0
13.78,0.0,0.0,0.0,0.0
14.22,0.0,0.0,0.0,0.0
13.29,0.0,0.0,0.0,0.0
11.72,0.0,0.0,0.0,0.0
11.57,0.0,0.0,0.0,0.0
13.4,0.64,0.0,0.0,0.0
28.3,1.74,0.0,0.0,89.4992
65.7,3.21,0.0,0.0,315.028
53.56,3.49,0.0,0.0,506.269
47.74,3.58,0.0,0.0,636.955
44.63,4.26,0.0,0.0,700.0269999999999
51.38,5.11,0.0,0.0,710.166
52.75,4.83,0.0,0.0,657.285
51.8,3.04,0.0,0.0,548.026
47.51,2.95,0.0,0.0,380.227
55.43,3.94,0.0,0.0,142.118
38.24,2.33,0.0,0.0,0.0
17.31,1.88,0.0,0.0,0.0
17.41,1.32,0.0,0.0,0.0
16.97,1.53,0.0,0.0,0.0
14.57,0.73,0.0,0.0,0.0
14.63,0.46,0.0,0.0,0.0
14.34,0.46,0.0,0.0,0.0
13.46,0.0,0.0,0.0,0.0
12.72,0.0,0.0,0.0,0.0
13.92,0.0,0.0,0.0,0.0
14.15,0.0,0.0,0.0,0.0
13.3,0.0,0.0,0.0,0.0
14.24,0.0,0.0,0.0,0.0
17.89,0.64,0.0,0.0,0.0
29.24,1.75,0.0,0.0,90.3767
66.74,3.22,0.0,0.0,312.186
57.15,3.5,0.0,0.0,506.449
48.23,3.59,0.0,0.0,632.121
49.69,4.27,0.0,0.0,711.4830000000001
52.79,5.12,0.0,0.0,714.227
57.33,4.84,0.0,0.0,668.303
51.63,3.05,0.0,0.0,550.271
52.82,2.96,0.0,0.0,389.715
58.76,3.95,0.0,0.0,147.611
42.03,2.33,0.0,0.0,0.0
18.01,1.89,0.0,0.0,0.0
15.99,1.32,0.0,0.0,0.0
14.99,1.52,0.0,0.0,0.0
15.44,0.73,0.0,0.0,0.0
16.71,0.46,0.0,0.0,0.0
16.05,0.46,0.0,0.0,0.0
9.76,0.0,0.0,0.0,0.0
8.53,0.0,0.0,0.0,0.0
9.55,0.0,0.0,0.0,0.0
8.72,0.0,0.0,0.0,0.0
8.2,0.0,0.0,0.0,0.0
8.27,0.0,0.0,0.0,0.0
12.81,0.65,0.0,0.0,0.0
16.88,1.01,0.0,0.0,81.5796
22.41,1.38,4.49,0.0,288.54900000000004
28.08,1.94,27.44,0.0,460.754
24.22,1.75,48.76,0.0,591.502
28.53,2.12,67.49,0.0,659.9730000000001
21.55,1.84,74.38,0.0,668.505
16.81,1.75,74.83,0.0,629.883
17.19,1.38,73.84,0.0,519.762
16.59,1.2,69.55,0.0,353.916
18.38,1.29,64.21,0.0,128.57
16.79,0.65,57.84,0.0,0.0
14.37,0.65,0.0,0.0,0.0
10.94,0.0,0.0,0.0,0.0
11.6,0.0,0.0,0.0,0.0
11.19,0.0,0.0,0.0,0.0
11.3,0.0,0.0,0.0,0.0
10.39,0.0,0.0,0.0,0.0
9.83,0.0,0.0,0.0,0.0
10.41,0.0,0.0,0.0,0.0
9.62,0.0,0.0,0.0,0.0
10.41,0.0,0.0,0.0,0.0
11.14,0.0,0.0,0.0,0.0
11.6,0.0,0.0,0.0,0.0
13.37,0.37,0.0,0.0,0.0
14.07,0.37,0.0,0.0,74.6856
14.15,0.37,0.0,0.0,268.813
14.37,0.37,0.0,0.0,434.55300000000005
13.83,0.37,73.68,0.0,555.364
14.37,0.55,84.85,0.0,613.618
13.38,0.55,58.6,0.0,612.856
14.07,0.83,89.41,0.0,511.319
12.57,0.55,86.56,0.0,405.8130000000001
12.6,0.37,56.99,0.0,315.702
12.13,0.37,0.0,0.0,105.976
11.16,0.37,0.0,0.0,0.0
8.24,0.0,0.0,0.0,0.0
9.68,0.0,0.0,0.0,0.0
9.96,0.0,0.0,0.0,0.0
8.65,0.0,0.0,0.0,0.0
9.78,0.0,0.0,0.0,0.0
9.1,0.0,0.0,0.0,0.0
12.06,0.0,0.0,0.0,0.0
11.89,0.0,0.0,0.0,0.0
11.91,0.0,0.0,0.0,0.0
12.22,0.0,0.0,0.0,0.0
13.21,0.0,0.0,0.0,0.0
13.14,0.0,0.0,0.0,0.0
15.33,0.65,114.23,0.0,0.0
25.6,1.76,113.66,0.0,68.083
54.72,3.24,123.12,0.0,196.139
44.53,3.51,127.15,0.0,126.981
39.04,3.61,134.8,0.0,278.427
47.25,4.32,148.85,0.0,331.235
50.01,5.14,167.86,0.0,523.383
54.13,4.88,163.51,0.0,367.621
52.04,3.06,143.51,0.0,65.5529
47.53,2.97,134.86,0.0,49.453
51.98,3.97,118.13,0.0,9.7268
40.39,2.34,104.22,0.0,0.0
18.93,1.89,101.05,0.0,0.0
17.72,1.36,100.11,0.0,0.0
19.43,1.53,96.15,0.0,0.0
17.42,0.72,96.21,0.0,0.0
18.33,0.46,0.0,0.0,0.0
19.16,0.46,0.0,0.0,0.0
14.01,0.0,0.0,0.0,0.0
14.91,0.0,0.0,0.0,0.0
13.57,0.0,0.0,0.0,0.0
13.91,0.0,0.0,0.0,0.0
12.52,0.0,0.0,0.0,0.0
11.32,0.0,0.0,0.0,0.0
16.2,0.65,59.72,0.0,0.0
27.48,1.76,48.28,0.0,63.1872
64.53,3.24,49.33,0.0,245.412
50.18,3.52,47.66,0.0,168.69400000000002
48.85,3.61,46.96,0.0,149.005
53.92,4.29,48.11,0.0,168.297
58.95,5.15,49.39,0.0,181.399
54.5,4.88,48.44,0.0,138.00799999999998
50.03,3.07,43.23,0.0,84.0649
44.69,2.98,45.5,0.0,228.364
52.67,3.97,43.44,0.0,98.669
44.38,2.35,38.88,0.0,0.0
20.08,1.89,36.06,0.0,0.0
17.25,1.36,36.13,0.0,0.0
18.91,1.52,34.6,0.0,0.0
15.38,0.72,28.55,0.0,0.0
13.95,0.46,0.0,0.0,0.0
13.94,0.46,0.0,0.0,0.0
10.32,0.0,0.0,0.0,0.0
12.41,0.0,0.0,0.0,0.0
11.49,0.0,0.0,0.0,0.0
10.58,0.0,0.0,0.0,0.0
11.54,0.0,0.0,0.0,0.0
10.72,0.0,0.0,0.0,0.0
14.94,0.65,0.0,0.0,0.0
24.04,1.76,0.0,0.0,72.0592
59.27,3.25,0.0,0.0,279.903
45.01,3.52,0.0,0.0,472.175
39.59,3.62,0.0,0.0,605.937
42.72,4.3,0.0,0.0,660.7669999999999
45.52,5.15,0.0,0.0,693.202
44.06,4.89,0.0,0.0,642.184
45.33,3.07,0.07,0.0,547.198
43.5,2.98,2.66,0.0,370.709
52.56,3.98,0.95,0.0,140.381
39.56,2.35,0.0,0.0,0.0
21.08,1.9,0.0,0.0,0.0
19.44,1.36,0.0,0.0,0.0
17.29,1.52,0.0,0.0,0.0
15.67,0.72,0.0,0.0,0.0
15.88,0.46,0.0,0.0,0.0
16.75,0.46,0.0,0.0,0.0
11.7,0.0,0.0,0.0,0.0
12.45,0.0,0.0,0.0,0.0
13.85,0.0,0.0,0.0,0.0
14.96,0.0,0.0,0.0,0.0
15.46,0.0,0.0,0.0,0.0
15.21,0.0,0.0,0.0,0.0
19.16,0.65,0.0,0.0,0.0
33.26,1.76,0.0,0.0,71.2502
65.46,3.25,0.0,0.0,271.117
58.45,3.53,0.35,0.0,448.835
58.02,3.62,13.89,0.0,523.9169999999999
56.22,4.3,43.0,0.0,409.331
60.14,5.16,75.3,0.0,388.066
55.3,4.89,87.12,0.0,260.788
55.1,3.08,88.76,0.0,153.826
57.74,2.99,94.24,0.0,264.59
59.49,3.99,97.2,0.0,115.792
48.76,2.35,94.58,0.0,0.0
22.56,1.91,90.46,0.0,0.0
19.17,1.35,89.56,0.0,0.0
19.5,1.52,88.08,0.0,0.0
16.34,0.74,87.05,0.0,0.0
16.56,0.46,0.0,0.0,0.0
15.01,0.46,0.0,0.0,0.0
13.68,0.0,0.0,0.0,0.0
11.89,0.0,0.0,0.0,0.0
11.01,0.0,0.0,0.0,0.0
10.61,0.0,0.0,0.0,0.0
10.18,0.0,0.0,0.0,0.0
10.9,0.0,0.0,0.0,0.0
13.79,0.65,110.88,0.0,0.0
28.05,1.77,108.12,0.0,60.406000000000006
60.35,3.26,124.88,0.0,245.828
51.86,3.53,142.47,0.0,361.26
43.5,3.63,146.37,0.0,314.708
45.03,4.33,152.83,0.0,314.158
52.37,5.17,167.23,0.0,487.815
53.46,4.9,167.07,0.0,376.516
45.58,3.08,157.77,0.0,203.169
43.57,2.99,161.86,0.0,322.676
47.36,3.99,155.93,0.0,105.656
35.74,2.36,142.74,0.0,0.0
20.15,1.89,130.67,0.0,0.0
18.24,1.39,125.78,0.0,0.0
17.71,1.55,123.06,0.0,0.0
16.91,0.73,118.89,0.0,0.0
14.97,0.47,0.0,0.0,0.0
16.16,0.47,0.0,0.0,0.0
8.59,0.0,0.0,0.0,0.0
8.71,0.0,0.0,0.0,0.0
9.26,0.0,0.0,0.0,0.0
8.67,0.0,0.0,0.0,0.0
8.41,0.0,0.0,0.0,0.0
9.12,0.0,0.0,0.0,0.0
15.01,0.65,50.13,0.0,0.0
20.14,1.02,0.0,0.0,60.9716
23.68,1.4,0.0,0.0,44.8252
26.26,1.96,0.0,0.0,15.585
22.19,1.77,0.0,0.0,57.9815
22.5,2.14,0.0,0.0,28.7281
16.11,1.86,0.0,0.0,66.9843
17.49,1.77,0.0,0.0,95.5435
16.85,1.4,0.0,0.0,56.7861
16.59,1.21,0.0,0.0,19.4664
15.41,1.3,0.0,0.0,1.92303
14.91,0.65,0.0,0.0,0.0
12.9,0.65,0.0,0.0,0.0
10.94,0.0,0.0,0.0,0.0
11.6,0.0,0.0,0.0,0.0
11.6,0.0,0.0,0.0,0.0
11.6,0.0,0.0,0.0,0.0
11.01,0.0,0.0,0.0,0.0
11.6,0.0,0.0,0.0,0.0
10.99,0.0,0.0,0.0,0.0
11.6,0.0,0.0,0.0,0.0
11.6,0.0,0.0,0.0,0.0
11.36,0.0,0.0,0.0,0.0
10.84,0.0,0.0,0.0,0.0
11.89,0.37,0.0,0.0,0.0
12.52,0.37,0.0,0.0,61.4738
11.52,0.37,0.0,0.0,151.942
12.69,0.37,0.0,0.0,177.47799999999998
11.12,0.37,0.0,0.0,244.03
10.81,0.56,0.0,0.0,364.182
11.19,0.56,0.0,0.0,626.591
10.68,0.84,0.0,0.0,491.654
11.32,0.56,0.0,0.0,532.809
10.16,0.37,0.0,0.0,366.819
11.31,0.37,0.0,0.0,137.319
11.14,0.37,0.0,0.0,0.0
8.23,0.0,0.0,0.0,0.0
9.77,0.0,0.0,0.0,0.0
9.71,0.0,0.0,0.0,0.0
9.1,0.0,0.0,0.0,0.0
9.74,0.0,0.0,0.0,0.0
8.83,0.0,0.0,0.0,0.0
10.78,0.0,0.0,0.0,0.0
12.81,0.0,0.0,0.0,0.0
11.36,0.0,0.0,0.0,0.0
10.74,0.0,0.0,0.0,0.0
12.15,0.0,0.0,0.0,0.0
11.26,0.0,0.0,0.0,0.0
14.09,0.65,0.0,0.0,0.0
22.46,1.78,0.0,0.0,70.3859
52.18,3.27,0.0,0.0,282.24
49.17,3.55,0.0,0.0,469.631
52.32,3.64,0.0,0.0,597.5880000000001
47.44,4.36,0.0,0.0,653.4209999999999
45.51,5.19,0.0,0.0,675.5
41.71,4.92,0.0,0.0,630.986
39.67,3.1,0.0,0.0,530.32
38.81,3.01,0.0,0.0,369.8130000000001
42.87,4.01,0.0,0.0,137.196
36.73,2.36,0.0,0.0,0.0
19.44,1.92,0.0,0.0,0.0
15.78,1.35,0.0,0.0,0.0
15.02,1.55,0.0,0.0,0.0
15.88,0.75,0.0,0.0,0.0
15.33,0.47,0.0,0.0,0.0
14.11,0.47,0.0,0.0,0.0
12.97,0.0,0.0,0.0,0.0
12.71,0.0,0.0,0.0,0.0
14.07,0.0,0.0,0.0,0.0
14.85,0.0,0.0,0.0,0.0
14.44,0.0,0.0,0.0,0.0
15.19,0.0,0.0,0.0,0.0
17.49,0.65,0.0,0.0,0.0
27.72,1.78,0.0,0.0,60.1844
64.34,3.27,0.0,0.0,214.584
59.25,3.55,2.92,0.0,220.479
53.96,3.65,21.4,0.0,273.011
58.96,4.34,28.1,0.0,340.516
61.69,5.2,32.71,0.0,323.884
62.45,4.93,37.3,0.0,256.845
55.88,3.1,35.14,0.0,112.068
54.15,3.01,33.97,0.0,63.8444
61.64,4.02,27.6,0.0,15.1526
45.71,2.37,20.18,0.0,0.0
22.62,1.92,14.34,0.0,0.0
19.62,1.37,9.11,0.0,0.0
20.77,1.53,9.59,0.0,0.0
19.16,0.72,7.24,0.0,0.0
19.16,0.47,0.0,0.0,0.0
19.16,0.47,0.0,0.0,0.0
15.46,0.0,0.0,0.0,0.0
14.5,0.0,0.0,0.0,0.0
15.27,0.0,0.0,0.0,0.0
14.6,0.0,0.0,0.0,0.0
14.61,0.0,0.0,0.0,0.0
13.96,0.0,0.0,0.0,0.0
17.26,0.66,13.93,0.0,0.0
32.6,1.78,20.4,0.0,0.1177319999999999
70.91,3.28,36.9,0.0,13.531
57.49,3.56,48.94,0.0,66.5763
55.1,3.65,59.06,0.0,88.9328
50.54,4.33,69.21,0.0,116.959
51.57,5.21,50.08,0.0,112.856
46.74,4.93,46.48,0.0,139.109
46.55,3.11,51.96,0.0,81.9522
50.23,3.01,61.86,0.0,223.488
56.92,4.02,65.88,0.0,88.7977
48.82,2.38,53.37,0.0,0.0
24.0,1.92,49.49,0.0,0.0
20.77,1.35,53.33,0.0,0.0
19.93,1.56,56.99,0.0,0.0
17.16,0.74,58.97,0.0,0.0
16.26,0.47,0.0,0.0,0.0
16.32,0.47,0.0,0.0,0.0
13.14,0.0,0.0,0.0,0.0
14.42,0.0,0.0,0.0,0.0
15.07,0.0,0.0,0.0,0.0
13.87,0.0,0.0,0.0,0.0
14.91,0.0,0.0,0.0,0.0
13.61,0.0,0.0,0.0,0.0
17.03,0.66,29.34,0.0,0.0
27.12,1.78,30.95,0.0,54.3414
52.6,3.28,42.9,0.0,237.06
45.17,3.56,54.17,0.0,333.612
44.77,3.66,73.85,0.0,283.718
51.4,4.35,97.33,0.0,552.054
56.94,5.21,111.69,0.0,623.67
60.55,4.95,124.76,0.0,582.977
54.5,3.11,121.65,0.0,490.436
56.9,3.02,116.64,0.0,337.039
61.64,4.03,108.95,0.0,123.286
46.44,2.37,100.26,0.0,0.0
22.01,1.93,91.26,0.0,0.0
17.74,1.35,86.66,0.0,0.0
18.79,1.55,83.05,0.0,0.0
15.24,0.75,79.69,0.0,0.0
13.86,0.47,0.0,0.0,0.0
15.64,0.47,0.0,0.0,0.0
12.06,0.0,0.0,0.0,0.0
11.62,0.0,0.0,0.0,0.0
13.26,0.0,0.0,0.0,0.0
11.61,0.0,0.0,0.0,0.0
10.84,0.0,0.0,0.0,0.0
13.14,0.0,0.0,0.0,0.0
16.2,0.66,46.96,0.0,0.0
30.63,1.78,71.99,0.0,54.7174
57.14,3.29,91.78,0.0,237.024
49.24,3.57,116.11,0.0,407.643
51.88,3.66,132.78,0.0,488.702
55.88,4.35,133.81,0.0,321.953
57.4,5.22,150.85,0.0,584.781
56.12,4.95,158.03,0.0,580.224
47.26,3.11,156.22,0.0,489.306
43.82,3.02,150.66,0.0,345.093
47.01,4.03,139.19,0.0,133.487
42.55,2.38,123.73,0.0,0.0
18.74,1.93,113.1,0.0,0.0
17.43,1.37,106.73,0.0,0.0
15.86,1.54,98.29,0.0,0.0
15.48,0.75,92.34,0.0,0.0
15.75,0.47,0.0,0.0,0.0
16.44,0.47,0.0,0.0,0.0
10.55,0.0,0.0,0.0,0.0
11.4,0.0,0.0,0.0,0.0
11.6,0.0,0.0,0.0,0.0
11.18,0.0,0.0,0.0,0.0
11.24,0.0,0.0,0.0,0.0
11.41,0.0,0.0,0.0,0.0
14.06,0.38,0.0,0.0,0.0
14.37,0.38,0.0,0.0,58.5812
14.37,0.38,0.0,0.0,252.473
13.26,0.38,28.9,0.0,377.321
13.36,0.38,23.91,0.0,371.537
13.36,0.56,11.6,0.0,309.0
13.94,0.56,32.97,0.0,353.327
14.37,0.85,0.0,0.0,231.032
14.07,0.56,0.0,0.0,19.1664
13.3,0.38,0.0,0.0,242.797
12.96,0.38,0.0,0.0,121.63
12.96,0.38,0.0,0.0,0.0
10.15,0.0,0.0,0.0,0.0
8.93,0.0,0.0,0.0,0.0
10.1,0.0,0.0,0.0,0.0
10.83,0.0,0.0,0.0,0.0
11.11,0.0,0.0,0.0,0.0
10.99,0.0,0.0,0.0,0.0
9.83,0.0,0.0,0.0,0.0
9.2,0.0,0.0,0.0,0.0
8.39,0.0,0.0,0.0,0.0
7.95,0.0,0.0,0.0,0.0
9.48,0.0,0.0,0.0,0.0
10.19,0.0,0.0,0.0,0.0
13.48,0.38,0.0,0.0,0.0
14.3,0.38,0.0,0.0,55.918
14.37,0.38,42.0,0.0,244.36900000000003
14.37,0.38,46.17,0.0,378.638
13.95,0.38,49.63,0.0,314.862
14.37,0.56,0.0,0.0,90.3043
13.7,0.56,0.0,0.0,67.0614
14.07,0.85,87.15,0.0,479.3
14.37,0.56,112.69,0.0,344.088
14.37,0.38,85.81,0.0,338.13
13.23,0.38,46.83,0.0,125.156
12.5,0.38,0.0,0.0,0.0
10.46,0.0,0.0,0.0,0.0
11.0,0.0,0.0,0.0,0.0
11.52,0.0,0.0,0.0,0.0
11.6,0.0,0.0,0.0,0.0
11.6,0.0,0.0,0.0,0.0
11.52,0.0,0.0,0.0,0.0
15.0,0.0,0.0,0.0,0.0
14.44,0.0,0.0,0.0,0.0
15.14,0.0,0.0,0.0,0.0
13.81,0.0,0.0,0.0,0.0
12.96,0.0,0.0,0.0,0.0
12.53,0.0,0.0,0.0,0.0
16.48,0.66,133.98,0.0,0.0
27.33,1.79,116.02,0.0,54.104
59.45,3.3,128.81,0.0,232.91
45.16,3.58,140.57,0.0,326.093
48.17,3.68,140.08,0.0,153.69799999999998
44.28,4.4,162.09,0.0,386.227
49.1,5.24,174.95,0.0,486.508
46.94,4.96,182.42,0.0,429.619
46.96,3.13,183.98,0.0,476.529
48.96,3.03,180.71,0.0,315.282
53.23,4.05,163.69,0.0,112.304
44.81,2.39,134.94,0.0,0.0
23.36,1.92,121.7,0.0,0.0
20.77,1.37,117.46,0.0,0.0
20.44,1.58,116.93,0.0,0.0
17.09,0.75,117.0,0.0,0.0
16.66,0.47,0.0,0.0,0.0
15.46,0.47,0.0,0.0,0.0
12.8,0.0,0.0,0.0,0.0
12.7,0.0,0.0,0.0,0.0
11.57,0.0,0.0,0.0,0.0
11.43,0.0,0.0,0.0,0.0
10.49,0.0,0.0,0.0,0.0
10.09,0.0,0.0,0.0,0.0
13.23,0.66,116.9,0.0,0.0
23.95,1.79,114.98,0.0,0.0
53.71,3.3,138.53,0.0,224.518
42.92,3.59,157.13,0.0,392.3080000000001
45.71,3.68,162.97,0.0,423.273
44.04,4.37,171.8,0.0,436.077
49.72,5.25,167.65,0.0,360.74300000000005
49.78,4.97,172.61,0.0,348.709
44.78,3.13,180.27,0.0,403.249
40.56,3.04,178.1,0.0,336.477
43.19,4.05,163.61,0.0,132.84
35.67,2.39,135.93,0.0,0.0
16.75,1.94,124.57,0.0,0.0
16.25,1.35,120.39,0.0,0.0
18.04,1.59,114.89,0.0,0.0
14.48,0.75,111.91,0.0,0.0
16.68,0.47,0.0,0.0,0.0
17.43,0.47,0.0,0.0,0.0
12.54,0.0,0.0,0.0,0.0
12.97,0.0,0.0,0.0,0.0
11.81,0.0,0.0,0.0,0.0
10.73,0.0,0.0,0.0,0.0
11.12,0.0,0.0,0.0,0.0
12.16,0.0,0.0,0.0,0.0
15.95,0.66,128.68,0.0,0.0
27.72,1.79,120.48,0.0,0.0
61.84,3.31,114.15,0.0,143.305
53.15,3.59,93.97,0.0,275.628
48.18,3.68,74.09,0.0,392.15
53.92,4.38,64.21,0.0,435.585
51.62,5.25,55.64,0.0,421.778
57.07,4.98,47.78,0.0,312.777
46.36,3.13,40.41,0.0,306.826
46.88,3.04,34.05,0.0,208.511
46.13,4.06,28.55,0.0,80.1035
36.34,2.4,20.2,0.0,0.0
17.95,1.93,15.49,0.0,0.0
17.56,1.38,13.44,0.0,0.0
19.08,1.58,8.58,0.0,0.0
17.86,0.75,4.06,0.0,0.0
17.03,0.47,0.0,0.0,0.0
16.66,0.47,0.0,0.0,0.0
14.01,0.0,0.0,0.0,0.0
12.61,0.0,0.0,0.0,0.0
11.38,0.0,0.0,0.0,0.0
13.35,0.0,0.0,0.0,0.0
13.82,0.0,0.0,0.0,0.0
13.32,0.0,0.0,0.0,0.0
15.8,0.66,0.0,0.0,0.0
29.72,1.8,0.0,0.0,0.0
58.62,3.31,0.0,0.0,244.087
53.11,3.59,0.0,0.0,392.283
46.03,3.69,0.0,0.0,462.143
48.42,4.38,0.0,0.0,479.33
45.29,5.26,0.0,0.0,473.919
42.97,4.98,0.0,0.0,403.276
46.12,3.14,0.0,0.0,285.414
49.95,3.04,0.0,0.0,350.497
46.87,4.06,0.0,0.0,180.562
35.5,2.4,0.0,0.0,0.0
17.2,1.93,0.0,0.0,0.0
13.73,1.41,0.0,0.0,0.0
15.18,1.58,0.0,0.0,0.0
15.34,0.74,0.0,0.0,0.0
17.25,0.47,0.0,0.0,0.0
16.33,0.47,0.0,0.0,0.0
12.07,0.0,0.0,0.0,0.0
12.03,0.0,0.0,0.0,0.0
12.22,0.0,0.0,0.0,0.0
12.96,0.0,0.0,0.0,0.0
12.47,0.0,0.0,0.0,0.0
12.36,0.0,0.0,0.0,0.0
16.33,0.66,3.58,0.0,0.0
24.97,1.8,7.23,0.0,0.0
59.91,3.31,12.18,0.0,226.502
51.5,3.6,23.78,0.0,391.6230000000001
50.99,3.69,35.98,0.0,518.164
53.48,4.38,49.15,0.0,589.565
57.58,5.27,55.17,0.0,602.151
58.52,4.98,60.16,0.0,557.461
57.89,3.14,65.06,0.0,450.579
57.0,3.05,78.13,0.0,291.753
55.72,4.06,90.99,0.0,91.4206
41.13,2.41,96.47,0.0,0.0
17.87,1.93,95.95,0.0,0.0
15.96,1.41,95.71,0.0,0.0
15.77,1.57,93.6,0.0,0.0
13.89,0.74,99.39,0.0,0.0
15.96,0.47,0.0,0.0,0.0
14.88,0.47,0.0,0.0,0.0
9.28,0.0,0.0,0.0,0.0
9.28,0.0,0.0,0.0,0.0
9.28,0.0,0.0,0.0,0.0
9.28,0.0,0.0,0.0,0.0
9.28,0.0,0.0,0.0,0.0
9.28,0.0,0.0,0.0,0.0
11.5,0.38,0.0,0.0,0.0
11.5,0.38,0.0,0.0,0.0
11.5,0.38,0.0,0.0,110.928
11.5,0.38,0.0,0.0,181.073
11.5,0.38,0.0,0.0,134.134
11.5,0.57,0.0,0.0,224.256
11.5,0.57,0.0,0.0,204.707
11.5,0.85,0.0,0.0,287.875
11.5,0.57,0.0,0.0,109.491
11.5,0.38,0.0,0.0,65.26
11.5,0.38,0.0,0.0,18.0823
11.5,0.38,0.0,0.0,0.0
9.28,0.0,0.0,0.0,0.0
9.28,0.0,0.0,0.0,0.0
9.28,0.0,0.0,0.0,0.0
9.28,0.0,0.0,0.0,0.0
9.28,0.0,0.0,0.0,0.0
9.28,0.0,0.0,0.0,0.0
12.37,0.0,0.0,0.0,0.0
12.37,0.0,0.0,0.0,0.0
12.37,0.0,0.0,0.0,0.0
12.37,0.0,0.0,0.0,0.0
12.37,0.0,0.0,0.0,0.0
12.37,0.0,0.0,0.0,0.0
15.33,0.66,133.17,0.0,0.0
26.61,1.8,144.59,0.0,0.0
56.73,3.32,149.77,0.0,184.041
48.35,3.6,143.93,0.0,78.8528
46.41,3.7,142.53,0.0,23.1754
48.35,4.42,151.15,0.0,90.0525
49.35,5.28,156.3,0.0,174.025
49.96,5.0,158.95,0.0,230.349
46.41,3.15,153.9,0.0,100.995
46.41,3.05,121.85,0.0,20.4326
49.32,4.07,108.1,0.0,3.15285
39.15,2.41,108.77,0.0,0.0
19.2,1.94,107.56,0.0,0.0
16.62,1.4,103.5,0.0,0.0
16.62,1.57,94.53,0.0,0.0
15.33,0.74,86.68,0.0,0.0
15.33,0.47,0.0,0.0,0.0
15.33,0.47,0.0,0.0,0.0
12.37,0.0,0.0,0.0,0.0
12.37,0.0,0.0,0.0,0.0
12.37,0.0,0.0,0.0,0.0
12.37,0.0,0.0,0.0,0.0
12.37,0.0,0.0,0.0,0.0
12.37,0.0,0.0,0.0,0.0
15.33,0.66,40.88,0.0,0.0
26.61,1.8,32.72,0.0,0.0
56.73,3.32,36.44,0.0,130.71200000000002
48.35,3.61,43.1,0.0,261.279
46.41,3.7,67.75,0.0,420.507
48.35,4.39,93.17,0.0,538.861
49.35,5.28,105.04,0.0,655.4580000000001
49.96,5.0,111.48,0.0,612.925
46.41,3.15,100.9,0.0,514.374
46.41,3.06,90.96,0.0,358.335
49.32,4.08,82.97,0.0,151.071
39.15,2.41,67.66,0.0,0.0
19.2,1.94,53.93,0.0,0.0
16.62,1.39,49.53,0.0,0.0
16.62,1.56,39.76,0.0,0.0
15.33,0.74,31.13,0.0,0.0
15.33,0.47,0.0,0.0,0.0
15.33,0.47,0.0,0.0,0.0
12.37,0.0,0.0,0.0,0.0
12.37,0.0,0.0,0.0,0.0
12.37,0.0,0.0,0.0,0.0
12.37,0.0,0.0,0.0,0.0
12.37,0.0,0.0,0.0,0.0
12.37,0.0,0.0,0.0,0.0
15.33,0.67,20.25,0.0,0.0
26.61,1.81,21.26,0.0,0.0
56.73,3.33,29.75,0.0,170.35
48.35,3.61,22.4,0.0,333.019
46.41,3.71,16.87,0.0,440.088
48.35,4.39,25.4,0.0,589.938
49.35,5.29,29.42,0.0,643.409
49.96,5.01,33.59,0.0,596.521
46.41,3.15,33.91,0.0,422.487
46.41,3.06,33.3,0.0,302.73400000000004
49.32,4.08,26.55,0.0,127.695
39.15,2.41,17.05,0.0,0.0
19.2,1.95,9.68,0.0,0.0
16.62,1.39,2.63,0.0,0.0
16.62,1.55,0.0,0.0,0.0
15.33,0.76,0.0,0.0,0.0
15.33,0.48,0.0,0.0,0.0
15.33,0.48,0.0,0.0,0.0
12.37,0.0,0.0,0.0,0.0
12.37,0.0,0.0,0.0,0.0
12.37,0.0,0.0,0.0,0.0
12.37,0.0,0.0,0.0,0.0
12.37,0.0,0.0,0.0,0.0
12.37,0.0,0.0,0.0,0.0
15.33,0.67,0.0,0.0,0.0
26.61,1.81,0.0,0.0,0.0
56.73,3.33,1.17,0.0,235.537
48.35,3.61,17.08,0.0,414.074
46.41,3.71,41.82,0.0,475.046
48.35,4.41,52.82,0.0,448.385
49.35,5.29,59.02,0.0,393.922
49.96,5.02,56.23,0.0,209.884
46.41,3.15,50.04,0.0,92.3124
46.41,3.06,59.0,0.0,271.825
49.32,4.09,66.5,0.0,142.862
39.15,2.41,65.25,0.0,0.0
19.2,1.94,56.06,0.0,0.0
16.62,1.4,52.62,0.0,0.0
16.62,1.59,41.05,0.0,0.0
15.33,0.75,19.18,0.0,0.0
15.33,0.48,0.0,0.0,0.0
15.33,0.48,0.0,0.0,0.0
12.37,0.0,0.0,0.0,0.0
12.37,0.0,0.0,0.0,0.0
12.37,0.0,0.0,0.0,0.0
12.37,0.0,0.0,0.0,0.0
12.37,0.0,0.0,0.0,0.0
12.37,0.0,0.0,0.0,0.0
15.33,0.67,0.0,0.0,0.0
26.61,1.81,0.0,0.0,0.0
56.73,3.33,0.0,0.0,6.20606
48.35,3.62,0.0,0.0,30.7277
46.41,3.71,0.0,0.0,43.823
48.35,4.4,0.0,0.0,172.957
49.35,5.3,0.0,0.0,81.6154
49.96,5.01,0.0,0.0,97.7418
46.41,3.16,0.0,0.0,21.317
46.41,3.06,0.0,0.0,40.6411
49.32,4.09,0.0,0.0,10.7742
39.15,2.42,0.0,0.0,0.0
19.2,1.95,0.0,0.0,0.0
16.62,1.4,0.0,0.0,0.0
16.62,1.57,0.0,0.0,0.0
15.33,0.74,0.0,0.0,0.0
15.33,0.47,0.0,0.0,0.0
15.33,0.48,0.0,0.0,0.0
9.28,0.0,0.0,0.0,0.0
9.28,0.0,0.0,0.0,0.0
9.28,0.0,0.0,0.0,0.0
9.28,0.0,0.0,0.0,0.0
9.28,0.0,0.0,0.0,0.0
9.28,0.0,0.0,0.0,0.0
15.33,0.67,0.0,0.0,0.0
20.49,1.05,0.0,0.0,0.0
23.67,1.43,0.0,0.0,301.504
25.93,2.0,0.0,0.0,525.519
24.96,1.81,0.0,0.0,690.5060000000001
27.22,2.19,0.0,0.0,782.89
20.18,1.91,0.0,0.0,811.0369999999999
17.6,1.81,0.0,0.0,756.972
15.99,1.43,0.0,0.0,662.423
14.7,1.24,0.0,0.0,492.854
15.02,1.33,0.0,0.0,249.693
13.43,0.67,0.0,0.0,18.3045
11.5,0.67,0.0,0.0,0.0
9.28,0.0,0.0,0.0,0.0
9.28,0.0,0.0,0.0,0.0
9.28,0.0,0.0,0.0,0.0
9.28,0.0,0.0,0.0,0.0
9.28,0.0,0.0,0.0,0.0
9.28,0.0,0.0,0.0,0.0
9.28,0.0,0.0,0.0,0.0
9.28,0.0,0.0,0.0,0.0
9.28,0.0,0.0,0.0,0.0
9.28,0.0,0.0,0.0,0.0
9.28,0.0,0.0,0.0,0.0
11.5,0.38,0.0,0.0,0.0
11.5,0.38,0.0,0.0,0.0
11.5,0.38,0.0,0.0,285.264
11.5,0.38,0.0,0.0,493.574
11.5,0.38,0.0,0.0,638.822
11.5,0.57,0.0,0.0,716.059
11.5,0.57,0.0,0.0,747.451
11.5,0.86,0.0,0.0,708.549
11.5,0.57,0.0,0.0,576.705
11.5,0.38,0.0,0.0,459.801
11.5,0.38,0.0,0.0,231.596
11.5,0.38,0.0,0.0,16.9942
9.28,0.0,0.0,0.0,0.0
9.28,0.0,0.0,0.0,0.0
9.28,0.0,0.0,0.0,0.0
9.28,0.0,0.0,0.0,0.0
9.28,0.0,0.0,0.0,0.0
9.28,0.0,0.0,0.0,0.0
12.37,0.0,0.0,0.0,0.0
12.37,0.0,0.0,0.0,0.0
12.37,0.0,0.0,0.0,0.0
12.37,0.0,0.0,0.0,0.0
12.37,0.0,0.0,0.0,0.0
12.37,0.0,0.0,0.0,0.0
15.33,0.67,0.0,0.0,0.0
26.61,1.81,0.0,0.0,0.0
56.73,3.34,0.0,0.0,261.02
48.35,3.63,1.5,0.0,452.114
46.41,3.72,13.33,0.0,556.107
48.35,4.44,23.1,0.0,630.086
49.35,5.31,28.98,0.0,699.745
49.96,5.03,31.78,0.0,584.7
46.41,3.17,29.64,0.0,116.861
46.41,3.07,27.79,0.0,24.133000000000003
49.32,4.1,23.05,0.0,133.429
39.15,2.42,15.76,0.0,13.9705
19.2,1.96,9.71,0.0,0.0
16.62,1.39,5.69,0.0,0.0
16.62,1.57,4.95,0.0,0.0
15.33,0.76,7.37,0.0,0.0
15.33,0.48,0.0,0.0,0.0
15.33,0.48,0.0,0.0,0.0
12.37,0.0,0.0,0.0,0.0
12.37,0.0,0.0,0.0,0.0
12.37,0.0,0.0,0.0,0.0
12.37,0.0,0.0,0.0,0.0
12.37,0.0,0.0,0.0,0.0
12.37,0.0,0.0,0.0,0.0
15.33,0.67,7.24,0.0,0.0
26.61,1.81,20.61,0.0,0.0
56.73,3.34,45.46,0.0,240.031
48.35,3.63,67.38,0.0,428.367
46.41,3.72,79.07,0.0,499.514
48.35,4.42,81.58,0.0,372.716
49.35,5.31,83.35,0.0,193.082
49.96,5.03,84.83,0.0,269.082
46.41,3.17,86.66,0.0,350.376
46.41,3.07,89.16,0.0,348.555
49.32,4.1,87.03,0.0,177.149
39.15,2.43,81.04,0.0,0.667666
19.2,1.95,67.39,0.0,0.0
16.62,1.41,55.02,0.0,0.0
16.62,1.58,59.05,0.0,0.0
15.33,0.74,67.22,0.0,0.0
15.33,0.48,0.0,0.0,0.0
15.33,0.48,0.0,0.0,0.0
12.37,0.0,0.0,0.0,0.0
12.37,0.0,0.0,0.0,0.0
12.37,0.0,0.0,0.0,0.0
12.37,0.0,0.0,0.0,0.0
12.37,0.0,0.0,0.0,0.0
12.37,0.0,0.0,0.0,0.0
15.33,0.67,49.08,0.0,0.0
26.61,1.81,69.05,0.0,0.0
56.73,3.34,79.75,0.0,125.367
48.35,3.63,90.02,0.0,209.251
46.41,3.73,98.16,0.0,318.615
48.35,4.41,98.67,0.0,265.82
49.35,5.31,98.47,0.0,306.03700000000003
49.96,5.04,99.65,0.0,278.038
46.41,3.17,98.12,0.0,109.767
46.41,3.08,98.09,0.0,56.9952
49.32,4.1,98.85,0.0,18.8361
39.15,2.42,93.38,0.0,0.0
19.2,1.96,86.47,0.0,0.0
16.62,1.38,84.59,0.0,0.0
16.62,1.58,82.65,0.0,0.0
15.33,0.76,79.86,0.0,0.0
15.33,0.48,0.0,0.0,0.0
15.33,0.48,0.0,0.0,0.0
12.37,0.0,0.0,0.0,0.0
12.37,0.0,0.0,0.0,0.0
12.37,0.0,0.0,0.0,0.0
12.37,0.0,0.0,0.0,0.0
12.37,0.0,0.0,0.0,0.0
12.37,0.0,0.0,0.0,0.0
15.33,0.67,68.06,0.0,0.0
26.61,1.82,77.09,0.0,0.0
56.73,3.35,87.05,0.0,122.572
48.35,3.63,100.87,0.0,307.209
46.41,3.73,112.3,0.0,373.355
48.35,4.43,131.09,0.0,568.835
49.35,5.32,143.05,0.0,664.8660000000001
49.96,5.03,139.33,0.0,575.771
46.41,3.17,114.51,0.0,196.432
46.41,3.08,110.44,0.0,332.761
49.32,4.1,106.37,0.0,184.96400000000003
39.15,2.43,97.38,0.0,10.7798
19.2,1.95,90.48,0.0,0.0
16.62,1.41,86.92,0.0,0.0
16.62,1.57,85.34,0.0,0.0
15.33,0.74,84.02,0.0,0.0
15.33,0.48,0.0,0.0,0.0
15.33,0.48,0.0,0.0,0.0
12.37,0.0,0.0,0.0,0.0
12.37,0.0,0.0,0.0,0.0
12.37,0.0,0.0,0.0,0.0
12.37,0.0,0.0,0.0,0.0
12.37,0.0,0.0,0.0,0.0
12.37,0.0,0.0,0.0,0.0
15.33,0.67,60.62,0.0,0.0
26.61,1.82,81.39,0.0,0.0
56.73,3.35,91.04,0.0,127.697
48.35,3.63,99.49,0.0,236.294
46.41,3.73,110.03,0.0,383.79
48.35,4.42,116.05,0.0,259.945
49.35,5.32,114.14,0.0,233.212
49.96,5.04,110.41,0.0,277.701
46.41,3.17,107.4,0.0,239.147
46.41,3.08,107.06,0.0,239.22
49.32,4.11,110.84,0.0,210.375
39.15,2.42,102.16,0.0,15.9461
19.2,1.97,94.02,0.0,0.0
16.62,1.38,90.47,0.0,0.0
16.62,1.59,84.71,0.0,0.0
15.33,0.76,76.91,0.0,0.0
15.33,0.48,0.0,0.0,0.0
15.33,0.48,0.0,0.0,0.0
9.28,0.0,0.0,0.0,0.0
9.28,0.0,0.0,0.0,0.0
9.28,0.0,0.0,0.0,0.0
9.28,0.0,0.0,0.0,0.0
9.28,0.0,0.0,0.0,0.0
9.28,0.0,0.0,0.0,0.0
15.33,0.67,23.8,0.0,0.0
20.49,1.05,22.91,0.0,0.0
23.67,1.44,38.68,0.0,173.52200000000002
25.93,2.01,69.31,0.0,241.724
24.96,1.82,84.9,0.0,298.165
27.22,2.2,91.35,0.0,428.714
20.18,1.91,92.2,0.0,450.524
17.6,1.82,99.38,0.0,598.91
15.99,1.44,103.25,0.0,551.874
14.7,1.24,101.86,0.0,414.253
15.02,1.34,92.9,0.0,214.053
13.43,0.67,84.78,0.0,16.2771
11.5,0.67,0.0,0.0,0.0
9.28,0.0,0.0,0.0,0.0
9.28,0.0,0.0,0.0,0.0
9.28,0.0,0.0,0.0,0.0
9.28,0.0,0.0,0.0,0.0
9.28,0.0,0.0,0.0,0.0
9.28,0.0,0.0,0.0,0.0
9.28,0.0,0.0,0.0,0.0
9.28,0.0,0.0,0.0,0.0
9.28,0.0,0.0,0.0,0.0
9.28,0.0,0.0,0.0,0.0
9.28,0.0,0.0,0.0,0.0
11.5,0.38,0.0,0.0,0.0
11.5,0.38,0.0,0.0,0.0
11.5,0.38,0.0,0.0,225.174
11.5,0.38,0.0,0.0,346.721
11.5,0.38,0.0,0.0,417.035
11.5,0.57,17.36,0.0,425.968
11.5,0.57,17.24,0.0,389.096
11.5,0.86,0.0,0.0,344.307
11.5,0.57,0.0,0.0,327.113
11.5,0.38,17.56,0.0,286.007
11.5,0.38,0.0,0.0,138.489
11.5,0.38,0.0,0.0,7.759760000000001
9.28,0.0,0.0,0.0,0.0
9.28,0.0,0.0,0.0,0.0
9.28,0.0,0.0,0.0,0.0
9.28,0.0,0.0,0.0,0.0
9.28,0.0,0.0,0.0,0.0
9.28,0.0,0.0,0.0,0.0
12.37,0.0,0.0,0.0,0.0
12.37,0.0,0.0,0.0,0.0
12.37,0.0,0.0,0.0,0.0
12.37,0.0,0.0,0.0,0.0
12.37,0.0,0.0,0.0,0.0
12.37,0.0,0.0,0.0,0.0
15.33,0.67,76.39,0.0,0.0
26.61,1.82,87.99,0.0,0.0
56.73,3.35,97.99,0.0,186.623
48.35,3.64,105.18,0.0,244.542
46.41,3.73,114.74,0.0,391.695
48.35,4.46,120.01,0.0,374.79
49.35,5.33,129.31,0.0,402.389
49.96,5.05,131.3,0.0,417.249
46.41,3.18,117.57,0.0,131.47799999999998
46.41,3.08,116.13,0.0,59.2439
49.32,4.11,116.33,0.0,20.8198
39.15,2.43,107.1,0.0,0.0
19.2,1.97,100.88,0.0,0.0
16.62,1.39,101.0,0.0,0.0
16.62,1.59,98.16,0.0,0.0
15.33,0.76,96.03,0.0,0.0
15.33,0.48,0.0,0.0,0.0
15.33,0.48,0.0,0.0,0.0
9.28,0.0,0.0,0.0,0.0
9.28,0.0,0.0,0.0,0.0
9.28,0.0,0.0,0.0,0.0
9.28,0.0,0.0,0.0,0.0
9.28,0.0,0.0,0.0,0.0
9.28,0.0,0.0,0.0,0.0
11.5,0.38,0.0,0.0,0.0
11.5,0.38,0.0,0.0,0.0
11.5,0.38,0.0,0.0,165.25599999999997
11.5,0.38,0.0,0.0,170.96900000000002
11.5,0.38,0.0,0.0,328.36800000000005
11.5,0.57,57.15,0.0,497.038
11.5,0.57,87.3,0.0,639.281
11.5,0.86,91.36,0.0,567.172
11.5,0.57,66.35,0.0,444.283
11.5,0.38,74.57,0.0,363.675
11.5,0.38,55.12,0.0,183.032
11.5,0.38,0.0,0.0,14.7856
9.28,0.0,0.0,0.0,0.0
9.28,0.0,0.0,0.0,0.0
9.28,0.0,0.0,0.0,0.0
9.28,0.0,0.0,0.0,0.0
9.28,0.0,0.0,0.0,0.0
9.28,0.0,0.0,0.0,0.0
12.37,0.0,0.0,0.0,0.0
12.37,0.0,0.0,0.0,0.0
12.37,0.0,0.0,0.0,0.0
12.37,0.0,0.0,0.0,0.0
12.37,0.0,0.0,0.0,0.0
12.37,0.0,0.0,0.0,0.0
15.33,0.67,114.21,0.0,0.0
26.61,1.82,107.88,0.0,0.0
56.73,3.35,120.38,0.0,231.461
48.35,3.64,127.01,0.0,326.599
46.41,3.74,134.22,0.0,341.85
48.35,4.46,146.17,0.0,440.344
49.35,5.33,154.93,0.0,528.018
49.96,5.05,163.89,0.0,522.95
46.41,3.18,156.89,0.0,398.18
46.41,3.09,153.25,0.0,306.507
49.32,4.12,144.11,0.0,142.92700000000002
39.15,2.43,124.5,0.0,7.83162
19.2,1.97,115.55,0.0,0.0
16.62,1.39,112.44,0.0,0.0
16.62,1.59,110.78,0.0,0.0
15.33,0.76,111.51,0.0,0.0
15.33,0.48,0.0,0.0,0.0
15.33,0.48,0.0,0.0,0.0
12.37,0.0,0.0,0.0,0.0
12.37,0.0,0.0,0.0,0.0
12.37,0.0,0.0,0.0,0.0
12.37,0.0,0.0,0.0,0.0
12.37,0.0,0.0,0.0,0.0
12.37,0.0,0.0,0.0,0.0
15.33,0.67,127.35,0.0,0.0
26.61,1.82,117.35,0.0,0.0
56.73,3.36,123.81,0.0,43.2646
48.35,3.64,121.18,0.0,55.739
46.41,3.74,122.08,0.0,121.414
48.35,4.44,124.54,0.0,198.37
49.35,5.34,124.19,0.0,223.078
49.96,5.05,121.13,0.0,71.1003
46.41,3.18,109.49,0.0,37.6687
46.41,3.09,103.71,0.0,10.5746
49.32,4.12,101.14,0.0,1.50045
39.15,2.44,93.82,0.0,0.0
19.2,1.96,85.16,0.0,0.0
16.62,1.41,80.76,0.0,0.0
16.62,1.57,77.42,0.0,0.0
15.33,0.74,75.41,0.0,0.0
15.33,0.48,0.0,0.0,0.0
15.33,0.48,0.0,0.0,0.0
12.37,0.0,0.0,0.0,0.0
12.37,0.0,0.0,0.0,0.0
12.37,0.0,0.0,0.0,0.0
12.37,0.0,0.0,0.0,0.0
12.37,0.0,0.0,0.0,0.0
12.37,0.0,0.0,0.0,0.0
15.33,0.67,88.81,0.0,0.0
26.61,1.82,90.61,0.0,0.0
56.73,3.36,107.03,0.0,228.474
48.35,3.64,130.48,0.0,408.927
46.41,3.74,141.09,0.0,467.41
48.35,4.42,151.85,0.0,619.066
49.35,5.34,156.94,0.0,632.664
49.96,5.06,161.78,0.0,609.8919999999999
46.41,3.18,163.52,0.0,459.859
46.41,3.09,150.52,0.0,263.151
49.32,4.12,143.3,0.0,123.56
39.15,2.43,124.14,0.0,7.55871
19.2,1.97,110.96,0.0,0.0
16.62,1.38,107.35,0.0,0.0
16.62,1.61,109.43,0.0,0.0
15.33,0.76,110.74,0.0,0.0
15.33,0.48,0.0,0.0,0.0
15.33,0.48,0.0,0.0,0.0
9.28,0.0,0.0,0.0,0.0
9.28,0.0,0.0,0.0,0.0
9.28,0.0,0.0,0.0,0.0
9.28,0.0,0.0,0.0,0.0
9.28,0.0,0.0,0.0,0.0
9.28,0.0,0.0,0.0,0.0
15.33,0.67,81.6,0.0,0.0
20.49,1.06,43.12,0.0,0.0
23.67,1.44,54.32,0.0,195.24
25.93,2.01,77.69,0.0,326.67400000000004
24.96,1.82,90.44,0.0,355.899
27.22,2.21,95.25,0.0,350.97900000000004
20.18,1.92,98.95,0.0,185.6
17.6,1.82,115.82,0.0,534.06
15.99,1.44,125.21,0.0,344.965
14.7,1.25,120.25,0.0,366.041
15.02,1.34,118.02,0.0,172.646
13.43,0.67,105.71,0.0,11.616
11.5,0.67,0.0,0.0,0.0
9.28,0.0,0.0,0.0,0.0
9.28,0.0,0.0,0.0,0.0
9.28,0.0,0.0,0.0,0.0
9.28,0.0,0.0,0.0,0.0
9.28,0.0,0.0,0.0,0.0
9.28,0.0,0.0,0.0,0.0
9.28,0.0,0.0,0.0,0.0
9.28,0.0,0.0,0.0,0.0
9.28,0.0,0.0,0.0,0.0
9.28,0.0,0.0,0.0,0.0
9.28,0.0,0.0,0.0,0.0
11.5,0.38,0.0,0.0,0.0
11.5,0.38,0.0,0.0,0.0
11.5,0.38,0.0,0.0,4.18233
11.5,0.38,0.0,0.0,268.566
11.5,0.38,1.74,0.0,615.387
11.5,0.58,35.96,0.0,702.466
11.5,0.58,34.62,0.0,730.664
11.5,0.86,27.01,0.0,667.038
11.5,0.58,10.78,0.0,315.895
11.5,0.38,9.74,0.0,455.147
11.5,0.38,0.0,0.0,241.592
11.5,0.38,0.0,0.0,24.7088
9.28,0.0,0.0,0.0,0.0
9.28,0.0,0.0,0.0,0.0
9.28,0.0,0.0,0.0,0.0
9.28,0.0,0.0,0.0,0.0
9.28,0.0,0.0,0.0,0.0
9.28,0.0,0.0,0.0,0.0
12.37,0.0,0.0,0.0,0.0
12.37,0.0,0.0,0.0,0.0
12.37,0.0,0.0,0.0,0.0
12.37,0.0,0.0,0.0,0.0
12.37,0.0,0.0,0.0,0.0
12.37,0.0,0.0,0.0,0.0
15.33,0.67,5.93,0.0,0.0
26.61,1.82,4.88,0.0,56.2028
56.73,3.36,8.31,0.0,262.94
48.35,3.65,14.13,0.0,465.143
46.41,3.74,26.73,0.0,609.911
48.35,4.47,35.4,0.0,709.441
49.35,5.34,42.45,0.0,725.2510000000001
49.96,5.06,54.86,0.0,687.678
46.41,3.18,63.21,0.0,603.567
46.41,3.09,66.4,0.0,461.596
49.32,4.12,59.6,0.0,263.402
39.15,2.43,43.9,0.0,32.5617
19.2,1.97,32.18,0.0,0.0
16.62,1.38,16.45,0.0,0.0
16.62,1.6,8.57,0.0,0.0
15.33,0.76,2.51,0.0,0.0
15.33,0.48,0.0,0.0,0.0
15.33,0.48,0.0,0.0,0.0
12.37,0.0,0.0,0.0,0.0
12.37,0.0,0.0,0.0,0.0
12.37,0.0,0.0,0.0,0.0
12.37,0.0,0.0,0.0,0.0
12.37,0.0,0.0,0.0,0.0
12.37,0.0,0.0,0.0,0.0
15.33,0.67,0.0,0.0,0.0
26.61,1.82,0.0,0.0,58.4039
56.73,3.36,3.09,0.0,261.785
48.35,3.65,20.38,0.0,456.939
46.41,3.74,40.19,0.0,596.168
48.35,4.44,56.49,0.0,678.492
49.35,5.34,62.22,0.0,710.322
49.96,5.06,69.11,0.0,691.784
46.41,3.19,71.35,0.0,608.145
46.41,3.09,71.12,0.0,466.842
49.32,4.12,67.56,0.0,264.59
39.15,2.44,52.94,0.0,31.4952
19.2,1.97,45.72,0.0,0.0
16.62,1.4,41.1,0.0,0.0
16.62,1.58,37.07,0.0,0.0
15.33,0.77,38.4,0.0,0.0
15.33,0.48,0.0,0.0,0.0
15.33,0.48,0.0,0.0,0.0
12.37,0.0,0.0,0.0,0.0
12.37,0.0,0.0,0.0,0.0
12.37,0.0,0.0,0.0,0.0
12.37,0.0,0.0,0.0,0.0
12.37,0.0,0.0,0.0,0.0
12.37,0.0,0.0,0.0,0.0
15.33,0.67,6.22,0.0,0.0
26.61,1.82,31.44,0.0,52.5622
56.73,3.36,82.07,0.0,227.211
48.35,3.65,101.98,0.0,379.386
46.41,3.74,111.76,0.0,365.387
48.35,4.45,119.61,0.0,501.871
49.35,5.34,120.86,0.0,467.819
49.96,5.06,120.22,0.0,273.405
46.41,3.19,128.45,0.0,466.357
46.41,3.09,129.14,0.0,364.033
49.32,4.12,121.8,0.0,160.227
39.15,2.44,112.48,0.0,8.598939999999999
19.2,1.96,106.35,0.0,0.0
16.62,1.41,105.43,0.0,0.0
16.62,1.58,104.91,0.0,0.0
15.33,0.74,96.8,0.0,0.0
15.33,0.48,0.0,0.0,0.0
15.33,0.48,0.0,0.0,0.0
12.37,0.0,0.0,0.0,0.0
12.37,0.0,0.0,0.0,0.0
12.37,0.0,0.0,0.0,0.0
12.37,0.0,0.0,0.0,0.0
12.37,0.0,0.0,0.0,0.0
12.37,0.0,0.0,0.0,0.0
15.33,0.67,2.54,0.0,0.0
26.61,1.82,0.0,0.0,42.9123
56.73,3.36,0.0,0.0,196.221
48.35,3.65,0.0,0.0,412.86800000000005
46.41,3.74,0.0,0.0,552.989
48.35,4.43,0.0,0.0,598.679
49.35,5.34,8.32,0.0,592.8330000000001
49.96,5.06,13.36,0.0,487.235
46.41,3.18,14.21,0.0,258.79900000000004
46.41,3.09,14.48,0.0,197.683
49.32,4.12,12.33,0.0,93.3613
39.15,2.43,8.25,0.0,4.93739
19.2,1.97,2.0,0.0,0.0
16.62,1.4,0.0,0.0,0.0
16.62,1.61,0.0,0.0,0.0
15.33,0.76,0.0,0.0,0.0
15.33,0.48,0.0,0.0,0.0
15.33,0.48,0.0,0.0,0.0
12.37,0.0,0.0,0.0,0.0
12.37,0.0,0.0,0.0,0.0
12.37,0.0,0.0,0.0,0.0
12.37,0.0,0.0,0.0,0.0
12.37,0.0,0.0,0.0,0.0
12.37,0.0,0.0,0.0,0.0
15.33,0.67,0.0,0.0,0.0
26.61,1.82,0.0,0.0,61.3538
56.73,3.36,0.0,0.0,237.086
48.35,3.65,0.0,0.0,407.302
46.41,3.74,0.0,0.0,461.409
48.35,4.44,0.0,0.0,706.388
49.35,5.34,0.0,0.0,713.2460000000001
49.96,5.06,0.0,0.0,385.015
46.41,3.19,0.0,0.0,357.515
46.41,3.09,0.0,0.0,294.807
49.32,4.12,0.0,0.0,149.632
39.15,2.43,0.0,0.0,13.4927
19.2,1.97,0.0,0.0,0.0
16.62,1.39,0.0,0.0,0.0
16.62,1.6,0.0,0.0,0.0
15.33,0.77,0.0,0.0,0.0
15.33,0.48,0.0,0.0,0.0
15.33,0.48,0.0,0.0,0.0
9.28,0.0,0.0,0.0,0.0
9.28,0.0,0.0,0.0,0.0
9.28,0.0,0.0,0.0,0.0
9.28,0.0,0.0,0.0,0.0
9.28,0.0,0.0,0.0,0.0
9.28,0.0,0.0,0.0,0.0
15.33,0.67,0.0,0.0,0.0
20.49,1.06,0.0,0.0,12.6526
23.67,1.44,0.0,0.0,49.7927
25.93,2.02,0.0,0.0,104.502
24.96,1.82,0.0,0.0,159.675
27.22,2.21,0.0,0.0,248.567
20.18,1.92,0.65,0.0,477.122
17.6,1.82,0.64,0.0,369.48800000000006
15.99,1.44,0.0,0.0,183.284
14.7,1.25,0.0,0.0,116.459
15.02,1.34,0.0,0.0,51.2169
13.43,0.67,0.0,0.0,0.910582
11.5,0.67,0.0,0.0,0.0
9.28,0.0,0.0,0.0,0.0
9.28,0.0,0.0,0.0,0.0
9.28,0.0,0.0,0.0,0.0
9.28,0.0,0.0,0.0,0.0
9.28,0.0,0.0,0.0,0.0
9.28,0.0,0.0,0.0,0.0
9.28,0.0,0.0,0.0,0.0
9.28,0.0,0.0,0.0,0.0
9.28,0.0,0.0,0.0,0.0
9.28,0.0,0.0,0.0,0.0
9.28,0.0,0.0,0.0,0.0
11.5,0.38,0.0,0.0,0.0
11.5,0.38,0.0,0.0,63.2729
11.5,0.38,0.0,0.0,277.209
11.5,0.38,0.0,0.0,484.624
11.5,0.38,0.0,0.0,637.627
11.5,0.58,0.0,0.0,730.794
11.5,0.58,12.01,0.0,767.405
11.5,0.86,16.02,0.0,740.663
11.5,0.58,13.07,0.0,645.188
11.5,0.38,0.0,0.0,496.281
11.5,0.38,0.0,0.0,287.23
11.5,0.38,0.0,0.0,35.9196
9.28,0.0,0.0,0.0,0.0
9.28,0.0,0.0,0.0,0.0
9.28,0.0,0.0,0.0,0.0
9.28,0.0,0.0,0.0,0.0
9.28,0.0,0.0,0.0,0.0
9.28,0.0,0.0,0.0,0.0
12.37,0.0,0.0,0.0,0.0
12.37,0.0,0.0,0.0,0.0
12.37,0.0,0.0,0.0,0.0
12.37,0.0,0.0,0.0,0.0
12.37,0.0,0.0,0.0,0.0
12.37,0.0,0.0,0.0,0.0
15.33,0.67,0.0,0.0,0.0
26.61,1.82,0.0,0.0,61.2471
56.73,3.36,3.0,0.0,267.597
48.35,3.65,21.7,0.0,466.677
46.41,3.74,38.06,0.0,606.388
48.35,4.47,48.5,0.0,691.2310000000001
49.35,5.34,53.2,0.0,733.825
49.96,5.06,63.15,0.0,700.34
46.41,3.19,63.72,0.0,617.74
46.41,3.09,62.37,0.0,480.606
49.32,4.12,56.13,0.0,272.101
39.15,2.43,43.31,0.0,33.7276
19.2,1.97,32.87,0.0,0.0
16.62,1.38,24.84,0.0,0.0
16.62,1.6,17.21,0.0,0.0
15.33,0.76,9.19,0.0,0.0
15.33,0.48,0.0,0.0,0.0
15.33,0.48,0.0,0.0,0.0
12.37,0.0,0.0,0.0,0.0
12.37,0.0,0.0,0.0,0.0
12.37,0.0,0.0,0.0,0.0
12.37,0.0,0.0,0.0,0.0
12.37,0.0,0.0,0.0,0.0
12.37,0.0,0.0,0.0,0.0
15.33,0.67,0.0,0.0,0.0
26.61,1.82,4.21,0.0,60.4608
56.73,3.36,36.22,0.0,263.531
48.35,3.65,61.74,0.0,457.668
46.41,3.74,78.11,0.0,606.457
48.35,4.44,87.8,0.0,682.085
49.35,5.34,93.03,0.0,715.8530000000001
49.96,5.06,94.21,0.0,697.6010000000001
46.41,3.19,88.06,0.0,612.947
46.41,3.09,85.02,0.0,478.949
49.32,4.12,77.48,0.0,278.223
39.15,2.43,63.0,0.0,35.71
19.2,1.97,49.66,0.0,0.0
16.62,1.39,39.25,0.0,0.0
16.62,1.58,34.25,0.0,0.0
15.33,0.77,26.57,0.0,0.0
15.33,0.48,0.0,0.0,0.0
15.33,0.48,0.0,0.0,0.0
12.37,0.0,0.0,0.0,0.0
12.37,0.0,0.0,0.0,0.0
12.37,0.0,0.0,0.0,0.0
12.37,0.0,0.0,0.0,0.0
12.37,0.0,0.0,0.0,0.0
12.37,0.0,0.0,0.0,0.0
15.33,0.67,16.78,0.0,0.0
26.61,1.82,28.6,0.0,59.5161
56.73,3.36,50.76,0.0,260.772
48.35,3.65,77.79,0.0,449.136
46.41,3.74,91.68,0.0,456.327
48.35,4.45,96.58,0.0,460.836
49.35,5.34,97.43,0.0,429.223
49.96,5.06,105.79,0.0,607.548
46.41,3.19,105.57,0.0,487.5
46.41,3.09,105.68,0.0,453.336
49.32,4.12,100.85,0.0,254.544
39.15,2.44,83.24,0.0,30.2428
19.2,1.96,67.3,0.0,0.0
16.62,1.41,57.05,0.0,0.0
16.62,1.57,51.6,0.0,0.0
15.33,0.74,43.73,0.0,0.0
15.33,0.48,0.0,0.0,0.0
15.33,0.48,0.0,0.0,0.0
12.37,0.0,0.0,0.0,0.0
12.37,0.0,0.0,0.0,0.0
12.37,0.0,0.0,0.0,0.0
12.37,0.0,0.0,0.0,0.0
12.37,0.0,0.0,0.0,0.0
12.37,0.0,0.0,0.0,0.0
15.33,0.67,1.17,0.0,0.0
26.61,1.82,27.55,0.0,60.6219
56.73,3.36,78.76,0.0,254.698
48.35,3.65,96.04,0.0,444.324
46.41,3.74,99.45,0.0,419.579
48.35,4.43,106.46,0.0,451.252
49.35,5.34,112.95,0.0,590.523
49.96,5.06,118.35,0.0,567.251
46.41,3.18,117.36,0.0,507.015
46.41,3.09,117.1,0.0,362.877
49.32,4.12,113.4,0.0,244.016
39.15,2.43,97.92,0.0,39.7496
19.2,1.97,87.43,0.0,0.0
16.62,1.4,80.1,0.0,0.0
16.62,1.6,75.85,0.0,0.0
15.33,0.76,72.54,0.0,0.0
15.33,0.48,0.0,0.0,0.0
15.33,0.48,0.0,0.0,0.0
12.37,0.0,0.0,0.0,0.0
12.37,0.0,0.0,0.0,0.0
12.37,0.0,0.0,0.0,0.0
12.37,0.0,0.0,0.0,0.0
12.37,0.0,0.0,0.0,0.0
12.37,0.0,0.0,0.0,0.0
15.33,0.67,32.89,0.0,0.0
26.61,1.82,21.98,0.0,58.9101
56.73,3.36,19.75,0.0,66.9465
48.35,3.64,14.88,0.0,131.224
46.41,3.74,15.31,0.0,201.73
48.35,4.43,9.89,0.0,208.856
49.35,5.34,8.81,0.0,468.471
49.96,5.06,13.45,0.0,649.529
46.41,3.18,19.23,0.0,614.4
46.41,3.09,22.22,0.0,461.641
49.32,4.12,24.18,0.0,254.871
39.15,2.43,21.27,0.0,41.5217
19.2,1.97,15.5,0.0,0.0
16.62,1.39,13.07,0.0,0.0
16.62,1.59,6.82,0.0,0.0
15.33,0.76,0.81,0.0,0.0
15.33,0.48,0.0,0.0,0.0
15.33,0.48,0.0,0.0,0.0
9.28,0.0,0.0,0.0,0.0
9.28,0.0,0.0,0.0,0.0
9.28,0.0,0.0,0.0,0.0
9.28,0.0,0.0,0.0,0.0
9.28,0.0,0.0,0.0,0.0
9.28,0.0,0.0,0.0,0.0
15.33,0.67,0.0,0.0,0.0
20.49,1.05,0.0,0.0,65.4589
23.67,1.44,0.0,0.0,266.721
25.93,2.01,0.0,0.0,391.231
24.96,1.82,0.0,0.0,580.743
27.22,2.21,1.04,0.0,677.1
20.18,1.92,7.14,0.0,723.1060000000001
17.6,1.82,11.47,0.0,695.372
15.99,1.44,13.24,0.0,615.51
14.7,1.25,17.35,0.0,466.796
15.02,1.34,19.2,0.0,265.931
13.43,0.67,15.06,0.0,46.0247
11.5,0.67,0.0,0.0,0.0
9.28,0.0,0.0,0.0,0.0
9.28,0.0,0.0,0.0,0.0
9.28,0.0,0.0,0.0,0.0
9.28,0.0,0.0,0.0,0.0
9.28,0.0,0.0,0.0,0.0
9.28,0.0,0.0,0.0,0.0
9.28,0.0,0.0,0.0,0.0
9.28,0.0,0.0,0.0,0.0
9.28,0.0,0.0,0.0,0.0
9.28,0.0,0.0,0.0,0.0
9.28,0.0,0.0,0.0,0.0
11.5,0.38,0.0,0.0,0.0
11.5,0.38,0.0,0.0,60.8494
11.5,0.38,0.0,0.0,229.83900000000003
11.5,0.38,0.0,0.0,432.511
11.5,0.38,0.0,0.0,576.6709999999999
11.5,0.58,37.05,0.0,669.735
11.5,0.58,66.64,0.0,676.52
11.5,0.86,61.83,0.0,663.2189999999999
11.5,0.58,53.82,0.0,573.06
11.5,0.38,53.47,0.0,436.109
11.5,0.38,16.35,0.0,242.667
11.5,0.38,0.0,0.0,40.9165
9.28,0.0,0.0,0.0,0.0
9.28,0.0,0.0,0.0,0.0
9.28,0.0,0.0,0.0,0.0
9.28,0.0,0.0,0.0,0.0
9.28,0.0,0.0,0.0,0.0
9.28,0.0,0.0,0.0,0.0
12.37,0.0,0.0,0.0,0.0
12.37,0.0,0.0,0.0,0.0
12.37,0.0,0.0,0.0,0.0
12.37,0.0,0.0,0.0,0.0
12.37,0.0,0.0,0.0,0.0
12.37,0.0,0.0,0.0,0.0
15.33,0.67,49.33,0.0,0.0
26.61,1.82,68.99,0.0,56.5957
56.73,3.35,83.75,0.0,144.127
48.35,3.64,89.43,0.0,113.751
46.41,3.74,97.58,0.0,461.477
48.35,4.46,105.76,0.0,473.116
49.35,5.33,104.26,0.0,382.568
49.96,5.05,107.83,0.0,454.92
46.41,3.18,110.82,0.0,497.117
46.41,3.09,108.43,0.0,313.475
49.32,4.12,105.69,0.0,189.438
39.15,2.43,98.14,0.0,50.0703
19.2,1.97,88.9,0.0,0.0
16.62,1.39,83.55,0.0,0.0
16.62,1.59,81.06,0.0,0.0
15.33,0.76,79.89,0.0,0.0
15.33,0.48,0.0,0.0,0.0
15.33,0.48,0.0,0.0,0.0
12.37,0.0,0.0,0.0,0.0
12.37,0.0,0.0,0.0,0.0
12.37,0.0,0.0,0.0,0.0
12.37,0.0,0.0,0.0,0.0
12.37,0.0,0.0,0.0,0.0
12.37,0.0,0.0,0.0,0.0
15.33,0.67,90.28,0.0,0.0
26.61,1.82,92.81,0.0,32.8176
56.73,3.35,103.12,0.0,79.2399
48.35,3.64,106.46,0.0,11.9638
46.41,3.74,98.35,0.0,49.188
48.35,4.44,105.86,0.0,22.5543
49.35,5.33,119.91,0.0,213.003
49.96,5.05,134.7,0.0,555.641
46.41,3.18,128.91,0.0,247.874
46.41,3.08,133.11,0.0,358.076
49.32,4.11,132.78,0.0,251.048
39.15,2.43,120.27,0.0,36.102
19.2,1.96,112.16,0.0,0.0
16.62,1.4,107.84,0.0,0.0
16.62,1.57,104.38,0.0,0.0
15.33,0.74,102.23,0.0,0.0
15.33,0.48,0.0,0.0,0.0
15.33,0.48,0.0,0.0,0.0
12.37,0.0,0.0,0.0,0.0
12.37,0.0,0.0,0.0,0.0
12.37,0.0,0.0,0.0,0.0
12.37,0.0,0.0,0.0,0.0
12.37,0.0,0.0,0.0,0.0
12.37,0.0,0.0,0.0,0.0
15.33,0.67,105.11,0.0,0.0
26.61,1.82,105.47,0.0,62.7766
56.73,3.35,117.29,0.0,224.898
48.35,3.64,126.65,0.0,266.212
46.41,3.73,141.97,0.0,437.673
48.35,4.42,153.27,0.0,498.48800000000006
49.35,5.33,161.78,0.0,620.911
49.96,5.05,162.06,0.0,632.71
46.41,3.18,156.35,0.0,494.929
46.41,3.08,155.97,0.0,435.797
49.32,4.11,141.86,0.0,238.381
39.15,2.42,113.87,0.0,35.6652
19.2,1.97,107.32,0.0,0.0
16.62,1.37,105.25,0.0,0.0
16.62,1.61,102.47,0.0,0.0
15.33,0.76,99.75,0.0,0.0
15.33,0.48,0.0,0.0,0.0
15.33,0.48,0.0,0.0,0.0
12.37,0.0,0.0,0.0,0.0
12.37,0.0,0.0,0.0,0.0
12.37,0.0,0.0,0.0,0.0
12.37,0.0,0.0,0.0,0.0
12.37,0.0,0.0,0.0,0.0
12.37,0.0,0.0,0.0,0.0
15.33,0.67,0.0,0.0,0.0
26.61,1.82,0.0,0.0,72.3265
56.73,3.35,0.0,0.0,285.006
48.35,3.64,0.36,0.0,511.135
46.41,3.73,10.03,0.0,655.6460000000001
48.35,4.43,17.64,0.0,734.8810000000001
49.35,5.33,29.25,0.0,756.743
49.96,5.04,41.7,0.0,717.9630000000001
46.41,3.18,51.04,0.0,633.698
46.41,3.08,57.78,0.0,504.377
49.32,4.11,53.75,0.0,307.645
39.15,2.43,40.03,0.0,74.3876
19.2,1.96,33.12,0.0,0.0
16.62,1.4,27.43,0.0,0.0
16.62,1.56,21.22,0.0,0.0
15.33,0.77,16.55,0.0,0.0
15.33,0.48,0.0,0.0,0.0
15.33,0.48,0.0,0.0,0.0
12.37,0.0,0.0,0.0,0.0
12.37,0.0,0.0,0.0,0.0
12.37,0.0,0.0,0.0,0.0
12.37,0.0,0.0,0.0,0.0
12.37,0.0,0.0,0.0,0.0
12.37,0.0,0.0,0.0,0.0
15.33,0.67,0.0,0.0,0.0
26.61,1.82,0.75,0.0,70.8638
56.73,3.35,23.45,0.0,284.399
48.35,3.63,50.32,0.0,482.102
46.41,3.73,72.26,0.0,625.8430000000001
48.35,4.44,89.93,0.0,707.192
49.35,5.32,96.33,0.0,745.948
49.96,5.04,103.48,0.0,712.535
46.41,3.18,107.09,0.0,625.742
46.41,3.08,110.01,0.0,480.963
49.32,4.11,107.79,0.0,277.393
39.15,2.44,94.06,0.0,55.4339
19.2,1.95,84.52,0.0,0.0
16.62,1.42,79.86,0.0,0.0
16.62,1.58,78.81,0.0,0.0
15.33,0.75,78.63,0.0,0.0
15.33,0.48,0.0,0.0,0.0
15.33,0.48,0.0,0.0,0.0
9.28,0.0,0.0,0.0,0.0
9.28,0.0,0.0,0.0,0.0
9.28,0.0,0.0,0.0,0.0
9.28,0.0,0.0,0.0,0.0
9.28,0.0,0.0,0.0,0.0
9.28,0.0,0.0,0.0,0.0
15.33,0.67,90.19,0.0,0.0
20.49,1.05,89.25,0.0,77.3664
23.67,1.43,93.46,0.0,249.69
25.93,2.01,102.98,0.0,319.67400000000004
24.96,1.82,109.52,0.0,213.615
27.22,2.2,110.41,0.0,187.262
20.18,1.91,110.91,0.0,253.621
17.6,1.82,113.76,0.0,482.262
15.99,1.43,112.76,0.0,526.196
14.7,1.24,105.69,0.0,229.902
15.02,1.34,103.14,0.0,219.175
13.43,0.67,101.12,0.0,42.4317
11.5,0.67,0.0,0.0,0.0
9.28,0.0,0.0,0.0,0.0
9.28,0.0,0.0,0.0,0.0
9.28,0.0,0.0,0.0,0.0
9.28,0.0,0.0,0.0,0.0
9.28,0.0,0.0,0.0,0.0
9.28,0.0,0.0,0.0,0.0
9.28,0.0,0.0,0.0,0.0
9.28,0.0,0.0,0.0,0.0
9.28,0.0,0.0,0.0,0.0
9.28,0.0,0.0,0.0,0.0
9.28,0.0,0.0,0.0,0.0
11.5,0.38,0.0,0.0,0.0
11.5,0.38,0.0,0.0,70.9015
11.5,0.38,0.0,0.0,153.817
11.5,0.38,0.0,0.0,300.826
11.5,0.38,0.0,0.0,363.6830000000001
11.5,0.57,26.73,0.0,327.094
11.5,0.57,63.9,0.0,489.826
11.5,0.86,71.21,0.0,597.61
11.5,0.57,92.2,0.0,541.544
11.5,0.38,79.6,0.0,463.105
11.5,0.38,68.88,0.0,270.408
11.5,0.38,28.45,0.0,58.1794
9.28,0.0,0.0,0.0,0.0
9.28,0.0,0.0,0.0,0.0
9.28,0.0,0.0,0.0,0.0
9.28,0.0,0.0,0.0,0.0
9.28,0.0,0.0,0.0,0.0
9.28,0.0,0.0,0.0,0.0
12.37,0.0,0.0,0.0,0.0
12.37,0.0,0.0,0.0,0.0
12.37,0.0,0.0,0.0,0.0
12.37,0.0,0.0,0.0,0.0
12.37,0.0,0.0,0.0,0.0
12.37,0.0,0.0,0.0,0.0
15.33,0.67,67.35,0.0,0.0
26.61,1.81,61.61,0.0,82.2887
56.73,3.34,57.7,0.0,201.535
48.35,3.63,53.19,0.0,172.419
46.41,3.72,56.74,0.0,215.694
48.35,4.45,68.44,0.0,513.413
49.35,5.31,79.11,0.0,686.568
49.96,5.03,85.46,0.0,475.51
46.41,3.17,87.04,0.0,316.245
46.41,3.07,87.6,0.0,153.281
49.32,4.1,90.19,0.0,72.5244
39.15,2.42,79.49,0.0,46.4361
19.2,1.96,72.57,0.0,0.0
16.62,1.39,72.74,0.0,0.0
16.62,1.57,68.66,0.0,0.0
15.33,0.76,59.45,0.0,0.0
15.33,0.48,0.0,0.0,0.0
15.33,0.48,0.0,0.0,0.0
12.37,0.0,0.0,0.0,0.0
12.37,0.0,0.0,0.0,0.0
12.37,0.0,0.0,0.0,0.0
12.37,0.0,0.0,0.0,0.0
12.37,0.0,0.0,0.0,0.0
12.37,0.0,0.0,0.0,0.0
15.33,0.67,61.67,0.0,0.0
26.61,1.81,74.55,0.0,77.4393
56.73,3.34,87.97,0.0,234.515
48.35,3.63,97.12,0.0,292.625
46.41,3.72,108.53,0.0,426.276
48.35,4.43,119.93,0.0,504.586
49.35,5.31,124.11,0.0,508.606
49.96,5.03,130.23,0.0,574.124
46.41,3.17,122.59,0.0,409.257
46.41,3.07,114.67,0.0,222.091
49.32,4.1,111.26,0.0,95.6854
39.15,2.43,105.12,0.0,12.4626
19.2,1.95,99.84,0.0,0.0
16.62,1.41,99.14,0.0,0.0
16.62,1.58,97.67,0.0,0.0
15.33,0.75,98.56,0.0,0.0
15.33,0.48,0.0,0.0,0.0
15.33,0.48,0.0,0.0,0.0
12.37,0.0,0.0,0.0,0.0
12.37,0.0,0.0,0.0,0.0
12.37,0.0,0.0,0.0,0.0
12.37,0.0,0.0,0.0,0.0
12.37,0.0,0.0,0.0,0.0
12.37,0.0,0.0,0.0,0.0
15.33,0.67,0.0,0.0,0.0
26.61,1.81,0.0,0.0,6.907610000000001
56.73,3.34,0.0,0.0,26.6686
48.35,3.62,0.0,0.0,78.3647
46.41,3.72,0.0,0.0,162.721
48.35,4.41,0.0,0.0,322.618
49.35,5.31,0.0,0.0,213.632
49.96,5.03,0.0,0.0,326.322
46.41,3.16,0.0,0.0,163.826
46.41,3.07,0.0,0.0,86.9172
49.32,4.1,1.89,0.0,215.508
39.15,2.42,4.76,0.0,68.5254
19.2,1.96,0.66,0.0,0.0
16.62,1.39,0.0,0.0,0.0
16.62,1.56,0.0,0.0,0.0
15.33,0.76,0.0,0.0,0.0
15.33,0.48,0.0,0.0,0.0
15.33,0.48,0.0,0.0,0.0
12.37,0.0,0.0,0.0,0.0
12.37,0.0,0.0,0.0,0.0
12.37,0.0,0.0,0.0,0.0
12.37,0.0,0.0,0.0,0.0
12.37,0.0,0.0,0.0,0.0
12.37,0.0,0.0,0.0,0.0
15.33,0.67,0.0,0.0,0.0
26.61,1.81,0.0,0.0,84.3248
56.73,3.34,0.0,0.0,310.267
48.35,3.62,0.0,0.0,490.226
46.41,3.72,5.31,0.0,657.185
48.35,4.42,10.52,0.0,743.602
49.35,5.3,14.79,0.0,766.387
49.96,5.02,24.92,0.0,742.456
46.41,3.16,30.85,0.0,657.998
46.41,3.07,32.48,0.0,517.836
49.32,4.09,30.97,0.0,318.933
39.15,2.42,21.24,0.0,92.4375
19.2,1.94,6.31,0.0,0.0
16.62,1.42,0.0,0.0,0.0
16.62,1.58,0.0,0.0,0.0
15.33,0.75,0.0,0.0,0.0
15.33,0.48,0.0,0.0,0.0
15.33,0.48,0.0,0.0,0.0
9.28,0.0,0.0,0.0,0.0
9.28,0.0,0.0,0.0,0.0
9.28,0.0,0.0,0.0,0.0
9.28,0.0,0.0,0.0,0.0
9.28,0.0,0.0,0.0,0.0
9.28,0.0,0.0,0.0,0.0
11.5,0.38,0.0,0.0,0.0
11.5,0.38,0.0,0.0,58.6242
11.5,0.38,0.0,0.0,135.561
11.5,0.38,0.0,0.0,161.476
11.5,0.38,0.0,0.0,123.858
11.5,0.57,0.0,0.0,76.2076
11.5,0.57,0.0,0.0,85.3259
11.5,0.86,0.0,0.0,170.082
11.5,0.57,0.0,0.0,125.593
11.5,0.38,0.0,0.0,172.453
11.5,0.38,0.0,0.0,98.2011
11.5,0.38,0.0,0.0,14.6668
9.28,0.0,0.0,0.0,0.0
9.28,0.0,0.0,0.0,0.0
9.28,0.0,0.0,0.0,0.0
9.28,0.0,0.0,0.0,0.0
9.28,0.0,0.0,0.0,0.0
9.28,0.0,0.0,0.0,0.0
9.28,0.0,0.0,0.0,0.0
9.28,0.0,0.0,0.0,0.0
9.28,0.0,0.0,0.0,0.0
9.28,0.0,0.0,0.0,0.0
9.28,0.0,0.0,0.0,0.0
9.28,0.0,0.0,0.0,0.0
15.33,0.67,0.0,0.0,0.0
20.49,1.05,12.2,0.0,85.0902
23.67,1.43,58.81,0.0,277.22700000000003
25.93,2.0,69.35,0.0,342.215
24.96,1.81,73.51,0.0,376.106
27.22,2.19,82.95,0.0,638.556
20.18,1.9,92.47,0.0,668.485
17.6,1.81,94.69,0.0,700.2
15.99,1.43,92.88,0.0,624.2719999999999
14.7,1.24,90.49,0.0,486.261
15.02,1.33,86.84,0.0,297.791
13.43,0.67,81.77,0.0,79.5614
11.5,0.67,0.0,0.0,0.0
9.28,0.0,0.0,0.0,0.0
9.28,0.0,0.0,0.0,0.0
9.28,0.0,0.0,0.0,0.0
9.28,0.0,0.0,0.0,0.0
9.28,0.0,0.0,0.0,0.0
9.28,0.0,0.0,0.0,0.0
9.28,0.0,0.0,0.0,0.0
9.28,0.0,0.0,0.0,0.0
9.28,0.0,0.0,0.0,0.0
9.28,0.0,0.0,0.0,0.0
9.28,0.0,0.0,0.0,0.0
11.5,0.38,0.0,0.0,0.0
11.5,0.38,0.0,0.0,82.7545
11.5,0.38,0.0,0.0,225.521
11.5,0.38,0.0,0.0,318.964
11.5,0.38,0.0,0.0,447.169
11.5,0.57,39.27,0.0,661.127
11.5,0.57,72.68,0.0,662.534
11.5,0.86,87.78,0.0,669.0889999999999
11.5,0.57,70.24,0.0,603.4540000000001
11.5,0.38,78.98,0.0,489.517
11.5,0.38,73.32,0.0,295.643
11.5,0.38,0.0,0.0,73.1414
9.28,0.0,0.0,0.0,0.0
9.28,0.0,0.0,0.0,0.0
9.28,0.0,0.0,0.0,0.0
9.28,0.0,0.0,0.0,0.0
9.28,0.0,0.0,0.0,0.0
9.28,0.0,0.0,0.0,0.0
12.37,0.0,0.0,0.0,0.0
12.37,0.0,0.0,0.0,0.0
12.37,0.0,0.0,0.0,0.0
12.37,0.0,0.0,0.0,0.0
12.37,0.0,0.0,0.0,0.0
12.37,0.0,0.0,0.0,0.0
15.33,0.66,103.88,0.0,0.0
26.61,1.8,102.81,0.0,86.7862
56.73,3.32,110.54,0.0,263.86400000000003
48.35,3.61,115.97,0.0,324.567
46.41,3.7,120.72,0.0,384.175
48.35,4.43,130.2,0.0,498.108
49.35,5.28,135.51,0.0,403.881
49.96,5.0,142.94,0.0,503.972
46.41,3.15,142.53,0.0,423.515
46.41,3.06,138.98,0.0,335.32300000000004
49.32,4.08,129.88,0.0,185.068
39.15,2.41,118.01,0.0,36.1336
19.2,1.94,112.01,0.0,0.0
16.62,1.4,110.09,0.0,0.0
16.62,1.56,108.31,0.0,0.0
15.33,0.74,109.63,0.0,0.0
15.33,0.47,0.0,0.0,0.0
15.33,0.47,0.0,0.0,0.0
12.37,0.0,0.0,0.0,0.0
12.37,0.0,0.0,0.0,0.0
12.37,0.0,0.0,0.0,0.0
12.37,0.0,0.0,0.0,0.0
12.37,0.0,0.0,0.0,0.0
12.37,0.0,0.0,0.0,0.0
15.33,0.66,52.28,0.0,0.0
26.61,1.8,51.69,0.0,43.3128
56.73,3.32,54.71,0.0,119.114
48.35,3.61,56.45,0.0,263.449
46.41,3.7,70.85,0.0,560.314
48.35,4.39,86.53,0.0,670.058
49.35,5.28,91.77,0.0,552.196
49.96,5.0,99.67,0.0,652.893
46.41,3.15,93.64,0.0,583.487
46.41,3.06,82.87,0.0,410.586
49.32,4.07,67.74,0.0,216.768
39.15,2.41,57.49,0.0,52.2858
19.2,1.94,57.35,0.0,0.0
16.62,1.39,51.04,0.0,0.0
16.62,1.56,34.22,0.0,0.0
15.33,0.74,29.64,0.0,0.0
15.33,0.47,0.0,0.0,0.0
15.33,0.47,0.0,0.0,0.0
12.37,0.0,0.0,0.0,0.0
12.37,0.0,0.0,0.0,0.0
12.37,0.0,0.0,0.0,0.0
12.37,0.0,0.0,0.0,0.0
12.37,0.0,0.0,0.0,0.0
12.37,0.0,0.0,0.0,0.0
15.33,0.66,32.9,0.0,0.0
26.61,1.8,40.25,0.0,88.4155
56.73,3.32,52.41,0.0,301.543
48.35,3.6,65.08,0.0,493.844
46.41,3.7,78.89,0.0,630.453
48.35,4.38,89.71,0.0,716.102
49.35,5.28,95.95,0.0,727.05
49.96,5.0,101.14,0.0,722.482
46.41,3.15,104.51,0.0,625.803
46.41,3.05,107.39,0.0,504.205
49.32,4.07,106.99,0.0,318.146
39.15,2.41,89.24,0.0,90.6379
19.2,1.94,80.69,0.0,0.0
16.62,1.39,78.55,0.0,0.0
16.62,1.55,75.45,0.0,0.0
15.33,0.73,70.54,0.0,0.0
15.33,0.47,0.0,0.0,0.0
15.33,0.47,0.0,0.0,0.0
12.37,0.0,0.0,0.0,0.0
12.37,0.0,0.0,0.0,0.0
12.37,0.0,0.0,0.0,0.0
12.37,0.0,0.0,0.0,0.0
12.37,0.0,0.0,0.0,0.0
12.37,0.0,0.0,0.0,0.0
15.33,0.66,23.83,0.0,0.0
26.61,1.8,60.56,0.0,87.1727
56.73,3.32,88.72,0.0,293.942
48.35,3.6,104.08,0.0,473.955
46.41,3.69,115.95,0.0,610.016
48.35,4.38,124.26,0.0,676.513
49.35,5.27,131.59,0.0,722.029
49.96,4.99,134.43,0.0,712.1030000000001
46.41,3.14,137.85,0.0,637.774
46.41,3.05,142.75,0.0,508.518
49.32,4.07,135.83,0.0,321.986
39.15,2.41,106.5,0.0,92.7058
19.2,1.94,91.65,0.0,0.0
16.62,1.39,83.66,0.0,0.0
16.62,1.56,81.36,0.0,0.0
15.33,0.74,81.59,0.0,0.0
15.33,0.47,0.0,0.0,0.0
15.33,0.47,0.0,0.0,0.0
12.37,0.0,0.0,0.0,0.0
12.37,0.0,0.0,0.0,0.0
12.37,0.0,0.0,0.0,0.0
12.37,0.0,0.0,0.0,0.0
12.37,0.0,0.0,0.0,0.0
12.37,0.0,0.0,0.0,0.0
15.33,0.66,80.61,0.0,0.0
26.61,1.8,86.26,0.0,92.4802
56.73,3.31,102.97,0.0,281.562
48.35,3.6,110.85,0.0,417.895
46.41,3.69,118.04,0.0,522.439
48.35,4.37,119.9,0.0,481.61300000000006
49.35,5.26,120.86,0.0,480.005
49.96,4.98,137.85,0.0,471.136
46.41,3.14,150.84,0.0,592.492
46.41,3.04,156.03,0.0,512.89
49.32,4.06,145.43,0.0,315.653
39.15,2.41,108.78,0.0,88.1683
19.2,1.93,96.39,0.0,0.0
16.62,1.4,92.51,0.0,0.0
16.62,1.56,88.61,0.0,0.0
15.33,0.74,85.34,0.0,0.0
15.33,0.47,0.0,0.0,0.0
15.33,0.47,0.0,0.0,0.0
9.28,0.0,0.0,0.0,0.0
9.28,0.0,0.0,0.0,0.0
9.28,0.0,0.0,0.0,0.0
9.28,0.0,0.0,0.0,0.0
9.28,0.0,0.0,0.0,0.0
9.28,0.0,0.0,0.0,0.0
15.33,0.66,25.12,0.0,0.0
20.49,1.04,24.8,0.0,101.717
23.67,1.42,24.36,0.0,332.367
25.93,1.99,25.36,0.0,540.498
24.96,1.8,31.84,0.0,676.4169999999999
27.22,2.17,40.11,0.0,764.73
20.18,1.89,45.87,0.0,805.326
17.6,1.8,53.54,0.0,767.302
15.99,1.42,55.46,0.0,697.3610000000001
14.7,1.23,56.06,0.0,543.888
15.02,1.32,50.59,0.0,347.866
13.43,0.66,40.24,0.0,106.727
11.5,0.66,0.0,0.0,0.0
9.28,0.0,0.0,0.0,0.0
9.28,0.0,0.0,0.0,0.0
9.28,0.0,0.0,0.0,0.0
9.28,0.0,0.0,0.0,0.0
9.28,0.0,0.0,0.0,0.0
9.28,0.0,0.0,0.0,0.0
9.28,0.0,0.0,0.0,0.0
9.28,0.0,0.0,0.0,0.0
9.28,0.0,0.0,0.0,0.0
9.28,0.0,0.0,0.0,0.0
9.28,0.0,0.0,0.0,0.0
11.5,0.38,0.0,0.0,0.0
11.5,0.38,0.0,0.0,102.403
11.5,0.38,0.0,0.0,329.031
11.5,0.38,0.0,0.0,528.305
11.5,0.38,6.32,0.0,676.507
11.5,0.57,26.46,0.0,743.95
11.5,0.57,35.05,0.0,777.3560000000001
11.5,0.85,41.69,0.0,752.1669999999999
11.5,0.57,26.82,0.0,389.578
11.5,0.38,0.0,0.0,321.712
11.5,0.38,18.7,0.0,316.657
11.5,0.38,0.0,0.0,83.4592
9.28,0.0,0.0,0.0,0.0
9.28,0.0,0.0,0.0,0.0
9.28,0.0,0.0,0.0,0.0
9.28,0.0,0.0,0.0,0.0
9.28,0.0,0.0,0.0,0.0
9.28,0.0,0.0,0.0,0.0
12.37,0.0,0.0,0.0,0.0
12.37,0.0,0.0,0.0,0.0
12.37,0.0,0.0,0.0,0.0
12.37,0.0,0.0,0.0,0.0
12.37,0.0,0.0,0.0,0.0
12.37,0.0,0.0,0.0,0.0
15.33,0.66,95.24,0.0,0.0
26.61,1.79,95.91,0.0,99.9156
56.73,3.3,104.07,0.0,199.808
48.35,3.58,113.58,0.0,365.429
46.41,3.68,124.11,0.0,361.753
48.35,4.4,140.12,0.0,529.314
49.35,5.25,149.28,0.0,636.002
49.96,4.96,142.24,0.0,343.727
46.41,3.13,137.74,0.0,304.91200000000003
46.41,3.03,139.77,0.0,277.161
49.32,4.05,142.7,0.0,264.817
39.15,2.4,123.78,0.0,60.3714
19.2,1.92,117.54,0.0,0.0
16.62,1.41,115.69,0.0,0.0
16.62,1.57,111.92,0.0,0.0
15.33,0.74,109.57,0.0,0.0
15.33,0.47,0.0,0.0,0.0
15.33,0.47,0.0,0.0,0.0
12.37,0.0,0.0,0.0,0.0
12.37,0.0,0.0,0.0,0.0
12.37,0.0,0.0,0.0,0.0
12.37,0.0,0.0,0.0,0.0
12.37,0.0,0.0,0.0,0.0
12.37,0.0,0.0,0.0,0.0
15.33,0.66,131.77,0.0,0.0
26.61,1.79,121.98,0.0,100.897
56.73,3.3,130.41,0.0,235.36
48.35,3.58,141.29,0.0,329.42
46.41,3.67,156.45,0.0,456.898
48.35,4.36,173.36,0.0,548.872
49.35,5.24,179.97,0.0,554.2280000000001
49.96,4.96,187.26,0.0,596.661
46.41,3.13,188.18,0.0,597.279
46.41,3.03,178.41,0.0,388.597
49.32,4.05,169.16,0.0,198.916
39.15,2.39,141.67,0.0,49.4647
19.2,1.93,128.98,0.0,0.0
16.62,1.37,124.76,0.0,0.0
16.62,1.58,122.73,0.0,0.0
15.33,0.75,121.8,0.0,0.0
15.33,0.47,0.0,0.0,0.0
15.33,0.47,0.0,0.0,0.0
12.37,0.0,0.0,0.0,0.0
12.37,0.0,0.0,0.0,0.0
12.37,0.0,0.0,0.0,0.0
12.37,0.0,0.0,0.0,0.0
12.37,0.0,0.0,0.0,0.0
12.37,0.0,0.0,0.0,0.0
15.33,0.66,127.57,0.0,0.0
26.61,1.79,119.75,0.0,88.7275
56.73,3.29,128.87,0.0,196.116
48.35,3.58,139.89,0.0,315.445
46.41,3.67,152.37,0.0,324.828
48.35,4.36,168.45,0.0,498.904
49.35,5.23,170.26,0.0,409.473
49.96,4.96,183.78,0.0,530.275
46.41,3.12,191.47,0.0,573.235
46.41,3.03,190.3,0.0,439.15
49.32,4.04,178.72,0.0,246.84
39.15,2.38,139.1,0.0,60.3342
19.2,1.94,115.99,0.0,0.0
16.62,1.35,111.36,0.0,0.0
16.62,1.57,105.16,0.0,0.0
15.33,0.75,95.73,0.0,0.0
15.33,0.47,0.0,0.0,0.0
15.33,0.47,0.0,0.0,0.0
12.37,0.0,0.0,0.0,0.0
12.37,0.0,0.0,0.0,0.0
12.37,0.0,0.0,0.0,0.0
12.37,0.0,0.0,0.0,0.0
12.37,0.0,0.0,0.0,0.0
12.37,0.0,0.0,0.0,0.0
15.33,0.66,14.72,0.0,0.0
26.61,1.79,11.56,0.0,106.876
56.73,3.29,11.93,0.0,322.082
48.35,3.57,14.49,0.0,546.601
46.41,3.67,18.94,0.0,697.5880000000001
48.35,4.36,26.26,0.0,789.5310000000001
49.35,5.23,33.51,0.0,806.169
49.96,4.96,43.61,0.0,784.092
46.41,3.12,48.43,0.0,695.122
46.41,3.03,50.25,0.0,534.847
49.32,4.04,48.91,0.0,351.93300000000005
39.15,2.38,36.21,0.0,107.577
19.2,1.93,29.81,0.0,0.0
16.62,1.36,28.35,0.0,0.0
16.62,1.56,27.02,0.0,0.0
15.33,0.75,24.57,0.0,0.0
15.33,0.47,0.0,0.0,0.0
15.33,0.47,0.0,0.0,0.0
12.37,0.0,0.0,0.0,0.0
12.37,0.0,0.0,0.0,0.0
12.37,0.0,0.0,0.0,0.0
12.37,0.0,0.0,0.0,0.0
12.37,0.0,0.0,0.0,0.0
12.37,0.0,0.0,0.0,0.0
15.33,0.66,0.0,0.0,0.0
26.61,1.78,5.06,0.0,117.88
56.73,3.29,13.65,0.0,349.31699999999995
48.35,3.57,20.72,0.0,562.319
46.41,3.66,25.52,0.0,711.252
48.35,4.36,35.06,0.0,790.1610000000001
49.35,5.22,41.65,0.0,822.283
49.96,4.95,49.67,0.0,770.6569999999999
46.41,3.11,60.44,0.0,689.2810000000001
46.41,3.02,63.5,0.0,548.6519999999999
49.32,4.03,56.52,0.0,358.916
39.15,2.38,35.16,0.0,114.878
19.2,1.92,25.05,0.0,0.0
16.62,1.37,18.29,0.0,0.0
16.62,1.54,12.01,0.0,0.0
15.33,0.73,2.14,0.0,0.0
15.33,0.47,0.0,0.0,0.0
15.33,0.47,0.0,0.0,0.0
9.28,0.0,0.0,0.0,0.0
9.28,0.0,0.0,0.0,0.0
9.28,0.0,0.0,0.0,0.0
9.28,0.0,0.0,0.0,0.0
9.28,0.0,0.0,0.0,0.0
9.28,0.0,0.0,0.0,0.0
15.33,0.66,6.35,0.0,0.0
20.49,1.03,12.92,0.0,114.331
23.67,1.41,23.76,0.0,330.973
25.93,1.97,34.45,0.0,525.327
24.96,1.78,48.38,0.0,676.3610000000001
27.22,2.16,56.35,0.0,754.541
20.18,1.88,61.33,0.0,782.1310000000001
17.6,1.78,66.02,0.0,763.044
15.99,1.41,60.11,0.0,639.5930000000001
14.7,1.22,53.33,0.0,179.523
15.02,1.31,49.18,0.0,30.4213
13.43,0.66,43.12,0.0,4.0452900000000005
11.5,0.66,0.0,0.0,0.0
9.28,0.0,0.0,0.0,0.0
9.28,0.0,0.0,0.0,0.0
9.28,0.0,0.0,0.0,0.0
9.28,0.0,0.0,0.0,0.0
9.28,0.0,0.0,0.0,0.0
9.28,0.0,0.0,0.0,0.0
9.28,0.0,0.0,0.0,0.0
9.28,0.0,0.0,0.0,0.0
9.28,0.0,0.0,0.0,0.0
9.28,0.0,0.0,0.0,0.0
9.28,0.0,0.0,0.0,0.0
11.5,0.37,0.0,0.0,0.0
11.5,0.37,0.0,0.0,19.8547
11.5,0.37,0.0,0.0,74.1526
11.5,0.37,0.0,0.0,140.835
11.5,0.37,0.0,0.0,180.771
11.5,0.56,0.0,0.0,328.82
11.5,0.56,0.0,0.0,342.25699999999995
11.5,0.84,0.0,0.0,393.295
11.5,0.56,0.0,0.0,290.38
11.5,0.37,0.0,0.0,59.3133
11.5,0.37,0.0,0.0,0.0
11.5,0.37,0.0,0.0,0.0
9.28,0.0,0.0,0.0,0.0
9.28,0.0,0.0,0.0,0.0
9.28,0.0,0.0,0.0,0.0
9.28,0.0,0.0,0.0,0.0
9.28,0.0,0.0,0.0,0.0
9.28,0.0,0.0,0.0,0.0
12.37,0.0,0.0,0.0,0.0
12.37,0.0,0.0,0.0,0.0
12.37,0.0,0.0,0.0,0.0
12.37,0.0,0.0,0.0,0.0
12.37,0.0,0.0,0.0,0.0
12.37,0.0,0.0,0.0,0.0
15.33,0.65,68.11,0.0,0.0
26.61,1.78,81.45,0.0,115.722
56.73,3.27,91.72,0.0,303.906
48.35,3.55,97.74,0.0,379.466
46.41,3.65,99.72,0.0,223.76
48.35,4.37,102.6,0.0,261.089
49.35,5.2,106.1,0.0,278.152
49.96,4.93,105.04,0.0,203.819
46.41,3.1,102.64,0.0,152.616
46.41,3.01,102.0,0.0,117.63
49.32,4.02,103.55,0.0,106.593
39.15,2.36,100.42,0.0,73.4605
19.2,1.92,93.23,0.0,0.0
16.62,1.35,89.53,0.0,0.0
16.62,1.55,88.21,0.0,0.0
15.33,0.75,87.8,0.0,0.0
15.33,0.47,0.0,0.0,0.0
15.33,0.47,0.0,0.0,0.0
12.37,0.0,0.0,0.0,0.0
12.37,0.0,0.0,0.0,0.0
12.37,0.0,0.0,0.0,0.0
12.37,0.0,0.0,0.0,0.0
12.37,0.0,0.0,0.0,0.0
12.37,0.0,0.0,0.0,0.0
15.33,0.65,110.55,0.0,0.0
26.61,1.77,109.46,0.0,116.427
56.73,3.27,115.68,0.0,249.808
48.35,3.55,117.01,0.0,207.027
46.41,3.64,123.9,0.0,342.23400000000004
48.35,4.33,136.11,0.0,442.138
49.35,5.19,137.79,0.0,406.132
49.96,4.92,139.19,0.0,398.106
46.41,3.1,130.14,0.0,123.117
46.41,3.0,125.51,0.0,157.583
49.32,4.01,124.05,0.0,125.889
39.15,2.37,122.45,0.0,27.535
19.2,1.91,100.26,0.0,0.0
16.62,1.38,88.12,0.0,0.0
16.62,1.54,86.02,0.0,0.0
15.33,0.73,85.09,0.0,0.0
15.33,0.47,0.0,0.0,0.0
15.33,0.47,0.0,0.0,0.0
12.37,0.0,0.0,0.0,0.0
12.37,0.0,0.0,0.0,0.0
12.37,0.0,0.0,0.0,0.0
12.37,0.0,0.0,0.0,0.0
12.37,0.0,0.0,0.0,0.0
12.37,0.0,0.0,0.0,0.0
15.33,0.65,31.86,0.0,0.0
26.61,1.77,31.92,0.0,88.8173
56.73,3.26,33.74,0.0,247.58900000000003
48.35,3.54,38.4,0.0,395.805
46.41,3.64,45.27,0.0,503.71
48.35,4.32,57.34,0.0,609.795
49.35,5.18,69.58,0.0,623.784
49.96,4.91,80.16,0.0,595.883
46.41,3.09,83.05,0.0,490.268
46.41,3.0,84.1,0.0,349.425
49.32,4.0,82.73,0.0,115.622
39.15,2.36,76.5,0.0,26.6596
19.2,1.92,72.89,0.0,0.0
16.62,1.35,73.41,0.0,0.0
16.62,1.54,69.94,0.0,0.0
15.33,0.75,67.41,0.0,0.0
15.33,0.47,0.0,0.0,0.0
15.33,0.47,0.0,0.0,0.0
12.37,0.0,0.0,0.0,0.0
12.37,0.0,0.0,0.0,0.0
12.37,0.0,0.0,0.0,0.0
12.37,0.0,0.0,0.0,0.0
12.37,0.0,0.0,0.0,0.0
15.33,0.65,65.1,0.0,0.0
26.61,1.77,69.98,0.0,0.0
56.73,3.26,82.34,0.0,116.622
48.35,3.54,96.97,0.0,312.177
46.41,3.63,112.84,0.0,489.881
48.35,4.3,127.64,0.0,616.548
49.35,5.18,133.61,0.0,677.8330000000001
49.96,4.9,146.05,0.0,708.535
46.41,3.09,150.36,0.0,702.0189999999999
46.41,2.99,154.84,0.0,626.901
49.32,3.99,153.82,0.0,476.194
39.15,2.37,128.62,0.0,312.846
19.2,1.9,107.22,0.0,94.218
16.62,1.39,102.09,0.0,0.0
16.62,1.55,97.34,0.0,0.0
15.33,0.73,93.45,0.0,0.0
15.33,0.47,0.0,0.0,0.0
15.33,0.47,0.0,0.0,0.0
12.37,0.0,0.0,0.0,0.0
12.37,0.0,0.0,0.0,0.0
12.37,0.0,0.0,0.0,0.0
12.37,0.0,0.0,0.0,0.0
12.37,0.0,0.0,0.0,0.0
12.37,0.0,0.0,0.0,0.0
15.33,0.65,97.66,0.0,0.0
26.61,1.77,95.13,0.0,0.0
56.73,3.25,104.0,0.0,117.981
48.35,3.53,106.53,0.0,245.63
46.41,3.63,112.35,0.0,354.608
48.35,4.31,122.75,0.0,422.318
49.35,5.17,129.75,0.0,561.908
49.96,4.9,148.2,0.0,611.0409999999999
46.41,3.08,155.74,0.0,677.763
46.41,2.99,160.08,0.0,569.979
49.32,3.99,150.08,0.0,322.329
39.15,2.36,120.03,0.0,173.15900000000002
19.2,1.9,107.21,0.0,44.5235
16.62,1.37,102.98,0.0,0.0
16.62,1.53,100.78,0.0,0.0
15.33,0.72,100.35,0.0,0.0
15.33,0.46,0.0,0.0,0.0
15.33,0.46,0.0,0.0,0.0
12.37,0.0,0.0,0.0,0.0
9.28,0.0,0.0,0.0,0.0
9.28,0.0,0.0,0.0,0.0
9.28,0.0,0.0,0.0,0.0
9.28,0.0,0.0,0.0,0.0
9.28,0.0,0.0,0.0,0.0
15.33,0.65,86.53,0.0,0.0
20.49,1.02,65.83,0.0,0.0
23.67,1.39,59.76,0.0,118.943
25.93,1.95,71.06,0.0,271.385
24.96,1.76,83.39,0.0,304.647
27.22,2.14,89.45,0.0,390.059
20.18,1.86,94.54,0.0,489.041
17.6,1.76,94.45,0.0,570.586
15.99,1.39,93.08,0.0,445.797
14.7,1.21,91.87,0.0,446.64
15.02,1.3,89.71,0.0,244.382
13.43,0.65,88.7,0.0,20.9712
11.5,0.65,0.0,0.0,2.2922
9.28,0.0,0.0,0.0,0.0
9.28,0.0,0.0,0.0,0.0
9.28,0.0,0.0,0.0,0.0
9.28,0.0,0.0,0.0,0.0
9.28,0.0,0.0,0.0,0.0
9.28,0.0,0.0,0.0,0.0
9.28,0.0,0.0,0.0,0.0
9.28,0.0,0.0,0.0,0.0
9.28,0.0,0.0,0.0,0.0
9.28,0.0,0.0,0.0,0.0
9.28,0.0,0.0,0.0,0.0
11.5,0.37,0.0,0.0,0.0
11.5,0.37,0.0,0.0,0.0
11.5,0.37,0.0,0.0,0.0
11.5,0.37,0.0,0.0,25.8128
11.5,0.37,0.0,0.0,172.83
11.5,0.56,0.0,0.0,264.49
11.5,0.56,0.0,0.0,229.564
11.5,0.83,0.0,0.0,328.202
11.5,0.56,0.0,0.0,372.597
11.5,0.37,0.0,0.0,267.715
11.5,0.37,0.0,0.0,381.86
11.5,0.37,3.95,0.0,340.80400000000003
9.28,0.0,0.0,0.0,104.855
9.28,0.0,0.0,0.0,0.0
9.28,0.0,0.0,0.0,0.0
9.28,0.0,0.0,0.0,0.0
9.28,0.0,0.0,0.0,0.0
9.28,0.0,0.0,0.0,0.0
9.28,0.0,0.0,0.0,0.0
12.37,0.0,0.0,0.0,0.0
12.37,0.0,0.0,0.0,0.0
12.37,0.0,0.0,0.0,0.0
12.37,0.0,0.0,0.0,0.0
12.37,0.0,0.0,0.0,0.0
15.33,0.65,32.59,0.0,0.0
26.61,1.76,33.88,0.0,0.0
56.73,3.24,42.44,0.0,47.7761
48.35,3.52,41.09,0.0,109.356
46.41,3.61,36.32,0.0,186.85
48.35,4.32,42.7,0.0,258.323
49.35,5.14,51.68,0.0,254.463
49.96,4.88,55.02,0.0,266.809
46.41,3.07,47.58,0.0,98.9607
46.41,2.98,40.29,0.0,89.3287
49.32,3.97,37.74,0.0,48.451
39.15,2.35,29.69,0.0,7.52152
19.2,1.89,22.3,0.0,0.0
16.62,1.36,15.56,0.0,0.0
16.62,1.53,4.1,0.0,0.0
15.33,0.72,0.0,0.0,0.0
15.33,0.46,0.0,0.0,0.0
15.33,0.46,0.0,0.0,0.0
12.37,0.0,0.0,0.0,0.0
12.37,0.0,0.0,0.0,0.0
12.37,0.0,0.0,0.0,0.0
12.37,0.0,0.0,0.0,0.0
12.37,0.0,0.0,0.0,0.0
12.37,0.0,0.0,0.0,0.0
15.33,0.65,0.0,0.0,0.0
26.61,1.76,0.0,0.0,0.0
56.73,3.23,0.0,0.0,127.459
48.35,3.51,0.0,0.0,326.313
46.41,3.6,0.0,0.0,551.057
48.35,4.28,0.0,0.0,716.89
49.35,5.14,0.0,0.0,807.2139999999999
49.96,4.87,2.13,0.0,823.196
46.41,3.06,8.38,0.0,782.4830000000001
46.41,2.97,17.74,0.0,704.013
49.32,3.96,25.15,0.0,554.705
39.15,2.34,24.61,0.0,357.721
19.2,1.89,20.97,0.0,121.316
16.62,1.36,13.06,0.0,0.0
16.62,1.52,10.54,0.0,0.0
15.33,0.72,8.8,0.0,0.0
15.33,0.46,0.0,0.0,0.0
15.33,0.46,0.0,0.0,0.0
12.37,0.0,0.0,0.0,0.0
12.37,0.0,0.0,0.0,0.0
12.37,0.0,0.0,0.0,0.0
12.37,0.0,0.0,0.0,0.0
12.37,0.0,0.0,0.0,0.0
12.37,0.0,0.0,0.0,0.0
15.33,0.65,0.0,0.0,0.0
26.61,1.75,0.0,0.0,0.0
56.73,3.23,0.0,0.0,128.398
48.35,3.51,0.0,0.0,230.705
46.41,3.6,0.0,0.0,512.547
48.35,4.27,0.0,0.0,716.0139999999999
49.35,5.13,0.0,0.0,797.584
49.96,4.86,0.0,0.0,813.9939999999999
46.41,3.06,0.0,0.0,773.773
46.41,2.97,0.28,0.0,689.045
49.32,3.96,8.33,0.0,539.025
39.15,2.34,11.33,0.0,342.124
19.2,1.88,6.18,0.0,114.993
16.62,1.37,0.93,0.0,0.0
16.62,1.53,0.0,0.0,0.0
15.33,0.72,0.0,0.0,0.0
15.33,0.46,0.0,0.0,0.0
15.33,0.46,0.0,0.0,0.0
12.37,0.0,0.0,0.0,0.0
12.37,0.0,0.0,0.0,0.0
12.37,0.0,0.0,0.0,0.0
12.37,0.0,0.0,0.0,0.0
12.37,0.0,0.0,0.0,0.0
12.37,0.0,0.0,0.0,0.0
15.33,0.64,0.0,0.0,0.0
26.61,1.75,0.0,0.0,0.0
56.73,3.22,0.0,0.0,134.584
48.35,3.5,1.63,0.0,239.871
46.41,3.59,9.8,0.0,329.663
48.35,4.27,18.34,0.0,584.299
49.35,5.12,28.81,0.0,685.4689999999999
49.96,4.85,38.62,0.0,717.779
46.41,3.05,41.76,0.0,744.954
46.41,2.96,44.42,0.0,684.567
49.32,3.95,47.58,0.0,539.585
39.15,2.34,40.39,0.0,343.481
19.2,1.87,29.08,0.0,111.422
16.62,1.37,20.16,0.0,0.0
16.62,1.54,14.86,0.0,0.0
15.33,0.73,13.78,0.0,0.0
15.33,0.46,0.0,0.0,0.0
15.33,0.46,0.0,0.0,0.0
12.37,0.0,0.0,0.0,0.0
12.37,0.0,0.0,0.0,0.0
12.37,0.0,0.0,0.0,0.0
12.37,0.0,0.0,0.0,0.0
12.37,0.0,0.0,0.0,0.0
12.37,0.0,0.0,0.0,0.0
15.33,0.64,9.74,0.0,0.0
26.61,1.75,18.13,0.0,0.0
56.73,3.22,38.0,0.0,140.754
48.35,3.49,60.7,0.0,351.525
46.41,3.59,79.1,0.0,533.831
48.35,4.27,84.47,0.0,552.873
49.35,5.11,87.67,0.0,547.518
49.96,4.84,94.06,0.0,521.568
46.41,3.05,98.06,0.0,623.905
46.41,2.95,103.39,0.0,678.502
49.32,3.94,105.77,0.0,539.404
39.15,2.33,92.42,0.0,346.69300000000004
19.2,1.88,76.06,0.0,119.153
16.62,1.32,64.62,0.0,0.0
16.62,1.53,57.73,0.0,0.0
15.33,0.73,54.67,0.0,0.0
15.33,0.46,0.0,0.0,0.0
15.33,0.46,0.0,0.0,0.0
12.37,0.0,0.0,0.0,0.0
9.28,0.0,0.0,0.0,0.0
9.28,0.0,0.0,0.0,0.0
9.28,0.0,0.0,0.0,0.0
9.28,0.0,0.0,0.0,0.0
9.28,0.0,0.0,0.0,0.0
15.33,0.64,43.35,0.0,0.0
20.49,1.01,46.1,0.0,0.0
23.67,1.38,70.6,0.0,141.132
25.93,1.93,84.28,0.0,347.93699999999995
24.96,1.74,91.21,0.0,521.437
27.22,2.11,93.37,0.0,602.2280000000001
20.18,1.84,97.61,0.0,665.263
17.6,1.74,101.27,0.0,729.87
15.99,1.38,103.49,0.0,643.886
14.7,1.19,104.09,0.0,603.855
15.02,1.28,104.8,0.0,469.255
13.43,0.64,97.76,0.0,287.153
11.5,0.64,0.0,0.0,88.5816
9.28,0.0,0.0,0.0,0.0
9.28,0.0,0.0,0.0,0.0
9.28,0.0,0.0,0.0,0.0
9.28,0.0,0.0,0.0,0.0
9.28,0.0,0.0,0.0,0.0
9.28,0.0,0.0,0.0,0.0
9.28,0.0,0.0,0.0,0.0
9.28,0.0,0.0,0.0,0.0
9.28,0.0,0.0,0.0,0.0
9.28,0.0,0.0,0.0,0.0
9.28,0.0,0.0,0.0,0.0
11.5,0.37,0.0,0.0,0.0
11.5,0.37,0.0,0.0,0.0
11.5,0.37,0.0,0.0,75.3849
11.5,0.37,0.0,0.0,145.90200000000002
11.5,0.37,0.0,0.0,266.018
11.5,0.55,0.0,0.0,496.346
11.5,0.55,65.34,0.0,713.8960000000001
11.5,0.82,87.13,0.0,715.153
11.5,0.55,58.11,0.0,644.313
11.5,0.37,86.52,0.0,574.942
11.5,0.37,83.15,0.0,483.266
11.5,0.37,54.8,0.0,297.469
9.28,0.0,62.38,0.0,101.238
9.28,0.0,8.81,0.0,0.0
9.28,0.0,0.0,0.0,0.0
9.28,0.0,0.0,0.0,0.0
9.28,0.0,0.0,0.0,0.0
9.28,0.0,0.0,0.0,0.0
9.28,0.0,0.0,0.0,0.0
12.37,0.0,0.0,0.0,0.0
12.37,0.0,0.0,0.0,0.0
12.37,0.0,0.0,0.0,0.0
12.37,0.0,0.0,0.0,0.0
12.37,0.0,0.0,0.0,0.0
15.33,0.64,49.17,0.0,0.0
26.61,1.74,50.14,0.0,0.0
56.73,3.2,77.46,0.0,100.949
48.35,3.48,91.21,0.0,228.774
46.41,3.57,101.21,0.0,443.436
48.35,4.27,114.38,0.0,543.1569999999999
49.35,5.09,123.23,0.0,608.97
49.96,4.81,137.71,0.0,756.591
46.41,3.03,141.32,0.0,743.0310000000001
46.41,2.94,150.86,0.0,648.374
49.32,3.92,152.79,0.0,526.815
39.15,2.32,127.83,0.0,339.865
19.2,1.88,105.12,0.0,120.95
16.62,1.31,96.73,0.0,0.0
16.62,1.51,91.91,0.0,0.0
15.33,0.73,88.5,0.0,0.0
15.33,0.46,0.0,0.0,0.0
15.33,0.46,0.0,0.0,0.0
12.37,0.0,0.0,0.0,0.0
12.37,0.0,0.0,0.0,0.0
12.37,0.0,0.0,0.0,0.0
12.37,0.0,0.0,0.0,0.0
12.37,0.0,0.0,0.0,0.0
12.37,0.0,0.0,0.0,0.0
15.33,0.64,90.01,0.0,0.0
26.61,1.73,87.93,0.0,0.0
56.73,3.2,101.02,0.0,149.38
48.35,3.47,114.43,0.0,336.80800000000005
46.41,3.56,126.03,0.0,482.467
48.35,4.25,144.31,0.0,638.575
49.35,5.07,146.09,0.0,753.698
49.96,4.8,156.52,0.0,761.9860000000001
46.41,3.03,161.43,0.0,718.92
46.41,2.94,170.12,0.0,632.586
49.32,3.92,173.2,0.0,520.403
39.15,2.31,145.7,0.0,334.19800000000004
19.2,1.87,113.15,0.0,119.916
16.62,1.34,105.07,0.0,0.0
16.62,1.5,101.51,0.0,0.0
15.33,0.71,97.99,0.0,0.0
15.33,0.46,0.0,0.0,0.0
15.33,0.46,0.0,0.0,0.0
12.37,0.0,0.0,0.0,0.0
12.37,0.0,0.0,0.0,0.0
12.37,0.0,0.0,0.0,0.0
12.37,0.0,0.0,0.0,0.0
12.37,0.0,0.0,0.0,0.0
12.37,0.0,0.0,0.0,0.0
15.33,0.64,94.67,0.0,0.0
26.61,1.73,90.47,0.0,0.0
56.73,3.19,98.93,0.0,152.504
48.35,3.46,106.56,0.0,309.16900000000004
46.41,3.55,112.65,0.0,392.393
48.35,4.23,130.53,0.0,679.02
49.35,5.07,133.21,0.0,750.238
49.96,4.79,149.14,0.0,765.811
46.41,3.02,156.3,0.0,720.5160000000001
46.41,2.93,165.24,0.0,636.716
49.32,3.91,162.37,0.0,478.894
39.15,2.3,131.94,0.0,315.772
19.2,1.87,107.55,0.0,110.443
16.62,1.32,97.0,0.0,0.0
16.62,1.49,92.27,0.0,0.0
15.33,0.73,88.99,0.0,0.0
15.33,0.46,0.0,0.0,0.0
15.33,0.46,0.0,0.0,0.0
12.37,0.0,0.0,0.0,0.0
12.37,0.0,0.0,0.0,0.0
12.37,0.0,0.0,0.0,0.0
12.37,0.0,0.0,0.0,0.0
12.37,0.0,0.0,0.0,0.0
12.37,0.0,0.0,0.0,0.0
15.33,0.64,79.47,0.0,0.0
26.61,1.73,82.6,0.0,0.0
56.73,3.18,93.79,0.0,151.601
48.35,3.46,108.25,0.0,352.469
46.41,3.55,128.93,0.0,526.075
48.35,4.25,147.09,0.0,653.89
49.35,5.05,144.28,0.0,728.712
49.96,4.8,157.61,0.0,750.1519999999999
46.41,3.01,166.81,0.0,707.824
46.41,2.93,172.7,0.0,624.659
49.32,3.9,176.19,0.0,489.682
39.15,2.31,148.21,0.0,307.323
19.2,1.85,115.42,0.0,101.089
16.62,1.36,105.42,0.0,0.0
16.62,1.52,101.74,0.0,0.0
15.33,0.72,101.66,0.0,0.0
15.33,0.45,0.0,0.0,0.0
15.33,0.45,0.0,0.0,0.0
12.37,0.0,0.0,0.0,0.0
12.37,0.0,0.0,0.0,0.0
12.37,0.0,0.0,0.0,0.0
12.37,0.0,0.0,0.0,0.0
12.37,0.0,0.0,0.0,0.0
12.37,0.0,0.0,0.0,0.0
15.33,0.64,104.38,0.0,0.0
26.61,1.72,102.05,0.0,0.0
56.73,3.18,112.79,0.0,149.37
48.35,3.45,116.16,0.0,257.677
46.41,3.54,122.34,0.0,300.954
48.35,4.22,136.42,0.0,368.967
49.35,5.04,143.81,0.0,519.456
49.96,4.77,158.89,0.0,614.285
46.41,3.01,157.84,0.0,397.19
46.41,2.92,160.7,0.0,482.927
49.32,3.89,156.1,0.0,327.849
39.15,2.3,127.52,0.0,271.884
19.2,1.85,109.21,0.0,85.4543
16.62,1.34,106.5,0.0,0.0
16.62,1.5,104.12,0.0,0.0
15.33,0.71,102.34,0.0,0.0
15.33,0.45,0.0,0.0,0.0
15.33,0.45,0.0,0.0,0.0
12.37,0.0,0.0,0.0,0.0
9.28,0.0,0.0,0.0,0.0
9.28,0.0,0.0,0.0,0.0
9.28,0.0,0.0,0.0,0.0
9.28,0.0,0.0,0.0,0.0
9.28,0.0,0.0,0.0,0.0
15.33,0.63,116.42,0.0,0.0
20.49,1.0,111.99,0.0,0.0
23.67,1.36,112.88,0.0,156.91299999999998
25.93,1.9,115.1,0.0,231.197
24.96,1.72,114.38,0.0,229.153
27.22,2.08,115.19,0.0,632.672
20.18,1.81,117.54,0.0,517.941
17.6,1.72,88.91,0.0,101.255
15.99,1.36,73.85,0.0,123.723
14.7,1.18,77.81,0.0,167.72099999999998
15.02,1.27,78.83,0.0,245.444
13.43,0.63,80.24,0.0,185.73
11.5,0.63,0.0,0.0,90.2645
9.28,0.0,0.0,0.0,0.0
9.28,0.0,0.0,0.0,0.0
9.28,0.0,0.0,0.0,0.0
9.28,0.0,0.0,0.0,0.0
9.28,0.0,0.0,0.0,0.0
9.28,0.0,0.0,0.0,0.0
9.28,0.0,0.0,0.0,0.0
9.28,0.0,0.0,0.0,0.0
9.28,0.0,0.0,0.0,0.0
9.28,0.0,0.0,0.0,0.0
9.28,0.0,0.0,0.0,0.0
11.5,0.36,0.0,0.0,0.0
11.5,0.36,0.0,0.0,0.0
11.5,0.36,36.26,0.0,157.836
11.5,0.36,88.84,0.0,355.406
11.5,0.36,77.84,0.0,485.595
11.5,0.54,39.64,0.0,480.8
11.5,0.54,42.2,0.0,585.111
11.5,0.81,93.16,0.0,740.721
11.5,0.54,72.85,0.0,715.6489999999999
11.5,0.36,85.7,0.0,635.889
11.5,0.36,91.25,0.0,499.141
11.5,0.36,68.66,0.0,313.652
9.28,0.0,68.07,0.0,104.472
9.28,0.0,9.85,0.0,0.0
9.28,0.0,0.0,0.0,0.0
9.28,0.0,0.0,0.0,0.0
9.28,0.0,0.0,0.0,0.0
9.28,0.0,0.0,0.0,0.0
9.28,0.0,0.0,0.0,0.0
12.37,0.0,0.0,0.0,0.0
12.37,0.0,0.0,0.0,0.0
12.37,0.0,0.0,0.0,0.0
12.37,0.0,0.0,0.0,0.0
12.37,0.0,0.0,0.0,0.0
15.33,0.63,121.52,0.0,0.0
26.61,1.71,116.48,0.0,38.9343
56.73,3.16,129.77,0.0,156.441
48.35,3.43,149.11,0.0,358.511
46.41,3.52,164.03,0.0,539.6669999999999
48.35,4.23,171.75,0.0,635.5409999999999
49.35,5.02,167.39,0.0,522.243
49.96,4.74,180.16,0.0,746.068
46.41,2.99,176.74,0.0,728.977
46.41,2.91,178.92,0.0,643.529
49.32,3.87,179.06,0.0,507.915
39.15,2.29,148.74,0.0,320.454
19.2,1.84,118.67,0.0,106.262
16.62,1.33,112.47,0.0,0.0
16.62,1.49,111.65,0.0,0.0
15.33,0.71,111.51,0.0,0.0
15.33,0.45,0.0,0.0,0.0
15.33,0.45,0.0,0.0,0.0
12.37,0.0,0.0,0.0,0.0
12.37,0.0,0.0,0.0,0.0
12.37,0.0,0.0,0.0,0.0
12.37,0.0,0.0,0.0,0.0
12.37,0.0,0.0,0.0,0.0
12.37,0.0,0.0,0.0,0.0
15.33,0.63,115.72,0.0,0.0
26.61,1.71,117.16,0.0,36.6343
56.73,3.15,133.75,0.0,158.22299999999998
48.35,3.42,146.3,0.0,320.003
46.41,3.51,163.51,0.0,517.0219999999999
48.35,4.19,175.21,0.0,603.42
49.35,5.0,174.78,0.0,671.738
49.96,4.74,179.95,0.0,681.135
46.41,2.99,179.41,0.0,647.481
46.41,2.9,184.09,0.0,634.062
49.32,3.86,181.02,0.0,461.084
39.15,2.28,143.33,0.0,280.092
19.2,1.83,115.13,0.0,110.923
16.62,1.34,109.71,0.0,0.0
16.62,1.5,108.68,0.0,0.0
15.33,0.71,106.99,0.0,0.0
15.33,0.45,0.0,0.0,0.0
15.33,0.45,0.0,0.0,0.0
12.37,0.0,0.0,0.0,0.0
12.37,0.0,0.0,0.0,0.0
12.37,0.0,0.0,0.0,0.0
12.37,0.0,0.0,0.0,0.0
12.37,0.0,0.0,0.0,0.0
12.37,0.0,0.0,0.0,0.0
15.33,0.63,111.54,0.0,0.0
26.61,1.71,109.08,0.0,38.9607
56.73,3.15,126.05,0.0,165.207
48.35,3.42,138.78,0.0,305.969
46.41,3.51,160.67,0.0,539.063
48.35,4.19,175.26,0.0,667.02
49.35,4.99,171.36,0.0,733.954
49.96,4.74,178.11,0.0,765.138
46.41,2.98,185.68,0.0,728.054
46.41,2.89,193.79,0.0,630.828
49.32,3.85,188.28,0.0,446.36
39.15,2.28,155.75,0.0,295.115
19.2,1.83,123.56,0.0,100.607
16.62,1.28,115.42,0.0,0.0
16.62,1.5,116.42,0.0,0.0
15.33,0.71,116.87,0.0,0.0
15.33,0.45,0.0,0.0,0.0
15.33,0.45,0.0,0.0,0.0
12.37,0.0,0.0,0.0,0.0
12.37,0.0,0.0,0.0,0.0
12.37,0.0,0.0,0.0,0.0
12.37,0.0,0.0,0.0,0.0
12.37,0.0,0.0,0.0,0.0
12.37,0.0,0.0,0.0,0.0
15.33,0.63,132.24,0.0,0.0
26.61,1.7,122.63,0.0,0.0
56.73,3.14,119.35,0.0,7.154260000000001
48.35,3.41,91.92,0.0,29.9402
46.41,3.5,67.77,0.0,46.4536
48.35,4.19,70.81,0.0,79.4499
49.35,4.98,66.49,0.0,98.7149
49.96,4.73,71.19,0.0,192.515
46.41,2.97,82.9,0.0,319.584
46.41,2.88,89.57,0.0,186.957
49.32,3.84,106.62,0.0,294.574
39.15,2.27,102.52,0.0,280.473
19.2,1.84,95.1,0.0,118.817
16.62,1.29,87.43,0.0,0.608875
16.62,1.47,81.33,0.0,0.0
15.33,0.69,78.9,0.0,0.0
15.33,0.45,0.0,0.0,0.0
15.33,0.45,0.0,0.0,0.0
12.37,0.0,0.0,0.0,0.0
12.37,0.0,0.0,0.0,0.0
12.37,0.0,0.0,0.0,0.0
12.37,0.0,0.0,0.0,0.0
12.37,0.0,0.0,0.0,0.0
12.37,0.0,0.0,0.0,0.0
15.33,0.63,11.61,0.0,0.0
26.61,1.7,31.96,0.0,37.8692
56.73,3.13,82.04,0.0,169.687
48.35,3.4,99.73,0.0,378.374
46.41,3.49,101.58,0.0,551.055
48.35,4.16,105.14,0.0,661.77
49.35,4.97,101.1,0.0,721.107
49.96,4.71,111.31,0.0,752.928
46.41,2.97,119.38,0.0,707.578
46.41,2.88,125.31,0.0,632.701
49.32,3.84,131.41,0.0,516.293
39.15,2.27,108.94,0.0,337.283
19.2,1.82,95.02,0.0,127.297
16.62,1.34,88.08,0.0,0.500989
16.62,1.5,85.04,0.0,0.0
15.33,0.71,82.08,0.0,0.0
15.33,0.45,0.0,0.0,0.0
15.33,0.45,0.0,0.0,0.0
12.37,0.0,0.0,0.0,0.0
9.28,0.0,0.0,0.0,0.0
9.28,0.0,0.0,0.0,0.0
9.28,0.0,0.0,0.0,0.0
9.28,0.0,0.0,0.0,0.0
9.28,0.0,0.0,0.0,0.0
15.33,0.63,54.15,0.0,0.0
20.49,0.98,77.34,0.0,38.5806
23.67,1.34,89.64,0.0,172.58700000000002
25.93,1.88,96.48,0.0,377.955
24.96,1.7,99.98,0.0,555.399
27.22,2.05,100.84,0.0,691.3989999999999
20.18,1.79,104.59,0.0,752.443
17.6,1.7,105.51,0.0,774.951
15.99,1.34,102.76,0.0,697.3539999999999
14.7,1.16,100.63,0.0,686.154
15.02,1.25,99.52,0.0,548.948
13.43,0.63,89.33,0.0,354.49300000000005
11.5,0.63,44.47,0.0,131.738
9.28,0.0,13.49,0.0,1.27684
9.28,0.0,0.0,0.0,0.0
9.28,0.0,0.0,0.0,0.0
9.28,0.0,0.0,0.0,0.0
9.28,0.0,0.0,0.0,0.0
9.28,0.0,0.0,0.0,0.0
9.28,0.0,0.0,0.0,0.0
9.28,0.0,0.0,0.0,0.0
9.28,0.0,0.0,0.0,0.0
9.28,0.0,0.0,0.0,0.0
9.28,0.0,0.0,0.0,0.0
11.5,0.36,0.0,0.0,0.0
11.5,0.36,0.0,0.0,48.0408
11.5,0.36,0.0,0.0,78.1346
11.5,0.36,0.0,0.0,187.674
11.5,0.36,0.0,0.0,347.858
11.5,0.53,0.0,0.0,343.45
11.5,0.53,0.0,0.0,297.476
11.5,0.8,0.0,0.0,195.937
11.5,0.53,0.0,0.0,223.358
11.5,0.36,51.1,0.0,349.275
11.5,0.36,64.03,0.0,305.41900000000004
11.5,0.36,78.19,0.0,232.967
9.28,0.0,26.45,0.0,68.2241
9.28,0.0,0.0,0.0,0.0
9.28,0.0,0.0,0.0,0.0
9.28,0.0,0.0,0.0,0.0
9.28,0.0,0.0,0.0,0.0
9.28,0.0,0.0,0.0,0.0
9.28,0.0,0.0,0.0,0.0
12.37,0.0,0.0,0.0,0.0
12.37,0.0,0.0,0.0,0.0
12.37,0.0,0.0,0.0,0.0
12.37,0.0,0.0,0.0,0.0
12.37,0.0,0.0,0.0,0.0
15.33,0.62,78.3,0.0,0.0
26.61,1.69,89.56,0.0,13.5145
56.73,3.11,102.76,0.0,95.5926
48.35,3.38,107.33,0.0,279.647
46.41,3.47,125.77,0.0,460.421
48.35,4.18,142.63,0.0,649.2959999999999
49.35,4.94,139.87,0.0,745.921
49.96,4.69,153.67,0.0,765.905
46.41,2.95,160.57,0.0,728.429
46.41,2.86,157.66,0.0,669.512
49.32,3.81,154.77,0.0,530.7819999999999
39.15,2.26,125.9,0.0,346.88199999999995
19.2,1.82,102.13,0.0,130.881
16.62,1.28,92.31,0.0,2.07891
16.62,1.45,87.09,0.0,0.0
15.33,0.71,82.36,0.0,0.0
15.33,0.44,0.0,0.0,0.0
15.33,0.44,0.0,0.0,0.0
12.37,0.0,0.0,0.0,0.0
12.37,0.0,0.0,0.0,0.0
12.37,0.0,0.0,0.0,0.0
12.37,0.0,0.0,0.0,0.0
12.37,0.0,0.0,0.0,0.0
12.37,0.0,0.0,0.0,0.0
15.33,0.62,56.23,0.0,0.0
26.61,1.69,79.31,0.0,43.9412
56.73,3.11,106.02,0.0,180.698
48.35,3.37,119.08,0.0,374.479
46.41,3.46,128.85,0.0,560.743
48.35,4.15,134.79,0.0,673.7280000000001
49.35,4.94,130.33,0.0,733.9739999999999
49.96,4.66,138.65,0.0,759.283
46.41,2.94,148.14,0.0,745.8839999999999
46.41,2.86,156.34,0.0,658.268
49.32,3.8,149.15,0.0,461.038
39.15,2.25,116.63,0.0,250.956
19.2,1.8,102.3,0.0,80.7905
16.62,1.32,108.01,0.0,0.0
16.62,1.48,116.7,0.0,0.0
15.33,0.7,123.06,0.0,0.0
15.33,0.44,0.0,0.0,0.0
15.33,0.44,0.0,0.0,0.0
12.37,0.0,0.0,0.0,0.0
12.37,0.0,0.0,0.0,0.0
12.37,0.0,0.0,0.0,0.0
12.37,0.0,0.0,0.0,0.0
12.37,0.0,0.0,0.0,0.0
12.37,0.0,0.0,0.0,0.0
15.33,0.62,161.23,0.0,0.0
26.61,1.68,148.3,0.0,31.3334
56.73,3.1,167.0,0.0,176.878
48.35,3.37,172.06,0.0,300.316
46.41,3.45,171.78,0.0,288.956
48.35,4.13,178.18,0.0,396.285
49.35,4.92,187.25,0.0,635.881
49.96,4.66,198.47,0.0,617.6990000000001
46.41,2.93,197.06,0.0,649.043
46.41,2.85,180.94,0.0,658.1139999999999
49.32,3.8,163.12,0.0,527.577
39.15,2.24,114.43,0.0,348.158
19.2,1.81,82.94,0.0,132.955
16.62,1.31,70.41,0.0,2.1063400000000003
16.62,1.47,61.43,0.0,0.0
15.33,0.7,52.69,0.0,0.0
15.33,0.44,0.0,0.0,0.0
15.33,0.44,0.0,0.0,0.0
12.37,0.0,0.0,0.0,0.0
12.37,0.0,0.0,0.0,0.0
12.37,0.0,0.0,0.0,0.0
12.37,0.0,0.0,0.0,0.0
12.37,0.0,0.0,0.0,0.0
12.37,0.0,0.0,0.0,0.0
15.33,0.62,0.0,0.0,0.0
26.61,1.68,14.96,0.0,36.7005
56.73,3.09,39.49,0.0,191.856
48.35,3.36,46.56,0.0,415.985
46.41,3.45,52.21,0.0,594.153
48.35,4.12,57.02,0.0,735.2769999999999
49.35,4.91,58.62,0.0,811.753
49.96,4.65,65.46,0.0,819.7489999999999
46.41,2.92,70.18,0.0,779.4789999999999
46.41,2.84,76.54,0.0,702.669
49.32,3.79,78.94,0.0,559.857
39.15,2.24,62.74,0.0,363.531
19.2,1.8,51.55,0.0,138.87
16.62,1.3,44.74,0.0,3.01148
16.62,1.46,40.77,0.0,0.0
15.33,0.69,37.7,0.0,0.0
15.33,0.44,0.0,0.0,0.0
15.33,0.44,0.0,0.0,0.0
12.37,0.0,0.0,0.0,0.0
12.37,0.0,0.0,0.0,0.0
12.37,0.0,0.0,0.0,0.0
12.37,0.0,0.0,0.0,0.0
12.37,0.0,0.0,0.0,0.0
12.37,0.0,0.0,0.0,0.0
15.33,0.62,0.0,0.0,0.0
26.61,1.68,13.73,0.0,38.3375
56.73,3.09,41.12,0.0,193.092
48.35,3.35,50.71,0.0,413.481
46.41,3.44,52.39,0.0,589.993
48.35,4.12,55.11,0.0,701.328
49.35,4.9,55.81,0.0,769.653
49.96,4.64,63.42,0.0,805.71
46.41,2.92,68.34,0.0,780.83
46.41,2.84,76.92,0.0,688.137
49.32,3.78,85.18,0.0,556.7330000000001
39.15,2.23,73.7,0.0,362.351
19.2,1.8,63.87,0.0,140.781
16.62,1.3,54.59,0.0,2.98189
16.62,1.46,50.43,0.0,0.0
15.33,0.69,45.85,0.0,0.0
15.33,0.44,0.0,0.0,0.0
15.33,0.44,0.0,0.0,0.0
12.37,0.0,0.0,0.0,0.0
9.28,0.0,0.0,0.0,0.0
9.28,0.0,0.0,0.0,0.0
9.28,0.0,0.0,0.0,0.0
9.28,0.0,0.0,0.0,0.0
9.28,0.0,0.0,0.0,0.0
15.33,0.62,0.0,0.0,0.0
20.49,0.97,18.54,0.0,38.8804
23.67,1.32,35.85,0.0,191.579
25.93,1.85,47.51,0.0,399.546
24.96,1.67,56.98,0.0,562.575
27.22,2.02,62.01,0.0,670.8760000000001
20.18,1.76,67.62,0.0,757.6260000000001
17.6,1.67,71.05,0.0,768.4839999999999
15.99,1.32,71.76,0.0,738.424
14.7,1.14,71.43,0.0,657.209
15.02,1.23,74.71,0.0,525.0930000000001
13.43,0.62,66.8,0.0,345.326
11.5,0.62,36.97,0.0,132.295
9.28,0.0,10.73,0.0,2.88622
9.28,0.0,0.0,0.0,0.0
9.28,0.0,0.0,0.0,0.0
9.28,0.0,0.0,0.0,0.0
9.28,0.0,0.0,0.0,0.0
9.28,0.0,0.0,0.0,0.0
9.28,0.0,0.0,0.0,0.0
9.28,0.0,0.0,0.0,0.0
9.28,0.0,0.0,0.0,0.0
9.28,0.0,0.0,0.0,0.0
9.28,0.0,0.0,0.0,0.0
11.5,0.35,0.0,0.0,0.0
11.5,0.35,0.0,0.0,40.6099
11.5,0.35,17.03,0.0,192.646
11.5,0.35,44.29,0.0,403.24
11.5,0.35,47.53,0.0,576.645
11.5,0.53,24.46,0.0,703.3919999999999
11.5,0.53,7.08,0.0,776.618
11.5,0.79,11.45,0.0,796.4010000000001
11.5,0.53,11.68,0.0,771.5239999999999
11.5,0.35,44.99,0.0,683.817
11.5,0.35,56.26,0.0,541.5509999999999
11.5,0.35,61.51,0.0,351.032
9.28,0.0,45.97,0.0,133.374
9.28,0.0,0.0,0.0,2.88547
9.28,0.0,0.0,0.0,0.0
9.28,0.0,0.0,0.0,0.0
9.28,0.0,0.0,0.0,0.0
9.28,0.0,0.0,0.0,0.0
9.28,0.0,0.0,0.0,0.0
12.37,0.0,0.0,0.0,0.0
12.37,0.0,0.0,0.0,0.0
12.37,0.0,0.0,0.0,0.0
12.37,0.0,0.0,0.0,0.0
12.37,0.0,0.0,0.0,0.0
15.33,0.61,70.05,0.0,0.0
26.61,1.66,73.21,0.0,32.2644
56.73,3.07,79.91,0.0,112.093
48.35,3.33,84.48,0.0,315.267
46.41,3.42,93.9,0.0,508.549
48.35,4.12,104.02,0.0,660.885
49.35,4.86,108.12,0.0,532.561
49.96,4.61,118.42,0.0,548.132
46.41,2.89,126.7,0.0,503.512
46.41,2.82,131.98,0.0,501.61300000000006
49.32,3.76,133.97,0.0,352.407
39.15,2.22,116.27,0.0,262.99
19.2,1.78,105.18,0.0,126.309
16.62,1.3,96.91,0.0,3.13276
16.62,1.46,90.96,0.0,0.0
15.33,0.69,88.22,0.0,0.0
15.33,0.44,0.0,0.0,0.0
15.33,0.44,0.0,0.0,0.0
12.37,0.0,0.0,0.0,0.0
12.37,0.0,0.0,0.0,0.0
12.37,0.0,0.0,0.0,0.0
12.37,0.0,0.0,0.0,0.0
12.37,0.0,0.0,0.0,0.0
12.37,0.0,0.0,0.0,0.0
15.33,0.61,90.35,0.0,0.0
26.61,1.66,91.13,0.0,46.0996
56.73,3.06,104.14,0.0,185.986
48.35,3.32,112.15,0.0,394.421
46.41,3.41,121.13,0.0,562.711
48.35,4.08,129.06,0.0,609.993
49.35,4.86,128.44,0.0,632.63
49.96,4.59,132.5,0.0,663.385
46.41,2.9,135.36,0.0,620.996
46.41,2.81,136.49,0.0,588.202
49.32,3.74,139.92,0.0,477.08
39.15,2.21,118.16,0.0,287.65
19.2,1.79,98.53,0.0,109.319
16.62,1.26,94.99,0.0,3.0036400000000003
16.62,1.42,95.05,0.0,0.0
15.33,0.67,91.69,0.0,0.0
15.33,0.44,0.0,0.0,0.0
15.33,0.44,0.0,0.0,0.0
12.37,0.0,0.0,0.0,0.0
12.37,0.0,0.0,0.0,0.0
12.37,0.0,0.0,0.0,0.0
12.37,0.0,0.0,0.0,0.0
12.37,0.0,0.0,0.0,0.0
12.37,0.0,0.0,0.0,0.0
15.33,0.61,96.34,0.0,0.0
26.61,1.66,103.24,0.0,43.13
56.73,3.05,122.9,0.0,190.424
48.35,3.31,120.1,0.0,312.96
46.41,3.4,129.41,0.0,427.807
48.35,4.07,145.81,0.0,648.32
49.35,4.84,140.16,0.0,633.341
49.96,4.58,147.44,0.0,718.993
46.41,2.88,143.88,0.0,629.317
46.41,2.81,138.75,0.0,589.9730000000001
49.32,3.73,137.78,0.0,500.346
39.15,2.21,109.39,0.0,304.344
19.2,1.77,92.14,0.0,122.949
16.62,1.24,84.49,0.0,3.44818
16.62,1.45,79.99,0.0,0.0
15.33,0.69,74.12,0.0,0.0
15.33,0.44,0.0,0.0,0.0
15.33,0.44,0.0,0.0,0.0
12.37,0.0,0.0,0.0,0.0
12.37,0.0,0.0,0.0,0.0
12.37,0.0,0.0,0.0,0.0
12.37,0.0,0.0,0.0,0.0
12.37,0.0,0.0,0.0,0.0
12.37,0.0,0.0,0.0,0.0
15.33,0.61,67.83,0.0,0.0
26.61,1.65,81.26,0.0,44.6492
56.73,3.04,106.57,0.0,187.486
48.35,3.31,115.98,0.0,382.337
46.41,3.39,125.18,0.0,544.906
48.35,4.08,131.78,0.0,654.726
49.35,4.83,129.8,0.0,727.84
49.96,4.58,142.29,0.0,738.8510000000001
46.41,2.88,150.05,0.0,702.9639999999999
46.41,2.79,152.51,0.0,565.849
49.32,3.73,146.28,0.0,437.894
39.15,2.2,115.23,0.0,235.444
19.2,1.79,99.63,0.0,119.482
16.62,1.27,90.03,0.0,3.79783
16.62,1.43,88.28,0.0,0.0
15.33,0.68,90.52,0.0,0.0
15.33,0.43,0.0,0.0,0.0
15.33,0.43,0.0,0.0,0.0
12.37,0.0,0.0,0.0,0.0
12.37,0.0,0.0,0.0,0.0
12.37,0.0,0.0,0.0,0.0
12.37,0.0,0.0,0.0,0.0
12.37,0.0,0.0,0.0,0.0
12.37,0.0,0.0,0.0,0.0
15.33,0.61,83.43,0.0,0.0
26.61,1.65,92.34,0.0,47.683
56.73,3.04,112.28,0.0,186.424
48.35,3.3,116.52,0.0,362.859
46.41,3.38,127.95,0.0,491.1
48.35,4.05,140.5,0.0,606.315
49.35,4.82,143.17,0.0,646.077
49.96,4.56,153.96,0.0,613.802
46.41,2.88,155.02,0.0,570.625
46.41,2.79,153.64,0.0,484.034
49.32,3.71,152.45,0.0,380.818
39.15,2.2,116.37,0.0,209.85
19.2,1.78,99.19,0.0,70.7169
16.62,1.25,96.24,0.0,0.5743510000000001
16.62,1.41,94.15,0.0,0.0
15.33,0.67,90.83,0.0,0.0
15.33,0.43,0.0,0.0,0.0
15.33,0.43,0.0,0.0,0.0
12.37,0.0,0.0,0.0,0.0
9.28,0.0,0.0,0.0,0.0
9.28,0.0,0.0,0.0,0.0
9.28,0.0,0.0,0.0,0.0
9.28,0.0,0.0,0.0,0.0
9.28,0.0,0.0,0.0,0.0
15.33,0.61,95.42,0.0,0.0
20.49,0.95,98.56,0.0,48.6522
23.67,1.3,106.55,0.0,192.814
25.93,1.82,105.74,0.0,310.908
24.96,1.65,106.14,0.0,361.398
27.22,1.99,107.75,0.0,443.799
20.18,1.73,108.88,0.0,425.182
17.6,1.65,111.55,0.0,470.356
15.99,1.3,111.94,0.0,525.183
14.7,1.13,111.22,0.0,436.142
15.02,1.21,111.45,0.0,487.729
13.43,0.61,105.28,0.0,304.029
11.5,0.61,31.68,0.0,119.625
9.28,0.0,26.36,0.0,3.72436
9.28,0.0,0.0,0.0,0.0
9.28,0.0,0.0,0.0,0.0
9.28,0.0,0.0,0.0,0.0
9.28,0.0,0.0,0.0,0.0
9.28,0.0,0.0,0.0,0.0
9.28,0.0,0.0,0.0,0.0
9.28,0.0,0.0,0.0,0.0
9.28,0.0,0.0,0.0,0.0
9.28,0.0,0.0,0.0,0.0
9.28,0.0,0.0,0.0,0.0
11.5,0.35,0.0,0.0,0.0
11.5,0.35,0.0,0.0,48.6365
11.5,0.35,0.0,0.0,147.78
11.5,0.35,18.91,0.0,277.702
11.5,0.35,59.24,0.0,435.364
11.5,0.52,31.5,0.0,470.943
11.5,0.52,15.42,0.0,514.155
11.5,0.78,10.91,0.0,372.515
11.5,0.52,22.36,0.0,375.164
11.5,0.35,0.0,0.0,84.7777
11.5,0.35,0.0,0.0,78.4483
11.5,0.35,0.0,0.0,89.3252
9.28,0.0,0.0,0.0,44.0678
9.28,0.0,0.0,0.0,0.0
9.28,0.0,0.0,0.0,0.0
9.28,0.0,0.0,0.0,0.0
9.28,0.0,0.0,0.0,0.0
9.28,0.0,0.0,0.0,0.0
9.28,0.0,0.0,0.0,0.0
12.37,0.0,0.0,0.0,0.0
12.37,0.0,0.0,0.0,0.0
12.37,0.0,0.0,0.0,0.0
12.37,0.0,0.0,0.0,0.0
12.37,0.0,0.0,0.0,0.0
15.33,0.6,118.77,0.0,0.0
26.61,1.64,116.66,0.0,51.069
56.73,3.02,138.11,0.0,190.922
48.35,3.27,151.91,0.0,343.00300000000004
46.41,3.36,157.67,0.0,463.289
48.35,4.05,132.9,0.0,205.686
49.35,4.8,111.3,0.0,97.5006
49.96,4.52,118.2,0.0,137.132
46.41,2.86,118.79,0.0,98.5589
46.41,2.77,124.17,0.0,86.0199
49.32,3.69,139.99,0.0,340.103
39.15,2.18,126.25,0.0,281.607
19.2,1.78,115.35,0.0,99.9329
16.62,1.25,112.5,0.0,2.93535
16.62,1.41,109.28,0.0,0.0
15.33,0.67,105.37,0.0,0.0
15.33,0.43,0.0,0.0,0.0
15.33,0.43,0.0,0.0,0.0
12.37,0.0,0.0,0.0,0.0
12.37,0.0,0.0,0.0,0.0
12.37,0.0,0.0,0.0,0.0
12.37,0.0,0.0,0.0,0.0
12.37,0.0,0.0,0.0,0.0
12.37,0.0,0.0,0.0,0.0
15.33,0.6,89.94,0.0,0.0
26.61,1.63,99.35,0.0,50.8346
56.73,3.01,116.16,0.0,183.229
48.35,3.27,122.43,0.0,359.53
46.41,3.35,135.87,0.0,483.092
48.35,4.02,149.5,0.0,662.7330000000001
49.35,4.77,146.02,0.0,671.59
49.96,4.52,156.58,0.0,658.158
46.41,2.85,164.22,0.0,621.271
46.41,2.75,167.89,0.0,527.809
49.32,3.68,166.3,0.0,492.134
39.15,2.17,137.72,0.0,320.436
19.2,1.76,114.72,0.0,122.96
16.62,1.26,104.03,0.0,4.5500300000000005
16.62,1.42,100.97,0.0,0.0
15.33,0.68,98.06,0.0,0.0
15.33,0.43,0.0,0.0,0.0
15.33,0.43,0.0,0.0,0.0
12.37,0.0,0.0,0.0,0.0
12.37,0.0,0.0,0.0,0.0
12.37,0.0,0.0,0.0,0.0
12.37,0.0,0.0,0.0,0.0
12.37,0.0,0.0,0.0,0.0
12.37,0.0,0.0,0.0,0.0
15.33,0.6,96.4,0.0,0.0
26.61,1.63,103.87,0.0,50.0091
56.73,3.0,128.13,0.0,199.189
48.35,3.26,136.62,0.0,359.15
46.41,3.34,150.62,0.0,512.055
48.35,4.02,157.48,0.0,451.453
49.35,4.76,161.82,0.0,610.12
49.96,4.51,164.11,0.0,642.336
46.41,2.84,155.79,0.0,530.599
46.41,2.75,144.98,0.0,191.86900000000003
49.32,3.68,162.28,0.0,372.577
39.15,2.17,153.41,0.0,318.761
19.2,1.74,126.1,0.0,122.832
16.62,1.28,114.95,0.0,4.5043
16.62,1.44,111.65,0.0,0.0
15.33,0.68,110.68,0.0,0.0
15.33,0.43,0.0,0.0,0.0
15.33,0.43,0.0,0.0,0.0
12.37,0.0,0.0,0.0,0.0
12.37,0.0,0.0,0.0,0.0
12.37,0.0,0.0,0.0,0.0
12.37,0.0,0.0,0.0,0.0
12.37,0.0,0.0,0.0,0.0
12.37,0.0,0.0,0.0,0.0
15.33,0.6,110.77,0.0,0.0
26.61,1.63,115.8,0.0,55.8677
56.73,2.99,139.52,0.0,193.925
48.35,3.25,149.9,0.0,365.693
46.41,3.34,164.79,0.0,531.9730000000001
48.35,4.02,168.08,0.0,627.519
49.35,4.74,166.48,0.0,687.5369999999999
49.96,4.5,178.43,0.0,737.482
46.41,2.82,186.05,0.0,713.242
46.41,2.75,189.21,0.0,635.0409999999999
49.32,3.66,183.08,0.0,398.741
39.15,2.16,156.61,0.0,324.631
19.2,1.74,121.91,0.0,127.679
16.62,1.23,111.48,0.0,4.68112
16.62,1.38,107.11,0.0,0.0
15.33,0.68,103.78,0.0,0.0
15.33,0.43,0.0,0.0,0.0
15.33,0.43,0.0,0.0,0.0
12.37,0.0,0.0,0.0,0.0
12.37,0.0,0.0,0.0,0.0
12.37,0.0,0.0,0.0,0.0
12.37,0.0,0.0,0.0,0.0
12.37,0.0,0.0,0.0,0.0
12.37,0.0,0.0,0.0,0.0
15.33,0.6,106.63,0.0,0.0
26.61,1.62,112.32,0.0,50.3751
56.73,2.99,139.26,0.0,201.472
48.35,3.24,151.22,0.0,392.982
46.41,3.33,160.22,0.0,481.635
48.35,4.01,172.07,0.0,628.115
49.35,4.74,165.76,0.0,735.7869999999999
49.96,4.48,167.44,0.0,751.447
46.41,2.83,168.62,0.0,725.677
46.41,2.74,171.14,0.0,647.2040000000001
49.32,3.65,169.31,0.0,512.42
39.15,2.16,136.27,0.0,336.595
19.2,1.76,111.84,0.0,134.297
16.62,1.24,104.68,0.0,5.47132
16.62,1.4,101.97,0.0,0.0
15.33,0.67,99.48,0.0,0.0
15.33,0.43,0.0,0.0,0.0
15.33,0.43,0.0,0.0,0.0
12.37,0.0,0.0,0.0,0.0
9.28,0.0,0.0,0.0,0.0
9.28,0.0,0.0,0.0,0.0
9.28,0.0,0.0,0.0,0.0
9.28,0.0,0.0,0.0,0.0
9.28,0.0,0.0,0.0,0.0
15.33,0.6,95.15,0.0,0.0
20.49,0.94,101.91,0.0,50.2732
23.67,1.28,118.2,0.0,203.101
25.93,1.79,125.79,0.0,396.421
24.96,1.62,130.12,0.0,549.58
27.22,1.96,132.37,0.0,651.681
20.18,1.7,129.44,0.0,586.43
17.6,1.62,129.9,0.0,622.23
15.99,1.28,134.68,0.0,648.455
14.7,1.11,144.09,0.0,619.423
15.02,1.19,141.79,0.0,457.19
13.43,0.6,126.96,0.0,182.144
11.5,0.6,0.0,0.0,55.7515
9.28,0.0,0.0,0.0,0.502767
9.28,0.0,0.0,0.0,0.0
9.28,0.0,0.0,0.0,0.0
9.28,0.0,0.0,0.0,0.0
9.28,0.0,0.0,0.0,0.0
9.28,0.0,0.0,0.0,0.0
9.28,0.0,0.0,0.0,0.0
9.28,0.0,0.0,0.0,0.0
9.28,0.0,0.0,0.0,0.0
9.28,0.0,0.0,0.0,0.0
9.28,0.0,0.0,0.0,0.0
11.5,0.34,0.0,0.0,0.0
11.5,0.34,0.0,0.0,9.02059
11.5,0.34,0.0,0.0,74.1416
11.5,0.34,0.0,0.0,70.4528
11.5,0.34,0.0,0.0,207.786
11.5,0.51,0.0,0.0,413.797
11.5,0.51,0.0,0.0,457.482
11.5,0.76,0.0,0.0,682.947
11.5,0.51,11.93,0.0,722.422
11.5,0.34,11.22,0.0,467.775
11.5,0.34,0.0,0.0,219.907
11.5,0.34,0.0,0.0,133.454
9.28,0.0,0.0,0.0,70.3339
9.28,0.0,0.0,0.0,2.39896
9.28,0.0,0.0,0.0,0.0
9.28,0.0,0.0,0.0,0.0
9.28,0.0,0.0,0.0,0.0
9.28,0.0,0.0,0.0,0.0
9.28,0.0,0.0,0.0,0.0
12.37,0.0,0.0,0.0,0.0
12.37,0.0,0.0,0.0,0.0
12.37,0.0,0.0,0.0,0.0
12.37,0.0,0.0,0.0,0.0
12.37,0.0,0.0,0.0,0.0
15.33,0.59,2.2,0.0,0.0
26.61,1.61,21.92,0.0,55.9217
56.73,2.97,47.15,0.0,222.099
48.35,3.22,62.36,0.0,428.159
46.41,3.3,71.6,0.0,600.884
48.35,3.98,78.9,0.0,720.6360000000001
49.35,4.72,79.7,0.0,780.7560000000001
49.96,4.45,90.74,0.0,801.299
46.41,2.8,98.76,0.0,768.6089999999999
46.41,2.72,106.7,0.0,673.159
49.32,3.63,111.87,0.0,535.229
39.15,2.14,100.45,0.0,351.636
19.2,1.72,88.31,0.0,143.165
16.62,1.21,71.83,0.0,6.42972
16.62,1.38,55.71,0.0,0.0
15.33,0.65,48.31,0.0,0.0
15.33,0.42,0.0,0.0,0.0
15.33,0.42,0.0,0.0,0.0
12.37,0.0,0.0,0.0,0.0
12.37,0.0,0.0,0.0,0.0
12.37,0.0,0.0,0.0,0.0
12.37,0.0,0.0,0.0,0.0
12.37,0.0,0.0,0.0,0.0
12.37,0.0,0.0,0.0,0.0
15.33,0.59,23.95,0.0,0.0
26.61,1.61,51.36,0.0,62.5076
56.73,2.96,83.43,0.0,218.525
48.35,3.21,92.46,0.0,414.195
46.41,3.3,99.53,0.0,574.0840000000001
48.35,3.96,109.45,0.0,686.441
49.35,4.68,113.55,0.0,760.806
49.96,4.45,125.19,0.0,773.211
46.41,2.79,129.64,0.0,751.7
46.41,2.72,136.32,0.0,666.05
49.32,3.61,137.46,0.0,532.42
39.15,2.14,112.57,0.0,346.964
19.2,1.73,99.14,0.0,140.884
16.62,1.22,89.47,0.0,6.27474
16.62,1.37,86.14,0.0,0.0
15.33,0.66,84.41,0.0,0.0
15.33,0.42,0.0,0.0,0.0
15.33,0.42,0.0,0.0,0.0
12.37,0.0,0.0,0.0,0.0
12.37,0.0,0.0,0.0,0.0
12.37,0.0,0.0,0.0,0.0
12.37,0.0,0.0,0.0,0.0
12.37,0.0,0.0,0.0,0.0
12.37,0.0,0.0,0.0,0.0
15.33,0.59,97.08,0.0,0.0
26.61,1.6,97.93,0.0,36.5072
56.73,2.95,108.87,0.0,93.9341
48.35,3.2,113.92,0.0,252.431
46.41,3.29,129.83,0.0,411.913
48.35,3.95,152.06,0.0,558.15
49.35,4.67,161.36,0.0,717.291
49.96,4.44,170.72,0.0,636.599
46.41,2.78,176.15,0.0,586.896
46.41,2.71,179.91,0.0,364.119
49.32,3.6,183.87,0.0,307.209
39.15,2.13,162.95,0.0,191.497
19.2,1.74,143.67,0.0,114.613
16.62,1.22,141.69,0.0,5.50063
16.62,1.38,139.85,0.0,0.0
15.33,0.66,135.22,0.0,0.0
15.33,0.42,0.0,0.0,0.0
15.33,0.42,0.0,0.0,0.0
12.37,0.0,0.0,0.0,0.0
12.37,0.0,0.0,0.0,0.0
12.37,0.0,0.0,0.0,0.0
12.37,0.0,0.0,0.0,0.0
12.37,0.0,0.0,0.0,0.0
12.37,0.0,0.0,0.0,0.0
15.33,0.59,90.91,0.0,0.0
26.61,1.6,91.8,0.0,53.9962
56.73,2.94,97.19,0.0,199.086
48.35,3.2,105.32,0.0,418.742
46.41,3.28,113.6,0.0,587.793
48.35,3.95,122.2,0.0,695.5889999999999
49.35,4.66,118.52,0.0,735.313
49.96,4.42,137.95,0.0,743.018
46.41,2.78,146.17,0.0,720.419
46.41,2.7,160.84,0.0,634.245
49.32,3.59,168.15,0.0,506.422
39.15,2.12,142.43,0.0,331.232
19.2,1.73,113.2,0.0,134.94899999999998
16.62,1.23,102.21,0.0,6.80335
16.62,1.39,105.47,0.0,0.0
15.33,0.66,108.6,0.0,0.0
15.33,0.42,0.0,0.0,0.0
15.33,0.42,0.0,0.0,0.0
12.37,0.0,0.0,0.0,0.0
12.37,0.0,0.0,0.0,0.0
12.37,0.0,0.0,0.0,0.0
12.37,0.0,0.0,0.0,0.0
12.37,0.0,0.0,0.0,0.0
12.37,0.0,0.0,0.0,0.0
15.33,0.59,171.81,0.0,0.0
26.61,1.59,160.98,0.0,53.6786
56.73,2.94,174.3,0.0,116.1
48.35,3.19,180.19,0.0,240.727
46.41,3.27,188.75,0.0,307.877
48.35,3.94,201.98,0.0,421.319
49.35,4.65,212.63,0.0,518.72
49.96,4.4,225.59,0.0,565.087
46.41,2.78,223.89,0.0,529.601
46.41,2.69,224.48,0.0,502.778
49.32,3.59,220.96,0.0,354.69300000000004
39.15,2.12,202.35,0.0,276.29900000000004
19.2,1.71,166.25,0.0,112.155
16.62,1.24,152.38,0.0,5.46521
16.62,1.39,148.14,0.0,0.0
15.33,0.66,146.88,0.0,0.0
15.33,0.42,0.0,0.0,0.0
15.33,0.42,0.0,0.0,0.0
12.37,0.0,0.0,0.0,0.0
9.28,0.0,0.0,0.0,0.0
9.28,0.0,0.0,0.0,0.0
9.28,0.0,0.0,0.0,0.0
9.28,0.0,0.0,0.0,0.0
9.28,0.0,0.0,0.0,0.0
15.33,0.59,175.14,0.0,0.0
20.49,0.92,158.73,0.0,54.5802
23.67,1.25,150.98,0.0,157.058
25.93,1.76,151.9,0.0,196.718
24.96,1.59,160.17,0.0,348.79400000000004
27.22,1.92,168.46,0.0,397.932
20.18,1.67,167.38,0.0,341.714
17.6,1.59,169.44,0.0,494.893
15.99,1.25,169.33,0.0,444.697
14.7,1.09,160.65,0.0,156.172
15.02,1.17,156.96,0.0,149.33
13.43,0.59,152.36,0.0,140.609
11.5,0.59,0.0,0.0,92.3434
9.28,0.0,0.0,0.0,6.2438400000000005
9.28,0.0,0.0,0.0,0.0
9.28,0.0,0.0,0.0,0.0
9.28,0.0,0.0,0.0,0.0
9.28,0.0,0.0,0.0,0.0
9.28,0.0,0.0,0.0,0.0
9.28,0.0,0.0,0.0,0.0
9.28,0.0,0.0,0.0,0.0
9.28,0.0,0.0,0.0,0.0
9.28,0.0,0.0,0.0,0.0
9.28,0.0,0.0,0.0,0.0
11.5,0.33,0.0,0.0,0.0
11.5,0.33,0.0,0.0,38.3699
11.5,0.33,0.0,0.0,79.2131
11.5,0.33,0.0,0.0,30.6932
11.5,0.33,0.0,0.0,20.1507
11.5,0.5,0.0,0.0,38.2849
11.5,0.5,0.0,0.0,53.5313
11.5,0.75,0.0,0.0,56.9679
11.5,0.5,0.0,0.0,63.8043
11.5,0.33,0.0,0.0,51.478
11.5,0.33,0.0,0.0,92.694
11.5,0.33,0.0,0.0,86.8517
9.28,0.0,0.0,0.0,47.0822
9.28,0.0,0.0,0.0,0.0
9.28,0.0,0.0,0.0,0.0
9.28,0.0,0.0,0.0,0.0
9.28,0.0,0.0,0.0,0.0
9.28,0.0,0.0,0.0,0.0
9.28,0.0,0.0,0.0,0.0
12.37,0.0,0.0,0.0,0.0
12.37,0.0,0.0,0.0,0.0
12.37,0.0,0.0,0.0,0.0
12.37,0.0,0.0,0.0,0.0
12.37,0.0,0.0,0.0,0.0
15.33,0.58,33.29,0.0,0.0
26.61,1.58,51.66,0.0,58.6613
56.73,2.91,77.15,0.0,230.147
48.35,3.16,91.45,0.0,429.515
46.41,3.25,95.42,0.0,584.578
48.35,3.91,100.06,0.0,695.467
49.35,4.64,102.68,0.0,755.779
49.96,4.37,114.82,0.0,760.8910000000001
46.41,2.76,118.3,0.0,734.405
46.41,2.67,125.2,0.0,644.6
49.32,3.56,131.74,0.0,511.706
39.15,2.11,115.85,0.0,346.306
19.2,1.7,94.5,0.0,144.197
16.62,1.23,85.98,0.0,7.57684
16.62,1.38,81.48,0.0,0.0
15.33,0.66,79.03,0.0,0.0
15.33,0.42,0.0,0.0,0.0
15.33,0.42,0.0,0.0,0.0
12.37,0.0,0.0,0.0,0.0
12.37,0.0,0.0,0.0,0.0
12.37,0.0,0.0,0.0,0.0
12.37,0.0,0.0,0.0,0.0
12.37,0.0,0.0,0.0,0.0
12.37,0.0,0.0,0.0,0.0
15.33,0.58,60.96,0.0,0.0
26.61,1.58,80.06,0.0,57.2534
56.73,2.91,102.2,0.0,218.254
48.35,3.16,108.01,0.0,408.022
46.41,3.24,113.87,0.0,551.939
48.35,3.9,120.88,0.0,665.378
49.35,4.61,125.87,0.0,727.7610000000001
49.96,4.36,130.7,0.0,732.8439999999999
46.41,2.74,134.69,0.0,710.6389999999999
46.41,2.66,141.27,0.0,638.19
49.32,3.56,147.13,0.0,519.057
39.15,2.1,125.94,0.0,342.44
19.2,1.69,104.84,0.0,144.874
16.62,1.19,92.93,0.0,11.2854
16.62,1.35,88.69,0.0,0.0
15.33,0.64,88.28,0.0,0.0
15.33,0.41,0.0,0.0,0.0
15.33,0.42,0.0,0.0,0.0
12.37,0.0,0.0,0.0,0.0
12.37,0.0,0.0,0.0,0.0
12.37,0.0,0.0,0.0,0.0
12.37,0.0,0.0,0.0,0.0
12.37,0.0,0.0,0.0,0.0
12.37,0.0,0.0,0.0,0.0
15.33,0.58,89.13,0.0,0.0
26.61,1.57,94.98,0.0,65.3668
56.73,2.9,106.87,0.0,121.028
48.35,3.15,101.65,0.0,52.2703
46.41,3.23,101.79,0.0,42.9756
48.35,3.89,98.53,0.0,39.301
49.35,4.6,79.67,0.0,44.0035
49.96,4.35,60.56,0.0,36.938
46.41,2.74,60.4,0.0,36.7171
46.41,2.65,74.92,0.0,29.0064
49.32,3.55,75.75,0.0,67.0515
39.15,2.09,69.76,0.0,56.9803
19.2,1.67,75.65,0.0,8.92227
16.62,1.18,81.39,0.0,0.0
16.62,1.34,83.74,0.0,0.0
15.33,0.64,85.1,0.0,0.0
15.33,0.41,0.0,0.0,0.0
15.33,0.41,0.0,0.0,0.0
12.37,0.0,0.0,0.0,0.0
12.37,0.0,0.0,0.0,0.0
12.37,0.0,0.0,0.0,0.0
12.37,0.0,0.0,0.0,0.0
12.37,0.0,0.0,0.0,0.0
12.37,0.0,0.0,0.0,0.0
15.33,0.58,91.31,0.0,0.0
26.61,1.57,89.42,0.0,46.0444
56.73,2.89,96.47,0.0,150.49200000000002
48.35,3.14,90.33,0.0,200.553
46.41,3.22,61.89,0.0,62.402
48.35,3.88,55.79,0.0,468.26
49.35,4.58,61.37,0.0,677.938
49.96,4.33,64.53,0.0,776.225
46.41,2.74,58.24,0.0,450.667
46.41,2.64,48.55,0.0,517.6669999999999
49.32,3.54,49.72,0.0,290.175
39.15,2.09,44.15,0.0,251.741
19.2,1.67,35.56,0.0,153.645
16.62,1.18,30.65,0.0,12.7059
16.62,1.33,27.46,0.0,0.0
15.33,0.66,18.82,0.0,0.0
15.33,0.41,0.0,0.0,0.0
15.33,0.41,0.0,0.0,0.0
12.37,0.0,0.0,0.0,0.0
12.37,0.0,0.0,0.0,0.0
12.37,0.0,0.0,0.0,0.0
12.37,0.0,0.0,0.0,0.0
12.37,0.0,0.0,0.0,0.0
12.37,0.0,0.0,0.0,0.0
15.33,0.58,13.79,0.0,0.0
26.61,1.57,25.92,0.0,61.2836
56.73,2.88,42.02,0.0,233.901
48.35,3.13,52.85,0.0,435.715
46.41,3.21,59.33,0.0,612.1469999999999
48.35,3.87,62.69,0.0,724.835
49.35,4.59,67.24,0.0,793.6610000000001
49.96,4.33,73.07,0.0,805.7610000000001
46.41,2.72,75.41,0.0,769.941
46.41,2.65,78.83,0.0,681.915
49.32,3.52,82.55,0.0,540.58
39.15,2.08,79.36,0.0,353.86
19.2,1.68,71.3,0.0,147.517
16.62,1.22,65.25,0.0,12.205
16.62,1.37,64.58,0.0,0.0
15.33,0.65,57.35,0.0,0.0
15.33,0.41,0.0,0.0,0.0
15.33,0.41,0.0,0.0,0.0
12.37,0.0,0.0,0.0,0.0
9.28,0.0,0.0,0.0,0.0
9.28,0.0,0.0,0.0,0.0
9.28,0.0,0.0,0.0,0.0
9.28,0.0,0.0,0.0,0.0
9.28,0.0,0.0,0.0,0.0
15.33,0.58,16.98,0.0,0.0
20.49,0.9,43.95,0.0,62.4767
23.67,1.23,71.24,0.0,225.086
25.93,1.73,76.01,0.0,416.361
24.96,1.56,77.65,0.0,569.494
27.22,1.89,76.96,0.0,684.077
20.18,1.64,76.82,0.0,747.297
17.6,1.56,79.0,0.0,748.5039999999999
15.99,1.23,82.41,0.0,719.877
14.7,1.07,85.18,0.0,636.356
15.02,1.15,86.93,0.0,516.931
13.43,0.58,82.11,0.0,341.565
11.5,0.58,44.73,0.0,145.086
9.28,0.0,13.02,0.0,13.007
9.28,0.0,0.0,0.0,0.0
9.28,0.0,0.0,0.0,0.0
9.28,0.0,0.0,0.0,0.0
9.28,0.0,0.0,0.0,0.0
9.28,0.0,0.0,0.0,0.0
9.28,0.0,0.0,0.0,0.0
9.28,0.0,0.0,0.0,0.0
9.28,0.0,0.0,0.0,0.0
9.28,0.0,0.0,0.0,0.0
9.28,0.0,0.0,0.0,0.0
11.5,0.33,0.0,0.0,0.0
11.5,0.33,9.76,0.0,59.797
11.5,0.33,58.82,0.0,224.11
11.5,0.33,50.07,0.0,409.911
11.5,0.33,57.36,0.0,536.4780000000001
11.5,0.49,57.93,0.0,666.682
11.5,0.49,9.62,0.0,738.555
11.5,0.74,0.0,0.0,742.355
11.5,0.49,21.24,0.0,704.5939999999999
11.5,0.33,61.79,0.0,622.439
11.5,0.33,69.46,0.0,510.887
11.5,0.33,54.37,0.0,345.412
9.28,0.0,60.63,0.0,149.289
9.28,0.0,28.46,0.0,13.0681
9.28,0.0,0.0,0.0,0.0
9.28,0.0,0.0,0.0,0.0
9.28,0.0,0.0,0.0,0.0
9.28,0.0,0.0,0.0,0.0
9.28,0.0,0.0,0.0,0.0
12.37,0.0,0.0,0.0,0.0
12.37,0.0,0.0,0.0,0.0
12.37,0.0,0.0,0.0,0.0
12.37,0.0,0.0,0.0,0.0
12.37,0.0,0.0,0.0,0.0
15.33,0.57,45.8,0.0,0.0
26.61,1.55,79.94,0.0,60.8046
56.73,2.86,100.78,0.0,222.026
48.35,3.11,104.27,0.0,412.33
46.41,3.19,107.03,0.0,537.061
48.35,3.84,115.02,0.0,660.799
49.35,4.57,119.33,0.0,670.325
49.96,4.29,126.82,0.0,687.375
46.41,2.7,139.08,0.0,716.41
46.41,2.62,149.18,0.0,617.1709999999999
49.32,3.5,149.63,0.0,416.505
39.15,2.06,131.83,0.0,315.389
19.2,1.68,110.96,0.0,147.237
16.62,1.18,99.26,0.0,13.6973
16.62,1.34,95.32,0.0,0.0
15.33,0.64,91.17,0.0,0.0
15.33,0.41,0.0,0.0,0.0
15.33,0.41,0.0,0.0,0.0
12.37,0.0,0.0,0.0,0.0
12.37,0.0,0.0,0.0,0.0
12.37,0.0,0.0,0.0,0.0
12.37,0.0,0.0,0.0,0.0
12.37,0.0,0.0,0.0,0.0
12.37,0.0,0.0,0.0,0.0
15.33,0.57,74.58,0.0,0.0
26.61,1.55,90.24,0.0,59.9779
56.73,2.85,113.36,0.0,217.541
48.35,3.1,121.88,0.0,396.96
46.41,3.18,134.93,0.0,563.51
48.35,3.83,145.22,0.0,661.613
49.35,4.53,145.29,0.0,725.182
49.96,4.28,147.45,0.0,749.9739999999999
46.41,2.68,142.72,0.0,721.2710000000001
46.41,2.63,140.55,0.0,640.734
49.32,3.48,147.5,0.0,515.87
39.15,2.06,127.39,0.0,344.664
19.2,1.67,107.63,0.0,148.029
16.62,1.2,96.93,0.0,13.7208
16.62,1.36,92.43,0.0,0.0
15.33,0.65,88.3,0.0,0.0
15.33,0.41,0.0,0.0,0.0
15.33,0.41,0.0,0.0,0.0
12.37,0.0,0.0,0.0,0.0
12.37,0.0,0.0,0.0,0.0
12.37,0.0,0.0,0.0,0.0
12.37,0.0,0.0,0.0,0.0
12.37,0.0,0.0,0.0,0.0
12.37,0.0,0.0,0.0,0.0
15.33,0.57,84.94,0.0,0.0
26.61,1.55,93.11,0.0,69.9395
56.73,2.85,111.41,0.0,200.997
48.35,3.09,122.96,0.0,368.9330000000001
46.41,3.17,140.01,0.0,502.691
48.35,3.82,152.85,0.0,537.534
49.35,4.53,154.64,0.0,628.414
49.96,4.27,163.07,0.0,711.061
46.41,2.69,162.33,0.0,713.802
46.41,2.61,166.05,0.0,623.969
49.32,3.48,173.55,0.0,497.333
39.15,2.06,153.59,0.0,331.398
19.2,1.64,123.35,0.0,142.727
16.62,1.22,109.85,0.0,13.4821
16.62,1.38,105.61,0.0,0.0
15.33,0.65,102.57,0.0,0.0
15.33,0.41,0.0,0.0,0.0
15.33,0.41,0.0,0.0,0.0
12.37,0.0,0.0,0.0,0.0
12.37,0.0,0.0,0.0,0.0
12.37,0.0,0.0,0.0,0.0
12.37,0.0,0.0,0.0,0.0
12.37,0.0,0.0,0.0,0.0
12.37,0.0,0.0,0.0,0.0
15.33,0.57,107.45,0.0,0.0
26.61,1.54,112.93,0.0,75.4981
56.73,2.84,134.21,0.0,207.333
48.35,3.08,143.66,0.0,345.204
46.41,3.17,154.47,0.0,454.11800000000005
48.35,3.81,165.7,0.0,535.794
49.35,4.53,163.72,0.0,626.181
49.96,4.26,175.83,0.0,638.317
46.41,2.69,187.4,0.0,636.263
46.41,2.59,191.48,0.0,605.7869999999999
49.32,3.48,185.31,0.0,351.292
39.15,2.05,163.6,0.0,301.795
19.2,1.65,133.85,0.0,145.579
16.62,1.17,119.29,0.0,15.0553
16.62,1.32,114.6,0.0,0.0
15.33,0.63,111.07,0.0,0.0
15.33,0.41,0.0,0.0,0.0
15.33,0.41,0.0,0.0,0.0
12.37,0.0,0.0,0.0,0.0
12.37,0.0,0.0,0.0,0.0
12.37,0.0,0.0,0.0,0.0
12.37,0.0,0.0,0.0,0.0
12.37,0.0,0.0,0.0,0.0
12.37,0.0,0.0,0.0,0.0
15.33,0.57,127.36,0.0,0.0
26.61,1.54,133.83,0.0,72.9046
56.73,2.83,154.68,0.0,184.147
48.35,3.08,157.81,0.0,174.422
46.41,3.16,133.59,0.0,31.0283
48.35,3.8,118.95,0.0,58.9418
49.35,4.5,129.91,0.0,515.135
49.96,4.25,160.17,0.0,710.071
46.41,2.67,175.27,0.0,679.956
46.41,2.6,159.27,0.0,366.932
49.32,3.46,164.41,0.0,455.206
39.15,2.05,130.17,0.0,150.825
19.2,1.63,112.15,0.0,30.7304
16.62,1.21,105.29,0.0,0.638231
16.62,1.37,103.68,0.0,0.0
15.33,0.65,102.1,0.0,0.0
15.33,0.4,0.0,0.0,0.0
15.33,0.4,0.0,0.0,0.0
12.37,0.0,0.0,0.0,0.0
9.28,0.0,0.0,0.0,0.0
9.28,0.0,0.0,0.0,0.0
9.28,0.0,0.0,0.0,0.0
9.28,0.0,0.0,0.0,0.0
9.28,0.0,0.0,0.0,0.0
15.33,0.57,76.93,0.0,0.0
20.49,0.89,87.07,0.0,43.9335
23.67,1.21,88.51,0.0,121.098
25.93,1.7,89.38,0.0,286.46
24.96,1.53,92.93,0.0,524.057
27.22,1.86,97.56,0.0,677.888
20.18,1.61,103.52,0.0,738.513
17.6,1.53,106.97,0.0,738.5010000000001
15.99,1.21,109.88,0.0,488.38
14.7,1.05,109.93,0.0,478.9330000000001
15.02,1.13,111.24,0.0,418.502
13.43,0.57,109.24,0.0,306.386
11.5,0.57,54.17,0.0,143.85399999999998
9.28,0.0,18.53,0.0,14.937
9.28,0.0,0.0,0.0,0.0
9.28,0.0,0.0,0.0,0.0
9.28,0.0,0.0,0.0,0.0
9.28,0.0,0.0,0.0,0.0
9.28,0.0,0.0,0.0,0.0
9.28,0.0,0.0,0.0,0.0
9.28,0.0,0.0,0.0,0.0
9.28,0.0,0.0,0.0,0.0
9.28,0.0,0.0,0.0,0.0
9.28,0.0,0.0,0.0,0.0
11.5,0.32,0.0,0.0,0.0
11.5,0.32,31.48,0.0,64.7791
11.5,0.32,78.04,0.0,225.054
11.5,0.32,71.04,0.0,414.384
11.5,0.32,62.67,0.0,533.5509999999999
11.5,0.48,63.69,0.0,662.4989999999999
11.5,0.48,18.31,0.0,718.206
11.5,0.72,19.63,0.0,682.035
11.5,0.48,49.23,0.0,705.0880000000001
11.5,0.32,85.46,0.0,621.16
11.5,0.32,64.81,0.0,500.012
11.5,0.32,76.37,0.0,339.829
9.28,0.0,83.77,0.0,147.333
9.28,0.0,65.63,0.0,16.0246
9.28,0.0,0.0,0.0,0.0
9.28,0.0,0.0,0.0,0.0
9.28,0.0,0.0,0.0,0.0
9.28,0.0,0.0,0.0,0.0
9.28,0.0,0.0,0.0,0.0
12.37,0.0,0.0,0.0,0.0
12.37,0.0,0.0,0.0,0.0
12.37,0.0,0.0,0.0,0.0
12.37,0.0,0.0,0.0,0.0
12.37,0.0,0.0,0.0,0.0
15.33,0.56,104.13,0.0,0.0
26.61,1.53,116.57,0.0,61.125
56.73,2.81,142.44,0.0,221.022
48.35,3.05,149.13,0.0,404.066
46.41,3.13,156.17,0.0,545.206
48.35,3.78,160.87,0.0,630.495
49.35,4.5,168.46,0.0,544.988
49.96,4.22,168.1,0.0,641.511
46.41,2.65,158.31,0.0,346.815
46.41,2.58,158.42,0.0,275.86
49.32,3.43,160.55,0.0,180.981
39.15,2.03,150.33,0.0,302.79200000000003
19.2,1.61,119.65,0.0,148.939
16.62,1.2,109.93,0.0,16.7479
16.62,1.36,111.41,0.0,0.0
15.33,0.64,112.55,0.0,0.0
15.33,0.4,0.0,0.0,0.0
15.33,0.4,0.0,0.0,0.0
12.37,0.0,0.0,0.0,0.0
12.37,0.0,0.0,0.0,0.0
12.37,0.0,0.0,0.0,0.0
12.37,0.0,0.0,0.0,0.0
12.37,0.0,0.0,0.0,0.0
12.37,0.0,0.0,0.0,0.0
15.33,0.56,110.26,0.0,0.0
26.61,1.52,122.31,0.0,61.1722
56.73,2.8,153.0,0.0,224.377
48.35,3.05,153.91,0.0,417.435
46.41,3.13,153.55,0.0,577.609
48.35,3.77,158.09,0.0,693.3839999999999
49.35,4.48,152.88,0.0,751.095
49.96,4.2,164.3,0.0,761.648
46.41,2.64,177.36,0.0,733.816
46.41,2.57,182.28,0.0,645.318
49.32,3.42,187.89,0.0,519.688
39.15,2.03,167.04,0.0,347.446
19.2,1.64,127.73,0.0,151.639
16.62,1.18,113.67,0.0,17.5189
16.62,1.34,113.74,0.0,0.0
15.33,0.64,114.85,0.0,0.0
15.33,0.4,0.0,0.0,0.0
15.33,0.4,0.0,0.0,0.0
12.37,0.0,0.0,0.0,0.0
12.37,0.0,0.0,0.0,0.0
12.37,0.0,0.0,0.0,0.0
12.37,0.0,0.0,0.0,0.0
12.37,0.0,0.0,0.0,0.0
12.37,0.0,0.0,0.0,0.0
15.33,0.56,143.45,0.0,0.0
26.61,1.52,136.79,0.0,65.5119
56.73,2.8,157.14,0.0,193.906
48.35,3.04,171.41,0.0,382.777
46.41,3.12,183.62,0.0,560.688
48.35,3.76,192.98,0.0,678.336
49.35,4.46,193.71,0.0,713.9860000000001
49.96,4.19,204.86,0.0,614.497
46.41,2.64,203.92,0.0,584.658
46.41,2.56,202.84,0.0,585.106
49.32,3.41,204.5,0.0,439.653
39.15,2.02,185.66,0.0,318.74
19.2,1.64,154.29,0.0,151.891
16.62,1.18,139.07,0.0,21.0287
16.62,1.33,135.97,0.0,0.0
15.33,0.63,139.52,0.0,0.0
15.33,0.4,0.0,0.0,0.0
15.33,0.4,0.0,0.0,0.0
12.37,0.0,0.0,0.0,0.0
12.37,0.0,0.0,0.0,0.0
12.37,0.0,0.0,0.0,0.0
12.37,0.0,0.0,0.0,0.0
12.37,0.0,0.0,0.0,0.0
12.37,0.0,0.0,0.0,0.0
15.33,0.56,166.3,0.0,0.0
26.61,1.52,161.06,0.0,74.2673
56.73,2.79,191.37,0.0,208.106
48.35,3.03,189.89,0.0,272.97900000000004
46.41,3.11,203.89,0.0,426.09
48.35,3.75,217.93,0.0,590.16
49.35,4.45,218.23,0.0,589.716
49.96,4.18,225.51,0.0,545.905
46.41,2.63,227.23,0.0,541.908
46.41,2.56,223.84,0.0,409.173
49.32,3.4,216.6,0.0,331.38699999999994
39.15,2.02,187.99,0.0,67.8239
19.2,1.63,157.83,0.0,3.6299
16.62,1.18,150.7,0.0,0.0
16.62,1.33,147.32,0.0,0.0
15.33,0.63,144.96,0.0,0.0
15.33,0.4,0.0,0.0,0.0
15.33,0.4,0.0,0.0,0.0
12.37,0.0,0.0,0.0,0.0
12.37,0.0,0.0,0.0,0.0
12.37,0.0,0.0,0.0,0.0
12.37,0.0,0.0,0.0,0.0
12.37,0.0,0.0,0.0,0.0
12.37,0.0,0.0,0.0,0.0
15.33,0.56,161.19,0.0,0.0
26.61,1.51,157.3,0.0,73.2723
56.73,2.78,184.74,0.0,162.873
48.35,3.02,199.28,0.0,399.154
46.41,3.1,206.43,0.0,509.131
48.35,3.74,212.94,0.0,498.361
49.35,4.45,210.38,0.0,355.12
49.96,4.17,219.49,0.0,633.939
46.41,2.62,225.41,0.0,593.665
46.41,2.56,226.39,0.0,586.691
49.32,3.39,225.04,0.0,359.297
39.15,2.01,198.95,0.0,219.007
19.2,1.61,170.38,0.0,139.74200000000002
16.62,1.19,152.5,0.0,18.7003
16.62,1.34,144.95,0.0,0.0
15.33,0.64,143.81,0.0,0.0
15.33,0.4,0.0,0.0,0.0
15.33,0.4,0.0,0.0,0.0
12.37,0.0,0.0,0.0,0.0
9.28,0.0,0.0,0.0,0.0
9.28,0.0,0.0,0.0,0.0
9.28,0.0,0.0,0.0,0.0
9.28,0.0,0.0,0.0,0.0
9.28,0.0,0.0,0.0,0.0
15.33,0.56,169.27,0.0,0.0
20.49,0.87,166.71,0.0,68.4512
23.67,1.19,169.61,0.0,184.385
25.93,1.67,178.25,0.0,362.057
24.96,1.51,180.12,0.0,524.255
27.22,1.82,174.45,0.0,453.524
20.18,1.59,174.09,0.0,640.861
17.6,1.51,179.83,0.0,683.6189999999999
15.99,1.19,187.92,0.0,654.746
14.7,1.03,193.09,0.0,489.279
15.02,1.11,194.42,0.0,479.01
13.43,0.56,162.38,0.0,317.055
11.5,0.56,0.0,0.0,138.905
9.28,0.0,43.28,0.0,19.1161
9.28,0.0,0.0,0.0,0.0
9.28,0.0,0.0,0.0,0.0
9.28,0.0,0.0,0.0,0.0
9.28,0.0,0.0,0.0,0.0
9.28,0.0,0.0,0.0,0.0
9.28,0.0,0.0,0.0,0.0
9.28,0.0,0.0,0.0,0.0
9.28,0.0,0.0,0.0,0.0
9.28,0.0,0.0,0.0,0.0
9.28,0.0,0.0,0.0,0.0
11.5,0.32,0.0,0.0,0.0
11.5,0.32,0.0,0.0,60.0627
11.5,0.32,0.0,0.0,67.1664
11.5,0.32,34.08,0.0,241.99
11.5,0.32,13.29,0.0,370.629
11.5,0.47,0.0,0.0,462.48800000000006
11.5,0.47,28.96,0.0,297.14
11.5,0.71,0.0,0.0,152.498
11.5,0.47,0.0,0.0,65.0694
11.5,0.32,0.0,0.0,30.5739
11.5,0.32,44.47,0.0,262.475
11.5,0.32,49.37,0.0,236.429
9.28,0.0,11.78,0.0,110.275
9.28,0.0,0.0,0.0,17.3381
9.28,0.0,0.0,0.0,0.0
9.28,0.0,0.0,0.0,0.0
9.28,0.0,0.0,0.0,0.0
9.28,0.0,0.0,0.0,0.0
9.28,0.0,0.0,0.0,0.0
12.37,0.0,0.0,0.0,0.0
12.37,0.0,0.0,0.0,0.0
12.37,0.0,0.0,0.0,0.0
12.37,0.0,0.0,0.0,0.0
12.37,0.0,0.0,0.0,0.0
15.33,0.55,139.34,0.0,0.0
26.61,1.5,125.27,0.0,47.3825
56.73,2.76,133.31,0.0,85.9665
48.35,3.0,138.16,0.0,248.252
46.41,3.08,151.08,0.0,357.64
48.35,3.71,157.96,0.0,330.017
49.35,4.43,151.66,0.0,261.296
49.96,4.14,160.78,0.0,306.261
46.41,2.62,163.45,0.0,338.348
46.41,2.52,171.33,0.0,424.064
49.32,3.37,166.84,0.0,211.095
39.15,1.98,138.06,0.0,86.8213
19.2,1.63,125.56,0.0,12.5894
16.62,1.16,127.63,0.0,0.0
16.62,1.31,128.5,0.0,0.0
15.33,0.63,125.1,0.0,0.0
15.33,0.39,0.0,0.0,0.0
15.33,0.39,0.0,0.0,0.0
12.37,0.0,0.0,0.0,0.0
12.37,0.0,0.0,0.0,0.0
12.37,0.0,0.0,0.0,0.0
12.37,0.0,0.0,0.0,0.0
12.37,0.0,0.0,0.0,0.0
12.37,0.0,0.0,0.0,0.0
15.33,0.55,146.91,0.0,0.0
26.61,1.5,139.81,0.0,33.8197
56.73,2.76,148.88,0.0,159.789
48.35,2.99,161.05,0.0,340.921
46.41,3.07,170.44,0.0,440.599
48.35,3.7,173.89,0.0,419.709
49.35,4.41,176.48,0.0,382.323
49.96,4.13,183.68,0.0,487.089
46.41,2.59,183.04,0.0,490.911
46.41,2.53,189.14,0.0,498.98800000000006
49.32,3.37,196.88,0.0,488.095
39.15,1.99,178.81,0.0,329.55
19.2,1.59,144.21,0.0,150.393
16.62,1.13,125.13,0.0,18.7845
16.62,1.28,117.84,0.0,0.0
15.33,0.61,116.18,0.0,0.0
15.33,0.39,0.0,0.0,0.0
15.33,0.39,0.0,0.0,0.0
12.37,0.0,0.0,0.0,0.0
12.37,0.0,0.0,0.0,0.0
12.37,0.0,0.0,0.0,0.0
12.37,0.0,0.0,0.0,0.0
12.37,0.0,0.0,0.0,0.0
12.37,0.0,0.0,0.0,0.0
15.33,0.55,104.83,0.0,0.0
26.61,1.49,88.34,0.0,73.2823
56.73,2.75,88.46,0.0,221.345
48.35,2.99,94.93,0.0,429.606
46.41,3.06,103.22,0.0,583.403
48.35,3.69,104.53,0.0,697.457
49.35,4.39,101.92,0.0,686.437
49.96,4.12,112.26,0.0,708.0939999999999
46.41,2.58,119.67,0.0,685.7810000000001
46.41,2.53,124.85,0.0,598.6709999999999
49.32,3.35,121.13,0.0,523.005
39.15,1.98,97.83,0.0,282.068
19.2,1.58,85.37,0.0,157.142
16.62,1.12,74.76,0.0,20.9901
16.62,1.27,73.51,0.0,0.0
15.33,0.61,72.79,0.0,0.0
15.33,0.39,0.0,0.0,0.0
15.33,0.39,0.0,0.0,0.0
12.37,0.0,0.0,0.0,0.0
12.37,0.0,0.0,0.0,0.0
12.37,0.0,0.0,0.0,0.0
12.37,0.0,0.0,0.0,0.0
12.37,0.0,0.0,0.0,0.0
12.37,0.0,0.0,0.0,0.0
15.33,0.55,44.33,0.0,0.0
26.61,1.49,75.03,0.0,62.9694
56.73,2.74,91.7,0.0,227.653
48.35,2.98,93.91,0.0,416.326
46.41,3.06,101.1,0.0,558.596
48.35,3.68,108.0,0.0,666.932
49.35,4.38,109.83,0.0,719.707
49.96,4.11,122.85,0.0,729.311
46.41,2.57,133.97,0.0,700.238
46.41,2.52,144.68,0.0,622.255
49.32,3.35,155.11,0.0,504.953
39.15,1.98,137.31,0.0,343.361
19.2,1.58,113.44,0.0,156.976
16.62,1.12,104.45,0.0,20.5171
16.62,1.27,101.69,0.0,0.0
15.33,0.61,98.93,0.0,0.0
15.33,0.39,0.0,0.0,0.0
15.33,0.39,0.0,0.0,0.0
12.37,0.0,0.0,0.0,0.0
12.37,0.0,0.0,0.0,0.0
12.37,0.0,0.0,0.0,0.0
12.37,0.0,0.0,0.0,0.0
12.37,0.0,0.0,0.0,0.0
12.37,0.0,0.0,0.0,0.0
15.33,0.55,102.36,0.0,0.0
26.61,1.49,109.01,0.0,64.119
56.73,2.74,135.87,0.0,225.407
48.35,2.97,150.13,0.0,413.177
46.41,3.05,162.09,0.0,562.776
48.35,3.67,170.5,0.0,669.086
49.35,4.37,167.19,0.0,726.1489999999999
49.96,4.1,171.49,0.0,740.988
46.41,2.57,175.68,0.0,697.5889999999999
46.41,2.51,182.48,0.0,635.285
49.32,3.34,187.75,0.0,506.434
39.15,1.97,170.2,0.0,342.13300000000004
19.2,1.58,148.21,0.0,155.144
16.62,1.12,138.21,0.0,20.2184
16.62,1.27,131.6,0.0,0.0
15.33,0.61,131.05,0.0,0.0
15.33,0.39,0.0,0.0,0.0
15.33,0.39,0.0,0.0,0.0
12.37,0.0,0.0,0.0,0.0
9.28,0.0,0.0,0.0,0.0
9.28,0.0,0.0,0.0,0.0
9.28,0.0,0.0,0.0,0.0
9.28,0.0,0.0,0.0,0.0
9.28,0.0,0.0,0.0,0.0
15.33,0.55,169.37,0.0,0.0
20.49,0.86,163.29,0.0,67.4959
23.67,1.17,163.35,0.0,183.225
25.93,1.64,176.89,0.0,368.119
24.96,1.48,184.51,0.0,480.256
27.22,1.79,190.23,0.0,521.268
20.18,1.56,188.89,0.0,558.033
17.6,1.48,186.48,0.0,665.171
15.99,1.17,188.39,0.0,472.287
14.7,1.01,193.62,0.0,598.444
15.02,1.09,193.87,0.0,473.079
13.43,0.55,163.94,0.0,312.17400000000004
11.5,0.55,102.39,0.0,142.254
9.28,0.0,68.35,0.0,21.0398
9.28,0.0,0.0,0.0,0.0
9.28,0.0,0.0,0.0,0.0
9.28,0.0,0.0,0.0,0.0
9.28,0.0,0.0,0.0,0.0
9.28,0.0,0.0,0.0,0.0
9.28,0.0,0.0,0.0,0.0
9.28,0.0,0.0,0.0,0.0
9.28,0.0,0.0,0.0,0.0
9.28,0.0,0.0,0.0,0.0
9.28,0.0,0.0,0.0,0.0
11.5,0.31,0.0,0.0,0.0
11.5,0.31,31.75,0.0,75.2992
11.5,0.31,52.88,0.0,172.382
11.5,0.31,113.15,0.0,328.59
11.5,0.31,126.24,0.0,478.254
11.5,0.47,98.46,0.0,492.952
11.5,0.47,70.55,0.0,592.413
11.5,0.7,83.6,0.0,592.215
11.5,0.47,90.67,0.0,502.644
11.5,0.31,109.7,0.0,583.316
11.5,0.31,110.98,0.0,442.958
11.5,0.31,110.11,0.0,280.89
9.28,0.0,109.47,0.0,135.886
9.28,0.0,67.13,0.0,21.7507
9.28,0.0,0.0,0.0,0.0
9.28,0.0,26.99,0.0,0.0
9.28,0.0,0.0,0.0,0.0
9.28,0.0,0.0,0.0,0.0
9.28,0.0,0.0,0.0,0.0
12.37,0.0,0.0,0.0,0.0
12.37,0.0,0.0,0.0,0.0
12.37,0.0,0.0,0.0,0.0
12.37,0.0,0.0,0.0,0.0
12.37,0.0,0.0,0.0,0.0
15.33,0.54,116.51,0.0,0.0
26.61,1.48,110.52,0.0,21.0795
56.73,2.72,125.59,0.0,55.1503
48.35,2.95,134.48,0.0,236.912
46.41,3.03,154.58,0.0,444.233
48.35,3.65,176.01,0.0,563.025
49.35,4.37,186.6,0.0,606.694
49.96,4.07,202.97,0.0,597.86
46.41,2.55,208.42,0.0,543.9540000000001
46.41,2.49,204.62,0.0,330.559
49.32,3.31,199.88,0.0,270.651
39.15,1.96,165.52,0.0,106.355
19.2,1.57,144.57,0.0,40.8634
16.62,1.11,125.29,0.0,2.24186
16.62,1.26,115.46,0.0,0.0
15.33,0.61,116.24,0.0,0.0
15.33,0.39,0.0,0.0,0.0
15.33,0.39,0.0,0.0,0.0
12.37,0.0,0.0,0.0,0.0
12.37,0.0,0.0,0.0,0.0
12.37,0.0,0.0,0.0,0.0
12.37,0.0,0.0,0.0,0.0
12.37,0.0,0.0,0.0,0.0
12.37,0.0,0.0,0.0,0.0
15.33,0.54,126.53,0.0,0.0
26.61,1.47,127.93,0.0,34.9344
56.73,2.71,134.25,0.0,90.5903
48.35,2.94,129.96,0.0,110.669
46.41,3.02,128.56,0.0,131.497
48.35,3.64,131.43,0.0,144.01
49.35,4.33,129.17,0.0,135.56799999999998
49.96,4.06,134.13,0.0,110.852
46.41,2.56,133.06,0.0,133.17700000000002
46.41,2.47,138.09,0.0,138.963
49.32,3.31,143.83,0.0,35.3926
39.15,1.94,134.07,0.0,4.65279
19.2,1.6,123.4,0.0,0.0
16.62,1.14,123.12,0.0,0.0
16.62,1.29,125.23,0.0,0.0
15.33,0.62,125.07,0.0,0.0
15.33,0.39,0.0,0.0,0.0
15.33,0.39,0.0,0.0,0.0
12.37,0.0,0.0,0.0,0.0
9.28,0.0,0.0,0.0,0.0
9.28,0.0,0.0,0.0,0.0
9.28,0.0,0.0,0.0,0.0
9.28,0.0,0.0,0.0,0.0
9.28,0.0,0.0,0.0,0.0
11.5,0.31,0.0,0.0,0.0
11.5,0.31,0.0,0.0,68.0374
11.5,0.31,12.9,0.0,200.943
11.5,0.31,61.4,0.0,295.832
11.5,0.31,37.71,0.0,402.675
11.5,0.46,0.0,0.0,423.159
11.5,0.46,0.0,0.0,395.07
11.5,0.7,0.0,0.0,206.11
11.5,0.46,0.0,0.0,160.332
11.5,0.31,0.0,0.0,336.45
11.5,0.31,0.0,0.0,253.262
11.5,0.31,0.0,0.0,49.1764
9.28,0.0,0.0,0.0,7.81809
9.28,0.0,0.0,0.0,0.0
9.28,0.0,0.0,0.0,0.0
9.28,0.0,0.0,0.0,0.0
9.28,0.0,0.0,0.0,0.0
9.28,0.0,0.0,0.0,0.0
9.28,0.0,0.0,0.0,0.0
12.37,0.0,0.0,0.0,0.0
12.37,0.0,0.0,0.0,0.0
12.37,0.0,0.0,0.0,0.0
12.37,0.0,0.0,0.0,0.0
12.37,0.0,0.0,0.0,0.0
15.33,0.54,164.47,0.0,0.0
26.61,1.46,150.03,0.0,76.9134
56.73,2.7,166.14,0.0,193.898
48.35,2.93,176.88,0.0,318.154
46.41,3.01,188.0,0.0,389.079
48.35,3.62,191.7,0.0,551.571
49.35,4.34,188.92,0.0,470.92
49.96,4.04,202.85,0.0,420.65
46.41,2.53,198.22,0.0,338.121
46.41,2.47,178.28,0.0,230.877
49.32,3.29,169.06,0.0,126.185
39.15,1.94,145.65,0.0,84.9449
19.2,1.58,129.35,0.0,60.7463
16.62,1.12,128.32,0.0,10.2686
16.62,1.27,125.81,0.0,0.0
15.33,0.61,125.18,0.0,0.0
15.33,0.39,0.0,0.0,0.0
15.33,0.39,0.0,0.0,0.0
12.37,0.0,0.0,0.0,0.0
12.37,0.0,0.0,0.0,0.0
12.37,0.0,0.0,0.0,0.0
12.37,0.0,0.0,0.0,0.0
12.37,0.0,0.0,0.0,0.0
12.37,0.0,0.0,0.0,0.0
15.33,0.54,137.77,0.0,0.0
26.61,1.46,150.29,0.0,63.1873
56.73,2.69,182.51,0.0,181.6
48.35,2.92,189.08,0.0,329.046
46.41,3.0,198.57,0.0,481.0
48.35,3.62,204.98,0.0,420.953
49.35,4.31,201.85,0.0,449.239
49.96,4.03,201.49,0.0,661.176
46.41,2.54,199.55,0.0,633.231
46.41,2.46,200.47,0.0,447.295
49.32,3.28,195.81,0.0,269.034
39.15,1.95,166.63,0.0,109.28
19.2,1.54,139.43,0.0,70.5112
16.62,1.15,135.47,0.0,11.6973
16.62,1.31,133.64,0.0,0.0
15.33,0.62,132.98,0.0,0.0
15.33,0.38,0.0,0.0,0.0
15.33,0.38,0.0,0.0,0.0
12.37,0.0,0.0,0.0,0.0
9.28,0.0,0.0,0.0,0.0
9.28,0.0,0.0,0.0,0.0
9.28,0.0,0.0,0.0,0.0
9.28,0.0,0.0,0.0,0.0
9.28,0.0,0.0,0.0,0.0
15.33,0.54,165.42,0.0,0.0
20.49,0.84,156.25,0.0,38.9941
23.67,1.15,152.01,0.0,122.796
25.93,1.61,160.59,0.0,304.80400000000003
24.96,1.46,169.52,0.0,409.448
27.22,1.77,171.38,0.0,371.657
20.18,1.53,164.69,0.0,258.749
17.6,1.46,141.93,0.0,72.9411
15.99,1.15,132.84,0.0,103.328
14.7,1.0,135.64,0.0,106.358
15.02,1.07,142.48,0.0,108.711
13.43,0.54,143.35,0.0,151.791
11.5,0.54,0.0,0.0,97.6047
9.28,0.0,0.0,0.0,19.5049
9.28,0.0,0.0,0.0,0.0
9.28,0.0,0.0,0.0,0.0
9.28,0.0,0.0,0.0,0.0
9.28,0.0,0.0,0.0,0.0
9.28,0.0,0.0,0.0,0.0
9.28,0.0,0.0,0.0,0.0
9.28,0.0,0.0,0.0,0.0
9.28,0.0,0.0,0.0,0.0
9.28,0.0,0.0,0.0,0.0
9.28,0.0,0.0,0.0,0.0
11.5,0.31,0.0,0.0,0.0
11.5,0.31,0.0,0.0,22.2551
11.5,0.31,7.01,0.0,166.49900000000002
11.5,0.31,96.37,0.0,315.631
11.5,0.31,101.81,0.0,431.15
11.5,0.46,106.04,0.0,591.5
11.5,0.46,63.9,0.0,666.045
11.5,0.69,45.64,0.0,670.586
11.5,0.46,101.8,0.0,533.6419999999999
11.5,0.31,97.9,0.0,453.838
11.5,0.31,89.57,0.0,327.98400000000004
11.5,0.31,120.69,0.0,276.263
9.28,0.0,102.99,0.0,132.705
9.28,0.0,64.58,0.0,23.755
9.28,0.0,0.0,0.0,0.0
9.28,0.0,0.0,0.0,0.0
9.28,0.0,0.0,0.0,0.0
9.28,0.0,0.0,0.0,0.0
9.28,0.0,0.0,0.0,0.0
12.37,0.0,0.0,0.0,0.0
12.37,0.0,0.0,0.0,0.0
12.37,0.0,0.0,0.0,0.0
12.37,0.0,0.0,0.0,0.0
12.37,0.0,0.0,0.0,0.0
15.33,0.53,165.97,0.0,0.0
26.61,1.45,157.65,0.0,63.3176
56.73,2.67,199.58,0.0,192.227
48.35,2.9,207.53,0.0,336.32300000000004
46.41,2.98,215.58,0.0,479.407
48.35,3.59,211.14,0.0,434.111
49.35,4.31,202.31,0.0,461.204
49.96,4.0,220.44,0.0,565.7180000000001
46.41,2.52,196.07,0.0,454.029
46.41,2.43,180.1,0.0,283.494
49.32,3.27,175.8,0.0,204.653
39.15,1.92,158.81,0.0,171.84
19.2,1.57,140.69,0.0,77.7315
16.62,1.13,134.89,0.0,14.2491
16.62,1.28,131.2,0.0,0.0
15.33,0.61,130.19,0.0,0.0
15.33,0.38,0.0,0.0,0.0
15.33,0.38,0.0,0.0,0.0
12.37,0.0,0.0,0.0,0.0
12.37,0.0,0.0,0.0,0.0
12.37,0.0,0.0,0.0,0.0
12.37,0.0,0.0,0.0,0.0
12.37,0.0,0.0,0.0,0.0
12.37,0.0,0.0,0.0,0.0
15.33,0.53,140.8,0.0,0.0
26.61,1.45,135.4,0.0,43.1367
56.73,2.67,150.51,0.0,70.0128
48.35,2.9,144.89,0.0,102.636
46.41,2.97,160.93,0.0,355.958
48.35,3.58,176.97,0.0,436.098
49.35,4.29,179.71,0.0,500.97
49.96,3.99,185.1,0.0,374.939
46.41,2.51,179.08,0.0,345.722
46.41,2.44,180.63,0.0,389.202
49.32,3.26,181.74,0.0,277.563
39.15,1.91,164.71,0.0,273.095
19.2,1.57,141.48,0.0,141.164
16.62,1.12,132.73,0.0,22.5509
16.62,1.27,132.87,0.0,0.0
15.33,0.61,130.25,0.0,0.0
15.33,0.38,0.0,0.0,0.0
15.33,0.38,0.0,0.0,0.0
12.37,0.0,0.0,0.0,0.0
12.37,0.0,0.0,0.0,0.0
12.37,0.0,0.0,0.0,0.0
12.37,0.0,0.0,0.0,0.0
12.37,0.0,0.0,0.0,0.0
12.37,0.0,0.0,0.0,0.0
15.33,0.53,144.59,0.0,0.0
26.61,1.45,139.14,0.0,62.0742
56.73,2.66,167.71,0.0,194.185
48.35,2.89,174.05,0.0,352.92900000000003
46.41,2.97,184.2,0.0,531.5319999999999
48.35,3.58,195.01,0.0,642.056
49.35,4.28,196.43,0.0,699.929
49.96,3.99,207.09,0.0,711.492
46.41,2.5,216.98,0.0,686.051
46.41,2.44,221.17,0.0,616.349
49.32,3.25,220.19,0.0,492.574
39.15,1.91,191.74,0.0,335.288
19.2,1.57,154.29,0.0,157.886
16.62,1.11,124.24,0.0,26.4761
16.62,1.26,109.3,0.0,0.0
15.33,0.6,105.84,0.0,0.0
15.33,0.38,0.0,0.0,0.0
15.33,0.38,0.0,0.0,0.0
12.37,0.0,0.0,0.0,0.0
12.37,0.0,0.0,0.0,0.0
12.37,0.0,0.0,0.0,0.0
12.37,0.0,0.0,0.0,0.0
12.37,0.0,0.0,0.0,0.0
12.37,0.0,0.0,0.0,0.0
15.33,0.53,101.33,0.0,0.0
26.61,1.44,103.01,0.0,64.3228
56.73,2.66,138.91,0.0,220.893
48.35,2.88,148.43,0.0,400.8730000000001
46.41,2.96,153.28,0.0,555.019
48.35,3.57,156.85,0.0,648.744
49.35,4.27,151.78,0.0,716.227
49.96,3.98,158.05,0.0,728.99
46.41,2.5,164.29,0.0,690.5239999999999
46.41,2.43,172.22,0.0,621.601
49.32,3.24,180.85,0.0,510.58
39.15,1.9,158.32,0.0,353.366
19.2,1.57,122.37,0.0,166.727
16.62,1.11,106.05,0.0,27.1581
16.62,1.27,98.23,0.0,0.0
15.33,0.6,94.57,0.0,0.0
15.33,0.38,0.0,0.0,0.0
15.33,0.38,0.0,0.0,0.0
12.37,0.0,0.0,0.0,0.0
12.37,0.0,0.0,0.0,0.0
12.37,0.0,0.0,0.0,0.0
12.37,0.0,0.0,0.0,0.0
12.37,0.0,0.0,0.0,0.0
12.37,0.0,0.0,0.0,0.0
15.33,0.53,95.88,0.0,0.0
26.61,1.44,109.79,0.0,63.5746
56.73,2.65,161.35,0.0,216.798
48.35,2.88,172.07,0.0,397.591
46.41,2.95,180.61,0.0,546.39
48.35,3.56,184.37,0.0,645.344
49.35,4.27,179.1,0.0,704.0160000000001
49.96,3.97,187.62,0.0,724.6310000000001
46.41,2.5,192.96,0.0,690.1560000000001
46.41,2.41,198.21,0.0,569.729
49.32,3.24,200.52,0.0,384.064
39.15,1.91,176.14,0.0,281.94
19.2,1.56,138.12,0.0,130.398
16.62,1.12,121.45,0.0,26.3433
16.62,1.27,116.54,0.0,0.0
15.33,0.6,117.89,0.0,0.0
15.33,0.38,0.0,0.0,0.0
15.33,0.38,0.0,0.0,0.0
12.37,0.0,0.0,0.0,0.0
9.28,0.0,0.0,0.0,0.0
9.28,0.0,0.0,0.0,0.0
9.28,0.0,0.0,0.0,0.0
9.28,0.0,0.0,0.0,0.0
9.28,0.0,0.0,0.0,0.0
15.33,0.53,125.05,0.0,0.0
20.49,0.83,133.15,0.0,59.4432
23.67,1.13,136.19,0.0,202.968
25.93,1.59,135.16,0.0,376.027
24.96,1.44,136.26,0.0,537.6659999999999
27.22,1.74,132.44,0.0,597.0790000000001
20.18,1.51,133.17,0.0,561.113
17.6,1.44,136.47,0.0,487.268
15.99,1.13,140.89,0.0,498.514
14.7,0.98,144.71,0.0,451.043
15.02,1.06,158.41,0.0,514.732
13.43,0.53,135.54,0.0,355.65
11.5,0.53,95.24,0.0,169.06900000000002
9.28,0.0,99.19,0.0,26.8896
9.28,0.0,0.0,0.0,0.0
9.28,0.0,0.0,0.0,0.0
9.28,0.0,0.0,0.0,0.0
9.28,0.0,0.0,0.0,0.0
9.28,0.0,0.0,0.0,0.0
9.28,0.0,0.0,0.0,0.0
9.28,0.0,0.0,0.0,0.0
9.28,0.0,0.0,0.0,0.0
9.28,0.0,0.0,0.0,0.0
9.28,0.0,0.0,0.0,0.0
11.5,0.3,0.0,0.0,0.0
11.5,0.3,0.0,0.0,63.1224
11.5,0.3,114.65,0.0,169.983
11.5,0.3,134.53,0.0,341.992
11.5,0.3,78.12,0.0,304.205
11.5,0.45,109.24,0.0,354.82
11.5,0.45,104.64,0.0,564.085
11.5,0.68,66.52,0.0,459.069
11.5,0.45,62.63,0.0,234.549
11.5,0.3,39.64,0.0,258.147
11.5,0.3,68.18,0.0,309.771
11.5,0.3,90.65,0.0,287.192
9.28,0.0,132.94,0.0,137.186
9.28,0.0,42.13,0.0,27.323
9.28,0.0,0.0,0.0,0.0
9.28,0.0,0.0,0.0,0.0
9.28,0.0,0.0,0.0,0.0
9.28,0.0,0.0,0.0,0.0
9.28,0.0,0.0,0.0,0.0
12.37,0.0,0.0,0.0,0.0
12.37,0.0,0.0,0.0,0.0
12.37,0.0,0.0,0.0,0.0
12.37,0.0,0.0,0.0,0.0
12.37,0.0,31.83,0.0,0.0
15.33,0.53,177.44,0.0,0.0
26.61,1.43,172.64,0.0,65.3264
56.73,2.64,205.75,0.0,199.267
48.35,2.86,196.09,0.0,262.764
46.41,2.94,180.4,0.0,202.904
48.35,3.54,171.37,0.0,112.595
49.35,4.26,172.56,0.0,172.104
49.96,3.94,191.22,0.0,219.302
46.41,2.49,185.4,0.0,163.558
46.41,2.41,176.69,0.0,161.69799999999998
49.32,3.21,173.04,0.0,81.0932
39.15,1.9,154.11,0.0,5.4368
19.2,1.52,137.81,0.0,0.0
16.62,1.08,136.05,0.0,0.0
16.62,1.23,131.18,0.0,0.0
15.33,0.59,128.91,0.0,0.0
15.33,0.38,0.0,0.0,0.0
15.33,0.38,0.0,0.0,0.0
12.37,0.0,0.0,0.0,0.0
12.37,0.0,0.0,0.0,0.0
12.37,0.0,0.0,0.0,0.0
12.37,0.0,0.0,0.0,0.0
12.37,0.0,0.0,0.0,0.0
12.37,0.0,0.0,0.0,0.0
15.33,0.53,151.57,0.0,0.0
26.61,1.43,148.8,0.0,65.4407
56.73,2.63,175.19,0.0,175.46
48.35,2.86,183.67,0.0,250.378
46.41,2.93,200.04,0.0,353.37300000000005
48.35,3.53,215.1,0.0,469.521
49.35,4.23,223.08,0.0,480.77
49.96,3.93,232.6,0.0,592.997
46.41,2.47,226.11,0.0,461.107
46.41,2.39,208.97,0.0,151.606
49.32,3.21,222.63,0.0,378.196
39.15,1.89,210.45,0.0,337.027
19.2,1.53,182.91,0.0,159.20600000000002
16.62,1.12,162.86,0.0,27.2566
16.62,1.27,148.91,0.0,0.0
15.33,0.6,146.2,0.0,0.0
15.33,0.38,0.0,0.0,0.0
15.33,0.38,0.0,0.0,0.0
12.37,0.0,0.0,0.0,0.0
12.37,0.0,0.0,0.0,0.0
12.37,0.0,0.0,0.0,0.0
12.37,0.0,0.0,0.0,0.0
12.37,0.0,0.0,0.0,0.0
12.37,0.0,0.0,0.0,0.0
15.33,0.52,169.43,0.0,0.0
26.61,1.42,182.16,0.0,56.5906
56.73,2.62,221.52,0.0,194.835
48.35,2.85,218.55,0.0,315.362
46.41,2.92,225.33,0.0,336.098
48.35,3.52,242.99,0.0,462.612
49.35,4.24,239.1,0.0,562.188
49.96,3.92,226.75,0.0,348.521
46.41,2.48,227.71,0.0,495.667
46.41,2.4,240.51,0.0,589.055
49.32,3.2,246.54,0.0,486.193
39.15,1.89,227.17,0.0,333.112
19.2,1.51,200.97,0.0,161.72799999999998
16.62,1.08,179.37,0.0,27.3835
16.62,1.23,156.59,0.0,0.0
15.33,0.59,152.26,0.0,0.0
15.33,0.37,0.0,0.0,0.0
15.33,0.37,0.0,0.0,0.0
12.37,0.0,0.0,0.0,0.0
12.37,0.0,0.0,0.0,0.0
12.37,0.0,0.0,0.0,0.0
12.37,0.0,0.0,0.0,0.0
12.37,0.0,0.0,0.0,0.0
12.37,0.0,0.0,0.0,0.0
15.33,0.52,165.24,0.0,0.0
26.61,1.42,186.15,0.0,58.0494
56.73,2.62,226.02,0.0,183.679
48.35,2.84,226.79,0.0,326.939
46.41,2.92,234.26,0.0,463.936
48.35,3.52,237.02,0.0,592.0790000000001
49.35,4.22,218.68,0.0,656.928
49.96,3.91,209.88,0.0,698.563
46.41,2.47,216.44,0.0,557.841
46.41,2.39,230.61,0.0,600.6469999999999
49.32,3.19,255.75,0.0,487.586
39.15,1.9,243.53,0.0,333.75300000000004
19.2,1.49,207.17,0.0,162.289
16.62,1.12,173.3,0.0,27.2381
16.62,1.27,153.86,0.0,0.0
15.33,0.6,150.6,0.0,0.0
15.33,0.37,0.0,0.0,0.0
15.33,0.37,0.0,0.0,0.0
12.37,0.0,0.0,0.0,0.0
12.37,0.0,0.0,0.0,0.0
12.37,0.0,0.0,0.0,0.0
12.37,0.0,0.0,0.0,0.0
12.37,0.0,0.0,0.0,0.0
12.37,0.0,0.0,0.0,0.0
15.33,0.52,161.83,0.0,0.0
26.61,1.42,167.01,0.0,68.9193
56.73,2.61,215.84,0.0,191.871
48.35,2.84,220.04,0.0,315.277
46.41,2.91,228.76,0.0,423.307
48.35,3.51,237.39,0.0,554.0419999999999
49.35,4.22,235.11,0.0,548.475
49.96,3.92,249.65,0.0,564.781
46.41,2.46,249.25,0.0,629.985
46.41,2.39,258.08,0.0,552.82
49.32,3.19,252.75,0.0,347.296
39.15,1.87,226.67,0.0,305.423
19.2,1.53,202.94,0.0,160.243
16.62,1.09,176.13,0.0,28.025
16.62,1.24,153.27,0.0,0.0
15.33,0.59,146.48,0.0,0.0
15.33,0.37,0.0,0.0,0.0
15.33,0.37,0.0,0.0,0.0
12.37,0.0,0.0,0.0,0.0
9.28,0.0,0.0,0.0,0.0
9.28,0.0,0.0,0.0,0.0
9.28,0.0,0.0,0.0,0.0
9.28,0.0,0.0,0.0,0.0
9.28,0.0,0.0,0.0,0.0
15.33,0.52,133.11,0.0,0.0
20.49,0.82,139.0,0.0,69.684
23.67,1.12,145.47,0.0,123.712
25.93,1.57,151.6,0.0,161.47899999999998
24.96,1.42,163.38,0.0,343.01300000000003
27.22,1.71,166.22,0.0,415.629
20.18,1.49,163.3,0.0,495.828
17.6,1.42,168.03,0.0,348.49
15.99,1.12,170.14,0.0,345.24
14.7,0.97,162.97,0.0,137.84
15.02,1.04,155.7,0.0,23.3437
13.43,0.52,151.9,0.0,135.19799999999998
11.5,0.52,0.0,0.0,85.4073
9.28,0.0,0.0,0.0,18.6949
9.28,0.0,0.0,0.0,0.0
9.28,0.0,0.0,0.0,0.0
9.28,0.0,0.0,0.0,0.0
9.28,0.0,0.0,0.0,0.0
9.28,0.0,0.0,0.0,0.0
9.28,0.0,0.0,0.0,0.0
9.28,0.0,0.0,0.0,0.0
9.28,0.0,0.0,0.0,0.0
9.28,0.0,0.0,0.0,0.0
9.28,0.0,0.0,0.0,0.0
11.5,0.3,29.1,0.0,0.0
11.5,0.3,124.67,0.0,67.5668
11.5,0.3,104.8,0.0,206.409
11.5,0.3,123.3,0.0,368.349
11.5,0.3,133.12,0.0,459.375
11.5,0.45,102.21,0.0,493.483
11.5,0.45,119.15,0.0,557.563
11.5,0.67,127.83,0.0,541.664
11.5,0.45,58.62,0.0,226.82
11.5,0.3,0.0,0.0,399.369
11.5,0.3,11.34,0.0,389.628
11.5,0.3,22.66,0.0,196.356
9.28,0.0,0.0,0.0,54.8165
9.28,0.0,0.0,0.0,10.293
9.28,0.0,0.0,0.0,0.0
9.28,0.0,0.0,0.0,0.0
9.28,0.0,0.0,0.0,0.0
9.28,0.0,0.0,0.0,0.0
9.28,0.0,0.0,0.0,0.0
12.37,0.0,0.0,0.0,0.0
12.37,0.0,0.0,0.0,0.0
12.37,0.0,0.0,0.0,0.0
12.37,0.0,0.0,0.0,0.0
12.37,0.0,29.33,0.0,0.0
15.33,0.52,167.24,0.0,0.0
26.61,1.41,192.25,0.0,57.7534
56.73,2.6,242.41,0.0,198.876
48.35,2.82,237.26,0.0,372.244
46.41,2.9,236.21,0.0,521.148
48.35,3.49,239.89,0.0,619.2090000000001
49.35,4.2,225.86,0.0,676.6239999999999
49.96,3.89,239.72,0.0,691.831
46.41,2.44,248.69,0.0,665.2560000000001
46.41,2.38,258.68,0.0,598.2819999999999
49.32,3.17,261.56,0.0,490.117
39.15,1.85,226.5,0.0,326.038
19.2,1.54,187.33,0.0,152.398
16.62,1.09,166.83,0.0,29.2239
16.62,1.24,153.56,0.0,0.0
15.33,0.59,153.88,0.0,0.0
15.33,0.37,0.0,0.0,0.0
15.33,0.37,0.0,0.0,0.0
12.37,0.0,0.0,0.0,0.0
12.37,0.0,0.0,0.0,0.0
12.37,0.0,0.0,0.0,0.0
12.37,0.0,0.0,0.0,0.0
12.37,0.0,0.0,0.0,0.0
12.37,0.0,60.73,0.0,0.0
15.33,0.52,170.84,0.0,0.0
26.61,1.41,163.65,0.0,32.9025
56.73,2.6,191.42,0.0,87.7152
48.35,2.82,183.92,0.0,145.464
46.41,2.89,181.32,0.0,230.61
48.35,3.49,183.45,0.0,202.436
49.35,4.19,175.02,0.0,149.10299999999998
49.96,3.88,170.89,0.0,125.96
46.41,2.44,163.3,0.0,97.118
46.41,2.37,164.15,0.0,88.411
49.32,3.16,167.63,0.0,73.0644
39.15,1.86,148.45,0.0,56.8601
19.2,1.52,130.31,0.0,4.5953
16.62,1.08,128.15,0.0,0.0
16.62,1.23,129.96,0.0,0.0
15.33,0.59,130.41,0.0,0.0
15.33,0.37,0.0,0.0,0.0
15.33,0.37,0.0,0.0,0.0
12.37,0.0,0.0,0.0,0.0
12.37,0.0,0.0,0.0,0.0
12.37,0.0,0.0,0.0,0.0
12.37,0.0,0.0,0.0,0.0
12.37,0.0,0.0,0.0,0.0
12.37,0.0,0.0,0.0,0.0
15.33,0.52,179.49,0.0,0.0
26.61,1.41,176.12,0.0,77.1774
56.73,2.59,205.69,0.0,149.954
48.35,2.81,202.89,0.0,312.578
46.41,2.89,201.76,0.0,248.17
48.35,3.48,196.53,0.0,367.801
49.35,4.18,196.68,0.0,219.565
49.96,3.87,202.92,0.0,263.986
46.41,2.44,208.53,0.0,213.377
46.41,2.37,216.32,0.0,281.748
49.32,3.16,226.16,0.0,260.085
39.15,1.86,221.24,0.0,330.418
19.2,1.52,187.78,0.0,160.14
16.62,1.08,166.6,0.0,32.0193
16.62,1.23,161.12,0.0,0.0
15.33,0.59,161.89,0.0,0.0
15.33,0.37,0.0,0.0,0.0
15.33,0.37,0.0,0.0,0.0
12.37,0.0,0.0,0.0,0.0
12.37,0.0,0.0,0.0,0.0
12.37,0.0,0.0,0.0,0.0
12.37,0.0,0.0,0.0,0.0
12.37,0.0,0.0,0.0,0.0
12.37,0.0,0.0,0.0,0.0
15.33,0.52,203.49,0.0,0.0
26.61,1.4,209.91,0.0,57.1974
56.73,2.59,234.92,0.0,184.366
48.35,2.81,228.68,0.0,309.087
46.41,2.88,234.99,0.0,441.331
48.35,3.47,244.02,0.0,484.43
49.35,4.18,242.26,0.0,429.597
49.96,3.87,256.44,0.0,584.629
46.41,2.43,254.48,0.0,483.899
46.41,2.37,254.74,0.0,557.351
49.32,3.15,257.2,0.0,383.115
39.15,1.85,235.61,0.0,336.386
19.2,1.52,201.8,0.0,161.813
16.62,1.08,180.66,0.0,31.9962
16.62,1.23,168.51,0.0,0.0
15.33,0.59,169.45,0.0,0.0
15.33,0.37,0.0,0.0,0.0
15.33,0.37,0.0,0.0,0.0
12.37,0.0,0.0,0.0,0.0
12.37,0.0,0.0,0.0,0.0
12.37,0.0,0.0,0.0,0.0
12.37,0.0,0.0,0.0,0.0
12.37,0.0,0.0,0.0,0.0
12.37,0.0,70.54,0.0,0.0
15.33,0.52,192.63,0.0,0.0
26.61,1.4,198.57,0.0,71.4869
56.73,2.58,238.7,0.0,191.266
48.35,2.8,232.42,0.0,323.54900000000004
46.41,2.88,231.49,0.0,268.03700000000003
48.35,3.47,248.66,0.0,361.028
49.35,4.17,259.27,0.0,588.379
49.96,3.87,269.49,0.0,503.33
46.41,2.42,268.69,0.0,604.311
46.41,2.37,263.44,0.0,404.865
49.32,3.15,264.97,0.0,287.073
39.15,1.84,250.4,0.0,314.494
19.2,1.53,212.56,0.0,156.951
16.62,1.09,188.39,0.0,31.0743
16.62,1.24,175.67,0.0,0.0
15.33,0.59,171.63,0.0,0.0
15.33,0.37,0.0,0.0,0.0
15.33,0.37,0.0,0.0,0.0
12.37,0.0,0.0,0.0,0.0
9.28,0.0,0.0,0.0,0.0
9.28,0.0,0.0,0.0,0.0
9.28,0.0,0.0,0.0,0.0
9.28,0.0,0.0,0.0,0.0
9.28,0.0,0.0,0.0,0.0
15.33,0.52,190.8,0.0,0.0
20.49,0.81,200.79,0.0,62.9756
23.67,1.1,209.27,0.0,199.487
25.93,1.55,211.38,0.0,343.50800000000004
24.96,1.4,213.28,0.0,479.441
27.22,1.69,192.62,0.0,557.289
20.18,1.47,187.96,0.0,479.077
17.6,1.4,146.28,0.0,321.508
15.99,1.1,130.38,0.0,165.733
14.7,0.96,143.47,0.0,140.596
15.02,1.03,152.5,0.0,223.247
13.43,0.52,150.73,0.0,275.951
11.5,0.52,68.93,0.0,158.744
9.28,0.0,24.46,0.0,32.3574
9.28,0.0,0.0,0.0,0.0
9.28,0.0,0.0,0.0,0.0
9.28,0.0,0.0,0.0,0.0
9.28,0.0,0.0,0.0,0.0
9.28,0.0,0.0,0.0,0.0
9.28,0.0,0.0,0.0,0.0
9.28,0.0,0.0,0.0,0.0
9.28,0.0,0.0,0.0,0.0
9.28,0.0,0.0,0.0,0.0
9.28,0.0,0.0,0.0,0.0
11.5,0.29,0.0,0.0,0.0
11.5,0.29,0.0,0.0,73.2987
11.5,0.29,64.38,0.0,146.939
11.5,0.29,121.4,0.0,306.296
11.5,0.29,111.2,0.0,413.7
11.5,0.44,98.69,0.0,529.034
11.5,0.44,90.1,0.0,631.05
11.5,0.66,92.68,0.0,384.489
11.5,0.44,30.8,0.0,173.919
11.5,0.29,86.68,0.0,319.255
11.5,0.29,91.48,0.0,223.512
11.5,0.29,97.82,0.0,258.013
9.28,0.0,113.04,0.0,139.914
9.28,0.0,69.45,0.0,30.0743
9.28,0.0,0.0,0.0,0.0
9.28,0.0,0.0,0.0,0.0
9.28,0.0,0.0,0.0,0.0
9.28,0.0,0.0,0.0,0.0
9.28,0.0,0.0,0.0,0.0
12.37,0.0,0.0,0.0,0.0
12.37,0.0,0.0,0.0,0.0
12.37,0.0,0.0,0.0,0.0
12.37,0.0,0.0,0.0,0.0
12.37,0.0,26.02,0.0,0.0
15.33,0.51,144.25,0.0,0.0
26.61,1.4,148.9,0.0,64.2866
56.73,2.57,193.99,0.0,200.624
48.35,2.79,183.72,0.0,248.185
46.41,2.86,192.06,0.0,373.92
48.35,3.45,206.0,0.0,472.174
49.35,4.17,204.38,0.0,677.304
49.96,3.84,212.19,0.0,683.622
46.41,2.41,217.77,0.0,645.16
46.41,2.34,224.61,0.0,585.919
49.32,3.13,230.8,0.0,486.259
39.15,1.86,202.68,0.0,335.94199999999995
19.2,1.46,164.21,0.0,163.393
16.62,1.04,149.08,0.0,31.4979
16.62,1.19,138.08,0.0,0.0
15.33,0.58,135.96,0.0,0.0
15.33,0.37,0.0,0.0,0.0
15.33,0.37,0.0,0.0,0.0
12.37,0.0,0.0,0.0,0.0
12.37,0.0,0.0,0.0,0.0
12.37,0.0,0.0,0.0,0.0
12.37,0.0,0.0,0.0,0.0
12.37,0.0,0.0,0.0,0.0
12.37,0.0,14.16,0.0,0.0
15.33,0.51,158.19,0.0,0.0
26.61,1.39,154.85,0.0,59.5871
56.73,2.57,188.28,0.0,133.452
48.35,2.79,189.12,0.0,227.574
46.41,2.86,196.33,0.0,403.437
48.35,3.45,202.26,0.0,502.698
49.35,4.14,190.89,0.0,508.903
49.96,3.83,197.26,0.0,411.348
46.41,2.41,195.84,0.0,452.064
46.41,2.35,187.65,0.0,336.139
49.32,3.12,176.8,0.0,156.312
39.15,1.83,155.03,0.0,203.748
19.2,1.51,118.18,0.0,86.5111
16.62,1.08,110.9,0.0,17.8472
16.62,1.23,110.32,0.0,0.0
15.33,0.59,115.69,0.0,0.0
15.33,0.37,0.0,0.0,0.0
15.33,0.37,0.0,0.0,0.0
12.37,0.0,0.0,0.0,0.0
12.37,0.0,0.0,0.0,0.0
12.37,0.0,0.0,0.0,0.0
12.37,0.0,0.0,0.0,0.0
12.37,0.0,0.0,0.0,0.0
12.37,0.0,0.0,0.0,0.0
15.33,0.51,148.39,0.0,0.0
26.61,1.39,151.83,0.0,70.7997
56.73,2.56,183.9,0.0,168.697
48.35,2.78,189.58,0.0,297.138
46.41,2.86,205.74,0.0,430.512
48.35,3.44,217.14,0.0,522.8
49.35,4.15,213.72,0.0,523.98
49.96,3.83,222.79,0.0,521.634
46.41,2.4,215.42,0.0,440.614
46.41,2.33,210.0,0.0,378.895
49.32,3.12,202.97,0.0,278.406
39.15,1.85,169.63,0.0,177.46900000000002
19.2,1.45,139.7,0.0,96.1819
16.62,1.1,131.51,0.0,23.0705
16.62,1.24,132.13,0.0,0.0
15.33,0.59,138.38,0.0,0.0
15.33,0.37,0.0,0.0,0.0
15.33,0.37,0.0,0.0,0.0
12.37,0.0,0.0,0.0,0.0
12.37,0.0,0.0,0.0,0.0
12.37,0.0,0.0,0.0,0.0
12.37,0.0,0.0,0.0,0.0
12.37,0.0,0.0,0.0,0.0
12.37,0.0,0.0,0.0,0.0
15.33,0.51,152.38,0.0,0.0
26.61,1.39,141.38,0.0,70.9058
56.73,2.56,179.42,0.0,154.246
48.35,2.78,188.78,0.0,223.342
46.41,2.85,200.51,0.0,300.045
48.35,3.44,207.75,0.0,211.178
49.35,4.15,202.61,0.0,296.957
49.96,3.82,217.09,0.0,486.617
46.41,2.41,230.05,0.0,423.466
46.41,2.33,235.72,0.0,438.94
49.32,3.11,233.99,0.0,218.095
39.15,1.85,222.36,0.0,284.531
19.2,1.47,193.24,0.0,166.736
16.62,1.05,178.38,0.0,30.9615
16.62,1.2,171.04,0.0,0.0
15.33,0.58,169.75,0.0,0.0
15.33,0.37,0.0,0.0,0.0
15.33,0.37,0.0,0.0,0.0
12.37,0.0,0.0,0.0,0.0
12.37,0.0,0.0,0.0,0.0
12.37,0.0,0.0,0.0,0.0
12.37,0.0,0.0,0.0,0.0
12.37,0.0,0.0,0.0,0.0
12.37,0.0,0.0,0.0,0.0
15.33,0.51,199.2,0.0,0.0
26.61,1.39,194.93,0.0,68.5768
56.73,2.55,235.94,0.0,166.923
48.35,2.77,239.66,0.0,356.345
46.41,2.85,247.2,0.0,428.994
48.35,3.43,254.61,0.0,590.258
49.35,4.12,249.71,0.0,592.53
49.96,3.83,259.64,0.0,629.025
46.41,2.39,259.13,0.0,649.4590000000001
46.41,2.34,261.3,0.0,578.521
49.32,3.11,258.14,0.0,461.265
39.15,1.83,229.24,0.0,315.713
19.2,1.48,196.85,0.0,154.945
16.62,1.09,177.41,0.0,32.953
16.62,1.24,169.55,0.0,0.0
15.33,0.58,169.94,0.0,0.0
15.33,0.36,0.0,0.0,0.0
15.33,0.36,0.0,0.0,0.0
12.37,0.0,0.0,0.0,0.0
9.28,0.0,0.0,0.0,0.0
9.28,0.0,0.0,0.0,0.0
9.28,0.0,0.0,0.0,0.0
9.28,0.0,0.0,0.0,0.0
9.28,0.0,0.0,0.0,0.0
15.33,0.51,187.63,0.0,0.0
20.49,0.8,191.85,0.0,72.7782
23.67,1.09,199.42,0.0,200.202
25.93,1.53,199.27,0.0,360.221
24.96,1.39,201.4,0.0,500.947
27.22,1.68,209.79,0.0,531.964
20.18,1.46,207.86,0.0,666.2260000000001
17.6,1.39,205.34,0.0,674.382
15.99,1.09,206.9,0.0,661.263
14.7,0.95,200.87,0.0,586.351
15.02,1.02,188.5,0.0,478.016
13.43,0.51,153.48,0.0,323.706
11.5,0.51,112.28,0.0,159.908
9.28,0.0,96.42,0.0,33.8644
9.28,0.0,0.0,0.0,0.0
9.28,0.0,0.0,0.0,0.0
9.28,0.0,0.0,0.0,0.0
9.28,0.0,0.0,0.0,0.0
9.28,0.0,0.0,0.0,0.0
9.28,0.0,0.0,0.0,0.0
9.28,0.0,0.0,0.0,0.0
9.28,0.0,0.0,0.0,0.0
9.28,0.0,0.0,0.0,0.0
9.28,0.0,0.0,0.0,0.0
11.5,0.29,0.0,0.0,0.0
11.5,0.29,90.36,0.0,75.9856
11.5,0.29,131.94,0.0,206.075
11.5,0.29,103.88,0.0,365.208
11.5,0.29,118.85,0.0,496.94
11.5,0.44,131.59,0.0,583.842
11.5,0.44,102.49,0.0,640.985
11.5,0.66,116.38,0.0,656.069
11.5,0.44,127.03,0.0,621.384
11.5,0.29,98.87,0.0,558.979
11.5,0.29,114.91,0.0,449.494
11.5,0.29,123.57,0.0,306.209
9.28,0.0,90.94,0.0,153.27200000000002
9.28,0.0,103.43,0.0,32.4802
9.28,0.0,25.88,0.0,0.0
9.28,0.0,21.01,0.0,0.0
9.28,0.0,0.0,0.0,0.0
9.28,0.0,29.48,0.0,0.0
9.28,0.0,0.0,0.0,0.0
12.37,0.0,0.0,0.0,0.0
12.37,0.0,0.0,0.0,0.0
12.37,0.0,0.0,0.0,0.0
12.37,0.0,0.0,0.0,0.0
12.37,0.0,61.19,0.0,0.0
15.33,0.51,167.63,0.0,0.0
26.61,1.38,191.41,0.0,66.4487
56.73,2.54,249.68,0.0,198.1
48.35,2.76,249.63,0.0,321.798
46.41,2.84,252.27,0.0,462.734
48.35,3.42,259.49,0.0,499.028
49.35,4.14,255.08,0.0,643.05
49.96,3.8,269.92,0.0,690.0260000000001
46.41,2.4,266.32,0.0,650.525
46.41,2.32,267.99,0.0,547.922
49.32,3.1,270.47,0.0,423.8080000000001
39.15,1.83,244.75,0.0,318.361
19.2,1.47,217.45,0.0,167.25
16.62,1.05,193.41,0.0,31.6172
16.62,1.2,169.49,0.0,0.0
15.33,0.58,159.67,0.0,0.0
15.33,0.36,0.0,0.0,0.0
15.33,0.36,0.0,0.0,0.0
12.37,0.0,0.0,0.0,0.0
9.28,0.0,0.0,0.0,0.0
9.28,0.0,0.0,0.0,0.0
9.28,0.0,0.0,0.0,0.0
9.28,0.0,0.0,0.0,0.0
9.28,0.0,0.0,0.0,0.0
11.5,0.29,53.4,0.0,0.0
11.5,0.29,97.92,0.0,50.8065
11.5,0.29,116.99,0.0,191.11900000000003
11.5,0.29,134.81,0.0,366.025
11.5,0.29,102.45,0.0,503.597
11.5,0.44,114.93,0.0,513.909
11.5,0.44,128.25,0.0,623.087
11.5,0.65,100.01,0.0,601.585
11.5,0.44,120.66,0.0,625.156
11.5,0.29,134.63,0.0,553.6519999999999
11.5,0.29,105.59,0.0,388.04
11.5,0.29,126.54,0.0,348.725
9.28,0.0,134.85,0.0,172.733
9.28,0.0,97.79,0.0,31.2158
9.28,0.0,55.01,0.0,0.0
9.28,0.0,55.24,0.0,0.0
9.28,0.0,13.8,0.0,0.0
9.28,0.0,13.81,0.0,0.0
9.28,0.0,0.0,0.0,0.0
12.37,0.0,0.0,0.0,0.0
12.37,0.0,0.0,0.0,0.0
12.37,0.0,0.0,0.0,0.0
12.37,0.0,0.0,0.0,0.0
12.37,0.0,63.32,0.0,0.0
15.33,0.51,177.22,0.0,0.0
26.61,1.38,214.52,0.0,49.761
56.73,2.54,258.97,0.0,182.36
48.35,2.76,257.11,0.0,328.17400000000004
46.41,2.83,255.73,0.0,355.766
48.35,3.41,257.84,0.0,548.472
49.35,4.13,249.62,0.0,661.302
49.96,3.79,264.69,0.0,634.085
46.41,2.39,270.16,0.0,532.284
46.41,2.32,271.61,0.0,475.369
49.32,3.09,273.86,0.0,480.186
39.15,1.82,247.41,0.0,341.285
19.2,1.48,210.74,0.0,174.708
16.62,1.05,182.32,0.0,30.9891
16.62,1.2,162.63,0.0,0.0
15.33,0.58,161.08,0.0,0.0
15.33,0.36,0.0,0.0,0.0
15.33,0.36,0.0,0.0,0.0
12.37,0.0,0.0,0.0,0.0
12.37,0.0,0.0,0.0,0.0
12.37,0.0,0.0,0.0,0.0
12.37,0.0,0.0,0.0,0.0
12.37,0.0,0.0,0.0,0.0
12.37,0.0,60.2,0.0,0.0
15.33,0.51,167.48,0.0,0.0
26.61,1.38,198.44,0.0,50.5985
56.73,2.54,250.26,0.0,186.687
48.35,2.75,244.31,0.0,352.366
46.41,2.83,248.46,0.0,389.209
48.35,3.41,257.79,0.0,484.663
49.35,4.11,231.48,0.0,542.369
49.96,3.79,231.0,0.0,435.693
46.41,2.38,222.65,0.0,392.549
46.41,2.31,220.93,0.0,257.453
49.32,3.09,242.99,0.0,251.897
39.15,1.83,234.9,0.0,293.643
19.2,1.46,206.61,0.0,165.53099999999998
16.62,1.04,186.12,0.0,31.3973
16.62,1.19,168.57,0.0,0.0
15.33,0.57,163.96,0.0,0.0
15.33,0.36,0.0,0.0,0.0
15.33,0.36,0.0,0.0,0.0
12.37,0.0,0.0,0.0,0.0
12.37,0.0,0.0,0.0,0.0
12.37,0.0,0.0,0.0,0.0
12.37,0.0,0.0,0.0,0.0
12.37,0.0,0.0,0.0,0.0
12.37,0.0,27.71,0.0,0.0
15.33,0.51,169.51,0.0,0.0
26.61,1.38,194.82,0.0,55.0776
56.73,2.53,248.35,0.0,189.262
48.35,2.75,250.11,0.0,351.968
46.41,2.82,252.65,0.0,502.385
48.35,3.4,259.98,0.0,607.489
49.35,4.1,261.43,0.0,636.543
49.96,3.79,264.56,0.0,577.952
46.41,2.38,225.59,0.0,240.44
46.41,2.31,190.64,0.0,82.9107
49.32,3.08,191.12,0.0,137.333
39.15,1.83,177.16,0.0,176.197
19.2,1.46,150.3,0.0,109.901
16.62,1.04,139.58,0.0,26.1037
16.62,1.19,131.01,0.0,0.0
15.33,0.57,131.43,0.0,0.0
15.33,0.36,0.0,0.0,0.0
15.33,0.36,0.0,0.0,0.0
12.37,0.0,0.0,0.0,0.0
9.28,0.0,0.0,0.0,0.0
9.28,0.0,0.0,0.0,0.0
9.28,0.0,0.0,0.0,0.0
9.28,0.0,0.0,0.0,0.0
9.28,0.0,0.0,0.0,0.0
15.33,0.51,160.85,0.0,0.0
20.49,0.8,177.56,0.0,52.5807
23.67,1.08,192.54,0.0,182.238
25.93,1.52,196.47,0.0,296.087
24.96,1.37,187.07,0.0,253.038
27.22,1.66,173.18,0.0,158.112
20.18,1.45,170.29,0.0,221.166
17.6,1.37,167.69,0.0,251.673
15.99,1.08,157.91,0.0,290.798
14.7,0.94,161.32,0.0,338.409
15.02,1.01,168.55,0.0,335.491
13.43,0.51,162.39,0.0,315.245
11.5,0.51,105.96,0.0,166.398
9.28,0.0,96.67,0.0,33.2321
9.28,0.0,0.0,0.0,0.0
9.28,0.0,0.0,0.0,0.0
9.28,0.0,0.0,0.0,0.0
9.28,0.0,0.0,0.0,0.0
9.28,0.0,0.0,0.0,0.0
9.28,0.0,0.0,0.0,0.0
9.28,0.0,0.0,0.0,0.0
9.28,0.0,0.0,0.0,0.0
9.28,0.0,0.0,0.0,0.0
9.28,0.0,0.0,0.0,0.0
11.5,0.29,0.0,0.0,0.0
11.5,0.29,116.28,0.0,63.243
11.5,0.29,127.83,0.0,192.194
11.5,0.29,87.08,0.0,353.309
11.5,0.29,132.21,0.0,485.161
11.5,0.43,128.4,0.0,571.231
11.5,0.43,82.63,0.0,573.419
11.5,0.65,15.56,0.0,256.136
11.5,0.43,24.94,0.0,98.2072
11.5,0.29,13.86,0.0,174.388
11.5,0.29,87.31,0.0,305.899
11.5,0.29,86.4,0.0,224.505
9.28,0.0,66.95,0.0,101.997
9.28,0.0,0.0,0.0,22.9884
9.28,0.0,0.0,0.0,0.0
9.28,0.0,0.0,0.0,0.0
9.28,0.0,0.0,0.0,0.0
9.28,0.0,0.0,0.0,0.0
9.28,0.0,0.0,0.0,0.0
12.37,0.0,0.0,0.0,0.0
12.37,0.0,0.0,0.0,0.0
12.37,0.0,0.0,0.0,0.0
12.37,0.0,0.0,0.0,0.0
12.37,0.0,0.0,0.0,0.0
15.33,0.51,147.98,0.0,0.0
26.61,1.37,162.99,0.0,63.6587
56.73,2.53,223.31,0.0,192.14
48.35,2.74,229.66,0.0,353.896
46.41,2.81,242.0,0.0,492.895
48.35,3.39,251.5,0.0,594.043
49.35,4.11,245.83,0.0,642.026
49.96,3.77,225.16,0.0,674.842
46.41,2.38,202.12,0.0,550.114
46.41,2.31,181.37,0.0,63.5953
49.32,3.07,175.86,0.0,30.4318
39.15,1.8,159.3,0.0,24.7809
19.2,1.49,139.0,0.0,4.59521
16.62,1.06,140.88,0.0,0.0
16.62,1.21,143.98,0.0,0.0
15.33,0.58,143.32,0.0,0.0
15.33,0.36,0.0,0.0,0.0
15.33,0.36,0.0,0.0,0.0
12.37,0.0,0.0,0.0,0.0
12.37,0.0,0.0,0.0,0.0
12.37,0.0,0.0,0.0,0.0
12.37,0.0,0.0,0.0,0.0
12.37,0.0,0.0,0.0,0.0
12.37,0.0,0.0,0.0,0.0
15.33,0.5,146.86,0.0,0.0
26.61,1.37,153.3,0.0,42.0759
56.73,2.52,190.02,0.0,122.668
48.35,2.74,208.65,0.0,305.407
46.41,2.81,224.21,0.0,430.551
48.35,3.39,230.6,0.0,448.355
49.35,4.1,220.86,0.0,406.677
49.96,3.77,222.46,0.0,327.607
46.41,2.38,226.52,0.0,462.054
46.41,2.3,236.57,0.0,351.326
49.32,3.07,243.3,0.0,352.737
39.15,1.81,220.54,0.0,233.824
19.2,1.48,184.3,0.0,116.695
16.62,1.05,168.36,0.0,26.293000000000003
16.62,1.2,158.3,0.0,0.0
15.33,0.57,152.52,0.0,0.0
15.33,0.36,0.0,0.0,0.0
15.33,0.36,0.0,0.0,0.0
12.37,0.0,0.0,0.0,0.0
12.37,0.0,0.0,0.0,0.0
12.37,0.0,0.0,0.0,0.0
12.37,0.0,0.0,0.0,0.0
12.37,0.0,0.0,0.0,0.0
12.37,0.0,0.0,0.0,0.0
15.33,0.5,162.5,0.0,0.0
26.61,1.37,184.82,0.0,48.9914
56.73,2.52,237.46,0.0,177.94
48.35,2.74,236.21,0.0,334.862
46.41,2.81,237.11,0.0,465.339
48.35,3.39,237.39,0.0,609.674
49.35,4.1,241.37,0.0,672.7239999999999
49.96,3.76,248.48,0.0,553.054
46.41,2.37,223.37,0.0,344.244
46.41,2.3,222.48,0.0,252.29
49.32,3.07,233.26,0.0,271.712
39.15,1.8,209.03,0.0,170.64
19.2,1.48,165.95,0.0,54.3506
16.62,1.05,152.17,0.0,10.0242
16.62,1.2,148.72,0.0,0.0
15.33,0.57,148.54,0.0,0.0
15.33,0.36,0.0,0.0,0.0
15.33,0.36,0.0,0.0,0.0
12.37,0.0,0.0,0.0,0.0
12.37,0.0,0.0,0.0,0.0
12.37,0.0,0.0,0.0,0.0
12.37,0.0,0.0,0.0,0.0
12.37,0.0,0.0,0.0,0.0
12.37,0.0,0.0,0.0,0.0
15.33,0.5,165.48,0.0,0.0
26.61,1.37,173.64,0.0,61.2406
56.73,2.52,214.25,0.0,160.091
48.35,2.74,211.1,0.0,333.33
46.41,2.81,207.43,0.0,269.366
48.35,3.38,223.14,0.0,589.634
49.35,4.09,232.29,0.0,662.83
49.96,3.76,248.09,0.0,598.965
46.41,2.37,226.26,0.0,340.215
46.41,2.3,228.06,0.0,517.9780000000001
49.32,3.06,246.55,0.0,418.055
39.15,1.8,210.02,0.0,154.39600000000002
19.2,1.48,155.01,0.0,49.1569
16.62,1.05,143.94,0.0,8.59634
16.62,1.2,145.14,0.0,0.0
15.33,0.57,149.31,0.0,0.0
15.33,0.36,0.0,0.0,0.0
15.33,0.36,0.0,0.0,0.0
12.37,0.0,0.0,0.0,0.0
12.37,0.0,0.0,0.0,0.0
12.37,0.0,0.0,0.0,0.0
12.37,0.0,0.0,0.0,0.0
12.37,0.0,0.0,0.0,0.0
12.37,0.0,0.0,0.0,0.0
15.33,0.5,170.89,0.0,0.0
26.61,1.37,180.9,0.0,64.3125
56.73,2.52,222.03,0.0,176.92700000000002
48.35,2.73,225.86,0.0,291.428
46.41,2.8,239.94,0.0,453.534
48.35,3.38,245.28,0.0,587.884
49.35,4.09,238.56,0.0,589.035
49.96,3.76,217.27,0.0,608.234
46.41,2.37,211.68,0.0,621.35
46.41,2.3,191.37,0.0,390.274
49.32,3.06,184.72,0.0,81.1742
39.15,1.8,178.19,0.0,106.228
19.2,1.48,162.99,0.0,93.2984
16.62,1.05,162.14,0.0,21.3126
16.62,1.2,154.4,0.0,0.0
15.33,0.57,148.93,0.0,0.0
15.33,0.36,0.0,0.0,0.0
15.33,0.36,0.0,0.0,0.0
12.37,0.0,0.0,0.0,0.0
9.28,0.0,0.0,0.0,0.0
9.28,0.0,0.0,0.0,0.0
9.28,0.0,0.0,0.0,0.0
9.28,0.0,0.0,0.0,0.0
9.28,0.0,0.0,0.0,0.0
15.33,0.5,153.6,0.0,0.0
20.49,0.79,162.88,0.0,51.0744
23.67,1.08,168.78,0.0,109.197
25.93,1.51,177.59,0.0,318.457
24.96,1.37,183.32,0.0,381.997
27.22,1.65,192.69,0.0,581.684
20.18,1.44,189.57,0.0,618.091
17.6,1.37,181.01,0.0,546.5269999999999
15.99,1.08,178.71,0.0,558.081
14.7,0.93,169.88,0.0,310.555
15.02,1.01,168.08,0.0,311.144
13.43,0.5,150.98,0.0,224.172
11.5,0.5,0.0,0.0,106.111
9.28,0.0,0.0,0.0,24.1412
9.28,0.0,0.0,0.0,0.0
9.28,0.0,0.0,0.0,0.0
9.28,0.0,0.0,0.0,0.0
9.28,0.0,0.0,0.0,0.0
9.28,0.0,0.0,0.0,0.0
9.28,0.0,0.0,0.0,0.0
9.28,0.0,0.0,0.0,0.0
9.28,0.0,0.0,0.0,0.0
9.28,0.0,0.0,0.0,0.0
9.28,0.0,0.0,0.0,0.0
11.5,0.29,8.34,0.0,0.0
11.5,0.29,114.8,0.0,53.0225
11.5,0.29,100.09,0.0,181.831
11.5,0.29,99.03,0.0,190.605
11.5,0.29,88.79,0.0,264.618
11.5,0.43,75.44,0.0,435.536
11.5,0.43,114.24,0.0,553.335
11.5,0.65,101.58,0.0,584.0169999999999
11.5,0.43,92.6,0.0,641.6659999999999
11.5,0.29,135.82,0.0,533.66
11.5,0.29,115.71,0.0,302.045
11.5,0.29,98.33,0.0,267.41700000000003
9.28,0.0,123.46,0.0,137.19899999999998
9.28,0.0,96.61,0.0,27.6143
9.28,0.0,0.0,0.0,0.0
9.28,0.0,0.0,0.0,0.0
9.28,0.0,0.0,0.0,0.0
9.28,0.0,0.0,0.0,0.0
9.28,0.0,0.0,0.0,0.0
12.37,0.0,0.0,0.0,0.0
12.37,0.0,0.0,0.0,0.0
12.37,0.0,0.0,0.0,0.0
12.37,0.0,0.0,0.0,0.0
12.37,0.0,58.99,0.0,0.0
15.33,0.5,162.43,0.0,0.0
26.61,1.36,163.0,0.0,59.3936
56.73,2.51,197.34,0.0,127.241
48.35,2.73,209.12,0.0,244.765
46.41,2.8,234.44,0.0,463.33
48.35,3.37,246.51,0.0,537.891
49.35,4.09,246.39,0.0,599.387
49.96,3.74,257.23,0.0,657.83
46.41,2.37,258.88,0.0,554.585
46.41,2.29,240.73,0.0,325.078
49.32,3.06,204.48,0.0,36.324
39.15,1.78,185.46,0.0,85.6615
19.2,1.49,169.38,0.0,108.928
16.62,1.06,167.65,0.0,24.1638
16.62,1.21,164.37,0.0,0.0
15.33,0.57,156.83,0.0,0.0
15.33,0.36,0.0,0.0,0.0
15.33,0.36,0.0,0.0,0.0
12.37,0.0,0.0,0.0,0.0
12.37,0.0,0.0,0.0,0.0
12.37,0.0,0.0,0.0,0.0
12.37,0.0,0.0,0.0,0.0
12.37,0.0,0.0,0.0,0.0
12.37,0.0,0.0,0.0,0.0
15.33,0.5,167.34,0.0,0.0
26.61,1.36,188.02,0.0,46.2577
56.73,2.51,235.74,0.0,180.733
48.35,2.73,227.26,0.0,301.913
46.41,2.8,226.54,0.0,305.941
48.35,3.37,232.89,0.0,512.441
49.35,4.09,229.35,0.0,370.769
49.96,3.74,239.56,0.0,407.291
46.41,2.37,240.45,0.0,447.997
46.41,2.29,237.42,0.0,321.472
49.32,3.05,245.69,0.0,321.60900000000004
39.15,1.78,237.69,0.0,345.746
19.2,1.49,200.01,0.0,168.898
16.62,1.06,171.58,0.0,29.5978
16.62,1.21,159.07,0.0,0.0
15.33,0.57,156.45,0.0,0.0
15.33,0.36,0.0,0.0,0.0
15.33,0.36,0.0,0.0,0.0
12.37,0.0,0.0,0.0,0.0
12.37,0.0,0.0,0.0,0.0
12.37,0.0,0.0,0.0,0.0
12.37,0.0,0.0,0.0,0.0
12.37,0.0,0.0,0.0,0.0
12.37,0.0,0.0,0.0,0.0
15.33,0.5,172.12,0.0,0.0
26.61,1.36,193.87,0.0,53.0834
56.73,2.51,249.73,0.0,183.977
48.35,2.72,253.4,0.0,349.117
46.41,2.8,257.65,0.0,492.104
48.35,3.37,261.57,0.0,596.544
49.35,4.08,246.81,0.0,655.975
49.96,3.74,255.31,0.0,673.7330000000001
46.41,2.37,256.27,0.0,645.804
46.41,2.29,265.35,0.0,580.585
49.32,3.05,275.09,0.0,477.09
39.15,1.78,239.68,0.0,317.355
19.2,1.49,194.53,0.0,103.707
16.62,1.06,177.82,0.0,30.0738
16.62,1.21,159.86,0.0,0.0
15.33,0.57,152.65,0.0,0.0
15.33,0.36,0.0,0.0,0.0
15.33,0.36,0.0,0.0,0.0
12.37,0.0,0.0,0.0,0.0
12.37,0.0,0.0,0.0,0.0
12.37,0.0,0.0,0.0,0.0
12.37,0.0,0.0,0.0,0.0
12.37,0.0,0.0,0.0,0.0
12.37,0.0,0.0,0.0,0.0
15.33,0.5,163.34,0.0,0.0
26.61,1.36,194.44,0.0,47.211000000000006
56.73,2.51,250.57,0.0,181.046
48.35,2.72,254.75,0.0,353.869
46.41,2.79,261.98,0.0,495.784
48.35,3.37,267.74,0.0,598.073
49.35,4.08,260.65,0.0,650.4
49.96,3.74,268.55,0.0,652.544
46.41,2.37,267.65,0.0,641.482
46.41,2.29,274.94,0.0,572.9259999999999
49.32,3.05,279.53,0.0,471.443
39.15,1.78,247.53,0.0,328.406
19.2,1.49,212.02,0.0,160.792
16.62,1.06,195.23,0.0,29.9591
16.62,1.21,176.04,0.0,0.0
15.33,0.57,173.04,0.0,0.0
15.33,0.36,0.0,0.0,0.0
15.33,0.36,0.0,0.0,0.0
12.37,0.0,0.0,0.0,0.0
12.37,0.0,0.0,0.0,0.0
12.37,0.0,0.0,0.0,0.0
12.37,0.0,0.0,0.0,0.0
12.37,0.0,0.0,0.0,0.0
12.37,0.0,56.41,0.0,0.0
15.33,0.5,161.34,0.0,0.0
26.61,1.36,191.21,0.0,62.6666
56.73,2.51,256.1,0.0,190.479
48.35,2.72,254.46,0.0,314.754
46.41,2.79,264.3,0.0,481.256
48.35,3.37,268.46,0.0,584.719
49.35,4.08,253.9,0.0,568.3009999999999
49.96,3.74,262.32,0.0,301.967
46.41,2.36,240.15,0.0,239.542
46.41,2.29,244.56,0.0,473.079
49.32,3.05,252.18,0.0,376.145
39.15,1.78,216.67,0.0,158.592
19.2,1.48,187.47,0.0,55.5739
16.62,1.06,177.06,0.0,9.11205
16.62,1.21,171.77,0.0,0.0
15.33,0.57,170.56,0.0,0.0
15.33,0.36,0.0,0.0,0.0
15.33,0.36,0.0,0.0,0.0
12.37,0.0,0.0,0.0,0.0
9.28,0.0,0.0,0.0,0.0
9.28,0.0,0.0,0.0,0.0
9.28,0.0,0.0,0.0,0.0
9.28,0.0,0.0,0.0,0.0
9.28,0.0,0.0,0.0,0.0
15.33,0.5,169.31,0.0,0.0
20.49,0.79,168.72,0.0,61.31
23.67,1.07,177.23,0.0,153.512
25.93,1.5,192.62,0.0,337.19800000000004
24.96,1.36,205.09,0.0,481.48800000000006
27.22,1.65,192.13,0.0,420.078
20.18,1.43,177.19,0.0,248.277
17.6,1.36,162.35,0.0,214.411
15.99,1.07,158.11,0.0,397.585
14.7,0.93,150.21,0.0,187.814
15.02,1.0,144.33,0.0,299.616
13.43,0.5,144.68,0.0,283.507
11.5,0.5,70.05,0.0,149.211
9.28,0.0,25.39,0.0,27.6732
9.28,0.0,0.0,0.0,0.0
9.28,0.0,0.0,0.0,0.0
9.28,0.0,0.0,0.0,0.0
9.28,0.0,0.0,0.0,0.0
9.28,0.0,0.0,0.0,0.0
9.28,0.0,0.0,0.0,0.0
9.28,0.0,0.0,0.0,0.0
9.28,0.0,0.0,0.0,0.0
9.28,0.0,0.0,0.0,0.0
9.28,0.0,0.0,0.0,0.0
11.5,0.29,18.41,0.0,0.0
11.5,0.29,124.14,0.0,47.5288
11.5,0.29,101.36,0.0,165.17
11.5,0.29,55.67,0.0,99.7756
11.5,0.29,45.5,0.0,208.51
11.5,0.43,62.1,0.0,358.343
11.5,0.43,71.35,0.0,539.057
11.5,0.64,91.02,0.0,542.886
11.5,0.43,93.23,0.0,481.572
11.5,0.29,109.65,0.0,489.642
11.5,0.29,104.54,0.0,371.686
11.5,0.29,100.7,0.0,256.768
9.28,0.0,102.33,0.0,156.685
9.28,0.0,88.19,0.0,28.5555
9.28,0.0,0.0,0.0,0.0
9.28,0.0,0.0,0.0,0.0
9.28,0.0,0.0,0.0,0.0
9.28,0.0,0.0,0.0,0.0
9.28,0.0,0.0,0.0,0.0
12.37,0.0,0.0,0.0,0.0
12.37,0.0,0.0,0.0,0.0
12.37,0.0,0.0,0.0,0.0
12.37,0.0,0.0,0.0,0.0
12.37,0.0,61.69,0.0,0.0
15.33,0.5,176.35,0.0,0.0
26.61,1.36,192.24,0.0,64.9515
56.73,2.5,245.03,0.0,190.80900000000003
48.35,2.72,248.81,0.0,334.966
46.41,2.79,255.91,0.0,435.033
48.35,3.36,264.12,0.0,518.1469999999999
49.35,4.08,226.44,0.0,551.293
49.96,3.74,213.34,0.0,452.549
46.41,2.36,197.66,0.0,150.043
46.41,2.29,204.57,0.0,330.287
49.32,3.05,217.65,0.0,250.848
39.15,1.79,202.44,0.0,217.971
19.2,1.47,168.62,0.0,115.272
16.62,1.06,158.34,0.0,19.7527
16.62,1.21,150.21,0.0,0.0
15.33,0.57,148.7,0.0,0.0
15.33,0.36,0.0,0.0,0.0
15.33,0.36,0.0,0.0,0.0
12.37,0.0,0.0,0.0,0.0
12.37,0.0,0.0,0.0,0.0
12.37,0.0,0.0,0.0,0.0
12.37,0.0,0.0,0.0,0.0
12.37,0.0,0.0,0.0,0.0
12.37,0.0,0.0,0.0,0.0
15.33,0.5,170.4,0.0,0.0
26.61,1.36,179.2,0.0,65.8954
56.73,2.5,231.84,0.0,183.866
48.35,2.72,237.14,0.0,350.86
46.41,2.79,244.29,0.0,486.103
48.35,3.36,250.52,0.0,595.419
49.35,4.08,244.54,0.0,662.873
49.96,3.73,260.79,0.0,600.87
46.41,2.36,260.51,0.0,650.7669999999999
46.41,2.29,265.46,0.0,585.398
49.32,3.05,266.2,0.0,430.979
39.15,1.79,232.05,0.0,292.26
19.2,1.45,194.52,0.0,150.989
16.62,1.07,170.06,0.0,27.1692
16.62,1.22,157.36,0.0,0.0
15.33,0.57,152.39,0.0,0.0
15.33,0.36,0.0,0.0,0.0
15.33,0.36,0.0,0.0,0.0
12.37,0.0,0.0,0.0,0.0
12.37,0.0,0.0,0.0,0.0
12.37,0.0,0.0,0.0,0.0
12.37,0.0,0.0,0.0,0.0
12.37,0.0,0.0,0.0,0.0
12.37,0.0,57.24,0.0,0.0
15.33,0.5,169.74,0.0,0.0
26.61,1.36,185.59,0.0,59.7519
56.73,2.5,239.72,0.0,177.88
48.35,2.72,247.89,0.0,348.861
46.41,2.79,258.02,0.0,487.202
48.35,3.36,264.87,0.0,578.737
49.35,4.08,254.17,0.0,444.774
49.96,3.73,248.05,0.0,539.362
46.41,2.36,246.96,0.0,522.146
46.41,2.29,254.24,0.0,560.659
49.32,3.04,256.65,0.0,467.335
39.15,1.79,214.52,0.0,142.49200000000002
19.2,1.45,173.78,0.0,33.0028
16.62,1.07,160.31,0.0,3.55298
16.62,1.22,155.18,0.0,0.0
15.33,0.57,153.3,0.0,0.0
15.33,0.36,0.0,0.0,0.0
15.33,0.36,0.0,0.0,0.0
12.37,0.0,0.0,0.0,0.0
12.37,0.0,0.0,0.0,0.0
12.37,0.0,0.0,0.0,0.0
12.37,0.0,0.0,0.0,0.0
12.37,0.0,0.0,0.0,0.0
12.37,0.0,0.0,0.0,0.0
15.33,0.5,170.97,0.0,0.0
26.61,1.36,194.68,0.0,56.2234
56.73,2.5,249.68,0.0,183.65
48.35,2.72,251.6,0.0,351.251
46.41,2.79,256.42,0.0,496.23800000000006
48.35,3.36,259.08,0.0,598.341
49.35,4.08,239.1,0.0,652.414
49.96,3.73,243.32,0.0,651.379
46.41,2.36,251.16,0.0,645.461
46.41,2.29,257.92,0.0,581.288
49.32,3.04,260.7,0.0,467.261
39.15,1.79,224.43,0.0,290.279
19.2,1.46,190.52,0.0,154.59
16.62,1.07,167.54,0.0,25.7564
16.62,1.22,156.75,0.0,0.0
15.33,0.57,158.73,0.0,0.0
15.33,0.36,0.0,0.0,0.0
15.33,0.36,0.0,0.0,0.0
12.37,0.0,0.0,0.0,0.0
12.37,0.0,0.0,0.0,0.0
12.37,0.0,0.0,0.0,0.0
12.37,0.0,0.0,0.0,0.0
12.37,0.0,0.0,0.0,0.0
12.37,0.0,59.54,0.0,0.0
15.33,0.5,170.24,0.0,0.0
26.61,1.36,184.3,0.0,58.7648
56.73,2.5,241.43,0.0,181.442
48.35,2.72,249.05,0.0,354.93699999999995
46.41,2.79,253.89,0.0,496.131
48.35,3.36,255.57,0.0,605.872
49.35,4.08,243.53,0.0,659.3839999999999
49.96,3.73,250.64,0.0,699.9939999999999
46.41,2.36,253.07,0.0,670.1080000000001
46.41,2.29,261.69,0.0,558.861
49.32,3.04,269.31,0.0,436.697
39.15,1.79,237.08,0.0,330.545
19.2,1.44,202.36,0.0,156.328
16.62,1.07,175.96,0.0,25.8134
16.62,1.22,161.51,0.0,0.0
15.33,0.57,163.27,0.0,0.0
15.33,0.36,0.0,0.0,0.0
15.33,0.36,0.0,0.0,0.0
12.37,0.0,0.0,0.0,0.0
9.28,0.0,0.0,0.0,0.0
9.28,0.0,0.0,0.0,0.0
9.28,0.0,0.0,0.0,0.0
9.28,0.0,0.0,0.0,0.0
9.28,0.0,66.29,0.0,0.0
15.33,0.5,188.44,0.0,0.0
20.49,0.79,180.74,0.0,40.4779
23.67,1.07,180.59,0.0,72.8729
25.93,1.5,183.86,0.0,99.4803
24.96,1.36,184.9,0.0,157.22799999999998
27.22,1.65,173.85,0.0,280.27
20.18,1.43,174.42,0.0,365.407
17.6,1.36,181.44,0.0,383.203
15.99,1.07,186.21,0.0,466.4980000000001
14.7,0.93,182.06,0.0,385.027
15.02,1.0,173.85,0.0,216.545
13.43,0.5,163.56,0.0,129.572
11.5,0.5,0.0,0.0,62.7914
9.28,0.0,0.0,0.0,9.90156
9.28,0.0,0.0,0.0,0.0
9.28,0.0,0.0,0.0,0.0
9.28,0.0,0.0,0.0,0.0
9.28,0.0,0.0,0.0,0.0
9.28,0.0,0.0,0.0,0.0
9.28,0.0,0.0,0.0,0.0
9.28,0.0,0.0,0.0,0.0
9.28,0.0,0.0,0.0,0.0
9.28,0.0,0.0,0.0,0.0
9.28,0.0,0.0,0.0,0.0
11.5,0.29,0.0,0.0,0.0
11.5,0.29,109.28,0.0,56.5849
11.5,0.29,125.83,0.0,186.985
11.5,0.29,93.23,0.0,351.523
11.5,0.29,105.87,0.0,498.108
11.5,0.43,119.72,0.0,606.754
11.5,0.43,93.35,0.0,665.942
11.5,0.64,106.03,0.0,699.039
11.5,0.43,121.32,0.0,673.382
11.5,0.29,94.61,0.0,604.914
11.5,0.29,110.38,0.0,489.508
11.5,0.29,118.08,0.0,337.345
9.28,0.0,84.69,0.0,160.006
9.28,0.0,91.34,0.0,26.0216
9.28,0.0,33.37,0.0,0.0
9.28,0.0,23.52,0.0,0.0
9.28,0.0,0.0,0.0,0.0
9.28,0.0,21.99,0.0,0.0
9.28,0.0,0.0,0.0,0.0
12.37,0.0,0.0,0.0,0.0
12.37,0.0,0.0,0.0,0.0
12.37,0.0,0.0,0.0,0.0
12.37,0.0,0.0,0.0,0.0
12.37,0.0,0.0,0.0,0.0
15.33,0.5,142.53,0.0,0.0
26.61,1.36,174.25,0.0,54.2167
56.73,2.5,241.43,0.0,182.295
48.35,2.72,241.99,0.0,357.222
46.41,2.79,245.58,0.0,505.818
48.35,3.36,246.24,0.0,472.152
49.35,4.08,225.28,0.0,291.535
49.96,3.73,227.22,0.0,303.186
46.41,2.36,219.25,0.0,235.96400000000003
46.41,2.29,229.5,0.0,395.788
49.32,3.04,234.13,0.0,334.385
39.15,1.79,194.53,0.0,94.0319
19.2,1.44,160.25,0.0,44.9658
16.62,1.07,145.7,0.0,5.1668400000000005
16.62,1.22,135.26,0.0,0.0
15.33,0.57,133.1,0.0,0.0
15.33,0.36,0.0,0.0,0.0
15.33,0.36,0.0,0.0,0.0
12.37,0.0,0.0,0.0,0.0
12.37,0.0,0.0,0.0,0.0
12.37,0.0,0.0,0.0,0.0
12.37,0.0,0.0,0.0,0.0
12.37,0.0,0.0,0.0,0.0
12.37,0.0,0.0,0.0,0.0
15.33,0.5,145.41,0.0,0.0
26.61,1.36,162.73,0.0,47.9884
56.73,2.5,216.67,0.0,184.507
48.35,2.72,216.39,0.0,362.391
46.41,2.79,221.3,0.0,515.556
48.35,3.36,226.51,0.0,624.98
49.35,4.08,220.88,0.0,699.322
49.96,3.73,236.93,0.0,722.334
46.41,2.36,237.71,0.0,680.7230000000001
46.41,2.29,236.44,0.0,613.569
49.32,3.04,239.07,0.0,499.888
39.15,1.79,208.51,0.0,343.596
19.2,1.45,170.53,0.0,163.84599999999998
16.62,1.07,144.25,0.0,23.7796
16.62,1.22,134.32,0.0,0.0
15.33,0.57,132.34,0.0,0.0
15.33,0.36,0.0,0.0,0.0
15.33,0.36,0.0,0.0,0.0
12.37,0.0,0.0,0.0,0.0
12.37,0.0,0.0,0.0,0.0
12.37,0.0,0.0,0.0,0.0
12.37,0.0,0.0,0.0,0.0
12.37,0.0,0.0,0.0,0.0
12.37,0.0,23.73,0.0,0.0
15.33,0.5,142.99,0.0,0.0
26.61,1.36,164.34,0.0,47.7585
56.73,2.5,223.81,0.0,178.472
48.35,2.72,230.14,0.0,334.444
46.41,2.79,240.31,0.0,474.834
48.35,3.36,244.63,0.0,611.995
49.35,4.08,229.42,0.0,627.038
49.96,3.74,223.65,0.0,189.863
46.41,2.36,218.92,0.0,335.05
46.41,2.29,217.67,0.0,244.351
49.32,3.05,216.47,0.0,240.417
39.15,1.79,186.94,0.0,117.5
19.2,1.47,152.13,0.0,49.1091
16.62,1.06,137.08,0.0,5.9858
16.62,1.21,135.58,0.0,0.0
15.33,0.57,139.52,0.0,0.0
15.33,0.36,0.0,0.0,0.0
15.33,0.36,0.0,0.0,0.0
12.37,0.0,0.0,0.0,0.0
12.37,0.0,0.0,0.0,0.0
12.37,0.0,0.0,0.0,0.0
12.37,0.0,0.0,0.0,0.0
12.37,0.0,0.0,0.0,0.0
12.37,0.0,29.59,0.0,0.0
15.33,0.5,157.17,0.0,0.0
26.61,1.36,147.28,0.0,40.7945
56.73,2.51,177.74,0.0,51.9153
48.35,2.72,179.65,0.0,172.173
46.41,2.79,196.5,0.0,278.768
48.35,3.36,209.09,0.0,295.37
49.35,4.08,210.74,0.0,274.965
49.96,3.74,216.64,0.0,258.765
46.41,2.36,215.55,0.0,233.795
46.41,2.29,232.04,0.0,446.921
49.32,3.05,220.75,0.0,318.789
39.15,1.79,192.43,0.0,84.4311
19.2,1.47,154.47,0.0,54.2149
16.62,1.06,149.39,0.0,6.95678
16.62,1.21,152.04,0.0,0.0
15.33,0.57,151.77,0.0,0.0
15.33,0.36,0.0,0.0,0.0
15.33,0.36,0.0,0.0,0.0
12.37,0.0,0.0,0.0,0.0
12.37,0.0,0.0,0.0,0.0
12.37,0.0,0.0,0.0,0.0
12.37,0.0,0.0,0.0,0.0
12.37,0.0,0.0,0.0,0.0
12.37,0.0,0.0,0.0,0.0
15.33,0.5,178.87,0.0,0.0
26.61,1.36,175.26,0.0,52.0305
56.73,2.51,229.97,0.0,179.21900000000002
48.35,2.72,210.63,0.0,316.085
46.41,2.79,208.79,0.0,355.93300000000005
48.35,3.36,210.09,0.0,335.51800000000003
49.35,4.08,215.27,0.0,297.05
49.96,3.74,222.25,0.0,563.431
46.41,2.36,212.36,0.0,322.619
46.41,2.29,189.64,0.0,113.822
49.32,3.05,178.9,0.0,59.1876
39.15,1.79,167.45,0.0,143.887
19.2,1.45,153.92,0.0,94.0264
16.62,1.07,154.16,0.0,12.6475
16.62,1.22,151.39,0.0,0.0
15.33,0.57,147.58,0.0,0.0
15.33,0.36,0.0,0.0,0.0
15.33,0.36,0.0,0.0,0.0
12.37,0.0,0.0,0.0,0.0
9.28,0.0,0.0,0.0,0.0
9.28,0.0,0.0,0.0,0.0
9.28,0.0,0.0,0.0,0.0
9.28,0.0,0.0,0.0,0.0
9.28,0.0,0.0,0.0,0.0
15.33,0.5,158.68,0.0,0.0
20.49,0.79,160.69,0.0,59.4173
23.67,1.07,168.36,0.0,169.09099999999998
25.93,1.5,170.81,0.0,272.672
24.96,1.36,168.54,0.0,275.289
27.22,1.65,178.49,0.0,393.48800000000006
20.18,1.43,176.26,0.0,258.347
17.6,1.36,179.47,0.0,455.995
15.99,1.07,179.83,0.0,495.825
14.7,0.93,158.07,0.0,207.399
15.02,1.0,142.57,0.0,27.0301
13.43,0.5,131.77,0.0,2.96363
11.5,0.5,0.0,0.0,0.0
9.28,0.0,0.0,0.0,0.0
9.28,0.0,0.0,0.0,0.0
9.28,0.0,0.0,0.0,0.0
9.28,0.0,0.0,0.0,0.0
9.28,0.0,0.0,0.0,0.0
9.28,0.0,0.0,0.0,0.0
9.28,0.0,0.0,0.0,0.0
9.28,0.0,0.0,0.0,0.0
9.28,0.0,0.0,0.0,0.0
9.28,0.0,0.0,0.0,0.0
9.28,0.0,0.0,0.0,0.0
11.5,0.29,0.0,0.0,0.0
11.5,0.29,87.68,0.0,55.2967
11.5,0.29,92.7,0.0,179.643
11.5,0.29,133.62,0.0,330.772
11.5,0.29,41.69,0.0,133.94
11.5,0.43,64.11,0.0,236.522
11.5,0.43,91.07,0.0,506.319
11.5,0.64,121.96,0.0,569.891
11.5,0.43,109.79,0.0,542.812
11.5,0.29,140.7,0.0,514.283
11.5,0.29,123.89,0.0,483.293
11.5,0.29,108.71,0.0,329.21
9.28,0.0,131.82,0.0,150.541
9.28,0.0,112.75,0.0,20.6568
9.28,0.0,20.44,0.0,0.0
9.28,0.0,0.0,0.0,0.0
9.28,0.0,0.0,0.0,0.0
9.28,0.0,0.0,0.0,0.0
9.28,0.0,0.0,0.0,0.0
12.37,0.0,0.0,0.0,0.0
12.37,0.0,0.0,0.0,0.0
12.37,0.0,0.0,0.0,0.0
12.37,0.0,0.0,0.0,0.0
12.37,0.0,66.34,0.0,0.0
15.33,0.5,187.51,0.0,0.0
26.61,1.36,204.83,0.0,48.5888
56.73,2.51,255.08,0.0,172.826
48.35,2.72,263.58,0.0,339.405
46.41,2.8,267.34,0.0,456.146
48.35,3.37,269.31,0.0,569.656
49.35,4.09,267.75,0.0,629.138
49.96,3.74,275.89,0.0,620.248
46.41,2.37,266.25,0.0,578.2180000000001
46.41,2.29,248.87,0.0,313.056
49.32,3.05,236.06,0.0,176.112
39.15,1.78,213.51,0.0,138.45600000000002
19.2,1.49,182.2,0.0,71.8378
16.62,1.06,175.06,0.0,9.16857
16.62,1.21,165.23,0.0,0.0
15.33,0.57,157.19,0.0,0.0
15.33,0.36,0.0,0.0,0.0
15.33,0.36,0.0,0.0,0.0
12.37,0.0,0.0,0.0,0.0
12.37,0.0,0.0,0.0,0.0
12.37,0.0,0.0,0.0,0.0
12.37,0.0,0.0,0.0,0.0
12.37,0.0,0.0,0.0,0.0
12.37,0.0,0.0,0.0,0.0
15.33,0.5,180.07,0.0,0.0
26.61,1.36,198.69,0.0,45.1048
56.73,2.51,249.64,0.0,176.52200000000002
48.35,2.73,246.98,0.0,303.301
46.41,2.8,257.51,0.0,448.301
48.35,3.37,259.67,0.0,498.317
49.35,4.09,250.88,0.0,545.27
49.96,3.74,265.37,0.0,467.672
46.41,2.37,266.7,0.0,456.45
46.41,2.29,259.43,0.0,278.472
49.32,3.05,259.65,0.0,292.741
39.15,1.78,223.09,0.0,81.3916
19.2,1.49,179.18,0.0,0.0
16.62,1.06,166.05,0.0,0.0
16.62,1.21,161.67,0.0,0.0
15.33,0.57,158.94,0.0,0.0
15.33,0.36,0.0,0.0,0.0
15.33,0.36,0.0,0.0,0.0
12.37,0.0,0.0,0.0,0.0
12.37,0.0,0.0,0.0,0.0
12.37,0.0,0.0,0.0,0.0
12.37,0.0,0.0,0.0,0.0
12.37,0.0,0.0,0.0,0.0
12.37,0.0,0.0,0.0,0.0
15.33,0.5,180.88,0.0,0.0
26.61,1.36,199.7,0.0,45.1565
56.73,2.51,250.47,0.0,165.808
48.35,2.73,254.3,0.0,336.834
46.41,2.8,254.94,0.0,376.92
48.35,3.37,243.03,0.0,496.722
49.35,4.09,237.33,0.0,261.139
49.96,3.74,211.73,0.0,134.07299999999998
46.41,2.37,205.1,0.0,264.702
46.41,2.29,221.76,0.0,223.61
49.32,3.05,242.09,0.0,341.451
39.15,1.78,222.38,0.0,230.588
19.2,1.49,187.01,0.0,97.442
16.62,1.06,176.88,0.0,13.5958
16.62,1.21,173.93,0.0,0.0
15.33,0.57,171.78,0.0,0.0
15.33,0.36,0.0,0.0,0.0
15.33,0.36,0.0,0.0,0.0
12.37,0.0,0.0,0.0,0.0
12.37,0.0,0.0,0.0,0.0
12.37,0.0,0.0,0.0,0.0
12.37,0.0,0.0,0.0,0.0
12.37,0.0,0.0,0.0,0.0
12.37,0.0,0.0,0.0,0.0
15.33,0.5,165.94,0.0,0.0
26.61,1.36,171.8,0.0,46.3929
56.73,2.51,218.35,0.0,135.311
48.35,2.73,242.19,0.0,320.906
46.41,2.8,227.03,0.0,341.029
48.35,3.37,205.46,0.0,263.198
49.35,4.09,184.7,0.0,63.9005
49.96,3.75,187.78,0.0,137.477
46.41,2.37,192.74,0.0,142.542
46.41,2.29,199.44,0.0,187.976
49.32,3.06,215.25,0.0,238.099
39.15,1.78,210.83,0.0,217.919
19.2,1.49,181.94,0.0,99.3834
16.62,1.06,174.53,0.0,12.7898
16.62,1.21,169.83,0.0,0.0
15.33,0.57,164.86,0.0,0.0
15.33,0.36,0.0,0.0,0.0
15.33,0.36,0.0,0.0,0.0
12.37,0.0,0.0,0.0,0.0
12.37,0.0,0.0,0.0,0.0
12.37,0.0,0.0,0.0,0.0
12.37,0.0,0.0,0.0,0.0
12.37,0.0,0.0,0.0,0.0
12.37,0.0,0.0,0.0,0.0
15.33,0.5,180.04,0.0,0.0
26.61,1.36,198.64,0.0,48.3416
56.73,2.51,252.49,0.0,178.697
48.35,2.73,256.92,0.0,348.079
46.41,2.8,267.86,0.0,479.919
48.35,3.38,277.13,0.0,580.711
49.35,4.09,266.15,0.0,566.011
49.96,3.75,272.38,0.0,545.203
46.41,2.37,260.68,0.0,485.071
46.41,2.3,257.91,0.0,380.186
49.32,3.06,246.3,0.0,254.412
39.15,1.79,221.94,0.0,169.896
19.2,1.49,194.2,0.0,78.1988
16.62,1.06,179.75,0.0,9.20141
16.62,1.21,167.22,0.0,0.0
15.33,0.57,157.35,0.0,0.0
15.33,0.36,0.0,0.0,0.0
15.33,0.36,0.0,0.0,0.0
12.37,0.0,0.0,0.0,0.0
9.28,0.0,0.0,0.0,0.0
9.28,0.0,0.0,0.0,0.0
9.28,0.0,0.0,0.0,0.0
9.28,0.0,0.0,0.0,0.0
9.28,0.0,0.0,0.0,0.0
15.33,0.5,175.18,0.0,0.0
20.49,0.79,178.27,0.0,48.4752
23.67,1.08,188.16,0.0,95.2612
25.93,1.51,210.12,0.0,294.10900000000004
24.96,1.37,223.6,0.0,390.655
27.22,1.65,229.77,0.0,598.643
20.18,1.44,215.5,0.0,540.903
17.6,1.37,204.84,0.0,524.0319999999999
15.99,1.08,192.88,0.0,545.865
14.7,0.93,183.74,0.0,482.796
15.02,1.01,179.38,0.0,384.451
13.43,0.5,158.94,0.0,285.221
11.5,0.5,89.48,0.0,126.291
9.28,0.0,26.96,0.0,13.843
9.28,0.0,0.0,0.0,0.0
9.28,0.0,0.0,0.0,0.0
9.28,0.0,0.0,0.0,0.0
9.28,0.0,0.0,0.0,0.0
9.28,0.0,0.0,0.0,0.0
9.28,0.0,0.0,0.0,0.0
9.28,0.0,0.0,0.0,0.0
9.28,0.0,0.0,0.0,0.0
9.28,0.0,0.0,0.0,0.0
9.28,0.0,0.0,0.0,0.0
11.5,0.29,0.0,0.0,0.0
11.5,0.29,86.97,0.0,52.368
11.5,0.29,125.74,0.0,182.391
11.5,0.29,146.72,0.0,347.905
11.5,0.29,114.62,0.0,491.837
11.5,0.43,129.92,0.0,597.864
11.5,0.43,139.47,0.0,641.3340000000001
11.5,0.65,109.15,0.0,671.452
11.5,0.43,131.61,0.0,635.518
11.5,0.29,151.96,0.0,587.803
11.5,0.29,119.42,0.0,447.459
11.5,0.29,131.69,0.0,287.736
9.28,0.0,133.74,0.0,143.094
9.28,0.0,97.19,0.0,15.0097
9.28,0.0,28.87,0.0,0.0
9.28,0.0,0.0,0.0,0.0
9.28,0.0,29.4,0.0,0.0
9.28,0.0,0.0,0.0,0.0
9.28,0.0,0.0,0.0,0.0
12.37,0.0,0.0,0.0,0.0
12.37,0.0,0.0,0.0,0.0
12.37,0.0,0.0,0.0,0.0
12.37,0.0,0.0,0.0,0.0
12.37,0.0,66.28,0.0,0.0
15.33,0.5,183.29,0.0,0.0
26.61,1.37,207.21,0.0,44.7737
56.73,2.52,266.22,0.0,175.80700000000002
48.35,2.74,269.73,0.0,318.788
46.41,2.81,274.52,0.0,399.642
48.35,3.38,277.68,0.0,476.642
49.35,4.1,254.77,0.0,625.235
49.96,3.76,244.08,0.0,530.49
46.41,2.38,222.82,0.0,335.64300000000003
46.41,2.3,217.8,0.0,97.4896
49.32,3.07,218.01,0.0,43.0058
39.15,1.79,208.93,0.0,86.4168
19.2,1.49,181.19,0.0,49.8562
16.62,1.06,171.41,0.0,2.82336
16.62,1.21,165.08,0.0,0.0
15.33,0.58,160.93,0.0,0.0
15.33,0.36,0.0,0.0,0.0
15.33,0.36,0.0,0.0,0.0
12.37,0.0,0.0,0.0,0.0
12.37,0.0,0.0,0.0,0.0
12.37,0.0,0.0,0.0,0.0
12.37,0.0,0.0,0.0,0.0
12.37,0.0,0.0,0.0,0.0
12.37,0.0,0.0,0.0,0.0
15.33,0.5,184.02,0.0,0.0
26.61,1.37,200.91,0.0,42.5735
56.73,2.52,252.83,0.0,174.643
48.35,2.74,256.7,0.0,344.278
46.41,2.81,234.51,0.0,473.696
48.35,3.39,218.05,0.0,257.353
49.35,4.1,187.65,0.0,71.921
49.96,3.76,180.52,0.0,81.6233
46.41,2.38,188.29,0.0,134.571
46.41,2.3,198.8,0.0,159.261
49.32,3.07,202.39,0.0,138.382
39.15,1.8,184.93,0.0,60.3125
19.2,1.48,154.27,0.0,23.0318
16.62,1.06,145.58,0.0,0.0
16.62,1.21,143.48,0.0,0.0
15.33,0.58,141.27,0.0,0.0
15.33,0.36,0.0,0.0,0.0
15.33,0.36,0.0,0.0,0.0
12.37,0.0,0.0,0.0,0.0
12.37,0.0,0.0,0.0,0.0
12.37,0.0,0.0,0.0,0.0
12.37,0.0,0.0,0.0,0.0
12.37,0.0,0.0,0.0,0.0
12.37,0.0,0.0,0.0,0.0
15.33,0.5,181.22,0.0,0.0
26.61,1.37,182.82,0.0,28.4911
56.73,2.52,218.14,0.0,92.7473
48.35,2.74,234.03,0.0,259.78700000000003
46.41,2.81,255.41,0.0,482.945
48.35,3.39,265.24,0.0,608.99
49.35,4.1,262.11,0.0,642.461
49.96,3.77,268.93,0.0,666.8860000000001
46.41,2.38,226.08,0.0,607.735
46.41,2.3,217.9,0.0,569.078
49.32,3.07,232.86,0.0,380.595
39.15,1.81,202.44,0.0,291.938
19.2,1.48,177.17,0.0,138.38299999999998
16.62,1.05,170.49,0.0,13.0232
16.62,1.2,161.61,0.0,0.0
15.33,0.57,156.47,0.0,0.0
15.33,0.36,0.0,0.0,0.0
15.33,0.36,0.0,0.0,0.0
12.37,0.0,0.0,0.0,0.0
12.37,0.0,0.0,0.0,0.0
12.37,0.0,0.0,0.0,0.0
12.37,0.0,0.0,0.0,0.0
12.37,0.0,0.0,0.0,0.0
12.37,0.0,0.0,0.0,0.0
15.33,0.51,166.19,0.0,0.0
26.61,1.37,183.89,0.0,40.674
56.73,2.53,242.63,0.0,174.44400000000002
48.35,2.74,252.3,0.0,356.57300000000004
46.41,2.82,266.72,0.0,508.03
48.35,3.39,277.1,0.0,566.911
49.35,4.1,268.28,0.0,673.433
49.96,3.77,282.15,0.0,674.008
46.41,2.38,277.61,0.0,572.55
46.41,2.3,275.84,0.0,545.904
49.32,3.07,274.77,0.0,408.452
39.15,1.81,248.81,0.0,254.626
19.2,1.47,212.51,0.0,142.925
16.62,1.05,176.72,0.0,12.7365
16.62,1.2,166.52,0.0,0.0
15.33,0.57,165.5,0.0,0.0
15.33,0.36,0.0,0.0,0.0
15.33,0.36,0.0,0.0,0.0
12.37,0.0,0.0,0.0,0.0
12.37,0.0,0.0,0.0,0.0
12.37,0.0,0.0,0.0,0.0
12.37,0.0,0.0,0.0,0.0
12.37,0.0,0.0,0.0,0.0
12.37,0.0,0.0,0.0,0.0
15.33,0.51,178.09,0.0,0.0
26.61,1.37,196.22,0.0,40.0492
56.73,2.53,252.0,0.0,175.676
48.35,2.75,258.81,0.0,356.642
46.41,2.82,267.54,0.0,506.497
48.35,3.4,274.39,0.0,598.998
49.35,4.1,268.32,0.0,676.59
49.96,3.78,275.96,0.0,703.08
46.41,2.38,274.98,0.0,654.722
46.41,2.3,274.58,0.0,589.529
49.32,3.08,277.71,0.0,452.412
39.15,1.82,245.82,0.0,319.291
19.2,1.47,203.34,0.0,137.037
16.62,1.05,184.91,0.0,11.2492
16.62,1.2,179.2,0.0,0.0
15.33,0.57,173.37,0.0,0.0
15.33,0.36,0.0,0.0,0.0
15.33,0.36,0.0,0.0,0.0
12.37,0.0,0.0,0.0,0.0
9.28,0.0,0.0,0.0,0.0
9.28,0.0,0.0,0.0,0.0
9.28,0.0,0.0,0.0,0.0
9.28,0.0,0.0,0.0,0.0
9.28,0.0,65.04,0.0,0.0
15.33,0.51,181.2,0.0,0.0
20.49,0.8,183.49,0.0,46.0717
23.67,1.08,203.3,0.0,176.226
25.93,1.52,217.31,0.0,348.54
24.96,1.37,228.32,0.0,492.337
27.22,1.66,233.34,0.0,601.04
20.18,1.45,218.72,0.0,665.6189999999999
17.6,1.37,218.8,0.0,681.322
15.99,1.08,225.2,0.0,639.951
14.7,0.94,216.22,0.0,522.726
15.02,1.01,186.0,0.0,143.841
13.43,0.51,160.79,0.0,26.273000000000003
11.5,0.51,0.0,0.0,3.61844
9.28,0.0,0.0,0.0,0.0
9.28,0.0,0.0,0.0,0.0
9.28,0.0,0.0,0.0,0.0
9.28,0.0,0.0,0.0,0.0
9.28,0.0,0.0,0.0,0.0
9.28,0.0,0.0,0.0,0.0
9.28,0.0,0.0,0.0,0.0
9.28,0.0,0.0,0.0,0.0
9.28,0.0,0.0,0.0,0.0
9.28,0.0,0.0,0.0,0.0
9.28,0.0,0.0,0.0,0.0
11.5,0.29,0.0,0.0,0.0
11.5,0.29,108.14,0.0,48.6457
11.5,0.29,137.73,0.0,180.281
11.5,0.29,109.73,0.0,351.423
11.5,0.29,127.41,0.0,496.561
11.5,0.43,144.75,0.0,606.188
11.5,0.43,111.21,0.0,664.9780000000001
11.5,0.65,123.1,0.0,692.232
11.5,0.43,131.15,0.0,664.2460000000001
11.5,0.29,100.49,0.0,588.552
11.5,0.29,121.56,0.0,475.851
11.5,0.29,136.34,0.0,313.536
9.28,0.0,102.56,0.0,129.43200000000002
9.28,0.0,112.76,0.0,6.92782
9.28,0.0,42.16,0.0,0.0
9.28,0.0,41.99,0.0,0.0
9.28,0.0,21.27,0.0,0.0
9.28,0.0,0.0,0.0,0.0
9.28,0.0,0.0,0.0,0.0
12.37,0.0,0.0,0.0,0.0
12.37,0.0,0.0,0.0,0.0
12.37,0.0,0.0,0.0,0.0
12.37,0.0,0.0,0.0,0.0
12.37,0.0,61.16,0.0,0.0
15.33,0.51,172.64,0.0,0.0
26.61,1.38,202.65,0.0,42.3516
56.73,2.54,260.33,0.0,175.666
48.35,2.75,268.69,0.0,342.36300000000006
46.41,2.83,274.93,0.0,425.204
48.35,3.41,277.96,0.0,560.164
49.35,4.13,264.24,0.0,611.368
49.96,3.79,268.81,0.0,704.2330000000001
46.41,2.39,270.78,0.0,614.082
46.41,2.31,272.22,0.0,546.812
49.32,3.09,270.57,0.0,454.859
39.15,1.82,228.72,0.0,240.038
19.2,1.48,179.62,0.0,101.909
16.62,1.05,153.46,0.0,4.71277
16.62,1.2,141.85,0.0,0.0
15.33,0.58,146.34,0.0,0.0
15.33,0.36,0.0,0.0,0.0
15.33,0.36,0.0,0.0,0.0
12.37,0.0,0.0,0.0,0.0
12.37,0.0,0.0,0.0,0.0
12.37,0.0,0.0,0.0,0.0
12.37,0.0,0.0,0.0,0.0
12.37,0.0,0.0,0.0,0.0
12.37,0.0,51.92,0.0,0.0
15.33,0.51,152.52,0.0,0.0
26.61,1.38,180.01,0.0,41.9127
56.73,2.54,241.68,0.0,175.53
48.35,2.76,250.5,0.0,354.427
46.41,2.83,255.91,0.0,508.412
48.35,3.41,253.38,0.0,611.554
49.35,4.12,239.18,0.0,275.935
49.96,3.8,225.2,0.0,198.846
46.41,2.39,216.02,0.0,329.992
46.41,2.31,245.2,0.0,481.261
49.32,3.09,263.86,0.0,453.211
39.15,1.84,225.5,0.0,271.237
19.2,1.46,187.13,0.0,104.579
16.62,1.04,168.92,0.0,4.522869999999999
16.62,1.19,163.27,0.0,0.0
15.33,0.57,161.95,0.0,0.0
15.33,0.36,0.0,0.0,0.0
15.33,0.36,0.0,0.0,0.0
12.37,0.0,0.0,0.0,0.0
12.37,0.0,0.0,0.0,0.0
12.37,0.0,0.0,0.0,0.0
12.37,0.0,0.0,0.0,0.0
12.37,0.0,0.0,0.0,0.0
12.37,0.0,60.44,0.0,0.0
15.33,0.51,172.52,0.0,0.0
26.61,1.38,180.6,0.0,13.1842
56.73,2.54,219.44,0.0,122.051
48.35,2.76,226.85,0.0,247.046
46.41,2.83,242.27,0.0,365.459
48.35,3.41,251.38,0.0,506.277
49.35,4.11,240.82,0.0,624.173
49.96,3.81,252.52,0.0,581.719
46.41,2.38,254.59,0.0,574.73
46.41,2.31,261.63,0.0,561.488
49.32,3.09,256.04,0.0,318.293
39.15,1.84,213.55,0.0,116.417
19.2,1.45,177.66,0.0,51.9228
16.62,1.03,171.52,0.0,0.444233
16.62,1.18,167.27,0.0,0.0
15.33,0.57,156.65,0.0,0.0
15.33,0.36,0.0,0.0,0.0
15.33,0.36,0.0,0.0,0.0
12.37,0.0,0.0,0.0,0.0
12.37,0.0,0.0,0.0,0.0
12.37,0.0,0.0,0.0,0.0
12.37,0.0,0.0,0.0,0.0
12.37,0.0,0.0,0.0,0.0
12.37,0.0,62.3,0.0,0.0
15.33,0.51,174.91,0.0,0.0
26.61,1.38,182.07,0.0,34.2441
56.73,2.55,213.42,0.0,79.253
48.35,2.76,210.3,0.0,112.459
46.41,2.84,223.37,0.0,264.904
48.35,3.42,250.74,0.0,551.375
49.35,4.11,257.68,0.0,599.788
49.96,3.81,272.02,0.0,564.655
46.41,2.39,271.18,0.0,593.75
46.41,2.33,276.77,0.0,536.585
49.32,3.1,280.22,0.0,411.502
39.15,1.83,241.74,0.0,229.697
19.2,1.46,197.08,0.0,85.4513
16.62,1.03,171.35,0.0,2.92787
16.62,1.18,161.89,0.0,0.0
15.33,0.57,161.26,0.0,0.0
15.33,0.36,0.0,0.0,0.0
15.33,0.36,0.0,0.0,0.0
12.37,0.0,0.0,0.0,0.0
12.37,0.0,0.0,0.0,0.0
12.37,0.0,0.0,0.0,0.0
12.37,0.0,0.0,0.0,0.0
12.37,0.0,0.0,0.0,0.0
12.37,0.0,61.24,0.0,0.0
15.33,0.51,165.82,0.0,0.0
26.61,1.38,167.38,0.0,30.7155
56.73,2.55,201.76,0.0,124.552
48.35,2.77,207.37,0.0,270.425
46.41,2.84,220.3,0.0,279.682
48.35,3.42,250.23,0.0,526.3580000000001
49.35,4.11,252.09,0.0,554.597
49.96,3.82,271.64,0.0,546.1
46.41,2.39,264.92,0.0,439.6230000000001
46.41,2.33,247.99,0.0,297.514
49.32,3.1,244.01,0.0,193.788
39.15,1.83,219.0,0.0,134.904
19.2,1.45,186.56,0.0,55.0629
16.62,1.09,176.12,0.0,0.393803
16.62,1.24,170.73,0.0,0.0
15.33,0.58,170.85,0.0,0.0
15.33,0.36,0.0,0.0,0.0
15.33,0.36,0.0,0.0,0.0
12.37,0.0,0.0,0.0,0.0
9.28,0.0,0.0,0.0,0.0
9.28,0.0,0.0,0.0,0.0
9.28,0.0,0.0,0.0,0.0
9.28,0.0,0.0,0.0,0.0
9.28,0.0,61.94,0.0,0.0
15.33,0.51,180.26,0.0,0.0
20.49,0.8,178.49,0.0,41.7412
23.67,1.09,196.57,0.0,168.692
25.93,1.53,209.34,0.0,300.29900000000004
24.96,1.39,223.31,0.0,502.284
27.22,1.68,229.44,0.0,462.616
20.18,1.46,228.35,0.0,498.609
17.6,1.39,222.46,0.0,454.242
15.99,1.09,213.73,0.0,573.548
14.7,0.95,205.67,0.0,562.3580000000001
15.02,1.02,202.41,0.0,365.894
13.43,0.51,163.22,0.0,170.297
11.5,0.51,45.23,0.0,60.7777
9.28,0.0,29.43,0.0,0.40325
9.28,0.0,0.0,0.0,0.0
9.28,0.0,0.0,0.0,0.0
9.28,0.0,0.0,0.0,0.0
9.28,0.0,0.0,0.0,0.0
9.28,0.0,0.0,0.0,0.0
9.28,0.0,0.0,0.0,0.0
9.28,0.0,0.0,0.0,0.0
9.28,0.0,0.0,0.0,0.0
9.28,0.0,0.0,0.0,0.0
9.28,0.0,0.0,0.0,0.0
11.5,0.29,0.0,0.0,0.0
11.5,0.29,59.95,0.0,39.372
11.5,0.29,92.08,0.0,146.582
11.5,0.29,154.97,0.0,279.471
11.5,0.29,115.21,0.0,364.009
11.5,0.44,95.38,0.0,180.938
11.5,0.44,25.89,0.0,168.951
11.5,0.66,41.14,0.0,150.386
11.5,0.44,0.0,0.0,81.1278
11.5,0.29,0.0,0.0,128.295
11.5,0.29,57.0,0.0,158.265
11.5,0.29,0.0,0.0,63.0881
9.28,0.0,0.0,0.0,13.3345
9.28,0.0,0.0,0.0,0.0
9.28,0.0,0.0,0.0,0.0
9.28,0.0,0.0,0.0,0.0
9.28,0.0,0.0,0.0,0.0
9.28,0.0,0.0,0.0,0.0
9.28,0.0,0.0,0.0,0.0
12.37,0.0,0.0,0.0,0.0
12.37,0.0,0.0,0.0,0.0
12.37,0.0,0.0,0.0,0.0
12.37,0.0,0.0,0.0,0.0
12.37,0.0,69.45,0.0,0.0
15.33,0.51,199.45,0.0,0.0
26.61,1.39,202.0,0.0,0.0
56.73,2.56,233.55,0.0,45.7739
48.35,2.78,218.03,0.0,82.3994
46.41,2.85,217.28,0.0,169.25400000000002
48.35,3.44,203.34,0.0,166.93099999999998
49.35,4.15,189.57,0.0,90.087
49.96,3.83,197.32,0.0,119.085
46.41,2.41,190.16,0.0,142.834
46.41,2.33,187.23,0.0,86.24700000000001
49.32,3.12,197.32,0.0,163.252
39.15,1.85,183.87,0.0,86.5525
19.2,1.47,152.13,0.0,21.2543
16.62,1.05,146.71,0.0,0.0
16.62,1.2,145.2,0.0,0.0
15.33,0.58,147.38,0.0,0.0
15.33,0.37,0.0,0.0,0.0
15.33,0.37,0.0,0.0,0.0
12.37,0.0,0.0,0.0,0.0
12.37,0.0,0.0,0.0,0.0
12.37,0.0,0.0,0.0,0.0
12.37,0.0,0.0,0.0,0.0
12.37,0.0,0.0,0.0,0.0
12.37,0.0,0.0,0.0,0.0
15.33,0.51,177.27,0.0,0.0
26.61,1.39,163.05,0.0,10.1978
56.73,2.56,178.23,0.0,48.2607
48.35,2.78,167.6,0.0,59.1562
46.41,2.86,171.66,0.0,114.686
48.35,3.44,184.74,0.0,369.684
49.35,4.14,190.42,0.0,303.337
49.96,3.84,194.81,0.0,152.529
46.41,2.41,194.31,0.0,237.454
46.41,2.35,200.41,0.0,220.511
49.32,3.12,213.13,0.0,307.285
39.15,1.83,184.52,0.0,50.9723
19.2,1.52,153.97,0.0,99.5459
16.62,1.08,152.27,0.0,1.41847
16.62,1.23,149.18,0.0,0.0
15.33,0.59,148.19,0.0,0.0
15.33,0.37,0.0,0.0,0.0
15.33,0.37,0.0,0.0,0.0
12.37,0.0,0.0,0.0,0.0
12.37,0.0,0.0,0.0,0.0
12.37,0.0,0.0,0.0,0.0
12.37,0.0,0.0,0.0,0.0
12.37,0.0,0.0,0.0,0.0
12.37,0.0,0.0,0.0,0.0
15.33,0.51,193.29,0.0,0.0
26.61,1.39,181.29,0.0,35.2727
56.73,2.57,208.11,0.0,124.678
48.35,2.79,211.89,0.0,218.82
46.41,2.86,213.06,0.0,334.881
48.35,3.45,227.6,0.0,445.132
49.35,4.16,228.6,0.0,499.239
49.96,3.84,239.26,0.0,492.4330000000001
46.41,2.41,231.28,0.0,462.306
46.41,2.34,232.81,0.0,495.837
49.32,3.13,227.57,0.0,302.283
39.15,1.86,199.31,0.0,172.292
19.2,1.46,165.94,0.0,97.2782
16.62,1.04,155.01,0.0,1.3464
16.62,1.19,151.41,0.0,0.0
15.33,0.57,149.91,0.0,0.0
15.33,0.37,0.0,0.0,0.0
15.33,0.37,0.0,0.0,0.0
12.37,0.0,0.0,0.0,0.0
12.37,0.0,0.0,0.0,0.0
12.37,0.0,0.0,0.0,0.0
12.37,0.0,0.0,0.0,0.0
12.37,0.0,0.0,0.0,0.0
12.37,0.0,0.0,0.0,0.0
15.33,0.51,177.95,0.0,0.0
26.61,1.4,173.74,0.0,44.7939
56.73,2.57,219.54,0.0,178.292
48.35,2.79,200.96,0.0,169.738
46.41,2.87,222.14,0.0,517.823
48.35,3.45,241.85,0.0,607.715
49.35,4.15,236.84,0.0,517.644
49.96,3.84,247.26,0.0,635.376
46.41,2.42,247.33,0.0,645.821
46.41,2.35,249.22,0.0,615.409
49.32,3.13,245.34,0.0,480.608
39.15,1.84,206.49,0.0,302.745
19.2,1.51,161.73,0.0,108.393
16.62,1.07,136.5,0.0,2.01833
16.62,1.22,132.63,0.0,0.0
15.33,0.59,133.22,0.0,0.0
15.33,0.37,0.0,0.0,0.0
15.33,0.37,0.0,0.0,0.0
12.37,0.0,0.0,0.0,0.0
12.37,0.0,0.0,0.0,0.0
12.37,0.0,0.0,0.0,0.0
12.37,0.0,0.0,0.0,0.0
12.37,0.0,0.0,0.0,0.0
12.37,0.0,0.0,0.0,0.0
15.33,0.52,147.8,0.0,0.0
26.61,1.4,148.37,0.0,43.8089
56.73,2.58,206.37,0.0,179.03099999999998
48.35,2.8,221.71,0.0,362.039
46.41,2.87,234.19,0.0,489.58
48.35,3.46,243.5,0.0,530.814
49.35,4.16,236.46,0.0,651.586
49.96,3.86,250.28,0.0,687.933
46.41,2.41,251.9,0.0,663.683
46.41,2.36,254.91,0.0,576.364
49.32,3.14,252.81,0.0,446.419
39.15,1.84,212.44,0.0,279.826
19.2,1.52,169.37,0.0,97.7691
16.62,1.09,154.49,0.0,1.1040299999999998
16.62,1.24,151.8,0.0,0.0
15.33,0.59,141.5,0.0,0.0
15.33,0.37,0.0,0.0,0.0
15.33,0.37,0.0,0.0,0.0
12.37,0.0,0.0,0.0,0.0
9.28,0.0,0.0,0.0,0.0
9.28,0.0,0.0,0.0,0.0
9.28,0.0,0.0,0.0,0.0
9.28,0.0,0.0,0.0,0.0
9.28,0.0,0.0,0.0,0.0
15.33,0.52,139.59,0.0,0.0
20.49,0.81,137.13,0.0,44.1099
23.67,1.11,152.41,0.0,183.963
25.93,1.55,170.64,0.0,359.148
24.96,1.4,180.35,0.0,511.633
27.22,1.7,184.04,0.0,616.033
20.18,1.47,179.56,0.0,683.433
17.6,1.4,175.73,0.0,706.053
15.99,1.11,178.11,0.0,671.4010000000001
14.7,0.96,180.07,0.0,588.373
15.02,1.03,171.99,0.0,463.375
13.43,0.52,130.38,0.0,293.204
11.5,0.52,92.34,0.0,102.946
9.28,0.0,34.03,0.0,1.08711
9.28,0.0,24.79,0.0,0.0
9.28,0.0,0.0,0.0,0.0
9.28,0.0,0.0,0.0,0.0
9.28,0.0,0.0,0.0,0.0
9.28,0.0,0.0,0.0,0.0
9.28,0.0,0.0,0.0,0.0
9.28,0.0,0.0,0.0,0.0
9.28,0.0,0.0,0.0,0.0
9.28,0.0,0.0,0.0,0.0
9.28,0.0,0.0,0.0,0.0
11.5,0.3,0.0,0.0,0.0
11.5,0.3,67.09,0.0,45.9533
11.5,0.3,102.73,0.0,181.07
11.5,0.3,119.0,0.0,362.771
11.5,0.3,90.99,0.0,516.98
11.5,0.44,105.31,0.0,582.602
11.5,0.44,118.72,0.0,621.531
11.5,0.66,93.01,0.0,642.757
11.5,0.44,102.71,0.0,608.499
11.5,0.3,108.46,0.0,499.86
11.5,0.3,83.69,0.0,398.414
11.5,0.3,95.95,0.0,258.328
9.28,0.0,102.01,0.0,87.6893
9.28,0.0,56.56,0.0,0.0
9.28,0.0,17.36,0.0,0.0
9.28,0.0,0.0,0.0,0.0
9.28,0.0,0.0,0.0,0.0
9.28,0.0,0.0,0.0,0.0
9.28,0.0,0.0,0.0,0.0
12.37,0.0,0.0,0.0,0.0
12.37,0.0,0.0,0.0,0.0
12.37,0.0,0.0,0.0,0.0
12.37,0.0,0.0,0.0,0.0
12.37,0.0,0.0,0.0,0.0
15.33,0.52,142.24,0.0,0.0
26.61,1.4,152.11,0.0,39.2369
56.73,2.59,221.04,0.0,170.985
48.35,2.81,234.83,0.0,341.413
46.41,2.88,244.28,0.0,468.1
48.35,3.48,247.45,0.0,571.109
49.35,4.19,237.26,0.0,605.992
49.96,3.87,250.43,0.0,614.013
46.41,2.43,252.59,0.0,570.422
46.41,2.37,258.8,0.0,585.052
49.32,3.15,254.63,0.0,401.537
39.15,1.85,202.78,0.0,229.57
19.2,1.52,155.07,0.0,74.9577
16.62,1.1,142.79,0.0,0.0
16.62,1.25,146.72,0.0,0.0
15.33,0.59,146.85,0.0,0.0
15.33,0.37,0.0,0.0,0.0
15.33,0.37,0.0,0.0,0.0
12.37,0.0,0.0,0.0,0.0
12.37,0.0,0.0,0.0,0.0
12.37,0.0,0.0,0.0,0.0
12.37,0.0,0.0,0.0,0.0
12.37,0.0,0.0,0.0,0.0
12.37,0.0,53.18,0.0,0.0
15.33,0.52,153.81,0.0,0.0
26.61,1.41,165.61,0.0,38.3372
56.73,2.59,221.83,0.0,168.313
48.35,2.81,233.04,0.0,341.80400000000003
46.41,2.89,246.38,0.0,500.745
48.35,3.48,252.06,0.0,596.373
49.35,4.19,244.96,0.0,671.008
49.96,3.88,256.72,0.0,555.49
46.41,2.43,254.25,0.0,491.587
46.41,2.38,239.54,0.0,308.55400000000003
49.32,3.16,227.25,0.0,226.237
39.15,1.85,204.04,0.0,256.379
19.2,1.53,162.48,0.0,83.8708
16.62,1.09,149.86,0.0,0.0
16.62,1.24,149.25,0.0,0.0
15.33,0.59,151.83,0.0,0.0
15.33,0.37,0.0,0.0,0.0
15.33,0.37,0.0,0.0,0.0
12.37,0.0,0.0,0.0,0.0
12.37,0.0,0.0,0.0,0.0
12.37,0.0,0.0,0.0,0.0
12.37,0.0,0.0,0.0,0.0
12.37,0.0,0.0,0.0,0.0
12.37,0.0,0.0,0.0,0.0
15.33,0.52,141.03,0.0,0.0
26.61,1.41,133.31,0.0,41.1812
56.73,2.6,164.1,0.0,78.9455
48.35,2.82,162.16,0.0,203.135
46.41,2.89,173.86,0.0,291.378
48.35,3.49,186.26,0.0,450.025
49.35,4.19,186.04,0.0,566.789
49.96,3.89,188.47,0.0,348.06199999999995
46.41,2.44,181.52,0.0,375.344
46.41,2.38,186.81,0.0,476.44
49.32,3.16,195.24,0.0,430.699
39.15,1.86,163.49,0.0,265.721
19.2,1.52,121.35,0.0,86.1755
16.62,1.08,107.97,0.0,0.0
16.62,1.24,100.42,0.0,0.0
15.33,0.59,95.26,0.0,0.0
15.33,0.37,0.0,0.0,0.0
15.33,0.37,0.0,0.0,0.0
12.37,0.0,0.0,0.0,0.0
12.37,0.0,0.0,0.0,0.0
12.37,0.0,0.0,0.0,0.0
12.37,0.0,0.0,0.0,0.0
12.37,0.0,0.0,0.0,0.0
12.37,0.0,0.0,0.0,0.0
15.33,0.52,88.92,0.0,0.0
26.61,1.41,86.96,0.0,43.0621
56.73,2.6,114.2,0.0,193.808
48.35,2.82,127.02,0.0,394.881
46.41,2.9,145.42,0.0,552.604
48.35,3.49,156.39,0.0,679.295
49.35,4.2,146.93,0.0,738.2230000000001
49.96,3.89,156.61,0.0,767.627
46.41,2.46,163.42,0.0,712.752
46.41,2.38,170.2,0.0,621.265
49.32,3.17,172.59,0.0,490.966
39.15,1.87,138.63,0.0,307.05400000000003
19.2,1.51,101.65,0.0,102.292
16.62,1.08,90.54,0.0,0.0
16.62,1.23,87.99,0.0,0.0
15.33,0.59,86.74,0.0,0.0
15.33,0.37,0.0,0.0,0.0
15.33,0.37,0.0,0.0,0.0
12.37,0.0,0.0,0.0,0.0
12.37,0.0,0.0,0.0,0.0
12.37,0.0,0.0,0.0,0.0
12.37,0.0,0.0,0.0,0.0
12.37,0.0,0.0,0.0,0.0
12.37,0.0,0.0,0.0,0.0
15.33,0.52,86.29,0.0,0.0
26.61,1.41,86.25,0.0,40.7255
56.73,2.61,115.09,0.0,192.579
48.35,2.83,131.09,0.0,392.657
46.41,2.9,147.85,0.0,555.368
48.35,3.5,160.27,0.0,671.825
49.35,4.21,152.37,0.0,740.5
49.96,3.89,161.86,0.0,747.577
46.41,2.46,170.2,0.0,705.165
46.41,2.38,177.97,0.0,624.8
49.32,3.17,184.17,0.0,462.377
39.15,1.88,151.06,0.0,306.582
19.2,1.51,109.86,0.0,101.301
16.62,1.07,98.97,0.0,0.0
16.62,1.22,96.91,0.0,0.0
15.33,0.59,96.86,0.0,0.0
15.33,0.37,0.0,0.0,0.0
15.33,0.37,0.0,0.0,0.0
12.37,0.0,0.0,0.0,0.0
9.28,0.0,0.0,0.0,0.0
9.28,0.0,0.0,0.0,0.0
9.28,0.0,0.0,0.0,0.0
9.28,0.0,0.0,0.0,0.0
9.28,0.0,0.0,0.0,0.0
15.33,0.52,97.86,0.0,0.0
20.49,0.82,96.7,0.0,40.2159
23.67,1.12,102.8,0.0,188.988
25.93,1.57,111.85,0.0,373.851
24.96,1.42,125.51,0.0,536.033
27.22,1.72,135.43,0.0,655.574
20.18,1.49,137.86,0.0,722.0189999999999
17.6,1.42,133.34,0.0,741.018
15.99,1.12,131.92,0.0,693.752
14.7,0.97,136.35,0.0,600.255
15.02,1.04,135.48,0.0,446.045
13.43,0.52,113.62,0.0,272.532
11.5,0.52,68.76,0.0,84.3321
9.28,0.0,27.45,0.0,0.0
9.28,0.0,0.0,0.0,0.0
9.28,0.0,0.0,0.0,0.0
9.28,0.0,0.0,0.0,0.0
9.28,0.0,0.0,0.0,0.0
9.28,0.0,0.0,0.0,0.0
9.28,0.0,0.0,0.0,0.0
9.28,0.0,0.0,0.0,0.0
9.28,0.0,0.0,0.0,0.0
9.28,0.0,0.0,0.0,0.0
9.28,0.0,0.0,0.0,0.0
11.5,0.3,0.0,0.0,0.0
11.5,0.3,19.82,0.0,42.442
11.5,0.3,65.75,0.0,187.197
11.5,0.3,58.67,0.0,380.279
11.5,0.3,78.05,0.0,549.908
11.5,0.45,71.39,0.0,660.8910000000001
11.5,0.45,64.96,0.0,718.041
11.5,0.67,90.67,0.0,712.301
11.5,0.45,85.78,0.0,669.9989999999999
11.5,0.3,75.87,0.0,500.72
11.5,0.3,87.33,0.0,213.56
11.5,0.3,30.25,0.0,110.358
9.28,0.0,57.35,0.0,77.332
9.28,0.0,0.0,0.0,0.0
9.28,0.0,0.0,0.0,0.0
9.28,0.0,0.0,0.0,0.0
9.28,0.0,0.0,0.0,0.0
9.28,0.0,0.0,0.0,0.0
9.28,0.0,0.0,0.0,0.0
12.37,0.0,0.0,0.0,0.0
12.37,0.0,0.0,0.0,0.0
12.37,0.0,0.0,0.0,0.0
12.37,0.0,0.0,0.0,0.0
12.37,0.0,0.0,0.0,0.0
15.33,0.52,82.51,0.0,0.0
26.61,1.42,79.7,0.0,42.9499
56.73,2.62,109.99,0.0,188.285
48.35,2.85,121.35,0.0,391.7480000000001
46.41,2.92,135.58,0.0,561.626
48.35,3.52,151.28,0.0,674.082
49.35,4.23,150.99,0.0,755.31
49.96,3.92,167.63,0.0,760.54
46.41,2.47,176.72,0.0,726.0889999999999
46.41,2.4,184.6,0.0,636.305
49.32,3.19,189.5,0.0,492.706
39.15,1.88,155.48,0.0,305.428
19.2,1.52,112.11,0.0,96.6206
16.62,1.08,101.22,0.0,0.0
16.62,1.23,98.2,0.0,0.0
15.33,0.59,96.33,0.0,0.0
15.33,0.37,0.0,0.0,0.0
15.33,0.37,0.0,0.0,0.0
12.37,0.0,0.0,0.0,0.0
12.37,0.0,0.0,0.0,0.0
12.37,0.0,0.0,0.0,0.0
12.37,0.0,0.0,0.0,0.0
12.37,0.0,0.0,0.0,0.0
12.37,0.0,0.0,0.0,0.0
15.33,0.53,64.3,0.0,0.0
26.61,1.43,79.28,0.0,41.979
56.73,2.63,111.97,0.0,195.093
48.35,2.85,121.48,0.0,396.158
46.41,2.93,134.6,0.0,564.823
48.35,3.53,146.14,0.0,680.29
49.35,4.23,143.7,0.0,738.288
49.96,3.93,157.36,0.0,757.596
46.41,2.48,165.1,0.0,707.784
46.41,2.39,172.6,0.0,620.279
49.32,3.2,174.76,0.0,473.631
39.15,1.9,140.48,0.0,284.783
19.2,1.5,106.49,0.0,79.8349
16.62,1.07,99.7,0.0,0.0
16.62,1.22,97.44,0.0,0.0
15.33,0.59,95.24,0.0,0.0
15.33,0.38,0.0,0.0,0.0
15.33,0.38,0.0,0.0,0.0
12.37,0.0,0.0,0.0,0.0
12.37,0.0,0.0,0.0,0.0
12.37,0.0,0.0,0.0,0.0
12.37,0.0,0.0,0.0,0.0
12.37,0.0,0.0,0.0,0.0
12.37,0.0,0.0,0.0,0.0
15.33,0.53,97.25,0.0,0.0
26.61,1.43,98.8,0.0,32.3345
56.73,2.63,123.5,0.0,151.213
48.35,2.86,139.92,0.0,339.777
46.41,2.93,160.78,0.0,490.403
48.35,3.53,171.63,0.0,555.5880000000001
49.35,4.23,173.55,0.0,602.0880000000001
49.96,3.94,187.88,0.0,541.386
46.41,2.47,189.21,0.0,585.029
46.41,2.4,191.61,0.0,507.208
49.32,3.21,192.95,0.0,434.499
39.15,1.89,159.22,0.0,256.871
19.2,1.55,115.38,0.0,68.0882
16.62,1.11,109.23,0.0,0.0
16.62,1.27,108.12,0.0,0.0
15.33,0.6,104.64,0.0,0.0
15.33,0.38,0.0,0.0,0.0
15.33,0.38,0.0,0.0,0.0
12.37,0.0,0.0,0.0,0.0
12.37,0.0,0.0,0.0,0.0
12.37,0.0,0.0,0.0,0.0
12.37,0.0,0.0,0.0,0.0
12.37,0.0,0.0,0.0,0.0
12.37,0.0,0.0,0.0,0.0
15.33,0.53,97.79,0.0,0.0
26.61,1.43,102.8,0.0,42.252
56.73,2.64,142.43,0.0,180.499
48.35,2.86,161.19,0.0,370.279
46.41,2.94,179.13,0.0,521.148
48.35,3.54,192.02,0.0,624.424
49.35,4.26,191.41,0.0,699.784
49.96,3.94,205.61,0.0,704.2260000000001
46.41,2.49,210.55,0.0,672.528
46.41,2.4,216.75,0.0,590.972
49.32,3.21,217.55,0.0,461.072
39.15,1.91,186.32,0.0,276.881
19.2,1.5,147.64,0.0,76.16
16.62,1.07,133.48,0.0,0.0
16.62,1.22,129.73,0.0,0.0
15.33,0.59,127.07,0.0,0.0
15.33,0.38,0.0,0.0,0.0
15.33,0.38,0.0,0.0,0.0
12.37,0.0,0.0,0.0,0.0
12.37,0.0,0.0,0.0,0.0
12.37,0.0,0.0,0.0,0.0
12.37,0.0,0.0,0.0,0.0
12.37,0.0,0.0,0.0,0.0
12.37,0.0,0.0,0.0,0.0
15.33,0.53,167.96,0.0,0.0
26.61,1.43,167.1,0.0,39.8655
56.73,2.64,220.23,0.0,171.44
48.35,2.87,230.71,0.0,355.766
46.41,2.94,246.51,0.0,522.773
48.35,3.55,252.24,0.0,627.3430000000001
49.35,4.24,244.11,0.0,630.237
49.96,3.95,253.38,0.0,568.51
46.41,2.48,238.14,0.0,355.06800000000004
46.41,2.42,237.81,0.0,557.206
49.32,3.22,246.81,0.0,446.23
39.15,1.89,224.79,0.0,262.327
19.2,1.56,178.3,0.0,70.0527
16.62,1.11,157.99,0.0,0.0
16.62,1.26,155.79,0.0,0.0
15.33,0.6,157.67,0.0,0.0
15.33,0.38,0.0,0.0,0.0
15.33,0.38,0.0,0.0,0.0
12.37,0.0,0.0,0.0,0.0
9.28,0.0,0.0,0.0,0.0
9.28,0.0,0.0,0.0,0.0
9.28,0.0,0.0,0.0,0.0
9.28,0.0,0.0,0.0,0.0
9.28,0.0,0.0,0.0,0.0
15.33,0.53,169.04,0.0,0.0
20.49,0.83,167.34,0.0,43.1091
23.67,1.13,186.32,0.0,177.15599999999998
25.93,1.59,201.97,0.0,360.674
24.96,1.44,209.43,0.0,464.69
27.22,1.74,212.4,0.0,507.02
20.18,1.51,202.01,0.0,402.356
17.6,1.44,196.92,0.0,437.71
15.99,1.13,188.88,0.0,347.027
14.7,0.98,174.74,0.0,198.223
15.02,1.06,182.43,0.0,261.558
13.43,0.53,160.57,0.0,235.873
11.5,0.53,64.21,0.0,67.7208
9.28,0.0,39.52,0.0,0.0
9.28,0.0,0.0,0.0,0.0
9.28,0.0,0.0,0.0,0.0
9.28,0.0,0.0,0.0,0.0
9.28,0.0,0.0,0.0,0.0
9.28,0.0,0.0,0.0,0.0
9.28,0.0,0.0,0.0,0.0
9.28,0.0,0.0,0.0,0.0
9.28,0.0,0.0,0.0,0.0
9.28,0.0,0.0,0.0,0.0
9.28,0.0,0.0,0.0,0.0
11.5,0.3,0.0,0.0,0.0
11.5,0.3,63.5,0.0,38.4851
11.5,0.3,130.23,0.0,177.62599999999998
11.5,0.3,135.48,0.0,365.355
11.5,0.3,90.01,0.0,523.268
11.5,0.45,137.22,0.0,628.4490000000001
11.5,0.45,134.74,0.0,679.955
11.5,0.68,91.83,0.0,690.0310000000001
11.5,0.45,139.0,0.0,649.4069999999999
11.5,0.3,136.28,0.0,569.264
11.5,0.3,89.45,0.0,442.739
11.5,0.3,127.78,0.0,260.459
9.28,0.0,119.77,0.0,68.57600000000001
9.28,0.0,52.41,0.0,0.0
9.28,0.0,0.0,0.0,0.0
9.28,0.0,0.0,0.0,0.0
9.28,0.0,0.0,0.0,0.0
9.28,0.0,0.0,0.0,0.0
9.28,0.0,0.0,0.0,0.0
12.37,0.0,0.0,0.0,0.0
12.37,0.0,0.0,0.0,0.0
12.37,0.0,0.0,0.0,0.0
12.37,0.0,0.0,0.0,0.0
12.37,0.0,0.0,0.0,0.0
15.33,0.53,146.73,0.0,0.0
26.61,1.44,158.31,0.0,40.8651
56.73,2.66,234.54,0.0,177.387
48.35,2.89,249.94,0.0,360.546
46.41,2.96,257.71,0.0,517.409
48.35,3.57,260.07,0.0,625.354
49.35,4.29,247.73,0.0,677.434
49.96,3.98,262.06,0.0,678.857
46.41,2.51,264.41,0.0,654.868
46.41,2.42,265.81,0.0,563.586
49.32,3.24,263.99,0.0,430.894
39.15,1.93,223.24,0.0,256.052
19.2,1.53,176.69,0.0,64.2546
16.62,1.14,158.79,0.0,0.0
16.62,1.29,155.76,0.0,0.0
15.33,0.61,151.1,0.0,0.0
15.33,0.38,0.0,0.0,0.0
15.33,0.38,0.0,0.0,0.0
12.37,0.0,0.0,0.0,0.0
12.37,0.0,0.0,0.0,0.0
12.37,0.0,0.0,0.0,0.0
12.37,0.0,0.0,0.0,0.0
12.37,0.0,0.0,0.0,0.0
12.37,0.0,25.18,0.0,0.0
15.33,0.53,152.42,0.0,0.0
26.61,1.45,158.42,0.0,41.5577
56.73,2.66,223.06,0.0,176.84599999999998
48.35,2.89,229.23,0.0,267.98900000000003
46.41,2.97,240.32,0.0,384.736
48.35,3.58,249.14,0.0,603.741
49.35,4.3,248.16,0.0,677.328
49.96,3.99,244.79,0.0,666.187
46.41,2.51,234.49,0.0,426.273
46.41,2.42,249.2,0.0,380.549
49.32,3.25,251.89,0.0,350.215
39.15,1.92,213.69,0.0,200.146
19.2,1.56,163.7,0.0,48.2728
16.62,1.13,151.92,0.0,0.0
16.62,1.29,150.43,0.0,0.0
15.33,0.61,148.42,0.0,0.0
15.33,0.38,0.0,0.0,0.0
15.33,0.38,0.0,0.0,0.0
12.37,0.0,0.0,0.0,0.0
12.37,0.0,0.0,0.0,0.0
12.37,0.0,0.0,0.0,0.0
12.37,0.0,0.0,0.0,0.0
12.37,0.0,0.0,0.0,0.0
12.37,0.0,0.0,0.0,0.0
15.33,0.53,154.31,0.0,0.0
26.61,1.45,160.6,0.0,41.5053
56.73,2.67,223.86,0.0,159.42700000000002
48.35,2.9,234.93,0.0,306.741
46.41,2.98,245.8,0.0,480.846
48.35,3.59,250.59,0.0,409.992
49.35,4.3,245.59,0.0,410.311
49.96,4.0,257.49,0.0,417.173
46.41,2.51,225.49,0.0,187.266
46.41,2.44,191.56,0.0,142.755
49.32,3.26,179.47,0.0,33.5258
39.15,1.91,155.8,0.0,55.0705
19.2,1.58,133.14,0.0,10.2871
16.62,1.12,137.34,0.0,0.0
16.62,1.27,139.19,0.0,0.0
15.33,0.61,138.37,0.0,0.0
15.33,0.38,0.0,0.0,0.0
15.33,0.38,0.0,0.0,0.0
12.37,0.0,0.0,0.0,0.0
12.37,0.0,0.0,0.0,0.0
12.37,0.0,0.0,0.0,0.0
12.37,0.0,0.0,0.0,0.0
12.37,0.0,0.0,0.0,0.0
12.37,0.0,0.0,0.0,0.0
15.33,0.54,137.67,0.0,0.0
26.61,1.45,145.95,0.0,42.5542
56.73,2.68,203.56,0.0,177.041
48.35,2.91,222.27,0.0,355.98800000000006
46.41,2.98,236.75,0.0,508.662
48.35,3.59,237.54,0.0,615.366
49.35,4.3,230.09,0.0,668.9639999999999
49.96,4.01,240.11,0.0,666.306
46.41,2.51,242.58,0.0,619.869
46.41,2.46,247.77,0.0,550.259
49.32,3.26,253.96,0.0,421.643
39.15,1.92,218.58,0.0,238.432
19.2,1.56,172.81,0.0,53.7692
16.62,1.11,158.68,0.0,0.0
16.62,1.26,156.28,0.0,0.0
15.33,0.61,147.61,0.0,0.0
15.33,0.38,0.0,0.0,0.0
15.33,0.38,0.0,0.0,0.0
12.37,0.0,0.0,0.0,0.0
12.37,0.0,0.0,0.0,0.0
12.37,0.0,0.0,0.0,0.0
12.37,0.0,0.0,0.0,0.0
12.37,0.0,0.0,0.0,0.0
12.37,0.0,0.0,0.0,0.0
15.33,0.54,144.26,0.0,0.0
26.61,1.46,148.06,0.0,42.2362
56.73,2.68,202.55,0.0,179.033
48.35,2.91,216.75,0.0,359.978
46.41,2.99,228.41,0.0,517.144
48.35,3.6,237.88,0.0,601.6030000000001
49.35,4.3,233.05,0.0,672.555
49.96,4.02,249.4,0.0,683.416
46.41,2.52,255.92,0.0,642.89
46.41,2.46,262.42,0.0,553.576
49.32,3.27,262.36,0.0,414.605
39.15,1.93,215.78,0.0,230.007
19.2,1.55,168.96,0.0,48.5148
16.62,1.1,155.25,0.0,0.0
16.62,1.25,150.51,0.0,0.0
15.33,0.6,147.62,0.0,0.0
15.33,0.38,0.0,0.0,0.0
15.33,0.38,0.0,0.0,0.0
12.37,0.0,0.0,0.0,0.0
9.28,0.0,0.0,0.0,0.0
9.28,0.0,0.0,0.0,0.0
9.28,0.0,0.0,0.0,0.0
9.28,0.0,0.0,0.0,0.0
9.28,0.0,0.0,0.0,0.0
15.33,0.54,148.32,0.0,0.0
20.49,0.84,155.04,0.0,41.6715
23.67,1.15,169.58,0.0,180.802
25.93,1.61,183.83,0.0,364.856
24.96,1.46,196.58,0.0,514.104
27.22,1.77,204.32,0.0,619.436
20.18,1.54,197.76,0.0,694.924
17.6,1.46,190.36,0.0,702.4889999999999
15.99,1.15,193.28,0.0,654.775
14.7,1.0,192.16,0.0,570.391
15.02,1.08,178.51,0.0,427.57
13.43,0.54,131.22,0.0,241.181
11.5,0.54,72.42,0.0,51.731
9.28,0.0,22.5,0.0,0.0
9.28,0.0,0.0,0.0,0.0
9.28,0.0,0.0,0.0,0.0
9.28,0.0,0.0,0.0,0.0
9.28,0.0,0.0,0.0,0.0
9.28,0.0,0.0,0.0,0.0
9.28,0.0,0.0,0.0,0.0
9.28,0.0,0.0,0.0,0.0
9.28,0.0,0.0,0.0,0.0
9.28,0.0,0.0,0.0,0.0
9.28,0.0,0.0,0.0,0.0
11.5,0.31,0.0,0.0,0.0
11.5,0.31,52.88,0.0,40.0828
11.5,0.31,103.13,0.0,179.857
11.5,0.31,114.79,0.0,366.984
11.5,0.31,90.36,0.0,524.756
11.5,0.46,106.71,0.0,623.309
11.5,0.46,118.18,0.0,684.058
11.5,0.69,94.72,0.0,706.252
11.5,0.46,112.91,0.0,670.678
11.5,0.31,121.43,0.0,580.4159999999999
11.5,0.31,89.76,0.0,427.56
11.5,0.31,102.47,0.0,242.896
9.28,0.0,105.63,0.0,51.0107
9.28,0.0,32.38,0.0,0.0
9.28,0.0,0.0,0.0,0.0
9.28,0.0,0.0,0.0,0.0
9.28,0.0,0.0,0.0,0.0
9.28,0.0,0.0,0.0,0.0
9.28,0.0,0.0,0.0,0.0
12.37,0.0,0.0,0.0,0.0
12.37,0.0,0.0,0.0,0.0
12.37,0.0,0.0,0.0,0.0
12.37,0.0,0.0,0.0,0.0
12.37,0.0,54.01,0.0,0.0
15.33,0.54,147.58,0.0,0.0
26.61,1.47,145.18,0.0,39.4261
56.73,2.7,206.4,0.0,178.75099999999998
48.35,2.93,215.79,0.0,371.86
46.41,3.01,224.08,0.0,527.696
48.35,3.63,229.29,0.0,643.1469999999999
49.35,4.35,223.72,0.0,697.995
49.96,4.04,239.18,0.0,704.06
46.41,2.54,240.91,0.0,664.3430000000001
46.41,2.47,240.31,0.0,574.8530000000001
49.32,3.3,229.02,0.0,241.963
39.15,1.94,197.75,0.0,188.452
19.2,1.58,153.76,0.0,48.8627
16.62,1.12,141.84,0.0,0.0
16.62,1.27,139.15,0.0,0.0
15.33,0.61,137.69,0.0,0.0
15.33,0.39,0.0,0.0,0.0
15.33,0.39,0.0,0.0,0.0
12.37,0.0,0.0,0.0,0.0
12.37,0.0,0.0,0.0,0.0
12.37,0.0,0.0,0.0,0.0
12.37,0.0,0.0,0.0,0.0
12.37,0.0,0.0,0.0,0.0
12.37,0.0,0.0,0.0,0.0
15.33,0.54,153.99,0.0,0.0
26.61,1.47,159.05,0.0,35.6233
56.73,2.71,219.75,0.0,177.93900000000002
48.35,2.94,227.86,0.0,339.28
46.41,3.02,239.65,0.0,526.4580000000001
48.35,3.64,238.14,0.0,604.7959999999999
49.35,4.33,231.1,0.0,604.571
49.96,4.05,242.65,0.0,687.8439999999999
46.41,2.56,243.98,0.0,611.785
46.41,2.47,253.42,0.0,533.248
49.32,3.29,254.93,0.0,422.747
39.15,1.96,216.86,0.0,243.77
19.2,1.57,170.78,0.0,51.3441
16.62,1.15,157.61,0.0,0.0
16.62,1.31,152.48,0.0,0.0
15.33,0.62,150.05,0.0,0.0
15.33,0.39,0.0,0.0,0.0
15.33,0.39,0.0,0.0,0.0
12.37,0.0,0.0,0.0,0.0
12.37,0.0,0.0,0.0,0.0
12.37,0.0,0.0,0.0,0.0
12.37,0.0,0.0,0.0,0.0
12.37,0.0,0.0,0.0,0.0
12.37,0.0,0.0,0.0,0.0
15.33,0.54,143.95,0.0,0.0
26.61,1.47,159.85,0.0,33.792
56.73,2.71,229.13,0.0,174.78
48.35,2.95,238.89,0.0,367.435
46.41,3.02,246.53,0.0,523.818
48.35,3.64,247.16,0.0,626.755
49.35,4.36,236.78,0.0,684.948
49.96,4.06,242.51,0.0,682.654
46.41,2.55,234.19,0.0,648.705
46.41,2.49,235.31,0.0,543.49
49.32,3.31,236.45,0.0,402.11
39.15,1.96,209.69,0.0,239.31
19.2,1.55,169.78,0.0,48.795
16.62,1.1,150.75,0.0,0.0
16.62,1.26,150.6,0.0,0.0
15.33,0.6,147.82,0.0,0.0
15.33,0.39,0.0,0.0,0.0
15.33,0.39,0.0,0.0,0.0
12.37,0.0,0.0,0.0,0.0
12.37,0.0,0.0,0.0,0.0
12.37,0.0,0.0,0.0,0.0
12.37,0.0,0.0,0.0,0.0
12.37,0.0,0.0,0.0,0.0
12.37,0.0,0.0,0.0,0.0
15.33,0.54,154.35,0.0,0.0
26.61,1.48,158.02,0.0,36.7173
56.73,2.72,223.9,0.0,175.58599999999998
48.35,2.95,236.67,0.0,359.021
46.41,3.03,241.44,0.0,512.635
48.35,3.65,244.43,0.0,608.658
49.35,4.35,234.19,0.0,667.932
49.96,4.07,243.21,0.0,674.7389999999999
46.41,2.57,243.47,0.0,631.688
46.41,2.48,247.96,0.0,534.794
49.32,3.32,248.94,0.0,398.99300000000005
39.15,1.95,208.15,0.0,211.737
19.2,1.61,162.81,0.0,37.0035
16.62,1.14,146.56,0.0,0.0
16.62,1.29,142.26,0.0,0.0
15.33,0.62,142.04,0.0,0.0
15.33,0.39,0.0,0.0,0.0
15.33,0.39,0.0,0.0,0.0
12.37,0.0,0.0,0.0,0.0
12.37,0.0,0.0,0.0,0.0
12.37,0.0,0.0,0.0,0.0
12.37,0.0,0.0,0.0,0.0
12.37,0.0,0.0,0.0,0.0
12.37,0.0,25.1,0.0,0.0
15.33,0.55,145.13,0.0,0.0
26.61,1.48,146.88,0.0,37.5442
56.73,2.73,206.91,0.0,178.207
48.35,2.96,223.09,0.0,362.317
46.41,3.04,234.8,0.0,516.3009999999999
48.35,3.66,239.23,0.0,616.6569999999999
49.35,4.36,235.96,0.0,671.6560000000001
49.96,4.08,249.64,0.0,682.4760000000001
46.41,2.58,247.98,0.0,631.774
46.41,2.49,248.09,0.0,548.596
49.32,3.32,251.42,0.0,402.202
39.15,1.97,214.41,0.0,211.76
19.2,1.59,170.38,0.0,35.5355
16.62,1.15,158.93,0.0,0.0
16.62,1.31,154.41,0.0,0.0
15.33,0.62,140.84,0.0,0.0
15.33,0.39,0.0,0.0,0.0
15.33,0.39,0.0,0.0,0.0
12.37,0.0,0.0,0.0,0.0
9.28,0.0,0.0,0.0,0.0
9.28,0.0,0.0,0.0,0.0
9.28,0.0,0.0,0.0,0.0
9.28,0.0,0.0,0.0,0.0
9.28,0.0,0.0,0.0,0.0
15.33,0.55,126.44,0.0,0.0
20.49,0.86,120.11,0.0,36.9923
23.67,1.17,133.26,0.0,177.362
25.93,1.64,151.99,0.0,360.902
24.96,1.48,168.53,0.0,510.13
27.22,1.8,175.73,0.0,609.3919999999999
20.18,1.56,175.29,0.0,663.82
17.6,1.48,177.18,0.0,675.227
15.99,1.17,189.49,0.0,632.669
14.7,1.01,194.63,0.0,541.899
15.02,1.09,187.72,0.0,401.027
13.43,0.55,136.79,0.0,214.762
11.5,0.55,50.35,0.0,37.0656
9.28,0.0,18.04,0.0,0.0
9.28,0.0,0.0,0.0,0.0
9.28,0.0,0.0,0.0,0.0
9.28,0.0,0.0,0.0,0.0
9.28,0.0,0.0,0.0,0.0
9.28,0.0,0.0,0.0,0.0
9.28,0.0,0.0,0.0,0.0
9.28,0.0,0.0,0.0,0.0
9.28,0.0,0.0,0.0,0.0
9.28,0.0,0.0,0.0,0.0
9.28,0.0,0.0,0.0,0.0
11.5,0.31,0.0,0.0,0.0
11.5,0.31,0.0,0.0,22.5488
11.5,0.31,0.0,0.0,92.555
11.5,0.31,61.67,0.0,187.175
11.5,0.31,0.0,0.0,126.66
11.5,0.47,0.0,0.0,79.3567
11.5,0.47,59.12,0.0,210.054
11.5,0.7,68.71,0.0,406.323
11.5,0.47,131.38,0.0,451.726
11.5,0.31,112.65,0.0,550.932
11.5,0.31,95.34,0.0,395.375
11.5,0.31,116.73,0.0,201.728
9.28,0.0,99.46,0.0,29.1453
9.28,0.0,0.0,0.0,0.0
9.28,0.0,0.0,0.0,0.0
9.28,0.0,0.0,0.0,0.0
9.28,0.0,0.0,0.0,0.0
9.28,0.0,0.0,0.0,0.0
9.28,0.0,0.0,0.0,0.0
12.37,0.0,0.0,0.0,0.0
12.37,0.0,0.0,0.0,0.0
12.37,0.0,0.0,0.0,0.0
12.37,0.0,0.0,0.0,0.0
12.37,0.0,0.0,0.0,0.0
15.33,0.55,150.36,0.0,0.0
26.61,1.49,138.05,0.0,38.7929
56.73,2.75,173.2,0.0,120.587
48.35,2.98,185.23,0.0,270.089
46.41,3.06,192.36,0.0,268.17400000000004
48.35,3.69,193.44,0.0,108.354
49.35,4.41,191.61,0.0,82.0187
49.96,4.11,188.44,0.0,89.1467
46.41,2.59,183.64,0.0,123.062
46.41,2.51,183.1,0.0,80.1114
49.32,3.34,189.26,0.0,7.7424
39.15,1.99,171.04,0.0,0.0
19.2,1.6,155.43,0.0,0.0
16.62,1.16,157.44,0.0,0.0
16.62,1.31,158.42,0.0,0.0
15.33,0.63,159.43,0.0,0.0
15.33,0.39,0.0,0.0,0.0
15.33,0.39,0.0,0.0,0.0
12.37,0.0,0.0,0.0,0.0
12.37,0.0,0.0,0.0,0.0
12.37,0.0,0.0,0.0,0.0
12.37,0.0,0.0,0.0,0.0
12.37,0.0,0.0,0.0,0.0
12.37,0.0,0.0,0.0,0.0
15.33,0.55,173.72,0.0,0.0
26.61,1.49,156.41,0.0,37.8655
56.73,2.75,189.53,0.0,172.304
48.35,2.99,202.65,0.0,326.19
46.41,3.07,203.49,0.0,347.602
48.35,3.7,212.0,0.0,413.029
49.35,4.4,212.86,0.0,438.06
49.96,4.12,227.85,0.0,657.8860000000001
46.41,2.6,226.99,0.0,593.293
46.41,2.51,227.27,0.0,472.986
49.32,3.36,225.07,0.0,428.717
39.15,1.98,184.57,0.0,228.194
19.2,1.61,133.17,0.0,34.6261
16.62,1.14,123.94,0.0,0.0
16.62,1.29,122.2,0.0,0.0
15.33,0.62,122.38,0.0,0.0
15.33,0.39,0.0,0.0,0.0
15.33,0.39,0.0,0.0,0.0
12.37,0.0,0.0,0.0,0.0
12.37,0.0,0.0,0.0,0.0
12.37,0.0,0.0,0.0,0.0
12.37,0.0,0.0,0.0,0.0
12.37,0.0,0.0,0.0,0.0
12.37,0.0,0.0,0.0,0.0
15.33,0.55,139.11,0.0,0.0
26.61,1.5,126.46,0.0,0.0
56.73,2.76,155.41,0.0,180.326
48.35,3.0,175.6,0.0,342.81300000000005
46.41,3.07,178.52,0.0,331.836
48.35,3.71,190.95,0.0,495.89
49.35,4.41,193.72,0.0,664.773
49.96,4.13,205.29,0.0,707.7669999999999
46.41,2.59,211.58,0.0,668.797
46.41,2.54,214.88,0.0,568.511
49.32,3.37,211.82,0.0,399.675
39.15,1.99,170.94,0.0,209.375
19.2,1.59,124.16,0.0,30.0029
16.62,1.12,120.46,0.0,0.0
16.62,1.28,122.73,0.0,0.0
15.33,0.61,123.98,0.0,0.0
15.33,0.39,0.0,0.0,0.0
15.33,0.39,0.0,0.0,0.0
12.37,0.0,0.0,0.0,0.0
12.37,0.0,0.0,0.0,0.0
12.37,0.0,0.0,0.0,0.0
12.37,0.0,0.0,0.0,0.0
12.37,0.0,0.0,0.0,0.0
12.37,0.0,0.0,0.0,0.0
15.33,0.55,125.15,0.0,0.0
26.61,1.5,122.65,0.0,0.0
56.73,2.77,156.2,0.0,181.754
48.35,3.0,182.3,0.0,376.11
46.41,3.08,203.51,0.0,533.819
48.35,3.71,207.46,0.0,647.377
49.35,4.41,196.8,0.0,715.682
49.96,4.14,197.56,0.0,736.073
46.41,2.61,195.73,0.0,692.975
46.41,2.53,203.04,0.0,591.884
49.32,3.37,209.93,0.0,440.394
39.15,2.0,173.51,0.0,231.932
19.2,1.6,125.75,0.0,34.6998
16.62,1.17,114.08,0.0,0.0
16.62,1.33,111.66,0.0,0.0
15.33,0.63,117.05,0.0,0.0
15.33,0.4,0.0,0.0,0.0
15.33,0.4,0.0,0.0,0.0
12.37,0.0,0.0,0.0,0.0
12.37,0.0,0.0,0.0,0.0
12.37,0.0,0.0,0.0,0.0
12.37,0.0,0.0,0.0,0.0
12.37,0.0,0.0,0.0,0.0
12.37,0.0,0.0,0.0,0.0
15.33,0.55,127.92,0.0,0.0
26.61,1.51,124.27,0.0,0.0
56.73,2.77,160.34,0.0,182.227
48.35,3.01,184.91,0.0,378.11800000000005
46.41,3.09,204.74,0.0,537.734
48.35,3.72,213.49,0.0,641.3919999999999
49.35,4.43,209.75,0.0,701.4010000000001
49.96,4.15,221.25,0.0,713.378
46.41,2.61,223.43,0.0,471.602
46.41,2.54,227.45,0.0,481.52
49.32,3.39,223.77,0.0,330.75800000000004
39.15,2.0,195.7,0.0,164.517
19.2,1.6,159.34,0.0,16.0463
16.62,1.13,156.68,0.0,0.0
16.62,1.29,158.18,0.0,0.0
15.33,0.62,158.2,0.0,0.0
15.33,0.4,0.0,0.0,0.0
15.33,0.4,0.0,0.0,0.0
12.37,0.0,0.0,0.0,0.0
9.28,0.0,0.0,0.0,0.0
9.28,0.0,0.0,0.0,0.0
9.28,0.0,0.0,0.0,0.0
9.28,0.0,0.0,0.0,0.0
9.28,0.0,0.0,0.0,0.0
15.33,0.56,205.78,0.0,0.0
20.49,0.87,189.07,0.0,0.0
23.67,1.19,179.77,0.0,38.764
25.93,1.67,188.29,0.0,231.46
24.96,1.51,196.65,0.0,297.684
27.22,1.83,187.33,0.0,364.306
20.18,1.59,182.11,0.0,289.009
17.6,1.51,160.34,0.0,196.287
15.99,1.19,145.82,0.0,68.7395
14.7,1.03,143.38,0.0,87.292
15.02,1.11,140.56,0.0,98.916
13.43,0.56,136.49,0.0,47.8021
11.5,0.56,0.0,0.0,2.1332
9.28,0.0,0.0,0.0,0.0
9.28,0.0,0.0,0.0,0.0
9.28,0.0,0.0,0.0,0.0
9.28,0.0,0.0,0.0,0.0
9.28,0.0,0.0,0.0,0.0
9.28,0.0,0.0,0.0,0.0
9.28,0.0,0.0,0.0,0.0
9.28,0.0,0.0,0.0,0.0
9.28,0.0,0.0,0.0,0.0
9.28,0.0,0.0,0.0,0.0
9.28,0.0,0.0,0.0,0.0
11.5,0.32,0.0,0.0,0.0
11.5,0.32,0.0,0.0,0.0
11.5,0.32,109.35,0.0,165.90599999999998
11.5,0.32,121.87,0.0,335.913
11.5,0.32,107.4,0.0,498.207
11.5,0.48,144.92,0.0,609.487
11.5,0.48,124.37,0.0,652.0369999999999
11.5,0.72,105.5,0.0,584.149
11.5,0.48,135.89,0.0,544.682
11.5,0.32,118.9,0.0,487.42800000000005
11.5,0.32,103.17,0.0,312.54400000000004
11.5,0.32,131.81,0.0,159.017
9.28,0.0,58.05,0.0,13.437
9.28,0.0,0.0,0.0,0.0
9.28,0.0,0.0,0.0,0.0
9.28,0.0,0.0,0.0,0.0
9.28,0.0,0.0,0.0,0.0
9.28,0.0,0.0,0.0,0.0
9.28,0.0,0.0,0.0,0.0
12.37,0.0,0.0,0.0,0.0
12.37,0.0,0.0,0.0,0.0
12.37,0.0,0.0,0.0,0.0
12.37,0.0,0.0,0.0,0.0
12.37,0.0,32.09,0.0,0.0
15.33,0.56,178.53,0.0,0.0
26.61,1.52,171.52,0.0,0.0
56.73,2.79,223.77,0.0,155.233
48.35,3.03,232.79,0.0,291.08
46.41,3.11,235.9,0.0,359.245
48.35,3.75,248.83,0.0,527.081
49.35,4.47,243.96,0.0,472.397
49.96,4.19,239.96,0.0,283.41700000000003
46.41,2.64,214.42,0.0,84.5832
46.41,2.55,217.89,0.0,194.367
49.32,3.41,227.15,0.0,216.49400000000003
39.15,2.01,210.21,0.0,97.0451
19.2,1.62,177.58,0.0,4.57224
16.62,1.15,172.84,0.0,0.0
16.62,1.3,168.82,0.0,0.0
15.33,0.62,165.77,0.0,0.0
15.33,0.4,0.0,0.0,0.0
15.33,0.4,0.0,0.0,0.0
12.37,0.0,0.0,0.0,0.0
9.28,0.0,0.0,0.0,0.0
9.28,0.0,0.0,0.0,0.0
9.28,0.0,0.0,0.0,0.0
9.28,0.0,0.0,0.0,0.0
9.28,0.0,0.0,0.0,0.0
11.5,0.32,0.0,0.0,0.0
11.5,0.32,62.21,0.0,0.0
11.5,0.32,107.69,0.0,171.093
11.5,0.32,143.15,0.0,356.106
11.5,0.32,122.31,0.0,497.127
11.5,0.48,112.3,0.0,568.577
11.5,0.48,144.43,0.0,456.916
11.5,0.72,122.18,0.0,323.22
11.5,0.48,87.88,0.0,317.647
11.5,0.32,90.29,0.0,135.372
11.5,0.32,85.63,0.0,163.181
11.5,0.32,24.64,0.0,82.5534
9.28,0.0,0.0,0.0,3.3497800000000004
9.28,0.0,0.0,0.0,0.0
9.28,0.0,0.0,0.0,0.0
9.28,0.0,0.0,0.0,0.0
9.28,0.0,0.0,0.0,0.0
9.28,0.0,0.0,0.0,0.0
9.28,0.0,0.0,0.0,0.0
12.37,0.0,0.0,0.0,0.0
12.37,0.0,0.0,0.0,0.0
12.37,0.0,0.0,0.0,0.0
12.37,0.0,0.0,0.0,0.0
12.37,0.0,0.0,0.0,0.0
15.33,0.56,151.52,0.0,0.0
26.61,1.52,158.38,0.0,0.0
56.73,2.81,221.86,0.0,169.32299999999998
48.35,3.05,246.35,0.0,354.426
46.41,3.13,251.31,0.0,500.926
48.35,3.77,248.58,0.0,598.486
49.35,4.49,245.68,0.0,643.685
49.96,4.21,258.86,0.0,671.882
46.41,2.64,261.28,0.0,620.236
46.41,2.57,260.71,0.0,529.846
49.32,3.43,256.2,0.0,376.455
39.15,2.03,217.14,0.0,184.347
19.2,1.61,177.44,0.0,14.0446
16.62,1.14,172.62,0.0,0.0
16.62,1.3,167.41,0.0,0.0
15.33,0.62,162.35,0.0,0.0
15.33,0.4,0.0,0.0,0.0
15.33,0.4,0.0,0.0,0.0
12.37,0.0,0.0,0.0,0.0
12.37,0.0,0.0,0.0,0.0
12.37,0.0,0.0,0.0,0.0
12.37,0.0,0.0,0.0,0.0
12.37,0.0,0.0,0.0,0.0
12.37,0.0,29.71,0.0,0.0
15.33,0.56,165.37,0.0,0.0
26.61,1.53,154.09,0.0,0.0
56.73,2.81,200.21,0.0,169.66400000000002
48.35,3.06,219.21,0.0,357.01199999999994
46.41,3.14,228.49,0.0,510.09
48.35,3.78,232.18,0.0,604.174
49.35,4.47,231.81,0.0,653.839
49.96,4.22,240.86,0.0,668.36
46.41,2.66,241.76,0.0,616.705
46.41,2.57,248.73,0.0,525.563
49.32,3.44,250.27,0.0,381.899
39.15,2.03,215.36,0.0,189.581
19.2,1.63,166.92,0.0,16.7882
16.62,1.15,155.32,0.0,0.0
16.62,1.31,154.46,0.0,0.0
15.33,0.63,152.28,0.0,0.0
15.33,0.4,0.0,0.0,0.0
15.33,0.4,0.0,0.0,0.0
12.37,0.0,0.0,0.0,0.0
12.37,0.0,0.0,0.0,0.0
12.37,0.0,0.0,0.0,0.0
12.37,0.0,0.0,0.0,0.0
12.37,0.0,0.0,0.0,0.0
12.37,0.0,0.0,0.0,0.0
15.33,0.56,137.82,0.0,0.0
26.61,1.53,129.05,0.0,0.0
56.73,2.82,173.31,0.0,171.55700000000002
48.35,3.06,195.54,0.0,359.86300000000006
46.41,3.14,207.51,0.0,510.345
48.35,3.79,211.65,0.0,609.871
49.35,4.48,208.05,0.0,662.132
49.96,4.23,224.03,0.0,670.118
46.41,2.67,232.6,0.0,621.203
46.41,2.58,242.11,0.0,517.996
49.32,3.45,244.56,0.0,366.132
39.15,2.03,213.3,0.0,172.81099999999998
19.2,1.64,171.48,0.0,11.4885
16.62,1.16,158.98,0.0,0.0
16.62,1.31,154.0,0.0,0.0
15.33,0.63,155.71,0.0,0.0
15.33,0.4,0.0,0.0,0.0
15.33,0.4,0.0,0.0,0.0
12.37,0.0,0.0,0.0,0.0
9.28,0.0,0.0,0.0,0.0
9.28,0.0,0.0,0.0,0.0
9.28,0.0,0.0,0.0,0.0
9.28,0.0,0.0,0.0,0.0
9.28,0.0,0.0,0.0,0.0
15.33,0.57,169.49,0.0,0.0
20.49,0.89,162.27,0.0,0.0
23.67,1.21,167.26,0.0,169.079
25.93,1.7,181.54,0.0,361.826
24.96,1.54,197.13,0.0,520.004
27.22,1.86,201.8,0.0,620.0169999999999
20.18,1.62,192.22,0.0,673.17
17.6,1.54,195.01,0.0,691.482
15.99,1.21,208.14,0.0,649.372
14.7,1.05,208.84,0.0,550.904
15.02,1.13,196.2,0.0,398.467
13.43,0.57,150.92,0.0,194.207
11.5,0.57,30.48,0.0,14.803
9.28,0.0,0.0,0.0,0.0
9.28,0.0,0.0,0.0,0.0
9.28,0.0,0.0,0.0,0.0
9.28,0.0,0.0,0.0,0.0
9.28,0.0,0.0,0.0,0.0
9.28,0.0,0.0,0.0,0.0
9.28,0.0,0.0,0.0,0.0
9.28,0.0,0.0,0.0,0.0
9.28,0.0,0.0,0.0,0.0
9.28,0.0,0.0,0.0,0.0
9.28,0.0,0.0,0.0,0.0
11.5,0.32,0.0,0.0,0.0
11.5,0.32,61.35,0.0,0.0
11.5,0.32,107.34,0.0,165.533
11.5,0.32,147.95,0.0,288.878
11.5,0.32,96.76,0.0,255.867
11.5,0.49,37.36,0.0,133.916
11.5,0.49,67.35,0.0,240.266
11.5,0.73,91.29,0.0,317.786
11.5,0.49,72.57,0.0,300.35900000000004
11.5,0.32,57.02,0.0,156.914
11.5,0.32,28.76,0.0,53.4879
11.5,0.32,0.0,0.0,22.8106
9.28,0.0,0.0,0.0,0.0
9.28,0.0,0.0,0.0,0.0
9.28,0.0,0.0,0.0,0.0
9.28,0.0,0.0,0.0,0.0
9.28,0.0,0.0,0.0,0.0
9.28,0.0,0.0,0.0,0.0
9.28,0.0,0.0,0.0,0.0
12.37,0.0,0.0,0.0,0.0
12.37,0.0,0.0,0.0,0.0
12.37,0.0,0.0,0.0,0.0
12.37,0.0,0.0,0.0,0.0
12.37,0.0,0.0,0.0,0.0
15.33,0.57,127.05,0.0,0.0
26.61,1.54,112.99,0.0,0.0
56.73,2.84,116.35,0.0,42.6872
48.35,3.09,105.63,0.0,83.8641
46.41,3.17,94.87,0.0,119.341
48.35,3.82,99.73,0.0,143.806
49.35,4.55,109.77,0.0,602.441
49.96,4.26,114.96,0.0,736.9110000000001
46.41,2.68,116.16,0.0,682.8439999999999
46.41,2.61,121.71,0.0,589.394
49.32,3.46,114.48,0.0,439.187
39.15,2.05,91.63,0.0,222.101
19.2,1.67,73.21,0.0,19.2779
16.62,1.19,70.93,0.0,0.0
16.62,1.35,72.73,0.0,0.0
15.33,0.64,67.18,0.0,0.0
15.33,0.41,0.0,0.0,0.0
15.33,0.41,0.0,0.0,0.0
12.37,0.0,0.0,0.0,0.0
12.37,0.0,0.0,0.0,0.0
12.37,0.0,0.0,0.0,0.0
12.37,0.0,0.0,0.0,0.0
12.37,0.0,0.0,0.0,0.0
12.37,0.0,0.0,0.0,0.0
15.33,0.57,33.83,0.0,0.0
26.61,1.55,35.3,0.0,0.0
56.73,2.85,43.15,0.0,194.65
48.35,3.09,52.96,0.0,409.68
46.41,3.18,72.17,0.0,578.367
48.35,3.83,89.87,0.0,684.421
49.35,4.53,95.54,0.0,746.2389999999999
49.96,4.28,120.73,0.0,741.405
46.41,2.69,131.67,0.0,681.3860000000001
46.41,2.61,145.38,0.0,579.359
49.32,3.48,146.84,0.0,417.447
39.15,2.06,112.35,0.0,204.897
19.2,1.64,95.4,0.0,16.2472
16.62,1.22,92.05,0.0,0.0
16.62,1.37,89.03,0.0,0.0
15.33,0.65,83.18,0.0,0.0
15.33,0.41,0.0,0.0,0.0
15.33,0.41,0.0,0.0,0.0
12.37,0.0,0.0,0.0,0.0
12.37,0.0,0.0,0.0,0.0
12.37,0.0,0.0,0.0,0.0
12.37,0.0,0.0,0.0,0.0
12.37,0.0,0.0,0.0,0.0
12.37,0.0,0.0,0.0,0.0
15.33,0.57,84.28,0.0,0.0
26.61,1.55,83.72,0.0,0.0
56.73,2.86,94.86,0.0,177.55700000000002
48.35,3.1,109.05,0.0,374.449
46.41,3.18,129.91,0.0,538.56
48.35,3.84,153.29,0.0,658.622
49.35,4.55,154.8,0.0,719.237
49.96,4.29,161.22,0.0,727.7810000000001
46.41,2.7,163.46,0.0,674.93
46.41,2.61,169.59,0.0,575.606
49.32,3.49,166.2,0.0,415.572
39.15,2.06,125.53,0.0,203.118
19.2,1.65,100.42,0.0,15.2213
16.62,1.16,92.04,0.0,0.0
16.62,1.32,86.1,0.0,0.0
15.33,0.63,80.56,0.0,0.0
15.33,0.41,0.0,0.0,0.0
15.33,0.41,0.0,0.0,0.0
12.37,0.0,0.0,0.0,0.0
12.37,0.0,0.0,0.0,0.0
12.37,0.0,0.0,0.0,0.0
12.37,0.0,0.0,0.0,0.0
12.37,0.0,0.0,0.0,0.0
12.37,0.0,0.0,0.0,0.0
15.33,0.57,87.37,0.0,0.0
26.61,1.56,92.79,0.0,0.0
56.73,2.86,109.41,0.0,173.18400000000003
48.35,3.11,130.24,0.0,369.787
46.41,3.19,150.67,0.0,535.1990000000001
48.35,3.85,168.2,0.0,646.934
49.35,4.55,174.42,0.0,703.862
49.96,4.3,192.66,0.0,694.357
46.41,2.7,201.89,0.0,653.413
46.41,2.63,206.15,0.0,551.868
49.32,3.5,196.24,0.0,403.124
39.15,2.06,149.53,0.0,188.497
19.2,1.69,111.97,0.0,12.7776
16.62,1.19,111.76,0.0,0.0
16.62,1.35,113.41,0.0,0.0
15.33,0.64,109.96,0.0,0.0
15.33,0.41,0.0,0.0,0.0
15.33,0.41,0.0,0.0,0.0
12.37,0.0,0.0,0.0,0.0
12.37,0.0,0.0,0.0,0.0
12.37,0.0,0.0,0.0,0.0
12.37,0.0,0.0,0.0,0.0
12.37,0.0,0.0,0.0,0.0
12.37,0.0,0.0,0.0,0.0
15.33,0.57,107.04,0.0,0.0
26.61,1.56,104.0,0.0,0.0
56.73,2.87,114.24,0.0,110.591
48.35,3.12,125.19,0.0,263.991
46.41,3.2,152.3,0.0,409.862
48.35,3.86,180.14,0.0,482.095
49.35,4.56,191.27,0.0,524.508
49.96,4.31,202.94,0.0,536.9019999999999
46.41,2.7,196.61,0.0,453.858
46.41,2.64,187.75,0.0,334.37699999999995
49.32,3.5,180.69,0.0,215.956
39.15,2.08,152.35,0.0,87.8677
19.2,1.69,132.57,0.0,1.09321
16.62,1.2,130.21,0.0,0.0
16.62,1.36,130.31,0.0,0.0
15.33,0.65,132.64,0.0,0.0
15.33,0.41,0.0,0.0,0.0
15.33,0.41,0.0,0.0,0.0
12.37,0.0,0.0,0.0,0.0
9.28,0.0,0.0,0.0,0.0
9.28,0.0,0.0,0.0,0.0
9.28,0.0,0.0,0.0,0.0
9.28,0.0,0.0,0.0,0.0
9.28,0.0,0.0,0.0,0.0
15.33,0.58,144.97,0.0,0.0
20.49,0.9,139.25,0.0,0.0
23.67,1.23,136.9,0.0,123.85
25.93,1.73,144.22,0.0,252.617
24.96,1.56,155.99,0.0,352.452
27.22,1.89,167.51,0.0,328.26800000000003
20.18,1.65,173.54,0.0,367.716
17.6,1.56,167.62,0.0,459.49300000000005
15.99,1.23,166.13,0.0,471.265
14.7,1.07,172.86,0.0,456.149
15.02,1.15,165.02,0.0,288.024
13.43,0.58,153.21,0.0,112.51
11.5,0.58,0.0,0.0,1.6452
9.28,0.0,0.0,0.0,0.0
9.28,0.0,0.0,0.0,0.0
9.28,0.0,0.0,0.0,0.0
9.28,0.0,0.0,0.0,0.0
9.28,0.0,0.0,0.0,0.0
9.28,0.0,0.0,0.0,0.0
9.28,0.0,0.0,0.0,0.0
9.28,0.0,0.0,0.0,0.0
9.28,0.0,0.0,0.0,0.0
9.28,0.0,0.0,0.0,0.0
9.28,0.0,0.0,0.0,0.0
11.5,0.33,0.0,0.0,0.0
11.5,0.33,0.0,0.0,0.0
11.5,0.33,71.96,0.0,158.991
11.5,0.33,135.47,0.0,336.181
11.5,0.33,73.81,0.0,323.029
11.5,0.49,0.0,0.0,79.5038
11.5,0.49,0.0,0.0,250.46
11.5,0.74,0.0,0.0,355.255
11.5,0.49,22.21,0.0,291.733
11.5,0.33,34.55,0.0,359.344
11.5,0.33,8.95,0.0,149.458
11.5,0.33,0.0,0.0,55.1525
9.28,0.0,0.0,0.0,0.0
9.28,0.0,0.0,0.0,0.0
9.28,0.0,0.0,0.0,0.0
9.28,0.0,0.0,0.0,0.0
9.28,0.0,0.0,0.0,0.0
9.28,0.0,0.0,0.0,0.0
9.28,0.0,0.0,0.0,0.0
12.37,0.0,0.0,0.0,0.0
12.37,0.0,0.0,0.0,0.0
12.37,0.0,0.0,0.0,0.0
12.37,0.0,0.0,0.0,0.0
12.37,0.0,0.0,0.0,0.0
15.33,0.58,56.69,0.0,0.0
26.61,1.57,61.29,0.0,0.0
56.73,2.89,73.7,0.0,143.079
48.35,3.14,74.15,0.0,278.985
46.41,3.22,83.32,0.0,581.3580000000001
48.35,3.89,89.45,0.0,698.6030000000001
49.35,4.62,90.9,0.0,747.007
49.96,4.34,99.13,0.0,763.7660000000001
46.41,2.74,98.34,0.0,707.232
46.41,2.65,105.03,0.0,592.078
49.32,3.54,105.97,0.0,427.47
39.15,2.09,81.59,0.0,208.73
19.2,1.67,65.56,0.0,14.5824
16.62,1.23,61.39,0.0,0.0
16.62,1.39,56.52,0.0,0.0
15.33,0.66,40.42,0.0,0.0
15.33,0.41,0.0,0.0,0.0
15.33,0.41,0.0,0.0,0.0
12.37,0.0,0.0,0.0,0.0
12.37,0.0,0.0,0.0,0.0
12.37,0.0,0.0,0.0,0.0
12.37,0.0,0.0,0.0,0.0
12.37,0.0,0.0,0.0,0.0
12.37,0.0,0.0,0.0,0.0
15.33,0.58,14.98,0.0,0.0
26.61,1.58,39.16,0.0,0.0
56.73,2.9,55.89,0.0,176.885
48.35,3.15,63.75,0.0,387.526
46.41,3.23,72.88,0.0,557.835
48.35,3.9,77.46,0.0,680.927
49.35,4.61,76.97,0.0,748.048
49.96,4.35,86.81,0.0,759.323
46.41,2.73,88.89,0.0,714.3589999999999
46.41,2.66,89.52,0.0,606.77
49.32,3.54,84.63,0.0,438.518
39.15,2.09,59.41,0.0,206.965
19.2,1.71,44.34,0.0,12.3865
16.62,1.21,29.8,0.0,0.0
16.62,1.36,19.91,0.0,0.0
15.33,0.65,25.92,0.0,0.0
15.33,0.41,0.0,0.0,0.0
15.33,0.41,0.0,0.0,0.0
12.37,0.0,0.0,0.0,0.0
12.37,0.0,0.0,0.0,0.0
12.37,0.0,0.0,0.0,0.0
12.37,0.0,0.0,0.0,0.0
12.37,0.0,0.0,0.0,0.0
12.37,0.0,0.0,0.0,0.0
15.33,0.58,0.0,0.0,0.0
26.61,1.58,0.0,0.0,0.0
56.73,2.91,9.54,0.0,189.445
48.35,3.16,22.43,0.0,410.43
46.41,3.24,30.17,0.0,581.664
48.35,3.91,38.02,0.0,695.945
49.35,4.61,43.74,0.0,749.312
49.96,4.36,52.09,0.0,768.9069999999999
46.41,2.75,55.91,0.0,705.32
46.41,2.66,61.33,0.0,595.809
49.32,3.56,59.82,0.0,423.48
39.15,2.1,45.32,0.0,197.033
19.2,1.68,32.64,0.0,10.6492
16.62,1.18,11.27,0.0,0.0
16.62,1.35,0.0,0.0,0.0
15.33,0.64,0.0,0.0,0.0
15.33,0.41,0.0,0.0,0.0
15.33,0.42,0.0,0.0,0.0
12.37,0.0,0.0,0.0,0.0
12.37,0.0,0.0,0.0,0.0
12.37,0.0,0.0,0.0,0.0
12.37,0.0,0.0,0.0,0.0
12.37,0.0,0.0,0.0,0.0
12.37,0.0,0.0,0.0,0.0
15.33,0.58,0.0,0.0,0.0
26.61,1.58,1.04,0.0,0.0
56.73,2.92,29.17,0.0,176.563
48.35,3.17,52.06,0.0,380.828
46.41,3.25,66.58,0.0,545.07
48.35,3.92,74.73,0.0,642.587
49.35,4.62,81.21,0.0,709.3939999999999
49.96,4.37,87.44,0.0,709.696
46.41,2.76,89.38,0.0,668.182
46.41,2.67,91.51,0.0,574.487
49.32,3.57,86.82,0.0,415.372
39.15,2.11,70.03,0.0,189.804
19.2,1.7,62.82,0.0,8.837639999999999
16.62,1.23,55.86,0.0,0.0
16.62,1.39,49.01,0.0,0.0
15.33,0.66,48.16,0.0,0.0
15.33,0.42,0.0,0.0,0.0
15.33,0.42,0.0,0.0,0.0
12.37,0.0,0.0,0.0,0.0
12.37,0.0,0.0,0.0,0.0
12.37,0.0,0.0,0.0,0.0
12.37,0.0,0.0,0.0,0.0
12.37,0.0,0.0,0.0,0.0
12.37,0.0,0.0,0.0,0.0
15.33,0.58,56.63,0.0,0.0
26.61,1.59,70.64,0.0,0.0
56.73,2.92,91.66,0.0,164.024
48.35,3.17,102.81,0.0,314.972
46.41,3.26,108.88,0.0,219.604
48.35,3.93,127.24,0.0,537.394
49.35,4.64,137.07,0.0,532.37
49.96,4.38,134.39,0.0,467.531
46.41,2.76,125.28,0.0,238.316
46.41,2.67,140.62,0.0,471.266
49.32,3.58,143.99,0.0,383.105
39.15,2.11,118.02,0.0,167.304
19.2,1.68,103.52,0.0,5.9351400000000005
16.62,1.19,98.39,0.0,0.0
16.62,1.38,93.47,0.0,0.0
15.33,0.67,93.87,0.0,0.0
15.33,0.42,0.0,0.0,0.0
15.33,0.42,0.0,0.0,0.0
12.37,0.0,0.0,0.0,0.0
9.28,0.0,0.0,0.0,0.0
9.28,0.0,0.0,0.0,0.0
9.28,0.0,0.0,0.0,0.0
9.28,0.0,0.0,0.0,0.0
9.28,0.0,0.0,0.0,0.0
15.33,0.59,0.0,0.0,0.0
20.49,0.92,0.0,0.0,0.0
23.67,1.26,0.0,0.0,74.3828
25.93,1.76,0.0,0.0,232.085
24.96,1.59,0.0,0.0,445.516
27.22,1.93,1.98,0.0,678.288
20.18,1.67,11.91,0.0,724.702
17.6,1.59,18.42,0.0,775.1260000000001
15.99,1.26,22.44,0.0,711.99
14.7,1.09,22.89,0.0,612.774
15.02,1.17,20.93,0.0,436.91
13.43,0.59,14.3,0.0,197.33900000000003
11.5,0.59,0.0,0.0,8.84215
9.28,0.0,0.0,0.0,0.0
9.28,0.0,0.0,0.0,0.0
9.28,0.0,0.0,0.0,0.0
9.28,0.0,0.0,0.0,0.0
9.28,0.0,0.0,0.0,0.0
9.28,0.0,0.0,0.0,0.0
9.28,0.0,0.0,0.0,0.0
9.28,0.0,0.0,0.0,0.0
9.28,0.0,0.0,0.0,0.0
9.28,0.0,0.0,0.0,0.0
9.28,0.0,0.0,0.0,0.0
11.5,0.34,0.0,0.0,0.0
11.5,0.34,0.0,0.0,0.0
11.5,0.34,0.0,0.0,183.05900000000003
11.5,0.34,0.0,0.0,410.864
11.5,0.34,0.0,0.0,585.364
11.5,0.5,1.85,0.0,699.466
11.5,0.5,6.1,0.0,768.707
11.5,0.76,11.3,0.0,761.4860000000001
11.5,0.5,15.23,0.0,690.556
11.5,0.34,19.94,0.0,551.736
11.5,0.34,18.16,0.0,417.793
11.5,0.34,0.0,0.0,188.332
9.28,0.0,0.0,0.0,6.8521
9.28,0.0,0.0,0.0,0.0
9.28,0.0,0.0,0.0,0.0
9.28,0.0,0.0,0.0,0.0
9.28,0.0,0.0,0.0,0.0
9.28,0.0,0.0,0.0,0.0
9.28,0.0,0.0,0.0,0.0
12.37,0.0,0.0,0.0,0.0
12.37,0.0,0.0,0.0,0.0
12.37,0.0,0.0,0.0,0.0
12.37,0.0,0.0,0.0,0.0
12.37,0.0,0.0,0.0,0.0
15.33,0.59,0.0,0.0,0.0
26.61,1.6,0.0,0.0,0.0
56.73,2.95,12.64,0.0,172.115
48.35,3.2,44.82,0.0,373.51
46.41,3.28,62.55,0.0,541.288
48.35,3.96,75.53,0.0,647.257
49.35,4.69,79.55,0.0,691.115
49.96,4.43,85.19,0.0,720.1239999999999
46.41,2.78,87.4,0.0,659.705
46.41,2.71,89.32,0.0,561.595
49.32,3.6,86.57,0.0,397.601
39.15,2.13,69.35,0.0,176.741
19.2,1.73,55.14,0.0,6.165109999999999
16.62,1.22,45.08,0.0,0.0
16.62,1.37,44.59,0.0,0.0
15.33,0.65,53.96,0.0,0.0
15.33,0.42,0.0,0.0,0.0
15.33,0.42,0.0,0.0,0.0
12.37,0.0,0.0,0.0,0.0
12.37,0.0,0.0,0.0,0.0
12.37,0.0,0.0,0.0,0.0
12.37,0.0,0.0,0.0,0.0
12.37,0.0,0.0,0.0,0.0
12.37,0.0,0.0,0.0,0.0
15.33,0.59,0.0,0.0,0.0
26.61,1.6,1.71,0.0,0.0
56.73,2.95,45.6,0.0,166.611
48.35,3.21,81.32,0.0,363.518
46.41,3.29,98.77,0.0,520.285
48.35,3.96,106.13,0.0,594.337
49.35,4.67,108.28,0.0,606.313
49.96,4.44,111.22,0.0,693.687
46.41,2.78,109.42,0.0,412.1
46.41,2.72,112.47,0.0,460.912
49.32,3.6,115.45,0.0,379.523
39.15,2.13,99.55,0.0,162.673
19.2,1.74,86.22,0.0,2.13029
16.62,1.22,79.45,0.0,0.0
16.62,1.38,75.6,0.0,0.0
15.33,0.66,72.41,0.0,0.0
15.33,0.42,0.0,0.0,0.0
15.33,0.42,0.0,0.0,0.0
12.37,0.0,0.0,0.0,0.0
12.37,0.0,0.0,0.0,0.0
12.37,0.0,0.0,0.0,0.0
12.37,0.0,0.0,0.0,0.0
12.37,0.0,0.0,0.0,0.0
12.37,0.0,0.0,0.0,0.0
15.33,0.59,90.6,0.0,0.0
26.61,1.61,89.71,0.0,0.0
56.73,2.96,97.86,0.0,139.753
48.35,3.21,105.02,0.0,271.149
46.41,3.3,113.29,0.0,300.35400000000004
48.35,3.97,123.2,0.0,401.567
49.35,4.68,128.46,0.0,361.47
49.96,4.45,132.32,0.0,403.377
46.41,2.79,122.26,0.0,128.743
46.41,2.72,122.25,0.0,111.846
49.32,3.61,130.42,0.0,178.771
39.15,2.14,124.71,0.0,57.8935
19.2,1.74,115.29,0.0,0.0
16.62,1.22,113.69,0.0,0.0
16.62,1.38,114.1,0.0,0.0
15.33,0.66,115.24,0.0,0.0
15.33,0.42,0.0,0.0,0.0
15.33,0.42,0.0,0.0,0.0
12.37,0.0,0.0,0.0,0.0
12.37,0.0,0.0,0.0,0.0
12.37,0.0,0.0,0.0,0.0
12.37,0.0,0.0,0.0,0.0
12.37,0.0,0.0,0.0,0.0
12.37,0.0,0.0,0.0,0.0
15.33,0.59,123.33,0.0,0.0
26.61,1.61,118.5,0.0,0.0
56.73,2.97,131.22,0.0,149.60399999999998
48.35,3.22,157.86,0.0,334.217
46.41,3.31,178.98,0.0,491.894
48.35,3.98,188.57,0.0,595.487
49.35,4.7,188.35,0.0,654.219
49.96,4.46,192.53,0.0,600.009
46.41,2.8,190.1,0.0,502.663
46.41,2.73,197.04,0.0,508.536
49.32,3.63,200.29,0.0,345.29
39.15,2.14,163.76,0.0,132.885
19.2,1.73,129.27,0.0,0.0
16.62,1.22,122.48,0.0,0.0
16.62,1.38,119.29,0.0,0.0
15.33,0.66,119.43,0.0,0.0
15.33,0.42,0.0,0.0,0.0
15.33,0.42,0.0,0.0,0.0
12.37,0.0,0.0,0.0,0.0
12.37,0.0,0.0,0.0,0.0
12.37,0.0,0.0,0.0,0.0
12.37,0.0,0.0,0.0,0.0
12.37,0.0,0.0,0.0,0.0
12.37,0.0,0.0,0.0,0.0
12.37,0.0,0.0,0.0,0.0
15.33,0.6,114.43,0.0,0.0
26.61,1.62,125.49,0.0,147.885
56.73,2.98,169.19,0.0,335.01
48.35,3.23,183.93,0.0,486.161
46.41,3.32,185.04,0.0,553.092
48.35,4.0,184.7,0.0,597.4119999999999
49.35,4.73,189.56,0.0,626.498
49.96,4.47,206.16,0.0,566.5419999999999
46.41,2.81,206.81,0.0,503.486
46.41,2.72,204.38,0.0,345.91900000000004
49.32,3.64,192.27,0.0,138.02100000000002
39.15,2.15,150.9,0.0,0.0
19.2,1.72,129.1,0.0,0.0
16.62,1.27,123.33,0.0,0.0
16.62,1.43,119.81,0.0,0.0
15.33,0.68,117.94,0.0,0.0
15.33,0.43,0.0,0.0,0.0
15.33,0.43,0.0,0.0,0.0
9.28,0.0,0.0,0.0,0.0
9.28,0.0,0.0,0.0,0.0
9.28,0.0,0.0,0.0,0.0
9.28,0.0,0.0,0.0,0.0
9.28,0.0,0.0,0.0,0.0
9.28,0.0,0.0,0.0,0.0
15.33,0.6,91.62,0.0,0.0
20.49,0.94,108.53,0.0,146.208
23.67,1.28,137.99,0.0,337.589
25.93,1.79,153.52,0.0,491.292
24.96,1.62,143.07,0.0,467.465
27.22,1.96,143.99,0.0,516.924
20.18,1.7,151.29,0.0,635.89
17.6,1.62,152.13,0.0,602.81
15.99,1.28,155.02,0.0,500.397
14.7,1.11,145.89,0.0,346.783
15.02,1.19,124.97,0.0,138.747
13.43,0.6,114.41,0.0,0.0
11.5,0.6,0.0,0.0,0.0
9.28,0.0,0.0,0.0,0.0
9.28,0.0,0.0,0.0,0.0
9.28,0.0,0.0,0.0,0.0
9.28,0.0,0.0,0.0,0.0
9.28,0.0,0.0,0.0,0.0
9.28,0.0,0.0,0.0,0.0
9.28,0.0,0.0,0.0,0.0
9.28,0.0,0.0,0.0,0.0
9.28,0.0,0.0,0.0,0.0
9.28,0.0,0.0,0.0,0.0
9.28,0.0,0.0,0.0,0.0
11.5,0.34,0.0,0.0,0.0
11.5,0.34,35.35,0.0,145.731
11.5,0.34,60.04,0.0,337.371
11.5,0.34,74.36,0.0,362.571
11.5,0.34,98.64,0.0,458.567
11.5,0.51,65.41,0.0,377.322
11.5,0.51,105.03,0.0,536.116
11.5,0.77,92.86,0.0,293.163
11.5,0.51,67.06,0.0,419.989
11.5,0.34,97.51,0.0,337.49
11.5,0.34,74.84,0.0,124.83
11.5,0.34,0.0,0.0,0.0
9.28,0.0,0.0,0.0,0.0
9.28,0.0,0.0,0.0,0.0
9.28,0.0,0.0,0.0,0.0
9.28,0.0,0.0,0.0,0.0
9.28,0.0,0.0,0.0,0.0
9.28,0.0,0.0,0.0,0.0
12.37,0.0,0.0,0.0,0.0
12.37,0.0,0.0,0.0,0.0
12.37,0.0,0.0,0.0,0.0
12.37,0.0,0.0,0.0,0.0
12.37,0.0,0.0,0.0,0.0
12.37,0.0,0.0,0.0,0.0
15.33,0.6,119.32,0.0,0.0
26.61,1.63,125.05,0.0,141.696
56.73,3.0,165.5,0.0,300.928
48.35,3.25,183.02,0.0,453.282
46.41,3.34,189.91,0.0,583.387
48.35,4.02,192.19,0.0,621.65
49.35,4.77,193.73,0.0,565.617
49.96,4.5,210.24,0.0,588.952
46.41,2.84,208.73,0.0,489.566
46.41,2.74,201.99,0.0,337.814
49.32,3.67,186.12,0.0,124.11
39.15,2.17,145.43,0.0,0.0
19.2,1.75,125.04,0.0,0.0
16.62,1.26,120.44,0.0,0.0
16.62,1.42,116.23,0.0,0.0
15.33,0.67,112.71,0.0,0.0
15.33,0.43,0.0,0.0,0.0
15.33,0.43,0.0,0.0,0.0
12.37,0.0,0.0,0.0,0.0
12.37,0.0,0.0,0.0,0.0
12.37,0.0,0.0,0.0,0.0
12.37,0.0,0.0,0.0,0.0
12.37,0.0,0.0,0.0,0.0
12.37,0.0,0.0,0.0,0.0
15.33,0.6,104.19,0.0,0.0
26.61,1.63,111.04,0.0,142.846
56.73,3.0,147.9,0.0,301.733
48.35,3.26,170.24,0.0,426.062
46.41,3.35,181.77,0.0,551.714
48.35,4.02,189.2,0.0,532.17
49.35,4.76,191.93,0.0,581.163
49.96,4.52,203.94,0.0,527.7090000000001
46.41,2.84,201.38,0.0,346.34
46.41,2.75,197.48,0.0,274.365
49.32,3.68,179.22,0.0,97.3915
39.15,2.17,145.94,0.0,0.0
19.2,1.74,126.42,0.0,0.0
16.62,1.28,126.95,0.0,0.0
16.62,1.44,129.65,0.0,0.0
15.33,0.68,124.91,0.0,0.0
15.33,0.43,0.0,0.0,0.0
15.33,0.43,0.0,0.0,0.0
12.37,0.0,0.0,0.0,0.0
12.37,0.0,0.0,0.0,0.0
12.37,0.0,0.0,0.0,0.0
12.37,0.0,0.0,0.0,0.0
12.37,0.0,0.0,0.0,0.0
12.37,0.0,0.0,0.0,0.0
15.33,0.6,126.23,0.0,0.0
26.61,1.63,124.44,0.0,56.7064
56.73,3.01,133.91,0.0,119.426
48.35,3.27,129.98,0.0,90.5718
46.41,3.36,129.18,0.0,103.655
48.35,4.04,136.49,0.0,224.498
49.35,4.77,136.62,0.0,313.455
49.96,4.53,137.81,0.0,255.752
46.41,2.84,124.98,0.0,169.752
46.41,2.76,116.55,0.0,73.8411
49.32,3.69,110.61,0.0,17.9482
39.15,2.18,97.83,0.0,0.0
19.2,1.74,89.5,0.0,0.0
16.62,1.28,84.05,0.0,0.0
16.62,1.44,78.75,0.0,0.0
15.33,0.68,73.37,0.0,0.0
15.33,0.43,0.0,0.0,0.0
15.33,0.43,0.0,0.0,0.0
12.37,0.0,0.0,0.0,0.0
12.37,0.0,0.0,0.0,0.0
12.37,0.0,0.0,0.0,0.0
12.37,0.0,0.0,0.0,0.0
12.37,0.0,0.0,0.0,0.0
12.37,0.0,0.0,0.0,0.0
15.33,0.6,26.77,0.0,0.0
26.61,1.64,25.68,0.0,143.079
56.73,3.02,27.69,0.0,126.841
48.35,3.28,29.12,0.0,109.708
46.41,3.36,26.84,0.0,155.506
48.35,4.05,32.26,0.0,225.004
49.35,4.78,36.99,0.0,186.671
49.96,4.54,37.07,0.0,149.88299999999998
46.41,2.85,35.33,0.0,111.078
46.41,2.77,31.77,0.0,293.882
49.32,3.7,30.71,0.0,140.659
39.15,2.18,29.92,0.0,0.0
19.2,1.75,27.71,0.0,0.0
16.62,1.28,27.97,0.0,0.0
16.62,1.44,28.12,0.0,0.0
15.33,0.68,27.56,0.0,0.0
15.33,0.43,0.0,0.0,0.0
15.33,0.43,0.0,0.0,0.0
12.37,0.0,0.0,0.0,0.0
12.37,0.0,0.0,0.0,0.0
12.37,0.0,0.0,0.0,0.0
12.37,0.0,0.0,0.0,0.0
12.37,0.0,0.0,0.0,0.0
12.37,0.0,0.0,0.0,0.0
15.33,0.61,9.63,0.0,0.0
26.61,1.64,15.64,0.0,154.776
56.73,3.03,25.65,0.0,370.496
48.35,3.29,35.01,0.0,553.457
46.41,3.37,44.11,0.0,665.76
48.35,4.05,53.53,0.0,729.9730000000001
49.35,4.8,57.11,0.0,723.992
49.96,4.55,61.32,0.0,663.416
46.41,2.86,62.82,0.0,544.178
46.41,2.77,61.65,0.0,386.535
49.32,3.71,54.26,0.0,150.24
39.15,2.19,44.93,0.0,0.0
19.2,1.77,39.87,0.0,0.0
16.62,1.27,37.87,0.0,0.0
16.62,1.43,34.96,0.0,0.0
15.33,0.68,31.6,0.0,0.0
15.33,0.43,0.0,0.0,0.0
15.33,0.43,0.0,0.0,0.0
9.28,0.0,0.0,0.0,0.0
9.28,0.0,0.0,0.0,0.0
9.28,0.0,0.0,0.0,0.0
9.28,0.0,0.0,0.0,0.0
9.28,0.0,0.0,0.0,0.0
9.28,0.0,0.0,0.0,0.0
11.5,0.35,0.0,0.0,0.0
11.5,0.35,0.0,0.0,145.762
11.5,0.35,2.36,0.0,353.69699999999995
11.5,0.35,32.91,0.0,518.516
11.5,0.35,35.68,0.0,628.923
11.5,0.52,57.31,0.0,528.36
11.5,0.52,62.59,0.0,688.308
11.5,0.78,45.09,0.0,647.766
11.5,0.52,68.89,0.0,534.556
11.5,0.35,67.98,0.0,360.244
11.5,0.35,0.0,0.0,128.942
11.5,0.35,0.0,0.0,0.0
9.28,0.0,0.0,0.0,0.0
9.28,0.0,0.0,0.0,0.0
9.28,0.0,0.0,0.0,0.0
9.28,0.0,0.0,0.0,0.0
9.28,0.0,0.0,0.0,0.0
9.28,0.0,0.0,0.0,0.0
9.28,0.0,0.0,0.0,0.0
9.28,0.0,0.0,0.0,0.0
9.28,0.0,0.0,0.0,0.0
9.28,0.0,0.0,0.0,0.0
9.28,0.0,0.0,0.0,0.0
9.28,0.0,0.0,0.0,0.0
11.5,0.35,0.0,0.0,0.0
11.5,0.35,0.0,0.0,135.376
11.5,0.35,0.0,0.0,173.269
11.5,0.35,13.36,0.0,409.931
11.5,0.35,74.76,0.0,557.482
11.5,0.52,64.71,0.0,626.612
11.5,0.52,76.64,0.0,611.305
11.5,0.78,85.48,0.0,573.7959999999999
11.5,0.52,63.14,0.0,470.421
11.5,0.35,71.5,0.0,319.10200000000003
11.5,0.35,17.46,0.0,104.972
11.5,0.35,0.0,0.0,0.0
9.28,0.0,0.0,0.0,0.0
9.28,0.0,0.0,0.0,0.0
9.28,0.0,0.0,0.0,0.0
9.28,0.0,0.0,0.0,0.0
9.28,0.0,0.0,0.0,0.0
9.28,0.0,0.0,0.0,0.0
12.37,0.0,0.0,0.0,0.0
12.37,0.0,0.0,0.0,0.0
12.37,0.0,0.0,0.0,0.0
12.37,0.0,0.0,0.0,0.0
12.37,0.0,0.0,0.0,0.0
12.37,0.0,0.0,0.0,0.0
15.33,0.61,44.98,0.0,0.0
26.61,1.65,49.54,0.0,133.964
56.73,3.05,66.39,0.0,334.79400000000004
48.35,3.31,81.84,0.0,503.298
46.41,3.4,93.9,0.0,616.6709999999999
48.35,4.09,100.54,0.0,672.2860000000001
49.35,4.84,106.98,0.0,662.322
49.96,4.58,115.19,0.0,597.773
46.41,2.88,122.26,0.0,490.624
46.41,2.8,120.38,0.0,335.842
49.32,3.73,110.73,0.0,115.065
39.15,2.2,97.2,0.0,0.0
19.2,1.77,87.82,0.0,0.0
16.62,1.24,80.97,0.0,0.0
16.62,1.44,76.83,0.0,0.0
15.33,0.7,73.1,0.0,0.0
15.33,0.44,0.0,0.0,0.0
15.33,0.44,0.0,0.0,0.0
12.37,0.0,0.0,0.0,0.0
12.37,0.0,0.0,0.0,0.0
12.37,0.0,0.0,0.0,0.0
12.37,0.0,0.0,0.0,0.0
12.37,0.0,0.0,0.0,0.0
12.37,0.0,0.0,0.0,0.0
15.33,0.61,28.79,0.0,0.0
26.61,1.66,30.24,0.0,135.238
56.73,3.05,44.89,0.0,339.547
48.35,3.32,60.65,0.0,498.034
46.41,3.4,74.13,0.0,607.691
48.35,4.09,82.84,0.0,662.9680000000001
49.35,4.84,84.74,0.0,661.81
49.96,4.59,89.12,0.0,619.911
46.41,2.89,91.49,0.0,513.376
46.41,2.8,89.59,0.0,349.663
49.32,3.74,78.96,0.0,126.876
39.15,2.21,61.12,0.0,0.0
19.2,1.79,54.04,0.0,0.0
16.62,1.27,43.37,0.0,0.0
16.62,1.43,28.34,0.0,0.0
15.33,0.68,23.61,0.0,0.0
15.33,0.44,0.0,0.0,0.0
15.33,0.44,0.0,0.0,0.0
12.37,0.0,0.0,0.0,0.0
12.37,0.0,0.0,0.0,0.0
12.37,0.0,0.0,0.0,0.0
12.37,0.0,0.0,0.0,0.0
12.37,0.0,0.0,0.0,0.0
12.37,0.0,0.0,0.0,0.0
15.33,0.61,28.82,0.0,0.0
26.61,1.66,49.93,0.0,129.355
56.73,3.06,84.72,0.0,331.214
48.35,3.32,105.14,0.0,488.888
46.41,3.41,115.31,0.0,595.192
48.35,4.08,120.22,0.0,651.865
49.35,4.86,127.27,0.0,655.717
49.96,4.6,133.71,0.0,596.901
46.41,2.89,139.21,0.0,500.75
46.41,2.82,131.12,0.0,330.20300000000003
49.32,3.75,114.04,0.0,110.831
39.15,2.21,97.17,0.0,0.0
19.2,1.77,86.9,0.0,0.0
16.62,1.31,80.53,0.0,0.0
16.62,1.47,77.46,0.0,0.0
15.33,0.7,73.21,0.0,0.0
15.33,0.44,0.0,0.0,0.0
15.33,0.44,0.0,0.0,0.0
12.37,0.0,0.0,0.0,0.0
12.37,0.0,0.0,0.0,0.0
12.37,0.0,0.0,0.0,0.0
12.37,0.0,0.0,0.0,0.0
12.37,0.0,0.0,0.0,0.0
12.37,0.0,0.0,0.0,0.0
15.33,0.61,24.69,0.0,0.0
26.61,1.67,62.41,0.0,123.939
56.73,3.07,92.63,0.0,322.266
48.35,3.33,113.27,0.0,470.153
46.41,3.42,124.62,0.0,553.572
48.35,4.1,127.97,0.0,641.346
49.35,4.87,131.23,0.0,627.967
49.96,4.6,131.62,0.0,497.254
46.41,2.91,129.36,0.0,354.976
46.41,2.82,132.43,0.0,330.767
49.32,3.75,116.26,0.0,110.776
39.15,2.22,93.42,0.0,0.0
19.2,1.79,82.88,0.0,0.0
16.62,1.26,81.28,0.0,0.0
16.62,1.44,78.61,0.0,0.0
15.33,0.68,72.93,0.0,0.0
15.33,0.44,0.0,0.0,0.0
15.33,0.44,0.0,0.0,0.0
12.37,0.0,0.0,0.0,0.0
12.37,0.0,0.0,0.0,0.0
12.37,0.0,0.0,0.0,0.0
12.37,0.0,0.0,0.0,0.0
12.37,0.0,0.0,0.0,0.0
12.37,0.0,0.0,0.0,0.0
15.33,0.62,22.93,0.0,0.0
26.61,1.67,67.12,0.0,119.463
56.73,3.08,98.03,0.0,317.134
48.35,3.34,105.66,0.0,481.789
46.41,3.43,109.88,0.0,596.625
48.35,4.1,116.82,0.0,656.2080000000001
49.35,4.87,126.94,0.0,660.547
49.96,4.63,139.22,0.0,616.471
46.41,2.91,147.33,0.0,506.665
46.41,2.82,143.54,0.0,347.86400000000003
49.32,3.77,126.86,0.0,124.799
39.15,2.22,104.83,0.0,0.0
19.2,1.79,95.98,0.0,0.0
16.62,1.29,94.11,0.0,0.0
16.62,1.46,91.69,0.0,0.0
15.33,0.69,89.98,0.0,0.0
15.33,0.44,0.0,0.0,0.0
15.33,0.44,0.0,0.0,0.0
9.28,0.0,0.0,0.0,0.0
9.28,0.0,0.0,0.0,0.0
9.28,0.0,0.0,0.0,0.0
9.28,0.0,0.0,0.0,0.0
9.28,0.0,0.0,0.0,0.0
9.28,0.0,0.0,0.0,0.0
15.33,0.62,101.28,0.0,0.0
20.49,0.97,105.0,0.0,125.895
23.67,1.32,116.68,0.0,268.118
25.93,1.85,130.32,0.0,393.957
24.96,1.67,137.9,0.0,498.171
27.22,2.03,135.28,0.0,430.707
20.18,1.76,135.09,0.0,481.468
17.6,1.67,126.54,0.0,298.117
15.99,1.32,122.63,0.0,177.02900000000002
14.7,1.14,125.13,0.0,247.549
15.02,1.23,120.61,0.0,97.1297
13.43,0.62,118.2,0.0,0.0
11.5,0.62,0.0,0.0,0.0
9.28,0.0,0.0,0.0,0.0
9.28,0.0,0.0,0.0,0.0
9.28,0.0,0.0,0.0,0.0
9.28,0.0,0.0,0.0,0.0
9.28,0.0,0.0,0.0,0.0
9.28,0.0,0.0,0.0,0.0
9.28,0.0,0.0,0.0,0.0
9.28,0.0,0.0,0.0,0.0
9.28,0.0,0.0,0.0,0.0
9.28,0.0,0.0,0.0,0.0
9.28,0.0,0.0,0.0,0.0
11.5,0.35,0.0,0.0,0.0
11.5,0.35,0.0,0.0,145.786
11.5,0.35,0.0,0.0,372.846
11.5,0.35,0.73,0.0,553.91
11.5,0.35,11.46,0.0,674.508
11.5,0.53,16.0,0.0,731.291
11.5,0.53,17.37,0.0,737.273
11.5,0.79,24.17,0.0,684.9760000000001
11.5,0.53,21.21,0.0,567.911
11.5,0.35,18.04,0.0,387.336
11.5,0.35,2.3,0.0,148.453
11.5,0.35,0.0,0.0,0.0
9.28,0.0,0.0,0.0,0.0
9.28,0.0,0.0,0.0,0.0
9.28,0.0,0.0,0.0,0.0
9.28,0.0,0.0,0.0,0.0
9.28,0.0,0.0,0.0,0.0
9.28,0.0,0.0,0.0,0.0
12.37,0.0,0.0,0.0,0.0
12.37,0.0,0.0,0.0,0.0
12.37,0.0,0.0,0.0,0.0
12.37,0.0,0.0,0.0,0.0
12.37,0.0,0.0,0.0,0.0
12.37,0.0,0.0,0.0,0.0
15.33,0.62,0.0,0.0,0.0
26.61,1.68,0.0,0.0,123.101
56.73,3.1,0.0,0.0,296.851
48.35,3.36,1.99,0.0,401.11800000000005
46.41,3.45,8.71,0.0,449.711
48.35,4.16,21.43,0.0,585.192
49.35,4.91,25.36,0.0,535.628
49.96,4.66,33.06,0.0,644.855
46.41,2.93,34.11,0.0,544.422
46.41,2.84,28.77,0.0,371.98800000000006
49.32,3.79,17.14,0.0,136.905
39.15,2.24,1.65,0.0,0.0
19.2,1.82,0.0,0.0,0.0
16.62,1.28,0.0,0.0,0.0
16.62,1.44,0.0,0.0,0.0
15.33,0.69,0.0,0.0,0.0
15.33,0.44,0.0,0.0,0.0
15.33,0.44,0.0,0.0,0.0
12.37,0.0,0.0,0.0,0.0
12.37,0.0,0.0,0.0,0.0
12.37,0.0,0.0,0.0,0.0
12.37,0.0,0.0,0.0,0.0
12.37,0.0,0.0,0.0,0.0
12.37,0.0,0.0,0.0,0.0
15.33,0.62,0.0,0.0,0.0
26.61,1.68,15.58,0.0,113.571
56.73,3.1,50.46,0.0,275.961
48.35,3.37,70.63,0.0,271.513
46.41,3.46,84.58,0.0,464.451
48.35,4.13,88.12,0.0,284.606
49.35,4.92,96.63,0.0,495.718
49.96,4.67,106.1,0.0,512.113
46.41,2.94,103.17,0.0,350.539
46.41,2.84,99.91,0.0,234.786
49.32,3.8,94.95,0.0,71.528
39.15,2.24,88.25,0.0,0.0
19.2,1.83,80.59,0.0,0.0
16.62,1.28,77.99,0.0,0.0
16.62,1.44,76.66,0.0,0.0
15.33,0.68,75.11,0.0,0.0
15.33,0.44,0.0,0.0,0.0
15.33,0.44,0.0,0.0,0.0
12.37,0.0,0.0,0.0,0.0
12.37,0.0,0.0,0.0,0.0
12.37,0.0,0.0,0.0,0.0
12.37,0.0,0.0,0.0,0.0
12.37,0.0,0.0,0.0,0.0
12.37,0.0,0.0,0.0,0.0
15.33,0.62,26.81,0.0,0.0
26.61,1.69,25.51,0.0,93.3547
56.73,3.11,25.28,0.0,213.05
48.35,3.38,28.43,0.0,418.045
46.41,3.46,33.52,0.0,346.343
48.35,4.13,40.57,0.0,566.991
49.35,4.93,51.81,0.0,681.367
49.96,4.68,62.25,0.0,618.3290000000001
46.41,2.94,66.14,0.0,514.534
46.41,2.85,64.42,0.0,345.281
49.32,3.8,55.64,0.0,119.728
39.15,2.25,46.2,0.0,0.0
19.2,1.82,37.53,0.0,0.0
16.62,1.28,30.02,0.0,0.0
16.62,1.46,22.33,0.0,0.0
15.33,0.71,12.25,0.0,0.0
15.33,0.44,0.0,0.0,0.0
15.33,0.44,0.0,0.0,0.0
12.37,0.0,0.0,0.0,0.0
12.37,0.0,0.0,0.0,0.0
12.37,0.0,0.0,0.0,0.0
12.37,0.0,0.0,0.0,0.0
12.37,0.0,0.0,0.0,0.0
12.37,0.0,0.0,0.0,0.0
15.33,0.62,0.0,0.0,0.0
26.61,1.69,0.0,0.0,126.762
56.73,3.12,0.0,0.0,355.778
48.35,3.38,0.0,0.0,543.45
46.41,3.47,0.35,0.0,664.043
48.35,4.16,9.55,0.0,730.393
49.35,4.95,21.4,0.0,721.0269999999999
49.96,4.68,28.76,0.0,662.487
46.41,2.94,33.57,0.0,545.32
46.41,2.87,34.17,0.0,377.906
49.32,3.82,25.74,0.0,140.607
39.15,2.26,13.02,0.0,0.0
19.2,1.81,7.06,0.0,0.0
16.62,1.32,4.66,0.0,0.0
16.62,1.48,0.94,0.0,0.0
15.33,0.7,0.0,0.0,0.0
15.33,0.45,0.0,0.0,0.0
15.33,0.45,0.0,0.0,0.0
12.37,0.0,0.0,0.0,0.0
12.37,0.0,0.0,0.0,0.0
12.37,0.0,0.0,0.0,0.0
12.37,0.0,0.0,0.0,0.0
12.37,0.0,0.0,0.0,0.0
12.37,0.0,0.0,0.0,0.0
15.33,0.62,0.0,0.0,0.0
26.61,1.7,0.0,0.0,124.87
56.73,3.12,4.89,0.0,343.94699999999995
48.35,3.39,15.62,0.0,519.245
46.41,3.48,24.62,0.0,621.126
48.35,4.16,33.41,0.0,685.615
49.35,4.95,35.36,0.0,689.3839999999999
49.96,4.7,38.72,0.0,608.992
46.41,2.96,43.08,0.0,537.33
46.41,2.86,43.29,0.0,372.685
49.32,3.82,31.17,0.0,140.851
39.15,2.26,10.04,0.0,0.0
19.2,1.83,6.31,0.0,0.0
16.62,1.28,2.73,0.0,0.0
16.62,1.46,0.0,0.0,0.0
15.33,0.71,0.0,0.0,0.0
15.33,0.45,0.0,0.0,0.0
15.33,0.45,0.0,0.0,0.0
9.28,0.0,0.0,0.0,0.0
9.28,0.0,0.0,0.0,0.0
9.28,0.0,0.0,0.0,0.0
9.28,0.0,0.0,0.0,0.0
9.28,0.0,0.0,0.0,0.0
9.28,0.0,0.0,0.0,0.0
15.33,0.63,0.0,0.0,0.0
20.49,0.98,0.0,0.0,116.663
23.67,1.34,13.97,0.0,317.861
25.93,1.88,34.01,0.0,492.382
24.96,1.7,45.66,0.0,596.01
27.22,2.06,63.8,0.0,649.786
20.18,1.79,73.61,0.0,661.079
17.6,1.7,75.56,0.0,608.9259999999999
15.99,1.34,72.58,0.0,498.857
14.7,1.16,65.93,0.0,334.61800000000005
15.02,1.25,56.56,0.0,114.547
13.43,0.63,40.36,0.0,0.0
11.5,0.63,0.0,0.0,0.0
9.28,0.0,0.0,0.0,0.0
9.28,0.0,0.0,0.0,0.0
9.28,0.0,0.0,0.0,0.0
9.28,0.0,0.0,0.0,0.0
9.28,0.0,0.0,0.0,0.0
9.28,0.0,0.0,0.0,0.0
9.28,0.0,0.0,0.0,0.0
9.28,0.0,0.0,0.0,0.0
9.28,0.0,0.0,0.0,0.0
9.28,0.0,0.0,0.0,0.0
9.28,0.0,0.0,0.0,0.0
11.5,0.36,0.0,0.0,0.0
11.5,0.36,0.0,0.0,106.256
11.5,0.36,0.0,0.0,318.206
11.5,0.36,0.0,0.0,485.944
11.5,0.36,13.99,0.0,610.5319999999999
11.5,0.54,27.53,0.0,666.39
11.5,0.54,39.27,0.0,670.5989999999999
11.5,0.81,33.62,0.0,613.6419999999999
11.5,0.54,39.55,0.0,514.993
11.5,0.36,39.02,0.0,352.99300000000005
11.5,0.36,0.0,0.0,128.82
11.5,0.36,0.0,0.0,0.0
9.28,0.0,0.0,0.0,0.0
9.28,0.0,0.0,0.0,0.0
9.28,0.0,0.0,0.0,0.0
9.28,0.0,0.0,0.0,0.0
9.28,0.0,0.0,0.0,0.0
9.28,0.0,0.0,0.0,0.0
9.28,0.0,0.0,0.0,0.0
9.28,0.0,0.0,0.0,0.0
9.28,0.0,0.0,0.0,0.0
9.28,0.0,0.0,0.0,0.0
9.28,0.0,0.0,0.0,0.0
9.28,0.0,0.0,0.0,0.0
11.5,0.36,0.0,0.0,0.0
11.5,0.36,0.0,0.0,114.572
11.5,0.36,0.0,0.0,330.779
11.5,0.36,6.23,0.0,504.102
11.5,0.36,27.58,0.0,617.001
11.5,0.54,30.31,0.0,677.158
11.5,0.54,32.42,0.0,691.9019999999999
11.5,0.81,33.62,0.0,639.5930000000001
11.5,0.54,30.76,0.0,543.889
11.5,0.36,27.69,0.0,367.67
11.5,0.36,3.31,0.0,134.023
11.5,0.36,0.0,0.0,0.0
9.28,0.0,0.0,0.0,0.0
9.28,0.0,0.0,0.0,0.0
9.28,0.0,0.0,0.0,0.0
9.28,0.0,0.0,0.0,0.0
9.28,0.0,0.0,0.0,0.0
9.28,0.0,0.0,0.0,0.0
12.37,0.0,0.0,0.0,0.0
12.37,0.0,0.0,0.0,0.0
12.37,0.0,0.0,0.0,0.0
12.37,0.0,0.0,0.0,0.0
12.37,0.0,0.0,0.0,0.0
12.37,0.0,0.0,0.0,0.0
15.33,0.63,0.0,0.0,0.0
26.61,1.71,18.74,0.0,105.484
56.73,3.15,49.23,0.0,316.738
48.35,3.42,69.55,0.0,481.104
46.41,3.51,87.95,0.0,589.446
48.35,4.22,99.64,0.0,640.031
49.35,5.0,106.82,0.0,650.002
49.96,4.73,111.31,0.0,611.521
46.41,2.98,114.42,0.0,498.269
46.41,2.9,113.19,0.0,339.676
49.32,3.86,102.15,0.0,120.24
39.15,2.28,91.13,0.0,0.0
19.2,1.83,81.35,0.0,0.0
16.62,1.33,75.64,0.0,0.0
16.62,1.49,74.03,0.0,0.0
15.33,0.71,75.38,0.0,0.0
15.33,0.45,0.0,0.0,0.0
15.33,0.45,0.0,0.0,0.0
12.37,0.0,0.0,0.0,0.0
12.37,0.0,0.0,0.0,0.0
12.37,0.0,0.0,0.0,0.0
12.37,0.0,0.0,0.0,0.0
12.37,0.0,0.0,0.0,0.0
12.37,0.0,0.0,0.0,0.0
15.33,0.63,70.88,0.0,0.0
26.61,1.71,76.63,0.0,102.115
56.73,3.16,87.63,0.0,231.448
48.35,3.43,102.06,0.0,372.615
46.41,3.52,125.17,0.0,559.45
48.35,4.19,129.92,0.0,593.715
49.35,5.01,127.0,0.0,451.483
49.96,4.74,136.57,0.0,481.16
46.41,2.99,133.17,0.0,324.271
46.41,2.9,139.15,0.0,307.79400000000004
49.32,3.86,129.0,0.0,97.1621
39.15,2.29,113.79,0.0,0.0
19.2,1.83,101.74,0.0,0.0
16.62,1.34,97.41,0.0,0.0
16.62,1.5,95.32,0.0,0.0
15.33,0.71,93.43,0.0,0.0
15.33,0.45,0.0,0.0,0.0
15.33,0.45,0.0,0.0,0.0
12.37,0.0,0.0,0.0,0.0
12.37,0.0,0.0,0.0,0.0
12.37,0.0,0.0,0.0,0.0
12.37,0.0,0.0,0.0,0.0
12.37,0.0,0.0,0.0,0.0
12.37,0.0,0.0,0.0,0.0
15.33,0.63,103.58,0.0,0.0
26.61,1.72,107.24,0.0,95.2949
56.73,3.16,128.21,0.0,239.801
48.35,3.43,131.6,0.0,146.585
46.41,3.52,135.31,0.0,197.396
48.35,4.2,139.93,0.0,185.136
49.35,5.02,141.16,0.0,394.611
49.96,4.75,140.96,0.0,384.945
46.41,2.99,135.06,0.0,346.682
46.41,2.91,128.9,0.0,292.145
49.32,3.87,117.61,0.0,86.2869
39.15,2.29,106.08,0.0,0.0
19.2,1.84,95.2,0.0,0.0
16.62,1.34,84.12,0.0,0.0
16.62,1.5,82.38,0.0,0.0
15.33,0.71,81.5,0.0,0.0
15.33,0.45,0.0,0.0,0.0
15.33,0.45,0.0,0.0,0.0
12.37,0.0,0.0,0.0,0.0
12.37,0.0,0.0,0.0,0.0
12.37,0.0,0.0,0.0,0.0
12.37,0.0,0.0,0.0,0.0
12.37,0.0,0.0,0.0,0.0
12.37,0.0,0.0,0.0,0.0
15.33,0.63,26.04,0.0,0.0
26.61,1.72,37.3,0.0,93.2241
56.73,3.17,55.38,0.0,289.13
48.35,3.44,71.68,0.0,460.109
46.41,3.53,85.39,0.0,579.311
48.35,4.21,89.21,0.0,635.06
49.35,5.03,93.97,0.0,639.317
49.96,4.76,96.46,0.0,598.934
46.41,3.0,96.92,0.0,489.312
46.41,2.91,101.68,0.0,332.298
49.32,3.88,91.25,0.0,114.442
39.15,2.29,70.87,0.0,0.0
19.2,1.84,56.93,0.0,0.0
16.62,1.34,45.31,0.0,0.0
16.62,1.5,43.7,0.0,0.0
15.33,0.71,40.04,0.0,0.0
15.33,0.45,0.0,0.0,0.0
15.33,0.45,0.0,0.0,0.0
9.28,0.0,0.0,0.0,0.0
9.28,0.0,0.0,0.0,0.0
9.28,0.0,0.0,0.0,0.0
9.28,0.0,0.0,0.0,0.0
9.28,0.0,0.0,0.0,0.0
9.28,0.0,0.0,0.0,0.0
15.33,0.63,43.25,0.0,0.0
20.49,1.0,36.83,0.0,97.9241
23.67,1.36,34.79,0.0,227.636
25.93,1.9,33.83,0.0,100.729
24.96,1.72,33.28,0.0,140.691
27.22,2.09,33.31,0.0,160.43
20.18,1.81,36.54,0.0,169.958
17.6,1.72,32.84,0.0,152.36700000000002
15.99,1.36,27.88,0.0,221.234
14.7,1.18,27.01,0.0,329.19
15.02,1.27,26.88,0.0,104.054
13.43,0.63,23.28,0.0,0.0
11.5,0.63,0.0,0.0,0.0
9.28,0.0,0.0,0.0,0.0
9.28,0.0,0.0,0.0,0.0
9.28,0.0,0.0,0.0,0.0
9.28,0.0,0.0,0.0,0.0
9.28,0.0,0.0,0.0,0.0
9.28,0.0,0.0,0.0,0.0
9.28,0.0,0.0,0.0,0.0
9.28,0.0,0.0,0.0,0.0
9.28,0.0,0.0,0.0,0.0
9.28,0.0,0.0,0.0,0.0
9.28,0.0,0.0,0.0,0.0
11.5,0.36,0.0,0.0,0.0
11.5,0.36,0.0,0.0,88.811
11.5,0.36,0.0,0.0,233.881
11.5,0.36,0.0,0.0,312.319
11.5,0.36,3.34,0.0,486.59
11.5,0.55,64.32,0.0,590.383
11.5,0.55,60.74,0.0,636.948
11.5,0.82,52.35,0.0,590.021
11.5,0.55,65.17,0.0,489.806
11.5,0.36,53.36,0.0,328.61
11.5,0.36,0.0,0.0,108.049
11.5,0.36,0.0,0.0,0.0
9.28,0.0,0.0,0.0,0.0
9.28,0.0,0.0,0.0,0.0
9.28,0.0,0.0,0.0,0.0
9.28,0.0,0.0,0.0,0.0
9.28,0.0,0.0,0.0,0.0
9.28,0.0,0.0,0.0,0.0
12.37,0.0,0.0,0.0,0.0
12.37,0.0,0.0,0.0,0.0
12.37,0.0,0.0,0.0,0.0
12.37,0.0,0.0,0.0,0.0
12.37,0.0,0.0,0.0,0.0
12.37,0.0,0.0,0.0,0.0
15.33,0.64,47.42,0.0,0.0
26.61,1.73,72.48,0.0,87.7596
56.73,3.19,88.69,0.0,152.505
48.35,3.46,96.13,0.0,201.572
46.41,3.55,103.65,0.0,240.644
48.35,4.26,110.67,0.0,101.74
49.35,5.06,119.54,0.0,247.271
49.96,4.79,133.92,0.0,339.55400000000003
46.41,3.01,136.51,0.0,419.322
46.41,2.93,134.16,0.0,311.686
49.32,3.91,122.58,0.0,100.592
39.15,2.3,111.55,0.0,0.0
19.2,1.87,105.13,0.0,0.0
16.62,1.32,100.83,0.0,0.0
16.62,1.48,98.75,0.0,0.0
15.33,0.73,100.24,0.0,0.0
15.33,0.46,0.0,0.0,0.0
15.33,0.46,0.0,0.0,0.0
12.37,0.0,0.0,0.0,0.0
12.37,0.0,0.0,0.0,0.0
12.37,0.0,0.0,0.0,0.0
12.37,0.0,0.0,0.0,0.0
12.37,0.0,0.0,0.0,0.0
12.37,0.0,0.0,0.0,0.0
15.33,0.64,115.02,0.0,0.0
26.61,1.73,116.95,0.0,77.16
56.73,3.19,130.58,0.0,203.531
48.35,3.47,150.88,0.0,423.948
46.41,3.56,162.72,0.0,472.581
48.35,4.25,164.83,0.0,385.655
49.35,5.06,169.99,0.0,516.819
49.96,4.81,175.23,0.0,482.457
46.41,3.02,168.92,0.0,313.819
46.41,2.93,155.45,0.0,243.193
49.32,3.91,127.47,0.0,66.6487
39.15,2.31,111.88,0.0,0.0
19.2,1.86,98.05,0.0,0.0
16.62,1.35,66.21,0.0,0.0
16.62,1.51,37.75,0.0,0.0
15.33,0.72,27.39,0.0,0.0
15.33,0.46,0.0,0.0,0.0
15.33,0.46,0.0,0.0,0.0
12.37,0.0,0.0,0.0,0.0
12.37,0.0,0.0,0.0,0.0
12.37,0.0,0.0,0.0,0.0
12.37,0.0,0.0,0.0,0.0
12.37,0.0,0.0,0.0,0.0
12.37,0.0,0.0,0.0,0.0
15.33,0.64,0.0,0.0,0.0
26.61,1.74,0.0,0.0,0.0
56.73,3.2,0.0,0.0,0.960071
48.35,3.47,0.0,0.0,43.3142
46.41,3.56,0.0,0.0,26.0951
48.35,4.24,0.0,0.0,48.5257
49.35,5.08,0.0,0.0,121.892
49.96,4.81,0.0,0.0,137.82399999999998
46.41,3.03,0.0,0.0,57.4316
46.41,2.94,0.0,0.0,8.78737
49.32,3.92,0.0,0.0,0.0
39.15,2.31,0.0,0.0,0.0
19.2,1.88,0.0,0.0,0.0
16.62,1.32,0.0,0.0,0.0
16.62,1.49,0.0,0.0,0.0
15.33,0.71,0.0,0.0,0.0
15.33,0.45,0.0,0.0,0.0
15.33,0.46,0.0,0.0,0.0
12.37,0.0,0.0,0.0,0.0
12.37,0.0,0.0,0.0,0.0
12.37,0.0,0.0,0.0,0.0
12.37,0.0,0.0,0.0,0.0
12.37,0.0,0.0,0.0,0.0
12.37,0.0,0.0,0.0,0.0
15.33,0.64,0.0,0.0,0.0
26.61,1.74,0.0,0.0,6.10346
56.73,3.2,0.0,0.0,18.9697
48.35,3.48,0.0,0.0,2.64887
46.41,3.57,0.0,0.0,42.9922
48.35,4.24,0.0,0.0,45.6805
49.35,5.09,0.0,0.0,134.636
49.96,4.82,0.0,0.0,105.162
46.41,3.03,0.0,0.0,32.8576
46.41,2.94,0.0,0.0,1.83082
49.32,3.92,0.0,0.0,0.0
39.15,2.32,0.0,0.0,0.0
19.2,1.86,0.0,0.0,0.0
16.62,1.36,0.0,0.0,0.0
16.62,1.53,0.0,0.0,0.0
15.33,0.72,0.0,0.0,0.0
15.33,0.46,0.0,0.0,0.0
15.33,0.46,0.0,0.0,0.0
12.37,0.0,0.0,0.0,0.0
12.37,0.0,0.0,0.0,0.0
12.37,0.0,0.0,0.0,0.0
12.37,0.0,0.0,0.0,0.0
12.37,0.0,0.0,0.0,0.0
12.37,0.0,0.0,0.0,0.0
15.33,0.64,0.0,0.0,0.0
26.61,1.74,0.0,0.0,0.0
56.73,3.21,0.0,0.0,0.0
48.35,3.48,0.0,0.0,27.6389
46.41,3.58,0.0,0.0,82.9843
48.35,4.26,0.0,0.0,69.3033
49.35,5.1,0.0,0.0,71.08800000000001
49.96,4.83,0.0,0.0,62.2794
46.41,3.04,0.0,0.0,25.9972
46.41,2.94,0.0,0.0,12.6597
49.32,3.94,0.0,0.0,0.0
39.15,2.32,0.0,0.0,0.0
19.2,1.88,0.0,0.0,0.0
16.62,1.32,0.0,0.0,0.0
16.62,1.51,0.0,0.0,0.0
15.33,0.73,0.0,0.0,0.0
15.33,0.46,0.0,0.0,0.0
15.33,0.46,0.0,0.0,0.0
9.28,0.0,0.0,0.0,0.0
9.28,0.0,0.0,0.0,0.0
9.28,0.0,0.0,0.0,0.0
9.28,0.0,0.0,0.0,0.0
9.28,0.0,0.0,0.0,0.0
9.28,0.0,0.0,0.0,0.0
15.33,0.64,0.0,0.0,0.0
20.49,1.01,0.0,0.0,99.0688
23.67,1.38,0.0,0.0,324.592
25.93,1.93,0.0,0.0,517.409
24.96,1.74,0.0,0.0,652.347
27.22,2.11,0.0,0.0,719.8389999999999
20.18,1.84,0.0,0.0,734.806
17.6,1.74,0.0,0.0,669.7689999999999
15.99,1.38,0.0,0.0,558.273
14.7,1.19,0.0,0.0,387.789
15.02,1.29,0.0,0.0,146.53
13.43,0.64,0.0,0.0,0.0
11.5,0.64,0.0,0.0,0.0
9.28,0.0,0.0,0.0,0.0
9.28,0.0,0.0,0.0,0.0
9.28,0.0,0.0,0.0,0.0
9.28,0.0,0.0,0.0,0.0
9.28,0.0,0.0,0.0,0.0
9.28,0.0,0.0,0.0,0.0
9.28,0.0,0.0,0.0,0.0
9.28,0.0,0.0,0.0,0.0
9.28,0.0,0.0,0.0,0.0
9.28,0.0,0.0,0.0,0.0
9.28,0.0,0.0,0.0,0.0
11.5,0.37,0.0,0.0,0.0
11.5,0.37,0.0,0.0,89.1772
11.5,0.37,0.0,0.0,304.338
11.5,0.37,0.0,0.0,463.871
11.5,0.37,0.0,0.0,578.059
11.5,0.55,2.36,0.0,675.2360000000001
11.5,0.55,10.54,0.0,688.995
11.5,0.83,16.27,0.0,638.939
11.5,0.55,12.76,0.0,532.22
11.5,0.37,3.85,0.0,373.112
11.5,0.37,0.0,0.0,139.97299999999998
11.5,0.37,0.0,0.0,0.0
9.28,0.0,0.0,0.0,0.0
9.28,0.0,0.0,0.0,0.0
9.28,0.0,0.0,0.0,0.0
9.28,0.0,0.0,0.0,0.0
9.28,0.0,0.0,0.0,0.0
9.28,0.0,0.0,0.0,0.0
12.37,0.0,0.0,0.0,0.0
12.37,0.0,0.0,0.0,0.0
12.37,0.0,0.0,0.0,0.0
12.37,0.0,0.0,0.0,0.0
12.37,0.0,0.0,0.0,0.0
12.37,0.0,0.0,0.0,0.0
15.33,0.65,0.0,0.0,0.0
26.61,1.75,0.0,0.0,89.6639
56.73,3.23,0.0,0.0,305.235
48.35,3.5,9.51,0.0,480.0
46.41,3.59,30.71,0.0,606.674
48.35,4.3,42.87,0.0,669.242
49.35,5.13,50.27,0.0,679.932
49.96,4.86,59.01,0.0,635.825
46.41,3.06,57.96,0.0,541.256
46.41,2.96,52.6,0.0,372.862
49.32,3.95,41.8,0.0,141.43
39.15,2.34,28.66,0.0,0.0
19.2,1.88,17.39,0.0,0.0
16.62,1.37,7.72,0.0,0.0
16.62,1.53,0.41,0.0,0.0
15.33,0.72,0.0,0.0,0.0
15.33,0.46,0.0,0.0,0.0
15.33,0.46,0.0,0.0,0.0
12.37,0.0,0.0,0.0,0.0
12.37,0.0,0.0,0.0,0.0
12.37,0.0,0.0,0.0,0.0
12.37,0.0,0.0,0.0,0.0
12.37,0.0,0.0,0.0,0.0
12.37,0.0,0.0,0.0,0.0
15.33,0.65,0.0,0.0,0.0
26.61,1.75,0.0,0.0,83.2272
56.73,3.23,1.79,0.0,303.538
48.35,3.51,10.33,0.0,494.534
46.41,3.6,19.58,0.0,626.096
48.35,4.28,25.89,0.0,697.1419999999999
49.35,5.14,30.58,0.0,706.2719999999999
49.96,4.86,32.6,0.0,673.304
46.41,3.06,32.28,0.0,562.729
46.41,2.97,29.7,0.0,392.5630000000001
49.32,3.96,19.54,0.0,154.628
39.15,2.34,5.4,0.0,0.0
19.2,1.88,0.0,0.0,0.0
16.62,1.37,0.0,0.0,0.0
16.62,1.53,0.0,0.0,0.0
15.33,0.72,0.0,0.0,0.0
15.33,0.46,0.0,0.0,0.0
15.33,0.46,0.0,0.0,0.0
12.37,0.0,0.0,0.0,0.0
12.37,0.0,0.0,0.0,0.0
12.37,0.0,0.0,0.0,0.0
12.37,0.0,0.0,0.0,0.0
12.37,0.0,0.0,0.0,0.0
12.37,0.0,0.0,0.0,0.0
15.33,0.65,0.0,0.0,0.0
26.61,1.76,0.0,0.0,87.55
56.73,3.24,0.0,0.0,306.269
48.35,3.51,0.0,0.0,486.491
46.41,3.61,1.86,0.0,614.056
48.35,4.29,12.87,0.0,687.9019999999999
49.35,5.14,23.88,0.0,695.295
49.96,4.87,28.01,0.0,550.357
46.41,3.07,27.98,0.0,368.679
46.41,2.97,25.25,0.0,246.543
49.32,3.96,15.91,0.0,85.3367
39.15,2.35,6.56,0.0,0.0
19.2,1.89,0.42,0.0,0.0
16.62,1.37,0.0,0.0,0.0
16.62,1.53,0.0,0.0,0.0
15.33,0.72,0.0,0.0,0.0
15.33,0.46,0.0,0.0,0.0
15.33,0.46,0.0,0.0,0.0
12.37,0.0,0.0,0.0,0.0
12.37,0.0,0.0,0.0,0.0
12.37,0.0,0.0,0.0,0.0
12.37,0.0,0.0,0.0,0.0
12.37,0.0,0.0,0.0,0.0
12.37,0.0,0.0,0.0,0.0
15.33,0.65,0.0,0.0,0.0
26.61,1.76,0.0,0.0,55.0744
56.73,3.24,0.0,0.0,201.596
48.35,3.52,16.08,0.0,326.695
46.41,3.61,38.01,0.0,397.421
48.35,4.29,47.18,0.0,372.807
49.35,5.15,43.9,0.0,208.002
49.96,4.88,42.22,0.0,171.102
46.41,3.07,39.11,0.0,113.126
46.41,2.98,34.39,0.0,50.706
49.32,3.97,31.45,0.0,10.8526
39.15,2.35,24.4,0.0,0.0
19.2,1.89,17.39,0.0,0.0
16.62,1.36,11.59,0.0,0.0
16.62,1.53,6.23,0.0,0.0
15.33,0.72,1.24,0.0,0.0
15.33,0.46,0.0,0.0,0.0
15.33,0.46,0.0,0.0,0.0
12.37,0.0,0.0,0.0,0.0
12.37,0.0,0.0,0.0,0.0
12.37,0.0,0.0,0.0,0.0
12.37,0.0,0.0,0.0,0.0
12.37,0.0,0.0,0.0,0.0
12.37,0.0,0.0,0.0,0.0
15.33,0.65,0.0,0.0,0.0
26.61,1.76,0.0,0.0,8.11542
56.73,3.25,0.0,0.0,39.1012
48.35,3.52,0.0,0.0,99.1629
46.41,3.62,0.0,0.0,104.622
48.35,4.29,0.0,0.0,161.334
49.35,5.15,0.0,0.0,121.762
49.96,4.89,0.0,0.0,96.3327
46.41,3.07,0.0,0.0,60.3058
46.41,2.98,0.0,0.0,15.6033
49.32,3.98,0.0,0.0,0.946184
39.15,2.35,0.0,0.0,0.0
19.2,1.9,0.0,0.0,0.0
16.62,1.36,0.0,0.0,0.0
16.62,1.52,0.0,0.0,0.0
15.33,0.72,0.0,0.0,0.0
15.33,0.46,0.0,0.0,0.0
15.33,0.46,0.0,0.0,0.0
9.28,0.0,0.0,0.0,0.0
9.28,0.0,0.0,0.0,0.0
9.28,0.0,0.0,0.0,0.0
9.28,0.0,0.0,0.0,0.0
9.28,0.0,0.0,0.0,0.0
9.28,0.0,0.0,0.0,0.0
15.33,0.65,0.0,0.0,0.0
20.49,1.02,0.0,0.0,49.2883
23.67,1.39,0.0,0.0,211.344
25.93,1.95,0.0,0.0,429.529
24.96,1.76,0.0,0.0,527.822
27.22,2.14,0.0,0.0,373.348
20.18,1.86,0.0,0.0,343.867
17.6,1.76,4.76,0.0,211.136
15.99,1.39,4.93,0.0,77.0772
14.7,1.21,1.0,0.0,231.224
15.02,1.3,0.0,0.0,99.9848
13.43,0.65,0.0,0.0,0.0
11.5,0.65,0.0,0.0,0.0
9.28,0.0,0.0,0.0,0.0
9.28,0.0,0.0,0.0,0.0
9.28,0.0,0.0,0.0,0.0
9.28,0.0,0.0,0.0,0.0
9.28,0.0,0.0,0.0,0.0
9.28,0.0,0.0,0.0,0.0
9.28,0.0,0.0,0.0,0.0
9.28,0.0,0.0,0.0,0.0
9.28,0.0,0.0,0.0,0.0
9.28,0.0,0.0,0.0,0.0
9.28,0.0,0.0,0.0,0.0
11.5,0.37,0.0,0.0,0.0
11.5,0.37,0.0,0.0,0.0
11.5,0.37,0.0,0.0,5.59689
11.5,0.37,0.0,0.0,5.62279
11.5,0.37,0.0,0.0,32.7476
11.5,0.56,0.0,0.0,98.9085
11.5,0.56,0.0,0.0,123.614
11.5,0.84,0.0,0.0,34.8399
11.5,0.56,0.0,0.0,39.8987
11.5,0.37,0.0,0.0,3.13501
11.5,0.37,0.0,0.0,0.0
11.5,0.37,0.0,0.0,0.0
9.28,0.0,0.0,0.0,0.0
9.28,0.0,0.0,0.0,0.0
9.28,0.0,0.0,0.0,0.0
9.28,0.0,0.0,0.0,0.0
9.28,0.0,0.0,0.0,0.0
9.28,0.0,0.0,0.0,0.0
12.37,0.0,0.0,0.0,0.0
12.37,0.0,0.0,0.0,0.0
12.37,0.0,0.0,0.0,0.0
12.37,0.0,0.0,0.0,0.0
12.37,0.0,0.0,0.0,0.0
12.37,0.0,0.0,0.0,0.0
15.33,0.65,90.1,0.0,0.0
26.61,1.77,87.43,0.0,0.0
56.73,3.26,91.41,0.0,0.0
48.35,3.54,87.28,0.0,0.0
46.41,3.63,88.94,0.0,84.2666
48.35,4.35,95.22,0.0,140.524
49.35,5.18,99.92,0.0,230.166
49.96,4.91,103.6,0.0,393.544
46.41,3.09,104.96,0.0,239.45
46.41,3.0,104.56,0.0,108.888
49.32,4.0,98.55,0.0,24.7148
39.15,2.36,89.14,0.0,0.0
19.2,1.91,80.6,0.0,0.0
16.62,1.35,76.73,0.0,0.0
16.62,1.53,78.1,0.0,0.0
15.33,0.74,80.44,0.0,0.0
15.33,0.47,0.0,0.0,0.0
15.33,0.47,0.0,0.0,0.0
12.37,0.0,0.0,0.0,0.0
12.37,0.0,0.0,0.0,0.0
12.37,0.0,0.0,0.0,0.0
12.37,0.0,0.0,0.0,0.0
12.37,0.0,0.0,0.0,0.0
12.37,0.0,0.0,0.0,0.0
15.33,0.65,89.05,0.0,0.0
26.61,1.77,85.82,0.0,62.0924
56.73,3.27,92.29,0.0,248.605
48.35,3.55,93.96,0.0,422.289
46.41,3.64,88.75,0.0,275.91200000000003
48.35,4.33,95.2,0.0,192.34
49.35,5.19,108.98,0.0,250.975
49.96,4.91,122.7,0.0,263.411
46.41,3.09,130.31,0.0,423.138
46.41,3.0,130.93,0.0,335.103
49.32,4.0,133.27,0.0,126.075
39.15,2.37,126.33,0.0,0.0
19.2,1.9,118.9,0.0,0.0
16.62,1.38,117.2,0.0,0.0
16.62,1.55,115.49,0.0,0.0
15.33,0.73,116.46,0.0,0.0
15.33,0.47,0.0,0.0,0.0
15.33,0.47,0.0,0.0,0.0
12.37,0.0,0.0,0.0,0.0
12.37,0.0,0.0,0.0,0.0
12.37,0.0,0.0,0.0,0.0
12.37,0.0,0.0,0.0,0.0
12.37,0.0,0.0,0.0,0.0
12.37,0.0,0.0,0.0,0.0
15.33,0.65,140.75,0.0,0.0
26.61,1.78,134.21,0.0,24.106
56.73,3.27,136.33,0.0,132.856
48.35,3.55,125.34,0.0,214.282
46.41,3.64,120.89,0.0,180.668
48.35,4.33,128.87,0.0,329.017
49.35,5.19,146.86,0.0,636.7719999999999
49.96,4.93,144.54,0.0,595.793
46.41,3.1,139.69,0.0,507.607
46.41,3.01,134.39,0.0,358.23400000000004
49.32,4.01,115.89,0.0,141.536
39.15,2.36,96.47,0.0,0.0
19.2,1.92,87.1,0.0,0.0
16.62,1.35,80.54,0.0,0.0
16.62,1.54,74.62,0.0,0.0
15.33,0.75,75.3,0.0,0.0
15.33,0.47,0.0,0.0,0.0
15.33,0.47,0.0,0.0,0.0
12.37,0.0,0.0,0.0,0.0
12.37,0.0,0.0,0.0,0.0
12.37,0.0,0.0,0.0,0.0
12.37,0.0,0.0,0.0,0.0
12.37,0.0,0.0,0.0,0.0
12.37,0.0,0.0,0.0,0.0
15.33,0.65,11.48,0.0,0.0
26.61,1.78,20.44,0.0,64.8589
56.73,3.27,64.88,0.0,260.82
48.35,3.55,101.88,0.0,427.729
46.41,3.65,111.73,0.0,544.572
48.35,4.34,118.3,0.0,605.634
49.35,5.2,118.92,0.0,487.869
49.96,4.93,114.8,0.0,183.52
46.41,3.1,116.34,0.0,183.808
46.41,3.01,119.81,0.0,336.897
49.32,4.01,115.32,0.0,118.559
39.15,2.37,108.78,0.0,0.0
19.2,1.91,105.65,0.0,0.0
16.62,1.38,105.92,0.0,0.0
16.62,1.54,103.61,0.0,0.0
15.33,0.73,104.62,0.0,0.0
15.33,0.47,0.0,0.0,0.0
15.33,0.47,0.0,0.0,0.0
12.37,0.0,0.0,0.0,0.0
12.37,0.0,0.0,0.0,0.0
12.37,0.0,0.0,0.0,0.0
12.37,0.0,0.0,0.0,0.0
12.37,0.0,0.0,0.0,0.0
12.37,0.0,0.0,0.0,0.0
15.33,0.66,110.13,0.0,0.0
26.61,1.78,106.17,0.0,58.7753
56.73,3.28,127.54,0.0,246.112
48.35,3.56,142.27,0.0,387.856
46.41,3.65,147.58,0.0,363.378
48.35,4.34,153.01,0.0,310.827
49.35,5.21,160.82,0.0,369.736
49.96,4.93,160.05,0.0,238.165
46.41,3.11,159.1,0.0,174.84
46.41,3.02,170.2,0.0,343.821
49.32,4.02,160.58,0.0,129.156
39.15,2.37,137.88,0.0,0.0
19.2,1.92,128.33,0.0,0.0
16.62,1.34,122.26,0.0,0.0
16.62,1.56,114.68,0.0,0.0
15.33,0.74,114.12,0.0,0.0
15.33,0.47,0.0,0.0,0.0
15.33,0.47,0.0,0.0,0.0
9.28,0.0,0.0,0.0,0.0
9.28,0.0,0.0,0.0,0.0
9.28,0.0,0.0,0.0,0.0
9.28,0.0,0.0,0.0,0.0
9.28,0.0,0.0,0.0,0.0
9.28,0.0,0.0,0.0,0.0
15.33,0.66,132.92,0.0,0.0
20.49,1.03,119.23,0.0,32.8735
23.67,1.41,99.44,0.0,151.52
25.93,1.97,88.45,0.0,270.406
24.96,1.78,89.86,0.0,406.762
27.22,2.16,79.86,0.0,336.543
20.18,1.88,62.95,0.0,296.219
17.6,1.78,60.99,0.0,393.369
15.99,1.41,55.35,0.0,497.72
14.7,1.22,45.15,0.0,336.347
15.02,1.31,31.56,0.0,119.824
13.43,0.66,20.02,0.0,0.0
11.5,0.66,0.0,0.0,0.0
9.28,0.0,0.0,0.0,0.0
9.28,0.0,0.0,0.0,0.0
9.28,0.0,0.0,0.0,0.0
9.28,0.0,0.0,0.0,0.0
9.28,0.0,0.0,0.0,0.0
9.28,0.0,0.0,0.0,0.0
9.28,0.0,0.0,0.0,0.0
9.28,0.0,0.0,0.0,0.0
9.28,0.0,0.0,0.0,0.0
9.28,0.0,0.0,0.0,0.0
9.28,0.0,0.0,0.0,0.0
11.5,0.38,0.0,0.0,0.0
11.5,0.38,0.0,0.0,61.0189
11.5,0.38,0.0,0.0,256.534
11.5,0.38,0.0,0.0,440.17800000000005
11.5,0.38,5.36,0.0,571.254
11.5,0.56,18.62,0.0,643.332
11.5,0.56,25.58,0.0,659.232
11.5,0.85,27.32,0.0,622.524
11.5,0.56,29.45,0.0,520.927
11.5,0.38,26.11,0.0,362.549
11.5,0.38,0.0,0.0,138.57
11.5,0.38,0.0,0.0,0.0
9.28,0.0,0.0,0.0,0.0
9.28,0.0,0.0,0.0,0.0
9.28,0.0,0.0,0.0,0.0
9.28,0.0,0.0,0.0,0.0
9.28,0.0,0.0,0.0,0.0
9.28,0.0,0.0,0.0,0.0
9.28,0.0,0.0,0.0,0.0
9.28,0.0,0.0,0.0,0.0
9.28,0.0,0.0,0.0,0.0
9.28,0.0,0.0,0.0,0.0
9.28,0.0,0.0,0.0,0.0
9.28,0.0,0.0,0.0,0.0
11.5,0.38,0.0,0.0,0.0
11.5,0.38,0.0,0.0,68.3946
11.5,0.38,0.0,0.0,285.327
11.5,0.38,0.0,0.0,479.742
11.5,0.38,0.0,0.0,625.927
11.5,0.56,0.0,0.0,694.8910000000001
11.5,0.56,0.0,0.0,710.33
11.5,0.85,0.0,0.0,657.456
11.5,0.56,0.0,0.0,559.1659999999999
11.5,0.38,0.0,0.0,395.066
11.5,0.38,0.0,0.0,158.649
11.5,0.38,0.0,0.0,0.0
9.28,0.0,0.0,0.0,0.0
9.28,0.0,0.0,0.0,0.0
9.28,0.0,0.0,0.0,0.0
9.28,0.0,0.0,0.0,0.0
9.28,0.0,0.0,0.0,0.0
9.28,0.0,0.0,0.0,0.0
12.37,0.0,0.0,0.0,0.0
12.37,0.0,0.0,0.0,0.0
12.37,0.0,0.0,0.0,0.0
12.37,0.0,0.0,0.0,0.0
12.37,0.0,0.0,0.0,0.0
12.37,0.0,0.0,0.0,0.0
15.33,0.66,0.0,0.0,0.0
26.61,1.79,0.0,0.0,56.0786
56.73,3.3,0.0,0.0,74.3195
48.35,3.58,0.0,0.0,122.885
46.41,3.67,0.0,0.0,359.949
48.35,4.39,0.0,0.0,82.105
49.35,5.24,0.0,0.0,125.963
49.96,4.96,0.31,0.0,224.83
46.41,3.12,9.25,0.0,398.419
46.41,3.03,11.3,0.0,343.22
49.32,4.04,8.05,0.0,120.449
39.15,2.39,9.61,0.0,0.0
19.2,1.92,11.68,0.0,0.0
16.62,1.36,3.76,0.0,0.0
16.62,1.56,0.0,0.0,0.0
15.33,0.75,0.0,0.0,0.0
15.33,0.47,0.0,0.0,0.0
15.33,0.47,0.0,0.0,0.0
12.37,0.0,0.0,0.0,0.0
12.37,0.0,0.0,0.0,0.0
12.37,0.0,0.0,0.0,0.0
12.37,0.0,0.0,0.0,0.0
12.37,0.0,0.0,0.0,0.0
12.37,0.0,0.0,0.0,0.0
15.33,0.66,0.0,0.0,0.0
26.61,1.79,0.0,0.0,51.5395
56.73,3.3,0.0,0.0,165.771
48.35,3.58,0.0,0.0,35.5697
46.41,3.68,0.0,0.0,91.8905
48.35,4.37,0.0,0.0,91.3912
49.35,5.24,0.0,0.0,117.339
49.96,4.96,0.0,0.0,91.3717
46.41,3.13,0.0,0.0,52.8793
46.41,3.04,0.0,0.0,16.5919
49.32,4.05,0.0,0.0,0.97925
39.15,2.39,0.0,0.0,0.0
19.2,1.93,0.0,0.0,0.0
16.62,1.36,0.0,0.0,0.0
16.62,1.57,0.0,0.0,0.0
15.33,0.75,0.0,0.0,0.0
15.33,0.47,0.0,0.0,0.0
15.33,0.47,0.0,0.0,0.0
12.37,0.0,0.0,0.0,0.0
12.37,0.0,0.0,0.0,0.0
12.37,0.0,0.0,0.0,0.0
12.37,0.0,0.0,0.0,0.0
12.37,0.0,0.0,0.0,0.0
12.37,0.0,0.0,0.0,0.0
15.33,0.66,0.0,0.0,0.0
26.61,1.79,0.0,0.0,0.0
56.73,3.3,0.0,0.0,36.4346
48.35,3.59,0.0,0.0,66.2274
46.41,3.68,0.0,0.0,110.668
48.35,4.37,0.0,0.0,249.202
49.35,5.25,0.0,0.0,211.302
49.96,4.97,0.0,0.0,126.384
46.41,3.13,0.0,0.0,82.7607
46.41,3.04,0.0,0.0,269.493
49.32,4.05,0.0,0.0,132.033
39.15,2.39,0.0,0.0,0.0
19.2,1.93,0.0,0.0,0.0
16.62,1.39,0.0,0.0,0.0
16.62,1.58,0.0,0.0,0.0
15.33,0.74,0.0,0.0,0.0
15.33,0.47,0.0,0.0,0.0
15.33,0.47,0.0,0.0,0.0
12.37,0.0,0.0,0.0,0.0
12.37,0.0,0.0,0.0,0.0
12.37,0.0,0.0,0.0,0.0
12.37,0.0,0.0,0.0,0.0
12.37,0.0,0.0,0.0,0.0
12.37,0.0,0.0,0.0,0.0
15.33,0.66,0.0,0.0,0.0
26.61,1.79,0.0,0.0,0.0
56.73,3.31,0.0,0.0,268.619
48.35,3.59,0.0,0.0,469.27
46.41,3.68,0.0,0.0,604.28
48.35,4.37,0.0,0.0,682.242
49.35,5.25,0.0,0.0,697.475
49.96,4.97,0.0,0.0,657.462
46.41,3.13,0.0,0.0,545.9
46.41,3.04,0.0,0.0,377.92
49.32,4.06,0.0,0.0,166.265
39.15,2.4,0.0,0.0,0.949855
19.2,1.93,0.0,0.0,0.0
16.62,1.41,0.0,0.0,0.0
16.62,1.57,0.0,0.0,0.0
15.33,0.74,0.0,0.0,0.0
15.33,0.47,0.0,0.0,0.0
15.33,0.47,0.0,0.0,0.0
9.28,0.0,0.0,0.0,0.0
9.28,0.0,0.0,0.0,0.0
9.28,0.0,0.0,0.0,0.0
9.28,0.0,0.0,0.0,0.0
9.28,0.0,0.0,0.0,0.0
9.28,0.0,0.0,0.0,0.0
15.33,0.66,0.0,0.0,0.0
20.49,1.04,0.0,0.0,0.0
23.67,1.42,0.52,0.0,254.711
25.93,1.99,13.01,0.0,391.076
24.96,1.8,26.81,0.0,452.756
27.22,2.18,35.97,0.0,510.492
20.18,1.89,38.82,0.0,600.741
17.6,1.8,42.21,0.0,329.598
15.99,1.42,44.04,0.0,442.1
14.7,1.23,38.69,0.0,380.95
15.02,1.32,31.87,0.0,161.821
13.43,0.66,26.2,0.0,0.3341949999999999
11.5,0.66,0.0,0.0,0.0
9.28,0.0,0.0,0.0,0.0
9.28,0.0,0.0,0.0,0.0
9.28,0.0,0.0,0.0,0.0
9.28,0.0,0.0,0.0,0.0
9.28,0.0,0.0,0.0,0.0
9.28,0.0,0.0,0.0,0.0
9.28,0.0,0.0,0.0,0.0
9.28,0.0,0.0,0.0,0.0
9.28,0.0,0.0,0.0,0.0
9.28,0.0,0.0,0.0,0.0
9.28,0.0,0.0,0.0,0.0
11.5,0.38,0.0,0.0,0.0
11.5,0.38,0.0,0.0,0.0
11.5,0.38,0.0,0.0,240.845
11.5,0.38,0.0,0.0,316.824
11.5,0.38,0.0,0.0,53.5757
11.5,0.57,0.0,0.0,53.703
11.5,0.57,0.0,0.0,60.7576
11.5,0.85,0.0,0.0,41.0094
11.5,0.57,0.0,0.0,49.9113
11.5,0.38,0.0,0.0,32.0975
11.5,0.38,0.0,0.0,7.95811
11.5,0.38,0.0,0.0,0.0
9.28,0.0,0.0,0.0,0.0
9.28,0.0,0.0,0.0,0.0
9.28,0.0,0.0,0.0,0.0
9.28,0.0,0.0,0.0,0.0
9.28,0.0,0.0,0.0,0.0
9.28,0.0,0.0,0.0,0.0
