non_shiftable_load,dhw_demand,cooling_demand,heating_demand,solar_generation
2.38,0.0,0.0,0.0,0.0
1.92,0.0,0.0,0.0,0.0
2.37,0.0,0.0,0.0,0.0
1.92,0.0,0.0,0.0,0.0
3.27,0.0,0.0,0.0,0.0
6.41,0.0,0.0,0.0,0.0
6.88,0.0,0.0,0.0,0.0
7.78,2.54,0.0,0.0,0.0
9.13,2.48,0.0,0.0,0.0
10.47,2.48,0.0,0.0,0.0
12.72,1.66,0.0,0.0,0.0
14.07,11.92,1.02,0.0,0.0
13.17,9.93,3.1,0.0,0.0
12.27,16.22,2.29,0.0,0.0
11.37,15.24,1.33,0.0,0.0
11.37,4.14,0.5,0.0,0.0
12.72,4.14,0.0,0.0,0.0
12.72,3.81,0.0,0.0,0.0
11.82,2.64,0.0,0.0,0.0
10.92,1.66,0.0,0.0,0.0
10.02,6.62,0.0,0.0,0.0
9.13,6.95,0.0,0.0,0.0
5.08,7.12,0.0,0.0,0.0
2.38,0.0,0.0,0.0,0.0
2.38,0.0,0.0,0.0,0.0
1.92,0.0,0.0,0.0,0.0
2.37,0.0,0.0,0.0,0.0
1.92,0.0,0.02,0.0,0.0
3.27,0.0,0.0,0.0,0.0
6.43,0.0,0.0,0.0,0.0
6.88,2.55,0.0,0.0,0.0
7.78,2.48,0.0,0.0,0.0
9.13,5.47,0.0,0.0,0.0
10.47,2.15,0.0,0.0,0.0
12.72,1.65,0.0,0.0,0.0
14.07,11.93,0.77,0.0,0.0
13.17,5.14,0.66,0.0,0.0
12.27,16.24,0.61,0.0,0.0
11.37,15.25,0.51,0.0,0.0
11.37,3.65,0.06,0.0,0.0
12.72,5.13,0.0,0.0,0.0
12.72,3.81,0.0,0.0,0.0
11.82,2.65,0.0,0.0,0.0
10.92,1.66,0.0,0.0,0.0
10.02,6.63,0.0,0.0,0.0
9.13,6.96,0.0,0.0,0.0
5.08,7.13,0.0,0.0,0.0
2.38,2.49,0.0,0.0,0.0
2.38,0.0,0.0,0.0,0.0
1.92,0.0,0.0,0.0,0.0
2.37,0.0,0.0,0.0,0.0
1.92,0.0,0.0,0.0,0.0
3.27,0.0,0.0,0.0,0.0
6.43,0.0,0.0,0.0,0.0
6.88,2.53,0.0,0.0,0.0
7.78,2.49,0.0,0.0,0.0
9.13,5.47,0.0,0.0,0.0
10.47,2.15,0.0,0.0,0.0
12.72,1.66,0.0,0.0,0.0
14.07,11.94,0.0,0.0,0.0
13.17,5.14,0.0,0.0,0.0
12.27,16.26,0.0,0.0,0.0
11.37,15.26,0.0,0.0,0.0
11.37,3.65,0.0,0.0,0.0
12.72,5.14,0.0,0.0,0.0
12.72,3.82,0.0,0.0,0.0
11.82,2.65,0.0,0.0,0.0
10.92,1.66,0.0,0.0,0.0
10.02,6.63,0.0,0.0,0.0
9.13,6.96,0.0,0.0,0.0
5.08,7.13,0.0,0.0,0.0
2.38,2.49,0.0,0.0,0.0
2.38,0.0,0.0,0.0,0.0
1.92,0.0,0.0,0.0,0.0
2.37,0.0,0.0,0.0,0.0
1.92,0.0,0.0,0.0,0.0
3.27,0.0,0.0,0.0,0.0
6.41,0.0,0.0,0.0,0.0
6.88,0.0,0.0,0.0,0.0
7.78,2.54,0.0,0.0,0.0
9.13,2.48,0.0,0.0,0.0
10.47,2.49,0.0,0.0,0.0
12.72,1.66,0.0,0.0,0.0
14.07,11.95,0.0,0.0,0.0
13.17,9.96,0.0,0.0,0.0
12.27,16.28,0.24,0.0,0.0
11.37,15.28,1.23,0.0,0.0
11.37,4.15,0.87,0.0,0.0
12.72,4.15,0.01,0.0,0.0
12.72,3.81,0.0,0.0,0.0
11.82,2.66,0.0,0.0,0.0
10.92,1.65,0.0,0.0,0.0
10.02,6.64,0.0,0.0,0.0
9.13,6.97,0.0,0.0,0.0
5.08,7.14,0.0,0.0,0.0
2.38,0.0,0.0,0.0,0.0
2.38,0.0,0.0,0.0,0.0
1.92,0.0,0.0,0.0,0.0
2.37,0.0,0.0,0.0,0.0
1.92,0.0,0.0,0.0,0.0
3.27,0.0,0.0,0.0,0.0
6.41,0.0,0.0,0.0,0.0
6.88,0.0,0.0,0.0,0.0
7.78,2.55,0.0,0.0,0.0
9.13,2.49,0.0,0.0,0.0
10.47,2.49,0.0,0.0,0.0
12.72,1.67,0.0,0.0,0.0
14.07,11.96,3.11,0.0,0.0
13.17,9.97,4.83,0.0,0.0
12.27,16.29,5.96,0.0,0.0
11.37,15.3,7.28,0.0,0.0
11.37,4.15,7.85,0.0,0.0
12.72,4.15,7.19,0.0,0.0
12.72,3.82,3.82,0.0,0.0
11.82,2.65,0.51,0.0,0.0
10.92,1.67,0.06,0.0,0.0
10.02,6.64,0.0,0.0,0.0
9.13,6.98,0.0,0.0,0.0
5.08,7.14,0.0,0.0,0.0
2.38,0.0,0.0,0.0,0.0
2.38,0.0,0.0,0.0,0.0
1.92,0.0,0.0,0.0,0.0
2.37,0.0,0.0,0.0,0.0
1.92,0.0,0.0,0.0,0.0
3.27,0.0,0.0,0.0,0.0
6.43,0.0,0.0,0.0,0.0
6.88,2.55,0.0,0.0,0.0
7.78,2.49,0.0,0.0,0.0
9.13,5.49,0.0,0.0,0.0
10.47,2.16,0.0,0.0,0.0
12.72,1.66,0.0,0.0,0.0
14.07,11.98,0.0,0.0,0.0
13.17,5.15,0.0,0.0,0.0
12.27,16.3,0.0,0.0,0.0
11.37,15.31,0.0,0.0,0.0
11.37,3.66,0.0,0.0,0.0
12.72,5.15,0.0,0.0,0.0
12.72,3.83,0.0,0.0,0.0
11.82,2.66,0.0,0.0,0.0
10.92,1.66,0.0,0.0,0.0
10.02,6.65,0.0,0.0,0.0
9.13,6.98,0.0,0.0,0.0
5.08,7.15,0.0,0.0,0.0
2.38,2.49,0.0,0.0,0.0
2.38,0.0,0.0,0.0,0.0
1.92,0.0,0.0,0.0,0.0
2.37,0.0,0.0,0.0,0.0
1.92,0.0,0.0,0.0,0.0
3.27,0.0,0.0,0.0,0.0
6.43,0.0,0.0,0.0,0.0
6.88,2.53,0.0,0.0,0.0
7.78,2.5,0.0,0.0,0.0
9.13,5.49,0.0,0.0,0.0
10.47,2.16,0.0,0.0,0.0
12.72,1.66,0.0,0.0,0.0
14.07,11.98,0.0,0.0,0.0
13.17,5.16,0.0,0.0,0.0
12.27,16.32,0.0,0.0,0.0
11.37,15.31,0.0,0.0,0.0
11.37,3.67,0.0,0.0,0.0
12.72,5.15,0.0,0.0,0.0
12.72,3.83,0.0,0.0,0.0
11.82,2.66,0.0,0.0,0.0
10.92,1.66,0.0,0.0,0.0
10.02,6.66,0.0,0.0,0.0
9.13,6.99,0.0,0.0,0.0
5.08,7.16,0.0,0.0,0.0
2.38,2.5,0.0,0.0,0.0
2.38,0.0,0.0,0.0,0.0
1.92,0.0,0.0,0.0,0.0
2.37,0.0,0.0,0.0,0.0
1.92,0.0,0.0,0.0,0.0
3.27,0.0,0.0,0.0,0.0
6.43,0.0,0.0,0.0,0.0
6.88,2.53,0.0,0.0,0.0
7.78,2.5,0.0,0.0,0.0
9.13,5.49,0.0,0.0,0.0
10.47,2.16,0.0,0.0,0.0
12.72,1.66,0.0,0.0,0.0
14.07,11.99,0.0,0.0,0.0
13.17,5.17,0.0,0.0,0.0
12.27,16.32,0.0,0.0,0.0
11.37,15.32,0.0,0.0,0.0
11.37,3.67,0.0,0.0,0.0
12.72,5.16,0.0,0.0,0.0
12.72,3.83,0.0,0.0,0.0
11.82,2.66,0.0,0.0,0.0
10.92,1.67,0.0,0.0,0.0
10.02,6.66,0.0,0.0,0.0
9.13,6.99,0.0,0.0,0.0
5.08,7.16,0.0,0.0,0.0
2.38,2.5,0.0,0.0,0.0
2.38,0.0,0.0,0.0,0.0
1.92,0.0,0.0,0.0,0.0
2.37,0.0,0.0,0.0,0.0
1.92,0.0,0.0,0.0,0.0
3.27,0.0,0.0,0.0,0.0
6.43,0.0,0.0,0.0,0.0
6.88,2.54,0.0,0.0,0.0
7.78,2.5,0.0,0.0,0.0
9.13,5.5,0.0,0.0,0.0
10.47,2.17,0.0,0.0,0.0
12.72,1.67,0.0,0.0,0.0
14.07,12.0,1.19,0.0,0.0
13.17,5.17,2.64,0.0,0.0
12.27,16.34,3.02,0.0,0.0
11.37,15.33,3.01,0.0,0.0
11.37,3.67,2.52,0.0,0.0
12.72,5.16,1.72,0.0,0.0
12.72,3.84,0.68,0.0,0.0
11.82,2.66,0.02,0.0,0.0
10.92,1.67,0.0,0.0,0.0
10.02,6.67,0.0,0.0,0.0
9.13,7.0,0.0,0.0,0.0
5.08,7.17,0.0,0.0,0.0
2.38,2.5,0.0,0.0,0.0
2.38,0.0,0.0,0.0,0.0
1.92,0.0,0.0,0.0,0.0
2.37,0.0,0.0,0.0,0.0
1.92,0.0,0.0,0.0,0.0
3.27,0.0,0.0,0.0,0.0
6.43,0.0,0.0,0.0,0.0
6.88,2.54,0.0,0.0,0.0
7.78,2.5,0.0,0.0,0.0
9.13,5.5,0.0,0.0,0.0
10.47,2.17,0.0,0.0,0.0
12.72,1.67,0.0,0.0,0.0
14.07,12.01,2.19,0.0,0.0
13.17,5.17,3.71,0.0,0.0
12.27,16.35,5.11,0.0,0.0
11.37,15.34,5.71,0.0,0.0
11.37,3.67,5.47,0.0,0.0
12.72,5.17,4.97,0.0,0.0
12.72,3.84,4.19,0.0,0.0
11.82,2.67,3.13,0.0,0.0
10.92,1.67,2.14,0.0,0.0
10.02,6.67,3.08,0.0,0.0
9.13,7.0,3.59,0.0,0.0
5.08,7.17,2.71,0.0,0.0
2.38,2.5,2.32,0.0,0.0
2.38,0.0,0.0,0.0,0.0
1.92,0.0,0.0,0.0,0.0
2.37,0.0,0.0,0.0,0.0
1.92,0.0,0.55,0.0,0.0
3.27,0.0,0.27,0.0,0.0
6.41,0.0,0.98,0.0,0.0
6.88,0.0,1.18,0.0,0.0
7.78,2.55,1.69,0.0,0.0
9.13,2.5,2.98,0.0,0.0
10.47,2.51,4.96,0.0,0.0
12.72,1.67,6.64,0.0,0.0
14.07,12.02,11.0,0.0,0.0
13.17,10.01,11.28,0.0,0.0
12.27,16.37,7.71,0.0,0.0
11.37,15.36,5.64,0.0,0.0
11.37,4.17,4.84,0.0,0.0
12.72,4.17,4.08,0.0,0.0
12.72,3.83,2.85,0.0,0.0
11.82,2.67,1.7,0.0,0.0
10.92,1.66,0.78,0.0,0.0
10.02,6.68,0.23,0.0,0.0
9.13,7.01,0.0,0.0,0.0
5.08,7.18,0.0,0.0,0.0
2.38,0.0,0.0,0.0,0.0
2.38,0.0,0.0,0.0,0.0
1.92,0.0,0.0,0.0,0.0
2.37,0.0,0.0,0.0,0.0
1.92,0.0,0.0,0.0,0.0
3.27,0.0,0.0,0.0,0.0
6.41,0.0,0.0,0.0,0.0
6.88,0.0,0.0,0.0,0.0
7.78,2.55,0.0,0.0,0.0
9.13,2.5,0.0,0.0,0.0
10.47,2.51,0.0,0.0,0.0
12.72,1.67,0.48,0.0,0.0
14.07,12.02,3.04,0.0,0.0
13.17,10.02,3.99,0.0,0.0
12.27,16.37,3.93,0.0,0.0
11.37,15.36,3.45,0.0,0.0
11.37,4.18,2.93,0.0,0.0
12.72,4.18,2.06,0.0,0.0
12.72,3.84,1.05,0.0,0.0
11.82,2.67,0.06,0.0,0.0
10.92,1.67,0.0,0.0,0.0
10.02,6.68,0.0,0.0,0.0
9.13,7.02,0.0,0.0,0.0
5.08,7.18,0.0,0.0,0.0
2.38,0.0,0.0,0.0,0.0
2.38,0.0,0.0,0.0,0.0
1.92,0.0,0.0,0.0,0.0
2.37,0.0,0.0,0.0,0.0
1.92,0.0,0.04,0.0,0.0
3.27,0.0,0.0,0.0,0.0
6.43,0.0,0.0,0.0,0.0
6.88,2.54,0.0,0.0,0.0
7.78,2.51,0.0,0.0,0.0
9.13,5.51,0.04,0.0,0.0
10.47,2.17,0.33,0.0,0.0
12.72,1.67,1.5,0.0,0.0
14.07,12.03,4.09,0.0,0.0
13.17,5.18,4.94,0.0,0.0
12.27,16.38,5.94,0.0,0.0
11.37,15.37,6.1,0.0,0.0
11.37,3.68,6.04,0.0,0.0
12.72,5.18,6.37,0.0,0.0
12.72,3.84,5.88,0.0,0.0
11.82,2.67,4.73,0.0,0.0
10.92,1.67,4.34,0.0,0.0
10.02,6.68,3.13,0.0,0.0
9.13,7.02,1.29,0.0,0.0
5.08,7.19,0.0,0.0,0.0
2.38,2.51,0.05,0.0,0.0
2.38,0.0,0.0,0.0,0.0
1.92,0.0,0.0,0.0,0.0
2.37,0.0,0.0,0.0,0.0
1.92,0.0,0.0,0.0,0.0
3.27,0.0,0.0,0.0,0.0
6.43,0.0,0.0,0.0,0.0
6.88,2.54,0.0,0.0,0.0
7.78,2.51,0.0,0.0,0.0
9.13,5.51,0.0,0.0,0.0
10.47,2.17,0.0,0.0,0.0
12.72,1.67,0.0,0.0,0.0
14.07,12.04,1.61,0.0,0.0
13.17,5.19,2.51,0.0,0.0
12.27,16.39,2.8,0.0,0.0
11.37,15.38,3.03,0.0,0.0
11.37,3.68,2.93,0.0,0.0
12.72,5.18,2.31,0.0,0.0
12.72,3.85,1.37,0.0,0.0
11.82,2.67,0.32,0.0,0.0
10.92,1.67,0.0,0.0,0.0
10.02,6.69,0.0,0.0,0.0
9.13,7.02,0.0,0.0,0.0
5.08,7.19,0.0,0.0,0.0
2.38,2.51,0.0,0.0,0.0
2.38,0.0,0.0,0.0,0.0
1.92,0.0,0.0,0.0,0.0
2.37,0.0,0.0,0.0,0.0
1.92,0.0,0.0,0.0,0.0
3.27,0.0,0.0,0.0,0.0
6.43,0.0,0.0,0.0,0.0
6.88,2.54,0.0,0.0,0.0
7.78,2.51,0.0,0.0,0.0
9.13,5.52,0.0,0.0,0.0
10.47,2.17,0.0,0.0,0.0
12.72,1.67,0.0,0.0,0.0
14.07,12.04,0.0,0.0,0.0
13.17,5.19,0.0,0.0,0.0
12.27,16.39,0.0,0.0,0.0
11.37,15.39,0.0,0.0,0.0
11.37,3.68,0.0,0.0,0.0
12.72,5.18,0.0,0.0,0.0
12.72,3.85,0.0,0.0,0.0
11.82,2.67,0.0,0.0,0.0
10.92,1.67,0.0,0.0,0.0
10.02,6.69,0.0,0.0,0.0
9.13,7.02,0.0,0.0,0.0
5.08,7.19,0.0,0.0,0.0
2.38,2.51,0.0,0.0,0.0
2.38,0.0,0.0,0.0,0.0
1.92,0.0,0.0,0.0,0.0
2.37,0.0,0.0,0.0,0.0
1.92,0.0,0.0,0.0,0.0
3.27,0.0,0.0,0.0,0.0
6.43,0.0,0.0,0.0,0.0
6.88,2.54,0.0,0.0,0.0
7.78,2.51,0.0,0.0,0.0
9.13,5.52,0.0,0.0,0.0
10.47,2.18,0.0,0.0,0.0
12.72,1.67,0.0,0.0,0.0
14.07,12.05,0.05,0.0,0.0
13.17,5.19,0.78,0.0,0.0
12.27,16.4,1.38,0.0,0.0
11.37,15.4,1.66,0.0,0.0
11.37,3.68,1.49,0.0,0.0
12.72,5.18,0.96,0.0,0.0
12.72,3.85,0.15,0.0,0.0
11.82,2.68,0.0,0.0,0.0
10.92,1.67,0.0,0.0,0.0
10.02,6.69,0.0,0.0,0.0
9.13,7.03,0.0,0.0,0.0
5.08,7.2,0.0,0.0,0.0
2.38,2.51,0.0,0.0,0.0
2.38,0.0,0.0,0.0,0.0
1.92,0.0,0.0,0.0,0.0
2.37,0.0,0.0,0.0,0.0
1.92,0.0,0.0,0.0,0.0
3.27,0.0,0.0,0.0,0.0
6.41,0.0,0.0,0.0,0.0
6.88,0.0,0.0,0.0,0.0
7.78,2.55,0.0,0.0,0.0
9.13,2.51,0.0,0.0,0.0
10.47,2.51,0.0,0.0,0.0
12.72,1.67,0.0,0.0,0.0
14.07,12.06,0.57,0.0,0.0
13.17,10.05,1.01,0.0,0.0
12.27,16.41,1.5,0.0,0.0
11.37,15.4,1.69,0.0,0.0
11.37,4.18,1.35,0.0,0.0
12.72,4.19,0.39,0.0,0.0
12.72,3.85,0.0,0.0,0.0
11.82,2.67,0.0,0.0,0.0
10.92,1.68,0.0,0.0,0.0
10.02,6.69,0.0,0.0,0.0
9.13,7.03,0.0,0.0,0.0
5.08,7.2,0.0,0.0,0.0
2.38,0.0,0.0,0.0,0.0
2.38,0.0,0.0,0.0,0.0
1.92,0.0,0.0,0.0,0.0
2.37,0.0,0.0,0.0,0.0
1.92,0.0,0.0,0.0,0.0
3.27,0.0,0.0,0.0,0.0
6.41,0.0,0.0,0.0,0.0
6.88,0.0,0.0,0.0,0.0
7.78,2.57,0.0,0.0,0.0
9.13,2.52,0.0,0.0,0.0
10.47,2.51,0.0,0.0,0.0
12.72,1.68,0.0,0.0,0.0
14.07,12.06,0.04,0.0,0.0
13.17,10.05,0.4,0.0,0.0
12.27,16.41,0.71,0.0,0.0
11.37,15.41,0.85,0.0,0.0
11.37,4.18,0.6,0.0,0.0
12.72,4.19,0.02,0.0,0.0
12.72,3.85,0.0,0.0,0.0
11.82,2.67,0.0,0.0,0.0
10.92,1.68,0.0,0.0,0.0
10.02,6.69,0.0,0.0,0.0
9.13,7.03,0.0,0.0,0.0
5.08,7.2,0.0,0.0,0.0
2.38,0.0,0.0,0.0,0.0
2.38,0.0,0.0,0.0,0.0
1.92,0.0,0.0,0.0,0.0
2.37,0.0,0.0,0.0,0.0
1.92,0.0,0.0,0.0,0.0
3.27,0.0,0.0,0.0,0.0
6.41,0.0,0.0,0.0,0.0
6.88,0.0,0.0,0.0,0.0
7.78,2.57,0.0,0.0,0.0
9.13,2.52,0.0,0.0,0.0
10.47,2.51,0.0,0.0,0.0
12.72,1.67,0.0,0.0,0.0
14.07,12.07,1.27,0.0,0.0
13.17,10.05,1.93,0.0,0.0
12.27,16.42,2.38,0.0,0.0
11.37,15.42,2.63,0.0,0.0
11.37,4.19,2.96,0.0,0.0
12.72,4.19,2.74,0.0,0.0
12.72,3.86,1.57,0.0,0.0
11.82,2.67,0.14,0.0,0.0
10.92,1.68,0.0,0.0,0.0
10.02,6.7,0.0,0.0,0.0
9.13,7.03,0.0,0.0,0.0
5.08,7.2,0.0,0.0,0.0
2.38,0.0,0.0,0.0,0.0
2.38,0.0,0.0,0.0,0.0
1.92,0.0,0.0,0.0,0.0
2.37,0.0,0.0,0.0,0.0
1.92,0.0,0.0,0.0,0.0
3.27,0.0,0.0,0.0,0.0
6.43,0.0,0.0,0.0,0.0
6.88,2.57,0.0,0.0,0.0
7.78,2.51,0.0,0.0,0.0
9.13,5.53,0.0,0.0,0.0
10.47,2.18,0.0,0.0,0.0
12.72,1.67,0.12,0.0,0.0
14.07,12.07,2.67,0.0,0.0
13.17,5.19,3.98,0.0,0.0
12.27,16.42,4.29,0.0,0.0
11.37,15.43,4.42,0.0,0.0
11.37,3.69,4.71,0.0,0.0
12.72,5.19,4.58,0.0,0.0
12.72,3.85,3.46,0.0,0.0
11.82,2.68,1.85,0.0,0.0
10.92,1.67,1.31,0.0,0.0
10.02,6.7,1.25,0.0,0.0
9.13,7.04,0.1,0.0,0.0
5.08,7.21,0.0,0.0,0.0
2.38,2.51,0.0,0.0,0.0
2.38,0.0,0.0,0.0,0.0
1.92,0.0,0.0,0.0,0.0
2.37,0.0,0.0,0.0,0.0
1.92,0.0,0.06,0.0,0.0
3.27,0.0,0.08,0.0,0.0
6.43,0.0,0.24,0.0,0.0
6.88,2.55,0.0,0.0,0.0
7.78,2.52,0.0,0.0,0.0
9.13,5.53,0.0,0.0,0.0
10.47,2.18,0.0,0.0,0.0
12.72,1.67,0.0,0.0,0.0
14.07,12.07,0.62,0.0,0.0
13.17,5.2,1.4,0.0,0.0
12.27,16.43,1.8,0.0,0.0
11.37,15.42,1.9,0.0,0.0
11.37,3.69,1.58,0.0,0.0
12.72,5.19,0.73,0.0,0.0
12.72,3.86,0.02,0.0,0.0
11.82,2.68,0.0,0.0,0.0
10.92,1.67,0.0,0.0,0.0
10.02,6.7,0.0,0.0,0.0
9.13,7.04,0.0,0.0,0.0
5.08,7.21,0.0,0.0,0.0
2.38,2.51,0.0,0.0,0.0
2.38,0.0,0.0,0.0,0.0
1.92,0.0,0.0,0.0,0.0
2.37,0.0,0.0,0.0,0.0
1.92,0.0,0.0,0.0,0.0
3.27,0.0,0.0,0.0,0.0
6.43,0.0,0.0,0.0,0.0
6.88,2.55,0.0,0.0,0.0
7.78,2.52,0.0,0.0,0.0
9.13,5.53,0.0,0.0,0.0
10.47,2.18,0.0,0.0,0.0
12.72,1.67,0.0,0.0,0.0
14.07,12.08,0.0,0.0,0.0
13.17,5.2,0.0,0.0,0.0
12.27,16.43,0.0,0.0,0.0
11.37,15.43,0.0,0.0,0.0
11.37,3.69,0.0,0.0,0.0
12.72,5.19,0.0,0.0,0.0
12.72,3.86,0.0,0.0,0.0
11.82,2.68,0.0,0.0,0.0
10.92,1.67,0.0,0.0,0.0
10.02,6.71,0.0,0.0,0.0
9.13,7.04,0.0,0.0,0.0
5.08,7.21,0.0,0.0,0.0
2.38,2.51,0.0,0.0,0.0
2.38,0.0,0.0,0.0,0.0
1.92,0.0,0.0,0.0,0.0
2.37,0.0,0.0,0.0,0.0
1.92,0.0,0.0,0.0,0.0
3.27,0.0,0.0,0.0,0.0
6.43,0.0,0.0,0.0,0.0
6.88,2.55,0.0,0.0,0.0
7.78,2.51,0.0,0.0,0.0
9.13,5.53,0.0,0.0,0.0
10.47,2.18,0.0,0.0,0.0
12.72,1.67,0.0,0.0,0.0
14.07,12.08,0.0,0.0,0.0
13.17,5.2,0.0,0.0,0.0
12.27,16.43,0.0,0.0,0.0
11.37,15.43,0.22,0.0,0.0
11.37,3.69,0.1,0.0,0.0
12.72,5.2,0.0,0.0,0.0
12.72,3.86,0.0,0.0,0.0
11.82,2.68,0.0,0.0,0.0
10.92,1.67,0.0,0.0,0.0
10.02,6.71,0.0,0.0,0.0
9.13,7.04,0.0,0.0,0.0
5.08,7.21,0.0,0.0,0.0
2.38,2.51,0.0,0.0,0.0
2.38,0.0,0.0,0.0,0.0
1.92,0.0,0.0,0.0,0.0
2.37,0.0,0.0,0.0,0.0
1.92,0.0,0.0,0.0,0.0
3.27,0.0,0.0,0.0,0.0
6.43,0.0,0.0,0.0,0.0
6.88,2.55,0.0,0.0,0.0
7.78,2.51,0.0,0.0,0.0
9.13,5.53,0.0,0.0,0.0
10.47,2.18,0.0,0.0,0.0
12.72,1.67,0.0,0.0,0.0
14.07,12.08,0.0,0.0,0.0
13.17,5.19,0.0,0.0,0.0
12.27,16.44,0.0,0.0,0.0
11.37,15.44,0.0,0.0,0.0
11.37,3.68,0.0,0.0,0.0
12.72,5.2,0.0,0.0,0.0
12.72,3.86,0.0,0.0,0.0
11.82,2.68,0.0,0.0,0.0
10.92,1.68,0.0,0.0,0.0
10.02,6.7,0.0,0.0,0.0
9.13,7.04,0.0,0.0,0.0
5.08,7.21,0.0,0.0,0.0
2.38,2.52,0.0,0.0,0.0
2.38,0.0,0.0,0.0,0.0
1.92,0.0,0.0,0.0,0.0
2.37,0.0,0.0,0.0,0.0
1.92,0.0,0.0,0.0,0.0
3.27,0.0,0.0,0.0,0.0
6.41,0.0,0.0,0.0,0.0
6.88,0.0,0.0,0.0,0.0
7.78,2.57,0.0,0.0,0.0
9.13,2.51,0.0,0.0,0.0
10.47,2.52,0.0,0.0,0.0
12.72,1.67,0.0,0.0,0.0
14.07,12.08,0.0,0.0,0.0
13.17,10.06,0.0,0.0,0.0
12.27,16.45,0.0,0.0,0.0
11.37,15.43,0.0,0.0,0.0
11.37,4.19,0.03,0.0,0.0
12.72,4.19,0.0,0.0,0.0
12.72,3.86,0.0,0.0,0.0
11.82,2.68,0.0,0.0,0.0
10.92,1.68,0.0,0.0,0.0
10.02,6.7,0.0,0.0,0.0
9.13,7.04,0.0,0.0,0.0
5.08,7.21,0.0,0.0,0.0
2.38,0.0,0.0,0.0,0.0
2.38,0.0,0.0,0.0,0.0
1.92,0.0,0.0,0.0,0.0
2.37,0.0,0.0,0.0,0.0
1.92,0.0,0.0,0.0,0.0
3.27,0.0,0.0,0.0,0.0
6.41,0.0,0.0,0.0,0.0
6.88,0.0,0.0,0.0,0.0
7.78,2.58,0.0,0.0,0.0
9.13,2.52,0.0,0.0,0.0
10.47,2.51,0.0,0.0,0.0
12.72,1.68,0.0,0.0,0.0
14.07,12.08,0.39,0.0,0.0
13.17,10.07,1.3,0.0,0.0
12.27,16.44,1.97,0.0,0.0
11.37,15.44,2.79,0.0,0.0
11.37,4.19,2.61,0.0,0.0
12.72,4.19,1.77,0.0,0.0
12.72,3.86,0.77,0.0,0.0
11.82,2.68,0.0,0.0,0.0
10.92,1.68,0.0,0.0,0.0
10.02,6.71,0.0,0.0,0.0
9.13,7.04,0.0,0.0,0.0
5.08,7.21,0.0,0.0,0.0
2.38,0.0,0.0,0.0,0.0
2.38,0.0,0.0,0.0,0.0
1.92,0.0,0.0,0.0,0.0
2.37,0.0,0.0,0.0,0.0
1.92,0.0,0.05,0.0,0.0
3.27,0.0,0.0,0.0,0.0
6.43,0.0,0.1,0.0,0.0
6.88,2.57,0.0,0.0,0.0
7.78,2.51,0.0,0.0,0.0
9.13,5.54,0.52,0.0,0.0
10.47,2.18,0.39,0.0,0.0
12.72,1.67,0.91,0.0,0.0
14.07,12.08,3.23,0.0,0.0
13.17,5.2,4.22,0.0,0.0
12.27,16.44,4.31,0.0,0.0
11.37,15.44,3.67,0.0,0.0
11.37,3.69,2.6,0.0,0.0
12.72,5.2,2.08,0.0,0.0
12.72,3.85,1.59,0.0,0.0
11.82,2.69,0.61,0.0,0.0
10.92,1.67,0.21,0.0,0.0
10.02,6.71,0.07,0.0,0.0
9.13,7.05,0.0,0.0,0.0
5.08,7.21,0.0,0.0,0.0
2.38,2.51,0.0,0.0,0.0
2.38,0.0,0.0,0.0,0.0
1.92,0.0,0.0,0.0,0.0
2.37,0.0,0.0,0.0,0.0
1.92,0.0,0.0,0.0,0.0
3.27,0.0,0.0,0.0,0.0
6.43,0.0,0.0,0.0,0.0
6.88,2.57,0.0,0.0,0.0
7.78,2.51,0.0,0.0,0.0
9.13,5.54,0.0,0.0,0.0
10.47,2.18,0.0,0.0,0.0
12.72,1.68,0.0,0.0,0.0
14.07,12.08,0.0,0.0,0.0
13.17,5.2,0.0,0.0,0.0
12.27,16.45,0.0,0.0,0.0
11.37,15.43,0.0,0.0,0.0
11.37,3.69,0.0,0.0,0.0
12.72,5.2,0.0,0.0,0.0
12.72,3.86,0.0,0.0,0.0
11.82,2.68,0.0,0.0,0.0
10.92,1.68,0.0,0.0,0.0
10.02,6.71,0.0,0.0,0.0
9.13,7.04,0.0,0.0,0.0
5.08,7.21,0.0,0.0,0.0
2.38,2.51,0.0,0.0,0.0
2.38,0.0,0.0,0.0,0.0
1.92,0.0,0.0,0.0,0.0
2.37,0.0,0.0,0.0,0.0
1.92,0.0,0.0,0.0,0.0
3.27,0.0,0.0,0.0,0.0
6.43,0.0,0.0,0.0,0.0
6.88,2.55,0.0,0.0,0.0
7.78,2.51,0.0,0.0,0.0
9.13,5.53,0.0,0.0,0.0
10.47,2.18,0.0,0.0,0.0
12.72,1.68,0.0,0.0,0.0
14.07,12.08,0.0,0.0,0.0
13.17,5.2,0.0,0.0,0.0
12.27,16.44,0.0,0.0,0.0
11.37,15.44,0.0,0.0,0.0
11.37,3.69,0.0,0.0,0.0
12.72,5.2,0.0,0.0,0.0
12.72,3.85,0.0,0.0,0.0
11.82,2.69,0.0,0.0,0.0
10.92,1.67,0.0,0.0,0.0
10.02,6.71,0.0,0.0,0.0
9.13,7.05,0.0,0.0,0.0
5.08,7.21,0.0,0.0,0.0
2.38,2.52,0.0,0.0,0.0
2.38,0.0,0.0,0.0,0.0
1.92,0.0,0.0,0.0,0.0
2.37,0.0,0.0,0.0,0.0
1.92,0.0,0.0,0.0,0.0
3.27,0.0,0.0,0.0,0.0
6.43,0.0,0.0,0.0,0.0
6.88,2.56,0.0,0.0,0.0
7.78,2.51,0.0,0.0,0.0
9.13,5.53,0.0,0.0,0.0
10.47,2.18,0.0,0.0,0.0
12.72,1.68,0.0,0.0,0.0
14.07,12.07,0.0,0.0,0.0
13.17,5.2,0.0,0.0,0.0
12.27,16.44,0.0,0.0,0.0
11.37,15.43,0.0,0.0,0.0
11.37,3.69,0.0,0.0,0.0
12.72,5.19,0.0,0.0,0.0
12.72,3.86,0.0,0.0,0.0
11.82,2.68,0.0,0.0,0.0
10.92,1.68,0.0,0.0,0.0
10.02,6.71,0.0,0.0,0.0
9.13,7.04,0.0,0.0,0.0
5.08,7.21,0.0,0.0,0.0
2.38,2.51,0.0,0.0,0.0
2.38,0.0,0.0,0.0,0.0
1.92,0.0,0.0,0.0,0.0
2.37,0.0,0.0,0.0,0.0
1.92,0.0,0.0,0.0,0.0
3.27,0.0,0.0,0.0,0.0
6.43,0.0,0.0,0.0,0.0
6.88,2.55,0.0,0.0,0.0
7.78,2.52,0.0,0.0,0.0
9.13,5.53,0.0,0.0,0.0
10.47,2.18,0.0,0.0,0.0
12.72,1.67,0.0,0.0,0.0
14.07,12.08,1.74,0.0,0.0
13.17,5.2,3.05,0.0,0.0
12.27,16.43,3.28,0.0,0.0
11.37,15.43,3.39,0.0,0.0
11.37,3.69,2.76,0.0,0.0
12.72,5.19,1.97,0.0,0.0
12.72,3.86,0.6,0.0,0.0
11.82,2.68,0.0,0.0,0.0
10.92,1.67,0.0,0.0,0.0
10.02,6.71,0.0,0.0,0.0
9.13,7.04,0.0,0.0,0.0
5.08,7.21,0.0,0.0,0.0
2.38,2.51,0.0,0.0,0.0
2.38,0.0,0.0,0.0,0.0
1.92,0.0,0.0,0.0,0.0
2.37,0.0,0.0,0.0,0.0
1.92,0.0,0.0,0.0,0.0
3.27,0.0,0.0,0.0,0.0
6.41,0.0,0.0,0.0,0.0
6.88,0.0,0.0,0.0,0.0
7.78,2.55,0.0,0.0,0.0
9.13,2.52,0.0,0.0,0.0
10.47,2.52,0.91,0.0,0.0
12.72,1.67,4.73,0.0,0.0
14.07,12.08,10.14,0.0,0.0
13.17,10.07,15.03,0.0,0.0
12.27,16.43,16.85,0.0,0.0
11.37,15.43,15.79,0.0,0.0
11.37,4.19,12.78,0.0,0.0
12.72,4.19,8.71,0.0,0.0
12.72,3.86,7.54,0.0,0.0
11.82,2.68,7.05,0.0,0.0
10.92,1.68,7.21,0.0,0.0
10.02,6.7,7.33,0.0,0.0
9.13,7.04,6.91,0.0,0.0
5.08,7.21,2.49,0.0,0.0
2.38,0.0,1.04,0.0,0.0
2.38,0.0,0.0,0.0,0.0
1.92,0.0,0.0,0.0,0.0
2.37,0.0,0.0,0.0,0.0
1.92,0.0,0.33,0.0,0.0
3.27,0.0,0.06,0.0,0.0
6.41,0.0,0.21,0.0,0.0
6.88,0.0,0.0,0.0,0.0
7.78,2.58,0.17,0.0,0.0
9.13,2.52,2.0,0.0,0.0
10.47,2.52,4.17,0.0,0.0
12.72,1.67,7.09,0.0,0.0
14.07,12.08,9.83,0.0,0.0
13.17,10.06,11.47,0.0,0.0
12.27,16.43,10.93,0.0,0.0
11.37,15.43,9.75,0.0,0.0
11.37,4.19,9.9,0.0,0.0
12.72,4.19,10.5,0.0,0.0
12.72,3.86,10.44,0.0,0.0
11.82,2.68,10.75,0.0,0.0
10.92,1.68,11.46,0.0,0.0
10.02,6.7,12.0,0.0,0.0
9.13,7.04,12.04,0.0,0.0
5.08,7.21,7.8,0.0,0.0
2.38,0.0,4.91,0.0,0.0
2.38,0.0,0.0,0.0,0.0
1.92,0.0,0.0,0.0,0.0
2.37,0.0,0.0,0.0,0.0
1.92,0.0,0.0,0.0,0.0
3.27,0.0,0.0,0.0,0.0
6.43,0.0,0.0,0.0,0.0
6.88,2.57,0.0,0.0,0.0
7.78,2.51,0.0,0.0,0.0
9.13,5.53,0.0,0.0,0.0
10.47,2.18,0.0,0.0,0.0
12.72,1.67,0.0,0.0,0.0
14.07,12.07,0.0,0.0,0.0
13.17,5.2,0.0,0.0,0.0
12.27,16.42,0.0,0.0,0.0
11.37,15.43,0.0,0.0,0.0
11.37,3.69,0.0,0.0,0.0
12.72,5.19,0.0,0.0,0.0
12.72,3.85,0.0,0.0,0.0
11.82,2.68,0.0,0.0,0.0
10.92,1.67,0.0,0.0,0.0
10.02,6.71,0.0,0.0,0.0
9.13,7.04,0.0,0.0,0.0
5.08,7.21,0.0,0.0,0.0
2.38,2.51,0.0,0.0,0.0
2.38,0.0,0.0,0.0,0.0
1.92,0.0,0.0,0.0,0.0
2.37,0.0,0.0,0.0,0.0
1.92,0.0,0.0,0.0,0.0
3.27,0.0,0.0,0.0,0.0
6.43,0.0,0.0,0.0,0.0
6.88,2.55,0.0,0.0,0.0
7.78,2.51,0.0,0.0,0.0
9.13,5.53,0.0,0.0,0.0
10.47,2.18,0.0,0.0,0.0
12.72,1.67,0.0,0.0,0.0
14.07,12.07,2.2,0.0,0.0
13.17,5.2,4.97,0.0,0.0
12.27,16.42,7.36,0.0,0.0
11.37,15.42,8.84,0.0,0.0
11.37,3.69,9.59,0.0,0.0
12.72,5.19,9.52,0.0,0.0
12.72,3.85,9.1,0.0,0.0
11.82,2.68,8.92,0.0,0.0
10.92,1.67,8.13,0.0,0.0
10.02,6.7,9.13,0.0,0.0
9.13,7.04,9.81,0.0,0.0
5.08,7.2,5.17,0.0,0.0
2.38,2.51,1.06,0.0,0.0
2.38,0.0,0.0,0.0,0.0
1.92,0.0,0.0,0.0,0.0
2.37,0.0,0.0,0.0,0.0
1.92,0.0,0.0,0.0,0.0
3.27,0.0,0.0,0.0,0.0
6.43,0.0,0.0,0.0,0.0
6.88,2.55,0.0,0.0,0.0
7.78,2.51,0.0,0.0,0.0
9.13,5.53,0.0,0.0,0.0
10.47,2.18,0.0,0.0,0.0
12.72,1.67,0.0,0.0,0.0
14.07,12.06,0.0,0.0,0.0
13.17,5.2,0.0,0.0,0.0
12.27,16.41,0.0,0.0,0.0
11.37,15.41,0.0,0.0,0.0
11.37,3.69,0.0,0.0,0.0
12.72,5.19,0.0,0.0,0.0
12.72,3.85,0.0,0.0,0.0
11.82,2.68,0.0,0.0,0.0
10.92,1.67,0.0,0.0,0.0
10.02,6.7,0.0,0.0,0.0
9.13,7.03,0.0,0.0,0.0
5.08,7.2,0.0,0.0,0.0
2.38,2.51,0.0,0.0,0.0
2.38,0.0,0.0,0.0,0.0
1.92,0.0,0.0,0.0,0.0
2.37,0.0,0.0,0.0,0.0
1.92,0.0,0.0,0.0,0.0
3.27,0.0,0.0,0.0,0.0
6.43,0.0,0.0,0.0,0.0
6.88,2.55,0.0,0.0,0.0
7.78,2.51,0.0,0.0,0.0
9.13,5.52,0.0,0.0,0.0
10.47,2.18,0.0,0.0,0.0
12.72,1.67,0.0,0.0,0.0
14.07,12.06,0.0,0.0,0.0
13.17,5.19,0.0,0.0,0.0
12.27,16.41,0.0,0.0,0.0
11.37,15.41,0.0,0.0,0.0
11.37,3.69,0.0,0.0,0.0
12.72,5.19,0.0,0.0,0.0
12.72,3.85,0.0,0.0,0.0
11.82,2.68,0.0,0.0,0.0
10.92,1.67,0.0,0.0,0.0
10.02,6.7,0.0,0.0,0.0
9.13,7.03,0.0,0.0,0.0
5.08,7.2,0.0,0.0,0.0
2.38,2.51,0.0,0.0,0.0
2.38,0.0,0.0,0.0,0.0
1.92,0.0,0.0,0.0,0.0
2.37,0.0,0.0,0.0,0.0
1.92,0.0,0.0,0.0,0.0
3.27,0.0,0.0,0.0,0.0
6.43,0.0,0.0,0.0,0.0
6.88,2.54,0.0,0.0,0.0
7.78,2.51,0.0,0.0,0.0
9.13,5.52,0.0,0.0,0.0
10.47,2.18,0.0,0.0,0.0
12.72,1.67,0.0,0.0,0.0
14.07,12.06,0.0,0.0,0.0
13.17,5.19,0.0,0.0,0.0
12.27,16.4,0.0,0.0,0.0
11.37,15.41,0.0,0.0,0.0
11.37,3.68,0.0,0.0,0.0
12.72,5.18,0.0,0.0,0.0
12.72,3.85,0.0,0.0,0.0
11.82,2.68,0.0,0.0,0.0
10.92,1.67,0.0,0.0,0.0
10.02,6.7,0.0,0.0,0.0
9.13,7.03,0.0,0.0,0.0
5.08,7.2,0.0,0.0,0.0
2.38,2.51,0.0,0.0,0.0
2.38,0.0,0.0,0.0,0.0
1.92,0.0,0.0,0.0,0.0
2.37,0.0,0.0,0.0,0.0
1.92,0.0,0.0,0.0,0.0
3.27,0.0,0.0,0.0,0.0
6.41,0.0,0.0,0.0,0.0
6.88,0.0,0.0,0.0,0.0
7.78,2.55,0.0,0.0,0.0
9.13,2.51,0.0,0.0,0.0
10.47,2.51,0.0,0.0,0.0
12.72,1.67,0.0,0.0,0.0
14.07,12.05,0.18,0.0,0.0
13.17,10.04,0.7,0.0,0.0
12.27,16.4,0.85,0.0,0.0
11.37,15.39,0.94,0.0,0.0
11.37,4.18,1.05,0.0,0.0
12.72,4.18,0.81,0.0,0.0
12.72,3.85,0.66,0.0,0.0
11.82,2.67,0.48,0.0,0.0
10.92,1.67,0.62,0.0,0.0
10.02,6.69,0.16,0.0,0.0
9.13,7.03,0.0,0.0,0.0
5.08,7.19,0.0,0.0,0.0
2.38,0.0,0.0,0.0,0.0
2.38,0.0,0.0,0.0,0.0
1.92,0.0,0.0,0.0,0.0
2.37,0.0,0.0,0.0,0.0
1.92,0.0,0.0,0.0,0.0
3.27,0.0,0.0,0.0,0.0
6.41,0.0,0.0,0.0,0.0
6.88,0.0,0.0,0.0,0.0
7.78,2.57,0.0,0.0,0.0
9.13,2.51,0.0,0.0,0.0
10.47,2.51,0.0,0.0,0.0
12.72,1.67,1.93,0.0,0.0
14.07,12.04,5.1,0.0,0.0
13.17,10.04,6.03,0.0,0.0
12.27,16.39,6.0,0.0,0.0
11.37,15.39,5.63,0.0,0.0
11.37,4.18,5.4,0.0,0.0
12.72,4.18,5.33,0.0,0.0
12.72,3.85,4.89,0.0,0.0
11.82,2.67,3.99,0.0,0.0
10.92,1.67,3.25,0.0,0.0
10.02,6.68,2.67,0.0,0.0
9.13,7.02,0.68,0.0,0.0
5.08,7.19,0.0,0.0,0.0
2.38,0.0,0.0,0.0,0.0
2.38,0.0,0.0,0.0,0.0
1.92,0.0,0.0,0.0,0.0
2.37,0.0,0.0,0.0,0.0
1.92,0.0,0.03,0.0,0.0
3.27,0.0,0.01,0.0,0.0
6.43,0.0,0.0,0.0,0.0
6.88,2.57,0.0,0.0,0.0
7.78,2.51,0.0,0.0,0.0
9.13,5.51,0.0,0.0,0.0
10.47,2.17,1.54,0.0,0.0
12.72,1.66,5.21,0.0,0.0
14.07,12.03,4.09,0.0,0.0
13.17,5.19,2.99,0.0,0.0
12.27,16.38,3.81,0.0,0.0
11.37,15.37,2.74,0.0,0.0
11.37,3.68,1.64,0.0,0.0
12.72,5.18,1.02,0.0,0.0
12.72,3.85,0.22,0.0,0.0
11.82,2.67,0.0,0.0,0.0
10.92,1.67,0.0,0.0,0.0
10.02,6.69,0.0,0.0,0.0
9.13,7.02,0.0,0.0,0.0
5.08,7.19,0.0,0.0,0.0
2.38,2.51,0.0,0.0,0.0
2.38,0.0,0.0,0.0,0.0
1.92,0.0,0.0,0.0,0.0
2.37,0.0,0.0,0.0,0.0
1.92,0.0,0.0,0.0,0.0
3.27,0.0,0.0,0.0,0.0
6.43,0.0,0.0,0.0,0.0
6.88,2.54,0.0,0.0,0.0
7.78,2.51,0.0,0.0,0.0
9.13,5.51,0.0,0.0,0.0
10.47,2.17,0.0,0.0,0.0
12.72,1.67,0.0,0.0,0.0
14.07,12.03,0.0,0.0,0.0
13.17,5.18,0.0,0.0,0.0
12.27,16.37,0.0,0.0,0.0
11.37,15.37,0.0,0.0,0.0
11.37,3.68,0.0,0.0,0.0
12.72,5.17,0.0,0.0,0.0
12.72,3.84,0.0,0.0,0.0
11.82,2.67,0.0,0.0,0.0
10.92,1.67,0.0,0.0,0.0
10.02,6.68,0.0,0.0,0.0
9.13,7.01,0.0,0.0,0.0
5.08,7.18,0.0,0.0,0.0
2.38,2.5,0.0,0.0,0.0
2.38,0.0,0.0,0.0,0.0
1.92,0.0,0.0,0.0,0.0
2.37,0.0,0.0,0.0,0.0
1.92,0.0,0.0,0.0,0.0
3.27,0.0,0.0,0.0,0.0
6.43,0.0,0.0,0.0,0.0
6.88,2.54,0.0,0.0,0.0
7.78,2.51,0.0,0.0,0.0
9.13,5.51,0.0,0.0,0.0
10.47,2.17,0.0,0.0,0.0
12.72,1.66,0.0,0.0,0.0
14.07,12.02,0.0,0.0,0.0
13.17,5.18,0.0,0.0,0.0
12.27,16.36,0.0,0.0,0.0
11.37,15.36,0.0,0.0,0.0
11.37,3.68,0.0,0.0,0.0
12.72,5.17,0.0,0.0,0.0
12.72,3.84,0.0,0.0,0.0
11.82,2.67,0.0,0.0,0.0
10.92,1.67,0.0,0.0,0.0
10.02,6.68,0.0,0.0,0.0
9.13,7.01,0.0,0.0,0.0
5.08,7.18,0.0,0.0,0.0
2.38,2.5,0.0,0.0,0.0
2.38,0.0,0.0,0.0,0.0
1.92,0.0,0.0,0.0,0.0
2.37,0.0,0.0,0.0,0.0
1.92,0.0,0.0,0.0,0.0
3.27,0.0,0.0,0.0,0.0
6.43,0.0,0.0,0.0,0.0
6.88,2.54,0.0,0.0,0.0
7.78,2.5,0.0,0.0,0.0
9.13,5.5,0.0,0.0,0.0
10.47,2.17,0.0,0.0,0.0
12.72,1.66,0.0,0.0,0.0
14.07,12.01,0.0,0.0,0.0
13.17,5.18,0.0,0.0,0.0
12.27,16.35,0.0,0.0,0.0
11.37,15.35,0.0,0.0,0.0
11.37,3.67,0.21,0.0,0.0
12.72,5.17,0.18,0.0,0.0
12.72,3.84,0.0,0.0,0.0
11.82,2.67,0.0,0.0,0.0
10.92,1.67,0.0,0.0,0.0
10.02,6.67,0.0,0.0,0.0
9.13,7.01,0.0,0.0,0.0
5.08,7.17,0.0,0.0,0.0
2.38,2.5,0.0,0.0,0.0
2.38,0.0,0.0,0.0,0.0
1.92,0.0,0.0,0.0,0.0
2.37,0.0,0.0,0.0,0.0
1.92,0.0,0.0,0.0,0.0
3.27,0.0,0.0,0.0,0.0
6.43,0.0,0.0,0.0,0.0
6.88,2.54,0.0,0.0,0.0
7.78,2.5,0.0,0.0,0.0
9.13,5.5,0.0,0.0,0.0
10.47,2.17,0.0,0.0,0.0
12.72,1.67,0.0,0.0,0.0
14.07,12.0,2.57,0.0,0.0
13.17,5.17,3.72,0.0,0.0
12.27,16.34,4.4,0.0,0.0
11.37,15.34,4.56,0.0,0.0
11.37,3.67,4.23,0.0,0.0
12.72,5.16,4.22,0.0,0.0
12.72,3.84,3.88,0.0,0.0
11.82,2.66,3.58,0.0,0.0
10.92,1.67,2.74,0.0,0.0
10.02,6.67,3.11,0.0,0.0
9.13,7.0,2.55,0.0,0.0
5.08,7.17,0.3,0.0,0.0
2.38,2.5,0.81,0.0,0.0
2.38,0.0,0.0,0.0,0.0
1.92,0.0,0.0,0.0,0.0
2.37,0.0,0.0,0.0,0.0
1.92,0.0,0.0,0.0,0.0
3.27,0.0,0.0,0.0,0.0
6.41,0.0,0.0,0.0,0.0
6.88,0.0,0.0,0.0,0.0
7.78,2.55,0.0,0.0,0.0
9.13,2.49,0.0,0.0,0.0
10.47,2.5,0.0,0.0,0.0
12.72,1.66,0.0,0.0,0.0
14.07,12.0,0.0,0.0,0.0
13.17,10.0,0.07,0.0,0.0
12.27,16.34,0.66,0.0,0.0
11.37,15.33,1.29,0.0,0.0
11.37,4.17,1.7,0.0,0.0
12.72,4.17,1.72,0.0,0.0
12.72,3.83,0.98,0.0,0.0
11.82,2.67,0.08,0.0,0.0
10.92,1.66,0.0,0.0,0.0
10.02,6.67,0.0,0.0,0.0
9.13,7.0,0.0,0.0,0.0
5.08,7.16,0.0,0.0,0.0
2.38,0.0,0.0,0.0,0.0
2.38,0.0,0.0,0.0,0.0
1.92,0.0,0.0,0.0,0.0
2.37,0.0,0.0,0.0,0.0
1.92,0.0,0.0,0.0,0.0
3.27,0.0,0.0,0.0,0.0
6.41,0.0,0.0,0.0,0.0
6.88,0.0,0.0,0.0,0.0
7.78,2.55,0.0,0.0,0.0
9.13,2.49,0.0,0.0,0.0
10.47,2.5,0.0,0.0,0.0
12.72,1.67,1.99,0.0,0.0
14.07,11.99,5.37,0.0,0.0
13.17,9.99,6.56,0.0,0.0
12.27,16.32,6.22,0.0,0.0
11.37,15.33,6.0,0.0,0.0
11.37,4.16,6.17,0.0,0.0
12.72,4.16,5.86,0.0,0.0
12.72,3.83,5.15,0.0,0.0
11.82,2.66,4.6,0.0,0.0
10.92,1.67,4.26,0.0,0.0
10.02,6.66,3.6,0.0,0.0
9.13,6.99,1.52,0.0,0.0
5.08,7.16,0.0,0.0,0.0
2.38,0.0,0.0,0.0,0.0
2.38,0.0,0.0,0.0,0.0
1.92,0.0,0.0,0.0,0.0
2.37,0.0,0.0,0.0,0.0
1.92,0.0,0.12,0.0,0.0
3.27,0.0,0.0,0.0,0.0
6.41,0.0,0.12,0.0,0.0
6.88,0.0,0.0,0.0,0.0
7.78,2.56,0.0,0.0,0.0
9.13,2.5,1.02,0.0,0.0
10.47,2.5,4.03,0.0,0.0
12.72,1.66,8.92,0.0,0.0
14.07,11.98,15.83,0.0,0.0
13.17,9.99,19.8,0.0,0.0
12.27,16.3,20.6,0.0,0.0
11.37,15.31,19.54,0.0,0.0
11.37,4.16,18.72,0.0,0.0
12.72,4.16,17.47,0.0,0.0
12.72,3.83,13.65,0.0,0.0
11.82,2.66,10.67,0.0,0.0
10.92,1.66,8.66,0.0,0.0
10.02,6.65,7.81,0.0,0.0
9.13,6.99,6.04,0.0,0.0
5.08,7.15,1.5,0.0,0.0
2.38,0.0,0.75,0.0,0.0
2.38,0.0,0.0,0.0,0.0
1.92,0.0,0.0,0.0,0.0
2.37,0.0,0.0,0.0,0.0
1.92,0.0,0.25,0.0,0.0
3.27,0.0,0.59,0.0,0.0
6.43,0.0,1.31,0.0,0.0
6.88,2.55,0.41,0.0,0.0
7.78,2.5,0.0,0.0,0.0
9.13,5.48,1.71,0.0,0.0
10.47,2.16,3.0,0.0,0.0
12.72,1.66,5.76,0.0,0.0
14.07,11.97,10.7,0.0,0.0
13.17,5.16,20.68,0.0,0.0
12.27,16.3,24.45,0.0,0.0
11.37,15.29,22.17,0.0,0.0
11.37,3.66,18.61,0.0,0.0
12.72,5.15,16.31,0.0,0.0
12.72,3.83,10.52,0.0,0.0
11.82,2.65,8.37,0.0,0.0
10.92,1.67,7.82,0.0,0.0
10.02,6.65,7.25,0.0,0.0
9.13,6.98,6.67,0.0,0.0
5.08,7.15,3.32,0.0,0.0
2.38,2.5,2.23,0.0,0.0
2.38,0.0,0.0,0.0,0.0
1.92,0.0,0.0,0.0,0.0
2.37,0.0,0.0,0.0,0.0
1.92,0.0,0.48,0.0,0.0
3.27,0.0,0.28,0.0,0.0
6.43,0.0,0.34,0.0,0.0
6.88,2.54,0.0,0.0,0.0
7.78,2.49,0.24,0.0,0.0
9.13,5.48,4.17,0.0,0.0
10.47,2.16,6.63,0.0,0.0
12.72,1.67,13.39,0.0,0.0
14.07,11.96,23.27,0.0,0.0
13.17,5.14,29.57,0.0,0.0
12.27,16.28,28.71,0.0,0.0
11.37,15.29,26.0,0.0,0.0
11.37,3.65,23.42,0.0,0.0
12.72,5.15,21.24,0.0,0.0
12.72,3.82,16.8,0.0,0.0
11.82,2.66,12.51,0.0,0.0
10.92,1.66,9.92,0.0,0.0
10.02,6.64,9.52,0.0,0.0
9.13,6.98,9.05,0.0,0.0
5.08,7.14,5.15,0.0,0.0
2.38,2.49,3.24,0.0,0.0
2.38,0.0,0.0,0.0,0.0
1.92,0.0,0.0,0.0,0.0
2.37,0.0,0.0,0.0,0.0
1.92,0.0,0.59,0.0,0.0
3.27,0.0,0.31,0.0,0.0
6.43,0.0,0.48,0.0,0.0
6.88,2.54,0.85,0.0,0.0
7.78,2.48,1.5,0.0,0.0
9.13,5.48,5.07,0.0,0.0
10.47,2.16,10.79,0.0,0.0
12.72,1.66,23.6,0.0,0.0
14.07,11.95,32.18,0.0,0.0
13.17,5.14,37.05,0.0,0.0
12.27,16.26,37.65,0.0,0.0
11.37,15.28,33.58,0.0,0.0
11.37,3.65,28.61,0.0,0.0
12.72,5.14,26.63,0.0,0.0
12.72,3.82,26.72,0.0,0.0
11.82,2.65,27.4,0.0,0.0
10.92,1.66,25.74,0.0,0.0
10.02,6.64,22.48,0.0,0.0
9.13,6.97,15.48,0.0,0.0
5.08,7.14,10.86,0.0,0.0
2.38,2.49,7.75,0.0,0.0
2.38,0.0,0.0,0.0,0.0
1.92,0.0,0.0,0.0,0.0
2.37,0.0,0.0,0.0,0.0
1.92,0.0,0.0,0.0,0.0
3.27,0.0,0.02,0.0,0.0
6.43,0.0,0.06,0.0,0.0
6.88,2.53,0.0,0.0,0.0
7.78,2.48,0.0,0.0,0.0
9.13,5.47,0.0,0.0,0.0
10.47,2.15,0.0,0.0,0.0
12.72,1.66,0.16,0.0,0.0
14.07,11.94,1.29,0.0,0.0
13.17,5.14,1.81,0.0,0.0
12.27,16.26,2.76,0.0,0.0
11.37,15.26,2.95,0.0,0.0
11.37,3.65,2.69,0.0,0.0
12.72,5.14,2.54,0.0,0.0
12.72,3.81,2.23,0.0,0.0
11.82,2.65,1.91,0.0,0.0
10.92,1.66,1.21,0.0,0.0
10.02,6.63,0.7,0.0,0.0
9.13,6.97,0.0,0.0,0.0
5.08,7.13,0.0,0.0,0.0
2.38,2.49,0.0,0.0,0.0
2.38,0.0,0.0,0.0,0.0
1.92,0.0,0.0,0.0,0.0
2.37,0.0,0.0,0.0,0.0
1.92,0.0,0.0,0.0,0.0
3.27,0.0,0.0,0.0,0.0
6.41,0.0,0.0,0.0,0.0
6.88,0.0,0.0,0.0,0.0
7.78,2.54,0.0,0.0,0.0
9.13,2.48,0.0,0.0,0.0
10.47,2.48,0.15,0.0,0.0
12.72,1.66,1.43,0.0,0.0
14.07,11.92,3.57,0.0,0.0
13.17,9.94,4.25,0.0,0.0
12.27,16.23,4.49,0.0,0.0
11.37,15.25,4.82,0.0,0.0
11.37,4.14,4.49,0.0,0.0
12.72,4.14,3.83,0.0,0.0
12.72,3.81,3.37,0.0,0.0
11.82,2.65,3.15,0.0,0.0
10.92,1.66,2.91,0.0,0.0
10.02,6.62,2.36,0.0,0.0
9.13,6.96,1.87,0.0,0.0
5.08,7.12,0.0,0.0,0.0
2.38,0.0,0.06,0.0,0.0
2.38,0.0,0.0,0.0,0.0
1.92,0.0,0.0,0.0,0.0
2.37,0.0,0.0,0.0,0.0
1.92,0.0,0.14,0.0,0.0
3.27,0.0,0.0,0.0,0.0
6.41,0.0,0.02,0.0,0.0
6.88,0.0,0.0,0.0,0.0
7.78,2.53,0.0,0.0,0.0
9.13,2.48,0.0,0.0,0.0
10.47,2.48,1.36,0.0,0.0
12.72,1.65,4.51,0.0,0.0
14.07,11.91,6.28,0.0,0.0
13.17,9.93,6.11,0.0,0.0
12.27,16.22,6.18,0.0,0.0
11.37,15.24,7.21,0.0,0.0
11.37,4.14,8.55,0.0,0.0
12.72,4.13,9.04,0.0,0.0
12.72,3.81,8.47,0.0,0.0
11.82,2.64,6.8,0.0,0.0
10.92,1.66,6.23,0.0,0.0
10.02,6.61,6.77,0.0,0.0
9.13,6.95,5.77,0.0,0.0
5.08,7.11,1.45,0.0,0.0
2.38,0.0,1.22,0.0,0.0
2.38,0.0,0.0,0.0,0.0
1.92,0.0,0.0,0.0,0.0
2.37,0.0,0.0,0.0,0.0
1.92,0.0,0.27,0.0,0.0
3.27,0.0,0.0,0.0,0.0
6.43,0.0,0.08,0.0,0.0
6.88,2.54,0.0,0.0,0.0
7.78,2.48,0.0,0.0,0.0
9.13,5.45,0.0,0.0,0.0
10.47,2.15,0.07,0.0,0.0
12.72,1.65,2.07,0.0,0.0
14.07,11.9,3.99,0.0,0.0
13.17,5.13,4.99,0.0,0.0
12.27,16.21,5.62,0.0,0.0
11.37,15.21,6.06,0.0,0.0
11.37,3.64,6.52,0.0,0.0
12.72,5.12,6.76,0.0,0.0
12.72,3.81,6.36,0.0,0.0
11.82,2.64,5.85,0.0,0.0
10.92,1.66,5.5,0.0,0.0
10.02,6.61,4.83,0.0,0.0
9.13,6.94,3.84,0.0,0.0
5.08,7.11,0.21,0.0,0.0
2.38,2.48,0.48,0.0,0.0
2.38,0.0,0.0,0.0,0.0
1.92,0.0,0.0,0.0,0.0
2.37,0.0,0.0,0.0,0.0
1.92,0.0,0.15,0.0,0.0
3.27,0.0,0.15,0.0,0.0
6.43,0.0,0.31,0.0,0.0
6.88,2.53,0.0,0.0,0.0
7.78,2.47,0.0,0.0,0.0
9.13,5.45,1.53,0.0,0.0
10.47,2.15,3.33,0.0,0.0
12.72,1.65,5.73,0.0,0.0
14.07,11.89,7.2,0.0,0.0
13.17,5.12,7.67,0.0,0.0
12.27,16.18,8.33,0.0,0.0
11.37,15.2,8.83,0.0,0.0
11.37,3.63,8.74,0.0,0.0
12.72,5.11,8.48,0.0,0.0
12.72,3.8,7.8,0.0,0.0
11.82,2.64,7.35,0.0,0.0
10.92,1.65,7.05,0.0,0.0
10.02,6.6,7.56,0.0,0.0
9.13,6.93,6.97,0.0,0.0
5.08,7.1,3.53,0.0,0.0
2.38,2.48,2.45,0.0,0.0
2.38,0.0,0.0,0.0,0.0
1.92,0.0,0.0,0.0,0.0
2.37,0.0,0.0,0.0,0.0
1.92,0.0,0.25,0.0,0.0
3.27,0.0,0.0,0.0,0.0
6.43,0.0,0.05,0.0,0.0
6.88,2.52,0.0,0.0,0.0
7.78,2.47,0.0,0.0,0.0
9.13,5.44,0.0,0.0,0.0
10.47,2.14,0.0,0.0,0.0
12.72,1.65,0.0,0.0,0.0
14.07,11.88,0.0,0.0,0.0
13.17,5.11,0.0,0.0,0.0
12.27,16.17,0.0,0.0,0.0
11.37,15.18,0.0,0.0,0.0
11.37,3.63,0.0,0.0,0.0
12.72,5.11,0.0,0.0,0.0
12.72,3.8,0.0,0.0,0.0
11.82,2.63,0.0,0.0,0.0
10.92,1.65,0.0,0.0,0.0
10.02,6.59,0.0,0.0,0.0
9.13,6.93,0.0,0.0,0.0
5.08,7.09,0.0,0.0,0.0
2.38,2.48,0.0,0.0,0.0
2.38,0.0,0.0,0.0,0.0
1.92,0.0,0.0,0.0,0.0
2.37,0.0,0.0,0.0,0.0
1.92,0.0,0.0,0.0,0.0
3.27,0.0,0.0,0.0,0.0
6.43,0.0,0.0,0.0,0.0
6.88,2.52,0.0,0.0,0.0
7.78,2.47,0.0,0.0,0.0
9.13,5.44,0.0,0.0,0.0
10.47,2.14,0.0,0.0,0.0
12.72,1.65,0.0,0.0,0.0
14.07,11.86,0.0,0.0,0.0
13.17,5.1,0.0,0.0,0.0
12.27,16.15,0.0,0.0,0.0
11.37,15.17,0.0,0.0,0.0
11.37,3.62,0.0,0.0,0.0
12.72,5.11,0.0,0.0,0.0
12.72,3.79,0.0,0.0,0.0
11.82,2.64,0.0,0.0,0.0
10.92,1.65,0.0,0.0,0.0
10.02,6.59,0.0,0.0,0.0
9.13,6.92,0.0,0.0,0.0
5.08,7.08,0.0,0.0,0.0
2.38,2.47,0.0,0.0,0.0
2.38,0.0,0.0,0.0,0.0
1.92,0.0,0.0,0.0,0.0
2.37,0.0,0.0,0.0,0.0
1.92,0.0,0.0,0.0,0.0
3.27,0.0,0.0,0.0,0.0
6.43,0.0,0.0,0.0,0.0
6.88,2.51,0.0,0.0,0.0
7.78,2.47,0.0,0.0,0.0
9.13,5.43,0.0,0.0,0.0
10.47,2.14,0.0,0.0,0.0
12.72,1.65,0.0,0.0,0.0
14.07,11.85,1.4,0.0,0.0
13.17,5.1,2.38,0.0,0.0
12.27,16.14,2.9,0.0,0.0
11.37,15.15,3.09,0.0,0.0
11.37,3.62,3.09,0.0,0.0
12.72,5.11,2.85,0.0,0.0
12.72,3.78,2.55,0.0,0.0
11.82,2.63,2.25,0.0,0.0
10.92,1.64,1.14,0.0,0.0
10.02,6.58,1.34,0.0,0.0
9.13,6.91,0.45,0.0,0.0
5.08,7.08,0.0,0.0,0.0
2.38,2.46,0.03,0.0,0.0
2.38,0.0,0.0,0.0,0.0
1.92,0.0,0.0,0.0,0.0
2.37,0.0,0.0,0.0,0.0
1.92,0.0,0.09,0.0,0.0
3.27,0.0,0.0,0.0,0.0
6.41,0.0,0.07,0.0,0.0
6.88,0.0,0.0,0.0,0.0
7.78,2.53,0.0,0.0,0.0
9.13,2.47,2.08,0.0,0.0
10.47,2.46,4.88,0.0,0.0
12.72,1.64,9.08,0.0,0.0
14.07,11.84,18.96,0.0,0.0
13.17,9.87,22.05,0.0,0.0
12.27,16.11,21.48,0.0,0.0
11.37,15.12,20.77,0.0,0.0
11.37,4.11,20.57,0.0,0.0
12.72,4.11,19.59,0.0,0.0
12.72,3.78,14.12,0.0,0.0
11.82,2.63,8.79,0.0,0.0
10.92,1.64,7.49,0.0,0.0
10.02,6.58,7.02,0.0,0.0
9.13,6.9,6.46,0.0,0.0
5.08,7.07,2.6,0.0,0.0
2.38,0.0,0.98,0.0,0.0
2.38,0.0,0.0,0.0,0.0
1.92,0.0,0.0,0.0,0.0
2.37,0.0,0.0,0.0,0.0
1.92,0.0,0.19,0.0,0.0
3.27,0.0,0.0,0.0,0.0
6.41,0.0,0.06,0.0,0.0
6.88,0.0,0.0,0.0,0.0
7.78,2.52,0.4,0.0,0.0
9.13,2.46,3.2,0.0,0.0
10.47,2.46,6.27,0.0,0.0
12.72,1.64,14.09,0.0,0.0
14.07,11.82,21.86,0.0,0.0
13.17,9.85,24.62,0.0,0.0
12.27,16.09,24.99,0.0,0.0
11.37,15.11,22.82,0.0,0.0
11.37,4.1,20.01,0.0,0.0
12.72,4.11,17.7,0.0,0.0
12.72,3.77,10.84,0.0,0.0
11.82,2.63,9.24,0.0,0.0
10.92,1.64,9.09,0.0,0.0
10.02,6.57,8.67,0.0,0.0
9.13,6.9,7.82,0.0,0.0
5.08,7.06,3.75,0.0,0.0
2.38,0.0,1.84,0.0,0.0
2.38,0.0,0.0,0.0,0.0
1.92,0.0,0.0,0.0,0.0
2.37,0.0,0.0,0.0,0.0
1.92,0.0,0.39,0.0,0.0
3.27,0.0,0.0,0.0,0.0
6.43,0.0,0.1,0.0,0.0
6.88,2.51,0.0,0.0,0.0
7.78,2.45,0.0,0.0,0.0
9.13,5.41,0.0,0.0,0.0
10.47,2.13,0.0,0.0,0.0
12.72,1.64,0.0,0.0,0.0
14.07,11.81,0.0,0.0,0.0
13.17,5.08,0.0,0.0,0.0
12.27,16.07,0.0,0.0,0.0
11.37,15.09,0.0,0.0,0.0
11.37,3.61,0.0,0.0,0.0
12.72,5.08,0.0,0.0,0.0
12.72,3.77,0.0,0.0,0.0
11.82,2.62,0.0,0.0,0.0
10.92,1.64,0.0,0.0,0.0
10.02,6.55,0.0,0.0,0.0
9.13,6.89,0.0,0.0,0.0
5.08,7.05,0.0,0.0,0.0
2.38,2.46,0.0,0.0,0.0
2.38,0.0,0.0,0.0,0.0
1.92,0.0,0.0,0.0,0.0
2.37,0.0,0.0,0.0,0.0
1.92,0.0,0.0,0.0,0.0
3.27,0.0,0.0,0.0,0.0
6.43,0.0,0.0,0.0,0.0
6.88,2.5,0.0,0.0,0.0
7.78,2.45,0.0,0.0,0.0
9.13,5.4,0.0,0.0,0.0
10.47,2.13,0.0,0.0,0.0
12.72,1.64,0.0,0.0,0.0
14.07,11.79,0.0,0.0,0.0
13.17,5.07,0.0,0.0,0.0
12.27,16.05,0.0,0.0,0.0
11.37,15.08,0.0,0.0,0.0
11.37,3.6,0.0,0.0,0.0
12.72,5.08,0.0,0.0,0.0
12.72,3.76,0.0,0.0,0.0
11.82,2.62,0.0,0.0,0.0
10.92,1.63,0.0,0.0,0.0
10.02,6.55,0.0,0.0,0.0
9.13,6.88,0.0,0.0,0.0
5.08,7.04,0.0,0.0,0.0
2.38,2.46,0.0,0.0,0.0
2.38,0.0,0.0,0.0,0.0
1.92,0.0,0.0,0.0,0.0
2.37,0.0,0.0,0.0,0.0
1.92,0.0,0.0,0.0,0.0
3.27,0.0,0.0,0.0,0.0
6.43,0.0,0.0,0.0,0.0
6.88,2.49,0.0,0.0,0.0
7.78,2.46,0.0,0.0,0.0
9.13,5.39,0.0,0.0,0.0
10.47,2.12,0.0,0.0,0.0
12.72,1.64,0.0,0.0,0.0
14.07,11.77,0.0,0.0,0.0
13.17,5.06,0.0,0.0,0.0
12.27,16.03,0.0,0.0,0.0
11.37,15.05,0.0,0.0,0.0
11.37,3.59,0.1,0.0,0.0
12.72,5.07,0.27,0.0,0.0
12.72,3.76,0.3,0.0,0.0
11.82,2.62,0.04,0.0,0.0
10.92,1.63,0.0,0.0,0.0
10.02,6.54,0.0,0.0,0.0
9.13,6.87,0.0,0.0,0.0
5.08,7.03,0.0,0.0,0.0
2.38,2.45,0.0,0.0,0.0
2.38,0.0,0.0,0.0,0.0
1.92,0.0,0.0,0.0,0.0
2.37,0.0,0.0,0.0,0.0
1.92,0.0,0.0,0.0,0.0
3.27,0.0,0.0,0.0,0.0
6.43,0.0,0.0,0.0,0.0
6.88,2.48,0.0,0.0,0.0
7.78,2.45,0.0,0.0,0.0
9.13,5.38,0.0,0.0,0.0
10.47,2.12,0.0,0.0,0.0
12.72,1.64,0.0,0.0,0.0
14.07,11.76,0.0,0.0,0.0
13.17,5.06,0.0,0.0,0.0
12.27,16.01,0.0,0.0,0.0
11.37,15.03,0.0,0.0,0.0
11.37,3.59,0.0,0.0,0.0
12.72,5.06,0.0,0.0,0.0
12.72,3.75,0.0,0.0,0.0
11.82,2.61,0.0,0.0,0.0
10.92,1.63,0.0,0.0,0.0
10.02,6.53,0.0,0.0,0.0
9.13,6.86,0.0,0.0,0.0
5.08,7.02,0.0,0.0,0.0
2.38,2.45,0.0,0.0,0.0
2.38,0.0,0.0,0.0,0.0
1.92,0.0,0.0,0.0,0.0
2.37,0.0,0.0,0.0,0.0
1.92,0.0,0.0,0.0,0.0
3.27,0.0,0.0,0.0,0.0
6.43,0.0,0.0,0.0,0.0
6.88,2.48,0.0,0.0,0.0
7.78,2.45,0.0,0.0,0.0
9.13,5.38,0.0,0.0,0.0
10.47,2.12,0.0,0.0,0.0
12.72,1.63,0.0,0.0,0.0
14.07,11.74,0.0,0.0,0.0
13.17,5.05,0.0,0.0,0.0
12.27,15.99,0.0,0.0,0.0
11.37,15.0,0.0,0.0,0.0
11.37,3.59,0.0,0.0,0.0
12.72,5.05,0.0,0.0,0.0
12.72,3.75,0.0,0.0,0.0
11.82,2.61,0.0,0.0,0.0
10.92,1.63,0.0,0.0,0.0
10.02,6.52,0.0,0.0,0.0
9.13,6.85,0.0,0.0,0.0
5.08,7.01,0.0,0.0,0.0
2.38,2.44,0.0,0.0,0.0
2.38,0.0,0.0,0.0,0.0
1.92,0.0,0.0,0.0,0.0
2.37,0.0,0.0,0.0,0.0
1.92,0.0,0.0,0.0,0.0
3.27,0.0,0.0,0.0,0.0
6.41,0.0,0.0,0.0,0.0
6.88,0.0,0.0,0.0,0.0
7.78,2.5,0.0,0.0,0.0
9.13,2.44,0.0,0.0,0.0
10.47,2.44,0.0,0.0,0.0
12.72,1.63,0.43,0.0,0.0
14.07,11.73,3.71,0.0,0.0
13.17,9.78,4.86,0.0,0.0
12.27,15.96,5.11,0.0,0.0
11.37,14.98,5.26,0.0,0.0
11.37,4.07,5.26,0.0,0.0
12.72,4.07,5.14,0.0,0.0
12.72,3.74,4.74,0.0,0.0
11.82,2.61,4.22,0.0,0.0
10.92,1.62,3.76,0.0,0.0
10.02,6.51,3.27,0.0,0.0
9.13,6.84,2.76,0.0,0.0
5.08,7.0,0.0,0.0,0.0
2.38,0.0,0.0,0.0,0.0
1.92,0.0,0.0,0.0,0.0
2.37,0.0,0.0,0.0,0.0
1.92,0.0,0.05,0.0,0.0
3.27,0.0,0.0,0.0,0.0
6.41,0.0,0.0,0.0,0.0
6.88,0.0,0.0,0.0,0.0
7.78,2.5,0.0,0.0,0.0
9.13,2.44,0.0,0.0,0.0
10.47,2.44,0.66,0.0,0.0
12.72,1.62,3.86,0.0,0.0
14.07,11.71,6.01,0.0,0.0
13.17,9.76,6.44,0.0,0.0
12.27,15.94,6.35,0.0,0.0
11.37,14.96,6.32,0.0,0.0
11.37,4.07,6.36,0.0,0.0
12.72,4.07,7.61,0.0,0.0
12.72,3.73,8.11,0.0,0.0
11.82,2.61,6.19,0.0,0.0
10.92,1.62,5.51,0.0,0.0
10.02,6.5,5.01,0.0,0.0
9.13,6.83,3.94,0.0,0.0
5.08,6.99,0.2,0.0,0.0
2.38,0.0,0.03,0.0,0.0
2.38,0.0,0.0,0.0,0.0
1.92,0.0,0.0,0.0,0.0
2.37,0.0,0.0,0.0,0.0
1.92,0.0,0.0,0.0,0.0
3.27,0.0,0.0,0.0,0.0
6.43,0.0,0.0,0.0,0.0
6.88,2.49,0.0,0.0,0.0
7.78,2.44,0.0,0.0,0.0
9.13,5.35,0.0,0.0,0.0
10.47,2.11,0.4,0.0,0.0
12.72,1.62,3.24,0.0,0.0
14.07,11.68,5.89,0.0,0.0
13.17,5.03,9.61,0.0,0.0
12.27,15.91,14.98,0.0,0.0
11.37,14.95,16.27,0.0,0.0
11.37,3.57,15.86,0.0,0.0
12.72,5.04,16.35,0.0,0.0
12.72,3.73,15.32,0.0,0.0
11.82,2.6,11.53,0.0,0.0
10.92,1.62,7.18,0.0,0.0
10.02,6.49,6.41,0.0,0.0
9.13,6.82,5.7,0.0,0.0
5.08,6.98,2.51,0.0,0.0
2.38,2.44,1.18,0.0,0.0
2.38,0.0,0.0,0.0,0.0
1.92,0.0,0.0,0.0,0.0
2.37,0.0,0.0,0.0,0.0
1.92,0.0,0.21,0.0,0.0
3.27,0.0,0.71,0.0,0.0
6.43,0.0,1.86,0.0,0.0
6.88,2.48,1.25,0.0,0.0
7.78,2.43,0.18,0.0,0.0
9.13,5.35,3.1,0.0,0.0
10.47,2.11,4.2,0.0,0.0
12.72,1.61,5.96,0.0,0.0
14.07,11.67,7.89,0.0,0.0
13.17,5.03,8.46,0.0,0.0
12.27,15.88,8.47,0.0,0.0
11.37,14.91,9.08,0.0,0.0
11.37,3.57,9.52,0.0,0.0
12.72,5.02,9.47,0.0,0.0
12.72,3.73,9.14,0.0,0.0
11.82,2.59,8.62,0.0,0.0
10.92,1.62,7.89,0.0,0.0
10.02,6.48,6.94,0.0,0.0
9.13,6.81,5.94,0.0,0.0
5.08,6.97,2.0,0.0,0.0
2.38,2.43,1.21,0.0,0.0
2.38,0.0,0.0,0.0,0.0
1.92,0.0,0.0,0.0,0.0
2.37,0.0,0.0,0.0,0.0
1.92,0.0,0.08,0.0,0.0
3.27,0.0,0.0,0.0,0.0
6.43,0.0,0.13,0.0,0.0
6.88,2.46,0.0,0.0,0.0
7.78,2.43,0.0,0.0,0.0
9.13,5.34,1.34,0.0,0.0
10.47,2.1,2.39,0.0,0.0
12.72,1.62,4.16,0.0,0.0
14.07,11.65,5.14,0.0,0.0
13.17,5.02,5.22,0.0,0.0
12.27,15.86,5.4,0.0,0.0
11.37,14.9,5.74,0.0,0.0
11.37,3.56,5.8,0.0,0.0
12.72,5.01,5.56,0.0,0.0
12.72,3.73,4.51,0.0,0.0
11.82,2.58,3.14,0.0,0.0
10.92,1.62,2.32,0.0,0.0
10.02,6.47,1.84,0.0,0.0
9.13,6.8,1.35,0.0,0.0
5.08,6.96,0.0,0.0,0.0
2.38,2.42,0.0,0.0,0.0
2.38,0.0,0.0,0.0,0.0
1.92,0.0,0.0,0.0,0.0
2.37,0.0,0.0,0.0,0.0
1.92,0.0,0.0,0.0,0.0
3.27,0.0,0.0,0.0,0.0
6.43,0.0,0.0,0.0,0.0
6.88,2.46,0.0,0.0,0.0
7.78,2.42,0.0,0.0,0.0
9.13,5.33,0.0,0.0,0.0
10.47,2.1,0.0,0.0,0.0
12.72,1.62,0.0,0.0,0.0
14.07,11.63,0.66,0.0,0.0
13.17,5.01,1.27,0.0,0.0
12.27,15.83,1.94,0.0,0.0
11.37,14.88,2.38,0.0,0.0
11.37,3.56,2.52,0.0,0.0
12.72,5.0,2.67,0.0,0.0
12.72,3.72,2.78,0.0,0.0
11.82,2.58,2.35,0.0,0.0
10.92,1.62,1.7,0.0,0.0
10.02,6.46,1.05,0.0,0.0
9.13,6.79,0.23,0.0,0.0
5.08,6.95,0.0,0.0,0.0
2.38,2.42,0.0,0.0,0.0
2.38,0.0,0.0,0.0,0.0
1.92,0.0,0.0,0.0,0.0
2.37,0.0,0.0,0.0,0.0
1.92,0.0,0.0,0.0,0.0
3.27,0.0,0.0,0.0,0.0
6.43,0.0,0.0,0.0,0.0
6.88,2.45,0.0,0.0,0.0
7.78,2.42,0.0,0.0,0.0
9.13,5.32,0.0,0.0,0.0
10.47,2.09,0.0,0.0,0.0
12.72,1.62,0.98,0.0,0.0
14.07,11.61,3.9,0.0,0.0
13.17,5.0,5.1,0.0,0.0
12.27,15.8,5.15,0.0,0.0
11.37,14.85,5.47,0.0,0.0
11.37,3.55,5.79,0.0,0.0
12.72,4.99,5.74,0.0,0.0
12.72,3.71,5.51,0.0,0.0
11.82,2.58,5.06,0.0,0.0
10.92,1.62,4.56,0.0,0.0
10.02,6.45,4.07,0.0,0.0
9.13,6.78,3.26,0.0,0.0
5.08,6.94,0.73,0.0,0.0
2.38,2.42,0.81,0.0,0.0
2.38,0.0,0.0,0.0,0.0
1.92,0.0,0.0,0.0,0.0
2.37,0.0,0.0,0.0,0.0
1.92,0.0,0.28,0.0,0.0
3.27,0.0,0.0,0.0,0.0
6.41,0.0,0.13,0.0,0.0
6.88,0.0,0.0,0.0,0.0
7.78,2.46,0.0,0.0,0.0
9.13,2.41,0.35,0.0,0.0
10.47,2.42,2.38,0.0,0.0
12.72,1.61,5.13,0.0,0.0
14.07,11.59,6.65,0.0,0.0
13.17,9.66,6.58,0.0,0.0
12.27,15.78,6.59,0.0,0.0
11.37,14.82,7.25,0.0,0.0
11.37,4.03,8.05,0.0,0.0
12.72,4.03,8.08,0.0,0.0
12.72,3.7,7.98,0.0,0.0
11.82,2.58,8.22,0.0,0.0
10.92,1.61,8.26,0.0,0.0
10.02,6.44,8.11,0.0,0.0
9.13,6.76,8.28,0.0,0.0
5.08,6.92,5.9,0.0,0.0
2.38,0.0,3.52,0.0,0.0
2.38,0.0,0.0,0.0,0.0
1.92,0.0,0.0,0.0,0.0
2.37,0.0,0.0,0.0,0.0
1.92,0.0,1.09,0.0,0.0
3.27,0.0,0.97,0.0,0.0
6.41,0.0,3.05,0.0,0.0
6.88,0.0,3.91,0.0,0.0
7.78,2.47,4.13,0.0,0.0
9.13,2.42,5.13,0.0,0.0
10.47,2.41,8.14,0.0,0.0
12.72,1.61,15.65,0.0,0.0
14.07,11.57,19.58,0.0,0.0
13.17,9.65,26.19,0.0,0.0
12.27,15.75,27.06,0.0,0.0
11.37,14.8,20.35,0.0,0.0
11.37,4.02,15.44,0.0,0.0
12.72,4.02,14.27,0.0,0.0
12.72,3.69,10.56,0.0,0.0
11.82,2.58,7.8,0.0,0.0
10.92,1.6,7.15,0.0,0.0
10.02,6.43,6.43,0.0,0.0
9.13,6.75,5.78,0.0,0.0
5.08,6.91,1.94,0.0,0.0
2.38,0.0,0.86,0.0,0.0
2.38,0.0,0.0,0.0,0.0
1.92,0.0,0.0,0.0,0.0
2.37,0.0,0.0,0.0,0.0
1.92,0.0,0.0,0.0,0.0
3.27,0.0,0.0,0.0,0.0
6.43,0.0,0.0,0.0,0.0
6.88,2.47,0.0,0.0,0.0
7.78,2.41,0.0,0.0,0.0
9.13,5.29,0.0,0.0,0.0
10.47,2.08,0.0,0.0,0.0
12.72,1.61,0.0,0.0,0.0
14.07,11.55,0.0,0.0,0.0
13.17,4.97,0.0,0.0,0.0
12.27,15.72,0.0,0.0,0.0
11.37,14.78,0.0,0.0,0.0
11.37,3.53,0.0,0.0,0.0
12.72,4.97,0.0,0.0,0.0
12.72,3.7,0.0,0.0,0.0
11.82,2.57,0.0,0.0,0.0
10.92,1.61,0.0,0.0,0.0
10.02,6.42,0.0,0.0,0.0
9.13,6.74,0.0,0.0,0.0
5.08,6.9,0.0,0.0,0.0
2.38,2.41,0.0,0.0,0.0
2.38,0.0,0.0,0.0,0.0
1.92,0.0,0.0,0.0,0.0
2.37,0.0,0.0,0.0,0.0
1.92,0.0,0.0,0.0,0.0
3.27,0.0,0.0,0.0,0.0
6.43,0.0,0.0,0.0,0.0
6.88,2.44,0.0,0.0,0.0
7.78,2.41,0.0,0.0,0.0
9.13,5.28,0.0,0.0,0.0
10.47,2.08,0.0,0.0,0.0
12.72,1.6,0.0,0.0,0.0
14.07,11.53,0.0,0.0,0.0
13.17,4.97,0.33,0.0,0.0
12.27,15.7,1.41,0.0,0.0
11.37,14.74,2.41,0.0,0.0
11.37,3.53,2.65,0.0,0.0
12.72,4.96,2.41,0.0,0.0
12.72,3.69,1.99,0.0,0.0
11.82,2.56,1.16,0.0,0.0
10.92,1.6,0.12,0.0,0.0
10.02,6.41,0.0,0.0,0.0
9.13,6.73,0.0,0.0,0.0
5.08,6.89,0.0,0.0,0.0
2.38,2.4,0.0,0.0,0.0
2.38,0.0,0.0,0.0,0.0
1.92,0.0,0.0,0.0,0.0
2.37,0.0,0.0,0.0,0.0
1.92,0.0,0.0,0.0,0.0
3.27,0.0,0.0,0.0,0.0
6.43,0.0,0.0,0.0,0.0
6.88,2.44,0.0,0.0,0.0
7.78,2.4,0.0,0.0,0.0
9.13,5.28,0.0,0.0,0.0
10.47,2.08,0.16,0.0,0.0
12.72,1.6,2.95,0.0,0.0
14.07,11.52,6.13,0.0,0.0
13.17,4.96,9.69,0.0,0.0
12.27,15.67,14.47,0.0,0.0
11.37,14.72,14.28,0.0,0.0
11.37,3.52,13.51,0.0,0.0
12.72,4.95,14.45,0.0,0.0
12.72,3.68,13.36,0.0,0.0
11.82,2.56,11.92,0.0,0.0
10.92,1.59,8.07,0.0,0.0
10.02,6.4,6.29,0.0,0.0
9.13,6.72,5.07,0.0,0.0
5.08,6.87,1.07,0.0,0.0
2.38,2.4,0.66,0.0,0.0
2.38,0.0,0.0,0.0,0.0
1.92,0.0,0.0,0.0,0.0
2.37,0.0,0.0,0.0,0.0
1.92,0.0,0.21,0.0,0.0
3.27,0.0,0.0,0.0,0.0
6.43,0.0,0.09,0.0,0.0
6.88,2.44,0.0,0.0,0.0
7.78,2.39,0.0,0.0,0.0
9.13,5.27,0.14,0.0,0.0
10.47,2.08,0.65,0.0,0.0
12.72,1.59,2.46,0.0,0.0
14.07,11.49,4.75,0.0,0.0
13.17,4.95,5.68,0.0,0.0
12.27,15.65,5.76,0.0,0.0
11.37,14.68,7.79,0.0,0.0
11.37,3.51,10.36,0.0,0.0
12.72,4.95,11.14,0.0,0.0
12.72,3.67,10.84,0.0,0.0
11.82,2.56,9.53,0.0,0.0
10.92,1.59,6.22,0.0,0.0
10.02,6.39,5.26,0.0,0.0
9.13,6.7,4.76,0.0,0.0
5.08,6.86,1.6,0.0,0.0
2.38,2.4,0.68,0.0,0.0
2.38,0.0,0.0,0.0,0.0
1.92,0.0,0.0,0.0,0.0
2.37,0.0,0.0,0.0,0.0
1.92,0.0,0.04,0.0,0.0
3.27,0.0,0.05,0.0,0.0
6.43,0.0,0.13,0.0,0.0
6.88,2.44,0.0,0.0,0.0
7.78,2.39,0.0,0.0,0.0
9.13,5.26,0.0,0.0,0.0
10.47,2.07,0.62,0.0,0.0
12.72,1.59,5.08,0.0,0.0
14.07,11.47,10.68,0.0,0.0
13.17,4.93,15.71,0.0,0.0
12.27,15.62,16.72,0.0,0.0
11.37,14.67,14.45,0.0,0.0
11.37,3.5,11.78,0.0,0.0
12.72,4.94,10.08,0.0,0.0
12.72,3.66,8.79,0.0,0.0
11.82,2.55,6.67,0.0,0.0
10.92,1.6,5.9,0.0,0.0
10.02,6.37,5.43,0.0,0.0
9.13,6.7,4.78,0.0,0.0
5.08,6.85,1.71,0.0,0.0
2.38,2.39,0.99,0.0,0.0
2.38,0.0,0.0,0.0,0.0
1.92,0.0,0.0,0.0,0.0
2.37,0.0,0.0,0.0,0.0
1.92,0.0,0.19,0.0,0.0
3.27,0.0,0.0,0.0,0.0
6.41,0.0,0.11,0.0,0.0
6.88,0.0,0.0,0.0,0.0
7.78,2.43,0.0,0.0,0.0
9.13,2.38,1.73,0.0,0.0
10.47,2.38,4.74,0.0,0.0
12.72,1.59,9.96,0.0,0.0
14.07,11.45,20.43,0.0,0.0
13.17,9.55,23.25,0.0,0.0
12.27,15.59,23.79,0.0,0.0
11.37,14.63,21.96,0.0,0.0
11.37,3.98,21.98,0.0,0.0
12.72,3.98,22.96,0.0,0.0
12.72,3.65,21.01,0.0,0.0
11.82,2.55,17.32,0.0,0.0
10.92,1.59,12.24,0.0,0.0
10.02,6.35,8.84,0.0,0.0
9.13,6.68,8.58,0.0,0.0
5.08,6.84,5.47,0.0,0.0
2.38,0.0,2.86,0.0,0.0
2.38,0.0,0.0,0.0,0.0
1.92,0.0,0.0,0.0,0.0
2.37,0.0,0.0,0.0,0.0
1.92,0.0,0.91,0.0,0.0
3.27,0.0,0.43,0.0,0.0
6.41,0.0,1.56,0.0,0.0
6.88,0.0,2.17,0.0,0.0
7.78,2.44,3.67,0.0,0.0
9.13,2.38,5.44,0.0,0.0
10.47,2.38,6.66,0.0,0.0
12.72,1.58,8.18,0.0,0.0
14.07,11.43,10.25,0.0,0.0
13.17,9.53,13.02,0.0,0.0
12.27,15.56,8.82,0.0,0.0
11.37,14.6,6.88,0.0,0.0
11.37,3.97,6.01,0.0,0.0
12.72,3.97,5.35,0.0,0.0
12.72,3.65,4.24,0.0,0.0
11.82,2.54,3.37,0.0,0.0
10.92,1.59,3.15,0.0,0.0
10.02,6.34,3.02,0.0,0.0
9.13,6.67,2.38,0.0,0.0
5.08,6.83,0.0,0.0,0.0
2.38,0.0,0.0,0.0,0.0
2.38,0.0,0.0,0.0,0.0
1.92,0.0,0.0,0.0,0.0
2.37,0.0,0.0,0.0,0.0
1.92,0.0,0.01,0.0,0.0
3.27,0.0,0.0,0.0,0.0
6.43,0.0,0.0,0.0,0.0
6.88,2.43,0.0,0.0,0.0
7.78,2.37,0.0,0.0,0.0
9.13,5.23,0.0,0.0,0.0
10.47,2.06,0.0,0.0,0.0
12.72,1.58,0.0,0.0,0.0
14.07,11.4,1.44,0.0,0.0
13.17,4.91,2.01,0.0,0.0
12.27,15.52,2.56,0.0,0.0
11.37,14.59,3.59,0.0,0.0
11.37,3.49,3.65,0.0,0.0
12.72,4.9,3.41,0.0,0.0
12.72,3.65,3.4,0.0,0.0
11.82,2.53,2.96,0.0,0.0
10.92,1.58,2.55,0.0,0.0
10.02,6.34,2.37,0.0,0.0
9.13,6.65,1.83,0.0,0.0
5.08,6.81,0.0,0.0,0.0
2.38,2.38,0.08,0.0,0.0
2.38,0.0,0.0,0.0,0.0
1.92,0.0,0.0,0.0,0.0
2.37,0.0,0.0,0.0,0.0
1.92,0.0,0.0,0.0,0.0
3.27,0.0,0.0,0.0,0.0
6.43,0.0,0.0,0.0,0.0
6.88,2.42,0.0,0.0,0.0
7.78,2.37,0.0,0.0,0.0
9.13,5.22,0.0,0.0,0.0
10.47,2.05,0.0,0.0,0.0
12.72,1.58,0.18,0.0,0.0
14.07,11.38,2.18,0.0,0.0
13.17,4.9,3.28,0.0,0.0
12.27,15.5,3.69,0.0,0.0
11.37,14.56,3.84,0.0,0.0
11.37,3.48,3.68,0.0,0.0
12.72,4.9,3.38,0.0,0.0
12.72,3.64,3.07,0.0,0.0
11.82,2.53,2.45,0.0,0.0
10.92,1.58,1.82,0.0,0.0
10.02,6.33,1.46,0.0,0.0
9.13,6.64,0.5,0.0,0.0
5.08,6.8,0.0,0.0,0.0
2.38,2.37,0.0,0.0,0.0
2.38,0.0,0.0,0.0,0.0
1.92,0.0,0.0,0.0,0.0
2.37,0.0,0.0,0.0,0.0
1.92,0.0,0.0,0.0,0.0
3.27,0.0,0.0,0.0,0.0
6.43,0.0,0.0,0.0,0.0
6.88,2.42,0.0,0.0,0.0
7.78,2.36,0.0,0.0,0.0
9.13,5.21,0.0,0.0,0.0
10.47,2.05,0.0,0.0,0.0
12.72,1.57,0.0,0.0,0.0
14.07,11.36,0.47,0.0,0.0
13.17,4.89,0.77,0.0,0.0
12.27,15.47,0.85,0.0,0.0
11.37,14.52,0.66,0.0,0.0
11.37,3.47,0.53,0.0,0.0
12.72,4.89,0.5,0.0,0.0
12.72,3.62,0.3,0.0,0.0
11.82,2.53,0.03,0.0,0.0
10.92,1.58,0.0,0.0,0.0
10.02,6.31,0.0,0.0,0.0
9.13,6.62,0.0,0.0,0.0
5.08,6.79,0.0,0.0,0.0
2.38,2.36,0.0,0.0,0.0
2.38,0.0,0.0,0.0,0.0
1.92,0.0,0.0,0.0,0.0
2.37,0.0,0.0,0.0,0.0
1.92,0.0,0.01,0.0,0.0
3.27,0.0,0.0,0.0,0.0
6.43,0.0,0.0,0.0,0.0
6.88,2.39,0.0,0.0,0.0
7.78,2.36,0.0,0.0,0.0
9.13,5.19,0.0,0.0,0.0
10.47,2.05,1.02,0.0,0.0
12.72,1.58,4.26,0.0,0.0
14.07,11.34,6.89,0.0,0.0
13.17,4.89,7.48,0.0,0.0
12.27,15.43,7.09,0.0,0.0
11.37,14.49,6.66,0.0,0.0
11.37,3.47,6.5,0.0,0.0
12.72,4.88,6.68,0.0,0.0
12.72,3.62,6.97,0.0,0.0
11.82,2.52,6.75,0.0,0.0
10.92,1.57,6.84,0.0,0.0
10.02,6.3,6.92,0.0,0.0
9.13,6.61,6.79,0.0,0.0
5.08,6.78,3.43,0.0,0.0
2.38,2.36,2.65,0.0,0.0
2.38,0.0,0.0,0.0,0.0
1.92,0.0,0.0,0.0,0.0
2.37,0.0,0.0,0.0,0.0
1.92,0.0,0.49,0.0,0.0
3.27,0.0,1.92,0.0,0.0
6.43,0.0,4.81,0.0,0.0
6.88,2.42,4.21,0.0,0.0
7.78,2.36,2.61,0.0,0.0
9.13,5.18,5.7,0.0,0.0
10.47,2.04,7.31,0.0,0.0
12.72,1.58,9.76,0.0,0.0
14.07,11.32,9.66,0.0,0.0
13.17,4.87,7.99,0.0,0.0
12.27,15.4,7.85,0.0,0.0
11.37,14.46,7.64,0.0,0.0
11.37,3.46,6.81,0.0,0.0
12.72,4.87,6.15,0.0,0.0
12.72,3.61,5.6,0.0,0.0
11.82,2.52,5.3,0.0,0.0
10.92,1.57,4.16,0.0,0.0
10.02,6.29,4.72,0.0,0.0
9.13,6.6,3.94,0.0,0.0
5.08,6.76,1.17,0.0,0.0
2.38,2.35,1.36,0.0,0.0
2.38,0.0,0.0,0.0,0.0
1.92,0.0,0.0,0.0,0.0
2.37,0.0,0.0,0.0,0.0
1.92,0.0,0.15,0.0,0.0
3.27,0.0,0.0,0.0,0.0
6.41,0.0,0.08,0.0,0.0
6.88,0.0,0.0,0.0,0.0
7.78,2.4,0.0,0.0,0.0
9.13,2.35,0.0,0.0,0.0
10.47,2.35,0.0,0.0,0.0
12.72,1.57,1.98,0.0,0.0
14.07,11.29,5.08,0.0,0.0
13.17,9.41,7.01,0.0,0.0
12.27,15.38,7.55,0.0,0.0
11.37,14.43,7.19,0.0,0.0
11.37,3.92,8.46,0.0,0.0
12.72,3.92,8.61,0.0,0.0
12.72,3.61,6.38,0.0,0.0
11.82,2.5,5.36,0.0,0.0
10.92,1.57,4.64,0.0,0.0
10.02,6.27,4.1,0.0,0.0
9.13,6.59,3.49,0.0,0.0
5.08,6.74,0.62,0.0,0.0
2.38,0.0,0.26,0.0,0.0
2.38,0.0,0.0,0.0,0.0
1.92,0.0,0.0,0.0,0.0
2.37,0.0,0.0,0.0,0.0
1.92,0.0,0.01,0.0,0.0
3.27,0.0,0.0,0.0,0.0
6.41,0.0,0.0,0.0,0.0
6.88,0.0,0.0,0.0,0.0
7.78,2.41,0.0,0.0,0.0
9.13,2.35,0.0,0.0,0.0
10.47,2.35,0.0,0.0,0.0
12.72,1.57,0.0,0.0,0.0
14.07,11.26,1.83,0.0,0.0
13.17,9.39,2.85,0.0,0.0
12.27,15.34,3.28,0.0,0.0
11.37,14.4,4.02,0.0,0.0
11.37,3.92,4.78,0.0,0.0
12.72,3.91,5.13,0.0,0.0
12.72,3.6,4.94,0.0,0.0
11.82,2.5,4.49,0.0,0.0
10.92,1.57,4.05,0.0,0.0
10.02,6.26,3.52,0.0,0.0
9.13,6.57,2.25,0.0,0.0
5.08,6.73,0.0,0.0,0.0
2.38,0.0,0.0,0.0,0.0
2.38,0.0,0.0,0.0,0.0
1.92,0.0,0.0,0.0,0.0
2.37,0.0,0.0,0.0,0.0
1.92,0.0,0.0,0.0,0.0
3.27,0.0,0.0,0.0,0.0
6.43,0.0,0.0,0.0,0.0
6.88,2.4,0.0,0.0,0.0
7.78,2.34,0.0,0.0,0.0
9.13,5.15,0.0,0.0,0.0
10.47,2.03,0.38,0.0,0.0
12.72,1.56,3.18,0.0,0.0
14.07,11.25,5.4,0.0,0.0
13.17,4.84,8.88,0.0,0.0
12.27,15.31,12.49,0.0,0.0
11.37,14.37,13.55,0.0,0.0
11.37,3.44,12.49,0.0,0.0
12.72,4.84,12.05,0.0,0.0
12.72,3.59,10.66,0.0,0.0
11.82,2.5,6.73,0.0,0.0
10.92,1.56,5.69,0.0,0.0
10.02,6.24,5.12,0.0,0.0
9.13,6.56,4.54,0.0,0.0
5.08,6.72,1.52,0.0,0.0
2.38,2.34,0.88,0.0,0.0
2.38,0.0,0.0,0.0,0.0
1.92,0.0,0.0,0.0,0.0
2.37,0.0,0.0,0.0,0.0
1.92,0.0,0.33,0.0,0.0
3.27,0.0,0.48,0.0,0.0
6.43,0.0,1.03,0.0,0.0
6.88,2.38,0.06,0.0,0.0
7.78,2.33,0.05,0.0,0.0
9.13,5.15,3.51,0.0,0.0
10.47,2.03,5.98,0.0,0.0
12.72,1.56,12.01,0.0,0.0
14.07,11.22,19.19,0.0,0.0
13.17,4.83,24.7,0.0,0.0
12.27,15.27,26.13,0.0,0.0
11.37,14.35,24.27,0.0,0.0
11.37,3.43,21.88,0.0,0.0
12.72,4.82,21.71,0.0,0.0
12.72,3.59,21.49,0.0,0.0
11.82,2.49,16.15,0.0,0.0
10.92,1.55,9.92,0.0,0.0
10.02,6.24,8.69,0.0,0.0
9.13,6.54,8.05,0.0,0.0
5.08,6.71,4.84,0.0,0.0
2.38,2.33,2.76,0.0,0.0
2.38,0.0,0.0,0.0,0.0
1.92,0.0,0.0,0.0,0.0
2.37,0.0,0.0,0.0,0.0
1.92,0.0,0.53,0.0,0.0
3.27,0.0,0.35,0.0,0.0
6.43,0.0,1.03,0.0,0.0
6.88,2.37,2.3,0.0,0.0
7.78,2.33,3.45,0.0,0.0
9.13,5.13,6.75,0.0,0.0
10.47,2.02,11.56,0.0,0.0
12.72,1.55,22.0,0.0,0.0
14.07,11.2,30.73,0.0,0.0
13.17,4.82,38.41,0.0,0.0
12.27,15.25,36.5,0.0,0.0
11.37,14.3,31.44,0.0,0.0
11.37,3.42,27.5,0.0,0.0
12.72,4.82,27.41,0.0,0.0
12.72,3.57,28.36,0.0,0.0
11.82,2.49,28.24,0.0,0.0
10.92,1.56,25.69,0.0,0.0
10.02,6.21,23.57,0.0,0.0
9.13,6.54,13.53,0.0,0.0
5.08,6.69,8.38,0.0,0.0
2.38,2.33,5.69,0.0,0.0
2.38,0.0,0.0,0.0,0.0
1.92,0.0,0.0,0.0,0.0
2.37,0.0,0.0,0.0,0.0
1.92,0.0,1.61,0.0,0.0
3.27,0.0,1.01,0.0,0.0
6.43,0.0,2.62,0.0,0.0
6.88,2.38,4.26,0.0,0.0
7.78,2.33,5.37,0.0,0.0
9.13,5.12,11.11,0.0,0.0
10.47,2.01,20.55,0.0,0.0
12.72,1.56,24.04,0.0,0.0
14.07,11.17,29.55,0.0,0.0
13.17,4.81,34.7,0.0,0.0
12.27,15.21,35.48,0.0,0.0
11.37,14.28,32.15,0.0,0.0
11.37,3.42,28.49,0.0,0.0
12.72,4.81,27.99,0.0,0.0
12.72,3.56,29.58,0.0,0.0
11.82,2.49,30.8,0.0,0.0
10.92,1.55,27.34,0.0,0.0
10.02,6.2,23.73,0.0,0.0
9.13,6.52,16.22,0.0,0.0
5.08,6.67,9.66,0.0,0.0
2.38,2.33,7.2,0.0,0.0
2.38,0.0,0.0,0.0,0.0
1.92,0.0,0.0,0.0,0.0
2.37,0.0,0.0,0.0,0.0
1.92,0.0,2.0,0.0,0.0
3.27,0.0,5.76,0.0,0.0
6.43,0.0,9.34,0.0,0.0
6.88,2.38,7.72,0.0,0.0
7.78,2.32,6.77,0.0,0.0
9.13,5.1,15.85,0.0,0.0
10.47,2.01,22.63,0.0,0.0
12.72,1.55,26.5,0.0,0.0
14.07,11.14,20.46,0.0,0.0
13.17,4.8,9.38,0.0,0.0
12.27,15.17,22.32,0.0,0.0
11.37,14.25,24.54,0.0,0.0
11.37,3.41,21.39,0.0,0.0
12.72,4.8,21.75,0.0,0.0
12.72,3.56,23.33,0.0,0.0
11.82,2.48,23.81,0.0,0.0
10.92,1.55,23.11,0.0,0.0
10.02,6.19,19.57,0.0,0.0
9.13,6.51,12.04,0.0,0.0
5.08,6.65,8.65,0.0,0.0
2.38,2.32,6.08,0.0,0.0
2.38,0.0,0.0,0.0,0.0
1.92,0.0,0.0,0.0,0.0
2.37,0.0,0.0,0.0,0.0
1.92,0.0,0.68,0.0,0.0
3.27,0.0,0.24,0.0,0.0
6.41,0.0,0.21,0.0,0.0
6.88,0.0,0.0,0.0,0.0
7.78,2.38,0.0,0.0,0.0
9.13,2.32,0.43,0.0,0.0
10.47,2.32,1.36,0.0,0.0
12.72,1.54,2.49,0.0,0.0
14.07,11.12,3.43,0.0,0.0
13.17,9.27,4.17,0.0,0.0
12.27,15.14,4.2,0.0,0.0
11.37,14.22,3.84,0.0,0.0
11.37,3.86,3.98,0.0,0.0
12.72,3.86,3.17,0.0,0.0
12.72,3.55,2.66,0.0,0.0
11.82,2.47,2.66,0.0,0.0
10.92,1.55,2.65,0.0,0.0
10.02,6.18,2.87,0.0,0.0
9.13,6.49,2.5,0.0,0.0
5.08,6.64,0.0,0.0,0.0
2.38,0.0,0.41,0.0,0.0
2.38,0.0,0.0,0.0,0.0
1.92,0.0,0.0,0.0,0.0
2.37,0.0,0.0,0.0,0.0
1.92,0.0,0.4,0.0,0.0
3.27,0.0,0.22,0.0,0.0
6.41,0.0,0.48,0.0,0.0
6.88,0.0,0.03,0.0,0.0
7.78,2.37,0.07,0.0,0.0
9.13,2.32,0.0,0.0,0.0
10.47,2.31,0.18,0.0,0.0
12.72,1.55,2.7,0.0,0.0
14.07,11.09,5.43,0.0,0.0
13.17,9.25,6.6,0.0,0.0
12.27,15.11,7.49,0.0,0.0
11.37,14.18,9.19,0.0,0.0
11.37,3.86,10.73,0.0,0.0
12.72,3.85,18.3,0.0,0.0
12.72,3.55,27.12,0.0,0.0
11.82,2.46,30.92,0.0,0.0
10.92,1.54,30.9,0.0,0.0
10.02,6.17,30.43,0.0,0.0
9.13,6.47,25.83,0.0,0.0
5.08,6.63,18.33,0.0,0.0
2.38,0.0,12.75,0.0,0.0
2.38,0.0,0.0,0.0,0.0
1.92,0.0,0.0,0.0,0.0
2.37,0.0,0.0,0.0,0.0
1.92,0.0,2.68,0.0,0.0
3.27,0.0,2.68,0.0,0.0
6.43,0.0,5.29,0.0,0.0
6.88,2.36,5.18,0.0,0.0
7.78,2.3,4.21,0.0,0.0
9.13,5.07,4.75,0.0,0.0
10.47,2.0,3.43,0.0,0.0
12.72,1.54,4.16,0.0,0.0
14.07,11.07,4.67,0.0,0.0
13.17,4.77,5.5,0.0,0.0
12.27,15.07,5.95,0.0,0.0
11.37,14.15,6.06,0.0,0.0
11.37,3.38,6.56,0.0,0.0
12.72,4.77,7.1,0.0,0.0
12.72,3.53,7.1,0.0,0.0
11.82,2.46,6.86,0.0,0.0
10.92,1.54,6.47,0.0,0.0
10.02,6.15,5.94,0.0,0.0
9.13,6.46,5.5,0.0,0.0
5.08,6.61,2.84,0.0,0.0
2.38,2.31,0.96,0.0,0.0
2.38,0.0,0.0,0.0,0.0
1.92,0.0,0.0,0.0,0.0
2.37,0.0,0.0,0.0,0.0
1.92,0.0,0.03,0.0,0.0
3.27,0.0,0.05,0.0,0.0
6.43,0.0,0.08,0.0,0.0
6.88,2.36,0.0,0.0,0.0
7.78,2.3,0.0,0.0,0.0
9.13,5.06,0.0,0.0,0.0
10.47,2.0,0.1,0.0,0.0
12.72,1.53,2.41,0.0,0.0
14.07,11.05,4.03,0.0,0.0
13.17,4.76,4.95,0.0,0.0
12.27,15.04,5.51,0.0,0.0
11.37,14.11,3.5,0.0,0.0
11.37,3.38,1.84,0.0,0.0
12.72,4.76,2.41,0.0,0.0
12.72,3.53,1.9,0.0,0.0
11.82,2.45,1.41,0.0,0.0
10.92,1.54,1.27,0.0,0.0
10.02,6.14,1.31,0.0,0.0
9.13,6.44,0.43,0.0,0.0
5.08,6.59,0.0,0.0,0.0
2.38,2.3,0.0,0.0,0.0
2.38,0.0,0.0,0.0,0.0
1.92,0.0,0.0,0.0,0.0
2.37,0.0,0.0,0.0,0.0
1.92,0.0,0.0,0.0,0.0
3.27,0.0,0.0,0.0,0.0
6.43,0.0,0.0,0.0,0.0
6.88,2.35,0.0,0.0,0.0
7.78,2.3,0.0,0.0,0.0
9.13,5.04,0.0,0.0,0.0
10.47,1.99,0.0,0.0,0.0
12.72,1.53,1.25,0.0,0.0
14.07,11.02,3.5,0.0,0.0
13.17,4.75,4.65,0.0,0.0
12.27,15.01,5.1,0.0,0.0
11.37,14.08,5.15,0.0,0.0
11.37,3.37,5.53,0.0,0.0
12.72,4.75,6.29,0.0,0.0
12.72,3.52,5.97,0.0,0.0
11.82,2.44,5.14,0.0,0.0
10.92,1.54,4.44,0.0,0.0
10.02,6.12,3.6,0.0,0.0
9.13,6.43,3.02,0.0,0.0
5.08,6.58,0.67,0.0,0.0
2.38,2.29,0.34,0.0,0.0
2.38,0.0,0.0,0.0,0.0
1.92,0.0,0.0,0.0,0.0
2.37,0.0,0.0,0.0,0.0
1.92,0.0,0.0,0.0,0.0
3.27,0.0,0.0,0.0,0.0
6.43,0.0,0.0,0.0,0.0
6.88,2.35,0.0,0.0,0.0
7.78,2.29,0.0,0.0,0.0
9.13,5.03,0.27,0.0,0.0
10.47,1.99,2.15,0.0,0.0
12.72,1.52,4.46,0.0,0.0
14.07,11.0,6.06,0.0,0.0
13.17,4.74,9.48,0.0,0.0
12.27,14.97,11.94,0.0,0.0
11.37,14.05,11.81,0.0,0.0
11.37,3.36,9.9,0.0,0.0
12.72,4.74,8.04,0.0,0.0
12.72,3.51,6.47,0.0,0.0
11.82,2.44,5.58,0.0,0.0
10.92,1.53,4.98,0.0,0.0
10.02,6.11,4.46,0.0,0.0
9.13,6.41,3.84,0.0,0.0
5.08,6.57,1.19,0.0,0.0
2.38,2.29,0.53,0.0,0.0
2.38,0.0,0.0,0.0,0.0
1.92,0.0,0.0,0.0,0.0
2.37,0.0,0.0,0.0,0.0
1.92,0.0,0.17,0.0,0.0
3.27,0.0,0.15,0.0,0.0
6.43,0.0,0.43,0.0,0.0
6.88,2.35,0.0,0.0,0.0
7.78,2.29,0.0,0.0,0.0
9.13,5.03,3.11,0.0,0.0
10.47,1.98,5.65,0.0,0.0
12.72,1.52,10.67,0.0,0.0
14.07,10.98,18.64,0.0,0.0
13.17,4.72,22.99,0.0,0.0
12.27,14.94,21.99,0.0,0.0
11.37,14.01,20.09,0.0,0.0
11.37,3.35,19.22,0.0,0.0
12.72,4.73,20.2,0.0,0.0
12.72,3.5,21.05,0.0,0.0
11.82,2.43,18.75,0.0,0.0
10.92,1.53,12.82,0.0,0.0
10.02,6.09,8.15,0.0,0.0
9.13,6.4,8.28,0.0,0.0
5.08,6.55,5.87,0.0,0.0
2.38,2.28,3.05,0.0,0.0
2.38,0.0,0.0,0.0,0.0
1.92,0.0,0.0,0.0,0.0
2.37,0.0,0.0,0.0,0.0
1.92,0.0,0.65,0.0,0.0
3.27,0.0,0.24,0.0,0.0
6.41,0.0,0.24,0.0,0.0
6.88,0.0,0.0,0.0,0.0
7.78,2.34,2.21,0.0,0.0
9.13,2.28,5.13,0.0,0.0
10.47,2.28,8.7,0.0,0.0
12.72,1.52,16.87,0.0,0.0
14.07,10.94,25.28,0.0,0.0
13.17,9.12,28.01,0.0,0.0
12.27,14.91,27.93,0.0,0.0
11.37,13.99,25.56,0.0,0.0
11.37,3.8,24.16,0.0,0.0
12.72,3.79,23.45,0.0,0.0
12.72,3.5,22.05,0.0,0.0
11.82,2.43,22.7,0.0,0.0
10.92,1.52,19.56,0.0,0.0
10.02,6.07,14.36,0.0,0.0
9.13,6.39,10.68,0.0,0.0
5.08,6.53,7.14,0.0,0.0
2.38,0.0,3.66,0.0,0.0
2.38,0.0,0.0,0.0,0.0
1.92,0.0,0.0,0.0,0.0
2.37,0.0,0.0,0.0,0.0
1.92,0.0,0.9,0.0,0.0
3.27,0.0,0.36,0.0,0.0
6.41,0.0,0.42,0.0,0.0
6.88,0.0,0.84,0.0,0.0
7.78,2.34,3.51,0.0,0.0
9.13,2.29,11.47,0.0,0.0
10.47,2.27,18.82,0.0,0.0
12.72,1.52,22.78,0.0,0.0
14.07,10.92,26.57,0.0,0.0
13.17,9.1,31.52,0.0,0.0
12.27,14.87,30.8,0.0,0.0
11.37,13.96,27.21,0.0,0.0
11.37,3.79,26.12,0.0,0.0
12.72,3.79,25.8,0.0,0.0
12.72,3.48,25.24,0.0,0.0
11.82,2.43,25.17,0.0,0.0
10.92,1.52,23.78,0.0,0.0
10.02,6.06,22.34,0.0,0.0
9.13,6.37,18.8,0.0,0.0
5.08,6.52,11.22,0.0,0.0
2.38,0.0,6.05,0.0,0.0
2.38,0.0,0.0,0.0,0.0
1.92,0.0,0.0,0.0,0.0
2.37,0.0,0.0,0.0,0.0
1.92,0.0,2.06,0.0,0.0
3.27,0.0,1.79,0.0,0.0
6.43,0.0,4.03,0.0,0.0
6.88,2.32,5.94,0.0,0.0
7.78,2.27,9.13,0.0,0.0
9.13,4.99,19.52,0.0,0.0
10.47,1.96,25.36,0.0,0.0
12.72,1.52,27.9,0.0,0.0
14.07,10.89,35.71,0.0,0.0
13.17,4.69,42.53,0.0,0.0
12.27,14.83,38.89,0.0,0.0
11.37,13.91,31.08,0.0,0.0
11.37,3.33,21.51,0.0,0.0
12.72,4.69,14.0,0.0,0.0
12.72,3.48,26.19,0.0,0.0
11.82,2.42,16.63,0.0,0.0
10.92,1.51,9.25,0.0,0.0
10.02,6.05,9.71,0.0,0.0
9.13,6.35,9.59,0.0,0.0
5.08,6.51,5.31,0.0,0.0
2.38,2.27,2.43,0.0,0.0
2.38,0.0,0.0,0.0,0.0
1.92,0.0,0.0,0.0,0.0
2.37,0.0,0.0,0.0,0.0
1.92,0.0,0.0,0.0,0.0
3.27,0.0,0.0,0.0,0.0
6.43,0.0,0.0,0.0,0.0
6.88,2.3,0.0,0.0,0.0
7.78,2.26,0.0,0.0,0.0
9.13,4.98,0.0,0.0,0.0
10.47,1.96,0.0,0.0,0.0
12.72,1.51,0.0,0.0,0.0
14.07,10.86,0.0,0.0,0.0
13.17,4.68,0.23,0.0,0.0
12.27,14.79,1.02,0.0,0.0
11.37,13.88,1.69,0.0,0.0
11.37,3.32,1.94,0.0,0.0
12.72,4.68,1.86,0.0,0.0
12.72,3.47,1.59,0.0,0.0
11.82,2.41,1.27,0.0,0.0
10.92,1.51,0.73,0.0,0.0
10.02,6.04,0.48,0.0,0.0
9.13,6.33,0.0,0.0,0.0
5.08,6.5,0.0,0.0,0.0
2.38,2.26,0.0,0.0,0.0
2.38,0.0,0.0,0.0,0.0
1.92,0.0,0.0,0.0,0.0
2.37,0.0,0.0,0.0,0.0
1.92,0.0,0.0,0.0,0.0
3.27,0.0,0.0,0.0,0.0
6.43,0.0,0.0,0.0,0.0
6.88,2.29,0.0,0.0,0.0
7.78,2.26,0.0,0.0,0.0
9.13,4.97,0.0,0.0,0.0
10.47,1.96,0.0,0.0,0.0
12.72,1.5,0.0,0.0,0.0
14.07,10.83,1.28,0.0,0.0
13.17,4.67,2.2,0.0,0.0
12.27,14.75,2.6,0.0,0.0
11.37,13.85,2.9,0.0,0.0
11.37,3.31,3.11,0.0,0.0
12.72,4.67,3.08,0.0,0.0
12.72,3.46,2.7,0.0,0.0
11.82,2.4,2.18,0.0,0.0
10.92,1.51,1.71,0.0,0.0
10.02,6.02,1.19,0.0,0.0
9.13,6.32,0.51,0.0,0.0
5.08,6.48,0.0,0.0,0.0
2.38,2.26,0.0,0.0,0.0
2.38,0.0,0.0,0.0,0.0
1.92,0.0,0.0,0.0,0.0
2.37,0.0,0.0,0.0,0.0
1.92,0.0,0.0,0.0,0.0
3.27,0.0,0.0,0.0,0.0
6.43,0.0,0.05,0.0,0.0
6.88,2.3,0.0,0.0,0.0
7.78,2.25,0.0,0.0,0.0
9.13,4.96,0.13,0.0,0.0
10.47,1.95,1.36,0.0,0.0
12.72,1.51,2.86,0.0,0.0
14.07,10.81,4.32,0.0,0.0
13.17,4.66,5.67,0.0,0.0
12.27,14.72,5.97,0.0,0.0
11.37,13.81,5.59,0.0,0.0
11.37,3.3,5.64,0.0,0.0
12.72,4.66,5.75,0.0,0.0
12.72,3.45,5.62,0.0,0.0
11.82,2.4,5.46,0.0,0.0
10.92,1.5,5.4,0.0,0.0
10.02,6.01,5.25,0.0,0.0
9.13,6.3,5.26,0.0,0.0
5.08,6.46,2.2,0.0,0.0
2.38,2.25,1.51,0.0,0.0
2.38,0.0,0.0,0.0,0.0
1.92,0.0,0.0,0.0,0.0
2.37,0.0,0.0,0.0,0.0
1.92,0.0,0.27,0.0,0.0
3.27,0.0,0.83,0.0,0.0
6.43,0.0,1.32,0.0,0.0
6.88,2.29,0.04,0.0,0.0
7.78,2.25,0.0,0.0,0.0
9.13,4.94,1.63,0.0,0.0
10.47,1.95,3.33,0.0,0.0
12.72,1.5,5.9,0.0,0.0
14.07,10.79,7.48,0.0,0.0
13.17,4.64,11.12,0.0,0.0
12.27,14.69,15.67,0.0,0.0
11.37,13.78,16.01,0.0,0.0
11.37,3.29,14.32,0.0,0.0
12.72,4.65,13.42,0.0,0.0
12.72,3.45,10.24,0.0,0.0
11.82,2.39,7.04,0.0,0.0
10.92,1.49,6.3,0.0,0.0
10.02,6.0,5.63,0.0,0.0
9.13,6.29,4.99,0.0,0.0
5.08,6.44,2.23,0.0,0.0
2.38,2.25,1.18,0.0,0.0
2.38,0.0,0.0,0.0,0.0
1.92,0.0,0.0,0.0,0.0
2.37,0.0,0.0,0.0,0.0
1.92,0.0,0.17,0.0,0.0
3.27,0.0,0.0,0.0,0.0
6.41,0.0,0.04,0.0,0.0
6.88,0.0,0.0,0.0,0.0
7.78,2.3,0.0,0.0,0.0
9.13,2.24,0.33,0.0,0.0
10.47,2.24,2.47,0.0,0.0
12.72,1.49,4.75,0.0,0.0
14.07,10.75,6.38,0.0,0.0
13.17,8.97,8.48,0.0,0.0
12.27,14.65,12.87,0.0,0.0
11.37,13.75,15.36,0.0,0.0
11.37,3.74,16.59,0.0,0.0
12.72,3.73,17.65,0.0,0.0
12.72,3.44,17.66,0.0,0.0
11.82,2.39,17.32,0.0,0.0
10.92,1.49,14.67,0.0,0.0
10.02,5.97,12.07,0.0,0.0
9.13,6.27,7.37,0.0,0.0
5.08,6.43,4.85,0.0,0.0
2.38,0.0,2.24,0.0,0.0
2.38,0.0,0.0,0.0,0.0
1.92,0.0,0.0,0.0,0.0
2.37,0.0,0.0,0.0,0.0
1.92,0.0,0.31,0.0,0.0
3.27,0.0,0.0,0.0,0.0
6.41,0.0,0.17,0.0,0.0
6.88,0.0,0.0,0.0,0.0
7.78,2.29,0.48,0.0,0.0
9.13,2.24,3.14,0.0,0.0
10.47,2.24,5.92,0.0,0.0
12.72,1.49,13.32,0.0,0.0
14.07,10.72,19.91,0.0,0.0
13.17,8.94,23.41,0.0,0.0
12.27,14.62,22.48,0.0,0.0
11.37,13.71,19.37,0.0,0.0
11.37,3.73,18.84,0.0,0.0
12.72,3.72,20.04,0.0,0.0
12.72,3.42,21.04,0.0,0.0
11.82,2.39,20.84,0.0,0.0
10.92,1.49,18.88,0.0,0.0
10.02,5.96,14.9,0.0,0.0
9.13,6.26,8.98,0.0,0.0
5.08,6.41,5.96,0.0,0.0
2.38,0.0,2.48,0.0,0.0
2.38,0.0,0.0,0.0,0.0
1.92,0.0,0.0,0.0,0.0
2.37,0.0,0.0,0.0,0.0
1.92,0.0,0.32,0.0,0.0
3.27,0.0,0.0,0.0,0.0
6.43,0.0,0.22,0.0,0.0
6.88,2.29,0.0,0.0,0.0
7.78,2.23,0.06,0.0,0.0
9.13,4.9,3.01,0.0,0.0
10.47,1.94,5.06,0.0,0.0
12.72,1.48,8.02,0.0,0.0
14.07,10.71,13.88,0.0,0.0
13.17,4.61,19.12,0.0,0.0
12.27,14.57,21.41,0.0,0.0
11.37,13.69,17.79,0.0,0.0
11.37,3.27,16.92,0.0,0.0
12.72,4.61,18.45,0.0,0.0
12.72,3.42,19.7,0.0,0.0
11.82,2.37,18.93,0.0,0.0
10.92,1.49,12.1,0.0,0.0
10.02,5.95,7.66,0.0,0.0
9.13,6.24,6.85,0.0,0.0
5.08,6.4,3.99,0.0,0.0
2.38,2.23,2.13,0.0,0.0
2.38,0.0,0.0,0.0,0.0
1.92,0.0,0.0,0.0,0.0
2.37,0.0,0.0,0.0,0.0
1.92,0.0,0.47,0.0,0.0
3.27,0.0,1.0,0.0,0.0
6.43,0.0,1.36,0.0,0.0
6.88,2.28,0.43,0.0,0.0
7.78,2.22,0.99,0.0,0.0
9.13,4.89,5.61,0.0,0.0
10.47,1.93,7.23,0.0,0.0
12.72,1.48,9.21,0.0,0.0
14.07,10.68,12.53,0.0,0.0
13.17,4.6,20.99,0.0,0.0
12.27,14.53,21.23,0.0,0.0
11.37,13.65,16.89,0.0,0.0
11.37,3.26,21.74,0.0,0.0
12.72,4.6,24.54,0.0,0.0
12.72,3.41,26.09,0.0,0.0
11.82,2.37,27.75,0.0,0.0
10.92,1.48,24.68,0.0,0.0
10.02,5.94,19.09,0.0,0.0
9.13,6.23,11.46,0.0,0.0
5.08,6.38,7.03,0.0,0.0
2.38,2.22,4.22,0.0,0.0
2.38,0.0,0.0,0.0,0.0
1.92,0.0,0.0,0.0,0.0
2.37,0.0,0.0,0.0,0.0
1.92,0.0,0.59,0.0,0.0
3.27,0.0,0.23,0.0,0.0
6.43,0.0,0.21,0.0,0.0
6.88,2.28,0.0,0.0,0.0
7.78,2.22,1.72,0.0,0.0
9.13,4.88,6.6,0.0,0.0
10.47,1.93,13.21,0.0,0.0
12.72,1.47,19.53,0.0,0.0
14.07,10.65,26.15,0.0,0.0
13.17,4.59,32.41,0.0,0.0
12.27,14.49,31.12,0.0,0.0
11.37,13.62,26.57,0.0,0.0
11.37,3.26,23.6,0.0,0.0
12.72,4.59,23.87,0.0,0.0
12.72,3.4,24.55,0.0,0.0
11.82,2.36,24.9,0.0,0.0
10.92,1.47,23.14,0.0,0.0
10.02,5.92,22.26,0.0,0.0
9.13,6.21,15.94,0.0,0.0
5.08,6.36,8.38,0.0,0.0
2.38,2.22,5.34,0.0,0.0
2.38,0.0,0.0,0.0,0.0
1.92,0.0,0.0,0.0,0.0
2.37,0.0,0.0,0.0,0.0
1.92,0.0,0.86,0.0,0.0
3.27,0.0,0.3,0.0,0.0
6.43,0.0,0.26,0.0,0.0
6.88,2.27,0.01,0.0,0.0
7.78,2.21,1.61,0.0,0.0
9.13,4.87,6.79,0.0,0.0
10.47,1.92,13.61,0.0,0.0
12.72,1.47,20.66,0.0,0.0
14.07,10.62,29.06,0.0,0.0
13.17,4.58,36.82,0.0,0.0
12.27,14.47,36.22,0.0,0.0
11.37,13.57,32.14,0.0,0.0
11.37,3.24,28.14,0.0,0.0
12.72,4.58,27.93,0.0,0.0
12.72,3.39,28.2,0.0,0.0
11.82,2.36,28.4,0.0,0.0
10.92,1.47,26.11,0.0,0.0
10.02,5.9,22.58,0.0,0.0
9.13,6.2,15.13,0.0,0.0
5.08,6.34,9.05,0.0,0.0
2.38,2.21,6.79,0.0,0.0
2.38,0.0,0.0,0.0,0.0
1.92,0.0,0.0,0.0,0.0
2.37,0.0,0.0,0.0,0.0
1.92,0.0,1.91,0.0,0.0
3.27,0.0,5.23,0.0,0.0
6.43,0.0,8.36,0.0,0.0
6.88,2.27,7.37,0.0,0.0
7.78,2.21,6.82,0.0,0.0
9.13,4.86,17.45,0.0,0.0
10.47,1.91,24.32,0.0,0.0
12.72,1.47,28.1,0.0,0.0
14.07,10.59,35.79,0.0,0.0
13.17,4.56,41.67,0.0,0.0
12.27,14.43,42.09,0.0,0.0
11.37,13.54,38.64,0.0,0.0
11.37,3.24,34.42,0.0,0.0
12.72,4.56,35.33,0.0,0.0
12.72,3.39,38.36,0.0,0.0
11.82,2.36,41.56,0.0,0.0
10.92,1.47,39.8,0.0,0.0
10.02,5.88,38.08,0.0,0.0
9.13,6.18,30.55,0.0,0.0
5.08,6.33,20.28,0.0,0.0
2.38,2.2,9.15,0.0,0.0
2.38,0.0,0.0,0.0,0.0
1.92,0.0,0.0,0.0,0.0
2.37,0.0,0.0,0.0,0.0
1.92,0.0,1.67,0.0,0.0
3.27,0.0,0.81,0.0,0.0
6.41,0.0,2.2,0.0,0.0
6.88,0.0,3.04,0.0,0.0
7.78,2.26,7.52,0.0,0.0
9.13,2.2,20.04,0.0,0.0
10.47,2.2,25.41,0.0,0.0
12.72,1.46,27.76,0.0,0.0
14.07,10.57,35.37,0.0,0.0
13.17,8.81,38.89,0.0,0.0
12.27,14.4,39.52,0.0,0.0
11.37,13.5,37.07,0.0,0.0
11.37,3.67,33.52,0.0,0.0
12.72,3.67,32.13,0.0,0.0
12.72,3.37,31.37,0.0,0.0
11.82,2.35,35.39,0.0,0.0
10.92,1.47,36.78,0.0,0.0
10.02,5.87,32.85,0.0,0.0
9.13,6.16,30.2,0.0,0.0
5.08,6.32,24.7,0.0,0.0
2.38,0.0,16.97,0.0,0.0
2.38,0.0,0.08,0.0,0.0
1.92,0.0,0.0,0.0,0.0
2.37,0.0,0.0,0.0,0.0
1.92,0.0,3.42,0.0,0.0
3.27,0.0,3.46,0.0,0.0
6.41,0.0,9.36,0.0,0.0
6.88,0.0,11.58,0.0,0.0
7.78,2.26,19.72,0.0,0.0
9.13,2.21,23.06,0.0,0.0
10.47,2.2,23.43,0.0,0.0
12.72,1.46,29.35,0.0,0.0
14.07,10.55,35.02,0.0,0.0
13.17,8.79,42.39,0.0,0.0
12.27,14.35,45.0,0.0,0.0
11.37,13.48,39.5,0.0,0.0
11.37,3.66,35.47,0.0,0.0
12.72,3.65,37.11,0.0,0.0
12.72,3.37,38.51,0.0,0.0
11.82,2.34,38.57,0.0,0.0
10.92,1.47,37.38,0.0,0.0
10.02,5.86,36.04,0.0,0.0
9.13,6.14,29.97,0.0,0.0
5.08,6.3,22.57,0.0,0.0
2.38,0.0,16.52,0.0,0.0
2.38,0.0,0.13,0.0,0.0
1.92,0.0,0.0,0.0,0.0
2.37,0.0,0.0,0.0,0.0
1.92,0.0,3.66,0.0,0.0
3.27,0.0,3.92,0.0,0.0
6.43,0.0,11.91,0.0,0.0
6.88,2.25,15.36,0.0,0.0
7.78,2.19,23.5,0.0,0.0
9.13,4.82,28.96,0.0,0.0
10.47,1.9,32.55,0.0,0.0
12.72,1.46,33.74,0.0,0.0
14.07,10.51,43.95,0.0,0.0
13.17,4.53,52.72,0.0,0.0
12.27,14.32,50.58,0.0,0.0
11.37,13.44,43.12,0.0,0.0
11.37,3.21,38.04,0.0,0.0
12.72,4.53,39.1,0.0,0.0
12.72,3.36,41.62,0.0,0.0
11.82,2.34,44.44,0.0,0.0
10.92,1.46,43.17,0.0,0.0
10.02,5.84,42.65,0.0,0.0
9.13,6.13,37.15,0.0,0.0
5.08,6.29,29.56,0.0,0.0
2.38,2.19,22.65,0.0,0.0
2.38,0.0,0.31,0.0,0.0
1.92,0.0,0.0,0.0,0.0
2.37,0.0,0.0,0.0,0.0
1.92,0.0,4.18,0.0,0.0
3.27,0.0,9.45,0.0,0.0
6.43,0.0,19.91,0.0,0.0
6.88,2.24,19.51,0.0,0.0
7.78,2.18,12.26,0.0,0.0
9.13,4.8,8.23,0.0,0.0
10.47,1.9,12.05,0.0,0.0
12.72,1.45,21.24,0.0,0.0
14.07,10.49,36.02,0.0,0.0
13.17,4.52,48.6,0.0,0.0
12.27,14.27,48.62,0.0,0.0
11.37,13.41,43.8,0.0,0.0
11.37,3.21,40.26,0.0,0.0
12.72,4.51,41.22,0.0,0.0
12.72,3.35,43.52,0.0,0.0
11.82,2.33,47.8,0.0,0.0
10.92,1.45,46.38,0.0,0.0
10.02,5.82,44.24,0.0,0.0
9.13,6.12,37.28,0.0,0.0
5.08,6.27,28.81,0.0,0.0
2.38,2.18,21.5,0.0,0.0
2.38,0.0,0.37,0.0,0.0
1.92,0.0,0.0,0.0,0.0
2.37,0.0,0.0,0.0,0.0
1.92,0.0,1.47,0.0,0.0
3.27,0.0,1.03,0.0,0.0
6.43,0.0,1.63,0.0,0.0
6.88,2.23,1.79,0.0,0.0
7.78,2.18,1.73,0.0,0.0
9.13,4.79,3.49,0.0,0.0
10.47,1.89,4.43,0.0,0.0
12.72,1.45,6.06,0.0,0.0
14.07,10.46,9.32,0.0,0.0
13.17,4.5,12.75,0.0,0.0
12.27,14.24,14.45,0.0,0.0
11.37,13.37,13.85,0.0,0.0
11.37,3.19,12.8,0.0,0.0
12.72,4.5,10.92,0.0,0.0
12.72,3.34,7.68,0.0,0.0
11.82,2.33,5.8,0.0,0.0
10.92,1.45,5.16,0.0,0.0
10.02,5.81,4.82,0.0,0.0
9.13,6.1,4.94,0.0,0.0
5.08,6.25,2.75,0.0,0.0
2.38,2.18,1.63,0.0,0.0
2.38,0.0,0.0,0.0,0.0
1.92,0.0,0.0,0.0,0.0
2.37,0.0,0.0,0.0,0.0
1.92,0.0,0.23,0.0,0.0
3.27,0.0,0.0,0.0,0.0
6.43,0.0,0.06,0.0,0.0
6.88,2.23,0.0,0.0,0.0
7.78,2.17,0.0,0.0,0.0
9.13,4.78,0.72,0.0,0.0
10.47,1.89,1.81,0.0,0.0
12.72,1.44,3.4,0.0,0.0
14.07,10.43,4.53,0.0,0.0
13.17,4.49,5.08,0.0,0.0
12.27,14.2,5.42,0.0,0.0
11.37,13.33,6.12,0.0,0.0
11.37,3.19,7.01,0.0,0.0
12.72,4.49,7.61,0.0,0.0
12.72,3.33,7.27,0.0,0.0
11.82,2.32,5.52,0.0,0.0
10.92,1.45,4.93,0.0,0.0
10.02,5.79,4.6,0.0,0.0
9.13,6.08,4.51,0.0,0.0
5.08,6.24,2.87,0.0,0.0
2.38,2.17,1.83,0.0,0.0
2.38,0.0,0.0,0.0,0.0
1.92,0.0,0.0,0.0,0.0
2.37,0.0,0.0,0.0,0.0
1.92,0.0,0.45,0.0,0.0
3.27,0.0,1.06,0.0,0.0
6.43,0.0,1.27,0.0,0.0
6.88,2.22,0.17,0.0,0.0
7.78,2.17,0.87,0.0,0.0
9.13,4.77,4.07,0.0,0.0
10.47,1.88,5.87,0.0,0.0
12.72,1.44,7.92,0.0,0.0
14.07,10.4,11.07,0.0,0.0
13.17,4.48,14.51,0.0,0.0
12.27,14.17,11.89,0.0,0.0
11.37,13.3,7.65,0.0,0.0
11.37,3.18,7.04,0.0,0.0
12.72,4.48,9.73,0.0,0.0
12.72,3.32,11.58,0.0,0.0
11.82,2.31,9.68,0.0,0.0
10.92,1.45,6.26,0.0,0.0
10.02,5.78,5.39,0.0,0.0
9.13,6.07,5.14,0.0,0.0
5.08,6.22,3.39,0.0,0.0
2.38,2.17,1.89,0.0,0.0
2.38,0.0,0.0,0.0,0.0
1.92,0.0,0.0,0.0,0.0
2.37,0.0,0.0,0.0,0.0
1.92,0.0,0.11,0.0,0.0
3.27,0.0,0.0,0.0,0.0
6.41,0.0,0.17,0.0,0.0
6.88,0.0,0.0,0.0,0.0
7.78,2.22,0.5,0.0,0.0
9.13,2.16,4.23,0.0,0.0
10.47,2.16,10.61,0.0,0.0
12.72,1.44,15.26,0.0,0.0
14.07,10.38,19.08,0.0,0.0
13.17,8.65,21.14,0.0,0.0
12.27,14.13,22.0,0.0,0.0
11.37,13.27,21.32,0.0,0.0
11.37,3.61,21.19,0.0,0.0
12.72,3.6,21.33,0.0,0.0
12.72,3.31,20.61,0.0,0.0
11.82,2.3,23.66,0.0,0.0
10.92,1.45,23.5,0.0,0.0
10.02,5.77,19.03,0.0,0.0
9.13,6.06,14.03,0.0,0.0
5.08,6.19,6.49,0.0,0.0
2.38,0.0,2.91,0.0,0.0
2.38,0.0,0.0,0.0,0.0
1.92,0.0,0.0,0.0,0.0
2.37,0.0,0.0,0.0,0.0
1.92,0.0,0.52,0.0,0.0
3.27,0.0,0.19,0.0,0.0
6.41,0.0,0.18,0.0,0.0
6.88,0.0,0.0,0.0,0.0
7.78,2.22,1.53,0.0,0.0
9.13,2.18,7.3,0.0,0.0
10.47,2.16,15.28,0.0,0.0
12.72,1.44,19.64,0.0,0.0
14.07,10.35,22.81,0.0,0.0
13.17,8.63,27.55,0.0,0.0
12.27,14.1,28.69,0.0,0.0
11.37,13.24,25.38,0.0,0.0
11.37,3.59,23.87,0.0,0.0
12.72,3.59,25.16,0.0,0.0
12.72,3.31,26.84,0.0,0.0
11.82,2.3,29.12,0.0,0.0
10.92,1.44,27.49,0.0,0.0
10.02,5.75,23.36,0.0,0.0
9.13,6.04,16.41,0.0,0.0
5.08,6.18,8.05,0.0,0.0
2.38,0.0,4.16,0.0,0.0
2.38,0.0,0.0,0.0,0.0
1.92,0.0,0.0,0.0,0.0
2.37,0.0,0.0,0.0,0.0
1.92,0.0,0.65,0.0,0.0
3.27,0.0,0.21,0.0,0.0
6.43,0.0,0.2,0.0,0.0
6.88,2.21,0.0,0.0,0.0
7.78,2.16,1.83,0.0,0.0
9.13,4.73,7.39,0.0,0.0
10.47,1.87,15.52,0.0,0.0
12.72,1.43,17.56,0.0,0.0
14.07,10.33,22.19,0.0,0.0
13.17,4.45,26.93,0.0,0.0
12.27,14.05,27.9,0.0,0.0
11.37,13.2,26.09,0.0,0.0
11.37,3.15,23.94,0.0,0.0
12.72,4.45,24.9,0.0,0.0
12.72,3.3,26.66,0.0,0.0
11.82,2.3,27.73,0.0,0.0
10.92,1.44,23.95,0.0,0.0
10.02,5.74,18.87,0.0,0.0
9.13,6.02,11.46,0.0,0.0
5.08,6.16,6.47,0.0,0.0
2.38,2.15,3.83,0.0,0.0
2.38,0.0,0.0,0.0,0.0
1.92,0.0,0.0,0.0,0.0
2.37,0.0,0.0,0.0,0.0
1.92,0.0,0.53,0.0,0.0
3.27,0.0,1.4,0.0,0.0
6.43,0.0,2.84,0.0,0.0
6.88,2.21,2.27,0.0,0.0
7.78,2.14,2.63,0.0,0.0
9.13,4.73,8.87,0.0,0.0
10.47,1.85,14.74,0.0,0.0
12.72,1.43,19.91,0.0,0.0
14.07,10.3,26.65,0.0,0.0
13.17,4.43,30.15,0.0,0.0
12.27,14.01,29.36,0.0,0.0
11.37,13.17,26.22,0.0,0.0
11.37,3.15,24.13,0.0,0.0
12.72,4.43,25.75,0.0,0.0
12.72,3.29,27.14,0.0,0.0
11.82,2.29,27.59,0.0,0.0
10.92,1.43,24.73,0.0,0.0
10.02,5.72,21.83,0.0,0.0
9.13,6.0,17.05,0.0,0.0
5.08,6.15,8.64,0.0,0.0
2.38,2.14,5.43,0.0,0.0
2.38,0.0,0.0,0.0,0.0
1.92,0.0,0.0,0.0,0.0
2.37,0.0,0.0,0.0,0.0
1.92,0.0,1.78,0.0,0.0
3.27,0.0,1.32,0.0,0.0
6.43,0.0,3.36,0.0,0.0
6.88,2.2,4.84,0.0,0.0
7.78,2.14,8.98,0.0,0.0
9.13,4.71,20.33,0.0,0.0
10.47,1.85,25.7,0.0,0.0
12.72,1.43,26.17,0.0,0.0
14.07,10.27,32.41,0.0,0.0
13.17,4.42,38.88,0.0,0.0
12.27,13.98,37.69,0.0,0.0
11.37,13.14,32.69,0.0,0.0
11.37,3.14,29.01,0.0,0.0
12.72,4.42,29.45,0.0,0.0
12.72,3.28,31.91,0.0,0.0
11.82,2.28,34.41,0.0,0.0
10.92,1.43,32.07,0.0,0.0
10.02,5.7,30.08,0.0,0.0
9.13,5.99,24.34,0.0,0.0
5.08,6.13,18.74,0.0,0.0
2.38,2.14,12.77,0.0,0.0
2.38,0.0,0.01,0.0,0.0
1.92,0.0,0.0,0.0,0.0
2.37,0.0,0.0,0.0,0.0
1.92,0.0,2.47,0.0,0.0
3.27,0.0,1.94,0.0,0.0
6.43,0.0,3.97,0.0,0.0
6.88,2.2,6.16,0.0,0.0
7.78,2.13,14.01,0.0,0.0
9.13,4.7,23.98,0.0,0.0
10.47,1.85,28.57,0.0,0.0
12.72,1.42,28.85,0.0,0.0
14.07,10.25,35.59,0.0,0.0
13.17,4.41,41.12,0.0,0.0
12.27,13.94,40.56,0.0,0.0
11.37,13.1,35.44,0.0,0.0
11.37,3.13,30.78,0.0,0.0
12.72,4.41,30.89,0.0,0.0
12.72,3.27,34.16,0.0,0.0
11.82,2.28,39.66,0.0,0.0
10.92,1.42,39.45,0.0,0.0
10.02,5.69,38.04,0.0,0.0
9.13,5.98,33.28,0.0,0.0
5.08,6.11,27.08,0.0,0.0
2.38,2.13,19.66,0.0,0.0
2.38,0.0,0.23,0.0,0.0
1.92,0.0,0.0,0.0,0.0
2.37,0.0,0.0,0.0,0.0
1.92,0.0,4.98,0.0,0.0
3.27,0.0,9.83,0.0,0.0
6.43,0.0,21.76,0.0,0.0
6.88,2.19,21.87,0.0,0.0
7.78,2.13,25.58,0.0,0.0
9.13,4.68,29.7,0.0,0.0
10.47,1.84,32.7,0.0,0.0
12.72,1.42,33.38,0.0,0.0
14.07,10.23,40.17,0.0,0.0
13.17,4.4,47.4,0.0,0.0
12.27,13.9,45.24,0.0,0.0
11.37,13.06,39.19,0.0,0.0
11.37,3.12,36.31,0.0,0.0
12.72,4.4,37.97,0.0,0.0
12.72,3.26,30.03,0.0,0.0
11.82,2.27,20.34,0.0,0.0
10.92,1.42,19.84,0.0,0.0
10.02,5.68,16.24,0.0,0.0
9.13,5.96,10.17,0.0,0.0
5.08,6.1,5.63,0.0,0.0
2.38,2.13,3.43,0.0,0.0
2.38,0.0,0.0,0.0,0.0
1.92,0.0,0.0,0.0,0.0
2.37,0.0,0.0,0.0,0.0
1.92,0.0,0.99,0.0,0.0
3.27,0.0,0.38,0.0,0.0
6.41,0.0,0.9,0.0,0.0
6.88,0.0,1.52,0.0,0.0
7.78,2.18,3.66,0.0,0.0
9.13,2.14,6.44,0.0,0.0
10.47,2.12,14.72,0.0,0.0
12.72,1.41,24.06,0.0,0.0
14.07,10.19,32.86,0.0,0.0
13.17,8.49,36.4,0.0,0.0
12.27,13.88,39.2,0.0,0.0
11.37,13.03,38.83,0.0,0.0
11.37,3.54,37.13,0.0,0.0
12.72,3.53,35.77,0.0,0.0
12.72,3.25,34.41,0.0,0.0
11.82,2.26,39.63,0.0,0.0
10.92,1.42,39.93,0.0,0.0
10.02,5.66,34.78,0.0,0.0
9.13,5.95,32.54,0.0,0.0
5.08,6.08,28.25,0.0,0.0
2.38,0.0,19.87,0.0,0.0
2.38,0.0,0.14,0.0,0.0
1.92,0.0,0.0,0.0,0.0
2.37,0.0,0.0,0.0,0.0
1.92,0.0,3.44,0.0,0.0
3.27,0.0,3.42,0.0,0.0
6.41,0.0,6.13,0.0,0.0
6.88,0.0,8.07,0.0,0.0
7.78,2.18,22.35,0.0,0.0
9.13,2.12,30.13,0.0,0.0
10.47,2.12,31.11,0.0,0.0
12.72,1.42,34.39,0.0,0.0
14.07,10.17,35.56,0.0,0.0
13.17,8.47,40.52,0.0,0.0
12.27,13.84,39.8,0.0,0.0
11.37,12.99,33.88,0.0,0.0
11.37,3.53,31.0,0.0,0.0
12.72,3.53,31.91,0.0,0.0
12.72,3.25,33.2,0.0,0.0
11.82,2.26,37.17,0.0,0.0
10.92,1.41,39.57,0.0,0.0
10.02,5.65,39.47,0.0,0.0
9.13,5.93,32.63,0.0,0.0
5.08,6.08,25.42,0.0,0.0
2.38,0.0,20.01,0.0,0.0
2.38,0.0,0.18,0.0,0.0
1.92,0.0,0.0,0.0,0.0
2.37,0.0,0.0,0.0,0.0
1.92,0.0,4.28,0.0,0.0
3.27,0.0,4.53,0.0,0.0
6.43,0.0,13.76,0.0,0.0
6.88,2.17,17.4,0.0,0.0
7.78,2.11,25.38,0.0,0.0
9.13,4.65,33.1,0.0,0.0
10.47,1.83,36.46,0.0,0.0
12.72,1.4,35.66,0.0,0.0
14.07,10.14,43.59,0.0,0.0
13.17,4.37,49.33,0.0,0.0
12.27,13.8,46.0,0.0,0.0
11.37,12.95,40.67,0.0,0.0
11.37,3.1,36.31,0.0,0.0
12.72,4.36,36.25,0.0,0.0
12.72,3.24,38.08,0.0,0.0
11.82,2.25,40.41,0.0,0.0
10.92,1.41,38.48,0.0,0.0
10.02,5.63,37.19,0.0,0.0
9.13,5.92,32.54,0.0,0.0
5.08,6.05,26.95,0.0,0.0
2.38,2.11,19.91,0.0,0.0
2.38,0.0,0.24,0.0,0.0
1.92,0.0,0.0,0.0,0.0
2.37,0.0,0.0,0.0,0.0
1.92,0.0,3.0,0.0,0.0
3.27,0.0,7.31,0.0,0.0
6.43,0.0,11.04,0.0,0.0
6.88,2.16,11.37,0.0,0.0
7.78,2.11,18.74,0.0,0.0
9.13,4.63,27.01,0.0,0.0
10.47,1.83,32.01,0.0,0.0
12.72,1.4,30.95,0.0,0.0
14.07,10.11,37.54,0.0,0.0
13.17,4.35,44.1,0.0,0.0
12.27,13.77,41.39,0.0,0.0
11.37,12.93,36.08,0.0,0.0
11.37,3.09,32.99,0.0,0.0
12.72,4.35,33.46,0.0,0.0
12.72,3.23,37.04,0.0,0.0
11.82,2.25,40.54,0.0,0.0
10.92,1.4,39.08,0.0,0.0
10.02,5.62,38.63,0.0,0.0
9.13,5.9,31.24,0.0,0.0
5.08,6.03,23.92,0.0,0.0
2.38,2.11,19.4,0.0,0.0
2.38,0.0,0.28,0.0,0.0
1.92,0.0,0.0,0.0,0.0
2.37,0.0,0.0,0.0,0.0
1.92,0.0,3.82,0.0,0.0
3.27,0.0,4.01,0.0,0.0
6.43,0.0,11.7,0.0,0.0
6.88,2.14,14.74,0.0,0.0
7.78,2.1,20.07,0.0,0.0
9.13,4.62,22.89,0.0,0.0
10.47,1.83,25.55,0.0,0.0
12.72,1.4,27.59,0.0,0.0
14.07,10.08,35.77,0.0,0.0
13.17,4.34,43.66,0.0,0.0
12.27,13.74,39.69,0.0,0.0
11.37,12.89,31.25,0.0,0.0
11.37,3.08,22.36,0.0,0.0
12.72,4.34,17.26,0.0,0.0
12.72,3.22,14.63,0.0,0.0
11.82,2.24,8.14,0.0,0.0
10.92,1.4,6.07,0.0,0.0
10.02,5.6,5.56,0.0,0.0
9.13,5.88,5.09,0.0,0.0
5.08,6.02,2.62,0.0,0.0
2.38,2.1,1.22,0.0,0.0
2.38,0.0,0.0,0.0,0.0
1.92,0.0,0.0,0.0,0.0
2.37,0.0,0.0,0.0,0.0
1.92,0.0,0.18,0.0,0.0
3.27,0.0,0.0,0.0,0.0
6.43,0.0,0.0,0.0,0.0
6.88,2.16,0.0,0.0,0.0
7.78,2.1,0.0,0.0,0.0
9.13,4.61,0.0,0.0,0.0
10.47,1.82,0.31,0.0,0.0
12.72,1.39,2.74,0.0,0.0
14.07,10.06,4.78,0.0,0.0
13.17,4.33,5.5,0.0,0.0
12.27,13.7,7.3,0.0,0.0
11.37,12.86,9.33,0.0,0.0
11.37,3.07,10.11,0.0,0.0
12.72,4.33,10.92,0.0,0.0
12.72,3.21,11.21,0.0,0.0
11.82,2.23,10.48,0.0,0.0
10.92,1.39,7.14,0.0,0.0
10.02,5.59,5.25,0.0,0.0
9.13,5.87,4.89,0.0,0.0
5.08,6.01,3.17,0.0,0.0
2.38,2.09,1.21,0.0,0.0
2.38,0.0,0.0,0.0,0.0
1.92,0.0,0.0,0.0,0.0
2.37,0.0,0.0,0.0,0.0
1.92,0.0,0.12,0.0,0.0
3.27,0.0,0.13,0.0,0.0
6.43,0.0,0.17,0.0,0.0
6.88,2.15,0.0,0.0,0.0
7.78,2.09,0.21,0.0,0.0
9.13,4.6,3.38,0.0,0.0
10.47,1.8,6.57,0.0,0.0
12.72,1.4,12.59,0.0,0.0
14.07,10.04,17.82,0.0,0.0
13.17,4.32,21.36,0.0,0.0
12.27,13.65,21.57,0.0,0.0
11.37,12.82,20.11,0.0,0.0
11.37,3.06,18.82,0.0,0.0
12.72,4.32,19.61,0.0,0.0
12.72,3.2,21.28,0.0,0.0
11.82,2.23,21.68,0.0,0.0
10.92,1.4,18.0,0.0,0.0
10.02,5.57,14.09,0.0,0.0
9.13,5.86,8.16,0.0,0.0
5.08,5.99,5.11,0.0,0.0
2.38,2.09,2.75,0.0,0.0
2.38,0.0,0.0,0.0,0.0
1.92,0.0,0.0,0.0,0.0
2.37,0.0,0.0,0.0,0.0
1.92,0.0,0.43,0.0,0.0
3.27,0.0,0.18,0.0,0.0
6.41,0.0,0.19,0.0,0.0
6.88,0.0,0.05,0.0,0.0
7.78,2.15,2.56,0.0,0.0
9.13,2.08,6.84,0.0,0.0
10.47,2.09,13.84,0.0,0.0
12.72,1.39,18.39,0.0,0.0
14.07,10.02,25.24,0.0,0.0
13.17,8.34,27.65,0.0,0.0
12.27,13.63,27.59,0.0,0.0
11.37,12.79,25.47,0.0,0.0
11.37,3.47,23.26,0.0,0.0
12.72,3.48,22.15,0.0,0.0
12.72,3.2,20.63,0.0,0.0
11.82,2.22,21.78,0.0,0.0
10.92,1.39,20.65,0.0,0.0
10.02,5.56,15.16,0.0,0.0
9.13,5.84,10.29,0.0,0.0
5.08,5.98,6.47,0.0,0.0
2.38,0.0,3.38,0.0,0.0
2.38,0.0,0.0,0.0,0.0
1.92,0.0,0.0,0.0,0.0
2.37,0.0,0.0,0.0,0.0
1.92,0.0,0.79,0.0,0.0
3.27,0.0,0.21,0.0,0.0
6.41,0.0,0.22,0.0,0.0
6.88,0.0,0.1,0.0,0.0
7.78,2.14,4.19,0.0,0.0
9.13,2.08,10.21,0.0,0.0
10.47,2.08,13.33,0.0,0.0
12.72,1.38,19.22,0.0,0.0
14.07,9.99,22.38,0.0,0.0
13.17,8.32,26.18,0.0,0.0
12.27,13.6,28.12,0.0,0.0
11.37,12.76,26.66,0.0,0.0
11.37,3.46,25.26,0.0,0.0
12.72,3.47,26.38,0.0,0.0
12.72,3.19,26.43,0.0,0.0
11.82,2.22,24.68,0.0,0.0
10.92,1.39,21.92,0.0,0.0
10.02,5.54,18.42,0.0,0.0
9.13,5.83,11.18,0.0,0.0
5.08,5.96,6.69,0.0,0.0
2.38,0.0,3.77,0.0,0.0
2.38,0.0,0.0,0.0,0.0
1.92,0.0,0.0,0.0,0.0
2.37,0.0,0.0,0.0,0.0
1.92,0.0,1.03,0.0,0.0
3.27,0.0,0.37,0.0,0.0
6.43,0.0,0.57,0.0,0.0
6.88,2.13,2.37,0.0,0.0
7.78,2.07,5.17,0.0,0.0
9.13,4.57,15.41,0.0,0.0
10.47,1.8,21.35,0.0,0.0
12.72,1.38,22.3,0.0,0.0
14.07,9.97,27.59,0.0,0.0
13.17,4.29,34.13,0.0,0.0
12.27,13.56,34.47,0.0,0.0
11.37,12.72,30.63,0.0,0.0
11.37,3.04,26.8,0.0,0.0
12.72,4.29,27.58,0.0,0.0
12.72,3.18,30.12,0.0,0.0
11.82,2.21,32.44,0.0,0.0
10.92,1.38,29.71,0.0,0.0
10.02,5.53,26.33,0.0,0.0
9.13,5.8,21.34,0.0,0.0
5.08,5.95,16.7,0.0,0.0
2.38,2.07,10.98,0.0,0.0
2.38,0.0,0.0,0.0,0.0
1.92,0.0,0.0,0.0,0.0
2.37,0.0,0.0,0.0,0.0
1.92,0.0,1.92,0.0,0.0
3.27,0.0,4.7,0.0,0.0
6.43,0.0,7.56,0.0,0.0
6.88,2.13,6.74,0.0,0.0
7.78,2.07,8.3,0.0,0.0
9.13,4.55,19.62,0.0,0.0
10.47,1.8,24.92,0.0,0.0
12.72,1.38,26.45,0.0,0.0
14.07,9.92,33.48,0.0,0.0
13.17,4.27,41.08,0.0,0.0
12.27,13.52,40.97,0.0,0.0
11.37,12.7,36.65,0.0,0.0
11.37,3.03,32.27,0.0,0.0
12.72,4.28,31.65,0.0,0.0
12.72,3.17,33.74,0.0,0.0
11.82,2.21,36.49,0.0,0.0
10.92,1.38,34.28,0.0,0.0
10.02,5.52,32.12,0.0,0.0
9.13,5.79,27.63,0.0,0.0
5.08,5.94,21.4,0.0,0.0
2.38,2.07,13.69,0.0,0.0
2.38,0.0,0.01,0.0,0.0
1.92,0.0,0.0,0.0,0.0
2.37,0.0,0.0,0.0,0.0
1.92,0.0,2.52,0.0,0.0
3.27,0.0,1.99,0.0,0.0
6.43,0.0,3.87,0.0,0.0
6.88,2.12,6.08,0.0,0.0
7.78,2.06,14.25,0.0,0.0
9.13,4.54,24.26,0.0,0.0
10.47,1.79,27.92,0.0,0.0
12.72,1.37,27.98,0.0,0.0
14.07,9.9,33.45,0.0,0.0
13.17,4.26,37.9,0.0,0.0
12.27,13.49,38.53,0.0,0.0
11.37,12.66,35.03,0.0,0.0
11.37,3.03,31.18,0.0,0.0
12.72,4.26,32.62,0.0,0.0
12.72,3.16,35.82,0.0,0.0
11.82,2.2,38.45,0.0,0.0
10.92,1.38,36.0,0.0,0.0
10.02,5.5,33.36,0.0,0.0
9.13,5.78,26.7,0.0,0.0
5.08,5.92,20.57,0.0,0.0
2.38,2.06,13.63,0.0,0.0
2.38,0.0,0.01,0.0,0.0
1.92,0.0,0.0,0.0,0.0
2.37,0.0,0.0,0.0,0.0
1.92,0.0,1.99,0.0,0.0
3.27,0.0,1.1,0.0,0.0
6.43,0.0,2.61,0.0,0.0
6.88,2.11,4.58,0.0,0.0
7.78,2.06,12.21,0.0,0.0
9.13,4.53,25.45,0.0,0.0
10.47,1.78,28.97,0.0,0.0
12.72,1.38,27.38,0.0,0.0
14.07,9.89,34.29,0.0,0.0
13.17,4.26,44.65,0.0,0.0
12.27,13.45,42.41,0.0,0.0
11.37,12.63,36.21,0.0,0.0
11.37,3.02,31.61,0.0,0.0
12.72,4.26,30.35,0.0,0.0
12.72,3.16,32.21,0.0,0.0
11.82,2.2,37.78,0.0,0.0
10.92,1.37,37.97,0.0,0.0
10.02,5.49,35.24,0.0,0.0
9.13,5.76,27.47,0.0,0.0
5.08,5.9,20.04,0.0,0.0
2.38,2.06,12.54,0.0,0.0
2.38,0.0,0.01,0.0,0.0
1.92,0.0,0.0,0.0,0.0
2.37,0.0,0.0,0.0,0.0
1.92,0.0,1.98,0.0,0.0
3.27,0.0,5.45,0.0,0.0
6.43,0.0,8.86,0.0,0.0
6.88,2.1,8.02,0.0,0.0
7.78,2.05,15.12,0.0,0.0
9.13,4.52,24.53,0.0,0.0
10.47,1.78,27.4,0.0,0.0
12.72,1.37,26.86,0.0,0.0
14.07,9.86,32.09,0.0,0.0
13.17,4.25,38.19,0.0,0.0
12.27,13.41,39.68,0.0,0.0
11.37,12.6,36.8,0.0,0.0
11.37,3.01,33.49,0.0,0.0
12.72,4.24,34.57,0.0,0.0
12.72,3.15,37.95,0.0,0.0
11.82,2.19,41.65,0.0,0.0
10.92,1.37,40.25,0.0,0.0
10.02,5.48,38.53,0.0,0.0
9.13,5.75,30.62,0.0,0.0
5.08,5.88,23.0,0.0,0.0
2.38,2.05,16.01,0.0,0.0
2.38,0.0,0.1,0.0,0.0
1.92,0.0,0.0,0.0,0.0
2.37,0.0,0.0,0.0,0.0
1.92,0.0,2.21,0.0,0.0
3.27,0.0,1.82,0.0,0.0
6.41,0.0,4.05,0.0,0.0
6.88,0.0,5.05,0.0,0.0
7.78,2.11,16.61,0.0,0.0
9.13,2.05,26.0,0.0,0.0
10.47,2.04,29.1,0.0,0.0
12.72,1.37,29.4,0.0,0.0
14.07,9.84,35.09,0.0,0.0
13.17,8.19,38.76,0.0,0.0
12.27,13.39,40.41,0.0,0.0
11.37,12.57,36.77,0.0,0.0
11.37,3.41,33.96,0.0,0.0
12.72,3.41,33.66,0.0,0.0
12.72,3.14,33.78,0.0,0.0
11.82,2.18,38.9,0.0,0.0
10.92,1.37,39.23,0.0,0.0
10.02,5.46,34.44,0.0,0.0
9.13,5.73,31.88,0.0,0.0
5.08,5.88,25.54,0.0,0.0
2.38,0.0,16.75,0.0,0.0
2.38,0.0,0.1,0.0,0.0
1.92,0.0,0.0,0.0,0.0
2.37,0.0,0.0,0.0,0.0
1.92,0.0,2.03,0.0,0.0
3.27,0.0,1.66,0.0,0.0
6.41,0.0,2.97,0.0,0.0
6.88,0.0,3.32,0.0,0.0
7.78,2.1,13.06,0.0,0.0
9.13,2.07,25.09,0.0,0.0
10.47,2.04,25.12,0.0,0.0
12.72,1.36,27.77,0.0,0.0
14.07,9.81,30.9,0.0,0.0
13.17,8.17,37.8,0.0,0.0
12.27,13.36,41.33,0.0,0.0
11.37,12.53,34.8,0.0,0.0
11.37,3.4,30.23,0.0,0.0
12.72,3.4,31.46,0.0,0.0
12.72,3.13,34.8,0.0,0.0
11.82,2.18,38.12,0.0,0.0
10.92,1.36,37.77,0.0,0.0
10.02,5.45,35.76,0.0,0.0
9.13,5.72,28.05,0.0,0.0
5.08,5.86,20.46,0.0,0.0
2.38,0.0,14.09,0.0,0.0
2.38,0.0,0.08,0.0,0.0
1.92,0.0,0.0,0.0,0.0
2.37,0.0,0.0,0.0,0.0
1.92,0.0,2.54,0.0,0.0
3.27,0.0,2.22,0.0,0.0
6.43,0.0,3.47,0.0,0.0
6.88,2.1,5.35,0.0,0.0
7.78,2.05,15.37,0.0,0.0
9.13,4.48,26.34,0.0,0.0
10.47,1.77,30.26,0.0,0.0
12.72,1.36,30.02,0.0,0.0
14.07,9.78,37.97,0.0,0.0
13.17,4.21,44.49,0.0,0.0
12.27,13.32,43.82,0.0,0.0
11.37,12.5,38.26,0.0,0.0
11.37,2.99,32.64,0.0,0.0
12.72,4.21,32.14,0.0,0.0
12.72,3.13,34.75,0.0,0.0
11.82,2.17,39.15,0.0,0.0
10.92,1.36,37.81,0.0,0.0
10.02,5.43,35.8,0.0,0.0
9.13,5.71,29.56,0.0,0.0
5.08,5.84,23.17,0.0,0.0
2.38,2.04,17.48,0.0,0.0
2.38,0.0,0.18,0.0,0.0
1.92,0.0,0.0,0.0,0.0
2.37,0.0,0.0,0.0,0.0
1.92,0.0,4.0,0.0,0.0
3.27,0.0,8.5,0.0,0.0
6.43,0.0,17.07,0.0,0.0
6.88,2.09,16.81,0.0,0.0
7.78,2.03,24.17,0.0,0.0
9.13,4.47,32.64,0.0,0.0
10.47,1.76,36.73,0.0,0.0
12.72,1.35,35.23,0.0,0.0
14.07,9.77,43.34,0.0,0.0
13.17,4.2,50.42,0.0,0.0
12.27,13.29,46.67,0.0,0.0
11.37,12.47,39.9,0.0,0.0
11.37,2.98,31.21,0.0,0.0
12.72,4.2,34.88,0.0,0.0
12.72,3.12,42.85,0.0,0.0
11.82,2.17,44.86,0.0,0.0
10.92,1.36,42.22,0.0,0.0
10.02,5.42,39.98,0.0,0.0
9.13,5.69,34.43,0.0,0.0
5.08,5.83,28.85,0.0,0.0
2.38,2.03,22.07,0.0,0.0
2.38,0.0,0.3,0.0,0.0
1.92,0.0,0.0,0.0,0.0
2.37,0.0,0.0,0.0,0.0
1.92,0.0,5.17,0.0,0.0
3.27,0.0,5.34,0.0,0.0
6.43,0.0,16.19,0.0,0.0
6.88,2.09,19.85,0.0,0.0
7.78,2.02,26.74,0.0,0.0
9.13,4.46,30.48,0.0,0.0
10.47,1.76,32.83,0.0,0.0
12.72,1.35,32.61,0.0,0.0
14.07,9.73,40.1,0.0,0.0
13.17,4.19,46.43,0.0,0.0
12.27,13.25,40.41,0.0,0.0
11.37,12.44,26.77,0.0,0.0
11.37,2.98,19.62,0.0,0.0
12.72,4.19,20.09,0.0,0.0
12.72,3.11,22.83,0.0,0.0
11.82,2.16,26.85,0.0,0.0
10.92,1.35,28.44,0.0,0.0
10.02,5.41,28.63,0.0,0.0
9.13,5.68,25.57,0.0,0.0
5.08,5.81,18.24,0.0,0.0
2.38,2.03,9.96,0.0,0.0
2.38,0.0,0.0,0.0,0.0
1.92,0.0,0.0,0.0,0.0
2.37,0.0,0.0,0.0,0.0
1.92,0.0,2.4,0.0,0.0
3.27,0.0,2.19,0.0,0.0
6.43,0.0,5.01,0.0,0.0
6.88,2.08,7.49,0.0,0.0
7.78,2.02,18.65,0.0,0.0
9.13,4.45,27.86,0.0,0.0
10.47,1.75,34.11,0.0,0.0
12.72,1.34,36.09,0.0,0.0
14.07,9.72,42.59,0.0,0.0
13.17,4.18,47.29,0.0,0.0
12.27,13.22,46.18,0.0,0.0
11.37,12.42,39.98,0.0,0.0
11.37,2.96,34.75,0.0,0.0
12.72,4.18,36.76,0.0,0.0
12.72,3.1,39.2,0.0,0.0
11.82,2.16,39.91,0.0,0.0
10.92,1.35,36.9,0.0,0.0
10.02,5.4,34.13,0.0,0.0
9.13,5.66,31.15,0.0,0.0
5.08,5.8,26.35,0.0,0.0
2.38,2.02,18.91,0.0,0.0
2.38,0.0,0.11,0.0,0.0
1.92,0.0,0.0,0.0,0.0
2.37,0.0,0.0,0.0,0.0
1.92,0.0,3.88,0.0,0.0
3.27,0.0,8.73,0.0,0.0
6.43,0.0,17.6,0.0,0.0
6.88,2.07,17.38,0.0,0.0
7.78,2.02,23.12,0.0,0.0
9.13,4.44,29.15,0.0,0.0
10.47,1.74,30.63,0.0,0.0
12.72,1.35,29.09,0.0,0.0
14.07,9.69,34.62,0.0,0.0
13.17,4.17,41.74,0.0,0.0
12.27,13.19,42.3,0.0,0.0
11.37,12.38,35.68,0.0,0.0
11.37,2.96,32.19,0.0,0.0
12.72,4.17,36.22,0.0,0.0
12.72,3.09,41.46,0.0,0.0
11.82,2.15,43.35,0.0,0.0
10.92,1.35,39.63,0.0,0.0
10.02,5.38,37.91,0.0,0.0
9.13,5.65,30.9,0.0,0.0
5.08,5.79,23.55,0.0,0.0
2.38,2.01,17.44,0.0,0.0
2.38,0.0,0.13,0.0,0.0
1.92,0.0,0.0,0.0,0.0
2.37,0.0,0.0,0.0,0.0
1.92,0.0,3.5,0.0,0.0
3.27,0.0,3.27,0.0,0.0
6.41,0.0,5.96,0.0,0.0
6.88,0.0,6.8,0.0,0.0
7.78,2.07,12.25,0.0,0.0
9.13,2.03,17.25,0.0,0.0
10.47,2.01,19.59,0.0,0.0
12.72,1.34,22.15,0.0,0.0
14.07,9.66,23.42,0.0,0.0
13.17,8.05,25.48,0.0,0.0
12.27,13.16,27.5,0.0,0.0
11.37,12.35,26.67,0.0,0.0
11.37,3.36,27.69,0.0,0.0
12.72,3.35,30.07,0.0,0.0
12.72,3.09,30.5,0.0,0.0
11.82,2.15,31.92,0.0,0.0
10.92,1.34,27.55,0.0,0.0
10.02,5.37,23.13,0.0,0.0
9.13,5.64,20.63,0.0,0.0
5.08,5.77,15.03,0.0,0.0
2.38,0.0,10.88,0.0,0.0
2.38,0.0,0.0,0.0,0.0
1.92,0.0,0.0,0.0,0.0
2.37,0.0,0.0,0.0,0.0
1.92,0.0,4.61,0.0,0.0
3.27,0.0,4.16,0.0,0.0
6.41,0.0,11.37,0.0,0.0
6.88,0.0,14.34,0.0,0.0
7.78,2.07,24.23,0.0,0.0
9.13,2.02,30.63,0.0,0.0
10.47,2.01,30.92,0.0,0.0
12.72,1.34,32.99,0.0,0.0
14.07,9.64,35.39,0.0,0.0
13.17,8.04,34.93,0.0,0.0
12.27,13.13,35.37,0.0,0.0
11.37,12.33,35.24,0.0,0.0
11.37,3.34,32.34,0.0,0.0
12.72,3.34,33.27,0.0,0.0
12.72,3.08,34.33,0.0,0.0
11.82,2.14,36.22,0.0,0.0
10.92,1.34,36.7,0.0,0.0
10.02,5.36,35.82,0.0,0.0
9.13,5.62,30.66,0.0,0.0
5.08,5.76,26.62,0.0,0.0
2.38,0.0,22.58,0.0,0.0
2.38,0.0,0.3,0.0,0.0
1.92,0.0,0.0,0.0,0.0
2.37,0.0,0.0,0.0,0.0
1.92,0.0,13.57,0.0,0.0
3.27,0.0,8.69,0.0,0.0
6.43,0.0,16.97,0.0,0.0
6.88,2.06,20.4,0.0,0.0
7.78,2.0,30.05,0.0,0.0
9.13,4.41,34.5,0.0,0.0
10.47,1.74,36.69,0.0,0.0
12.72,1.33,35.61,0.0,0.0
14.07,9.61,42.62,0.0,0.0
13.17,4.14,49.84,0.0,0.0
12.27,13.09,47.53,0.0,0.0
11.37,12.29,40.81,0.0,0.0
11.37,2.94,36.2,0.0,0.0
12.72,4.14,36.92,0.0,0.0
12.72,3.07,39.12,0.0,0.0
11.82,2.14,41.5,0.0,0.0
10.92,1.34,39.84,0.0,0.0
10.02,5.34,39.15,0.0,0.0
9.13,5.61,34.03,0.0,0.0
5.08,5.75,29.6,0.0,0.0
2.38,2.0,23.28,0.0,0.0
2.38,0.0,0.64,0.0,0.0
1.92,0.0,0.02,0.0,0.0
2.37,0.0,0.0,0.0,0.0
1.92,0.0,8.56,0.0,0.0
3.27,0.0,14.01,0.0,0.0
6.43,0.0,19.89,0.0,0.0
6.88,2.06,21.79,0.0,0.0
7.78,2.01,27.46,0.0,0.0
9.13,4.4,33.78,0.0,0.0
10.47,1.73,34.72,0.0,0.0
12.72,1.33,31.94,0.0,0.0
14.07,9.6,38.31,0.0,0.0
13.17,4.13,44.34,0.0,0.0
12.27,13.07,42.81,0.0,0.0
11.37,12.27,38.87,0.0,0.0
11.37,2.93,36.16,0.0,0.0
12.72,4.13,36.89,0.0,0.0
12.72,3.06,40.23,0.0,0.0
11.82,2.13,45.06,0.0,0.0
10.92,1.33,43.75,0.0,0.0
10.02,5.33,41.54,0.0,0.0
9.13,5.6,35.33,0.0,0.0
5.08,5.73,29.81,0.0,0.0
2.38,2.0,22.79,0.0,0.0
2.38,0.0,0.52,0.0,0.0
1.92,0.0,0.0,0.0,0.0
2.37,0.0,0.0,0.0,0.0
1.92,0.0,9.9,0.0,0.0
3.27,0.0,7.19,0.0,0.0
6.43,0.0,15.46,0.0,0.0
6.88,2.04,18.78,0.0,0.0
7.78,1.99,28.12,0.0,0.0
9.13,4.39,34.21,0.0,0.0
10.47,1.72,36.9,0.0,0.0
12.72,1.33,35.14,0.0,0.0
14.07,9.59,42.86,0.0,0.0
13.17,4.12,51.64,0.0,0.0
12.27,13.04,49.54,0.0,0.0
11.37,12.24,43.21,0.0,0.0
11.37,2.92,40.58,0.0,0.0
12.72,4.12,41.65,0.0,0.0
12.72,3.06,45.1,0.0,0.0
11.82,2.13,49.74,0.0,0.0
10.92,1.33,47.44,0.0,0.0
10.02,5.32,45.91,0.0,0.0
9.13,5.58,38.14,0.0,0.0
5.08,5.72,30.94,0.0,0.0
2.38,1.99,24.91,0.0,0.0
2.38,0.0,0.69,0.0,0.0
1.92,0.0,0.07,0.0,0.0
2.37,0.0,0.0,0.0,0.0
1.92,0.0,12.28,0.0,0.0
3.27,0.0,7.87,0.0,0.0
6.43,0.0,16.74,0.0,0.0
6.88,2.05,20.89,0.0,0.0
7.78,1.98,30.96,0.0,0.0
9.13,4.38,37.59,0.0,0.0
10.47,1.73,39.6,0.0,0.0
12.72,1.33,37.27,0.0,0.0
14.07,9.55,48.0,0.0,0.0
13.17,4.11,56.76,0.0,0.0
12.27,13.0,53.46,0.0,0.0
11.37,12.21,47.55,0.0,0.0
11.37,2.92,42.91,0.0,0.0
12.72,4.11,44.39,0.0,0.0
12.72,3.05,48.71,0.0,0.0
11.82,2.12,53.39,0.0,0.0
10.92,1.33,52.25,0.0,0.0
10.02,5.3,50.81,0.0,0.0
9.13,5.57,43.13,0.0,0.0
5.08,5.71,36.42,0.0,0.0
2.38,1.99,28.89,0.0,0.0
2.38,0.0,1.04,0.0,0.0
1.92,0.0,0.06,0.0,0.0
2.37,0.0,0.0,0.0,0.0
1.92,0.0,12.18,0.0,0.0
3.27,0.0,16.1,0.0,0.0
6.43,0.0,21.88,0.0,0.0
6.88,2.04,26.33,0.0,0.0
7.78,1.98,34.83,0.0,0.0
9.13,4.37,41.03,0.0,0.0
10.47,1.72,43.23,0.0,0.0
12.72,1.32,40.22,0.0,0.0
14.07,9.53,50.03,0.0,0.0
13.17,4.1,59.57,0.0,0.0
12.27,12.97,57.0,0.0,0.0
11.37,12.18,50.4,0.0,0.0
11.37,2.91,45.78,0.0,0.0
12.72,4.1,48.79,0.0,0.0
12.72,3.04,54.58,0.0,0.0
11.82,2.12,61.5,0.0,0.0
10.92,1.32,60.46,0.0,0.0
10.02,5.29,58.07,0.0,0.0
9.13,5.56,47.59,0.0,0.0
5.08,5.69,39.42,0.0,0.0
2.38,1.99,31.87,0.0,0.0
2.38,0.0,1.21,0.0,0.0
1.92,0.0,0.14,0.0,0.0
2.37,0.0,0.05,0.0,0.0
1.92,0.0,15.26,0.0,0.0
3.27,0.0,13.25,0.0,0.0
6.41,0.0,19.14,0.0,0.0
6.88,0.0,23.27,0.0,0.0
7.78,2.04,38.29,0.0,0.0
9.13,1.98,44.8,0.0,0.0
10.47,1.98,43.84,0.0,0.0
12.72,1.32,41.05,0.0,0.0
14.07,9.51,48.99,0.0,0.0
13.17,7.93,53.62,0.0,0.0
12.27,12.95,52.03,0.0,0.0
11.37,12.16,48.32,0.0,0.0
11.37,3.3,49.4,0.0,0.0
12.72,3.3,50.89,0.0,0.0
12.72,3.04,49.12,0.0,0.0
11.82,2.11,57.75,0.0,0.0
10.92,1.32,60.1,0.0,0.0
10.02,5.28,52.0,0.0,0.0
9.13,5.55,47.64,0.0,0.0
5.08,5.68,42.18,0.0,0.0
2.38,0.0,32.51,0.0,0.0
2.38,0.0,0.89,0.0,0.0
1.92,0.0,0.14,0.0,0.0
2.37,0.0,0.13,0.0,0.0
1.92,0.0,16.03,0.0,0.0
3.27,0.0,13.39,0.0,0.0
6.41,0.0,18.66,0.0,0.0
6.88,0.0,22.89,0.0,0.0
7.78,2.04,37.94,0.0,0.0
9.13,2.0,45.34,0.0,0.0
10.47,1.97,40.37,0.0,0.0
12.72,1.32,41.65,0.0,0.0
14.07,9.49,45.24,0.0,0.0
13.17,7.9,49.83,0.0,0.0
12.27,12.92,51.34,0.0,0.0
11.37,12.13,47.38,0.0,0.0
11.37,3.3,44.61,0.0,0.0
12.72,3.29,50.2,0.0,0.0
12.72,3.03,54.51,0.0,0.0
11.82,2.11,51.03,0.0,0.0
10.92,1.32,48.28,0.0,0.0
10.02,5.28,49.37,0.0,0.0
9.13,5.54,42.11,0.0,0.0
5.08,5.67,35.36,0.0,0.0
2.38,0.0,30.16,0.0,0.0
2.38,0.0,1.02,0.0,0.0
1.92,0.0,0.19,0.0,0.0
2.37,0.0,0.2,0.0,0.0
1.92,0.0,15.81,0.0,0.0
3.27,0.0,13.85,0.0,0.0
6.43,0.0,20.53,0.0,0.0
6.88,2.03,25.38,0.0,0.0
7.78,1.97,36.54,0.0,0.0
9.13,4.34,44.74,0.0,0.0
10.47,1.72,46.2,0.0,0.0
12.72,1.31,43.62,0.0,0.0
14.07,9.47,53.57,0.0,0.0
13.17,4.08,62.18,0.0,0.0
12.27,12.89,59.65,0.0,0.0
11.37,12.1,51.48,0.0,0.0
11.37,2.9,45.26,0.0,0.0
12.72,4.07,46.43,0.0,0.0
12.72,3.02,51.13,0.0,0.0
11.82,2.1,55.92,0.0,0.0
10.92,1.31,52.22,0.0,0.0
10.02,5.27,48.59,0.0,0.0
9.13,5.52,40.32,0.0,0.0
5.08,5.65,35.05,0.0,0.0
2.38,1.97,29.75,0.0,0.0
2.38,0.0,1.26,0.0,0.0
1.92,0.0,0.48,0.0,0.0
2.37,0.0,0.22,0.0,0.0
1.92,0.0,16.13,0.0,0.0
3.27,0.0,22.35,0.0,0.0
6.43,0.0,29.36,0.0,0.0
6.88,2.03,31.93,0.0,0.0
7.78,1.96,36.33,0.0,0.0
9.13,4.33,41.34,0.0,0.0
10.47,1.71,44.89,0.0,0.0
12.72,1.31,41.15,0.0,0.0
14.07,9.45,37.37,0.0,0.0
13.17,4.07,34.32,0.0,0.0
12.27,12.86,35.17,0.0,0.0
11.37,12.08,33.54,0.0,0.0
11.37,2.89,34.4,0.0,0.0
12.72,4.07,40.25,0.0,0.0
12.72,3.01,45.77,0.0,0.0
11.82,2.1,50.02,0.0,0.0
10.92,1.31,48.91,0.0,0.0
10.02,5.25,48.33,0.0,0.0
9.13,5.51,42.2,0.0,0.0
5.08,5.64,36.49,0.0,0.0
2.38,1.97,29.42,0.0,0.0
2.38,0.0,0.92,0.0,0.0
1.92,0.0,0.05,0.0,0.0
2.37,0.0,0.0,0.0,0.0
1.92,0.0,6.13,0.0,0.0
3.27,0.0,3.6,0.0,0.0
6.43,0.0,7.88,0.0,0.0
6.88,2.02,10.21,0.0,0.0
7.78,1.96,21.61,0.0,0.0
9.13,4.32,28.44,0.0,0.0
10.47,1.71,30.23,0.0,0.0
12.72,1.31,29.07,0.0,0.0
14.07,9.43,35.78,0.0,0.0
13.17,4.06,41.69,0.0,0.0
12.27,12.84,41.47,0.0,0.0
11.37,12.05,37.77,0.0,0.0
11.37,2.88,35.62,0.0,0.0
12.72,4.05,38.69,0.0,0.0
12.72,3.01,42.55,0.0,0.0
11.82,2.1,44.9,0.0,0.0
10.92,1.31,41.34,0.0,0.0
10.02,5.24,38.3,0.0,0.0
9.13,5.5,31.81,0.0,0.0
5.08,5.63,26.37,0.0,0.0
2.38,1.96,21.36,0.0,0.0
2.38,0.0,0.68,0.0,0.0
1.92,0.0,0.0,0.0,0.0
2.37,0.0,0.0,0.0,0.0
1.92,0.0,8.97,0.0,0.0
3.27,0.0,6.84,0.0,0.0
6.43,0.0,15.29,0.0,0.0
6.88,2.02,19.48,0.0,0.0
7.78,1.96,29.38,0.0,0.0
9.13,4.31,35.15,0.0,0.0
10.47,1.7,37.15,0.0,0.0
12.72,1.31,33.5,0.0,0.0
14.07,9.41,39.6,0.0,0.0
13.17,4.05,48.54,0.0,0.0
12.27,12.82,48.13,0.0,0.0
11.37,12.02,41.31,0.0,0.0
11.37,2.87,37.51,0.0,0.0
12.72,4.05,39.27,0.0,0.0
12.72,3.01,42.74,0.0,0.0
11.82,2.09,47.37,0.0,0.0
10.92,1.31,45.15,0.0,0.0
10.02,5.22,42.51,0.0,0.0
9.13,5.49,35.68,0.0,0.0
5.08,5.62,30.15,0.0,0.0
2.38,1.96,26.91,0.0,0.0
2.38,0.0,1.4,0.0,0.0
1.92,0.0,0.46,0.0,0.0
2.37,0.0,0.14,0.0,0.0
1.92,0.0,17.4,0.0,0.0
3.27,0.0,20.94,0.0,0.0
6.43,0.0,28.08,0.0,0.0
6.88,2.01,30.23,0.0,0.0
7.78,1.95,35.32,0.0,0.0
9.13,4.3,21.89,0.0,0.0
10.47,1.7,10.36,0.0,0.0
12.72,1.3,10.63,0.0,0.0
14.07,9.39,11.24,0.0,0.0
13.17,4.05,13.27,0.0,0.0
12.27,12.78,12.92,0.0,0.0
11.37,12.0,17.95,0.0,0.0
11.37,2.87,24.73,0.0,0.0
12.72,4.04,28.97,0.0,0.0
12.72,2.99,31.47,0.0,0.0
11.82,2.08,33.7,0.0,0.0
10.92,1.3,33.2,0.0,0.0
10.02,5.22,32.25,0.0,0.0
9.13,5.48,27.8,0.0,0.0
5.08,5.61,23.2,0.0,0.0
2.38,1.96,16.54,0.0,0.0
2.38,0.0,0.13,0.0,0.0
1.92,0.0,0.0,0.0,0.0
2.37,0.0,0.0,0.0,0.0
1.92,0.0,6.35,0.0,0.0
3.27,0.0,4.04,0.0,0.0
6.41,0.0,8.29,0.0,0.0
6.88,0.0,10.67,0.0,0.0
7.78,2.01,24.45,0.0,0.0
9.13,1.96,33.66,0.0,0.0
10.47,1.95,38.42,0.0,0.0
12.72,1.3,37.9,0.0,0.0
14.07,9.37,44.72,0.0,0.0
13.17,7.8,46.14,0.0,0.0
12.27,12.76,46.02,0.0,0.0
11.37,11.98,45.24,0.0,0.0
11.37,3.25,43.84,0.0,0.0
12.72,3.25,42.55,0.0,0.0
12.72,2.99,41.61,0.0,0.0
11.82,2.08,48.42,0.0,0.0
10.92,1.3,47.44,0.0,0.0
10.02,5.21,38.82,0.0,0.0
9.13,5.46,35.28,0.0,0.0
5.08,5.6,32.51,0.0,0.0
2.38,0.0,26.01,0.0,0.0
2.38,0.0,0.5,0.0,0.0
1.92,0.0,0.0,0.0,0.0
2.37,0.0,0.0,0.0,0.0
1.92,0.0,11.35,0.0,0.0
3.27,0.0,8.22,0.0,0.0
6.41,0.0,16.3,0.0,0.0
6.88,0.0,18.73,0.0,0.0
7.78,2.01,31.97,0.0,0.0
9.13,1.97,40.47,0.0,0.0
10.47,1.94,38.2,0.0,0.0
12.72,1.3,39.91,0.0,0.0
14.07,9.36,37.57,0.0,0.0
13.17,7.8,42.6,0.0,0.0
12.27,12.73,47.99,0.0,0.0
11.37,11.95,42.42,0.0,0.0
11.37,3.24,37.17,0.0,0.0
12.72,3.25,37.49,0.0,0.0
12.72,2.99,37.33,0.0,0.0
11.82,2.08,36.64,0.0,0.0
10.92,1.3,36.73,0.0,0.0
10.02,5.19,37.33,0.0,0.0
9.13,5.45,31.15,0.0,0.0
5.08,5.58,26.11,0.0,0.0
2.38,0.0,21.75,0.0,0.0
2.38,0.0,0.37,0.0,0.0
1.92,0.0,0.0,0.0,0.0
2.37,0.0,0.06,0.0,0.0
1.92,0.0,10.58,0.0,0.0
3.27,0.0,11.58,0.0,0.0
6.43,0.0,18.18,0.0,0.0
6.88,2.01,23.86,0.0,0.0
7.78,1.97,35.05,0.0,0.0
9.13,4.27,42.95,0.0,0.0
10.47,1.69,45.16,0.0,0.0
12.72,1.29,43.17,0.0,0.0
14.07,9.33,50.54,0.0,0.0
13.17,4.02,49.06,0.0,0.0
12.27,12.71,46.87,0.0,0.0
11.37,11.93,46.33,0.0,0.0
11.37,2.85,41.78,0.0,0.0
12.72,4.01,39.2,0.0,0.0
12.72,2.98,41.55,0.0,0.0
11.82,2.08,49.6,0.0,0.0
10.92,1.29,49.62,0.0,0.0
10.02,5.19,46.46,0.0,0.0
9.13,5.44,38.77,0.0,0.0
5.08,5.57,34.1,0.0,0.0
2.38,1.94,29.62,0.0,0.0
2.38,0.0,1.18,0.0,0.0
1.92,0.0,0.16,0.0,0.0
2.37,0.0,0.19,0.0,0.0
1.92,0.0,16.24,0.0,0.0
3.27,0.0,18.69,0.0,0.0
6.43,0.0,24.51,0.0,0.0
6.88,2.0,28.09,0.0,0.0
7.78,1.96,37.1,0.0,0.0
9.13,4.27,43.24,0.0,0.0
10.47,1.68,44.83,0.0,0.0
12.72,1.29,41.35,0.0,0.0
14.07,9.32,50.61,0.0,0.0
13.17,4.01,58.59,0.0,0.0
12.27,12.68,55.66,0.0,0.0
11.37,11.91,47.42,0.0,0.0
11.37,2.85,42.86,0.0,0.0
12.72,4.01,43.12,0.0,0.0
12.72,2.97,46.11,0.0,0.0
11.82,2.07,50.36,0.0,0.0
10.92,1.29,47.54,0.0,0.0
10.02,5.18,45.8,0.0,0.0
9.13,5.43,40.07,0.0,0.0
5.08,5.56,34.26,0.0,0.0
2.38,1.94,27.44,0.0,0.0
2.38,0.0,0.89,0.0,0.0
1.92,0.0,0.03,0.0,0.0
2.37,0.0,0.03,0.0,0.0
1.92,0.0,13.48,0.0,0.0
3.27,0.0,11.21,0.0,0.0
6.43,0.0,17.08,0.0,0.0
6.88,2.0,22.51,0.0,0.0
7.78,1.94,34.29,0.0,0.0
9.13,4.26,41.03,0.0,0.0
10.47,1.67,42.19,0.0,0.0
12.72,1.29,38.92,0.0,0.0
14.07,9.3,48.28,0.0,0.0
13.17,4.0,56.63,0.0,0.0
12.27,12.66,55.16,0.0,0.0
11.37,11.88,48.76,0.0,0.0
11.37,2.84,43.61,0.0,0.0
12.72,4.0,45.0,0.0,0.0
12.72,2.96,49.81,0.0,0.0
11.82,2.06,52.78,0.0,0.0
10.92,1.29,48.99,0.0,0.0
10.02,5.17,47.37,0.0,0.0
9.13,5.42,40.05,0.0,0.0
5.08,5.55,34.38,0.0,0.0
2.38,1.93,28.96,0.0,0.0
2.38,0.0,1.44,0.0,0.0
1.92,0.0,0.53,0.0,0.0
2.37,0.0,0.17,0.0,0.0
1.92,0.0,15.23,0.0,0.0
3.27,0.0,13.22,0.0,0.0
6.43,0.0,19.25,0.0,0.0
6.88,1.99,24.42,0.0,0.0
7.78,1.94,35.1,0.0,0.0
9.13,4.25,41.48,0.0,0.0
10.47,1.67,42.37,0.0,0.0
12.72,1.29,38.2,0.0,0.0
14.07,9.29,46.03,0.0,0.0
13.17,3.99,52.71,0.0,0.0
12.27,12.63,52.59,0.0,0.0
11.37,11.86,49.06,0.0,0.0
11.37,2.84,41.77,0.0,0.0
12.72,3.99,39.2,0.0,0.0
12.72,2.96,42.57,0.0,0.0
11.82,2.06,48.37,0.0,0.0
10.92,1.29,46.21,0.0,0.0
10.02,5.16,44.47,0.0,0.0
9.13,5.41,38.79,0.0,0.0
5.08,5.54,34.32,0.0,0.0
2.38,1.93,28.29,0.0,0.0
2.38,0.0,1.14,0.0,0.0
1.92,0.0,0.18,0.0,0.0
2.37,0.0,0.0,0.0,0.0
1.92,0.0,13.45,0.0,0.0
3.27,0.0,16.04,0.0,0.0
6.43,0.0,20.71,0.0,0.0
6.88,1.99,22.48,0.0,0.0
7.78,1.94,31.05,0.0,0.0
9.13,4.24,41.34,0.0,0.0
10.47,1.66,43.46,0.0,0.0
12.72,1.29,39.77,0.0,0.0
14.07,9.27,48.83,0.0,0.0
13.17,3.99,55.63,0.0,0.0
12.27,12.61,52.48,0.0,0.0
11.37,11.84,42.88,0.0,0.0
11.37,2.83,38.89,0.0,0.0
12.72,3.99,44.65,0.0,0.0
12.72,2.95,49.42,0.0,0.0
11.82,2.06,55.18,0.0,0.0
10.92,1.28,53.58,0.0,0.0
10.02,5.15,49.38,0.0,0.0
9.13,5.4,40.31,0.0,0.0
5.08,5.53,34.89,0.0,0.0
2.38,1.92,29.93,0.0,0.0
2.38,0.0,1.2,0.0,0.0
1.92,0.0,0.2,0.0,0.0
2.37,0.0,0.25,0.0,0.0
1.92,0.0,15.02,0.0,0.0
3.27,0.0,12.19,0.0,0.0
6.41,0.0,16.9,0.0,0.0
6.88,0.0,21.22,0.0,0.0
7.78,1.99,35.41,0.0,0.0
9.13,1.95,41.4,0.0,0.0
10.47,1.92,43.98,0.0,0.0
12.72,1.28,42.31,0.0,0.0
14.07,9.25,49.36,0.0,0.0
13.17,7.71,49.43,0.0,0.0
12.27,12.59,49.39,0.0,0.0
11.37,11.82,48.43,0.0,0.0
11.37,3.21,45.34,0.0,0.0
12.72,3.21,45.24,0.0,0.0
12.72,2.95,45.65,0.0,0.0
11.82,2.05,54.28,0.0,0.0
10.92,1.28,54.99,0.0,0.0
10.02,5.14,43.34,0.0,0.0
9.13,5.4,37.95,0.0,0.0
5.08,5.52,35.06,0.0,0.0
2.38,0.0,29.39,0.0,0.0
2.38,0.0,0.72,0.0,0.0
1.92,0.0,0.08,0.0,0.0
2.37,0.0,0.16,0.0,0.0
1.92,0.0,15.61,0.0,0.0
3.27,0.0,11.5,0.0,0.0
6.41,0.0,17.78,0.0,0.0
6.88,0.0,21.49,0.0,0.0
7.78,1.98,35.79,0.0,0.0
9.13,1.94,43.63,0.0,0.0
10.47,1.92,40.48,0.0,0.0
12.72,1.28,42.29,0.0,0.0
14.07,9.23,47.9,0.0,0.0
13.17,7.69,54.57,0.0,0.0
12.27,12.57,54.83,0.0,0.0
11.37,11.8,47.51,0.0,0.0
11.37,3.21,40.06,0.0,0.0
12.72,3.2,31.73,0.0,0.0
12.72,2.95,26.37,0.0,0.0
11.82,2.05,30.67,0.0,0.0
10.92,1.28,35.58,0.0,0.0
10.02,5.12,38.58,0.0,0.0
9.13,5.39,34.58,0.0,0.0
5.08,5.51,28.9,0.0,0.0
2.38,0.0,23.42,0.0,0.0
2.38,0.0,0.43,0.0,0.0
1.92,0.0,0.0,0.0,0.0
2.37,0.0,0.05,0.0,0.0
1.92,0.0,12.63,0.0,0.0
3.27,0.0,9.77,0.0,0.0
6.43,0.0,19.04,0.0,0.0
6.88,1.98,23.48,0.0,0.0
7.78,1.92,32.95,0.0,0.0
9.13,4.22,40.23,0.0,0.0
10.47,1.66,46.15,0.0,0.0
12.72,1.28,43.57,0.0,0.0
14.07,9.22,51.58,0.0,0.0
13.17,3.96,60.58,0.0,0.0
12.27,12.54,60.02,0.0,0.0
11.37,11.78,51.68,0.0,0.0
11.37,2.82,44.77,0.0,0.0
12.72,3.97,36.88,0.0,0.0
12.72,2.94,27.58,0.0,0.0
11.82,2.05,30.1,0.0,0.0
10.92,1.28,34.83,0.0,0.0
10.02,5.12,35.33,0.0,0.0
9.13,5.37,30.36,0.0,0.0
5.08,5.5,24.99,0.0,0.0
2.38,1.91,20.27,0.0,0.0
2.38,0.0,0.48,0.0,0.0
1.92,0.0,0.01,0.0,0.0
2.37,0.0,0.09,0.0,0.0
1.92,0.0,14.33,0.0,0.0
3.27,0.0,16.16,0.0,0.0
6.43,0.0,25.56,0.0,0.0
6.88,1.97,28.15,0.0,0.0
7.78,1.91,36.33,0.0,0.0
9.13,4.21,42.87,0.0,0.0
10.47,1.66,46.14,0.0,0.0
12.72,1.28,43.25,0.0,0.0
14.07,9.2,51.35,0.0,0.0
13.17,3.96,58.32,0.0,0.0
12.27,12.53,57.42,0.0,0.0
11.37,11.75,45.0,0.0,0.0
11.37,2.8,37.48,0.0,0.0
12.72,3.97,33.11,0.0,0.0
12.72,2.94,34.08,0.0,0.0
11.82,2.04,43.18,0.0,0.0
10.92,1.28,43.62,0.0,0.0
10.02,5.1,42.25,0.0,0.0
9.13,5.37,35.68,0.0,0.0
5.08,5.49,29.74,0.0,0.0
2.38,1.92,22.29,0.0,0.0
2.38,0.0,0.35,0.0,0.0
1.92,0.0,0.0,0.0,0.0
2.37,0.0,0.0,0.0,0.0
1.92,0.0,10.3,0.0,0.0
3.27,0.0,8.24,0.0,0.0
6.43,0.0,15.95,0.0,0.0
6.88,1.97,18.87,0.0,0.0
7.78,1.92,26.91,0.0,0.0
9.13,4.21,32.68,0.0,0.0
10.47,1.65,36.46,0.0,0.0
12.72,1.28,35.56,0.0,0.0
14.07,9.19,45.57,0.0,0.0
13.17,3.95,55.25,0.0,0.0
12.27,12.5,54.5,0.0,0.0
11.37,11.74,48.58,0.0,0.0
11.37,2.81,41.73,0.0,0.0
12.72,3.95,37.11,0.0,0.0
12.72,2.93,37.1,0.0,0.0
11.82,2.04,42.77,0.0,0.0
10.92,1.27,41.7,0.0,0.0
10.02,5.1,33.85,0.0,0.0
9.13,5.35,25.75,0.0,0.0
5.08,5.48,21.78,0.0,0.0
2.38,1.92,15.62,0.0,0.0
2.38,0.0,0.09,0.0,0.0
1.92,0.0,0.0,0.0,0.0
2.37,0.0,0.0,0.0,0.0
1.92,0.0,6.64,0.0,0.0
3.27,0.0,6.33,0.0,0.0
6.43,0.0,11.92,0.0,0.0
6.88,1.97,17.98,0.0,0.0
7.78,1.9,25.66,0.0,0.0
9.13,4.2,34.51,0.0,0.0
10.47,1.66,41.42,0.0,0.0
12.72,1.27,42.16,0.0,0.0
14.07,9.17,53.3,0.0,0.0
13.17,3.94,62.97,0.0,0.0
12.27,12.49,61.0,0.0,0.0
11.37,11.72,47.34,0.0,0.0
11.37,2.8,37.15,0.0,0.0
12.72,3.95,36.61,0.0,0.0
12.72,2.92,41.08,0.0,0.0
11.82,2.03,41.87,0.0,0.0
10.92,1.27,36.57,0.0,0.0
10.02,5.1,38.86,0.0,0.0
9.13,5.35,30.58,0.0,0.0
5.08,5.47,23.99,0.0,0.0
2.38,1.9,20.61,0.0,0.0
2.38,0.0,0.35,0.0,0.0
1.92,0.0,0.0,0.0,0.0
2.37,0.0,0.0,0.0,0.0
1.92,0.0,11.46,0.0,0.0
3.27,0.0,14.15,0.0,0.0
6.43,0.0,22.72,0.0,0.0
6.88,1.97,24.4,0.0,0.0
7.78,1.92,31.18,0.0,0.0
9.13,4.19,35.85,0.0,0.0
10.47,1.65,36.78,0.0,0.0
12.72,1.27,34.52,0.0,0.0
14.07,9.15,39.5,0.0,0.0
13.17,3.95,44.66,0.0,0.0
12.27,12.46,46.82,0.0,0.0
11.37,11.7,46.18,0.0,0.0
11.37,2.8,43.86,0.0,0.0
12.72,3.94,45.33,0.0,0.0
12.72,2.93,48.86,0.0,0.0
11.82,2.03,39.58,0.0,0.0
10.92,1.27,29.07,0.0,0.0
10.02,5.08,28.6,0.0,0.0
9.13,5.34,24.74,0.0,0.0
5.08,5.47,21.55,0.0,0.0
2.38,1.91,16.36,0.0,0.0
2.38,0.0,0.16,0.0,0.0
1.92,0.0,0.0,0.0,0.0
2.37,0.0,0.0,0.0,0.0
1.92,0.0,10.13,0.0,0.0
3.27,0.0,12.84,0.0,0.0
6.41,0.0,18.44,0.0,0.0
6.88,0.0,22.74,0.0,0.0
7.78,1.97,38.2,0.0,0.0
9.13,1.92,47.98,0.0,0.0
10.47,1.9,50.62,0.0,0.0
12.72,1.27,47.8,0.0,0.0
14.07,9.14,55.36,0.0,0.0
13.17,7.62,58.74,0.0,0.0
12.27,12.45,59.87,0.0,0.0
11.37,11.69,56.01,0.0,0.0
11.37,3.17,52.17,0.0,0.0
12.72,3.17,51.63,0.0,0.0
12.72,2.92,50.79,0.0,0.0
11.82,2.03,59.55,0.0,0.0
10.92,1.27,62.61,0.0,0.0
10.02,5.08,55.61,0.0,0.0
9.13,5.33,51.58,0.0,0.0
5.08,5.46,47.52,0.0,0.0
2.38,0.0,39.85,0.0,0.0
2.38,0.0,1.96,0.0,0.0
1.92,0.0,0.88,0.0,0.0
2.37,0.0,0.38,0.0,0.0
1.92,0.0,18.03,0.0,0.0
3.27,0.0,19.87,0.0,0.0
6.41,0.0,24.87,0.0,0.0
6.88,0.0,28.69,0.0,0.0
7.78,1.96,44.55,0.0,0.0
9.13,1.92,50.22,0.0,0.0
10.47,1.9,45.03,0.0,0.0
12.72,1.27,47.65,0.0,0.0
14.07,9.13,51.31,0.0,0.0
13.17,7.61,54.76,0.0,0.0
12.27,12.43,53.92,0.0,0.0
11.37,11.66,48.87,0.0,0.0
11.37,3.17,46.14,0.0,0.0
12.72,3.17,50.18,0.0,0.0
12.72,2.91,53.23,0.0,0.0
11.82,2.03,54.41,0.0,0.0
10.92,1.27,55.12,0.0,0.0
10.02,5.07,55.11,0.0,0.0
9.13,5.32,45.85,0.0,0.0
5.08,5.45,38.49,0.0,0.0
2.38,0.0,33.05,0.0,0.0
2.38,0.0,1.21,0.0,0.0
1.92,0.0,0.27,0.0,0.0
2.37,0.0,0.37,0.0,0.0
1.92,0.0,18.32,0.0,0.0
3.27,0.0,15.35,0.0,0.0
6.43,0.0,22.1,0.0,0.0
6.88,1.96,28.04,0.0,0.0
7.78,1.89,40.73,0.0,0.0
9.13,4.18,48.24,0.0,0.0
10.47,1.65,49.66,0.0,0.0
12.72,1.27,44.31,0.0,0.0
14.07,9.11,54.54,0.0,0.0
13.17,3.92,65.54,0.0,0.0
12.27,12.41,64.95,0.0,0.0
11.37,11.65,57.32,0.0,0.0
11.37,2.79,50.81,0.0,0.0
12.72,3.92,54.0,0.0,0.0
12.72,2.91,60.7,0.0,0.0
11.82,2.03,65.25,0.0,0.0
10.92,1.26,62.02,0.0,0.0
10.02,5.06,60.21,0.0,0.0
9.13,5.31,49.18,0.0,0.0
5.08,5.44,41.3,0.0,0.0
2.38,1.9,33.97,0.0,0.0
2.38,0.0,1.48,0.0,0.0
1.92,0.0,0.46,0.0,0.0
2.37,0.0,0.0,0.0,0.0
1.92,0.0,16.11,0.0,0.0
3.27,0.0,18.64,0.0,0.0
6.43,0.0,24.76,0.0,0.0
6.88,1.96,26.96,0.0,0.0
7.78,1.89,36.69,0.0,0.0
9.13,4.17,45.21,0.0,0.0
10.47,1.64,48.08,0.0,0.0
12.72,1.26,44.56,0.0,0.0
14.07,9.1,53.82,0.0,0.0
13.17,3.92,63.5,0.0,0.0
12.27,12.39,60.32,0.0,0.0
11.37,11.64,52.79,0.0,0.0
11.37,2.78,48.84,0.0,0.0
12.72,3.91,50.88,0.0,0.0
12.72,2.91,54.86,0.0,0.0
11.82,2.03,61.23,0.0,0.0
10.92,1.26,60.32,0.0,0.0
10.02,5.05,59.74,0.0,0.0
9.13,5.31,52.43,0.0,0.0
5.08,5.44,46.09,0.0,0.0
2.38,1.9,38.83,0.0,0.0
2.38,0.0,2.93,0.0,0.0
1.92,0.0,1.06,0.0,0.0
2.37,0.0,0.43,0.0,0.0
1.92,0.0,20.12,0.0,0.0
3.27,0.0,17.67,0.0,0.0
6.43,0.0,25.12,0.0,0.0
6.88,1.95,30.27,0.0,0.0
7.78,1.89,40.78,0.0,0.0
9.13,4.17,45.66,0.0,0.0
10.47,1.64,49.37,0.0,0.0
12.72,1.26,47.56,0.0,0.0
14.07,9.09,56.5,0.0,0.0
13.17,3.91,64.64,0.0,0.0
12.27,12.37,61.57,0.0,0.0
11.37,11.62,52.16,0.0,0.0
11.37,2.78,45.81,0.0,0.0
12.72,3.91,47.45,0.0,0.0
12.72,2.91,52.58,0.0,0.0
11.82,2.02,61.08,0.0,0.0
10.92,1.26,58.2,0.0,0.0
10.02,5.04,51.94,0.0,0.0
9.13,5.3,40.44,0.0,0.0
5.08,5.43,30.81,0.0,0.0
2.38,1.89,24.81,0.0,0.0
2.38,0.0,1.71,0.0,0.0
1.92,0.0,0.57,0.0,0.0
2.37,0.0,0.0,0.0,0.0
1.92,0.0,10.13,0.0,0.0
3.27,0.0,8.74,0.0,0.0
6.43,0.0,11.66,0.0,0.0
6.88,1.95,14.94,0.0,0.0
7.78,1.89,25.86,0.0,0.0
9.13,4.16,36.22,0.0,0.0
10.47,1.63,40.73,0.0,0.0
12.72,1.26,39.4,0.0,0.0
14.07,9.08,46.88,0.0,0.0
13.17,3.91,54.06,0.0,0.0
12.27,12.36,51.63,0.0,0.0
11.37,11.6,44.1,0.0,0.0
11.37,2.77,39.89,0.0,0.0
12.72,3.9,43.0,0.0,0.0
12.72,2.9,47.56,0.0,0.0
11.82,2.02,51.81,0.0,0.0
10.92,1.26,49.86,0.0,0.0
10.02,5.03,48.75,0.0,0.0
9.13,5.3,41.32,0.0,0.0
5.08,5.42,35.45,0.0,0.0
2.38,1.89,30.85,0.0,0.0
2.38,0.0,2.26,0.0,0.0
1.92,0.0,0.87,0.0,0.0
2.37,0.0,0.58,0.0,0.0
1.92,0.0,16.93,0.0,0.0
3.27,0.0,14.05,0.0,0.0
6.41,0.0,18.14,0.0,0.0
6.88,0.0,20.59,0.0,0.0
7.78,1.95,30.15,0.0,0.0
9.13,1.91,34.38,0.0,0.0
10.47,1.88,31.87,0.0,0.0
12.72,1.26,34.33,0.0,0.0
14.07,9.07,38.38,0.0,0.0
13.17,7.56,43.27,0.0,0.0
12.27,12.34,43.34,0.0,0.0
11.37,11.59,39.53,0.0,0.0
11.37,3.15,36.38,0.0,0.0
12.72,3.15,35.99,0.0,0.0
12.72,2.89,37.33,0.0,0.0
11.82,2.02,39.71,0.0,0.0
10.92,1.26,39.65,0.0,0.0
10.02,5.03,38.08,0.0,0.0
9.13,5.29,29.6,0.0,0.0
5.08,5.42,23.5,0.0,0.0
2.38,0.0,20.74,0.0,0.0
2.38,0.0,0.98,0.0,0.0
1.92,0.0,0.38,0.0,0.0
2.37,0.0,0.16,0.0,0.0
1.92,0.0,11.53,0.0,0.0
3.27,0.0,11.04,0.0,0.0
6.41,0.0,13.85,0.0,0.0
6.88,0.0,15.57,0.0,0.0
7.78,1.95,24.61,0.0,0.0
9.13,1.9,29.76,0.0,0.0
10.47,1.88,31.84,0.0,0.0
12.72,1.26,31.16,0.0,0.0
14.07,9.05,36.23,0.0,0.0
13.17,7.55,37.57,0.0,0.0
12.27,12.33,38.08,0.0,0.0
11.37,11.57,34.95,0.0,0.0
11.37,3.14,31.11,0.0,0.0
12.72,3.14,29.94,0.0,0.0
12.72,2.88,30.04,0.0,0.0
11.82,2.01,36.69,0.0,0.0
10.92,1.26,38.71,0.0,0.0
10.02,5.03,33.86,0.0,0.0
9.13,5.28,31.15,0.0,0.0
5.08,5.41,28.03,0.0,0.0
2.38,0.0,21.75,0.0,0.0
2.38,0.0,0.67,0.0,0.0
1.92,0.0,0.14,0.0,0.0
2.37,0.0,0.0,0.0,0.0
1.92,0.0,8.86,0.0,0.0
3.27,0.0,7.74,0.0,0.0
6.41,0.0,7.49,0.0,0.0
6.88,0.0,7.28,0.0,0.0
7.78,1.95,24.66,0.0,0.0
9.13,1.89,33.54,0.0,0.0
10.47,1.88,30.83,0.0,0.0
12.72,1.26,31.91,0.0,0.0
14.07,9.04,34.3,0.0,0.0
13.17,7.54,38.11,0.0,0.0
12.27,12.32,37.45,0.0,0.0
11.37,11.56,33.17,0.0,0.0
11.37,3.14,30.31,0.0,0.0
12.72,3.14,32.04,0.0,0.0
12.72,2.88,34.5,0.0,0.0
11.82,2.01,37.5,0.0,0.0
10.92,1.26,38.1,0.0,0.0
10.02,5.02,35.67,0.0,0.0
9.13,5.27,27.96,0.0,0.0
5.08,5.4,23.72,0.0,0.0
2.38,0.0,20.91,0.0,0.0
2.38,0.0,0.64,0.0,0.0
1.92,0.0,0.09,0.0,0.0
2.37,0.0,0.0,0.0,0.0
1.92,0.0,8.82,0.0,0.0
3.27,0.0,7.1,0.0,0.0
6.43,0.0,9.49,0.0,0.0
6.88,1.94,17.71,0.0,0.0
7.78,1.88,29.33,0.0,0.0
9.13,4.14,37.4,0.0,0.0
10.47,1.63,40.78,0.0,0.0
12.72,1.25,38.65,0.0,0.0
14.07,9.04,45.77,0.0,0.0
13.17,3.89,50.0,0.0,0.0
12.27,12.3,46.67,0.0,0.0
11.37,11.55,41.02,0.0,0.0
11.37,2.76,38.8,0.0,0.0
12.72,3.89,41.39,0.0,0.0
12.72,2.89,44.82,0.0,0.0
11.82,2.01,50.49,0.0,0.0
10.92,1.25,49.13,0.0,0.0
10.02,5.01,45.32,0.0,0.0
9.13,5.27,37.28,0.0,0.0
5.08,5.39,31.79,0.0,0.0
2.38,1.88,26.84,0.0,0.0
2.38,0.0,1.15,0.0,0.0
1.92,0.0,0.23,0.0,0.0
2.37,0.0,0.0,0.0,0.0
1.92,0.0,14.88,0.0,0.0
3.27,0.0,17.78,0.0,0.0
6.43,0.0,23.2,0.0,0.0
6.88,1.94,26.42,0.0,0.0
7.78,1.9,36.82,0.0,0.0
9.13,4.13,44.19,0.0,0.0
10.47,1.63,47.09,0.0,0.0
12.72,1.25,40.34,0.0,0.0
14.07,9.02,41.69,0.0,0.0
13.17,3.88,45.58,0.0,0.0
12.27,12.29,44.09,0.0,0.0
11.37,11.53,40.43,0.0,0.0
11.37,2.76,38.08,0.0,0.0
12.72,3.89,39.15,0.0,0.0
12.72,2.88,40.72,0.0,0.0
11.82,2.01,43.65,0.0,0.0
10.92,1.25,41.79,0.0,0.0
10.02,5.01,38.81,0.0,0.0
9.13,5.26,32.1,0.0,0.0
5.08,5.39,26.37,0.0,0.0
2.38,1.88,19.76,0.0,0.0
2.38,0.0,0.52,0.0,0.0
1.92,0.0,0.07,0.0,0.0
2.37,0.0,0.0,0.0,0.0
1.92,0.0,15.45,0.0,0.0
3.27,0.0,10.09,0.0,0.0
6.43,0.0,20.71,0.0,0.0
6.88,1.94,24.77,0.0,0.0
7.78,1.87,31.73,0.0,0.0
9.13,4.13,38.33,0.0,0.0
10.47,1.62,44.97,0.0,0.0
12.72,1.25,39.6,0.0,0.0
14.07,9.02,51.24,0.0,0.0
13.17,3.88,64.33,0.0,0.0
12.27,12.27,56.13,0.0,0.0
11.37,11.52,42.51,0.0,0.0
11.37,2.76,30.69,0.0,0.0
12.72,3.87,28.91,0.0,0.0
12.72,2.89,34.66,0.0,0.0
11.82,2.0,39.41,0.0,0.0
10.92,1.25,38.13,0.0,0.0
10.02,5.0,36.67,0.0,0.0
9.13,5.26,31.23,0.0,0.0
5.08,5.38,26.05,0.0,0.0
2.38,1.87,18.65,0.0,0.0
2.38,0.0,0.33,0.0,0.0
1.92,0.0,0.0,0.0,0.0
2.37,0.0,0.0,0.0,0.0
1.92,0.0,9.77,0.0,0.0
3.27,0.0,7.61,0.0,0.0
6.43,0.0,16.9,0.0,0.0
6.88,1.94,21.63,0.0,0.0
7.78,1.89,34.56,0.0,0.0
9.13,4.12,44.48,0.0,0.0
10.47,1.62,48.33,0.0,0.0
12.72,1.25,43.71,0.0,0.0
14.07,9.0,51.3,0.0,0.0
13.17,3.88,53.91,0.0,0.0
12.27,12.26,50.03,0.0,0.0
11.37,11.51,34.41,0.0,0.0
11.37,2.75,29.85,0.0,0.0
12.72,3.88,38.31,0.0,0.0
12.72,2.87,45.02,0.0,0.0
11.82,2.0,50.1,0.0,0.0
10.92,1.25,49.19,0.0,0.0
10.02,5.0,49.34,0.0,0.0
9.13,5.25,44.0,0.0,0.0
5.08,5.38,37.46,0.0,0.0
2.38,1.88,30.55,0.0,0.0
2.38,0.0,1.21,0.0,0.0
1.92,0.0,0.15,0.0,0.0
2.37,0.0,0.12,0.0,0.0
1.92,0.0,14.65,0.0,0.0
3.27,0.0,17.57,0.0,0.0
6.43,0.0,22.71,0.0,0.0
6.88,1.93,24.09,0.0,0.0
7.78,1.87,36.08,0.0,0.0
9.13,4.13,47.64,0.0,0.0
10.47,1.62,50.49,0.0,0.0
12.72,1.25,44.77,0.0,0.0
14.07,9.0,53.21,0.0,0.0
13.17,3.88,61.06,0.0,0.0
12.27,12.25,56.67,0.0,0.0
11.37,11.5,48.31,0.0,0.0
11.37,2.75,42.72,0.0,0.0
12.72,3.87,39.11,0.0,0.0
12.72,2.88,40.12,0.0,0.0
11.82,2.0,44.56,0.0,0.0
10.92,1.25,43.49,0.0,0.0
10.02,5.0,43.58,0.0,0.0
9.13,5.25,37.62,0.0,0.0
5.08,5.37,31.63,0.0,0.0
2.38,1.87,25.24,0.0,0.0
2.38,0.0,0.67,0.0,0.0
1.92,0.0,0.0,0.0,0.0
2.37,0.0,0.08,0.0,0.0
1.92,0.0,13.74,0.0,0.0
3.27,0.0,10.98,0.0,0.0
6.41,0.0,17.17,0.0,0.0
6.88,0.0,21.78,0.0,0.0
7.78,1.93,35.67,0.0,0.0
9.13,1.87,41.09,0.0,0.0
10.47,1.88,40.79,0.0,0.0
12.72,1.25,38.97,0.0,0.0
14.07,8.99,45.42,0.0,0.0
13.17,7.49,46.75,0.0,0.0
12.27,12.24,48.01,0.0,0.0
11.37,11.49,47.94,0.0,0.0
11.37,3.12,46.98,0.0,0.0
12.72,3.12,46.55,0.0,0.0
12.72,2.87,43.54,0.0,0.0
11.82,1.99,49.11,0.0,0.0
10.92,1.25,51.86,0.0,0.0
10.02,5.0,48.66,0.0,0.0
9.13,5.24,47.02,0.0,0.0
5.08,5.37,42.89,0.0,0.0
2.38,0.0,36.09,0.0,0.0
2.38,0.0,1.87,0.0,0.0
1.92,0.0,0.82,0.0,0.0
2.37,0.0,0.29,0.0,0.0
1.92,0.0,16.34,0.0,0.0
3.27,0.0,14.95,0.0,0.0
6.41,0.0,19.12,0.0,0.0
6.88,0.0,22.04,0.0,0.0
7.78,1.93,36.51,0.0,0.0
9.13,1.88,47.65,0.0,0.0
10.47,1.87,43.91,0.0,0.0
12.72,1.25,36.46,0.0,0.0
14.07,8.98,33.12,0.0,0.0
13.17,7.49,41.08,0.0,0.0
12.27,12.23,49.25,0.0,0.0
11.37,11.48,47.83,0.0,0.0
11.37,3.12,46.23,0.0,0.0
12.72,3.12,47.29,0.0,0.0
12.72,2.87,46.69,0.0,0.0
11.82,2.0,47.46,0.0,0.0
10.92,1.25,48.73,0.0,0.0
10.02,4.98,48.91,0.0,0.0
9.13,5.24,39.71,0.0,0.0
5.08,5.37,32.49,0.0,0.0
2.38,0.0,27.05,0.0,0.0
2.38,0.0,0.82,0.0,0.0
1.92,0.0,0.13,0.0,0.0
2.37,0.0,0.17,0.0,0.0
1.92,0.0,15.72,0.0,0.0
3.27,0.0,14.61,0.0,0.0
6.43,0.0,23.09,0.0,0.0
6.88,1.93,27.86,0.0,0.0
7.78,1.88,36.86,0.0,0.0
9.13,4.11,42.77,0.0,0.0
10.47,1.62,45.67,0.0,0.0
12.72,1.25,41.98,0.0,0.0
14.07,8.97,47.96,0.0,0.0
13.17,3.87,51.4,0.0,0.0
12.27,12.22,46.88,0.0,0.0
11.37,11.47,44.53,0.0,0.0
11.37,2.74,41.64,0.0,0.0
12.72,3.86,44.07,0.0,0.0
12.72,2.86,49.34,0.0,0.0
11.82,2.0,55.52,0.0,0.0
10.92,1.25,54.04,0.0,0.0
10.02,4.98,51.09,0.0,0.0
9.13,5.23,42.79,0.0,0.0
5.08,5.36,37.0,0.0,0.0
2.38,1.87,30.95,0.0,0.0
2.38,0.0,1.22,0.0,0.0
1.92,0.0,0.17,0.0,0.0
2.37,0.0,0.31,0.0,0.0
1.92,0.0,17.62,0.0,0.0
3.27,0.0,19.79,0.0,0.0
6.43,0.0,26.06,0.0,0.0
6.88,1.93,29.28,0.0,0.0
7.78,1.87,39.16,0.0,0.0
9.13,4.11,45.74,0.0,0.0
10.47,1.61,48.28,0.0,0.0
12.72,1.24,44.85,0.0,0.0
14.07,8.97,54.79,0.0,0.0
13.17,3.87,62.96,0.0,0.0
12.27,12.21,46.92,0.0,0.0
11.37,11.46,34.46,0.0,0.0
11.37,2.73,35.13,0.0,0.0
12.72,3.86,36.53,0.0,0.0
12.72,2.86,38.7,0.0,0.0
11.82,1.99,43.95,0.0,0.0
10.92,1.24,43.81,0.0,0.0
10.02,4.98,43.51,0.0,0.0
9.13,5.22,36.86,0.0,0.0
5.08,5.36,30.92,0.0,0.0
2.38,1.87,23.79,0.0,0.0
2.38,0.0,0.56,0.0,0.0
1.92,0.0,0.01,0.0,0.0
2.37,0.0,0.06,0.0,0.0
1.92,0.0,13.02,0.0,0.0
3.27,0.0,14.56,0.0,0.0
6.43,0.0,17.52,0.0,0.0
6.88,1.93,19.14,0.0,0.0
7.78,1.87,25.97,0.0,0.0
9.13,4.11,31.41,0.0,0.0
10.47,1.61,34.79,0.0,0.0
12.72,1.24,33.68,0.0,0.0
14.07,8.97,39.79,0.0,0.0
13.17,3.86,46.24,0.0,0.0
12.27,12.2,45.51,0.0,0.0
11.37,11.46,38.23,0.0,0.0
11.37,2.73,33.94,0.0,0.0
12.72,3.86,36.28,0.0,0.0
12.72,2.86,38.75,0.0,0.0
11.82,1.99,40.51,0.0,0.0
10.92,1.24,37.32,0.0,0.0
10.02,4.99,34.27,0.0,0.0
9.13,5.22,27.47,0.0,0.0
5.08,5.35,22.04,0.0,0.0
2.38,1.87,18.08,0.0,0.0
2.38,0.0,0.74,0.0,0.0
1.92,0.0,0.12,0.0,0.0
2.37,0.0,0.0,0.0,0.0
1.92,0.0,8.54,0.0,0.0
3.27,0.0,7.64,0.0,0.0
6.43,0.0,9.27,0.0,0.0
6.88,1.92,8.89,0.0,0.0
7.78,1.86,17.07,0.0,0.0
9.13,4.11,26.62,0.0,0.0
10.47,1.62,32.71,0.0,0.0
12.72,1.24,32.8,0.0,0.0
14.07,8.96,39.88,0.0,0.0
13.17,3.86,45.27,0.0,0.0
12.27,12.19,45.75,0.0,0.0
11.37,11.45,42.56,0.0,0.0
11.37,2.74,37.72,0.0,0.0
12.72,3.86,37.69,0.0,0.0
12.72,2.86,39.25,0.0,0.0
11.82,1.99,42.02,0.0,0.0
10.92,1.24,42.07,0.0,0.0
10.02,4.98,43.31,0.0,0.0
9.13,5.22,39.01,0.0,0.0
5.08,5.34,34.0,0.0,0.0
2.38,1.86,28.21,0.0,0.0
2.38,0.0,1.43,0.0,0.0
1.92,0.0,0.65,0.0,0.0
2.37,0.0,0.31,0.0,0.0
1.92,0.0,17.16,0.0,0.0
3.27,0.0,19.44,0.0,0.0
6.43,0.0,26.55,0.0,0.0
6.88,1.92,30.58,0.0,0.0
7.78,1.86,37.17,0.0,0.0
9.13,4.1,41.13,0.0,0.0
10.47,1.62,44.07,0.0,0.0
12.72,1.24,42.03,0.0,0.0
14.07,8.95,36.27,0.0,0.0
13.17,3.85,32.78,0.0,0.0
12.27,12.18,35.28,0.0,0.0
11.37,11.44,31.0,0.0,0.0
11.37,2.74,28.09,0.0,0.0
12.72,3.85,30.21,0.0,0.0
12.72,2.86,33.21,0.0,0.0
11.82,1.99,36.9,0.0,0.0
10.92,1.24,37.09,0.0,0.0
10.02,4.97,36.45,0.0,0.0
9.13,5.23,31.36,0.0,0.0
5.08,5.34,26.82,0.0,0.0
2.38,1.86,23.12,0.0,0.0
2.38,0.0,0.58,0.0,0.0
1.92,0.0,0.04,0.0,0.0
2.37,0.0,0.0,0.0,0.0
1.92,0.0,14.84,0.0,0.0
3.27,0.0,11.69,0.0,0.0
6.41,0.0,17.04,0.0,0.0
6.88,0.0,17.24,0.0,0.0
7.78,1.92,28.28,0.0,0.0
9.13,1.89,33.16,0.0,0.0
10.47,1.86,36.09,0.0,0.0
12.72,1.24,37.39,0.0,0.0
14.07,8.95,43.95,0.0,0.0
13.17,7.45,49.58,0.0,0.0
12.27,12.18,53.8,0.0,0.0
11.37,11.44,51.22,0.0,0.0
11.37,3.1,45.54,0.0,0.0
12.72,3.11,46.18,0.0,0.0
12.72,2.86,45.68,0.0,0.0
11.82,1.98,52.38,0.0,0.0
10.92,1.24,54.36,0.0,0.0
10.02,4.98,47.34,0.0,0.0
9.13,5.22,42.25,0.0,0.0
5.08,5.34,36.29,0.0,0.0
2.38,0.0,28.79,0.0,0.0
2.38,0.0,0.73,0.0,0.0
1.92,0.0,0.0,0.0,0.0
2.37,0.0,0.06,0.0,0.0
1.92,0.0,16.01,0.0,0.0
3.27,0.0,14.24,0.0,0.0
6.41,0.0,19.07,0.0,0.0
6.88,0.0,23.83,0.0,0.0
7.78,1.92,38.27,0.0,0.0
9.13,1.9,44.43,0.0,0.0
10.47,1.87,40.64,0.0,0.0
12.72,1.24,43.8,0.0,0.0
14.07,8.94,50.04,0.0,0.0
13.17,7.45,52.25,0.0,0.0
12.27,12.18,42.6,0.0,0.0
11.37,11.43,34.59,0.0,0.0
11.37,3.1,33.73,0.0,0.0
12.72,3.1,38.11,0.0,0.0
12.72,2.85,43.39,0.0,0.0
11.82,1.99,47.55,0.0,0.0
10.92,1.24,48.63,0.0,0.0
10.02,4.96,48.32,0.0,0.0
9.13,5.21,39.83,0.0,0.0
5.08,5.34,33.39,0.0,0.0
2.38,0.0,28.13,0.0,0.0
2.38,0.0,0.76,0.0,0.0
1.92,0.0,0.0,0.0,0.0
2.37,0.0,0.0,0.0,0.0
1.92,0.0,14.71,0.0,0.0
3.27,0.0,13.24,0.0,0.0
6.43,0.0,20.52,0.0,0.0
6.88,1.92,25.65,0.0,0.0
7.78,1.87,35.41,0.0,0.0
9.13,4.1,43.97,0.0,0.0
10.47,1.61,47.58,0.0,0.0
12.72,1.24,43.31,0.0,0.0
14.07,8.94,50.89,0.0,0.0
13.17,3.85,57.43,0.0,0.0
12.27,12.17,54.43,0.0,0.0
11.37,11.42,48.83,0.0,0.0
11.37,2.73,43.74,0.0,0.0
12.72,3.85,45.35,0.0,0.0
12.72,2.85,50.19,0.0,0.0
11.82,1.99,54.35,0.0,0.0
10.92,1.24,51.78,0.0,0.0
10.02,4.96,49.43,0.0,0.0
9.13,5.22,41.52,0.0,0.0
5.08,5.34,35.91,0.0,0.0
2.38,1.86,31.29,0.0,0.0
2.38,0.0,1.67,0.0,0.0
1.92,0.0,0.73,0.0,0.0
2.37,0.0,0.0,0.0,0.0
1.92,0.0,15.97,0.0,0.0
3.27,0.0,18.61,0.0,0.0
6.43,0.0,24.54,0.0,0.0
6.88,1.92,25.73,0.0,0.0
7.78,1.87,36.29,0.0,0.0
9.13,4.09,46.09,0.0,0.0
10.47,1.61,46.67,0.0,0.0
12.72,1.24,44.92,0.0,0.0
14.07,8.93,53.62,0.0,0.0
13.17,3.85,60.88,0.0,0.0
12.27,12.17,54.11,0.0,0.0
11.37,11.42,47.51,0.0,0.0
11.37,2.73,44.83,0.0,0.0
12.72,3.84,43.9,0.0,0.0
12.72,2.85,44.37,0.0,0.0
11.82,1.99,46.68,0.0,0.0
10.92,1.24,45.18,0.0,0.0
10.02,4.96,44.18,0.0,0.0
9.13,5.21,39.82,0.0,0.0
5.08,5.34,34.97,0.0,0.0
2.38,1.86,26.7,0.0,0.0
2.38,0.0,0.96,0.0,0.0
1.92,0.0,0.23,0.0,0.0
2.37,0.0,0.15,0.0,0.0
1.92,0.0,15.11,0.0,0.0
3.27,0.0,13.22,0.0,0.0
6.43,0.0,18.69,0.0,0.0
6.88,1.92,22.94,0.0,0.0
7.78,1.87,32.09,0.0,0.0
9.13,4.09,36.71,0.0,0.0
10.47,1.61,32.5,0.0,0.0
12.72,1.24,28.07,0.0,0.0
14.07,8.93,35.53,0.0,0.0
13.17,3.85,45.8,0.0,0.0
12.27,12.16,48.28,0.0,0.0
11.37,11.41,43.77,0.0,0.0
11.37,2.73,39.37,0.0,0.0
12.72,3.84,42.45,0.0,0.0
12.72,2.85,46.16,0.0,0.0
11.82,1.99,47.88,0.0,0.0
10.92,1.24,45.29,0.0,0.0
10.02,4.95,43.06,0.0,0.0
9.13,5.21,37.17,0.0,0.0
5.08,5.34,31.66,0.0,0.0
2.38,1.86,25.47,0.0,0.0
2.38,0.0,0.85,0.0,0.0
1.92,0.0,0.0,0.0,0.0
2.37,0.0,0.0,0.0,0.0
1.92,0.0,10.67,0.0,0.0
3.27,0.0,11.63,0.0,0.0
6.43,0.0,16.52,0.0,0.0
6.88,1.92,21.16,0.0,0.0
7.78,1.87,32.67,0.0,0.0
9.13,4.09,38.72,0.0,0.0
10.47,1.61,40.9,0.0,0.0
12.72,1.24,40.58,0.0,0.0
14.07,8.93,49.07,0.0,0.0
13.17,3.84,56.25,0.0,0.0
12.27,12.16,57.98,0.0,0.0
11.37,11.41,50.6,0.0,0.0
11.37,2.73,44.0,0.0,0.0
12.72,3.84,48.43,0.0,0.0
12.72,2.85,54.08,0.0,0.0
11.82,1.99,60.22,0.0,0.0
10.92,1.24,58.82,0.0,0.0
10.02,4.95,55.68,0.0,0.0
9.13,5.21,46.81,0.0,0.0
5.08,5.33,38.92,0.0,0.0
2.38,1.85,30.07,0.0,0.0
2.38,0.0,1.13,0.0,0.0
1.92,0.0,0.26,0.0,0.0
2.37,0.0,0.25,0.0,0.0
1.92,0.0,17.16,0.0,0.0
3.27,0.0,19.07,0.0,0.0
6.43,0.0,25.14,0.0,0.0
6.88,1.92,28.4,0.0,0.0
7.78,1.88,37.6,0.0,0.0
9.13,4.09,45.4,0.0,0.0
10.47,1.61,48.83,0.0,0.0
12.72,1.24,45.92,0.0,0.0
14.07,8.92,54.05,0.0,0.0
13.17,3.84,60.02,0.0,0.0
12.27,12.15,57.92,0.0,0.0
11.37,11.41,51.9,0.0,0.0
11.37,2.73,45.91,0.0,0.0
12.72,3.84,42.66,0.0,0.0
12.72,2.85,47.0,0.0,0.0
11.82,1.99,55.61,0.0,0.0
10.92,1.24,54.82,0.0,0.0
10.02,4.95,54.17,0.0,0.0
9.13,5.21,46.34,0.0,0.0
5.08,5.33,39.44,0.0,0.0
2.38,1.85,32.69,0.0,0.0
2.38,0.0,1.45,0.0,0.0
1.92,0.0,0.59,0.0,0.0
2.37,0.0,0.25,0.0,0.0
1.92,0.0,18.45,0.0,0.0
3.27,0.0,16.86,0.0,0.0
6.41,0.0,21.53,0.0,0.0
6.88,0.0,24.67,0.0,0.0
7.78,1.92,40.55,0.0,0.0
9.13,1.88,49.24,0.0,0.0
10.47,1.86,50.48,0.0,0.0
12.72,1.24,46.29,0.0,0.0
14.07,8.93,52.8,0.0,0.0
13.17,7.44,55.52,0.0,0.0
12.27,12.15,57.11,0.0,0.0
11.37,11.41,58.21,0.0,0.0
11.37,3.1,56.54,0.0,0.0
12.72,3.1,54.09,0.0,0.0
12.72,2.85,51.55,0.0,0.0
11.82,1.98,59.97,0.0,0.0
10.92,1.24,63.03,0.0,0.0
10.02,4.97,55.71,0.0,0.0
9.13,5.2,51.01,0.0,0.0
5.08,5.33,45.02,0.0,0.0
2.38,0.0,36.79,0.0,0.0
2.38,0.0,1.78,0.0,0.0
1.92,0.0,0.84,0.0,0.0
2.37,0.0,0.34,0.0,0.0
1.92,0.0,18.55,0.0,0.0
3.27,0.0,16.75,0.0,0.0
6.41,0.0,21.81,0.0,0.0
6.88,0.0,26.61,0.0,0.0
7.78,1.92,42.74,0.0,0.0
9.13,1.87,49.96,0.0,0.0
10.47,1.86,44.74,0.0,0.0
12.72,1.24,46.89,0.0,0.0
14.07,8.92,51.02,0.0,0.0
13.17,7.44,54.99,0.0,0.0
12.27,12.15,54.9,0.0,0.0
11.37,11.4,49.01,0.0,0.0
11.37,3.1,46.48,0.0,0.0
12.72,3.1,49.51,0.0,0.0
12.72,2.86,51.86,0.0,0.0
11.82,1.98,53.75,0.0,0.0
10.92,1.24,53.36,0.0,0.0
10.02,4.95,52.17,0.0,0.0
9.13,5.21,42.85,0.0,0.0
5.08,5.33,37.05,0.0,0.0
2.38,0.0,34.4,0.0,0.0
2.38,0.0,1.97,0.0,0.0
1.92,0.0,0.63,0.0,0.0
2.37,0.0,0.38,0.0,0.0
1.92,0.0,20.47,0.0,0.0
3.27,0.0,18.77,0.0,0.0
6.43,0.0,25.02,0.0,0.0
6.88,1.92,30.17,0.0,0.0
7.78,1.88,41.69,0.0,0.0
9.13,4.08,48.68,0.0,0.0
10.47,1.62,52.08,0.0,0.0
12.72,1.24,47.59,0.0,0.0
14.07,8.92,56.59,0.0,0.0
13.17,3.84,67.21,0.0,0.0
12.27,12.15,66.48,0.0,0.0
11.37,11.41,56.52,0.0,0.0
11.37,2.73,49.23,0.0,0.0
12.72,3.84,50.92,0.0,0.0
12.72,2.85,56.78,0.0,0.0
11.82,1.98,65.34,0.0,0.0
10.92,1.24,63.86,0.0,0.0
10.02,4.96,60.68,0.0,0.0
9.13,5.2,50.24,0.0,0.0
5.08,5.33,43.79,0.0,0.0
2.38,1.86,38.31,0.0,0.0
2.38,0.0,3.57,0.0,0.0
1.92,0.0,1.78,0.0,0.0
2.37,0.0,1.22,0.0,0.0
1.92,0.0,18.37,0.0,0.0
3.27,0.0,17.14,0.0,0.0
6.43,0.0,22.42,0.0,0.0
6.88,1.92,23.96,0.0,0.0
7.78,1.85,29.28,0.0,0.0
9.13,4.09,32.57,0.0,0.0
10.47,1.62,36.35,0.0,0.0
12.72,1.24,35.45,0.0,0.0
14.07,8.92,41.28,0.0,0.0
13.17,3.84,49.74,0.0,0.0
12.27,12.15,48.84,0.0,0.0
11.37,11.41,41.4,0.0,0.0
11.37,2.73,36.61,0.0,0.0
12.72,3.84,37.88,0.0,0.0
12.72,2.85,41.43,0.0,0.0
11.82,1.98,44.42,0.0,0.0
10.92,1.24,41.32,0.0,0.0
10.02,4.96,37.94,0.0,0.0
9.13,5.2,30.53,0.0,0.0
5.08,5.33,25.41,0.0,0.0
2.38,1.86,21.82,0.0,0.0
2.38,0.0,1.17,0.0,0.0
1.92,0.0,0.27,0.0,0.0
2.37,0.0,0.21,0.0,0.0
1.92,0.0,11.56,0.0,0.0
3.27,0.0,9.66,0.0,0.0
6.43,0.0,12.13,0.0,0.0
6.88,1.92,13.7,0.0,0.0
7.78,1.85,19.85,0.0,0.0
9.13,4.1,25.7,0.0,0.0
10.47,1.61,29.09,0.0,0.0
12.72,1.24,28.43,0.0,0.0
14.07,8.93,34.57,0.0,0.0
13.17,3.84,39.83,0.0,0.0
12.27,12.15,38.29,0.0,0.0
11.37,11.41,33.99,0.0,0.0
11.37,2.73,31.47,0.0,0.0
12.72,3.84,33.52,0.0,0.0
12.72,2.85,36.52,0.0,0.0
11.82,1.98,39.05,0.0,0.0
10.92,1.24,36.19,0.0,0.0
10.02,4.96,33.27,0.0,0.0
9.13,5.2,27.57,0.0,0.0
5.08,5.32,23.34,0.0,0.0
2.38,1.86,18.24,0.0,0.0
2.38,0.0,0.62,0.0,0.0
1.92,0.0,0.09,0.0,0.0
2.37,0.0,0.0,0.0,0.0
1.92,0.0,7.38,0.0,0.0
3.27,0.0,6.23,0.0,0.0
6.43,0.0,5.84,0.0,0.0
6.88,1.92,8.19,0.0,0.0
7.78,1.85,21.88,0.0,0.0
9.13,4.1,34.26,0.0,0.0
10.47,1.61,37.97,0.0,0.0
12.72,1.24,35.19,0.0,0.0
14.07,8.93,43.0,0.0,0.0
13.17,3.84,48.44,0.0,0.0
12.27,12.15,43.99,0.0,0.0
11.37,11.41,39.65,0.0,0.0
11.37,2.72,35.96,0.0,0.0
12.72,3.85,36.31,0.0,0.0
12.72,2.85,38.91,0.0,0.0
11.82,1.98,39.36,0.0,0.0
10.92,1.24,36.0,0.0,0.0
10.02,4.96,35.69,0.0,0.0
9.13,5.2,30.77,0.0,0.0
5.08,5.32,27.62,0.0,0.0
2.38,1.86,25.09,0.0,0.0
2.38,0.0,1.18,0.0,0.0
1.92,0.0,0.42,0.0,0.0
2.37,0.0,0.0,0.0,0.0
1.92,0.0,13.9,0.0,0.0
3.27,0.0,16.1,0.0,0.0
6.43,0.0,21.0,0.0,0.0
6.88,1.92,22.35,0.0,0.0
7.78,1.85,28.48,0.0,0.0
9.13,4.1,34.8,0.0,0.0
10.47,1.61,36.73,0.0,0.0
12.72,1.24,34.77,0.0,0.0
14.07,8.93,42.32,0.0,0.0
13.17,3.85,51.04,0.0,0.0
12.27,12.15,48.66,0.0,0.0
11.37,11.41,40.48,0.0,0.0
11.37,2.72,35.31,0.0,0.0
12.72,3.85,36.31,0.0,0.0
12.72,2.85,39.86,0.0,0.0
11.82,1.98,45.05,0.0,0.0
10.92,1.24,44.0,0.0,0.0
10.02,4.97,41.16,0.0,0.0
9.13,5.2,34.07,0.0,0.0
5.08,5.33,28.53,0.0,0.0
2.38,1.86,24.7,0.0,0.0
2.38,0.0,1.18,0.0,0.0
1.92,0.0,0.47,0.0,0.0
2.37,0.0,0.2,0.0,0.0
1.92,0.0,14.06,0.0,0.0
3.27,0.0,13.12,0.0,0.0
6.41,0.0,16.5,0.0,0.0
6.88,0.0,19.21,0.0,0.0
7.78,1.92,32.56,0.0,0.0
9.13,1.87,38.56,0.0,0.0
10.47,1.86,40.19,0.0,0.0
12.72,1.24,39.3,0.0,0.0
14.07,8.93,48.2,0.0,0.0
13.17,7.44,51.58,0.0,0.0
12.27,12.15,48.52,0.0,0.0
11.37,11.41,45.53,0.0,0.0
11.37,3.1,48.81,0.0,0.0
12.72,3.09,49.84,0.0,0.0
12.72,2.86,46.03,0.0,0.0
11.82,1.98,51.03,0.0,0.0
10.92,1.24,52.16,0.0,0.0
10.02,4.95,46.93,0.0,0.0
9.13,5.21,42.68,0.0,0.0
5.08,5.33,37.83,0.0,0.0
2.38,0.0,31.6,0.0,0.0
2.38,0.0,1.16,0.0,0.0
1.92,0.0,0.71,0.0,0.0
2.37,0.0,0.34,0.0,0.0
1.92,0.0,17.38,0.0,0.0
3.27,0.0,15.11,0.0,0.0
6.41,0.0,20.52,0.0,0.0
6.88,0.0,23.16,0.0,0.0
7.78,1.92,38.71,0.0,0.0
9.13,1.88,46.35,0.0,0.0
10.47,1.86,41.65,0.0,0.0
12.72,1.24,40.82,0.0,0.0
14.07,8.93,43.57,0.0,0.0
13.17,7.44,46.74,0.0,0.0
12.27,12.15,45.71,0.0,0.0
11.37,11.42,44.18,0.0,0.0
11.37,3.1,43.86,0.0,0.0
12.72,3.1,45.18,0.0,0.0
12.72,2.85,45.09,0.0,0.0
11.82,1.98,46.01,0.0,0.0
10.92,1.24,43.76,0.0,0.0
10.02,4.97,39.41,0.0,0.0
9.13,5.2,32.81,0.0,0.0
5.08,5.33,27.97,0.0,0.0
2.38,0.0,22.47,0.0,0.0
2.38,0.0,0.66,0.0,0.0
1.92,0.0,0.07,0.0,0.0
2.37,0.0,0.0,0.0,0.0
1.92,0.0,15.06,0.0,0.0
3.27,0.0,13.3,0.0,0.0
6.43,0.0,18.69,0.0,0.0
6.88,1.92,21.36,0.0,0.0
7.78,1.88,32.19,0.0,0.0
9.13,4.09,39.03,0.0,0.0
10.47,1.62,42.75,0.0,0.0
12.72,1.24,42.79,0.0,0.0
14.07,8.93,52.83,0.0,0.0
13.17,3.84,51.8,0.0,0.0
12.27,12.16,43.97,0.0,0.0
11.37,11.42,44.49,0.0,0.0
11.37,2.73,41.54,0.0,0.0
12.72,3.84,42.86,0.0,0.0
12.72,2.86,51.12,0.0,0.0
11.82,1.98,58.15,0.0,0.0
10.92,1.24,54.53,0.0,0.0
10.02,4.96,52.53,0.0,0.0
9.13,5.21,44.63,0.0,0.0
5.08,5.33,39.94,0.0,0.0
2.38,1.86,33.69,0.0,0.0
2.38,0.0,1.74,0.0,0.0
1.92,0.0,0.42,0.0,0.0
2.37,0.0,0.0,0.0,0.0
1.92,0.0,17.28,0.0,0.0
3.27,0.0,19.72,0.0,0.0
6.43,0.0,25.55,0.0,0.0
6.88,1.92,27.21,0.0,0.0
7.78,1.85,36.55,0.0,0.0
9.13,4.1,46.11,0.0,0.0
10.47,1.62,49.38,0.0,0.0
12.72,1.24,46.23,0.0,0.0
14.07,8.93,54.86,0.0,0.0
13.17,3.85,62.12,0.0,0.0
12.27,12.16,57.82,0.0,0.0
11.37,11.43,48.44,0.0,0.0
11.37,2.73,43.42,0.0,0.0
12.72,3.85,45.27,0.0,0.0
12.72,2.86,52.0,0.0,0.0
11.82,1.98,59.06,0.0,0.0
10.92,1.24,56.76,0.0,0.0
10.02,4.97,54.4,0.0,0.0
9.13,5.21,45.92,0.0,0.0
5.08,5.33,39.96,0.0,0.0
2.38,1.86,32.94,0.0,0.0
2.38,0.0,1.53,0.0,0.0
1.92,0.0,0.69,0.0,0.0
2.37,0.0,0.33,0.0,0.0
1.92,0.0,17.68,0.0,0.0
3.27,0.0,16.33,0.0,0.0
6.43,0.0,22.59,0.0,0.0
6.88,1.92,27.05,0.0,0.0
7.78,1.85,38.07,0.0,0.0
9.13,4.1,45.63,0.0,0.0
10.47,1.62,49.3,0.0,0.0
12.72,1.24,45.37,0.0,0.0
14.07,8.94,55.88,0.0,0.0
13.17,3.85,67.99,0.0,0.0
12.27,12.17,63.19,0.0,0.0
11.37,11.43,53.75,0.0,0.0
11.37,2.73,48.48,0.0,0.0
12.72,3.85,50.96,0.0,0.0
12.72,2.86,54.03,0.0,0.0
11.82,1.98,57.19,0.0,0.0
10.92,1.24,54.67,0.0,0.0
10.02,4.97,52.64,0.0,0.0
9.13,5.21,45.37,0.0,0.0
5.08,5.33,39.99,0.0,0.0
2.38,1.86,34.73,0.0,0.0
2.38,0.0,2.94,0.0,0.0
1.92,0.0,1.16,0.0,0.0
2.37,0.0,0.53,0.0,0.0
1.92,0.0,19.43,0.0,0.0
3.27,0.0,16.85,0.0,0.0
6.43,0.0,23.0,0.0,0.0
6.88,1.92,26.45,0.0,0.0
7.78,1.86,40.07,0.0,0.0
9.13,4.1,49.23,0.0,0.0
10.47,1.62,49.61,0.0,0.0
12.72,1.24,44.41,0.0,0.0
14.07,8.94,53.12,0.0,0.0
13.17,3.85,62.43,0.0,0.0
12.27,12.18,61.09,0.0,0.0
11.37,11.43,54.36,0.0,0.0
11.37,2.73,49.61,0.0,0.0
12.72,3.85,51.83,0.0,0.0
12.72,2.86,57.65,0.0,0.0
11.82,1.98,65.78,0.0,0.0
10.92,1.24,64.46,0.0,0.0
10.02,4.97,62.72,0.0,0.0
9.13,5.21,49.35,0.0,0.0
5.08,5.34,39.86,0.0,0.0
2.38,1.87,34.32,0.0,0.0
2.38,0.0,2.53,0.0,0.0
1.92,0.0,1.2,0.0,0.0
2.37,0.0,0.46,0.0,0.0
1.92,0.0,20.49,0.0,0.0
3.27,0.0,21.37,0.0,0.0
6.43,0.0,29.65,0.0,0.0
6.88,1.92,32.24,0.0,0.0
7.78,1.86,43.09,0.0,0.0
9.13,4.11,49.62,0.0,0.0
10.47,1.62,50.62,0.0,0.0
12.72,1.24,45.29,0.0,0.0
14.07,8.95,53.25,0.0,0.0
13.17,3.86,60.85,0.0,0.0
12.27,12.18,60.71,0.0,0.0
11.37,11.44,56.77,0.0,0.0
11.37,2.73,50.51,0.0,0.0
12.72,3.86,48.88,0.0,0.0
12.72,2.86,51.28,0.0,0.0
11.82,1.98,49.12,0.0,0.0
10.92,1.24,44.12,0.0,0.0
10.02,4.97,46.2,0.0,0.0
9.13,5.22,43.58,0.0,0.0
5.08,5.34,41.02,0.0,0.0
2.38,1.86,34.71,0.0,0.0
2.38,0.0,1.77,0.0,0.0
1.92,0.0,0.42,0.0,0.0
2.37,0.0,0.26,0.0,0.0
1.92,0.0,19.09,0.0,0.0
3.27,0.0,18.5,0.0,0.0
6.41,0.0,24.22,0.0,0.0
6.88,0.0,26.59,0.0,0.0
7.78,1.93,38.71,0.0,0.0
9.13,1.87,46.32,0.0,0.0
10.47,1.87,49.42,0.0,0.0
12.72,1.24,46.7,0.0,0.0
14.07,8.95,54.53,0.0,0.0
13.17,7.47,56.68,0.0,0.0
12.27,12.19,57.9,0.0,0.0
11.37,11.44,53.48,0.0,0.0
11.37,3.11,49.62,0.0,0.0
12.72,3.1,49.65,0.0,0.0
12.72,2.86,42.42,0.0,0.0
11.82,1.99,46.48,0.0,0.0
10.92,1.24,51.52,0.0,0.0
10.02,4.97,46.06,0.0,0.0
9.13,5.22,42.88,0.0,0.0
5.08,5.35,38.35,0.0,0.0
2.38,0.0,29.21,0.0,0.0
2.38,0.0,0.66,0.0,0.0
1.92,0.0,0.0,0.0,0.0
2.37,0.0,0.0,0.0,0.0
1.92,0.0,16.71,0.0,0.0
3.27,0.0,12.98,0.0,0.0
6.41,0.0,20.14,0.0,0.0
6.88,0.0,21.96,0.0,0.0
7.78,1.93,36.58,0.0,0.0
9.13,1.89,47.49,0.0,0.0
10.47,1.86,44.17,0.0,0.0
12.72,1.24,41.46,0.0,0.0
14.07,8.96,45.73,0.0,0.0
13.17,7.47,47.04,0.0,0.0
12.27,12.2,39.03,0.0,0.0
11.37,11.45,36.96,0.0,0.0
11.37,3.11,38.37,0.0,0.0
12.72,3.11,42.29,0.0,0.0
12.72,2.87,42.79,0.0,0.0
11.82,1.99,43.64,0.0,0.0
10.92,1.24,45.35,0.0,0.0
10.02,4.97,45.92,0.0,0.0
9.13,5.23,37.98,0.0,0.0
5.08,5.35,31.32,0.0,0.0
2.38,0.0,26.64,0.0,0.0
2.38,0.0,0.64,0.0,0.0
1.92,0.0,0.0,0.0,0.0
2.37,0.0,0.0,0.0,0.0
1.92,0.0,12.73,0.0,0.0
3.27,0.0,11.75,0.0,0.0
6.43,0.0,18.81,0.0,0.0
6.88,1.93,22.68,0.0,0.0
7.78,1.89,31.61,0.0,0.0
9.13,4.1,38.89,0.0,0.0
10.47,1.62,41.19,0.0,0.0
12.72,1.24,38.9,0.0,0.0
14.07,8.96,50.19,0.0,0.0
13.17,3.85,62.74,0.0,0.0
12.27,12.2,61.8,0.0,0.0
11.37,11.46,55.26,0.0,0.0
11.37,2.74,47.74,0.0,0.0
12.72,3.85,48.56,0.0,0.0
12.72,2.87,54.56,0.0,0.0
11.82,1.99,51.31,0.0,0.0
10.92,1.24,43.75,0.0,0.0
10.02,4.97,42.15,0.0,0.0
9.13,5.23,36.43,0.0,0.0
5.08,5.36,32.49,0.0,0.0
2.38,1.86,26.96,0.0,0.0
2.38,0.0,1.0,0.0,0.0
1.92,0.0,0.0,0.0,0.0
2.37,0.0,0.0,0.0,0.0
1.92,0.0,10.88,0.0,0.0
3.27,0.0,14.3,0.0,0.0
6.43,0.0,19.03,0.0,0.0
6.88,1.93,20.25,0.0,0.0
7.78,1.88,25.17,0.0,0.0
9.13,4.11,33.8,0.0,0.0
10.47,1.62,38.47,0.0,0.0
12.72,1.24,37.75,0.0,0.0
14.07,8.97,48.88,0.0,0.0
13.17,3.86,59.87,0.0,0.0
12.27,12.21,59.05,0.0,0.0
11.37,11.46,52.36,0.0,0.0
11.37,2.74,45.07,0.0,0.0
12.72,3.86,47.85,0.0,0.0
12.72,2.86,53.77,0.0,0.0
11.82,2.0,57.37,0.0,0.0
10.92,1.25,54.63,0.0,0.0
10.02,4.98,52.6,0.0,0.0
9.13,5.23,45.12,0.0,0.0
5.08,5.36,40.06,0.0,0.0
2.38,1.87,35.13,0.0,0.0
2.38,0.0,2.51,0.0,0.0
1.92,0.0,1.05,0.0,0.0
2.37,0.0,0.76,0.0,0.0
1.92,0.0,19.23,0.0,0.0
3.27,0.0,15.98,0.0,0.0
6.43,0.0,21.08,0.0,0.0
6.88,1.93,24.05,0.0,0.0
7.78,1.88,32.07,0.0,0.0
9.13,4.11,39.23,0.0,0.0
10.47,1.61,43.92,0.0,0.0
12.72,1.25,42.3,0.0,0.0
14.07,8.98,49.44,0.0,0.0
13.17,3.87,55.38,0.0,0.0
12.27,12.22,53.42,0.0,0.0
11.37,11.47,44.88,0.0,0.0
11.37,2.74,38.95,0.0,0.0
12.72,3.87,41.1,0.0,0.0
12.72,2.86,45.54,0.0,0.0
11.82,1.99,50.41,0.0,0.0
10.92,1.25,47.65,0.0,0.0
10.02,4.99,44.13,0.0,0.0
9.13,5.23,36.98,0.0,0.0
5.08,5.36,31.34,0.0,0.0
2.38,1.87,26.27,0.0,0.0
2.38,0.0,2.19,0.0,0.0
1.92,0.0,0.91,0.0,0.0
2.37,0.0,0.47,0.0,0.0
1.92,0.0,14.2,0.0,0.0
3.27,0.0,12.74,0.0,0.0
6.43,0.0,16.85,0.0,0.0
6.88,1.93,18.92,0.0,0.0
7.78,1.86,24.98,0.0,0.0
9.13,4.12,29.73,0.0,0.0
10.47,1.62,34.07,0.0,0.0
12.72,1.25,33.06,0.0,0.0
14.07,8.98,38.87,0.0,0.0
13.17,3.87,44.38,0.0,0.0
12.27,12.23,42.57,0.0,0.0
11.37,11.49,37.51,0.0,0.0
11.37,2.75,34.37,0.0,0.0
12.72,3.87,36.04,0.0,0.0
12.72,2.87,38.43,0.0,0.0
11.82,1.99,40.72,0.0,0.0
10.92,1.25,38.52,0.0,0.0
10.02,4.99,37.14,0.0,0.0
9.13,5.24,31.75,0.0,0.0
5.08,5.36,27.14,0.0,0.0
2.38,1.86,22.76,0.0,0.0
2.38,0.0,1.13,0.0,0.0
1.92,0.0,0.27,0.0,0.0
2.37,0.0,0.0,0.0,0.0
1.92,0.0,12.32,0.0,0.0
3.27,0.0,13.9,0.0,0.0
6.43,0.0,17.0,0.0,0.0
6.88,1.93,17.82,0.0,0.0
7.78,1.89,26.17,0.0,0.0
9.13,4.12,34.18,0.0,0.0
10.47,1.63,38.13,0.0,0.0
12.72,1.25,37.56,0.0,0.0
14.07,8.99,45.86,0.0,0.0
13.17,3.87,54.13,0.0,0.0
12.27,12.24,51.44,0.0,0.0
11.37,11.49,44.83,0.0,0.0
11.37,2.75,41.86,0.0,0.0
12.72,3.87,43.67,0.0,0.0
12.72,2.87,46.55,0.0,0.0
11.82,2.0,50.9,0.0,0.0
10.92,1.25,48.88,0.0,0.0
10.02,4.99,46.77,0.0,0.0
9.13,5.25,40.66,0.0,0.0
5.08,5.37,35.66,0.0,0.0
2.38,1.87,30.4,0.0,0.0
2.38,0.0,2.43,0.0,0.0
1.92,0.0,0.86,0.0,0.0
2.37,0.0,0.34,0.0,0.0
1.92,0.0,16.79,0.0,0.0
3.27,0.0,16.2,0.0,0.0
6.41,0.0,21.6,0.0,0.0
6.88,0.0,24.49,0.0,0.0
7.78,1.94,39.27,0.0,0.0
9.13,1.89,47.0,0.0,0.0
10.47,1.87,48.52,0.0,0.0
12.72,1.25,45.54,0.0,0.0
14.07,9.01,52.46,0.0,0.0
13.17,7.51,54.65,0.0,0.0
12.27,12.25,55.6,0.0,0.0
11.37,11.5,54.66,0.0,0.0
11.37,3.12,50.05,0.0,0.0
12.72,3.12,49.1,0.0,0.0
12.72,2.88,47.1,0.0,0.0
11.82,2.0,51.99,0.0,0.0
10.92,1.25,54.5,0.0,0.0
10.02,4.99,50.62,0.0,0.0
9.13,5.25,48.51,0.0,0.0
5.08,5.38,44.64,0.0,0.0
2.38,0.0,37.07,0.0,0.0
2.38,0.0,1.68,0.0,0.0
1.92,0.0,0.86,0.0,0.0
2.37,0.0,0.43,0.0,0.0
1.92,0.0,21.65,0.0,0.0
3.27,0.0,19.79,0.0,0.0
6.41,0.0,25.49,0.0,0.0
6.88,0.0,30.3,0.0,0.0
7.78,1.94,45.53,0.0,0.0
9.13,1.9,52.82,0.0,0.0
10.47,1.87,48.63,0.0,0.0
12.72,1.25,47.66,0.0,0.0
14.07,9.01,43.66,0.0,0.0
13.17,7.51,37.08,0.0,0.0
12.27,12.27,36.13,0.0,0.0
11.37,11.51,37.72,0.0,0.0
11.37,3.12,39.45,0.0,0.0
12.72,3.13,45.18,0.0,0.0
12.72,2.88,49.82,0.0,0.0
11.82,2.0,46.86,0.0,0.0
10.92,1.25,42.14,0.0,0.0
10.02,5.0,40.41,0.0,0.0
9.13,5.26,33.15,0.0,0.0
5.08,5.38,29.8,0.0,0.0
2.38,0.0,27.73,0.0,0.0
2.38,0.0,0.89,0.0,0.0
1.92,0.0,0.29,0.0,0.0
2.37,0.0,0.22,0.0,0.0
1.92,0.0,16.44,0.0,0.0
3.27,0.0,18.76,0.0,0.0
6.43,0.0,25.45,0.0,0.0
6.88,1.94,29.61,0.0,0.0
7.78,1.9,41.13,0.0,0.0
9.13,4.13,49.13,0.0,0.0
10.47,1.63,52.81,0.0,0.0
12.72,1.25,46.59,0.0,0.0
14.07,9.02,47.96,0.0,0.0
13.17,3.88,54.1,0.0,0.0
12.27,12.28,61.23,0.0,0.0
11.37,11.52,56.22,0.0,0.0
11.37,2.76,48.18,0.0,0.0
12.72,3.88,48.35,0.0,0.0
12.72,2.87,51.8,0.0,0.0
11.82,2.01,57.45,0.0,0.0
10.92,1.25,57.05,0.0,0.0
10.02,5.01,55.97,0.0,0.0
9.13,5.26,47.79,0.0,0.0
5.08,5.39,40.9,0.0,0.0
2.38,1.88,34.25,0.0,0.0
2.38,0.0,1.83,0.0,0.0
1.92,0.0,0.82,0.0,0.0
2.37,0.0,0.38,0.0,0.0
1.92,0.0,19.77,0.0,0.0
3.27,0.0,22.62,0.0,0.0
6.43,0.0,29.62,0.0,0.0
6.88,1.94,30.26,0.0,0.0
7.78,1.88,38.26,0.0,0.0
9.13,4.14,46.69,0.0,0.0
10.47,1.62,50.14,0.0,0.0
12.72,1.25,46.89,0.0,0.0
14.07,9.03,54.51,0.0,0.0
13.17,3.89,59.21,0.0,0.0
12.27,12.29,59.39,0.0,0.0
11.37,11.54,48.42,0.0,0.0
11.37,2.76,41.55,0.0,0.0
12.72,3.89,44.55,0.0,0.0
12.72,2.89,50.09,0.0,0.0
11.82,2.0,56.86,0.0,0.0
10.92,1.25,56.08,0.0,0.0
10.02,5.01,54.38,0.0,0.0
9.13,5.27,45.61,0.0,0.0
5.08,5.39,38.98,0.0,0.0
2.38,1.87,32.7,0.0,0.0
2.38,0.0,1.68,0.0,0.0
1.92,0.0,0.63,0.0,0.0
2.37,0.0,0.0,0.0,0.0
1.92,0.0,18.17,0.0,0.0
3.27,0.0,17.45,0.0,0.0
6.43,0.0,22.92,0.0,0.0
6.88,1.94,26.51,0.0,0.0
7.78,1.9,39.07,0.0,0.0
9.13,4.14,47.87,0.0,0.0
10.47,1.63,52.34,0.0,0.0
12.72,1.25,49.13,0.0,0.0
14.07,9.03,59.19,0.0,0.0
13.17,3.89,69.66,0.0,0.0
12.27,12.31,67.03,0.0,0.0
11.37,11.55,51.72,0.0,0.0
11.37,2.76,42.18,0.0,0.0
12.72,3.89,43.38,0.0,0.0
12.72,2.88,47.59,0.0,0.0
11.82,2.01,51.38,0.0,0.0
10.92,1.25,49.16,0.0,0.0
10.02,5.02,47.58,0.0,0.0
9.13,5.27,39.18,0.0,0.0
5.08,5.4,32.22,0.0,0.0
2.38,1.89,26.22,0.0,0.0
2.38,0.0,1.06,0.0,0.0
1.92,0.0,0.16,0.0,0.0
2.37,0.0,0.0,0.0,0.0
1.92,0.0,16.19,0.0,0.0
3.27,0.0,14.09,0.0,0.0
6.43,0.0,20.09,0.0,0.0
6.88,1.95,23.86,0.0,0.0
7.78,1.88,37.27,0.0,0.0
9.13,4.15,47.59,0.0,0.0
10.47,1.63,52.14,0.0,0.0
12.72,1.26,49.04,0.0,0.0
14.07,9.05,59.99,0.0,0.0
13.17,3.9,69.6,0.0,0.0
12.27,12.32,66.05,0.0,0.0
11.37,11.57,56.64,0.0,0.0
11.37,2.77,40.2,0.0,0.0
12.72,3.89,34.4,0.0,0.0
12.72,2.89,41.33,0.0,0.0
11.82,2.01,49.01,0.0,0.0
10.92,1.26,46.29,0.0,0.0
10.02,5.02,43.49,0.0,0.0
9.13,5.28,37.24,0.0,0.0
5.08,5.4,32.19,0.0,0.0
2.38,1.88,27.55,0.0,0.0
2.38,0.0,1.09,0.0,0.0
1.92,0.0,0.12,0.0,0.0
2.37,0.0,0.0,0.0,0.0
1.92,0.0,12.79,0.0,0.0
3.27,0.0,16.44,0.0,0.0
6.43,0.0,22.43,0.0,0.0
6.88,1.95,24.1,0.0,0.0
7.78,1.9,33.15,0.0,0.0
9.13,4.15,43.24,0.0,0.0
10.47,1.63,47.69,0.0,0.0
12.72,1.26,44.92,0.0,0.0
14.07,9.06,55.64,0.0,0.0
13.17,3.9,64.74,0.0,0.0
12.27,12.33,62.57,0.0,0.0
11.37,11.58,54.1,0.0,0.0
11.37,2.76,44.85,0.0,0.0
12.72,3.9,43.06,0.0,0.0
12.72,2.89,44.87,0.0,0.0
11.82,2.01,50.31,0.0,0.0
10.92,1.26,48.82,0.0,0.0
10.02,5.04,46.51,0.0,0.0
9.13,5.28,39.69,0.0,0.0
5.08,5.41,35.34,0.0,0.0
2.38,1.88,31.16,0.0,0.0
2.38,0.0,2.77,0.0,0.0
1.92,0.0,0.91,0.0,0.0
2.37,0.0,0.45,0.0,0.0
1.92,0.0,19.93,0.0,0.0
3.27,0.0,18.5,0.0,0.0
6.41,0.0,24.37,0.0,0.0
6.88,0.0,28.53,0.0,0.0
7.78,1.95,45.78,0.0,0.0
9.13,1.89,52.25,0.0,0.0
10.47,1.89,52.21,0.0,0.0
12.72,1.26,49.47,0.0,0.0
14.07,9.07,57.61,0.0,0.0
13.17,7.56,62.17,0.0,0.0
12.27,12.35,61.64,0.0,0.0
11.37,11.6,54.2,0.0,0.0
11.37,3.15,49.57,0.0,0.0
12.72,3.15,46.89,0.0,0.0
12.72,2.9,45.01,0.0,0.0
11.82,2.01,55.91,0.0,0.0
10.92,1.26,59.2,0.0,0.0
10.02,5.04,51.64,0.0,0.0
9.13,5.29,48.6,0.0,0.0
5.08,5.42,45.38,0.0,0.0
2.38,0.0,38.07,0.0,0.0
2.38,0.0,3.76,0.0,0.0
1.92,0.0,1.25,0.0,0.0
2.37,0.0,0.95,0.0,0.0
1.92,0.0,21.66,0.0,0.0
3.27,0.0,17.57,0.0,0.0
6.41,0.0,27.28,0.0,0.0
6.88,0.0,28.84,0.0,0.0
7.78,1.95,45.48,0.0,0.0
9.13,1.92,53.69,0.0,0.0
10.47,1.89,47.34,0.0,0.0
12.72,1.26,47.51,0.0,0.0
14.07,9.08,52.43,0.0,0.0
13.17,7.57,57.97,0.0,0.0
12.27,12.36,56.69,0.0,0.0
11.37,11.61,52.33,0.0,0.0
11.37,3.15,49.15,0.0,0.0
12.72,3.15,50.9,0.0,0.0
12.72,2.91,51.77,0.0,0.0
11.82,2.02,52.67,0.0,0.0
10.92,1.26,53.37,0.0,0.0
10.02,5.04,54.57,0.0,0.0
9.13,5.3,47.57,0.0,0.0
5.08,5.42,42.21,0.0,0.0
2.38,0.0,38.21,0.0,0.0
2.38,0.0,5.27,0.0,0.0
1.92,0.0,2.48,0.0,0.0
2.37,0.0,2.19,0.0,0.0
1.92,0.0,23.33,0.0,0.0
3.27,0.0,17.81,0.0,0.0
6.43,0.0,28.43,0.0,0.0
6.88,1.96,32.58,0.0,0.0
7.78,1.9,42.24,0.0,0.0
9.13,4.17,48.47,0.0,0.0
10.47,1.64,53.68,0.0,0.0
12.72,1.26,49.33,0.0,0.0
14.07,9.09,57.63,0.0,0.0
13.17,3.92,66.75,0.0,0.0
12.27,12.38,61.4,0.0,0.0
11.37,11.62,51.55,0.0,0.0
11.37,2.78,45.35,0.0,0.0
12.72,3.92,46.7,0.0,0.0
12.72,2.91,49.61,0.0,0.0
11.82,2.02,52.47,0.0,0.0
10.92,1.26,51.04,0.0,0.0
10.02,5.05,51.1,0.0,0.0
9.13,5.31,44.44,0.0,0.0
5.08,5.43,38.75,0.0,0.0
2.38,1.89,32.05,0.0,0.0
2.38,0.0,1.13,0.0,0.0
1.92,0.0,0.14,0.0,0.0
2.37,0.0,0.0,0.0,0.0
1.92,0.0,17.84,0.0,0.0
3.27,0.0,21.02,0.0,0.0
6.43,0.0,27.07,0.0,0.0
6.88,1.96,28.75,0.0,0.0
7.78,1.91,35.79,0.0,0.0
9.13,4.17,40.7,0.0,0.0
10.47,1.64,44.13,0.0,0.0
12.72,1.26,43.05,0.0,0.0
14.07,9.1,50.71,0.0,0.0
13.17,3.92,55.83,0.0,0.0
12.27,12.4,54.54,0.0,0.0
11.37,11.64,46.64,0.0,0.0
11.37,2.78,39.17,0.0,0.0
12.72,3.92,40.42,0.0,0.0
12.72,2.91,44.27,0.0,0.0
11.82,2.02,48.27,0.0,0.0
10.92,1.26,47.29,0.0,0.0
10.02,5.05,47.01,0.0,0.0
9.13,5.31,40.86,0.0,0.0
5.08,5.44,35.25,0.0,0.0
2.38,1.89,29.93,0.0,0.0
2.38,0.0,1.92,0.0,0.0
1.92,0.0,0.56,0.0,0.0
2.37,0.0,0.37,0.0,0.0
1.92,0.0,18.87,0.0,0.0
3.27,0.0,18.28,0.0,0.0
6.43,0.0,25.81,0.0,0.0
6.88,1.96,31.31,0.0,0.0
7.78,1.91,41.37,0.0,0.0
9.13,4.18,45.83,0.0,0.0
10.47,1.64,47.03,0.0,0.0
12.72,1.27,43.5,0.0,0.0
14.07,9.12,53.8,0.0,0.0
13.17,3.93,60.79,0.0,0.0
12.27,12.41,58.05,0.0,0.0
11.37,11.66,51.22,0.0,0.0
11.37,2.79,45.0,0.0,0.0
12.72,3.92,46.27,0.0,0.0
12.72,2.92,49.72,0.0,0.0
11.82,2.03,55.8,0.0,0.0
10.92,1.27,55.78,0.0,0.0
10.02,5.06,55.39,0.0,0.0
9.13,5.32,47.83,0.0,0.0
5.08,5.45,41.13,0.0,0.0
2.38,1.9,33.75,0.0,0.0
2.38,0.0,2.1,0.0,0.0
1.92,0.0,0.84,0.0,0.0
2.37,0.0,0.42,0.0,0.0
1.92,0.0,19.34,0.0,0.0
3.27,0.0,16.73,0.0,0.0
6.43,0.0,23.68,0.0,0.0
6.88,1.96,28.79,0.0,0.0
7.78,1.9,38.49,0.0,0.0
9.13,4.19,45.13,0.0,0.0
10.47,1.64,49.52,0.0,0.0
12.72,1.27,43.32,0.0,0.0
14.07,9.13,49.48,0.0,0.0
13.17,3.93,56.11,0.0,0.0
12.27,12.43,54.91,0.0,0.0
11.37,11.68,48.56,0.0,0.0
11.37,2.79,42.52,0.0,0.0
12.72,3.93,43.94,0.0,0.0
12.72,2.92,49.25,0.0,0.0
11.82,2.03,54.74,0.0,0.0
10.92,1.27,52.43,0.0,0.0
10.02,5.07,49.73,0.0,0.0
9.13,5.32,42.57,0.0,0.0
5.08,5.45,37.88,0.0,0.0
2.38,1.91,32.68,0.0,0.0
2.38,0.0,1.93,0.0,0.0
1.92,0.0,0.77,0.0,0.0
2.37,0.0,0.3,0.0,0.0
1.92,0.0,16.65,0.0,0.0
3.27,0.0,19.52,0.0,0.0
6.43,0.0,25.48,0.0,0.0
6.88,1.96,27.87,0.0,0.0
7.78,1.9,37.63,0.0,0.0
9.13,4.19,45.82,0.0,0.0
10.47,1.66,49.67,0.0,0.0
12.72,1.27,46.3,0.0,0.0
14.07,9.15,52.74,0.0,0.0
13.17,3.93,57.39,0.0,0.0
12.27,12.46,46.69,0.0,0.0
11.37,11.69,38.41,0.0,0.0
11.37,2.8,38.06,0.0,0.0
12.72,3.94,40.23,0.0,0.0
12.72,2.92,44.23,0.0,0.0
11.82,2.03,48.26,0.0,0.0
10.92,1.27,46.87,0.0,0.0
10.02,5.08,47.32,0.0,0.0
9.13,5.33,41.51,0.0,0.0
5.08,5.46,32.41,0.0,0.0
2.38,1.91,23.84,0.0,0.0
2.38,0.0,0.9,0.0,0.0
1.92,0.0,0.07,0.0,0.0
2.37,0.0,0.28,0.0,0.0
1.92,0.0,17.93,0.0,0.0
3.27,0.0,16.65,0.0,0.0
6.41,0.0,24.42,0.0,0.0
6.88,0.0,28.17,0.0,0.0
7.78,1.97,42.6,0.0,0.0
9.13,1.91,48.75,0.0,0.0
10.47,1.91,43.16,0.0,0.0
12.72,1.27,32.27,0.0,0.0
14.07,9.16,33.47,0.0,0.0
13.17,7.63,32.8,0.0,0.0
12.27,12.47,32.4,0.0,0.0
11.37,11.71,31.53,0.0,0.0
11.37,3.18,33.75,0.0,0.0
12.72,3.18,38.5,0.0,0.0
12.72,2.93,39.36,0.0,0.0
11.82,2.04,45.94,0.0,0.0
10.92,1.27,48.87,0.0,0.0
10.02,5.08,42.05,0.0,0.0
9.13,5.34,36.69,0.0,0.0
5.08,5.47,32.36,0.0,0.0
2.38,0.0,25.56,0.0,0.0
2.38,0.0,0.32,0.0,0.0
1.92,0.0,0.03,0.0,0.0
2.37,0.0,0.0,0.0,0.0
1.92,0.0,14.32,0.0,0.0
3.27,0.0,9.12,0.0,0.0
6.41,0.0,17.23,0.0,0.0
6.88,0.0,16.77,0.0,0.0
7.78,1.97,33.14,0.0,0.0
9.13,1.93,49.13,0.0,0.0
10.47,1.91,47.48,0.0,0.0
12.72,1.27,48.76,0.0,0.0
14.07,9.17,52.2,0.0,0.0
13.17,7.65,56.19,0.0,0.0
12.27,12.49,56.28,0.0,0.0
11.37,11.73,53.38,0.0,0.0
11.37,3.19,50.35,0.0,0.0
12.72,3.19,53.36,0.0,0.0
12.72,2.93,54.33,0.0,0.0
11.82,2.04,54.92,0.0,0.0
10.92,1.27,54.66,0.0,0.0
10.02,5.09,52.85,0.0,0.0
9.13,5.35,44.1,0.0,0.0
5.08,5.48,37.61,0.0,0.0
2.38,0.0,33.35,0.0,0.0
2.38,0.0,2.0,0.0,0.0
1.92,0.0,1.02,0.0,0.0
2.37,0.0,0.68,0.0,0.0
1.92,0.0,21.45,0.0,0.0
3.27,0.0,19.83,0.0,0.0
6.43,0.0,26.43,0.0,0.0
6.88,1.98,31.18,0.0,0.0
7.78,1.92,41.54,0.0,0.0
9.13,4.21,46.34,0.0,0.0
10.47,1.65,46.21,0.0,0.0
12.72,1.28,46.43,0.0,0.0
14.07,9.19,58.23,0.0,0.0
13.17,3.96,65.54,0.0,0.0
12.27,12.51,62.97,0.0,0.0
11.37,11.75,56.36,0.0,0.0
11.37,2.81,45.95,0.0,0.0
12.72,3.95,44.89,0.0,0.0
12.72,2.94,51.28,0.0,0.0
11.82,2.04,56.81,0.0,0.0
10.92,1.27,54.8,0.0,0.0
10.02,5.1,52.93,0.0,0.0
9.13,5.35,46.79,0.0,0.0
5.08,5.49,41.57,0.0,0.0
2.38,1.92,34.41,0.0,0.0
2.38,0.0,1.68,0.0,0.0
1.92,0.0,0.59,0.0,0.0
2.37,0.0,0.29,0.0,0.0
1.92,0.0,18.51,0.0,0.0
3.27,0.0,21.05,0.0,0.0
6.43,0.0,28.48,0.0,0.0
6.88,1.97,31.47,0.0,0.0
7.78,1.91,40.29,0.0,0.0
9.13,4.22,47.91,0.0,0.0
10.47,1.67,51.5,0.0,0.0
12.72,1.28,47.45,0.0,0.0
14.07,9.2,56.35,0.0,0.0
13.17,3.96,62.75,0.0,0.0
12.27,12.53,58.91,0.0,0.0
11.37,11.76,50.56,0.0,0.0
11.37,2.81,44.5,0.0,0.0
12.72,3.97,46.55,0.0,0.0
12.72,2.94,52.72,0.0,0.0
11.82,2.04,57.79,0.0,0.0
10.92,1.28,55.72,0.0,0.0
10.02,5.12,55.0,0.0,0.0
9.13,5.37,46.74,0.0,0.0
5.08,5.5,36.7,0.0,0.0
2.38,1.91,24.46,0.0,0.0
2.38,0.0,0.47,0.0,0.0
1.92,0.0,0.02,0.0,0.0
2.37,0.0,0.0,0.0,0.0
1.92,0.0,11.37,0.0,0.0
3.27,0.0,10.16,0.0,0.0
6.41,0.0,20.27,0.0,0.0
6.88,0.0,24.15,0.0,0.0
7.78,1.98,35.5,0.0,0.0
9.13,1.94,41.22,0.0,0.0
10.47,1.91,38.2,0.0,0.0
12.72,1.28,41.0,0.0,0.0
14.07,9.22,45.73,0.0,0.0
13.17,7.69,50.89,0.0,0.0
12.27,12.55,50.29,0.0,0.0
11.37,11.78,44.95,0.0,0.0
11.37,3.2,42.94,0.0,0.0
12.72,3.2,43.43,0.0,0.0
12.72,2.94,43.64,0.0,0.0
11.82,2.05,43.47,0.0,0.0
10.92,1.28,42.35,0.0,0.0
10.02,5.12,42.73,0.0,0.0
9.13,5.38,38.3,0.0,0.0
5.08,5.51,32.98,0.0,0.0
2.38,0.0,27.16,0.0,0.0
2.38,0.0,0.84,0.0,0.0
1.92,0.0,0.17,0.0,0.0
2.37,0.0,0.15,0.0,0.0
1.92,0.0,16.61,0.0,0.0
3.27,0.0,15.33,0.0,0.0
6.43,0.0,21.04,0.0,0.0
6.88,1.99,25.29,0.0,0.0
7.78,1.93,36.97,0.0,0.0
9.13,4.23,45.14,0.0,0.0
10.47,1.66,49.34,0.0,0.0
12.72,1.28,43.03,0.0,0.0
14.07,9.24,50.94,0.0,0.0
13.17,3.97,62.95,0.0,0.0
12.27,12.57,62.19,0.0,0.0
11.37,11.81,51.63,0.0,0.0
11.37,2.83,39.63,0.0,0.0
12.72,3.97,37.28,0.0,0.0
12.72,2.95,41.68,0.0,0.0
11.82,2.06,48.59,0.0,0.0
10.92,1.28,48.35,0.0,0.0
10.02,5.13,46.45,0.0,0.0
9.13,5.39,40.8,0.0,0.0
5.08,5.51,36.19,0.0,0.0
2.38,1.92,30.5,0.0,0.0
2.38,0.0,1.3,0.0,0.0
1.92,0.0,0.52,0.0,0.0
2.37,0.0,0.0,0.0,0.0
1.92,0.0,16.62,0.0,0.0
3.27,0.0,19.39,0.0,0.0
6.43,0.0,25.26,0.0,0.0
6.88,1.98,24.7,0.0,0.0
7.78,1.92,32.76,0.0,0.0
9.13,4.24,42.19,0.0,0.0
10.47,1.68,46.39,0.0,0.0
12.72,1.28,41.71,0.0,0.0
14.07,9.25,44.26,0.0,0.0
13.17,3.98,53.44,0.0,0.0
12.27,12.6,55.67,0.0,0.0
11.37,11.83,48.28,0.0,0.0
11.37,2.82,43.37,0.0,0.0
12.72,3.99,38.77,0.0,0.0
12.72,2.96,39.73,0.0,0.0
11.82,2.06,44.36,0.0,0.0
10.92,1.28,41.91,0.0,0.0
10.02,5.13,41.42,0.0,0.0
9.13,5.4,35.15,0.0,0.0
5.08,5.53,29.01,0.0,0.0
2.38,1.93,23.33,0.0,0.0
2.38,0.0,0.62,0.0,0.0
1.92,0.0,0.02,0.0,0.0
2.37,0.0,0.0,0.0,0.0
1.92,0.0,10.88,0.0,0.0
3.27,0.0,8.57,0.0,0.0
6.41,0.0,14.73,0.0,0.0
6.88,0.0,15.29,0.0,0.0
7.78,1.99,28.17,0.0,0.0
9.13,1.94,41.7,0.0,0.0
10.47,1.93,45.66,0.0,0.0
12.72,1.29,42.75,0.0,0.0
14.07,9.27,49.68,0.0,0.0
13.17,7.72,53.3,0.0,0.0
12.27,12.62,51.92,0.0,0.0
11.37,11.85,47.96,0.0,0.0
11.37,3.22,47.17,0.0,0.0
12.72,3.22,46.12,0.0,0.0
12.72,2.97,39.86,0.0,0.0
11.82,2.06,41.64,0.0,0.0
10.92,1.29,41.87,0.0,0.0
10.02,5.15,35.96,0.0,0.0
9.13,5.4,32.57,0.0,0.0
5.08,5.53,29.6,0.0,0.0
2.38,0.0,23.69,0.0,0.0
2.38,0.0,0.44,0.0,0.0
1.92,0.0,0.06,0.0,0.0
2.37,0.0,0.0,0.0,0.0
1.92,0.0,11.85,0.0,0.0
3.27,0.0,10.11,0.0,0.0
6.41,0.0,16.62,0.0,0.0
6.88,0.0,16.42,0.0,0.0
7.78,2.0,31.5,0.0,0.0
9.13,1.96,44.45,0.0,0.0
10.47,1.94,44.05,0.0,0.0
12.72,1.29,46.35,0.0,0.0
14.07,9.28,49.76,0.0,0.0
13.17,7.74,56.2,0.0,0.0
12.27,12.64,56.94,0.0,0.0
11.37,11.87,47.87,0.0,0.0
11.37,3.22,41.86,0.0,0.0
12.72,3.22,41.89,0.0,0.0
12.72,2.96,43.95,0.0,0.0
11.82,2.07,47.15,0.0,0.0
10.92,1.29,47.91,0.0,0.0
10.02,5.16,48.7,0.0,0.0
9.13,5.42,41.26,0.0,0.0
5.08,5.54,36.11,0.0,0.0
2.38,0.0,32.45,0.0,0.0
2.38,0.0,1.38,0.0,0.0
1.92,0.0,0.52,0.0,0.0
2.37,0.0,0.0,0.0,0.0
1.92,0.0,15.75,0.0,0.0
3.27,0.0,15.76,0.0,0.0
6.43,0.0,21.79,0.0,0.0
6.88,2.0,25.53,0.0,0.0
7.78,1.96,35.68,0.0,0.0
9.13,4.26,44.11,0.0,0.0
10.47,1.68,48.91,0.0,0.0
12.72,1.29,46.13,0.0,0.0
14.07,9.3,55.47,0.0,0.0
13.17,4.01,67.31,0.0,0.0
12.27,12.66,64.2,0.0,0.0
11.37,11.89,51.45,0.0,0.0
11.37,2.85,42.54,0.0,0.0
12.72,4.0,41.92,0.0,0.0
12.72,2.97,47.08,0.0,0.0
11.82,2.07,51.35,0.0,0.0
10.92,1.29,47.76,0.0,0.0
10.02,5.17,46.31,0.0,0.0
9.13,5.43,40.51,0.0,0.0
5.08,5.55,36.06,0.0,0.0
2.38,1.93,30.39,0.0,0.0
2.38,0.0,1.26,0.0,0.0
1.92,0.0,0.26,0.0,0.0
2.37,0.0,0.0,0.0,0.0
1.92,0.0,16.46,0.0,0.0
3.27,0.0,19.55,0.0,0.0
6.43,0.0,25.86,0.0,0.0
6.88,1.99,27.93,0.0,0.0
7.78,1.94,36.95,0.0,0.0
9.13,4.27,44.66,0.0,0.0
10.47,1.68,47.73,0.0,0.0
12.72,1.29,45.25,0.0,0.0
14.07,9.32,54.6,0.0,0.0
13.17,4.02,64.16,0.0,0.0
12.27,12.69,62.75,0.0,0.0
11.37,11.92,53.55,0.0,0.0
11.37,2.85,47.76,0.0,0.0
12.72,4.01,50.9,0.0,0.0
12.72,2.98,52.3,0.0,0.0
11.82,2.07,52.86,0.0,0.0
10.92,1.29,52.03,0.0,0.0
10.02,5.18,53.12,0.0,0.0
9.13,5.44,46.44,0.0,0.0
5.08,5.57,40.96,0.0,0.0
2.38,1.93,34.11,0.0,0.0
2.38,0.0,1.38,0.0,0.0
1.92,0.0,0.48,0.0,0.0
2.37,0.0,0.22,0.0,0.0
1.92,0.0,18.6,0.0,0.0
3.27,0.0,17.22,0.0,0.0
6.43,0.0,22.94,0.0,0.0
6.88,2.01,26.68,0.0,0.0
7.78,1.96,35.88,0.0,0.0
9.13,4.28,42.96,0.0,0.0
10.47,1.68,46.72,0.0,0.0
12.72,1.3,43.74,0.0,0.0
14.07,9.35,52.33,0.0,0.0
13.17,4.02,59.79,0.0,0.0
12.27,12.71,55.57,0.0,0.0
11.37,11.94,50.33,0.0,0.0
11.37,2.86,45.83,0.0,0.0
12.72,4.02,45.54,0.0,0.0
12.72,2.98,51.18,0.0,0.0
11.82,2.07,58.35,0.0,0.0
10.92,1.3,57.13,0.0,0.0
10.02,5.19,56.01,0.0,0.0
9.13,5.45,46.94,0.0,0.0
5.08,5.58,39.52,0.0,0.0
2.38,1.94,33.82,0.0,0.0
2.38,0.0,2.51,0.0,0.0
1.92,0.0,1.07,0.0,0.0
2.37,0.0,0.38,0.0,0.0
1.92,0.0,18.12,0.0,0.0
3.27,0.0,16.65,0.0,0.0
6.43,0.0,24.14,0.0,0.0
6.88,2.01,28.94,0.0,0.0
7.78,1.95,40.98,0.0,0.0
9.13,4.29,48.96,0.0,0.0
10.47,1.69,51.04,0.0,0.0
12.72,1.3,47.29,0.0,0.0
14.07,9.36,57.11,0.0,0.0
13.17,4.03,65.53,0.0,0.0
12.27,12.74,61.94,0.0,0.0
11.37,11.96,53.84,0.0,0.0
11.37,2.85,46.81,0.0,0.0
12.72,4.03,46.69,0.0,0.0
12.72,2.99,45.37,0.0,0.0
11.82,2.08,48.41,0.0,0.0
10.92,1.3,49.41,0.0,0.0
10.02,5.19,50.15,0.0,0.0
9.13,5.45,43.9,0.0,0.0
5.08,5.59,38.28,0.0,0.0
2.38,1.95,31.81,0.0,0.0
2.38,0.0,1.26,0.0,0.0
1.92,0.0,0.41,0.0,0.0
2.37,0.0,0.22,0.0,0.0
1.92,0.0,18.5,0.0,0.0
3.27,0.0,21.0,0.0,0.0
6.43,0.0,28.55,0.0,0.0
6.88,2.01,31.23,0.0,0.0
7.78,1.95,40.55,0.0,0.0
9.13,4.3,50.06,0.0,0.0
10.47,1.7,54.07,0.0,0.0
12.72,1.3,48.87,0.0,0.0
14.07,9.37,57.41,0.0,0.0
13.17,4.04,58.48,0.0,0.0
12.27,12.77,56.55,0.0,0.0
11.37,11.99,55.5,0.0,0.0
11.37,2.87,43.86,0.0,0.0
12.72,4.03,41.31,0.0,0.0
12.72,2.99,46.77,0.0,0.0
11.82,2.09,52.86,0.0,0.0
10.92,1.3,52.05,0.0,0.0
10.02,5.21,51.03,0.0,0.0
9.13,5.47,43.83,0.0,0.0
5.08,5.6,37.04,0.0,0.0
2.38,1.95,30.43,0.0,0.0
2.38,0.0,1.23,0.0,0.0
1.92,0.0,0.34,0.0,0.0
2.37,0.0,0.25,0.0,0.0
1.92,0.0,16.72,0.0,0.0
3.27,0.0,18.71,0.0,0.0
6.41,0.0,23.48,0.0,0.0
6.88,0.0,26.16,0.0,0.0
7.78,2.02,37.65,0.0,0.0
9.13,1.98,40.55,0.0,0.0
10.47,1.95,40.37,0.0,0.0
12.72,1.31,38.26,0.0,0.0
14.07,9.4,45.09,0.0,0.0
13.17,7.83,49.42,0.0,0.0
12.27,12.79,44.92,0.0,0.0
11.37,12.01,41.75,0.0,0.0
11.37,3.26,46.24,0.0,0.0
12.72,3.26,47.47,0.0,0.0
12.72,3.0,43.12,0.0,0.0
11.82,2.09,47.49,0.0,0.0
10.92,1.3,47.97,0.0,0.0
10.02,5.22,41.04,0.0,0.0
9.13,5.48,36.36,0.0,0.0
5.08,5.61,31.35,0.0,0.0
2.38,0.0,23.9,0.0,0.0
2.38,0.0,0.31,0.0,0.0
1.92,0.0,0.02,0.0,0.0
2.37,0.0,0.0,0.0,0.0
1.92,0.0,11.56,0.0,0.0
3.27,0.0,7.61,0.0,0.0
6.41,0.0,14.03,0.0,0.0
6.88,0.0,14.08,0.0,0.0
7.78,2.02,20.58,0.0,0.0
9.13,1.98,24.87,0.0,0.0
10.47,1.96,25.61,0.0,0.0
12.72,1.31,30.3,0.0,0.0
14.07,9.42,35.9,0.0,0.0
13.17,7.85,43.08,0.0,0.0
12.27,12.81,46.86,0.0,0.0
11.37,12.04,45.0,0.0,0.0
11.37,3.27,44.34,0.0,0.0
12.72,3.27,47.18,0.0,0.0
12.72,3.01,49.25,0.0,0.0
11.82,2.09,49.72,0.0,0.0
10.92,1.31,49.08,0.0,0.0
10.02,5.23,49.4,0.0,0.0
9.13,5.49,41.5,0.0,0.0
5.08,5.62,36.33,0.0,0.0
2.38,0.0,33.72,0.0,0.0
2.38,0.0,1.58,0.0,0.0
1.92,0.0,0.67,0.0,0.0
2.37,0.0,0.34,0.0,0.0
1.92,0.0,16.67,0.0,0.0
3.27,0.0,19.3,0.0,0.0
6.43,0.0,26.2,0.0,0.0
6.88,2.03,31.64,0.0,0.0
7.78,1.98,42.75,0.0,0.0
9.13,4.32,46.14,0.0,0.0
10.47,1.7,50.03,0.0,0.0
12.72,1.31,48.59,0.0,0.0
14.07,9.44,58.11,0.0,0.0
13.17,4.06,65.39,0.0,0.0
12.27,12.85,59.54,0.0,0.0
11.37,12.06,46.54,0.0,0.0
11.37,2.88,35.44,0.0,0.0
12.72,4.06,35.4,0.0,0.0
12.72,3.02,41.83,0.0,0.0
11.82,2.1,48.64,0.0,0.0
10.92,1.31,49.04,0.0,0.0
10.02,5.24,48.66,0.0,0.0
9.13,5.5,42.18,0.0,0.0
5.08,5.63,36.77,0.0,0.0
2.38,1.96,30.5,0.0,0.0
2.38,0.0,1.0,0.0,0.0
1.92,0.0,0.0,0.0,0.0
2.37,0.0,0.0,0.0,0.0
1.92,0.0,15.62,0.0,0.0
3.27,0.0,18.41,0.0,0.0
6.43,0.0,24.02,0.0,0.0
6.88,2.02,24.98,0.0,0.0
7.78,1.97,33.64,0.0,0.0
9.13,4.33,41.87,0.0,0.0
10.47,1.7,45.61,0.0,0.0
12.72,1.31,44.33,0.0,0.0
14.07,9.45,55.19,0.0,0.0
13.17,4.07,61.56,0.0,0.0
12.27,12.87,53.81,0.0,0.0
11.37,12.09,47.3,0.0,0.0
11.37,2.89,40.37,0.0,0.0
12.72,4.07,35.63,0.0,0.0
12.72,3.02,37.14,0.0,0.0
11.82,2.1,42.43,0.0,0.0
10.92,1.31,42.45,0.0,0.0
10.02,5.25,41.11,0.0,0.0
9.13,5.52,36.66,0.0,0.0
5.08,5.65,32.21,0.0,0.0
2.38,1.97,25.49,0.0,0.0
2.38,0.0,0.82,0.0,0.0
1.92,0.0,0.0,0.0,0.0
2.37,0.0,0.0,0.0,0.0
1.92,0.0,12.56,0.0,0.0
3.27,0.0,9.51,0.0,0.0
6.43,0.0,14.26,0.0,0.0
6.88,2.03,16.46,0.0,0.0
7.78,1.97,26.63,0.0,0.0
9.13,4.34,37.6,0.0,0.0
10.47,1.72,41.88,0.0,0.0
12.72,1.31,39.16,0.0,0.0
14.07,9.47,45.77,0.0,0.0
13.17,4.08,53.92,0.0,0.0
12.27,12.9,54.3,0.0,0.0
11.37,12.11,46.81,0.0,0.0
11.37,2.9,39.77,0.0,0.0
12.72,4.08,41.32,0.0,0.0
12.72,3.02,45.41,0.0,0.0
11.82,2.1,49.33,0.0,0.0
10.92,1.32,48.81,0.0,0.0
10.02,5.26,49.77,0.0,0.0
9.13,5.53,41.16,0.0,0.0
5.08,5.66,32.71,0.0,0.0
2.38,1.98,24.18,0.0,0.0
2.38,0.0,0.82,0.0,0.0
1.92,0.0,0.0,0.0,0.0
2.37,0.0,0.0,0.0,0.0
1.92,0.0,11.54,0.0,0.0
3.27,0.0,12.74,0.0,0.0
6.43,0.0,18.02,0.0,0.0
6.88,2.03,22.26,0.0,0.0
7.78,1.97,33.66,0.0,0.0
9.13,4.35,42.3,0.0,0.0
10.47,1.72,45.0,0.0,0.0
12.72,1.32,47.71,0.0,0.0
14.07,9.49,55.61,0.0,0.0
13.17,4.09,56.66,0.0,0.0
12.27,12.93,54.03,0.0,0.0
11.37,12.14,47.87,0.0,0.0
11.37,2.9,44.34,0.0,0.0
12.72,4.09,43.17,0.0,0.0
12.72,3.03,39.7,0.0,0.0
11.82,2.11,36.66,0.0,0.0
10.92,1.32,34.42,0.0,0.0
10.02,5.27,35.36,0.0,0.0
9.13,5.54,32.65,0.0,0.0
5.08,5.67,29.05,0.0,0.0
2.38,1.98,23.93,0.0,0.0
2.38,0.0,0.96,0.0,0.0
1.92,0.0,0.17,0.0,0.0
2.37,0.0,0.07,0.0,0.0
1.92,0.0,9.55,0.0,0.0
3.27,0.0,13.32,0.0,0.0
6.43,0.0,18.45,0.0,0.0
6.88,2.04,19.54,0.0,0.0
7.78,1.98,22.66,0.0,0.0
9.13,4.36,28.95,0.0,0.0
10.47,1.72,33.46,0.0,0.0
12.72,1.32,32.85,0.0,0.0
14.07,9.51,39.74,0.0,0.0
13.17,4.1,47.55,0.0,0.0
12.27,12.95,46.56,0.0,0.0
11.37,12.17,40.12,0.0,0.0
11.37,2.91,36.67,0.0,0.0
12.72,4.1,37.33,0.0,0.0
12.72,3.04,39.61,0.0,0.0
11.82,2.11,42.57,0.0,0.0
10.92,1.32,39.65,0.0,0.0
10.02,5.28,37.57,0.0,0.0
9.13,5.55,31.84,0.0,0.0
5.08,5.68,27.34,0.0,0.0
2.38,1.98,22.21,0.0,0.0
2.38,0.0,0.83,0.0,0.0
1.92,0.0,0.06,0.0,0.0
2.37,0.0,0.17,0.0,0.0
1.92,0.0,13.02,0.0,0.0
3.27,0.0,12.55,0.0,0.0
6.41,0.0,18.33,0.0,0.0
6.88,0.0,20.97,0.0,0.0
7.78,2.05,31.2,0.0,0.0
9.13,1.98,36.09,0.0,0.0
10.47,1.99,37.61,0.0,0.0
12.72,1.32,36.17,0.0,0.0
14.07,9.54,41.89,0.0,0.0
13.17,7.96,42.25,0.0,0.0
12.27,12.99,42.49,0.0,0.0
11.37,12.19,39.93,0.0,0.0
11.37,3.31,37.24,0.0,0.0
12.72,3.31,37.77,0.0,0.0
12.72,3.05,38.04,0.0,0.0
11.82,2.12,42.93,0.0,0.0
10.92,1.32,43.36,0.0,0.0
10.02,5.3,38.79,0.0,0.0
9.13,5.56,37.36,0.0,0.0
5.08,5.7,34.94,0.0,0.0
2.38,0.0,27.7,0.0,0.0
2.38,0.0,0.83,0.0,0.0
1.92,0.0,0.15,0.0,0.0
2.37,0.0,0.0,0.0,0.0
1.92,0.0,12.26,0.0,0.0
3.27,0.0,10.95,0.0,0.0
6.41,0.0,13.7,0.0,0.0
6.88,0.0,15.61,0.0,0.0
7.78,2.05,25.07,0.0,0.0
9.13,2.01,30.94,0.0,0.0
10.47,1.99,32.03,0.0,0.0
12.72,1.33,35.48,0.0,0.0
14.07,9.56,37.49,0.0,0.0
13.17,7.97,42.64,0.0,0.0
12.27,13.02,44.62,0.0,0.0
11.37,12.22,40.67,0.0,0.0
11.37,3.32,37.51,0.0,0.0
12.72,3.32,38.52,0.0,0.0
12.72,3.05,38.61,0.0,0.0
11.82,2.12,38.83,0.0,0.0
10.92,1.33,38.31,0.0,0.0
10.02,5.31,36.99,0.0,0.0
9.13,5.58,29.29,0.0,0.0
5.08,5.71,24.47,0.0,0.0
2.38,0.0,19.91,0.0,0.0
2.38,0.0,0.35,0.0,0.0
1.92,0.0,0.0,0.0,0.0
2.37,0.0,0.0,0.0,0.0
1.92,0.0,9.33,0.0,0.0
3.27,0.0,8.0,0.0,0.0
6.43,0.0,12.51,0.0,0.0
6.88,2.06,16.92,0.0,0.0
7.78,2.01,26.95,0.0,0.0
9.13,4.39,35.04,0.0,0.0
10.47,1.72,37.96,0.0,0.0
12.72,1.33,37.49,0.0,0.0
14.07,9.59,45.74,0.0,0.0
13.17,4.12,52.65,0.0,0.0
12.27,13.05,53.49,0.0,0.0
11.37,12.25,49.02,0.0,0.0
11.37,2.93,42.42,0.0,0.0
12.72,4.12,43.08,0.0,0.0
12.72,3.06,45.09,0.0,0.0
11.82,2.13,44.81,0.0,0.0
10.92,1.33,39.12,0.0,0.0
10.02,5.33,34.79,0.0,0.0
9.13,5.59,26.92,0.0,0.0
5.08,5.72,21.24,0.0,0.0
2.38,2.0,16.44,0.0,0.0
2.38,0.0,0.46,0.0,0.0
1.92,0.0,0.0,0.0,0.0
2.37,0.0,0.0,0.0,0.0
1.92,0.0,3.65,0.0,0.0
3.27,0.0,6.22,0.0,0.0
6.43,0.0,7.21,0.0,0.0
6.88,2.06,6.96,0.0,0.0
7.78,2.0,6.95,0.0,0.0
9.13,4.4,12.31,0.0,0.0
10.47,1.73,18.5,0.0,0.0
12.72,1.33,21.36,0.0,0.0
14.07,9.6,27.06,0.0,0.0
13.17,4.14,30.88,0.0,0.0
12.27,13.07,29.78,0.0,0.0
11.37,12.28,27.22,0.0,0.0
11.37,2.94,25.42,0.0,0.0
12.72,4.14,26.5,0.0,0.0
12.72,3.07,27.66,0.0,0.0
11.82,2.13,27.99,0.0,0.0
10.92,1.33,25.94,0.0,0.0
10.02,5.33,25.31,0.0,0.0
9.13,5.6,20.78,0.0,0.0
5.08,5.74,16.6,0.0,0.0
2.38,2.0,11.92,0.0,0.0
2.38,0.0,0.07,0.0,0.0
1.92,0.0,0.0,0.0,0.0
2.37,0.0,0.0,0.0,0.0
1.92,0.0,5.1,0.0,0.0
3.27,0.0,4.64,0.0,0.0
6.43,0.0,11.65,0.0,0.0
6.88,2.07,12.9,0.0,0.0
7.78,2.02,18.18,0.0,0.0
9.13,4.41,24.88,0.0,0.0
10.47,1.74,27.89,0.0,0.0
12.72,1.34,28.01,0.0,0.0
14.07,9.63,34.33,0.0,0.0
13.17,4.15,40.66,0.0,0.0
12.27,13.11,39.5,0.0,0.0
11.37,12.3,33.48,0.0,0.0
11.37,2.94,30.89,0.0,0.0
12.72,4.15,32.76,0.0,0.0
12.72,3.07,34.34,0.0,0.0
11.82,2.14,34.75,0.0,0.0
10.92,1.34,32.16,0.0,0.0
10.02,5.34,30.41,0.0,0.0
9.13,5.62,25.35,0.0,0.0
5.08,5.75,20.36,0.0,0.0
2.38,2.0,15.11,0.0,0.0
2.38,0.0,0.17,0.0,0.0
1.92,0.0,0.0,0.0,0.0
2.37,0.0,0.0,0.0,0.0
1.92,0.0,4.53,0.0,0.0
3.27,0.0,5.0,0.0,0.0
6.43,0.0,11.62,0.0,0.0
6.88,2.07,14.98,0.0,0.0
7.78,2.02,19.14,0.0,0.0
9.13,4.42,22.63,0.0,0.0
10.47,1.74,26.38,0.0,0.0
12.72,1.34,27.6,0.0,0.0
14.07,9.65,32.13,0.0,0.0
13.17,4.16,35.11,0.0,0.0
12.27,13.14,34.77,0.0,0.0
11.37,12.33,32.0,0.0,0.0
11.37,2.95,28.38,0.0,0.0
12.72,4.16,28.74,0.0,0.0
12.72,3.08,30.3,0.0,0.0
11.82,2.14,31.63,0.0,0.0
10.92,1.34,30.54,0.0,0.0
10.02,5.36,29.87,0.0,0.0
9.13,5.63,25.52,0.0,0.0
5.08,5.76,20.06,0.0,0.0
2.38,2.01,12.78,0.0,0.0
2.38,0.0,0.08,0.0,0.0
1.92,0.0,0.0,0.0,0.0
2.37,0.0,0.0,0.0,0.0
1.92,0.0,6.67,0.0,0.0
3.27,0.0,7.29,0.0,0.0
6.43,0.0,11.22,0.0,0.0
6.88,2.08,9.96,0.0,0.0
7.78,2.02,14.35,0.0,0.0
9.13,4.43,23.49,0.0,0.0
10.47,1.75,26.12,0.0,0.0
12.72,1.34,26.38,0.0,0.0
14.07,9.67,33.65,0.0,0.0
13.17,4.17,38.85,0.0,0.0
12.27,13.17,36.82,0.0,0.0
11.37,12.36,32.77,0.0,0.0
11.37,2.96,29.27,0.0,0.0
12.72,4.17,28.97,0.0,0.0
12.72,3.09,30.63,0.0,0.0
11.82,2.15,31.77,0.0,0.0
10.92,1.34,29.49,0.0,0.0
10.02,5.37,28.23,0.0,0.0
9.13,5.64,23.66,0.0,0.0
5.08,5.78,19.39,0.0,0.0
2.38,2.01,14.26,0.0,0.0
2.38,0.0,0.12,0.0,0.0
1.92,0.0,0.0,0.0,0.0
2.37,0.0,0.0,0.0,0.0
1.92,0.0,4.47,0.0,0.0
3.27,0.0,3.88,0.0,0.0
6.41,0.0,5.91,0.0,0.0
6.88,0.0,8.65,0.0,0.0
7.78,2.08,16.03,0.0,0.0
9.13,2.04,21.64,0.0,0.0
10.47,2.02,26.56,0.0,0.0
12.72,1.35,30.14,0.0,0.0
14.07,9.69,38.36,0.0,0.0
13.17,8.08,41.53,0.0,0.0
12.27,13.2,41.45,0.0,0.0
11.37,12.39,39.27,0.0,0.0
11.37,3.37,37.49,0.0,0.0
12.72,3.36,35.74,0.0,0.0
12.72,3.1,33.86,0.0,0.0
11.82,2.16,38.9,0.0,0.0
10.92,1.34,41.06,0.0,0.0
10.02,5.39,36.42,0.0,0.0
9.13,5.66,34.33,0.0,0.0
5.08,5.79,31.62,0.0,0.0
2.38,0.0,25.5,0.0,0.0
2.38,0.0,0.71,0.0,0.0
1.92,0.0,0.08,0.0,0.0
2.37,0.0,0.07,0.0,0.0
1.92,0.0,13.32,0.0,0.0
3.27,0.0,11.91,0.0,0.0
6.41,0.0,15.59,0.0,0.0
6.88,0.0,17.44,0.0,0.0
7.78,2.09,23.98,0.0,0.0
9.13,2.03,27.27,0.0,0.0
10.47,2.03,27.89,0.0,0.0
12.72,1.35,30.59,0.0,0.0
14.07,9.71,32.58,0.0,0.0
13.17,8.11,36.02,0.0,0.0
12.27,13.23,36.0,0.0,0.0
11.37,12.42,33.07,0.0,0.0
11.37,3.37,33.43,0.0,0.0
12.72,3.38,36.65,0.0,0.0
12.72,3.1,36.25,0.0,0.0
11.82,2.16,37.02,0.0,0.0
10.92,1.35,38.01,0.0,0.0
10.02,5.4,38.57,0.0,0.0
9.13,5.67,33.19,0.0,0.0
5.08,5.81,28.51,0.0,0.0
2.38,0.0,23.06,0.0,0.0
2.38,0.0,0.27,0.0,0.0
1.92,0.0,0.0,0.0,0.0
2.37,0.0,0.02,0.0,0.0
1.92,0.0,12.06,0.0,0.0
3.27,0.0,9.51,0.0,0.0
6.43,0.0,18.87,0.0,0.0
6.88,2.09,20.59,0.0,0.0
7.78,2.05,26.12,0.0,0.0
9.13,4.46,30.43,0.0,0.0
10.47,1.76,33.11,0.0,0.0
12.72,1.35,32.05,0.0,0.0
14.07,9.75,38.01,0.0,0.0
13.17,4.2,43.63,0.0,0.0
12.27,13.26,44.83,0.0,0.0
11.37,12.45,41.72,0.0,0.0
11.37,2.98,38.27,0.0,0.0
12.72,4.2,39.4,0.0,0.0
12.72,3.11,42.16,0.0,0.0
11.82,2.16,43.6,0.0,0.0
10.92,1.35,40.26,0.0,0.0
10.02,5.41,38.8,0.0,0.0
9.13,5.68,32.63,0.0,0.0
5.08,5.82,27.65,0.0,0.0
2.38,2.03,22.69,0.0,0.0
2.38,0.0,0.6,0.0,0.0
1.92,0.0,0.07,0.0,0.0
2.37,0.0,0.0,0.0,0.0
1.92,0.0,11.27,0.0,0.0
3.27,0.0,12.77,0.0,0.0
6.43,0.0,20.84,0.0,0.0
6.88,2.09,21.06,0.0,0.0
7.78,2.03,26.79,0.0,0.0
9.13,4.48,34.61,0.0,0.0
10.47,1.76,38.06,0.0,0.0
12.72,1.35,39.08,0.0,0.0
14.07,9.76,48.88,0.0,0.0
13.17,4.2,56.03,0.0,0.0
12.27,13.3,53.01,0.0,0.0
11.37,12.49,46.11,0.0,0.0
11.37,2.98,41.6,0.0,0.0
12.72,4.21,42.27,0.0,0.0
12.72,3.12,45.5,0.0,0.0
11.82,2.17,48.75,0.0,0.0
10.92,1.35,46.07,0.0,0.0
10.02,5.43,43.4,0.0,0.0
9.13,5.7,36.18,0.0,0.0
5.08,5.83,31.0,0.0,0.0
2.38,2.04,24.85,0.0,0.0
2.38,0.0,0.85,0.0,0.0
1.92,0.0,0.0,0.0,0.0
2.37,0.0,0.0,0.0,0.0
1.92,0.0,11.44,0.0,0.0
3.27,0.0,9.34,0.0,0.0
6.43,0.0,15.2,0.0,0.0
6.88,2.1,16.97,0.0,0.0
7.78,2.04,24.83,0.0,0.0
9.13,4.49,32.31,0.0,0.0
10.47,1.76,34.99,0.0,0.0
12.72,1.36,33.3,0.0,0.0
14.07,9.8,37.33,0.0,0.0
13.17,4.21,43.03,0.0,0.0
12.27,13.33,46.26,0.0,0.0
11.37,12.51,43.15,0.0,0.0
11.37,2.99,37.49,0.0,0.0
12.72,4.22,38.65,0.0,0.0
12.72,3.13,43.64,0.0,0.0
11.82,2.18,48.44,0.0,0.0
10.92,1.36,47.5,0.0,0.0
10.02,5.44,47.21,0.0,0.0
9.13,5.71,40.67,0.0,0.0
5.08,5.84,33.67,0.0,0.0
2.38,2.04,26.42,0.0,0.0
2.38,0.0,0.42,0.0,0.0
1.92,0.0,0.0,0.0,0.0
2.37,0.0,0.0,0.0,0.0
1.92,0.0,6.84,0.0,0.0
3.27,0.0,5.61,0.0,0.0
6.43,0.0,17.35,0.0,0.0
6.88,2.1,20.67,0.0,0.0
7.78,2.04,30.48,0.0,0.0
9.13,4.5,40.0,0.0,0.0
10.47,1.77,45.71,0.0,0.0
12.72,1.37,44.4,0.0,0.0
14.07,9.82,55.02,0.0,0.0
13.17,4.23,63.61,0.0,0.0
12.27,13.36,60.14,0.0,0.0
11.37,12.54,50.72,0.0,0.0
11.37,3.0,44.31,0.0,0.0
12.72,4.23,46.57,0.0,0.0
12.72,3.14,51.42,0.0,0.0
11.82,2.18,55.98,0.0,0.0
10.92,1.36,53.9,0.0,0.0
10.02,5.45,52.64,0.0,0.0
9.13,5.72,45.1,0.0,0.0
5.08,5.86,38.73,0.0,0.0
2.38,2.04,32.19,0.0,0.0
2.38,0.0,1.06,0.0,0.0
1.92,0.0,0.0,0.0,0.0
2.37,0.0,0.0,0.0,0.0
1.92,0.0,12.03,0.0,0.0
3.27,0.0,15.02,0.0,0.0
6.43,0.0,17.0,0.0,0.0
6.88,2.1,7.77,0.0,0.0
7.78,2.05,5.78,0.0,0.0
9.13,4.51,8.69,0.0,0.0
10.47,1.77,12.66,0.0,0.0
12.72,1.37,21.56,0.0,0.0
14.07,9.84,29.14,0.0,0.0
13.17,4.24,35.49,0.0,0.0
12.27,13.39,34.41,0.0,0.0
11.37,12.58,30.54,0.0,0.0
11.37,3.01,27.41,0.0,0.0
12.72,4.24,27.23,0.0,0.0
12.72,3.14,28.4,0.0,0.0
11.82,2.19,29.75,0.0,0.0
10.92,1.36,27.67,0.0,0.0
10.02,5.47,25.88,0.0,0.0
9.13,5.74,21.36,0.0,0.0
5.08,5.87,15.85,0.0,0.0
2.38,2.05,10.78,0.0,0.0
2.38,0.0,0.0,0.0,0.0
1.92,0.0,0.0,0.0,0.0
2.37,0.0,0.0,0.0,0.0
1.92,0.0,1.13,0.0,0.0
3.27,0.0,0.53,0.0,0.0
6.41,0.0,0.84,0.0,0.0
6.88,0.0,0.0,0.0,0.0
7.78,2.11,0.38,0.0,0.0
9.13,2.05,1.1,0.0,0.0
10.47,2.05,2.61,0.0,0.0
12.72,1.37,4.14,0.0,0.0
14.07,9.87,4.85,0.0,0.0
13.17,8.22,5.25,0.0,0.0
12.27,13.44,6.3,0.0,0.0
11.37,12.61,7.27,0.0,0.0
11.37,3.42,8.16,0.0,0.0
12.72,3.43,8.66,0.0,0.0
12.72,3.15,7.19,0.0,0.0
11.82,2.19,5.13,0.0,0.0
10.92,1.37,4.26,0.0,0.0
10.02,5.48,3.73,0.0,0.0
9.13,5.76,3.61,0.0,0.0
5.08,5.89,1.51,0.0,0.0
2.38,0.0,0.51,0.0,0.0
2.38,0.0,0.0,0.0,0.0
1.92,0.0,0.0,0.0,0.0
2.37,0.0,0.0,0.0,0.0
1.92,0.0,0.07,0.0,0.0
3.27,0.0,0.0,0.0,0.0
6.41,0.0,0.07,0.0,0.0
6.88,0.0,0.0,0.0,0.0
7.78,2.12,0.0,0.0,0.0
9.13,2.08,1.15,0.0,0.0
10.47,2.06,3.45,0.0,0.0
12.72,1.37,7.55,0.0,0.0
14.07,9.88,12.68,0.0,0.0
13.17,8.25,16.91,0.0,0.0
12.27,13.46,18.43,0.0,0.0
11.37,12.64,18.23,0.0,0.0
11.37,3.44,17.63,0.0,0.0
12.72,3.44,18.15,0.0,0.0
12.72,3.16,17.61,0.0,0.0
11.82,2.2,13.9,0.0,0.0
10.92,1.37,10.51,0.0,0.0
10.02,5.49,8.7,0.0,0.0
9.13,5.77,7.68,0.0,0.0
5.08,5.9,5.14,0.0,0.0
2.38,0.0,2.73,0.0,0.0
2.38,0.0,0.0,0.0,0.0
1.92,0.0,0.0,0.0,0.0
2.37,0.0,0.0,0.0,0.0
1.92,0.0,0.95,0.0,0.0
3.27,0.0,0.45,0.0,0.0
6.43,0.0,1.41,0.0,0.0
6.88,2.12,2.61,0.0,0.0
7.78,2.06,4.3,0.0,0.0
9.13,4.55,14.68,0.0,0.0
10.47,1.78,24.15,0.0,0.0
12.72,1.38,26.91,0.0,0.0
14.07,9.92,33.09,0.0,0.0
13.17,4.27,39.18,0.0,0.0
12.27,13.5,39.4,0.0,0.0
11.37,12.67,33.39,0.0,0.0
11.37,3.03,28.74,0.0,0.0
12.72,4.27,29.27,0.0,0.0
12.72,3.17,31.46,0.0,0.0
11.82,2.2,33.62,0.0,0.0
10.92,1.37,32.05,0.0,0.0
10.02,5.51,30.62,0.0,0.0
9.13,5.78,25.54,0.0,0.0
5.08,5.92,19.93,0.0,0.0
2.38,2.06,14.26,0.0,0.0
2.38,0.0,0.05,0.0,0.0
1.92,0.0,0.0,0.0,0.0
2.37,0.0,0.0,0.0,0.0
1.92,0.0,2.15,0.0,0.0
3.27,0.0,5.89,0.0,0.0
6.43,0.0,9.22,0.0,0.0
6.88,2.11,7.59,0.0,0.0
7.78,2.07,8.7,0.0,0.0
9.13,4.55,23.02,0.0,0.0
10.47,1.8,29.57,0.0,0.0
12.72,1.38,31.99,0.0,0.0
14.07,9.94,41.36,0.0,0.0
13.17,4.28,50.23,0.0,0.0
12.27,13.53,48.05,0.0,0.0
11.37,12.71,41.16,0.0,0.0
11.37,3.03,35.68,0.0,0.0
12.72,4.28,36.34,0.0,0.0
12.72,3.18,38.8,0.0,0.0
11.82,2.21,40.5,0.0,0.0
10.92,1.38,37.61,0.0,0.0
10.02,5.52,35.48,0.0,0.0
9.13,5.8,29.35,0.0,0.0
5.08,5.94,22.72,0.0,0.0
2.38,2.07,15.98,0.0,0.0
2.38,0.0,0.06,0.0,0.0
1.92,0.0,0.0,0.0,0.0
2.37,0.0,0.0,0.0,0.0
1.92,0.0,2.18,0.0,0.0
3.27,0.0,1.68,0.0,0.0
6.43,0.0,3.31,0.0,0.0
6.88,2.14,4.1,0.0,0.0
7.78,2.07,10.2,0.0,0.0
9.13,4.57,26.39,0.0,0.0
10.47,1.8,32.21,0.0,0.0
12.72,1.38,32.25,0.0,0.0
14.07,9.97,40.78,0.0,0.0
13.17,4.29,47.68,0.0,0.0
12.27,13.57,47.31,0.0,0.0
11.37,12.73,42.47,0.0,0.0
11.37,3.04,36.19,0.0,0.0
12.72,4.29,36.01,0.0,0.0
12.72,3.18,37.97,0.0,0.0
11.82,2.21,38.11,0.0,0.0
10.92,1.38,35.92,0.0,0.0
10.02,5.53,36.56,0.0,0.0
9.13,5.81,32.35,0.0,0.0
5.08,5.96,26.03,0.0,0.0
2.38,2.07,19.15,0.0,0.0
2.38,0.0,0.2,0.0,0.0
1.92,0.0,0.0,0.0,0.0
2.37,0.0,0.0,0.0,0.0
1.92,0.0,3.54,0.0,0.0
3.27,0.0,3.16,0.0,0.0
6.43,0.0,5.95,0.0,0.0
6.88,2.14,9.52,0.0,0.0
7.78,2.08,20.42,0.0,0.0
9.13,4.58,30.69,0.0,0.0
10.47,1.8,37.06,0.0,0.0
12.72,1.38,36.76,0.0,0.0
14.07,10.0,45.13,0.0,0.0
13.17,4.3,52.35,0.0,0.0
12.27,13.6,49.28,0.0,0.0
11.37,12.77,43.05,0.0,0.0
11.37,3.05,38.33,0.0,0.0
12.72,4.3,39.25,0.0,0.0
12.72,3.19,42.74,0.0,0.0
11.82,2.22,45.65,0.0,0.0
10.92,1.38,44.45,0.0,0.0
10.02,5.55,41.33,0.0,0.0
9.13,5.83,35.44,0.0,0.0
5.08,5.97,29.36,0.0,0.0
2.38,2.08,21.51,0.0,0.0
2.38,0.0,0.25,0.0,0.0
1.92,0.0,0.0,0.0,0.0
2.37,0.0,0.0,0.0,0.0
1.92,0.0,4.43,0.0,0.0
3.27,0.0,4.2,0.0,0.0
6.41,0.0,11.16,0.0,0.0
6.88,0.0,11.74,0.0,0.0
7.78,2.15,21.85,0.0,0.0
9.13,2.1,32.89,0.0,0.0
10.47,2.09,34.01,0.0,0.0
12.72,1.39,36.97,0.0,0.0
14.07,10.02,39.62,0.0,0.0
13.17,8.35,42.11,0.0,0.0
12.27,13.64,44.06,0.0,0.0
11.37,12.81,42.65,0.0,0.0
11.37,3.48,39.63,0.0,0.0
12.72,3.48,38.53,0.0,0.0
12.72,3.2,38.43,0.0,0.0
11.82,2.23,38.57,0.0,0.0
10.92,1.39,38.11,0.0,0.0
10.02,5.56,38.79,0.0,0.0
9.13,5.84,32.68,0.0,0.0
5.08,5.98,25.27,0.0,0.0
2.38,0.0,18.62,0.0,0.0
2.38,0.0,0.14,0.0,0.0
1.92,0.0,0.0,0.0,0.0
2.37,0.0,0.0,0.0,0.0
1.92,0.0,4.0,0.0,0.0
3.27,0.0,3.74,0.0,0.0
6.41,0.0,7.45,0.0,0.0
6.88,0.0,9.06,0.0,0.0
7.78,2.15,21.41,0.0,0.0
9.13,2.12,31.56,0.0,0.0
10.47,2.09,36.8,0.0,0.0
12.72,1.4,36.53,0.0,0.0
14.07,10.04,44.12,0.0,0.0
13.17,8.38,45.62,0.0,0.0
12.27,13.67,44.65,0.0,0.0
11.37,12.83,40.59,0.0,0.0
11.37,3.49,36.82,0.0,0.0
12.72,3.49,36.54,0.0,0.0
12.72,3.21,33.48,0.0,0.0
11.82,2.23,36.81,0.0,0.0
10.92,1.39,38.46,0.0,0.0
10.02,5.58,33.93,0.0,0.0
9.13,5.86,31.09,0.0,0.0
5.08,6.0,25.62,0.0,0.0
2.38,0.0,17.01,0.0,0.0
2.38,0.0,0.12,0.0,0.0
1.92,0.0,0.0,0.0,0.0
2.37,0.0,0.0,0.0,0.0
1.92,0.0,3.63,0.0,0.0
3.27,0.0,3.66,0.0,0.0
6.41,0.0,7.53,0.0,0.0
6.88,0.0,9.15,0.0,0.0
7.78,2.16,21.47,0.0,0.0
9.13,2.12,30.62,0.0,0.0
10.47,2.1,30.77,0.0,0.0
12.72,1.4,34.48,0.0,0.0
14.07,10.06,36.77,0.0,0.0
13.17,8.4,39.5,0.0,0.0
12.27,13.7,41.87,0.0,0.0
11.37,12.87,38.55,0.0,0.0
11.37,3.5,34.25,0.0,0.0
12.72,3.5,33.19,0.0,0.0
12.72,3.22,31.12,0.0,0.0
11.82,2.24,31.93,0.0,0.0
10.92,1.39,34.52,0.0,0.0
10.02,5.59,35.94,0.0,0.0
9.13,5.87,30.24,0.0,0.0
5.08,6.01,22.64,0.0,0.0
2.38,0.0,18.16,0.0,0.0
2.38,0.0,0.15,0.0,0.0
1.92,0.0,0.0,0.0,0.0
2.37,0.0,0.0,0.0,0.0
1.92,0.0,4.32,0.0,0.0
3.27,0.0,4.45,0.0,0.0
6.43,0.0,12.88,0.0,0.0
6.88,2.16,16.02,0.0,0.0
7.78,2.12,24.7,0.0,0.0
9.13,4.62,33.58,0.0,0.0
10.47,1.83,39.62,0.0,0.0
12.72,1.4,39.71,0.0,0.0
14.07,10.09,50.0,0.0,0.0
13.17,4.35,60.07,0.0,0.0
12.27,13.75,56.42,0.0,0.0
11.37,12.9,45.35,0.0,0.0
11.37,3.09,40.42,0.0,0.0
12.72,4.35,42.26,0.0,0.0
12.72,3.22,32.99,0.0,0.0
11.82,2.24,26.95,0.0,0.0
10.92,1.4,27.07,0.0,0.0
10.02,5.61,25.86,0.0,0.0
9.13,5.88,21.29,0.0,0.0
5.08,6.03,9.44,0.0,0.0
2.38,2.1,4.47,0.0,0.0
2.38,0.0,0.0,0.0,0.0
1.92,0.0,0.0,0.0,0.0
2.37,0.0,0.0,0.0,0.0
1.92,0.0,0.44,0.0,0.0
3.27,0.0,0.73,0.0,0.0
6.43,0.0,1.1,0.0,0.0
6.88,2.17,0.0,0.0,0.0
7.78,2.11,0.0,0.0,0.0
9.13,4.64,1.32,0.0,0.0
10.47,1.82,2.89,0.0,0.0
12.72,1.41,5.16,0.0,0.0
14.07,10.13,7.77,0.0,0.0
13.17,4.36,12.53,0.0,0.0
12.27,13.77,14.01,0.0,0.0
11.37,12.94,13.77,0.0,0.0
11.37,3.09,13.15,0.0,0.0
12.72,4.36,12.54,0.0,0.0
12.72,3.23,9.24,0.0,0.0
11.82,2.25,5.51,0.0,0.0
10.92,1.41,4.77,0.0,0.0
10.02,5.62,4.26,0.0,0.0
9.13,5.91,3.83,0.0,0.0
5.08,6.04,1.28,0.0,0.0
2.38,2.11,0.88,0.0,0.0
2.38,0.0,0.0,0.0,0.0
1.92,0.0,0.0,0.0,0.0
2.37,0.0,0.0,0.0,0.0
1.92,0.0,0.06,0.0,0.0
3.27,0.0,0.0,0.0,0.0
6.43,0.0,0.02,0.0,0.0
6.88,2.16,0.0,0.0,0.0
7.78,2.11,0.0,0.0,0.0
9.13,4.65,0.54,0.0,0.0
10.47,1.84,2.59,0.0,0.0
12.72,1.41,6.39,0.0,0.0
14.07,10.14,12.16,0.0,0.0
13.17,4.37,16.19,0.0,0.0
12.27,13.82,18.04,0.0,0.0
11.37,12.97,17.05,0.0,0.0
11.37,3.1,15.56,0.0,0.0
12.72,4.37,15.72,0.0,0.0
12.72,3.24,12.59,0.0,0.0
11.82,2.25,6.25,0.0,0.0
10.92,1.41,4.79,0.0,0.0
10.02,5.64,4.78,0.0,0.0
9.13,5.92,4.28,0.0,0.0
5.08,6.07,1.81,0.0,0.0
2.38,2.11,0.65,0.0,0.0
2.38,0.0,0.0,0.0,0.0
1.92,0.0,0.0,0.0,0.0
2.37,0.0,0.0,0.0,0.0
1.92,0.0,0.12,0.0,0.0
3.27,0.0,0.0,0.0,0.0
6.43,0.0,0.03,0.0,0.0
6.88,2.18,0.0,0.0,0.0
7.78,2.12,0.0,0.0,0.0
9.13,4.67,3.1,0.0,0.0
10.47,1.83,9.59,0.0,0.0
12.72,1.42,14.72,0.0,0.0
14.07,10.18,19.9,0.0,0.0
13.17,4.38,25.46,0.0,0.0
12.27,13.85,26.14,0.0,0.0
11.37,13.01,23.73,0.0,0.0
11.37,3.11,22.1,0.0,0.0
12.72,4.38,21.91,0.0,0.0
12.72,3.25,21.82,0.0,0.0
11.82,2.26,20.65,0.0,0.0
10.92,1.42,16.17,0.0,0.0
10.02,5.65,12.42,0.0,0.0
9.13,5.94,7.86,0.0,0.0
5.08,6.07,5.93,0.0,0.0
2.38,2.12,3.15,0.0,0.0
2.38,0.0,0.0,0.0,0.0
1.92,0.0,0.0,0.0,0.0
2.37,0.0,0.0,0.0,0.0
1.92,0.0,0.68,0.0,0.0
3.27,0.0,2.14,0.0,0.0
6.43,0.0,3.58,0.0,0.0
6.88,2.17,1.54,0.0,0.0
7.78,2.12,0.81,0.0,0.0
9.13,4.67,6.84,0.0,0.0
10.47,1.85,16.33,0.0,0.0
12.72,1.41,19.18,0.0,0.0
14.07,10.2,24.11,0.0,0.0
13.17,4.39,29.09,0.0,0.0
12.27,13.89,29.95,0.0,0.0
11.37,13.04,27.58,0.0,0.0
11.37,3.12,24.28,0.0,0.0
12.72,4.39,24.81,0.0,0.0
12.72,3.26,26.18,0.0,0.0
11.82,2.26,25.83,0.0,0.0
10.92,1.42,21.51,0.0,0.0
10.02,5.67,15.67,0.0,0.0
9.13,5.95,9.67,0.0,0.0
5.08,6.09,6.79,0.0,0.0
2.38,2.12,4.68,0.0,0.0
2.38,0.0,0.0,0.0,0.0
1.92,0.0,0.0,0.0,0.0
2.37,0.0,0.0,0.0,0.0
1.92,0.0,0.88,0.0,0.0
3.27,0.0,0.3,0.0,0.0
6.41,0.0,0.84,0.0,0.0
6.88,0.0,0.73,0.0,0.0
7.78,2.19,1.97,0.0,0.0
9.13,2.13,6.04,0.0,0.0
10.47,2.13,16.04,0.0,0.0
12.72,1.42,21.39,0.0,0.0
14.07,10.22,27.02,0.0,0.0
13.17,8.53,28.99,0.0,0.0
12.27,13.92,30.52,0.0,0.0
11.37,13.07,29.02,0.0,0.0
11.37,3.55,26.86,0.0,0.0
12.72,3.55,25.93,0.0,0.0
12.72,3.27,24.39,0.0,0.0
11.82,2.27,26.19,0.0,0.0
10.92,1.42,24.53,0.0,0.0
10.02,5.68,19.26,0.0,0.0
9.13,5.97,18.32,0.0,0.0
5.08,6.11,18.75,0.0,0.0
2.38,0.0,13.69,0.0,0.0
2.38,0.0,0.0,0.0,0.0
1.92,0.0,0.0,0.0,0.0
2.37,0.0,0.0,0.0,0.0
1.92,0.0,1.01,0.0,0.0
3.27,0.0,0.39,0.0,0.0
6.41,0.0,0.81,0.0,0.0
6.88,0.0,0.22,0.0,0.0
7.78,2.2,0.68,0.0,0.0
9.13,2.14,1.94,0.0,0.0
10.47,2.14,3.7,0.0,0.0
12.72,1.43,5.97,0.0,0.0
14.07,10.26,10.06,0.0,0.0
13.17,8.55,15.24,0.0,0.0
12.27,13.96,18.34,0.0,0.0
11.37,13.1,18.15,0.0,0.0
11.37,3.56,17.11,0.0,0.0
12.72,3.56,16.38,0.0,0.0
12.72,3.27,13.6,0.0,0.0
11.82,2.28,10.42,0.0,0.0
10.92,1.42,7.87,0.0,0.0
10.02,5.7,7.21,0.0,0.0
9.13,5.99,6.65,0.0,0.0
5.08,6.12,3.28,0.0,0.0
2.38,0.0,1.01,0.0,0.0
2.38,0.0,0.0,0.0,0.0
1.92,0.0,0.0,0.0,0.0
2.37,0.0,0.0,0.0,0.0
1.92,0.0,0.14,0.0,0.0
3.27,0.0,0.0,0.0,0.0
6.43,0.0,0.09,0.0,0.0
6.88,2.2,0.0,0.0,0.0
7.78,2.14,0.0,0.0,0.0
9.13,4.71,3.52,0.0,0.0
10.47,1.86,6.04,0.0,0.0
12.72,1.43,10.39,0.0,0.0
14.07,10.27,17.05,0.0,0.0
13.17,4.43,22.13,0.0,0.0
12.27,14.0,23.84,0.0,0.0
11.37,13.14,21.78,0.0,0.0
11.37,3.14,18.16,0.0,0.0
12.72,4.43,17.06,0.0,0.0
12.72,3.28,14.78,0.0,0.0
11.82,2.28,9.55,0.0,0.0
10.92,1.43,6.89,0.0,0.0
10.02,5.71,6.83,0.0,0.0
9.13,6.0,6.61,0.0,0.0
5.08,6.13,4.29,0.0,0.0
2.38,2.14,2.32,0.0,0.0
2.38,0.0,0.0,0.0,0.0
1.92,0.0,0.0,0.0,0.0
2.37,0.0,0.0,0.0,0.0
1.92,0.0,0.22,0.0,0.0
3.27,0.0,0.66,0.0,0.0
6.43,0.0,0.89,0.0,0.0
6.88,2.19,0.0,0.0,0.0
7.78,2.15,0.61,0.0,0.0
9.13,4.72,4.27,0.0,0.0
10.47,1.87,6.99,0.0,0.0
12.72,1.43,11.34,0.0,0.0
14.07,10.31,16.11,0.0,0.0
13.17,4.44,21.21,0.0,0.0
12.27,14.03,22.1,0.0,0.0
11.37,13.17,20.39,0.0,0.0
11.37,3.15,18.88,0.0,0.0
12.72,4.44,19.5,0.0,0.0
12.72,3.29,20.67,0.0,0.0
11.82,2.29,19.39,0.0,0.0
10.92,1.43,14.23,0.0,0.0
10.02,5.73,10.24,0.0,0.0
9.13,6.01,7.22,0.0,0.0
5.08,6.15,4.82,0.0,0.0
2.38,2.15,2.32,0.0,0.0
2.38,0.0,0.0,0.0,0.0
1.92,0.0,0.0,0.0,0.0
2.37,0.0,0.0,0.0,0.0
1.92,0.0,0.93,0.0,0.0
3.27,0.0,0.29,0.0,0.0
6.43,0.0,0.73,0.0,0.0
6.88,2.21,1.69,0.0,0.0
7.78,2.15,2.44,0.0,0.0
9.13,4.74,4.92,0.0,0.0
10.47,1.86,8.11,0.0,0.0
12.72,1.44,13.23,0.0,0.0
14.07,10.34,18.55,0.0,0.0
13.17,4.45,23.33,0.0,0.0
12.27,14.07,23.72,0.0,0.0
11.37,13.22,21.59,0.0,0.0
11.37,3.16,19.73,0.0,0.0
12.72,4.45,19.57,0.0,0.0
12.72,3.3,19.08,0.0,0.0
11.82,2.3,13.67,0.0,0.0
10.92,1.43,8.36,0.0,0.0
10.02,5.74,6.96,0.0,0.0
9.13,6.02,7.08,0.0,0.0
5.08,6.18,5.73,0.0,0.0
2.38,2.15,3.89,0.0,0.0
2.38,0.0,0.0,0.0,0.0
1.92,0.0,0.0,0.0,0.0
2.37,0.0,0.0,0.0,0.0
1.92,0.0,0.49,0.0,0.0
3.27,0.0,0.15,0.0,0.0
6.43,0.0,0.16,0.0,0.0
6.88,2.22,0.0,0.0,0.0
7.78,2.16,0.0,0.0,0.0
9.13,4.75,1.88,0.0,0.0
10.47,1.87,3.18,0.0,0.0
12.72,1.44,5.38,0.0,0.0
14.07,10.35,7.11,0.0,0.0
13.17,4.46,10.09,0.0,0.0
12.27,14.11,11.04,0.0,0.0
11.37,13.24,10.83,0.0,0.0
11.37,3.17,10.82,0.0,0.0
12.72,4.46,9.27,0.0,0.0
12.72,3.31,7.41,0.0,0.0
11.82,2.3,5.93,0.0,0.0
10.92,1.44,5.5,0.0,0.0
10.02,5.76,5.29,0.0,0.0
9.13,6.04,5.04,0.0,0.0
5.08,6.18,2.58,0.0,0.0
2.38,2.16,1.35,0.0,0.0
2.38,0.0,0.0,0.0,0.0
1.92,0.0,0.0,0.0,0.0
2.37,0.0,0.0,0.0,0.0
1.92,0.0,0.24,0.0,0.0
3.27,0.0,0.43,0.0,0.0
6.43,0.0,0.85,0.0,0.0
6.88,2.23,0.0,0.0,0.0
7.78,2.16,0.0,0.0,0.0
9.13,4.77,1.76,0.0,0.0
10.47,1.87,3.39,0.0,0.0
12.72,1.45,5.17,0.0,0.0
14.07,10.39,6.64,0.0,0.0
13.17,4.47,9.44,0.0,0.0
12.27,14.15,12.18,0.0,0.0
11.37,13.28,13.97,0.0,0.0
11.37,3.17,14.39,0.0,0.0
12.72,4.47,13.81,0.0,0.0
12.72,3.32,10.99,0.0,0.0
11.82,2.31,6.85,0.0,0.0
10.92,1.45,5.86,0.0,0.0
10.02,5.77,5.79,0.0,0.0
9.13,6.06,5.63,0.0,0.0
5.08,6.2,3.25,0.0,0.0
2.38,2.16,1.67,0.0,0.0
2.38,0.0,0.0,0.0,0.0
1.92,0.0,0.0,0.0,0.0
2.37,0.0,0.0,0.0,0.0
1.92,0.0,0.28,0.0,0.0
3.27,0.0,0.0,0.0,0.0
6.41,0.0,0.16,0.0,0.0
6.88,0.0,0.0,0.0,0.0
7.78,2.23,0.0,0.0,0.0
9.13,2.18,1.39,0.0,0.0
10.47,2.17,4.32,0.0,0.0
12.72,1.44,6.12,0.0,0.0
14.07,10.43,10.92,0.0,0.0
13.17,8.68,14.81,0.0,0.0
12.27,14.18,17.31,0.0,0.0
11.37,13.31,18.44,0.0,0.0
11.37,3.62,19.6,0.0,0.0
12.72,3.61,20.48,0.0,0.0
12.72,3.33,18.54,0.0,0.0
11.82,2.31,16.43,0.0,0.0
10.92,1.45,12.1,0.0,0.0
10.02,5.79,7.3,0.0,0.0
9.13,6.08,6.58,0.0,0.0
5.08,6.22,4.11,0.0,0.0
2.38,0.0,2.16,0.0,0.0
2.38,0.0,0.0,0.0,0.0
1.92,0.0,0.0,0.0,0.0
2.37,0.0,0.0,0.0,0.0
1.92,0.0,0.38,0.0,0.0
3.27,0.0,0.15,0.0,0.0
6.41,0.0,0.2,0.0,0.0
6.88,0.0,0.0,0.0,0.0
7.78,2.24,0.0,0.0,0.0
9.13,2.2,3.05,0.0,0.0
10.47,2.18,8.54,0.0,0.0
12.72,1.45,16.81,0.0,0.0
14.07,10.44,20.98,0.0,0.0
13.17,8.7,24.53,0.0,0.0
12.27,14.23,26.24,0.0,0.0
11.37,13.35,25.68,0.0,0.0
11.37,3.62,25.12,0.0,0.0
12.72,3.63,25.73,0.0,0.0
12.72,3.34,24.9,0.0,0.0
11.82,2.32,22.91,0.0,0.0
10.92,1.45,20.82,0.0,0.0
10.02,5.8,16.2,0.0,0.0
9.13,6.1,10.09,0.0,0.0
5.08,6.23,6.82,0.0,0.0
2.38,0.0,3.7,0.0,0.0
2.38,0.0,0.0,0.0,0.0
1.92,0.0,0.0,0.0,0.0
2.37,0.0,0.0,0.0,0.0
1.92,0.0,0.79,0.0,0.0
3.27,0.0,0.26,0.0,0.0
6.43,0.0,0.28,0.0,0.0
6.88,2.24,0.09,0.0,0.0
7.78,2.19,0.72,0.0,0.0
9.13,4.8,5.2,0.0,0.0
10.47,1.89,13.53,0.0,0.0
12.72,1.45,19.59,0.0,0.0
14.07,10.48,25.52,0.0,0.0
13.17,4.51,31.59,0.0,0.0
12.27,14.25,31.07,0.0,0.0
11.37,13.39,28.05,0.0,0.0
11.37,3.2,24.91,0.0,0.0
12.72,4.51,25.08,0.0,0.0
12.72,3.34,25.31,0.0,0.0
11.82,2.33,23.36,0.0,0.0
10.92,1.45,19.57,0.0,0.0
10.02,5.81,17.97,0.0,0.0
9.13,6.11,12.22,0.0,0.0
5.08,6.25,7.98,0.0,0.0
2.38,2.18,5.57,0.0,0.0
2.38,0.0,0.0,0.0,0.0
1.92,0.0,0.0,0.0,0.0
2.37,0.0,0.0,0.0,0.0
1.92,0.0,1.64,0.0,0.0
3.27,0.0,4.28,0.0,0.0
6.43,0.0,6.79,0.0,0.0
6.88,2.23,5.94,0.0,0.0
7.78,2.19,5.0,0.0,0.0
9.13,4.81,11.4,0.0,0.0
10.47,1.9,20.78,0.0,0.0
12.72,1.45,25.67,0.0,0.0
14.07,10.51,34.0,0.0,0.0
13.17,4.52,38.58,0.0,0.0
12.27,14.29,35.9,0.0,0.0
11.37,13.43,31.72,0.0,0.0
11.37,3.21,29.19,0.0,0.0
12.72,4.52,29.96,0.0,0.0
12.72,3.35,31.53,0.0,0.0
11.82,2.33,32.56,0.0,0.0
10.92,1.45,31.07,0.0,0.0
10.02,5.83,30.45,0.0,0.0
9.13,6.13,25.01,0.0,0.0
5.08,6.27,18.28,0.0,0.0
2.38,2.18,11.93,0.0,0.0
2.38,0.0,0.0,0.0,0.0
1.92,0.0,0.0,0.0,0.0
2.37,0.0,0.0,0.0,0.0
1.92,0.0,1.27,0.0,0.0
3.27,0.0,0.73,0.0,0.0
6.43,0.0,1.1,0.0,0.0
6.88,2.24,2.12,0.0,0.0
7.78,2.19,3.69,0.0,0.0
9.13,4.82,10.34,0.0,0.0
10.47,1.9,22.54,0.0,0.0
12.72,1.46,25.63,0.0,0.0
14.07,10.53,31.52,0.0,0.0
13.17,4.53,37.46,0.0,0.0
12.27,14.33,37.07,0.0,0.0
11.37,13.46,31.93,0.0,0.0
11.37,3.22,26.48,0.0,0.0
12.72,4.53,26.07,0.0,0.0
12.72,3.36,28.45,0.0,0.0
11.82,2.34,29.63,0.0,0.0
10.92,1.46,27.62,0.0,0.0
10.02,5.85,26.64,0.0,0.0
9.13,6.14,20.31,0.0,0.0
5.08,6.28,11.81,0.0,0.0
2.38,2.19,6.05,0.0,0.0
2.38,0.0,0.0,0.0,0.0
1.92,0.0,0.0,0.0,0.0
2.37,0.0,0.0,0.0,0.0
1.92,0.0,0.68,0.0,0.0
3.27,0.0,0.18,0.0,0.0
6.43,0.0,0.28,0.0,0.0
6.88,2.26,0.33,0.0,0.0
7.78,2.2,0.2,0.0,0.0
9.13,4.84,1.79,0.0,0.0
10.47,1.9,2.98,0.0,0.0
12.72,1.47,5.03,0.0,0.0
14.07,10.55,7.28,0.0,0.0
13.17,4.55,9.68,0.0,0.0
12.27,14.37,10.22,0.0,0.0
11.37,13.48,10.42,0.0,0.0
11.37,3.22,9.93,0.0,0.0
12.72,4.54,9.2,0.0,0.0
12.72,3.37,5.77,0.0,0.0
11.82,2.35,4.67,0.0,0.0
10.92,1.46,4.26,0.0,0.0
10.02,5.86,3.35,0.0,0.0
9.13,6.16,2.15,0.0,0.0
5.08,6.3,0.09,0.0,0.0
2.38,2.2,0.24,0.0,0.0
2.38,0.0,0.0,0.0,0.0
1.92,0.0,0.0,0.0,0.0
2.37,0.0,0.0,0.0,0.0
1.92,0.0,0.03,0.0,0.0
3.27,0.0,0.08,0.0,0.0
6.43,0.0,0.14,0.0,0.0
6.88,2.25,0.0,0.0,0.0
7.78,2.2,0.0,0.0,0.0
9.13,4.85,0.36,0.0,0.0
10.47,1.91,2.33,0.0,0.0
12.72,1.47,5.55,0.0,0.0
14.07,10.59,10.87,0.0,0.0
13.17,4.55,14.24,0.0,0.0
12.27,14.41,16.14,0.0,0.0
11.37,13.52,14.49,0.0,0.0
11.37,3.23,11.82,0.0,0.0
12.72,4.55,10.6,0.0,0.0
12.72,3.38,8.74,0.0,0.0
11.82,2.35,6.03,0.0,0.0
10.92,1.47,5.37,0.0,0.0
10.02,5.88,4.99,0.0,0.0
9.13,6.17,4.44,0.0,0.0
5.08,6.32,1.83,0.0,0.0
2.38,2.2,0.61,0.0,0.0
2.38,0.0,0.0,0.0,0.0
1.92,0.0,0.0,0.0,0.0
2.37,0.0,0.0,0.0,0.0
1.92,0.0,0.0,0.0,0.0
3.27,0.0,0.0,0.0,0.0
6.41,0.0,0.0,0.0,0.0
6.88,0.0,0.0,0.0,0.0
7.78,2.26,0.0,0.0,0.0
9.13,2.21,0.0,0.0,0.0
10.47,2.21,0.0,0.0,0.0
12.72,1.47,0.0,0.0,0.0
14.07,10.6,0.0,0.0,0.0
13.17,8.84,0.25,0.0,0.0
12.27,14.45,0.72,0.0,0.0
11.37,13.55,1.23,0.0,0.0
11.37,3.69,1.63,0.0,0.0
12.72,3.68,1.72,0.0,0.0
12.72,3.38,1.3,0.0,0.0
11.82,2.36,0.54,0.0,0.0
10.92,1.48,0.21,0.0,0.0
10.02,5.89,0.17,0.0,0.0
9.13,6.18,0.03,0.0,0.0
5.08,6.34,0.0,0.0,0.0
2.38,0.0,0.0,0.0,0.0
2.38,0.0,0.0,0.0,0.0
1.92,0.0,0.0,0.0,0.0
2.37,0.0,0.0,0.0,0.0
1.92,0.0,0.0,0.0,0.0
3.27,0.0,0.0,0.0,0.0
6.41,0.0,0.0,0.0,0.0
6.88,0.0,0.0,0.0,0.0
7.78,2.28,0.0,0.0,0.0
9.13,2.22,0.0,0.0,0.0
10.47,2.22,0.0,0.0,0.0
12.72,1.48,0.0,0.0,0.0
14.07,10.63,1.61,0.0,0.0
13.17,8.86,2.39,0.0,0.0
12.27,14.48,2.67,0.0,0.0
11.37,13.6,2.79,0.0,0.0
11.37,3.69,2.78,0.0,0.0
12.72,3.69,2.67,0.0,0.0
12.72,3.4,1.98,0.0,0.0
11.82,2.36,1.3,0.0,0.0
10.92,1.47,0.65,0.0,0.0
10.02,5.91,0.09,0.0,0.0
9.13,6.21,0.0,0.0,0.0
5.08,6.34,0.0,0.0,0.0
2.38,0.0,0.0,0.0,0.0
2.38,0.0,0.0,0.0,0.0
2.38,0.0,0.0,0.0,0.0
1.92,0.0,0.0,0.0,0.0
2.37,0.0,0.0,0.0,0.0
1.92,0.0,0.0,0.0,0.0
3.27,0.0,0.0,0.0,0.0
6.43,0.0,0.0,0.0,0.0
6.88,2.28,0.0,0.0,0.0
7.78,2.23,0.0,0.0,0.0
9.13,4.88,0.14,0.0,0.0
10.47,1.92,1.59,0.0,0.0
12.72,1.48,4.09,0.0,0.0
14.07,10.66,7.3,0.0,0.0
13.17,4.59,11.0,0.0,0.0
12.27,14.52,11.02,0.0,0.0
11.37,13.62,8.76,0.0,0.0
11.37,3.26,6.95,0.0,0.0
12.72,4.59,6.51,0.0,0.0
12.72,3.41,5.84,0.0,0.0
11.82,2.37,5.4,0.0,0.0
10.92,1.48,5.11,0.0,0.0
10.02,5.92,4.69,0.0,0.0
9.13,6.23,4.43,0.0,0.0
5.08,6.36,1.48,0.0,0.0
2.38,2.22,0.98,0.0,0.0
2.38,0.0,0.0,0.0,0.0
1.92,0.0,0.0,0.0,0.0
2.37,0.0,0.0,0.0,0.0
1.92,0.0,0.16,0.0,0.0
3.27,0.0,0.24,0.0,0.0
6.43,0.0,0.74,0.0,0.0
6.88,2.29,0.44,0.0,0.0
7.78,2.23,0.85,0.0,0.0
9.13,4.9,4.99,0.0,0.0
10.47,1.93,11.6,0.0,0.0
12.72,1.48,15.56,0.0,0.0
14.07,10.68,20.95,0.0,0.0
13.17,4.6,26.44,0.0,0.0
12.27,14.55,26.62,0.0,0.0
11.37,13.66,23.04,0.0,0.0
11.37,3.26,18.88,0.0,0.0
12.72,4.6,15.4,0.0,0.0
12.72,3.41,11.17,0.0,0.0
11.82,2.37,9.05,0.0,0.0
10.92,1.48,7.69,0.0,0.0
10.02,5.94,7.74,0.0,0.0
9.13,6.24,7.74,0.0,0.0
5.08,6.38,5.14,0.0,0.0
2.38,2.23,3.22,0.0,0.0
2.38,0.0,0.0,0.0,0.0
1.92,0.0,0.0,0.0,0.0
2.37,0.0,0.0,0.0,0.0
1.92,0.0,0.87,0.0,0.0
3.27,0.0,0.52,0.0,0.0
6.43,0.0,1.75,0.0,0.0
6.88,2.29,3.37,0.0,0.0
7.78,2.23,5.62,0.0,0.0
9.13,4.91,14.77,0.0,0.0
10.47,1.94,18.37,0.0,0.0
12.72,1.48,19.91,0.0,0.0
14.07,10.72,25.55,0.0,0.0
13.17,4.61,31.93,0.0,0.0
12.27,14.58,32.58,0.0,0.0
11.37,13.7,27.32,0.0,0.0
11.37,3.27,23.21,0.0,0.0
12.72,4.62,22.09,0.0,0.0
12.72,3.42,21.96,0.0,0.0
11.82,2.38,22.09,0.0,0.0
10.92,1.48,19.26,0.0,0.0
10.02,5.95,16.14,0.0,0.0
9.13,6.25,12.54,0.0,0.0
5.08,6.4,7.99,0.0,0.0
2.38,2.23,5.78,0.0,0.0
2.38,0.0,0.0,0.0,0.0
1.92,0.0,0.0,0.0,0.0
2.37,0.0,0.0,0.0,0.0
1.92,0.0,1.29,0.0,0.0
3.27,0.0,0.67,0.0,0.0
6.43,0.0,1.18,0.0,0.0
6.88,2.29,2.26,0.0,0.0
7.78,2.24,3.99,0.0,0.0
9.13,4.92,7.13,0.0,0.0
10.47,1.94,11.6,0.0,0.0
12.72,1.49,14.62,0.0,0.0
14.07,10.75,19.51,0.0,0.0
13.17,4.62,25.3,0.0,0.0
12.27,14.62,23.13,0.0,0.0
11.37,13.73,17.1,0.0,0.0
11.37,3.28,11.11,0.0,0.0
12.72,4.62,8.24,0.0,0.0
12.72,3.43,7.1,0.0,0.0
11.82,2.38,6.35,0.0,0.0
10.92,1.5,5.83,0.0,0.0
10.02,5.97,5.29,0.0,0.0
9.13,6.26,4.61,0.0,0.0
5.08,6.42,1.61,0.0,0.0
2.38,2.24,0.81,0.0,0.0
2.38,0.0,0.0,0.0,0.0
1.92,0.0,0.0,0.0,0.0
2.37,0.0,0.0,0.0,0.0
1.92,0.0,0.04,0.0,0.0
3.27,0.0,0.03,0.0,0.0
6.43,0.0,0.01,0.0,0.0
6.88,2.29,0.0,0.0,0.0
7.78,2.24,0.0,0.0,0.0
9.13,4.93,0.0,0.0,0.0
10.47,1.94,0.0,0.0,0.0
12.72,1.5,0.1,0.0,0.0
14.07,10.77,1.27,0.0,0.0
13.17,4.64,2.03,0.0,0.0
12.27,14.66,2.53,0.0,0.0
11.37,13.76,2.75,0.0,0.0
11.37,3.29,2.44,0.0,0.0
12.72,4.64,2.04,0.0,0.0
12.72,3.44,1.95,0.0,0.0
11.82,2.39,1.85,0.0,0.0
10.92,1.49,1.26,0.0,0.0
10.02,5.98,1.42,0.0,0.0
9.13,6.28,0.93,0.0,0.0
5.08,6.43,0.0,0.0,0.0
2.38,2.24,0.02,0.0,0.0
2.38,0.0,0.0,0.0,0.0
1.92,0.0,0.0,0.0,0.0
2.37,0.0,0.0,0.0,0.0
1.92,0.0,0.0,0.0,0.0
3.27,0.0,0.0,0.0,0.0
6.41,0.0,0.01,0.0,0.0
6.88,0.0,0.0,0.0,0.0
7.78,2.31,0.0,0.0,0.0
9.13,2.25,0.0,0.0,0.0
10.47,2.25,0.0,0.0,0.0
12.72,1.5,1.11,0.0,0.0
14.07,10.79,2.71,0.0,0.0
13.17,9.0,3.27,0.0,0.0
12.27,14.7,3.3,0.0,0.0
11.37,13.79,3.33,0.0,0.0
11.37,3.75,3.38,0.0,0.0
12.72,3.74,2.93,0.0,0.0
12.72,3.45,2.25,0.0,0.0
11.82,2.4,1.61,0.0,0.0
10.92,1.5,0.96,0.0,0.0
10.02,5.99,0.88,0.0,0.0
9.13,6.3,1.02,0.0,0.0
5.08,6.44,0.0,0.0,0.0
2.38,0.0,0.37,0.0,0.0
2.38,0.0,0.0,0.0,0.0
1.92,0.0,0.0,0.0,0.0
2.37,0.0,0.0,0.0,0.0
1.92,0.0,0.1,0.0,0.0
3.27,0.0,0.02,0.0,0.0
6.41,0.0,0.02,0.0,0.0
6.88,0.0,0.0,0.0,0.0
7.78,2.31,0.0,0.0,0.0
9.13,2.25,0.0,0.0,0.0
10.47,2.25,0.11,0.0,0.0
12.72,1.5,1.57,0.0,0.0
14.07,10.82,3.26,0.0,0.0
13.17,9.02,4.16,0.0,0.0
12.27,14.73,4.56,0.0,0.0
11.37,13.83,4.86,0.0,0.0
11.37,3.76,4.73,0.0,0.0
12.72,3.75,4.15,0.0,0.0
12.72,3.46,3.5,0.0,0.0
11.82,2.41,2.82,0.0,0.0
10.92,1.5,1.97,0.0,0.0
10.02,6.01,0.84,0.0,0.0
9.13,6.32,0.03,0.0,0.0
5.08,6.46,0.0,0.0,0.0
2.38,0.0,0.0,0.0,0.0
2.38,0.0,0.0,0.0,0.0
1.92,0.0,0.0,0.0,0.0
2.37,0.0,0.0,0.0,0.0
1.92,0.0,0.0,0.0,0.0
3.27,0.0,0.0,0.0,0.0
6.43,0.0,0.0,0.0,0.0
6.88,2.32,0.0,0.0,0.0
7.78,2.26,0.0,0.0,0.0
9.13,4.98,0.06,0.0,0.0
10.47,1.96,1.72,0.0,0.0
12.72,1.5,4.54,0.0,0.0
14.07,10.85,8.64,0.0,0.0
13.17,4.67,13.21,0.0,0.0
12.27,14.76,14.38,0.0,0.0
11.37,13.87,13.59,0.0,0.0
11.37,3.31,9.9,0.0,0.0
12.72,4.67,6.61,0.0,0.0
12.72,3.46,5.57,0.0,0.0
11.82,2.41,5.05,0.0,0.0
10.92,1.51,4.71,0.0,0.0
10.02,6.03,4.51,0.0,0.0
9.13,6.32,4.33,0.0,0.0
5.08,6.48,1.27,0.0,0.0
2.38,2.26,1.14,0.0,0.0
2.38,0.0,0.0,0.0,0.0
1.92,0.0,0.0,0.0,0.0
2.37,0.0,0.0,0.0,0.0
1.92,0.0,0.21,0.0,0.0
3.27,0.0,0.0,0.0,0.0
6.41,0.0,0.12,0.0,0.0
6.88,0.0,0.0,0.0,0.0
7.78,2.32,1.15,0.0,0.0
9.13,2.26,3.59,0.0,0.0
10.47,2.26,6.19,0.0,0.0
12.72,1.5,14.27,0.0,0.0
14.07,10.88,19.63,0.0,0.0
13.17,9.06,23.94,0.0,0.0
12.27,14.8,25.47,0.0,0.0
11.37,13.91,22.37,0.0,0.0
11.37,3.77,20.02,0.0,0.0
12.72,3.78,17.92,0.0,0.0
12.72,3.47,13.09,0.0,0.0
11.82,2.41,10.17,0.0,0.0
10.92,1.51,8.3,0.0,0.0
10.02,6.04,7.52,0.0,0.0
9.13,6.34,6.89,0.0,0.0
5.08,6.5,3.45,0.0,0.0
2.38,0.0,1.64,0.0,0.0
2.38,0.0,0.0,0.0,0.0
1.92,0.0,0.0,0.0,0.0
2.37,0.0,0.0,0.0,0.0
1.92,0.0,0.25,0.0,0.0
3.27,0.0,0.01,0.0,0.0
6.43,0.0,0.18,0.0,0.0
6.88,2.33,0.0,0.0,0.0
7.78,2.27,0.0,0.0,0.0
9.13,4.99,0.0,0.0,0.0
10.47,1.97,0.0,0.0,0.0
12.72,1.51,0.07,0.0,0.0
14.07,10.9,1.08,0.0,0.0
13.17,4.7,0.92,0.0,0.0
12.27,14.84,0.67,0.0,0.0
11.37,13.93,0.44,0.0,0.0
11.37,3.33,0.25,0.0,0.0
12.72,4.7,0.02,0.0,0.0
12.72,3.48,0.0,0.0,0.0
11.82,2.42,0.0,0.0,0.0
10.92,1.52,0.0,0.0,0.0
10.02,6.06,0.0,0.0,0.0
9.13,6.35,0.0,0.0,0.0
5.08,6.51,0.0,0.0,0.0
2.38,2.27,0.0,0.0,0.0
2.38,0.0,0.0,0.0,0.0
1.92,0.0,0.0,0.0,0.0
2.37,0.0,0.0,0.0,0.0
1.92,0.0,0.0,0.0,0.0
3.27,0.0,0.0,0.0,0.0
6.43,0.0,0.0,0.0,0.0
6.88,2.31,0.0,0.0,0.0
7.78,2.28,0.0,0.0,0.0
9.13,5.01,0.0,0.0,0.0
10.47,1.97,0.0,0.0,0.0
12.72,1.51,0.0,0.0,0.0
14.07,10.93,0.0,0.0,0.0
13.17,4.7,0.0,0.0,0.0
12.27,14.87,0.0,0.0,0.0
11.37,13.97,0.0,0.0,0.0
11.37,3.34,0.0,0.0,0.0
12.72,4.7,0.0,0.0,0.0
12.72,3.49,0.0,0.0,0.0
11.82,2.43,0.0,0.0,0.0
10.92,1.52,0.0,0.0,0.0
10.02,6.07,0.0,0.0,0.0
9.13,6.38,0.0,0.0,0.0
5.08,6.52,0.0,0.0,0.0
2.38,2.28,0.0,0.0,0.0
2.38,0.0,0.0,0.0,0.0
1.92,0.0,0.0,0.0,0.0
2.37,0.0,0.0,0.0,0.0
1.92,0.0,0.0,0.0,0.0
3.27,0.0,0.0,0.0,0.0
6.43,0.0,0.0,0.0,0.0
6.88,2.34,0.0,0.0,0.0
7.78,2.28,0.0,0.0,0.0
9.13,5.01,0.0,0.0,0.0
10.47,1.98,0.0,0.0,0.0
12.72,1.52,0.0,0.0,0.0
14.07,10.95,0.0,0.0,0.0
13.17,4.72,0.0,0.0,0.0
12.27,14.91,0.0,0.0,0.0
11.37,14.0,0.0,0.0,0.0
11.37,3.35,0.0,0.0,0.0
12.72,4.72,0.0,0.0,0.0
12.72,3.5,0.0,0.0,0.0
11.82,2.43,0.0,0.0,0.0
10.92,1.52,0.0,0.0,0.0
10.02,6.09,0.0,0.0,0.0
9.13,6.39,0.0,0.0,0.0
5.08,6.54,0.0,0.0,0.0
2.38,2.28,0.0,0.0,0.0
2.38,0.0,0.0,0.0,0.0
1.92,0.0,0.0,0.0,0.0
2.37,0.0,0.0,0.0,0.0
1.92,0.0,0.0,0.0,0.0
3.27,0.0,0.0,0.0,0.0
6.41,0.0,0.0,0.0,0.0
6.88,0.0,0.0,0.0,0.0
7.78,2.35,0.0,0.0,0.0
9.13,2.29,0.0,0.0,0.0
10.47,2.29,0.0,0.0,0.0
12.72,1.52,0.0,0.0,0.0
14.07,10.98,0.0,0.0,0.0
13.17,9.15,0.11,0.0,0.0
12.27,14.95,0.42,0.0,0.0
11.37,14.03,0.53,0.0,0.0
11.37,3.82,0.51,0.0,0.0
12.72,3.81,0.27,0.0,0.0
12.72,3.51,0.0,0.0,0.0
11.82,2.44,0.0,0.0,0.0
10.92,1.52,0.0,0.0,0.0
10.02,6.1,0.0,0.0,0.0
9.13,6.41,0.0,0.0,0.0
5.08,6.56,0.0,0.0,0.0
2.38,0.0,0.0,0.0,0.0
2.38,0.0,0.0,0.0,0.0
1.92,0.0,0.0,0.0,0.0
2.37,0.0,0.0,0.0,0.0
1.92,0.0,0.04,0.0,0.0
3.27,0.0,0.0,0.0,0.0
6.41,0.0,0.1,0.0,0.0
6.88,0.0,0.0,0.0,0.0
7.78,2.35,0.05,0.0,0.0
9.13,2.29,2.22,0.0,0.0
10.47,2.29,6.7,0.0,0.0
12.72,1.53,14.02,0.0,0.0
14.07,11.0,19.5,0.0,0.0
13.17,9.17,23.84,0.0,0.0
12.27,14.98,23.44,0.0,0.0
11.37,14.06,20.09,0.0,0.0
11.37,3.82,18.68,0.0,0.0
12.72,3.82,16.53,0.0,0.0
12.72,3.52,11.22,0.0,0.0
11.82,2.44,11.25,0.0,0.0
10.92,1.52,11.42,0.0,0.0
10.02,6.12,10.67,0.0,0.0
9.13,6.42,10.35,0.0,0.0
5.08,6.58,6.29,0.0,0.0
2.38,0.0,3.82,0.0,0.0
2.38,0.0,0.0,0.0,0.0
1.92,0.0,0.0,0.0,0.0
2.37,0.0,0.0,0.0,0.0
1.92,0.0,0.0,0.0,0.0
3.27,0.0,0.0,0.0,0.0
6.43,0.0,0.0,0.0,0.0
6.88,2.35,0.0,0.0,0.0
7.78,2.3,0.0,0.0,0.0
9.13,5.05,0.0,0.0,0.0
10.47,1.99,0.0,0.0,0.0
12.72,1.53,0.0,0.0,0.0
14.07,11.03,0.0,0.0,0.0
13.17,4.75,0.0,0.0,0.0
12.27,15.02,0.0,0.0,0.0
11.37,14.09,0.0,0.0,0.0
11.37,3.37,0.0,0.0,0.0
12.72,4.75,0.0,0.0,0.0
12.72,3.52,0.0,0.0,0.0
11.82,2.45,0.0,0.0,0.0
10.92,1.53,0.0,0.0,0.0
10.02,6.12,0.0,0.0,0.0
9.13,6.44,0.0,0.0,0.0
5.08,6.58,0.0,0.0,0.0
2.38,2.3,0.0,0.0,0.0
2.38,0.0,0.0,0.0,0.0
1.92,0.0,0.0,0.0,0.0
2.37,0.0,0.0,0.0,0.0
1.92,0.0,0.0,0.0,0.0
3.27,0.0,0.0,0.0,0.0
6.43,0.0,0.0,0.0,0.0
6.88,2.36,0.0,0.0,0.0
7.78,2.3,0.0,0.0,0.0
9.13,5.06,0.0,0.0,0.0
10.47,1.99,0.0,0.0,0.0
12.72,1.54,0.0,0.0,0.0
14.07,11.05,0.0,0.0,0.0
13.17,4.76,0.0,0.0,0.0
12.27,15.05,0.0,0.0,0.0
11.37,14.13,0.0,0.0,0.0
11.37,3.38,0.0,0.0,0.0
12.72,4.76,0.0,0.0,0.0
12.72,3.53,0.0,0.0,0.0
11.82,2.46,0.0,0.0,0.0
10.92,1.54,0.0,0.0,0.0
10.02,6.14,0.0,0.0,0.0
9.13,6.45,0.0,0.0,0.0
5.08,6.6,0.0,0.0,0.0
2.38,2.3,0.0,0.0,0.0
2.38,0.0,0.0,0.0,0.0
1.92,0.0,0.0,0.0,0.0
2.37,0.0,0.0,0.0,0.0
1.92,0.0,0.0,0.0,0.0
3.27,0.0,0.0,0.0,0.0
6.43,0.0,0.0,0.0,0.0
6.88,2.36,0.0,0.0,0.0
7.78,2.31,0.0,0.0,0.0
9.13,5.07,0.0,0.0,0.0
10.47,2.0,0.0,0.0,0.0
12.72,1.54,0.0,0.0,0.0
14.07,11.08,0.51,0.0,0.0
13.17,4.77,1.2,0.0,0.0
12.27,15.08,1.44,0.0,0.0
11.37,14.16,1.24,0.0,0.0
11.37,3.39,0.92,0.0,0.0
12.72,4.77,0.23,0.0,0.0
12.72,3.54,0.0,0.0,0.0
11.82,2.46,0.0,0.0,0.0
10.92,1.54,0.0,0.0,0.0
10.02,6.15,0.0,0.0,0.0
9.13,6.47,0.0,0.0,0.0
5.08,6.61,0.0,0.0,0.0
2.38,2.31,0.0,0.0,0.0
2.38,0.0,0.0,0.0,0.0
1.92,0.0,0.0,0.0,0.0
2.37,0.0,0.0,0.0,0.0
1.92,0.0,0.0,0.0,0.0
3.27,0.0,0.0,0.0,0.0
6.43,0.0,0.0,0.0,0.0
6.88,2.37,0.0,0.0,0.0
7.78,2.31,0.0,0.0,0.0
9.13,5.09,0.0,0.0,0.0
10.47,2.0,0.61,0.0,0.0
12.72,1.55,2.97,0.0,0.0
14.07,11.1,4.25,0.0,0.0
13.17,4.79,4.94,0.0,0.0
12.27,15.12,5.26,0.0,0.0
11.37,14.2,4.87,0.0,0.0
11.37,3.39,4.47,0.0,0.0
12.72,4.78,3.7,0.0,0.0
12.72,3.54,2.43,0.0,0.0
11.82,2.47,1.62,0.0,0.0
10.92,1.54,1.23,0.0,0.0
10.02,6.16,0.99,0.0,0.0
9.13,6.48,0.36,0.0,0.0
5.08,6.63,0.0,0.0,0.0
2.38,2.32,0.0,0.0,0.0
2.38,0.0,0.0,0.0,0.0
1.92,0.0,0.0,0.0,0.0
2.37,0.0,0.0,0.0,0.0
1.92,0.0,0.0,0.0,0.0
3.27,0.0,0.0,0.0,0.0
6.43,0.0,0.0,0.0,0.0
6.88,2.37,0.0,0.0,0.0
7.78,2.32,0.0,0.0,0.0
9.13,5.1,0.36,0.0,0.0
10.47,2.01,2.02,0.0,0.0
12.72,1.55,4.08,0.0,0.0
14.07,11.13,5.5,0.0,0.0
13.17,4.8,6.73,0.0,0.0
12.27,15.15,5.88,0.0,0.0
11.37,14.23,5.58,0.0,0.0
11.37,3.4,5.29,0.0,0.0
12.72,4.79,4.46,0.0,0.0
12.72,3.55,3.51,0.0,0.0
11.82,2.47,3.05,0.0,0.0
10.92,1.55,2.36,0.0,0.0
10.02,6.18,2.52,0.0,0.0
9.13,6.5,1.86,0.0,0.0
5.08,6.64,0.02,0.0,0.0
2.38,2.32,0.21,0.0,0.0
2.38,0.0,0.0,0.0,0.0
1.92,0.0,0.0,0.0,0.0
2.37,0.0,0.0,0.0,0.0
1.92,0.0,0.0,0.0,0.0
3.27,0.0,0.0,0.0,0.0
6.41,0.0,0.0,0.0,0.0
6.88,0.0,0.0,0.0,0.0
7.78,2.38,0.0,0.0,0.0
9.13,2.32,0.06,0.0,0.0
10.47,2.32,2.27,0.0,0.0
12.72,1.54,4.81,0.0,0.0
14.07,11.16,6.44,0.0,0.0
13.17,9.3,6.59,0.0,0.0
12.27,15.18,6.48,0.0,0.0
11.37,14.27,6.78,0.0,0.0
11.37,3.87,6.55,0.0,0.0
12.72,3.87,5.77,0.0,0.0
12.72,3.56,5.13,0.0,0.0
11.82,2.47,5.04,0.0,0.0
10.92,1.55,5.14,0.0,0.0
10.02,6.2,5.16,0.0,0.0
9.13,6.51,5.5,0.0,0.0
5.08,6.66,2.19,0.0,0.0
2.38,0.0,0.8,0.0,0.0
2.38,0.0,0.0,0.0,0.0
1.92,0.0,0.0,0.0,0.0
2.37,0.0,0.0,0.0,0.0
1.92,0.0,0.28,0.0,0.0
3.27,0.0,0.02,0.0,0.0
6.41,0.0,0.2,0.0,0.0
6.88,0.0,0.0,0.0,0.0
7.78,2.39,0.35,0.0,0.0
9.13,2.34,0.95,0.0,0.0
10.47,2.33,1.79,0.0,0.0
12.72,1.56,5.02,0.0,0.0
14.07,11.18,7.63,0.0,0.0
13.17,9.32,11.19,0.0,0.0
12.27,15.22,15.46,0.0,0.0
11.37,14.28,17.22,0.0,0.0
11.37,3.89,17.18,0.0,0.0
12.72,3.88,13.51,0.0,0.0
12.72,3.57,8.67,0.0,0.0
11.82,2.48,8.05,0.0,0.0
10.92,1.55,7.75,0.0,0.0
10.02,6.21,7.7,0.0,0.0
9.13,6.52,7.31,0.0,0.0
5.08,6.67,2.84,0.0,0.0
2.38,0.0,1.49,0.0,0.0
2.38,0.0,0.0,0.0,0.0
1.92,0.0,0.0,0.0,0.0
2.37,0.0,0.0,0.0,0.0
1.92,0.0,0.74,0.0,0.0
3.27,0.0,0.34,0.0,0.0
6.43,0.0,0.33,0.0,0.0
6.88,2.4,1.08,0.0,0.0
7.78,2.34,2.05,0.0,0.0
9.13,5.14,4.63,0.0,0.0
10.47,2.03,4.85,0.0,0.0
12.72,1.55,5.69,0.0,0.0
14.07,11.21,6.13,0.0,0.0
13.17,4.83,6.12,0.0,0.0
12.27,15.25,5.82,0.0,0.0
11.37,14.32,5.24,0.0,0.0
11.37,3.42,4.65,0.0,0.0
12.72,4.83,3.78,0.0,0.0
12.72,3.57,3.17,0.0,0.0
11.82,2.49,3.0,0.0,0.0
10.92,1.56,2.75,0.0,0.0
10.02,6.22,2.14,0.0,0.0
9.13,6.54,1.47,0.0,0.0
5.08,6.69,0.0,0.0,0.0
2.38,2.33,0.02,0.0,0.0
2.38,0.0,0.0,0.0,0.0
1.92,0.0,0.0,0.0,0.0
2.37,0.0,0.0,0.0,0.0
1.92,0.0,0.0,0.0,0.0
3.27,0.0,0.0,0.0,0.0
6.43,0.0,0.0,0.0,0.0
6.88,2.38,0.0,0.0,0.0
7.78,2.34,0.0,0.0,0.0
9.13,5.15,0.0,0.0,0.0
10.47,2.03,0.0,0.0,0.0
12.72,1.56,0.0,0.0,0.0
14.07,11.23,0.39,0.0,0.0
13.17,4.83,0.53,0.0,0.0
12.27,15.29,0.52,0.0,0.0
11.37,14.36,0.49,0.0,0.0
11.37,3.43,0.29,0.0,0.0
12.72,4.83,0.03,0.0,0.0
12.72,3.59,0.0,0.0,0.0
11.82,2.49,0.0,0.0,0.0
10.92,1.56,0.0,0.0,0.0
10.02,6.24,0.0,0.0,0.0
9.13,6.55,0.0,0.0,0.0
5.08,6.7,0.0,0.0,0.0
2.38,2.34,0.0,0.0,0.0
2.38,0.0,0.0,0.0,0.0
1.92,0.0,0.0,0.0,0.0
2.37,0.0,0.0,0.0,0.0
1.92,0.0,0.0,0.0,0.0
3.27,0.0,0.0,0.0,0.0
6.43,0.0,0.0,0.0,0.0
6.88,2.4,0.0,0.0,0.0
7.78,2.34,0.0,0.0,0.0
9.13,5.15,0.0,0.0,0.0
10.47,2.03,0.0,0.0,0.0
12.72,1.57,0.03,0.0,0.0
14.07,11.25,2.05,0.0,0.0
13.17,4.85,3.54,0.0,0.0
12.27,15.31,4.44,0.0,0.0
11.37,14.39,4.75,0.0,0.0
11.37,3.44,4.49,0.0,0.0
12.72,4.84,3.71,0.0,0.0
12.72,3.59,2.77,0.0,0.0
11.82,2.5,2.22,0.0,0.0
10.92,1.56,1.84,0.0,0.0
10.02,6.25,1.05,0.0,0.0
9.13,6.57,0.6,0.0,0.0
5.08,6.72,0.0,0.0,0.0
2.38,2.34,0.0,0.0,0.0
2.38,0.0,0.0,0.0,0.0
1.92,0.0,0.0,0.0,0.0
2.37,0.0,0.0,0.0,0.0
1.92,0.0,0.0,0.0,0.0
3.27,0.0,0.0,0.0,0.0
6.41,0.0,0.0,0.0,0.0
6.88,0.0,0.0,0.0,0.0
7.78,2.4,0.0,0.0,0.0
9.13,2.35,0.0,0.0,0.0
10.47,2.35,0.0,0.0,0.0
12.72,1.57,0.0,0.0,0.0
14.07,11.27,0.62,0.0,0.0
13.17,9.4,1.14,0.0,0.0
12.27,15.36,1.67,0.0,0.0
11.37,14.41,2.06,0.0,0.0
11.37,3.92,1.9,0.0,0.0
12.72,3.91,1.03,0.0,0.0
12.72,3.6,0.15,0.0,0.0
11.82,2.5,0.0,0.0,0.0
10.92,1.57,0.0,0.0,0.0
10.02,6.26,0.0,0.0,0.0
9.13,6.58,0.0,0.0,0.0
5.08,6.73,0.0,0.0,0.0
2.38,0.0,0.0,0.0,0.0
2.38,0.0,0.0,0.0,0.0
1.92,0.0,0.0,0.0,0.0
2.37,0.0,0.0,0.0,0.0
1.92,0.0,0.0,0.0,0.0
3.27,0.0,0.0,0.0,0.0
6.43,0.0,0.0,0.0,0.0
6.88,2.41,0.0,0.0,0.0
7.78,2.36,0.0,0.0,0.0
9.13,5.17,0.0,0.0,0.0
10.47,2.04,0.0,0.0,0.0
12.72,1.57,0.0,0.0,0.0
14.07,11.3,0.66,0.0,0.0
13.17,4.87,1.42,0.0,0.0
12.27,15.38,2.11,0.0,0.0
11.37,14.44,2.41,0.0,0.0
11.37,3.45,1.97,0.0,0.0
12.72,4.87,0.97,0.0,0.0
12.72,3.61,0.08,0.0,0.0
11.82,2.51,0.0,0.0,0.0
10.92,1.57,0.0,0.0,0.0
10.02,6.28,0.0,0.0,0.0
9.13,6.59,0.0,0.0,0.0
5.08,6.75,0.0,0.0,0.0
2.38,2.35,0.0,0.0,0.0
2.38,0.0,0.0,0.0,0.0
1.92,0.0,0.0,0.0,0.0
2.37,0.0,0.0,0.0,0.0
1.92,0.0,0.0,0.0,0.0
3.27,0.0,0.0,0.0,0.0
6.41,0.0,0.0,0.0,0.0
6.88,0.0,0.0,0.0,0.0
7.78,2.4,0.0,0.0,0.0
9.13,2.35,0.16,0.0,0.0
10.47,2.36,3.72,0.0,0.0
12.72,1.58,8.99,0.0,0.0
14.07,11.32,14.95,0.0,0.0
13.17,9.44,17.55,0.0,0.0
12.27,15.41,17.36,0.0,0.0
11.37,14.47,15.22,0.0,0.0
11.37,3.93,11.82,0.0,0.0
12.72,3.93,6.8,0.0,0.0
12.72,3.62,5.21,0.0,0.0
11.82,2.51,4.59,0.0,0.0
10.92,1.58,4.42,0.0,0.0
10.02,6.29,4.16,0.0,0.0
9.13,6.61,3.47,0.0,0.0
5.08,6.76,0.07,0.0,0.0
2.38,0.0,0.03,0.0,0.0
2.38,0.0,0.0,0.0,0.0
1.92,0.0,0.0,0.0,0.0
2.37,0.0,0.0,0.0,0.0
1.92,0.0,0.24,0.0,0.0
3.27,0.0,0.0,0.0,0.0
6.41,0.0,0.05,0.0,0.0
6.88,0.0,0.0,0.0,0.0
7.78,2.42,0.0,0.0,0.0
9.13,2.37,1.73,0.0,0.0
10.47,2.37,7.5,0.0,0.0
12.72,1.57,17.18,0.0,0.0
14.07,11.35,21.74,0.0,0.0
13.17,9.46,24.64,0.0,0.0
12.27,15.44,25.23,0.0,0.0
11.37,14.51,21.89,0.0,0.0
11.37,3.94,18.17,0.0,0.0
12.72,3.94,13.26,0.0,0.0
12.72,3.62,7.63,0.0,0.0
11.82,2.52,6.78,0.0,0.0
10.92,1.58,6.34,0.0,0.0
10.02,6.3,6.1,0.0,0.0
9.13,6.63,6.01,0.0,0.0
5.08,6.78,2.71,0.0,0.0
2.38,0.0,1.49,0.0,0.0
2.38,0.0,0.0,0.0,0.0
1.92,0.0,0.0,0.0,0.0
2.37,0.0,0.0,0.0,0.0
1.92,0.0,0.33,0.0,0.0
3.27,0.0,0.19,0.0,0.0
6.43,0.0,0.29,0.0,0.0
6.88,2.43,0.14,0.0,0.0
7.78,2.37,1.31,0.0,0.0
9.13,5.21,4.88,0.0,0.0
10.47,2.05,12.14,0.0,0.0
12.72,1.58,18.16,0.0,0.0
14.07,11.37,22.13,0.0,0.0
13.17,4.9,23.25,0.0,0.0
12.27,15.47,22.8,0.0,0.0
11.37,14.54,20.97,0.0,0.0
11.37,3.48,18.14,0.0,0.0
12.72,4.89,14.46,0.0,0.0
12.72,3.63,8.76,0.0,0.0
11.82,2.53,7.72,0.0,0.0
10.92,1.57,7.27,0.0,0.0
10.02,6.32,6.81,0.0,0.0
9.13,6.63,5.98,0.0,0.0
5.08,6.79,1.84,0.0,0.0
2.38,2.37,0.86,0.0,0.0
2.38,0.0,0.0,0.0,0.0
1.92,0.0,0.0,0.0,0.0
2.37,0.0,0.0,0.0,0.0
1.92,0.0,0.09,0.0,0.0
3.27,0.0,0.06,0.0,0.0
6.43,0.0,0.14,0.0,0.0
6.88,2.43,0.0,0.0,0.0
7.78,2.37,0.0,0.0,0.0
9.13,5.22,0.0,0.0,0.0
10.47,2.05,0.85,0.0,0.0
12.72,1.59,5.17,0.0,0.0
14.07,11.39,7.85,0.0,0.0
13.17,4.91,9.05,0.0,0.0
12.27,15.5,11.1,0.0,0.0
11.37,14.56,13.17,0.0,0.0
11.37,3.48,10.65,0.0,0.0
12.72,4.9,6.17,0.0,0.0
12.72,3.64,5.0,0.0,0.0
11.82,2.53,4.32,0.0,0.0
10.92,1.58,3.26,0.0,0.0
10.02,6.33,2.73,0.0,0.0
9.13,6.64,1.6,0.0,0.0
5.08,6.81,0.0,0.0,0.0
2.38,2.37,0.0,0.0,0.0
2.38,0.0,0.0,0.0,0.0
1.92,0.0,0.0,0.0,0.0
2.37,0.0,0.0,0.0,0.0
1.92,0.0,0.04,0.0,0.0
3.27,0.0,0.06,0.0,0.0
6.43,0.0,0.0,0.0,0.0
6.88,2.43,0.0,0.0,0.0
7.78,2.38,0.0,0.0,0.0
9.13,5.23,1.85,0.0,0.0
10.47,2.06,3.84,0.0,0.0
12.72,1.59,5.91,0.0,0.0
14.07,11.41,9.69,0.0,0.0
13.17,4.91,15.49,0.0,0.0
12.27,15.54,17.26,0.0,0.0
11.37,14.6,15.99,0.0,0.0
11.37,3.49,11.37,0.0,0.0
12.72,4.91,8.21,0.0,0.0
12.72,3.65,7.85,0.0,0.0
11.82,2.54,7.59,0.0,0.0
10.92,1.58,7.33,0.0,0.0
10.02,6.34,7.02,0.0,0.0
9.13,6.66,6.94,0.0,0.0
5.08,6.81,3.57,0.0,0.0
2.38,2.38,1.97,0.0,0.0
2.38,0.0,0.0,0.0,0.0
1.92,0.0,0.0,0.0,0.0
2.37,0.0,0.0,0.0,0.0
1.92,0.0,0.3,0.0,0.0
3.27,0.0,0.13,0.0,0.0
6.43,0.0,0.23,0.0,0.0
6.88,2.44,0.0,0.0,0.0
7.78,2.38,0.02,0.0,0.0
9.13,5.24,2.51,0.0,0.0
10.47,2.06,3.71,0.0,0.0
12.72,1.59,7.21,0.0,0.0
14.07,11.43,18.14,0.0,0.0
13.17,4.92,27.21,0.0,0.0
12.27,15.56,27.24,0.0,0.0
11.37,14.62,22.35,0.0,0.0
11.37,3.5,18.03,0.0,0.0
12.72,4.92,13.79,0.0,0.0
12.72,3.66,12.59,0.0,0.0
11.82,2.54,11.46,0.0,0.0
10.92,1.59,9.78,0.0,0.0
10.02,6.35,9.55,0.0,0.0
9.13,6.67,9.33,0.0,0.0
5.08,6.83,5.62,0.0,0.0
2.38,2.38,3.51,0.0,0.0
2.38,0.0,0.0,0.0,0.0
1.92,0.0,0.0,0.0,0.0
2.37,0.0,0.0,0.0,0.0
1.92,0.0,0.62,0.0,0.0
3.27,0.0,2.67,0.0,0.0
6.43,0.0,4.33,0.0,0.0
6.88,2.44,3.9,0.0,0.0
7.78,2.38,3.59,0.0,0.0
9.13,5.25,8.02,0.0,0.0
10.47,2.07,18.44,0.0,0.0
12.72,1.59,23.37,0.0,0.0
14.07,11.46,29.43,0.0,0.0
13.17,4.93,33.28,0.0,0.0
12.27,15.6,30.44,0.0,0.0
11.37,14.64,24.95,0.0,0.0
11.37,3.5,21.37,0.0,0.0
12.72,4.93,19.97,0.0,0.0
12.72,3.66,17.31,0.0,0.0
11.82,2.55,14.76,0.0,0.0
10.92,1.59,12.36,0.0,0.0
10.02,6.37,9.53,0.0,0.0
9.13,6.68,8.83,0.0,0.0
5.08,6.85,5.23,0.0,0.0
2.38,2.39,3.39,0.0,0.0
2.38,0.0,0.0,0.0,0.0
1.92,0.0,0.0,0.0,0.0
2.37,0.0,0.0,0.0,0.0
1.92,0.0,0.64,0.0,0.0
3.27,0.0,0.23,0.0,0.0
6.41,0.0,0.22,0.0,0.0
6.88,0.0,0.0,0.0,0.0
7.78,2.45,0.1,0.0,0.0
9.13,2.39,3.0,0.0,0.0
10.47,2.39,13.58,0.0,0.0
12.72,1.59,23.5,0.0,0.0
14.07,11.48,27.16,0.0,0.0
13.17,9.56,25.37,0.0,0.0
12.27,15.63,22.58,0.0,0.0
11.37,14.68,17.9,0.0,0.0
11.37,3.98,20.28,0.0,0.0
12.72,3.98,18.98,0.0,0.0
12.72,3.67,11.68,0.0,0.0
11.82,2.55,9.18,0.0,0.0
10.92,1.59,7.72,0.0,0.0
10.02,6.38,6.61,0.0,0.0
9.13,6.7,5.75,0.0,0.0
5.08,6.85,1.99,0.0,0.0
2.38,0.0,0.54,0.0,0.0
2.38,0.0,0.0,0.0,0.0
1.92,0.0,0.0,0.0,0.0
2.37,0.0,0.0,0.0,0.0
1.92,0.0,0.0,0.0,0.0
3.27,0.0,0.0,0.0,0.0
6.41,0.0,0.0,0.0,0.0
6.88,0.0,0.0,0.0,0.0
7.78,2.46,0.0,0.0,0.0
9.13,2.4,0.0,0.0,0.0
10.47,2.4,0.0,0.0,0.0
12.72,1.59,0.0,0.0,0.0
14.07,11.5,0.0,0.0,0.0
13.17,9.58,0.1,0.0,0.0
12.27,15.66,0.31,0.0,0.0
11.37,14.71,0.46,0.0,0.0
11.37,3.99,0.25,0.0,0.0
12.72,3.99,0.0,0.0,0.0
12.72,3.67,0.0,0.0,0.0
11.82,2.56,0.0,0.0,0.0
10.92,1.59,0.0,0.0,0.0
10.02,6.39,0.0,0.0,0.0
9.13,6.71,0.0,0.0,0.0
5.08,6.86,0.0,0.0,0.0
2.38,0.0,0.0,0.0,0.0
2.38,0.0,0.0,0.0,0.0
1.92,0.0,0.0,0.0,0.0
2.37,0.0,0.0,0.0,0.0
1.92,0.0,0.0,0.0,0.0
3.27,0.0,0.0,0.0,0.0
6.43,0.0,0.0,0.0,0.0
6.88,2.46,0.0,0.0,0.0
7.78,2.4,0.0,0.0,0.0
9.13,5.28,0.0,0.0,0.0
10.47,2.08,0.0,0.0,0.0
12.72,1.61,0.04,0.0,0.0
14.07,11.52,1.95,0.0,0.0
13.17,4.96,3.22,0.0,0.0
12.27,15.68,3.92,0.0,0.0
11.37,14.73,4.22,0.0,0.0
11.37,3.52,4.06,0.0,0.0
12.72,4.96,3.29,0.0,0.0
12.72,3.68,2.29,0.0,0.0
11.82,2.56,1.25,0.0,0.0
10.92,1.6,0.23,0.0,0.0
10.02,6.4,0.0,0.0,0.0
9.13,6.72,0.07,0.0,0.0
5.08,6.88,0.0,0.0,0.0
2.38,2.4,0.0,0.0,0.0
2.38,0.0,0.0,0.0,0.0
1.92,0.0,0.0,0.0,0.0
2.37,0.0,0.0,0.0,0.0
1.92,0.0,0.0,0.0,0.0
3.27,0.0,0.0,0.0,0.0
6.43,0.0,0.0,0.0,0.0
6.88,2.45,0.0,0.0,0.0
7.78,2.4,0.0,0.0,0.0
9.13,5.29,0.0,0.0,0.0
10.47,2.09,0.0,0.0,0.0
12.72,1.6,0.37,0.0,0.0
14.07,11.54,2.06,0.0,0.0
13.17,4.97,3.12,0.0,0.0
12.27,15.71,3.95,0.0,0.0
11.37,14.75,4.41,0.0,0.0
11.37,3.53,4.31,0.0,0.0
12.72,4.97,3.66,0.0,0.0
12.72,3.69,2.63,0.0,0.0
11.82,2.56,1.83,0.0,0.0
10.92,1.6,0.61,0.0,0.0
10.02,6.41,0.13,0.0,0.0
9.13,6.73,0.0,0.0,0.0
5.08,6.89,0.0,0.0,0.0
2.38,2.4,0.0,0.0,0.0
2.38,0.0,0.0,0.0,0.0
1.92,0.0,0.0,0.0,0.0
2.37,0.0,0.0,0.0,0.0
1.92,0.0,0.0,0.0,0.0
3.27,0.0,0.0,0.0,0.0
6.43,0.0,0.0,0.0,0.0
6.88,2.45,0.0,0.0,0.0
7.78,2.41,0.0,0.0,0.0
9.13,5.3,0.0,0.0,0.0
10.47,2.09,0.0,0.0,0.0
12.72,1.61,0.0,0.0,0.0
14.07,11.56,0.0,0.0,0.0
13.17,4.98,0.06,0.0,0.0
12.27,15.73,0.47,0.0,0.0
11.37,14.78,0.75,0.0,0.0
11.37,3.54,0.64,0.0,0.0
12.72,4.97,0.13,0.0,0.0
12.72,3.7,0.0,0.0,0.0
11.82,2.57,0.0,0.0,0.0
10.92,1.6,0.0,0.0,0.0
10.02,6.42,0.0,0.0,0.0
9.13,6.75,0.0,0.0,0.0
5.08,6.9,0.0,0.0,0.0
2.38,2.41,0.0,0.0,0.0
2.38,0.0,0.0,0.0,0.0
1.92,0.0,0.0,0.0,0.0
2.37,0.0,0.0,0.0,0.0
1.92,0.0,0.0,0.0,0.0
3.27,0.0,0.0,0.0,0.0
6.43,0.0,0.0,0.0,0.0
6.88,2.45,0.0,0.0,0.0
7.78,2.42,0.0,0.0,0.0
9.13,5.31,0.0,0.0,0.0
10.47,2.09,0.0,0.0,0.0
12.72,1.61,0.0,0.0,0.0
14.07,11.58,1.48,0.0,0.0
13.17,4.99,2.06,0.0,0.0
12.27,15.76,2.0,0.0,0.0
11.37,14.81,1.96,0.0,0.0
11.37,3.54,1.74,0.0,0.0
12.72,4.98,1.38,0.0,0.0
12.72,3.7,0.85,0.0,0.0
11.82,2.57,0.39,0.0,0.0
10.92,1.61,0.25,0.0,0.0
10.02,6.43,0.01,0.0,0.0
9.13,6.76,0.0,0.0,0.0
5.08,6.92,0.0,0.0,0.0
2.38,2.41,0.0,0.0,0.0
2.38,0.0,0.0,0.0,0.0
1.92,0.0,0.0,0.0,0.0
2.37,0.0,0.0,0.0,0.0
1.92,0.0,0.0,0.0,0.0
3.27,0.0,0.0,0.0,0.0
6.43,0.0,0.0,0.0,0.0
6.88,2.45,0.0,0.0,0.0
7.78,2.42,0.0,0.0,0.0
9.13,5.31,0.0,0.0,0.0
10.47,2.09,0.0,0.0,0.0
12.72,1.62,0.64,0.0,0.0
14.07,11.6,2.61,0.0,0.0
13.17,5.0,2.97,0.0,0.0
12.27,15.79,2.76,0.0,0.0
11.37,14.83,2.43,0.0,0.0
11.37,3.55,2.35,0.0,0.0
12.72,4.99,2.24,0.0,0.0
12.72,3.71,1.48,0.0,0.0
11.82,2.58,0.66,0.0,0.0
10.92,1.61,0.0,0.0,0.0
10.02,6.44,0.0,0.0,0.0
9.13,6.77,0.0,0.0,0.0
5.08,6.93,0.0,0.0,0.0
2.38,2.42,0.0,0.0,0.0
2.38,0.0,0.0,0.0,0.0
1.92,0.0,0.0,0.0,0.0
2.37,0.0,0.0,0.0,0.0
1.92,0.0,0.0,0.0,0.0
3.27,0.0,0.0,0.0,0.0
6.41,0.0,0.0,0.0,0.0
6.88,0.0,0.0,0.0,0.0
7.78,2.47,0.0,0.0,0.0
9.13,2.42,0.0,0.0,0.0
10.47,2.42,0.1,0.0,0.0
12.72,1.62,2.0,0.0,0.0
14.07,11.62,4.07,0.0,0.0
13.17,9.68,4.38,0.0,0.0
12.27,15.81,4.49,0.0,0.0
11.37,14.86,5.1,0.0,0.0
11.37,4.03,5.36,0.0,0.0
12.72,4.04,4.88,0.0,0.0
12.72,3.71,3.83,0.0,0.0
11.82,2.59,2.63,0.0,0.0
10.92,1.61,1.61,0.0,0.0
10.02,6.46,1.55,0.0,0.0
9.13,6.77,0.95,0.0,0.0
5.08,6.94,0.0,0.0,0.0
2.38,0.0,0.0,0.0,0.0
2.38,0.0,0.0,0.0,0.0
1.92,0.0,0.0,0.0,0.0
2.37,0.0,0.0,0.0,0.0
1.92,0.0,0.0,0.0,0.0
3.27,0.0,0.0,0.0,0.0
6.41,0.0,0.0,0.0,0.0
6.88,0.0,0.0,0.0,0.0
7.78,2.49,0.0,0.0,0.0
9.13,2.43,0.0,0.0,0.0
10.47,2.43,0.0,0.0,0.0
12.72,1.61,1.85,0.0,0.0
14.07,11.64,4.44,0.0,0.0
13.17,9.7,5.39,0.0,0.0
12.27,15.85,5.84,0.0,0.0
11.37,14.88,5.97,0.0,0.0
11.37,4.04,5.49,0.0,0.0
12.72,4.04,4.58,0.0,0.0
12.72,3.72,3.5,0.0,0.0
11.82,2.58,2.42,0.0,0.0
10.92,1.62,1.52,0.0,0.0
10.02,6.46,1.19,0.0,0.0
9.13,6.79,0.05,0.0,0.0
5.08,6.95,0.0,0.0,0.0
2.38,0.0,0.0,0.0,0.0
2.38,0.0,0.0,0.0,0.0
1.92,0.0,0.0,0.0,0.0
2.37,0.0,0.0,0.0,0.0
1.92,0.0,0.04,0.0,0.0
3.27,0.0,0.05,0.0,0.0
6.43,0.0,0.0,0.0,0.0
6.88,2.48,0.0,0.0,0.0
7.78,2.42,0.0,0.0,0.0
9.13,5.35,1.38,0.0,0.0
10.47,2.11,3.8,0.0,0.0
12.72,1.62,6.3,0.0,0.0
14.07,11.66,12.64,0.0,0.0
13.17,5.02,24.49,0.0,0.0
12.27,15.87,27.27,0.0,0.0
11.37,14.9,22.92,0.0,0.0
11.37,3.56,19.08,0.0,0.0
12.72,5.01,15.71,0.0,0.0
12.72,3.73,9.91,0.0,0.0
11.82,2.59,8.55,0.0,0.0
10.92,1.62,8.35,0.0,0.0
10.02,6.47,7.72,0.0,0.0
9.13,6.8,6.63,0.0,0.0
5.08,6.96,2.33,0.0,0.0
2.38,2.43,2.12,0.0,0.0
2.38,0.0,0.0,0.0,0.0
1.92,0.0,0.0,0.0,0.0
2.37,0.0,0.0,0.0,0.0
1.92,0.0,0.21,0.0,0.0
3.27,0.0,0.25,0.0,0.0
6.43,0.0,0.37,0.0,0.0
6.88,2.47,0.0,0.0,0.0
7.78,2.43,0.0,0.0,0.0
9.13,5.35,0.01,0.0,0.0
10.47,2.11,0.51,0.0,0.0
12.72,1.63,1.94,0.0,0.0
14.07,11.68,3.02,0.0,0.0
13.17,5.03,3.52,0.0,0.0
12.27,15.89,3.85,0.0,0.0
11.37,14.93,4.08,0.0,0.0
11.37,3.57,3.75,0.0,0.0
12.72,5.02,2.98,0.0,0.0
12.72,3.73,2.12,0.0,0.0
11.82,2.59,1.51,0.0,0.0
10.92,1.62,0.69,0.0,0.0
10.02,6.48,0.7,0.0,0.0
9.13,6.82,0.04,0.0,0.0
5.08,6.97,0.0,0.0,0.0
2.38,2.43,0.0,0.0,0.0
2.38,0.0,0.0,0.0,0.0
1.92,0.0,0.0,0.0,0.0
2.37,0.0,0.0,0.0,0.0
1.92,0.0,0.0,0.0,0.0
3.27,0.0,0.0,0.0,0.0
6.43,0.0,0.0,0.0,0.0
6.88,2.49,0.0,0.0,0.0
7.78,2.43,0.0,0.0,0.0
9.13,5.36,0.0,0.0,0.0
10.47,2.11,0.0,0.0,0.0
12.72,1.62,0.0,0.0,0.0
14.07,11.69,0.96,0.0,0.0
13.17,5.04,1.24,0.0,0.0
12.27,15.92,1.46,0.0,0.0
11.37,14.94,1.31,0.0,0.0
11.37,3.58,0.96,0.0,0.0
12.72,5.03,0.49,0.0,0.0
12.72,3.74,0.03,0.0,0.0
11.82,2.6,0.0,0.0,0.0
10.92,1.62,0.0,0.0,0.0
10.02,6.49,0.0,0.0,0.0
9.13,6.83,0.0,0.0,0.0
5.08,6.99,0.0,0.0,0.0
2.38,2.43,0.0,0.0,0.0
2.38,0.0,0.0,0.0,0.0
1.92,0.0,0.0,0.0,0.0
2.37,0.0,0.0,0.0,0.0
1.92,0.0,0.0,0.0,0.0
3.27,0.0,0.0,0.0,0.0
6.43,0.0,0.0,0.0,0.0
6.88,2.47,0.0,0.0,0.0
7.78,2.44,0.0,0.0,0.0
9.13,5.36,0.0,0.0,0.0
10.47,2.11,0.27,0.0,0.0
12.72,1.63,2.72,0.0,0.0
14.07,11.71,4.78,0.0,0.0
13.17,5.04,5.47,0.0,0.0
12.27,15.95,5.95,0.0,0.0
11.37,14.97,6.13,0.0,0.0
11.37,3.58,5.74,0.0,0.0
12.72,5.05,4.95,0.0,0.0
12.72,3.74,4.48,0.0,0.0
11.82,2.6,3.75,0.0,0.0
10.92,1.62,2.72,0.0,0.0
10.02,6.51,2.25,0.0,0.0
9.13,6.83,1.95,0.0,0.0
5.08,6.99,0.0,0.0,0.0
2.38,2.44,0.09,0.0,0.0
2.38,0.0,0.0,0.0,0.0
1.92,0.0,0.0,0.0,0.0
2.37,0.0,0.0,0.0,0.0
1.92,0.0,0.04,0.0,0.0
3.27,0.0,0.05,0.0,0.0
6.43,0.0,0.0,0.0,0.0
6.88,2.48,0.0,0.0,0.0
7.78,2.44,0.0,0.0,0.0
9.13,5.37,0.0,0.0,0.0
10.47,2.12,0.0,0.0,0.0
12.72,1.63,0.0,0.0,0.0
14.07,11.73,0.17,0.0,0.0
13.17,5.05,0.07,0.0,0.0
12.27,15.96,0.0,0.0,0.0
11.37,14.99,0.0,0.0,0.0
11.37,3.59,0.0,0.0,0.0
12.72,5.05,0.0,0.0,0.0
12.72,3.75,0.0,0.0,0.0
11.82,2.6,0.0,0.0,0.0
10.92,1.63,0.0,0.0,0.0
10.02,6.51,0.0,0.0,0.0
9.13,6.84,0.0,0.0,0.0
5.08,7.01,0.0,0.0,0.0
2.38,2.44,0.0,0.0,0.0
2.38,0.0,0.0,0.0,0.0
1.92,0.0,0.0,0.0,0.0
2.37,0.0,0.0,0.0,0.0
1.92,0.0,0.0,0.0,0.0
3.27,0.0,0.0,0.0,0.0
6.41,0.0,0.0,0.0,0.0
6.88,0.0,0.0,0.0,0.0
7.78,2.51,0.0,0.0,0.0
9.13,2.45,0.0,0.0,0.0
10.47,2.44,0.0,0.0,0.0
12.72,1.63,0.0,0.0,0.0
14.07,11.75,0.0,0.0,0.0
13.17,9.79,0.0,0.0,0.0
12.27,15.99,0.0,0.0,0.0
11.37,15.01,0.0,0.0,0.0
11.37,4.08,0.0,0.0,0.0
12.72,4.08,0.0,0.0,0.0
12.72,3.75,0.0,0.0,0.0
11.82,2.61,0.0,0.0,0.0
10.92,1.62,0.0,0.0,0.0
10.02,6.53,0.0,0.0,0.0
9.13,6.85,0.0,0.0,0.0
5.08,7.01,0.0,0.0,0.0
2.38,0.0,0.0,0.0,0.0
2.38,0.0,0.0,0.0,0.0
1.92,0.0,0.0,0.0,0.0
2.37,0.0,0.0,0.0,0.0
1.92,0.0,0.0,0.0,0.0
3.27,0.0,0.0,0.0,0.0
6.41,0.0,0.0,0.0,0.0
6.88,0.0,0.0,0.0,0.0
7.78,2.51,0.0,0.0,0.0
9.13,2.45,0.0,0.0,0.0
10.47,2.45,0.0,0.0,0.0
12.72,1.64,0.0,0.0,0.0
14.07,11.76,1.08,0.0,0.0
13.17,9.81,1.57,0.0,0.0
12.27,16.01,1.42,0.0,0.0
11.37,15.04,1.44,0.0,0.0
11.37,4.08,1.09,0.0,0.0
12.72,4.09,0.68,0.0,0.0
12.72,3.75,0.25,0.0,0.0
11.82,2.62,0.0,0.0,0.0
10.92,1.63,0.0,0.0,0.0
10.02,6.54,0.0,0.0,0.0
9.13,6.86,0.0,0.0,0.0
5.08,7.02,0.0,0.0,0.0
2.38,0.0,0.0,0.0,0.0
2.38,0.0,0.0,0.0,0.0
1.92,0.0,0.0,0.0,0.0
2.37,0.0,0.0,0.0,0.0
1.92,0.0,0.05,0.0,0.0
3.27,0.0,0.0,0.0,0.0
6.43,0.0,0.06,0.0,0.0
6.88,2.51,0.0,0.0,0.0
7.78,2.45,0.0,0.0,0.0
9.13,5.4,0.49,0.0,0.0
10.47,2.13,2.66,0.0,0.0
12.72,1.63,6.79,0.0,0.0
14.07,11.78,13.36,0.0,0.0
13.17,5.07,25.5,0.0,0.0
12.27,16.03,28.59,0.0,0.0
11.37,15.06,25.15,0.0,0.0
11.37,3.6,21.57,0.0,0.0
12.72,5.07,19.58,0.0,0.0
12.72,3.77,11.94,0.0,0.0
11.82,2.61,10.19,0.0,0.0
10.92,1.64,10.1,0.0,0.0
10.02,6.54,10.37,0.0,0.0
9.13,6.87,10.21,0.0,0.0
5.08,7.04,6.61,0.0,0.0
2.38,2.45,4.46,0.0,0.0
2.38,0.0,0.0,0.0,0.0
1.92,0.0,0.0,0.0,0.0
2.37,0.0,0.0,0.0,0.0
1.92,0.0,0.73,0.0,0.0
3.27,0.0,2.97,0.0,0.0
6.43,0.0,4.82,0.0,0.0
6.88,2.51,3.82,0.0,0.0
7.78,2.45,2.88,0.0,0.0
9.13,5.41,6.69,0.0,0.0
10.47,2.13,8.49,0.0,0.0
12.72,1.63,9.99,0.0,0.0
14.07,11.79,16.32,0.0,0.0
13.17,5.08,27.55,0.0,0.0
12.27,16.05,32.85,0.0,0.0
11.37,15.08,29.68,0.0,0.0
11.37,3.61,24.5,0.0,0.0
12.72,5.07,16.86,0.0,0.0
12.72,3.77,7.72,0.0,0.0
11.82,2.61,5.92,0.0,0.0
10.92,1.64,4.94,0.0,0.0
10.02,6.55,5.09,0.0,0.0
9.13,6.88,4.35,0.0,0.0
5.08,7.05,1.86,0.0,0.0
2.38,2.46,1.28,0.0,0.0
2.38,0.0,0.0,0.0,0.0
1.92,0.0,0.0,0.0,0.0
2.37,0.0,0.0,0.0,0.0
1.92,0.0,0.0,0.0,0.0
3.27,0.0,0.0,0.0,0.0
6.43,0.0,0.0,0.0,0.0
6.88,2.51,0.0,0.0,0.0
7.78,2.46,0.0,0.0,0.0
9.13,5.42,0.0,0.0,0.0
10.47,2.13,0.0,0.0,0.0
12.72,1.64,0.0,0.0,0.0
14.07,11.81,0.53,0.0,0.0
13.17,5.09,0.58,0.0,0.0
12.27,16.07,0.6,0.0,0.0
11.37,15.1,0.31,0.0,0.0
11.37,3.61,0.0,0.0,0.0
12.72,5.08,0.0,0.0,0.0
12.72,3.78,0.0,0.0,0.0
11.82,2.62,0.0,0.0,0.0
10.92,1.65,0.0,0.0,0.0
10.02,6.56,0.0,0.0,0.0
9.13,6.89,0.0,0.0,0.0
5.08,7.05,0.0,0.0,0.0
2.38,2.46,0.0,0.0,0.0
2.38,0.0,0.0,0.0,0.0
1.92,0.0,0.0,0.0,0.0
2.37,0.0,0.0,0.0,0.0
1.92,0.0,0.0,0.0,0.0
3.27,0.0,0.0,0.0,0.0
6.41,0.0,0.0,0.0,0.0
6.88,0.0,0.0,0.0,0.0
7.78,2.52,0.0,0.0,0.0
9.13,2.46,0.0,0.0,0.0
10.47,2.46,0.0,0.0,0.0
12.72,1.65,0.0,0.0,0.0
14.07,11.82,0.0,0.0,0.0
13.17,9.85,0.29,0.0,0.0
12.27,16.09,0.76,0.0,0.0
11.37,15.12,0.72,0.0,0.0
11.37,4.1,0.51,0.0,0.0
12.72,4.11,0.03,0.0,0.0
12.72,3.77,0.0,0.0,0.0
11.82,2.63,0.0,0.0,0.0
10.92,1.64,0.0,0.0,0.0
10.02,6.57,0.0,0.0,0.0
9.13,6.9,0.0,0.0,0.0
5.08,7.06,0.0,0.0,0.0
2.38,0.0,0.0,0.0,0.0
2.38,0.0,0.0,0.0,0.0
1.92,0.0,0.0,0.0,0.0
2.37,0.0,0.0,0.0,0.0
1.92,0.0,0.0,0.0,0.0
3.27,0.0,0.0,0.0,0.0
6.43,0.0,0.0,0.0,0.0
6.88,2.51,0.0,0.0,0.0
7.78,2.46,0.0,0.0,0.0
9.13,5.43,0.0,0.0,0.0
10.47,2.14,0.33,0.0,0.0
12.72,1.65,2.34,0.0,0.0
14.07,11.84,5.06,0.0,0.0
13.17,5.09,5.71,0.0,0.0
12.27,16.12,5.37,0.0,0.0
11.37,15.14,5.37,0.0,0.0
11.37,3.62,5.34,0.0,0.0
12.72,5.09,4.85,0.0,0.0
12.72,3.78,4.21,0.0,0.0
11.82,2.63,3.91,0.0,0.0
10.92,1.65,2.95,0.0,0.0
10.02,6.57,3.51,0.0,0.0
9.13,6.9,3.21,0.0,0.0
5.08,7.07,1.38,0.0,0.0
2.38,2.47,1.48,0.0,0.0
2.38,0.0,0.0,0.0,0.0
1.92,0.0,0.0,0.0,0.0
2.37,0.0,0.0,0.0,0.0
1.92,0.0,0.36,0.0,0.0
3.27,0.0,0.19,0.0,0.0
6.41,0.0,0.22,0.0,0.0
6.88,0.0,0.0,0.0,0.0
7.78,2.53,0.0,0.0,0.0
9.13,2.47,1.67,0.0,0.0
10.47,2.46,4.16,0.0,0.0
12.72,1.65,6.36,0.0,0.0
14.07,11.85,8.89,0.0,0.0
13.17,9.88,9.87,0.0,0.0
12.27,16.13,10.31,0.0,0.0
11.37,15.15,10.76,0.0,0.0
11.37,4.11,10.71,0.0,0.0
12.72,4.12,10.85,0.0,0.0
12.72,3.78,11.05,0.0,0.0
11.82,2.63,10.77,0.0,0.0
10.92,1.64,10.84,0.0,0.0
10.02,6.58,10.85,0.0,0.0
9.13,6.92,10.62,0.0,0.0
5.08,7.08,6.7,0.0,0.0
2.38,0.0,3.68,0.0,0.0
2.38,0.0,0.0,0.0,0.0
1.92,0.0,0.0,0.0,0.0
2.37,0.0,0.0,0.0,0.0
1.92,0.0,0.56,0.0,0.0
3.27,0.0,0.32,0.0,0.0
6.41,0.0,0.51,0.0,0.0
6.88,0.0,0.5,0.0,0.0
7.78,2.53,1.91,0.0,0.0
9.13,2.47,3.55,0.0,0.0
10.47,2.47,2.95,0.0,0.0
12.72,1.65,2.9,0.0,0.0
14.07,11.87,3.72,0.0,0.0
13.17,9.89,3.79,0.0,0.0
12.27,16.15,3.39,0.0,0.0
11.37,15.17,3.09,0.0,0.0
11.37,4.12,2.99,0.0,0.0
12.72,4.12,2.66,0.0,0.0
12.72,3.79,2.45,0.0,0.0
11.82,2.63,1.69,0.0,0.0
10.92,1.65,1.28,0.0,0.0
10.02,6.59,1.3,0.0,0.0
9.13,6.93,0.25,0.0,0.0
5.08,7.09,0.0,0.0,0.0
2.38,0.0,0.0,0.0,0.0
2.38,0.0,0.0,0.0,0.0
1.92,0.0,0.0,0.0,0.0
2.37,0.0,0.0,0.0,0.0
1.92,0.0,0.03,0.0,0.0
3.27,0.0,0.0,0.0,0.0
6.43,0.0,0.0,0.0,0.0
6.88,2.51,0.0,0.0,0.0
7.78,2.48,0.0,0.0,0.0
9.13,5.44,0.0,0.0,0.0
10.47,2.14,0.0,0.0,0.0
12.72,1.66,0.02,0.0,0.0
14.07,11.88,2.34,0.0,0.0
13.17,5.11,3.83,0.0,0.0
12.27,16.18,3.9,0.0,0.0
11.37,15.19,3.38,0.0,0.0
11.37,3.63,3.01,0.0,0.0
12.72,5.12,2.92,0.0,0.0
12.72,3.79,2.94,0.0,0.0
11.82,2.64,2.96,0.0,0.0
10.92,1.65,2.53,0.0,0.0
10.02,6.6,1.97,0.0,0.0
9.13,6.93,1.45,0.0,0.0
5.08,7.1,0.0,0.0,0.0
2.38,2.47,0.05,0.0,0.0
2.38,0.0,0.0,0.0,0.0
1.92,0.0,0.0,0.0,0.0
2.37,0.0,0.0,0.0,0.0
1.92,0.0,0.02,0.0,0.0
3.27,0.0,0.01,0.0,0.0
6.43,0.0,0.0,0.0,0.0
6.88,2.53,0.0,0.0,0.0
7.78,2.47,0.0,0.0,0.0
9.13,5.45,0.0,0.0,0.0
10.47,2.15,0.0,0.0,0.0
12.72,1.65,0.0,0.0,0.0
14.07,11.9,0.0,0.0,0.0
13.17,5.12,0.0,0.0,0.0
12.27,16.19,0.0,0.0,0.0
11.37,15.21,0.0,0.0,0.0
11.37,3.64,0.0,0.0,0.0
12.72,5.12,0.0,0.0,0.0
12.72,3.8,0.0,0.0,0.0
11.82,2.64,0.0,0.0,0.0
10.92,1.65,0.0,0.0,0.0
10.02,6.6,0.0,0.0,0.0
9.13,6.93,0.0,0.0,0.0
5.08,7.1,0.0,0.0,0.0
2.38,2.48,0.0,0.0,0.0
2.38,0.0,0.0,0.0,0.0
1.92,0.0,0.0,0.0,0.0
2.37,0.0,0.0,0.0,0.0
1.92,0.0,0.0,0.0,0.0
3.27,0.0,0.0,0.0,0.0
6.43,0.0,0.0,0.0,0.0
6.88,2.52,0.0,0.0,0.0
7.78,2.48,0.0,0.0,0.0
9.13,5.46,0.0,0.0,0.0
10.47,2.15,0.0,0.0,0.0
12.72,1.66,0.0,0.0,0.0
14.07,11.91,0.0,0.0,0.0
13.17,5.12,0.0,0.0,0.0
12.27,16.22,0.0,0.0,0.0
11.37,15.22,0.0,0.0,0.0
11.37,3.64,0.0,0.0,0.0
12.72,5.13,0.0,0.0,0.0
12.72,3.8,0.0,0.0,0.0
11.82,2.64,0.0,0.0,0.0
10.92,1.65,0.0,0.0,0.0
10.02,6.61,0.0,0.0,0.0
9.13,6.95,0.0,0.0,0.0
5.08,7.11,0.0,0.0,0.0
2.38,2.48,0.0,0.0,0.0
2.38,0.0,0.0,0.0,0.0
1.92,0.0,0.0,0.0,0.0
2.37,0.0,0.0,0.0,0.0
1.92,0.0,0.0,0.0,0.0
3.27,0.0,0.0,0.0,0.0
6.41,0.0,0.0,0.0,0.0
6.88,0.0,0.0,0.0,0.0
7.78,2.54,0.0,0.0,0.0
9.13,2.48,0.0,0.0,0.0
10.47,2.48,0.0,0.0,0.0
12.72,1.66,0.0,0.0,0.0
14.07,11.92,0.0,0.0,0.0
13.17,9.93,0.25,0.0,0.0
12.27,16.22,0.73,0.0,0.0
11.37,15.24,0.78,0.0,0.0
11.37,4.14,0.25,0.0,0.0
12.72,4.14,0.01,0.0,0.0
12.72,3.81,0.27,0.0,0.0
11.82,2.64,0.04,0.0,0.0
10.92,1.66,0.36,0.0,0.0
10.02,6.62,0.64,0.0,0.0
9.13,6.95,0.0,0.0,0.0
5.08,7.12,0.0,0.0,0.0
2.38,0.0,0.0,0.0,0.0
2.38,0.0,0.0,0.0,0.0
1.92,0.0,0.0,0.0,0.0
2.37,0.0,0.0,0.0,0.0
1.92,0.0,0.05,0.0,0.0
3.27,0.0,0.06,0.0,0.0
6.43,0.0,0.22,0.0,0.0
6.88,2.55,0.0,0.0,0.0
7.78,2.49,0.0,0.0,0.0
9.13,5.47,1.07,0.0,0.0
10.47,2.15,3.15,0.0,0.0
12.72,1.65,6.95,0.0,0.0
14.07,11.93,14.88,0.0,0.0
13.17,5.14,24.7,0.0,0.0
12.27,16.24,26.3,0.0,0.0
11.37,15.25,22.5,0.0,0.0
11.37,3.65,19.61,0.0,0.0
12.72,5.13,16.14,0.0,0.0
12.72,3.81,10.45,0.0,0.0
11.82,2.65,9.74,0.0,0.0
10.92,1.66,9.13,0.0,0.0
10.02,6.63,9.22,0.0,0.0
9.13,6.96,8.25,0.0,0.0
5.08,7.13,4.87,0.0,0.0
2.38,2.49,2.94,0.0,0.0
2.38,0.0,0.0,0.0,0.0
1.92,0.0,0.0,0.0,0.0
2.37,0.0,0.0,0.0,0.0
1.92,0.0,0.74,0.0,0.0
3.27,0.0,0.32,0.0,0.0
6.41,0.0,0.48,0.0,0.0
6.88,0.0,0.75,0.0,0.0
7.78,2.54,2.87,0.0,0.0
9.13,2.49,5.36,0.0,0.0
10.47,2.48,9.24,0.0,0.0
12.72,1.66,13.55,0.0,0.0
14.07,11.94,16.74,0.0,0.0
13.17,9.95,23.69,0.0,0.0
12.27,16.26,29.18,0.0,0.0
11.37,15.27,26.91,0.0,0.0
11.37,4.14,24.58,0.0,0.0
12.72,4.15,23.86,0.0,0.0
12.72,3.82,22.5,0.0,0.0
11.82,2.65,24.72,0.0,0.0
10.92,1.66,25.41,0.0,0.0
10.02,6.63,22.97,0.0,0.0
9.13,6.97,11.57,0.0,0.0
5.08,7.13,4.74,0.0,0.0
2.38,0.0,1.81,0.0,0.0
2.38,0.0,0.0,0.0,0.0
1.92,0.0,0.0,0.0,0.0
2.37,0.0,0.0,0.0,0.0
1.92,0.0,0.07,0.0,0.0
3.27,0.0,0.0,0.0,0.0
6.41,0.0,0.07,0.0,0.0
6.88,0.0,0.0,0.0,0.0
7.78,2.55,0.0,0.0,0.0
9.13,2.5,0.0,0.0,0.0
10.47,2.49,0.0,0.0,0.0
12.72,1.65,0.0,0.0,0.0
14.07,11.96,1.38,0.0,0.0
13.17,9.97,1.72,0.0,0.0
12.27,16.27,1.83,0.0,0.0
11.37,15.27,2.24,0.0,0.0
11.37,4.15,2.34,0.0,0.0
12.72,4.15,1.65,0.0,0.0
12.72,3.82,0.6,0.0,0.0
11.82,2.65,0.0,0.0,0.0
10.92,1.66,0.0,0.0,0.0
10.02,6.64,0.0,0.0,0.0
9.13,6.97,0.0,0.0,0.0
5.08,7.14,0.0,0.0,0.0
2.38,0.0,0.0,0.0,0.0
2.38,0.0,0.0,0.0,0.0
1.92,0.0,0.0,0.0,0.0
2.37,0.0,0.0,0.0,0.0
1.92,0.0,0.0,0.0,0.0
3.27,0.0,0.0,0.0,0.0
6.43,0.0,0.0,0.0,0.0
6.88,2.53,0.0,0.0,0.0
7.78,2.49,0.0,0.0,0.0
9.13,5.48,0.0,0.0,0.0
10.47,2.16,0.0,0.0,0.0
12.72,1.66,0.0,0.0,0.0
14.07,11.96,0.0,0.0,0.0
13.17,5.15,0.0,0.0,0.0
12.27,16.29,0.0,0.0,0.0
11.37,15.29,0.0,0.0,0.0
11.37,3.66,0.0,0.0,0.0
12.72,5.15,0.0,0.0,0.0
12.72,3.83,0.0,0.0,0.0
11.82,2.65,0.0,0.0,0.0
10.92,1.66,0.0,0.0,0.0
10.02,6.64,0.0,0.0,0.0
9.13,6.98,0.0,0.0,0.0
5.08,7.15,0.0,0.0,0.0
2.38,2.5,0.0,0.0,0.0
2.38,0.0,0.0,0.0,0.0
1.92,0.0,0.0,0.0,0.0
2.37,0.0,0.0,0.0,0.0
1.92,0.0,0.0,0.0,0.0
3.27,0.0,0.0,0.0,0.0
6.43,0.0,0.0,0.0,0.0
6.88,2.54,0.0,0.0,0.0
7.78,2.5,0.0,0.0,0.0
9.13,5.49,0.0,0.0,0.0
10.47,2.16,0.0,0.0,0.0
12.72,1.67,0.0,0.0,0.0
14.07,11.97,0.12,0.0,0.0
13.17,5.15,1.17,0.0,0.0
12.27,16.3,1.64,0.0,0.0
11.37,15.3,1.75,0.0,0.0
11.37,3.66,2.05,0.0,0.0
12.72,5.15,1.7,0.0,0.0
12.72,3.83,0.72,0.0,0.0
11.82,2.65,0.02,0.0,0.0
10.92,1.67,0.0,0.0,0.0
10.02,6.65,0.0,0.0,0.0
9.13,6.98,0.0,0.0,0.0
5.08,7.15,0.0,0.0,0.0
2.38,2.5,0.0,0.0,0.0
2.38,0.0,0.0,0.0,0.0
1.92,0.0,0.0,0.0,0.0
2.37,0.0,0.0,0.0,0.0
1.92,0.0,0.0,0.0,0.0
3.27,0.0,0.0,0.0,0.0
6.43,0.0,0.0,0.0,0.0
6.88,2.54,0.0,0.0,0.0
7.78,2.5,0.0,0.0,0.0
9.13,5.49,0.0,0.0,0.0
10.47,2.16,0.0,0.0,0.0
12.72,1.67,0.0,0.0,0.0
14.07,11.98,0.0,0.0,0.0
13.17,5.16,0.06,0.0,0.0
12.27,16.32,0.61,0.0,0.0
11.37,15.31,0.82,0.0,0.0
11.37,3.66,0.42,0.0,0.0
12.72,5.15,0.01,0.0,0.0
12.72,3.83,0.0,0.0,0.0
11.82,2.66,0.0,0.0,0.0
10.92,1.67,0.0,0.0,0.0
10.02,6.65,0.0,0.0,0.0
9.13,6.99,0.0,0.0,0.0
5.08,7.16,0.0,0.0,0.0
2.38,2.5,0.0,0.0,0.0
2.38,0.0,0.0,0.0,0.0
1.92,0.0,0.0,0.0,0.0
2.37,0.0,0.0,0.0,0.0
1.92,0.0,0.0,0.0,0.0
3.27,0.0,0.0,0.0,0.0
6.43,0.0,0.0,0.0,0.0
6.88,2.54,0.0,0.0,0.0
7.78,2.5,0.0,0.0,0.0
9.13,5.49,0.0,0.0,0.0
10.47,2.16,0.0,0.0,0.0
12.72,1.67,0.0,0.0,0.0
14.07,11.99,0.0,0.0,0.0
13.17,5.16,0.0,0.0,0.0
12.27,16.33,0.0,0.0,0.0
11.37,15.32,0.0,0.0,0.0
11.37,3.67,0.0,0.0,0.0
12.72,5.16,0.0,0.0,0.0
12.72,3.83,0.0,0.0,0.0
11.82,2.66,0.0,0.0,0.0
10.92,1.67,0.0,0.0,0.0
10.02,6.66,0.0,0.0,0.0
9.13,6.99,0.0,0.0,0.0
5.08,7.16,0.0,0.0,0.0
2.38,2.5,0.0,0.0,0.0
2.38,0.0,0.0,0.0,0.0
1.92,0.0,0.0,0.0,0.0
2.37,0.0,0.0,0.0,0.0
1.92,0.0,0.0,0.0,0.0
3.27,0.0,0.0,0.0,0.0
6.43,0.0,0.0,0.0,0.0
6.88,2.54,0.0,0.0,0.0
7.78,2.5,0.0,0.0,0.0
9.13,5.5,0.0,0.0,0.0
10.47,2.17,0.0,0.0,0.0
12.72,1.67,0.0,0.0,0.0
14.07,12.0,0.0,0.0,0.0
13.17,5.17,0.0,0.0,0.0
12.27,16.34,0.0,0.0,0.0
11.37,15.33,0.0,0.0,0.0
11.37,3.67,0.0,0.0,0.0
12.72,5.16,0.0,0.0,0.0
12.72,3.84,0.0,0.0,0.0
11.82,2.66,0.0,0.0,0.0
10.92,1.67,0.0,0.0,0.0
10.02,6.67,0.0,0.0,0.0
9.13,7.0,0.0,0.0,0.0
5.08,7.17,0.0,0.0,0.0
2.38,2.5,0.0,0.0,0.0
2.38,0.0,0.0,0.0,0.0
1.92,0.0,0.0,0.0,0.0
2.37,0.0,0.0,0.0,0.0
1.92,0.0,0.0,0.0,0.0
3.27,0.0,0.0,0.0,0.0
6.41,0.0,0.0,0.0,0.0
6.88,0.0,0.0,0.0,0.0
7.78,2.55,0.0,0.0,0.0
9.13,2.5,0.0,0.0,0.0
10.47,2.5,0.0,0.0,0.0
12.72,1.66,0.0,0.0,0.0
14.07,12.01,0.0,0.0,0.0
13.17,10.01,0.0,0.0,0.0
12.27,16.35,0.0,0.0,0.0
11.37,15.34,0.0,0.0,0.0
11.37,4.17,0.0,0.0,0.0
12.72,4.17,0.0,0.0,0.0
12.72,3.83,0.0,0.0,0.0
11.82,2.67,0.0,0.0,0.0
10.92,1.67,0.0,0.0,0.0
10.02,6.67,0.0,0.0,0.0
9.13,7.01,0.0,0.0,0.0
5.08,7.17,0.0,0.0,0.0
2.38,0.0,0.0,0.0,0.0
2.38,0.0,0.0,0.0,0.0
1.92,0.0,0.0,0.0,0.0
2.37,0.0,0.0,0.0,0.0
1.92,0.0,0.0,0.0,0.0
3.27,0.0,0.0,0.0,0.0
6.41,0.0,0.0,0.0,0.0
6.88,0.0,0.0,0.0,0.0
7.78,2.56,0.0,0.0,0.0
9.13,2.51,0.0,0.0,0.0
10.47,2.5,0.0,0.0,0.0
12.72,1.67,0.0,0.0,0.0
14.07,12.02,1.87,0.0,0.0
13.17,10.02,2.19,0.0,0.0
12.27,16.36,1.96,0.0,0.0
11.37,15.36,2.48,0.0,0.0
11.37,4.17,2.04,0.0,0.0
12.72,4.17,0.77,0.0,0.0
12.72,3.84,0.07,0.0,0.0
11.82,2.67,0.0,0.0,0.0
10.92,1.67,0.0,0.0,0.0
10.02,6.67,0.0,0.0,0.0
9.13,7.01,0.0,0.0,0.0
5.08,7.18,0.0,0.0,0.0
2.38,0.0,0.0,0.0,0.0
2.38,0.0,0.0,0.0,0.0
1.92,0.0,0.0,0.0,0.0
2.37,0.0,0.0,0.0,0.0
1.92,0.0,0.15,0.0,0.0
3.27,0.0,0.0,0.0,0.0
6.43,0.0,0.0,0.0,0.0
6.88,2.56,0.0,0.0,0.0
7.78,2.5,0.0,0.0,0.0
9.13,5.51,0.26,0.0,0.0
10.47,2.17,2.28,0.0,0.0
12.72,1.66,4.6,0.0,0.0
14.07,12.03,6.92,0.0,0.0
13.17,5.18,8.13,0.0,0.0
12.27,16.37,7.68,0.0,0.0
11.37,15.37,7.19,0.0,0.0
11.37,3.68,7.05,0.0,0.0
12.72,5.17,5.89,0.0,0.0
12.72,3.84,4.8,0.0,0.0
11.82,2.67,4.33,0.0,0.0
10.92,1.67,3.35,0.0,0.0
10.02,6.68,2.42,0.0,0.0
9.13,7.01,1.44,0.0,0.0
5.08,7.18,0.0,0.0,0.0
2.38,2.5,0.0,0.0,0.0
2.38,0.0,0.0,0.0,0.0
1.92,0.0,0.0,0.0,0.0
2.37,0.0,0.0,0.0,0.0
1.92,0.0,0.0,0.0,0.0
3.27,0.0,0.0,0.0,0.0
6.43,0.0,0.0,0.0,0.0
6.88,2.54,0.0,0.0,0.0
7.78,2.51,0.0,0.0,0.0
9.13,5.51,0.0,0.0,0.0
10.47,2.17,0.0,0.0,0.0
12.72,1.67,0.0,0.0,0.0
14.07,12.03,0.0,0.0,0.0
13.17,5.18,0.0,0.0,0.0
12.27,16.38,0.0,0.0,0.0
11.37,15.37,0.0,0.0,0.0
11.37,3.68,0.0,0.0,0.0
12.72,5.18,0.0,0.0,0.0
12.72,3.84,0.0,0.0,0.0
11.82,2.67,0.0,0.0,0.0
10.92,1.67,0.0,0.0,0.0
10.02,6.68,0.0,0.0,0.0
9.13,7.02,0.0,0.0,0.0
5.08,7.19,0.0,0.0,0.0
2.38,2.5,0.0,0.0,0.0
2.38,0.0,0.0,0.0,0.0
1.92,0.0,0.0,0.0,0.0
2.37,0.0,0.0,0.0,0.0
1.92,0.0,0.0,0.0,0.0
3.27,0.0,0.0,0.0,0.0
6.43,0.0,0.0,0.0,0.0
6.88,2.54,0.0,0.0,0.0
7.78,2.51,0.0,0.0,0.0
9.13,5.52,0.0,0.0,0.0
10.47,2.17,0.0,0.0,0.0
12.72,1.67,0.0,0.0,0.0
14.07,12.04,0.0,0.0,0.0
13.17,5.19,0.0,0.0,0.0
12.27,16.38,0.0,0.0,0.0
11.37,15.38,0.0,0.0,0.0
11.37,3.68,0.0,0.0,0.0
12.72,5.18,0.0,0.0,0.0
12.72,3.84,0.0,0.0,0.0
11.82,2.68,0.0,0.0,0.0
10.92,1.67,0.0,0.0,0.0
10.02,6.69,0.0,0.0,0.0
9.13,7.02,0.0,0.0,0.0
5.08,7.19,0.0,0.0,0.0
2.38,2.5,0.0,0.0,0.0
2.38,0.0,0.0,0.0,0.0
1.92,0.0,0.0,0.0,0.0
2.37,0.0,0.0,0.0,0.0
1.92,0.0,0.0,0.0,0.0
3.27,0.0,0.0,0.0,0.0
6.43,0.0,0.0,0.0,0.0
6.88,2.54,0.0,0.0,0.0
7.78,2.51,0.0,0.0,0.0
9.13,5.52,0.0,0.0,0.0
10.47,2.17,0.0,0.0,0.0
12.72,1.67,0.0,0.0,0.0
14.07,12.05,0.0,0.0,0.0
13.17,5.18,0.0,0.0,0.0
12.27,16.39,0.0,0.0,0.0
11.37,15.4,0.0,0.0,0.0
11.37,3.68,0.0,0.0,0.0
12.72,5.18,0.0,0.0,0.0
12.72,3.84,0.0,0.0,0.0
11.82,2.68,0.0,0.0,0.0
10.92,1.67,0.0,0.0,0.0
10.02,6.69,0.0,0.0,0.0
9.13,7.02,0.0,0.0,0.0
5.08,7.19,0.0,0.0,0.0
2.38,2.5,0.0,0.0,0.0
2.38,0.0,0.0,0.0,0.0
1.92,0.0,0.0,0.0,0.0
2.37,0.0,0.0,0.0,0.0
1.92,0.0,0.0,0.0,0.0
3.27,0.0,0.0,0.0,0.0
6.43,0.0,0.0,0.0,0.0
6.88,2.54,0.0,0.0,0.0
7.78,2.51,0.0,0.0,0.0
9.13,5.52,0.0,0.0,0.0
10.47,2.18,0.0,0.0,0.0
12.72,1.67,0.0,0.0,0.0
14.07,12.05,0.0,0.0,0.0
13.17,5.19,0.0,0.0,0.0
12.27,16.4,0.0,0.0,0.0
11.37,15.4,0.0,0.0,0.0
11.37,3.68,0.0,0.0,0.0
12.72,5.18,0.0,0.0,0.0
12.72,3.85,0.0,0.0,0.0
11.82,2.68,0.0,0.0,0.0
10.92,1.67,0.0,0.0,0.0
10.02,6.69,0.0,0.0,0.0
9.13,7.03,0.0,0.0,0.0
5.08,7.2,0.0,0.0,0.0
2.38,2.51,0.0,0.0,0.0
2.38,0.0,0.0,0.0,0.0
1.92,0.0,0.0,0.0,0.0
2.37,0.0,0.0,0.0,0.0
1.92,0.0,0.0,0.0,0.0
3.27,0.0,0.0,0.0,0.0
6.41,0.0,0.0,0.0,0.0
6.88,0.0,0.0,0.0,0.0
7.78,2.55,0.0,0.0,0.0
9.13,2.52,0.0,0.0,0.0
10.47,2.51,0.0,0.0,0.0
12.72,1.67,0.0,0.0,0.0
14.07,12.06,0.54,0.0,0.0
13.17,10.05,2.01,0.0,0.0
12.27,16.41,2.67,0.0,0.0
11.37,15.4,2.78,0.0,0.0
11.37,4.18,2.48,0.0,0.0
12.72,4.19,1.38,0.0,0.0
12.72,3.85,0.25,0.0,0.0
11.82,2.67,0.0,0.0,0.0
10.92,1.68,0.0,0.0,0.0
10.02,6.69,0.0,0.0,0.0
9.13,7.03,0.0,0.0,0.0
5.08,7.2,0.0,0.0,0.0
2.38,0.0,0.0,0.0,0.0
2.38,0.0,0.0,0.0,0.0
1.92,0.0,0.0,0.0,0.0
2.37,0.0,0.0,0.0,0.0
1.92,0.0,0.0,0.0,0.0
3.27,0.0,0.0,0.0,0.0
6.41,0.0,0.0,0.0,0.0
6.88,0.0,0.0,0.0,0.0
7.78,2.57,0.0,0.0,0.0
9.13,2.52,0.0,0.0,0.0
10.47,2.51,0.0,0.0,0.0
12.72,1.67,0.0,0.0,0.0
14.07,12.06,1.46,0.0,0.0
13.17,10.05,2.5,0.0,0.0
12.27,16.41,3.21,0.0,0.0
11.37,15.41,3.54,0.0,0.0
11.37,4.18,3.44,0.0,0.0
12.72,4.19,2.86,0.0,0.0
12.72,3.85,1.37,0.0,0.0
11.82,2.67,0.06,0.0,0.0
10.92,1.68,0.0,0.0,0.0
10.02,6.69,0.0,0.0,0.0
9.13,7.03,0.0,0.0,0.0
5.08,7.2,0.0,0.0,0.0
2.38,0.0,0.0,0.0,0.0
2.38,0.0,0.0,0.0,0.0
1.92,0.0,0.0,0.0,0.0
2.37,0.0,0.0,0.0,0.0
1.92,0.0,0.0,0.0,0.0
3.27,0.0,0.0,0.0,0.0
6.43,0.0,0.0,0.0,0.0
6.88,2.57,0.0,0.0,0.0
7.78,2.51,0.0,0.0,0.0
9.13,5.53,0.0,0.0,0.0
10.47,2.18,0.0,0.0,0.0
12.72,1.67,0.12,0.0,0.0
14.07,12.07,2.68,0.0,0.0
13.17,5.19,3.8,0.0,0.0
12.27,16.42,4.19,0.0,0.0
11.37,15.42,4.41,0.0,0.0
11.37,3.69,4.41,0.0,0.0
12.72,5.19,3.85,0.0,0.0
12.72,3.85,2.84,0.0,0.0
11.82,2.68,1.9,0.0,0.0
10.92,1.67,1.09,0.0,0.0
10.02,6.7,0.43,0.0,0.0
9.13,7.04,0.0,0.0,0.0
5.08,7.2,0.0,0.0,0.0
2.38,2.51,0.0,0.0,0.0
2.38,0.0,0.0,0.0,0.0
1.92,0.0,0.0,0.0,0.0
2.37,0.0,0.0,0.0,0.0
1.92,0.0,0.0,0.0,0.0
3.27,0.0,0.0,0.0,0.0
6.43,0.0,0.0,0.0,0.0
6.88,2.55,0.0,0.0,0.0
7.78,2.51,0.0,0.0,0.0
9.13,5.53,0.0,0.0,0.0
10.47,2.18,0.02,0.0,0.0
12.72,1.67,1.89,0.0,0.0
14.07,12.06,4.29,0.0,0.0
13.17,5.2,5.2,0.0,0.0
12.27,16.42,5.45,0.0,0.0
11.37,15.42,5.43,0.0,0.0
11.37,3.69,5.38,0.0,0.0
12.72,5.19,5.03,0.0,0.0
12.72,3.86,3.66,0.0,0.0
11.82,2.68,2.69,0.0,0.0
10.92,1.68,1.82,0.0,0.0
10.02,6.7,1.7,0.0,0.0
9.13,7.04,0.26,0.0,0.0
5.08,7.21,0.0,0.0,0.0
2.38,2.51,0.0,0.0,0.0
2.38,0.0,0.0,0.0,0.0
1.92,0.0,0.0,0.0,0.0
2.37,0.0,0.0,0.0,0.0
1.92,0.0,0.0,0.0,0.0
3.27,0.0,0.0,0.0,0.0
6.43,0.0,0.0,0.0,0.0
6.88,2.55,0.0,0.0,0.0
7.78,2.52,0.0,0.0,0.0
9.13,5.53,0.0,0.0,0.0
10.47,2.18,0.0,0.0,0.0
12.72,1.67,0.32,0.0,0.0
14.07,12.07,2.26,0.0,0.0
13.17,5.2,3.81,0.0,0.0
12.27,16.43,4.62,0.0,0.0
11.37,15.42,4.91,0.0,0.0
11.37,3.69,4.85,0.0,0.0
12.72,5.19,4.08,0.0,0.0
12.72,3.86,2.97,0.0,0.0
11.82,2.68,2.37,0.0,0.0
10.92,1.68,2.18,0.0,0.0
10.02,6.71,2.06,0.0,0.0
9.13,7.04,0.78,0.0,0.0
5.08,7.21,0.0,0.0,0.0
2.38,2.51,0.0,0.0,0.0
2.38,0.0,0.0,0.0,0.0
1.92,0.0,0.0,0.0,0.0
2.37,0.0,0.0,0.0,0.0
1.92,0.0,0.0,0.0,0.0
3.27,0.0,0.0,0.0,0.0
6.43,0.0,0.0,0.0,0.0
6.88,2.55,0.0,0.0,0.0
7.78,2.52,0.0,0.0,0.0
9.13,5.53,0.0,0.0,0.0
10.47,2.18,0.0,0.0,0.0
12.72,1.67,0.0,0.0,0.0
14.07,12.07,1.78,0.0,0.0
13.17,5.2,2.59,0.0,0.0
12.27,16.43,2.85,0.0,0.0
11.37,15.43,2.81,0.0,0.0
11.37,3.69,2.15,0.0,0.0
12.72,5.19,0.66,0.0,0.0
12.72,3.86,0.0,0.0,0.0
11.82,2.68,0.0,0.0,0.0
10.92,1.67,0.0,0.0,0.0
10.02,6.71,0.0,0.0,0.0
9.13,7.04,0.0,0.0,0.0
5.08,7.21,0.0,0.0,0.0
2.38,2.51,0.0,0.0,0.0
2.38,0.0,0.0,0.0,0.0
1.92,0.0,0.0,0.0,0.0
2.37,0.0,0.0,0.0,0.0
1.92,0.0,0.0,0.0,0.0
3.27,0.0,0.0,0.0,0.0
6.43,0.0,0.0,0.0,0.0
6.88,2.55,0.0,0.0,0.0
7.78,2.52,0.0,0.0,0.0
9.13,5.53,0.0,0.0,0.0
10.47,2.18,0.0,0.0,0.0
12.72,1.67,0.0,0.0,0.0
14.07,12.07,0.0,0.0,0.0
13.17,5.2,0.0,0.0,0.0
12.27,16.43,0.0,0.0,0.0
11.37,15.43,0.0,0.0,0.0
11.37,3.69,0.0,0.0,0.0
12.72,5.2,0.0,0.0,0.0
12.72,3.85,0.0,0.0,0.0
11.82,2.69,0.0,0.0,0.0
10.92,1.67,0.0,0.0,0.0
10.02,6.71,0.0,0.0,0.0
9.13,7.04,0.0,0.0,0.0
5.08,7.21,0.0,0.0,0.0
2.38,2.51,0.0,0.0,0.0
2.38,0.0,0.0,0.0,0.0
1.92,0.0,0.0,0.0,0.0
2.37,0.0,0.0,0.0,0.0
1.92,0.0,0.0,0.0,0.0
3.27,0.0,0.0,0.0,0.0
6.41,0.0,0.0,0.0,0.0
6.88,0.0,0.0,0.0,0.0
7.78,2.57,0.0,0.0,0.0
9.13,2.52,0.0,0.0,0.0
10.47,2.51,0.0,0.0,0.0
12.72,1.68,0.0,0.0,0.0
14.07,12.07,0.0,0.0,0.0
13.17,10.06,0.0,0.0,0.0
12.27,16.44,0.24,0.0,0.0
11.37,15.44,0.8,0.0,0.0
11.37,4.19,0.91,0.0,0.0
12.72,4.19,0.27,0.0,0.0
12.72,3.86,0.0,0.0,0.0
11.82,2.68,0.0,0.0,0.0
10.92,1.68,0.0,0.0,0.0
10.02,6.71,0.0,0.0,0.0
9.13,7.04,0.0,0.0,0.0
5.08,7.21,0.0,0.0,0.0
2.38,0.0,0.0,0.0,0.0
2.38,0.0,0.0,0.0,0.0
1.92,0.0,0.0,0.0,0.0
2.37,0.0,0.0,0.0,0.0
1.92,0.0,0.0,0.0,0.0
3.27,0.0,0.0,0.0,0.0
6.41,0.0,0.0,0.0,0.0
6.88,0.0,0.0,0.0,0.0
7.78,2.58,0.0,0.0,0.0
9.13,2.52,0.0,0.0,0.0
10.47,2.51,0.0,0.0,0.0
12.72,1.68,0.11,0.0,0.0
14.07,12.08,2.41,0.0,0.0
13.17,10.06,3.81,0.0,0.0
12.27,16.44,4.32,0.0,0.0
11.37,15.44,4.33,0.0,0.0
11.37,4.19,4.09,0.0,0.0
12.72,4.19,3.32,0.0,0.0
12.72,3.86,2.13,0.0,0.0
11.82,2.68,0.87,0.0,0.0
10.92,1.68,0.59,0.0,0.0
10.02,6.71,0.63,0.0,0.0
9.13,7.04,0.0,0.0,0.0
5.08,7.21,0.0,0.0,0.0
2.38,0.0,0.0,0.0,0.0
2.38,0.0,0.0,0.0,0.0
1.92,0.0,0.0,0.0,0.0
2.37,0.0,0.0,0.0,0.0
1.92,0.0,0.0,0.0,0.0
3.27,0.0,0.0,0.0,0.0
6.43,0.0,0.0,0.0,0.0
6.88,2.57,0.0,0.0,0.0
7.78,2.51,0.0,0.0,0.0
9.13,5.53,0.0,0.0,0.0
10.47,2.18,0.0,0.0,0.0
12.72,1.67,0.0,0.0,0.0
14.07,12.08,0.48,0.0,0.0
13.17,5.2,1.16,0.0,0.0
12.27,16.44,1.72,0.0,0.0
11.37,15.44,2.14,0.0,0.0
11.37,3.69,2.18,0.0,0.0
12.72,5.2,1.91,0.0,0.0
12.72,3.86,1.05,0.0,0.0
11.82,2.69,0.13,0.0,0.0
10.92,1.67,0.0,0.0,0.0
10.02,6.71,0.0,0.0,0.0
9.13,7.05,0.0,0.0,0.0
5.08,7.21,0.0,0.0,0.0
2.38,2.51,0.0,0.0,0.0
2.38,0.0,0.0,0.0,0.0
1.92,0.0,0.0,0.0,0.0
2.37,0.0,0.0,0.0,0.0
1.92,0.0,0.0,0.0,0.0
3.27,0.0,0.0,0.0,0.0
6.43,0.0,0.0,0.0,0.0
6.88,2.55,0.0,0.0,0.0
7.78,2.52,0.0,0.0,0.0
9.13,5.53,0.0,0.0,0.0
10.47,2.18,0.0,0.0,0.0
12.72,1.67,0.75,0.0,0.0
14.07,12.08,3.06,0.0,0.0
13.17,5.2,4.21,0.0,0.0
12.27,16.44,5.21,0.0,0.0
11.37,15.44,7.38,0.0,0.0
11.37,3.69,8.55,0.0,0.0
12.72,5.2,6.88,0.0,0.0
12.72,3.86,4.71,0.0,0.0
11.82,2.68,4.02,0.0,0.0
10.92,1.68,3.05,0.0,0.0
10.02,6.71,1.47,0.0,0.0
9.13,7.05,0.0,0.0,0.0
5.08,7.21,0.0,0.0,0.0
2.38,2.51,0.0,0.0,0.0
2.38,0.0,0.0,0.0,0.0
1.92,0.0,0.0,0.0,0.0
2.37,0.0,0.0,0.0,0.0
1.92,0.0,0.0,0.0,0.0
3.27,0.0,0.0,0.0,0.0
6.43,0.0,0.0,0.0,0.0
6.88,2.55,0.0,0.0,0.0
7.78,2.52,0.0,0.0,0.0
9.13,5.53,0.0,0.0,0.0
10.47,2.18,0.0,0.0,0.0
12.72,1.67,0.12,0.0,0.0
14.07,12.08,2.3,0.0,0.0
13.17,5.2,3.47,0.0,0.0
12.27,16.44,4.06,0.0,0.0
11.37,15.44,4.16,0.0,0.0
11.37,3.69,4.17,0.0,0.0
12.72,5.2,3.98,0.0,0.0
12.72,3.86,2.88,0.0,0.0
11.82,2.68,1.74,0.0,0.0
10.92,1.68,0.81,0.0,0.0
10.02,6.71,0.07,0.0,0.0
9.13,7.04,0.0,0.0,0.0
5.08,7.21,0.0,0.0,0.0
2.38,2.51,0.0,0.0,0.0
2.38,0.0,0.0,0.0,0.0
1.92,0.0,0.0,0.0,0.0
2.37,0.0,0.0,0.0,0.0
1.92,0.0,0.0,0.0,0.0
3.27,0.0,0.0,0.0,0.0
6.43,0.0,0.0,0.0,0.0
6.88,2.55,0.0,0.0,0.0
7.78,2.52,0.0,0.0,0.0
9.13,5.53,0.0,0.0,0.0
10.47,2.18,1.3,0.0,0.0
12.72,1.67,4.38,0.0,0.0
14.07,12.08,7.35,0.0,0.0
13.17,5.2,13.61,0.0,0.0
12.27,16.44,19.16,0.0,0.0
11.37,15.44,19.15,0.0,0.0
11.37,3.69,16.63,0.0,0.0
12.72,5.2,13.41,0.0,0.0
12.72,3.86,7.88,0.0,0.0
11.82,2.68,6.35,0.0,0.0
10.92,1.68,5.97,0.0,0.0
10.02,6.71,5.3,0.0,0.0
9.13,7.04,4.23,0.0,0.0
5.08,7.21,0.58,0.0,0.0
2.38,2.51,0.54,0.0,0.0
2.38,0.0,0.0,0.0,0.0
1.92,0.0,0.0,0.0,0.0
2.37,0.0,0.0,0.0,0.0
1.92,0.0,0.02,0.0,0.0
3.27,0.0,0.0,0.0,0.0
6.43,0.0,0.0,0.0,0.0
6.88,2.55,0.0,0.0,0.0
7.78,2.52,0.0,0.0,0.0
9.13,5.53,0.0,0.0,0.0
10.47,2.18,0.0,0.0,0.0
12.72,1.67,0.0,0.0,0.0
14.07,12.07,0.0,0.0,0.0
13.17,5.2,0.0,0.0,0.0
12.27,16.44,0.58,0.0,0.0
11.37,15.43,1.1,0.0,0.0
11.37,3.69,0.98,0.0,0.0
12.72,5.2,0.63,0.0,0.0
12.72,3.86,0.15,0.0,0.0
11.82,2.68,0.0,0.0,0.0
10.92,1.68,0.0,0.0,0.0
10.02,6.71,0.0,0.0,0.0
9.13,7.04,0.0,0.0,0.0
5.08,7.21,0.0,0.0,0.0
2.38,2.51,0.0,0.0,0.0
2.38,0.0,0.0,0.0,0.0
1.92,0.0,0.0,0.0,0.0
2.37,0.0,0.0,0.0,0.0
1.92,0.0,0.0,0.0,0.0
3.27,0.0,0.0,0.0,0.0
6.41,0.0,0.0,0.0,0.0
6.88,0.0,0.0,0.0,0.0
7.78,2.55,0.0,0.0,0.0
9.13,2.52,0.0,0.0,0.0
10.47,2.52,0.0,0.0,0.0
12.72,1.67,0.0,0.0,0.0
14.07,12.08,1.7,0.0,0.0
13.17,10.07,2.47,0.0,0.0
12.27,16.43,2.18,0.0,0.0
11.37,15.43,1.7,0.0,0.0
11.37,4.19,1.78,0.0,0.0
12.72,4.19,1.61,0.0,0.0
12.72,3.86,1.21,0.0,0.0
11.82,2.68,0.39,0.0,0.0
10.92,1.68,0.23,0.0,0.0
10.02,6.7,0.59,0.0,0.0
9.13,7.04,0.19,0.0,0.0
5.08,7.21,0.0,0.0,0.0
2.38,0.0,0.0,0.0,0.0
2.38,0.0,0.0,0.0,0.0
1.92,0.0,0.0,0.0,0.0
2.37,0.0,0.0,0.0,0.0
1.92,0.0,0.11,0.0,0.0
3.27,0.0,0.0,0.0,0.0
6.41,0.0,0.0,0.0,0.0
6.88,0.0,0.0,0.0,0.0
7.78,2.58,0.0,0.0,0.0
9.13,2.52,0.03,0.0,0.0
10.47,2.51,2.7,0.0,0.0
12.72,1.67,6.4,0.0,0.0
14.07,12.08,10.45,0.0,0.0
13.17,10.06,13.94,0.0,0.0
12.27,16.43,14.31,0.0,0.0
11.37,15.43,13.16,0.0,0.0
11.37,4.19,10.28,0.0,0.0
12.72,4.19,8.47,0.0,0.0
12.72,3.86,8.46,0.0,0.0
11.82,2.68,8.15,0.0,0.0
10.92,1.68,8.13,0.0,0.0
10.02,6.7,8.35,0.0,0.0
9.13,7.04,7.33,0.0,0.0
5.08,7.21,3.05,0.0,0.0
2.38,0.0,0.15,0.0,0.0
2.38,0.0,0.0,0.0,0.0
1.92,0.0,0.0,0.0,0.0
2.37,0.0,0.0,0.0,0.0
1.92,0.0,0.0,0.0,0.0
3.27,0.0,0.0,0.0,0.0
6.43,0.0,0.0,0.0,0.0
6.88,2.57,0.0,0.0,0.0
7.78,2.51,0.0,0.0,0.0
9.13,5.53,0.0,0.0,0.0
10.47,2.18,0.0,0.0,0.0
12.72,1.67,0.0,0.0,0.0
14.07,12.07,0.0,0.0,0.0
13.17,5.2,0.0,0.0,0.0
12.27,16.43,0.0,0.0,0.0
11.37,15.43,0.0,0.0,0.0
11.37,3.69,0.0,0.0,0.0
12.72,5.19,0.0,0.0,0.0
12.72,3.86,0.0,0.0,0.0
11.82,2.68,0.0,0.0,0.0
10.92,1.67,0.0,0.0,0.0
10.02,6.71,0.0,0.0,0.0
9.13,7.04,0.0,0.0,0.0
5.08,7.21,0.0,0.0,0.0
2.38,2.51,0.0,0.0,0.0
2.38,0.0,0.0,0.0,0.0
1.92,0.0,0.0,0.0,0.0
2.37,0.0,0.0,0.0,0.0
1.92,0.0,0.0,0.0,0.0
3.27,0.0,0.0,0.0,0.0
6.43,0.0,0.0,0.0,0.0
6.88,2.55,0.0,0.0,0.0
7.78,2.51,0.0,0.0,0.0
9.13,5.53,0.0,0.0,0.0
10.47,2.18,0.0,0.0,0.0
12.72,1.67,0.0,0.0,0.0
14.07,12.07,0.0,0.0,0.0
13.17,5.2,0.0,0.0,0.0
12.27,16.42,0.0,0.0,0.0
11.37,15.43,0.0,0.0,0.0
11.37,3.69,0.0,0.0,0.0
12.72,5.19,0.0,0.0,0.0
12.72,3.85,0.0,0.0,0.0
11.82,2.68,0.0,0.0,0.0
10.92,1.67,0.0,0.0,0.0
10.02,6.71,0.0,0.0,0.0
9.13,7.04,0.0,0.0,0.0
5.08,7.21,0.0,0.0,0.0
2.38,2.51,0.0,0.0,0.0
2.38,0.0,0.0,0.0,0.0
1.92,0.0,0.0,0.0,0.0
2.37,0.0,0.0,0.0,0.0
1.92,0.0,0.0,0.0,0.0
3.27,0.0,0.0,0.0,0.0
6.43,0.0,0.0,0.0,0.0
6.88,2.55,0.0,0.0,0.0
7.78,2.51,0.0,0.0,0.0
9.13,5.53,0.0,0.0,0.0
10.47,2.18,0.0,0.0,0.0
12.72,1.67,0.0,0.0,0.0
14.07,12.07,0.0,0.0,0.0
13.17,5.19,0.0,0.0,0.0
12.27,16.42,0.0,0.0,0.0
11.37,15.42,0.0,0.0,0.0
11.37,3.69,0.0,0.0,0.0
12.72,5.19,0.0,0.0,0.0
12.72,3.85,0.0,0.0,0.0
11.82,2.68,0.0,0.0,0.0
10.92,1.67,0.0,0.0,0.0
10.02,6.7,0.0,0.0,0.0
9.13,7.04,0.0,0.0,0.0
5.08,7.2,0.0,0.0,0.0
2.38,2.51,0.0,0.0,0.0
2.38,0.0,0.0,0.0,0.0
1.92,0.0,0.0,0.0,0.0
2.37,0.0,0.0,0.0,0.0
1.92,0.0,0.0,0.0,0.0
3.27,0.0,0.0,0.0,0.0
6.43,0.0,0.0,0.0,0.0
6.88,2.55,0.0,0.0,0.0
7.78,2.51,0.0,0.0,0.0
9.13,5.53,0.0,0.0,0.0
10.47,2.18,0.0,0.0,0.0
12.72,1.67,0.0,0.0,0.0
14.07,12.07,0.1,0.0,0.0
13.17,5.19,0.73,0.0,0.0
12.27,16.41,1.2,0.0,0.0
11.37,15.42,1.36,0.0,0.0
11.37,3.69,1.36,0.0,0.0
12.72,5.19,1.07,0.0,0.0
12.72,3.85,0.31,0.0,0.0
11.82,2.68,0.0,0.0,0.0
10.92,1.67,0.0,0.0,0.0
10.02,6.7,0.0,0.0,0.0
9.13,7.03,0.0,0.0,0.0
5.08,7.2,0.0,0.0,0.0
2.38,2.51,0.0,0.0,0.0
2.38,0.0,0.0,0.0,0.0
1.92,0.0,0.0,0.0,0.0
2.37,0.0,0.0,0.0,0.0
1.92,0.0,0.0,0.0,0.0
3.27,0.0,0.0,0.0,0.0
6.43,0.0,0.0,0.0,0.0
6.88,2.55,0.0,0.0,0.0
7.78,2.51,0.0,0.0,0.0
9.13,5.52,0.0,0.0,0.0
10.47,2.18,0.0,0.0,0.0
12.72,1.67,0.0,0.0,0.0
14.07,12.06,0.0,0.0,0.0
13.17,5.19,0.0,0.0,0.0
12.27,16.41,0.13,0.0,0.0
11.37,15.41,0.33,0.0,0.0
11.37,3.69,0.38,0.0,0.0
12.72,5.19,0.4,0.0,0.0
12.72,3.85,0.06,0.0,0.0
11.82,2.68,0.0,0.0,0.0
10.92,1.67,0.0,0.0,0.0
10.02,6.7,0.0,0.0,0.0
9.13,7.03,0.0,0.0,0.0
5.08,7.2,0.0,0.0,0.0
2.38,2.51,0.0,0.0,0.0
2.38,0.0,0.0,0.0,0.0
1.92,0.0,0.0,0.0,0.0
2.37,0.0,0.0,0.0,0.0
1.92,0.0,0.0,0.0,0.0
3.27,0.0,0.0,0.0,0.0
6.41,0.0,0.0,0.0,0.0
6.88,0.0,0.0,0.0,0.0
7.78,2.55,0.0,0.0,0.0
9.13,2.51,0.0,0.0,0.0
10.47,2.51,0.0,0.0,0.0
12.72,1.67,0.27,0.0,0.0
14.07,12.06,2.96,0.0,0.0
13.17,10.05,4.02,0.0,0.0
12.27,16.4,4.36,0.0,0.0
11.37,15.4,4.56,0.0,0.0
11.37,4.18,4.96,0.0,0.0
12.72,4.19,4.68,0.0,0.0
12.72,3.85,3.79,0.0,0.0
11.82,2.68,2.98,0.0,0.0
10.92,1.68,2.19,0.0,0.0
10.02,6.69,1.57,0.0,0.0
9.13,7.03,0.37,0.0,0.0
5.08,7.2,0.0,0.0,0.0
2.38,0.0,0.0,0.0,0.0
2.38,0.0,0.0,0.0,0.0
1.92,0.0,0.0,0.0,0.0
2.37,0.0,0.0,0.0,0.0
1.92,0.0,0.03,0.0,0.0
3.27,0.0,0.0,0.0,0.0
6.41,0.0,0.0,0.0,0.0
6.88,0.0,0.0,0.0,0.0
7.78,2.57,0.0,0.0,0.0
9.13,2.51,0.41,0.0,0.0
10.47,2.51,2.97,0.0,0.0
12.72,1.67,5.91,0.0,0.0
14.07,12.05,11.72,0.0,0.0
13.17,10.04,12.06,0.0,0.0
12.27,16.4,12.51,0.0,0.0
11.37,15.4,11.72,0.0,0.0
11.37,4.18,10.37,0.0,0.0
12.72,4.18,9.09,0.0,0.0
12.72,3.85,6.69,0.0,0.0
11.82,2.67,5.9,0.0,0.0
10.92,1.68,5.43,0.0,0.0
10.02,6.69,4.82,0.0,0.0
9.13,7.02,3.11,0.0,0.0
5.08,7.19,0.0,0.0,0.0
2.38,0.0,0.0,0.0,0.0
2.38,0.0,0.0,0.0,0.0
1.92,0.0,0.0,0.0,0.0
2.37,0.0,0.0,0.0,0.0
1.92,0.0,0.09,0.0,0.0
3.27,0.0,0.0,0.0,0.0
6.43,0.0,0.08,0.0,0.0
6.88,2.57,0.0,0.0,0.0
7.78,2.51,0.0,0.0,0.0
9.13,5.52,0.66,0.0,0.0
10.47,2.17,2.33,0.0,0.0
12.72,1.67,4.87,0.0,0.0
14.07,12.04,7.23,0.0,0.0
13.17,5.19,14.27,0.0,0.0
12.27,16.39,16.98,0.0,0.0
11.37,15.39,15.56,0.0,0.0
11.37,3.68,13.13,0.0,0.0
12.72,5.18,8.84,0.0,0.0
12.72,3.85,5.18,0.0,0.0
11.82,2.67,4.58,0.0,0.0
10.92,1.67,4.48,0.0,0.0
10.02,6.69,3.76,0.0,0.0
9.13,7.02,2.98,0.0,0.0
5.08,7.19,0.27,0.0,0.0
2.38,2.51,0.18,0.0,0.0
2.38,0.0,0.0,0.0,0.0
1.92,0.0,0.0,0.0,0.0
2.37,0.0,0.0,0.0,0.0
1.92,0.0,0.0,0.0,0.0
3.27,0.0,0.0,0.0,0.0
6.43,0.0,0.0,0.0,0.0
6.88,2.54,0.0,0.0,0.0
7.78,2.51,0.0,0.0,0.0
9.13,5.51,0.0,0.0,0.0
10.47,2.17,0.0,0.0,0.0
12.72,1.67,0.0,0.0,0.0
14.07,12.03,0.0,0.0,0.0
13.17,5.18,0.27,0.0,0.0
12.27,16.39,1.32,0.0,0.0
11.37,15.37,2.32,0.0,0.0
11.37,3.68,2.86,0.0,0.0
12.72,5.18,2.86,0.0,0.0
12.72,3.85,2.34,0.0,0.0
11.82,2.67,1.51,0.0,0.0
10.92,1.67,0.17,0.0,0.0
10.02,6.68,0.02,0.0,0.0
9.13,7.02,0.0,0.0,0.0
5.08,7.19,0.0,0.0,0.0
2.38,2.51,0.0,0.0,0.0
2.38,0.0,0.0,0.0,0.0
1.92,0.0,0.0,0.0,0.0
2.37,0.0,0.0,0.0,0.0
1.92,0.0,0.0,0.0,0.0
3.27,0.0,0.0,0.0,0.0
6.43,0.0,0.0,0.0,0.0
6.88,2.54,0.0,0.0,0.0
7.78,2.51,0.0,0.0,0.0
9.13,5.51,0.0,0.0,0.0
10.47,2.17,0.0,0.0,0.0
12.72,1.67,0.0,0.0,0.0
14.07,12.03,1.63,0.0,0.0
13.17,5.18,2.75,0.0,0.0
12.27,16.38,3.27,0.0,0.0
11.37,15.37,3.47,0.0,0.0
11.37,3.68,3.73,0.0,0.0
12.72,5.17,3.79,0.0,0.0
12.72,3.85,2.9,0.0,0.0
11.82,2.67,2.2,0.0,0.0
10.92,1.67,2.03,0.0,0.0
10.02,6.68,1.44,0.0,0.0
9.13,7.01,0.31,0.0,0.0
5.08,7.18,0.0,0.0,0.0
2.38,2.51,0.0,0.0,0.0
2.38,0.0,0.0,0.0,0.0
1.92,0.0,0.0,0.0,0.0
2.37,0.0,0.0,0.0,0.0
1.92,0.0,0.0,0.0,0.0
3.27,0.0,0.0,0.0,0.0
6.43,0.0,0.0,0.0,0.0
6.88,2.54,0.0,0.0,0.0
7.78,2.51,0.0,0.0,0.0
9.13,5.51,0.0,0.0,0.0
10.47,2.17,0.0,0.0,0.0
12.72,1.67,0.0,0.0,0.0
14.07,12.02,0.91,0.0,0.0
13.17,5.17,2.02,0.0,0.0
12.27,16.37,3.08,0.0,0.0
11.37,15.36,3.45,0.0,0.0
11.37,3.68,3.01,0.0,0.0
12.72,5.17,2.34,0.0,0.0
12.72,3.84,1.56,0.0,0.0
11.82,2.67,1.02,0.0,0.0
10.92,1.67,0.71,0.0,0.0
10.02,6.68,0.26,0.0,0.0
9.13,7.01,0.0,0.0,0.0
5.08,7.18,0.0,0.0,0.0
2.38,2.51,0.0,0.0,0.0
2.38,0.0,0.0,0.0,0.0
1.92,0.0,0.0,0.0,0.0
2.37,0.0,0.0,0.0,0.0
1.92,0.0,0.0,0.0,0.0
3.27,0.0,0.0,0.0,0.0
6.43,0.0,0.0,0.0,0.0
6.88,2.54,0.0,0.0,0.0
7.78,2.51,0.0,0.0,0.0
9.13,5.5,0.0,0.0,0.0
10.47,2.17,0.0,0.0,0.0
12.72,1.67,0.0,0.0,0.0
14.07,12.01,0.0,0.0,0.0
13.17,5.17,0.0,0.0,0.0
12.27,16.36,0.0,0.0,0.0
11.37,15.35,0.0,0.0,0.0
11.37,3.67,0.0,0.0,0.0
12.72,5.17,0.0,0.0,0.0
12.72,3.84,0.0,0.0,0.0
11.82,2.67,0.0,0.0,0.0
10.92,1.67,0.0,0.0,0.0
10.02,6.67,0.0,0.0,0.0
9.13,7.01,0.0,0.0,0.0
5.08,7.17,0.0,0.0,0.0
2.38,2.5,0.0,0.0,0.0
2.38,0.0,0.0,0.0,0.0
1.92,0.0,0.0,0.0,0.0
2.37,0.0,0.0,0.0,0.0
1.92,0.0,0.0,0.0,0.0
3.27,0.0,0.0,0.0,0.0
6.41,0.0,0.0,0.0,0.0
6.88,0.0,0.0,0.0,0.0
7.78,2.55,0.0,0.0,0.0
9.13,2.5,0.0,0.0,0.0
10.47,2.5,0.0,0.0,0.0
12.72,1.66,0.24,0.0,0.0
14.07,12.0,3.23,0.0,0.0
13.17,10.01,4.67,0.0,0.0
12.27,16.35,5.29,0.0,0.0
11.37,15.34,5.72,0.0,0.0
11.37,4.17,6.05,0.0,0.0
12.72,4.17,5.56,0.0,0.0
12.72,3.83,4.48,0.0,0.0
11.82,2.67,3.81,0.0,0.0
10.92,1.66,3.45,0.0,0.0
10.02,6.67,2.85,0.0,0.0
9.13,7.0,1.92,0.0,0.0
5.08,7.17,0.0,0.0,0.0
2.38,0.0,0.0,0.0,0.0
2.38,0.0,0.0,0.0,0.0
1.92,0.0,0.0,0.0,0.0
2.37,0.0,0.0,0.0,0.0
1.92,0.0,0.0,0.0,0.0
3.27,0.0,0.0,0.0,0.0
6.41,0.0,0.0,0.0,0.0
6.88,0.0,0.0,0.0,0.0
7.78,2.55,0.0,0.0,0.0
9.13,2.49,0.0,0.0,0.0
10.47,2.5,0.0,0.0,0.0
12.72,1.66,0.2,0.0,0.0
14.07,12.0,2.63,0.0,0.0
13.17,10.0,4.11,0.0,0.0
12.27,16.34,4.76,0.0,0.0
11.37,15.33,5.16,0.0,0.0
11.37,4.17,4.95,0.0,0.0
12.72,4.17,4.1,0.0,0.0
12.72,3.83,3.74,0.0,0.0
11.82,2.67,3.22,0.0,0.0
10.92,1.66,3.11,0.0,0.0
10.02,6.67,3.22,0.0,0.0
9.13,7.0,1.9,0.0,0.0
5.08,7.16,0.0,0.0,0.0
2.38,0.0,0.01,0.0,0.0
2.38,0.0,0.0,0.0,0.0
1.92,0.0,0.0,0.0,0.0
2.37,0.0,0.0,0.0,0.0
1.92,0.0,0.09,0.0,0.0
3.27,0.0,0.0,0.0,0.0
6.43,0.0,0.09,0.0,0.0
6.88,2.54,0.0,0.0,0.0
7.78,2.49,0.0,0.0,0.0
9.13,5.49,1.79,0.0,0.0
10.47,2.16,3.99,0.0,0.0
12.72,1.67,6.36,0.0,0.0
14.07,11.99,11.07,0.0,0.0
13.17,5.16,13.07,0.0,0.0
12.27,16.32,11.54,0.0,0.0
11.37,15.32,11.06,0.0,0.0
11.37,3.67,9.42,0.0,0.0
12.72,5.16,8.64,0.0,0.0
12.72,3.83,8.37,0.0,0.0
11.82,2.66,6.55,0.0,0.0
10.92,1.67,1.76,0.0,0.0
10.02,6.66,0.0,0.0,0.0
9.13,6.99,0.0,0.0,0.0
5.08,7.16,0.0,0.0,0.0
2.38,2.5,0.0,0.0,0.0
2.38,0.0,0.0,0.0,0.0
1.92,0.0,0.0,0.0,0.0
2.37,0.0,0.0,0.0,0.0
1.92,0.0,0.0,0.0,0.0
3.27,0.0,0.0,0.0,0.0
6.41,0.0,0.0,0.0,0.0
6.88,0.0,0.0,0.0,0.0
7.78,2.54,0.0,0.0,0.0
9.13,2.49,0.0,0.0,0.0
10.47,2.5,0.0,0.0,0.0
12.72,1.66,0.0,0.0,0.0
14.07,11.98,0.0,0.0,0.0
13.17,9.98,0.0,0.0,0.0
12.27,16.31,0.0,0.0,0.0
11.37,15.31,0.0,0.0,0.0
11.37,4.16,0.0,0.0,0.0
12.72,4.16,0.0,0.0,0.0
12.72,3.82,0.0,0.0,0.0
11.82,2.67,0.0,0.0,0.0
10.92,1.66,0.0,0.0,0.0
10.02,6.65,0.0,0.0,0.0
9.13,6.99,0.0,0.0,0.0
5.08,7.15,0.0,0.0,0.0
2.38,0.0,0.0,0.0,0.0
2.38,0.0,0.0,0.0,0.0
1.92,0.0,0.0,0.0,0.0
2.37,0.0,0.0,0.0,0.0
1.92,0.0,0.0,0.0,0.0
3.27,0.0,0.0,0.0,0.0
6.43,0.0,0.0,0.0,0.0
6.88,2.53,0.0,0.0,0.0
7.78,2.5,0.0,0.0,0.0
9.13,5.48,0.0,0.0,0.0
10.47,2.16,0.0,0.0,0.0
12.72,1.66,0.0,0.0,0.0
14.07,11.97,0.0,0.0,0.0
13.17,5.15,0.0,0.0,0.0
12.27,16.3,0.0,0.0,0.0
11.37,15.29,0.11,0.0,0.0
11.37,3.66,0.22,0.0,0.0
12.72,5.15,0.16,0.0,0.0
12.72,3.83,0.0,0.0,0.0
11.82,2.65,0.0,0.0,0.0
10.92,1.67,0.0,0.0,0.0
10.02,6.65,0.0,0.0,0.0
9.13,6.98,0.0,0.0,0.0
5.08,7.15,0.0,0.0,0.0
2.38,2.5,0.0,0.0,0.0
2.38,0.0,0.0,0.0,0.0
1.92,0.0,0.0,0.0,0.0
2.37,0.0,0.0,0.0,0.0
1.92,0.0,0.0,0.0,0.0
3.27,0.0,0.0,0.0,0.0
6.43,0.0,0.0,0.0,0.0
6.88,2.53,0.0,0.0,0.0
7.78,2.49,0.0,0.0,0.0
9.13,5.48,0.0,0.0,0.0
10.47,2.16,0.0,0.0,0.0
12.72,1.66,0.0,0.0,0.0
14.07,11.96,0.0,0.0,0.0
13.17,5.15,0.0,0.0,0.0
12.27,16.28,0.0,0.0,0.0
11.37,15.28,0.0,0.0,0.0
11.37,3.66,0.0,0.0,0.0
12.72,5.14,0.0,0.0,0.0
12.72,3.82,0.0,0.0,0.0
11.82,2.65,0.0,0.0,0.0
10.92,1.66,0.0,0.0,0.0
10.02,6.64,0.0,0.0,0.0
9.13,6.97,0.0,0.0,0.0
5.08,7.14,0.0,0.0,0.0
2.38,2.49,0.0,0.0,0.0
2.38,0.0,0.0,0.0,0.0
1.92,0.0,0.0,0.0,0.0
2.37,0.0,0.0,0.0,0.0
1.92,0.0,0.0,0.0,0.0
3.27,0.0,0.0,0.0,0.0
6.43,0.0,0.0,0.0,0.0
6.88,2.53,0.0,0.0,0.0
7.78,2.49,0.0,0.0,0.0
9.13,5.47,0.0,0.0,0.0
10.47,2.16,0.0,0.0,0.0
12.72,1.66,0.0,0.0,0.0
14.07,11.95,1.59,0.0,0.0
13.17,5.14,3.07,0.0,0.0
12.27,16.27,3.34,0.0,0.0
11.37,15.27,2.88,0.0,0.0
11.37,3.65,2.54,0.0,0.0
12.72,5.14,2.66,0.0,0.0
12.72,3.82,2.71,0.0,0.0
11.82,2.65,2.07,0.0,0.0
10.92,1.66,1.13,0.0,0.0
10.02,6.63,1.63,0.0,0.0
9.13,6.97,1.18,0.0,0.0
5.08,7.14,0.0,0.0,0.0
2.38,2.49,0.76,0.0,0.0
2.38,0.0,0.0,0.0,0.0
1.92,0.0,0.0,0.0,0.0
2.37,0.0,0.0,0.0,0.0
1.92,0.0,0.12,0.0,0.0
3.27,0.0,0.0,0.0,0.0
6.41,0.0,0.0,0.0,0.0
6.88,0.0,0.0,0.0,0.0
7.78,2.54,0.0,0.0,0.0
9.13,2.48,0.52,0.0,0.0
10.47,2.48,2.6,0.0,0.0
12.72,1.66,4.47,0.0,0.0
14.07,11.94,6.78,0.0,0.0
13.17,9.95,11.86,0.0,0.0
12.27,16.25,11.51,0.0,0.0
11.37,15.26,8.74,0.0,0.0
11.37,4.14,7.99,0.0,0.0
12.72,4.14,7.82,0.0,0.0
12.72,3.82,7.63,0.0,0.0
11.82,2.65,7.06,0.0,0.0
10.92,1.66,6.4,0.0,0.0
10.02,6.63,6.27,0.0,0.0
9.13,6.96,6.25,0.0,0.0
5.08,7.13,2.62,0.0,0.0
2.38,0.0,0.86,0.0,0.0
2.38,0.0,0.0,0.0,0.0
1.92,0.0,0.0,0.0,0.0
2.37,0.0,0.0,0.0,0.0
1.92,0.0,0.16,0.0,0.0
3.27,0.0,0.0,0.0,0.0
6.41,0.0,0.0,0.0,0.0
6.88,0.0,0.0,0.0,0.0
7.78,2.55,0.01,0.0,0.0
9.13,2.49,3.05,0.0,0.0
10.47,2.49,7.67,0.0,0.0
12.72,1.65,16.15,0.0,0.0
14.07,11.93,21.98,0.0,0.0
13.17,9.95,23.24,0.0,0.0
12.27,16.24,21.25,0.0,0.0
11.37,15.24,18.09,0.0,0.0
11.37,4.14,16.69,0.0,0.0
12.72,4.14,15.62,0.0,0.0
12.72,3.81,10.97,0.0,0.0
11.82,2.65,8.58,0.0,0.0
10.92,1.65,7.58,0.0,0.0
10.02,6.62,6.54,0.0,0.0
9.13,6.96,5.3,0.0,0.0
5.08,7.12,0.75,0.0,0.0
2.38,0.0,0.22,0.0,0.0
2.38,0.0,0.0,0.0,0.0
1.92,0.0,0.0,0.0,0.0
2.37,0.0,0.0,0.0,0.0
1.92,0.0,0.0,0.0,0.0
3.27,0.0,0.0,0.0,0.0
6.43,0.0,0.0,0.0,0.0
6.88,2.52,0.0,0.0,0.0
7.78,2.48,0.0,0.0,0.0
9.13,5.46,0.0,0.0,0.0
10.47,2.15,0.0,0.0,0.0
12.72,1.66,0.0,0.0,0.0
14.07,11.92,0.0,0.0,0.0
13.17,5.13,0.0,0.0,0.0
12.27,16.22,0.0,0.0,0.0
11.37,15.22,0.0,0.0,0.0
11.37,3.64,0.0,0.0,0.0
12.72,5.12,0.0,0.0,0.0
12.72,3.81,0.0,0.0,0.0
11.82,2.64,0.0,0.0,0.0
10.92,1.66,0.0,0.0,0.0
10.02,6.61,0.0,0.0,0.0
9.13,6.95,0.0,0.0,0.0
5.08,7.12,0.0,0.0,0.0
2.38,2.49,0.0,0.0,0.0
2.38,0.0,0.0,0.0,0.0
1.92,0.0,0.0,0.0,0.0
2.37,0.0,0.0,0.0,0.0
1.92,0.0,0.0,0.0,0.0
3.27,0.0,0.0,0.0,0.0
6.43,0.0,0.0,0.0,0.0
6.88,2.52,0.0,0.0,0.0
7.78,2.48,0.0,0.0,0.0
9.13,5.45,0.0,0.0,0.0
10.47,2.15,0.0,0.0,0.0
12.72,1.66,0.0,0.0,0.0
14.07,11.9,0.0,0.0,0.0
13.17,5.12,0.0,0.0,0.0
12.27,16.21,0.0,0.0,0.0
11.37,15.21,0.0,0.0,0.0
11.37,3.64,0.0,0.0,0.0
12.72,5.12,0.0,0.0,0.0
12.72,3.81,0.0,0.0,0.0
11.82,2.64,0.0,0.0,0.0
10.92,1.66,0.0,0.0,0.0
10.02,6.61,0.0,0.0,0.0
9.13,6.94,0.0,0.0,0.0
5.08,7.11,0.0,0.0,0.0
2.38,2.48,0.0,0.0,0.0
2.38,0.0,0.0,0.0,0.0
1.92,0.0,0.0,0.0,0.0
2.37,0.0,0.0,0.0,0.0
1.92,0.0,0.0,0.0,0.0
3.27,0.0,0.0,0.0,0.0
6.43,0.0,0.0,0.0,0.0
6.88,2.52,0.0,0.0,0.0
7.78,2.47,0.0,0.0,0.0
9.13,5.44,0.0,0.0,0.0
10.47,2.15,0.0,0.0,0.0
12.72,1.66,0.0,0.0,0.0
14.07,11.89,0.0,0.0,0.0
13.17,5.12,0.0,0.0,0.0
12.27,16.19,0.0,0.0,0.0
11.37,15.19,0.0,0.0,0.0
11.37,3.64,0.0,0.0,0.0
12.72,5.11,0.0,0.0,0.0
12.72,3.8,0.0,0.0,0.0
11.82,2.64,0.0,0.0,0.0
10.92,1.66,0.0,0.0,0.0
10.02,6.6,0.0,0.0,0.0
9.13,6.93,0.0,0.0,0.0
5.08,7.1,0.0,0.0,0.0
2.38,2.48,0.0,0.0,0.0
2.38,0.0,0.0,0.0,0.0
1.92,0.0,0.0,0.0,0.0
2.37,0.0,0.0,0.0,0.0
1.92,0.0,0.0,0.0,0.0
3.27,0.0,0.0,0.0,0.0
6.43,0.0,0.0,0.0,0.0
6.88,2.52,0.0,0.0,0.0
7.78,2.47,0.0,0.0,0.0
9.13,5.44,0.0,0.0,0.0
10.47,2.14,0.0,0.0,0.0
12.72,1.65,0.0,0.0,0.0
14.07,11.88,0.0,0.0,0.0
13.17,5.11,0.0,0.0,0.0
12.27,16.17,0.0,0.0,0.0
11.37,15.18,0.0,0.0,0.0
11.37,3.63,0.0,0.0,0.0
12.72,5.11,0.0,0.0,0.0
12.72,3.8,0.0,0.0,0.0
11.82,2.63,0.0,0.0,0.0
10.92,1.65,0.0,0.0,0.0
10.02,6.59,0.0,0.0,0.0
9.13,6.93,0.0,0.0,0.0
5.08,7.09,0.0,0.0,0.0
2.38,2.48,0.0,0.0,0.0
2.38,0.0,0.0,0.0,0.0
1.92,0.0,0.0,0.0,0.0
2.37,0.0,0.0,0.0,0.0
1.92,0.0,0.0,0.0,0.0
3.27,0.0,0.0,0.0,0.0
6.43,0.0,0.0,0.0,0.0
6.88,2.52,0.0,0.0,0.0
7.78,2.47,0.0,0.0,0.0
9.13,5.44,0.0,0.0,0.0
10.47,2.14,0.0,0.0,0.0
12.72,1.65,0.0,0.0,0.0
14.07,11.86,0.0,0.0,0.0
13.17,5.1,0.0,0.0,0.0
12.27,16.15,0.0,0.0,0.0
11.37,15.17,0.0,0.0,0.0
11.37,3.62,0.0,0.0,0.0
12.72,5.11,0.0,0.0,0.0
12.72,3.78,0.0,0.0,0.0
11.82,2.64,0.0,0.0,0.0
10.92,1.64,0.0,0.0,0.0
10.02,6.59,0.0,0.0,0.0
9.13,6.92,0.0,0.0,0.0
5.08,7.08,0.0,0.0,0.0
2.38,2.47,0.0,0.0,0.0
2.38,0.0,0.0,0.0,0.0
1.92,0.0,0.0,0.0,0.0
2.37,0.0,0.0,0.0,0.0
1.92,0.0,0.0,0.0,0.0
3.27,0.0,0.0,0.0,0.0
6.41,0.0,0.0,0.0,0.0
6.88,0.0,0.0,0.0,0.0
7.78,2.52,0.0,0.0,0.0
9.13,2.46,0.0,0.0,0.0
10.47,2.47,0.0,0.0,0.0
12.72,1.64,0.0,0.0,0.0
14.07,11.85,1.07,0.0,0.0
13.17,9.87,2.24,0.0,0.0
12.27,16.13,2.62,0.0,0.0
11.37,15.15,2.85,0.0,0.0
11.37,4.12,2.55,0.0,0.0
12.72,4.11,2.03,0.0,0.0
12.72,3.79,1.46,0.0,0.0
11.82,2.63,0.64,0.0,0.0
10.92,1.65,0.7,0.0,0.0
10.02,6.58,0.98,0.0,0.0
9.13,6.91,0.38,0.0,0.0
5.08,7.08,0.0,0.0,0.0
2.38,0.0,0.0,0.0,0.0
2.38,0.0,0.0,0.0,0.0
1.92,0.0,0.0,0.0,0.0
2.37,0.0,0.0,0.0,0.0
1.92,0.0,0.04,0.0,0.0
3.27,0.0,0.0,0.0,0.0
6.41,0.0,0.0,0.0,0.0
6.88,0.0,0.0,0.0,0.0
7.78,2.53,0.0,0.0,0.0
9.13,2.47,0.0,0.0,0.0
10.47,2.47,0.0,0.0,0.0
12.72,1.64,0.0,0.0,0.0
14.07,11.84,3.76,0.0,0.0
13.17,9.87,5.43,0.0,0.0
12.27,16.11,5.71,0.0,0.0
11.37,15.12,6.17,0.0,0.0
11.37,4.11,5.94,0.0,0.0
12.72,4.11,4.77,0.0,0.0
12.72,3.78,3.48,0.0,0.0
11.82,2.63,2.03,0.0,0.0
10.92,1.64,1.63,0.0,0.0
10.02,6.57,1.72,0.0,0.0
9.13,6.91,0.6,0.0,0.0
5.08,7.07,0.0,0.0,0.0
2.38,0.0,0.0,0.0,0.0
2.38,0.0,0.0,0.0,0.0
1.92,0.0,0.0,0.0,0.0
2.37,0.0,0.0,0.0,0.0
1.92,0.0,0.15,0.0,0.0
3.27,0.0,0.0,0.0,0.0
6.43,0.0,0.11,0.0,0.0
6.88,2.51,0.0,0.0,0.0
7.78,2.46,0.0,0.0,0.0
9.13,5.42,2.66,0.0,0.0
10.47,2.13,5.39,0.0,0.0
12.72,1.64,10.63,0.0,0.0
14.07,11.82,21.68,0.0,0.0
13.17,5.09,28.05,0.0,0.0
12.27,16.09,28.59,0.0,0.0
11.37,15.11,23.24,0.0,0.0
11.37,3.62,20.91,0.0,0.0
12.72,5.08,17.98,0.0,0.0
12.72,3.78,12.69,0.0,0.0
11.82,2.62,11.76,0.0,0.0
10.92,1.65,10.35,0.0,0.0
10.02,6.56,10.22,0.0,0.0
9.13,6.89,9.94,0.0,0.0
5.08,7.06,5.13,0.0,0.0
2.38,2.46,3.16,0.0,0.0
2.38,0.0,0.0,0.0,0.0
1.92,0.0,0.0,0.0,0.0
2.37,0.0,0.0,0.0,0.0
1.92,0.0,0.47,0.0,0.0
3.27,0.0,2.18,0.0,0.0
6.43,0.0,3.48,0.0,0.0
6.88,2.51,2.76,0.0,0.0
7.78,2.45,2.41,0.0,0.0
9.13,5.41,6.45,0.0,0.0
10.47,2.13,11.89,0.0,0.0
12.72,1.64,20.92,0.0,0.0
14.07,11.81,29.5,0.0,0.0
13.17,5.09,35.51,0.0,0.0
12.27,16.06,33.52,0.0,0.0
11.37,15.09,28.26,0.0,0.0
11.37,3.61,22.67,0.0,0.0
12.72,5.08,21.06,0.0,0.0
12.72,3.77,20.46,0.0,0.0
11.82,2.62,16.99,0.0,0.0
10.92,1.64,13.21,0.0,0.0
10.02,6.55,11.12,0.0,0.0
9.13,6.89,9.81,0.0,0.0
5.08,7.05,6.32,0.0,0.0
2.38,2.46,4.38,0.0,0.0
2.38,0.0,0.0,0.0,0.0
1.92,0.0,0.0,0.0,0.0
2.37,0.0,0.0,0.0,0.0
1.92,0.0,0.81,0.0,0.0
3.27,0.0,0.34,0.0,0.0
6.43,0.0,0.78,0.0,0.0
6.88,2.51,2.8,0.0,0.0
7.78,2.45,4.5,0.0,0.0
9.13,5.4,12.46,0.0,0.0
10.47,2.13,21.75,0.0,0.0
12.72,1.63,25.65,0.0,0.0
14.07,11.79,31.86,0.0,0.0
13.17,5.08,36.83,0.0,0.0
12.27,16.05,35.52,0.0,0.0
11.37,15.07,31.36,0.0,0.0
11.37,3.61,28.15,0.0,0.0
12.72,5.07,27.6,0.0,0.0
12.72,3.77,27.59,0.0,0.0
11.82,2.61,28.63,0.0,0.0
10.92,1.64,27.65,0.0,0.0
10.02,6.54,25.03,0.0,0.0
9.13,6.88,16.19,0.0,0.0
5.08,7.04,8.3,0.0,0.0
2.38,2.46,5.49,0.0,0.0
2.38,0.0,0.0,0.0,0.0
1.92,0.0,0.0,0.0,0.0
2.37,0.0,0.0,0.0,0.0
1.92,0.0,1.45,0.0,0.0
3.27,0.0,0.58,0.0,0.0
6.43,0.0,0.27,0.0,0.0
6.88,2.51,0.0,0.0,0.0
7.78,2.45,0.0,0.0,0.0
9.13,5.4,0.0,0.0,0.0
10.47,2.13,0.0,0.0,0.0
12.72,1.63,0.0,0.0,0.0
14.07,11.77,0.0,0.0,0.0
13.17,5.07,0.0,0.0,0.0
12.27,16.02,0.0,0.0,0.0
11.37,15.05,0.0,0.0,0.0
11.37,3.6,0.0,0.0,0.0
12.72,5.06,0.0,0.0,0.0
12.72,3.76,0.0,0.0,0.0
11.82,2.61,0.0,0.0,0.0
10.92,1.64,0.0,0.0,0.0
10.02,6.53,0.0,0.0,0.0
9.13,6.87,0.0,0.0,0.0
5.08,7.03,0.0,0.0,0.0
2.38,2.45,0.0,0.0,0.0
2.38,0.0,0.0,0.0,0.0
1.92,0.0,0.0,0.0,0.0
2.37,0.0,0.0,0.0,0.0
1.92,0.0,0.0,0.0,0.0
3.27,0.0,0.0,0.0,0.0
6.43,0.0,0.0,0.0,0.0
6.88,2.5,0.0,0.0,0.0
7.78,2.44,0.0,0.0,0.0
9.13,5.39,0.0,0.0,0.0
10.47,2.12,0.0,0.0,0.0
12.72,1.64,0.0,0.0,0.0
14.07,11.76,0.0,0.0,0.0
13.17,5.06,0.0,0.0,0.0
12.27,16.0,0.0,0.0,0.0
11.37,15.03,0.0,0.0,0.0
11.37,3.59,0.0,0.0,0.0
12.72,5.06,0.0,0.0,0.0
12.72,3.76,0.0,0.0,0.0
11.82,2.61,0.0,0.0,0.0
10.92,1.64,0.0,0.0,0.0
10.02,6.53,0.0,0.0,0.0
9.13,6.86,0.0,0.0,0.0
5.08,7.02,0.0,0.0,0.0
2.38,2.45,0.0,0.0,0.0
2.38,0.0,0.0,0.0,0.0
1.92,0.0,0.0,0.0,0.0
2.37,0.0,0.0,0.0,0.0
1.92,0.0,0.0,0.0,0.0
3.27,0.0,0.0,0.0,0.0
6.41,0.0,0.0,0.0,0.0
6.88,0.0,0.0,0.0,0.0
7.78,2.5,0.0,0.0,0.0
9.13,2.45,0.0,0.0,0.0
10.47,2.44,0.0,0.0,0.0
12.72,1.63,0.0,0.0,0.0
14.07,11.74,0.21,0.0,0.0
13.17,9.79,0.96,0.0,0.0
12.27,15.98,1.52,0.0,0.0
11.37,15.01,2.21,0.0,0.0
11.37,4.08,2.53,0.0,0.0
12.72,4.08,2.38,0.0,0.0
12.72,3.75,1.58,0.0,0.0
11.82,2.61,0.91,0.0,0.0
10.92,1.62,0.69,0.0,0.0
10.02,6.53,0.31,0.0,0.0
9.13,6.85,0.0,0.0,0.0
5.08,7.01,0.0,0.0,0.0
2.38,0.0,0.0,0.0,0.0
2.38,0.0,0.0,0.0,0.0
1.92,0.0,0.0,0.0,0.0
2.37,0.0,0.0,0.0,0.0
1.92,0.0,0.0,0.0,0.0
3.27,0.0,0.0,0.0,0.0
6.41,0.0,0.0,0.0,0.0
6.88,0.0,0.0,0.0,0.0
7.78,2.5,0.0,0.0,0.0
9.13,2.45,0.0,0.0,0.0
10.47,2.44,0.0,0.0,0.0
12.72,1.62,0.63,0.0,0.0
14.07,11.73,2.99,0.0,0.0
13.17,9.78,4.37,0.0,0.0
12.27,15.96,5.14,0.0,0.0
11.37,14.98,5.82,0.0,0.0
11.37,4.07,6.15,0.0,0.0
12.72,4.07,5.9,0.0,0.0
12.72,3.74,5.08,0.0,0.0
11.82,2.61,4.44,0.0,0.0
10.92,1.62,4.1,0.0,0.0
10.02,6.51,3.82,0.0,0.0
9.13,6.84,2.92,0.0,0.0
5.08,7.0,0.24,0.0,0.0
2.38,0.0,0.27,0.0,0.0
1.92,0.0,0.0,0.0,0.0
2.37,0.0,0.0,0.0,0.0
1.92,0.0,0.24,0.0,0.0
3.27,0.0,0.0,0.0,0.0
6.43,0.0,0.11,0.0,0.0
6.88,2.49,0.0,0.0,0.0
7.78,2.44,0.0,0.0,0.0
9.13,5.37,0.02,0.0,0.0
10.47,2.11,0.88,0.0,0.0
12.72,1.62,2.53,0.0,0.0
14.07,11.71,4.48,0.0,0.0
13.17,5.04,5.09,0.0,0.0
12.27,15.94,6.32,0.0,0.0
11.37,14.96,7.79,0.0,0.0
11.37,3.58,7.81,0.0,0.0
12.72,5.03,7.72,0.0,0.0
12.72,3.74,8.18,0.0,0.0
11.82,2.6,7.8,0.0,0.0
10.92,1.63,7.23,0.0,0.0
10.02,6.5,7.05,0.0,0.0
9.13,6.83,6.66,0.0,0.0
5.08,6.99,2.75,0.0,0.0
2.38,2.43,1.96,0.0,0.0
2.38,0.0,0.0,0.0,0.0
1.92,0.0,0.0,0.0,0.0
2.37,0.0,0.0,0.0,0.0
1.92,0.0,0.36,0.0,0.0
3.27,0.0,1.28,0.0,0.0
6.43,0.0,3.8,0.0,0.0
6.88,2.49,2.92,0.0,0.0
7.78,2.43,1.15,0.0,0.0
9.13,5.36,3.78,0.0,0.0
10.47,2.11,7.79,0.0,0.0
12.72,1.62,16.38,0.0,0.0
14.07,11.69,11.82,0.0,0.0
13.17,5.03,8.76,0.0,0.0
12.27,15.91,9.13,0.0,0.0
11.37,14.93,9.48,0.0,0.0
11.37,3.57,9.82,0.0,0.0
12.72,5.03,9.82,0.0,0.0
12.72,3.74,9.49,0.0,0.0
11.82,2.59,8.72,0.0,0.0
10.92,1.62,7.37,0.0,0.0
10.02,6.49,7.95,0.0,0.0
9.13,6.82,7.12,0.0,0.0
5.08,6.98,3.95,0.0,0.0
2.38,2.43,2.45,0.0,0.0
2.38,0.0,0.0,0.0,0.0
1.92,0.0,0.0,0.0,0.0
2.37,0.0,0.0,0.0,0.0
1.92,0.0,0.22,0.0,0.0
3.27,0.0,0.0,0.0,0.0
6.43,0.0,0.05,0.0,0.0
6.88,2.46,0.0,0.0,0.0
7.78,2.43,0.0,0.0,0.0
9.13,5.34,1.49,0.0,0.0
10.47,2.1,2.05,0.0,0.0
12.72,1.63,3.91,0.0,0.0
14.07,11.67,6.22,0.0,0.0
13.17,5.02,7.27,0.0,0.0
12.27,15.89,7.68,0.0,0.0
11.37,14.92,8.19,0.0,0.0
11.37,3.56,8.45,0.0,0.0
12.72,5.02,8.46,0.0,0.0
12.72,3.73,8.5,0.0,0.0
11.82,2.59,8.5,0.0,0.0
10.92,1.62,8.32,0.0,0.0
10.02,6.48,8.06,0.0,0.0
9.13,6.81,7.93,0.0,0.0
5.08,6.97,3.39,0.0,0.0
2.38,2.43,1.79,0.0,0.0
2.38,0.0,0.0,0.0,0.0
1.92,0.0,0.0,0.0,0.0
2.37,0.0,0.0,0.0,0.0
1.92,0.0,0.51,0.0,0.0
3.27,0.0,0.25,0.0,0.0
6.43,0.0,0.68,0.0,0.0
6.88,2.48,2.02,0.0,0.0
7.78,2.42,2.04,0.0,0.0
9.13,5.34,3.82,0.0,0.0
10.47,2.1,4.36,0.0,0.0
12.72,1.61,6.17,0.0,0.0
14.07,11.65,7.37,0.0,0.0
13.17,5.02,7.48,0.0,0.0
12.27,15.86,8.54,0.0,0.0
11.37,14.89,10.29,0.0,0.0
11.37,3.56,10.67,0.0,0.0
12.72,5.01,10.39,0.0,0.0
12.72,3.73,9.55,0.0,0.0
11.82,2.59,8.73,0.0,0.0
10.92,1.62,8.78,0.0,0.0
10.02,6.47,9.21,0.0,0.0
9.13,6.8,9.31,0.0,0.0
5.08,6.96,5.36,0.0,0.0
2.38,2.42,3.29,0.0,0.0
2.38,0.0,0.0,0.0,0.0
1.92,0.0,0.0,0.0,0.0
2.37,0.0,0.0,0.0,0.0
1.92,0.0,0.62,0.0,0.0
3.27,0.0,2.56,0.0,0.0
6.43,0.0,4.26,0.0,0.0
6.88,2.46,3.3,0.0,0.0
7.78,2.43,1.75,0.0,0.0
9.13,5.33,3.53,0.0,0.0
10.47,2.1,4.01,0.0,0.0
12.72,1.62,5.86,0.0,0.0
14.07,11.63,8.95,0.0,0.0
13.17,5.01,13.26,0.0,0.0
12.27,15.83,17.82,0.0,0.0
11.37,14.87,18.07,0.0,0.0
11.37,3.56,17.88,0.0,0.0
12.72,5.0,18.5,0.0,0.0
12.72,3.72,18.59,0.0,0.0
11.82,2.58,12.25,0.0,0.0
10.92,1.62,7.62,0.0,0.0
10.02,6.46,7.01,0.0,0.0
9.13,6.79,5.9,0.0,0.0
5.08,6.95,2.31,0.0,0.0
2.38,2.42,1.16,0.0,0.0
2.38,0.0,0.0,0.0,0.0
1.92,0.0,0.0,0.0,0.0
2.37,0.0,0.0,0.0,0.0
1.92,0.0,0.13,0.0,0.0
3.27,0.0,0.0,0.0,0.0
6.41,0.0,0.03,0.0,0.0
6.88,0.0,0.0,0.0,0.0
7.78,2.46,0.0,0.0,0.0
9.13,2.41,0.0,0.0,0.0
10.47,2.42,0.33,0.0,0.0
12.72,1.61,2.15,0.0,0.0
14.07,11.61,4.69,0.0,0.0
13.17,9.68,5.5,0.0,0.0
12.27,15.81,6.25,0.0,0.0
11.37,14.85,7.03,0.0,0.0
11.37,4.03,8.31,0.0,0.0
12.72,4.04,10.28,0.0,0.0
12.72,3.71,9.9,0.0,0.0
11.82,2.58,8.4,0.0,0.0
10.92,1.61,6.88,0.0,0.0
10.02,6.45,6.3,0.0,0.0
9.13,6.77,6.02,0.0,0.0
5.08,6.93,3.05,0.0,0.0
2.38,0.0,1.05,0.0,0.0
2.38,0.0,0.0,0.0,0.0
1.92,0.0,0.0,0.0,0.0
2.37,0.0,0.0,0.0,0.0
1.92,0.0,0.25,0.0,0.0
3.27,0.0,0.0,0.0,0.0
6.41,0.0,0.17,0.0,0.0
6.88,0.0,0.0,0.0,0.0
7.78,2.48,0.0,0.0,0.0
9.13,2.42,0.42,0.0,0.0
10.47,2.42,2.57,0.0,0.0
12.72,1.61,4.78,0.0,0.0
14.07,11.59,7.09,0.0,0.0
13.17,9.66,11.68,0.0,0.0
12.27,15.78,16.73,0.0,0.0
11.37,14.83,16.83,0.0,0.0
11.37,4.02,16.87,0.0,0.0
12.72,4.03,17.31,0.0,0.0
12.72,3.7,17.12,0.0,0.0
11.82,2.58,13.26,0.0,0.0
10.92,1.6,7.89,0.0,0.0
10.02,6.45,7.05,0.0,0.0
9.13,6.76,6.08,0.0,0.0
5.08,6.92,2.45,0.0,0.0
2.38,0.0,1.14,0.0,0.0
2.38,0.0,0.0,0.0,0.0
1.92,0.0,0.0,0.0,0.0
2.37,0.0,0.0,0.0,0.0
1.92,0.0,0.21,0.0,0.0
3.27,0.0,0.0,0.0,0.0
6.43,0.0,0.06,0.0,0.0
6.88,2.47,0.0,0.0,0.0
7.78,2.41,0.0,0.0,0.0
9.13,5.3,2.21,0.0,0.0
10.47,2.09,4.35,0.0,0.0
12.72,1.61,10.32,0.0,0.0
14.07,11.57,20.01,0.0,0.0
13.17,4.98,26.01,0.0,0.0
12.27,15.75,27.56,0.0,0.0
11.37,14.8,25.56,0.0,0.0
11.37,3.54,23.78,0.0,0.0
12.72,4.98,25.36,0.0,0.0
12.72,3.7,27.19,0.0,0.0
11.82,2.57,26.92,0.0,0.0
10.92,1.61,23.05,0.0,0.0
10.02,6.43,18.15,0.0,0.0
9.13,6.76,10.56,0.0,0.0
5.08,6.91,6.09,0.0,0.0
2.38,2.41,3.46,0.0,0.0
2.38,0.0,0.0,0.0,0.0
1.92,0.0,0.0,0.0,0.0
2.37,0.0,0.0,0.0,0.0
1.92,0.0,0.57,0.0,0.0
3.27,0.0,1.22,0.0,0.0
6.43,0.0,1.41,0.0,0.0
6.88,2.44,0.57,0.0,0.0
7.78,2.41,0.29,0.0,0.0
9.13,5.3,3.98,0.0,0.0
10.47,2.09,9.36,0.0,0.0
12.72,1.61,17.79,0.0,0.0
14.07,11.55,25.75,0.0,0.0
13.17,4.98,33.9,0.0,0.0
12.27,15.72,36.11,0.0,0.0
11.37,14.77,33.34,0.0,0.0
11.37,3.53,30.27,0.0,0.0
12.72,4.97,30.83,0.0,0.0
12.72,3.69,31.57,0.0,0.0
11.82,2.57,32.32,0.0,0.0
10.92,1.6,29.52,0.0,0.0
10.02,6.42,27.11,0.0,0.0
9.13,6.74,22.29,0.0,0.0
5.08,6.9,16.35,0.0,0.0
2.38,2.41,10.22,0.0,0.0
2.38,0.0,0.0,0.0,0.0
1.92,0.0,0.0,0.0,0.0
2.37,0.0,0.0,0.0,0.0
1.92,0.0,1.51,0.0,0.0
3.27,0.0,0.79,0.0,0.0
6.43,0.0,1.7,0.0,0.0
6.88,2.45,3.05,0.0,0.0
7.78,2.4,3.91,0.0,0.0
9.13,5.29,7.43,0.0,0.0
10.47,2.08,15.43,0.0,0.0
12.72,1.6,20.38,0.0,0.0
14.07,11.54,28.07,0.0,0.0
13.17,4.97,33.2,0.0,0.0
12.27,15.7,31.41,0.0,0.0
11.37,14.74,27.53,0.0,0.0
11.37,3.53,23.24,0.0,0.0
12.72,4.96,23.64,0.0,0.0
12.72,3.69,25.89,0.0,0.0
11.82,2.56,28.1,0.0,0.0
10.92,1.6,27.46,0.0,0.0
10.02,6.41,25.9,0.0,0.0
9.13,6.73,21.48,0.0,0.0
5.08,6.89,13.73,0.0,0.0
2.38,2.4,6.45,0.0,0.0
2.38,0.0,0.0,0.0,0.0
1.92,0.0,0.0,0.0,0.0
2.37,0.0,0.0,0.0,0.0
1.92,0.0,1.24,0.0,0.0
3.27,0.0,0.64,0.0,0.0
6.43,0.0,0.67,0.0,0.0
6.88,2.45,1.61,0.0,0.0
7.78,2.39,2.65,0.0,0.0
9.13,5.28,6.48,0.0,0.0
10.47,2.08,15.16,0.0,0.0
12.72,1.59,21.07,0.0,0.0
14.07,11.52,27.31,0.0,0.0
13.17,4.96,32.71,0.0,0.0
12.27,15.68,32.4,0.0,0.0
11.37,14.71,29.03,0.0,0.0
11.37,3.52,25.75,0.0,0.0
12.72,4.95,25.17,0.0,0.0
12.72,3.68,26.26,0.0,0.0
11.82,2.56,27.35,0.0,0.0
10.92,1.59,25.36,0.0,0.0
10.02,6.4,20.37,0.0,0.0
9.13,6.72,13.99,0.0,0.0
5.08,6.87,8.49,0.0,0.0
2.38,2.4,5.91,0.0,0.0
2.38,0.0,0.0,0.0,0.0
1.92,0.0,0.0,0.0,0.0
2.37,0.0,0.0,0.0,0.0
1.92,0.0,1.2,0.0,0.0
3.27,0.0,3.93,0.0,0.0
6.43,0.0,5.78,0.0,0.0
6.88,2.45,4.04,0.0,0.0
7.78,2.39,3.7,0.0,0.0
9.13,5.27,7.96,0.0,0.0
10.47,2.07,14.12,0.0,0.0
12.72,1.59,20.4,0.0,0.0
14.07,11.49,27.33,0.0,0.0
13.17,4.95,33.34,0.0,0.0
12.27,15.65,34.95,0.0,0.0
11.37,14.68,31.65,0.0,0.0
11.37,3.51,29.25,0.0,0.0
12.72,4.95,31.08,0.0,0.0
12.72,3.67,34.18,0.0,0.0
11.82,2.56,34.4,0.0,0.0
10.92,1.59,30.89,0.0,0.0
10.02,6.39,29.82,0.0,0.0
9.13,6.7,23.87,0.0,0.0
5.08,6.86,16.61,0.0,0.0
2.38,2.4,8.61,0.0,0.0
2.38,0.0,0.0,0.0,0.0
1.92,0.0,0.0,0.0,0.0
2.37,0.0,0.0,0.0,0.0
1.92,0.0,1.33,0.0,0.0
3.27,0.0,0.68,0.0,0.0
6.41,0.0,1.55,0.0,0.0
6.88,0.0,2.07,0.0,0.0
7.78,2.45,3.65,0.0,0.0
9.13,2.39,6.43,0.0,0.0
10.47,2.39,16.04,0.0,0.0
12.72,1.59,22.94,0.0,0.0
14.07,11.48,29.32,0.0,0.0
13.17,9.56,30.75,0.0,0.0
12.27,15.62,30.93,0.0,0.0
11.37,14.66,28.74,0.0,0.0
11.37,3.98,28.01,0.0,0.0
12.72,3.98,28.31,0.0,0.0
12.72,3.66,27.65,0.0,0.0
11.82,2.55,30.27,0.0,0.0
10.92,1.6,30.36,0.0,0.0
10.02,6.36,27.79,0.0,0.0
9.13,6.7,26.52,0.0,0.0
5.08,6.85,20.18,0.0,0.0
2.38,0.0,10.48,0.0,0.0
2.38,0.0,0.0,0.0,0.0
1.92,0.0,0.0,0.0,0.0
2.37,0.0,0.0,0.0,0.0
1.92,0.0,0.94,0.0,0.0
3.27,0.0,0.38,0.0,0.0
6.41,0.0,0.59,0.0,0.0
6.88,0.0,0.71,0.0,0.0
7.78,2.45,2.28,0.0,0.0
9.13,2.39,3.96,0.0,0.0
10.47,2.38,6.47,0.0,0.0
12.72,1.58,16.07,0.0,0.0
14.07,11.45,25.77,0.0,0.0
13.17,9.55,30.02,0.0,0.0
12.27,15.59,29.91,0.0,0.0
11.37,14.63,26.8,0.0,0.0
11.37,3.98,25.28,0.0,0.0
12.72,3.97,25.67,0.0,0.0
12.72,3.66,25.42,0.0,0.0
11.82,2.54,24.47,0.0,0.0
10.92,1.59,21.38,0.0,0.0
10.02,6.35,15.96,0.0,0.0
9.13,6.68,11.9,0.0,0.0
5.08,6.84,6.95,0.0,0.0
2.38,0.0,3.7,0.0,0.0
2.38,0.0,0.0,0.0,0.0
1.92,0.0,0.0,0.0,0.0
2.37,0.0,0.0,0.0,0.0
1.92,0.0,0.22,0.0,0.0
3.27,0.0,0.0,0.0,0.0
6.43,0.0,0.17,0.0,0.0
6.88,2.44,0.0,0.0,0.0
7.78,2.38,0.0,0.0,0.0
9.13,5.24,0.04,0.0,0.0
10.47,2.06,0.81,0.0,0.0
12.72,1.59,2.87,0.0,0.0
14.07,11.43,4.33,0.0,0.0
13.17,4.92,5.14,0.0,0.0
12.27,15.56,5.71,0.0,0.0
11.37,14.61,5.84,0.0,0.0
11.37,3.49,5.82,0.0,0.0
12.72,4.92,5.83,0.0,0.0
12.72,3.65,5.76,0.0,0.0
11.82,2.54,5.51,0.0,0.0
10.92,1.59,5.31,0.0,0.0
10.02,6.34,5.2,0.0,0.0
9.13,6.67,5.2,0.0,0.0
5.08,6.83,2.55,0.0,0.0
2.38,2.38,1.71,0.0,0.0
2.38,0.0,0.0,0.0,0.0
1.92,0.0,0.0,0.0,0.0
2.37,0.0,0.0,0.0,0.0
1.92,0.0,0.26,0.0,0.0
3.27,0.0,1.1,0.0,0.0
6.43,0.0,1.83,0.0,0.0
6.88,2.42,1.09,0.0,0.0
7.78,2.37,0.18,0.0,0.0
9.13,5.23,2.37,0.0,0.0
10.47,2.06,3.63,0.0,0.0
12.72,1.58,5.87,0.0,0.0
14.07,11.41,7.65,0.0,0.0
13.17,4.91,8.25,0.0,0.0
12.27,15.52,8.3,0.0,0.0
11.37,14.58,8.54,0.0,0.0
11.37,3.49,8.88,0.0,0.0
12.72,4.91,9.44,0.0,0.0
12.72,3.64,11.43,0.0,0.0
11.82,2.53,9.88,0.0,0.0
10.92,1.58,8.49,0.0,0.0
10.02,6.34,8.24,0.0,0.0
9.13,6.65,7.63,0.0,0.0
5.08,6.81,4.0,0.0,0.0
2.38,2.38,2.28,0.0,0.0
2.38,0.0,0.0,0.0,0.0
1.92,0.0,0.0,0.0,0.0
2.37,0.0,0.0,0.0,0.0
1.92,0.0,0.16,0.0,0.0
3.27,0.0,0.0,0.0,0.0
6.43,0.0,0.06,0.0,0.0
6.88,2.43,0.0,0.0,0.0
7.78,2.37,0.0,0.0,0.0
9.13,5.22,2.58,0.0,0.0
10.47,2.05,5.05,0.0,0.0
12.72,1.58,7.64,0.0,0.0
14.07,11.38,12.58,0.0,0.0
13.17,4.9,19.46,0.0,0.0
12.27,15.49,21.46,0.0,0.0
11.37,14.56,19.6,0.0,0.0
11.37,3.48,18.6,0.0,0.0
12.72,4.9,18.02,0.0,0.0
12.72,3.64,17.66,0.0,0.0
11.82,2.53,15.17,0.0,0.0
10.92,1.58,10.34,0.0,0.0
10.02,6.33,7.65,0.0,0.0
9.13,6.64,7.29,0.0,0.0
5.08,6.79,4.45,0.0,0.0
2.38,2.37,2.45,0.0,0.0
2.38,0.0,0.0,0.0,0.0
1.92,0.0,0.0,0.0,0.0
2.37,0.0,0.0,0.0,0.0
1.92,0.0,0.54,0.0,0.0
3.27,0.0,0.32,0.0,0.0
6.43,0.0,0.65,0.0,0.0
6.88,2.42,2.03,0.0,0.0
7.78,2.36,2.91,0.0,0.0
9.13,5.21,5.43,0.0,0.0
10.47,2.05,5.99,0.0,0.0
12.72,1.58,7.65,0.0,0.0
14.07,11.36,8.85,0.0,0.0
13.17,4.89,7.07,0.0,0.0
12.27,15.46,5.59,0.0,0.0
11.37,14.53,5.27,0.0,0.0
11.37,3.47,5.12,0.0,0.0
12.72,4.89,4.96,0.0,0.0
12.72,3.63,5.33,0.0,0.0
11.82,2.52,5.46,0.0,0.0
10.92,1.57,5.33,0.0,0.0
10.02,6.31,5.19,0.0,0.0
9.13,6.63,5.18,0.0,0.0
5.08,6.78,1.89,0.0,0.0
2.38,2.37,1.55,0.0,0.0
2.38,0.0,0.0,0.0,0.0
1.92,0.0,0.0,0.0,0.0
2.37,0.0,0.0,0.0,0.0
1.92,0.0,0.01,0.0,0.0
3.27,0.0,0.01,0.0,0.0
6.43,0.0,0.0,0.0,0.0
6.88,2.42,0.0,0.0,0.0
7.78,2.36,0.0,0.0,0.0
9.13,5.19,0.0,0.0,0.0
10.47,2.04,0.0,0.0,0.0
12.72,1.58,0.02,0.0,0.0
14.07,11.33,1.54,0.0,0.0
13.17,4.88,2.55,0.0,0.0
12.27,15.43,3.29,0.0,0.0
11.37,14.5,3.98,0.0,0.0
11.37,3.47,4.64,0.0,0.0
12.72,4.88,4.87,0.0,0.0
12.72,3.62,4.67,0.0,0.0
11.82,2.52,4.08,0.0,0.0
10.92,1.57,3.55,0.0,0.0
10.02,6.3,3.19,0.0,0.0
9.13,6.61,2.61,0.0,0.0
5.08,6.78,0.37,0.0,0.0
2.38,2.36,0.37,0.0,0.0
2.38,0.0,0.0,0.0,0.0
1.92,0.0,0.0,0.0,0.0
2.37,0.0,0.0,0.0,0.0
1.92,0.0,0.0,0.0,0.0
3.27,0.0,0.0,0.0,0.0
6.41,0.0,0.0,0.0,0.0
6.88,0.0,0.0,0.0,0.0
7.78,2.42,0.0,0.0,0.0
9.13,2.36,0.0,0.0,0.0
10.47,2.36,0.0,0.0,0.0
12.72,1.57,0.3,0.0,0.0
14.07,11.32,2.54,0.0,0.0
13.17,9.43,3.46,0.0,0.0
12.27,15.4,4.24,0.0,0.0
11.37,14.47,4.87,0.0,0.0
11.37,3.93,5.25,0.0,0.0
12.72,3.93,5.34,0.0,0.0
12.72,3.61,4.83,0.0,0.0
11.82,2.51,4.2,0.0,0.0
10.92,1.57,3.48,0.0,0.0
10.02,6.28,2.62,0.0,0.0
9.13,6.61,2.02,0.0,0.0
5.08,6.76,0.0,0.0,0.0
2.38,0.0,0.01,0.0,0.0
2.38,0.0,0.0,0.0,0.0
1.92,0.0,0.0,0.0,0.0
2.37,0.0,0.0,0.0,0.0
1.92,0.0,0.03,0.0,0.0
3.27,0.0,0.0,0.0,0.0
6.41,0.0,0.0,0.0,0.0
6.88,0.0,0.0,0.0,0.0
7.78,2.41,0.0,0.0,0.0
9.13,2.35,0.07,0.0,0.0
10.47,2.35,1.93,0.0,0.0
12.72,1.57,5.09,0.0,0.0
14.07,11.29,11.92,0.0,0.0
13.17,9.41,18.28,0.0,0.0
12.27,15.37,20.16,0.0,0.0
11.37,14.44,19.7,0.0,0.0
11.37,3.92,18.98,0.0,0.0
12.72,3.92,18.19,0.0,0.0
12.72,3.61,15.58,0.0,0.0
11.82,2.51,12.56,0.0,0.0
10.92,1.57,8.72,0.0,0.0
10.02,6.27,8.08,0.0,0.0
9.13,6.59,7.81,0.0,0.0
5.08,6.74,4.17,0.0,0.0
2.38,0.0,1.93,0.0,0.0
2.38,0.0,0.0,0.0,0.0
1.92,0.0,0.0,0.0,0.0
2.37,0.0,0.0,0.0,0.0
1.92,0.0,0.29,0.0,0.0
3.27,0.0,0.04,0.0,0.0
6.43,0.0,0.17,0.0,0.0
6.88,2.41,0.0,0.0,0.0
7.78,2.35,0.16,0.0,0.0
9.13,5.16,4.08,0.0,0.0
10.47,2.04,8.58,0.0,0.0
12.72,1.57,17.88,0.0,0.0
14.07,11.27,24.84,0.0,0.0
13.17,4.86,28.3,0.0,0.0
12.27,15.34,27.41,0.0,0.0
11.37,14.4,25.7,0.0,0.0
11.37,3.45,24.02,0.0,0.0
12.72,4.85,24.87,0.0,0.0
12.72,3.6,25.95,0.0,0.0
11.82,2.51,25.09,0.0,0.0
10.92,1.56,21.45,0.0,0.0
10.02,6.25,18.21,0.0,0.0
9.13,6.58,10.98,0.0,0.0
5.08,6.73,6.31,0.0,0.0
2.38,2.35,3.58,0.0,0.0
2.38,0.0,0.0,0.0,0.0
1.92,0.0,0.0,0.0,0.0
2.37,0.0,0.0,0.0,0.0
1.92,0.0,0.23,0.0,0.0
3.27,0.0,1.02,0.0,0.0
6.43,0.0,1.58,0.0,0.0
6.88,2.38,0.07,0.0,0.0
7.78,2.34,0.0,0.0,0.0
9.13,5.16,3.09,0.0,0.0
10.47,2.03,7.21,0.0,0.0
12.72,1.56,17.29,0.0,0.0
14.07,11.25,26.29,0.0,0.0
13.17,4.84,30.27,0.0,0.0
12.27,15.31,30.04,0.0,0.0
11.37,14.37,27.99,0.0,0.0
11.37,3.44,24.27,0.0,0.0
12.72,4.84,23.66,0.0,0.0
12.72,3.59,25.1,0.0,0.0
11.82,2.5,25.14,0.0,0.0
10.92,1.56,21.27,0.0,0.0
10.02,6.24,17.31,0.0,0.0
9.13,6.56,10.46,0.0,0.0
5.08,6.71,5.92,0.0,0.0
2.38,2.34,3.66,0.0,0.0
2.38,0.0,0.0,0.0,0.0
1.92,0.0,0.0,0.0,0.0
2.37,0.0,0.0,0.0,0.0
1.92,0.0,0.61,0.0,0.0
3.27,0.0,0.25,0.0,0.0
6.43,0.0,0.25,0.0,0.0
6.88,2.39,0.18,0.0,0.0
7.78,2.33,1.62,0.0,0.0
9.13,5.14,6.07,0.0,0.0
10.47,2.02,13.73,0.0,0.0
12.72,1.56,18.65,0.0,0.0
14.07,11.22,21.92,0.0,0.0
13.17,4.83,25.71,0.0,0.0
12.27,15.27,27.38,0.0,0.0
11.37,14.35,26.22,0.0,0.0
11.37,3.43,23.5,0.0,0.0
12.72,4.83,23.0,0.0,0.0
12.72,3.58,23.76,0.0,0.0
11.82,2.5,24.22,0.0,0.0
10.92,1.56,23.12,0.0,0.0
10.02,6.23,21.76,0.0,0.0
9.13,6.55,16.91,0.0,0.0
5.08,6.7,9.45,0.0,0.0
2.38,2.34,6.31,0.0,0.0
2.38,0.0,0.0,0.0,0.0
1.92,0.0,0.0,0.0,0.0
2.37,0.0,0.0,0.0,0.0
1.92,0.0,1.52,0.0,0.0
3.27,0.0,1.04,0.0,0.0
6.43,0.0,2.49,0.0,0.0
6.88,2.38,4.57,0.0,0.0
7.78,2.33,5.75,0.0,0.0
9.13,5.13,13.5,0.0,0.0
10.47,2.02,22.51,0.0,0.0
12.72,1.55,25.29,0.0,0.0
14.07,11.19,32.67,0.0,0.0
13.17,4.82,38.36,0.0,0.0
12.27,15.24,36.14,0.0,0.0
11.37,14.32,32.29,0.0,0.0
11.37,3.42,29.33,0.0,0.0
12.72,4.82,29.67,0.0,0.0
12.72,3.57,30.57,0.0,0.0
11.82,2.49,31.34,0.0,0.0
10.92,1.55,28.56,0.0,0.0
10.02,6.21,25.44,0.0,0.0
9.13,6.53,20.45,0.0,0.0
5.08,6.69,10.17,0.0,0.0
2.38,2.33,6.26,0.0,0.0
2.38,0.0,0.0,0.0,0.0
1.92,0.0,0.0,0.0,0.0
2.37,0.0,0.0,0.0,0.0
1.92,0.0,1.64,0.0,0.0
3.27,0.0,4.69,0.0,0.0
6.43,0.0,7.49,0.0,0.0
6.88,2.37,5.82,0.0,0.0
7.78,2.32,4.99,0.0,0.0
9.13,5.12,13.57,0.0,0.0
10.47,2.02,24.31,0.0,0.0
12.72,1.55,28.33,0.0,0.0
14.07,11.17,33.96,0.0,0.0
13.17,4.81,38.29,0.0,0.0
12.27,15.2,38.09,0.0,0.0
11.37,14.28,33.91,0.0,0.0
11.37,3.41,28.39,0.0,0.0
12.72,4.81,28.8,0.0,0.0
12.72,3.56,31.54,0.0,0.0
11.82,2.49,34.17,0.0,0.0
10.92,1.55,31.55,0.0,0.0
10.02,6.2,27.53,0.0,0.0
9.13,6.52,20.19,0.0,0.0
5.08,6.67,12.69,0.0,0.0
2.38,2.33,6.19,0.0,0.0
2.38,0.0,0.0,0.0,0.0
1.92,0.0,0.0,0.0,0.0
2.37,0.0,0.0,0.0,0.0
1.92,0.0,1.6,0.0,0.0
3.27,0.0,0.83,0.0,0.0
6.41,0.0,2.74,0.0,0.0
6.88,0.0,1.08,0.0,0.0
7.78,2.38,0.0,0.0,0.0
9.13,2.32,0.0,0.0,0.0
10.47,2.32,0.0,0.0,0.0
12.72,1.54,1.02,0.0,0.0
14.07,11.15,3.0,0.0,0.0
13.17,9.29,3.75,0.0,0.0
12.27,15.17,5.09,0.0,0.0
11.37,14.25,6.05,0.0,0.0
11.37,3.87,6.54,0.0,0.0
12.72,3.87,9.27,0.0,0.0
12.72,3.56,10.43,0.0,0.0
11.82,2.47,9.29,0.0,0.0
10.92,1.55,7.7,0.0,0.0
10.02,6.19,6.36,0.0,0.0
9.13,6.5,5.73,0.0,0.0
5.08,6.65,3.75,0.0,0.0
2.38,0.0,1.91,0.0,0.0
2.38,0.0,0.0,0.0,0.0
1.92,0.0,0.0,0.0,0.0
2.37,0.0,0.0,0.0,0.0
1.92,0.0,0.16,0.0,0.0
3.27,0.0,0.01,0.0,0.0
6.41,0.0,0.14,0.0,0.0
6.88,0.0,0.0,0.0,0.0
7.78,2.38,0.0,0.0,0.0
9.13,2.33,1.15,0.0,0.0
10.47,2.31,3.54,0.0,0.0
12.72,1.55,7.14,0.0,0.0
14.07,11.12,13.84,0.0,0.0
13.17,9.27,18.49,0.0,0.0
12.27,15.15,20.45,0.0,0.0
11.37,14.21,19.29,0.0,0.0
11.37,3.87,16.88,0.0,0.0
12.72,3.86,16.1,0.0,0.0
12.72,3.56,12.25,0.0,0.0
11.82,2.47,8.82,0.0,0.0
10.92,1.54,8.18,0.0,0.0
10.02,6.18,7.66,0.0,0.0
9.13,6.48,6.62,0.0,0.0
5.08,6.65,2.8,0.0,0.0
2.38,0.0,1.91,0.0,0.0
2.38,0.0,0.0,0.0,0.0
1.92,0.0,0.0,0.0,0.0
2.37,0.0,0.0,0.0,0.0
1.92,0.0,0.95,0.0,0.0
3.27,0.0,0.58,0.0,0.0
6.43,0.0,2.02,0.0,0.0
6.88,2.36,4.08,0.0,0.0
7.78,2.31,5.44,0.0,0.0
9.13,5.08,15.02,0.0,0.0
10.47,2.0,23.33,0.0,0.0
12.72,1.54,27.27,0.0,0.0
14.07,11.09,35.18,0.0,0.0
13.17,4.78,41.82,0.0,0.0
12.27,15.1,41.1,0.0,0.0
11.37,14.18,36.08,0.0,0.0
11.37,3.39,30.4,0.0,0.0
12.72,4.78,30.44,0.0,0.0
12.72,3.54,32.03,0.0,0.0
11.82,2.47,32.94,0.0,0.0
10.92,1.54,31.15,0.0,0.0
10.02,6.16,29.27,0.0,0.0
9.13,6.48,22.79,0.0,0.0
5.08,6.62,15.29,0.0,0.0
2.38,2.31,7.33,0.0,0.0
2.38,0.0,0.0,0.0,0.0
1.92,0.0,0.0,0.0,0.0
2.37,0.0,0.0,0.0,0.0
1.92,0.0,2.09,0.0,0.0
3.27,0.0,5.78,0.0,0.0
6.43,0.0,9.16,0.0,0.0
6.88,2.36,7.52,0.0,0.0
7.78,2.31,7.81,0.0,0.0
9.13,5.07,19.05,0.0,0.0
10.47,2.0,25.2,0.0,0.0
12.72,1.54,28.68,0.0,0.0
14.07,11.07,35.87,0.0,0.0
13.17,4.77,39.16,0.0,0.0
12.27,15.07,37.61,0.0,0.0
11.37,14.15,34.4,0.0,0.0
11.37,3.39,31.23,0.0,0.0
12.72,4.77,32.23,0.0,0.0
12.72,3.53,34.05,0.0,0.0
11.82,2.46,35.16,0.0,0.0
10.92,1.54,32.81,0.0,0.0
10.02,6.15,30.18,0.0,0.0
9.13,6.46,23.55,0.0,0.0
5.08,6.61,16.18,0.0,0.0
2.38,2.31,9.12,0.0,0.0
2.38,0.0,0.0,0.0,0.0
1.92,0.0,0.0,0.0,0.0
2.37,0.0,0.0,0.0,0.0
1.92,0.0,2.01,0.0,0.0
3.27,0.0,1.29,0.0,0.0
6.43,0.0,2.8,0.0,0.0
6.88,2.36,4.36,0.0,0.0
7.78,2.3,6.99,0.0,0.0
9.13,5.06,21.39,0.0,0.0
10.47,2.0,28.28,0.0,0.0
12.72,1.53,29.93,0.0,0.0
14.07,11.05,37.11,0.0,0.0
13.17,4.76,43.74,0.0,0.0
12.27,15.04,40.61,0.0,0.0
11.37,14.11,34.04,0.0,0.0
11.37,3.38,29.51,0.0,0.0
12.72,4.76,30.09,0.0,0.0
12.72,3.53,33.41,0.0,0.0
11.82,2.45,35.96,0.0,0.0
10.92,1.54,33.1,0.0,0.0
10.02,6.13,30.28,0.0,0.0
9.13,6.44,25.13,0.0,0.0
5.08,6.59,20.07,0.0,0.0
2.38,2.3,14.32,0.0,0.0
2.38,0.0,0.06,0.0,0.0
1.92,0.0,0.0,0.0,0.0
2.37,0.0,0.0,0.0,0.0
1.92,0.0,2.68,0.0,0.0
3.27,0.0,2.48,0.0,0.0
6.43,0.0,5.08,0.0,0.0
6.88,2.35,7.01,0.0,0.0
7.78,2.3,15.99,0.0,0.0
9.13,5.05,25.43,0.0,0.0
10.47,1.99,30.49,0.0,0.0
12.72,1.53,30.77,0.0,0.0
14.07,11.02,37.13,0.0,0.0
13.17,4.75,42.62,0.0,0.0
12.27,15.01,40.97,0.0,0.0
11.37,14.08,36.29,0.0,0.0
11.37,3.37,32.11,0.0,0.0
12.72,4.75,33.78,0.0,0.0
12.72,3.52,36.69,0.0,0.0
11.82,2.45,38.87,0.0,0.0
10.92,1.53,36.46,0.0,0.0
10.02,6.12,34.12,0.0,0.0
9.13,6.43,28.8,0.0,0.0
5.08,6.58,21.55,0.0,0.0
2.38,2.3,15.45,0.0,0.0
2.38,0.0,0.07,0.0,0.0
1.92,0.0,0.0,0.0,0.0
2.37,0.0,0.0,0.0,0.0
1.92,0.0,2.79,0.0,0.0
3.27,0.0,6.44,0.0,0.0
6.43,0.0,9.84,0.0,0.0
6.88,2.35,8.08,0.0,0.0
7.78,2.29,6.81,0.0,0.0
9.13,5.04,19.52,0.0,0.0
10.47,1.99,26.54,0.0,0.0
12.72,1.52,28.13,0.0,0.0
14.07,11.0,34.21,0.0,0.0
13.17,4.74,41.22,0.0,0.0
12.27,14.97,42.15,0.0,0.0
11.37,14.05,36.21,0.0,0.0
11.37,3.36,26.06,0.0,0.0
12.72,4.74,21.77,0.0,0.0
12.72,3.51,22.66,0.0,0.0
11.82,2.44,23.21,0.0,0.0
10.92,1.53,19.67,0.0,0.0
10.02,6.11,17.91,0.0,0.0
9.13,6.41,16.27,0.0,0.0
5.08,6.57,11.84,0.0,0.0
2.38,2.29,6.96,0.0,0.0
2.38,0.0,0.0,0.0,0.0
1.92,0.0,0.0,0.0,0.0
2.37,0.0,0.0,0.0,0.0
1.92,0.0,1.66,0.0,0.0
3.27,0.0,0.94,0.0,0.0
6.41,0.0,2.69,0.0,0.0
6.88,0.0,3.24,0.0,0.0
7.78,2.35,4.67,0.0,0.0
9.13,2.29,6.39,0.0,0.0
10.47,2.29,9.95,0.0,0.0
12.72,1.53,14.26,0.0,0.0
14.07,10.96,21.18,0.0,0.0
13.17,9.14,25.32,0.0,0.0
12.27,14.94,26.99,0.0,0.0
11.37,14.02,27.21,0.0,0.0
11.37,3.81,24.92,0.0,0.0
12.72,3.8,22.01,0.0,0.0
12.72,3.51,16.67,0.0,0.0
11.82,2.44,12.54,0.0,0.0
10.92,1.52,13.45,0.0,0.0
10.02,6.09,11.35,0.0,0.0
9.13,6.4,11.3,0.0,0.0
5.08,6.55,8.79,0.0,0.0
2.38,0.0,6.16,0.0,0.0
2.38,0.0,0.0,0.0,0.0
1.92,0.0,0.0,0.0,0.0
2.37,0.0,0.0,0.0,0.0
1.92,0.0,1.82,0.0,0.0
3.27,0.0,1.43,0.0,0.0
6.41,0.0,3.08,0.0,0.0
6.88,0.0,3.3,0.0,0.0
7.78,2.34,4.37,0.0,0.0
9.13,2.29,5.95,0.0,0.0
10.47,2.28,7.42,0.0,0.0
12.72,1.52,8.91,0.0,0.0
14.07,10.94,10.02,0.0,0.0
13.17,9.12,10.73,0.0,0.0
12.27,14.91,15.8,0.0,0.0
11.37,13.99,17.47,0.0,0.0
11.37,3.8,20.28,0.0,0.0
12.72,3.8,22.1,0.0,0.0
12.72,3.5,22.93,0.0,0.0
11.82,2.43,23.92,0.0,0.0
10.92,1.52,23.5,0.0,0.0
10.02,6.07,23.41,0.0,0.0
9.13,6.39,16.72,0.0,0.0
5.08,6.53,8.53,0.0,0.0
2.38,0.0,5.69,0.0,0.0
2.38,0.0,0.0,0.0,0.0
1.92,0.0,0.0,0.0,0.0
2.37,0.0,0.0,0.0,0.0
1.92,0.0,1.59,0.0,0.0
3.27,0.0,1.3,0.0,0.0
6.43,0.0,3.5,0.0,0.0
6.88,2.34,5.64,0.0,0.0
7.78,2.28,7.33,0.0,0.0
9.13,5.01,14.59,0.0,0.0
10.47,1.97,19.94,0.0,0.0
12.72,1.51,15.9,0.0,0.0
14.07,10.92,16.54,0.0,0.0
13.17,4.7,19.63,0.0,0.0
12.27,14.86,25.69,0.0,0.0
11.37,13.95,30.37,0.0,0.0
11.37,3.34,29.68,0.0,0.0
12.72,4.7,31.04,0.0,0.0
12.72,3.49,34.5,0.0,0.0
11.82,2.42,36.95,0.0,0.0
10.92,1.52,34.12,0.0,0.0
10.02,6.06,31.19,0.0,0.0
9.13,6.36,23.83,0.0,0.0
5.08,6.52,15.93,0.0,0.0
2.38,2.27,7.7,0.0,0.0
2.38,0.0,0.0,0.0,0.0
1.92,0.0,0.0,0.0,0.0
2.37,0.0,0.0,0.0,0.0
1.92,0.0,2.85,0.0,0.0
3.27,0.0,7.58,0.0,0.0
6.43,0.0,15.79,0.0,0.0
6.88,2.3,17.63,0.0,0.0
7.78,2.27,21.23,0.0,0.0
9.13,4.99,12.35,0.0,0.0
10.47,1.96,6.62,0.0,0.0
12.72,1.51,7.36,0.0,0.0
14.07,10.89,9.02,0.0,0.0
13.17,4.69,10.04,0.0,0.0
12.27,14.82,9.61,0.0,0.0
11.37,13.92,9.03,0.0,0.0
11.37,3.33,8.97,0.0,0.0
12.72,4.69,9.48,0.0,0.0
12.72,3.48,9.73,0.0,0.0
11.82,2.41,9.53,0.0,0.0
10.92,1.52,8.49,0.0,0.0
10.02,6.05,8.75,0.0,0.0
9.13,6.35,7.71,0.0,0.0
5.08,6.51,4.1,0.0,0.0
2.38,2.26,2.8,0.0,0.0
2.38,0.0,0.0,0.0,0.0
1.92,0.0,0.0,0.0,0.0
2.37,0.0,0.0,0.0,0.0
1.92,0.0,0.7,0.0,0.0
3.27,0.0,0.32,0.0,0.0
6.43,0.0,0.89,0.0,0.0
6.88,2.3,3.2,0.0,0.0
7.78,2.26,4.84,0.0,0.0
9.13,4.99,10.41,0.0,0.0
10.47,1.96,17.88,0.0,0.0
12.72,1.51,22.27,0.0,0.0
14.07,10.86,30.73,0.0,0.0
13.17,4.68,36.0,0.0,0.0
12.27,14.79,40.44,0.0,0.0
11.37,13.88,36.88,0.0,0.0
11.37,3.32,28.38,0.0,0.0
12.72,4.68,17.24,0.0,0.0
12.72,3.47,12.79,0.0,0.0
11.82,2.41,18.82,0.0,0.0
10.92,1.51,20.32,0.0,0.0
10.02,6.04,20.75,0.0,0.0
9.13,6.33,20.27,0.0,0.0
5.08,6.5,15.5,0.0,0.0
2.38,2.26,7.69,0.0,0.0
2.38,0.0,0.0,0.0,0.0
1.92,0.0,0.0,0.0,0.0
2.37,0.0,0.0,0.0,0.0
1.92,0.0,1.96,0.0,0.0
3.27,0.0,1.37,0.0,0.0
6.43,0.0,2.82,0.0,0.0
6.88,2.3,4.55,0.0,0.0
7.78,2.25,5.32,0.0,0.0
9.13,4.97,7.94,0.0,0.0
10.47,1.95,13.62,0.0,0.0
12.72,1.51,19.81,0.0,0.0
14.07,10.84,25.72,0.0,0.0
13.17,4.67,32.08,0.0,0.0
12.27,14.76,33.3,0.0,0.0
11.37,13.85,28.15,0.0,0.0
11.37,3.31,24.51,0.0,0.0
12.72,4.67,25.09,0.0,0.0
12.72,3.46,26.7,0.0,0.0
11.82,2.41,28.57,0.0,0.0
10.92,1.5,28.69,0.0,0.0
10.02,6.02,26.81,0.0,0.0
9.13,6.32,21.09,0.0,0.0
5.08,6.48,14.09,0.0,0.0
2.38,2.26,6.95,0.0,0.0
2.38,0.0,0.0,0.0,0.0
1.92,0.0,0.0,0.0,0.0
2.37,0.0,0.0,0.0,0.0
1.92,0.0,1.23,0.0,0.0
3.27,0.0,3.7,0.0,0.0
6.43,0.0,6.34,0.0,0.0
6.88,2.3,5.31,0.0,0.0
7.78,2.25,4.67,0.0,0.0
9.13,4.95,10.12,0.0,0.0
10.47,1.95,17.1,0.0,0.0
12.72,1.5,21.54,0.0,0.0
14.07,10.81,27.84,0.0,0.0
13.17,4.66,34.89,0.0,0.0
12.27,14.72,37.85,0.0,0.0
11.37,13.82,34.58,0.0,0.0
11.37,3.3,31.9,0.0,0.0
12.72,4.66,31.96,0.0,0.0
12.72,3.45,34.29,0.0,0.0
11.82,2.4,36.97,0.0,0.0
10.92,1.5,34.72,0.0,0.0
10.02,6.01,33.02,0.0,0.0
9.13,6.3,27.42,0.0,0.0
5.08,6.46,20.6,0.0,0.0
2.38,2.25,14.5,0.0,0.0
2.38,0.0,0.06,0.0,0.0
1.92,0.0,0.0,0.0,0.0
2.37,0.0,0.0,0.0,0.0
1.92,0.0,2.83,0.0,0.0
3.27,0.0,2.59,0.0,0.0
6.41,0.0,4.4,0.0,0.0
6.88,0.0,5.0,0.0,0.0
7.78,2.31,5.87,0.0,0.0
9.13,2.25,7.06,0.0,0.0
10.47,2.25,8.15,0.0,0.0
12.72,1.5,10.25,0.0,0.0
14.07,10.78,18.45,0.0,0.0
13.17,8.99,23.46,0.0,0.0
12.27,14.68,28.58,0.0,0.0
11.37,13.78,28.0,0.0,0.0
11.37,3.75,25.85,0.0,0.0
12.72,3.74,24.3,0.0,0.0
12.72,3.44,22.82,0.0,0.0
11.82,2.4,24.99,0.0,0.0
10.92,1.5,23.14,0.0,0.0
10.02,5.99,17.54,0.0,0.0
9.13,6.29,16.43,0.0,0.0
5.08,6.44,8.71,0.0,0.0
2.38,0.0,4.78,0.0,0.0
2.38,0.0,0.0,0.0,0.0
1.92,0.0,0.0,0.0,0.0
2.37,0.0,0.0,0.0,0.0
1.92,0.0,1.59,0.0,0.0
3.27,0.0,1.27,0.0,0.0
6.41,0.0,3.07,0.0,0.0
6.88,0.0,3.9,0.0,0.0
7.78,2.3,5.09,0.0,0.0
9.13,2.24,6.98,0.0,0.0
10.47,2.24,13.14,0.0,0.0
12.72,1.49,22.14,0.0,0.0
14.07,10.75,26.31,0.0,0.0
13.17,8.97,28.98,0.0,0.0
12.27,14.65,29.92,0.0,0.0
11.37,13.74,28.52,0.0,0.0
11.37,3.74,27.58,0.0,0.0
12.72,3.73,28.62,0.0,0.0
12.72,3.44,28.66,0.0,0.0
11.82,2.39,26.89,0.0,0.0
10.92,1.49,24.34,0.0,0.0
10.02,5.97,22.31,0.0,0.0
9.13,6.28,15.68,0.0,0.0
5.08,6.42,7.89,0.0,0.0
2.38,0.0,5.19,0.0,0.0
2.38,0.0,0.0,0.0,0.0
1.92,0.0,0.0,0.0,0.0
2.37,0.0,0.0,0.0,0.0
1.92,0.0,1.94,0.0,0.0
3.27,0.0,1.42,0.0,0.0
6.43,0.0,2.68,0.0,0.0
6.88,2.29,3.9,0.0,0.0
7.78,2.23,4.45,0.0,0.0
9.13,4.91,6.39,0.0,0.0
10.47,1.94,11.64,0.0,0.0
12.72,1.49,15.58,0.0,0.0
14.07,10.74,20.7,0.0,0.0
13.17,4.62,25.65,0.0,0.0
12.27,14.61,24.67,0.0,0.0
11.37,13.71,20.73,0.0,0.0
11.37,3.28,18.11,0.0,0.0
12.72,4.62,17.58,0.0,0.0
12.72,3.43,16.51,0.0,0.0
11.82,2.38,13.29,0.0,0.0
10.92,1.49,10.23,0.0,0.0
10.02,5.96,8.48,0.0,0.0
9.13,6.27,6.81,0.0,0.0
5.08,6.4,4.58,0.0,0.0
2.38,2.24,2.62,0.0,0.0
2.38,0.0,0.0,0.0,0.0
1.92,0.0,0.0,0.0,0.0
2.37,0.0,0.0,0.0,0.0
1.92,0.0,0.42,0.0,0.0
3.27,0.0,1.1,0.0,0.0
6.43,0.0,2.27,0.0,0.0
6.88,2.29,2.06,0.0,0.0
7.78,2.23,1.52,0.0,0.0
9.13,4.91,3.41,0.0,0.0
10.47,1.93,4.24,0.0,0.0
12.72,1.48,5.71,0.0,0.0
14.07,10.7,9.63,0.0,0.0
13.17,4.61,13.49,0.0,0.0
12.27,14.57,15.75,0.0,0.0
11.37,13.68,16.31,0.0,0.0
11.37,3.27,14.58,0.0,0.0
12.72,4.61,15.9,0.0,0.0
12.72,3.42,17.16,0.0,0.0
11.82,2.38,13.96,0.0,0.0
10.92,1.48,9.38,0.0,0.0
10.02,5.95,6.75,0.0,0.0
9.13,6.24,5.92,0.0,0.0
5.08,6.39,3.53,0.0,0.0
2.38,2.23,1.9,0.0,0.0
2.38,0.0,0.0,0.0,0.0
1.92,0.0,0.0,0.0,0.0
2.37,0.0,0.0,0.0,0.0
1.92,0.0,0.36,0.0,0.0
3.27,0.0,0.06,0.0,0.0
6.43,0.0,0.15,0.0,0.0
6.88,2.28,0.0,0.0,0.0
7.78,2.22,0.63,0.0,0.0
9.13,4.89,5.49,0.0,0.0
10.47,1.93,12.36,0.0,0.0
12.72,1.48,16.08,0.0,0.0
14.07,10.68,22.59,0.0,0.0
13.17,4.6,28.15,0.0,0.0
12.27,14.53,30.61,0.0,0.0
11.37,13.65,28.05,0.0,0.0
11.37,3.26,23.67,0.0,0.0
12.72,4.6,24.27,0.0,0.0
12.72,3.41,26.94,0.0,0.0
11.82,2.37,28.82,0.0,0.0
10.92,1.48,27.85,0.0,0.0
10.02,5.94,27.25,0.0,0.0
9.13,6.23,22.14,0.0,0.0
5.08,6.38,15.53,0.0,0.0
2.38,2.22,8.17,0.0,0.0
2.38,0.0,0.0,0.0,0.0
1.92,0.0,0.0,0.0,0.0
2.37,0.0,0.0,0.0,0.0
1.92,0.0,1.69,0.0,0.0
3.27,0.0,0.85,0.0,0.0
6.43,0.0,2.51,0.0,0.0
6.88,2.28,4.57,0.0,0.0
7.78,2.22,11.38,0.0,0.0
9.13,4.88,23.54,0.0,0.0
10.47,1.93,28.05,0.0,0.0
12.72,1.47,29.82,0.0,0.0
14.07,10.65,38.66,0.0,0.0
13.17,4.59,43.67,0.0,0.0
12.27,14.49,44.57,0.0,0.0
11.37,13.61,38.45,0.0,0.0
11.37,3.25,30.57,0.0,0.0
12.72,4.59,30.22,0.0,0.0
12.72,3.4,33.77,0.0,0.0
11.82,2.37,37.03,0.0,0.0
10.92,1.47,36.24,0.0,0.0
10.02,5.92,35.46,0.0,0.0
9.13,6.22,29.75,0.0,0.0
5.08,6.35,21.8,0.0,0.0
2.38,2.22,14.91,0.0,0.0
2.38,0.0,0.06,0.0,0.0
1.92,0.0,0.0,0.0,0.0
2.37,0.0,0.0,0.0,0.0
1.92,0.0,2.59,0.0,0.0
3.27,0.0,5.73,0.0,0.0
6.43,0.0,8.49,0.0,0.0
6.88,2.27,6.78,0.0,0.0
7.78,2.21,5.63,0.0,0.0
9.13,4.87,15.45,0.0,0.0
10.47,1.92,21.63,0.0,0.0
12.72,1.47,24.07,0.0,0.0
14.07,10.62,30.95,0.0,0.0
13.17,4.58,38.66,0.0,0.0
12.27,14.47,39.96,0.0,0.0
11.37,13.57,36.18,0.0,0.0
11.37,3.25,32.25,0.0,0.0
12.72,4.58,30.82,0.0,0.0
12.72,3.39,31.49,0.0,0.0
11.82,2.36,28.94,0.0,0.0
10.92,1.47,24.1,0.0,0.0
10.02,5.9,22.81,0.0,0.0
9.13,6.2,19.93,0.0,0.0
5.08,6.34,8.77,0.0,0.0
2.38,2.21,6.5,0.0,0.0
2.38,0.0,0.27,0.0,0.0
1.92,0.0,0.0,0.0,0.0
2.37,0.0,0.0,0.0,0.0
1.92,0.0,4.66,0.0,0.0
3.27,0.0,4.81,0.0,0.0
6.41,0.0,12.6,0.0,0.0
6.88,0.0,14.03,0.0,0.0
7.78,2.27,24.17,0.0,0.0
9.13,2.22,30.48,0.0,0.0
10.47,2.21,35.73,0.0,0.0
12.72,1.47,38.39,0.0,0.0
14.07,10.6,40.79,0.0,0.0
13.17,8.83,34.95,0.0,0.0
12.27,14.42,20.72,0.0,0.0
11.37,13.55,10.63,0.0,0.0
11.37,3.68,11.97,0.0,0.0
12.72,3.67,15.16,0.0,0.0
12.72,3.39,16.27,0.0,0.0
11.82,2.36,19.58,0.0,0.0
10.92,1.47,20.15,0.0,0.0
10.02,5.88,16.53,0.0,0.0
9.13,6.18,13.27,0.0,0.0
5.08,6.33,7.2,0.0,0.0
2.38,0.0,4.08,0.0,0.0
2.38,0.0,0.0,0.0,0.0
1.92,0.0,0.0,0.0,0.0
2.37,0.0,0.0,0.0,0.0
1.92,0.0,0.96,0.0,0.0
3.27,0.0,0.47,0.0,0.0
6.41,0.0,1.82,0.0,0.0
6.88,0.0,3.75,0.0,0.0
7.78,2.26,6.16,0.0,0.0
9.13,2.2,11.82,0.0,0.0
10.47,2.2,16.99,0.0,0.0
12.72,1.47,25.42,0.0,0.0
14.07,10.57,31.29,0.0,0.0
13.17,8.81,36.24,0.0,0.0
12.27,14.39,38.88,0.0,0.0
11.37,13.51,36.1,0.0,0.0
11.37,3.67,34.76,0.0,0.0
12.72,3.67,35.28,0.0,0.0
12.72,3.38,33.65,0.0,0.0
11.82,2.35,29.96,0.0,0.0
10.92,1.47,27.75,0.0,0.0
10.02,5.87,28.01,0.0,0.0
9.13,6.16,24.23,0.0,0.0
5.08,6.32,19.66,0.0,0.0
2.38,0.0,15.57,0.0,0.0
2.38,0.0,0.1,0.0,0.0
1.92,0.0,0.0,0.0,0.0
2.37,0.0,0.0,0.0,0.0
1.92,0.0,3.1,0.0,0.0
3.27,0.0,3.41,0.0,0.0
6.43,0.0,11.59,0.0,0.0
6.88,2.25,15.45,0.0,0.0
7.78,2.2,18.54,0.0,0.0
9.13,4.83,15.5,0.0,0.0
10.47,1.91,9.06,0.0,0.0
12.72,1.46,6.75,0.0,0.0
14.07,10.54,6.27,0.0,0.0
13.17,4.54,7.1,0.0,0.0
12.27,14.35,8.12,0.0,0.0
11.37,13.47,9.9,0.0,0.0
11.37,3.22,11.18,0.0,0.0
12.72,4.54,10.98,0.0,0.0
12.72,3.37,10.75,0.0,0.0
11.82,2.34,11.04,0.0,0.0
10.92,1.46,8.95,0.0,0.0
10.02,5.85,7.86,0.0,0.0
9.13,6.15,8.18,0.0,0.0
5.08,6.3,5.09,0.0,0.0
2.38,2.19,3.44,0.0,0.0
2.38,0.0,0.0,0.0,0.0
1.92,0.0,0.0,0.0,0.0
2.37,0.0,0.0,0.0,0.0
1.92,0.0,0.35,0.0,0.0
3.27,0.0,1.66,0.0,0.0
6.43,0.0,2.9,0.0,0.0
6.88,2.24,2.13,0.0,0.0
7.78,2.19,0.8,0.0,0.0
9.13,4.81,3.57,0.0,0.0
10.47,1.9,4.96,0.0,0.0
12.72,1.46,7.25,0.0,0.0
14.07,10.52,10.58,0.0,0.0
13.17,4.53,15.32,0.0,0.0
12.27,14.31,12.76,0.0,0.0
11.37,13.45,11.98,0.0,0.0
11.37,3.21,15.16,0.0,0.0
12.72,4.53,19.53,0.0,0.0
12.72,3.36,21.44,0.0,0.0
11.82,2.34,18.78,0.0,0.0
10.92,1.45,13.17,0.0,0.0
10.02,5.84,9.36,0.0,0.0
9.13,6.14,8.32,0.0,0.0
5.08,6.27,4.71,0.0,0.0
2.38,2.19,2.05,0.0,0.0
2.38,0.0,0.0,0.0,0.0
1.92,0.0,0.0,0.0,0.0
2.37,0.0,0.0,0.0,0.0
1.92,0.0,0.27,0.0,0.0
3.27,0.0,0.0,0.0,0.0
6.43,0.0,0.09,0.0,0.0
6.88,2.25,0.0,0.0,0.0
7.78,2.18,0.0,0.0,0.0
9.13,4.81,0.53,0.0,0.0
10.47,1.89,1.67,0.0,0.0
12.72,1.46,3.65,0.0,0.0
14.07,10.48,5.36,0.0,0.0
13.17,4.52,6.38,0.0,0.0
12.27,14.28,8.96,0.0,0.0
11.37,13.4,10.06,0.0,0.0
11.37,3.2,10.39,0.0,0.0
12.72,4.52,11.2,0.0,0.0
12.72,3.35,11.84,0.0,0.0
11.82,2.33,10.41,0.0,0.0
10.92,1.46,6.94,0.0,0.0
10.02,5.82,6.01,0.0,0.0
9.13,6.11,5.56,0.0,0.0
5.08,6.27,3.44,0.0,0.0
2.38,2.18,2.06,0.0,0.0
2.38,0.0,0.0,0.0,0.0
1.92,0.0,0.0,0.0,0.0
2.37,0.0,0.0,0.0,0.0
1.92,0.0,0.17,0.0,0.0
3.27,0.0,0.0,0.0,0.0
6.43,0.0,0.04,0.0,0.0
6.88,2.23,0.0,0.0,0.0
7.78,2.18,0.09,0.0,0.0
9.13,4.79,3.07,0.0,0.0
10.47,1.89,5.15,0.0,0.0
12.72,1.45,10.27,0.0,0.0
14.07,10.46,15.05,0.0,0.0
13.17,4.5,18.79,0.0,0.0
12.27,14.24,20.24,0.0,0.0
11.37,13.37,18.86,0.0,0.0
11.37,3.19,17.61,0.0,0.0
12.72,4.5,17.84,0.0,0.0
12.72,3.34,19.35,0.0,0.0
11.82,2.33,20.38,0.0,0.0
10.92,1.45,16.37,0.0,0.0
10.02,5.81,11.84,0.0,0.0
9.13,6.1,7.14,0.0,0.0
5.08,6.25,4.7,0.0,0.0
2.38,2.18,2.48,0.0,0.0
2.38,0.0,0.0,0.0,0.0
1.92,0.0,0.0,0.0,0.0
2.37,0.0,0.0,0.0,0.0
1.92,0.0,0.44,0.0,0.0
3.27,0.0,0.98,0.0,0.0
6.43,0.0,1.81,0.0,0.0
6.88,2.23,0.99,0.0,0.0
7.78,2.17,0.73,0.0,0.0
9.13,4.78,3.99,0.0,0.0
10.47,1.89,6.15,0.0,0.0
12.72,1.45,12.16,0.0,0.0
14.07,10.43,18.47,0.0,0.0
13.17,4.49,22.45,0.0,0.0
12.27,14.21,22.44,0.0,0.0
11.37,13.33,20.92,0.0,0.0
11.37,3.19,19.17,0.0,0.0
12.72,4.49,20.06,0.0,0.0
12.72,3.33,21.01,0.0,0.0
11.82,2.32,21.66,0.0,0.0
10.92,1.45,20.8,0.0,0.0
10.02,5.79,20.04,0.0,0.0
9.13,6.08,15.55,0.0,0.0
5.08,6.24,9.83,0.0,0.0
2.38,2.17,5.88,0.0,0.0
2.38,0.0,0.0,0.0,0.0
1.92,0.0,0.0,0.0,0.0
2.37,0.0,0.0,0.0,0.0
1.92,0.0,0.78,0.0,0.0
3.27,0.0,0.23,0.0,0.0
6.41,0.0,0.45,0.0,0.0
6.88,0.0,0.39,0.0,0.0
7.78,2.23,2.83,0.0,0.0
9.13,2.17,7.2,0.0,0.0
10.47,2.17,14.37,0.0,0.0
12.72,1.45,16.98,0.0,0.0
14.07,10.41,20.48,0.0,0.0
13.17,8.68,23.8,0.0,0.0
12.27,14.16,23.82,0.0,0.0
11.37,13.3,22.1,0.0,0.0
11.37,3.62,20.83,0.0,0.0
12.72,3.61,20.41,0.0,0.0
12.72,3.32,19.74,0.0,0.0
11.82,2.31,21.63,0.0,0.0
10.92,1.45,21.71,0.0,0.0
10.02,5.78,17.95,0.0,0.0
9.13,6.07,12.96,0.0,0.0
5.08,6.21,6.79,0.0,0.0
2.38,0.0,3.71,0.0,0.0
2.38,0.0,0.0,0.0,0.0
1.92,0.0,0.0,0.0,0.0
2.37,0.0,0.0,0.0,0.0
1.92,0.0,0.94,0.0,0.0
3.27,0.0,0.33,0.0,0.0
6.41,0.0,0.42,0.0,0.0
6.88,0.0,0.28,0.0,0.0
7.78,2.22,3.67,0.0,0.0
9.13,2.18,11.05,0.0,0.0
10.47,2.16,15.44,0.0,0.0
12.72,1.44,17.58,0.0,0.0
14.07,10.37,19.45,0.0,0.0
13.17,8.65,23.37,0.0,0.0
12.27,14.14,22.72,0.0,0.0
11.37,13.27,20.92,0.0,0.0
11.37,3.6,20.72,0.0,0.0
12.72,3.6,21.26,0.0,0.0
12.72,3.32,20.07,0.0,0.0
11.82,2.31,18.6,0.0,0.0
10.92,1.44,16.34,0.0,0.0
10.02,5.76,14.31,0.0,0.0
9.13,6.05,10.24,0.0,0.0
5.08,6.21,5.66,0.0,0.0
2.38,0.0,3.07,0.0,0.0
2.38,0.0,0.0,0.0,0.0
1.92,0.0,0.0,0.0,0.0
2.37,0.0,0.0,0.0,0.0
1.92,0.0,0.58,0.0,0.0
3.27,0.0,0.25,0.0,0.0
6.43,0.0,1.45,0.0,0.0
6.88,2.22,3.33,0.0,0.0
7.78,2.16,5.63,0.0,0.0
9.13,4.75,13.04,0.0,0.0
10.47,1.86,18.15,0.0,0.0
12.72,1.44,18.92,0.0,0.0
14.07,10.35,24.14,0.0,0.0
13.17,4.46,28.09,0.0,0.0
12.27,14.1,27.64,0.0,0.0
11.37,13.24,25.4,0.0,0.0
11.37,3.16,23.28,0.0,0.0
12.72,4.46,23.24,0.0,0.0
12.72,3.31,25.36,0.0,0.0
11.82,2.3,28.97,0.0,0.0
10.92,1.44,27.09,0.0,0.0
10.02,5.75,23.87,0.0,0.0
9.13,6.04,17.9,0.0,0.0
5.08,6.18,10.85,0.0,0.0
2.38,2.16,5.54,0.0,0.0
2.38,0.0,0.0,0.0,0.0
1.92,0.0,0.0,0.0,0.0
2.37,0.0,0.0,0.0,0.0
1.92,0.0,1.2,0.0,0.0
3.27,0.0,3.79,0.0,0.0
6.43,0.0,6.32,0.0,0.0
6.88,2.21,5.32,0.0,0.0
7.78,2.15,7.1,0.0,0.0
9.13,4.74,17.27,0.0,0.0
10.47,1.86,21.29,0.0,0.0
12.72,1.44,22.69,0.0,0.0
14.07,10.33,28.38,0.0,0.0
13.17,4.44,33.8,0.0,0.0
12.27,14.06,32.75,0.0,0.0
11.37,13.2,27.55,0.0,0.0
11.37,3.15,23.23,0.0,0.0
12.72,4.45,23.23,0.0,0.0
12.72,3.3,24.83,0.0,0.0
11.82,2.29,26.08,0.0,0.0
10.92,1.43,23.56,0.0,0.0
10.02,5.73,19.66,0.0,0.0
9.13,6.02,14.19,0.0,0.0
5.08,6.17,8.29,0.0,0.0
2.38,2.15,5.23,0.0,0.0
2.38,0.0,0.0,0.0,0.0
1.92,0.0,0.0,0.0,0.0
2.37,0.0,0.0,0.0,0.0
1.92,0.0,1.4,0.0,0.0
3.27,0.0,0.82,0.0,0.0
6.43,0.0,2.09,0.0,0.0
6.88,2.2,3.59,0.0,0.0
7.78,2.14,6.32,0.0,0.0
9.13,4.72,16.28,0.0,0.0
10.47,1.86,21.46,0.0,0.0
12.72,1.43,23.56,0.0,0.0
14.07,10.29,29.76,0.0,0.0
13.17,4.43,36.31,0.0,0.0
12.27,14.03,36.25,0.0,0.0
11.37,13.16,31.39,0.0,0.0
11.37,3.14,27.87,0.0,0.0
12.72,4.43,29.1,0.0,0.0
12.72,3.29,32.42,0.0,0.0
11.82,2.29,34.96,0.0,0.0
10.92,1.43,32.49,0.0,0.0
10.02,5.72,29.92,0.0,0.0
9.13,6.01,24.06,0.0,0.0
5.08,6.14,17.35,0.0,0.0
2.38,2.14,10.37,0.0,0.0
2.38,0.0,0.0,0.0,0.0
1.92,0.0,0.0,0.0,0.0
2.37,0.0,0.0,0.0,0.0
1.92,0.0,2.17,0.0,0.0
3.27,0.0,1.82,0.0,0.0
6.43,0.0,3.86,0.0,0.0
6.88,2.18,5.74,0.0,0.0
7.78,2.14,13.81,0.0,0.0
9.13,4.7,23.93,0.0,0.0
10.47,1.86,28.23,0.0,0.0
12.72,1.42,27.8,0.0,0.0
14.07,10.27,33.13,0.0,0.0
13.17,4.42,38.77,0.0,0.0
12.27,13.99,36.13,0.0,0.0
11.37,13.12,30.49,0.0,0.0
11.37,3.14,27.29,0.0,0.0
12.72,4.42,28.59,0.0,0.0
12.72,3.28,31.49,0.0,0.0
11.82,2.28,33.82,0.0,0.0
10.92,1.43,32.41,0.0,0.0
10.02,5.71,31.23,0.0,0.0
9.13,5.99,25.03,0.0,0.0
5.08,6.13,17.46,0.0,0.0
2.38,2.14,8.81,0.0,0.0
2.38,0.0,0.0,0.0,0.0
1.92,0.0,0.0,0.0,0.0
2.37,0.0,0.0,0.0,0.0
1.92,0.0,1.94,0.0,0.0
3.27,0.0,4.85,0.0,0.0
6.43,0.0,6.5,0.0,0.0
6.88,2.2,5.86,0.0,0.0
7.78,2.13,10.86,0.0,0.0
9.13,4.7,23.04,0.0,0.0
10.47,1.85,27.03,0.0,0.0
12.72,1.42,27.92,0.0,0.0
14.07,10.25,33.74,0.0,0.0
13.17,4.41,39.49,0.0,0.0
12.27,13.95,38.64,0.0,0.0
11.37,13.09,34.06,0.0,0.0
11.37,3.13,29.79,0.0,0.0
12.72,4.41,29.55,0.0,0.0
12.72,3.27,31.17,0.0,0.0
11.82,2.28,33.15,0.0,0.0
10.92,1.42,31.47,0.0,0.0
10.02,5.69,30.25,0.0,0.0
9.13,5.98,24.94,0.0,0.0
5.08,6.11,19.47,0.0,0.0
2.38,2.13,13.72,0.0,0.0
2.38,0.0,0.02,0.0,0.0
1.92,0.0,0.0,0.0,0.0
2.37,0.0,0.0,0.0,0.0
1.92,0.0,2.62,0.0,0.0
3.27,0.0,2.28,0.0,0.0
6.41,0.0,4.82,0.0,0.0
6.88,0.0,6.76,0.0,0.0
7.78,2.19,19.69,0.0,0.0
9.13,2.14,27.11,0.0,0.0
10.47,2.13,30.82,0.0,0.0
12.72,1.42,30.22,0.0,0.0
14.07,10.21,35.34,0.0,0.0
13.17,8.52,39.53,0.0,0.0
12.27,13.92,39.15,0.0,0.0
11.37,13.06,35.09,0.0,0.0
11.37,3.55,31.87,0.0,0.0
12.72,3.55,31.37,0.0,0.0
12.72,3.26,30.76,0.0,0.0
11.82,2.27,34.54,0.0,0.0
10.92,1.42,35.58,0.0,0.0
10.02,5.68,31.29,0.0,0.0
9.13,5.96,27.66,0.0,0.0
5.08,6.1,22.28,0.0,0.0
2.38,0.0,15.0,0.0,0.0
2.38,0.0,0.1,0.0,0.0
1.92,0.0,0.0,0.0,0.0
2.37,0.0,0.0,0.0,0.0
1.92,0.0,2.66,0.0,0.0
3.27,0.0,2.5,0.0,0.0
6.41,0.0,4.84,0.0,0.0
6.88,0.0,6.78,0.0,0.0
7.78,2.18,19.92,0.0,0.0
9.13,2.15,26.35,0.0,0.0
10.47,2.12,26.27,0.0,0.0
12.72,1.42,29.19,0.0,0.0
14.07,10.18,32.75,0.0,0.0
13.17,8.5,39.45,0.0,0.0
12.27,13.87,39.34,0.0,0.0
11.37,13.03,34.86,0.0,0.0
11.37,3.54,32.12,0.0,0.0
12.72,3.54,33.15,0.0,0.0
12.72,3.25,34.41,0.0,0.0
11.82,2.26,34.33,0.0,0.0
10.92,1.41,32.89,0.0,0.0
10.02,5.66,31.74,0.0,0.0
9.13,5.95,24.7,0.0,0.0
5.08,6.09,18.69,0.0,0.0
2.38,0.0,14.52,0.0,0.0
2.38,0.0,0.12,0.0,0.0
1.92,0.0,0.0,0.0,0.0
2.37,0.0,0.0,0.0,0.0
1.92,0.0,3.53,0.0,0.0
3.27,0.0,3.7,0.0,0.0
6.43,0.0,11.62,0.0,0.0
6.88,2.18,15.07,0.0,0.0
7.78,2.12,22.73,0.0,0.0
9.13,4.66,29.67,0.0,0.0
10.47,1.83,33.01,0.0,0.0
12.72,1.41,34.27,0.0,0.0
14.07,10.16,43.81,0.0,0.0
13.17,4.38,50.45,0.0,0.0
12.27,13.83,48.44,0.0,0.0
11.37,13.0,40.41,0.0,0.0
11.37,3.1,35.41,0.0,0.0
12.72,4.38,35.3,0.0,0.0
12.72,3.25,31.42,0.0,0.0
11.82,2.26,29.97,0.0,0.0
10.92,1.41,30.17,0.0,0.0
10.02,5.65,30.02,0.0,0.0
9.13,5.93,25.92,0.0,0.0
5.08,6.07,20.38,0.0,0.0
2.38,2.12,14.59,0.0,0.0
2.38,0.0,0.08,0.0,0.0
1.92,0.0,0.0,0.0,0.0
2.37,0.0,0.0,0.0,0.0
1.92,0.0,4.34,0.0,0.0
3.27,0.0,9.08,0.0,0.0
6.43,0.0,19.61,0.0,0.0
6.88,2.16,21.13,0.0,0.0
7.78,2.11,27.39,0.0,0.0
9.13,4.64,32.78,0.0,0.0
10.47,1.84,36.23,0.0,0.0
12.72,1.41,35.85,0.0,0.0
14.07,10.13,43.51,0.0,0.0
13.17,4.36,49.52,0.0,0.0
12.27,13.81,44.67,0.0,0.0
11.37,12.96,35.29,0.0,0.0
11.37,3.1,32.62,0.0,0.0
12.72,4.36,36.03,0.0,0.0
12.72,3.24,39.67,0.0,0.0
11.82,2.25,43.43,0.0,0.0
10.92,1.4,39.33,0.0,0.0
10.02,5.63,35.02,0.0,0.0
9.13,5.92,27.08,0.0,0.0
5.08,6.06,19.97,0.0,0.0
2.38,2.11,14.73,0.0,0.0
2.38,0.0,0.16,0.0,0.0
1.92,0.0,0.0,0.0,0.0
2.37,0.0,0.0,0.0,0.0
1.92,0.0,2.63,0.0,0.0
3.27,0.0,2.43,0.0,0.0
6.43,0.0,8.27,0.0,0.0
6.88,2.16,13.5,0.0,0.0
7.78,2.1,19.46,0.0,0.0
9.13,4.64,23.8,0.0,0.0
10.47,1.82,28.51,0.0,0.0
12.72,1.41,30.45,0.0,0.0
14.07,10.11,38.9,0.0,0.0
13.17,4.35,48.05,0.0,0.0
12.27,13.76,46.91,0.0,0.0
11.37,12.93,38.31,0.0,0.0
11.37,3.09,32.4,0.0,0.0
12.72,4.35,33.22,0.0,0.0
12.72,3.23,36.56,0.0,0.0
11.82,2.25,41.28,0.0,0.0
10.92,1.41,40.69,0.0,0.0
10.02,5.62,38.25,0.0,0.0
9.13,5.9,30.44,0.0,0.0
5.08,6.04,22.81,0.0,0.0
2.38,2.11,15.51,0.0,0.0
2.38,0.0,0.1,0.0,0.0
1.92,0.0,0.0,0.0,0.0
2.37,0.0,0.0,0.0,0.0
1.92,0.0,3.52,0.0,0.0
3.27,0.0,3.85,0.0,0.0
6.43,0.0,10.12,0.0,0.0
6.88,2.15,15.05,0.0,0.0
7.78,2.1,24.08,0.0,0.0
9.13,4.62,29.32,0.0,0.0
10.47,1.82,30.82,0.0,0.0
12.72,1.4,30.94,0.0,0.0
14.07,10.08,39.35,0.0,0.0
13.17,4.34,45.16,0.0,0.0
12.27,13.73,43.82,0.0,0.0
11.37,12.9,39.31,0.0,0.0
11.37,3.08,35.62,0.0,0.0
12.72,4.34,37.6,0.0,0.0
12.72,3.22,41.77,0.0,0.0
11.82,2.24,44.83,0.0,0.0
10.92,1.4,41.96,0.0,0.0
10.02,5.6,39.89,0.0,0.0
9.13,5.89,32.98,0.0,0.0
5.08,6.02,26.69,0.0,0.0
2.38,2.1,20.36,0.0,0.0
2.38,0.0,0.37,0.0,0.0
1.92,0.0,0.0,0.0,0.0
2.37,0.0,0.0,0.0,0.0
1.92,0.0,3.66,0.0,0.0
3.27,0.0,8.23,0.0,0.0
6.43,0.0,17.1,0.0,0.0
6.88,2.15,17.91,0.0,0.0
7.78,2.09,25.34,0.0,0.0
9.13,4.61,31.81,0.0,0.0
10.47,1.81,34.69,0.0,0.0
12.72,1.4,31.95,0.0,0.0
14.07,10.06,33.49,0.0,0.0
13.17,4.33,38.46,0.0,0.0
12.27,13.7,42.34,0.0,0.0
11.37,12.87,32.32,0.0,0.0
11.37,3.07,23.82,0.0,0.0
12.72,4.33,21.83,0.0,0.0
12.72,3.21,24.73,0.0,0.0
11.82,2.23,26.16,0.0,0.0
10.92,1.4,22.03,0.0,0.0
10.02,5.59,25.27,0.0,0.0
9.13,5.87,22.86,0.0,0.0
5.08,6.0,13.9,0.0,0.0
2.38,2.09,7.55,0.0,0.0
2.38,0.0,0.0,0.0,0.0
1.92,0.0,0.0,0.0,0.0
2.37,0.0,0.0,0.0,0.0
1.92,0.0,2.64,0.0,0.0
3.27,0.0,2.87,0.0,0.0
6.41,0.0,8.66,0.0,0.0
6.88,0.0,12.84,0.0,0.0
7.78,2.15,24.8,0.0,0.0
9.13,2.09,31.59,0.0,0.0
10.47,2.09,34.83,0.0,0.0
12.72,1.4,36.22,0.0,0.0
14.07,10.04,43.94,0.0,0.0
13.17,8.36,47.12,0.0,0.0
12.27,13.66,48.22,0.0,0.0
11.37,12.82,43.23,0.0,0.0
11.37,3.48,39.0,0.0,0.0
12.72,3.49,39.06,0.0,0.0
12.72,3.2,39.32,0.0,0.0
11.82,2.23,44.49,0.0,0.0
10.92,1.39,46.07,0.0,0.0
10.02,5.57,42.01,0.0,0.0
9.13,5.85,40.08,0.0,0.0
5.08,5.99,35.49,0.0,0.0
2.38,0.0,26.39,0.0,0.0
2.38,0.0,0.65,0.0,0.0
1.92,0.0,0.0,0.0,0.0
2.37,0.0,0.0,0.0,0.0
1.92,0.0,6.24,0.0,0.0
3.27,0.0,6.17,0.0,0.0
6.41,0.0,17.75,0.0,0.0
6.88,0.0,19.12,0.0,0.0
7.78,2.15,30.41,0.0,0.0
9.13,2.11,35.07,0.0,0.0
10.47,2.08,32.17,0.0,0.0
12.72,1.39,36.16,0.0,0.0
14.07,10.0,38.76,0.0,0.0
13.17,8.34,44.5,0.0,0.0
12.27,13.62,47.55,0.0,0.0
11.37,12.79,43.27,0.0,0.0
11.37,3.48,40.1,0.0,0.0
12.72,3.48,41.49,0.0,0.0
12.72,3.2,42.49,0.0,0.0
11.82,2.22,42.57,0.0,0.0
10.92,1.39,41.91,0.0,0.0
10.02,5.56,41.9,0.0,0.0
9.13,5.84,34.68,0.0,0.0
5.08,5.97,28.14,0.0,0.0
2.38,0.0,23.0,0.0,0.0
2.38,0.0,0.3,0.0,0.0
1.92,0.0,0.0,0.0,0.0
2.37,0.0,0.0,0.0,0.0
1.92,0.0,5.61,0.0,0.0
3.27,0.0,5.54,0.0,0.0
6.43,0.0,16.73,0.0,0.0
6.88,2.14,20.58,0.0,0.0
7.78,2.1,28.84,0.0,0.0
9.13,4.57,34.94,0.0,0.0
10.47,1.8,37.97,0.0,0.0
12.72,1.39,37.85,0.0,0.0
14.07,9.97,48.06,0.0,0.0
13.17,4.3,55.34,0.0,0.0
12.27,13.59,47.19,0.0,0.0
11.37,12.76,32.23,0.0,0.0
11.37,3.05,21.45,0.0,0.0
12.72,4.3,20.61,0.0,0.0
12.72,3.19,24.08,0.0,0.0
11.82,2.22,27.89,0.0,0.0
10.92,1.39,28.21,0.0,0.0
10.02,5.54,26.57,0.0,0.0
9.13,5.82,22.15,0.0,0.0
5.08,5.96,13.95,0.0,0.0
2.38,2.08,7.28,0.0,0.0
2.38,0.0,0.0,0.0,0.0
1.92,0.0,0.0,0.0,0.0
2.37,0.0,0.0,0.0,0.0
1.92,0.0,2.66,0.0,0.0
3.27,0.0,6.66,0.0,0.0
6.43,0.0,11.02,0.0,0.0
6.88,2.13,11.0,0.0,0.0
7.78,2.07,17.11,0.0,0.0
9.13,4.56,25.11,0.0,0.0
10.47,1.79,29.73,0.0,0.0
12.72,1.39,31.32,0.0,0.0
14.07,9.96,41.5,0.0,0.0
13.17,4.29,49.23,0.0,0.0
12.27,13.55,47.74,0.0,0.0
11.37,12.73,40.82,0.0,0.0
11.37,3.04,33.2,0.0,0.0
12.72,4.29,28.67,0.0,0.0
12.72,3.18,28.64,0.0,0.0
11.82,2.21,33.97,0.0,0.0
10.92,1.38,34.1,0.0,0.0
10.02,5.53,31.99,0.0,0.0
9.13,5.8,26.79,0.0,0.0
5.08,5.95,20.76,0.0,0.0
2.38,2.07,14.78,0.0,0.0
2.38,0.0,0.06,0.0,0.0
1.92,0.0,0.0,0.0,0.0
2.37,0.0,0.0,0.0,0.0
1.92,0.0,3.23,0.0,0.0
3.27,0.0,3.23,0.0,0.0
6.43,0.0,7.4,0.0,0.0
6.88,2.13,14.22,0.0,0.0
7.78,2.07,24.41,0.0,0.0
9.13,4.55,31.87,0.0,0.0
10.47,1.8,36.69,0.0,0.0
12.72,1.38,35.13,0.0,0.0
14.07,9.93,41.91,0.0,0.0
13.17,4.27,50.14,0.0,0.0
12.27,13.53,49.09,0.0,0.0
11.37,12.7,42.1,0.0,0.0
11.37,3.03,37.58,0.0,0.0
12.72,4.27,38.4,0.0,0.0
12.72,3.17,40.11,0.0,0.0
11.82,2.2,45.61,0.0,0.0
10.92,1.38,44.39,0.0,0.0
10.02,5.51,41.52,0.0,0.0
9.13,5.79,35.19,0.0,0.0
5.08,5.93,28.57,0.0,0.0
2.38,2.07,21.65,0.0,0.0
2.38,0.0,0.31,0.0,0.0
1.92,0.0,0.0,0.0,0.0
2.37,0.0,0.0,0.0,0.0
1.92,0.0,3.47,0.0,0.0
3.27,0.0,3.58,0.0,0.0
6.43,0.0,11.18,0.0,0.0
6.88,2.12,14.39,0.0,0.0
7.78,2.06,25.38,0.0,0.0
9.13,4.54,33.57,0.0,0.0
10.47,1.78,36.08,0.0,0.0
12.72,1.38,36.62,0.0,0.0
14.07,9.91,44.77,0.0,0.0
13.17,4.27,49.35,0.0,0.0
12.27,13.48,47.72,0.0,0.0
11.37,12.66,42.53,0.0,0.0
11.37,3.03,35.01,0.0,0.0
12.72,4.27,21.67,0.0,0.0
12.72,3.16,14.72,0.0,0.0
11.82,2.2,22.59,0.0,0.0
10.92,1.37,25.05,0.0,0.0
10.02,5.5,26.15,0.0,0.0
9.13,5.78,22.72,0.0,0.0
5.08,5.91,16.74,0.0,0.0
2.38,2.06,11.85,0.0,0.0
2.38,0.0,0.01,0.0,0.0
1.92,0.0,0.0,0.0,0.0
2.37,0.0,0.0,0.0,0.0
1.92,0.0,2.09,0.0,0.0
3.27,0.0,5.01,0.0,0.0
6.43,0.0,7.37,0.0,0.0
6.88,2.1,5.47,0.0,0.0
7.78,2.06,3.53,0.0,0.0
9.13,4.53,5.48,0.0,0.0
10.47,1.78,6.3,0.0,0.0
12.72,1.37,8.94,0.0,0.0
14.07,9.88,16.86,0.0,0.0
13.17,4.26,25.97,0.0,0.0
12.27,13.44,28.81,0.0,0.0
11.37,12.63,28.05,0.0,0.0
11.37,3.02,27.65,0.0,0.0
12.72,4.26,30.1,0.0,0.0
12.72,3.16,33.42,0.0,0.0
11.82,2.2,36.19,0.0,0.0
10.92,1.37,34.55,0.0,0.0
10.02,5.49,32.86,0.0,0.0
9.13,5.76,26.27,0.0,0.0
5.08,5.9,19.31,0.0,0.0
2.38,2.06,13.23,0.0,0.0
2.38,0.0,0.03,0.0,0.0
1.92,0.0,0.0,0.0,0.0
2.37,0.0,0.0,0.0,0.0
1.92,0.0,2.4,0.0,0.0
3.27,0.0,2.0,0.0,0.0
6.41,0.0,4.36,0.0,0.0
6.88,0.0,8.25,0.0,0.0
7.78,2.11,20.48,0.0,0.0
9.13,2.05,27.19,0.0,0.0
10.47,2.05,29.97,0.0,0.0
12.72,1.37,29.71,0.0,0.0
14.07,9.86,35.19,0.0,0.0
13.17,8.21,37.12,0.0,0.0
12.27,13.42,37.76,0.0,0.0
11.37,12.6,38.27,0.0,0.0
11.37,3.42,36.19,0.0,0.0
12.72,3.42,33.88,0.0,0.0
12.72,3.15,33.39,0.0,0.0
11.82,2.19,39.4,0.0,0.0
10.92,1.37,41.59,0.0,0.0
10.02,5.47,37.65,0.0,0.0
9.13,5.75,35.46,0.0,0.0
5.08,5.89,29.83,0.0,0.0
2.38,0.0,21.24,0.0,0.0
2.38,0.0,0.16,0.0,0.0
1.92,0.0,0.0,0.0,0.0
2.37,0.0,0.0,0.0,0.0
1.92,0.0,4.5,0.0,0.0
3.27,0.0,4.74,0.0,0.0
6.41,0.0,13.49,0.0,0.0
6.88,0.0,16.76,0.0,0.0
7.78,2.11,28.41,0.0,0.0
9.13,2.07,34.08,0.0,0.0
10.47,2.05,31.15,0.0,0.0
12.72,1.37,34.77,0.0,0.0
14.07,9.83,38.32,0.0,0.0
13.17,8.2,36.06,0.0,0.0
12.27,13.39,38.92,0.0,0.0
11.37,12.56,40.64,0.0,0.0
11.37,3.41,38.6,0.0,0.0
12.72,3.41,40.18,0.0,0.0
12.72,3.14,40.76,0.0,0.0
11.82,2.18,42.43,0.0,0.0
10.92,1.37,43.46,0.0,0.0
10.02,5.46,43.46,0.0,0.0
9.13,5.74,37.33,0.0,0.0
5.08,5.87,22.26,0.0,0.0
2.38,0.0,13.18,0.0,0.0
2.38,0.0,0.2,0.0,0.0
1.92,0.0,0.0,0.0,0.0
2.37,0.0,0.0,0.0,0.0
1.92,0.0,4.18,0.0,0.0
3.27,0.0,4.78,0.0,0.0
6.43,0.0,14.84,0.0,0.0
6.88,2.1,18.86,0.0,0.0
7.78,2.05,25.0,0.0,0.0
9.13,4.49,31.85,0.0,0.0
10.47,1.78,38.76,0.0,0.0
12.72,1.36,39.0,0.0,0.0
14.07,9.8,48.23,0.0,0.0
13.17,4.22,54.14,0.0,0.0
12.27,13.35,35.98,0.0,0.0
11.37,12.54,21.79,0.0,0.0
11.37,3.0,21.29,0.0,0.0
12.72,4.22,24.53,0.0,0.0
12.72,3.13,28.03,0.0,0.0
11.82,2.18,29.18,0.0,0.0
10.92,1.36,26.87,0.0,0.0
10.02,5.45,24.67,0.0,0.0
9.13,5.72,21.56,0.0,0.0
5.08,5.85,18.05,0.0,0.0
2.38,2.04,15.49,0.0,0.0
2.38,0.0,0.13,0.0,0.0
1.92,0.0,0.0,0.0,0.0
2.37,0.0,0.0,0.0,0.0
1.92,0.0,3.61,0.0,0.0
3.27,0.0,4.72,0.0,0.0
6.43,0.0,5.35,0.0,0.0
6.88,2.09,4.15,0.0,0.0
7.78,2.04,3.56,0.0,0.0
9.13,4.48,6.37,0.0,0.0
10.47,1.76,7.34,0.0,0.0
12.72,1.36,13.79,0.0,0.0
14.07,9.79,26.26,0.0,0.0
13.17,4.21,35.45,0.0,0.0
12.27,13.31,36.37,0.0,0.0
11.37,12.5,33.8,0.0,0.0
11.37,2.99,32.98,0.0,0.0
12.72,4.21,35.63,0.0,0.0
12.72,3.13,38.88,0.0,0.0
11.82,2.17,42.7,0.0,0.0
10.92,1.36,40.81,0.0,0.0
10.02,5.43,38.83,0.0,0.0
9.13,5.71,32.65,0.0,0.0
5.08,5.84,26.55,0.0,0.0
2.38,2.04,20.28,0.0,0.0
2.38,0.0,0.37,0.0,0.0
1.92,0.0,0.0,0.0,0.0
2.37,0.0,0.0,0.0,0.0
1.92,0.0,4.51,0.0,0.0
3.27,0.0,4.71,0.0,0.0
6.43,0.0,13.71,0.0,0.0
6.88,2.09,18.46,0.0,0.0
7.78,2.03,27.46,0.0,0.0
9.13,4.47,34.08,0.0,0.0
10.47,1.76,37.03,0.0,0.0
12.72,1.36,34.7,0.0,0.0
14.07,9.77,31.75,0.0,0.0
13.17,4.2,18.01,0.0,0.0
12.27,13.29,12.78,0.0,0.0
11.37,12.47,16.19,0.0,0.0
11.37,2.99,16.75,0.0,0.0
12.72,4.2,21.22,0.0,0.0
12.72,3.12,27.62,0.0,0.0
11.82,2.17,33.1,0.0,0.0
10.92,1.36,32.75,0.0,0.0
10.02,5.42,31.66,0.0,0.0
9.13,5.69,26.99,0.0,0.0
5.08,5.83,19.4,0.0,0.0
2.38,2.03,12.05,0.0,0.0
2.38,0.0,0.0,0.0,0.0
1.92,0.0,0.0,0.0,0.0
2.37,0.0,0.0,0.0,0.0
1.92,0.0,1.84,0.0,0.0
3.27,0.0,1.38,0.0,0.0
6.43,0.0,2.79,0.0,0.0
6.88,2.09,5.29,0.0,0.0
7.78,2.02,19.31,0.0,0.0
9.13,4.46,29.68,0.0,0.0
10.47,1.76,32.53,0.0,0.0
12.72,1.35,31.38,0.0,0.0
14.07,9.73,41.54,0.0,0.0
13.17,4.19,52.27,0.0,0.0
12.27,13.25,51.04,0.0,0.0
11.37,12.44,43.53,0.0,0.0
11.37,2.97,37.2,0.0,0.0
12.72,4.19,38.43,0.0,0.0
12.72,3.11,42.21,0.0,0.0
11.82,2.16,45.93,0.0,0.0
10.92,1.35,44.82,0.0,0.0
10.02,5.41,44.79,0.0,0.0
9.13,5.68,38.51,0.0,0.0
5.08,5.81,30.55,0.0,0.0
2.38,2.03,22.11,0.0,0.0
2.38,0.0,0.29,0.0,0.0
1.92,0.0,0.0,0.0,0.0
2.37,0.0,0.0,0.0,0.0
1.92,0.0,4.16,0.0,0.0
3.27,0.0,8.49,0.0,0.0
6.43,0.0,17.0,0.0,0.0
6.88,2.08,17.1,0.0,0.0
7.78,2.02,24.34,0.0,0.0
9.13,4.45,32.87,0.0,0.0
10.47,1.75,35.81,0.0,0.0
12.72,1.34,33.63,0.0,0.0
14.07,9.71,42.68,0.0,0.0
13.17,4.18,50.59,0.0,0.0
12.27,13.22,44.5,0.0,0.0
11.37,12.42,36.28,0.0,0.0
11.37,2.97,32.08,0.0,0.0
12.72,4.18,34.19,0.0,0.0
12.72,3.1,37.05,0.0,0.0
11.82,2.16,40.36,0.0,0.0
10.92,1.35,39.1,0.0,0.0
10.02,5.39,36.99,0.0,0.0
9.13,5.67,29.99,0.0,0.0
5.08,5.8,23.58,0.0,0.0
2.38,2.02,17.79,0.0,0.0
2.38,0.0,0.28,0.0,0.0
1.92,0.0,0.0,0.0,0.0
2.37,0.0,0.0,0.0,0.0
1.92,0.0,3.56,0.0,0.0
3.27,0.0,3.65,0.0,0.0
6.41,0.0,9.21,0.0,0.0
6.88,0.0,12.74,0.0,0.0
7.78,2.08,25.46,0.0,0.0
9.13,2.02,31.5,0.0,0.0
10.47,2.02,33.13,0.0,0.0
12.72,1.34,31.35,0.0,0.0
14.07,9.68,37.16,0.0,0.0
13.17,8.08,37.69,0.0,0.0
12.27,13.19,37.46,0.0,0.0
11.37,12.38,38.32,0.0,0.0
11.37,3.36,31.39,0.0,0.0
12.72,3.37,31.66,0.0,0.0
12.72,3.09,34.56,0.0,0.0
11.82,2.15,39.77,0.0,0.0
10.92,1.35,41.74,0.0,0.0
10.02,5.38,37.53,0.0,0.0
9.13,5.65,34.74,0.0,0.0
5.08,5.79,29.21,0.0,0.0
2.38,0.0,21.71,0.0,0.0
2.38,0.0,0.18,0.0,0.0
1.92,0.0,0.0,0.0,0.0
2.37,0.0,0.0,0.0,0.0
1.92,0.0,2.9,0.0,0.0
3.27,0.0,2.82,0.0,0.0
6.41,0.0,5.44,0.0,0.0
6.88,0.0,7.22,0.0,0.0
7.78,2.07,20.81,0.0,0.0
9.13,2.04,29.5,0.0,0.0
10.47,2.01,29.57,0.0,0.0
12.72,1.34,32.55,0.0,0.0
14.07,9.67,34.93,0.0,0.0
13.17,8.05,38.74,0.0,0.0
12.27,13.16,33.21,0.0,0.0
11.37,12.35,25.2,0.0,0.0
11.37,3.36,21.75,0.0,0.0
12.72,3.36,20.95,0.0,0.0
12.72,3.08,21.41,0.0,0.0
11.82,2.15,23.45,0.0,0.0
10.92,1.34,24.21,0.0,0.0
10.02,5.37,24.13,0.0,0.0
9.13,5.64,20.18,0.0,0.0
5.08,5.77,13.91,0.0,0.0
2.38,0.0,8.32,0.0,0.0
2.38,0.0,0.0,0.0,0.0
1.92,0.0,0.0,0.0,0.0
2.37,0.0,0.0,0.0,0.0
1.92,0.0,3.27,0.0,0.0
3.27,0.0,2.45,0.0,0.0
6.43,0.0,6.24,0.0,0.0
6.88,2.07,9.31,0.0,0.0
7.78,2.02,21.43,0.0,0.0
9.13,4.42,27.85,0.0,0.0
10.47,1.74,31.13,0.0,0.0
12.72,1.34,31.21,0.0,0.0
14.07,9.64,37.68,0.0,0.0
13.17,4.15,43.98,0.0,0.0
12.27,13.13,42.2,0.0,0.0
11.37,12.32,36.58,0.0,0.0
11.37,2.95,34.09,0.0,0.0
12.72,4.15,35.6,0.0,0.0
12.72,3.08,38.89,0.0,0.0
11.82,2.14,40.62,0.0,0.0
10.92,1.34,35.83,0.0,0.0
10.02,5.35,31.88,0.0,0.0
9.13,5.62,28.45,0.0,0.0
5.08,5.76,25.92,0.0,0.0
2.38,2.0,20.32,0.0,0.0
2.38,0.0,0.36,0.0,0.0
1.92,0.0,0.0,0.0,0.0
2.37,0.0,0.0,0.0,0.0
1.92,0.0,9.13,0.0,0.0
3.27,0.0,10.4,0.0,0.0
6.43,0.0,15.25,0.0,0.0
6.88,2.07,15.44,0.0,0.0
7.78,2.02,24.38,0.0,0.0
9.13,4.41,33.13,0.0,0.0
10.47,1.74,36.33,0.0,0.0
12.72,1.34,35.23,0.0,0.0
14.07,9.62,42.18,0.0,0.0
13.17,4.14,45.36,0.0,0.0
12.27,13.1,40.41,0.0,0.0
11.37,12.29,34.71,0.0,0.0
11.37,2.94,30.51,0.0,0.0
12.72,4.14,30.38,0.0,0.0
12.72,3.07,32.51,0.0,0.0
11.82,2.14,37.03,0.0,0.0
10.92,1.34,36.72,0.0,0.0
10.02,5.34,34.29,0.0,0.0
9.13,5.61,28.29,0.0,0.0
5.08,5.75,24.08,0.0,0.0
2.38,2.0,21.14,0.0,0.0
2.38,0.0,0.94,0.0,0.0
1.92,0.0,0.12,0.0,0.0
2.37,0.0,0.04,0.0,0.0
1.92,0.0,10.84,0.0,0.0
3.27,0.0,9.56,0.0,0.0
6.43,0.0,14.64,0.0,0.0
6.88,2.05,18.58,0.0,0.0
7.78,2.0,26.17,0.0,0.0
9.13,4.4,31.94,0.0,0.0
10.47,1.72,35.7,0.0,0.0
12.72,1.33,33.67,0.0,0.0
14.07,9.6,39.3,0.0,0.0
13.17,4.13,43.23,0.0,0.0
12.27,13.07,41.72,0.0,0.0
11.37,12.27,37.19,0.0,0.0
11.37,2.93,33.05,0.0,0.0
12.72,4.13,33.3,0.0,0.0
12.72,3.06,35.73,0.0,0.0
11.82,2.13,38.61,0.0,0.0
10.92,1.33,36.18,0.0,0.0
10.02,5.34,34.44,0.0,0.0
9.13,5.6,29.13,0.0,0.0
5.08,5.73,24.78,0.0,0.0
2.38,2.0,20.34,0.0,0.0
2.38,0.0,0.78,0.0,0.0
1.92,0.0,0.07,0.0,0.0
2.37,0.0,0.08,0.0,0.0
1.92,0.0,11.32,0.0,0.0
3.27,0.0,10.21,0.0,0.0
6.43,0.0,14.33,0.0,0.0
6.88,2.05,17.09,0.0,0.0
7.78,1.99,24.61,0.0,0.0
9.13,4.39,31.41,0.0,0.0
10.47,1.73,35.45,0.0,0.0
12.72,1.33,33.19,0.0,0.0
14.07,9.57,42.29,0.0,0.0
13.17,4.12,51.28,0.0,0.0
12.27,13.03,47.77,0.0,0.0
11.37,12.24,40.7,0.0,0.0
11.37,2.93,36.31,0.0,0.0
12.72,4.12,38.33,0.0,0.0
12.72,3.06,41.62,0.0,0.0
11.82,2.13,46.44,0.0,0.0
10.92,1.33,45.2,0.0,0.0
10.02,5.31,41.86,0.0,0.0
9.13,5.58,33.33,0.0,0.0
5.08,5.72,26.37,0.0,0.0
2.38,1.99,20.35,0.0,0.0
2.38,0.0,0.58,0.0,0.0
1.92,0.0,0.03,0.0,0.0
2.37,0.0,0.0,0.0,0.0
1.92,0.0,8.29,0.0,0.0
3.27,0.0,10.29,0.0,0.0
6.43,0.0,17.62,0.0,0.0
6.88,2.04,20.36,0.0,0.0
7.78,1.99,28.01,0.0,0.0
9.13,4.38,34.55,0.0,0.0
10.47,1.72,36.37,0.0,0.0
12.72,1.33,35.43,0.0,0.0
14.07,9.56,43.71,0.0,0.0
13.17,4.11,48.53,0.0,0.0
12.27,13.01,46.27,0.0,0.0
11.37,12.21,40.42,0.0,0.0
11.37,2.92,36.05,0.0,0.0
12.72,4.11,38.26,0.0,0.0
12.72,3.05,42.5,0.0,0.0
11.82,2.12,47.28,0.0,0.0
10.92,1.32,45.84,0.0,0.0
10.02,5.31,44.19,0.0,0.0
9.13,5.57,38.21,0.0,0.0
5.08,5.7,33.64,0.0,0.0
2.38,1.99,28.19,0.0,0.0
2.38,0.0,1.4,0.0,0.0
1.92,0.0,0.3,0.0,0.0
2.37,0.0,0.0,0.0,0.0
1.92,0.0,11.12,0.0,0.0
3.27,0.0,8.88,0.0,0.0
6.41,0.0,12.29,0.0,0.0
6.88,0.0,15.68,0.0,0.0
7.78,2.05,30.98,0.0,0.0
9.13,2.0,37.71,0.0,0.0
10.47,1.99,37.02,0.0,0.0
12.72,1.32,33.37,0.0,0.0
14.07,9.53,38.3,0.0,0.0
13.17,7.94,41.39,0.0,0.0
12.27,12.98,41.72,0.0,0.0
11.37,12.18,40.4,0.0,0.0
11.37,3.31,39.49,0.0,0.0
12.72,3.31,38.94,0.0,0.0
12.72,3.04,38.69,0.0,0.0
11.82,2.12,46.32,0.0,0.0
10.92,1.32,49.21,0.0,0.0
10.02,5.29,44.53,0.0,0.0
9.13,5.56,42.23,0.0,0.0
5.08,5.69,40.86,0.0,0.0
2.38,0.0,33.49,0.0,0.0
2.38,0.0,2.33,0.0,0.0
1.92,0.0,0.69,0.0,0.0
2.37,0.0,0.25,0.0,0.0
1.92,0.0,14.94,0.0,0.0
3.27,0.0,9.7,0.0,0.0
6.41,0.0,16.06,0.0,0.0
6.88,0.0,18.42,0.0,0.0
7.78,2.04,33.62,0.0,0.0
9.13,2.01,41.99,0.0,0.0
10.47,1.98,37.88,0.0,0.0
12.72,1.32,39.87,0.0,0.0
14.07,9.52,44.01,0.0,0.0
13.17,7.93,45.96,0.0,0.0
12.27,12.94,45.95,0.0,0.0
11.37,12.16,41.97,0.0,0.0
11.37,3.3,40.84,0.0,0.0
12.72,3.3,44.94,0.0,0.0
12.72,3.04,45.44,0.0,0.0
11.82,2.11,44.65,0.0,0.0
10.92,1.32,44.67,0.0,0.0
10.02,5.29,45.05,0.0,0.0
9.13,5.55,37.36,0.0,0.0
5.08,5.68,30.79,0.0,0.0
2.38,0.0,25.39,0.0,0.0
2.38,0.0,0.75,0.0,0.0
1.92,0.0,0.06,0.0,0.0
2.37,0.0,0.05,0.0,0.0
1.92,0.0,13.04,0.0,0.0
3.27,0.0,11.93,0.0,0.0
6.43,0.0,17.96,0.0,0.0
6.88,2.04,22.97,0.0,0.0
7.78,1.97,32.79,0.0,0.0
9.13,4.35,37.88,0.0,0.0
10.47,1.72,41.06,0.0,0.0
12.72,1.32,39.84,0.0,0.0
14.07,9.49,47.5,0.0,0.0
13.17,4.09,53.86,0.0,0.0
12.27,12.92,51.97,0.0,0.0
11.37,12.13,42.9,0.0,0.0
11.37,2.9,35.72,0.0,0.0
12.72,4.08,37.8,0.0,0.0
12.72,3.03,39.16,0.0,0.0
11.82,2.11,39.61,0.0,0.0
10.92,1.32,38.47,0.0,0.0
10.02,5.27,38.04,0.0,0.0
9.13,5.54,33.03,0.0,0.0
5.08,5.67,28.29,0.0,0.0
2.38,1.98,23.41,0.0,0.0
2.38,0.0,0.85,0.0,0.0
1.92,0.0,0.0,0.0,0.0
2.37,0.0,0.0,0.0,0.0
1.92,0.0,13.0,0.0,0.0
3.27,0.0,15.44,0.0,0.0
6.43,0.0,20.59,0.0,0.0
6.88,2.03,22.44,0.0,0.0
7.78,1.97,29.33,0.0,0.0
9.13,4.34,35.26,0.0,0.0
10.47,1.71,36.93,0.0,0.0
12.72,1.31,27.63,0.0,0.0
14.07,9.47,26.73,0.0,0.0
13.17,4.08,32.85,0.0,0.0
12.27,12.89,30.24,0.0,0.0
11.37,12.1,24.5,0.0,0.0
11.37,2.9,21.46,0.0,0.0
12.72,4.07,21.71,0.0,0.0
12.72,3.02,25.26,0.0,0.0
11.82,2.1,28.48,0.0,0.0
10.92,1.32,28.06,0.0,0.0
10.02,5.26,27.79,0.0,0.0
9.13,5.52,24.09,0.0,0.0
5.08,5.65,18.56,0.0,0.0
2.38,1.97,8.92,0.0,0.0
2.38,0.0,0.0,0.0,0.0
1.92,0.0,0.0,0.0,0.0
2.37,0.0,0.0,0.0,0.0
1.92,0.0,3.55,0.0,0.0
3.27,0.0,3.12,0.0,0.0
6.43,0.0,4.87,0.0,0.0
6.88,2.02,7.04,0.0,0.0
7.78,1.96,18.06,0.0,0.0
9.13,4.33,29.76,0.0,0.0
10.47,1.71,34.44,0.0,0.0
12.72,1.31,33.57,0.0,0.0
14.07,9.44,42.76,0.0,0.0
13.17,4.07,48.71,0.0,0.0
12.27,12.86,47.3,0.0,0.0
11.37,12.07,44.34,0.0,0.0
11.37,2.89,39.87,0.0,0.0
12.72,4.06,40.25,0.0,0.0
12.72,3.01,42.36,0.0,0.0
11.82,2.1,45.31,0.0,0.0
10.92,1.31,44.52,0.0,0.0
10.02,5.25,45.68,0.0,0.0
9.13,5.51,39.8,0.0,0.0
5.08,5.64,34.47,0.0,0.0
2.38,1.97,28.8,0.0,0.0
2.38,0.0,1.0,0.0,0.0
1.92,0.0,0.06,0.0,0.0
2.37,0.0,0.06,0.0,0.0
1.92,0.0,14.53,0.0,0.0
3.27,0.0,13.05,0.0,0.0
6.43,0.0,19.4,0.0,0.0
6.88,2.02,21.77,0.0,0.0
7.78,1.96,29.38,0.0,0.0
9.13,4.32,37.21,0.0,0.0
10.47,1.71,40.78,0.0,0.0
12.72,1.31,37.88,0.0,0.0
14.07,9.43,46.16,0.0,0.0
13.17,4.06,54.06,0.0,0.0
12.27,12.83,53.71,0.0,0.0
11.37,12.05,43.21,0.0,0.0
11.37,2.88,31.64,0.0,0.0
12.72,4.05,31.58,0.0,0.0
12.72,3.01,39.66,0.0,0.0
11.82,2.1,45.88,0.0,0.0
10.92,1.31,46.32,0.0,0.0
10.02,5.24,40.12,0.0,0.0
9.13,5.5,30.89,0.0,0.0
5.08,5.63,27.71,0.0,0.0
2.38,1.96,23.53,0.0,0.0
2.38,0.0,0.74,0.0,0.0
1.92,0.0,0.06,0.0,0.0
2.37,0.0,0.09,0.0,0.0
1.92,0.0,14.68,0.0,0.0
3.27,0.0,14.16,0.0,0.0
6.43,0.0,21.79,0.0,0.0
6.88,2.02,23.1,0.0,0.0
7.78,1.96,27.8,0.0,0.0
9.13,4.31,32.45,0.0,0.0
10.47,1.7,33.9,0.0,0.0
12.72,1.31,34.85,0.0,0.0
14.07,9.41,39.71,0.0,0.0
13.17,4.05,47.66,0.0,0.0
12.27,12.81,42.43,0.0,0.0
11.37,12.03,30.24,0.0,0.0
11.37,2.87,26.6,0.0,0.0
12.72,4.05,29.34,0.0,0.0
12.72,3.01,28.47,0.0,0.0
11.82,2.09,27.12,0.0,0.0
10.92,1.3,28.72,0.0,0.0
10.02,5.23,29.07,0.0,0.0
9.13,5.49,25.81,0.0,0.0
5.08,5.62,22.27,0.0,0.0
2.38,1.95,16.52,0.0,0.0
2.38,0.0,0.12,0.0,0.0
1.92,0.0,0.0,0.0,0.0
2.37,0.0,0.0,0.0,0.0
1.92,0.0,14.7,0.0,0.0
3.27,0.0,12.63,0.0,0.0
6.41,0.0,23.1,0.0,0.0
6.88,0.0,25.51,0.0,0.0
7.78,2.02,39.4,0.0,0.0
9.13,1.98,45.57,0.0,0.0
10.47,1.95,46.98,0.0,0.0
12.72,1.31,43.63,0.0,0.0
14.07,9.39,48.7,0.0,0.0
13.17,7.82,51.77,0.0,0.0
12.27,12.78,51.1,0.0,0.0
11.37,12.0,45.4,0.0,0.0
11.37,3.26,41.79,0.0,0.0
12.72,3.26,42.49,0.0,0.0
12.72,3.0,42.42,0.0,0.0
11.82,2.09,50.43,0.0,0.0
10.92,1.3,54.1,0.0,0.0
10.02,5.21,48.57,0.0,0.0
9.13,5.48,45.35,0.0,0.0
5.08,5.61,40.33,0.0,0.0
2.38,0.0,32.39,0.0,0.0
2.38,0.0,1.07,0.0,0.0
1.92,0.0,0.21,0.0,0.0
2.37,0.0,0.31,0.0,0.0
1.92,0.0,14.81,0.0,0.0
3.27,0.0,11.48,0.0,0.0
6.41,0.0,18.06,0.0,0.0
6.88,0.0,24.38,0.0,0.0
7.78,2.01,38.07,0.0,0.0
9.13,1.98,42.87,0.0,0.0
10.47,1.95,33.27,0.0,0.0
12.72,1.3,34.4,0.0,0.0
14.07,9.38,41.21,0.0,0.0
13.17,7.81,47.3,0.0,0.0
12.27,12.76,43.59,0.0,0.0
11.37,11.98,36.01,0.0,0.0
11.37,3.25,34.26,0.0,0.0
12.72,3.25,39.71,0.0,0.0
12.72,3.0,41.85,0.0,0.0
11.82,2.08,41.61,0.0,0.0
10.92,1.3,42.11,0.0,0.0
10.02,5.2,43.6,0.0,0.0
9.13,5.46,36.8,0.0,0.0
5.08,5.59,31.26,0.0,0.0
2.38,0.0,27.19,0.0,0.0
2.38,0.0,0.8,0.0,0.0
1.92,0.0,0.02,0.0,0.0
2.37,0.0,0.05,0.0,0.0
1.92,0.0,13.65,0.0,0.0
3.27,0.0,14.66,0.0,0.0
6.43,0.0,21.04,0.0,0.0
6.88,2.01,27.16,0.0,0.0
7.78,1.97,37.65,0.0,0.0
9.13,4.28,42.82,0.0,0.0
10.47,1.69,45.45,0.0,0.0
12.72,1.3,42.43,0.0,0.0
14.07,9.35,49.32,0.0,0.0
13.17,4.03,56.18,0.0,0.0
12.27,12.73,56.47,0.0,0.0
11.37,11.96,50.68,0.0,0.0
11.37,2.86,45.32,0.0,0.0
12.72,4.02,46.84,0.0,0.0
12.72,2.98,48.48,0.0,0.0
11.82,2.08,51.22,0.0,0.0
10.92,1.3,49.23,0.0,0.0
10.02,5.2,47.07,0.0,0.0
9.13,5.45,39.0,0.0,0.0
5.08,5.58,33.7,0.0,0.0
2.38,1.94,28.09,0.0,0.0
2.38,0.0,1.27,0.0,0.0
1.92,0.0,0.22,0.0,0.0
2.37,0.0,0.41,0.0,0.0
1.92,0.0,14.9,0.0,0.0
3.27,0.0,20.4,0.0,0.0
6.43,0.0,27.25,0.0,0.0
6.88,2.01,31.08,0.0,0.0
7.78,1.95,39.57,0.0,0.0
9.13,4.28,42.96,0.0,0.0
10.47,1.68,44.16,0.0,0.0
12.72,1.3,42.48,0.0,0.0
14.07,9.34,51.67,0.0,0.0
13.17,4.01,60.65,0.0,0.0
12.27,12.71,58.38,0.0,0.0
11.37,11.93,49.6,0.0,0.0
11.37,2.85,43.02,0.0,0.0
12.72,4.02,45.79,0.0,0.0
12.72,2.98,50.49,0.0,0.0
11.82,2.07,53.7,0.0,0.0
10.92,1.3,52.27,0.0,0.0
10.02,5.19,51.64,0.0,0.0
9.13,5.45,44.8,0.0,0.0
5.08,5.57,37.93,0.0,0.0
2.38,1.94,30.95,0.0,0.0
2.38,0.0,1.31,0.0,0.0
1.92,0.0,0.27,0.0,0.0
2.37,0.0,0.36,0.0,0.0
1.92,0.0,17.14,0.0,0.0
3.27,0.0,15.05,0.0,0.0
6.43,0.0,22.21,0.0,0.0
6.88,2.0,27.95,0.0,0.0
7.78,1.94,39.11,0.0,0.0
9.13,4.27,43.65,0.0,0.0
10.47,1.68,45.71,0.0,0.0
12.72,1.29,42.3,0.0,0.0
14.07,9.32,52.16,0.0,0.0
13.17,4.01,61.68,0.0,0.0
12.27,12.69,58.87,0.0,0.0
11.37,11.91,50.16,0.0,0.0
11.37,2.84,45.02,0.0,0.0
12.72,4.02,47.38,0.0,0.0
12.72,2.98,51.15,0.0,0.0
11.82,2.07,55.43,0.0,0.0
10.92,1.29,52.68,0.0,0.0
10.02,5.17,50.57,0.0,0.0
9.13,5.43,43.13,0.0,0.0
5.08,5.56,37.84,0.0,0.0
2.38,1.94,31.56,0.0,0.0
2.38,0.0,1.35,0.0,0.0
1.92,0.0,0.48,0.0,0.0
2.37,0.0,0.18,0.0,0.0
1.92,0.0,17.25,0.0,0.0
3.27,0.0,15.09,0.0,0.0
6.43,0.0,22.26,0.0,0.0
6.88,2.0,27.85,0.0,0.0
7.78,1.93,38.87,0.0,0.0
9.13,4.26,44.59,0.0,0.0
10.47,1.69,45.95,0.0,0.0
12.72,1.29,41.81,0.0,0.0
14.07,9.29,49.83,0.0,0.0
13.17,4.0,56.98,0.0,0.0
12.27,12.66,56.12,0.0,0.0
11.37,11.88,50.12,0.0,0.0
11.37,2.84,43.43,0.0,0.0
12.72,4.0,44.02,0.0,0.0
12.72,2.97,48.13,0.0,0.0
11.82,2.07,52.23,0.0,0.0
10.92,1.29,51.0,0.0,0.0
10.02,5.16,50.39,0.0,0.0
9.13,5.42,43.1,0.0,0.0
5.08,5.55,36.68,0.0,0.0
2.38,1.94,29.17,0.0,0.0
2.38,0.0,1.1,0.0,0.0
1.92,0.0,0.15,0.0,0.0
2.37,0.0,0.23,0.0,0.0
1.92,0.0,16.32,0.0,0.0
3.27,0.0,18.8,0.0,0.0
6.43,0.0,24.79,0.0,0.0
6.88,1.99,27.8,0.0,0.0
7.78,1.93,35.74,0.0,0.0
9.13,4.25,41.96,0.0,0.0
10.47,1.68,45.99,0.0,0.0
12.72,1.29,43.19,0.0,0.0
14.07,9.28,49.83,0.0,0.0
13.17,3.99,58.12,0.0,0.0
12.27,12.64,56.66,0.0,0.0
11.37,11.86,49.52,0.0,0.0
11.37,2.83,45.41,0.0,0.0
12.72,4.0,45.01,0.0,0.0
12.72,2.97,47.1,0.0,0.0
11.82,2.06,52.66,0.0,0.0
10.92,1.29,51.44,0.0,0.0
10.02,5.15,50.06,0.0,0.0
9.13,5.41,41.72,0.0,0.0
5.08,5.54,34.72,0.0,0.0
2.38,1.94,28.27,0.0,0.0
2.38,0.0,1.13,0.0,0.0
1.92,0.0,0.18,0.0,0.0
2.37,0.0,0.24,0.0,0.0
1.92,0.0,14.99,0.0,0.0
3.27,0.0,12.46,0.0,0.0
6.41,0.0,18.24,0.0,0.0
6.88,0.0,23.17,0.0,0.0
7.78,1.99,37.81,0.0,0.0
9.13,1.93,44.15,0.0,0.0
10.47,1.93,44.6,0.0,0.0
12.72,1.29,42.42,0.0,0.0
14.07,9.26,50.34,0.0,0.0
13.17,7.71,52.87,0.0,0.0
12.27,12.61,50.85,0.0,0.0
11.37,11.84,46.76,0.0,0.0
11.37,3.22,45.35,0.0,0.0
12.72,3.21,46.1,0.0,0.0
12.72,2.96,46.8,0.0,0.0
11.82,2.06,53.51,0.0,0.0
10.92,1.28,53.13,0.0,0.0
10.02,5.14,45.93,0.0,0.0
9.13,5.4,43.72,0.0,0.0
5.08,5.53,40.89,0.0,0.0
2.38,0.0,33.59,0.0,0.0
2.38,0.0,1.72,0.0,0.0
1.92,0.0,0.65,0.0,0.0
2.37,0.0,0.24,0.0,0.0
1.92,0.0,18.18,0.0,0.0
3.27,0.0,15.83,0.0,0.0
6.41,0.0,22.05,0.0,0.0
6.88,0.0,26.62,0.0,0.0
7.78,1.99,40.7,0.0,0.0
9.13,1.95,47.19,0.0,0.0
10.47,1.93,40.02,0.0,0.0
12.72,1.28,39.19,0.0,0.0
14.07,9.24,44.92,0.0,0.0
13.17,7.7,52.17,0.0,0.0
12.27,12.59,53.31,0.0,0.0
11.37,11.82,47.87,0.0,0.0
11.37,3.21,42.88,0.0,0.0
12.72,3.21,41.78,0.0,0.0
12.72,2.95,43.88,0.0,0.0
11.82,2.06,48.83,0.0,0.0
10.92,1.28,52.29,0.0,0.0
10.02,5.13,54.82,0.0,0.0
9.13,5.39,46.17,0.0,0.0
5.08,5.52,38.17,0.0,0.0
2.38,0.0,32.25,0.0,0.0
2.38,0.0,1.35,0.0,0.0
1.92,0.0,0.27,0.0,0.0
2.37,0.0,0.38,0.0,0.0
1.92,0.0,15.61,0.0,0.0
3.27,0.0,13.09,0.0,0.0
6.43,0.0,19.25,0.0,0.0
6.88,1.98,25.07,0.0,0.0
7.78,1.95,37.01,0.0,0.0
9.13,4.23,43.56,0.0,0.0
10.47,1.67,46.4,0.0,0.0
12.72,1.28,45.25,0.0,0.0
14.07,9.23,54.9,0.0,0.0
13.17,3.97,62.47,0.0,0.0
12.27,12.57,59.21,0.0,0.0
11.37,11.8,40.18,0.0,0.0
11.37,2.82,33.2,0.0,0.0
12.72,3.97,41.43,0.0,0.0
12.72,2.95,49.43,0.0,0.0
11.82,2.05,54.76,0.0,0.0
10.92,1.28,52.39,0.0,0.0
10.02,5.12,49.44,0.0,0.0
9.13,5.39,42.27,0.0,0.0
5.08,5.51,34.44,0.0,0.0
2.38,1.92,27.86,0.0,0.0
2.38,0.0,1.38,0.0,0.0
1.92,0.0,0.43,0.0,0.0
2.37,0.0,0.17,0.0,0.0
1.92,0.0,16.71,0.0,0.0
3.27,0.0,19.67,0.0,0.0
6.43,0.0,26.19,0.0,0.0
6.88,1.98,30.38,0.0,0.0
7.78,1.91,41.76,0.0,0.0
9.13,4.23,48.17,0.0,0.0
10.47,1.67,48.67,0.0,0.0
12.72,1.28,45.81,0.0,0.0
14.07,9.21,57.71,0.0,0.0
13.17,3.96,68.38,0.0,0.0
12.27,12.54,64.41,0.0,0.0
11.37,11.78,42.98,0.0,0.0
11.37,2.81,35.25,0.0,0.0
12.72,3.97,42.29,0.0,0.0
12.72,2.94,48.02,0.0,0.0
11.82,2.04,50.15,0.0,0.0
10.92,1.28,45.04,0.0,0.0
10.02,5.12,40.91,0.0,0.0
9.13,5.38,33.56,0.0,0.0
5.08,5.5,28.22,0.0,0.0
2.38,1.91,22.41,0.0,0.0
2.38,0.0,0.83,0.0,0.0
1.92,0.0,0.0,0.0,0.0
2.37,0.0,0.0,0.0,0.0
1.92,0.0,12.49,0.0,0.0
3.27,0.0,11.4,0.0,0.0
6.43,0.0,17.76,0.0,0.0
6.88,1.98,22.99,0.0,0.0
7.78,1.93,32.8,0.0,0.0
9.13,4.21,36.5,0.0,0.0
10.47,1.65,38.8,0.0,0.0
12.72,1.28,39.07,0.0,0.0
14.07,9.2,51.01,0.0,0.0
13.17,3.96,58.22,0.0,0.0
12.27,12.52,55.54,0.0,0.0
11.37,11.76,51.06,0.0,0.0
11.37,2.81,42.69,0.0,0.0
12.72,3.95,41.45,0.0,0.0
12.72,2.94,43.23,0.0,0.0
11.82,2.05,48.16,0.0,0.0
10.92,1.28,47.87,0.0,0.0
10.02,5.11,45.52,0.0,0.0
9.13,5.36,37.74,0.0,0.0
5.08,5.49,32.0,0.0,0.0
2.38,1.92,26.86,0.0,0.0
2.38,0.0,1.03,0.0,0.0
1.92,0.0,0.04,0.0,0.0
2.37,0.0,0.0,0.0,0.0
1.92,0.0,11.08,0.0,0.0
3.27,0.0,9.78,0.0,0.0
6.43,0.0,14.43,0.0,0.0
6.88,1.97,19.14,0.0,0.0
7.78,1.91,29.74,0.0,0.0
9.13,4.21,36.04,0.0,0.0
10.47,1.66,38.14,0.0,0.0
12.72,1.27,36.76,0.0,0.0
14.07,9.18,45.23,0.0,0.0
13.17,3.95,52.95,0.0,0.0
12.27,12.5,50.99,0.0,0.0
11.37,11.74,41.55,0.0,0.0
11.37,2.8,32.23,0.0,0.0
12.72,3.96,30.48,0.0,0.0
12.72,2.93,34.66,0.0,0.0
11.82,2.04,39.21,0.0,0.0
10.92,1.28,37.12,0.0,0.0
10.02,5.1,34.35,0.0,0.0
9.13,5.36,28.56,0.0,0.0
5.08,5.48,24.33,0.0,0.0
2.38,1.91,18.58,0.0,0.0
2.38,0.0,0.28,0.0,0.0
1.92,0.0,0.0,0.0,0.0
2.37,0.0,0.0,0.0,0.0
1.92,0.0,7.79,0.0,0.0
3.27,0.0,13.31,0.0,0.0
6.43,0.0,18.22,0.0,0.0
6.88,1.97,21.26,0.0,0.0
7.78,1.92,30.58,0.0,0.0
9.13,4.2,38.37,0.0,0.0
10.47,1.65,43.12,0.0,0.0
12.72,1.27,42.01,0.0,0.0
14.07,9.17,49.55,0.0,0.0
13.17,3.95,49.76,0.0,0.0
12.27,12.48,42.28,0.0,0.0
11.37,11.72,42.68,0.0,0.0
11.37,2.8,42.4,0.0,0.0
12.72,3.94,45.43,0.0,0.0
12.72,2.93,50.51,0.0,0.0
11.82,2.04,56.05,0.0,0.0
10.92,1.27,54.28,0.0,0.0
10.02,5.09,51.69,0.0,0.0
9.13,5.35,42.14,0.0,0.0
5.08,5.48,35.37,0.0,0.0
2.38,1.91,29.13,0.0,0.0
2.38,0.0,1.15,0.0,0.0
1.92,0.0,0.19,0.0,0.0
2.37,0.0,0.36,0.0,0.0
1.92,0.0,14.57,0.0,0.0
3.27,0.0,15.79,0.0,0.0
6.41,0.0,21.61,0.0,0.0
6.88,0.0,25.34,0.0,0.0
7.78,1.97,39.56,0.0,0.0
9.13,1.92,45.82,0.0,0.0
10.47,1.91,46.48,0.0,0.0
12.72,1.27,44.05,0.0,0.0
14.07,9.15,49.73,0.0,0.0
13.17,7.63,52.63,0.0,0.0
12.27,12.46,45.3,0.0,0.0
11.37,11.7,43.11,0.0,0.0
11.37,3.18,45.58,0.0,0.0
12.72,3.18,45.08,0.0,0.0
12.72,2.93,43.31,0.0,0.0
11.82,2.03,51.69,0.0,0.0
10.92,1.27,54.68,0.0,0.0
10.02,5.08,47.63,0.0,0.0
9.13,5.34,35.1,0.0,0.0
5.08,5.47,25.0,0.0,0.0
2.38,0.0,20.28,0.0,0.0
2.38,0.0,0.18,0.0,0.0
1.92,0.0,0.0,0.0,0.0
2.37,0.0,0.0,0.0,0.0
1.92,0.0,11.49,0.0,0.0
3.27,0.0,7.19,0.0,0.0
6.41,0.0,14.0,0.0,0.0
6.88,0.0,15.04,0.0,0.0
7.78,1.97,21.34,0.0,0.0
9.13,1.92,22.45,0.0,0.0
10.47,1.9,23.55,0.0,0.0
12.72,1.27,29.79,0.0,0.0
14.07,9.15,34.75,0.0,0.0
13.17,7.62,39.07,0.0,0.0
12.27,12.45,39.97,0.0,0.0
11.37,11.68,31.74,0.0,0.0
11.37,3.17,26.62,0.0,0.0
12.72,3.17,26.22,0.0,0.0
12.72,2.91,27.48,0.0,0.0
11.82,2.03,30.87,0.0,0.0
10.92,1.27,33.03,0.0,0.0
10.02,5.08,34.03,0.0,0.0
9.13,5.33,28.79,0.0,0.0
5.08,5.46,24.43,0.0,0.0
2.38,0.0,19.4,0.0,0.0
2.38,0.0,0.13,0.0,0.0
1.92,0.0,0.0,0.0,0.0
2.37,0.0,0.0,0.0,0.0
1.92,0.0,10.19,0.0,0.0
3.27,0.0,8.77,0.0,0.0
6.43,0.0,17.48,0.0,0.0
6.88,1.96,22.09,0.0,0.0
7.78,1.92,34.38,0.0,0.0
9.13,4.18,41.79,0.0,0.0
10.47,1.65,44.78,0.0,0.0
12.72,1.27,41.58,0.0,0.0
14.07,9.12,50.38,0.0,0.0
13.17,3.93,60.27,0.0,0.0
12.27,12.43,58.17,0.0,0.0
11.37,11.67,48.92,0.0,0.0
11.37,2.78,42.52,0.0,0.0
12.72,3.94,42.46,0.0,0.0
12.72,2.91,46.62,0.0,0.0
11.82,2.02,53.85,0.0,0.0
10.92,1.27,52.11,0.0,0.0
10.02,5.07,48.88,0.0,0.0
9.13,5.33,40.24,0.0,0.0
5.08,5.45,34.46,0.0,0.0
2.38,1.9,29.63,0.0,0.0
2.38,0.0,1.18,0.0,0.0
1.92,0.0,0.2,0.0,0.0
2.37,0.0,0.33,0.0,0.0
1.92,0.0,14.47,0.0,0.0
3.27,0.0,17.54,0.0,0.0
6.43,0.0,25.4,0.0,0.0
6.88,1.96,30.16,0.0,0.0
7.78,1.91,37.41,0.0,0.0
9.13,4.17,43.76,0.0,0.0
10.47,1.64,48.57,0.0,0.0
12.72,1.26,44.3,0.0,0.0
14.07,9.11,50.9,0.0,0.0
13.17,3.93,57.62,0.0,0.0
12.27,12.41,55.73,0.0,0.0
11.37,11.65,47.59,0.0,0.0
11.37,2.78,38.79,0.0,0.0
12.72,3.92,36.98,0.0,0.0
12.72,2.91,38.34,0.0,0.0
11.82,2.02,39.76,0.0,0.0
10.92,1.26,36.87,0.0,0.0
10.02,5.06,34.11,0.0,0.0
9.13,5.32,28.09,0.0,0.0
5.08,5.44,24.31,0.0,0.0
2.38,1.9,17.99,0.0,0.0
2.38,0.0,0.25,0.0,0.0
1.92,0.0,0.0,0.0,0.0
2.37,0.0,0.0,0.0,0.0
1.92,0.0,10.59,0.0,0.0
3.27,0.0,8.76,0.0,0.0
6.43,0.0,14.01,0.0,0.0
6.88,1.96,14.81,0.0,0.0
7.78,1.9,25.63,0.0,0.0
9.13,4.17,35.71,0.0,0.0
10.47,1.64,40.55,0.0,0.0
12.72,1.26,40.19,0.0,0.0
14.07,9.1,50.26,0.0,0.0
13.17,3.92,61.08,0.0,0.0
12.27,12.39,46.41,0.0,0.0
11.37,11.63,32.92,0.0,0.0
11.37,2.78,32.18,0.0,0.0
12.72,3.92,36.33,0.0,0.0
12.72,2.91,41.57,0.0,0.0
11.82,2.02,40.99,0.0,0.0
10.92,1.26,37.93,0.0,0.0
10.02,5.05,39.4,0.0,0.0
9.13,5.31,36.0,0.0,0.0
5.08,5.44,31.94,0.0,0.0
2.38,1.89,25.28,0.0,0.0
2.38,0.0,0.88,0.0,0.0
1.92,0.0,0.0,0.0,0.0
2.37,0.0,0.0,0.0,0.0
1.92,0.0,10.54,0.0,0.0
3.27,0.0,9.43,0.0,0.0
6.43,0.0,15.38,0.0,0.0
6.88,1.95,20.0,0.0,0.0
7.78,1.9,29.72,0.0,0.0
9.13,4.16,38.79,0.0,0.0
10.47,1.63,44.15,0.0,0.0
12.72,1.26,42.45,0.0,0.0
14.07,9.09,51.41,0.0,0.0
13.17,3.92,59.3,0.0,0.0
12.27,12.37,56.55,0.0,0.0
11.37,11.62,50.53,0.0,0.0
11.37,2.77,47.13,0.0,0.0
12.72,3.92,47.53,0.0,0.0
12.72,2.9,51.47,0.0,0.0
11.82,2.02,55.12,0.0,0.0
10.92,1.26,50.85,0.0,0.0
10.02,5.05,47.89,0.0,0.0
9.13,5.3,40.85,0.0,0.0
5.08,5.43,35.56,0.0,0.0
2.38,1.89,29.65,0.0,0.0
2.38,0.0,1.28,0.0,0.0
1.92,0.0,0.58,0.0,0.0
2.37,0.0,0.3,0.0,0.0
1.92,0.0,17.79,0.0,0.0
3.27,0.0,20.33,0.0,0.0
6.43,0.0,26.96,0.0,0.0
6.88,1.95,29.91,0.0,0.0
7.78,1.91,39.47,0.0,0.0
9.13,4.16,47.14,0.0,0.0
10.47,1.64,49.84,0.0,0.0
12.72,1.26,44.87,0.0,0.0
14.07,9.07,53.0,0.0,0.0
13.17,3.91,61.78,0.0,0.0
12.27,12.36,62.31,0.0,0.0
11.37,11.6,54.82,0.0,0.0
11.37,2.77,45.5,0.0,0.0
12.72,3.91,47.65,0.0,0.0
12.72,2.9,54.2,0.0,0.0
11.82,2.01,58.74,0.0,0.0
10.92,1.26,56.28,0.0,0.0
10.02,5.05,53.19,0.0,0.0
9.13,5.3,43.62,0.0,0.0
5.08,5.42,36.41,0.0,0.0
2.38,1.88,30.38,0.0,0.0
2.38,0.0,1.47,0.0,0.0
1.92,0.0,0.57,0.0,0.0
2.37,0.0,0.0,0.0,0.0
1.92,0.0,16.53,0.0,0.0
3.27,0.0,15.85,0.0,0.0
6.41,0.0,21.15,0.0,0.0
6.88,0.0,25.21,0.0,0.0
7.78,1.95,39.27,0.0,0.0
9.13,1.91,45.88,0.0,0.0
10.47,1.89,42.37,0.0,0.0
12.72,1.26,42.92,0.0,0.0
14.07,9.06,46.89,0.0,0.0
13.17,7.55,53.3,0.0,0.0
12.27,12.35,51.5,0.0,0.0
11.37,11.59,44.41,0.0,0.0
11.37,3.14,39.8,0.0,0.0
12.72,3.15,39.99,0.0,0.0
12.72,2.9,40.83,0.0,0.0
11.82,2.01,43.52,0.0,0.0
10.92,1.26,43.2,0.0,0.0
10.02,5.03,40.04,0.0,0.0
9.13,5.29,30.88,0.0,0.0
5.08,5.41,25.21,0.0,0.0
2.38,0.0,21.54,0.0,0.0
2.38,0.0,0.68,0.0,0.0
1.92,0.0,0.1,0.0,0.0
2.37,0.0,0.34,0.0,0.0
1.92,0.0,16.76,0.0,0.0
3.27,0.0,15.23,0.0,0.0
6.41,0.0,22.75,0.0,0.0
6.88,0.0,26.94,0.0,0.0
7.78,1.95,39.06,0.0,0.0
9.13,1.91,44.62,0.0,0.0
10.47,1.88,41.26,0.0,0.0
12.72,1.26,42.97,0.0,0.0
14.07,9.06,46.32,0.0,0.0
13.17,7.55,53.52,0.0,0.0
12.27,12.33,54.48,0.0,0.0
11.37,11.57,49.54,0.0,0.0
11.37,3.14,44.95,0.0,0.0
12.72,3.14,47.51,0.0,0.0
12.72,2.89,35.86,0.0,0.0
11.82,2.01,26.69,0.0,0.0
10.92,1.26,27.86,0.0,0.0
10.02,5.02,25.36,0.0,0.0
9.13,5.28,21.84,0.0,0.0
5.08,5.41,18.39,0.0,0.0
2.38,0.0,13.48,0.0,0.0
2.38,0.0,0.01,0.0,0.0
1.92,0.0,0.0,0.0,0.0
2.37,0.0,0.0,0.0,0.0
1.92,0.0,9.92,0.0,0.0
3.27,0.0,9.57,0.0,0.0
6.43,0.0,15.67,0.0,0.0
6.88,1.95,20.17,0.0,0.0
7.78,1.89,28.32,0.0,0.0
9.13,4.15,35.67,0.0,0.0
10.47,1.62,41.45,0.0,0.0
12.72,1.26,42.9,0.0,0.0
14.07,9.05,53.07,0.0,0.0
13.17,3.9,61.26,0.0,0.0
12.27,12.31,62.13,0.0,0.0
11.37,11.56,53.92,0.0,0.0
11.37,2.76,46.37,0.0,0.0
12.72,3.89,48.48,0.0,0.0
12.72,2.89,52.73,0.0,0.0
11.82,2.01,58.54,0.0,0.0
10.92,1.26,56.24,0.0,0.0
10.02,5.02,52.64,0.0,0.0
9.13,5.28,45.9,0.0,0.0
5.08,5.4,40.62,0.0,0.0
2.38,1.88,34.35,0.0,0.0
2.38,0.0,2.39,0.0,0.0
1.92,0.0,0.93,0.0,0.0
2.37,0.0,0.56,0.0,0.0
1.92,0.0,21.11,0.0,0.0
3.27,0.0,23.2,0.0,0.0
6.43,0.0,30.02,0.0,0.0
6.88,1.94,33.1,0.0,0.0
7.78,1.9,41.91,0.0,0.0
9.13,4.14,46.27,0.0,0.0
10.47,1.63,48.52,0.0,0.0
12.72,1.25,45.3,0.0,0.0
14.07,9.03,54.49,0.0,0.0
13.17,3.89,63.71,0.0,0.0
12.27,12.3,63.18,0.0,0.0
11.37,11.54,56.54,0.0,0.0
11.37,2.76,49.79,0.0,0.0
12.72,3.89,49.06,0.0,0.0
12.72,2.88,53.06,0.0,0.0
11.82,2.01,59.5,0.0,0.0
10.92,1.25,57.16,0.0,0.0
10.02,5.02,54.24,0.0,0.0
9.13,5.26,46.17,0.0,0.0
5.08,5.39,39.86,0.0,0.0
2.38,1.89,33.67,0.0,0.0
2.38,0.0,2.36,0.0,0.0
1.92,0.0,0.84,0.0,0.0
2.37,0.0,0.39,0.0,0.0
1.92,0.0,19.51,0.0,0.0
3.27,0.0,18.54,0.0,0.0
6.43,0.0,24.93,0.0,0.0
6.88,1.94,29.83,0.0,0.0
7.78,1.87,41.68,0.0,0.0
9.13,4.14,48.21,0.0,0.0
10.47,1.63,49.84,0.0,0.0
12.72,1.25,45.67,0.0,0.0
14.07,9.02,55.28,0.0,0.0
13.17,3.88,57.93,0.0,0.0
12.27,12.28,56.6,0.0,0.0
11.37,11.54,41.62,0.0,0.0
11.37,2.76,32.72,0.0,0.0
12.72,3.88,41.01,0.0,0.0
12.72,2.89,48.63,0.0,0.0
11.82,2.01,54.09,0.0,0.0
10.92,1.25,52.48,0.0,0.0
10.02,5.01,51.11,0.0,0.0
9.13,5.27,43.62,0.0,0.0
5.08,5.39,37.86,0.0,0.0
2.38,1.88,31.62,0.0,0.0
2.38,0.0,1.52,0.0,0.0
1.92,0.0,0.57,0.0,0.0
2.37,0.0,0.25,0.0,0.0
1.92,0.0,16.15,0.0,0.0
3.27,0.0,15.23,0.0,0.0
6.43,0.0,20.59,0.0,0.0
6.88,1.94,25.05,0.0,0.0
7.78,1.89,36.34,0.0,0.0
9.13,4.13,41.95,0.0,0.0
10.47,1.62,44.03,0.0,0.0
12.72,1.25,41.29,0.0,0.0
14.07,9.01,52.05,0.0,0.0
13.17,3.88,62.06,0.0,0.0
12.27,12.27,60.17,0.0,0.0
11.37,11.52,47.97,0.0,0.0
11.37,2.75,36.39,0.0,0.0
12.72,3.88,39.53,0.0,0.0
12.72,2.87,49.14,0.0,0.0
11.82,2.0,54.97,0.0,0.0
10.92,1.25,51.65,0.0,0.0
10.02,5.01,48.26,0.0,0.0
9.13,5.25,40.76,0.0,0.0
5.08,5.38,35.94,0.0,0.0
2.38,1.88,29.87,0.0,0.0
2.38,0.0,1.39,0.0,0.0
1.92,0.0,0.59,0.0,0.0
2.37,0.0,0.26,0.0,0.0
1.92,0.0,16.24,0.0,0.0
3.27,0.0,19.43,0.0,0.0
6.43,0.0,25.57,0.0,0.0
6.88,1.93,26.94,0.0,0.0
7.78,1.87,37.37,0.0,0.0
9.13,4.13,44.37,0.0,0.0
10.47,1.63,45.49,0.0,0.0
12.72,1.25,43.62,0.0,0.0
14.07,9.01,51.07,0.0,0.0
13.17,3.88,56.15,0.0,0.0
12.27,12.26,50.59,0.0,0.0
11.37,11.51,46.94,0.0,0.0
11.37,2.76,43.2,0.0,0.0
12.72,3.87,43.46,0.0,0.0
12.72,2.88,45.84,0.0,0.0
11.82,2.0,51.91,0.0,0.0
10.92,1.25,52.66,0.0,0.0
10.02,5.0,51.92,0.0,0.0
9.13,5.26,42.78,0.0,0.0
5.08,5.38,36.59,0.0,0.0
2.38,1.87,30.75,0.0,0.0
2.38,0.0,1.33,0.0,0.0
1.92,0.0,0.42,0.0,0.0
2.37,0.0,0.19,0.0,0.0
1.92,0.0,16.09,0.0,0.0
3.27,0.0,13.12,0.0,0.0
6.41,0.0,17.51,0.0,0.0
6.88,0.0,19.27,0.0,0.0
7.78,1.94,35.96,0.0,0.0
9.13,1.9,45.8,0.0,0.0
10.47,1.87,46.07,0.0,0.0
12.72,1.25,43.88,0.0,0.0
14.07,9.0,51.95,0.0,0.0
13.17,7.5,55.09,0.0,0.0
12.27,12.25,55.77,0.0,0.0
11.37,11.5,51.3,0.0,0.0
11.37,3.12,47.05,0.0,0.0
12.72,3.12,46.46,0.0,0.0
12.72,2.88,47.04,0.0,0.0
11.82,2.0,59.28,0.0,0.0
10.92,1.25,61.56,0.0,0.0
10.02,4.99,51.29,0.0,0.0
9.13,5.25,47.33,0.0,0.0
5.08,5.37,43.69,0.0,0.0
2.38,0.0,36.04,0.0,0.0
2.38,0.0,2.11,0.0,0.0
1.92,0.0,0.88,0.0,0.0
2.37,0.0,0.34,0.0,0.0
1.92,0.0,17.1,0.0,0.0
3.27,0.0,15.52,0.0,0.0
6.41,0.0,19.85,0.0,0.0
6.88,0.0,23.82,0.0,0.0
7.78,1.93,41.78,0.0,0.0
9.13,1.9,49.12,0.0,0.0
10.47,1.87,43.43,0.0,0.0
12.72,1.25,45.23,0.0,0.0
14.07,8.99,48.22,0.0,0.0
13.17,7.49,54.27,0.0,0.0
12.27,12.24,54.23,0.0,0.0
11.37,11.49,47.19,0.0,0.0
11.37,3.12,44.38,0.0,0.0
12.72,3.12,47.09,0.0,0.0
12.72,2.87,49.92,0.0,0.0
11.82,1.99,51.72,0.0,0.0
10.92,1.25,51.95,0.0,0.0
10.02,5.0,52.24,0.0,0.0
9.13,5.24,44.21,0.0,0.0
5.08,5.37,37.56,0.0,0.0
2.38,0.0,33.34,0.0,0.0
2.38,0.0,2.36,0.0,0.0
1.92,0.0,0.83,0.0,0.0
2.37,0.0,0.36,0.0,0.0
1.92,0.0,18.05,0.0,0.0
3.27,0.0,16.71,0.0,0.0
6.43,0.0,22.53,0.0,0.0
6.88,1.93,27.7,0.0,0.0
7.78,1.89,39.64,0.0,0.0
9.13,4.11,46.31,0.0,0.0
10.47,1.63,49.79,0.0,0.0
12.72,1.25,47.28,0.0,0.0
14.07,8.98,58.01,0.0,0.0
13.17,3.86,64.8,0.0,0.0
12.27,12.23,61.24,0.0,0.0
11.37,11.48,53.15,0.0,0.0
11.37,2.75,48.16,0.0,0.0
12.72,3.86,51.36,0.0,0.0
12.72,2.87,55.53,0.0,0.0
11.82,2.0,59.59,0.0,0.0
10.92,1.25,56.92,0.0,0.0
10.02,4.98,55.46,0.0,0.0
9.13,5.24,47.06,0.0,0.0
5.08,5.37,40.61,0.0,0.0
2.38,1.87,34.2,0.0,0.0
2.38,0.0,2.49,0.0,0.0
1.92,0.0,0.8,0.0,0.0
2.37,0.0,0.04,0.0,0.0
1.92,0.0,17.02,0.0,0.0
3.27,0.0,17.99,0.0,0.0
6.43,0.0,23.69,0.0,0.0
6.88,1.93,26.78,0.0,0.0
7.78,1.88,35.77,0.0,0.0
9.13,4.11,42.28,0.0,0.0
10.47,1.62,45.83,0.0,0.0
12.72,1.25,42.48,0.0,0.0
14.07,8.97,50.88,0.0,0.0
13.17,3.86,59.27,0.0,0.0
12.27,12.22,58.44,0.0,0.0
11.37,11.47,50.66,0.0,0.0
11.37,2.74,45.25,0.0,0.0
12.72,3.86,49.38,0.0,0.0
12.72,2.87,56.83,0.0,0.0
11.82,2.0,60.99,0.0,0.0
10.92,1.25,56.69,0.0,0.0
10.02,4.98,54.99,0.0,0.0
9.13,5.24,46.31,0.0,0.0
5.08,5.36,39.01,0.0,0.0
2.38,1.87,32.1,0.0,0.0
2.38,0.0,2.3,0.0,0.0
1.92,0.0,0.83,0.0,0.0
2.37,0.0,0.36,0.0,0.0
1.92,0.0,16.93,0.0,0.0
3.27,0.0,14.68,0.0,0.0
6.43,0.0,19.06,0.0,0.0
6.88,1.93,24.06,0.0,0.0
7.78,1.88,36.25,0.0,0.0
9.13,4.11,43.87,0.0,0.0
10.47,1.62,47.11,0.0,0.0
12.72,1.24,45.72,0.0,0.0
14.07,8.97,54.5,0.0,0.0
13.17,3.86,62.91,0.0,0.0
12.27,12.21,61.6,0.0,0.0
11.37,11.46,52.74,0.0,0.0
11.37,2.74,46.31,0.0,0.0
12.72,3.86,48.26,0.0,0.0
12.72,2.86,53.9,0.0,0.0
11.82,2.0,62.53,0.0,0.0
10.92,1.24,61.52,0.0,0.0
10.02,4.98,58.77,0.0,0.0
9.13,5.23,49.34,0.0,0.0
5.08,5.36,41.5,0.0,0.0
2.38,1.87,34.48,0.0,0.0
2.38,0.0,3.07,0.0,0.0
1.92,0.0,0.85,0.0,0.0
2.37,0.0,0.84,0.0,0.0
1.92,0.0,20.89,0.0,0.0
3.27,0.0,16.46,0.0,0.0
6.43,0.0,26.44,0.0,0.0
6.88,1.93,30.16,0.0,0.0
7.78,1.87,40.58,0.0,0.0
9.13,4.11,46.59,0.0,0.0
10.47,1.61,50.2,0.0,0.0
12.72,1.24,47.44,0.0,0.0
14.07,8.96,56.43,0.0,0.0
13.17,3.86,65.47,0.0,0.0
12.27,12.2,63.26,0.0,0.0
11.37,11.45,54.77,0.0,0.0
11.37,2.73,49.15,0.0,0.0
12.72,3.86,51.32,0.0,0.0
12.72,2.86,57.09,0.0,0.0
11.82,1.99,64.27,0.0,0.0
10.92,1.24,63.0,0.0,0.0
10.02,4.98,61.86,0.0,0.0
9.13,5.22,50.4,0.0,0.0
5.08,5.36,41.17,0.0,0.0
2.38,1.87,34.48,0.0,0.0
2.38,0.0,3.18,0.0,0.0
1.92,0.0,1.14,0.0,0.0
2.37,0.0,0.58,0.0,0.0
1.92,0.0,18.16,0.0,0.0
3.27,0.0,19.85,0.0,0.0
6.43,0.0,28.04,0.0,0.0
6.88,1.93,30.9,0.0,0.0
7.78,1.87,41.46,0.0,0.0
9.13,4.11,49.43,0.0,0.0
10.47,1.61,51.96,0.0,0.0
12.72,1.24,47.36,0.0,0.0
14.07,8.96,58.23,0.0,0.0
13.17,3.86,66.4,0.0,0.0
12.27,12.19,61.47,0.0,0.0
11.37,11.45,54.92,0.0,0.0
11.37,2.73,47.94,0.0,0.0
12.72,3.86,42.66,0.0,0.0
12.72,2.86,40.76,0.0,0.0
11.82,1.99,47.28,0.0,0.0
10.92,1.24,48.49,0.0,0.0
10.02,4.98,47.3,0.0,0.0
9.13,5.22,41.72,0.0,0.0
5.08,5.35,37.23,0.0,0.0
2.38,1.87,32.08,0.0,0.0
2.38,0.0,1.86,0.0,0.0
1.92,0.0,0.68,0.0,0.0
2.37,0.0,0.34,0.0,0.0
1.92,0.0,18.65,0.0,0.0
3.27,0.0,17.06,0.0,0.0
6.41,0.0,22.69,0.0,0.0
6.88,0.0,27.63,0.0,0.0
7.78,1.93,44.99,0.0,0.0
9.13,1.87,51.93,0.0,0.0
10.47,1.86,52.65,0.0,0.0
12.72,1.24,49.69,0.0,0.0
14.07,8.95,57.97,0.0,0.0
13.17,7.46,61.51,0.0,0.0
12.27,12.19,61.99,0.0,0.0
11.37,11.44,58.26,0.0,0.0
11.37,3.11,52.96,0.0,0.0
12.72,3.1,49.63,0.0,0.0
12.72,2.86,47.88,0.0,0.0
11.82,1.99,56.65,0.0,0.0
10.92,1.24,61.31,0.0,0.0
10.02,4.96,58.84,0.0,0.0
9.13,5.23,56.15,0.0,0.0
5.08,5.35,48.71,0.0,0.0
2.38,0.0,38.47,0.0,0.0
2.38,0.0,2.53,0.0,0.0
1.92,0.0,0.97,0.0,0.0
2.37,0.0,0.47,0.0,0.0
1.92,0.0,20.01,0.0,0.0
3.27,0.0,18.19,0.0,0.0
6.41,0.0,24.85,0.0,0.0
6.88,0.0,29.16,0.0,0.0
7.78,1.92,44.75,0.0,0.0
9.13,1.89,51.1,0.0,0.0
10.47,1.86,46.5,0.0,0.0
12.72,1.24,48.71,0.0,0.0
14.07,8.95,53.25,0.0,0.0
13.17,7.45,61.57,0.0,0.0
12.27,12.18,63.86,0.0,0.0
11.37,11.44,56.4,0.0,0.0
11.37,3.1,50.44,0.0,0.0
12.72,3.11,51.91,0.0,0.0
12.72,2.86,51.86,0.0,0.0
11.82,1.98,52.72,0.0,0.0
10.92,1.24,54.18,0.0,0.0
10.02,4.97,55.93,0.0,0.0
9.13,5.22,41.18,0.0,0.0
5.08,5.34,32.41,0.0,0.0
2.38,0.0,31.2,0.0,0.0
2.38,0.0,1.56,0.0,0.0
1.92,0.0,0.64,0.0,0.0
2.37,0.0,0.4,0.0,0.0
1.92,0.0,20.09,0.0,0.0
3.27,0.0,20.53,0.0,0.0
6.43,0.0,28.87,0.0,0.0
6.88,1.92,33.31,0.0,0.0
7.78,1.89,43.71,0.0,0.0
9.13,4.1,50.28,0.0,0.0
10.47,1.62,54.79,0.0,0.0
12.72,1.24,49.96,0.0,0.0
14.07,8.94,54.48,0.0,0.0
13.17,3.84,60.8,0.0,0.0
12.27,12.17,56.98,0.0,0.0
11.37,11.43,50.19,0.0,0.0
11.37,2.73,45.39,0.0,0.0
12.72,3.84,46.72,0.0,0.0
12.72,2.86,51.14,0.0,0.0
11.82,1.99,55.44,0.0,0.0
10.92,1.24,53.36,0.0,0.0
10.02,4.96,51.11,0.0,0.0
9.13,5.22,43.5,0.0,0.0
5.08,5.34,38.3,0.0,0.0
2.38,1.85,33.4,0.0,0.0
2.38,0.0,1.78,0.0,0.0
1.92,0.0,0.75,0.0,0.0
2.37,0.0,0.39,0.0,0.0
1.92,0.0,21.0,0.0,0.0
3.27,0.0,23.23,0.0,0.0
6.43,0.0,30.1,0.0,0.0
6.88,1.92,33.02,0.0,0.0
7.78,1.88,42.26,0.0,0.0
9.13,4.09,48.35,0.0,0.0
10.47,1.62,50.64,0.0,0.0
12.72,1.24,46.3,0.0,0.0
14.07,8.93,54.24,0.0,0.0
13.17,3.84,62.45,0.0,0.0
12.27,12.17,61.54,0.0,0.0
11.37,11.43,51.66,0.0,0.0
11.37,2.74,43.33,0.0,0.0
12.72,3.84,42.0,0.0,0.0
12.72,2.86,46.8,0.0,0.0
11.82,1.98,54.74,0.0,0.0
10.92,1.24,53.68,0.0,0.0
10.02,4.96,52.09,0.0,0.0
9.13,5.22,45.36,0.0,0.0
5.08,5.34,40.0,0.0,0.0
2.38,1.85,33.58,0.0,0.0
2.38,0.0,1.6,0.0,0.0
1.92,0.0,0.65,0.0,0.0
2.37,0.0,0.33,0.0,0.0
1.92,0.0,15.38,0.0,0.0
3.27,0.0,17.08,0.0,0.0
6.43,0.0,23.37,0.0,0.0
6.88,1.92,29.17,0.0,0.0
7.78,1.88,41.55,0.0,0.0
9.13,4.09,48.28,0.0,0.0
10.47,1.62,49.76,0.0,0.0
12.72,1.24,46.27,0.0,0.0
14.07,8.93,52.31,0.0,0.0
13.17,3.84,61.72,0.0,0.0
12.27,12.17,56.72,0.0,0.0
11.37,11.42,44.95,0.0,0.0
11.37,2.73,40.35,0.0,0.0
12.72,3.84,45.62,0.0,0.0
12.72,2.86,53.76,0.0,0.0
11.82,1.99,58.45,0.0,0.0
10.92,1.24,54.33,0.0,0.0
10.02,4.96,52.85,0.0,0.0
9.13,5.22,45.67,0.0,0.0
5.08,5.34,39.98,0.0,0.0
2.38,1.86,33.31,0.0,0.0
2.38,0.0,1.93,0.0,0.0
1.92,0.0,0.63,0.0,0.0
2.37,0.0,0.37,0.0,0.0
1.92,0.0,19.16,0.0,0.0
3.27,0.0,18.28,0.0,0.0
6.43,0.0,24.09,0.0,0.0
6.88,1.92,28.85,0.0,0.0
7.78,1.88,40.15,0.0,0.0
9.13,4.09,47.61,0.0,0.0
10.47,1.61,50.06,0.0,0.0
12.72,1.24,46.39,0.0,0.0
14.07,8.93,54.07,0.0,0.0
13.17,3.84,58.79,0.0,0.0
12.27,12.16,56.5,0.0,0.0
11.37,11.41,51.05,0.0,0.0
11.37,2.73,45.45,0.0,0.0
12.72,3.84,48.49,0.0,0.0
12.72,2.85,53.86,0.0,0.0
11.82,1.99,60.73,0.0,0.0
10.92,1.24,60.45,0.0,0.0
10.02,4.95,58.0,0.0,0.0
9.13,5.22,46.95,0.0,0.0
5.08,5.33,38.66,0.0,0.0
2.38,1.85,32.88,0.0,0.0
2.38,0.0,2.52,0.0,0.0
1.92,0.0,0.91,0.0,0.0
2.37,0.0,0.39,0.0,0.0
1.92,0.0,19.07,0.0,0.0
3.27,0.0,20.66,0.0,0.0
6.43,0.0,26.39,0.0,0.0
6.88,1.92,30.38,0.0,0.0
7.78,1.88,40.09,0.0,0.0
9.13,4.09,45.94,0.0,0.0
10.47,1.61,48.93,0.0,0.0
12.72,1.24,46.17,0.0,0.0
14.07,8.93,55.52,0.0,0.0
13.17,3.84,64.07,0.0,0.0
12.27,12.16,61.58,0.0,0.0
11.37,11.41,53.57,0.0,0.0
11.37,2.73,45.77,0.0,0.0
12.72,3.84,46.86,0.0,0.0
12.72,2.85,52.18,0.0,0.0
11.82,1.99,59.03,0.0,0.0
10.92,1.24,57.51,0.0,0.0
10.02,4.95,55.33,0.0,0.0
9.13,5.21,48.68,0.0,0.0
5.08,5.33,42.57,0.0,0.0
2.38,1.85,35.47,0.0,0.0
2.38,0.0,3.21,0.0,0.0
1.92,0.0,1.16,0.0,0.0
2.37,0.0,0.6,0.0,0.0
1.92,0.0,19.98,0.0,0.0
3.27,0.0,18.31,0.0,0.0
6.41,0.0,26.03,0.0,0.0
6.88,0.0,30.09,0.0,0.0
7.78,1.92,44.48,0.0,0.0
9.13,1.88,50.5,0.0,0.0
10.47,1.86,50.11,0.0,0.0
12.72,1.24,46.66,0.0,0.0
14.07,8.93,56.76,0.0,0.0
13.17,7.44,61.54,0.0,0.0
12.27,12.15,60.79,0.0,0.0
11.37,11.41,56.87,0.0,0.0
11.37,3.1,54.43,0.0,0.0
12.72,3.1,52.49,0.0,0.0
12.72,2.85,49.56,0.0,0.0
11.82,1.98,52.2,0.0,0.0
10.92,1.24,49.27,0.0,0.0
10.02,4.97,44.56,0.0,0.0
9.13,5.2,42.5,0.0,0.0
5.08,5.33,36.9,0.0,0.0
2.38,0.0,29.26,0.0,0.0
2.38,0.0,0.99,0.0,0.0
1.92,0.0,0.46,0.0,0.0
2.37,0.0,0.0,0.0,0.0
1.92,0.0,15.43,0.0,0.0
3.27,0.0,13.46,0.0,0.0
6.41,0.0,17.54,0.0,0.0
6.88,0.0,22.54,0.0,0.0
7.78,1.92,36.73,0.0,0.0
9.13,1.89,43.93,0.0,0.0
10.47,1.86,40.71,0.0,0.0
12.72,1.24,43.49,0.0,0.0
14.07,8.92,48.8,0.0,0.0
13.17,7.44,55.63,0.0,0.0
12.27,12.15,56.7,0.0,0.0
11.37,11.41,50.38,0.0,0.0
11.37,3.1,48.27,0.0,0.0
12.72,3.1,44.68,0.0,0.0
12.72,2.85,41.8,0.0,0.0
11.82,1.99,47.17,0.0,0.0
10.92,1.24,51.32,0.0,0.0
10.02,4.95,52.36,0.0,0.0
9.13,5.21,45.17,0.0,0.0
5.08,5.33,39.67,0.0,0.0
2.38,0.0,35.5,0.0,0.0
2.38,0.0,2.25,0.0,0.0
1.92,0.0,0.97,0.0,0.0
2.37,0.0,0.51,0.0,0.0
1.92,0.0,19.05,0.0,0.0
3.27,0.0,16.85,0.0,0.0
6.43,0.0,23.82,0.0,0.0
6.88,1.92,28.47,0.0,0.0
7.78,1.87,40.8,0.0,0.0
9.13,4.09,47.56,0.0,0.0
10.47,1.61,49.39,0.0,0.0
12.72,1.24,46.61,0.0,0.0
14.07,8.92,56.87,0.0,0.0
13.17,3.84,59.11,0.0,0.0
12.27,12.15,55.58,0.0,0.0
11.37,11.41,49.97,0.0,0.0
11.37,2.73,44.77,0.0,0.0
12.72,3.84,46.55,0.0,0.0
12.72,2.85,51.45,0.0,0.0
11.82,1.99,58.61,0.0,0.0
10.92,1.24,57.18,0.0,0.0
10.02,4.95,55.11,0.0,0.0
9.13,5.21,45.6,0.0,0.0
5.08,5.33,39.16,0.0,0.0
2.38,1.85,33.33,0.0,0.0
2.38,0.0,2.77,0.0,0.0
1.92,0.0,0.66,0.0,0.0
2.37,0.0,0.06,0.0,0.0
1.92,0.0,17.83,0.0,0.0
3.27,0.0,19.86,0.0,0.0
6.43,0.0,27.6,0.0,0.0
6.88,1.92,30.32,0.0,0.0
7.78,1.88,39.27,0.0,0.0
9.13,4.08,45.88,0.0,0.0
10.47,1.61,48.16,0.0,0.0
12.72,1.24,46.23,0.0,0.0
14.07,8.92,55.75,0.0,0.0
13.17,3.84,59.99,0.0,0.0
12.27,12.15,54.89,0.0,0.0
11.37,11.4,46.8,0.0,0.0
11.37,2.73,43.45,0.0,0.0
12.72,3.84,46.48,0.0,0.0
12.72,2.85,51.38,0.0,0.0
11.82,1.99,59.38,0.0,0.0
10.92,1.24,59.15,0.0,0.0
10.02,4.95,57.62,0.0,0.0
9.13,5.21,47.87,0.0,0.0
5.08,5.33,41.37,0.0,0.0
2.38,1.85,35.33,0.0,0.0
2.38,0.0,3.42,0.0,0.0
1.92,0.0,1.15,0.0,0.0
2.37,0.0,0.67,0.0,0.0
1.92,0.0,18.79,0.0,0.0
3.27,0.0,16.85,0.0,0.0
6.43,0.0,22.98,0.0,0.0
6.88,1.92,27.39,0.0,0.0
7.78,1.88,40.56,0.0,0.0
9.13,4.08,47.38,0.0,0.0
10.47,1.61,50.05,0.0,0.0
12.72,1.24,47.6,0.0,0.0
14.07,8.92,58.69,0.0,0.0
13.17,3.84,67.87,0.0,0.0
12.27,12.15,64.15,0.0,0.0
11.37,11.41,54.52,0.0,0.0
11.37,2.73,47.46,0.0,0.0
12.72,3.83,52.11,0.0,0.0
12.72,2.85,59.59,0.0,0.0
11.82,1.98,58.08,0.0,0.0
10.92,1.24,51.27,0.0,0.0
10.02,4.95,44.22,0.0,0.0
9.13,5.21,36.01,0.0,0.0
5.08,5.33,32.99,0.0,0.0
2.38,1.85,28.07,0.0,0.0
2.38,0.0,1.15,0.0,0.0
1.92,0.0,0.35,0.0,0.0
2.37,0.0,0.15,0.0,0.0
1.92,0.0,17.39,0.0,0.0
3.27,0.0,15.15,0.0,0.0
6.43,0.0,21.89,0.0,0.0
6.88,1.92,29.02,0.0,0.0
7.78,1.88,40.7,0.0,0.0
9.13,4.08,45.23,0.0,0.0
10.47,1.61,46.41,0.0,0.0
12.72,1.24,44.57,0.0,0.0
14.07,8.92,56.22,0.0,0.0
13.17,3.84,66.05,0.0,0.0
12.27,12.15,63.78,0.0,0.0
11.37,11.41,55.25,0.0,0.0
11.37,2.73,48.21,0.0,0.0
12.72,3.83,40.87,0.0,0.0
12.72,2.86,38.45,0.0,0.0
11.82,1.98,45.94,0.0,0.0
10.92,1.24,46.97,0.0,0.0
10.02,4.95,47.55,0.0,0.0
9.13,5.21,42.15,0.0,0.0
5.08,5.33,36.91,0.0,0.0
2.38,1.85,30.53,0.0,0.0
2.38,0.0,1.22,0.0,0.0
1.92,0.0,0.47,0.0,0.0
2.37,0.0,0.27,0.0,0.0
1.92,0.0,17.44,0.0,0.0
3.27,0.0,19.91,0.0,0.0
6.43,0.0,27.32,0.0,0.0
6.88,1.92,29.33,0.0,0.0
7.78,1.88,35.08,0.0,0.0
9.13,4.08,38.36,0.0,0.0
10.47,1.62,40.02,0.0,0.0
12.72,1.24,38.74,0.0,0.0
14.07,8.92,49.24,0.0,0.0
13.17,3.84,58.61,0.0,0.0
12.27,12.15,57.41,0.0,0.0
11.37,11.41,51.15,0.0,0.0
11.37,2.73,47.12,0.0,0.0
12.72,3.84,49.67,0.0,0.0
12.72,2.85,55.41,0.0,0.0
11.82,1.98,62.26,0.0,0.0
10.92,1.24,59.38,0.0,0.0
10.02,4.95,55.12,0.0,0.0
9.13,5.21,44.22,0.0,0.0
5.08,5.33,35.19,0.0,0.0
2.38,1.85,28.48,0.0,0.0
2.38,0.0,3.62,0.0,0.0
1.92,0.0,1.38,0.0,0.0
2.37,0.0,1.03,0.0,0.0
1.92,0.0,15.38,0.0,0.0
3.27,0.0,12.21,0.0,0.0
6.41,0.0,18.81,0.0,0.0
6.88,0.0,19.8,0.0,0.0
7.78,1.92,28.8,0.0,0.0
9.13,1.88,33.18,0.0,0.0
10.47,1.86,35.17,0.0,0.0
12.72,1.24,35.25,0.0,0.0
14.07,8.93,42.39,0.0,0.0
13.17,7.44,45.93,0.0,0.0
12.27,12.15,48.4,0.0,0.0
11.37,11.41,46.7,0.0,0.0
11.37,3.1,44.27,0.0,0.0
12.72,3.1,44.3,0.0,0.0
12.72,2.85,43.52,0.0,0.0
11.82,1.98,50.0,0.0,0.0
10.92,1.24,50.81,0.0,0.0
10.02,4.97,44.04,0.0,0.0
9.13,5.2,38.31,0.0,0.0
5.08,5.33,32.96,0.0,0.0
2.38,0.0,26.62,0.0,0.0
2.38,0.0,2.16,0.0,0.0
1.92,0.0,0.59,0.0,0.0
2.37,0.0,0.28,0.0,0.0
1.92,0.0,11.85,0.0,0.0
3.27,0.0,9.0,0.0,0.0
6.41,0.0,16.07,0.0,0.0
6.88,0.0,18.9,0.0,0.0
7.78,1.92,32.14,0.0,0.0
9.13,1.89,38.74,0.0,0.0
10.47,1.86,34.61,0.0,0.0
12.72,1.24,35.37,0.0,0.0
14.07,8.92,38.84,0.0,0.0
13.17,7.44,43.46,0.0,0.0
12.27,12.16,42.86,0.0,0.0
11.37,11.41,38.38,0.0,0.0
11.37,3.1,36.14,0.0,0.0
12.72,3.1,37.72,0.0,0.0
12.72,2.85,40.1,0.0,0.0
11.82,1.99,43.48,0.0,0.0
10.92,1.24,44.52,0.0,0.0
10.02,4.95,44.16,0.0,0.0
9.13,5.21,37.18,0.0,0.0
5.08,5.33,34.31,0.0,0.0
2.38,0.0,33.86,0.0,0.0
2.38,0.0,2.69,0.0,0.0
1.92,0.0,1.15,0.0,0.0
2.37,0.0,0.47,0.0,0.0
1.92,0.0,18.45,0.0,0.0
3.27,0.0,16.1,0.0,0.0
6.43,0.0,21.89,0.0,0.0
6.88,1.92,26.64,0.0,0.0
7.78,1.87,38.77,0.0,0.0
9.13,4.09,45.16,0.0,0.0
10.47,1.61,47.28,0.0,0.0
12.72,1.24,44.13,0.0,0.0
14.07,8.93,52.59,0.0,0.0
13.17,3.84,58.48,0.0,0.0
12.27,12.16,54.64,0.0,0.0
11.37,11.41,51.94,0.0,0.0
11.37,2.73,45.76,0.0,0.0
12.72,3.84,43.69,0.0,0.0
12.72,2.85,48.79,0.0,0.0
11.82,1.99,53.47,0.0,0.0
10.92,1.24,49.74,0.0,0.0
10.02,4.95,47.67,0.0,0.0
9.13,5.21,40.99,0.0,0.0
5.08,5.33,34.27,0.0,0.0
2.38,1.85,27.95,0.0,0.0
2.38,0.0,1.34,0.0,0.0
1.92,0.0,0.62,0.0,0.0
2.37,0.0,0.33,0.0,0.0
1.92,0.0,18.22,0.0,0.0
3.27,0.0,21.5,0.0,0.0
6.43,0.0,29.44,0.0,0.0
6.88,1.92,32.27,0.0,0.0
7.78,1.88,40.74,0.0,0.0
9.13,4.09,44.74,0.0,0.0
10.47,1.61,43.62,0.0,0.0
12.72,1.24,40.29,0.0,0.0
14.07,8.93,50.24,0.0,0.0
13.17,3.84,57.9,0.0,0.0
12.27,12.16,59.2,0.0,0.0
11.37,11.41,55.83,0.0,0.0
11.37,2.73,49.1,0.0,0.0
12.72,3.84,51.31,0.0,0.0
12.72,2.85,58.0,0.0,0.0
11.82,1.99,64.64,0.0,0.0
10.92,1.24,61.47,0.0,0.0
10.02,4.95,56.89,0.0,0.0
9.13,5.22,45.81,0.0,0.0
5.08,5.34,37.11,0.0,0.0
2.38,1.86,29.69,0.0,0.0
2.38,0.0,1.4,0.0,0.0
1.92,0.0,0.59,0.0,0.0
2.37,0.0,0.31,0.0,0.0
1.92,0.0,18.91,0.0,0.0
3.27,0.0,19.27,0.0,0.0
6.43,0.0,25.7,0.0,0.0
6.88,1.92,29.5,0.0,0.0
7.78,1.88,40.34,0.0,0.0
9.13,4.09,47.55,0.0,0.0
10.47,1.61,50.86,0.0,0.0
12.72,1.24,47.04,0.0,0.0
14.07,8.94,54.59,0.0,0.0
13.17,3.84,63.49,0.0,0.0
12.27,12.17,54.6,0.0,0.0
11.37,11.42,46.34,0.0,0.0
11.37,2.73,44.61,0.0,0.0
12.72,3.84,47.28,0.0,0.0
12.72,2.85,49.17,0.0,0.0
11.82,1.99,53.68,0.0,0.0
10.92,1.24,52.28,0.0,0.0
10.02,4.96,50.37,0.0,0.0
9.13,5.21,44.15,0.0,0.0
5.08,5.34,40.46,0.0,0.0
2.38,1.86,35.09,0.0,0.0
2.38,0.0,2.22,0.0,0.0
1.92,0.0,0.89,0.0,0.0
2.37,0.0,0.43,0.0,0.0
1.92,0.0,20.19,0.0,0.0
3.27,0.0,18.75,0.0,0.0
6.43,0.0,24.97,0.0,0.0
6.88,1.92,29.79,0.0,0.0
7.78,1.87,40.96,0.0,0.0
9.13,4.09,47.13,0.0,0.0
10.47,1.61,49.4,0.0,0.0
12.72,1.24,47.2,0.0,0.0
14.07,8.94,56.73,0.0,0.0
13.17,3.85,64.23,0.0,0.0
12.27,12.17,62.86,0.0,0.0
11.37,11.42,52.68,0.0,0.0
11.37,2.73,45.47,0.0,0.0
12.72,3.84,49.27,0.0,0.0
12.72,2.85,53.76,0.0,0.0
11.82,1.99,58.55,0.0,0.0
10.92,1.24,56.55,0.0,0.0
10.02,4.96,54.07,0.0,0.0
9.13,5.22,46.22,0.0,0.0
5.08,5.34,40.87,0.0,0.0
2.38,1.86,35.23,0.0,0.0
2.38,0.0,2.6,0.0,0.0
1.92,0.0,0.94,0.0,0.0
2.37,0.0,0.41,0.0,0.0
1.92,0.0,20.05,0.0,0.0
3.27,0.0,21.85,0.0,0.0
6.43,0.0,29.97,0.0,0.0
6.88,1.92,32.13,0.0,0.0
7.78,1.88,40.75,0.0,0.0
9.13,4.09,49.22,0.0,0.0
10.47,1.61,52.85,0.0,0.0
12.72,1.24,47.44,0.0,0.0
14.07,8.94,56.41,0.0,0.0
13.17,3.85,66.75,0.0,0.0
12.27,12.18,64.57,0.0,0.0
11.37,11.43,54.59,0.0,0.0
11.37,2.74,48.51,0.0,0.0
12.72,3.85,51.98,0.0,0.0
12.72,2.86,56.04,0.0,0.0
11.82,1.99,60.99,0.0,0.0
10.92,1.24,60.99,0.0,0.0
10.02,4.96,62.67,0.0,0.0
9.13,5.22,53.67,0.0,0.0
5.08,5.34,44.82,0.0,0.0
2.38,1.86,37.37,0.0,0.0
2.38,0.0,3.54,0.0,0.0
1.92,0.0,1.44,0.0,0.0
2.37,0.0,0.71,0.0,0.0
1.92,0.0,21.06,0.0,0.0
3.27,0.0,19.1,0.0,0.0
6.41,0.0,26.35,0.0,0.0
6.88,0.0,29.19,0.0,0.0
7.78,1.93,43.48,0.0,0.0
9.13,1.89,49.64,0.0,0.0
10.47,1.86,50.37,0.0,0.0
12.72,1.24,46.83,0.0,0.0
14.07,8.95,55.47,0.0,0.0
13.17,7.45,59.86,0.0,0.0
12.27,12.18,59.87,0.0,0.0
11.37,11.44,55.85,0.0,0.0
11.37,3.11,52.38,0.0,0.0
12.72,3.11,51.97,0.0,0.0
12.72,2.86,51.08,0.0,0.0
11.82,1.98,60.25,0.0,0.0
10.92,1.24,63.95,0.0,0.0
10.02,4.97,57.5,0.0,0.0
9.13,5.22,56.24,0.0,0.0
5.08,5.34,50.07,0.0,0.0
2.38,0.0,31.99,0.0,0.0
2.38,0.0,0.81,0.0,0.0
1.92,0.0,0.31,0.0,0.0
2.37,0.0,0.62,0.0,0.0
1.92,0.0,20.96,0.0,0.0
3.27,0.0,19.96,0.0,0.0
6.41,0.0,27.32,0.0,0.0
6.88,0.0,30.46,0.0,0.0
7.78,1.93,44.35,0.0,0.0
9.13,1.89,49.96,0.0,0.0
10.47,1.87,45.47,0.0,0.0
12.72,1.24,47.63,0.0,0.0
14.07,8.95,52.58,0.0,0.0
13.17,7.46,62.06,0.0,0.0
12.27,12.19,63.31,0.0,0.0
11.37,11.45,56.54,0.0,0.0
11.37,3.11,53.69,0.0,0.0
12.72,3.11,57.67,0.0,0.0
12.72,2.85,61.25,0.0,0.0
11.82,1.99,64.36,0.0,0.0
10.92,1.24,64.05,0.0,0.0
10.02,4.97,61.99,0.0,0.0
9.13,5.22,53.3,0.0,0.0
5.08,5.35,46.84,0.0,0.0
2.38,0.0,38.66,0.0,0.0
2.38,0.0,3.91,0.0,0.0
1.92,0.0,1.97,0.0,0.0
2.37,0.0,1.77,0.0,0.0
1.92,0.0,25.25,0.0,0.0
3.27,0.0,19.85,0.0,0.0
6.43,0.0,31.34,0.0,0.0
6.88,1.93,35.02,0.0,0.0
7.78,1.87,48.89,0.0,0.0
9.13,4.11,57.06,0.0,0.0
10.47,1.61,60.05,0.0,0.0
12.72,1.24,55.17,0.0,0.0
14.07,8.96,65.24,0.0,0.0
13.17,3.86,72.5,0.0,0.0
12.27,12.2,65.32,0.0,0.0
11.37,11.45,53.44,0.0,0.0
11.37,2.73,47.93,0.0,0.0
12.72,3.86,50.39,0.0,0.0
12.72,2.86,59.18,0.0,0.0
11.82,1.99,69.76,0.0,0.0
10.92,1.24,66.9,0.0,0.0
10.02,4.98,64.37,0.0,0.0
9.13,5.22,53.75,0.0,0.0
5.08,5.35,45.58,0.0,0.0
2.38,1.87,39.1,0.0,0.0
2.38,0.0,4.59,0.0,0.0
1.92,0.0,1.69,0.0,0.0
2.37,0.0,1.26,0.0,0.0
1.92,0.0,23.34,0.0,0.0
3.27,0.0,20.72,0.0,0.0
6.43,0.0,31.72,0.0,0.0
6.88,1.93,34.83,0.0,0.0
7.78,1.86,45.1,0.0,0.0
9.13,4.11,51.8,0.0,0.0
10.47,1.61,54.62,0.0,0.0
12.72,1.24,51.58,0.0,0.0
14.07,8.97,61.21,0.0,0.0
13.17,3.86,67.77,0.0,0.0
12.27,12.2,65.73,0.0,0.0
11.37,11.46,53.99,0.0,0.0
11.37,2.74,44.7,0.0,0.0
12.72,3.86,45.31,0.0,0.0
12.72,2.87,46.79,0.0,0.0
11.82,1.99,50.28,0.0,0.0
10.92,1.24,49.61,0.0,0.0
10.02,4.98,49.53,0.0,0.0
9.13,5.23,43.76,0.0,0.0
5.08,5.35,39.71,0.0,0.0
2.38,1.87,33.79,0.0,0.0
2.38,0.0,3.67,0.0,0.0
1.92,0.0,1.11,0.0,0.0
2.37,0.0,0.67,0.0,0.0
1.92,0.0,18.62,0.0,0.0
3.27,0.0,14.38,0.0,0.0
6.43,0.0,23.11,0.0,0.0
6.88,1.92,25.98,0.0,0.0
7.78,1.86,39.35,0.0,0.0
9.13,4.11,46.7,0.0,0.0
10.47,1.62,49.32,0.0,0.0
12.72,1.25,48.28,0.0,0.0
14.07,8.97,59.69,0.0,0.0
13.17,3.86,66.83,0.0,0.0
12.27,12.21,64.83,0.0,0.0
11.37,11.47,57.08,0.0,0.0
11.37,2.74,48.45,0.0,0.0
12.72,3.86,49.0,0.0,0.0
12.72,2.87,53.52,0.0,0.0
11.82,1.99,55.81,0.0,0.0
10.92,1.25,52.37,0.0,0.0
10.02,4.98,52.28,0.0,0.0
9.13,5.24,46.05,0.0,0.0
5.08,5.35,40.01,0.0,0.0
2.38,1.86,33.42,0.0,0.0
2.38,0.0,2.23,0.0,0.0
1.92,0.0,0.94,0.0,0.0
2.37,0.0,0.81,0.0,0.0
1.92,0.0,18.88,0.0,0.0
3.27,0.0,15.95,0.0,0.0
6.43,0.0,22.22,0.0,0.0
6.88,1.93,27.64,0.0,0.0
7.78,1.89,37.98,0.0,0.0
9.13,4.11,43.74,0.0,0.0
10.47,1.62,49.31,0.0,0.0
12.72,1.25,49.21,0.0,0.0
14.07,8.97,61.39,0.0,0.0
13.17,3.86,70.71,0.0,0.0
12.27,12.22,64.96,0.0,0.0
11.37,11.47,51.39,0.0,0.0
11.37,2.75,44.45,0.0,0.0
12.72,3.86,45.33,0.0,0.0
12.72,2.87,50.2,0.0,0.0
11.82,2.0,54.92,0.0,0.0
10.92,1.25,52.47,0.0,0.0
10.02,4.98,54.63,0.0,0.0
9.13,5.24,49.32,0.0,0.0
5.08,5.36,42.74,0.0,0.0
2.38,1.87,35.5,0.0,0.0
2.38,0.0,3.84,0.0,0.0
1.92,0.0,1.2,0.0,0.0
2.37,0.0,1.1,0.0,0.0
1.92,0.0,22.03,0.0,0.0
3.27,0.0,20.12,0.0,0.0
6.43,0.0,31.63,0.0,0.0
6.88,1.93,34.64,0.0,0.0
7.78,1.88,44.52,0.0,0.0
9.13,4.12,48.09,0.0,0.0
10.47,1.62,48.68,0.0,0.0
12.72,1.25,45.36,0.0,0.0
14.07,8.98,52.53,0.0,0.0
13.17,3.87,57.17,0.0,0.0
12.27,12.24,52.8,0.0,0.0
11.37,11.48,42.5,0.0,0.0
11.37,2.74,35.37,0.0,0.0
12.72,3.87,38.26,0.0,0.0
12.72,2.86,44.12,0.0,0.0
11.82,2.0,48.37,0.0,0.0
10.92,1.25,46.51,0.0,0.0
10.02,4.99,44.88,0.0,0.0
9.13,5.24,38.08,0.0,0.0
5.08,5.37,32.1,0.0,0.0
2.38,1.88,26.0,0.0,0.0
2.38,0.0,1.22,0.0,0.0
1.92,0.0,0.27,0.0,0.0
2.37,0.0,0.39,0.0,0.0
1.92,0.0,14.38,0.0,0.0
3.27,0.0,13.36,0.0,0.0
6.41,0.0,19.86,0.0,0.0
6.88,0.0,26.11,0.0,0.0
7.78,1.93,39.47,0.0,0.0
9.13,1.89,43.43,0.0,0.0
10.47,1.87,42.36,0.0,0.0
12.72,1.25,38.55,0.0,0.0
14.07,8.99,44.24,0.0,0.0
13.17,7.5,48.16,0.0,0.0
12.27,12.25,50.76,0.0,0.0
11.37,11.49,48.13,0.0,0.0
11.37,3.12,46.22,0.0,0.0
12.72,3.12,45.45,0.0,0.0
12.72,2.87,42.78,0.0,0.0
11.82,2.0,48.55,0.0,0.0
10.92,1.25,50.66,0.0,0.0
10.02,4.99,45.4,0.0,0.0
9.13,5.25,42.35,0.0,0.0
5.08,5.37,39.09,0.0,0.0
2.38,0.0,32.77,0.0,0.0
2.38,0.0,1.65,0.0,0.0
1.92,0.0,0.73,0.0,0.0
2.37,0.0,0.28,0.0,0.0
1.92,0.0,16.13,0.0,0.0
3.27,0.0,16.0,0.0,0.0
6.41,0.0,21.23,0.0,0.0
6.88,0.0,24.58,0.0,0.0
7.78,1.94,36.02,0.0,0.0
9.13,1.9,40.9,0.0,0.0
10.47,1.87,37.76,0.0,0.0
12.72,1.25,40.77,0.0,0.0
14.07,9.01,44.36,0.0,0.0
13.17,7.5,47.37,0.0,0.0
12.27,12.26,44.53,0.0,0.0
11.37,11.5,34.91,0.0,0.0
11.37,3.12,29.51,0.0,0.0
12.72,3.12,32.38,0.0,0.0
12.72,2.88,36.69,0.0,0.0
11.82,2.0,39.0,0.0,0.0
10.92,1.25,39.54,0.0,0.0
10.02,4.99,41.18,0.0,0.0
9.13,5.26,34.84,0.0,0.0
5.08,5.38,28.19,0.0,0.0
2.38,0.0,24.28,0.0,0.0
2.38,0.0,0.7,0.0,0.0
1.92,0.0,0.0,0.0,0.0
2.37,0.0,0.06,0.0,0.0
1.92,0.0,13.58,0.0,0.0
3.27,0.0,10.25,0.0,0.0
6.43,0.0,16.03,0.0,0.0
6.88,1.94,19.11,0.0,0.0
7.78,1.89,25.39,0.0,0.0
9.13,4.13,32.98,0.0,0.0
10.47,1.62,37.24,0.0,0.0
12.72,1.25,35.85,0.0,0.0
14.07,9.01,46.93,0.0,0.0
13.17,3.88,56.5,0.0,0.0
12.27,12.27,55.6,0.0,0.0
11.37,11.51,49.91,0.0,0.0
11.37,2.75,45.88,0.0,0.0
12.72,3.88,47.45,0.0,0.0
12.72,2.87,51.25,0.0,0.0
11.82,2.01,55.39,0.0,0.0
10.92,1.25,52.49,0.0,0.0
10.02,5.0,50.93,0.0,0.0
9.13,5.25,43.98,0.0,0.0
5.08,5.38,37.82,0.0,0.0
2.38,1.88,30.91,0.0,0.0
2.38,0.0,1.3,0.0,0.0
1.92,0.0,0.48,0.0,0.0
2.37,0.0,0.27,0.0,0.0
1.92,0.0,19.78,0.0,0.0
3.27,0.0,22.18,0.0,0.0
6.43,0.0,29.19,0.0,0.0
6.88,1.94,31.77,0.0,0.0
7.78,1.88,38.59,0.0,0.0
9.13,4.14,44.69,0.0,0.0
10.47,1.62,47.79,0.0,0.0
12.72,1.25,45.22,0.0,0.0
14.07,9.02,55.83,0.0,0.0
13.17,3.89,62.31,0.0,0.0
12.27,12.28,50.89,0.0,0.0
11.37,11.53,41.73,0.0,0.0
11.37,2.76,37.86,0.0,0.0
12.72,3.88,38.09,0.0,0.0
12.72,2.88,41.97,0.0,0.0
11.82,2.0,47.45,0.0,0.0
10.92,1.25,46.73,0.0,0.0
10.02,5.0,44.52,0.0,0.0
9.13,5.27,38.36,0.0,0.0
5.08,5.39,32.87,0.0,0.0
2.38,1.87,26.81,0.0,0.0
2.38,0.0,0.98,0.0,0.0
1.92,0.0,0.0,0.0,0.0
2.37,0.0,0.09,0.0,0.0
1.92,0.0,17.61,0.0,0.0
3.27,0.0,16.29,0.0,0.0
6.43,0.0,24.17,0.0,0.0
6.88,1.94,29.21,0.0,0.0
7.78,1.89,41.34,0.0,0.0
9.13,4.13,48.23,0.0,0.0
10.47,1.63,49.56,0.0,0.0
12.72,1.25,44.02,0.0,0.0
14.07,9.03,50.06,0.0,0.0
13.17,3.89,46.29,0.0,0.0
12.27,12.29,35.05,0.0,0.0
11.37,11.53,30.35,0.0,0.0
11.37,2.76,30.38,0.0,0.0
12.72,3.89,34.43,0.0,0.0
12.72,2.88,40.22,0.0,0.0
11.82,2.01,47.14,0.0,0.0
10.92,1.25,45.58,0.0,0.0
10.02,5.02,43.16,0.0,0.0
9.13,5.26,37.52,0.0,0.0
5.08,5.39,33.22,0.0,0.0
2.38,1.88,27.73,0.0,0.0
2.38,0.0,1.03,0.0,0.0
1.92,0.0,0.05,0.0,0.0
2.37,0.0,0.22,0.0,0.0
1.92,0.0,17.99,0.0,0.0
3.27,0.0,16.84,0.0,0.0
6.43,0.0,25.3,0.0,0.0
6.88,1.94,29.77,0.0,0.0
7.78,1.88,39.46,0.0,0.0
9.13,4.15,46.0,0.0,0.0
10.47,1.63,50.49,0.0,0.0
12.72,1.25,45.93,0.0,0.0
14.07,9.04,44.46,0.0,0.0
13.17,3.89,46.33,0.0,0.0
12.27,12.3,53.19,0.0,0.0
11.37,11.55,48.88,0.0,0.0
11.37,2.76,44.77,0.0,0.0
12.72,3.88,48.62,0.0,0.0
12.72,2.89,52.01,0.0,0.0
11.82,2.01,55.69,0.0,0.0
10.92,1.25,54.42,0.0,0.0
10.02,5.01,54.1,0.0,0.0
9.13,5.28,46.39,0.0,0.0
5.08,5.4,40.09,0.0,0.0
2.38,1.88,32.57,0.0,0.0
2.38,0.0,1.65,0.0,0.0
1.92,0.0,0.47,0.0,0.0
2.37,0.0,0.35,0.0,0.0
1.92,0.0,16.97,0.0,0.0
3.27,0.0,22.68,0.0,0.0
6.43,0.0,30.28,0.0,0.0
6.88,1.95,33.38,0.0,0.0
7.78,1.9,43.57,0.0,0.0
9.13,4.14,50.29,0.0,0.0
10.47,1.63,50.83,0.0,0.0
12.72,1.26,44.5,0.0,0.0
14.07,9.05,53.02,0.0,0.0
13.17,3.9,61.78,0.0,0.0
12.27,12.32,58.95,0.0,0.0
11.37,11.56,47.9,0.0,0.0
11.37,2.76,37.49,0.0,0.0
12.72,3.9,36.7,0.0,0.0
12.72,2.89,41.14,0.0,0.0
11.82,2.01,46.35,0.0,0.0
10.92,1.26,46.0,0.0,0.0
10.02,5.03,45.33,0.0,0.0
9.13,5.28,39.29,0.0,0.0
5.08,5.4,33.03,0.0,0.0
2.38,1.88,26.39,0.0,0.0
2.38,0.0,1.02,0.0,0.0
1.92,0.0,0.12,0.0,0.0
2.37,0.0,0.21,0.0,0.0
1.92,0.0,15.62,0.0,0.0
3.27,0.0,13.07,0.0,0.0
6.41,0.0,18.26,0.0,0.0
6.88,0.0,21.26,0.0,0.0
7.78,1.95,37.8,0.0,0.0
9.13,1.88,48.11,0.0,0.0
10.47,1.89,51.23,0.0,0.0
12.72,1.26,48.15,0.0,0.0
14.07,9.06,53.9,0.0,0.0
13.17,7.55,53.93,0.0,0.0
12.27,12.33,50.8,0.0,0.0
11.37,11.58,43.94,0.0,0.0
11.37,3.15,43.32,0.0,0.0
12.72,3.15,46.08,0.0,0.0
12.72,2.89,44.77,0.0,0.0
11.82,2.01,51.48,0.0,0.0
10.92,1.26,53.72,0.0,0.0
10.02,5.03,49.16,0.0,0.0
9.13,5.29,47.12,0.0,0.0
5.08,5.41,42.13,0.0,0.0
2.38,0.0,33.33,0.0,0.0
2.38,0.0,1.09,0.0,0.0
1.92,0.0,0.23,0.0,0.0
2.37,0.0,0.16,0.0,0.0
1.92,0.0,17.58,0.0,0.0
3.27,0.0,14.88,0.0,0.0
6.41,0.0,20.65,0.0,0.0
6.88,0.0,22.68,0.0,0.0
7.78,1.95,38.77,0.0,0.0
9.13,1.91,48.78,0.0,0.0
10.47,1.89,44.84,0.0,0.0
12.72,1.26,48.17,0.0,0.0
14.07,9.07,52.24,0.0,0.0
13.17,7.55,54.55,0.0,0.0
12.27,12.35,53.83,0.0,0.0
11.37,11.59,49.23,0.0,0.0
11.37,3.15,45.37,0.0,0.0
12.72,3.15,47.26,0.0,0.0
12.72,2.9,49.08,0.0,0.0
11.82,2.01,51.43,0.0,0.0
10.92,1.26,51.95,0.0,0.0
10.02,5.03,51.31,0.0,0.0
9.13,5.29,45.29,0.0,0.0
5.08,5.42,40.89,0.0,0.0
2.38,0.0,36.3,0.0,0.0
2.38,0.0,1.89,0.0,0.0
1.92,0.0,0.82,0.0,0.0
2.37,0.0,0.4,0.0,0.0
1.92,0.0,19.6,0.0,0.0
3.27,0.0,18.29,0.0,0.0
6.43,0.0,24.87,0.0,0.0
6.88,1.95,28.48,0.0,0.0
7.78,1.9,40.42,0.0,0.0
9.13,4.16,49.08,0.0,0.0
10.47,1.64,52.0,0.0,0.0
12.72,1.26,48.15,0.0,0.0
14.07,9.08,59.26,0.0,0.0
13.17,3.91,70.33,0.0,0.0
12.27,12.37,68.08,0.0,0.0
11.37,11.61,57.9,0.0,0.0
11.37,2.77,50.6,0.0,0.0
12.72,3.91,52.76,0.0,0.0
12.72,2.9,57.42,0.0,0.0
11.82,2.01,63.22,0.0,0.0
10.92,1.26,60.78,0.0,0.0
10.02,5.04,59.3,0.0,0.0
9.13,5.3,51.9,0.0,0.0
5.08,5.42,45.18,0.0,0.0
2.38,1.89,38.16,0.0,0.0
2.38,0.0,4.91,0.0,0.0
1.92,0.0,1.88,0.0,0.0
2.37,0.0,1.25,0.0,0.0
1.92,0.0,18.73,0.0,0.0
3.27,0.0,15.39,0.0,0.0
6.43,0.0,23.28,0.0,0.0
6.88,1.96,24.05,0.0,0.0
7.78,1.91,27.46,0.0,0.0
9.13,4.16,29.61,0.0,0.0
10.47,1.64,30.99,0.0,0.0
12.72,1.26,30.29,0.0,0.0
14.07,9.09,37.37,0.0,0.0
13.17,3.92,42.16,0.0,0.0
12.27,12.38,41.65,0.0,0.0
11.37,11.62,37.19,0.0,0.0
11.37,2.77,33.17,0.0,0.0
12.72,3.92,34.67,0.0,0.0
12.72,2.9,35.88,0.0,0.0
11.82,2.02,36.58,0.0,0.0
10.92,1.26,34.09,0.0,0.0
10.02,5.05,32.35,0.0,0.0
9.13,5.31,27.06,0.0,0.0
5.08,5.43,22.09,0.0,0.0
2.38,1.89,17.38,0.0,0.0
2.38,0.0,0.8,0.0,0.0
1.92,0.0,0.25,0.0,0.0
2.37,0.0,0.0,0.0,0.0
1.92,0.0,7.91,0.0,0.0
3.27,0.0,7.41,0.0,0.0
6.43,0.0,10.39,0.0,0.0
6.88,1.96,11.88,0.0,0.0
7.78,1.91,16.75,0.0,0.0
9.13,4.17,22.31,0.0,0.0
10.47,1.64,24.79,0.0,0.0
12.72,1.26,24.06,0.0,0.0
14.07,9.1,28.93,0.0,0.0
13.17,3.92,33.1,0.0,0.0
12.27,12.4,32.18,0.0,0.0
11.37,11.64,28.84,0.0,0.0
11.37,2.78,26.08,0.0,0.0
12.72,3.92,27.19,0.0,0.0
12.72,2.91,29.64,0.0,0.0
11.82,2.02,30.93,0.0,0.0
10.92,1.26,28.79,0.0,0.0
10.02,5.06,27.78,0.0,0.0
9.13,5.31,23.76,0.0,0.0
5.08,5.44,19.66,0.0,0.0
2.38,1.89,15.76,0.0,0.0
2.38,0.0,0.56,0.0,0.0
1.92,0.0,0.11,0.0,0.0
2.37,0.0,0.05,0.0,0.0
1.92,0.0,8.04,0.0,0.0
3.27,0.0,7.42,0.0,0.0
6.43,0.0,9.5,0.0,0.0
6.88,1.96,8.81,0.0,0.0
7.78,1.91,15.15,0.0,0.0
9.13,4.18,20.91,0.0,0.0
10.47,1.64,24.49,0.0,0.0
12.72,1.26,25.34,0.0,0.0
14.07,9.12,29.99,0.0,0.0
13.17,3.93,33.85,0.0,0.0
12.27,12.42,33.85,0.0,0.0
11.37,11.66,30.59,0.0,0.0
11.37,2.78,27.82,0.0,0.0
12.72,3.93,29.01,0.0,0.0
12.72,2.91,32.37,0.0,0.0
11.82,2.02,35.46,0.0,0.0
10.92,1.27,33.0,0.0,0.0
10.02,5.06,31.12,0.0,0.0
9.13,5.32,25.52,0.0,0.0
5.08,5.45,21.43,0.0,0.0
2.38,1.9,16.84,0.0,0.0
2.38,0.0,0.34,0.0,0.0
1.92,0.0,0.0,0.0,0.0
2.37,0.0,0.0,0.0,0.0
1.92,0.0,4.75,0.0,0.0
3.27,0.0,6.11,0.0,0.0
6.43,0.0,9.59,0.0,0.0
6.88,1.96,10.54,0.0,0.0
7.78,1.91,19.87,0.0,0.0
9.13,4.18,28.63,0.0,0.0
10.47,1.64,32.59,0.0,0.0
12.72,1.27,32.53,0.0,0.0
14.07,9.13,40.09,0.0,0.0
13.17,3.94,46.94,0.0,0.0
12.27,12.43,45.97,0.0,0.0
11.37,11.67,39.71,0.0,0.0
11.37,2.79,36.31,0.0,0.0
12.72,3.93,39.36,0.0,0.0
12.72,2.92,41.3,0.0,0.0
11.82,2.03,42.57,0.0,0.0
10.92,1.27,39.16,0.0,0.0
10.02,5.06,36.01,0.0,0.0
9.13,5.33,29.85,0.0,0.0
5.08,5.46,25.6,0.0,0.0
2.38,1.9,21.47,0.0,0.0
2.38,0.0,0.91,0.0,0.0
1.92,0.0,0.3,0.0,0.0
2.37,0.0,0.0,0.0,0.0
1.92,0.0,12.55,0.0,0.0
3.27,0.0,11.26,0.0,0.0
6.41,0.0,15.18,0.0,0.0
6.88,0.0,17.89,0.0,0.0
7.78,1.97,27.96,0.0,0.0
9.13,1.92,32.34,0.0,0.0
10.47,1.9,32.81,0.0,0.0
12.72,1.27,32.76,0.0,0.0
14.07,9.15,39.75,0.0,0.0
13.17,7.62,42.25,0.0,0.0
12.27,12.45,42.24,0.0,0.0
11.37,11.69,38.98,0.0,0.0
11.37,3.17,38.42,0.0,0.0
12.72,3.18,38.65,0.0,0.0
12.72,2.92,36.56,0.0,0.0
11.82,2.03,42.29,0.0,0.0
10.92,1.27,44.97,0.0,0.0
10.02,5.08,40.97,0.0,0.0
9.13,5.34,37.54,0.0,0.0
5.08,5.46,31.76,0.0,0.0
2.38,0.0,24.42,0.0,0.0
2.38,0.0,0.63,0.0,0.0
1.92,0.0,0.09,0.0,0.0
2.37,0.0,0.0,0.0,0.0
1.92,0.0,9.89,0.0,0.0
3.27,0.0,9.22,0.0,0.0
6.41,0.0,12.0,0.0,0.0
6.88,0.0,11.39,0.0,0.0
7.78,1.97,22.21,0.0,0.0
9.13,1.93,33.57,0.0,0.0
10.47,1.9,33.91,0.0,0.0
12.72,1.27,35.57,0.0,0.0
14.07,9.16,38.57,0.0,0.0
13.17,7.64,43.21,0.0,0.0
12.27,12.47,43.68,0.0,0.0
11.37,11.71,39.47,0.0,0.0
11.37,3.18,36.81,0.0,0.0
12.72,3.18,39.07,0.0,0.0
12.72,2.92,41.56,0.0,0.0
11.82,2.04,40.82,0.0,0.0
10.92,1.27,38.9,0.0,0.0
10.02,5.09,38.62,0.0,0.0
9.13,5.34,31.87,0.0,0.0
5.08,5.47,27.13,0.0,0.0
2.38,0.0,23.35,0.0,0.0
2.38,0.0,0.68,0.0,0.0
1.92,0.0,0.1,0.0,0.0
2.37,0.0,0.0,0.0,0.0
1.92,0.0,11.54,0.0,0.0
3.27,0.0,10.71,0.0,0.0
6.43,0.0,15.14,0.0,0.0
6.88,1.97,18.38,0.0,0.0
7.78,1.93,29.13,0.0,0.0
9.13,4.2,38.68,0.0,0.0
10.47,1.66,42.37,0.0,0.0
12.72,1.27,39.81,0.0,0.0
14.07,9.17,48.42,0.0,0.0
13.17,3.95,54.66,0.0,0.0
12.27,12.49,51.0,0.0,0.0
11.37,11.73,42.96,0.0,0.0
11.37,2.8,37.7,0.0,0.0
12.72,3.96,39.77,0.0,0.0
12.72,2.93,44.49,0.0,0.0
11.82,2.03,48.54,0.0,0.0
10.92,1.27,46.24,0.0,0.0
10.02,5.1,45.14,0.0,0.0
9.13,5.35,37.35,0.0,0.0
5.08,5.48,30.5,0.0,0.0
2.38,1.91,25.26,0.0,0.0
2.38,0.0,1.03,0.0,0.0
1.92,0.0,0.19,0.0,0.0
2.37,0.0,0.0,0.0,0.0
1.92,0.0,13.06,0.0,0.0
3.27,0.0,16.21,0.0,0.0
6.43,0.0,20.85,0.0,0.0
6.88,1.98,21.49,0.0,0.0
7.78,1.93,28.97,0.0,0.0
9.13,4.21,36.73,0.0,0.0
10.47,1.65,40.04,0.0,0.0
12.72,1.27,37.06,0.0,0.0
14.07,9.19,45.05,0.0,0.0
13.17,3.96,53.54,0.0,0.0
12.27,12.51,54.31,0.0,0.0
11.37,11.75,48.41,0.0,0.0
11.37,2.81,39.72,0.0,0.0
12.72,3.95,39.66,0.0,0.0
12.72,2.94,44.97,0.0,0.0
11.82,2.04,51.92,0.0,0.0
10.92,1.27,51.53,0.0,0.0
10.02,5.1,50.41,0.0,0.0
9.13,5.35,42.25,0.0,0.0
5.08,5.49,35.45,0.0,0.0
2.38,1.92,29.96,0.0,0.0
2.38,0.0,1.47,0.0,0.0
1.92,0.0,0.67,0.0,0.0
2.37,0.0,0.34,0.0,0.0
1.92,0.0,16.84,0.0,0.0
3.27,0.0,14.99,0.0,0.0
6.43,0.0,20.96,0.0,0.0
6.88,1.98,26.14,0.0,0.0
7.78,1.91,36.51,0.0,0.0
9.13,4.22,40.52,0.0,0.0
10.47,1.67,43.18,0.0,0.0
12.72,1.28,41.01,0.0,0.0
14.07,9.21,46.82,0.0,0.0
13.17,3.96,47.25,0.0,0.0
12.27,12.54,42.33,0.0,0.0
11.37,11.76,37.0,0.0,0.0
11.37,2.81,33.7,0.0,0.0
12.72,3.97,35.67,0.0,0.0
12.72,2.94,39.22,0.0,0.0
11.82,2.04,42.32,0.0,0.0
10.92,1.28,40.82,0.0,0.0
10.02,5.11,40.55,0.0,0.0
9.13,5.37,35.61,0.0,0.0
5.08,5.5,30.9,0.0,0.0
2.38,1.91,25.07,0.0,0.0
2.38,0.0,0.84,0.0,0.0
1.92,0.0,0.02,0.0,0.0
2.37,0.0,0.06,0.0,0.0
1.92,0.0,13.62,0.0,0.0
3.27,0.0,11.68,0.0,0.0
6.41,0.0,17.21,0.0,0.0
6.88,0.0,20.78,0.0,0.0
7.78,1.98,34.95,0.0,0.0
9.13,1.94,42.5,0.0,0.0
10.47,1.92,39.95,0.0,0.0
12.72,1.28,37.25,0.0,0.0
14.07,9.22,38.58,0.0,0.0
13.17,7.68,44.72,0.0,0.0
12.27,12.55,45.41,0.0,0.0
11.37,11.79,42.55,0.0,0.0
11.37,3.2,41.05,0.0,0.0
12.72,3.2,41.57,0.0,0.0
12.72,2.95,42.31,0.0,0.0
11.82,2.05,45.65,0.0,0.0
10.92,1.28,47.01,0.0,0.0
10.02,5.12,46.92,0.0,0.0
9.13,5.38,39.79,0.0,0.0
5.08,5.51,33.63,0.0,0.0
2.38,0.0,28.34,0.0,0.0
2.38,0.0,0.86,0.0,0.0
1.92,0.0,0.1,0.0,0.0
2.37,0.0,0.05,0.0,0.0
1.92,0.0,14.07,0.0,0.0
3.27,0.0,18.35,0.0,0.0
6.43,0.0,25.04,0.0,0.0
6.88,1.99,27.8,0.0,0.0
7.78,1.93,35.59,0.0,0.0
9.13,4.23,42.59,0.0,0.0
10.47,1.66,47.04,0.0,0.0
12.72,1.28,44.45,0.0,0.0
14.07,9.24,52.83,0.0,0.0
13.17,3.97,54.75,0.0,0.0
12.27,12.58,53.45,0.0,0.0
11.37,11.81,43.88,0.0,0.0
11.37,2.83,35.55,0.0,0.0
12.72,3.97,37.86,0.0,0.0
12.72,2.94,41.67,0.0,0.0
11.82,2.05,46.29,0.0,0.0
10.92,1.28,46.27,0.0,0.0
10.02,5.13,45.54,0.0,0.0
9.13,5.39,38.57,0.0,0.0
5.08,5.51,33.45,0.0,0.0
2.38,1.92,28.65,0.0,0.0
2.38,0.0,1.13,0.0,0.0
1.92,0.0,0.15,0.0,0.0
2.37,0.0,0.0,0.0,0.0
1.92,0.0,15.21,0.0,0.0
3.27,0.0,13.69,0.0,0.0
6.41,0.0,20.41,0.0,0.0
6.88,0.0,24.68,0.0,0.0
7.78,1.99,37.37,0.0,0.0
9.13,1.92,43.41,0.0,0.0
10.47,1.93,46.42,0.0,0.0
12.72,1.28,44.31,0.0,0.0
14.07,9.25,52.0,0.0,0.0
13.17,7.71,52.54,0.0,0.0
12.27,12.6,51.15,0.0,0.0
11.37,11.83,49.76,0.0,0.0
11.37,3.21,49.03,0.0,0.0
12.72,3.21,48.17,0.0,0.0
12.72,2.96,47.21,0.0,0.0
11.82,2.06,55.05,0.0,0.0
10.92,1.28,56.56,0.0,0.0
10.02,5.14,49.7,0.0,0.0
9.13,5.39,43.25,0.0,0.0
5.08,5.52,36.1,0.0,0.0
2.38,0.0,27.19,0.0,0.0
2.38,0.0,0.82,0.0,0.0
1.92,0.0,0.18,0.0,0.0
2.37,0.0,0.0,0.0,0.0
1.92,0.0,14.4,0.0,0.0
3.27,0.0,12.52,0.0,0.0
6.41,0.0,15.81,0.0,0.0
6.88,0.0,18.07,0.0,0.0
7.78,1.99,31.47,0.0,0.0
9.13,1.96,41.72,0.0,0.0
10.47,1.94,38.98,0.0,0.0
12.72,1.29,41.21,0.0,0.0
14.07,9.27,46.68,0.0,0.0
13.17,7.72,54.24,0.0,0.0
12.27,12.62,57.65,0.0,0.0
11.37,11.85,50.15,0.0,0.0
11.37,3.22,44.18,0.0,0.0
12.72,3.22,45.56,0.0,0.0
12.72,2.96,44.79,0.0,0.0
11.82,2.06,42.63,0.0,0.0
10.92,1.29,40.18,0.0,0.0
10.02,5.15,39.38,0.0,0.0
9.13,5.4,32.25,0.0,0.0
5.08,5.53,27.21,0.0,0.0
2.38,0.0,24.4,0.0,0.0
2.38,0.0,0.8,0.0,0.0
1.92,0.0,0.18,0.0,0.0
2.37,0.0,0.34,0.0,0.0
1.92,0.0,15.48,0.0,0.0
3.27,0.0,14.78,0.0,0.0
6.43,0.0,21.12,0.0,0.0
6.88,2.0,25.18,0.0,0.0
7.78,1.96,35.9,0.0,0.0
9.13,4.25,43.17,0.0,0.0
10.47,1.68,46.61,0.0,0.0
12.72,1.29,43.83,0.0,0.0
14.07,9.28,53.33,0.0,0.0
13.17,4.0,61.87,0.0,0.0
12.27,12.64,58.53,0.0,0.0
11.37,11.87,48.87,0.0,0.0
11.37,2.84,41.72,0.0,0.0
12.72,3.99,41.34,0.0,0.0
12.72,2.97,45.24,0.0,0.0
11.82,2.07,50.89,0.0,0.0
10.92,1.29,49.0,0.0,0.0
10.02,5.16,47.51,0.0,0.0
9.13,5.41,40.39,0.0,0.0
5.08,5.54,33.89,0.0,0.0
2.38,1.93,27.51,0.0,0.0
2.38,0.0,1.03,0.0,0.0
1.92,0.0,0.21,0.0,0.0
2.37,0.0,0.19,0.0,0.0
1.92,0.0,14.92,0.0,0.0
3.27,0.0,17.11,0.0,0.0
6.43,0.0,22.51,0.0,0.0
6.88,1.99,23.63,0.0,0.0
7.78,1.94,30.26,0.0,0.0
9.13,4.26,40.01,0.0,0.0
10.47,1.68,43.7,0.0,0.0
12.72,1.29,41.22,0.0,0.0
14.07,9.3,50.5,0.0,0.0
13.17,4.01,56.54,0.0,0.0
12.27,12.67,50.91,0.0,0.0
11.37,11.89,44.12,0.0,0.0
11.37,2.84,39.43,0.0,0.0
12.72,4.0,42.2,0.0,0.0
12.72,2.98,46.44,0.0,0.0
11.82,2.07,50.29,0.0,0.0
10.92,1.29,47.79,0.0,0.0
10.02,5.16,45.15,0.0,0.0
9.13,5.42,38.57,0.0,0.0
5.08,5.55,34.03,0.0,0.0
2.38,1.94,28.25,0.0,0.0
2.38,0.0,1.24,0.0,0.0
1.92,0.0,0.45,0.0,0.0
2.37,0.0,0.17,0.0,0.0
1.92,0.0,14.81,0.0,0.0
3.27,0.0,13.29,0.0,0.0
6.43,0.0,18.61,0.0,0.0
6.88,2.0,23.25,0.0,0.0
7.78,1.94,33.19,0.0,0.0
9.13,4.27,40.98,0.0,0.0
10.47,1.69,45.2,0.0,0.0
12.72,1.29,42.2,0.0,0.0
14.07,9.32,49.07,0.0,0.0
13.17,4.02,54.86,0.0,0.0
12.27,12.69,45.06,0.0,0.0
11.37,11.92,38.04,0.0,0.0
11.37,2.85,34.48,0.0,0.0
12.72,4.01,36.41,0.0,0.0
12.72,2.98,41.67,0.0,0.0
11.82,2.07,44.87,0.0,0.0
10.92,1.29,42.45,0.0,0.0
10.02,5.18,41.02,0.0,0.0
9.13,5.43,35.62,0.0,0.0
5.08,5.56,31.59,0.0,0.0
2.38,1.94,25.27,0.0,0.0
2.38,0.0,0.92,0.0,0.0
1.92,0.0,0.07,0.0,0.0
2.37,0.0,0.05,0.0,0.0
1.92,0.0,14.5,0.0,0.0
3.27,0.0,13.77,0.0,0.0
6.43,0.0,19.83,0.0,0.0
6.88,2.0,23.16,0.0,0.0
7.78,1.94,32.73,0.0,0.0
9.13,4.28,39.43,0.0,0.0
10.47,1.69,42.73,0.0,0.0
12.72,1.29,37.27,0.0,0.0
14.07,9.33,35.24,0.0,0.0
13.17,4.03,34.55,0.0,0.0
12.27,12.71,37.89,0.0,0.0
11.37,11.94,37.08,0.0,0.0
11.37,2.85,34.79,0.0,0.0
12.72,4.02,36.63,0.0,0.0
12.72,2.98,38.47,0.0,0.0
11.82,2.08,43.24,0.0,0.0
10.92,1.29,43.56,0.0,0.0
10.02,5.19,41.96,0.0,0.0
9.13,5.45,32.04,0.0,0.0
5.08,5.58,24.62,0.0,0.0
2.38,1.94,19.33,0.0,0.0
2.38,0.0,0.46,0.0,0.0
1.92,0.0,0.03,0.0,0.0
2.37,0.0,0.0,0.0,0.0
1.92,0.0,13.89,0.0,0.0
3.27,0.0,13.85,0.0,0.0
6.43,0.0,19.1,0.0,0.0
6.88,2.01,17.33,0.0,0.0
7.78,1.96,19.58,0.0,0.0
9.13,4.29,24.18,0.0,0.0
10.47,1.69,27.27,0.0,0.0
12.72,1.3,26.16,0.0,0.0
14.07,9.36,30.6,0.0,0.0
13.17,4.02,34.29,0.0,0.0
12.27,12.74,32.31,0.0,0.0
11.37,11.96,28.26,0.0,0.0
11.37,2.85,26.98,0.0,0.0
12.72,4.03,29.63,0.0,0.0
12.72,2.99,33.52,0.0,0.0
11.82,2.08,36.42,0.0,0.0
10.92,1.3,34.65,0.0,0.0
10.02,5.19,33.3,0.0,0.0
9.13,5.46,28.87,0.0,0.0
5.08,5.59,25.01,0.0,0.0
2.38,1.95,19.47,0.0,0.0
2.38,0.0,0.29,0.0,0.0
1.92,0.0,0.0,0.0,0.0
2.37,0.0,0.0,0.0,0.0
1.92,0.0,10.01,0.0,0.0
3.27,0.0,7.33,0.0,0.0
6.41,0.0,14.59,0.0,0.0
6.88,0.0,14.59,0.0,0.0
7.78,2.01,21.93,0.0,0.0
9.13,1.95,25.91,0.0,0.0
10.47,1.96,26.56,0.0,0.0
12.72,1.3,26.01,0.0,0.0
14.07,9.37,31.6,0.0,0.0
13.17,7.81,36.28,0.0,0.0
12.27,12.77,37.65,0.0,0.0
11.37,11.99,34.71,0.0,0.0
11.37,3.26,32.01,0.0,0.0
12.72,3.26,30.93,0.0,0.0
12.72,2.99,27.88,0.0,0.0
11.82,2.08,30.03,0.0,0.0
10.92,1.3,29.88,0.0,0.0
10.02,5.21,24.79,0.0,0.0
9.13,5.47,21.59,0.0,0.0
5.08,5.6,17.81,0.0,0.0
2.38,0.0,12.88,0.0,0.0
2.38,0.0,0.05,0.0,0.0
1.92,0.0,0.0,0.0,0.0
2.37,0.0,0.0,0.0,0.0
1.92,0.0,2.4,0.0,0.0
3.27,0.0,1.42,0.0,0.0
6.41,0.0,2.98,0.0,0.0
6.88,0.0,2.56,0.0,0.0
7.78,2.02,3.94,0.0,0.0
9.13,1.97,6.13,0.0,0.0
10.47,1.96,10.12,0.0,0.0
12.72,1.3,13.77,0.0,0.0
14.07,9.4,17.22,0.0,0.0
13.17,7.83,19.92,0.0,0.0
12.27,12.79,20.39,0.0,0.0
11.37,12.01,18.87,0.0,0.0
11.37,3.26,18.32,0.0,0.0
12.72,3.26,18.72,0.0,0.0
12.72,3.0,18.68,0.0,0.0
11.82,2.09,18.71,0.0,0.0
10.92,1.3,15.84,0.0,0.0
10.02,5.22,12.06,0.0,0.0
9.13,5.48,7.12,0.0,0.0
5.08,5.61,6.54,0.0,0.0
2.38,0.0,3.93,0.0,0.0
2.38,0.0,0.0,0.0,0.0
1.92,0.0,0.0,0.0,0.0
2.37,0.0,0.0,0.0,0.0
1.92,0.0,1.06,0.0,0.0
3.27,0.0,0.73,0.0,0.0
6.43,0.0,2.26,0.0,0.0
6.88,2.02,3.21,0.0,0.0
7.78,1.97,5.0,0.0,0.0
9.13,4.31,13.62,0.0,0.0
10.47,1.7,21.18,0.0,0.0
12.72,1.31,24.44,0.0,0.0
14.07,9.42,31.73,0.0,0.0
13.17,4.05,37.9,0.0,0.0
12.27,12.82,38.38,0.0,0.0
11.37,12.04,34.59,0.0,0.0
11.37,2.87,31.7,0.0,0.0
12.72,4.06,32.53,0.0,0.0
12.72,3.01,33.9,0.0,0.0
11.82,2.09,35.55,0.0,0.0
10.92,1.31,33.53,0.0,0.0
10.02,5.23,32.33,0.0,0.0
9.13,5.49,27.4,0.0,0.0
5.08,5.62,23.27,0.0,0.0
2.38,1.96,18.76,0.0,0.0
2.38,0.0,0.6,0.0,0.0
1.92,0.0,0.01,0.0,0.0
2.37,0.0,0.1,0.0,0.0
1.92,0.0,9.27,0.0,0.0
3.27,0.0,11.39,0.0,0.0
6.43,0.0,15.43,0.0,0.0
6.88,2.02,16.19,0.0,0.0
7.78,1.96,19.54,0.0,0.0
9.13,4.32,26.07,0.0,0.0
10.47,1.7,31.98,0.0,0.0
12.72,1.31,35.82,0.0,0.0
14.07,9.43,43.67,0.0,0.0
13.17,4.07,45.53,0.0,0.0
12.27,12.84,45.57,0.0,0.0
11.37,12.06,42.11,0.0,0.0
11.37,2.89,38.14,0.0,0.0
12.72,4.06,39.19,0.0,0.0
12.72,3.01,41.68,0.0,0.0
11.82,2.09,44.4,0.0,0.0
10.92,1.31,40.45,0.0,0.0
10.02,5.24,36.05,0.0,0.0
9.13,5.5,28.94,0.0,0.0
5.08,5.63,24.55,0.0,0.0
2.38,1.97,20.63,0.0,0.0
2.38,0.0,0.76,0.0,0.0
1.92,0.0,0.04,0.0,0.0
2.37,0.0,0.01,0.0,0.0
1.92,0.0,14.04,0.0,0.0
3.27,0.0,12.94,0.0,0.0
6.43,0.0,19.38,0.0,0.0
6.88,2.03,21.68,0.0,0.0
7.78,1.97,28.42,0.0,0.0
9.13,4.33,34.52,0.0,0.0
10.47,1.71,39.32,0.0,0.0
12.72,1.31,39.95,0.0,0.0
14.07,9.45,49.11,0.0,0.0
13.17,4.07,53.96,0.0,0.0
12.27,12.87,51.77,0.0,0.0
11.37,12.09,46.8,0.0,0.0
11.37,2.89,40.18,0.0,0.0
12.72,4.07,39.93,0.0,0.0
12.72,3.02,44.04,0.0,0.0
11.82,2.1,47.99,0.0,0.0
10.92,1.31,45.48,0.0,0.0
10.02,5.26,44.3,0.0,0.0
9.13,5.52,37.42,0.0,0.0
5.08,5.65,30.75,0.0,0.0
2.38,1.97,24.91,0.0,0.0
2.38,0.0,1.01,0.0,0.0
1.92,0.0,0.17,0.0,0.0
2.37,0.0,0.0,0.0,0.0
1.92,0.0,13.7,0.0,0.0
3.27,0.0,12.42,0.0,0.0
6.43,0.0,19.79,0.0,0.0
6.88,2.03,23.42,0.0,0.0
7.78,1.97,30.09,0.0,0.0
9.13,4.34,34.59,0.0,0.0
10.47,1.72,38.11,0.0,0.0
12.72,1.31,38.52,0.0,0.0
14.07,9.47,47.61,0.0,0.0
13.17,4.08,55.26,0.0,0.0
12.27,12.9,52.27,0.0,0.0
11.37,12.11,43.44,0.0,0.0
11.37,2.9,37.25,0.0,0.0
12.72,4.08,37.15,0.0,0.0
12.72,3.02,40.38,0.0,0.0
11.82,2.1,43.97,0.0,0.0
10.92,1.32,41.34,0.0,0.0
10.02,5.27,39.41,0.0,0.0
9.13,5.53,33.01,0.0,0.0
5.08,5.66,26.77,0.0,0.0
2.38,1.98,20.0,0.0,0.0
2.38,0.0,0.46,0.0,0.0
1.92,0.0,0.0,0.0,0.0
2.37,0.0,0.0,0.0,0.0
1.92,0.0,9.02,0.0,0.0
3.27,0.0,10.54,0.0,0.0
6.43,0.0,15.95,0.0,0.0
6.88,2.04,15.54,0.0,0.0
7.78,1.97,21.24,0.0,0.0
9.13,4.35,30.19,0.0,0.0
10.47,1.72,35.79,0.0,0.0
12.72,1.32,36.19,0.0,0.0
14.07,9.49,43.48,0.0,0.0
13.17,4.09,47.9,0.0,0.0
12.27,12.93,43.73,0.0,0.0
11.37,12.14,37.86,0.0,0.0
11.37,2.9,34.74,0.0,0.0
12.72,4.09,36.32,0.0,0.0
12.72,3.03,39.16,0.0,0.0
11.82,2.11,42.54,0.0,0.0
10.92,1.32,39.99,0.0,0.0
10.02,5.27,37.41,0.0,0.0
9.13,5.54,31.44,0.0,0.0
5.08,5.67,26.49,0.0,0.0
2.38,1.98,20.73,0.0,0.0
2.38,0.0,0.56,0.0,0.0
1.92,0.0,0.0,0.0,0.0
2.37,0.0,0.07,0.0,0.0
1.92,0.0,8.97,0.0,0.0
3.27,0.0,6.83,0.0,0.0
6.41,0.0,11.28,0.0,0.0
6.88,0.0,12.44,0.0,0.0
7.78,2.04,26.61,0.0,0.0
9.13,1.98,37.07,0.0,0.0
10.47,1.99,38.65,0.0,0.0
12.72,1.32,36.18,0.0,0.0
14.07,9.51,43.09,0.0,0.0
13.17,7.94,46.4,0.0,0.0
12.27,12.96,46.44,0.0,0.0
11.37,12.17,43.53,0.0,0.0
11.37,3.3,40.35,0.0,0.0
12.72,3.3,38.58,0.0,0.0
12.72,3.04,37.04,0.0,0.0
11.82,2.12,43.45,0.0,0.0
10.92,1.32,45.6,0.0,0.0
10.02,5.28,40.33,0.0,0.0
9.13,5.55,37.27,0.0,0.0
5.08,5.68,33.6,0.0,0.0
2.38,0.0,28.45,0.0,0.0
2.38,0.0,0.96,0.0,0.0
1.92,0.0,0.18,0.0,0.0
2.37,0.0,0.0,0.0,0.0
1.92,0.0,12.55,0.0,0.0
3.27,0.0,11.4,0.0,0.0
6.41,0.0,15.37,0.0,0.0
6.88,0.0,16.96,0.0,0.0
7.78,2.05,27.7,0.0,0.0
9.13,2.01,35.04,0.0,0.0
10.47,1.98,35.4,0.0,0.0
12.72,1.33,37.22,0.0,0.0
14.07,9.54,39.28,0.0,0.0
13.17,7.95,44.4,0.0,0.0
12.27,12.99,44.07,0.0,0.0
11.37,12.2,38.71,0.0,0.0
11.37,3.31,36.04,0.0,0.0
12.72,3.31,37.18,0.0,0.0
12.72,3.04,39.06,0.0,0.0
11.82,2.12,41.64,0.0,0.0
10.92,1.33,42.96,0.0,0.0
10.02,5.3,43.96,0.0,0.0
9.13,5.56,35.93,0.0,0.0
5.08,5.7,29.86,0.0,0.0
2.38,0.0,25.6,0.0,0.0
2.38,0.0,0.96,0.0,0.0
1.92,0.0,0.3,0.0,0.0
2.37,0.0,0.0,0.0,0.0
1.92,0.0,12.55,0.0,0.0
3.27,0.0,11.56,0.0,0.0
6.43,0.0,17.73,0.0,0.0
6.88,2.05,22.0,0.0,0.0
7.78,1.99,28.77,0.0,0.0
9.13,4.38,30.41,0.0,0.0
10.47,1.73,26.64,0.0,0.0
12.72,1.32,24.87,0.0,0.0
14.07,9.56,31.35,0.0,0.0
13.17,4.12,35.03,0.0,0.0
12.27,13.01,34.06,0.0,0.0
11.37,12.22,32.68,0.0,0.0
11.37,2.92,30.15,0.0,0.0
12.72,4.12,31.74,0.0,0.0
12.72,3.05,33.69,0.0,0.0
11.82,2.12,34.12,0.0,0.0
10.92,1.33,31.44,0.0,0.0
10.02,5.31,29.78,0.0,0.0
9.13,5.57,26.18,0.0,0.0
5.08,5.71,22.66,0.0,0.0
2.38,1.99,17.73,0.0,0.0
2.38,0.0,0.31,0.0,0.0
1.92,0.0,0.0,0.0,0.0
2.37,0.0,0.0,0.0,0.0
1.92,0.0,3.86,0.0,0.0
3.27,0.0,6.92,0.0,0.0
6.43,0.0,8.47,0.0,0.0
6.88,2.05,8.0,0.0,0.0
7.78,2.0,9.6,0.0,0.0
9.13,4.39,18.19,0.0,0.0
10.47,1.72,22.55,0.0,0.0
12.72,1.33,24.0,0.0,0.0
14.07,9.59,30.62,0.0,0.0
13.17,4.12,37.97,0.0,0.0
12.27,13.05,38.01,0.0,0.0
11.37,12.25,34.16,0.0,0.0
11.37,2.93,31.01,0.0,0.0
12.72,4.12,31.74,0.0,0.0
12.72,3.06,33.96,0.0,0.0
11.82,2.13,35.3,0.0,0.0
10.92,1.33,32.59,0.0,0.0
10.02,5.33,31.27,0.0,0.0
9.13,5.59,26.69,0.0,0.0
5.08,5.72,23.25,0.0,0.0
2.38,2.0,19.71,0.0,0.0
2.38,0.0,0.88,0.0,0.0
1.92,0.0,0.13,0.0,0.0
2.37,0.0,0.14,0.0,0.0
1.92,0.0,10.3,0.0,0.0
3.27,0.0,8.98,0.0,0.0
6.43,0.0,13.6,0.0,0.0
6.88,2.06,16.5,0.0,0.0
7.78,2.0,22.62,0.0,0.0
9.13,4.4,28.19,0.0,0.0
10.47,1.74,33.77,0.0,0.0
12.72,1.33,34.96,0.0,0.0
14.07,9.6,43.86,0.0,0.0
13.17,4.14,52.62,0.0,0.0
12.27,13.07,49.9,0.0,0.0
11.37,12.28,41.18,0.0,0.0
11.37,2.94,35.36,0.0,0.0
12.72,4.14,36.71,0.0,0.0
12.72,3.07,39.21,0.0,0.0
11.82,2.13,40.69,0.0,0.0
10.92,1.33,38.96,0.0,0.0
10.02,5.33,37.51,0.0,0.0
9.13,5.6,31.4,0.0,0.0
5.08,5.74,27.11,0.0,0.0
2.38,2.0,22.74,0.0,0.0
2.38,0.0,0.83,0.0,0.0
1.92,0.0,0.1,0.0,0.0
2.37,0.0,0.0,0.0,0.0
1.92,0.0,13.33,0.0,0.0
3.27,0.0,11.78,0.0,0.0
6.43,0.0,17.06,0.0,0.0
6.88,2.07,19.17,0.0,0.0
7.78,2.02,25.31,0.0,0.0
9.13,4.41,31.4,0.0,0.0
10.47,1.74,35.05,0.0,0.0
12.72,1.34,33.91,0.0,0.0
14.07,9.63,41.05,0.0,0.0
13.17,4.15,47.95,0.0,0.0
12.27,13.11,45.71,0.0,0.0
11.37,12.3,39.82,0.0,0.0
11.37,2.94,35.89,0.0,0.0
12.72,4.14,35.63,0.0,0.0
12.72,3.07,37.22,0.0,0.0
11.82,2.14,40.5,0.0,0.0
10.92,1.34,39.19,0.0,0.0
10.02,5.34,37.64,0.0,0.0
9.13,5.61,31.83,0.0,0.0
5.08,5.75,26.42,0.0,0.0
2.38,2.0,20.35,0.0,0.0
2.38,0.0,0.54,0.0,0.0
1.92,0.0,0.0,0.0,0.0
2.37,0.0,0.07,0.0,0.0
1.92,0.0,8.85,0.0,0.0
3.27,0.0,11.15,0.0,0.0
6.43,0.0,18.77,0.0,0.0
6.88,2.07,18.86,0.0,0.0
7.78,2.02,22.6,0.0,0.0
9.13,4.42,27.7,0.0,0.0
10.47,1.74,28.92,0.0,0.0
12.72,1.34,28.79,0.0,0.0
14.07,9.65,35.42,0.0,0.0
13.17,4.16,40.19,0.0,0.0
12.27,13.14,39.53,0.0,0.0
11.37,12.33,35.61,0.0,0.0
11.37,2.95,33.04,0.0,0.0
12.72,4.16,34.9,0.0,0.0
12.72,3.08,36.73,0.0,0.0
11.82,2.14,38.17,0.0,0.0
10.92,1.34,35.73,0.0,0.0
10.02,5.36,33.73,0.0,0.0
9.13,5.63,27.82,0.0,0.0
5.08,5.76,22.68,0.0,0.0
2.38,2.01,17.19,0.0,0.0
2.38,0.0,0.27,0.0,0.0
1.92,0.0,0.0,0.0,0.0
2.37,0.0,0.06,0.0,0.0
1.92,0.0,5.95,0.0,0.0
3.27,0.0,3.8,0.0,0.0
6.41,0.0,7.97,0.0,0.0
6.88,0.0,7.28,0.0,0.0
7.78,2.08,20.07,0.0,0.0
9.13,2.03,32.35,0.0,0.0
10.47,2.01,36.34,0.0,0.0
12.72,1.34,32.75,0.0,0.0
14.07,9.67,36.27,0.0,0.0
13.17,8.06,37.31,0.0,0.0
12.27,13.17,37.33,0.0,0.0
11.37,12.36,36.13,0.0,0.0
11.37,3.35,33.02,0.0,0.0
12.72,3.36,31.41,0.0,0.0
12.72,3.09,30.58,0.0,0.0
11.82,2.15,34.47,0.0,0.0
10.92,1.34,36.53,0.0,0.0
10.02,5.38,34.45,0.0,0.0
9.13,5.64,33.65,0.0,0.0
5.08,5.78,31.37,0.0,0.0
2.38,0.0,25.31,0.0,0.0
2.38,0.0,0.69,0.0,0.0
1.92,0.0,0.06,0.0,0.0
2.37,0.0,0.18,0.0,0.0
1.92,0.0,13.31,0.0,0.0
3.27,0.0,11.7,0.0,0.0
6.41,0.0,15.14,0.0,0.0
6.88,0.0,17.04,0.0,0.0
7.78,2.08,25.56,0.0,0.0
9.13,2.03,26.61,0.0,0.0
10.47,2.02,20.34,0.0,0.0
12.72,1.34,18.58,0.0,0.0
14.07,9.69,12.1,0.0,0.0
13.17,8.09,19.76,0.0,0.0
12.27,13.2,28.89,0.0,0.0
11.37,12.39,28.32,0.0,0.0
11.37,3.37,29.0,0.0,0.0
12.72,3.37,31.36,0.0,0.0
12.72,3.09,32.03,0.0,0.0
11.82,2.15,32.44,0.0,0.0
10.92,1.35,32.48,0.0,0.0
10.02,5.38,32.81,0.0,0.0
9.13,5.66,27.77,0.0,0.0
5.08,5.79,23.67,0.0,0.0
2.38,0.0,19.82,0.0,0.0
2.38,0.0,0.5,0.0,0.0
1.92,0.0,0.0,0.0,0.0
2.37,0.0,0.03,0.0,0.0
1.92,0.0,12.66,0.0,0.0
3.27,0.0,8.54,0.0,0.0
6.43,0.0,17.55,0.0,0.0
6.88,2.09,19.47,0.0,0.0
7.78,2.04,24.58,0.0,0.0
9.13,4.45,27.77,0.0,0.0
10.47,1.75,29.09,0.0,0.0
12.72,1.35,29.38,0.0,0.0
14.07,9.72,37.17,0.0,0.0
13.17,4.19,42.03,0.0,0.0
12.27,13.23,39.6,0.0,0.0
11.37,12.42,35.66,0.0,0.0
11.37,2.97,32.91,0.0,0.0
12.72,4.19,33.94,0.0,0.0
12.72,3.1,37.17,0.0,0.0
11.82,2.16,40.71,0.0,0.0
10.92,1.35,39.06,0.0,0.0
10.02,5.4,37.73,0.0,0.0
9.13,5.67,33.81,0.0,0.0
5.08,5.8,29.76,0.0,0.0
2.38,2.02,24.0,0.0,0.0
2.38,0.0,0.82,0.0,0.0
1.92,0.0,0.0,0.0,0.0
2.37,0.0,0.0,0.0,0.0
1.92,0.0,13.24,0.0,0.0
3.27,0.0,13.44,0.0,0.0
6.43,0.0,21.66,0.0,0.0
6.88,2.09,22.49,0.0,0.0
7.78,2.03,26.29,0.0,0.0
9.13,4.47,30.87,0.0,0.0
10.47,1.76,34.37,0.0,0.0
12.72,1.35,34.14,0.0,0.0
14.07,9.74,42.78,0.0,0.0
13.17,4.2,52.78,0.0,0.0
12.27,13.26,52.11,0.0,0.0
11.37,12.46,44.25,0.0,0.0
11.37,2.98,39.32,0.0,0.0
12.72,4.2,40.54,0.0,0.0
12.72,3.11,41.77,0.0,0.0
11.82,2.16,42.71,0.0,0.0
10.92,1.35,40.69,0.0,0.0
10.02,5.41,40.05,0.0,0.0
9.13,5.68,34.36,0.0,0.0
5.08,5.82,29.33,0.0,0.0
2.38,2.03,22.25,0.0,0.0
2.38,0.0,0.57,0.0,0.0
1.92,0.0,0.05,0.0,0.0
2.37,0.0,0.0,0.0,0.0
1.92,0.0,12.26,0.0,0.0
3.27,0.0,10.31,0.0,0.0
6.43,0.0,17.5,0.0,0.0
6.88,2.09,19.33,0.0,0.0
7.78,2.03,25.75,0.0,0.0
9.13,4.48,32.3,0.0,0.0
10.47,1.76,36.05,0.0,0.0
12.72,1.35,35.38,0.0,0.0
14.07,9.77,42.67,0.0,0.0
13.17,4.2,49.41,0.0,0.0
12.27,13.3,49.87,0.0,0.0
11.37,12.49,44.71,0.0,0.0
11.37,2.98,39.03,0.0,0.0
12.72,4.2,39.66,0.0,0.0
12.72,3.12,42.71,0.0,0.0
11.82,2.17,45.41,0.0,0.0
10.92,1.36,43.84,0.0,0.0
10.02,5.42,43.84,0.0,0.0
9.13,5.7,36.57,0.0,0.0
5.08,5.84,29.19,0.0,0.0
2.38,2.03,23.28,0.0,0.0
2.38,0.0,0.84,0.0,0.0
1.92,0.0,0.1,0.0,0.0
2.37,0.0,0.0,0.0,0.0
1.92,0.0,5.04,0.0,0.0
3.27,0.0,3.28,0.0,0.0
6.43,0.0,4.67,0.0,0.0
6.88,2.1,5.64,0.0,0.0
7.78,2.05,5.71,0.0,0.0
9.13,4.48,7.74,0.0,0.0
10.47,1.77,10.82,0.0,0.0
12.72,1.36,13.09,0.0,0.0
14.07,9.79,17.85,0.0,0.0
13.17,4.22,25.38,0.0,0.0
12.27,13.32,28.98,0.0,0.0
11.37,12.52,28.9,0.0,0.0
11.37,2.99,28.01,0.0,0.0
12.72,4.22,28.19,0.0,0.0
12.72,3.13,29.05,0.0,0.0
11.82,2.18,30.04,0.0,0.0
10.92,1.36,27.56,0.0,0.0
10.02,5.44,26.02,0.0,0.0
9.13,5.71,20.95,0.0,0.0
5.08,5.84,15.02,0.0,0.0
2.38,2.04,9.33,0.0,0.0
2.38,0.0,0.0,0.0,0.0
1.92,0.0,0.0,0.0,0.0
2.37,0.0,0.0,0.0,0.0
1.92,0.0,0.96,0.0,0.0
3.27,0.0,2.42,0.0,0.0
6.43,0.0,3.28,0.0,0.0
6.88,2.1,1.97,0.0,0.0
7.78,2.04,0.69,0.0,0.0
9.13,4.5,2.35,0.0,0.0
10.47,1.77,3.2,0.0,0.0
12.72,1.37,5.4,0.0,0.0
14.07,9.82,8.83,0.0,0.0
13.17,4.23,16.54,0.0,0.0
12.27,13.36,20.76,0.0,0.0
11.37,12.54,20.71,0.0,0.0
11.37,3.0,18.63,0.0,0.0
12.72,4.23,17.16,0.0,0.0
12.72,3.14,15.18,0.0,0.0
11.82,2.18,10.73,0.0,0.0
10.92,1.36,6.97,0.0,0.0
10.02,5.45,6.76,0.0,0.0
9.13,5.72,6.2,0.0,0.0
5.08,5.86,3.84,0.0,0.0
2.38,2.04,2.24,0.0,0.0
2.38,0.0,0.0,0.0,0.0
1.92,0.0,0.0,0.0,0.0
2.37,0.0,0.0,0.0,0.0
1.92,0.0,0.49,0.0,0.0
3.27,0.0,0.19,0.0,0.0
6.41,0.0,0.21,0.0,0.0
6.88,0.0,0.0,0.0,0.0
7.78,2.11,0.0,0.0,0.0
9.13,2.05,1.03,0.0,0.0
10.47,2.05,2.12,0.0,0.0
12.72,1.37,3.28,0.0,0.0
14.07,9.85,4.55,0.0,0.0
13.17,8.2,5.19,0.0,0.0
12.27,13.4,5.56,0.0,0.0
11.37,12.58,5.81,0.0,0.0
11.37,3.41,6.0,0.0,0.0
12.72,3.41,5.78,0.0,0.0
12.72,3.14,5.4,0.0,0.0
11.82,2.19,5.36,0.0,0.0
10.92,1.37,5.24,0.0,0.0
10.02,5.46,4.96,0.0,0.0
9.13,5.74,4.79,0.0,0.0
5.08,5.88,2.37,0.0,0.0
2.38,0.0,0.86,0.0,0.0
2.38,0.0,0.0,0.0,0.0
1.92,0.0,0.0,0.0,0.0
2.37,0.0,0.0,0.0,0.0
1.92,0.0,0.27,0.0,0.0
3.27,0.0,0.01,0.0,0.0
6.41,0.0,0.19,0.0,0.0
6.88,0.0,0.0,0.0,0.0
7.78,2.12,0.0,0.0,0.0
9.13,2.07,0.0,0.0,0.0
10.47,2.05,0.0,0.0,0.0
12.72,1.37,1.11,0.0,0.0
14.07,9.86,2.61,0.0,0.0
13.17,8.23,3.28,0.0,0.0
12.27,13.43,3.74,0.0,0.0
11.37,12.61,4.24,0.0,0.0
11.37,3.43,4.63,0.0,0.0
12.72,3.43,4.85,0.0,0.0
12.72,3.15,5.12,0.0,0.0
11.82,2.19,4.61,0.0,0.0
10.92,1.37,4.35,0.0,0.0
10.02,5.48,4.66,0.0,0.0
9.13,5.75,4.49,0.0,0.0
5.08,5.89,1.44,0.0,0.0
2.38,0.0,0.8,0.0,0.0
2.38,0.0,0.0,0.0,0.0
1.92,0.0,0.0,0.0,0.0
2.37,0.0,0.0,0.0,0.0
1.92,0.0,0.22,0.0,0.0
3.27,0.0,0.05,0.0,0.0
6.43,0.0,0.16,0.0,0.0
6.88,2.12,0.0,0.0,0.0
7.78,2.06,0.1,0.0,0.0
9.13,4.53,2.88,0.0,0.0
10.47,1.78,4.34,0.0,0.0
12.72,1.38,6.34,0.0,0.0
14.07,9.9,7.65,0.0,0.0
13.17,4.26,17.78,0.0,0.0
12.27,13.46,25.91,0.0,0.0
11.37,12.64,24.98,0.0,0.0
11.37,3.02,22.95,0.0,0.0
12.72,4.26,23.78,0.0,0.0
12.72,3.16,25.7,0.0,0.0
11.82,2.2,24.32,0.0,0.0
10.92,1.37,19.64,0.0,0.0
10.02,5.49,17.33,0.0,0.0
9.13,5.77,10.81,0.0,0.0
5.08,5.9,8.81,0.0,0.0
2.38,2.06,6.8,0.0,0.0
2.38,0.0,0.0,0.0,0.0
1.92,0.0,0.0,0.0,0.0
2.37,0.0,0.0,0.0,0.0
1.92,0.0,2.43,0.0,0.0
3.27,0.0,5.96,0.0,0.0
6.43,0.0,9.05,0.0,0.0
6.88,2.11,7.4,0.0,0.0
7.78,2.07,7.86,0.0,0.0
9.13,4.54,18.82,0.0,0.0
10.47,1.79,25.02,0.0,0.0
12.72,1.38,27.16,0.0,0.0
14.07,9.91,33.14,0.0,0.0
13.17,4.27,38.84,0.0,0.0
12.27,13.49,39.53,0.0,0.0
11.37,12.68,37.23,0.0,0.0
11.37,3.03,34.12,0.0,0.0
12.72,4.27,35.04,0.0,0.0
12.72,3.17,36.34,0.0,0.0
11.82,2.2,35.5,0.0,0.0
10.92,1.37,32.42,0.0,0.0
10.02,5.51,30.76,0.0,0.0
9.13,5.78,25.28,0.0,0.0
5.08,5.93,20.05,0.0,0.0
2.38,2.06,13.47,0.0,0.0
2.38,0.0,0.04,0.0,0.0
1.92,0.0,0.0,0.0,0.0
2.37,0.0,0.0,0.0,0.0
1.92,0.0,2.5,0.0,0.0
3.27,0.0,2.17,0.0,0.0
6.43,0.0,4.24,0.0,0.0
6.88,2.13,5.79,0.0,0.0
7.78,2.07,10.68,0.0,0.0
9.13,4.55,23.71,0.0,0.0
10.47,1.8,30.44,0.0,0.0
12.72,1.38,31.53,0.0,0.0
14.07,9.93,40.23,0.0,0.0
13.17,4.28,50.02,0.0,0.0
12.27,13.53,47.1,0.0,0.0
11.37,12.71,39.37,0.0,0.0
11.37,3.03,34.98,0.0,0.0
12.72,4.28,36.04,0.0,0.0
12.72,3.17,38.1,0.0,0.0
11.82,2.21,38.25,0.0,0.0
10.92,1.38,34.98,0.0,0.0
10.02,5.52,33.89,0.0,0.0
9.13,5.8,27.61,0.0,0.0
5.08,5.94,19.93,0.0,0.0
2.38,2.07,12.72,0.0,0.0
2.38,0.0,0.01,0.0,0.0
1.92,0.0,0.0,0.0,0.0
2.37,0.0,0.0,0.0,0.0
1.92,0.0,2.11,0.0,0.0
3.27,0.0,1.4,0.0,0.0
6.43,0.0,2.64,0.0,0.0
6.88,2.14,3.63,0.0,0.0
7.78,2.07,6.14,0.0,0.0
9.13,4.57,21.84,0.0,0.0
10.47,1.8,28.39,0.0,0.0
12.72,1.38,28.88,0.0,0.0
14.07,9.98,35.17,0.0,0.0
13.17,4.29,40.13,0.0,0.0
12.27,13.57,39.21,0.0,0.0
11.37,12.73,32.57,0.0,0.0
11.37,3.05,26.94,0.0,0.0
12.72,4.29,27.06,0.0,0.0
12.72,3.18,27.82,0.0,0.0
11.82,2.21,28.77,0.0,0.0
10.92,1.38,27.66,0.0,0.0
10.02,5.54,26.7,0.0,0.0
9.13,5.81,21.68,0.0,0.0
5.08,5.96,14.64,0.0,0.0
2.38,2.07,7.27,0.0,0.0
2.38,0.0,0.0,0.0,0.0
1.92,0.0,0.0,0.0,0.0
2.37,0.0,0.0,0.0,0.0
1.92,0.0,1.71,0.0,0.0
3.27,0.0,4.76,0.0,0.0
6.43,0.0,9.01,0.0,0.0
6.88,2.14,9.2,0.0,0.0
7.78,2.08,13.5,0.0,0.0
9.13,4.58,23.07,0.0,0.0
10.47,1.81,27.53,0.0,0.0
12.72,1.38,27.49,0.0,0.0
14.07,9.99,33.74,0.0,0.0
13.17,4.3,39.21,0.0,0.0
12.27,13.61,35.78,0.0,0.0
11.37,12.77,30.27,0.0,0.0
11.37,3.06,28.27,0.0,0.0
12.72,4.3,31.39,0.0,0.0
12.72,3.19,35.66,0.0,0.0
11.82,2.22,34.77,0.0,0.0
10.92,1.39,29.66,0.0,0.0
10.02,5.55,28.11,0.0,0.0
9.13,5.83,23.29,0.0,0.0
5.08,5.96,17.97,0.0,0.0
2.38,2.08,12.51,0.0,0.0
2.38,0.0,0.01,0.0,0.0
1.92,0.0,0.0,0.0,0.0
2.37,0.0,0.0,0.0,0.0
1.92,0.0,2.82,0.0,0.0
3.27,0.0,2.34,0.0,0.0
6.41,0.0,3.49,0.0,0.0
6.88,0.0,3.7,0.0,0.0
7.78,2.14,5.75,0.0,0.0
9.13,2.09,9.37,0.0,0.0
10.47,2.08,9.95,0.0,0.0
12.72,1.39,12.44,0.0,0.0
14.07,10.02,15.25,0.0,0.0
13.17,8.35,17.49,0.0,0.0
12.27,13.64,20.76,0.0,0.0
11.37,12.8,22.53,0.0,0.0
11.37,3.48,23.27,0.0,0.0
12.72,3.48,25.04,0.0,0.0
12.72,3.2,24.97,0.0,0.0
11.82,2.23,22.77,0.0,0.0
10.92,1.39,19.82,0.0,0.0
10.02,5.56,16.95,0.0,0.0
9.13,5.84,12.61,0.0,0.0
5.08,5.98,6.73,0.0,0.0
2.38,0.0,3.5,0.0,0.0
2.38,0.0,0.0,0.0,0.0
1.92,0.0,0.0,0.0,0.0
2.37,0.0,0.0,0.0,0.0
1.92,0.0,0.41,0.0,0.0
3.27,0.0,0.15,0.0,0.0
6.41,0.0,0.25,0.0,0.0
6.88,0.0,0.0,0.0,0.0
7.78,2.15,0.54,0.0,0.0
9.13,2.12,2.74,0.0,0.0
10.47,2.09,4.63,0.0,0.0
12.72,1.4,7.75,0.0,0.0
14.07,10.04,12.7,0.0,0.0
13.17,8.37,15.88,0.0,0.0
12.27,13.67,18.92,0.0,0.0
11.37,12.83,19.23,0.0,0.0
11.37,3.49,19.02,0.0,0.0
12.72,3.49,19.37,0.0,0.0
12.72,3.21,18.4,0.0,0.0
11.82,2.23,14.31,0.0,0.0
10.92,1.39,7.93,0.0,0.0
10.02,5.58,6.23,0.0,0.0
9.13,5.86,5.89,0.0,0.0
5.08,5.99,3.74,0.0,0.0
2.38,0.0,2.21,0.0,0.0
2.38,0.0,0.0,0.0,0.0
1.92,0.0,0.0,0.0,0.0
2.37,0.0,0.0,0.0,0.0
1.92,0.0,0.54,0.0,0.0
3.27,0.0,0.18,0.0,0.0
6.43,0.0,0.16,0.0,0.0
6.88,2.16,0.0,0.0,0.0
7.78,2.11,0.55,0.0,0.0
9.13,4.61,4.54,0.0,0.0
10.47,1.82,8.68,0.0,0.0
12.72,1.4,16.52,0.0,0.0
14.07,10.06,22.75,0.0,0.0
13.17,4.33,26.8,0.0,0.0
12.27,13.71,26.82,0.0,0.0
11.37,12.87,25.93,0.0,0.0
11.37,3.08,22.94,0.0,0.0
12.72,4.33,23.22,0.0,0.0
12.72,3.22,23.82,0.0,0.0
11.82,2.24,22.76,0.0,0.0
10.92,1.4,19.28,0.0,0.0
10.02,5.59,16.4,0.0,0.0
9.13,5.87,11.79,0.0,0.0
5.08,6.01,6.84,0.0,0.0
2.38,2.1,4.28,0.0,0.0
2.38,0.0,0.0,0.0,0.0
1.92,0.0,0.0,0.0,0.0
2.37,0.0,0.0,0.0,0.0
1.92,0.0,1.3,0.0,0.0
3.27,0.0,4.01,0.0,0.0
6.43,0.0,6.57,0.0,0.0
6.88,2.15,6.05,0.0,0.0
7.78,2.1,5.66,0.0,0.0
9.13,4.62,13.07,0.0,0.0
10.47,1.83,19.81,0.0,0.0
12.72,1.4,24.05,0.0,0.0
14.07,10.09,34.48,0.0,0.0
13.17,4.35,43.5,0.0,0.0
12.27,13.75,44.49,0.0,0.0
11.37,12.9,41.27,0.0,0.0
11.37,3.09,37.73,0.0,0.0
12.72,4.35,39.57,0.0,0.0
12.72,3.22,41.77,0.0,0.0
11.82,2.24,40.94,0.0,0.0
10.92,1.4,37.11,0.0,0.0
10.02,5.61,35.3,0.0,0.0
9.13,5.88,24.5,0.0,0.0
5.08,6.03,15.33,0.0,0.0
2.38,2.1,8.63,0.0,0.0
2.38,0.0,0.0,0.0,0.0
1.92,0.0,0.0,0.0,0.0
2.37,0.0,0.0,0.0,0.0
1.92,0.0,0.62,0.0,0.0
3.27,0.0,0.15,0.0,0.0
6.43,0.0,0.14,0.0,0.0
6.88,2.17,0.0,0.0,0.0
7.78,2.11,1.08,0.0,0.0
9.13,4.64,7.12,0.0,0.0
10.47,1.83,15.07,0.0,0.0
12.72,1.4,17.16,0.0,0.0
14.07,10.12,21.2,0.0,0.0
13.17,4.36,25.76,0.0,0.0
12.27,13.79,26.19,0.0,0.0
11.37,12.93,23.51,0.0,0.0
11.37,3.09,21.85,0.0,0.0
12.72,4.36,22.98,0.0,0.0
12.72,3.23,23.39,0.0,0.0
11.82,2.25,21.39,0.0,0.0
10.92,1.41,18.82,0.0,0.0
10.02,5.62,18.81,0.0,0.0
9.13,5.91,11.88,0.0,0.0
5.08,6.05,5.39,0.0,0.0
2.38,2.11,2.91,0.0,0.0
2.38,0.0,0.0,0.0,0.0
1.92,0.0,0.0,0.0,0.0
2.37,0.0,0.0,0.0,0.0
1.92,0.0,0.54,0.0,0.0
3.27,0.0,0.13,0.0,0.0
6.43,0.0,0.1,0.0,0.0
6.88,2.17,0.0,0.0,0.0
7.78,2.11,0.09,0.0,0.0
9.13,4.65,4.36,0.0,0.0
10.47,1.83,16.34,0.0,0.0
12.72,1.41,21.79,0.0,0.0
14.07,10.14,28.68,0.0,0.0
13.17,4.37,34.54,0.0,0.0
12.27,13.82,34.51,0.0,0.0
11.37,12.98,29.93,0.0,0.0
11.37,3.1,25.2,0.0,0.0
12.72,4.37,24.19,0.0,0.0
12.72,3.24,24.69,0.0,0.0
11.82,2.26,25.33,0.0,0.0
10.92,1.41,22.73,0.0,0.0
10.02,5.64,20.05,0.0,0.0
9.13,5.92,13.71,0.0,0.0
5.08,6.06,6.85,0.0,0.0
2.38,2.11,4.09,0.0,0.0
2.38,0.0,0.0,0.0,0.0
1.92,0.0,0.0,0.0,0.0
2.37,0.0,0.0,0.0,0.0
1.92,0.0,0.78,0.0,0.0
3.27,0.0,1.96,0.0,0.0
6.43,0.0,2.59,0.0,0.0
6.88,2.18,1.45,0.0,0.0
7.78,2.12,0.84,0.0,0.0
9.13,4.66,7.99,0.0,0.0
10.47,1.84,18.95,0.0,0.0
12.72,1.41,21.68,0.0,0.0
14.07,10.18,27.21,0.0,0.0
13.17,4.38,32.53,0.0,0.0
12.27,13.85,33.98,0.0,0.0
11.37,13.0,31.54,0.0,0.0
11.37,3.11,28.64,0.0,0.0
12.72,4.38,30.08,0.0,0.0
12.72,3.25,30.9,0.0,0.0
11.82,2.26,31.02,0.0,0.0
10.92,1.42,28.33,0.0,0.0
10.02,5.65,25.71,0.0,0.0
9.13,5.94,19.23,0.0,0.0
5.08,6.07,14.51,0.0,0.0
2.38,2.12,11.47,0.0,0.0
2.38,0.0,0.01,0.0,0.0
1.92,0.0,0.0,0.0,0.0
2.37,0.0,0.0,0.0,0.0
1.92,0.0,1.06,0.0,0.0
3.27,0.0,0.44,0.0,0.0
6.41,0.0,0.82,0.0,0.0
6.88,0.0,0.58,0.0,0.0
7.78,2.18,1.37,0.0,0.0
9.13,2.12,2.59,0.0,0.0
10.47,2.12,4.03,0.0,0.0
12.72,1.42,5.7,0.0,0.0
14.07,10.2,9.87,0.0,0.0
13.17,8.51,12.03,0.0,0.0
12.27,13.88,13.33,0.0,0.0
11.37,13.04,14.89,0.0,0.0
11.37,3.55,14.6,0.0,0.0
12.72,3.54,12.97,0.0,0.0
12.72,3.26,10.92,0.0,0.0
11.82,2.27,10.6,0.0,0.0
10.92,1.41,10.04,0.0,0.0
10.02,5.67,8.05,0.0,0.0
9.13,5.96,6.58,0.0,0.0
5.08,6.09,4.43,0.0,0.0
2.38,0.0,2.47,0.0,0.0
2.38,0.0,0.0,0.0,0.0
1.92,0.0,0.0,0.0,0.0
2.37,0.0,0.0,0.0,0.0
1.92,0.0,0.39,0.0,0.0
3.27,0.0,0.13,0.0,0.0
6.41,0.0,0.19,0.0,0.0
6.88,0.0,0.0,0.0,0.0
7.78,2.19,0.0,0.0,0.0
9.13,2.13,0.3,0.0,0.0
10.47,2.13,1.7,0.0,0.0
12.72,1.42,3.5,0.0,0.0
14.07,10.24,4.85,0.0,0.0
13.17,8.53,6.4,0.0,0.0
12.27,13.92,8.19,0.0,0.0
11.37,13.07,9.98,0.0,0.0
11.37,3.55,10.84,0.0,0.0
12.72,3.55,10.9,0.0,0.0
12.72,3.27,8.81,0.0,0.0
11.82,2.27,5.58,0.0,0.0
10.92,1.42,4.91,0.0,0.0
10.02,5.68,4.92,0.0,0.0
9.13,5.97,4.76,0.0,0.0
5.08,6.11,3.1,0.0,0.0
2.38,0.0,1.6,0.0,0.0
2.38,0.0,0.0,0.0,0.0
1.92,0.0,0.0,0.0,0.0
2.37,0.0,0.0,0.0,0.0
1.92,0.0,0.3,0.0,0.0
3.27,0.0,0.11,0.0,0.0
6.43,0.0,0.21,0.0,0.0
6.88,2.19,0.0,0.0,0.0
7.78,2.13,0.0,0.0,0.0
9.13,4.7,1.87,0.0,0.0
10.47,1.85,3.57,0.0,0.0
12.72,1.43,6.82,0.0,0.0
14.07,10.25,13.85,0.0,0.0
13.17,4.41,18.07,0.0,0.0
12.27,13.97,18.05,0.0,0.0
11.37,13.11,16.77,0.0,0.0
11.37,3.14,15.5,0.0,0.0
12.72,4.41,13.93,0.0,0.0
12.72,3.28,9.66,0.0,0.0
11.82,2.28,6.83,0.0,0.0
10.92,1.42,6.72,0.0,0.0
10.02,5.7,6.51,0.0,0.0
9.13,5.99,6.41,0.0,0.0
5.08,6.12,4.49,0.0,0.0
2.38,2.14,2.65,0.0,0.0
2.38,0.0,0.0,0.0,0.0
1.92,0.0,0.0,0.0,0.0
2.37,0.0,0.0,0.0,0.0
1.92,0.0,0.64,0.0,0.0
3.27,0.0,1.9,0.0,0.0
6.43,0.0,2.97,0.0,0.0
6.88,2.19,1.76,0.0,0.0
7.78,2.14,0.83,0.0,0.0
9.13,4.71,3.92,0.0,0.0
10.47,1.86,8.27,0.0,0.0
12.72,1.43,17.67,0.0,0.0
14.07,10.28,25.63,0.0,0.0
13.17,4.43,31.54,0.0,0.0
12.27,14.0,29.13,0.0,0.0
11.37,13.14,24.94,0.0,0.0
11.37,3.14,21.08,0.0,0.0
12.72,4.42,20.51,0.0,0.0
12.72,3.28,21.79,0.0,0.0
11.82,2.28,18.49,0.0,0.0
10.92,1.43,14.12,0.0,0.0
10.02,5.71,11.88,0.0,0.0
9.13,6.0,9.33,0.0,0.0
5.08,6.13,6.92,0.0,0.0
2.38,2.14,4.71,0.0,0.0
2.38,0.0,0.0,0.0,0.0
1.92,0.0,0.0,0.0,0.0
2.37,0.0,0.0,0.0,0.0
1.92,0.0,1.23,0.0,0.0
3.27,0.0,0.71,0.0,0.0
6.43,0.0,1.55,0.0,0.0
6.88,2.21,2.24,0.0,0.0
7.78,2.15,2.88,0.0,0.0
9.13,4.73,6.83,0.0,0.0
10.47,1.85,16.55,0.0,0.0
12.72,1.44,22.17,0.0,0.0
14.07,10.31,29.63,0.0,0.0
13.17,4.44,34.93,0.0,0.0
12.27,14.03,34.55,0.0,0.0
11.37,13.18,31.05,0.0,0.0
11.37,3.15,26.88,0.0,0.0
12.72,4.44,26.08,0.0,0.0
12.72,3.29,26.89,0.0,0.0
11.82,2.29,26.59,0.0,0.0
10.92,1.43,24.07,0.0,0.0
10.02,5.72,21.35,0.0,0.0
9.13,6.01,16.65,0.0,0.0
5.08,6.16,10.6,0.0,0.0
2.38,2.15,6.94,0.0,0.0
2.38,0.0,0.0,0.0,0.0
1.92,0.0,0.0,0.0,0.0
2.37,0.0,0.0,0.0,0.0
1.92,0.0,1.99,0.0,0.0
3.27,0.0,1.41,0.0,0.0
6.43,0.0,2.87,0.0,0.0
6.88,2.21,4.36,0.0,0.0
7.78,2.15,4.97,0.0,0.0
9.13,4.74,7.91,0.0,0.0
10.47,1.86,16.59,0.0,0.0
12.72,1.44,23.42,0.0,0.0
14.07,10.33,32.06,0.0,0.0
13.17,4.45,39.4,0.0,0.0
12.27,14.08,38.99,0.0,0.0
11.37,13.21,33.16,0.0,0.0
11.37,3.16,29.54,0.0,0.0
12.72,4.45,30.4,0.0,0.0
12.72,3.3,31.43,0.0,0.0
11.82,2.29,32.99,0.0,0.0
10.92,1.44,31.84,0.0,0.0
10.02,5.74,30.72,0.0,0.0
9.13,6.03,26.37,0.0,0.0
5.08,6.17,20.16,0.0,0.0
2.38,2.15,13.41,0.0,0.0
2.38,0.0,0.01,0.0,0.0
1.92,0.0,0.0,0.0,0.0
2.37,0.0,0.0,0.0,0.0
1.92,0.0,3.0,0.0,0.0
3.27,0.0,6.9,0.0,0.0
6.43,0.0,10.26,0.0,0.0
6.88,2.22,10.2,0.0,0.0
7.78,2.16,13.39,0.0,0.0
9.13,4.75,20.21,0.0,0.0
10.47,1.86,25.73,0.0,0.0
12.72,1.44,28.46,0.0,0.0
14.07,10.36,35.93,0.0,0.0
13.17,4.46,41.12,0.0,0.0
12.27,14.11,39.92,0.0,0.0
11.37,13.25,35.08,0.0,0.0
11.37,3.17,30.53,0.0,0.0
12.72,4.46,30.29,0.0,0.0
12.72,3.31,31.48,0.0,0.0
11.82,2.3,32.99,0.0,0.0
10.92,1.43,31.64,0.0,0.0
10.02,5.75,30.5,0.0,0.0
9.13,6.05,25.55,0.0,0.0
5.08,6.19,19.65,0.0,0.0
2.38,2.16,14.21,0.0,0.0
2.38,0.0,0.06,0.0,0.0
1.92,0.0,0.0,0.0,0.0
2.37,0.0,0.0,0.0,0.0
1.92,0.0,3.09,0.0,0.0
3.27,0.0,3.19,0.0,0.0
6.41,0.0,7.43,0.0,0.0
6.88,0.0,11.1,0.0,0.0
7.78,2.22,18.57,0.0,0.0
9.13,2.16,22.46,0.0,0.0
10.47,2.16,26.1,0.0,0.0
12.72,1.44,28.55,0.0,0.0
14.07,10.38,35.21,0.0,0.0
13.17,8.66,36.72,0.0,0.0
12.27,14.14,36.47,0.0,0.0
11.37,13.29,34.11,0.0,0.0
11.37,3.61,30.8,0.0,0.0
12.72,3.6,28.88,0.0,0.0
12.72,3.32,28.11,0.0,0.0
11.82,2.31,32.62,0.0,0.0
10.92,1.45,34.0,0.0,0.0
10.02,5.77,30.32,0.0,0.0
9.13,6.06,27.93,0.0,0.0
5.08,6.2,23.18,0.0,0.0
2.38,0.0,16.76,0.0,0.0
2.38,0.0,0.12,0.0,0.0
1.92,0.0,0.0,0.0,0.0
2.37,0.0,0.0,0.0,0.0
1.92,0.0,3.73,0.0,0.0
3.27,0.0,2.87,0.0,0.0
6.41,0.0,7.07,0.0,0.0
6.88,0.0,6.87,0.0,0.0
7.78,2.23,9.44,0.0,0.0
9.13,2.19,9.71,0.0,0.0
10.47,2.17,16.21,0.0,0.0
12.72,1.44,23.48,0.0,0.0
14.07,10.42,26.46,0.0,0.0
13.17,8.68,29.68,0.0,0.0
12.27,14.19,29.17,0.0,0.0
11.37,13.31,26.44,0.0,0.0
11.37,3.61,24.6,0.0,0.0
12.72,3.62,25.66,0.0,0.0
12.72,3.33,27.67,0.0,0.0
11.82,2.31,30.0,0.0,0.0
10.92,1.44,31.17,0.0,0.0
10.02,5.79,31.03,0.0,0.0
9.13,6.08,27.31,0.0,0.0
5.08,6.21,20.8,0.0,0.0
2.38,0.0,17.56,0.0,0.0
2.38,0.0,0.19,0.0,0.0
1.92,0.0,0.0,0.0,0.0
2.37,0.0,0.0,0.0,0.0
1.92,0.0,3.56,0.0,0.0
3.27,0.0,2.9,0.0,0.0
6.43,0.0,4.49,0.0,0.0
6.88,2.23,5.62,0.0,0.0
7.78,2.17,5.91,0.0,0.0
9.13,4.78,7.99,0.0,0.0
10.47,1.89,12.84,0.0,0.0
12.72,1.45,19.55,0.0,0.0
14.07,10.45,23.65,0.0,0.0
13.17,4.5,26.85,0.0,0.0
12.27,14.22,25.16,0.0,0.0
11.37,13.35,19.82,0.0,0.0
11.37,3.19,14.12,0.0,0.0
12.72,4.5,17.88,0.0,0.0
12.72,3.34,21.53,0.0,0.0
11.82,2.32,23.6,0.0,0.0
10.92,1.45,23.32,0.0,0.0
10.02,5.8,23.07,0.0,0.0
9.13,6.09,19.89,0.0,0.0
5.08,6.24,12.89,0.0,0.0
2.38,2.17,7.54,0.0,0.0
2.38,0.0,0.0,0.0,0.0
1.92,0.0,0.0,0.0,0.0
2.37,0.0,0.0,0.0,0.0
1.92,0.0,2.11,0.0,0.0
3.27,0.0,5.62,0.0,0.0
6.43,0.0,8.68,0.0,0.0
6.88,2.24,7.43,0.0,0.0
7.78,2.18,5.95,0.0,0.0
9.13,4.8,8.36,0.0,0.0
10.47,1.89,8.82,0.0,0.0
12.72,1.45,10.48,0.0,0.0
14.07,10.47,14.4,0.0,0.0
13.17,4.51,19.32,0.0,0.0
12.27,14.26,21.46,0.0,0.0
11.37,13.38,20.53,0.0,0.0
11.37,3.2,18.29,0.0,0.0
12.72,4.51,16.77,0.0,0.0
12.72,3.34,15.03,0.0,0.0
11.82,2.33,13.15,0.0,0.0
10.92,1.45,10.45,0.0,0.0
10.02,5.81,9.2,0.0,0.0
9.13,6.11,9.37,0.0,0.0
5.08,6.26,7.37,0.0,0.0
2.38,2.18,5.45,0.0,0.0
2.38,0.0,0.0,0.0,0.0
1.92,0.0,0.0,0.0,0.0
2.37,0.0,0.0,0.0,0.0
1.92,0.0,1.25,0.0,0.0
3.27,0.0,0.51,0.0,0.0
6.43,0.0,0.76,0.0,0.0
6.88,2.24,0.76,0.0,0.0
7.78,2.19,1.1,0.0,0.0
9.13,4.81,4.19,0.0,0.0
10.47,1.9,8.1,0.0,0.0
12.72,1.45,18.21,0.0,0.0
14.07,10.5,26.68,0.0,0.0
13.17,4.52,31.47,0.0,0.0
12.27,14.29,31.48,0.0,0.0
11.37,13.42,29.26,0.0,0.0
11.37,3.21,26.59,0.0,0.0
12.72,4.52,26.71,0.0,0.0
12.72,3.35,26.74,0.0,0.0
11.82,2.33,26.03,0.0,0.0
10.92,1.46,23.32,0.0,0.0
10.02,5.83,19.43,0.0,0.0
9.13,6.12,14.49,0.0,0.0
5.08,6.27,9.42,0.0,0.0
2.38,2.19,6.97,0.0,0.0
2.38,0.0,0.0,0.0,0.0
1.92,0.0,0.0,0.0,0.0
2.37,0.0,0.0,0.0,0.0
1.92,0.0,2.41,0.0,0.0
3.27,0.0,2.0,0.0,0.0
6.43,0.0,3.74,0.0,0.0
6.88,2.24,4.91,0.0,0.0
7.78,2.19,5.2,0.0,0.0
9.13,4.82,8.16,0.0,0.0
10.47,1.9,13.51,0.0,0.0
12.72,1.46,19.11,0.0,0.0
14.07,10.53,25.7,0.0,0.0
13.17,4.53,29.98,0.0,0.0
12.27,14.32,30.67,0.0,0.0
11.37,13.46,27.96,0.0,0.0
11.37,3.21,23.42,0.0,0.0
12.72,4.53,22.52,0.0,0.0
12.72,3.36,21.45,0.0,0.0
11.82,2.34,19.36,0.0,0.0
10.92,1.46,15.95,0.0,0.0
10.02,5.84,13.57,0.0,0.0
9.13,6.14,9.23,0.0,0.0
5.08,6.29,6.22,0.0,0.0
2.38,2.19,3.38,0.0,0.0
2.38,0.0,0.0,0.0,0.0
1.92,0.0,0.0,0.0,0.0
2.37,0.0,0.0,0.0,0.0
1.92,0.0,0.73,0.0,0.0
3.27,0.0,1.79,0.0,0.0
6.43,0.0,3.58,0.0,0.0
6.88,2.24,3.17,0.0,0.0
7.78,2.2,2.66,0.0,0.0
9.13,4.83,6.43,0.0,0.0
10.47,1.91,15.24,0.0,0.0
12.72,1.46,19.98,0.0,0.0
14.07,10.56,25.41,0.0,0.0
13.17,4.54,29.18,0.0,0.0
12.27,14.37,28.71,0.0,0.0
11.37,13.49,25.71,0.0,0.0
11.37,3.23,22.49,0.0,0.0
12.72,4.54,22.07,0.0,0.0
12.72,3.37,22.15,0.0,0.0
11.82,2.34,21.44,0.0,0.0
10.92,1.47,19.62,0.0,0.0
10.02,5.86,18.97,0.0,0.0
9.13,6.15,15.48,0.0,0.0
5.08,6.31,10.66,0.0,0.0
2.38,2.2,6.49,0.0,0.0
2.38,0.0,0.0,0.0,0.0
1.92,0.0,0.0,0.0,0.0
2.37,0.0,0.0,0.0,0.0
1.92,0.0,2.49,0.0,0.0
3.27,0.0,2.66,0.0,0.0
6.41,0.0,7.34,0.0,0.0
6.88,0.0,9.05,0.0,0.0
7.78,2.27,16.46,0.0,0.0
9.13,2.2,20.71,0.0,0.0
10.47,2.2,24.7,0.0,0.0
12.72,1.47,27.0,0.0,0.0
14.07,10.57,34.16,0.0,0.0
13.17,8.82,39.42,0.0,0.0
12.27,14.4,42.24,0.0,0.0
11.37,13.53,40.31,0.0,0.0
11.37,3.67,39.31,0.0,0.0
12.72,3.67,26.54,0.0,0.0
12.72,3.38,10.83,0.0,0.0
11.82,2.35,10.67,0.0,0.0
10.92,1.47,14.04,0.0,0.0
10.02,5.87,13.92,0.0,0.0
9.13,6.17,12.26,0.0,0.0
5.08,6.32,8.05,0.0,0.0
2.38,0.0,4.82,0.0,0.0
2.38,0.0,0.0,0.0,0.0
1.92,0.0,0.0,0.0,0.0
2.37,0.0,0.0,0.0,0.0
1.92,0.0,1.44,0.0,0.0
3.27,0.0,0.83,0.0,0.0
6.41,0.0,1.93,0.0,0.0
6.88,0.0,2.3,0.0,0.0
7.78,2.27,3.11,0.0,0.0
9.13,2.21,4.02,0.0,0.0
10.47,2.21,5.48,0.0,0.0
12.72,1.47,7.29,0.0,0.0
14.07,10.6,8.91,0.0,0.0
13.17,8.84,9.87,0.0,0.0
12.27,14.45,10.29,0.0,0.0
11.37,13.56,10.54,0.0,0.0
11.37,3.68,10.94,0.0,0.0
12.72,3.68,10.88,0.0,0.0
12.72,3.39,10.41,0.0,0.0
11.82,2.35,10.38,0.0,0.0
10.92,1.47,10.4,0.0,0.0
10.02,5.9,10.17,0.0,0.0
9.13,6.18,9.68,0.0,0.0
5.08,6.34,6.09,0.0,0.0
2.38,0.0,3.75,0.0,0.0
2.38,0.0,0.0,0.0,0.0
1.92,0.0,0.0,0.0,0.0
2.37,0.0,0.0,0.0,0.0
1.92,0.0,1.22,0.0,0.0
3.27,0.0,0.79,0.0,0.0
6.43,0.0,2.12,0.0,0.0
6.88,2.28,3.87,0.0,0.0
7.78,2.22,4.39,0.0,0.0
9.13,4.88,6.84,0.0,0.0
10.47,1.92,7.48,0.0,0.0
12.72,1.48,9.54,0.0,0.0
14.07,10.63,15.52,0.0,0.0
13.17,4.58,21.06,0.0,0.0
12.27,14.48,21.09,0.0,0.0
11.37,13.59,21.26,0.0,0.0
11.37,3.25,22.01,0.0,0.0
12.72,4.58,23.12,0.0,0.0
12.72,3.4,22.82,0.0,0.0
11.82,2.36,18.51,0.0,0.0
10.92,1.47,13.91,0.0,0.0
10.02,5.9,10.51,0.0,0.0
9.13,6.21,10.26,0.0,0.0
5.08,6.34,7.82,0.0,0.0
2.38,2.21,5.79,0.0,0.0
2.38,0.0,0.0,0.0,0.0
2.38,0.0,0.0,0.0,0.0
1.92,0.0,0.0,0.0,0.0
2.37,0.0,0.0,0.0,0.0
1.92,0.0,1.34,0.0,0.0
3.27,0.0,4.25,0.0,0.0
6.43,0.0,6.78,0.0,0.0
6.88,2.28,5.64,0.0,0.0
7.78,2.23,4.78,0.0,0.0
9.13,4.89,6.99,0.0,0.0
10.47,1.92,10.0,0.0,0.0
12.72,1.49,17.38,0.0,0.0
14.07,10.66,24.21,0.0,0.0
13.17,4.59,28.38,0.0,0.0
12.27,14.52,27.31,0.0,0.0
11.37,13.62,23.62,0.0,0.0
11.37,3.26,21.14,0.0,0.0
12.72,4.59,19.43,0.0,0.0
12.72,3.41,13.9,0.0,0.0
11.82,2.37,12.18,0.0,0.0
10.92,1.48,11.59,0.0,0.0
10.02,5.92,11.0,0.0,0.0
9.13,6.22,9.45,0.0,0.0
5.08,6.36,6.74,0.0,0.0
2.38,2.22,5.01,0.0,0.0
2.38,0.0,0.0,0.0,0.0
1.92,0.0,0.0,0.0,0.0
2.37,0.0,0.0,0.0,0.0
1.92,0.0,0.87,0.0,0.0
3.27,0.0,0.27,0.0,0.0
6.43,0.0,0.25,0.0,0.0
6.88,2.29,1.43,0.0,0.0
7.78,2.23,6.38,0.0,0.0
9.13,4.9,18.1,0.0,0.0
10.47,1.93,22.43,0.0,0.0
12.72,1.48,23.26,0.0,0.0
14.07,10.69,28.02,0.0,0.0
13.17,4.6,31.59,0.0,0.0
12.27,14.55,29.9,0.0,0.0
11.37,13.66,25.66,0.0,0.0
11.37,3.26,22.24,0.0,0.0
12.72,4.6,20.84,0.0,0.0
12.72,3.41,20.18,0.0,0.0
11.82,2.37,19.14,0.0,0.0
10.92,1.48,15.01,0.0,0.0
10.02,5.94,13.25,0.0,0.0
9.13,6.24,10.22,0.0,0.0
5.08,6.38,6.74,0.0,0.0
2.38,2.23,3.83,0.0,0.0
2.38,0.0,0.0,0.0,0.0
1.92,0.0,0.0,0.0,0.0
2.37,0.0,0.0,0.0,0.0
1.92,0.0,0.9,0.0,0.0
3.27,0.0,0.65,0.0,0.0
6.43,0.0,3.3,0.0,0.0
6.88,2.29,5.92,0.0,0.0
7.78,2.23,16.17,0.0,0.0
9.13,4.91,26.25,0.0,0.0
10.47,1.94,31.38,0.0,0.0
12.72,1.48,33.53,0.0,0.0
14.07,10.71,40.89,0.0,0.0
13.17,4.61,46.81,0.0,0.0
12.27,14.58,45.27,0.0,0.0
11.37,13.7,39.55,0.0,0.0
11.37,3.27,34.89,0.0,0.0
12.72,4.62,34.45,0.0,0.0
12.72,3.42,36.04,0.0,0.0
11.82,2.38,39.56,0.0,0.0
10.92,1.48,38.88,0.0,0.0
10.02,5.95,37.64,0.0,0.0
9.13,6.25,33.1,0.0,0.0
5.08,6.4,26.6,0.0,0.0
2.38,2.23,18.89,0.0,0.0
2.38,0.0,0.13,0.0,0.0
1.92,0.0,0.0,0.0,0.0
2.37,0.0,0.0,0.0,0.0
1.92,0.0,3.72,0.0,0.0
3.27,0.0,8.18,0.0,0.0
6.43,0.0,15.43,0.0,0.0
6.88,2.29,17.17,0.0,0.0
7.78,2.24,22.78,0.0,0.0
9.13,4.92,31.19,0.0,0.0
10.47,1.94,36.49,0.0,0.0
12.72,1.49,34.62,0.0,0.0
14.07,10.75,41.67,0.0,0.0
13.17,4.62,47.09,0.0,0.0
12.27,14.62,41.47,0.0,0.0
11.37,13.74,37.55,0.0,0.0
11.37,3.28,35.74,0.0,0.0
12.72,4.62,35.15,0.0,0.0
12.72,3.43,35.26,0.0,0.0
11.82,2.38,37.52,0.0,0.0
10.92,1.5,36.86,0.0,0.0
10.02,5.97,36.09,0.0,0.0
9.13,6.26,29.61,0.0,0.0
5.08,6.42,22.41,0.0,0.0
2.38,2.24,17.13,0.0,0.0
2.38,0.0,0.07,0.0,0.0
1.92,0.0,0.0,0.0,0.0
2.37,0.0,0.0,0.0,0.0
1.92,0.0,3.52,0.0,0.0
3.27,0.0,3.98,0.0,0.0
6.41,0.0,11.87,0.0,0.0
6.88,0.0,13.73,0.0,0.0
7.78,2.3,22.55,0.0,0.0
9.13,2.24,26.08,0.0,0.0
10.47,2.24,28.88,0.0,0.0
12.72,1.49,28.62,0.0,0.0
14.07,10.77,33.17,0.0,0.0
13.17,8.97,34.95,0.0,0.0
12.27,14.66,33.77,0.0,0.0
11.37,13.76,29.3,0.0,0.0
11.37,3.74,26.53,0.0,0.0
12.72,3.73,24.27,0.0,0.0
12.72,3.44,16.08,0.0,0.0
11.82,2.39,10.37,0.0,0.0
10.92,1.49,9.24,0.0,0.0
10.02,5.98,8.32,0.0,0.0
9.13,6.29,7.64,0.0,0.0
5.08,6.43,4.0,0.0,0.0
2.38,0.0,2.02,0.0,0.0
2.38,0.0,0.0,0.0,0.0
1.92,0.0,0.0,0.0,0.0
2.37,0.0,0.0,0.0,0.0
1.92,0.0,0.55,0.0,0.0
3.27,0.0,0.28,0.0,0.0
6.41,0.0,0.26,0.0,0.0
6.88,0.0,0.0,0.0,0.0
7.78,2.31,0.0,0.0,0.0
9.13,2.25,0.0,0.0,0.0
10.47,2.25,0.0,0.0,0.0
12.72,1.49,0.97,0.0,0.0
14.07,10.8,3.48,0.0,0.0
13.17,9.0,5.01,0.0,0.0
12.27,14.7,5.46,0.0,0.0
11.37,13.79,5.46,0.0,0.0
11.37,3.75,5.53,0.0,0.0
12.72,3.74,5.57,0.0,0.0
12.72,3.45,5.36,0.0,0.0
11.82,2.4,4.88,0.0,0.0
10.92,1.5,4.51,0.0,0.0
10.02,5.99,4.36,0.0,0.0
9.13,6.3,3.77,0.0,0.0
5.08,6.44,0.88,0.0,0.0
2.38,0.0,0.37,0.0,0.0
2.38,0.0,0.0,0.0,0.0
1.92,0.0,0.0,0.0,0.0
2.37,0.0,0.0,0.0,0.0
1.92,0.0,0.24,0.0,0.0
3.27,0.0,0.0,0.0,0.0
6.43,0.0,0.09,0.0,0.0
6.88,2.32,0.0,0.0,0.0
7.78,2.26,0.0,0.0,0.0
9.13,4.96,0.0,0.0,0.0
10.47,1.95,0.12,0.0,0.0
12.72,1.5,1.45,0.0,0.0
14.07,10.82,3.6,0.0,0.0
13.17,4.66,4.72,0.0,0.0
12.27,14.73,5.57,0.0,0.0
11.37,13.83,6.39,0.0,0.0
11.37,3.31,6.97,0.0,0.0
12.72,4.66,6.75,0.0,0.0
12.72,3.46,6.42,0.0,0.0
11.82,2.4,6.36,0.0,0.0
10.92,1.5,5.83,0.0,0.0
10.02,6.01,4.78,0.0,0.0
9.13,6.3,4.07,0.0,0.0
5.08,6.47,0.58,0.0,0.0
2.38,2.25,0.69,0.0,0.0
2.38,0.0,0.0,0.0,0.0
1.92,0.0,0.0,0.0,0.0
2.37,0.0,0.0,0.0,0.0
1.92,0.0,0.16,0.0,0.0
3.27,0.0,0.21,0.0,0.0
6.43,0.0,0.65,0.0,0.0
6.88,2.3,0.08,0.0,0.0
7.78,2.26,0.0,0.0,0.0
9.13,4.97,0.98,0.0,0.0
10.47,1.95,2.01,0.0,0.0
12.72,1.51,4.69,0.0,0.0
14.07,10.84,6.54,0.0,0.0
13.17,4.67,6.88,0.0,0.0
12.27,14.77,7.78,0.0,0.0
11.37,13.86,10.68,0.0,0.0
11.37,3.31,8.76,0.0,0.0
12.72,4.67,7.13,0.0,0.0
12.72,3.47,6.58,0.0,0.0
11.82,2.41,6.17,0.0,0.0
10.92,1.51,5.67,0.0,0.0
10.02,6.03,4.97,0.0,0.0
9.13,6.32,4.29,0.0,0.0
5.08,6.49,1.26,0.0,0.0
2.38,2.26,0.89,0.0,0.0
2.38,0.0,0.0,0.0,0.0
1.92,0.0,0.0,0.0,0.0
2.37,0.0,0.0,0.0,0.0
1.92,0.0,0.2,0.0,0.0
3.27,0.0,0.0,0.0,0.0
6.41,0.0,0.1,0.0,0.0
6.88,0.0,0.0,0.0,0.0
7.78,2.32,0.8,0.0,0.0
9.13,2.26,4.09,0.0,0.0
10.47,2.26,10.68,0.0,0.0
12.72,1.5,20.44,0.0,0.0
14.07,10.88,24.8,0.0,0.0
13.17,9.06,28.72,0.0,0.0
12.27,14.8,28.87,0.0,0.0
11.37,13.9,25.79,0.0,0.0
11.37,3.78,23.07,0.0,0.0
12.72,3.77,20.87,0.0,0.0
12.72,3.48,18.09,0.0,0.0
11.82,2.42,15.49,0.0,0.0
10.92,1.5,12.55,0.0,0.0
10.02,6.04,9.83,0.0,0.0
9.13,6.35,9.51,0.0,0.0
5.08,6.49,5.92,0.0,0.0
2.38,0.0,3.25,0.0,0.0
2.38,0.0,0.0,0.0,0.0
1.92,0.0,0.0,0.0,0.0
2.37,0.0,0.0,0.0,0.0
1.92,0.0,1.34,0.0,0.0
3.27,0.0,1.0,0.0,0.0
6.43,0.0,2.97,0.0,0.0
6.88,2.33,1.61,0.0,0.0
7.78,2.27,0.16,0.0,0.0
9.13,5.0,1.99,0.0,0.0
10.47,1.97,2.9,0.0,0.0
12.72,1.51,4.25,0.0,0.0
14.07,10.9,5.18,0.0,0.0
13.17,4.69,5.55,0.0,0.0
12.27,14.84,5.55,0.0,0.0
11.37,13.93,5.68,0.0,0.0
11.37,3.33,5.76,0.0,0.0
12.72,4.69,5.63,0.0,0.0
12.72,3.48,4.82,0.0,0.0
11.82,2.42,4.56,0.0,0.0
10.92,1.52,4.99,0.0,0.0
10.02,6.06,4.78,0.0,0.0
9.13,6.36,4.21,0.0,0.0
5.08,6.51,1.02,0.0,0.0
2.38,2.27,0.5,0.0,0.0
2.38,0.0,0.0,0.0,0.0
1.92,0.0,0.0,0.0,0.0
2.37,0.0,0.0,0.0,0.0
1.92,0.0,0.05,0.0,0.0
3.27,0.0,0.07,0.0,0.0
6.43,0.0,0.21,0.0,0.0
6.88,2.31,0.0,0.0,0.0
7.78,2.28,0.0,0.0,0.0
9.13,5.01,0.38,0.0,0.0
10.47,1.97,1.06,0.0,0.0
12.72,1.51,2.61,0.0,0.0
14.07,10.93,3.87,0.0,0.0
13.17,4.7,4.38,0.0,0.0
12.27,14.87,4.69,0.0,0.0
11.37,13.97,4.96,0.0,0.0
11.37,3.34,4.58,0.0,0.0
12.72,4.71,3.91,0.0,0.0
12.72,3.49,3.47,0.0,0.0
11.82,2.43,3.24,0.0,0.0
10.92,1.52,2.88,0.0,0.0
10.02,6.07,2.87,0.0,0.0
9.13,6.37,2.5,0.0,0.0
5.08,6.52,0.67,0.0,0.0
2.38,2.27,0.6,0.0,0.0
2.38,0.0,0.0,0.0,0.0
1.92,0.0,0.0,0.0,0.0
2.37,0.0,0.0,0.0,0.0
1.92,0.0,0.05,0.0,0.0
3.27,0.0,0.0,0.0,0.0
6.41,0.0,0.05,0.0,0.0
6.88,0.0,0.0,0.0,0.0
7.78,2.34,0.0,0.0,0.0
9.13,2.28,0.0,0.0,0.0
10.47,2.28,0.0,0.0,0.0
12.72,1.52,1.06,0.0,0.0
14.07,10.95,2.7,0.0,0.0
13.17,9.13,3.36,0.0,0.0
12.27,14.92,3.68,0.0,0.0
11.37,13.99,3.97,0.0,0.0
11.37,3.81,3.87,0.0,0.0
12.72,3.8,3.39,0.0,0.0
12.72,3.5,2.98,0.0,0.0
11.82,2.43,2.78,0.0,0.0
10.92,1.52,2.68,0.0,0.0
10.02,6.08,2.78,0.0,0.0
9.13,6.39,2.7,0.0,0.0
5.08,6.54,0.28,0.0,0.0
2.38,0.0,0.12,0.0,0.0
2.38,0.0,0.0,0.0,0.0
1.92,0.0,0.0,0.0,0.0
2.37,0.0,0.0,0.0,0.0
1.92,0.0,0.02,0.0,0.0
3.27,0.0,0.0,0.0,0.0
6.41,0.0,0.0,0.0,0.0
6.88,0.0,0.0,0.0,0.0
7.78,2.35,0.0,0.0,0.0
9.13,2.29,0.0,0.0,0.0
10.47,2.29,0.82,0.0,0.0
12.72,1.53,3.21,0.0,0.0
14.07,10.98,5.33,0.0,0.0
13.17,9.15,7.06,0.0,0.0
12.27,14.95,9.08,0.0,0.0
11.37,14.03,7.51,0.0,0.0
11.37,3.82,7.15,0.0,0.0
12.72,3.81,6.65,0.0,0.0
12.72,3.51,6.53,0.0,0.0
11.82,2.44,6.38,0.0,0.0
10.92,1.52,5.97,0.0,0.0
10.02,6.1,5.9,0.0,0.0
9.13,6.41,5.99,0.0,0.0
5.08,6.56,3.17,0.0,0.0
2.38,0.0,1.36,0.0,0.0
2.38,0.0,0.0,0.0,0.0
1.92,0.0,0.0,0.0,0.0
2.37,0.0,0.0,0.0,0.0
1.92,0.0,0.3,0.0,0.0
3.27,0.0,0.19,0.0,0.0
6.43,0.0,0.35,0.0,0.0
6.88,2.35,1.23,0.0,0.0
7.78,2.29,3.21,0.0,0.0
9.13,5.04,9.58,0.0,0.0
10.47,1.99,18.79,0.0,0.0
12.72,1.52,21.26,0.0,0.0
14.07,11.01,26.9,0.0,0.0
13.17,4.74,33.0,0.0,0.0
12.27,14.98,34.0,0.0,0.0
11.37,14.06,29.83,0.0,0.0
11.37,3.36,25.78,0.0,0.0
12.72,4.74,25.37,0.0,0.0
12.72,3.51,27.36,0.0,0.0
11.82,2.44,30.3,0.0,0.0
10.92,1.53,29.94,0.0,0.0
10.02,6.11,29.56,0.0,0.0
9.13,6.42,25.91,0.0,0.0
5.08,6.57,19.59,0.0,0.0
2.38,2.29,14.22,0.0,0.0
2.38,0.0,0.06,0.0,0.0
1.92,0.0,0.0,0.0,0.0
2.37,0.0,0.0,0.0,0.0
1.92,0.0,2.7,0.0,0.0
3.27,0.0,6.65,0.0,0.0
6.43,0.0,11.14,0.0,0.0
6.88,2.36,11.11,0.0,0.0
7.78,2.3,17.19,0.0,0.0
9.13,5.05,23.21,0.0,0.0
10.47,1.99,27.23,0.0,0.0
12.72,1.53,28.57,0.0,0.0
14.07,11.03,36.1,0.0,0.0
13.17,4.75,43.07,0.0,0.0
12.27,15.02,40.87,0.0,0.0
11.37,14.09,35.68,0.0,0.0
11.37,3.37,30.71,0.0,0.0
12.72,4.75,29.73,0.0,0.0
12.72,3.52,31.57,0.0,0.0
11.82,2.45,34.88,0.0,0.0
10.92,1.54,34.53,0.0,0.0
10.02,6.13,34.83,0.0,0.0
9.13,6.44,31.14,0.0,0.0
5.08,6.58,24.42,0.0,0.0
2.38,2.3,18.72,0.0,0.0
2.38,0.0,0.23,0.0,0.0
1.92,0.0,0.0,0.0,0.0
2.37,0.0,0.0,0.0,0.0
1.92,0.0,0.34,0.0,0.0
3.27,0.0,0.0,0.0,0.0
6.43,0.0,0.12,0.0,0.0
6.88,2.36,0.0,0.0,0.0
7.78,2.3,0.0,0.0,0.0
9.13,5.06,0.1,0.0,0.0
10.47,2.0,0.4,0.0,0.0
12.72,1.54,2.27,0.0,0.0
14.07,11.06,3.97,0.0,0.0
13.17,4.76,4.49,0.0,0.0
12.27,15.05,4.71,0.0,0.0
11.37,14.13,4.71,0.0,0.0
11.37,3.38,4.59,0.0,0.0
12.72,4.76,4.38,0.0,0.0
12.72,3.53,3.44,0.0,0.0
11.82,2.46,2.5,0.0,0.0
10.92,1.54,1.86,0.0,0.0
10.02,6.14,0.85,0.0,0.0
9.13,6.45,0.31,0.0,0.0
5.08,6.6,0.0,0.0,0.0
2.38,2.3,0.0,0.0,0.0
2.38,0.0,0.0,0.0,0.0
1.92,0.0,0.0,0.0,0.0
2.37,0.0,0.0,0.0,0.0
1.92,0.0,0.0,0.0,0.0
3.27,0.0,0.01,0.0,0.0
6.43,0.0,0.0,0.0,0.0
6.88,2.36,0.0,0.0,0.0
7.78,2.31,0.0,0.0,0.0
9.13,5.07,1.05,0.0,0.0
10.47,2.0,2.3,0.0,0.0
12.72,1.54,4.47,0.0,0.0
14.07,11.08,6.03,0.0,0.0
13.17,4.78,8.33,0.0,0.0
12.27,15.08,12.53,0.0,0.0
11.37,14.16,12.27,0.0,0.0
11.37,3.39,9.66,0.0,0.0
12.72,4.77,6.62,0.0,0.0
12.72,3.54,5.21,0.0,0.0
11.82,2.46,4.8,0.0,0.0
10.92,1.54,5.11,0.0,0.0
10.02,6.15,5.14,0.0,0.0
9.13,6.47,4.71,0.0,0.0
5.08,6.61,1.78,0.0,0.0
2.38,2.31,0.99,0.0,0.0
2.38,0.0,0.0,0.0,0.0
1.92,0.0,0.0,0.0,0.0
2.37,0.0,0.0,0.0,0.0
1.92,0.0,0.17,0.0,0.0
3.27,0.0,0.14,0.0,0.0
6.43,0.0,0.28,0.0,0.0
6.88,2.37,0.0,0.0,0.0
7.78,2.31,0.0,0.0,0.0
9.13,5.08,0.75,0.0,0.0
10.47,2.01,2.17,0.0,0.0
12.72,1.54,4.41,0.0,0.0
14.07,11.11,6.53,0.0,0.0
13.17,4.79,8.38,0.0,0.0
12.27,15.12,9.07,0.0,0.0
11.37,14.19,9.25,0.0,0.0
11.37,3.39,7.9,0.0,0.0
12.72,4.78,6.38,0.0,0.0
12.72,3.54,5.2,0.0,0.0
11.82,2.47,4.57,0.0,0.0
10.92,1.54,4.24,0.0,0.0
10.02,6.16,3.8,0.0,0.0
9.13,6.48,3.12,0.0,0.0
5.08,6.63,0.32,0.0,0.0
2.38,2.32,0.59,0.0,0.0
2.38,0.0,0.0,0.0,0.0
1.92,0.0,0.0,0.0,0.0
2.37,0.0,0.0,0.0,0.0
1.92,0.0,0.17,0.0,0.0
3.27,0.0,0.0,0.0,0.0
6.41,0.0,0.12,0.0,0.0
6.88,0.0,0.0,0.0,0.0
7.78,2.38,0.01,0.0,0.0
9.13,2.32,1.37,0.0,0.0
10.47,2.32,2.19,0.0,0.0
12.72,1.54,3.36,0.0,0.0
14.07,11.13,5.14,0.0,0.0
13.17,9.28,5.22,0.0,0.0
12.27,15.15,5.33,0.0,0.0
11.37,14.23,5.94,0.0,0.0
11.37,3.87,5.74,0.0,0.0
12.72,3.87,5.44,0.0,0.0
12.72,3.55,5.43,0.0,0.0
11.82,2.47,4.88,0.0,0.0
10.92,1.55,4.87,0.0,0.0
10.02,6.18,4.05,0.0,0.0
9.13,6.49,2.32,0.0,0.0
5.08,6.64,0.0,0.0,0.0
2.38,0.0,0.0,0.0,0.0
2.38,0.0,0.0,0.0,0.0
1.92,0.0,0.0,0.0,0.0
2.37,0.0,0.0,0.0,0.0
1.92,0.0,0.0,0.0,0.0
3.27,0.0,0.0,0.0,0.0
6.41,0.0,0.0,0.0,0.0
6.88,0.0,0.0,0.0,0.0
7.78,2.39,0.0,0.0,0.0
9.13,2.33,0.0,0.0,0.0
10.47,2.33,0.0,0.0,0.0
12.72,1.55,0.0,0.0,0.0
14.07,11.15,0.0,0.0,0.0
13.17,9.3,0.0,0.0,0.0
12.27,15.19,0.0,0.0,0.0
11.37,14.26,0.09,0.0,0.0
11.37,3.88,0.14,0.0,0.0
12.72,3.87,0.0,0.0,0.0
12.72,3.57,0.0,0.0,0.0
11.82,2.47,0.0,0.0,0.0
10.92,1.55,0.0,0.0,0.0
10.02,6.2,0.0,0.0,0.0
9.13,6.51,0.0,0.0,0.0
5.08,6.66,0.0,0.0,0.0
2.38,0.0,0.0,0.0,0.0
2.38,0.0,0.0,0.0,0.0
1.92,0.0,0.0,0.0,0.0
2.37,0.0,0.0,0.0,0.0
1.92,0.0,0.0,0.0,0.0
3.27,0.0,0.0,0.0,0.0
6.43,0.0,0.0,0.0,0.0
6.88,2.39,0.0,0.0,0.0
7.78,2.33,0.0,0.0,0.0
9.13,5.12,0.0,0.0,0.0
10.47,2.02,0.0,0.0,0.0
12.72,1.55,0.0,0.0,0.0
14.07,11.18,0.0,0.0,0.0
13.17,4.82,0.27,0.0,0.0
12.27,15.22,0.75,0.0,0.0
11.37,14.29,1.02,0.0,0.0
11.37,3.42,1.08,0.0,0.0
12.72,4.82,0.64,0.0,0.0
12.72,3.57,0.02,0.0,0.0
11.82,2.49,0.0,0.0,0.0
10.92,1.55,0.0,0.0,0.0
10.02,6.2,0.0,0.0,0.0
9.13,6.53,0.0,0.0,0.0
5.08,6.68,0.0,0.0,0.0
2.38,2.33,0.0,0.0,0.0
2.38,0.0,0.0,0.0,0.0
1.92,0.0,0.0,0.0,0.0
2.37,0.0,0.0,0.0,0.0
1.92,0.0,0.0,0.0,0.0
3.27,0.0,0.0,0.0,0.0
6.43,0.0,0.0,0.0,0.0
6.88,2.38,0.0,0.0,0.0
7.78,2.33,0.0,0.0,0.0
9.13,5.14,0.0,0.0,0.0
10.47,2.02,0.0,0.0,0.0
12.72,1.55,1.1,0.0,0.0
14.07,11.21,2.91,0.0,0.0
13.17,4.82,3.96,0.0,0.0
12.27,15.25,4.43,0.0,0.0
11.37,14.33,4.19,0.0,0.0
11.37,3.42,3.62,0.0,0.0
12.72,4.82,2.76,0.0,0.0
12.72,3.58,2.14,0.0,0.0
11.82,2.49,2.02,0.0,0.0
10.92,1.55,1.35,0.0,0.0
10.02,6.22,1.7,0.0,0.0
9.13,6.53,1.07,0.0,0.0
5.08,6.7,0.0,0.0,0.0
2.38,2.33,0.0,0.0,0.0
2.38,0.0,0.0,0.0,0.0
1.92,0.0,0.0,0.0,0.0
2.37,0.0,0.0,0.0,0.0
1.92,0.0,0.03,0.0,0.0
3.27,0.0,0.02,0.0,0.0
6.43,0.0,0.03,0.0,0.0
6.88,2.38,0.0,0.0,0.0
7.78,2.34,0.0,0.0,0.0
9.13,5.15,0.31,0.0,0.0
10.47,2.03,2.08,0.0,0.0
12.72,1.55,4.92,0.0,0.0
14.07,11.23,10.08,0.0,0.0
13.17,4.84,18.38,0.0,0.0
12.27,15.29,19.2,0.0,0.0
11.37,14.35,16.53,0.0,0.0
11.37,3.43,11.25,0.0,0.0
12.72,4.84,7.99,0.0,0.0
12.72,3.58,7.28,0.0,0.0
11.82,2.5,6.99,0.0,0.0
10.92,1.56,6.82,0.0,0.0
10.02,6.23,6.77,0.0,0.0
9.13,6.56,7.04,0.0,0.0
5.08,6.71,4.32,0.0,0.0
2.38,2.34,2.56,0.0,0.0
2.38,0.0,0.0,0.0,0.0
1.92,0.0,0.0,0.0,0.0
2.37,0.0,0.0,0.0,0.0
1.92,0.0,0.32,0.0,0.0
3.27,0.0,0.24,0.0,0.0
6.43,0.0,0.24,0.0,0.0
6.88,2.39,0.32,0.0,0.0
7.78,2.34,1.13,0.0,0.0
9.13,5.16,3.59,0.0,0.0
10.47,2.03,4.85,0.0,0.0
12.72,1.56,7.28,0.0,0.0
14.07,11.25,9.28,0.0,0.0
13.17,4.84,16.93,0.0,0.0
12.27,15.32,20.65,0.0,0.0
11.37,14.39,17.54,0.0,0.0
11.37,3.44,13.58,0.0,0.0
12.72,4.84,9.49,0.0,0.0
12.72,3.6,7.88,0.0,0.0
11.82,2.5,7.38,0.0,0.0
10.92,1.56,7.38,0.0,0.0
10.02,6.25,7.38,0.0,0.0
9.13,6.56,7.38,0.0,0.0
5.08,6.71,4.43,0.0,0.0
2.38,2.35,2.66,0.0,0.0
2.38,0.0,0.0,0.0,0.0
1.92,0.0,0.0,0.0,0.0
2.37,0.0,0.0,0.0,0.0
1.92,0.0,0.69,0.0,0.0
3.27,0.0,0.27,0.0,0.0
6.41,0.0,0.29,0.0,0.0
6.88,0.0,0.17,0.0,0.0
7.78,2.41,1.75,0.0,0.0
9.13,2.35,4.12,0.0,0.0
10.47,2.35,8.26,0.0,0.0
12.72,1.56,17.88,0.0,0.0
14.07,11.28,22.46,0.0,0.0
13.17,9.4,26.89,0.0,0.0
12.27,15.35,26.07,0.0,0.0
11.37,14.42,22.06,0.0,0.0
11.37,3.92,19.63,0.0,0.0
12.72,3.92,16.68,0.0,0.0
12.72,3.6,9.6,0.0,0.0
11.82,2.5,8.77,0.0,0.0
10.92,1.57,8.63,0.0,0.0
10.02,6.26,8.8,0.0,0.0
9.13,6.58,8.72,0.0,0.0
5.08,6.73,5.34,0.0,0.0
2.38,0.0,3.04,0.0,0.0
2.38,0.0,0.0,0.0,0.0
1.92,0.0,0.0,0.0,0.0
2.37,0.0,0.0,0.0,0.0
1.92,0.0,0.68,0.0,0.0
3.27,0.0,0.28,0.0,0.0
6.41,0.0,0.27,0.0,0.0
6.88,0.0,0.43,0.0,0.0
7.78,2.42,2.91,0.0,0.0
9.13,2.36,7.94,0.0,0.0
10.47,2.36,16.96,0.0,0.0
12.72,1.57,20.94,0.0,0.0
14.07,11.3,26.11,0.0,0.0
13.17,9.42,28.06,0.0,0.0
12.27,15.38,28.02,0.0,0.0
11.37,14.45,25.33,0.0,0.0
11.37,3.92,23.92,0.0,0.0
12.72,3.92,21.27,0.0,0.0
12.72,3.61,16.22,0.0,0.0
11.82,2.51,15.07,0.0,0.0
10.92,1.57,15.86,0.0,0.0
10.02,6.27,11.26,0.0,0.0
9.13,6.6,10.08,0.0,0.0
5.08,6.75,7.11,0.0,0.0
2.38,0.0,3.52,0.0,0.0
2.38,0.0,0.0,0.0,0.0
1.92,0.0,0.0,0.0,0.0
2.37,0.0,0.0,0.0,0.0
1.92,0.0,0.83,0.0,0.0
3.27,0.0,0.29,0.0,0.0
6.41,0.0,0.32,0.0,0.0
6.88,0.0,0.12,0.0,0.0
7.78,2.42,2.59,0.0,0.0
9.13,2.36,5.39,0.0,0.0
10.47,2.36,10.46,0.0,0.0
12.72,1.57,19.26,0.0,0.0
14.07,11.32,23.59,0.0,0.0
13.17,9.44,25.75,0.0,0.0
12.27,15.41,25.28,0.0,0.0
11.37,14.48,22.63,0.0,0.0
11.37,3.93,18.31,0.0,0.0
12.72,3.93,15.8,0.0,0.0
12.72,3.62,10.78,0.0,0.0
11.82,2.51,8.85,0.0,0.0
10.92,1.58,8.63,0.0,0.0
10.02,6.28,8.16,0.0,0.0
9.13,6.61,7.49,0.0,0.0
5.08,6.76,3.72,0.0,0.0
2.38,0.0,1.97,0.0,0.0
2.38,0.0,0.0,0.0,0.0
1.92,0.0,0.0,0.0,0.0
2.37,0.0,0.0,0.0,0.0
1.92,0.0,0.46,0.0,0.0
3.27,0.0,0.26,0.0,0.0
6.43,0.0,0.26,0.0,0.0
6.88,2.42,0.54,0.0,0.0
7.78,2.36,2.17,0.0,0.0
9.13,5.19,5.83,0.0,0.0
10.47,2.05,14.47,0.0,0.0
12.72,1.58,19.08,0.0,0.0
14.07,11.35,22.97,0.0,0.0
13.17,4.89,26.27,0.0,0.0
12.27,15.44,25.12,0.0,0.0
11.37,14.5,20.97,0.0,0.0
11.37,3.47,18.62,0.0,0.0
12.72,4.88,18.28,0.0,0.0
12.72,3.62,13.67,0.0,0.0
11.82,2.52,10.07,0.0,0.0
10.92,1.57,9.16,0.0,0.0
10.02,6.3,9.2,0.0,0.0
9.13,6.61,9.32,0.0,0.0
5.08,6.78,6.39,0.0,0.0
2.38,2.36,4.51,0.0,0.0
2.38,0.0,0.0,0.0,0.0
1.92,0.0,0.0,0.0,0.0
2.37,0.0,0.0,0.0,0.0
1.92,0.0,1.03,0.0,0.0
3.27,0.0,2.98,0.0,0.0
6.43,0.0,4.83,0.0,0.0
6.88,2.43,3.65,0.0,0.0
7.78,2.37,2.4,0.0,0.0
9.13,5.21,6.06,0.0,0.0
10.47,2.05,12.15,0.0,0.0
12.72,1.58,18.3,0.0,0.0
14.07,11.37,23.87,0.0,0.0
13.17,4.9,26.26,0.0,0.0
12.27,15.47,25.0,0.0,0.0
11.37,14.53,22.65,0.0,0.0
11.37,3.48,17.24,0.0,0.0
12.72,4.89,11.01,0.0,0.0
12.72,3.63,9.51,0.0,0.0
11.82,2.53,8.84,0.0,0.0
10.92,1.57,8.52,0.0,0.0
10.02,6.32,8.83,0.0,0.0
9.13,6.63,8.14,0.0,0.0
5.08,6.79,4.89,0.0,0.0
2.38,2.36,3.19,0.0,0.0
2.38,0.0,0.0,0.0,0.0
1.92,0.0,0.0,0.0,0.0
2.37,0.0,0.0,0.0,0.0
1.92,0.0,0.24,0.0,0.0
3.27,0.0,0.0,0.0,0.0
6.43,0.0,0.27,0.0,0.0
6.88,2.43,0.0,0.0,0.0
7.78,2.37,0.0,0.0,0.0
9.13,5.22,0.0,0.0,0.0
10.47,2.05,0.0,0.0,0.0
12.72,1.59,0.0,0.0,0.0
14.07,11.39,0.86,0.0,0.0
13.17,4.91,1.2,0.0,0.0
12.27,15.5,1.4,0.0,0.0
11.37,14.57,1.54,0.0,0.0
11.37,3.48,1.49,0.0,0.0
12.72,4.9,1.22,0.0,0.0
12.72,3.64,1.05,0.0,0.0
11.82,2.53,0.45,0.0,0.0
10.92,1.58,0.29,0.0,0.0
10.02,6.33,0.53,0.0,0.0
9.13,6.64,0.02,0.0,0.0
5.08,6.8,0.0,0.0,0.0
2.38,2.38,0.0,0.0,0.0
2.38,0.0,0.0,0.0,0.0
1.92,0.0,0.0,0.0,0.0
2.37,0.0,0.0,0.0,0.0
1.92,0.0,0.0,0.0,0.0
3.27,0.0,0.0,0.0,0.0
6.43,0.0,0.0,0.0,0.0
6.88,2.43,0.0,0.0,0.0
7.78,2.37,0.0,0.0,0.0
9.13,5.23,0.0,0.0,0.0
10.47,2.06,0.0,0.0,0.0
12.72,1.58,0.0,0.0,0.0
14.07,11.41,0.0,0.0,0.0
13.17,4.91,0.0,0.0,0.0
12.27,15.54,0.0,0.0,0.0
11.37,14.58,0.0,0.0,0.0
11.37,3.49,0.0,0.0,0.0
12.72,4.91,0.0,0.0,0.0
12.72,3.64,0.0,0.0,0.0
11.82,2.54,0.0,0.0,0.0
10.92,1.58,0.0,0.0,0.0
10.02,6.34,0.0,0.0,0.0
9.13,6.65,0.0,0.0,0.0
5.08,6.82,0.0,0.0,0.0
2.38,2.38,0.0,0.0,0.0
2.38,0.0,0.0,0.0,0.0
1.92,0.0,0.0,0.0,0.0
2.37,0.0,0.0,0.0,0.0
1.92,0.0,0.0,0.0,0.0
3.27,0.0,0.0,0.0,0.0
6.43,0.0,0.0,0.0,0.0
6.88,2.44,0.0,0.0,0.0
7.78,2.38,0.0,0.0,0.0
9.13,5.24,0.0,0.0,0.0
10.47,2.06,0.0,0.0,0.0
12.72,1.59,0.0,0.0,0.0
14.07,11.44,0.28,0.0,0.0
13.17,4.92,0.87,0.0,0.0
12.27,15.57,1.47,0.0,0.0
11.37,14.62,1.88,0.0,0.0
11.37,3.49,1.77,0.0,0.0
12.72,4.92,1.21,0.0,0.0
12.72,3.66,0.53,0.0,0.0
11.82,2.54,0.05,0.0,0.0
10.92,1.59,0.0,0.0,0.0
10.02,6.35,0.01,0.0,0.0
9.13,6.68,0.0,0.0,0.0
5.08,6.83,0.0,0.0,0.0
2.38,2.38,0.0,0.0,0.0
2.38,0.0,0.0,0.0,0.0
1.92,0.0,0.0,0.0,0.0
2.37,0.0,0.0,0.0,0.0
1.92,0.0,0.0,0.0,0.0
3.27,0.0,0.0,0.0,0.0
6.41,0.0,0.0,0.0,0.0
6.88,0.0,0.0,0.0,0.0
7.78,2.44,0.0,0.0,0.0
9.13,2.38,0.0,0.0,0.0
10.47,2.38,0.0,0.0,0.0
12.72,1.6,0.0,0.0,0.0
14.07,11.46,1.83,0.0,0.0
13.17,9.55,2.85,0.0,0.0
12.27,15.6,3.66,0.0,0.0
11.37,14.64,4.42,0.0,0.0
11.37,3.98,4.65,0.0,0.0
12.72,3.98,3.57,0.0,0.0
12.72,3.66,2.65,0.0,0.0
11.82,2.55,2.47,0.0,0.0
10.92,1.59,2.5,0.0,0.0
10.02,6.36,2.46,0.0,0.0
9.13,6.68,2.18,0.0,0.0
5.08,6.85,0.0,0.0,0.0
2.38,0.0,0.03,0.0,0.0
2.38,0.0,0.0,0.0,0.0
1.92,0.0,0.0,0.0,0.0
2.37,0.0,0.0,0.0,0.0
1.92,0.0,0.03,0.0,0.0
3.27,0.0,0.03,0.0,0.0
6.41,0.0,0.0,0.0,0.0
6.88,0.0,0.0,0.0,0.0
7.78,2.45,0.0,0.0,0.0
9.13,2.39,0.0,0.0,0.0
10.47,2.39,0.13,0.0,0.0
12.72,1.6,2.22,0.0,0.0
14.07,11.48,4.74,0.0,0.0
13.17,9.57,5.83,0.0,0.0
12.27,15.63,6.33,0.0,0.0
11.37,14.67,6.75,0.0,0.0
11.37,3.99,6.49,0.0,0.0
12.72,3.99,5.45,0.0,0.0
12.72,3.66,4.17,0.0,0.0
11.82,2.55,3.27,0.0,0.0
10.92,1.6,2.72,0.0,0.0
10.02,6.37,2.65,0.0,0.0
9.13,6.7,1.64,0.0,0.0
5.08,6.86,0.0,0.0,0.0
2.38,0.0,0.0,0.0,0.0
2.38,0.0,0.0,0.0,0.0
1.92,0.0,0.0,0.0,0.0
2.37,0.0,0.0,0.0,0.0
1.92,0.0,0.01,0.0,0.0
3.27,0.0,0.0,0.0,0.0
6.43,0.0,0.0,0.0,0.0
6.88,2.44,0.0,0.0,0.0
7.78,2.39,0.0,0.0,0.0
9.13,5.27,0.04,0.0,0.0
10.47,2.08,0.91,0.0,0.0
12.72,1.59,3.06,0.0,0.0
14.07,11.5,5.24,0.0,0.0
13.17,4.95,5.74,0.0,0.0
12.27,15.66,5.65,0.0,0.0
11.37,14.69,5.83,0.0,0.0
11.37,3.52,5.74,0.0,0.0
12.72,4.95,4.56,0.0,0.0
12.72,3.67,3.01,0.0,0.0
11.82,2.56,2.18,0.0,0.0
10.92,1.59,1.7,0.0,0.0
10.02,6.39,0.96,0.0,0.0
9.13,6.7,0.33,0.0,0.0
5.08,6.87,0.0,0.0,0.0
2.38,2.4,0.0,0.0,0.0
2.38,0.0,0.0,0.0,0.0
1.92,0.0,0.0,0.0,0.0
2.37,0.0,0.0,0.0,0.0
1.92,0.0,0.0,0.0,0.0
3.27,0.0,0.0,0.0,0.0
6.43,0.0,0.0,0.0,0.0
6.88,2.45,0.0,0.0,0.0
7.78,2.4,0.0,0.0,0.0
9.13,5.28,0.02,0.0,0.0
10.47,2.08,0.96,0.0,0.0
12.72,1.6,3.2,0.0,0.0
14.07,11.52,5.6,0.0,0.0
13.17,4.96,6.35,0.0,0.0
12.27,15.69,6.82,0.0,0.0
11.37,14.72,6.47,0.0,0.0
11.37,3.52,5.48,0.0,0.0
12.72,4.96,4.16,0.0,0.0
12.72,3.68,3.44,0.0,0.0
11.82,2.56,3.07,0.0,0.0
10.92,1.59,2.0,0.0,0.0
10.02,6.4,1.61,0.0,0.0
9.13,6.72,0.19,0.0,0.0
5.08,6.88,0.0,0.0,0.0
2.38,2.4,0.0,0.0,0.0
2.38,0.0,0.0,0.0,0.0
1.92,0.0,0.0,0.0,0.0
2.37,0.0,0.0,0.0,0.0
1.92,0.0,0.0,0.0,0.0
3.27,0.0,0.0,0.0,0.0
6.43,0.0,0.0,0.0,0.0
6.88,2.46,0.0,0.0,0.0
7.78,2.4,0.0,0.0,0.0
9.13,5.29,0.49,0.0,0.0
10.47,2.08,2.42,0.0,0.0
12.72,1.6,5.17,0.0,0.0
14.07,11.54,11.24,0.0,0.0
13.17,4.97,18.67,0.0,0.0
12.27,15.72,20.26,0.0,0.0
11.37,14.75,18.08,0.0,0.0
11.37,3.53,12.85,0.0,0.0
12.72,4.97,7.42,0.0,0.0
12.72,3.68,6.4,0.0,0.0
11.82,2.57,5.9,0.0,0.0
10.92,1.6,5.59,0.0,0.0
10.02,6.42,5.0,0.0,0.0
9.13,6.73,4.11,0.0,0.0
5.08,6.89,0.42,0.0,0.0
2.38,2.41,0.54,0.0,0.0
2.38,0.0,0.0,0.0,0.0
1.92,0.0,0.0,0.0,0.0
2.37,0.0,0.0,0.0,0.0
1.92,0.0,0.26,0.0,0.0
3.27,0.0,0.0,0.0,0.0
6.43,0.0,0.1,0.0,0.0
6.88,2.46,0.0,0.0,0.0
7.78,2.41,0.0,0.0,0.0
9.13,5.3,3.08,0.0,0.0
10.47,2.09,6.58,0.0,0.0
12.72,1.6,14.93,0.0,0.0
14.07,11.56,22.9,0.0,0.0
13.17,4.98,28.43,0.0,0.0
12.27,15.74,27.42,0.0,0.0
11.37,14.77,23.13,0.0,0.0
11.37,3.53,19.92,0.0,0.0
12.72,4.98,19.15,0.0,0.0
12.72,3.69,15.3,0.0,0.0
11.82,2.57,11.86,0.0,0.0
10.92,1.6,9.75,0.0,0.0
10.02,6.43,9.31,0.0,0.0
9.13,6.74,9.0,0.0,0.0
5.08,6.9,4.83,0.0,0.0
2.38,2.41,2.82,0.0,0.0
2.38,0.0,0.0,0.0,0.0
1.92,0.0,0.0,0.0,0.0
2.37,0.0,0.0,0.0,0.0
1.92,0.0,0.58,0.0,0.0
3.27,0.0,2.47,0.0,0.0
6.43,0.0,4.01,0.0,0.0
6.88,2.46,3.3,0.0,0.0
7.78,2.41,2.82,0.0,0.0
9.13,5.31,7.15,0.0,0.0
10.47,2.09,16.58,0.0,0.0
12.72,1.6,21.29,0.0,0.0
14.07,11.58,28.68,0.0,0.0
13.17,4.99,32.09,0.0,0.0
12.27,15.76,29.52,0.0,0.0
11.37,14.8,24.79,0.0,0.0
11.37,3.54,20.26,0.0,0.0
12.72,4.98,17.63,0.0,0.0
12.72,3.7,14.17,0.0,0.0
11.82,2.57,13.45,0.0,0.0
10.92,1.61,11.63,0.0,0.0
10.02,6.43,9.47,0.0,0.0
9.13,6.76,9.33,0.0,0.0
5.08,6.92,6.15,0.0,0.0
2.38,2.41,4.07,0.0,0.0
2.38,0.0,0.0,0.0,0.0
1.92,0.0,0.0,0.0,0.0
2.37,0.0,0.0,0.0,0.0
1.92,0.0,1.1,0.0,0.0
3.27,0.0,0.83,0.0,0.0
6.41,0.0,2.13,0.0,0.0
6.88,0.0,2.87,0.0,0.0
7.78,2.47,4.59,0.0,0.0
9.13,2.41,9.39,0.0,0.0
10.47,2.41,15.41,0.0,0.0
12.72,1.62,19.61,0.0,0.0
14.07,11.6,24.51,0.0,0.0
13.17,9.67,26.09,0.0,0.0
12.27,15.79,25.58,0.0,0.0
11.37,14.83,23.15,0.0,0.0
11.37,4.03,20.48,0.0,0.0
12.72,4.03,18.56,0.0,0.0
12.72,3.7,14.6,0.0,0.0
11.82,2.58,11.84,0.0,0.0
10.92,1.61,9.23,0.0,0.0
10.02,6.45,8.83,0.0,0.0
9.13,6.76,9.01,0.0,0.0
5.08,6.93,6.42,0.0,0.0
2.38,0.0,3.93,0.0,0.0
2.38,0.0,0.0,0.0,0.0
1.92,0.0,0.0,0.0,0.0
2.37,0.0,0.0,0.0,0.0
1.92,0.0,1.62,0.0,0.0
3.27,0.0,1.47,0.0,0.0
6.41,0.0,3.28,0.0,0.0
6.88,0.0,4.22,0.0,0.0
7.78,2.48,7.92,0.0,0.0
9.13,2.43,16.58,0.0,0.0
10.47,2.42,19.02,0.0,0.0
12.72,1.61,22.86,0.0,0.0
14.07,11.62,27.21,0.0,0.0
13.17,9.68,31.52,0.0,0.0
12.27,15.82,31.63,0.0,0.0
11.37,14.86,28.46,0.0,0.0
11.37,4.03,24.93,0.0,0.0
12.72,4.04,23.11,0.0,0.0
12.72,3.71,22.58,0.0,0.0
11.82,2.58,23.56,0.0,0.0
10.92,1.61,24.12,0.0,0.0
10.02,6.46,24.17,0.0,0.0
9.13,6.78,6.07,0.0,0.0
5.08,6.94,0.0,0.0,0.0
2.38,0.0,0.0,0.0,0.0
2.38,0.0,0.0,0.0,0.0
1.92,0.0,0.0,0.0,0.0
2.37,0.0,0.0,0.0,0.0
1.92,0.0,0.0,0.0,0.0
3.27,0.0,0.0,0.0,0.0
6.43,0.0,0.0,0.0,0.0
6.88,2.48,0.0,0.0,0.0
7.78,2.42,0.0,0.0,0.0
9.13,5.33,0.0,0.0,0.0
10.47,2.1,0.34,0.0,0.0
12.72,1.61,3.1,0.0,0.0
14.07,11.64,5.12,0.0,0.0
13.17,5.01,7.13,0.0,0.0
12.27,15.85,9.69,0.0,0.0
11.37,14.87,8.43,0.0,0.0
11.37,3.56,6.18,0.0,0.0
12.72,5.01,5.23,0.0,0.0
12.72,3.72,4.34,0.0,0.0
11.82,2.59,4.01,0.0,0.0
10.92,1.61,3.98,0.0,0.0
10.02,6.47,3.64,0.0,0.0
9.13,6.79,2.21,0.0,0.0
5.08,6.95,0.0,0.0,0.0
2.38,2.42,0.0,0.0,0.0
2.38,0.0,0.0,0.0,0.0
1.92,0.0,0.0,0.0,0.0
2.37,0.0,0.0,0.0,0.0
1.92,0.0,0.0,0.0,0.0
3.27,0.0,0.0,0.0,0.0
6.43,0.0,0.0,0.0,0.0
6.88,2.46,0.0,0.0,0.0
7.78,2.43,0.0,0.0,0.0
9.13,5.34,0.12,0.0,0.0
10.47,2.1,1.74,0.0,0.0
12.72,1.62,4.35,0.0,0.0
14.07,11.66,6.37,0.0,0.0
13.17,5.02,10.1,0.0,0.0
12.27,15.87,12.32,0.0,0.0
11.37,14.91,9.99,0.0,0.0
11.37,3.56,7.32,0.0,0.0
12.72,5.01,6.59,0.0,0.0
12.72,3.73,5.96,0.0,0.0
11.82,2.59,5.57,0.0,0.0
10.92,1.62,4.92,0.0,0.0
10.02,6.47,5.21,0.0,0.0
9.13,6.81,4.7,0.0,0.0
5.08,6.96,1.98,0.0,0.0
2.38,2.42,1.41,0.0,0.0
2.38,0.0,0.0,0.0,0.0
1.92,0.0,0.0,0.0,0.0
2.37,0.0,0.0,0.0,0.0
1.92,0.0,0.68,0.0,0.0
3.27,0.0,0.3,0.0,0.0
6.43,0.0,0.44,0.0,0.0
6.88,2.47,1.74,0.0,0.0
7.78,2.43,3.28,0.0,0.0
9.13,5.35,6.84,0.0,0.0
10.47,2.11,10.51,0.0,0.0
12.72,1.63,21.25,0.0,0.0
14.07,11.68,33.33,0.0,0.0
13.17,5.02,39.38,0.0,0.0
12.27,15.89,37.4,0.0,0.0
11.37,14.93,26.76,0.0,0.0
11.37,3.57,20.33,0.0,0.0
12.72,5.02,19.5,0.0,0.0
12.72,3.73,16.26,0.0,0.0
11.82,2.59,14.34,0.0,0.0
10.92,1.63,12.62,0.0,0.0
10.02,6.48,11.2,0.0,0.0
9.13,6.82,10.86,0.0,0.0
5.08,6.98,6.98,0.0,0.0
2.38,2.43,4.87,0.0,0.0
2.38,0.0,0.0,0.0,0.0
1.92,0.0,0.0,0.0,0.0
2.37,0.0,0.0,0.0,0.0
1.92,0.0,0.26,0.0,0.0
3.27,0.0,0.0,0.0,0.0
6.43,0.0,0.24,0.0,0.0
6.88,2.49,0.0,0.0,0.0
7.78,2.43,0.0,0.0,0.0
9.13,5.36,0.03,0.0,0.0
10.47,2.11,0.09,0.0,0.0
12.72,1.62,0.84,0.0,0.0
14.07,11.7,2.46,0.0,0.0
13.17,5.03,3.01,0.0,0.0
12.27,15.93,2.96,0.0,0.0
11.37,14.94,2.9,0.0,0.0
11.37,3.58,2.82,0.0,0.0
12.72,5.03,2.14,0.0,0.0
12.72,3.74,1.31,0.0,0.0
11.82,2.6,0.87,0.0,0.0
10.92,1.62,0.53,0.0,0.0
10.02,6.5,0.09,0.0,0.0
9.13,6.83,0.0,0.0,0.0
5.08,6.98,0.0,0.0,0.0
2.38,2.43,0.0,0.0,0.0
2.38,0.0,0.0,0.0,0.0
1.92,0.0,0.0,0.0,0.0
2.37,0.0,0.0,0.0,0.0
1.92,0.0,0.0,0.0,0.0
3.27,0.0,0.0,0.0,0.0
6.43,0.0,0.0,0.0,0.0
6.88,2.47,0.0,0.0,0.0
7.78,2.44,0.0,0.0,0.0
9.13,5.36,0.0,0.0,0.0
10.47,2.11,0.0,0.0,0.0
12.72,1.63,0.0,0.0,0.0
14.07,11.71,0.67,0.0,0.0
13.17,5.04,0.96,0.0,0.0
12.27,15.95,1.17,0.0,0.0
11.37,14.97,1.67,0.0,0.0
11.37,3.58,1.86,0.0,0.0
12.72,5.04,1.23,0.0,0.0
12.72,3.74,0.65,0.0,0.0
11.82,2.6,0.17,0.0,0.0
10.92,1.62,0.0,0.0,0.0
10.02,6.51,0.0,0.0,0.0
9.13,6.83,0.0,0.0,0.0
5.08,6.99,0.0,0.0,0.0
2.38,2.44,0.0,0.0,0.0
2.38,0.0,0.0,0.0,0.0
1.92,0.0,0.0,0.0,0.0
2.37,0.0,0.0,0.0,0.0
1.92,0.0,0.0,0.0,0.0
3.27,0.0,0.0,0.0,0.0
6.41,0.0,0.0,0.0,0.0
6.88,0.0,0.0,0.0,0.0
7.78,2.48,0.0,0.0,0.0
9.13,2.44,0.0,0.0,0.0
10.47,2.45,0.0,0.0,0.0
12.72,1.63,0.0,0.0,0.0
14.07,11.73,0.21,0.0,0.0
13.17,9.77,0.74,0.0,0.0
12.27,15.98,0.94,0.0,0.0
11.37,14.99,1.08,0.0,0.0
11.37,4.07,1.11,0.0,0.0
12.72,4.07,0.68,0.0,0.0
12.72,3.75,0.06,0.0,0.0
11.82,2.6,0.0,0.0,0.0
10.92,1.63,0.0,0.0,0.0
10.02,6.51,0.0,0.0,0.0
9.13,6.84,0.0,0.0,0.0
5.08,7.01,0.0,0.0,0.0
2.38,0.0,0.0,0.0,0.0
2.38,0.0,0.0,0.0,0.0
1.92,0.0,0.0,0.0,0.0
2.37,0.0,0.0,0.0,0.0
1.92,0.0,0.0,0.0,0.0
3.27,0.0,0.0,0.0,0.0
6.41,0.0,0.0,0.0,0.0
6.88,0.0,0.0,0.0,0.0
7.78,2.51,0.0,0.0,0.0
9.13,2.45,0.0,0.0,0.0
10.47,2.45,0.0,0.0,0.0
12.72,1.62,0.17,0.0,0.0
14.07,11.75,2.62,0.0,0.0
13.17,9.8,4.47,0.0,0.0
12.27,15.99,6.0,0.0,0.0
11.37,15.01,6.42,0.0,0.0
11.37,4.08,6.08,0.0,0.0
12.72,4.08,5.32,0.0,0.0
12.72,3.75,4.43,0.0,0.0
11.82,2.61,3.53,0.0,0.0
10.92,1.63,3.49,0.0,0.0
10.02,6.53,3.89,0.0,0.0
9.13,6.85,3.22,0.0,0.0
5.08,7.01,1.19,0.0,0.0
2.38,0.0,1.06,0.0,0.0
2.38,0.0,0.0,0.0,0.0
1.92,0.0,0.0,0.0,0.0
2.37,0.0,0.0,0.0,0.0
1.92,0.0,0.29,0.0,0.0
3.27,0.0,0.11,0.0,0.0
6.43,0.0,0.28,0.0,0.0
6.88,2.51,1.05,0.0,0.0
7.78,2.45,1.85,0.0,0.0
9.13,5.39,4.68,0.0,0.0
10.47,2.12,7.46,0.0,0.0
12.72,1.63,12.86,0.0,0.0
14.07,11.76,19.85,0.0,0.0
13.17,5.06,19.1,0.0,0.0
12.27,16.02,12.24,0.0,0.0
11.37,15.03,11.07,0.0,0.0
11.37,3.6,10.54,0.0,0.0
12.72,5.06,9.74,0.0,0.0
12.72,3.76,10.1,0.0,0.0
11.82,2.61,10.77,0.0,0.0
10.92,1.64,10.22,0.0,0.0
10.02,6.53,8.96,0.0,0.0
9.13,6.86,8.28,0.0,0.0
5.08,7.03,4.72,0.0,0.0
2.38,2.45,3.52,0.0,0.0
2.38,0.0,0.0,0.0,0.0
1.92,0.0,0.0,0.0,0.0
2.37,0.0,0.0,0.0,0.0
1.92,0.0,0.87,0.0,0.0
3.27,0.0,3.69,0.0,0.0
6.43,0.0,6.23,0.0,0.0
6.88,2.51,5.26,0.0,0.0
7.78,2.45,4.1,0.0,0.0
9.13,5.4,6.81,0.0,0.0
10.47,2.13,7.72,0.0,0.0
12.72,1.63,9.6,0.0,0.0
14.07,11.78,13.58,0.0,0.0
13.17,5.08,14.1,0.0,0.0
12.27,16.03,10.6,0.0,0.0
11.37,15.05,9.72,0.0,0.0
11.37,3.6,9.49,0.0,0.0
12.72,5.07,9.41,0.0,0.0
12.72,3.77,9.2,0.0,0.0
11.82,2.61,8.99,0.0,0.0
10.92,1.64,7.78,0.0,0.0
10.02,6.54,8.21,0.0,0.0
9.13,6.87,7.09,0.0,0.0
5.08,7.04,3.85,0.0,0.0
2.38,2.45,2.38,0.0,0.0
2.38,0.0,0.0,0.0,0.0
1.92,0.0,0.0,0.0,0.0
2.37,0.0,0.0,0.0,0.0
1.92,0.0,0.97,0.0,0.0
3.27,0.0,0.47,0.0,0.0
6.43,0.0,1.62,0.0,0.0
6.88,2.51,5.35,0.0,0.0
7.78,2.45,9.8,0.0,0.0
9.13,5.41,14.46,0.0,0.0
10.47,2.13,20.77,0.0,0.0
12.72,1.63,23.59,0.0,0.0
14.07,11.79,30.48,0.0,0.0
13.17,5.08,38.84,0.0,0.0
12.27,16.05,40.07,0.0,0.0
11.37,15.07,34.87,0.0,0.0
11.37,3.61,29.59,0.0,0.0
12.72,5.07,30.35,0.0,0.0
12.72,3.77,32.63,0.0,0.0
11.82,2.61,35.83,0.0,0.0
10.92,1.64,35.3,0.0,0.0
10.02,6.55,33.49,0.0,0.0
9.13,6.88,28.55,0.0,0.0
5.08,7.05,20.22,0.0,0.0
2.38,2.46,13.1,0.0,0.0
2.38,0.0,0.01,0.0,0.0
1.92,0.0,0.0,0.0,0.0
2.37,0.0,0.0,0.0,0.0
1.92,0.0,2.74,0.0,0.0
3.27,0.0,2.46,0.0,0.0
6.43,0.0,4.69,0.0,0.0
6.88,2.51,6.58,0.0,0.0
7.78,2.46,12.54,0.0,0.0
9.13,5.41,19.43,0.0,0.0
10.47,2.13,24.53,0.0,0.0
12.72,1.64,29.95,0.0,0.0
14.07,11.81,39.39,0.0,0.0
13.17,5.09,45.29,0.0,0.0
12.27,16.07,43.45,0.0,0.0
11.37,15.1,37.19,0.0,0.0
11.37,3.61,32.99,0.0,0.0
12.72,5.08,32.97,0.0,0.0
12.72,3.78,33.06,0.0,0.0
11.82,2.62,35.44,0.0,0.0
10.92,1.65,35.09,0.0,0.0
10.02,6.56,34.58,0.0,0.0
9.13,6.89,30.2,0.0,0.0
5.08,7.05,22.94,0.0,0.0
2.38,2.46,17.02,0.0,0.0
2.38,0.0,0.12,0.0,0.0
1.92,0.0,0.0,0.0,0.0
2.37,0.0,0.0,0.0,0.0
1.92,0.0,3.35,0.0,0.0
3.27,0.0,3.76,0.0,0.0
6.41,0.0,11.34,0.0,0.0
6.88,0.0,13.29,0.0,0.0
7.78,2.52,22.65,0.0,0.0
9.13,2.46,25.89,0.0,0.0
10.47,2.46,24.38,0.0,0.0
12.72,1.64,30.6,0.0,0.0
14.07,11.83,36.96,0.0,0.0
13.17,9.86,41.82,0.0,0.0
12.27,16.09,41.35,0.0,0.0
11.37,15.11,36.38,0.0,0.0
11.37,4.11,33.34,0.0,0.0
12.72,4.11,32.01,0.0,0.0
12.72,3.78,30.38,0.0,0.0
11.82,2.63,31.7,0.0,0.0
10.92,1.64,32.48,0.0,0.0
10.02,6.57,32.49,0.0,0.0
9.13,6.9,26.79,0.0,0.0
5.08,7.06,18.71,0.0,0.0
2.38,0.0,13.9,0.0,0.0
2.38,0.0,0.02,0.0,0.0
1.92,0.0,0.0,0.0,0.0
2.37,0.0,0.0,0.0,0.0
1.92,0.0,3.11,0.0,0.0
3.27,0.0,3.33,0.0,0.0
6.41,0.0,9.27,0.0,0.0
6.88,0.0,11.02,0.0,0.0
7.78,2.52,18.63,0.0,0.0
9.13,2.47,24.12,0.0,0.0
10.47,2.46,28.24,0.0,0.0
12.72,1.65,30.78,0.0,0.0
14.07,11.84,38.22,0.0,0.0
13.17,9.87,41.18,0.0,0.0
12.27,16.11,40.09,0.0,0.0
11.37,15.14,37.33,0.0,0.0
11.37,4.11,34.24,0.0,0.0
12.72,4.11,32.56,0.0,0.0
12.72,3.78,30.45,0.0,0.0
11.82,2.63,34.57,0.0,0.0
10.92,1.64,36.98,0.0,0.0
10.02,6.57,34.92,0.0,0.0
9.13,6.91,33.2,0.0,0.0
5.08,7.07,26.86,0.0,0.0
2.38,0.0,19.42,0.0,0.0
2.38,0.0,0.19,0.0,0.0
1.92,0.0,0.0,0.0,0.0
2.37,0.0,0.0,0.0,0.0
1.92,0.0,3.36,0.0,0.0
3.27,0.0,3.57,0.0,0.0
6.41,0.0,10.16,0.0,0.0
6.88,0.0,11.63,0.0,0.0
7.78,2.53,19.39,0.0,0.0
9.13,2.47,24.66,0.0,0.0
10.47,2.46,24.03,0.0,0.0
12.72,1.65,27.81,0.0,0.0
14.07,11.85,32.2,0.0,0.0
13.17,9.88,36.42,0.0,0.0
12.27,16.13,35.1,0.0,0.0
11.37,15.16,30.89,0.0,0.0
11.37,4.11,27.93,0.0,0.0
12.72,4.12,28.44,0.0,0.0
12.72,3.79,28.24,0.0,0.0
11.82,2.63,29.35,0.0,0.0
10.92,1.65,30.31,0.0,0.0
10.02,6.58,30.52,0.0,0.0
9.13,6.92,24.94,0.0,0.0
5.08,7.08,17.35,0.0,0.0
2.38,0.0,13.76,0.0,0.0
2.38,0.0,0.09,0.0,0.0
1.92,0.0,0.0,0.0,0.0
2.37,0.0,0.0,0.0,0.0
1.92,0.0,2.47,0.0,0.0
3.27,0.0,0.55,0.0,0.0
6.43,0.0,0.17,0.0,0.0
6.88,2.52,0.0,0.0,0.0
7.78,2.47,0.0,0.0,0.0
9.13,5.44,0.37,0.0,0.0
10.47,2.14,1.16,0.0,0.0
12.72,1.65,2.89,0.0,0.0
14.07,11.87,3.99,0.0,0.0
13.17,5.1,4.23,0.0,0.0
12.27,16.16,4.1,0.0,0.0
11.37,15.17,3.71,0.0,0.0
11.37,3.62,3.28,0.0,0.0
12.72,5.11,2.38,0.0,0.0
12.72,3.79,1.67,0.0,0.0
11.82,2.64,1.34,0.0,0.0
10.92,1.64,1.02,0.0,0.0
10.02,6.59,0.46,0.0,0.0
9.13,6.92,0.0,0.0,0.0
5.08,7.09,0.0,0.0,0.0
2.38,2.47,0.0,0.0,0.0
2.38,0.0,0.0,0.0,0.0
1.92,0.0,0.0,0.0,0.0
2.37,0.0,0.0,0.0,0.0
1.92,0.0,0.0,0.0,0.0
3.27,0.0,0.0,0.0,0.0
6.43,0.0,0.0,0.0,0.0
6.88,2.53,0.0,0.0,0.0
7.78,2.47,0.0,0.0,0.0
9.13,5.45,0.0,0.0,0.0
10.47,2.15,0.0,0.0,0.0
12.72,1.64,0.0,0.0,0.0
14.07,11.88,1.48,0.0,0.0
13.17,5.12,1.96,0.0,0.0
12.27,16.17,2.2,0.0,0.0
11.37,15.19,2.37,0.0,0.0
11.37,3.63,2.39,0.0,0.0
12.72,5.11,2.47,0.0,0.0
12.72,3.8,2.75,0.0,0.0
11.82,2.64,2.62,0.0,0.0
10.92,1.65,1.9,0.0,0.0
10.02,6.6,2.69,0.0,0.0
9.13,6.93,2.41,0.0,0.0
5.08,7.09,0.64,0.0,0.0
2.38,2.48,0.94,0.0,0.0
2.38,0.0,0.0,0.0,0.0
1.92,0.0,0.0,0.0,0.0
2.37,0.0,0.0,0.0,0.0
1.92,0.0,0.07,0.0,0.0
3.27,0.0,0.0,0.0,0.0
6.43,0.0,0.08,0.0,0.0
6.88,2.52,0.0,0.0,0.0
7.78,2.47,0.0,0.0,0.0
9.13,5.45,0.0,0.0,0.0
10.47,2.15,0.0,0.0,0.0
12.72,1.66,0.35,0.0,0.0
14.07,11.9,2.51,0.0,0.0
13.17,5.12,3.02,0.0,0.0
12.27,16.2,3.26,0.0,0.0
11.37,15.2,3.34,0.0,0.0
11.37,3.63,3.09,0.0,0.0
12.72,5.12,3.07,0.0,0.0
12.72,3.8,3.06,0.0,0.0
11.82,2.64,2.62,0.0,0.0
10.92,1.65,3.05,0.0,0.0
10.02,6.6,3.37,0.0,0.0
9.13,6.94,2.65,0.0,0.0
5.08,7.1,0.03,0.0,0.0
2.38,2.48,0.36,0.0,0.0
2.38,0.0,0.0,0.0,0.0
1.92,0.0,0.0,0.0,0.0
2.37,0.0,0.0,0.0,0.0
1.92,0.0,0.03,0.0,0.0
3.27,0.0,0.0,0.0,0.0
6.43,0.0,0.0,0.0,0.0
6.88,2.53,0.0,0.0,0.0
7.78,2.47,0.0,0.0,0.0
9.13,5.46,0.0,0.0,0.0
10.47,2.15,0.0,0.0,0.0
12.72,1.66,0.0,0.0,0.0
14.07,11.91,1.02,0.0,0.0
13.17,5.12,1.14,0.0,0.0
12.27,16.22,1.33,0.0,0.0
11.37,15.22,1.47,0.0,0.0
11.37,3.64,1.39,0.0,0.0
12.72,5.12,1.34,0.0,0.0
12.72,3.81,1.19,0.0,0.0
11.82,2.64,0.62,0.0,0.0
10.92,1.66,0.56,0.0,0.0
10.02,6.61,0.89,0.0,0.0
9.13,6.94,0.32,0.0,0.0
5.08,7.11,0.0,0.0,0.0
2.38,2.48,0.0,0.0,0.0
2.38,0.0,0.0,0.0,0.0
1.92,0.0,0.0,0.0,0.0
2.37,0.0,0.0,0.0,0.0
1.92,0.0,0.0,0.0,0.0
3.27,0.0,0.0,0.0,0.0
6.41,0.0,0.0,0.0,0.0
6.88,0.0,0.0,0.0,0.0
7.78,2.54,0.0,0.0,0.0
9.13,2.48,0.0,0.0,0.0
10.47,2.48,0.0,0.0,0.0
12.72,1.66,0.0,0.0,0.0
14.07,11.92,0.0,0.0,0.0
13.17,9.93,0.0,0.0,0.0
12.27,16.22,0.0,0.0,0.0
11.37,15.24,0.0,0.0,0.0
11.37,4.14,0.0,0.0,0.0
12.72,4.14,0.0,0.0,0.0
12.72,3.81,0.0,0.0,0.0
11.82,2.64,0.0,0.0,0.0
10.92,1.66,0.0,0.0,0.0
10.02,6.62,0.0,0.0,0.0
9.13,6.95,0.0,0.0,0.0
5.08,7.12,0.0,0.0,0.0
2.38,0.0,0.0,0.0,0.0
2.38,0.0,0.0,0.0,0.0
1.92,0.0,0.0,0.0,0.0
2.37,0.0,0.0,0.0,0.0
1.92,0.0,0.0,0.0,0.0
3.27,0.0,0.0,0.0,0.0
6.41,0.0,0.0,0.0,0.0
6.88,0.0,0.0,0.0,0.0
7.78,2.55,0.0,0.0,0.0
9.13,2.49,0.0,0.0,0.0
10.47,2.48,0.0,0.0,0.0
12.72,1.66,0.0,0.0,0.0
14.07,11.93,0.0,0.0,0.0
13.17,9.95,0.0,0.0,0.0
12.27,16.24,0.0,0.0,0.0
11.37,15.25,0.0,0.0,0.0
11.37,4.14,0.0,0.0,0.0
12.72,4.15,0.0,0.0,0.0
12.72,3.81,0.0,0.0,0.0
11.82,2.65,0.0,0.0,0.0
10.92,1.66,0.0,0.0,0.0
10.02,6.62,0.0,0.0,0.0
9.13,6.96,0.0,0.0,0.0
5.08,7.13,0.0,0.0,0.0
2.38,0.0,0.0,0.0,0.0
2.38,0.0,0.0,0.0,0.0
1.92,0.0,0.0,0.0,0.0
2.37,0.0,0.0,0.0,0.0
1.92,0.0,0.0,0.0,0.0
3.27,0.0,0.0,0.0,0.0
6.41,0.0,0.0,0.0,0.0
6.88,0.0,0.0,0.0,0.0
7.78,2.53,0.0,0.0,0.0
9.13,2.49,0.0,0.0,0.0
10.47,2.49,0.0,0.0,0.0
12.72,1.65,0.0,0.0,0.0
14.07,11.94,0.0,0.0,0.0
13.17,9.95,0.0,0.0,0.0
12.27,16.26,0.0,0.0,0.0
11.37,15.26,0.0,0.0,0.0
11.37,4.15,0.0,0.0,0.0
12.72,4.15,0.0,0.0,0.0
12.72,3.81,0.0,0.0,0.0
11.82,2.65,0.0,0.0,0.0
10.92,1.66,0.0,0.0,0.0
10.02,6.63,0.0,0.0,0.0
9.13,6.97,0.0,0.0,0.0
5.08,7.13,0.0,0.0,0.0
2.38,0.0,0.0,0.0,0.0
2.38,0.0,0.0,0.0,0.0
1.92,0.0,0.0,0.0,0.0
2.37,0.0,0.0,0.0,0.0
1.92,0.0,0.0,0.0,0.0
3.27,0.0,0.0,0.0,0.0
6.43,0.0,0.0,0.0,0.0
6.88,2.53,0.0,0.0,0.0
7.78,2.49,0.0,0.0,0.0
9.13,5.48,0.0,0.0,0.0
10.47,2.16,0.0,0.0,0.0
12.72,1.66,0.0,0.0,0.0
14.07,11.95,0.0,0.0,0.0
13.17,5.15,0.07,0.0,0.0
12.27,16.27,0.45,0.0,0.0
11.37,15.27,0.87,0.0,0.0
11.37,3.66,0.86,0.0,0.0
12.72,5.14,0.38,0.0,0.0
12.72,3.82,0.0,0.0,0.0
11.82,2.65,0.0,0.0,0.0
10.92,1.66,0.0,0.0,0.0
10.02,6.64,0.0,0.0,0.0
9.13,6.97,0.0,0.0,0.0
5.08,7.14,0.0,0.0,0.0
2.38,2.49,0.0,0.0,0.0
2.38,0.0,0.0,0.0,0.0
1.92,0.0,0.0,0.0,0.0
2.37,0.0,0.0,0.0,0.0
1.92,0.0,0.0,0.0,0.0
3.27,0.0,0.0,0.0,0.0
6.43,0.0,0.0,0.0,0.0
6.88,2.53,0.0,0.0,0.0
7.78,2.49,0.0,0.0,0.0
9.13,5.48,0.0,0.0,0.0
10.47,2.16,0.0,0.0,0.0
12.72,1.67,0.0,0.0,0.0
14.07,11.96,0.0,0.0,0.0
13.17,5.15,0.0,0.0,0.0
12.27,16.29,0.0,0.0,0.0
11.37,15.29,0.0,0.0,0.0
11.37,3.66,0.0,0.0,0.0
12.72,5.15,0.0,0.0,0.0
12.72,3.83,0.0,0.0,0.0
11.82,2.65,0.0,0.0,0.0
10.92,1.67,0.0,0.0,0.0
10.02,6.64,0.0,0.0,0.0
9.13,6.98,0.0,0.0,0.0
5.08,7.15,0.0,0.0,0.0
2.38,2.5,0.0,0.0,0.0
2.38,0.0,0.0,0.0,0.0
1.92,0.0,0.0,0.0,0.0
2.37,0.0,0.0,0.0,0.0
1.92,0.0,0.0,0.0,0.0
3.27,0.0,0.0,0.0,0.0
6.43,0.0,0.0,0.0,0.0
6.88,2.54,0.0,0.0,0.0
7.78,2.49,0.0,0.0,0.0
9.13,5.49,0.0,0.0,0.0
10.47,2.16,0.0,0.0,0.0
12.72,1.67,0.48,0.0,0.0
14.07,11.97,2.82,0.0,0.0
13.17,5.15,3.63,0.0,0.0
12.27,16.31,3.89,0.0,0.0
11.37,15.3,3.88,0.0,0.0
11.37,3.66,3.37,0.0,0.0
12.72,5.15,2.58,0.0,0.0
12.72,3.83,1.82,0.0,0.0
11.82,2.65,1.21,0.0,0.0
10.92,1.67,1.05,0.0,0.0
10.02,6.65,1.05,0.0,0.0
9.13,6.98,0.11,0.0,0.0
5.08,7.15,0.0,0.0,0.0
2.38,2.5,0.0,0.0,0.0
2.38,0.0,0.0,0.0,0.0
1.92,0.0,0.0,0.0,0.0
2.37,0.0,0.0,0.0,0.0
1.92,0.0,0.02,0.0,0.0
3.27,0.0,0.0,0.0,0.0
6.43,0.0,0.0,0.0,0.0
6.88,2.54,0.0,0.0,0.0
7.78,2.49,0.0,0.0,0.0
9.13,5.49,0.0,0.0,0.0
10.47,2.16,0.0,0.0,0.0
12.72,1.67,0.0,0.0,0.0
14.07,11.98,0.78,0.0,0.0
13.17,5.16,1.27,0.0,0.0
12.27,16.32,1.58,0.0,0.0
11.37,15.31,2.03,0.0,0.0
11.37,3.66,1.61,0.0,0.0
12.72,5.15,1.74,0.0,0.0
12.72,3.83,1.83,0.0,0.0
11.82,2.66,1.22,0.0,0.0
10.92,1.67,1.32,0.0,0.0
10.02,6.66,1.37,0.0,0.0
9.13,6.99,0.26,0.0,0.0
5.08,7.16,0.0,0.0,0.0
2.38,2.5,0.0,0.0,0.0
2.38,0.0,0.0,0.0,0.0
1.92,0.0,0.0,0.0,0.0
2.37,0.0,0.0,0.0,0.0
1.92,0.0,0.02,0.0,0.0
3.27,0.0,0.04,0.0,0.0
6.43,0.0,0.0,0.0,0.0
6.88,2.54,0.0,0.0,0.0
7.78,2.5,0.0,0.0,0.0
9.13,5.49,0.0,0.0,0.0
10.47,2.16,0.0,0.0,0.0
12.72,1.67,0.6,0.0,0.0
14.07,11.99,3.93,0.0,0.0
13.17,5.16,5.7,0.0,0.0
12.27,16.33,5.78,0.0,0.0
11.37,15.33,4.98,0.0,0.0
11.37,3.67,5.12,0.0,0.0
12.72,5.16,4.29,0.0,0.0
12.72,3.83,2.7,0.0,0.0
11.82,2.66,1.91,0.0,0.0
10.92,1.67,0.96,0.0,0.0
10.02,6.66,1.31,0.0,0.0
9.13,6.99,0.44,0.0,0.0
5.08,7.16,0.0,0.0,0.0
2.38,2.5,0.18,0.0,0.0
2.38,0.0,0.0,0.0,0.0
1.92,0.0,0.0,0.0,0.0
2.37,0.0,0.0,0.0,0.0
1.92,0.0,0.06,0.0,0.0
3.27,0.0,0.0,0.0,0.0
6.41,0.0,0.08,0.0,0.0
6.88,0.0,0.0,0.0,0.0
7.78,2.56,0.0,0.0,0.0
9.13,2.5,0.0,0.0,0.0
10.47,2.5,0.73,0.0,0.0
12.72,1.67,2.97,0.0,0.0
14.07,12.0,5.62,0.0,0.0
13.17,10.0,6.85,0.0,0.0
12.27,16.34,7.22,0.0,0.0
11.37,15.35,7.34,0.0,0.0
11.37,4.17,6.22,0.0,0.0
12.72,4.16,4.54,0.0,0.0
12.72,3.84,3.46,0.0,0.0
11.82,2.66,2.96,0.0,0.0
10.92,1.67,2.58,0.0,0.0
10.02,6.67,1.97,0.0,0.0
9.13,7.0,0.8,0.0,0.0
5.08,7.17,0.0,0.0,0.0
2.38,0.0,0.0,0.0,0.0
2.38,0.0,0.0,0.0,0.0
1.92,0.0,0.0,0.0,0.0
2.37,0.0,0.0,0.0,0.0
1.92,0.0,0.0,0.0,0.0
3.27,0.0,0.0,0.0,0.0
6.41,0.0,0.0,0.0,0.0
6.88,0.0,0.0,0.0,0.0
7.78,2.56,0.0,0.0,0.0
9.13,2.5,0.0,0.0,0.0
10.47,2.5,0.0,0.0,0.0
12.72,1.67,0.0,0.0,0.0
14.07,12.01,0.0,0.0,0.0
13.17,10.01,0.0,0.0,0.0
12.27,16.35,0.0,0.0,0.0
11.37,15.35,0.0,0.0,0.0
11.37,4.17,0.0,0.0,0.0
12.72,4.17,0.0,0.0,0.0
12.72,3.84,0.0,0.0,0.0
11.82,2.66,0.0,0.0,0.0
10.92,1.67,0.0,0.0,0.0
10.02,6.67,0.0,0.0,0.0
9.13,7.0,0.0,0.0,0.0
5.08,7.17,0.0,0.0,0.0
2.38,0.0,0.0,0.0,0.0
2.38,0.0,0.0,0.0,0.0
1.92,0.0,0.0,0.0,0.0
2.37,0.0,0.0,0.0,0.0
1.92,0.0,0.0,0.0,0.0
3.27,0.0,0.0,0.0,0.0
6.43,0.0,0.0,0.0,0.0
6.88,2.56,0.0,0.0,0.0
7.78,2.5,0.0,0.0,0.0
9.13,5.51,0.0,0.0,0.0
10.47,2.17,0.0,0.0,0.0
12.72,1.66,0.0,0.0,0.0
14.07,12.02,0.0,0.0,0.0
13.17,5.17,0.0,0.0,0.0
12.27,16.36,0.0,0.0,0.0
11.37,15.36,0.0,0.0,0.0
11.37,3.67,0.0,0.0,0.0
12.72,5.17,0.0,0.0,0.0
12.72,3.84,0.0,0.0,0.0
11.82,2.67,0.0,0.0,0.0
10.92,1.67,0.0,0.0,0.0
10.02,6.68,0.0,0.0,0.0
9.13,7.01,0.0,0.0,0.0
5.08,7.18,0.0,0.0,0.0
2.38,2.5,0.0,0.0,0.0
2.38,0.0,0.0,0.0,0.0
1.92,0.0,0.0,0.0,0.0
2.37,0.0,0.0,0.0,0.0
1.92,0.0,0.0,0.0,0.0
3.27,0.0,0.0,0.0,0.0
6.43,0.0,0.0,0.0,0.0
6.88,2.54,0.0,0.0,0.0
7.78,2.51,0.0,0.0,0.0
9.13,5.51,0.0,0.0,0.0
10.47,2.17,0.0,0.0,0.0
12.72,1.67,0.0,0.0,0.0
14.07,12.02,0.59,0.0,0.0
13.17,5.18,1.08,0.0,0.0
12.27,16.37,1.46,0.0,0.0
11.37,15.37,1.75,0.0,0.0
11.37,3.68,1.75,0.0,0.0
12.72,5.17,1.49,0.0,0.0
12.72,3.84,0.67,0.0,0.0
11.82,2.67,0.03,0.0,0.0
10.92,1.67,0.0,0.0,0.0
10.02,6.68,0.0,0.0,0.0
9.13,7.01,0.0,0.0,0.0
5.08,7.18,0.0,0.0,0.0
2.38,2.5,0.0,0.0,0.0
2.38,0.0,0.0,0.0,0.0
1.92,0.0,0.0,0.0,0.0
2.37,0.0,0.0,0.0,0.0
1.92,0.0,0.0,0.0,0.0
3.27,0.0,0.0,0.0,0.0
6.43,0.0,0.0,0.0,0.0
6.88,2.54,0.0,0.0,0.0
7.78,2.51,0.0,0.0,0.0
9.13,5.51,0.0,0.0,0.0
10.47,2.17,0.0,0.0,0.0
12.72,1.67,0.01,0.0,0.0
14.07,12.03,1.85,0.0,0.0
13.17,5.18,2.58,0.0,0.0
12.27,16.38,2.77,0.0,0.0
11.37,15.37,2.78,0.0,0.0
11.37,3.68,2.61,0.0,0.0
12.72,5.17,1.95,0.0,0.0
12.72,3.85,0.97,0.0,0.0
11.82,2.67,0.16,0.0,0.0
10.92,1.67,0.02,0.0,0.0
10.02,6.68,0.0,0.0,0.0
9.13,7.02,0.0,0.0,0.0
5.08,7.19,0.0,0.0,0.0
2.38,2.51,0.0,0.0,0.0
2.38,0.0,0.0,0.0,0.0
1.92,0.0,0.0,0.0,0.0
2.37,0.0,0.0,0.0,0.0
1.92,0.0,0.0,0.0,0.0
3.27,0.0,0.0,0.0,0.0
6.43,0.0,0.0,0.0,0.0
6.88,2.54,0.0,0.0,0.0
7.78,2.51,0.0,0.0,0.0
9.13,5.51,0.0,0.0,0.0
10.47,2.17,0.0,0.0,0.0
12.72,1.67,1.34,0.0,0.0
14.07,12.04,4.12,0.0,0.0
13.17,5.18,4.83,0.0,0.0
12.27,16.39,4.61,0.0,0.0
11.37,15.38,4.3,0.0,0.0
11.37,3.68,3.83,0.0,0.0
12.72,5.18,3.69,0.0,0.0
12.72,3.85,3.52,0.0,0.0
11.82,2.67,2.88,0.0,0.0
10.92,1.67,2.71,0.0,0.0
10.02,6.69,2.85,0.0,0.0
9.13,7.02,1.15,0.0,0.0
5.08,7.19,0.0,0.0,0.0
2.38,2.51,0.0,0.0,0.0
2.38,0.0,0.0,0.0,0.0
1.92,0.0,0.0,0.0,0.0
2.37,0.0,0.0,0.0,0.0
1.92,0.0,0.0,0.0,0.0
3.27,0.0,0.01,0.0,0.0
6.43,0.0,0.05,0.0,0.0
6.88,2.54,0.0,0.0,0.0
7.78,2.51,0.0,0.0,0.0
9.13,5.52,0.0,0.0,0.0
10.47,2.17,0.97,0.0,0.0
12.72,1.67,4.18,0.0,0.0
14.07,12.04,7.14,0.0,0.0
13.17,5.19,15.01,0.0,0.0
12.27,16.4,18.49,0.0,0.0
11.37,15.39,15.44,0.0,0.0
11.37,3.68,11.56,0.0,0.0
12.72,5.18,7.32,0.0,0.0
12.72,3.85,5.37,0.0,0.0
11.82,2.67,4.15,0.0,0.0
10.92,1.68,2.5,0.0,0.0
10.02,6.69,2.08,0.0,0.0
9.13,7.02,0.47,0.0,0.0
5.08,7.19,0.0,0.0,0.0
2.38,2.51,0.0,0.0,0.0
2.38,0.0,0.0,0.0,0.0
1.92,0.0,0.0,0.0,0.0
2.37,0.0,0.0,0.0,0.0
1.92,0.0,0.0,0.0,0.0
3.27,0.0,0.0,0.0,0.0
6.41,0.0,0.0,0.0,0.0
6.88,0.0,0.0,0.0,0.0
7.78,2.56,0.0,0.0,0.0
9.13,2.51,0.0,0.0,0.0
10.47,2.51,0.0,0.0,0.0
12.72,1.67,0.31,0.0,0.0
14.07,12.05,2.95,0.0,0.0
13.17,10.04,3.96,0.0,0.0
12.27,16.41,3.92,0.0,0.0
11.37,15.4,3.72,0.0,0.0
11.37,4.19,3.4,0.0,0.0
12.72,4.18,3.0,0.0,0.0
12.72,3.84,2.52,0.0,0.0
11.82,2.68,1.58,0.0,0.0
10.92,1.67,1.05,0.0,0.0
10.02,6.69,1.36,0.0,0.0
9.13,7.03,0.29,0.0,0.0
5.08,7.19,0.0,0.0,0.0
2.38,0.0,0.0,0.0,0.0
2.38,0.0,0.0,0.0,0.0
1.92,0.0,0.0,0.0,0.0
2.37,0.0,0.0,0.0,0.0
1.92,0.0,0.0,0.0,0.0
3.27,0.0,0.0,0.0,0.0
6.41,0.0,0.0,0.0,0.0
6.88,0.0,0.0,0.0,0.0
7.78,2.55,0.0,0.0,0.0
9.13,2.51,0.0,0.0,0.0
10.47,2.51,0.0,0.0,0.0
12.72,1.67,0.0,0.0,0.0
14.07,12.06,0.0,0.0,0.0
13.17,10.05,0.0,0.0,0.0
12.27,16.41,0.0,0.0,0.0
11.37,15.4,0.05,0.0,0.0
11.37,4.18,0.07,0.0,0.0
12.72,4.19,0.0,0.0,0.0
12.72,3.85,0.0,0.0,0.0
11.82,2.67,0.0,0.0,0.0
10.92,1.68,0.0,0.0,0.0
10.02,6.69,0.0,0.0,0.0
9.13,7.03,0.0,0.0,0.0
5.08,7.2,0.0,0.0,0.0
2.38,0.0,0.0,0.0,0.0
2.38,0.0,0.0,0.0,0.0
1.92,0.0,0.0,0.0,0.0
2.37,0.0,0.0,0.0,0.0
1.92,0.0,0.0,0.0,0.0
3.27,0.0,0.0,0.0,0.0
6.43,0.0,0.0,0.0,0.0
6.88,2.57,0.0,0.0,0.0
7.78,2.51,0.0,0.0,0.0
9.13,5.53,0.0,0.0,0.0
10.47,2.18,0.0,0.0,0.0
12.72,1.67,0.0,0.0,0.0
14.07,12.06,0.0,0.0,0.0
13.17,5.19,0.0,0.0,0.0
12.27,16.41,0.12,0.0,0.0
11.37,15.41,0.39,0.0,0.0
11.37,3.69,0.42,0.0,0.0
12.72,5.19,0.23,0.0,0.0
12.72,3.85,0.0,0.0,0.0
11.82,2.68,0.0,0.0,0.0
10.92,1.67,0.0,0.0,0.0
10.02,6.7,0.0,0.0,0.0
9.13,7.03,0.0,0.0,0.0
5.08,7.2,0.0,0.0,0.0
2.38,2.51,0.0,0.0,0.0
2.38,0.0,0.0,0.0,0.0
1.92,0.0,0.0,0.0,0.0
2.37,0.0,0.0,0.0,0.0
1.92,0.0,0.0,0.0,0.0
3.27,0.0,0.0,0.0,0.0
6.43,0.0,0.0,0.0,0.0
6.88,2.55,0.0,0.0,0.0
7.78,2.51,0.0,0.0,0.0
9.13,5.53,0.0,0.0,0.0
10.47,2.18,0.0,0.0,0.0
12.72,1.67,0.0,0.0,0.0
14.07,12.06,0.84,0.0,0.0
13.17,5.2,1.57,0.0,0.0
12.27,16.42,1.52,0.0,0.0
11.37,15.42,1.33,0.0,0.0
11.37,3.69,1.1,0.0,0.0
12.72,5.19,0.66,0.0,0.0
12.72,3.85,0.07,0.0,0.0
11.82,2.68,0.0,0.0,0.0
10.92,1.67,0.0,0.0,0.0
10.02,6.7,0.0,0.0,0.0
9.13,7.04,0.0,0.0,0.0
5.08,7.2,0.0,0.0,0.0
2.38,2.51,0.0,0.0,0.0
2.38,0.0,0.0,0.0,0.0
1.92,0.0,0.0,0.0,0.0
2.37,0.0,0.0,0.0,0.0
1.92,0.0,0.04,0.0,0.0
3.27,0.0,0.05,0.0,0.0
6.43,0.0,0.05,0.0,0.0
6.88,2.55,0.0,0.0,0.0
7.78,2.52,0.0,0.0,0.0
9.13,5.53,0.0,0.0,0.0
10.47,2.18,0.94,0.0,0.0
12.72,1.67,3.76,0.0,0.0
14.07,12.06,5.99,0.0,0.0
13.17,5.2,6.11,0.0,0.0
12.27,16.42,5.84,0.0,0.0
11.37,15.42,5.78,0.0,0.0
11.37,3.69,5.53,0.0,0.0
12.72,5.19,5.21,0.0,0.0
12.72,3.85,4.68,0.0,0.0
11.82,2.68,4.15,0.0,0.0
10.92,1.67,4.02,0.0,0.0
10.02,6.7,3.95,0.0,0.0
9.13,7.04,3.47,0.0,0.0
5.08,7.21,0.2,0.0,0.0
2.38,2.51,0.61,0.0,0.0
2.38,0.0,0.0,0.0,0.0
1.92,0.0,0.0,0.0,0.0
2.37,0.0,0.0,0.0,0.0
1.92,0.0,0.07,0.0,0.0
3.27,0.0,0.0,0.0,0.0
6.43,0.0,0.07,0.0,0.0
6.88,2.55,0.0,0.0,0.0
7.78,2.52,0.0,0.0,0.0
9.13,5.53,0.0,0.0,0.0
10.47,2.18,0.94,0.0,0.0
12.72,1.67,5.4,0.0,0.0
14.07,12.07,10.14,0.0,0.0
13.17,5.2,15.16,0.0,0.0
12.27,16.43,15.89,0.0,0.0
11.37,15.42,12.25,0.0,0.0
11.37,3.69,8.76,0.0,0.0
12.72,5.19,7.87,0.0,0.0
12.72,3.86,6.75,0.0,0.0
11.82,2.68,6.1,0.0,0.0
10.92,1.67,5.79,0.0,0.0
10.02,6.71,5.51,0.0,0.0
9.13,7.04,4.7,0.0,0.0
5.08,7.21,0.55,0.0,0.0
2.38,2.51,0.45,0.0,0.0
2.38,0.0,0.0,0.0,0.0
1.92,0.0,0.0,0.0,0.0
2.37,0.0,0.0,0.0,0.0
1.92,0.0,0.0,0.0,0.0
3.27,0.0,0.0,0.0,0.0
6.43,0.0,0.0,0.0,0.0
6.88,2.55,0.0,0.0,0.0
7.78,2.52,0.0,0.0,0.0
9.13,5.53,0.0,0.0,0.0
10.47,2.18,0.0,0.0,0.0
12.72,1.67,0.0,0.0,0.0
14.07,12.07,0.0,0.0,0.0
13.17,5.2,0.0,0.0,0.0
12.27,16.43,0.0,0.0,0.0
11.37,15.43,0.0,0.0,0.0
11.37,3.69,0.0,0.0,0.0
12.72,5.2,0.0,0.0,0.0
12.72,3.85,0.0,0.0,0.0
11.82,2.68,0.0,0.0,0.0
10.92,1.67,0.0,0.0,0.0
10.02,6.71,0.0,0.0,0.0
9.13,7.04,0.0,0.0,0.0
5.08,7.21,0.0,0.0,0.0
2.38,2.51,0.0,0.0,0.0
2.38,0.0,0.0,0.0,0.0
1.92,0.0,0.0,0.0,0.0
2.37,0.0,0.0,0.0,0.0
1.92,0.0,0.0,0.0,0.0
3.27,0.0,0.0,0.0,0.0
6.41,0.0,0.0,0.0,0.0
6.88,0.0,0.0,0.0,0.0
7.78,2.57,0.0,0.0,0.0
9.13,2.51,0.0,0.0,0.0
10.47,2.51,0.0,0.0,0.0
12.72,1.68,0.0,0.0,0.0
14.07,12.07,0.0,0.0,0.0
13.17,10.06,0.0,0.0,0.0
12.27,16.44,0.0,0.0,0.0
11.37,15.44,0.0,0.0,0.0
11.37,4.19,0.0,0.0,0.0
12.72,4.19,0.0,0.0,0.0
12.72,3.86,0.0,0.0,0.0
11.82,2.68,0.0,0.0,0.0
10.92,1.68,0.0,0.0,0.0
10.02,6.7,0.0,0.0,0.0
9.13,7.04,0.0,0.0,0.0
5.08,7.21,0.0,0.0,0.0
2.38,0.0,0.0,0.0,0.0
2.38,0.0,0.0,0.0,0.0
1.92,0.0,0.0,0.0,0.0
2.37,0.0,0.0,0.0,0.0
1.92,0.0,0.0,0.0,0.0
3.27,0.0,0.0,0.0,0.0
6.41,0.0,0.0,0.0,0.0
6.88,0.0,0.0,0.0,0.0
7.78,2.58,0.0,0.0,0.0
9.13,2.52,0.0,0.0,0.0
10.47,2.51,0.0,0.0,0.0
12.72,1.68,0.0,0.0,0.0
14.07,12.07,0.0,0.0,0.0
13.17,10.06,0.0,0.0,0.0
12.27,16.44,0.0,0.0,0.0
11.37,15.44,0.0,0.0,0.0
11.37,4.19,0.0,0.0,0.0
12.72,4.19,0.0,0.0,0.0
12.72,3.86,0.0,0.0,0.0
11.82,2.68,0.0,0.0,0.0
10.92,1.68,0.0,0.0,0.0
10.02,6.71,0.0,0.0,0.0
9.13,7.04,0.0,0.0,0.0
5.08,7.21,0.0,0.0,0.0
2.38,0.0,0.0,0.0,0.0
2.38,0.0,0.0,0.0,0.0
1.92,0.0,0.0,0.0,0.0
2.37,0.0,0.0,0.0,0.0
1.92,0.0,0.0,0.0,0.0
3.27,0.0,0.0,0.0,0.0
6.43,0.0,0.0,0.0,0.0
6.88,2.57,0.0,0.0,0.0
7.78,2.51,0.0,0.0,0.0
9.13,5.53,0.0,0.0,0.0
10.47,2.18,0.52,0.0,0.0
12.72,1.68,2.58,0.0,0.0
14.07,12.08,5.33,0.0,0.0
13.17,5.2,6.28,0.0,0.0
12.27,16.44,7.93,0.0,0.0
11.37,15.44,8.02,0.0,0.0
11.37,3.69,6.84,0.0,0.0
12.72,5.2,6.1,0.0,0.0
12.72,3.85,4.97,0.0,0.0
11.82,2.69,4.38,0.0,0.0
10.92,1.67,4.15,0.0,0.0
10.02,6.71,4.1,0.0,0.0
9.13,7.04,3.62,0.0,0.0
5.08,7.21,0.29,0.0,0.0
2.38,2.51,0.83,0.0,0.0
2.38,0.0,0.0,0.0,0.0
1.92,0.0,0.0,0.0,0.0
2.37,0.0,0.0,0.0,0.0
1.92,0.0,0.12,0.0,0.0
3.27,0.0,0.17,0.0,0.0
6.43,0.0,1.1,0.0,0.0
6.88,2.57,0.74,0.0,0.0
7.78,2.51,0.06,0.0,0.0
9.13,5.54,2.63,0.0,0.0
10.47,2.18,3.93,0.0,0.0
12.72,1.68,5.76,0.0,0.0
14.07,12.08,7.53,0.0,0.0
13.17,5.2,8.05,0.0,0.0
12.27,16.44,8.45,0.0,0.0
11.37,15.44,8.05,0.0,0.0
11.37,3.69,4.18,0.0,0.0
12.72,5.2,1.79,0.0,0.0
12.72,3.85,1.27,0.0,0.0
11.82,2.69,0.48,0.0,0.0
10.92,1.67,0.0,0.0,0.0
10.02,6.71,0.24,0.0,0.0
9.13,7.05,0.0,0.0,0.0
5.08,7.21,0.0,0.0,0.0
2.38,2.52,0.0,0.0,0.0
2.38,0.0,0.0,0.0,0.0
1.92,0.0,0.0,0.0,0.0
2.37,0.0,0.0,0.0,0.0
1.92,0.0,0.0,0.0,0.0
3.27,0.0,0.0,0.0,0.0
6.43,0.0,0.0,0.0,0.0
6.88,2.57,0.0,0.0,0.0
7.78,2.51,0.0,0.0,0.0
9.13,5.53,0.0,0.0,0.0
10.47,2.18,0.0,0.0,0.0
12.72,1.68,0.0,0.0,0.0
14.07,12.08,0.0,0.0,0.0
13.17,5.2,0.0,0.0,0.0
12.27,16.45,0.0,0.0,0.0
11.37,15.43,0.0,0.0,0.0
11.37,3.69,0.0,0.0,0.0
12.72,5.2,0.0,0.0,0.0
12.72,3.86,0.0,0.0,0.0
11.82,2.68,0.0,0.0,0.0
10.92,1.68,0.0,0.0,0.0
10.02,6.71,0.0,0.0,0.0
9.13,7.04,0.0,0.0,0.0
5.08,7.21,0.0,0.0,0.0
2.38,2.51,0.0,0.0,0.0
2.38,0.0,0.0,0.0,0.0
1.92,0.0,0.0,0.0,0.0
2.37,0.0,0.0,0.0,0.0
1.92,0.0,0.0,0.0,0.0
3.27,0.0,0.0,0.0,0.0
6.43,0.0,0.0,0.0,0.0
6.88,2.55,0.0,0.0,0.0
7.78,2.52,0.0,0.0,0.0
9.13,5.53,0.0,0.0,0.0
10.47,2.18,0.0,0.0,0.0
12.72,1.67,0.0,0.0,0.0
14.07,12.08,0.0,0.0,0.0
13.17,5.2,0.05,0.0,0.0
12.27,16.44,0.81,0.0,0.0
11.37,15.44,1.31,0.0,0.0
11.37,3.69,1.33,0.0,0.0
12.72,5.2,0.9,0.0,0.0
12.72,3.86,0.07,0.0,0.0
11.82,2.69,0.0,0.0,0.0
10.92,1.67,0.0,0.0,0.0
10.02,6.71,0.0,0.0,0.0
9.13,7.04,0.0,0.0,0.0
5.08,7.21,0.0,0.0,0.0
2.38,2.51,0.0,0.0,0.0
2.38,0.0,0.0,0.0,0.0
1.92,0.0,0.0,0.0,0.0
2.37,0.0,0.0,0.0,0.0
1.92,0.0,0.0,0.0,0.0
3.27,0.0,0.0,0.0,0.0
6.43,0.0,0.0,0.0,0.0
6.88,2.55,0.0,0.0,0.0
7.78,2.52,0.0,0.0,0.0
9.13,5.53,0.0,0.0,0.0
10.47,2.18,0.0,0.0,0.0
12.72,1.67,1.19,0.0,0.0
14.07,12.08,3.84,0.0,0.0
13.17,5.2,4.96,0.0,0.0
12.27,16.44,6.7,0.0,0.0
11.37,15.44,7.31,0.0,0.0
11.37,3.69,6.2,0.0,0.0
12.72,5.2,4.55,0.0,0.0
12.72,3.86,3.46,0.0,0.0
11.82,2.68,2.67,0.0,0.0
10.92,1.68,1.54,0.0,0.0
10.02,6.71,0.87,0.0,0.0
9.13,7.05,0.0,0.0,0.0
5.08,7.21,0.0,0.0,0.0
2.38,2.51,0.0,0.0,0.0
2.38,0.0,0.0,0.0,0.0
1.92,0.0,0.0,0.0,0.0
2.37,0.0,0.0,0.0,0.0
1.92,0.0,0.0,0.0,0.0
3.27,0.0,0.0,0.0,0.0
6.41,0.0,0.0,0.0,0.0
6.88,0.0,0.0,0.0,0.0
7.78,2.55,0.0,0.0,0.0
9.13,2.52,0.0,0.0,0.0
10.47,2.52,0.08,0.0,0.0
12.72,1.67,2.6,0.0,0.0
14.07,12.08,6.07,0.0,0.0
13.17,10.07,6.87,0.0,0.0
12.27,16.44,6.9,0.0,0.0
11.37,15.43,6.76,0.0,0.0
11.37,4.19,6.46,0.0,0.0
12.72,4.19,5.9,0.0,0.0
12.72,3.86,5.23,0.0,0.0
11.82,2.68,4.72,0.0,0.0
10.92,1.68,4.49,0.0,0.0
10.02,6.7,4.08,0.0,0.0
9.13,7.04,3.32,0.0,0.0
5.08,7.21,0.22,0.0,0.0
2.38,0.0,0.21,0.0,0.0
2.38,0.0,0.0,0.0,0.0
1.92,0.0,0.0,0.0,0.0
2.37,0.0,0.0,0.0,0.0
1.92,0.0,0.13,0.0,0.0
3.27,0.0,0.0,0.0,0.0
6.41,0.0,0.0,0.0,0.0
6.88,0.0,0.0,0.0,0.0
7.78,2.58,0.0,0.0,0.0
9.13,2.52,0.92,0.0,0.0
10.47,2.52,3.77,0.0,0.0
12.72,1.67,8.44,0.0,0.0
14.07,12.08,17.94,0.0,0.0
13.17,10.07,21.66,0.0,0.0
12.27,16.43,20.41,0.0,0.0
11.37,15.43,17.9,0.0,0.0
11.37,4.19,13.07,0.0,0.0
12.72,4.19,9.82,0.0,0.0
12.72,3.86,8.33,0.0,0.0
11.82,2.68,7.98,0.0,0.0
10.92,1.68,7.76,0.0,0.0
10.02,6.7,7.17,0.0,0.0
9.13,7.04,5.92,0.0,0.0
5.08,7.21,1.93,0.0,0.0
2.38,0.0,1.01,0.0,0.0
2.38,0.0,0.0,0.0,0.0
1.92,0.0,0.0,0.0,0.0
2.37,0.0,0.0,0.0,0.0
1.92,0.0,0.28,0.0,0.0
3.27,0.0,0.08,0.0,0.0
6.43,0.0,0.21,0.0,0.0
6.88,2.57,0.0,0.0,0.0
7.78,2.52,0.16,0.0,0.0
9.13,5.53,2.99,0.0,0.0
10.47,2.18,4.84,0.0,0.0
12.72,1.67,7.38,0.0,0.0
14.07,12.07,9.84,0.0,0.0
13.17,5.2,21.32,0.0,0.0
12.27,16.43,28.47,0.0,0.0
11.37,15.43,26.12,0.0,0.0
11.37,3.69,23.9,0.0,0.0
12.72,5.19,22.56,0.0,0.0
12.72,3.86,19.62,0.0,0.0
11.82,2.68,16.62,0.0,0.0
10.92,1.67,15.24,0.0,0.0
10.02,6.71,12.47,0.0,0.0
9.13,7.04,9.63,0.0,0.0
5.08,7.21,6.42,0.0,0.0
2.38,2.51,4.57,0.0,0.0
2.38,0.0,0.0,0.0,0.0
1.92,0.0,0.0,0.0,0.0
2.37,0.0,0.0,0.0,0.0
1.92,0.0,1.06,0.0,0.0
3.27,0.0,4.06,0.0,0.0
6.43,0.0,6.8,0.0,0.0
6.88,2.55,6.42,0.0,0.0
7.78,2.52,5.38,0.0,0.0
9.13,5.53,8.82,0.0,0.0
10.47,2.18,17.87,0.0,0.0
12.72,1.67,22.83,0.0,0.0
14.07,12.07,28.6,0.0,0.0
13.17,5.2,33.75,0.0,0.0
12.27,16.43,31.95,0.0,0.0
11.37,15.43,25.83,0.0,0.0
11.37,3.69,23.78,0.0,0.0
12.72,5.19,23.57,0.0,0.0
12.72,3.86,23.6,0.0,0.0
11.82,2.68,25.24,0.0,0.0
10.92,1.68,23.9,0.0,0.0
10.02,6.71,23.16,0.0,0.0
9.13,7.04,20.61,0.0,0.0
5.08,7.21,14.49,0.0,0.0
2.38,2.51,10.33,0.0,0.0
2.38,0.0,0.0,0.0,0.0
1.92,0.0,0.0,0.0,0.0
2.37,0.0,0.0,0.0,0.0
1.92,0.0,0.03,0.0,0.0
3.27,0.0,0.03,0.0,0.0
6.43,0.0,0.02,0.0,0.0
6.88,2.55,0.0,0.0,0.0
7.78,2.52,0.0,0.0,0.0
9.13,5.53,0.0,0.0,0.0
10.47,2.18,0.0,0.0,0.0
12.72,1.67,0.65,0.0,0.0
14.07,12.07,2.61,0.0,0.0
13.17,5.2,3.34,0.0,0.0
12.27,16.43,3.58,0.0,0.0
11.37,15.42,3.47,0.0,0.0
11.37,3.69,3.63,0.0,0.0
12.72,5.19,3.31,0.0,0.0
12.72,3.86,2.44,0.0,0.0
11.82,2.68,1.9,0.0,0.0
10.92,1.67,1.79,0.0,0.0
10.02,6.7,1.63,0.0,0.0
9.13,7.04,0.68,0.0,0.0
5.08,7.21,0.0,0.0,0.0
2.38,2.51,0.0,0.0,0.0
2.38,0.0,0.0,0.0,0.0
1.92,0.0,0.0,0.0,0.0
2.37,0.0,0.0,0.0,0.0
1.92,0.0,0.0,0.0,0.0
3.27,0.0,0.0,0.0,0.0
6.43,0.0,0.0,0.0,0.0
6.88,2.55,0.0,0.0,0.0
7.78,2.51,0.0,0.0,0.0
9.13,5.53,0.0,0.0,0.0
10.47,2.18,0.0,0.0,0.0
12.72,1.67,0.0,0.0,0.0
14.07,12.06,0.0,0.0,0.0
13.17,5.2,0.0,0.0,0.0
12.27,16.42,0.26,0.0,0.0
11.37,15.42,0.5,0.0,0.0
11.37,3.69,0.46,0.0,0.0
12.72,5.19,0.21,0.0,0.0
12.72,3.86,0.0,0.0,0.0
11.82,2.68,0.0,0.0,0.0
10.92,1.68,0.0,0.0,0.0
10.02,6.7,0.0,0.0,0.0
9.13,7.04,0.0,0.0,0.0
5.08,7.21,0.0,0.0,0.0
2.38,2.51,0.0,0.0,0.0
2.38,0.0,0.0,0.0,0.0
1.92,0.0,0.0,0.0,0.0
2.37,0.0,0.0,0.0,0.0
1.92,0.0,0.0,0.0,0.0
3.27,0.0,0.0,0.0,0.0
6.43,0.0,0.0,0.0,0.0
6.88,2.55,0.0,0.0,0.0
7.78,2.51,0.0,0.0,0.0
9.13,5.53,0.0,0.0,0.0
10.47,2.18,0.0,0.0,0.0
12.72,1.67,0.0,0.0,0.0
14.07,12.06,0.0,0.0,0.0
13.17,5.2,0.0,0.0,0.0
12.27,16.41,0.0,0.0,0.0
11.37,15.41,0.0,0.0,0.0
11.37,3.69,0.05,0.0,0.0
12.72,5.19,0.0,0.0,0.0
12.72,3.85,0.0,0.0,0.0
11.82,2.68,0.0,0.0,0.0
10.92,1.67,0.0,0.0,0.0
10.02,6.7,0.0,0.0,0.0
9.13,7.03,0.0,0.0,0.0
5.08,7.2,0.0,0.0,0.0
2.38,2.51,0.0,0.0,0.0
2.38,0.0,0.0,0.0,0.0
1.92,0.0,0.0,0.0,0.0
2.37,0.0,0.0,0.0,0.0
1.92,0.0,0.0,0.0,0.0
3.27,0.0,0.0,0.0,0.0
6.41,0.0,0.0,0.0,0.0
6.88,0.0,0.0,0.0,0.0
7.78,2.55,0.0,0.0,0.0
9.13,2.52,0.0,0.0,0.0
10.47,2.51,0.0,0.0,0.0
12.72,1.67,0.0,0.0,0.0
14.07,12.06,0.27,0.0,0.0
13.17,10.05,0.52,0.0,0.0
12.27,16.41,0.67,0.0,0.0
11.37,15.41,0.59,0.0,0.0
11.37,4.18,0.44,0.0,0.0
12.72,4.19,0.05,0.0,0.0
12.72,3.85,0.0,0.0,0.0
11.82,2.68,0.0,0.0,0.0
10.92,1.68,0.0,0.0,0.0
10.02,6.69,0.0,0.0,0.0
9.13,7.03,0.0,0.0,0.0
5.08,7.2,0.0,0.0,0.0
2.38,0.0,0.0,0.0,0.0
2.38,0.0,0.0,0.0,0.0
1.92,0.0,0.0,0.0,0.0
2.37,0.0,0.0,0.0,0.0
1.92,0.0,0.0,0.0,0.0
3.27,0.0,0.0,0.0,0.0
6.41,0.0,0.0,0.0,0.0
6.88,0.0,0.0,0.0,0.0
7.78,2.57,0.0,0.0,0.0
9.13,2.51,0.0,0.0,0.0
10.47,2.51,0.0,0.0,0.0
12.72,1.67,0.0,0.0,0.0
14.07,12.05,0.46,0.0,0.0
13.17,10.04,0.99,0.0,0.0
12.27,16.4,1.42,0.0,0.0
11.37,15.4,1.32,0.0,0.0
11.37,4.18,1.23,0.0,0.0
12.72,4.19,1.06,0.0,0.0
12.72,3.85,0.28,0.0,0.0
11.82,2.67,0.0,0.0,0.0
10.92,1.68,0.0,0.0,0.0
10.02,6.69,0.0,0.0,0.0
9.13,7.03,0.0,0.0,0.0
5.08,7.2,0.0,0.0,0.0
2.38,0.0,0.0,0.0,0.0
2.38,0.0,0.0,0.0,0.0
1.92,0.0,0.0,0.0,0.0
2.37,0.0,0.0,0.0,0.0
1.92,0.0,0.0,0.0,0.0
3.27,0.0,0.0,0.0,0.0
6.43,0.0,0.0,0.0,0.0
6.88,2.57,0.0,0.0,0.0
7.78,2.51,0.0,0.0,0.0
9.13,5.52,0.0,0.0,0.0
10.47,2.17,0.0,0.0,0.0
12.72,1.67,0.04,0.0,0.0
14.07,12.05,1.43,0.0,0.0
13.17,5.19,1.71,0.0,0.0
12.27,16.4,1.81,0.0,0.0
11.37,15.4,1.85,0.0,0.0
11.37,3.68,1.5,0.0,0.0
12.72,5.18,0.92,0.0,0.0
12.72,3.85,0.23,0.0,0.0
11.82,2.68,0.0,0.0,0.0
10.92,1.67,0.0,0.0,0.0
10.02,6.69,0.0,0.0,0.0
9.13,7.03,0.0,0.0,0.0
5.08,7.19,0.0,0.0,0.0
2.38,2.51,0.0,0.0,0.0
2.38,0.0,0.0,0.0,0.0
1.92,0.0,0.0,0.0,0.0
2.37,0.0,0.0,0.0,0.0
1.92,0.0,0.0,0.0,0.0
3.27,0.0,0.0,0.0,0.0
6.43,0.0,0.0,0.0,0.0
6.88,2.54,0.0,0.0,0.0
7.78,2.51,0.0,0.0,0.0
9.13,5.52,0.0,0.0,0.0
10.47,2.17,0.0,0.0,0.0
12.72,1.67,0.0,0.0,0.0
14.07,12.04,0.0,0.0,0.0
13.17,5.19,0.24,0.0,0.0
12.27,16.39,0.68,0.0,0.0
11.37,15.39,0.93,0.0,0.0
11.37,3.68,0.99,0.0,0.0
12.72,5.18,0.6,0.0,0.0
12.72,3.85,0.06,0.0,0.0
11.82,2.67,0.0,0.0,0.0
10.92,1.67,0.0,0.0,0.0
10.02,6.69,0.0,0.0,0.0
9.13,7.02,0.0,0.0,0.0
5.08,7.19,0.0,0.0,0.0
2.38,2.51,0.0,0.0,0.0
2.38,0.0,0.0,0.0,0.0
1.92,0.0,0.0,0.0,0.0
2.37,0.0,0.0,0.0,0.0
1.92,0.0,0.0,0.0,0.0
3.27,0.0,0.0,0.0,0.0
6.43,0.0,0.0,0.0,0.0
6.88,2.54,0.0,0.0,0.0
7.78,2.51,0.0,0.0,0.0
9.13,5.51,0.0,0.0,0.0
10.47,2.17,0.0,0.0,0.0
12.72,1.67,0.0,0.0,0.0
14.07,12.03,0.0,0.0,0.0
13.17,5.18,0.0,0.0,0.0
12.27,16.38,0.27,0.0,0.0
11.37,15.38,0.88,0.0,0.0
11.37,3.68,1.26,0.0,0.0
12.72,5.18,0.98,0.0,0.0
12.72,3.85,0.24,0.0,0.0
11.82,2.67,0.0,0.0,0.0
10.92,1.67,0.0,0.0,0.0
10.02,6.69,0.0,0.0,0.0
9.13,7.02,0.0,0.0,0.0
5.08,7.19,0.0,0.0,0.0
2.38,2.51,0.0,0.0,0.0
2.38,0.0,0.0,0.0,0.0
1.92,0.0,0.0,0.0,0.0
2.37,0.0,0.0,0.0,0.0
1.92,0.0,0.0,0.0,0.0
3.27,0.0,0.0,0.0,0.0
6.43,0.0,0.0,0.0,0.0
6.88,2.54,0.0,0.0,0.0
7.78,2.51,0.0,0.0,0.0
9.13,5.51,0.0,0.0,0.0
10.47,2.17,1.03,0.0,0.0
12.72,1.67,4.53,0.0,0.0
14.07,12.03,11.8,0.0,0.0
13.17,5.18,18.75,0.0,0.0
12.27,16.38,19.63,0.0,0.0
11.37,15.37,17.25,0.0,0.0
11.37,3.68,14.19,0.0,0.0
12.72,5.17,10.64,0.0,0.0
12.72,3.85,7.13,0.0,0.0
11.82,2.67,5.79,0.0,0.0
10.92,1.67,4.97,0.0,0.0
10.02,6.68,3.99,0.0,0.0
9.13,7.01,3.48,0.0,0.0
5.08,7.18,0.26,0.0,0.0
2.38,2.51,0.4,0.0,0.0
2.38,0.0,0.0,0.0,0.0
1.92,0.0,0.0,0.0,0.0
2.37,0.0,0.0,0.0,0.0
1.92,0.0,0.06,0.0,0.0
3.27,0.0,0.06,0.0,0.0
6.43,0.0,0.11,0.0,0.0
6.88,2.54,0.0,0.0,0.0
7.78,2.51,0.0,0.0,0.0
9.13,5.51,0.98,0.0,0.0
10.47,2.17,3.66,0.0,0.0
12.72,1.67,6.92,0.0,0.0
14.07,12.02,13.45,0.0,0.0
13.17,5.18,19.17,0.0,0.0
12.27,16.37,19.98,0.0,0.0
11.37,15.36,17.73,0.0,0.0
11.37,3.68,15.79,0.0,0.0
12.72,5.17,13.65,0.0,0.0
12.72,3.84,7.57,0.0,0.0
11.82,2.67,5.53,0.0,0.0
10.92,1.67,5.02,0.0,0.0
10.02,6.68,4.58,0.0,0.0
9.13,7.01,4.54,0.0,0.0
5.08,7.18,1.7,0.0,0.0
2.38,2.51,0.5,0.0,0.0
2.38,0.0,0.0,0.0,0.0
1.92,0.0,0.0,0.0,0.0
2.37,0.0,0.0,0.0,0.0
1.92,0.0,0.0,0.0,0.0
3.27,0.0,0.0,0.0,0.0
6.41,0.0,0.0,0.0,0.0
6.88,0.0,0.0,0.0,0.0
7.78,2.55,0.0,0.0,0.0
9.13,2.5,0.0,0.0,0.0
10.47,2.51,0.0,0.0,0.0
12.72,1.67,0.0,0.0,0.0
14.07,12.01,0.27,0.0,0.0
13.17,10.01,0.69,0.0,0.0
12.27,16.36,1.13,0.0,0.0
11.37,15.36,1.81,0.0,0.0
11.37,4.17,2.32,0.0,0.0
12.72,4.17,2.23,0.0,0.0
12.72,3.83,1.75,0.0,0.0
11.82,2.67,1.18,0.0,0.0
10.92,1.66,0.58,0.0,0.0
10.02,6.68,0.02,0.0,0.0
9.13,7.01,0.0,0.0,0.0
5.08,7.17,0.0,0.0,0.0
2.38,0.0,0.0,0.0,0.0
2.38,0.0,0.0,0.0,0.0
1.92,0.0,0.0,0.0,0.0
2.37,0.0,0.0,0.0,0.0
1.92,0.0,0.0,0.0,0.0
3.27,0.0,0.0,0.0,0.0
6.41,0.0,0.0,0.0,0.0
6.88,0.0,0.0,0.0,0.0
7.78,2.56,0.0,0.0,0.0
9.13,2.5,0.0,0.0,0.0
10.47,2.5,0.0,0.0,0.0
12.72,1.67,1.76,0.0,0.0
14.07,12.0,4.86,0.0,0.0
13.17,10.0,5.61,0.0,0.0
12.27,16.34,5.7,0.0,0.0
11.37,15.35,6.1,0.0,0.0
11.37,4.17,6.16,0.0,0.0
12.72,4.17,5.69,0.0,0.0
12.72,3.84,5.26,0.0,0.0
11.82,2.66,4.67,0.0,0.0
10.92,1.67,4.4,0.0,0.0
10.02,6.66,4.24,0.0,0.0
9.13,7.0,3.25,0.0,0.0
5.08,7.17,0.57,0.0,0.0
2.38,0.0,0.66,0.0,0.0
2.38,0.0,0.0,0.0,0.0
1.92,0.0,0.0,0.0,0.0
2.37,0.0,0.0,0.0,0.0
1.92,0.0,0.15,0.0,0.0
3.27,0.0,0.0,0.0,0.0
6.43,0.0,0.0,0.0,0.0
6.88,2.56,0.0,0.0,0.0
7.78,2.5,0.0,0.0,0.0
9.13,5.5,2.12,0.0,0.0
10.47,2.17,4.24,0.0,0.0
12.72,1.66,8.53,0.0,0.0
14.07,12.0,13.83,0.0,0.0
13.17,5.17,17.29,0.0,0.0
12.27,16.33,18.37,0.0,0.0
11.37,15.33,14.17,0.0,0.0
11.37,3.67,6.61,0.0,0.0
12.72,5.16,3.15,0.0,0.0
12.72,3.84,2.02,0.0,0.0
11.82,2.66,1.41,0.0,0.0
10.92,1.67,1.16,0.0,0.0
10.02,6.66,1.26,0.0,0.0
9.13,7.0,0.37,0.0,0.0
5.08,7.17,0.0,0.0,0.0
2.38,2.5,0.0,0.0,0.0
2.38,0.0,0.0,0.0,0.0
1.92,0.0,0.0,0.0,0.0
2.37,0.0,0.0,0.0,0.0
1.92,0.0,0.0,0.0,0.0
3.27,0.0,0.0,0.0,0.0
6.43,0.0,0.0,0.0,0.0
6.88,2.54,0.0,0.0,0.0
7.78,2.5,0.0,0.0,0.0
9.13,5.49,0.0,0.0,0.0
10.47,2.16,0.0,0.0,0.0
12.72,1.67,1.3,0.0,0.0
14.07,11.99,4.37,0.0,0.0
13.17,5.16,5.69,0.0,0.0
12.27,16.32,6.12,0.0,0.0
11.37,15.32,6.6,0.0,0.0
11.37,3.67,6.52,0.0,0.0
12.72,5.16,5.61,0.0,0.0
12.72,3.83,4.57,0.0,0.0
11.82,2.66,3.9,0.0,0.0
10.92,1.67,3.45,0.0,0.0
10.02,6.66,3.15,0.0,0.0
9.13,6.99,1.8,0.0,0.0
5.08,7.16,0.0,0.0,0.0
2.38,2.5,0.0,0.0,0.0
2.38,0.0,0.0,0.0,0.0
1.92,0.0,0.0,0.0,0.0
2.37,0.0,0.0,0.0,0.0
1.92,0.0,0.0,0.0,0.0
3.27,0.0,0.0,0.0,0.0
6.41,0.0,0.0,0.0,0.0
6.88,0.0,0.0,0.0,0.0
7.78,2.55,0.0,0.0,0.0
9.13,2.49,0.0,0.0,0.0
10.47,2.49,0.0,0.0,0.0
12.72,1.67,0.03,0.0,0.0
14.07,11.98,1.79,0.0,0.0
13.17,9.98,3.03,0.0,0.0
12.27,16.31,3.67,0.0,0.0
11.37,15.32,4.1,0.0,0.0
11.37,4.16,4.39,0.0,0.0
12.72,4.16,4.06,0.0,0.0
12.72,3.83,3.23,0.0,0.0
11.82,2.66,2.66,0.0,0.0
10.92,1.66,2.36,0.0,0.0
10.02,6.65,1.47,0.0,0.0
9.13,6.99,0.05,0.0,0.0
5.08,7.15,0.0,0.0,0.0
2.38,0.0,0.0,0.0,0.0
2.38,0.0,0.0,0.0,0.0
1.92,0.0,0.0,0.0,0.0
2.37,0.0,0.0,0.0,0.0
1.92,0.0,0.0,0.0,0.0
3.27,0.0,0.0,0.0,0.0
6.43,0.0,0.0,0.0,0.0
6.88,2.55,0.0,0.0,0.0
7.78,2.49,0.0,0.0,0.0
9.13,5.49,0.0,0.0,0.0
10.47,2.16,0.49,0.0,0.0
12.72,1.66,2.87,0.0,0.0
14.07,11.97,5.04,0.0,0.0
13.17,5.16,5.85,0.0,0.0
12.27,16.29,6.6,0.0,0.0
11.37,15.3,6.34,0.0,0.0
11.37,3.66,6.01,0.0,0.0
12.72,5.15,5.26,0.0,0.0
12.72,3.83,4.45,0.0,0.0
11.82,2.66,3.81,0.0,0.0
10.92,1.66,3.21,0.0,0.0
10.02,6.65,2.72,0.0,0.0
9.13,6.98,1.73,0.0,0.0
5.08,7.15,0.0,0.0,0.0
2.38,2.49,0.0,0.0,0.0
2.38,0.0,0.0,0.0,0.0
1.92,0.0,0.0,0.0,0.0
2.37,0.0,0.0,0.0,0.0
1.92,0.0,0.0,0.0,0.0
3.27,0.0,0.0,0.0,0.0
6.43,0.0,0.0,0.0,0.0
6.88,2.53,0.0,0.0,0.0
7.78,2.49,0.0,0.0,0.0
9.13,5.48,1.37,0.0,0.0
10.47,2.16,3.52,0.0,0.0
12.72,1.67,7.44,0.0,0.0
14.07,11.96,12.88,0.0,0.0
13.17,5.15,15.1,0.0,0.0
12.27,16.29,17.38,0.0,0.0
11.37,15.28,16.98,0.0,0.0
11.37,3.66,13.39,0.0,0.0
12.72,5.15,10.53,0.0,0.0
12.72,3.82,7.55,0.0,0.0
11.82,2.65,6.29,0.0,0.0
10.92,1.66,5.59,0.0,0.0
10.02,6.64,5.62,0.0,0.0
9.13,6.97,4.9,0.0,0.0
5.08,7.14,1.56,0.0,0.0
2.38,2.49,1.04,0.0,0.0
2.38,0.0,0.0,0.0,0.0
1.92,0.0,0.0,0.0,0.0
2.37,0.0,0.0,0.0,0.0
1.92,0.0,0.14,0.0,0.0
3.27,0.0,0.0,0.0,0.0
6.41,0.0,0.05,0.0,0.0
6.88,0.0,0.0,0.0,0.0
7.78,2.55,0.0,0.0,0.0
9.13,2.49,0.7,0.0,0.0
10.47,2.48,4.09,0.0,0.0
12.72,1.66,11.13,0.0,0.0
14.07,11.95,20.93,0.0,0.0
13.17,9.96,22.64,0.0,0.0
12.27,16.26,22.24,0.0,0.0
11.37,15.28,21.43,0.0,0.0
11.37,4.15,19.55,0.0,0.0
12.72,4.15,16.57,0.0,0.0
12.72,3.82,10.96,0.0,0.0
11.82,2.65,7.71,0.0,0.0
10.92,1.66,7.02,0.0,0.0
10.02,6.63,6.28,0.0,0.0
9.13,6.97,5.4,0.0,0.0
5.08,7.14,2.16,0.0,0.0
2.38,0.0,0.94,0.0,0.0
2.38,0.0,0.0,0.0,0.0
1.92,0.0,0.0,0.0,0.0
2.37,0.0,0.0,0.0,0.0
1.92,0.0,0.37,0.0,0.0
3.27,0.0,0.23,0.0,0.0
6.41,0.0,0.29,0.0,0.0
6.88,0.0,0.0,0.0,0.0
7.78,2.55,0.32,0.0,0.0
9.13,2.49,3.25,0.0,0.0
10.47,2.49,7.17,0.0,0.0
12.72,1.65,15.29,0.0,0.0
14.07,11.94,20.86,0.0,0.0
13.17,9.95,23.18,0.0,0.0
12.27,16.25,21.45,0.0,0.0
11.37,15.25,18.01,0.0,0.0
11.37,4.14,16.38,0.0,0.0
12.72,4.15,14.1,0.0,0.0
12.72,3.81,9.45,0.0,0.0
11.82,2.65,8.49,0.0,0.0
10.92,1.66,8.21,0.0,0.0
10.02,6.63,7.99,0.0,0.0
9.13,6.97,7.34,0.0,0.0
5.08,7.13,4.06,0.0,0.0
2.38,0.0,2.52,0.0,0.0
2.38,0.0,0.0,0.0,0.0
1.92,0.0,0.0,0.0,0.0
2.37,0.0,0.0,0.0,0.0
1.92,0.0,0.54,0.0,0.0
3.27,0.0,0.22,0.0,0.0
6.43,0.0,0.38,0.0,0.0
6.88,2.52,1.19,0.0,0.0
7.78,2.48,1.8,0.0,0.0
9.13,5.46,4.63,0.0,0.0
10.47,2.15,6.13,0.0,0.0
12.72,1.66,9.01,0.0,0.0
14.07,11.93,11.62,0.0,0.0
13.17,5.13,10.47,0.0,0.0
12.27,16.24,9.73,0.0,0.0
11.37,15.24,8.08,0.0,0.0
11.37,3.65,7.1,0.0,0.0
12.72,5.13,7.16,0.0,0.0
12.72,3.81,7.31,0.0,0.0
11.82,2.64,6.96,0.0,0.0
10.92,1.66,7.09,0.0,0.0
10.02,6.62,7.23,0.0,0.0
9.13,6.95,6.82,0.0,0.0
5.08,7.12,2.64,0.0,0.0
2.38,2.49,1.54,0.0,0.0
2.38,0.0,0.0,0.0,0.0
1.92,0.0,0.0,0.0,0.0
2.37,0.0,0.0,0.0,0.0
1.92,0.0,0.25,0.0,0.0
3.27,0.0,0.5,0.0,0.0
6.43,0.0,1.13,0.0,0.0
6.88,2.53,0.43,0.0,0.0
7.78,2.48,0.39,0.0,0.0
9.13,5.46,3.97,0.0,0.0
10.47,2.15,5.94,0.0,0.0
12.72,1.66,7.89,0.0,0.0
14.07,11.92,10.69,0.0,0.0
13.17,5.12,9.83,0.0,0.0
12.27,16.22,9.26,0.0,0.0
11.37,15.22,10.68,0.0,0.0
11.37,3.64,11.69,0.0,0.0
12.72,5.12,14.52,0.0,0.0
12.72,3.81,19.44,0.0,0.0
11.82,2.64,21.63,0.0,0.0
10.92,1.66,11.53,0.0,0.0
10.02,6.61,8.9,0.0,0.0
9.13,6.95,6.97,0.0,0.0
5.08,7.12,3.04,0.0,0.0
2.38,2.49,0.81,0.0,0.0
2.38,0.0,0.0,0.0,0.0
1.92,0.0,0.0,0.0,0.0
2.37,0.0,0.0,0.0,0.0
1.92,0.0,0.0,0.0,0.0
3.27,0.0,0.0,0.0,0.0
6.43,0.0,0.0,0.0,0.0
6.88,2.52,0.0,0.0,0.0
7.78,2.48,0.0,0.0,0.0
9.13,5.45,0.0,0.0,0.0
10.47,2.15,0.0,0.0,0.0
12.72,1.66,0.0,0.0,0.0
14.07,11.9,0.21,0.0,0.0
13.17,5.12,1.06,0.0,0.0
12.27,16.2,1.78,0.0,0.0
11.37,15.22,1.87,0.0,0.0
11.37,3.63,1.87,0.0,0.0
12.72,5.13,1.53,0.0,0.0
12.72,3.8,0.84,0.0,0.0
11.82,2.65,0.2,0.0,0.0
10.92,1.65,0.02,0.0,0.0
10.02,6.62,0.0,0.0,0.0
9.13,6.94,0.0,0.0,0.0
5.08,7.11,0.0,0.0,0.0
2.38,2.48,0.0,0.0,0.0
2.38,0.0,0.0,0.0,0.0
1.92,0.0,0.0,0.0,0.0
2.37,0.0,0.0,0.0,0.0
1.92,0.0,0.0,0.0,0.0
3.27,0.0,0.0,0.0,0.0
6.43,0.0,0.0,0.0,0.0
6.88,2.51,0.0,0.0,0.0
7.78,2.48,0.0,0.0,0.0
9.13,5.45,0.0,0.0,0.0
10.47,2.15,0.0,0.0,0.0
12.72,1.65,0.68,0.0,0.0
14.07,11.89,2.96,0.0,0.0
13.17,5.12,4.09,0.0,0.0
12.27,16.18,4.63,0.0,0.0
11.37,15.19,4.82,0.0,0.0
11.37,3.64,4.92,0.0,0.0
12.72,5.11,4.63,0.0,0.0
12.72,3.8,3.52,0.0,0.0
11.82,2.64,2.62,0.0,0.0
10.92,1.66,2.13,0.0,0.0
10.02,6.6,1.45,0.0,0.0
9.13,6.93,0.89,0.0,0.0
5.08,7.1,0.0,0.0,0.0
2.38,2.48,0.0,0.0,0.0
2.38,0.0,0.0,0.0,0.0
1.92,0.0,0.0,0.0,0.0
2.37,0.0,0.0,0.0,0.0
1.92,0.0,0.0,0.0,0.0
3.27,0.0,0.0,0.0,0.0
6.43,0.0,0.0,0.0,0.0
6.88,2.52,0.0,0.0,0.0
7.78,2.47,0.0,0.0,0.0
9.13,5.44,0.0,0.0,0.0
10.47,2.14,0.0,0.0,0.0
12.72,1.65,0.0,0.0,0.0
14.07,11.88,0.0,0.0,0.0
13.17,5.11,0.0,0.0,0.0
12.27,16.17,0.44,0.0,0.0
11.37,15.19,1.07,0.0,0.0
11.37,3.63,1.17,0.0,0.0
12.72,5.11,1.11,0.0,0.0
12.72,3.79,0.99,0.0,0.0
11.82,2.64,0.39,0.0,0.0
10.92,1.65,0.0,0.0,0.0
10.02,6.6,0.0,0.0,0.0
9.13,6.93,0.0,0.0,0.0
5.08,7.09,0.0,0.0,0.0
2.38,2.48,0.0,0.0,0.0
2.38,0.0,0.0,0.0,0.0
1.92,0.0,0.0,0.0,0.0
2.37,0.0,0.0,0.0,0.0
1.92,0.0,0.0,0.0,0.0
3.27,0.0,0.0,0.0,0.0
6.41,0.0,0.0,0.0,0.0
6.88,0.0,0.0,0.0,0.0
7.78,2.52,0.0,0.0,0.0
9.13,2.47,0.0,0.0,0.0
10.47,2.47,0.0,0.0,0.0
12.72,1.65,0.07,0.0,0.0
14.07,11.86,1.7,0.0,0.0
13.17,9.88,2.32,0.0,0.0
12.27,16.15,2.74,0.0,0.0
11.37,15.17,2.94,0.0,0.0
11.37,4.12,3.01,0.0,0.0
12.72,4.11,2.82,0.0,0.0
12.72,3.79,1.75,0.0,0.0
11.82,2.63,0.85,0.0,0.0
10.92,1.65,0.53,0.0,0.0
10.02,6.59,0.06,0.0,0.0
9.13,6.92,0.0,0.0,0.0
5.08,7.08,0.0,0.0,0.0
2.38,0.0,0.0,0.0,0.0
2.38,0.0,0.0,0.0,0.0
1.92,0.0,0.0,0.0,0.0
2.37,0.0,0.0,0.0,0.0
1.92,0.0,0.0,0.0,0.0
3.27,0.0,0.0,0.0,0.0
6.41,0.0,0.0,0.0,0.0
6.88,0.0,0.0,0.0,0.0
7.78,2.53,0.0,0.0,0.0
9.13,2.47,0.0,0.0,0.0
10.47,2.47,0.06,0.0,0.0
12.72,1.64,2.23,0.0,0.0
14.07,11.85,5.18,0.0,0.0
13.17,9.88,5.46,0.0,0.0
12.27,16.13,5.8,0.0,0.0
11.37,15.14,6.3,0.0,0.0
11.37,4.11,6.09,0.0,0.0
12.72,4.12,5.49,0.0,0.0
12.72,3.78,4.7,0.0,0.0
11.82,2.64,3.93,0.0,0.0
10.92,1.64,3.31,0.0,0.0
10.02,6.58,3.08,0.0,0.0
9.13,6.91,2.14,0.0,0.0
5.08,7.08,0.0,0.0,0.0
2.38,0.0,0.01,0.0,0.0
2.38,0.0,0.0,0.0,0.0
1.92,0.0,0.0,0.0,0.0
2.37,0.0,0.0,0.0,0.0
1.92,0.0,0.17,0.0,0.0
3.27,0.0,0.0,0.0,0.0
6.43,0.0,0.0,0.0,0.0
6.88,2.51,0.0,0.0,0.0
7.78,2.46,0.0,0.0,0.0
9.13,5.43,3.47,0.0,0.0
10.47,2.14,6.31,0.0,0.0
12.72,1.65,13.35,0.0,0.0
14.07,11.84,20.28,0.0,0.0
13.17,5.09,26.49,0.0,0.0
12.27,16.11,27.49,0.0,0.0
11.37,15.13,22.53,0.0,0.0
11.37,3.62,18.03,0.0,0.0
12.72,5.09,17.39,0.0,0.0
12.72,3.78,16.41,0.0,0.0
11.82,2.62,15.98,0.0,0.0
10.92,1.65,15.7,0.0,0.0
10.02,6.57,12.15,0.0,0.0
9.13,6.9,8.83,0.0,0.0
5.08,7.07,5.48,0.0,0.0
2.38,2.47,3.16,0.0,0.0
2.38,0.0,0.0,0.0,0.0
1.92,0.0,0.0,0.0,0.0
2.37,0.0,0.0,0.0,0.0
1.92,0.0,0.22,0.0,0.0
3.27,0.0,0.14,0.0,0.0
6.43,0.0,0.2,0.0,0.0
6.88,2.51,0.0,0.0,0.0
7.78,2.46,0.0,0.0,0.0
9.13,5.42,0.0,0.0,0.0
10.47,2.13,0.15,0.0,0.0
12.72,1.64,1.65,0.0,0.0
14.07,11.82,2.7,0.0,0.0
13.17,5.09,3.56,0.0,0.0
12.27,16.09,4.05,0.0,0.0
11.37,15.11,4.13,0.0,0.0
11.37,3.61,4.31,0.0,0.0
12.72,5.08,4.36,0.0,0.0
12.72,3.78,3.75,0.0,0.0
11.82,2.62,3.24,0.0,0.0
10.92,1.65,2.88,0.0,0.0
10.02,6.56,1.93,0.0,0.0
9.13,6.89,0.3,0.0,0.0
5.08,7.06,0.0,0.0,0.0
2.38,2.46,0.0,0.0,0.0
2.38,0.0,0.0,0.0,0.0
1.92,0.0,0.0,0.0,0.0
2.37,0.0,0.0,0.0,0.0
1.92,0.0,0.02,0.0,0.0
3.27,0.0,0.07,0.0,0.0
6.43,0.0,0.0,0.0,0.0
6.88,2.51,0.0,0.0,0.0
7.78,2.45,0.0,0.0,0.0
9.13,5.41,1.5,0.0,0.0
10.47,2.13,2.81,0.0,0.0
12.72,1.64,5.65,0.0,0.0
14.07,11.81,9.77,0.0,0.0
13.17,5.08,18.68,0.0,0.0
12.27,16.07,22.44,0.0,0.0
11.37,15.09,20.2,0.0,0.0
11.37,3.61,16.79,0.0,0.0
12.72,5.08,14.68,0.0,0.0
12.72,3.77,13.88,0.0,0.0
11.82,2.62,13.01,0.0,0.0
10.92,1.64,10.86,0.0,0.0
10.02,6.55,9.53,0.0,0.0
9.13,6.88,9.34,0.0,0.0
5.08,7.05,3.48,0.0,0.0
2.38,2.46,0.8,0.0,0.0
2.38,0.0,0.0,0.0,0.0
1.92,0.0,0.0,0.0,0.0
2.37,0.0,0.0,0.0,0.0
1.92,0.0,0.02,0.0,0.0
3.27,0.0,0.0,0.0,0.0
6.43,0.0,0.0,0.0,0.0
6.88,2.51,0.0,0.0,0.0
7.78,2.45,0.0,0.0,0.0
9.13,5.41,0.0,0.0,0.0
10.47,2.13,0.0,0.0,0.0
12.72,1.64,1.12,0.0,0.0
14.07,11.79,2.96,0.0,0.0
13.17,5.08,4.09,0.0,0.0
12.27,16.04,5.03,0.0,0.0
11.37,15.07,5.61,0.0,0.0
11.37,3.6,5.91,0.0,0.0
12.72,5.07,6.15,0.0,0.0
12.72,3.77,5.81,0.0,0.0
11.82,2.61,5.17,0.0,0.0
10.92,1.64,4.65,0.0,0.0
10.02,6.54,3.81,0.0,0.0
9.13,6.88,2.95,0.0,0.0
5.08,7.04,0.12,0.0,0.0
2.38,2.45,0.07,0.0,0.0
2.38,0.0,0.0,0.0,0.0
1.92,0.0,0.0,0.0,0.0
2.37,0.0,0.0,0.0,0.0
1.92,0.0,0.0,0.0,0.0
3.27,0.0,0.0,0.0,0.0
6.43,0.0,0.0,0.0,0.0
6.88,2.51,0.0,0.0,0.0
7.78,2.45,0.0,0.0,0.0
9.13,5.4,0.62,0.0,0.0
10.47,2.13,2.67,0.0,0.0
12.72,1.63,5.37,0.0,0.0
14.07,11.77,7.68,0.0,0.0
13.17,5.07,11.15,0.0,0.0
12.27,16.02,12.61,0.0,0.0
11.37,15.05,13.1,0.0,0.0
11.37,3.6,13.41,0.0,0.0
12.72,5.06,12.82,0.0,0.0
12.72,3.77,10.6,0.0,0.0
11.82,2.61,8.24,0.0,0.0
10.92,1.64,5.97,0.0,0.0
10.02,6.54,4.99,0.0,0.0
9.13,6.87,3.93,0.0,0.0
5.08,7.03,0.71,0.0,0.0
2.38,2.45,0.55,0.0,0.0
2.38,0.0,0.0,0.0,0.0
1.92,0.0,0.0,0.0,0.0
2.37,0.0,0.0,0.0,0.0
1.92,0.0,0.01,0.0,0.0
3.27,0.0,0.0,0.0,0.0
6.41,0.0,0.0,0.0,0.0
6.88,0.0,0.0,0.0,0.0
7.78,2.51,0.0,0.0,0.0
9.13,2.45,0.94,0.0,0.0
10.47,2.45,3.6,0.0,0.0
12.72,1.63,6.24,0.0,0.0
14.07,11.76,10.35,0.0,0.0
13.17,9.8,12.45,0.0,0.0
12.27,16.01,14.29,0.0,0.0
11.37,15.02,14.08,0.0,0.0
11.37,4.08,11.75,0.0,0.0
12.72,4.08,9.17,0.0,0.0
12.72,3.75,6.19,0.0,0.0
11.82,2.62,5.38,0.0,0.0
10.92,1.63,4.84,0.0,0.0
10.02,6.53,4.07,0.0,0.0
9.13,6.86,3.48,0.0,0.0
5.08,7.02,0.78,0.0,0.0
2.38,0.0,0.14,0.0,0.0
2.38,0.0,0.0,0.0,0.0
1.92,0.0,0.0,0.0,0.0
2.37,0.0,0.0,0.0,0.0
1.92,0.0,0.07,0.0,0.0
3.27,0.0,0.0,0.0,0.0
6.41,0.0,0.06,0.0,0.0
6.88,0.0,0.0,0.0,0.0
7.78,2.51,0.0,0.0,0.0
9.13,2.45,1.57,0.0,0.0
10.47,2.45,3.75,0.0,0.0
12.72,1.62,6.05,0.0,0.0
14.07,11.74,11.51,0.0,0.0
13.17,9.79,16.29,0.0,0.0
12.27,15.99,17.74,0.0,0.0
11.37,15.0,16.36,0.0,0.0
11.37,4.08,13.9,0.0,0.0
12.72,4.08,12.45,0.0,0.0
12.72,3.74,9.95,0.0,0.0
11.82,2.61,8.18,0.0,0.0
10.92,1.63,8.11,0.0,0.0
10.02,6.52,8.02,0.0,0.0
9.13,6.85,7.67,0.0,0.0
5.08,7.01,4.23,0.0,0.0
2.38,0.0,2.35,0.0,0.0
2.38,0.0,0.0,0.0,0.0
1.92,0.0,0.0,0.0,0.0
2.37,0.0,0.0,0.0,0.0
1.92,0.0,0.66,0.0,0.0
3.27,0.0,0.37,0.0,0.0
6.43,0.0,1.48,0.0,0.0
6.88,2.5,2.58,0.0,0.0
7.78,2.44,3.51,0.0,0.0
9.13,5.37,8.61,0.0,0.0
10.47,2.11,14.99,0.0,0.0
12.72,1.63,17.29,0.0,0.0
14.07,11.72,22.71,0.0,0.0
13.17,5.04,27.33,0.0,0.0
12.27,15.97,26.77,0.0,0.0
11.37,14.98,21.85,0.0,0.0
11.37,3.58,16.7,0.0,0.0
12.72,5.05,11.71,0.0,0.0
12.72,3.75,12.76,0.0,0.0
11.82,2.6,13.17,0.0,0.0
10.92,1.63,11.11,0.0,0.0
10.02,6.51,9.21,0.0,0.0
9.13,6.84,9.32,0.0,0.0
5.08,7.0,6.6,0.0,0.0
2.38,2.44,4.97,0.0,0.0
1.92,0.0,0.0,0.0,0.0
2.37,0.0,0.0,0.0,0.0
1.92,0.0,1.27,0.0,0.0
3.27,0.0,4.43,0.0,0.0
6.43,0.0,7.39,0.0,0.0
6.88,2.47,6.22,0.0,0.0
7.78,2.44,5.13,0.0,0.0
9.13,5.36,9.83,0.0,0.0
10.47,2.11,16.77,0.0,0.0
12.72,1.62,20.84,0.0,0.0
14.07,11.7,27.87,0.0,0.0
13.17,5.04,33.27,0.0,0.0
12.27,15.94,31.02,0.0,0.0
11.37,14.96,28.23,0.0,0.0
11.37,3.58,26.66,0.0,0.0
12.72,5.03,27.49,0.0,0.0
12.72,3.74,29.3,0.0,0.0
11.82,2.6,31.22,0.0,0.0
10.92,1.63,30.24,0.0,0.0
10.02,6.5,29.33,0.0,0.0
9.13,6.83,24.98,0.0,0.0
5.08,6.99,17.81,0.0,0.0
2.38,2.43,11.6,0.0,0.0
2.38,0.0,0.0,0.0,0.0
1.92,0.0,0.0,0.0,0.0
2.37,0.0,0.0,0.0,0.0
1.92,0.0,2.25,0.0,0.0
3.27,0.0,2.29,0.0,0.0
6.43,0.0,5.82,0.0,0.0
6.88,2.47,10.22,0.0,0.0
7.78,2.44,15.51,0.0,0.0
9.13,5.35,18.89,0.0,0.0
10.47,2.11,20.72,0.0,0.0
12.72,1.63,23.14,0.0,0.0
14.07,11.69,29.91,0.0,0.0
13.17,5.03,33.62,0.0,0.0
12.27,15.92,31.47,0.0,0.0
11.37,14.94,27.15,0.0,0.0
11.37,3.57,24.64,0.0,0.0
12.72,5.03,24.91,0.0,0.0
12.72,3.73,27.0,0.0,0.0
11.82,2.6,30.27,0.0,0.0
10.92,1.62,30.0,0.0,0.0
10.02,6.49,29.58,0.0,0.0
9.13,6.82,25.85,0.0,0.0
5.08,6.98,18.96,0.0,0.0
2.38,2.43,12.61,0.0,0.0
2.38,0.0,0.0,0.0,0.0
1.92,0.0,0.0,0.0,0.0
2.37,0.0,0.0,0.0,0.0
1.92,0.0,2.9,0.0,0.0
3.27,0.0,3.36,0.0,0.0
6.43,0.0,6.17,0.0,0.0
6.88,2.47,4.71,0.0,0.0
7.78,2.43,3.45,0.0,0.0
9.13,5.34,4.82,0.0,0.0
10.47,2.1,5.16,0.0,0.0
12.72,1.63,6.54,0.0,0.0
14.07,11.67,8.3,0.0,0.0
13.17,5.02,8.67,0.0,0.0
12.27,15.88,8.72,0.0,0.0
11.37,14.92,8.46,0.0,0.0
11.37,3.57,8.36,0.0,0.0
12.72,5.02,8.13,0.0,0.0
12.72,3.73,8.34,0.0,0.0
11.82,2.59,8.78,0.0,0.0
10.92,1.63,8.97,0.0,0.0
10.02,6.48,8.92,0.0,0.0
9.13,6.81,8.82,0.0,0.0
5.08,6.97,4.82,0.0,0.0
2.38,2.43,2.88,0.0,0.0
2.38,0.0,0.0,0.0,0.0
1.92,0.0,0.0,0.0,0.0
2.37,0.0,0.0,0.0,0.0
1.92,0.0,0.64,0.0,0.0
3.27,0.0,2.44,0.0,0.0
6.43,0.0,4.16,0.0,0.0
6.88,2.49,3.32,0.0,0.0
7.78,2.43,2.24,0.0,0.0
9.13,5.34,4.82,0.0,0.0
10.47,2.1,5.75,0.0,0.0
12.72,1.62,7.86,0.0,0.0
14.07,11.65,9.82,0.0,0.0
13.17,5.01,13.53,0.0,0.0
12.27,15.87,10.32,0.0,0.0
11.37,14.89,9.22,0.0,0.0
11.37,3.56,9.42,0.0,0.0
12.72,5.01,9.29,0.0,0.0
12.72,3.73,9.88,0.0,0.0
11.82,2.59,9.22,0.0,0.0
10.92,1.62,8.72,0.0,0.0
10.02,6.47,8.62,0.0,0.0
9.13,6.8,8.33,0.0,0.0
5.08,6.96,5.36,0.0,0.0
2.38,2.42,3.32,0.0,0.0
2.38,0.0,0.0,0.0,0.0
1.92,0.0,0.0,0.0,0.0
2.37,0.0,0.0,0.0,0.0
1.92,0.0,0.5,0.0,0.0
3.27,0.0,0.28,0.0,0.0
6.41,0.0,0.35,0.0,0.0
6.88,0.0,0.0,0.0,0.0
7.78,2.47,0.3,0.0,0.0
9.13,2.42,2.99,0.0,0.0
10.47,2.43,6.09,0.0,0.0
12.72,1.62,13.43,0.0,0.0
14.07,11.63,19.72,0.0,0.0
13.17,9.7,21.85,0.0,0.0
12.27,15.83,23.1,0.0,0.0
11.37,14.87,23.22,0.0,0.0
11.37,4.04,23.31,0.0,0.0
12.72,4.04,22.87,0.0,0.0
12.72,3.71,22.17,0.0,0.0
11.82,2.59,23.68,0.0,0.0
10.92,1.61,20.73,0.0,0.0
10.02,6.46,14.26,0.0,0.0
9.13,6.78,9.47,0.0,0.0
5.08,6.94,6.99,0.0,0.0
2.38,0.0,3.95,0.0,0.0
2.38,0.0,0.0,0.0,0.0
1.92,0.0,0.0,0.0,0.0
2.37,0.0,0.0,0.0,0.0
1.92,0.0,0.97,0.0,0.0
3.27,0.0,0.49,0.0,0.0
6.41,0.0,1.42,0.0,0.0
6.88,0.0,1.96,0.0,0.0
7.78,2.48,3.3,0.0,0.0
9.13,2.43,5.42,0.0,0.0
10.47,2.42,10.39,0.0,0.0
12.72,1.61,19.36,0.0,0.0
14.07,11.61,24.44,0.0,0.0
13.17,9.68,29.34,0.0,0.0
12.27,15.81,30.69,0.0,0.0
11.37,14.85,27.8,0.0,0.0
11.37,4.03,25.89,0.0,0.0
12.72,4.04,26.95,0.0,0.0
12.72,3.7,26.3,0.0,0.0
11.82,2.58,23.98,0.0,0.0
10.92,1.61,21.26,0.0,0.0
10.02,6.45,17.54,0.0,0.0
9.13,6.77,10.45,0.0,0.0
5.08,6.93,5.98,0.0,0.0
2.38,0.0,2.93,0.0,0.0
2.38,0.0,0.0,0.0,0.0
1.92,0.0,0.0,0.0,0.0
2.37,0.0,0.0,0.0,0.0
1.92,0.0,0.7,0.0,0.0
3.27,0.0,0.34,0.0,0.0
6.43,0.0,1.1,0.0,0.0
6.88,2.48,2.48,0.0,0.0
7.78,2.42,3.31,0.0,0.0
9.13,5.31,5.95,0.0,0.0
10.47,2.09,11.45,0.0,0.0
12.72,1.62,18.8,0.0,0.0
14.07,11.59,27.02,0.0,0.0
13.17,4.99,33.3,0.0,0.0
12.27,15.78,34.63,0.0,0.0
11.37,14.82,33.42,0.0,0.0
11.37,3.55,30.7,0.0,0.0
12.72,4.99,31.02,0.0,0.0
12.72,3.71,33.33,0.0,0.0
11.82,2.57,32.72,0.0,0.0
10.92,1.61,28.15,0.0,0.0
10.02,6.44,26.16,0.0,0.0
9.13,6.77,20.79,0.0,0.0
5.08,6.92,12.05,0.0,0.0
2.38,2.41,7.07,0.0,0.0
2.38,0.0,0.0,0.0,0.0
1.92,0.0,0.0,0.0,0.0
2.37,0.0,0.0,0.0,0.0
1.92,0.0,1.24,0.0,0.0
3.27,0.0,4.22,0.0,0.0
6.43,0.0,6.28,0.0,0.0
6.88,2.45,5.09,0.0,0.0
7.78,2.41,4.19,0.0,0.0
9.13,5.31,8.05,0.0,0.0
10.47,2.09,17.96,0.0,0.0
12.72,1.61,21.72,0.0,0.0
14.07,11.58,27.63,0.0,0.0
13.17,4.99,35.18,0.0,0.0
12.27,15.75,36.46,0.0,0.0
11.37,14.8,31.62,0.0,0.0
11.37,3.54,27.96,0.0,0.0
12.72,4.98,28.15,0.0,0.0
12.72,3.7,29.29,0.0,0.0
11.82,2.57,30.26,0.0,0.0
10.92,1.61,27.98,0.0,0.0
10.02,6.43,26.62,0.0,0.0
9.13,6.75,22.35,0.0,0.0
5.08,6.91,15.4,0.0,0.0
2.38,2.41,9.69,0.0,0.0
2.38,0.0,0.0,0.0,0.0
1.92,0.0,0.0,0.0,0.0
2.37,0.0,0.0,0.0,0.0
1.92,0.0,2.35,0.0,0.0
3.27,0.0,2.19,0.0,0.0
6.43,0.0,4.04,0.0,0.0
6.88,2.45,5.89,0.0,0.0
7.78,2.4,8.13,0.0,0.0
9.13,5.3,18.56,0.0,0.0
10.47,2.09,23.46,0.0,0.0
12.72,1.6,27.16,0.0,0.0
14.07,11.56,36.64,0.0,0.0
13.17,4.98,41.87,0.0,0.0
12.27,15.73,40.81,0.0,0.0
11.37,14.77,35.36,0.0,0.0
11.37,3.53,29.98,0.0,0.0
12.72,4.97,29.95,0.0,0.0
12.72,3.69,32.83,0.0,0.0
11.82,2.57,35.55,0.0,0.0
10.92,1.6,33.44,0.0,0.0
10.02,6.42,14.93,0.0,0.0
9.13,6.74,5.4,0.0,0.0
5.08,6.9,1.76,0.0,0.0
2.38,2.41,0.97,0.0,0.0
2.38,0.0,0.0,0.0,0.0
1.92,0.0,0.0,0.0,0.0
2.37,0.0,0.0,0.0,0.0
1.92,0.0,0.61,0.0,0.0
3.27,0.0,0.33,0.0,0.0
6.43,0.0,1.2,0.0,0.0
6.88,2.45,2.69,0.0,0.0
7.78,2.4,3.31,0.0,0.0
9.13,5.29,5.4,0.0,0.0
10.47,2.08,5.29,0.0,0.0
12.72,1.6,6.43,0.0,0.0
14.07,11.54,8.31,0.0,0.0
13.17,4.97,8.95,0.0,0.0
12.27,15.7,9.13,0.0,0.0
11.37,14.75,8.6,0.0,0.0
11.37,3.53,8.8,0.0,0.0
12.72,4.96,12.9,0.0,0.0
12.72,3.69,16.2,0.0,0.0
11.82,2.56,15.24,0.0,0.0
10.92,1.6,12.24,0.0,0.0
10.02,6.41,10.52,0.0,0.0
9.13,6.73,8.94,0.0,0.0
5.08,6.89,4.83,0.0,0.0
2.38,2.4,1.98,0.0,0.0
2.38,0.0,0.0,0.0,0.0
1.92,0.0,0.0,0.0,0.0
2.37,0.0,0.0,0.0,0.0
1.92,0.0,0.24,0.0,0.0
3.27,0.0,0.26,0.0,0.0
6.43,0.0,0.92,0.0,0.0
6.88,2.44,0.0,0.0,0.0
7.78,2.39,0.02,0.0,0.0
9.13,5.28,2.67,0.0,0.0
10.47,2.08,3.93,0.0,0.0
12.72,1.6,6.27,0.0,0.0
14.07,11.52,9.05,0.0,0.0
13.17,4.96,9.19,0.0,0.0
12.27,15.67,6.94,0.0,0.0
11.37,14.72,4.72,0.0,0.0
11.37,3.52,3.45,0.0,0.0
12.72,4.95,2.88,0.0,0.0
12.72,3.68,2.65,0.0,0.0
11.82,2.56,2.26,0.0,0.0
10.92,1.6,1.09,0.0,0.0
10.02,6.4,1.0,0.0,0.0
9.13,6.72,0.08,0.0,0.0
5.08,6.87,0.0,0.0,0.0
2.38,2.4,0.0,0.0,0.0
2.38,0.0,0.0,0.0,0.0
1.92,0.0,0.0,0.0,0.0
2.37,0.0,0.0,0.0,0.0
1.92,0.0,0.0,0.0,0.0
3.27,0.0,0.0,0.0,0.0
6.41,0.0,0.0,0.0,0.0
6.88,0.0,0.0,0.0,0.0
7.78,2.45,0.0,0.0,0.0
9.13,2.39,0.0,0.0,0.0
10.47,2.39,0.0,0.0,0.0
12.72,1.6,0.0,0.0,0.0
14.07,11.49,0.9,0.0,0.0
13.17,9.58,1.48,0.0,0.0
12.27,15.65,1.67,0.0,0.0
11.37,14.68,2.22,0.0,0.0
11.37,3.99,2.57,0.0,0.0
12.72,3.99,2.48,0.0,0.0
12.72,3.67,2.01,0.0,0.0
11.82,2.56,1.22,0.0,0.0
10.92,1.6,0.55,0.0,0.0
10.02,6.38,0.04,0.0,0.0
9.13,6.7,0.0,0.0,0.0
5.08,6.87,0.0,0.0,0.0
2.38,0.0,0.0,0.0,0.0
2.38,0.0,0.0,0.0,0.0
1.92,0.0,0.0,0.0,0.0
2.37,0.0,0.0,0.0,0.0
1.92,0.0,0.0,0.0,0.0
3.27,0.0,0.0,0.0,0.0
6.41,0.0,0.0,0.0,0.0
6.88,0.0,0.0,0.0,0.0
7.78,2.44,0.0,0.0,0.0
9.13,2.39,0.0,0.0,0.0
10.47,2.39,0.0,0.0,0.0
12.72,1.6,0.0,0.0,0.0
14.07,11.47,0.0,0.0,0.0
13.17,9.56,0.27,0.0,0.0
12.27,15.62,0.93,0.0,0.0
11.37,14.66,1.38,0.0,0.0
11.37,3.98,1.66,0.0,0.0
12.72,3.98,1.61,0.0,0.0
12.72,3.66,1.57,0.0,0.0
11.82,2.55,0.71,0.0,0.0
10.92,1.59,0.27,0.0,0.0
10.02,6.37,0.56,0.0,0.0
9.13,6.69,0.0,0.0,0.0
5.08,6.85,0.0,0.0,0.0
2.38,0.0,0.0,0.0,0.0
2.38,0.0,0.0,0.0,0.0
1.92,0.0,0.0,0.0,0.0
2.37,0.0,0.0,0.0,0.0
1.92,0.0,0.0,0.0,0.0
3.27,0.0,0.0,0.0,0.0
6.43,0.0,0.0,0.0,0.0
6.88,2.43,0.0,0.0,0.0
7.78,2.38,0.0,0.0,0.0
9.13,5.25,0.0,0.0,0.0
10.47,2.07,0.0,0.0,0.0
12.72,1.58,0.73,0.0,0.0
14.07,11.45,3.27,0.0,0.0
13.17,4.93,4.31,0.0,0.0
12.27,15.59,4.87,0.0,0.0
11.37,14.63,5.27,0.0,0.0
11.37,3.5,5.34,0.0,0.0
12.72,4.93,5.1,0.0,0.0
12.72,3.66,4.69,0.0,0.0
11.82,2.55,4.09,0.0,0.0
10.92,1.58,3.62,0.0,0.0
10.02,6.36,3.5,0.0,0.0
9.13,6.68,3.51,0.0,0.0
5.08,6.84,0.96,0.0,0.0
2.38,2.39,0.8,0.0,0.0
2.38,0.0,0.0,0.0,0.0
1.92,0.0,0.0,0.0,0.0
2.37,0.0,0.0,0.0,0.0
1.92,0.0,0.15,0.0,0.0
3.27,0.0,0.54,0.0,0.0
6.43,0.0,1.12,0.0,0.0
6.88,2.44,0.06,0.0,0.0
7.78,2.38,0.01,0.0,0.0
9.13,5.24,2.78,0.0,0.0
10.47,2.06,5.27,0.0,0.0
12.72,1.59,11.77,0.0,0.0
14.07,11.43,18.19,0.0,0.0
13.17,4.92,22.85,0.0,0.0
12.27,15.55,23.0,0.0,0.0
11.37,14.62,20.32,0.0,0.0
11.37,3.49,18.88,0.0,0.0
12.72,4.92,18.61,0.0,0.0
12.72,3.65,18.75,0.0,0.0
11.82,2.54,15.96,0.0,0.0
10.92,1.59,12.07,0.0,0.0
10.02,6.35,10.05,0.0,0.0
9.13,6.67,8.3,0.0,0.0
5.08,6.82,5.67,0.0,0.0
2.38,2.38,3.98,0.0,0.0
2.38,0.0,0.0,0.0,0.0
1.92,0.0,0.0,0.0,0.0
2.37,0.0,0.0,0.0,0.0
1.92,0.0,0.94,0.0,0.0
3.27,0.0,0.49,0.0,0.0
6.43,0.0,1.48,0.0,0.0
6.88,2.43,2.58,0.0,0.0
7.78,2.37,3.61,0.0,0.0
9.13,5.23,6.84,0.0,0.0
10.47,2.06,7.56,0.0,0.0
12.72,1.58,8.91,0.0,0.0
14.07,11.41,10.22,0.0,0.0
13.17,4.91,9.92,0.0,0.0
12.27,15.54,10.13,0.0,0.0
11.37,14.58,10.8,0.0,0.0
11.37,3.48,10.32,0.0,0.0
12.72,4.91,9.84,0.0,0.0
12.72,3.64,9.52,0.0,0.0
11.82,2.54,9.43,0.0,0.0
10.92,1.58,9.3,0.0,0.0
10.02,6.33,9.05,0.0,0.0
9.13,6.65,8.97,0.0,0.0
5.08,6.82,5.48,0.0,0.0
2.38,2.37,2.54,0.0,0.0
2.38,0.0,0.0,0.0,0.0
1.92,0.0,0.0,0.0,0.0
2.37,0.0,0.0,0.0,0.0
1.92,0.0,0.13,0.0,0.0
3.27,0.0,0.0,0.0,0.0
6.43,0.0,0.04,0.0,0.0
6.88,2.43,0.0,0.0,0.0
7.78,2.37,0.0,0.0,0.0
9.13,5.21,0.0,0.0,0.0
10.47,2.05,0.0,0.0,0.0
12.72,1.59,1.29,0.0,0.0
14.07,11.38,3.1,0.0,0.0
13.17,4.9,3.91,0.0,0.0
12.27,15.49,4.63,0.0,0.0
11.37,14.55,5.45,0.0,0.0
11.37,3.48,5.84,0.0,0.0
12.72,4.9,7.32,0.0,0.0
12.72,3.64,8.37,0.0,0.0
11.82,2.53,6.78,0.0,0.0
10.92,1.57,5.54,0.0,0.0
10.02,6.33,5.07,0.0,0.0
9.13,6.64,4.91,0.0,0.0
5.08,6.8,2.02,0.0,0.0
2.38,2.37,0.71,0.0,0.0
2.38,0.0,0.0,0.0,0.0
1.92,0.0,0.0,0.0,0.0
2.37,0.0,0.0,0.0,0.0
1.92,0.0,0.08,0.0,0.0
3.27,0.0,0.11,0.0,0.0
6.43,0.0,0.24,0.0,0.0
6.88,2.42,0.0,0.0,0.0
7.78,2.37,0.0,0.0,0.0
9.13,5.2,2.2,0.0,0.0
10.47,2.05,4.16,0.0,0.0
12.72,1.58,6.35,0.0,0.0
14.07,11.36,8.81,0.0,0.0
13.17,4.89,15.36,0.0,0.0
12.27,15.46,16.22,0.0,0.0
11.37,14.52,19.2,0.0,0.0
11.37,3.47,20.65,0.0,0.0
12.72,4.89,21.78,0.0,0.0
12.72,3.63,23.23,0.0,0.0
11.82,2.53,24.68,0.0,0.0
10.92,1.57,23.84,0.0,0.0
10.02,6.31,22.55,0.0,0.0
9.13,6.62,16.27,0.0,0.0
5.08,6.79,7.78,0.0,0.0
2.38,2.36,5.87,0.0,0.0
2.38,0.0,0.0,0.0,0.0
1.92,0.0,0.0,0.0,0.0
2.37,0.0,0.0,0.0,0.0
1.92,0.0,1.17,0.0,0.0
3.27,0.0,0.66,0.0,0.0
6.41,0.0,1.53,0.0,0.0
6.88,0.0,1.5,0.0,0.0
7.78,2.42,2.06,0.0,0.0
9.13,2.36,3.03,0.0,0.0
10.47,2.36,4.18,0.0,0.0
12.72,1.57,6.3,0.0,0.0
14.07,11.34,8.94,0.0,0.0
13.17,9.45,9.72,0.0,0.0
12.27,15.43,9.55,0.0,0.0
11.37,14.49,9.37,0.0,0.0
11.37,3.94,9.57,0.0,0.0
12.72,3.94,9.36,0.0,0.0
12.72,3.62,9.23,0.0,0.0
11.82,2.52,8.96,0.0,0.0
10.92,1.58,8.7,0.0,0.0
10.02,6.29,8.68,0.0,0.0
9.13,6.62,8.67,0.0,0.0
5.08,6.77,5.27,0.0,0.0
2.38,0.0,2.49,0.0,0.0
2.38,0.0,0.0,0.0,0.0
1.92,0.0,0.0,0.0,0.0
2.37,0.0,0.0,0.0,0.0
1.92,0.0,0.25,0.0,0.0
3.27,0.0,0.0,0.0,0.0
6.41,0.0,0.1,0.0,0.0
6.88,0.0,0.0,0.0,0.0
7.78,2.42,0.61,0.0,0.0
9.13,2.36,2.04,0.0,0.0
10.47,2.36,3.47,0.0,0.0
12.72,1.57,6.0,0.0,0.0
14.07,11.32,8.53,0.0,0.0
13.17,9.43,12.32,0.0,0.0
12.27,15.4,19.19,0.0,0.0
11.37,14.47,21.45,0.0,0.0
11.37,3.93,22.0,0.0,0.0
12.72,3.93,24.19,0.0,0.0
12.72,3.61,23.08,0.0,0.0
11.82,2.52,22.46,0.0,0.0
10.92,1.57,22.45,0.0,0.0
10.02,6.28,21.36,0.0,0.0
9.13,6.6,13.52,0.0,0.0
5.08,6.76,6.36,0.0,0.0
2.38,0.0,2.87,0.0,0.0
2.38,0.0,0.0,0.0,0.0
1.92,0.0,0.0,0.0,0.0
2.37,0.0,0.0,0.0,0.0
1.92,0.0,0.76,0.0,0.0
3.27,0.0,0.37,0.0,0.0
6.43,0.0,0.34,0.0,0.0
6.88,2.41,0.35,0.0,0.0
7.78,2.35,0.54,0.0,0.0
9.13,5.17,3.1,0.0,0.0
10.47,2.04,4.64,0.0,0.0
12.72,1.57,6.61,0.0,0.0
14.07,11.29,9.96,0.0,0.0
13.17,4.87,14.81,0.0,0.0
12.27,15.37,13.74,0.0,0.0
11.37,14.43,7.85,0.0,0.0
11.37,3.45,7.58,0.0,0.0
12.72,4.86,10.07,0.0,0.0
12.72,3.6,13.69,0.0,0.0
11.82,2.51,12.18,0.0,0.0
10.92,1.57,8.54,0.0,0.0
10.02,6.27,8.06,0.0,0.0
9.13,6.59,7.94,0.0,0.0
5.08,6.75,5.0,0.0,0.0
2.38,2.35,3.12,0.0,0.0
2.38,0.0,0.0,0.0,0.0
1.92,0.0,0.0,0.0,0.0
2.37,0.0,0.0,0.0,0.0
1.92,0.0,0.95,0.0,0.0
3.27,0.0,3.71,0.0,0.0
6.43,0.0,6.21,0.0,0.0
6.88,2.39,5.51,0.0,0.0
7.78,2.35,4.58,0.0,0.0
9.13,5.17,9.19,0.0,0.0
10.47,2.04,17.19,0.0,0.0
12.72,1.56,20.96,0.0,0.0
14.07,11.27,27.17,0.0,0.0
13.17,4.85,33.88,0.0,0.0
12.27,15.34,31.77,0.0,0.0
11.37,14.4,26.16,0.0,0.0
11.37,3.45,24.68,0.0,0.0
12.72,4.85,25.53,0.0,0.0
12.72,3.6,26.87,0.0,0.0
11.82,2.51,28.59,0.0,0.0
10.92,1.56,26.96,0.0,0.0
10.02,6.26,25.05,0.0,0.0
9.13,6.57,21.3,0.0,0.0
5.08,6.73,15.31,0.0,0.0
2.38,2.35,10.65,0.0,0.0
2.38,0.0,0.0,0.0,0.0
1.92,0.0,0.0,0.0,0.0
2.37,0.0,0.0,0.0,0.0
1.92,0.0,2.13,0.0,0.0
3.27,0.0,2.09,0.0,0.0
6.43,0.0,4.53,0.0,0.0
6.88,2.38,6.38,0.0,0.0
7.78,2.34,12.54,0.0,0.0
9.13,5.16,20.78,0.0,0.0
10.47,2.03,25.93,0.0,0.0
12.72,1.55,28.06,0.0,0.0
14.07,11.25,35.18,0.0,0.0
13.17,4.84,41.07,0.0,0.0
12.27,15.31,39.17,0.0,0.0
11.37,14.36,33.29,0.0,0.0
11.37,3.44,28.84,0.0,0.0
12.72,4.84,29.68,0.0,0.0
12.72,3.59,33.22,0.0,0.0
11.82,2.5,36.58,0.0,0.0
10.92,1.56,35.68,0.0,0.0
10.02,6.24,34.98,0.0,0.0
9.13,6.56,29.61,0.0,0.0
5.08,6.72,22.71,0.0,0.0
2.38,2.34,17.27,0.0,0.0
2.38,0.0,0.12,0.0,0.0
1.92,0.0,0.0,0.0,0.0
2.37,0.0,0.0,0.0,0.0
1.92,0.0,3.4,0.0,0.0
3.27,0.0,3.47,0.0,0.0
6.43,0.0,9.96,0.0,0.0
6.88,2.38,14.02,0.0,0.0
7.78,2.33,17.72,0.0,0.0
9.13,5.15,20.28,0.0,0.0
10.47,2.02,18.26,0.0,0.0
12.72,1.56,8.69,0.0,0.0
14.07,11.22,6.2,0.0,0.0
13.17,4.83,5.73,0.0,0.0
12.27,15.27,6.15,0.0,0.0
11.37,14.35,6.23,0.0,0.0
11.37,3.43,4.72,0.0,0.0
12.72,4.82,3.31,0.0,0.0
12.72,3.59,3.22,0.0,0.0
11.82,2.49,2.81,0.0,0.0
10.92,1.55,2.89,0.0,0.0
10.02,6.24,3.41,0.0,0.0
9.13,6.54,3.31,0.0,0.0
5.08,6.71,0.59,0.0,0.0
2.38,2.33,0.66,0.0,0.0
2.38,0.0,0.0,0.0,0.0
1.92,0.0,0.0,0.0,0.0
2.37,0.0,0.0,0.0,0.0
1.92,0.0,0.04,0.0,0.0
3.27,0.0,0.03,0.0,0.0
6.43,0.0,0.07,0.0,0.0
6.88,2.39,0.0,0.0,0.0
7.78,2.33,0.0,0.0,0.0
9.13,5.13,0.0,0.0,0.0
10.47,2.02,0.47,0.0,0.0
12.72,1.56,2.19,0.0,0.0
14.07,11.2,3.47,0.0,0.0
13.17,4.82,4.28,0.0,0.0
12.27,15.24,5.1,0.0,0.0
11.37,14.31,5.48,0.0,0.0
11.37,3.42,5.69,0.0,0.0
12.72,4.82,5.98,0.0,0.0
12.72,3.57,5.58,0.0,0.0
11.82,2.49,5.03,0.0,0.0
10.92,1.55,4.59,0.0,0.0
10.02,6.21,4.17,0.0,0.0
9.13,6.54,3.73,0.0,0.0
5.08,6.69,1.51,0.0,0.0
2.38,2.33,0.48,0.0,0.0
2.38,0.0,0.0,0.0,0.0
1.92,0.0,0.0,0.0,0.0
2.37,0.0,0.0,0.0,0.0
1.92,0.0,0.03,0.0,0.0
3.27,0.0,0.0,0.0,0.0
6.41,0.0,0.0,0.0,0.0
6.88,0.0,0.0,0.0,0.0
7.78,2.38,0.0,0.0,0.0
9.13,2.33,0.07,0.0,0.0
10.47,2.33,1.55,0.0,0.0
12.72,1.55,3.28,0.0,0.0
14.07,11.18,4.77,0.0,0.0
13.17,9.31,6.48,0.0,0.0
12.27,15.22,8.9,0.0,0.0
11.37,14.28,9.46,0.0,0.0
11.37,3.88,10.27,0.0,0.0
12.72,3.87,10.75,0.0,0.0
12.72,3.57,8.8,0.0,0.0
11.82,2.48,6.49,0.0,0.0
10.92,1.55,5.11,0.0,0.0
10.02,6.21,4.77,0.0,0.0
9.13,6.51,4.23,0.0,0.0
5.08,6.68,1.68,0.0,0.0
2.38,0.0,0.56,0.0,0.0
2.38,0.0,0.0,0.0,0.0
1.92,0.0,0.0,0.0,0.0
2.37,0.0,0.0,0.0,0.0
1.92,0.0,0.04,0.0,0.0
3.27,0.0,0.0,0.0,0.0
6.41,0.0,0.0,0.0,0.0
6.88,0.0,0.0,0.0,0.0
7.78,2.38,0.0,0.0,0.0
9.13,2.32,0.14,0.0,0.0
10.47,2.32,1.98,0.0,0.0
12.72,1.54,4.39,0.0,0.0
14.07,11.15,8.0,0.0,0.0
13.17,9.29,13.21,0.0,0.0
12.27,15.17,15.41,0.0,0.0
11.37,14.25,15.32,0.0,0.0
11.37,3.87,14.85,0.0,0.0
12.72,3.87,16.4,0.0,0.0
12.72,3.56,15.69,0.0,0.0
11.82,2.47,11.11,0.0,0.0
10.92,1.55,7.1,0.0,0.0
10.02,6.19,6.54,0.0,0.0
9.13,6.5,5.9,0.0,0.0
5.08,6.65,2.57,0.0,0.0
2.38,0.0,0.76,0.0,0.0
2.38,0.0,0.0,0.0,0.0
1.92,0.0,0.0,0.0,0.0
2.37,0.0,0.0,0.0,0.0
1.92,0.0,0.15,0.0,0.0
3.27,0.0,0.0,0.0,0.0
6.43,0.0,0.08,0.0,0.0
6.88,2.38,0.0,0.0,0.0
7.78,2.32,0.0,0.0,0.0
9.13,5.1,2.41,0.0,0.0
10.47,2.01,5.69,0.0,0.0
12.72,1.54,12.77,0.0,0.0
14.07,11.13,20.21,0.0,0.0
13.17,4.79,24.92,0.0,0.0
12.27,15.15,24.31,0.0,0.0
11.37,14.21,22.3,0.0,0.0
11.37,3.4,21.13,0.0,0.0
12.72,4.79,21.59,0.0,0.0
12.72,3.55,21.64,0.0,0.0
11.82,2.47,20.69,0.0,0.0
10.92,1.55,16.49,0.0,0.0
10.02,6.18,12.19,0.0,0.0
9.13,6.49,7.17,0.0,0.0
5.08,6.64,4.76,0.0,0.0
2.38,2.32,2.5,0.0,0.0
2.38,0.0,0.0,0.0,0.0
1.92,0.0,0.0,0.0,0.0
2.37,0.0,0.0,0.0,0.0
1.92,0.0,0.29,0.0,0.0
3.27,0.0,0.47,0.0,0.0
6.43,0.0,0.88,0.0,0.0
6.88,2.37,0.0,0.0,0.0
7.78,2.31,0.04,0.0,0.0
9.13,5.08,2.89,0.0,0.0
10.47,2.0,4.82,0.0,0.0
12.72,1.54,7.58,0.0,0.0
14.07,11.1,12.82,0.0,0.0
13.17,4.78,16.61,0.0,0.0
12.27,15.11,17.42,0.0,0.0
11.37,14.18,18.32,0.0,0.0
11.37,3.39,17.0,0.0,0.0
12.72,4.78,16.62,0.0,0.0
12.72,3.54,18.17,0.0,0.0
11.82,2.47,17.01,0.0,0.0
10.92,1.54,12.25,0.0,0.0
10.02,6.16,8.2,0.0,0.0
9.13,6.48,7.31,0.0,0.0
5.08,6.62,4.77,0.0,0.0
2.38,2.31,2.86,0.0,0.0
2.38,0.0,0.0,0.0,0.0
1.92,0.0,0.0,0.0,0.0
2.37,0.0,0.0,0.0,0.0
1.92,0.0,0.36,0.0,0.0
3.27,0.0,0.1,0.0,0.0
6.43,0.0,0.22,0.0,0.0
6.88,2.36,0.0,0.0,0.0
7.78,2.31,0.0,0.0,0.0
9.13,5.07,3.03,0.0,0.0
10.47,2.0,5.67,0.0,0.0
12.72,1.54,10.31,0.0,0.0
14.07,11.07,14.82,0.0,0.0
13.17,4.77,18.29,0.0,0.0
12.27,15.08,19.31,0.0,0.0
11.37,14.15,17.67,0.0,0.0
11.37,3.39,17.06,0.0,0.0
12.72,4.77,17.77,0.0,0.0
12.72,3.53,18.59,0.0,0.0
11.82,2.46,16.87,0.0,0.0
10.92,1.54,13.1,0.0,0.0
10.02,6.15,11.38,0.0,0.0
9.13,6.46,6.36,0.0,0.0
5.08,6.61,4.05,0.0,0.0
2.38,2.31,2.27,0.0,0.0
2.38,0.0,0.0,0.0,0.0
1.92,0.0,0.0,0.0,0.0
2.37,0.0,0.0,0.0,0.0
1.92,0.0,0.27,0.0,0.0
3.27,0.0,0.03,0.0,0.0
6.43,0.0,0.17,0.0,0.0
6.88,2.36,0.08,0.0,0.0
7.78,2.3,0.88,0.0,0.0
9.13,5.06,2.52,0.0,0.0
10.47,2.0,3.54,0.0,0.0
12.72,1.53,5.46,0.0,0.0
14.07,11.05,8.35,0.0,0.0
13.17,4.76,11.36,0.0,0.0
12.27,15.04,14.01,0.0,0.0
11.37,14.11,14.55,0.0,0.0
11.37,3.38,14.27,0.0,0.0
12.72,4.76,14.42,0.0,0.0
12.72,3.53,14.65,0.0,0.0
11.82,2.45,13.03,0.0,0.0
10.92,1.54,9.68,0.0,0.0
10.02,6.13,7.35,0.0,0.0
9.13,6.44,5.45,0.0,0.0
5.08,6.59,3.67,0.0,0.0
2.38,2.3,1.79,0.0,0.0
2.38,0.0,0.0,0.0,0.0
1.92,0.0,0.0,0.0,0.0
2.37,0.0,0.0,0.0,0.0
1.92,0.0,0.18,0.0,0.0
3.27,0.0,0.4,0.0,0.0
6.43,0.0,0.24,0.0,0.0
6.88,2.35,0.0,0.0,0.0
7.78,2.3,0.0,0.0,0.0
9.13,5.05,2.1,0.0,0.0
10.47,1.99,3.85,0.0,0.0
12.72,1.53,7.43,0.0,0.0
14.07,11.02,12.78,0.0,0.0
13.17,4.75,13.88,0.0,0.0
12.27,15.0,13.22,0.0,0.0
11.37,14.08,12.15,0.0,0.0
11.37,3.37,11.81,0.0,0.0
12.72,4.75,12.13,0.0,0.0
12.72,3.52,11.33,0.0,0.0
11.82,2.45,7.56,0.0,0.0
10.92,1.54,5.82,0.0,0.0
10.02,6.12,5.65,0.0,0.0
9.13,6.43,5.28,0.0,0.0
5.08,6.58,2.71,0.0,0.0
2.38,2.3,1.52,0.0,0.0
2.38,0.0,0.0,0.0,0.0
1.92,0.0,0.0,0.0,0.0
2.37,0.0,0.0,0.0,0.0
1.92,0.0,0.35,0.0,0.0
3.27,0.0,0.0,0.0,0.0
6.41,0.0,0.07,0.0,0.0
6.88,0.0,0.0,0.0,0.0
7.78,2.35,0.08,0.0,0.0
9.13,2.29,2.8,0.0,0.0
10.47,2.29,7.32,0.0,0.0
12.72,1.53,11.95,0.0,0.0
14.07,10.99,16.91,0.0,0.0
13.17,9.17,19.15,0.0,0.0
12.27,14.97,20.62,0.0,0.0
11.37,14.05,20.7,0.0,0.0
11.37,3.82,19.13,0.0,0.0
12.72,3.81,17.8,0.0,0.0
12.72,3.52,16.37,0.0,0.0
11.82,2.44,15.75,0.0,0.0
10.92,1.52,13.49,0.0,0.0
10.02,6.11,9.48,0.0,0.0
9.13,6.41,7.71,0.0,0.0
5.08,6.57,5.83,0.0,0.0
2.38,0.0,3.3,0.0,0.0
2.38,0.0,0.0,0.0,0.0
1.92,0.0,0.0,0.0,0.0
2.37,0.0,0.0,0.0,0.0
1.92,0.0,0.88,0.0,0.0
3.27,0.0,0.41,0.0,0.0
6.41,0.0,1.36,0.0,0.0
6.88,0.0,2.3,0.0,0.0
7.78,2.35,4.07,0.0,0.0
9.13,2.29,5.66,0.0,0.0
10.47,2.29,7.01,0.0,0.0
12.72,1.52,13.54,0.0,0.0
14.07,10.96,23.74,0.0,0.0
13.17,9.15,29.45,0.0,0.0
12.27,14.94,30.32,0.0,0.0
11.37,14.01,28.09,0.0,0.0
11.37,3.81,26.66,0.0,0.0
12.72,3.8,28.65,0.0,0.0
12.72,3.51,29.42,0.0,0.0
11.82,2.44,28.64,0.0,0.0
10.92,1.52,27.31,0.0,0.0
10.02,6.09,25.56,0.0,0.0
9.13,6.4,19.31,0.0,0.0
5.08,6.55,9.36,0.0,0.0
2.38,0.0,6.12,0.0,0.0
2.38,0.0,0.0,0.0,0.0
1.92,0.0,0.0,0.0,0.0
2.37,0.0,0.0,0.0,0.0
1.92,0.0,2.04,0.0,0.0
3.27,0.0,1.85,0.0,0.0
6.43,0.0,4.16,0.0,0.0
6.88,2.34,3.6,0.0,0.0
7.78,2.28,2.65,0.0,0.0
9.13,5.01,4.97,0.0,0.0
10.47,1.98,5.48,0.0,0.0
12.72,1.51,7.92,0.0,0.0
14.07,10.95,12.21,0.0,0.0
13.17,4.71,23.74,0.0,0.0
12.27,14.91,26.6,0.0,0.0
11.37,13.99,22.57,0.0,0.0
11.37,3.34,18.47,0.0,0.0
12.72,4.72,14.58,0.0,0.0
12.72,3.5,11.76,0.0,0.0
11.82,2.43,10.4,0.0,0.0
10.92,1.52,9.61,0.0,0.0
10.02,6.08,9.1,0.0,0.0
9.13,6.38,9.09,0.0,0.0
5.08,6.54,6.07,0.0,0.0
2.38,2.28,3.93,0.0,0.0
2.38,0.0,0.0,0.0,0.0
1.92,0.0,0.0,0.0,0.0
2.37,0.0,0.0,0.0,0.0
1.92,0.0,1.07,0.0,0.0
3.27,0.0,4.05,0.0,0.0
6.43,0.0,6.51,0.0,0.0
6.88,2.32,5.14,0.0,0.0
7.78,2.27,2.77,0.0,0.0
9.13,5.01,3.8,0.0,0.0
10.47,1.97,3.84,0.0,0.0
12.72,1.52,5.07,0.0,0.0
14.07,10.91,7.43,0.0,0.0
13.17,4.7,8.6,0.0,0.0
12.27,14.86,8.89,0.0,0.0
11.37,13.95,9.87,0.0,0.0
11.37,3.34,11.2,0.0,0.0
12.72,4.7,12.33,0.0,0.0
12.72,3.49,12.13,0.0,0.0
11.82,2.42,12.33,0.0,0.0
10.92,1.52,11.99,0.0,0.0
10.02,6.07,11.16,0.0,0.0
9.13,6.36,10.14,0.0,0.0
5.08,6.52,7.04,0.0,0.0
2.38,2.27,4.99,0.0,0.0
2.38,0.0,0.0,0.0,0.0
1.92,0.0,0.0,0.0,0.0
2.37,0.0,0.0,0.0,0.0
1.92,0.0,1.25,0.0,0.0
3.27,0.0,0.59,0.0,0.0
6.43,0.0,1.32,0.0,0.0
6.88,2.3,1.71,0.0,0.0
7.78,2.27,1.92,0.0,0.0
9.13,5.0,4.71,0.0,0.0
10.47,1.97,6.28,0.0,0.0
12.72,1.51,9.32,0.0,0.0
14.07,10.88,18.36,0.0,0.0
13.17,4.69,26.57,0.0,0.0
12.27,14.82,28.61,0.0,0.0
11.37,13.92,25.76,0.0,0.0
11.37,3.33,22.86,0.0,0.0
12.72,4.69,21.97,0.0,0.0
12.72,3.48,20.33,0.0,0.0
11.82,2.42,17.03,0.0,0.0
10.92,1.52,14.99,0.0,0.0
10.02,6.05,14.36,0.0,0.0
9.13,6.35,10.82,0.0,0.0
5.08,6.51,7.49,0.0,0.0
2.38,2.27,5.37,0.0,0.0
2.38,0.0,0.0,0.0,0.0
1.92,0.0,0.0,0.0,0.0
2.37,0.0,0.0,0.0,0.0
1.92,0.0,1.34,0.0,0.0
3.27,0.0,0.75,0.0,0.0
6.43,0.0,2.08,0.0,0.0
6.88,2.3,3.71,0.0,0.0
7.78,2.26,4.63,0.0,0.0
9.13,4.98,8.49,0.0,0.0
10.47,1.96,9.14,0.0,0.0
12.72,1.51,9.34,0.0,0.0
14.07,10.86,10.52,0.0,0.0
13.17,4.68,12.4,0.0,0.0
12.27,14.79,14.02,0.0,0.0
11.37,13.88,14.57,0.0,0.0
11.37,3.32,11.2,0.0,0.0
12.72,4.68,9.81,0.0,0.0
12.72,3.47,9.28,0.0,0.0
11.82,2.41,8.78,0.0,0.0
10.92,1.51,8.81,0.0,0.0
10.02,6.04,8.52,0.0,0.0
9.13,6.33,8.4,0.0,0.0
5.08,6.49,5.75,0.0,0.0
2.38,2.26,3.92,0.0,0.0
2.38,0.0,0.0,0.0,0.0
1.92,0.0,0.0,0.0,0.0
2.37,0.0,0.0,0.0,0.0
1.92,0.0,0.93,0.0,0.0
3.27,0.0,3.53,0.0,0.0
6.43,0.0,5.92,0.0,0.0
6.88,2.3,4.56,0.0,0.0
7.78,2.25,3.07,0.0,0.0
9.13,4.97,5.45,0.0,0.0
10.47,1.95,6.4,0.0,0.0
12.72,1.51,7.82,0.0,0.0
14.07,10.84,8.59,0.0,0.0
13.17,4.67,9.84,0.0,0.0
12.27,14.76,12.6,0.0,0.0
11.37,13.85,9.77,0.0,0.0
11.37,3.31,9.29,0.0,0.0
12.72,4.67,9.38,0.0,0.0
12.72,3.46,9.18,0.0,0.0
11.82,2.4,9.73,0.0,0.0
10.92,1.51,11.24,0.0,0.0
10.02,6.02,10.73,0.0,0.0
9.13,6.31,9.2,0.0,0.0
5.08,6.48,6.34,0.0,0.0
2.38,2.26,4.82,0.0,0.0
2.38,0.0,0.0,0.0,0.0
1.92,0.0,0.0,0.0,0.0
2.37,0.0,0.0,0.0,0.0
1.92,0.0,0.95,0.0,0.0
3.27,0.0,0.62,0.0,0.0
6.41,0.0,2.06,0.0,0.0
6.88,0.0,2.87,0.0,0.0
7.78,2.31,4.05,0.0,0.0
9.13,2.25,5.95,0.0,0.0
10.47,2.25,9.77,0.0,0.0
12.72,1.5,12.13,0.0,0.0
14.07,10.82,16.84,0.0,0.0
13.17,9.01,17.99,0.0,0.0
12.27,14.72,16.75,0.0,0.0
11.37,13.82,14.48,0.0,0.0
11.37,3.76,13.07,0.0,0.0
12.72,3.75,13.52,0.0,0.0
12.72,3.46,12.57,0.0,0.0
11.82,2.4,11.96,0.0,0.0
10.92,1.5,11.43,0.0,0.0
10.02,6.0,9.41,0.0,0.0
9.13,6.31,8.81,0.0,0.0
5.08,6.45,6.2,0.0,0.0
2.38,0.0,3.38,0.0,0.0
2.38,0.0,0.0,0.0,0.0
1.92,0.0,0.0,0.0,0.0
2.37,0.0,0.0,0.0,0.0
1.92,0.0,0.85,0.0,0.0
3.27,0.0,0.38,0.0,0.0
6.41,0.0,0.59,0.0,0.0
6.88,0.0,1.46,0.0,0.0
7.78,2.31,3.9,0.0,0.0
9.13,2.26,7.73,0.0,0.0
10.47,2.25,12.8,0.0,0.0
12.72,1.49,17.98,0.0,0.0
14.07,10.79,20.84,0.0,0.0
13.17,8.99,23.12,0.0,0.0
12.27,14.68,22.9,0.0,0.0
11.37,13.79,21.57,0.0,0.0
11.37,3.75,19.52,0.0,0.0
12.72,3.74,18.31,0.0,0.0
12.72,3.45,17.71,0.0,0.0
11.82,2.4,15.65,0.0,0.0
10.92,1.49,12.58,0.0,0.0
10.02,5.99,9.53,0.0,0.0
9.13,6.29,7.77,0.0,0.0
5.08,6.44,5.4,0.0,0.0
2.38,0.0,3.25,0.0,0.0
2.38,0.0,0.0,0.0,0.0
1.92,0.0,0.0,0.0,0.0
2.37,0.0,0.0,0.0,0.0
1.92,0.0,1.1,0.0,0.0
3.27,0.0,0.54,0.0,0.0
6.43,0.0,1.5,0.0,0.0
6.88,2.3,3.03,0.0,0.0
7.78,2.24,3.93,0.0,0.0
9.13,4.94,8.2,0.0,0.0
10.47,1.94,16.57,0.0,0.0
12.72,1.49,20.63,0.0,0.0
14.07,10.75,26.6,0.0,0.0
13.17,4.64,31.0,0.0,0.0
12.27,14.65,31.39,0.0,0.0
11.37,13.75,27.18,0.0,0.0
11.37,3.29,23.46,0.0,0.0
12.72,4.63,23.33,0.0,0.0
12.72,3.44,24.55,0.0,0.0
11.82,2.39,25.54,0.0,0.0
10.92,1.49,23.77,0.0,0.0
10.02,5.98,21.79,0.0,0.0
9.13,6.27,16.52,0.0,0.0
5.08,6.43,10.53,0.0,0.0
2.38,2.24,6.41,0.0,0.0
2.38,0.0,0.0,0.0,0.0
1.92,0.0,0.0,0.0,0.0
2.37,0.0,0.0,0.0,0.0
1.92,0.0,1.38,0.0,0.0
3.27,0.0,4.14,0.0,0.0
6.43,0.0,6.5,0.0,0.0
6.88,2.29,5.54,0.0,0.0
7.78,2.23,4.97,0.0,0.0
9.13,4.91,11.99,0.0,0.0
10.47,1.94,20.93,0.0,0.0
12.72,1.48,22.58,0.0,0.0
14.07,10.74,27.01,0.0,0.0
13.17,4.62,33.13,0.0,0.0
12.27,14.61,35.04,0.0,0.0
11.37,13.72,30.53,0.0,0.0
11.37,3.28,25.0,0.0,0.0
12.72,4.62,25.41,0.0,0.0
12.72,3.42,25.8,0.0,0.0
11.82,2.38,24.16,0.0,0.0
10.92,1.49,20.91,0.0,0.0
10.02,5.96,19.22,0.0,0.0
9.13,6.25,12.49,0.0,0.0
5.08,6.42,7.96,0.0,0.0
2.38,2.23,5.46,0.0,0.0
2.38,0.0,0.0,0.0,0.0
1.92,0.0,0.0,0.0,0.0
2.37,0.0,0.0,0.0,0.0
1.92,0.0,1.24,0.0,0.0
3.27,0.0,0.64,0.0,0.0
6.43,0.0,1.69,0.0,0.0
6.88,2.28,2.72,0.0,0.0
7.78,2.23,4.63,0.0,0.0
9.13,4.9,14.44,0.0,0.0
10.47,1.93,20.07,0.0,0.0
12.72,1.49,22.54,0.0,0.0
14.07,10.71,29.07,0.0,0.0
13.17,4.61,33.21,0.0,0.0
12.27,14.58,29.62,0.0,0.0
11.37,13.68,24.56,0.0,0.0
11.37,3.27,22.09,0.0,0.0
12.72,4.61,23.83,0.0,0.0
12.72,3.42,25.7,0.0,0.0
11.82,2.38,25.94,0.0,0.0
10.92,1.48,22.81,0.0,0.0
10.02,5.95,17.91,0.0,0.0
9.13,6.25,10.01,0.0,0.0
5.08,6.39,6.3,0.0,0.0
2.38,2.23,4.35,0.0,0.0
2.38,0.0,0.0,0.0,0.0
1.92,0.0,0.0,0.0,0.0
2.37,0.0,0.0,0.0,0.0
1.92,0.0,0.94,0.0,0.0
3.27,0.0,0.41,0.0,0.0
6.43,0.0,0.96,0.0,0.0
6.88,2.28,2.48,0.0,0.0
7.78,2.22,2.91,0.0,0.0
9.13,4.89,5.01,0.0,0.0
10.47,1.93,5.88,0.0,0.0
12.72,1.48,9.22,0.0,0.0
14.07,10.67,18.76,0.0,0.0
13.17,4.6,26.74,0.0,0.0
12.27,14.54,29.27,0.0,0.0
11.37,13.64,28.11,0.0,0.0
11.37,3.26,25.49,0.0,0.0
12.72,4.6,26.63,0.0,0.0
12.72,3.41,29.02,0.0,0.0
11.82,2.37,30.31,0.0,0.0
10.92,1.48,27.17,0.0,0.0
10.02,5.94,23.95,0.0,0.0
9.13,6.23,20.29,0.0,0.0
5.08,6.37,15.07,0.0,0.0
2.38,2.22,7.44,0.0,0.0
2.38,0.0,0.0,0.0,0.0
1.92,0.0,0.0,0.0,0.0
2.37,0.0,0.0,0.0,0.0
1.92,0.0,1.01,0.0,0.0
3.27,0.0,2.54,0.0,0.0
6.43,0.0,3.84,0.0,0.0
6.88,2.28,2.93,0.0,0.0
7.78,2.22,2.81,0.0,0.0
9.13,4.88,5.79,0.0,0.0
10.47,1.92,11.27,0.0,0.0
12.72,1.48,16.5,0.0,0.0
14.07,10.64,21.11,0.0,0.0
13.17,4.59,23.93,0.0,0.0
12.27,14.5,23.56,0.0,0.0
11.37,13.61,22.25,0.0,0.0
11.37,3.25,20.92,0.0,0.0
12.72,4.59,21.66,0.0,0.0
12.72,3.4,23.29,0.0,0.0
11.82,2.37,24.02,0.0,0.0
10.92,1.47,21.7,0.0,0.0
10.02,5.91,20.23,0.0,0.0
9.13,6.22,15.74,0.0,0.0
5.08,6.35,8.53,0.0,0.0
2.38,2.22,4.8,0.0,0.0
2.38,0.0,0.0,0.0,0.0
1.92,0.0,0.0,0.0,0.0
2.37,0.0,0.0,0.0,0.0
1.92,0.0,0.69,0.0,0.0
3.27,0.0,0.24,0.0,0.0
6.41,0.0,0.27,0.0,0.0
6.88,0.0,0.0,0.0,0.0
7.78,2.27,2.94,0.0,0.0
9.13,2.22,13.92,0.0,0.0
10.47,2.21,17.61,0.0,0.0
12.72,1.48,18.09,0.0,0.0
14.07,10.63,23.04,0.0,0.0
13.17,8.86,24.95,0.0,0.0
12.27,14.46,24.34,0.0,0.0
11.37,13.58,23.06,0.0,0.0
11.37,3.69,21.78,0.0,0.0
12.72,3.68,21.54,0.0,0.0
12.72,3.4,20.05,0.0,0.0
11.82,2.36,21.2,0.0,0.0
10.92,1.47,21.31,0.0,0.0
10.02,5.9,17.41,0.0,0.0
9.13,6.19,15.61,0.0,0.0
5.08,6.35,9.5,0.0,0.0
2.38,0.0,4.22,0.0,0.0
2.38,0.0,0.0,0.0,0.0
1.92,0.0,0.0,0.0,0.0
2.37,0.0,0.0,0.0,0.0
1.92,0.0,1.1,0.0,0.0
3.27,0.0,0.5,0.0,0.0
6.41,0.0,0.77,0.0,0.0
6.88,0.0,1.16,0.0,0.0
7.78,2.27,3.96,0.0,0.0
9.13,2.21,11.12,0.0,0.0
10.47,2.21,16.35,0.0,0.0
12.72,1.47,21.71,0.0,0.0
14.07,10.59,27.02,0.0,0.0
13.17,8.83,32.26,0.0,0.0
12.27,14.42,32.55,0.0,0.0
11.37,13.55,29.87,0.0,0.0
11.37,3.68,28.8,0.0,0.0
12.72,3.68,29.77,0.0,0.0
12.72,3.39,28.4,0.0,0.0
11.82,2.35,28.65,0.0,0.0
10.92,1.47,28.82,0.0,0.0
10.02,5.88,27.91,0.0,0.0
9.13,6.18,22.37,0.0,0.0
5.08,6.33,15.09,0.0,0.0
2.38,0.0,10.06,0.0,0.0
2.38,0.0,0.0,0.0,0.0
1.92,0.0,0.0,0.0,0.0
2.37,0.0,0.0,0.0,0.0
1.92,0.0,1.86,0.0,0.0
3.27,0.0,1.56,0.0,0.0
6.43,0.0,3.52,0.0,0.0
6.88,2.26,5.39,0.0,0.0
7.78,2.2,13.03,0.0,0.0
9.13,4.84,24.16,0.0,0.0
10.47,1.91,29.49,0.0,0.0
12.72,1.46,29.63,0.0,0.0
14.07,10.57,37.12,0.0,0.0
13.17,4.55,45.15,0.0,0.0
12.27,14.38,44.88,0.0,0.0
11.37,13.51,39.04,0.0,0.0
11.37,3.23,34.31,0.0,0.0
12.72,4.55,35.11,0.0,0.0
12.72,3.38,35.98,0.0,0.0
11.82,2.35,36.36,0.0,0.0
10.92,1.46,34.03,0.0,0.0
10.02,5.87,32.39,0.0,0.0
9.13,6.17,25.83,0.0,0.0
5.08,6.31,18.74,0.0,0.0
2.38,2.2,13.25,0.0,0.0
2.38,0.0,0.05,0.0,0.0
1.92,0.0,0.0,0.0,0.0
2.37,0.0,0.0,0.0,0.0
1.92,0.0,3.17,0.0,0.0
3.27,0.0,7.74,0.0,0.0
6.43,0.0,16.87,0.0,0.0
6.88,2.24,17.73,0.0,0.0
7.78,2.2,23.12,0.0,0.0
9.13,4.83,28.5,0.0,0.0
10.47,1.9,31.0,0.0,0.0
12.72,1.47,30.64,0.0,0.0
14.07,10.54,37.01,0.0,0.0
13.17,4.54,31.51,0.0,0.0
12.27,14.36,19.06,0.0,0.0
11.37,13.48,14.8,0.0,0.0
11.37,3.22,15.41,0.0,0.0
12.72,4.54,22.25,0.0,0.0
12.72,3.37,26.79,0.0,0.0
11.82,2.34,29.18,0.0,0.0
10.92,1.46,28.06,0.0,0.0
10.02,5.85,26.46,0.0,0.0
9.13,6.14,22.2,0.0,0.0
5.08,6.3,17.21,0.0,0.0
2.38,2.2,14.75,0.0,0.0
2.38,0.0,0.07,0.0,0.0
1.92,0.0,0.0,0.0,0.0
2.37,0.0,0.0,0.0,0.0
1.92,0.0,4.34,0.0,0.0
3.27,0.0,4.83,0.0,0.0
6.43,0.0,14.62,0.0,0.0
6.88,2.24,18.42,0.0,0.0
7.78,2.19,25.8,0.0,0.0
9.13,4.81,32.51,0.0,0.0
10.47,1.9,37.29,0.0,0.0
12.72,1.45,35.58,0.0,0.0
14.07,10.52,32.7,0.0,0.0
13.17,4.53,23.99,0.0,0.0
12.27,14.31,19.86,0.0,0.0
11.37,13.44,26.66,0.0,0.0
11.37,3.21,27.56,0.0,0.0
12.72,4.53,31.03,0.0,0.0
12.72,3.36,38.79,0.0,0.0
11.82,2.34,45.87,0.0,0.0
10.92,1.46,42.48,0.0,0.0
10.02,5.84,36.73,0.0,0.0
9.13,6.13,29.04,0.0,0.0
5.08,6.28,20.39,0.0,0.0
2.38,2.19,13.83,0.0,0.0
2.38,0.0,0.01,0.0,0.0
1.92,0.0,0.0,0.0,0.0
2.37,0.0,0.0,0.0,0.0
1.92,0.0,2.64,0.0,0.0
3.27,0.0,2.68,0.0,0.0
6.43,0.0,8.13,0.0,0.0
6.88,2.23,13.58,0.0,0.0
7.78,2.18,19.86,0.0,0.0
9.13,4.8,26.63,0.0,0.0
10.47,1.9,32.41,0.0,0.0
12.72,1.45,33.89,0.0,0.0
14.07,10.49,43.55,0.0,0.0
13.17,4.52,51.0,0.0,0.0
12.27,14.27,48.38,0.0,0.0
11.37,13.41,41.43,0.0,0.0
11.37,3.2,37.07,0.0,0.0
12.72,4.52,38.93,0.0,0.0
12.72,3.35,42.16,0.0,0.0
11.82,2.33,44.94,0.0,0.0
10.92,1.45,42.3,0.0,0.0
10.02,5.82,39.79,0.0,0.0
9.13,6.12,33.07,0.0,0.0
5.08,6.27,26.4,0.0,0.0
2.38,2.18,19.78,0.0,0.0
2.38,0.0,0.34,0.0,0.0
1.92,0.0,0.0,0.0,0.0
2.37,0.0,0.0,0.0,0.0
1.92,0.0,3.6,0.0,0.0
3.27,0.0,8.37,0.0,0.0
6.43,0.0,18.38,0.0,0.0
6.88,2.23,19.1,0.0,0.0
7.78,2.18,24.08,0.0,0.0
9.13,4.79,30.59,0.0,0.0
10.47,1.89,34.19,0.0,0.0
12.72,1.45,34.01,0.0,0.0
14.07,10.46,39.69,0.0,0.0
13.17,4.51,43.22,0.0,0.0
12.27,14.24,40.39,0.0,0.0
11.37,13.37,34.71,0.0,0.0
11.37,3.2,25.94,0.0,0.0
12.72,4.5,19.53,0.0,0.0
12.72,3.34,13.56,0.0,0.0
11.82,2.32,11.96,0.0,0.0
10.92,1.45,11.51,0.0,0.0
10.02,5.81,11.11,0.0,0.0
9.13,6.1,10.13,0.0,0.0
5.08,6.25,6.98,0.0,0.0
2.38,2.18,5.27,0.0,0.0
2.38,0.0,0.0,0.0,0.0
1.92,0.0,0.0,0.0,0.0
2.37,0.0,0.0,0.0,0.0
1.92,0.0,1.75,0.0,0.0
3.27,0.0,2.04,0.0,0.0
6.41,0.0,7.35,0.0,0.0
6.88,0.0,13.58,0.0,0.0
7.78,2.23,24.5,0.0,0.0
9.13,2.17,27.92,0.0,0.0
10.47,2.17,28.21,0.0,0.0
12.72,1.45,25.56,0.0,0.0
14.07,10.43,20.99,0.0,0.0
13.17,8.7,13.69,0.0,0.0
12.27,14.21,14.35,0.0,0.0
11.37,13.34,11.71,0.0,0.0
11.37,3.62,11.49,0.0,0.0
12.72,3.62,10.96,0.0,0.0
12.72,3.33,10.38,0.0,0.0
11.82,2.32,11.17,0.0,0.0
10.92,1.45,15.42,0.0,0.0
10.02,5.79,15.79,0.0,0.0
9.13,6.08,15.28,0.0,0.0
5.08,6.24,11.92,0.0,0.0
2.38,0.0,7.89,0.0,0.0
2.38,0.0,0.0,0.0,0.0
1.92,0.0,0.0,0.0,0.0
2.37,0.0,0.0,0.0,0.0
1.92,0.0,1.4,0.0,0.0
3.27,0.0,0.71,0.0,0.0
6.41,0.0,2.57,0.0,0.0
6.88,0.0,4.61,0.0,0.0
7.78,2.23,12.59,0.0,0.0
9.13,2.18,20.04,0.0,0.0
10.47,2.17,21.92,0.0,0.0
12.72,1.44,27.62,0.0,0.0
14.07,10.41,31.72,0.0,0.0
13.17,8.68,35.87,0.0,0.0
12.27,14.16,38.2,0.0,0.0
11.37,13.3,34.73,0.0,0.0
11.37,3.62,31.25,0.0,0.0
12.72,3.61,31.61,0.0,0.0
12.72,3.32,32.51,0.0,0.0
11.82,2.31,33.25,0.0,0.0
10.92,1.45,32.23,0.0,0.0
10.02,5.78,30.62,0.0,0.0
9.13,6.07,23.3,0.0,0.0
5.08,6.21,12.91,0.0,0.0
2.38,0.0,5.93,0.0,0.0
2.38,0.0,0.0,0.0,0.0
1.92,0.0,0.0,0.0,0.0
2.37,0.0,0.0,0.0,0.0
1.92,0.0,1.73,0.0,0.0
3.27,0.0,1.62,0.0,0.0
6.43,0.0,2.96,0.0,0.0
6.88,2.22,4.35,0.0,0.0
7.78,2.17,5.2,0.0,0.0
9.13,4.75,10.37,0.0,0.0
10.47,1.88,13.67,0.0,0.0
12.72,1.44,13.7,0.0,0.0
14.07,10.38,20.18,0.0,0.0
13.17,4.47,25.95,0.0,0.0
12.27,14.12,28.27,0.0,0.0
11.37,13.27,25.67,0.0,0.0
11.37,3.17,21.54,0.0,0.0
12.72,4.47,20.82,0.0,0.0
12.72,3.31,23.54,0.0,0.0
11.82,2.31,24.87,0.0,0.0
10.92,1.44,20.2,0.0,0.0
10.02,5.76,15.98,0.0,0.0
9.13,6.05,10.86,0.0,0.0
5.08,6.21,7.93,0.0,0.0
2.38,2.16,5.41,0.0,0.0
2.38,0.0,0.0,0.0,0.0
1.92,0.0,0.0,0.0,0.0
2.37,0.0,0.0,0.0,0.0
1.92,0.0,0.67,0.0,0.0
3.27,0.0,1.5,0.0,0.0
6.43,0.0,2.37,0.0,0.0
6.88,2.21,1.34,0.0,0.0
7.78,2.16,0.72,0.0,0.0
9.13,4.75,3.3,0.0,0.0
10.47,1.87,4.63,0.0,0.0
12.72,1.44,6.72,0.0,0.0
14.07,10.35,10.77,0.0,0.0
13.17,4.46,15.42,0.0,0.0
12.27,14.1,18.24,0.0,0.0
11.37,13.23,17.43,0.0,0.0
11.37,3.16,16.13,0.0,0.0
12.72,4.46,16.7,0.0,0.0
12.72,3.3,18.66,0.0,0.0
11.82,2.3,18.63,0.0,0.0
10.92,1.44,14.35,0.0,0.0
10.02,5.75,9.48,0.0,0.0
9.13,6.04,6.54,0.0,0.0
5.08,6.18,4.56,0.0,0.0
2.38,2.16,2.35,0.0,0.0
2.38,0.0,0.0,0.0,0.0
1.92,0.0,0.0,0.0,0.0
2.37,0.0,0.0,0.0,0.0
1.92,0.0,0.45,0.0,0.0
3.27,0.0,0.18,0.0,0.0
6.43,0.0,0.18,0.0,0.0
6.88,2.21,0.37,0.0,0.0
7.78,2.15,2.27,0.0,0.0
9.13,4.74,5.61,0.0,0.0
10.47,1.86,10.35,0.0,0.0
12.72,1.44,14.62,0.0,0.0
14.07,10.33,18.81,0.0,0.0
13.17,4.44,22.43,0.0,0.0
12.27,14.05,23.33,0.0,0.0
11.37,13.2,20.84,0.0,0.0
11.37,3.15,18.34,0.0,0.0
12.72,4.45,18.4,0.0,0.0
12.72,3.3,19.7,0.0,0.0
11.82,2.3,20.9,0.0,0.0
10.92,1.43,17.98,0.0,0.0
10.02,5.73,14.52,0.0,0.0
9.13,6.02,11.29,0.0,0.0
5.08,6.17,6.53,0.0,0.0
2.38,2.15,3.77,0.0,0.0
2.38,0.0,0.0,0.0,0.0
1.92,0.0,0.0,0.0,0.0
2.37,0.0,0.0,0.0,0.0
1.92,0.0,0.64,0.0,0.0
3.27,0.0,0.22,0.0,0.0
6.43,0.0,0.43,0.0,0.0
6.88,2.21,0.32,0.0,0.0
7.78,2.14,1.17,0.0,0.0
9.13,4.72,3.45,0.0,0.0
10.47,1.86,4.51,0.0,0.0
12.72,1.43,6.52,0.0,0.0
14.07,10.3,9.48,0.0,0.0
13.17,4.43,13.38,0.0,0.0
12.27,14.03,16.94,0.0,0.0
11.37,13.17,16.83,0.0,0.0
11.37,3.15,15.51,0.0,0.0
12.72,4.43,16.57,0.0,0.0
12.72,3.29,17.42,0.0,0.0
11.82,2.29,15.92,0.0,0.0
10.92,1.42,12.24,0.0,0.0
10.02,5.72,8.57,0.0,0.0
9.13,6.01,6.05,0.0,0.0
5.08,6.15,4.8,0.0,0.0
2.38,2.15,2.95,0.0,0.0
2.38,0.0,0.0,0.0,0.0
1.92,0.0,0.0,0.0,0.0
2.37,0.0,0.0,0.0,0.0
1.92,0.0,0.24,0.0,0.0
3.27,0.0,0.61,0.0,0.0
6.43,0.0,1.05,0.0,0.0
6.88,2.19,0.37,0.0,0.0
7.78,2.14,1.2,0.0,0.0
9.13,4.71,5.12,0.0,0.0
10.47,1.86,10.43,0.0,0.0
12.72,1.42,14.2,0.0,0.0
14.07,10.27,19.36,0.0,0.0
13.17,4.42,23.09,0.0,0.0
12.27,13.99,22.0,0.0,0.0
11.37,13.13,20.4,0.0,0.0
11.37,3.14,18.95,0.0,0.0
12.72,4.42,19.5,0.0,0.0
12.72,3.28,20.9,0.0,0.0
11.82,2.28,21.31,0.0,0.0
10.92,1.43,17.8,0.0,0.0
10.02,5.71,14.13,0.0,0.0
9.13,6.0,8.86,0.0,0.0
5.08,6.13,5.77,0.0,0.0
2.38,2.14,3.39,0.0,0.0
2.38,0.0,0.0,0.0,0.0
1.92,0.0,0.0,0.0,0.0
2.37,0.0,0.0,0.0,0.0
1.92,0.0,0.38,0.0,0.0
3.27,0.0,0.17,0.0,0.0
6.41,0.0,0.15,0.0,0.0
6.88,0.0,0.0,0.0,0.0
7.78,2.19,1.79,0.0,0.0
9.13,2.13,7.63,0.0,0.0
10.47,2.13,14.73,0.0,0.0
12.72,1.42,17.17,0.0,0.0
14.07,10.24,21.37,0.0,0.0
13.17,8.54,24.39,0.0,0.0
12.27,13.94,25.66,0.0,0.0
11.37,13.1,23.24,0.0,0.0
11.37,3.56,22.17,0.0,0.0
12.72,3.55,22.66,0.0,0.0
12.72,3.27,21.91,0.0,0.0
11.82,2.27,23.5,0.0,0.0
10.92,1.42,22.13,0.0,0.0
10.02,5.69,16.47,0.0,0.0
9.13,5.98,12.56,0.0,0.0
5.08,6.12,7.57,0.0,0.0
2.38,0.0,4.7,0.0,0.0
2.38,0.0,0.0,0.0,0.0
1.92,0.0,0.0,0.0,0.0
2.37,0.0,0.0,0.0,0.0
1.92,0.0,1.54,0.0,0.0
3.27,0.0,1.24,0.0,0.0
6.41,0.0,3.42,0.0,0.0
6.88,0.0,4.66,0.0,0.0
7.78,2.19,10.63,0.0,0.0
9.13,2.13,15.79,0.0,0.0
10.47,2.13,16.85,0.0,0.0
12.72,1.42,21.25,0.0,0.0
14.07,10.22,24.69,0.0,0.0
13.17,8.52,27.26,0.0,0.0
12.27,13.91,27.84,0.0,0.0
11.37,13.06,25.38,0.0,0.0
11.37,3.55,22.85,0.0,0.0
12.72,3.55,25.34,0.0,0.0
12.72,3.26,27.84,0.0,0.0
11.82,2.27,28.11,0.0,0.0
10.92,1.41,27.19,0.0,0.0
10.02,5.68,26.27,0.0,0.0
9.13,5.96,21.5,0.0,0.0
5.08,6.1,15.62,0.0,0.0
2.38,0.0,11.79,0.0,0.0
2.38,0.0,0.01,0.0,0.0
1.92,0.0,0.0,0.0,0.0
2.37,0.0,0.0,0.0,0.0
1.92,0.0,2.48,0.0,0.0
3.27,0.0,2.29,0.0,0.0
6.43,0.0,4.79,0.0,0.0
6.88,2.18,7.02,0.0,0.0
7.78,2.12,16.48,0.0,0.0
9.13,4.67,25.92,0.0,0.0
10.47,1.84,32.07,0.0,0.0
12.72,1.42,33.35,0.0,0.0
14.07,10.19,41.78,0.0,0.0
13.17,4.39,49.46,0.0,0.0
12.27,13.87,47.87,0.0,0.0
11.37,13.03,40.95,0.0,0.0
11.37,3.11,35.78,0.0,0.0
12.72,4.39,35.05,0.0,0.0
12.72,3.25,35.85,0.0,0.0
11.82,2.27,38.22,0.0,0.0
10.92,1.42,36.58,0.0,0.0
10.02,5.66,35.15,0.0,0.0
9.13,5.95,28.59,0.0,0.0
5.08,6.08,21.83,0.0,0.0
2.38,2.12,15.3,0.0,0.0
2.38,0.0,0.08,0.0,0.0
1.92,0.0,0.0,0.0,0.0
2.37,0.0,0.0,0.0,0.0
1.92,0.0,2.97,0.0,0.0
3.27,0.0,7.31,0.0,0.0
6.43,0.0,11.3,0.0,0.0
6.88,2.16,11.92,0.0,0.0
7.78,2.12,20.43,0.0,0.0
9.13,4.65,28.95,0.0,0.0
10.47,1.84,34.54,0.0,0.0
12.72,1.41,33.9,0.0,0.0
14.07,10.16,41.49,0.0,0.0
13.17,4.38,49.4,0.0,0.0
12.27,13.84,48.06,0.0,0.0
11.37,12.99,41.57,0.0,0.0
11.37,3.11,36.22,0.0,0.0
12.72,4.38,34.83,0.0,0.0
12.72,3.25,36.37,0.0,0.0
11.82,2.26,38.13,0.0,0.0
10.92,1.41,35.5,0.0,0.0
10.02,5.65,34.36,0.0,0.0
9.13,5.93,28.97,0.0,0.0
5.08,6.07,23.4,0.0,0.0
2.38,2.12,17.63,0.0,0.0
2.38,0.0,0.16,0.0,0.0
1.92,0.0,0.0,0.0,0.0
2.37,0.0,0.0,0.0,0.0
1.92,0.0,3.14,0.0,0.0
3.27,0.0,2.89,0.0,0.0
6.43,0.0,6.69,0.0,0.0
6.88,2.17,13.78,0.0,0.0
7.78,2.11,24.79,0.0,0.0
9.13,4.65,33.08,0.0,0.0
10.47,1.83,34.79,0.0,0.0
12.72,1.41,33.85,0.0,0.0
14.07,10.13,44.51,0.0,0.0
13.17,4.36,50.78,0.0,0.0
12.27,13.8,48.29,0.0,0.0
11.37,12.96,43.37,0.0,0.0
11.37,3.1,39.18,0.0,0.0
12.72,4.36,39.39,0.0,0.0
12.72,3.24,41.23,0.0,0.0
11.82,2.25,45.18,0.0,0.0
10.92,1.41,44.09,0.0,0.0
10.02,5.63,42.25,0.0,0.0
9.13,5.91,34.11,0.0,0.0
5.08,6.05,26.66,0.0,0.0
2.38,2.11,20.74,0.0,0.0
2.38,0.0,0.3,0.0,0.0
1.92,0.0,0.0,0.0,0.0
2.37,0.0,0.0,0.0,0.0
1.92,0.0,4.38,0.0,0.0
3.27,0.0,4.4,0.0,0.0
6.43,0.0,13.4,0.0,0.0
6.88,2.15,17.12,0.0,0.0
7.78,2.11,23.17,0.0,0.0
9.13,4.63,27.13,0.0,0.0
10.47,1.83,29.97,0.0,0.0
12.72,1.4,29.93,0.0,0.0
14.07,10.11,37.55,0.0,0.0
13.17,4.35,44.05,0.0,0.0
12.27,13.77,43.47,0.0,0.0
11.37,12.93,39.79,0.0,0.0
11.37,3.09,34.92,0.0,0.0
12.72,4.35,35.96,0.0,0.0
12.72,3.23,39.48,0.0,0.0
11.82,2.25,42.37,0.0,0.0
10.92,1.4,39.43,0.0,0.0
10.02,5.62,36.33,0.0,0.0
9.13,5.89,29.34,0.0,0.0
5.08,6.04,22.86,0.0,0.0
2.38,2.1,16.08,0.0,0.0
2.38,0.0,0.2,0.0,0.0
1.92,0.0,0.0,0.0,0.0
2.37,0.0,0.0,0.0,0.0
1.92,0.0,2.09,0.0,0.0
3.27,0.0,4.66,0.0,0.0
6.43,0.0,6.32,0.0,0.0
6.88,2.16,5.66,0.0,0.0
7.78,2.1,11.83,0.0,0.0
9.13,4.62,19.63,0.0,0.0
10.47,1.82,21.54,0.0,0.0
12.72,1.4,21.0,0.0,0.0
14.07,10.1,25.71,0.0,0.0
13.17,4.34,30.71,0.0,0.0
12.27,13.73,31.35,0.0,0.0
11.37,12.89,27.75,0.0,0.0
11.37,3.08,25.41,0.0,0.0
12.72,4.34,26.69,0.0,0.0
12.72,3.22,28.37,0.0,0.0
11.82,2.24,29.33,0.0,0.0
10.92,1.4,27.34,0.0,0.0
10.02,5.6,26.72,0.0,0.0
9.13,5.89,21.01,0.0,0.0
5.08,6.03,16.45,0.0,0.0
2.38,2.1,11.75,0.0,0.0
2.38,0.0,0.02,0.0,0.0
1.92,0.0,0.0,0.0,0.0
2.37,0.0,0.0,0.0,0.0
1.92,0.0,2.36,0.0,0.0
3.27,0.0,2.31,0.0,0.0
6.41,0.0,3.96,0.0,0.0
6.88,0.0,4.54,0.0,0.0
7.78,2.16,12.15,0.0,0.0
9.13,2.09,16.46,0.0,0.0
10.47,2.09,17.48,0.0,0.0
12.72,1.4,19.34,0.0,0.0
14.07,10.07,25.32,0.0,0.0
13.17,8.38,27.86,0.0,0.0
12.27,13.7,28.19,0.0,0.0
11.37,12.86,27.24,0.0,0.0
11.37,3.49,26.32,0.0,0.0
12.72,3.5,26.83,0.0,0.0
12.72,3.21,26.36,0.0,0.0
11.82,2.23,29.75,0.0,0.0
10.92,1.4,31.0,0.0,0.0
10.02,5.59,27.69,0.0,0.0
9.13,5.87,25.98,0.0,0.0
5.08,6.0,22.38,0.0,0.0
2.38,0.0,14.6,0.0,0.0
2.38,0.0,0.03,0.0,0.0
1.92,0.0,0.0,0.0,0.0
2.37,0.0,0.0,0.0,0.0
1.92,0.0,2.26,0.0,0.0
3.27,0.0,2.23,0.0,0.0
6.41,0.0,4.28,0.0,0.0
6.88,0.0,4.85,0.0,0.0
7.78,2.15,10.73,0.0,0.0
9.13,2.11,16.17,0.0,0.0
10.47,2.09,18.13,0.0,0.0
12.72,1.39,24.41,0.0,0.0
14.07,10.03,29.56,0.0,0.0
13.17,8.37,32.83,0.0,0.0
12.27,13.66,31.59,0.0,0.0
11.37,12.82,27.99,0.0,0.0
11.37,3.49,25.58,0.0,0.0
12.72,3.48,25.28,0.0,0.0
12.72,3.2,26.04,0.0,0.0
11.82,2.23,27.91,0.0,0.0
10.92,1.39,28.05,0.0,0.0
10.02,5.57,26.94,0.0,0.0
9.13,5.85,22.77,0.0,0.0
5.08,5.99,17.13,0.0,0.0
2.38,0.0,13.55,0.0,0.0
2.38,0.0,0.12,0.0,0.0
1.92,0.0,0.0,0.0,0.0
2.37,0.0,0.0,0.0,0.0
1.92,0.0,2.68,0.0,0.0
3.27,0.0,2.37,0.0,0.0
6.43,0.0,4.52,0.0,0.0
6.88,2.15,6.33,0.0,0.0
7.78,2.1,6.94,0.0,0.0
9.13,4.58,15.38,0.0,0.0
10.47,1.81,24.06,0.0,0.0
12.72,1.39,27.3,0.0,0.0
14.07,10.0,35.02,0.0,0.0
13.17,4.31,39.82,0.0,0.0
12.27,13.63,36.49,0.0,0.0
11.37,12.79,36.32,0.0,0.0
11.37,3.06,36.49,0.0,0.0
12.72,4.31,36.5,0.0,0.0
12.72,3.19,39.15,0.0,0.0
11.82,2.22,43.16,0.0,0.0
10.92,1.39,39.54,0.0,0.0
10.02,5.56,35.56,0.0,0.0
9.13,5.84,29.42,0.0,0.0
5.08,5.98,24.02,0.0,0.0
2.38,2.09,18.23,0.0,0.0
2.38,0.0,0.13,0.0,0.0
1.92,0.0,0.0,0.0,0.0
2.37,0.0,0.0,0.0,0.0
1.92,0.0,3.33,0.0,0.0
3.27,0.0,7.39,0.0,0.0
6.43,0.0,10.79,0.0,0.0
6.88,2.13,11.2,0.0,0.0
7.78,2.08,18.99,0.0,0.0
9.13,4.57,22.73,0.0,0.0
10.47,1.8,21.38,0.0,0.0
12.72,1.39,21.29,0.0,0.0
14.07,9.98,27.02,0.0,0.0
13.17,4.3,34.92,0.0,0.0
12.27,13.58,38.75,0.0,0.0
11.37,12.76,33.2,0.0,0.0
11.37,3.05,29.1,0.0,0.0
12.72,4.3,34.39,0.0,0.0
12.72,3.19,37.52,0.0,0.0
11.82,2.22,39.0,0.0,0.0
10.92,1.38,37.06,0.0,0.0
10.02,5.55,34.0,0.0,0.0
9.13,5.82,29.33,0.0,0.0
5.08,5.97,21.66,0.0,0.0
2.38,2.08,13.05,0.0,0.0
2.38,0.0,0.0,0.0,0.0
1.92,0.0,0.0,0.0,0.0
2.37,0.0,0.0,0.0,0.0
1.92,0.0,2.3,0.0,0.0
3.27,0.0,2.04,0.0,0.0
6.43,0.0,4.11,0.0,0.0
6.88,2.13,5.5,0.0,0.0
7.78,2.07,7.41,0.0,0.0
9.13,4.56,13.0,0.0,0.0
10.47,1.79,21.56,0.0,0.0
12.72,1.38,27.25,0.0,0.0
14.07,9.97,36.2,0.0,0.0
13.17,4.29,45.92,0.0,0.0
12.27,13.55,46.87,0.0,0.0
11.37,12.72,40.91,0.0,0.0
11.37,3.04,36.77,0.0,0.0
12.72,4.29,39.09,0.0,0.0
12.72,3.18,43.33,0.0,0.0
11.82,2.21,47.24,0.0,0.0
10.92,1.38,46.41,0.0,0.0
10.02,5.53,44.65,0.0,0.0
9.13,5.8,37.42,0.0,0.0
5.08,5.95,30.47,0.0,0.0
2.38,2.07,12.94,0.0,0.0
2.38,0.0,0.0,0.0,0.0
1.92,0.0,0.0,0.0,0.0
2.37,0.0,0.0,0.0,0.0
1.92,0.0,1.87,0.0,0.0
3.27,0.0,1.8,0.0,0.0
6.43,0.0,3.82,0.0,0.0
6.88,2.13,5.64,0.0,0.0
7.78,2.07,9.2,0.0,0.0
9.13,4.55,21.16,0.0,0.0
10.47,1.8,28.0,0.0,0.0
12.72,1.38,31.08,0.0,0.0
14.07,9.92,38.88,0.0,0.0
13.17,4.27,47.51,0.0,0.0
12.27,13.53,47.98,0.0,0.0
11.37,12.7,41.08,0.0,0.0
11.37,3.03,39.43,0.0,0.0
12.72,4.27,42.37,0.0,0.0
12.72,3.17,44.11,0.0,0.0
11.82,2.21,48.19,0.0,0.0
10.92,1.38,46.12,0.0,0.0
10.02,5.52,43.87,0.0,0.0
9.13,5.8,36.83,0.0,0.0
5.08,5.93,29.86,0.0,0.0
2.38,2.07,20.98,0.0,0.0
2.38,0.0,0.16,0.0,0.0
1.92,0.0,0.0,0.0,0.0
2.37,0.0,0.0,0.0,0.0
1.92,0.0,4.57,0.0,0.0
3.27,0.0,9.51,0.0,0.0
6.43,0.0,19.09,0.0,0.0
6.88,2.12,17.68,0.0,0.0
7.78,2.06,21.71,0.0,0.0
9.13,4.54,29.53,0.0,0.0
10.47,1.79,34.9,0.0,0.0
12.72,1.37,34.31,0.0,0.0
14.07,9.91,41.57,0.0,0.0
13.17,4.26,51.08,0.0,0.0
12.27,13.49,52.2,0.0,0.0
11.37,12.66,46.25,0.0,0.0
11.37,3.03,40.64,0.0,0.0
12.72,4.26,41.79,0.0,0.0
12.72,3.16,44.35,0.0,0.0
11.82,2.2,47.27,0.0,0.0
10.92,1.37,44.16,0.0,0.0
10.02,5.5,40.33,0.0,0.0
9.13,5.78,30.49,0.0,0.0
5.08,5.91,21.66,0.0,0.0
2.38,2.06,15.35,0.0,0.0
2.38,0.0,0.1,0.0,0.0
1.92,0.0,0.0,0.0,0.0
2.37,0.0,0.0,0.0,0.0
1.92,0.0,3.81,0.0,0.0
3.27,0.0,3.73,0.0,0.0
6.41,0.0,10.06,0.0,0.0
6.88,0.0,11.46,0.0,0.0
7.78,2.12,17.57,0.0,0.0
9.13,2.05,20.98,0.0,0.0
10.47,2.06,23.85,0.0,0.0
12.72,1.37,24.23,0.0,0.0
14.07,9.89,28.61,0.0,0.0
13.17,8.23,30.97,0.0,0.0
12.27,13.46,32.78,0.0,0.0
11.37,12.63,32.7,0.0,0.0
11.37,3.43,31.97,0.0,0.0
12.72,3.43,31.59,0.0,0.0
12.72,3.15,31.13,0.0,0.0
11.82,2.19,35.87,0.0,0.0
10.92,1.37,36.13,0.0,0.0
10.02,5.49,30.93,0.0,0.0
9.13,5.76,28.49,0.0,0.0
5.08,5.9,23.91,0.0,0.0
2.38,0.0,16.56,0.0,0.0
2.38,0.0,0.12,0.0,0.0
1.92,0.0,0.0,0.0,0.0
2.37,0.0,0.0,0.0,0.0
1.92,0.0,2.24,0.0,0.0
3.27,0.0,2.15,0.0,0.0
6.41,0.0,4.02,0.0,0.0
6.88,0.0,5.64,0.0,0.0
7.78,2.11,15.77,0.0,0.0
9.13,2.07,21.66,0.0,0.0
10.47,2.05,22.02,0.0,0.0
12.72,1.37,25.96,0.0,0.0
14.07,9.85,29.48,0.0,0.0
13.17,8.22,34.36,0.0,0.0
12.27,13.42,35.32,0.0,0.0
11.37,12.59,31.52,0.0,0.0
11.37,3.42,29.7,0.0,0.0
12.72,3.42,32.1,0.0,0.0
12.72,3.15,33.23,0.0,0.0
11.82,2.19,32.84,0.0,0.0
10.92,1.37,31.47,0.0,0.0
10.02,5.47,30.08,0.0,0.0
9.13,5.75,23.62,0.0,0.0
5.08,5.89,17.1,0.0,0.0
2.38,0.0,11.82,0.0,0.0
2.38,0.0,0.02,0.0,0.0
1.92,0.0,0.0,0.0,0.0
2.37,0.0,0.0,0.0,0.0
1.92,0.0,1.75,0.0,0.0
3.27,0.0,1.3,0.0,0.0
6.43,0.0,3.1,0.0,0.0
6.88,2.11,5.48,0.0,0.0
7.78,2.05,17.49,0.0,0.0
9.13,4.5,27.47,0.0,0.0
10.47,1.78,34.19,0.0,0.0
12.72,1.36,33.72,0.0,0.0
14.07,9.83,40.52,0.0,0.0
13.17,4.23,50.61,0.0,0.0
12.27,13.38,52.34,0.0,0.0
11.37,12.57,45.82,0.0,0.0
11.37,3.0,40.97,0.0,0.0
12.72,4.24,42.2,0.0,0.0
12.72,3.14,44.97,0.0,0.0
11.82,2.18,47.88,0.0,0.0
10.92,1.36,45.19,0.0,0.0
10.02,5.46,42.83,0.0,0.0
9.13,5.73,35.82,0.0,0.0
5.08,5.87,29.31,0.0,0.0
2.38,2.05,21.86,0.0,0.0
2.38,0.0,0.29,0.0,0.0
1.92,0.0,0.0,0.0,0.0
2.37,0.0,0.0,0.0,0.0
1.92,0.0,4.22,0.0,0.0
3.27,0.0,9.02,0.0,0.0
6.43,0.0,18.98,0.0,0.0
6.88,2.09,20.23,0.0,0.0
7.78,2.04,28.02,0.0,0.0
9.13,4.49,36.46,0.0,0.0
10.47,1.77,41.58,0.0,0.0
12.72,1.36,40.03,0.0,0.0
14.07,9.81,48.24,0.0,0.0
13.17,4.22,55.35,0.0,0.0
12.27,13.35,53.19,0.0,0.0
11.37,12.53,46.59,0.0,0.0
11.37,3.0,42.21,0.0,0.0
12.72,4.22,42.32,0.0,0.0
12.72,3.13,44.77,0.0,0.0
11.82,2.18,49.11,0.0,0.0
10.92,1.36,46.79,0.0,0.0
10.02,5.45,44.41,0.0,0.0
9.13,5.72,36.32,0.0,0.0
5.08,5.85,28.92,0.0,0.0
2.38,2.04,21.46,0.0,0.0
2.38,0.0,0.29,0.0,0.0
1.92,0.0,0.0,0.0,0.0
2.37,0.0,0.0,0.0,0.0
1.92,0.0,4.01,0.0,0.0
3.27,0.0,4.07,0.0,0.0
6.43,0.0,11.93,0.0,0.0
6.88,2.09,17.23,0.0,0.0
7.78,2.04,27.98,0.0,0.0
9.13,4.48,34.92,0.0,0.0
10.47,1.76,36.69,0.0,0.0
12.72,1.36,36.18,0.0,0.0
14.07,9.79,46.32,0.0,0.0
13.17,4.21,53.11,0.0,0.0
12.27,13.32,48.54,0.0,0.0
11.37,12.5,41.05,0.0,0.0
11.37,2.99,36.79,0.0,0.0
12.72,4.21,36.32,0.0,0.0
12.72,3.12,40.03,0.0,0.0
11.82,2.17,44.85,0.0,0.0
10.92,1.36,43.07,0.0,0.0
10.02,5.43,42.11,0.0,0.0
9.13,5.71,35.89,0.0,0.0
5.08,5.84,29.65,0.0,0.0
2.38,2.04,23.1,0.0,0.0
2.38,0.0,0.36,0.0,0.0
1.92,0.0,0.0,0.0,0.0
2.37,0.0,0.0,0.0,0.0
1.92,0.0,4.98,0.0,0.0
3.27,0.0,4.74,0.0,0.0
6.43,0.0,14.49,0.0,0.0
6.88,2.09,18.32,0.0,0.0
7.78,2.03,25.4,0.0,0.0
9.13,4.47,30.86,0.0,0.0
10.47,1.76,32.67,0.0,0.0
12.72,1.35,31.87,0.0,0.0
14.07,9.77,38.84,0.0,0.0
13.17,4.2,44.72,0.0,0.0
12.27,13.29,44.13,0.0,0.0
11.37,12.47,36.89,0.0,0.0
11.37,2.98,32.41,0.0,0.0
12.72,4.2,34.61,0.0,0.0
12.72,3.12,36.38,0.0,0.0
11.82,2.17,39.06,0.0,0.0
10.92,1.36,38.19,0.0,0.0
10.02,5.42,37.01,0.0,0.0
9.13,5.69,31.69,0.0,0.0
5.08,5.83,25.98,0.0,0.0
2.38,2.03,19.85,0.0,0.0
2.38,0.0,0.28,0.0,0.0
1.92,0.0,0.0,0.0,0.0
2.37,0.0,0.0,0.0,0.0
1.92,0.0,3.87,0.0,0.0
3.27,0.0,8.44,0.0,0.0
6.43,0.0,17.34,0.0,0.0
6.88,2.09,18.35,0.0,0.0
7.78,2.03,22.44,0.0,0.0
9.13,4.46,27.94,0.0,0.0
10.47,1.76,33.17,0.0,0.0
12.72,1.35,34.59,0.0,0.0
14.07,9.73,43.08,0.0,0.0
13.17,4.19,51.67,0.0,0.0
12.27,13.25,48.97,0.0,0.0
11.37,12.44,33.76,0.0,0.0
11.37,2.97,27.74,0.0,0.0
12.72,4.19,31.62,0.0,0.0
12.72,3.11,34.2,0.0,0.0
11.82,2.16,35.34,0.0,0.0
10.92,1.35,32.45,0.0,0.0
10.02,5.41,29.91,0.0,0.0
9.13,5.68,25.5,0.0,0.0
5.08,5.81,18.96,0.0,0.0
2.38,2.03,11.36,0.0,0.0
2.38,0.0,0.0,0.0,0.0
1.92,0.0,0.0,0.0,0.0
2.37,0.0,0.0,0.0,0.0
1.92,0.0,2.1,0.0,0.0
3.27,0.0,1.48,0.0,0.0
6.41,0.0,3.26,0.0,0.0
6.88,0.0,5.28,0.0,0.0
7.78,2.08,22.5,0.0,0.0
9.13,2.02,33.17,0.0,0.0
10.47,2.03,38.29,0.0,0.0
12.72,1.35,37.73,0.0,0.0
14.07,9.71,42.85,0.0,0.0
13.17,8.1,44.22,0.0,0.0
12.27,13.22,40.76,0.0,0.0
11.37,12.41,37.24,0.0,0.0
11.37,3.37,37.18,0.0,0.0
12.72,3.37,37.36,0.0,0.0
12.72,3.1,36.84,0.0,0.0
11.82,2.16,43.19,0.0,0.0
10.92,1.35,45.93,0.0,0.0
10.02,5.39,42.8,0.0,0.0
9.13,5.67,39.94,0.0,0.0
5.08,5.8,32.87,0.0,0.0
2.38,0.0,23.18,0.0,0.0
2.38,0.0,0.25,0.0,0.0
1.92,0.0,0.0,0.0,0.0
2.37,0.0,0.0,0.0,0.0
1.92,0.0,3.87,0.0,0.0
3.27,0.0,3.58,0.0,0.0
6.41,0.0,8.53,0.0,0.0
6.88,0.0,11.9,0.0,0.0
7.78,2.08,26.11,0.0,0.0
9.13,2.04,35.76,0.0,0.0
10.47,2.01,34.42,0.0,0.0
12.72,1.35,37.6,0.0,0.0
14.07,9.69,42.5,0.0,0.0
13.17,8.07,47.45,0.0,0.0
12.27,13.2,46.67,0.0,0.0
11.37,12.39,30.05,0.0,0.0
11.37,3.36,25.13,0.0,0.0
12.72,3.36,27.68,0.0,0.0
12.72,3.09,29.34,0.0,0.0
11.82,2.15,37.74,0.0,0.0
10.92,1.34,41.3,0.0,0.0
10.02,5.38,39.09,0.0,0.0
9.13,5.65,30.18,0.0,0.0
5.08,5.79,21.2,0.0,0.0
2.38,0.0,16.1,0.0,0.0
2.38,0.0,0.15,0.0,0.0
1.92,0.0,0.0,0.0,0.0
2.37,0.0,0.0,0.0,0.0
1.92,0.0,2.88,0.0,0.0
3.27,0.0,2.68,0.0,0.0
6.41,0.0,5.23,0.0,0.0
6.88,0.0,7.53,0.0,0.0
7.78,2.07,24.38,0.0,0.0
9.13,2.03,33.19,0.0,0.0
10.47,2.01,32.04,0.0,0.0
12.72,1.34,36.33,0.0,0.0
14.07,9.66,41.76,0.0,0.0
13.17,8.06,47.04,0.0,0.0
12.27,13.16,46.98,0.0,0.0
11.37,12.35,42.98,0.0,0.0
11.37,3.35,39.53,0.0,0.0
12.72,3.35,40.45,0.0,0.0
12.72,3.09,40.18,0.0,0.0
11.82,2.15,41.13,0.0,0.0
10.92,1.34,40.54,0.0,0.0
10.02,5.37,37.63,0.0,0.0
9.13,5.64,30.09,0.0,0.0
5.08,5.77,23.72,0.0,0.0
2.38,0.0,18.34,0.0,0.0
2.38,0.0,0.15,0.0,0.0
1.92,0.0,0.0,0.0,0.0
2.37,0.0,0.0,0.0,0.0
1.92,0.0,4.7,0.0,0.0
3.27,0.0,8.04,0.0,0.0
6.43,0.0,12.91,0.0,0.0
6.88,2.07,18.84,0.0,0.0
7.78,2.0,27.66,0.0,0.0
9.13,4.42,34.83,0.0,0.0
10.47,1.74,36.9,0.0,0.0
12.72,1.34,34.66,0.0,0.0
14.07,9.64,44.22,0.0,0.0
13.17,4.15,52.53,0.0,0.0
12.27,13.12,50.27,0.0,0.0
11.37,12.33,42.65,0.0,0.0
11.37,2.95,36.67,0.0,0.0
12.72,4.15,37.22,0.0,0.0
12.72,3.08,40.78,0.0,0.0
11.82,2.14,45.14,0.0,0.0
10.92,1.34,43.98,0.0,0.0
10.02,5.35,43.51,0.0,0.0
9.13,5.62,37.68,0.0,0.0
5.08,5.76,31.37,0.0,0.0
2.38,2.01,24.42,0.0,0.0
2.38,0.0,0.86,0.0,0.0
1.92,0.0,0.0,0.0,0.0
2.37,0.0,0.09,0.0,0.0
1.92,0.0,10.68,0.0,0.0
3.27,0.0,12.29,0.0,0.0
6.43,0.0,16.3,0.0,0.0
6.88,2.07,19.72,0.0,0.0
7.78,2.01,30.03,0.0,0.0
9.13,4.41,37.96,0.0,0.0
10.47,1.74,41.29,0.0,0.0
12.72,1.34,39.51,0.0,0.0
14.07,9.62,48.97,0.0,0.0
13.17,4.14,54.09,0.0,0.0
12.27,13.1,50.89,0.0,0.0
11.37,12.29,44.31,0.0,0.0
11.37,2.94,39.62,0.0,0.0
12.72,4.14,39.1,0.0,0.0
12.72,3.07,38.28,0.0,0.0
11.82,2.14,40.93,0.0,0.0
10.92,1.34,41.27,0.0,0.0
10.02,5.34,40.71,0.0,0.0
9.13,5.61,36.39,0.0,0.0
5.08,5.75,32.71,0.0,0.0
2.38,2.0,25.78,0.0,0.0
2.38,0.0,0.53,0.0,0.0
1.92,0.0,0.0,0.0,0.0
2.37,0.0,0.05,0.0,0.0
1.92,0.0,13.54,0.0,0.0
3.27,0.0,11.01,0.0,0.0
6.43,0.0,21.06,0.0,0.0
6.88,2.06,25.39,0.0,0.0
7.78,2.01,37.18,0.0,0.0
9.13,4.4,43.49,0.0,0.0
10.47,1.73,45.42,0.0,0.0
12.72,1.33,42.94,0.0,0.0
14.07,9.6,51.73,0.0,0.0
13.17,4.13,58.9,0.0,0.0
12.27,13.07,55.48,0.0,0.0
11.37,12.27,46.41,0.0,0.0
11.37,2.93,41.31,0.0,0.0
12.72,4.13,41.72,0.0,0.0
12.72,3.06,35.77,0.0,0.0
11.82,2.13,30.95,0.0,0.0
10.92,1.33,31.18,0.0,0.0
10.02,5.33,31.22,0.0,0.0
9.13,5.6,28.17,0.0,0.0
5.08,5.73,25.72,0.0,0.0
2.38,2.0,20.39,0.0,0.0
2.38,0.0,0.29,0.0,0.0
1.92,0.0,0.0,0.0,0.0
2.37,0.0,0.0,0.0,0.0
1.92,0.0,12.74,0.0,0.0
3.27,0.0,13.7,0.0,0.0
6.43,0.0,21.16,0.0,0.0
6.88,2.05,20.01,0.0,0.0
7.78,1.99,20.91,0.0,0.0
9.13,4.39,27.11,0.0,0.0
10.47,1.72,31.03,0.0,0.0
12.72,1.33,31.08,0.0,0.0
14.07,9.58,44.19,0.0,0.0
13.17,4.12,55.94,0.0,0.0
12.27,13.04,54.04,0.0,0.0
11.37,12.24,45.46,0.0,0.0
11.37,2.92,42.55,0.0,0.0
12.72,4.12,47.13,0.0,0.0
12.72,3.06,46.99,0.0,0.0
11.82,2.13,43.66,0.0,0.0
10.92,1.33,39.38,0.0,0.0
10.02,5.32,38.52,0.0,0.0
9.13,5.59,31.19,0.0,0.0
5.08,5.72,25.39,0.0,0.0
2.38,2.0,19.04,0.0,0.0
2.38,0.0,0.22,0.0,0.0
1.92,0.0,0.0,0.0,0.0
2.37,0.0,0.0,0.0,0.0
1.92,0.0,8.6,0.0,0.0
3.27,0.0,8.64,0.0,0.0
6.41,0.0,13.05,0.0,0.0
6.88,0.0,15.76,0.0,0.0
7.78,2.05,26.2,0.0,0.0
9.13,2.0,34.57,0.0,0.0
10.47,1.99,39.63,0.0,0.0
12.72,1.32,38.61,0.0,0.0
14.07,9.55,45.44,0.0,0.0
13.17,7.97,49.67,0.0,0.0
12.27,13.01,51.53,0.0,0.0
11.37,12.21,49.12,0.0,0.0
11.37,3.31,45.31,0.0,0.0
12.72,3.31,42.95,0.0,0.0
12.72,3.05,41.38,0.0,0.0
11.82,2.12,46.3,0.0,0.0
10.92,1.32,48.97,0.0,0.0
10.02,5.3,46.42,0.0,0.0
9.13,5.57,44.27,0.0,0.0
5.08,5.71,39.8,0.0,0.0
2.38,0.0,31.93,0.0,0.0
2.38,0.0,1.01,0.0,0.0
1.92,0.0,0.44,0.0,0.0
2.37,0.0,0.21,0.0,0.0
1.92,0.0,15.28,0.0,0.0
3.27,0.0,16.78,0.0,0.0
6.41,0.0,23.33,0.0,0.0
6.88,0.0,26.55,0.0,0.0
7.78,2.05,40.71,0.0,0.0
9.13,2.01,47.76,0.0,0.0
10.47,1.98,42.01,0.0,0.0
12.72,1.33,43.07,0.0,0.0
14.07,9.53,48.69,0.0,0.0
13.17,7.94,56.61,0.0,0.0
12.27,12.98,54.81,0.0,0.0
11.37,12.18,48.8,0.0,0.0
11.37,3.31,47.06,0.0,0.0
12.72,3.31,48.58,0.0,0.0
12.72,3.04,49.87,0.0,0.0
11.82,2.12,50.53,0.0,0.0
10.92,1.33,49.75,0.0,0.0
10.02,5.3,49.45,0.0,0.0
9.13,5.56,41.53,0.0,0.0
5.08,5.69,34.82,0.0,0.0
2.38,0.0,30.13,0.0,0.0
2.38,0.0,0.67,0.0,0.0
1.92,0.0,0.0,0.0,0.0
2.37,0.0,0.0,0.0,0.0
1.92,0.0,16.04,0.0,0.0
3.27,0.0,13.9,0.0,0.0
6.43,0.0,21.21,0.0,0.0
6.88,2.04,26.55,0.0,0.0
7.78,1.98,34.24,0.0,0.0
9.13,4.36,38.89,0.0,0.0
10.47,1.72,41.48,0.0,0.0
12.72,1.32,39.83,0.0,0.0
14.07,9.51,49.49,0.0,0.0
13.17,4.1,58.11,0.0,0.0
12.27,12.94,56.56,0.0,0.0
11.37,12.16,48.5,0.0,0.0
11.37,2.91,43.23,0.0,0.0
12.72,4.09,45.13,0.0,0.0
12.72,3.04,49.52,0.0,0.0
11.82,2.11,54.88,0.0,0.0
10.92,1.32,52.74,0.0,0.0
10.02,5.28,50.33,0.0,0.0
9.13,5.55,42.25,0.0,0.0
5.08,5.68,37.74,0.0,0.0
2.38,1.98,32.93,0.0,0.0
2.38,0.0,2.4,0.0,0.0
1.92,0.0,0.53,0.0,0.0
2.37,0.0,0.28,0.0,0.0
1.92,0.0,18.17,0.0,0.0
3.27,0.0,16.34,0.0,0.0
6.43,0.0,25.29,0.0,0.0
6.88,2.03,28.75,0.0,0.0
7.78,1.97,34.76,0.0,0.0
9.13,4.35,37.21,0.0,0.0
10.47,1.71,40.71,0.0,0.0
12.72,1.32,38.52,0.0,0.0
14.07,9.48,48.56,0.0,0.0
13.17,4.09,57.62,0.0,0.0
12.27,12.91,55.13,0.0,0.0
11.37,12.13,47.89,0.0,0.0
11.37,2.9,40.94,0.0,0.0
12.72,4.09,40.24,0.0,0.0
12.72,3.03,42.73,0.0,0.0
11.82,2.11,45.55,0.0,0.0
10.92,1.32,44.47,0.0,0.0
10.02,5.27,45.91,0.0,0.0
9.13,5.53,40.43,0.0,0.0
5.08,5.67,34.49,0.0,0.0
2.38,1.98,27.64,0.0,0.0
2.38,0.0,1.32,0.0,0.0
1.92,0.0,0.41,0.0,0.0
2.37,0.0,0.13,0.0,0.0
1.92,0.0,13.53,0.0,0.0
3.27,0.0,12.8,0.0,0.0
6.43,0.0,21.2,0.0,0.0
6.88,2.03,29.61,0.0,0.0
7.78,1.97,40.94,0.0,0.0
9.13,4.34,43.73,0.0,0.0
10.47,1.71,45.67,0.0,0.0
12.72,1.31,41.07,0.0,0.0
14.07,9.46,47.47,0.0,0.0
13.17,4.08,54.06,0.0,0.0
12.27,12.89,50.34,0.0,0.0
11.37,12.1,41.14,0.0,0.0
11.37,2.9,36.76,0.0,0.0
12.72,4.08,39.68,0.0,0.0
12.72,3.02,43.49,0.0,0.0
11.82,2.1,48.89,0.0,0.0
10.92,1.32,46.87,0.0,0.0
10.02,5.26,43.67,0.0,0.0
9.13,5.52,36.87,0.0,0.0
5.08,5.65,31.3,0.0,0.0
2.38,1.98,25.81,0.0,0.0
2.38,0.0,0.99,0.0,0.0
1.92,0.0,0.11,0.0,0.0
2.37,0.0,0.0,0.0,0.0
1.92,0.0,14.27,0.0,0.0
3.27,0.0,13.28,0.0,0.0
6.43,0.0,19.83,0.0,0.0
6.88,2.02,27.04,0.0,0.0
7.78,1.96,41.3,0.0,0.0
9.13,4.33,46.71,0.0,0.0
10.47,1.71,45.9,0.0,0.0
12.72,1.31,36.3,0.0,0.0
14.07,9.45,41.62,0.0,0.0
13.17,4.07,52.0,0.0,0.0
12.27,12.86,54.86,0.0,0.0
11.37,12.08,49.13,0.0,0.0
11.37,2.89,44.63,0.0,0.0
12.72,4.06,46.26,0.0,0.0
12.72,3.01,49.12,0.0,0.0
11.82,2.1,54.84,0.0,0.0
10.92,1.31,52.48,0.0,0.0
10.02,5.26,48.36,0.0,0.0
9.13,5.51,41.6,0.0,0.0
5.08,5.64,36.94,0.0,0.0
2.38,1.97,31.01,0.0,0.0
2.38,0.0,1.45,0.0,0.0
1.92,0.0,0.48,0.0,0.0
2.37,0.0,0.24,0.0,0.0
1.92,0.0,15.79,0.0,0.0
3.27,0.0,21.19,0.0,0.0
6.43,0.0,28.39,0.0,0.0
6.88,2.02,34.32,0.0,0.0
7.78,1.96,45.6,0.0,0.0
9.13,4.32,52.76,0.0,0.0
10.47,1.71,53.09,0.0,0.0
12.72,1.31,48.53,0.0,0.0
14.07,9.43,53.23,0.0,0.0
13.17,4.06,53.32,0.0,0.0
12.27,12.84,57.03,0.0,0.0
11.37,12.05,50.38,0.0,0.0
11.37,2.88,39.7,0.0,0.0
12.72,4.05,40.39,0.0,0.0
12.72,3.01,50.03,0.0,0.0
11.82,2.1,59.41,0.0,0.0
10.92,1.31,58.09,0.0,0.0
10.02,5.24,56.87,0.0,0.0
9.13,5.5,46.64,0.0,0.0
5.08,5.63,36.93,0.0,0.0
2.38,1.96,29.44,0.0,0.0
2.38,0.0,1.16,0.0,0.0
1.92,0.0,0.12,0.0,0.0
2.37,0.0,0.13,0.0,0.0
1.92,0.0,16.26,0.0,0.0
3.27,0.0,14.43,0.0,0.0
6.41,0.0,20.45,0.0,0.0
6.88,0.0,25.34,0.0,0.0
7.78,2.02,41.58,0.0,0.0
9.13,1.98,49.27,0.0,0.0
10.47,1.96,52.97,0.0,0.0
12.72,1.31,50.63,0.0,0.0
14.07,9.41,57.12,0.0,0.0
13.17,7.84,56.34,0.0,0.0
12.27,12.81,48.79,0.0,0.0
11.37,12.02,40.71,0.0,0.0
11.37,3.27,40.18,0.0,0.0
12.72,3.27,44.01,0.0,0.0
12.72,3.0,44.96,0.0,0.0
11.82,2.09,51.16,0.0,0.0
10.92,1.3,54.01,0.0,0.0
10.02,5.23,49.9,0.0,0.0
9.13,5.49,47.18,0.0,0.0
5.08,5.62,42.87,0.0,0.0
2.38,0.0,35.07,0.0,0.0
2.38,0.0,1.22,0.0,0.0
1.92,0.0,0.6,0.0,0.0
2.37,0.0,0.27,0.0,0.0
1.92,0.0,18.92,0.0,0.0
3.27,0.0,18.04,0.0,0.0
6.41,0.0,24.49,0.0,0.0
6.88,0.0,29.51,0.0,0.0
7.78,2.02,44.4,0.0,0.0
9.13,1.98,50.14,0.0,0.0
10.47,1.95,46.04,0.0,0.0
12.72,1.31,46.71,0.0,0.0
14.07,9.4,49.85,0.0,0.0
13.17,7.83,54.88,0.0,0.0
12.27,12.78,45.37,0.0,0.0
11.37,12.01,37.64,0.0,0.0
11.37,3.26,39.5,0.0,0.0
12.72,3.26,43.33,0.0,0.0
12.72,3.0,43.97,0.0,0.0
11.82,2.09,46.69,0.0,0.0
10.92,1.3,49.14,0.0,0.0
10.02,5.22,50.44,0.0,0.0
9.13,5.48,42.38,0.0,0.0
5.08,5.61,34.64,0.0,0.0
2.38,0.0,28.82,0.0,0.0
2.38,0.0,0.85,0.0,0.0
1.92,0.0,0.05,0.0,0.0
2.37,0.0,0.21,0.0,0.0
1.92,0.0,16.86,0.0,0.0
3.27,0.0,18.23,0.0,0.0
6.43,0.0,25.23,0.0,0.0
6.88,2.01,25.69,0.0,0.0
7.78,1.97,32.33,0.0,0.0
9.13,4.29,41.82,0.0,0.0
10.47,1.69,48.34,0.0,0.0
12.72,1.3,46.55,0.0,0.0
14.07,9.38,58.07,0.0,0.0
13.17,4.03,51.89,0.0,0.0
12.27,12.75,36.81,0.0,0.0
11.37,11.98,34.61,0.0,0.0
11.37,2.87,36.05,0.0,0.0
12.72,4.03,42.05,0.0,0.0
12.72,2.99,48.45,0.0,0.0
11.82,2.08,57.09,0.0,0.0
10.92,1.3,57.84,0.0,0.0
10.02,5.2,55.72,0.0,0.0
9.13,5.47,47.12,0.0,0.0
5.08,5.6,40.01,0.0,0.0
2.38,1.95,31.63,0.0,0.0
2.38,0.0,1.1,0.0,0.0
1.92,0.0,0.11,0.0,0.0
2.37,0.0,0.28,0.0,0.0
1.92,0.0,20.1,0.0,0.0
3.27,0.0,22.92,0.0,0.0
6.43,0.0,30.6,0.0,0.0
6.88,2.01,34.81,0.0,0.0
7.78,1.94,45.24,0.0,0.0
9.13,4.29,53.07,0.0,0.0
10.47,1.69,56.98,0.0,0.0
12.72,1.3,51.91,0.0,0.0
14.07,9.35,62.16,0.0,0.0
13.17,4.03,70.3,0.0,0.0
12.27,12.73,67.46,0.0,0.0
11.37,11.95,57.96,0.0,0.0
11.37,2.86,48.96,0.0,0.0
12.72,4.02,52.56,0.0,0.0
12.72,2.99,63.37,0.0,0.0
11.82,2.08,74.15,0.0,0.0
10.92,1.3,71.75,0.0,0.0
10.02,5.19,68.76,0.0,0.0
9.13,5.45,57.67,0.0,0.0
5.08,5.58,48.9,0.0,0.0
2.38,1.95,39.56,0.0,0.0
2.38,0.0,2.39,0.0,0.0
1.92,0.0,0.74,0.0,0.0
2.37,0.0,0.26,0.0,0.0
1.92,0.0,19.29,0.0,0.0
3.27,0.0,16.85,0.0,0.0
6.43,0.0,25.1,0.0,0.0
6.88,2.0,31.66,0.0,0.0
7.78,1.94,43.76,0.0,0.0
9.13,4.27,51.07,0.0,0.0
10.47,1.69,54.19,0.0,0.0
12.72,1.29,49.02,0.0,0.0
14.07,9.33,58.91,0.0,0.0
13.17,4.02,69.4,0.0,0.0
12.27,12.71,67.54,0.0,0.0
11.37,11.93,57.15,0.0,0.0
11.37,2.86,50.02,0.0,0.0
12.72,4.01,54.09,0.0,0.0
12.72,2.98,60.02,0.0,0.0
11.82,2.08,66.76,0.0,0.0
10.92,1.29,64.26,0.0,0.0
10.02,5.18,61.15,0.0,0.0
9.13,5.44,49.98,0.0,0.0
5.08,5.57,41.21,0.0,0.0
2.38,1.94,34.73,0.0,0.0
2.38,0.0,2.88,0.0,0.0
1.92,0.0,0.67,0.0,0.0
2.37,0.0,0.44,0.0,0.0
1.92,0.0,19.12,0.0,0.0
3.27,0.0,17.18,0.0,0.0
6.43,0.0,28.32,0.0,0.0
6.88,1.99,32.72,0.0,0.0
7.78,1.94,45.55,0.0,0.0
9.13,4.27,52.44,0.0,0.0
10.47,1.68,56.14,0.0,0.0
12.72,1.29,50.83,0.0,0.0
14.07,9.31,60.39,0.0,0.0
13.17,4.01,71.2,0.0,0.0
12.27,12.68,67.64,0.0,0.0
11.37,11.91,57.8,0.0,0.0
11.37,2.85,52.48,0.0,0.0
12.72,4.0,55.2,0.0,0.0
12.72,2.98,60.62,0.0,0.0
11.82,2.07,66.91,0.0,0.0
10.92,1.29,64.36,0.0,0.0
10.02,5.17,62.62,0.0,0.0
9.13,5.43,53.47,0.0,0.0
5.08,5.56,46.29,0.0,0.0
2.38,1.94,35.26,0.0,0.0
2.38,0.0,2.22,0.0,0.0
1.92,0.0,0.65,0.0,0.0
2.37,0.0,0.3,0.0,0.0
1.92,0.0,19.64,0.0,0.0
3.27,0.0,23.2,0.0,0.0
6.43,0.0,31.49,0.0,0.0
6.88,1.99,35.34,0.0,0.0
7.78,1.93,42.24,0.0,0.0
9.13,4.26,43.6,0.0,0.0
10.47,1.68,41.92,0.0,0.0
12.72,1.29,34.28,0.0,0.0
14.07,9.29,30.46,0.0,0.0
13.17,4.01,29.58,0.0,0.0
12.27,12.66,32.0,0.0,0.0
11.37,11.88,32.93,0.0,0.0
11.37,2.84,34.3,0.0,0.0
12.72,4.0,37.88,0.0,0.0
12.72,2.97,42.93,0.0,0.0
11.82,2.07,47.84,0.0,0.0
10.92,1.29,44.84,0.0,0.0
10.02,5.16,42.81,0.0,0.0
9.13,5.42,36.52,0.0,0.0
5.08,5.55,31.25,0.0,0.0
2.38,1.94,24.86,0.0,0.0
2.38,0.0,0.84,0.0,0.0
1.92,0.0,0.06,0.0,0.0
2.37,0.0,0.02,0.0,0.0
1.92,0.0,10.44,0.0,0.0
3.27,0.0,7.18,0.0,0.0
6.41,0.0,15.42,0.0,0.0
6.88,0.0,18.05,0.0,0.0
7.78,1.99,31.26,0.0,0.0
9.13,1.93,40.33,0.0,0.0
10.47,1.94,42.87,0.0,0.0
12.72,1.29,41.31,0.0,0.0
14.07,9.28,48.04,0.0,0.0
13.17,7.73,50.71,0.0,0.0
12.27,12.64,50.51,0.0,0.0
11.37,11.86,43.72,0.0,0.0
11.37,3.22,43.99,0.0,0.0
12.72,3.22,46.63,0.0,0.0
12.72,2.96,44.35,0.0,0.0
11.82,2.06,51.96,0.0,0.0
10.92,1.29,54.59,0.0,0.0
10.02,5.16,49.09,0.0,0.0
9.13,5.41,47.63,0.0,0.0
5.08,5.54,44.31,0.0,0.0
2.38,0.0,35.5,0.0,0.0
2.38,0.0,1.23,0.0,0.0
1.92,0.0,0.24,0.0,0.0
2.37,0.0,0.38,0.0,0.0
1.92,0.0,15.96,0.0,0.0
3.27,0.0,15.18,0.0,0.0
6.41,0.0,19.45,0.0,0.0
6.88,0.0,24.07,0.0,0.0
7.78,1.99,38.89,0.0,0.0
9.13,1.96,43.72,0.0,0.0
10.47,1.93,38.88,0.0,0.0
12.72,1.28,40.72,0.0,0.0
14.07,9.26,44.79,0.0,0.0
13.17,7.72,48.62,0.0,0.0
12.27,12.61,49.02,0.0,0.0
11.37,11.84,45.47,0.0,0.0
11.37,3.22,46.02,0.0,0.0
12.72,3.21,49.62,0.0,0.0
12.72,2.95,48.38,0.0,0.0
11.82,2.06,48.61,0.0,0.0
10.92,1.29,47.9,0.0,0.0
10.02,5.15,46.86,0.0,0.0
9.13,5.4,38.96,0.0,0.0
5.08,5.53,33.35,0.0,0.0
2.38,0.0,28.59,0.0,0.0
2.38,0.0,0.96,0.0,0.0
1.92,0.0,0.17,0.0,0.0
2.37,0.0,0.32,0.0,0.0
1.92,0.0,12.71,0.0,0.0
3.27,0.0,12.8,0.0,0.0
6.43,0.0,17.81,0.0,0.0
6.88,1.99,23.18,0.0,0.0
7.78,1.94,33.54,0.0,0.0
9.13,4.24,36.02,0.0,0.0
10.47,1.66,36.55,0.0,0.0
12.72,1.28,34.69,0.0,0.0
14.07,9.25,42.44,0.0,0.0
13.17,3.98,49.01,0.0,0.0
12.27,12.59,48.36,0.0,0.0
11.37,11.82,43.4,0.0,0.0
11.37,2.83,39.53,0.0,0.0
12.72,3.97,41.23,0.0,0.0
12.72,2.95,44.08,0.0,0.0
11.82,2.06,46.64,0.0,0.0
10.92,1.28,44.86,0.0,0.0
10.02,5.13,45.11,0.0,0.0
9.13,5.39,39.13,0.0,0.0
5.08,5.52,33.46,0.0,0.0
2.38,1.93,27.61,0.0,0.0
2.38,0.0,1.22,0.0,0.0
1.92,0.0,0.19,0.0,0.0
2.37,0.0,0.24,0.0,0.0
1.92,0.0,14.12,0.0,0.0
3.27,0.0,16.72,0.0,0.0
6.43,0.0,21.55,0.0,0.0
6.88,1.98,24.72,0.0,0.0
7.78,1.92,32.8,0.0,0.0
9.13,4.23,38.03,0.0,0.0
10.47,1.67,40.57,0.0,0.0
12.72,1.28,38.12,0.0,0.0
14.07,9.23,46.9,0.0,0.0
13.17,3.97,57.19,0.0,0.0
12.27,12.57,55.79,0.0,0.0
11.37,11.8,45.21,0.0,0.0
11.37,2.81,40.06,0.0,0.0
12.72,3.98,43.5,0.0,0.0
12.72,2.95,45.43,0.0,0.0
11.82,2.05,49.78,0.0,0.0
10.92,1.28,49.83,0.0,0.0
10.02,5.12,48.11,0.0,0.0
9.13,5.39,39.81,0.0,0.0
5.08,5.51,33.2,0.0,0.0
2.38,1.92,26.89,0.0,0.0
2.38,0.0,1.01,0.0,0.0
1.92,0.0,0.15,0.0,0.0
2.37,0.0,0.2,0.0,0.0
1.92,0.0,11.84,0.0,0.0
3.27,0.0,10.06,0.0,0.0
6.43,0.0,15.2,0.0,0.0
6.88,1.98,20.67,0.0,0.0
7.78,1.92,31.64,0.0,0.0
9.13,4.22,37.04,0.0,0.0
10.47,1.66,38.62,0.0,0.0
12.72,1.28,34.43,0.0,0.0
14.07,9.22,42.28,0.0,0.0
13.17,3.96,48.42,0.0,0.0
12.27,12.54,44.32,0.0,0.0
11.37,11.78,37.44,0.0,0.0
11.37,2.82,33.23,0.0,0.0
12.72,3.96,34.3,0.0,0.0
12.72,2.94,37.72,0.0,0.0
11.82,2.05,45.59,0.0,0.0
10.92,1.28,47.12,0.0,0.0
10.02,5.12,45.5,0.0,0.0
9.13,5.37,39.1,0.0,0.0
5.08,5.5,34.33,0.0,0.0
2.38,1.92,28.25,0.0,0.0
2.38,0.0,1.33,0.0,0.0
1.92,0.0,0.4,0.0,0.0
2.37,0.0,0.14,0.0,0.0
1.92,0.0,13.74,0.0,0.0
3.27,0.0,12.07,0.0,0.0
6.43,0.0,17.87,0.0,0.0
6.88,1.97,23.38,0.0,0.0
7.78,1.91,35.69,0.0,0.0
9.13,4.21,41.32,0.0,0.0
10.47,1.67,42.52,0.0,0.0
12.72,1.28,39.62,0.0,0.0
14.07,9.2,48.2,0.0,0.0
13.17,3.96,57.6,0.0,0.0
12.27,12.53,54.93,0.0,0.0
11.37,11.76,46.16,0.0,0.0
11.37,2.8,40.97,0.0,0.0
12.72,3.97,43.88,0.0,0.0
12.72,2.94,50.68,0.0,0.0
11.82,2.04,57.41,0.0,0.0
10.92,1.28,55.56,0.0,0.0
10.02,5.11,54.23,0.0,0.0
9.13,5.37,46.33,0.0,0.0
5.08,5.49,39.56,0.0,0.0
2.38,1.91,33.37,0.0,0.0
2.38,0.0,2.55,0.0,0.0
1.92,0.0,0.84,0.0,0.0
2.37,0.0,0.29,0.0,0.0
1.92,0.0,14.84,0.0,0.0
3.27,0.0,19.81,0.0,0.0
6.43,0.0,26.44,0.0,0.0
6.88,1.97,30.4,0.0,0.0
7.78,1.92,41.14,0.0,0.0
9.13,4.21,47.33,0.0,0.0
10.47,1.65,49.89,0.0,0.0
12.72,1.28,47.34,0.0,0.0
14.07,9.19,58.79,0.0,0.0
13.17,3.96,69.26,0.0,0.0
12.27,12.5,62.96,0.0,0.0
11.37,11.74,51.97,0.0,0.0
11.37,2.81,45.82,0.0,0.0
12.72,3.95,46.09,0.0,0.0
12.72,2.93,54.56,0.0,0.0
11.82,2.04,65.06,0.0,0.0
10.92,1.27,63.26,0.0,0.0
10.02,5.1,61.56,0.0,0.0
9.13,5.35,52.25,0.0,0.0
5.08,5.48,44.75,0.0,0.0
2.38,1.92,37.51,0.0,0.0
2.38,0.0,3.56,0.0,0.0
1.92,0.0,1.2,0.0,0.0
2.37,0.0,0.77,0.0,0.0
1.92,0.0,22.74,0.0,0.0
3.27,0.0,16.08,0.0,0.0
6.41,0.0,25.14,0.0,0.0
6.88,0.0,28.28,0.0,0.0
7.78,1.97,45.76,0.0,0.0
9.13,1.91,53.79,0.0,0.0
10.47,1.91,54.34,0.0,0.0
12.72,1.27,49.99,0.0,0.0
14.07,9.17,58.38,0.0,0.0
13.17,7.64,62.45,0.0,0.0
12.27,12.48,59.78,0.0,0.0
11.37,11.72,51.91,0.0,0.0
11.37,3.18,46.49,0.0,0.0
12.72,3.18,45.85,0.0,0.0
12.72,2.93,49.28,0.0,0.0
11.82,2.04,63.49,0.0,0.0
10.92,1.27,69.07,0.0,0.0
10.02,5.09,62.98,0.0,0.0
9.13,5.35,61.16,0.0,0.0
5.08,5.48,56.1,0.0,0.0
2.38,0.0,44.97,0.0,0.0
2.38,0.0,4.78,0.0,0.0
1.92,0.0,1.95,0.0,0.0
2.37,0.0,1.67,0.0,0.0
1.92,0.0,25.79,0.0,0.0
3.27,0.0,19.67,0.0,0.0
6.41,0.0,29.89,0.0,0.0
6.88,0.0,25.18,0.0,0.0
7.78,1.97,28.53,0.0,0.0
9.13,1.92,34.72,0.0,0.0
10.47,1.9,36.87,0.0,0.0
12.72,1.27,43.51,0.0,0.0
14.07,9.15,50.37,0.0,0.0
13.17,7.63,60.12,0.0,0.0
12.27,12.46,63.63,0.0,0.0
11.37,11.7,56.48,0.0,0.0
11.37,3.18,53.74,0.0,0.0
12.72,3.18,56.59,0.0,0.0
12.72,2.92,54.25,0.0,0.0
11.82,2.03,56.32,0.0,0.0
10.92,1.27,58.79,0.0,0.0
10.02,5.09,57.23,0.0,0.0
9.13,5.34,40.83,0.0,0.0
5.08,5.47,30.64,0.0,0.0
2.38,0.0,27.27,0.0,0.0
2.38,0.0,0.81,0.0,0.0
1.92,0.0,0.03,0.0,0.0
2.37,0.0,0.04,0.0,0.0
1.92,0.0,15.07,0.0,0.0
3.27,0.0,13.04,0.0,0.0
6.43,0.0,19.27,0.0,0.0
6.88,1.97,24.36,0.0,0.0
7.78,1.92,35.61,0.0,0.0
9.13,4.19,41.68,0.0,0.0
10.47,1.65,45.04,0.0,0.0
12.72,1.27,43.89,0.0,0.0
14.07,9.14,55.44,0.0,0.0
13.17,3.94,67.18,0.0,0.0
12.27,12.45,65.58,0.0,0.0
11.37,11.68,54.92,0.0,0.0
11.37,2.79,40.74,0.0,0.0
12.72,3.94,36.67,0.0,0.0
12.72,2.92,41.03,0.0,0.0
11.82,2.03,47.22,0.0,0.0
10.92,1.27,46.73,0.0,0.0
10.02,5.07,45.51,0.0,0.0
9.13,5.34,39.81,0.0,0.0
5.08,5.46,34.89,0.0,0.0
2.38,1.9,28.67,0.0,0.0
2.38,0.0,0.93,0.0,0.0
1.92,0.0,0.02,0.0,0.0
2.37,0.0,0.0,0.0,0.0
1.92,0.0,14.43,0.0,0.0
3.27,0.0,18.07,0.0,0.0
6.43,0.0,24.64,0.0,0.0
6.88,1.96,28.8,0.0,0.0
7.78,1.9,36.69,0.0,0.0
9.13,4.18,42.55,0.0,0.0
10.47,1.64,45.35,0.0,0.0
12.72,1.27,42.85,0.0,0.0
14.07,9.13,55.5,0.0,0.0
13.17,3.93,64.36,0.0,0.0
12.27,12.42,60.63,0.0,0.0
11.37,11.67,52.4,0.0,0.0
11.37,2.79,41.49,0.0,0.0
12.72,3.92,43.06,0.0,0.0
12.72,2.92,43.86,0.0,0.0
11.82,2.03,45.61,0.0,0.0
10.92,1.27,48.33,0.0,0.0
10.02,5.07,49.78,0.0,0.0
9.13,5.32,44.72,0.0,0.0
5.08,5.45,38.52,0.0,0.0
2.38,1.9,29.89,0.0,0.0
2.38,0.0,0.98,0.0,0.0
1.92,0.0,0.0,0.0,0.0
2.37,0.0,0.04,0.0,0.0
1.92,0.0,14.93,0.0,0.0
3.27,0.0,16.41,0.0,0.0
6.43,0.0,22.85,0.0,0.0
6.88,1.96,27.49,0.0,0.0
7.78,1.89,32.33,0.0,0.0
9.13,4.18,35.32,0.0,0.0
10.47,1.65,37.33,0.0,0.0
12.72,1.27,39.31,0.0,0.0
14.07,9.11,52.5,0.0,0.0
13.17,3.92,62.14,0.0,0.0
12.27,12.4,59.07,0.0,0.0
11.37,11.65,51.01,0.0,0.0
11.37,2.79,44.23,0.0,0.0
12.72,3.92,48.52,0.0,0.0
12.72,2.91,57.14,0.0,0.0
11.82,2.03,61.59,0.0,0.0
10.92,1.26,58.24,0.0,0.0
10.02,5.06,56.71,0.0,0.0
9.13,5.31,48.8,0.0,0.0
5.08,5.45,40.8,0.0,0.0
2.38,1.9,33.21,0.0,0.0
2.38,0.0,2.08,0.0,0.0
1.92,0.0,0.15,0.0,0.0
2.37,0.0,0.44,0.0,0.0
1.92,0.0,17.74,0.0,0.0
3.27,0.0,17.26,0.0,0.0
6.43,0.0,23.86,0.0,0.0
6.88,1.96,29.58,0.0,0.0
7.78,1.89,42.21,0.0,0.0
9.13,4.17,49.22,0.0,0.0
10.47,1.64,51.99,0.0,0.0
12.72,1.26,48.54,0.0,0.0
14.07,9.1,57.54,0.0,0.0
13.17,3.91,65.3,0.0,0.0
12.27,12.39,61.85,0.0,0.0
11.37,11.64,52.78,0.0,0.0
11.37,2.78,46.63,0.0,0.0
12.72,3.91,48.55,0.0,0.0
12.72,2.91,54.47,0.0,0.0
11.82,2.03,61.15,0.0,0.0
10.92,1.26,59.0,0.0,0.0
10.02,5.05,57.03,0.0,0.0
9.13,5.31,48.92,0.0,0.0
5.08,5.44,42.93,0.0,0.0
2.38,1.9,38.46,0.0,0.0
2.38,0.0,5.01,0.0,0.0
1.92,0.0,1.62,0.0,0.0
2.37,0.0,1.14,0.0,0.0
1.92,0.0,24.64,0.0,0.0
3.27,0.0,21.42,0.0,0.0
6.43,0.0,32.82,0.0,0.0
6.88,1.95,36.43,0.0,0.0
7.78,1.89,45.37,0.0,0.0
9.13,4.17,49.47,0.0,0.0
10.47,1.64,51.87,0.0,0.0
12.72,1.26,46.17,0.0,0.0
14.07,9.09,53.0,0.0,0.0
13.17,3.91,61.95,0.0,0.0
12.27,12.37,60.1,0.0,0.0
11.37,11.62,52.31,0.0,0.0
11.37,2.78,46.14,0.0,0.0
12.72,3.91,48.57,0.0,0.0
12.72,2.91,54.67,0.0,0.0
11.82,2.02,61.14,0.0,0.0
10.92,1.26,61.13,0.0,0.0
10.02,5.04,62.65,0.0,0.0
9.13,5.31,52.26,0.0,0.0
5.08,5.43,42.19,0.0,0.0
2.38,1.89,36.04,0.0,0.0
2.38,0.0,4.06,0.0,0.0
1.92,0.0,1.52,0.0,0.0
2.37,0.0,1.21,0.0,0.0
1.92,0.0,21.96,0.0,0.0
3.27,0.0,17.0,0.0,0.0
6.41,0.0,25.97,0.0,0.0
6.88,0.0,29.94,0.0,0.0
7.78,1.95,46.61,0.0,0.0
9.13,1.91,53.55,0.0,0.0
10.47,1.89,54.67,0.0,0.0
12.72,1.26,49.83,0.0,0.0
14.07,9.08,56.97,0.0,0.0
13.17,7.57,60.65,0.0,0.0
12.27,12.36,63.98,0.0,0.0
11.37,11.6,62.24,0.0,0.0
11.37,3.15,52.11,0.0,0.0
12.72,3.15,50.55,0.0,0.0
12.72,2.89,52.15,0.0,0.0
11.82,2.02,60.82,0.0,0.0
10.92,1.26,62.28,0.0,0.0
10.02,5.04,54.23,0.0,0.0
9.13,5.29,51.05,0.0,0.0
5.08,5.42,47.1,0.0,0.0
2.38,0.0,38.84,0.0,0.0
2.38,0.0,2.7,0.0,0.0
1.92,0.0,1.24,0.0,0.0
2.37,0.0,0.74,0.0,0.0
1.92,0.0,22.05,0.0,0.0
3.27,0.0,20.68,0.0,0.0
6.41,0.0,27.3,0.0,0.0
6.88,0.0,32.4,0.0,0.0
7.78,1.95,49.22,0.0,0.0
9.13,1.9,55.2,0.0,0.0
10.47,1.89,48.19,0.0,0.0
12.72,1.26,48.16,0.0,0.0
14.07,9.06,53.4,0.0,0.0
13.17,7.56,61.45,0.0,0.0
12.27,12.34,63.32,0.0,0.0
11.37,11.59,61.42,0.0,0.0
11.37,3.15,58.48,0.0,0.0
12.72,3.15,59.93,0.0,0.0
12.72,2.89,63.1,0.0,0.0
11.82,2.01,65.31,0.0,0.0
10.92,1.26,65.67,0.0,0.0
10.02,5.04,65.85,0.0,0.0
9.13,5.29,53.96,0.0,0.0
5.08,5.41,44.91,0.0,0.0
2.38,0.0,39.82,0.0,0.0
2.38,0.0,4.17,0.0,0.0
1.92,0.0,1.75,0.0,0.0
2.37,0.0,1.7,0.0,0.0
1.92,0.0,26.09,0.0,0.0
3.27,0.0,20.65,0.0,0.0
6.43,0.0,32.16,0.0,0.0
6.88,1.95,36.95,0.0,0.0
7.78,1.91,48.23,0.0,0.0
9.13,4.15,53.39,0.0,0.0
10.47,1.64,57.29,0.0,0.0
12.72,1.26,53.53,0.0,0.0
14.07,9.05,63.71,0.0,0.0
13.17,3.89,60.56,0.0,0.0
12.27,12.33,52.35,0.0,0.0
11.37,11.57,51.34,0.0,0.0
11.37,2.77,50.0,0.0,0.0
12.72,3.89,55.94,0.0,0.0
12.72,2.89,62.05,0.0,0.0
11.82,2.02,68.24,0.0,0.0
10.92,1.26,66.81,0.0,0.0
10.02,5.02,65.44,0.0,0.0
9.13,5.28,55.31,0.0,0.0
5.08,5.41,46.26,0.0,0.0
2.38,1.89,38.56,0.0,0.0
2.38,0.0,4.07,0.0,0.0
1.92,0.0,1.79,0.0,0.0
2.37,0.0,1.37,0.0,0.0
1.92,0.0,24.74,0.0,0.0
3.27,0.0,25.98,0.0,0.0
6.43,0.0,35.46,0.0,0.0
6.88,1.94,39.03,0.0,0.0
7.78,1.88,49.36,0.0,0.0
9.13,4.15,54.31,0.0,0.0
10.47,1.63,55.15,0.0,0.0
12.72,1.26,50.03,0.0,0.0
14.07,9.05,60.83,0.0,0.0
13.17,3.9,70.52,0.0,0.0
12.27,12.31,69.52,0.0,0.0
11.37,11.56,61.84,0.0,0.0
11.37,2.76,55.18,0.0,0.0
12.72,3.89,57.77,0.0,0.0
12.72,2.89,62.38,0.0,0.0
11.82,2.01,66.56,0.0,0.0
10.92,1.26,63.17,0.0,0.0
10.02,5.02,61.47,0.0,0.0
9.13,5.28,52.49,0.0,0.0
5.08,5.4,45.69,0.0,0.0
2.38,1.88,39.2,0.0,0.0
2.38,0.0,4.27,0.0,0.0
1.92,0.0,1.63,0.0,0.0
2.37,0.0,1.53,0.0,0.0
1.92,0.0,24.94,0.0,0.0
3.27,0.0,19.71,0.0,0.0
6.43,0.0,31.42,0.0,0.0
6.88,1.94,36.31,0.0,0.0
7.78,1.9,49.07,0.0,0.0
9.13,4.14,55.31,0.0,0.0
10.47,1.63,57.79,0.0,0.0
12.72,1.25,53.45,0.0,0.0
14.07,9.03,63.16,0.0,0.0
13.17,3.89,71.58,0.0,0.0
12.27,12.3,69.78,0.0,0.0
11.37,11.55,60.09,0.0,0.0
11.37,2.76,51.46,0.0,0.0
12.72,3.89,53.37,0.0,0.0
12.72,2.88,59.49,0.0,0.0
11.82,2.0,67.71,0.0,0.0
10.92,1.25,65.67,0.0,0.0
10.02,5.03,62.4,0.0,0.0
9.13,5.27,52.52,0.0,0.0
5.08,5.39,45.67,0.0,0.0
2.38,1.89,39.49,0.0,0.0
2.38,0.0,4.65,0.0,0.0
1.92,0.0,1.84,0.0,0.0
2.37,0.0,1.67,0.0,0.0
1.92,0.0,26.0,0.0,0.0
3.27,0.0,20.06,0.0,0.0
6.43,0.0,31.41,0.0,0.0
6.88,1.94,36.23,0.0,0.0
7.78,1.87,48.8,0.0,0.0
9.13,4.14,53.48,0.0,0.0
10.47,1.63,54.56,0.0,0.0
12.72,1.25,50.35,0.0,0.0
14.07,9.02,61.5,0.0,0.0
13.17,3.88,58.56,0.0,0.0
12.27,12.29,50.51,0.0,0.0
11.37,11.54,50.83,0.0,0.0
11.37,2.76,45.88,0.0,0.0
12.72,3.88,49.16,0.0,0.0
12.72,2.89,58.63,0.0,0.0
11.82,2.01,65.75,0.0,0.0
10.92,1.25,62.02,0.0,0.0
10.02,5.0,58.8,0.0,0.0
9.13,5.27,49.58,0.0,0.0
5.08,5.39,42.52,0.0,0.0
2.38,1.88,35.11,0.0,0.0
2.38,0.0,2.56,0.0,0.0
1.92,0.0,1.02,0.0,0.0
2.37,0.0,0.84,0.0,0.0
1.92,0.0,23.79,0.0,0.0
3.27,0.0,20.21,0.0,0.0
6.43,0.0,30.87,0.0,0.0
6.88,1.94,34.14,0.0,0.0
7.78,1.89,44.86,0.0,0.0
9.13,4.13,52.28,0.0,0.0
10.47,1.62,55.31,0.0,0.0
12.72,1.25,51.32,0.0,0.0
14.07,9.01,62.59,0.0,0.0
13.17,3.88,72.29,0.0,0.0
12.27,12.27,62.75,0.0,0.0
11.37,11.52,53.68,0.0,0.0
11.37,2.75,51.21,0.0,0.0
12.72,3.89,53.82,0.0,0.0
12.72,2.87,57.79,0.0,0.0
11.82,2.0,63.35,0.0,0.0
10.92,1.25,61.71,0.0,0.0
10.02,5.01,59.12,0.0,0.0
9.13,5.25,50.07,0.0,0.0
5.08,5.38,42.84,0.0,0.0
2.38,1.88,36.31,0.0,0.0
2.38,0.0,3.66,0.0,0.0
1.92,0.0,1.69,0.0,0.0
2.37,0.0,1.26,0.0,0.0
1.92,0.0,21.72,0.0,0.0
3.27,0.0,19.36,0.0,0.0
6.41,0.0,27.01,0.0,0.0
6.88,0.0,31.45,0.0,0.0
7.78,1.94,47.55,0.0,0.0
9.13,1.88,55.67,0.0,0.0
10.47,1.88,54.5,0.0,0.0
12.72,1.25,49.14,0.0,0.0
14.07,9.0,55.47,0.0,0.0
13.17,7.51,58.29,0.0,0.0
12.27,12.26,42.91,0.0,0.0
11.37,11.51,34.03,0.0,0.0
11.37,3.13,41.87,0.0,0.0
12.72,3.12,49.29,0.0,0.0
12.72,2.87,47.96,0.0,0.0
11.82,2.0,46.54,0.0,0.0
10.92,1.25,44.69,0.0,0.0
10.02,5.0,42.77,0.0,0.0
9.13,5.25,42.09,0.0,0.0
5.08,5.38,39.92,0.0,0.0
2.38,0.0,32.66,0.0,0.0
2.38,0.0,0.98,0.0,0.0
1.92,0.0,0.2,0.0,0.0
2.37,0.0,0.31,0.0,0.0
1.92,0.0,16.79,0.0,0.0
3.27,0.0,15.3,0.0,0.0
6.41,0.0,21.95,0.0,0.0
6.88,0.0,26.26,0.0,0.0
7.78,1.94,44.99,0.0,0.0
9.13,1.89,54.18,0.0,0.0
10.47,1.87,49.78,0.0,0.0
12.72,1.25,50.14,0.0,0.0
14.07,9.0,51.77,0.0,0.0
13.17,7.5,47.33,0.0,0.0
12.27,12.25,41.42,0.0,0.0
11.37,11.5,40.08,0.0,0.0
11.37,3.12,44.09,0.0,0.0
12.72,3.12,49.85,0.0,0.0
12.72,2.87,47.62,0.0,0.0
11.82,2.0,46.05,0.0,0.0
10.92,1.25,45.96,0.0,0.0
10.02,4.99,45.2,0.0,0.0
9.13,5.25,37.53,0.0,0.0
5.08,5.38,32.34,0.0,0.0
2.38,0.0,28.43,0.0,0.0
2.38,0.0,1.01,0.0,0.0
1.92,0.0,0.27,0.0,0.0
2.37,0.0,0.38,0.0,0.0
1.92,0.0,17.94,0.0,0.0
3.27,0.0,15.93,0.0,0.0
6.43,0.0,23.56,0.0,0.0
6.88,1.93,30.68,0.0,0.0
7.78,1.88,44.93,0.0,0.0
9.13,4.12,51.4,0.0,0.0
10.47,1.62,54.78,0.0,0.0
12.72,1.25,51.2,0.0,0.0
14.07,8.99,53.98,0.0,0.0
13.17,3.87,62.08,0.0,0.0
12.27,12.24,66.37,0.0,0.0
11.37,11.49,54.97,0.0,0.0
11.37,2.74,47.8,0.0,0.0
12.72,3.87,48.76,0.0,0.0
12.72,2.87,51.34,0.0,0.0
11.82,2.0,57.4,0.0,0.0
10.92,1.25,56.48,0.0,0.0
10.02,5.0,55.47,0.0,0.0
9.13,5.24,47.83,0.0,0.0
5.08,5.37,40.63,0.0,0.0
2.38,1.88,35.1,0.0,0.0
2.38,0.0,3.14,0.0,0.0
1.92,0.0,1.32,0.0,0.0
2.37,0.0,0.93,0.0,0.0
1.92,0.0,22.61,0.0,0.0
3.27,0.0,23.78,0.0,0.0
6.43,0.0,32.52,0.0,0.0
6.88,1.93,37.41,0.0,0.0
7.78,1.87,48.98,0.0,0.0
9.13,4.12,55.02,0.0,0.0
10.47,1.62,58.75,0.0,0.0
12.72,1.25,53.24,0.0,0.0
14.07,8.98,62.77,0.0,0.0
13.17,3.87,69.39,0.0,0.0
12.27,12.23,49.38,0.0,0.0
11.37,11.48,35.49,0.0,0.0
11.37,2.74,34.15,0.0,0.0
12.72,3.87,38.82,0.0,0.0
12.72,2.87,46.2,0.0,0.0
11.82,1.99,53.35,0.0,0.0
10.92,1.25,53.49,0.0,0.0
10.02,4.99,53.15,0.0,0.0
9.13,5.24,45.43,0.0,0.0
5.08,5.36,37.71,0.0,0.0
2.38,1.87,30.65,0.0,0.0
2.38,0.0,1.27,0.0,0.0
1.92,0.0,0.26,0.0,0.0
2.37,0.0,0.51,0.0,0.0
1.92,0.0,18.12,0.0,0.0
3.27,0.0,21.75,0.0,0.0
6.43,0.0,28.91,0.0,0.0
6.88,1.92,34.59,0.0,0.0
7.78,1.86,49.32,0.0,0.0
9.13,4.11,53.7,0.0,0.0
10.47,1.63,48.16,0.0,0.0
12.72,1.25,45.29,0.0,0.0
14.07,8.97,58.54,0.0,0.0
13.17,3.86,63.18,0.0,0.0
12.27,12.22,53.06,0.0,0.0
11.37,11.47,40.89,0.0,0.0
11.37,2.74,36.88,0.0,0.0
12.72,3.86,40.61,0.0,0.0
12.72,2.87,45.74,0.0,0.0
11.82,1.99,48.34,0.0,0.0
10.92,1.25,45.23,0.0,0.0
10.02,4.98,44.16,0.0,0.0
9.13,5.24,38.56,0.0,0.0
5.08,5.36,34.24,0.0,0.0
2.38,1.86,28.85,0.0,0.0
2.38,0.0,1.45,0.0,0.0
1.92,0.0,0.61,0.0,0.0
2.37,0.0,0.26,0.0,0.0
1.92,0.0,14.4,0.0,0.0
3.27,0.0,16.45,0.0,0.0
6.43,0.0,22.39,0.0,0.0
6.88,1.93,27.96,0.0,0.0
7.78,1.89,38.12,0.0,0.0
9.13,4.1,44.64,0.0,0.0
10.47,1.62,47.26,0.0,0.0
12.72,1.24,44.88,0.0,0.0
14.07,8.97,48.56,0.0,0.0
13.17,3.86,45.96,0.0,0.0
12.27,12.21,44.22,0.0,0.0
11.37,11.46,42.46,0.0,0.0
11.37,2.74,37.78,0.0,0.0
12.72,3.86,38.63,0.0,0.0
12.72,2.86,42.79,0.0,0.0
11.82,2.0,47.46,0.0,0.0
10.92,1.24,47.7,0.0,0.0
10.02,4.98,46.78,0.0,0.0
9.13,5.23,39.29,0.0,0.0
5.08,5.36,33.48,0.0,0.0
2.38,1.87,27.2,0.0,0.0
2.38,0.0,1.01,0.0,0.0
1.92,0.0,0.02,0.0,0.0
2.37,0.0,0.0,0.0,0.0
1.92,0.0,12.59,0.0,0.0
3.27,0.0,16.06,0.0,0.0
6.43,0.0,22.16,0.0,0.0
6.88,1.93,24.04,0.0,0.0
7.78,1.87,34.05,0.0,0.0
9.13,4.11,41.62,0.0,0.0
10.47,1.61,45.14,0.0,0.0
12.72,1.24,44.06,0.0,0.0
14.07,8.96,54.97,0.0,0.0
13.17,3.86,64.61,0.0,0.0
12.27,12.2,62.11,0.0,0.0
11.37,11.45,53.7,0.0,0.0
11.37,2.74,46.6,0.0,0.0
12.72,3.86,49.09,0.0,0.0
12.72,2.86,56.54,0.0,0.0
11.82,1.99,62.84,0.0,0.0
10.92,1.24,58.66,0.0,0.0
10.02,4.97,55.77,0.0,0.0
9.13,5.23,46.19,0.0,0.0
5.08,5.36,39.38,0.0,0.0
2.38,1.87,33.33,0.0,0.0
2.38,0.0,2.19,0.0,0.0
1.92,0.0,0.7,0.0,0.0
2.37,0.0,0.41,0.0,0.0
1.92,0.0,19.11,0.0,0.0
3.27,0.0,17.86,0.0,0.0
6.41,0.0,23.19,0.0,0.0
6.88,0.0,28.23,0.0,0.0
7.78,1.93,45.05,0.0,0.0
9.13,1.88,50.59,0.0,0.0
10.47,1.86,50.45,0.0,0.0
12.72,1.24,46.76,0.0,0.0
14.07,8.96,52.09,0.0,0.0
13.17,7.47,52.08,0.0,0.0
12.27,12.2,51.49,0.0,0.0
11.37,11.44,47.48,0.0,0.0
11.37,3.11,45.72,0.0,0.0
12.72,3.11,47.38,0.0,0.0
12.72,2.87,45.12,0.0,0.0
11.82,1.99,53.34,0.0,0.0
10.92,1.24,58.68,0.0,0.0
10.02,4.97,53.9,0.0,0.0
9.13,5.23,51.68,0.0,0.0
5.08,5.35,47.23,0.0,0.0
2.38,0.0,37.9,0.0,0.0
2.38,0.0,1.87,0.0,0.0
1.92,0.0,0.85,0.0,0.0
2.37,0.0,0.43,0.0,0.0
1.92,0.0,20.34,0.0,0.0
3.27,0.0,19.45,0.0,0.0
6.41,0.0,25.96,0.0,0.0
6.88,0.0,31.14,0.0,0.0
7.78,1.93,48.54,0.0,0.0
9.13,1.89,54.8,0.0,0.0
10.47,1.87,48.39,0.0,0.0
12.72,1.24,49.93,0.0,0.0
14.07,8.95,51.73,0.0,0.0
13.17,7.46,47.99,0.0,0.0
12.27,12.19,41.63,0.0,0.0
11.37,11.44,44.0,0.0,0.0
11.37,3.11,45.77,0.0,0.0
12.72,3.11,48.45,0.0,0.0
12.72,2.86,50.04,0.0,0.0
11.82,1.98,53.49,0.0,0.0
10.92,1.24,56.58,0.0,0.0
10.02,4.98,58.15,0.0,0.0
9.13,5.22,49.89,0.0,0.0
5.08,5.34,42.16,0.0,0.0
2.38,0.0,37.05,0.0,0.0
2.38,0.0,2.49,0.0,0.0
1.92,0.0,0.63,0.0,0.0
2.37,0.0,0.18,0.0,0.0
1.92,0.0,23.32,0.0,0.0
3.27,0.0,16.48,0.0,0.0
6.43,0.0,28.86,0.0,0.0
6.88,1.92,35.28,0.0,0.0
7.78,1.89,49.63,0.0,0.0
9.13,4.1,55.46,0.0,0.0
10.47,1.62,52.37,0.0,0.0
12.72,1.24,46.15,0.0,0.0
14.07,8.95,52.95,0.0,0.0
13.17,3.85,59.96,0.0,0.0
12.27,12.17,63.24,0.0,0.0
11.37,11.44,54.67,0.0,0.0
11.37,2.74,46.52,0.0,0.0
12.72,3.85,51.6,0.0,0.0
12.72,2.86,60.04,0.0,0.0
11.82,1.99,68.47,0.0,0.0
10.92,1.24,66.73,0.0,0.0
10.02,4.97,63.49,0.0,0.0
9.13,5.22,52.49,0.0,0.0
5.08,5.34,44.82,0.0,0.0
2.38,1.86,38.47,0.0,0.0
2.38,0.0,4.04,0.0,0.0
1.92,0.0,1.26,0.0,0.0
2.37,0.0,0.97,0.0,0.0
1.92,0.0,21.77,0.0,0.0
3.27,0.0,19.89,0.0,0.0
6.43,0.0,30.78,0.0,0.0
6.88,1.92,34.53,0.0,0.0
7.78,1.86,46.76,0.0,0.0
9.13,4.1,53.27,0.0,0.0
10.47,1.62,56.07,0.0,0.0
12.72,1.24,51.89,0.0,0.0
14.07,8.94,60.81,0.0,0.0
13.17,3.85,66.59,0.0,0.0
12.27,12.17,62.35,0.0,0.0
11.37,11.43,53.57,0.0,0.0
11.37,2.73,48.41,0.0,0.0
12.72,3.85,52.33,0.0,0.0
12.72,2.86,55.5,0.0,0.0
11.82,1.98,54.68,0.0,0.0
10.92,1.24,53.69,0.0,0.0
10.02,4.97,56.46,0.0,0.0
9.13,5.22,49.48,0.0,0.0
5.08,5.34,44.55,0.0,0.0
2.38,1.86,39.43,0.0,0.0
2.38,0.0,4.52,0.0,0.0
1.92,0.0,1.61,0.0,0.0
2.37,0.0,1.41,0.0,0.0
1.92,0.0,24.27,0.0,0.0
3.27,0.0,19.28,0.0,0.0
6.43,0.0,30.76,0.0,0.0
6.88,1.92,34.92,0.0,0.0
7.78,1.86,50.18,0.0,0.0
9.13,4.1,57.54,0.0,0.0
10.47,1.62,58.99,0.0,0.0
12.72,1.24,54.55,0.0,0.0
14.07,8.94,64.42,0.0,0.0
13.17,3.85,70.03,0.0,0.0
12.27,12.17,67.57,0.0,0.0
11.37,11.43,56.31,0.0,0.0
11.37,2.73,50.83,0.0,0.0
12.72,3.84,58.02,0.0,0.0
12.72,2.86,62.99,0.0,0.0
11.82,1.98,66.93,0.0,0.0
10.92,1.24,65.29,0.0,0.0
10.02,4.97,65.35,0.0,0.0
9.13,5.21,56.06,0.0,0.0
5.08,5.33,48.17,0.0,0.0
2.38,1.86,42.47,0.0,0.0
2.38,0.0,6.3,0.0,0.0
1.92,0.0,2.93,0.0,0.0
2.37,0.0,2.17,0.0,0.0
1.92,0.0,26.51,0.0,0.0
3.27,0.0,20.99,0.0,0.0
6.43,0.0,33.15,0.0,0.0
6.88,1.92,37.36,0.0,0.0
7.78,1.85,49.84,0.0,0.0
9.13,4.1,55.05,0.0,0.0
10.47,1.62,57.01,0.0,0.0
12.72,1.24,53.23,0.0,0.0
14.07,8.93,56.4,0.0,0.0
13.17,3.85,52.06,0.0,0.0
12.27,12.16,45.19,0.0,0.0
11.37,11.42,41.21,0.0,0.0
11.37,2.73,45.41,0.0,0.0
12.72,3.84,53.33,0.0,0.0
12.72,2.86,60.44,0.0,0.0
11.82,1.98,66.9,0.0,0.0
10.92,1.24,64.2,0.0,0.0
10.02,4.96,61.98,0.0,0.0
9.13,5.21,52.51,0.0,0.0
5.08,5.33,44.84,0.0,0.0
2.38,1.86,37.89,0.0,0.0
2.38,0.0,2.98,0.0,0.0
1.92,0.0,1.33,0.0,0.0
2.37,0.0,0.75,0.0,0.0
1.92,0.0,21.66,0.0,0.0
3.27,0.0,23.25,0.0,0.0
6.43,0.0,30.47,0.0,0.0
6.88,1.92,33.35,0.0,0.0
7.78,1.85,43.7,0.0,0.0
9.13,4.1,50.82,0.0,0.0
10.47,1.62,53.39,0.0,0.0
12.72,1.24,49.43,0.0,0.0
14.07,8.93,58.78,0.0,0.0
13.17,3.85,69.58,0.0,0.0
12.27,12.16,67.43,0.0,0.0
11.37,11.42,60.26,0.0,0.0
11.37,2.73,53.55,0.0,0.0
12.72,3.84,54.87,0.0,0.0
12.72,2.86,59.51,0.0,0.0
11.82,1.98,67.7,0.0,0.0
10.92,1.24,66.77,0.0,0.0
10.02,4.96,63.4,0.0,0.0
9.13,5.21,51.43,0.0,0.0
5.08,5.33,43.12,0.0,0.0
2.38,1.86,37.67,0.0,0.0
2.38,0.0,4.26,0.0,0.0
1.92,0.0,1.64,0.0,0.0
2.37,0.0,1.45,0.0,0.0
1.92,0.0,24.31,0.0,0.0
3.27,0.0,18.79,0.0,0.0
6.41,0.0,28.78,0.0,0.0
6.88,0.0,31.92,0.0,0.0
7.78,1.92,48.18,0.0,0.0
9.13,1.86,53.2,0.0,0.0
10.47,1.86,51.98,0.0,0.0
12.72,1.24,48.6,0.0,0.0
14.07,8.93,57.28,0.0,0.0
13.17,7.44,59.59,0.0,0.0
12.27,12.16,59.53,0.0,0.0
11.37,11.41,57.2,0.0,0.0
11.37,3.1,52.96,0.0,0.0
12.72,3.1,48.89,0.0,0.0
12.72,2.86,47.49,0.0,0.0
11.82,1.99,57.89,0.0,0.0
10.92,1.24,62.83,0.0,0.0
10.02,4.95,58.62,0.0,0.0
9.13,5.21,56.64,0.0,0.0
5.08,5.33,51.63,0.0,0.0
2.38,0.0,42.44,0.0,0.0
2.38,0.0,2.22,0.0,0.0
1.92,0.0,0.97,0.0,0.0
2.37,0.0,0.46,0.0,0.0
1.92,0.0,21.64,0.0,0.0
3.27,0.0,20.29,0.0,0.0
6.41,0.0,26.15,0.0,0.0
6.88,0.0,29.52,0.0,0.0
7.78,1.92,44.89,0.0,0.0
9.13,1.88,49.84,0.0,0.0
10.47,1.86,44.11,0.0,0.0
12.72,1.24,49.35,0.0,0.0
14.07,8.93,55.97,0.0,0.0
13.17,7.44,62.02,0.0,0.0
12.27,12.15,62.62,0.0,0.0
11.37,11.42,51.35,0.0,0.0
11.37,3.1,44.78,0.0,0.0
12.72,3.1,51.75,0.0,0.0
12.72,2.85,56.78,0.0,0.0
11.82,1.98,55.84,0.0,0.0
10.92,1.24,55.87,0.0,0.0
10.02,4.97,57.99,0.0,0.0
9.13,5.2,49.21,0.0,0.0
5.08,5.33,40.63,0.0,0.0
2.38,0.0,34.52,0.0,0.0
2.38,0.0,2.03,0.0,0.0
1.92,0.0,1.01,0.0,0.0
2.37,0.0,0.47,0.0,0.0
1.92,0.0,20.44,0.0,0.0
3.27,0.0,19.3,0.0,0.0
6.43,0.0,27.28,0.0,0.0
6.88,1.92,33.13,0.0,0.0
7.78,1.88,42.05,0.0,0.0
9.13,4.09,46.22,0.0,0.0
10.47,1.62,47.64,0.0,0.0
12.72,1.24,42.75,0.0,0.0
14.07,8.93,49.64,0.0,0.0
13.17,3.84,57.46,0.0,0.0
12.27,12.15,52.15,0.0,0.0
11.37,11.41,41.81,0.0,0.0
11.37,2.73,37.54,0.0,0.0
12.72,3.84,40.51,0.0,0.0
12.72,2.85,44.81,0.0,0.0
11.82,1.98,49.64,0.0,0.0
10.92,1.24,48.92,0.0,0.0
10.02,4.96,47.36,0.0,0.0
9.13,5.21,40.13,0.0,0.0
5.08,5.33,34.43,0.0,0.0
2.38,1.86,28.19,0.0,0.0
2.38,0.0,1.05,0.0,0.0
1.92,0.0,0.2,0.0,0.0
2.37,0.0,0.46,0.0,0.0
1.92,0.0,18.68,0.0,0.0
3.27,0.0,20.14,0.0,0.0
6.43,0.0,25.04,0.0,0.0
6.88,1.91,25.8,0.0,0.0
7.78,1.85,28.29,0.0,0.0
9.13,4.09,31.97,0.0,0.0
10.47,1.62,36.57,0.0,0.0
12.72,1.24,36.44,0.0,0.0
14.07,8.92,46.74,0.0,0.0
13.17,3.84,52.75,0.0,0.0
12.27,12.15,51.06,0.0,0.0
11.37,11.41,46.4,0.0,0.0
11.37,2.72,40.02,0.0,0.0
12.72,3.84,41.02,0.0,0.0
12.72,2.85,48.82,0.0,0.0
11.82,1.98,55.51,0.0,0.0
10.92,1.24,52.81,0.0,0.0
10.02,4.96,50.74,0.0,0.0
9.13,5.2,43.06,0.0,0.0
5.08,5.33,36.64,0.0,0.0
2.38,1.86,30.28,0.0,0.0
2.38,0.0,1.34,0.0,0.0
1.92,0.0,0.54,0.0,0.0
2.37,0.0,0.23,0.0,0.0
1.92,0.0,17.68,0.0,0.0
3.27,0.0,17.48,0.0,0.0
6.43,0.0,25.41,0.0,0.0
6.88,1.92,31.01,0.0,0.0
7.78,1.85,43.89,0.0,0.0
9.13,4.1,51.64,0.0,0.0
10.47,1.61,54.15,0.0,0.0
12.72,1.24,49.77,0.0,0.0
14.07,8.92,60.05,0.0,0.0
13.17,3.84,69.81,0.0,0.0
12.27,12.15,68.79,0.0,0.0
11.37,11.41,61.31,0.0,0.0
11.37,2.72,53.21,0.0,0.0
12.72,3.85,53.64,0.0,0.0
12.72,2.85,54.86,0.0,0.0
11.82,1.98,54.99,0.0,0.0
10.92,1.24,52.19,0.0,0.0
10.02,4.96,51.52,0.0,0.0
9.13,5.2,44.12,0.0,0.0
5.08,5.32,38.09,0.0,0.0
2.38,1.86,31.87,0.0,0.0
2.38,0.0,2.34,0.0,0.0
1.92,0.0,1.05,0.0,0.0
2.37,0.0,0.72,0.0,0.0
1.92,0.0,18.87,0.0,0.0
3.27,0.0,16.95,0.0,0.0
6.43,0.0,24.33,0.0,0.0
6.88,1.92,29.83,0.0,0.0
7.78,1.85,43.14,0.0,0.0
9.13,4.09,50.96,0.0,0.0
10.47,1.61,52.24,0.0,0.0
12.72,1.24,50.09,0.0,0.0
14.07,8.93,60.04,0.0,0.0
13.17,3.85,66.68,0.0,0.0
12.27,12.15,66.07,0.0,0.0
11.37,11.41,58.62,0.0,0.0
11.37,2.72,50.93,0.0,0.0
12.72,3.85,47.9,0.0,0.0
12.72,2.85,45.79,0.0,0.0
11.82,1.98,48.64,0.0,0.0
10.92,1.24,48.83,0.0,0.0
10.02,4.96,49.64,0.0,0.0
9.13,5.2,43.1,0.0,0.0
5.08,5.32,37.33,0.0,0.0
2.38,1.86,32.14,0.0,0.0
2.38,0.0,1.63,0.0,0.0
1.92,0.0,0.69,0.0,0.0
2.37,0.0,0.32,0.0,0.0
1.92,0.0,19.04,0.0,0.0
3.27,0.0,21.72,0.0,0.0
6.43,0.0,29.12,0.0,0.0
6.88,1.92,32.64,0.0,0.0
7.78,1.85,43.43,0.0,0.0
9.13,4.09,50.39,0.0,0.0
10.47,1.61,54.25,0.0,0.0
12.72,1.24,49.27,0.0,0.0
14.07,8.93,58.18,0.0,0.0
13.17,3.85,69.51,0.0,0.0
12.27,12.15,67.6,0.0,0.0
11.37,11.41,54.8,0.0,0.0
11.37,2.72,48.02,0.0,0.0
12.72,3.84,52.93,0.0,0.0
12.72,2.85,57.22,0.0,0.0
11.82,1.98,61.43,0.0,0.0
10.92,1.24,60.49,0.0,0.0
10.02,4.97,60.15,0.0,0.0
9.13,5.2,52.37,0.0,0.0
5.08,5.32,45.21,0.0,0.0
2.38,1.86,37.75,0.0,0.0
2.38,0.0,3.47,0.0,0.0
1.92,0.0,1.05,0.0,0.0
2.37,0.0,0.84,0.0,0.0
1.92,0.0,21.21,0.0,0.0
3.27,0.0,19.38,0.0,0.0
6.41,0.0,26.54,0.0,0.0
6.88,0.0,30.53,0.0,0.0
7.78,1.92,48.67,0.0,0.0
9.13,1.87,55.89,0.0,0.0
10.47,1.86,54.05,0.0,0.0
12.72,1.24,50.73,0.0,0.0
14.07,8.92,59.5,0.0,0.0
13.17,7.44,62.94,0.0,0.0
12.27,12.15,55.92,0.0,0.0
11.37,11.41,46.66,0.0,0.0
11.37,3.1,45.93,0.0,0.0
12.72,3.09,47.95,0.0,0.0
12.72,2.86,47.18,0.0,0.0
11.82,1.98,56.3,0.0,0.0
10.92,1.24,60.3,0.0,0.0
10.02,4.95,53.68,0.0,0.0
9.13,5.21,49.79,0.0,0.0
5.08,5.33,44.33,0.0,0.0
2.38,0.0,35.69,0.0,0.0
2.38,0.0,2.1,0.0,0.0
1.92,0.0,0.92,0.0,0.0
2.37,0.0,0.44,0.0,0.0
1.92,0.0,20.5,0.0,0.0
3.27,0.0,18.89,0.0,0.0
6.41,0.0,25.76,0.0,0.0
6.88,0.0,30.31,0.0,0.0
7.78,1.92,46.74,0.0,0.0
9.13,1.88,52.63,0.0,0.0
10.47,1.86,47.18,0.0,0.0
12.72,1.24,52.22,0.0,0.0
14.07,8.92,57.53,0.0,0.0
13.17,7.44,61.67,0.0,0.0
12.27,12.15,61.38,0.0,0.0
11.37,11.41,54.9,0.0,0.0
11.37,3.1,49.62,0.0,0.0
12.72,3.1,50.86,0.0,0.0
12.72,2.85,53.71,0.0,0.0
11.82,1.98,58.04,0.0,0.0
10.92,1.24,59.45,0.0,0.0
10.02,4.96,58.31,0.0,0.0
9.13,5.2,47.37,0.0,0.0
5.08,5.33,40.03,0.0,0.0
2.38,0.0,36.97,0.0,0.0
2.38,0.0,3.86,0.0,0.0
1.92,0.0,1.83,0.0,0.0
2.37,0.0,1.71,0.0,0.0
1.92,0.0,25.27,0.0,0.0
3.27,0.0,19.76,0.0,0.0
6.43,0.0,30.67,0.0,0.0
6.88,1.92,34.27,0.0,0.0
7.78,1.86,47.89,0.0,0.0
9.13,4.09,54.68,0.0,0.0
10.47,1.6,57.42,0.0,0.0
12.72,1.24,52.55,0.0,0.0
14.07,8.93,64.72,0.0,0.0
13.17,3.85,73.83,0.0,0.0
12.27,12.16,72.2,0.0,0.0
11.37,11.41,61.42,0.0,0.0
11.37,2.72,53.75,0.0,0.0
12.72,3.85,58.44,0.0,0.0
12.72,2.85,64.88,0.0,0.0
11.82,1.98,67.7,0.0,0.0
10.92,1.24,63.31,0.0,0.0
10.02,4.96,61.2,0.0,0.0
9.13,5.2,52.0,0.0,0.0
5.08,5.33,45.24,0.0,0.0
2.38,1.86,38.57,0.0,0.0
2.38,0.0,4.42,0.0,0.0
1.92,0.0,1.81,0.0,0.0
2.37,0.0,1.86,0.0,0.0
1.92,0.0,26.82,0.0,0.0
3.27,0.0,23.23,0.0,0.0
6.43,0.0,31.61,0.0,0.0
6.88,1.92,30.31,0.0,0.0
7.78,1.86,34.72,0.0,0.0
9.13,4.09,36.21,0.0,0.0
10.47,1.6,35.7,0.0,0.0
12.72,1.24,33.58,0.0,0.0
14.07,8.93,41.04,0.0,0.0
13.17,3.85,53.97,0.0,0.0
12.27,12.16,57.75,0.0,0.0
11.37,11.41,52.28,0.0,0.0
11.37,2.72,47.83,0.0,0.0
12.72,3.85,52.33,0.0,0.0
12.72,2.85,59.37,0.0,0.0
11.82,1.98,66.03,0.0,0.0
10.92,1.24,65.79,0.0,0.0
10.02,4.96,66.87,0.0,0.0
9.13,5.2,57.39,0.0,0.0
5.08,5.34,48.14,0.0,0.0
2.38,1.86,41.53,0.0,0.0
2.38,0.0,4.21,0.0,0.0
1.92,0.0,1.17,0.0,0.0
2.37,0.0,1.04,0.0,0.0
1.92,0.0,25.3,0.0,0.0
3.27,0.0,19.53,0.0,0.0
6.43,0.0,30.95,0.0,0.0
6.88,1.92,35.36,0.0,0.0
7.78,1.86,48.2,0.0,0.0
9.13,4.09,55.46,0.0,0.0
10.47,1.61,59.12,0.0,0.0
12.72,1.24,54.26,0.0,0.0
14.07,8.93,63.92,0.0,0.0
13.17,3.85,73.42,0.0,0.0
12.27,12.16,71.72,0.0,0.0
11.37,11.41,63.27,0.0,0.0
11.37,2.73,55.42,0.0,0.0
12.72,3.84,47.56,0.0,0.0
12.72,2.85,41.76,0.0,0.0
11.82,1.99,45.14,0.0,0.0
10.92,1.24,45.86,0.0,0.0
10.02,4.96,48.55,0.0,0.0
9.13,5.21,45.13,0.0,0.0
5.08,5.34,40.36,0.0,0.0
2.38,1.86,34.32,0.0,0.0
2.38,0.0,1.65,0.0,0.0
1.92,0.0,0.62,0.0,0.0
2.37,0.0,0.31,0.0,0.0
1.92,0.0,20.0,0.0,0.0
3.27,0.0,18.92,0.0,0.0
6.43,0.0,26.37,0.0,0.0
6.88,1.92,32.03,0.0,0.0
7.78,1.87,46.09,0.0,0.0
9.13,4.09,54.8,0.0,0.0
10.47,1.61,58.8,0.0,0.0
12.72,1.24,53.64,0.0,0.0
14.07,8.94,64.88,0.0,0.0
13.17,3.85,75.79,0.0,0.0
12.27,12.17,74.44,0.0,0.0
11.37,11.42,59.2,0.0,0.0
11.37,2.73,47.87,0.0,0.0
12.72,3.84,48.14,0.0,0.0
12.72,2.85,52.07,0.0,0.0
11.82,1.99,57.48,0.0,0.0
10.92,1.24,56.56,0.0,0.0
10.02,4.96,55.68,0.0,0.0
9.13,5.21,48.7,0.0,0.0
5.08,5.34,43.73,0.0,0.0
2.38,1.86,38.03,0.0,0.0
2.38,0.0,2.67,0.0,0.0
1.92,0.0,1.03,0.0,0.0
2.37,0.0,0.68,0.0,0.0
1.92,0.0,21.6,0.0,0.0
3.27,0.0,22.96,0.0,0.0
6.43,0.0,30.18,0.0,0.0
6.88,1.92,31.93,0.0,0.0
7.78,1.87,40.59,0.0,0.0
9.13,4.09,48.23,0.0,0.0
10.47,1.61,55.37,0.0,0.0
12.72,1.24,54.45,0.0,0.0
14.07,8.94,66.99,0.0,0.0
13.17,3.85,75.4,0.0,0.0
12.27,12.17,75.21,0.0,0.0
11.37,11.42,65.63,0.0,0.0
11.37,2.73,57.97,0.0,0.0
12.72,3.84,58.15,0.0,0.0
12.72,2.86,59.07,0.0,0.0
11.82,1.99,59.27,0.0,0.0
10.92,1.24,56.13,0.0,0.0
10.02,4.96,54.21,0.0,0.0
9.13,5.22,48.09,0.0,0.0
5.08,5.34,39.66,0.0,0.0
2.38,1.86,32.66,0.0,0.0
2.38,0.0,1.39,0.0,0.0
1.92,0.0,0.27,0.0,0.0
2.37,0.0,0.27,0.0,0.0
1.92,0.0,18.68,0.0,0.0
3.27,0.0,17.24,0.0,0.0
6.41,0.0,22.27,0.0,0.0
6.88,0.0,25.17,0.0,0.0
7.78,1.92,37.07,0.0,0.0
9.13,1.88,43.85,0.0,0.0
10.47,1.86,49.63,0.0,0.0
12.72,1.24,50.59,0.0,0.0
14.07,8.94,60.49,0.0,0.0
13.17,7.45,62.88,0.0,0.0
12.27,12.18,65.44,0.0,0.0
11.37,11.43,56.85,0.0,0.0
11.37,3.1,48.74,0.0,0.0
12.72,3.11,48.84,0.0,0.0
12.72,2.86,48.24,0.0,0.0
11.82,1.98,55.66,0.0,0.0
10.92,1.24,58.79,0.0,0.0
10.02,4.97,53.85,0.0,0.0
9.13,5.22,50.73,0.0,0.0
5.08,5.34,45.65,0.0,0.0
2.38,0.0,37.21,0.0,0.0
2.38,0.0,1.59,0.0,0.0
1.92,0.0,0.78,0.0,0.0
2.37,0.0,0.39,0.0,0.0
1.92,0.0,20.33,0.0,0.0
3.27,0.0,19.35,0.0,0.0
6.41,0.0,25.04,0.0,0.0
6.88,0.0,28.48,0.0,0.0
7.78,1.93,41.27,0.0,0.0
9.13,1.89,44.59,0.0,0.0
10.47,1.87,39.58,0.0,0.0
12.72,1.24,43.09,0.0,0.0
14.07,8.94,50.9,0.0,0.0
13.17,7.46,58.4,0.0,0.0
12.27,12.18,58.96,0.0,0.0
11.37,11.44,53.78,0.0,0.0
11.37,3.11,49.77,0.0,0.0
12.72,3.11,52.47,0.0,0.0
12.72,2.85,55.12,0.0,0.0
11.82,1.99,57.83,0.0,0.0
10.92,1.24,59.2,0.0,0.0
10.02,4.97,60.08,0.0,0.0
9.13,5.21,50.86,0.0,0.0
5.08,5.35,43.38,0.0,0.0
2.38,0.0,39.86,0.0,0.0
2.38,0.0,3.87,0.0,0.0
1.92,0.0,1.27,0.0,0.0
2.37,0.0,1.37,0.0,0.0
1.92,0.0,26.78,0.0,0.0
3.27,0.0,20.84,0.0,0.0
6.43,0.0,32.68,0.0,0.0
6.88,1.93,36.26,0.0,0.0
7.78,1.87,47.5,0.0,0.0
9.13,4.1,53.24,0.0,0.0
10.47,1.61,55.66,0.0,0.0
12.72,1.24,48.19,0.0,0.0
14.07,8.95,58.17,0.0,0.0
13.17,3.86,69.36,0.0,0.0
12.27,12.19,67.82,0.0,0.0
11.37,11.44,60.32,0.0,0.0
11.37,2.73,50.27,0.0,0.0
12.72,3.86,50.28,0.0,0.0
12.72,2.85,57.23,0.0,0.0
11.82,1.99,64.73,0.0,0.0
10.92,1.24,63.17,0.0,0.0
10.02,4.97,62.65,0.0,0.0
9.13,5.21,53.19,0.0,0.0
5.08,5.35,46.53,0.0,0.0
2.38,1.87,41.81,0.0,0.0
2.38,0.0,4.54,0.0,0.0
1.92,0.0,1.42,0.0,0.0
2.37,0.0,1.43,0.0,0.0
1.92,0.0,26.51,0.0,0.0
3.27,0.0,22.47,0.0,0.0
6.43,0.0,33.16,0.0,0.0
6.88,1.93,36.13,0.0,0.0
7.78,1.87,44.64,0.0,0.0
9.13,4.11,49.17,0.0,0.0
10.47,1.61,51.42,0.0,0.0
12.72,1.24,48.57,0.0,0.0
14.07,8.96,60.8,0.0,0.0
13.17,3.86,70.4,0.0,0.0
12.27,12.2,69.18,0.0,0.0
11.37,11.45,61.42,0.0,0.0
11.37,2.73,49.78,0.0,0.0
12.72,3.86,44.36,0.0,0.0
12.72,2.86,47.59,0.0,0.0
11.82,1.98,55.32,0.0,0.0
10.92,1.24,54.24,0.0,0.0
10.02,4.98,52.24,0.0,0.0
9.13,5.22,46.04,0.0,0.0
5.08,5.34,40.89,0.0,0.0
2.38,1.87,34.35,0.0,0.0
2.38,0.0,1.64,0.0,0.0
1.92,0.0,0.67,0.0,0.0
2.37,0.0,0.37,0.0,0.0
1.92,0.0,21.49,0.0,0.0
3.27,0.0,19.92,0.0,0.0
6.43,0.0,26.36,0.0,0.0
6.88,1.92,30.34,0.0,0.0
7.78,1.86,38.76,0.0,0.0
9.13,4.11,41.89,0.0,0.0
10.47,1.62,42.01,0.0,0.0
12.72,1.24,38.54,0.0,0.0
14.07,8.96,45.16,0.0,0.0
13.17,3.86,51.48,0.0,0.0
12.27,12.2,51.39,0.0,0.0
11.37,11.46,46.02,0.0,0.0
11.37,2.74,41.53,0.0,0.0
12.72,3.85,44.15,0.0,0.0
12.72,2.87,48.87,0.0,0.0
11.82,1.99,55.05,0.0,0.0
10.92,1.24,55.03,0.0,0.0
10.02,4.97,54.7,0.0,0.0
9.13,5.23,48.06,0.0,0.0
5.08,5.35,42.16,0.0,0.0
2.38,1.86,35.46,0.0,0.0
2.38,0.0,1.53,0.0,0.0
1.92,0.0,0.53,0.0,0.0
2.37,0.0,0.21,0.0,0.0
1.92,0.0,19.04,0.0,0.0
3.27,0.0,18.09,0.0,0.0
6.43,0.0,26.5,0.0,0.0
6.88,1.93,27.48,0.0,0.0
7.78,1.88,30.57,0.0,0.0
9.13,4.11,33.57,0.0,0.0
10.47,1.62,33.93,0.0,0.0
12.72,1.24,30.93,0.0,0.0
14.07,8.97,35.95,0.0,0.0
13.17,3.86,41.07,0.0,0.0
12.27,12.22,41.17,0.0,0.0
11.37,11.46,36.88,0.0,0.0
11.37,2.74,34.29,0.0,0.0
12.72,3.86,35.74,0.0,0.0
12.72,2.86,39.26,0.0,0.0
11.82,2.0,44.59,0.0,0.0
10.92,1.24,44.16,0.0,0.0
10.02,4.98,43.14,0.0,0.0
9.13,5.23,35.92,0.0,0.0
5.08,5.36,30.8,0.0,0.0
2.38,1.87,24.79,0.0,0.0
2.38,0.0,0.92,0.0,0.0
1.92,0.0,0.02,0.0,0.0
2.37,0.0,0.23,0.0,0.0
1.92,0.0,15.37,0.0,0.0
3.27,0.0,15.36,0.0,0.0
6.43,0.0,19.78,0.0,0.0
6.88,1.93,22.69,0.0,0.0
7.78,1.87,25.35,0.0,0.0
9.13,4.11,29.46,0.0,0.0
10.47,1.61,32.86,0.0,0.0
12.72,1.24,32.08,0.0,0.0
14.07,8.98,39.36,0.0,0.0
13.17,3.87,45.3,0.0,0.0
12.27,12.23,42.63,0.0,0.0
11.37,11.47,38.61,0.0,0.0
11.37,2.74,36.19,0.0,0.0
12.72,3.87,38.6,0.0,0.0
12.72,2.87,43.63,0.0,0.0
11.82,1.99,46.94,0.0,0.0
10.92,1.25,44.25,0.0,0.0
10.02,4.99,42.78,0.0,0.0
9.13,5.24,36.67,0.0,0.0
5.08,5.36,32.75,0.0,0.0
2.38,1.87,27.19,0.0,0.0
2.38,0.0,1.02,0.0,0.0
1.92,0.0,0.12,0.0,0.0
2.37,0.0,0.31,0.0,0.0
1.92,0.0,17.02,0.0,0.0
3.27,0.0,15.75,0.0,0.0
6.41,0.0,20.92,0.0,0.0
6.88,0.0,20.02,0.0,0.0
7.78,1.93,29.2,0.0,0.0
9.13,1.88,35.35,0.0,0.0
10.47,1.87,36.41,0.0,0.0
12.72,1.25,38.36,0.0,0.0
14.07,8.98,53.23,0.0,0.0
13.17,7.49,58.38,0.0,0.0
12.27,12.23,59.55,0.0,0.0
11.37,11.48,57.53,0.0,0.0
11.37,3.12,50.85,0.0,0.0
12.72,3.12,46.38,0.0,0.0
12.72,2.86,44.49,0.0,0.0
11.82,2.0,53.25,0.0,0.0
10.92,1.25,58.1,0.0,0.0
10.02,4.99,53.32,0.0,0.0
9.13,5.24,50.75,0.0,0.0
5.08,5.37,44.44,0.0,0.0
2.38,0.0,35.87,0.0,0.0
2.38,0.0,1.52,0.0,0.0
1.92,0.0,0.82,0.0,0.0
2.37,0.0,0.6,0.0,0.0
1.92,0.0,22.94,0.0,0.0
3.27,0.0,20.66,0.0,0.0
6.41,0.0,26.84,0.0,0.0
6.88,0.0,31.75,0.0,0.0
7.78,1.93,48.25,0.0,0.0
9.13,1.89,54.65,0.0,0.0
10.47,1.87,47.68,0.0,0.0
12.72,1.25,49.06,0.0,0.0
14.07,9.0,54.19,0.0,0.0
13.17,7.5,61.99,0.0,0.0
12.27,12.24,60.03,0.0,0.0
11.37,11.49,52.77,0.0,0.0
11.37,3.12,50.87,0.0,0.0
12.72,3.12,52.81,0.0,0.0
12.72,2.88,52.91,0.0,0.0
11.82,2.0,55.58,0.0,0.0
10.92,1.25,57.53,0.0,0.0
10.02,4.99,57.07,0.0,0.0
9.13,5.25,44.73,0.0,0.0
5.08,5.37,36.42,0.0,0.0
2.38,0.0,32.62,0.0,0.0
2.38,0.0,1.94,0.0,0.0
1.92,0.0,0.92,0.0,0.0
2.37,0.0,0.8,0.0,0.0
1.92,0.0,23.15,0.0,0.0
3.27,0.0,21.74,0.0,0.0
6.43,0.0,30.68,0.0,0.0
6.88,1.94,35.72,0.0,0.0
7.78,1.89,47.81,0.0,0.0
9.13,4.12,53.55,0.0,0.0
10.47,1.62,55.66,0.0,0.0
12.72,1.25,50.72,0.0,0.0
14.07,9.0,59.15,0.0,0.0
13.17,3.88,68.0,0.0,0.0
12.27,12.26,54.29,0.0,0.0
11.37,11.5,43.16,0.0,0.0
11.37,2.75,45.19,0.0,0.0
12.72,3.87,51.7,0.0,0.0
12.72,2.87,57.85,0.0,0.0
11.82,2.0,64.48,0.0,0.0
10.92,1.25,62.79,0.0,0.0
10.02,5.0,62.22,0.0,0.0
9.13,5.24,54.67,0.0,0.0
5.08,5.38,47.59,0.0,0.0
2.38,1.88,39.43,0.0,0.0
2.38,0.0,3.06,0.0,0.0
1.92,0.0,0.79,0.0,0.0
2.37,0.0,0.74,0.0,0.0
1.92,0.0,24.89,0.0,0.0
3.27,0.0,20.75,0.0,0.0
6.43,0.0,32.53,0.0,0.0
6.88,1.94,35.27,0.0,0.0
7.78,1.88,46.4,0.0,0.0
9.13,4.13,52.79,0.0,0.0
10.47,1.62,53.91,0.0,0.0
12.72,1.25,50.06,0.0,0.0
14.07,9.01,59.97,0.0,0.0
13.17,3.88,68.07,0.0,0.0
12.27,12.26,65.11,0.0,0.0
11.37,11.52,57.87,0.0,0.0
11.37,2.75,50.65,0.0,0.0
12.72,3.88,53.03,0.0,0.0
12.72,2.88,59.87,0.0,0.0
11.82,2.0,64.81,0.0,0.0
10.92,1.25,61.2,0.0,0.0
10.02,5.01,58.12,0.0,0.0
9.13,5.26,50.1,0.0,0.0
5.08,5.38,43.04,0.0,0.0
2.38,1.87,36.24,0.0,0.0
2.38,0.0,3.64,0.0,0.0
1.92,0.0,1.54,0.0,0.0
2.37,0.0,1.03,0.0,0.0
1.92,0.0,22.71,0.0,0.0
3.27,0.0,20.77,0.0,0.0
6.43,0.0,29.33,0.0,0.0
6.88,1.93,34.19,0.0,0.0
7.78,1.87,47.63,0.0,0.0
9.13,4.13,53.84,0.0,0.0
10.47,1.63,54.75,0.0,0.0
12.72,1.25,48.13,0.0,0.0
14.07,9.02,50.27,0.0,0.0
13.17,3.88,48.92,0.0,0.0
12.27,12.28,52.19,0.0,0.0
11.37,11.53,47.28,0.0,0.0
11.37,2.76,44.48,0.0,0.0
12.72,3.88,51.0,0.0,0.0
12.72,2.88,56.34,0.0,0.0
11.82,2.01,62.66,0.0,0.0
10.92,1.25,62.52,0.0,0.0
10.02,5.0,60.9,0.0,0.0
9.13,5.26,51.94,0.0,0.0
5.08,5.39,44.96,0.0,0.0
2.38,1.88,38.62,0.0,0.0
2.38,0.0,3.31,0.0,0.0
1.92,0.0,1.51,0.0,0.0
2.37,0.0,0.9,0.0,0.0
1.92,0.0,23.41,0.0,0.0
3.27,0.0,21.13,0.0,0.0
6.43,0.0,29.45,0.0,0.0
6.88,1.94,35.11,0.0,0.0
7.78,1.88,47.75,0.0,0.0
9.13,4.14,51.78,0.0,0.0
10.47,1.62,53.75,0.0,0.0
12.72,1.25,49.69,0.0,0.0
14.07,9.03,57.89,0.0,0.0
13.17,3.89,59.6,0.0,0.0
12.27,12.29,56.9,0.0,0.0
11.37,11.54,55.38,0.0,0.0
11.37,2.76,50.8,0.0,0.0
12.72,3.89,52.81,0.0,0.0
12.72,2.89,59.32,0.0,0.0
11.82,2.0,63.28,0.0,0.0
10.92,1.25,58.69,0.0,0.0
10.02,5.01,57.16,0.0,0.0
9.13,5.27,49.08,0.0,0.0
5.08,5.39,43.31,0.0,0.0
2.38,1.87,38.07,0.0,0.0
2.38,0.0,3.43,0.0,0.0
1.92,0.0,1.3,0.0,0.0
2.37,0.0,0.84,0.0,0.0
1.92,0.0,22.09,0.0,0.0
3.27,0.0,23.25,0.0,0.0
6.43,0.0,31.37,0.0,0.0
6.88,1.94,33.84,0.0,0.0
7.78,1.9,44.64,0.0,0.0
9.13,4.14,50.9,0.0,0.0
10.47,1.63,51.02,0.0,0.0
12.72,1.25,45.44,0.0,0.0
14.07,9.04,55.19,0.0,0.0
13.17,3.89,55.21,0.0,0.0
12.27,12.31,51.09,0.0,0.0
11.37,11.55,50.51,0.0,0.0
11.37,2.76,47.89,0.0,0.0
12.72,3.89,47.67,0.0,0.0
12.72,2.88,51.98,0.0,0.0
11.82,2.01,58.63,0.0,0.0
10.92,1.25,56.27,0.0,0.0
10.02,5.02,54.31,0.0,0.0
9.13,5.26,46.31,0.0,0.0
5.08,5.4,41.1,0.0,0.0
2.38,1.89,34.86,0.0,0.0
2.38,0.0,1.5,0.0,0.0
1.92,0.0,0.35,0.0,0.0
2.37,0.0,0.66,0.0,0.0
1.92,0.0,17.71,0.0,0.0
3.27,0.0,19.43,0.0,0.0
6.41,0.0,25.19,0.0,0.0
6.88,0.0,29.28,0.0,0.0
7.78,1.95,46.61,0.0,0.0
9.13,1.9,53.54,0.0,0.0
10.47,1.88,52.76,0.0,0.0
12.72,1.26,49.31,0.0,0.0
14.07,9.05,56.29,0.0,0.0
13.17,7.54,58.72,0.0,0.0
12.27,12.32,53.53,0.0,0.0
11.37,11.56,50.81,0.0,0.0
11.37,3.14,50.76,0.0,0.0
12.72,3.14,49.13,0.0,0.0
12.72,2.88,47.6,0.0,0.0
11.82,2.01,57.48,0.0,0.0
10.92,1.26,60.84,0.0,0.0
10.02,5.03,53.85,0.0,0.0
9.13,5.27,50.8,0.0,0.0
5.08,5.4,46.45,0.0,0.0
2.38,0.0,38.46,0.0,0.0
2.38,0.0,2.12,0.0,0.0
1.92,0.0,1.02,0.0,0.0
2.37,0.0,0.36,0.0,0.0
1.92,0.0,19.4,0.0,0.0
3.27,0.0,18.64,0.0,0.0
6.41,0.0,24.33,0.0,0.0
6.88,0.0,27.75,0.0,0.0
7.78,1.95,45.04,0.0,0.0
9.13,1.9,54.02,0.0,0.0
10.47,1.89,49.55,0.0,0.0
12.72,1.26,51.26,0.0,0.0
14.07,9.06,55.82,0.0,0.0
13.17,7.55,63.37,0.0,0.0
12.27,12.34,65.25,0.0,0.0
11.37,11.58,57.46,0.0,0.0
11.37,3.15,50.1,0.0,0.0
12.72,3.14,47.71,0.0,0.0
12.72,2.89,46.32,0.0,0.0
11.82,2.01,46.64,0.0,0.0
10.92,1.26,46.87,0.0,0.0
10.02,5.04,47.84,0.0,0.0
9.13,5.28,40.98,0.0,0.0
5.08,5.41,35.92,0.0,0.0
2.38,0.0,32.15,0.0,0.0
2.38,0.0,1.7,0.0,0.0
1.92,0.0,0.92,0.0,0.0
2.37,0.0,0.44,0.0,0.0
1.92,0.0,19.14,0.0,0.0
3.27,0.0,17.72,0.0,0.0
6.43,0.0,23.58,0.0,0.0
6.88,1.95,27.69,0.0,0.0
7.78,1.91,40.57,0.0,0.0
9.13,4.15,50.98,0.0,0.0
10.47,1.64,54.34,0.0,0.0
12.72,1.26,49.41,0.0,0.0
14.07,9.07,58.89,0.0,0.0
13.17,3.9,67.92,0.0,0.0
12.27,12.35,65.33,0.0,0.0
11.37,11.59,58.0,0.0,0.0
11.37,2.77,50.38,0.0,0.0
12.72,3.9,47.04,0.0,0.0
12.72,2.89,52.05,0.0,0.0
11.82,2.02,63.15,0.0,0.0
10.92,1.26,63.58,0.0,0.0
10.02,5.03,63.16,0.0,0.0
9.13,5.29,53.21,0.0,0.0
5.08,5.42,44.93,0.0,0.0
2.38,1.89,37.94,0.0,0.0
2.38,0.0,3.43,0.0,0.0
1.92,0.0,1.29,0.0,0.0
2.37,0.0,1.0,0.0,0.0
1.92,0.0,23.15,0.0,0.0
3.27,0.0,24.51,0.0,0.0
6.43,0.0,33.34,0.0,0.0
6.88,1.95,37.18,0.0,0.0
7.78,1.89,48.47,0.0,0.0
9.13,4.16,55.08,0.0,0.0
10.47,1.64,58.81,0.0,0.0
12.72,1.26,52.11,0.0,0.0
14.07,9.08,60.77,0.0,0.0
13.17,3.91,70.63,0.0,0.0
12.27,12.36,68.19,0.0,0.0
11.37,11.61,58.77,0.0,0.0
11.37,2.78,51.47,0.0,0.0
12.72,3.9,53.85,0.0,0.0
12.72,2.91,55.89,0.0,0.0
11.82,2.02,60.57,0.0,0.0
10.92,1.26,59.69,0.0,0.0
10.02,5.04,59.26,0.0,0.0
9.13,5.3,52.66,0.0,0.0
5.08,5.43,44.97,0.0,0.0
2.38,1.89,37.13,0.0,0.0
2.38,0.0,3.67,0.0,0.0
1.92,0.0,1.49,0.0,0.0
2.37,0.0,1.4,0.0,0.0
1.92,0.0,25.88,0.0,0.0
3.27,0.0,20.22,0.0,0.0
6.43,0.0,32.51,0.0,0.0
6.88,1.96,37.3,0.0,0.0
7.78,1.9,51.47,0.0,0.0
9.13,4.17,57.07,0.0,0.0
10.47,1.63,56.03,0.0,0.0
12.72,1.26,41.26,0.0,0.0
14.07,9.1,43.8,0.0,0.0
13.17,3.92,50.78,0.0,0.0
12.27,12.38,52.27,0.0,0.0
11.37,11.62,51.84,0.0,0.0
11.37,2.78,50.0,0.0,0.0
12.72,3.91,51.77,0.0,0.0
12.72,2.91,51.73,0.0,0.0
11.82,2.02,54.66,0.0,0.0
10.92,1.26,53.31,0.0,0.0
10.02,5.04,51.06,0.0,0.0
9.13,5.31,43.48,0.0,0.0
5.08,5.43,38.45,0.0,0.0
2.38,1.89,34.75,0.0,0.0
2.38,0.0,1.99,0.0,0.0
1.92,0.0,0.4,0.0,0.0
2.37,0.0,0.86,0.0,0.0
1.92,0.0,19.59,0.0,0.0
3.27,0.0,21.77,0.0,0.0
6.43,0.0,28.57,0.0,0.0
6.88,1.96,28.47,0.0,0.0
7.78,1.9,38.94,0.0,0.0
9.13,4.17,48.89,0.0,0.0
10.47,1.64,50.8,0.0,0.0
12.72,1.26,47.49,0.0,0.0
14.07,9.11,57.51,0.0,0.0
13.17,3.92,65.89,0.0,0.0
12.27,12.4,60.03,0.0,0.0
11.37,11.64,48.94,0.0,0.0
11.37,2.79,44.42,0.0,0.0
12.72,3.91,48.48,0.0,0.0
12.72,2.91,53.21,0.0,0.0
11.82,2.02,55.45,0.0,0.0
10.92,1.26,52.7,0.0,0.0
10.02,5.05,52.9,0.0,0.0
9.13,5.31,45.45,0.0,0.0
5.08,5.44,39.3,0.0,0.0
2.38,1.9,33.56,0.0,0.0
2.38,0.0,2.75,0.0,0.0
1.92,0.0,1.25,0.0,0.0
2.37,0.0,0.84,0.0,0.0
1.92,0.0,20.69,0.0,0.0
3.27,0.0,20.36,0.0,0.0
6.43,0.0,28.02,0.0,0.0
6.88,1.96,31.92,0.0,0.0
7.78,1.9,40.38,0.0,0.0
9.13,4.18,47.37,0.0,0.0
10.47,1.64,49.55,0.0,0.0
12.72,1.27,46.79,0.0,0.0
14.07,9.12,56.43,0.0,0.0
13.17,3.92,63.7,0.0,0.0
12.27,12.41,63.05,0.0,0.0
11.37,11.66,54.02,0.0,0.0
11.37,2.79,49.29,0.0,0.0
12.72,3.92,49.33,0.0,0.0
12.72,2.91,52.55,0.0,0.0
11.82,2.03,55.42,0.0,0.0
10.92,1.27,52.8,0.0,0.0
10.02,5.06,52.84,0.0,0.0
9.13,5.31,48.25,0.0,0.0
5.08,5.45,42.76,0.0,0.0
2.38,1.9,35.78,0.0,0.0
2.38,0.0,2.62,0.0,0.0
1.92,0.0,0.97,0.0,0.0
2.37,0.0,0.46,0.0,0.0
1.92,0.0,21.22,0.0,0.0
3.27,0.0,19.96,0.0,0.0
6.41,0.0,26.85,0.0,0.0
6.88,0.0,32.84,0.0,0.0
7.78,1.96,50.15,0.0,0.0
9.13,1.91,54.64,0.0,0.0
10.47,1.9,52.65,0.0,0.0
12.72,1.27,40.84,0.0,0.0
14.07,9.13,44.29,0.0,0.0
13.17,7.61,50.06,0.0,0.0
12.27,12.43,51.29,0.0,0.0
11.37,11.67,50.71,0.0,0.0
11.37,3.17,49.63,0.0,0.0
12.72,3.17,49.67,0.0,0.0
12.72,2.92,48.64,0.0,0.0
11.82,2.03,54.74,0.0,0.0
10.92,1.27,54.88,0.0,0.0
10.02,5.07,48.37,0.0,0.0
9.13,5.33,46.38,0.0,0.0
5.08,5.45,43.89,0.0,0.0
2.38,0.0,36.19,0.0,0.0
2.38,0.0,1.88,0.0,0.0
1.92,0.0,0.84,0.0,0.0
2.37,0.0,0.72,0.0,0.0
1.92,0.0,20.35,0.0,0.0
3.27,0.0,19.18,0.0,0.0
6.41,0.0,27.23,0.0,0.0
6.88,0.0,30.84,0.0,0.0
7.78,1.97,43.61,0.0,0.0
9.13,1.93,47.97,0.0,0.0
10.47,1.9,45.99,0.0,0.0
12.72,1.27,49.6,0.0,0.0
14.07,9.15,54.96,0.0,0.0
13.17,7.63,62.22,0.0,0.0
12.27,12.45,61.7,0.0,0.0
11.37,11.69,53.25,0.0,0.0
11.37,3.18,48.52,0.0,0.0
12.72,3.17,51.12,0.0,0.0
12.72,2.92,49.88,0.0,0.0
11.82,2.03,49.01,0.0,0.0
10.92,1.27,49.91,0.0,0.0
10.02,5.09,51.86,0.0,0.0
9.13,5.33,44.53,0.0,0.0
5.08,5.46,39.32,0.0,0.0
2.38,0.0,36.02,0.0,0.0
2.38,0.0,2.85,0.0,0.0
1.92,0.0,1.56,0.0,0.0
2.37,0.0,1.15,0.0,0.0
1.92,0.0,24.37,0.0,0.0
3.27,0.0,22.45,0.0,0.0
6.43,0.0,31.04,0.0,0.0
6.88,1.97,34.94,0.0,0.0
7.78,1.93,43.51,0.0,0.0
9.13,4.19,47.62,0.0,0.0
10.47,1.65,53.28,0.0,0.0
12.72,1.27,52.46,0.0,0.0
14.07,9.16,65.89,0.0,0.0
13.17,3.94,75.42,0.0,0.0
12.27,12.47,74.05,0.0,0.0
11.37,11.71,60.13,0.0,0.0
11.37,2.79,51.57,0.0,0.0
12.72,3.95,53.71,0.0,0.0
12.72,2.93,57.82,0.0,0.0
11.82,2.03,61.85,0.0,0.0
10.92,1.27,58.96,0.0,0.0
10.02,5.08,57.95,0.0,0.0
9.13,5.35,50.05,0.0,0.0
5.08,5.47,43.66,0.0,0.0
2.38,1.9,38.45,0.0,0.0
2.38,0.0,4.7,0.0,0.0
1.92,0.0,1.81,0.0,0.0
2.37,0.0,1.87,0.0,0.0
1.92,0.0,26.17,0.0,0.0
3.27,0.0,22.04,0.0,0.0
6.43,0.0,32.53,0.0,0.0
6.88,1.97,34.8,0.0,0.0
7.78,1.92,42.61,0.0,0.0
9.13,4.2,47.37,0.0,0.0
10.47,1.65,52.59,0.0,0.0
12.72,1.27,50.45,0.0,0.0
14.07,9.18,61.62,0.0,0.0
13.17,3.95,71.47,0.0,0.0
12.27,12.49,68.96,0.0,0.0
11.37,11.73,58.74,0.0,0.0
11.37,2.81,51.42,0.0,0.0
12.72,3.94,54.47,0.0,0.0
12.72,2.93,59.73,0.0,0.0
11.82,2.04,65.52,0.0,0.0
10.92,1.27,63.15,0.0,0.0
10.02,5.09,61.18,0.0,0.0
9.13,5.35,51.99,0.0,0.0
5.08,5.48,45.26,0.0,0.0
2.38,1.91,40.33,0.0,0.0
2.38,0.0,5.66,0.0,0.0
1.92,0.0,2.56,0.0,0.0
2.37,0.0,2.13,0.0,0.0
1.92,0.0,24.52,0.0,0.0
3.27,0.0,18.61,0.0,0.0
6.43,0.0,28.87,0.0,0.0
6.88,1.97,31.8,0.0,0.0
7.78,1.91,41.43,0.0,0.0
9.13,4.21,46.46,0.0,0.0
10.47,1.66,50.58,0.0,0.0
12.72,1.28,48.96,0.0,0.0
14.07,9.19,60.69,0.0,0.0
13.17,3.95,70.82,0.0,0.0
12.27,12.51,69.57,0.0,0.0
11.37,11.74,60.61,0.0,0.0
11.37,2.81,53.92,0.0,0.0
12.72,3.96,57.11,0.0,0.0
12.72,2.93,61.7,0.0,0.0
11.82,2.04,67.02,0.0,0.0
10.92,1.28,65.99,0.0,0.0
10.02,5.11,66.54,0.0,0.0
9.13,5.36,57.26,0.0,0.0
5.08,5.49,48.73,0.0,0.0
2.38,1.91,40.29,0.0,0.0
2.38,0.0,4.97,0.0,0.0
1.92,0.0,2.42,0.0,0.0
2.37,0.0,2.24,0.0,0.0
1.92,0.0,25.42,0.0,0.0
3.27,0.0,19.01,0.0,0.0
6.43,0.0,29.82,0.0,0.0
6.88,1.98,33.17,0.0,0.0
7.78,1.93,42.41,0.0,0.0
9.13,4.22,47.27,0.0,0.0
10.47,1.66,50.68,0.0,0.0
12.72,1.28,48.84,0.0,0.0
14.07,9.2,60.73,0.0,0.0
13.17,3.97,70.37,0.0,0.0
12.27,12.53,68.75,0.0,0.0
11.37,11.77,61.13,0.0,0.0
11.37,2.81,54.52,0.0,0.0
12.72,3.96,55.35,0.0,0.0
12.72,2.95,59.47,0.0,0.0
11.82,2.05,64.01,0.0,0.0
10.92,1.28,59.97,0.0,0.0
10.02,5.11,56.1,0.0,0.0
9.13,5.37,46.25,0.0,0.0
5.08,5.5,42.58,0.0,0.0
2.38,1.92,39.54,0.0,0.0
2.38,0.0,4.67,0.0,0.0
1.92,0.0,1.9,0.0,0.0
2.37,0.0,1.47,0.0,0.0
1.92,0.0,22.87,0.0,0.0
3.27,0.0,17.07,0.0,0.0
6.41,0.0,25.79,0.0,0.0
6.88,0.0,28.09,0.0,0.0
7.78,1.98,43.59,0.0,0.0
9.13,1.93,50.95,0.0,0.0
10.47,1.92,47.1,0.0,0.0
12.72,1.28,51.3,0.0,0.0
14.07,9.22,57.38,0.0,0.0
13.17,7.68,63.95,0.0,0.0
12.27,12.55,64.1,0.0,0.0
11.37,11.79,53.27,0.0,0.0
11.37,3.2,43.65,0.0,0.0
12.72,3.2,42.52,0.0,0.0
12.72,2.95,45.55,0.0,0.0
11.82,2.05,49.43,0.0,0.0
10.92,1.28,52.01,0.0,0.0
10.02,5.11,54.13,0.0,0.0
9.13,5.38,45.69,0.0,0.0
5.08,5.51,39.34,0.0,0.0
2.38,0.0,35.88,0.0,0.0
2.38,0.0,1.83,0.0,0.0
1.92,0.0,0.69,0.0,0.0
2.37,0.0,0.62,0.0,0.0
1.92,0.0,21.78,0.0,0.0
3.27,0.0,20.19,0.0,0.0
6.41,0.0,26.37,0.0,0.0
6.88,0.0,31.04,0.0,0.0
7.78,1.99,47.71,0.0,0.0
9.13,1.94,50.39,0.0,0.0
10.47,1.92,48.18,0.0,0.0
12.72,1.28,45.0,0.0,0.0
14.07,9.23,53.85,0.0,0.0
13.17,7.7,60.12,0.0,0.0
12.27,12.57,61.99,0.0,0.0
11.37,11.81,57.8,0.0,0.0
11.37,3.21,46.95,0.0,0.0
12.72,3.21,41.65,0.0,0.0
12.72,2.95,43.35,0.0,0.0
11.82,2.05,52.3,0.0,0.0
10.92,1.28,56.69,0.0,0.0
10.02,5.12,53.37,0.0,0.0
9.13,5.38,52.64,0.0,0.0
5.08,5.52,48.31,0.0,0.0
2.38,0.0,38.44,0.0,0.0
2.38,0.0,1.32,0.0,0.0
1.92,0.0,0.36,0.0,0.0
2.37,0.0,0.61,0.0,0.0
1.92,0.0,18.43,0.0,0.0
3.27,0.0,20.83,0.0,0.0
6.41,0.0,27.22,0.0,0.0
6.88,0.0,30.8,0.0,0.0
7.78,1.99,45.66,0.0,0.0
9.13,1.94,50.07,0.0,0.0
10.47,1.93,38.28,0.0,0.0
12.72,1.28,34.32,0.0,0.0
14.07,9.25,35.13,0.0,0.0
13.17,7.71,39.17,0.0,0.0
12.27,12.6,42.13,0.0,0.0
11.37,11.83,41.55,0.0,0.0
11.37,3.21,41.27,0.0,0.0
12.72,3.21,43.92,0.0,0.0
12.72,2.96,45.96,0.0,0.0
11.82,2.06,48.78,0.0,0.0
10.92,1.28,50.74,0.0,0.0
10.02,5.14,52.08,0.0,0.0
9.13,5.39,44.36,0.0,0.0
5.08,5.52,38.2,0.0,0.0
2.38,0.0,33.05,0.0,0.0
2.38,0.0,1.02,0.0,0.0
1.92,0.0,0.21,0.0,0.0
2.37,0.0,0.38,0.0,0.0
1.92,0.0,17.85,0.0,0.0
3.27,0.0,15.48,0.0,0.0
6.43,0.0,22.11,0.0,0.0
6.88,1.99,25.82,0.0,0.0
7.78,1.95,37.17,0.0,0.0
9.13,4.24,46.11,0.0,0.0
10.47,1.68,49.04,0.0,0.0
12.72,1.29,45.5,0.0,0.0
14.07,9.27,54.56,0.0,0.0
13.17,3.99,62.37,0.0,0.0
12.27,12.62,63.26,0.0,0.0
11.37,11.85,54.92,0.0,0.0
11.37,2.83,46.14,0.0,0.0
12.72,3.99,46.63,0.0,0.0
12.72,2.97,48.66,0.0,0.0
11.82,2.06,51.77,0.0,0.0
10.92,1.29,51.2,0.0,0.0
10.02,5.14,50.97,0.0,0.0
9.13,5.4,45.37,0.0,0.0
5.08,5.54,39.18,0.0,0.0
2.38,1.93,32.05,0.0,0.0
2.38,0.0,1.36,0.0,0.0
1.92,0.0,0.66,0.0,0.0
2.37,0.0,0.33,0.0,0.0
1.92,0.0,19.69,0.0,0.0
3.27,0.0,21.48,0.0,0.0
6.43,0.0,28.17,0.0,0.0
6.88,1.99,31.28,0.0,0.0
7.78,1.93,40.03,0.0,0.0
9.13,4.25,46.56,0.0,0.0
10.47,1.68,49.3,0.0,0.0
12.72,1.29,44.69,0.0,0.0
14.07,9.29,53.12,0.0,0.0
13.17,4.0,60.79,0.0,0.0
12.27,12.64,57.74,0.0,0.0
11.37,11.87,48.86,0.0,0.0
11.37,2.83,43.63,0.0,0.0
12.72,4.0,46.25,0.0,0.0
12.72,2.97,49.54,0.0,0.0
11.82,2.06,52.51,0.0,0.0
10.92,1.29,49.44,0.0,0.0
10.02,5.15,47.25,0.0,0.0
9.13,5.41,39.85,0.0,0.0
5.08,5.55,34.31,0.0,0.0
2.38,1.94,28.34,0.0,0.0
2.38,0.0,1.37,0.0,0.0
1.92,0.0,0.48,0.0,0.0
2.37,0.0,0.0,0.0,0.0
1.92,0.0,13.98,0.0,0.0
3.27,0.0,13.07,0.0,0.0
6.43,0.0,18.4,0.0,0.0
6.88,1.99,22.64,0.0,0.0
7.78,1.93,33.06,0.0,0.0
9.13,4.26,40.67,0.0,0.0
10.47,1.69,44.45,0.0,0.0
12.72,1.29,42.51,0.0,0.0
14.07,9.3,53.54,0.0,0.0
13.17,4.01,63.21,0.0,0.0
12.27,12.67,60.44,0.0,0.0
11.37,11.89,51.78,0.0,0.0
11.37,2.84,45.97,0.0,0.0
12.72,4.0,47.83,0.0,0.0
12.72,2.98,52.59,0.0,0.0
11.82,2.07,57.46,0.0,0.0
10.92,1.29,54.44,0.0,0.0
10.02,5.16,52.27,0.0,0.0
9.13,5.42,44.86,0.0,0.0
5.08,5.56,38.79,0.0,0.0
2.38,1.94,32.61,0.0,0.0
2.38,0.0,1.95,0.0,0.0
1.92,0.0,0.78,0.0,0.0
2.37,0.0,0.35,0.0,0.0
1.92,0.0,17.93,0.0,0.0
3.27,0.0,17.11,0.0,0.0
6.43,0.0,23.74,0.0,0.0
6.88,2.0,27.82,0.0,0.0
7.78,1.94,39.51,0.0,0.0
9.13,4.27,47.46,0.0,0.0
10.47,1.69,50.52,0.0,0.0
12.72,1.29,46.24,0.0,0.0
14.07,9.32,56.06,0.0,0.0
13.17,4.01,65.04,0.0,0.0
12.27,12.69,61.19,0.0,0.0
11.37,11.92,54.47,0.0,0.0
11.37,2.85,48.19,0.0,0.0
12.72,4.01,47.97,0.0,0.0
12.72,2.98,49.4,0.0,0.0
11.82,2.07,51.92,0.0,0.0
10.92,1.29,49.0,0.0,0.0
10.02,5.18,46.06,0.0,0.0
9.13,5.44,38.42,0.0,0.0
5.08,5.56,33.13,0.0,0.0
2.38,1.94,27.91,0.0,0.0
2.38,0.0,1.38,0.0,0.0
1.92,0.0,0.53,0.0,0.0
2.37,0.0,0.28,0.0,0.0
1.92,0.0,17.46,0.0,0.0
3.27,0.0,20.29,0.0,0.0
6.43,0.0,26.81,0.0,0.0
6.88,2.0,28.76,0.0,0.0
7.78,1.94,39.14,0.0,0.0
9.13,4.28,47.51,0.0,0.0
10.47,1.69,50.84,0.0,0.0
12.72,1.3,47.12,0.0,0.0
14.07,9.34,58.03,0.0,0.0
13.17,4.03,67.36,0.0,0.0
12.27,12.71,62.1,0.0,0.0
11.37,11.94,48.74,0.0,0.0
11.37,2.86,41.07,0.0,0.0
12.72,4.02,40.9,0.0,0.0
12.72,2.98,45.4,0.0,0.0
11.82,2.08,52.57,0.0,0.0
10.92,1.29,52.36,0.0,0.0
10.02,5.19,52.17,0.0,0.0
9.13,5.45,44.76,0.0,0.0
5.08,5.58,37.64,0.0,0.0
2.38,1.94,30.62,0.0,0.0
2.38,0.0,1.26,0.0,0.0
1.92,0.0,0.52,0.0,0.0
2.37,0.0,0.29,0.0,0.0
1.92,0.0,18.71,0.0,0.0
3.27,0.0,17.39,0.0,0.0
6.41,0.0,22.96,0.0,0.0
6.88,0.0,26.01,0.0,0.0
7.78,2.01,40.94,0.0,0.0
9.13,1.97,49.82,0.0,0.0
10.47,1.94,52.4,0.0,0.0
12.72,1.3,50.54,0.0,0.0
14.07,9.36,56.44,0.0,0.0
13.17,7.8,56.23,0.0,0.0
12.27,12.74,45.74,0.0,0.0
11.37,11.96,41.53,0.0,0.0
11.37,3.25,34.88,0.0,0.0
12.72,3.25,34.43,0.0,0.0
12.72,2.99,39.84,0.0,0.0
11.82,2.08,47.5,0.0,0.0
10.92,1.3,49.87,0.0,0.0
10.02,5.2,44.42,0.0,0.0
9.13,5.46,43.2,0.0,0.0
5.08,5.59,37.44,0.0,0.0
2.38,0.0,27.87,0.0,0.0
2.38,0.0,0.64,0.0,0.0
1.92,0.0,0.0,0.0,0.0
2.37,0.0,0.05,0.0,0.0
1.92,0.0,14.51,0.0,0.0
3.27,0.0,13.87,0.0,0.0
6.41,0.0,20.68,0.0,0.0
6.88,0.0,25.98,0.0,0.0
7.78,2.01,40.63,0.0,0.0
9.13,1.98,44.73,0.0,0.0
10.47,1.95,41.86,0.0,0.0
12.72,1.3,46.86,0.0,0.0
14.07,9.38,52.3,0.0,0.0
13.17,7.82,58.4,0.0,0.0
12.27,12.77,57.4,0.0,0.0
11.37,11.99,51.36,0.0,0.0
11.37,3.26,48.24,0.0,0.0
12.72,3.25,50.93,0.0,0.0
12.72,3.0,49.79,0.0,0.0
11.82,2.08,48.83,0.0,0.0
10.92,1.3,50.65,0.0,0.0
10.02,5.2,52.09,0.0,0.0
9.13,5.47,44.47,0.0,0.0
5.08,5.6,40.53,0.0,0.0
2.38,0.0,36.28,0.0,0.0
2.38,0.0,1.44,0.0,0.0
1.92,0.0,0.5,0.0,0.0
2.37,0.0,0.23,0.0,0.0
1.92,0.0,16.93,0.0,0.0
3.27,0.0,16.14,0.0,0.0
6.43,0.0,22.86,0.0,0.0
6.88,2.02,29.55,0.0,0.0
7.78,1.98,40.06,0.0,0.0
9.13,4.3,44.39,0.0,0.0
10.47,1.69,47.85,0.0,0.0
12.72,1.3,44.8,0.0,0.0
14.07,9.39,52.12,0.0,0.0
13.17,4.05,57.44,0.0,0.0
12.27,12.79,58.33,0.0,0.0
11.37,12.01,53.26,0.0,0.0
11.37,2.87,47.56,0.0,0.0
12.72,4.04,48.57,0.0,0.0
12.72,3.0,52.11,0.0,0.0
11.82,2.08,56.13,0.0,0.0
10.92,1.31,53.72,0.0,0.0
10.02,5.22,53.07,0.0,0.0
9.13,5.48,45.83,0.0,0.0
5.08,5.61,39.61,0.0,0.0
2.38,1.96,33.6,0.0,0.0
2.38,0.0,2.43,0.0,0.0
1.92,0.0,1.11,0.0,0.0
2.37,0.0,0.81,0.0,0.0
1.92,0.0,22.0,0.0,0.0
3.27,0.0,23.31,0.0,0.0
6.43,0.0,28.0,0.0,0.0
6.88,2.02,27.36,0.0,0.0
7.78,1.96,36.33,0.0,0.0
9.13,4.32,45.7,0.0,0.0
10.47,1.71,49.52,0.0,0.0
12.72,1.31,47.48,0.0,0.0
14.07,9.41,56.53,0.0,0.0
13.17,4.05,61.33,0.0,0.0
12.27,12.82,60.17,0.0,0.0
11.37,12.04,52.14,0.0,0.0
11.37,2.88,44.23,0.0,0.0
12.72,4.05,46.03,0.0,0.0
12.72,3.0,51.39,0.0,0.0
11.82,2.09,55.68,0.0,0.0
10.92,1.3,52.57,0.0,0.0
10.02,5.23,50.67,0.0,0.0
9.13,5.49,43.98,0.0,0.0
5.08,5.62,39.4,0.0,0.0
2.38,1.96,34.54,0.0,0.0
2.38,0.0,2.38,0.0,0.0
1.92,0.0,0.99,0.0,0.0
2.37,0.0,0.5,0.0,0.0
1.92,0.0,20.19,0.0,0.0
3.27,0.0,19.06,0.0,0.0
6.43,0.0,25.87,0.0,0.0
6.88,2.03,30.94,0.0,0.0
7.78,1.97,43.12,0.0,0.0
9.13,4.32,47.84,0.0,0.0
10.47,1.7,50.55,0.0,0.0
12.72,1.31,47.71,0.0,0.0
14.07,9.44,56.15,0.0,0.0
13.17,4.06,63.28,0.0,0.0
12.27,12.85,57.11,0.0,0.0
11.37,12.06,50.43,0.0,0.0
11.37,2.88,46.62,0.0,0.0
12.72,4.06,49.0,0.0,0.0
12.72,3.02,53.44,0.0,0.0
11.82,2.1,57.23,0.0,0.0
10.92,1.31,55.63,0.0,0.0
10.02,5.24,55.2,0.0,0.0
9.13,5.5,48.33,0.0,0.0
5.08,5.63,41.7,0.0,0.0
2.38,1.96,35.17,0.0,0.0
2.38,0.0,2.48,0.0,0.0
1.92,0.0,1.08,0.0,0.0
2.37,0.0,0.57,0.0,0.0
1.92,0.0,21.04,0.0,0.0
3.27,0.0,19.11,0.0,0.0
6.43,0.0,27.08,0.0,0.0
6.88,2.03,31.55,0.0,0.0
7.78,1.98,42.79,0.0,0.0
9.13,4.33,48.74,0.0,0.0
10.47,1.7,47.47,0.0,0.0
12.72,1.31,39.99,0.0,0.0
14.07,9.46,44.13,0.0,0.0
13.17,4.07,53.3,0.0,0.0
12.27,12.88,56.99,0.0,0.0
11.37,12.08,49.73,0.0,0.0
11.37,2.89,41.62,0.0,0.0
12.72,4.07,41.29,0.0,0.0
12.72,3.02,43.61,0.0,0.0
11.82,2.1,48.54,0.0,0.0
10.92,1.31,48.81,0.0,0.0
10.02,5.25,47.83,0.0,0.0
9.13,5.51,41.44,0.0,0.0
5.08,5.65,35.64,0.0,0.0
2.38,1.96,29.7,0.0,0.0
2.38,0.0,1.11,0.0,0.0
1.92,0.0,0.27,0.0,0.0
2.37,0.0,0.18,0.0,0.0
1.92,0.0,18.27,0.0,0.0
3.27,0.0,21.36,0.0,0.0
6.43,0.0,29.43,0.0,0.0
6.88,2.04,32.18,0.0,0.0
7.78,1.99,40.47,0.0,0.0
9.13,4.34,48.88,0.0,0.0
10.47,1.71,54.35,0.0,0.0
12.72,1.32,50.48,0.0,0.0
14.07,9.48,56.72,0.0,0.0
13.17,4.08,61.71,0.0,0.0
12.27,12.91,58.13,0.0,0.0
11.37,12.11,50.6,0.0,0.0
11.37,2.89,46.32,0.0,0.0
12.72,4.07,47.4,0.0,0.0
12.72,3.03,49.18,0.0,0.0
11.82,2.11,53.45,0.0,0.0
10.92,1.31,52.66,0.0,0.0
10.02,5.27,51.11,0.0,0.0
9.13,5.53,43.91,0.0,0.0
5.08,5.66,37.21,0.0,0.0
2.38,1.97,30.44,0.0,0.0
2.38,0.0,1.2,0.0,0.0
1.92,0.0,0.2,0.0,0.0
2.37,0.0,0.33,0.0,0.0
1.92,0.0,17.94,0.0,0.0
3.27,0.0,15.22,0.0,0.0
6.41,0.0,20.97,0.0,0.0
6.88,0.0,24.96,0.0,0.0
7.78,2.04,40.04,0.0,0.0
9.13,2.0,46.91,0.0,0.0
10.47,1.98,49.13,0.0,0.0
12.72,1.32,47.51,0.0,0.0
14.07,9.5,57.35,0.0,0.0
13.17,7.91,62.88,0.0,0.0
12.27,12.93,62.61,0.0,0.0
11.37,12.14,56.45,0.0,0.0
11.37,3.3,53.64,0.0,0.0
12.72,3.3,53.01,0.0,0.0
12.72,3.03,51.55,0.0,0.0
11.82,2.11,59.7,0.0,0.0
10.92,1.32,62.46,0.0,0.0
10.02,5.28,56.31,0.0,0.0
9.13,5.54,52.62,0.0,0.0
5.08,5.67,47.36,0.0,0.0
2.38,0.0,38.92,0.0,0.0
2.38,0.0,1.51,0.0,0.0
1.92,0.0,0.84,0.0,0.0
2.37,0.0,0.37,0.0,0.0
1.92,0.0,19.96,0.0,0.0
3.27,0.0,18.31,0.0,0.0
6.41,0.0,23.69,0.0,0.0
6.88,0.0,26.84,0.0,0.0
7.78,2.04,43.74,0.0,0.0
9.13,1.99,53.53,0.0,0.0
10.47,1.98,48.2,0.0,0.0
12.72,1.32,50.1,0.0,0.0
14.07,9.51,54.6,0.0,0.0
13.17,7.93,61.72,0.0,0.0
12.27,12.96,61.57,0.0,0.0
11.37,12.17,53.33,0.0,0.0
11.37,3.31,49.31,0.0,0.0
12.72,3.3,50.85,0.0,0.0
12.72,3.04,52.03,0.0,0.0
11.82,2.11,51.04,0.0,0.0
10.92,1.32,49.58,0.0,0.0
10.02,5.28,50.28,0.0,0.0
9.13,5.55,42.39,0.0,0.0
5.08,5.68,36.91,0.0,0.0
2.38,0.0,33.81,0.0,0.0
2.38,0.0,3.12,0.0,0.0
1.92,0.0,1.37,0.0,0.0
2.37,0.0,1.08,0.0,0.0
1.92,0.0,20.3,0.0,0.0
3.27,0.0,15.65,0.0,0.0
6.43,0.0,25.7,0.0,0.0
6.88,2.05,29.51,0.0,0.0
7.78,2.01,38.99,0.0,0.0
9.13,4.37,43.07,0.0,0.0
10.47,1.72,45.95,0.0,0.0
12.72,1.32,44.61,0.0,0.0
14.07,9.55,55.46,0.0,0.0
13.17,4.1,63.76,0.0,0.0
12.27,12.99,60.23,0.0,0.0
11.37,12.19,51.94,0.0,0.0
11.37,2.91,45.23,0.0,0.0
12.72,4.11,47.55,0.0,0.0
12.72,3.05,53.1,0.0,0.0
11.82,2.12,58.68,0.0,0.0
10.92,1.32,56.34,0.0,0.0
10.02,5.3,53.57,0.0,0.0
9.13,5.56,44.94,0.0,0.0
5.08,5.7,39.32,0.0,0.0
2.38,1.98,34.85,0.0,0.0
2.38,0.0,3.69,0.0,0.0
1.92,0.0,1.44,0.0,0.0
2.37,0.0,0.72,0.0,0.0
1.92,0.0,19.53,0.0,0.0
3.27,0.0,21.19,0.0,0.0
6.43,0.0,29.08,0.0,0.0
6.88,2.05,32.74,0.0,0.0
7.78,2.0,43.5,0.0,0.0
9.13,4.38,47.86,0.0,0.0
10.47,1.73,50.21,0.0,0.0
12.72,1.33,44.21,0.0,0.0
14.07,9.56,50.16,0.0,0.0
13.17,4.12,59.21,0.0,0.0
12.27,13.02,59.38,0.0,0.0
11.37,12.22,52.05,0.0,0.0
11.37,2.93,45.1,0.0,0.0
12.72,4.11,48.41,0.0,0.0
12.72,3.05,54.75,0.0,0.0
11.82,2.12,60.65,0.0,0.0
10.92,1.33,59.01,0.0,0.0
10.02,5.31,57.46,0.0,0.0
9.13,5.58,49.3,0.0,0.0
5.08,5.71,43.32,0.0,0.0
2.38,1.99,36.01,0.0,0.0
2.38,0.0,2.34,0.0,0.0
1.92,0.0,0.85,0.0,0.0
2.37,0.0,0.39,0.0,0.0
1.92,0.0,18.74,0.0,0.0
3.27,0.0,16.99,0.0,0.0
6.43,0.0,21.96,0.0,0.0
6.88,2.05,25.33,0.0,0.0
7.78,1.99,36.9,0.0,0.0
9.13,4.39,45.13,0.0,0.0
10.47,1.73,47.58,0.0,0.0
12.72,1.33,45.7,0.0,0.0
14.07,9.59,60.54,0.0,0.0
13.17,4.12,71.37,0.0,0.0
12.27,13.05,68.84,0.0,0.0
11.37,12.25,57.91,0.0,0.0
11.37,2.92,47.24,0.0,0.0
12.72,4.13,48.94,0.0,0.0
12.72,3.06,54.87,0.0,0.0
11.82,2.13,60.0,0.0,0.0
10.92,1.33,57.5,0.0,0.0
10.02,5.32,55.68,0.0,0.0
9.13,5.59,47.88,0.0,0.0
5.08,5.72,42.25,0.0,0.0
2.38,1.99,35.8,0.0,0.0
2.38,0.0,2.53,0.0,0.0
1.92,0.0,0.93,0.0,0.0
2.37,0.0,0.4,0.0,0.0
1.92,0.0,18.59,0.0,0.0
3.27,0.0,16.13,0.0,0.0
6.43,0.0,22.88,0.0,0.0
6.88,2.06,26.67,0.0,0.0
7.78,2.0,38.79,0.0,0.0
9.13,4.4,47.12,0.0,0.0
10.47,1.74,51.04,0.0,0.0
12.72,1.33,48.82,0.0,0.0
14.07,9.6,57.38,0.0,0.0
13.17,4.14,66.03,0.0,0.0
12.27,13.08,59.78,0.0,0.0
11.37,12.27,44.12,0.0,0.0
11.37,2.94,35.1,0.0,0.0
12.72,4.14,42.47,0.0,0.0
12.72,3.07,52.38,0.0,0.0
11.82,2.13,56.98,0.0,0.0
10.92,1.33,53.78,0.0,0.0
10.02,5.33,51.03,0.0,0.0
9.13,5.6,43.05,0.0,0.0
5.08,5.74,36.96,0.0,0.0
2.38,2.0,30.35,0.0,0.0
2.38,0.0,1.21,0.0,0.0
1.92,0.0,0.4,0.0,0.0
2.37,0.0,0.0,0.0,0.0
1.92,0.0,16.3,0.0,0.0
3.27,0.0,18.83,0.0,0.0
6.43,0.0,24.79,0.0,0.0
6.88,2.07,26.91,0.0,0.0
7.78,2.02,37.73,0.0,0.0
9.13,4.41,46.73,0.0,0.0
10.47,1.74,50.35,0.0,0.0
12.72,1.34,46.4,0.0,0.0
14.07,9.63,55.3,0.0,0.0
13.17,4.15,65.84,0.0,0.0
12.27,13.11,64.21,0.0,0.0
11.37,12.31,50.9,0.0,0.0
11.37,2.95,40.16,0.0,0.0
12.72,4.14,35.64,0.0,0.0
12.72,3.07,41.79,0.0,0.0
11.82,2.14,51.18,0.0,0.0
10.92,1.34,49.54,0.0,0.0
10.02,5.34,49.71,0.0,0.0
9.13,5.61,42.58,0.0,0.0
5.08,5.75,36.78,0.0,0.0
2.38,2.0,30.26,0.0,0.0
2.38,0.0,1.13,0.0,0.0
1.92,0.0,0.11,0.0,0.0
2.37,0.0,0.21,0.0,0.0
1.92,0.0,15.71,0.0,0.0
3.27,0.0,13.41,0.0,0.0
6.41,0.0,19.21,0.0,0.0
6.88,0.0,21.37,0.0,0.0
7.78,2.07,35.26,0.0,0.0
9.13,2.01,45.98,0.0,0.0
10.47,2.01,49.65,0.0,0.0
12.72,1.34,48.02,0.0,0.0
14.07,9.66,55.04,0.0,0.0
13.17,8.04,60.74,0.0,0.0
12.27,13.14,62.19,0.0,0.0
11.37,12.34,53.2,0.0,0.0
11.37,3.35,47.16,0.0,0.0
12.72,3.35,48.39,0.0,0.0
12.72,3.08,46.71,0.0,0.0
11.82,2.14,51.27,0.0,0.0
10.92,1.34,52.7,0.0,0.0
10.02,5.36,48.66,0.0,0.0
9.13,5.63,45.88,0.0,0.0
5.08,5.76,42.41,0.0,0.0
2.38,0.0,35.23,0.0,0.0
2.38,0.0,1.84,0.0,0.0
1.92,0.0,0.67,0.0,0.0
2.37,0.0,0.0,0.0,0.0
1.92,0.0,16.82,0.0,0.0
3.27,0.0,15.68,0.0,0.0
6.41,0.0,20.22,0.0,0.0
6.88,0.0,21.98,0.0,0.0
7.78,2.08,35.52,0.0,0.0
9.13,2.04,45.46,0.0,0.0
10.47,2.01,42.87,0.0,0.0
12.72,1.35,44.65,0.0,0.0
14.07,9.68,49.54,0.0,0.0
13.17,8.06,55.99,0.0,0.0
12.27,13.17,55.21,0.0,0.0
11.37,12.37,47.14,0.0,0.0
11.37,3.36,41.6,0.0,0.0
12.72,3.36,45.75,0.0,0.0
12.72,3.09,49.45,0.0,0.0
11.82,2.15,50.03,0.0,0.0
10.92,1.34,48.27,0.0,0.0
10.02,5.37,46.85,0.0,0.0
9.13,5.64,40.23,0.0,0.0
5.08,5.78,34.82,0.0,0.0
2.38,0.0,30.74,0.0,0.0
2.38,0.0,1.23,0.0,0.0
1.92,0.0,0.58,0.0,0.0
2.37,0.0,0.33,0.0,0.0
1.92,0.0,18.55,0.0,0.0
3.27,0.0,16.25,0.0,0.0
6.43,0.0,20.81,0.0,0.0
6.88,2.08,23.84,0.0,0.0
7.78,2.04,31.48,0.0,0.0
9.13,4.44,36.46,0.0,0.0
10.47,1.75,38.79,0.0,0.0
12.72,1.35,39.03,0.0,0.0
14.07,9.7,48.75,0.0,0.0
13.17,4.18,57.77,0.0,0.0
12.27,13.2,56.86,0.0,0.0
11.37,12.39,50.71,0.0,0.0
11.37,2.97,45.93,0.0,0.0
12.72,4.17,48.09,0.0,0.0
12.72,3.1,52.14,0.0,0.0
11.82,2.15,56.67,0.0,0.0
10.92,1.35,55.25,0.0,0.0
10.02,5.38,51.02,0.0,0.0
9.13,5.66,40.89,0.0,0.0
5.08,5.79,34.23,0.0,0.0
2.38,2.02,29.34,0.0,0.0
2.38,0.0,1.46,0.0,0.0
1.92,0.0,0.62,0.0,0.0
2.37,0.0,0.3,0.0,0.0
1.92,0.0,13.34,0.0,0.0
3.27,0.0,16.27,0.0,0.0
6.43,0.0,20.48,0.0,0.0
6.88,2.09,20.25,0.0,0.0
7.78,2.03,24.49,0.0,0.0
9.13,4.45,29.25,0.0,0.0
10.47,1.76,31.83,0.0,0.0
12.72,1.35,31.4,0.0,0.0
14.07,9.72,40.55,0.0,0.0
13.17,4.19,46.86,0.0,0.0
12.27,13.23,44.31,0.0,0.0
11.37,12.42,40.16,0.0,0.0
11.37,2.97,38.13,0.0,0.0
12.72,4.19,40.88,0.0,0.0
12.72,3.1,44.12,0.0,0.0
11.82,2.16,47.4,0.0,0.0
10.92,1.35,46.4,0.0,0.0
10.02,5.4,46.36,0.0,0.0
9.13,5.67,39.11,0.0,0.0
5.08,5.8,32.57,0.0,0.0
2.38,2.02,26.3,0.0,0.0
2.38,0.0,1.05,0.0,0.0
1.92,0.0,0.17,0.0,0.0
2.37,0.0,0.0,0.0,0.0
1.92,0.0,12.08,0.0,0.0
3.27,0.0,10.77,0.0,0.0
6.43,0.0,13.97,0.0,0.0
6.88,2.09,16.16,0.0,0.0
7.78,2.03,23.2,0.0,0.0
9.13,4.47,31.73,0.0,0.0
10.47,1.76,33.1,0.0,0.0
12.72,1.35,30.73,0.0,0.0
14.07,9.74,38.24,0.0,0.0
13.17,4.19,45.12,0.0,0.0
12.27,13.26,44.52,0.0,0.0
11.37,12.46,39.33,0.0,0.0
11.37,2.98,35.72,0.0,0.0
12.72,4.2,35.15,0.0,0.0
12.72,3.11,35.62,0.0,0.0
11.82,2.16,35.35,0.0,0.0
10.92,1.35,31.32,0.0,0.0
10.02,5.41,29.25,0.0,0.0
9.13,5.68,22.8,0.0,0.0
5.08,5.82,16.93,0.0,0.0
2.38,2.03,12.32,0.0,0.0
2.38,0.0,0.14,0.0,0.0
1.92,0.0,0.0,0.0,0.0
2.37,0.0,0.0,0.0,0.0
1.92,0.0,3.99,0.0,0.0
3.27,0.0,3.36,0.0,0.0
6.43,0.0,4.29,0.0,0.0
6.88,2.09,5.41,0.0,0.0
7.78,2.03,8.41,0.0,0.0
9.13,4.48,16.8,0.0,0.0
10.47,1.76,20.86,0.0,0.0
12.72,1.35,21.64,0.0,0.0
14.07,9.77,26.41,0.0,0.0
13.17,4.2,31.08,0.0,0.0
12.27,13.3,30.96,0.0,0.0
11.37,12.48,27.86,0.0,0.0
11.37,2.99,24.83,0.0,0.0
12.72,4.2,25.53,0.0,0.0
12.72,3.12,27.33,0.0,0.0
11.82,2.17,28.09,0.0,0.0
10.92,1.36,26.14,0.0,0.0
10.02,5.42,24.58,0.0,0.0
9.13,5.7,20.57,0.0,0.0
5.08,5.84,16.6,0.0,0.0
2.38,2.03,12.03,0.0,0.0
2.38,0.0,0.08,0.0,0.0
1.92,0.0,0.0,0.0,0.0
2.37,0.0,0.0,0.0,0.0
1.92,0.0,2.75,0.0,0.0
3.27,0.0,4.39,0.0,0.0
6.43,0.0,6.54,0.0,0.0
6.88,2.1,4.99,0.0,0.0
7.78,2.04,5.82,0.0,0.0
9.13,4.48,18.55,0.0,0.0
10.47,1.77,24.8,0.0,0.0
12.72,1.36,25.12,0.0,0.0
14.07,9.78,29.82,0.0,0.0
13.17,4.22,32.8,0.0,0.0
12.27,13.33,32.87,0.0,0.0
11.37,12.52,30.01,0.0,0.0
11.37,2.99,26.51,0.0,0.0
12.72,4.22,27.53,0.0,0.0
12.72,3.13,29.53,0.0,0.0
11.82,2.18,29.57,0.0,0.0
10.92,1.36,26.12,0.0,0.0
10.02,5.44,22.89,0.0,0.0
9.13,5.71,18.83,0.0,0.0
5.08,5.84,15.35,0.0,0.0
2.38,2.04,10.83,0.0,0.0
2.38,0.0,0.01,0.0,0.0
1.92,0.0,0.0,0.0,0.0
2.37,0.0,0.0,0.0,0.0
1.92,0.0,2.85,0.0,0.0
3.27,0.0,2.49,0.0,0.0
6.41,0.0,4.09,0.0,0.0
6.88,0.0,4.38,0.0,0.0
7.78,2.1,11.83,0.0,0.0
9.13,2.04,24.49,0.0,0.0
10.47,2.04,29.11,0.0,0.0
12.72,1.36,28.09,0.0,0.0
14.07,9.82,31.45,0.0,0.0
13.17,8.18,34.34,0.0,0.0
12.27,13.37,34.81,0.0,0.0
11.37,12.55,31.16,0.0,0.0
11.37,3.41,28.96,0.0,0.0
12.72,3.41,28.2,0.0,0.0
12.72,3.14,27.15,0.0,0.0
11.82,2.18,30.13,0.0,0.0
10.92,1.36,30.43,0.0,0.0
10.02,5.45,27.56,0.0,0.0
9.13,5.72,25.68,0.0,0.0
5.08,5.86,20.62,0.0,0.0
2.38,0.0,12.33,0.0,0.0
2.38,0.0,0.0,0.0,0.0
1.92,0.0,0.0,0.0,0.0
2.37,0.0,0.0,0.0,0.0
1.92,0.0,1.7,0.0,0.0
3.27,0.0,1.16,0.0,0.0
6.41,0.0,2.29,0.0,0.0
6.88,0.0,2.75,0.0,0.0
7.78,2.11,10.71,0.0,0.0
9.13,2.05,22.37,0.0,0.0
10.47,2.05,23.65,0.0,0.0
12.72,1.36,26.93,0.0,0.0
14.07,9.85,30.54,0.0,0.0
13.17,8.2,34.95,0.0,0.0
12.27,13.4,35.62,0.0,0.0
11.37,12.58,32.27,0.0,0.0
11.37,3.42,30.4,0.0,0.0
12.72,3.41,31.75,0.0,0.0
12.72,3.14,31.68,0.0,0.0
11.82,2.19,31.06,0.0,0.0
10.92,1.36,30.42,0.0,0.0
10.02,5.47,30.01,0.0,0.0
9.13,5.74,23.05,0.0,0.0
5.08,5.87,16.37,0.0,0.0
2.38,0.0,11.55,0.0,0.0
2.38,0.0,0.03,0.0,0.0
1.92,0.0,0.0,0.0,0.0
2.37,0.0,0.0,0.0,0.0
1.92,0.0,2.16,0.0,0.0
3.27,0.0,1.83,0.0,0.0
6.43,0.0,3.54,0.0,0.0
6.88,2.12,5.35,0.0,0.0
7.78,2.07,14.83,0.0,0.0
9.13,4.52,26.45,0.0,0.0
10.47,1.78,33.17,0.0,0.0
12.72,1.37,35.74,0.0,0.0
14.07,9.86,46.67,0.0,0.0
13.17,4.25,56.65,0.0,0.0
12.27,13.43,54.45,0.0,0.0
11.37,12.61,46.71,0.0,0.0
11.37,3.01,42.99,0.0,0.0
12.72,4.25,46.89,0.0,0.0
12.72,3.15,49.08,0.0,0.0
11.82,2.19,49.09,0.0,0.0
10.92,1.37,46.36,0.0,0.0
10.02,5.48,46.32,0.0,0.0
9.13,5.75,41.57,0.0,0.0
5.08,5.89,35.92,0.0,0.0
2.38,2.06,28.7,0.0,0.0
2.38,0.0,0.88,0.0,0.0
1.92,0.0,0.0,0.0,0.0
2.37,0.0,0.0,0.0,0.0
1.92,0.0,9.71,0.0,0.0
3.27,0.0,13.23,0.0,0.0
6.43,0.0,25.47,0.0,0.0
6.88,2.11,26.18,0.0,0.0
7.78,2.06,32.59,0.0,0.0
9.13,4.53,39.13,0.0,0.0
10.47,1.79,44.1,0.0,0.0
12.72,1.37,42.14,0.0,0.0
14.07,9.89,51.55,0.0,0.0
13.17,4.26,60.59,0.0,0.0
12.27,13.46,56.59,0.0,0.0
11.37,12.64,45.59,0.0,0.0
11.37,3.02,38.31,0.0,0.0
12.72,4.26,38.34,0.0,0.0
12.72,3.16,39.7,0.0,0.0
11.82,2.2,41.6,0.0,0.0
10.92,1.37,39.72,0.0,0.0
10.02,5.5,38.76,0.0,0.0
9.13,5.77,32.64,0.0,0.0
5.08,5.9,26.53,0.0,0.0
2.38,2.06,20.29,0.0,0.0
2.38,0.0,0.31,0.0,0.0
1.92,0.0,0.0,0.0,0.0
2.37,0.0,0.0,0.0,0.0
1.92,0.0,5.85,0.0,0.0
3.27,0.0,4.45,0.0,0.0
6.43,0.0,12.52,0.0,0.0
6.88,2.11,14.86,0.0,0.0
7.78,2.07,22.92,0.0,0.0
9.13,4.54,31.46,0.0,0.0
10.47,1.79,36.64,0.0,0.0
12.72,1.38,37.12,0.0,0.0
14.07,9.91,47.65,0.0,0.0
13.17,4.27,57.84,0.0,0.0
12.27,13.49,56.78,0.0,0.0
11.37,12.68,49.84,0.0,0.0
11.37,3.03,43.45,0.0,0.0
12.72,4.27,43.24,0.0,0.0
12.72,3.17,47.09,0.0,0.0
11.82,2.2,50.4,0.0,0.0
10.92,1.37,48.21,0.0,0.0
10.02,5.51,47.69,0.0,0.0
9.13,5.78,41.31,0.0,0.0
5.08,5.93,34.76,0.0,0.0
2.38,2.06,27.53,0.0,0.0
2.38,0.0,0.87,0.0,0.0
1.92,0.0,0.0,0.0,0.0
2.37,0.0,0.0,0.0,0.0
1.92,0.0,9.98,0.0,0.0
3.27,0.0,9.04,0.0,0.0
6.43,0.0,18.18,0.0,0.0
6.88,2.13,19.43,0.0,0.0
7.78,2.08,24.89,0.0,0.0
9.13,4.55,29.87,0.0,0.0
10.47,1.8,34.43,0.0,0.0
12.72,1.38,35.37,0.0,0.0
14.07,9.93,43.63,0.0,0.0
13.17,4.28,51.58,0.0,0.0
12.27,13.53,49.89,0.0,0.0
11.37,12.71,43.84,0.0,0.0
11.37,3.03,38.46,0.0,0.0
12.72,4.28,38.86,0.0,0.0
12.72,3.18,41.54,0.0,0.0
11.82,2.21,43.99,0.0,0.0
10.92,1.38,42.04,0.0,0.0
10.02,5.52,41.36,0.0,0.0
9.13,5.8,34.5,0.0,0.0
5.08,5.94,28.43,0.0,0.0
2.38,2.07,22.76,0.0,0.0
2.38,0.0,0.7,0.0,0.0
1.92,0.0,0.0,0.0,0.0
2.37,0.0,0.0,0.0,0.0
1.92,0.0,6.72,0.0,0.0
3.27,0.0,6.87,0.0,0.0
6.43,0.0,14.52,0.0,0.0
6.88,2.14,13.99,0.0,0.0
7.78,2.07,16.86,0.0,0.0
9.13,4.57,22.15,0.0,0.0
10.47,1.8,26.72,0.0,0.0
12.72,1.38,28.63,0.0,0.0
14.07,9.98,36.16,0.0,0.0
13.17,4.29,43.98,0.0,0.0
12.27,13.57,44.61,0.0,0.0
11.37,12.73,40.09,0.0,0.0
11.37,3.05,35.36,0.0,0.0
12.72,4.29,35.96,0.0,0.0
12.72,3.18,39.08,0.0,0.0
11.82,2.21,40.48,0.0,0.0
10.92,1.38,36.75,0.0,0.0
10.02,5.54,34.6,0.0,0.0
9.13,5.81,27.58,0.0,0.0
5.08,5.96,20.58,0.0,0.0
2.38,2.07,13.56,0.0,0.0
2.38,0.0,0.04,0.0,0.0
1.92,0.0,0.0,0.0,0.0
2.37,0.0,0.0,0.0,0.0
1.92,0.0,1.38,0.0,0.0
3.27,0.0,0.93,0.0,0.0
6.41,0.0,1.56,0.0,0.0
6.88,0.0,1.54,0.0,0.0
7.78,2.14,2.24,0.0,0.0
9.13,2.1,3.75,0.0,0.0
10.47,2.08,5.81,0.0,0.0
12.72,1.39,11.34,0.0,0.0
14.07,9.98,18.17,0.0,0.0
13.17,8.33,19.02,0.0,0.0
12.27,13.6,20.16,0.0,0.0
11.37,12.77,20.58,0.0,0.0
11.37,3.47,21.19,0.0,0.0
12.72,3.47,21.19,0.0,0.0
12.72,3.19,19.73,0.0,0.0
11.82,2.22,21.18,0.0,0.0
10.92,1.39,21.93,0.0,0.0
10.02,5.55,18.73,0.0,0.0
9.13,5.83,14.56,0.0,0.0
5.08,5.96,9.26,0.0,0.0
2.38,0.0,6.75,0.0,0.0
2.38,0.0,0.0,0.0,0.0
1.92,0.0,0.0,0.0,0.0
2.37,0.0,0.0,0.0,0.0
1.92,0.0,1.9,0.0,0.0
3.27,0.0,1.8,0.0,0.0
6.41,0.0,3.02,0.0,0.0
6.88,0.0,3.18,0.0,0.0
7.78,2.15,5.58,0.0,0.0
9.13,2.11,10.13,0.0,0.0
10.47,2.08,15.64,0.0,0.0
12.72,1.39,23.94,0.0,0.0
14.07,10.02,31.83,0.0,0.0
13.17,8.35,40.22,0.0,0.0
12.27,13.64,41.8,0.0,0.0
11.37,12.8,37.28,0.0,0.0
11.37,3.48,33.17,0.0,0.0
12.72,3.48,32.96,0.0,0.0
12.72,3.2,32.33,0.0,0.0
11.82,2.23,31.38,0.0,0.0
10.92,1.39,31.0,0.0,0.0
10.02,5.56,30.9,0.0,0.0
9.13,5.84,25.39,0.0,0.0
5.08,5.98,19.15,0.0,0.0
2.38,0.0,13.93,0.0,0.0
2.38,0.0,0.09,0.0,0.0
1.92,0.0,0.0,0.0,0.0
2.37,0.0,0.0,0.0,0.0
1.92,0.0,1.94,0.0,0.0
3.27,0.0,1.33,0.0,0.0
6.43,0.0,2.59,0.0,0.0
6.88,2.15,3.64,0.0,0.0
7.78,2.11,7.57,0.0,0.0
9.13,4.6,21.6,0.0,0.0
10.47,1.82,29.3,0.0,0.0
12.72,1.39,30.06,0.0,0.0
14.07,10.04,35.5,0.0,0.0
13.17,4.32,40.54,0.0,0.0
12.27,13.68,39.76,0.0,0.0
11.37,12.84,35.47,0.0,0.0
11.37,3.07,31.84,0.0,0.0
12.72,4.32,32.57,0.0,0.0
12.72,3.21,34.27,0.0,0.0
11.82,2.23,34.22,0.0,0.0
10.92,1.4,31.83,0.0,0.0
10.02,5.58,30.94,0.0,0.0
9.13,5.86,24.65,0.0,0.0
5.08,6.0,18.2,0.0,0.0
2.38,2.09,12.86,0.0,0.0
2.38,0.0,0.03,0.0,0.0
1.92,0.0,0.0,0.0,0.0
2.37,0.0,0.0,0.0,0.0
1.92,0.0,1.58,0.0,0.0
3.27,0.0,4.27,0.0,0.0
6.43,0.0,7.07,0.0,0.0
6.88,2.15,6.17,0.0,0.0
7.78,2.1,9.0,0.0,0.0
9.13,4.61,20.28,0.0,0.0
10.47,1.82,25.73,0.0,0.0
12.72,1.4,27.83,0.0,0.0
14.07,10.07,35.09,0.0,0.0
13.17,4.33,41.33,0.0,0.0
12.27,13.7,43.2,0.0,0.0
11.37,12.88,36.98,0.0,0.0
11.37,3.07,30.89,0.0,0.0
12.72,4.33,30.51,0.0,0.0
12.72,3.22,31.66,0.0,0.0
11.82,2.24,34.37,0.0,0.0
10.92,1.4,34.56,0.0,0.0
10.02,5.59,34.4,0.0,0.0
9.13,5.88,28.12,0.0,0.0
5.08,6.01,21.21,0.0,0.0
2.38,2.1,14.18,0.0,0.0
2.38,0.0,0.01,0.0,0.0
1.92,0.0,0.0,0.0,0.0
2.37,0.0,0.0,0.0,0.0
1.92,0.0,2.06,0.0,0.0
3.27,0.0,1.19,0.0,0.0
6.43,0.0,2.06,0.0,0.0
6.88,2.16,2.72,0.0,0.0
7.78,2.1,4.91,0.0,0.0
9.13,4.63,20.95,0.0,0.0
10.47,1.82,30.22,0.0,0.0
12.72,1.4,31.48,0.0,0.0
14.07,10.09,38.06,0.0,0.0
13.17,4.35,43.36,0.0,0.0
12.27,13.74,41.25,0.0,0.0
11.37,12.91,36.06,0.0,0.0
11.37,3.08,31.07,0.0,0.0
12.72,4.35,30.91,0.0,0.0
12.72,3.22,32.42,0.0,0.0
11.82,2.24,32.9,0.0,0.0
10.92,1.41,30.31,0.0,0.0
10.02,5.61,27.91,0.0,0.0
9.13,5.89,20.72,0.0,0.0
5.08,6.03,14.21,0.0,0.0
2.38,2.1,7.35,0.0,0.0
2.38,0.0,0.0,0.0,0.0
1.92,0.0,0.0,0.0,0.0
2.37,0.0,0.0,0.0,0.0
1.92,0.0,1.51,0.0,0.0
3.27,0.0,0.85,0.0,0.0
6.43,0.0,1.62,0.0,0.0
6.88,2.16,2.56,0.0,0.0
7.78,2.11,4.63,0.0,0.0
9.13,4.64,20.08,0.0,0.0
10.47,1.83,29.1,0.0,0.0
12.72,1.41,32.52,0.0,0.0
14.07,10.12,38.56,0.0,0.0
13.17,4.36,46.07,0.0,0.0
12.27,13.78,46.18,0.0,0.0
11.37,12.94,37.35,0.0,0.0
11.37,3.09,33.48,0.0,0.0
12.72,4.36,35.03,0.0,0.0
12.72,3.23,35.97,0.0,0.0
11.82,2.25,36.83,0.0,0.0
10.92,1.41,34.83,0.0,0.0
10.02,5.62,34.2,0.0,0.0
9.13,5.91,29.3,0.0,0.0
5.08,6.04,23.91,0.0,0.0
2.38,2.11,18.24,0.0,0.0
2.38,0.0,0.23,0.0,0.0
1.92,0.0,0.0,0.0,0.0
2.37,0.0,0.0,0.0,0.0
1.92,0.0,3.58,0.0,0.0
3.27,0.0,7.66,0.0,0.0
6.43,0.0,16.05,0.0,0.0
6.88,2.16,17.79,0.0,0.0
7.78,2.11,25.23,0.0,0.0
9.13,4.65,31.38,0.0,0.0
10.47,1.83,35.51,0.0,0.0
12.72,1.41,35.06,0.0,0.0
14.07,10.14,40.74,0.0,0.0
13.17,4.37,45.96,0.0,0.0
12.27,13.82,44.93,0.0,0.0
11.37,12.97,38.86,0.0,0.0
11.37,3.1,34.49,0.0,0.0
12.72,4.37,35.89,0.0,0.0
12.72,3.24,39.93,0.0,0.0
11.82,2.25,44.1,0.0,0.0
10.92,1.4,41.69,0.0,0.0
10.02,5.64,39.6,0.0,0.0
9.13,5.92,33.12,0.0,0.0
5.08,6.06,27.07,0.0,0.0
2.38,2.11,21.01,0.0,0.0
2.38,0.0,0.29,0.0,0.0
1.92,0.0,0.0,0.0,0.0
2.37,0.0,0.0,0.0,0.0
1.92,0.0,3.65,0.0,0.0
3.27,0.0,3.16,0.0,0.0
6.41,0.0,5.52,0.0,0.0
6.88,0.0,10.07,0.0,0.0
7.78,2.18,22.18,0.0,0.0
9.13,2.12,29.5,0.0,0.0
10.47,2.12,35.33,0.0,0.0
12.72,1.42,36.49,0.0,0.0
14.07,10.18,44.66,0.0,0.0
13.17,8.48,48.63,0.0,0.0
12.27,13.85,49.2,0.0,0.0
11.37,13.0,45.95,0.0,0.0
11.37,3.54,42.87,0.0,0.0
12.72,3.53,41.53,0.0,0.0
12.72,3.25,39.38,0.0,0.0
11.82,2.26,43.57,0.0,0.0
10.92,1.41,43.56,0.0,0.0
10.02,5.65,37.76,0.0,0.0
9.13,5.93,36.37,0.0,0.0
5.08,6.08,33.12,0.0,0.0
2.38,0.0,24.96,0.0,0.0
2.38,0.0,0.31,0.0,0.0
1.92,0.0,0.0,0.0,0.0
2.37,0.0,0.0,0.0,0.0
1.92,0.0,5.4,0.0,0.0
3.27,0.0,4.26,0.0,0.0
6.41,0.0,12.52,0.0,0.0
6.88,0.0,14.86,0.0,0.0
7.78,2.19,26.95,0.0,0.0
9.13,2.14,35.97,0.0,0.0
10.47,2.12,34.72,0.0,0.0
12.72,1.41,38.61,0.0,0.0
14.07,10.2,42.11,0.0,0.0
13.17,8.5,47.07,0.0,0.0
12.27,13.89,47.84,0.0,0.0
11.37,13.05,43.36,0.0,0.0
11.37,3.54,40.81,0.0,0.0
12.72,3.54,42.83,0.0,0.0
12.72,3.26,44.32,0.0,0.0
11.82,2.27,44.96,0.0,0.0
10.92,1.42,45.13,0.0,0.0
10.02,5.67,45.5,0.0,0.0
9.13,5.95,37.53,0.0,0.0
5.08,6.09,29.51,0.0,0.0
2.38,0.0,23.41,0.0,0.0
2.38,0.0,0.28,0.0,0.0
1.92,0.0,0.0,0.0,0.0
2.37,0.0,0.0,0.0,0.0
1.92,0.0,5.28,0.0,0.0
3.27,0.0,4.97,0.0,0.0
6.43,0.0,14.0,0.0,0.0
6.88,2.19,18.02,0.0,0.0
7.78,2.13,27.06,0.0,0.0
9.13,4.69,34.12,0.0,0.0
10.47,1.85,38.03,0.0,0.0
12.72,1.42,39.41,0.0,0.0
14.07,10.22,48.32,0.0,0.0
13.17,4.4,53.88,0.0,0.0
12.27,13.93,52.39,0.0,0.0
11.37,13.07,45.78,0.0,0.0
11.37,3.12,40.48,0.0,0.0
12.72,4.4,41.9,0.0,0.0
12.72,3.27,45.61,0.0,0.0
11.82,2.27,49.95,0.0,0.0
10.92,1.42,48.03,0.0,0.0
10.02,5.68,46.23,0.0,0.0
9.13,5.97,39.45,0.0,0.0
5.08,6.11,32.88,0.0,0.0
2.38,2.13,26.6,0.0,0.0
2.38,0.0,0.83,0.0,0.0
1.92,0.0,0.0,0.0,0.0
2.37,0.0,0.0,0.0,0.0
1.92,0.0,9.94,0.0,0.0
3.27,0.0,10.09,0.0,0.0
6.43,0.0,21.6,0.0,0.0
6.88,2.19,20.04,0.0,0.0
7.78,2.14,26.57,0.0,0.0
9.13,4.7,36.45,0.0,0.0
10.47,1.85,38.9,0.0,0.0
12.72,1.42,37.15,0.0,0.0
14.07,10.25,47.82,0.0,0.0
13.17,4.41,54.6,0.0,0.0
12.27,13.97,49.75,0.0,0.0
11.37,13.11,42.29,0.0,0.0
11.37,3.14,36.83,0.0,0.0
12.72,4.41,39.79,0.0,0.0
12.72,3.28,42.35,0.0,0.0
11.82,2.28,43.9,0.0,0.0
10.92,1.43,42.59,0.0,0.0
10.02,5.7,41.01,0.0,0.0
9.13,5.98,33.59,0.0,0.0
5.08,6.12,25.09,0.0,0.0
2.38,2.13,17.23,0.0,0.0
2.38,0.0,0.14,0.0,0.0
1.92,0.0,0.0,0.0,0.0
2.37,0.0,0.0,0.0,0.0
1.92,0.0,3.05,0.0,0.0
3.27,0.0,2.79,0.0,0.0
6.43,0.0,5.26,0.0,0.0
6.88,2.19,7.11,0.0,0.0
7.78,2.14,19.76,0.0,0.0
9.13,4.71,31.58,0.0,0.0
10.47,1.86,36.0,0.0,0.0
12.72,1.42,36.74,0.0,0.0
14.07,10.28,45.38,0.0,0.0
13.17,4.43,53.89,0.0,0.0
12.27,14.0,50.07,0.0,0.0
11.37,13.14,41.55,0.0,0.0
11.37,3.14,37.13,0.0,0.0
12.72,4.43,38.23,0.0,0.0
12.72,3.28,39.63,0.0,0.0
11.82,2.29,40.11,0.0,0.0
10.92,1.43,38.02,0.0,0.0
10.02,5.71,37.44,0.0,0.0
9.13,6.0,32.63,0.0,0.0
5.08,6.13,26.68,0.0,0.0
2.38,2.14,20.15,0.0,0.0
2.38,0.0,0.27,0.0,0.0
1.92,0.0,0.0,0.0,0.0
2.37,0.0,0.0,0.0,0.0
1.92,0.0,1.49,0.0,0.0
3.27,0.0,0.74,0.0,0.0
6.43,0.0,0.83,0.0,0.0
6.88,2.21,1.12,0.0,0.0
7.78,2.15,1.25,0.0,0.0
9.13,4.73,3.37,0.0,0.0
10.47,1.86,4.66,0.0,0.0
12.72,1.43,6.89,0.0,0.0
14.07,10.31,12.24,0.0,0.0
13.17,4.44,17.31,0.0,0.0
12.27,14.03,18.83,0.0,0.0
11.37,13.18,18.36,0.0,0.0
11.37,3.15,16.42,0.0,0.0
12.72,4.44,16.37,0.0,0.0
12.72,3.29,14.53,0.0,0.0
11.82,2.29,12.76,0.0,0.0
10.92,1.43,11.12,0.0,0.0
10.02,5.73,9.54,0.0,0.0
9.13,6.01,6.36,0.0,0.0
5.08,6.16,4.74,0.0,0.0
2.38,2.15,2.93,0.0,0.0
2.38,0.0,0.0,0.0,0.0
1.92,0.0,0.0,0.0,0.0
2.37,0.0,0.0,0.0,0.0
1.92,0.0,0.49,0.0,0.0
3.27,0.0,1.16,0.0,0.0
6.43,0.0,1.74,0.0,0.0
6.88,2.21,0.62,0.0,0.0
7.78,2.15,0.0,0.0,0.0
9.13,4.74,1.36,0.0,0.0
10.47,1.86,2.5,0.0,0.0
12.72,1.44,4.05,0.0,0.0
14.07,10.33,4.86,0.0,0.0
13.17,4.45,6.93,0.0,0.0
12.27,14.07,9.46,0.0,0.0
11.37,13.22,10.92,0.0,0.0
11.37,3.16,11.43,0.0,0.0
12.72,4.45,12.12,0.0,0.0
12.72,3.3,10.26,0.0,0.0
11.82,2.3,5.82,0.0,0.0
10.92,1.43,4.7,0.0,0.0
10.02,5.74,4.03,0.0,0.0
9.13,6.03,3.08,0.0,0.0
5.08,6.18,0.89,0.0,0.0
2.38,2.15,0.51,0.0,0.0
2.38,0.0,0.0,0.0,0.0
1.92,0.0,0.0,0.0,0.0
2.37,0.0,0.0,0.0,0.0
1.92,0.0,0.05,0.0,0.0
3.27,0.0,0.0,0.0,0.0
6.41,0.0,0.04,0.0,0.0
6.88,0.0,0.0,0.0,0.0
7.78,2.22,0.0,0.0,0.0
9.13,2.16,1.19,0.0,0.0
10.47,2.16,5.76,0.0,0.0
12.72,1.44,11.17,0.0,0.0
14.07,10.36,16.75,0.0,0.0
13.17,8.64,19.0,0.0,0.0
12.27,14.1,19.31,0.0,0.0
11.37,13.25,19.23,0.0,0.0
11.37,3.6,18.38,0.0,0.0
12.72,3.59,17.85,0.0,0.0
12.72,3.31,15.95,0.0,0.0
11.82,2.3,13.06,0.0,0.0
10.92,1.44,9.28,0.0,0.0
10.02,5.76,6.66,0.0,0.0
9.13,6.05,6.36,0.0,0.0
5.08,6.18,4.7,0.0,0.0
2.38,0.0,1.86,0.0,0.0
2.38,0.0,0.0,0.0,0.0
1.92,0.0,0.0,0.0,0.0
2.37,0.0,0.0,0.0,0.0
1.92,0.0,0.32,0.0,0.0
3.27,0.0,0.16,0.0,0.0
6.41,0.0,0.13,0.0,0.0
6.88,0.0,0.0,0.0,0.0
7.78,2.23,1.02,0.0,0.0
9.13,2.19,5.8,0.0,0.0
10.47,2.16,13.24,0.0,0.0
12.72,1.44,17.92,0.0,0.0
14.07,10.39,19.71,0.0,0.0
13.17,8.66,21.72,0.0,0.0
12.27,14.15,20.21,0.0,0.0
11.37,13.28,17.06,0.0,0.0
11.37,3.6,16.11,0.0,0.0
12.72,3.61,16.56,0.0,0.0
12.72,3.32,16.35,0.0,0.0
11.82,2.31,13.46,0.0,0.0
10.92,1.44,9.71,0.0,0.0
10.02,5.77,7.83,0.0,0.0
9.13,6.06,6.81,0.0,0.0
5.08,6.21,3.8,0.0,0.0
2.38,0.0,1.77,0.0,0.0
2.38,0.0,0.0,0.0,0.0
1.92,0.0,0.0,0.0,0.0
2.37,0.0,0.0,0.0,0.0
1.92,0.0,0.3,0.0,0.0
3.27,0.0,0.15,0.0,0.0
6.43,0.0,0.26,0.0,0.0
6.88,2.23,0.0,0.0,0.0
7.78,2.17,0.01,0.0,0.0
9.13,4.78,5.77,0.0,0.0
10.47,1.88,15.78,0.0,0.0
12.72,1.45,18.5,0.0,0.0
14.07,10.41,23.5,0.0,0.0
13.17,4.49,27.6,0.0,0.0
12.27,14.19,27.1,0.0,0.0
11.37,13.31,24.06,0.0,0.0
11.37,3.18,21.71,0.0,0.0
12.72,4.48,21.61,0.0,0.0
12.72,3.33,20.85,0.0,0.0
11.82,2.32,19.46,0.0,0.0
10.92,1.45,15.31,0.0,0.0
10.02,5.79,11.71,0.0,0.0
9.13,6.07,7.2,0.0,0.0
5.08,6.22,5.09,0.0,0.0
2.38,2.17,2.74,0.0,0.0
2.38,0.0,0.0,0.0,0.0
1.92,0.0,0.0,0.0,0.0
2.37,0.0,0.0,0.0,0.0
1.92,0.0,0.69,0.0,0.0
3.27,0.0,1.76,0.0,0.0
6.43,0.0,2.96,0.0,0.0
6.88,2.24,2.72,0.0,0.0
7.78,2.17,3.66,0.0,0.0
9.13,4.79,10.44,0.0,0.0
10.47,1.88,17.81,0.0,0.0
12.72,1.45,22.07,0.0,0.0
14.07,10.44,29.76,0.0,0.0
13.17,4.5,35.91,0.0,0.0
12.27,14.22,35.22,0.0,0.0
11.37,13.34,30.35,0.0,0.0
11.37,3.19,27.99,0.0,0.0
12.72,4.5,29.55,0.0,0.0
12.72,3.34,31.51,0.0,0.0
11.82,2.32,32.57,0.0,0.0
10.92,1.45,30.37,0.0,0.0
10.02,5.8,28.5,0.0,0.0
9.13,6.09,23.04,0.0,0.0
5.08,6.24,17.35,0.0,0.0
2.38,2.17,11.88,0.0,0.0
2.38,0.0,0.01,0.0,0.0
1.92,0.0,0.0,0.0,0.0
2.37,0.0,0.0,0.0,0.0
1.92,0.0,2.14,0.0,0.0
3.27,0.0,2.11,0.0,0.0
6.43,0.0,4.65,0.0,0.0
6.88,2.24,6.81,0.0,0.0
7.78,2.18,11.14,0.0,0.0
9.13,4.8,18.72,0.0,0.0
10.47,1.89,24.58,0.0,0.0
12.72,1.45,29.25,0.0,0.0
14.07,10.46,38.18,0.0,0.0
13.17,4.51,42.39,0.0,0.0
12.27,14.26,39.24,0.0,0.0
11.37,13.38,34.85,0.0,0.0
11.37,3.2,30.38,0.0,0.0
12.72,4.51,30.14,0.0,0.0
12.72,3.35,30.29,0.0,0.0
11.82,2.33,31.3,0.0,0.0
10.92,1.45,31.04,0.0,0.0
10.02,5.81,30.95,0.0,0.0
9.13,6.1,26.28,0.0,0.0
5.08,6.26,19.98,0.0,0.0
2.38,2.18,12.88,0.0,0.0
2.38,0.0,0.0,0.0,0.0
1.92,0.0,0.0,0.0,0.0
2.37,0.0,0.0,0.0,0.0
1.92,0.0,1.82,0.0,0.0
3.27,0.0,1.51,0.0,0.0
6.43,0.0,4.6,0.0,0.0
6.88,2.24,5.6,0.0,0.0
7.78,2.19,6.42,0.0,0.0
9.13,4.81,15.15,0.0,0.0
10.47,1.9,22.01,0.0,0.0
12.72,1.45,26.04,0.0,0.0
14.07,10.49,34.66,0.0,0.0
13.17,4.52,39.91,0.0,0.0
12.27,14.29,36.5,0.0,0.0
11.37,13.41,31.13,0.0,0.0
11.37,3.21,27.29,0.0,0.0
12.72,4.52,26.01,0.0,0.0
12.72,3.35,26.77,0.0,0.0
11.82,2.33,27.22,0.0,0.0
10.92,1.46,25.15,0.0,0.0
10.02,5.83,24.69,0.0,0.0
9.13,6.12,20.21,0.0,0.0
5.08,6.27,15.27,0.0,0.0
2.38,2.19,7.62,0.0,0.0
2.38,0.0,0.0,0.0,0.0
1.92,0.0,0.0,0.0,0.0
2.37,0.0,0.0,0.0,0.0
1.92,0.0,0.94,0.0,0.0
3.27,0.0,2.78,0.0,0.0
6.43,0.0,4.12,0.0,0.0
6.88,2.24,3.29,0.0,0.0
7.78,2.19,3.81,0.0,0.0
9.13,4.82,11.67,0.0,0.0
10.47,1.91,20.79,0.0,0.0
12.72,1.46,25.12,0.0,0.0
14.07,10.53,33.85,0.0,0.0
13.17,4.53,41.52,0.0,0.0
12.27,14.32,38.7,0.0,0.0
11.37,13.46,32.73,0.0,0.0
11.37,3.21,30.26,0.0,0.0
12.72,4.53,31.88,0.0,0.0
12.72,3.36,32.93,0.0,0.0
11.82,2.34,32.11,0.0,0.0
10.92,1.46,29.34,0.0,0.0
10.02,5.84,27.41,0.0,0.0
9.13,6.14,22.81,0.0,0.0
5.08,6.29,16.3,0.0,0.0
2.38,2.19,6.98,0.0,0.0
2.38,0.0,0.0,0.0,0.0
1.92,0.0,0.0,0.0,0.0
2.37,0.0,0.0,0.0,0.0
1.92,0.0,1.29,0.0,0.0
3.27,0.0,0.7,0.0,0.0
6.41,0.0,3.08,0.0,0.0
6.88,0.0,5.2,0.0,0.0
7.78,2.25,6.62,0.0,0.0
9.13,2.2,12.02,0.0,0.0
10.47,2.2,23.2,0.0,0.0
12.72,1.46,27.5,0.0,0.0
14.07,10.55,33.47,0.0,0.0
13.17,8.79,36.35,0.0,0.0
12.27,14.37,37.77,0.0,0.0
11.37,13.49,34.57,0.0,0.0
11.37,3.66,32.36,0.0,0.0
12.72,3.67,31.91,0.0,0.0
12.72,3.37,29.47,0.0,0.0
11.82,2.34,30.53,0.0,0.0
10.92,1.46,29.35,0.0,0.0
10.02,5.87,24.59,0.0,0.0
9.13,6.16,19.62,0.0,0.0
5.08,6.3,9.89,0.0,0.0
2.38,0.0,5.27,0.0,0.0
2.38,0.0,0.0,0.0,0.0
1.92,0.0,0.0,0.0,0.0
2.37,0.0,0.0,0.0,0.0
1.92,0.0,1.0,0.0,0.0
3.27,0.0,0.3,0.0,0.0
6.41,0.0,0.88,0.0,0.0
6.88,0.0,0.61,0.0,0.0
7.78,2.27,2.95,0.0,0.0
9.13,2.22,13.53,0.0,0.0
10.47,2.2,22.11,0.0,0.0
12.72,1.46,27.26,0.0,0.0
14.07,10.58,31.98,0.0,0.0
13.17,8.82,36.48,0.0,0.0
12.27,14.4,36.71,0.0,0.0
11.37,13.52,31.47,0.0,0.0
11.37,3.68,29.78,0.0,0.0
12.72,3.67,29.63,0.0,0.0
12.72,3.38,27.03,0.0,0.0
11.82,2.35,24.39,0.0,0.0
10.92,1.47,22.28,0.0,0.0
10.02,5.88,21.01,0.0,0.0
9.13,6.16,14.79,0.0,0.0
5.08,6.32,7.35,0.0,0.0
2.38,0.0,4.88,0.0,0.0
2.38,0.0,0.0,0.0,0.0
1.92,0.0,0.0,0.0,0.0
2.37,0.0,0.0,0.0,0.0
1.92,0.0,1.0,0.0,0.0
3.27,0.0,0.25,0.0,0.0
6.43,0.0,0.38,0.0,0.0
6.88,2.27,0.63,0.0,0.0
7.78,2.21,3.02,0.0,0.0
9.13,4.87,13.32,0.0,0.0
10.47,1.91,24.55,0.0,0.0
12.72,1.47,28.48,0.0,0.0
14.07,10.6,36.43,0.0,0.0
13.17,4.57,42.03,0.0,0.0
12.27,14.45,38.11,0.0,0.0
11.37,13.55,31.9,0.0,0.0
11.37,3.24,29.52,0.0,0.0
12.72,4.57,30.98,0.0,0.0
12.72,3.39,32.35,0.0,0.0
11.82,2.36,34.66,0.0,0.0
10.92,1.47,34.41,0.0,0.0
10.02,5.89,33.47,0.0,0.0
9.13,6.19,27.12,0.0,0.0
5.08,6.33,19.52,0.0,0.0
2.38,2.21,13.29,0.0,0.0
2.38,0.0,0.06,0.0,0.0
1.92,0.0,0.0,0.0,0.0
2.37,0.0,0.0,0.0,0.0
1.92,0.0,2.23,0.0,0.0
3.27,0.0,5.51,0.0,0.0
6.43,0.0,8.2,0.0,0.0
6.88,2.25,7.05,0.0,0.0
7.78,2.21,9.85,0.0,0.0
9.13,4.87,20.81,0.0,0.0
10.47,1.91,26.59,0.0,0.0
12.72,1.48,28.18,0.0,0.0
14.07,10.63,35.42,0.0,0.0
13.17,4.58,42.15,0.0,0.0
12.27,14.48,41.76,0.0,0.0
11.37,13.59,35.96,0.0,0.0
11.37,3.25,30.99,0.0,0.0
12.72,4.58,29.93,0.0,0.0
12.72,3.4,30.65,0.0,0.0
11.82,2.36,32.45,0.0,0.0
10.92,1.47,31.0,0.0,0.0
10.02,5.9,29.86,0.0,0.0
9.13,6.21,23.94,0.0,0.0
5.08,6.35,15.59,0.0,0.0
2.38,2.21,8.62,0.0,0.0
2.38,0.0,0.0,0.0,0.0
2.38,0.0,0.0,0.0,0.0
1.92,0.0,0.0,0.0,0.0
2.37,0.0,0.0,0.0,0.0
1.92,0.0,1.21,0.0,0.0
3.27,0.0,1.02,0.0,0.0
6.43,0.0,3.51,0.0,0.0
6.88,2.27,10.32,0.0,0.0
7.78,2.22,21.55,0.0,0.0
9.13,4.88,30.26,0.0,0.0
10.47,1.93,33.46,0.0,0.0
12.72,1.47,33.85,0.0,0.0
14.07,10.67,41.4,0.0,0.0
13.17,4.59,44.79,0.0,0.0
12.27,14.51,41.45,0.0,0.0
11.37,13.63,35.87,0.0,0.0
11.37,3.26,32.07,0.0,0.0
12.72,4.59,30.33,0.0,0.0
12.72,3.4,30.22,0.0,0.0
11.82,2.37,32.16,0.0,0.0
10.92,1.48,30.14,0.0,0.0
10.02,5.92,26.88,0.0,0.0
9.13,6.21,21.61,0.0,0.0
5.08,6.37,15.32,0.0,0.0
2.38,2.22,6.96,0.0,0.0
2.38,0.0,0.0,0.0,0.0
1.92,0.0,0.0,0.0,0.0
2.37,0.0,0.0,0.0,0.0
1.92,0.0,1.68,0.0,0.0
3.27,0.0,0.78,0.0,0.0
6.43,0.0,2.04,0.0,0.0
6.88,2.27,4.49,0.0,0.0
7.78,2.23,14.86,0.0,0.0
9.13,4.89,26.51,0.0,0.0
10.47,1.93,29.28,0.0,0.0
12.72,1.48,27.91,0.0,0.0
14.07,10.69,35.02,0.0,0.0
13.17,4.6,41.76,0.0,0.0
12.27,14.55,40.96,0.0,0.0
11.37,13.66,36.04,0.0,0.0
11.37,3.26,31.03,0.0,0.0
12.72,4.6,31.02,0.0,0.0
12.72,3.42,33.77,0.0,0.0
11.82,2.37,37.48,0.0,0.0
10.92,1.48,36.18,0.0,0.0
10.02,5.93,32.61,0.0,0.0
9.13,6.24,26.67,0.0,0.0
5.08,6.38,19.0,0.0,0.0
2.38,2.23,12.15,0.0,0.0
2.38,0.0,0.04,0.0,0.0
1.92,0.0,0.0,0.0,0.0
2.37,0.0,0.0,0.0,0.0
1.92,0.0,1.32,0.0,0.0
3.27,0.0,3.02,0.0,0.0
6.43,0.0,4.37,0.0,0.0
6.88,2.29,3.66,0.0,0.0
7.78,2.23,3.38,0.0,0.0
9.13,4.91,8.09,0.0,0.0
10.47,1.93,14.85,0.0,0.0
12.72,1.49,18.9,0.0,0.0
14.07,10.71,24.22,0.0,0.0
13.17,4.61,26.15,0.0,0.0
12.27,14.58,25.61,0.0,0.0
11.37,13.7,23.8,0.0,0.0
11.37,3.27,20.65,0.0,0.0
12.72,4.62,21.09,0.0,0.0
12.72,3.42,24.18,0.0,0.0
11.82,2.38,26.14,0.0,0.0
10.92,1.48,24.73,0.0,0.0
10.02,5.95,23.72,0.0,0.0
9.13,6.25,20.27,0.0,0.0
5.08,6.4,14.66,0.0,0.0
2.38,2.23,8.46,0.0,0.0
2.38,0.0,0.0,0.0,0.0
1.92,0.0,0.0,0.0,0.0
2.37,0.0,0.0,0.0,0.0
1.92,0.0,0.87,0.0,0.0
3.27,0.0,0.32,0.0,0.0
6.41,0.0,0.76,0.0,0.0
6.88,0.0,1.76,0.0,0.0
7.78,2.3,5.16,0.0,0.0
9.13,2.24,12.04,0.0,0.0
10.47,2.24,16.71,0.0,0.0
12.72,1.49,17.5,0.0,0.0
14.07,10.74,21.64,0.0,0.0
13.17,8.95,23.22,0.0,0.0
12.27,14.63,21.84,0.0,0.0
11.37,13.73,19.15,0.0,0.0
11.37,3.73,17.14,0.0,0.0
12.72,3.73,14.03,0.0,0.0
12.72,3.43,10.75,0.0,0.0
11.82,2.39,10.07,0.0,0.0
10.92,1.49,9.1,0.0,0.0
10.02,5.97,7.56,0.0,0.0
9.13,6.26,7.49,0.0,0.0
5.08,6.42,5.42,0.0,0.0
2.38,0.0,3.62,0.0,0.0
2.38,0.0,0.0,0.0,0.0
1.92,0.0,0.0,0.0,0.0
2.37,0.0,0.0,0.0,0.0
1.92,0.0,0.97,0.0,0.0
3.27,0.0,0.51,0.0,0.0
6.41,0.0,1.34,0.0,0.0
6.88,0.0,2.15,0.0,0.0
7.78,2.3,5.42,0.0,0.0
9.13,2.24,14.27,0.0,0.0
10.47,2.24,18.2,0.0,0.0
12.72,1.5,22.49,0.0,0.0
14.07,10.76,23.87,0.0,0.0
13.17,8.97,21.51,0.0,0.0
12.27,14.67,15.24,0.0,0.0
11.37,13.76,11.31,0.0,0.0
11.37,3.74,11.1,0.0,0.0
12.72,3.73,11.31,0.0,0.0
12.72,3.44,10.82,0.0,0.0
11.82,2.39,10.26,0.0,0.0
10.92,1.49,11.23,0.0,0.0
10.02,5.98,13.91,0.0,0.0
9.13,6.29,14.18,0.0,0.0
5.08,6.43,8.49,0.0,0.0
2.38,0.0,5.22,0.0,0.0
2.38,0.0,0.0,0.0,0.0
1.92,0.0,0.0,0.0,0.0
2.37,0.0,0.0,0.0,0.0
1.92,0.0,1.3,0.0,0.0
3.27,0.0,0.87,0.0,0.0
6.43,0.0,2.35,0.0,0.0
6.88,2.31,4.06,0.0,0.0
7.78,2.25,4.63,0.0,0.0
9.13,4.95,6.78,0.0,0.0
10.47,1.95,8.6,0.0,0.0
12.72,1.5,14.16,0.0,0.0
14.07,10.79,23.22,0.0,0.0
13.17,4.65,27.92,0.0,0.0
12.27,14.69,26.16,0.0,0.0
11.37,13.8,21.42,0.0,0.0
11.37,3.3,17.08,0.0,0.0
12.72,4.65,11.27,0.0,0.0
12.72,3.45,10.32,0.0,0.0
11.82,2.39,9.96,0.0,0.0
10.92,1.5,9.76,0.0,0.0
10.02,6.0,9.74,0.0,0.0
9.13,6.29,9.48,0.0,0.0
5.08,6.45,5.84,0.0,0.0
2.38,2.25,3.57,0.0,0.0
2.38,0.0,0.0,0.0,0.0
1.92,0.0,0.0,0.0,0.0
2.37,0.0,0.0,0.0,0.0
1.92,0.0,0.59,0.0,0.0
3.27,0.0,2.47,0.0,0.0
6.43,0.0,4.46,0.0,0.0
6.88,2.3,3.77,0.0,0.0
7.78,2.25,2.72,0.0,0.0
9.13,4.96,4.6,0.0,0.0
10.47,1.95,5.19,0.0,0.0
12.72,1.51,7.1,0.0,0.0
14.07,10.82,11.93,0.0,0.0
13.17,4.66,12.41,0.0,0.0
12.27,14.73,10.89,0.0,0.0
11.37,13.83,9.94,0.0,0.0
11.37,3.31,8.42,0.0,0.0
12.72,4.66,8.42,0.0,0.0
12.72,3.46,8.29,0.0,0.0
11.82,2.4,8.11,0.0,0.0
10.92,1.5,8.0,0.0,0.0
10.02,6.01,7.96,0.0,0.0
9.13,6.31,8.19,0.0,0.0
5.08,6.47,5.01,0.0,0.0
2.38,2.25,2.69,0.0,0.0
2.38,0.0,0.0,0.0,0.0
1.92,0.0,0.0,0.0,0.0
2.37,0.0,0.0,0.0,0.0
1.92,0.0,0.22,0.0,0.0
3.27,0.0,0.02,0.0,0.0
6.43,0.0,0.22,0.0,0.0
6.88,2.31,0.0,0.0,0.0
7.78,2.26,0.0,0.0,0.0
9.13,4.97,1.01,0.0,0.0
10.47,1.95,2.17,0.0,0.0
12.72,1.51,4.21,0.0,0.0
14.07,10.85,5.06,0.0,0.0
13.17,4.67,5.43,0.0,0.0
12.27,14.77,5.54,0.0,0.0
11.37,13.86,5.49,0.0,0.0
11.37,3.31,5.23,0.0,0.0
12.72,4.67,4.63,0.0,0.0
12.72,3.47,4.09,0.0,0.0
11.82,2.41,3.79,0.0,0.0
10.92,1.5,3.71,0.0,0.0
10.02,6.03,3.99,0.0,0.0
9.13,6.32,3.88,0.0,0.0
5.08,6.49,0.4,0.0,0.0
2.38,2.26,0.97,0.0,0.0
2.38,0.0,0.0,0.0,0.0
1.92,0.0,0.0,0.0,0.0
2.37,0.0,0.0,0.0,0.0
1.92,0.0,0.19,0.0,0.0
3.27,0.0,0.02,0.0,0.0
6.41,0.0,0.13,0.0,0.0
6.88,0.0,0.0,0.0,0.0
7.78,2.32,0.0,0.0,0.0
9.13,2.26,0.12,0.0,0.0
10.47,2.26,1.23,0.0,0.0
12.72,1.5,2.8,0.0,0.0
14.07,10.88,4.42,0.0,0.0
13.17,9.06,4.97,0.0,0.0
12.27,14.8,4.97,0.0,0.0
11.37,13.9,4.73,0.0,0.0
11.37,3.78,4.6,0.0,0.0
12.72,3.77,4.23,0.0,0.0
12.72,3.48,3.75,0.0,0.0
11.82,2.42,3.14,0.0,0.0
10.92,1.5,2.96,0.0,0.0
10.02,6.04,2.76,0.0,0.0
9.13,6.35,2.0,0.0,0.0
5.08,6.49,0.0,0.0,0.0
2.38,0.0,0.16,0.0,0.0
2.38,0.0,0.0,0.0,0.0
1.92,0.0,0.0,0.0,0.0
2.37,0.0,0.0,0.0,0.0
1.92,0.0,0.03,0.0,0.0
3.27,0.0,0.19,0.0,0.0
6.43,0.0,0.51,0.0,0.0
6.88,2.33,0.0,0.0,0.0
7.78,2.27,0.0,0.0,0.0
9.13,5.0,0.84,0.0,0.0
10.47,1.97,1.74,0.0,0.0
12.72,1.51,3.87,0.0,0.0
14.07,10.9,5.8,0.0,0.0
13.17,4.69,6.4,0.0,0.0
12.27,14.84,7.09,0.0,0.0
11.37,13.94,8.39,0.0,0.0
11.37,3.33,7.7,0.0,0.0
12.72,4.69,6.43,0.0,0.0
12.72,3.48,6.06,0.0,0.0
11.82,2.42,6.03,0.0,0.0
10.92,1.52,5.83,0.0,0.0
10.02,6.06,5.42,0.0,0.0
9.13,6.36,4.5,0.0,0.0
5.08,6.51,1.81,0.0,0.0
2.38,2.27,0.97,0.0,0.0
2.38,0.0,0.0,0.0,0.0
1.92,0.0,0.0,0.0,0.0
2.37,0.0,0.0,0.0,0.0
1.92,0.0,0.11,0.0,0.0
3.27,0.0,0.0,0.0,0.0
6.41,0.0,0.05,0.0,0.0
6.88,0.0,0.0,0.0,0.0
7.78,2.34,0.0,0.0,0.0
9.13,2.28,0.0,0.0,0.0
10.47,2.28,0.23,0.0,0.0
12.72,1.52,1.87,0.0,0.0
14.07,10.92,3.4,0.0,0.0
13.17,9.11,4.26,0.0,0.0
12.27,14.88,4.8,0.0,0.0
11.37,13.96,5.03,0.0,0.0
11.37,3.8,4.95,0.0,0.0
12.72,3.79,4.64,0.0,0.0
12.72,3.49,4.49,0.0,0.0
11.82,2.43,4.38,0.0,0.0
10.92,1.51,4.15,0.0,0.0
10.02,6.07,3.79,0.0,0.0
9.13,6.38,3.41,0.0,0.0
5.08,6.52,0.33,0.0,0.0
2.38,0.0,0.19,0.0,0.0
2.38,0.0,0.0,0.0,0.0
1.92,0.0,0.0,0.0,0.0
2.37,0.0,0.0,0.0,0.0
1.92,0.0,0.04,0.0,0.0
3.27,0.0,0.0,0.0,0.0
6.41,0.0,0.01,0.0,0.0
6.88,0.0,0.0,0.0,0.0
7.78,2.34,0.0,0.0,0.0
9.13,2.29,0.07,0.0,0.0
10.47,2.28,1.74,0.0,0.0
12.72,1.53,4.04,0.0,0.0
14.07,10.95,5.78,0.0,0.0
13.17,9.13,6.07,0.0,0.0
12.27,14.92,6.29,0.0,0.0
11.37,14.0,7.24,0.0,0.0
11.37,3.81,6.46,0.0,0.0
12.72,3.8,5.38,0.0,0.0
12.72,3.5,3.4,0.0,0.0
11.82,2.44,2.47,0.0,0.0
10.92,1.52,2.68,0.0,0.0
10.02,6.08,1.87,0.0,0.0
9.13,6.4,0.64,0.0,0.0
5.08,6.54,0.0,0.0,0.0
2.38,0.0,0.0,0.0,0.0
2.38,0.0,0.0,0.0,0.0
1.92,0.0,0.0,0.0,0.0
2.37,0.0,0.0,0.0,0.0
1.92,0.0,0.0,0.0,0.0
3.27,0.0,0.0,0.0,0.0
6.43,0.0,0.0,0.0,0.0
6.88,2.35,0.0,0.0,0.0
7.78,2.29,0.0,0.0,0.0
9.13,5.04,0.7,0.0,0.0
10.47,1.98,2.91,0.0,0.0
12.72,1.52,6.35,0.0,0.0
14.07,10.98,15.72,0.0,0.0
13.17,4.72,23.29,0.0,0.0
12.27,14.94,24.28,0.0,0.0
11.37,14.04,21.66,0.0,0.0
11.37,3.36,18.78,0.0,0.0
12.72,4.73,14.21,0.0,0.0
12.72,3.5,8.6,0.0,0.0
11.82,2.44,7.58,0.0,0.0
10.92,1.52,7.2,0.0,0.0
10.02,6.09,6.79,0.0,0.0
9.13,6.41,5.66,0.0,0.0
5.08,6.55,1.85,0.0,0.0
2.38,2.29,1.49,0.0,0.0
2.38,0.0,0.0,0.0,0.0
1.92,0.0,0.0,0.0,0.0
2.37,0.0,0.0,0.0,0.0
1.92,0.0,0.29,0.0,0.0
3.27,0.0,0.0,0.0,0.0
6.43,0.0,0.0,0.0,0.0
6.88,2.35,0.0,0.0,0.0
7.78,2.29,0.0,0.0,0.0
9.13,5.04,3.1,0.0,0.0
10.47,1.99,4.85,0.0,0.0
12.72,1.53,8.67,0.0,0.0
14.07,11.01,13.93,0.0,0.0
13.17,4.74,15.76,0.0,0.0
12.27,14.98,16.83,0.0,0.0
11.37,14.06,16.01,0.0,0.0
11.37,3.36,14.02,0.0,0.0
12.72,4.74,9.38,0.0,0.0
12.72,3.51,5.25,0.0,0.0
11.82,2.44,4.31,0.0,0.0
10.92,1.53,4.21,0.0,0.0
10.02,6.11,4.4,0.0,0.0
9.13,6.42,3.89,0.0,0.0
5.08,6.57,0.5,0.0,0.0
2.38,2.29,0.37,0.0,0.0
2.38,0.0,0.0,0.0,0.0
1.92,0.0,0.0,0.0,0.0
2.37,0.0,0.0,0.0,0.0
1.92,0.0,0.0,0.0,0.0
3.27,0.0,0.0,0.0,0.0
6.43,0.0,0.0,0.0,0.0
6.88,2.36,0.0,0.0,0.0
7.78,2.3,0.0,0.0,0.0
9.13,5.05,2.88,0.0,0.0
10.47,1.99,7.25,0.0,0.0
12.72,1.53,15.09,0.0,0.0
14.07,11.03,21.59,0.0,0.0
13.17,4.75,25.89,0.0,0.0
12.27,15.01,24.88,0.0,0.0
11.37,14.1,21.56,0.0,0.0
11.37,3.37,18.54,0.0,0.0
12.72,4.75,14.23,0.0,0.0
12.72,3.52,8.76,0.0,0.0
11.82,2.45,7.73,0.0,0.0
10.92,1.54,7.29,0.0,0.0
10.02,6.13,6.74,0.0,0.0
9.13,6.43,6.24,0.0,0.0
5.08,6.58,2.78,0.0,0.0
2.38,2.3,2.39,0.0,0.0
2.38,0.0,0.0,0.0,0.0
1.92,0.0,0.0,0.0,0.0
2.37,0.0,0.0,0.0,0.0
1.92,0.0,0.35,0.0,0.0
3.27,0.0,0.17,0.0,0.0
6.43,0.0,0.21,0.0,0.0
6.88,2.36,0.04,0.0,0.0
7.78,2.3,2.03,0.0,0.0
9.13,5.06,8.33,0.0,0.0
10.47,2.0,18.8,0.0,0.0
12.72,1.53,21.17,0.0,0.0
14.07,11.06,24.86,0.0,0.0
13.17,4.76,30.36,0.0,0.0
12.27,15.05,30.98,0.0,0.0
11.37,14.13,26.96,0.0,0.0
11.37,3.38,22.32,0.0,0.0
12.72,4.76,20.23,0.0,0.0
12.72,3.53,19.89,0.0,0.0
11.82,2.45,17.24,0.0,0.0
10.92,1.54,13.48,0.0,0.0
10.02,6.14,9.92,0.0,0.0
9.13,6.45,9.45,0.0,0.0
5.08,6.6,6.25,0.0,0.0
2.38,2.3,4.07,0.0,0.0
2.38,0.0,0.0,0.0,0.0
1.92,0.0,0.0,0.0,0.0
2.37,0.0,0.0,0.0,0.0
1.92,0.0,0.29,0.0,0.0
3.27,0.0,0.26,0.0,0.0
6.43,0.0,0.27,0.0,0.0
6.88,2.37,0.0,0.0,0.0
7.78,2.31,0.0,0.0,0.0
9.13,5.07,0.0,0.0,0.0
10.47,2.0,0.0,0.0,0.0
12.72,1.54,0.04,0.0,0.0
14.07,11.08,1.18,0.0,0.0
13.17,4.78,2.03,0.0,0.0
12.27,15.08,2.5,0.0,0.0
11.37,14.16,2.75,0.0,0.0
11.37,3.39,2.83,0.0,0.0
12.72,4.77,2.46,0.0,0.0
12.72,3.54,2.17,0.0,0.0
11.82,2.46,2.04,0.0,0.0
10.92,1.54,1.5,0.0,0.0
10.02,6.15,1.24,0.0,0.0
9.13,6.47,0.16,0.0,0.0
5.08,6.61,0.0,0.0,0.0
2.38,2.31,0.0,0.0,0.0
2.38,0.0,0.0,0.0,0.0
1.92,0.0,0.0,0.0,0.0
2.37,0.0,0.0,0.0,0.0
1.92,0.0,0.0,0.0,0.0
3.27,0.0,0.0,0.0,0.0
6.41,0.0,0.0,0.0,0.0
6.88,0.0,0.0,0.0,0.0
7.78,2.37,0.0,0.0,0.0
9.13,2.31,0.0,0.0,0.0
10.47,2.31,0.0,0.0,0.0
12.72,1.54,0.0,0.0,0.0
14.07,11.11,0.28,0.0,0.0
13.17,9.26,0.69,0.0,0.0
12.27,15.11,1.27,0.0,0.0
11.37,14.2,1.7,0.0,0.0
11.37,3.86,1.62,0.0,0.0
12.72,3.86,1.12,0.0,0.0
12.72,3.55,0.06,0.0,0.0
11.82,2.46,0.0,0.0,0.0
10.92,1.54,0.0,0.0,0.0
10.02,6.17,0.0,0.0,0.0
9.13,6.48,0.0,0.0,0.0
5.08,6.63,0.0,0.0,0.0
2.38,0.0,0.0,0.0,0.0
2.38,0.0,0.0,0.0,0.0
1.92,0.0,0.0,0.0,0.0
2.37,0.0,0.0,0.0,0.0
1.92,0.0,0.0,0.0,0.0
3.27,0.0,0.0,0.0,0.0
6.41,0.0,0.0,0.0,0.0
6.88,0.0,0.0,0.0,0.0
7.78,2.38,0.0,0.0,0.0
9.13,2.32,0.0,0.0,0.0
10.47,2.32,0.0,0.0,0.0
12.72,1.55,0.46,0.0,0.0
14.07,11.13,2.62,0.0,0.0
13.17,9.28,3.49,0.0,0.0
12.27,15.16,3.57,0.0,0.0
11.37,14.22,3.59,0.0,0.0
11.37,3.87,3.23,0.0,0.0
12.72,3.86,2.26,0.0,0.0
12.72,3.56,0.65,0.0,0.0
11.82,2.47,0.0,0.0,0.0
10.92,1.54,0.0,0.0,0.0
10.02,6.19,0.0,0.0,0.0
9.13,6.49,0.0,0.0,0.0
5.08,6.65,0.0,0.0,0.0
2.38,0.0,0.0,0.0,0.0
2.38,0.0,0.0,0.0,0.0
1.92,0.0,0.0,0.0,0.0
2.37,0.0,0.0,0.0,0.0
1.92,0.0,0.0,0.0,0.0
3.27,0.0,0.0,0.0,0.0
6.43,0.0,0.0,0.0,0.0
6.88,2.36,0.0,0.0,0.0
7.78,2.32,0.0,0.0,0.0
9.13,5.12,0.0,0.0,0.0
10.47,2.02,0.75,0.0,0.0
12.72,1.54,3.74,0.0,0.0
14.07,11.16,6.0,0.0,0.0
13.17,4.8,7.36,0.0,0.0
12.27,15.2,9.94,0.0,0.0
11.37,14.26,9.43,0.0,0.0
11.37,3.41,6.92,0.0,0.0
12.72,4.81,5.88,0.0,0.0
12.72,3.56,4.95,0.0,0.0
11.82,2.47,4.31,0.0,0.0
10.92,1.55,3.73,0.0,0.0
10.02,6.2,3.08,0.0,0.0
9.13,6.51,3.21,0.0,0.0
5.08,6.66,0.41,0.0,0.0
2.38,2.33,0.62,0.0,0.0
2.38,0.0,0.0,0.0,0.0
1.92,0.0,0.0,0.0,0.0
2.37,0.0,0.0,0.0,0.0
1.92,0.0,0.13,0.0,0.0
3.27,0.0,0.3,0.0,0.0
6.43,0.0,0.79,0.0,0.0
6.88,2.39,0.0,0.0,0.0
7.78,2.33,0.35,0.0,0.0
9.13,5.12,3.28,0.0,0.0
10.47,2.02,7.0,0.0,0.0
12.72,1.56,13.93,0.0,0.0
14.07,11.18,21.77,0.0,0.0
13.17,4.82,27.68,0.0,0.0
12.27,15.22,26.24,0.0,0.0
11.37,14.29,20.48,0.0,0.0
11.37,3.42,11.23,0.0,0.0
12.72,4.82,8.38,0.0,0.0
12.72,3.57,8.38,0.0,0.0
11.82,2.49,8.07,0.0,0.0
10.92,1.55,7.6,0.0,0.0
10.02,6.2,7.33,0.0,0.0
9.13,6.53,7.13,0.0,0.0
5.08,6.68,4.73,0.0,0.0
2.38,2.33,2.91,0.0,0.0
2.38,0.0,0.0,0.0,0.0
1.92,0.0,0.0,0.0,0.0
2.37,0.0,0.0,0.0,0.0
1.92,0.0,0.39,0.0,0.0
3.27,0.0,0.01,0.0,0.0
6.43,0.0,0.3,0.0,0.0
6.88,2.38,0.0,0.0,0.0
7.78,2.33,0.0,0.0,0.0
9.13,5.13,1.58,0.0,0.0
10.47,2.02,2.66,0.0,0.0
12.72,1.56,4.17,0.0,0.0
14.07,11.2,6.49,0.0,0.0
13.17,4.82,8.03,0.0,0.0
12.27,15.25,10.95,0.0,0.0
11.37,14.33,17.59,0.0,0.0
11.37,3.43,18.98,0.0,0.0
12.72,4.82,11.46,0.0,0.0
12.72,3.58,8.29,0.0,0.0
11.82,2.49,7.64,0.0,0.0
10.92,1.55,6.84,0.0,0.0
10.02,6.22,6.28,0.0,0.0
9.13,6.54,4.95,0.0,0.0
5.08,6.69,0.46,0.0,0.0
2.38,2.33,0.49,0.0,0.0
2.38,0.0,0.0,0.0,0.0
1.92,0.0,0.0,0.0,0.0
2.37,0.0,0.0,0.0,0.0
1.92,0.0,0.27,0.0,0.0
3.27,0.0,0.07,0.0,0.0
6.43,0.0,0.2,0.0,0.0
6.88,2.38,0.0,0.0,0.0
7.78,2.34,0.0,0.0,0.0
9.13,5.15,1.82,0.0,0.0
10.47,2.03,3.24,0.0,0.0
12.72,1.55,5.55,0.0,0.0
14.07,11.23,7.7,0.0,0.0
13.17,4.83,12.3,0.0,0.0
12.27,15.3,14.96,0.0,0.0
11.37,14.35,14.93,0.0,0.0
11.37,3.43,12.7,0.0,0.0
12.72,4.84,7.83,0.0,0.0
12.72,3.58,5.38,0.0,0.0
11.82,2.49,4.01,0.0,0.0
10.92,1.56,3.49,0.0,0.0
10.02,6.23,4.64,0.0,0.0
9.13,6.56,5.51,0.0,0.0
5.08,6.7,2.28,0.0,0.0
2.38,2.34,1.11,0.0,0.0
2.38,0.0,0.0,0.0,0.0
1.92,0.0,0.0,0.0,0.0
2.37,0.0,0.0,0.0,0.0
1.92,0.0,0.15,0.0,0.0
3.27,0.0,0.09,0.0,0.0
6.43,0.0,0.12,0.0,0.0
6.88,2.39,0.0,0.0,0.0
7.78,2.34,0.0,0.0,0.0
9.13,5.16,0.0,0.0,0.0
10.47,2.03,0.0,0.0,0.0
12.72,1.56,0.15,0.0,0.0
14.07,11.25,1.79,0.0,0.0
13.17,4.84,2.88,0.0,0.0
12.27,15.32,3.45,0.0,0.0
11.37,14.39,3.72,0.0,0.0
11.37,3.44,3.6,0.0,0.0
12.72,4.84,2.97,0.0,0.0
12.72,3.59,1.53,0.0,0.0
11.82,2.5,1.01,0.0,0.0
10.92,1.56,0.94,0.0,0.0
10.02,6.25,1.6,0.0,0.0
9.13,6.56,1.06,0.0,0.0
5.08,6.72,0.0,0.0,0.0
2.38,2.34,0.01,0.0,0.0
2.38,0.0,0.0,0.0,0.0
1.92,0.0,0.0,0.0,0.0
2.37,0.0,0.0,0.0,0.0
1.92,0.0,0.0,0.0,0.0
3.27,0.0,0.0,0.0,0.0
6.41,0.0,0.0,0.0,0.0
6.88,0.0,0.0,0.0,0.0
7.78,2.4,0.0,0.0,0.0
9.13,2.35,0.0,0.0,0.0
10.47,2.35,0.0,0.0,0.0
12.72,1.57,0.35,0.0,0.0
14.07,11.27,2.77,0.0,0.0
13.17,9.4,3.93,0.0,0.0
12.27,15.35,4.68,0.0,0.0
11.37,14.41,5.05,0.0,0.0
11.37,3.92,4.72,0.0,0.0
12.72,3.91,3.98,0.0,0.0
12.72,3.6,2.89,0.0,0.0
11.82,2.5,1.66,0.0,0.0
10.92,1.57,1.0,0.0,0.0
10.02,6.26,0.83,0.0,0.0
9.13,6.58,0.0,0.0,0.0
5.08,6.73,0.0,0.0,0.0
2.38,0.0,0.0,0.0,0.0
2.38,0.0,0.0,0.0,0.0
1.92,0.0,0.0,0.0,0.0
2.37,0.0,0.0,0.0,0.0
1.92,0.0,0.06,0.0,0.0
3.27,0.0,0.0,0.0,0.0
6.41,0.0,0.0,0.0,0.0
6.88,0.0,0.0,0.0,0.0
7.78,2.42,0.78,0.0,0.0
9.13,2.36,4.13,0.0,0.0
10.47,2.36,8.23,0.0,0.0
12.72,1.57,18.61,0.0,0.0
14.07,11.3,24.85,0.0,0.0
13.17,9.42,27.88,0.0,0.0
12.27,15.38,27.16,0.0,0.0
11.37,14.44,24.84,0.0,0.0
11.37,3.93,23.49,0.0,0.0
12.72,3.92,23.04,0.0,0.0
12.72,3.61,22.2,0.0,0.0
11.82,2.51,23.93,0.0,0.0
10.92,1.57,25.92,0.0,0.0
10.02,6.27,27.35,0.0,0.0
9.13,6.6,24.51,0.0,0.0
5.08,6.75,17.37,0.0,0.0
2.38,0.0,12.9,0.0,0.0
2.38,0.0,0.02,0.0,0.0
1.92,0.0,0.0,0.0,0.0
2.37,0.0,0.0,0.0,0.0
1.92,0.0,3.13,0.0,0.0
3.27,0.0,2.95,0.0,0.0
6.43,0.0,6.09,0.0,0.0
6.88,2.42,7.71,0.0,0.0
7.78,2.36,11.19,0.0,0.0
9.13,5.18,24.52,0.0,0.0
10.47,2.04,31.2,0.0,0.0
12.72,1.58,33.45,0.0,0.0
14.07,11.32,41.45,0.0,0.0
13.17,4.88,46.68,0.0,0.0
12.27,15.41,43.22,0.0,0.0
11.37,14.47,37.44,0.0,0.0
11.37,3.46,33.33,0.0,0.0
12.72,4.87,31.92,0.0,0.0
12.72,3.62,32.92,0.0,0.0
11.82,2.52,35.22,0.0,0.0
10.92,1.57,34.0,0.0,0.0
10.02,6.29,34.6,0.0,0.0
9.13,6.6,29.51,0.0,0.0
5.08,6.77,19.69,0.0,0.0
2.38,2.35,10.97,0.0,0.0
2.38,0.0,0.0,0.0,0.0
1.92,0.0,0.0,0.0,0.0
2.37,0.0,0.0,0.0,0.0
1.92,0.0,3.03,0.0,0.0
3.27,0.0,7.84,0.0,0.0
6.43,0.0,12.58,0.0,0.0
6.88,2.4,11.24,0.0,0.0
7.78,2.36,19.28,0.0,0.0
9.13,5.2,7.84,0.0,0.0
10.47,2.05,2.01,0.0,0.0
12.72,1.58,3.88,0.0,0.0
14.07,11.35,5.8,0.0,0.0
13.17,4.89,6.37,0.0,0.0
12.27,15.44,6.05,0.0,0.0
11.37,14.5,5.71,0.0,0.0
11.37,3.47,5.21,0.0,0.0
12.72,4.88,4.23,0.0,0.0
12.72,3.62,3.47,0.0,0.0
11.82,2.52,3.0,0.0,0.0
10.92,1.57,2.4,0.0,0.0
10.02,6.3,2.36,0.0,0.0
9.13,6.61,1.76,0.0,0.0
5.08,6.78,0.0,0.0,0.0
2.38,2.36,0.0,0.0,0.0
2.38,0.0,0.0,0.0,0.0
1.92,0.0,0.0,0.0,0.0
2.37,0.0,0.0,0.0,0.0
1.92,0.0,0.0,0.0,0.0
3.27,0.0,0.0,0.0,0.0
6.43,0.0,0.0,0.0,0.0
6.88,2.43,0.0,0.0,0.0
7.78,2.37,0.0,0.0,0.0
9.13,5.21,0.0,0.0,0.0
10.47,2.05,0.0,0.0,0.0
12.72,1.58,0.0,0.0,0.0
14.07,11.37,0.91,0.0,0.0
13.17,4.9,1.64,0.0,0.0
12.27,15.47,2.2,0.0,0.0
11.37,14.53,2.27,0.0,0.0
11.37,3.48,2.22,0.0,0.0
12.72,4.89,1.62,0.0,0.0
12.72,3.63,0.66,0.0,0.0
11.82,2.53,0.03,0.0,0.0
10.92,1.57,0.0,0.0,0.0
10.02,6.32,0.0,0.0,0.0
9.13,6.63,0.0,0.0,0.0
5.08,6.79,0.0,0.0,0.0
2.38,2.37,0.0,0.0,0.0
2.38,0.0,0.0,0.0,0.0
1.92,0.0,0.0,0.0,0.0
2.37,0.0,0.0,0.0,0.0
1.92,0.0,0.02,0.0,0.0
3.27,0.0,0.0,0.0,0.0
6.43,0.0,0.0,0.0,0.0
6.88,2.43,0.0,0.0,0.0
7.78,2.37,0.0,0.0,0.0
9.13,5.22,0.0,0.0,0.0
10.47,2.05,0.05,0.0,0.0
12.72,1.59,1.4,0.0,0.0
14.07,11.39,3.28,0.0,0.0
13.17,4.9,3.85,0.0,0.0
12.27,15.5,3.66,0.0,0.0
11.37,14.57,3.38,0.0,0.0
11.37,3.48,3.1,0.0,0.0
12.72,4.9,2.77,0.0,0.0
12.72,3.64,2.55,0.0,0.0
11.82,2.53,2.44,0.0,0.0
10.92,1.57,2.48,0.0,0.0
10.02,6.33,2.78,0.0,0.0
9.13,6.64,2.79,0.0,0.0
5.08,6.8,0.21,0.0,0.0
2.38,2.38,0.32,0.0,0.0
2.38,0.0,0.0,0.0,0.0
1.92,0.0,0.0,0.0,0.0
2.37,0.0,0.0,0.0,0.0
1.92,0.0,0.05,0.0,0.0
3.27,0.0,0.08,0.0,0.0
6.43,0.0,0.08,0.0,0.0
6.88,2.43,0.0,0.0,0.0
7.78,2.38,0.0,0.0,0.0
9.13,5.23,0.0,0.0,0.0
10.47,2.06,0.0,0.0,0.0
12.72,1.58,0.69,0.0,0.0
14.07,11.42,3.06,0.0,0.0
13.17,4.91,3.93,0.0,0.0
12.27,15.54,3.98,0.0,0.0
11.37,14.6,3.99,0.0,0.0
11.37,3.49,3.97,0.0,0.0
12.72,4.92,3.93,0.0,0.0
12.72,3.65,3.59,0.0,0.0
11.82,2.53,2.73,0.0,0.0
10.92,1.59,1.82,0.0,0.0
10.02,6.34,2.53,0.0,0.0
9.13,6.66,2.62,0.0,0.0
5.08,6.82,0.82,0.0,0.0
2.38,2.38,1.08,0.0,0.0
2.38,0.0,0.0,0.0,0.0
1.92,0.0,0.0,0.0,0.0
2.37,0.0,0.0,0.0,0.0
1.92,0.0,0.19,0.0,0.0
3.27,0.0,0.0,0.0,0.0
6.41,0.0,0.07,0.0,0.0
6.88,0.0,0.0,0.0,0.0
7.78,2.44,0.0,0.0,0.0
9.13,2.38,0.15,0.0,0.0
10.47,2.38,1.67,0.0,0.0
12.72,1.59,3.83,0.0,0.0
14.07,11.44,7.75,0.0,0.0
13.17,9.53,9.01,0.0,0.0
12.27,15.57,7.07,0.0,0.0
11.37,14.62,5.85,0.0,0.0
11.37,3.97,5.84,0.0,0.0
12.72,3.97,5.17,0.0,0.0
12.72,3.65,4.36,0.0,0.0
11.82,2.54,3.38,0.0,0.0
10.92,1.59,3.71,0.0,0.0
10.02,6.35,4.05,0.0,0.0
9.13,6.67,3.69,0.0,0.0
5.08,6.83,0.19,0.0,0.0
2.38,0.0,0.4,0.0,0.0
2.38,0.0,0.0,0.0,0.0
1.92,0.0,0.0,0.0,0.0
2.37,0.0,0.0,0.0,0.0
1.92,0.0,0.17,0.0,0.0
3.27,0.0,0.0,0.0,0.0
6.41,0.0,0.07,0.0,0.0
6.88,0.0,0.0,0.0,0.0
7.78,2.44,0.0,0.0,0.0
9.13,2.39,0.0,0.0,0.0
10.47,2.38,0.0,0.0,0.0
12.72,1.59,0.0,0.0,0.0
14.07,11.46,2.28,0.0,0.0
13.17,9.55,3.24,0.0,0.0
12.27,15.6,3.29,0.0,0.0
11.37,14.64,3.42,0.0,0.0
11.37,3.98,4.07,0.0,0.0
12.72,3.98,4.15,0.0,0.0
12.72,3.66,4.71,0.0,0.0
11.82,2.55,4.26,0.0,0.0
10.92,1.59,4.55,0.0,0.0
10.02,6.36,5.4,0.0,0.0
9.13,6.68,4.88,0.0,0.0
5.08,6.85,1.71,0.0,0.0
2.38,0.0,1.49,0.0,0.0
2.38,0.0,0.0,0.0,0.0
1.92,0.0,0.0,0.0,0.0
2.37,0.0,0.0,0.0,0.0
1.92,0.0,0.06,0.0,0.0
3.27,0.0,0.0,0.0,0.0
6.43,0.0,0.0,0.0,0.0
6.88,2.44,0.0,0.0,0.0
7.78,2.39,0.0,0.0,0.0
9.13,5.26,0.0,0.0,0.0
10.47,2.07,0.0,0.0,0.0
12.72,1.59,0.0,0.0,0.0
14.07,11.48,1.43,0.0,0.0
13.17,4.94,2.2,0.0,0.0
12.27,15.63,2.65,0.0,0.0
11.37,14.67,2.55,0.0,0.0
11.37,3.51,2.32,0.0,0.0
12.72,4.94,1.78,0.0,0.0
12.72,3.67,1.07,0.0,0.0
11.82,2.55,0.77,0.0,0.0
10.92,1.59,0.93,0.0,0.0
10.02,6.38,1.22,0.0,0.0
9.13,6.69,0.65,0.0,0.0
5.08,6.85,0.0,0.0,0.0
2.38,2.39,0.01,0.0,0.0
2.38,0.0,0.0,0.0,0.0
1.92,0.0,0.0,0.0,0.0
2.37,0.0,0.0,0.0,0.0
1.92,0.0,0.02,0.0,0.0
3.27,0.0,0.02,0.0,0.0
6.43,0.0,0.0,0.0,0.0
6.88,2.45,0.0,0.0,0.0
7.78,2.39,0.0,0.0,0.0
9.13,5.27,0.0,0.0,0.0
10.47,2.08,0.0,0.0,0.0
12.72,1.59,0.99,0.0,0.0
14.07,11.5,3.1,0.0,0.0
13.17,4.95,3.96,0.0,0.0
12.27,15.66,4.35,0.0,0.0
11.37,14.69,3.96,0.0,0.0
11.37,3.52,3.51,0.0,0.0
12.72,4.95,3.42,0.0,0.0
12.72,3.67,3.43,0.0,0.0
11.82,2.56,3.49,0.0,0.0
10.92,1.59,2.64,0.0,0.0
10.02,6.39,3.15,0.0,0.0
9.13,6.71,2.18,0.0,0.0
5.08,6.87,0.0,0.0,0.0
2.38,2.4,0.21,0.0,0.0
2.38,0.0,0.0,0.0,0.0
1.92,0.0,0.0,0.0,0.0
2.37,0.0,0.0,0.0,0.0
1.92,0.0,0.04,0.0,0.0
3.27,0.0,0.0,0.0,0.0
6.43,0.0,0.0,0.0,0.0
6.88,2.45,0.0,0.0,0.0
7.78,2.39,0.0,0.0,0.0
9.13,5.28,0.0,0.0,0.0
10.47,2.08,0.0,0.0,0.0
12.72,1.59,0.0,0.0,0.0
14.07,11.52,0.0,0.0,0.0
13.17,4.96,0.0,0.0,0.0
12.27,15.68,0.0,0.0,0.0
11.37,14.72,0.0,0.0,0.0
11.37,3.52,0.0,0.0,0.0
12.72,4.96,0.0,0.0,0.0
12.72,3.68,0.0,0.0,0.0
11.82,2.56,0.0,0.0,0.0
10.92,1.6,0.0,0.0,0.0
10.02,6.4,0.0,0.0,0.0
9.13,6.72,0.0,0.0,0.0
5.08,6.88,0.0,0.0,0.0
2.38,2.4,0.0,0.0,0.0
2.38,0.0,0.0,0.0,0.0
1.92,0.0,0.0,0.0,0.0
2.37,0.0,0.0,0.0,0.0
1.92,0.0,0.0,0.0,0.0
3.27,0.0,0.0,0.0,0.0
6.43,0.0,0.0,0.0,0.0
6.88,2.44,0.0,0.0,0.0
7.78,2.4,0.0,0.0,0.0
9.13,5.29,0.0,0.0,0.0
10.47,2.08,0.0,0.0,0.0
12.72,1.61,0.0,0.0,0.0
14.07,11.54,0.0,0.0,0.0
13.17,4.97,0.0,0.0,0.0
12.27,15.71,0.0,0.0,0.0
11.37,14.75,0.0,0.0,0.0
11.37,3.53,0.0,0.0,0.0
12.72,4.96,0.0,0.0,0.0
12.72,3.69,0.0,0.0,0.0
11.82,2.56,0.0,0.0,0.0
10.92,1.6,0.0,0.0,0.0
10.02,6.41,0.0,0.0,0.0
9.13,6.73,0.0,0.0,0.0
5.08,6.89,0.0,0.0,0.0
2.38,2.4,0.0,0.0,0.0
2.38,0.0,0.0,0.0,0.0
1.92,0.0,0.0,0.0,0.0
2.37,0.0,0.0,0.0,0.0
1.92,0.0,0.0,0.0,0.0
3.27,0.0,0.0,0.0,0.0
6.43,0.0,0.0,0.0,0.0
6.88,2.45,0.0,0.0,0.0
7.78,2.41,0.0,0.0,0.0
9.13,5.3,0.0,0.0,0.0
10.47,2.09,0.0,0.0,0.0
12.72,1.61,0.0,0.0,0.0
14.07,11.56,0.0,0.0,0.0
13.17,4.98,0.0,0.0,0.0
12.27,15.74,0.0,0.0,0.0
11.37,14.78,0.0,0.0,0.0
11.37,3.54,0.0,0.0,0.0
12.72,4.97,0.0,0.0,0.0
12.72,3.7,0.0,0.0,0.0
11.82,2.57,0.0,0.0,0.0
10.92,1.6,0.0,0.0,0.0
10.02,6.42,0.0,0.0,0.0
9.13,6.75,0.0,0.0,0.0
5.08,6.9,0.0,0.0,0.0
2.38,2.41,0.0,0.0,0.0
2.38,0.0,0.0,0.0,0.0
1.92,0.0,0.0,0.0,0.0
2.37,0.0,0.0,0.0,0.0
1.92,0.0,0.0,0.0,0.0
3.27,0.0,0.0,0.0,0.0
6.41,0.0,0.0,0.0,0.0
6.88,0.0,0.0,0.0,0.0
7.78,2.46,0.0,0.0,0.0
9.13,2.41,0.0,0.0,0.0
10.47,2.42,0.0,0.0,0.0
12.72,1.61,1.26,0.0,0.0
14.07,11.58,4.78,0.0,0.0
13.17,9.65,5.86,0.0,0.0
12.27,15.76,5.96,0.0,0.0
11.37,14.81,6.04,0.0,0.0
11.37,4.02,5.84,0.0,0.0
12.72,4.02,5.16,0.0,0.0
12.72,3.69,4.19,0.0,0.0
11.82,2.58,3.22,0.0,0.0
10.92,1.6,2.51,0.0,0.0
10.02,6.43,2.17,0.0,0.0
9.13,6.75,1.48,0.0,0.0
5.08,6.92,0.0,0.0,0.0
2.38,0.0,0.0,0.0,0.0
2.38,0.0,0.0,0.0,0.0
1.92,0.0,0.0,0.0,0.0
2.37,0.0,0.0,0.0,0.0
1.92,0.0,0.07,0.0,0.0
3.27,0.0,0.0,0.0,0.0
6.41,0.0,0.11,0.0,0.0
6.88,0.0,0.0,0.0,0.0
7.78,2.48,0.0,0.0,0.0
9.13,2.42,2.89,0.0,0.0
10.47,2.42,11.47,0.0,0.0
12.72,1.61,20.31,0.0,0.0
14.07,11.6,26.33,0.0,0.0
13.17,9.67,31.1,0.0,0.0
12.27,15.8,32.24,0.0,0.0
11.37,14.83,28.62,0.0,0.0
11.37,4.03,25.72,0.0,0.0
12.72,4.03,23.78,0.0,0.0
12.72,3.71,18.54,0.0,0.0
11.82,2.58,11.26,0.0,0.0
10.92,1.61,10.62,0.0,0.0
10.02,6.45,10.83,0.0,0.0
9.13,6.77,11.02,0.0,0.0
5.08,6.93,6.75,0.0,0.0
2.38,0.0,3.5,0.0,0.0
2.38,0.0,0.0,0.0,0.0
1.92,0.0,0.0,0.0,0.0
2.37,0.0,0.0,0.0,0.0
1.92,0.0,0.76,0.0,0.0
3.27,0.0,0.38,0.0,0.0
6.43,0.0,0.85,0.0,0.0
6.88,2.48,3.08,0.0,0.0
7.78,2.42,4.71,0.0,0.0
9.13,5.32,8.95,0.0,0.0
10.47,2.1,14.57,0.0,0.0
12.72,1.61,23.84,0.0,0.0
14.07,11.62,32.78,0.0,0.0
13.17,5.0,40.97,0.0,0.0
12.27,15.83,39.77,0.0,0.0
11.37,14.86,32.76,0.0,0.0
11.37,3.55,26.16,0.0,0.0
12.72,5.01,14.5,0.0,0.0
12.72,3.71,8.99,0.0,0.0
11.82,2.58,9.54,0.0,0.0
10.92,1.61,10.1,0.0,0.0
10.02,6.46,9.62,0.0,0.0
9.13,6.77,9.74,0.0,0.0
5.08,6.94,5.44,0.0,0.0
2.38,2.42,3.4,0.0,0.0
2.38,0.0,0.0,0.0,0.0
1.92,0.0,0.0,0.0,0.0
2.37,0.0,0.0,0.0,0.0
1.92,0.0,0.31,0.0,0.0
3.27,0.0,1.38,0.0,0.0
6.43,0.0,1.89,0.0,0.0
6.88,2.48,0.0,0.0,0.0
7.78,2.42,0.0,0.0,0.0
9.13,5.34,0.01,0.0,0.0
10.47,2.1,0.14,0.0,0.0
12.72,1.61,1.43,0.0,0.0
14.07,11.64,3.09,0.0,0.0
13.17,5.02,3.6,0.0,0.0
12.27,15.84,3.52,0.0,0.0
11.37,14.88,3.25,0.0,0.0
11.37,3.56,3.38,0.0,0.0
12.72,5.01,3.16,0.0,0.0
12.72,3.72,2.84,0.0,0.0
11.82,2.58,2.55,0.0,0.0
10.92,1.62,1.42,0.0,0.0
10.02,6.46,1.94,0.0,0.0
9.13,6.79,0.78,0.0,0.0
5.08,6.95,0.0,0.0,0.0
2.38,2.42,0.0,0.0,0.0
2.38,0.0,0.0,0.0,0.0
1.92,0.0,0.0,0.0,0.0
2.37,0.0,0.0,0.0,0.0
1.92,0.0,0.0,0.0,0.0
3.27,0.0,0.0,0.0,0.0
6.43,0.0,0.0,0.0,0.0
6.88,2.46,0.0,0.0,0.0
7.78,2.43,0.0,0.0,0.0
9.13,5.34,0.0,0.0,0.0
10.47,2.1,0.0,0.0,0.0
12.72,1.62,0.0,0.0,0.0
14.07,11.66,0.0,0.0,0.0
13.17,5.01,0.0,0.0,0.0
12.27,15.87,0.0,0.0,0.0
11.37,14.91,0.0,0.0,0.0
11.37,3.56,0.07,0.0,0.0
12.72,5.02,0.0,0.0,0.0
12.72,3.72,0.0,0.0,0.0
11.82,2.59,0.0,0.0,0.0
10.92,1.62,0.0,0.0,0.0
10.02,6.47,0.0,0.0,0.0
9.13,6.8,0.0,0.0,0.0
5.08,6.96,0.0,0.0,0.0
2.38,2.43,0.0,0.0,0.0
2.38,0.0,0.0,0.0,0.0
1.92,0.0,0.0,0.0,0.0
2.37,0.0,0.0,0.0,0.0
1.92,0.0,0.0,0.0,0.0
3.27,0.0,0.0,0.0,0.0
6.43,0.0,0.0,0.0,0.0
6.88,2.48,0.0,0.0,0.0
7.78,2.43,0.0,0.0,0.0
9.13,5.36,0.0,0.0,0.0
10.47,2.11,0.0,0.0,0.0
12.72,1.62,0.0,0.0,0.0
14.07,11.68,2.94,0.0,0.0
13.17,5.03,5.93,0.0,0.0
12.27,15.89,7.63,0.0,0.0
11.37,14.93,8.1,0.0,0.0
11.37,3.57,8.4,0.0,0.0
12.72,5.02,8.57,0.0,0.0
12.72,3.73,8.33,0.0,0.0
11.82,2.59,8.39,0.0,0.0
10.92,1.62,8.61,0.0,0.0
10.02,6.48,8.43,0.0,0.0
9.13,6.82,8.25,0.0,0.0
5.08,6.98,4.43,0.0,0.0
2.38,2.43,3.06,0.0,0.0
2.38,0.0,0.0,0.0,0.0
1.92,0.0,0.0,0.0,0.0
2.37,0.0,0.0,0.0,0.0
1.92,0.0,0.9,0.0,0.0
3.27,0.0,3.59,0.0,0.0
6.43,0.0,6.49,0.0,0.0
6.88,2.49,5.37,0.0,0.0
7.78,2.44,3.95,0.0,0.0
9.13,5.36,8.53,0.0,0.0
10.47,2.11,22.33,0.0,0.0
12.72,1.62,26.79,0.0,0.0
14.07,11.7,33.56,0.0,0.0
13.17,5.03,39.48,0.0,0.0
12.27,15.92,39.53,0.0,0.0
11.37,14.94,33.54,0.0,0.0
11.37,3.58,29.25,0.0,0.0
12.72,5.03,29.12,0.0,0.0
12.72,3.74,29.99,0.0,0.0
11.82,2.6,30.2,0.0,0.0
10.92,1.62,27.62,0.0,0.0
10.02,6.5,26.12,0.0,0.0
9.13,6.83,16.15,0.0,0.0
5.08,6.98,9.4,0.0,0.0
2.38,2.43,6.43,0.0,0.0
2.38,0.0,0.0,0.0,0.0
1.92,0.0,0.0,0.0,0.0
2.37,0.0,0.0,0.0,0.0
1.92,0.0,1.7,0.0,0.0
3.27,0.0,1.13,0.0,0.0
6.41,0.0,2.09,0.0,0.0
6.88,0.0,0.08,0.0,0.0
7.78,2.48,0.0,0.0,0.0
9.13,2.44,0.0,0.0,0.0
10.47,2.44,0.0,0.0,0.0
12.72,1.62,0.0,0.0,0.0
14.07,11.71,0.0,0.0,0.0
13.17,9.76,0.0,0.0,0.0
12.27,15.95,0.0,0.0,0.0
11.37,14.98,0.0,0.0,0.0
11.37,4.07,0.0,0.0,0.0
12.72,4.06,0.0,0.0,0.0
12.72,3.75,0.0,0.0,0.0
11.82,2.6,0.0,0.0,0.0
10.92,1.63,0.0,0.0,0.0
10.02,6.5,0.0,0.0,0.0
9.13,6.84,0.0,0.0,0.0
5.08,7.0,0.0,0.0,0.0
2.38,0.0,0.0,0.0,0.0
2.38,0.0,0.0,0.0,0.0
1.92,0.0,0.0,0.0,0.0
2.37,0.0,0.0,0.0,0.0
1.92,0.0,0.0,0.0,0.0
3.27,0.0,0.0,0.0,0.0
6.41,0.0,0.0,0.0,0.0
6.88,0.0,0.0,0.0,0.0
7.78,2.49,0.0,0.0,0.0
9.13,2.44,0.0,0.0,0.0
10.47,2.44,0.0,0.0,0.0
12.72,1.63,0.0,0.0,0.0
14.07,11.73,0.0,0.0,0.0
13.17,9.77,0.0,0.0,0.0
12.27,15.97,0.0,0.0,0.0
11.37,15.0,0.0,0.0,0.0
11.37,4.07,0.0,0.0,0.0
12.72,4.07,0.0,0.0,0.0
12.72,3.75,0.0,0.0,0.0
11.82,2.6,0.0,0.0,0.0
10.92,1.63,0.0,0.0,0.0
10.02,6.51,0.0,0.0,0.0
9.13,6.85,0.0,0.0,0.0
5.08,7.01,0.0,0.0,0.0
2.38,0.0,0.0,0.0,0.0
2.38,0.0,0.0,0.0,0.0
1.92,0.0,0.0,0.0,0.0
2.37,0.0,0.0,0.0,0.0
1.92,0.0,0.0,0.0,0.0
3.27,0.0,0.0,0.0,0.0
6.43,0.0,0.0,0.0,0.0
6.88,2.49,0.0,0.0,0.0
7.78,2.44,0.0,0.0,0.0
9.13,5.38,0.0,0.0,0.0
10.47,2.12,0.0,0.0,0.0
12.72,1.64,0.0,0.0,0.0
14.07,11.75,0.0,0.0,0.0
13.17,5.06,0.0,0.0,0.0
12.27,15.99,0.0,0.0,0.0
11.37,15.02,0.0,0.0,0.0
11.37,3.59,0.0,0.0,0.0
12.72,5.05,0.0,0.0,0.0
12.72,3.76,0.0,0.0,0.0
11.82,2.6,0.0,0.0,0.0
10.92,1.64,0.0,0.0,0.0
10.02,6.52,0.0,0.0,0.0
9.13,6.85,0.0,0.0,0.0
5.08,7.02,0.0,0.0,0.0
2.38,2.45,0.0,0.0,0.0
2.38,0.0,0.0,0.0,0.0
1.92,0.0,0.0,0.0,0.0
2.37,0.0,0.0,0.0,0.0
1.92,0.0,0.0,0.0,0.0
3.27,0.0,0.0,0.0,0.0
6.43,0.0,0.0,0.0,0.0
6.88,2.5,0.0,0.0,0.0
7.78,2.45,0.0,0.0,0.0
9.13,5.39,0.0,0.0,0.0
10.47,2.12,0.0,0.0,0.0
12.72,1.63,0.01,0.0,0.0
14.07,11.77,1.88,0.0,0.0
13.17,5.07,2.59,0.0,0.0
12.27,16.01,3.0,0.0,0.0
11.37,15.04,2.92,0.0,0.0
11.37,3.6,2.78,0.0,0.0
12.72,5.06,2.15,0.0,0.0
12.72,3.76,1.48,0.0,0.0
11.82,2.61,0.38,0.0,0.0
10.92,1.64,0.0,0.0,0.0
10.02,6.53,0.0,0.0,0.0
9.13,6.86,0.0,0.0,0.0
5.08,7.03,0.0,0.0,0.0
2.38,2.45,0.0,0.0,0.0
2.38,0.0,0.0,0.0,0.0
1.92,0.0,0.0,0.0,0.0
2.37,0.0,0.0,0.0,0.0
1.92,0.0,0.01,0.0,0.0
3.27,0.0,0.0,0.0,0.0
6.43,0.0,0.0,0.0,0.0
6.88,2.51,0.0,0.0,0.0
7.78,2.45,0.0,0.0,0.0
9.13,5.4,0.0,0.0,0.0
10.47,2.13,0.0,0.0,0.0
12.72,1.63,1.21,0.0,0.0
14.07,11.78,4.29,0.0,0.0
13.17,5.07,3.77,0.0,0.0
12.27,16.03,3.4,0.0,0.0
11.37,15.06,4.04,0.0,0.0
11.37,3.6,4.85,0.0,0.0
12.72,5.07,5.07,0.0,0.0
12.72,3.77,4.13,0.0,0.0
11.82,2.61,3.47,0.0,0.0
10.92,1.64,3.8,0.0,0.0
10.02,6.54,4.07,0.0,0.0
9.13,6.87,3.63,0.0,0.0
5.08,7.04,0.12,0.0,0.0
2.38,2.45,0.34,0.0,0.0
2.38,0.0,0.0,0.0,0.0
1.92,0.0,0.0,0.0,0.0
2.37,0.0,0.0,0.0,0.0
1.92,0.0,0.19,0.0,0.0
3.27,0.0,0.0,0.0,0.0
6.43,0.0,0.09,0.0,0.0
6.88,2.51,0.0,0.0,0.0
7.78,2.45,0.0,0.0,0.0
9.13,5.41,0.02,0.0,0.0
10.47,2.13,0.87,0.0,0.0
12.72,1.63,3.82,0.0,0.0
14.07,11.8,7.19,0.0,0.0
13.17,5.08,13.9,0.0,0.0
12.27,16.05,20.16,0.0,0.0
11.37,15.08,17.85,0.0,0.0
11.37,3.61,14.23,0.0,0.0
12.72,5.07,10.25,0.0,0.0
12.72,3.77,8.84,0.0,0.0
11.82,2.61,8.06,0.0,0.0
10.92,1.64,7.68,0.0,0.0
10.02,6.55,7.26,0.0,0.0
9.13,6.88,6.69,0.0,0.0
5.08,7.05,1.91,0.0,0.0
2.38,2.46,1.11,0.0,0.0
2.38,0.0,0.0,0.0,0.0
1.92,0.0,0.0,0.0,0.0
2.37,0.0,0.0,0.0,0.0
1.92,0.0,0.08,0.0,0.0
3.27,0.0,0.12,0.0,0.0
6.43,0.0,0.16,0.0,0.0
6.88,2.51,0.0,0.0,0.0
7.78,2.46,0.0,0.0,0.0
9.13,5.41,3.02,0.0,0.0
10.47,2.13,7.06,0.0,0.0
12.72,1.64,16.22,0.0,0.0
14.07,11.81,25.35,0.0,0.0
13.17,5.09,31.94,0.0,0.0
12.27,16.07,33.62,0.0,0.0
11.37,15.1,29.76,0.0,0.0
11.37,3.61,25.1,0.0,0.0
12.72,5.08,23.89,0.0,0.0
12.72,3.78,23.17,0.0,0.0
11.82,2.62,16.48,0.0,0.0
10.92,1.65,11.33,0.0,0.0
10.02,6.56,9.68,0.0,0.0
9.13,6.89,8.28,0.0,0.0
5.08,7.05,4.41,0.0,0.0
2.38,2.46,2.87,0.0,0.0
2.38,0.0,0.0,0.0,0.0
1.92,0.0,0.0,0.0,0.0
2.37,0.0,0.0,0.0,0.0
1.92,0.0,0.56,0.0,0.0
3.27,0.0,0.31,0.0,0.0
6.41,0.0,0.29,0.0,0.0
6.88,0.0,0.0,0.0,0.0
7.78,2.52,0.69,0.0,0.0
9.13,2.46,2.59,0.0,0.0
10.47,2.46,5.54,0.0,0.0
12.72,1.65,11.92,0.0,0.0
14.07,11.83,20.24,0.0,0.0
13.17,9.86,27.5,0.0,0.0
12.27,16.09,29.12,0.0,0.0
11.37,15.11,24.93,0.0,0.0
11.37,4.1,22.66,0.0,0.0
12.72,4.11,21.78,0.0,0.0
12.72,3.78,16.53,0.0,0.0
11.82,2.63,12.93,0.0,0.0
10.92,1.64,12.36,0.0,0.0
10.02,6.57,12.77,0.0,0.0
9.13,6.9,12.99,0.0,0.0
5.08,7.06,8.59,0.0,0.0
2.38,0.0,5.54,0.0,0.0
2.38,0.0,0.0,0.0,0.0
1.92,0.0,0.0,0.0,0.0
2.37,0.0,0.0,0.0,0.0
1.92,0.0,1.25,0.0,0.0
3.27,0.0,0.56,0.0,0.0
6.41,0.0,1.01,0.0,0.0
6.88,0.0,1.55,0.0,0.0
7.78,2.52,3.72,0.0,0.0
9.13,2.47,7.01,0.0,0.0
10.47,2.46,16.01,0.0,0.0
12.72,1.65,24.32,0.0,0.0
14.07,11.84,27.83,0.0,0.0
13.17,9.87,28.53,0.0,0.0
12.27,16.12,30.64,0.0,0.0
11.37,15.13,30.99,0.0,0.0
11.37,4.11,29.96,0.0,0.0
12.72,4.11,28.95,0.0,0.0
12.72,3.78,26.36,0.0,0.0
11.82,2.63,26.4,0.0,0.0
10.92,1.64,26.7,0.0,0.0
10.02,6.57,25.39,0.0,0.0
9.13,6.91,18.63,0.0,0.0
5.08,7.07,9.31,0.0,0.0
2.38,0.0,5.82,0.0,0.0
2.38,0.0,0.0,0.0,0.0
1.92,0.0,0.0,0.0,0.0
2.37,0.0,0.0,0.0,0.0
1.92,0.0,1.58,0.0,0.0
3.27,0.0,0.92,0.0,0.0
6.43,0.0,2.09,0.0,0.0
6.88,2.52,4.17,0.0,0.0
7.78,2.46,4.01,0.0,0.0
9.13,5.43,6.3,0.0,0.0
10.47,2.14,8.6,0.0,0.0
12.72,1.65,13.06,0.0,0.0
14.07,11.85,26.06,0.0,0.0
13.17,5.1,35.73,0.0,0.0
12.27,16.14,35.11,0.0,0.0
11.37,15.16,30.84,0.0,0.0
11.37,3.62,27.33,0.0,0.0
12.72,5.1,25.95,0.0,0.0
12.72,3.78,25.28,0.0,0.0
11.82,2.64,21.75,0.0,0.0
10.92,1.64,16.59,0.0,0.0
10.02,6.59,15.21,0.0,0.0
9.13,6.91,13.39,0.0,0.0
5.08,7.08,9.03,0.0,0.0
2.38,2.47,5.72,0.0,0.0
2.38,0.0,0.0,0.0,0.0
1.92,0.0,0.0,0.0,0.0
2.37,0.0,0.0,0.0,0.0
1.92,0.0,1.48,0.0,0.0
3.27,0.0,4.75,0.0,0.0
6.43,0.0,7.78,0.0,0.0
6.88,2.52,6.3,0.0,0.0
7.78,2.47,5.06,0.0,0.0
9.13,5.44,11.22,0.0,0.0
10.47,2.14,21.32,0.0,0.0
12.72,1.65,24.16,0.0,0.0
14.07,11.87,31.63,0.0,0.0
13.17,5.1,36.69,0.0,0.0
12.27,16.16,35.05,0.0,0.0
11.37,15.18,31.31,0.0,0.0
11.37,3.62,26.44,0.0,0.0
12.72,5.11,24.59,0.0,0.0
12.72,3.79,25.96,0.0,0.0
11.82,2.64,27.09,0.0,0.0
10.92,1.64,19.44,0.0,0.0
10.02,6.6,12.81,0.0,0.0
9.13,6.92,12.13,0.0,0.0
5.08,7.09,8.29,0.0,0.0
2.38,2.47,5.99,0.0,0.0
2.38,0.0,0.0,0.0,0.0
1.92,0.0,0.0,0.0,0.0
2.37,0.0,0.0,0.0,0.0
1.92,0.0,1.57,0.0,0.0
3.27,0.0,1.32,0.0,0.0
6.43,0.0,3.44,0.0,0.0
6.88,2.51,5.37,0.0,0.0
7.78,2.48,5.81,0.0,0.0
9.13,5.44,6.66,0.0,0.0
10.47,2.14,4.42,0.0,0.0
12.72,1.65,4.43,0.0,0.0
14.07,11.88,4.73,0.0,0.0
13.17,5.11,4.53,0.0,0.0
12.27,16.18,3.84,0.0,0.0
11.37,15.18,3.29,0.0,0.0
11.37,3.63,2.78,0.0,0.0
12.72,5.11,2.28,0.0,0.0
12.72,3.8,1.74,0.0,0.0
11.82,2.63,1.35,0.0,0.0
10.92,1.66,1.1,0.0,0.0
10.02,6.6,0.65,0.0,0.0
9.13,6.93,0.05,0.0,0.0
5.08,7.1,0.0,0.0,0.0
2.38,2.48,0.0,0.0,0.0
2.38,0.0,0.0,0.0,0.0
1.92,0.0,0.0,0.0,0.0
2.37,0.0,0.0,0.0,0.0
1.92,0.0,0.0,0.0,0.0
3.27,0.0,0.0,0.0,0.0
6.43,0.0,0.0,0.0,0.0
6.88,2.52,0.0,0.0,0.0
7.78,2.47,0.0,0.0,0.0
9.13,5.45,0.0,0.0,0.0
10.47,2.15,0.0,0.0,0.0
12.72,1.66,0.0,0.0,0.0
14.07,11.9,0.0,0.0,0.0
13.17,5.12,0.0,0.0,0.0
12.27,16.2,0.0,0.0,0.0
11.37,15.2,0.0,0.0,0.0
11.37,3.64,0.0,0.0,0.0
12.72,5.12,0.0,0.0,0.0
12.72,3.8,0.0,0.0,0.0
11.82,2.64,0.0,0.0,0.0
10.92,1.66,0.0,0.0,0.0
10.02,6.6,0.0,0.0,0.0
9.13,6.94,0.0,0.0,0.0
5.08,7.1,0.0,0.0,0.0
2.38,2.48,0.0,0.0,0.0
2.38,0.0,0.0,0.0,0.0
1.92,0.0,0.0,0.0,0.0
2.37,0.0,0.0,0.0,0.0
1.92,0.0,0.0,0.0,0.0
3.27,0.0,0.0,0.0,0.0
6.43,0.0,0.0,0.0,0.0
6.88,2.53,0.0,0.0,0.0
7.78,2.48,0.0,0.0,0.0
9.13,5.46,0.0,0.0,0.0
10.47,2.15,0.0,0.0,0.0
12.72,1.66,0.48,0.0,0.0
14.07,11.91,3.01,0.0,0.0
13.17,5.12,4.1,0.0,0.0
12.27,16.21,4.38,0.0,0.0
11.37,15.23,4.87,0.0,0.0
11.37,3.63,5.8,0.0,0.0
12.72,5.13,6.96,0.0,0.0
12.72,3.8,8.28,0.0,0.0
11.82,2.65,9.06,0.0,0.0
10.92,1.65,8.12,0.0,0.0
10.02,6.62,8.61,0.0,0.0
9.13,6.94,9.06,0.0,0.0
5.08,7.11,5.88,0.0,0.0
2.38,2.48,3.37,0.0,0.0
2.38,0.0,0.0,0.0,0.0
1.92,0.0,0.0,0.0,0.0
2.37,0.0,0.0,0.0,0.0
1.92,0.0,0.65,0.0,0.0
3.27,0.0,0.39,0.0,0.0
6.41,0.0,1.84,0.0,0.0
6.88,0.0,2.79,0.0,0.0
7.78,2.54,4.34,0.0,0.0
9.13,2.48,6.17,0.0,0.0
10.47,2.48,8.65,0.0,0.0
12.72,1.66,11.42,0.0,0.0
14.07,11.92,21.86,0.0,0.0
13.17,9.94,28.3,0.0,0.0
12.27,16.22,26.12,0.0,0.0
11.37,15.24,11.7,0.0,0.0
11.37,4.14,8.62,0.0,0.0
12.72,4.14,7.39,0.0,0.0
12.72,3.81,6.43,0.0,0.0
11.82,2.64,5.3,0.0,0.0
10.92,1.66,5.46,0.0,0.0
10.02,6.62,6.31,0.0,0.0
9.13,6.95,5.25,0.0,0.0
5.08,7.12,1.58,0.0,0.0
2.38,0.0,1.41,0.0,0.0
2.38,0.0,0.0,0.0,0.0
1.92,0.0,0.0,0.0,0.0
2.37,0.0,0.0,0.0,0.0
1.92,0.0,0.25,0.0,0.0
3.27,0.0,0.08,0.0,0.0
6.43,0.0,0.34,0.0,0.0
6.88,2.52,2.33,0.0,0.0
7.78,2.49,5.36,0.0,0.0
9.13,5.47,10.79,0.0,0.0
10.47,2.15,14.97,0.0,0.0
12.72,1.66,21.14,0.0,0.0
14.07,11.93,32.14,0.0,0.0
13.17,5.13,40.21,0.0,0.0
12.27,16.25,40.06,0.0,0.0
11.37,15.25,34.29,0.0,0.0
11.37,3.65,15.66,0.0,0.0
12.72,5.13,9.1,0.0,0.0
12.72,3.81,9.92,0.0,0.0
11.82,2.64,10.79,0.0,0.0
10.92,1.66,10.57,0.0,0.0
10.02,6.62,8.97,0.0,0.0
9.13,6.96,7.35,0.0,0.0
5.08,7.13,1.98,0.0,0.0
2.38,2.49,0.97,0.0,0.0
2.38,0.0,0.0,0.0,0.0
1.92,0.0,0.0,0.0,0.0
2.37,0.0,0.0,0.0,0.0
1.92,0.0,0.3,0.0,0.0
3.27,0.0,0.25,0.0,0.0
6.43,0.0,0.48,0.0,0.0
6.88,2.54,0.0,0.0,0.0
7.78,2.48,0.0,0.0,0.0
9.13,5.47,0.0,0.0,0.0
10.47,2.16,0.0,0.0,0.0
12.72,1.66,2.44,0.0,0.0
14.07,11.94,5.98,0.0,0.0
13.17,5.14,7.72,0.0,0.0
12.27,16.26,13.06,0.0,0.0
11.37,15.27,13.86,0.0,0.0
11.37,3.65,10.13,0.0,0.0
12.72,5.15,6.65,0.0,0.0
12.72,3.81,5.74,0.0,0.0
11.82,2.66,4.72,0.0,0.0
10.92,1.65,3.81,0.0,0.0
10.02,6.64,3.19,0.0,0.0
9.13,6.97,1.56,0.0,0.0
5.08,7.13,0.0,0.0,0.0
2.38,2.48,0.78,0.0,0.0
2.38,0.0,0.0,0.0,0.0
1.92,0.0,0.0,0.0,0.0
2.37,0.0,0.0,0.0,0.0
1.92,0.0,0.05,0.0,0.0
3.27,0.0,0.0,0.0,0.0
6.43,0.0,0.05,0.0,0.0
6.88,2.52,0.0,0.0,0.0
7.78,2.49,0.0,0.0,0.0
9.13,5.48,0.0,0.0,0.0
10.47,2.16,0.0,0.0,0.0
12.72,1.66,0.0,0.0,0.0
14.07,11.95,1.48,0.0,0.0
13.17,5.15,2.04,0.0,0.0
12.27,16.27,2.28,0.0,0.0
11.37,15.28,2.54,0.0,0.0
11.37,3.65,2.61,0.0,0.0
12.72,5.14,2.13,0.0,0.0
12.72,3.82,1.37,0.0,0.0
11.82,2.65,0.51,0.0,0.0
10.92,1.66,0.08,0.0,0.0
10.02,6.64,0.0,0.0,0.0
9.13,6.97,0.0,0.0,0.0
5.08,7.14,0.0,0.0,0.0
2.38,2.49,0.0,0.0,0.0
2.38,0.0,0.0,0.0,0.0
1.92,0.0,0.0,0.0,0.0
2.37,0.0,0.0,0.0,0.0
1.92,0.0,0.0,0.0,0.0
3.27,0.0,0.0,0.0,0.0
6.43,0.0,0.0,0.0,0.0
6.88,2.53,0.0,0.0,0.0
7.78,2.49,0.0,0.0,0.0
9.13,5.48,0.0,0.0,0.0
10.47,2.16,0.0,0.0,0.0
12.72,1.67,0.64,0.0,0.0
14.07,11.96,3.59,0.0,0.0
13.17,5.15,4.65,0.0,0.0
12.27,16.29,4.57,0.0,0.0
11.37,15.29,4.12,0.0,0.0
11.37,3.66,4.77,0.0,0.0
12.72,5.15,5.37,0.0,0.0
12.72,3.82,5.33,0.0,0.0
11.82,2.65,4.44,0.0,0.0
10.92,1.66,3.98,0.0,0.0
10.02,6.64,3.2,0.0,0.0
9.13,6.98,0.73,0.0,0.0
5.08,7.15,0.0,0.0,0.0
2.38,2.49,0.0,0.0,0.0
2.38,0.0,0.0,0.0,0.0
1.92,0.0,0.0,0.0,0.0
2.37,0.0,0.0,0.0,0.0
1.92,0.0,0.0,0.0,0.0
3.27,0.0,0.0,0.0,0.0
6.43,0.0,0.0,0.0,0.0
6.88,2.54,0.0,0.0,0.0
7.78,2.49,0.0,0.0,0.0
9.13,5.48,0.0,0.0,0.0
10.47,2.16,0.0,0.0,0.0
12.72,1.67,0.0,0.0,0.0
14.07,11.97,0.0,0.0,0.0
13.17,5.15,0.0,0.0,0.0
12.27,16.3,0.0,0.0,0.0
11.37,15.3,0.0,0.0,0.0
11.37,3.66,0.0,0.0,0.0
12.72,5.15,0.0,0.0,0.0
12.72,3.83,0.0,0.0,0.0
11.82,2.66,0.0,0.0,0.0
10.92,1.66,0.0,0.0,0.0
10.02,6.65,0.0,0.0,0.0
9.13,6.98,0.0,0.0,0.0
5.08,7.15,0.0,0.0,0.0
2.38,2.49,0.0,0.0,0.0
2.38,0.0,0.0,0.0,0.0
1.92,0.0,0.0,0.0,0.0
2.37,0.0,0.0,0.0,0.0
1.92,0.0,0.0,0.0,0.0
3.27,0.0,0.0,0.0,0.0
6.41,0.0,0.0,0.0,0.0
6.88,0.0,0.0,0.0,0.0
7.78,2.54,0.0,0.0,0.0
9.13,2.49,0.0,0.0,0.0
10.47,2.5,0.0,0.0,0.0
12.72,1.66,0.0,0.0,0.0
14.07,11.98,0.0,0.0,0.0
13.17,9.99,0.0,0.0,0.0
12.27,16.32,0.0,0.0,0.0
11.37,15.31,0.0,0.0,0.0
11.37,4.16,0.0,0.0,0.0
12.72,4.16,0.0,0.0,0.0
12.72,3.83,0.0,0.0,0.0
11.82,2.66,0.0,0.0,0.0
10.92,1.66,0.0,0.0,0.0
10.02,6.65,0.0,0.0,0.0
9.13,6.99,0.0,0.0,0.0
5.08,7.16,0.0,0.0,0.0
2.38,0.0,0.0,0.0,0.0
2.38,0.0,0.0,0.0,0.0
1.92,0.0,0.0,0.0,0.0
2.37,0.0,0.0,0.0,0.0
1.92,0.0,0.0,0.0,0.0
3.27,0.0,0.0,0.0,0.0
6.41,0.0,0.0,0.0,0.0
6.88,0.0,0.0,0.0,0.0
7.78,2.54,0.0,0.0,0.0
9.13,2.5,0.0,0.0,0.0
10.47,2.5,0.0,0.0,0.0
12.72,1.66,0.0,0.0,0.0
14.07,12.0,0.0,0.0,0.0
13.17,10.0,0.0,0.0,0.0
12.27,16.33,0.0,0.0,0.0
11.37,15.32,0.0,0.0,0.0
11.37,4.16,0.0,0.0,0.0
12.72,4.17,0.0,0.0,0.0
12.72,3.83,0.0,0.0,0.0
11.82,2.66,0.0,0.0,0.0
10.92,1.67,0.0,0.0,0.0
10.02,6.66,0.0,0.0,0.0
9.13,6.99,0.0,0.0,0.0
5.08,7.16,0.0,0.0,0.0
2.38,0.0,0.0,0.0,0.0
2.38,0.0,0.0,0.0,0.0
1.92,0.0,0.0,0.0,0.0
2.37,0.0,0.0,0.0,0.0
1.92,0.0,0.0,0.0,0.0
3.27,0.0,0.0,0.0,0.0
6.43,0.0,0.0,0.0,0.0
6.88,2.56,0.0,0.0,0.0
7.78,2.5,0.0,0.0,0.0
9.13,5.5,0.0,0.0,0.0
10.47,2.17,0.0,0.0,0.0
12.72,1.66,0.0,0.0,0.0
14.07,12.01,1.42,0.0,0.0
13.17,5.17,2.42,0.0,0.0
12.27,16.34,2.72,0.0,0.0
11.37,15.34,2.64,0.0,0.0
11.37,3.67,2.31,0.0,0.0
12.72,5.16,1.78,0.0,0.0
12.72,3.83,1.04,0.0,0.0
11.82,2.67,0.11,0.0,0.0
10.92,1.67,0.02,0.0,0.0
10.02,6.67,0.13,0.0,0.0
9.13,7.0,0.0,0.0,0.0
5.08,7.17,0.0,0.0,0.0
2.38,2.5,0.0,0.0,0.0
2.38,0.0,0.0,0.0,0.0
1.92,0.0,0.0,0.0,0.0
2.37,0.0,0.0,0.0,0.0
1.92,0.0,0.01,0.0,0.0
3.27,0.0,0.01,0.0,0.0
6.43,0.0,0.0,0.0,0.0
6.88,2.54,0.0,0.0,0.0
7.78,2.51,0.0,0.0,0.0
9.13,5.5,0.34,0.0,0.0
10.47,2.17,2.12,0.0,0.0
12.72,1.67,4.88,0.0,0.0
14.07,12.01,7.29,0.0,0.0
13.17,5.17,9.41,0.0,0.0
12.27,16.35,10.59,0.0,0.0
11.37,15.34,10.25,0.0,0.0
11.37,3.67,8.6,0.0,0.0
12.72,5.17,7.69,0.0,0.0
12.72,3.84,6.7,0.0,0.0
11.82,2.67,5.29,0.0,0.0
10.92,1.67,3.45,0.0,0.0
10.02,6.67,3.82,0.0,0.0
9.13,7.0,3.5,0.0,0.0
5.08,7.17,0.44,0.0,0.0
2.38,2.5,0.48,0.0,0.0
2.38,0.0,0.0,0.0,0.0
1.92,0.0,0.0,0.0,0.0
2.37,0.0,0.0,0.0,0.0
1.92,0.0,0.07,0.0,0.0
3.27,0.0,0.0,0.0,0.0
6.43,0.0,0.04,0.0,0.0
6.88,2.54,0.0,0.0,0.0
7.78,2.51,0.0,0.0,0.0
9.13,5.51,1.54,0.0,0.0
10.47,2.17,4.31,0.0,0.0
12.72,1.67,7.6,0.0,0.0
14.07,12.02,9.84,0.0,0.0
13.17,5.17,9.29,0.0,0.0
12.27,16.36,9.18,0.0,0.0
11.37,15.36,9.08,0.0,0.0
11.37,3.67,9.05,0.0,0.0
12.72,5.17,8.72,0.0,0.0
12.72,3.84,7.83,0.0,0.0
11.82,2.66,7.04,0.0,0.0
10.92,1.67,7.26,0.0,0.0
10.02,6.67,7.45,0.0,0.0
9.13,7.01,6.84,0.0,0.0
5.08,7.18,3.06,0.0,0.0
2.38,2.51,2.06,0.0,0.0
2.38,0.0,0.0,0.0,0.0
1.92,0.0,0.0,0.0,0.0
2.37,0.0,0.0,0.0,0.0
1.92,0.0,0.23,0.0,0.0
3.27,0.0,0.09,0.0,0.0
6.43,0.0,0.21,0.0,0.0
6.88,2.55,0.0,0.0,0.0
7.78,2.5,0.0,0.0,0.0
9.13,5.51,2.92,0.0,0.0
10.47,2.17,7.22,0.0,0.0
12.72,1.68,13.16,0.0,0.0
14.07,12.02,22.78,0.0,0.0
13.17,5.17,29.19,0.0,0.0
12.27,16.37,28.06,0.0,0.0
11.37,15.37,19.66,0.0,0.0
11.37,3.68,13.07,0.0,0.0
12.72,5.17,11.22,0.0,0.0
12.72,3.84,8.88,0.0,0.0
11.82,2.67,8.27,0.0,0.0
10.92,1.67,8.0,0.0,0.0
10.02,6.68,7.88,0.0,0.0
9.13,7.01,7.73,0.0,0.0
5.08,7.18,3.62,0.0,0.0
2.38,2.51,2.13,0.0,0.0
2.38,0.0,0.0,0.0,0.0
1.92,0.0,0.0,0.0,0.0
2.37,0.0,0.0,0.0,0.0
1.92,0.0,0.44,0.0,0.0
3.27,0.0,1.22,0.0,0.0
6.43,0.0,1.13,0.0,0.0
6.88,2.55,0.06,0.0,0.0
7.78,2.5,0.0,0.0,0.0
9.13,5.51,2.93,0.0,0.0
10.47,2.17,5.57,0.0,0.0
12.72,1.68,11.45,0.0,0.0
14.07,12.03,22.51,0.0,0.0
13.17,5.18,25.41,0.0,0.0
12.27,16.38,23.35,0.0,0.0
11.37,15.37,20.19,0.0,0.0
11.37,3.68,17.43,0.0,0.0
12.72,5.18,16.7,0.0,0.0
12.72,3.85,11.0,0.0,0.0
11.82,2.67,8.72,0.0,0.0
10.92,1.67,8.3,0.0,0.0
10.02,6.68,7.59,0.0,0.0
9.13,7.02,5.64,0.0,0.0
5.08,7.19,2.03,0.0,0.0
2.38,2.51,1.18,0.0,0.0
2.38,0.0,0.0,0.0,0.0
1.92,0.0,0.0,0.0,0.0
2.37,0.0,0.0,0.0,0.0
1.92,0.0,0.16,0.0,0.0
3.27,0.0,0.0,0.0,0.0
6.41,0.0,0.08,0.0,0.0
6.88,0.0,0.0,0.0,0.0
7.78,2.56,0.0,0.0,0.0
9.13,2.5,0.0,0.0,0.0
10.47,2.51,0.42,0.0,0.0
12.72,1.67,4.28,0.0,0.0
14.07,12.04,8.02,0.0,0.0
13.17,10.03,8.36,0.0,0.0
12.27,16.39,8.58,0.0,0.0
11.37,15.38,10.16,0.0,0.0
11.37,4.18,13.71,0.0,0.0
12.72,4.18,10.95,0.0,0.0
12.72,3.84,7.96,0.0,0.0
11.82,2.68,6.37,0.0,0.0
10.92,1.67,5.03,0.0,0.0
10.02,6.68,4.73,0.0,0.0
9.13,7.02,4.37,0.0,0.0
5.08,7.19,0.31,0.0,0.0
2.38,0.0,0.38,0.0,0.0
2.38,0.0,0.0,0.0,0.0
1.92,0.0,0.0,0.0,0.0
2.37,0.0,0.0,0.0,0.0
1.92,0.0,0.22,0.0,0.0
3.27,0.0,0.0,0.0,0.0
6.41,0.0,0.02,0.0,0.0
6.88,0.0,0.0,0.0,0.0
7.78,2.57,0.0,0.0,0.0
9.13,2.51,0.3,0.0,0.0
10.47,2.51,3.5,0.0,0.0
12.72,1.67,7.36,0.0,0.0
14.07,12.05,11.49,0.0,0.0
13.17,10.04,14.48,0.0,0.0
12.27,16.39,14.05,0.0,0.0
11.37,15.39,11.21,0.0,0.0
11.37,4.18,9.16,0.0,0.0
12.72,4.18,8.62,0.0,0.0
12.72,3.85,8.3,0.0,0.0
11.82,2.67,7.06,0.0,0.0
10.92,1.68,5.85,0.0,0.0
10.02,6.68,5.82,0.0,0.0
9.13,7.02,5.64,0.0,0.0
5.08,7.19,2.39,0.0,0.0
2.38,0.0,1.64,0.0,0.0
2.38,0.0,0.0,0.0,0.0
1.92,0.0,0.0,0.0,0.0
2.37,0.0,0.0,0.0,0.0
1.92,0.0,0.26,0.0,0.0
3.27,0.0,0.02,0.0,0.0
6.43,0.0,0.25,0.0,0.0
6.88,2.57,0.0,0.0,0.0
7.78,2.51,0.17,0.0,0.0
9.13,5.52,4.16,0.0,0.0
10.47,2.17,6.86,0.0,0.0
12.72,1.67,14.73,0.0,0.0
14.07,12.05,22.49,0.0,0.0
13.17,5.19,27.69,0.0,0.0
12.27,16.4,27.47,0.0,0.0
11.37,15.4,22.1,0.0,0.0
11.37,3.68,19.23,0.0,0.0
12.72,5.18,18.08,0.0,0.0
12.72,3.85,12.32,0.0,0.0
11.82,2.68,10.0,0.0,0.0
10.92,1.67,10.43,0.0,0.0
10.02,6.69,10.11,0.0,0.0
9.13,7.03,9.76,0.0,0.0
5.08,7.2,5.53,0.0,0.0
2.38,2.51,3.23,0.0,0.0
2.38,0.0,0.0,0.0,0.0
1.92,0.0,0.0,0.0,0.0
2.37,0.0,0.0,0.0,0.0
1.92,0.0,0.37,0.0,0.0
3.27,0.0,0.28,0.0,0.0
6.41,0.0,0.44,0.0,0.0
6.88,0.0,0.75,0.0,0.0
7.78,2.56,3.09,0.0,0.0
9.13,2.51,5.22,0.0,0.0
10.47,2.51,7.62,0.0,0.0
12.72,1.67,13.6,0.0,0.0
14.07,12.05,22.83,0.0,0.0
13.17,10.05,27.99,0.0,0.0
12.27,16.41,27.47,0.0,0.0
11.37,15.4,23.34,0.0,0.0
11.37,4.19,21.57,0.0,0.0
12.72,4.19,20.53,0.0,0.0
12.72,3.85,17.27,0.0,0.0
11.82,2.68,11.25,0.0,0.0
10.92,1.67,9.89,0.0,0.0
10.02,6.69,9.47,0.0,0.0
9.13,7.03,9.07,0.0,0.0
5.08,7.2,4.8,0.0,0.0
2.38,0.0,2.59,0.0,0.0
2.38,0.0,0.0,0.0,0.0
1.92,0.0,0.0,0.0,0.0
2.37,0.0,0.0,0.0,0.0
1.92,0.0,0.85,0.0,0.0
3.27,0.0,0.41,0.0,0.0
6.43,0.0,1.1,0.0,0.0
6.88,2.57,2.44,0.0,0.0
7.78,2.51,3.08,0.0,0.0
9.13,5.52,6.26,0.0,0.0
10.47,2.18,8.07,0.0,0.0
12.72,1.67,15.47,0.0,0.0
14.07,12.06,24.81,0.0,0.0
13.17,5.19,30.14,0.0,0.0
12.27,16.41,31.12,0.0,0.0
11.37,15.41,26.59,0.0,0.0
11.37,3.69,23.16,0.0,0.0
12.72,5.19,21.75,0.0,0.0
12.72,3.85,21.82,0.0,0.0
11.82,2.68,17.06,0.0,0.0
10.92,1.67,14.29,0.0,0.0
10.02,6.7,13.59,0.0,0.0
9.13,7.03,12.42,0.0,0.0
5.08,7.2,8.49,0.0,0.0
2.38,2.51,6.16,0.0,0.0
2.38,0.0,0.0,0.0,0.0
1.92,0.0,0.0,0.0,0.0
2.37,0.0,0.0,0.0,0.0
1.92,0.0,1.49,0.0,0.0
3.27,0.0,1.16,0.0,0.0
6.43,0.0,3.08,0.0,0.0
6.88,2.55,4.64,0.0,0.0
7.78,2.52,4.86,0.0,0.0
9.13,5.53,8.01,0.0,0.0
10.47,2.18,9.41,0.0,0.0
12.72,1.67,13.94,0.0,0.0
14.07,12.06,22.75,0.0,0.0
13.17,5.2,25.76,0.0,0.0
12.27,16.42,18.21,0.0,0.0
11.37,15.41,9.98,0.0,0.0
11.37,3.69,8.61,0.0,0.0
12.72,5.19,7.98,0.0,0.0
12.72,3.85,7.33,0.0,0.0
11.82,2.68,6.54,0.0,0.0
10.92,1.67,6.08,0.0,0.0
10.02,6.7,5.68,0.0,0.0
9.13,7.03,5.02,0.0,0.0
5.08,7.2,1.07,0.0,0.0
2.38,2.51,0.88,0.0,0.0
2.38,0.0,0.0,0.0,0.0
1.92,0.0,0.0,0.0,0.0
2.37,0.0,0.0,0.0,0.0
1.92,0.0,0.21,0.0,0.0
3.27,0.0,0.81,0.0,0.0
6.43,0.0,2.36,0.0,0.0
6.88,2.55,1.81,0.0,0.0
7.78,2.52,0.81,0.0,0.0
9.13,5.53,5.16,0.0,0.0
10.47,2.18,8.91,0.0,0.0
12.72,1.67,17.92,0.0,0.0
14.07,12.06,27.16,0.0,0.0
13.17,5.2,34.23,0.0,0.0
12.27,16.43,34.74,0.0,0.0
11.37,15.42,29.2,0.0,0.0
11.37,3.69,23.7,0.0,0.0
12.72,5.19,22.9,0.0,0.0
12.72,3.86,21.9,0.0,0.0
11.82,2.68,15.38,0.0,0.0
10.92,1.68,11.28,0.0,0.0
10.02,6.7,11.77,0.0,0.0
9.13,7.04,11.97,0.0,0.0
5.08,7.21,8.52,0.0,0.0
2.38,2.51,6.39,0.0,0.0
2.38,0.0,0.0,0.0,0.0
1.92,0.0,0.0,0.0,0.0
2.37,0.0,0.0,0.0,0.0
1.92,0.0,1.82,0.0,0.0
3.27,0.0,1.85,0.0,0.0
6.41,0.0,4.1,0.0,0.0
6.88,0.0,0.94,0.0,0.0
7.78,2.56,0.0,0.0,0.0
9.13,2.51,0.24,0.0,0.0
10.47,2.52,2.85,0.0,0.0
12.72,1.67,6.08,0.0,0.0
14.07,12.07,8.83,0.0,0.0
13.17,10.06,12.92,0.0,0.0
12.27,16.43,22.74,0.0,0.0
11.37,15.42,27.52,0.0,0.0
11.37,4.19,26.67,0.0,0.0
12.72,4.19,24.0,0.0,0.0
12.72,3.85,13.91,0.0,0.0
11.82,2.68,16.97,0.0,0.0
10.92,1.67,28.36,0.0,0.0
10.02,6.7,25.84,0.0,0.0
9.13,7.04,19.39,0.0,0.0
5.08,7.21,8.26,0.0,0.0
2.38,0.0,4.65,0.0,0.0
2.38,0.0,0.0,0.0,0.0
1.92,0.0,0.0,0.0,0.0
2.37,0.0,0.0,0.0,0.0
1.92,0.0,1.08,0.0,0.0
3.27,0.0,0.49,0.0,0.0
6.41,0.0,0.83,0.0,0.0
6.88,0.0,0.06,0.0,0.0
7.78,2.58,0.0,0.0,0.0
9.13,2.52,0.0,0.0,0.0
10.47,2.52,0.0,0.0,0.0
12.72,1.67,1.24,0.0,0.0
14.07,12.08,4.32,0.0,0.0
13.17,10.07,4.84,0.0,0.0
12.27,16.43,4.34,0.0,0.0
11.37,15.43,3.92,0.0,0.0
11.37,4.19,3.73,0.0,0.0
12.72,4.19,3.33,0.0,0.0
12.72,3.86,2.76,0.0,0.0
11.82,2.68,2.16,0.0,0.0
10.92,1.68,2.27,0.0,0.0
10.02,6.7,2.18,0.0,0.0
9.13,7.04,0.69,0.0,0.0
5.08,7.21,0.0,0.0,0.0
2.38,0.0,0.0,0.0,0.0
2.38,0.0,0.0,0.0,0.0
1.92,0.0,0.0,0.0,0.0
2.37,0.0,0.0,0.0,0.0
1.92,0.0,0.04,0.0,0.0
3.27,0.0,0.0,0.0,0.0
6.43,0.0,0.0,0.0,0.0
6.88,2.57,0.0,0.0,0.0
7.78,2.52,0.0,0.0,0.0
9.13,5.53,0.0,0.0,0.0
10.47,2.18,0.0,0.0,0.0
12.72,1.67,0.24,0.0,0.0
14.07,12.08,2.1,0.0,0.0
13.17,5.2,3.09,0.0,0.0
12.27,16.43,3.91,0.0,0.0
11.37,15.43,4.66,0.0,0.0
11.37,3.69,4.93,0.0,0.0
12.72,5.19,4.6,0.0,0.0
12.72,3.86,3.81,0.0,0.0
11.82,2.68,2.83,0.0,0.0
10.92,1.67,1.37,0.0,0.0
10.02,6.71,0.53,0.0,0.0
9.13,7.04,0.04,0.0,0.0
5.08,7.21,0.0,0.0,0.0
2.38,2.51,0.0,0.0,0.0
2.38,0.0,0.0,0.0,0.0
1.92,0.0,0.0,0.0,0.0
2.37,0.0,0.0,0.0,0.0
1.92,0.0,0.0,0.0,0.0
3.27,0.0,0.0,0.0,0.0
6.43,0.0,0.0,0.0,0.0
6.88,2.55,0.0,0.0,0.0
7.78,2.52,0.0,0.0,0.0
9.13,5.53,0.0,0.0,0.0
10.47,2.18,0.0,0.0,0.0
12.72,1.67,0.66,0.0,0.0
14.07,12.07,3.59,0.0,0.0
13.17,5.2,4.75,0.0,0.0
12.27,16.44,5.14,0.0,0.0
11.37,15.43,5.3,0.0,0.0
11.37,3.69,5.22,0.0,0.0
12.72,5.19,5.09,0.0,0.0
12.72,3.86,4.42,0.0,0.0
11.82,2.68,3.85,0.0,0.0
10.92,1.68,2.58,0.0,0.0
10.02,6.71,2.52,0.0,0.0
9.13,7.04,1.89,0.0,0.0
5.08,7.21,0.05,0.0,0.0
2.38,2.51,0.37,0.0,0.0
2.38,0.0,0.0,0.0,0.0
1.92,0.0,0.0,0.0,0.0
2.37,0.0,0.0,0.0,0.0
1.92,0.0,0.03,0.0,0.0
3.27,0.0,0.0,0.0,0.0
6.43,0.0,0.0,0.0,0.0
6.88,2.55,0.0,0.0,0.0
7.78,2.52,0.0,0.0,0.0
9.13,5.53,1.18,0.0,0.0
10.47,2.18,4.81,0.0,0.0
12.72,1.67,10.9,0.0,0.0
14.07,12.08,19.04,0.0,0.0
13.17,5.2,24.23,0.0,0.0
12.27,16.44,25.41,0.0,0.0
11.37,15.43,24.14,0.0,0.0
11.37,3.69,21.09,0.0,0.0
12.72,5.2,19.93,0.0,0.0
12.72,3.86,17.0,0.0,0.0
11.82,2.68,11.15,0.0,0.0
10.92,1.68,10.95,0.0,0.0
10.02,6.71,11.25,0.0,0.0
9.13,7.05,9.85,0.0,0.0
5.08,7.21,3.06,0.0,0.0
2.38,2.51,1.36,0.0,0.0
2.38,0.0,0.0,0.0,0.0
1.92,0.0,0.0,0.0,0.0
2.37,0.0,0.0,0.0,0.0
1.92,0.0,0.11,0.0,0.0
3.27,0.0,0.0,0.0,0.0
6.43,0.0,0.04,0.0,0.0
6.88,2.55,0.0,0.0,0.0
7.78,2.52,0.0,0.0,0.0
9.13,5.53,0.0,0.0,0.0
10.47,2.18,0.0,0.0,0.0
12.72,1.67,0.0,0.0,0.0
14.07,12.07,0.0,0.0,0.0
13.17,5.2,0.47,0.0,0.0
12.27,16.44,0.96,0.0,0.0
11.37,15.44,1.12,0.0,0.0
11.37,3.69,1.18,0.0,0.0
12.72,5.2,0.98,0.0,0.0
12.72,3.86,0.63,0.0,0.0
11.82,2.68,0.05,0.0,0.0
10.92,1.68,0.0,0.0,0.0
10.02,6.71,0.0,0.0,0.0
9.13,7.04,0.0,0.0,0.0
5.08,7.21,0.0,0.0,0.0
2.38,2.51,0.0,0.0,0.0
2.38,0.0,0.0,0.0,0.0
1.92,0.0,0.0,0.0,0.0
2.37,0.0,0.0,0.0,0.0
1.92,0.0,0.0,0.0,0.0
3.27,0.0,0.0,0.0,0.0
6.43,0.0,0.0,0.0,0.0
6.88,2.55,0.0,0.0,0.0
7.78,2.52,0.0,0.0,0.0
9.13,5.53,0.0,0.0,0.0
10.47,2.18,0.0,0.0,0.0
12.72,1.67,0.0,0.0,0.0
14.07,12.08,0.0,0.0,0.0
13.17,5.2,0.0,0.0,0.0
12.27,16.44,0.0,0.0,0.0
11.37,15.44,0.0,0.0,0.0
11.37,3.69,0.0,0.0,0.0
12.72,5.2,0.0,0.0,0.0
12.72,3.86,0.0,0.0,0.0
11.82,2.68,0.0,0.0,0.0
10.92,1.67,0.0,0.0,0.0
10.02,6.71,0.0,0.0,0.0
9.13,7.04,0.0,0.0,0.0
5.08,7.21,0.0,0.0,0.0
2.38,2.51,0.0,0.0,0.0
2.38,0.0,0.0,0.0,0.0
1.92,0.0,0.0,0.0,0.0
2.37,0.0,0.0,0.0,0.0
1.92,0.0,0.0,0.0,0.0
3.27,0.0,0.0,0.0,0.0
6.41,0.0,0.0,0.0,0.0
6.88,0.0,0.0,0.0,0.0
7.78,2.55,0.0,0.0,0.0
9.13,2.52,0.0,0.0,0.0
10.47,2.51,0.0,0.0,0.0
12.72,1.68,0.0,0.0,0.0
14.07,12.08,0.0,0.0,0.0
13.17,10.07,0.02,0.0,0.0
12.27,16.44,0.02,0.0,0.0
11.37,15.44,0.0,0.0,0.0
11.37,4.19,0.0,0.0,0.0
12.72,4.19,0.0,0.0,0.0
12.72,3.86,0.0,0.0,0.0
11.82,2.68,0.0,0.0,0.0
10.92,1.68,0.0,0.0,0.0
10.02,6.71,0.0,0.0,0.0
9.13,7.04,0.0,0.0,0.0
5.08,7.21,0.0,0.0,0.0
2.38,0.0,0.0,0.0,0.0
2.38,0.0,0.0,0.0,0.0
1.92,0.0,0.0,0.0,0.0
2.37,0.0,0.0,0.0,0.0
1.92,0.0,0.0,0.0,0.0
3.27,0.0,0.0,0.0,0.0
6.41,0.0,0.0,0.0,0.0
6.88,0.0,0.0,0.0,0.0
7.78,2.58,0.0,0.0,0.0
9.13,2.52,0.0,0.0,0.0
10.47,2.51,0.0,0.0,0.0
12.72,1.68,0.0,0.0,0.0
14.07,12.08,1.68,0.0,0.0
13.17,10.07,2.64,0.0,0.0
12.27,16.44,2.95,0.0,0.0
11.37,15.44,3.22,0.0,0.0
11.37,4.19,3.29,0.0,0.0
12.72,4.19,2.85,0.0,0.0
12.72,3.86,1.54,0.0,0.0
11.82,2.68,0.07,0.0,0.0
10.92,1.68,0.0,0.0,0.0
10.02,6.71,0.0,0.0,0.0
9.13,7.04,0.0,0.0,0.0
5.08,7.21,0.0,0.0,0.0
2.38,0.0,0.0,0.0,0.0
2.38,0.0,0.0,0.0,0.0
1.92,0.0,0.0,0.0,0.0
2.37,0.0,0.0,0.0,0.0
1.92,0.0,0.0,0.0,0.0
3.27,0.0,0.0,0.0,0.0
6.43,0.0,0.0,0.0,0.0
6.88,2.57,0.0,0.0,0.0
7.78,2.51,0.0,0.0,0.0
9.13,5.53,0.0,0.0,0.0
10.47,2.18,0.0,0.0,0.0
12.72,1.67,1.08,0.0,0.0
14.07,12.08,3.59,0.0,0.0
13.17,5.2,4.45,0.0,0.0
12.27,16.44,5.0,0.0,0.0
11.37,15.44,5.2,0.0,0.0
11.37,3.69,5.27,0.0,0.0
12.72,5.2,4.9,0.0,0.0
12.72,3.86,3.98,0.0,0.0
11.82,2.68,2.98,0.0,0.0
10.92,1.67,2.08,0.0,0.0
10.02,6.71,1.33,0.0,0.0
9.13,7.04,0.21,0.0,0.0
5.08,7.21,0.0,0.0,0.0
2.38,2.51,0.0,0.0,0.0
2.38,0.0,0.0,0.0,0.0
1.92,0.0,0.0,0.0,0.0
2.37,0.0,0.0,0.0,0.0
1.92,0.0,0.0,0.0,0.0
3.27,0.0,0.04,0.0,0.0
6.43,0.0,0.0,0.0,0.0
6.88,2.55,0.0,0.0,0.0
7.78,2.52,0.0,0.0,0.0
9.13,5.53,0.08,0.0,0.0
10.47,2.18,1.83,0.0,0.0
12.72,1.67,4.67,0.0,0.0
14.07,12.07,8.13,0.0,0.0
13.17,5.2,13.81,0.0,0.0
12.27,16.44,14.16,0.0,0.0
11.37,15.43,10.94,0.0,0.0
11.37,3.69,9.05,0.0,0.0
12.72,5.19,6.86,0.0,0.0
12.72,3.86,5.58,0.0,0.0
11.82,2.68,4.41,0.0,0.0
10.92,1.68,3.0,0.0,0.0
10.02,6.71,2.62,0.0,0.0
9.13,7.04,1.12,0.0,0.0
5.08,7.21,0.0,0.0,0.0
2.38,2.51,0.03,0.0,0.0
2.38,0.0,0.0,0.0,0.0
1.92,0.0,0.0,0.0,0.0
2.37,0.0,0.0,0.0,0.0
1.92,0.0,0.04,0.0,0.0
3.27,0.0,0.04,0.0,0.0
6.43,0.0,0.0,0.0,0.0
6.88,2.55,0.0,0.0,0.0
7.78,2.52,0.0,0.0,0.0
9.13,5.53,0.31,0.0,0.0
10.47,2.18,2.67,0.0,0.0
12.72,1.67,6.18,0.0,0.0
14.07,12.07,12.16,0.0,0.0
13.17,5.2,15.5,0.0,0.0
12.27,16.43,17.96,0.0,0.0
11.37,15.43,16.74,0.0,0.0
11.37,3.69,12.29,0.0,0.0
12.72,5.19,8.9,0.0,0.0
12.72,3.86,7.18,0.0,0.0
11.82,2.68,5.9,0.0,0.0
10.92,1.68,4.85,0.0,0.0
10.02,6.71,4.29,0.0,0.0
9.13,7.04,3.44,0.0,0.0
5.08,7.21,0.05,0.0,0.0
2.38,2.51,0.26,0.0,0.0
2.38,0.0,0.0,0.0,0.0
1.92,0.0,0.0,0.0,0.0
2.37,0.0,0.0,0.0,0.0
1.92,0.0,0.02,0.0,0.0
3.27,0.0,0.0,0.0,0.0
6.43,0.0,0.0,0.0,0.0
6.88,2.55,0.0,0.0,0.0
7.78,2.52,0.0,0.0,0.0
9.13,5.53,1.14,0.0,0.0
10.47,2.18,3.92,0.0,0.0
12.72,1.67,6.58,0.0,0.0
14.07,12.07,14.0,0.0,0.0
13.17,5.2,18.64,0.0,0.0
12.27,16.43,18.84,0.0,0.0
11.37,15.42,17.74,0.0,0.0
11.37,3.69,16.17,0.0,0.0
12.72,5.19,15.32,0.0,0.0
12.72,3.86,10.3,0.0,0.0
11.82,2.68,7.37,0.0,0.0
10.92,1.68,6.31,0.0,0.0
10.02,6.7,5.75,0.0,0.0
9.13,7.04,5.22,0.0,0.0
5.08,7.21,1.24,0.0,0.0
2.38,2.51,1.05,0.0,0.0
2.38,0.0,0.0,0.0,0.0
1.92,0.0,0.0,0.0,0.0
2.37,0.0,0.0,0.0,0.0
1.92,0.0,0.17,0.0,0.0
3.27,0.0,0.27,0.0,0.0
6.43,0.0,0.62,0.0,0.0
6.88,2.55,0.0,0.0,0.0
7.78,2.52,0.0,0.0,0.0
9.13,5.53,0.0,0.0,0.0
10.47,2.18,0.0,0.0,0.0
12.72,1.67,0.0,0.0,0.0
14.07,12.07,0.52,0.0,0.0
13.17,5.2,0.55,0.0,0.0
12.27,16.43,0.86,0.0,0.0
11.37,15.42,1.31,0.0,0.0
11.37,3.69,1.6,0.0,0.0
12.72,5.19,1.8,0.0,0.0
12.72,3.86,1.69,0.0,0.0
11.82,2.68,1.14,0.0,0.0
10.92,1.68,0.11,0.0,0.0
10.02,6.7,0.08,0.0,0.0
9.13,7.04,0.0,0.0,0.0
5.08,7.21,0.0,0.0,0.0
2.38,2.51,0.0,0.0,0.0
2.38,0.0,0.0,0.0,0.0
1.92,0.0,0.0,0.0,0.0
2.37,0.0,0.0,0.0,0.0
1.92,0.0,0.0,0.0,0.0
3.27,0.0,0.0,0.0,0.0
6.41,0.0,0.0,0.0,0.0
6.88,0.0,0.0,0.0,0.0
7.78,2.55,0.0,0.0,0.0
9.13,2.51,0.0,0.0,0.0
10.47,2.51,0.0,0.0,0.0
12.72,1.67,0.0,0.0,0.0
14.07,12.07,0.04,0.0,0.0
13.17,10.06,0.45,0.0,0.0
12.27,16.42,0.81,0.0,0.0
11.37,15.42,1.0,0.0,0.0
11.37,4.19,1.4,0.0,0.0
12.72,4.19,1.65,0.0,0.0
12.72,3.85,1.28,0.0,0.0
11.82,2.68,0.28,0.0,0.0
10.92,1.68,0.0,0.0,0.0
10.02,6.7,0.0,0.0,0.0
9.13,7.04,0.0,0.0,0.0
5.08,7.21,0.0,0.0,0.0
2.38,0.0,0.0,0.0,0.0
2.38,0.0,0.0,0.0,0.0
1.92,0.0,0.0,0.0,0.0
2.37,0.0,0.0,0.0,0.0
1.92,0.0,0.0,0.0,0.0
3.27,0.0,0.0,0.0,0.0
6.41,0.0,0.0,0.0,0.0
6.88,0.0,0.0,0.0,0.0
7.78,2.57,0.0,0.0,0.0
9.13,2.52,0.0,0.0,0.0
10.47,2.51,0.79,0.0,0.0
12.72,1.67,3.82,0.0,0.0
14.07,12.06,7.92,0.0,0.0
13.17,10.05,18.07,0.0,0.0
12.27,16.42,21.82,0.0,0.0
11.37,15.41,19.58,0.0,0.0
11.37,4.19,18.1,0.0,0.0
12.72,4.19,15.99,0.0,0.0
12.72,3.85,9.01,0.0,0.0
11.82,2.68,7.29,0.0,0.0
10.92,1.68,6.34,0.0,0.0
10.02,6.7,5.77,0.0,0.0
9.13,7.03,4.55,0.0,0.0
5.08,7.2,0.56,0.0,0.0
2.38,0.0,0.35,0.0,0.0
2.38,0.0,0.0,0.0,0.0
1.92,0.0,0.0,0.0,0.0
2.37,0.0,0.0,0.0,0.0
1.92,0.0,0.28,0.0,0.0
3.27,0.0,0.0,0.0,0.0
6.43,0.0,0.12,0.0,0.0
6.88,2.57,0.0,0.0,0.0
7.78,2.51,0.0,0.0,0.0
9.13,5.52,2.07,0.0,0.0
10.47,2.18,4.4,0.0,0.0
12.72,1.67,7.15,0.0,0.0
14.07,12.05,13.23,0.0,0.0
13.17,5.19,15.95,0.0,0.0
12.27,16.41,14.66,0.0,0.0
11.37,15.41,15.89,0.0,0.0
11.37,3.69,14.92,0.0,0.0
12.72,5.19,13.36,0.0,0.0
12.72,3.85,9.74,0.0,0.0
11.82,2.68,7.78,0.0,0.0
10.92,1.67,7.19,0.0,0.0
10.02,6.7,7.05,0.0,0.0
9.13,7.03,6.99,0.0,0.0
5.08,7.2,2.99,0.0,0.0
2.38,2.51,1.86,0.0,0.0
2.38,0.0,0.0,0.0,0.0
1.92,0.0,0.0,0.0,0.0
2.37,0.0,0.0,0.0,0.0
1.92,0.0,0.32,0.0,0.0
3.27,0.0,1.16,0.0,0.0
6.43,0.0,2.59,0.0,0.0
6.88,2.55,2.44,0.0,0.0
7.78,2.51,1.8,0.0,0.0
9.13,5.52,5.49,0.0,0.0
10.47,2.17,7.12,0.0,0.0
12.72,1.67,6.96,0.0,0.0
14.07,12.05,10.32,0.0,0.0
13.17,5.19,21.23,0.0,0.0
12.27,16.41,28.37,0.0,0.0
11.37,15.4,25.23,0.0,0.0
11.37,3.69,23.08,0.0,0.0
12.72,5.18,23.0,0.0,0.0
12.72,3.85,23.2,0.0,0.0
11.82,2.68,23.37,0.0,0.0
10.92,1.67,17.57,0.0,0.0
10.02,6.69,13.54,0.0,0.0
9.13,7.03,10.57,0.0,0.0
5.08,7.2,6.59,0.0,0.0
2.38,2.51,4.27,0.0,0.0
2.38,0.0,0.0,0.0,0.0
1.92,0.0,0.0,0.0,0.0
2.37,0.0,0.0,0.0,0.0
1.92,0.0,0.89,0.0,0.0
3.27,0.0,0.41,0.0,0.0
6.43,0.0,0.9,0.0,0.0
6.88,2.55,2.44,0.0,0.0
7.78,2.51,3.73,0.0,0.0
9.13,5.52,8.17,0.0,0.0
10.47,2.17,18.83,0.0,0.0
12.72,1.67,24.84,0.0,0.0
14.07,12.04,31.85,0.0,0.0
13.17,5.19,37.63,0.0,0.0
12.27,16.4,35.41,0.0,0.0
11.37,15.39,29.45,0.0,0.0
11.37,3.68,25.65,0.0,0.0
12.72,5.18,23.88,0.0,0.0
12.72,3.85,22.26,0.0,0.0
11.82,2.67,22.41,0.0,0.0
10.92,1.67,17.42,0.0,0.0
10.02,6.69,13.16,0.0,0.0
9.13,7.03,10.38,0.0,0.0
5.08,7.19,6.63,0.0,0.0
2.38,2.51,3.92,0.0,0.0
2.38,0.0,0.0,0.0,0.0
1.92,0.0,0.0,0.0,0.0
2.37,0.0,0.0,0.0,0.0
1.92,0.0,0.28,0.0,0.0
3.27,0.0,0.0,0.0,0.0
6.43,0.0,0.03,0.0,0.0
6.88,2.55,0.0,0.0,0.0
7.78,2.51,0.0,0.0,0.0
9.13,5.52,0.0,0.0,0.0
10.47,2.17,0.0,0.0,0.0
12.72,1.67,0.0,0.0,0.0
14.07,12.04,0.99,0.0,0.0
13.17,5.18,2.09,0.0,0.0
12.27,16.4,3.04,0.0,0.0
11.37,15.38,3.66,0.0,0.0
11.37,3.68,4.01,0.0,0.0
12.72,5.18,3.98,0.0,0.0
12.72,3.85,3.48,0.0,0.0
11.82,2.67,2.98,0.0,0.0
10.92,1.67,2.43,0.0,0.0
10.02,6.69,1.81,0.0,0.0
9.13,7.02,1.16,0.0,0.0
5.08,7.19,0.0,0.0,0.0
2.38,2.51,0.0,0.0,0.0
2.38,0.0,0.0,0.0,0.0
1.92,0.0,0.0,0.0,0.0
2.37,0.0,0.0,0.0,0.0
1.92,0.0,0.0,0.0,0.0
3.27,0.0,0.0,0.0,0.0
6.43,0.0,0.0,0.0,0.0
6.88,2.54,0.0,0.0,0.0
7.78,2.51,0.0,0.0,0.0
9.13,5.51,0.0,0.0,0.0
10.47,2.17,0.49,0.0,0.0
12.72,1.67,3.52,0.0,0.0
14.07,12.03,6.63,0.0,0.0
13.17,5.18,9.94,0.0,0.0
12.27,16.38,10.59,0.0,0.0
11.37,15.37,10.79,0.0,0.0
11.37,3.68,9.55,0.0,0.0
12.72,5.18,7.97,0.0,0.0
12.72,3.85,7.55,0.0,0.0
11.82,2.67,6.85,0.0,0.0
10.92,1.67,5.98,0.0,0.0
10.02,6.68,6.3,0.0,0.0
9.13,7.02,5.67,0.0,0.0
5.08,7.19,3.1,0.0,0.0
2.38,2.51,2.54,0.0,0.0
2.38,0.0,0.0,0.0,0.0
1.92,0.0,0.0,0.0,0.0
2.37,0.0,0.0,0.0,0.0
1.92,0.0,0.38,0.0,0.0
3.27,0.0,0.18,0.0,0.0
6.41,0.0,0.3,0.0,0.0
6.88,0.0,0.0,0.0,0.0
7.78,2.56,0.83,0.0,0.0
9.13,2.5,3.6,0.0,0.0
10.47,2.51,7.41,0.0,0.0
12.72,1.67,14.08,0.0,0.0
14.07,12.03,22.26,0.0,0.0
13.17,10.02,24.79,0.0,0.0
12.27,16.38,26.19,0.0,0.0
11.37,15.38,23.74,0.0,0.0
11.37,4.18,21.08,0.0,0.0
12.72,4.17,20.11,0.0,0.0
12.72,3.84,18.57,0.0,0.0
11.82,2.68,16.39,0.0,0.0
10.92,1.67,11.66,0.0,0.0
10.02,6.68,9.67,0.0,0.0
9.13,7.02,9.61,0.0,0.0
5.08,7.18,6.49,0.0,0.0
2.38,0.0,3.74,0.0,0.0
2.38,0.0,0.0,0.0,0.0
1.92,0.0,0.0,0.0,0.0
2.37,0.0,0.0,0.0,0.0
1.92,0.0,1.09,0.0,0.0
3.27,0.0,0.7,0.0,0.0
6.41,0.0,1.93,0.0,0.0
6.88,0.0,2.58,0.0,0.0
7.78,2.56,4.04,0.0,0.0
9.13,2.5,6.31,0.0,0.0
10.47,2.5,11.78,0.0,0.0
12.72,1.67,19.16,0.0,0.0
14.07,12.02,22.45,0.0,0.0
13.17,10.02,25.91,0.0,0.0
12.27,16.36,26.13,0.0,0.0
11.37,15.37,26.09,0.0,0.0
11.37,4.17,25.25,0.0,0.0
12.72,4.17,25.6,0.0,0.0
12.72,3.84,24.28,0.0,0.0
11.82,2.67,21.41,0.0,0.0
10.92,1.67,15.79,0.0,0.0
10.02,6.67,10.8,0.0,0.0
9.13,7.01,9.41,0.0,0.0
5.08,7.18,5.15,0.0,0.0
2.38,0.0,2.59,0.0,0.0
2.38,0.0,0.0,0.0,0.0
1.92,0.0,0.0,0.0,0.0
2.37,0.0,0.0,0.0,0.0
1.92,0.0,0.57,0.0,0.0
3.27,0.0,0.25,0.0,0.0
6.43,0.0,0.44,0.0,0.0
6.88,2.56,0.07,0.0,0.0
7.78,2.5,0.27,0.0,0.0
9.13,5.5,1.64,0.0,0.0
10.47,2.17,1.85,0.0,0.0
12.72,1.66,3.37,0.0,0.0
14.07,12.01,5.08,0.0,0.0
13.17,5.18,6.08,0.0,0.0
12.27,16.35,6.59,0.0,0.0
11.37,15.35,7.32,0.0,0.0
11.37,3.67,8.0,0.0,0.0
12.72,5.17,8.04,0.0,0.0
12.72,3.84,6.96,0.0,0.0
11.82,2.67,6.28,0.0,0.0
10.92,1.67,5.83,0.0,0.0
10.02,6.67,5.34,0.0,0.0
9.13,7.01,4.62,0.0,0.0
5.08,7.17,0.71,0.0,0.0
2.38,2.5,0.83,0.0,0.0
2.38,0.0,0.0,0.0,0.0
1.92,0.0,0.0,0.0,0.0
2.37,0.0,0.0,0.0,0.0
1.92,0.0,0.26,0.0,0.0
3.27,0.0,0.27,0.0,0.0
6.43,0.0,0.79,0.0,0.0
6.88,2.54,0.0,0.0,0.0
7.78,2.5,0.01,0.0,0.0
9.13,5.5,3.09,0.0,0.0
10.47,2.17,5.47,0.0,0.0
12.72,1.67,11.3,0.0,0.0
14.07,12.0,20.37,0.0,0.0
13.17,5.17,24.2,0.0,0.0
12.27,16.35,23.57,0.0,0.0
11.37,15.34,20.04,0.0,0.0
11.37,3.67,16.53,0.0,0.0
12.72,5.16,13.44,0.0,0.0
12.72,3.84,10.26,0.0,0.0
11.82,2.66,9.47,0.0,0.0
10.92,1.67,9.38,0.0,0.0
10.02,6.67,9.47,0.0,0.0
9.13,7.0,9.29,0.0,0.0
5.08,7.17,6.19,0.0,0.0
2.38,2.5,2.15,0.0,0.0
2.38,0.0,0.0,0.0,0.0
1.92,0.0,0.0,0.0,0.0
2.37,0.0,0.0,0.0,0.0
1.92,0.0,0.01,0.0,0.0
3.27,0.0,0.0,0.0,0.0
6.43,0.0,0.0,0.0,0.0
6.88,2.54,0.0,0.0,0.0
7.78,2.5,0.0,0.0,0.0
9.13,5.5,0.0,0.0,0.0
10.47,2.16,0.0,0.0,0.0
12.72,1.67,0.0,0.0,0.0
14.07,12.0,0.0,0.0,0.0
13.17,5.16,0.0,0.0,0.0
12.27,16.33,0.0,0.0,0.0
11.37,15.33,0.0,0.0,0.0
11.37,3.67,0.0,0.0,0.0
12.72,5.16,0.0,0.0,0.0
12.72,3.83,0.03,0.0,0.0
11.82,2.66,0.0,0.0,0.0
10.92,1.67,0.0,0.0,0.0
10.02,6.66,0.0,0.0,0.0
9.13,7.0,0.0,0.0,0.0
5.08,7.17,0.0,0.0,0.0
2.38,2.5,0.0,0.0,0.0
2.38,0.0,0.0,0.0,0.0
1.92,0.0,0.0,0.0,0.0
2.37,0.0,0.0,0.0,0.0
1.92,0.0,0.0,0.0,0.0
3.27,0.0,0.0,0.0,0.0
6.43,0.0,0.0,0.0,0.0
6.88,2.53,0.0,0.0,0.0
7.78,2.5,0.0,0.0,0.0
9.13,5.49,0.0,0.0,0.0
10.47,2.16,0.0,0.0,0.0
12.72,1.67,0.0,0.0,0.0
14.07,11.99,0.61,0.0,0.0
13.17,5.16,1.04,0.0,0.0
12.27,16.32,1.74,0.0,0.0
11.37,15.32,2.26,0.0,0.0
11.37,3.67,2.43,0.0,0.0
12.72,5.16,2.4,0.0,0.0
12.72,3.83,1.85,0.0,0.0
11.82,2.66,0.56,0.0,0.0
10.92,1.67,0.0,0.0,0.0
10.02,6.66,0.0,0.0,0.0
9.13,6.99,0.0,0.0,0.0
5.08,7.16,0.0,0.0,0.0
2.38,2.5,0.0,0.0,0.0
2.38,0.0,0.0,0.0,0.0
1.92,0.0,0.0,0.0,0.0
2.37,0.0,0.0,0.0,0.0
1.92,0.0,0.0,0.0,0.0
3.27,0.0,0.0,0.0,0.0
6.41,0.0,0.0,0.0,0.0
6.88,0.0,0.0,0.0,0.0
7.78,2.55,0.0,0.0,0.0
9.13,2.49,0.0,0.0,0.0
10.47,2.5,0.0,0.0,0.0
12.72,1.66,0.0,0.0,0.0
14.07,11.98,0.94,0.0,0.0
13.17,9.98,1.0,0.0,0.0
12.27,16.31,0.2,0.0,0.0
11.37,15.32,0.0,0.0,0.0
11.37,4.16,0.0,0.0,0.0
12.72,4.16,0.0,0.0,0.0
12.72,3.83,0.0,0.0,0.0
11.82,2.66,0.0,0.0,0.0
10.92,1.66,0.0,0.0,0.0
10.02,6.66,0.0,0.0,0.0
9.13,6.99,0.0,0.0,0.0
5.08,7.15,0.0,0.0,0.0
2.38,0.0,0.0,0.0,0.0
2.38,0.0,0.0,0.0,0.0
1.92,0.0,0.0,0.0,0.0
2.37,0.0,0.0,0.0,0.0
1.92,0.0,0.02,0.0,0.0
3.27,0.0,0.0,0.0,0.0
6.41,0.0,0.0,0.0,0.0
6.88,0.0,0.0,0.0,0.0
7.78,2.55,0.0,0.0,0.0
9.13,2.49,0.0,0.0,0.0
10.47,2.49,0.92,0.0,0.0
12.72,1.66,3.36,0.0,0.0
14.07,11.97,6.75,0.0,0.0
13.17,9.98,9.01,0.0,0.0
12.27,16.29,9.12,0.0,0.0
11.37,15.3,8.46,0.0,0.0
11.37,4.15,9.01,0.0,0.0
12.72,4.16,9.85,0.0,0.0
12.72,3.82,7.93,0.0,0.0
11.82,2.66,6.29,0.0,0.0
10.92,1.66,5.37,0.0,0.0
10.02,6.64,4.89,0.0,0.0
9.13,6.98,4.63,0.0,0.0
5.08,7.15,1.37,0.0,0.0
2.38,0.0,1.03,0.0,0.0
2.38,0.0,0.0,0.0,0.0
1.92,0.0,0.0,0.0,0.0
2.37,0.0,0.0,0.0,0.0
1.92,0.0,0.26,0.0,0.0
3.27,0.0,0.0,0.0,0.0
6.41,0.0,0.06,0.0,0.0
6.88,0.0,0.0,0.0,0.0
7.78,2.55,0.0,0.0,0.0
9.13,2.5,0.0,0.0,0.0
10.47,2.49,1.63,0.0,0.0
12.72,1.65,5.75,0.0,0.0
14.07,11.96,10.12,0.0,0.0
13.17,9.97,20.79,0.0,0.0
12.27,16.28,27.53,0.0,0.0
11.37,15.28,27.8,0.0,0.0
11.37,4.15,25.15,0.0,0.0
12.72,4.15,22.51,0.0,0.0
12.72,3.82,16.34,0.0,0.0
11.82,2.66,9.3,0.0,0.0
10.92,1.66,8.27,0.0,0.0
10.02,6.64,8.15,0.0,0.0
9.13,6.98,7.89,0.0,0.0
5.08,7.14,3.76,0.0,0.0
2.38,0.0,1.91,0.0,0.0
2.38,0.0,0.0,0.0,0.0
1.92,0.0,0.0,0.0,0.0
2.37,0.0,0.0,0.0,0.0
1.92,0.0,0.5,0.0,0.0
3.27,0.0,0.2,0.0,0.0
6.43,0.0,0.38,0.0,0.0
6.88,2.53,1.05,0.0,0.0
7.78,2.49,3.1,0.0,0.0
9.13,5.47,7.48,0.0,0.0
10.47,2.16,16.12,0.0,0.0
12.72,1.66,20.2,0.0,0.0
14.07,11.95,26.17,0.0,0.0
13.17,5.14,30.86,0.0,0.0
12.27,16.27,30.89,0.0,0.0
11.37,15.27,27.68,0.0,0.0
11.37,3.65,23.94,0.0,0.0
12.72,5.14,21.93,0.0,0.0
12.72,3.82,21.89,0.0,0.0
11.82,2.65,20.11,0.0,0.0
10.92,1.66,17.23,0.0,0.0
10.02,6.63,14.6,0.0,0.0
9.13,6.97,12.82,0.0,0.0
5.08,7.14,4.13,0.0,0.0
2.38,2.49,0.87,0.0,0.0
2.38,0.0,0.0,0.0,0.0
1.92,0.0,0.0,0.0,0.0
2.37,0.0,0.0,0.0,0.0
1.92,0.0,0.2,0.0,0.0
3.27,0.0,0.31,0.0,0.0
6.43,0.0,0.79,0.0,0.0
6.88,2.53,0.0,0.0,0.0
7.78,2.48,0.0,0.0,0.0
9.13,5.47,0.12,0.0,0.0
10.47,2.15,0.75,0.0,0.0
12.72,1.66,3.36,0.0,0.0
14.07,11.94,5.81,0.0,0.0
13.17,5.13,6.93,0.0,0.0
12.27,16.26,7.56,0.0,0.0
11.37,15.26,7.72,0.0,0.0
11.37,3.64,6.79,0.0,0.0
12.72,5.14,5.29,0.0,0.0
12.72,3.81,4.43,0.0,0.0
11.82,2.66,4.68,0.0,0.0
10.92,1.65,3.34,0.0,0.0
10.02,6.64,2.31,0.0,0.0
9.13,6.96,1.05,0.0,0.0
5.08,7.13,0.0,0.0,0.0
2.38,2.48,0.05,0.0,0.0
2.38,0.0,0.0,0.0,0.0
1.92,0.0,0.0,0.0,0.0
2.37,0.0,0.0,0.0,0.0
1.92,0.0,0.05,0.0,0.0
3.27,0.0,0.0,0.0,0.0
6.43,0.0,0.06,0.0,0.0
6.88,2.52,0.0,0.0,0.0
7.78,2.49,0.0,0.0,0.0
9.13,5.46,0.19,0.0,0.0
10.47,2.15,1.39,0.0,0.0
12.72,1.65,3.97,0.0,0.0
14.07,11.92,6.15,0.0,0.0
13.17,5.14,8.72,0.0,0.0
12.27,16.24,12.13,0.0,0.0
11.37,15.24,13.04,0.0,0.0
11.37,3.65,13.36,0.0,0.0
12.72,5.13,13.85,0.0,0.0
12.72,3.81,12.44,0.0,0.0
11.82,2.64,7.73,0.0,0.0
10.92,1.66,6.71,0.0,0.0
10.02,6.62,6.5,0.0,0.0
9.13,6.95,5.69,0.0,0.0
5.08,7.12,1.62,0.0,0.0
2.38,2.49,0.4,0.0,0.0
2.38,0.0,0.0,0.0,0.0
1.92,0.0,0.0,0.0,0.0
2.37,0.0,0.0,0.0,0.0
1.92,0.0,0.13,0.0,0.0
3.27,0.0,0.0,0.0,0.0
6.43,0.0,0.0,0.0,0.0
6.88,2.53,0.0,0.0,0.0
7.78,2.48,0.0,0.0,0.0
9.13,5.46,2.55,0.0,0.0
10.47,2.15,5.0,0.0,0.0
12.72,1.66,10.56,0.0,0.0
14.07,11.91,18.15,0.0,0.0
13.17,5.12,24.02,0.0,0.0
12.27,16.22,24.8,0.0,0.0
11.37,15.23,21.71,0.0,0.0
11.37,3.64,19.45,0.0,0.0
12.72,5.13,18.71,0.0,0.0
12.72,3.8,15.45,0.0,0.0
11.82,2.65,9.47,0.0,0.0
10.92,1.65,7.14,0.0,0.0
10.02,6.62,6.96,0.0,0.0
9.13,6.95,7.18,0.0,0.0
5.08,7.11,3.66,0.0,0.0
2.38,2.48,1.83,0.0,0.0
2.38,0.0,0.0,0.0,0.0
1.92,0.0,0.0,0.0,0.0
2.37,0.0,0.0,0.0,0.0
1.92,0.0,0.41,0.0,0.0
3.27,0.0,1.09,0.0,0.0
6.43,0.0,1.29,0.0,0.0
6.88,2.52,0.71,0.0,0.0
7.78,2.48,1.04,0.0,0.0
9.13,5.45,5.25,0.0,0.0
10.47,2.15,7.87,0.0,0.0
12.72,1.66,14.52,0.0,0.0
14.07,11.9,19.28,0.0,0.0
13.17,5.12,22.68,0.0,0.0
12.27,16.21,26.05,0.0,0.0
11.37,15.21,24.84,0.0,0.0
11.37,3.64,22.34,0.0,0.0
12.72,5.12,20.85,0.0,0.0
12.72,3.81,18.31,0.0,0.0
11.82,2.64,12.11,0.0,0.0
10.92,1.66,8.67,0.0,0.0
10.02,6.61,8.06,0.0,0.0
9.13,6.94,7.17,0.0,0.0
5.08,7.11,3.88,0.0,0.0
2.38,2.48,2.54,0.0,0.0
2.38,0.0,0.0,0.0,0.0
1.92,0.0,0.0,0.0,0.0
2.37,0.0,0.0,0.0,0.0
1.92,0.0,0.27,0.0,0.0
3.27,0.0,0.0,0.0,0.0
6.41,0.0,0.09,0.0,0.0
6.88,0.0,0.0,0.0,0.0
7.78,2.53,0.0,0.0,0.0
9.13,2.48,0.0,0.0,0.0
10.47,2.47,0.05,0.0,0.0
12.72,1.66,1.35,0.0,0.0
14.07,11.89,2.86,0.0,0.0
13.17,9.91,3.59,0.0,0.0
12.27,16.18,4.26,0.0,0.0
11.37,15.2,4.55,0.0,0.0
11.37,4.13,4.52,0.0,0.0
12.72,4.13,4.34,0.0,0.0
12.72,3.8,3.82,0.0,0.0
11.82,2.64,3.15,0.0,0.0
10.92,1.65,2.82,0.0,0.0
10.02,6.6,2.45,0.0,0.0
9.13,6.94,1.73,0.0,0.0
5.08,7.1,0.0,0.0,0.0
2.38,0.0,0.0,0.0,0.0
2.38,0.0,0.0,0.0,0.0
1.92,0.0,0.0,0.0,0.0
2.37,0.0,0.0,0.0,0.0
1.92,0.0,0.0,0.0,0.0
3.27,0.0,0.0,0.0,0.0
6.41,0.0,0.0,0.0,0.0
6.88,0.0,0.0,0.0,0.0
7.78,2.53,0.0,0.0,0.0
9.13,2.47,0.0,0.0,0.0
10.47,2.48,0.0,0.0,0.0
12.72,1.65,0.67,0.0,0.0
14.07,11.87,3.28,0.0,0.0
13.17,9.89,4.6,0.0,0.0
12.27,16.17,5.33,0.0,0.0
11.37,15.18,5.5,0.0,0.0
11.37,4.12,5.73,0.0,0.0
12.72,4.12,5.49,0.0,0.0
12.72,3.8,4.96,0.0,0.0
11.82,2.63,4.41,0.0,0.0
10.92,1.65,3.95,0.0,0.0
10.02,6.59,3.89,0.0,0.0
9.13,6.93,3.39,0.0,0.0
5.08,7.09,1.32,0.0,0.0
2.38,0.0,1.16,0.0,0.0
2.38,0.0,0.0,0.0,0.0
1.92,0.0,0.0,0.0,0.0
2.37,0.0,0.0,0.0,0.0
1.92,0.0,0.24,0.0,0.0
3.27,0.0,0.11,0.0,0.0
6.43,0.0,0.34,0.0,0.0
6.88,2.53,1.99,0.0,0.0
7.78,2.47,3.58,0.0,0.0
9.13,5.43,6.79,0.0,0.0
10.47,2.14,11.9,0.0,0.0
12.72,1.65,19.33,0.0,0.0
14.07,11.86,26.95,0.0,0.0
13.17,5.11,31.99,0.0,0.0
12.27,16.15,30.52,0.0,0.0
11.37,15.16,26.47,0.0,0.0
11.37,3.63,23.92,0.0,0.0
12.72,5.1,23.46,0.0,0.0
12.72,3.79,24.09,0.0,0.0
11.82,2.63,25.59,0.0,0.0
10.92,1.65,24.78,0.0,0.0
10.02,6.58,18.1,0.0,0.0
9.13,6.92,12.05,0.0,0.0
5.08,7.08,8.57,0.0,0.0
2.38,2.47,6.24,0.0,0.0
2.38,0.0,0.0,0.0,0.0
1.92,0.0,0.0,0.0,0.0
2.37,0.0,0.0,0.0,0.0
1.92,0.0,1.73,0.0,0.0
3.27,0.0,5.34,0.0,0.0
6.43,0.0,8.99,0.0,0.0
6.88,2.52,7.86,0.0,0.0
7.78,2.46,6.6,0.0,0.0
9.13,5.43,14.71,0.0,0.0
10.47,2.14,23.0,0.0,0.0
12.72,1.64,26.0,0.0,0.0
14.07,11.85,33.99,0.0,0.0
13.17,5.1,40.71,0.0,0.0
12.27,16.13,38.68,0.0,0.0
11.37,15.15,33.12,0.0,0.0
11.37,3.62,28.52,0.0,0.0
12.72,5.1,28.2,0.0,0.0
12.72,3.79,29.97,0.0,0.0
11.82,2.63,31.22,0.0,0.0
10.92,1.65,29.04,0.0,0.0
10.02,6.58,27.59,0.0,0.0
9.13,6.91,24.02,0.0,0.0
5.08,7.08,16.87,0.0,0.0
2.38,2.47,11.25,0.0,0.0
2.38,0.0,0.0,0.0,0.0
1.92,0.0,0.0,0.0,0.0
2.37,0.0,0.0,0.0,0.0
1.92,0.0,2.23,0.0,0.0
3.27,0.0,1.94,0.0,0.0
6.43,0.0,3.37,0.0,0.0
6.88,2.52,5.17,0.0,0.0
7.78,2.46,7.71,0.0,0.0
9.13,5.43,17.46,0.0,0.0
10.47,2.14,22.98,0.0,0.0
12.72,1.64,25.35,0.0,0.0
14.07,11.84,32.38,0.0,0.0
13.17,5.1,37.86,0.0,0.0
12.27,16.11,38.06,0.0,0.0
11.37,15.13,34.64,0.0,0.0
11.37,3.62,30.84,0.0,0.0
12.72,5.09,30.52,0.0,0.0
12.72,3.78,30.46,0.0,0.0
11.82,2.62,30.46,0.0,0.0
10.92,1.65,26.76,0.0,0.0
10.02,6.57,18.12,0.0,0.0
9.13,6.9,9.39,0.0,0.0
5.08,7.07,4.65,0.0,0.0
2.38,2.47,1.92,0.0,0.0
2.38,0.0,0.0,0.0,0.0
1.92,0.0,0.0,0.0,0.0
2.37,0.0,0.0,0.0,0.0
1.92,0.0,0.14,0.0,0.0
3.27,0.0,0.0,0.0,0.0
6.43,0.0,0.06,0.0,0.0
6.88,2.51,0.0,0.0,0.0
7.78,2.46,0.0,0.0,0.0
9.13,5.42,0.0,0.0,0.0
10.47,2.13,0.0,0.0,0.0
12.72,1.64,0.36,0.0,0.0
14.07,11.82,1.65,0.0,0.0
13.17,5.09,2.46,0.0,0.0
12.27,16.08,2.9,0.0,0.0
11.37,15.11,3.13,0.0,0.0
11.37,3.61,3.21,0.0,0.0
12.72,5.08,3.19,0.0,0.0
12.72,3.78,3.05,0.0,0.0
11.82,2.62,2.77,0.0,0.0
10.92,1.65,2.62,0.0,0.0
10.02,6.56,2.48,0.0,0.0
9.13,6.89,2.17,0.0,0.0
5.08,7.06,0.08,0.0,0.0
2.38,2.47,0.17,0.0,0.0
2.38,0.0,0.0,0.0,0.0
1.92,0.0,0.0,0.0,0.0
2.37,0.0,0.0,0.0,0.0
1.92,0.0,0.01,0.0,0.0
3.27,0.0,0.01,0.0,0.0
6.43,0.0,0.0,0.0,0.0
6.88,2.51,0.0,0.0,0.0
7.78,2.45,0.0,0.0,0.0
9.13,5.41,0.0,0.0,0.0
10.47,2.13,0.0,0.0,0.0
12.72,1.64,0.88,0.0,0.0
14.07,11.81,2.44,0.0,0.0
13.17,5.08,3.2,0.0,0.0
12.27,16.07,3.51,0.0,0.0
11.37,15.09,4.06,0.0,0.0
11.37,3.61,4.18,0.0,0.0
12.72,5.08,3.92,0.0,0.0
12.72,3.78,3.09,0.0,0.0
11.82,2.62,2.27,0.0,0.0
10.92,1.64,1.38,0.0,0.0
10.02,6.55,0.83,0.0,0.0
9.13,6.89,0.0,0.0,0.0
5.08,7.05,0.0,0.0,0.0
2.38,2.46,0.04,0.0,0.0
2.38,0.0,0.0,0.0,0.0
1.92,0.0,0.0,0.0,0.0
2.37,0.0,0.0,0.0,0.0
1.92,0.0,0.01,0.0,0.0
3.27,0.0,0.0,0.0,0.0
6.41,0.0,0.0,0.0,0.0
6.88,0.0,0.0,0.0,0.0
7.78,2.51,0.0,0.0,0.0
9.13,2.46,0.0,0.0,0.0
10.47,2.45,0.27,0.0,0.0
12.72,1.64,2.54,0.0,0.0
14.07,11.79,4.43,0.0,0.0
13.17,9.83,5.1,0.0,0.0
12.27,16.04,5.53,0.0,0.0
11.37,15.07,5.32,0.0,0.0
11.37,4.09,4.86,0.0,0.0
12.72,4.1,4.45,0.0,0.0
12.72,3.76,3.86,0.0,0.0
11.82,2.62,3.49,0.0,0.0
10.92,1.63,3.27,0.0,0.0
10.02,6.55,3.06,0.0,0.0
9.13,6.88,2.8,0.0,0.0
5.08,7.04,0.76,0.0,0.0
2.38,0.0,0.42,0.0,0.0
2.38,0.0,0.0,0.0,0.0
1.92,0.0,0.0,0.0,0.0
2.37,0.0,0.0,0.0,0.0
1.92,0.0,0.18,0.0,0.0
3.27,0.0,0.0,0.0,0.0
6.41,0.0,0.09,0.0,0.0
6.88,0.0,0.0,0.0,0.0
7.78,2.51,0.0,0.0,0.0
9.13,2.45,0.24,0.0,0.0
10.47,2.45,1.53,0.0,0.0
12.72,1.63,4.07,0.0,0.0
14.07,11.77,7.15,0.0,0.0
13.17,9.82,8.67,0.0,0.0
12.27,16.03,9.38,0.0,0.0
11.37,15.05,8.33,0.0,0.0
11.37,4.09,7.73,0.0,0.0
12.72,4.09,7.31,0.0,0.0
12.72,3.76,6.98,0.0,0.0
11.82,2.62,6.09,0.0,0.0
10.92,1.63,5.86,0.0,0.0
10.02,6.55,6.21,0.0,0.0
9.13,6.87,5.38,0.0,0.0
5.08,7.03,1.99,0.0,0.0
2.38,0.0,1.09,0.0,0.0
2.38,0.0,0.0,0.0,0.0
1.92,0.0,0.0,0.0,0.0
2.37,0.0,0.0,0.0,0.0
1.92,0.0,0.17,0.0,0.0
3.27,0.0,0.0,0.0,0.0
6.43,0.0,0.04,0.0,0.0
6.88,2.51,0.0,0.0,0.0
7.78,2.45,1.21,0.0,0.0
9.13,5.39,5.32,0.0,0.0
10.47,2.12,11.9,0.0,0.0
12.72,1.63,14.85,0.0,0.0
14.07,11.76,19.05,0.0,0.0
13.17,5.06,23.31,0.0,0.0
12.27,16.01,20.9,0.0,0.0
11.37,15.02,16.22,0.0,0.0
11.37,3.6,13.42,0.0,0.0
12.72,5.06,12.65,0.0,0.0
12.72,3.76,10.37,0.0,0.0
11.82,2.61,8.76,0.0,0.0
10.92,1.64,8.5,0.0,0.0
10.02,6.53,8.51,0.0,0.0
9.13,6.86,8.61,0.0,0.0
5.08,7.02,5.39,0.0,0.0
2.38,2.45,3.84,0.0,0.0
2.38,0.0,0.0,0.0,0.0
1.92,0.0,0.0,0.0,0.0
2.37,0.0,0.0,0.0,0.0
1.92,0.0,0.92,0.0,0.0
3.27,0.0,3.76,0.0,0.0
6.43,0.0,6.08,0.0,0.0
6.88,2.5,5.67,0.0,0.0
7.78,2.44,5.11,0.0,0.0
9.13,5.38,8.57,0.0,0.0
10.47,2.12,16.53,0.0,0.0
12.72,1.63,21.37,0.0,0.0
14.07,11.74,28.07,0.0,0.0
13.17,5.06,31.56,0.0,0.0
12.27,15.98,30.52,0.0,0.0
11.37,15.0,26.12,0.0,0.0
11.37,3.59,21.83,0.0,0.0
12.72,5.05,20.65,0.0,0.0
12.72,3.75,21.21,0.0,0.0
11.82,2.6,9.67,0.0,0.0
10.92,1.63,6.71,0.0,0.0
10.02,6.52,7.01,0.0,0.0
9.13,6.85,6.6,0.0,0.0
5.08,7.01,3.2,0.0,0.0
2.38,2.44,2.05,0.0,0.0
2.38,0.0,0.0,0.0,0.0
1.92,0.0,0.0,0.0,0.0
2.37,0.0,0.0,0.0,0.0
1.92,0.0,0.18,0.0,0.0
3.27,0.0,0.0,0.0,0.0
6.43,0.0,0.1,0.0,0.0
6.88,2.5,0.0,0.0,0.0
7.78,2.44,0.0,0.0,0.0
9.13,5.37,0.02,0.0,0.0
10.47,2.12,0.66,0.0,0.0
12.72,1.63,2.44,0.0,0.0
14.07,11.72,4.37,0.0,0.0
13.17,5.05,5.67,0.0,0.0
12.27,15.96,6.36,0.0,0.0
11.37,14.98,6.68,0.0,0.0
11.37,3.58,6.83,0.0,0.0
12.72,5.04,6.81,0.0,0.0
12.72,3.75,6.57,0.0,0.0
11.82,2.6,6.33,0.0,0.0
10.92,1.63,6.07,0.0,0.0
10.02,6.51,5.76,0.0,0.0
9.13,6.84,5.45,0.0,0.0
5.08,7.0,1.69,0.0,0.0
2.38,2.44,0.8,0.0,0.0
1.92,0.0,0.0,0.0,0.0
2.37,0.0,0.0,0.0,0.0
1.92,0.0,0.19,0.0,0.0
3.27,0.0,0.0,0.0,0.0
6.43,0.0,0.11,0.0,0.0
6.88,2.47,0.0,0.0,0.0
7.78,2.44,0.0,0.0,0.0
9.13,5.36,2.61,0.0,0.0
10.47,2.11,5.28,0.0,0.0
12.72,1.62,10.23,0.0,0.0
14.07,11.71,20.82,0.0,0.0
13.17,5.04,25.97,0.0,0.0
12.27,15.94,27.68,0.0,0.0
11.37,14.96,26.63,0.0,0.0
11.37,3.58,23.61,0.0,0.0
12.72,5.04,23.32,0.0,0.0
12.72,3.74,24.43,0.0,0.0
11.82,2.6,22.95,0.0,0.0
10.92,1.63,15.23,0.0,0.0
10.02,6.5,9.7,0.0,0.0
9.13,6.83,9.06,0.0,0.0
5.08,6.99,5.69,0.0,0.0
2.38,2.43,3.17,0.0,0.0
2.38,0.0,0.0,0.0,0.0
1.92,0.0,0.0,0.0,0.0
2.37,0.0,0.0,0.0,0.0
1.92,0.0,0.72,0.0,0.0
3.27,0.0,2.01,0.0,0.0
6.43,0.0,4.13,0.0,0.0
6.88,2.47,3.75,0.0,0.0
7.78,2.44,2.18,0.0,0.0
9.13,5.35,5.35,0.0,0.0
10.47,2.11,6.97,0.0,0.0
12.72,1.63,11.4,0.0,0.0
14.07,11.69,20.03,0.0,0.0
13.17,5.03,25.2,0.0,0.0
12.27,15.91,27.27,0.0,0.0
11.37,14.94,26.2,0.0,0.0
11.37,3.57,23.68,0.0,0.0
12.72,5.03,22.98,0.0,0.0
12.72,3.74,23.99,0.0,0.0
11.82,2.59,25.71,0.0,0.0
10.92,1.63,21.83,0.0,0.0
10.02,6.49,16.01,0.0,0.0
9.13,6.82,11.04,0.0,0.0
5.08,6.98,7.53,0.0,0.0
2.38,2.43,5.26,0.0,0.0
2.38,0.0,0.0,0.0,0.0
1.92,0.0,0.0,0.0,0.0
2.37,0.0,0.0,0.0,0.0
1.92,0.0,1.18,0.0,0.0
3.27,0.0,0.61,0.0,0.0
6.41,0.0,0.93,0.0,0.0
6.88,0.0,0.54,0.0,0.0
7.78,2.49,0.44,0.0,0.0
9.13,2.44,1.14,0.0,0.0
10.47,2.43,2.93,0.0,0.0
12.72,1.61,5.77,0.0,0.0
14.07,11.67,8.53,0.0,0.0
13.17,9.73,12.0,0.0,0.0
12.27,15.89,14.84,0.0,0.0
11.37,14.91,14.29,0.0,0.0
11.37,4.05,11.17,0.0,0.0
12.72,4.05,8.69,0.0,0.0
12.72,3.72,8.61,0.0,0.0
11.82,2.6,8.16,0.0,0.0
10.92,1.62,7.65,0.0,0.0
10.02,6.48,7.6,0.0,0.0
9.13,6.8,7.68,0.0,0.0
5.08,6.97,4.59,0.0,0.0
2.38,0.0,2.71,0.0,0.0
2.38,0.0,0.0,0.0,0.0
1.92,0.0,0.0,0.0,0.0
2.37,0.0,0.0,0.0,0.0
1.92,0.0,0.15,0.0,0.0
3.27,0.0,0.0,0.0,0.0
6.41,0.0,0.0,0.0,0.0
6.88,0.0,0.0,0.0,0.0
7.78,2.49,0.0,0.0,0.0
9.13,2.43,0.0,0.0,0.0
10.47,2.43,0.0,0.0,0.0
12.72,1.61,0.0,0.0,0.0
14.07,11.65,0.0,0.0,0.0
13.17,9.71,0.0,0.0,0.0
12.27,15.87,0.16,0.0,0.0
11.37,14.9,0.62,0.0,0.0
11.37,4.04,1.19,0.0,0.0
12.72,4.04,1.66,0.0,0.0
12.72,3.72,1.88,0.0,0.0
11.82,2.58,1.1,0.0,0.0
10.92,1.62,0.88,0.0,0.0
10.02,6.47,1.14,0.0,0.0
9.13,6.8,0.08,0.0,0.0
5.08,6.96,0.0,0.0,0.0
2.38,0.0,0.0,0.0,0.0
2.38,0.0,0.0,0.0,0.0
1.92,0.0,0.0,0.0,0.0
2.37,0.0,0.0,0.0,0.0
1.92,0.0,0.04,0.0,0.0
3.27,0.0,0.0,0.0,0.0
6.43,0.0,0.06,0.0,0.0
6.88,2.47,0.0,0.0,0.0
7.78,2.42,0.0,0.0,0.0
9.13,5.34,0.0,0.0,0.0
10.47,2.1,0.0,0.0,0.0
12.72,1.61,0.04,0.0,0.0
14.07,11.64,2.82,0.0,0.0
13.17,5.01,4.04,0.0,0.0
12.27,15.83,4.38,0.0,0.0
11.37,14.87,3.89,0.0,0.0
11.37,3.56,3.22,0.0,0.0
12.72,5.0,2.93,0.0,0.0
12.72,3.72,2.39,0.0,0.0
11.82,2.58,1.29,0.0,0.0
10.92,1.62,0.71,0.0,0.0
10.02,6.46,0.17,0.0,0.0
9.13,6.79,0.0,0.0,0.0
5.08,6.95,0.0,0.0,0.0
2.38,2.42,0.0,0.0,0.0
2.38,0.0,0.0,0.0,0.0
1.92,0.0,0.0,0.0,0.0
2.37,0.0,0.0,0.0,0.0
1.92,0.0,0.0,0.0,0.0
3.27,0.0,0.0,0.0,0.0
6.43,0.0,0.0,0.0,0.0
6.88,2.45,0.0,0.0,0.0
7.78,2.42,0.0,0.0,0.0
9.13,5.32,0.0,0.0,0.0
10.47,2.09,0.0,0.0,0.0
12.72,1.62,0.0,0.0,0.0
14.07,11.61,0.0,0.0,0.0
13.17,5.0,0.0,0.0,0.0
12.27,15.8,0.08,0.0,0.0
11.37,14.85,0.54,0.0,0.0
11.37,3.55,1.33,0.0,0.0
12.72,4.99,1.95,0.0,0.0
12.72,3.71,2.04,0.0,0.0
11.82,2.58,1.83,0.0,0.0
10.92,1.62,0.66,0.0,0.0
10.02,6.45,0.57,0.0,0.0
9.13,6.78,0.02,0.0,0.0
5.08,6.94,0.0,0.0,0.0
2.38,2.42,0.0,0.0,0.0
2.38,0.0,0.0,0.0,0.0
1.92,0.0,0.0,0.0,0.0
2.37,0.0,0.0,0.0,0.0
1.92,0.0,0.0,0.0,0.0
3.27,0.0,0.0,0.0,0.0
6.43,0.0,0.0,0.0,0.0
6.88,2.45,0.0,0.0,0.0
7.78,2.42,0.0,0.0,0.0
9.13,5.31,0.0,0.0,0.0
10.47,2.09,0.0,0.0,0.0
12.72,1.62,0.0,0.0,0.0
14.07,11.59,0.0,0.0,0.0
13.17,4.99,0.0,0.0,0.0
12.27,15.78,0.0,0.0,0.0
11.37,14.82,0.0,0.0,0.0
11.37,3.55,0.0,0.0,0.0
12.72,4.99,0.5,0.0,0.0
12.72,3.71,0.88,0.0,0.0
11.82,2.57,0.45,0.0,0.0
10.92,1.61,0.04,0.0,0.0
10.02,6.44,0.0,0.0,0.0
9.13,6.77,0.0,0.0,0.0
5.08,6.93,0.0,0.0,0.0
2.38,2.41,0.0,0.0,0.0
2.38,0.0,0.0,0.0,0.0
1.92,0.0,0.0,0.0,0.0
2.37,0.0,0.0,0.0,0.0
1.92,0.0,0.0,0.0,0.0
3.27,0.0,0.0,0.0,0.0
6.43,0.0,0.0,0.0,0.0
6.88,2.45,0.0,0.0,0.0
7.78,2.41,0.0,0.0,0.0
9.13,5.3,0.0,0.0,0.0
10.47,2.09,0.0,0.0,0.0
12.72,1.61,0.0,0.0,0.0
14.07,11.57,1.21,0.0,0.0
13.17,4.99,2.38,0.0,0.0
12.27,15.75,3.16,0.0,0.0
11.37,14.8,3.48,0.0,0.0
11.37,3.54,3.71,0.0,0.0
12.72,4.98,3.84,0.0,0.0
12.72,3.7,3.43,0.0,0.0
11.82,2.57,2.6,0.0,0.0
10.92,1.61,1.73,0.0,0.0
10.02,6.43,1.19,0.0,0.0
9.13,6.75,0.83,0.0,0.0
5.08,6.91,0.0,0.0,0.0
2.38,2.41,0.03,0.0,0.0
2.38,0.0,0.0,0.0,0.0
1.92,0.0,0.0,0.0,0.0
2.37,0.0,0.0,0.0,0.0
1.92,0.0,0.04,0.0,0.0
3.27,0.0,0.04,0.0,0.0
6.43,0.0,0.09,0.0,0.0
6.88,2.45,0.0,0.0,0.0
7.78,2.41,0.0,0.0,0.0
9.13,5.3,0.14,0.0,0.0
10.47,2.09,1.76,0.0,0.0
12.72,1.61,4.67,0.0,0.0
14.07,11.56,6.59,0.0,0.0
13.17,4.98,7.19,0.0,0.0
12.27,15.73,9.94,0.0,0.0
11.37,14.77,11.28,0.0,0.0
11.37,3.53,10.6,0.0,0.0
12.72,4.97,9.56,0.0,0.0
12.72,3.69,7.97,0.0,0.0
11.82,2.57,6.78,0.0,0.0
10.92,1.6,5.69,0.0,0.0
10.02,6.42,4.92,0.0,0.0
9.13,6.74,4.29,0.0,0.0
5.08,6.9,1.43,0.0,0.0
2.38,2.41,1.24,0.0,0.0
2.38,0.0,0.0,0.0,0.0
1.92,0.0,0.0,0.0,0.0
2.37,0.0,0.0,0.0,0.0
1.92,0.0,0.2,0.0,0.0
3.27,0.0,0.0,0.0,0.0
6.41,0.0,0.06,0.0,0.0
6.88,0.0,0.0,0.0,0.0
7.78,2.46,0.0,0.0,0.0
9.13,2.4,0.67,0.0,0.0
10.47,2.4,4.16,0.0,0.0
12.72,1.61,8.49,0.0,0.0
14.07,11.53,14.83,0.0,0.0
13.17,9.62,19.12,0.0,0.0
12.27,15.7,21.25,0.0,0.0
11.37,14.74,21.22,0.0,0.0
11.37,4.01,21.62,0.0,0.0
12.72,4.01,22.56,0.0,0.0
12.72,3.68,21.7,0.0,0.0
11.82,2.57,22.03,0.0,0.0
10.92,1.6,14.18,0.0,0.0
10.02,6.4,8.85,0.0,0.0
9.13,6.73,8.3,0.0,0.0
5.08,6.89,5.27,0.0,0.0
2.38,0.0,2.63,0.0,0.0
2.38,0.0,0.0,0.0,0.0
1.92,0.0,0.0,0.0,0.0
2.37,0.0,0.0,0.0,0.0
1.92,0.0,0.35,0.0,0.0
3.27,0.0,0.21,0.0,0.0
6.41,0.0,0.24,0.0,0.0
6.88,0.0,0.0,0.0,0.0
7.78,2.45,0.0,0.0,0.0
9.13,2.4,1.4,0.0,0.0
10.47,2.39,3.47,0.0,0.0
12.72,1.6,6.5,0.0,0.0
14.07,11.51,9.12,0.0,0.0
13.17,9.6,14.25,0.0,0.0
12.27,15.68,23.54,0.0,0.0
11.37,14.71,24.33,0.0,0.0
11.37,4.0,24.2,0.0,0.0
12.72,4.0,25.14,0.0,0.0
12.72,3.67,25.08,0.0,0.0
11.82,2.56,23.28,0.0,0.0
10.92,1.6,14.83,0.0,0.0
10.02,6.39,9.57,0.0,0.0
9.13,6.72,9.65,0.0,0.0
5.08,6.88,5.62,0.0,0.0
2.38,0.0,2.65,0.0,0.0
2.38,0.0,0.0,0.0,0.0
1.92,0.0,0.0,0.0,0.0
2.37,0.0,0.0,0.0,0.0
1.92,0.0,0.32,0.0,0.0
3.27,0.0,0.01,0.0,0.0
6.43,0.0,0.17,0.0,0.0
6.88,2.44,0.0,0.0,0.0
7.78,2.39,0.0,0.0,0.0
9.13,5.27,0.85,0.0,0.0
10.47,2.08,3.25,0.0,0.0
12.72,1.59,6.87,0.0,0.0
14.07,11.49,14.25,0.0,0.0
13.17,4.95,23.44,0.0,0.0
12.27,15.65,26.38,0.0,0.0
11.37,14.68,25.19,0.0,0.0
11.37,3.51,23.48,0.0,0.0
12.72,4.95,24.11,0.0,0.0
12.72,3.67,25.1,0.0,0.0
11.82,2.56,25.11,0.0,0.0
10.92,1.59,18.37,0.0,0.0
10.02,6.39,9.95,0.0,0.0
9.13,6.7,8.37,0.0,0.0
5.08,6.86,5.17,0.0,0.0
2.38,2.4,2.83,0.0,0.0
2.38,0.0,0.0,0.0,0.0
1.92,0.0,0.0,0.0,0.0
2.37,0.0,0.0,0.0,0.0
1.92,0.0,0.26,0.0,0.0
3.27,0.0,1.29,0.0,0.0
6.43,0.0,2.96,0.0,0.0
6.88,2.44,2.24,0.0,0.0
7.78,2.39,0.68,0.0,0.0
9.13,5.26,4.1,0.0,0.0
10.47,2.07,6.82,0.0,0.0
12.72,1.59,14.11,0.0,0.0
14.07,11.47,24.43,0.0,0.0
13.17,4.94,29.95,0.0,0.0
12.27,15.62,30.88,0.0,0.0
11.37,14.67,28.77,0.0,0.0
11.37,3.51,26.0,0.0,0.0
12.72,4.94,26.94,0.0,0.0
12.72,3.67,28.87,0.0,0.0
11.82,2.54,28.78,0.0,0.0
10.92,1.6,24.29,0.0,0.0
10.02,6.37,15.85,0.0,0.0
9.13,6.69,9.84,0.0,0.0
5.08,6.85,6.19,0.0,0.0
2.38,2.39,3.34,0.0,0.0
2.38,0.0,0.0,0.0,0.0
1.92,0.0,0.0,0.0,0.0
2.37,0.0,0.0,0.0,0.0
1.92,0.0,0.36,0.0,0.0
3.27,0.0,0.3,0.0,0.0
6.43,0.0,0.48,0.0,0.0
6.88,2.43,1.1,0.0,0.0
7.78,2.38,1.8,0.0,0.0
9.13,5.25,4.27,0.0,0.0
10.47,2.07,6.01,0.0,0.0
12.72,1.58,8.26,0.0,0.0
14.07,11.46,14.87,0.0,0.0
13.17,4.93,22.57,0.0,0.0
12.27,15.59,25.81,0.0,0.0
11.37,14.63,25.65,0.0,0.0
11.37,3.5,23.89,0.0,0.0
12.72,4.93,23.36,0.0,0.0
12.72,3.66,24.24,0.0,0.0
11.82,2.55,26.49,0.0,0.0
10.92,1.58,21.24,0.0,0.0
10.02,6.37,14.09,0.0,0.0
9.13,6.68,9.22,0.0,0.0
5.08,6.83,6.04,0.0,0.0
2.38,2.39,3.33,0.0,0.0
2.38,0.0,0.0,0.0,0.0
1.92,0.0,0.0,0.0,0.0
2.37,0.0,0.0,0.0,0.0
1.92,0.0,0.41,0.0,0.0
3.27,0.0,0.25,0.0,0.0
6.43,0.0,0.23,0.0,0.0
6.88,2.44,0.03,0.0,0.0
7.78,2.38,1.14,0.0,0.0
9.13,5.24,4.5,0.0,0.0
10.47,2.06,9.62,0.0,0.0
12.72,1.59,18.23,0.0,0.0
14.07,11.42,25.87,0.0,0.0
13.17,4.92,30.51,0.0,0.0
12.27,15.55,30.85,0.0,0.0
11.37,14.61,28.89,0.0,0.0
11.37,3.49,25.48,0.0,0.0
12.72,4.91,26.5,0.0,0.0
12.72,3.65,28.97,0.0,0.0
11.82,2.54,28.31,0.0,0.0
10.92,1.58,20.46,0.0,0.0
10.02,6.35,13.37,0.0,0.0
9.13,6.67,10.48,0.0,0.0
5.08,6.82,8.03,0.0,0.0
2.38,2.38,5.38,0.0,0.0
2.38,0.0,0.0,0.0,0.0
1.92,0.0,0.0,0.0,0.0
2.37,0.0,0.0,0.0,0.0
1.92,0.0,0.9,0.0,0.0
3.27,0.0,3.35,0.0,0.0
6.43,0.0,5.31,0.0,0.0
6.88,2.43,4.36,0.0,0.0
7.78,2.37,3.42,0.0,0.0
9.13,5.23,7.11,0.0,0.0
10.47,2.06,12.86,0.0,0.0
12.72,1.58,17.8,0.0,0.0
14.07,11.41,24.11,0.0,0.0
13.17,4.91,29.02,0.0,0.0
12.27,15.53,30.1,0.0,0.0
11.37,14.59,27.44,0.0,0.0
11.37,3.48,24.49,0.0,0.0
12.72,4.91,23.21,0.0,0.0
12.72,3.64,23.6,0.0,0.0
11.82,2.53,23.0,0.0,0.0
10.92,1.59,17.92,0.0,0.0
10.02,6.33,14.0,0.0,0.0
9.13,6.66,10.55,0.0,0.0
5.08,6.81,7.61,0.0,0.0
2.38,2.38,5.58,0.0,0.0
2.38,0.0,0.0,0.0,0.0
1.92,0.0,0.0,0.0,0.0
2.37,0.0,0.0,0.0,0.0
1.92,0.0,1.5,0.0,0.0
3.27,0.0,1.1,0.0,0.0
6.41,0.0,2.64,0.0,0.0
6.88,0.0,3.06,0.0,0.0
7.78,2.43,4.78,0.0,0.0
9.13,2.37,11.64,0.0,0.0
10.47,2.37,19.66,0.0,0.0
12.72,1.58,20.82,0.0,0.0
14.07,11.38,26.47,0.0,0.0
13.17,9.49,30.19,0.0,0.0
12.27,15.5,13.31,0.0,0.0
11.37,14.54,5.36,0.0,0.0
11.37,3.96,5.89,0.0,0.0
12.72,3.95,6.42,0.0,0.0
12.72,3.63,6.86,0.0,0.0
11.82,2.53,6.55,0.0,0.0
10.92,1.58,6.12,0.0,0.0
10.02,6.32,6.49,0.0,0.0
9.13,6.65,7.35,0.0,0.0
5.08,6.8,4.02,0.0,0.0
2.38,0.0,2.07,0.0,0.0
2.38,0.0,0.0,0.0,0.0
1.92,0.0,0.0,0.0,0.0
2.37,0.0,0.0,0.0,0.0
1.92,0.0,0.79,0.0,0.0
3.27,0.0,0.36,0.0,0.0
6.41,0.0,0.68,0.0,0.0
6.88,0.0,0.86,0.0,0.0
7.78,2.43,2.97,0.0,0.0
9.13,2.37,5.9,0.0,0.0
10.47,2.37,11.58,0.0,0.0
12.72,1.57,20.24,0.0,0.0
14.07,11.36,24.98,0.0,0.0
13.17,9.47,30.05,0.0,0.0
12.27,15.46,32.04,0.0,0.0
11.37,14.53,29.76,0.0,0.0
11.37,3.94,28.32,0.0,0.0
12.72,3.95,28.23,0.0,0.0
12.72,3.62,27.28,0.0,0.0
11.82,2.53,26.21,0.0,0.0
10.92,1.58,23.15,0.0,0.0
10.02,6.3,17.11,0.0,0.0
9.13,6.63,11.54,0.0,0.0
5.08,6.79,7.77,0.0,0.0
2.38,0.0,4.64,0.0,0.0
2.38,0.0,0.0,0.0,0.0
1.92,0.0,0.0,0.0,0.0
2.37,0.0,0.0,0.0,0.0
1.92,0.0,1.61,0.0,0.0
3.27,0.0,1.13,0.0,0.0
6.43,0.0,2.82,0.0,0.0
6.88,2.42,4.28,0.0,0.0
7.78,2.36,5.26,0.0,0.0
9.13,5.19,13.61,0.0,0.0
10.47,2.04,23.68,0.0,0.0
12.72,1.58,26.45,0.0,0.0
14.07,11.34,32.97,0.0,0.0
13.17,4.88,37.22,0.0,0.0
12.27,15.43,37.27,0.0,0.0
11.37,14.5,32.32,0.0,0.0
11.37,3.47,27.73,0.0,0.0
12.72,4.88,28.32,0.0,0.0
12.72,3.62,29.38,0.0,0.0
11.82,2.52,29.81,0.0,0.0
10.92,1.57,26.51,0.0,0.0
10.02,6.3,24.27,0.0,0.0
9.13,6.61,20.27,0.0,0.0
5.08,6.78,9.38,0.0,0.0
2.38,2.36,6.66,0.0,0.0
2.38,0.0,0.0,0.0,0.0
1.92,0.0,0.0,0.0,0.0
2.37,0.0,0.0,0.0,0.0
1.92,0.0,1.66,0.0,0.0
3.27,0.0,4.97,0.0,0.0
6.43,0.0,7.48,0.0,0.0
6.88,2.42,6.04,0.0,0.0
7.78,2.36,5.46,0.0,0.0
9.13,5.18,9.73,0.0,0.0
10.47,2.04,19.63,0.0,0.0
12.72,1.57,24.27,0.0,0.0
14.07,11.31,31.57,0.0,0.0
13.17,4.87,38.12,0.0,0.0
12.27,15.4,36.99,0.0,0.0
11.37,14.46,31.91,0.0,0.0
11.37,3.46,27.8,0.0,0.0
12.72,4.87,27.92,0.0,0.0
12.72,3.61,28.07,0.0,0.0
11.82,2.52,28.19,0.0,0.0
10.92,1.57,25.51,0.0,0.0
10.02,6.28,23.16,0.0,0.0
9.13,6.6,15.16,0.0,0.0
5.08,6.76,8.58,0.0,0.0
2.38,2.35,6.23,0.0,0.0
2.38,0.0,0.0,0.0,0.0
1.92,0.0,0.0,0.0,0.0
2.37,0.0,0.0,0.0,0.0
1.92,0.0,1.3,0.0,0.0
3.27,0.0,0.65,0.0,0.0
6.43,0.0,1.65,0.0,0.0
6.88,2.39,3.14,0.0,0.0
7.78,2.35,4.51,0.0,0.0
9.13,5.18,10.01,0.0,0.0
10.47,2.04,19.22,0.0,0.0
12.72,1.57,23.2,0.0,0.0
14.07,11.3,30.74,0.0,0.0
13.17,4.86,36.52,0.0,0.0
12.27,15.37,35.39,0.0,0.0
11.37,14.43,32.38,0.0,0.0
11.37,3.45,29.29,0.0,0.0
12.72,4.86,29.22,0.0,0.0
12.72,3.6,30.07,0.0,0.0
11.82,2.51,30.77,0.0,0.0
10.92,1.57,28.26,0.0,0.0
10.02,6.27,27.01,0.0,0.0
9.13,6.59,23.56,0.0,0.0
5.08,6.75,16.78,0.0,0.0
2.38,2.35,11.05,0.0,0.0
2.38,0.0,0.0,0.0,0.0
1.92,0.0,0.0,0.0,0.0
2.37,0.0,0.0,0.0,0.0
1.92,0.0,2.43,0.0,0.0
3.27,0.0,2.21,0.0,0.0
6.43,0.0,4.26,0.0,0.0
6.88,2.39,6.19,0.0,0.0
7.78,2.35,6.86,0.0,0.0
9.13,5.16,7.34,0.0,0.0
10.47,2.04,3.9,0.0,0.0
12.72,1.56,3.0,0.0,0.0
14.07,11.27,4.72,0.0,0.0
13.17,4.86,5.08,0.0,0.0
12.27,15.34,5.19,0.0,0.0
11.37,14.4,6.19,0.0,0.0
11.37,3.44,6.79,0.0,0.0
12.72,4.85,7.8,0.0,0.0
12.72,3.6,8.6,0.0,0.0
11.82,2.51,8.5,0.0,0.0
10.92,1.56,7.43,0.0,0.0
10.02,6.26,6.49,0.0,0.0
9.13,6.57,6.29,0.0,0.0
5.08,6.73,2.52,0.0,0.0
2.38,2.35,1.58,0.0,0.0
2.38,0.0,0.0,0.0,0.0
1.92,0.0,0.0,0.0,0.0
2.37,0.0,0.0,0.0,0.0
1.92,0.0,0.3,0.0,0.0
3.27,0.0,0.2,0.0,0.0
6.43,0.0,0.21,0.0,0.0
6.88,2.38,0.0,0.0,0.0
7.78,2.34,0.0,0.0,0.0
9.13,5.16,1.84,0.0,0.0
10.47,2.03,5.34,0.0,0.0
12.72,1.55,10.17,0.0,0.0
14.07,11.25,16.46,0.0,0.0
13.17,4.84,19.6,0.0,0.0
12.27,15.32,20.63,0.0,0.0
11.37,14.37,18.93,0.0,0.0
11.37,3.44,18.37,0.0,0.0
12.72,4.84,19.51,0.0,0.0
12.72,3.59,20.77,0.0,0.0
11.82,2.5,21.39,0.0,0.0
10.92,1.56,15.55,0.0,0.0
10.02,6.24,9.02,0.0,0.0
9.13,6.56,7.6,0.0,0.0
5.08,6.72,4.35,0.0,0.0
2.38,2.34,2.25,0.0,0.0
2.38,0.0,0.0,0.0,0.0
1.92,0.0,0.0,0.0,0.0
2.37,0.0,0.0,0.0,0.0
1.92,0.0,0.19,0.0,0.0
3.27,0.0,0.08,0.0,0.0
6.41,0.0,0.21,0.0,0.0
6.88,0.0,0.0,0.0,0.0
7.78,2.39,0.62,0.0,0.0
9.13,2.34,4.73,0.0,0.0
10.47,2.34,12.08,0.0,0.0
12.72,1.56,17.26,0.0,0.0
14.07,11.22,22.38,0.0,0.0
13.17,9.35,25.57,0.0,0.0
12.27,15.28,26.57,0.0,0.0
11.37,14.34,23.72,0.0,0.0
11.37,3.9,21.74,0.0,0.0
12.72,3.89,21.05,0.0,0.0
12.72,3.59,19.47,0.0,0.0
11.82,2.49,18.98,0.0,0.0
10.92,1.56,15.36,0.0,0.0
10.02,6.24,10.65,0.0,0.0
9.13,6.54,8.12,0.0,0.0
5.08,6.7,5.98,0.0,0.0
2.38,0.0,3.29,0.0,0.0
2.38,0.0,0.0,0.0,0.0
1.92,0.0,0.0,0.0,0.0
2.37,0.0,0.0,0.0,0.0
1.92,0.0,0.95,0.0,0.0
3.27,0.0,0.49,0.0,0.0
6.41,0.0,2.25,0.0,0.0
6.88,0.0,3.66,0.0,0.0
7.78,2.39,5.88,0.0,0.0
9.13,2.34,10.53,0.0,0.0
10.47,2.33,15.06,0.0,0.0
12.72,1.56,22.63,0.0,0.0
14.07,11.19,28.5,0.0,0.0
13.17,9.33,34.51,0.0,0.0
12.27,15.25,35.94,0.0,0.0
11.37,14.3,32.64,0.0,0.0
11.37,3.89,31.11,0.0,0.0
12.72,3.89,32.93,0.0,0.0
12.72,3.58,34.72,0.0,0.0
11.82,2.48,34.93,0.0,0.0
10.92,1.56,34.45,0.0,0.0
10.02,6.22,34.85,0.0,0.0
9.13,6.53,29.63,0.0,0.0
5.08,6.68,22.18,0.0,0.0
2.38,0.0,16.9,0.0,0.0
2.38,0.0,0.13,0.0,0.0
1.92,0.0,0.0,0.0,0.0
2.37,0.0,0.0,0.0,0.0
1.92,0.0,3.69,0.0,0.0
3.27,0.0,1.58,0.0,0.0
6.43,0.0,0.68,0.0,0.0
6.88,2.39,0.25,0.0,0.0
7.78,2.33,1.15,0.0,0.0
9.13,5.12,4.35,0.0,0.0
10.47,2.02,5.96,0.0,0.0
12.72,1.55,9.0,0.0,0.0
14.07,11.18,17.32,0.0,0.0
13.17,4.81,26.71,0.0,0.0
12.27,15.21,28.74,0.0,0.0
11.37,14.27,27.32,0.0,0.0
11.37,3.42,23.35,0.0,0.0
12.72,4.81,22.63,0.0,0.0
12.72,3.56,24.11,0.0,0.0
11.82,2.49,24.29,0.0,0.0
10.92,1.55,18.5,0.0,0.0
10.02,6.2,9.44,0.0,0.0
9.13,6.52,7.33,0.0,0.0
5.08,6.67,4.93,0.0,0.0
2.38,2.33,2.57,0.0,0.0
2.38,0.0,0.0,0.0,0.0
1.92,0.0,0.0,0.0,0.0
2.37,0.0,0.0,0.0,0.0
1.92,0.0,0.32,0.0,0.0
3.27,0.0,1.06,0.0,0.0
6.43,0.0,1.17,0.0,0.0
6.88,2.38,0.0,0.0,0.0
7.78,2.32,0.38,0.0,0.0
9.13,5.1,5.78,0.0,0.0
10.47,2.01,14.08,0.0,0.0
12.72,1.55,18.57,0.0,0.0
14.07,11.14,23.8,0.0,0.0
13.17,4.8,28.15,0.0,0.0
12.27,15.17,28.04,0.0,0.0
11.37,14.25,25.72,0.0,0.0
11.37,3.41,23.76,0.0,0.0
12.72,4.8,22.71,0.0,0.0
12.72,3.56,23.13,0.0,0.0
11.82,2.48,24.77,0.0,0.0
10.92,1.55,25.84,0.0,0.0
10.02,6.18,28.82,0.0,0.0
9.13,6.51,27.35,0.0,0.0
5.08,6.65,22.23,0.0,0.0
2.38,2.32,17.68,0.0,0.0
2.38,0.0,0.12,0.0,0.0
1.92,0.0,0.0,0.0,0.0
2.37,0.0,0.0,0.0,0.0
1.92,0.0,4.07,0.0,0.0
3.27,0.0,4.16,0.0,0.0
6.43,0.0,12.22,0.0,0.0
6.88,2.37,15.34,0.0,0.0
7.78,2.32,21.28,0.0,0.0
9.13,5.09,27.64,0.0,0.0
10.47,2.0,30.73,0.0,0.0
12.72,1.55,30.37,0.0,0.0
14.07,11.12,36.43,0.0,0.0
13.17,4.79,43.97,0.0,0.0
12.27,15.14,43.8,0.0,0.0
11.37,14.21,36.99,0.0,0.0
11.37,3.4,28.62,0.0,0.0
12.72,4.79,24.31,0.0,0.0
12.72,3.55,21.43,0.0,0.0
11.82,2.47,16.77,0.0,0.0
10.92,1.55,9.72,0.0,0.0
10.02,6.17,5.78,0.0,0.0
9.13,6.49,4.88,0.0,0.0
5.08,6.64,2.49,0.0,0.0
2.38,2.32,1.16,0.0,0.0
2.38,0.0,0.0,0.0,0.0
1.92,0.0,0.0,0.0,0.0
2.37,0.0,0.0,0.0,0.0
1.92,0.0,0.05,0.0,0.0
3.27,0.0,0.0,0.0,0.0
6.43,0.0,0.0,0.0,0.0
6.88,2.37,0.0,0.0,0.0
7.78,2.31,0.0,0.0,0.0
9.13,5.08,0.27,0.0,0.0
10.47,2.0,1.26,0.0,0.0
12.72,1.55,3.02,0.0,0.0
14.07,11.1,4.31,0.0,0.0
13.17,4.78,4.89,0.0,0.0
12.27,15.11,5.17,0.0,0.0
11.37,14.18,5.65,0.0,0.0
11.37,3.39,6.05,0.0,0.0
12.72,4.78,6.02,0.0,0.0
12.72,3.54,5.53,0.0,0.0
11.82,2.47,4.8,0.0,0.0
10.92,1.54,4.24,0.0,0.0
10.02,6.16,3.81,0.0,0.0
9.13,6.48,3.49,0.0,0.0
5.08,6.62,1.31,0.0,0.0
2.38,2.31,0.18,0.0,0.0
2.38,0.0,0.0,0.0,0.0
1.92,0.0,0.0,0.0,0.0
2.37,0.0,0.0,0.0,0.0
1.92,0.0,0.0,0.0,0.0
3.27,0.0,0.0,0.0,0.0
6.43,0.0,0.0,0.0,0.0
6.88,2.36,0.0,0.0,0.0
7.78,2.31,0.0,0.0,0.0
9.13,5.07,0.27,0.0,0.0
10.47,2.0,1.64,0.0,0.0
12.72,1.54,3.32,0.0,0.0
14.07,11.07,4.44,0.0,0.0
13.17,4.77,4.82,0.0,0.0
12.27,15.08,5.11,0.0,0.0
11.37,14.15,5.97,0.0,0.0
11.37,3.38,7.14,0.0,0.0
12.72,4.77,8.8,0.0,0.0
12.72,3.53,10.16,0.0,0.0
11.82,2.46,8.93,0.0,0.0
10.92,1.54,5.36,0.0,0.0
10.02,6.15,4.77,0.0,0.0
9.13,6.46,4.29,0.0,0.0
5.08,6.61,2.09,0.0,0.0
2.38,2.31,0.44,0.0,0.0
2.38,0.0,0.0,0.0,0.0
1.92,0.0,0.0,0.0,0.0
2.37,0.0,0.0,0.0,0.0
1.92,0.0,0.0,0.0,0.0
3.27,0.0,0.0,0.0,0.0
6.41,0.0,0.0,0.0,0.0
6.88,0.0,0.0,0.0,0.0
7.78,2.36,0.0,0.0,0.0
9.13,2.3,0.22,0.0,0.0
10.47,2.3,1.91,0.0,0.0
12.72,1.53,4.0,0.0,0.0
14.07,11.04,6.65,0.0,0.0
13.17,9.21,10.33,0.0,0.0
12.27,15.04,12.74,0.0,0.0
11.37,14.11,12.92,0.0,0.0
11.37,3.84,12.74,0.0,0.0
12.72,3.83,13.31,0.0,0.0
12.72,3.53,11.82,0.0,0.0
11.82,2.45,9.48,0.0,0.0
10.92,1.53,5.82,0.0,0.0
10.02,6.14,5.02,0.0,0.0
9.13,6.44,4.17,0.0,0.0
5.08,6.6,1.23,0.0,0.0
2.38,0.0,0.33,0.0,0.0
2.38,0.0,0.0,0.0,0.0
1.92,0.0,0.0,0.0,0.0
2.37,0.0,0.0,0.0,0.0
1.92,0.0,0.09,0.0,0.0
3.27,0.0,0.0,0.0,0.0
6.41,0.0,0.0,0.0,0.0
6.88,0.0,0.0,0.0,0.0
7.78,2.35,0.0,0.0,0.0
9.13,2.3,0.66,0.0,0.0
10.47,2.3,3.2,0.0,0.0
12.72,1.53,5.63,0.0,0.0
14.07,11.02,10.87,0.0,0.0
13.17,9.19,14.71,0.0,0.0
12.27,15.0,16.53,0.0,0.0
11.37,14.09,15.78,0.0,0.0
11.37,3.83,13.75,0.0,0.0
12.72,3.82,12.62,0.0,0.0
12.72,3.52,10.97,0.0,0.0
11.82,2.45,9.43,0.0,0.0
10.92,1.53,6.74,0.0,0.0
10.02,6.13,6.08,0.0,0.0
9.13,6.42,5.65,0.0,0.0
5.08,6.59,2.51,0.0,0.0
2.38,0.0,0.99,0.0,0.0
2.38,0.0,0.0,0.0,0.0
1.92,0.0,0.0,0.0,0.0
2.37,0.0,0.0,0.0,0.0
1.92,0.0,0.17,0.0,0.0
3.27,0.0,0.0,0.0,0.0
6.43,0.0,0.21,0.0,0.0
6.88,2.34,0.01,0.0,0.0
7.78,2.29,0.9,0.0,0.0
9.13,5.03,3.68,0.0,0.0
10.47,1.98,5.21,0.0,0.0
12.72,1.53,11.39,0.0,0.0
14.07,10.99,19.69,0.0,0.0
13.17,4.74,23.84,0.0,0.0
12.27,14.97,25.63,0.0,0.0
11.37,14.05,24.29,0.0,0.0
11.37,3.36,21.18,0.0,0.0
12.72,4.74,21.61,0.0,0.0
12.72,3.51,23.18,0.0,0.0
11.82,2.44,22.65,0.0,0.0
10.92,1.53,14.93,0.0,0.0
10.02,6.11,8.68,0.0,0.0
9.13,6.41,8.33,0.0,0.0
5.08,6.56,6.1,0.0,0.0
2.38,2.29,3.64,0.0,0.0
2.38,0.0,0.0,0.0,0.0
1.92,0.0,0.0,0.0,0.0
2.37,0.0,0.0,0.0,0.0
1.92,0.0,0.88,0.0,0.0
3.27,0.0,3.2,0.0,0.0
6.43,0.0,4.63,0.0,0.0
6.88,2.34,3.25,0.0,0.0
7.78,2.29,2.81,0.0,0.0
9.13,5.02,6.6,0.0,0.0
10.47,1.98,14.01,0.0,0.0
12.72,1.52,18.97,0.0,0.0
14.07,10.98,24.19,0.0,0.0
13.17,4.73,27.52,0.0,0.0
12.27,14.93,26.71,0.0,0.0
11.37,14.01,23.69,0.0,0.0
11.37,3.35,20.59,0.0,0.0
12.72,4.73,20.93,0.0,0.0
12.72,3.5,23.55,0.0,0.0
11.82,2.43,23.46,0.0,0.0
10.92,1.53,19.33,0.0,0.0
10.02,6.09,13.6,0.0,0.0
9.13,6.4,9.01,0.0,0.0
5.08,6.55,6.61,0.0,0.0
2.38,2.28,5.08,0.0,0.0
2.38,0.0,0.0,0.0,0.0
1.92,0.0,0.0,0.0,0.0
2.37,0.0,0.0,0.0,0.0
1.92,0.0,0.97,0.0,0.0
3.27,0.0,0.32,0.0,0.0
6.43,0.0,1.31,0.0,0.0
6.88,2.34,2.35,0.0,0.0
7.78,2.28,4.34,0.0,0.0
9.13,5.02,11.88,0.0,0.0
10.47,1.98,18.16,0.0,0.0
12.72,1.51,20.06,0.0,0.0
14.07,10.95,26.05,0.0,0.0
13.17,4.71,28.48,0.0,0.0
12.27,14.91,28.2,0.0,0.0
11.37,13.99,23.86,0.0,0.0
11.37,3.34,19.63,0.0,0.0
12.72,4.71,19.47,0.0,0.0
12.72,3.5,20.64,0.0,0.0
11.82,2.43,21.62,0.0,0.0
10.92,1.51,17.81,0.0,0.0
10.02,6.09,11.77,0.0,0.0
9.13,6.38,6.56,0.0,0.0
5.08,6.54,3.97,0.0,0.0
2.38,2.28,1.88,0.0,0.0
2.38,0.0,0.0,0.0,0.0
1.92,0.0,0.0,0.0,0.0
2.37,0.0,0.0,0.0,0.0
1.92,0.0,0.37,0.0,0.0
3.27,0.0,0.01,0.0,0.0
6.43,0.0,0.26,0.0,0.0
6.88,2.32,0.0,0.0,0.0
7.78,2.27,1.45,0.0,0.0
9.13,5.0,8.77,0.0,0.0
10.47,1.97,16.63,0.0,0.0
12.72,1.52,18.47,0.0,0.0
14.07,10.91,22.71,0.0,0.0
13.17,4.7,26.82,0.0,0.0
12.27,14.87,27.61,0.0,0.0
11.37,13.95,25.53,0.0,0.0
11.37,3.34,22.79,0.0,0.0
12.72,4.7,22.44,0.0,0.0
12.72,3.49,23.47,0.0,0.0
11.82,2.42,24.99,0.0,0.0
10.92,1.52,19.73,0.0,0.0
10.02,6.07,15.24,0.0,0.0
9.13,6.36,10.74,0.0,0.0
5.08,6.53,6.98,0.0,0.0
2.38,2.27,4.9,0.0,0.0
2.38,0.0,0.0,0.0,0.0
1.92,0.0,0.0,0.0,0.0
2.37,0.0,0.0,0.0,0.0
1.92,0.0,0.64,0.0,0.0
3.27,0.0,1.68,0.0,0.0
6.43,0.0,3.06,0.0,0.0
6.88,2.31,2.72,0.0,0.0
7.78,2.27,3.63,0.0,0.0
9.13,5.0,10.29,0.0,0.0
10.47,1.96,16.2,0.0,0.0
12.72,1.51,18.92,0.0,0.0
14.07,10.89,24.78,0.0,0.0
13.17,4.69,29.76,0.0,0.0
12.27,14.82,30.25,0.0,0.0
11.37,13.92,25.8,0.0,0.0
11.37,3.33,22.11,0.0,0.0
12.72,4.69,22.63,0.0,0.0
12.72,3.48,23.13,0.0,0.0
11.82,2.42,22.39,0.0,0.0
10.92,1.52,18.45,0.0,0.0
10.02,6.05,14.2,0.0,0.0
9.13,6.35,9.04,0.0,0.0
5.08,6.51,5.97,0.0,0.0
2.38,2.27,3.65,0.0,0.0
2.38,0.0,0.0,0.0,0.0
1.92,0.0,0.0,0.0,0.0
2.37,0.0,0.0,0.0,0.0
1.92,0.0,0.88,0.0,0.0
3.27,0.0,0.37,0.0,0.0
6.41,0.0,0.56,0.0,0.0
6.88,0.0,1.1,0.0,0.0
7.78,2.32,3.88,0.0,0.0
9.13,2.26,10.67,0.0,0.0
10.47,2.26,17.69,0.0,0.0
12.72,1.5,19.49,0.0,0.0
14.07,10.87,23.36,0.0,0.0
13.17,9.06,25.74,0.0,0.0
12.27,14.79,27.32,0.0,0.0
11.37,13.89,25.99,0.0,0.0
11.37,3.77,25.26,0.0,0.0
12.72,3.77,24.7,0.0,0.0
12.72,3.47,23.15,0.0,0.0
11.82,2.41,26.01,0.0,0.0
10.92,1.51,26.04,0.0,0.0
10.02,6.04,20.96,0.0,0.0
9.13,6.33,15.75,0.0,0.0
5.08,6.49,9.71,0.0,0.0
2.38,0.0,5.75,0.0,0.0
2.38,0.0,0.0,0.0,0.0
1.92,0.0,0.0,0.0,0.0
2.37,0.0,0.0,0.0,0.0
1.92,0.0,1.5,0.0,0.0
3.27,0.0,0.74,0.0,0.0
6.41,0.0,2.1,0.0,0.0
6.88,0.0,2.88,0.0,0.0
7.78,2.32,4.9,0.0,0.0
9.13,2.26,9.29,0.0,0.0
10.47,2.26,14.43,0.0,0.0
12.72,1.51,21.66,0.0,0.0
14.07,10.83,26.58,0.0,0.0
13.17,9.03,30.55,0.0,0.0
12.27,14.76,25.06,0.0,0.0
11.37,13.85,21.86,0.0,0.0
11.37,3.77,20.43,0.0,0.0
12.72,3.76,19.17,0.0,0.0
12.72,3.46,20.46,0.0,0.0
11.82,2.41,23.94,0.0,0.0
10.92,1.51,24.11,0.0,0.0
10.02,6.02,19.2,0.0,0.0
9.13,6.32,12.68,0.0,0.0
5.08,6.47,8.08,0.0,0.0
2.38,0.0,4.97,0.0,0.0
2.38,0.0,0.0,0.0,0.0
1.92,0.0,0.0,0.0,0.0
2.37,0.0,0.0,0.0,0.0
1.92,0.0,1.33,0.0,0.0
3.27,0.0,0.67,0.0,0.0
6.43,0.0,1.04,0.0,0.0
6.88,2.3,2.84,0.0,0.0
7.78,2.25,5.18,0.0,0.0
9.13,4.95,13.44,0.0,0.0
10.47,1.95,22.55,0.0,0.0
12.72,1.5,25.75,0.0,0.0
14.07,10.81,23.75,0.0,0.0
13.17,4.66,11.24,0.0,0.0
12.27,14.72,9.86,0.0,0.0
11.37,13.81,10.39,0.0,0.0
11.37,3.3,11.08,0.0,0.0
12.72,4.66,16.46,0.0,0.0
12.72,3.45,22.55,0.0,0.0
11.82,2.4,24.05,0.0,0.0
10.92,1.5,19.93,0.0,0.0
10.02,6.01,14.65,0.0,0.0
9.13,6.3,11.17,0.0,0.0
5.08,6.46,7.67,0.0,0.0
2.38,2.25,4.76,0.0,0.0
2.38,0.0,0.0,0.0,0.0
1.92,0.0,0.0,0.0,0.0
2.37,0.0,0.0,0.0,0.0
1.92,0.0,0.64,0.0,0.0
3.27,0.0,2.29,0.0,0.0
6.43,0.0,3.47,0.0,0.0
6.88,2.3,2.42,0.0,0.0
7.78,2.25,3.12,0.0,0.0
9.13,4.94,9.05,0.0,0.0
10.47,1.95,16.15,0.0,0.0
12.72,1.5,20.22,0.0,0.0
14.07,10.79,27.43,0.0,0.0
13.17,4.64,32.0,0.0,0.0
12.27,14.69,31.59,0.0,0.0
11.37,13.78,29.37,0.0,0.0
11.37,3.29,26.61,0.0,0.0
12.72,4.65,25.86,0.0,0.0
12.72,3.45,25.68,0.0,0.0
11.82,2.39,25.58,0.0,0.0
10.92,1.49,20.63,0.0,0.0
10.02,6.0,17.87,0.0,0.0
9.13,6.29,11.87,0.0,0.0
5.08,6.44,7.21,0.0,0.0
2.38,2.25,4.8,0.0,0.0
2.38,0.0,0.0,0.0,0.0
1.92,0.0,0.0,0.0,0.0
2.37,0.0,0.0,0.0,0.0
1.92,0.0,0.96,0.0,0.0
3.27,0.0,0.33,0.0,0.0
6.43,0.0,0.6,0.0,0.0
6.88,2.3,2.25,0.0,0.0
7.78,2.24,4.83,0.0,0.0
9.13,4.92,15.59,0.0,0.0
10.47,1.95,22.11,0.0,0.0
12.72,1.49,23.96,0.0,0.0
14.07,10.76,30.07,0.0,0.0
13.17,4.63,36.24,0.0,0.0
12.27,14.65,36.56,0.0,0.0
11.37,13.75,30.35,0.0,0.0
11.37,3.29,22.46,0.0,0.0
12.72,4.63,24.67,0.0,0.0
12.72,3.44,31.39,0.0,0.0
11.82,2.39,32.65,0.0,0.0
10.92,1.49,28.19,0.0,0.0
10.02,5.97,25.06,0.0,0.0
9.13,6.28,20.81,0.0,0.0
5.08,6.42,11.61,0.0,0.0
2.38,2.24,6.82,0.0,0.0
2.38,0.0,0.0,0.0,0.0
1.92,0.0,0.0,0.0,0.0
2.37,0.0,0.0,0.0,0.0
1.92,0.0,1.58,0.0,0.0
3.27,0.0,0.79,0.0,0.0
6.43,0.0,1.64,0.0,0.0
6.88,2.3,3.33,0.0,0.0
7.78,2.24,6.88,0.0,0.0
9.13,4.92,19.87,0.0,0.0
10.47,1.94,24.87,0.0,0.0
12.72,1.49,26.68,0.0,0.0
14.07,10.73,31.35,0.0,0.0
13.17,4.62,36.15,0.0,0.0
12.27,14.6,37.21,0.0,0.0
11.37,13.72,34.27,0.0,0.0
11.37,3.28,30.65,0.0,0.0
12.72,4.62,30.03,0.0,0.0
12.72,3.43,31.02,0.0,0.0
11.82,2.38,31.15,0.0,0.0
10.92,1.49,27.26,0.0,0.0
10.02,5.97,23.77,0.0,0.0
9.13,6.26,17.05,0.0,0.0
5.08,6.41,9.83,0.0,0.0
2.38,2.24,6.44,0.0,0.0
2.38,0.0,0.0,0.0,0.0
1.92,0.0,0.0,0.0,0.0
2.37,0.0,0.0,0.0,0.0
1.92,0.0,1.44,0.0,0.0
3.27,0.0,4.25,0.0,0.0
6.43,0.0,7.14,0.0,0.0
6.88,2.29,5.97,0.0,0.0
7.78,2.23,6.83,0.0,0.0
9.13,4.9,18.33,0.0,0.0
10.47,1.94,23.46,0.0,0.0
12.72,1.48,25.05,0.0,0.0
14.07,10.71,32.08,0.0,0.0
13.17,4.61,36.42,0.0,0.0
12.27,14.57,33.86,0.0,0.0
11.37,13.69,29.37,0.0,0.0
11.37,3.27,25.65,0.0,0.0
12.72,4.61,25.57,0.0,0.0
12.72,3.42,26.05,0.0,0.0
11.82,2.38,27.24,0.0,0.0
10.92,1.48,25.01,0.0,0.0
10.02,5.95,20.86,0.0,0.0
9.13,6.24,13.55,0.0,0.0
5.08,6.39,7.98,0.0,0.0
2.38,2.23,5.2,0.0,0.0
2.38,0.0,0.0,0.0,0.0
1.92,0.0,0.0,0.0,0.0
2.37,0.0,0.0,0.0,0.0
1.92,0.0,1.22,0.0,0.0
3.27,0.0,0.53,0.0,0.0
6.41,0.0,0.63,0.0,0.0
6.88,0.0,0.25,0.0,0.0
7.78,2.29,3.83,0.0,0.0
9.13,2.22,14.4,0.0,0.0
10.47,2.22,22.39,0.0,0.0
12.72,1.49,25.28,0.0,0.0
14.07,10.67,31.0,0.0,0.0
13.17,8.9,32.78,0.0,0.0
12.27,14.54,33.08,0.0,0.0
11.37,13.65,32.61,0.0,0.0
11.37,3.7,33.27,0.0,0.0
12.72,3.71,33.2,0.0,0.0
12.72,3.41,31.75,0.0,0.0
11.82,2.37,36.99,0.0,0.0
10.92,1.48,38.31,0.0,0.0
10.02,5.94,31.56,0.0,0.0
9.13,6.23,27.96,0.0,0.0
5.08,6.38,21.92,0.0,0.0
2.38,0.0,10.02,0.0,0.0
2.38,0.0,0.0,0.0,0.0
1.92,0.0,0.0,0.0,0.0
2.37,0.0,0.0,0.0,0.0
1.92,0.0,0.86,0.0,0.0
3.27,0.0,0.25,0.0,0.0
6.41,0.0,0.26,0.0,0.0
6.88,0.0,0.0,0.0,0.0
7.78,2.28,0.24,0.0,0.0
9.13,2.23,0.65,0.0,0.0
10.47,2.22,0.98,0.0,0.0
12.72,1.48,2.13,0.0,0.0
14.07,10.66,3.87,0.0,0.0
13.17,8.88,4.83,0.0,0.0
12.27,14.5,5.47,0.0,0.0
11.37,13.62,5.69,0.0,0.0
11.37,3.7,5.76,0.0,0.0
12.72,3.69,5.34,0.0,0.0
12.72,3.4,4.48,0.0,0.0
11.82,2.37,3.71,0.0,0.0
10.92,1.48,3.27,0.0,0.0
10.02,5.91,2.9,0.0,0.0
9.13,6.21,2.23,0.0,0.0
5.08,6.36,0.0,0.0,0.0
2.38,0.0,0.0,0.0,0.0
2.38,0.0,0.0,0.0,0.0
1.92,0.0,0.0,0.0,0.0
2.37,0.0,0.0,0.0,0.0
1.92,0.0,0.0,0.0,0.0
3.27,0.0,0.0,0.0,0.0
6.43,0.0,0.0,0.0,0.0
6.88,2.26,0.0,0.0,0.0
7.78,2.21,0.0,0.0,0.0
9.13,4.86,0.28,0.0,0.0
10.47,1.92,2.05,0.0,0.0
12.72,1.47,4.55,0.0,0.0
14.07,10.63,6.52,0.0,0.0
13.17,4.57,9.73,0.0,0.0
12.27,14.46,12.76,0.0,0.0
11.37,13.59,14.66,0.0,0.0
11.37,3.25,15.1,0.0,0.0
12.72,4.57,16.12,0.0,0.0
12.72,3.39,18.44,0.0,0.0
11.82,2.36,17.86,0.0,0.0
10.92,1.48,8.02,0.0,0.0
10.02,5.9,4.8,0.0,0.0
9.13,6.2,4.04,0.0,0.0
5.08,6.34,2.0,0.0,0.0
2.38,2.21,0.99,0.0,0.0
2.38,0.0,0.0,0.0,0.0
1.92,0.0,0.0,0.0,0.0
2.37,0.0,0.0,0.0,0.0
1.92,0.0,0.14,0.0,0.0
3.27,0.0,0.12,0.0,0.0
6.43,0.0,0.32,0.0,0.0
6.88,2.27,0.0,0.0,0.0
7.78,2.21,0.04,0.0,0.0
9.13,4.86,3.23,0.0,0.0
10.47,1.92,5.46,0.0,0.0
12.72,1.47,9.87,0.0,0.0
14.07,10.59,17.5,0.0,0.0
13.17,4.56,23.35,0.0,0.0
12.27,14.42,23.81,0.0,0.0
11.37,13.54,21.53,0.0,0.0
11.37,3.24,19.5,0.0,0.0
12.72,4.56,19.18,0.0,0.0
12.72,3.39,19.84,0.0,0.0
11.82,2.35,18.33,0.0,0.0
10.92,1.47,10.95,0.0,0.0
10.02,5.88,7.86,0.0,0.0
9.13,6.19,7.71,0.0,0.0
5.08,6.32,4.9,0.0,0.0
2.38,2.2,3.1,0.0,0.0
2.38,0.0,0.0,0.0,0.0
1.92,0.0,0.0,0.0,0.0
2.37,0.0,0.0,0.0,0.0
1.92,0.0,0.63,0.0,0.0
3.27,0.0,0.38,0.0,0.0
6.43,0.0,2.39,0.0,0.0
6.88,2.26,4.0,0.0,0.0
7.78,2.2,4.9,0.0,0.0
9.13,4.85,9.98,0.0,0.0
10.47,1.91,17.2,0.0,0.0
12.72,1.47,21.54,0.0,0.0
14.07,10.56,29.97,0.0,0.0
13.17,4.55,36.38,0.0,0.0
12.27,14.4,36.32,0.0,0.0
11.37,13.5,33.37,0.0,0.0
11.37,3.23,31.4,0.0,0.0
12.72,4.55,33.48,0.0,0.0
12.72,3.38,36.6,0.0,0.0
11.82,2.35,40.45,0.0,0.0
10.92,1.47,39.89,0.0,0.0
10.02,5.87,39.05,0.0,0.0
9.13,6.16,33.07,0.0,0.0
5.08,6.32,25.53,0.0,0.0
2.38,2.2,18.86,0.0,0.0
2.38,0.0,0.13,0.0,0.0
1.92,0.0,0.0,0.0,0.0
2.37,0.0,0.0,0.0,0.0
1.92,0.0,1.48,0.0,0.0
3.27,0.0,0.66,0.0,0.0
6.43,0.0,0.77,0.0,0.0
6.88,2.24,1.69,0.0,0.0
7.78,2.2,2.33,0.0,0.0
9.13,4.83,4.23,0.0,0.0
10.47,1.91,5.35,0.0,0.0
12.72,1.46,7.36,0.0,0.0
14.07,10.55,9.13,0.0,0.0
13.17,4.54,15.83,0.0,0.0
12.27,14.35,21.94,0.0,0.0
11.37,13.48,22.71,0.0,0.0
11.37,3.22,23.16,0.0,0.0
12.72,4.54,25.28,0.0,0.0
12.72,3.37,27.46,0.0,0.0
11.82,2.34,29.3,0.0,0.0
10.92,1.46,25.56,0.0,0.0
10.02,5.85,25.28,0.0,0.0
9.13,6.15,23.16,0.0,0.0
5.08,6.29,18.03,0.0,0.0
2.38,2.19,14.62,0.0,0.0
2.38,0.0,0.06,0.0,0.0
1.92,0.0,0.0,0.0,0.0
2.37,0.0,0.0,0.0,0.0
1.92,0.0,4.77,0.0,0.0
3.27,0.0,9.82,0.0,0.0
6.43,0.0,22.83,0.0,0.0
6.88,2.25,22.89,0.0,0.0
7.78,2.19,28.08,0.0,0.0
9.13,4.82,32.16,0.0,0.0
10.47,1.9,35.32,0.0,0.0
12.72,1.46,35.34,0.0,0.0
14.07,10.51,43.64,0.0,0.0
13.17,4.53,52.55,0.0,0.0
12.27,14.32,51.89,0.0,0.0
11.37,13.44,45.05,0.0,0.0
11.37,3.21,39.52,0.0,0.0
12.72,4.53,40.66,0.0,0.0
12.72,3.36,44.73,0.0,0.0
11.82,2.34,48.88,0.0,0.0
10.92,1.46,46.65,0.0,0.0
10.02,5.84,44.31,0.0,0.0
9.13,6.13,38.14,0.0,0.0
5.08,6.29,30.82,0.0,0.0
2.38,2.19,23.39,0.0,0.0
2.38,0.0,0.45,0.0,0.0
1.92,0.0,0.0,0.0,0.0
2.37,0.0,0.0,0.0,0.0
1.92,0.0,4.77,0.0,0.0
3.27,0.0,5.31,0.0,0.0
6.41,0.0,15.5,0.0,0.0
6.88,0.0,17.16,0.0,0.0
7.78,2.24,27.72,0.0,0.0
9.13,2.18,32.52,0.0,0.0
10.47,2.18,33.76,0.0,0.0
12.72,1.46,34.64,0.0,0.0
14.07,10.48,42.48,0.0,0.0
13.17,8.74,44.82,0.0,0.0
12.27,14.28,45.54,0.0,0.0
11.37,13.41,43.32,0.0,0.0
11.37,3.64,40.4,0.0,0.0
12.72,3.64,40.06,0.0,0.0
12.72,3.35,39.59,0.0,0.0
11.82,2.33,45.24,0.0,0.0
10.92,1.46,46.55,0.0,0.0
10.02,5.82,42.06,0.0,0.0
9.13,6.11,39.39,0.0,0.0
5.08,6.27,33.34,0.0,0.0
2.38,0.0,25.06,0.0,0.0
2.38,0.0,0.6,0.0,0.0
1.92,0.0,0.0,0.0,0.0
2.37,0.0,0.0,0.0,0.0
1.92,0.0,5.48,0.0,0.0
3.27,0.0,5.72,0.0,0.0
6.41,0.0,16.96,0.0,0.0
6.88,0.0,19.22,0.0,0.0
7.78,2.24,28.86,0.0,0.0
9.13,2.18,32.81,0.0,0.0
10.47,2.18,28.77,0.0,0.0
12.72,1.46,23.03,0.0,0.0
14.07,10.46,11.61,0.0,0.0
13.17,8.72,12.95,0.0,0.0
12.27,14.24,13.54,0.0,0.0
11.37,13.37,14.91,0.0,0.0
11.37,3.64,21.0,0.0,0.0
12.72,3.63,24.47,0.0,0.0
12.72,3.34,25.58,0.0,0.0
11.82,2.33,26.92,0.0,0.0
10.92,1.45,26.1,0.0,0.0
10.02,5.81,26.0,0.0,0.0
9.13,6.1,18.73,0.0,0.0
5.08,6.25,7.67,0.0,0.0
2.38,0.0,2.71,0.0,0.0
2.38,0.0,0.0,0.0,0.0
1.92,0.0,0.0,0.0,0.0
2.37,0.0,0.0,0.0,0.0
1.92,0.0,0.21,0.0,0.0
3.27,0.0,0.0,0.0,0.0
6.43,0.0,0.19,0.0,0.0
6.88,2.23,0.0,0.0,0.0
7.78,2.17,0.33,0.0,0.0
9.13,4.79,3.38,0.0,0.0
10.47,1.88,5.52,0.0,0.0
12.72,1.45,10.54,0.0,0.0
14.07,10.43,14.87,0.0,0.0
13.17,4.49,18.7,0.0,0.0
12.27,14.21,18.71,0.0,0.0
11.37,13.34,18.37,0.0,0.0
11.37,3.19,17.55,0.0,0.0
12.72,4.49,18.96,0.0,0.0
12.72,3.33,21.41,0.0,0.0
11.82,2.32,22.95,0.0,0.0
10.92,1.45,17.99,0.0,0.0
10.02,5.8,8.62,0.0,0.0
9.13,6.09,7.1,0.0,0.0
5.08,6.23,5.21,0.0,0.0
2.38,2.17,2.55,0.0,0.0
2.38,0.0,0.0,0.0,0.0
1.92,0.0,0.0,0.0,0.0
2.37,0.0,0.0,0.0,0.0
1.92,0.0,0.19,0.0,0.0
3.27,0.0,0.64,0.0,0.0
6.43,0.0,1.13,0.0,0.0
6.88,2.23,0.06,0.0,0.0
7.78,2.17,1.59,0.0,0.0
9.13,4.78,9.34,0.0,0.0
10.47,1.87,16.16,0.0,0.0
12.72,1.45,17.62,0.0,0.0
14.07,10.4,22.51,0.0,0.0
13.17,4.48,28.54,0.0,0.0
12.27,14.17,27.98,0.0,0.0
11.37,13.3,23.89,0.0,0.0
11.37,3.18,21.66,0.0,0.0
12.72,4.48,22.41,0.0,0.0
12.72,3.32,24.5,0.0,0.0
11.82,2.31,26.0,0.0,0.0
10.92,1.45,22.09,0.0,0.0
10.02,5.78,16.98,0.0,0.0
9.13,6.07,11.56,0.0,0.0
5.08,6.21,7.3,0.0,0.0
2.38,2.17,4.66,0.0,0.0
2.38,0.0,0.0,0.0,0.0
1.92,0.0,0.0,0.0,0.0
2.37,0.0,0.0,0.0,0.0
1.92,0.0,0.9,0.0,0.0
3.27,0.0,0.27,0.0,0.0
6.43,0.0,0.59,0.0,0.0
6.88,2.22,1.67,0.0,0.0
7.78,2.16,4.04,0.0,0.0
9.13,4.76,9.76,0.0,0.0
10.47,1.87,10.34,0.0,0.0
12.72,1.44,8.15,0.0,0.0
14.07,10.38,7.94,0.0,0.0
13.17,4.47,6.31,0.0,0.0
12.27,14.14,4.46,0.0,0.0
11.37,13.27,4.34,0.0,0.0
11.37,3.17,5.53,0.0,0.0
12.72,4.47,5.71,0.0,0.0
12.72,3.32,5.74,0.0,0.0
11.82,2.31,6.26,0.0,0.0
10.92,1.44,6.52,0.0,0.0
10.02,5.77,7.13,0.0,0.0
9.13,6.05,7.62,0.0,0.0
5.08,6.2,3.49,0.0,0.0
2.38,2.16,2.09,0.0,0.0
2.38,0.0,0.0,0.0,0.0
1.92,0.0,0.0,0.0,0.0
2.37,0.0,0.0,0.0,0.0
1.92,0.0,0.33,0.0,0.0
3.27,0.0,0.08,0.0,0.0
6.43,0.0,0.26,0.0,0.0
6.88,2.22,0.35,0.0,0.0
7.78,2.15,0.82,0.0,0.0
9.13,4.75,3.82,0.0,0.0
10.47,1.87,3.7,0.0,0.0
12.72,1.44,3.14,0.0,0.0
14.07,10.35,4.01,0.0,0.0
13.17,4.46,4.95,0.0,0.0
12.27,14.1,5.32,0.0,0.0
11.37,13.23,4.96,0.0,0.0
11.37,3.16,4.1,0.0,0.0
12.72,4.46,4.01,0.0,0.0
12.72,3.3,3.69,0.0,0.0
11.82,2.3,3.07,0.0,0.0
10.92,1.44,2.63,0.0,0.0
10.02,5.75,2.34,0.0,0.0
9.13,6.04,1.58,0.0,0.0
5.08,6.18,0.0,0.0,0.0
2.38,2.16,0.0,0.0,0.0
2.38,0.0,0.0,0.0,0.0
1.92,0.0,0.0,0.0,0.0
2.37,0.0,0.0,0.0,0.0
1.92,0.0,0.01,0.0,0.0
3.27,0.0,0.05,0.0,0.0
6.43,0.0,0.0,0.0,0.0
6.88,2.21,0.0,0.0,0.0
7.78,2.15,0.0,0.0,0.0
9.13,4.74,0.65,0.0,0.0
10.47,1.86,2.34,0.0,0.0
12.72,1.44,4.41,0.0,0.0
14.07,10.33,5.49,0.0,0.0
13.17,4.44,6.9,0.0,0.0
12.27,14.06,10.04,0.0,0.0
11.37,13.2,11.28,0.0,0.0
11.37,3.15,10.82,0.0,0.0
12.72,4.45,10.59,0.0,0.0
12.72,3.3,11.18,0.0,0.0
11.82,2.29,10.01,0.0,0.0
10.92,1.43,6.38,0.0,0.0
10.02,5.73,5.63,0.0,0.0
9.13,6.02,4.87,0.0,0.0
5.08,6.17,1.24,0.0,0.0
2.38,2.15,0.48,0.0,0.0
2.38,0.0,0.0,0.0,0.0
1.92,0.0,0.0,0.0,0.0
2.37,0.0,0.0,0.0,0.0
1.92,0.0,0.09,0.0,0.0
3.27,0.0,0.0,0.0,0.0
6.41,0.0,0.0,0.0,0.0
6.88,0.0,0.0,0.0,0.0
7.78,2.21,0.02,0.0,0.0
9.13,2.14,2.3,0.0,0.0
10.47,2.14,4.87,0.0,0.0
12.72,1.43,8.86,0.0,0.0
14.07,10.3,12.68,0.0,0.0
13.17,8.59,14.2,0.0,0.0
12.27,14.02,16.19,0.0,0.0
11.37,13.16,17.59,0.0,0.0
11.37,3.58,18.38,0.0,0.0
12.72,3.57,17.9,0.0,0.0
12.72,3.29,17.0,0.0,0.0
11.82,2.29,17.38,0.0,0.0
10.92,1.43,9.61,0.0,0.0
10.02,5.72,5.93,0.0,0.0
9.13,6.01,5.27,0.0,0.0
5.08,6.15,3.08,0.0,0.0
2.38,0.0,1.03,0.0,0.0
2.38,0.0,0.0,0.0,0.0
1.92,0.0,0.0,0.0,0.0
2.37,0.0,0.0,0.0,0.0
1.92,0.0,0.15,0.0,0.0
3.27,0.0,0.04,0.0,0.0
6.41,0.0,0.22,0.0,0.0
6.88,0.0,0.0,0.0,0.0
7.78,2.2,0.69,0.0,0.0
9.13,2.14,4.82,0.0,0.0
10.47,2.14,9.99,0.0,0.0
12.72,1.43,14.99,0.0,0.0
14.07,10.27,17.79,0.0,0.0
13.17,8.56,21.13,0.0,0.0
12.27,13.98,21.77,0.0,0.0
11.37,13.13,19.86,0.0,0.0
11.37,3.57,19.12,0.0,0.0
12.72,3.56,20.46,0.0,0.0
12.72,3.28,21.75,0.0,0.0
11.82,2.28,20.91,0.0,0.0
10.92,1.43,17.49,0.0,0.0
10.02,5.71,11.27,0.0,0.0
9.13,5.99,7.37,0.0,0.0
5.08,6.13,4.64,0.0,0.0
2.38,0.0,2.11,0.0,0.0
2.38,0.0,0.0,0.0,0.0
1.92,0.0,0.0,0.0,0.0
2.37,0.0,0.0,0.0,0.0
1.92,0.0,0.25,0.0,0.0
3.27,0.0,0.12,0.0,0.0
6.43,0.0,0.23,0.0,0.0
6.88,2.19,0.0,0.0,0.0
7.78,2.13,1.93,0.0,0.0
9.13,4.69,7.85,0.0,0.0
10.47,1.85,12.53,0.0,0.0
12.72,1.42,16.33,0.0,0.0
14.07,10.24,22.47,0.0,0.0
13.17,4.41,27.95,0.0,0.0
12.27,13.96,28.72,0.0,0.0
11.37,13.09,27.05,0.0,0.0
11.37,3.13,25.08,0.0,0.0
12.72,4.41,25.17,0.0,0.0
12.72,3.27,26.9,0.0,0.0
11.82,2.27,27.38,0.0,0.0
10.92,1.42,21.97,0.0,0.0
10.02,5.69,14.33,0.0,0.0
9.13,5.98,8.87,0.0,0.0
5.08,6.12,6.75,0.0,0.0
2.38,2.13,3.99,0.0,0.0
2.38,0.0,0.0,0.0,0.0
1.92,0.0,0.0,0.0,0.0
2.37,0.0,0.0,0.0,0.0
1.92,0.0,0.48,0.0,0.0
3.27,0.0,1.27,0.0,0.0
6.43,0.0,2.0,0.0,0.0
6.88,2.18,1.56,0.0,0.0
7.78,2.13,3.31,0.0,0.0
9.13,4.68,10.66,0.0,0.0
10.47,1.85,17.74,0.0,0.0
12.72,1.42,21.12,0.0,0.0
14.07,10.21,27.29,0.0,0.0
13.17,4.4,33.01,0.0,0.0
12.27,13.92,31.92,0.0,0.0
11.37,13.06,26.34,0.0,0.0
11.37,3.12,21.84,0.0,0.0
12.72,4.4,22.78,0.0,0.0
12.72,3.26,25.0,0.0,0.0
11.82,2.27,25.73,0.0,0.0
10.92,1.42,22.24,0.0,0.0
10.02,5.68,17.52,0.0,0.0
9.13,5.96,10.37,0.0,0.0
5.08,6.1,6.78,0.0,0.0
2.38,2.13,4.09,0.0,0.0
2.38,0.0,0.0,0.0,0.0
1.92,0.0,0.0,0.0,0.0
2.37,0.0,0.0,0.0,0.0
1.92,0.0,0.56,0.0,0.0
3.27,0.0,0.26,0.0,0.0
6.43,0.0,0.33,0.0,0.0
6.88,2.17,1.22,0.0,0.0
7.78,2.12,3.94,0.0,0.0
9.13,4.67,10.92,0.0,0.0
10.47,1.84,18.74,0.0,0.0
12.72,1.41,22.18,0.0,0.0
14.07,10.18,28.56,0.0,0.0
13.17,4.39,33.92,0.0,0.0
12.27,13.88,34.05,0.0,0.0
11.37,13.03,29.73,0.0,0.0
11.37,3.12,25.76,0.0,0.0
12.72,4.39,27.66,0.0,0.0
12.72,3.25,30.55,0.0,0.0
11.82,2.26,31.79,0.0,0.0
10.92,1.41,27.17,0.0,0.0
10.02,5.66,23.54,0.0,0.0
9.13,5.95,16.2,0.0,0.0
5.08,6.09,9.3,0.0,0.0
2.38,2.12,6.67,0.0,0.0
2.38,0.0,0.0,0.0,0.0
1.92,0.0,0.0,0.0,0.0
2.37,0.0,0.0,0.0,0.0
1.92,0.0,1.87,0.0,0.0
3.27,0.0,1.14,0.0,0.0
6.43,0.0,2.27,0.0,0.0
6.88,2.17,4.04,0.0,0.0
7.78,2.12,7.41,0.0,0.0
9.13,4.66,18.79,0.0,0.0
10.47,1.84,23.16,0.0,0.0
12.72,1.41,24.61,0.0,0.0
14.07,10.16,31.36,0.0,0.0
13.17,4.37,36.39,0.0,0.0
12.27,13.84,36.48,0.0,0.0
11.37,13.0,34.6,0.0,0.0
11.37,3.11,31.42,0.0,0.0
12.72,4.38,31.36,0.0,0.0
12.72,3.25,33.45,0.0,0.0
11.82,2.26,35.39,0.0,0.0
10.92,1.41,31.36,0.0,0.0
10.02,5.65,27.21,0.0,0.0
9.13,5.93,21.65,0.0,0.0
5.08,6.07,16.48,0.0,0.0
2.38,2.12,8.73,0.0,0.0
2.38,0.0,0.0,0.0,0.0
1.92,0.0,0.0,0.0,0.0
2.37,0.0,0.0,0.0,0.0
1.92,0.0,2.04,0.0,0.0
3.27,0.0,6.02,0.0,0.0
6.43,0.0,10.35,0.0,0.0
6.88,2.17,9.99,0.0,0.0
7.78,2.11,19.23,0.0,0.0
9.13,4.65,26.67,0.0,0.0
10.47,1.83,29.18,0.0,0.0
12.72,1.4,17.12,0.0,0.0
14.07,10.14,9.39,0.0,0.0
13.17,4.36,12.13,0.0,0.0
12.27,13.81,29.55,0.0,0.0
11.37,12.96,33.61,0.0,0.0
11.37,3.1,25.03,0.0,0.0
12.72,4.36,24.24,0.0,0.0
12.72,3.24,26.85,0.0,0.0
11.82,2.25,18.55,0.0,0.0
10.92,1.41,10.54,0.0,0.0
10.02,5.63,10.58,0.0,0.0
9.13,5.92,10.51,0.0,0.0
5.08,6.06,7.27,0.0,0.0
2.38,2.11,5.19,0.0,0.0
2.38,0.0,0.0,0.0,0.0
1.92,0.0,0.0,0.0,0.0
2.37,0.0,0.0,0.0,0.0
1.92,0.0,0.7,0.0,0.0
3.27,0.0,0.27,0.0,0.0
6.41,0.0,0.26,0.0,0.0
6.88,0.0,0.0,0.0,0.0
7.78,2.17,1.04,0.0,0.0
9.13,2.1,3.36,0.0,0.0
10.47,2.1,5.51,0.0,0.0
12.72,1.41,7.83,0.0,0.0
14.07,10.12,13.01,0.0,0.0
13.17,8.43,21.02,0.0,0.0
12.27,13.77,24.75,0.0,0.0
11.37,12.92,25.78,0.0,0.0
11.37,3.51,26.06,0.0,0.0
12.72,3.51,26.2,0.0,0.0
12.72,3.23,25.9,0.0,0.0
11.82,2.25,30.0,0.0,0.0
10.92,1.4,30.23,0.0,0.0
10.02,5.62,25.84,0.0,0.0
9.13,5.89,22.11,0.0,0.0
5.08,6.04,12.06,0.0,0.0
2.38,0.0,5.24,0.0,0.0
2.38,0.0,0.0,0.0,0.0
1.92,0.0,0.0,0.0,0.0
2.37,0.0,0.0,0.0,0.0
1.92,0.0,1.21,0.0,0.0
3.27,0.0,0.47,0.0,0.0
6.41,0.0,0.68,0.0,0.0
6.88,0.0,0.31,0.0,0.0
7.78,2.16,3.05,0.0,0.0
9.13,2.12,6.84,0.0,0.0
10.47,2.1,11.05,0.0,0.0
12.72,1.4,18.05,0.0,0.0
14.07,10.08,22.41,0.0,0.0
13.17,8.41,26.69,0.0,0.0
12.27,13.73,28.64,0.0,0.0
11.37,12.89,28.29,0.0,0.0
11.37,3.5,26.67,0.0,0.0
12.72,3.5,26.92,0.0,0.0
12.72,3.22,28.59,0.0,0.0
11.82,2.24,30.14,0.0,0.0
10.92,1.4,30.13,0.0,0.0
10.02,5.6,29.55,0.0,0.0
9.13,5.88,22.07,0.0,0.0
5.08,6.02,14.88,0.0,0.0
2.38,0.0,7.71,0.0,0.0
2.38,0.0,0.0,0.0,0.0
1.92,0.0,0.0,0.0,0.0
2.37,0.0,0.0,0.0,0.0
1.92,0.0,1.43,0.0,0.0
3.27,0.0,0.8,0.0,0.0
6.43,0.0,1.38,0.0,0.0
6.88,2.16,3.28,0.0,0.0
7.78,2.11,8.92,0.0,0.0
9.13,4.61,21.88,0.0,0.0
10.47,1.82,25.75,0.0,0.0
12.72,1.39,26.38,0.0,0.0
14.07,10.05,32.53,0.0,0.0
13.17,4.33,40.23,0.0,0.0
12.27,13.7,39.36,0.0,0.0
11.37,12.86,32.01,0.0,0.0
11.37,3.08,28.42,0.0,0.0
12.72,4.33,30.0,0.0,0.0
12.72,3.21,32.34,0.0,0.0
11.82,2.23,32.74,0.0,0.0
10.92,1.39,30.3,0.0,0.0
10.02,5.59,30.24,0.0,0.0
9.13,5.87,25.6,0.0,0.0
5.08,6.0,19.53,0.0,0.0
2.38,2.09,12.56,0.0,0.0
2.38,0.0,0.0,0.0,0.0
1.92,0.0,0.0,0.0,0.0
2.37,0.0,0.0,0.0,0.0
1.92,0.0,1.94,0.0,0.0
3.27,0.0,5.36,0.0,0.0
6.43,0.0,7.85,0.0,0.0
6.88,2.15,7.41,0.0,0.0
7.78,2.09,14.04,0.0,0.0
9.13,4.59,24.24,0.0,0.0
10.47,1.82,26.43,0.0,0.0
12.72,1.39,25.04,0.0,0.0
14.07,10.03,30.63,0.0,0.0
13.17,4.32,35.33,0.0,0.0
12.27,13.66,35.33,0.0,0.0
11.37,12.82,33.54,0.0,0.0
11.37,3.07,29.77,0.0,0.0
12.72,4.32,30.98,0.0,0.0
12.72,3.2,33.65,0.0,0.0
11.82,2.23,34.06,0.0,0.0
10.92,1.39,31.49,0.0,0.0
10.02,5.57,30.46,0.0,0.0
9.13,5.85,25.36,0.0,0.0
5.08,5.99,19.68,0.0,0.0
2.38,2.09,13.46,0.0,0.0
2.38,0.0,0.01,0.0,0.0
1.92,0.0,0.0,0.0,0.0
2.37,0.0,0.0,0.0,0.0
1.92,0.0,3.02,0.0,0.0
3.27,0.0,2.8,0.0,0.0
6.43,0.0,5.69,0.0,0.0
6.88,2.13,9.53,0.0,0.0
7.78,2.09,19.57,0.0,0.0
9.13,4.58,24.94,0.0,0.0
10.47,1.81,29.69,0.0,0.0
12.72,1.39,31.17,0.0,0.0
14.07,10.0,39.59,0.0,0.0
13.17,4.31,46.9,0.0,0.0
12.27,13.63,45.12,0.0,0.0
11.37,12.8,38.69,0.0,0.0
11.37,3.06,33.37,0.0,0.0
12.72,4.31,34.52,0.0,0.0
12.72,3.2,38.01,0.0,0.0
11.82,2.22,41.49,0.0,0.0
10.92,1.39,40.26,0.0,0.0
10.02,5.56,39.25,0.0,0.0
9.13,5.84,34.46,0.0,0.0
5.08,5.98,29.19,0.0,0.0
2.38,2.08,22.24,0.0,0.0
2.38,0.0,0.27,0.0,0.0
1.92,0.0,0.0,0.0,0.0
2.37,0.0,0.0,0.0,0.0
1.92,0.0,5.18,0.0,0.0
3.27,0.0,5.35,0.0,0.0
6.43,0.0,15.57,0.0,0.0
6.88,2.14,19.02,0.0,0.0
7.78,2.08,28.58,0.0,0.0
9.13,4.58,35.07,0.0,0.0
10.47,1.8,36.33,0.0,0.0
12.72,1.39,36.92,0.0,0.0
14.07,9.99,47.2,0.0,0.0
13.17,4.3,53.99,0.0,0.0
12.27,13.59,50.93,0.0,0.0
11.37,12.76,45.11,0.0,0.0
11.37,3.05,39.89,0.0,0.0
12.72,4.3,40.25,0.0,0.0
12.72,3.19,44.09,0.0,0.0
11.82,2.22,48.67,0.0,0.0
10.92,1.38,45.62,0.0,0.0
10.02,5.54,43.74,0.0,0.0
9.13,5.82,37.21,0.0,0.0
5.08,5.97,29.98,0.0,0.0
2.38,2.08,22.35,0.0,0.0
2.38,0.0,0.37,0.0,0.0
1.92,0.0,0.0,0.0,0.0
2.37,0.0,0.0,0.0,0.0
1.92,0.0,4.18,0.0,0.0
3.27,0.0,9.22,0.0,0.0
6.43,0.0,17.98,0.0,0.0
6.88,2.13,18.79,0.0,0.0
7.78,2.07,25.94,0.0,0.0
9.13,4.57,32.56,0.0,0.0
10.47,1.8,37.17,0.0,0.0
12.72,1.38,37.39,0.0,0.0
14.07,9.97,45.95,0.0,0.0
13.17,4.29,53.14,0.0,0.0
12.27,13.55,52.38,0.0,0.0
11.37,12.72,45.93,0.0,0.0
11.37,3.04,40.07,0.0,0.0
12.72,4.29,42.13,0.0,0.0
12.72,3.18,46.0,0.0,0.0
11.82,2.21,49.33,0.0,0.0
10.92,1.38,46.78,0.0,0.0
10.02,5.53,43.69,0.0,0.0
9.13,5.81,37.21,0.0,0.0
5.08,5.95,31.16,0.0,0.0
2.38,2.07,23.63,0.0,0.0
2.38,0.0,0.32,0.0,0.0
1.92,0.0,0.0,0.0,0.0
2.37,0.0,0.0,0.0,0.0
1.92,0.0,4.9,0.0,0.0
3.27,0.0,5.16,0.0,0.0
6.41,0.0,14.51,0.0,0.0
6.88,0.0,17.24,0.0,0.0
7.78,2.13,30.78,0.0,0.0
9.13,2.08,38.94,0.0,0.0
10.47,2.07,41.55,0.0,0.0
12.72,1.38,39.44,0.0,0.0
14.07,9.93,43.94,0.0,0.0
13.17,8.28,47.7,0.0,0.0
12.27,13.51,50.44,0.0,0.0
11.37,12.69,49.26,0.0,0.0
11.37,3.45,48.13,0.0,0.0
12.72,3.45,47.67,0.0,0.0
12.72,3.17,44.23,0.0,0.0
11.82,2.21,41.12,0.0,0.0
10.92,1.38,32.1,0.0,0.0
10.02,5.51,27.8,0.0,0.0
9.13,5.79,27.47,0.0,0.0
5.08,5.93,21.44,0.0,0.0
2.38,0.0,13.69,0.0,0.0
2.38,0.0,0.0,0.0,0.0
1.92,0.0,0.0,0.0,0.0
2.37,0.0,0.0,0.0,0.0
1.92,0.0,4.11,0.0,0.0
3.27,0.0,4.47,0.0,0.0
6.41,0.0,12.2,0.0,0.0
6.88,0.0,16.67,0.0,0.0
7.78,2.12,30.56,0.0,0.0
9.13,2.06,29.57,0.0,0.0
10.47,2.07,26.3,0.0,0.0
12.72,1.37,32.63,0.0,0.0
14.07,9.92,35.96,0.0,0.0
13.17,8.25,37.17,0.0,0.0
12.27,13.49,32.4,0.0,0.0
11.37,12.66,24.54,0.0,0.0
11.37,3.44,21.74,0.0,0.0
12.72,3.44,24.36,0.0,0.0
12.72,3.16,26.41,0.0,0.0
11.82,2.2,27.19,0.0,0.0
10.92,1.38,22.11,0.0,0.0
10.02,5.5,15.06,0.0,0.0
9.13,5.78,11.95,0.0,0.0
5.08,5.92,8.13,0.0,0.0
2.38,0.0,4.96,0.0,0.0
2.38,0.0,0.0,0.0,0.0
1.92,0.0,0.0,0.0,0.0
2.37,0.0,0.0,0.0,0.0
1.92,0.0,2.07,0.0,0.0
3.27,0.0,1.84,0.0,0.0
6.43,0.0,3.7,0.0,0.0
6.88,2.12,5.77,0.0,0.0
7.78,2.06,6.62,0.0,0.0
9.13,4.52,11.18,0.0,0.0
10.47,1.79,18.67,0.0,0.0
12.72,1.37,23.14,0.0,0.0
14.07,9.87,28.43,0.0,0.0
13.17,4.25,31.4,0.0,0.0
12.27,13.45,30.43,0.0,0.0
11.37,12.64,28.0,0.0,0.0
11.37,3.01,26.57,0.0,0.0
12.72,4.25,27.32,0.0,0.0
12.72,3.16,29.08,0.0,0.0
11.82,2.19,32.21,0.0,0.0
10.92,1.37,32.27,0.0,0.0
10.02,5.49,32.08,0.0,0.0
9.13,5.76,26.19,0.0,0.0
5.08,5.91,17.43,0.0,0.0
2.38,2.05,12.81,0.0,0.0
2.38,0.0,0.01,0.0,0.0
1.92,0.0,0.0,0.0,0.0
2.37,0.0,0.0,0.0,0.0
1.92,0.0,3.43,0.0,0.0
3.27,0.0,7.85,0.0,0.0
6.43,0.0,14.06,0.0,0.0
6.88,2.11,10.9,0.0,0.0
7.78,2.05,17.79,0.0,0.0
9.13,4.51,24.95,0.0,0.0
10.47,1.79,28.13,0.0,0.0
12.72,1.37,28.94,0.0,0.0
14.07,9.85,35.39,0.0,0.0
13.17,4.24,40.78,0.0,0.0
12.27,13.42,40.24,0.0,0.0
11.37,12.6,35.15,0.0,0.0
11.37,3.01,31.93,0.0,0.0
12.72,4.24,33.68,0.0,0.0
12.72,3.15,36.86,0.0,0.0
11.82,2.19,39.35,0.0,0.0
10.92,1.37,34.7,0.0,0.0
10.02,5.48,30.01,0.0,0.0
9.13,5.75,24.89,0.0,0.0
5.08,5.89,19.1,0.0,0.0
2.38,2.05,12.35,0.0,0.0
2.38,0.0,0.0,0.0,0.0
1.92,0.0,0.0,0.0,0.0
2.37,0.0,0.0,0.0,0.0
1.92,0.0,2.02,0.0,0.0
3.27,0.0,1.23,0.0,0.0
6.43,0.0,2.29,0.0,0.0
6.88,2.11,3.19,0.0,0.0
7.78,2.05,3.01,0.0,0.0
9.13,4.5,4.52,0.0,0.0
10.47,1.78,5.44,0.0,0.0
12.72,1.36,8.03,0.0,0.0
14.07,9.82,12.47,0.0,0.0
13.17,4.23,17.02,0.0,0.0
12.27,13.38,19.85,0.0,0.0
11.37,12.57,18.52,0.0,0.0
11.37,3.0,17.24,0.0,0.0
12.72,4.24,17.2,0.0,0.0
12.72,3.14,17.91,0.0,0.0
11.82,2.18,16.82,0.0,0.0
10.92,1.36,9.95,0.0,0.0
10.02,5.46,6.2,0.0,0.0
9.13,5.73,5.75,0.0,0.0
5.08,5.87,3.42,0.0,0.0
2.38,2.05,1.42,0.0,0.0
2.38,0.0,0.0,0.0,0.0
1.92,0.0,0.0,0.0,0.0
2.37,0.0,0.0,0.0,0.0
1.92,0.0,0.12,0.0,0.0
3.27,0.0,0.02,0.0,0.0
6.43,0.0,0.15,0.0,0.0
6.88,2.09,0.0,0.0,0.0
7.78,2.04,0.75,0.0,0.0
9.13,4.49,4.5,0.0,0.0
10.47,1.77,8.4,0.0,0.0
12.72,1.36,13.47,0.0,0.0
14.07,9.81,18.66,0.0,0.0
13.17,4.22,23.24,0.0,0.0
12.27,13.35,25.18,0.0,0.0
11.37,12.53,24.17,0.0,0.0
11.37,3.0,22.42,0.0,0.0
12.72,4.22,24.46,0.0,0.0
12.72,3.13,27.4,0.0,0.0
11.82,2.18,29.72,0.0,0.0
10.92,1.36,26.98,0.0,0.0
10.02,5.45,24.01,0.0,0.0
9.13,5.72,17.65,0.0,0.0
5.08,5.85,8.48,0.0,0.0
2.38,2.04,5.06,0.0,0.0
2.38,0.0,0.0,0.0,0.0
1.92,0.0,0.0,0.0,0.0
2.37,0.0,0.0,0.0,0.0
1.92,0.0,1.46,0.0,0.0
3.27,0.0,4.07,0.0,0.0
6.43,0.0,6.9,0.0,0.0
6.88,2.09,6.34,0.0,0.0
7.78,2.04,10.85,0.0,0.0
9.13,4.48,20.36,0.0,0.0
10.47,1.76,25.13,0.0,0.0
12.72,1.36,27.05,0.0,0.0
14.07,9.79,34.35,0.0,0.0
13.17,4.21,39.78,0.0,0.0
12.27,13.32,38.14,0.0,0.0
11.37,12.5,33.2,0.0,0.0
11.37,2.99,29.62,0.0,0.0
12.72,4.21,31.21,0.0,0.0
12.72,3.13,34.65,0.0,0.0
11.82,2.17,40.84,0.0,0.0
10.92,1.36,40.6,0.0,0.0
10.02,5.43,37.15,0.0,0.0
9.13,5.71,30.98,0.0,0.0
5.08,5.84,25.65,0.0,0.0
2.38,2.04,19.52,0.0,0.0
2.38,0.0,0.12,0.0,0.0
1.92,0.0,0.0,0.0,0.0
2.37,0.0,0.0,0.0,0.0
1.92,0.0,5.11,0.0,0.0
3.27,0.0,5.61,0.0,0.0
6.41,0.0,16.13,0.0,0.0
6.88,0.0,19.69,0.0,0.0
7.78,2.09,32.28,0.0,0.0
9.13,2.03,38.87,0.0,0.0
10.47,2.04,42.4,0.0,0.0
12.72,1.35,41.63,0.0,0.0
14.07,9.76,49.65,0.0,0.0
13.17,8.14,53.02,0.0,0.0
12.27,13.28,53.48,0.0,0.0
11.37,12.47,51.17,0.0,0.0
11.37,3.39,48.73,0.0,0.0
12.72,3.39,48.01,0.0,0.0
12.72,3.12,46.42,0.0,0.0
11.82,2.17,53.44,0.0,0.0
10.92,1.36,54.79,0.0,0.0
10.02,5.42,49.89,0.0,0.0
9.13,5.69,48.02,0.0,0.0
5.08,5.83,40.63,0.0,0.0
2.38,0.0,29.67,0.0,0.0
2.38,0.0,0.37,0.0,0.0
1.92,0.0,0.0,0.0,0.0
2.37,0.0,0.0,0.0,0.0
1.92,0.0,5.95,0.0,0.0
3.27,0.0,5.8,0.0,0.0
6.41,0.0,15.73,0.0,0.0
6.88,0.0,19.08,0.0,0.0
7.78,2.09,32.6,0.0,0.0
9.13,2.05,36.59,0.0,0.0
10.47,2.03,33.77,0.0,0.0
12.72,1.35,37.97,0.0,0.0
14.07,9.73,43.31,0.0,0.0
13.17,8.11,49.83,0.0,0.0
12.27,13.26,48.86,0.0,0.0
11.37,12.44,42.4,0.0,0.0
11.37,3.38,39.43,0.0,0.0
12.72,3.38,42.23,0.0,0.0
12.72,3.11,45.03,0.0,0.0
11.82,2.16,46.71,0.0,0.0
10.92,1.35,44.7,0.0,0.0
10.02,5.41,42.68,0.0,0.0
9.13,5.68,35.14,0.0,0.0
5.08,5.81,29.05,0.0,0.0
2.38,0.0,23.28,0.0,0.0
2.38,0.0,0.48,0.0,0.0
1.92,0.0,0.0,0.0,0.0
2.37,0.0,0.0,0.0,0.0
1.92,0.0,2.81,0.0,0.0
3.27,0.0,2.77,0.0,0.0
6.43,0.0,4.09,0.0,0.0
6.88,2.08,4.01,0.0,0.0
7.78,2.04,4.46,0.0,0.0
9.13,4.45,7.54,0.0,0.0
10.47,1.75,9.05,0.0,0.0
12.72,1.35,19.95,0.0,0.0
14.07,9.72,31.43,0.0,0.0
13.17,4.18,41.7,0.0,0.0
12.27,13.22,43.38,0.0,0.0
11.37,12.41,39.31,0.0,0.0
11.37,2.97,35.21,0.0,0.0
12.72,4.18,35.95,0.0,0.0
12.72,3.1,38.86,0.0,0.0
11.82,2.16,43.61,0.0,0.0
10.92,1.35,30.18,0.0,0.0
10.02,5.39,17.08,0.0,0.0
9.13,5.66,16.18,0.0,0.0
5.08,5.8,10.77,0.0,0.0
2.38,2.02,8.6,0.0,0.0
2.38,0.0,0.0,0.0,0.0
1.92,0.0,0.0,0.0,0.0
2.37,0.0,0.0,0.0,0.0
1.92,0.0,2.89,0.0,0.0
3.27,0.0,6.64,0.0,0.0
6.43,0.0,9.76,0.0,0.0
6.88,2.08,8.89,0.0,0.0
7.78,2.02,11.79,0.0,0.0
9.13,4.44,16.54,0.0,0.0
10.47,1.75,14.93,0.0,0.0
12.72,1.34,16.54,0.0,0.0
14.07,9.68,21.53,0.0,0.0
13.17,4.17,20.68,0.0,0.0
12.27,13.19,17.49,0.0,0.0
11.37,12.38,15.43,0.0,0.0
11.37,2.96,16.27,0.0,0.0
12.72,4.17,19.14,0.0,0.0
12.72,3.09,22.23,0.0,0.0
11.82,2.15,26.76,0.0,0.0
10.92,1.34,28.07,0.0,0.0
10.02,5.38,29.26,0.0,0.0
9.13,5.65,26.09,0.0,0.0
5.08,5.78,17.46,0.0,0.0
2.38,2.02,9.02,0.0,0.0
2.38,0.0,0.0,0.0,0.0
1.92,0.0,0.0,0.0,0.0
2.37,0.0,0.0,0.0,0.0
1.92,0.0,1.95,0.0,0.0
3.27,0.0,1.15,0.0,0.0
6.41,0.0,3.42,0.0,0.0
6.88,0.0,4.98,0.0,0.0
7.78,2.07,13.26,0.0,0.0
9.13,2.02,25.54,0.0,0.0
10.47,2.02,29.14,0.0,0.0
12.72,1.34,35.25,0.0,0.0
14.07,9.66,39.42,0.0,0.0
13.17,8.06,41.29,0.0,0.0
12.27,13.16,32.92,0.0,0.0
11.37,12.35,25.92,0.0,0.0
11.37,3.35,26.45,0.0,0.0
12.72,3.36,29.28,0.0,0.0
12.72,3.08,26.88,0.0,0.0
11.82,2.15,28.56,0.0,0.0
10.92,1.34,29.89,0.0,0.0
10.02,5.36,27.37,0.0,0.0
9.13,5.64,22.8,0.0,0.0
5.08,5.77,15.38,0.0,0.0
2.38,0.0,9.56,0.0,0.0
2.38,0.0,0.0,0.0,0.0
1.92,0.0,0.0,0.0,0.0
2.37,0.0,0.0,0.0,0.0
1.92,0.0,3.77,0.0,0.0
3.27,0.0,4.3,0.0,0.0
6.43,0.0,10.28,0.0,0.0
6.88,2.07,13.82,0.0,0.0
7.78,2.03,23.07,0.0,0.0
9.13,4.42,29.99,0.0,0.0
10.47,1.73,34.95,0.0,0.0
12.72,1.34,34.66,0.0,0.0
14.07,9.65,42.39,0.0,0.0
13.17,4.15,47.26,0.0,0.0
12.27,13.13,47.33,0.0,0.0
11.37,12.33,41.62,0.0,0.0
11.37,2.95,34.44,0.0,0.0
12.72,4.15,30.59,0.0,0.0
12.72,3.08,28.7,0.0,0.0
11.82,2.14,31.44,0.0,0.0
10.92,1.34,32.06,0.0,0.0
10.02,5.35,31.62,0.0,0.0
9.13,5.62,27.9,0.0,0.0
5.08,5.76,23.96,0.0,0.0
2.38,2.01,18.32,0.0,0.0
2.38,0.0,0.15,0.0,0.0
1.92,0.0,0.0,0.0,0.0
2.37,0.0,0.0,0.0,0.0
1.92,0.0,6.72,0.0,0.0
3.27,0.0,9.05,0.0,0.0
6.43,0.0,13.5,0.0,0.0
6.88,2.05,18.68,0.0,0.0
7.78,2.0,28.71,0.0,0.0
9.13,4.41,35.68,0.0,0.0
10.47,1.73,37.98,0.0,0.0
12.72,1.34,36.83,0.0,0.0
14.07,9.63,44.24,0.0,0.0
13.17,4.14,48.59,0.0,0.0
12.27,13.1,45.48,0.0,0.0
11.37,12.3,38.46,0.0,0.0
11.37,2.94,33.81,0.0,0.0
12.72,4.14,35.02,0.0,0.0
12.72,3.07,37.71,0.0,0.0
11.82,2.14,41.45,0.0,0.0
10.92,1.34,40.14,0.0,0.0
10.02,5.35,38.5,0.0,0.0
9.13,5.61,33.62,0.0,0.0
5.08,5.74,29.29,0.0,0.0
2.38,2.01,24.45,0.0,0.0
2.38,0.0,0.47,0.0,0.0
1.92,0.0,0.0,0.0,0.0
2.37,0.0,0.0,0.0,0.0
1.92,0.0,14.68,0.0,0.0
3.27,0.0,12.9,0.0,0.0
6.41,0.0,18.95,0.0,0.0
6.88,0.0,21.5,0.0,0.0
7.78,2.06,32.0,0.0,0.0
9.13,1.99,37.43,0.0,0.0
10.47,2.0,41.72,0.0,0.0
12.72,1.33,39.82,0.0,0.0
14.07,9.6,45.37,0.0,0.0
13.17,8.0,47.17,0.0,0.0
12.27,13.06,37.84,0.0,0.0
11.37,12.26,30.68,0.0,0.0
11.37,3.33,32.49,0.0,0.0
12.72,3.33,36.18,0.0,0.0
12.72,3.06,37.67,0.0,0.0
11.82,2.13,40.46,0.0,0.0
10.92,1.33,34.99,0.0,0.0
10.02,5.33,28.55,0.0,0.0
9.13,5.6,29.17,0.0,0.0
5.08,5.73,29.69,0.0,0.0
2.38,0.0,23.99,0.0,0.0
2.38,0.0,0.26,0.0,0.0
1.92,0.0,0.0,0.0,0.0
2.37,0.0,0.0,0.0,0.0
1.92,0.0,10.16,0.0,0.0
3.27,0.0,7.33,0.0,0.0
6.41,0.0,13.83,0.0,0.0
6.88,0.0,15.56,0.0,0.0
7.78,2.06,25.46,0.0,0.0
9.13,2.02,31.41,0.0,0.0
10.47,1.99,31.7,0.0,0.0
12.72,1.33,35.04,0.0,0.0
14.07,9.58,38.49,0.0,0.0
13.17,7.98,42.05,0.0,0.0
12.27,13.03,41.36,0.0,0.0
11.37,12.24,37.07,0.0,0.0
11.37,3.32,35.54,0.0,0.0
12.72,3.33,39.41,0.0,0.0
12.72,3.05,43.34,0.0,0.0
11.82,2.13,43.73,0.0,0.0
10.92,1.33,41.24,0.0,0.0
10.02,5.32,36.74,0.0,0.0
9.13,5.58,27.9,0.0,0.0
5.08,5.72,22.65,0.0,0.0
2.38,0.0,17.3,0.0,0.0
2.38,0.0,0.07,0.0,0.0
1.92,0.0,0.0,0.0,0.0
2.37,0.0,0.0,0.0,0.0
1.92,0.0,11.49,0.0,0.0
3.27,0.0,9.8,0.0,0.0
6.43,0.0,16.72,0.0,0.0
6.88,2.05,20.39,0.0,0.0
7.78,1.99,29.49,0.0,0.0
9.13,4.38,37.32,0.0,0.0
10.47,1.73,40.35,0.0,0.0
12.72,1.32,38.55,0.0,0.0
14.07,9.55,41.39,0.0,0.0
13.17,4.11,43.65,0.0,0.0
12.27,13.0,46.61,0.0,0.0
11.37,12.21,42.01,0.0,0.0
11.37,2.92,33.13,0.0,0.0
12.72,4.11,30.35,0.0,0.0
12.72,3.05,34.02,0.0,0.0
11.82,2.12,38.12,0.0,0.0
10.92,1.33,36.4,0.0,0.0
10.02,5.3,34.91,0.0,0.0
9.13,5.57,30.75,0.0,0.0
5.08,5.71,25.7,0.0,0.0
2.38,1.99,18.38,0.0,0.0
2.38,0.0,0.17,0.0,0.0
1.92,0.0,0.0,0.0,0.0
2.37,0.0,0.0,0.0,0.0
1.92,0.0,8.83,0.0,0.0
3.27,0.0,12.65,0.0,0.0
6.43,0.0,20.36,0.0,0.0
6.88,2.04,21.01,0.0,0.0
7.78,1.98,22.13,0.0,0.0
9.13,4.37,21.82,0.0,0.0
10.47,1.71,17.71,0.0,0.0
12.72,1.32,25.52,0.0,0.0
14.07,9.54,32.91,0.0,0.0
13.17,4.1,39.49,0.0,0.0
12.27,12.98,37.76,0.0,0.0
11.37,12.18,31.88,0.0,0.0
11.37,2.91,28.46,0.0,0.0
12.72,4.1,29.54,0.0,0.0
12.72,3.05,33.36,0.0,0.0
11.82,2.12,37.42,0.0,0.0
10.92,1.32,36.71,0.0,0.0
10.02,5.3,37.14,0.0,0.0
9.13,5.56,31.7,0.0,0.0
5.08,5.69,26.56,0.0,0.0
2.38,1.98,19.67,0.0,0.0
2.38,0.0,0.27,0.0,0.0
1.92,0.0,0.0,0.0,0.0
2.37,0.0,0.0,0.0,0.0
1.92,0.0,8.48,0.0,0.0
3.27,0.0,7.53,0.0,0.0
6.43,0.0,13.68,0.0,0.0
6.88,2.04,17.85,0.0,0.0
7.78,1.98,23.2,0.0,0.0
9.13,4.36,26.47,0.0,0.0
10.47,1.72,29.55,0.0,0.0
12.72,1.32,29.72,0.0,0.0
14.07,9.51,38.48,0.0,0.0
13.17,4.1,46.46,0.0,0.0
12.27,12.95,47.16,0.0,0.0
11.37,12.16,43.49,0.0,0.0
11.37,2.91,38.61,0.0,0.0
12.72,4.09,37.91,0.0,0.0
12.72,3.03,40.25,0.0,0.0
11.82,2.11,43.8,0.0,0.0
10.92,1.32,38.09,0.0,0.0
10.02,5.28,31.95,0.0,0.0
9.13,5.55,25.61,0.0,0.0
5.08,5.68,20.62,0.0,0.0
2.38,1.98,15.41,0.0,0.0
2.38,0.0,0.26,0.0,0.0
1.92,0.0,0.0,0.0,0.0
2.37,0.0,0.0,0.0,0.0
1.92,0.0,5.16,0.0,0.0
3.27,0.0,3.33,0.0,0.0
6.43,0.0,7.01,0.0,0.0
6.88,2.03,9.13,0.0,0.0
7.78,1.97,14.77,0.0,0.0
9.13,4.35,19.2,0.0,0.0
10.47,1.71,22.06,0.0,0.0
12.72,1.32,21.93,0.0,0.0
14.07,9.48,26.52,0.0,0.0
13.17,4.09,30.68,0.0,0.0
12.27,12.91,30.54,0.0,0.0
11.37,12.13,27.44,0.0,0.0
11.37,2.9,25.08,0.0,0.0
12.72,4.09,26.71,0.0,0.0
12.72,3.03,30.14,0.0,0.0
11.82,2.11,33.02,0.0,0.0
10.92,1.32,30.06,0.0,0.0
10.02,5.27,27.77,0.0,0.0
9.13,5.53,22.82,0.0,0.0
5.08,5.67,18.47,0.0,0.0
2.38,1.98,12.89,0.0,0.0
2.38,0.0,0.08,0.0,0.0
1.92,0.0,0.0,0.0,0.0
2.37,0.0,0.0,0.0,0.0
1.92,0.0,3.0,0.0,0.0
3.27,0.0,5.3,0.0,0.0
6.43,0.0,7.77,0.0,0.0
6.88,2.03,7.77,0.0,0.0
7.78,1.97,14.59,0.0,0.0
9.13,4.34,26.02,0.0,0.0
10.47,1.71,28.95,0.0,0.0
12.72,1.31,28.74,0.0,0.0
14.07,9.46,35.02,0.0,0.0
13.17,4.08,40.04,0.0,0.0
12.27,12.89,38.65,0.0,0.0
11.37,12.1,34.01,0.0,0.0
11.37,2.9,30.39,0.0,0.0
12.72,4.08,31.91,0.0,0.0
12.72,3.02,35.96,0.0,0.0
11.82,2.1,39.3,0.0,0.0
10.92,1.32,36.57,0.0,0.0
10.02,5.26,34.24,0.0,0.0
9.13,5.52,29.17,0.0,0.0
5.08,5.65,25.06,0.0,0.0
2.38,1.97,18.62,0.0,0.0
2.38,0.0,0.26,0.0,0.0
1.92,0.0,0.0,0.0,0.0
2.37,0.0,0.0,0.0,0.0
1.92,0.0,6.95,0.0,0.0
3.27,0.0,4.38,0.0,0.0
6.41,0.0,8.05,0.0,0.0
6.88,0.0,9.98,0.0,0.0
7.78,2.03,23.78,0.0,0.0
9.13,1.97,29.21,0.0,0.0
10.47,1.97,29.44,0.0,0.0
12.72,1.31,28.06,0.0,0.0
14.07,9.44,32.14,0.0,0.0
13.17,7.88,34.99,0.0,0.0
12.27,12.87,37.51,0.0,0.0
11.37,12.08,36.32,0.0,0.0
11.37,3.28,35.12,0.0,0.0
12.72,3.28,37.04,0.0,0.0
12.72,3.02,38.01,0.0,0.0
11.82,2.1,42.58,0.0,0.0
10.92,1.31,42.71,0.0,0.0
10.02,5.24,37.13,0.0,0.0
9.13,5.51,34.08,0.0,0.0
5.08,5.64,30.93,0.0,0.0
2.38,0.0,24.58,0.0,0.0
2.38,0.0,0.36,0.0,0.0
1.92,0.0,0.03,0.0,0.0
2.37,0.0,0.0,0.0,0.0
1.92,0.0,12.69,0.0,0.0
3.27,0.0,9.65,0.0,0.0
6.41,0.0,15.98,0.0,0.0
6.88,0.0,21.19,0.0,0.0
7.78,2.03,36.32,0.0,0.0
9.13,1.99,43.15,0.0,0.0
10.47,1.97,39.65,0.0,0.0
12.72,1.31,41.27,0.0,0.0
14.07,9.43,45.65,0.0,0.0
13.17,7.86,53.43,0.0,0.0
12.27,12.84,53.16,0.0,0.0
11.37,12.05,45.33,0.0,0.0
11.37,3.27,40.82,0.0,0.0
12.72,3.27,40.34,0.0,0.0
12.72,3.01,44.07,0.0,0.0
11.82,2.09,47.69,0.0,0.0
10.92,1.31,44.97,0.0,0.0
10.02,5.23,42.87,0.0,0.0
9.13,5.5,36.61,0.0,0.0
5.08,5.63,31.3,0.0,0.0
2.38,0.0,25.82,0.0,0.0
2.38,0.0,0.39,0.0,0.0
1.92,0.0,0.0,0.0,0.0
2.37,0.0,0.05,0.0,0.0
1.92,0.0,15.72,0.0,0.0
3.27,0.0,10.5,0.0,0.0
6.43,0.0,20.77,0.0,0.0
6.88,2.02,24.66,0.0,0.0
7.78,1.98,34.47,0.0,0.0
9.13,4.31,40.41,0.0,0.0
10.47,1.69,41.8,0.0,0.0
12.72,1.3,33.08,0.0,0.0
14.07,9.4,32.42,0.0,0.0
13.17,4.05,37.31,0.0,0.0
12.27,12.8,41.93,0.0,0.0
11.37,12.02,36.52,0.0,0.0
11.37,2.88,29.62,0.0,0.0
12.72,4.05,29.25,0.0,0.0
12.72,3.0,31.45,0.0,0.0
11.82,2.09,35.56,0.0,0.0
10.92,1.31,36.21,0.0,0.0
10.02,5.22,34.86,0.0,0.0
9.13,5.49,30.0,0.0,0.0
5.08,5.62,25.07,0.0,0.0
2.38,1.96,18.78,0.0,0.0
2.38,0.0,0.16,0.0,0.0
1.92,0.0,0.0,0.0,0.0
2.37,0.0,0.0,0.0,0.0
1.92,0.0,7.79,0.0,0.0
3.27,0.0,13.89,0.0,0.0
6.43,0.0,21.04,0.0,0.0
6.88,2.01,22.84,0.0,0.0
7.78,1.95,28.84,0.0,0.0
9.13,4.3,35.0,0.0,0.0
10.47,1.7,38.58,0.0,0.0
12.72,1.3,38.4,0.0,0.0
14.07,9.39,47.38,0.0,0.0
13.17,4.04,56.98,0.0,0.0
12.27,12.78,56.99,0.0,0.0
11.37,12.0,47.81,0.0,0.0
11.37,2.87,40.19,0.0,0.0
12.72,4.04,41.92,0.0,0.0
12.72,3.0,45.71,0.0,0.0
11.82,2.09,51.87,0.0,0.0
10.92,1.3,50.09,0.0,0.0
10.02,5.22,47.35,0.0,0.0
9.13,5.48,40.16,0.0,0.0
5.08,5.61,34.12,0.0,0.0
2.38,1.95,28.18,0.0,0.0
2.38,0.0,1.02,0.0,0.0
1.92,0.0,0.0,0.0,0.0
2.37,0.0,0.0,0.0,0.0
1.92,0.0,15.81,0.0,0.0
3.27,0.0,13.76,0.0,0.0
6.43,0.0,20.23,0.0,0.0
6.88,2.01,25.51,0.0,0.0
7.78,1.97,36.69,0.0,0.0
9.13,4.29,42.56,0.0,0.0
10.47,1.68,44.89,0.0,0.0
12.72,1.3,42.78,0.0,0.0
14.07,9.38,53.67,0.0,0.0
13.17,4.03,61.44,0.0,0.0
12.27,12.76,51.28,0.0,0.0
11.37,11.98,44.79,0.0,0.0
11.37,2.86,43.17,0.0,0.0
12.72,4.03,44.62,0.0,0.0
12.72,2.99,50.37,0.0,0.0
11.82,2.08,57.97,0.0,0.0
10.92,1.3,56.53,0.0,0.0
10.02,5.21,51.56,0.0,0.0
9.13,5.47,42.82,0.0,0.0
5.08,5.6,36.98,0.0,0.0
2.38,1.95,30.46,0.0,0.0
2.38,0.0,1.17,0.0,0.0
1.92,0.0,0.12,0.0,0.0
2.37,0.0,0.16,0.0,0.0
1.92,0.0,15.85,0.0,0.0
3.27,0.0,12.14,0.0,0.0
6.43,0.0,20.38,0.0,0.0
6.88,2.01,25.7,0.0,0.0
7.78,1.94,37.42,0.0,0.0
9.13,4.29,43.28,0.0,0.0
10.47,1.69,44.8,0.0,0.0
12.72,1.3,42.57,0.0,0.0
14.07,9.35,50.9,0.0,0.0
13.17,4.03,60.03,0.0,0.0
12.27,12.73,53.76,0.0,0.0
11.37,11.95,42.22,0.0,0.0
11.37,2.85,40.55,0.0,0.0
12.72,4.03,48.03,0.0,0.0
12.72,2.99,56.37,0.0,0.0
11.82,2.08,60.48,0.0,0.0
10.92,1.3,54.69,0.0,0.0
10.02,5.19,50.82,0.0,0.0
9.13,5.45,42.59,0.0,0.0
5.08,5.58,36.12,0.0,0.0
2.38,1.95,29.3,0.0,0.0
2.38,0.0,1.06,0.0,0.0
1.92,0.0,0.0,0.0,0.0
2.37,0.0,0.0,0.0,0.0
1.92,0.0,15.17,0.0,0.0
3.27,0.0,18.38,0.0,0.0
6.43,0.0,23.47,0.0,0.0
6.88,2.0,25.36,0.0,0.0
7.78,1.94,34.7,0.0,0.0
9.13,4.27,42.02,0.0,0.0
10.47,1.69,44.11,0.0,0.0
12.72,1.29,41.1,0.0,0.0
14.07,9.33,49.44,0.0,0.0
13.17,4.02,57.57,0.0,0.0
12.27,12.71,56.62,0.0,0.0
11.37,11.93,50.46,0.0,0.0
11.37,2.85,46.66,0.0,0.0
12.72,4.01,47.15,0.0,0.0
12.72,2.98,51.22,0.0,0.0
11.82,2.08,59.63,0.0,0.0
10.92,1.29,56.55,0.0,0.0
10.02,5.18,50.6,0.0,0.0
9.13,5.44,41.0,0.0,0.0
5.08,5.57,34.22,0.0,0.0
2.38,1.94,27.66,0.0,0.0
2.38,0.0,0.6,0.0,0.0
1.92,0.0,0.0,0.0,0.0
2.37,0.0,0.0,0.0,0.0
1.92,0.0,4.54,0.0,0.0
3.27,0.0,4.15,0.0,0.0
6.41,0.0,8.83,0.0,0.0
6.88,0.0,13.19,0.0,0.0
7.78,2.0,25.59,0.0,0.0
9.13,1.94,34.61,0.0,0.0
10.47,1.95,38.21,0.0,0.0
12.72,1.29,38.39,0.0,0.0
14.07,9.31,43.65,0.0,0.0
13.17,7.76,45.23,0.0,0.0
12.27,12.69,47.33,0.0,0.0
11.37,11.91,45.98,0.0,0.0
11.37,3.23,43.62,0.0,0.0
12.72,3.23,42.47,0.0,0.0
12.72,2.97,40.77,0.0,0.0
11.82,2.07,49.15,0.0,0.0
10.92,1.29,54.55,0.0,0.0
10.02,5.18,48.63,0.0,0.0
9.13,5.44,46.01,0.0,0.0
5.08,5.56,41.35,0.0,0.0
2.38,0.0,33.28,0.0,0.0
2.38,0.0,0.94,0.0,0.0
1.92,0.0,0.05,0.0,0.0
2.37,0.0,0.06,0.0,0.0
1.92,0.0,16.95,0.0,0.0
3.27,0.0,14.37,0.0,0.0
6.41,0.0,20.24,0.0,0.0
6.88,0.0,23.59,0.0,0.0
7.78,2.0,37.93,0.0,0.0
9.13,1.96,46.14,0.0,0.0
10.47,1.93,43.1,0.0,0.0
12.72,1.29,43.83,0.0,0.0
14.07,9.3,48.07,0.0,0.0
13.17,7.75,55.44,0.0,0.0
12.27,12.66,55.93,0.0,0.0
11.37,11.89,35.15,0.0,0.0
11.37,3.23,26.04,0.0,0.0
12.72,3.23,28.49,0.0,0.0
12.72,2.97,25.61,0.0,0.0
11.82,2.07,27.11,0.0,0.0
10.92,1.29,30.8,0.0,0.0
10.02,5.16,31.34,0.0,0.0
9.13,5.42,27.01,0.0,0.0
5.08,5.55,21.97,0.0,0.0
2.38,0.0,18.97,0.0,0.0
2.38,0.0,0.21,0.0,0.0
1.92,0.0,0.0,0.0,0.0
2.37,0.0,0.02,0.0,0.0
1.92,0.0,11.83,0.0,0.0
3.27,0.0,12.61,0.0,0.0
6.43,0.0,18.55,0.0,0.0
6.88,1.99,24.04,0.0,0.0
7.78,1.96,37.36,0.0,0.0
9.13,4.25,45.26,0.0,0.0
10.47,1.68,46.74,0.0,0.0
12.72,1.29,42.28,0.0,0.0
14.07,9.28,51.26,0.0,0.0
13.17,4.0,56.2,0.0,0.0
12.27,12.64,54.68,0.0,0.0
11.37,11.86,50.28,0.0,0.0
11.37,2.83,46.01,0.0,0.0
12.72,3.99,47.48,0.0,0.0
12.72,2.97,49.86,0.0,0.0
11.82,2.06,54.09,0.0,0.0
10.92,1.29,52.58,0.0,0.0
10.02,5.15,51.6,0.0,0.0
9.13,5.41,44.99,0.0,0.0
5.08,5.54,39.07,0.0,0.0
2.38,1.94,32.81,0.0,0.0
2.38,0.0,1.86,0.0,0.0
1.92,0.0,0.16,0.0,0.0
2.37,0.0,0.41,0.0,0.0
1.92,0.0,17.39,0.0,0.0
3.27,0.0,19.17,0.0,0.0
6.43,0.0,26.68,0.0,0.0
6.88,1.99,29.18,0.0,0.0
7.78,1.92,33.48,0.0,0.0
9.13,4.24,35.75,0.0,0.0
10.47,1.68,34.25,0.0,0.0
12.72,1.29,31.73,0.0,0.0
14.07,9.26,36.99,0.0,0.0
13.17,3.99,38.77,0.0,0.0
12.27,12.61,34.45,0.0,0.0
11.37,11.84,28.6,0.0,0.0
11.37,2.83,25.88,0.0,0.0
12.72,3.99,26.7,0.0,0.0
12.72,2.96,29.51,0.0,0.0
11.82,2.06,31.96,0.0,0.0
10.92,1.29,31.32,0.0,0.0
10.02,5.14,32.8,0.0,0.0
9.13,5.4,29.39,0.0,0.0
5.08,5.53,24.63,0.0,0.0
2.38,1.93,18.44,0.0,0.0
2.38,0.0,0.18,0.0,0.0
1.92,0.0,0.0,0.0,0.0
2.37,0.0,0.0,0.0,0.0
1.92,0.0,7.4,0.0,0.0
3.27,0.0,9.48,0.0,0.0
6.43,0.0,17.67,0.0,0.0
6.88,1.98,23.39,0.0,0.0
7.78,1.92,35.72,0.0,0.0
9.13,4.24,45.1,0.0,0.0
10.47,1.67,48.0,0.0,0.0
12.72,1.28,42.05,0.0,0.0
14.07,9.24,45.99,0.0,0.0
13.17,3.98,51.05,0.0,0.0
12.27,12.59,51.3,0.0,0.0
11.37,11.82,47.27,0.0,0.0
11.37,2.82,44.39,0.0,0.0
12.72,3.98,47.03,0.0,0.0
12.72,2.96,51.5,0.0,0.0
11.82,2.05,56.16,0.0,0.0
10.92,1.28,53.3,0.0,0.0
10.02,5.13,52.13,0.0,0.0
9.13,5.39,46.49,0.0,0.0
5.08,5.52,40.04,0.0,0.0
2.38,1.93,33.19,0.0,0.0
2.38,0.0,1.26,0.0,0.0
1.92,0.0,0.05,0.0,0.0
2.37,0.0,0.2,0.0,0.0
1.92,0.0,18.55,0.0,0.0
3.27,0.0,18.77,0.0,0.0
6.43,0.0,25.56,0.0,0.0
6.88,1.98,30.37,0.0,0.0
7.78,1.92,40.75,0.0,0.0
9.13,4.23,46.1,0.0,0.0
10.47,1.67,48.05,0.0,0.0
12.72,1.28,44.58,0.0,0.0
14.07,9.23,53.77,0.0,0.0
13.17,3.97,62.12,0.0,0.0
12.27,12.57,60.65,0.0,0.0
11.37,11.8,52.69,0.0,0.0
11.37,2.82,46.99,0.0,0.0
12.72,3.98,49.58,0.0,0.0
12.72,2.95,54.04,0.0,0.0
11.82,2.05,59.38,0.0,0.0
10.92,1.28,57.91,0.0,0.0
10.02,5.12,55.78,0.0,0.0
9.13,5.39,49.44,0.0,0.0
5.08,5.51,44.14,0.0,0.0
2.38,1.92,36.85,0.0,0.0
2.38,0.0,1.49,0.0,0.0
1.92,0.0,0.26,0.0,0.0
2.37,0.0,0.46,0.0,0.0
1.92,0.0,18.12,0.0,0.0
3.27,0.0,23.66,0.0,0.0
6.43,0.0,31.28,0.0,0.0
6.88,1.98,33.88,0.0,0.0
7.78,1.92,42.24,0.0,0.0
9.13,4.22,47.12,0.0,0.0
10.47,1.66,48.48,0.0,0.0
12.72,1.28,45.52,0.0,0.0
14.07,9.22,57.69,0.0,0.0
13.17,3.96,69.53,0.0,0.0
12.27,12.55,65.28,0.0,0.0
11.37,11.78,57.31,0.0,0.0
11.37,2.82,51.06,0.0,0.0
12.72,3.97,54.12,0.0,0.0
12.72,2.94,59.78,0.0,0.0
11.82,2.04,64.38,0.0,0.0
10.92,1.28,61.78,0.0,0.0
10.02,5.13,59.34,0.0,0.0
9.13,5.37,50.53,0.0,0.0
5.08,5.5,43.95,0.0,0.0
2.38,1.91,36.54,0.0,0.0
2.38,0.0,1.45,0.0,0.0
1.92,0.0,0.26,0.0,0.0
2.37,0.0,0.38,0.0,0.0
1.92,0.0,21.03,0.0,0.0
3.27,0.0,17.97,0.0,0.0
6.41,0.0,25.35,0.0,0.0
6.88,0.0,29.48,0.0,0.0
7.78,1.98,44.83,0.0,0.0
9.13,1.94,51.37,0.0,0.0
10.47,1.91,52.25,0.0,0.0
12.72,1.28,48.44,0.0,0.0
14.07,9.2,56.37,0.0,0.0
13.17,7.67,60.41,0.0,0.0
12.27,12.52,42.24,0.0,0.0
11.37,11.76,28.63,0.0,0.0
11.37,3.19,33.22,0.0,0.0
12.72,3.19,38.17,0.0,0.0
12.72,2.93,38.68,0.0,0.0
11.82,2.04,43.71,0.0,0.0
10.92,1.28,45.64,0.0,0.0
10.02,5.11,40.76,0.0,0.0
9.13,5.37,36.61,0.0,0.0
5.08,5.49,31.54,0.0,0.0
2.38,0.0,23.1,0.0,0.0
2.38,0.0,0.2,0.0,0.0
1.92,0.0,0.0,0.0,0.0
2.37,0.0,0.0,0.0,0.0
1.92,0.0,12.41,0.0,0.0
3.27,0.0,9.73,0.0,0.0
6.41,0.0,15.2,0.0,0.0
6.88,0.0,20.88,0.0,0.0
7.78,1.97,37.66,0.0,0.0
9.13,1.93,43.34,0.0,0.0
10.47,1.91,38.76,0.0,0.0
12.72,1.28,40.32,0.0,0.0
14.07,9.19,45.28,0.0,0.0
13.17,7.66,51.88,0.0,0.0
12.27,12.5,50.42,0.0,0.0
11.37,11.74,43.07,0.0,0.0
11.37,3.19,41.02,0.0,0.0
12.72,3.19,43.79,0.0,0.0
12.72,2.93,46.49,0.0,0.0
11.82,2.04,49.52,0.0,0.0
10.92,1.28,50.71,0.0,0.0
10.02,5.11,50.07,0.0,0.0
9.13,5.36,42.96,0.0,0.0
5.08,5.48,32.49,0.0,0.0
2.38,0.0,24.02,0.0,0.0
2.38,0.0,0.55,0.0,0.0
1.92,0.0,0.0,0.0,0.0
2.37,0.0,0.0,0.0,0.0
1.92,0.0,13.02,0.0,0.0
3.27,0.0,9.71,0.0,0.0
6.43,0.0,15.65,0.0,0.0
6.88,1.97,19.05,0.0,0.0
7.78,1.92,26.16,0.0,0.0
9.13,4.2,30.32,0.0,0.0
10.47,1.65,31.36,0.0,0.0
12.72,1.27,30.72,0.0,0.0
14.07,9.17,39.45,0.0,0.0
13.17,3.95,47.42,0.0,0.0
12.27,12.48,45.01,0.0,0.0
11.37,11.72,39.94,0.0,0.0
11.37,2.8,36.59,0.0,0.0
12.72,3.95,38.42,0.0,0.0
12.72,2.93,42.09,0.0,0.0
11.82,2.04,45.76,0.0,0.0
10.92,1.27,44.63,0.0,0.0
10.02,5.09,43.79,0.0,0.0
9.13,5.35,37.36,0.0,0.0
5.08,5.48,32.18,0.0,0.0
2.38,1.91,26.43,0.0,0.0
2.38,0.0,0.99,0.0,0.0
1.92,0.0,0.04,0.0,0.0
2.37,0.0,0.0,0.0,0.0
1.92,0.0,13.49,0.0,0.0
3.27,0.0,18.19,0.0,0.0
6.43,0.0,25.36,0.0,0.0
6.88,1.97,28.02,0.0,0.0
7.78,1.91,33.2,0.0,0.0
9.13,4.2,35.99,0.0,0.0
10.47,1.65,36.2,0.0,0.0
12.72,1.27,32.23,0.0,0.0
14.07,9.16,37.44,0.0,0.0
13.17,3.94,40.8,0.0,0.0
12.27,12.46,37.84,0.0,0.0
11.37,11.7,33.54,0.0,0.0
11.37,2.8,28.69,0.0,0.0
12.72,3.94,28.6,0.0,0.0
12.72,2.92,32.17,0.0,0.0
11.82,2.04,35.33,0.0,0.0
10.92,1.27,33.72,0.0,0.0
10.02,5.08,32.25,0.0,0.0
9.13,5.34,27.65,0.0,0.0
5.08,5.47,24.01,0.0,0.0
2.38,1.91,19.25,0.0,0.0
2.38,0.0,0.57,0.0,0.0
1.92,0.0,0.0,0.0,0.0
2.37,0.0,0.05,0.0,0.0
1.92,0.0,9.04,0.0,0.0
3.27,0.0,11.93,0.0,0.0
6.43,0.0,18.47,0.0,0.0
6.88,1.96,23.7,0.0,0.0
7.78,1.9,32.69,0.0,0.0
9.13,4.19,33.28,0.0,0.0
10.47,1.66,34.38,0.0,0.0
12.72,1.27,35.31,0.0,0.0
14.07,9.14,43.42,0.0,0.0
13.17,3.93,48.79,0.0,0.0
12.27,12.45,46.54,0.0,0.0
11.37,11.68,39.15,0.0,0.0
11.37,2.79,33.78,0.0,0.0
12.72,3.94,33.42,0.0,0.0
12.72,2.91,35.64,0.0,0.0
11.82,2.03,38.83,0.0,0.0
10.92,1.27,37.35,0.0,0.0
10.02,5.08,38.03,0.0,0.0
9.13,5.33,36.17,0.0,0.0
5.08,5.46,28.86,0.0,0.0
2.38,1.9,20.66,0.0,0.0
2.38,0.0,0.44,0.0,0.0
1.92,0.0,0.0,0.0,0.0
2.37,0.0,0.0,0.0,0.0
1.92,0.0,14.26,0.0,0.0
3.27,0.0,9.71,0.0,0.0
6.43,0.0,17.63,0.0,0.0
6.88,1.95,16.96,0.0,0.0
7.78,1.9,22.9,0.0,0.0
9.13,4.18,31.37,0.0,0.0
10.47,1.65,37.7,0.0,0.0
12.72,1.27,38.12,0.0,0.0
14.07,9.13,46.24,0.0,0.0
13.17,3.93,48.6,0.0,0.0
12.27,12.43,47.98,0.0,0.0
11.37,11.67,47.19,0.0,0.0
11.37,2.79,44.29,0.0,0.0
12.72,3.93,46.65,0.0,0.0
12.72,2.91,52.0,0.0,0.0
11.82,2.02,56.35,0.0,0.0
10.92,1.27,56.16,0.0,0.0
10.02,5.08,57.03,0.0,0.0
9.13,5.32,49.49,0.0,0.0
5.08,5.45,42.98,0.0,0.0
2.38,1.9,36.93,0.0,0.0
2.38,0.0,1.49,0.0,0.0
1.92,0.0,0.24,0.0,0.0
2.37,0.0,0.41,0.0,0.0
1.92,0.0,22.42,0.0,0.0
3.27,0.0,24.0,0.0,0.0
6.43,0.0,31.45,0.0,0.0
6.88,1.95,34.09,0.0,0.0
7.78,1.89,41.77,0.0,0.0
9.13,4.17,47.07,0.0,0.0
10.47,1.65,49.55,0.0,0.0
12.72,1.27,47.39,0.0,0.0
14.07,9.11,57.42,0.0,0.0
13.17,3.92,65.41,0.0,0.0
12.27,12.41,61.78,0.0,0.0
11.37,11.65,53.28,0.0,0.0
11.37,2.79,46.92,0.0,0.0
12.72,3.92,47.24,0.0,0.0
12.72,2.9,52.2,0.0,0.0
11.82,2.03,59.62,0.0,0.0
10.92,1.26,58.73,0.0,0.0
10.02,5.07,57.15,0.0,0.0
9.13,5.31,49.8,0.0,0.0
5.08,5.44,43.31,0.0,0.0
2.38,1.9,36.12,0.0,0.0
2.38,0.0,1.45,0.0,0.0
1.92,0.0,0.22,0.0,0.0
2.37,0.0,0.35,0.0,0.0
1.92,0.0,20.12,0.0,0.0
3.27,0.0,17.02,0.0,0.0
6.41,0.0,24.14,0.0,0.0
6.88,0.0,29.1,0.0,0.0
7.78,1.96,44.42,0.0,0.0
9.13,1.9,49.35,0.0,0.0
10.47,1.9,48.23,0.0,0.0
12.72,1.26,44.51,0.0,0.0
14.07,9.1,54.06,0.0,0.0
13.17,7.58,59.56,0.0,0.0
12.27,12.39,59.96,0.0,0.0
11.37,11.63,55.26,0.0,0.0
11.37,3.16,49.26,0.0,0.0
12.72,3.16,45.44,0.0,0.0
12.72,2.91,45.55,0.0,0.0
11.82,2.02,57.96,0.0,0.0
10.92,1.26,59.73,0.0,0.0
10.02,5.06,51.08,0.0,0.0
9.13,5.31,46.6,0.0,0.0
5.08,5.43,40.04,0.0,0.0
2.38,0.0,30.61,0.0,0.0
2.38,0.0,0.83,0.0,0.0
1.92,0.0,0.0,0.0,0.0
2.37,0.0,0.0,0.0,0.0
1.92,0.0,13.74,0.0,0.0
3.27,0.0,10.72,0.0,0.0
6.41,0.0,15.61,0.0,0.0
6.88,0.0,17.28,0.0,0.0
7.78,1.95,33.05,0.0,0.0
9.13,1.92,44.08,0.0,0.0
10.47,1.89,41.49,0.0,0.0
12.72,1.26,43.22,0.0,0.0
14.07,9.09,47.85,0.0,0.0
13.17,7.57,54.61,0.0,0.0
12.27,12.37,55.0,0.0,0.0
11.37,11.62,48.63,0.0,0.0
11.37,3.15,45.38,0.0,0.0
12.72,3.15,47.05,0.0,0.0
12.72,2.91,47.97,0.0,0.0
11.82,2.02,48.91,0.0,0.0
10.92,1.26,49.61,0.0,0.0
10.02,5.04,51.4,0.0,0.0
9.13,5.31,45.69,0.0,0.0
5.08,5.43,40.35,0.0,0.0
2.38,0.0,35.27,0.0,0.0
2.38,0.0,1.57,0.0,0.0
1.92,0.0,0.72,0.0,0.0
2.37,0.0,0.33,0.0,0.0
1.92,0.0,19.21,0.0,0.0
3.27,0.0,17.07,0.0,0.0
6.43,0.0,22.61,0.0,0.0
6.88,1.95,26.82,0.0,0.0
7.78,1.9,38.04,0.0,0.0
9.13,4.16,45.7,0.0,0.0
10.47,1.63,49.26,0.0,0.0
12.72,1.26,44.69,0.0,0.0
14.07,9.08,53.7,0.0,0.0
13.17,3.91,64.6,0.0,0.0
12.27,12.36,63.81,0.0,0.0
11.37,11.6,53.68,0.0,0.0
11.37,2.77,46.6,0.0,0.0
12.72,3.91,49.2,0.0,0.0
12.72,2.9,55.5,0.0,0.0
11.82,2.01,63.86,0.0,0.0
10.92,1.26,62.16,0.0,0.0
10.02,5.04,57.75,0.0,0.0
9.13,5.3,46.88,0.0,0.0
5.08,5.42,38.42,0.0,0.0
2.38,1.88,31.63,0.0,0.0
2.38,0.0,1.57,0.0,0.0
1.92,0.0,0.37,0.0,0.0
2.37,0.0,0.0,0.0,0.0
1.92,0.0,17.12,0.0,0.0
3.27,0.0,16.28,0.0,0.0
6.41,0.0,21.09,0.0,0.0
6.88,0.0,26.09,0.0,0.0
7.78,1.95,41.61,0.0,0.0
9.13,1.91,47.48,0.0,0.0
10.47,1.89,42.83,0.0,0.0
12.72,1.26,44.03,0.0,0.0
14.07,9.06,47.47,0.0,0.0
13.17,7.56,54.45,0.0,0.0
12.27,12.34,54.17,0.0,0.0
11.37,11.59,49.99,0.0,0.0
11.37,3.14,48.1,0.0,0.0
12.72,3.15,50.38,0.0,0.0
12.72,2.9,52.79,0.0,0.0
11.82,2.01,54.07,0.0,0.0
10.92,1.26,53.03,0.0,0.0
10.02,5.03,51.95,0.0,0.0
9.13,5.29,44.03,0.0,0.0
5.08,5.41,37.33,0.0,0.0
2.38,0.0,33.4,0.0,0.0
2.38,0.0,1.62,0.0,0.0
1.92,0.0,0.8,0.0,0.0
2.37,0.0,0.33,0.0,0.0
1.92,0.0,19.83,0.0,0.0
3.27,0.0,19.67,0.0,0.0
6.43,0.0,26.1,0.0,0.0
6.88,1.95,31.24,0.0,0.0
7.78,1.9,43.24,0.0,0.0
9.13,4.15,48.92,0.0,0.0
10.47,1.63,50.95,0.0,0.0
12.72,1.26,46.09,0.0,0.0
14.07,9.06,54.1,0.0,0.0
13.17,3.9,62.67,0.0,0.0
12.27,12.33,61.22,0.0,0.0
11.37,11.57,53.28,0.0,0.0
11.37,2.76,47.53,0.0,0.0
12.72,3.9,49.31,0.0,0.0
12.72,2.89,55.01,0.0,0.0
11.82,2.01,59.56,0.0,0.0
10.92,1.26,56.14,0.0,0.0
10.02,5.03,55.26,0.0,0.0
9.13,5.28,47.62,0.0,0.0
5.08,5.41,40.71,0.0,0.0
2.38,1.88,34.38,0.0,0.0
2.38,0.0,1.89,0.0,0.0
1.92,0.0,0.84,0.0,0.0
2.37,0.0,0.38,0.0,0.0
1.92,0.0,19.29,0.0,0.0
3.27,0.0,17.85,0.0,0.0
6.43,0.0,24.55,0.0,0.0
6.88,1.94,29.24,0.0,0.0
7.78,1.88,39.99,0.0,0.0
9.13,4.14,46.17,0.0,0.0
10.47,1.64,47.32,0.0,0.0
12.72,1.25,44.62,0.0,0.0
14.07,9.04,54.59,0.0,0.0
13.17,3.89,61.21,0.0,0.0
12.27,12.31,56.49,0.0,0.0
11.37,11.56,42.71,0.0,0.0
11.37,2.77,38.48,0.0,0.0
12.72,3.89,46.14,0.0,0.0
12.72,2.88,53.74,0.0,0.0
11.82,2.01,60.71,0.0,0.0
10.92,1.25,59.64,0.0,0.0
10.02,5.02,56.94,0.0,0.0
9.13,5.27,47.91,0.0,0.0
5.08,5.4,42.37,0.0,0.0
2.38,1.89,35.08,0.0,0.0
2.38,0.0,1.39,0.0,0.0
1.92,0.0,0.29,0.0,0.0
2.37,0.0,0.0,0.0,0.0
1.92,0.0,17.88,0.0,0.0
3.27,0.0,21.05,0.0,0.0
6.43,0.0,27.1,0.0,0.0
6.88,1.94,31.06,0.0,0.0
7.78,1.88,42.02,0.0,0.0
9.13,4.14,48.61,0.0,0.0
10.47,1.62,51.25,0.0,0.0
12.72,1.25,46.9,0.0,0.0
14.07,9.04,57.12,0.0,0.0
13.17,3.89,67.99,0.0,0.0
12.27,12.3,61.6,0.0,0.0
11.37,11.55,45.09,0.0,0.0
11.37,2.76,32.53,0.0,0.0
12.72,3.89,32.6,0.0,0.0
12.72,2.89,38.28,0.0,0.0
11.82,2.01,44.06,0.0,0.0
10.92,1.25,41.75,0.0,0.0
10.02,5.01,37.02,0.0,0.0
9.13,5.27,32.13,0.0,0.0
5.08,5.39,30.44,0.0,0.0
2.38,1.88,25.42,0.0,0.0
2.38,0.0,0.72,0.0,0.0
1.92,0.0,0.0,0.0,0.0
2.37,0.0,0.0,0.0,0.0
1.92,0.0,16.03,0.0,0.0
3.27,0.0,12.66,0.0,0.0
6.41,0.0,20.04,0.0,0.0
6.88,0.0,23.75,0.0,0.0
7.78,1.94,41.27,0.0,0.0
9.13,1.9,50.13,0.0,0.0
10.47,1.88,51.43,0.0,0.0
12.72,1.25,45.35,0.0,0.0
14.07,9.02,47.36,0.0,0.0
13.17,7.52,48.61,0.0,0.0
12.27,12.29,47.66,0.0,0.0
11.37,11.53,41.68,0.0,0.0
11.37,3.13,40.73,0.0,0.0
12.72,3.13,43.48,0.0,0.0
12.72,2.89,45.9,0.0,0.0
11.82,2.0,56.4,0.0,0.0
10.92,1.25,58.35,0.0,0.0
10.02,5.01,49.41,0.0,0.0
9.13,5.27,45.57,0.0,0.0
5.08,5.39,40.69,0.0,0.0
2.38,0.0,31.2,0.0,0.0
2.38,0.0,0.55,0.0,0.0
1.92,0.0,0.0,0.0,0.0
2.37,0.0,0.14,0.0,0.0
1.92,0.0,15.54,0.0,0.0
3.27,0.0,11.86,0.0,0.0
6.41,0.0,19.09,0.0,0.0
6.88,0.0,25.18,0.0,0.0
7.78,1.94,42.22,0.0,0.0
9.13,1.9,46.89,0.0,0.0
10.47,1.87,42.12,0.0,0.0
12.72,1.25,44.68,0.0,0.0
14.07,9.01,48.5,0.0,0.0
13.17,7.51,51.64,0.0,0.0
12.27,12.28,47.88,0.0,0.0
11.37,11.52,30.27,0.0,0.0
11.37,3.13,25.33,0.0,0.0
12.72,3.13,38.83,0.0,0.0
12.72,2.88,49.01,0.0,0.0
11.82,2.0,45.82,0.0,0.0
10.92,1.25,41.33,0.0,0.0
10.02,5.0,42.51,0.0,0.0
9.13,5.26,34.81,0.0,0.0
5.08,5.38,29.24,0.0,0.0
2.38,0.0,24.14,0.0,0.0
2.38,0.0,0.3,0.0,0.0
1.92,0.0,0.0,0.0,0.0
2.37,0.0,0.0,0.0,0.0
1.92,0.0,8.06,0.0,0.0
3.27,0.0,6.57,0.0,0.0
6.43,0.0,9.31,0.0,0.0
6.88,1.94,14.07,0.0,0.0
7.78,1.89,29.89,0.0,0.0
9.13,4.12,40.0,0.0,0.0
10.47,1.63,44.06,0.0,0.0
12.72,1.25,43.93,0.0,0.0
14.07,9.0,54.46,0.0,0.0
13.17,3.88,62.28,0.0,0.0
12.27,12.26,58.7,0.0,0.0
11.37,11.51,45.67,0.0,0.0
11.37,2.75,31.4,0.0,0.0
12.72,3.87,28.51,0.0,0.0
12.72,2.87,33.62,0.0,0.0
11.82,2.0,37.23,0.0,0.0
10.92,1.25,38.91,0.0,0.0
10.02,5.0,40.66,0.0,0.0
9.13,5.25,35.97,0.0,0.0
5.08,5.38,31.59,0.0,0.0
2.38,1.88,25.14,0.0,0.0
2.38,0.0,0.41,0.0,0.0
1.92,0.0,0.0,0.0,0.0
2.37,0.0,0.0,0.0,0.0
1.92,0.0,13.65,0.0,0.0
3.27,0.0,14.35,0.0,0.0
6.43,0.0,23.0,0.0,0.0
6.88,1.93,24.69,0.0,0.0
7.78,1.87,33.67,0.0,0.0
9.13,4.13,40.94,0.0,0.0
10.47,1.62,45.3,0.0,0.0
12.72,1.25,43.56,0.0,0.0
14.07,9.0,51.08,0.0,0.0
13.17,3.88,55.01,0.0,0.0
12.27,12.25,49.61,0.0,0.0
11.37,11.5,45.04,0.0,0.0
11.37,2.75,44.23,0.0,0.0
12.72,3.87,47.41,0.0,0.0
12.72,2.88,52.63,0.0,0.0
11.82,2.0,58.43,0.0,0.0
10.92,1.25,56.52,0.0,0.0
10.02,5.0,52.51,0.0,0.0
9.13,5.25,42.98,0.0,0.0
5.08,5.37,37.13,0.0,0.0
2.38,1.87,30.22,0.0,0.0
2.38,0.0,1.12,0.0,0.0
1.92,0.0,0.13,0.0,0.0
2.37,0.0,0.0,0.0,0.0
1.92,0.0,16.16,0.0,0.0
3.27,0.0,14.55,0.0,0.0
6.43,0.0,21.54,0.0,0.0
6.88,1.92,27.15,0.0,0.0
7.78,1.87,39.38,0.0,0.0
9.13,4.12,47.38,0.0,0.0
10.47,1.63,48.86,0.0,0.0
12.72,1.25,43.89,0.0,0.0
14.07,8.99,53.02,0.0,0.0
13.17,3.86,64.05,0.0,0.0
12.27,12.24,57.31,0.0,0.0
11.37,11.49,43.07,0.0,0.0
11.37,2.75,40.0,0.0,0.0
12.72,3.86,45.03,0.0,0.0
12.72,2.88,51.39,0.0,0.0
11.82,2.0,54.12,0.0,0.0
10.92,1.25,48.92,0.0,0.0
10.02,4.99,47.5,0.0,0.0
9.13,5.25,42.05,0.0,0.0
5.08,5.37,36.82,0.0,0.0
2.38,1.87,32.58,0.0,0.0
2.38,0.0,1.64,0.0,0.0
1.92,0.0,0.63,0.0,0.0
2.37,0.0,0.26,0.0,0.0
1.92,0.0,18.21,0.0,0.0
3.27,0.0,17.02,0.0,0.0
6.43,0.0,22.98,0.0,0.0
6.88,1.93,26.29,0.0,0.0
7.78,1.89,37.31,0.0,0.0
9.13,4.11,46.19,0.0,0.0
10.47,1.62,47.82,0.0,0.0
12.72,1.25,38.93,0.0,0.0
14.07,8.98,47.22,0.0,0.0
13.17,3.86,60.25,0.0,0.0
12.27,12.23,58.91,0.0,0.0
11.37,11.48,44.73,0.0,0.0
11.37,2.75,39.73,0.0,0.0
12.72,3.86,47.2,0.0,0.0
12.72,2.87,51.32,0.0,0.0
11.82,2.0,47.61,0.0,0.0
10.92,1.25,42.48,0.0,0.0
10.02,4.98,43.8,0.0,0.0
9.13,5.24,40.41,0.0,0.0
5.08,5.37,35.65,0.0,0.0
2.38,1.87,28.63,0.0,0.0
2.38,0.0,0.79,0.0,0.0
1.92,0.0,0.0,0.0,0.0
2.37,0.0,0.16,0.0,0.0
1.92,0.0,16.84,0.0,0.0
3.27,0.0,17.35,0.0,0.0
6.43,0.0,30.02,0.0,0.0
6.88,1.93,34.85,0.0,0.0
7.78,1.88,43.37,0.0,0.0
9.13,4.11,46.79,0.0,0.0
10.47,1.61,48.19,0.0,0.0
12.72,1.25,45.34,0.0,0.0
14.07,8.97,53.45,0.0,0.0
13.17,3.87,59.7,0.0,0.0
12.27,12.22,55.44,0.0,0.0
11.37,11.47,49.36,0.0,0.0
11.37,2.74,36.44,0.0,0.0
12.72,3.87,31.83,0.0,0.0
12.72,2.86,40.08,0.0,0.0
11.82,1.99,49.89,0.0,0.0
10.92,1.25,51.34,0.0,0.0
10.02,4.99,47.51,0.0,0.0
9.13,5.23,39.52,0.0,0.0
5.08,5.36,35.97,0.0,0.0
2.38,1.87,29.39,0.0,0.0
2.38,0.0,1.02,0.0,0.0
1.92,0.0,0.0,0.0,0.0
2.37,0.0,0.0,0.0,0.0
1.92,0.0,13.82,0.0,0.0
3.27,0.0,12.56,0.0,0.0
6.41,0.0,18.81,0.0,0.0
6.88,0.0,22.3,0.0,0.0
7.78,1.93,37.16,0.0,0.0
9.13,1.88,45.88,0.0,0.0
10.47,1.86,46.59,0.0,0.0
12.72,1.25,43.04,0.0,0.0
14.07,8.97,51.43,0.0,0.0
13.17,7.48,55.25,0.0,0.0
12.27,12.21,50.62,0.0,0.0
11.37,11.46,46.95,0.0,0.0
11.37,3.11,44.03,0.0,0.0
12.72,3.11,43.5,0.0,0.0
12.72,2.87,41.66,0.0,0.0
11.82,1.99,46.67,0.0,0.0
10.92,1.24,49.78,0.0,0.0
10.02,4.97,45.37,0.0,0.0
9.13,5.24,44.57,0.0,0.0
5.08,5.36,41.69,0.0,0.0
2.38,0.0,32.67,0.0,0.0
2.38,0.0,0.67,0.0,0.0
1.92,0.0,0.13,0.0,0.0
2.37,0.0,0.0,0.0,0.0
1.92,0.0,15.81,0.0,0.0
3.27,0.0,13.38,0.0,0.0
6.41,0.0,19.0,0.0,0.0
6.88,0.0,22.66,0.0,0.0
7.78,1.93,38.48,0.0,0.0
9.13,1.89,47.34,0.0,0.0
10.47,1.86,37.58,0.0,0.0
12.72,1.24,36.15,0.0,0.0
14.07,8.96,41.5,0.0,0.0
13.17,7.47,49.05,0.0,0.0
12.27,12.2,50.72,0.0,0.0
11.37,11.46,47.87,0.0,0.0
11.37,3.11,47.86,0.0,0.0
12.72,3.11,48.29,0.0,0.0
12.72,2.87,48.44,0.0,0.0
11.82,1.99,49.61,0.0,0.0
10.92,1.24,49.36,0.0,0.0
10.02,4.98,49.81,0.0,0.0
9.13,5.23,42.62,0.0,0.0
5.08,5.35,36.83,0.0,0.0
2.38,0.0,32.63,0.0,0.0
2.38,0.0,1.15,0.0,0.0
1.92,0.0,0.48,0.0,0.0
2.37,0.0,0.0,0.0,0.0
1.92,0.0,19.05,0.0,0.0
3.27,0.0,18.33,0.0,0.0
6.43,0.0,24.64,0.0,0.0
6.88,1.93,28.17,0.0,0.0
7.78,1.89,35.1,0.0,0.0
9.13,4.1,36.53,0.0,0.0
10.47,1.62,39.64,0.0,0.0
12.72,1.24,42.02,0.0,0.0
14.07,8.95,51.71,0.0,0.0
13.17,3.85,60.81,0.0,0.0
12.27,12.19,59.07,0.0,0.0
11.37,11.45,52.32,0.0,0.0
11.37,2.74,44.17,0.0,0.0
12.72,3.85,38.15,0.0,0.0
12.72,2.87,42.29,0.0,0.0
11.82,1.99,53.41,0.0,0.0
10.92,1.24,55.24,0.0,0.0
10.02,4.97,54.38,0.0,0.0
9.13,5.23,45.24,0.0,0.0
5.08,5.35,36.74,0.0,0.0
2.38,1.86,29.07,0.0,0.0
2.38,0.0,1.14,0.0,0.0
1.92,0.0,0.21,0.0,0.0
2.37,0.0,0.32,0.0,0.0
1.92,0.0,16.9,0.0,0.0
3.27,0.0,19.84,0.0,0.0
6.43,0.0,24.95,0.0,0.0
6.88,1.93,28.22,0.0,0.0
7.78,1.88,38.84,0.0,0.0
9.13,4.1,44.05,0.0,0.0
10.47,1.62,45.67,0.0,0.0
12.72,1.24,41.57,0.0,0.0
14.07,8.95,49.23,0.0,0.0
13.17,3.85,53.45,0.0,0.0
12.27,12.19,51.9,0.0,0.0
11.37,11.44,47.39,0.0,0.0
11.37,2.74,42.32,0.0,0.0
12.72,3.85,46.23,0.0,0.0
12.72,2.86,53.97,0.0,0.0
11.82,1.99,58.34,0.0,0.0
10.92,1.24,54.52,0.0,0.0
10.02,4.96,53.6,0.0,0.0
9.13,5.23,45.72,0.0,0.0
5.08,5.35,39.03,0.0,0.0
2.38,1.86,33.08,0.0,0.0
2.38,0.0,1.44,0.0,0.0
1.92,0.0,0.33,0.0,0.0
2.37,0.0,0.0,0.0,0.0
1.92,0.0,17.55,0.0,0.0
3.27,0.0,17.56,0.0,0.0
6.43,0.0,23.64,0.0,0.0
6.88,1.92,27.82,0.0,0.0
7.78,1.88,40.89,0.0,0.0
9.13,4.1,49.25,0.0,0.0
10.47,1.61,52.64,0.0,0.0
12.72,1.24,48.76,0.0,0.0
14.07,8.94,58.01,0.0,0.0
13.17,3.85,64.55,0.0,0.0
12.27,12.18,60.28,0.0,0.0
11.37,11.43,52.44,0.0,0.0
11.37,2.74,47.37,0.0,0.0
12.72,3.85,51.81,0.0,0.0
12.72,2.86,55.5,0.0,0.0
11.82,1.99,60.13,0.0,0.0
10.92,1.24,57.2,0.0,0.0
10.02,4.96,52.21,0.0,0.0
9.13,5.22,42.88,0.0,0.0
5.08,5.34,35.76,0.0,0.0
2.38,1.86,30.08,0.0,0.0
2.38,0.0,1.27,0.0,0.0
1.92,0.0,0.29,0.0,0.0
2.37,0.0,0.0,0.0,0.0
1.92,0.0,17.88,0.0,0.0
3.27,0.0,16.14,0.0,0.0
6.43,0.0,21.0,0.0,0.0
6.88,1.92,27.35,0.0,0.0
7.78,1.88,42.61,0.0,0.0
9.13,4.09,50.28,0.0,0.0
10.47,1.61,53.24,0.0,0.0
12.72,1.24,49.67,0.0,0.0
14.07,8.94,59.93,0.0,0.0
13.17,3.85,69.61,0.0,0.0
12.27,12.18,65.5,0.0,0.0
11.37,11.43,55.23,0.0,0.0
11.37,2.74,49.44,0.0,0.0
12.72,3.84,52.14,0.0,0.0
12.72,2.86,57.03,0.0,0.0
11.82,1.99,63.13,0.0,0.0
10.92,1.24,64.52,0.0,0.0
10.02,4.96,61.24,0.0,0.0
9.13,5.22,51.8,0.0,0.0
5.08,5.34,43.29,0.0,0.0
2.38,1.86,33.38,0.0,0.0
2.38,0.0,1.42,0.0,0.0
1.92,0.0,0.36,0.0,0.0
2.37,0.0,0.0,0.0,0.0
1.92,0.0,18.04,0.0,0.0
3.27,0.0,21.08,0.0,0.0
6.43,0.0,27.93,0.0,0.0
6.88,1.92,30.02,0.0,0.0
7.78,1.88,42.66,0.0,0.0
9.13,4.09,53.05,0.0,0.0
10.47,1.61,54.31,0.0,0.0
12.72,1.24,50.0,0.0,0.0
14.07,8.93,60.03,0.0,0.0
13.17,3.84,66.6,0.0,0.0
12.27,12.17,62.76,0.0,0.0
11.37,11.42,50.02,0.0,0.0
11.37,2.74,43.36,0.0,0.0
12.72,3.84,47.48,0.0,0.0
12.72,2.85,52.66,0.0,0.0
11.82,1.99,62.17,0.0,0.0
10.92,1.24,60.77,0.0,0.0
10.02,4.96,59.22,0.0,0.0
9.13,5.22,52.15,0.0,0.0
5.08,5.34,44.35,0.0,0.0
2.38,1.86,36.88,0.0,0.0
2.38,0.0,1.95,0.0,0.0
1.92,0.0,0.86,0.0,0.0
2.37,0.0,0.55,0.0,0.0
1.92,0.0,22.09,0.0,0.0
3.27,0.0,20.47,0.0,0.0
6.41,0.0,26.05,0.0,0.0
6.88,0.0,27.76,0.0,0.0
7.78,1.92,39.88,0.0,0.0
9.13,1.88,46.54,0.0,0.0
10.47,1.86,47.52,0.0,0.0
12.72,1.24,46.21,0.0,0.0
14.07,8.94,53.22,0.0,0.0
13.17,7.44,54.52,0.0,0.0
12.27,12.16,46.29,0.0,0.0
11.37,11.42,40.46,0.0,0.0
11.37,3.1,37.2,0.0,0.0
12.72,3.1,35.81,0.0,0.0
12.72,2.86,38.11,0.0,0.0
11.82,1.98,47.61,0.0,0.0
10.92,1.24,48.69,0.0,0.0
10.02,4.96,43.7,0.0,0.0
9.13,5.21,41.25,0.0,0.0
5.08,5.33,36.49,0.0,0.0
2.38,0.0,30.13,0.0,0.0
2.38,0.0,0.53,0.0,0.0
1.92,0.0,0.0,0.0,0.0
2.37,0.0,0.0,0.0,0.0
1.92,0.0,14.77,0.0,0.0
3.27,0.0,12.74,0.0,0.0
6.41,0.0,19.18,0.0,0.0
6.88,0.0,23.8,0.0,0.0
7.78,1.92,39.13,0.0,0.0
9.13,1.89,46.08,0.0,0.0
10.47,1.87,37.01,0.0,0.0
12.72,1.24,32.84,0.0,0.0
14.07,8.93,35.19,0.0,0.0
13.17,7.44,41.93,0.0,0.0
12.27,12.16,46.87,0.0,0.0
11.37,11.42,43.04,0.0,0.0
11.37,3.1,39.22,0.0,0.0
12.72,3.1,39.51,0.0,0.0
12.72,2.85,40.15,0.0,0.0
11.82,1.98,42.92,0.0,0.0
10.92,1.24,43.72,0.0,0.0
10.02,4.96,43.59,0.0,0.0
9.13,5.2,36.59,0.0,0.0
5.08,5.34,29.82,0.0,0.0
2.38,0.0,24.58,0.0,0.0
2.38,0.0,0.44,0.0,0.0
1.92,0.0,0.0,0.0,0.0
2.37,0.0,0.05,0.0,0.0
1.92,0.0,17.09,0.0,0.0
3.27,0.0,16.14,0.0,0.0
6.43,0.0,24.41,0.0,0.0
6.88,1.92,30.37,0.0,0.0
7.78,1.86,41.79,0.0,0.0
9.13,4.09,47.93,0.0,0.0
10.47,1.6,51.43,0.0,0.0
12.72,1.24,47.59,0.0,0.0
14.07,8.93,56.59,0.0,0.0
13.17,3.85,62.79,0.0,0.0
12.27,12.16,52.94,0.0,0.0
11.37,11.41,37.57,0.0,0.0
11.37,2.73,33.05,0.0,0.0
12.72,3.84,38.36,0.0,0.0
12.72,2.84,45.61,0.0,0.0
11.82,1.99,51.56,0.0,0.0
10.92,1.24,50.24,0.0,0.0
10.02,4.96,47.27,0.0,0.0
9.13,5.21,40.74,0.0,0.0
5.08,5.34,35.41,0.0,0.0
2.38,1.86,28.55,0.0,0.0
2.38,0.0,1.07,0.0,0.0
1.92,0.0,0.05,0.0,0.0
2.37,0.0,0.17,0.0,0.0
1.92,0.0,17.1,0.0,0.0
3.27,0.0,20.16,0.0,0.0
6.43,0.0,26.86,0.0,0.0
6.88,1.92,29.09,0.0,0.0
7.78,1.87,38.87,0.0,0.0
9.13,4.09,46.45,0.0,0.0
10.47,1.61,48.68,0.0,0.0
12.72,1.24,45.45,0.0,0.0
14.07,8.93,54.69,0.0,0.0
13.17,3.84,63.06,0.0,0.0
12.27,12.15,60.74,0.0,0.0
11.37,11.41,53.16,0.0,0.0
11.37,2.73,47.85,0.0,0.0
12.72,3.84,49.82,0.0,0.0
12.72,2.85,53.84,0.0,0.0
11.82,1.99,58.58,0.0,0.0
10.92,1.24,56.67,0.0,0.0
10.02,4.95,54.27,0.0,0.0
9.13,5.21,45.0,0.0,0.0
5.08,5.33,39.18,0.0,0.0
2.38,1.85,32.89,0.0,0.0
2.38,0.0,1.69,0.0,0.0
1.92,0.0,0.78,0.0,0.0
2.37,0.0,0.33,0.0,0.0
1.92,0.0,18.92,0.0,0.0
3.27,0.0,18.36,0.0,0.0
6.43,0.0,26.1,0.0,0.0
6.88,1.92,31.03,0.0,0.0
7.78,1.87,42.43,0.0,0.0
9.13,4.09,49.36,0.0,0.0
10.47,1.61,51.93,0.0,0.0
12.72,1.24,48.74,0.0,0.0
14.07,8.92,58.84,0.0,0.0
13.17,3.84,65.24,0.0,0.0
12.27,12.15,55.62,0.0,0.0
11.37,11.4,46.71,0.0,0.0
11.37,2.73,44.29,0.0,0.0
12.72,3.84,46.57,0.0,0.0
12.72,2.85,52.23,0.0,0.0
11.82,1.99,58.07,0.0,0.0
10.92,1.24,54.74,0.0,0.0
10.02,4.95,52.87,0.0,0.0
9.13,5.21,45.49,0.0,0.0
5.08,5.33,38.8,0.0,0.0
2.38,1.85,32.06,0.0,0.0
2.38,0.0,1.42,0.0,0.0
1.92,0.0,0.34,0.0,0.0
2.37,0.0,0.0,0.0,0.0
1.92,0.0,16.71,0.0,0.0
3.27,0.0,14.19,0.0,0.0
6.43,0.0,21.98,0.0,0.0
6.88,1.92,28.07,0.0,0.0
7.78,1.87,42.05,0.0,0.0
9.13,4.09,49.86,0.0,0.0
10.47,1.61,52.43,0.0,0.0
12.72,1.24,48.23,0.0,0.0
14.07,8.92,56.94,0.0,0.0
13.17,3.84,61.11,0.0,0.0
12.27,12.15,55.32,0.0,0.0
11.37,11.41,49.72,0.0,0.0
11.37,2.73,44.84,0.0,0.0
12.72,3.84,46.83,0.0,0.0
12.72,2.85,51.04,0.0,0.0
11.82,1.99,57.0,0.0,0.0
10.92,1.24,55.62,0.0,0.0
10.02,4.95,53.44,0.0,0.0
9.13,5.21,47.17,0.0,0.0
5.08,5.33,43.08,0.0,0.0
2.38,1.85,36.22,0.0,0.0
2.38,0.0,1.65,0.0,0.0
1.92,0.0,0.43,0.0,0.0
2.37,0.0,0.35,0.0,0.0
1.92,0.0,19.16,0.0,0.0
3.27,0.0,20.98,0.0,0.0
6.43,0.0,28.45,0.0,0.0
6.88,1.92,31.35,0.0,0.0
7.78,1.88,40.15,0.0,0.0
9.13,4.08,47.72,0.0,0.0
10.47,1.61,51.19,0.0,0.0
12.72,1.24,46.88,0.0,0.0
14.07,8.92,55.1,0.0,0.0
13.17,3.84,62.3,0.0,0.0
12.27,12.15,58.01,0.0,0.0
11.37,11.41,49.96,0.0,0.0
11.37,2.73,45.4,0.0,0.0
12.72,3.84,49.44,0.0,0.0
12.72,2.85,53.96,0.0,0.0
11.82,1.98,59.71,0.0,0.0
10.92,1.24,57.66,0.0,0.0
10.02,4.95,55.54,0.0,0.0
9.13,5.21,48.71,0.0,0.0
5.08,5.33,44.15,0.0,0.0
2.38,1.85,38.57,0.0,0.0
2.38,0.0,2.2,0.0,0.0
1.92,0.0,1.0,0.0,0.0
2.37,0.0,0.47,0.0,0.0
1.92,0.0,22.94,0.0,0.0
3.27,0.0,20.14,0.0,0.0
6.41,0.0,27.74,0.0,0.0
6.88,0.0,31.81,0.0,0.0
7.78,1.92,45.3,0.0,0.0
9.13,1.88,50.37,0.0,0.0
10.47,1.86,50.91,0.0,0.0
12.72,1.24,46.29,0.0,0.0
14.07,8.92,46.57,0.0,0.0
13.17,7.43,47.53,0.0,0.0
12.27,12.15,50.2,0.0,0.0
11.37,11.41,48.74,0.0,0.0
11.37,3.1,46.69,0.0,0.0
12.72,3.1,46.01,0.0,0.0
12.72,2.85,46.08,0.0,0.0
11.82,1.98,55.49,0.0,0.0
10.92,1.24,59.07,0.0,0.0
10.02,4.97,52.76,0.0,0.0
9.13,5.2,49.09,0.0,0.0
5.08,5.32,44.37,0.0,0.0
2.38,0.0,36.33,0.0,0.0
2.38,0.0,1.12,0.0,0.0
1.92,0.0,0.41,0.0,0.0
2.37,0.0,0.18,0.0,0.0
1.92,0.0,19.79,0.0,0.0
3.27,0.0,18.68,0.0,0.0
6.41,0.0,24.41,0.0,0.0
6.88,0.0,26.75,0.0,0.0
7.78,1.92,37.4,0.0,0.0
9.13,1.89,40.39,0.0,0.0
10.47,1.86,35.36,0.0,0.0
12.72,1.24,36.78,0.0,0.0
14.07,8.92,42.26,0.0,0.0
13.17,7.44,48.74,0.0,0.0
12.27,12.15,48.45,0.0,0.0
11.37,11.41,43.77,0.0,0.0
11.37,3.1,42.11,0.0,0.0
12.72,3.1,43.06,0.0,0.0
12.72,2.85,43.59,0.0,0.0
11.82,1.99,43.81,0.0,0.0
10.92,1.24,42.5,0.0,0.0
10.02,4.95,41.28,0.0,0.0
9.13,5.21,33.55,0.0,0.0
5.08,5.33,28.08,0.0,0.0
2.38,0.0,25.32,0.0,0.0
2.38,0.0,1.53,0.0,0.0
1.92,0.0,0.57,0.0,0.0
2.37,0.0,0.0,0.0,0.0
1.92,0.0,9.92,0.0,0.0
3.27,0.0,9.32,0.0,0.0
6.43,0.0,13.7,0.0,0.0
6.88,1.92,17.53,0.0,0.0
7.78,1.87,34.56,0.0,0.0
9.13,4.09,45.68,0.0,0.0
10.47,1.61,46.2,0.0,0.0
12.72,1.24,42.08,0.0,0.0
14.07,8.92,49.74,0.0,0.0
13.17,3.84,53.01,0.0,0.0
12.27,12.16,47.81,0.0,0.0
11.37,11.4,41.37,0.0,0.0
11.37,2.73,38.29,0.0,0.0
12.72,3.84,41.79,0.0,0.0
12.72,2.85,45.76,0.0,0.0
11.82,1.99,51.39,0.0,0.0
10.92,1.24,47.83,0.0,0.0
10.02,4.95,43.54,0.0,0.0
9.13,5.21,36.85,0.0,0.0
5.08,5.33,31.51,0.0,0.0
2.38,1.85,26.35,0.0,0.0
2.38,0.0,1.17,0.0,0.0
1.92,0.0,0.35,0.0,0.0
2.37,0.0,0.0,0.0,0.0
1.92,0.0,12.79,0.0,0.0
3.27,0.0,15.34,0.0,0.0
6.43,0.0,20.18,0.0,0.0
6.88,1.92,23.83,0.0,0.0
7.78,1.87,33.01,0.0,0.0
9.13,4.09,38.52,0.0,0.0
10.47,1.61,39.56,0.0,0.0
12.72,1.24,36.61,0.0,0.0
14.07,8.92,43.98,0.0,0.0
13.17,3.84,51.95,0.0,0.0
12.27,12.15,51.77,0.0,0.0
11.37,11.41,44.51,0.0,0.0
11.37,2.73,37.71,0.0,0.0
12.72,3.84,39.18,0.0,0.0
12.72,2.85,44.08,0.0,0.0
11.82,1.99,48.83,0.0,0.0
10.92,1.24,45.21,0.0,0.0
10.02,4.95,43.58,0.0,0.0
9.13,5.21,37.81,0.0,0.0
5.08,5.33,31.67,0.0,0.0
2.38,1.85,25.44,0.0,0.0
2.38,0.0,0.98,0.0,0.0
1.92,0.0,0.16,0.0,0.0
2.37,0.0,0.0,0.0,0.0
1.92,0.0,11.0,0.0,0.0
3.27,0.0,12.2,0.0,0.0
6.43,0.0,18.04,0.0,0.0
6.88,1.92,22.47,0.0,0.0
7.78,1.88,33.91,0.0,0.0
9.13,4.09,42.04,0.0,0.0
10.47,1.61,45.32,0.0,0.0
12.72,1.24,42.25,0.0,0.0
14.07,8.92,50.11,0.0,0.0
13.17,3.84,55.67,0.0,0.0
12.27,12.15,49.83,0.0,0.0
11.37,11.41,42.25,0.0,0.0
11.37,2.73,38.05,0.0,0.0
12.72,3.84,39.18,0.0,0.0
12.72,2.85,43.02,0.0,0.0
11.82,1.99,47.93,0.0,0.0
10.92,1.24,44.23,0.0,0.0
10.02,4.95,42.66,0.0,0.0
9.13,5.21,38.48,0.0,0.0
5.08,5.33,34.54,0.0,0.0
2.38,1.85,30.0,0.0,0.0
2.38,0.0,1.4,0.0,0.0
1.92,0.0,0.57,0.0,0.0
2.37,0.0,0.31,0.0,0.0
1.92,0.0,17.75,0.0,0.0
3.27,0.0,17.23,0.0,0.0
6.43,0.0,22.0,0.0,0.0
6.88,1.92,22.15,0.0,0.0
7.78,1.88,26.3,0.0,0.0
9.13,4.09,30.32,0.0,0.0
10.47,1.61,32.96,0.0,0.0
12.72,1.24,35.17,0.0,0.0
14.07,8.93,43.62,0.0,0.0
13.17,3.84,50.16,0.0,0.0
12.27,12.16,49.04,0.0,0.0
11.37,11.41,44.43,0.0,0.0
11.37,2.73,41.64,0.0,0.0
12.72,3.84,42.66,0.0,0.0
12.72,2.85,46.37,0.0,0.0
11.82,1.99,46.76,0.0,0.0
10.92,1.24,43.69,0.0,0.0
10.02,4.95,45.98,0.0,0.0
9.13,5.21,40.92,0.0,0.0
5.08,5.34,35.97,0.0,0.0
2.38,1.86,29.9,0.0,0.0
2.38,0.0,1.1,0.0,0.0
1.92,0.0,0.03,0.0,0.0
2.37,0.0,0.17,0.0,0.0
1.92,0.0,19.65,0.0,0.0
3.27,0.0,22.94,0.0,0.0
6.43,0.0,29.96,0.0,0.0
6.88,1.92,30.22,0.0,0.0
7.78,1.87,36.48,0.0,0.0
9.13,4.09,44.15,0.0,0.0
10.47,1.61,47.22,0.0,0.0
12.72,1.24,43.92,0.0,0.0
14.07,8.93,50.73,0.0,0.0
13.17,3.84,57.84,0.0,0.0
12.27,12.16,57.45,0.0,0.0
11.37,11.42,50.37,0.0,0.0
11.37,2.73,36.83,0.0,0.0
12.72,3.84,31.68,0.0,0.0
12.72,2.85,36.89,0.0,0.0
11.82,1.99,45.39,0.0,0.0
10.92,1.24,46.43,0.0,0.0
10.02,4.95,45.24,0.0,0.0
9.13,5.21,39.01,0.0,0.0
5.08,5.34,32.16,0.0,0.0
2.38,1.86,25.84,0.0,0.0
2.38,0.0,0.67,0.0,0.0
1.92,0.0,0.01,0.0,0.0
2.37,0.0,0.02,0.0,0.0
1.92,0.0,11.83,0.0,0.0
3.27,0.0,13.33,0.0,0.0
6.41,0.0,18.03,0.0,0.0
6.88,0.0,21.7,0.0,0.0
7.78,1.92,36.43,0.0,0.0
9.13,1.88,44.64,0.0,0.0
10.47,1.85,45.87,0.0,0.0
12.72,1.24,40.78,0.0,0.0
14.07,8.94,48.02,0.0,0.0
13.17,7.45,52.05,0.0,0.0
12.27,12.17,51.84,0.0,0.0
11.37,11.42,49.27,0.0,0.0
11.37,3.1,42.89,0.0,0.0
12.72,3.1,35.5,0.0,0.0
12.72,2.86,30.95,0.0,0.0
11.82,1.98,37.48,0.0,0.0
10.92,1.24,46.37,0.0,0.0
10.02,4.96,46.36,0.0,0.0
9.13,5.21,45.61,0.0,0.0
5.08,5.33,44.99,0.0,0.0
2.38,0.0,37.68,0.0,0.0
2.38,0.0,1.06,0.0,0.0
1.92,0.0,0.15,0.0,0.0
2.37,0.0,0.32,0.0,0.0
1.92,0.0,18.72,0.0,0.0
3.27,0.0,16.86,0.0,0.0
6.41,0.0,25.12,0.0,0.0
6.88,0.0,29.44,0.0,0.0
7.78,1.92,42.42,0.0,0.0
9.13,1.89,47.07,0.0,0.0
10.47,1.87,41.61,0.0,0.0
12.72,1.24,36.06,0.0,0.0
14.07,8.94,39.41,0.0,0.0
13.17,7.45,51.64,0.0,0.0
12.27,12.17,57.02,0.0,0.0
11.37,11.43,53.56,0.0,0.0
11.37,3.1,51.03,0.0,0.0
12.72,3.1,52.32,0.0,0.0
12.72,2.85,52.45,0.0,0.0
11.82,1.99,52.93,0.0,0.0
10.92,1.24,52.79,0.0,0.0
10.02,4.96,52.94,0.0,0.0
9.13,5.21,45.16,0.0,0.0
5.08,5.34,39.31,0.0,0.0
2.38,0.0,35.26,0.0,0.0
2.38,0.0,1.54,0.0,0.0
1.92,0.0,0.69,0.0,0.0
2.37,0.0,0.33,0.0,0.0
1.92,0.0,21.43,0.0,0.0
3.27,0.0,19.7,0.0,0.0
6.43,0.0,26.84,0.0,0.0
6.88,1.92,32.75,0.0,0.0
7.78,1.87,45.46,0.0,0.0
9.13,4.1,52.45,0.0,0.0
10.47,1.61,56.81,0.0,0.0
12.72,1.24,50.63,0.0,0.0
14.07,8.94,58.27,0.0,0.0
13.17,3.85,69.15,0.0,0.0
12.27,12.18,64.81,0.0,0.0
11.37,11.43,52.64,0.0,0.0
11.37,2.73,44.67,0.0,0.0
12.72,3.85,45.55,0.0,0.0
12.72,2.85,52.8,0.0,0.0
11.82,1.99,60.54,0.0,0.0
10.92,1.24,59.1,0.0,0.0
10.02,4.97,53.92,0.0,0.0
9.13,5.21,43.76,0.0,0.0
5.08,5.35,38.64,0.0,0.0
2.38,1.86,33.1,0.0,0.0
2.38,0.0,1.26,0.0,0.0
1.92,0.0,0.16,0.0,0.0
2.37,0.0,0.0,0.0,0.0
1.92,0.0,18.11,0.0,0.0
3.27,0.0,21.17,0.0,0.0
6.43,0.0,28.41,0.0,0.0
6.88,1.93,31.93,0.0,0.0
7.78,1.87,43.54,0.0,0.0
9.13,4.1,50.39,0.0,0.0
10.47,1.61,52.21,0.0,0.0
12.72,1.24,48.57,0.0,0.0
14.07,8.95,55.96,0.0,0.0
13.17,3.85,62.46,0.0,0.0
12.27,12.19,61.6,0.0,0.0
11.37,11.43,55.22,0.0,0.0
11.37,2.73,49.26,0.0,0.0
12.72,3.85,52.13,0.0,0.0
12.72,2.85,57.02,0.0,0.0
11.82,1.99,59.28,0.0,0.0
10.92,1.24,54.45,0.0,0.0
10.02,4.97,51.46,0.0,0.0
9.13,5.21,44.05,0.0,0.0
5.08,5.35,39.19,0.0,0.0
2.38,1.86,33.32,0.0,0.0
2.38,0.0,1.35,0.0,0.0
1.92,0.0,0.46,0.0,0.0
2.37,0.0,0.28,0.0,0.0
1.92,0.0,21.09,0.0,0.0
3.27,0.0,18.65,0.0,0.0
6.43,0.0,25.51,0.0,0.0
6.88,1.93,31.26,0.0,0.0
7.78,1.87,44.68,0.0,0.0
9.13,4.1,51.68,0.0,0.0
10.47,1.61,54.73,0.0,0.0
12.72,1.24,49.42,0.0,0.0
14.07,8.96,60.83,0.0,0.0
13.17,3.86,68.2,0.0,0.0
12.27,12.19,49.68,0.0,0.0
11.37,11.44,40.04,0.0,0.0
11.37,2.73,41.77,0.0,0.0
12.72,3.86,47.42,0.0,0.0
12.72,2.85,53.62,0.0,0.0
11.82,1.99,60.81,0.0,0.0
10.92,1.24,60.81,0.0,0.0
10.02,4.97,59.22,0.0,0.0
9.13,5.22,50.8,0.0,0.0
5.08,5.35,40.97,0.0,0.0
2.38,1.87,31.54,0.0,0.0
2.38,0.0,1.25,0.0,0.0
1.92,0.0,0.22,0.0,0.0
2.37,0.0,0.2,0.0,0.0
1.92,0.0,18.76,0.0,0.0
3.27,0.0,17.49,0.0,0.0
6.43,0.0,23.88,0.0,0.0
6.88,1.93,28.49,0.0,0.0
7.78,1.87,38.77,0.0,0.0
9.13,4.11,46.7,0.0,0.0
10.47,1.61,53.44,0.0,0.0
12.72,1.24,49.36,0.0,0.0
14.07,8.96,49.49,0.0,0.0
13.17,3.86,43.13,0.0,0.0
12.27,12.2,39.84,0.0,0.0
11.37,11.45,38.55,0.0,0.0
11.37,2.73,37.01,0.0,0.0
12.72,3.86,41.61,0.0,0.0
12.72,2.86,50.25,0.0,0.0
11.82,1.98,58.84,0.0,0.0
10.92,1.24,58.94,0.0,0.0
10.02,4.98,57.05,0.0,0.0
9.13,5.22,48.1,0.0,0.0
5.08,5.34,42.06,0.0,0.0
2.38,1.87,36.73,0.0,0.0
2.38,0.0,1.57,0.0,0.0
1.92,0.0,0.56,0.0,0.0
2.37,0.0,0.24,0.0,0.0
1.92,0.0,21.54,0.0,0.0
3.27,0.0,23.95,0.0,0.0
6.43,0.0,31.86,0.0,0.0
6.88,1.93,34.37,0.0,0.0
7.78,1.86,45.64,0.0,0.0
9.13,4.11,53.39,0.0,0.0
10.47,1.62,55.75,0.0,0.0
12.72,1.24,52.6,0.0,0.0
14.07,8.97,63.74,0.0,0.0
13.17,3.86,69.84,0.0,0.0
12.27,12.2,63.7,0.0,0.0
11.37,11.46,55.39,0.0,0.0
11.37,2.74,48.75,0.0,0.0
12.72,3.86,48.73,0.0,0.0
12.72,2.87,54.66,0.0,0.0
11.82,1.99,64.59,0.0,0.0
10.92,1.24,61.59,0.0,0.0
10.02,4.98,56.33,0.0,0.0
9.13,5.23,45.66,0.0,0.0
5.08,5.35,38.21,0.0,0.0
2.38,1.86,31.96,0.0,0.0
2.38,0.0,1.31,0.0,0.0
1.92,0.0,0.49,0.0,0.0
2.37,0.0,0.25,0.0,0.0
1.92,0.0,21.03,0.0,0.0
3.27,0.0,19.05,0.0,0.0
6.41,0.0,24.02,0.0,0.0
6.88,0.0,27.2,0.0,0.0
7.78,1.93,43.24,0.0,0.0
9.13,1.87,51.87,0.0,0.0
10.47,1.87,56.03,0.0,0.0
12.72,1.25,53.1,0.0,0.0
14.07,8.97,60.14,0.0,0.0
13.17,7.48,60.05,0.0,0.0
12.27,12.21,56.33,0.0,0.0
11.37,11.47,48.54,0.0,0.0
11.37,3.12,43.66,0.0,0.0
12.72,3.11,43.5,0.0,0.0
12.72,2.86,43.84,0.0,0.0
11.82,1.99,51.04,0.0,0.0
10.92,1.25,51.97,0.0,0.0
10.02,4.98,46.59,0.0,0.0
9.13,5.23,44.64,0.0,0.0
5.08,5.36,39.85,0.0,0.0
2.38,0.0,30.63,0.0,0.0
2.38,0.0,0.47,0.0,0.0
1.92,0.0,0.0,0.0,0.0
2.37,0.0,0.15,0.0,0.0
1.92,0.0,15.32,0.0,0.0
3.27,0.0,12.22,0.0,0.0
6.41,0.0,19.86,0.0,0.0
6.88,0.0,22.19,0.0,0.0
7.78,1.93,38.46,0.0,0.0
9.13,1.88,51.16,0.0,0.0
10.47,1.87,48.77,0.0,0.0
12.72,1.25,51.04,0.0,0.0
14.07,8.98,54.88,0.0,0.0
13.17,7.49,59.14,0.0,0.0
12.27,12.22,60.09,0.0,0.0
11.37,11.47,56.88,0.0,0.0
11.37,3.11,55.46,0.0,0.0
12.72,3.11,58.23,0.0,0.0
12.72,2.87,56.96,0.0,0.0
11.82,2.0,54.23,0.0,0.0
10.92,1.25,52.01,0.0,0.0
10.02,4.98,52.67,0.0,0.0
9.13,5.24,45.29,0.0,0.0
5.08,5.36,39.45,0.0,0.0
2.38,0.0,35.69,0.0,0.0
2.38,0.0,1.43,0.0,0.0
1.92,0.0,0.76,0.0,0.0
2.37,0.0,0.36,0.0,0.0
1.92,0.0,21.28,0.0,0.0
3.27,0.0,19.73,0.0,0.0
6.43,0.0,26.7,0.0,0.0
6.88,1.93,31.05,0.0,0.0
7.78,1.89,44.01,0.0,0.0
9.13,4.11,53.06,0.0,0.0
10.47,1.62,57.42,0.0,0.0
12.72,1.25,53.39,0.0,0.0
14.07,8.98,62.31,0.0,0.0
13.17,3.87,70.98,0.0,0.0
12.27,12.23,66.27,0.0,0.0
11.37,11.48,49.81,0.0,0.0
11.37,2.75,42.12,0.0,0.0
12.72,3.87,44.68,0.0,0.0
12.72,2.86,50.81,0.0,0.0
11.82,2.0,59.54,0.0,0.0
10.92,1.25,57.97,0.0,0.0
10.02,4.99,54.8,0.0,0.0
9.13,5.23,46.81,0.0,0.0
5.08,5.37,40.92,0.0,0.0
2.38,1.87,34.38,0.0,0.0
2.38,0.0,1.35,0.0,0.0
1.92,0.0,0.52,0.0,0.0
2.37,0.0,0.23,0.0,0.0
1.92,0.0,19.79,0.0,0.0
3.27,0.0,22.34,0.0,0.0
6.43,0.0,30.21,0.0,0.0
6.88,1.93,33.9,0.0,0.0
7.78,1.87,44.58,0.0,0.0
9.13,4.12,51.55,0.0,0.0
10.47,1.61,54.96,0.0,0.0
12.72,1.25,49.79,0.0,0.0
14.07,9.0,54.57,0.0,0.0
13.17,3.88,45.5,0.0,0.0
12.27,12.24,37.33,0.0,0.0
11.37,11.5,37.21,0.0,0.0
11.37,2.75,37.11,0.0,0.0
12.72,3.87,39.16,0.0,0.0
12.72,2.87,42.56,0.0,0.0
11.82,2.0,44.89,0.0,0.0
10.92,1.25,41.48,0.0,0.0
10.02,4.99,40.71,0.0,0.0
9.13,5.25,35.89,0.0,0.0
5.08,5.37,31.48,0.0,0.0
2.38,1.87,26.49,0.0,0.0
2.38,0.0,0.67,0.0,0.0
1.92,0.0,0.09,0.0,0.0
2.37,0.0,0.0,0.0,0.0
1.92,0.0,15.33,0.0,0.0
3.27,0.0,18.0,0.0,0.0
6.43,0.0,26.43,0.0,0.0
6.88,1.94,31.34,0.0,0.0
7.78,1.89,41.21,0.0,0.0
9.13,4.12,49.39,0.0,0.0
10.47,1.63,55.26,0.0,0.0
12.72,1.25,52.54,0.0,0.0
14.07,9.0,62.99,0.0,0.0
13.17,3.87,72.28,0.0,0.0
12.27,12.25,67.58,0.0,0.0
11.37,11.5,53.87,0.0,0.0
11.37,2.75,45.33,0.0,0.0
12.72,3.87,44.78,0.0,0.0
12.72,2.87,44.43,0.0,0.0
11.82,2.0,51.84,0.0,0.0
10.92,1.25,55.7,0.0,0.0
10.02,4.99,53.47,0.0,0.0
9.13,5.25,44.69,0.0,0.0
5.08,5.38,39.01,0.0,0.0
2.38,1.87,32.69,0.0,0.0
2.38,0.0,1.36,0.0,0.0
1.92,0.0,0.48,0.0,0.0
2.37,0.0,0.0,0.0,0.0
1.92,0.0,18.96,0.0,0.0
3.27,0.0,16.41,0.0,0.0
6.43,0.0,22.97,0.0,0.0
6.88,1.94,26.51,0.0,0.0
7.78,1.88,40.29,0.0,0.0
9.13,4.13,49.83,0.0,0.0
10.47,1.62,54.45,0.0,0.0
12.72,1.25,52.83,0.0,0.0
14.07,9.01,64.76,0.0,0.0
13.17,3.88,74.03,0.0,0.0
12.27,12.27,70.83,0.0,0.0
11.37,11.51,58.7,0.0,0.0
11.37,2.75,51.34,0.0,0.0
12.72,3.88,53.58,0.0,0.0
12.72,2.88,60.91,0.0,0.0
11.82,2.0,65.98,0.0,0.0
10.92,1.25,58.87,0.0,0.0
10.02,5.01,56.21,0.0,0.0
9.13,5.25,48.8,0.0,0.0
5.08,5.38,43.01,0.0,0.0
2.38,1.88,35.83,0.0,0.0
2.38,0.0,1.52,0.0,0.0
1.92,0.0,0.33,0.0,0.0
2.37,0.0,0.0,0.0,0.0
1.92,0.0,19.38,0.0,0.0
3.27,0.0,22.13,0.0,0.0
6.43,0.0,29.46,0.0,0.0
6.88,1.93,31.61,0.0,0.0
7.78,1.87,42.77,0.0,0.0
9.13,4.14,50.69,0.0,0.0
10.47,1.63,54.61,0.0,0.0
12.72,1.25,51.7,0.0,0.0
14.07,9.02,62.49,0.0,0.0
13.17,3.88,72.39,0.0,0.0
12.27,12.27,67.84,0.0,0.0
11.37,11.53,57.58,0.0,0.0
11.37,2.76,49.77,0.0,0.0
12.72,3.87,52.08,0.0,0.0
12.72,2.89,57.78,0.0,0.0
11.82,2.0,62.12,0.0,0.0
10.92,1.25,62.66,0.0,0.0
10.02,5.0,63.0,0.0,0.0
9.13,5.27,52.75,0.0,0.0
5.08,5.39,44.59,0.0,0.0
2.38,1.87,37.74,0.0,0.0
2.38,0.0,1.99,0.0,0.0
1.92,0.0,0.65,0.0,0.0
2.37,0.0,0.48,0.0,0.0
1.92,0.0,24.3,0.0,0.0
3.27,0.0,19.36,0.0,0.0
6.41,0.0,29.1,0.0,0.0
6.88,0.0,29.92,0.0,0.0
7.78,1.94,45.44,0.0,0.0
9.13,1.9,53.61,0.0,0.0
10.47,1.87,54.65,0.0,0.0
12.72,1.25,51.53,0.0,0.0
14.07,9.03,60.62,0.0,0.0
13.17,7.53,61.86,0.0,0.0
12.27,12.29,61.32,0.0,0.0
11.37,11.54,58.89,0.0,0.0
11.37,3.13,53.52,0.0,0.0
12.72,3.13,49.98,0.0,0.0
12.72,2.89,46.39,0.0,0.0
11.82,2.01,48.52,0.0,0.0
10.92,1.25,47.17,0.0,0.0
10.02,5.01,44.31,0.0,0.0
9.13,5.27,43.98,0.0,0.0
5.08,5.39,40.64,0.0,0.0
2.38,0.0,32.95,0.0,0.0
2.38,0.0,1.02,0.0,0.0
1.92,0.0,0.21,0.0,0.0
2.37,0.0,0.24,0.0,0.0
1.92,0.0,19.38,0.0,0.0
3.27,0.0,18.37,0.0,0.0
6.41,0.0,25.18,0.0,0.0
6.88,0.0,29.41,0.0,0.0
7.78,1.94,43.97,0.0,0.0
9.13,1.9,50.66,0.0,0.0
10.47,1.87,46.78,0.0,0.0
12.72,1.25,48.98,0.0,0.0
14.07,9.04,54.91,0.0,0.0
13.17,7.54,61.43,0.0,0.0
12.27,12.31,58.0,0.0,0.0
11.37,11.55,49.46,0.0,0.0
11.37,3.14,45.23,0.0,0.0
12.72,3.13,48.09,0.0,0.0
12.72,2.89,51.84,0.0,0.0
11.82,2.01,55.16,0.0,0.0
10.92,1.25,55.28,0.0,0.0
10.02,5.01,55.29,0.0,0.0
9.13,5.27,46.21,0.0,0.0
5.08,5.4,38.93,0.0,0.0
2.38,0.0,35.38,0.0,0.0
2.38,0.0,2.68,0.0,0.0
1.92,0.0,0.98,0.0,0.0
2.37,0.0,0.38,0.0,0.0
1.92,0.0,21.49,0.0,0.0
3.27,0.0,19.42,0.0,0.0
6.43,0.0,24.45,0.0,0.0
6.88,1.95,29.9,0.0,0.0
7.78,1.89,43.69,0.0,0.0
9.13,4.15,50.81,0.0,0.0
10.47,1.63,55.47,0.0,0.0
12.72,1.26,50.71,0.0,0.0
14.07,9.05,58.88,0.0,0.0
13.17,3.9,65.52,0.0,0.0
12.27,12.32,60.75,0.0,0.0
11.37,11.56,52.21,0.0,0.0
11.37,2.76,46.32,0.0,0.0
12.72,3.9,48.15,0.0,0.0
12.72,2.89,51.42,0.0,0.0
11.82,2.0,52.79,0.0,0.0
10.92,1.26,45.61,0.0,0.0
10.02,5.03,41.42,0.0,0.0
9.13,5.28,38.82,0.0,0.0
5.08,5.4,37.08,0.0,0.0
2.38,1.88,31.78,0.0,0.0
2.38,0.0,1.27,0.0,0.0
1.92,0.0,0.25,0.0,0.0
2.37,0.0,0.0,0.0,0.0
1.92,0.0,18.25,0.0,0.0
3.27,0.0,20.37,0.0,0.0
6.43,0.0,25.62,0.0,0.0
6.88,1.94,28.0,0.0,0.0
7.78,1.88,40.3,0.0,0.0
9.13,4.15,48.75,0.0,0.0
10.47,1.64,52.35,0.0,0.0
12.72,1.26,47.49,0.0,0.0
14.07,9.06,53.97,0.0,0.0
13.17,3.89,62.09,0.0,0.0
12.27,12.33,50.22,0.0,0.0
11.37,11.58,39.89,0.0,0.0
11.37,2.77,42.76,0.0,0.0
12.72,3.9,49.34,0.0,0.0
12.72,2.89,52.33,0.0,0.0
11.82,2.02,58.36,0.0,0.0
10.92,1.26,57.31,0.0,0.0
10.02,5.03,54.08,0.0,0.0
9.13,5.28,46.25,0.0,0.0
5.08,5.41,40.86,0.0,0.0
2.38,1.89,35.09,0.0,0.0
2.38,0.0,1.44,0.0,0.0
1.92,0.0,0.55,0.0,0.0
2.37,0.0,0.32,0.0,0.0
1.92,0.0,21.97,0.0,0.0
3.27,0.0,20.38,0.0,0.0
6.43,0.0,27.49,0.0,0.0
6.88,1.95,31.62,0.0,0.0
7.78,1.89,41.32,0.0,0.0
9.13,4.16,47.22,0.0,0.0
10.47,1.63,49.62,0.0,0.0
12.72,1.26,46.72,0.0,0.0
14.07,9.07,54.41,0.0,0.0
13.17,3.91,59.41,0.0,0.0
12.27,12.34,56.49,0.0,0.0
11.37,11.6,49.31,0.0,0.0
11.37,2.77,46.03,0.0,0.0
12.72,3.9,48.65,0.0,0.0
12.72,2.9,53.13,0.0,0.0
11.82,2.02,58.46,0.0,0.0
10.92,1.26,57.48,0.0,0.0
10.02,5.03,56.79,0.0,0.0
9.13,5.29,46.76,0.0,0.0
5.08,5.42,39.61,0.0,0.0
2.38,1.89,34.5,0.0,0.0
2.38,0.0,1.83,0.0,0.0
1.92,0.0,0.93,0.0,0.0
2.37,0.0,0.49,0.0,0.0
1.92,0.0,23.31,0.0,0.0
3.27,0.0,20.46,0.0,0.0
6.43,0.0,28.2,0.0,0.0
6.88,1.95,33.12,0.0,0.0
7.78,1.9,41.2,0.0,0.0
9.13,4.16,44.36,0.0,0.0
10.47,1.63,46.2,0.0,0.0
12.72,1.26,43.83,0.0,0.0
14.07,9.09,54.72,0.0,0.0
13.17,3.91,66.77,0.0,0.0
12.27,12.36,64.29,0.0,0.0
11.37,11.61,55.52,0.0,0.0
11.37,2.77,50.57,0.0,0.0
12.72,3.9,54.44,0.0,0.0
12.72,2.91,59.15,0.0,0.0
11.82,2.02,63.11,0.0,0.0
10.92,1.26,58.48,0.0,0.0
10.02,5.04,55.6,0.0,0.0
9.13,5.3,48.71,0.0,0.0
5.08,5.42,43.7,0.0,0.0
2.38,1.89,38.73,0.0,0.0
2.38,0.0,3.13,0.0,0.0
1.92,0.0,1.36,0.0,0.0
2.37,0.0,0.87,0.0,0.0
1.92,0.0,20.83,0.0,0.0
3.27,0.0,21.02,0.0,0.0
6.43,0.0,28.87,0.0,0.0
6.88,1.96,31.19,0.0,0.0
7.78,1.9,35.88,0.0,0.0
9.13,4.17,38.7,0.0,0.0
10.47,1.63,40.59,0.0,0.0
12.72,1.26,39.66,0.0,0.0
14.07,9.1,52.94,0.0,0.0
13.17,3.92,63.18,0.0,0.0
12.27,12.38,62.69,0.0,0.0
11.37,11.62,54.43,0.0,0.0
11.37,2.78,44.78,0.0,0.0
12.72,3.91,47.33,0.0,0.0
12.72,2.91,54.94,0.0,0.0
11.82,2.02,61.88,0.0,0.0
10.92,1.26,60.29,0.0,0.0
10.02,5.04,59.02,0.0,0.0
9.13,5.31,51.83,0.0,0.0
5.08,5.43,46.23,0.0,0.0
2.38,1.89,39.47,0.0,0.0
2.38,0.0,3.88,0.0,0.0
1.92,0.0,1.52,0.0,0.0
2.37,0.0,0.97,0.0,0.0
1.92,0.0,20.45,0.0,0.0
3.27,0.0,18.27,0.0,0.0
6.41,0.0,26.94,0.0,0.0
6.88,0.0,31.45,0.0,0.0
7.78,1.96,46.16,0.0,0.0
9.13,1.91,52.82,0.0,0.0
10.47,1.89,53.52,0.0,0.0
12.72,1.26,50.38,0.0,0.0
14.07,9.11,59.24,0.0,0.0
13.17,7.59,63.66,0.0,0.0
12.27,12.4,63.23,0.0,0.0
11.37,11.64,55.35,0.0,0.0
11.37,3.16,49.32,0.0,0.0
12.72,3.16,50.13,0.0,0.0
12.72,2.9,49.67,0.0,0.0
11.82,2.02,59.81,0.0,0.0
10.92,1.26,62.71,0.0,0.0
10.02,5.06,56.52,0.0,0.0
9.13,5.31,55.49,0.0,0.0
5.08,5.43,52.08,0.0,0.0
2.38,0.0,43.77,0.0,0.0
2.38,0.0,3.41,0.0,0.0
1.92,0.0,1.52,0.0,0.0
2.37,0.0,1.29,0.0,0.0
1.92,0.0,22.91,0.0,0.0
3.27,0.0,20.05,0.0,0.0
6.41,0.0,24.7,0.0,0.0
6.88,0.0,25.55,0.0,0.0
7.78,1.96,42.48,0.0,0.0
9.13,1.93,53.45,0.0,0.0
10.47,1.9,48.18,0.0,0.0
12.72,1.27,48.47,0.0,0.0
14.07,9.12,39.85,0.0,0.0
13.17,7.59,36.81,0.0,0.0
12.27,12.42,43.4,0.0,0.0
11.37,11.65,37.17,0.0,0.0
11.37,3.16,34.18,0.0,0.0
12.72,3.17,37.0,0.0,0.0
12.72,2.92,39.44,0.0,0.0
11.82,2.03,44.32,0.0,0.0
10.92,1.27,46.37,0.0,0.0
10.02,5.06,45.79,0.0,0.0
9.13,5.32,38.35,0.0,0.0
5.08,5.45,32.59,0.0,0.0
2.38,0.0,28.74,0.0,0.0
2.38,0.0,0.65,0.0,0.0
1.92,0.0,0.02,0.0,0.0
2.37,0.0,0.18,0.0,0.0
1.92,0.0,19.47,0.0,0.0
3.27,0.0,17.43,0.0,0.0
6.43,0.0,25.68,0.0,0.0
6.88,1.96,31.83,0.0,0.0
7.78,1.91,41.6,0.0,0.0
9.13,4.19,45.14,0.0,0.0
10.47,1.64,45.23,0.0,0.0
12.72,1.27,42.03,0.0,0.0
14.07,9.14,43.12,0.0,0.0
13.17,3.93,41.89,0.0,0.0
12.27,12.43,41.21,0.0,0.0
11.37,11.67,36.23,0.0,0.0
11.37,2.79,31.09,0.0,0.0
12.72,3.93,34.51,0.0,0.0
12.72,2.92,40.91,0.0,0.0
11.82,2.03,45.26,0.0,0.0
10.92,1.27,43.09,0.0,0.0
10.02,5.07,42.22,0.0,0.0
9.13,5.32,38.27,0.0,0.0
5.08,5.46,34.64,0.0,0.0
2.38,1.9,28.86,0.0,0.0
2.38,0.0,1.12,0.0,0.0
1.92,0.0,0.03,0.0,0.0
2.37,0.0,0.05,0.0,0.0
1.92,0.0,18.27,0.0,0.0
3.27,0.0,20.89,0.0,0.0
6.43,0.0,26.89,0.0,0.0
6.88,1.96,25.94,0.0,0.0
7.78,1.9,29.48,0.0,0.0
9.13,4.19,29.29,0.0,0.0
10.47,1.65,28.68,0.0,0.0
12.72,1.27,29.46,0.0,0.0
14.07,9.14,37.31,0.0,0.0
13.17,3.93,47.01,0.0,0.0
12.27,12.45,44.37,0.0,0.0
11.37,11.69,39.34,0.0,0.0
11.37,2.79,37.36,0.0,0.0
12.72,3.94,40.36,0.0,0.0
12.72,2.91,43.15,0.0,0.0
11.82,2.03,44.73,0.0,0.0
10.92,1.27,44.52,0.0,0.0
10.02,5.09,43.65,0.0,0.0
9.13,5.33,38.47,0.0,0.0
5.08,5.46,36.63,0.0,0.0
2.38,1.91,32.87,0.0,0.0
2.38,0.0,1.3,0.0,0.0
1.92,0.0,0.16,0.0,0.0
2.37,0.0,0.15,0.0,0.0
1.92,0.0,17.81,0.0,0.0
3.27,0.0,15.38,0.0,0.0
6.43,0.0,24.35,0.0,0.0
6.88,1.96,30.0,0.0,0.0
7.78,1.9,38.46,0.0,0.0
9.13,4.2,43.17,0.0,0.0
10.47,1.66,45.79,0.0,0.0
12.72,1.27,40.34,0.0,0.0
14.07,9.16,49.73,0.0,0.0
13.17,3.94,58.46,0.0,0.0
12.27,12.47,55.56,0.0,0.0
11.37,11.71,47.25,0.0,0.0
11.37,2.8,40.95,0.0,0.0
12.72,3.95,42.79,0.0,0.0
12.72,2.92,47.08,0.0,0.0
11.82,2.03,52.27,0.0,0.0
10.92,1.27,50.42,0.0,0.0
10.02,5.09,48.4,0.0,0.0
9.13,5.34,42.02,0.0,0.0
5.08,5.47,36.56,0.0,0.0
2.38,1.9,30.31,0.0,0.0
2.38,0.0,1.18,0.0,0.0
1.92,0.0,0.14,0.0,0.0
2.37,0.0,0.24,0.0,0.0
1.92,0.0,17.12,0.0,0.0
3.27,0.0,14.51,0.0,0.0
6.43,0.0,21.19,0.0,0.0
6.88,1.97,26.04,0.0,0.0
7.78,1.93,35.88,0.0,0.0
9.13,4.2,41.26,0.0,0.0
10.47,1.65,38.44,0.0,0.0
12.72,1.27,37.87,0.0,0.0
14.07,9.17,50.35,0.0,0.0
13.17,3.95,58.03,0.0,0.0
12.27,12.49,54.5,0.0,0.0
11.37,11.73,47.37,0.0,0.0
11.37,2.8,41.95,0.0,0.0
12.72,3.94,42.06,0.0,0.0
12.72,2.94,44.67,0.0,0.0
11.82,2.04,47.96,0.0,0.0
10.92,1.27,42.83,0.0,0.0
10.02,5.09,39.66,0.0,0.0
9.13,5.35,34.43,0.0,0.0
5.08,5.48,29.89,0.0,0.0
2.38,1.91,24.79,0.0,0.0
2.38,0.0,0.68,0.0,0.0
1.92,0.0,0.0,0.0,0.0
2.37,0.0,0.08,0.0,0.0
1.92,0.0,14.27,0.0,0.0
3.27,0.0,14.39,0.0,0.0
6.43,0.0,22.59,0.0,0.0
6.88,1.97,22.41,0.0,0.0
7.78,1.91,28.38,0.0,0.0
9.13,4.21,35.79,0.0,0.0
10.47,1.66,40.91,0.0,0.0
12.72,1.28,40.5,0.0,0.0
14.07,9.19,49.52,0.0,0.0
13.17,3.95,56.7,0.0,0.0
12.27,12.51,56.0,0.0,0.0
11.37,11.75,48.93,0.0,0.0
11.37,2.81,42.85,0.0,0.0
12.72,3.95,43.95,0.0,0.0
12.72,2.93,46.96,0.0,0.0
11.82,2.04,51.4,0.0,0.0
10.92,1.27,51.17,0.0,0.0
10.02,5.11,50.96,0.0,0.0
9.13,5.36,40.45,0.0,0.0
5.08,5.48,32.37,0.0,0.0
2.38,1.91,26.51,0.0,0.0
2.38,0.0,0.84,0.0,0.0
1.92,0.0,0.0,0.0,0.0
2.37,0.0,0.0,0.0,0.0
1.92,0.0,12.83,0.0,0.0
3.27,0.0,11.02,0.0,0.0
6.41,0.0,17.29,0.0,0.0
6.88,0.0,20.27,0.0,0.0
7.78,1.98,31.24,0.0,0.0
9.13,1.91,37.45,0.0,0.0
10.47,1.92,39.71,0.0,0.0
12.72,1.28,37.39,0.0,0.0
14.07,9.2,43.08,0.0,0.0
13.17,7.67,45.67,0.0,0.0
12.27,12.53,45.89,0.0,0.0
11.37,11.77,42.5,0.0,0.0
11.37,3.19,40.6,0.0,0.0
12.72,3.19,39.3,0.0,0.0
12.72,2.95,38.42,0.0,0.0
11.82,2.05,46.25,0.0,0.0
10.92,1.28,48.86,0.0,0.0
10.02,5.11,44.66,0.0,0.0
9.13,5.37,42.77,0.0,0.0
5.08,5.5,38.48,0.0,0.0
2.38,0.0,30.69,0.0,0.0
2.38,0.0,0.51,0.0,0.0
1.92,0.0,0.0,0.0,0.0
2.37,0.0,0.0,0.0,0.0
1.92,0.0,11.08,0.0,0.0
3.27,0.0,10.84,0.0,0.0
6.41,0.0,14.59,0.0,0.0
6.88,0.0,16.06,0.0,0.0
7.78,1.98,30.95,0.0,0.0
9.13,1.93,40.84,0.0,0.0
10.47,1.92,38.62,0.0,0.0
12.72,1.28,39.32,0.0,0.0
14.07,9.22,42.32,0.0,0.0
13.17,7.68,46.95,0.0,0.0
12.27,12.55,47.41,0.0,0.0
11.37,11.79,40.73,0.0,0.0
11.37,3.2,36.09,0.0,0.0
12.72,3.2,38.13,0.0,0.0
12.72,2.95,39.69,0.0,0.0
11.82,2.05,41.21,0.0,0.0
10.92,1.28,42.23,0.0,0.0
10.02,5.12,41.83,0.0,0.0
9.13,5.38,34.75,0.0,0.0
5.08,5.51,29.18,0.0,0.0
2.38,0.0,24.58,0.0,0.0
2.38,0.0,0.7,0.0,0.0
1.92,0.0,0.0,0.0,0.0
2.37,0.0,0.0,0.0,0.0
1.92,0.0,11.57,0.0,0.0
3.27,0.0,9.91,0.0,0.0
6.43,0.0,15.34,0.0,0.0
6.88,1.98,17.49,0.0,0.0
7.78,1.92,28.69,0.0,0.0
9.13,4.24,38.29,0.0,0.0
10.47,1.67,42.76,0.0,0.0
12.72,1.28,40.46,0.0,0.0
14.07,9.23,47.1,0.0,0.0
13.17,3.97,53.02,0.0,0.0
12.27,12.58,51.56,0.0,0.0
11.37,11.8,45.93,0.0,0.0
11.37,2.82,41.34,0.0,0.0
12.72,3.98,42.64,0.0,0.0
12.72,2.95,43.9,0.0,0.0
11.82,2.05,46.54,0.0,0.0
10.92,1.28,45.61,0.0,0.0
10.02,5.13,47.09,0.0,0.0
9.13,5.39,41.86,0.0,0.0
5.08,5.52,34.16,0.0,0.0
2.38,1.92,27.8,0.0,0.0
2.38,0.0,1.15,0.0,0.0
1.92,0.0,0.24,0.0,0.0
2.37,0.0,0.0,0.0,0.0
1.92,0.0,15.86,0.0,0.0
3.27,0.0,18.31,0.0,0.0
6.43,0.0,24.06,0.0,0.0
6.88,1.99,26.97,0.0,0.0
7.78,1.93,35.81,0.0,0.0
9.13,4.24,42.68,0.0,0.0
10.47,1.66,44.6,0.0,0.0
12.72,1.29,42.43,0.0,0.0
14.07,9.26,51.47,0.0,0.0
13.17,3.98,59.54,0.0,0.0
12.27,12.59,56.3,0.0,0.0
11.37,11.83,48.3,0.0,0.0
11.37,2.83,41.64,0.0,0.0
12.72,3.98,40.31,0.0,0.0
12.72,2.95,44.55,0.0,0.0
11.82,2.06,49.31,0.0,0.0
10.92,1.28,47.71,0.0,0.0
10.02,5.14,47.73,0.0,0.0
9.13,5.4,42.86,0.0,0.0
5.08,5.52,37.93,0.0,0.0
2.38,1.92,30.15,0.0,0.0
2.38,0.0,0.73,0.0,0.0
1.92,0.0,0.0,0.0,0.0
2.37,0.0,0.0,0.0,0.0
1.92,0.0,10.95,0.0,0.0
3.27,0.0,11.24,0.0,0.0
6.43,0.0,15.1,0.0,0.0
6.88,1.98,16.4,0.0,0.0
7.78,1.93,20.97,0.0,0.0
9.13,4.25,23.84,0.0,0.0
10.47,1.67,25.38,0.0,0.0
12.72,1.29,26.21,0.0,0.0
14.07,9.27,31.19,0.0,0.0
13.17,3.99,36.68,0.0,0.0
12.27,12.62,35.09,0.0,0.0
11.37,11.85,28.96,0.0,0.0
11.37,2.83,26.24,0.0,0.0
12.72,3.98,28.37,0.0,0.0
12.72,2.97,31.31,0.0,0.0
11.82,2.06,33.4,0.0,0.0
10.92,1.29,30.18,0.0,0.0
10.02,5.14,26.27,0.0,0.0
9.13,5.4,21.35,0.0,0.0
5.08,5.53,17.63,0.0,0.0
2.38,1.93,13.11,0.0,0.0
2.38,0.0,0.13,0.0,0.0
1.92,0.0,0.0,0.0,0.0
2.37,0.0,0.0,0.0,0.0
1.92,0.0,3.94,0.0,0.0
3.27,0.0,3.13,0.0,0.0
6.43,0.0,4.37,0.0,0.0
6.88,1.99,5.51,0.0,0.0
7.78,1.93,5.99,0.0,0.0
9.13,4.25,10.82,0.0,0.0
10.47,1.68,15.93,0.0,0.0
12.72,1.29,18.65,0.0,0.0
14.07,9.28,23.47,0.0,0.0
13.17,4.0,26.49,0.0,0.0
12.27,12.65,25.78,0.0,0.0
11.37,11.87,23.35,0.0,0.0
11.37,2.84,21.74,0.0,0.0
12.72,3.99,22.83,0.0,0.0
12.72,2.97,24.96,0.0,0.0
11.82,2.06,25.68,0.0,0.0
10.92,1.29,22.93,0.0,0.0
10.02,5.15,21.66,0.0,0.0
9.13,5.41,18.32,0.0,0.0
5.08,5.55,15.22,0.0,0.0
2.38,1.94,10.14,0.0,0.0
2.38,0.0,0.07,0.0,0.0
1.92,0.0,0.0,0.0,0.0
2.37,0.0,0.0,0.0,0.0
1.92,0.0,3.19,0.0,0.0
3.27,0.0,6.15,0.0,0.0
6.43,0.0,7.06,0.0,0.0
6.88,1.99,6.76,0.0,0.0
7.78,1.93,6.6,0.0,0.0
9.13,4.26,12.25,0.0,0.0
10.47,1.69,17.14,0.0,0.0
12.72,1.29,19.31,0.0,0.0
14.07,9.3,24.65,0.0,0.0
13.17,4.01,28.42,0.0,0.0
12.27,12.67,27.76,0.0,0.0
11.37,11.89,25.64,0.0,0.0
11.37,2.84,23.82,0.0,0.0
12.72,4.0,25.71,0.0,0.0
12.72,2.98,28.7,0.0,0.0
11.82,2.07,30.42,0.0,0.0
10.92,1.29,28.01,0.0,0.0
10.02,5.16,26.36,0.0,0.0
9.13,5.42,23.0,0.0,0.0
5.08,5.55,19.78,0.0,0.0
2.38,1.94,15.08,0.0,0.0
2.38,0.0,0.23,0.0,0.0
1.92,0.0,0.0,0.0,0.0
2.37,0.0,0.0,0.0,0.0
1.92,0.0,4.78,0.0,0.0
3.27,0.0,3.88,0.0,0.0
6.41,0.0,4.81,0.0,0.0
6.88,0.0,5.55,0.0,0.0
7.78,2.0,10.62,0.0,0.0
9.13,1.94,18.05,0.0,0.0
10.47,1.95,22.08,0.0,0.0
12.72,1.29,24.05,0.0,0.0
14.07,9.32,30.31,0.0,0.0
13.17,7.77,34.04,0.0,0.0
12.27,12.69,33.98,0.0,0.0
11.37,11.91,31.3,0.0,0.0
11.37,3.24,30.32,0.0,0.0
12.72,3.24,30.87,0.0,0.0
12.72,2.97,31.21,0.0,0.0
11.82,2.07,34.88,0.0,0.0
10.92,1.29,33.82,0.0,0.0
10.02,5.18,29.47,0.0,0.0
9.13,5.44,27.14,0.0,0.0
5.08,5.57,22.85,0.0,0.0
2.38,0.0,16.91,0.0,0.0
2.38,0.0,0.15,0.0,0.0
1.92,0.0,0.0,0.0,0.0
2.37,0.0,0.0,0.0,0.0
1.92,0.0,5.28,0.0,0.0
3.27,0.0,3.71,0.0,0.0
6.41,0.0,5.09,0.0,0.0
6.88,0.0,5.39,0.0,0.0
7.78,2.01,7.55,0.0,0.0
9.13,1.97,12.61,0.0,0.0
10.47,1.94,16.46,0.0,0.0
12.72,1.3,20.12,0.0,0.0
14.07,9.35,24.0,0.0,0.0
13.17,7.79,29.27,0.0,0.0
12.27,12.72,33.47,0.0,0.0
11.37,11.94,33.48,0.0,0.0
11.37,3.24,32.65,0.0,0.0
12.72,3.24,33.69,0.0,0.0
12.72,2.99,33.35,0.0,0.0
11.82,2.08,29.77,0.0,0.0
10.92,1.3,25.67,0.0,0.0
10.02,5.18,22.18,0.0,0.0
9.13,5.44,16.28,0.0,0.0
5.08,5.58,13.57,0.0,0.0
2.38,0.0,10.7,0.0,0.0
2.38,0.0,0.0,0.0,0.0
1.92,0.0,0.0,0.0,0.0
2.37,0.0,0.0,0.0,0.0
1.92,0.0,3.2,0.0,0.0
3.27,0.0,3.74,0.0,0.0
6.43,0.0,4.01,0.0,0.0
6.88,2.01,4.89,0.0,0.0
7.78,1.97,5.24,0.0,0.0
9.13,4.29,8.12,0.0,0.0
10.47,1.69,11.31,0.0,0.0
12.72,1.3,13.39,0.0,0.0
14.07,9.35,20.34,0.0,0.0
13.17,4.03,26.79,0.0,0.0
12.27,12.74,29.97,0.0,0.0
11.37,11.96,28.27,0.0,0.0
11.37,2.86,26.16,0.0,0.0
12.72,4.02,27.94,0.0,0.0
12.72,2.98,30.27,0.0,0.0
11.82,2.08,30.74,0.0,0.0
10.92,1.3,27.2,0.0,0.0
10.02,5.2,24.21,0.0,0.0
9.13,5.46,19.2,0.0,0.0
5.08,5.59,11.53,0.0,0.0
2.38,1.95,6.49,0.0,0.0
2.38,0.0,0.0,0.0,0.0
1.92,0.0,0.0,0.0,0.0
2.37,0.0,0.0,0.0,0.0
1.92,0.0,1.62,0.0,0.0
3.27,0.0,3.03,0.0,0.0
6.43,0.0,4.61,0.0,0.0
6.88,2.01,3.87,0.0,0.0
7.78,1.96,3.45,0.0,0.0
9.13,4.3,7.01,0.0,0.0
10.47,1.69,11.24,0.0,0.0
12.72,1.3,17.15,0.0,0.0
14.07,9.38,22.58,0.0,0.0
13.17,4.03,27.62,0.0,0.0
12.27,12.77,28.42,0.0,0.0
11.37,11.99,25.88,0.0,0.0
11.37,2.86,24.02,0.0,0.0
12.72,4.04,25.16,0.0,0.0
12.72,3.0,26.93,0.0,0.0
11.82,2.08,28.9,0.0,0.0
10.92,1.3,23.72,0.0,0.0
10.02,5.2,18.85,0.0,0.0
9.13,5.47,17.53,0.0,0.0
5.08,5.6,12.72,0.0,0.0
2.38,1.96,7.0,0.0,0.0
2.38,0.0,0.0,0.0,0.0
1.92,0.0,0.0,0.0,0.0
2.37,0.0,0.0,0.0,0.0
1.92,0.0,2.56,0.0,0.0
3.27,0.0,1.49,0.0,0.0
6.43,0.0,4.15,0.0,0.0
6.88,2.01,5.26,0.0,0.0
7.78,1.95,6.73,0.0,0.0
9.13,4.3,13.83,0.0,0.0
10.47,1.7,22.43,0.0,0.0
12.72,1.3,24.62,0.0,0.0
14.07,9.39,30.21,0.0,0.0
13.17,4.05,36.66,0.0,0.0
12.27,12.79,36.92,0.0,0.0
11.37,12.01,31.93,0.0,0.0
11.37,2.87,28.96,0.0,0.0
12.72,4.04,30.22,0.0,0.0
12.72,3.0,32.58,0.0,0.0
11.82,2.09,33.61,0.0,0.0
10.92,1.3,30.13,0.0,0.0
10.02,5.23,26.78,0.0,0.0
9.13,5.48,20.98,0.0,0.0
5.08,5.61,13.85,0.0,0.0
2.38,1.96,8.75,0.0,0.0
2.38,0.0,0.03,0.0,0.0
1.92,0.0,0.0,0.0,0.0
2.37,0.0,0.0,0.0,0.0
1.92,0.0,2.73,0.0,0.0
3.27,0.0,2.87,0.0,0.0
6.43,0.0,3.35,0.0,0.0
6.88,2.02,4.53,0.0,0.0
7.78,1.96,7.81,0.0,0.0
9.13,4.32,21.96,0.0,0.0
10.47,1.7,27.23,0.0,0.0
12.72,1.31,27.75,0.0,0.0
14.07,9.42,35.29,0.0,0.0
13.17,4.05,43.04,0.0,0.0
12.27,12.82,43.12,0.0,0.0
11.37,12.03,37.85,0.0,0.0
11.37,2.88,34.04,0.0,0.0
12.72,4.05,35.3,0.0,0.0
12.72,3.01,38.93,0.0,0.0
11.82,2.09,43.73,0.0,0.0
10.92,1.31,42.29,0.0,0.0
10.02,5.23,39.3,0.0,0.0
9.13,5.49,32.59,0.0,0.0
5.08,5.62,29.17,0.0,0.0
2.38,1.96,24.46,0.0,0.0
2.38,0.0,0.94,0.0,0.0
1.92,0.0,0.12,0.0,0.0
2.37,0.0,0.28,0.0,0.0
1.92,0.0,15.15,0.0,0.0
3.27,0.0,18.8,0.0,0.0
6.43,0.0,25.81,0.0,0.0
6.88,2.03,28.54,0.0,0.0
7.78,1.97,35.26,0.0,0.0
9.13,4.32,41.95,0.0,0.0
10.47,1.7,45.2,0.0,0.0
12.72,1.31,44.95,0.0,0.0
14.07,9.44,54.47,0.0,0.0
13.17,4.06,61.08,0.0,0.0
12.27,12.85,57.93,0.0,0.0
11.37,12.06,46.91,0.0,0.0
11.37,2.88,39.52,0.0,0.0
12.72,4.06,42.6,0.0,0.0
12.72,3.02,51.31,0.0,0.0
11.82,2.1,55.66,0.0,0.0
10.92,1.31,52.03,0.0,0.0
10.02,5.24,50.79,0.0,0.0
9.13,5.5,45.55,0.0,0.0
5.08,5.63,40.1,0.0,0.0
2.38,1.96,33.67,0.0,0.0
2.38,0.0,1.39,0.0,0.0
1.92,0.0,0.44,0.0,0.0
2.37,0.0,0.0,0.0,0.0
1.92,0.0,19.82,0.0,0.0
3.27,0.0,18.17,0.0,0.0
6.41,0.0,22.97,0.0,0.0
6.88,0.0,24.7,0.0,0.0
7.78,2.03,38.27,0.0,0.0
9.13,1.99,47.18,0.0,0.0
10.47,1.96,49.13,0.0,0.0
12.72,1.31,46.17,0.0,0.0
14.07,9.46,53.77,0.0,0.0
13.17,7.88,55.8,0.0,0.0
12.27,12.87,54.68,0.0,0.0
11.37,12.09,49.81,0.0,0.0
11.37,3.28,45.34,0.0,0.0
12.72,3.28,47.51,0.0,0.0
12.72,3.02,46.31,0.0,0.0
11.82,2.1,52.14,0.0,0.0
10.92,1.31,54.3,0.0,0.0
10.02,5.26,49.27,0.0,0.0
9.13,5.52,47.61,0.0,0.0
5.08,5.65,43.66,0.0,0.0
2.38,0.0,36.55,0.0,0.0
2.38,0.0,1.28,0.0,0.0
1.92,0.0,0.51,0.0,0.0
2.37,0.0,0.0,0.0,0.0
1.92,0.0,15.22,0.0,0.0
3.27,0.0,12.31,0.0,0.0
6.41,0.0,15.21,0.0,0.0
6.88,0.0,17.54,0.0,0.0
7.78,2.04,32.58,0.0,0.0
9.13,1.99,44.04,0.0,0.0
10.47,1.97,42.8,0.0,0.0
12.72,1.32,44.62,0.0,0.0
14.07,9.48,48.42,0.0,0.0
13.17,7.89,52.76,0.0,0.0
12.27,12.9,53.96,0.0,0.0
11.37,12.11,50.08,0.0,0.0
11.37,3.29,46.93,0.0,0.0
12.72,3.29,47.81,0.0,0.0
12.72,3.02,47.29,0.0,0.0
11.82,2.11,47.96,0.0,0.0
10.92,1.31,47.19,0.0,0.0
10.02,5.27,46.73,0.0,0.0
9.13,5.53,38.65,0.0,0.0
5.08,5.66,32.43,0.0,0.0
2.38,0.0,26.72,0.0,0.0
2.38,0.0,0.66,0.0,0.0
1.92,0.0,0.0,0.0,0.0
2.37,0.0,0.1,0.0,0.0
1.92,0.0,15.47,0.0,0.0
3.27,0.0,9.86,0.0,0.0
6.43,0.0,18.83,0.0,0.0
6.88,2.04,18.92,0.0,0.0
7.78,1.98,31.19,0.0,0.0
9.13,4.35,44.13,0.0,0.0
10.47,1.72,49.09,0.0,0.0
12.72,1.32,45.54,0.0,0.0
14.07,9.49,54.12,0.0,0.0
13.17,4.09,60.44,0.0,0.0
12.27,12.93,58.99,0.0,0.0
11.37,12.14,52.03,0.0,0.0
11.37,2.91,44.65,0.0,0.0
12.72,4.09,45.65,0.0,0.0
12.72,3.03,49.72,0.0,0.0
11.82,2.11,53.91,0.0,0.0
10.92,1.32,52.33,0.0,0.0
10.02,5.28,50.96,0.0,0.0
9.13,5.54,42.96,0.0,0.0
5.08,5.67,36.64,0.0,0.0
2.38,1.98,29.92,0.0,0.0
2.38,0.0,1.16,0.0,0.0
1.92,0.0,0.17,0.0,0.0
2.37,0.0,0.0,0.0,0.0
1.92,0.0,13.69,0.0,0.0
3.27,0.0,17.34,0.0,0.0
6.43,0.0,24.16,0.0,0.0
6.88,2.04,25.63,0.0,0.0
7.78,1.98,33.25,0.0,0.0
9.13,4.36,42.5,0.0,0.0
10.47,1.72,46.97,0.0,0.0
12.72,1.32,43.91,0.0,0.0
14.07,9.51,52.08,0.0,0.0
13.17,4.1,62.12,0.0,0.0
12.27,12.96,60.61,0.0,0.0
11.37,12.17,51.68,0.0,0.0
11.37,2.91,46.01,0.0,0.0
12.72,4.1,48.09,0.0,0.0
12.72,3.04,50.03,0.0,0.0
11.82,2.11,51.31,0.0,0.0
10.92,1.32,49.19,0.0,0.0
10.02,5.28,48.75,0.0,0.0
9.13,5.55,41.84,0.0,0.0
5.08,5.68,35.18,0.0,0.0
2.38,1.98,28.05,0.0,0.0
2.38,0.0,0.9,0.0,0.0
1.92,0.0,0.0,0.0,0.0
2.37,0.0,0.2,0.0,0.0
1.92,0.0,15.75,0.0,0.0
3.27,0.0,12.02,0.0,0.0
6.43,0.0,20.81,0.0,0.0
6.88,2.04,23.81,0.0,0.0
7.78,1.99,33.99,0.0,0.0
9.13,4.37,44.55,0.0,0.0
10.47,1.72,48.24,0.0,0.0
12.72,1.32,44.81,0.0,0.0
14.07,9.54,53.67,0.0,0.0
13.17,4.11,61.46,0.0,0.0
12.27,12.98,59.74,0.0,0.0
11.37,12.19,46.89,0.0,0.0
11.37,2.92,32.9,0.0,0.0
12.72,4.11,29.54,0.0,0.0
12.72,3.04,32.29,0.0,0.0
11.82,2.12,35.54,0.0,0.0
10.92,1.32,37.65,0.0,0.0
10.02,5.29,38.88,0.0,0.0
9.13,5.56,34.55,0.0,0.0
5.08,5.7,29.63,0.0,0.0
2.38,1.99,23.0,0.0,0.0
2.38,0.0,0.51,0.0,0.0
1.92,0.0,0.02,0.0,0.0
2.37,0.0,0.0,0.0,0.0
1.92,0.0,12.76,0.0,0.0
3.27,0.0,7.58,0.0,0.0
6.43,0.0,16.82,0.0,0.0
6.88,2.04,18.15,0.0,0.0
7.78,1.99,28.87,0.0,0.0
9.13,4.38,40.33,0.0,0.0
10.47,1.72,44.62,0.0,0.0
12.72,1.32,43.39,0.0,0.0
14.07,9.57,50.34,0.0,0.0
13.17,4.11,57.2,0.0,0.0
12.27,13.02,54.61,0.0,0.0
11.37,12.22,47.75,0.0,0.0
11.37,2.92,42.39,0.0,0.0
12.72,4.12,45.74,0.0,0.0
12.72,3.06,50.39,0.0,0.0
11.82,2.13,54.84,0.0,0.0
10.92,1.33,53.66,0.0,0.0
10.02,5.31,52.87,0.0,0.0
9.13,5.58,42.1,0.0,0.0
5.08,5.71,32.34,0.0,0.0
2.38,1.99,24.83,0.0,0.0
2.38,0.0,0.66,0.0,0.0
1.92,0.0,0.0,0.0,0.0
2.37,0.0,0.13,0.0,0.0
1.92,0.0,15.82,0.0,0.0
3.27,0.0,14.67,0.0,0.0
6.43,0.0,23.01,0.0,0.0
6.88,2.06,23.65,0.0,0.0
7.78,2.0,30.89,0.0,0.0
9.13,4.39,37.97,0.0,0.0
10.47,1.74,40.9,0.0,0.0
12.72,1.33,39.4,0.0,0.0
14.07,9.58,49.13,0.0,0.0
13.17,4.13,57.65,0.0,0.0
12.27,13.05,56.84,0.0,0.0
11.37,12.25,50.7,0.0,0.0
11.37,2.93,45.33,0.0,0.0
12.72,4.13,47.36,0.0,0.0
12.72,3.06,49.6,0.0,0.0
11.82,2.13,53.08,0.0,0.0
10.92,1.33,51.66,0.0,0.0
10.02,5.32,49.33,0.0,0.0
9.13,5.59,41.27,0.0,0.0
5.08,5.72,37.19,0.0,0.0
2.38,2.0,30.42,0.0,0.0
2.38,0.0,0.85,0.0,0.0
1.92,0.0,0.0,0.0,0.0
2.37,0.0,0.08,0.0,0.0
1.92,0.0,12.53,0.0,0.0
3.27,0.0,9.81,0.0,0.0
6.41,0.0,16.57,0.0,0.0
6.88,0.0,19.63,0.0,0.0
7.78,2.06,34.96,0.0,0.0
9.13,2.0,41.88,0.0,0.0
10.47,2.0,43.02,0.0,0.0
12.72,1.33,42.13,0.0,0.0
14.07,9.61,50.23,0.0,0.0
13.17,8.0,52.67,0.0,0.0
12.27,13.07,50.99,0.0,0.0
11.37,12.28,47.23,0.0,0.0
11.37,3.33,44.54,0.0,0.0
12.72,3.34,42.06,0.0,0.0
12.72,3.06,38.81,0.0,0.0
11.82,2.13,44.62,0.0,0.0
10.92,1.34,45.92,0.0,0.0
10.02,5.34,39.53,0.0,0.0
9.13,5.6,37.3,0.0,0.0
5.08,5.73,34.18,0.0,0.0
2.38,0.0,24.63,0.0,0.0
2.38,0.0,0.5,0.0,0.0
1.92,0.0,0.0,0.0,0.0
2.37,0.0,0.0,0.0,0.0
1.92,0.0,14.05,0.0,0.0
3.27,0.0,12.5,0.0,0.0
6.41,0.0,17.0,0.0,0.0
6.88,0.0,19.88,0.0,0.0
7.78,2.07,30.36,0.0,0.0
9.13,2.03,35.36,0.0,0.0
10.47,2.0,33.93,0.0,0.0
12.72,1.34,36.76,0.0,0.0
14.07,9.64,41.39,0.0,0.0
13.17,8.02,43.9,0.0,0.0
12.27,13.1,45.75,0.0,0.0
11.37,12.31,42.98,0.0,0.0
11.37,3.34,39.63,0.0,0.0
12.72,3.34,39.75,0.0,0.0
12.72,3.07,40.59,0.0,0.0
11.82,2.14,40.21,0.0,0.0
10.92,1.34,39.4,0.0,0.0
10.02,5.35,38.8,0.0,0.0
9.13,5.61,32.07,0.0,0.0
5.08,5.75,25.78,0.0,0.0
2.38,0.0,20.8,0.0,0.0
2.38,0.0,0.54,0.0,0.0
1.92,0.0,0.0,0.0,0.0
2.37,0.0,0.0,0.0,0.0
1.92,0.0,10.95,0.0,0.0
3.27,0.0,10.54,0.0,0.0
6.43,0.0,18.19,0.0,0.0
6.88,2.07,20.84,0.0,0.0
7.78,2.03,27.98,0.0,0.0
9.13,4.42,34.14,0.0,0.0
10.47,1.73,36.75,0.0,0.0
12.72,1.34,35.19,0.0,0.0
14.07,9.66,42.6,0.0,0.0
13.17,4.15,50.29,0.0,0.0
12.27,13.14,50.15,0.0,0.0
11.37,12.33,43.63,0.0,0.0
11.37,2.95,37.8,0.0,0.0
12.72,4.15,39.04,0.0,0.0
12.72,3.08,43.2,0.0,0.0
11.82,2.14,46.42,0.0,0.0
10.92,1.34,44.78,0.0,0.0
10.02,5.36,43.19,0.0,0.0
9.13,5.63,37.23,0.0,0.0
5.08,5.76,32.09,0.0,0.0
2.38,2.01,28.17,0.0,0.0
2.38,0.0,1.16,0.0,0.0
1.92,0.0,0.14,0.0,0.0
2.37,0.0,0.0,0.0,0.0
1.92,0.0,16.11,0.0,0.0
3.27,0.0,19.03,0.0,0.0
6.43,0.0,24.29,0.0,0.0
6.88,2.06,24.42,0.0,0.0
7.78,2.01,32.14,0.0,0.0
9.13,4.43,40.07,0.0,0.0
10.47,1.74,43.06,0.0,0.0
12.72,1.35,41.54,0.0,0.0
14.07,9.68,47.51,0.0,0.0
13.17,4.16,54.8,0.0,0.0
12.27,13.17,51.8,0.0,0.0
11.37,12.37,45.35,0.0,0.0
11.37,2.96,42.07,0.0,0.0
12.72,4.16,44.44,0.0,0.0
12.72,3.09,47.78,0.0,0.0
11.82,2.15,52.95,0.0,0.0
10.92,1.35,52.41,0.0,0.0
10.02,5.37,50.34,0.0,0.0
9.13,5.64,42.85,0.0,0.0
5.08,5.78,36.98,0.0,0.0
2.38,2.02,30.61,0.0,0.0
2.38,0.0,1.23,0.0,0.0
1.92,0.0,0.17,0.0,0.0
2.37,0.0,0.0,0.0,0.0
1.92,0.0,13.81,0.0,0.0
3.27,0.0,11.71,0.0,0.0
6.43,0.0,16.23,0.0,0.0
6.88,2.07,18.64,0.0,0.0
7.78,2.02,32.76,0.0,0.0
9.13,4.44,43.74,0.0,0.0
10.47,1.74,46.75,0.0,0.0
12.72,1.35,43.97,0.0,0.0
14.07,9.7,51.6,0.0,0.0
13.17,4.17,58.1,0.0,0.0
12.27,13.21,54.04,0.0,0.0
11.37,12.39,42.95,0.0,0.0
11.37,2.97,36.84,0.0,0.0
12.72,4.17,38.76,0.0,0.0
12.72,3.1,46.43,0.0,0.0
11.82,2.15,53.23,0.0,0.0
10.92,1.35,49.91,0.0,0.0
10.02,5.38,49.56,0.0,0.0
9.13,5.66,42.02,0.0,0.0
5.08,5.79,34.44,0.0,0.0
2.38,2.01,28.08,0.0,0.0
2.38,0.0,1.06,0.0,0.0
1.92,0.0,0.16,0.0,0.0
2.37,0.0,0.0,0.0,0.0
1.92,0.0,14.57,0.0,0.0
3.27,0.0,14.73,0.0,0.0
6.43,0.0,23.32,0.0,0.0
6.88,2.09,24.3,0.0,0.0
7.78,2.03,33.26,0.0,0.0
9.13,4.45,41.43,0.0,0.0
10.47,1.76,44.37,0.0,0.0
12.72,1.35,41.87,0.0,0.0
14.07,9.72,50.53,0.0,0.0
13.17,4.19,57.02,0.0,0.0
12.27,13.23,52.36,0.0,0.0
11.37,12.42,44.62,0.0,0.0
11.37,2.97,39.63,0.0,0.0
12.72,4.19,41.3,0.0,0.0
12.72,3.1,45.08,0.0,0.0
11.82,2.16,50.67,0.0,0.0
10.92,1.35,48.31,0.0,0.0
10.02,5.4,45.86,0.0,0.0
9.13,5.67,39.13,0.0,0.0
5.08,5.81,33.12,0.0,0.0
2.38,2.02,25.43,0.0,0.0
2.38,0.0,0.51,0.0,0.0
1.92,0.0,0.0,0.0,0.0
2.37,0.0,0.0,0.0,0.0
1.92,0.0,12.67,0.0,0.0
3.27,0.0,18.45,0.0,0.0
6.43,0.0,25.39,0.0,0.0
6.88,2.09,24.64,0.0,0.0
7.78,2.03,29.65,0.0,0.0
9.13,4.47,35.6,0.0,0.0
10.47,1.76,39.47,0.0,0.0
12.72,1.35,39.69,0.0,0.0
14.07,9.74,48.95,0.0,0.0
13.17,4.2,57.75,0.0,0.0
12.27,13.26,55.87,0.0,0.0
11.37,12.45,46.89,0.0,0.0
11.37,2.98,40.15,0.0,0.0
12.72,4.2,42.31,0.0,0.0
12.72,3.11,47.24,0.0,0.0
11.82,2.16,53.5,0.0,0.0
10.92,1.35,53.6,0.0,0.0
10.02,5.41,52.8,0.0,0.0
9.13,5.68,41.97,0.0,0.0
5.08,5.82,31.44,0.0,0.0
2.38,2.03,23.95,0.0,0.0
2.38,0.0,1.17,0.0,0.0
1.92,0.0,0.41,0.0,0.0
2.37,0.0,0.14,0.0,0.0
1.92,0.0,11.13,0.0,0.0
3.27,0.0,10.28,0.0,0.0
6.41,0.0,13.3,0.0,0.0
6.88,0.0,13.96,0.0,0.0
7.78,2.1,22.22,0.0,0.0
9.13,2.04,28.1,0.0,0.0
10.47,2.04,30.77,0.0,0.0
12.72,1.35,31.83,0.0,0.0
14.07,9.76,39.27,0.0,0.0
13.17,8.15,43.78,0.0,0.0
12.27,13.29,45.45,0.0,0.0
11.37,12.48,45.05,0.0,0.0
11.37,3.39,43.45,0.0,0.0
12.72,3.39,42.29,0.0,0.0
12.72,3.12,41.12,0.0,0.0
11.82,2.17,47.85,0.0,0.0
10.92,1.36,50.87,0.0,0.0
10.02,5.42,48.14,0.0,0.0
9.13,5.7,46.57,0.0,0.0
5.08,5.84,41.09,0.0,0.0
2.38,0.0,34.46,0.0,0.0
2.38,0.0,2.29,0.0,0.0
1.92,0.0,0.77,0.0,0.0
2.37,0.0,0.15,0.0,0.0
1.92,0.0,17.07,0.0,0.0
3.27,0.0,14.62,0.0,0.0
6.41,0.0,20.19,0.0,0.0
6.88,0.0,23.34,0.0,0.0
7.78,2.1,33.76,0.0,0.0
9.13,2.06,37.0,0.0,0.0
10.47,2.04,32.16,0.0,0.0
12.72,1.36,30.16,0.0,0.0
14.07,9.79,31.02,0.0,0.0
13.17,8.16,39.68,0.0,0.0
12.27,13.33,43.03,0.0,0.0
11.37,12.52,38.99,0.0,0.0
11.37,3.4,36.5,0.0,0.0
12.72,3.4,37.48,0.0,0.0
12.72,3.13,38.46,0.0,0.0
11.82,2.17,39.05,0.0,0.0
10.92,1.36,38.65,0.0,0.0
10.02,5.44,37.13,0.0,0.0
9.13,5.71,29.87,0.0,0.0
5.08,5.85,21.02,0.0,0.0
2.38,0.0,14.16,0.0,0.0
2.38,0.0,0.07,0.0,0.0
1.92,0.0,0.0,0.0,0.0
2.37,0.0,0.0,0.0,0.0
1.92,0.0,2.46,0.0,0.0
3.27,0.0,2.05,0.0,0.0
6.43,0.0,4.52,0.0,0.0
6.88,2.11,7.05,0.0,0.0
7.78,2.06,8.37,0.0,0.0
9.13,4.5,19.62,0.0,0.0
10.47,1.77,28.55,0.0,0.0
12.72,1.36,31.54,0.0,0.0
14.07,9.81,39.77,0.0,0.0
13.17,4.23,46.85,0.0,0.0
12.27,13.36,40.79,0.0,0.0
11.37,12.55,34.4,0.0,0.0
11.37,3.0,31.68,0.0,0.0
12.72,4.23,34.63,0.0,0.0
12.72,3.13,39.95,0.0,0.0
11.82,2.18,43.86,0.0,0.0
10.92,1.36,45.77,0.0,0.0
10.02,5.45,47.21,0.0,0.0
9.13,5.72,42.44,0.0,0.0
5.08,5.86,35.58,0.0,0.0
2.38,2.04,27.63,0.0,0.0
2.38,0.0,0.38,0.0,0.0
1.92,0.0,0.0,0.0,0.0
2.37,0.0,0.0,0.0,0.0
1.92,0.0,6.05,0.0,0.0
3.27,0.0,10.28,0.0,0.0
6.43,0.0,23.32,0.0,0.0
6.88,2.1,22.64,0.0,0.0
7.78,2.05,27.58,0.0,0.0
9.13,4.51,33.9,0.0,0.0
10.47,1.77,38.13,0.0,0.0
12.72,1.37,37.3,0.0,0.0
14.07,9.84,45.29,0.0,0.0
13.17,4.24,51.43,0.0,0.0
12.27,13.39,50.26,0.0,0.0
11.37,12.58,43.37,0.0,0.0
11.37,3.01,38.04,0.0,0.0
12.72,4.24,37.76,0.0,0.0
12.72,3.14,37.76,0.0,0.0
11.82,2.19,37.78,0.0,0.0
10.92,1.36,34.45,0.0,0.0
10.02,5.47,33.49,0.0,0.0
9.13,5.74,29.12,0.0,0.0
5.08,5.87,25.18,0.0,0.0
2.38,2.05,19.62,0.0,0.0
2.38,0.0,0.23,0.0,0.0
1.92,0.0,0.0,0.0,0.0
2.37,0.0,0.0,0.0,0.0
1.92,0.0,3.6,0.0,0.0
3.27,0.0,3.73,0.0,0.0
6.43,0.0,10.56,0.0,0.0
6.88,2.1,12.27,0.0,0.0
7.78,2.06,16.24,0.0,0.0
9.13,4.52,22.24,0.0,0.0
10.47,1.78,27.41,0.0,0.0
12.72,1.37,29.07,0.0,0.0
14.07,9.86,34.41,0.0,0.0
13.17,4.25,40.62,0.0,0.0
12.27,13.42,41.96,0.0,0.0
11.37,12.61,37.89,0.0,0.0
11.37,3.01,32.9,0.0,0.0
12.72,4.25,33.01,0.0,0.0
12.72,3.15,34.13,0.0,0.0
11.82,2.19,33.45,0.0,0.0
10.92,1.37,31.4,0.0,0.0
10.02,5.48,31.75,0.0,0.0
9.13,5.75,27.81,0.0,0.0
5.08,5.89,20.35,0.0,0.0
2.38,2.06,13.34,0.0,0.0
2.38,0.0,0.01,0.0,0.0
1.92,0.0,0.0,0.0,0.0
2.37,0.0,0.0,0.0,0.0
1.92,0.0,2.98,0.0,0.0
3.27,0.0,2.8,0.0,0.0
6.43,0.0,5.3,0.0,0.0
6.88,2.11,7.11,0.0,0.0
7.78,2.06,14.02,0.0,0.0
9.13,4.53,22.72,0.0,0.0
10.47,1.79,28.39,0.0,0.0
12.72,1.37,32.24,0.0,0.0
14.07,9.89,40.73,0.0,0.0
13.17,4.26,45.4,0.0,0.0
12.27,13.46,40.86,0.0,0.0
11.37,12.64,33.9,0.0,0.0
11.37,3.02,30.2,0.0,0.0
12.72,4.26,32.31,0.0,0.0
12.72,3.16,34.81,0.0,0.0
11.82,2.2,35.9,0.0,0.0
10.92,1.37,31.2,0.0,0.0
10.02,5.5,26.78,0.0,0.0
9.13,5.77,23.81,0.0,0.0
5.08,5.9,22.57,0.0,0.0
2.38,2.06,17.69,0.0,0.0
2.38,0.0,0.14,0.0,0.0
1.92,0.0,0.0,0.0,0.0
2.37,0.0,0.0,0.0,0.0
1.92,0.0,3.29,0.0,0.0
3.27,0.0,7.04,0.0,0.0
6.43,0.0,11.94,0.0,0.0
6.88,2.11,12.8,0.0,0.0
7.78,2.07,17.3,0.0,0.0
9.13,4.54,22.93,0.0,0.0
10.47,1.79,28.36,0.0,0.0
12.72,1.38,32.45,0.0,0.0
14.07,9.91,42.59,0.0,0.0
13.17,4.27,49.38,0.0,0.0
12.27,13.49,48.7,0.0,0.0
11.37,12.68,42.5,0.0,0.0
11.37,3.03,38.29,0.0,0.0
12.72,4.27,39.1,0.0,0.0
12.72,3.17,43.12,0.0,0.0
11.82,2.2,48.05,0.0,0.0
10.92,1.37,48.11,0.0,0.0
10.02,5.51,49.18,0.0,0.0
9.13,5.78,43.57,0.0,0.0
5.08,5.93,37.4,0.0,0.0
2.38,2.06,30.96,0.0,0.0
2.38,0.0,0.99,0.0,0.0
1.92,0.0,0.0,0.0,0.0
2.37,0.0,0.0,0.0,0.0
1.92,0.0,13.18,0.0,0.0
3.27,0.0,11.8,0.0,0.0
6.41,0.0,25.23,0.0,0.0
6.88,0.0,27.88,0.0,0.0
7.78,2.13,40.99,0.0,0.0
9.13,2.09,45.37,0.0,0.0
10.47,2.07,48.55,0.0,0.0
12.72,1.38,47.84,0.0,0.0
14.07,9.93,53.38,0.0,0.0
13.17,8.29,54.51,0.0,0.0
12.27,13.53,43.96,0.0,0.0
11.37,12.71,33.0,0.0,0.0
11.37,3.45,31.47,0.0,0.0
12.72,3.45,31.33,0.0,0.0
12.72,3.17,30.63,0.0,0.0
11.82,2.21,35.64,0.0,0.0
10.92,1.38,38.6,0.0,0.0
10.02,5.52,34.23,0.0,0.0
9.13,5.8,34.81,0.0,0.0
5.08,5.93,30.85,0.0,0.0
2.38,0.0,21.77,0.0,0.0
2.38,0.0,0.18,0.0,0.0
1.92,0.0,0.0,0.0,0.0
2.37,0.0,0.0,0.0,0.0
1.92,0.0,4.01,0.0,0.0
3.27,0.0,4.02,0.0,0.0
6.41,0.0,7.19,0.0,0.0
6.88,0.0,7.85,0.0,0.0
7.78,2.14,17.54,0.0,0.0
9.13,2.07,28.49,0.0,0.0
10.47,2.08,33.41,0.0,0.0
12.72,1.39,41.54,0.0,0.0
14.07,9.98,48.29,0.0,0.0
13.17,8.3,52.62,0.0,0.0
12.27,13.57,52.21,0.0,0.0
11.37,12.74,48.43,0.0,0.0
11.37,3.46,45.64,0.0,0.0
12.72,3.46,48.67,0.0,0.0
12.72,3.18,51.09,0.0,0.0
11.82,2.21,51.97,0.0,0.0
10.92,1.39,51.71,0.0,0.0
10.02,5.53,48.89,0.0,0.0
9.13,5.82,40.59,0.0,0.0
5.08,5.95,34.02,0.0,0.0
2.38,0.0,29.13,0.0,0.0
2.38,0.0,0.41,0.0,0.0
1.92,0.0,0.0,0.0,0.0
2.37,0.0,0.0,0.0,0.0
1.92,0.0,8.59,0.0,0.0
3.27,0.0,6.94,0.0,0.0
6.43,0.0,20.02,0.0,0.0
6.88,2.14,23.96,0.0,0.0
7.78,2.08,32.44,0.0,0.0
9.13,4.58,42.38,0.0,0.0
10.47,1.8,46.89,0.0,0.0
12.72,1.39,45.23,0.0,0.0
14.07,10.0,55.86,0.0,0.0
13.17,4.3,63.95,0.0,0.0
12.27,13.6,58.2,0.0,0.0
11.37,12.77,47.47,0.0,0.0
11.37,3.05,42.55,0.0,0.0
12.72,4.3,45.76,0.0,0.0
12.72,3.19,51.34,0.0,0.0
11.82,2.22,56.48,0.0,0.0
10.92,1.39,54.69,0.0,0.0
10.02,5.55,53.28,0.0,0.0
9.13,5.83,45.78,0.0,0.0
5.08,5.97,38.66,0.0,0.0
2.38,2.08,31.76,0.0,0.0
2.38,0.0,0.55,0.0,0.0
1.92,0.0,0.0,0.0,0.0
2.37,0.0,0.0,0.0,0.0
1.92,0.0,12.5,0.0,0.0
3.27,0.0,7.42,0.0,0.0
6.41,0.0,21.4,0.0,0.0
6.88,0.0,23.62,0.0,0.0
7.78,2.15,38.8,0.0,0.0
9.13,2.09,45.93,0.0,0.0
10.47,2.09,41.93,0.0,0.0
12.72,1.39,43.73,0.0,0.0
14.07,10.02,49.84,0.0,0.0
13.17,8.35,57.11,0.0,0.0
12.27,13.64,55.31,0.0,0.0
11.37,12.81,47.33,0.0,0.0
11.37,3.48,43.86,0.0,0.0
12.72,3.48,46.88,0.0,0.0
12.72,3.2,47.68,0.0,0.0
11.82,2.23,49.04,0.0,0.0
10.92,1.39,49.04,0.0,0.0
10.02,5.57,46.16,0.0,0.0
9.13,5.84,37.6,0.0,0.0
5.08,5.98,29.87,0.0,0.0
2.38,0.0,22.6,0.0,0.0
2.38,0.0,0.17,0.0,0.0
1.92,0.0,0.0,0.0,0.0
2.37,0.0,0.0,0.0,0.0
1.92,0.0,4.39,0.0,0.0
3.27,0.0,4.24,0.0,0.0
6.43,0.0,9.84,0.0,0.0
6.88,2.15,14.81,0.0,0.0
7.78,2.11,27.09,0.0,0.0
9.13,4.6,40.14,0.0,0.0
10.47,1.82,46.32,0.0,0.0
12.72,1.39,45.36,0.0,0.0
14.07,10.04,54.45,0.0,0.0
13.17,4.32,64.51,0.0,0.0
12.27,13.68,62.44,0.0,0.0
11.37,12.84,53.7,0.0,0.0
11.37,3.07,46.23,0.0,0.0
12.72,4.32,45.8,0.0,0.0
12.72,3.21,48.42,0.0,0.0
11.82,2.23,54.95,0.0,0.0
10.92,1.4,56.87,0.0,0.0
10.02,5.58,55.53,0.0,0.0
9.13,5.86,46.6,0.0,0.0
5.08,6.0,39.05,0.0,0.0
2.38,2.09,31.14,0.0,0.0
2.38,0.0,1.0,0.0,0.0
1.92,0.0,0.0,0.0,0.0
2.37,0.0,0.0,0.0,0.0
1.92,0.0,11.26,0.0,0.0
3.27,0.0,5.98,0.0,0.0
6.43,0.0,18.79,0.0,0.0
6.88,2.15,21.31,0.0,0.0
7.78,2.1,27.54,0.0,0.0
9.13,4.61,32.5,0.0,0.0
10.47,1.82,36.94,0.0,0.0
12.72,1.4,38.05,0.0,0.0
14.07,10.07,47.72,0.0,0.0
13.17,4.34,57.98,0.0,0.0
12.27,13.7,55.1,0.0,0.0
11.37,12.87,46.74,0.0,0.0
11.37,3.07,42.33,0.0,0.0
12.72,4.33,44.07,0.0,0.0
12.72,3.22,47.78,0.0,0.0
11.82,2.24,51.92,0.0,0.0
10.92,1.4,50.61,0.0,0.0
10.02,5.59,50.23,0.0,0.0
9.13,5.88,43.04,0.0,0.0
5.08,6.01,35.27,0.0,0.0
2.38,2.1,27.25,0.0,0.0
2.38,0.0,0.8,0.0,0.0
1.92,0.0,0.0,0.0,0.0
2.37,0.0,0.0,0.0,0.0
1.92,0.0,8.08,0.0,0.0
3.27,0.0,8.48,0.0,0.0
6.43,0.0,17.47,0.0,0.0
6.88,2.16,16.65,0.0,0.0
7.78,2.1,20.51,0.0,0.0
9.13,4.63,26.52,0.0,0.0
10.47,1.82,31.28,0.0,0.0
12.72,1.4,32.85,0.0,0.0
14.07,10.09,41.54,0.0,0.0
13.17,4.35,49.23,0.0,0.0
12.27,13.74,48.98,0.0,0.0
11.37,12.91,44.14,0.0,0.0
11.37,3.08,40.62,0.0,0.0
12.72,4.35,42.6,0.0,0.0
12.72,3.22,47.74,0.0,0.0
11.82,2.24,53.85,0.0,0.0
10.92,1.41,51.61,0.0,0.0
10.02,5.61,49.47,0.0,0.0
9.13,5.89,43.13,0.0,0.0
5.08,6.03,35.8,0.0,0.0
2.38,2.1,27.95,0.0,0.0
2.38,0.0,0.88,0.0,0.0
1.92,0.0,0.0,0.0,0.0
2.37,0.0,0.0,0.0,0.0
1.92,0.0,12.04,0.0,0.0
3.27,0.0,10.05,0.0,0.0
6.41,0.0,18.36,0.0,0.0
6.88,0.0,20.58,0.0,0.0
7.78,2.17,33.43,0.0,0.0
9.13,2.11,37.41,0.0,0.0
10.47,2.11,38.95,0.0,0.0
12.72,1.41,39.33,0.0,0.0
14.07,10.13,46.88,0.0,0.0
13.17,8.44,48.64,0.0,0.0
12.27,13.78,50.07,0.0,0.0
11.37,12.93,49.33,0.0,0.0
11.37,3.52,46.28,0.0,0.0
12.72,3.52,44.07,0.0,0.0
12.72,3.23,41.85,0.0,0.0
11.82,2.25,47.11,0.0,0.0
10.92,1.4,50.77,0.0,0.0
10.02,5.62,47.77,0.0,0.0
9.13,5.9,46.16,0.0,0.0
5.08,6.05,37.22,0.0,0.0
2.38,0.0,27.12,0.0,0.0
2.38,0.0,0.24,0.0,0.0
1.92,0.0,0.0,0.0,0.0
2.37,0.0,0.0,0.0,0.0
1.92,0.0,11.28,0.0,0.0
3.27,0.0,7.19,0.0,0.0
6.41,0.0,22.86,0.0,0.0
6.88,0.0,24.82,0.0,0.0
7.78,2.18,38.2,0.0,0.0
9.13,2.14,45.19,0.0,0.0
10.47,2.11,42.27,0.0,0.0
12.72,1.41,44.58,0.0,0.0
14.07,10.14,46.22,0.0,0.0
13.17,8.46,48.13,0.0,0.0
12.27,13.81,50.04,0.0,0.0
11.37,12.97,44.64,0.0,0.0
11.37,3.53,39.86,0.0,0.0
12.72,3.52,39.71,0.0,0.0
12.72,3.24,39.9,0.0,0.0
11.82,2.25,41.77,0.0,0.0
10.92,1.4,41.86,0.0,0.0
10.02,5.64,42.4,0.0,0.0
9.13,5.92,33.36,0.0,0.0
5.08,6.06,24.37,0.0,0.0
2.38,0.0,20.06,0.0,0.0
2.38,0.0,0.19,0.0,0.0
1.92,0.0,0.0,0.0,0.0
2.37,0.0,0.0,0.0,0.0
1.92,0.0,2.69,0.0,0.0
3.27,0.0,2.03,0.0,0.0
6.43,0.0,3.48,0.0,0.0
6.88,2.18,4.88,0.0,0.0
7.78,2.12,4.88,0.0,0.0
9.13,4.67,5.38,0.0,0.0
10.47,1.83,4.62,0.0,0.0
12.72,1.42,5.5,0.0,0.0
14.07,10.18,6.69,0.0,0.0
13.17,4.38,9.63,0.0,0.0
12.27,13.85,12.52,0.0,0.0
11.37,13.01,13.37,0.0,0.0
11.37,3.11,14.36,0.0,0.0
12.72,4.38,13.24,0.0,0.0
12.72,3.25,12.53,0.0,0.0
11.82,2.26,10.71,0.0,0.0
10.92,1.42,7.28,0.0,0.0
10.02,5.65,6.52,0.0,0.0
9.13,5.94,6.16,0.0,0.0
5.08,6.07,4.34,0.0,0.0
2.38,2.12,2.24,0.0,0.0
2.38,0.0,0.0,0.0,0.0
1.92,0.0,0.0,0.0,0.0
2.37,0.0,0.0,0.0,0.0
1.92,0.0,0.34,0.0,0.0
3.27,0.0,0.75,0.0,0.0
6.43,0.0,1.16,0.0,0.0
6.88,2.17,0.0,0.0,0.0
7.78,2.12,0.0,0.0,0.0
9.13,4.67,0.63,0.0,0.0
10.47,1.85,1.48,0.0,0.0
12.72,1.41,3.94,0.0,0.0
14.07,10.2,5.58,0.0,0.0
13.17,4.39,6.65,0.0,0.0
12.27,13.89,9.7,0.0,0.0
11.37,13.04,12.57,0.0,0.0
11.37,3.12,14.81,0.0,0.0
12.72,4.39,16.72,0.0,0.0
12.72,3.26,17.54,0.0,0.0
11.82,2.26,14.86,0.0,0.0
10.92,1.42,9.4,0.0,0.0
10.02,5.67,8.3,0.0,0.0
9.13,5.95,7.18,0.0,0.0
5.08,6.09,3.98,0.0,0.0
2.38,2.12,3.12,0.0,0.0
2.38,0.0,0.0,0.0,0.0
1.92,0.0,0.0,0.0,0.0
2.37,0.0,0.0,0.0,0.0
1.92,0.0,0.95,0.0,0.0
3.27,0.0,0.33,0.0,0.0
6.43,0.0,0.51,0.0,0.0
6.88,2.18,1.37,0.0,0.0
7.78,2.13,2.36,0.0,0.0
9.13,4.68,5.34,0.0,0.0
10.47,1.85,7.77,0.0,0.0
12.72,1.42,15.63,0.0,0.0
14.07,10.22,25.57,0.0,0.0
13.17,4.4,31.18,0.0,0.0
12.27,13.93,29.56,0.0,0.0
11.37,13.07,25.9,0.0,0.0
11.37,3.12,23.59,0.0,0.0
12.72,4.4,22.98,0.0,0.0
12.72,3.27,23.07,0.0,0.0
11.82,2.27,21.08,0.0,0.0
10.92,1.42,11.11,0.0,0.0
10.02,5.68,7.63,0.0,0.0
9.13,5.97,6.8,0.0,0.0
5.08,6.1,4.7,0.0,0.0
2.38,2.13,2.5,0.0,0.0
2.38,0.0,0.0,0.0,0.0
1.92,0.0,0.0,0.0,0.0
2.37,0.0,0.0,0.0,0.0
1.92,0.0,0.34,0.0,0.0
3.27,0.0,0.14,0.0,0.0
6.43,0.0,0.22,0.0,0.0
6.88,2.18,1.65,0.0,0.0
7.78,2.14,3.44,0.0,0.0
9.13,4.69,7.44,0.0,0.0
10.47,1.86,14.91,0.0,0.0
12.72,1.42,20.78,0.0,0.0
14.07,10.25,28.35,0.0,0.0
13.17,4.42,37.29,0.0,0.0
12.27,13.97,41.35,0.0,0.0
11.37,13.1,38.46,0.0,0.0
11.37,3.13,33.54,0.0,0.0
12.72,4.41,31.23,0.0,0.0
12.72,3.27,29.63,0.0,0.0
11.82,2.28,27.24,0.0,0.0
10.92,1.43,25.45,0.0,0.0
10.02,5.7,25.41,0.0,0.0
9.13,5.98,17.81,0.0,0.0
5.08,6.12,9.02,0.0,0.0
2.38,2.13,5.62,0.0,0.0
2.38,0.0,0.0,0.0,0.0
1.92,0.0,0.0,0.0,0.0
2.37,0.0,0.0,0.0,0.0
1.92,0.0,1.99,0.0,0.0
3.27,0.0,5.21,0.0,0.0
6.43,0.0,7.53,0.0,0.0
6.88,2.2,6.14,0.0,0.0
7.78,2.14,4.93,0.0,0.0
9.13,4.72,7.86,0.0,0.0
10.47,1.85,15.16,0.0,0.0
12.72,1.43,24.02,0.0,0.0
14.07,10.29,34.99,0.0,0.0
13.17,4.42,44.73,0.0,0.0
12.27,13.99,44.06,0.0,0.0
11.37,13.15,37.47,0.0,0.0
11.37,3.14,31.86,0.0,0.0
12.72,4.43,31.64,0.0,0.0
12.72,3.28,33.2,0.0,0.0
11.82,2.29,35.23,0.0,0.0
10.92,1.43,34.18,0.0,0.0
10.02,5.71,33.55,0.0,0.0
9.13,5.99,30.16,0.0,0.0
5.08,6.14,24.53,0.0,0.0
2.38,2.14,18.65,0.0,0.0
2.38,0.0,0.14,0.0,0.0
1.92,0.0,0.0,0.0,0.0
2.37,0.0,0.0,0.0,0.0
1.92,0.0,3.97,0.0,0.0
3.27,0.0,3.89,0.0,0.0
6.41,0.0,9.59,0.0,0.0
6.88,0.0,11.01,0.0,0.0
7.78,2.21,20.69,0.0,0.0
9.13,2.16,28.24,0.0,0.0
10.47,2.15,33.22,0.0,0.0
12.72,1.43,35.26,0.0,0.0
14.07,10.31,43.99,0.0,0.0
13.17,8.59,48.42,0.0,0.0
12.27,14.04,48.51,0.0,0.0
11.37,13.18,44.83,0.0,0.0
11.37,3.58,42.99,0.0,0.0
12.72,3.58,41.85,0.0,0.0
12.72,3.29,39.16,0.0,0.0
11.82,2.29,44.99,0.0,0.0
10.92,1.43,46.98,0.0,0.0
10.02,5.72,42.42,0.0,0.0
9.13,6.01,40.62,0.0,0.0
5.08,6.16,35.48,0.0,0.0
2.38,0.0,26.7,0.0,0.0
2.38,0.0,0.25,0.0,0.0
1.92,0.0,0.0,0.0,0.0
2.37,0.0,0.0,0.0,0.0
1.92,0.0,5.97,0.0,0.0
3.27,0.0,5.86,0.0,0.0
6.41,0.0,16.23,0.0,0.0
6.88,0.0,12.43,0.0,0.0
7.78,2.21,12.72,0.0,0.0
9.13,2.16,23.9,0.0,0.0
10.47,2.15,30.11,0.0,0.0
12.72,1.43,37.92,0.0,0.0
14.07,10.34,20.64,0.0,0.0
13.17,8.62,7.95,0.0,0.0
12.27,14.07,8.41,0.0,0.0
11.37,13.21,13.5,0.0,0.0
11.37,3.59,15.63,0.0,0.0
12.72,3.59,15.46,0.0,0.0
12.72,3.3,14.6,0.0,0.0
11.82,2.29,11.99,0.0,0.0
10.92,1.44,8.41,0.0,0.0
10.02,5.74,8.47,0.0,0.0
9.13,6.03,8.15,0.0,0.0
5.08,6.17,4.82,0.0,0.0
2.38,0.0,2.58,0.0,0.0
2.38,0.0,0.0,0.0,0.0
1.92,0.0,0.0,0.0,0.0
2.37,0.0,0.0,0.0,0.0
1.92,0.0,0.6,0.0,0.0
3.27,0.0,0.23,0.0,0.0
6.43,0.0,0.22,0.0,0.0
6.88,2.22,0.0,0.0,0.0
7.78,2.17,0.0,0.0,0.0
9.13,4.74,1.8,0.0,0.0
10.47,1.87,2.73,0.0,0.0
12.72,1.43,4.51,0.0,0.0
14.07,10.37,5.55,0.0,0.0
13.17,4.46,6.4,0.0,0.0
12.27,14.1,9.34,0.0,0.0
11.37,13.25,11.71,0.0,0.0
11.37,3.16,12.24,0.0,0.0
12.72,4.46,12.62,0.0,0.0
12.72,3.31,11.02,0.0,0.0
11.82,2.3,7.04,0.0,0.0
10.92,1.44,5.63,0.0,0.0
10.02,5.75,5.06,0.0,0.0
9.13,6.04,3.49,0.0,0.0
5.08,6.19,0.25,0.0,0.0
2.38,2.16,0.15,0.0,0.0
2.38,0.0,0.0,0.0,0.0
1.92,0.0,0.0,0.0,0.0
2.37,0.0,0.0,0.0,0.0
1.92,0.0,0.02,0.0,0.0
3.27,0.0,0.05,0.0,0.0
6.43,0.0,0.08,0.0,0.0
6.88,2.22,0.0,0.0,0.0
7.78,2.16,0.0,0.0,0.0
9.13,4.76,1.85,0.0,0.0
10.47,1.88,3.19,0.0,0.0
12.72,1.44,5.03,0.0,0.0
14.07,10.38,6.83,0.0,0.0
13.17,4.47,9.69,0.0,0.0
12.27,14.15,11.09,0.0,0.0
11.37,13.28,10.44,0.0,0.0
11.37,3.17,8.55,0.0,0.0
12.72,4.47,7.06,0.0,0.0
12.72,3.32,5.27,0.0,0.0
11.82,2.31,4.2,0.0,0.0
10.92,1.45,2.72,0.0,0.0
10.02,5.77,1.68,0.0,0.0
9.13,6.06,2.16,0.0,0.0
5.08,6.2,1.21,0.0,0.0
2.38,2.16,0.8,0.0,0.0
2.38,0.0,0.0,0.0,0.0
1.92,0.0,0.0,0.0,0.0
2.37,0.0,0.0,0.0,0.0
1.92,0.0,0.08,0.0,0.0
3.27,0.0,0.03,0.0,0.0
6.43,0.0,0.0,0.0,0.0
6.88,2.23,0.0,0.0,0.0
7.78,2.17,0.0,0.0,0.0
9.13,4.78,0.0,0.0,0.0
10.47,1.88,0.0,0.0,0.0
12.72,1.45,1.1,0.0,0.0
14.07,10.41,2.62,0.0,0.0
13.17,4.48,3.38,0.0,0.0
12.27,14.19,3.85,0.0,0.0
11.37,13.31,4.18,0.0,0.0
11.37,3.18,4.42,0.0,0.0
12.72,4.48,4.32,0.0,0.0
12.72,3.33,3.85,0.0,0.0
11.82,2.32,2.98,0.0,0.0
10.92,1.45,1.02,0.0,0.0
10.02,5.79,0.0,0.0,0.0
9.13,6.07,0.0,0.0,0.0
5.08,6.22,0.0,0.0,0.0
2.38,2.17,0.0,0.0,0.0
2.38,0.0,0.0,0.0,0.0
1.92,0.0,0.0,0.0,0.0
2.37,0.0,0.0,0.0,0.0
1.92,0.0,0.0,0.0,0.0
3.27,0.0,0.0,0.0,0.0
6.43,0.0,0.0,0.0,0.0
6.88,2.23,0.0,0.0,0.0
7.78,2.18,0.0,0.0,0.0
9.13,4.79,0.07,0.0,0.0
10.47,1.89,1.68,0.0,0.0
12.72,1.45,4.26,0.0,0.0
14.07,10.44,7.37,0.0,0.0
13.17,4.5,12.32,0.0,0.0
12.27,14.22,13.47,0.0,0.0
11.37,13.34,12.87,0.0,0.0
11.37,3.19,11.64,0.0,0.0
12.72,4.5,10.41,0.0,0.0
12.72,3.34,7.57,0.0,0.0
11.82,2.32,5.54,0.0,0.0
10.92,1.45,4.78,0.0,0.0
10.02,5.8,4.21,0.0,0.0
9.13,6.09,4.04,0.0,0.0
5.08,6.24,1.61,0.0,0.0
2.38,2.17,0.77,0.0,0.0
2.38,0.0,0.0,0.0,0.0
1.92,0.0,0.0,0.0,0.0
2.37,0.0,0.0,0.0,0.0
1.92,0.0,0.37,0.0,0.0
3.27,0.0,0.7,0.0,0.0
6.43,0.0,1.35,0.0,0.0
6.88,2.24,0.09,0.0,0.0
7.78,2.18,0.04,0.0,0.0
9.13,4.8,4.3,0.0,0.0
10.47,1.89,7.61,0.0,0.0
12.72,1.45,15.37,0.0,0.0
14.07,10.46,24.33,0.0,0.0
13.17,4.51,30.47,0.0,0.0
12.27,14.26,29.46,0.0,0.0
11.37,13.38,24.51,0.0,0.0
11.37,3.2,23.29,0.0,0.0
12.72,4.51,23.58,0.0,0.0
12.72,3.35,23.32,0.0,0.0
11.82,2.33,20.51,0.0,0.0
10.92,1.45,11.68,0.0,0.0
10.02,5.81,9.0,0.0,0.0
9.13,6.1,9.32,0.0,0.0
5.08,6.26,6.72,0.0,0.0
2.38,2.18,3.29,0.0,0.0
2.38,0.0,0.0,0.0,0.0
1.92,0.0,0.0,0.0,0.0
2.37,0.0,0.0,0.0,0.0
1.92,0.0,0.02,0.0,0.0
3.27,0.0,0.0,0.0,0.0
6.41,0.0,0.0,0.0,0.0
6.88,0.0,0.0,0.0,0.0
7.78,2.25,0.0,0.0,0.0
9.13,2.19,0.0,0.0,0.0
10.47,2.19,0.0,0.0,0.0
12.72,1.46,0.0,0.0,0.0
14.07,10.49,0.08,0.0,0.0
13.17,8.75,0.77,0.0,0.0
12.27,14.29,1.29,0.0,0.0
11.37,13.43,1.63,0.0,0.0
11.37,3.64,1.76,0.0,0.0
12.72,3.64,1.71,0.0,0.0
12.72,3.35,1.22,0.0,0.0
11.82,2.33,0.52,0.0,0.0
10.92,1.46,0.02,0.0,0.0
10.02,5.83,0.0,0.0,0.0
9.13,6.12,0.0,0.0,0.0
5.08,6.27,0.0,0.0,0.0
2.38,0.0,0.0,0.0,0.0
2.38,0.0,0.0,0.0,0.0
1.92,0.0,0.0,0.0,0.0
2.37,0.0,0.0,0.0,0.0
1.92,0.0,0.0,0.0,0.0
3.27,0.0,0.0,0.0,0.0
6.41,0.0,0.0,0.0,0.0
6.88,0.0,0.0,0.0,0.0
7.78,2.25,0.0,0.0,0.0
9.13,2.19,0.0,0.0,0.0
10.47,2.19,0.0,0.0,0.0
12.72,1.46,0.0,0.0,0.0
14.07,10.52,0.23,0.0,0.0
13.17,8.77,0.68,0.0,0.0
12.27,14.33,1.38,0.0,0.0
11.37,13.46,1.95,0.0,0.0
11.37,3.65,2.63,0.0,0.0
12.72,3.65,2.81,0.0,0.0
12.72,3.36,1.98,0.0,0.0
11.82,2.34,0.75,0.0,0.0
10.92,1.46,0.0,0.0,0.0
10.02,5.84,0.0,0.0,0.0
9.13,6.14,0.0,0.0,0.0
5.08,6.29,0.0,0.0,0.0
2.38,0.0,0.0,0.0,0.0
2.38,0.0,0.0,0.0,0.0
1.92,0.0,0.0,0.0,0.0
2.37,0.0,0.0,0.0,0.0
1.92,0.0,0.0,0.0,0.0
3.27,0.0,0.0,0.0,0.0
6.43,0.0,0.0,0.0,0.0
6.88,2.25,0.0,0.0,0.0
7.78,2.2,0.0,0.0,0.0
9.13,4.83,0.0,0.0,0.0
10.47,1.91,0.36,0.0,0.0
12.72,1.46,3.1,0.0,0.0
14.07,10.55,5.59,0.0,0.0
13.17,4.54,8.82,0.0,0.0
12.27,14.36,11.84,0.0,0.0
11.37,13.49,12.69,0.0,0.0
11.37,3.22,11.59,0.0,0.0
12.72,4.55,9.21,0.0,0.0
12.72,3.37,6.13,0.0,0.0
11.82,2.34,4.97,0.0,0.0
10.92,1.46,3.93,0.0,0.0
10.02,5.86,3.57,0.0,0.0
9.13,6.16,3.67,0.0,0.0
5.08,6.3,0.33,0.0,0.0
2.38,2.2,0.14,0.0,0.0
2.38,0.0,0.0,0.0,0.0
1.92,0.0,0.0,0.0,0.0
2.37,0.0,0.0,0.0,0.0
1.92,0.0,0.0,0.0,0.0
3.27,0.0,0.0,0.0,0.0
6.43,0.0,0.0,0.0,0.0
6.88,2.24,0.0,0.0,0.0
7.78,2.2,0.0,0.0,0.0
9.13,4.85,0.44,0.0,0.0
10.47,1.9,3.53,0.0,0.0
12.72,1.47,7.26,0.0,0.0
14.07,10.58,14.39,0.0,0.0
13.17,4.55,18.22,0.0,0.0
12.27,14.41,18.59,0.0,0.0
11.37,13.52,18.47,0.0,0.0
11.37,3.23,17.42,0.0,0.0
12.72,4.56,16.56,0.0,0.0
12.72,3.38,13.92,0.0,0.0
11.82,2.35,8.74,0.0,0.0
10.92,1.47,6.63,0.0,0.0
10.02,5.87,6.21,0.0,0.0
9.13,6.17,5.77,0.0,0.0
5.08,6.32,2.63,0.0,0.0
2.38,2.2,1.62,0.0,0.0
2.38,0.0,0.0,0.0,0.0
1.92,0.0,0.0,0.0,0.0
2.37,0.0,0.0,0.0,0.0
1.92,0.0,0.7,0.0,0.0
3.27,0.0,0.38,0.0,0.0
6.43,0.0,1.0,0.0,0.0
6.88,2.26,2.26,0.0,0.0
7.78,2.21,2.85,0.0,0.0
9.13,4.86,5.8,0.0,0.0
10.47,1.92,9.96,0.0,0.0
12.72,1.47,18.59,0.0,0.0
14.07,10.61,24.95,0.0,0.0
13.17,4.56,29.21,0.0,0.0
12.27,14.45,28.97,0.0,0.0
11.37,13.56,24.08,0.0,0.0
11.37,3.24,21.15,0.0,0.0
12.72,4.56,22.76,0.0,0.0
12.72,3.39,24.16,0.0,0.0
11.82,2.36,24.85,0.0,0.0
10.92,1.47,25.02,0.0,0.0
10.02,5.89,25.08,0.0,0.0
9.13,6.18,22.36,0.0,0.0
5.08,6.34,16.49,0.0,0.0
2.38,2.21,8.82,0.0,0.0
2.38,0.0,0.0,0.0,0.0
1.92,0.0,0.0,0.0,0.0
2.37,0.0,0.0,0.0,0.0
1.92,0.0,1.95,0.0,0.0
3.27,0.0,0.92,0.0,0.0
6.43,0.0,2.6,0.0,0.0
6.88,2.26,5.03,0.0,0.0
7.78,2.21,5.92,0.0,0.0
9.13,4.87,12.63,0.0,0.0
10.47,1.92,26.13,0.0,0.0
12.72,1.47,30.95,0.0,0.0
14.07,10.64,39.89,0.0,0.0
13.17,4.58,46.61,0.0,0.0
12.27,14.48,44.39,0.0,0.0
11.37,13.59,37.69,0.0,0.0
11.37,3.25,33.2,0.0,0.0
12.72,4.57,34.19,0.0,0.0
12.72,3.4,35.27,0.0,0.0
11.82,2.37,34.75,0.0,0.0
10.92,1.48,30.3,0.0,0.0
10.02,5.91,27.2,0.0,0.0
9.13,6.2,23.64,0.0,0.0
5.08,6.36,14.18,0.0,0.0
2.38,2.21,7.69,0.0,0.0
2.38,0.0,0.0,0.0,0.0
2.38,0.0,0.0,0.0,0.0
1.92,0.0,0.0,0.0,0.0
2.37,0.0,0.0,0.0,0.0
1.92,0.0,1.38,0.0,0.0
3.27,0.0,3.82,0.0,0.0
6.43,0.0,5.9,0.0,0.0
6.88,2.28,5.81,0.0,0.0
7.78,2.22,9.3,0.0,0.0
9.13,4.88,25.18,0.0,0.0
10.47,1.93,30.99,0.0,0.0
12.72,1.48,32.47,0.0,0.0
14.07,10.66,38.2,0.0,0.0
13.17,4.59,45.05,0.0,0.0
12.27,14.51,44.74,0.0,0.0
11.37,13.63,38.34,0.0,0.0
11.37,3.26,32.9,0.0,0.0
12.72,4.59,32.63,0.0,0.0
12.72,3.41,32.94,0.0,0.0
11.82,2.37,31.97,0.0,0.0
10.92,1.47,27.42,0.0,0.0
10.02,5.92,20.15,0.0,0.0
9.13,6.22,13.43,0.0,0.0
5.08,6.36,9.33,0.0,0.0
2.38,2.22,5.83,0.0,0.0
2.38,0.0,0.0,0.0,0.0
1.92,0.0,0.0,0.0,0.0
2.37,0.0,0.0,0.0,0.0
1.92,0.0,1.05,0.0,0.0
3.27,0.0,0.34,0.0,0.0
6.41,0.0,0.43,0.0,0.0
6.88,0.0,0.01,0.0,0.0
7.78,2.29,4.31,0.0,0.0
9.13,2.23,19.53,0.0,0.0
10.47,2.23,28.3,0.0,0.0
12.72,1.49,27.75,0.0,0.0
14.07,10.69,31.86,0.0,0.0
13.17,8.91,35.24,0.0,0.0
12.27,14.55,36.34,0.0,0.0
11.37,13.67,34.09,0.0,0.0
11.37,3.71,31.65,0.0,0.0
12.72,3.71,28.21,0.0,0.0
12.72,3.41,24.62,0.0,0.0
11.82,2.37,26.16,0.0,0.0
10.92,1.48,26.88,0.0,0.0
10.02,5.94,21.2,0.0,0.0
9.13,6.24,13.49,0.0,0.0
5.08,6.38,9.56,0.0,0.0
2.38,0.0,5.07,0.0,0.0
2.38,0.0,0.0,0.0,0.0
1.92,0.0,0.0,0.0,0.0
2.37,0.0,0.0,0.0,0.0
1.92,0.0,1.02,0.0,0.0
3.27,0.0,0.35,0.0,0.0
6.41,0.0,0.47,0.0,0.0
6.88,0.0,0.54,0.0,0.0
7.78,2.29,4.72,0.0,0.0
9.13,2.25,19.45,0.0,0.0
10.47,2.23,24.88,0.0,0.0
12.72,1.48,26.77,0.0,0.0
14.07,10.72,29.53,0.0,0.0
13.17,8.93,37.19,0.0,0.0
12.27,14.58,37.51,0.0,0.0
11.37,13.7,33.12,0.0,0.0
11.37,3.72,29.43,0.0,0.0
12.72,3.72,29.17,0.0,0.0
12.72,3.42,27.94,0.0,0.0
11.82,2.38,26.69,0.0,0.0
10.92,1.48,26.01,0.0,0.0
10.02,5.95,24.34,0.0,0.0
9.13,6.26,14.06,0.0,0.0
5.08,6.39,9.12,0.0,0.0
2.38,0.0,5.83,0.0,0.0
2.38,0.0,0.0,0.0,0.0
1.92,0.0,0.0,0.0,0.0
2.37,0.0,0.0,0.0,0.0
1.92,0.0,1.61,0.0,0.0
3.27,0.0,0.81,0.0,0.0
6.43,0.0,1.74,0.0,0.0
6.88,2.3,3.36,0.0,0.0
7.78,2.24,6.74,0.0,0.0
9.13,4.93,23.47,0.0,0.0
10.47,1.94,30.9,0.0,0.0
12.72,1.49,33.07,0.0,0.0
14.07,10.74,40.17,0.0,0.0
13.17,4.63,45.53,0.0,0.0
12.27,14.62,45.94,0.0,0.0
11.37,13.72,39.22,0.0,0.0
11.37,3.28,32.49,0.0,0.0
12.72,4.63,31.58,0.0,0.0
12.72,3.43,31.48,0.0,0.0
11.82,2.39,30.46,0.0,0.0
10.92,1.49,27.37,0.0,0.0
10.02,5.97,20.83,0.0,0.0
9.13,6.27,12.44,0.0,0.0
5.08,6.41,9.15,0.0,0.0
2.38,2.24,6.46,0.0,0.0
2.38,0.0,0.0,0.0,0.0
1.92,0.0,0.0,0.0,0.0
2.37,0.0,0.0,0.0,0.0
1.92,0.0,1.37,0.0,0.0
3.27,0.0,3.88,0.0,0.0
6.43,0.0,5.96,0.0,0.0
6.88,2.3,4.75,0.0,0.0
7.78,2.24,4.69,0.0,0.0
9.13,4.93,9.82,0.0,0.0
10.47,1.95,23.2,0.0,0.0
12.72,1.49,28.6,0.0,0.0
14.07,10.77,36.44,0.0,0.0
13.17,4.64,44.4,0.0,0.0
12.27,14.65,42.92,0.0,0.0
11.37,13.77,37.25,0.0,0.0
11.37,3.29,32.7,0.0,0.0
12.72,4.64,31.7,0.0,0.0
12.72,3.44,32.21,0.0,0.0
11.82,2.39,32.38,0.0,0.0
10.92,1.5,30.85,0.0,0.0
10.02,5.99,31.34,0.0,0.0
9.13,6.27,25.12,0.0,0.0
5.08,6.44,11.38,0.0,0.0
2.38,2.24,6.85,0.0,0.0
2.38,0.0,0.0,0.0,0.0
1.92,0.0,0.0,0.0,0.0
2.37,0.0,0.0,0.0,0.0
1.92,0.0,2.2,0.0,0.0
3.27,0.0,1.75,0.0,0.0
6.43,0.0,4.15,0.0,0.0
6.88,2.3,5.59,0.0,0.0
7.78,2.25,6.76,0.0,0.0
9.13,4.94,9.99,0.0,0.0
10.47,1.95,10.23,0.0,0.0
12.72,1.5,11.58,0.0,0.0
14.07,10.8,15.9,0.0,0.0
13.17,4.65,19.75,0.0,0.0
12.27,14.7,15.33,0.0,0.0
11.37,13.79,10.5,0.0,0.0
11.37,3.3,9.56,0.0,0.0
12.72,4.65,8.34,0.0,0.0
12.72,3.45,7.47,0.0,0.0
11.82,2.4,7.24,0.0,0.0
10.92,1.5,6.71,0.0,0.0
10.02,6.0,5.99,0.0,0.0
9.13,6.29,5.1,0.0,0.0
5.08,6.45,1.27,0.0,0.0
2.38,2.25,1.0,0.0,0.0
2.38,0.0,0.0,0.0,0.0
1.92,0.0,0.0,0.0,0.0
2.37,0.0,0.0,0.0,0.0
1.92,0.0,0.29,0.0,0.0
3.27,0.0,0.0,0.0,0.0
6.43,0.0,0.07,0.0,0.0
6.88,2.31,0.0,0.0,0.0
7.78,2.25,0.0,0.0,0.0
9.13,4.95,0.0,0.0,0.0
10.47,1.95,0.0,0.0,0.0
12.72,1.5,0.09,0.0,0.0
14.07,10.82,2.1,0.0,0.0
13.17,4.66,2.85,0.0,0.0
12.27,14.73,2.85,0.0,0.0
11.37,13.83,2.79,0.0,0.0
11.37,3.31,2.49,0.0,0.0
12.72,4.66,2.3,0.0,0.0
12.72,3.46,2.3,0.0,0.0
11.82,2.4,2.2,0.0,0.0
10.92,1.5,2.14,0.0,0.0
10.02,6.01,2.17,0.0,0.0
9.13,6.3,1.88,0.0,0.0
5.08,6.47,0.0,0.0,0.0
2.38,2.25,0.2,0.0,0.0
2.38,0.0,0.0,0.0,0.0
1.92,0.0,0.0,0.0,0.0
2.37,0.0,0.0,0.0,0.0
1.92,0.0,0.0,0.0,0.0
3.27,0.0,0.0,0.0,0.0
6.43,0.0,0.02,0.0,0.0
6.88,2.3,0.0,0.0,0.0
7.78,2.26,0.0,0.0,0.0
9.13,4.97,0.0,0.0,0.0
10.47,1.95,0.1,0.0,0.0
12.72,1.51,1.92,0.0,0.0
14.07,10.84,3.61,0.0,0.0
13.17,4.67,4.36,0.0,0.0
12.27,14.77,4.5,0.0,0.0
11.37,13.86,4.64,0.0,0.0
11.37,3.31,4.71,0.0,0.0
12.72,4.67,4.46,0.0,0.0
12.72,3.47,3.95,0.0,0.0
11.82,2.41,3.63,0.0,0.0
10.92,1.51,3.21,0.0,0.0
10.02,6.03,2.99,0.0,0.0
9.13,6.32,2.24,0.0,0.0
5.08,6.49,0.2,0.0,0.0
2.38,2.26,0.48,0.0,0.0
2.38,0.0,0.0,0.0,0.0
1.92,0.0,0.0,0.0,0.0
2.37,0.0,0.0,0.0,0.0
1.92,0.0,0.11,0.0,0.0
3.27,0.0,0.0,0.0,0.0
6.41,0.0,0.04,0.0,0.0
6.88,0.0,0.0,0.0,0.0
7.78,2.32,0.0,0.0,0.0
9.13,2.26,0.06,0.0,0.0
10.47,2.26,1.44,0.0,0.0
12.72,1.5,3.83,0.0,0.0
14.07,10.88,6.07,0.0,0.0
13.17,9.06,7.61,0.0,0.0
12.27,14.8,10.61,0.0,0.0
11.37,13.9,11.25,0.0,0.0
11.37,3.78,9.9,0.0,0.0
12.72,3.77,8.3,0.0,0.0
12.72,3.48,7.56,0.0,0.0
11.82,2.42,6.95,0.0,0.0
10.92,1.5,6.48,0.0,0.0
10.02,6.04,5.86,0.0,0.0
9.13,6.35,5.43,0.0,0.0
5.08,6.49,2.75,0.0,0.0
2.38,0.0,1.68,0.0,0.0
2.38,0.0,0.0,0.0,0.0
1.92,0.0,0.0,0.0,0.0
2.37,0.0,0.0,0.0,0.0
1.92,0.0,0.49,0.0,0.0
3.27,0.0,0.26,0.0,0.0
6.41,0.0,0.25,0.0,0.0
6.88,0.0,0.0,0.0,0.0
7.78,2.33,0.75,0.0,0.0
9.13,2.28,2.91,0.0,0.0
10.47,2.27,5.48,0.0,0.0
12.72,1.52,9.17,0.0,0.0
14.07,10.9,14.51,0.0,0.0
13.17,9.08,19.02,0.0,0.0
12.27,14.85,20.56,0.0,0.0
11.37,13.93,16.83,0.0,0.0
11.37,3.79,14.36,0.0,0.0
12.72,3.78,10.59,0.0,0.0
12.72,3.48,9.1,0.0,0.0
11.82,2.43,8.93,0.0,0.0
10.92,1.51,8.79,0.0,0.0
10.02,6.05,8.0,0.0,0.0
9.13,6.36,6.56,0.0,0.0
5.08,6.5,1.59,0.0,0.0
2.38,0.0,0.98,0.0,0.0
2.38,0.0,0.0,0.0,0.0
1.92,0.0,0.0,0.0,0.0
2.37,0.0,0.0,0.0,0.0
1.92,0.0,0.21,0.0,0.0
3.27,0.0,0.0,0.0,0.0
6.43,0.0,0.06,0.0,0.0
6.88,2.34,0.0,0.0,0.0
7.78,2.28,0.0,0.0,0.0
9.13,5.01,1.72,0.0,0.0
10.47,1.97,3.39,0.0,0.0
12.72,1.51,5.69,0.0,0.0
14.07,10.93,7.03,0.0,0.0
13.17,4.7,11.99,0.0,0.0
12.27,14.87,16.12,0.0,0.0
11.37,13.97,16.32,0.0,0.0
11.37,3.34,13.2,0.0,0.0
12.72,4.71,9.12,0.0,0.0
12.72,3.49,8.08,0.0,0.0
11.82,2.43,7.53,0.0,0.0
10.92,1.52,6.67,0.0,0.0
10.02,6.07,6.19,0.0,0.0
9.13,6.37,5.73,0.0,0.0
5.08,6.52,1.95,0.0,0.0
2.38,2.27,1.14,0.0,0.0
2.38,0.0,0.0,0.0,0.0
1.92,0.0,0.0,0.0,0.0
2.37,0.0,0.0,0.0,0.0
1.92,0.0,0.14,0.0,0.0
3.27,0.0,0.15,0.0,0.0
6.43,0.0,0.43,0.0,0.0
6.88,2.34,0.0,0.0,0.0
7.78,2.28,0.0,0.0,0.0
9.13,5.02,0.48,0.0,0.0
10.47,1.98,1.88,0.0,0.0
12.72,1.51,4.13,0.0,0.0
14.07,10.96,5.51,0.0,0.0
13.17,4.72,6.12,0.0,0.0
12.27,14.91,6.21,0.0,0.0
11.37,14.0,6.41,0.0,0.0
11.37,3.35,6.48,0.0,0.0
12.72,4.72,6.05,0.0,0.0
12.72,3.5,5.16,0.0,0.0
11.82,2.43,4.63,0.0,0.0
10.92,1.52,3.55,0.0,0.0
10.02,6.09,2.18,0.0,0.0
9.13,6.38,1.19,0.0,0.0
5.08,6.55,0.0,0.0,0.0
2.38,2.28,0.03,0.0,0.0
2.38,0.0,0.0,0.0,0.0
1.92,0.0,0.0,0.0,0.0
2.37,0.0,0.0,0.0,0.0
1.92,0.0,0.19,0.0,0.0
3.27,0.0,0.0,0.0,0.0
6.43,0.0,0.09,0.0,0.0
6.88,2.32,0.0,0.0,0.0
7.78,2.29,0.0,0.0,0.0
9.13,5.04,2.03,0.0,0.0
10.47,1.98,5.12,0.0,0.0
12.72,1.52,10.52,0.0,0.0
14.07,10.98,15.99,0.0,0.0
13.17,4.72,20.53,0.0,0.0
12.27,14.94,21.69,0.0,0.0
11.37,14.04,18.38,0.0,0.0
11.37,3.36,14.03,0.0,0.0
12.72,4.73,9.49,0.0,0.0
12.72,3.5,7.89,0.0,0.0
11.82,2.44,7.21,0.0,0.0
10.92,1.53,6.36,0.0,0.0
10.02,6.09,6.0,0.0,0.0
9.13,6.41,5.3,0.0,0.0
5.08,6.55,0.81,0.0,0.0
2.38,2.29,0.87,0.0,0.0
2.38,0.0,0.0,0.0,0.0
1.92,0.0,0.0,0.0,0.0
2.37,0.0,0.0,0.0,0.0
1.92,0.0,0.11,0.0,0.0
3.27,0.0,0.0,0.0,0.0
6.43,0.0,0.0,0.0,0.0
6.88,2.35,0.0,0.0,0.0
7.78,2.29,0.0,0.0,0.0
9.13,5.04,2.41,0.0,0.0
10.47,1.99,7.5,0.0,0.0
12.72,1.53,16.0,0.0,0.0
14.07,11.01,20.78,0.0,0.0
13.17,4.74,23.79,0.0,0.0
12.27,14.98,22.36,0.0,0.0
11.37,14.06,19.87,0.0,0.0
11.37,3.36,18.29,0.0,0.0
12.72,4.74,13.31,0.0,0.0
12.72,3.51,7.91,0.0,0.0
11.82,2.44,6.82,0.0,0.0
10.92,1.53,6.65,0.0,0.0
10.02,6.11,6.47,0.0,0.0
9.13,6.42,5.48,0.0,0.0
5.08,6.57,1.64,0.0,0.0
2.38,2.29,1.09,0.0,0.0
2.38,0.0,0.0,0.0,0.0
1.92,0.0,0.0,0.0,0.0
2.37,0.0,0.0,0.0,0.0
1.92,0.0,0.14,0.0,0.0
3.27,0.0,0.17,0.0,0.0
6.43,0.0,0.21,0.0,0.0
6.88,2.36,0.0,0.0,0.0
7.78,2.3,0.34,0.0,0.0
9.13,5.05,4.62,0.0,0.0
10.47,1.99,8.91,0.0,0.0
12.72,1.53,14.43,0.0,0.0
14.07,11.03,19.92,0.0,0.0
13.17,4.75,25.13,0.0,0.0
12.27,15.01,26.33,0.0,0.0
11.37,14.1,23.55,0.0,0.0
11.37,3.37,20.15,0.0,0.0
12.72,4.75,17.78,0.0,0.0
12.72,3.52,11.35,0.0,0.0
11.82,2.45,8.79,0.0,0.0
10.92,1.54,8.78,0.0,0.0
10.02,6.13,8.54,0.0,0.0
9.13,6.43,8.17,0.0,0.0
5.08,6.58,4.97,0.0,0.0
2.38,2.3,3.58,0.0,0.0
2.38,0.0,0.0,0.0,0.0
1.92,0.0,0.0,0.0,0.0
2.37,0.0,0.0,0.0,0.0
1.92,0.0,0.83,0.0,0.0
3.27,0.0,0.36,0.0,0.0
6.41,0.0,0.62,0.0,0.0
6.88,0.0,0.94,0.0,0.0
7.78,2.36,4.02,0.0,0.0
9.13,2.31,16.26,0.0,0.0
10.47,2.3,25.71,0.0,0.0
12.72,1.54,27.85,0.0,0.0
14.07,11.06,32.91,0.0,0.0
13.17,9.22,34.27,0.0,0.0
12.27,15.05,33.29,0.0,0.0
11.37,14.13,30.75,0.0,0.0
11.37,3.84,29.88,0.0,0.0
12.72,3.84,28.61,0.0,0.0
12.72,3.53,26.24,0.0,0.0
11.82,2.45,28.5,0.0,0.0
10.92,1.53,29.9,0.0,0.0
10.02,6.14,26.47,0.0,0.0
9.13,6.44,10.63,0.0,0.0
5.08,6.61,4.0,0.0,0.0
2.38,0.0,1.03,0.0,0.0
2.38,0.0,0.0,0.0,0.0
1.92,0.0,0.0,0.0,0.0
2.37,0.0,0.0,0.0,0.0
1.92,0.0,0.02,0.0,0.0
3.27,0.0,0.0,0.0,0.0
6.41,0.0,0.0,0.0,0.0
6.88,0.0,0.0,0.0,0.0
7.78,2.37,0.0,0.0,0.0
9.13,2.31,0.0,0.0,0.0
10.47,2.31,0.0,0.0,0.0
12.72,1.53,0.1,0.0,0.0
14.07,11.09,1.72,0.0,0.0
13.17,9.23,2.6,0.0,0.0
12.27,15.09,2.86,0.0,0.0
11.37,14.17,2.87,0.0,0.0
11.37,3.84,2.84,0.0,0.0
12.72,3.85,2.41,0.0,0.0
12.72,3.54,1.78,0.0,0.0
11.82,2.46,1.28,0.0,0.0
10.92,1.54,0.97,0.0,0.0
10.02,6.15,0.83,0.0,0.0
9.13,6.47,0.07,0.0,0.0
5.08,6.61,0.0,0.0,0.0
2.38,0.0,0.0,0.0,0.0
2.38,0.0,0.0,0.0,0.0
1.92,0.0,0.0,0.0,0.0
2.37,0.0,0.0,0.0,0.0
1.92,0.0,0.0,0.0,0.0
3.27,0.0,0.0,0.0,0.0
6.43,0.0,0.0,0.0,0.0
6.88,2.37,0.0,0.0,0.0
7.78,2.32,0.0,0.0,0.0
9.13,5.09,0.0,0.0,0.0
10.47,2.01,0.0,0.0,0.0
12.72,1.54,0.0,0.0,0.0
14.07,11.11,1.38,0.0,0.0
13.17,4.78,1.95,0.0,0.0
12.27,15.12,2.37,0.0,0.0
11.37,14.19,2.54,0.0,0.0
11.37,3.39,2.17,0.0,0.0
12.72,4.78,1.35,0.0,0.0
12.72,3.54,0.14,0.0,0.0
11.82,2.47,0.0,0.0,0.0
10.92,1.54,0.0,0.0,0.0
10.02,6.17,0.0,0.0,0.0
9.13,6.48,0.0,0.0,0.0
5.08,6.63,0.0,0.0,0.0
2.38,2.32,0.0,0.0,0.0
2.38,0.0,0.0,0.0,0.0
1.92,0.0,0.0,0.0,0.0
2.37,0.0,0.0,0.0,0.0
1.92,0.0,0.01,0.0,0.0
3.27,0.0,0.0,0.0,0.0
6.43,0.0,0.0,0.0,0.0
6.88,2.37,0.0,0.0,0.0
7.78,2.32,0.0,0.0,0.0
9.13,5.1,0.72,0.0,0.0
10.47,2.01,2.76,0.0,0.0
12.72,1.55,5.48,0.0,0.0
14.07,11.13,7.65,0.0,0.0
13.17,4.8,12.03,0.0,0.0
12.27,15.15,13.75,0.0,0.0
11.37,14.23,9.69,0.0,0.0
11.37,3.4,8.3,0.0,0.0
12.72,4.79,7.55,0.0,0.0
12.72,3.55,6.73,0.0,0.0
11.82,2.48,6.29,0.0,0.0
10.92,1.55,5.93,0.0,0.0
10.02,6.18,5.99,0.0,0.0
9.13,6.5,5.34,0.0,0.0
5.08,6.65,1.82,0.0,0.0
2.38,2.32,1.14,0.0,0.0
2.38,0.0,0.0,0.0,0.0
1.92,0.0,0.0,0.0,0.0
2.37,0.0,0.0,0.0,0.0
1.92,0.0,0.16,0.0,0.0
3.27,0.0,0.0,0.0,0.0
6.43,0.0,0.1,0.0,0.0
6.88,2.38,0.0,0.0,0.0
7.78,2.32,0.0,0.0,0.0
9.13,5.11,0.0,0.0,0.0
10.47,2.01,0.11,0.0,0.0
12.72,1.55,1.57,0.0,0.0
14.07,11.15,2.92,0.0,0.0
13.17,4.81,3.99,0.0,0.0
12.27,15.18,4.68,0.0,0.0
11.37,14.26,5.09,0.0,0.0
11.37,3.41,5.11,0.0,0.0
12.72,4.8,4.62,0.0,0.0
12.72,3.56,3.95,0.0,0.0
11.82,2.48,3.32,0.0,0.0
10.92,1.55,2.63,0.0,0.0
10.02,6.19,1.93,0.0,0.0
9.13,6.51,0.95,0.0,0.0
5.08,6.66,0.0,0.0,0.0
2.38,2.32,0.0,0.0,0.0
2.38,0.0,0.0,0.0,0.0
1.92,0.0,0.0,0.0,0.0
2.37,0.0,0.0,0.0,0.0
1.92,0.0,0.0,0.0,0.0
3.27,0.0,0.0,0.0,0.0
6.43,0.0,0.0,0.0,0.0
6.88,2.38,0.0,0.0,0.0
7.78,2.33,0.0,0.0,0.0
9.13,5.13,0.0,0.0,0.0
10.47,2.02,0.0,0.0,0.0
12.72,1.55,0.0,0.0,0.0
14.07,11.18,0.53,0.0,0.0
13.17,4.81,1.53,0.0,0.0
12.27,15.22,2.1,0.0,0.0
11.37,14.3,2.56,0.0,0.0
11.37,3.42,2.73,0.0,0.0
12.72,4.81,2.16,0.0,0.0
12.72,3.57,1.09,0.0,0.0
11.82,2.49,0.5,0.0,0.0
10.92,1.55,0.2,0.0,0.0
10.02,6.21,0.0,0.0,0.0
9.13,6.52,0.0,0.0,0.0
5.08,6.68,0.0,0.0,0.0
2.38,2.33,0.0,0.0,0.0
2.38,0.0,0.0,0.0,0.0
1.92,0.0,0.0,0.0,0.0
2.37,0.0,0.0,0.0,0.0
1.92,0.0,0.0,0.0,0.0
3.27,0.0,0.0,0.0,0.0
6.43,0.0,0.0,0.0,0.0
6.88,2.37,0.0,0.0,0.0
7.78,2.33,0.0,0.0,0.0
9.13,5.14,0.0,0.0,0.0
10.47,2.02,0.0,0.0,0.0
12.72,1.55,0.39,0.0,0.0
14.07,11.21,2.17,0.0,0.0
13.17,4.82,2.7,0.0,0.0
12.27,15.26,2.78,0.0,0.0
11.37,14.32,3.13,0.0,0.0
11.37,3.42,3.3,0.0,0.0
12.72,4.83,2.64,0.0,0.0
12.72,3.58,0.9,0.0,0.0
11.82,2.49,0.41,0.0,0.0
10.92,1.56,0.09,0.0,0.0
10.02,6.22,0.0,0.0,0.0
9.13,6.54,0.0,0.0,0.0
5.08,6.69,0.0,0.0,0.0
2.38,2.33,0.0,0.0,0.0
2.38,0.0,0.0,0.0,0.0
1.92,0.0,0.0,0.0,0.0
2.37,0.0,0.0,0.0,0.0
1.92,0.0,0.0,0.0,0.0
3.27,0.0,0.0,0.0,0.0
6.41,0.0,0.0,0.0,0.0
6.88,0.0,0.0,0.0,0.0
7.78,2.39,0.0,0.0,0.0
9.13,2.34,0.0,0.0,0.0
10.47,2.34,0.27,0.0,0.0
12.72,1.56,1.97,0.0,0.0
14.07,11.23,4.49,0.0,0.0
13.17,9.36,5.71,0.0,0.0
12.27,15.29,6.09,0.0,0.0
11.37,14.35,6.09,0.0,0.0
11.37,3.9,5.92,0.0,0.0
12.72,3.89,5.32,0.0,0.0
12.72,3.59,3.71,0.0,0.0
11.82,2.49,1.81,0.0,0.0
10.92,1.56,0.59,0.0,0.0
10.02,6.24,0.01,0.0,0.0
9.13,6.55,0.0,0.0,0.0
5.08,6.7,0.0,0.0,0.0
2.38,0.0,0.0,0.0,0.0
2.38,0.0,0.0,0.0,0.0
1.92,0.0,0.0,0.0,0.0
2.37,0.0,0.0,0.0,0.0
1.92,0.0,0.0,0.0,0.0
3.27,0.0,0.0,0.0,0.0
6.41,0.0,0.0,0.0,0.0
6.88,0.0,0.0,0.0,0.0
7.78,2.41,0.0,0.0,0.0
9.13,2.35,0.0,0.0,0.0
10.47,2.35,0.0,0.0,0.0
12.72,1.57,1.13,0.0,0.0
14.07,11.25,3.25,0.0,0.0
13.17,9.38,4.65,0.0,0.0
12.27,15.32,5.22,0.0,0.0
11.37,14.38,5.48,0.0,0.0
11.37,3.91,5.49,0.0,0.0
12.72,3.91,4.93,0.0,0.0
12.72,3.59,4.23,0.0,0.0
11.82,2.49,3.68,0.0,0.0
10.92,1.57,3.21,0.0,0.0
10.02,6.25,2.79,0.0,0.0
9.13,6.57,1.66,0.0,0.0
5.08,6.72,0.0,0.0,0.0
2.38,0.0,0.0,0.0,0.0
2.38,0.0,0.0,0.0,0.0
1.92,0.0,0.0,0.0,0.0
2.37,0.0,0.0,0.0,0.0
1.92,0.0,0.0,0.0,0.0
3.27,0.0,0.0,0.0,0.0
6.41,0.0,0.0,0.0,0.0
6.88,0.0,0.0,0.0,0.0
7.78,2.41,0.0,0.0,0.0
9.13,2.35,0.0,0.0,0.0
10.47,2.35,0.16,0.0,0.0
12.72,1.57,1.99,0.0,0.0
14.07,11.28,3.75,0.0,0.0
13.17,9.4,4.31,0.0,0.0
12.27,15.35,4.5,0.0,0.0
11.37,14.42,4.28,0.0,0.0
11.37,3.92,3.91,0.0,0.0
12.72,3.92,3.53,0.0,0.0
12.72,3.6,2.74,0.0,0.0
11.82,2.5,1.1,0.0,0.0
10.92,1.57,0.05,0.0,0.0
10.02,6.26,0.0,0.0,0.0
9.13,6.58,0.0,0.0,0.0
5.08,6.73,0.0,0.0,0.0
2.38,0.0,0.0,0.0,0.0
2.38,0.0,0.0,0.0,0.0
1.92,0.0,0.0,0.0,0.0
2.37,0.0,0.0,0.0,0.0
1.92,0.0,0.0,0.0,0.0
3.27,0.0,0.0,0.0,0.0
6.43,0.0,0.0,0.0,0.0
6.88,2.41,0.0,0.0,0.0
7.78,2.36,0.0,0.0,0.0
9.13,5.17,0.2,0.0,0.0
10.47,2.04,2.18,0.0,0.0
12.72,1.57,5.31,0.0,0.0
14.07,11.3,11.96,0.0,0.0
13.17,4.87,18.24,0.0,0.0
12.27,15.38,20.69,0.0,0.0
11.37,14.44,19.55,0.0,0.0
11.37,3.45,16.59,0.0,0.0
12.72,4.87,9.92,0.0,0.0
12.72,3.61,7.62,0.0,0.0
11.82,2.51,6.68,0.0,0.0
10.92,1.57,5.78,0.0,0.0
10.02,6.28,5.82,0.0,0.0
9.13,6.59,5.71,0.0,0.0
5.08,6.75,3.36,0.0,0.0
2.38,2.35,2.44,0.0,0.0
2.38,0.0,0.0,0.0,0.0
1.92,0.0,0.0,0.0,0.0
2.37,0.0,0.0,0.0,0.0
1.92,0.0,0.28,0.0,0.0
3.27,0.0,0.01,0.0,0.0
6.43,0.0,0.19,0.0,0.0
6.88,2.39,0.0,0.0,0.0
7.78,2.36,0.32,0.0,0.0
9.13,5.19,4.15,0.0,0.0
10.47,2.05,8.91,0.0,0.0
12.72,1.57,18.26,0.0,0.0
14.07,11.33,21.36,0.0,0.0
13.17,4.88,22.73,0.0,0.0
12.27,15.41,26.03,0.0,0.0
11.37,14.47,24.23,0.0,0.0
11.37,3.46,22.65,0.0,0.0
12.72,4.87,21.69,0.0,0.0
12.72,3.61,16.76,0.0,0.0
11.82,2.52,10.18,0.0,0.0
10.92,1.57,9.41,0.0,0.0
10.02,6.29,9.38,0.0,0.0
9.13,6.6,9.15,0.0,0.0
5.08,6.77,5.3,0.0,0.0
2.38,2.35,3.88,0.0,0.0
2.38,0.0,0.0,0.0,0.0
1.92,0.0,0.0,0.0,0.0
2.37,0.0,0.0,0.0,0.0
1.92,0.0,1.14,0.0,0.0
3.27,0.0,0.43,0.0,0.0
6.43,0.0,1.59,0.0,0.0
6.88,2.4,2.96,0.0,0.0
7.78,2.37,4.6,0.0,0.0
9.13,5.2,13.61,0.0,0.0
10.47,2.05,23.03,0.0,0.0
12.72,1.57,24.44,0.0,0.0
14.07,11.35,29.07,0.0,0.0
13.17,4.89,29.47,0.0,0.0
12.27,15.45,25.69,0.0,0.0
11.37,14.5,22.11,0.0,0.0
11.37,3.47,16.07,0.0,0.0
12.72,4.88,10.51,0.0,0.0
12.72,3.62,9.23,0.0,0.0
11.82,2.52,8.38,0.0,0.0
10.92,1.57,6.67,0.0,0.0
10.02,6.3,6.56,0.0,0.0
9.13,6.61,6.76,0.0,0.0
5.08,6.78,2.23,0.0,0.0
2.38,2.36,1.01,0.0,0.0
2.38,0.0,0.0,0.0,0.0
1.92,0.0,0.0,0.0,0.0
2.37,0.0,0.0,0.0,0.0
1.92,0.0,0.12,0.0,0.0
3.27,0.0,0.1,0.0,0.0
6.43,0.0,0.25,0.0,0.0
6.88,2.43,0.0,0.0,0.0
7.78,2.37,0.0,0.0,0.0
9.13,5.21,0.8,0.0,0.0
10.47,2.05,2.21,0.0,0.0
12.72,1.58,4.53,0.0,0.0
14.07,11.37,5.79,0.0,0.0
13.17,4.9,6.99,0.0,0.0
12.27,15.47,9.87,0.0,0.0
11.37,14.54,11.45,0.0,0.0
11.37,3.48,11.54,0.0,0.0
12.72,4.89,8.11,0.0,0.0
12.72,3.63,6.04,0.0,0.0
11.82,2.53,4.96,0.0,0.0
10.92,1.57,3.66,0.0,0.0
10.02,6.32,3.46,0.0,0.0
9.13,6.63,2.56,0.0,0.0
5.08,6.79,0.04,0.0,0.0
2.38,2.37,0.49,0.0,0.0
2.38,0.0,0.0,0.0,0.0
1.92,0.0,0.0,0.0,0.0
2.37,0.0,0.0,0.0,0.0
1.92,0.0,0.2,0.0,0.0
3.27,0.0,0.0,0.0,0.0
6.41,0.0,0.07,0.0,0.0
6.88,0.0,0.0,0.0,0.0
7.78,2.43,0.0,0.0,0.0
9.13,2.38,0.0,0.0,0.0
10.47,2.37,0.0,0.0,0.0
12.72,1.58,0.29,0.0,0.0
14.07,11.39,2.13,0.0,0.0
13.17,9.49,2.87,0.0,0.0
12.27,15.5,2.6,0.0,0.0
11.37,14.57,2.13,0.0,0.0
11.37,3.95,2.04,0.0,0.0
12.72,3.96,2.02,0.0,0.0
12.72,3.63,1.74,0.0,0.0
11.82,2.53,1.17,0.0,0.0
10.92,1.58,0.78,0.0,0.0
10.02,6.32,0.2,0.0,0.0
9.13,6.65,0.0,0.0,0.0
5.08,6.81,0.0,0.0,0.0
2.38,0.0,0.0,0.0,0.0
2.38,0.0,0.0,0.0,0.0
1.92,0.0,0.0,0.0,0.0
2.37,0.0,0.0,0.0,0.0
1.92,0.0,0.0,0.0,0.0
3.27,0.0,0.0,0.0,0.0
6.41,0.0,0.05,0.0,0.0
6.88,0.0,0.0,0.0,0.0
7.78,2.44,0.0,0.0,0.0
9.13,2.38,0.08,0.0,0.0
10.47,2.38,1.89,0.0,0.0
12.72,1.58,4.93,0.0,0.0
14.07,11.42,7.86,0.0,0.0
13.17,9.52,10.03,0.0,0.0
12.27,15.54,10.39,0.0,0.0
11.37,14.59,9.3,0.0,0.0
11.37,3.97,7.38,0.0,0.0
12.72,3.96,6.29,0.0,0.0
12.72,3.65,5.05,0.0,0.0
11.82,2.53,3.92,0.0,0.0
10.92,1.59,3.32,0.0,0.0
10.02,6.33,2.85,0.0,0.0
9.13,6.66,1.7,0.0,0.0
5.08,6.82,0.0,0.0,0.0
2.38,0.0,0.04,0.0,0.0
2.38,0.0,0.0,0.0,0.0
1.92,0.0,0.0,0.0,0.0
2.37,0.0,0.0,0.0,0.0
1.92,0.0,0.03,0.0,0.0
3.27,0.0,0.0,0.0,0.0
6.43,0.0,0.0,0.0,0.0
6.88,2.44,0.0,0.0,0.0
7.78,2.38,0.0,0.0,0.0
9.13,5.24,4.12,0.0,0.0
10.47,2.06,8.35,0.0,0.0
12.72,1.59,15.09,0.0,0.0
14.07,11.44,21.9,0.0,0.0
13.17,4.92,28.36,0.0,0.0
12.27,15.56,31.85,0.0,0.0
11.37,14.62,28.11,0.0,0.0
11.37,3.5,23.08,0.0,0.0
12.72,4.92,20.9,0.0,0.0
12.72,3.66,15.76,0.0,0.0
11.82,2.54,12.42,0.0,0.0
10.92,1.59,10.44,0.0,0.0
10.02,6.35,10.27,0.0,0.0
9.13,6.67,10.75,0.0,0.0
5.08,6.83,7.34,0.0,0.0
2.38,2.38,5.72,0.0,0.0
2.38,0.0,0.0,0.0,0.0
1.92,0.0,0.0,0.0,0.0
2.37,0.0,0.0,0.0,0.0
1.92,0.0,1.6,0.0,0.0
3.27,0.0,4.56,0.0,0.0
6.43,0.0,6.81,0.0,0.0
6.88,2.44,6.1,0.0,0.0
7.78,2.38,5.83,0.0,0.0
9.13,5.25,17.61,0.0,0.0
10.47,2.07,26.06,0.0,0.0
12.72,1.59,29.46,0.0,0.0
14.07,11.46,37.23,0.0,0.0
13.17,4.93,42.61,0.0,0.0
12.27,15.6,41.59,0.0,0.0
11.37,14.64,35.03,0.0,0.0
11.37,3.5,29.4,0.0,0.0
12.72,4.93,18.96,0.0,0.0
12.72,3.66,10.01,0.0,0.0
11.82,2.55,8.76,0.0,0.0
10.92,1.59,5.19,0.0,0.0
10.02,6.37,2.9,0.0,0.0
9.13,6.68,1.45,0.0,0.0
5.08,6.85,0.0,0.0,0.0
2.38,2.39,0.03,0.0,0.0
2.38,0.0,0.0,0.0,0.0
1.92,0.0,0.0,0.0,0.0
2.37,0.0,0.0,0.0,0.0
1.92,0.0,0.0,0.0,0.0
3.27,0.0,0.0,0.0,0.0
6.43,0.0,0.0,0.0,0.0
6.88,2.45,0.0,0.0,0.0
7.78,2.39,0.0,0.0,0.0
9.13,5.26,0.0,0.0,0.0
10.47,2.07,0.0,0.0,0.0
12.72,1.59,0.0,0.0,0.0
14.07,11.48,0.0,0.0,0.0
13.17,4.94,0.0,0.0,0.0
12.27,15.63,0.0,0.0,0.0
11.37,14.67,0.0,0.0,0.0
11.37,3.51,0.0,0.0,0.0
12.72,4.94,0.0,0.0,0.0
12.72,3.67,0.0,0.0,0.0
11.82,2.55,0.0,0.0,0.0
10.92,1.59,0.0,0.0,0.0
10.02,6.38,0.0,0.0,0.0
9.13,6.69,0.0,0.0,0.0
5.08,6.85,0.0,0.0,0.0
2.38,2.39,0.0,0.0,0.0
2.38,0.0,0.0,0.0,0.0
1.92,0.0,0.0,0.0,0.0
2.37,0.0,0.0,0.0,0.0
1.92,0.0,0.0,0.0,0.0
3.27,0.0,0.0,0.0,0.0
6.43,0.0,0.0,0.0,0.0
6.88,2.44,0.0,0.0,0.0
7.78,2.39,0.0,0.0,0.0
9.13,5.27,0.0,0.0,0.0
10.47,2.08,0.0,0.0,0.0
12.72,1.59,0.0,0.0,0.0
14.07,11.5,0.0,0.0,0.0
13.17,4.95,0.0,0.0,0.0
12.27,15.66,0.0,0.0,0.0
11.37,14.69,0.0,0.0,0.0
11.37,3.52,0.0,0.0,0.0
12.72,4.95,0.0,0.0,0.0
12.72,3.68,0.0,0.0,0.0
11.82,2.55,0.0,0.0,0.0
10.92,1.6,0.0,0.0,0.0
10.02,6.39,0.0,0.0,0.0
9.13,6.71,0.0,0.0,0.0
5.08,6.87,0.0,0.0,0.0
2.38,2.4,0.0,0.0,0.0
2.38,0.0,0.0,0.0,0.0
1.92,0.0,0.0,0.0,0.0
2.37,0.0,0.0,0.0,0.0
1.92,0.0,0.0,0.0,0.0
3.27,0.0,0.0,0.0,0.0
6.43,0.0,0.0,0.0,0.0
6.88,2.44,0.0,0.0,0.0
7.78,2.4,0.0,0.0,0.0
9.13,5.28,0.0,0.0,0.0
10.47,2.08,0.0,0.0,0.0
12.72,1.6,0.0,0.0,0.0
14.07,11.52,0.0,0.0,0.0
13.17,4.96,0.0,0.0,0.0
12.27,15.68,0.0,0.0,0.0
11.37,14.73,0.0,0.0,0.0
11.37,3.52,0.0,0.0,0.0
12.72,4.95,0.0,0.0,0.0
12.72,3.68,0.0,0.0,0.0
11.82,2.56,0.0,0.0,0.0
10.92,1.6,0.0,0.0,0.0
10.02,6.4,0.0,0.0,0.0
9.13,6.72,0.0,0.0,0.0
5.08,6.88,0.0,0.0,0.0
2.38,2.4,0.0,0.0,0.0
2.38,0.0,0.0,0.0,0.0
1.92,0.0,0.0,0.0,0.0
2.37,0.0,0.0,0.0,0.0
1.92,0.0,0.0,0.0,0.0
3.27,0.0,0.0,0.0,0.0
6.41,0.0,0.0,0.0,0.0
6.88,0.0,0.0,0.0,0.0
7.78,2.45,0.0,0.0,0.0
9.13,2.4,0.0,0.0,0.0
10.47,2.41,0.0,0.0,0.0
12.72,1.6,0.0,0.0,0.0
14.07,11.54,0.0,0.0,0.0
13.17,9.62,0.0,0.0,0.0
12.27,15.71,0.0,0.0,0.0
11.37,14.76,0.0,0.0,0.0
11.37,4.01,0.0,0.0,0.0
12.72,4.01,0.0,0.0,0.0
12.72,3.68,0.0,0.0,0.0
11.82,2.57,0.0,0.0,0.0
10.92,1.6,0.0,0.0,0.0
10.02,6.41,0.0,0.0,0.0
9.13,6.73,0.0,0.0,0.0
5.08,6.89,0.0,0.0,0.0
2.38,0.0,0.0,0.0,0.0
2.38,0.0,0.0,0.0,0.0
1.92,0.0,0.0,0.0,0.0
2.37,0.0,0.0,0.0,0.0
1.92,0.0,0.0,0.0,0.0
3.27,0.0,0.0,0.0,0.0
6.41,0.0,0.0,0.0,0.0
6.88,0.0,0.0,0.0,0.0
7.78,2.47,0.0,0.0,0.0
9.13,2.41,0.0,0.0,0.0
10.47,2.41,0.0,0.0,0.0
12.72,1.6,0.0,0.0,0.0
14.07,11.56,0.79,0.0,0.0
13.17,9.63,1.89,0.0,0.0
12.27,15.75,2.15,0.0,0.0
11.37,14.78,2.25,0.0,0.0
11.37,4.02,1.85,0.0,0.0
12.72,4.01,0.71,0.0,0.0
12.72,3.7,0.0,0.0,0.0
11.82,2.56,0.0,0.0,0.0
10.92,1.61,0.0,0.0,0.0
10.02,6.42,0.0,0.0,0.0
9.13,6.75,0.0,0.0,0.0
5.08,6.91,0.0,0.0,0.0
2.38,0.0,0.0,0.0,0.0
2.38,0.0,0.0,0.0,0.0
1.92,0.0,0.0,0.0,0.0
2.37,0.0,0.0,0.0,0.0
1.92,0.0,0.0,0.0,0.0
3.27,0.0,0.0,0.0,0.0
6.43,0.0,0.0,0.0,0.0
6.88,2.46,0.0,0.0,0.0
7.78,2.41,0.0,0.0,0.0
9.13,5.31,0.0,0.0,0.0
10.47,2.09,0.0,0.0,0.0
12.72,1.6,0.34,0.0,0.0
14.07,11.59,3.04,0.0,0.0
13.17,4.99,4.29,0.0,0.0
12.27,15.76,4.83,0.0,0.0
11.37,14.8,4.94,0.0,0.0
11.37,3.54,4.66,0.0,0.0
12.72,4.98,3.8,0.0,0.0
12.72,3.7,2.53,0.0,0.0
11.82,2.57,1.34,0.0,0.0
10.92,1.61,0.37,0.0,0.0
10.02,6.43,0.0,0.0,0.0
9.13,6.76,0.0,0.0,0.0
5.08,6.92,0.0,0.0,0.0
2.38,2.41,0.0,0.0,0.0
2.38,0.0,0.0,0.0,0.0
1.92,0.0,0.0,0.0,0.0
2.37,0.0,0.0,0.0,0.0
1.92,0.0,0.0,0.0,0.0
3.27,0.0,0.01,0.0,0.0
6.43,0.0,0.0,0.0,0.0
6.88,2.45,0.0,0.0,0.0
7.78,2.42,0.0,0.0,0.0
9.13,5.32,0.0,0.0,0.0
10.47,2.1,0.0,0.0,0.0
12.72,1.61,0.06,0.0,0.0
14.07,11.6,1.59,0.0,0.0
13.17,5.0,2.34,0.0,0.0
12.27,15.79,2.44,0.0,0.0
11.37,14.83,2.48,0.0,0.0
11.37,3.55,2.38,0.0,0.0
12.72,4.99,1.61,0.0,0.0
12.72,3.71,0.41,0.0,0.0
11.82,2.58,0.0,0.0,0.0
10.92,1.61,0.0,0.0,0.0
10.02,6.44,0.0,0.0,0.0
9.13,6.77,0.0,0.0,0.0
5.08,6.93,0.0,0.0,0.0
2.38,2.41,0.0,0.0,0.0
2.38,0.0,0.0,0.0,0.0
1.92,0.0,0.0,0.0,0.0
2.37,0.0,0.0,0.0,0.0
1.92,0.0,0.0,0.0,0.0
3.27,0.0,0.0,0.0,0.0
6.43,0.0,0.0,0.0,0.0
6.88,2.46,0.0,0.0,0.0
7.78,2.42,0.0,0.0,0.0
9.13,5.32,0.0,0.0,0.0
10.47,2.1,0.0,0.0,0.0
12.72,1.62,0.0,0.0,0.0
14.07,11.62,0.68,0.0,0.0
13.17,5.0,1.8,0.0,0.0
12.27,15.82,2.21,0.0,0.0
11.37,14.86,2.37,0.0,0.0
11.37,3.55,2.22,0.0,0.0
12.72,5.0,1.36,0.0,0.0
12.72,3.72,0.5,0.0,0.0
11.82,2.58,0.02,0.0,0.0
10.92,1.61,0.0,0.0,0.0
10.02,6.45,0.0,0.0,0.0
9.13,6.78,0.0,0.0,0.0
5.08,6.94,0.0,0.0,0.0
2.38,2.42,0.0,0.0,0.0
2.38,0.0,0.0,0.0,0.0
1.92,0.0,0.0,0.0,0.0
2.37,0.0,0.0,0.0,0.0
1.92,0.0,0.0,0.0,0.0
3.27,0.0,0.0,0.0,0.0
6.43,0.0,0.0,0.0,0.0
6.88,2.46,0.0,0.0,0.0
7.78,2.43,0.0,0.0,0.0
9.13,5.33,0.0,0.0,0.0
10.47,2.1,0.0,0.0,0.0
12.72,1.62,0.79,0.0,0.0
14.07,11.64,3.68,0.0,0.0
13.17,5.01,3.88,0.0,0.0
12.27,15.85,3.62,0.0,0.0
11.37,14.88,3.38,0.0,0.0
11.37,3.55,2.95,0.0,0.0
12.72,5.02,2.56,0.0,0.0
12.72,3.71,1.96,0.0,0.0
11.82,2.59,0.8,0.0,0.0
10.92,1.61,0.38,0.0,0.0
10.02,6.47,0.31,0.0,0.0
9.13,6.79,0.0,0.0,0.0
5.08,6.95,0.0,0.0,0.0
2.38,2.43,0.0,0.0,0.0
2.38,0.0,0.0,0.0,0.0
1.92,0.0,0.0,0.0,0.0
2.37,0.0,0.0,0.0,0.0
1.92,0.0,0.0,0.0,0.0
3.27,0.0,0.0,0.0,0.0
6.43,0.0,0.0,0.0,0.0
6.88,2.48,0.0,0.0,0.0
7.78,2.42,0.0,0.0,0.0
9.13,5.35,0.0,0.0,0.0
10.47,2.11,0.0,0.0,0.0
12.72,1.61,0.0,0.0,0.0
14.07,11.66,0.0,0.0,0.0
13.17,5.02,0.0,0.0,0.0
12.27,15.87,0.0,0.0,0.0
11.37,14.9,0.0,0.0,0.0
11.37,3.57,0.0,0.0,0.0
12.72,5.01,0.0,0.0,0.0
12.72,3.73,0.0,0.0,0.0
11.82,2.58,0.0,0.0,0.0
10.92,1.62,0.0,0.0,0.0
10.02,6.47,0.0,0.0,0.0
9.13,6.81,0.0,0.0,0.0
5.08,6.96,0.0,0.0,0.0
2.38,2.42,0.0,0.0,0.0
2.38,0.0,0.0,0.0,0.0
1.92,0.0,0.0,0.0,0.0
2.37,0.0,0.0,0.0,0.0
1.92,0.0,0.0,0.0,0.0
3.27,0.0,0.0,0.0,0.0
6.41,0.0,0.0,0.0,0.0
6.88,0.0,0.0,0.0,0.0
7.78,2.49,0.0,0.0,0.0
9.13,2.43,0.0,0.0,0.0
10.47,2.43,0.0,0.0,0.0
12.72,1.62,0.0,0.0,0.0
14.07,11.68,0.0,0.0,0.0
13.17,9.74,0.0,0.0,0.0
12.27,15.89,0.27,0.0,0.0
11.37,14.92,0.34,0.0,0.0
11.37,4.05,0.03,0.0,0.0
12.72,4.06,0.0,0.0,0.0
12.72,3.73,0.0,0.0,0.0
11.82,2.6,0.0,0.0,0.0
10.92,1.62,0.0,0.0,0.0
10.02,6.49,0.81,0.0,0.0
9.13,6.81,0.64,0.0,0.0
5.08,6.97,0.0,0.0,0.0
2.38,0.0,0.01,0.0,0.0
2.38,0.0,0.0,0.0,0.0
1.92,0.0,0.0,0.0,0.0
2.37,0.0,0.0,0.0,0.0
1.92,0.0,0.24,0.0,0.0
3.27,0.0,0.11,0.0,0.0
6.41,0.0,1.25,0.0,0.0
6.88,0.0,2.28,0.0,0.0
7.78,2.5,3.27,0.0,0.0
9.13,2.44,4.16,0.0,0.0
10.47,2.44,5.18,0.0,0.0
12.72,1.62,6.97,0.0,0.0
14.07,11.7,9.51,0.0,0.0
13.17,9.74,10.24,0.0,0.0
12.27,15.93,10.25,0.0,0.0
11.37,14.96,10.25,0.0,0.0
11.37,4.06,10.25,0.0,0.0
12.72,4.06,10.11,0.0,0.0
12.72,3.74,10.05,0.0,0.0
11.82,2.59,9.12,0.0,0.0
10.92,1.63,8.71,0.0,0.0
10.02,6.49,8.4,0.0,0.0
9.13,6.82,7.2,0.0,0.0
5.08,6.99,2.89,0.0,0.0
2.38,0.0,1.49,0.0,0.0
2.38,0.0,0.0,0.0,0.0
1.92,0.0,0.0,0.0,0.0
2.37,0.0,0.0,0.0,0.0
1.92,0.0,0.67,0.0,0.0
3.27,0.0,0.17,0.0,0.0
6.43,0.0,0.32,0.0,0.0
6.88,2.48,0.05,0.0,0.0
7.78,2.44,0.39,0.0,0.0
9.13,5.37,3.38,0.0,0.0
10.47,2.11,3.45,0.0,0.0
12.72,1.63,5.03,0.0,0.0
14.07,11.71,8.49,0.0,0.0
13.17,5.04,9.61,0.0,0.0
12.27,15.94,10.15,0.0,0.0
11.37,14.98,10.7,0.0,0.0
11.37,3.58,10.47,0.0,0.0
12.72,5.04,8.74,0.0,0.0
12.72,3.75,7.06,0.0,0.0
11.82,2.6,6.13,0.0,0.0
10.92,1.63,5.76,0.0,0.0
10.02,6.5,6.31,0.0,0.0
9.13,6.84,6.99,0.0,0.0
5.08,7.0,3.0,0.0,0.0
2.38,2.44,1.82,0.0,0.0
2.38,0.0,0.0,0.0,0.0
1.92,0.0,0.0,0.0,0.0
2.37,0.0,0.0,0.0,0.0
1.92,0.0,0.36,0.0,0.0
3.27,0.0,1.7,0.0,0.0
6.43,0.0,3.29,0.0,0.0
6.88,2.5,2.83,0.0,0.0
7.78,2.44,1.07,0.0,0.0
9.13,5.37,3.68,0.0,0.0
10.47,2.12,3.69,0.0,0.0
12.72,1.63,5.07,0.0,0.0
14.07,11.73,7.63,0.0,0.0
13.17,5.05,11.43,0.0,0.0
12.27,15.97,22.03,0.0,0.0
11.37,14.99,22.17,0.0,0.0
11.37,3.59,19.65,0.0,0.0
12.72,5.05,22.48,0.0,0.0
12.72,3.75,24.09,0.0,0.0
11.82,2.6,19.23,0.0,0.0
10.92,1.63,15.92,0.0,0.0
10.02,6.51,15.05,0.0,0.0
9.13,6.85,13.52,0.0,0.0
5.08,7.01,8.42,0.0,0.0
2.38,2.44,5.03,0.0,0.0
2.38,0.0,0.0,0.0,0.0
1.92,0.0,0.0,0.0,0.0
2.37,0.0,0.0,0.0,0.0
1.92,0.0,2.08,0.0,0.0
3.27,0.0,2.0,0.0,0.0
6.43,0.0,4.51,0.0,0.0
6.88,2.5,7.7,0.0,0.0
7.78,2.45,15.07,0.0,0.0
9.13,5.38,20.41,0.0,0.0
10.47,2.12,16.28,0.0,0.0
12.72,1.63,11.66,0.0,0.0
14.07,11.75,19.16,0.0,0.0
13.17,5.06,29.21,0.0,0.0
12.27,16.0,30.4,0.0,0.0
11.37,15.01,25.86,0.0,0.0
11.37,3.59,21.79,0.0,0.0
12.72,5.05,18.36,0.0,0.0
12.72,3.76,9.57,0.0,0.0
11.82,2.61,7.41,0.0,0.0
10.92,1.63,6.62,0.0,0.0
10.02,6.52,5.6,0.0,0.0
9.13,6.86,5.81,0.0,0.0
5.08,7.02,1.82,0.0,0.0
2.38,2.44,0.9,0.0,0.0
2.38,0.0,0.0,0.0,0.0
1.92,0.0,0.0,0.0,0.0
2.37,0.0,0.0,0.0,0.0
1.92,0.0,0.03,0.0,0.0
3.27,0.0,0.01,0.0,0.0
6.43,0.0,0.01,0.0,0.0
6.88,2.51,0.0,0.0,0.0
7.78,2.45,0.0,0.0,0.0
9.13,5.39,0.54,0.0,0.0
10.47,2.12,3.62,0.0,0.0
12.72,1.63,6.88,0.0,0.0
14.07,11.76,14.35,0.0,0.0
13.17,5.07,21.18,0.0,0.0
12.27,16.02,22.22,0.0,0.0
11.37,15.03,19.44,0.0,0.0
11.37,3.6,11.69,0.0,0.0
12.72,5.06,9.69,0.0,0.0
12.72,3.76,9.81,0.0,0.0
11.82,2.61,10.41,0.0,0.0
10.92,1.64,10.97,0.0,0.0
10.02,6.53,10.84,0.0,0.0
9.13,6.86,11.18,0.0,0.0
5.08,7.03,7.98,0.0,0.0
2.38,2.45,5.49,0.0,0.0
2.38,0.0,0.0,0.0,0.0
1.92,0.0,0.0,0.0,0.0
2.37,0.0,0.0,0.0,0.0
1.92,0.0,1.03,0.0,0.0
3.27,0.0,3.96,0.0,0.0
6.43,0.0,6.29,0.0,0.0
6.88,2.51,5.21,0.0,0.0
7.78,2.45,3.67,0.0,0.0
9.13,5.4,7.7,0.0,0.0
10.47,2.13,9.86,0.0,0.0
12.72,1.63,22.82,0.0,0.0
14.07,11.78,32.61,0.0,0.0
13.17,5.07,38.71,0.0,0.0
12.27,16.03,38.06,0.0,0.0
11.37,15.05,33.41,0.0,0.0
11.37,3.6,29.43,0.0,0.0
12.72,5.07,28.2,0.0,0.0
12.72,3.77,28.36,0.0,0.0
11.82,2.61,29.43,0.0,0.0
10.92,1.64,23.81,0.0,0.0
10.02,6.54,13.18,0.0,0.0
9.13,6.87,12.67,0.0,0.0
5.08,7.04,8.77,0.0,0.0
2.38,2.45,6.56,0.0,0.0
2.38,0.0,0.0,0.0,0.0
1.92,0.0,0.0,0.0,0.0
2.37,0.0,0.0,0.0,0.0
1.92,0.0,1.79,0.0,0.0
3.27,0.0,1.3,0.0,0.0
6.41,0.0,3.16,0.0,0.0
6.88,0.0,4.67,0.0,0.0
7.78,2.52,5.34,0.0,0.0
9.13,2.46,4.61,0.0,0.0
10.47,2.45,4.69,0.0,0.0
12.72,1.64,6.33,0.0,0.0
14.07,11.8,6.25,0.0,0.0
13.17,9.83,5.29,0.0,0.0
12.27,16.05,5.02,0.0,0.0
11.37,15.07,4.4,0.0,0.0
11.37,4.09,3.69,0.0,0.0
12.72,4.1,2.68,0.0,0.0
12.72,3.76,1.63,0.0,0.0
11.82,2.62,0.9,0.0,0.0
10.92,1.63,0.19,0.0,0.0
10.02,6.55,0.0,0.0,0.0
9.13,6.88,0.0,0.0,0.0
5.08,7.04,0.0,0.0,0.0
2.38,0.0,0.0,0.0,0.0
2.38,0.0,0.0,0.0,0.0
1.92,0.0,0.0,0.0,0.0
2.37,0.0,0.0,0.0,0.0
1.92,0.0,0.0,0.0,0.0
3.27,0.0,0.0,0.0,0.0
6.41,0.0,0.0,0.0,0.0
6.88,0.0,0.0,0.0,0.0
7.78,2.52,0.0,0.0,0.0
9.13,2.46,0.0,0.0,0.0
10.47,2.45,0.0,0.0,0.0
12.72,1.65,0.0,0.0,0.0
14.07,11.81,1.95,0.0,0.0
13.17,9.85,3.17,0.0,0.0
12.27,16.07,3.41,0.0,0.0
11.37,15.1,3.8,0.0,0.0
11.37,4.1,3.97,0.0,0.0
12.72,4.1,3.6,0.0,0.0
12.72,3.77,2.84,0.0,0.0
11.82,2.63,1.52,0.0,0.0
10.92,1.63,0.7,0.0,0.0
10.02,6.56,0.26,0.0,0.0
9.13,6.89,0.0,0.0,0.0
5.08,7.05,0.0,0.0,0.0
2.38,0.0,0.0,0.0,0.0
2.38,0.0,0.0,0.0,0.0
1.92,0.0,0.0,0.0,0.0
2.37,0.0,0.0,0.0,0.0
1.92,0.0,0.0,0.0,0.0
3.27,0.0,0.0,0.0,0.0
6.41,0.0,0.0,0.0,0.0
6.88,0.0,0.0,0.0,0.0
7.78,2.52,0.0,0.0,0.0
9.13,2.46,0.0,0.0,0.0
10.47,2.46,0.0,0.0,0.0
12.72,1.65,0.0,0.0,0.0
14.07,11.82,0.0,0.0,0.0
13.17,9.85,0.0,0.0,0.0
12.27,16.09,0.0,0.0,0.0
11.37,15.12,0.0,0.0,0.0
11.37,4.1,0.0,0.0,0.0
12.72,4.11,0.0,0.0,0.0
12.72,3.78,0.0,0.0,0.0
11.82,2.63,0.0,0.0,0.0
10.92,1.64,0.0,0.0,0.0
10.02,6.57,0.0,0.0,0.0
9.13,6.9,0.0,0.0,0.0
5.08,7.06,0.0,0.0,0.0
2.38,0.0,0.0,0.0,0.0
2.38,0.0,0.0,0.0,0.0
1.92,0.0,0.0,0.0,0.0
2.37,0.0,0.0,0.0,0.0
1.92,0.0,0.0,0.0,0.0
3.27,0.0,0.0,0.0,0.0
6.43,0.0,0.0,0.0,0.0
6.88,2.51,0.0,0.0,0.0
7.78,2.47,0.0,0.0,0.0
9.13,5.42,0.0,0.0,0.0
10.47,2.14,0.0,0.0,0.0
12.72,1.65,0.0,0.0,0.0
14.07,11.84,0.0,0.0,0.0
13.17,5.09,0.0,0.0,0.0
12.27,16.12,0.0,0.0,0.0
11.37,15.13,0.62,0.0,0.0
11.37,3.62,0.55,0.0,0.0
12.72,5.1,0.36,0.0,0.0
12.72,3.78,0.45,0.0,0.0
11.82,2.63,0.07,0.0,0.0
10.92,1.64,0.0,0.0,0.0
10.02,6.57,0.0,0.0,0.0
9.13,6.91,0.0,0.0,0.0
5.08,7.07,0.0,0.0,0.0
2.38,2.47,0.0,0.0,0.0
2.38,0.0,0.0,0.0,0.0
1.92,0.0,0.0,0.0,0.0
2.37,0.0,0.0,0.0,0.0
1.92,0.0,0.0,0.0,0.0
3.27,0.0,0.0,0.0,0.0
6.43,0.0,0.0,0.0,0.0
6.88,2.52,0.0,0.0,0.0
7.78,2.46,0.0,0.0,0.0
9.13,5.43,0.0,0.0,0.0
10.47,2.14,0.0,0.0,0.0
12.72,1.65,0.0,0.0,0.0
14.07,11.86,0.0,0.0,0.0
13.17,5.1,0.0,0.0,0.0
12.27,16.13,0.0,0.0,0.0
11.37,15.15,0.0,0.0,0.0
11.37,3.63,0.0,0.0,0.0
12.72,5.1,0.0,0.0,0.0
12.72,3.79,0.0,0.0,0.0
11.82,2.63,0.0,0.0,0.0
10.92,1.65,0.0,0.0,0.0
10.02,6.58,0.0,0.0,0.0
9.13,6.91,0.0,0.0,0.0
5.08,7.08,0.0,0.0,0.0
2.38,2.47,0.0,0.0,0.0
2.38,0.0,0.0,0.0,0.0
1.92,0.0,0.0,0.0,0.0
2.37,0.0,0.0,0.0,0.0
1.92,0.0,0.0,0.0,0.0
3.27,0.0,0.0,0.0,0.0
6.43,0.0,0.0,0.0,0.0
6.88,2.52,0.0,0.0,0.0
7.78,2.47,0.0,0.0,0.0
9.13,5.43,0.0,0.0,0.0
10.47,2.14,0.0,0.0,0.0
12.72,1.65,0.0,0.0,0.0
14.07,11.87,0.0,0.0,0.0
13.17,5.11,0.0,0.0,0.0
12.27,16.16,0.0,0.0,0.0
11.37,15.16,0.0,0.0,0.0
11.37,3.63,0.0,0.0,0.0
12.72,5.1,0.0,0.0,0.0
12.72,3.79,0.0,0.0,0.0
11.82,2.63,0.0,0.0,0.0
10.92,1.65,0.0,0.0,0.0
10.02,6.59,0.0,0.0,0.0
9.13,6.92,0.0,0.0,0.0
5.08,7.09,0.0,0.0,0.0
2.38,2.48,0.0,0.0,0.0
2.38,0.0,0.0,0.0,0.0
1.92,0.0,0.0,0.0,0.0
2.37,0.0,0.0,0.0,0.0
1.92,0.0,0.0,0.0,0.0
3.27,0.0,0.0,0.0,0.0
6.43,0.0,0.0,0.0,0.0
6.88,2.52,0.0,0.0,0.0
7.78,2.47,0.0,0.0,0.0
9.13,5.45,0.0,0.0,0.0
10.47,2.14,0.0,0.0,0.0
12.72,1.66,0.0,0.0,0.0
14.07,11.88,0.0,0.0,0.0
13.17,5.11,0.0,0.0,0.0
12.27,16.18,0.0,0.0,0.0
11.37,15.19,0.0,0.0,0.0
11.37,3.63,0.0,0.0,0.0
12.72,5.12,0.0,0.0,0.0
12.72,3.79,0.0,0.0,0.0
11.82,2.64,0.0,0.0,0.0
10.92,1.64,0.0,0.0,0.0
10.02,6.6,0.0,0.0,0.0
9.13,6.93,0.0,0.0,0.0
5.08,7.1,0.0,0.0,0.0
2.38,2.47,0.0,0.0,0.0
2.38,0.0,0.0,0.0,0.0
1.92,0.0,0.0,0.0,0.0
2.37,0.0,0.0,0.0,0.0
1.92,0.0,0.0,0.0,0.0
3.27,0.0,0.0,0.0,0.0
6.41,0.0,0.0,0.0,0.0
6.88,0.0,0.0,0.0,0.0
7.78,2.54,0.0,0.0,0.0
9.13,2.48,0.0,0.0,0.0
10.47,2.47,0.0,0.0,0.0
12.72,1.65,0.16,0.0,0.0
14.07,11.89,2.59,0.0,0.0
13.17,9.92,3.27,0.0,0.0
12.27,16.19,3.74,0.0,0.0
11.37,15.2,3.9,0.0,0.0
11.37,4.13,3.39,0.0,0.0
12.72,4.13,2.75,0.0,0.0
12.72,3.8,2.22,0.0,0.0
11.82,2.64,1.47,0.0,0.0
10.92,1.65,1.31,0.0,0.0
10.02,6.6,1.38,0.0,0.0
9.13,6.94,0.46,0.0,0.0
5.08,7.1,0.0,0.0,0.0
2.38,0.0,0.0,0.0,0.0
2.38,0.0,0.0,0.0,0.0
1.92,0.0,0.0,0.0,0.0
2.37,0.0,0.0,0.0,0.0
1.92,0.0,0.0,0.0,0.0
3.27,0.0,0.0,0.0,0.0
6.41,0.0,0.0,0.0,0.0
6.88,0.0,0.0,0.0,0.0
7.78,2.53,0.0,0.0,0.0
9.13,2.47,0.0,0.0,0.0
10.47,2.48,0.0,0.0,0.0
12.72,1.65,0.0,0.0,0.0
14.07,11.91,0.0,0.0,0.0
13.17,9.92,0.0,0.0,0.0
12.27,16.22,0.0,0.0,0.0
11.37,15.22,0.0,0.0,0.0
11.37,4.13,0.0,0.0,0.0
12.72,4.13,0.0,0.0,0.0
12.72,3.8,0.0,0.0,0.0
11.82,2.65,0.0,0.0,0.0
10.92,1.65,0.0,0.0,0.0
10.02,6.62,0.0,0.0,0.0
9.13,6.94,0.0,0.0,0.0
5.08,7.11,0.0,0.0,0.0
2.38,0.0,0.0,0.0,0.0
